time_elapsed,pos_x,pos_y,pos_z,vel_x,vel_y,vel_z,cmd_vel_x,cmd_vel_y,cmd_vel_z,cmd_vel_unfiltered_x,cmd_vel_unfiltered_y,cmd_vel_unfiltered_z,desired_vel_x,desired_vel_y,desired_vel_z,obs_1_pos_x,obs_1_pos_y,obs_1_pos_z,obs_1_vel_x,obs_1_vel_y,obs_1_vel_z,obs_2_pos_x,obs_2_pos_y,obs_2_pos_z,obs_2_vel_x,obs_2_vel_y,obs_2_vel_z,obs_3_pos_x,obs_3_pos_y,obs_3_pos_z,obs_3_vel_x,obs_3_vel_y,obs_3_vel_z,obs_4_pos_x,obs_4_pos_y,obs_4_pos_z,obs_4_vel_x,obs_4_vel_y,obs_4_vel_z,obs_5_pos_x,obs_5_pos_y,obs_5_pos_z,obs_5_vel_x,obs_5_vel_y,obs_5_vel_z,obs_6_pos_x,obs_6_pos_y,obs_6_pos_z,obs_6_vel_x,obs_6_vel_y,obs_6_vel_z,obs_7_pos_x,obs_7_pos_y,obs_7_pos_z,obs_7_vel_x,obs_7_vel_y,obs_7_vel_z,obs_8_pos_x,obs_8_pos_y,obs_8_pos_z,obs_8_vel_x,obs_8_vel_y,obs_8_vel_z,obs_9_pos_x,obs_9_pos_y,obs_9_pos_z,obs_9_vel_x,obs_9_vel_y,obs_9_vel_z,obs_10_pos_x,obs_10_pos_y,obs_10_pos_z,obs_10_vel_x,obs_10_vel_y,obs_10_vel_z,obs_11_pos_x,obs_11_pos_y,obs_11_pos_z,obs_11_vel_x,obs_11_vel_y,obs_11_vel_z,obs_12_pos_x,obs_12_pos_y,obs_12_pos_z,obs_12_vel_x,obs_12_vel_y,obs_12_vel_z,obs_13_pos_x,obs_13_pos_y,obs_13_pos_z,obs_13_vel_x,obs_13_vel_y,obs_13_vel_z,obs_14_pos_x,obs_14_pos_y,obs_14_pos_z,obs_14_vel_x,obs_14_vel_y,obs_14_vel_z,obs_15_pos_x,obs_15_pos_y,obs_15_pos_z,obs_15_vel_x,obs_15_vel_y,obs_15_vel_z,obs_16_pos_x,obs_16_pos_y,obs_16_pos_z,obs_16_vel_x,obs_16_vel_y,obs_16_vel_z,obs_17_pos_x,obs_17_pos_y,obs_17_pos_z,obs_17_vel_x,obs_17_vel_y,obs_17_vel_z,obs_18_pos_x,obs_18_pos_y,obs_18_pos_z,obs_18_vel_x,obs_18_vel_y,obs_18_vel_z,obs_19_pos_x,obs_19_pos_y,obs_19_pos_z,obs_19_vel_x,obs_19_vel_y,obs_19_vel_z,obs_20_pos_x,obs_20_pos_y,obs_20_pos_z,obs_20_vel_x,obs_20_vel_y,obs_20_vel_z,obs_21_pos_x,obs_21_pos_y,obs_21_pos_z,obs_21_vel_x,obs_21_vel_y,obs_21_vel_z,obs_22_pos_x,obs_22_pos_y,obs_22_pos_z,obs_22_vel_x,obs_22_vel_y,obs_22_vel_z,obs_23_pos_x,obs_23_pos_y,obs_23_pos_z,obs_23_vel_x,obs_23_vel_y,obs_23_vel_z,obs_24_pos_x,obs_24_pos_y,obs_24_pos_z,obs_24_vel_x,obs_24_vel_y,obs_24_vel_z,obs_25_pos_x,obs_25_pos_y,obs_25_pos_z,obs_25_vel_x,obs_25_vel_y,obs_25_vel_z,obs_26_pos_x,obs_26_pos_y,obs_26_pos_z,obs_26_vel_x,obs_26_vel_y,obs_26_vel_z,obs_27_pos_x,obs_27_pos_y,obs_27_pos_z,obs_27_vel_x,obs_27_vel_y,obs_27_vel_z,obs_28_pos_x,obs_28_pos_y,obs_28_pos_z,obs_28_vel_x,obs_28_vel_y,obs_28_vel_z,obs_29_pos_x,obs_29_pos_y,obs_29_pos_z,obs_29_vel_x,obs_29_vel_y,obs_29_vel_z,obs_30_pos_x,obs_30_pos_y,obs_30_pos_z,obs_30_vel_x,obs_30_vel_y,obs_30_vel_z,obs_31_pos_x,obs_31_pos_y,obs_31_pos_z,obs_31_vel_x,obs_31_vel_y,obs_31_vel_z,obs_32_pos_x,obs_32_pos_y,obs_32_pos_z,obs_32_vel_x,obs_32_vel_y,obs_32_vel_z,obs_33_pos_x,obs_33_pos_y,obs_33_pos_z,obs_33_vel_x,obs_33_vel_y,obs_33_vel_z,obs_34_pos_x,obs_34_pos_y,obs_34_pos_z,obs_34_vel_x,obs_34_vel_y,obs_34_vel_z,obs_35_pos_x,obs_35_pos_y,obs_35_pos_z,obs_35_vel_x,obs_35_vel_y,obs_35_vel_z,obs_36_pos_x,obs_36_pos_y,obs_36_pos_z,obs_36_vel_x,obs_36_vel_y,obs_36_vel_z,obs_37_pos_x,obs_37_pos_y,obs_37_pos_z,obs_37_vel_x,obs_37_vel_y,obs_37_vel_z,obs_38_pos_x,obs_38_pos_y,obs_38_pos_z,obs_38_vel_x,obs_38_vel_y,obs_38_vel_z,obs_39_pos_x,obs_39_pos_y,obs_39_pos_z,obs_39_vel_x,obs_39_vel_y,obs_39_vel_z,obs_40_pos_x,obs_40_pos_y,obs_40_pos_z,obs_40_vel_x,obs_40_vel_y,obs_40_vel_z,obs_41_pos_x,obs_41_pos_y,obs_41_pos_z,obs_41_vel_x,obs_41_vel_y,obs_41_vel_z,obs_42_pos_x,obs_42_pos_y,obs_42_pos_z,obs_42_vel_x,obs_42_vel_y,obs_42_vel_z,obs_43_pos_x,obs_43_pos_y,obs_43_pos_z,obs_43_vel_x,obs_43_vel_y,obs_43_vel_z,obs_44_pos_x,obs_44_pos_y,obs_44_pos_z,obs_44_vel_x,obs_44_vel_y,obs_44_vel_z,obs_45_pos_x,obs_45_pos_y,obs_45_pos_z,obs_45_vel_x,obs_45_vel_y,obs_45_vel_z,obs_46_pos_x,obs_46_pos_y,obs_46_pos_z,obs_46_vel_x,obs_46_vel_y,obs_46_vel_z,obs_47_pos_x,obs_47_pos_y,obs_47_pos_z,obs_47_vel_x,obs_47_vel_y,obs_47_vel_z,obs_48_pos_x,obs_48_pos_y,obs_48_pos_z,obs_48_vel_x,obs_48_vel_y,obs_48_vel_z,obs_49_pos_x,obs_49_pos_y,obs_49_pos_z,obs_49_vel_x,obs_49_vel_y,obs_49_vel_z,obs_50_pos_x,obs_50_pos_y,obs_50_pos_z,obs_50_vel_x,obs_50_vel_y,obs_50_vel_z
2.901262715,-10.0,0.0,0.0,0.0,0.0,0.0,0.079,0.0444585457444191,0.0,0.8078894019126892,0.0444585457444191,0.0,5.0,0.0,0.0,-4.93,1.47,-1.0,0.0,0.0,0.0,-4.93,3.47,-1.0,0.0,0.0,0.0,-4.93,5.47,-1.0,0.0,0.0,0.0,-4.93,7.47,-1.0,0.0,0.0,0.0,-4.93,1.47,1.0,0.0,0.0,0.0,-4.93,3.47,1.0,0.0,0.0,0.0,-4.93,5.47,1.0,0.0,0.0,0.0,-4.93,7.47,1.0,0.0,0.0,0.0,-2.85,2.68,-1.0,0.0,0.0,0.0,-2.85,4.68,-1.0,0.0,0.0,0.0,-2.85,6.68,-1.0,0.0,0.0,0.0,-2.85,2.68,1.0,0.0,0.0,0.0,-2.85,4.68,1.0,0.0,0.0,0.0,-2.85,6.68,1.0,0.0,0.0,0.0,-4.77,-4.82,-1.0,0.0,0.0,0.0,-4.77,-2.82,-1.0,0.0,0.0,0.0,-4.77,-0.82,-1.0,0.0,0.0,0.0,-4.77,-4.82,1.0,0.0,0.0,0.0,-4.77,-2.82,1.0,0.0,0.0,0.0,-4.77,-0.82,1.0,0.0,0.0,0.0,6.32,-4.176000000000005,-0.16639999999999971,0.0,1.5499999999999403,0.17000000000000348,6.32,-2.1760000000000046,-0.16639999999999971,0.0,1.5499999999999403,0.17000000000000348,1.68,-3.5448000000000026,0.12440000000000094,0.0,1.6899999999999693,-0.06999999999999923,9.93,-1.9015999999999948,0.47200000000000086,0.0,1.2300000000000644,-1.09999999999999,9.93,0.09840000000000095,0.47200000000000086,0.0,1.2300000000000224,-1.09999999999999,0,0,0,0,0,0,0,0,0,0,0,0,0,0,0,0,0,0,0,0,0,0,0,0,0,0,0,0,0,0,0,0,0,0,0,0,0,0,0,0,0,0,0,0,0,0,0,0,0,0,0,0,0,0,0,0,0,0,0,0,0,0,0,0,0,0,0,0,0,0,0,0,0,0,0,0,0,0,0,0,0,0,0,0,0,0,0,0,0,0,0,0,0,0,0,0,0,0,0,0,0,0,0,0,0,0,0,0,0,0,0,0,0,0,0,0,0,0,0,0,0,0,0,0,0,0,0,0,0,0,0,0,0,0,0,0,0,0,0,0,0,0,0,0,0,0,0,0,0,0
3.005415192,-9.991791000000042,0.004145758949220181,0.0,0.13360000000020023,0.027786546945571956,0.0,0.16999999999999998,0.016671881079673767,0.0,0.8122963309288025,0.016671881079673767,0.0,4.99999999985719,-3.779027140502185e-05,0.0,-4.93,1.47,-1.0,0.0,0.0,0.0,-4.93,3.47,-1.0,0.0,0.0,0.0,-4.93,5.47,-1.0,0.0,0.0,0.0,-4.93,7.47,-1.0,0.0,0.0,0.0,-4.93,1.47,1.0,0.0,0.0,0.0,-4.93,3.47,1.0,0.0,0.0,0.0,-4.93,5.47,1.0,0.0,0.0,0.0,-4.93,7.47,1.0,0.0,0.0,0.0,-2.85,2.68,-1.0,0.0,0.0,0.0,-2.85,4.68,-1.0,0.0,0.0,0.0,-2.85,6.68,-1.0,0.0,0.0,0.0,-2.85,2.68,1.0,0.0,0.0,0.0,-2.85,4.68,1.0,0.0,0.0,0.0,-2.85,6.68,1.0,0.0,0.0,0.0,-4.77,-4.82,-1.0,0.0,0.0,0.0,-4.77,-2.82,-1.0,0.0,0.0,0.0,-4.77,-0.82,-1.0,0.0,0.0,0.0,-4.77,-4.82,1.0,0.0,0.0,0.0,-4.77,-2.82,1.0,0.0,0.0,0.0,-4.77,-0.82,1.0,0.0,0.0,0.0,6.32,-4.021000000000011,-0.14939999999999937,0.0,1.5499999999999403,0.17000000000000348,6.32,-2.0210000000000106,-0.14939999999999937,0.0,1.5499999999999403,0.17000000000000348,1.68,-3.3758000000000057,0.11740000000000088,0.0,1.6899999999999693,-0.07000000000000062,9.93,-1.7785999999999884,0.3620000000000019,0.0,1.2300000000000644,-1.09999999999999,9.93,0.22140000000000432,0.3620000000000019,0.0,1.2300000000000364,-1.09999999999999,0,0,0,0,0,0,0,0,0,0,0,0,0,0,0,0,0,0,0,0,0,0,0,0,0,0,0,0,0,0,0,0,0,0,0,0,0,0,0,0,0,0,0,0,0,0,0,0,0,0,0,0,0,0,0,0,0,0,0,0,0,0,0,0,0,0,0,0,0,0,0,0,0,0,0,0,0,0,0,0,0,0,0,0,0,0,0,0,0,0,0,0,0,0,0,0,0,0,0,0,0,0,0,0,0,0,0,0,0,0,0,0,0,0,0,0,0,0,0,0,0,0,0,0,0,0,0,0,0,0,0,0,0,0,0,0,0,0,0,0,0,0,0,0,0,0,0,0,0,0
3.106573534,-9.977710999999996,0.005625157900154599,8.940696716308594e-11,0.21799999999991826,0.031236727535724835,8.940696716308593e-09,0.25,0.04094662517309189,1.4901161193847656e-08,0.817013680934906,0.04094662517309189,1.4901161193847656e-08,4.999999811814569,-0.001371806938079164,-1.566276245750768e-11,-4.93,1.47,-1.0,0.0,0.0,0.0,-4.93,3.47,-1.0,0.0,0.0,0.0,-4.93,5.47,-1.0,0.0,0.0,0.0,-4.93,7.47,-1.0,0.0,0.0,0.0,-4.93,1.47,1.0,0.0,0.0,0.0,-4.93,3.47,1.0,0.0,0.0,0.0,-4.93,5.47,1.0,0.0,0.0,0.0,-4.93,7.47,1.0,0.0,0.0,0.0,-2.85,2.68,-1.0,0.0,0.0,0.0,-2.85,4.68,-1.0,0.0,0.0,0.0,-2.85,6.68,-1.0,0.0,0.0,0.0,-2.85,2.68,1.0,0.0,0.0,0.0,-2.85,4.68,1.0,0.0,0.0,0.0,-2.85,6.68,1.0,0.0,0.0,0.0,-4.77,-4.82,-1.0,0.0,0.0,0.0,-4.77,-2.82,-1.0,0.0,0.0,0.0,-4.77,-0.82,-1.0,0.0,0.0,0.0,-4.77,-4.82,1.0,0.0,0.0,0.0,-4.77,-2.82,1.0,0.0,0.0,0.0,-4.77,-0.82,1.0,0.0,0.0,0.0,6.32,-3.8970000000000153,-0.1357999999999991,0.0,1.5499999999999403,0.17000000000000348,6.32,-1.8970000000000153,-0.1357999999999991,0.0,1.5499999999999403,0.17000000000000348,1.68,-3.240600000000008,0.11180000000000083,0.0,1.6899999999999693,-0.07000000000000062,9.93,-1.6801999999999833,0.2740000000000027,0.0,1.2300000000000644,-1.09999999999999,9.93,0.3198000000000088,0.2740000000000027,0.0,1.2300000000000644,-1.09999999999999,0,0,0,0,0,0,0,0,0,0,0,0,0,0,0,0,0,0,0,0,0,0,0,0,0,0,0,0,0,0,0,0,0,0,0,0,0,0,0,0,0,0,0,0,0,0,0,0,0,0,0,0,0,0,0,0,0,0,0,0,0,0,0,0,0,0,0,0,0,0,0,0,0,0,0,0,0,0,0,0,0,0,0,0,0,0,0,0,0,0,0,0,0,0,0,0,0,0,0,0,0,0,0,0,0,0,0,0,0,0,0,0,0,0,0,0,0,0,0,0,0,0,0,0,0,0,0,0,0,0,0,0,0,0,0,0,0,0,0,0,0,0,0,0,0,0,0,0,0,0
3.20096941,-9.957626000000042,0.008889092698693304,1.2665987014770517e-09,0.25849999999945084,0.039767103642225465,1.3411045074462901e-08,0.335,0.02915140986442566,0.0,0.8209689259529114,0.02915140986442566,0.0,4.999999504050959,-0.002226991280672833,-3.1732195398474914e-10,-4.93,1.47,-1.0,0.0,0.0,0.0,-4.93,3.47,-1.0,0.0,0.0,0.0,-4.93,5.47,-1.0,0.0,0.0,0.0,-4.93,7.47,-1.0,0.0,0.0,0.0,-4.93,1.47,1.0,0.0,0.0,0.0,-4.93,3.47,1.0,0.0,0.0,0.0,-4.93,5.47,1.0,0.0,0.0,0.0,-4.93,7.47,1.0,0.0,0.0,0.0,-2.85,2.68,-1.0,0.0,0.0,0.0,-2.85,4.68,-1.0,0.0,0.0,0.0,-2.85,6.68,-1.0,0.0,0.0,0.0,-2.85,2.68,1.0,0.0,0.0,0.0,-2.85,4.68,1.0,0.0,0.0,0.0,-2.85,6.68,1.0,0.0,0.0,0.0,-4.77,-4.82,-1.0,0.0,0.0,0.0,-4.77,-2.82,-1.0,0.0,0.0,0.0,-4.77,-0.82,-1.0,0.0,0.0,0.0,-4.77,-4.82,1.0,0.0,0.0,0.0,-4.77,-2.82,1.0,0.0,0.0,0.0,-4.77,-0.82,1.0,0.0,0.0,0.0,6.32,-3.77300000000002,-0.12219999999999881,0.0,1.5499999999999403,0.17000000000000348,6.32,-1.7730000000000201,-0.12219999999999881,0.0,1.5499999999999403,0.17000000000000348,1.68,-3.1054000000000106,0.10620000000000078,0.0,1.6899999999999693,-0.07000000000000062,9.93,-1.5817999999999781,0.1860000000000035,0.0,1.2300000000000644,-1.09999999999999,9.93,0.41820000000001395,0.1860000000000035,0.0,1.2300000000000644,-1.09999999999999,0,0,0,0,0,0,0,0,0,0,0,0,0,0,0,0,0,0,0,0,0,0,0,0,0,0,0,0,0,0,0,0,0,0,0,0,0,0,0,0,0,0,0,0,0,0,0,0,0,0,0,0,0,0,0,0,0,0,0,0,0,0,0,0,0,0,0,0,0,0,0,0,0,0,0,0,0,0,0,0,0,0,0,0,0,0,0,0,0,0,0,0,0,0,0,0,0,0,0,0,0,0,0,0,0,0,0,0,0,0,0,0,0,0,0,0,0,0,0,0,0,0,0,0,0,0,0,0,0,0,0,0,0,0,0,0,0,0,0,0,0,0,0,0,0,0,0,0,0,0
3.305830633,-9.923298000000063,0.011910759828984731,1.3336539268493662e-09,0.41780000000013473,0.03980402424931581,6.7055225372314504e-09,0.42700000000000005,0.04098764806985855,7.450580596923828e-09,0.8243933916091919,0.04098764806985855,7.450580596923828e-09,4.999999147657152,-0.002919491008685762,-3.2791612355555596e-10,-4.93,1.47,-1.0,0.0,0.0,0.0,-4.93,3.47,-1.0,0.0,0.0,0.0,-4.93,5.47,-1.0,0.0,0.0,0.0,-4.93,7.47,-1.0,0.0,0.0,0.0,-4.93,1.47,1.0,0.0,0.0,0.0,-4.93,3.47,1.0,0.0,0.0,0.0,-4.93,5.47,1.0,0.0,0.0,0.0,-4.93,7.47,1.0,0.0,0.0,0.0,-2.85,2.68,-1.0,0.0,0.0,0.0,-2.85,4.68,-1.0,0.0,0.0,0.0,-2.85,6.68,-1.0,0.0,0.0,0.0,-2.85,2.68,1.0,0.0,0.0,0.0,-2.85,4.68,1.0,0.0,0.0,0.0,-2.85,6.68,1.0,0.0,0.0,0.0,-4.77,-4.82,-1.0,0.0,0.0,0.0,-4.77,-2.82,-1.0,0.0,0.0,0.0,-4.77,-0.82,-1.0,0.0,0.0,0.0,-4.77,-4.82,1.0,0.0,0.0,0.0,-4.77,-2.82,1.0,0.0,0.0,0.0,-4.77,-0.82,1.0,0.0,0.0,0.0,6.32,-3.618000000000026,-0.10519999999999846,0.0,1.5499999999999403,0.17000000000000348,6.32,-1.618000000000026,-0.10519999999999846,0.0,1.5499999999999403,0.17000000000000348,1.68,-2.9364000000000137,0.09920000000000072,0.0,1.6899999999999693,-0.07000000000000062,9.93,-1.4587999999999717,0.07600000000000388,0.0,1.2300000000000644,-1.1000000000000034,9.93,0.5412000000000203,0.07600000000000388,0.0,1.2300000000000644,-1.1000000000000034,0,0,0,0,0,0,0,0,0,0,0,0,0,0,0,0,0,0,0,0,0,0,0,0,0,0,0,0,0,0,0,0,0,0,0,0,0,0,0,0,0,0,0,0,0,0,0,0,0,0,0,0,0,0,0,0,0,0,0,0,0,0,0,0,0,0,0,0,0,0,0,0,0,0,0,0,0,0,0,0,0,0,0,0,0,0,0,0,0,0,0,0,0,0,0,0,0,0,0,0,0,0,0,0,0,0,0,0,0,0,0,0,0,0,0,0,0,0,0,0,0,0,0,0,0,0,0,0,0,0,0,0,0,0,0,0,0,0,0,0,0,0,0,0,0,0,0,0,0,0
3.400252144,-9.889050000000049,0.015187786564230964,1.914799213409425e-09,0.43580000000016383,0.04078913703560884,5.960464477539047e-09,0.515,0.03900253772735596,-7.450580596923828e-09,0.8308411836624146,0.03900253772735596,-7.450580596923828e-09,4.999999147657152,-0.002919491008685762,-3.2791612355555596e-10,-4.93,1.47,-1.0,0.0,0.0,0.0,-4.93,3.47,-1.0,0.0,0.0,0.0,-4.93,5.47,-1.0,0.0,0.0,0.0,-4.93,7.47,-1.0,0.0,0.0,0.0,-4.93,1.47,1.0,0.0,0.0,0.0,-4.93,3.47,1.0,0.0,0.0,0.0,-4.93,5.47,1.0,0.0,0.0,0.0,-4.93,7.47,1.0,0.0,0.0,0.0,-2.85,2.68,-1.0,0.0,0.0,0.0,-2.85,4.68,-1.0,0.0,0.0,0.0,-2.85,6.68,-1.0,0.0,0.0,0.0,-2.85,2.68,1.0,0.0,0.0,0.0,-2.85,4.68,1.0,0.0,0.0,0.0,-2.85,6.68,1.0,0.0,0.0,0.0,-4.77,-4.82,-1.0,0.0,0.0,0.0,-4.77,-2.82,-1.0,0.0,0.0,0.0,-4.77,-0.82,-1.0,0.0,0.0,0.0,-4.77,-4.82,1.0,0.0,0.0,0.0,-4.77,-2.82,1.0,0.0,0.0,0.0,-4.77,-0.82,1.0,0.0,0.0,0.0,6.32,-3.494000000000031,-0.09159999999999818,0.0,1.5499999999999403,0.17000000000000348,6.32,-1.4940000000000309,-0.09159999999999818,0.0,1.5499999999999403,0.17000000000000348,1.68,-2.801200000000016,0.09360000000000067,0.0,1.6899999999999693,-0.07000000000000062,9.93,-1.3603999999999665,-0.011999999999996082,0.0,1.2300000000000644,-1.1,9.93,0.6396000000000255,-0.011999999999996082,0.0,1.2300000000000644,-1.1,0,0,0,0,0,0,0,0,0,0,0,0,0,0,0,0,0,0,0,0,0,0,0,0,0,0,0,0,0,0,0,0,0,0,0,0,0,0,0,0,0,0,0,0,0,0,0,0,0,0,0,0,0,0,0,0,0,0,0,0,0,0,0,0,0,0,0,0,0,0,0,0,0,0,0,0,0,0,0,0,0,0,0,0,0,0,0,0,0,0,0,0,0,0,0,0,0,0,0,0,0,0,0,0,0,0,0,0,0,0,0,0,0,0,0,0,0,0,0,0,0,0,0,0,0,0,0,0,0,0,0,0,0,0,0,0,0,0,0,0,0,0,0,0,0,0,0,0,0,0
3.502890188,-9.847850000000046,0.018307989582419405,1.3187527656555183e-09,0.5150000000000432,0.03900253772735549,-7.450580596923833e-09,0.604,0.04449990391731262,-7.450580596923828e-09,0.8370832204818726,0.04449990391731262,-7.450580596923828e-09,4.999998542190721,-0.003818126591278038,-4.813700642129736e-10,-4.93,1.47,-1.0,0.0,0.0,0.0,-4.93,3.47,-1.0,0.0,0.0,0.0,-4.93,5.47,-1.0,0.0,0.0,0.0,-4.93,7.47,-1.0,0.0,0.0,0.0,-4.93,1.47,1.0,0.0,0.0,0.0,-4.93,3.47,1.0,0.0,0.0,0.0,-4.93,5.47,1.0,0.0,0.0,0.0,-4.93,7.47,1.0,0.0,0.0,0.0,-2.85,2.68,-1.0,0.0,0.0,0.0,-2.85,4.68,-1.0,0.0,0.0,0.0,-2.85,6.68,-1.0,0.0,0.0,0.0,-2.85,2.68,1.0,0.0,0.0,0.0,-2.85,4.68,1.0,0.0,0.0,0.0,-2.85,6.68,1.0,0.0,0.0,0.0,-4.77,-4.82,-1.0,0.0,0.0,0.0,-4.77,-2.82,-1.0,0.0,0.0,0.0,-4.77,-0.82,-1.0,0.0,0.0,0.0,-4.77,-4.82,1.0,0.0,0.0,0.0,-4.77,-2.82,1.0,0.0,0.0,0.0,-4.77,-0.82,1.0,0.0,0.0,0.0,6.32,-3.3700000000000356,-0.0779999999999979,0.0,1.5499999999999403,0.17000000000000348,6.32,-1.3390000000000368,-0.07459999999999783,0.0,1.5499999999999403,0.17000000000000348,1.68,-2.632200000000019,0.08660000000000061,0.0,1.6899999999999693,-0.07000000000000062,9.93,-1.2619999999999614,-0.09999999999999612,0.0,1.2300000000000644,-1.1000000000000034,9.93,0.7626000000000319,-0.1219999999999962,0.0,1.2300000000000644,-1.1000000000000034,0,0,0,0,0,0,0,0,0,0,0,0,0,0,0,0,0,0,0,0,0,0,0,0,0,0,0,0,0,0,0,0,0,0,0,0,0,0,0,0,0,0,0,0,0,0,0,0,0,0,0,0,0,0,0,0,0,0,0,0,0,0,0,0,0,0,0,0,0,0,0,0,0,0,0,0,0,0,0,0,0,0,0,0,0,0,0,0,0,0,0,0,0,0,0,0,0,0,0,0,0,0,0,0,0,0,0,0,0,0,0,0,0,0,0,0,0,0,0,0,0,0,0,0,0,0,0,0,0,0,0,0,0,0,0,0,0,0,0,0,0,0,0,0,0,0,0,0,0,0
3.60178841,-9.800242000000106,0.021824002966284745,7.227063179016116e-10,0.6039999999991608,0.044499903917312456,-7.450580596923833e-09,0.6829999999999999,0.0465172678232193,7.450580596923828e-09,0.8484986424446106,0.0465172678232193,7.450580596923828e-09,4.999997782340922,-0.004709202253485559,-3.154043590674474e-10,-4.93,1.47,-1.0,0.0,0.0,0.0,-4.93,3.47,-1.0,0.0,0.0,0.0,-4.93,5.47,-1.0,0.0,0.0,0.0,-4.93,7.47,-1.0,0.0,0.0,0.0,-4.93,1.47,1.0,0.0,0.0,0.0,-4.93,3.47,1.0,0.0,0.0,0.0,-4.93,5.47,1.0,0.0,0.0,0.0,-4.93,7.47,1.0,0.0,0.0,0.0,-2.85,2.68,-1.0,0.0,0.0,0.0,-2.85,4.68,-1.0,0.0,0.0,0.0,-2.85,6.68,-1.0,0.0,0.0,0.0,-2.85,2.68,1.0,0.0,0.0,0.0,-2.85,4.68,1.0,0.0,0.0,0.0,-2.85,6.68,1.0,0.0,0.0,0.0,-4.77,-4.82,-1.0,0.0,0.0,0.0,-4.77,-2.82,-1.0,0.0,0.0,0.0,-4.77,-0.82,-1.0,0.0,0.0,0.0,-4.77,-4.82,1.0,0.0,0.0,0.0,-4.77,-2.82,1.0,0.0,0.0,0.0,-4.77,-0.82,1.0,0.0,0.0,0.0,6.32,-3.2460000000000404,-0.06439999999999763,0.0,1.5499999999999403,0.17000000000000348,6.32,-1.2460000000000404,-0.06439999999999763,0.0,1.5499999999999403,0.17000000000000348,1.68,-2.530800000000021,0.08240000000000057,0.0,1.6899999999999693,-0.07000000000000062,9.93,-1.1635999999999562,-0.18799999999999562,0.0,1.2300000000000644,-1.09999999999999,9.93,0.8364000000000358,-0.18799999999999562,0.0,1.2300000000000644,-1.09999999999999,0,0,0,0,0,0,0,0,0,0,0,0,0,0,0,0,0,0,0,0,0,0,0,0,0,0,0,0,0,0,0,0,0,0,0,0,0,0,0,0,0,0,0,0,0,0,0,0,0,0,0,0,0,0,0,0,0,0,0,0,0,0,0,0,0,0,0,0,0,0,0,0,0,0,0,0,0,0,0,0,0,0,0,0,0,0,0,0,0,0,0,0,0,0,0,0,0,0,0,0,0,0,0,0,0,0,0,0,0,0,0,0,0,0,0,0,0,0,0,0,0,0,0,0,0,0,0,0,0,0,0,0,0,0,0,0,0,0,0,0,0,0,0,0,0,0,0,0,0,0
3.704591359,-9.759619000000093,0.02461393421888344,1.0058283805847173e-09,0.7025999999999755,0.04781894087791394,1.490116119384767e-09,0.732,0.04977145045995712,-7.450580596923828e-09,0.8660118579864502,0.04977145045995712,-7.450580596923828e-09,4.999996181093496,-0.006179728995008618,-2.499561598011207e-10,-4.93,1.47,-1.0,0.0,0.0,0.0,-4.93,3.47,-1.0,0.0,0.0,0.0,-4.93,5.47,-1.0,0.0,0.0,0.0,-4.93,7.47,-1.0,0.0,0.0,0.0,-4.93,1.47,1.0,0.0,0.0,0.0,-4.93,3.47,1.0,0.0,0.0,0.0,-4.93,5.47,1.0,0.0,0.0,0.0,-4.93,7.47,1.0,0.0,0.0,0.0,-2.85,2.68,-1.0,0.0,0.0,0.0,-2.85,4.68,-1.0,0.0,0.0,0.0,-2.85,6.68,-1.0,0.0,0.0,0.0,-2.85,2.68,1.0,0.0,0.0,0.0,-2.85,4.68,1.0,0.0,0.0,0.0,-2.85,6.68,1.0,0.0,0.0,0.0,-4.77,-4.82,-1.0,0.0,0.0,0.0,-4.77,-2.82,-1.0,0.0,0.0,0.0,-4.77,-0.82,-1.0,0.0,0.0,0.0,-4.77,-4.82,1.0,0.0,0.0,0.0,-4.77,-2.82,1.0,0.0,0.0,0.0,-4.77,-0.82,1.0,0.0,0.0,0.0,6.32,-3.153000000000044,-0.05419999999999742,0.0,1.5499999999999403,0.17000000000000348,6.32,-1.153000000000044,-0.05419999999999742,0.0,1.5499999999999403,0.17000000000000348,1.68,-2.429400000000023,0.07820000000000053,0.0,1.6899999999999693,-0.07000000000000062,9.93,-1.0897999999999524,-0.253999999999995,0.0,1.2300000000000644,-1.09999999999999,9.93,0.9102000000000396,-0.253999999999995,0.0,1.2300000000000644,-1.09999999999999,0,0,0,0,0,0,0,0,0,0,0,0,0,0,0,0,0,0,0,0,0,0,0,0,0,0,0,0,0,0,0,0,0,0,0,0,0,0,0,0,0,0,0,0,0,0,0,0,0,0,0,0,0,0,0,0,0,0,0,0,0,0,0,0,0,0,0,0,0,0,0,0,0,0,0,0,0,0,0,0,0,0,0,0,0,0,0,0,0,0,0,0,0,0,0,0,0,0,0,0,0,0,0,0,0,0,0,0,0,0,0,0,0,0,0,0,0,0,0,0,0,0,0,0,0,0,0,0,0,0,0,0,0,0,0,0,0,0,0,0,0,0,0,0,0,0,0,0,0,0
3.802251703,-9.715699000000136,0.027600221246480924,5.587935447692872e-10,0.7319999999992888,0.049771450459958066,-7.450580596923833e-09,0.8059999999999999,0.05096755921840668,0.0,0.8745813369750977,0.05096755921840668,0.0,4.999996181093496,-0.006179728995008618,-2.499561598011207e-10,-4.93,1.47,-1.0,0.0,0.0,0.0,-4.93,3.47,-1.0,0.0,0.0,0.0,-4.93,5.47,-1.0,0.0,0.0,0.0,-4.93,7.47,-1.0,0.0,0.0,0.0,-4.93,1.47,1.0,0.0,0.0,0.0,-4.93,3.47,1.0,0.0,0.0,0.0,-4.93,5.47,1.0,0.0,0.0,0.0,-4.93,7.47,1.0,0.0,0.0,0.0,-2.85,2.68,-1.0,0.0,0.0,0.0,-2.85,4.68,-1.0,0.0,0.0,0.0,-2.85,6.68,-1.0,0.0,0.0,0.0,-2.85,2.68,1.0,0.0,0.0,0.0,-2.85,4.68,1.0,0.0,0.0,0.0,-2.85,6.68,1.0,0.0,0.0,0.0,-4.77,-4.82,-1.0,0.0,0.0,0.0,-4.77,-2.82,-1.0,0.0,0.0,0.0,-4.77,-0.82,-1.0,0.0,0.0,0.0,-4.77,-4.82,1.0,0.0,0.0,0.0,-4.77,-2.82,1.0,0.0,0.0,0.0,-4.77,-0.82,1.0,0.0,0.0,0.0,6.32,-3.0600000000000476,-0.04399999999999721,0.0,1.5499999999999403,0.17000000000000348,6.32,-1.0290000000000488,-0.04059999999999714,0.0,1.5499999999999403,0.17000000000000348,1.68,-2.3280000000000247,0.0740000000000005,0.0,1.6899999999999693,-0.07000000000000062,9.93,-0.991399999999948,-0.3419999999999942,0.0,1.2299999999999869,-1.09999999999999,9.93,0.9840000000000435,-0.3199999999999944,0.0,1.2300000000000644,-1.09999999999999,0,0,0,0,0,0,0,0,0,0,0,0,0,0,0,0,0,0,0,0,0,0,0,0,0,0,0,0,0,0,0,0,0,0,0,0,0,0,0,0,0,0,0,0,0,0,0,0,0,0,0,0,0,0,0,0,0,0,0,0,0,0,0,0,0,0,0,0,0,0,0,0,0,0,0,0,0,0,0,0,0,0,0,0,0,0,0,0,0,0,0,0,0,0,0,0,0,0,0,0,0,0,0,0,0,0,0,0,0,0,0,0,0,0,0,0,0,0,0,0,0,0,0,0,0,0,0,0,0,0,0,0,0,0,0,0,0,0,0,0,0,0,0,0,0,0,0,0,0,0
3.900396605,-9.635495000000077,0.03269675235450266,4.842877388000488e-10,0.8404000000005851,0.0521411865949617,0.0,0.8919999999999999,0.05390162765979767,0.0,0.8975541591644287,0.05390162765979767,0.0,4.99999493481273,-0.007117011103057673,-1.3325671433537479e-10,-4.93,1.47,-1.0,0.0,0.0,0.0,-4.93,3.47,-1.0,0.0,0.0,0.0,-4.93,5.47,-1.0,0.0,0.0,0.0,-4.93,7.47,-1.0,0.0,0.0,0.0,-4.93,1.47,1.0,0.0,0.0,0.0,-4.93,3.47,1.0,0.0,0.0,0.0,-4.93,5.47,1.0,0.0,0.0,0.0,-4.93,7.47,1.0,0.0,0.0,0.0,-2.85,2.68,-1.0,0.0,0.0,0.0,-2.85,4.68,-1.0,0.0,0.0,0.0,-2.85,6.68,-1.0,0.0,0.0,0.0,-2.85,2.68,1.0,0.0,0.0,0.0,-2.85,4.68,1.0,0.0,0.0,0.0,-2.85,6.68,1.0,0.0,0.0,0.0,-4.77,-4.82,-1.0,0.0,0.0,0.0,-4.77,-2.82,-1.0,0.0,0.0,0.0,-4.77,-0.82,-1.0,0.0,0.0,0.0,-4.77,-4.82,1.0,0.0,0.0,0.0,-4.77,-2.82,1.0,0.0,0.0,0.0,-4.77,-0.82,1.0,0.0,0.0,0.0,6.32,-2.9050000000000535,-0.02699999999999695,0.0,1.5499999999999403,0.16999999999999998,6.32,-0.9050000000000467,-0.02699999999999695,0.0,1.5500000000000511,0.16999999999999998,1.68,-2.159000000000028,0.06700000000000043,0.0,1.6899999999999693,-0.07000000000000062,9.93,-0.8929999999999517,-0.4299999999999934,0.0,1.2299999999999536,-1.09999999999999,9.93,1.10700000000005,-0.4299999999999934,0.0,1.2300000000000644,-1.09999999999999,0,0,0,0,0,0,0,0,0,0,0,0,0,0,0,0,0,0,0,0,0,0,0,0,0,0,0,0,0,0,0,0,0,0,0,0,0,0,0,0,0,0,0,0,0,0,0,0,0,0,0,0,0,0,0,0,0,0,0,0,0,0,0,0,0,0,0,0,0,0,0,0,0,0,0,0,0,0,0,0,0,0,0,0,0,0,0,0,0,0,0,0,0,0,0,0,0,0,0,0,0,0,0,0,0,0,0,0,0,0,0,0,0,0,0,0,0,0,0,0,0,0,0,0,0,0,0,0,0,0,0,0,0,0,0,0,0,0,0,0,0,0,0,0,0,0,0,0,0,0
4.000845267,-9.56413500000005,0.0370088825672862,4.842877388000488e-10,0.892000000000337,0.05390162765979423,0.0,0.9445455074310303,0.057722389698028564,0.0,0.9445455074310303,0.057722389698028564,0.0,4.999993135055478,-0.00828549323178203,-1.233037852299507e-10,-4.93,1.47,-1.0,0.0,0.0,0.0,-4.93,3.47,-1.0,0.0,0.0,0.0,-4.93,5.47,-1.0,0.0,0.0,0.0,-4.93,7.47,-1.0,0.0,0.0,0.0,-4.93,1.47,1.0,0.0,0.0,0.0,-4.93,3.47,1.0,0.0,0.0,0.0,-4.93,5.47,1.0,0.0,0.0,0.0,-4.93,7.47,1.0,0.0,0.0,0.0,-2.85,2.68,-1.0,0.0,0.0,0.0,-2.85,4.68,-1.0,0.0,0.0,0.0,-2.85,6.68,-1.0,0.0,0.0,0.0,-2.85,2.68,1.0,0.0,0.0,0.0,-2.85,4.68,1.0,0.0,0.0,0.0,-2.85,6.68,1.0,0.0,0.0,0.0,-4.77,-4.82,-1.0,0.0,0.0,0.0,-4.77,-2.82,-1.0,0.0,0.0,0.0,-4.77,-0.82,-1.0,0.0,0.0,0.0,-4.77,-4.82,1.0,0.0,0.0,0.0,-4.77,-2.82,1.0,0.0,0.0,0.0,-4.77,-0.82,1.0,0.0,0.0,0.0,6.32,-2.7810000000000583,-0.013399999999996949,0.0,1.5499999999999403,0.16999999999999998,6.32,-0.7810000000000425,-0.013399999999996949,0.0,1.5500000000000511,0.16999999999999998,1.68,-2.0238000000000302,0.061400000000000385,0.0,1.6899999999999693,-0.07000000000000062,9.93,-0.7945999999999555,-0.5179999999999926,0.0,1.2299999999999536,-1.09999999999999,9.93,1.205400000000055,-0.5179999999999926,0.0,1.2300000000000644,-1.09999999999999,0,0,0,0,0,0,0,0,0,0,0,0,0,0,0,0,0,0,0,0,0,0,0,0,0,0,0,0,0,0,0,0,0,0,0,0,0,0,0,0,0,0,0,0,0,0,0,0,0,0,0,0,0,0,0,0,0,0,0,0,0,0,0,0,0,0,0,0,0,0,0,0,0,0,0,0,0,0,0,0,0,0,0,0,0,0,0,0,0,0,0,0,0,0,0,0,0,0,0,0,0,0,0,0,0,0,0,0,0,0,0,0,0,0,0,0,0,0,0,0,0,0,0,0,0,0,0,0,0,0,0,0,0,0,0,0,0,0,0,0,0,0,0,0,0,0,0,0,0,0
4.100677258,-9.488676450420375,0.04161903221905189,4.842877388000488e-10,0.9445455074317266,0.05772238969802697,0.0,1.0285455074310303,0.08100400865077972,0.0,1.4800442457199097,0.08100400865077972,0.0,4.9999909680292545,-0.009503663813321498,-1.2378687509591157e-10,-4.93,1.47,-1.0,0.0,0.0,0.0,-4.93,3.47,-1.0,0.0,0.0,0.0,-4.93,5.47,-1.0,0.0,0.0,0.0,-4.93,7.47,-1.0,0.0,0.0,0.0,-4.93,1.47,1.0,0.0,0.0,0.0,-4.93,3.47,1.0,0.0,0.0,0.0,-4.93,5.47,1.0,0.0,0.0,0.0,-4.93,7.47,1.0,0.0,0.0,0.0,-2.85,2.68,-1.0,0.0,0.0,0.0,-2.85,4.68,-1.0,0.0,0.0,0.0,-2.85,6.68,-1.0,0.0,0.0,0.0,-2.85,2.68,1.0,0.0,0.0,0.0,-2.85,4.68,1.0,0.0,0.0,0.0,-2.85,6.68,1.0,0.0,0.0,0.0,-4.77,-4.82,-1.0,0.0,0.0,0.0,-4.77,-2.82,-1.0,0.0,0.0,0.0,-4.77,-0.82,-1.0,0.0,0.0,0.0,-4.77,-4.82,1.0,0.0,0.0,0.0,-4.77,-2.82,1.0,0.0,0.0,0.0,-4.77,-0.82,1.0,0.0,0.0,0.0,6.32,-2.657000000000063,0.0002000000000030519,0.0,1.5499999999999403,0.16999999999999998,6.32,-0.6570000000000384,0.0002000000000030519,0.0,1.5500000000000511,0.16999999999999998,1.68,-1.8886000000000327,0.055800000000000335,0.0,1.6899999999999693,-0.07000000000000062,9.93,-0.6961999999999592,-0.6059999999999918,0.0,1.2299999999999536,-1.09999999999999,9.93,1.3038000000000602,-0.6059999999999918,0.0,1.2300000000000644,-1.09999999999999,0,0,0,0,0,0,0,0,0,0,0,0,0,0,0,0,0,0,0,0,0,0,0,0,0,0,0,0,0,0,0,0,0,0,0,0,0,0,0,0,0,0,0,0,0,0,0,0,0,0,0,0,0,0,0,0,0,0,0,0,0,0,0,0,0,0,0,0,0,0,0,0,0,0,0,0,0,0,0,0,0,0,0,0,0,0,0,0,0,0,0,0,0,0,0,0,0,0,0,0,0,0,0,0,0,0,0,0,0,0,0,0,0,0,0,0,0,0,0,0,0,0,0,0,0,0,0,0,0,0,0,0,0,0,0,0,0,0,0,0,0,0,0,0,0,0,0,0,0,0
4.203557016,-9.406896809825888,0.047959663197397556,4.842877388000488e-10,1.0285455074310335,0.0810040086507771,0.0,1.1105455074310304,0.08484978973865509,0.0,1.5496691465377808,0.08484978973865509,0.0,4.999988304532622,-0.010814552093731819,-1.2429299639346727e-10,-4.93,1.47,-1.0,0.0,0.0,0.0,-4.93,3.47,-1.0,0.0,0.0,0.0,-4.93,5.47,-1.0,0.0,0.0,0.0,-4.93,7.47,-1.0,0.0,0.0,0.0,-4.93,1.47,1.0,0.0,0.0,0.0,-4.93,3.47,1.0,0.0,0.0,0.0,-4.93,5.47,1.0,0.0,0.0,0.0,-4.93,7.47,1.0,0.0,0.0,0.0,-2.85,2.68,-1.0,0.0,0.0,0.0,-2.85,4.68,-1.0,0.0,0.0,0.0,-2.85,6.68,-1.0,0.0,0.0,0.0,-2.85,2.68,1.0,0.0,0.0,0.0,-2.85,4.68,1.0,0.0,0.0,0.0,-2.85,6.68,1.0,0.0,0.0,0.0,-4.77,-4.82,-1.0,0.0,0.0,0.0,-4.77,-2.82,-1.0,0.0,0.0,0.0,-4.77,-0.82,-1.0,0.0,0.0,0.0,-4.77,-4.82,1.0,0.0,0.0,0.0,-4.77,-2.82,1.0,0.0,0.0,0.0,-4.77,-0.82,1.0,0.0,0.0,0.0,6.32,-2.533000000000068,0.013800000000003053,0.0,1.5499999999999403,0.16999999999999998,6.32,-0.5330000000000343,0.013800000000003053,0.0,1.5500000000000511,0.16999999999999998,1.68,-1.7534000000000352,0.050200000000000286,0.0,1.6899999999999693,-0.07000000000000062,9.93,-0.5977999999999629,-0.693999999999991,0.0,1.2299999999999536,-1.09999999999999,9.93,1.4022000000000654,-0.693999999999991,0.0,1.2300000000000644,-1.09999999999999,0,0,0,0,0,0,0,0,0,0,0,0,0,0,0,0,0,0,0,0,0,0,0,0,0,0,0,0,0,0,0,0,0,0,0,0,0,0,0,0,0,0,0,0,0,0,0,0,0,0,0,0,0,0,0,0,0,0,0,0,0,0,0,0,0,0,0,0,0,0,0,0,0,0,0,0,0,0,0,0,0,0,0,0,0,0,0,0,0,0,0,0,0,0,0,0,0,0,0,0,0,0,0,0,0,0,0,0,0,0,0,0,0,0,0,0,0,0,0,0,0,0,0,0,0,0,0,0,0,0,0,0,0,0,0,0,0,0,0,0,0,0,0,0,0,0,0,0,0,0
4.300482228,-9.296318259082714,0.05642912338673997,5.736947059631349e-10,1.128545507431511,0.08637453615665396,8.940696716308602e-09,1.2005455074310305,0.09247352182865143,4.470348358154297e-08,1.7048330307006836,0.09247352182865143,4.470348358154297e-08,4.999978687924401,-0.01459864040887236,-1.4748640132916384e-10,-4.93,1.47,-1.0,0.0,0.0,0.0,-4.93,3.47,-1.0,0.0,0.0,0.0,-4.93,5.47,-1.0,0.0,0.0,0.0,-4.93,7.47,-1.0,0.0,0.0,0.0,-4.93,1.47,1.0,0.0,0.0,0.0,-4.93,3.47,1.0,0.0,0.0,0.0,-4.93,5.47,1.0,0.0,0.0,0.0,-4.93,7.47,1.0,0.0,0.0,0.0,-2.85,2.68,-1.0,0.0,0.0,0.0,-2.85,4.68,-1.0,0.0,0.0,0.0,-2.85,6.68,-1.0,0.0,0.0,0.0,-2.85,2.68,1.0,0.0,0.0,0.0,-2.85,4.68,1.0,0.0,0.0,0.0,-2.85,6.68,1.0,0.0,0.0,0.0,-4.77,-4.82,-1.0,0.0,0.0,0.0,-4.77,-2.82,-1.0,0.0,0.0,0.0,-4.77,-0.82,-1.0,0.0,0.0,0.0,-4.77,-4.82,1.0,0.0,0.0,0.0,-4.77,-2.82,1.0,0.0,0.0,0.0,-4.77,-0.82,1.0,0.0,0.0,0.0,6.32,-2.378000000000074,0.030800000000003054,0.0,1.5499999999999403,0.16999999999999998,6.32,-0.3780000000000336,0.030800000000003054,0.0,1.5499999999999956,0.16999999999999998,1.68,-1.5844000000000382,0.043200000000000224,0.0,1.6899999999999693,-0.07000000000000062,9.93,-0.4747999999999664,-0.80399999999999,0.0,1.230000000000009,-1.09999999999999,9.93,1.5252000000000718,-0.80399999999999,0.0,1.2300000000000644,-1.09999999999999,0,0,0,0,0,0,0,0,0,0,0,0,0,0,0,0,0,0,0,0,0,0,0,0,0,0,0,0,0,0,0,0,0,0,0,0,0,0,0,0,0,0,0,0,0,0,0,0,0,0,0,0,0,0,0,0,0,0,0,0,0,0,0,0,0,0,0,0,0,0,0,0,0,0,0,0,0,0,0,0,0,0,0,0,0,0,0,0,0,0,0,0,0,0,0,0,0,0,0,0,0,0,0,0,0,0,0,0,0,0,0,0,0,0,0,0,0,0,0,0,0,0,0,0,0,0,0,0,0,0,0,0,0,0,0,0,0,0,0,0,0,0,0,0,0,0,0,0,0,0
4.400650954,-9.200274618488297,0.06382700513303206,4.149973392486575e-09,1.2005455074302063,0.09247352182864543,4.4703483581542975e-08,1.2855455074310305,0.12145093083381653,7.450580596923828e-07,2.263831377029419,0.12145093083381653,7.450580596923828e-07,4.999978687924401,-0.01459864040887236,-1.4748640132916384e-10,-4.93,1.47,-1.0,0.0,0.0,0.0,-4.93,3.47,-1.0,0.0,0.0,0.0,-4.93,5.47,-1.0,0.0,0.0,0.0,-4.93,7.47,-1.0,0.0,0.0,0.0,-4.93,1.47,1.0,0.0,0.0,0.0,-4.93,3.47,1.0,0.0,0.0,0.0,-4.93,5.47,1.0,0.0,0.0,0.0,-4.93,7.47,1.0,0.0,0.0,0.0,-2.85,2.68,-1.0,0.0,0.0,0.0,-2.85,4.68,-1.0,0.0,0.0,0.0,-2.85,6.68,-1.0,0.0,0.0,0.0,-2.85,2.68,1.0,0.0,0.0,0.0,-2.85,4.68,1.0,0.0,0.0,0.0,-2.85,6.68,1.0,0.0,0.0,0.0,-4.77,-4.82,-1.0,0.0,0.0,0.0,-4.77,-2.82,-1.0,0.0,0.0,0.0,-4.77,-0.82,-1.0,0.0,0.0,0.0,-4.77,-4.82,1.0,0.0,0.0,0.0,-4.77,-2.82,1.0,0.0,0.0,0.0,-4.77,-0.82,1.0,0.0,0.0,0.0,6.32,-2.2540000000000786,0.044400000000003326,0.0,1.5499999999999403,0.17000000000000348,6.32,-0.2540000000000339,0.044400000000003326,0.0,1.5499999999999956,0.17000000000000348,1.68,-1.4492000000000407,0.037600000000000175,0.0,1.6899999999999693,-0.07000000000000062,9.93,-0.3763999999999657,-0.8919999999999891,0.0,1.230000000000009,-1.09999999999999,9.93,1.623600000000077,-0.8919999999999891,0.0,1.2300000000000644,-1.09999999999999,0,0,0,0,0,0,0,0,0,0,0,0,0,0,0,0,0,0,0,0,0,0,0,0,0,0,0,0,0,0,0,0,0,0,0,0,0,0,0,0,0,0,0,0,0,0,0,0,0,0,0,0,0,0,0,0,0,0,0,0,0,0,0,0,0,0,0,0,0,0,0,0,0,0,0,0,0,0,0,0,0,0,0,0,0,0,0,0,0,0,0,0,0,0,0,0,0,0,0,0,0,0,0,0,0,0,0,0,0,0,0,0,0,0,0,0,0,0,0,0,0,0,0,0,0,0,0,0,0,0,0,0,0,0,0,0,0,0,0,0,0,0,0,0,0,0,0,0,0,0
4.503619105,-9.097685977893855,0.07345614737272228,6.165355443954459e-08,1.285545507430541,0.12145093083382186,7.450580596923802e-07,1.3725455074310304,0.1748184859752655,-2.5033950805664062e-06,3.2716734409332275,0.1748184859752655,-2.5033950805664062e-06,4.999972162707486,-0.01668448831165728,-1.414217509805876e-09,-4.93,1.47,-1.0,0.0,0.0,0.0,-4.93,3.47,-1.0,0.0,0.0,0.0,-4.93,5.47,-1.0,0.0,0.0,0.0,-4.93,7.47,-1.0,0.0,0.0,0.0,-4.93,1.47,1.0,0.0,0.0,0.0,-4.93,3.47,1.0,0.0,0.0,0.0,-4.93,5.47,1.0,0.0,0.0,0.0,-4.93,7.47,1.0,0.0,0.0,0.0,-2.85,2.68,-1.0,0.0,0.0,0.0,-2.85,4.68,-1.0,0.0,0.0,0.0,-2.85,6.68,-1.0,0.0,0.0,0.0,-2.85,2.68,1.0,0.0,0.0,0.0,-2.85,4.68,1.0,0.0,0.0,0.0,-2.85,6.68,1.0,0.0,0.0,0.0,-4.77,-4.82,-1.0,0.0,0.0,0.0,-4.77,-2.82,-1.0,0.0,0.0,0.0,-4.77,-0.82,-1.0,0.0,0.0,0.0,-4.77,-4.82,1.0,0.0,0.0,0.0,-4.77,-2.82,1.0,0.0,0.0,0.0,-4.77,-0.82,1.0,0.0,0.0,0.0,6.32,-2.1300000000000834,0.058000000000003604,0.0,1.5499999999999403,0.17000000000000348,6.32,-0.13000000000003425,0.058000000000003604,0.0,1.5499999999999956,0.17000000000000348,1.68,-1.2802000000000437,0.030600000000000113,0.0,1.6899999999999693,-0.07000000000000062,9.93,-0.2533999999999648,-1.0019999999999882,0.0,1.230000000000009,-1.100000000000001,9.93,1.7466000000000834,-1.0019999999999882,0.0,1.2300000000000644,-1.100000000000001,0,0,0,0,0,0,0,0,0,0,0,0,0,0,0,0,0,0,0,0,0,0,0,0,0,0,0,0,0,0,0,0,0,0,0,0,0,0,0,0,0,0,0,0,0,0,0,0,0,0,0,0,0,0,0,0,0,0,0,0,0,0,0,0,0,0,0,0,0,0,0,0,0,0,0,0,0,0,0,0,0,0,0,0,0,0,0,0,0,0,0,0,0,0,0,0,0,0,0,0,0,0,0,0,0,0,0,0,0,0,0,0,0,0,0,0,0,0,0,0,0,0,0,0,0,0,0,0,0,0,0,0,0,0,0,0,0,0,0,0,0,0,0,0,0,0,0,0,0,0
4.601323918,-8.961301427150746,0.09040432041883455,-1.562014222145081e-07,1.3725455074311554,0.1748184859752672,-2.5033950805663957e-06,1.4635455074310304,0.17573164403438568,-5.364418029785156e-07,3.276754856109619,0.17573164403438568,-5.364418029785156e-07,4.999961454249513,-0.019633033873871362,-1.3849393802355943e-08,-4.93,1.47,-1.0,0.0,0.0,0.0,-4.93,3.47,-1.0,0.0,0.0,0.0,-4.93,5.47,-1.0,0.0,0.0,0.0,-4.93,7.47,-1.0,0.0,0.0,0.0,-4.93,1.47,1.0,0.0,0.0,0.0,-4.93,3.47,1.0,0.0,0.0,0.0,-4.93,5.47,1.0,0.0,0.0,0.0,-4.93,7.47,1.0,0.0,0.0,0.0,-2.85,2.68,-1.0,0.0,0.0,0.0,-2.85,4.68,-1.0,0.0,0.0,0.0,-2.85,6.68,-1.0,0.0,0.0,0.0,-2.85,2.68,1.0,0.0,0.0,0.0,-2.85,4.68,1.0,0.0,0.0,0.0,-2.85,6.68,1.0,0.0,0.0,0.0,-4.77,-4.82,-1.0,0.0,0.0,0.0,-4.77,-2.82,-1.0,0.0,0.0,0.0,-4.77,-0.82,-1.0,0.0,0.0,0.0,-4.77,-4.82,1.0,0.0,0.0,0.0,-4.77,-2.82,1.0,0.0,0.0,0.0,-4.77,-0.82,1.0,0.0,0.0,0.0,6.32,-1.9750000000000894,0.07500000000000395,0.0,1.5499999999999403,0.17000000000000348,6.32,0.024999999999965605,0.07500000000000395,0.0,1.5499999999999992,0.17000000000000348,1.68,-1.1450000000000462,0.025000000000000064,0.0,1.6899999999999693,-0.07000000000000062,9.93,-0.1549999999999641,-1.0899999999999963,0.0,1.230000000000009,-1.100000000000101,9.93,1.8450000000000886,-1.0899999999999963,0.0,1.2300000000000644,-1.100000000000101,0,0,0,0,0,0,0,0,0,0,0,0,0,0,0,0,0,0,0,0,0,0,0,0,0,0,0,0,0,0,0,0,0,0,0,0,0,0,0,0,0,0,0,0,0,0,0,0,0,0,0,0,0,0,0,0,0,0,0,0,0,0,0,0,0,0,0,0,0,0,0,0,0,0,0,0,0,0,0,0,0,0,0,0,0,0,0,0,0,0,0,0,0,0,0,0,0,0,0,0,0,0,0,0,0,0,0,0,0,0,0,0,0,0,0,0,0,0,0,0,0,0,0,0,0,0,0,0,0,0,0,0,0,0,0,0,0,0,0,0,0,0,0,0,0,0,0,0,0,0
4.702483534,-8.844029786556302,0.10443119312822764,-2.0811706781387281e-07,1.5005455074303953,0.17274839431047345,-1.043081283569327e-06,1.5375455074310305,0.1697651445865631,-1.5497207641601562e-06,3.31658673286438,0.1697651445865631,-1.5497207641601562e-06,4.999942940603389,-0.023887040635712755,4.138555774709917e-08,-4.93,1.47,-1.0,0.0,0.0,0.0,-4.93,3.47,-1.0,0.0,0.0,0.0,-4.93,5.47,-1.0,0.0,0.0,0.0,-4.93,7.47,-1.0,0.0,0.0,0.0,-4.93,1.47,1.0,0.0,0.0,0.0,-4.93,3.47,1.0,0.0,0.0,0.0,-4.93,5.47,1.0,0.0,0.0,0.0,-4.93,7.47,1.0,0.0,0.0,0.0,-2.85,2.68,-1.0,0.0,0.0,0.0,-2.85,4.68,-1.0,0.0,0.0,0.0,-2.85,6.68,-1.0,0.0,0.0,0.0,-2.85,2.68,1.0,0.0,0.0,0.0,-2.85,4.68,1.0,0.0,0.0,0.0,-2.85,6.68,1.0,0.0,0.0,0.0,-4.77,-4.82,-1.0,0.0,0.0,0.0,-4.77,-2.82,-1.0,0.0,0.0,0.0,-4.77,-0.82,-1.0,0.0,0.0,0.0,-4.77,-4.82,1.0,0.0,0.0,0.0,-4.77,-2.82,1.0,0.0,0.0,0.0,-4.77,-0.82,1.0,0.0,0.0,0.0,6.32,-1.8510000000000941,0.08860000000000423,0.0,1.5499999999999403,0.17000000000000348,6.32,0.14899999999996544,0.08860000000000423,0.0,1.5499999999999956,0.17000000000000348,1.68,-1.0098000000000487,0.019400000000000014,0.0,1.6899999999999693,-0.07000000000000062,9.93,-0.056599999999964144,-1.1780000000000044,0.0,1.2299999999999984,-1.100000000000101,9.93,1.9434000000000937,-1.1780000000000044,0.0,1.2300000000000644,-1.100000000000101,0,0,0,0,0,0,0,0,0,0,0,0,0,0,0,0,0,0,0,0,0,0,0,0,0,0,0,0,0,0,0,0,0,0,0,0,0,0,0,0,0,0,0,0,0,0,0,0,0,0,0,0,0,0,0,0,0,0,0,0,0,0,0,0,0,0,0,0,0,0,0,0,0,0,0,0,0,0,0,0,0,0,0,0,0,0,0,0,0,0,0,0,0,0,0,0,0,0,0,0,0,0,0,0,0,0,0,0,0,0,0,0,0,0,0,0,0,0,0,0,0,0,0,0,0,0,0,0,0,0,0,0,0,0,0,0,0,0,0,0,0,0,0,0,0,0,0,0,0,0
4.802612178,-8.751777056110488,0.11461710180342168,-3.011003136634815e-07,1.537545507430238,0.1697651445865672,-1.5497207641601444e-06,1.6165455074310304,0.16366752982139587,-2.1457672119140625e-06,3.362783908843994,0.16366752982139587,-2.1457672119140625e-06,4.999924555924113,-0.02746698139700467,5.415108322964356e-08,-4.93,1.47,-1.0,0.0,0.0,0.0,-4.93,3.47,-1.0,0.0,0.0,0.0,-4.93,5.47,-1.0,0.0,0.0,0.0,-4.93,7.47,-1.0,0.0,0.0,0.0,-4.93,1.47,1.0,0.0,0.0,0.0,-4.93,3.47,1.0,0.0,0.0,0.0,-4.93,5.47,1.0,0.0,0.0,0.0,-4.93,7.47,1.0,0.0,0.0,0.0,-2.85,2.68,-1.0,0.0,0.0,0.0,-2.85,4.68,-1.0,0.0,0.0,0.0,-2.85,6.68,-1.0,0.0,0.0,0.0,-2.85,2.68,1.0,0.0,0.0,0.0,-2.85,4.68,1.0,0.0,0.0,0.0,-2.85,6.68,1.0,0.0,0.0,0.0,-4.77,-4.82,-1.0,0.0,0.0,0.0,-4.77,-2.82,-1.0,0.0,0.0,0.0,-4.77,-0.82,-1.0,0.0,0.0,0.0,-4.77,-4.82,1.0,0.0,0.0,0.0,-4.77,-2.82,1.0,0.0,0.0,0.0,-4.77,-0.82,1.0,0.0,0.0,0.0,6.32,-1.7580000000000977,0.09880000000000444,0.0,1.5499999999999403,0.17000000000000348,6.32,0.2419999999999652,0.09880000000000444,0.0,1.5499999999999956,0.17000000000000348,1.68,-0.9084000000000505,0.015199999999999977,0.0,1.6899999999999693,-0.07000000000000062,9.93,0.04180000000003587,-1.2660000000000124,0.0,1.2300000000000013,-1.100000000000101,9.93,2.0172000000000976,-1.2440000000000104,0.0,1.2300000000000644,-1.100000000000101,0,0,0,0,0,0,0,0,0,0,0,0,0,0,0,0,0,0,0,0,0,0,0,0,0,0,0,0,0,0,0,0,0,0,0,0,0,0,0,0,0,0,0,0,0,0,0,0,0,0,0,0,0,0,0,0,0,0,0,0,0,0,0,0,0,0,0,0,0,0,0,0,0,0,0,0,0,0,0,0,0,0,0,0,0,0,0,0,0,0,0,0,0,0,0,0,0,0,0,0,0,0,0,0,0,0,0,0,0,0,0,0,0,0,0,0,0,0,0,0,0,0,0,0,0,0,0,0,0,0,0,0,0,0,0,0,0,0,0,0,0,0,0,0,0,0,0,0,0,0
4.900538979,-8.623559415515984,0.12779587079584587,-4.6441704034805e-07,1.6165455074315105,0.16366752982138744,-2.1457672119140384e-06,1.6815455074310304,0.15969491004943848,-2.9802322387695312e-08,3.415412187576294,0.15969491004943848,-2.9802322387695312e-08,4.999902206574265,-0.03127178750558502,8.730662116101341e-08,-4.93,1.47,-1.0,0.0,0.0,0.0,-4.93,3.47,-1.0,0.0,0.0,0.0,-4.93,5.47,-1.0,0.0,0.0,0.0,-4.93,7.47,-1.0,0.0,0.0,0.0,-4.93,1.47,1.0,0.0,0.0,0.0,-4.93,3.47,1.0,0.0,0.0,0.0,-4.93,5.47,1.0,0.0,0.0,0.0,-4.93,7.47,1.0,0.0,0.0,0.0,-2.85,2.68,-1.0,0.0,0.0,0.0,-2.85,4.68,-1.0,0.0,0.0,0.0,-2.85,6.68,-1.0,0.0,0.0,0.0,-2.85,2.68,1.0,0.0,0.0,0.0,-2.85,4.68,1.0,0.0,0.0,0.0,-2.85,6.68,1.0,0.0,0.0,0.0,-4.77,-4.82,-1.0,0.0,0.0,0.0,-4.77,-2.82,-1.0,0.0,0.0,0.0,-4.77,-0.82,-1.0,0.0,0.0,0.0,-4.77,-4.82,1.0,0.0,0.0,0.0,-4.77,-2.82,1.0,0.0,0.0,0.0,-4.77,-0.82,1.0,0.0,0.0,0.0,6.32,-1.6340000000001025,0.11240000000000472,0.0,1.5499999999999403,0.17000000000000348,6.32,0.36599999999996485,0.11240000000000472,0.0,1.5499999999999956,0.17000000000000348,1.68,-0.773200000000053,0.009599999999999928,0.0,1.6899999999999693,-0.07000000000000062,9.93,0.11560000000003569,-1.3320000000000185,0.0,1.2299999999999949,-1.100000000000101,9.93,2.1156000000001027,-1.3320000000000185,0.0,1.2300000000000644,-1.100000000000101,0,0,0,0,0,0,0,0,0,0,0,0,0,0,0,0,0,0,0,0,0,0,0,0,0,0,0,0,0,0,0,0,0,0,0,0,0,0,0,0,0,0,0,0,0,0,0,0,0,0,0,0,0,0,0,0,0,0,0,0,0,0,0,0,0,0,0,0,0,0,0,0,0,0,0,0,0,0,0,0,0,0,0,0,0,0,0,0,0,0,0,0,0,0,0,0,0,0,0,0,0,0,0,0,0,0,0,0,0,0,0,0,0,0,0,0,0,0,0,0,0,0,0,0,0,0,0,0,0,0,0,0,0,0,0,0,0,0,0,0,0,0,0,0,0,0,0,0,0,0
5.000934373,-8.522666685070135,0.1373775653988123,-4.6620517969131073e-07,1.681545507430826,0.15969491004944047,-2.9802322387678795e-08,1.7495455074310304,0.15507778525352478,1.3709068298339844e-06,3.4754374027252197,0.15507778525352478,1.3709068298339844e-06,4.999882284693686,-0.034309462342456826,1.2468242407042325e-07,-4.93,1.47,-1.0,0.0,0.0,0.0,-4.93,3.47,-1.0,0.0,0.0,0.0,-4.93,5.47,-1.0,0.0,0.0,0.0,-4.93,7.47,-1.0,0.0,0.0,0.0,-4.93,1.47,1.0,0.0,0.0,0.0,-4.93,3.47,1.0,0.0,0.0,0.0,-4.93,5.47,1.0,0.0,0.0,0.0,-4.93,7.47,1.0,0.0,0.0,0.0,-2.85,2.68,-1.0,0.0,0.0,0.0,-2.85,4.68,-1.0,0.0,0.0,0.0,-2.85,6.68,-1.0,0.0,0.0,0.0,-2.85,2.68,1.0,0.0,0.0,0.0,-2.85,4.68,1.0,0.0,0.0,0.0,-2.85,6.68,1.0,0.0,0.0,0.0,-4.77,-4.82,-1.0,0.0,0.0,0.0,-4.77,-2.82,-1.0,0.0,0.0,0.0,-4.77,-0.82,-1.0,0.0,0.0,0.0,-4.77,-4.82,1.0,0.0,0.0,0.0,-4.77,-2.82,1.0,0.0,0.0,0.0,-4.77,-0.82,1.0,0.0,0.0,0.0,6.32,-1.541000000000106,0.12260000000000493,0.0,1.5499999999999403,0.17000000000000348,6.32,0.4589999999999646,0.12260000000000493,0.0,1.5499999999999956,0.17000000000000348,1.68,-0.6718000000000548,0.005399999999999921,0.0,1.6899999999999693,-0.06999999999999974,9.93,0.18940000000003612,-1.3980000000000246,0.0,1.230000000000009,-1.100000000000101,9.93,2.1894000000001066,-1.3980000000000246,0.0,1.2300000000000644,-1.100000000000101,0,0,0,0,0,0,0,0,0,0,0,0,0,0,0,0,0,0,0,0,0,0,0,0,0,0,0,0,0,0,0,0,0,0,0,0,0,0,0,0,0,0,0,0,0,0,0,0,0,0,0,0,0,0,0,0,0,0,0,0,0,0,0,0,0,0,0,0,0,0,0,0,0,0,0,0,0,0,0,0,0,0,0,0,0,0,0,0,0,0,0,0,0,0,0,0,0,0,0,0,0,0,0,0,0,0,0,0,0,0,0,0,0,0,0,0,0,0,0,0,0,0,0,0,0,0,0,0,0,0,0,0,0,0,0,0,0,0,0,0,0,0,0,0,0,0,0,0,0,0
5.10156791,-8.418169954624252,0.1467145523875956,-3.937557339668243e-07,1.7495455074314492,0.15507778525353233,1.3709068298339657e-06,1.8115455074310305,0.15232354402542114,5.960464477539063e-08,3.542454242706299,0.15232354402542114,5.960464477539063e-08,4.999860099088248,-0.0374030686607979,1.242607029546294e-07,-4.93,1.47,-1.0,0.0,0.0,0.0,-4.93,3.47,-1.0,0.0,0.0,0.0,-4.93,5.47,-1.0,0.0,0.0,0.0,-4.93,7.47,-1.0,0.0,0.0,0.0,-4.93,1.47,1.0,0.0,0.0,0.0,-4.93,3.47,1.0,0.0,0.0,0.0,-4.93,5.47,1.0,0.0,0.0,0.0,-4.93,7.47,1.0,0.0,0.0,0.0,-2.85,2.68,-1.0,0.0,0.0,0.0,-2.85,4.68,-1.0,0.0,0.0,0.0,-2.85,6.68,-1.0,0.0,0.0,0.0,-2.85,2.68,1.0,0.0,0.0,0.0,-2.85,4.68,1.0,0.0,0.0,0.0,-2.85,6.68,1.0,0.0,0.0,0.0,-4.77,-4.82,-1.0,0.0,0.0,0.0,-4.77,-2.82,-1.0,0.0,0.0,0.0,-4.77,-0.82,-1.0,0.0,0.0,0.0,-4.77,-4.82,1.0,0.0,0.0,0.0,-4.77,-2.82,1.0,0.0,0.0,0.0,-4.77,-0.82,1.0,0.0,0.0,0.0,6.32,-1.4480000000001096,0.13280000000000514,0.0,1.5499999999999403,0.17000000000000348,6.32,0.5519999999999662,0.13280000000000514,0.0,1.5500000000000511,0.17000000000000348,1.68,-0.5704000000000566,0.0011999999999999218,0.0,1.6899999999999693,-0.06999999999999997,9.93,0.2632000000000366,-1.4640000000000306,0.0,1.230000000000009,-1.100000000000101,9.93,2.2632000000001105,-1.4640000000000306,0.0,1.2300000000000644,-1.100000000000101,0,0,0,0,0,0,0,0,0,0,0,0,0,0,0,0,0,0,0,0,0,0,0,0,0,0,0,0,0,0,0,0,0,0,0,0,0,0,0,0,0,0,0,0,0,0,0,0,0,0,0,0,0,0,0,0,0,0,0,0,0,0,0,0,0,0,0,0,0,0,0,0,0,0,0,0,0,0,0,0,0,0,0,0,0,0,0,0,0,0,0,0,0,0,0,0,0,0,0,0,0,0,0,0,0,0,0,0,0,0,0,0,0,0,0,0,0,0,0,0,0,0,0,0,0,0,0,0,0,0,0,0,0,0,0,0,0,0,0,0,0,0,0,0,0,0,0,0,0,0
5.201423199,-8.309973224178377,0.15587599895894558,-3.796890377998312e-07,1.8115455074312337,0.1523235440254178,5.960464477541053e-08,1.8715455074310305,0.15005922317504883,6.556510925292969e-07,3.6164307594299316,0.15005922317504883,6.556510925292969e-07,4.999838458888131,-0.04019185269614243,1.0570332017139845e-07,-4.93,1.47,-1.0,0.0,0.0,0.0,-4.93,3.47,-1.0,0.0,0.0,0.0,-4.93,5.47,-1.0,0.0,0.0,0.0,-4.93,7.47,-1.0,0.0,0.0,0.0,-4.93,1.47,1.0,0.0,0.0,0.0,-4.93,3.47,1.0,0.0,0.0,0.0,-4.93,5.47,1.0,0.0,0.0,0.0,-4.93,7.47,1.0,0.0,0.0,0.0,-2.85,2.68,-1.0,0.0,0.0,0.0,-2.85,4.68,-1.0,0.0,0.0,0.0,-2.85,6.68,-1.0,0.0,0.0,0.0,-2.85,2.68,1.0,0.0,0.0,0.0,-2.85,4.68,1.0,0.0,0.0,0.0,-2.85,6.68,1.0,0.0,0.0,0.0,-4.77,-4.82,-1.0,0.0,0.0,0.0,-4.77,-2.82,-1.0,0.0,0.0,0.0,-4.77,-0.82,-1.0,0.0,0.0,0.0,-4.77,-4.82,1.0,0.0,0.0,0.0,-4.77,-2.82,1.0,0.0,0.0,0.0,-4.77,-0.82,1.0,0.0,0.0,0.0,6.32,-1.3550000000001132,0.14300000000000535,0.0,1.5499999999999403,0.17000000000000348,6.32,0.6449999999999693,0.14300000000000535,0.0,1.5500000000000511,0.17000000000000348,1.68,-0.4690000000000574,-0.0030000000000000803,0.0,1.6900000000000248,-0.07000000000000019,9.93,0.33700000000003716,-1.5300000000000367,0.0,1.230000000000009,-1.100000000000101,9.93,2.3370000000001143,-1.5300000000000367,0.0,1.2300000000000644,-1.100000000000101,0,0,0,0,0,0,0,0,0,0,0,0,0,0,0,0,0,0,0,0,0,0,0,0,0,0,0,0,0,0,0,0,0,0,0,0,0,0,0,0,0,0,0,0,0,0,0,0,0,0,0,0,0,0,0,0,0,0,0,0,0,0,0,0,0,0,0,0,0,0,0,0,0,0,0,0,0,0,0,0,0,0,0,0,0,0,0,0,0,0,0,0,0,0,0,0,0,0,0,0,0,0,0,0,0,0,0,0,0,0,0,0,0,0,0,0,0,0,0,0,0,0,0,0,0,0,0,0,0,0,0,0,0,0,0,0,0,0,0,0,0,0,0,0,0,0,0,0,0,0
5.300665296,-8.160789583583913,0.16790111570060232,-3.3260136842727194e-07,1.8715455074307386,0.15005922317504194,6.55651092529304e-07,1.9455455074310306,0.14656007289886475,1.1324882507324219e-06,3.7033257484436035,0.14656007289886475,1.1324882507324219e-06,4.999814923005966,-0.043020177670970786,1.027253791211097e-07,-4.93,1.47,-1.0,0.0,0.0,0.0,-4.93,3.47,-1.0,0.0,0.0,0.0,-4.93,5.47,-1.0,0.0,0.0,0.0,-4.93,7.47,-1.0,0.0,0.0,0.0,-4.93,1.47,1.0,0.0,0.0,0.0,-4.93,3.47,1.0,0.0,0.0,0.0,-4.93,5.47,1.0,0.0,0.0,0.0,-4.93,7.47,1.0,0.0,0.0,0.0,-2.85,2.68,-1.0,0.0,0.0,0.0,-2.85,4.68,-1.0,0.0,0.0,0.0,-2.85,6.68,-1.0,0.0,0.0,0.0,-2.85,2.68,1.0,0.0,0.0,0.0,-2.85,4.68,1.0,0.0,0.0,0.0,-2.85,6.68,1.0,0.0,0.0,0.0,-4.77,-4.82,-1.0,0.0,0.0,0.0,-4.77,-2.82,-1.0,0.0,0.0,0.0,-4.77,-0.82,-1.0,0.0,0.0,0.0,-4.77,-4.82,1.0,0.0,0.0,0.0,-4.77,-2.82,1.0,0.0,0.0,0.0,-4.77,-0.82,1.0,0.0,0.0,0.0,6.32,-1.231000000000118,0.15660000000000562,0.0,1.5499999999999403,0.17000000000000348,6.32,0.7689999999999734,0.15660000000000562,0.0,1.5500000000000511,0.17000000000000348,1.68,-0.33380000000005544,-0.008600000000000076,0.0,1.6900000000000248,-0.07000000000000062,9.93,0.43540000000003787,-1.6180000000000447,0.0,1.230000000000009,-1.100000000000101,9.93,2.4354000000001195,-1.6180000000000447,0.0,1.2300000000000644,-1.100000000000101,0,0,0,0,0,0,0,0,0,0,0,0,0,0,0,0,0,0,0,0,0,0,0,0,0,0,0,0,0,0,0,0,0,0,0,0,0,0,0,0,0,0,0,0,0,0,0,0,0,0,0,0,0,0,0,0,0,0,0,0,0,0,0,0,0,0,0,0,0,0,0,0,0,0,0,0,0,0,0,0,0,0,0,0,0,0,0,0,0,0,0,0,0,0,0,0,0,0,0,0,0,0,0,0,0,0,0,0,0,0,0,0,0,0,0,0,0,0,0,0,0,0,0,0,0,0,0,0,0,0,0,0,0,0,0,0,0,0,0,0,0,0,0,0,0,0,0,0,0,0
5.402007205,-8.005367942989478,0.17963641898334054,-2.4343281984328696e-07,1.945545507430424,0.1465600728988714,1.1324882507324293e-06,2.0225455074310306,0.14624059200286865,1.7881393432617188e-07,3.84047532081604,0.14624059200286865,1.7881393432617188e-07,4.99975117594389,-0.04988164640112243,6.759670400119199e-08,-4.93,1.47,-1.0,0.0,0.0,0.0,-4.93,3.47,-1.0,0.0,0.0,0.0,-4.93,5.47,-1.0,0.0,0.0,0.0,-4.93,7.47,-1.0,0.0,0.0,0.0,-4.93,1.47,1.0,0.0,0.0,0.0,-4.93,3.47,1.0,0.0,0.0,0.0,-4.93,5.47,1.0,0.0,0.0,0.0,-4.93,7.47,1.0,0.0,0.0,0.0,-2.85,2.68,-1.0,0.0,0.0,0.0,-2.85,4.68,-1.0,0.0,0.0,0.0,-2.85,6.68,-1.0,0.0,0.0,0.0,-2.85,2.68,1.0,0.0,0.0,0.0,-2.85,4.68,1.0,0.0,0.0,0.0,-2.85,6.68,1.0,0.0,0.0,0.0,-4.77,-4.82,-1.0,0.0,0.0,0.0,-4.77,-2.82,-1.0,0.0,0.0,0.0,-4.77,-0.82,-1.0,0.0,0.0,0.0,-4.77,-4.82,1.0,0.0,0.0,0.0,-4.77,-2.82,1.0,0.0,0.0,0.0,-4.77,-0.82,1.0,0.0,0.0,0.0,6.32,-1.1070000000001228,0.1702000000000059,0.0,1.5499999999999403,0.17000000000000348,6.32,0.8929999999999775,0.1702000000000059,0.0,1.5500000000000511,0.17000000000000348,1.68,-0.19860000000005432,-0.014200000000000126,0.0,1.6899999999999973,-0.07000000000000062,9.93,0.533800000000037,-1.7060000000000528,0.0,1.2299999999999536,-1.100000000000101,9.93,2.5338000000001246,-1.7060000000000528,0.0,1.2300000000000644,-1.100000000000101,0,0,0,0,0,0,0,0,0,0,0,0,0,0,0,0,0,0,0,0,0,0,0,0,0,0,0,0,0,0,0,0,0,0,0,0,0,0,0,0,0,0,0,0,0,0,0,0,0,0,0,0,0,0,0,0,0,0,0,0,0,0,0,0,0,0,0,0,0,0,0,0,0,0,0,0,0,0,0,0,0,0,0,0,0,0,0,0,0,0,0,0,0,0,0,0,0,0,0,0,0,0,0,0,0,0,0,0,0,0,0,0,0,0,0,0,0,0,0,0,0,0,0,0,0,0,0,0,0,0,0,0,0,0,0,0,0,0,0,0,0,0,0,0,0,0,0,0,0,0
5.503528835,-7.843333302394967,0.1913328888267271,-2.239421010017337e-07,2.045645507431182,0.14596284031866968,6.973743438720756e-07,2.0995455074310305,0.1453147530555725,1.9073486328125e-06,4.020910739898682,0.1453147530555725,1.9073486328125e-06,4.99975117594389,-0.04988164640112243,6.759670400119199e-08,-4.93,1.47,-1.0,0.0,0.0,0.0,-4.93,3.47,-1.0,0.0,0.0,0.0,-4.93,5.47,-1.0,0.0,0.0,0.0,-4.93,7.47,-1.0,0.0,0.0,0.0,-4.93,1.47,1.0,0.0,0.0,0.0,-4.93,3.47,1.0,0.0,0.0,0.0,-4.93,5.47,1.0,0.0,0.0,0.0,-4.93,7.47,1.0,0.0,0.0,0.0,-2.85,2.68,-1.0,0.0,0.0,0.0,-2.85,4.68,-1.0,0.0,0.0,0.0,-2.85,6.68,-1.0,0.0,0.0,0.0,-2.85,2.68,1.0,0.0,0.0,0.0,-2.85,4.68,1.0,0.0,0.0,0.0,-2.85,6.68,1.0,0.0,0.0,0.0,-4.77,-4.82,-1.0,0.0,0.0,0.0,-4.77,-2.82,-1.0,0.0,0.0,0.0,-4.77,-0.82,-1.0,0.0,0.0,0.0,-4.77,-4.82,1.0,0.0,0.0,0.0,-4.77,-2.82,1.0,0.0,0.0,0.0,-4.77,-0.82,1.0,0.0,0.0,0.0,6.32,-0.9830000000001263,0.18380000000000618,0.0,1.5500000000000511,0.17000000000000348,6.32,1.0169999999999804,0.18380000000000618,0.0,1.5499999999999403,0.17000000000000348,1.68,-0.06340000000005455,-0.019800000000000175,0.0,1.6899999999999973,-0.07000000000000062,9.93,0.6322000000000333,-1.7940000000000609,0.0,1.2299999999999536,-1.100000000000101,9.93,2.6322000000001298,-1.7940000000000609,0.0,1.2300000000000644,-1.100000000000101,0,0,0,0,0,0,0,0,0,0,0,0,0,0,0,0,0,0,0,0,0,0,0,0,0,0,0,0,0,0,0,0,0,0,0,0,0,0,0,0,0,0,0,0,0,0,0,0,0,0,0,0,0,0,0,0,0,0,0,0,0,0,0,0,0,0,0,0,0,0,0,0,0,0,0,0,0,0,0,0,0,0,0,0,0,0,0,0,0,0,0,0,0,0,0,0,0,0,0,0,0,0,0,0,0,0,0,0,0,0,0,0,0,0,0,0,0,0,0,0,0,0,0,0,0,0,0,0,0,0,0,0,0,0,0,0,0,0,0,0,0,0,0,0,0,0,0,0,0,0
5.601949165,-7.6753696618005165,0.2029580690711727,-7.135421037673356e-08,2.0995455074306335,0.14531475305556985,1.9073486328125013e-06,2.1845455074310305,0.14366918802261353,-4.172325134277344e-07,4.277987003326416,0.14366918802261353,-4.172325134277344e-07,4.9997145848325895,-0.05342349869000395,6.321092834995456e-08,-4.93,1.47,-1.0,0.0,0.0,0.0,-4.93,3.47,-1.0,0.0,0.0,0.0,-4.93,5.47,-1.0,0.0,0.0,0.0,-4.93,7.47,-1.0,0.0,0.0,0.0,-4.93,1.47,1.0,0.0,0.0,0.0,-4.93,3.47,1.0,0.0,0.0,0.0,-4.93,5.47,1.0,0.0,0.0,0.0,-4.93,7.47,1.0,0.0,0.0,0.0,-2.85,2.68,-1.0,0.0,0.0,0.0,-2.85,4.68,-1.0,0.0,0.0,0.0,-2.85,6.68,-1.0,0.0,0.0,0.0,-2.85,2.68,1.0,0.0,0.0,0.0,-2.85,4.68,1.0,0.0,0.0,0.0,-2.85,6.68,1.0,0.0,0.0,0.0,-4.77,-4.82,-1.0,0.0,0.0,0.0,-4.77,-2.82,-1.0,0.0,0.0,0.0,-4.77,-0.82,-1.0,0.0,0.0,0.0,-4.77,-4.82,1.0,0.0,0.0,0.0,-4.77,-2.82,1.0,0.0,0.0,0.0,-4.77,-0.82,1.0,0.0,0.0,0.0,6.32,-0.8590000000001222,0.19740000000000646,0.0,1.5500000000000511,0.17000000000000348,6.32,1.1409999999999756,0.19740000000000646,0.0,1.5499999999999403,0.17000000000000348,1.68,0.07179999999994534,-0.025400000000000224,0.0,1.6899999999999982,-0.07000000000000062,9.93,0.7306000000000296,-1.882000000000069,0.0,1.2299999999999536,-1.100000000000101,9.93,2.730600000000135,-1.882000000000069,0.0,1.2300000000000644,-1.100000000000101,0,0,0,0,0,0,0,0,0,0,0,0,0,0,0,0,0,0,0,0,0,0,0,0,0,0,0,0,0,0,0,0,0,0,0,0,0,0,0,0,0,0,0,0,0,0,0,0,0,0,0,0,0,0,0,0,0,0,0,0,0,0,0,0,0,0,0,0,0,0,0,0,0,0,0,0,0,0,0,0,0,0,0,0,0,0,0,0,0,0,0,0,0,0,0,0,0,0,0,0,0,0,0,0,0,0,0,0,0,0,0,0,0,0,0,0,0,0,0,0,0,0,0,0,0,0,0,0,0,0,0,0,0,0,0,0,0,0,0,0,0,0,0,0,0,0,0,0,0,0
5.705638912,-7.500272021206038,0.2144854220598924,-9.924918413161588e-08,2.234945507431174,0.146721869707106,-3.337860107421812e-07,2.2565455074310306,0.14803016185760498,-2.980232238769531e-07,4.636960983276367,0.14803016185760498,-2.980232238769531e-07,4.99962811848991,-0.06098095444517404,2.7689709501346283e-08,-4.93,1.47,-1.0,0.0,0.0,0.0,-4.93,3.47,-1.0,0.0,0.0,0.0,-4.93,5.47,-1.0,0.0,0.0,0.0,-4.93,7.47,-1.0,0.0,0.0,0.0,-4.93,1.47,1.0,0.0,0.0,0.0,-4.93,3.47,1.0,0.0,0.0,0.0,-4.93,5.47,1.0,0.0,0.0,0.0,-4.93,7.47,1.0,0.0,0.0,0.0,-2.85,2.68,-1.0,0.0,0.0,0.0,-2.85,4.68,-1.0,0.0,0.0,0.0,-2.85,6.68,-1.0,0.0,0.0,0.0,-2.85,2.68,1.0,0.0,0.0,0.0,-2.85,4.68,1.0,0.0,0.0,0.0,-2.85,6.68,1.0,0.0,0.0,0.0,-4.77,-4.82,-1.0,0.0,0.0,0.0,-4.77,-2.82,-1.0,0.0,0.0,0.0,-4.77,-0.82,-1.0,0.0,0.0,0.0,-4.77,-4.82,1.0,0.0,0.0,0.0,-4.77,-2.82,1.0,0.0,0.0,0.0,-4.77,-0.82,1.0,0.0,0.0,0.0,6.32,-0.7350000000001181,0.21100000000000674,0.0,1.5500000000000511,0.17000000000000348,6.32,1.2649999999999708,0.21100000000000674,0.0,1.5499999999999403,0.17000000000000348,1.68,0.20699999999994512,-0.031000000000000274,0.0,1.6899999999999973,-0.07000000000000062,9.93,0.8290000000000258,-1.970000000000077,0.0,1.2299999999999536,-1.100000000000101,9.93,2.82900000000014,-1.970000000000077,0.0,1.2300000000000644,-1.100000000000101,0,0,0,0,0,0,0,0,0,0,0,0,0,0,0,0,0,0,0,0,0,0,0,0,0,0,0,0,0,0,0,0,0,0,0,0,0,0,0,0,0,0,0,0,0,0,0,0,0,0,0,0,0,0,0,0,0,0,0,0,0,0,0,0,0,0,0,0,0,0,0,0,0,0,0,0,0,0,0,0,0,0,0,0,0,0,0,0,0,0,0,0,0,0,0,0,0,0,0,0,0,0,0,0,0,0,0,0,0,0,0,0,0,0,0,0,0,0,0,0,0,0,0,0,0,0,0,0,0,0,0,0,0,0,0,0,0,0,0,0,0,0,0,0,0,0,0,0,0,0
5.801269605,-7.364879290760162,0.22336723177134865,-1.1713057756423269e-07,2.2565455074312624,0.1480301618576041,-2.9802322387694677e-07,2.3265455074310304,0.14758694171905518,2.0131278688495513e-06,4.993463516235352,0.14758694171905518,2.0131278688495513e-06,4.99962811848991,-0.06098095444517404,2.7689709501346283e-08,-4.93,1.47,-1.0,0.0,0.0,0.0,-4.93,3.47,-1.0,0.0,0.0,0.0,-4.93,5.47,-1.0,0.0,0.0,0.0,-4.93,7.47,-1.0,0.0,0.0,0.0,-4.93,1.47,1.0,0.0,0.0,0.0,-4.93,3.47,1.0,0.0,0.0,0.0,-4.93,5.47,1.0,0.0,0.0,0.0,-4.93,7.47,1.0,0.0,0.0,0.0,-2.85,2.68,-1.0,0.0,0.0,0.0,-2.85,4.68,-1.0,0.0,0.0,0.0,-2.85,6.68,-1.0,0.0,0.0,0.0,-2.85,2.68,1.0,0.0,0.0,0.0,-2.85,4.68,1.0,0.0,0.0,0.0,-2.85,6.68,1.0,0.0,0.0,0.0,-4.77,-4.82,-1.0,0.0,0.0,0.0,-4.77,-2.82,-1.0,0.0,0.0,0.0,-4.77,-0.82,-1.0,0.0,0.0,0.0,-4.77,-4.82,1.0,0.0,0.0,0.0,-4.77,-2.82,1.0,0.0,0.0,0.0,-4.77,-0.82,1.0,0.0,0.0,0.0,6.32,-0.642000000000115,0.22120000000000695,0.0,1.5500000000000511,0.17000000000000348,6.32,1.3579999999999672,0.22120000000000695,0.0,1.5499999999999403,0.17000000000000348,1.68,0.3083999999999459,-0.03520000000000031,0.0,1.6900000000000248,-0.07000000000000062,9.93,0.902800000000023,-2.036000000000083,0.0,1.2299999999999536,-1.100000000000101,9.93,2.902800000000144,-2.036000000000083,0.0,1.2300000000000644,-1.100000000000101,0,0,0,0,0,0,0,0,0,0,0,0,0,0,0,0,0,0,0,0,0,0,0,0,0,0,0,0,0,0,0,0,0,0,0,0,0,0,0,0,0,0,0,0,0,0,0,0,0,0,0,0,0,0,0,0,0,0,0,0,0,0,0,0,0,0,0,0,0,0,0,0,0,0,0,0,0,0,0,0,0,0,0,0,0,0,0,0,0,0,0,0,0,0,0,0,0,0,0,0,0,0,0,0,0,0,0,0,0,0,0,0,0,0,0,0,0,0,0,0,0,0,0,0,0,0,0,0,0,0,0,0,0,0,0,0,0,0,0,0,0,0,0,0,0,0,0,0,0,0
5.905549781,-7.178491650165662,0.23509528295695747,1.7526943338459748e-08,2.380945507431065,0.13951923847198566,2.983174454129762e-07,2.3945455074310305,0.13750231266021729,-1.30385160446167e-07,4.994019508361816,0.13750231266021729,-1.30385160446167e-07,4.999583105499381,-0.06456602206397337,3.1511835001750276e-08,-4.93,1.47,-1.0,0.0,0.0,0.0,-4.93,3.47,-1.0,0.0,0.0,0.0,-4.93,5.47,-1.0,0.0,0.0,0.0,-4.93,7.47,-1.0,0.0,0.0,0.0,-4.93,1.47,1.0,0.0,0.0,0.0,-4.93,3.47,1.0,0.0,0.0,0.0,-4.93,5.47,1.0,0.0,0.0,0.0,-4.93,7.47,1.0,0.0,0.0,0.0,-2.85,2.68,-1.0,0.0,0.0,0.0,-2.85,4.68,-1.0,0.0,0.0,0.0,-2.85,6.68,-1.0,0.0,0.0,0.0,-2.85,2.68,1.0,0.0,0.0,0.0,-2.85,4.68,1.0,0.0,0.0,0.0,-2.85,6.68,1.0,0.0,0.0,0.0,-4.77,-4.82,-1.0,0.0,0.0,0.0,-4.77,-2.82,-1.0,0.0,0.0,0.0,-4.77,-0.82,-1.0,0.0,0.0,0.0,-4.77,-4.82,1.0,0.0,0.0,0.0,-4.77,-2.82,1.0,0.0,0.0,0.0,-4.77,-0.82,1.0,0.0,0.0,0.0,6.32,-0.5180000000001109,0.23480000000000723,0.0,1.5500000000000511,0.17000000000000348,6.32,1.4509999999999637,0.23140000000000716,0.0,1.5499999999999403,0.17000000000000348,1.68,0.4097999999999474,-0.039400000000000344,0.0,1.6900000000000248,-0.07000000000000062,9.93,1.0012000000000194,-2.124000000000091,0.0,1.2299999999999645,-1.100000000000101,9.93,2.976600000000148,-2.102000000000089,0.0,1.2300000000000644,-1.100000000000101,0,0,0,0,0,0,0,0,0,0,0,0,0,0,0,0,0,0,0,0,0,0,0,0,0,0,0,0,0,0,0,0,0,0,0,0,0,0,0,0,0,0,0,0,0,0,0,0,0,0,0,0,0,0,0,0,0,0,0,0,0,0,0,0,0,0,0,0,0,0,0,0,0,0,0,0,0,0,0,0,0,0,0,0,0,0,0,0,0,0,0,0,0,0,0,0,0,0,0,0,0,0,0,0,0,0,0,0,0,0,0,0,0,0,0,0,0,0,0,0,0,0,0,0,0,0,0,0,0,0,0,0,0,0,0,0,0,0,0,0,0,0,0,0,0,0,0,0,0,0
6.001344689,-7.034818919719801,0.24334542171657036,9.703833711689697e-09,2.394545507431012,0.13750231266021484,-1.303851604461675e-07,2.4625455074310305,0.12695227563381195,-3.297412831670954e-07,4.9945831298828125,0.12695227563381195,-3.297412831670954e-07,4.999489912285988,-0.07141860367324554,-2.8479444941990198e-09,-4.93,1.47,-1.0,0.0,0.0,0.0,-4.93,3.47,-1.0,0.0,0.0,0.0,-4.93,5.47,-1.0,0.0,0.0,0.0,-4.93,7.47,-1.0,0.0,0.0,0.0,-4.93,1.47,1.0,0.0,0.0,0.0,-4.93,3.47,1.0,0.0,0.0,0.0,-4.93,5.47,1.0,0.0,0.0,0.0,-4.93,7.47,1.0,0.0,0.0,0.0,-2.85,2.68,-1.0,0.0,0.0,0.0,-2.85,4.68,-1.0,0.0,0.0,0.0,-2.85,6.68,-1.0,0.0,0.0,0.0,-2.85,2.68,1.0,0.0,0.0,0.0,-2.85,4.68,1.0,0.0,0.0,0.0,-2.85,6.68,1.0,0.0,0.0,0.0,-4.77,-4.82,-1.0,0.0,0.0,0.0,-4.77,-2.82,-1.0,0.0,0.0,0.0,-4.77,-0.82,-1.0,0.0,0.0,0.0,-4.77,-4.82,1.0,0.0,0.0,0.0,-4.77,-2.82,1.0,0.0,0.0,0.0,-4.77,-0.82,1.0,0.0,0.0,0.0,6.32,-0.42500000000011057,0.24500000000000743,0.0,1.5499999999999956,0.17000000000000348,6.32,1.5749999999999589,0.24500000000000743,0.0,1.5499999999999403,0.17000000000000348,1.68,0.5449999999999479,-0.045000000000000394,0.0,1.6899999999999693,-0.07000000000000062,9.93,1.0750000000000233,-2.190000000000097,0.0,1.2300000000000644,-1.100000000000101,9.93,3.075000000000153,-2.190000000000097,0.0,1.2300000000000644,-1.100000000000101,0,0,0,0,0,0,0,0,0,0,0,0,0,0,0,0,0,0,0,0,0,0,0,0,0,0,0,0,0,0,0,0,0,0,0,0,0,0,0,0,0,0,0,0,0,0,0,0,0,0,0,0,0,0,0,0,0,0,0,0,0,0,0,0,0,0,0,0,0,0,0,0,0,0,0,0,0,0,0,0,0,0,0,0,0,0,0,0,0,0,0,0,0,0,0,0,0,0,0,0,0,0,0,0,0,0,0,0,0,0,0,0,0,0,0,0,0,0,0,0,0,0,0,0,0,0,0,0,0,0,0,0,0,0,0,0,0,0,0,0,0,0,0,0,0,0,0,0,0,0
6.100749978,-6.887066189273956,0.2509625582545988,-1.0080643278336017e-08,2.4625455074307467,0.12695227563380707,-3.2974128316709507e-07,2.5325455074310304,0.11335235089063644,2.1102269442963006e-07,4.995297431945801,0.11335235089063644,2.1102269442963006e-07,4.999489912285988,-0.07141860367324554,-2.8479444941990198e-09,-4.93,1.47,-1.0,0.0,0.0,0.0,-4.93,3.47,-1.0,0.0,0.0,0.0,-4.93,5.47,-1.0,0.0,0.0,0.0,-4.93,7.47,-1.0,0.0,0.0,0.0,-4.93,1.47,1.0,0.0,0.0,0.0,-4.93,3.47,1.0,0.0,0.0,0.0,-4.93,5.47,1.0,0.0,0.0,0.0,-4.93,7.47,1.0,0.0,0.0,0.0,-2.85,2.68,-1.0,0.0,0.0,0.0,-2.85,4.68,-1.0,0.0,0.0,0.0,-2.85,6.68,-1.0,0.0,0.0,0.0,-2.85,2.68,1.0,0.0,0.0,0.0,-2.85,4.68,1.0,0.0,0.0,0.0,-2.85,6.68,1.0,0.0,0.0,0.0,-4.77,-4.82,-1.0,0.0,0.0,0.0,-4.77,-2.82,-1.0,0.0,0.0,0.0,-4.77,-0.82,-1.0,0.0,0.0,0.0,-4.77,-4.82,1.0,0.0,0.0,0.0,-4.77,-2.82,1.0,0.0,0.0,0.0,-4.77,-0.82,1.0,0.0,0.0,0.0,6.32,-0.3320000000001108,0.25520000000000764,0.0,1.5499999999999956,0.17000000000000348,6.32,1.6679999999999553,0.25520000000000764,0.0,1.5499999999999403,0.17000000000000348,1.68,0.646399999999946,-0.04920000000000043,0.0,1.6899999999999693,-0.07000000000000062,9.93,1.1488000000000271,-2.2560000000001033,0.0,1.2300000000000644,-1.100000000000101,9.93,3.148800000000157,-2.2560000000001033,0.0,1.2300000000000644,-1.100000000000101,0,0,0,0,0,0,0,0,0,0,0,0,0,0,0,0,0,0,0,0,0,0,0,0,0,0,0,0,0,0,0,0,0,0,0,0,0,0,0,0,0,0,0,0,0,0,0,0,0,0,0,0,0,0,0,0,0,0,0,0,0,0,0,0,0,0,0,0,0,0,0,0,0,0,0,0,0,0,0,0,0,0,0,0,0,0,0,0,0,0,0,0,0,0,0,0,0,0,0,0,0,0,0,0,0,0,0,0,0,0,0,0,0,0,0,0,0,0,0,0,0,0,0,0,0,0,0,0,0,0,0,0,0,0,0,0,0,0,0,0,0,0,0,0,0,0,0,0,0,0
6.202916542,-6.685094548679495,0.2601570462957033,1.7336944040449246e-09,2.5393455074308235,0.11238242313267865,2.450388848274088e-07,2.6005455074310304,0.10365307331085205,5.511845984074171e-07,4.9957427978515625,0.10365307331085205,5.511845984074171e-07,4.999442396408815,-0.0746707773501733,3.1286793058823582e-09,-4.93,1.47,-1.0,0.0,0.0,0.0,-4.93,3.47,-1.0,0.0,0.0,0.0,-4.93,5.47,-1.0,0.0,0.0,0.0,-4.93,7.47,-1.0,0.0,0.0,0.0,-4.93,1.47,1.0,0.0,0.0,0.0,-4.93,3.47,1.0,0.0,0.0,0.0,-4.93,5.47,1.0,0.0,0.0,0.0,-4.93,7.47,1.0,0.0,0.0,0.0,-2.85,2.68,-1.0,0.0,0.0,0.0,-2.85,4.68,-1.0,0.0,0.0,0.0,-2.85,6.68,-1.0,0.0,0.0,0.0,-2.85,2.68,1.0,0.0,0.0,0.0,-2.85,4.68,1.0,0.0,0.0,0.0,-2.85,6.68,1.0,0.0,0.0,0.0,-4.77,-4.82,-1.0,0.0,0.0,0.0,-4.77,-2.82,-1.0,0.0,0.0,0.0,-4.77,-0.82,-1.0,0.0,0.0,0.0,-4.77,-4.82,1.0,0.0,0.0,0.0,-4.77,-2.82,1.0,0.0,0.0,0.0,-4.77,-0.82,1.0,0.0,0.0,0.0,6.32,-0.20800000000011115,0.2688000000000079,0.0,1.5499999999999956,0.17000000000000348,6.32,1.7919999999999505,0.2688000000000079,0.0,1.5499999999999403,0.17000000000000348,1.68,0.7815999999999436,-0.05480000000000048,0.0,1.6899999999999693,-0.07000000000000062,9.93,1.2472000000000323,-2.3440000000001113,0.0,1.2300000000000644,-1.100000000000101,9.93,3.247200000000162,-2.3440000000001113,0.0,1.2300000000000644,-1.100000000000101,0,0,0,0,0,0,0,0,0,0,0,0,0,0,0,0,0,0,0,0,0,0,0,0,0,0,0,0,0,0,0,0,0,0,0,0,0,0,0,0,0,0,0,0,0,0,0,0,0,0,0,0,0,0,0,0,0,0,0,0,0,0,0,0,0,0,0,0,0,0,0,0,0,0,0,0,0,0,0,0,0,0,0,0,0,0,0,0,0,0,0,0,0,0,0,0,0,0,0,0,0,0,0,0,0,0,0,0,0,0,0,0,0,0,0,0,0,0,0,0,0,0,0,0,0,0,0,0,0,0,0,0,0,0,0,0,0,0,0,0,0,0,0,0,0,0,0,0,0,0
6.300908751,-6.529061818233612,0.2663762306943536,3.480477030848997e-08,2.6005455074313844,0.10365307331083873,5.511845984074176e-07,2.6705455074310303,0.0912143811583519,1.744413395954325e-07,4.996305465698242,0.0912143811583519,1.744413395954325e-07,4.999393031929541,-0.07790579114769014,-4.510768730746609e-10,-4.93,1.47,-1.0,0.0,0.0,0.0,-4.93,3.47,-1.0,0.0,0.0,0.0,-4.93,5.47,-1.0,0.0,0.0,0.0,-4.93,7.47,-1.0,0.0,0.0,0.0,-4.93,1.47,1.0,0.0,0.0,0.0,-4.93,3.47,1.0,0.0,0.0,0.0,-4.93,5.47,1.0,0.0,0.0,0.0,-4.93,7.47,1.0,0.0,0.0,0.0,-2.85,2.68,-1.0,0.0,0.0,0.0,-2.85,4.68,-1.0,0.0,0.0,0.0,-2.85,6.68,-1.0,0.0,0.0,0.0,-2.85,2.68,1.0,0.0,0.0,0.0,-2.85,4.68,1.0,0.0,0.0,0.0,-2.85,6.68,1.0,0.0,0.0,0.0,-4.77,-4.82,-1.0,0.0,0.0,0.0,-4.77,-2.82,-1.0,0.0,0.0,0.0,-4.77,-0.82,-1.0,0.0,0.0,0.0,-4.77,-4.82,1.0,0.0,0.0,0.0,-4.77,-2.82,1.0,0.0,0.0,0.0,-4.77,-0.82,1.0,0.0,0.0,0.0,6.32,-0.1150000000001114,0.27900000000000813,0.0,1.5499999999999956,0.17000000000000348,6.32,1.884999999999947,0.27900000000000813,0.0,1.5499999999999403,0.17000000000000348,1.68,0.8829999999999417,-0.05900000000000052,0.0,1.6899999999999693,-0.07000000000000062,9.93,1.3210000000000361,-2.4100000000001174,0.0,1.2300000000000644,-1.100000000000101,9.93,3.321000000000166,-2.4100000000001174,0.0,1.2300000000000644,-1.100000000000101,0,0,0,0,0,0,0,0,0,0,0,0,0,0,0,0,0,0,0,0,0,0,0,0,0,0,0,0,0,0,0,0,0,0,0,0,0,0,0,0,0,0,0,0,0,0,0,0,0,0,0,0,0,0,0,0,0,0,0,0,0,0,0,0,0,0,0,0,0,0,0,0,0,0,0,0,0,0,0,0,0,0,0,0,0,0,0,0,0,0,0,0,0,0,0,0,0,0,0,0,0,0,0,0,0,0,0,0,0,0,0,0,0,0,0,0,0,0,0,0,0,0,0,0,0,0,0,0,0,0,0,0,0,0,0,0,0,0,0,0,0,0,0,0,0,0,0,0,0,0
6.400576986,-6.262062267490474,0.2755256729796511,5.642616255841626e-08,2.714045507431262,0.08530771359799294,3.284468874653614e-07,2.7575455074310304,0.07940104603767395,4.824524353352899e-07,4.996799468994141,0.07940104603767395,4.824524353352899e-07,4.9993461142819475,-0.08086055660207489,-1.1188019810432674e-08,-4.93,1.47,-1.0,0.0,0.0,0.0,-4.93,3.47,-1.0,0.0,0.0,0.0,-4.93,5.47,-1.0,0.0,0.0,0.0,-4.93,7.47,-1.0,0.0,0.0,0.0,-4.93,1.47,1.0,0.0,0.0,0.0,-4.93,3.47,1.0,0.0,0.0,0.0,-4.93,5.47,1.0,0.0,0.0,0.0,-4.93,7.47,1.0,0.0,0.0,0.0,-2.85,2.68,-1.0,0.0,0.0,0.0,-2.85,4.68,-1.0,0.0,0.0,0.0,-2.85,6.68,-1.0,0.0,0.0,0.0,-2.85,2.68,1.0,0.0,0.0,0.0,-2.85,4.68,1.0,0.0,0.0,0.0,-2.85,6.68,1.0,0.0,0.0,0.0,-4.77,-4.82,-1.0,0.0,0.0,0.0,-4.77,-2.82,-1.0,0.0,0.0,0.0,-4.77,-0.82,-1.0,0.0,0.0,0.0,-4.77,-4.82,1.0,0.0,0.0,0.0,-4.77,-2.82,1.0,0.0,0.0,0.0,-4.77,-0.82,1.0,0.0,0.0,0.0,6.32,0.039999999999888514,0.2960000000000085,0.0,1.550000000000001,0.17000000000000348,6.32,2.039999999999941,0.2960000000000085,0.0,1.5499999999999403,0.17000000000000348,1.68,1.0519999999999388,-0.06600000000000057,0.0,1.6899999999999693,-0.07000000000000062,9.93,1.4440000000000426,-2.5200000000001275,0.0,1.2300000000000644,-1.100000000000101,9.93,3.4440000000001723,-2.5200000000001275,0.0,1.2300000000000644,-1.100000000000101,0,0,0,0,0,0,0,0,0,0,0,0,0,0,0,0,0,0,0,0,0,0,0,0,0,0,0,0,0,0,0,0,0,0,0,0,0,0,0,0,0,0,0,0,0,0,0,0,0,0,0,0,0,0,0,0,0,0,0,0,0,0,0,0,0,0,0,0,0,0,0,0,0,0,0,0,0,0,0,0,0,0,0,0,0,0,0,0,0,0,0,0,0,0,0,0,0,0,0,0,0,0,0,0,0,0,0,0,0,0,0,0,0,0,0,0,0,0,0,0,0,0,0,0,0,0,0,0,0,0,0,0,0,0,0,0,0,0,0,0,0,0,0,0,0,0,0,0,0,0
6.500966981,-6.041458626895984,0.2818777566626633,9.502235738523915e-08,2.757545507431125,0.07940104603765263,4.824524353352856e-07,2.8485455074310306,0.06417147815227509,-1.8693431513838732e-07,4.997377395629883,0.06417147815227509,-1.8693431513838732e-07,4.99928598251093,-0.08449653880320818,-1.6946018001334574e-08,-4.93,1.47,-1.0,0.0,0.0,0.0,-4.93,3.47,-1.0,0.0,0.0,0.0,-4.93,5.47,-1.0,0.0,0.0,0.0,-4.93,7.47,-1.0,0.0,0.0,0.0,-4.93,1.47,1.0,0.0,0.0,0.0,-4.93,3.47,1.0,0.0,0.0,0.0,-4.93,5.47,1.0,0.0,0.0,0.0,-4.93,7.47,1.0,0.0,0.0,0.0,-2.85,2.68,-1.0,0.0,0.0,0.0,-2.85,4.68,-1.0,0.0,0.0,0.0,-2.85,6.68,-1.0,0.0,0.0,0.0,-2.85,2.68,1.0,0.0,0.0,0.0,-2.85,4.68,1.0,0.0,0.0,0.0,-2.85,6.68,1.0,0.0,0.0,0.0,-4.77,-4.82,-1.0,0.0,0.0,0.0,-4.77,-2.82,-1.0,0.0,0.0,0.0,-4.77,-0.82,-1.0,0.0,0.0,0.0,-4.77,-4.82,1.0,0.0,0.0,0.0,-4.77,-2.82,1.0,0.0,0.0,0.0,-4.77,-0.82,1.0,0.0,0.0,0.0,6.32,0.1639999999998883,0.30960000000000876,0.0,1.5499999999999956,0.17000000000000348,6.32,2.163999999999936,0.30960000000000876,0.0,1.5499999999999403,0.17000000000000348,1.68,1.1871999999999363,-0.07160000000000062,0.0,1.6899999999999693,-0.07000000000000062,9.93,1.5424000000000477,-2.6080000000001355,0.0,1.2300000000000644,-1.100000000000101,9.93,3.5424000000001774,-2.6080000000001355,0.0,1.2300000000000644,-1.100000000000101,0,0,0,0,0,0,0,0,0,0,0,0,0,0,0,0,0,0,0,0,0,0,0,0,0,0,0,0,0,0,0,0,0,0,0,0,0,0,0,0,0,0,0,0,0,0,0,0,0,0,0,0,0,0,0,0,0,0,0,0,0,0,0,0,0,0,0,0,0,0,0,0,0,0,0,0,0,0,0,0,0,0,0,0,0,0,0,0,0,0,0,0,0,0,0,0,0,0,0,0,0,0,0,0,0,0,0,0,0,0,0,0,0,0,0,0,0,0,0,0,0,0,0,0,0,0,0,0,0,0,0,0,0,0,0,0,0,0,0,0,0,0,0,0,0,0,0,0,0,0
6.601641687,-5.814302986301473,0.2871333114579299,8.542270617795792e-08,2.8485455074314103,0.06417147815229729,-1.8693431513838216e-07,2.9335455074310306,0.05260826274752617,-2.7614981945589534e-07,4.997745037078857,0.05260826274752617,-2.7614981945589534e-07,4.999224973622063,-0.08803217090068494,-2.976517720000192e-08,-4.93,1.47,-1.0,0.0,0.0,0.0,-4.93,3.47,-1.0,0.0,0.0,0.0,-4.93,5.47,-1.0,0.0,0.0,0.0,-4.93,7.47,-1.0,0.0,0.0,0.0,-4.93,1.47,1.0,0.0,0.0,0.0,-4.93,3.47,1.0,0.0,0.0,0.0,-4.93,5.47,1.0,0.0,0.0,0.0,-4.93,7.47,1.0,0.0,0.0,0.0,-2.85,2.68,-1.0,0.0,0.0,0.0,-2.85,4.68,-1.0,0.0,0.0,0.0,-2.85,6.68,-1.0,0.0,0.0,0.0,-2.85,2.68,1.0,0.0,0.0,0.0,-2.85,4.68,1.0,0.0,0.0,0.0,-2.85,6.68,1.0,0.0,0.0,0.0,-4.77,-4.82,-1.0,0.0,0.0,0.0,-4.77,-2.82,-1.0,0.0,0.0,0.0,-4.77,-0.82,-1.0,0.0,0.0,0.0,-4.77,-4.82,1.0,0.0,0.0,0.0,-4.77,-2.82,1.0,0.0,0.0,0.0,-4.77,-0.82,1.0,0.0,0.0,0.0,6.32,0.3189999999998879,0.3266000000000091,0.0,1.5499999999999956,0.17000000000000348,6.32,2.2879999999999314,0.32320000000000904,0.0,1.5499999999999403,0.17000000000000348,1.68,1.3223999999999339,-0.07720000000000067,0.0,1.6899999999999693,-0.07000000000000062,9.93,1.6408000000000529,-2.6960000000001436,0.0,1.2300000000000644,-1.100000000000101,9.93,3.665400000000184,-2.7180000000001456,0.0,1.2300000000000644,-1.100000000000101,0,0,0,0,0,0,0,0,0,0,0,0,0,0,0,0,0,0,0,0,0,0,0,0,0,0,0,0,0,0,0,0,0,0,0,0,0,0,0,0,0,0,0,0,0,0,0,0,0,0,0,0,0,0,0,0,0,0,0,0,0,0,0,0,0,0,0,0,0,0,0,0,0,0,0,0,0,0,0,0,0,0,0,0,0,0,0,0,0,0,0,0,0,0,0,0,0,0,0,0,0,0,0,0,0,0,0,0,0,0,0,0,0,0,0,0,0,0,0,0,0,0,0,0,0,0,0,0,0,0,0,0,0,0,0,0,0,0,0,0,0,0,0,0,0,0,0,0,0,0
6.700415277,-5.580420345706997,0.2914521851725841,6.38813860831605e-08,2.9469455074309536,0.050909995287640175,-3.1922032803776877e-07,3.0005455074310308,0.044116925448179245,-4.915023623652814e-07,4.9979753494262695,0.044116925448179245,-4.915023623652814e-07,4.999126694536392,-0.09344673334923548,-2.0680177845044816e-08,-4.93,1.47,-1.0,0.0,0.0,0.0,-4.93,3.47,-1.0,0.0,0.0,0.0,-4.93,5.47,-1.0,0.0,0.0,0.0,-4.93,7.47,-1.0,0.0,0.0,0.0,-4.93,1.47,1.0,0.0,0.0,0.0,-4.93,3.47,1.0,0.0,0.0,0.0,-4.93,5.47,1.0,0.0,0.0,0.0,-4.93,7.47,1.0,0.0,0.0,0.0,-2.85,2.68,-1.0,0.0,0.0,0.0,-2.85,4.68,-1.0,0.0,0.0,0.0,-2.85,6.68,-1.0,0.0,0.0,0.0,-2.85,2.68,1.0,0.0,0.0,0.0,-2.85,4.68,1.0,0.0,0.0,0.0,-2.85,6.68,1.0,0.0,0.0,0.0,-4.77,-4.82,-1.0,0.0,0.0,0.0,-4.77,-2.82,-1.0,0.0,0.0,0.0,-4.77,-0.82,-1.0,0.0,0.0,0.0,-4.77,-4.82,1.0,0.0,0.0,0.0,-4.77,-2.82,1.0,0.0,0.0,0.0,-4.77,-0.82,1.0,0.0,0.0,0.0,6.32,0.4119999999998876,0.3368000000000093,0.0,1.5499999999999956,0.17000000000000348,6.32,2.4119999999999266,0.3368000000000093,0.0,1.5499999999999403,0.17000000000000348,1.68,1.4575999999999314,-0.08280000000000072,0.0,1.6899999999999693,-0.07000000000000062,9.93,1.739200000000058,-2.7840000000001517,0.0,1.2300000000000644,-1.100000000000101,9.93,3.7392000000001877,-2.7840000000001517,0.0,1.2300000000000644,-1.100000000000101,0,0,0,0,0,0,0,0,0,0,0,0,0,0,0,0,0,0,0,0,0,0,0,0,0,0,0,0,0,0,0,0,0,0,0,0,0,0,0,0,0,0,0,0,0,0,0,0,0,0,0,0,0,0,0,0,0,0,0,0,0,0,0,0,0,0,0,0,0,0,0,0,0,0,0,0,0,0,0,0,0,0,0,0,0,0,0,0,0,0,0,0,0,0,0,0,0,0,0,0,0,0,0,0,0,0,0,0,0,0,0,0,0,0,0,0,0,0,0,0,0,0,0,0,0,0,0,0,0,0,0,0,0,0,0,0,0,0,0,0,0,0,0,0,0,0,0,0,0,0
6.802568586,-5.400387615261117,0.29409920069947615,3.439124434124353e-08,3.0005455074313403,0.044116925448201005,-4.915023623652829e-07,3.0625455074310306,0.035113625228405,1.1857054005304235e-08,4.998224258422852,0.035113625228405,1.1857054005304235e-08,4.999088523185237,-0.09546694379547763,-1.1163671926932519e-08,-4.93,1.47,-1.0,0.0,0.0,0.0,-4.93,3.47,-1.0,0.0,0.0,0.0,-4.93,5.47,-1.0,0.0,0.0,0.0,-4.93,7.47,-1.0,0.0,0.0,0.0,-4.93,1.47,1.0,0.0,0.0,0.0,-4.93,3.47,1.0,0.0,0.0,0.0,-4.93,5.47,1.0,0.0,0.0,0.0,-4.93,7.47,1.0,0.0,0.0,0.0,-2.85,2.68,-1.0,0.0,0.0,0.0,-2.85,4.68,-1.0,0.0,0.0,0.0,-2.85,6.68,-1.0,0.0,0.0,0.0,-2.85,2.68,1.0,0.0,0.0,0.0,-2.85,4.68,1.0,0.0,0.0,0.0,-2.85,6.68,1.0,0.0,0.0,0.0,-4.77,-4.82,-1.0,0.0,0.0,0.0,-4.77,-2.82,-1.0,0.0,0.0,0.0,-4.77,-0.82,-1.0,0.0,0.0,0.0,-4.77,-4.82,1.0,0.0,0.0,0.0,-4.77,-2.82,1.0,0.0,0.0,0.0,-4.77,-0.82,1.0,0.0,0.0,0.0,6.32,0.5049999999998875,0.3470000000000095,0.0,1.550000000000012,0.17000000000000348,6.32,2.504999999999923,0.3470000000000095,0.0,1.5499999999999403,0.17000000000000348,1.68,1.5589999999999296,-0.08700000000000076,0.0,1.6899999999999693,-0.07000000000000062,9.93,1.813000000000062,-2.8500000000001577,0.0,1.2300000000000644,-1.100000000000101,9.93,3.8130000000001916,-2.8500000000001577,0.0,1.2300000000000644,-1.100000000000101,0,0,0,0,0,0,0,0,0,0,0,0,0,0,0,0,0,0,0,0,0,0,0,0,0,0,0,0,0,0,0,0,0,0,0,0,0,0,0,0,0,0,0,0,0,0,0,0,0,0,0,0,0,0,0,0,0,0,0,0,0,0,0,0,0,0,0,0,0,0,0,0,0,0,0,0,0,0,0,0,0,0,0,0,0,0,0,0,0,0,0,0,0,0,0,0,0,0,0,0,0,0,0,0,0,0,0,0,0,0,0,0,0,0,0,0,0,0,0,0,0,0,0,0,0,0,0,0,0,0,0,0,0,0,0,0,0,0,0,0,0,0,0,0,0,0,0,0,0,0
6.902531048,-5.2166348848152495,0.29620601821318016,3.510266758156172e-08,3.0625455074311247,0.035113625228400114,1.1857054005303123e-08,3.1315455074310306,0.02058795467019081,-1.0316136922483565e-06,4.998610496520996,0.02058795467019081,-1.0316136922483565e-06,4.999088523185237,-0.09546694379547763,-1.1163671926932519e-08,-4.93,1.47,-1.0,0.0,0.0,0.0,-4.93,3.47,-1.0,0.0,0.0,0.0,-4.93,5.47,-1.0,0.0,0.0,0.0,-4.93,7.47,-1.0,0.0,0.0,0.0,-4.93,1.47,1.0,0.0,0.0,0.0,-4.93,3.47,1.0,0.0,0.0,0.0,-4.93,5.47,1.0,0.0,0.0,0.0,-4.93,7.47,1.0,0.0,0.0,0.0,-2.85,2.68,-1.0,0.0,0.0,0.0,-2.85,4.68,-1.0,0.0,0.0,0.0,-2.85,6.68,-1.0,0.0,0.0,0.0,-2.85,2.68,1.0,0.0,0.0,0.0,-2.85,4.68,1.0,0.0,0.0,0.0,-2.85,6.68,1.0,0.0,0.0,0.0,-4.77,-4.82,-1.0,0.0,0.0,0.0,-4.77,-2.82,-1.0,0.0,0.0,0.0,-4.77,-0.82,-1.0,0.0,0.0,0.0,-4.77,-4.82,1.0,0.0,0.0,0.0,-4.77,-2.82,1.0,0.0,0.0,0.0,-4.77,-0.82,1.0,0.0,0.0,0.0,6.32,0.5979999999998906,0.35720000000000973,0.0,1.5500000000000511,0.17000000000000348,6.32,2.5979999999999195,0.35720000000000973,0.0,1.5499999999999403,0.17000000000000348,1.68,1.6603999999999277,-0.0912000000000008,0.0,1.6899999999999693,-0.07000000000000062,9.93,1.8868000000000658,-2.916000000000164,0.0,1.2300000000000644,-1.100000000000101,9.93,3.8868000000001954,-2.916000000000164,0.0,1.2300000000000644,-1.100000000000101,0,0,0,0,0,0,0,0,0,0,0,0,0,0,0,0,0,0,0,0,0,0,0,0,0,0,0,0,0,0,0,0,0,0,0,0,0,0,0,0,0,0,0,0,0,0,0,0,0,0,0,0,0,0,0,0,0,0,0,0,0,0,0,0,0,0,0,0,0,0,0,0,0,0,0,0,0,0,0,0,0,0,0,0,0,0,0,0,0,0,0,0,0,0,0,0,0,0,0,0,0,0,0,0,0,0,0,0,0,0,0,0,0,0,0,0,0,0,0,0,0,0,0,0,0,0,0,0,0,0,0,0,0,0,0,0,0,0,0,0,0,0,0,0,0,0,0,0,0,0
7.005216022,-5.029363154369388,0.2975720265284156,-1.7402917237056746e-08,3.1315455074309995,0.020587954670192588,-1.031613692248357e-06,3.1875455074310306,0.00894193071871996,4.0140002965927124e-07,4.998857021331787,0.00894193071871996,4.0140002965927124e-07,4.99904735073228,-0.09759910417917692,-9.705403043556212e-09,-4.93,1.47,-1.0,0.0,0.0,0.0,-4.93,3.47,-1.0,0.0,0.0,0.0,-4.93,5.47,-1.0,0.0,0.0,0.0,-4.93,7.47,-1.0,0.0,0.0,0.0,-4.93,1.47,1.0,0.0,0.0,0.0,-4.93,3.47,1.0,0.0,0.0,0.0,-4.93,5.47,1.0,0.0,0.0,0.0,-4.93,7.47,1.0,0.0,0.0,0.0,-2.85,2.68,-1.0,0.0,0.0,0.0,-2.85,4.68,-1.0,0.0,0.0,0.0,-2.85,6.68,-1.0,0.0,0.0,0.0,-2.85,2.68,1.0,0.0,0.0,0.0,-2.85,4.68,1.0,0.0,0.0,0.0,-2.85,6.68,1.0,0.0,0.0,0.0,-4.77,-4.82,-1.0,0.0,0.0,0.0,-4.77,-2.82,-1.0,0.0,0.0,0.0,-4.77,-0.82,-1.0,0.0,0.0,0.0,-4.77,-4.82,1.0,0.0,0.0,0.0,-4.77,-2.82,1.0,0.0,0.0,0.0,-4.77,-0.82,1.0,0.0,0.0,0.0,6.32,0.6909999999998937,0.36740000000000994,0.0,1.5500000000000511,0.17000000000000348,6.32,2.690999999999916,0.36740000000000994,0.0,1.5499999999999403,0.17000000000000348,1.68,1.7617999999999259,-0.09540000000000083,0.0,1.6899999999999693,-0.07000000000000062,9.93,1.9606000000000696,-2.98200000000017,0.0,1.2300000000000644,-1.100000000000101,9.93,3.9606000000001993,-2.98200000000017,0.0,1.2300000000000644,-1.100000000000101,0,0,0,0,0,0,0,0,0,0,0,0,0,0,0,0,0,0,0,0,0,0,0,0,0,0,0,0,0,0,0,0,0,0,0,0,0,0,0,0,0,0,0,0,0,0,0,0,0,0,0,0,0,0,0,0,0,0,0,0,0,0,0,0,0,0,0,0,0,0,0,0,0,0,0,0,0,0,0,0,0,0,0,0,0,0,0,0,0,0,0,0,0,0,0,0,0,0,0,0,0,0,0,0,0,0,0,0,0,0,0,0,0,0,0,0,0,0,0,0,0,0,0,0,0,0,0,0,0,0,0,0,0,0,0,0,0,0,0,0,0,0,0,0,0,0,0,0,0,0
7.101851059,-4.838390423923538,0.29816677249129553,-4.83984067038614e-10,3.1875455074308334,0.008941930718708857,4.0140002965927135e-07,3.2475455074310307,-0.009547358378767967,4.0140002965927124e-07,4.999189376831055,-0.009547358378767967,4.0140002965927124e-07,4.999017787232053,-0.09910178069817077,5.7227872185155994e-09,-4.93,1.47,-1.0,0.0,0.0,0.0,-4.93,3.47,-1.0,0.0,0.0,0.0,-4.93,5.47,-1.0,0.0,0.0,0.0,-4.93,7.47,-1.0,0.0,0.0,0.0,-4.93,1.47,1.0,0.0,0.0,0.0,-4.93,3.47,1.0,0.0,0.0,0.0,-4.93,5.47,1.0,0.0,0.0,0.0,-4.93,7.47,1.0,0.0,0.0,0.0,-2.85,2.68,-1.0,0.0,0.0,0.0,-2.85,4.68,-1.0,0.0,0.0,0.0,-2.85,6.68,-1.0,0.0,0.0,0.0,-2.85,2.68,1.0,0.0,0.0,0.0,-2.85,4.68,1.0,0.0,0.0,0.0,-2.85,6.68,1.0,0.0,0.0,0.0,-4.77,-4.82,-1.0,0.0,0.0,0.0,-4.77,-2.82,-1.0,0.0,0.0,0.0,-4.77,-0.82,-1.0,0.0,0.0,0.0,-4.77,-4.82,1.0,0.0,0.0,0.0,-4.77,-2.82,1.0,0.0,0.0,0.0,-4.77,-0.82,1.0,0.0,0.0,0.0,6.32,0.7839999999998968,0.37760000000001015,0.0,1.5500000000000511,0.17000000000000348,6.32,2.7839999999999123,0.37760000000001015,0.0,1.5499999999999403,0.17000000000000348,1.68,1.863199999999924,-0.09960000000000087,0.0,1.6899999999999693,-0.07000000000000062,9.93,2.0344000000000735,-3.048000000000176,0.0,1.2300000000000644,-1.100000000000101,9.93,4.034400000000191,-3.048000000000176,0.0,1.2299999999996203,-1.100000000000101,0,0,0,0,0,0,0,0,0,0,0,0,0,0,0,0,0,0,0,0,0,0,0,0,0,0,0,0,0,0,0,0,0,0,0,0,0,0,0,0,0,0,0,0,0,0,0,0,0,0,0,0,0,0,0,0,0,0,0,0,0,0,0,0,0,0,0,0,0,0,0,0,0,0,0,0,0,0,0,0,0,0,0,0,0,0,0,0,0,0,0,0,0,0,0,0,0,0,0,0,0,0,0,0,0,0,0,0,0,0,0,0,0,0,0,0,0,0,0,0,0,0,0,0,0,0,0,0,0,0,0,0,0,0,0,0,0,0,0,0,0,0,0,0,0,0,0,0,0,0
7.201496535,-4.578886783329041,0.29749543026648134,3.1628018305703094e-08,3.2475455074312265,-0.009547358378769744,4.014000296592707e-07,3.326545507431031,-0.08854735837876797,-5.136569503072508e-10,4.998988628387451,-0.10055231302976608,-5.136569503072508e-10,4.998988821010084,-0.10055231183918842,-5.136569563212269e-10,-4.93,1.47,-1.0,0.0,0.0,0.0,-4.93,3.47,-1.0,0.0,0.0,0.0,-4.93,5.47,-1.0,0.0,0.0,0.0,-4.93,7.47,-1.0,0.0,0.0,0.0,-4.93,1.47,1.0,0.0,0.0,0.0,-4.93,3.47,1.0,0.0,0.0,0.0,-4.93,5.47,1.0,0.0,0.0,0.0,-4.93,7.47,1.0,0.0,0.0,0.0,-2.85,2.68,-1.0,0.0,0.0,0.0,-2.85,4.68,-1.0,0.0,0.0,0.0,-2.85,6.68,-1.0,0.0,0.0,0.0,-2.85,2.68,1.0,0.0,0.0,0.0,-2.85,4.68,1.0,0.0,0.0,0.0,-2.85,6.68,1.0,0.0,0.0,0.0,-4.77,-4.82,-1.0,0.0,0.0,0.0,-4.77,-2.82,-1.0,0.0,0.0,0.0,-4.77,-0.82,-1.0,0.0,0.0,0.0,-4.77,-4.82,1.0,0.0,0.0,0.0,-4.77,-2.82,1.0,0.0,0.0,0.0,-4.77,-0.82,1.0,0.0,0.0,0.0,6.32,0.9079999999999009,0.39120000000001043,0.0,1.5500000000000511,0.17000000000000348,6.32,2.9079999999999075,0.39120000000001043,0.0,1.5499999999999403,0.17000000000000348,1.68,1.9983999999999216,-0.10520000000000092,0.0,1.6899999999999693,-0.07000000000000062,9.93,2.1328000000000786,-3.136000000000184,0.0,1.2300000000000644,-1.100000000000101,9.93,4.13280000000016,-3.136000000000184,0.0,1.2299999999996203,-1.100000000000101,0,0,0,0,0,0,0,0,0,0,0,0,0,0,0,0,0,0,0,0,0,0,0,0,0,0,0,0,0,0,0,0,0,0,0,0,0,0,0,0,0,0,0,0,0,0,0,0,0,0,0,0,0,0,0,0,0,0,0,0,0,0,0,0,0,0,0,0,0,0,0,0,0,0,0,0,0,0,0,0,0,0,0,0,0,0,0,0,0,0,0,0,0,0,0,0,0,0,0,0,0,0,0,0,0,0,0,0,0,0,0,0,0,0,0,0,0,0,0,0,0,0,0,0,0,0,0,0,0,0,0,0,0,0,0,0,0,0,0,0,0,0,0,0,0,0,0,0,0,0
7.302594105,-4.379610052883196,0.2924985887637554,3.32048536351231e-08,3.3265455074307226,-0.08854735837876548,-5.136569503048147e-10,3.397545507431031,-0.10200119018554688,-1.0964447128003485e-08,4.998959541320801,-0.10200119018554688,-1.0964447128003485e-08,4.998959467519682,-0.10200118673493291,-1.0964447085811407e-08,-4.93,1.47,-1.0,0.0,0.0,0.0,-4.93,3.47,-1.0,0.0,0.0,0.0,-4.93,5.47,-1.0,0.0,0.0,0.0,-4.93,7.47,-1.0,0.0,0.0,0.0,-4.93,1.47,1.0,0.0,0.0,0.0,-4.93,3.47,1.0,0.0,0.0,0.0,-4.93,5.47,1.0,0.0,0.0,0.0,-4.93,7.47,1.0,0.0,0.0,0.0,-2.85,2.68,-1.0,0.0,0.0,0.0,-2.85,4.68,-1.0,0.0,0.0,0.0,-2.85,6.68,-1.0,0.0,0.0,0.0,-2.85,2.68,1.0,0.0,0.0,0.0,-2.85,4.68,1.0,0.0,0.0,0.0,-2.85,6.68,1.0,0.0,0.0,0.0,-4.77,-4.82,-1.0,0.0,0.0,0.0,-4.77,-2.82,-1.0,0.0,0.0,0.0,-4.77,-0.82,-1.0,0.0,0.0,0.0,-4.77,-4.82,1.0,0.0,0.0,0.0,-4.77,-2.82,1.0,0.0,0.0,0.0,-4.77,-0.82,1.0,0.0,0.0,0.0,6.32,1.000999999999904,0.40140000000001064,0.0,1.5500000000000511,0.17000000000000348,6.32,3.0319999999999028,0.4048000000000107,0.0,1.5499999999999403,0.17000000000000348,1.68,2.0997999999999197,-0.10940000000000095,0.0,1.6899999999999693,-0.07000000000000062,9.93,2.231200000000084,-3.224000000000192,0.0,1.2300000000000644,-1.100000000000101,9.93,4.206600000000138,-3.20200000000019,0.0,1.2299999999996203,-1.100000000000101,0,0,0,0,0,0,0,0,0,0,0,0,0,0,0,0,0,0,0,0,0,0,0,0,0,0,0,0,0,0,0,0,0,0,0,0,0,0,0,0,0,0,0,0,0,0,0,0,0,0,0,0,0,0,0,0,0,0,0,0,0,0,0,0,0,0,0,0,0,0,0,0,0,0,0,0,0,0,0,0,0,0,0,0,0,0,0,0,0,0,0,0,0,0,0,0,0,0,0,0,0,0,0,0,0,0,0,0,0,0,0,0,0,0,0,0,0,0,0,0,0,0,0,0,0,0,0,0,0,0,0,0,0,0,0,0,0,0,0,0,0,0,0,0,0,0,0,0,0,0
7.402267961,-4.176822322437346,0.28658032482972406,3.270374866010848e-08,3.397545507430877,-0.1020011901855522,-1.0964447128001103e-08,3.442545507431031,-0.10156841576099396,-1.1565871815832907e-08,4.998968124389648,-0.10156841576099396,-1.1565871815832907e-08,4.998978726927376,-0.1010528956910442,-1.1531875065113663e-08,-4.93,1.47,-1.0,0.0,0.0,0.0,-4.93,3.47,-1.0,0.0,0.0,0.0,-4.93,5.47,-1.0,0.0,0.0,0.0,-4.93,7.47,-1.0,0.0,0.0,0.0,-4.93,1.47,1.0,0.0,0.0,0.0,-4.93,3.47,1.0,0.0,0.0,0.0,-4.93,5.47,1.0,0.0,0.0,0.0,-4.93,7.47,1.0,0.0,0.0,0.0,-2.85,2.68,-1.0,0.0,0.0,0.0,-2.85,4.68,-1.0,0.0,0.0,0.0,-2.85,6.68,-1.0,0.0,0.0,0.0,-2.85,2.68,1.0,0.0,0.0,0.0,-2.85,4.68,1.0,0.0,0.0,0.0,-2.85,6.68,1.0,0.0,0.0,0.0,-4.77,-4.82,-1.0,0.0,0.0,0.0,-4.77,-2.82,-1.0,0.0,0.0,0.0,-4.77,-0.82,-1.0,0.0,0.0,0.0,-4.77,-4.82,1.0,0.0,0.0,0.0,-4.77,-2.82,1.0,0.0,0.0,0.0,-4.77,-0.82,1.0,0.0,0.0,0.0,6.32,1.0939999999999004,0.41160000000001085,0.0,1.5499999999999403,0.17000000000000348,6.32,3.0939999999999004,0.41160000000001085,0.0,1.5499999999999403,0.17000000000000348,1.68,2.201199999999918,-0.11360000000000099,0.0,1.6899999999999693,-0.07000000000000062,9.93,2.2804000000000864,-3.268000000000196,0.0,1.2300000000000644,-1.100000000000101,9.93,4.280400000000115,-3.268000000000196,0.0,1.2299999999996203,-1.100000000000101,0,0,0,0,0,0,0,0,0,0,0,0,0,0,0,0,0,0,0,0,0,0,0,0,0,0,0,0,0,0,0,0,0,0,0,0,0,0,0,0,0,0,0,0,0,0,0,0,0,0,0,0,0,0,0,0,0,0,0,0,0,0,0,0,0,0,0,0,0,0,0,0,0,0,0,0,0,0,0,0,0,0,0,0,0,0,0,0,0,0,0,0,0,0,0,0,0,0,0,0,0,0,0,0,0,0,0,0,0,0,0,0,0,0,0,0,0,0,0,0,0,0,0,0,0,0,0,0,0,0,0,0,0,0,0,0,0,0,0,0,0,0,0,0,0,0,0,0,0,0
7.500424221,-3.90133968184287,0.2784553670894185,3.177851291164731e-08,3.4504455074309432,-0.1015168637037156,-1.1562472135294984e-08,3.521545507431031,-0.1010528951883316,-1.1531875010462045e-08,4.998978614807129,-0.1010528951883316,-1.1531875010462045e-08,4.998997216411886,-0.10013406166839446,-1.1427725760455218e-08,-4.93,1.47,-1.0,0.0,0.0,0.0,-4.93,3.47,-1.0,0.0,0.0,0.0,-4.93,5.47,-1.0,0.0,0.0,0.0,-4.93,7.47,-1.0,0.0,0.0,0.0,-4.93,1.47,1.0,0.0,0.0,0.0,-4.93,3.47,1.0,0.0,0.0,0.0,-4.93,5.47,1.0,0.0,0.0,0.0,-4.93,7.47,1.0,0.0,0.0,0.0,-2.85,2.68,-1.0,0.0,0.0,0.0,-2.85,4.68,-1.0,0.0,0.0,0.0,-2.85,6.68,-1.0,0.0,0.0,0.0,-2.85,2.68,1.0,0.0,0.0,0.0,-2.85,4.68,1.0,0.0,0.0,0.0,-2.85,6.68,1.0,0.0,0.0,0.0,-4.77,-4.82,-1.0,0.0,0.0,0.0,-4.77,-2.82,-1.0,0.0,0.0,0.0,-4.77,-0.82,-1.0,0.0,0.0,0.0,-4.77,-4.82,1.0,0.0,0.0,0.0,-4.77,-2.82,1.0,0.0,0.0,0.0,-4.77,-0.82,1.0,0.0,0.0,0.0,6.32,1.2179999999998956,0.4252000000000111,0.0,1.5499999999999403,0.17000000000000348,6.32,3.2179999999998956,0.4252000000000111,0.0,1.5499999999999403,0.17000000000000348,1.68,2.3363999999999154,-0.11920000000000104,0.0,1.6899999999999693,-0.07000000000000062,9.93,2.3788000000000915,-3.356000000000204,0.0,1.2300000000000644,-1.100000000000101,9.93,4.378800000000084,-3.356000000000204,0.0,1.2299999999996203,-1.100000000000101,0,0,0,0,0,0,0,0,0,0,0,0,0,0,0,0,0,0,0,0,0,0,0,0,0,0,0,0,0,0,0,0,0,0,0,0,0,0,0,0,0,0,0,0,0,0,0,0,0,0,0,0,0,0,0,0,0,0,0,0,0,0,0,0,0,0,0,0,0,0,0,0,0,0,0,0,0,0,0,0,0,0,0,0,0,0,0,0,0,0,0,0,0,0,0,0,0,0,0,0,0,0,0,0,0,0,0,0,0,0,0,0,0,0,0,0,0,0,0,0,0,0,0,0,0,0,0,0,0,0,0,0,0,0,0,0,0,0,0,0,0,0,0,0,0,0,0,0,0,0
7.601590903,-3.6196160412483986,0.2703711354743498,3.0855962910810104e-08,3.52154550743089,-0.10105289518835825,-1.1531875010465115e-08,3.607545507431031,-0.10013405978679657,-1.1427725432611169e-08,4.998997211456299,-0.10013405978679657,-1.1427725432611169e-08,4.998997216411886,-0.10013406166839446,-1.1427725760455218e-08,-4.93,1.47,-1.0,0.0,0.0,0.0,-4.93,3.47,-1.0,0.0,0.0,0.0,-4.93,5.47,-1.0,0.0,0.0,0.0,-4.93,7.47,-1.0,0.0,0.0,0.0,-4.93,1.47,1.0,0.0,0.0,0.0,-4.93,3.47,1.0,0.0,0.0,0.0,-4.93,5.47,1.0,0.0,0.0,0.0,-4.93,7.47,1.0,0.0,0.0,0.0,-2.85,2.68,-1.0,0.0,0.0,0.0,-2.85,4.68,-1.0,0.0,0.0,0.0,-2.85,6.68,-1.0,0.0,0.0,0.0,-2.85,2.68,1.0,0.0,0.0,0.0,-2.85,4.68,1.0,0.0,0.0,0.0,-2.85,6.68,1.0,0.0,0.0,0.0,-4.77,-4.82,-1.0,0.0,0.0,0.0,-4.77,-2.82,-1.0,0.0,0.0,0.0,-4.77,-0.82,-1.0,0.0,0.0,0.0,-4.77,-4.82,1.0,0.0,0.0,0.0,-4.77,-2.82,1.0,0.0,0.0,0.0,-4.77,-0.82,1.0,0.0,0.0,0.0,6.32,1.3419999999998908,0.4388000000000114,0.0,1.5499999999999403,0.17000000000000348,6.32,3.341999999999891,0.4388000000000114,0.0,1.5499999999999403,0.17000000000000348,1.68,2.471599999999913,-0.12480000000000109,0.0,1.6899999999999693,-0.07000000000000062,9.93,2.4772000000000967,-3.4440000000002122,0.0,1.2300000000000644,-1.100000000000101,9.93,4.477200000000083,-3.4440000000002122,0.0,1.2299999999999756,-1.100000000000101,0,0,0,0,0,0,0,0,0,0,0,0,0,0,0,0,0,0,0,0,0,0,0,0,0,0,0,0,0,0,0,0,0,0,0,0,0,0,0,0,0,0,0,0,0,0,0,0,0,0,0,0,0,0,0,0,0,0,0,0,0,0,0,0,0,0,0,0,0,0,0,0,0,0,0,0,0,0,0,0,0,0,0,0,0,0,0,0,0,0,0,0,0,0,0,0,0,0,0,0,0,0,0,0,0,0,0,0,0,0,0,0,0,0,0,0,0,0,0,0,0,0,0,0,0,0,0,0,0,0,0,0,0,0,0,0,0,0,0,0,0,0,0,0,0,0,0,0,0,0
7.701347047,-3.331442400653925,0.2623558165143968,2.994122412831184e-08,3.6075455074309204,-0.10013405978681611,-1.1427725432612492e-08,3.684545507431031,-0.09918484091758728,-1.1319418291577676e-08,4.999016284942627,-0.09918484091758728,-1.1319418291577676e-08,4.999016139897432,-0.09918484281869906,-1.131941812108595e-08,-4.93,1.47,-1.0,0.0,0.0,0.0,-4.93,3.47,-1.0,0.0,0.0,0.0,-4.93,5.47,-1.0,0.0,0.0,0.0,-4.93,7.47,-1.0,0.0,0.0,0.0,-4.93,1.47,1.0,0.0,0.0,0.0,-4.93,3.47,1.0,0.0,0.0,0.0,-4.93,5.47,1.0,0.0,0.0,0.0,-4.93,7.47,1.0,0.0,0.0,0.0,-2.85,2.68,-1.0,0.0,0.0,0.0,-2.85,4.68,-1.0,0.0,0.0,0.0,-2.85,6.68,-1.0,0.0,0.0,0.0,-2.85,2.68,1.0,0.0,0.0,0.0,-2.85,4.68,1.0,0.0,0.0,0.0,-2.85,6.68,1.0,0.0,0.0,0.0,-4.77,-4.82,-1.0,0.0,0.0,0.0,-4.77,-2.82,-1.0,0.0,0.0,0.0,-4.77,-0.82,-1.0,0.0,0.0,0.0,-4.77,-4.82,1.0,0.0,0.0,0.0,-4.77,-2.82,1.0,0.0,0.0,0.0,-4.77,-0.82,1.0,0.0,0.0,0.0,6.32,1.465999999999886,0.4524000000000117,0.0,1.5499999999999403,0.17000000000000348,6.32,3.465999999999886,0.4524000000000117,0.0,1.5499999999999403,0.17000000000000348,1.68,2.6067999999999105,-0.13040000000000007,0.0,1.6899999999999693,-0.06999999999998674,9.93,2.575600000000102,-3.5320000000002203,0.0,1.2300000000000644,-1.100000000000101,9.93,4.5756000000000885,-3.5320000000002203,0.0,1.2299999999999756,-1.100000000000101,0,0,0,0,0,0,0,0,0,0,0,0,0,0,0,0,0,0,0,0,0,0,0,0,0,0,0,0,0,0,0,0,0,0,0,0,0,0,0,0,0,0,0,0,0,0,0,0,0,0,0,0,0,0,0,0,0,0,0,0,0,0,0,0,0,0,0,0,0,0,0,0,0,0,0,0,0,0,0,0,0,0,0,0,0,0,0,0,0,0,0,0,0,0,0,0,0,0,0,0,0,0,0,0,0,0,0,0,0,0,0,0,0,0,0,0,0,0,0,0,0,0,0,0,0,0,0,0,0,0,0,0,0,0,0,0,0,0,0,0,0,0,0,0,0,0,0,0,0,0
7.803614658,-3.0362517600594443,0.2544257958989383,2.9036214665385837e-08,3.7349455074309206,-0.09861325323581305,-1.1254187537447612e-08,3.756545507431031,-0.09836828708648682,-1.1226231499961159e-08,4.999032497406006,-0.09836828708648682,-1.1226231499961159e-08,4.999032274302703,-0.09836829001231312,-1.1226231069458225e-08,-4.93,1.47,-1.0,0.0,0.0,0.0,-4.93,3.47,-1.0,0.0,0.0,0.0,-4.93,5.47,-1.0,0.0,0.0,0.0,-4.93,7.47,-1.0,0.0,0.0,0.0,-4.93,1.47,1.0,0.0,0.0,0.0,-4.93,3.47,1.0,0.0,0.0,0.0,-4.93,5.47,1.0,0.0,0.0,0.0,-4.93,7.47,1.0,0.0,0.0,0.0,-2.85,2.68,-1.0,0.0,0.0,0.0,-2.85,4.68,-1.0,0.0,0.0,0.0,-2.85,6.68,-1.0,0.0,0.0,0.0,-2.85,2.68,1.0,0.0,0.0,0.0,-2.85,4.68,1.0,0.0,0.0,0.0,-2.85,6.68,1.0,0.0,0.0,0.0,-4.77,-4.82,-1.0,0.0,0.0,0.0,-4.77,-2.82,-1.0,0.0,0.0,0.0,-4.77,-0.82,-1.0,0.0,0.0,0.0,-4.77,-4.82,1.0,0.0,0.0,0.0,-4.77,-2.82,1.0,0.0,0.0,0.0,-4.77,-0.82,1.0,0.0,0.0,0.0,6.32,1.5589999999998825,0.4626000000000119,0.0,1.5499999999999403,0.17000000000000348,6.32,3.5589999999998825,0.4626000000000119,0.0,1.5499999999999403,0.17000000000000348,1.68,2.7081999999999087,-0.13459999999999928,0.0,1.6899999999999693,-0.06999999999998674,9.93,2.6494000000001057,-3.5980000000002264,0.0,1.2300000000000644,-1.100000000000101,9.93,4.649400000000092,-3.5980000000002264,0.0,1.2299999999999756,-1.100000000000101,0,0,0,0,0,0,0,0,0,0,0,0,0,0,0,0,0,0,0,0,0,0,0,0,0,0,0,0,0,0,0,0,0,0,0,0,0,0,0,0,0,0,0,0,0,0,0,0,0,0,0,0,0,0,0,0,0,0,0,0,0,0,0,0,0,0,0,0,0,0,0,0,0,0,0,0,0,0,0,0,0,0,0,0,0,0,0,0,0,0,0,0,0,0,0,0,0,0,0,0,0,0,0,0,0,0,0,0,0,0,0,0,0,0,0,0,0,0,0,0,0,0,0,0,0,0,0,0,0,0,0,0,0,0,0,0,0,0,0,0,0,0,0,0,0,0,0,0,0,0
7.901462595,-2.810859029613592,0.24852369867374946,2.8362640775388073e-08,3.7565455074308742,-0.09836828708648104,-1.122623149996272e-08,3.822545507431031,-0.09763632714748383,-1.1142696543231523e-08,4.999046802520752,-0.09763632714748383,-1.1142696543231523e-08,4.999059418222335,-0.09697903424232202,-1.106768298410799e-08,-4.93,1.47,-1.0,0.0,0.0,0.0,-4.93,3.47,-1.0,0.0,0.0,0.0,-4.93,5.47,-1.0,0.0,0.0,0.0,-4.93,7.47,-1.0,0.0,0.0,0.0,-4.93,1.47,1.0,0.0,0.0,0.0,-4.93,3.47,1.0,0.0,0.0,0.0,-4.93,5.47,1.0,0.0,0.0,0.0,-4.93,7.47,1.0,0.0,0.0,0.0,-2.85,2.68,-1.0,0.0,0.0,0.0,-2.85,4.68,-1.0,0.0,0.0,0.0,-2.85,6.68,-1.0,0.0,0.0,0.0,-2.85,2.68,1.0,0.0,0.0,0.0,-2.85,4.68,1.0,0.0,0.0,0.0,-2.85,6.68,1.0,0.0,0.0,0.0,-4.77,-4.82,-1.0,0.0,0.0,0.0,-4.77,-2.82,-1.0,0.0,0.0,0.0,-4.77,-0.82,-1.0,0.0,0.0,0.0,-4.77,-4.82,1.0,0.0,0.0,0.0,-4.77,-2.82,1.0,0.0,0.0,0.0,-4.77,-0.82,1.0,0.0,0.0,0.0,6.32,1.6829999999998777,0.47620000000001217,0.0,1.5499999999999403,0.17000000000000348,6.32,3.6829999999998777,0.47620000000001217,0.0,1.5499999999999403,0.17000000000000348,1.68,2.8433999999999062,-0.14019999999999821,0.0,1.6899999999999693,-0.06999999999998674,9.93,2.747800000000111,-3.6860000000002344,0.0,1.2300000000000644,-1.100000000000101,9.93,4.7478000000000975,-3.6860000000002344,0.0,1.2299999999999756,-1.100000000000101,0,0,0,0,0,0,0,0,0,0,0,0,0,0,0,0,0,0,0,0,0,0,0,0,0,0,0,0,0,0,0,0,0,0,0,0,0,0,0,0,0,0,0,0,0,0,0,0,0,0,0,0,0,0,0,0,0,0,0,0,0,0,0,0,0,0,0,0,0,0,0,0,0,0,0,0,0,0,0,0,0,0,0,0,0,0,0,0,0,0,0,0,0,0,0,0,0,0,0,0,0,0,0,0,0,0,0,0,0,0,0,0,0,0,0,0,0,0,0,0,0,0,0,0,0,0,0,0,0,0,0,0,0,0,0,0,0,0,0,0,0,0,0,0,0,0,0,0,0,0
8.001041601,-2.5050553890190943,0.24071279250195043,2.7471225051929503e-08,3.822545507431218,-0.09763632714748782,-1.1142696543232132e-08,3.907545507431031,-0.0969790369272232,-1.106768277026049e-08,4.999059200286865,-0.0969790369272232,-1.106768277026049e-08,4.999059418222335,-0.09697903424232202,-1.106768298410799e-08,-4.93,1.47,-1.0,0.0,0.0,0.0,-4.93,3.47,-1.0,0.0,0.0,0.0,-4.93,5.47,-1.0,0.0,0.0,0.0,-4.93,7.47,-1.0,0.0,0.0,0.0,-4.93,1.47,1.0,0.0,0.0,0.0,-4.93,3.47,1.0,0.0,0.0,0.0,-4.93,5.47,1.0,0.0,0.0,0.0,-4.93,7.47,1.0,0.0,0.0,0.0,-2.85,2.68,-1.0,0.0,0.0,0.0,-2.85,4.68,-1.0,0.0,0.0,0.0,-2.85,6.68,-1.0,0.0,0.0,0.0,-2.85,2.68,1.0,0.0,0.0,0.0,-2.85,4.68,1.0,0.0,0.0,0.0,-2.85,6.68,1.0,0.0,0.0,0.0,-4.77,-4.82,-1.0,0.0,0.0,0.0,-4.77,-2.82,-1.0,0.0,0.0,0.0,-4.77,-0.82,-1.0,0.0,0.0,0.0,-4.77,-4.82,1.0,0.0,0.0,0.0,-4.77,-2.82,1.0,0.0,0.0,0.0,-4.77,-0.82,1.0,0.0,0.0,0.0,6.32,1.806999999999873,0.48980000000001245,0.0,1.5499999999999403,0.17000000000000348,6.32,3.806999999999873,0.48980000000001245,0.0,1.5499999999999403,0.17000000000000348,1.68,2.9785999999999038,-0.14579999999999715,0.0,1.6899999999999693,-0.06999999999998674,9.93,2.846200000000116,-3.7740000000002425,0.0,1.2300000000000644,-1.100000000000101,9.93,4.846200000000103,-3.7740000000002425,0.0,1.2299999999999756,-1.100000000000101,0,0,0,0,0,0,0,0,0,0,0,0,0,0,0,0,0,0,0,0,0,0,0,0,0,0,0,0,0,0,0,0,0,0,0,0,0,0,0,0,0,0,0,0,0,0,0,0,0,0,0,0,0,0,0,0,0,0,0,0,0,0,0,0,0,0,0,0,0,0,0,0,0,0,0,0,0,0,0,0,0,0,0,0,0,0,0,0,0,0,0,0,0,0,0,0,0,0,0,0,0,0,0,0,0,0,0,0,0,0,0,0,0,0,0,0,0,0,0,0,0,0,0,0,0,0,0,0,0,0,0,0,0,0,0,0,0,0,0,0,0,0,0,0,0,0,0,0,0,0
8.1029292,-2.114191838275983,0.23101637454440488,2.63646263263874e-08,3.960945507431113,-0.09650181829930493,-1.101322073537926e-08,3.9965455074310308,-0.0961836725473404,-1.0976912712123976e-08,4.999074935913086,-0.0961836725473404,-1.0976912712123976e-08,4.999090018607163,-0.09538860446743219,-1.0886176000778108e-08,-4.93,1.47,-1.0,0.0,0.0,0.0,-4.93,3.47,-1.0,0.0,0.0,0.0,-4.93,5.47,-1.0,0.0,0.0,0.0,-4.93,7.47,-1.0,0.0,0.0,0.0,-4.93,1.47,1.0,0.0,0.0,0.0,-4.93,3.47,1.0,0.0,0.0,0.0,-4.93,5.47,1.0,0.0,0.0,0.0,-4.93,7.47,1.0,0.0,0.0,0.0,-2.85,2.68,-1.0,0.0,0.0,0.0,-2.85,4.68,-1.0,0.0,0.0,0.0,-2.85,6.68,-1.0,0.0,0.0,0.0,-2.85,2.68,1.0,0.0,0.0,0.0,-2.85,4.68,1.0,0.0,0.0,0.0,-2.85,6.68,1.0,0.0,0.0,0.0,-4.77,-4.82,-1.0,0.0,0.0,0.0,-4.77,-2.82,-1.0,0.0,0.0,0.0,-4.77,-0.82,-1.0,0.0,0.0,0.0,-4.77,-4.82,1.0,0.0,0.0,0.0,-4.77,-2.82,1.0,0.0,0.0,0.0,-4.77,-0.82,1.0,0.0,0.0,0.0,6.32,1.961999999999867,0.5068000000000128,0.0,1.5499999999999403,0.17000000000000348,6.32,3.961999999999867,0.5068000000000128,0.0,1.5499999999999403,0.17000000000000348,1.68,3.1475999999999007,-0.15279999999999583,0.0,1.6899999999999693,-0.06999999999998674,9.93,2.9692000000001224,-3.8840000000002526,0.0,1.2300000000000644,-1.100000000000101,9.93,4.969200000000109,-3.8840000000002526,0.0,1.2299999999999756,-1.100000000000101,0,0,0,0,0,0,0,0,0,0,0,0,0,0,0,0,0,0,0,0,0,0,0,0,0,0,0,0,0,0,0,0,0,0,0,0,0,0,0,0,0,0,0,0,0,0,0,0,0,0,0,0,0,0,0,0,0,0,0,0,0,0,0,0,0,0,0,0,0,0,0,0,0,0,0,0,0,0,0,0,0,0,0,0,0,0,0,0,0,0,0,0,0,0,0,0,0,0,0,0,0,0,0,0,0,0,0,0,0,0,0,0,0,0,0,0,0,0,0,0,0,0,0,0,0,0,0,0,0,0,0,0,0,0,0,0,0,0,0,0,0,0,0,0,0,0,0,0,0,0
8.202599933,-1.7938441976814934,0.22332804127147016,2.548719919987625e-08,4.058945507431134,-0.0955476194620164,-1.0904323666239677e-08,4.074545507431031,-0.09538860619068146,-1.0886176404767411e-08,4.999090194702148,-0.09538860619068146,-1.0886176404767411e-08,4.999102557433457,-0.09472919435035437,-1.0810921157746312e-08,-4.93,1.47,-1.0,0.0,0.0,0.0,-4.93,3.47,-1.0,0.0,0.0,0.0,-4.93,5.47,-1.0,0.0,0.0,0.0,-4.93,7.47,-1.0,0.0,0.0,0.0,-4.93,1.47,1.0,0.0,0.0,0.0,-4.93,3.47,1.0,0.0,0.0,0.0,-4.93,5.47,1.0,0.0,0.0,0.0,-4.93,7.47,1.0,0.0,0.0,0.0,-2.85,2.68,-1.0,0.0,0.0,0.0,-2.85,4.68,-1.0,0.0,0.0,0.0,-2.85,6.68,-1.0,0.0,0.0,0.0,-2.85,2.68,1.0,0.0,0.0,0.0,-2.85,4.68,1.0,0.0,0.0,0.0,-2.85,6.68,1.0,0.0,0.0,0.0,-4.77,-4.82,-1.0,0.0,0.0,0.0,-4.77,-2.82,-1.0,0.0,0.0,0.0,-4.77,-0.82,-1.0,0.0,0.0,0.0,-4.77,-4.82,1.0,0.0,0.0,0.0,-4.77,-2.82,1.0,0.0,0.0,0.0,-4.77,-0.82,1.0,0.0,0.0,0.0,6.32,2.085999999999862,0.5204000000000131,0.0,1.5499999999999403,0.17000000000000348,6.32,4.085999999999863,0.5204000000000131,0.0,1.5499999999999403,0.17000000000000348,1.68,3.2827999999998982,-0.15839999999999477,0.0,1.6899999999999693,-0.06999999999998674,9.93,3.0676000000001276,-3.9720000000002607,0.0,1.2300000000000644,-1.100000000000101,9.93,5.067600000000114,-3.9720000000002607,0.0,1.2299999999999756,-1.100000000000101,0,0,0,0,0,0,0,0,0,0,0,0,0,0,0,0,0,0,0,0,0,0,0,0,0,0,0,0,0,0,0,0,0,0,0,0,0,0,0,0,0,0,0,0,0,0,0,0,0,0,0,0,0,0,0,0,0,0,0,0,0,0,0,0,0,0,0,0,0,0,0,0,0,0,0,0,0,0,0,0,0,0,0,0,0,0,0,0,0,0,0,0,0,0,0,0,0,0,0,0,0,0,0,0,0,0,0,0,0,0,0,0,0,0,0,0,0,0,0,0,0,0,0,0,0,0,0,0,0,0,0,0,0,0,0,0,0,0,0,0,0,0,0,0,0,0,0,0,0,0
8.305139614,-1.4677085570870028,0.21569827160348698,2.4616455598209786e-08,4.0917455074311,-0.0952567234635382,-1.087112533326802e-08,4.160545507431031,-0.09472919255495071,-1.081092104726622e-08,4.999102592468262,-0.09472919255495071,-1.081092104726622e-08,4.999102557433457,-0.09472919435035437,-1.0810921157746312e-08,-4.93,1.47,-1.0,0.0,0.0,0.0,-4.93,3.47,-1.0,0.0,0.0,0.0,-4.93,5.47,-1.0,0.0,0.0,0.0,-4.93,7.47,-1.0,0.0,0.0,0.0,-4.93,1.47,1.0,0.0,0.0,0.0,-4.93,3.47,1.0,0.0,0.0,0.0,-4.93,5.47,1.0,0.0,0.0,0.0,-4.93,7.47,1.0,0.0,0.0,0.0,-2.85,2.68,-1.0,0.0,0.0,0.0,-2.85,4.68,-1.0,0.0,0.0,0.0,-2.85,6.68,-1.0,0.0,0.0,0.0,-2.85,2.68,1.0,0.0,0.0,0.0,-2.85,4.68,1.0,0.0,0.0,0.0,-2.85,6.68,1.0,0.0,0.0,0.0,-4.77,-4.82,-1.0,0.0,0.0,0.0,-4.77,-2.82,-1.0,0.0,0.0,0.0,-4.77,-0.82,-1.0,0.0,0.0,0.0,-4.77,-4.82,1.0,0.0,0.0,0.0,-4.77,-2.82,1.0,0.0,0.0,0.0,-4.77,-0.82,1.0,0.0,0.0,0.0,6.32,2.2099999999998574,0.5340000000000134,0.0,1.5499999999999403,0.17000000000000348,6.32,4.209999999999858,0.5340000000000134,0.0,1.5499999999999403,0.17000000000000348,1.68,3.417999999999896,-0.1639999999999937,0.0,1.6899999999999693,-0.06999999999998674,9.93,3.1660000000001327,-4.060000000000269,0.0,1.2300000000000644,-1.100000000000101,9.93,5.166000000000119,-4.060000000000269,0.0,1.2299999999999756,-1.100000000000101,0,0,0,0,0,0,0,0,0,0,0,0,0,0,0,0,0,0,0,0,0,0,0,0,0,0,0,0,0,0,0,0,0,0,0,0,0,0,0,0,0,0,0,0,0,0,0,0,0,0,0,0,0,0,0,0,0,0,0,0,0,0,0,0,0,0,0,0,0,0,0,0,0,0,0,0,0,0,0,0,0,0,0,0,0,0,0,0,0,0,0,0,0,0,0,0,0,0,0,0,0,0,0,0,0,0,0,0,0,0,0,0,0,0,0,0,0,0,0,0,0,0,0,0,0,0,0,0,0,0,0,0,0,0,0,0,0,0,0,0,0,0,0,0,0,0,0,0,0,0
8.400778294,-1.134864916492527,0.2081199361990902,2.3751581914428446e-08,4.160545507430946,-0.09472919255495982,-1.081092104726675e-08,4.246545507431032,-0.09403736889362335,-1.0731967314825397e-08,4.999115467071533,-0.09403736889362335,-1.0731967314825397e-08,4.999115619080396,-0.09403737058442692,-1.0731967114870122e-08,-4.93,1.47,-1.0,0.0,0.0,0.0,-4.93,3.47,-1.0,0.0,0.0,0.0,-4.93,5.47,-1.0,0.0,0.0,0.0,-4.93,7.47,-1.0,0.0,0.0,0.0,-4.93,1.47,1.0,0.0,0.0,0.0,-4.93,3.47,1.0,0.0,0.0,0.0,-4.93,5.47,1.0,0.0,0.0,0.0,-4.93,7.47,1.0,0.0,0.0,0.0,-2.85,2.68,-1.0,0.0,0.0,0.0,-2.85,4.68,-1.0,0.0,0.0,0.0,-2.85,6.68,-1.0,0.0,0.0,0.0,-2.85,2.68,1.0,0.0,0.0,0.0,-2.85,4.68,1.0,0.0,0.0,0.0,-2.85,6.68,1.0,0.0,0.0,0.0,-4.77,-4.82,-1.0,0.0,0.0,0.0,-4.77,-2.82,-1.0,0.0,0.0,0.0,-4.77,-0.82,-1.0,0.0,0.0,0.0,-4.77,-4.82,1.0,0.0,0.0,0.0,-4.77,-2.82,1.0,0.0,0.0,0.0,-4.77,-0.82,1.0,0.0,0.0,0.0,6.32,2.3339999999998526,0.5476000000000136,0.0,1.5499999999999403,0.17000000000000348,6.32,4.333999999999853,0.5476000000000136,0.0,1.5499999999999403,0.17000000000000348,1.68,3.5531999999998933,-0.16959999999999265,0.0,1.6899999999999693,-0.06999999999998674,9.93,3.264400000000138,-4.148000000000277,0.0,1.2300000000000644,-1.100000000000101,9.93,5.2644000000001245,-4.148000000000277,0.0,1.2299999999999756,-1.100000000000101,0,0,0,0,0,0,0,0,0,0,0,0,0,0,0,0,0,0,0,0,0,0,0,0,0,0,0,0,0,0,0,0,0,0,0,0,0,0,0,0,0,0,0,0,0,0,0,0,0,0,0,0,0,0,0,0,0,0,0,0,0,0,0,0,0,0,0,0,0,0,0,0,0,0,0,0,0,0,0,0,0,0,0,0,0,0,0,0,0,0,0,0,0,0,0,0,0,0,0,0,0,0,0,0,0,0,0,0,0,0,0,0,0,0,0,0,0,0,0,0,0,0,0,0,0,0,0,0,0,0,0,0,0,0,0,0,0,0,0,0,0,0,0,0,0,0,0,0,0,0
8.50299903,-0.7954852758980491,0.20059417939295454,2.2892708714312693e-08,4.2465455074309775,-0.09403736889362913,-1.0731967314824815e-08,4.330545507431031,-0.09340385347604752,-1.0659667815104967e-08,4.999127388000488,-0.09340385347604752,-1.0659667815104967e-08,4.999127495876294,-0.09340385416893465,-1.0659667371491631e-08,-4.93,1.47,-1.0,0.0,0.0,0.0,-4.93,3.47,-1.0,0.0,0.0,0.0,-4.93,5.47,-1.0,0.0,0.0,0.0,-4.93,7.47,-1.0,0.0,0.0,0.0,-4.93,1.47,1.0,0.0,0.0,0.0,-4.93,3.47,1.0,0.0,0.0,0.0,-4.93,5.47,1.0,0.0,0.0,0.0,-4.93,7.47,1.0,0.0,0.0,0.0,-2.85,2.68,-1.0,0.0,0.0,0.0,-2.85,4.68,-1.0,0.0,0.0,0.0,-2.85,6.68,-1.0,0.0,0.0,0.0,-2.85,2.68,1.0,0.0,0.0,0.0,-2.85,4.68,1.0,0.0,0.0,0.0,-2.85,6.68,1.0,0.0,0.0,0.0,-4.77,-4.82,-1.0,0.0,0.0,0.0,-4.77,-2.82,-1.0,0.0,0.0,0.0,-4.77,-0.82,-1.0,0.0,0.0,0.0,-4.77,-4.82,1.0,0.0,0.0,0.0,-4.77,-2.82,1.0,0.0,0.0,0.0,-4.77,-0.82,1.0,0.0,0.0,0.0,6.32,2.457999999999848,0.5612000000000139,0.0,1.5499999999999403,0.17000000000000348,6.32,4.457999999999848,0.5612000000000139,0.0,1.5499999999999403,0.17000000000000348,1.68,3.688399999999891,-0.17519999999999158,0.0,1.6899999999999693,-0.06999999999998674,9.93,3.3874000000001443,-4.258000000000287,0.0,1.2300000000000644,-1.100000000000101,9.93,5.36280000000013,-4.236000000000285,0.0,1.2299999999999756,-1.100000000000101,0,0,0,0,0,0,0,0,0,0,0,0,0,0,0,0,0,0,0,0,0,0,0,0,0,0,0,0,0,0,0,0,0,0,0,0,0,0,0,0,0,0,0,0,0,0,0,0,0,0,0,0,0,0,0,0,0,0,0,0,0,0,0,0,0,0,0,0,0,0,0,0,0,0,0,0,0,0,0,0,0,0,0,0,0,0,0,0,0,0,0,0,0,0,0,0,0,0,0,0,0,0,0,0,0,0,0,0,0,0,0,0,0,0,0,0,0,0,0,0,0,0,0,0,0,0,0,0,0,0,0,0,0,0,0,0,0,0,0,0,0,0,0,0,0,0,0,0,0,0
8.600481379,-0.3628347251549454,0.19125037878115947,2.1826352169913538e-08,4.365745507431018,-0.09317521601915901,-1.0633574554219273e-08,4.418545507431031,-0.09283225983381271,-1.0594434662891672e-08,4.999138355255127,-0.09283225983381271,-1.0594434662891672e-08,4.999148364085081,-0.09228019216202678,-1.0531429978906908e-08,-4.93,1.47,-1.0,0.0,0.0,0.0,-4.93,3.47,-1.0,0.0,0.0,0.0,-4.93,5.47,-1.0,0.0,0.0,0.0,-4.93,7.47,-1.0,0.0,0.0,0.0,-4.93,1.47,1.0,0.0,0.0,0.0,-4.93,3.47,1.0,0.0,0.0,0.0,-4.93,5.47,1.0,0.0,0.0,0.0,-4.93,7.47,1.0,0.0,0.0,0.0,-2.85,2.68,-1.0,0.0,0.0,0.0,-2.85,4.68,-1.0,0.0,0.0,0.0,-2.85,6.68,-1.0,0.0,0.0,0.0,-2.85,2.68,1.0,0.0,0.0,0.0,-2.85,4.68,1.0,0.0,0.0,0.0,-2.85,6.68,1.0,0.0,0.0,0.0,-4.77,-4.82,-1.0,0.0,0.0,0.0,-4.77,-2.82,-1.0,0.0,0.0,0.0,-4.77,-0.82,-1.0,0.0,0.0,0.0,-4.77,-4.82,1.0,0.0,0.0,0.0,-4.77,-2.82,1.0,0.0,0.0,0.0,-4.77,-0.82,1.0,0.0,0.0,0.0,6.32,2.612999999999842,0.5782000000000143,0.0,1.5499999999999403,0.17000000000000348,6.32,4.612999999999842,0.5782000000000143,0.0,1.5499999999999403,0.17000000000000348,1.68,3.857399999999888,-0.18219999999999026,0.0,1.6899999999999693,-0.06999999999998674,9.93,3.4858000000001494,-4.346000000000295,0.0,1.2300000000000644,-1.100000000000101,9.93,5.485800000000136,-4.346000000000295,0.0,1.2299999999999756,-1.100000000000101,0,0,0,0,0,0,0,0,0,0,0,0,0,0,0,0,0,0,0,0,0,0,0,0,0,0,0,0,0,0,0,0,0,0,0,0,0,0,0,0,0,0,0,0,0,0,0,0,0,0,0,0,0,0,0,0,0,0,0,0,0,0,0,0,0,0,0,0,0,0,0,0,0,0,0,0,0,0,0,0,0,0,0,0,0,0,0,0,0,0,0,0,0,0,0,0,0,0,0,0,0,0,0,0,0,0,0,0,0,0,0,0,0,0,0,0,0,0,0,0,0,0,0,0,0,0,0,0,0,0,0,0,0,0,0,0,0,0,0,0,0,0,0,0,0,0,0,0,0,0
8.704249874,-0.09772199470908316,0.18568044319113097,2.1190686090140135e-08,4.418545507431037,-0.09283225983380827,-1.0594434662890057e-08,4.494545507431031,-0.09228019416332245,-1.0531429950333404e-08,4.999148368835449,-0.09228019416332245,-1.0531429950333404e-08,4.999148364085081,-0.09228019216202678,-1.0531429978906908e-08,-4.93,1.47,-1.0,0.0,0.0,0.0,-4.93,3.47,-1.0,0.0,0.0,0.0,-4.93,5.47,-1.0,0.0,0.0,0.0,-4.93,7.47,-1.0,0.0,0.0,0.0,-4.93,1.47,1.0,0.0,0.0,0.0,-4.93,3.47,1.0,0.0,0.0,0.0,-4.93,5.47,1.0,0.0,0.0,0.0,-4.93,7.47,1.0,0.0,0.0,0.0,-2.85,2.68,-1.0,0.0,0.0,0.0,-2.85,4.68,-1.0,0.0,0.0,0.0,-2.85,6.68,-1.0,0.0,0.0,0.0,-2.85,2.68,1.0,0.0,0.0,0.0,-2.85,4.68,1.0,0.0,0.0,0.0,-2.85,6.68,1.0,0.0,0.0,0.0,-4.77,-4.82,-1.0,0.0,0.0,0.0,-4.77,-2.82,-1.0,0.0,0.0,0.0,-4.77,-0.82,-1.0,0.0,0.0,0.0,-4.77,-4.82,1.0,0.0,0.0,0.0,-4.77,-2.82,1.0,0.0,0.0,0.0,-4.77,-0.82,1.0,0.0,0.0,0.0,6.32,2.7059999999998383,0.5884000000000145,0.0,1.5499999999999403,0.17000000000000348,6.32,4.705999999999839,0.5884000000000145,0.0,1.5499999999999403,0.17000000000000348,1.68,3.9925999999998854,-0.1877999999999892,0.0,1.6899999999999693,-0.06999999999998674,9.93,3.5596000000001533,-4.412000000000301,0.0,1.2300000000000644,-1.100000000000101,9.93,5.55960000000014,-4.412000000000301,0.0,1.2299999999999756,-1.100000000000101,0,0,0,0,0,0,0,0,0,0,0,0,0,0,0,0,0,0,0,0,0,0,0,0,0,0,0,0,0,0,0,0,0,0,0,0,0,0,0,0,0,0,0,0,0,0,0,0,0,0,0,0,0,0,0,0,0,0,0,0,0,0,0,0,0,0,0,0,0,0,0,0,0,0,0,0,0,0,0,0,0,0,0,0,0,0,0,0,0,0,0,0,0,0,0,0,0,0,0,0,0,0,0,0,0,0,0,0,0,0,0,0,0,0,0,0,0,0,0,0,0,0,0,0,0,0,0,0,0,0,0,0,0,0,0,0,0,0,0,0,0,0,0,0,0,0,0,0,0,0
8.801236987,0.2609296458853994,0.1782914028700192,2.034741563756283e-08,4.494545507431038,-0.09228019416332445,-1.053142995033269e-08,4.569545507431031,-0.09186170995235443,-1.0483670820349289e-08,4.9991559982299805,-0.09186170995235443,-1.0483670820349289e-08,4.999156071383458,-0.09186171101121389,-1.0483671022274967e-08,-4.93,1.47,-1.0,0.0,0.0,0.0,-4.93,3.47,-1.0,0.0,0.0,0.0,-4.93,5.47,-1.0,0.0,0.0,0.0,-4.93,7.47,-1.0,0.0,0.0,0.0,-4.93,1.47,1.0,0.0,0.0,0.0,-4.93,3.47,1.0,0.0,0.0,0.0,-4.93,5.47,1.0,0.0,0.0,0.0,-4.93,7.47,1.0,0.0,0.0,0.0,-2.85,2.68,-1.0,0.0,0.0,0.0,-2.85,4.68,-1.0,0.0,0.0,0.0,-2.85,6.68,-1.0,0.0,0.0,0.0,-2.85,2.68,1.0,0.0,0.0,0.0,-2.85,4.68,1.0,0.0,0.0,0.0,-2.85,6.68,1.0,0.0,0.0,0.0,-4.77,-4.82,-1.0,0.0,0.0,0.0,-4.77,-2.82,-1.0,0.0,0.0,0.0,-4.77,-0.82,-1.0,0.0,0.0,0.0,-4.77,-4.82,1.0,0.0,0.0,0.0,-4.77,-2.82,1.0,0.0,0.0,0.0,-4.77,-0.82,1.0,0.0,0.0,0.0,6.32,2.8299999999998335,0.6020000000000147,0.0,1.5499999999999403,0.17000000000000348,6.32,4.829999999999834,0.6020000000000147,0.0,1.5499999999999403,0.17000000000000348,1.68,4.093999999999884,-0.1919999999999884,0.0,1.6899999999999693,-0.06999999999998674,9.93,3.6580000000001585,-4.500000000000309,0.0,1.2300000000000644,-1.100000000000101,9.93,5.658000000000145,-4.500000000000309,0.0,1.2299999999999756,-1.100000000000101,0,0,0,0,0,0,0,0,0,0,0,0,0,0,0,0,0,0,0,0,0,0,0,0,0,0,0,0,0,0,0,0,0,0,0,0,0,0,0,0,0,0,0,0,0,0,0,0,0,0,0,0,0,0,0,0,0,0,0,0,0,0,0,0,0,0,0,0,0,0,0,0,0,0,0,0,0,0,0,0,0,0,0,0,0,0,0,0,0,0,0,0,0,0,0,0,0,0,0,0,0,0,0,0,0,0,0,0,0,0,0,0,0,0,0,0,0,0,0,0,0,0,0,0,0,0,0,0,0,0,0,0,0,0,0,0,0,0,0,0,0,0,0,0,0,0,0,0,0,0
8.900914091,0.6259682864798835,0.17093953668435471,1.950838765802505e-08,4.569545507431051,-0.09186170995234555,-1.048367082034868e-08,4.645545507431031,-0.08883900940418243,-1.0138706763029859e-08,4.854390621185303,-0.08883900940418243,-1.0138706763029859e-08,4.854390858699197,-0.08883900750358897,-1.013870653039527e-08,-4.93,1.47,-1.0,0.0,0.0,0.0,-4.93,3.47,-1.0,0.0,0.0,0.0,-4.93,5.47,-1.0,0.0,0.0,0.0,-4.93,7.47,-1.0,0.0,0.0,0.0,-4.93,1.47,1.0,0.0,0.0,0.0,-4.93,3.47,1.0,0.0,0.0,0.0,-4.93,5.47,1.0,0.0,0.0,0.0,-4.93,7.47,1.0,0.0,0.0,0.0,-2.85,2.68,-1.0,0.0,0.0,0.0,-2.85,4.68,-1.0,0.0,0.0,0.0,-2.85,6.68,-1.0,0.0,0.0,0.0,-2.85,2.68,1.0,0.0,0.0,0.0,-2.85,4.68,1.0,0.0,0.0,0.0,-2.85,6.68,1.0,0.0,0.0,0.0,-4.77,-4.82,-1.0,0.0,0.0,0.0,-4.77,-2.82,-1.0,0.0,0.0,0.0,-4.77,-0.82,-1.0,0.0,0.0,0.0,-4.77,-4.82,1.0,0.0,0.0,0.0,-4.77,-2.82,1.0,0.0,0.0,0.0,-4.77,-0.82,1.0,0.0,0.0,0.0,6.32,2.9539999999998288,0.615600000000015,0.0,1.5499999999999403,0.17000000000000348,6.32,4.953999999999829,0.615600000000015,0.0,1.5499999999999403,0.17000000000000348,1.68,4.2291999999998815,-0.19759999999998734,0.0,1.6899999999999693,-0.06999999999998674,9.93,3.7564000000001636,-4.588000000000317,0.0,1.2300000000000644,-1.100000000000101,9.93,5.75640000000015,-4.588000000000317,0.0,1.2299999999999756,-1.100000000000101,0,0,0,0,0,0,0,0,0,0,0,0,0,0,0,0,0,0,0,0,0,0,0,0,0,0,0,0,0,0,0,0,0,0,0,0,0,0,0,0,0,0,0,0,0,0,0,0,0,0,0,0,0,0,0,0,0,0,0,0,0,0,0,0,0,0,0,0,0,0,0,0,0,0,0,0,0,0,0,0,0,0,0,0,0,0,0,0,0,0,0,0,0,0,0,0,0,0,0,0,0,0,0,0,0,0,0,0,0,0,0,0,0,0,0,0,0,0,0,0,0,0,0,0,0,0,0,0,0,0,0,0,0,0,0,0,0,0,0,0,0,0,0,0,0,0,0,0,0,0
9.00046324,0.9973079270743648,0.16382032512982772,1.86959112607534e-08,4.645545507431016,-0.0888390094041791,-1.0138706763029647e-08,4.677755355834961,-0.08529087901115417,-9.733778227882794e-09,4.677755355834961,-0.08529087901115417,-9.733778227882794e-09,4.677755165745197,-0.08529088124314974,-9.733778429863538e-09,-4.93,1.47,-1.0,0.0,0.0,0.0,-4.93,3.47,-1.0,0.0,0.0,0.0,-4.93,5.47,-1.0,0.0,0.0,0.0,-4.93,7.47,-1.0,0.0,0.0,0.0,-4.93,1.47,1.0,0.0,0.0,0.0,-4.93,3.47,1.0,0.0,0.0,0.0,-4.93,5.47,1.0,0.0,0.0,0.0,-4.93,7.47,1.0,0.0,0.0,0.0,-2.85,2.68,-1.0,0.0,0.0,0.0,-2.85,4.68,-1.0,0.0,0.0,0.0,-2.85,6.68,-1.0,0.0,0.0,0.0,-2.85,2.68,1.0,0.0,0.0,0.0,-2.85,4.68,1.0,0.0,0.0,0.0,-2.85,6.68,1.0,0.0,0.0,0.0,-4.77,-4.82,-1.0,0.0,0.0,0.0,-4.77,-2.82,-1.0,0.0,0.0,0.0,-4.77,-0.82,-1.0,0.0,0.0,0.0,-4.77,-4.82,1.0,0.0,0.0,0.0,-4.77,-2.82,1.0,0.0,0.0,0.0,-4.77,-0.82,1.0,0.0,0.0,0.0,6.32,3.077999999999824,0.6292000000000153,0.0,1.5499999999999403,0.17000000000000348,6.32,5.077999999999824,0.6292000000000153,0.0,1.5499999999999403,0.17000000000000348,1.68,4.398199999999878,-0.20459999999998602,0.0,1.6899999999999693,-0.06999999999998674,9.93,3.8548000000001688,-4.676000000000325,0.0,1.2300000000000644,-1.100000000000101,9.93,5.854800000000155,-4.676000000000325,0.0,1.2299999999999756,-1.100000000000101,0,0,0,0,0,0,0,0,0,0,0,0,0,0,0,0,0,0,0,0,0,0,0,0,0,0,0,0,0,0,0,0,0,0,0,0,0,0,0,0,0,0,0,0,0,0,0,0,0,0,0,0,0,0,0,0,0,0,0,0,0,0,0,0,0,0,0,0,0,0,0,0,0,0,0,0,0,0,0,0,0,0,0,0,0,0,0,0,0,0,0,0,0,0,0,0,0,0,0,0,0,0,0,0,0,0,0,0,0,0,0,0,0,0,0,0,0,0,0,0,0,0,0,0,0,0,0,0,0,0,0,0,0,0,0,0,0,0,0,0,0,0,0,0,0,0,0,0,0,0
9.100591268,1.4644173641738278,0.15527119421323207,1.7720246039250112e-08,4.643355355835022,-0.08374705016612749,-9.55758956422522e-09,4.591755355834961,-0.0814313068985939,-9.29330656873617e-09,4.475707054138184,-0.0814313068985939,-9.29330656873617e-09,4.274782150946838,-0.07776237555349899,-8.874591545469136e-09,-4.93,1.47,-1.0,0.0,0.0,0.0,-4.93,3.47,-1.0,0.0,0.0,0.0,-4.93,5.47,-1.0,0.0,0.0,0.0,-4.93,7.47,-1.0,0.0,0.0,0.0,-4.93,1.47,1.0,0.0,0.0,0.0,-4.93,3.47,1.0,0.0,0.0,0.0,-4.93,5.47,1.0,0.0,0.0,0.0,-4.93,7.47,1.0,0.0,0.0,0.0,-2.85,2.68,-1.0,0.0,0.0,0.0,-2.85,4.68,-1.0,0.0,0.0,0.0,-2.85,6.68,-1.0,0.0,0.0,0.0,-2.85,2.68,1.0,0.0,0.0,0.0,-2.85,4.68,1.0,0.0,0.0,0.0,-2.85,6.68,1.0,0.0,0.0,0.0,-4.77,-4.82,-1.0,0.0,0.0,0.0,-4.77,-2.82,-1.0,0.0,0.0,0.0,-4.77,-0.82,-1.0,0.0,0.0,0.0,-4.77,-4.82,1.0,0.0,0.0,0.0,-4.77,-2.82,1.0,0.0,0.0,0.0,-4.77,-0.82,1.0,0.0,0.0,0.0,6.32,3.232999999999818,0.6462000000000157,0.0,1.5499999999999403,0.17000000000000348,6.32,5.2329999999998185,0.6462000000000157,0.0,1.5499999999999403,0.17000000000000348,1.68,4.533399999999876,-0.21019999999998495,0.0,1.6899999999999693,-0.06999999999998674,9.93,3.977800000000175,-4.786000000000335,0.0,1.2300000000000644,-1.100000000000101,9.93,5.977800000000162,-4.786000000000335,0.0,1.2299999999999756,-1.100000000000101,0,0,0,0,0,0,0,0,0,0,0,0,0,0,0,0,0,0,0,0,0,0,0,0,0,0,0,0,0,0,0,0,0,0,0,0,0,0,0,0,0,0,0,0,0,0,0,0,0,0,0,0,0,0,0,0,0,0,0,0,0,0,0,0,0,0,0,0,0,0,0,0,0,0,0,0,0,0,0,0,0,0,0,0,0,0,0,0,0,0,0,0,0,0,0,0,0,0,0,0,0,0,0,0,0,0,0,0,0,0,0,0,0,0,0,0,0,0,0,0,0,0,0,0,0,0,0,0,0,0,0,0,0,0,0,0,0,0,0,0,0,0,0,0,0,0,0,0,0,0
9.201085416,1.831757792640628,0.14875668966134545,1.6976781513751178e-08,4.591755355835004,-0.0814313068985828,-9.293306568736673e-09,4.504755355834961,-0.07776237279176712,-8.87459172815852e-09,4.274782180786133,-0.07776237279176712,-8.87459172815852e-09,4.274782150946838,-0.07776237555349899,-8.874591545469136e-09,-4.93,1.47,-1.0,0.0,0.0,0.0,-4.93,3.47,-1.0,0.0,0.0,0.0,-4.93,5.47,-1.0,0.0,0.0,0.0,-4.93,7.47,-1.0,0.0,0.0,0.0,-4.93,1.47,1.0,0.0,0.0,0.0,-4.93,3.47,1.0,0.0,0.0,0.0,-4.93,5.47,1.0,0.0,0.0,0.0,-4.93,7.47,1.0,0.0,0.0,0.0,-2.85,2.68,-1.0,0.0,0.0,0.0,-2.85,4.68,-1.0,0.0,0.0,0.0,-2.85,6.68,-1.0,0.0,0.0,0.0,-2.85,2.68,1.0,0.0,0.0,0.0,-2.85,4.68,1.0,0.0,0.0,0.0,-2.85,6.68,1.0,0.0,0.0,0.0,-4.77,-4.82,-1.0,0.0,0.0,0.0,-4.77,-2.82,-1.0,0.0,0.0,0.0,-4.77,-0.82,-1.0,0.0,0.0,0.0,-4.77,-4.82,1.0,0.0,0.0,0.0,-4.77,-2.82,1.0,0.0,0.0,0.0,-4.77,-0.82,1.0,0.0,0.0,0.0,6.32,3.3569999999998132,0.6598000000000159,0.0,1.5499999999999403,0.17000000000000348,6.32,5.356999999999814,0.6598000000000159,0.0,1.5499999999999403,0.17000000000000348,1.68,4.6685999999998735,-0.2157999999999839,0.0,1.6899999999999693,-0.06999999999998674,9.93,4.076200000000153,-4.874000000000343,0.0,1.2299999999996203,-1.100000000000101,9.93,6.07620000000014,-4.874000000000343,0.0,1.2299999999996203,-1.100000000000101,0,0,0,0,0,0,0,0,0,0,0,0,0,0,0,0,0,0,0,0,0,0,0,0,0,0,0,0,0,0,0,0,0,0,0,0,0,0,0,0,0,0,0,0,0,0,0,0,0,0,0,0,0,0,0,0,0,0,0,0,0,0,0,0,0,0,0,0,0,0,0,0,0,0,0,0,0,0,0,0,0,0,0,0,0,0,0,0,0,0,0,0,0,0,0,0,0,0,0,0,0,0,0,0,0,0,0,0,0,0,0,0,0,0,0,0,0,0,0,0,0,0,0,0,0,0,0,0,0,0,0,0,0,0,0,0,0,0,0,0,0,0,0,0,0,0,0,0,0,0
9.301096152,2.1923992211074323,0.14252469303568274,1.626555803097684e-08,4.504755355835056,-0.07776237279177867,-8.874591728157488e-09,4.4237553558349605,-0.07422172278165817,-8.470515844294368e-09,4.075085639953613,-0.07422172278165817,-8.470515844294368e-09,4.075085492968016,-0.07422171940485713,-8.4705159589671e-09,-4.93,1.47,-1.0,0.0,0.0,0.0,-4.93,3.47,-1.0,0.0,0.0,0.0,-4.93,5.47,-1.0,0.0,0.0,0.0,-4.93,7.47,-1.0,0.0,0.0,0.0,-4.93,1.47,1.0,0.0,0.0,0.0,-4.93,3.47,1.0,0.0,0.0,0.0,-4.93,5.47,1.0,0.0,0.0,0.0,-4.93,7.47,1.0,0.0,0.0,0.0,-2.85,2.68,-1.0,0.0,0.0,0.0,-2.85,4.68,-1.0,0.0,0.0,0.0,-2.85,6.68,-1.0,0.0,0.0,0.0,-2.85,2.68,1.0,0.0,0.0,0.0,-2.85,4.68,1.0,0.0,0.0,0.0,-2.85,6.68,1.0,0.0,0.0,0.0,-4.77,-4.82,-1.0,0.0,0.0,0.0,-4.77,-2.82,-1.0,0.0,0.0,0.0,-4.77,-0.82,-1.0,0.0,0.0,0.0,-4.77,-4.82,1.0,0.0,0.0,0.0,-4.77,-2.82,1.0,0.0,0.0,0.0,-4.77,-0.82,1.0,0.0,0.0,0.0,6.32,3.4809999999998085,0.6734000000000162,0.0,1.5499999999999403,0.17000000000000348,6.32,5.480999999999809,0.6734000000000162,0.0,1.5499999999999403,0.17000000000000348,1.68,4.803799999999871,-0.22139999999998283,0.0,1.6899999999999693,-0.06999999999998674,9.93,4.174600000000122,-4.9620000000003515,0.0,1.2299999999996203,-1.100000000000101,9.93,6.17460000000011,-4.9620000000003515,0.0,1.2299999999996203,-1.100000000000101,0,0,0,0,0,0,0,0,0,0,0,0,0,0,0,0,0,0,0,0,0,0,0,0,0,0,0,0,0,0,0,0,0,0,0,0,0,0,0,0,0,0,0,0,0,0,0,0,0,0,0,0,0,0,0,0,0,0,0,0,0,0,0,0,0,0,0,0,0,0,0,0,0,0,0,0,0,0,0,0,0,0,0,0,0,0,0,0,0,0,0,0,0,0,0,0,0,0,0,0,0,0,0,0,0,0,0,0,0,0,0,0,0,0,0,0,0,0,0,0,0,0,0,0,0,0,0,0,0,0,0,0,0,0,0,0,0,0,0,0,0,0,0,0,0,0,0,0,0,0
9.401136007,2.5467046495742203,0.13656925196309985,1.558589638401387e-08,4.423755355834835,-0.07422172278165329,-8.470515844295798e-09,4.339755355834961,-0.07107458263635635,-8.111349814043933e-09,3.892690420150757,-0.07107458263635635,-8.111349814043933e-09,3.892690376056697,-0.07107457930463092,-8.111350178450266e-09,-4.93,1.47,-1.0,0.0,0.0,0.0,-4.93,3.47,-1.0,0.0,0.0,0.0,-4.93,5.47,-1.0,0.0,0.0,0.0,-4.93,7.47,-1.0,0.0,0.0,0.0,-4.93,1.47,1.0,0.0,0.0,0.0,-4.93,3.47,1.0,0.0,0.0,0.0,-4.93,5.47,1.0,0.0,0.0,0.0,-4.93,7.47,1.0,0.0,0.0,0.0,-2.85,2.68,-1.0,0.0,0.0,0.0,-2.85,4.68,-1.0,0.0,0.0,0.0,-2.85,6.68,-1.0,0.0,0.0,0.0,-2.85,2.68,1.0,0.0,0.0,0.0,-2.85,4.68,1.0,0.0,0.0,0.0,-2.85,6.68,1.0,0.0,0.0,0.0,-4.77,-4.82,-1.0,0.0,0.0,0.0,-4.77,-2.82,-1.0,0.0,0.0,0.0,-4.77,-0.82,-1.0,0.0,0.0,0.0,-4.77,-4.82,1.0,0.0,0.0,0.0,-4.77,-2.82,1.0,0.0,0.0,0.0,-4.77,-0.82,1.0,0.0,0.0,0.0,6.32,3.6049999999998037,0.6870000000000165,0.0,1.5499999999999403,0.17000000000000348,6.32,5.604999999999804,0.6870000000000165,0.0,1.5499999999999403,0.17000000000000348,1.68,4.938999999999869,-0.22699999999998177,0.0,1.6899999999999693,-0.06999999999998674,9.93,4.273000000000092,-5.0500000000003595,0.0,1.2299999999996203,-1.100000000000101,9.93,6.27300000000008,-5.0500000000003595,0.0,1.2299999999996203,-1.100000000000101,0,0,0,0,0,0,0,0,0,0,0,0,0,0,0,0,0,0,0,0,0,0,0,0,0,0,0,0,0,0,0,0,0,0,0,0,0,0,0,0,0,0,0,0,0,0,0,0,0,0,0,0,0,0,0,0,0,0,0,0,0,0,0,0,0,0,0,0,0,0,0,0,0,0,0,0,0,0,0,0,0,0,0,0,0,0,0,0,0,0,0,0,0,0,0,0,0,0,0,0,0,0,0,0,0,0,0,0,0,0,0,0,0,0,0,0,0,0,0,0,0,0,0,0,0,0,0,0,0,0,0,0,0,0,0,0,0,0,0,0,0,0,0,0,0,0,0,0,0,0
9.500929148,2.981345185157726,0.12943658560623797,1.4771884538529172e-08,4.330655355835056,-0.07076296582818331,-8.07578679484782e-09,4.248755355834961,-0.06795841455459595,-7.755719622082324e-09,3.706948757171631,-0.06795841455459595,-7.755719622082324e-09,3.5093274074211367,-0.06471829280311898,-7.3859422692645845e-09,-4.93,1.47,-1.0,0.0,0.0,0.0,-4.93,3.47,-1.0,0.0,0.0,0.0,-4.93,5.47,-1.0,0.0,0.0,0.0,-4.93,7.47,-1.0,0.0,0.0,0.0,-4.93,1.47,1.0,0.0,0.0,0.0,-4.93,3.47,1.0,0.0,0.0,0.0,-4.93,5.47,1.0,0.0,0.0,0.0,-4.93,7.47,1.0,0.0,0.0,0.0,-2.85,2.68,-1.0,0.0,0.0,0.0,-2.85,4.68,-1.0,0.0,0.0,0.0,-2.85,6.68,-1.0,0.0,0.0,0.0,-2.85,2.68,1.0,0.0,0.0,0.0,-2.85,4.68,1.0,0.0,0.0,0.0,-2.85,6.68,1.0,0.0,0.0,0.0,-4.77,-4.82,-1.0,0.0,0.0,0.0,-4.77,-2.82,-1.0,0.0,0.0,0.0,-4.77,-0.82,-1.0,0.0,0.0,0.0,-4.77,-4.82,1.0,0.0,0.0,0.0,-4.77,-2.82,1.0,0.0,0.0,0.0,-4.77,-0.82,1.0,0.0,0.0,0.0,6.32,3.7599999999997977,0.7040000000000168,0.0,1.5499999999999403,0.17000000000000348,6.32,5.759999999999798,0.7040000000000168,0.0,1.5499999999999403,0.17000000000000348,1.68,5.1079999999998655,-0.23399999999998045,0.0,1.6899999999999693,-0.06999999999998674,9.93,4.396000000000054,-5.16000000000037,0.0,1.2299999999996203,-1.100000000000101,9.93,6.396000000000042,-5.16000000000037,0.0,1.2299999999996203,-1.100000000000101,0,0,0,0,0,0,0,0,0,0,0,0,0,0,0,0,0,0,0,0,0,0,0,0,0,0,0,0,0,0,0,0,0,0,0,0,0,0,0,0,0,0,0,0,0,0,0,0,0,0,0,0,0,0,0,0,0,0,0,0,0,0,0,0,0,0,0,0,0,0,0,0,0,0,0,0,0,0,0,0,0,0,0,0,0,0,0,0,0,0,0,0,0,0,0,0,0,0,0,0,0,0,0,0,0,0,0,0,0,0,0,0,0,0,0,0,0,0,0,0,0,0,0,0,0,0,0,0,0,0,0,0,0,0,0,0,0,0,0,0,0,0,0,0,0,0,0,0,0,0
9.600932575,3.32124561362451,0.12399991244187061,1.415142696876253e-08,4.2487553558348,-0.06795841455459195,-7.755719622083039e-09,4.158755355834961,-0.06471829116344452,-7.385942080162522e-09,3.5093274116516113,-0.06471829116344452,-7.385942080162522e-09,3.5093274074211367,-0.06471829280311898,-7.3859422692645845e-09,-4.93,1.47,-1.0,0.0,0.0,0.0,-4.93,3.47,-1.0,0.0,0.0,0.0,-4.93,5.47,-1.0,0.0,0.0,0.0,-4.93,7.47,-1.0,0.0,0.0,0.0,-4.93,1.47,1.0,0.0,0.0,0.0,-4.93,3.47,1.0,0.0,0.0,0.0,-4.93,5.47,1.0,0.0,0.0,0.0,-4.93,7.47,1.0,0.0,0.0,0.0,-2.85,2.68,-1.0,0.0,0.0,0.0,-2.85,4.68,-1.0,0.0,0.0,0.0,-2.85,6.68,-1.0,0.0,0.0,0.0,-2.85,2.68,1.0,0.0,0.0,0.0,-2.85,4.68,1.0,0.0,0.0,0.0,-2.85,6.68,1.0,0.0,0.0,0.0,-4.77,-4.82,-1.0,0.0,0.0,0.0,-4.77,-2.82,-1.0,0.0,0.0,0.0,-4.77,-0.82,-1.0,0.0,0.0,0.0,-4.77,-4.82,1.0,0.0,0.0,0.0,-4.77,-2.82,1.0,0.0,0.0,0.0,-4.77,-0.82,1.0,0.0,0.0,0.0,6.32,3.883999999999793,0.7176000000000171,0.0,1.5499999999999403,0.17000000000000348,6.32,5.883999999999793,0.7176000000000171,0.0,1.5499999999999403,0.17000000000000348,1.68,5.243199999999863,-0.23959999999997939,0.0,1.6899999999999693,-0.06999999999998674,9.93,4.494400000000024,-5.248000000000378,0.0,1.2299999999996203,-1.100000000000101,9.93,6.494400000000011,-5.248000000000378,0.0,1.2299999999996203,-1.100000000000101,0,0,0,0,0,0,0,0,0,0,0,0,0,0,0,0,0,0,0,0,0,0,0,0,0,0,0,0,0,0,0,0,0,0,0,0,0,0,0,0,0,0,0,0,0,0,0,0,0,0,0,0,0,0,0,0,0,0,0,0,0,0,0,0,0,0,0,0,0,0,0,0,0,0,0,0,0,0,0,0,0,0,0,0,0,0,0,0,0,0,0,0,0,0,0,0,0,0,0,0,0,0,0,0,0,0,0,0,0,0,0,0,0,0,0,0,0,0,0,0,0,0,0,0,0,0,0,0,0,0,0,0,0,0,0,0,0,0,0,0,0,0,0,0,0,0,0,0,0,0
9.701043682,3.654756042091315,0.11879328803827463,1.3557223604472281e-08,4.158755355835098,-0.06471829116344585,-7.385942080161979e-09,4.0807553558349605,-0.06173525005578995,-7.045504180069884e-09,3.322580099105835,-0.06173525005578995,-7.045504180069884e-09,3.3225801717644057,-0.061735250834177455,-7.045504116485157e-09,-4.93,1.47,-1.0,0.0,0.0,0.0,-4.93,3.47,-1.0,0.0,0.0,0.0,-4.93,5.47,-1.0,0.0,0.0,0.0,-4.93,7.47,-1.0,0.0,0.0,0.0,-4.93,1.47,1.0,0.0,0.0,0.0,-4.93,3.47,1.0,0.0,0.0,0.0,-4.93,5.47,1.0,0.0,0.0,0.0,-4.93,7.47,1.0,0.0,0.0,0.0,-2.85,2.68,-1.0,0.0,0.0,0.0,-2.85,4.68,-1.0,0.0,0.0,0.0,-2.85,6.68,-1.0,0.0,0.0,0.0,-2.85,2.68,1.0,0.0,0.0,0.0,-2.85,4.68,1.0,0.0,0.0,0.0,-2.85,6.68,1.0,0.0,0.0,0.0,-4.77,-4.82,-1.0,0.0,0.0,0.0,-4.77,-2.82,-1.0,0.0,0.0,0.0,-4.77,-0.82,-1.0,0.0,0.0,0.0,-4.77,-4.82,1.0,0.0,0.0,0.0,-4.77,-2.82,1.0,0.0,0.0,0.0,-4.77,-0.82,1.0,0.0,0.0,0.0,6.32,4.007999999999789,0.7312000000000174,0.0,1.5499999999999847,0.17000000000000348,6.32,6.007999999999789,0.7312000000000174,0.0,1.5499999999999403,0.17000000000000348,1.68,5.378399999999861,-0.24519999999997832,0.0,1.6899999999999693,-0.06999999999998674,9.93,4.592799999999993,-5.336000000000386,0.0,1.2299999999996203,-1.100000000000101,9.93,6.592799999999981,-5.336000000000386,0.0,1.2299999999996203,-1.100000000000101,0,0,0,0,0,0,0,0,0,0,0,0,0,0,0,0,0,0,0,0,0,0,0,0,0,0,0,0,0,0,0,0,0,0,0,0,0,0,0,0,0,0,0,0,0,0,0,0,0,0,0,0,0,0,0,0,0,0,0,0,0,0,0,0,0,0,0,0,0,0,0,0,0,0,0,0,0,0,0,0,0,0,0,0,0,0,0,0,0,0,0,0,0,0,0,0,0,0,0,0,0,0,0,0,0,0,0,0,0,0,0,0,0,0,0,0,0,0,0,0,0,0,0,0,0,0,0,0,0,0,0,0,0,0,0,0,0,0,0,0,0,0,0,0,0,0,0,0,0,0
9.800971191,4.063107577674802,0.11260665091981596,1.2851176774581946e-08,4.053755355834809,-0.06095833256840738,-6.9568388383351434e-09,3.9907553558349607,-0.059145525097846985,-6.74995304095205e-09,3.1561896800994873,-0.059145525097846985,-6.74995304095205e-09,2.9765807218742686,-0.05642601904253218,-6.439590730309377e-09,-4.93,1.47,-1.0,0.0,0.0,0.0,-4.93,3.47,-1.0,0.0,0.0,0.0,-4.93,5.47,-1.0,0.0,0.0,0.0,-4.93,7.47,-1.0,0.0,0.0,0.0,-4.93,1.47,1.0,0.0,0.0,0.0,-4.93,3.47,1.0,0.0,0.0,0.0,-4.93,5.47,1.0,0.0,0.0,0.0,-4.93,7.47,1.0,0.0,0.0,0.0,-2.85,2.68,-1.0,0.0,0.0,0.0,-2.85,4.68,-1.0,0.0,0.0,0.0,-2.85,6.68,-1.0,0.0,0.0,0.0,-2.85,2.68,1.0,0.0,0.0,0.0,-2.85,4.68,1.0,0.0,0.0,0.0,-2.85,6.68,1.0,0.0,0.0,0.0,-4.77,-4.82,-1.0,0.0,0.0,0.0,-4.77,-2.82,-1.0,0.0,0.0,0.0,-4.77,-0.82,-1.0,0.0,0.0,0.0,-4.77,-4.82,1.0,0.0,0.0,0.0,-4.77,-2.82,1.0,0.0,0.0,0.0,-4.77,-0.82,1.0,0.0,0.0,0.0,6.32,4.162999999999783,0.7482000000000177,0.0,1.5499999999999403,0.17000000000000348,6.32,6.162999999999783,0.7482000000000177,0.0,1.5499999999999403,0.17000000000000348,1.68,5.547399999999858,-0.2521999999999779,0.0,1.6899999999999693,-0.0700000000000145,9.93,4.715799999999955,-5.446000000000396,0.0,1.2299999999996203,-1.100000000000101,9.93,6.715799999999943,-5.446000000000396,0.0,1.2299999999996203,-1.100000000000101,0,0,0,0,0,0,0,0,0,0,0,0,0,0,0,0,0,0,0,0,0,0,0,0,0,0,0,0,0,0,0,0,0,0,0,0,0,0,0,0,0,0,0,0,0,0,0,0,0,0,0,0,0,0,0,0,0,0,0,0,0,0,0,0,0,0,0,0,0,0,0,0,0,0,0,0,0,0,0,0,0,0,0,0,0,0,0,0,0,0,0,0,0,0,0,0,0,0,0,0,0,0,0,0,0,0,0,0,0,0,0,0,0,0,0,0,0,0,0,0,0,0,0,0,0,0,0,0,0,0,0,0,0,0,0,0,0,0,0,0,0,0,0,0,0,0,0,0,0,0
9.900484059,4.382368006141578,0.10787500891198791,1.231118053130573e-08,3.9907553558347075,-0.05914552509785065,-6.749953040952697e-09,3.9057553558349607,-0.056426018476486206,-6.439590638507298e-09,2.9765806198120117,-0.056426018476486206,-6.439590638507298e-09,2.9765807218742686,-0.05642601904253218,-6.439590730309377e-09,-4.93,1.47,-1.0,0.0,0.0,0.0,-4.93,3.47,-1.0,0.0,0.0,0.0,-4.93,5.47,-1.0,0.0,0.0,0.0,-4.93,7.47,-1.0,0.0,0.0,0.0,-4.93,1.47,1.0,0.0,0.0,0.0,-4.93,3.47,1.0,0.0,0.0,0.0,-4.93,5.47,1.0,0.0,0.0,0.0,-4.93,7.47,1.0,0.0,0.0,0.0,-2.85,2.68,-1.0,0.0,0.0,0.0,-2.85,4.68,-1.0,0.0,0.0,0.0,-2.85,6.68,-1.0,0.0,0.0,0.0,-2.85,2.68,1.0,0.0,0.0,0.0,-2.85,4.68,1.0,0.0,0.0,0.0,-2.85,6.68,1.0,0.0,0.0,0.0,-4.77,-4.82,-1.0,0.0,0.0,0.0,-4.77,-2.82,-1.0,0.0,0.0,0.0,-4.77,-0.82,-1.0,0.0,0.0,0.0,-4.77,-4.82,1.0,0.0,0.0,0.0,-4.77,-2.82,1.0,0.0,0.0,0.0,-4.77,-0.82,1.0,0.0,0.0,0.0,6.32,4.286999999999778,0.761800000000018,0.0,1.5499999999999403,0.17000000000000348,6.32,6.286999999999778,0.761800000000018,0.0,1.5499999999999403,0.17000000000000348,1.68,5.682599999999855,-0.25779999999997905,0.0,1.6899999999999693,-0.0700000000000145,9.93,4.814199999999925,-5.534000000000404,0.0,1.2299999999996203,-1.100000000000101,9.93,6.8141999999999125,-5.534000000000404,0.0,1.2299999999996203,-1.100000000000101,0,0,0,0,0,0,0,0,0,0,0,0,0,0,0,0,0,0,0,0,0,0,0,0,0,0,0,0,0,0,0,0,0,0,0,0,0,0,0,0,0,0,0,0,0,0,0,0,0,0,0,0,0,0,0,0,0,0,0,0,0,0,0,0,0,0,0,0,0,0,0,0,0,0,0,0,0,0,0,0,0,0,0,0,0,0,0,0,0,0,0,0,0,0,0,0,0,0,0,0,0,0,0,0,0,0,0,0,0,0,0,0,0,0,0,0,0,0,0,0,0,0,0,0,0,0,0,0,0,0,0,0,0,0,0,0,0,0,0,0,0,0,0,0,0,0,0,0,0,0
10.000588736,4.694998434608398,0.10335548842062657,1.1795392555420264e-08,3.905755355835261,-0.05642601847648254,-6.43959063850719e-09,3.8187553558349605,-0.05390915647149086,-6.152355069843907e-09,2.806858777999878,-0.05390915647149086,-6.152355069843907e-09,2.8068588692512932,-0.05390915547142465,-6.152354952213488e-09,-4.93,1.47,-1.0,0.0,0.0,0.0,-4.93,3.47,-1.0,0.0,0.0,0.0,-4.93,5.47,-1.0,0.0,0.0,0.0,-4.93,7.47,-1.0,0.0,0.0,0.0,-4.93,1.47,1.0,0.0,0.0,0.0,-4.93,3.47,1.0,0.0,0.0,0.0,-4.93,5.47,1.0,0.0,0.0,0.0,-4.93,7.47,1.0,0.0,0.0,0.0,-2.85,2.68,-1.0,0.0,0.0,0.0,-2.85,4.68,-1.0,0.0,0.0,0.0,-2.85,6.68,-1.0,0.0,0.0,0.0,-2.85,2.68,1.0,0.0,0.0,0.0,-2.85,4.68,1.0,0.0,0.0,0.0,-2.85,6.68,1.0,0.0,0.0,0.0,-4.77,-4.82,-1.0,0.0,0.0,0.0,-4.77,-2.82,-1.0,0.0,0.0,0.0,-4.77,-0.82,-1.0,0.0,0.0,0.0,-4.77,-4.82,1.0,0.0,0.0,0.0,-4.77,-2.82,1.0,0.0,0.0,0.0,-4.77,-0.82,1.0,0.0,0.0,0.0,6.32,4.410999999999773,0.7754000000000183,0.0,1.5499999999999403,0.17000000000000348,6.32,6.410999999999773,0.7754000000000183,0.0,1.5499999999999403,0.17000000000000348,1.68,5.817799999999853,-0.2633999999999802,0.0,1.6899999999999693,-0.0700000000000145,9.93,4.912599999999895,-5.622000000000412,0.0,1.2299999999996203,-1.100000000000101,9.93,6.912599999999882,-5.622000000000412,0.0,1.2299999999996203,-1.100000000000101,0,0,0,0,0,0,0,0,0,0,0,0,0,0,0,0,0,0,0,0,0,0,0,0,0,0,0,0,0,0,0,0,0,0,0,0,0,0,0,0,0,0,0,0,0,0,0,0,0,0,0,0,0,0,0,0,0,0,0,0,0,0,0,0,0,0,0,0,0,0,0,0,0,0,0,0,0,0,0,0,0,0,0,0,0,0,0,0,0,0,0,0,0,0,0,0,0,0,0,0,0,0,0,0,0,0,0,0,0,0,0,0,0,0,0,0,0,0,0,0,0,0,0,0,0,0,0,0,0,0,0,0,0,0,0,0,0,0,0,0,0,0,0,0,0,0,0,0,0,0
10.104386539,5.001281863075175,0.0990201041448622,1.1300619029714739e-08,3.8187553558346465,-0.0539091564714933,-6.152355069844514e-09,3.7377553558349605,-0.05145757645368576,-5.87256998585417e-09,2.6370692253112793,-0.05145757645368576,-5.87256998585417e-09,2.6370691612724615,-0.051457577232818325,-5.872569833407159e-09,-4.93,1.47,-1.0,0.0,0.0,0.0,-4.93,3.47,-1.0,0.0,0.0,0.0,-4.93,5.47,-1.0,0.0,0.0,0.0,-4.93,7.47,-1.0,0.0,0.0,0.0,-4.93,1.47,1.0,0.0,0.0,0.0,-4.93,3.47,1.0,0.0,0.0,0.0,-4.93,5.47,1.0,0.0,0.0,0.0,-4.93,7.47,1.0,0.0,0.0,0.0,-2.85,2.68,-1.0,0.0,0.0,0.0,-2.85,4.68,-1.0,0.0,0.0,0.0,-2.85,6.68,-1.0,0.0,0.0,0.0,-2.85,2.68,1.0,0.0,0.0,0.0,-2.85,4.68,1.0,0.0,0.0,0.0,-2.85,6.68,1.0,0.0,0.0,0.0,-4.77,-4.82,-1.0,0.0,0.0,0.0,-4.77,-2.82,-1.0,0.0,0.0,0.0,-4.77,-0.82,-1.0,0.0,0.0,0.0,-4.77,-4.82,1.0,0.0,0.0,0.0,-4.77,-2.82,1.0,0.0,0.0,0.0,-4.77,-0.82,1.0,0.0,0.0,0.0,6.32,4.534999999999768,0.7890000000000186,0.0,1.5499999999999403,0.17000000000000348,6.32,6.534999999999768,0.7890000000000186,0.0,1.5499999999999403,0.17000000000000348,1.68,5.95299999999985,-0.26899999999998137,0.0,1.6899999999999693,-0.0700000000000145,9.93,5.010999999999864,-5.71000000000042,0.0,1.2299999999996203,-1.100000000000101,9.93,7.010999999999852,-5.71000000000042,0.0,1.2299999999996203,-1.100000000000101,0,0,0,0,0,0,0,0,0,0,0,0,0,0,0,0,0,0,0,0,0,0,0,0,0,0,0,0,0,0,0,0,0,0,0,0,0,0,0,0,0,0,0,0,0,0,0,0,0,0,0,0,0,0,0,0,0,0,0,0,0,0,0,0,0,0,0,0,0,0,0,0,0,0,0,0,0,0,0,0,0,0,0,0,0,0,0,0,0,0,0,0,0,0,0,0,0,0,0,0,0,0,0,0,0,0,0,0,0,0,0,0,0,0,0,0,0,0,0,0,0,0,0,0,0,0,0,0,0,0,0,0,0,0,0,0,0,0,0,0,0,0,0,0,0,0,0,0,0,0
10.200496484,5.375523398658662,0.09385867446397866,1.0711573470718362e-08,3.7033553558350363,-0.050573199987410944,-5.7716409429533245e-09,3.6517553558349607,-0.04924663528800011,-5.620247378601562e-09,2.4804677963256836,-0.04924663528800011,-5.620247378601562e-09,2.4804677916832385,-0.049246635240118165,-5.620247202218119e-09,-4.93,1.47,-1.0,0.0,0.0,0.0,-4.93,3.47,-1.0,0.0,0.0,0.0,-4.93,5.47,-1.0,0.0,0.0,0.0,-4.93,7.47,-1.0,0.0,0.0,0.0,-4.93,1.47,1.0,0.0,0.0,0.0,-4.93,3.47,1.0,0.0,0.0,0.0,-4.93,5.47,1.0,0.0,0.0,0.0,-4.93,7.47,1.0,0.0,0.0,0.0,-2.85,2.68,-1.0,0.0,0.0,0.0,-2.85,4.68,-1.0,0.0,0.0,0.0,-2.85,6.68,-1.0,0.0,0.0,0.0,-2.85,2.68,1.0,0.0,0.0,0.0,-2.85,4.68,1.0,0.0,0.0,0.0,-2.85,6.68,1.0,0.0,0.0,0.0,-4.77,-4.82,-1.0,0.0,0.0,0.0,-4.77,-2.82,-1.0,0.0,0.0,0.0,-4.77,-0.82,-1.0,0.0,0.0,0.0,-4.77,-4.82,1.0,0.0,0.0,0.0,-4.77,-2.82,1.0,0.0,0.0,0.0,-4.77,-0.82,1.0,0.0,0.0,0.0,6.32,4.689999999999762,0.8060000000000189,0.0,1.5499999999999403,0.17000000000000348,6.32,6.689999999999762,0.8060000000000189,0.0,1.5499999999999403,0.17000000000000348,1.68,6.121999999999847,-0.2759999999999828,0.0,1.6899999999999693,-0.0700000000000145,9.93,5.133999999999826,-5.82000000000043,0.0,1.2299999999996203,-1.100000000000101,9.93,7.133999999999814,-5.82000000000043,0.0,1.2299999999996203,-1.100000000000101,0,0,0,0,0,0,0,0,0,0,0,0,0,0,0,0,0,0,0,0,0,0,0,0,0,0,0,0,0,0,0,0,0,0,0,0,0,0,0,0,0,0,0,0,0,0,0,0,0,0,0,0,0,0,0,0,0,0,0,0,0,0,0,0,0,0,0,0,0,0,0,0,0,0,0,0,0,0,0,0,0,0,0,0,0,0,0,0,0,0,0,0,0,0,0,0,0,0,0,0,0,0,0,0,0,0,0,0,0,0,0,0,0,0,0,0,0,0,0,0,0,0,0,0,0,0,0,0,0,0,0,0,0,0,0,0,0,0,0,0,0,0,0,0,0,0,0,0,0,0
10.300449775,5.667663827125485,0.08991894364093822,1.0261953680430294e-08,3.6517553558352844,-0.04924663528800555,-5.620247378600846e-09,3.5627553558349607,-0.04700586199760437,-5.364519939377033e-09,2.317819118499756,-0.04700586199760437,-5.364519939377033e-09,2.3178191337044214,-0.04700586031432015,-5.364519893555785e-09,-4.93,1.47,-1.0,0.0,0.0,0.0,-4.93,3.47,-1.0,0.0,0.0,0.0,-4.93,5.47,-1.0,0.0,0.0,0.0,-4.93,7.47,-1.0,0.0,0.0,0.0,-4.93,1.47,1.0,0.0,0.0,0.0,-4.93,3.47,1.0,0.0,0.0,0.0,-4.93,5.47,1.0,0.0,0.0,0.0,-4.93,7.47,1.0,0.0,0.0,0.0,-2.85,2.68,-1.0,0.0,0.0,0.0,-2.85,4.68,-1.0,0.0,0.0,0.0,-2.85,6.68,-1.0,0.0,0.0,0.0,-2.85,2.68,1.0,0.0,0.0,0.0,-2.85,4.68,1.0,0.0,0.0,0.0,-2.85,6.68,1.0,0.0,0.0,0.0,-4.77,-4.82,-1.0,0.0,0.0,0.0,-4.77,-2.82,-1.0,0.0,0.0,0.0,-4.77,-0.82,-1.0,0.0,0.0,0.0,-4.77,-4.82,1.0,0.0,0.0,0.0,-4.77,-2.82,1.0,0.0,0.0,0.0,-4.77,-0.82,1.0,0.0,0.0,0.0,6.32,4.813999999999758,0.8196000000000192,0.0,1.5499999999999403,0.17000000000000348,6.32,6.813999999999758,0.8196000000000192,0.0,1.5499999999999403,0.17000000000000348,1.68,6.257199999999845,-0.281599999999984,0.0,1.6899999999999693,-0.0700000000000145,9.93,5.232399999999796,-5.908000000000438,0.0,1.2299999999996203,-1.100000000000101,9.93,7.2323999999997834,-5.908000000000438,0.0,1.2299999999996203,-1.100000000000101,0,0,0,0,0,0,0,0,0,0,0,0,0,0,0,0,0,0,0,0,0,0,0,0,0,0,0,0,0,0,0,0,0,0,0,0,0,0,0,0,0,0,0,0,0,0,0,0,0,0,0,0,0,0,0,0,0,0,0,0,0,0,0,0,0,0,0,0,0,0,0,0,0,0,0,0,0,0,0,0,0,0,0,0,0,0,0,0,0,0,0,0,0,0,0,0,0,0,0,0,0,0,0,0,0,0,0,0,0,0,0,0,0,0,0,0,0,0,0,0,0,0,0,0,0,0,0,0,0,0,0,0,0,0,0,0,0,0,0,0,0,0,0,0,0,0,0,0,0,0
10.401089324,5.953129255592307,0.08614727081467811,9.831513448084037e-09,3.5627553558352787,-0.04700586199760104,-5.364519939376701e-09,3.4827553558349607,-0.044816773384809494,-5.114691337126942e-09,2.1554131507873535,-0.044816773384809494,-5.114691337126942e-09,2.155413070369752,-0.0448167736545085,-5.114691484817597e-09,-4.93,1.47,-1.0,0.0,0.0,0.0,-4.93,3.47,-1.0,0.0,0.0,0.0,-4.93,5.47,-1.0,0.0,0.0,0.0,-4.93,7.47,-1.0,0.0,0.0,0.0,-4.93,1.47,1.0,0.0,0.0,0.0,-4.93,3.47,1.0,0.0,0.0,0.0,-4.93,5.47,1.0,0.0,0.0,0.0,-4.93,7.47,1.0,0.0,0.0,0.0,-2.85,2.68,-1.0,0.0,0.0,0.0,-2.85,4.68,-1.0,0.0,0.0,0.0,-2.85,6.68,-1.0,0.0,0.0,0.0,-2.85,2.68,1.0,0.0,0.0,0.0,-2.85,4.68,1.0,0.0,0.0,0.0,-2.85,6.68,1.0,0.0,0.0,0.0,-4.77,-4.82,-1.0,0.0,0.0,0.0,-4.77,-2.82,-1.0,0.0,0.0,0.0,-4.77,-0.82,-1.0,0.0,0.0,0.0,-4.77,-4.82,1.0,0.0,0.0,0.0,-4.77,-2.82,1.0,0.0,0.0,0.0,-4.77,-0.82,1.0,0.0,0.0,0.0,6.32,4.937999999999753,0.8332000000000195,0.0,1.5499999999999403,0.17000000000000348,6.32,6.937999999999753,0.8332000000000195,0.0,1.5499999999999403,0.17000000000000348,1.68,6.392399999999842,-0.28719999999998513,0.0,1.6899999999999693,-0.0700000000000145,9.93,5.3307999999997655,-5.996000000000446,0.0,1.2299999999996203,-1.100000000000101,9.93,7.330799999999753,-5.996000000000446,0.0,1.2299999999996203,-1.100000000000101,0,0,0,0,0,0,0,0,0,0,0,0,0,0,0,0,0,0,0,0,0,0,0,0,0,0,0,0,0,0,0,0,0,0,0,0,0,0,0,0,0,0,0,0,0,0,0,0,0,0,0,0,0,0,0,0,0,0,0,0,0,0,0,0,0,0,0,0,0,0,0,0,0,0,0,0,0,0,0,0,0,0,0,0,0,0,0,0,0,0,0,0,0,0,0,0,0,0,0,0,0,0,0,0,0,0,0,0,0,0,0,0,0,0,0,0,0,0,0,0,0,0,0,0,0,0,0,0,0,0,0,0,0,0,0,0,0,0,0,0,0,0,0,0,0,0,0,0,0,0
10.501790191,6.301188791175788,0.08166767729183196,9.320282129472292e-09,3.4131553558349736,-0.04329493865370404,-4.941012665682433e-09,3.3957553558349605,-0.04291447997093201,-4.897592997821221e-09,2.0111618041992188,-0.04291447997093201,-4.897592997821221e-09,1.8614734481575281,-0.04098803414198336,-4.677738546741061e-09,-4.93,1.47,-1.0,0.0,0.0,0.0,-4.93,3.47,-1.0,0.0,0.0,0.0,-4.93,5.47,-1.0,0.0,0.0,0.0,-4.93,7.47,-1.0,0.0,0.0,0.0,-4.93,1.47,1.0,0.0,0.0,0.0,-4.93,3.47,1.0,0.0,0.0,0.0,-4.93,5.47,1.0,0.0,0.0,0.0,-4.93,7.47,1.0,0.0,0.0,0.0,-2.85,2.68,-1.0,0.0,0.0,0.0,-2.85,4.68,-1.0,0.0,0.0,0.0,-2.85,6.68,-1.0,0.0,0.0,0.0,-2.85,2.68,1.0,0.0,0.0,0.0,-2.85,4.68,1.0,0.0,0.0,0.0,-2.85,6.68,1.0,0.0,0.0,0.0,-4.77,-4.82,-1.0,0.0,0.0,0.0,-4.77,-2.82,-1.0,0.0,0.0,0.0,-4.77,-0.82,-1.0,0.0,0.0,0.0,-4.77,-4.82,1.0,0.0,0.0,0.0,-4.77,-2.82,1.0,0.0,0.0,0.0,-4.77,-0.82,1.0,0.0,0.0,0.0,6.32,5.092999999999747,0.8502000000000198,0.0,1.5499999999999403,0.17000000000000348,6.32,7.092999999999747,0.8502000000000198,0.0,1.5499999999999403,0.17000000000000348,1.68,6.561399999999839,-0.2941999999999866,0.0,1.6899999999999693,-0.0700000000000145,9.93,5.4537999999997275,-6.106000000000456,0.0,1.2299999999996203,-1.100000000000101,9.93,7.453799999999715,-6.106000000000456,0.0,1.2299999999996203,-1.100000000000101,0,0,0,0,0,0,0,0,0,0,0,0,0,0,0,0,0,0,0,0,0,0,0,0,0,0,0,0,0,0,0,0,0,0,0,0,0,0,0,0,0,0,0,0,0,0,0,0,0,0,0,0,0,0,0,0,0,0,0,0,0,0,0,0,0,0,0,0,0,0,0,0,0,0,0,0,0,0,0,0,0,0,0,0,0,0,0,0,0,0,0,0,0,0,0,0,0,0,0,0,0,0,0,0,0,0,0,0,0,0,0,0,0,0,0,0,0,0,0,0,0,0,0,0,0,0,0,0,0,0,0,0,0,0,0,0,0,0,0,0,0,0,0,0,0,0,0,0,0,0
10.601377096,6.57284921964259,0.07823451889415763,8.928474689646587e-09,3.3957553558350284,-0.04291447997092912,-4.8975929978213125e-09,3.3077553558349604,-0.04098803550004959,-4.67773864087917e-09,1.8614734411239624,-0.04098803550004959,-4.67773864087917e-09,1.8614734481575281,-0.04098803414198336,-4.677738546741061e-09,-4.93,1.47,-1.0,0.0,0.0,0.0,-4.93,3.47,-1.0,0.0,0.0,0.0,-4.93,5.47,-1.0,0.0,0.0,0.0,-4.93,7.47,-1.0,0.0,0.0,0.0,-4.93,1.47,1.0,0.0,0.0,0.0,-4.93,3.47,1.0,0.0,0.0,0.0,-4.93,5.47,1.0,0.0,0.0,0.0,-4.93,7.47,1.0,0.0,0.0,0.0,-2.85,2.68,-1.0,0.0,0.0,0.0,-2.85,4.68,-1.0,0.0,0.0,0.0,-2.85,6.68,-1.0,0.0,0.0,0.0,-2.85,2.68,1.0,0.0,0.0,0.0,-2.85,4.68,1.0,0.0,0.0,0.0,-2.85,6.68,1.0,0.0,0.0,0.0,-4.77,-4.82,-1.0,0.0,0.0,0.0,-4.77,-2.82,-1.0,0.0,0.0,0.0,-4.77,-0.82,-1.0,0.0,0.0,0.0,-4.77,-4.82,1.0,0.0,0.0,0.0,-4.77,-2.82,1.0,0.0,0.0,0.0,-4.77,-0.82,1.0,0.0,0.0,0.0,6.32,5.216999999999742,0.8638000000000201,0.0,1.5499999999999403,0.17000000000000348,6.32,7.216999999999742,0.8638000000000201,0.0,1.5499999999999403,0.17000000000000348,1.68,6.696599999999837,-0.29979999999998774,0.0,1.6899999999999693,-0.0700000000000145,9.93,5.552199999999697,-6.1940000000004645,0.0,1.2299999999996203,-1.100000000000101,9.93,7.552199999999685,-6.1940000000004645,0.0,1.2299999999996203,-1.100000000000101,0,0,0,0,0,0,0,0,0,0,0,0,0,0,0,0,0,0,0,0,0,0,0,0,0,0,0,0,0,0,0,0,0,0,0,0,0,0,0,0,0,0,0,0,0,0,0,0,0,0,0,0,0,0,0,0,0,0,0,0,0,0,0,0,0,0,0,0,0,0,0,0,0,0,0,0,0,0,0,0,0,0,0,0,0,0,0,0,0,0,0,0,0,0,0,0,0,0,0,0,0,0,0,0,0,0,0,0,0,0,0,0,0,0,0,0,0,0,0,0,0,0,0,0,0,0,0,0,0,0,0,0,0,0,0,0,0,0,0,0,0,0,0,0,0,0,0,0,0,0
10.702752952,6.837469648109403,0.07495547605415338,8.554255598376245e-09,3.3077553558351624,-0.04098803550005303,-4.677738640879275e-09,3.2267553558349604,-0.03909676522016525,-4.461898406304954e-09,1.7119214534759521,-0.03909676522016525,-4.461898406304954e-09,1.7119215125007878,-0.039096765429328786,-4.461898475502854e-09,-4.93,1.47,-1.0,0.0,0.0,0.0,-4.93,3.47,-1.0,0.0,0.0,0.0,-4.93,5.47,-1.0,0.0,0.0,0.0,-4.93,7.47,-1.0,0.0,0.0,0.0,-4.93,1.47,1.0,0.0,0.0,0.0,-4.93,3.47,1.0,0.0,0.0,0.0,-4.93,5.47,1.0,0.0,0.0,0.0,-4.93,7.47,1.0,0.0,0.0,0.0,-2.85,2.68,-1.0,0.0,0.0,0.0,-2.85,4.68,-1.0,0.0,0.0,0.0,-2.85,6.68,-1.0,0.0,0.0,0.0,-2.85,2.68,1.0,0.0,0.0,0.0,-2.85,4.68,1.0,0.0,0.0,0.0,-2.85,6.68,1.0,0.0,0.0,0.0,-4.77,-4.82,-1.0,0.0,0.0,0.0,-4.77,-2.82,-1.0,0.0,0.0,0.0,-4.77,-0.82,-1.0,0.0,0.0,0.0,-4.77,-4.82,1.0,0.0,0.0,0.0,-4.77,-2.82,1.0,0.0,0.0,0.0,-4.77,-0.82,1.0,0.0,0.0,0.0,6.32,5.340999999999737,0.8774000000000204,0.0,1.5499999999999403,0.17000000000000348,6.32,7.340999999999737,0.8774000000000204,0.0,1.5499999999999403,0.17000000000000348,1.68,6.831799999999834,-0.3053999999999889,0.0,1.6899999999999693,-0.0700000000000145,9.93,5.650599999999667,-6.2820000000004725,0.0,1.2299999999996203,-1.100000000000101,9.93,7.650599999999654,-6.2820000000004725,0.0,1.2299999999996203,-1.100000000000101,0,0,0,0,0,0,0,0,0,0,0,0,0,0,0,0,0,0,0,0,0,0,0,0,0,0,0,0,0,0,0,0,0,0,0,0,0,0,0,0,0,0,0,0,0,0,0,0,0,0,0,0,0,0,0,0,0,0,0,0,0,0,0,0,0,0,0,0,0,0,0,0,0,0,0,0,0,0,0,0,0,0,0,0,0,0,0,0,0,0,0,0,0,0,0,0,0,0,0,0,0,0,0,0,0,0,0,0,0,0,0,0,0,0,0,0,0,0,0,0,0,0,0,0,0,0,0,0,0,0,0,0,0,0,0,0,0,0,0,0,0,0,0,0,0,0,0,0,0,0
10.800820526,7.095334076576231,0.07183343225081902,8.197953939976592e-09,3.1829553558351265,-0.03814876973628756,-4.353708948912508e-09,3.1537553558349605,-0.037516772747039795,-4.281582643983484e-09,1.5844154357910156,-0.037516772747039795,-4.281582643983484e-09,1.5844154191413318,-0.03751677425136246,-4.281582788369913e-09,-4.93,1.47,-1.0,0.0,0.0,0.0,-4.93,3.47,-1.0,0.0,0.0,0.0,-4.93,5.47,-1.0,0.0,0.0,0.0,-4.93,7.47,-1.0,0.0,0.0,0.0,-4.93,1.47,1.0,0.0,0.0,0.0,-4.93,3.47,1.0,0.0,0.0,0.0,-4.93,5.47,1.0,0.0,0.0,0.0,-4.93,7.47,1.0,0.0,0.0,0.0,-2.85,2.68,-1.0,0.0,0.0,0.0,-2.85,4.68,-1.0,0.0,0.0,0.0,-2.85,6.68,-1.0,0.0,0.0,0.0,-2.85,2.68,1.0,0.0,0.0,0.0,-2.85,4.68,1.0,0.0,0.0,0.0,-2.85,6.68,1.0,0.0,0.0,0.0,-4.77,-4.82,-1.0,0.0,0.0,0.0,-4.77,-2.82,-1.0,0.0,0.0,0.0,-4.77,-0.82,-1.0,0.0,0.0,0.0,-4.77,-4.82,1.0,0.0,0.0,0.0,-4.77,-2.82,1.0,0.0,0.0,0.0,-4.77,-0.82,1.0,0.0,0.0,0.0,6.32,5.4649999999997325,0.8910000000000207,0.0,1.5499999999999403,0.17000000000000348,6.32,7.4649999999997325,0.8910000000000207,0.0,1.5499999999999403,0.17000000000000348,1.68,6.966999999999832,-0.31099999999999006,0.0,1.6899999999999693,-0.0700000000000145,9.93,5.748999999999636,-6.370000000000481,0.0,1.2299999999996203,-1.100000000000101,9.93,7.748999999999624,-6.370000000000481,0.0,1.2299999999996203,-1.100000000000101,0,0,0,0,0,0,0,0,0,0,0,0,0,0,0,0,0,0,0,0,0,0,0,0,0,0,0,0,0,0,0,0,0,0,0,0,0,0,0,0,0,0,0,0,0,0,0,0,0,0,0,0,0,0,0,0,0,0,0,0,0,0,0,0,0,0,0,0,0,0,0,0,0,0,0,0,0,0,0,0,0,0,0,0,0,0,0,0,0,0,0,0,0,0,0,0,0,0,0,0,0,0,0,0,0,0,0,0,0,0,0,0,0,0,0,0,0,0,0,0,0,0,0,0,0,0,0,0,0,0,0,0,0,0,0,0,0,0,0,0,0,0,0,0,0,0,0,0,0,0
10.900608686,7.284431397926328,0.0695854328881718,7.941402153939007e-09,3.14095535583494,-0.03721607252955006,-4.2472653838389945e-09,3.0897553558349604,-0.036013271659612656,-4.109996343260036e-09,1.4603451490402222,-0.036013271659612656,-4.109996343260036e-09,1.4603451001014722,-0.03601327304410508,-4.109996479182318e-09,-4.93,1.47,-1.0,0.0,0.0,0.0,-4.93,3.47,-1.0,0.0,0.0,0.0,-4.93,5.47,-1.0,0.0,0.0,0.0,-4.93,7.47,-1.0,0.0,0.0,0.0,-4.93,1.47,1.0,0.0,0.0,0.0,-4.93,3.47,1.0,0.0,0.0,0.0,-4.93,5.47,1.0,0.0,0.0,0.0,-4.93,7.47,1.0,0.0,0.0,0.0,-2.85,2.68,-1.0,0.0,0.0,0.0,-2.85,4.68,-1.0,0.0,0.0,0.0,-2.85,6.68,-1.0,0.0,0.0,0.0,-2.85,2.68,1.0,0.0,0.0,0.0,-2.85,4.68,1.0,0.0,0.0,0.0,-2.85,6.68,1.0,0.0,0.0,0.0,-4.77,-4.82,-1.0,0.0,0.0,0.0,-4.77,-2.82,-1.0,0.0,0.0,0.0,-4.77,-0.82,-1.0,0.0,0.0,0.0,-4.77,-4.82,1.0,0.0,0.0,0.0,-4.77,-2.82,1.0,0.0,0.0,0.0,-4.77,-0.82,1.0,0.0,0.0,0.0,6.32,5.557999999999729,0.9012000000000209,0.0,1.5499999999999403,0.17000000000000348,6.32,7.557999999999729,0.9012000000000209,0.0,1.5499999999999403,0.17000000000000348,1.68,7.06839999999983,-0.31519999999999093,0.0,1.6899999999999693,-0.0700000000000145,9.93,5.822799999999614,-6.436000000000487,0.0,1.2299999999996203,-1.100000000000101,9.93,7.822799999999601,-6.436000000000487,0.0,1.2299999999996203,-1.100000000000101,0,0,0,0,0,0,0,0,0,0,0,0,0,0,0,0,0,0,0,0,0,0,0,0,0,0,0,0,0,0,0,0,0,0,0,0,0,0,0,0,0,0,0,0,0,0,0,0,0,0,0,0,0,0,0,0,0,0,0,0,0,0,0,0,0,0,0,0,0,0,0,0,0,0,0,0,0,0,0,0,0,0,0,0,0,0,0,0,0,0,0,0,0,0,0,0,0,0,0,0,0,0,0,0,0,0,0,0,0,0,0,0,0,0,0,0,0,0,0,0,0,0,0,0,0,0,0,0,0,0,0,0,0,0,0,0,0,0,0,0,0,0,0,0,0,0,0,0,0,0
11.002544678,7.4695317192764215,0.06743064594750774,7.695488189191999e-09,3.061255355834902,-0.03541233576834224,-4.041414758403822e-09,3.0327553558349605,-0.03481139987707138,-3.9728331735489064e-09,1.3593579530715942,-0.03481139987707138,-3.9728331735489064e-09,1.3593579787147534,-0.03481139965540505,-3.972833288976459e-09,-4.93,1.47,-1.0,0.0,0.0,0.0,-4.93,3.47,-1.0,0.0,0.0,0.0,-4.93,5.47,-1.0,0.0,0.0,0.0,-4.93,7.47,-1.0,0.0,0.0,0.0,-4.93,1.47,1.0,0.0,0.0,0.0,-4.93,3.47,1.0,0.0,0.0,0.0,-4.93,5.47,1.0,0.0,0.0,0.0,-4.93,7.47,1.0,0.0,0.0,0.0,-2.85,2.68,-1.0,0.0,0.0,0.0,-2.85,4.68,-1.0,0.0,0.0,0.0,-2.85,6.68,-1.0,0.0,0.0,0.0,-2.85,2.68,1.0,0.0,0.0,0.0,-2.85,4.68,1.0,0.0,0.0,0.0,-2.85,6.68,1.0,0.0,0.0,0.0,-4.77,-4.82,-1.0,0.0,0.0,0.0,-4.77,-2.82,-1.0,0.0,0.0,0.0,-4.77,-0.82,-1.0,0.0,0.0,0.0,-4.77,-4.82,1.0,0.0,0.0,0.0,-4.77,-2.82,1.0,0.0,0.0,0.0,-4.77,-0.82,1.0,0.0,0.0,0.0,6.32,5.650999999999725,0.9114000000000211,0.0,1.5499999999999403,0.17000000000000348,6.32,7.650999999999725,0.9114000000000211,0.0,1.5499999999999403,0.17000000000000348,1.68,7.169799999999828,-0.3193999999999918,0.0,1.6899999999999693,-0.0700000000000145,9.93,5.896599999999591,-6.502000000000493,0.0,1.2299999999996203,-1.100000000000101,9.93,7.896599999999578,-6.502000000000493,0.0,1.2299999999996203,-1.100000000000101,0,0,0,0,0,0,0,0,0,0,0,0,0,0,0,0,0,0,0,0,0,0,0,0,0,0,0,0,0,0,0,0,0,0,0,0,0,0,0,0,0,0,0,0,0,0,0,0,0,0,0,0,0,0,0,0,0,0,0,0,0,0,0,0,0,0,0,0,0,0,0,0,0,0,0,0,0,0,0,0,0,0,0,0,0,0,0,0,0,0,0,0,0,0,0,0,0,0,0,0,0,0,0,0,0,0,0,0,0,0,0,0,0,0,0,0,0,0,0,0,0,0,0,0,0,0,0,0,0,0,0,0,0,0,0,0,0,0,0,0,0,0,0,0,0,0,0,0,0,0
11.102141993,7.651497040626516,0.06534196195488344,7.457118198779104e-09,3.032755355834915,-0.0348113998770716,-3.972833173548245e-09,2.9667553558349606,-0.033786747604608536,-3.855895602811188e-09,1.2713851928710938,-0.033786747604608536,-3.855895602811188e-09,1.271385151073459,-0.03378674858118182,-3.855895505697663e-09,-4.93,1.47,-1.0,0.0,0.0,0.0,-4.93,3.47,-1.0,0.0,0.0,0.0,-4.93,5.47,-1.0,0.0,0.0,0.0,-4.93,7.47,-1.0,0.0,0.0,0.0,-4.93,1.47,1.0,0.0,0.0,0.0,-4.93,3.47,1.0,0.0,0.0,0.0,-4.93,5.47,1.0,0.0,0.0,0.0,-4.93,7.47,1.0,0.0,0.0,0.0,-2.85,2.68,-1.0,0.0,0.0,0.0,-2.85,4.68,-1.0,0.0,0.0,0.0,-2.85,6.68,-1.0,0.0,0.0,0.0,-2.85,2.68,1.0,0.0,0.0,0.0,-2.85,4.68,1.0,0.0,0.0,0.0,-2.85,6.68,1.0,0.0,0.0,0.0,-4.77,-4.82,-1.0,0.0,0.0,0.0,-4.77,-2.82,-1.0,0.0,0.0,0.0,-4.77,-0.82,-1.0,0.0,0.0,0.0,-4.77,-4.82,1.0,0.0,0.0,0.0,-4.77,-2.82,1.0,0.0,0.0,0.0,-4.77,-0.82,1.0,0.0,0.0,0.0,6.32,5.743999999999722,0.9216000000000213,0.0,1.5499999999999403,0.17000000000000348,6.32,7.743999999999722,0.9216000000000213,0.0,1.5499999999999403,0.17000000000000348,1.68,7.271199999999826,-0.32359999999999267,0.0,1.6899999999999693,-0.0700000000000145,9.93,5.970399999999568,-6.568000000000499,0.0,1.2299999999996203,-1.100000000000101,9.93,7.970399999999556,-6.568000000000499,0.0,1.2299999999996203,-1.100000000000101,0,0,0,0,0,0,0,0,0,0,0,0,0,0,0,0,0,0,0,0,0,0,0,0,0,0,0,0,0,0,0,0,0,0,0,0,0,0,0,0,0,0,0,0,0,0,0,0,0,0,0,0,0,0,0,0,0,0,0,0,0,0,0,0,0,0,0,0,0,0,0,0,0,0,0,0,0,0,0,0,0,0,0,0,0,0,0,0,0,0,0,0,0,0,0,0,0,0,0,0,0,0,0,0,0,0,0,0,0,0,0,0,0,0,0,0,0,0,0,0,0,0,0,0,0,0,0,0,0,0,0,0,0,0,0,0,0,0,0,0,0,0,0,0,0,0,0,0,0,0
11.203261166,7.888335469093288,0.0626471943419194,7.149579198291025e-09,2.9099553558351587,-0.032867062836880456,-3.7509370720556715e-09,2.8957553558349605,-0.03263714164495468,-3.7246974393667642e-09,1.1712814569473267,-0.03263714164495468,-3.7246974393667642e-09,1.1712814243309073,-0.032637142997223485,-3.7246973569082044e-09,-4.93,1.47,-1.0,0.0,0.0,0.0,-4.93,3.47,-1.0,0.0,0.0,0.0,-4.93,5.47,-1.0,0.0,0.0,0.0,-4.93,7.47,-1.0,0.0,0.0,0.0,-4.93,1.47,1.0,0.0,0.0,0.0,-4.93,3.47,1.0,0.0,0.0,0.0,-4.93,5.47,1.0,0.0,0.0,0.0,-4.93,7.47,1.0,0.0,0.0,0.0,-2.85,2.68,-1.0,0.0,0.0,0.0,-2.85,4.68,-1.0,0.0,0.0,0.0,-2.85,6.68,-1.0,0.0,0.0,0.0,-2.85,2.68,1.0,0.0,0.0,0.0,-2.85,4.68,1.0,0.0,0.0,0.0,-2.85,6.68,1.0,0.0,0.0,0.0,-4.77,-4.82,-1.0,0.0,0.0,0.0,-4.77,-2.82,-1.0,0.0,0.0,0.0,-4.77,-0.82,-1.0,0.0,0.0,0.0,-4.77,-4.82,1.0,0.0,0.0,0.0,-4.77,-2.82,1.0,0.0,0.0,0.0,-4.77,-0.82,1.0,0.0,0.0,0.0,6.32,5.867999999999717,0.9352000000000216,0.0,1.5499999999999403,0.17000000000000348,6.32,7.867999999999717,0.9352000000000216,0.0,1.5499999999999403,0.17000000000000348,1.68,7.406399999999824,-0.32919999999999383,0.0,1.6899999999999693,-0.0700000000000145,9.93,6.068799999999538,-6.656000000000507,0.0,1.2299999999996203,-1.100000000000101,9.93,8.068799999999525,-6.656000000000507,0.0,1.2299999999996203,-1.100000000000101,0,0,0,0,0,0,0,0,0,0,0,0,0,0,0,0,0,0,0,0,0,0,0,0,0,0,0,0,0,0,0,0,0,0,0,0,0,0,0,0,0,0,0,0,0,0,0,0,0,0,0,0,0,0,0,0,0,0,0,0,0,0,0,0,0,0,0,0,0,0,0,0,0,0,0,0,0,0,0,0,0,0,0,0,0,0,0,0,0,0,0,0,0,0,0,0,0,0,0,0,0,0,0,0,0,0,0,0,0,0,0,0,0,0,0,0,0,0,0,0,0,0,0,0,0,0,0,0,0,0,0,0,0,0,0,0,0,0,0,0,0,0,0,0,0,0,0,0,0,0
