time_elapsed,pos_x,pos_y,pos_z,vel_x,vel_y,vel_z,cmd_vel_x,cmd_vel_y,cmd_vel_z,cmd_vel_unfiltered_x,cmd_vel_unfiltered_y,cmd_vel_unfiltered_z,desired_vel_x,desired_vel_y,desired_vel_z,obs_1_pos_x,obs_1_pos_y,obs_1_pos_z,obs_1_vel_x,obs_1_vel_y,obs_1_vel_z,obs_2_pos_x,obs_2_pos_y,obs_2_pos_z,obs_2_vel_x,obs_2_vel_y,obs_2_vel_z,obs_3_pos_x,obs_3_pos_y,obs_3_pos_z,obs_3_vel_x,obs_3_vel_y,obs_3_vel_z,obs_4_pos_x,obs_4_pos_y,obs_4_pos_z,obs_4_vel_x,obs_4_vel_y,obs_4_vel_z,obs_5_pos_x,obs_5_pos_y,obs_5_pos_z,obs_5_vel_x,obs_5_vel_y,obs_5_vel_z,obs_6_pos_x,obs_6_pos_y,obs_6_pos_z,obs_6_vel_x,obs_6_vel_y,obs_6_vel_z,obs_7_pos_x,obs_7_pos_y,obs_7_pos_z,obs_7_vel_x,obs_7_vel_y,obs_7_vel_z,obs_8_pos_x,obs_8_pos_y,obs_8_pos_z,obs_8_vel_x,obs_8_vel_y,obs_8_vel_z,obs_9_pos_x,obs_9_pos_y,obs_9_pos_z,obs_9_vel_x,obs_9_vel_y,obs_9_vel_z,obs_10_pos_x,obs_10_pos_y,obs_10_pos_z,obs_10_vel_x,obs_10_vel_y,obs_10_vel_z,obs_11_pos_x,obs_11_pos_y,obs_11_pos_z,obs_11_vel_x,obs_11_vel_y,obs_11_vel_z,obs_12_pos_x,obs_12_pos_y,obs_12_pos_z,obs_12_vel_x,obs_12_vel_y,obs_12_vel_z,obs_13_pos_x,obs_13_pos_y,obs_13_pos_z,obs_13_vel_x,obs_13_vel_y,obs_13_vel_z,obs_14_pos_x,obs_14_pos_y,obs_14_pos_z,obs_14_vel_x,obs_14_vel_y,obs_14_vel_z,obs_15_pos_x,obs_15_pos_y,obs_15_pos_z,obs_15_vel_x,obs_15_vel_y,obs_15_vel_z,obs_16_pos_x,obs_16_pos_y,obs_16_pos_z,obs_16_vel_x,obs_16_vel_y,obs_16_vel_z,obs_17_pos_x,obs_17_pos_y,obs_17_pos_z,obs_17_vel_x,obs_17_vel_y,obs_17_vel_z,obs_18_pos_x,obs_18_pos_y,obs_18_pos_z,obs_18_vel_x,obs_18_vel_y,obs_18_vel_z,obs_19_pos_x,obs_19_pos_y,obs_19_pos_z,obs_19_vel_x,obs_19_vel_y,obs_19_vel_z,obs_20_pos_x,obs_20_pos_y,obs_20_pos_z,obs_20_vel_x,obs_20_vel_y,obs_20_vel_z,obs_21_pos_x,obs_21_pos_y,obs_21_pos_z,obs_21_vel_x,obs_21_vel_y,obs_21_vel_z,obs_22_pos_x,obs_22_pos_y,obs_22_pos_z,obs_22_vel_x,obs_22_vel_y,obs_22_vel_z,obs_23_pos_x,obs_23_pos_y,obs_23_pos_z,obs_23_vel_x,obs_23_vel_y,obs_23_vel_z,obs_24_pos_x,obs_24_pos_y,obs_24_pos_z,obs_24_vel_x,obs_24_vel_y,obs_24_vel_z,obs_25_pos_x,obs_25_pos_y,obs_25_pos_z,obs_25_vel_x,obs_25_vel_y,obs_25_vel_z,obs_26_pos_x,obs_26_pos_y,obs_26_pos_z,obs_26_vel_x,obs_26_vel_y,obs_26_vel_z,obs_27_pos_x,obs_27_pos_y,obs_27_pos_z,obs_27_vel_x,obs_27_vel_y,obs_27_vel_z,obs_28_pos_x,obs_28_pos_y,obs_28_pos_z,obs_28_vel_x,obs_28_vel_y,obs_28_vel_z,obs_29_pos_x,obs_29_pos_y,obs_29_pos_z,obs_29_vel_x,obs_29_vel_y,obs_29_vel_z,obs_30_pos_x,obs_30_pos_y,obs_30_pos_z,obs_30_vel_x,obs_30_vel_y,obs_30_vel_z,obs_31_pos_x,obs_31_pos_y,obs_31_pos_z,obs_31_vel_x,obs_31_vel_y,obs_31_vel_z,obs_32_pos_x,obs_32_pos_y,obs_32_pos_z,obs_32_vel_x,obs_32_vel_y,obs_32_vel_z,obs_33_pos_x,obs_33_pos_y,obs_33_pos_z,obs_33_vel_x,obs_33_vel_y,obs_33_vel_z,obs_34_pos_x,obs_34_pos_y,obs_34_pos_z,obs_34_vel_x,obs_34_vel_y,obs_34_vel_z,obs_35_pos_x,obs_35_pos_y,obs_35_pos_z,obs_35_vel_x,obs_35_vel_y,obs_35_vel_z,obs_36_pos_x,obs_36_pos_y,obs_36_pos_z,obs_36_vel_x,obs_36_vel_y,obs_36_vel_z,obs_37_pos_x,obs_37_pos_y,obs_37_pos_z,obs_37_vel_x,obs_37_vel_y,obs_37_vel_z,obs_38_pos_x,obs_38_pos_y,obs_38_pos_z,obs_38_vel_x,obs_38_vel_y,obs_38_vel_z,obs_39_pos_x,obs_39_pos_y,obs_39_pos_z,obs_39_vel_x,obs_39_vel_y,obs_39_vel_z,obs_40_pos_x,obs_40_pos_y,obs_40_pos_z,obs_40_vel_x,obs_40_vel_y,obs_40_vel_z,obs_41_pos_x,obs_41_pos_y,obs_41_pos_z,obs_41_vel_x,obs_41_vel_y,obs_41_vel_z,obs_42_pos_x,obs_42_pos_y,obs_42_pos_z,obs_42_vel_x,obs_42_vel_y,obs_42_vel_z,obs_43_pos_x,obs_43_pos_y,obs_43_pos_z,obs_43_vel_x,obs_43_vel_y,obs_43_vel_z,obs_44_pos_x,obs_44_pos_y,obs_44_pos_z,obs_44_vel_x,obs_44_vel_y,obs_44_vel_z,obs_45_pos_x,obs_45_pos_y,obs_45_pos_z,obs_45_vel_x,obs_45_vel_y,obs_45_vel_z,obs_46_pos_x,obs_46_pos_y,obs_46_pos_z,obs_46_vel_x,obs_46_vel_y,obs_46_vel_z,obs_47_pos_x,obs_47_pos_y,obs_47_pos_z,obs_47_vel_x,obs_47_vel_y,obs_47_vel_z,obs_48_pos_x,obs_48_pos_y,obs_48_pos_z,obs_48_vel_x,obs_48_vel_y,obs_48_vel_z,obs_49_pos_x,obs_49_pos_y,obs_49_pos_z,obs_49_vel_x,obs_49_vel_y,obs_49_vel_z,obs_50_pos_x,obs_50_pos_y,obs_50_pos_z,obs_50_vel_x,obs_50_vel_y,obs_50_vel_z
2.900826664,-10.0,0.0,0.0,0.0,0.0,0.0,0,0,0,0,0,0,5.0,0.0,0.0,2.76,-2.98,-1.0,0.0,0.0,0.0,2.76,-0.98,-1.0,0.0,0.0,0.0,2.76,-2.98,1.0,0.0,0.0,0.0,2.76,-0.98,1.0,0.0,0.0,0.0,7.66,-0.31,-1.0,0.0,0.0,0.0,7.66,1.69,-1.0,0.0,0.0,0.0,7.66,3.69,-1.0,0.0,0.0,0.0,7.66,-0.31,1.0,0.0,0.0,0.0,7.66,1.69,1.0,0.0,0.0,0.0,7.66,3.69,1.0,0.0,0.0,0.0,7.61,-2.42,-1.0,0.0,0.0,0.0,7.61,-0.42,-1.0,0.0,0.0,0.0,7.61,1.58,-1.0,0.0,0.0,0.0,7.61,3.58,-1.0,0.0,0.0,0.0,7.61,-2.42,1.0,0.0,0.0,0.0,7.61,-0.42,1.0,0.0,0.0,0.0,7.61,1.58,1.0,0.0,0.0,0.0,7.61,3.58,1.0,0.0,0.0,0.0,-1.36,1.06,-1.0,0.0,0.0,0.0,-1.36,3.06,-1.0,0.0,0.0,0.0,-1.36,5.06,-1.0,0.0,0.0,0.0,-1.36,1.06,1.0,0.0,0.0,0.0,-1.36,3.06,1.0,0.0,0.0,0.0,-1.36,5.06,1.0,0.0,0.0,0.0,-4.41,3.591600000000005,-0.7273999999999974,0.0,-1.1399999999999189,0.21000000000004349,0,0,0,0,0,0,0,0,0,0,0,0,0,0,0,0,0,0,0,0,0,0,0,0,0,0,0,0,0,0,0,0,0,0,0,0,0,0,0,0,0,0,0,0,0,0,0,0,0,0,0,0,0,0,0,0,0,0,0,0,0,0,0,0,0,0,0,0,0,0,0,0,0,0,0,0,0,0,0,0,0,0,0,0,0,0,0,0,0,0,0,0,0,0,0,0,0,0,0,0,0,0,0,0,0,0,0,0,0,0,0,0,0,0,0,0,0,0,0,0,0,0,0,0,0,0,0,0,0,0,0,0,0,0,0,0,0,0,0,0,0,0,0,0,0,0,0,0,0,0
3.001451616,-10.0,0.0,0.0,0.0,0.0,0.0,0,0,0,0,0,0,5.0,0.0,0.0,2.76,-2.98,-1.0,0.0,0.0,0.0,2.76,-0.98,-1.0,0.0,0.0,0.0,2.76,-2.98,1.0,0.0,0.0,0.0,2.76,-0.98,1.0,0.0,0.0,0.0,7.66,-0.31,-1.0,0.0,0.0,0.0,7.66,1.69,-1.0,0.0,0.0,0.0,7.66,3.69,-1.0,0.0,0.0,0.0,7.66,-0.31,1.0,0.0,0.0,0.0,7.66,1.69,1.0,0.0,0.0,0.0,7.66,3.69,1.0,0.0,0.0,0.0,7.61,-2.42,-1.0,0.0,0.0,0.0,7.61,-0.42,-1.0,0.0,0.0,0.0,7.61,1.58,-1.0,0.0,0.0,0.0,7.61,3.58,-1.0,0.0,0.0,0.0,7.61,-2.42,1.0,0.0,0.0,0.0,7.61,-0.42,1.0,0.0,0.0,0.0,7.61,1.58,1.0,0.0,0.0,0.0,7.61,3.58,1.0,0.0,0.0,0.0,-1.36,1.06,-1.0,0.0,0.0,0.0,-1.36,3.06,-1.0,0.0,0.0,0.0,-1.36,5.06,-1.0,0.0,0.0,0.0,-1.36,1.06,1.0,0.0,0.0,0.0,-1.36,3.06,1.0,0.0,0.0,0.0,-1.36,5.06,1.0,0.0,0.0,0.0,-4.41,3.477600000000013,-0.706399999999993,0.0,-1.1399999999999189,0.21000000000004349,0,0,0,0,0,0,0,0,0,0,0,0,0,0,0,0,0,0,0,0,0,0,0,0,0,0,0,0,0,0,0,0,0,0,0,0,0,0,0,0,0,0,0,0,0,0,0,0,0,0,0,0,0,0,0,0,0,0,0,0,0,0,0,0,0,0,0,0,0,0,0,0,0,0,0,0,0,0,0,0,0,0,0,0,0,0,0,0,0,0,0,0,0,0,0,0,0,0,0,0,0,0,0,0,0,0,0,0,0,0,0,0,0,0,0,0,0,0,0,0,0,0,0,0,0,0,0,0,0,0,0,0,0,0,0,0,0,0,0,0,0,0,0,0,0,0,0,0,0,0
3.101116857,-10.0,0.0,0.0,0.0,0.0,0.0,0,0,0,0,0,0,5.0,0.0,0.0,2.76,-2.98,-1.0,0.0,0.0,0.0,2.76,-0.98,-1.0,0.0,0.0,0.0,2.76,-2.98,1.0,0.0,0.0,0.0,2.76,-0.98,1.0,0.0,0.0,0.0,7.66,-0.31,-1.0,0.0,0.0,0.0,7.66,1.69,-1.0,0.0,0.0,0.0,7.66,3.69,-1.0,0.0,0.0,0.0,7.66,-0.31,1.0,0.0,0.0,0.0,7.66,1.69,1.0,0.0,0.0,0.0,7.66,3.69,1.0,0.0,0.0,0.0,7.61,-2.42,-1.0,0.0,0.0,0.0,7.61,-0.42,-1.0,0.0,0.0,0.0,7.61,1.58,-1.0,0.0,0.0,0.0,7.61,3.58,-1.0,0.0,0.0,0.0,7.61,-2.42,1.0,0.0,0.0,0.0,7.61,-0.42,1.0,0.0,0.0,0.0,7.61,1.58,1.0,0.0,0.0,0.0,7.61,3.58,1.0,0.0,0.0,0.0,-1.36,1.06,-1.0,0.0,0.0,0.0,-1.36,3.06,-1.0,0.0,0.0,0.0,-1.36,5.06,-1.0,0.0,0.0,0.0,-1.36,1.06,1.0,0.0,0.0,0.0,-1.36,3.06,1.0,0.0,0.0,0.0,-1.36,5.06,1.0,0.0,0.0,0.0,-4.41,3.3864000000000196,-0.6895999999999896,0.0,-1.1399999999999189,0.21000000000004349,0,0,0,0,0,0,0,0,0,0,0,0,0,0,0,0,0,0,0,0,0,0,0,0,0,0,0,0,0,0,0,0,0,0,0,0,0,0,0,0,0,0,0,0,0,0,0,0,0,0,0,0,0,0,0,0,0,0,0,0,0,0,0,0,0,0,0,0,0,0,0,0,0,0,0,0,0,0,0,0,0,0,0,0,0,0,0,0,0,0,0,0,0,0,0,0,0,0,0,0,0,0,0,0,0,0,0,0,0,0,0,0,0,0,0,0,0,0,0,0,0,0,0,0,0,0,0,0,0,0,0,0,0,0,0,0,0,0,0,0,0,0,0,0,0,0,0,0,0,0
3.201473197,-10.0,0.0,0.0,0.0,0.0,0.0,0,0,0,0,0,0,5.0,0.0,0.0,2.76,-2.98,-1.0,0.0,0.0,0.0,2.76,-0.98,-1.0,0.0,0.0,0.0,2.76,-2.98,1.0,0.0,0.0,0.0,2.76,-0.98,1.0,0.0,0.0,0.0,7.66,-0.31,-1.0,0.0,0.0,0.0,7.66,1.69,-1.0,0.0,0.0,0.0,7.66,3.69,-1.0,0.0,0.0,0.0,7.66,-0.31,1.0,0.0,0.0,0.0,7.66,1.69,1.0,0.0,0.0,0.0,7.66,3.69,1.0,0.0,0.0,0.0,7.61,-2.42,-1.0,0.0,0.0,0.0,7.61,-0.42,-1.0,0.0,0.0,0.0,7.61,1.58,-1.0,0.0,0.0,0.0,7.61,3.58,-1.0,0.0,0.0,0.0,7.61,-2.42,1.0,0.0,0.0,0.0,7.61,-0.42,1.0,0.0,0.0,0.0,7.61,1.58,1.0,0.0,0.0,0.0,7.61,3.58,1.0,0.0,0.0,0.0,-1.36,1.06,-1.0,0.0,0.0,0.0,-1.36,3.06,-1.0,0.0,0.0,0.0,-1.36,5.06,-1.0,0.0,0.0,0.0,-1.36,1.06,1.0,0.0,0.0,0.0,-1.36,3.06,1.0,0.0,0.0,0.0,-1.36,5.06,1.0,0.0,0.0,0.0,-4.41,3.2724000000000277,-0.6685999999999852,0.0,-1.1399999999999189,0.21000000000004349,0,0,0,0,0,0,0,0,0,0,0,0,0,0,0,0,0,0,0,0,0,0,0,0,0,0,0,0,0,0,0,0,0,0,0,0,0,0,0,0,0,0,0,0,0,0,0,0,0,0,0,0,0,0,0,0,0,0,0,0,0,0,0,0,0,0,0,0,0,0,0,0,0,0,0,0,0,0,0,0,0,0,0,0,0,0,0,0,0,0,0,0,0,0,0,0,0,0,0,0,0,0,0,0,0,0,0,0,0,0,0,0,0,0,0,0,0,0,0,0,0,0,0,0,0,0,0,0,0,0,0,0,0,0,0,0,0,0,0,0,0,0,0,0,0,0,0,0,0,0
3.304072135,-10.0,0.0,0.0,0.0,0.0,0.0,0,0,0,0,0,0,5.0,0.0,0.0,2.76,-2.98,-1.0,0.0,0.0,0.0,2.76,-0.98,-1.0,0.0,0.0,0.0,2.76,-2.98,1.0,0.0,0.0,0.0,2.76,-0.98,1.0,0.0,0.0,0.0,7.66,-0.31,-1.0,0.0,0.0,0.0,7.66,1.69,-1.0,0.0,0.0,0.0,7.66,3.69,-1.0,0.0,0.0,0.0,7.66,-0.31,1.0,0.0,0.0,0.0,7.66,1.69,1.0,0.0,0.0,0.0,7.66,3.69,1.0,0.0,0.0,0.0,7.61,-2.42,-1.0,0.0,0.0,0.0,7.61,-0.42,-1.0,0.0,0.0,0.0,7.61,1.58,-1.0,0.0,0.0,0.0,7.61,3.58,-1.0,0.0,0.0,0.0,7.61,-2.42,1.0,0.0,0.0,0.0,7.61,-0.42,1.0,0.0,0.0,0.0,7.61,1.58,1.0,0.0,0.0,0.0,7.61,3.58,1.0,0.0,0.0,0.0,-1.36,1.06,-1.0,0.0,0.0,0.0,-1.36,3.06,-1.0,0.0,0.0,0.0,-1.36,5.06,-1.0,0.0,0.0,0.0,-1.36,1.06,1.0,0.0,0.0,0.0,-1.36,3.06,1.0,0.0,0.0,0.0,-1.36,5.06,1.0,0.0,0.0,0.0,-4.41,3.158400000000036,-0.6475999999999809,0.0,-1.1399999999999189,0.21000000000004349,0,0,0,0,0,0,0,0,0,0,0,0,0,0,0,0,0,0,0,0,0,0,0,0,0,0,0,0,0,0,0,0,0,0,0,0,0,0,0,0,0,0,0,0,0,0,0,0,0,0,0,0,0,0,0,0,0,0,0,0,0,0,0,0,0,0,0,0,0,0,0,0,0,0,0,0,0,0,0,0,0,0,0,0,0,0,0,0,0,0,0,0,0,0,0,0,0,0,0,0,0,0,0,0,0,0,0,0,0,0,0,0,0,0,0,0,0,0,0,0,0,0,0,0,0,0,0,0,0,0,0,0,0,0,0,0,0,0,0,0,0,0,0,0,0,0,0,0,0,0
3.402637726,-10.0,0.0,0.0,0.0,0.0,0.0,0,0,0,0,0,0,5.0,0.0,0.0,2.76,-2.98,-1.0,0.0,0.0,0.0,2.76,-0.98,-1.0,0.0,0.0,0.0,2.76,-2.98,1.0,0.0,0.0,0.0,2.76,-0.98,1.0,0.0,0.0,0.0,7.66,-0.31,-1.0,0.0,0.0,0.0,7.66,1.69,-1.0,0.0,0.0,0.0,7.66,3.69,-1.0,0.0,0.0,0.0,7.66,-0.31,1.0,0.0,0.0,0.0,7.66,1.69,1.0,0.0,0.0,0.0,7.66,3.69,1.0,0.0,0.0,0.0,7.61,-2.42,-1.0,0.0,0.0,0.0,7.61,-0.42,-1.0,0.0,0.0,0.0,7.61,1.58,-1.0,0.0,0.0,0.0,7.61,3.58,-1.0,0.0,0.0,0.0,7.61,-2.42,1.0,0.0,0.0,0.0,7.61,-0.42,1.0,0.0,0.0,0.0,7.61,1.58,1.0,0.0,0.0,0.0,7.61,3.58,1.0,0.0,0.0,0.0,-1.36,1.06,-1.0,0.0,0.0,0.0,-1.36,3.06,-1.0,0.0,0.0,0.0,-1.36,5.06,-1.0,0.0,0.0,0.0,-1.36,1.06,1.0,0.0,0.0,0.0,-1.36,3.06,1.0,0.0,0.0,0.0,-1.36,5.06,1.0,0.0,0.0,0.0,-4.41,3.0672000000000423,-0.6307999999999774,0.0,-1.1399999999999189,0.21000000000004349,0,0,0,0,0,0,0,0,0,0,0,0,0,0,0,0,0,0,0,0,0,0,0,0,0,0,0,0,0,0,0,0,0,0,0,0,0,0,0,0,0,0,0,0,0,0,0,0,0,0,0,0,0,0,0,0,0,0,0,0,0,0,0,0,0,0,0,0,0,0,0,0,0,0,0,0,0,0,0,0,0,0,0,0,0,0,0,0,0,0,0,0,0,0,0,0,0,0,0,0,0,0,0,0,0,0,0,0,0,0,0,0,0,0,0,0,0,0,0,0,0,0,0,0,0,0,0,0,0,0,0,0,0,0,0,0,0,0,0,0,0,0,0,0,0,0,0,0,0,0
3.504736402,-10.0,0.0,0.0,0.0,0.0,0.0,0,0,0,0,0,0,5.0,0.0,0.0,2.76,-2.98,-1.0,0.0,0.0,0.0,2.76,-0.98,-1.0,0.0,0.0,0.0,2.76,-2.98,1.0,0.0,0.0,0.0,2.76,-0.98,1.0,0.0,0.0,0.0,7.66,-0.31,-1.0,0.0,0.0,0.0,7.66,1.69,-1.0,0.0,0.0,0.0,7.66,3.69,-1.0,0.0,0.0,0.0,7.66,-0.31,1.0,0.0,0.0,0.0,7.66,1.69,1.0,0.0,0.0,0.0,7.66,3.69,1.0,0.0,0.0,0.0,7.61,-2.42,-1.0,0.0,0.0,0.0,7.61,-0.42,-1.0,0.0,0.0,0.0,7.61,1.58,-1.0,0.0,0.0,0.0,7.61,3.58,-1.0,0.0,0.0,0.0,7.61,-2.42,1.0,0.0,0.0,0.0,7.61,-0.42,1.0,0.0,0.0,0.0,7.61,1.58,1.0,0.0,0.0,0.0,7.61,3.58,1.0,0.0,0.0,0.0,-1.36,1.06,-1.0,0.0,0.0,0.0,-1.36,3.06,-1.0,0.0,0.0,0.0,-1.36,5.06,-1.0,0.0,0.0,0.0,-1.36,1.06,1.0,0.0,0.0,0.0,-1.36,3.06,1.0,0.0,0.0,0.0,-1.36,5.06,1.0,0.0,0.0,0.0,-4.41,2.998800000000047,-0.6181999999999748,0.0,-1.1399999999999189,0.21000000000004349,0,0,0,0,0,0,0,0,0,0,0,0,0,0,0,0,0,0,0,0,0,0,0,0,0,0,0,0,0,0,0,0,0,0,0,0,0,0,0,0,0,0,0,0,0,0,0,0,0,0,0,0,0,0,0,0,0,0,0,0,0,0,0,0,0,0,0,0,0,0,0,0,0,0,0,0,0,0,0,0,0,0,0,0,0,0,0,0,0,0,0,0,0,0,0,0,0,0,0,0,0,0,0,0,0,0,0,0,0,0,0,0,0,0,0,0,0,0,0,0,0,0,0,0,0,0,0,0,0,0,0,0,0,0,0,0,0,0,0,0,0,0,0,0,0,0,0,0,0,0
3.600866625,-10.0,0.0,0.0,0.0,0.0,0.0,0,0,0,0,0,0,5.0,0.0,0.0,2.76,-2.98,-1.0,0.0,0.0,0.0,2.76,-0.98,-1.0,0.0,0.0,0.0,2.76,-2.98,1.0,0.0,0.0,0.0,2.76,-0.98,1.0,0.0,0.0,0.0,7.66,-0.31,-1.0,0.0,0.0,0.0,7.66,1.69,-1.0,0.0,0.0,0.0,7.66,3.69,-1.0,0.0,0.0,0.0,7.66,-0.31,1.0,0.0,0.0,0.0,7.66,1.69,1.0,0.0,0.0,0.0,7.66,3.69,1.0,0.0,0.0,0.0,7.61,-2.42,-1.0,0.0,0.0,0.0,7.61,-0.42,-1.0,0.0,0.0,0.0,7.61,1.58,-1.0,0.0,0.0,0.0,7.61,3.58,-1.0,0.0,0.0,0.0,7.61,-2.42,1.0,0.0,0.0,0.0,7.61,-0.42,1.0,0.0,0.0,0.0,7.61,1.58,1.0,0.0,0.0,0.0,7.61,3.58,1.0,0.0,0.0,0.0,-1.36,1.06,-1.0,0.0,0.0,0.0,-1.36,3.06,-1.0,0.0,0.0,0.0,-1.36,5.06,-1.0,0.0,0.0,0.0,-1.36,1.06,1.0,0.0,0.0,0.0,-1.36,3.06,1.0,0.0,0.0,0.0,-1.36,5.06,1.0,0.0,0.0,0.0,-4.41,2.930400000000052,-0.6055999999999722,0.0,-1.1399999999999189,0.21000000000004349,0,0,0,0,0,0,0,0,0,0,0,0,0,0,0,0,0,0,0,0,0,0,0,0,0,0,0,0,0,0,0,0,0,0,0,0,0,0,0,0,0,0,0,0,0,0,0,0,0,0,0,0,0,0,0,0,0,0,0,0,0,0,0,0,0,0,0,0,0,0,0,0,0,0,0,0,0,0,0,0,0,0,0,0,0,0,0,0,0,0,0,0,0,0,0,0,0,0,0,0,0,0,0,0,0,0,0,0,0,0,0,0,0,0,0,0,0,0,0,0,0,0,0,0,0,0,0,0,0,0,0,0,0,0,0,0,0,0,0,0,0,0,0,0,0,0,0,0,0,0
3.704171877,-10.0,0.0,0.0,0.0,0.0,0.0,0,0,0,0,0,0,5.0,0.0,0.0,2.76,-2.98,-1.0,0.0,0.0,0.0,2.76,-0.98,-1.0,0.0,0.0,0.0,2.76,-2.98,1.0,0.0,0.0,0.0,2.76,-0.98,1.0,0.0,0.0,0.0,7.66,-0.31,-1.0,0.0,0.0,0.0,7.66,1.69,-1.0,0.0,0.0,0.0,7.66,3.69,-1.0,0.0,0.0,0.0,7.66,-0.31,1.0,0.0,0.0,0.0,7.66,1.69,1.0,0.0,0.0,0.0,7.66,3.69,1.0,0.0,0.0,0.0,7.61,-2.42,-1.0,0.0,0.0,0.0,7.61,-0.42,-1.0,0.0,0.0,0.0,7.61,1.58,-1.0,0.0,0.0,0.0,7.61,3.58,-1.0,0.0,0.0,0.0,7.61,-2.42,1.0,0.0,0.0,0.0,7.61,-0.42,1.0,0.0,0.0,0.0,7.61,1.58,1.0,0.0,0.0,0.0,7.61,3.58,1.0,0.0,0.0,0.0,-1.36,1.06,-1.0,0.0,0.0,0.0,-1.36,3.06,-1.0,0.0,0.0,0.0,-1.36,5.06,-1.0,0.0,0.0,0.0,-1.36,1.06,1.0,0.0,0.0,0.0,-1.36,3.06,1.0,0.0,0.0,0.0,-1.36,5.06,1.0,0.0,0.0,0.0,-4.41,2.8392000000000586,-0.5887999999999687,0.0,-1.1399999999999189,0.21000000000004349,0,0,0,0,0,0,0,0,0,0,0,0,0,0,0,0,0,0,0,0,0,0,0,0,0,0,0,0,0,0,0,0,0,0,0,0,0,0,0,0,0,0,0,0,0,0,0,0,0,0,0,0,0,0,0,0,0,0,0,0,0,0,0,0,0,0,0,0,0,0,0,0,0,0,0,0,0,0,0,0,0,0,0,0,0,0,0,0,0,0,0,0,0,0,0,0,0,0,0,0,0,0,0,0,0,0,0,0,0,0,0,0,0,0,0,0,0,0,0,0,0,0,0,0,0,0,0,0,0,0,0,0,0,0,0,0,0,0,0,0,0,0,0,0,0,0,0,0,0,0
3.802298476,-10.0,0.0,0.0,0.0,0.0,0.0,0,0,0,0,0,0,5.0,0.0,0.0,2.76,-2.98,-1.0,0.0,0.0,0.0,2.76,-0.98,-1.0,0.0,0.0,0.0,2.76,-2.98,1.0,0.0,0.0,0.0,2.76,-0.98,1.0,0.0,0.0,0.0,7.66,-0.31,-1.0,0.0,0.0,0.0,7.66,1.69,-1.0,0.0,0.0,0.0,7.66,3.69,-1.0,0.0,0.0,0.0,7.66,-0.31,1.0,0.0,0.0,0.0,7.66,1.69,1.0,0.0,0.0,0.0,7.66,3.69,1.0,0.0,0.0,0.0,7.61,-2.42,-1.0,0.0,0.0,0.0,7.61,-0.42,-1.0,0.0,0.0,0.0,7.61,1.58,-1.0,0.0,0.0,0.0,7.61,3.58,-1.0,0.0,0.0,0.0,7.61,-2.42,1.0,0.0,0.0,0.0,7.61,-0.42,1.0,0.0,0.0,0.0,7.61,1.58,1.0,0.0,0.0,0.0,7.61,3.58,1.0,0.0,0.0,0.0,-1.36,1.06,-1.0,0.0,0.0,0.0,-1.36,3.06,-1.0,0.0,0.0,0.0,-1.36,5.06,-1.0,0.0,0.0,0.0,-1.36,1.06,1.0,0.0,0.0,0.0,-1.36,3.06,1.0,0.0,0.0,0.0,-1.36,5.06,1.0,0.0,0.0,0.0,-4.41,2.748000000000065,-0.5719999999999652,0.0,-1.1399999999999189,0.21000000000004349,0,0,0,0,0,0,0,0,0,0,0,0,0,0,0,0,0,0,0,0,0,0,0,0,0,0,0,0,0,0,0,0,0,0,0,0,0,0,0,0,0,0,0,0,0,0,0,0,0,0,0,0,0,0,0,0,0,0,0,0,0,0,0,0,0,0,0,0,0,0,0,0,0,0,0,0,0,0,0,0,0,0,0,0,0,0,0,0,0,0,0,0,0,0,0,0,0,0,0,0,0,0,0,0,0,0,0,0,0,0,0,0,0,0,0,0,0,0,0,0,0,0,0,0,0,0,0,0,0,0,0,0,0,0,0,0,0,0,0,0,0,0,0,0,0,0,0,0,0,0
3.901899469,-10.0,0.0,0.0,0.0,0.0,0.0,0,0,0,0,0,0,5.0,0.0,0.0,2.76,-2.98,-1.0,0.0,0.0,0.0,2.76,-0.98,-1.0,0.0,0.0,0.0,2.76,-2.98,1.0,0.0,0.0,0.0,2.76,-0.98,1.0,0.0,0.0,0.0,7.66,-0.31,-1.0,0.0,0.0,0.0,7.66,1.69,-1.0,0.0,0.0,0.0,7.66,3.69,-1.0,0.0,0.0,0.0,7.66,-0.31,1.0,0.0,0.0,0.0,7.66,1.69,1.0,0.0,0.0,0.0,7.66,3.69,1.0,0.0,0.0,0.0,7.61,-2.42,-1.0,0.0,0.0,0.0,7.61,-0.42,-1.0,0.0,0.0,0.0,7.61,1.58,-1.0,0.0,0.0,0.0,7.61,3.58,-1.0,0.0,0.0,0.0,7.61,-2.42,1.0,0.0,0.0,0.0,7.61,-0.42,1.0,0.0,0.0,0.0,7.61,1.58,1.0,0.0,0.0,0.0,7.61,3.58,1.0,0.0,0.0,0.0,-1.36,1.06,-1.0,0.0,0.0,0.0,-1.36,3.06,-1.0,0.0,0.0,0.0,-1.36,5.06,-1.0,0.0,0.0,0.0,-1.36,1.06,1.0,0.0,0.0,0.0,-1.36,3.06,1.0,0.0,0.0,0.0,-1.36,5.06,1.0,0.0,0.0,0.0,-4.41,2.6568000000000715,-0.5551999999999617,0.0,-1.1399999999999189,0.21000000000004349,0,0,0,0,0,0,0,0,0,0,0,0,0,0,0,0,0,0,0,0,0,0,0,0,0,0,0,0,0,0,0,0,0,0,0,0,0,0,0,0,0,0,0,0,0,0,0,0,0,0,0,0,0,0,0,0,0,0,0,0,0,0,0,0,0,0,0,0,0,0,0,0,0,0,0,0,0,0,0,0,0,0,0,0,0,0,0,0,0,0,0,0,0,0,0,0,0,0,0,0,0,0,0,0,0,0,0,0,0,0,0,0,0,0,0,0,0,0,0,0,0,0,0,0,0,0,0,0,0,0,0,0,0,0,0,0,0,0,0,0,0,0,0,0,0,0,0,0,0,0
4.002921687,-10.0,0.0,0.0,0.0,0.0,0.0,0,0,0,0,0,0,5.0,0.0,0.0,2.76,-2.98,-1.0,0.0,0.0,0.0,2.76,-0.98,-1.0,0.0,0.0,0.0,2.76,-2.98,1.0,0.0,0.0,0.0,2.76,-0.98,1.0,0.0,0.0,0.0,7.66,-0.31,-1.0,0.0,0.0,0.0,7.66,1.69,-1.0,0.0,0.0,0.0,7.66,3.69,-1.0,0.0,0.0,0.0,7.66,-0.31,1.0,0.0,0.0,0.0,7.66,1.69,1.0,0.0,0.0,0.0,7.66,3.69,1.0,0.0,0.0,0.0,7.61,-2.42,-1.0,0.0,0.0,0.0,7.61,-0.42,-1.0,0.0,0.0,0.0,7.61,1.58,-1.0,0.0,0.0,0.0,7.61,3.58,-1.0,0.0,0.0,0.0,7.61,-2.42,1.0,0.0,0.0,0.0,7.61,-0.42,1.0,0.0,0.0,0.0,7.61,1.58,1.0,0.0,0.0,0.0,7.61,3.58,1.0,0.0,0.0,0.0,-1.36,1.06,-1.0,0.0,0.0,0.0,-1.36,3.06,-1.0,0.0,0.0,0.0,-1.36,5.06,-1.0,0.0,0.0,0.0,-1.36,1.06,1.0,0.0,0.0,0.0,-1.36,3.06,1.0,0.0,0.0,0.0,-1.36,5.06,1.0,0.0,0.0,0.0,-4.41,2.5884000000000764,-0.5425999999999591,0.0,-1.1399999999999189,0.21000000000004349,0,0,0,0,0,0,0,0,0,0,0,0,0,0,0,0,0,0,0,0,0,0,0,0,0,0,0,0,0,0,0,0,0,0,0,0,0,0,0,0,0,0,0,0,0,0,0,0,0,0,0,0,0,0,0,0,0,0,0,0,0,0,0,0,0,0,0,0,0,0,0,0,0,0,0,0,0,0,0,0,0,0,0,0,0,0,0,0,0,0,0,0,0,0,0,0,0,0,0,0,0,0,0,0,0,0,0,0,0,0,0,0,0,0,0,0,0,0,0,0,0,0,0,0,0,0,0,0,0,0,0,0,0,0,0,0,0,0,0,0,0,0,0,0,0,0,0,0,0,0
4.10112926,-10.0,0.0,0.0,0.0,0.0,0.0,0,0,0,0,0,0,5.0,0.0,0.0,2.76,-2.98,-1.0,0.0,0.0,0.0,2.76,-0.98,-1.0,0.0,0.0,0.0,2.76,-2.98,1.0,0.0,0.0,0.0,2.76,-0.98,1.0,0.0,0.0,0.0,7.66,-0.31,-1.0,0.0,0.0,0.0,7.66,1.69,-1.0,0.0,0.0,0.0,7.66,3.69,-1.0,0.0,0.0,0.0,7.66,-0.31,1.0,0.0,0.0,0.0,7.66,1.69,1.0,0.0,0.0,0.0,7.66,3.69,1.0,0.0,0.0,0.0,7.61,-2.42,-1.0,0.0,0.0,0.0,7.61,-0.42,-1.0,0.0,0.0,0.0,7.61,1.58,-1.0,0.0,0.0,0.0,7.61,3.58,-1.0,0.0,0.0,0.0,7.61,-2.42,1.0,0.0,0.0,0.0,7.61,-0.42,1.0,0.0,0.0,0.0,7.61,1.58,1.0,0.0,0.0,0.0,7.61,3.58,1.0,0.0,0.0,0.0,-1.36,1.06,-1.0,0.0,0.0,0.0,-1.36,3.06,-1.0,0.0,0.0,0.0,-1.36,5.06,-1.0,0.0,0.0,0.0,-1.36,1.06,1.0,0.0,0.0,0.0,-1.36,3.06,1.0,0.0,0.0,0.0,-1.36,5.06,1.0,0.0,0.0,0.0,-4.41,2.497200000000083,-0.5257999999999556,0.0,-1.1399999999999189,0.21000000000004349,0,0,0,0,0,0,0,0,0,0,0,0,0,0,0,0,0,0,0,0,0,0,0,0,0,0,0,0,0,0,0,0,0,0,0,0,0,0,0,0,0,0,0,0,0,0,0,0,0,0,0,0,0,0,0,0,0,0,0,0,0,0,0,0,0,0,0,0,0,0,0,0,0,0,0,0,0,0,0,0,0,0,0,0,0,0,0,0,0,0,0,0,0,0,0,0,0,0,0,0,0,0,0,0,0,0,0,0,0,0,0,0,0,0,0,0,0,0,0,0,0,0,0,0,0,0,0,0,0,0,0,0,0,0,0,0,0,0,0,0,0,0,0,0,0,0,0,0,0,0
4.200689205,-9.998000000000005,0.0020000000000000005,0.0020000000000000005,0.09999999999976694,0.10000000000000005,0.10000000000000005,0.1,0.1,0.1,2.984272294513148,2.7248764220466333,2.989105011825666,5.0,0.0,0.0,2.76,-2.98,-1.0,0.0,0.0,0.0,2.76,-0.98,-1.0,0.0,0.0,0.0,2.76,-2.98,1.0,0.0,0.0,0.0,2.76,-0.98,1.0,0.0,0.0,0.0,7.66,-0.31,-1.0,0.0,0.0,0.0,7.66,1.69,-1.0,0.0,0.0,0.0,7.66,3.69,-1.0,0.0,0.0,0.0,7.66,-0.31,1.0,0.0,0.0,0.0,7.66,1.69,1.0,0.0,0.0,0.0,7.66,3.69,1.0,0.0,0.0,0.0,7.61,-2.42,-1.0,0.0,0.0,0.0,7.61,-0.42,-1.0,0.0,0.0,0.0,7.61,1.58,-1.0,0.0,0.0,0.0,7.61,3.58,-1.0,0.0,0.0,0.0,7.61,-2.42,1.0,0.0,0.0,0.0,7.61,-0.42,1.0,0.0,0.0,0.0,7.61,1.58,1.0,0.0,0.0,0.0,7.61,3.58,1.0,0.0,0.0,0.0,-1.36,1.06,-1.0,0.0,0.0,0.0,-1.36,3.06,-1.0,0.0,0.0,0.0,-1.36,5.06,-1.0,0.0,0.0,0.0,-1.36,1.06,1.0,0.0,0.0,0.0,-1.36,3.06,1.0,0.0,0.0,0.0,-1.36,5.06,1.0,0.0,0.0,0.0,-4.41,2.4288000000000878,-0.513199999999953,0.0,-1.1399999999999189,0.21000000000004349,0,0,0,0,0,0,0,0,0,0,0,0,0,0,0,0,0,0,0,0,0,0,0,0,0,0,0,0,0,0,0,0,0,0,0,0,0,0,0,0,0,0,0,0,0,0,0,0,0,0,0,0,0,0,0,0,0,0,0,0,0,0,0,0,0,0,0,0,0,0,0,0,0,0,0,0,0,0,0,0,0,0,0,0,0,0,0,0,0,0,0,0,0,0,0,0,0,0,0,0,0,0,0,0,0,0,0,0,0,0,0,0,0,0,0,0,0,0,0,0,0,0,0,0,0,0,0,0,0,0,0,0,0,0,0,0,0,0,0,0,0,0,0,0,0,0,0,0,0,0
4.30106662,-9.98473200000003,0.015268000000000042,0.008731999999999995,0.17599999999973193,0.1760000000000008,0.023999999999999716,0.176,0.176,0.024000000000000007,3.046925501975831,3.059658401088551,-2.5233479465709823,4.999999735378308,-0.0011502644999720037,-0.0011502644999720037,2.76,-2.98,-1.0,0.0,0.0,0.0,2.76,-0.98,-1.0,0.0,0.0,0.0,2.76,-2.98,1.0,0.0,0.0,0.0,2.76,-0.98,1.0,0.0,0.0,0.0,7.66,-0.31,-1.0,0.0,0.0,0.0,7.66,1.69,-1.0,0.0,0.0,0.0,7.66,3.69,-1.0,0.0,0.0,0.0,7.66,-0.31,1.0,0.0,0.0,0.0,7.66,1.69,1.0,0.0,0.0,0.0,7.66,3.69,1.0,0.0,0.0,0.0,7.61,-2.42,-1.0,0.0,0.0,0.0,7.61,-0.42,-1.0,0.0,0.0,0.0,7.61,1.58,-1.0,0.0,0.0,0.0,7.61,3.58,-1.0,0.0,0.0,0.0,7.61,-2.42,1.0,0.0,0.0,0.0,7.61,-0.42,1.0,0.0,0.0,0.0,7.61,1.58,1.0,0.0,0.0,0.0,7.61,3.58,1.0,0.0,0.0,0.0,-1.36,1.06,-1.0,0.0,0.0,0.0,-1.36,3.06,-1.0,0.0,0.0,0.0,-1.36,5.06,-1.0,0.0,0.0,0.0,-1.36,1.06,1.0,0.0,0.0,0.0,-1.36,3.06,1.0,0.0,0.0,0.0,-1.36,5.06,1.0,0.0,0.0,0.0,-4.41,2.314800000000096,-0.4921999999999508,0.0,-1.1399999999999189,0.20999999999998797,0,0,0,0,0,0,0,0,0,0,0,0,0,0,0,0,0,0,0,0,0,0,0,0,0,0,0,0,0,0,0,0,0,0,0,0,0,0,0,0,0,0,0,0,0,0,0,0,0,0,0,0,0,0,0,0,0,0,0,0,0,0,0,0,0,0,0,0,0,0,0,0,0,0,0,0,0,0,0,0,0,0,0,0,0,0,0,0,0,0,0,0,0,0,0,0,0,0,0,0,0,0,0,0,0,0,0,0,0,0,0,0,0,0,0,0,0,0,0,0,0,0,0,0,0,0,0,0,0,0,0,0,0,0,0,0,0,0,0,0,0,0,0,0,0,0,0,0,0,0
4.400660123,-9.967004000000053,0.025699999999999987,0.007003999999999988,0.2519999999996969,0.09999999999999941,-0.05199999999999995,0.252,0.09999999999999999,-0.05199999999999999,3.0962835291149746,-2.753159601121896,-2.756060265904499,4.999997640283556,-0.004304700873863614,-0.002250935193052602,2.76,-2.98,-1.0,0.0,0.0,0.0,2.76,-0.98,-1.0,0.0,0.0,0.0,2.76,-2.98,1.0,0.0,0.0,0.0,2.76,-0.98,1.0,0.0,0.0,0.0,7.66,-0.31,-1.0,0.0,0.0,0.0,7.66,1.69,-1.0,0.0,0.0,0.0,7.66,3.69,-1.0,0.0,0.0,0.0,7.66,-0.31,1.0,0.0,0.0,0.0,7.66,1.69,1.0,0.0,0.0,0.0,7.66,3.69,1.0,0.0,0.0,0.0,7.61,-2.42,-1.0,0.0,0.0,0.0,7.61,-0.42,-1.0,0.0,0.0,0.0,7.61,1.58,-1.0,0.0,0.0,0.0,7.61,3.58,-1.0,0.0,0.0,0.0,7.61,-2.42,1.0,0.0,0.0,0.0,7.61,-0.42,1.0,0.0,0.0,0.0,7.61,1.58,1.0,0.0,0.0,0.0,7.61,3.58,1.0,0.0,0.0,0.0,-1.36,1.06,-1.0,0.0,0.0,0.0,-1.36,3.06,-1.0,0.0,0.0,0.0,-1.36,5.06,-1.0,0.0,0.0,0.0,-1.36,1.06,1.0,0.0,0.0,0.0,-1.36,3.06,1.0,0.0,0.0,0.0,-1.36,5.06,1.0,0.0,0.0,0.0,-4.41,2.2236000000001024,-0.47539999999995175,0.0,-1.1399999999999189,0.20999999999998797,0,0,0,0,0,0,0,0,0,0,0,0,0,0,0,0,0,0,0,0,0,0,0,0,0,0,0,0,0,0,0,0,0,0,0,0,0,0,0,0,0,0,0,0,0,0,0,0,0,0,0,0,0,0,0,0,0,0,0,0,0,0,0,0,0,0,0,0,0,0,0,0,0,0,0,0,0,0,0,0,0,0,0,0,0,0,0,0,0,0,0,0,0,0,0,0,0,0,0,0,0,0,0,0,0,0,0,0,0,0,0,0,0,0,0,0,0,0,0,0,0,0,0,0,0,0,0,0,0,0,0,0,0,0,0,0,0,0,0,0,0,0,0,0,0,0,0,0,0,0
4.501356971,-9.949868000000045,0.029683999999999933,0.005899999999999987,0.3360000000007801,0.015999999999998654,0.03199999999999991,0.336,0.015999999999999986,0.032000000000000015,3.2191290084941793,-2.3595300408246493,2.869601260410296,4.999995024660073,-0.0068879190277550606,-0.001519850642197006,2.76,-2.98,-1.0,0.0,0.0,0.0,2.76,-0.98,-1.0,0.0,0.0,0.0,2.76,-2.98,1.0,0.0,0.0,0.0,2.76,-0.98,1.0,0.0,0.0,0.0,7.66,-0.31,-1.0,0.0,0.0,0.0,7.66,1.69,-1.0,0.0,0.0,0.0,7.66,3.69,-1.0,0.0,0.0,0.0,7.66,-0.31,1.0,0.0,0.0,0.0,7.66,1.69,1.0,0.0,0.0,0.0,7.66,3.69,1.0,0.0,0.0,0.0,7.61,-2.42,-1.0,0.0,0.0,0.0,7.61,-0.42,-1.0,0.0,0.0,0.0,7.61,1.58,-1.0,0.0,0.0,0.0,7.61,3.58,-1.0,0.0,0.0,0.0,7.61,-2.42,1.0,0.0,0.0,0.0,7.61,-0.42,1.0,0.0,0.0,0.0,7.61,1.58,1.0,0.0,0.0,0.0,7.61,3.58,1.0,0.0,0.0,0.0,-1.36,1.06,-1.0,0.0,0.0,0.0,-1.36,3.06,-1.0,0.0,0.0,0.0,-1.36,5.06,-1.0,0.0,0.0,0.0,-1.36,1.06,1.0,0.0,0.0,0.0,-1.36,3.06,1.0,0.0,0.0,0.0,-1.36,5.06,1.0,0.0,0.0,0.0,-4.41,2.1552000000001073,-0.46279999999995247,0.0,-1.1399999999999189,0.20999999999998797,0,0,0,0,0,0,0,0,0,0,0,0,0,0,0,0,0,0,0,0,0,0,0,0,0,0,0,0,0,0,0,0,0,0,0,0,0,0,0,0,0,0,0,0,0,0,0,0,0,0,0,0,0,0,0,0,0,0,0,0,0,0,0,0,0,0,0,0,0,0,0,0,0,0,0,0,0,0,0,0,0,0,0,0,0,0,0,0,0,0,0,0,0,0,0,0,0,0,0,0,0,0,0,0,0,0,0,0,0,0,0,0,0,0,0,0,0,0,0,0,0,0,0,0,0,0,0,0,0,0,0,0,0,0,0,0,0,0,0,0,0,0,0,0,0,0,0,0,0,0
4.601423105,-9.928344000000003,0.02927999999999986,0.006455999999999991,0.39800000000056457,-0.04600000000000091,-0.029999999999999645,0.398,-0.04600000000000001,-0.029999999999999985,3.3293028803728126,-2.8389319891282745,-2.349312972409664,4.999994131270908,-0.007494789833485118,-0.0015859955295851095,2.76,-2.98,-1.0,0.0,0.0,0.0,2.76,-0.98,-1.0,0.0,0.0,0.0,2.76,-2.98,1.0,0.0,0.0,0.0,2.76,-0.98,1.0,0.0,0.0,0.0,7.66,-0.31,-1.0,0.0,0.0,0.0,7.66,1.69,-1.0,0.0,0.0,0.0,7.66,3.69,-1.0,0.0,0.0,0.0,7.66,-0.31,1.0,0.0,0.0,0.0,7.66,1.69,1.0,0.0,0.0,0.0,7.66,3.69,1.0,0.0,0.0,0.0,7.61,-2.42,-1.0,0.0,0.0,0.0,7.61,-0.42,-1.0,0.0,0.0,0.0,7.61,1.58,-1.0,0.0,0.0,0.0,7.61,3.58,-1.0,0.0,0.0,0.0,7.61,-2.42,1.0,0.0,0.0,0.0,7.61,-0.42,1.0,0.0,0.0,0.0,7.61,1.58,1.0,0.0,0.0,0.0,7.61,3.58,1.0,0.0,0.0,0.0,-1.36,1.06,-1.0,0.0,0.0,0.0,-1.36,3.06,-1.0,0.0,0.0,0.0,-1.36,5.06,-1.0,0.0,0.0,0.0,-1.36,1.06,1.0,0.0,0.0,0.0,-1.36,3.06,1.0,0.0,0.0,0.0,-1.36,5.06,1.0,0.0,0.0,0.0,-4.41,2.086800000000112,-0.4501999999999532,0.0,-1.1399999999999189,0.20999999999998797,0,0,0,0,0,0,0,0,0,0,0,0,0,0,0,0,0,0,0,0,0,0,0,0,0,0,0,0,0,0,0,0,0,0,0,0,0,0,0,0,0,0,0,0,0,0,0,0,0,0,0,0,0,0,0,0,0,0,0,0,0,0,0,0,0,0,0,0,0,0,0,0,0,0,0,0,0,0,0,0,0,0,0,0,0,0,0,0,0,0,0,0,0,0,0,0,0,0,0,0,0,0,0,0,0,0,0,0,0,0,0,0,0,0,0,0,0,0,0,0,0,0,0,0,0,0,0,0,0,0,0,0,0,0,0,0,0,0,0,0,0,0,0,0,0,0,0,0,0,0
4.701157352,-9.893906999999986,0.028196999999999837,0.006652999999999982,0.4509999999999792,0.007000000000000062,0.02299999999999958,0.451,0.006999999999999985,0.023000000000000013,3.396688424723298,2.891586872721113,2.1924853618921065,4.999994725460873,-0.007112635478020038,-0.0014682574748050774,2.76,-2.98,-1.0,0.0,0.0,0.0,2.76,-0.98,-1.0,0.0,0.0,0.0,2.76,-2.98,1.0,0.0,0.0,0.0,2.76,-0.98,1.0,0.0,0.0,0.0,7.66,-0.31,-1.0,0.0,0.0,0.0,7.66,1.69,-1.0,0.0,0.0,0.0,7.66,3.69,-1.0,0.0,0.0,0.0,7.66,-0.31,1.0,0.0,0.0,0.0,7.66,1.69,1.0,0.0,0.0,0.0,7.66,3.69,1.0,0.0,0.0,0.0,7.61,-2.42,-1.0,0.0,0.0,0.0,7.61,-0.42,-1.0,0.0,0.0,0.0,7.61,1.58,-1.0,0.0,0.0,0.0,7.61,3.58,-1.0,0.0,0.0,0.0,7.61,-2.42,1.0,0.0,0.0,0.0,7.61,-0.42,1.0,0.0,0.0,0.0,7.61,1.58,1.0,0.0,0.0,0.0,7.61,3.58,1.0,0.0,0.0,0.0,-1.36,1.06,-1.0,0.0,0.0,0.0,-1.36,3.06,-1.0,0.0,0.0,0.0,-1.36,5.06,-1.0,0.0,0.0,0.0,-1.36,1.06,1.0,0.0,0.0,0.0,-1.36,3.06,1.0,0.0,0.0,0.0,-1.36,5.06,1.0,0.0,0.0,0.0,-4.41,1.9956000000001186,-0.43339999999995416,0.0,-1.1399999999999189,0.20999999999998797,0,0,0,0,0,0,0,0,0,0,0,0,0,0,0,0,0,0,0,0,0,0,0,0,0,0,0,0,0,0,0,0,0,0,0,0,0,0,0,0,0,0,0,0,0,0,0,0,0,0,0,0,0,0,0,0,0,0,0,0,0,0,0,0,0,0,0,0,0,0,0,0,0,0,0,0,0,0,0,0,0,0,0,0,0,0,0,0,0,0,0,0,0,0,0,0,0,0,0,0,0,0,0,0,0,0,0,0,0,0,0,0,0,0,0,0,0,0,0,0,0,0,0,0,0,0,0,0,0,0,0,0,0,0,0,0,0,0,0,0,0,0,0,0,0,0,0,0,0,0
4.80146944,-9.864148999999982,0.0313149999999999,0.005334999999999961,0.5220000000001335,0.07800000000000132,-0.048000000000000306,0.522,0.07799999999999999,-0.04799999999999998,3.446416872104279,2.98332939272862,-2.052000157439324,4.999994657786997,-0.007103295916563135,-0.0017220013371913902,2.76,-2.98,-1.0,0.0,0.0,0.0,2.76,-0.98,-1.0,0.0,0.0,0.0,2.76,-2.98,1.0,0.0,0.0,0.0,2.76,-0.98,1.0,0.0,0.0,0.0,7.66,-0.31,-1.0,0.0,0.0,0.0,7.66,1.69,-1.0,0.0,0.0,0.0,7.66,3.69,-1.0,0.0,0.0,0.0,7.66,-0.31,1.0,0.0,0.0,0.0,7.66,1.69,1.0,0.0,0.0,0.0,7.66,3.69,1.0,0.0,0.0,0.0,7.61,-2.42,-1.0,0.0,0.0,0.0,7.61,-0.42,-1.0,0.0,0.0,0.0,7.61,1.58,-1.0,0.0,0.0,0.0,7.61,3.58,-1.0,0.0,0.0,0.0,7.61,-2.42,1.0,0.0,0.0,0.0,7.61,-0.42,1.0,0.0,0.0,0.0,7.61,1.58,1.0,0.0,0.0,0.0,7.61,3.58,1.0,0.0,0.0,0.0,-1.36,1.06,-1.0,0.0,0.0,0.0,-1.36,3.06,-1.0,0.0,0.0,0.0,-1.36,5.06,-1.0,0.0,0.0,0.0,-1.36,1.06,1.0,0.0,0.0,0.0,-1.36,3.06,1.0,0.0,0.0,0.0,-1.36,5.06,1.0,0.0,0.0,0.0,-4.41,1.9272000000001235,-0.4207999999999549,0.0,-1.1399999999999189,0.20999999999998797,0,0,0,0,0,0,0,0,0,0,0,0,0,0,0,0,0,0,0,0,0,0,0,0,0,0,0,0,0,0,0,0,0,0,0,0,0,0,0,0,0,0,0,0,0,0,0,0,0,0,0,0,0,0,0,0,0,0,0,0,0,0,0,0,0,0,0,0,0,0,0,0,0,0,0,0,0,0,0,0,0,0,0,0,0,0,0,0,0,0,0,0,0,0,0,0,0,0,0,0,0,0,0,0,0,0,0,0,0,0,0,0,0,0,0,0,0,0,0,0,0,0,0,0,0,0,0,0,0,0,0,0,0,0,0,0,0,0,0,0,0,0,0,0,0,0,0,0,0,0
4.902016046,-9.83143499999999,0.03460100000000002,0.001060999999999956,0.6039999999991608,-0.0039999999999970615,-0.1299999999999999,0.604,-0.004000000000000017,-0.12999999999999998,3.4741899126582307,-2.100551926087247,-2.844456006310103,4.99999296613984,-0.008317130792236562,-0.0010788361854312339,2.76,-2.98,-1.0,0.0,0.0,0.0,2.76,-0.98,-1.0,0.0,0.0,0.0,2.76,-2.98,1.0,0.0,0.0,0.0,2.76,-0.98,1.0,0.0,0.0,0.0,7.66,-0.31,-1.0,0.0,0.0,0.0,7.66,1.69,-1.0,0.0,0.0,0.0,7.66,3.69,-1.0,0.0,0.0,0.0,7.66,-0.31,1.0,0.0,0.0,0.0,7.66,1.69,1.0,0.0,0.0,0.0,7.66,3.69,1.0,0.0,0.0,0.0,7.61,-2.42,-1.0,0.0,0.0,0.0,7.61,-0.42,-1.0,0.0,0.0,0.0,7.61,1.58,-1.0,0.0,0.0,0.0,7.61,3.58,-1.0,0.0,0.0,0.0,7.61,-2.42,1.0,0.0,0.0,0.0,7.61,-0.42,1.0,0.0,0.0,0.0,7.61,1.58,1.0,0.0,0.0,0.0,7.61,3.58,1.0,0.0,0.0,0.0,-1.36,1.06,-1.0,0.0,0.0,0.0,-1.36,3.06,-1.0,0.0,0.0,0.0,-1.36,5.06,-1.0,0.0,0.0,0.0,-1.36,1.06,1.0,0.0,0.0,0.0,-1.36,3.06,1.0,0.0,0.0,0.0,-1.36,5.06,1.0,0.0,0.0,0.0,-4.41,1.83600000000013,-0.40399999999995584,0.0,-1.1399999999999189,0.20999999999998797,0,0,0,0,0,0,0,0,0,0,0,0,0,0,0,0,0,0,0,0,0,0,0,0,0,0,0,0,0,0,0,0,0,0,0,0,0,0,0,0,0,0,0,0,0,0,0,0,0,0,0,0,0,0,0,0,0,0,0,0,0,0,0,0,0,0,0,0,0,0,0,0,0,0,0,0,0,0,0,0,0,0,0,0,0,0,0,0,0,0,0,0,0,0,0,0,0,0,0,0,0,0,0,0,0,0,0,0,0,0,0,0,0,0,0,0,0,0,0,0,0,0,0,0,0,0,0,0,0,0,0,0,0,0,0,0,0,0,0,0,0,0,0,0,0,0,0,0,0,0
5.001835934,-9.780892000000058,0.0320580000000002,-0.011562000000000029,0.6609999999991345,-0.06099999999999857,-0.18699999999999964,0.661,-0.06100000000000002,-0.18699999999999997,3.5900037221163537,-2.81595235348062,-1.949460878426491,4.999992393696876,-0.008705922622283445,0.0005195042654479625,2.76,-2.98,-1.0,0.0,0.0,0.0,2.76,-0.98,-1.0,0.0,0.0,0.0,2.76,-2.98,1.0,0.0,0.0,0.0,2.76,-0.98,1.0,0.0,0.0,0.0,7.66,-0.31,-1.0,0.0,0.0,0.0,7.66,1.69,-1.0,0.0,0.0,0.0,7.66,3.69,-1.0,0.0,0.0,0.0,7.66,-0.31,1.0,0.0,0.0,0.0,7.66,1.69,1.0,0.0,0.0,0.0,7.66,3.69,1.0,0.0,0.0,0.0,7.61,-2.42,-1.0,0.0,0.0,0.0,7.61,-0.42,-1.0,0.0,0.0,0.0,7.61,1.58,-1.0,0.0,0.0,0.0,7.61,3.58,-1.0,0.0,0.0,0.0,7.61,-2.42,1.0,0.0,0.0,0.0,7.61,-0.42,1.0,0.0,0.0,0.0,7.61,1.58,1.0,0.0,0.0,0.0,7.61,3.58,1.0,0.0,0.0,0.0,-1.36,1.06,-1.0,0.0,0.0,0.0,-1.36,3.06,-1.0,0.0,0.0,0.0,-1.36,5.06,-1.0,0.0,0.0,0.0,-1.36,1.06,1.0,0.0,0.0,0.0,-1.36,3.06,1.0,0.0,0.0,0.0,-1.36,5.06,1.0,0.0,0.0,0.0,-4.41,1.7676000000001348,-0.39139999999995656,0.0,-1.1399999999999189,0.20999999999998797,0,0,0,0,0,0,0,0,0,0,0,0,0,0,0,0,0,0,0,0,0,0,0,0,0,0,0,0,0,0,0,0,0,0,0,0,0,0,0,0,0,0,0,0,0,0,0,0,0,0,0,0,0,0,0,0,0,0,0,0,0,0,0,0,0,0,0,0,0,0,0,0,0,0,0,0,0,0,0,0,0,0,0,0,0,0,0,0,0,0,0,0,0,0,0,0,0,0,0,0,0,0,0,0,0,0,0,0,0,0,0,0,0,0,0,0,0,0,0,0,0,0,0,0,0,0,0,0,0,0,0,0,0,0,0,0,0,0,0,0,0,0,0,0,0,0,0,0,0,0
5.101478659,-9.725052000000108,0.024218000000000305,-0.023561999999999996,0.7409999999996586,-0.14099999999999874,-0.10699999999999946,0.741,-0.14100000000000001,-0.10699999999999997,3.6539973704844493,-2.0261480576374167,2.7746638589886454,4.99999247684851,-0.007875926703394256,0.003633350638912907,2.76,-2.98,-1.0,0.0,0.0,0.0,2.76,-0.98,-1.0,0.0,0.0,0.0,2.76,-2.98,1.0,0.0,0.0,0.0,2.76,-0.98,1.0,0.0,0.0,0.0,7.66,-0.31,-1.0,0.0,0.0,0.0,7.66,1.69,-1.0,0.0,0.0,0.0,7.66,3.69,-1.0,0.0,0.0,0.0,7.66,-0.31,1.0,0.0,0.0,0.0,7.66,1.69,1.0,0.0,0.0,0.0,7.66,3.69,1.0,0.0,0.0,0.0,7.61,-2.42,-1.0,0.0,0.0,0.0,7.61,-0.42,-1.0,0.0,0.0,0.0,7.61,1.58,-1.0,0.0,0.0,0.0,7.61,3.58,-1.0,0.0,0.0,0.0,7.61,-2.42,1.0,0.0,0.0,0.0,7.61,-0.42,1.0,0.0,0.0,0.0,7.61,1.58,1.0,0.0,0.0,0.0,7.61,3.58,1.0,0.0,0.0,0.0,-1.36,1.06,-1.0,0.0,0.0,0.0,-1.36,3.06,-1.0,0.0,0.0,0.0,-1.36,5.06,-1.0,0.0,0.0,0.0,-1.36,1.06,1.0,0.0,0.0,0.0,-1.36,3.06,1.0,0.0,0.0,0.0,-1.36,5.06,1.0,0.0,0.0,0.0,-4.41,1.6764000000001413,-0.3745999999999575,0.0,-1.1399999999999189,0.20999999999998797,0,0,0,0,0,0,0,0,0,0,0,0,0,0,0,0,0,0,0,0,0,0,0,0,0,0,0,0,0,0,0,0,0,0,0,0,0,0,0,0,0,0,0,0,0,0,0,0,0,0,0,0,0,0,0,0,0,0,0,0,0,0,0,0,0,0,0,0,0,0,0,0,0,0,0,0,0,0,0,0,0,0,0,0,0,0,0,0,0,0,0,0,0,0,0,0,0,0,0,0,0,0,0,0,0,0,0,0,0,0,0,0,0,0,0,0,0,0,0,0,0,0,0,0,0,0,0,0,0,0,0,0,0,0,0,0,0,0,0,0,0,0,0,0,0,0,0,0,0,0
5.202205497,-9.662435000000128,0.016275000000000317,-0.02878500000000004,0.8119999999998129,-0.07000000000000062,-0.03600000000000131,0.8119999999999999,-0.07000000000000002,-0.035999999999999976,3.7350384334114684,1.7728280968944654,2.829392186630528,4.999992787744681,-0.0055703723335602025,0.006410417555705238,2.76,-2.98,-1.0,0.0,0.0,0.0,2.76,-0.98,-1.0,0.0,0.0,0.0,2.76,-2.98,1.0,0.0,0.0,0.0,2.76,-0.98,1.0,0.0,0.0,0.0,7.66,-0.31,-1.0,0.0,0.0,0.0,7.66,1.69,-1.0,0.0,0.0,0.0,7.66,3.69,-1.0,0.0,0.0,0.0,7.66,-0.31,1.0,0.0,0.0,0.0,7.66,1.69,1.0,0.0,0.0,0.0,7.66,3.69,1.0,0.0,0.0,0.0,7.61,-2.42,-1.0,0.0,0.0,0.0,7.61,-0.42,-1.0,0.0,0.0,0.0,7.61,1.58,-1.0,0.0,0.0,0.0,7.61,3.58,-1.0,0.0,0.0,0.0,7.61,-2.42,1.0,0.0,0.0,0.0,7.61,-0.42,1.0,0.0,0.0,0.0,7.61,1.58,1.0,0.0,0.0,0.0,7.61,3.58,1.0,0.0,0.0,0.0,-1.36,1.06,-1.0,0.0,0.0,0.0,-1.36,3.06,-1.0,0.0,0.0,0.0,-1.36,5.06,-1.0,0.0,0.0,0.0,-1.36,1.06,1.0,0.0,0.0,0.0,-1.36,3.06,1.0,0.0,0.0,0.0,-1.36,5.06,1.0,0.0,0.0,0.0,-4.41,1.5852000000001478,-0.3577999999999585,0.0,-1.1399999999999189,0.20999999999998797,0,0,0,0,0,0,0,0,0,0,0,0,0,0,0,0,0,0,0,0,0,0,0,0,0,0,0,0,0,0,0,0,0,0,0,0,0,0,0,0,0,0,0,0,0,0,0,0,0,0,0,0,0,0,0,0,0,0,0,0,0,0,0,0,0,0,0,0,0,0,0,0,0,0,0,0,0,0,0,0,0,0,0,0,0,0,0,0,0,0,0,0,0,0,0,0,0,0,0,0,0,0,0,0,0,0,0,0,0,0,0,0,0,0,0,0,0,0,0,0,0,0,0,0,0,0,0,0,0,0,0,0,0,0,0,0,0,0,0,0,0,0,0,0,0,0,0,0,0,0
5.301684885,-9.593575000000106,0.014575000000000289,-0.035565000000000076,0.8870000000005263,0.004999999999999796,-0.11099999999999999,0.8869999999999999,0.004999999999999977,-0.11099999999999997,3.809345722257739,1.9514150506228396,-2.4947436093611293,4.999992928207439,-0.003785714984865348,0.007509077017038659,2.76,-2.98,-1.0,0.0,0.0,0.0,2.76,-0.98,-1.0,0.0,0.0,0.0,2.76,-2.98,1.0,0.0,0.0,0.0,2.76,-0.98,1.0,0.0,0.0,0.0,7.66,-0.31,-1.0,0.0,0.0,0.0,7.66,1.69,-1.0,0.0,0.0,0.0,7.66,3.69,-1.0,0.0,0.0,0.0,7.66,-0.31,1.0,0.0,0.0,0.0,7.66,1.69,1.0,0.0,0.0,0.0,7.66,3.69,1.0,0.0,0.0,0.0,7.61,-2.42,-1.0,0.0,0.0,0.0,7.61,-0.42,-1.0,0.0,0.0,0.0,7.61,1.58,-1.0,0.0,0.0,0.0,7.61,3.58,-1.0,0.0,0.0,0.0,7.61,-2.42,1.0,0.0,0.0,0.0,7.61,-0.42,1.0,0.0,0.0,0.0,7.61,1.58,1.0,0.0,0.0,0.0,7.61,3.58,1.0,0.0,0.0,0.0,-1.36,1.06,-1.0,0.0,0.0,0.0,-1.36,3.06,-1.0,0.0,0.0,0.0,-1.36,5.06,-1.0,0.0,0.0,0.0,-1.36,1.06,1.0,0.0,0.0,0.0,-1.36,3.06,1.0,0.0,0.0,0.0,-1.36,5.06,1.0,0.0,0.0,0.0,-4.41,1.4940000000001543,-0.34099999999995945,0.0,-1.1399999999999189,0.20999999999998797,0,0,0,0,0,0,0,0,0,0,0,0,0,0,0,0,0,0,0,0,0,0,0,0,0,0,0,0,0,0,0,0,0,0,0,0,0,0,0,0,0,0,0,0,0,0,0,0,0,0,0,0,0,0,0,0,0,0,0,0,0,0,0,0,0,0,0,0,0,0,0,0,0,0,0,0,0,0,0,0,0,0,0,0,0,0,0,0,0,0,0,0,0,0,0,0,0,0,0,0,0,0,0,0,0,0,0,0,0,0,0,0,0,0,0,0,0,0,0,0,0,0,0,0,0,0,0,0,0,0,0,0,0,0,0,0,0,0,0,0,0,0,0,0,0,0,0,0,0,0
5.404532341,-9.500175000000064,0.010375000000000297,-0.05136500000000021,0.9870000000002932,-0.09499999999999961,-0.2110000000000029,0.9869999999999999,-0.09500000000000003,-0.21099999999999997,3.8682181550838757,-1.947252631263586,-2.4075185091750653,4.999988938062855,-0.0037569192659495103,0.00982368600442177,2.76,-2.98,-1.0,0.0,0.0,0.0,2.76,-0.98,-1.0,0.0,0.0,0.0,2.76,-2.98,1.0,0.0,0.0,0.0,2.76,-0.98,1.0,0.0,0.0,0.0,7.66,-0.31,-1.0,0.0,0.0,0.0,7.66,1.69,-1.0,0.0,0.0,0.0,7.66,3.69,-1.0,0.0,0.0,0.0,7.66,-0.31,1.0,0.0,0.0,0.0,7.66,1.69,1.0,0.0,0.0,0.0,7.66,3.69,1.0,0.0,0.0,0.0,7.61,-2.42,-1.0,0.0,0.0,0.0,7.61,-0.42,-1.0,0.0,0.0,0.0,7.61,1.58,-1.0,0.0,0.0,0.0,7.61,3.58,-1.0,0.0,0.0,0.0,7.61,-2.42,1.0,0.0,0.0,0.0,7.61,-0.42,1.0,0.0,0.0,0.0,7.61,1.58,1.0,0.0,0.0,0.0,7.61,3.58,1.0,0.0,0.0,0.0,-1.36,1.06,-1.0,0.0,0.0,0.0,-1.36,3.06,-1.0,0.0,0.0,0.0,-1.36,5.06,-1.0,0.0,0.0,0.0,-1.36,1.06,1.0,0.0,0.0,0.0,-1.36,3.06,1.0,0.0,0.0,0.0,-1.36,5.06,1.0,0.0,0.0,0.0,-4.41,1.3800000000001624,-0.31999999999996065,0.0,-1.1399999999999189,0.20999999999998797,0,0,0,0,0,0,0,0,0,0,0,0,0,0,0,0,0,0,0,0,0,0,0,0,0,0,0,0,0,0,0,0,0,0,0,0,0,0,0,0,0,0,0,0,0,0,0,0,0,0,0,0,0,0,0,0,0,0,0,0,0,0,0,0,0,0,0,0,0,0,0,0,0,0,0,0,0,0,0,0,0,0,0,0,0,0,0,0,0,0,0,0,0,0,0,0,0,0,0,0,0,0,0,0,0,0,0,0,0,0,0,0,0,0,0,0,0,0,0,0,0,0,0,0,0,0,0,0,0,0,0,0,0,0,0,0,0,0,0,0,0,0,0,0,0,0,0,0,0,0
5.501147715,-9.417282000000048,-0.0011579999999996962,-0.07217800000000041,1.056000000000168,-0.1640000000000001,-0.28000000000000247,1.0559999999999998,-0.16400000000000003,-0.27999999999999997,3.9835711213255687,-2.828515615252586,-1.0660520279166774,4.999980596166786,-0.0024178593982430397,0.01371830571045549,2.76,-2.98,-1.0,0.0,0.0,0.0,2.76,-0.98,-1.0,0.0,0.0,0.0,2.76,-2.98,1.0,0.0,0.0,0.0,2.76,-0.98,1.0,0.0,0.0,0.0,7.66,-0.31,-1.0,0.0,0.0,0.0,7.66,1.69,-1.0,0.0,0.0,0.0,7.66,3.69,-1.0,0.0,0.0,0.0,7.66,-0.31,1.0,0.0,0.0,0.0,7.66,1.69,1.0,0.0,0.0,0.0,7.66,3.69,1.0,0.0,0.0,0.0,7.61,-2.42,-1.0,0.0,0.0,0.0,7.61,-0.42,-1.0,0.0,0.0,0.0,7.61,1.58,-1.0,0.0,0.0,0.0,7.61,3.58,-1.0,0.0,0.0,0.0,7.61,-2.42,1.0,0.0,0.0,0.0,7.61,-0.42,1.0,0.0,0.0,0.0,7.61,1.58,1.0,0.0,0.0,0.0,7.61,3.58,1.0,0.0,0.0,0.0,-1.36,1.06,-1.0,0.0,0.0,0.0,-1.36,3.06,-1.0,0.0,0.0,0.0,-1.36,5.06,-1.0,0.0,0.0,0.0,-1.36,1.06,1.0,0.0,0.0,0.0,-1.36,3.06,1.0,0.0,0.0,0.0,-1.36,5.06,1.0,0.0,0.0,0.0,-4.41,1.288800000000169,-0.3031999999999616,0.0,-1.1399999999999189,0.20999999999998797,0,0,0,0,0,0,0,0,0,0,0,0,0,0,0,0,0,0,0,0,0,0,0,0,0,0,0,0,0,0,0,0,0,0,0,0,0,0,0,0,0,0,0,0,0,0,0,0,0,0,0,0,0,0,0,0,0,0,0,0,0,0,0,0,0,0,0,0,0,0,0,0,0,0,0,0,0,0,0,0,0,0,0,0,0,0,0,0,0,0,0,0,0,0,0,0,0,0,0,0,0,0,0,0,0,0,0,0,0,0,0,0,0,0,0,0,0,0,0,0,0,0,0,0,0,0,0,0,0,0,0,0,0,0,0,0,0,0,0,0,0,0,0,0,0,0,0,0,0,0
5.601882859,-9.328365000000003,-0.0187149999999997,-0.0990150000000008,1.1430000000007823,-0.2510000000000012,-0.3670000000000062,1.1429999999999998,-0.251,-0.367,4.044590322668076,-0.7659698007006353,-2.8337710004856347,4.999961464591337,0.0008900847147979051,0.019610210372523834,2.76,-2.98,-1.0,0.0,0.0,0.0,2.76,-0.98,-1.0,0.0,0.0,0.0,2.76,-2.98,1.0,0.0,0.0,0.0,2.76,-0.98,1.0,0.0,0.0,0.0,7.66,-0.31,-1.0,0.0,0.0,0.0,7.66,1.69,-1.0,0.0,0.0,0.0,7.66,3.69,-1.0,0.0,0.0,0.0,7.66,-0.31,1.0,0.0,0.0,0.0,7.66,1.69,1.0,0.0,0.0,0.0,7.66,3.69,1.0,0.0,0.0,0.0,7.61,-2.42,-1.0,0.0,0.0,0.0,7.61,-0.42,-1.0,0.0,0.0,0.0,7.61,1.58,-1.0,0.0,0.0,0.0,7.61,3.58,-1.0,0.0,0.0,0.0,7.61,-2.42,1.0,0.0,0.0,0.0,7.61,-0.42,1.0,0.0,0.0,0.0,7.61,1.58,1.0,0.0,0.0,0.0,7.61,3.58,1.0,0.0,0.0,0.0,-1.36,1.06,-1.0,0.0,0.0,0.0,-1.36,3.06,-1.0,0.0,0.0,0.0,-1.36,5.06,-1.0,0.0,0.0,0.0,-1.36,1.06,1.0,0.0,0.0,0.0,-1.36,3.06,1.0,0.0,0.0,0.0,-1.36,5.06,1.0,0.0,0.0,0.0,-4.41,1.1976000000001754,-0.2863999999999626,0.0,-1.1399999999999189,0.20999999999998797,0,0,0,0,0,0,0,0,0,0,0,0,0,0,0,0,0,0,0,0,0,0,0,0,0,0,0,0,0,0,0,0,0,0,0,0,0,0,0,0,0,0,0,0,0,0,0,0,0,0,0,0,0,0,0,0,0,0,0,0,0,0,0,0,0,0,0,0,0,0,0,0,0,0,0,0,0,0,0,0,0,0,0,0,0,0,0,0,0,0,0,0,0,0,0,0,0,0,0,0,0,0,0,0,0,0,0,0,0,0,0,0,0,0,0,0,0,0,0,0,0,0,0,0,0,0,0,0,0,0,0,0,0,0,0,0,0,0,0,0,0,0,0,0,0,0,0,0,0,0
5.701259187,-9.257384999999994,-0.03617499999999973,-0.12343500000000107,1.22299999999953,-0.3309999999999979,-0.44700000000000284,1.2229999999999999,-0.331,-0.447,4.136700013233891,-1.271023119113985,-2.370687399275174,4.999923976477242,0.005755034227200019,0.026964959281370115,2.76,-2.98,-1.0,0.0,0.0,0.0,2.76,-0.98,-1.0,0.0,0.0,0.0,2.76,-2.98,1.0,0.0,0.0,0.0,2.76,-0.98,1.0,0.0,0.0,0.0,7.66,-0.31,-1.0,0.0,0.0,0.0,7.66,1.69,-1.0,0.0,0.0,0.0,7.66,3.69,-1.0,0.0,0.0,0.0,7.66,-0.31,1.0,0.0,0.0,0.0,7.66,1.69,1.0,0.0,0.0,0.0,7.66,3.69,1.0,0.0,0.0,0.0,7.61,-2.42,-1.0,0.0,0.0,0.0,7.61,-0.42,-1.0,0.0,0.0,0.0,7.61,1.58,-1.0,0.0,0.0,0.0,7.61,3.58,-1.0,0.0,0.0,0.0,7.61,-2.42,1.0,0.0,0.0,0.0,7.61,-0.42,1.0,0.0,0.0,0.0,7.61,1.58,1.0,0.0,0.0,0.0,7.61,3.58,1.0,0.0,0.0,0.0,-1.36,1.06,-1.0,0.0,0.0,0.0,-1.36,3.06,-1.0,0.0,0.0,0.0,-1.36,5.06,-1.0,0.0,0.0,0.0,-1.36,1.06,1.0,0.0,0.0,0.0,-1.36,3.06,1.0,0.0,0.0,0.0,-1.36,5.06,1.0,0.0,0.0,0.0,-4.41,1.106400000000182,-0.26959999999996354,0.0,-1.1399999999999189,0.20999999999998797,0,0,0,0,0,0,0,0,0,0,0,0,0,0,0,0,0,0,0,0,0,0,0,0,0,0,0,0,0,0,0,0,0,0,0,0,0,0,0,0,0,0,0,0,0,0,0,0,0,0,0,0,0,0,0,0,0,0,0,0,0,0,0,0,0,0,0,0,0,0,0,0,0,0,0,0,0,0,0,0,0,0,0,0,0,0,0,0,0,0,0,0,0,0,0,0,0,0,0,0,0,0,0,0,0,0,0,0,0,0,0,0,0,0,0,0,0,0,0,0,0,0,0,0,0,0,0,0,0,0,0,0,0,0,0,0,0,0,0,0,0,0,0,0,0,0,0,0,0,0
5.801771404,-9.156554999999981,-0.06564499999999963,-0.15620500000000087,1.288000000000622,-0.39599999999999574,-0.38199999999999346,1.2879999999999998,-0.396,-0.382,4.207607905163349,-2.3002473612232883,1.3754025646903107,4.999864220344598,0.011584479216392263,0.03497967923216766,2.76,-2.98,-1.0,0.0,0.0,0.0,2.76,-0.98,-1.0,0.0,0.0,0.0,2.76,-2.98,1.0,0.0,0.0,0.0,2.76,-0.98,1.0,0.0,0.0,0.0,7.66,-0.31,-1.0,0.0,0.0,0.0,7.66,1.69,-1.0,0.0,0.0,0.0,7.66,3.69,-1.0,0.0,0.0,0.0,7.66,-0.31,1.0,0.0,0.0,0.0,7.66,1.69,1.0,0.0,0.0,0.0,7.66,3.69,1.0,0.0,0.0,0.0,7.61,-2.42,-1.0,0.0,0.0,0.0,7.61,-0.42,-1.0,0.0,0.0,0.0,7.61,1.58,-1.0,0.0,0.0,0.0,7.61,3.58,-1.0,0.0,0.0,0.0,7.61,-2.42,1.0,0.0,0.0,0.0,7.61,-0.42,1.0,0.0,0.0,0.0,7.61,1.58,1.0,0.0,0.0,0.0,7.61,3.58,1.0,0.0,0.0,0.0,-1.36,1.06,-1.0,0.0,0.0,0.0,-1.36,3.06,-1.0,0.0,0.0,0.0,-1.36,5.06,-1.0,0.0,0.0,0.0,-1.36,1.06,1.0,0.0,0.0,0.0,-1.36,3.06,1.0,0.0,0.0,0.0,-1.36,5.06,1.0,0.0,0.0,0.0,-4.41,1.0380000000001868,-0.25699999999996426,0.0,-1.1399999999999189,0.20999999999998797,0,0,0,0,0,0,0,0,0,0,0,0,0,0,0,0,0,0,0,0,0,0,0,0,0,0,0,0,0,0,0,0,0,0,0,0,0,0,0,0,0,0,0,0,0,0,0,0,0,0,0,0,0,0,0,0,0,0,0,0,0,0,0,0,0,0,0,0,0,0,0,0,0,0,0,0,0,0,0,0,0,0,0,0,0,0,0,0,0,0,0,0,0,0,0,0,0,0,0,0,0,0,0,0,0,0,0,0,0,0,0,0,0,0,0,0,0,0,0,0,0,0,0,0,0,0,0,0,0,0,0,0,0,0,0,0,0,0,0,0,0,0,0,0,0,0,0,0,0,0
5.902337505,-9.022528999999903,-0.10001899999999934,-0.18917900000000057,1.3660000000008665,-0.3179999999999988,-0.30399999999999866,1.3659999999999999,-0.318,-0.304,4.285451592829659,1.5851078425037297,1.85676383718534,4.999780952592964,0.01912123068461875,0.042717731982121795,2.76,-2.98,-1.0,0.0,0.0,0.0,2.76,-0.98,-1.0,0.0,0.0,0.0,2.76,-2.98,1.0,0.0,0.0,0.0,2.76,-0.98,1.0,0.0,0.0,0.0,7.66,-0.31,-1.0,0.0,0.0,0.0,7.66,1.69,-1.0,0.0,0.0,0.0,7.66,3.69,-1.0,0.0,0.0,0.0,7.66,-0.31,1.0,0.0,0.0,0.0,7.66,1.69,1.0,0.0,0.0,0.0,7.66,3.69,1.0,0.0,0.0,0.0,7.61,-2.42,-1.0,0.0,0.0,0.0,7.61,-0.42,-1.0,0.0,0.0,0.0,7.61,1.58,-1.0,0.0,0.0,0.0,7.61,3.58,-1.0,0.0,0.0,0.0,7.61,-2.42,1.0,0.0,0.0,0.0,7.61,-0.42,1.0,0.0,0.0,0.0,7.61,1.58,1.0,0.0,0.0,0.0,7.61,3.58,1.0,0.0,0.0,0.0,-1.36,1.06,-1.0,0.0,0.0,0.0,-1.36,3.06,-1.0,0.0,0.0,0.0,-1.36,5.06,-1.0,0.0,0.0,0.0,-1.36,1.06,1.0,0.0,0.0,0.0,-1.36,3.06,1.0,0.0,0.0,0.0,-1.36,5.06,1.0,0.0,0.0,0.0,-4.41,0.9240000000001874,-0.23599999999996546,0.0,-1.1400000000000297,0.20999999999998797,0,0,0,0,0,0,0,0,0,0,0,0,0,0,0,0,0,0,0,0,0,0,0,0,0,0,0,0,0,0,0,0,0,0,0,0,0,0,0,0,0,0,0,0,0,0,0,0,0,0,0,0,0,0,0,0,0,0,0,0,0,0,0,0,0,0,0,0,0,0,0,0,0,0,0,0,0,0,0,0,0,0,0,0,0,0,0,0,0,0,0,0,0,0,0,0,0,0,0,0,0,0,0,0,0,0,0,0,0,0,0,0,0,0,0,0,0,0,0,0,0,0,0,0,0,0,0,0,0,0,0,0,0,0,0,0,0,0,0,0,0,0,0,0,0,0,0,0,0,0
6.002071159,-8.908352999999874,-0.12056299999999931,-0.20860300000000123,1.4620000000000744,-0.22199999999999998,-0.20800000000001373,1.462,-0.222,-0.208,4.3417437515958355,0.1622738771024843,2.4545230450668414,4.9996694014872975,0.0272287621069301,0.050640599776969504,2.76,-2.98,-1.0,0.0,0.0,0.0,2.76,-0.98,-1.0,0.0,0.0,0.0,2.76,-2.98,1.0,0.0,0.0,0.0,2.76,-0.98,1.0,0.0,0.0,0.0,7.66,-0.31,-1.0,0.0,0.0,0.0,7.66,1.69,-1.0,0.0,0.0,0.0,7.66,3.69,-1.0,0.0,0.0,0.0,7.66,-0.31,1.0,0.0,0.0,0.0,7.66,1.69,1.0,0.0,0.0,0.0,7.66,3.69,1.0,0.0,0.0,0.0,7.61,-2.42,-1.0,0.0,0.0,0.0,7.61,-0.42,-1.0,0.0,0.0,0.0,7.61,1.58,-1.0,0.0,0.0,0.0,7.61,3.58,-1.0,0.0,0.0,0.0,7.61,-2.42,1.0,0.0,0.0,0.0,7.61,-0.42,1.0,0.0,0.0,0.0,7.61,1.58,1.0,0.0,0.0,0.0,7.61,3.58,1.0,0.0,0.0,0.0,-1.36,1.06,-1.0,0.0,0.0,0.0,-1.36,3.06,-1.0,0.0,0.0,0.0,-1.36,5.06,-1.0,0.0,0.0,0.0,-1.36,1.06,1.0,0.0,0.0,0.0,-1.36,3.06,1.0,0.0,0.0,0.0,-1.36,5.06,1.0,0.0,0.0,0.0,-4.41,0.8328000000001851,-0.21919999999996642,0.0,-1.1400000000000297,0.20999999999998797,0,0,0,0,0,0,0,0,0,0,0,0,0,0,0,0,0,0,0,0,0,0,0,0,0,0,0,0,0,0,0,0,0,0,0,0,0,0,0,0,0,0,0,0,0,0,0,0,0,0,0,0,0,0,0,0,0,0,0,0,0,0,0,0,0,0,0,0,0,0,0,0,0,0,0,0,0,0,0,0,0,0,0,0,0,0,0,0,0,0,0,0,0,0,0,0,0,0,0,0,0,0,0,0,0,0,0,0,0,0,0,0,0,0,0,0,0,0,0,0,0,0,0,0,0,0,0,0,0,0,0,0,0,0,0,0,0,0,0,0,0,0,0,0,0,0,0,0,0,0
6.100448261,-8.756572999999857,-0.1371829999999989,-0.2349830000000013,1.5520000000002199,-0.13199999999999323,-0.29799999999999277,1.552,-0.132,-0.298,4.4511851561343345,1.4733056788870074,-1.7263182757253546,4.999568571447947,0.03333932431803705,0.05659142023270164,2.76,-2.98,-1.0,0.0,0.0,0.0,2.76,-0.98,-1.0,0.0,0.0,0.0,2.76,-2.98,1.0,0.0,0.0,0.0,2.76,-0.98,1.0,0.0,0.0,0.0,7.66,-0.31,-1.0,0.0,0.0,0.0,7.66,1.69,-1.0,0.0,0.0,0.0,7.66,3.69,-1.0,0.0,0.0,0.0,7.66,-0.31,1.0,0.0,0.0,0.0,7.66,1.69,1.0,0.0,0.0,0.0,7.66,3.69,1.0,0.0,0.0,0.0,7.61,-2.42,-1.0,0.0,0.0,0.0,7.61,-0.42,-1.0,0.0,0.0,0.0,7.61,1.58,-1.0,0.0,0.0,0.0,7.61,3.58,-1.0,0.0,0.0,0.0,7.61,-2.42,1.0,0.0,0.0,0.0,7.61,-0.42,1.0,0.0,0.0,0.0,7.61,1.58,1.0,0.0,0.0,0.0,7.61,3.58,1.0,0.0,0.0,0.0,-1.36,1.06,-1.0,0.0,0.0,0.0,-1.36,3.06,-1.0,0.0,0.0,0.0,-1.36,5.06,-1.0,0.0,0.0,0.0,-1.36,1.06,1.0,0.0,0.0,0.0,-1.36,3.06,1.0,0.0,0.0,0.0,-1.36,5.06,1.0,0.0,0.0,0.0,-4.41,0.7188000000001821,-0.19819999999996762,0.0,-1.1400000000000297,0.20999999999998797,0,0,0,0,0,0,0,0,0,0,0,0,0,0,0,0,0,0,0,0,0,0,0,0,0,0,0,0,0,0,0,0,0,0,0,0,0,0,0,0,0,0,0,0,0,0,0,0,0,0,0,0,0,0,0,0,0,0,0,0,0,0,0,0,0,0,0,0,0,0,0,0,0,0,0,0,0,0,0,0,0,0,0,0,0,0,0,0,0,0,0,0,0,0,0,0,0,0,0,0,0,0,0,0,0,0,0,0,0,0,0,0,0,0,0,0,0,0,0,0,0,0,0,0,0,0,0,0,0,0,0,0,0,0,0,0,0,0,0,0,0,0,0,0,0,0,0,0,0,0
6.201144735,-8.627748999999847,-0.1524069999999986,-0.25415900000000047,1.6400000000000858,-0.21999999999999797,-0.20999999999998797,1.6400000000000001,-0.22,-0.21,4.537958268904845,-1.1282825068712299,1.6238953714425,4.99945976754623,0.036967917652506024,0.06352484357344809,2.76,-2.98,-1.0,0.0,0.0,0.0,2.76,-0.98,-1.0,0.0,0.0,0.0,2.76,-2.98,1.0,0.0,0.0,0.0,2.76,-0.98,1.0,0.0,0.0,0.0,7.66,-0.31,-1.0,0.0,0.0,0.0,7.66,1.69,-1.0,0.0,0.0,0.0,7.66,3.69,-1.0,0.0,0.0,0.0,7.66,-0.31,1.0,0.0,0.0,0.0,7.66,1.69,1.0,0.0,0.0,0.0,7.66,3.69,1.0,0.0,0.0,0.0,7.61,-2.42,-1.0,0.0,0.0,0.0,7.61,-0.42,-1.0,0.0,0.0,0.0,7.61,1.58,-1.0,0.0,0.0,0.0,7.61,3.58,-1.0,0.0,0.0,0.0,7.61,-2.42,1.0,0.0,0.0,0.0,7.61,-0.42,1.0,0.0,0.0,0.0,7.61,1.58,1.0,0.0,0.0,0.0,7.61,3.58,1.0,0.0,0.0,0.0,-1.36,1.06,-1.0,0.0,0.0,0.0,-1.36,3.06,-1.0,0.0,0.0,0.0,-1.36,5.06,-1.0,0.0,0.0,0.0,-1.36,1.06,1.0,0.0,0.0,0.0,-1.36,3.06,1.0,0.0,0.0,0.0,-1.36,5.06,1.0,0.0,0.0,0.0,-4.41,0.6276000000001797,-0.1813999999999686,0.0,-1.1400000000000297,0.20999999999998797,0,0,0,0,0,0,0,0,0,0,0,0,0,0,0,0,0,0,0,0,0,0,0,0,0,0,0,0,0,0,0,0,0,0,0,0,0,0,0,0,0,0,0,0,0,0,0,0,0,0,0,0,0,0,0,0,0,0,0,0,0,0,0,0,0,0,0,0,0,0,0,0,0,0,0,0,0,0,0,0,0,0,0,0,0,0,0,0,0,0,0,0,0,0,0,0,0,0,0,0,0,0,0,0,0,0,0,0,0,0,0,0,0,0,0,0,0,0,0,0,0,0,0,0,0,0,0,0,0,0,0,0,0,0,0,0,0,0,0,0,0,0,0,0,0,0,0,0,0,0
6.304111312,-8.492282999999867,-0.16574099999999867,-0.26669299999999974,1.718999999999582,-0.14100000000000223,-0.13099999999999223,1.719,-0.14100000000000001,-0.131,4.621101767404484,0.25662641048505286,1.6635520026634696,4.999348103914772,0.041781373528793866,0.06908583581186521,2.76,-2.98,-1.0,0.0,0.0,0.0,2.76,-0.98,-1.0,0.0,0.0,0.0,2.76,-2.98,1.0,0.0,0.0,0.0,2.76,-0.98,1.0,0.0,0.0,0.0,7.66,-0.31,-1.0,0.0,0.0,0.0,7.66,1.69,-1.0,0.0,0.0,0.0,7.66,3.69,-1.0,0.0,0.0,0.0,7.66,-0.31,1.0,0.0,0.0,0.0,7.66,1.69,1.0,0.0,0.0,0.0,7.66,3.69,1.0,0.0,0.0,0.0,7.61,-2.42,-1.0,0.0,0.0,0.0,7.61,-0.42,-1.0,0.0,0.0,0.0,7.61,1.58,-1.0,0.0,0.0,0.0,7.61,3.58,-1.0,0.0,0.0,0.0,7.61,-2.42,1.0,0.0,0.0,0.0,7.61,-0.42,1.0,0.0,0.0,0.0,7.61,1.58,1.0,0.0,0.0,0.0,7.61,3.58,1.0,0.0,0.0,0.0,-1.36,1.06,-1.0,0.0,0.0,0.0,-1.36,3.06,-1.0,0.0,0.0,0.0,-1.36,5.06,-1.0,0.0,0.0,0.0,-1.36,1.06,1.0,0.0,0.0,0.0,-1.36,3.06,1.0,0.0,0.0,0.0,-1.36,5.06,1.0,0.0,0.0,0.0,-4.41,0.5364000000001773,-0.16459999999996955,0.0,-1.1400000000000297,0.20999999999998797,0,0,0,0,0,0,0,0,0,0,0,0,0,0,0,0,0,0,0,0,0,0,0,0,0,0,0,0,0,0,0,0,0,0,0,0,0,0,0,0,0,0,0,0,0,0,0,0,0,0,0,0,0,0,0,0,0,0,0,0,0,0,0,0,0,0,0,0,0,0,0,0,0,0,0,0,0,0,0,0,0,0,0,0,0,0,0,0,0,0,0,0,0,0,0,0,0,0,0,0,0,0,0,0,0,0,0,0,0,0,0,0,0,0,0,0,0,0,0,0,0,0,0,0,0,0,0,0,0,0,0,0,0,0,0,0,0,0,0,0,0,0,0,0,0,0,0,0,0,0
6.40267557,-8.386538999999859,-0.17159699999999878,-0.27715700000000015,1.8030000000006652,-0.057000000000001494,-0.21500000000002073,1.8030000000000002,-0.05700000000000001,-0.21500000000000002,4.665381932978522,0.3821859071824125,-1.7054232909920732,4.9992714381861605,0.04514554894102165,0.07243594927169311,2.76,-2.98,-1.0,0.0,0.0,0.0,2.76,-0.98,-1.0,0.0,0.0,0.0,2.76,-2.98,1.0,0.0,0.0,0.0,2.76,-0.98,1.0,0.0,0.0,0.0,7.66,-0.31,-1.0,0.0,0.0,0.0,7.66,1.69,-1.0,0.0,0.0,0.0,7.66,3.69,-1.0,0.0,0.0,0.0,7.66,-0.31,1.0,0.0,0.0,0.0,7.66,1.69,1.0,0.0,0.0,0.0,7.66,3.69,1.0,0.0,0.0,0.0,7.61,-2.42,-1.0,0.0,0.0,0.0,7.61,-0.42,-1.0,0.0,0.0,0.0,7.61,1.58,-1.0,0.0,0.0,0.0,7.61,3.58,-1.0,0.0,0.0,0.0,7.61,-2.42,1.0,0.0,0.0,0.0,7.61,-0.42,1.0,0.0,0.0,0.0,7.61,1.58,1.0,0.0,0.0,0.0,7.61,3.58,1.0,0.0,0.0,0.0,-1.36,1.06,-1.0,0.0,0.0,0.0,-1.36,3.06,-1.0,0.0,0.0,0.0,-1.36,5.06,-1.0,0.0,0.0,0.0,-1.36,1.06,1.0,0.0,0.0,0.0,-1.36,3.06,1.0,0.0,0.0,0.0,-1.36,5.06,1.0,0.0,0.0,0.0,-4.41,0.4680000000001771,-0.15199999999997027,0.0,-1.1399999999999741,0.20999999999998797,0,0,0,0,0,0,0,0,0,0,0,0,0,0,0,0,0,0,0,0,0,0,0,0,0,0,0,0,0,0,0,0,0,0,0,0,0,0,0,0,0,0,0,0,0,0,0,0,0,0,0,0,0,0,0,0,0,0,0,0,0,0,0,0,0,0,0,0,0,0,0,0,0,0,0,0,0,0,0,0,0,0,0,0,0,0,0,0,0,0,0,0,0,0,0,0,0,0,0,0,0,0,0,0,0,0,0,0,0,0,0,0,0,0,0,0,0,0,0,0,0,0,0,0,0,0,0,0,0,0,0,0,0,0,0,0,0,0,0,0,0,0,0,0,0,0,0,0,0,0
6.500911004,-8.276369999999853,-0.1770059999999987,-0.29204600000000014,1.8539999999998003,-0.10799999999999699,-0.26599999999998847,1.854,-0.10800000000000001,-0.266,4.689554590677435,-0.9632425723721734,-1.4539084875525674,4.99920576812655,0.04680243616277258,0.0758367977927602,2.76,-2.98,-1.0,0.0,0.0,0.0,2.76,-0.98,-1.0,0.0,0.0,0.0,2.76,-2.98,1.0,0.0,0.0,0.0,2.76,-0.98,1.0,0.0,0.0,0.0,7.66,-0.31,-1.0,0.0,0.0,0.0,7.66,1.69,-1.0,0.0,0.0,0.0,7.66,3.69,-1.0,0.0,0.0,0.0,7.66,-0.31,1.0,0.0,0.0,0.0,7.66,1.69,1.0,0.0,0.0,0.0,7.66,3.69,1.0,0.0,0.0,0.0,7.61,-2.42,-1.0,0.0,0.0,0.0,7.61,-0.42,-1.0,0.0,0.0,0.0,7.61,1.58,-1.0,0.0,0.0,0.0,7.61,3.58,-1.0,0.0,0.0,0.0,7.61,-2.42,1.0,0.0,0.0,0.0,7.61,-0.42,1.0,0.0,0.0,0.0,7.61,1.58,1.0,0.0,0.0,0.0,7.61,3.58,1.0,0.0,0.0,0.0,-1.36,1.06,-1.0,0.0,0.0,0.0,-1.36,3.06,-1.0,0.0,0.0,0.0,-1.36,5.06,-1.0,0.0,0.0,0.0,-1.36,1.06,1.0,0.0,0.0,0.0,-1.36,3.06,1.0,0.0,0.0,0.0,-1.36,5.06,1.0,0.0,0.0,0.0,-4.41,0.39960000000017865,-0.139399999999971,0.0,-1.1399999999999741,0.20999999999998797,0,0,0,0,0,0,0,0,0,0,0,0,0,0,0,0,0,0,0,0,0,0,0,0,0,0,0,0,0,0,0,0,0,0,0,0,0,0,0,0,0,0,0,0,0,0,0,0,0,0,0,0,0,0,0,0,0,0,0,0,0,0,0,0,0,0,0,0,0,0,0,0,0,0,0,0,0,0,0,0,0,0,0,0,0,0,0,0,0,0,0,0,0,0,0,0,0,0,0,0,0,0,0,0,0,0,0,0,0,0,0,0,0,0,0,0,0,0,0,0,0,0,0,0,0,0,0,0,0,0,0,0,0,0,0,0,0,0,0,0,0,0,0,0,0,0,0,0,0,0
6.600676086,-8.124465999999865,-0.18206199999999798,-0.3169099999999997,1.9179999999998643,-0.04399999999998849,-0.32999999999999696,1.9180000000000001,-0.04400000000000001,-0.33,4.675154776267806,0.3320238542798317,-1.4614453293394716,4.999114314618588,0.048692090619158614,0.08053042708607677,2.76,-2.98,-1.0,0.0,0.0,0.0,2.76,-0.98,-1.0,0.0,0.0,0.0,2.76,-2.98,1.0,0.0,0.0,0.0,2.76,-0.98,1.0,0.0,0.0,0.0,7.66,-0.31,-1.0,0.0,0.0,0.0,7.66,1.69,-1.0,0.0,0.0,0.0,7.66,3.69,-1.0,0.0,0.0,0.0,7.66,-0.31,1.0,0.0,0.0,0.0,7.66,1.69,1.0,0.0,0.0,0.0,7.66,3.69,1.0,0.0,0.0,0.0,7.61,-2.42,-1.0,0.0,0.0,0.0,7.61,-0.42,-1.0,0.0,0.0,0.0,7.61,1.58,-1.0,0.0,0.0,0.0,7.61,3.58,-1.0,0.0,0.0,0.0,7.61,-2.42,1.0,0.0,0.0,0.0,7.61,-0.42,1.0,0.0,0.0,0.0,7.61,1.58,1.0,0.0,0.0,0.0,7.61,3.58,1.0,0.0,0.0,0.0,-1.36,1.06,-1.0,0.0,0.0,0.0,-1.36,3.06,-1.0,0.0,0.0,0.0,-1.36,5.06,-1.0,0.0,0.0,0.0,-1.36,1.06,1.0,0.0,0.0,0.0,-1.36,3.06,1.0,0.0,0.0,0.0,-1.36,5.06,1.0,0.0,0.0,0.0,-4.41,0.3084000000001807,-0.12259999999997179,0.0,-1.1399999999999741,0.2100000000000018,0,0,0,0,0,0,0,0,0,0,0,0,0,0,0,0,0,0,0,0,0,0,0,0,0,0,0,0,0,0,0,0,0,0,0,0,0,0,0,0,0,0,0,0,0,0,0,0,0,0,0,0,0,0,0,0,0,0,0,0,0,0,0,0,0,0,0,0,0,0,0,0,0,0,0,0,0,0,0,0,0,0,0,0,0,0,0,0,0,0,0,0,0,0,0,0,0,0,0,0,0,0,0,0,0,0,0,0,0,0,0,0,0,0,0,0,0,0,0,0,0,0,0,0,0,0,0,0,0,0,0,0,0,0,0,0,0,0,0,0,0,0,0,0,0,0,0,0,0,0
6.702404946,-7.967021999999887,-0.18157799999999794,-0.3473139999999998,2.0090000000001496,0.04699999999999149,-0.4210000000000047,2.0090000000000003,0.046999999999999986,-0.42100000000000004,4.610090016343934,0.342281408833752,-1.4050795458766032,4.99895844893048,0.05044217592819335,0.08871309234937569,2.76,-2.98,-1.0,0.0,0.0,0.0,2.76,-0.98,-1.0,0.0,0.0,0.0,2.76,-2.98,1.0,0.0,0.0,0.0,2.76,-0.98,1.0,0.0,0.0,0.0,7.66,-0.31,-1.0,0.0,0.0,0.0,7.66,1.69,-1.0,0.0,0.0,0.0,7.66,3.69,-1.0,0.0,0.0,0.0,7.66,-0.31,1.0,0.0,0.0,0.0,7.66,1.69,1.0,0.0,0.0,0.0,7.66,3.69,1.0,0.0,0.0,0.0,7.61,-2.42,-1.0,0.0,0.0,0.0,7.61,-0.42,-1.0,0.0,0.0,0.0,7.61,1.58,-1.0,0.0,0.0,0.0,7.61,3.58,-1.0,0.0,0.0,0.0,7.61,-2.42,1.0,0.0,0.0,0.0,7.61,-0.42,1.0,0.0,0.0,0.0,7.61,1.58,1.0,0.0,0.0,0.0,7.61,3.58,1.0,0.0,0.0,0.0,-1.36,1.06,-1.0,0.0,0.0,0.0,-1.36,3.06,-1.0,0.0,0.0,0.0,-1.36,5.06,-1.0,0.0,0.0,0.0,-1.36,1.06,1.0,0.0,0.0,0.0,-1.36,3.06,1.0,0.0,0.0,0.0,-1.36,5.06,1.0,0.0,0.0,0.0,-4.41,0.21720000000018194,-0.10579999999997164,0.0,-1.1400000000000021,0.2100000000000018,0,0,0,0,0,0,0,0,0,0,0,0,0,0,0,0,0,0,0,0,0,0,0,0,0,0,0,0,0,0,0,0,0,0,0,0,0,0,0,0,0,0,0,0,0,0,0,0,0,0,0,0,0,0,0,0,0,0,0,0,0,0,0,0,0,0,0,0,0,0,0,0,0,0,0,0,0,0,0,0,0,0,0,0,0,0,0,0,0,0,0,0,0,0,0,0,0,0,0,0,0,0,0,0,0,0,0,0,0,0,0,0,0,0,0,0,0,0,0,0,0,0,0,0,0,0,0,0,0,0,0,0,0,0,0,0,0,0,0,0,0,0,0,0,0,0,0,0,0,0
6.800829159,-7.761285999999889,-0.17204199999999828,-0.39425000000000077,2.1019999999998262,0.14000000000000123,-0.5140000000000144,2.1020000000000003,0.13999999999999999,-0.514,4.66295158591407,0.3028491759845231,-1.4570935736838884,4.998749782295765,0.050332068671398104,0.09983635040051778,2.76,-2.98,-1.0,0.0,0.0,0.0,2.76,-0.98,-1.0,0.0,0.0,0.0,2.76,-2.98,1.0,0.0,0.0,0.0,2.76,-0.98,1.0,0.0,0.0,0.0,7.66,-0.31,-1.0,0.0,0.0,0.0,7.66,1.69,-1.0,0.0,0.0,0.0,7.66,3.69,-1.0,0.0,0.0,0.0,7.66,-0.31,1.0,0.0,0.0,0.0,7.66,1.69,1.0,0.0,0.0,0.0,7.66,3.69,1.0,0.0,0.0,0.0,7.61,-2.42,-1.0,0.0,0.0,0.0,7.61,-0.42,-1.0,0.0,0.0,0.0,7.61,1.58,-1.0,0.0,0.0,0.0,7.61,3.58,-1.0,0.0,0.0,0.0,7.61,-2.42,1.0,0.0,0.0,0.0,7.61,-0.42,1.0,0.0,0.0,0.0,7.61,1.58,1.0,0.0,0.0,0.0,7.61,3.58,1.0,0.0,0.0,0.0,-1.36,1.06,-1.0,0.0,0.0,0.0,-1.36,3.06,-1.0,0.0,0.0,0.0,-1.36,5.06,-1.0,0.0,0.0,0.0,-1.36,1.06,1.0,0.0,0.0,0.0,-1.36,3.06,1.0,0.0,0.0,0.0,-1.36,5.06,1.0,0.0,0.0,0.0,-4.41,0.10320000000018173,-0.08479999999997145,0.0,-1.1400000000000021,0.2100000000000018,0,0,0,0,0,0,0,0,0,0,0,0,0,0,0,0,0,0,0,0,0,0,0,0,0,0,0,0,0,0,0,0,0,0,0,0,0,0,0,0,0,0,0,0,0,0,0,0,0,0,0,0,0,0,0,0,0,0,0,0,0,0,0,0,0,0,0,0,0,0,0,0,0,0,0,0,0,0,0,0,0,0,0,0,0,0,0,0,0,0,0,0,0,0,0,0,0,0,0,0,0,0,0,0,0,0,0,0,0,0,0,0,0,0,0,0,0,0,0,0,0,0,0,0,0,0,0,0,0,0,0,0,0,0,0,0,0,0,0,0,0,0,0,0,0,0,0,0,0,0
6.901570415,-7.5890589999999,-0.1567749999999982,-0.4394370000000019,2.1849999999998815,0.22300000000000092,-0.5970000000000141,2.1850000000000005,0.22299999999999998,-0.597,4.6684936105945205,0.6195166963585597,-1.6385183217678458,4.99849901820948,0.04804635246369067,0.11269034108479664,2.76,-2.98,-1.0,0.0,0.0,0.0,2.76,-0.98,-1.0,0.0,0.0,0.0,2.76,-2.98,1.0,0.0,0.0,0.0,2.76,-0.98,1.0,0.0,0.0,0.0,7.66,-0.31,-1.0,0.0,0.0,0.0,7.66,1.69,-1.0,0.0,0.0,0.0,7.66,3.69,-1.0,0.0,0.0,0.0,7.66,-0.31,1.0,0.0,0.0,0.0,7.66,1.69,1.0,0.0,0.0,0.0,7.66,3.69,1.0,0.0,0.0,0.0,7.61,-2.42,-1.0,0.0,0.0,0.0,7.61,-0.42,-1.0,0.0,0.0,0.0,7.61,1.58,-1.0,0.0,0.0,0.0,7.61,3.58,-1.0,0.0,0.0,0.0,7.61,-2.42,1.0,0.0,0.0,0.0,7.61,-0.42,1.0,0.0,0.0,0.0,7.61,1.58,1.0,0.0,0.0,0.0,7.61,3.58,1.0,0.0,0.0,0.0,-1.36,1.06,-1.0,0.0,0.0,0.0,-1.36,3.06,-1.0,0.0,0.0,0.0,-1.36,5.06,-1.0,0.0,0.0,0.0,-1.36,1.06,1.0,0.0,0.0,0.0,-1.36,3.06,1.0,0.0,0.0,0.0,-1.36,5.06,1.0,0.0,0.0,0.0,-4.41,0.012000000000181612,-0.0679999999999713,0.0,-1.1399999999999992,0.2100000000000018,0,0,0,0,0,0,0,0,0,0,0,0,0,0,0,0,0,0,0,0,0,0,0,0,0,0,0,0,0,0,0,0,0,0,0,0,0,0,0,0,0,0,0,0,0,0,0,0,0,0,0,0,0,0,0,0,0,0,0,0,0,0,0,0,0,0,0,0,0,0,0,0,0,0,0,0,0,0,0,0,0,0,0,0,0,0,0,0,0,0,0,0,0,0,0,0,0,0,0,0,0,0,0,0,0,0,0,0,0,0,0,0,0,0,0,0,0,0,0,0,0,0,0,0,0,0,0,0,0,0,0,0,0,0,0,0,0,0,0,0,0,0,0,0,0,0,0,0,0,0
7.003554192,-7.3650809999999085,-0.1289969999999981,-0.5046150000000033,2.2679999999999367,0.30600000000000077,-0.6800000000000084,2.2680000000000007,0.306,-0.6799999999999999,4.729915080372479,0.32920270028121834,-1.430886028895412,4.998162076430396,0.04344545832111514,0.1284069697651359,2.76,-2.98,-1.0,0.0,0.0,0.0,2.76,-0.98,-1.0,0.0,0.0,0.0,2.76,-2.98,1.0,0.0,0.0,0.0,2.76,-0.98,1.0,0.0,0.0,0.0,7.66,-0.31,-1.0,0.0,0.0,0.0,7.66,1.69,-1.0,0.0,0.0,0.0,7.66,3.69,-1.0,0.0,0.0,0.0,7.66,-0.31,1.0,0.0,0.0,0.0,7.66,1.69,1.0,0.0,0.0,0.0,7.66,3.69,1.0,0.0,0.0,0.0,7.61,-2.42,-1.0,0.0,0.0,0.0,7.61,-0.42,-1.0,0.0,0.0,0.0,7.61,1.58,-1.0,0.0,0.0,0.0,7.61,3.58,-1.0,0.0,0.0,0.0,7.61,-2.42,1.0,0.0,0.0,0.0,7.61,-0.42,1.0,0.0,0.0,0.0,7.61,1.58,1.0,0.0,0.0,0.0,7.61,3.58,1.0,0.0,0.0,0.0,-1.36,1.06,-1.0,0.0,0.0,0.0,-1.36,3.06,-1.0,0.0,0.0,0.0,-1.36,5.06,-1.0,0.0,0.0,0.0,-1.36,1.06,1.0,0.0,0.0,0.0,-1.36,3.06,1.0,0.0,0.0,0.0,-1.36,5.06,1.0,0.0,0.0,0.0,-4.41,-0.1019999999998185,-0.04699999999997112,0.0,-1.1400000000000021,0.2100000000000018,0,0,0,0,0,0,0,0,0,0,0,0,0,0,0,0,0,0,0,0,0,0,0,0,0,0,0,0,0,0,0,0,0,0,0,0,0,0,0,0,0,0,0,0,0,0,0,0,0,0,0,0,0,0,0,0,0,0,0,0,0,0,0,0,0,0,0,0,0,0,0,0,0,0,0,0,0,0,0,0,0,0,0,0,0,0,0,0,0,0,0,0,0,0,0,0,0,0,0,0,0,0,0,0,0,0,0,0,0,0,0,0,0,0,0,0,0,0,0,0,0,0,0,0,0,0,0,0,0,0,0,0,0,0,0,0,0,0,0,0,0,0,0,0,0,0,0,0,0,0
7.101355342,-7.178567999999913,-0.10958999999999838,-0.5640880000000047,2.3569999999999425,0.21699999999999497,-0.7690000000000197,2.3570000000000007,0.217,-0.7689999999999999,4.731705290161337,0.011023771622037604,-1.6087032025397328,4.997720186126974,0.03664981589999049,0.1464572708112011,2.76,-2.98,-1.0,0.0,0.0,0.0,2.76,-0.98,-1.0,0.0,0.0,0.0,2.76,-2.98,1.0,0.0,0.0,0.0,2.76,-0.98,1.0,0.0,0.0,0.0,7.66,-0.31,-1.0,0.0,0.0,0.0,7.66,1.69,-1.0,0.0,0.0,0.0,7.66,3.69,-1.0,0.0,0.0,0.0,7.66,-0.31,1.0,0.0,0.0,0.0,7.66,1.69,1.0,0.0,0.0,0.0,7.66,3.69,1.0,0.0,0.0,0.0,7.61,-2.42,-1.0,0.0,0.0,0.0,7.61,-0.42,-1.0,0.0,0.0,0.0,7.61,1.58,-1.0,0.0,0.0,0.0,7.61,3.58,-1.0,0.0,0.0,0.0,7.61,-2.42,1.0,0.0,0.0,0.0,7.61,-0.42,1.0,0.0,0.0,0.0,7.61,1.58,1.0,0.0,0.0,0.0,7.61,3.58,1.0,0.0,0.0,0.0,-1.36,1.06,-1.0,0.0,0.0,0.0,-1.36,3.06,-1.0,0.0,0.0,0.0,-1.36,5.06,-1.0,0.0,0.0,0.0,-1.36,1.06,1.0,0.0,0.0,0.0,-1.36,3.06,1.0,0.0,0.0,0.0,-1.36,5.06,1.0,0.0,0.0,0.0,-4.41,-0.19319999999981866,-0.030199999999970993,0.0,-1.1400000000000021,0.2099999999999998,0,0,0,0,0,0,0,0,0,0,0,0,0,0,0,0,0,0,0,0,0,0,0,0,0,0,0,0,0,0,0,0,0,0,0,0,0,0,0,0,0,0,0,0,0,0,0,0,0,0,0,0,0,0,0,0,0,0,0,0,0,0,0,0,0,0,0,0,0,0,0,0,0,0,0,0,0,0,0,0,0,0,0,0,0,0,0,0,0,0,0,0,0,0,0,0,0,0,0,0,0,0,0,0,0,0,0,0,0,0,0,0,0,0,0,0,0,0,0,0,0,0,0,0,0,0,0,0,0,0,0,0,0,0,0,0,0,0,0,0,0,0,0,0,0,0,0,0,0,0
7.202890041,-6.936747999999895,-0.08697885054403151,-0.6348680000000065,2.4420000000002773,0.22965485355509735,-0.6840000000000179,2.4420000000000006,0.22965485355509996,-0.6839999999999999,4.836253759007985,0.22965485355509996,1.224459436258468,4.9970479530771,0.030700260192049366,0.1690244025935095,2.76,-2.98,-1.0,0.0,0.0,0.0,2.76,-0.98,-1.0,0.0,0.0,0.0,2.76,-2.98,1.0,0.0,0.0,0.0,2.76,-0.98,1.0,0.0,0.0,0.0,7.66,-0.31,-1.0,0.0,0.0,0.0,7.66,1.69,-1.0,0.0,0.0,0.0,7.66,3.69,-1.0,0.0,0.0,0.0,7.66,-0.31,1.0,0.0,0.0,0.0,7.66,1.69,1.0,0.0,0.0,0.0,7.66,3.69,1.0,0.0,0.0,0.0,7.61,-2.42,-1.0,0.0,0.0,0.0,7.61,-0.42,-1.0,0.0,0.0,0.0,7.61,1.58,-1.0,0.0,0.0,0.0,7.61,3.58,-1.0,0.0,0.0,0.0,7.61,-2.42,1.0,0.0,0.0,0.0,7.61,-0.42,1.0,0.0,0.0,0.0,7.61,1.58,1.0,0.0,0.0,0.0,7.61,3.58,1.0,0.0,0.0,0.0,-1.36,1.06,-1.0,0.0,0.0,0.0,-1.36,3.06,-1.0,0.0,0.0,0.0,-1.36,5.06,-1.0,0.0,0.0,0.0,-1.36,1.06,1.0,0.0,0.0,0.0,-1.36,3.06,1.0,0.0,0.0,0.0,-1.36,5.06,1.0,0.0,0.0,0.0,-4.41,-0.30719999999981745,-0.009199999999971101,0.0,-1.1399999999999741,0.21000000000000013,0,0,0,0,0,0,0,0,0,0,0,0,0,0,0,0,0,0,0,0,0,0,0,0,0,0,0,0,0,0,0,0,0,0,0,0,0,0,0,0,0,0,0,0,0,0,0,0,0,0,0,0,0,0,0,0,0,0,0,0,0,0,0,0,0,0,0,0,0,0,0,0,0,0,0,0,0,0,0,0,0,0,0,0,0,0,0,0,0,0,0,0,0,0,0,0,0,0,0,0,0,0,0,0,0,0,0,0,0,0,0,0,0,0,0,0,0,0,0,0,0,0,0,0,0,0,0,0,0,0,0,0,0,0,0,0,0,0,0,0,0,0,0,0,0,0,0,0,0,0
7.301567602,-6.736011999999867,-0.07398246225962365,-0.6949640000000071,2.5380000000003733,0.13365485355509854,-0.7800000000000029,2.5380000000000007,0.13365485355509996,-0.7799999999999999,4.717636547110464,-0.16647820808874503,-1.5270567947620024,4.996358838167358,0.02514587180151244,0.18911913017535864,2.76,-2.98,-1.0,0.0,0.0,0.0,2.76,-0.98,-1.0,0.0,0.0,0.0,2.76,-2.98,1.0,0.0,0.0,0.0,2.76,-0.98,1.0,0.0,0.0,0.0,7.66,-0.31,-1.0,0.0,0.0,0.0,7.66,1.69,-1.0,0.0,0.0,0.0,7.66,3.69,-1.0,0.0,0.0,0.0,7.66,-0.31,1.0,0.0,0.0,0.0,7.66,1.69,1.0,0.0,0.0,0.0,7.66,3.69,1.0,0.0,0.0,0.0,7.61,-2.42,-1.0,0.0,0.0,0.0,7.61,-0.42,-1.0,0.0,0.0,0.0,7.61,1.58,-1.0,0.0,0.0,0.0,7.61,3.58,-1.0,0.0,0.0,0.0,7.61,-2.42,1.0,0.0,0.0,0.0,7.61,-0.42,1.0,0.0,0.0,0.0,7.61,1.58,1.0,0.0,0.0,0.0,7.61,3.58,1.0,0.0,0.0,0.0,-1.36,1.06,-1.0,0.0,0.0,0.0,-1.36,3.06,-1.0,0.0,0.0,0.0,-1.36,5.06,-1.0,0.0,0.0,0.0,-1.36,1.06,1.0,0.0,0.0,0.0,-1.36,3.06,1.0,0.0,0.0,0.0,-1.36,5.06,1.0,0.0,0.0,0.0,-4.41,-0.3983999999998154,0.0076000000000289065,0.0,-1.1399999999999741,0.21000000000000013,0,0,0,0,0,0,0,0,0,0,0,0,0,0,0,0,0,0,0,0,0,0,0,0,0,0,0,0,0,0,0,0,0,0,0,0,0,0,0,0,0,0,0,0,0,0,0,0,0,0,0,0,0,0,0,0,0,0,0,0,0,0,0,0,0,0,0,0,0,0,0,0,0,0,0,0,0,0,0,0,0,0,0,0,0,0,0,0,0,0,0,0,0,0,0,0,0,0,0,0,0,0,0,0,0,0,0,0,0,0,0,0,0,0,0,0,0,0,0,0,0,0,0,0,0,0,0,0,0,0,0,0,0,0,0,0,0,0,0,0,0,0,0,0,0,0,0,0,0,0
7.401891276,-6.580992999999843,-0.06870217104631773,-0.7445030000000055,2.6210000000004285,0.0506548535550988,-0.8629999999999471,2.621000000000001,0.05065485355509995,-0.8629999999999999,4.852616721550653,-0.28473006353110497,-1.3727753191892687,4.995504211308787,0.021606870554267125,0.210881051640532,2.76,-2.98,-1.0,0.0,0.0,0.0,2.76,-0.98,-1.0,0.0,0.0,0.0,2.76,-2.98,1.0,0.0,0.0,0.0,2.76,-0.98,1.0,0.0,0.0,0.0,7.66,-0.31,-1.0,0.0,0.0,0.0,7.66,1.69,-1.0,0.0,0.0,0.0,7.66,3.69,-1.0,0.0,0.0,0.0,7.66,-0.31,1.0,0.0,0.0,0.0,7.66,1.69,1.0,0.0,0.0,0.0,7.66,3.69,1.0,0.0,0.0,0.0,7.61,-2.42,-1.0,0.0,0.0,0.0,7.61,-0.42,-1.0,0.0,0.0,0.0,7.61,1.58,-1.0,0.0,0.0,0.0,7.61,3.58,-1.0,0.0,0.0,0.0,7.61,-2.42,1.0,0.0,0.0,0.0,7.61,-0.42,1.0,0.0,0.0,0.0,7.61,1.58,1.0,0.0,0.0,0.0,7.61,3.58,1.0,0.0,0.0,0.0,-1.36,1.06,-1.0,0.0,0.0,0.0,-1.36,3.06,-1.0,0.0,0.0,0.0,-1.36,5.06,-1.0,0.0,0.0,0.0,-1.36,1.06,1.0,0.0,0.0,0.0,-1.36,3.06,1.0,0.0,0.0,0.0,-1.36,5.06,1.0,0.0,0.0,0.0,-4.41,-0.48959999999981335,0.024400000000028843,0.0,-1.1399999999999741,0.20999999999999835,0,0,0,0,0,0,0,0,0,0,0,0,0,0,0,0,0,0,0,0,0,0,0,0,0,0,0,0,0,0,0,0,0,0,0,0,0,0,0,0,0,0,0,0,0,0,0,0,0,0,0,0,0,0,0,0,0,0,0,0,0,0,0,0,0,0,0,0,0,0,0,0,0,0,0,0,0,0,0,0,0,0,0,0,0,0,0,0,0,0,0,0,0,0,0,0,0,0,0,0,0,0,0,0,0,0,0,0,0,0,0,0,0,0,0,0,0,0,0,0,0,0,0,0,0,0,0,0,0,0,0,0,0,0,0,0,0,0,0,0,0,0,0,0,0,0,0,0,0,0
7.502275906,-6.368252999999821,-0.06158978276190989,-0.8104830000000032,2.6890000000001635,0.11865485355509744,-0.7949999999999902,2.689000000000001,0.11865485355509996,-0.7949999999999999,4.838140130746716,0.4103557096276784,1.2203388076468609,4.994562314820528,0.020333723659564894,0.2322365670103202,2.76,-2.98,-1.0,0.0,0.0,0.0,2.76,-0.98,-1.0,0.0,0.0,0.0,2.76,-2.98,1.0,0.0,0.0,0.0,2.76,-0.98,1.0,0.0,0.0,0.0,7.66,-0.31,-1.0,0.0,0.0,0.0,7.66,1.69,-1.0,0.0,0.0,0.0,7.66,3.69,-1.0,0.0,0.0,0.0,7.66,-0.31,1.0,0.0,0.0,0.0,7.66,1.69,1.0,0.0,0.0,0.0,7.66,3.69,1.0,0.0,0.0,0.0,7.61,-2.42,-1.0,0.0,0.0,0.0,7.61,-0.42,-1.0,0.0,0.0,0.0,7.61,1.58,-1.0,0.0,0.0,0.0,7.61,3.58,-1.0,0.0,0.0,0.0,7.61,-2.42,1.0,0.0,0.0,0.0,7.61,-0.42,1.0,0.0,0.0,0.0,7.61,1.58,1.0,0.0,0.0,0.0,7.61,3.58,1.0,0.0,0.0,0.0,-1.36,1.06,-1.0,0.0,0.0,0.0,-1.36,3.06,-1.0,0.0,0.0,0.0,-1.36,5.06,-1.0,0.0,0.0,0.0,-1.36,1.06,1.0,0.0,0.0,0.0,-1.36,3.06,1.0,0.0,0.0,0.0,-1.36,5.06,1.0,0.0,0.0,0.0,-4.41,-0.5579999999998146,0.03700000000002884,0.0,-1.1400000000000297,0.2100000000000018,0,0,0,0,0,0,0,0,0,0,0,0,0,0,0,0,0,0,0,0,0,0,0,0,0,0,0,0,0,0,0,0,0,0,0,0,0,0,0,0,0,0,0,0,0,0,0,0,0,0,0,0,0,0,0,0,0,0,0,0,0,0,0,0,0,0,0,0,0,0,0,0,0,0,0,0,0,0,0,0,0,0,0,0,0,0,0,0,0,0,0,0,0,0,0,0,0,0,0,0,0,0,0,0,0,0,0,0,0,0,0,0,0,0,0,0,0,0,0,0,0,0,0,0,0,0,0,0,0,0,0,0,0,0,0,0,0,0,0,0,0,0,0,0,0,0,0,0,0,0
7.601580317,-6.204618999999821,-0.056764491548603975,-0.8604770000000032,2.762999999999849,0.04465485355509974,-0.8690000000000087,2.763000000000001,0.04465485355509996,-0.8689999999999999,4.792516952258524,-0.3934505081567159,-1.2854842453527286,4.9935650977348605,0.01812515640984279,0.2529408891210576,2.76,-2.98,-1.0,0.0,0.0,0.0,2.76,-0.98,-1.0,0.0,0.0,0.0,2.76,-2.98,1.0,0.0,0.0,0.0,2.76,-0.98,1.0,0.0,0.0,0.0,7.66,-0.31,-1.0,0.0,0.0,0.0,7.66,1.69,-1.0,0.0,0.0,0.0,7.66,3.69,-1.0,0.0,0.0,0.0,7.66,-0.31,1.0,0.0,0.0,0.0,7.66,1.69,1.0,0.0,0.0,0.0,7.66,3.69,1.0,0.0,0.0,0.0,7.61,-2.42,-1.0,0.0,0.0,0.0,7.61,-0.42,-1.0,0.0,0.0,0.0,7.61,1.58,-1.0,0.0,0.0,0.0,7.61,3.58,-1.0,0.0,0.0,0.0,7.61,-2.42,1.0,0.0,0.0,0.0,7.61,-0.42,1.0,0.0,0.0,0.0,7.61,1.58,1.0,0.0,0.0,0.0,7.61,3.58,1.0,0.0,0.0,0.0,-1.36,1.06,-1.0,0.0,0.0,0.0,-1.36,3.06,-1.0,0.0,0.0,0.0,-1.36,5.06,-1.0,0.0,0.0,0.0,-1.36,1.06,1.0,0.0,0.0,0.0,-1.36,3.06,1.0,0.0,0.0,0.0,-1.36,5.06,1.0,0.0,0.0,0.0,-4.41,-0.6263999999998164,0.049600000000028954,0.0,-1.1400000000000297,0.2100000000000018,0,0,0,0,0,0,0,0,0,0,0,0,0,0,0,0,0,0,0,0,0,0,0,0,0,0,0,0,0,0,0,0,0,0,0,0,0,0,0,0,0,0,0,0,0,0,0,0,0,0,0,0,0,0,0,0,0,0,0,0,0,0,0,0,0,0,0,0,0,0,0,0,0,0,0,0,0,0,0,0,0,0,0,0,0,0,0,0,0,0,0,0,0,0,0,0,0,0,0,0,0,0,0,0,0,0,0,0,0,0,0,0,0,0,0,0,0,0,0,0,0,0,0,0,0,0,0,0,0,0,0,0,0,0,0,0,0,0,0,0,0,0,0,0,0,0,0,0,0,0
7.702171807,-6.037174999999828,-0.05574920033529803,-0.9130100103056832,2.826999999999913,-0.019345146444901817,-0.8841157809876821,2.827000000000001,-0.01934514644490004,-0.884115780987691,4.815066012402692,-0.2063863789899849,-0.884115780987691,4.9925650302215105,0.017262818757287305,0.2720228190756028,2.76,-2.98,-1.0,0.0,0.0,0.0,2.76,-0.98,-1.0,0.0,0.0,0.0,2.76,-2.98,1.0,0.0,0.0,0.0,2.76,-0.98,1.0,0.0,0.0,0.0,7.66,-0.31,-1.0,0.0,0.0,0.0,7.66,1.69,-1.0,0.0,0.0,0.0,7.66,3.69,-1.0,0.0,0.0,0.0,7.66,-0.31,1.0,0.0,0.0,0.0,7.66,1.69,1.0,0.0,0.0,0.0,7.66,3.69,1.0,0.0,0.0,0.0,7.61,-2.42,-1.0,0.0,0.0,0.0,7.61,-0.42,-1.0,0.0,0.0,0.0,7.61,1.58,-1.0,0.0,0.0,0.0,7.61,3.58,-1.0,0.0,0.0,0.0,7.61,-2.42,1.0,0.0,0.0,0.0,7.61,-0.42,1.0,0.0,0.0,0.0,7.61,1.58,1.0,0.0,0.0,0.0,7.61,3.58,1.0,0.0,0.0,0.0,-1.36,1.06,-1.0,0.0,0.0,0.0,-1.36,3.06,-1.0,0.0,0.0,0.0,-1.36,5.06,-1.0,0.0,0.0,0.0,-1.36,1.06,1.0,0.0,0.0,0.0,-1.36,3.06,1.0,0.0,0.0,0.0,-1.36,5.06,1.0,0.0,0.0,0.0,-4.41,-0.6947999999998182,0.062200000000029065,0.0,-1.1400000000000297,0.2100000000000018,0,0,0,0,0,0,0,0,0,0,0,0,0,0,0,0,0,0,0,0,0,0,0,0,0,0,0,0,0,0,0,0,0,0,0,0,0,0,0,0,0,0,0,0,0,0,0,0,0,0,0,0,0,0,0,0,0,0,0,0,0,0,0,0,0,0,0,0,0,0,0,0,0,0,0,0,0,0,0,0,0,0,0,0,0,0,0,0,0,0,0,0,0,0,0,0,0,0,0,0,0,0,0,0,0,0,0,0,0,0,0,0,0,0,0,0,0,0,0,0,0,0,0,0,0,0,0,0,0,0,0,0,0,0,0,0,0,0,0,0,0,0,0,0,0,0,0,0,0,0
7.802000524,-5.808242999999838,-0.0600688120508902,-0.9865112727846993,2.889999999999837,-0.08234514644490236,-0.9471157809877173,2.890000000000001,-0.08234514644490004,-0.9471157809876909,4.924730269339886,-0.2751768482298589,-1.0282375520654625,4.991549468901681,0.017515823210983182,0.29004671252158404,2.76,-2.98,-1.0,0.0,0.0,0.0,2.76,-0.98,-1.0,0.0,0.0,0.0,2.76,-2.98,1.0,0.0,0.0,0.0,2.76,-0.98,1.0,0.0,0.0,0.0,7.66,-0.31,-1.0,0.0,0.0,0.0,7.66,1.69,-1.0,0.0,0.0,0.0,7.66,3.69,-1.0,0.0,0.0,0.0,7.66,-0.31,1.0,0.0,0.0,0.0,7.66,1.69,1.0,0.0,0.0,0.0,7.66,3.69,1.0,0.0,0.0,0.0,7.61,-2.42,-1.0,0.0,0.0,0.0,7.61,-0.42,-1.0,0.0,0.0,0.0,7.61,1.58,-1.0,0.0,0.0,0.0,7.61,3.58,-1.0,0.0,0.0,0.0,7.61,-2.42,1.0,0.0,0.0,0.0,7.61,-0.42,1.0,0.0,0.0,0.0,7.61,1.58,1.0,0.0,0.0,0.0,7.61,3.58,1.0,0.0,0.0,0.0,-1.36,1.06,-1.0,0.0,0.0,0.0,-1.36,3.06,-1.0,0.0,0.0,0.0,-1.36,5.06,-1.0,0.0,0.0,0.0,-1.36,1.06,1.0,0.0,0.0,0.0,-1.36,3.06,1.0,0.0,0.0,0.0,-1.36,5.06,1.0,0.0,0.0,0.0,-4.41,-0.7859999999998206,0.07900000000002921,0.0,-1.1400000000000297,0.2100000000000018,0,0,0,0,0,0,0,0,0,0,0,0,0,0,0,0,0,0,0,0,0,0,0,0,0,0,0,0,0,0,0,0,0,0,0,0,0,0,0,0,0,0,0,0,0,0,0,0,0,0,0,0,0,0,0,0,0,0,0,0,0,0,0,0,0,0,0,0,0,0,0,0,0,0,0,0,0,0,0,0,0,0,0,0,0,0,0,0,0,0,0,0,0,0,0,0,0,0,0,0,0,0,0,0,0,0,0,0,0,0,0,0,0,0,0,0,0,0,0,0,0,0,0,0,0,0,0,0,0,0,0,0,0,0,0,0,0,0,0,0,0,0,0,0,0,0,0,0,0,0
7.904461426,-5.514458999999833,-0.0730873266953804,-1.0783466700776414,2.982000000000262,-0.17434514644490418,-0.8918046116448419,2.982000000000001,-0.17434514644490004,-0.8918046116448339,4.765920735562238,-0.9185591468173882,-0.8918046116448339,4.989759242991852,0.01961098336429494,0.31924615316220045,2.76,-2.98,-1.0,0.0,0.0,0.0,2.76,-0.98,-1.0,0.0,0.0,0.0,2.76,-2.98,1.0,0.0,0.0,0.0,2.76,-0.98,1.0,0.0,0.0,0.0,7.66,-0.31,-1.0,0.0,0.0,0.0,7.66,1.69,-1.0,0.0,0.0,0.0,7.66,3.69,-1.0,0.0,0.0,0.0,7.66,-0.31,1.0,0.0,0.0,0.0,7.66,1.69,1.0,0.0,0.0,0.0,7.66,3.69,1.0,0.0,0.0,0.0,7.61,-2.42,-1.0,0.0,0.0,0.0,7.61,-0.42,-1.0,0.0,0.0,0.0,7.61,1.58,-1.0,0.0,0.0,0.0,7.61,3.58,-1.0,0.0,0.0,0.0,7.61,-2.42,1.0,0.0,0.0,0.0,7.61,-0.42,1.0,0.0,0.0,0.0,7.61,1.58,1.0,0.0,0.0,0.0,7.61,3.58,1.0,0.0,0.0,0.0,-1.36,1.06,-1.0,0.0,0.0,0.0,-1.36,3.06,-1.0,0.0,0.0,0.0,-1.36,5.06,-1.0,0.0,0.0,0.0,-1.36,1.06,1.0,0.0,0.0,0.0,-1.36,3.06,1.0,0.0,0.0,0.0,-1.36,5.06,1.0,0.0,0.0,0.0,-4.41,-0.8999999999998236,0.1000000000000294,0.0,-1.1400000000000297,0.2100000000000018,0,0,0,0,0,0,0,0,0,0,0,0,0,0,0,0,0,0,0,0,0,0,0,0,0,0,0,0,0,0,0,0,0,0,0,0,0,0,0,0,0,0,0,0,0,0,0,0,0,0,0,0,0,0,0,0,0,0,0,0,0,0,0,0,0,0,0,0,0,0,0,0,0,0,0,0,0,0,0,0,0,0,0,0,0,0,0,0,0,0,0,0,0,0,0,0,0,0,0,0,0,0,0,0,0,0,0,0,0,0,0,0,0,0,0,0,0,0,0,0,0,0,0,0,0,0,0,0,0,0,0,0,0,0,0,0,0,0,0,0,0,0,0,0,0,0,0,0,0,0
8.001063701,-5.271591999999838,-0.09134193841097213,-1.1489565410816558,3.054999999999808,-0.24734514644489386,-0.879355494228351,3.055000000000001,-0.24734514644490002,-0.8793554942284354,4.957587139013295,-0.6005672795109542,-0.8793554942284354,4.987761844100523,0.02386075133888583,0.34880144936696644,2.76,-2.98,-1.0,0.0,0.0,0.0,2.76,-0.98,-1.0,0.0,0.0,0.0,2.76,-2.98,1.0,0.0,0.0,0.0,2.76,-0.98,1.0,0.0,0.0,0.0,7.66,-0.31,-1.0,0.0,0.0,0.0,7.66,1.69,-1.0,0.0,0.0,0.0,7.66,3.69,-1.0,0.0,0.0,0.0,7.66,-0.31,1.0,0.0,0.0,0.0,7.66,1.69,1.0,0.0,0.0,0.0,7.66,3.69,1.0,0.0,0.0,0.0,7.61,-2.42,-1.0,0.0,0.0,0.0,7.61,-0.42,-1.0,0.0,0.0,0.0,7.61,1.58,-1.0,0.0,0.0,0.0,7.61,3.58,-1.0,0.0,0.0,0.0,7.61,-2.42,1.0,0.0,0.0,0.0,7.61,-0.42,1.0,0.0,0.0,0.0,7.61,1.58,1.0,0.0,0.0,0.0,7.61,3.58,1.0,0.0,0.0,0.0,-1.36,1.06,-1.0,0.0,0.0,0.0,-1.36,3.06,-1.0,0.0,0.0,0.0,-1.36,5.06,-1.0,0.0,0.0,0.0,-1.36,1.06,1.0,0.0,0.0,0.0,-1.36,3.06,1.0,0.0,0.0,0.0,-1.36,5.06,1.0,0.0,0.0,0.0,-4.41,-0.991199999999826,0.11680000000002955,0.0,-1.1400000000000297,0.2100000000000018,0,0,0,0,0,0,0,0,0,0,0,0,0,0,0,0,0,0,0,0,0,0,0,0,0,0,0,0,0,0,0,0,0,0,0,0,0,0,0,0,0,0,0,0,0,0,0,0,0,0,0,0,0,0,0,0,0,0,0,0,0,0,0,0,0,0,0,0,0,0,0,0,0,0,0,0,0,0,0,0,0,0,0,0,0,0,0,0,0,0,0,0,0,0,0,0,0,0,0,0,0,0,0,0,0,0,0,0,0,0,0,0,0,0,0,0,0,0,0,0,0,0,0,0,0,0,0,0,0,0,0,0,0,0,0,0,0,0,0,0,0,0,0,0,0,0,0,0,0,0
8.102889394,-4.96001199999986,-0.11454131402645759,-1.2423375342647993,3.149999999999764,-0.22335859911670752,-0.9644405529831701,3.1500000000000012,-0.22335859911670664,-0.9644405529832771,5.001739222014853,-0.22335859911670664,-0.9644405529832771,4.985260570274843,0.03155880586171106,0.38233635484417133,2.76,-2.98,-1.0,0.0,0.0,0.0,2.76,-0.98,-1.0,0.0,0.0,0.0,2.76,-2.98,1.0,0.0,0.0,0.0,2.76,-0.98,1.0,0.0,0.0,0.0,7.66,-0.31,-1.0,0.0,0.0,0.0,7.66,1.69,-1.0,0.0,0.0,0.0,7.66,3.69,-1.0,0.0,0.0,0.0,7.66,-0.31,1.0,0.0,0.0,0.0,7.66,1.69,1.0,0.0,0.0,0.0,7.66,3.69,1.0,0.0,0.0,0.0,7.61,-2.42,-1.0,0.0,0.0,0.0,7.61,-0.42,-1.0,0.0,0.0,0.0,7.61,1.58,-1.0,0.0,0.0,0.0,7.61,3.58,-1.0,0.0,0.0,0.0,7.61,-2.42,1.0,0.0,0.0,0.0,7.61,-0.42,1.0,0.0,0.0,0.0,7.61,1.58,1.0,0.0,0.0,0.0,7.61,3.58,1.0,0.0,0.0,0.0,-1.36,1.06,-1.0,0.0,0.0,0.0,-1.36,3.06,-1.0,0.0,0.0,0.0,-1.36,5.06,-1.0,0.0,0.0,0.0,-1.36,1.06,1.0,0.0,0.0,0.0,-1.36,3.06,1.0,0.0,0.0,0.0,-1.36,5.06,1.0,0.0,0.0,0.0,-4.41,-1.1051999999998188,0.1378000000000289,0.0,-1.1399999999999189,0.20999999999998797,0,0,0,0,0,0,0,0,0,0,0,0,0,0,0,0,0,0,0,0,0,0,0,0,0,0,0,0,0,0,0,0,0,0,0,0,0,0,0,0,0,0,0,0,0,0,0,0,0,0,0,0,0,0,0,0,0,0,0,0,0,0,0,0,0,0,0,0,0,0,0,0,0,0,0,0,0,0,0,0,0,0,0,0,0,0,0,0,0,0,0,0,0,0,0,0,0,0,0,0,0,0,0,0,0,0,0,0,0,0,0,0,0,0,0,0,0,0,0,0,0,0,0,0,0,0,0,0,0,0,0,0,0,0,0,0,0,0,0,0,0,0,0,0,0,0,0,0,0,0
8.200351162,-4.703116999999879,-0.12751500195579388,-1.3243877785034532,3.23899999999977,-0.13435859911670178,-1.0534405529831758,3.239000000000001,-0.13435859911670664,-1.053440552983277,4.835804735616845,-0.0780106055474743,-1.3108266925982854,4.982302448268168,0.03910366119919989,0.4184892085368977,2.76,-2.98,-1.0,0.0,0.0,0.0,2.76,-0.98,-1.0,0.0,0.0,0.0,2.76,-2.98,1.0,0.0,0.0,0.0,2.76,-0.98,1.0,0.0,0.0,0.0,7.66,-0.31,-1.0,0.0,0.0,0.0,7.66,1.69,-1.0,0.0,0.0,0.0,7.66,3.69,-1.0,0.0,0.0,0.0,7.66,-0.31,1.0,0.0,0.0,0.0,7.66,1.69,1.0,0.0,0.0,0.0,7.66,3.69,1.0,0.0,0.0,0.0,7.61,-2.42,-1.0,0.0,0.0,0.0,7.61,-0.42,-1.0,0.0,0.0,0.0,7.61,1.58,-1.0,0.0,0.0,0.0,7.61,3.58,-1.0,0.0,0.0,0.0,7.61,-2.42,1.0,0.0,0.0,0.0,7.61,-0.42,1.0,0.0,0.0,0.0,7.61,1.58,1.0,0.0,0.0,0.0,7.61,3.58,1.0,0.0,0.0,0.0,-1.36,1.06,-1.0,0.0,0.0,0.0,-1.36,3.06,-1.0,0.0,0.0,0.0,-1.36,5.06,-1.0,0.0,0.0,0.0,-1.36,1.06,1.0,0.0,0.0,0.0,-1.36,3.06,1.0,0.0,0.0,0.0,-1.36,5.06,1.0,0.0,0.0,0.0,-4.41,-1.1963999999998123,0.15460000000002794,0.0,-1.1399999999999189,0.20999999999998797,0,0,0,0,0,0,0,0,0,0,0,0,0,0,0,0,0,0,0,0,0,0,0,0,0,0,0,0,0,0,0,0,0,0,0,0,0,0,0,0,0,0,0,0,0,0,0,0,0,0,0,0,0,0,0,0,0,0,0,0,0,0,0,0,0,0,0,0,0,0,0,0,0,0,0,0,0,0,0,0,0,0,0,0,0,0,0,0,0,0,0,0,0,0,0,0,0,0,0,0,0,0,0,0,0,0,0,0,0,0,0,0,0,0,0,0,0,0,0,0,0,0,0,0,0,0,0,0,0,0,0,0,0,0,0,0,0,0,0,0,0,0,0,0,0,0,0,0,0,0
8.301406064,-4.439732999999902,-0.13399968988513009,-1.406368917388791,3.3209999999996853,-0.05235859911670304,-1.0093231423424776,3.321000000000001,-0.052358599116706636,-1.0093231423424687,4.8729643876513276,0.0405214096744122,-1.0093231423424687,4.979070637220386,0.043954291237274686,0.4548885686095078,2.76,-2.98,-1.0,0.0,0.0,0.0,2.76,-0.98,-1.0,0.0,0.0,0.0,2.76,-2.98,1.0,0.0,0.0,0.0,2.76,-0.98,1.0,0.0,0.0,0.0,7.66,-0.31,-1.0,0.0,0.0,0.0,7.66,1.69,-1.0,0.0,0.0,0.0,7.66,3.69,-1.0,0.0,0.0,0.0,7.66,-0.31,1.0,0.0,0.0,0.0,7.66,1.69,1.0,0.0,0.0,0.0,7.66,3.69,1.0,0.0,0.0,0.0,7.61,-2.42,-1.0,0.0,0.0,0.0,7.61,-0.42,-1.0,0.0,0.0,0.0,7.61,1.58,-1.0,0.0,0.0,0.0,7.61,3.58,-1.0,0.0,0.0,0.0,7.61,-2.42,1.0,0.0,0.0,0.0,7.61,-0.42,1.0,0.0,0.0,0.0,7.61,1.58,1.0,0.0,0.0,0.0,7.61,3.58,1.0,0.0,0.0,0.0,-1.36,1.06,-1.0,0.0,0.0,0.0,-1.36,3.06,-1.0,0.0,0.0,0.0,-1.36,5.06,-1.0,0.0,0.0,0.0,-1.36,1.06,1.0,0.0,0.0,0.0,-1.36,3.06,1.0,0.0,0.0,0.0,-1.36,5.06,1.0,0.0,0.0,0.0,-4.41,-1.2875999999998058,0.17140000000002698,0.0,-1.1399999999999189,0.20999999999998797,0,0,0,0,0,0,0,0,0,0,0,0,0,0,0,0,0,0,0,0,0,0,0,0,0,0,0,0,0,0,0,0,0,0,0,0,0,0,0,0,0,0,0,0,0,0,0,0,0,0,0,0,0,0,0,0,0,0,0,0,0,0,0,0,0,0,0,0,0,0,0,0,0,0,0,0,0,0,0,0,0,0,0,0,0,0,0,0,0,0,0,0,0,0,0,0,0,0,0,0,0,0,0,0,0,0,0,0,0,0,0,0,0,0,0,0,0,0,0,0,0,0,0,0,0,0,0,0,0,0,0,0,0,0,0,0,0,0,0,0,0,0,0,0,0,0,0,0,0,0
8.401246634,-4.169972999999911,-0.1422683778144664,-1.4830347687761838,3.40600000000002,-0.13735859911670478,-0.9243231423423648,3.406000000000001,-0.13735859911670664,-0.9243231423424687,4.924500298387567,-0.24289467076331928,-0.892595511342944,4.975380057879415,0.04671947222030845,0.4933665681532148,2.76,-2.98,-1.0,0.0,0.0,0.0,2.76,-0.98,-1.0,0.0,0.0,0.0,2.76,-2.98,1.0,0.0,0.0,0.0,2.76,-0.98,1.0,0.0,0.0,0.0,7.66,-0.31,-1.0,0.0,0.0,0.0,7.66,1.69,-1.0,0.0,0.0,0.0,7.66,3.69,-1.0,0.0,0.0,0.0,7.66,-0.31,1.0,0.0,0.0,0.0,7.66,1.69,1.0,0.0,0.0,0.0,7.66,3.69,1.0,0.0,0.0,0.0,7.61,-2.42,-1.0,0.0,0.0,0.0,7.61,-0.42,-1.0,0.0,0.0,0.0,7.61,1.58,-1.0,0.0,0.0,0.0,7.61,3.58,-1.0,0.0,0.0,0.0,7.61,-2.42,1.0,0.0,0.0,0.0,7.61,-0.42,1.0,0.0,0.0,0.0,7.61,1.58,1.0,0.0,0.0,0.0,7.61,3.58,1.0,0.0,0.0,0.0,-1.36,1.06,-1.0,0.0,0.0,0.0,-1.36,3.06,-1.0,0.0,0.0,0.0,-1.36,5.06,-1.0,0.0,0.0,0.0,-1.36,1.06,1.0,0.0,0.0,0.0,-1.36,3.06,1.0,0.0,0.0,0.0,-1.36,5.06,1.0,0.0,0.0,0.0,-4.41,-1.3787999999997993,0.188200000000026,0.0,-1.1399999999999189,0.20999999999998797,0,0,0,0,0,0,0,0,0,0,0,0,0,0,0,0,0,0,0,0,0,0,0,0,0,0,0,0,0,0,0,0,0,0,0,0,0,0,0,0,0,0,0,0,0,0,0,0,0,0,0,0,0,0,0,0,0,0,0,0,0,0,0,0,0,0,0,0,0,0,0,0,0,0,0,0,0,0,0,0,0,0,0,0,0,0,0,0,0,0,0,0,0,0,0,0,0,0,0,0,0,0,0,0,0,0,0,0,0,0,0,0,0,0,0,0,0,0,0,0,0,0,0,0,0,0,0,0,0,0,0,0,0,0,0,0,0,0,0,0,0,0,0,0,0,0,0,0,0,0
8.501482306,-3.8939729999999146,-0.1497370657438026,-1.5534606201635783,3.493999999999886,-0.04935859911670004,-0.8363231423424988,3.494000000000001,-0.04935859911670665,-0.8363231423424687,4.970416382823263,-0.028691423329206156,-0.8081349234134323,4.971780379737206,0.05094480568247645,0.5280193958881991,2.76,-2.98,-1.0,0.0,0.0,0.0,2.76,-0.98,-1.0,0.0,0.0,0.0,2.76,-2.98,1.0,0.0,0.0,0.0,2.76,-0.98,1.0,0.0,0.0,0.0,7.66,-0.31,-1.0,0.0,0.0,0.0,7.66,1.69,-1.0,0.0,0.0,0.0,7.66,3.69,-1.0,0.0,0.0,0.0,7.66,-0.31,1.0,0.0,0.0,0.0,7.66,1.69,1.0,0.0,0.0,0.0,7.66,3.69,1.0,0.0,0.0,0.0,7.61,-2.42,-1.0,0.0,0.0,0.0,7.61,-0.42,-1.0,0.0,0.0,0.0,7.61,1.58,-1.0,0.0,0.0,0.0,7.61,3.58,-1.0,0.0,0.0,0.0,7.61,-2.42,1.0,0.0,0.0,0.0,7.61,-0.42,1.0,0.0,0.0,0.0,7.61,1.58,1.0,0.0,0.0,0.0,7.61,3.58,1.0,0.0,0.0,0.0,-1.36,1.06,-1.0,0.0,0.0,0.0,-1.36,3.06,-1.0,0.0,0.0,0.0,-1.36,5.06,-1.0,0.0,0.0,0.0,-1.36,1.06,1.0,0.0,0.0,0.0,-1.36,3.06,1.0,0.0,0.0,0.0,-1.36,5.06,1.0,0.0,0.0,0.0,-4.41,-1.4699999999997928,0.20500000000002505,0.0,-1.1399999999999189,0.20999999999998797,0,0,0,0,0,0,0,0,0,0,0,0,0,0,0,0,0,0,0,0,0,0,0,0,0,0,0,0,0,0,0,0,0,0,0,0,0,0,0,0,0,0,0,0,0,0,0,0,0,0,0,0,0,0,0,0,0,0,0,0,0,0,0,0,0,0,0,0,0,0,0,0,0,0,0,0,0,0,0,0,0,0,0,0,0,0,0,0,0,0,0,0,0,0,0,0,0,0,0,0,0,0,0,0,0,0,0,0,0,0,0,0,0,0,0,0,0,0,0,0,0,0,0,0,0,0,0,0,0,0,0,0,0,0,0,0,0,0,0,0,0,0,0,0,0,0,0,0,0,0
8.603198903,-3.6818369999999137,-0.15519458169080444,-1.601144008704131,3.546000000000049,-0.10135859911669653,-0.7843231423425578,3.546000000000001,-0.10135859911670664,-0.7843231423424687,4.872758577849499,-0.4994430304860442,-0.7625130989542752,4.968462439870855,0.05377789206889166,0.5581119259764827,2.76,-2.98,-1.0,0.0,0.0,0.0,2.76,-0.98,-1.0,0.0,0.0,0.0,2.76,-2.98,1.0,0.0,0.0,0.0,2.76,-0.98,1.0,0.0,0.0,0.0,7.66,-0.31,-1.0,0.0,0.0,0.0,7.66,1.69,-1.0,0.0,0.0,0.0,7.66,3.69,-1.0,0.0,0.0,0.0,7.66,-0.31,1.0,0.0,0.0,0.0,7.66,1.69,1.0,0.0,0.0,0.0,7.66,3.69,1.0,0.0,0.0,0.0,7.61,-2.42,-1.0,0.0,0.0,0.0,7.61,-0.42,-1.0,0.0,0.0,0.0,7.61,1.58,-1.0,0.0,0.0,0.0,7.61,3.58,-1.0,0.0,0.0,0.0,7.61,-2.42,1.0,0.0,0.0,0.0,7.61,-0.42,1.0,0.0,0.0,0.0,7.61,1.58,1.0,0.0,0.0,0.0,7.61,3.58,1.0,0.0,0.0,0.0,-1.36,1.06,-1.0,0.0,0.0,0.0,-1.36,3.06,-1.0,0.0,0.0,0.0,-1.36,5.06,-1.0,0.0,0.0,0.0,-1.36,1.06,1.0,0.0,0.0,0.0,-1.36,3.06,1.0,0.0,0.0,0.0,-1.36,5.06,1.0,0.0,0.0,0.0,-4.41,-1.538399999999788,0.21760000000002433,0.0,-1.1399999999999189,0.20999999999998797,0,0,0,0,0,0,0,0,0,0,0,0,0,0,0,0,0,0,0,0,0,0,0,0,0,0,0,0,0,0,0,0,0,0,0,0,0,0,0,0,0,0,0,0,0,0,0,0,0,0,0,0,0,0,0,0,0,0,0,0,0,0,0,0,0,0,0,0,0,0,0,0,0,0,0,0,0,0,0,0,0,0,0,0,0,0,0,0,0,0,0,0,0,0,0,0,0,0,0,0,0,0,0,0,0,0,0,0,0,0,0,0,0,0,0,0,0,0,0,0,0,0,0,0,0,0,0,0,0,0,0,0,0,0,0,0,0,0,0,0,0,0,0,0,0,0,0,0,0,0
8.704630973,-3.46618599999992,-0.1641670976378064,-1.6478279325948983,3.604999999999859,-0.16035859911670003,-0.7766605984693697,3.6050000000000013,-0.16035859911670663,-0.77666059846926,4.860324672097313,-0.37291412614509056,-0.77666059846926,4.965633189714416,0.05651892544136019,0.5824883142807146,2.76,-2.98,-1.0,0.0,0.0,0.0,2.76,-0.98,-1.0,0.0,0.0,0.0,2.76,-2.98,1.0,0.0,0.0,0.0,2.76,-0.98,1.0,0.0,0.0,0.0,7.66,-0.31,-1.0,0.0,0.0,0.0,7.66,1.69,-1.0,0.0,0.0,0.0,7.66,3.69,-1.0,0.0,0.0,0.0,7.66,-0.31,1.0,0.0,0.0,0.0,7.66,1.69,1.0,0.0,0.0,0.0,7.66,3.69,1.0,0.0,0.0,0.0,7.61,-2.42,-1.0,0.0,0.0,0.0,7.61,-0.42,-1.0,0.0,0.0,0.0,7.61,1.58,-1.0,0.0,0.0,0.0,7.61,3.58,-1.0,0.0,0.0,0.0,7.61,-2.42,1.0,0.0,0.0,0.0,7.61,-0.42,1.0,0.0,0.0,0.0,7.61,1.58,1.0,0.0,0.0,0.0,7.61,3.58,1.0,0.0,0.0,0.0,-1.36,1.06,-1.0,0.0,0.0,0.0,-1.36,3.06,-1.0,0.0,0.0,0.0,-1.36,5.06,-1.0,0.0,0.0,0.0,-1.36,1.06,1.0,0.0,0.0,0.0,-1.36,3.06,1.0,0.0,0.0,0.0,-1.36,5.06,1.0,0.0,0.0,0.0,-4.41,-1.606799999999783,0.2302000000000236,0.0,-1.1399999999999189,0.20999999999998797,0,0,0,0,0,0,0,0,0,0,0,0,0,0,0,0,0,0,0,0,0,0,0,0,0,0,0,0,0,0,0,0,0,0,0,0,0,0,0,0,0,0,0,0,0,0,0,0,0,0,0,0,0,0,0,0,0,0,0,0,0,0,0,0,0,0,0,0,0,0,0,0,0,0,0,0,0,0,0,0,0,0,0,0,0,0,0,0,0,0,0,0,0,0,0,0,0,0,0,0,0,0,0,0,0,0,0,0,0,0,0,0,0,0,0,0,0,0,0,0,0,0,0,0,0,0,0,0,0,0,0,0,0,0,0,0,0,0,0,0,0,0,0,0,0,0,0,0,0,0
8.802213106,-3.247155999999928,-0.1736490699608213,-1.6971575685030524,3.674999999999872,-0.15678055747600506,-0.8466605984691622,3.675000000000001,-0.15678055747599773,-0.8466605984692601,4.950633637623778,-0.15678055747599773,-0.9020962711494103,4.962451873264237,0.060723605220014534,0.6085918577382987,2.76,-2.98,-1.0,0.0,0.0,0.0,2.76,-0.98,-1.0,0.0,0.0,0.0,2.76,-2.98,1.0,0.0,0.0,0.0,2.76,-0.98,1.0,0.0,0.0,0.0,7.66,-0.31,-1.0,0.0,0.0,0.0,7.66,1.69,-1.0,0.0,0.0,0.0,7.66,3.69,-1.0,0.0,0.0,0.0,7.66,-0.31,1.0,0.0,0.0,0.0,7.66,1.69,1.0,0.0,0.0,0.0,7.66,3.69,1.0,0.0,0.0,0.0,7.61,-2.42,-1.0,0.0,0.0,0.0,7.61,-0.42,-1.0,0.0,0.0,0.0,7.61,1.58,-1.0,0.0,0.0,0.0,7.61,3.58,-1.0,0.0,0.0,0.0,7.61,-2.42,1.0,0.0,0.0,0.0,7.61,-0.42,1.0,0.0,0.0,0.0,7.61,1.58,1.0,0.0,0.0,0.0,7.61,3.58,1.0,0.0,0.0,0.0,-1.36,1.06,-1.0,0.0,0.0,0.0,-1.36,3.06,-1.0,0.0,0.0,0.0,-1.36,5.06,-1.0,0.0,0.0,0.0,-1.36,1.06,1.0,0.0,0.0,0.0,-1.36,3.06,1.0,0.0,0.0,0.0,-1.36,5.06,1.0,0.0,0.0,0.0,-4.41,-1.6751999999997782,0.2428000000000229,0.0,-1.1399999999999189,0.20999999999998797,0,0,0,0,0,0,0,0,0,0,0,0,0,0,0,0,0,0,0,0,0,0,0,0,0,0,0,0,0,0,0,0,0,0,0,0,0,0,0,0,0,0,0,0,0,0,0,0,0,0,0,0,0,0,0,0,0,0,0,0,0,0,0,0,0,0,0,0,0,0,0,0,0,0,0,0,0,0,0,0,0,0,0,0,0,0,0,0,0,0,0,0,0,0,0,0,0,0,0,0,0,0,0,0,0,0,0,0,0,0,0,0,0,0,0,0,0,0,0,0,0,0,0,0,0,0,0,0,0,0,0,0,0,0,0,0,0,0,0,0,0,0,0,0,0,0,0,0,0,0
8.901296352,-2.949671999999936,-0.1827075145589011,-1.761406416380595,3.741999999999912,-0.08978055747599356,-0.779660598469345,3.7420000000000013,-0.08978055747599772,-0.7796605984692602,4.948677363334575,0.1322790780829144,-0.7388064231031048,4.957766178776316,0.06653104597042853,0.6450799458235881,2.76,-2.98,-1.0,0.0,0.0,0.0,2.76,-0.98,-1.0,0.0,0.0,0.0,2.76,-2.98,1.0,0.0,0.0,0.0,2.76,-0.98,1.0,0.0,0.0,0.0,7.66,-0.31,-1.0,0.0,0.0,0.0,7.66,1.69,-1.0,0.0,0.0,0.0,7.66,3.69,-1.0,0.0,0.0,0.0,7.66,-0.31,1.0,0.0,0.0,0.0,7.66,1.69,1.0,0.0,0.0,0.0,7.66,3.69,1.0,0.0,0.0,0.0,7.61,-2.42,-1.0,0.0,0.0,0.0,7.61,-0.42,-1.0,0.0,0.0,0.0,7.61,1.58,-1.0,0.0,0.0,0.0,7.61,3.58,-1.0,0.0,0.0,0.0,7.61,-2.42,1.0,0.0,0.0,0.0,7.61,-0.42,1.0,0.0,0.0,0.0,7.61,1.58,1.0,0.0,0.0,0.0,7.61,3.58,1.0,0.0,0.0,0.0,-1.36,1.06,-1.0,0.0,0.0,0.0,-1.36,3.06,-1.0,0.0,0.0,0.0,-1.36,5.06,-1.0,0.0,0.0,0.0,-1.36,1.06,1.0,0.0,0.0,0.0,-1.36,3.06,1.0,0.0,0.0,0.0,-1.36,5.06,1.0,0.0,0.0,0.0,-4.41,-1.7663999999997717,0.2596000000000219,0.0,-1.1399999999999189,0.20999999999998797,0,0,0,0,0,0,0,0,0,0,0,0,0,0,0,0,0,0,0,0,0,0,0,0,0,0,0,0,0,0,0,0,0,0,0,0,0,0,0,0,0,0,0,0,0,0,0,0,0,0,0,0,0,0,0,0,0,0,0,0,0,0,0,0,0,0,0,0,0,0,0,0,0,0,0,0,0,0,0,0,0,0,0,0,0,0,0,0,0,0,0,0,0,0,0,0,0,0,0,0,0,0,0,0,0,0,0,0,0,0,0,0,0,0,0,0,0,0,0,0,0,0,0,0,0,0,0,0,0,0,0,0,0,0,0,0,0,0,0,0,0,0,0,0,0,0,0,0,0,0
9.002753604,-2.646180999999932,-0.19169619097302393,-1.8196482642581426,3.8230000000001327,-0.12519686759449034,-0.6986605984693472,3.8230000000000013,-0.125196867594489,-0.6986605984692602,5.01437537345617,-0.125196867594489,-0.6361158012168051,4.95268258686021,0.07086428470704191,0.6825785280571182,2.76,-2.98,-1.0,0.0,0.0,0.0,2.76,-0.98,-1.0,0.0,0.0,0.0,2.76,-2.98,1.0,0.0,0.0,0.0,2.76,-0.98,1.0,0.0,0.0,0.0,7.66,-0.31,-1.0,0.0,0.0,0.0,7.66,1.69,-1.0,0.0,0.0,0.0,7.66,3.69,-1.0,0.0,0.0,0.0,7.66,-0.31,1.0,0.0,0.0,0.0,7.66,1.69,1.0,0.0,0.0,0.0,7.66,3.69,1.0,0.0,0.0,0.0,7.61,-2.42,-1.0,0.0,0.0,0.0,7.61,-0.42,-1.0,0.0,0.0,0.0,7.61,1.58,-1.0,0.0,0.0,0.0,7.61,3.58,-1.0,0.0,0.0,0.0,7.61,-2.42,1.0,0.0,0.0,0.0,7.61,-0.42,1.0,0.0,0.0,0.0,7.61,1.58,1.0,0.0,0.0,0.0,7.61,3.58,1.0,0.0,0.0,0.0,-1.36,1.06,-1.0,0.0,0.0,0.0,-1.36,3.06,-1.0,0.0,0.0,0.0,-1.36,5.06,-1.0,0.0,0.0,0.0,-1.36,1.06,1.0,0.0,0.0,0.0,-1.36,3.06,1.0,0.0,0.0,0.0,-1.36,5.06,1.0,0.0,0.0,0.0,-4.41,-1.8575999999997652,0.27640000000002096,0.0,-1.1399999999999189,0.20999999999998797,0,0,0,0,0,0,0,0,0,0,0,0,0,0,0,0,0,0,0,0,0,0,0,0,0,0,0,0,0,0,0,0,0,0,0,0,0,0,0,0,0,0,0,0,0,0,0,0,0,0,0,0,0,0,0,0,0,0,0,0,0,0,0,0,0,0,0,0,0,0,0,0,0,0,0,0,0,0,0,0,0,0,0,0,0,0,0,0,0,0,0,0,0,0,0,0,0,0,0,0,0,0,0,0,0,0,0,0,0,0,0,0,0,0,0,0,0,0,0,0,0,0,0,0,0,0,0,0,0,0,0,0,0,0,0,0,0,0,0,0,0,0,0,0,0,0,0,0,0,0
9.102860967,-2.258182999999944,-0.19851787773247342,-1.8838163241050696,3.8999999999997925,-0.048196867594496595,-0.6216605984692425,3.9000000000000012,-0.048196867594489004,-0.6216605984692603,4.973143029553296,0.02298009842336235,-0.6138109973557344,4.9472713371156924,0.07621716069007778,0.7202064019222929,2.76,-2.98,-1.0,0.0,0.0,0.0,2.76,-0.98,-1.0,0.0,0.0,0.0,2.76,-2.98,1.0,0.0,0.0,0.0,2.76,-0.98,1.0,0.0,0.0,0.0,7.66,-0.31,-1.0,0.0,0.0,0.0,7.66,1.69,-1.0,0.0,0.0,0.0,7.66,3.69,-1.0,0.0,0.0,0.0,7.66,-0.31,1.0,0.0,0.0,0.0,7.66,1.69,1.0,0.0,0.0,0.0,7.66,3.69,1.0,0.0,0.0,0.0,7.61,-2.42,-1.0,0.0,0.0,0.0,7.61,-0.42,-1.0,0.0,0.0,0.0,7.61,1.58,-1.0,0.0,0.0,0.0,7.61,3.58,-1.0,0.0,0.0,0.0,7.61,-2.42,1.0,0.0,0.0,0.0,7.61,-0.42,1.0,0.0,0.0,0.0,7.61,1.58,1.0,0.0,0.0,0.0,7.61,3.58,1.0,0.0,0.0,0.0,-1.36,1.06,-1.0,0.0,0.0,0.0,-1.36,3.06,-1.0,0.0,0.0,0.0,-1.36,5.06,-1.0,0.0,0.0,0.0,-1.36,1.06,1.0,0.0,0.0,0.0,-1.36,3.06,1.0,0.0,0.0,0.0,-1.36,5.06,1.0,0.0,0.0,0.0,-4.41,-1.9487999999997587,0.29320000000002,0.0,-1.1399999999999189,0.20999999999998797,0,0,0,0,0,0,0,0,0,0,0,0,0,0,0,0,0,0,0,0,0,0,0,0,0,0,0,0,0,0,0,0,0,0,0,0,0,0,0,0,0,0,0,0,0,0,0,0,0,0,0,0,0,0,0,0,0,0,0,0,0,0,0,0,0,0,0,0,0,0,0,0,0,0,0,0,0,0,0,0,0,0,0,0,0,0,0,0,0,0,0,0,0,0,0,0,0,0,0,0,0,0,0,0,0,0,0,0,0,0,0,0,0,0,0,0,0,0,0,0,0,0,0,0,0,0,0,0,0,0,0,0,0,0,0,0,0,0,0,0,0,0,0,0,0,0,0,0,0,0
9.204195371,-2.020134999999942,-0.197361689788143,-1.91706796001322,3.9880000000001017,0.039803132405508146,-0.5336605984691545,3.9880000000000013,0.03980313240551099,-0.5336605984692603,5.020749633478938,0.1244989195444135,-0.5004487689945893,4.940910092238338,0.08022356188653142,0.7622149569088567,2.76,-2.98,-1.0,0.0,0.0,0.0,2.76,-0.98,-1.0,0.0,0.0,0.0,2.76,-2.98,1.0,0.0,0.0,0.0,2.76,-0.98,1.0,0.0,0.0,0.0,7.66,-0.31,-1.0,0.0,0.0,0.0,7.66,1.69,-1.0,0.0,0.0,0.0,7.66,3.69,-1.0,0.0,0.0,0.0,7.66,-0.31,1.0,0.0,0.0,0.0,7.66,1.69,1.0,0.0,0.0,0.0,7.66,3.69,1.0,0.0,0.0,0.0,7.61,-2.42,-1.0,0.0,0.0,0.0,7.61,-0.42,-1.0,0.0,0.0,0.0,7.61,1.58,-1.0,0.0,0.0,0.0,7.61,3.58,-1.0,0.0,0.0,0.0,7.61,-2.42,1.0,0.0,0.0,0.0,7.61,-0.42,1.0,0.0,0.0,0.0,7.61,1.58,1.0,0.0,0.0,0.0,7.61,3.58,1.0,0.0,0.0,0.0,-1.36,1.06,-1.0,0.0,0.0,0.0,-1.36,3.06,-1.0,0.0,0.0,0.0,-1.36,5.06,-1.0,0.0,0.0,0.0,-1.36,1.06,1.0,0.0,0.0,0.0,-1.36,3.06,1.0,0.0,0.0,0.0,-1.36,5.06,1.0,0.0,0.0,0.0,-4.41,-2.0399999999997522,0.31000000000001904,0.0,-1.1399999999999189,0.20999999999998797,0,0,0,0,0,0,0,0,0,0,0,0,0,0,0,0,0,0,0,0,0,0,0,0,0,0,0,0,0,0,0,0,0,0,0,0,0,0,0,0,0,0,0,0,0,0,0,0,0,0,0,0,0,0,0,0,0,0,0,0,0,0,0,0,0,0,0,0,0,0,0,0,0,0,0,0,0,0,0,0,0,0,0,0,0,0,0,0,0,0,0,0,0,0,0,0,0,0,0,0,0,0,0,0,0,0,0,0,0,0,0,0,0,0,0,0,0,0,0,0,0,0,0,0,0,0,0,0,0,0,0,0,0,0,0,0,0,0,0,0,0,0,0,0,0,0,0,0,0,0
9.301139836,-1.7780619999999372,-0.1977665018438126,-1.951880595921379,4.045000000000075,-0.017196867594493348,-0.5906605984693503,4.045000000000002,-0.01719686759448901,-0.5906605984692603,5.069569630939769,-0.17839031821091433,-0.6254748329067841,4.936562057251198,0.08116112273133907,0.7897897992914392,2.76,-2.98,-1.0,0.0,0.0,0.0,2.76,-0.98,-1.0,0.0,0.0,0.0,2.76,-2.98,1.0,0.0,0.0,0.0,2.76,-0.98,1.0,0.0,0.0,0.0,7.66,-0.31,-1.0,0.0,0.0,0.0,7.66,1.69,-1.0,0.0,0.0,0.0,7.66,3.69,-1.0,0.0,0.0,0.0,7.66,-0.31,1.0,0.0,0.0,0.0,7.66,1.69,1.0,0.0,0.0,0.0,7.66,3.69,1.0,0.0,0.0,0.0,7.61,-2.42,-1.0,0.0,0.0,0.0,7.61,-0.42,-1.0,0.0,0.0,0.0,7.61,1.58,-1.0,0.0,0.0,0.0,7.61,3.58,-1.0,0.0,0.0,0.0,7.61,-2.42,1.0,0.0,0.0,0.0,7.61,-0.42,1.0,0.0,0.0,0.0,7.61,1.58,1.0,0.0,0.0,0.0,7.61,3.58,1.0,0.0,0.0,0.0,-1.36,1.06,-1.0,0.0,0.0,0.0,-1.36,3.06,-1.0,0.0,0.0,0.0,-1.36,5.06,-1.0,0.0,0.0,0.0,-1.36,1.06,1.0,0.0,0.0,0.0,-1.36,3.06,1.0,0.0,0.0,0.0,-1.36,5.06,1.0,0.0,0.0,0.0,-4.41,-2.1083999999997474,0.3226000000000183,0.0,-1.1399999999999189,0.20999999999998797,0,0,0,0,0,0,0,0,0,0,0,0,0,0,0,0,0,0,0,0,0,0,0,0,0,0,0,0,0,0,0,0,0,0,0,0,0,0,0,0,0,0,0,0,0,0,0,0,0,0,0,0,0,0,0,0,0,0,0,0,0,0,0,0,0,0,0,0,0,0,0,0,0,0,0,0,0,0,0,0,0,0,0,0,0,0,0,0,0,0,0,0,0,0,0,0,0,0,0,0,0,0,0,0,0,0,0,0,0,0,0,0,0,0,0,0,0,0,0,0,0,0,0,0,0,0,0,0,0,0,0,0,0,0,0,0,0,0,0,0,0,0,0,0,0,0,0,0,0,0
9.402362027,-1.3683159999999277,-0.19424018860326175,-2.0057006557683095,4.131000000000107,0.06880313240550939,-0.5046605984690977,4.131000000000002,0.06880313240551097,-0.5046605984692604,4.945153370127951,0.5675418658200666,-0.2888544396155739,4.929958439088198,0.0836344062666184,0.8297680850403268,2.76,-2.98,-1.0,0.0,0.0,0.0,2.76,-0.98,-1.0,0.0,0.0,0.0,2.76,-2.98,1.0,0.0,0.0,0.0,2.76,-0.98,1.0,0.0,0.0,0.0,7.66,-0.31,-1.0,0.0,0.0,0.0,7.66,1.69,-1.0,0.0,0.0,0.0,7.66,3.69,-1.0,0.0,0.0,0.0,7.66,-0.31,1.0,0.0,0.0,0.0,7.66,1.69,1.0,0.0,0.0,0.0,7.66,3.69,1.0,0.0,0.0,0.0,7.61,-2.42,-1.0,0.0,0.0,0.0,7.61,-0.42,-1.0,0.0,0.0,0.0,7.61,1.58,-1.0,0.0,0.0,0.0,7.61,3.58,-1.0,0.0,0.0,0.0,7.61,-2.42,1.0,0.0,0.0,0.0,7.61,-0.42,1.0,0.0,0.0,0.0,7.61,1.58,1.0,0.0,0.0,0.0,7.61,3.58,1.0,0.0,0.0,0.0,-1.36,1.06,-1.0,0.0,0.0,0.0,-1.36,3.06,-1.0,0.0,0.0,0.0,-1.36,5.06,-1.0,0.0,0.0,0.0,-1.36,1.06,1.0,0.0,0.0,0.0,-1.36,3.06,1.0,0.0,0.0,0.0,-1.36,5.06,1.0,0.0,0.0,0.0,-4.41,-2.199599999999741,0.33940000000001735,0.0,-1.1399999999999189,0.20999999999998797,0,0,0,0,0,0,0,0,0,0,0,0,0,0,0,0,0,0,0,0,0,0,0,0,0,0,0,0,0,0,0,0,0,0,0,0,0,0,0,0,0,0,0,0,0,0,0,0,0,0,0,0,0,0,0,0,0,0,0,0,0,0,0,0,0,0,0,0,0,0,0,0,0,0,0,0,0,0,0,0,0,0,0,0,0,0,0,0,0,0,0,0,0,0,0,0,0,0,0,0,0,0,0,0,0,0,0,0,0,0,0,0,0,0,0,0,0,0,0,0,0,0,0,0,0,0,0,0,0,0,0,0,0,0,0,0,0,0,0,0,0,0,0,0,0,0,0,0,0,0
9.502219836,-1.11702399999993,-0.1910504975164452,-2.032548291676464,4.208999999999906,0.04747365837109996,-0.42666059846929727,4.209000000000002,0.047473658371096406,-0.42666059846926035,5.014967119453861,0.047473658371096406,-0.3971475173976078,4.922711037018093,0.08412637031568372,0.8716873291712796,2.76,-2.98,-1.0,0.0,0.0,0.0,2.76,-0.98,-1.0,0.0,0.0,0.0,2.76,-2.98,1.0,0.0,0.0,0.0,2.76,-0.98,1.0,0.0,0.0,0.0,7.66,-0.31,-1.0,0.0,0.0,0.0,7.66,1.69,-1.0,0.0,0.0,0.0,7.66,3.69,-1.0,0.0,0.0,0.0,7.66,-0.31,1.0,0.0,0.0,0.0,7.66,1.69,1.0,0.0,0.0,0.0,7.66,3.69,1.0,0.0,0.0,0.0,7.61,-2.42,-1.0,0.0,0.0,0.0,7.61,-0.42,-1.0,0.0,0.0,0.0,7.61,1.58,-1.0,0.0,0.0,0.0,7.61,3.58,-1.0,0.0,0.0,0.0,7.61,-2.42,1.0,0.0,0.0,0.0,7.61,-0.42,1.0,0.0,0.0,0.0,7.61,1.58,1.0,0.0,0.0,0.0,7.61,3.58,1.0,0.0,0.0,0.0,-1.36,1.06,-1.0,0.0,0.0,0.0,-1.36,3.06,-1.0,0.0,0.0,0.0,-1.36,5.06,-1.0,0.0,0.0,0.0,-1.36,1.06,1.0,0.0,0.0,0.0,-1.36,3.06,1.0,0.0,0.0,0.0,-1.36,5.06,1.0,0.0,0.0,0.0,-4.41,-2.2907999999997344,0.3562000000000164,0.0,-1.1399999999999189,0.20999999999998797,0,0,0,0,0,0,0,0,0,0,0,0,0,0,0,0,0,0,0,0,0,0,0,0,0,0,0,0,0,0,0,0,0,0,0,0,0,0,0,0,0,0,0,0,0,0,0,0,0,0,0,0,0,0,0,0,0,0,0,0,0,0,0,0,0,0,0,0,0,0,0,0,0,0,0,0,0,0,0,0,0,0,0,0,0,0,0,0,0,0,0,0,0,0,0,0,0,0,0,0,0,0,0,0,0,0,0,0,0,0,0,0,0,0,0,0,0,0,0,0,0,0,0,0,0,0,0,0,0,0,0,0,0,0,0,0,0,0,0,0,0,0,0,0,0,0,0,0,0,0
9.602096957,-0.8620339999999315,-0.18575207801417967,-2.0556979275846214,4.279000000000033,0.1174736583710867,-0.3566605984692828,4.279000000000003,0.11747365837109641,-0.35666059846926035,4.990335418874236,0.4808687864152441,-0.11200984123186375,4.9158670011161645,0.08470267072350063,0.9094377850680441,2.76,-2.98,-1.0,0.0,0.0,0.0,2.76,-0.98,-1.0,0.0,0.0,0.0,2.76,-2.98,1.0,0.0,0.0,0.0,2.76,-0.98,1.0,0.0,0.0,0.0,7.66,-0.31,-1.0,0.0,0.0,0.0,7.66,1.69,-1.0,0.0,0.0,0.0,7.66,3.69,-1.0,0.0,0.0,0.0,7.66,-0.31,1.0,0.0,0.0,0.0,7.66,1.69,1.0,0.0,0.0,0.0,7.66,3.69,1.0,0.0,0.0,0.0,7.61,-2.42,-1.0,0.0,0.0,0.0,7.61,-0.42,-1.0,0.0,0.0,0.0,7.61,1.58,-1.0,0.0,0.0,0.0,7.61,3.58,-1.0,0.0,0.0,0.0,7.61,-2.42,1.0,0.0,0.0,0.0,7.61,-0.42,1.0,0.0,0.0,0.0,7.61,1.58,1.0,0.0,0.0,0.0,7.61,3.58,1.0,0.0,0.0,0.0,-1.36,1.06,-1.0,0.0,0.0,0.0,-1.36,3.06,-1.0,0.0,0.0,0.0,-1.36,5.06,-1.0,0.0,0.0,0.0,-1.36,1.06,1.0,0.0,0.0,0.0,-1.36,3.06,1.0,0.0,0.0,0.0,-1.36,5.06,1.0,0.0,0.0,0.0,-4.41,-2.3591999999997295,0.36880000000001567,0.0,-1.1399999999999189,0.20999999999998797,0,0,0,0,0,0,0,0,0,0,0,0,0,0,0,0,0,0,0,0,0,0,0,0,0,0,0,0,0,0,0,0,0,0,0,0,0,0,0,0,0,0,0,0,0,0,0,0,0,0,0,0,0,0,0,0,0,0,0,0,0,0,0,0,0,0,0,0,0,0,0,0,0,0,0,0,0,0,0,0,0,0,0,0,0,0,0,0,0,0,0,0,0,0,0,0,0,0,0,0,0,0,0,0,0,0,0,0,0,0,0,0,0,0,0,0,0,0,0,0,0,0,0,0,0,0,0,0,0,0,0,0,0,0,0,0,0,0,0,0,0,0,0,0,0,0,0,0,0,0
9.704456729,-0.6029899999999325,-0.1763996585119135,-2.074793563492776,4.32699999999997,0.16547365837110695,-0.30866059846923477,4.327000000000003,0.1654736583710964,-0.30866059846926036,4.948152843571181,0.744976127614001,-0.2207320909915902,4.911814136956178,0.08391133179992419,0.9311502415791989,2.76,-2.98,-1.0,0.0,0.0,0.0,2.76,-0.98,-1.0,0.0,0.0,0.0,2.76,-2.98,1.0,0.0,0.0,0.0,2.76,-0.98,1.0,0.0,0.0,0.0,7.66,-0.31,-1.0,0.0,0.0,0.0,7.66,1.69,-1.0,0.0,0.0,0.0,7.66,3.69,-1.0,0.0,0.0,0.0,7.66,-0.31,1.0,0.0,0.0,0.0,7.66,1.69,1.0,0.0,0.0,0.0,7.66,3.69,1.0,0.0,0.0,0.0,7.61,-2.42,-1.0,0.0,0.0,0.0,7.61,-0.42,-1.0,0.0,0.0,0.0,7.61,1.58,-1.0,0.0,0.0,0.0,7.61,3.58,-1.0,0.0,0.0,0.0,7.61,-2.42,1.0,0.0,0.0,0.0,7.61,-0.42,1.0,0.0,0.0,0.0,7.61,1.58,1.0,0.0,0.0,0.0,7.61,3.58,1.0,0.0,0.0,0.0,-1.36,1.06,-1.0,0.0,0.0,0.0,-1.36,3.06,-1.0,0.0,0.0,0.0,-1.36,5.06,-1.0,0.0,0.0,0.0,-1.36,1.06,1.0,0.0,0.0,0.0,-1.36,3.06,1.0,0.0,0.0,0.0,-1.36,5.06,1.0,0.0,0.0,0.0,-4.41,-2.4047999999997263,0.3772000000000152,0.0,-1.1399999999999189,0.20999999999998797,0,0,0,0,0,0,0,0,0,0,0,0,0,0,0,0,0,0,0,0,0,0,0,0,0,0,0,0,0,0,0,0,0,0,0,0,0,0,0,0,0,0,0,0,0,0,0,0,0,0,0,0,0,0,0,0,0,0,0,0,0,0,0,0,0,0,0,0,0,0,0,0,0,0,0,0,0,0,0,0,0,0,0,0,0,0,0,0,0,0,0,0,0,0,0,0,0,0,0,0,0,0,0,0,0,0,0,0,0,0,0,0,0,0,0,0,0,0,0,0,0,0,0,0,0,0,0,0,0,0,0,0,0,0,0,0,0,0,0,0,0,0,0,0,0,0,0,0,0,0
9.802937075,-0.4282899999999321,-0.16816071217706985,-2.087624612893886,4.38700000000003,0.22547365837108374,-0.3266096896670234,4.387000000000002,0.2254736583710964,-0.32660968966704074,4.961624861929093,0.6973366467086444,-0.32660968966704074,4.905879364978179,0.08140647090433062,0.9621437744829007,2.76,-2.98,-1.0,0.0,0.0,0.0,2.76,-0.98,-1.0,0.0,0.0,0.0,2.76,-2.98,1.0,0.0,0.0,0.0,2.76,-0.98,1.0,0.0,0.0,0.0,7.66,-0.31,-1.0,0.0,0.0,0.0,7.66,1.69,-1.0,0.0,0.0,0.0,7.66,3.69,-1.0,0.0,0.0,0.0,7.66,-0.31,1.0,0.0,0.0,0.0,7.66,1.69,1.0,0.0,0.0,0.0,7.66,3.69,1.0,0.0,0.0,0.0,7.61,-2.42,-1.0,0.0,0.0,0.0,7.61,-0.42,-1.0,0.0,0.0,0.0,7.61,1.58,-1.0,0.0,0.0,0.0,7.61,3.58,-1.0,0.0,0.0,0.0,7.61,-2.42,1.0,0.0,0.0,0.0,7.61,-0.42,1.0,0.0,0.0,0.0,7.61,1.58,1.0,0.0,0.0,0.0,7.61,3.58,1.0,0.0,0.0,0.0,-1.36,1.06,-1.0,0.0,0.0,0.0,-1.36,3.06,-1.0,0.0,0.0,0.0,-1.36,5.06,-1.0,0.0,0.0,0.0,-1.36,1.06,1.0,0.0,0.0,0.0,-1.36,3.06,1.0,0.0,0.0,0.0,-1.36,5.06,1.0,0.0,0.0,0.0,-4.41,-2.4959999999997198,0.3940000000000142,0.0,-1.1399999999999189,0.20999999999998797,0,0,0,0,0,0,0,0,0,0,0,0,0,0,0,0,0,0,0,0,0,0,0,0,0,0,0,0,0,0,0,0,0,0,0,0,0,0,0,0,0,0,0,0,0,0,0,0,0,0,0,0,0,0,0,0,0,0,0,0,0,0,0,0,0,0,0,0,0,0,0,0,0,0,0,0,0,0,0,0,0,0,0,0,0,0,0,0,0,0,0,0,0,0,0,0,0,0,0,0,0,0,0,0,0,0,0,0,0,0,0,0,0,0,0,0,0,0,0,0,0,0,0,0,0,0,0,0,0,0,0,0,0,0,0,0,0,0,0,0,0,0,0,0,0,0,0,0,0,0
9.902402185,-0.16342299999993093,-0.15298529267480468,-2.105574194273905,4.4480000000000075,0.2864736583710892,-0.26560968966693466,4.448000000000002,0.2864736583710964,-0.26560968966704074,5.030642899652186,0.4395970862524212,-0.23926863340579763,4.899613323024456,0.07730209461010427,0.9938881581999794,2.76,-2.98,-1.0,0.0,0.0,0.0,2.76,-0.98,-1.0,0.0,0.0,0.0,2.76,-2.98,1.0,0.0,0.0,0.0,2.76,-0.98,1.0,0.0,0.0,0.0,7.66,-0.31,-1.0,0.0,0.0,0.0,7.66,1.69,-1.0,0.0,0.0,0.0,7.66,3.69,-1.0,0.0,0.0,0.0,7.66,-0.31,1.0,0.0,0.0,0.0,7.66,1.69,1.0,0.0,0.0,0.0,7.66,3.69,1.0,0.0,0.0,0.0,7.61,-2.42,-1.0,0.0,0.0,0.0,7.61,-0.42,-1.0,0.0,0.0,0.0,7.61,1.58,-1.0,0.0,0.0,0.0,7.61,3.58,-1.0,0.0,0.0,0.0,7.61,-2.42,1.0,0.0,0.0,0.0,7.61,-0.42,1.0,0.0,0.0,0.0,7.61,1.58,1.0,0.0,0.0,0.0,7.61,3.58,1.0,0.0,0.0,0.0,-1.36,1.06,-1.0,0.0,0.0,0.0,-1.36,3.06,-1.0,0.0,0.0,0.0,-1.36,5.06,-1.0,0.0,0.0,0.0,-1.36,1.06,1.0,0.0,0.0,0.0,-1.36,3.06,1.0,0.0,0.0,0.0,-1.36,5.06,1.0,0.0,0.0,0.0,-4.41,-2.5415999999997165,0.40240000000001375,0.0,-1.1399999999999189,0.20999999999998797,0,0,0,0,0,0,0,0,0,0,0,0,0,0,0,0,0,0,0,0,0,0,0,0,0,0,0,0,0,0,0,0,0,0,0,0,0,0,0,0,0,0,0,0,0,0,0,0,0,0,0,0,0,0,0,0,0,0,0,0,0,0,0,0,0,0,0,0,0,0,0,0,0,0,0,0,0,0,0,0,0,0,0,0,0,0,0,0,0,0,0,0,0,0,0,0,0,0,0,0,0,0,0,0,0,0,0,0,0,0,0,0,0,0,0,0,0,0,0,0,0,0,0,0,0,0,0,0,0,0,0,0,0,0,0,0,0,0,0,0,0,0,0,0,0,0,0,0,0,0
10.001055518,0.10522500000006936,-0.13402887317253945,-2.1197427756539304,4.500000000000003,0.3384736583710857,-0.21360968966721572,4.500000000000002,0.3384736583710964,-0.21360968966704075,4.962759382936191,0.4857370075356213,-0.20545002900156684,4.8932304336854155,0.07152308341901872,1.0252708770822814,2.76,-2.98,-1.0,0.0,0.0,0.0,2.76,-0.98,-1.0,0.0,0.0,0.0,2.76,-2.98,1.0,0.0,0.0,0.0,2.76,-0.98,1.0,0.0,0.0,0.0,7.66,-0.31,-1.0,0.0,0.0,0.0,7.66,1.69,-1.0,0.0,0.0,0.0,7.66,3.69,-1.0,0.0,0.0,0.0,7.66,-0.31,1.0,0.0,0.0,0.0,7.66,1.69,1.0,0.0,0.0,0.0,7.66,3.69,1.0,0.0,0.0,0.0,7.61,-2.42,-1.0,0.0,0.0,0.0,7.61,-0.42,-1.0,0.0,0.0,0.0,7.61,1.58,-1.0,0.0,0.0,0.0,7.61,3.58,-1.0,0.0,0.0,0.0,7.61,-2.42,1.0,0.0,0.0,0.0,7.61,-0.42,1.0,0.0,0.0,0.0,7.61,1.58,1.0,0.0,0.0,0.0,7.61,3.58,1.0,0.0,0.0,0.0,-1.36,1.06,-1.0,0.0,0.0,0.0,-1.36,3.06,-1.0,0.0,0.0,0.0,-1.36,5.06,-1.0,0.0,0.0,0.0,-1.36,1.06,1.0,0.0,0.0,0.0,-1.36,3.06,1.0,0.0,0.0,0.0,-1.36,5.06,1.0,0.0,0.0,0.0,-4.41,-2.6099999999997117,0.415000000000013,0.0,-1.1399999999999189,0.20999999999998797,0,0,0,0,0,0,0,0,0,0,0,0,0,0,0,0,0,0,0,0,0,0,0,0,0,0,0,0,0,0,0,0,0,0,0,0,0,0,0,0,0,0,0,0,0,0,0,0,0,0,0,0,0,0,0,0,0,0,0,0,0,0,0,0,0,0,0,0,0,0,0,0,0,0,0,0,0,0,0,0,0,0,0,0,0,0,0,0,0,0,0,0,0,0,0,0,0,0,0,0,0,0,0,0,0,0,0,0,0,0,0,0,0,0,0,0,0,0,0,0,0,0,0,0,0,0,0,0,0,0,0,0,0,0,0,0,0,0,0,0,0,0,0,0,0,0,0,0,0,0
10.102912335,0.3773340000000689,-0.11471092996091231,-2.1306486365447688,4.556999999999976,0.3117040288943828,-0.1619685953646588,4.557000000000002,0.311704028894384,-0.16196859536467878,4.95586527481859,0.311704028894384,-0.16196859536467878,4.887339191409464,0.06468564598780846,1.0534378934309439,2.76,-2.98,-1.0,0.0,0.0,0.0,2.76,-0.98,-1.0,0.0,0.0,0.0,2.76,-2.98,1.0,0.0,0.0,0.0,2.76,-0.98,1.0,0.0,0.0,0.0,7.66,-0.31,-1.0,0.0,0.0,0.0,7.66,1.69,-1.0,0.0,0.0,0.0,7.66,3.69,-1.0,0.0,0.0,0.0,7.66,-0.31,1.0,0.0,0.0,0.0,7.66,1.69,1.0,0.0,0.0,0.0,7.66,3.69,1.0,0.0,0.0,0.0,7.61,-2.42,-1.0,0.0,0.0,0.0,7.61,-0.42,-1.0,0.0,0.0,0.0,7.61,1.58,-1.0,0.0,0.0,0.0,7.61,3.58,-1.0,0.0,0.0,0.0,7.61,-2.42,1.0,0.0,0.0,0.0,7.61,-0.42,1.0,0.0,0.0,0.0,7.61,1.58,1.0,0.0,0.0,0.0,7.61,3.58,1.0,0.0,0.0,0.0,-1.36,1.06,-1.0,0.0,0.0,0.0,-1.36,3.06,-1.0,0.0,0.0,0.0,-1.36,5.06,-1.0,0.0,0.0,0.0,-1.36,1.06,1.0,0.0,0.0,0.0,-1.36,3.06,1.0,0.0,0.0,0.0,-1.36,5.06,1.0,0.0,0.0,0.0,-4.41,-2.678399999999707,0.4276000000000123,0.0,-1.1399999999999189,0.20999999999998797,0,0,0,0,0,0,0,0,0,0,0,0,0,0,0,0,0,0,0,0,0,0,0,0,0,0,0,0,0,0,0,0,0,0,0,0,0,0,0,0,0,0,0,0,0,0,0,0,0,0,0,0,0,0,0,0,0,0,0,0,0,0,0,0,0,0,0,0,0,0,0,0,0,0,0,0,0,0,0,0,0,0,0,0,0,0,0,0,0,0,0,0,0,0,0,0,0,0,0,0,0,0,0,0,0,0,0,0,0,0,0,0,0,0,0,0,0,0,0,0,0,0,0,0,0,0,0,0,0,0,0,0,0,0,0,0,0,0,0,0,0,0,0,0,0,0,0,0,0,0
10.205703794,0.745296000000066,-0.08637260764936128,-2.1470081241739374,4.619999999999957,0.37470402889439036,-0.22496859536458302,4.620000000000002,0.374704028894384,-0.22496859536467878,4.9578179260091675,0.627611755192794,-0.3979893541319326,4.776612999999966,0.05498057714126085,1.066558364713258,2.76,-2.98,-1.0,0.0,0.0,0.0,2.76,-0.98,-1.0,0.0,0.0,0.0,2.76,-2.98,1.0,0.0,0.0,0.0,2.76,-0.98,1.0,0.0,0.0,0.0,7.66,-0.31,-1.0,0.0,0.0,0.0,7.66,1.69,-1.0,0.0,0.0,0.0,7.66,3.69,-1.0,0.0,0.0,0.0,7.66,-0.31,1.0,0.0,0.0,0.0,7.66,1.69,1.0,0.0,0.0,0.0,7.66,3.69,1.0,0.0,0.0,0.0,7.61,-2.42,-1.0,0.0,0.0,0.0,7.61,-0.42,-1.0,0.0,0.0,0.0,7.61,1.58,-1.0,0.0,0.0,0.0,7.61,3.58,-1.0,0.0,0.0,0.0,7.61,-2.42,1.0,0.0,0.0,0.0,7.61,-0.42,1.0,0.0,0.0,0.0,7.61,1.58,1.0,0.0,0.0,0.0,7.61,3.58,1.0,0.0,0.0,0.0,-1.36,1.06,-1.0,0.0,0.0,0.0,-1.36,3.06,-1.0,0.0,0.0,0.0,-1.36,5.06,-1.0,0.0,0.0,0.0,-1.36,1.06,1.0,0.0,0.0,0.0,-1.36,3.06,1.0,0.0,0.0,0.0,-1.36,5.06,1.0,0.0,0.0,0.0,-4.41,-2.746799999999702,0.4402000000000116,0.0,-1.1399999999999189,0.20999999999998797,0,0,0,0,0,0,0,0,0,0,0,0,0,0,0,0,0,0,0,0,0,0,0,0,0,0,0,0,0,0,0,0,0,0,0,0,0,0,0,0,0,0,0,0,0,0,0,0,0,0,0,0,0,0,0,0,0,0,0,0,0,0,0,0,0,0,0,0,0,0,0,0,0,0,0,0,0,0,0,0,0,0,0,0,0,0,0,0,0,0,0,0,0,0,0,0,0,0,0,0,0,0,0,0,0,0,0,0,0,0,0,0,0,0,0,0,0,0,0,0,0,0,0,0,0,0,0,0,0,0,0,0,0,0,0,0,0,0,0,0,0,0,0,0,0,0,0,0,0,0
10.310357511,0.931981000000067,-0.07326944649358594,-2.1551822539800964,4.685000000000051,0.3097040288943809,-0.19653362955684983,4.685000000000002,0.309704028894384,-0.19653362955667752,4.892975868354853,0.2314153689918328,-0.19653362955667752,4.6157288749999665,0.04232266875244467,1.0740344942388464,2.76,-2.98,-1.0,0.0,0.0,0.0,2.76,-0.98,-1.0,0.0,0.0,0.0,2.76,-2.98,1.0,0.0,0.0,0.0,2.76,-0.98,1.0,0.0,0.0,0.0,7.66,-0.31,-1.0,0.0,0.0,0.0,7.66,1.69,-1.0,0.0,0.0,0.0,7.66,3.69,-1.0,0.0,0.0,0.0,7.66,-0.31,1.0,0.0,0.0,0.0,7.66,1.69,1.0,0.0,0.0,0.0,7.66,3.69,1.0,0.0,0.0,0.0,7.61,-2.42,-1.0,0.0,0.0,0.0,7.61,-0.42,-1.0,0.0,0.0,0.0,7.61,1.58,-1.0,0.0,0.0,0.0,7.61,3.58,-1.0,0.0,0.0,0.0,7.61,-2.42,1.0,0.0,0.0,0.0,7.61,-0.42,1.0,0.0,0.0,0.0,7.61,1.58,1.0,0.0,0.0,0.0,7.61,3.58,1.0,0.0,0.0,0.0,-1.36,1.06,-1.0,0.0,0.0,0.0,-1.36,3.06,-1.0,0.0,0.0,0.0,-1.36,5.06,-1.0,0.0,0.0,0.0,-1.36,1.06,1.0,0.0,0.0,0.0,-1.36,3.06,1.0,0.0,0.0,0.0,-1.36,5.06,1.0,0.0,0.0,0.0,-4.41,-2.815199999999697,0.45280000000001086,0.0,-1.1399999999999189,0.20999999999998797,0,0,0,0,0,0,0,0,0,0,0,0,0,0,0,0,0,0,0,0,0,0,0,0,0,0,0,0,0,0,0,0,0,0,0,0,0,0,0,0,0,0,0,0,0,0,0,0,0,0,0,0,0,0,0,0,0,0,0,0,0,0,0,0,0,0,0,0,0,0,0,0,0,0,0,0,0,0,0,0,0,0,0,0,0,0,0,0,0,0,0,0,0,0,0,0,0,0,0,0,0,0,0,0,0,0,0,0,0,0,0,0,0,0,0,0,0,0,0,0,0,0,0,0,0,0,0,0,0,0,0,0,0,0,0,0,0,0,0,0,0,0,0,0,0,0,0,0,0,0
10.401541446,1.1205290000000678,-0.062029285337810686,-2.1641915991623693,4.726000000000007,0.26870402889438155,-0.23753362955680757,4.726000000000003,0.268704028894384,-0.23753362955667753,4.730251084873146,0.21705159235342686,-0.32309898032622053,4.529308099999967,0.03634141921789859,1.077804060619605,2.76,-2.98,-1.0,0.0,0.0,0.0,2.76,-0.98,-1.0,0.0,0.0,0.0,2.76,-2.98,1.0,0.0,0.0,0.0,2.76,-0.98,1.0,0.0,0.0,0.0,7.66,-0.31,-1.0,0.0,0.0,0.0,7.66,1.69,-1.0,0.0,0.0,0.0,7.66,3.69,-1.0,0.0,0.0,0.0,7.66,-0.31,1.0,0.0,0.0,0.0,7.66,1.69,1.0,0.0,0.0,0.0,7.66,3.69,1.0,0.0,0.0,0.0,7.61,-2.42,-1.0,0.0,0.0,0.0,7.61,-0.42,-1.0,0.0,0.0,0.0,7.61,1.58,-1.0,0.0,0.0,0.0,7.61,3.58,-1.0,0.0,0.0,0.0,7.61,-2.42,1.0,0.0,0.0,0.0,7.61,-0.42,1.0,0.0,0.0,0.0,7.61,1.58,1.0,0.0,0.0,0.0,7.61,3.58,1.0,0.0,0.0,0.0,-1.36,1.06,-1.0,0.0,0.0,0.0,-1.36,3.06,-1.0,0.0,0.0,0.0,-1.36,5.06,-1.0,0.0,0.0,0.0,-1.36,1.06,1.0,0.0,0.0,0.0,-1.36,3.06,1.0,0.0,0.0,0.0,-1.36,5.06,1.0,0.0,0.0,0.0,-4.41,-2.860799999999694,0.4612000000000104,0.0,-1.1399999999999189,0.20999999999998797,0,0,0,0,0,0,0,0,0,0,0,0,0,0,0,0,0,0,0,0,0,0,0,0,0,0,0,0,0,0,0,0,0,0,0,0,0,0,0,0,0,0,0,0,0,0,0,0,0,0,0,0,0,0,0,0,0,0,0,0,0,0,0,0,0,0,0,0,0,0,0,0,0,0,0,0,0,0,0,0,0,0,0,0,0,0,0,0,0,0,0,0,0,0,0,0,0,0,0,0,0,0,0,0,0,0,0,0,0,0,0,0,0,0,0,0,0,0,0,0,0,0,0,0,0,0,0,0,0,0,0,0,0,0,0,0,0,0,0,0,0,0,0,0,0,0,0,0,0,0
10.502456616,1.4957490000000728,-0.03767296302626019,-2.185151071980534,4.671000000000092,0.32370402889438094,-0.2751640613571915,4.671000000000003,0.323704028894384,-0.2751640613573456,4.619189208536655,0.6208293703978991,-0.2751640613573456,4.392475499999966,0.028327602379961528,1.0844711358767527,2.76,-2.98,-1.0,0.0,0.0,0.0,2.76,-0.98,-1.0,0.0,0.0,0.0,2.76,-2.98,1.0,0.0,0.0,0.0,2.76,-0.98,1.0,0.0,0.0,0.0,7.66,-0.31,-1.0,0.0,0.0,0.0,7.66,1.69,-1.0,0.0,0.0,0.0,7.66,3.69,-1.0,0.0,0.0,0.0,7.66,-0.31,1.0,0.0,0.0,0.0,7.66,1.69,1.0,0.0,0.0,0.0,7.66,3.69,1.0,0.0,0.0,0.0,7.61,-2.42,-1.0,0.0,0.0,0.0,7.61,-0.42,-1.0,0.0,0.0,0.0,7.61,1.58,-1.0,0.0,0.0,0.0,7.61,3.58,-1.0,0.0,0.0,0.0,7.61,-2.42,1.0,0.0,0.0,0.0,7.61,-0.42,1.0,0.0,0.0,0.0,7.61,1.58,1.0,0.0,0.0,0.0,7.61,3.58,1.0,0.0,0.0,0.0,-1.36,1.06,-1.0,0.0,0.0,0.0,-1.36,3.06,-1.0,0.0,0.0,0.0,-1.36,5.06,-1.0,0.0,0.0,0.0,-1.36,1.06,1.0,0.0,0.0,0.0,-1.36,3.06,1.0,0.0,0.0,0.0,-1.36,5.06,1.0,0.0,0.0,0.0,-4.41,-2.9519999999996873,0.4780000000000094,0.0,-1.1399999999999189,0.20999999999998797,0,0,0,0,0,0,0,0,0,0,0,0,0,0,0,0,0,0,0,0,0,0,0,0,0,0,0,0,0,0,0,0,0,0,0,0,0,0,0,0,0,0,0,0,0,0,0,0,0,0,0,0,0,0,0,0,0,0,0,0,0,0,0,0,0,0,0,0,0,0,0,0,0,0,0,0,0,0,0,0,0,0,0,0,0,0,0,0,0,0,0,0,0,0,0,0,0,0,0,0,0,0,0,0,0,0,0,0,0,0,0,0,0,0,0,0,0,0,0,0,0,0,0,0,0,0,0,0,0,0,0,0,0,0,0,0,0,0,0,0,0,0,0,0,0,0,0,0,0,0
10.603483753,1.7730570000000754,-0.015298721292597225,-2.1987089156619715,4.599000000000019,0.3957040288943836,-0.20316406135734155,4.599000000000003,0.395704028894384,-0.2031640613573456,4.554079343409433,0.4781495678052865,-0.022164320198484244,4.231122199999963,0.01736361338310538,1.0937975742663744,2.76,-2.98,-1.0,0.0,0.0,0.0,2.76,-0.98,-1.0,0.0,0.0,0.0,2.76,-2.98,1.0,0.0,0.0,0.0,2.76,-0.98,1.0,0.0,0.0,0.0,7.66,-0.31,-1.0,0.0,0.0,0.0,7.66,1.69,-1.0,0.0,0.0,0.0,7.66,3.69,-1.0,0.0,0.0,0.0,7.66,-0.31,1.0,0.0,0.0,0.0,7.66,1.69,1.0,0.0,0.0,0.0,7.66,3.69,1.0,0.0,0.0,0.0,7.61,-2.42,-1.0,0.0,0.0,0.0,7.61,-0.42,-1.0,0.0,0.0,0.0,7.61,1.58,-1.0,0.0,0.0,0.0,7.61,3.58,-1.0,0.0,0.0,0.0,7.61,-2.42,1.0,0.0,0.0,0.0,7.61,-0.42,1.0,0.0,0.0,0.0,7.61,1.58,1.0,0.0,0.0,0.0,7.61,3.58,1.0,0.0,0.0,0.0,-1.36,1.06,-1.0,0.0,0.0,0.0,-1.36,3.06,-1.0,0.0,0.0,0.0,-1.36,5.06,-1.0,0.0,0.0,0.0,-1.36,1.06,1.0,0.0,0.0,0.0,-1.36,3.06,1.0,0.0,0.0,0.0,-1.36,5.06,1.0,0.0,0.0,0.0,-4.41,-3.0203999999996824,0.4906000000000087,0.0,-1.1399999999999189,0.20999999999998797,0,0,0,0,0,0,0,0,0,0,0,0,0,0,0,0,0,0,0,0,0,0,0,0,0,0,0,0,0,0,0,0,0,0,0,0,0,0,0,0,0,0,0,0,0,0,0,0,0,0,0,0,0,0,0,0,0,0,0,0,0,0,0,0,0,0,0,0,0,0,0,0,0,0,0,0,0,0,0,0,0,0,0,0,0,0,0,0,0,0,0,0,0,0,0,0,0,0,0,0,0,0,0,0,0,0,0,0,0,0,0,0,0,0,0,0,0,0,0,0,0,0,0,0,0,0,0,0,0,0,0,0,0,0,0,0,0,0,0,0,0,0,0,0,0,0,0,0,0,0
10.70376303,2.0465570000000755,0.0060035204410658115,-2.2105566985578844,4.538000000000153,0.3347040288943841,-0.19461254171915243,4.538000000000003,0.334704028894384,-0.19461254171927944,4.441185499126747,0.11139097197229386,-0.19461254171927944,4.085877499999962,0.005275136472932311,1.1005734421991298,2.76,-2.98,-1.0,0.0,0.0,0.0,2.76,-0.98,-1.0,0.0,0.0,0.0,2.76,-2.98,1.0,0.0,0.0,0.0,2.76,-0.98,1.0,0.0,0.0,0.0,7.66,-0.31,-1.0,0.0,0.0,0.0,7.66,1.69,-1.0,0.0,0.0,0.0,7.66,3.69,-1.0,0.0,0.0,0.0,7.66,-0.31,1.0,0.0,0.0,0.0,7.66,1.69,1.0,0.0,0.0,0.0,7.66,3.69,1.0,0.0,0.0,0.0,7.61,-2.42,-1.0,0.0,0.0,0.0,7.61,-0.42,-1.0,0.0,0.0,0.0,7.61,1.58,-1.0,0.0,0.0,0.0,7.61,3.58,-1.0,0.0,0.0,0.0,7.61,-2.42,1.0,0.0,0.0,0.0,7.61,-0.42,1.0,0.0,0.0,0.0,7.61,1.58,1.0,0.0,0.0,0.0,7.61,3.58,1.0,0.0,0.0,0.0,-1.36,1.06,-1.0,0.0,0.0,0.0,-1.36,3.06,-1.0,0.0,0.0,0.0,-1.36,5.06,-1.0,0.0,0.0,0.0,-1.36,1.06,1.0,0.0,0.0,0.0,-1.36,3.06,1.0,0.0,0.0,0.0,-1.36,5.06,1.0,0.0,0.0,0.0,-4.41,-3.0887999999996776,0.5032000000000089,0.0,-1.1399999999999189,0.21000000000004349,0,0,0,0,0,0,0,0,0,0,0,0,0,0,0,0,0,0,0,0,0,0,0,0,0,0,0,0,0,0,0,0,0,0,0,0,0,0,0,0,0,0,0,0,0,0,0,0,0,0,0,0,0,0,0,0,0,0,0,0,0,0,0,0,0,0,0,0,0,0,0,0,0,0,0,0,0,0,0,0,0,0,0,0,0,0,0,0,0,0,0,0,0,0,0,0,0,0,0,0,0,0,0,0,0,0,0,0,0,0,0,0,0,0,0,0,0,0,0,0,0,0,0,0,0,0,0,0,0,0,0,0,0,0,0,0,0,0,0,0,0,0,0,0,0,0,0,0,0,0
10.801229591,2.226766000000082,0.02070268159684116,-2.218274751978164,4.481000000000179,0.3917040288943831,-0.1917234874371232,4.4810000000000025,0.391704028894384,-0.19172348743711876,4.200569158312541,0.4124748692900484,-0.19172348743711876,3.9600340526315407,-0.004266380326985899,1.1059937462710674,2.76,-2.98,-1.0,0.0,0.0,0.0,2.76,-0.98,-1.0,0.0,0.0,0.0,2.76,-2.98,1.0,0.0,0.0,0.0,2.76,-0.98,1.0,0.0,0.0,0.0,7.66,-0.31,-1.0,0.0,0.0,0.0,7.66,1.69,-1.0,0.0,0.0,0.0,7.66,3.69,-1.0,0.0,0.0,0.0,7.66,-0.31,1.0,0.0,0.0,0.0,7.66,1.69,1.0,0.0,0.0,0.0,7.66,3.69,1.0,0.0,0.0,0.0,7.61,-2.42,-1.0,0.0,0.0,0.0,7.61,-0.42,-1.0,0.0,0.0,0.0,7.61,1.58,-1.0,0.0,0.0,0.0,7.61,3.58,-1.0,0.0,0.0,0.0,7.61,-2.42,1.0,0.0,0.0,0.0,7.61,-0.42,1.0,0.0,0.0,0.0,7.61,1.58,1.0,0.0,0.0,0.0,7.61,3.58,1.0,0.0,0.0,0.0,-1.36,1.06,-1.0,0.0,0.0,0.0,-1.36,3.06,-1.0,0.0,0.0,0.0,-1.36,5.06,-1.0,0.0,0.0,0.0,-1.36,1.06,1.0,0.0,0.0,0.0,-1.36,3.06,1.0,0.0,0.0,0.0,-1.36,5.06,1.0,0.0,0.0,0.0,-4.41,-3.1343999999996743,0.5116000000000106,0.0,-1.1399999999999189,0.21000000000004349,0,0,0,0,0,0,0,0,0,0,0,0,0,0,0,0,0,0,0,0,0,0,0,0,0,0,0,0,0,0,0,0,0,0,0,0,0,0,0,0,0,0,0,0,0,0,0,0,0,0,0,0,0,0,0,0,0,0,0,0,0,0,0,0,0,0,0,0,0,0,0,0,0,0,0,0,0,0,0,0,0,0,0,0,0,0,0,0,0,0,0,0,0,0,0,0,0,0,0,0,0,0,0,0,0,0,0,0,0,0,0,0,0,0,0,0,0,0,0,0,0,0,0,0,0,0,0,0,0,0,0,0,0,0,0,0,0,0,0,0,0,0,0,0,0,0,0,0,0,0
10.902407492,2.494089000000084,0.042667923330504134,-2.231315161224387,4.4279999999998765,0.33870402889438206,-0.2447234874369819,4.428000000000003,0.338704028894384,-0.24472348743711875,4.032810688842175,-0.15607598229982278,-0.26446884264700543,3.8462879999999573,-0.013876677058470028,1.110862887376016,2.76,-2.98,-1.0,0.0,0.0,0.0,2.76,-0.98,-1.0,0.0,0.0,0.0,2.76,-2.98,1.0,0.0,0.0,0.0,2.76,-0.98,1.0,0.0,0.0,0.0,7.66,-0.31,-1.0,0.0,0.0,0.0,7.66,1.69,-1.0,0.0,0.0,0.0,7.66,3.69,-1.0,0.0,0.0,0.0,7.66,-0.31,1.0,0.0,0.0,0.0,7.66,1.69,1.0,0.0,0.0,0.0,7.66,3.69,1.0,0.0,0.0,0.0,7.61,-2.42,-1.0,0.0,0.0,0.0,7.61,-0.42,-1.0,0.0,0.0,0.0,7.61,1.58,-1.0,0.0,0.0,0.0,7.61,3.58,-1.0,0.0,0.0,0.0,7.61,-2.42,1.0,0.0,0.0,0.0,7.61,-0.42,1.0,0.0,0.0,0.0,7.61,1.58,1.0,0.0,0.0,0.0,7.61,3.58,1.0,0.0,0.0,0.0,-1.36,1.06,-1.0,0.0,0.0,0.0,-1.36,3.06,-1.0,0.0,0.0,0.0,-1.36,5.06,-1.0,0.0,0.0,0.0,-1.36,1.06,1.0,0.0,0.0,0.0,-1.36,3.06,1.0,0.0,0.0,0.0,-1.36,5.06,1.0,0.0,0.0,0.0,-4.41,-3.2027999999996695,0.5242000000000132,0.0,-1.1399999999999189,0.21000000000004349,0,0,0,0,0,0,0,0,0,0,0,0,0,0,0,0,0,0,0,0,0,0,0,0,0,0,0,0,0,0,0,0,0,0,0,0,0,0,0,0,0,0,0,0,0,0,0,0,0,0,0,0,0,0,0,0,0,0,0,0,0,0,0,0,0,0,0,0,0,0,0,0,0,0,0,0,0,0,0,0,0,0,0,0,0,0,0,0,0,0,0,0,0,0,0,0,0,0,0,0,0,0,0,0,0,0,0,0,0,0,0,0,0,0,0,0,0,0,0,0,0,0,0,0,0,0,0,0,0,0,0,0,0,0,0,0,0,0,0,0,0,0,0,0,0,0,0,0,0,0
11.000661293,2.7577480000000865,0.060969165064167,-2.2446687699978716,4.385000000000083,0.2957040288943808,-0.21642986035752543,4.3850000000000025,0.295704028894384,-0.21642986035733447,4.066531200536106,-0.28890002542554916,-0.21642986035733447,3.733097224999958,-0.022790404795276782,1.11671427384301,2.76,-2.98,-1.0,0.0,0.0,0.0,2.76,-0.98,-1.0,0.0,0.0,0.0,2.76,-2.98,1.0,0.0,0.0,0.0,2.76,-0.98,1.0,0.0,0.0,0.0,7.66,-0.31,-1.0,0.0,0.0,0.0,7.66,1.69,-1.0,0.0,0.0,0.0,7.66,3.69,-1.0,0.0,0.0,0.0,7.66,-0.31,1.0,0.0,0.0,0.0,7.66,1.69,1.0,0.0,0.0,0.0,7.66,3.69,1.0,0.0,0.0,0.0,7.61,-2.42,-1.0,0.0,0.0,0.0,7.61,-0.42,-1.0,0.0,0.0,0.0,7.61,1.58,-1.0,0.0,0.0,0.0,7.61,3.58,-1.0,0.0,0.0,0.0,7.61,-2.42,1.0,0.0,0.0,0.0,7.61,-0.42,1.0,0.0,0.0,0.0,7.61,1.58,1.0,0.0,0.0,0.0,7.61,3.58,1.0,0.0,0.0,0.0,-1.36,1.06,-1.0,0.0,0.0,0.0,-1.36,3.06,-1.0,0.0,0.0,0.0,-1.36,5.06,-1.0,0.0,0.0,0.0,-1.36,1.06,1.0,0.0,0.0,0.0,-1.36,3.06,1.0,0.0,0.0,0.0,-1.36,5.06,1.0,0.0,0.0,0.0,-4.41,-3.2711999999996646,0.5368000000000158,0.0,-1.1399999999999189,0.21000000000004349,0,0,0,0,0,0,0,0,0,0,0,0,0,0,0,0,0,0,0,0,0,0,0,0,0,0,0,0,0,0,0,0,0,0,0,0,0,0,0,0,0,0,0,0,0,0,0,0,0,0,0,0,0,0,0,0,0,0,0,0,0,0,0,0,0,0,0,0,0,0,0,0,0,0,0,0,0,0,0,0,0,0,0,0,0,0,0,0,0,0,0,0,0,0,0,0,0,0,0,0,0,0,0,0,0,0,0,0,0,0,0,0,0,0,0,0,0,0,0,0,0,0,0,0,0,0,0,0,0,0,0,0,0,0,0,0,0,0,0,0,0,0,0,0,0,0,0,0,0,0
11.101314228,3.1045830000000807,0.08859048737571804,-2.258018158826461,4.3199999999998795,0.3607040288943902,-0.15142986035732164,4.320000000000002,0.360704028894384,-0.15142986035733447,3.875617564154952,0.3768919089346947,-0.03319142649928786,3.599217249999956,-0.031979352676555405,1.1234002843007234,2.76,-2.98,-1.0,0.0,0.0,0.0,2.76,-0.98,-1.0,0.0,0.0,0.0,2.76,-2.98,1.0,0.0,0.0,0.0,2.76,-0.98,1.0,0.0,0.0,0.0,7.66,-0.31,-1.0,0.0,0.0,0.0,7.66,1.69,-1.0,0.0,0.0,0.0,7.66,3.69,-1.0,0.0,0.0,0.0,7.66,-0.31,1.0,0.0,0.0,0.0,7.66,1.69,1.0,0.0,0.0,0.0,7.66,3.69,1.0,0.0,0.0,0.0,7.61,-2.42,-1.0,0.0,0.0,0.0,7.61,-0.42,-1.0,0.0,0.0,0.0,7.61,1.58,-1.0,0.0,0.0,0.0,7.61,3.58,-1.0,0.0,0.0,0.0,7.61,-2.42,1.0,0.0,0.0,0.0,7.61,-0.42,1.0,0.0,0.0,0.0,7.61,1.58,1.0,0.0,0.0,0.0,7.61,3.58,1.0,0.0,0.0,0.0,-1.36,1.06,-1.0,0.0,0.0,0.0,-1.36,3.06,-1.0,0.0,0.0,0.0,-1.36,5.06,-1.0,0.0,0.0,0.0,-1.36,1.06,1.0,0.0,0.0,0.0,-1.36,3.06,1.0,0.0,0.0,0.0,-1.36,5.06,1.0,0.0,0.0,0.0,-4.41,-3.362399999999658,0.5536000000000193,0.0,-1.1399999999999189,0.21000000000004349,0,0,0,0,0,0,0,0,0,0,0,0,0,0,0,0,0,0,0,0,0,0,0,0,0,0,0,0,0,0,0,0,0,0,0,0,0,0,0,0,0,0,0,0,0,0,0,0,0,0,0,0,0,0,0,0,0,0,0,0,0,0,0,0,0,0,0,0,0,0,0,0,0,0,0,0,0,0,0,0,0,0,0,0,0,0,0,0,0,0,0,0,0,0,0,0,0,0,0,0,0,0,0,0,0,0,0,0,0,0,0,0,0,0,0,0,0,0,0,0,0,0,0,0,0,0,0,0,0,0,0,0,0,0,0,0,0,0,0,0,0,0,0,0,0,0,0,0,0,0
11.2025045,3.445369000000068,0.12025977109022465,-2.266208458459272,4.236999999999824,0.40920336342810393,-0.08377315008534225,4.237000000000002,0.4092033634281069,-0.08377315008552921,3.7229492354826466,0.4092033634281069,-0.08377315008552921,3.4261084999999603,-0.04609876383233097,1.1297662287150172,2.76,-2.98,-1.0,0.0,0.0,0.0,2.76,-0.98,-1.0,0.0,0.0,0.0,2.76,-2.98,1.0,0.0,0.0,0.0,2.76,-0.98,1.0,0.0,0.0,0.0,7.66,-0.31,-1.0,0.0,0.0,0.0,7.66,1.69,-1.0,0.0,0.0,0.0,7.66,3.69,-1.0,0.0,0.0,0.0,7.66,-0.31,1.0,0.0,0.0,0.0,7.66,1.69,1.0,0.0,0.0,0.0,7.66,3.69,1.0,0.0,0.0,0.0,7.61,-2.42,-1.0,0.0,0.0,0.0,7.61,-0.42,-1.0,0.0,0.0,0.0,7.61,1.58,-1.0,0.0,0.0,0.0,7.61,3.58,-1.0,0.0,0.0,0.0,7.61,-2.42,1.0,0.0,0.0,0.0,7.61,-0.42,1.0,0.0,0.0,0.0,7.61,1.58,1.0,0.0,0.0,0.0,7.61,3.58,1.0,0.0,0.0,0.0,-1.36,1.06,-1.0,0.0,0.0,0.0,-1.36,3.06,-1.0,0.0,0.0,0.0,-1.36,5.06,-1.0,0.0,0.0,0.0,-1.36,1.06,1.0,0.0,0.0,0.0,-1.36,3.06,1.0,0.0,0.0,0.0,-1.36,5.06,1.0,0.0,0.0,0.0,-4.41,-3.4535999999996516,0.5704000000000228,0.0,-1.1399999999999189,0.21000000000004349,0,0,0,0,0,0,0,0,0,0,0,0,0,0,0,0,0,0,0,0,0,0,0,0,0,0,0,0,0,0,0,0,0,0,0,0,0,0,0,0,0,0,0,0,0,0,0,0,0,0,0,0,0,0,0,0,0,0,0,0,0,0,0,0,0,0,0,0,0,0,0,0,0,0,0,0,0,0,0,0,0,0,0,0,0,0,0,0,0,0,0,0,0,0,0,0,0,0,0,0,0,0,0,0,0,0,0,0,0,0,0,0,0,0,0,0,0,0,0,0,0,0,0,0,0,0,0,0,0,0,0,0,0,0,0,0,0,0,0,0,0,0,0,0,0,0,0,0,0,0
11.301036774,3.7797090000000675,0.15577340983410887,-2.2761965167657237,4.153000000000074,0.4597009937851171,-0.14352235553305448,4.153000000000002,0.45970099378511886,-0.14352235553314596,3.5875086249447143,0.45970099378511886,-0.14352235553314596,3.2470512142856816,-0.06305276671245597,1.1337026088731028,2.76,-2.98,-1.0,0.0,0.0,0.0,2.76,-0.98,-1.0,0.0,0.0,0.0,2.76,-2.98,1.0,0.0,0.0,0.0,2.76,-0.98,1.0,0.0,0.0,0.0,7.66,-0.31,-1.0,0.0,0.0,0.0,7.66,1.69,-1.0,0.0,0.0,0.0,7.66,3.69,-1.0,0.0,0.0,0.0,7.66,-0.31,1.0,0.0,0.0,0.0,7.66,1.69,1.0,0.0,0.0,0.0,7.66,3.69,1.0,0.0,0.0,0.0,7.61,-2.42,-1.0,0.0,0.0,0.0,7.61,-0.42,-1.0,0.0,0.0,0.0,7.61,1.58,-1.0,0.0,0.0,0.0,7.61,3.58,-1.0,0.0,0.0,0.0,7.61,-2.42,1.0,0.0,0.0,0.0,7.61,-0.42,1.0,0.0,0.0,0.0,7.61,1.58,1.0,0.0,0.0,0.0,7.61,3.58,1.0,0.0,0.0,0.0,-1.36,1.06,-1.0,0.0,0.0,0.0,-1.36,3.06,-1.0,0.0,0.0,0.0,-1.36,5.06,-1.0,0.0,0.0,0.0,-1.36,1.06,1.0,0.0,0.0,0.0,-1.36,3.06,1.0,0.0,0.0,0.0,-1.36,5.06,1.0,0.0,0.0,0.0,-4.41,-3.544799999999645,0.5872000000000263,0.0,-1.1399999999999189,0.21000000000004349,0,0,0,0,0,0,0,0,0,0,0,0,0,0,0,0,0,0,0,0,0,0,0,0,0,0,0,0,0,0,0,0,0,0,0,0,0,0,0,0,0,0,0,0,0,0,0,0,0,0,0,0,0,0,0,0,0,0,0,0,0,0,0,0,0,0,0,0,0,0,0,0,0,0,0,0,0,0,0,0,0,0,0,0,0,0,0,0,0,0,0,0,0,0,0,0,0,0,0,0,0,0,0,0,0,0,0,0,0,0,0,0,0,0,0,0,0,0,0,0,0,0,0,0,0,0,0,0,0,0,0,0,0,0,0,0,0,0,0,0,0,0,0,0,0,0,0,0,0,0
11.402062487,4.107549000000069,0.1881494893369184,-2.285961685173664,4.072999999999993,0.3797009937851204,-0.11231108217479857,4.073000000000002,0.37970099378511885,-0.11231108217498642,3.400243769811526,0.2569877311101614,-0.11231108217498642,3.0748449999999656,-0.08179416336422793,1.1393181984048928,2.76,-2.98,-1.0,0.0,0.0,0.0,2.76,-0.98,-1.0,0.0,0.0,0.0,2.76,-2.98,1.0,0.0,0.0,0.0,2.76,-0.98,1.0,0.0,0.0,0.0,7.66,-0.31,-1.0,0.0,0.0,0.0,7.66,1.69,-1.0,0.0,0.0,0.0,7.66,3.69,-1.0,0.0,0.0,0.0,7.66,-0.31,1.0,0.0,0.0,0.0,7.66,1.69,1.0,0.0,0.0,0.0,7.66,3.69,1.0,0.0,0.0,0.0,7.61,-2.42,-1.0,0.0,0.0,0.0,7.61,-0.42,-1.0,0.0,0.0,0.0,7.61,1.58,-1.0,0.0,0.0,0.0,7.61,3.58,-1.0,0.0,0.0,0.0,7.61,-2.42,1.0,0.0,0.0,0.0,7.61,-0.42,1.0,0.0,0.0,0.0,7.61,1.58,1.0,0.0,0.0,0.0,7.61,3.58,1.0,0.0,0.0,0.0,-1.36,1.06,-1.0,0.0,0.0,0.0,-1.36,3.06,-1.0,0.0,0.0,0.0,-1.36,5.06,-1.0,0.0,0.0,0.0,-1.36,1.06,1.0,0.0,0.0,0.0,-1.36,3.06,1.0,0.0,0.0,0.0,-1.36,5.06,1.0,0.0,0.0,0.0,-4.41,-3.6359999999996386,0.6040000000000297,0.0,-1.1399999999999189,0.21000000000004349,0,0,0,0,0,0,0,0,0,0,0,0,0,0,0,0,0,0,0,0,0,0,0,0,0,0,0,0,0,0,0,0,0,0,0,0,0,0,0,0,0,0,0,0,0,0,0,0,0,0,0,0,0,0,0,0,0,0,0,0,0,0,0,0,0,0,0,0,0,0,0,0,0,0,0,0,0,0,0,0,0,0,0,0,0,0,0,0,0,0,0,0,0,0,0,0,0,0,0,0,0,0,0,0,0,0,0,0,0,0,0,0,0,0,0,0,0,0,0,0,0,0,0,0,0,0,0,0,0,0,0,0,0,0,0,0,0,0,0,0,0,0,0,0,0,0,0,0,0,0
11.501161095,4.4290730000000655,0.21420956883972805,-2.2970552685432164,3.989999999999938,0.29670099378512055,-0.15286294362804043,3.990000000000002,0.2967009937851188,-0.1528629436280835,3.3413144882779973,0.10784392612313853,-0.1528629436280835,2.9197509999999656,-0.09654280112806249,1.1437108646209682,2.76,-2.98,-1.0,0.0,0.0,0.0,2.76,-0.98,-1.0,0.0,0.0,0.0,2.76,-2.98,1.0,0.0,0.0,0.0,2.76,-0.98,1.0,0.0,0.0,0.0,7.66,-0.31,-1.0,0.0,0.0,0.0,7.66,1.69,-1.0,0.0,0.0,0.0,7.66,3.69,-1.0,0.0,0.0,0.0,7.66,-0.31,1.0,0.0,0.0,0.0,7.66,1.69,1.0,0.0,0.0,0.0,7.66,3.69,1.0,0.0,0.0,0.0,7.61,-2.42,-1.0,0.0,0.0,0.0,7.61,-0.42,-1.0,0.0,0.0,0.0,7.61,1.58,-1.0,0.0,0.0,0.0,7.61,3.58,-1.0,0.0,0.0,0.0,7.61,-2.42,1.0,0.0,0.0,0.0,7.61,-0.42,1.0,0.0,0.0,0.0,7.61,1.58,1.0,0.0,0.0,0.0,7.61,3.58,1.0,0.0,0.0,0.0,-1.36,1.06,-1.0,0.0,0.0,0.0,-1.36,3.06,-1.0,0.0,0.0,0.0,-1.36,5.06,-1.0,0.0,0.0,0.0,-1.36,1.06,1.0,0.0,0.0,0.0,-1.36,3.06,1.0,0.0,0.0,0.0,-1.36,5.06,1.0,0.0,0.0,0.0,-4.41,-3.727199999999632,0.6208000000000332,0.0,-1.1399999999999189,0.21000000000004349,0,0,0,0,0,0,0,0,0,0,0,0,0,0,0,0,0,0,0,0,0,0,0,0,0,0,0,0,0,0,0,0,0,0,0,0,0,0,0,0,0,0,0,0,0,0,0,0,0,0,0,0,0,0,0,0,0,0,0,0,0,0,0,0,0,0,0,0,0,0,0,0,0,0,0,0,0,0,0,0,0,0,0,0,0,0,0,0,0,0,0,0,0,0,0,0,0,0,0,0,0,0,0,0,0,0,0,0,0,0,0,0,0,0,0,0,0,0,0,0,0,0,0,0,0,0,0,0,0,0,0,0,0,0,0,0,0,0,0,0,0,0,0,0,0,0,0,0,0,0
11.601484453,4.6659130000000735,0.23457162846683519,-2.3036670451608963,3.910000000000302,0.37670099378511734,-0.07286294362796042,3.910000000000002,0.37670099378511884,-0.0728629436280835,3.156274020337833,0.5100793119901148,0.02597568995394628,2.749553499999968,-0.1097750933639301,1.1499034007642606,2.76,-2.98,-1.0,0.0,0.0,0.0,2.76,-0.98,-1.0,0.0,0.0,0.0,2.76,-2.98,1.0,0.0,0.0,0.0,2.76,-0.98,1.0,0.0,0.0,0.0,7.66,-0.31,-1.0,0.0,0.0,0.0,7.66,1.69,-1.0,0.0,0.0,0.0,7.66,3.69,-1.0,0.0,0.0,0.0,7.66,-0.31,1.0,0.0,0.0,0.0,7.66,1.69,1.0,0.0,0.0,0.0,7.66,3.69,1.0,0.0,0.0,0.0,7.61,-2.42,-1.0,0.0,0.0,0.0,7.61,-0.42,-1.0,0.0,0.0,0.0,7.61,1.58,-1.0,0.0,0.0,0.0,7.61,3.58,-1.0,0.0,0.0,0.0,7.61,-2.42,1.0,0.0,0.0,0.0,7.61,-0.42,1.0,0.0,0.0,0.0,7.61,1.58,1.0,0.0,0.0,0.0,7.61,3.58,1.0,0.0,0.0,0.0,-1.36,1.06,-1.0,0.0,0.0,0.0,-1.36,3.06,-1.0,0.0,0.0,0.0,-1.36,5.06,-1.0,0.0,0.0,0.0,-1.36,1.06,1.0,0.0,0.0,0.0,-1.36,3.06,1.0,0.0,0.0,0.0,-1.36,5.06,1.0,0.0,0.0,0.0,-4.41,-3.7955999999996273,0.6334000000000358,0.0,-1.1399999999999189,0.21000000000004349,0,0,0,0,0,0,0,0,0,0,0,0,0,0,0,0,0,0,0,0,0,0,0,0,0,0,0,0,0,0,0,0,0,0,0,0,0,0,0,0,0,0,0,0,0,0,0,0,0,0,0,0,0,0,0,0,0,0,0,0,0,0,0,0,0,0,0,0,0,0,0,0,0,0,0,0,0,0,0,0,0,0,0,0,0,0,0,0,0,0,0,0,0,0,0,0,0,0,0,0,0,0,0,0,0,0,0,0,0,0,0,0,0,0,0,0,0,0,0,0,0,0,0,0,0,0,0,0,0,0,0,0,0,0,0,0,0,0,0,0,0,0,0,0,0,0,0,0,0,0
11.702252703,4.89849900000008,0.2591876880939427,-2.3062275081415713,3.8569999999999993,0.4297009937851426,-0.025196795285786777,3.857000000000002,0.42970099378511883,-0.025196795285856943,2.974776579853999,0.5268201162195347,-0.025196795285856943,2.639673499999961,-0.11992272118991341,1.1523435631858439,2.76,-2.98,-1.0,0.0,0.0,0.0,2.76,-0.98,-1.0,0.0,0.0,0.0,2.76,-2.98,1.0,0.0,0.0,0.0,2.76,-0.98,1.0,0.0,0.0,0.0,7.66,-0.31,-1.0,0.0,0.0,0.0,7.66,1.69,-1.0,0.0,0.0,0.0,7.66,3.69,-1.0,0.0,0.0,0.0,7.66,-0.31,1.0,0.0,0.0,0.0,7.66,1.69,1.0,0.0,0.0,0.0,7.66,3.69,1.0,0.0,0.0,0.0,7.61,-2.42,-1.0,0.0,0.0,0.0,7.61,-0.42,-1.0,0.0,0.0,0.0,7.61,1.58,-1.0,0.0,0.0,0.0,7.61,3.58,-1.0,0.0,0.0,0.0,7.61,-2.42,1.0,0.0,0.0,0.0,7.61,-0.42,1.0,0.0,0.0,0.0,7.61,1.58,1.0,0.0,0.0,0.0,7.61,3.58,1.0,0.0,0.0,0.0,-1.36,1.06,-1.0,0.0,0.0,0.0,-1.36,3.06,-1.0,0.0,0.0,0.0,-1.36,5.06,-1.0,0.0,0.0,0.0,-1.36,1.06,1.0,0.0,0.0,0.0,-1.36,3.06,1.0,0.0,0.0,0.0,-1.36,5.06,1.0,0.0,0.0,0.0,-4.41,-3.8639999999996224,0.6460000000000384,0.0,-1.1399999999999189,0.21000000000004349,0,0,0,0,0,0,0,0,0,0,0,0,0,0,0,0,0,0,0,0,0,0,0,0,0,0,0,0,0,0,0,0,0,0,0,0,0,0,0,0,0,0,0,0,0,0,0,0,0,0,0,0,0,0,0,0,0,0,0,0,0,0,0,0,0,0,0,0,0,0,0,0,0,0,0,0,0,0,0,0,0,0,0,0,0,0,0,0,0,0,0,0,0,0,0,0,0,0,0,0,0,0,0,0,0,0,0,0,0,0,0,0,0,0,0,0,0,0,0,0,0,0,0,0,0,0,0,0,0,0,0,0,0,0,0,0,0,0,0,0,0,0,0,0,0,0,0,0,0,0
11.803108958,5.127651000000083,0.28270174772105,-2.3100073158587158,3.794000000000075,0.36670099378510734,-0.088196795285711,3.794000000000002,0.36670099378511883,-0.08819679528585694,2.8264077815214086,-0.37749206154875337,-0.18363660005311822,2.5160374999999604,-0.13346115299103764,1.1533405252283577,2.76,-2.98,-1.0,0.0,0.0,0.0,2.76,-0.98,-1.0,0.0,0.0,0.0,2.76,-2.98,1.0,0.0,0.0,0.0,2.76,-0.98,1.0,0.0,0.0,0.0,7.66,-0.31,-1.0,0.0,0.0,0.0,7.66,1.69,-1.0,0.0,0.0,0.0,7.66,3.69,-1.0,0.0,0.0,0.0,7.66,-0.31,1.0,0.0,0.0,0.0,7.66,1.69,1.0,0.0,0.0,0.0,7.66,3.69,1.0,0.0,0.0,0.0,7.61,-2.42,-1.0,0.0,0.0,0.0,7.61,-0.42,-1.0,0.0,0.0,0.0,7.61,1.58,-1.0,0.0,0.0,0.0,7.61,3.58,-1.0,0.0,0.0,0.0,7.61,-2.42,1.0,0.0,0.0,0.0,7.61,-0.42,1.0,0.0,0.0,0.0,7.61,1.58,1.0,0.0,0.0,0.0,7.61,3.58,1.0,0.0,0.0,0.0,-1.36,1.06,-1.0,0.0,0.0,0.0,-1.36,3.06,-1.0,0.0,0.0,0.0,-1.36,5.06,-1.0,0.0,0.0,0.0,-1.36,1.06,1.0,0.0,0.0,0.0,-1.36,3.06,1.0,0.0,0.0,0.0,-1.36,5.06,1.0,0.0,0.0,0.0,-4.41,-3.955199999999616,0.6628000000000419,0.0,-1.1399999999999189,0.21000000000004349,0,0,0,0,0,0,0,0,0,0,0,0,0,0,0,0,0,0,0,0,0,0,0,0,0,0,0,0,0,0,0,0,0,0,0,0,0,0,0,0,0,0,0,0,0,0,0,0,0,0,0,0,0,0,0,0,0,0,0,0,0,0,0,0,0,0,0,0,0,0,0,0,0,0,0,0,0,0,0,0,0,0,0,0,0,0,0,0,0,0,0,0,0,0,0,0,0,0,0,0,0,0,0,0,0,0,0,0,0,0,0,0,0,0,0,0,0,0,0,0,0,0,0,0,0,0,0,0,0,0,0,0,0,0,0,0,0,0,0,0,0,0,0,0,0,0,0,0,0,0
11.901951472,5.427975000000101,0.31288120397111246,-2.315336046048654,3.72600000000034,0.38464517989689195,-0.05145182862786868,3.7260000000000018,0.3846451798968653,-0.05145182862779407,2.7601649724608857,0.3846451798968653,-0.05145182862779407,2.3906940999999575,-0.14576384671622455,1.156036297996126,2.76,-2.98,-1.0,0.0,0.0,0.0,2.76,-0.98,-1.0,0.0,0.0,0.0,2.76,-2.98,1.0,0.0,0.0,0.0,2.76,-0.98,1.0,0.0,0.0,0.0,7.66,-0.31,-1.0,0.0,0.0,0.0,7.66,1.69,-1.0,0.0,0.0,0.0,7.66,3.69,-1.0,0.0,0.0,0.0,7.66,-0.31,1.0,0.0,0.0,0.0,7.66,1.69,1.0,0.0,0.0,0.0,7.66,3.69,1.0,0.0,0.0,0.0,7.61,-2.42,-1.0,0.0,0.0,0.0,7.61,-0.42,-1.0,0.0,0.0,0.0,7.61,1.58,-1.0,0.0,0.0,0.0,7.61,3.58,-1.0,0.0,0.0,0.0,7.61,-2.42,1.0,0.0,0.0,0.0,7.61,-0.42,1.0,0.0,0.0,0.0,7.61,1.58,1.0,0.0,0.0,0.0,7.61,3.58,1.0,0.0,0.0,0.0,-1.36,1.06,-1.0,0.0,0.0,0.0,-1.36,3.06,-1.0,0.0,0.0,0.0,-1.36,5.06,-1.0,0.0,0.0,0.0,-1.36,1.06,1.0,0.0,0.0,0.0,-1.36,3.06,1.0,0.0,0.0,0.0,-1.36,5.06,1.0,0.0,0.0,0.0,-4.41,-4.02359999999962,0.6754000000000445,0.0,-1.140000000000363,0.21000000000004349,0,0,0,0,0,0,0,0,0,0,0,0,0,0,0,0,0,0,0,0,0,0,0,0,0,0,0,0,0,0,0,0,0,0,0,0,0,0,0,0,0,0,0,0,0,0,0,0,0,0,0,0,0,0,0,0,0,0,0,0,0,0,0,0,0,0,0,0,0,0,0,0,0,0,0,0,0,0,0,0,0,0,0,0,0,0,0,0,0,0,0,0,0,0,0,0,0,0,0,0,0,0,0,0,0,0,0,0,0,0,0,0,0,0,0,0,0,0,0,0,0,0,0,0,0,0,0,0,0,0,0,0,0,0,0,0,0,0,0,0,0,0,0,0,0,0,0,0,0,0
12.001276371,5.795263000000132,0.3460337219608017,-2.3151692289114374,3.643000000000285,0.3016451798968922,0.03154817137218657,3.6430000000000016,0.3016451798968653,0.03154817137220593,2.608776383419209,0.29192149800615175,0.046666673334474496,2.2357695999999447,-0.16157521191416424,1.1583045227108033,2.76,-2.98,-1.0,0.0,0.0,0.0,2.76,-0.98,-1.0,0.0,0.0,0.0,2.76,-2.98,1.0,0.0,0.0,0.0,2.76,-0.98,1.0,0.0,0.0,0.0,7.66,-0.31,-1.0,0.0,0.0,0.0,7.66,1.69,-1.0,0.0,0.0,0.0,7.66,3.69,-1.0,0.0,0.0,0.0,7.66,-0.31,1.0,0.0,0.0,0.0,7.66,1.69,1.0,0.0,0.0,0.0,7.66,3.69,1.0,0.0,0.0,0.0,7.61,-2.42,-1.0,0.0,0.0,0.0,7.61,-0.42,-1.0,0.0,0.0,0.0,7.61,1.58,-1.0,0.0,0.0,0.0,7.61,3.58,-1.0,0.0,0.0,0.0,7.61,-2.42,1.0,0.0,0.0,0.0,7.61,-0.42,1.0,0.0,0.0,0.0,7.61,1.58,1.0,0.0,0.0,0.0,7.61,3.58,1.0,0.0,0.0,0.0,-1.36,1.06,-1.0,0.0,0.0,0.0,-1.36,3.06,-1.0,0.0,0.0,0.0,-1.36,5.06,-1.0,0.0,0.0,0.0,-1.36,1.06,1.0,0.0,0.0,0.0,-1.36,3.06,1.0,0.0,0.0,0.0,-1.36,5.06,1.0,0.0,0.0,0.0,-4.41,-4.137599999999656,0.6964000000000489,0.0,-1.140000000000363,0.21000000000004349,0,0,0,0,0,0,0,0,0,0,0,0,0,0,0,0,0,0,0,0,0,0,0,0,0,0,0,0,0,0,0,0,0,0,0,0,0,0,0,0,0,0,0,0,0,0,0,0,0,0,0,0,0,0,0,0,0,0,0,0,0,0,0,0,0,0,0,0,0,0,0,0,0,0,0,0,0,0,0,0,0,0,0,0,0,0,0,0,0,0,0,0,0,0,0,0,0,0,0,0,0,0,0,0,0,0,0,0,0,0,0,0,0,0,0,0,0,0,0,0,0,0,0,0,0,0,0,0,0,0,0,0,0,0,0,0,0,0,0,0,0,0,0,0,0,0,0,0,0,0
12.101057361,6.081867000000125,0.36532933635255255,-2.3174813752016687,3.54999999999972,0.20864517989688247,-0.06145182862793419,3.5500000000000016,0.2086451798968653,-0.06145182862779407,2.49443297256941,0.13267031432219945,-0.09174828007038993,2.0805104999999324,-0.17482673205978216,1.1573953254274856,2.76,-2.98,-1.0,0.0,0.0,0.0,2.76,-0.98,-1.0,0.0,0.0,0.0,2.76,-2.98,1.0,0.0,0.0,0.0,2.76,-0.98,1.0,0.0,0.0,0.0,7.66,-0.31,-1.0,0.0,0.0,0.0,7.66,1.69,-1.0,0.0,0.0,0.0,7.66,3.69,-1.0,0.0,0.0,0.0,7.66,-0.31,1.0,0.0,0.0,0.0,7.66,1.69,1.0,0.0,0.0,0.0,7.66,3.69,1.0,0.0,0.0,0.0,7.61,-2.42,-1.0,0.0,0.0,0.0,7.61,-0.42,-1.0,0.0,0.0,0.0,7.61,1.58,-1.0,0.0,0.0,0.0,7.61,3.58,-1.0,0.0,0.0,0.0,7.61,-2.42,1.0,0.0,0.0,0.0,7.61,-0.42,1.0,0.0,0.0,0.0,7.61,1.58,1.0,0.0,0.0,0.0,7.61,3.58,1.0,0.0,0.0,0.0,-1.36,1.06,-1.0,0.0,0.0,0.0,-1.36,3.06,-1.0,0.0,0.0,0.0,-1.36,5.06,-1.0,0.0,0.0,0.0,-1.36,1.06,1.0,0.0,0.0,0.0,-1.36,3.06,1.0,0.0,0.0,0.0,-1.36,5.06,1.0,0.0,0.0,0.0,-4.41,-4.228799999999685,0.7132000000000523,0.0,-1.140000000000363,0.21000000000004349,0,0,0,0,0,0,0,0,0,0,0,0,0,0,0,0,0,0,0,0,0,0,0,0,0,0,0,0,0,0,0,0,0,0,0,0,0,0,0,0,0,0,0,0,0,0,0,0,0,0,0,0,0,0,0,0,0,0,0,0,0,0,0,0,0,0,0,0,0,0,0,0,0,0,0,0,0,0,0,0,0,0,0,0,0,0,0,0,0,0,0,0,0,0,0,0,0,0,0,0,0,0,0,0,0,0,0,0,0,0,0,0,0,0,0,0,0,0,0,0,0,0,0,0,0,0,0,0,0,0,0,0,0,0,0,0,0,0,0,0,0,0,0,0,0,0,0,0,0,0
12.201177121,6.361817000000114,0.38607095074430303,-2.3183475214918925,3.4689999999999444,0.2896451798968802,0.019548171372285594,3.4690000000000016,0.2896451798968653,0.019548171372205936,2.446500447846261,0.3159525564184378,0.15092253859890814,1.9200569999999404,-0.185000265155142,1.1593761577157415,2.76,-2.98,-1.0,0.0,0.0,0.0,2.76,-0.98,-1.0,0.0,0.0,0.0,2.76,-2.98,1.0,0.0,0.0,0.0,2.76,-0.98,1.0,0.0,0.0,0.0,7.66,-0.31,-1.0,0.0,0.0,0.0,7.66,1.69,-1.0,0.0,0.0,0.0,7.66,3.69,-1.0,0.0,0.0,0.0,7.66,-0.31,1.0,0.0,0.0,0.0,7.66,1.69,1.0,0.0,0.0,0.0,7.66,3.69,1.0,0.0,0.0,0.0,7.61,-2.42,-1.0,0.0,0.0,0.0,7.61,-0.42,-1.0,0.0,0.0,0.0,7.61,1.58,-1.0,0.0,0.0,0.0,7.61,3.58,-1.0,0.0,0.0,0.0,7.61,-2.42,1.0,0.0,0.0,0.0,7.61,-0.42,1.0,0.0,0.0,0.0,7.61,1.58,1.0,0.0,0.0,0.0,7.61,3.58,1.0,0.0,0.0,0.0,-1.36,1.06,-1.0,0.0,0.0,0.0,-1.36,3.06,-1.0,0.0,0.0,0.0,-1.36,5.06,-1.0,0.0,0.0,0.0,-1.36,1.06,1.0,0.0,0.0,0.0,-1.36,3.06,1.0,0.0,0.0,0.0,-1.36,5.06,1.0,0.0,0.0,0.0,-4.41,-4.319999999999714,0.7300000000000558,0.0,-1.140000000000363,0.21000000000004349,0,0,0,0,0,0,0,0,0,0,0,0,0,0,0,0,0,0,0,0,0,0,0,0,0,0,0,0,0,0,0,0,0,0,0,0,0,0,0,0,0,0,0,0,0,0,0,0,0,0,0,0,0,0,0,0,0,0,0,0,0,0,0,0,0,0,0,0,0,0,0,0,0,0,0,0,0,0,0,0,0,0,0,0,0,0,0,0,0,0,0,0,0,0,0,0,0,0,0,0,0,0,0,0,0,0,0,0,0,0,0,0,0,0,0,0,0,0,0,0,0,0,0,0,0,0,0,0,0,0,0,0,0,0,0,0,0,0,0,0,0,0,0,0,0,0,0,0,0,0
12.301529966,6.635353000000107,0.40525856513605346,-2.317187614257419,3.385999999999889,0.20664517989688047,0.011132619803344568,3.3860000000000015,0.20664517989686526,0.011132619803412513,2.315206276216155,0.10679790917274001,0.011132619803412513,1.7775298999999438,-0.19644481753091408,1.158945915130734,2.76,-2.98,-1.0,0.0,0.0,0.0,2.76,-0.98,-1.0,0.0,0.0,0.0,2.76,-2.98,1.0,0.0,0.0,0.0,2.76,-0.98,1.0,0.0,0.0,0.0,7.66,-0.31,-1.0,0.0,0.0,0.0,7.66,1.69,-1.0,0.0,0.0,0.0,7.66,3.69,-1.0,0.0,0.0,0.0,7.66,-0.31,1.0,0.0,0.0,0.0,7.66,1.69,1.0,0.0,0.0,0.0,7.66,3.69,1.0,0.0,0.0,0.0,7.61,-2.42,-1.0,0.0,0.0,0.0,7.61,-0.42,-1.0,0.0,0.0,0.0,7.61,1.58,-1.0,0.0,0.0,0.0,7.61,3.58,-1.0,0.0,0.0,0.0,7.61,-2.42,1.0,0.0,0.0,0.0,7.61,-0.42,1.0,0.0,0.0,0.0,7.61,1.58,1.0,0.0,0.0,0.0,7.61,3.58,1.0,0.0,0.0,0.0,-1.36,1.06,-1.0,0.0,0.0,0.0,-1.36,3.06,-1.0,0.0,0.0,0.0,-1.36,5.06,-1.0,0.0,0.0,0.0,-1.36,1.06,1.0,0.0,0.0,0.0,-1.36,3.06,1.0,0.0,0.0,0.0,-1.36,5.06,1.0,0.0,0.0,0.0,-4.41,-4.411199999999743,0.7468000000000593,0.0,-1.140000000000363,0.21000000000004349,0,0,0,0,0,0,0,0,0,0,0,0,0,0,0,0,0,0,0,0,0,0,0,0,0,0,0,0,0,0,0,0,0,0,0,0,0,0,0,0,0,0,0,0,0,0,0,0,0,0,0,0,0,0,0,0,0,0,0,0,0,0,0,0,0,0,0,0,0,0,0,0,0,0,0,0,0,0,0,0,0,0,0,0,0,0,0,0,0,0,0,0,0,0,0,0,0,0,0,0,0,0,0,0,0,0,0,0,0,0,0,0,0,0,0,0,0,0,0,0,0,0,0,0,0,0,0,0,0,0,0,0,0,0,0,0,0,0,0,0,0,0,0,0,0,0,0,0,0,0
12.401062916,6.902621000000115,0.42540217952780285,-2.31268500467315,3.3000000000003027,0.29264517989685546,0.09713261980337506,3.3000000000000016,0.2926451798968652,0.0971326198034125,2.1828096293136965,0.33334784035530696,0.10472709152338355,1.6450860999999475,-0.2049109795468924,1.1584627483108727,2.76,-2.98,-1.0,0.0,0.0,0.0,2.76,-0.98,-1.0,0.0,0.0,0.0,2.76,-2.98,1.0,0.0,0.0,0.0,2.76,-0.98,1.0,0.0,0.0,0.0,7.66,-0.31,-1.0,0.0,0.0,0.0,7.66,1.69,-1.0,0.0,0.0,0.0,7.66,3.69,-1.0,0.0,0.0,0.0,7.66,-0.31,1.0,0.0,0.0,0.0,7.66,1.69,1.0,0.0,0.0,0.0,7.66,3.69,1.0,0.0,0.0,0.0,7.61,-2.42,-1.0,0.0,0.0,0.0,7.61,-0.42,-1.0,0.0,0.0,0.0,7.61,1.58,-1.0,0.0,0.0,0.0,7.61,3.58,-1.0,0.0,0.0,0.0,7.61,-2.42,1.0,0.0,0.0,0.0,7.61,-0.42,1.0,0.0,0.0,0.0,7.61,1.58,1.0,0.0,0.0,0.0,7.61,3.58,1.0,0.0,0.0,0.0,-1.36,1.06,-1.0,0.0,0.0,0.0,-1.36,3.06,-1.0,0.0,0.0,0.0,-1.36,5.06,-1.0,0.0,0.0,0.0,-1.36,1.06,1.0,0.0,0.0,0.0,-1.36,3.06,1.0,0.0,0.0,0.0,-1.36,5.06,1.0,0.0,0.0,0.0,-4.41,-4.502399999999772,0.7636000000000628,0.0,-1.140000000000363,0.21000000000004349,0,0,0,0,0,0,0,0,0,0,0,0,0,0,0,0,0,0,0,0,0,0,0,0,0,0,0,0,0,0,0,0,0,0,0,0,0,0,0,0,0,0,0,0,0,0,0,0,0,0,0,0,0,0,0,0,0,0,0,0,0,0,0,0,0,0,0,0,0,0,0,0,0,0,0,0,0,0,0,0,0,0,0,0,0,0,0,0,0,0,0,0,0,0,0,0,0,0,0,0,0,0,0,0,0,0,0,0,0,0,0,0,0,0,0,0,0,0,0,0,0,0,0,0,0,0,0,0,0,0,0,0,0,0,0,0,0,0,0,0,0,0,0,0,0,0,0,0,0,0
12.501243108,7.162916000000128,0.4451087939195523,-2.3086193950888663,3.235000000000099,0.22764517989687372,0.03213261980361537,3.2350000000000017,0.22764517989686522,0.032132619803412504,1.9182798985484206,0.15145545333088384,0.01832755640119954,1.52228949999994,-0.2150422512030763,1.155565441378148,2.76,-2.98,-1.0,0.0,0.0,0.0,2.76,-0.98,-1.0,0.0,0.0,0.0,2.76,-2.98,1.0,0.0,0.0,0.0,2.76,-0.98,1.0,0.0,0.0,0.0,7.66,-0.31,-1.0,0.0,0.0,0.0,7.66,1.69,-1.0,0.0,0.0,0.0,7.66,3.69,-1.0,0.0,0.0,0.0,7.66,-0.31,1.0,0.0,0.0,0.0,7.66,1.69,1.0,0.0,0.0,0.0,7.66,3.69,1.0,0.0,0.0,0.0,7.61,-2.42,-1.0,0.0,0.0,0.0,7.61,-0.42,-1.0,0.0,0.0,0.0,7.61,1.58,-1.0,0.0,0.0,0.0,7.61,3.58,-1.0,0.0,0.0,0.0,7.61,-2.42,1.0,0.0,0.0,0.0,7.61,-0.42,1.0,0.0,0.0,0.0,7.61,1.58,1.0,0.0,0.0,0.0,7.61,3.58,1.0,0.0,0.0,0.0,-1.36,1.06,-1.0,0.0,0.0,0.0,-1.36,3.06,-1.0,0.0,0.0,0.0,-1.36,5.06,-1.0,0.0,0.0,0.0,-1.36,1.06,1.0,0.0,0.0,0.0,-1.36,3.06,1.0,0.0,0.0,0.0,-1.36,5.06,1.0,0.0,0.0,0.0,-4.41,-4.593599999999801,0.7804000000000663,0.0,-1.140000000000363,0.21000000000004349,0,0,0,0,0,0,0,0,0,0,0,0,0,0,0,0,0,0,0,0,0,0,0,0,0,0,0,0,0,0,0,0,0,0,0,0,0,0,0,0,0,0,0,0,0,0,0,0,0,0,0,0,0,0,0,0,0,0,0,0,0,0,0,0,0,0,0,0,0,0,0,0,0,0,0,0,0,0,0,0,0,0,0,0,0,0,0,0,0,0,0,0,0,0,0,0,0,0,0,0,0,0,0,0,0,0,0,0,0,0,0,0,0,0,0,0,0,0,0,0,0,0,0,0,0,0,0,0,0,0,0,0,0,0,0,0,0,0,0,0,0,0,0,0,0,0,0,0,0,0
12.602203961,7.417134000000114,0.45873840831130247,-2.3106307855045993,3.1559999999997146,0.14864517989687798,-0.04686738019676895,3.1560000000000015,0.1486451798968652,-0.046867380196587496,2.0559456505823013,-0.135050781168093,-0.08022596298429896,1.3958969999999353,-0.2241479132190543,1.1540847692058078,2.76,-2.98,-1.0,0.0,0.0,0.0,2.76,-0.98,-1.0,0.0,0.0,0.0,2.76,-2.98,1.0,0.0,0.0,0.0,2.76,-0.98,1.0,0.0,0.0,0.0,7.66,-0.31,-1.0,0.0,0.0,0.0,7.66,1.69,-1.0,0.0,0.0,0.0,7.66,3.69,-1.0,0.0,0.0,0.0,7.66,-0.31,1.0,0.0,0.0,0.0,7.66,1.69,1.0,0.0,0.0,0.0,7.66,3.69,1.0,0.0,0.0,0.0,7.61,-2.42,-1.0,0.0,0.0,0.0,7.61,-0.42,-1.0,0.0,0.0,0.0,7.61,1.58,-1.0,0.0,0.0,0.0,7.61,3.58,-1.0,0.0,0.0,0.0,7.61,-2.42,1.0,0.0,0.0,0.0,7.61,-0.42,1.0,0.0,0.0,0.0,7.61,1.58,1.0,0.0,0.0,0.0,7.61,3.58,1.0,0.0,0.0,0.0,-1.36,1.06,-1.0,0.0,0.0,0.0,-1.36,3.06,-1.0,0.0,0.0,0.0,-1.36,5.06,-1.0,0.0,0.0,0.0,-1.36,1.06,1.0,0.0,0.0,0.0,-1.36,3.06,1.0,0.0,0.0,0.0,-1.36,5.06,1.0,0.0,0.0,0.0,-4.41,-4.68479999999983,0.7972000000000697,0.0,-1.140000000000363,0.21000000000004349,0,0,0,0,0,0,0,0,0,0,0,0,0,0,0,0,0,0,0,0,0,0,0,0,0,0,0,0,0,0,0,0,0,0,0,0,0,0,0,0,0,0,0,0,0,0,0,0,0,0,0,0,0,0,0,0,0,0,0,0,0,0,0,0,0,0,0,0,0,0,0,0,0,0,0,0,0,0,0,0,0,0,0,0,0,0,0,0,0,0,0,0,0,0,0,0,0,0,0,0,0,0,0,0,0,0,0,0,0,0,0,0,0,0,0,0,0,0,0,0,0,0,0,0,0,0,0,0,0,0,0,0,0,0,0,0,0,0,0,0,0,0,0,0,0,0,0,0,0,0
12.703216249,7.665529000000093,0.4739667039588933,-2.3102951759203236,3.0609999999997584,0.22624241840479842,0.04813261980363137,3.0610000000000013,0.22624241840481218,0.048132619803412505,1.8541128906755278,0.22624241840481218,0.15398034168318597,1.259872999999946,-0.23085565595462001,1.1557840665542674,2.76,-2.98,-1.0,0.0,0.0,0.0,2.76,-0.98,-1.0,0.0,0.0,0.0,2.76,-2.98,1.0,0.0,0.0,0.0,2.76,-0.98,1.0,0.0,0.0,0.0,7.66,-0.31,-1.0,0.0,0.0,0.0,7.66,1.69,-1.0,0.0,0.0,0.0,7.66,3.69,-1.0,0.0,0.0,0.0,7.66,-0.31,1.0,0.0,0.0,0.0,7.66,1.69,1.0,0.0,0.0,0.0,7.66,3.69,1.0,0.0,0.0,0.0,7.61,-2.42,-1.0,0.0,0.0,0.0,7.61,-0.42,-1.0,0.0,0.0,0.0,7.61,1.58,-1.0,0.0,0.0,0.0,7.61,3.58,-1.0,0.0,0.0,0.0,7.61,-2.42,1.0,0.0,0.0,0.0,7.61,-0.42,1.0,0.0,0.0,0.0,7.61,1.58,1.0,0.0,0.0,0.0,7.61,3.58,1.0,0.0,0.0,0.0,-1.36,1.06,-1.0,0.0,0.0,0.0,-1.36,3.06,-1.0,0.0,0.0,0.0,-1.36,5.06,-1.0,0.0,0.0,0.0,-1.36,1.06,1.0,0.0,0.0,0.0,-1.36,3.06,1.0,0.0,0.0,0.0,-1.36,5.06,1.0,0.0,0.0,0.0,-4.41,-4.7759999999998595,0.8140000000000732,0.0,-1.140000000000363,0.21000000000004349,0,0,0,0,0,0,0,0,0,0,0,0,0,0,0,0,0,0,0,0,0,0,0,0,0,0,0,0,0,0,0,0,0,0,0,0,0,0,0,0,0,0,0,0,0,0,0,0,0,0,0,0,0,0,0,0,0,0,0,0,0,0,0,0,0,0,0,0,0,0,0,0,0,0,0,0,0,0,0,0,0,0,0,0,0,0,0,0,0,0,0,0,0,0,0,0,0,0,0,0,0,0,0,0,0,0,0,0,0,0,0,0,0,0,0,0,0,0,0,0,0,0,0,0,0,0,0,0,0,0,0,0,0,0,0,0,0,0,0,0,0,0,0,0,0,0,0,0,0,0
12.801026677,7.846567000000079,0.49016324906318254,-2.304785218732107,3.0039999999997846,0.28324241840482767,0.10513261980360511,3.0040000000000013,0.2832424184048122,0.10513261980341251,1.359027463120391,0.38755929432800196,0.42221176340067235,1.1550598999999546,-0.23795672165306586,1.1548866574809473,2.76,-2.98,-1.0,0.0,0.0,0.0,2.76,-0.98,-1.0,0.0,0.0,0.0,2.76,-2.98,1.0,0.0,0.0,0.0,2.76,-0.98,1.0,0.0,0.0,0.0,7.66,-0.31,-1.0,0.0,0.0,0.0,7.66,1.69,-1.0,0.0,0.0,0.0,7.66,3.69,-1.0,0.0,0.0,0.0,7.66,-0.31,1.0,0.0,0.0,0.0,7.66,1.69,1.0,0.0,0.0,0.0,7.66,3.69,1.0,0.0,0.0,0.0,7.61,-2.42,-1.0,0.0,0.0,0.0,7.61,-0.42,-1.0,0.0,0.0,0.0,7.61,1.58,-1.0,0.0,0.0,0.0,7.61,3.58,-1.0,0.0,0.0,0.0,7.61,-2.42,1.0,0.0,0.0,0.0,7.61,-0.42,1.0,0.0,0.0,0.0,7.61,1.58,1.0,0.0,0.0,0.0,7.61,3.58,1.0,0.0,0.0,0.0,-1.36,1.06,-1.0,0.0,0.0,0.0,-1.36,3.06,-1.0,0.0,0.0,0.0,-1.36,5.06,-1.0,0.0,0.0,0.0,-1.36,1.06,1.0,0.0,0.0,0.0,-1.36,3.06,1.0,0.0,0.0,0.0,-1.36,5.06,1.0,0.0,0.0,0.0,-4.41,-4.844399999999881,0.8266000000000758,0.0,-1.140000000000363,0.21000000000004349,0,0,0,0,0,0,0,0,0,0,0,0,0,0,0,0,0,0,0,0,0,0,0,0,0,0,0,0,0,0,0,0,0,0,0,0,0,0,0,0,0,0,0,0,0,0,0,0,0,0,0,0,0,0,0,0,0,0,0,0,0,0,0,0,0,0,0,0,0,0,0,0,0,0,0,0,0,0,0,0,0,0,0,0,0,0,0,0,0,0,0,0,0,0,0,0,0,0,0,0,0,0,0,0,0,0,0,0,0,0,0,0,0,0,0,0,0,0,0,0,0,0,0,0,0,0,0,0,0,0,0,0,0,0,0,0,0,0,0,0,0,0,0,0,0,0,0,0,0,0
12.900776084,8.08293400000006,0.5167756425355704,-2.2924216091478424,2.9369999999993013,0.3502424184048669,0.17213261980320027,2.937000000000001,0.3502424184048122,0.17213261980341252,1.5398183376039627,0.36980867784068794,0.5984877536639681,1.0586924999999616,-0.24678107904202023,1.1517618136472318,2.76,-2.98,-1.0,0.0,0.0,0.0,2.76,-0.98,-1.0,0.0,0.0,0.0,2.76,-2.98,1.0,0.0,0.0,0.0,2.76,-0.98,1.0,0.0,0.0,0.0,7.66,-0.31,-1.0,0.0,0.0,0.0,7.66,1.69,-1.0,0.0,0.0,0.0,7.66,3.69,-1.0,0.0,0.0,0.0,7.66,-0.31,1.0,0.0,0.0,0.0,7.66,1.69,1.0,0.0,0.0,0.0,7.66,3.69,1.0,0.0,0.0,0.0,7.61,-2.42,-1.0,0.0,0.0,0.0,7.61,-0.42,-1.0,0.0,0.0,0.0,7.61,1.58,-1.0,0.0,0.0,0.0,7.61,3.58,-1.0,0.0,0.0,0.0,7.61,-2.42,1.0,0.0,0.0,0.0,7.61,-0.42,1.0,0.0,0.0,0.0,7.61,1.58,1.0,0.0,0.0,0.0,7.61,3.58,1.0,0.0,0.0,0.0,-1.36,1.06,-1.0,0.0,0.0,0.0,-1.36,3.06,-1.0,0.0,0.0,0.0,-1.36,5.06,-1.0,0.0,0.0,0.0,-1.36,1.06,1.0,0.0,0.0,0.0,-1.36,3.06,1.0,0.0,0.0,0.0,-1.36,5.06,1.0,0.0,0.0,0.0,-4.41,-4.93559999999991,0.8434000000000793,0.0,-1.140000000000363,0.21000000000004349,0,0,0,0,0,0,0,0,0,0,0,0,0,0,0,0,0,0,0,0,0,0,0,0,0,0,0,0,0,0,0,0,0,0,0,0,0,0,0,0,0,0,0,0,0,0,0,0,0,0,0,0,0,0,0,0,0,0,0,0,0,0,0,0,0,0,0,0,0,0,0,0,0,0,0,0,0,0,0,0,0,0,0,0,0,0,0,0,0,0,0,0,0,0,0,0,0,0,0,0,0,0,0,0,0,0,0,0,0,0,0,0,0,0,0,0,0,0,0,0,0,0,0,0,0,0,0,0,0,0,0,0,0,0,0,0,0,0,0,0,0,0,0,0,0,0,0,0,0,0
13.005162723,8.313570000000068,0.5404710360079554,-2.2743269995635664,2.8450000000006526,0.2582424184047749,0.26413261980362535,2.845000000000001,0.2582424184048122,0.2641326198034125,1.4554794964695459,-0.042679345091655385,0.728111888845782,0.9379739999999748,-0.26083951819661927,1.1450058762352988,2.76,-2.98,-1.0,0.0,0.0,0.0,2.76,-0.98,-1.0,0.0,0.0,0.0,2.76,-2.98,1.0,0.0,0.0,0.0,2.76,-0.98,1.0,0.0,0.0,0.0,7.66,-0.31,-1.0,0.0,0.0,0.0,7.66,1.69,-1.0,0.0,0.0,0.0,7.66,3.69,-1.0,0.0,0.0,0.0,7.66,-0.31,1.0,0.0,0.0,0.0,7.66,1.69,1.0,0.0,0.0,0.0,7.66,3.69,1.0,0.0,0.0,0.0,7.61,-2.42,-1.0,0.0,0.0,0.0,7.61,-0.42,-1.0,0.0,0.0,0.0,7.61,1.58,-1.0,0.0,0.0,0.0,7.61,3.58,-1.0,0.0,0.0,0.0,7.61,-2.42,1.0,0.0,0.0,0.0,7.61,-0.42,1.0,0.0,0.0,0.0,7.61,1.58,1.0,0.0,0.0,0.0,7.61,3.58,1.0,0.0,0.0,0.0,-1.36,1.06,-1.0,0.0,0.0,0.0,-1.36,3.06,-1.0,0.0,0.0,0.0,-1.36,5.06,-1.0,0.0,0.0,0.0,-1.36,1.06,1.0,0.0,0.0,0.0,-1.36,3.06,1.0,0.0,0.0,0.0,-1.36,5.06,1.0,0.0,0.0,0.0,-4.41,-5.026799999999939,0.8602000000000828,0.0,-1.140000000000363,0.21000000000004349,0,0,0,0,0,0,0,0,0,0,0,0,0,0,0,0,0,0,0,0,0,0,0,0,0,0,0,0,0,0,0,0,0,0,0,0,0,0,0,0,0,0,0,0,0,0,0,0,0,0,0,0,0,0,0,0,0,0,0,0,0,0,0,0,0,0,0,0,0,0,0,0,0,0,0,0,0,0,0,0,0,0,0,0,0,0,0,0,0,0,0,0,0,0,0,0,0,0,0,0,0,0,0,0,0,0,0,0,0,0,0,0,0,0,0,0,0,0,0,0,0,0,0,0,0,0,0,0,0,0,0,0,0,0,0,0,0,0,0,0,0,0,0,0,0,0,0,0,0,0
13.101302787,8.537228000000097,0.557188429480338,-2.249254389979277,2.7720000000002187,0.18524241840478517,0.3371326198036151,2.772000000000001,0.1852424184048122,0.3371326198034125,1.1006279249314297,0.1528127055973325,1.1204100607887,0.8332574999999638,-0.2711393664683944,1.1362390356124705,2.76,-2.98,-1.0,0.0,0.0,0.0,2.76,-0.98,-1.0,0.0,0.0,0.0,2.76,-2.98,1.0,0.0,0.0,0.0,2.76,-0.98,1.0,0.0,0.0,0.0,7.66,-0.31,-1.0,0.0,0.0,0.0,7.66,1.69,-1.0,0.0,0.0,0.0,7.66,3.69,-1.0,0.0,0.0,0.0,7.66,-0.31,1.0,0.0,0.0,0.0,7.66,1.69,1.0,0.0,0.0,0.0,7.66,3.69,1.0,0.0,0.0,0.0,7.61,-2.42,-1.0,0.0,0.0,0.0,7.61,-0.42,-1.0,0.0,0.0,0.0,7.61,1.58,-1.0,0.0,0.0,0.0,7.61,3.58,-1.0,0.0,0.0,0.0,7.61,-2.42,1.0,0.0,0.0,0.0,7.61,-0.42,1.0,0.0,0.0,0.0,7.61,1.58,1.0,0.0,0.0,0.0,7.61,3.58,1.0,0.0,0.0,0.0,-1.36,1.06,-1.0,0.0,0.0,0.0,-1.36,3.06,-1.0,0.0,0.0,0.0,-1.36,5.06,-1.0,0.0,0.0,0.0,-1.36,1.06,1.0,0.0,0.0,0.0,-1.36,3.06,1.0,0.0,0.0,0.0,-1.36,5.06,1.0,0.0,0.0,0.0,-4.41,-5.117999999999968,0.8770000000000863,0.0,-1.140000000000363,0.21000000000004349,0,0,0,0,0,0,0,0,0,0,0,0,0,0,0,0,0,0,0,0,0,0,0,0,0,0,0,0,0,0,0,0,0,0,0,0,0,0,0,0,0,0,0,0,0,0,0,0,0,0,0,0,0,0,0,0,0,0,0,0,0,0,0,0,0,0,0,0,0,0,0,0,0,0,0,0,0,0,0,0,0,0,0,0,0,0,0,0,0,0,0,0,0,0,0,0,0,0,0,0,0,0,0,0,0,0,0,0,0,0,0,0,0,0,0,0,0,0,0,0,0,0,0,0,0,0,0,0,0,0,0,0,0,0,0,0,0,0,0,0,0,0,0,0,0,0,0,0,0,0
13.203068955,8.75516600000014,0.5681858229527228,-2.2184617803949944,2.6810000000008216,0.09424241840483294,0.4281326198034563,2.681000000000001,0.0942424184048122,0.42813261980341255,0.8332574999999638,-0.2711393664683944,1.1362390356124705,0.7161399999999505,-0.2796130480413953,1.1227729655807186,2.76,-2.98,-1.0,0.0,0.0,0.0,2.76,-0.98,-1.0,0.0,0.0,0.0,2.76,-2.98,1.0,0.0,0.0,0.0,2.76,-0.98,1.0,0.0,0.0,0.0,7.66,-0.31,-1.0,0.0,0.0,0.0,7.66,1.69,-1.0,0.0,0.0,0.0,7.66,3.69,-1.0,0.0,0.0,0.0,7.66,-0.31,1.0,0.0,0.0,0.0,7.66,1.69,1.0,0.0,0.0,0.0,7.66,3.69,1.0,0.0,0.0,0.0,7.61,-2.42,-1.0,0.0,0.0,0.0,7.61,-0.42,-1.0,0.0,0.0,0.0,7.61,1.58,-1.0,0.0,0.0,0.0,7.61,3.58,-1.0,0.0,0.0,0.0,7.61,-2.42,1.0,0.0,0.0,0.0,7.61,-0.42,1.0,0.0,0.0,0.0,7.61,1.58,1.0,0.0,0.0,0.0,7.61,3.58,1.0,0.0,0.0,0.0,-1.36,1.06,-1.0,0.0,0.0,0.0,-1.36,3.06,-1.0,0.0,0.0,0.0,-1.36,5.06,-1.0,0.0,0.0,0.0,-1.36,1.06,1.0,0.0,0.0,0.0,-1.36,3.06,1.0,0.0,0.0,0.0,-1.36,5.06,1.0,0.0,0.0,0.0,-4.41,-5.209199999999997,0.8938000000000897,0.0,-1.140000000000363,0.21000000000004349,0,0,0,0,0,0,0,0,0,0,0,0,0,0,0,0,0,0,0,0,0,0,0,0,0,0,0,0,0,0,0,0,0,0,0,0,0,0,0,0,0,0,0,0,0,0,0,0,0,0,0,0,0,0,0,0,0,0,0,0,0,0,0,0,0,0,0,0,0,0,0,0,0,0,0,0,0,0,0,0,0,0,0,0,0,0,0,0,0,0,0,0,0,0,0,0,0,0,0,0,0,0,0,0,0,0,0,0,0,0,0,0,0,0,0,0,0,0,0,0,0,0,0,0,0,0,0,0,0,0,0,0,0,0,0,0,0,0,0,0,0,0,0,0,0,0,0,0,0,0
13.300808183,9.018264000000173,0.5726080647932045,-2.170646518414654,2.599000000000018,0.012242418404806443,0.5101326198033718,2.599000000000001,0.012242418404812203,0.5101326198034125,0.7161399999999505,-0.2796130480413953,1.1227729655807186,0.5956069999999221,-0.2850353356604097,1.1049495639994626,2.76,-2.98,-1.0,0.0,0.0,0.0,2.76,-0.98,-1.0,0.0,0.0,0.0,2.76,-2.98,1.0,0.0,0.0,0.0,2.76,-0.98,1.0,0.0,0.0,0.0,7.66,-0.31,-1.0,0.0,0.0,0.0,7.66,1.69,-1.0,0.0,0.0,0.0,7.66,3.69,-1.0,0.0,0.0,0.0,7.66,-0.31,1.0,0.0,0.0,0.0,7.66,1.69,1.0,0.0,0.0,0.0,7.66,3.69,1.0,0.0,0.0,0.0,7.61,-2.42,-1.0,0.0,0.0,0.0,7.61,-0.42,-1.0,0.0,0.0,0.0,7.61,1.58,-1.0,0.0,0.0,0.0,7.61,3.58,-1.0,0.0,0.0,0.0,7.61,-2.42,1.0,0.0,0.0,0.0,7.61,-0.42,1.0,0.0,0.0,0.0,7.61,1.58,1.0,0.0,0.0,0.0,7.61,3.58,1.0,0.0,0.0,0.0,-1.36,1.06,-1.0,0.0,0.0,0.0,-1.36,3.06,-1.0,0.0,0.0,0.0,-1.36,5.06,-1.0,0.0,0.0,0.0,-1.36,1.06,1.0,0.0,0.0,0.0,-1.36,3.06,1.0,0.0,0.0,0.0,-1.36,5.06,1.0,0.0,0.0,0.0,-4.41,-5.323200000000034,0.9148000000000941,0.0,-1.140000000000363,0.21000000000004349,0,0,0,0,0,0,0,0,0,0,0,0,0,0,0,0,0,0,0,0,0,0,0,0,0,0,0,0,0,0,0,0,0,0,0,0,0,0,0,0,0,0,0,0,0,0,0,0,0,0,0,0,0,0,0,0,0,0,0,0,0,0,0,0,0,0,0,0,0,0,0,0,0,0,0,0,0,0,0,0,0,0,0,0,0,0,0,0,0,0,0,0,0,0,0,0,0,0,0,0,0,0,0,0,0,0,0,0,0,0,0,0,0,0,0,0,0,0,0,0,0,0,0,0,0,0,0,0,0,0,0,0,0,0,0,0,0,0,0,0,0,0,0,0,0,0,0,0,0,0
13.401227348,9.22181300000019,0.5692164582655885,-2.1254649088303785,2.5060000000003413,-0.0807575815952033,0.6031326198034925,2.506000000000001,-0.0807575815951878,0.6031326198034125,0.5956069999999221,-0.2850353356604097,1.1049495639994626,0.4752739999999136,-0.2863774869070311,1.0822624634885067,2.76,-2.98,-1.0,0.0,0.0,0.0,2.76,-0.98,-1.0,0.0,0.0,0.0,2.76,-2.98,1.0,0.0,0.0,0.0,2.76,-0.98,1.0,0.0,0.0,0.0,7.66,-0.31,-1.0,0.0,0.0,0.0,7.66,1.69,-1.0,0.0,0.0,0.0,7.66,3.69,-1.0,0.0,0.0,0.0,7.66,-0.31,1.0,0.0,0.0,0.0,7.66,1.69,1.0,0.0,0.0,0.0,7.66,3.69,1.0,0.0,0.0,0.0,7.61,-2.42,-1.0,0.0,0.0,0.0,7.61,-0.42,-1.0,0.0,0.0,0.0,7.61,1.58,-1.0,0.0,0.0,0.0,7.61,3.58,-1.0,0.0,0.0,0.0,7.61,-2.42,1.0,0.0,0.0,0.0,7.61,-0.42,1.0,0.0,0.0,0.0,7.61,1.58,1.0,0.0,0.0,0.0,7.61,3.58,1.0,0.0,0.0,0.0,-1.36,1.06,-1.0,0.0,0.0,0.0,-1.36,3.06,-1.0,0.0,0.0,0.0,-1.36,5.06,-1.0,0.0,0.0,0.0,-1.36,1.06,1.0,0.0,0.0,0.0,-1.36,3.06,1.0,0.0,0.0,0.0,-1.36,5.06,1.0,0.0,0.0,0.0,-4.41,-5.414400000000063,0.9316000000000976,0.0,-1.140000000000363,0.21000000000004349,0,0,0,0,0,0,0,0,0,0,0,0,0,0,0,0,0,0,0,0,0,0,0,0,0,0,0,0,0,0,0,0,0,0,0,0,0,0,0,0,0,0,0,0,0,0,0,0,0,0,0,0,0,0,0,0,0,0,0,0,0,0,0,0,0,0,0,0,0,0,0,0,0,0,0,0,0,0,0,0,0,0,0,0,0,0,0,0,0,0,0,0,0,0,0,0,0,0,0,0,0,0,0,0,0,0,0,0,0,0,0,0,0,0,0,0,0,0,0,0,0,0,0,0,0,0,0,0,0,0,0,0,0,0,0,0,0,0,0,0,0,0,0,0,0,0,0,0,0,0
13.502080982,9.369545000000194,0.5617430033698767,-2.0866489516421693,2.4329999999999075,-0.15375758159519304,0.6761326198034823,2.433000000000001,-0.1537575815951878,0.6761326198034124,0.4752739999999136,-0.2863774869070311,1.0822624634885067,0.3753104999999035,-0.28416406243402065,1.05941522500627,2.76,-2.98,-1.0,0.0,0.0,0.0,2.76,-0.98,-1.0,0.0,0.0,0.0,2.76,-2.98,1.0,0.0,0.0,0.0,2.76,-0.98,1.0,0.0,0.0,0.0,7.66,-0.31,-1.0,0.0,0.0,0.0,7.66,1.69,-1.0,0.0,0.0,0.0,7.66,3.69,-1.0,0.0,0.0,0.0,7.66,-0.31,1.0,0.0,0.0,0.0,7.66,1.69,1.0,0.0,0.0,0.0,7.66,3.69,1.0,0.0,0.0,0.0,7.61,-2.42,-1.0,0.0,0.0,0.0,7.61,-0.42,-1.0,0.0,0.0,0.0,7.61,1.58,-1.0,0.0,0.0,0.0,7.61,3.58,-1.0,0.0,0.0,0.0,7.61,-2.42,1.0,0.0,0.0,0.0,7.61,-0.42,1.0,0.0,0.0,0.0,7.61,1.58,1.0,0.0,0.0,0.0,7.61,3.58,1.0,0.0,0.0,0.0,-1.36,1.06,-1.0,0.0,0.0,0.0,-1.36,3.06,-1.0,0.0,0.0,0.0,-1.36,5.06,-1.0,0.0,0.0,0.0,-1.36,1.06,1.0,0.0,0.0,0.0,-1.36,3.06,1.0,0.0,0.0,0.0,-1.36,5.06,1.0,0.0,0.0,0.0,-4.41,-5.4828000000000845,0.9442000000001002,0.0,-1.140000000000363,0.21000000000004349,0,0,0,0,0,0,0,0,0,0,0,0,0,0,0,0,0,0,0,0,0,0,0,0,0,0,0,0,0,0,0,0,0,0,0,0,0,0,0,0,0,0,0,0,0,0,0,0,0,0,0,0,0,0,0,0,0,0,0,0,0,0,0,0,0,0,0,0,0,0,0,0,0,0,0,0,0,0,0,0,0,0,0,0,0,0,0,0,0,0,0,0,0,0,0,0,0,0,0,0,0,0,0,0,0,0,0,0,0,0,0,0,0,0,0,0,0,0,0,0,0,0,0,0,0,0,0,0,0,0,0,0,0,0,0,0,0,0,0,0,0,0,0,0,0,0,0,0,0,0
13.603680705,9.466011000000183,0.5547387001060693,-2.058749646850029,2.3719999999993746,-0.21475758159517078,0.737132619803571,2.372000000000001,-0.2147575815951878,0.7371326198034125,0.3753104999999035,-0.28416406243402065,1.05941522500627,0.2990074999999033,-0.2798464511409704,1.0388169250223949,2.76,-2.98,-1.0,0.0,0.0,0.0,2.76,-0.98,-1.0,0.0,0.0,0.0,2.76,-2.98,1.0,0.0,0.0,0.0,2.76,-0.98,1.0,0.0,0.0,0.0,7.66,-0.31,-1.0,0.0,0.0,0.0,7.66,1.69,-1.0,0.0,0.0,0.0,7.66,3.69,-1.0,0.0,0.0,0.0,7.66,-0.31,1.0,0.0,0.0,0.0,7.66,1.69,1.0,0.0,0.0,0.0,7.66,3.69,1.0,0.0,0.0,0.0,7.61,-2.42,-1.0,0.0,0.0,0.0,7.61,-0.42,-1.0,0.0,0.0,0.0,7.61,1.58,-1.0,0.0,0.0,0.0,7.61,3.58,-1.0,0.0,0.0,0.0,7.61,-2.42,1.0,0.0,0.0,0.0,7.61,-0.42,1.0,0.0,0.0,0.0,7.61,1.58,1.0,0.0,0.0,0.0,7.61,3.58,1.0,0.0,0.0,0.0,-1.36,1.06,-1.0,0.0,0.0,0.0,-1.36,3.06,-1.0,0.0,0.0,0.0,-1.36,5.06,-1.0,0.0,0.0,0.0,-1.36,1.06,1.0,0.0,0.0,0.0,-1.36,3.06,1.0,0.0,0.0,0.0,-1.36,5.06,1.0,0.0,0.0,0.0,-4.41,-5.528400000000099,0.9526000000001019,0.0,-1.140000000000363,0.21000000000004349,0,0,0,0,0,0,0,0,0,0,0,0,0,0,0,0,0,0,0,0,0,0,0,0,0,0,0,0,0,0,0,0,0,0,0,0,0,0,0,0,0,0,0,0,0,0,0,0,0,0,0,0,0,0,0,0,0,0,0,0,0,0,0,0,0,0,0,0,0,0,0,0,0,0,0,0,0,0,0,0,0,0,0,0,0,0,0,0,0,0,0,0,0,0,0,0,0,0,0,0,0,0,0,0,0,0,0,0,0,0,0,0,0,0,0,0,0,0,0,0,0,0,0,0,0,0,0,0,0,0,0,0,0,0,0,0,0,0,0,0,0,0,0,0,0,0,0,0,0,0
13.703448179,9.607043000000164,0.5405652452103593,-2.013233689661821,2.3260000000000502,-0.26075758159516127,0.7831326198033395,2.3260000000000014,-0.2607575815951878,0.7831326198034125,0.2990074999999033,-0.2798464511409704,1.0388169250223949,0.24446049999991448,-0.2753291530278805,1.0223720635368805,2.76,-2.98,-1.0,0.0,0.0,0.0,2.76,-0.98,-1.0,0.0,0.0,0.0,2.76,-2.98,1.0,0.0,0.0,0.0,2.76,-0.98,1.0,0.0,0.0,0.0,7.66,-0.31,-1.0,0.0,0.0,0.0,7.66,1.69,-1.0,0.0,0.0,0.0,7.66,3.69,-1.0,0.0,0.0,0.0,7.66,-0.31,1.0,0.0,0.0,0.0,7.66,1.69,1.0,0.0,0.0,0.0,7.66,3.69,1.0,0.0,0.0,0.0,7.61,-2.42,-1.0,0.0,0.0,0.0,7.61,-0.42,-1.0,0.0,0.0,0.0,7.61,1.58,-1.0,0.0,0.0,0.0,7.61,3.58,-1.0,0.0,0.0,0.0,7.61,-2.42,1.0,0.0,0.0,0.0,7.61,-0.42,1.0,0.0,0.0,0.0,7.61,1.58,1.0,0.0,0.0,0.0,7.61,3.58,1.0,0.0,0.0,0.0,-1.36,1.06,-1.0,0.0,0.0,0.0,-1.36,3.06,-1.0,0.0,0.0,0.0,-1.36,5.06,-1.0,0.0,0.0,0.0,-1.36,1.06,1.0,0.0,0.0,0.0,-1.36,3.06,1.0,0.0,0.0,0.0,-1.36,5.06,1.0,0.0,0.0,0.0,-4.41,-5.596800000000121,0.9652000000001045,0.0,-1.140000000000363,0.21000000000004349,0,0,0,0,0,0,0,0,0,0,0,0,0,0,0,0,0,0,0,0,0,0,0,0,0,0,0,0,0,0,0,0,0,0,0,0,0,0,0,0,0,0,0,0,0,0,0,0,0,0,0,0,0,0,0,0,0,0,0,0,0,0,0,0,0,0,0,0,0,0,0,0,0,0,0,0,0,0,0,0,0,0,0,0,0,0,0,0,0,0,0,0,0,0,0,0,0,0,0,0,0,0,0,0,0,0,0,0,0,0,0,0,0,0,0,0,0,0,0,0,0,0,0,0,0,0,0,0,0,0,0,0,0,0,0,0,0,0,0,0,0,0,0,0,0,0,0,0,0,0
13.802722576,9.744692000000143,0.5243514990287744,-1.964334732473622,2.2769999999994184,-0.275329153027859,0.8321326198033052,2.2770000000000015,-0.2753291530278805,0.8321326198034126,0.24446049999991448,-0.2753291530278805,1.0223720635368805,0.18833749999991767,-0.2693699710695966,1.0038758806615988,2.76,-2.98,-1.0,0.0,0.0,0.0,2.76,-0.98,-1.0,0.0,0.0,0.0,2.76,-2.98,1.0,0.0,0.0,0.0,2.76,-0.98,1.0,0.0,0.0,0.0,7.66,-0.31,-1.0,0.0,0.0,0.0,7.66,1.69,-1.0,0.0,0.0,0.0,7.66,3.69,-1.0,0.0,0.0,0.0,7.66,-0.31,1.0,0.0,0.0,0.0,7.66,1.69,1.0,0.0,0.0,0.0,7.66,3.69,1.0,0.0,0.0,0.0,7.61,-2.42,-1.0,0.0,0.0,0.0,7.61,-0.42,-1.0,0.0,0.0,0.0,7.61,1.58,-1.0,0.0,0.0,0.0,7.61,3.58,-1.0,0.0,0.0,0.0,7.61,-2.42,1.0,0.0,0.0,0.0,7.61,-0.42,1.0,0.0,0.0,0.0,7.61,1.58,1.0,0.0,0.0,0.0,7.61,3.58,1.0,0.0,0.0,0.0,-1.36,1.06,-1.0,0.0,0.0,0.0,-1.36,3.06,-1.0,0.0,0.0,0.0,-1.36,5.06,-1.0,0.0,0.0,0.0,-1.36,1.06,1.0,0.0,0.0,0.0,-1.36,3.06,1.0,0.0,0.0,0.0,-1.36,5.06,1.0,0.0,0.0,0.0,-4.41,-5.665200000000143,0.9778000000001071,0.0,-1.140000000000363,0.21000000000004349,0,0,0,0,0,0,0,0,0,0,0,0,0,0,0,0,0,0,0,0,0,0,0,0,0,0,0,0,0,0,0,0,0,0,0,0,0,0,0,0,0,0,0,0,0,0,0,0,0,0,0,0,0,0,0,0,0,0,0,0,0,0,0,0,0,0,0,0,0,0,0,0,0,0,0,0,0,0,0,0,0,0,0,0,0,0,0,0,0,0,0,0,0,0,0,0,0,0,0,0,0,0,0,0,0,0,0,0,0,0,0,0,0,0,0,0,0,0,0,0,0,0,0,0,0,0,0,0,0,0,0,0,0,0,0,0,0,0,0,0,0,0,0,0,0,0,0,0,0,0
