time_elapsed,pos_x,pos_y,pos_z,vel_x,vel_y,vel_z,cmd_vel_x,cmd_vel_y,cmd_vel_z,cmd_vel_unfiltered_x,cmd_vel_unfiltered_y,cmd_vel_unfiltered_z,desired_vel_x,desired_vel_y,desired_vel_z,obs_1_pos_x,obs_1_pos_y,obs_1_pos_z,obs_1_vel_x,obs_1_vel_y,obs_1_vel_z,obs_2_pos_x,obs_2_pos_y,obs_2_pos_z,obs_2_vel_x,obs_2_vel_y,obs_2_vel_z,obs_3_pos_x,obs_3_pos_y,obs_3_pos_z,obs_3_vel_x,obs_3_vel_y,obs_3_vel_z,obs_4_pos_x,obs_4_pos_y,obs_4_pos_z,obs_4_vel_x,obs_4_vel_y,obs_4_vel_z,obs_5_pos_x,obs_5_pos_y,obs_5_pos_z,obs_5_vel_x,obs_5_vel_y,obs_5_vel_z,obs_6_pos_x,obs_6_pos_y,obs_6_pos_z,obs_6_vel_x,obs_6_vel_y,obs_6_vel_z,obs_7_pos_x,obs_7_pos_y,obs_7_pos_z,obs_7_vel_x,obs_7_vel_y,obs_7_vel_z,obs_8_pos_x,obs_8_pos_y,obs_8_pos_z,obs_8_vel_x,obs_8_vel_y,obs_8_vel_z,obs_9_pos_x,obs_9_pos_y,obs_9_pos_z,obs_9_vel_x,obs_9_vel_y,obs_9_vel_z,obs_10_pos_x,obs_10_pos_y,obs_10_pos_z,obs_10_vel_x,obs_10_vel_y,obs_10_vel_z,obs_11_pos_x,obs_11_pos_y,obs_11_pos_z,obs_11_vel_x,obs_11_vel_y,obs_11_vel_z,obs_12_pos_x,obs_12_pos_y,obs_12_pos_z,obs_12_vel_x,obs_12_vel_y,obs_12_vel_z,obs_13_pos_x,obs_13_pos_y,obs_13_pos_z,obs_13_vel_x,obs_13_vel_y,obs_13_vel_z,obs_14_pos_x,obs_14_pos_y,obs_14_pos_z,obs_14_vel_x,obs_14_vel_y,obs_14_vel_z,obs_15_pos_x,obs_15_pos_y,obs_15_pos_z,obs_15_vel_x,obs_15_vel_y,obs_15_vel_z,obs_16_pos_x,obs_16_pos_y,obs_16_pos_z,obs_16_vel_x,obs_16_vel_y,obs_16_vel_z,obs_17_pos_x,obs_17_pos_y,obs_17_pos_z,obs_17_vel_x,obs_17_vel_y,obs_17_vel_z,obs_18_pos_x,obs_18_pos_y,obs_18_pos_z,obs_18_vel_x,obs_18_vel_y,obs_18_vel_z,obs_19_pos_x,obs_19_pos_y,obs_19_pos_z,obs_19_vel_x,obs_19_vel_y,obs_19_vel_z,obs_20_pos_x,obs_20_pos_y,obs_20_pos_z,obs_20_vel_x,obs_20_vel_y,obs_20_vel_z,obs_21_pos_x,obs_21_pos_y,obs_21_pos_z,obs_21_vel_x,obs_21_vel_y,obs_21_vel_z,obs_22_pos_x,obs_22_pos_y,obs_22_pos_z,obs_22_vel_x,obs_22_vel_y,obs_22_vel_z,obs_23_pos_x,obs_23_pos_y,obs_23_pos_z,obs_23_vel_x,obs_23_vel_y,obs_23_vel_z,obs_24_pos_x,obs_24_pos_y,obs_24_pos_z,obs_24_vel_x,obs_24_vel_y,obs_24_vel_z,obs_25_pos_x,obs_25_pos_y,obs_25_pos_z,obs_25_vel_x,obs_25_vel_y,obs_25_vel_z,obs_26_pos_x,obs_26_pos_y,obs_26_pos_z,obs_26_vel_x,obs_26_vel_y,obs_26_vel_z,obs_27_pos_x,obs_27_pos_y,obs_27_pos_z,obs_27_vel_x,obs_27_vel_y,obs_27_vel_z,obs_28_pos_x,obs_28_pos_y,obs_28_pos_z,obs_28_vel_x,obs_28_vel_y,obs_28_vel_z,obs_29_pos_x,obs_29_pos_y,obs_29_pos_z,obs_29_vel_x,obs_29_vel_y,obs_29_vel_z,obs_30_pos_x,obs_30_pos_y,obs_30_pos_z,obs_30_vel_x,obs_30_vel_y,obs_30_vel_z,obs_31_pos_x,obs_31_pos_y,obs_31_pos_z,obs_31_vel_x,obs_31_vel_y,obs_31_vel_z,obs_32_pos_x,obs_32_pos_y,obs_32_pos_z,obs_32_vel_x,obs_32_vel_y,obs_32_vel_z,obs_33_pos_x,obs_33_pos_y,obs_33_pos_z,obs_33_vel_x,obs_33_vel_y,obs_33_vel_z,obs_34_pos_x,obs_34_pos_y,obs_34_pos_z,obs_34_vel_x,obs_34_vel_y,obs_34_vel_z,obs_35_pos_x,obs_35_pos_y,obs_35_pos_z,obs_35_vel_x,obs_35_vel_y,obs_35_vel_z,obs_36_pos_x,obs_36_pos_y,obs_36_pos_z,obs_36_vel_x,obs_36_vel_y,obs_36_vel_z,obs_37_pos_x,obs_37_pos_y,obs_37_pos_z,obs_37_vel_x,obs_37_vel_y,obs_37_vel_z,obs_38_pos_x,obs_38_pos_y,obs_38_pos_z,obs_38_vel_x,obs_38_vel_y,obs_38_vel_z,obs_39_pos_x,obs_39_pos_y,obs_39_pos_z,obs_39_vel_x,obs_39_vel_y,obs_39_vel_z,obs_40_pos_x,obs_40_pos_y,obs_40_pos_z,obs_40_vel_x,obs_40_vel_y,obs_40_vel_z,obs_41_pos_x,obs_41_pos_y,obs_41_pos_z,obs_41_vel_x,obs_41_vel_y,obs_41_vel_z,obs_42_pos_x,obs_42_pos_y,obs_42_pos_z,obs_42_vel_x,obs_42_vel_y,obs_42_vel_z,obs_43_pos_x,obs_43_pos_y,obs_43_pos_z,obs_43_vel_x,obs_43_vel_y,obs_43_vel_z,obs_44_pos_x,obs_44_pos_y,obs_44_pos_z,obs_44_vel_x,obs_44_vel_y,obs_44_vel_z,obs_45_pos_x,obs_45_pos_y,obs_45_pos_z,obs_45_vel_x,obs_45_vel_y,obs_45_vel_z,obs_46_pos_x,obs_46_pos_y,obs_46_pos_z,obs_46_vel_x,obs_46_vel_y,obs_46_vel_z,obs_47_pos_x,obs_47_pos_y,obs_47_pos_z,obs_47_vel_x,obs_47_vel_y,obs_47_vel_z,obs_48_pos_x,obs_48_pos_y,obs_48_pos_z,obs_48_vel_x,obs_48_vel_y,obs_48_vel_z,obs_49_pos_x,obs_49_pos_y,obs_49_pos_z,obs_49_vel_x,obs_49_vel_y,obs_49_vel_z,obs_50_pos_x,obs_50_pos_y,obs_50_pos_z,obs_50_vel_x,obs_50_vel_y,obs_50_vel_z
2.802614965,-10.0,0.0,0.0,0.0,0.0,0.0,0,0,0,0,0,0,5.0,0.0,0.0,4.05,-5.56,-1.0,0.0,0.0,0.0,4.05,-3.56,-1.0,0.0,0.0,0.0,4.05,-1.56,-1.0,0.0,0.0,0.0,4.05,-5.56,1.0,0.0,0.0,0.0,4.05,-3.56,1.0,0.0,0.0,0.0,4.05,-1.56,1.0,0.0,0.0,0.0,2.78,-0.91,-1.0,0.0,0.0,0.0,2.78,1.09,-1.0,0.0,0.0,0.0,2.78,3.09,-1.0,0.0,0.0,0.0,2.78,-0.91,1.0,0.0,0.0,0.0,2.78,1.09,1.0,0.0,0.0,0.0,2.78,3.09,1.0,0.0,0.0,0.0,-4.13,-4.889799999999993,-1.482600000000006,0.0,0.6699999999999484,0.28999999999990145,-4.13,-2.8764000000000043,-1.4768000000000079,0.0,0.6699999999999484,0.28999999999990145,9.13,2.28199999999999,-0.7990000000000023,0.0,-1.8000000000002458,0.34999999999996145,9.13,4.281999999999985,-0.7990000000000023,0.0,-1.8000000000002458,0.34999999999996145,0,0,0,0,0,0,0,0,0,0,0,0,0,0,0,0,0,0,0,0,0,0,0,0,0,0,0,0,0,0,0,0,0,0,0,0,0,0,0,0,0,0,0,0,0,0,0,0,0,0,0,0,0,0,0,0,0,0,0,0,0,0,0,0,0,0,0,0,0,0,0,0,0,0,0,0,0,0,0,0,0,0,0,0,0,0,0,0,0,0,0,0,0,0,0,0,0,0,0,0,0,0,0,0,0,0,0,0,0,0,0,0,0,0,0,0,0,0,0,0,0,0,0,0,0,0,0,0,0,0,0,0,0,0,0,0,0,0,0,0,0,0,0,0,0,0,0,0,0,0,0,0,0,0,0,0,0,0,0,0,0,0,0,0,0,0,0,0,0,0,0,0,0,0,0,0,0,0,0,0,0,0,0,0,0,0,0,0,0,0,0,0,0,0,0,0,0,0,0,0,0,0,0,0
2.900884143,-10.0,0.0,0.0,0.0,0.0,0.0,0,0,0,0,0,0,5.0,0.0,0.0,4.05,-5.56,-1.0,0.0,0.0,0.0,4.05,-3.56,-1.0,0.0,0.0,0.0,4.05,-1.56,-1.0,0.0,0.0,0.0,4.05,-5.56,1.0,0.0,0.0,0.0,4.05,-3.56,1.0,0.0,0.0,0.0,4.05,-1.56,1.0,0.0,0.0,0.0,2.78,-0.91,-1.0,0.0,0.0,0.0,2.78,1.09,-1.0,0.0,0.0,0.0,2.78,3.09,-1.0,0.0,0.0,0.0,2.78,-0.91,1.0,0.0,0.0,0.0,2.78,1.09,1.0,0.0,0.0,0.0,2.78,3.09,1.0,0.0,0.0,0.0,-4.13,-4.822799999999998,-1.4536000000000158,0.0,0.6699999999999484,0.28999999999990145,-4.13,-2.8228000000000084,-1.4536000000000158,0.0,0.6699999999999484,0.28999999999990145,9.13,2.1019999999999652,-0.7640000000000061,0.0,-1.8000000000002458,0.34999999999996145,9.13,4.10199999999996,-0.7640000000000061,0.0,-1.8000000000002458,0.34999999999996145,0,0,0,0,0,0,0,0,0,0,0,0,0,0,0,0,0,0,0,0,0,0,0,0,0,0,0,0,0,0,0,0,0,0,0,0,0,0,0,0,0,0,0,0,0,0,0,0,0,0,0,0,0,0,0,0,0,0,0,0,0,0,0,0,0,0,0,0,0,0,0,0,0,0,0,0,0,0,0,0,0,0,0,0,0,0,0,0,0,0,0,0,0,0,0,0,0,0,0,0,0,0,0,0,0,0,0,0,0,0,0,0,0,0,0,0,0,0,0,0,0,0,0,0,0,0,0,0,0,0,0,0,0,0,0,0,0,0,0,0,0,0,0,0,0,0,0,0,0,0,0,0,0,0,0,0,0,0,0,0,0,0,0,0,0,0,0,0,0,0,0,0,0,0,0,0,0,0,0,0,0,0,0,0,0,0,0,0,0,0,0,0,0,0,0,0,0,0,0,0,0,0,0,0
3.001787871,-10.0,0.0,0.0,0.0,0.0,0.0,0,0,0,0,0,0,5.0,0.0,0.0,4.05,-5.56,-1.0,0.0,0.0,0.0,4.05,-3.56,-1.0,0.0,0.0,0.0,4.05,-1.56,-1.0,0.0,0.0,0.0,4.05,-5.56,1.0,0.0,0.0,0.0,4.05,-3.56,1.0,0.0,0.0,0.0,4.05,-1.56,1.0,0.0,0.0,0.0,2.78,-0.91,-1.0,0.0,0.0,0.0,2.78,1.09,-1.0,0.0,0.0,0.0,2.78,3.09,-1.0,0.0,0.0,0.0,2.78,-0.91,1.0,0.0,0.0,0.0,2.78,1.09,1.0,0.0,0.0,0.0,2.78,3.09,1.0,0.0,0.0,0.0,-4.13,-4.755800000000003,-1.4246000000000256,0.0,0.6699999999999484,0.28999999999990145,-4.13,-2.7558000000000136,-1.4246000000000256,0.0,0.6699999999999484,0.28999999999990145,9.13,1.9219999999999504,-0.72900000000001,0.0,-1.8000000000000242,0.34999999999996145,9.13,3.9219999999999553,-0.72900000000001,0.0,-1.7999999999998018,0.34999999999996145,0,0,0,0,0,0,0,0,0,0,0,0,0,0,0,0,0,0,0,0,0,0,0,0,0,0,0,0,0,0,0,0,0,0,0,0,0,0,0,0,0,0,0,0,0,0,0,0,0,0,0,0,0,0,0,0,0,0,0,0,0,0,0,0,0,0,0,0,0,0,0,0,0,0,0,0,0,0,0,0,0,0,0,0,0,0,0,0,0,0,0,0,0,0,0,0,0,0,0,0,0,0,0,0,0,0,0,0,0,0,0,0,0,0,0,0,0,0,0,0,0,0,0,0,0,0,0,0,0,0,0,0,0,0,0,0,0,0,0,0,0,0,0,0,0,0,0,0,0,0,0,0,0,0,0,0,0,0,0,0,0,0,0,0,0,0,0,0,0,0,0,0,0,0,0,0,0,0,0,0,0,0,0,0,0,0,0,0,0,0,0,0,0,0,0,0,0,0,0,0,0,0,0,0
3.103663906,-10.0,0.0,0.0,0.0,0.0,0.0,0,0,0,0,0,0,5.0,0.0,0.0,4.05,-5.56,-1.0,0.0,0.0,0.0,4.05,-3.56,-1.0,0.0,0.0,0.0,4.05,-1.56,-1.0,0.0,0.0,0.0,4.05,-5.56,1.0,0.0,0.0,0.0,4.05,-3.56,1.0,0.0,0.0,0.0,4.05,-1.56,1.0,0.0,0.0,0.0,2.78,-0.91,-1.0,0.0,0.0,0.0,2.78,1.09,-1.0,0.0,0.0,0.0,2.78,3.09,-1.0,0.0,0.0,0.0,2.78,-0.91,1.0,0.0,0.0,0.0,2.78,1.09,1.0,0.0,0.0,0.0,2.78,3.09,1.0,0.0,0.0,0.0,-4.13,-4.6888000000000085,-1.3956000000000355,0.0,0.6699999999999484,0.28999999999990145,-4.13,-2.7022000000000177,-1.4014000000000335,0.0,0.6699999999999484,0.28999999999990145,9.13,1.741999999999948,-0.6940000000000138,0.0,-1.8000000000000242,0.34999999999996145,9.13,3.777999999999971,-0.7010000000000131,0.0,-1.7999999999998018,0.34999999999996145,0,0,0,0,0,0,0,0,0,0,0,0,0,0,0,0,0,0,0,0,0,0,0,0,0,0,0,0,0,0,0,0,0,0,0,0,0,0,0,0,0,0,0,0,0,0,0,0,0,0,0,0,0,0,0,0,0,0,0,0,0,0,0,0,0,0,0,0,0,0,0,0,0,0,0,0,0,0,0,0,0,0,0,0,0,0,0,0,0,0,0,0,0,0,0,0,0,0,0,0,0,0,0,0,0,0,0,0,0,0,0,0,0,0,0,0,0,0,0,0,0,0,0,0,0,0,0,0,0,0,0,0,0,0,0,0,0,0,0,0,0,0,0,0,0,0,0,0,0,0,0,0,0,0,0,0,0,0,0,0,0,0,0,0,0,0,0,0,0,0,0,0,0,0,0,0,0,0,0,0,0,0,0,0,0,0,0,0,0,0,0,0,0,0,0,0,0,0,0,0,0,0,0,0
3.201025227,-10.0,0.0,0.0,0.0,0.0,0.0,0,0,0,0,0,0,5.0,0.0,0.0,4.05,-5.56,-1.0,0.0,0.0,0.0,4.05,-3.56,-1.0,0.0,0.0,0.0,4.05,-1.56,-1.0,0.0,0.0,0.0,4.05,-5.56,1.0,0.0,0.0,0.0,4.05,-3.56,1.0,0.0,0.0,0.0,4.05,-1.56,1.0,0.0,0.0,0.0,2.78,-0.91,-1.0,0.0,0.0,0.0,2.78,1.09,-1.0,0.0,0.0,0.0,2.78,3.09,-1.0,0.0,0.0,0.0,2.78,-0.91,1.0,0.0,0.0,0.0,2.78,1.09,1.0,0.0,0.0,0.0,2.78,3.09,1.0,0.0,0.0,0.0,-4.13,-4.635200000000013,-1.3724000000000434,0.0,0.6699999999999484,0.28999999999990145,-4.13,-2.635200000000023,-1.3724000000000434,0.0,0.6699999999999484,0.28999999999990145,9.13,1.5979999999999461,-0.6660000000000169,0.0,-1.8000000000000242,0.34999999999996145,9.13,3.597999999999991,-0.6660000000000169,0.0,-1.7999999999998018,0.34999999999996145,0,0,0,0,0,0,0,0,0,0,0,0,0,0,0,0,0,0,0,0,0,0,0,0,0,0,0,0,0,0,0,0,0,0,0,0,0,0,0,0,0,0,0,0,0,0,0,0,0,0,0,0,0,0,0,0,0,0,0,0,0,0,0,0,0,0,0,0,0,0,0,0,0,0,0,0,0,0,0,0,0,0,0,0,0,0,0,0,0,0,0,0,0,0,0,0,0,0,0,0,0,0,0,0,0,0,0,0,0,0,0,0,0,0,0,0,0,0,0,0,0,0,0,0,0,0,0,0,0,0,0,0,0,0,0,0,0,0,0,0,0,0,0,0,0,0,0,0,0,0,0,0,0,0,0,0,0,0,0,0,0,0,0,0,0,0,0,0,0,0,0,0,0,0,0,0,0,0,0,0,0,0,0,0,0,0,0,0,0,0,0,0,0,0,0,0,0,0,0,0,0,0,0,0
3.300957019,-10.0,0.0,0.0,0.0,0.0,0.0,0,0,0,0,0,0,5.0,0.0,0.0,4.05,-5.56,-1.0,0.0,0.0,0.0,4.05,-3.56,-1.0,0.0,0.0,0.0,4.05,-1.56,-1.0,0.0,0.0,0.0,4.05,-5.56,1.0,0.0,0.0,0.0,4.05,-3.56,1.0,0.0,0.0,0.0,4.05,-1.56,1.0,0.0,0.0,0.0,2.78,-0.91,-1.0,0.0,0.0,0.0,2.78,1.09,-1.0,0.0,0.0,0.0,2.78,3.09,-1.0,0.0,0.0,0.0,2.78,-0.91,1.0,0.0,0.0,0.0,2.78,1.09,1.0,0.0,0.0,0.0,2.78,3.09,1.0,0.0,0.0,0.0,-4.13,-4.568200000000018,-1.3434000000000532,0.0,0.6699999999999484,0.28999999999990145,-4.13,-2.568200000000028,-1.3434000000000532,0.0,0.6699999999999484,0.28999999999990145,9.13,1.4179999999999437,-0.6310000000000208,0.0,-1.8000000000000242,0.34999999999996145,9.13,3.418000000000011,-0.6310000000000208,0.0,-1.7999999999998018,0.34999999999996145,0,0,0,0,0,0,0,0,0,0,0,0,0,0,0,0,0,0,0,0,0,0,0,0,0,0,0,0,0,0,0,0,0,0,0,0,0,0,0,0,0,0,0,0,0,0,0,0,0,0,0,0,0,0,0,0,0,0,0,0,0,0,0,0,0,0,0,0,0,0,0,0,0,0,0,0,0,0,0,0,0,0,0,0,0,0,0,0,0,0,0,0,0,0,0,0,0,0,0,0,0,0,0,0,0,0,0,0,0,0,0,0,0,0,0,0,0,0,0,0,0,0,0,0,0,0,0,0,0,0,0,0,0,0,0,0,0,0,0,0,0,0,0,0,0,0,0,0,0,0,0,0,0,0,0,0,0,0,0,0,0,0,0,0,0,0,0,0,0,0,0,0,0,0,0,0,0,0,0,0,0,0,0,0,0,0,0,0,0,0,0,0,0,0,0,0,0,0,0,0,0,0,0,0
3.400996737,-10.0,0.0,0.0,0.0,0.0,0.0,0,0,0,0,0,0,5.0,0.0,0.0,4.05,-5.56,-1.0,0.0,0.0,0.0,4.05,-3.56,-1.0,0.0,0.0,0.0,4.05,-1.56,-1.0,0.0,0.0,0.0,4.05,-5.56,1.0,0.0,0.0,0.0,4.05,-3.56,1.0,0.0,0.0,0.0,4.05,-1.56,1.0,0.0,0.0,0.0,2.78,-0.91,-1.0,0.0,0.0,0.0,2.78,1.09,-1.0,0.0,0.0,0.0,2.78,3.09,-1.0,0.0,0.0,0.0,2.78,-0.91,1.0,0.0,0.0,0.0,2.78,1.09,1.0,0.0,0.0,0.0,2.78,3.09,1.0,0.0,0.0,0.0,-4.13,-4.514600000000022,-1.320200000000061,0.0,0.6699999999999484,0.28999999999990145,-4.13,-2.514600000000032,-1.320200000000061,0.0,0.6699999999999484,0.28999999999990145,9.13,1.2739999999999418,-0.6030000000000239,0.0,-1.8000000000000242,0.34999999999996145,9.13,3.2740000000000267,-0.6030000000000239,0.0,-1.7999999999998018,0.34999999999996145,0,0,0,0,0,0,0,0,0,0,0,0,0,0,0,0,0,0,0,0,0,0,0,0,0,0,0,0,0,0,0,0,0,0,0,0,0,0,0,0,0,0,0,0,0,0,0,0,0,0,0,0,0,0,0,0,0,0,0,0,0,0,0,0,0,0,0,0,0,0,0,0,0,0,0,0,0,0,0,0,0,0,0,0,0,0,0,0,0,0,0,0,0,0,0,0,0,0,0,0,0,0,0,0,0,0,0,0,0,0,0,0,0,0,0,0,0,0,0,0,0,0,0,0,0,0,0,0,0,0,0,0,0,0,0,0,0,0,0,0,0,0,0,0,0,0,0,0,0,0,0,0,0,0,0,0,0,0,0,0,0,0,0,0,0,0,0,0,0,0,0,0,0,0,0,0,0,0,0,0,0,0,0,0,0,0,0,0,0,0,0,0,0,0,0,0,0,0,0,0,0,0,0,0
3.500507191,-10.0,0.0,0.0,0.0,0.0,0.0,0,0,0,0,0,0,5.0,0.0,0.0,4.05,-5.56,-1.0,0.0,0.0,0.0,4.05,-3.56,-1.0,0.0,0.0,0.0,4.05,-1.56,-1.0,0.0,0.0,0.0,4.05,-5.56,1.0,0.0,0.0,0.0,4.05,-3.56,1.0,0.0,0.0,0.0,4.05,-1.56,1.0,0.0,0.0,0.0,2.78,-0.91,-1.0,0.0,0.0,0.0,2.78,1.09,-1.0,0.0,0.0,0.0,2.78,3.09,-1.0,0.0,0.0,0.0,2.78,-0.91,1.0,0.0,0.0,0.0,2.78,1.09,1.0,0.0,0.0,0.0,2.78,3.09,1.0,0.0,0.0,0.0,-4.13,-4.461000000000026,-1.297000000000069,0.0,0.6699999999999484,0.28999999999990145,-4.13,-2.4610000000000363,-1.297000000000069,0.0,0.6699999999999484,0.28999999999990145,9.13,1.12999999999994,-0.5750000000000269,0.0,-1.8000000000000242,0.34999999999996145,9.13,3.1300000000000425,-0.5750000000000269,0.0,-1.7999999999998018,0.34999999999996145,0,0,0,0,0,0,0,0,0,0,0,0,0,0,0,0,0,0,0,0,0,0,0,0,0,0,0,0,0,0,0,0,0,0,0,0,0,0,0,0,0,0,0,0,0,0,0,0,0,0,0,0,0,0,0,0,0,0,0,0,0,0,0,0,0,0,0,0,0,0,0,0,0,0,0,0,0,0,0,0,0,0,0,0,0,0,0,0,0,0,0,0,0,0,0,0,0,0,0,0,0,0,0,0,0,0,0,0,0,0,0,0,0,0,0,0,0,0,0,0,0,0,0,0,0,0,0,0,0,0,0,0,0,0,0,0,0,0,0,0,0,0,0,0,0,0,0,0,0,0,0,0,0,0,0,0,0,0,0,0,0,0,0,0,0,0,0,0,0,0,0,0,0,0,0,0,0,0,0,0,0,0,0,0,0,0,0,0,0,0,0,0,0,0,0,0,0,0,0,0,0,0,0,0
3.601110278,-10.0,0.0,0.0,0.0,0.0,0.0,0,0,0,0,0,0,5.0,0.0,0.0,4.05,-5.56,-1.0,0.0,0.0,0.0,4.05,-3.56,-1.0,0.0,0.0,0.0,4.05,-1.56,-1.0,0.0,0.0,0.0,4.05,-5.56,1.0,0.0,0.0,0.0,4.05,-3.56,1.0,0.0,0.0,0.0,4.05,-1.56,1.0,0.0,0.0,0.0,2.78,-0.91,-1.0,0.0,0.0,0.0,2.78,1.09,-1.0,0.0,0.0,0.0,2.78,3.09,-1.0,0.0,0.0,0.0,2.78,-0.91,1.0,0.0,0.0,0.0,2.78,1.09,1.0,0.0,0.0,0.0,2.78,3.09,1.0,0.0,0.0,0.0,-4.13,-4.394000000000031,-1.2680000000000788,0.0,0.6699999999999484,0.28999999999990145,-4.13,-2.3940000000000414,-1.2680000000000788,0.0,0.6699999999999484,0.28999999999990145,9.13,0.9499999999999376,-0.5400000000000308,0.0,-1.8000000000000242,0.34999999999996145,9.13,2.9500000000000624,-0.5400000000000308,0.0,-1.7999999999998018,0.34999999999996145,0,0,0,0,0,0,0,0,0,0,0,0,0,0,0,0,0,0,0,0,0,0,0,0,0,0,0,0,0,0,0,0,0,0,0,0,0,0,0,0,0,0,0,0,0,0,0,0,0,0,0,0,0,0,0,0,0,0,0,0,0,0,0,0,0,0,0,0,0,0,0,0,0,0,0,0,0,0,0,0,0,0,0,0,0,0,0,0,0,0,0,0,0,0,0,0,0,0,0,0,0,0,0,0,0,0,0,0,0,0,0,0,0,0,0,0,0,0,0,0,0,0,0,0,0,0,0,0,0,0,0,0,0,0,0,0,0,0,0,0,0,0,0,0,0,0,0,0,0,0,0,0,0,0,0,0,0,0,0,0,0,0,0,0,0,0,0,0,0,0,0,0,0,0,0,0,0,0,0,0,0,0,0,0,0,0,0,0,0,0,0,0,0,0,0,0,0,0,0,0,0,0,0,0
3.70311814,-10.0,0.0,0.0,0.0,0.0,0.0,0,0,0,0,0,0,5.0,0.0,0.0,4.05,-5.56,-1.0,0.0,0.0,0.0,4.05,-3.56,-1.0,0.0,0.0,0.0,4.05,-1.56,-1.0,0.0,0.0,0.0,4.05,-5.56,1.0,0.0,0.0,0.0,4.05,-3.56,1.0,0.0,0.0,0.0,4.05,-1.56,1.0,0.0,0.0,0.0,2.78,-0.91,-1.0,0.0,0.0,0.0,2.78,1.09,-1.0,0.0,0.0,0.0,2.78,3.09,-1.0,0.0,0.0,0.0,2.78,-0.91,1.0,0.0,0.0,0.0,2.78,1.09,1.0,0.0,0.0,0.0,2.78,3.09,1.0,0.0,0.0,0.0,-4.13,-4.353800000000034,-1.2506000000000848,0.0,0.6699999999999484,0.28999999999990145,-4.13,-2.3538000000000445,-1.2506000000000848,0.0,0.6699999999999484,0.28999999999990145,9.13,0.8419999999999361,-0.5190000000000331,0.0,-1.8000000000000242,0.34999999999996145,9.13,2.8420000000000742,-0.5190000000000331,0.0,-1.7999999999998018,0.34999999999996145,0,0,0,0,0,0,0,0,0,0,0,0,0,0,0,0,0,0,0,0,0,0,0,0,0,0,0,0,0,0,0,0,0,0,0,0,0,0,0,0,0,0,0,0,0,0,0,0,0,0,0,0,0,0,0,0,0,0,0,0,0,0,0,0,0,0,0,0,0,0,0,0,0,0,0,0,0,0,0,0,0,0,0,0,0,0,0,0,0,0,0,0,0,0,0,0,0,0,0,0,0,0,0,0,0,0,0,0,0,0,0,0,0,0,0,0,0,0,0,0,0,0,0,0,0,0,0,0,0,0,0,0,0,0,0,0,0,0,0,0,0,0,0,0,0,0,0,0,0,0,0,0,0,0,0,0,0,0,0,0,0,0,0,0,0,0,0,0,0,0,0,0,0,0,0,0,0,0,0,0,0,0,0,0,0,0,0,0,0,0,0,0,0,0,0,0,0,0,0,0,0,0,0,0
3.801283511,-10.0,0.0,0.0,0.0,0.0,0.0,0,0,0,0,0,0,5.0,0.0,0.0,4.05,-5.56,-1.0,0.0,0.0,0.0,4.05,-3.56,-1.0,0.0,0.0,0.0,4.05,-1.56,-1.0,0.0,0.0,0.0,4.05,-5.56,1.0,0.0,0.0,0.0,4.05,-3.56,1.0,0.0,0.0,0.0,4.05,-1.56,1.0,0.0,0.0,0.0,2.78,-0.91,-1.0,0.0,0.0,0.0,2.78,1.09,-1.0,0.0,0.0,0.0,2.78,3.09,-1.0,0.0,0.0,0.0,2.78,-0.91,1.0,0.0,0.0,0.0,2.78,1.09,1.0,0.0,0.0,0.0,2.78,3.09,1.0,0.0,0.0,0.0,-4.13,-4.313600000000037,-1.2332000000000907,0.0,0.6699999999999484,0.28999999999990145,-4.13,-2.3136000000000476,-1.2332000000000907,0.0,0.6699999999999484,0.28999999999990145,9.13,0.7339999999999347,-0.4980000000000351,0.0,-1.8000000000000242,0.34999999999999476,9.13,2.734000000000086,-0.4980000000000351,0.0,-1.7999999999998018,0.34999999999999476,0,0,0,0,0,0,0,0,0,0,0,0,0,0,0,0,0,0,0,0,0,0,0,0,0,0,0,0,0,0,0,0,0,0,0,0,0,0,0,0,0,0,0,0,0,0,0,0,0,0,0,0,0,0,0,0,0,0,0,0,0,0,0,0,0,0,0,0,0,0,0,0,0,0,0,0,0,0,0,0,0,0,0,0,0,0,0,0,0,0,0,0,0,0,0,0,0,0,0,0,0,0,0,0,0,0,0,0,0,0,0,0,0,0,0,0,0,0,0,0,0,0,0,0,0,0,0,0,0,0,0,0,0,0,0,0,0,0,0,0,0,0,0,0,0,0,0,0,0,0,0,0,0,0,0,0,0,0,0,0,0,0,0,0,0,0,0,0,0,0,0,0,0,0,0,0,0,0,0,0,0,0,0,0,0,0,0,0,0,0,0,0,0,0,0,0,0,0,0,0,0,0,0,0
3.900877427,-10.0,0.0,0.0,0.0,0.0,0.0,0,0,0,0,0,0,5.0,0.0,0.0,4.05,-5.56,-1.0,0.0,0.0,0.0,4.05,-3.56,-1.0,0.0,0.0,0.0,4.05,-1.56,-1.0,0.0,0.0,0.0,4.05,-5.56,1.0,0.0,0.0,0.0,4.05,-3.56,1.0,0.0,0.0,0.0,4.05,-1.56,1.0,0.0,0.0,0.0,2.78,-0.91,-1.0,0.0,0.0,0.0,2.78,1.09,-1.0,0.0,0.0,0.0,2.78,3.09,-1.0,0.0,0.0,0.0,2.78,-0.91,1.0,0.0,0.0,0.0,2.78,1.09,1.0,0.0,0.0,0.0,2.78,3.09,1.0,0.0,0.0,0.0,-4.13,-4.2600000000000415,-1.2100000000000986,0.0,0.6699999999999484,0.28999999999990145,-4.13,-2.2600000000000517,-1.2100000000000986,0.0,0.6699999999999484,0.28999999999990145,9.13,0.5899999999999328,-0.4700000000000337,0.0,-1.8000000000000242,0.35000000000001696,9.13,2.590000000000102,-0.4700000000000337,0.0,-1.7999999999998018,0.35000000000001696,0,0,0,0,0,0,0,0,0,0,0,0,0,0,0,0,0,0,0,0,0,0,0,0,0,0,0,0,0,0,0,0,0,0,0,0,0,0,0,0,0,0,0,0,0,0,0,0,0,0,0,0,0,0,0,0,0,0,0,0,0,0,0,0,0,0,0,0,0,0,0,0,0,0,0,0,0,0,0,0,0,0,0,0,0,0,0,0,0,0,0,0,0,0,0,0,0,0,0,0,0,0,0,0,0,0,0,0,0,0,0,0,0,0,0,0,0,0,0,0,0,0,0,0,0,0,0,0,0,0,0,0,0,0,0,0,0,0,0,0,0,0,0,0,0,0,0,0,0,0,0,0,0,0,0,0,0,0,0,0,0,0,0,0,0,0,0,0,0,0,0,0,0,0,0,0,0,0,0,0,0,0,0,0,0,0,0,0,0,0,0,0,0,0,0,0,0,0,0,0,0,0,0,0
4.000730461,-9.998800000000003,0.0012000000000000003,-0.0012000000000000003,0.09999999999976694,0.10000000000000005,-0.10000000000000005,0.1,0.1,-0.1,2.983971753215207,2.9880346591810607,-2.314120444230658,5.0,0.0,0.0,4.05,-5.56,-1.0,0.0,0.0,0.0,4.05,-3.56,-1.0,0.0,0.0,0.0,4.05,-1.56,-1.0,0.0,0.0,0.0,4.05,-5.56,1.0,0.0,0.0,0.0,4.05,-3.56,1.0,0.0,0.0,0.0,4.05,-1.56,1.0,0.0,0.0,0.0,2.78,-0.91,-1.0,0.0,0.0,0.0,2.78,1.09,-1.0,0.0,0.0,0.0,2.78,3.09,-1.0,0.0,0.0,0.0,2.78,-0.91,1.0,0.0,0.0,0.0,2.78,1.09,1.0,0.0,0.0,0.0,2.78,3.09,1.0,0.0,0.0,0.0,-4.13,-4.193000000000047,-1.1810000000001084,0.0,0.6699999999999484,0.28999999999990145,-4.13,-2.193000000000057,-1.1810000000001084,0.0,0.6699999999999484,0.28999999999990145,9.13,0.4099999999999304,-0.435000000000032,0.0,-1.8000000000000242,0.35000000000001696,9.13,2.410000000000122,-0.435000000000032,0.0,-1.7999999999998018,0.35000000000001696,0,0,0,0,0,0,0,0,0,0,0,0,0,0,0,0,0,0,0,0,0,0,0,0,0,0,0,0,0,0,0,0,0,0,0,0,0,0,0,0,0,0,0,0,0,0,0,0,0,0,0,0,0,0,0,0,0,0,0,0,0,0,0,0,0,0,0,0,0,0,0,0,0,0,0,0,0,0,0,0,0,0,0,0,0,0,0,0,0,0,0,0,0,0,0,0,0,0,0,0,0,0,0,0,0,0,0,0,0,0,0,0,0,0,0,0,0,0,0,0,0,0,0,0,0,0,0,0,0,0,0,0,0,0,0,0,0,0,0,0,0,0,0,0,0,0,0,0,0,0,0,0,0,0,0,0,0,0,0,0,0,0,0,0,0,0,0,0,0,0,0,0,0,0,0,0,0,0,0,0,0,0,0,0,0,0,0,0,0,0,0,0,0,0,0,0,0,0,0,0,0,0,0,0
4.100994166,-9.990800000000021,0.0092,-0.0092,0.09999999999976694,0.09999999999999941,-0.09999999999999941,0.193,0.193,-0.193,3.0732165474553113,2.9382588554588476,-2.4538690742256537,4.999999296347507,-0.0018757031248021162,0.0018757031248021162,4.05,-5.56,-1.0,0.0,0.0,0.0,4.05,-3.56,-1.0,0.0,0.0,0.0,4.05,-1.56,-1.0,0.0,0.0,0.0,4.05,-5.56,1.0,0.0,0.0,0.0,4.05,-3.56,1.0,0.0,0.0,0.0,4.05,-1.56,1.0,0.0,0.0,0.0,2.78,-0.91,-1.0,0.0,0.0,0.0,2.78,1.09,-1.0,0.0,0.0,0.0,2.78,3.09,-1.0,0.0,0.0,0.0,2.78,-0.91,1.0,0.0,0.0,0.0,2.78,1.09,1.0,0.0,0.0,0.0,2.78,3.09,1.0,0.0,0.0,0.0,-4.13,-4.139400000000051,-1.1578000000001163,0.0,0.6699999999999484,0.28999999999990145,-4.13,-2.139400000000061,-1.1578000000001163,0.0,0.6699999999999484,0.28999999999990145,9.13,0.2659999999999285,-0.40700000000003067,0.0,-1.8000000000000242,0.35000000000001696,9.13,2.2660000000001377,-0.40700000000003067,0.0,-1.7999999999998018,0.35000000000001696,0,0,0,0,0,0,0,0,0,0,0,0,0,0,0,0,0,0,0,0,0,0,0,0,0,0,0,0,0,0,0,0,0,0,0,0,0,0,0,0,0,0,0,0,0,0,0,0,0,0,0,0,0,0,0,0,0,0,0,0,0,0,0,0,0,0,0,0,0,0,0,0,0,0,0,0,0,0,0,0,0,0,0,0,0,0,0,0,0,0,0,0,0,0,0,0,0,0,0,0,0,0,0,0,0,0,0,0,0,0,0,0,0,0,0,0,0,0,0,0,0,0,0,0,0,0,0,0,0,0,0,0,0,0,0,0,0,0,0,0,0,0,0,0,0,0,0,0,0,0,0,0,0,0,0,0,0,0,0,0,0,0,0,0,0,0,0,0,0,0,0,0,0,0,0,0,0,0,0,0,0,0,0,0,0,0,0,0,0,0,0,0,0,0,0,0,0,0,0,0,0,0,0,0
4.200471701,-9.970403000000072,0.029596999999999953,-0.029596999999999953,0.2779999999997784,0.27800000000000047,-0.27800000000000047,0.278,0.278,-0.278,3.17440878765113,3.0295314468344166,-2.298700249004113,4.999992917553692,-0.005950815612801641,0.005950815612801641,4.05,-5.56,-1.0,0.0,0.0,0.0,4.05,-3.56,-1.0,0.0,0.0,0.0,4.05,-1.56,-1.0,0.0,0.0,0.0,4.05,-5.56,1.0,0.0,0.0,0.0,4.05,-3.56,1.0,0.0,0.0,0.0,4.05,-1.56,1.0,0.0,0.0,0.0,2.78,-0.91,-1.0,0.0,0.0,0.0,2.78,1.09,-1.0,0.0,0.0,0.0,2.78,3.09,-1.0,0.0,0.0,0.0,2.78,-0.91,1.0,0.0,0.0,0.0,2.78,1.09,1.0,0.0,0.0,0.0,2.78,3.09,1.0,0.0,0.0,0.0,-4.13,-4.072400000000056,-1.1288000000001261,0.0,0.6699999999999484,0.28999999999990145,-4.13,-2.072400000000066,-1.1288000000001261,0.0,0.6699999999999484,0.28999999999990145,9.13,0.08599999999992869,-0.372000000000029,0.0,-1.799999999999996,0.35000000000001696,9.13,2.0860000000001575,-0.372000000000029,0.0,-1.7999999999998018,0.35000000000001696,0,0,0,0,0,0,0,0,0,0,0,0,0,0,0,0,0,0,0,0,0,0,0,0,0,0,0,0,0,0,0,0,0,0,0,0,0,0,0,0,0,0,0,0,0,0,0,0,0,0,0,0,0,0,0,0,0,0,0,0,0,0,0,0,0,0,0,0,0,0,0,0,0,0,0,0,0,0,0,0,0,0,0,0,0,0,0,0,0,0,0,0,0,0,0,0,0,0,0,0,0,0,0,0,0,0,0,0,0,0,0,0,0,0,0,0,0,0,0,0,0,0,0,0,0,0,0,0,0,0,0,0,0,0,0,0,0,0,0,0,0,0,0,0,0,0,0,0,0,0,0,0,0,0,0,0,0,0,0,0,0,0,0,0,0,0,0,0,0,0,0,0,0,0,0,0,0,0,0,0,0,0,0,0,0,0,0,0,0,0,0,0,0,0,0,0,0,0,0,0,0,0,0,0
4.300355761,-9.940510000000108,0.059490000000000015,-0.059490000000000015,0.36899999999917554,0.3690000000000012,-0.3690000000000012,0.369,0.369,-0.369,3.2318237978352697,3.042730957443584,-2.1234861275395613,4.999969961166847,-0.012255354527714847,0.012255354527714847,4.05,-5.56,-1.0,0.0,0.0,0.0,4.05,-3.56,-1.0,0.0,0.0,0.0,4.05,-1.56,-1.0,0.0,0.0,0.0,4.05,-5.56,1.0,0.0,0.0,0.0,4.05,-3.56,1.0,0.0,0.0,0.0,4.05,-1.56,1.0,0.0,0.0,0.0,2.78,-0.91,-1.0,0.0,0.0,0.0,2.78,1.09,-1.0,0.0,0.0,0.0,2.78,3.09,-1.0,0.0,0.0,0.0,2.78,-0.91,1.0,0.0,0.0,0.0,2.78,1.09,1.0,0.0,0.0,0.0,2.78,3.09,1.0,0.0,0.0,0.0,-4.13,-4.005400000000061,-1.099800000000136,0.0,0.6699999999999484,0.28999999999990145,-4.13,-2.0054000000000713,-1.099800000000136,0.0,0.6699999999999484,0.28999999999990145,9.13,-0.09400000000007128,-0.3370000000000273,0.0,-1.799999999999996,0.35000000000001696,9.13,1.9060000000001656,-0.3370000000000273,0.0,-1.8000000000000242,0.35000000000001696,0,0,0,0,0,0,0,0,0,0,0,0,0,0,0,0,0,0,0,0,0,0,0,0,0,0,0,0,0,0,0,0,0,0,0,0,0,0,0,0,0,0,0,0,0,0,0,0,0,0,0,0,0,0,0,0,0,0,0,0,0,0,0,0,0,0,0,0,0,0,0,0,0,0,0,0,0,0,0,0,0,0,0,0,0,0,0,0,0,0,0,0,0,0,0,0,0,0,0,0,0,0,0,0,0,0,0,0,0,0,0,0,0,0,0,0,0,0,0,0,0,0,0,0,0,0,0,0,0,0,0,0,0,0,0,0,0,0,0,0,0,0,0,0,0,0,0,0,0,0,0,0,0,0,0,0,0,0,0,0,0,0,0,0,0,0,0,0,0,0,0,0,0,0,0,0,0,0,0,0,0,0,0,0,0,0,0,0,0,0,0,0,0,0,0,0,0,0,0,0,0,0,0,0
4.401181266,-9.910990000000174,0.08900999999999962,-0.08900999999999962,0.36899999999917554,0.3689999999999944,-0.3689999999999944,0.469,0.469,-0.469,3.3598958865415867,2.4085053025780265,-2.698521416442212,4.999913722215166,-0.020769814689644426,0.020769814689644426,4.05,-5.56,-1.0,0.0,0.0,0.0,4.05,-3.56,-1.0,0.0,0.0,0.0,4.05,-1.56,-1.0,0.0,0.0,0.0,4.05,-5.56,1.0,0.0,0.0,0.0,4.05,-3.56,1.0,0.0,0.0,0.0,4.05,-1.56,1.0,0.0,0.0,0.0,2.78,-0.91,-1.0,0.0,0.0,0.0,2.78,1.09,-1.0,0.0,0.0,0.0,2.78,3.09,-1.0,0.0,0.0,0.0,2.78,-0.91,1.0,0.0,0.0,0.0,2.78,1.09,1.0,0.0,0.0,0.0,2.78,3.09,1.0,0.0,0.0,0.0,-4.13,-3.9518000000000653,-1.0766000000001439,0.0,0.6699999999999484,0.28999999999990145,-4.13,-1.9518000000000755,-1.0766000000001439,0.0,0.6699999999999484,0.28999999999990145,9.13,-0.23800000000007096,-0.3090000000000259,0.0,-1.799999999999996,0.35000000000001696,9.13,1.7620000000001637,-0.3090000000000259,0.0,-1.8000000000000242,0.35000000000001696,0,0,0,0,0,0,0,0,0,0,0,0,0,0,0,0,0,0,0,0,0,0,0,0,0,0,0,0,0,0,0,0,0,0,0,0,0,0,0,0,0,0,0,0,0,0,0,0,0,0,0,0,0,0,0,0,0,0,0,0,0,0,0,0,0,0,0,0,0,0,0,0,0,0,0,0,0,0,0,0,0,0,0,0,0,0,0,0,0,0,0,0,0,0,0,0,0,0,0,0,0,0,0,0,0,0,0,0,0,0,0,0,0,0,0,0,0,0,0,0,0,0,0,0,0,0,0,0,0,0,0,0,0,0,0,0,0,0,0,0,0,0,0,0,0,0,0,0,0,0,0,0,0,0,0,0,0,0,0,0,0,0,0,0,0,0,0,0,0,0,0,0,0,0,0,0,0,0,0,0,0,0,0,0,0,0,0,0,0,0,0,0,0,0,0,0,0,0,0,0,0,0,0,0
4.501877045,-9.864690000000111,0.13530999999999932,-0.13530999999999932,0.46900000000071884,0.4689999999999973,-0.4689999999999973,0.564,0.564,-0.564,3.4372449691064957,2.6862566827331142,-2.2912865543609278,4.999803750542693,-0.031324559527744704,0.031324559527744704,4.05,-5.56,-1.0,0.0,0.0,0.0,4.05,-3.56,-1.0,0.0,0.0,0.0,4.05,-1.56,-1.0,0.0,0.0,0.0,4.05,-5.56,1.0,0.0,0.0,0.0,4.05,-3.56,1.0,0.0,0.0,0.0,4.05,-1.56,1.0,0.0,0.0,0.0,2.78,-0.91,-1.0,0.0,0.0,0.0,2.78,1.09,-1.0,0.0,0.0,0.0,2.78,3.09,-1.0,0.0,0.0,0.0,2.78,-0.91,1.0,0.0,0.0,0.0,2.78,1.09,1.0,0.0,0.0,0.0,2.78,3.09,1.0,0.0,0.0,0.0,-4.13,-3.8848000000000704,-1.0476000000001537,0.0,0.6699999999999484,0.28999999999990145,-4.13,-1.8848000000000806,-1.0476000000001537,0.0,0.6699999999999484,0.28999999999990145,9.13,-0.41800000000007315,-0.2740000000000242,0.0,-1.8000000000000242,0.35000000000001696,9.13,1.5820000000001613,-0.2740000000000242,0.0,-1.8000000000000242,0.35000000000001696,0,0,0,0,0,0,0,0,0,0,0,0,0,0,0,0,0,0,0,0,0,0,0,0,0,0,0,0,0,0,0,0,0,0,0,0,0,0,0,0,0,0,0,0,0,0,0,0,0,0,0,0,0,0,0,0,0,0,0,0,0,0,0,0,0,0,0,0,0,0,0,0,0,0,0,0,0,0,0,0,0,0,0,0,0,0,0,0,0,0,0,0,0,0,0,0,0,0,0,0,0,0,0,0,0,0,0,0,0,0,0,0,0,0,0,0,0,0,0,0,0,0,0,0,0,0,0,0,0,0,0,0,0,0,0,0,0,0,0,0,0,0,0,0,0,0,0,0,0,0,0,0,0,0,0,0,0,0,0,0,0,0,0,0,0,0,0,0,0,0,0,0,0,0,0,0,0,0,0,0,0,0,0,0,0,0,0,0,0,0,0,0,0,0,0,0,0,0,0,0,0,0,0,0
4.601850467,-9.819195000000063,0.180805,-0.180805,0.6015000000001436,0.6015000000000048,-0.6015000000000048,0.6389999999999999,0.6389999999999999,-0.6389999999999999,3.5488099228895527,1.7093750827108014,-2.8972899165512462,4.999623517589345,-0.04338595606613421,0.04338595606613421,4.05,-5.56,-1.0,0.0,0.0,0.0,4.05,-3.56,-1.0,0.0,0.0,0.0,4.05,-1.56,-1.0,0.0,0.0,0.0,4.05,-5.56,1.0,0.0,0.0,0.0,4.05,-3.56,1.0,0.0,0.0,0.0,4.05,-1.56,1.0,0.0,0.0,0.0,2.78,-0.91,-1.0,0.0,0.0,0.0,2.78,1.09,-1.0,0.0,0.0,0.0,2.78,3.09,-1.0,0.0,0.0,0.0,2.78,-0.91,1.0,0.0,0.0,0.0,2.78,1.09,1.0,0.0,0.0,0.0,2.78,3.09,1.0,0.0,0.0,0.0,-4.13,-3.8312000000000745,-1.0244000000001616,0.0,0.6699999999999484,0.28999999999990145,-4.13,-1.8312000000000848,-1.0244000000001616,0.0,0.6699999999999484,0.28999999999990145,9.13,-0.562000000000075,-0.2460000000000232,0.0,-1.8000000000000242,0.34999999999998915,9.13,1.4380000000001594,-0.2460000000000232,0.0,-1.8000000000000242,0.34999999999998915,0,0,0,0,0,0,0,0,0,0,0,0,0,0,0,0,0,0,0,0,0,0,0,0,0,0,0,0,0,0,0,0,0,0,0,0,0,0,0,0,0,0,0,0,0,0,0,0,0,0,0,0,0,0,0,0,0,0,0,0,0,0,0,0,0,0,0,0,0,0,0,0,0,0,0,0,0,0,0,0,0,0,0,0,0,0,0,0,0,0,0,0,0,0,0,0,0,0,0,0,0,0,0,0,0,0,0,0,0,0,0,0,0,0,0,0,0,0,0,0,0,0,0,0,0,0,0,0,0,0,0,0,0,0,0,0,0,0,0,0,0,0,0,0,0,0,0,0,0,0,0,0,0,0,0,0,0,0,0,0,0,0,0,0,0,0,0,0,0,0,0,0,0,0,0,0,0,0,0,0,0,0,0,0,0,0,0,0,0,0,0,0,0,0,0,0,0,0,0,0,0,0,0,0
4.700636452,-9.755295000000102,0.24470500000000006,-0.24470500000000006,0.6389999999996121,0.6390000000000008,-0.6390000000000008,0.7389999999999999,0.7389999999999999,-0.7389999999999999,3.6346795059746744,3.099110626603872,-1.4500968142304647,4.999323364568083,-0.05816311753882198,0.05816311753882198,4.05,-5.56,-1.0,0.0,0.0,0.0,4.05,-3.56,-1.0,0.0,0.0,0.0,4.05,-1.56,-1.0,0.0,0.0,0.0,4.05,-5.56,1.0,0.0,0.0,0.0,4.05,-3.56,1.0,0.0,0.0,0.0,4.05,-1.56,1.0,0.0,0.0,0.0,2.78,-0.91,-1.0,0.0,0.0,0.0,2.78,1.09,-1.0,0.0,0.0,0.0,2.78,3.09,-1.0,0.0,0.0,0.0,2.78,-0.91,1.0,0.0,0.0,0.0,2.78,1.09,1.0,0.0,0.0,0.0,2.78,3.09,1.0,0.0,0.0,0.0,-4.13,-3.7642000000000797,-0.9954000000001697,0.0,0.6699999999999484,0.29000000000001247,-4.13,-1.76420000000009,-0.9954000000001697,0.0,0.6699999999999484,0.29000000000001247,9.13,-0.7420000000000774,-0.21100000000002428,0.0,-1.8000000000000242,0.34999999999998915,9.13,1.258000000000157,-0.21100000000002428,0.0,-1.8000000000000242,0.34999999999998915,0,0,0,0,0,0,0,0,0,0,0,0,0,0,0,0,0,0,0,0,0,0,0,0,0,0,0,0,0,0,0,0,0,0,0,0,0,0,0,0,0,0,0,0,0,0,0,0,0,0,0,0,0,0,0,0,0,0,0,0,0,0,0,0,0,0,0,0,0,0,0,0,0,0,0,0,0,0,0,0,0,0,0,0,0,0,0,0,0,0,0,0,0,0,0,0,0,0,0,0,0,0,0,0,0,0,0,0,0,0,0,0,0,0,0,0,0,0,0,0,0,0,0,0,0,0,0,0,0,0,0,0,0,0,0,0,0,0,0,0,0,0,0,0,0,0,0,0,0,0,0,0,0,0,0,0,0,0,0,0,0,0,0,0,0,0,0,0,0,0,0,0,0,0,0,0,0,0,0,0,0,0,0,0,0,0,0,0,0,0,0,0,0,0,0,0,0,0,0,0,0,0,0,0
4.803883851,-9.680055000000154,0.3199449999999995,-0.3199449999999995,0.8189999999999031,0.8190000000000142,-0.8190000000000142,0.8189999999999998,0.8189999999999998,-0.8189999999999998,3.695557670040664,2.474051080485544,-2.240320387716234,4.998863708456749,-0.0753711625027707,0.0753711625027707,4.05,-5.56,-1.0,0.0,0.0,0.0,4.05,-3.56,-1.0,0.0,0.0,0.0,4.05,-1.56,-1.0,0.0,0.0,0.0,4.05,-5.56,1.0,0.0,0.0,0.0,4.05,-3.56,1.0,0.0,0.0,0.0,4.05,-1.56,1.0,0.0,0.0,0.0,2.78,-0.91,-1.0,0.0,0.0,0.0,2.78,1.09,-1.0,0.0,0.0,0.0,2.78,3.09,-1.0,0.0,0.0,0.0,2.78,-0.91,1.0,0.0,0.0,0.0,2.78,1.09,1.0,0.0,0.0,0.0,2.78,3.09,1.0,0.0,0.0,0.0,-4.13,-3.697200000000085,-0.9664000000001685,0.0,0.6699999999999484,0.29000000000001247,-4.13,-1.697200000000095,-0.9664000000001685,0.0,0.6699999999999484,0.29000000000001247,9.13,-0.9220000000000798,-0.17600000000002536,0.0,-1.8000000000000242,0.34999999999998915,9.13,1.0780000000001546,-0.17600000000002536,0.0,-1.8000000000000242,0.34999999999998915,0,0,0,0,0,0,0,0,0,0,0,0,0,0,0,0,0,0,0,0,0,0,0,0,0,0,0,0,0,0,0,0,0,0,0,0,0,0,0,0,0,0,0,0,0,0,0,0,0,0,0,0,0,0,0,0,0,0,0,0,0,0,0,0,0,0,0,0,0,0,0,0,0,0,0,0,0,0,0,0,0,0,0,0,0,0,0,0,0,0,0,0,0,0,0,0,0,0,0,0,0,0,0,0,0,0,0,0,0,0,0,0,0,0,0,0,0,0,0,0,0,0,0,0,0,0,0,0,0,0,0,0,0,0,0,0,0,0,0,0,0,0,0,0,0,0,0,0,0,0,0,0,0,0,0,0,0,0,0,0,0,0,0,0,0,0,0,0,0,0,0,0,0,0,0,0,0,0,0,0,0,0,0,0,0,0,0,0,0,0,0,0,0,0,0,0,0,0,0,0,0,0,0,0
4.901520073,-9.614535000000162,0.3854650000000006,-0.3854650000000006,0.8189999999999031,0.8190000000000142,-0.8190000000000142,0.9189999999999998,0.9189999999999998,-0.9189999999999998,3.8107309293707052,1.4873319148583164,-2.781262438792233,4.998185275237006,-0.09524692751994418,0.09524692751994418,4.05,-5.56,-1.0,0.0,0.0,0.0,4.05,-3.56,-1.0,0.0,0.0,0.0,4.05,-1.56,-1.0,0.0,0.0,0.0,4.05,-5.56,1.0,0.0,0.0,0.0,4.05,-3.56,1.0,0.0,0.0,0.0,4.05,-1.56,1.0,0.0,0.0,0.0,2.78,-0.91,-1.0,0.0,0.0,0.0,2.78,1.09,-1.0,0.0,0.0,0.0,2.78,3.09,-1.0,0.0,0.0,0.0,2.78,-0.91,1.0,0.0,0.0,0.0,2.78,1.09,1.0,0.0,0.0,0.0,2.78,3.09,1.0,0.0,0.0,0.0,-4.13,-3.643600000000089,-0.9432000000001675,0.0,0.6699999999999484,0.29000000000001247,-4.13,-1.6436000000000992,-0.9432000000001675,0.0,0.6699999999999484,0.29000000000001247,9.13,-1.0660000000000815,-0.14800000000002622,0.0,-1.8000000000000242,0.34999999999998915,9.13,0.9340000000001527,-0.14800000000002622,0.0,-1.8000000000000242,0.34999999999998915,0,0,0,0,0,0,0,0,0,0,0,0,0,0,0,0,0,0,0,0,0,0,0,0,0,0,0,0,0,0,0,0,0,0,0,0,0,0,0,0,0,0,0,0,0,0,0,0,0,0,0,0,0,0,0,0,0,0,0,0,0,0,0,0,0,0,0,0,0,0,0,0,0,0,0,0,0,0,0,0,0,0,0,0,0,0,0,0,0,0,0,0,0,0,0,0,0,0,0,0,0,0,0,0,0,0,0,0,0,0,0,0,0,0,0,0,0,0,0,0,0,0,0,0,0,0,0,0,0,0,0,0,0,0,0,0,0,0,0,0,0,0,0,0,0,0,0,0,0,0,0,0,0,0,0,0,0,0,0,0,0,0,0,0,0,0,0,0,0,0,0,0,0,0,0,0,0,0,0,0,0,0,0,0,0,0,0,0,0,0,0,0,0,0,0,0,0,0,0,0,0,0,0,0
5.000888116,-9.523042000000194,0.476958000000001,-0.476958000000001,0.9282999999996377,0.9283000000000042,-0.9283000000000042,1.0119999999999998,1.0119999999999998,-1.0119999999999998,3.8796198498894094,1.5352977717860803,-2.7178788043965287,4.997249919614475,-0.11724598268836499,0.11724598268836499,4.05,-5.56,-1.0,0.0,0.0,0.0,4.05,-3.56,-1.0,0.0,0.0,0.0,4.05,-1.56,-1.0,0.0,0.0,0.0,4.05,-5.56,1.0,0.0,0.0,0.0,4.05,-3.56,1.0,0.0,0.0,0.0,4.05,-1.56,1.0,0.0,0.0,0.0,2.78,-0.91,-1.0,0.0,0.0,0.0,2.78,1.09,-1.0,0.0,0.0,0.0,2.78,3.09,-1.0,0.0,0.0,0.0,2.78,-0.91,1.0,0.0,0.0,0.0,2.78,1.09,1.0,0.0,0.0,0.0,2.78,3.09,1.0,0.0,0.0,0.0,-4.13,-3.576600000000094,-0.9142000000001662,0.0,0.6699999999999484,0.29000000000001247,-4.13,-1.5766000000001044,-0.9142000000001662,0.0,0.6699999999999484,0.29000000000001247,9.13,-1.246000000000084,-0.11300000000002682,0.0,-1.8000000000000242,0.35000000000000314,9.13,0.7540000000001503,-0.11300000000002682,0.0,-1.8000000000000242,0.35000000000000314,0,0,0,0,0,0,0,0,0,0,0,0,0,0,0,0,0,0,0,0,0,0,0,0,0,0,0,0,0,0,0,0,0,0,0,0,0,0,0,0,0,0,0,0,0,0,0,0,0,0,0,0,0,0,0,0,0,0,0,0,0,0,0,0,0,0,0,0,0,0,0,0,0,0,0,0,0,0,0,0,0,0,0,0,0,0,0,0,0,0,0,0,0,0,0,0,0,0,0,0,0,0,0,0,0,0,0,0,0,0,0,0,0,0,0,0,0,0,0,0,0,0,0,0,0,0,0,0,0,0,0,0,0,0,0,0,0,0,0,0,0,0,0,0,0,0,0,0,0,0,0,0,0,0,0,0,0,0,0,0,0,0,0,0,0,0,0,0,0,0,0,0,0,0,0,0,0,0,0,0,0,0,0,0,0,0,0,0,0,0,0,0,0,0,0,0,0,0,0,0,0,0,0,0
5.100548165,-9.42127200000026,0.578728000000002,-0.578728000000002,1.0689999999993205,1.0689999999999866,-1.0689999999999866,1.1069999999999998,1.1069999999999998,-1.1069999999999998,3.9942201956042096,2.2378848941788885,-1.8020001904570275,4.99597475572971,-0.1418383589009951,0.1418383589009951,4.05,-5.56,-1.0,0.0,0.0,0.0,4.05,-3.56,-1.0,0.0,0.0,0.0,4.05,-1.56,-1.0,0.0,0.0,0.0,4.05,-5.56,1.0,0.0,0.0,0.0,4.05,-3.56,1.0,0.0,0.0,0.0,4.05,-1.56,1.0,0.0,0.0,0.0,2.78,-0.91,-1.0,0.0,0.0,0.0,2.78,1.09,-1.0,0.0,0.0,0.0,2.78,3.09,-1.0,0.0,0.0,0.0,2.78,-0.91,1.0,0.0,0.0,0.0,2.78,1.09,1.0,0.0,0.0,0.0,2.78,3.09,1.0,0.0,0.0,0.0,-4.13,-3.5096000000000993,-0.885200000000165,0.0,0.6699999999999484,0.29000000000001247,-4.13,-1.5096000000001095,-0.885200000000165,0.0,0.6699999999999484,0.29000000000001247,9.13,-1.4260000000000863,-0.0780000000000265,0.0,-1.8000000000000242,0.35000000000000314,9.13,0.574000000000148,-0.0780000000000265,0.0,-1.8000000000000242,0.35000000000000314,0,0,0,0,0,0,0,0,0,0,0,0,0,0,0,0,0,0,0,0,0,0,0,0,0,0,0,0,0,0,0,0,0,0,0,0,0,0,0,0,0,0,0,0,0,0,0,0,0,0,0,0,0,0,0,0,0,0,0,0,0,0,0,0,0,0,0,0,0,0,0,0,0,0,0,0,0,0,0,0,0,0,0,0,0,0,0,0,0,0,0,0,0,0,0,0,0,0,0,0,0,0,0,0,0,0,0,0,0,0,0,0,0,0,0,0,0,0,0,0,0,0,0,0,0,0,0,0,0,0,0,0,0,0,0,0,0,0,0,0,0,0,0,0,0,0,0,0,0,0,0,0,0,0,0,0,0,0,0,0,0,0,0,0,0,0,0,0,0,0,0,0,0,0,0,0,0,0,0,0,0,0,0,0,0,0,0,0,0,0,0,0,0,0,0,0,0,0,0,0,0,0,0,0
5.200360423,-9.332460000000312,0.6675399999999998,-0.6670359999999996,1.132199999999628,1.1321999999999943,-1.0817999999999772,1.1909999999999998,1.1909999999999998,-1.0229999999999997,4.1063762176283305,2.554808316282893,-0.9641145518974898,4.994335407320518,-0.16826611701096011,0.1682270877434362,4.05,-5.56,-1.0,0.0,0.0,0.0,4.05,-3.56,-1.0,0.0,0.0,0.0,4.05,-1.56,-1.0,0.0,0.0,0.0,4.05,-5.56,1.0,0.0,0.0,0.0,4.05,-3.56,1.0,0.0,0.0,0.0,4.05,-1.56,1.0,0.0,0.0,0.0,2.78,-0.91,-1.0,0.0,0.0,0.0,2.78,1.09,-1.0,0.0,0.0,0.0,2.78,3.09,-1.0,0.0,0.0,0.0,2.78,-0.91,1.0,0.0,0.0,0.0,2.78,1.09,1.0,0.0,0.0,0.0,2.78,3.09,1.0,0.0,0.0,0.0,-4.13,-3.4560000000001034,-0.862000000000164,0.0,0.6699999999999484,0.29000000000001247,-4.13,-1.4560000000001136,-0.862000000000164,0.0,0.6699999999999484,0.29000000000001247,9.13,-1.5700000000000882,-0.05000000000002626,0.0,-1.8000000000000242,0.35000000000000314,9.13,0.43000000000014604,-0.05000000000002626,0.0,-1.8000000000000242,0.35000000000000314,0,0,0,0,0,0,0,0,0,0,0,0,0,0,0,0,0,0,0,0,0,0,0,0,0,0,0,0,0,0,0,0,0,0,0,0,0,0,0,0,0,0,0,0,0,0,0,0,0,0,0,0,0,0,0,0,0,0,0,0,0,0,0,0,0,0,0,0,0,0,0,0,0,0,0,0,0,0,0,0,0,0,0,0,0,0,0,0,0,0,0,0,0,0,0,0,0,0,0,0,0,0,0,0,0,0,0,0,0,0,0,0,0,0,0,0,0,0,0,0,0,0,0,0,0,0,0,0,0,0,0,0,0,0,0,0,0,0,0,0,0,0,0,0,0,0,0,0,0,0,0,0,0,0,0,0,0,0,0,0,0,0,0,0,0,0,0,0,0,0,0,0,0,0,0,0,0,0,0,0,0,0,0,0,0,0,0,0,0,0,0,0,0,0,0,0,0,0,0,0,0,0,0,0
5.300932988,-9.213360000000273,0.7866400000000051,-0.7693359999999992,1.1910000000003862,1.191000000000053,-1.0229999999999961,1.291,1.291,-1.1229999999999998,4.172753898469844,1.9706540382553133,-1.8376469057656402,4.99227588973842,-0.1982668692974329,0.1946064985437596,4.05,-5.56,-1.0,0.0,0.0,0.0,4.05,-3.56,-1.0,0.0,0.0,0.0,4.05,-1.56,-1.0,0.0,0.0,0.0,4.05,-5.56,1.0,0.0,0.0,0.0,4.05,-3.56,1.0,0.0,0.0,0.0,4.05,-1.56,1.0,0.0,0.0,0.0,2.78,-0.91,-1.0,0.0,0.0,0.0,2.78,1.09,-1.0,0.0,0.0,0.0,2.78,3.09,-1.0,0.0,0.0,0.0,2.78,-0.91,1.0,0.0,0.0,0.0,2.78,1.09,1.0,0.0,0.0,0.0,2.78,3.09,1.0,0.0,0.0,0.0,-4.13,-3.3890000000001086,-0.8330000000001627,0.0,0.6699999999999484,0.29000000000001247,-4.13,-1.3890000000001188,-0.8330000000001627,0.0,0.6699999999999484,0.29000000000001247,9.13,-1.7500000000000906,-0.015000000000026114,0.0,-1.8000000000000242,0.3499999999999996,9.13,0.25000000000014366,-0.015000000000026114,0.0,-1.8000000000000242,0.3499999999999996,0,0,0,0,0,0,0,0,0,0,0,0,0,0,0,0,0,0,0,0,0,0,0,0,0,0,0,0,0,0,0,0,0,0,0,0,0,0,0,0,0,0,0,0,0,0,0,0,0,0,0,0,0,0,0,0,0,0,0,0,0,0,0,0,0,0,0,0,0,0,0,0,0,0,0,0,0,0,0,0,0,0,0,0,0,0,0,0,0,0,0,0,0,0,0,0,0,0,0,0,0,0,0,0,0,0,0,0,0,0,0,0,0,0,0,0,0,0,0,0,0,0,0,0,0,0,0,0,0,0,0,0,0,0,0,0,0,0,0,0,0,0,0,0,0,0,0,0,0,0,0,0,0,0,0,0,0,0,0,0,0,0,0,0,0,0,0,0,0,0,0,0,0,0,0,0,0,0,0,0,0,0,0,0,0,0,0,0,0,0,0,0,0,0,0,0,0,0,0,0,0,0,0,0
5.401316839,-9.084272000000256,0.915728000000009,-0.8796479999999983,1.3670000000001181,1.3670000000000073,-1.0470000000000201,1.367,1.367,-1.0469999999999997,4.279325223194567,2.4655608193356833,-0.6098401519228407,4.989709285186061,-0.2306031819357908,0.22276315182069198,4.05,-5.56,-1.0,0.0,0.0,0.0,4.05,-3.56,-1.0,0.0,0.0,0.0,4.05,-1.56,-1.0,0.0,0.0,0.0,4.05,-5.56,1.0,0.0,0.0,0.0,4.05,-3.56,1.0,0.0,0.0,0.0,4.05,-1.56,1.0,0.0,0.0,0.0,2.78,-0.91,-1.0,0.0,0.0,0.0,2.78,1.09,-1.0,0.0,0.0,0.0,2.78,3.09,-1.0,0.0,0.0,0.0,2.78,-0.91,1.0,0.0,0.0,0.0,2.78,1.09,1.0,0.0,0.0,0.0,2.78,3.09,1.0,0.0,0.0,0.0,-4.13,-3.3220000000001138,-0.8040000000001615,0.0,0.6699999999999484,0.29000000000001247,-4.13,-1.322000000000124,-0.8040000000001615,0.0,0.6699999999999484,0.29000000000001247,9.13,-1.930000000000093,0.019999999999973858,0.0,-1.8000000000000242,0.3499999999999996,9.13,0.07000000000014406,0.019999999999973858,0.0,-1.799999999999996,0.3499999999999996,0,0,0,0,0,0,0,0,0,0,0,0,0,0,0,0,0,0,0,0,0,0,0,0,0,0,0,0,0,0,0,0,0,0,0,0,0,0,0,0,0,0,0,0,0,0,0,0,0,0,0,0,0,0,0,0,0,0,0,0,0,0,0,0,0,0,0,0,0,0,0,0,0,0,0,0,0,0,0,0,0,0,0,0,0,0,0,0,0,0,0,0,0,0,0,0,0,0,0,0,0,0,0,0,0,0,0,0,0,0,0,0,0,0,0,0,0,0,0,0,0,0,0,0,0,0,0,0,0,0,0,0,0,0,0,0,0,0,0,0,0,0,0,0,0,0,0,0,0,0,0,0,0,0,0,0,0,0,0,0,0,0,0,0,0,0,0,0,0,0,0,0,0,0,0,0,0,0,0,0,0,0,0,0,0,0,0,0,0,0,0,0,0,0,0,0,0,0,0,0,0,0,0,0
5.503105234,-8.974912000000247,1.0250880000000075,-0.9634079999999999,1.3670000000001181,1.366999999999896,-1.0470000000000201,1.462,1.462,-0.9519999999999997,4.339902743879236,2.471148864311874,-0.03346197315914967,4.986699113768414,-0.26523612183270623,0.24996349416757602,4.05,-5.56,-1.0,0.0,0.0,0.0,4.05,-3.56,-1.0,0.0,0.0,0.0,4.05,-1.56,-1.0,0.0,0.0,0.0,4.05,-5.56,1.0,0.0,0.0,0.0,4.05,-3.56,1.0,0.0,0.0,0.0,4.05,-1.56,1.0,0.0,0.0,0.0,2.78,-0.91,-1.0,0.0,0.0,0.0,2.78,1.09,-1.0,0.0,0.0,0.0,2.78,3.09,-1.0,0.0,0.0,0.0,2.78,-0.91,1.0,0.0,0.0,0.0,2.78,1.09,1.0,0.0,0.0,0.0,2.78,3.09,1.0,0.0,0.0,0.0,-4.13,-3.268400000000118,-0.7808000000001605,0.0,0.6699999999999484,0.29000000000001247,-4.13,-1.2550000000001291,-0.7750000000001602,0.0,0.6699999999999484,0.29000000000001247,9.13,-2.0740000000000856,0.047999999999973994,0.0,-1.7999999999998018,0.35000000000000314,9.13,-0.10999999999985591,0.054999999999974056,0.0,-1.799999999999996,0.35000000000000314,0,0,0,0,0,0,0,0,0,0,0,0,0,0,0,0,0,0,0,0,0,0,0,0,0,0,0,0,0,0,0,0,0,0,0,0,0,0,0,0,0,0,0,0,0,0,0,0,0,0,0,0,0,0,0,0,0,0,0,0,0,0,0,0,0,0,0,0,0,0,0,0,0,0,0,0,0,0,0,0,0,0,0,0,0,0,0,0,0,0,0,0,0,0,0,0,0,0,0,0,0,0,0,0,0,0,0,0,0,0,0,0,0,0,0,0,0,0,0,0,0,0,0,0,0,0,0,0,0,0,0,0,0,0,0,0,0,0,0,0,0,0,0,0,0,0,0,0,0,0,0,0,0,0,0,0,0,0,0,0,0,0,0,0,0,0,0,0,0,0,0,0,0,0,0,0,0,0,0,0,0,0,0,0,0,0,0,0,0,0,0,0,0,0,0,0,0,0,0,0,0,0,0,0
5.601670379,-8.85804700000024,1.1419530000000133,-1.039663000000001,1.4620000000000744,1.4620000000000744,-0.9520000000000639,1.553,1.553,-0.8609999999999998,4.447953860634992,1.73755725979074,1.5178264736159521,4.9835058740781735,-0.299826775523955,0.2734467182235851,4.05,-5.56,-1.0,0.0,0.0,0.0,4.05,-3.56,-1.0,0.0,0.0,0.0,4.05,-1.56,-1.0,0.0,0.0,0.0,4.05,-5.56,1.0,0.0,0.0,0.0,4.05,-3.56,1.0,0.0,0.0,0.0,4.05,-1.56,1.0,0.0,0.0,0.0,2.78,-0.91,-1.0,0.0,0.0,0.0,2.78,1.09,-1.0,0.0,0.0,0.0,2.78,3.09,-1.0,0.0,0.0,0.0,2.78,-0.91,1.0,0.0,0.0,0.0,2.78,1.09,1.0,0.0,0.0,0.0,2.78,3.09,1.0,0.0,0.0,0.0,-4.13,-3.214800000000122,-0.7576000000001595,0.0,0.6699999999999484,0.29000000000001247,-4.13,-1.2148000000001322,-0.7576000000001595,0.0,0.6699999999999484,0.29000000000001247,9.13,-2.2180000000000697,0.07599999999997424,0.0,-1.7999999999998018,0.35000000000000314,9.13,-0.21799999999985567,0.07599999999997424,0.0,-1.799999999999996,0.35000000000000314,0,0,0,0,0,0,0,0,0,0,0,0,0,0,0,0,0,0,0,0,0,0,0,0,0,0,0,0,0,0,0,0,0,0,0,0,0,0,0,0,0,0,0,0,0,0,0,0,0,0,0,0,0,0,0,0,0,0,0,0,0,0,0,0,0,0,0,0,0,0,0,0,0,0,0,0,0,0,0,0,0,0,0,0,0,0,0,0,0,0,0,0,0,0,0,0,0,0,0,0,0,0,0,0,0,0,0,0,0,0,0,0,0,0,0,0,0,0,0,0,0,0,0,0,0,0,0,0,0,0,0,0,0,0,0,0,0,0,0,0,0,0,0,0,0,0,0,0,0,0,0,0,0,0,0,0,0,0,0,0,0,0,0,0,0,0,0,0,0,0,0,0,0,0,0,0,0,0,0,0,0,0,0,0,0,0,0,0,0,0,0,0,0,0,0,0,0,0,0,0,0,0,0,0
5.701847559,-8.734616000000276,1.2651892188785805,-1.1093520000000014,1.5721999999994907,1.5527218878571336,-0.8417999999999815,1.617,1.5520729595240548,-0.7969999999999997,4.533352603384836,1.5520729595240548,1.2450354228317808,4.980745660952792,-0.32839446765049707,0.2903958238619817,4.05,-5.56,-1.0,0.0,0.0,0.0,4.05,-3.56,-1.0,0.0,0.0,0.0,4.05,-1.56,-1.0,0.0,0.0,0.0,4.05,-5.56,1.0,0.0,0.0,0.0,4.05,-3.56,1.0,0.0,0.0,0.0,4.05,-1.56,1.0,0.0,0.0,0.0,2.78,-0.91,-1.0,0.0,0.0,0.0,2.78,1.09,-1.0,0.0,0.0,0.0,2.78,3.09,-1.0,0.0,0.0,0.0,2.78,-0.91,1.0,0.0,0.0,0.0,2.78,1.09,1.0,0.0,0.0,0.0,2.78,3.09,1.0,0.0,0.0,0.0,-4.13,-3.161200000000126,-0.7344000000001585,0.0,0.6699999999999484,0.29000000000001247,-4.13,-1.1612000000001363,-0.7344000000001585,0.0,0.6699999999999484,0.29000000000001247,9.13,-2.362000000000054,0.10399999999997449,0.0,-1.7999999999998018,0.35000000000000314,9.13,-0.3619999999998571,0.10399999999997449,0.0,-1.8000000000000242,0.35000000000000314,0,0,0,0,0,0,0,0,0,0,0,0,0,0,0,0,0,0,0,0,0,0,0,0,0,0,0,0,0,0,0,0,0,0,0,0,0,0,0,0,0,0,0,0,0,0,0,0,0,0,0,0,0,0,0,0,0,0,0,0,0,0,0,0,0,0,0,0,0,0,0,0,0,0,0,0,0,0,0,0,0,0,0,0,0,0,0,0,0,0,0,0,0,0,0,0,0,0,0,0,0,0,0,0,0,0,0,0,0,0,0,0,0,0,0,0,0,0,0,0,0,0,0,0,0,0,0,0,0,0,0,0,0,0,0,0,0,0,0,0,0,0,0,0,0,0,0,0,0,0,0,0,0,0,0,0,0,0,0,0,0,0,0,0,0,0,0,0,0,0,0,0,0,0,0,0,0,0,0,0,0,0,0,0,0,0,0,0,0,0,0,0,0,0,0,0,0,0,0,0,0,0,0,0
5.802069505,-8.604021000000293,1.388120055640499,-1.1718769999999967,1.6820000000006274,1.487072959523994,-0.7319999999999549,1.682,1.4870729595240548,-0.7319999999999998,4.583707367508398,0.8441722124405886,1.7350235403266216,4.977567430528458,-0.35964658981187747,0.3073707939590296,4.05,-5.56,-1.0,0.0,0.0,0.0,4.05,-3.56,-1.0,0.0,0.0,0.0,4.05,-1.56,-1.0,0.0,0.0,0.0,4.05,-5.56,1.0,0.0,0.0,0.0,4.05,-3.56,1.0,0.0,0.0,0.0,4.05,-1.56,1.0,0.0,0.0,0.0,2.78,-0.91,-1.0,0.0,0.0,0.0,2.78,1.09,-1.0,0.0,0.0,0.0,2.78,3.09,-1.0,0.0,0.0,0.0,2.78,-0.91,1.0,0.0,0.0,0.0,2.78,1.09,1.0,0.0,0.0,0.0,2.78,3.09,1.0,0.0,0.0,0.0,-4.13,-3.1076000000001303,-0.7112000000001575,0.0,0.6699999999999484,0.29000000000001247,-4.13,-1.1076000000001405,-0.7112000000001575,0.0,0.6699999999999484,0.29000000000001247,9.13,-2.506000000000038,0.13199999999997447,0.0,-1.7999999999998018,0.34999999999998915,9.13,-0.505999999999859,0.13199999999997447,0.0,-1.8000000000000242,0.34999999999998915,0,0,0,0,0,0,0,0,0,0,0,0,0,0,0,0,0,0,0,0,0,0,0,0,0,0,0,0,0,0,0,0,0,0,0,0,0,0,0,0,0,0,0,0,0,0,0,0,0,0,0,0,0,0,0,0,0,0,0,0,0,0,0,0,0,0,0,0,0,0,0,0,0,0,0,0,0,0,0,0,0,0,0,0,0,0,0,0,0,0,0,0,0,0,0,0,0,0,0,0,0,0,0,0,0,0,0,0,0,0,0,0,0,0,0,0,0,0,0,0,0,0,0,0,0,0,0,0,0,0,0,0,0,0,0,0,0,0,0,0,0,0,0,0,0,0,0,0,0,0,0,0,0,0,0,0,0,0,0,0,0,0,0,0,0,0,0,0,0,0,0,0,0,0,0,0,0,0,0,0,0,0,0,0,0,0,0,0,0,0,0,0,0,0,0,0,0,0,0,0,0,0,0,0
5.900905506,-8.468741000000241,1.506365892402419,-1.2297169999999937,1.7540000000007439,1.4150729595240552,-0.6600000000000161,1.772,1.3970729595240547,-0.6419999999999998,4.648135399518075,-0.13555468923981717,1.7730008158103696,4.973385586743315,-0.3979443412340734,0.32722485671726464,4.05,-5.56,-1.0,0.0,0.0,0.0,4.05,-3.56,-1.0,0.0,0.0,0.0,4.05,-1.56,-1.0,0.0,0.0,0.0,4.05,-5.56,1.0,0.0,0.0,0.0,4.05,-3.56,1.0,0.0,0.0,0.0,4.05,-1.56,1.0,0.0,0.0,0.0,2.78,-0.91,-1.0,0.0,0.0,0.0,2.78,1.09,-1.0,0.0,0.0,0.0,2.78,3.09,-1.0,0.0,0.0,0.0,2.78,-0.91,1.0,0.0,0.0,0.0,2.78,1.09,1.0,0.0,0.0,0.0,2.78,3.09,1.0,0.0,0.0,0.0,-4.13,-3.0540000000001344,-0.6880000000001565,0.0,0.6699999999999484,0.29000000000001247,-4.13,-1.0540000000001446,-0.6880000000001565,0.0,0.6699999999999484,0.29000000000001247,9.13,-2.650000000000022,0.1599999999999736,0.0,-1.7999999999998018,0.34999999999998915,9.13,-0.6499999999998609,0.1599999999999736,0.0,-1.8000000000000242,0.34999999999998915,0,0,0,0,0,0,0,0,0,0,0,0,0,0,0,0,0,0,0,0,0,0,0,0,0,0,0,0,0,0,0,0,0,0,0,0,0,0,0,0,0,0,0,0,0,0,0,0,0,0,0,0,0,0,0,0,0,0,0,0,0,0,0,0,0,0,0,0,0,0,0,0,0,0,0,0,0,0,0,0,0,0,0,0,0,0,0,0,0,0,0,0,0,0,0,0,0,0,0,0,0,0,0,0,0,0,0,0,0,0,0,0,0,0,0,0,0,0,0,0,0,0,0,0,0,0,0,0,0,0,0,0,0,0,0,0,0,0,0,0,0,0,0,0,0,0,0,0,0,0,0,0,0,0,0,0,0,0,0,0,0,0,0,0,0,0,0,0,0,0,0,0,0,0,0,0,0,0,0,0,0,0,0,0,0,0,0,0,0,0,0,0,0,0,0,0,0,0,0,0,0,0,0,0
6.001006824,-8.289903000000175,1.6457709958088313,-1.2922789999999957,1.86300000000017,1.3802844847465856,-0.5509999999999682,1.863,1.3802844847466658,-0.5509999999999998,4.768120901558827,1.3802844847466658,0.2587470579704889,4.968848746925586,-0.4366062398608949,0.3462905160274609,4.05,-5.56,-1.0,0.0,0.0,0.0,4.05,-3.56,-1.0,0.0,0.0,0.0,4.05,-1.56,-1.0,0.0,0.0,0.0,4.05,-5.56,1.0,0.0,0.0,0.0,4.05,-3.56,1.0,0.0,0.0,0.0,4.05,-1.56,1.0,0.0,0.0,0.0,2.78,-0.91,-1.0,0.0,0.0,0.0,2.78,1.09,-1.0,0.0,0.0,0.0,2.78,3.09,-1.0,0.0,0.0,0.0,2.78,-0.91,1.0,0.0,0.0,0.0,2.78,1.09,1.0,0.0,0.0,0.0,2.78,3.09,1.0,0.0,0.0,0.0,-4.13,-2.9870000000001395,-0.6590000000001552,0.0,0.6699999999999484,0.29000000000001247,-4.13,-0.9870000000001475,-0.6590000000001552,0.0,0.6700000000000594,0.29000000000001247,9.13,-2.8300000000000023,0.19499999999997253,0.0,-1.7999999999998018,0.34999999999998915,9.13,-0.8299999999998633,0.19499999999997253,0.0,-1.8000000000000242,0.34999999999998915,0,0,0,0,0,0,0,0,0,0,0,0,0,0,0,0,0,0,0,0,0,0,0,0,0,0,0,0,0,0,0,0,0,0,0,0,0,0,0,0,0,0,0,0,0,0,0,0,0,0,0,0,0,0,0,0,0,0,0,0,0,0,0,0,0,0,0,0,0,0,0,0,0,0,0,0,0,0,0,0,0,0,0,0,0,0,0,0,0,0,0,0,0,0,0,0,0,0,0,0,0,0,0,0,0,0,0,0,0,0,0,0,0,0,0,0,0,0,0,0,0,0,0,0,0,0,0,0,0,0,0,0,0,0,0,0,0,0,0,0,0,0,0,0,0,0,0,0,0,0,0,0,0,0,0,0,0,0,0,0,0,0,0,0,0,0,0,0,0,0,0,0,0,0,0,0,0,0,0,0,0,0,0,0,0,0,0,0,0,0,0,0,0,0,0,0,0,0,0,0,0,0,0,0
6.100894974,-8.140863000000161,1.7561937545885582,-1.3363589999999932,1.86300000000017,1.3802844847465856,-0.5509999999999682,1.963,1.2802844847466657,-0.6509999999999998,4.862573566860435,-0.6476021596469212,-0.7943289284487891,4.964219365466891,-0.47418358548920575,0.3628719040875051,4.05,-5.56,-1.0,0.0,0.0,0.0,4.05,-3.56,-1.0,0.0,0.0,0.0,4.05,-1.56,-1.0,0.0,0.0,0.0,4.05,-5.56,1.0,0.0,0.0,0.0,4.05,-3.56,1.0,0.0,0.0,0.0,4.05,-1.56,1.0,0.0,0.0,0.0,2.78,-0.91,-1.0,0.0,0.0,0.0,2.78,1.09,-1.0,0.0,0.0,0.0,2.78,3.09,-1.0,0.0,0.0,0.0,2.78,-0.91,1.0,0.0,0.0,0.0,2.78,1.09,1.0,0.0,0.0,0.0,2.78,3.09,1.0,0.0,0.0,0.0,-4.13,-2.9334000000001437,-0.6358000000001542,0.0,0.6699999999999484,0.29000000000001247,-4.13,-0.9334000000001443,-0.6358000000001542,0.0,0.6699999999999484,0.29000000000001247,9.13,-2.9739999999999864,0.22299999999997167,0.0,-1.7999999999998018,0.34999999999998915,9.13,-0.9739999999998652,0.22299999999997167,0.0,-1.8000000000000242,0.34999999999998915,0,0,0,0,0,0,0,0,0,0,0,0,0,0,0,0,0,0,0,0,0,0,0,0,0,0,0,0,0,0,0,0,0,0,0,0,0,0,0,0,0,0,0,0,0,0,0,0,0,0,0,0,0,0,0,0,0,0,0,0,0,0,0,0,0,0,0,0,0,0,0,0,0,0,0,0,0,0,0,0,0,0,0,0,0,0,0,0,0,0,0,0,0,0,0,0,0,0,0,0,0,0,0,0,0,0,0,0,0,0,0,0,0,0,0,0,0,0,0,0,0,0,0,0,0,0,0,0,0,0,0,0,0,0,0,0,0,0,0,0,0,0,0,0,0,0,0,0,0,0,0,0,0,0,0,0,0,0,0,0,0,0,0,0,0,0,0,0,0,0,0,0,0,0,0,0,0,0,0,0,0,0,0,0,0,0,0,0,0,0,0,0,0,0,0,0,0,0,0,0,0,0,0,0
6.200909622,-7.944768000000163,1.8844272030632185,-1.4004348746709439,2.0225000000001714,1.2207844847466731,-0.6285874670954428,2.048,1.1952844847466657,-0.6189820958506624,4.905628420048958,0.15193839258789787,-0.6189820958506624,4.958967321555804,-0.5122734108658484,0.382386004269942,4.05,-5.56,-1.0,0.0,0.0,0.0,4.05,-3.56,-1.0,0.0,0.0,0.0,4.05,-1.56,-1.0,0.0,0.0,0.0,4.05,-5.56,1.0,0.0,0.0,0.0,4.05,-3.56,1.0,0.0,0.0,0.0,4.05,-1.56,1.0,0.0,0.0,0.0,2.78,-0.91,-1.0,0.0,0.0,0.0,2.78,1.09,-1.0,0.0,0.0,0.0,2.78,3.09,-1.0,0.0,0.0,0.0,2.78,-0.91,1.0,0.0,0.0,0.0,2.78,1.09,1.0,0.0,0.0,0.0,2.78,3.09,1.0,0.0,0.0,0.0,-4.13,-2.866400000000149,-0.606800000000153,0.0,0.6699999999999484,0.29000000000001247,-4.13,-0.8664000000001495,-0.606800000000153,0.0,0.6699999999999484,0.29000000000001247,9.13,-3.1539999999999666,0.2579999999999712,0.0,-1.7999999999998018,0.35000000000001696,9.13,-1.1539999999998676,0.2579999999999712,0.0,-1.8000000000000242,0.35000000000001696,0,0,0,0,0,0,0,0,0,0,0,0,0,0,0,0,0,0,0,0,0,0,0,0,0,0,0,0,0,0,0,0,0,0,0,0,0,0,0,0,0,0,0,0,0,0,0,0,0,0,0,0,0,0,0,0,0,0,0,0,0,0,0,0,0,0,0,0,0,0,0,0,0,0,0,0,0,0,0,0,0,0,0,0,0,0,0,0,0,0,0,0,0,0,0,0,0,0,0,0,0,0,0,0,0,0,0,0,0,0,0,0,0,0,0,0,0,0,0,0,0,0,0,0,0,0,0,0,0,0,0,0,0,0,0,0,0,0,0,0,0,0,0,0,0,0,0,0,0,0,0,0,0,0,0,0,0,0,0,0,0,0,0,0,0,0,0,0,0,0,0,0,0,0,0,0,0,0,0,0,0,0,0,0,0,0,0,0,0,0,0,0,0,0,0,0,0,0,0,0,0,0,0,0
6.302458309,-7.7809280000001415,1.980049961842955,-1.449953442338996,2.048000000000272,1.195284484746706,-0.6189820958506509,2.137,1.1062844847466657,-0.7079820958506624,4.926234958502421,0.2166013908399138,-0.7681736834496751,4.953681732408172,-0.547463452401811,0.4016479332572983,4.05,-5.56,-1.0,0.0,0.0,0.0,4.05,-3.56,-1.0,0.0,0.0,0.0,4.05,-1.56,-1.0,0.0,0.0,0.0,4.05,-5.56,1.0,0.0,0.0,0.0,4.05,-3.56,1.0,0.0,0.0,0.0,4.05,-1.56,1.0,0.0,0.0,0.0,2.78,-0.91,-1.0,0.0,0.0,0.0,2.78,1.09,-1.0,0.0,0.0,0.0,2.78,3.09,-1.0,0.0,0.0,0.0,2.78,-0.91,1.0,0.0,0.0,0.0,2.78,1.09,1.0,0.0,0.0,0.0,2.78,3.09,1.0,0.0,0.0,0.0,-4.13,-2.812800000000153,-0.583600000000152,0.0,0.6699999999999484,0.29000000000001247,-4.13,-0.8128000000001536,-0.583600000000152,0.0,0.6699999999999484,0.29000000000001247,9.13,-3.2979999999999507,0.28599999999997255,0.0,-1.7999999999998018,0.35000000000001696,9.13,-1.33399999999987,0.2929999999999729,0.0,-1.8000000000000242,0.35000000000001696,0,0,0,0,0,0,0,0,0,0,0,0,0,0,0,0,0,0,0,0,0,0,0,0,0,0,0,0,0,0,0,0,0,0,0,0,0,0,0,0,0,0,0,0,0,0,0,0,0,0,0,0,0,0,0,0,0,0,0,0,0,0,0,0,0,0,0,0,0,0,0,0,0,0,0,0,0,0,0,0,0,0,0,0,0,0,0,0,0,0,0,0,0,0,0,0,0,0,0,0,0,0,0,0,0,0,0,0,0,0,0,0,0,0,0,0,0,0,0,0,0,0,0,0,0,0,0,0,0,0,0,0,0,0,0,0,0,0,0,0,0,0,0,0,0,0,0,0,0,0,0,0,0,0,0,0,0,0,0,0,0,0,0,0,0,0,0,0,0,0,0,0,0,0,0,0,0,0,0,0,0,0,0,0,0,0,0,0,0,0,0,0,0,0,0,0,0,0,0,0,0,0,0,0
6.401020494,-7.566769000000118,2.0902194103176077,-1.5199366519240611,2.2006999999998555,1.0425844847465893,-0.6442820958506124,2.228,1.0152844847466658,-0.6169820958506624,4.94050359168247,-0.7359652796762914,-0.5510404212250579,4.948092544436226,-0.5808898856070039,0.4230214090257368,4.05,-5.56,-1.0,0.0,0.0,0.0,4.05,-3.56,-1.0,0.0,0.0,0.0,4.05,-1.56,-1.0,0.0,0.0,0.0,4.05,-5.56,1.0,0.0,0.0,0.0,4.05,-3.56,1.0,0.0,0.0,0.0,4.05,-1.56,1.0,0.0,0.0,0.0,2.78,-0.91,-1.0,0.0,0.0,0.0,2.78,1.09,-1.0,0.0,0.0,0.0,2.78,3.09,-1.0,0.0,0.0,0.0,2.78,-0.91,1.0,0.0,0.0,0.0,2.78,1.09,1.0,0.0,0.0,0.0,2.78,3.09,1.0,0.0,0.0,0.0,-4.13,-2.745800000000158,-0.5546000000001508,0.0,0.6699999999999484,0.29000000000001247,-4.13,-0.7458000000001588,-0.5546000000001508,0.0,0.6699999999999484,0.29000000000001247,9.13,-3.477999999999931,0.32099999999997425,0.0,-1.7999999999998018,0.35000000000001696,9.13,-1.4779999999998719,0.32099999999997425,0.0,-1.8000000000000242,0.35000000000001696,0,0,0,0,0,0,0,0,0,0,0,0,0,0,0,0,0,0,0,0,0,0,0,0,0,0,0,0,0,0,0,0,0,0,0,0,0,0,0,0,0,0,0,0,0,0,0,0,0,0,0,0,0,0,0,0,0,0,0,0,0,0,0,0,0,0,0,0,0,0,0,0,0,0,0,0,0,0,0,0,0,0,0,0,0,0,0,0,0,0,0,0,0,0,0,0,0,0,0,0,0,0,0,0,0,0,0,0,0,0,0,0,0,0,0,0,0,0,0,0,0,0,0,0,0,0,0,0,0,0,0,0,0,0,0,0,0,0,0,0,0,0,0,0,0,0,0,0,0,0,0,0,0,0,0,0,0,0,0,0,0,0,0,0,0,0,0,0,0,0,0,0,0,0,0,0,0,0,0,0,0,0,0,0,0,0,0,0,0,0,0,0,0,0,0,0,0,0,0,0,0,0,0,0
6.501586744,-7.388365000000144,2.171278169097339,-1.5691312195921088,2.244399999999658,0.9988844847466538,-0.6005820958506103,2.31,0.9332844847466658,-0.5349820958506625,4.8171173105307705,-0.6380087040285729,1.1353128572404643,4.942600108006732,-0.612070836531487,0.442801833103123,4.05,-5.56,-1.0,0.0,0.0,0.0,4.05,-3.56,-1.0,0.0,0.0,0.0,4.05,-1.56,-1.0,0.0,0.0,0.0,4.05,-5.56,1.0,0.0,0.0,0.0,4.05,-3.56,1.0,0.0,0.0,0.0,4.05,-1.56,1.0,0.0,0.0,0.0,2.78,-0.91,-1.0,0.0,0.0,0.0,2.78,1.09,-1.0,0.0,0.0,0.0,2.78,3.09,-1.0,0.0,0.0,0.0,2.78,-0.91,1.0,0.0,0.0,0.0,2.78,1.09,1.0,0.0,0.0,0.0,2.78,3.09,1.0,0.0,0.0,0.0,-4.13,-2.6922000000001622,-0.5314000000001498,0.0,0.6699999999999484,0.29000000000001247,-4.13,-0.6922000000001629,-0.5314000000001498,0.0,0.6699999999999484,0.29000000000001247,9.13,-3.621999999999915,0.3489999999999756,0.0,-1.7999999999998018,0.35000000000001696,9.13,-1.6219999999998738,0.3489999999999756,0.0,-1.8000000000000242,0.35000000000001696,0,0,0,0,0,0,0,0,0,0,0,0,0,0,0,0,0,0,0,0,0,0,0,0,0,0,0,0,0,0,0,0,0,0,0,0,0,0,0,0,0,0,0,0,0,0,0,0,0,0,0,0,0,0,0,0,0,0,0,0,0,0,0,0,0,0,0,0,0,0,0,0,0,0,0,0,0,0,0,0,0,0,0,0,0,0,0,0,0,0,0,0,0,0,0,0,0,0,0,0,0,0,0,0,0,0,0,0,0,0,0,0,0,0,0,0,0,0,0,0,0,0,0,0,0,0,0,0,0,0,0,0,0,0,0,0,0,0,0,0,0,0,0,0,0,0,0,0,0,0,0,0,0,0,0,0,0,0,0,0,0,0,0,0,0,0,0,0,0,0,0,0,0,0,0,0,0,0,0,0,0,0,0,0,0,0,0,0,0,0,0,0,0,0,0,0,0,0,0,0,0,0,0,0
6.601792251,-7.156415000000177,2.2636566175720114,-1.6231919100448773,2.4050000000004346,0.8382844847467652,-0.59123018262075,2.4050000000000002,0.8382844847466658,-0.5912301826206883,4.962405958460927,-0.1841028785895893,-0.5912301826206883,4.936667101207039,-0.6444863427961044,0.4625530086480812,4.05,-5.56,-1.0,0.0,0.0,0.0,4.05,-3.56,-1.0,0.0,0.0,0.0,4.05,-1.56,-1.0,0.0,0.0,0.0,4.05,-5.56,1.0,0.0,0.0,0.0,4.05,-3.56,1.0,0.0,0.0,0.0,4.05,-1.56,1.0,0.0,0.0,0.0,2.78,-0.91,-1.0,0.0,0.0,0.0,2.78,1.09,-1.0,0.0,0.0,0.0,2.78,3.09,-1.0,0.0,0.0,0.0,2.78,-0.91,1.0,0.0,0.0,0.0,2.78,1.09,1.0,0.0,0.0,0.0,2.78,3.09,1.0,0.0,0.0,0.0,-4.13,-2.6252000000001674,-0.5024000000001485,0.0,0.6699999999999484,0.29000000000001247,-4.13,-0.6252000000001681,-0.5024000000001485,0.0,0.6699999999999484,0.29000000000001247,9.13,-3.8019999999998952,0.3839999999999773,0.0,-1.7999999999998018,0.35000000000001696,9.13,-1.8019999999998761,0.3839999999999773,0.0,-1.8000000000000242,0.35000000000001696,0,0,0,0,0,0,0,0,0,0,0,0,0,0,0,0,0,0,0,0,0,0,0,0,0,0,0,0,0,0,0,0,0,0,0,0,0,0,0,0,0,0,0,0,0,0,0,0,0,0,0,0,0,0,0,0,0,0,0,0,0,0,0,0,0,0,0,0,0,0,0,0,0,0,0,0,0,0,0,0,0,0,0,0,0,0,0,0,0,0,0,0,0,0,0,0,0,0,0,0,0,0,0,0,0,0,0,0,0,0,0,0,0,0,0,0,0,0,0,0,0,0,0,0,0,0,0,0,0,0,0,0,0,0,0,0,0,0,0,0,0,0,0,0,0,0,0,0,0,0,0,0,0,0,0,0,0,0,0,0,0,0,0,0,0,0,0,0,0,0,0,0,0,0,0,0,0,0,0,0,0,0,0,0,0,0,0,0,0,0,0,0,0,0,0,0,0,0,0,0,0,0,0,0
6.700548959,-6.914826000000137,2.346396066046687,-1.6812259283069515,2.5040000000000617,0.739284484746694,-0.49223018262067875,2.5040000000000004,0.7392844847466659,-0.4922301826206883,4.879536642473458,-0.9437698792064382,-0.4726888497775339,4.93033498373965,-0.6760305135123336,0.4845407030510277,4.05,-5.56,-1.0,0.0,0.0,0.0,4.05,-3.56,-1.0,0.0,0.0,0.0,4.05,-1.56,-1.0,0.0,0.0,0.0,4.05,-5.56,1.0,0.0,0.0,0.0,4.05,-3.56,1.0,0.0,0.0,0.0,4.05,-1.56,1.0,0.0,0.0,0.0,2.78,-0.91,-1.0,0.0,0.0,0.0,2.78,1.09,-1.0,0.0,0.0,0.0,2.78,3.09,-1.0,0.0,0.0,0.0,2.78,-0.91,1.0,0.0,0.0,0.0,2.78,1.09,1.0,0.0,0.0,0.0,2.78,3.09,1.0,0.0,0.0,0.0,-4.13,-2.5582000000001726,-0.47340000000014726,0.0,0.6699999999999484,0.29000000000001247,-4.13,-0.5582000000001732,-0.47340000000014726,0.0,0.6699999999999484,0.29000000000001247,9.13,-3.9819999999998754,0.418999999999979,0.0,-1.7999999999998018,0.35000000000001696,9.13,-1.9819999999998785,0.418999999999979,0.0,-1.8000000000000242,0.35000000000001696,0,0,0,0,0,0,0,0,0,0,0,0,0,0,0,0,0,0,0,0,0,0,0,0,0,0,0,0,0,0,0,0,0,0,0,0,0,0,0,0,0,0,0,0,0,0,0,0,0,0,0,0,0,0,0,0,0,0,0,0,0,0,0,0,0,0,0,0,0,0,0,0,0,0,0,0,0,0,0,0,0,0,0,0,0,0,0,0,0,0,0,0,0,0,0,0,0,0,0,0,0,0,0,0,0,0,0,0,0,0,0,0,0,0,0,0,0,0,0,0,0,0,0,0,0,0,0,0,0,0,0,0,0,0,0,0,0,0,0,0,0,0,0,0,0,0,0,0,0,0,0,0,0,0,0,0,0,0,0,0,0,0,0,0,0,0,0,0,0,0,0,0,0,0,0,0,0,0,0,0,0,0,0,0,0,0,0,0,0,0,0,0,0,0,0,0,0,0,0,0,0,0,0,0
6.803193251,-6.662697000000126,2.4185955145213596,-1.7287199465690182,2.595000000000347,0.6482844847468527,-0.4012301826206155,2.5950000000000006,0.6482844847466659,-0.4012301826206883,4.795294058804422,-0.2508253923424477,1.387296145379529,4.924187655762376,-0.7054504842203275,0.5046935160577517,4.05,-5.56,-1.0,0.0,0.0,0.0,4.05,-3.56,-1.0,0.0,0.0,0.0,4.05,-1.56,-1.0,0.0,0.0,0.0,4.05,-5.56,1.0,0.0,0.0,0.0,4.05,-3.56,1.0,0.0,0.0,0.0,4.05,-1.56,1.0,0.0,0.0,0.0,2.78,-0.91,-1.0,0.0,0.0,0.0,2.78,1.09,-1.0,0.0,0.0,0.0,2.78,3.09,-1.0,0.0,0.0,0.0,2.78,-0.91,1.0,0.0,0.0,0.0,2.78,1.09,1.0,0.0,0.0,0.0,2.78,3.09,1.0,0.0,0.0,0.0,-4.13,-2.4912000000001777,-0.444400000000146,0.0,0.6699999999999484,0.29000000000001247,-4.13,-0.4912000000001776,-0.444400000000146,0.0,0.6700000000000038,0.29000000000001247,9.13,-4.161999999999896,0.4539999999999807,0.0,-1.8000000000002458,0.35000000000001696,9.13,-2.161999999999861,0.4539999999999807,0.0,-1.7999999999998018,0.35000000000001696,0,0,0,0,0,0,0,0,0,0,0,0,0,0,0,0,0,0,0,0,0,0,0,0,0,0,0,0,0,0,0,0,0,0,0,0,0,0,0,0,0,0,0,0,0,0,0,0,0,0,0,0,0,0,0,0,0,0,0,0,0,0,0,0,0,0,0,0,0,0,0,0,0,0,0,0,0,0,0,0,0,0,0,0,0,0,0,0,0,0,0,0,0,0,0,0,0,0,0,0,0,0,0,0,0,0,0,0,0,0,0,0,0,0,0,0,0,0,0,0,0,0,0,0,0,0,0,0,0,0,0,0,0,0,0,0,0,0,0,0,0,0,0,0,0,0,0,0,0,0,0,0,0,0,0,0,0,0,0,0,0,0,0,0,0,0,0,0,0,0,0,0,0,0,0,0,0,0,0,0,0,0,0,0,0,0,0,0,0,0,0,0,0,0,0,0,0,0,0,0,0,0,0,0
6.901681832,-6.455097000000098,2.470458273301108,-1.7608183611786674,2.595000000000347,0.6482844847468527,-0.4012301826206155,2.6950000000000007,0.5482844847466659,-0.40446978489745344,5.0136828076126685,-0.3914185745044949,-0.40446978489745344,4.918193293356378,-0.7333750482234268,0.5230064701584769,4.05,-5.56,-1.0,0.0,0.0,0.0,4.05,-3.56,-1.0,0.0,0.0,0.0,4.05,-1.56,-1.0,0.0,0.0,0.0,4.05,-5.56,1.0,0.0,0.0,0.0,4.05,-3.56,1.0,0.0,0.0,0.0,4.05,-1.56,1.0,0.0,0.0,0.0,2.78,-0.91,-1.0,0.0,0.0,0.0,2.78,1.09,-1.0,0.0,0.0,0.0,2.78,3.09,-1.0,0.0,0.0,0.0,2.78,-0.91,1.0,0.0,0.0,0.0,2.78,1.09,1.0,0.0,0.0,0.0,2.78,3.09,1.0,0.0,0.0,0.0,-4.13,-2.437600000000182,-0.421200000000145,0.0,0.6699999999999484,0.29000000000001247,-4.13,-0.4376000000001773,-0.421200000000145,0.0,0.6700000000000038,0.29000000000001247,9.13,-4.305999999999916,0.48199999999998205,0.0,-1.8000000000002458,0.35000000000001696,9.13,-2.305999999999845,0.48199999999998205,0.0,-1.7999999999998018,0.35000000000001696,0,0,0,0,0,0,0,0,0,0,0,0,0,0,0,0,0,0,0,0,0,0,0,0,0,0,0,0,0,0,0,0,0,0,0,0,0,0,0,0,0,0,0,0,0,0,0,0,0,0,0,0,0,0,0,0,0,0,0,0,0,0,0,0,0,0,0,0,0,0,0,0,0,0,0,0,0,0,0,0,0,0,0,0,0,0,0,0,0,0,0,0,0,0,0,0,0,0,0,0,0,0,0,0,0,0,0,0,0,0,0,0,0,0,0,0,0,0,0,0,0,0,0,0,0,0,0,0,0,0,0,0,0,0,0,0,0,0,0,0,0,0,0,0,0,0,0,0,0,0,0,0,0,0,0,0,0,0,0,0,0,0,0,0,0,0,0,0,0,0,0,0,0,0,0,0,0,0,0,0,0,0,0,0,0,0,0,0,0,0,0,0,0,0,0,0,0,0,0,0,0,0,0,0
7.000835528,-6.1854410000000835,2.5251307217757715,-1.8018953342994795,2.7706000000002895,0.4726844847464662,-0.46941300936984565,2.779000000000001,0.4642844847466659,-0.47662892320013706,4.902573589027959,-1.026618870890054,-0.47662892320013706,4.91214835337451,-0.7598133404965536,0.5417400133307041,4.05,-5.56,-1.0,0.0,0.0,0.0,4.05,-3.56,-1.0,0.0,0.0,0.0,4.05,-1.56,-1.0,0.0,0.0,0.0,4.05,-5.56,1.0,0.0,0.0,0.0,4.05,-3.56,1.0,0.0,0.0,0.0,4.05,-1.56,1.0,0.0,0.0,0.0,2.78,-0.91,-1.0,0.0,0.0,0.0,2.78,1.09,-1.0,0.0,0.0,0.0,2.78,3.09,-1.0,0.0,0.0,0.0,2.78,-0.91,1.0,0.0,0.0,0.0,2.78,1.09,1.0,0.0,0.0,0.0,2.78,3.09,1.0,0.0,0.0,0.0,-4.13,-2.370600000000187,-0.39220000000014377,0.0,0.6699999999999484,0.29000000000001247,-4.13,-0.3706000000001769,-0.39220000000014377,0.0,0.6700000000000038,0.29000000000001247,9.13,-4.48599999999994,0.516999999999981,0.0,-1.8000000000002458,0.34999999999996145,9.13,-2.4859999999998252,0.516999999999981,0.0,-1.7999999999998018,0.34999999999996145,0,0,0,0,0,0,0,0,0,0,0,0,0,0,0,0,0,0,0,0,0,0,0,0,0,0,0,0,0,0,0,0,0,0,0,0,0,0,0,0,0,0,0,0,0,0,0,0,0,0,0,0,0,0,0,0,0,0,0,0,0,0,0,0,0,0,0,0,0,0,0,0,0,0,0,0,0,0,0,0,0,0,0,0,0,0,0,0,0,0,0,0,0,0,0,0,0,0,0,0,0,0,0,0,0,0,0,0,0,0,0,0,0,0,0,0,0,0,0,0,0,0,0,0,0,0,0,0,0,0,0,0,0,0,0,0,0,0,0,0,0,0,0,0,0,0,0,0,0,0,0,0,0,0,0,0,0,0,0,0,0,0,0,0,0,0,0,0,0,0,0,0,0,0,0,0,0,0,0,0,0,0,0,0,0,0,0,0,0,0,0,0,0,0,0,0,0,0,0,0,0,0,0,0
7.101711754,-5.963121000000059,2.562273480555487,-1.840025648155488,2.779000000000309,0.4642844847464467,-0.4766289232001064,2.875000000000001,0.36828448474666586,-0.3806289232001371,4.797490963099803,-0.540491830672849,1.3144864752725502,4.905877289022577,-0.7845268621043039,0.562925952225751,4.05,-5.56,-1.0,0.0,0.0,0.0,4.05,-3.56,-1.0,0.0,0.0,0.0,4.05,-1.56,-1.0,0.0,0.0,0.0,4.05,-5.56,1.0,0.0,0.0,0.0,4.05,-3.56,1.0,0.0,0.0,0.0,4.05,-1.56,1.0,0.0,0.0,0.0,2.78,-0.91,-1.0,0.0,0.0,0.0,2.78,1.09,-1.0,0.0,0.0,0.0,2.78,3.09,-1.0,0.0,0.0,0.0,2.78,-0.91,1.0,0.0,0.0,0.0,2.78,1.09,1.0,0.0,0.0,0.0,2.78,3.09,1.0,0.0,0.0,0.0,-4.13,-2.317000000000191,-0.36900000000014277,0.0,0.6699999999999484,0.29000000000001247,-4.13,-0.3036000000001765,-0.3632000000001425,0.0,0.6700000000000038,0.29000000000001247,9.13,-4.62999999999996,0.544999999999978,0.0,-1.8000000000002458,0.34999999999996145,9.13,-2.6299999999998094,0.544999999999978,0.0,-1.7999999999998018,0.34999999999996145,0,0,0,0,0,0,0,0,0,0,0,0,0,0,0,0,0,0,0,0,0,0,0,0,0,0,0,0,0,0,0,0,0,0,0,0,0,0,0,0,0,0,0,0,0,0,0,0,0,0,0,0,0,0,0,0,0,0,0,0,0,0,0,0,0,0,0,0,0,0,0,0,0,0,0,0,0,0,0,0,0,0,0,0,0,0,0,0,0,0,0,0,0,0,0,0,0,0,0,0,0,0,0,0,0,0,0,0,0,0,0,0,0,0,0,0,0,0,0,0,0,0,0,0,0,0,0,0,0,0,0,0,0,0,0,0,0,0,0,0,0,0,0,0,0,0,0,0,0,0,0,0,0,0,0,0,0,0,0,0,0,0,0,0,0,0,0,0,0,0,0,0,0,0,0,0,0,0,0,0,0,0,0,0,0,0,0,0,0,0,0,0,0,0,0,0,0,0,0,0,0,0,0,0
7.202270053,-5.675240000000022,2.5987209290301614,-1.8777075404755104,2.9560000000001807,0.287284484746575,-0.2996289232002347,2.956000000000001,0.28728448474666585,-0.29962892320013707,4.793581308654939,-1.371553097568877,-0.18785001291718162,4.900181640973851,-0.8061400830360786,0.5816855267113032,4.05,-5.56,-1.0,0.0,0.0,0.0,4.05,-3.56,-1.0,0.0,0.0,0.0,4.05,-1.56,-1.0,0.0,0.0,0.0,4.05,-5.56,1.0,0.0,0.0,0.0,4.05,-3.56,1.0,0.0,0.0,0.0,4.05,-1.56,1.0,0.0,0.0,0.0,2.78,-0.91,-1.0,0.0,0.0,0.0,2.78,1.09,-1.0,0.0,0.0,0.0,2.78,3.09,-1.0,0.0,0.0,0.0,2.78,-0.91,1.0,0.0,0.0,0.0,2.78,1.09,1.0,0.0,0.0,0.0,2.78,3.09,1.0,0.0,0.0,0.0,-4.13,-2.2500000000001963,-0.3400000000001415,0.0,0.6699999999999484,0.29000000000001247,-4.13,-0.2500000000001762,-0.3400000000001415,0.0,0.6700000000000038,0.29000000000001247,9.13,-4.8099999999999845,0.5799999999999741,0.0,-1.8000000000002458,0.34999999999996145,9.13,-2.8099999999997896,0.5799999999999741,0.0,-1.7999999999998018,0.34999999999996145,0,0,0,0,0,0,0,0,0,0,0,0,0,0,0,0,0,0,0,0,0,0,0,0,0,0,0,0,0,0,0,0,0,0,0,0,0,0,0,0,0,0,0,0,0,0,0,0,0,0,0,0,0,0,0,0,0,0,0,0,0,0,0,0,0,0,0,0,0,0,0,0,0,0,0,0,0,0,0,0,0,0,0,0,0,0,0,0,0,0,0,0,0,0,0,0,0,0,0,0,0,0,0,0,0,0,0,0,0,0,0,0,0,0,0,0,0,0,0,0,0,0,0,0,0,0,0,0,0,0,0,0,0,0,0,0,0,0,0,0,0,0,0,0,0,0,0,0,0,0,0,0,0,0,0,0,0,0,0,0,0,0,0,0,0,0,0,0,0,0,0,0,0,0,0,0,0,0,0,0,0,0,0,0,0,0,0,0,0,0,0,0,0,0,0,0,0,0,0,0,0,0,0,0
7.30334954,-5.438490000000007,2.6214336878098883,-1.901947854331529,2.9830000000002244,0.26028448474666455,-0.32662892320021175,3.0460000000000007,0.19728448474666585,-0.3896289232001371,4.982994523332987,-0.0993276701599064,-0.4077427242279654,4.894199535582418,-0.8283208614173034,0.6005792674125123,4.05,-5.56,-1.0,0.0,0.0,0.0,4.05,-3.56,-1.0,0.0,0.0,0.0,4.05,-1.56,-1.0,0.0,0.0,0.0,4.05,-5.56,1.0,0.0,0.0,0.0,4.05,-3.56,1.0,0.0,0.0,0.0,4.05,-1.56,1.0,0.0,0.0,0.0,2.78,-0.91,-1.0,0.0,0.0,0.0,2.78,1.09,-1.0,0.0,0.0,0.0,2.78,3.09,-1.0,0.0,0.0,0.0,2.78,-0.91,1.0,0.0,0.0,0.0,2.78,1.09,1.0,0.0,0.0,0.0,2.78,3.09,1.0,0.0,0.0,0.0,-4.13,-2.1830000000002014,-0.3110000000001403,0.0,0.6699999999999484,0.29000000000001247,-4.13,-0.19640000000017588,-0.3168000000001405,0.0,0.6700000000000038,0.29000000000001247,9.13,-4.954000000000004,0.607999999999971,0.0,-1.8000000000002458,0.34999999999996145,9.13,-2.9899999999997697,0.6149999999999702,0.0,-1.7999999999998018,0.34999999999996145,0,0,0,0,0,0,0,0,0,0,0,0,0,0,0,0,0,0,0,0,0,0,0,0,0,0,0,0,0,0,0,0,0,0,0,0,0,0,0,0,0,0,0,0,0,0,0,0,0,0,0,0,0,0,0,0,0,0,0,0,0,0,0,0,0,0,0,0,0,0,0,0,0,0,0,0,0,0,0,0,0,0,0,0,0,0,0,0,0,0,0,0,0,0,0,0,0,0,0,0,0,0,0,0,0,0,0,0,0,0,0,0,0,0,0,0,0,0,0,0,0,0,0,0,0,0,0,0,0,0,0,0,0,0,0,0,0,0,0,0,0,0,0,0,0,0,0,0,0,0,0,0,0,0,0,0,0,0,0,0,0,0,0,0,0,0,0,0,0,0,0,0,0,0,0,0,0,0,0,0,0,0,0,0,0,0,0,0,0,0,0,0,0,0,0,0,0,0,0,0,0,0,0,0
7.40046014,-5.133589999999975,2.640862136284575,-1.9408071251913823,3.0760000000002563,0.16728448474681024,-0.37926677718391755,3.146000000000001,0.09728448474666584,-0.3550884364793654,5.025584390295837,-0.1573326602462446,-0.3550884364793654,4.8880349360662505,-0.8485876785408247,0.6221040231540885,4.05,-5.56,-1.0,0.0,0.0,0.0,4.05,-3.56,-1.0,0.0,0.0,0.0,4.05,-1.56,-1.0,0.0,0.0,0.0,4.05,-5.56,1.0,0.0,0.0,0.0,4.05,-3.56,1.0,0.0,0.0,0.0,4.05,-1.56,1.0,0.0,0.0,0.0,2.78,-0.91,-1.0,0.0,0.0,0.0,2.78,1.09,-1.0,0.0,0.0,0.0,2.78,3.09,-1.0,0.0,0.0,0.0,2.78,-0.91,1.0,0.0,0.0,0.0,2.78,1.09,1.0,0.0,0.0,0.0,2.78,3.09,1.0,0.0,0.0,0.0,-4.13,-2.1294000000002056,-0.2878000000001393,0.0,0.6699999999999484,0.29000000000001247,-4.13,-0.12940000000017549,-0.2878000000001393,0.0,0.6700000000000038,0.29000000000001247,9.13,-5.134000000000029,0.6429999999999672,0.0,-1.8000000000002458,0.34999999999996145,9.13,-3.133999999999754,0.6429999999999672,0.0,-1.7999999999998018,0.34999999999996145,0,0,0,0,0,0,0,0,0,0,0,0,0,0,0,0,0,0,0,0,0,0,0,0,0,0,0,0,0,0,0,0,0,0,0,0,0,0,0,0,0,0,0,0,0,0,0,0,0,0,0,0,0,0,0,0,0,0,0,0,0,0,0,0,0,0,0,0,0,0,0,0,0,0,0,0,0,0,0,0,0,0,0,0,0,0,0,0,0,0,0,0,0,0,0,0,0,0,0,0,0,0,0,0,0,0,0,0,0,0,0,0,0,0,0,0,0,0,0,0,0,0,0,0,0,0,0,0,0,0,0,0,0,0,0,0,0,0,0,0,0,0,0,0,0,0,0,0,0,0,0,0,0,0,0,0,0,0,0,0,0,0,0,0,0,0,0,0,0,0,0,0,0,0,0,0,0,0,0,0,0,0,0,0,0,0,0,0,0,0,0,0,0,0,0,0,0,0,0,0,0,0,0,0
7.5014635,-4.817527999999973,2.6491285847592407,-1.9777779688393184,3.2319999999996796,0.011284484746632018,-0.44108843647938656,3.2320000000000007,0.011284484746665852,-0.44108843647936535,4.94949664594017,-0.5854905745553123,-0.5361095633298492,4.881804548850494,-0.8675594129043658,0.644457145125767,4.05,-5.56,-1.0,0.0,0.0,0.0,4.05,-3.56,-1.0,0.0,0.0,0.0,4.05,-1.56,-1.0,0.0,0.0,0.0,4.05,-5.56,1.0,0.0,0.0,0.0,4.05,-3.56,1.0,0.0,0.0,0.0,4.05,-1.56,1.0,0.0,0.0,0.0,2.78,-0.91,-1.0,0.0,0.0,0.0,2.78,1.09,-1.0,0.0,0.0,0.0,2.78,3.09,-1.0,0.0,0.0,0.0,2.78,-0.91,1.0,0.0,0.0,0.0,2.78,1.09,1.0,0.0,0.0,0.0,2.78,3.09,1.0,0.0,0.0,0.0,-4.13,-2.0624000000002107,-0.25880000000013803,0.0,0.6699999999999484,0.29000000000001247,-4.13,-0.0624000000001751,-0.25880000000013803,0.0,0.6700000000000033,0.29000000000001247,9.13,-5.314000000000053,0.6779999999999633,0.0,-1.8000000000002458,0.34999999999996145,9.13,-3.313999999999734,0.6779999999999633,0.0,-1.7999999999998018,0.34999999999996145,0,0,0,0,0,0,0,0,0,0,0,0,0,0,0,0,0,0,0,0,0,0,0,0,0,0,0,0,0,0,0,0,0,0,0,0,0,0,0,0,0,0,0,0,0,0,0,0,0,0,0,0,0,0,0,0,0,0,0,0,0,0,0,0,0,0,0,0,0,0,0,0,0,0,0,0,0,0,0,0,0,0,0,0,0,0,0,0,0,0,0,0,0,0,0,0,0,0,0,0,0,0,0,0,0,0,0,0,0,0,0,0,0,0,0,0,0,0,0,0,0,0,0,0,0,0,0,0,0,0,0,0,0,0,0,0,0,0,0,0,0,0,0,0,0,0,0,0,0,0,0,0,0,0,0,0,0,0,0,0,0,0,0,0,0,0,0,0,0,0,0,0,0,0,0,0,0,0,0,0,0,0,0,0,0,0,0,0,0,0,0,0,0,0,0,0,0,0,0,0,0,0,0,0
7.601363209,-4.558967999999998,2.6500313435389713,-2.013065043757669,3.2319999999996796,0.011284484746632018,-0.44108843647938656,3.3290000000000006,-0.08571551525333415,-0.49022927982151954,4.939409878648117,-0.516557321045318,-0.49022927982151954,4.8756070487183125,-0.8838418685770781,0.6687895467473222,4.05,-5.56,-1.0,0.0,0.0,0.0,4.05,-3.56,-1.0,0.0,0.0,0.0,4.05,-1.56,-1.0,0.0,0.0,0.0,4.05,-5.56,1.0,0.0,0.0,0.0,4.05,-3.56,1.0,0.0,0.0,0.0,4.05,-1.56,1.0,0.0,0.0,0.0,2.78,-0.91,-1.0,0.0,0.0,0.0,2.78,1.09,-1.0,0.0,0.0,0.0,2.78,3.09,-1.0,0.0,0.0,0.0,2.78,-0.91,1.0,0.0,0.0,0.0,2.78,1.09,1.0,0.0,0.0,0.0,2.78,3.09,1.0,0.0,0.0,0.0,-4.13,-2.008800000000215,-0.23560000000013703,0.0,0.6699999999999484,0.29000000000001247,-4.13,-0.008800000000175223,-0.23560000000013703,0.0,0.6700000000000006,0.29000000000001247,9.13,-5.458000000000073,0.7059999999999602,0.0,-1.8000000000002458,0.34999999999996145,9.13,-3.457999999999718,0.7059999999999602,0.0,-1.7999999999998018,0.34999999999996145,0,0,0,0,0,0,0,0,0,0,0,0,0,0,0,0,0,0,0,0,0,0,0,0,0,0,0,0,0,0,0,0,0,0,0,0,0,0,0,0,0,0,0,0,0,0,0,0,0,0,0,0,0,0,0,0,0,0,0,0,0,0,0,0,0,0,0,0,0,0,0,0,0,0,0,0,0,0,0,0,0,0,0,0,0,0,0,0,0,0,0,0,0,0,0,0,0,0,0,0,0,0,0,0,0,0,0,0,0,0,0,0,0,0,0,0,0,0,0,0,0,0,0,0,0,0,0,0,0,0,0,0,0,0,0,0,0,0,0,0,0,0,0,0,0,0,0,0,0,0,0,0,0,0,0,0,0,0,0,0,0,0,0,0,0,0,0,0,0,0,0,0,0,0,0,0,0,0,0,0,0,0,0,0,0,0,0,0,0,0,0,0,0,0,0,0,0,0,0,0,0,0,0,0
7.700954099,-4.225785000000007,2.6411767920136553,-2.0616588308964725,3.366999999999898,-0.12371551525314217,-0.45222927982147,3.424000000000001,-0.18071551525333415,-0.39522927982151956,4.901172433880532,-1.091173577984136,-0.33590122099950204,4.868663421840308,-0.8996413450318999,0.6976832627657146,4.05,-5.56,-1.0,0.0,0.0,0.0,4.05,-3.56,-1.0,0.0,0.0,0.0,4.05,-1.56,-1.0,0.0,0.0,0.0,4.05,-5.56,1.0,0.0,0.0,0.0,4.05,-3.56,1.0,0.0,0.0,0.0,4.05,-1.56,1.0,0.0,0.0,0.0,2.78,-0.91,-1.0,0.0,0.0,0.0,2.78,1.09,-1.0,0.0,0.0,0.0,2.78,3.09,-1.0,0.0,0.0,0.0,2.78,-0.91,1.0,0.0,0.0,0.0,2.78,1.09,1.0,0.0,0.0,0.0,2.78,3.09,1.0,0.0,0.0,0.0,-4.13,-1.94180000000022,-0.2066000000001358,0.0,0.6699999999999484,0.29000000000001247,-4.13,0.05819999999982468,-0.2066000000001358,0.0,0.669999999999997,0.29000000000001247,9.13,-5.638000000000098,0.7409999999999564,0.0,-1.8000000000002458,0.34999999999996145,9.13,-3.6379999999996984,0.7409999999999564,0.0,-1.7999999999998018,0.34999999999996145,0,0,0,0,0,0,0,0,0,0,0,0,0,0,0,0,0,0,0,0,0,0,0,0,0,0,0,0,0,0,0,0,0,0,0,0,0,0,0,0,0,0,0,0,0,0,0,0,0,0,0,0,0,0,0,0,0,0,0,0,0,0,0,0,0,0,0,0,0,0,0,0,0,0,0,0,0,0,0,0,0,0,0,0,0,0,0,0,0,0,0,0,0,0,0,0,0,0,0,0,0,0,0,0,0,0,0,0,0,0,0,0,0,0,0,0,0,0,0,0,0,0,0,0,0,0,0,0,0,0,0,0,0,0,0,0,0,0,0,0,0,0,0,0,0,0,0,0,0,0,0,0,0,0,0,0,0,0,0,0,0,0,0,0,0,0,0,0,0,0,0,0,0,0,0,0,0,0,0,0,0,0,0,0,0,0,0,0,0,0,0,0,0,0,0,0,0,0,0,0,0,0,0,0
7.80167544,-3.88196100000002,2.6216812404883436,-2.1000603893741547,3.5129999999998773,-0.26971551525312165,-0.32514368579228403,3.513000000000001,-0.26971551525333415,-0.32514368579244124,4.964402231161241,-0.3176884673556848,-0.32514368579244124,4.8616773319739295,-0.9140792784619858,0.7270162257180203,4.05,-5.56,-1.0,0.0,0.0,0.0,4.05,-3.56,-1.0,0.0,0.0,0.0,4.05,-1.56,-1.0,0.0,0.0,0.0,4.05,-5.56,1.0,0.0,0.0,0.0,4.05,-3.56,1.0,0.0,0.0,0.0,4.05,-1.56,1.0,0.0,0.0,0.0,2.78,-0.91,-1.0,0.0,0.0,0.0,2.78,1.09,-1.0,0.0,0.0,0.0,2.78,3.09,-1.0,0.0,0.0,0.0,2.78,-0.91,1.0,0.0,0.0,0.0,2.78,1.09,1.0,0.0,0.0,0.0,2.78,3.09,1.0,0.0,0.0,0.0,-4.13,-1.8748000000002252,-0.17760000000013454,0.0,0.6699999999999484,0.29000000000001247,-4.13,0.125199999999825,-0.17760000000013454,0.0,0.6700000000000025,0.29000000000001247,9.13,-5.818000000000122,0.7759999999999525,0.0,-1.8000000000002458,0.34999999999996145,9.13,-3.8179999999996785,0.7759999999999525,0.0,-1.7999999999998018,0.34999999999996145,0,0,0,0,0,0,0,0,0,0,0,0,0,0,0,0,0,0,0,0,0,0,0,0,0,0,0,0,0,0,0,0,0,0,0,0,0,0,0,0,0,0,0,0,0,0,0,0,0,0,0,0,0,0,0,0,0,0,0,0,0,0,0,0,0,0,0,0,0,0,0,0,0,0,0,0,0,0,0,0,0,0,0,0,0,0,0,0,0,0,0,0,0,0,0,0,0,0,0,0,0,0,0,0,0,0,0,0,0,0,0,0,0,0,0,0,0,0,0,0,0,0,0,0,0,0,0,0,0,0,0,0,0,0,0,0,0,0,0,0,0,0,0,0,0,0,0,0,0,0,0,0,0,0,0,0,0,0,0,0,0,0,0,0,0,0,0,0,0,0,0,0,0,0,0,0,0,0,0,0,0,0,0,0,0,0,0,0,0,0,0,0,0,0,0,0,0,0,0,0,0,0,0,0
7.900626614,-3.60092100000003,2.600103999268094,-2.1260718842375375,3.5129999999998773,-0.26971551525312165,-0.32514368579228403,3.608000000000001,-0.3647155152533341,-0.4201436857924412,4.820345604364589,-1.2485391913693462,-0.4317648371492666,4.855323612948059,-0.9259119718007223,0.7540024098271179,4.05,-5.56,-1.0,0.0,0.0,0.0,4.05,-3.56,-1.0,0.0,0.0,0.0,4.05,-1.56,-1.0,0.0,0.0,0.0,4.05,-5.56,1.0,0.0,0.0,0.0,4.05,-3.56,1.0,0.0,0.0,0.0,4.05,-1.56,1.0,0.0,0.0,0.0,2.78,-0.91,-1.0,0.0,0.0,0.0,2.78,1.09,-1.0,0.0,0.0,0.0,2.78,3.09,-1.0,0.0,0.0,0.0,2.78,-0.91,1.0,0.0,0.0,0.0,2.78,1.09,1.0,0.0,0.0,0.0,2.78,3.09,1.0,0.0,0.0,0.0,-4.13,-1.8212000000002293,-0.15440000000013354,0.0,0.6699999999999484,0.29000000000001247,-4.13,0.17879999999982532,-0.15440000000013354,0.0,0.6700000000000038,0.29000000000001247,9.13,-5.962000000000142,0.8039999999999494,0.0,-1.8000000000002458,0.34999999999996145,9.13,-3.9619999999996627,0.8039999999999494,0.0,-1.7999999999998018,0.34999999999996145,0,0,0,0,0,0,0,0,0,0,0,0,0,0,0,0,0,0,0,0,0,0,0,0,0,0,0,0,0,0,0,0,0,0,0,0,0,0,0,0,0,0,0,0,0,0,0,0,0,0,0,0,0,0,0,0,0,0,0,0,0,0,0,0,0,0,0,0,0,0,0,0,0,0,0,0,0,0,0,0,0,0,0,0,0,0,0,0,0,0,0,0,0,0,0,0,0,0,0,0,0,0,0,0,0,0,0,0,0,0,0,0,0,0,0,0,0,0,0,0,0,0,0,0,0,0,0,0,0,0,0,0,0,0,0,0,0,0,0,0,0,0,0,0,0,0,0,0,0,0,0,0,0,0,0,0,0,0,0,0,0,0,0,0,0,0,0,0,0,0,0,0,0,0,0,0,0,0,0,0,0,0,0,0,0,0,0,0,0,0,0,0,0,0,0,0,0,0,0,0,0,0,0,0
8.00125237,-3.2401210000000464,2.5636324477427417,-2.1680862528167615,3.6079999999998336,-0.36471551525352197,-0.42014368579224026,3.708000000000001,-0.4647155152533341,-0.40551747097011503,4.8956360716152965,-1.224829408307421,-0.40551747097011503,4.848321601911748,-0.9360876205909592,0.7858228878139494,4.05,-5.56,-1.0,0.0,0.0,0.0,4.05,-3.56,-1.0,0.0,0.0,0.0,4.05,-1.56,-1.0,0.0,0.0,0.0,4.05,-5.56,1.0,0.0,0.0,0.0,4.05,-3.56,1.0,0.0,0.0,0.0,4.05,-1.56,1.0,0.0,0.0,0.0,2.78,-0.91,-1.0,0.0,0.0,0.0,2.78,1.09,-1.0,0.0,0.0,0.0,2.78,3.09,-1.0,0.0,0.0,0.0,2.78,-0.91,1.0,0.0,0.0,0.0,2.78,1.09,1.0,0.0,0.0,0.0,2.78,3.09,1.0,0.0,0.0,0.0,-4.13,-1.7542000000002345,-0.1254000000001323,0.0,0.6699999999999484,0.29000000000001247,-4.13,0.2457999999998257,-0.1254000000001323,0.0,0.6700000000000038,0.29000000000001247,9.13,-6.142000000000166,0.8389999999999456,0.0,-1.8000000000002458,0.34999999999996145,9.13,-4.141999999999678,0.8389999999999456,0.0,-1.8000000000002458,0.34999999999996145,0,0,0,0,0,0,0,0,0,0,0,0,0,0,0,0,0,0,0,0,0,0,0,0,0,0,0,0,0,0,0,0,0,0,0,0,0,0,0,0,0,0,0,0,0,0,0,0,0,0,0,0,0,0,0,0,0,0,0,0,0,0,0,0,0,0,0,0,0,0,0,0,0,0,0,0,0,0,0,0,0,0,0,0,0,0,0,0,0,0,0,0,0,0,0,0,0,0,0,0,0,0,0,0,0,0,0,0,0,0,0,0,0,0,0,0,0,0,0,0,0,0,0,0,0,0,0,0,0,0,0,0,0,0,0,0,0,0,0,0,0,0,0,0,0,0,0,0,0,0,0,0,0,0,0,0,0,0,0,0,0,0,0,0,0,0,0,0,0,0,0,0,0,0,0,0,0,0,0,0,0,0,0,0,0,0,0,0,0,0,0,0,0,0,0,0,0,0,0,0,0,0,0,0
8.101436303,-2.8682030000000416,2.5160428962174124,-2.208376187067616,3.794000000000075,-0.5507155152533194,-0.385378021264593,3.794000000000001,-0.5507155152533341,-0.3853780212647253,4.891423318948793,-0.9114858379728004,-0.3853780212647253,4.841019977604764,-0.944248235829478,0.8203175272810461,4.05,-5.56,-1.0,0.0,0.0,0.0,4.05,-3.56,-1.0,0.0,0.0,0.0,4.05,-1.56,-1.0,0.0,0.0,0.0,4.05,-5.56,1.0,0.0,0.0,0.0,4.05,-3.56,1.0,0.0,0.0,0.0,4.05,-1.56,1.0,0.0,0.0,0.0,2.78,-0.91,-1.0,0.0,0.0,0.0,2.78,1.09,-1.0,0.0,0.0,0.0,2.78,3.09,-1.0,0.0,0.0,0.0,2.78,-0.91,1.0,0.0,0.0,0.0,2.78,1.09,1.0,0.0,0.0,0.0,2.78,3.09,1.0,0.0,0.0,0.0,-4.13,-1.6872000000002396,-0.09640000000013242,0.0,0.6699999999999484,0.28999999999999865,-4.13,0.3127999999998261,-0.09640000000013242,0.0,0.6700000000000038,0.28999999999999865,9.13,-6.322000000000191,0.8739999999999417,0.0,-1.8000000000002458,0.34999999999996145,9.13,-4.3219999999997025,0.8739999999999417,0.0,-1.8000000000002458,0.34999999999996145,0,0,0,0,0,0,0,0,0,0,0,0,0,0,0,0,0,0,0,0,0,0,0,0,0,0,0,0,0,0,0,0,0,0,0,0,0,0,0,0,0,0,0,0,0,0,0,0,0,0,0,0,0,0,0,0,0,0,0,0,0,0,0,0,0,0,0,0,0,0,0,0,0,0,0,0,0,0,0,0,0,0,0,0,0,0,0,0,0,0,0,0,0,0,0,0,0,0,0,0,0,0,0,0,0,0,0,0,0,0,0,0,0,0,0,0,0,0,0,0,0,0,0,0,0,0,0,0,0,0,0,0,0,0,0,0,0,0,0,0,0,0,0,0,0,0,0,0,0,0,0,0,0,0,0,0,0,0,0,0,0,0,0,0,0,0,0,0,0,0,0,0,0,0,0,0,0,0,0,0,0,0,0,0,0,0,0,0,0,0,0,0,0,0,0,0,0,0,0,0,0,0,0,0
8.201269437,-2.5646830000000356,2.471985654997147,-2.2392064287687834,3.794000000000075,-0.5507155152533194,-0.385378021264593,3.889000000000001,-0.4557155152533341,-0.29037802126472534,4.954912071909531,-0.45140786337305094,-0.03327135208137655,4.834006773131996,-0.9497727653412336,0.8545818928166299,4.05,-5.56,-1.0,0.0,0.0,0.0,4.05,-3.56,-1.0,0.0,0.0,0.0,4.05,-1.56,-1.0,0.0,0.0,0.0,4.05,-5.56,1.0,0.0,0.0,0.0,4.05,-3.56,1.0,0.0,0.0,0.0,4.05,-1.56,1.0,0.0,0.0,0.0,2.78,-0.91,-1.0,0.0,0.0,0.0,2.78,1.09,-1.0,0.0,0.0,0.0,2.78,3.09,-1.0,0.0,0.0,0.0,2.78,-0.91,1.0,0.0,0.0,0.0,2.78,1.09,1.0,0.0,0.0,0.0,2.78,3.09,1.0,0.0,0.0,0.0,-4.13,-1.6336000000002437,-0.07320000000013253,0.0,0.6699999999999484,0.28999999999999865,-4.13,0.3663999999998264,-0.07320000000013253,0.0,0.6700000000000038,0.28999999999999865,9.13,-6.466000000000211,0.9019999999999386,0.0,-1.8000000000002458,0.34999999999996145,9.13,-4.465999999999722,0.9019999999999386,0.0,-1.8000000000002458,0.34999999999996145,0,0,0,0,0,0,0,0,0,0,0,0,0,0,0,0,0,0,0,0,0,0,0,0,0,0,0,0,0,0,0,0,0,0,0,0,0,0,0,0,0,0,0,0,0,0,0,0,0,0,0,0,0,0,0,0,0,0,0,0,0,0,0,0,0,0,0,0,0,0,0,0,0,0,0,0,0,0,0,0,0,0,0,0,0,0,0,0,0,0,0,0,0,0,0,0,0,0,0,0,0,0,0,0,0,0,0,0,0,0,0,0,0,0,0,0,0,0,0,0,0,0,0,0,0,0,0,0,0,0,0,0,0,0,0,0,0,0,0,0,0,0,0,0,0,0,0,0,0,0,0,0,0,0,0,0,0,0,0,0,0,0,0,0,0,0,0,0,0,0,0,0,0,0,0,0,0,0,0,0,0,0,0,0,0,0,0,0,0,0,0,0,0,0,0,0,0,0,0,0,0,0,0,0
8.301022402,-2.174760000000032,2.42520110347181,-2.268041591961054,3.9750000000000627,-0.5417155152533937,-0.2674827186344153,3.975000000000001,-0.5417155152533341,-0.26748271863456363,4.838811847123942,-1.2601343786911778,-0.26748271863456363,4.825948649819675,-0.9586656189748068,0.8894829173735221,4.05,-5.56,-1.0,0.0,0.0,0.0,4.05,-3.56,-1.0,0.0,0.0,0.0,4.05,-1.56,-1.0,0.0,0.0,0.0,4.05,-5.56,1.0,0.0,0.0,0.0,4.05,-3.56,1.0,0.0,0.0,0.0,4.05,-1.56,1.0,0.0,0.0,0.0,2.78,-0.91,-1.0,0.0,0.0,0.0,2.78,1.09,-1.0,0.0,0.0,0.0,2.78,3.09,-1.0,0.0,0.0,0.0,2.78,-0.91,1.0,0.0,0.0,0.0,2.78,1.09,1.0,0.0,0.0,0.0,2.78,3.09,1.0,0.0,0.0,0.0,-4.13,-1.566600000000249,-0.044200000000132675,0.0,0.6699999999999484,0.28999999999999865,-4.13,0.4333999999998268,-0.044200000000132675,0.0,0.6700000000000038,0.28999999999999865,9.13,-6.646000000000235,0.9369999999999348,0.0,-1.8000000000002458,0.34999999999996145,9.13,-4.645999999999747,0.9369999999999348,0.0,-1.8000000000002458,0.34999999999996145,0,0,0,0,0,0,0,0,0,0,0,0,0,0,0,0,0,0,0,0,0,0,0,0,0,0,0,0,0,0,0,0,0,0,0,0,0,0,0,0,0,0,0,0,0,0,0,0,0,0,0,0,0,0,0,0,0,0,0,0,0,0,0,0,0,0,0,0,0,0,0,0,0,0,0,0,0,0,0,0,0,0,0,0,0,0,0,0,0,0,0,0,0,0,0,0,0,0,0,0,0,0,0,0,0,0,0,0,0,0,0,0,0,0,0,0,0,0,0,0,0,0,0,0,0,0,0,0,0,0,0,0,0,0,0,0,0,0,0,0,0,0,0,0,0,0,0,0,0,0,0,0,0,0,0,0,0,0,0,0,0,0,0,0,0,0,0,0,0,0,0,0,0,0,0,0,0,0,0,0,0,0,0,0,0,0,0,0,0,0,0,0,0,0,0,0,0,0,0,0,0,0,0,0
8.400655849,-1.856760000000027,2.3818638622515387,-2.2894402094518074,3.9750000000000627,-0.5417155152533937,-0.2674827186344153,4.074000000000001,-0.640715515253334,-0.17388096999243485,4.913198150100154,-0.6802755598996502,-0.17388096999243485,4.817555096701509,-0.9666385510334408,0.925620225525186,4.05,-5.56,-1.0,0.0,0.0,0.0,4.05,-3.56,-1.0,0.0,0.0,0.0,4.05,-1.56,-1.0,0.0,0.0,0.0,4.05,-5.56,1.0,0.0,0.0,0.0,4.05,-3.56,1.0,0.0,0.0,0.0,4.05,-1.56,1.0,0.0,0.0,0.0,2.78,-0.91,-1.0,0.0,0.0,0.0,2.78,1.09,-1.0,0.0,0.0,0.0,2.78,3.09,-1.0,0.0,0.0,0.0,2.78,-0.91,1.0,0.0,0.0,0.0,2.78,1.09,1.0,0.0,0.0,0.0,2.78,3.09,1.0,0.0,0.0,0.0,-4.13,-1.499600000000254,-0.015200000000132812,0.0,0.6699999999999484,0.28999999999999904,-4.13,0.4869999999998271,-0.021000000000132787,0.0,0.6700000000000038,0.28999999999999865,9.13,-6.790000000000255,0.9649999999999317,0.0,-1.8000000000002458,0.34999999999996145,9.13,-4.7899999999997664,0.9649999999999317,0.0,-1.8000000000002458,0.34999999999996145,0,0,0,0,0,0,0,0,0,0,0,0,0,0,0,0,0,0,0,0,0,0,0,0,0,0,0,0,0,0,0,0,0,0,0,0,0,0,0,0,0,0,0,0,0,0,0,0,0,0,0,0,0,0,0,0,0,0,0,0,0,0,0,0,0,0,0,0,0,0,0,0,0,0,0,0,0,0,0,0,0,0,0,0,0,0,0,0,0,0,0,0,0,0,0,0,0,0,0,0,0,0,0,0,0,0,0,0,0,0,0,0,0,0,0,0,0,0,0,0,0,0,0,0,0,0,0,0,0,0,0,0,0,0,0,0,0,0,0,0,0,0,0,0,0,0,0,0,0,0,0,0,0,0,0,0,0,0,0,0,0,0,0,0,0,0,0,0,0,0,0,0,0,0,0,0,0,0,0,0,0,0,0,0,0,0,0,0,0,0,0,0,0,0,0,0,0,0,0,0,0,0,0,0
8.503574038,-1.4498710000000348,2.3186673107261933,-2.3073015186915296,4.092199999999925,-0.6225155152534079,-0.15568096999230008,4.165000000000001,-0.5497155152533341,-0.08288096999243486,5.038396742955203,-0.3192539747342966,-0.049949505000194794,4.809216756916489,-0.9725094690650703,0.9621120088495,4.05,-5.56,-1.0,0.0,0.0,0.0,4.05,-3.56,-1.0,0.0,0.0,0.0,4.05,-1.56,-1.0,0.0,0.0,0.0,4.05,-5.56,1.0,0.0,0.0,0.0,4.05,-3.56,1.0,0.0,0.0,0.0,4.05,-1.56,1.0,0.0,0.0,0.0,2.78,-0.91,-1.0,0.0,0.0,0.0,2.78,1.09,-1.0,0.0,0.0,0.0,2.78,3.09,-1.0,0.0,0.0,0.0,2.78,-0.91,1.0,0.0,0.0,0.0,2.78,1.09,1.0,0.0,0.0,0.0,2.78,3.09,1.0,0.0,0.0,0.0,-4.13,-1.4460000000002582,0.007999999999867202,0.0,0.6699999999999484,0.29000000000000026,-4.13,0.5539999999998231,0.007999999999867202,0.0,0.6699999999999484,0.29000000000000026,9.13,-6.9700000000002795,0.9999999999999278,0.0,-1.8000000000002458,0.34999999999996145,9.13,-4.969999999999791,0.9999999999999278,0.0,-1.8000000000002458,0.34999999999996145,0,0,0,0,0,0,0,0,0,0,0,0,0,0,0,0,0,0,0,0,0,0,0,0,0,0,0,0,0,0,0,0,0,0,0,0,0,0,0,0,0,0,0,0,0,0,0,0,0,0,0,0,0,0,0,0,0,0,0,0,0,0,0,0,0,0,0,0,0,0,0,0,0,0,0,0,0,0,0,0,0,0,0,0,0,0,0,0,0,0,0,0,0,0,0,0,0,0,0,0,0,0,0,0,0,0,0,0,0,0,0,0,0,0,0,0,0,0,0,0,0,0,0,0,0,0,0,0,0,0,0,0,0,0,0,0,0,0,0,0,0,0,0,0,0,0,0,0,0,0,0,0,0,0,0,0,0,0,0,0,0,0,0,0,0,0,0,0,0,0,0,0,0,0,0,0,0,0,0,0,0,0,0,0,0,0,0,0,0,0,0,0,0,0,0,0,0,0,0,0,0,0,0,0
8.602241855,-1.1999710000000363,2.2856843798110025,-2.312274376891075,4.164999999999975,-0.5497155152531796,-0.08288096999242711,4.234000000000001,-0.48071551525333406,-0.01388096999243485,5.0179079112035305,-0.3961479139788784,0.07234608884216787,4.802150577078747,-0.9795306721200987,0.9898835777192226,4.05,-5.56,-1.0,0.0,0.0,0.0,4.05,-3.56,-1.0,0.0,0.0,0.0,4.05,-1.56,-1.0,0.0,0.0,0.0,4.05,-5.56,1.0,0.0,0.0,0.0,4.05,-3.56,1.0,0.0,0.0,0.0,4.05,-1.56,1.0,0.0,0.0,0.0,2.78,-0.91,-1.0,0.0,0.0,0.0,2.78,1.09,-1.0,0.0,0.0,0.0,2.78,3.09,-1.0,0.0,0.0,0.0,2.78,-0.91,1.0,0.0,0.0,0.0,2.78,1.09,1.0,0.0,0.0,0.0,2.78,3.09,1.0,0.0,0.0,0.0,-4.13,-1.4058000000002613,0.025399999999867164,0.0,0.6699999999999484,0.28999999999999865,-4.13,0.59419999999982,0.025399999999867164,0.0,0.6699999999999484,0.28999999999999865,9.13,-7.078000000000294,1.0209999999999322,0.0,-1.8000000000002458,0.3500000000000725,9.13,-5.077999999999806,1.0209999999999322,0.0,-1.8000000000002458,0.3500000000000725,0,0,0,0,0,0,0,0,0,0,0,0,0,0,0,0,0,0,0,0,0,0,0,0,0,0,0,0,0,0,0,0,0,0,0,0,0,0,0,0,0,0,0,0,0,0,0,0,0,0,0,0,0,0,0,0,0,0,0,0,0,0,0,0,0,0,0,0,0,0,0,0,0,0,0,0,0,0,0,0,0,0,0,0,0,0,0,0,0,0,0,0,0,0,0,0,0,0,0,0,0,0,0,0,0,0,0,0,0,0,0,0,0,0,0,0,0,0,0,0,0,0,0,0,0,0,0,0,0,0,0,0,0,0,0,0,0,0,0,0,0,0,0,0,0,0,0,0,0,0,0,0,0,0,0,0,0,0,0,0,0,0,0,0,0,0,0,0,0,0,0,0,0,0,0,0,0,0,0,0,0,0,0,0,0,0,0,0,0,0,0,0,0,0,0,0,0,0,0,0,0,0,0,0
8.701064976,-0.7755600000000348,2.2384001094233428,-2.3128245061451644,4.309000000000006,-0.4174901922180396,0.05201206922667012,4.309000000000001,-0.41749019221788686,0.05201206922673496,4.944046482940179,-0.41749019221788686,0.05201206922673496,4.7939413776324935,-0.9904436711470187,1.018404341167046,4.05,-5.56,-1.0,0.0,0.0,0.0,4.05,-3.56,-1.0,0.0,0.0,0.0,4.05,-1.56,-1.0,0.0,0.0,0.0,4.05,-5.56,1.0,0.0,0.0,0.0,4.05,-3.56,1.0,0.0,0.0,0.0,4.05,-1.56,1.0,0.0,0.0,0.0,2.78,-0.91,-1.0,0.0,0.0,0.0,2.78,1.09,-1.0,0.0,0.0,0.0,2.78,3.09,-1.0,0.0,0.0,0.0,2.78,-0.91,1.0,0.0,0.0,0.0,2.78,1.09,1.0,0.0,0.0,0.0,2.78,3.09,1.0,0.0,0.0,0.0,-4.13,-1.3388000000002664,0.05439999999986703,0.0,0.6699999999999484,0.28999999999999865,-4.13,0.6611999999998148,0.05439999999986703,0.0,0.6699999999999484,0.28999999999999865,9.13,-7.258000000000319,1.0559999999999394,0.0,-1.8000000000002458,0.3500000000000725,9.13,-5.25799999999983,1.0559999999999394,0.0,-1.8000000000002458,0.3500000000000725,0,0,0,0,0,0,0,0,0,0,0,0,0,0,0,0,0,0,0,0,0,0,0,0,0,0,0,0,0,0,0,0,0,0,0,0,0,0,0,0,0,0,0,0,0,0,0,0,0,0,0,0,0,0,0,0,0,0,0,0,0,0,0,0,0,0,0,0,0,0,0,0,0,0,0,0,0,0,0,0,0,0,0,0,0,0,0,0,0,0,0,0,0,0,0,0,0,0,0,0,0,0,0,0,0,0,0,0,0,0,0,0,0,0,0,0,0,0,0,0,0,0,0,0,0,0,0,0,0,0,0,0,0,0,0,0,0,0,0,0,0,0,0,0,0,0,0,0,0,0,0,0,0,0,0,0,0,0,0,0,0,0,0,0,0,0,0,0,0,0,0,0,0,0,0,0,0,0,0,0,0,0,0,0,0,0,0,0,0,0,0,0,0,0,0,0,0,0,0,0,0,0,0,0
8.802641699,-0.4308400000000342,2.2050008940458996,-2.308663540607031,4.309000000000006,-0.4174901922180396,0.05201206922667012,4.407000000000001,-0.5154901922178868,-0.045987930773265046,5.035683807473288,-0.5676882388144762,-0.18858195541593226,4.7825989977103545,-1.0083040234027634,1.0535985115259587,4.05,-5.56,-1.0,0.0,0.0,0.0,4.05,-3.56,-1.0,0.0,0.0,0.0,4.05,-1.56,-1.0,0.0,0.0,0.0,4.05,-5.56,1.0,0.0,0.0,0.0,4.05,-3.56,1.0,0.0,0.0,0.0,4.05,-1.56,1.0,0.0,0.0,0.0,2.78,-0.91,-1.0,0.0,0.0,0.0,2.78,1.09,-1.0,0.0,0.0,0.0,2.78,3.09,-1.0,0.0,0.0,0.0,2.78,-0.91,1.0,0.0,0.0,0.0,2.78,1.09,1.0,0.0,0.0,0.0,2.78,3.09,1.0,0.0,0.0,0.0,-4.13,-1.2852000000002706,0.07759999999986691,0.0,0.6699999999999484,0.28999999999999865,-4.13,0.7281999999998097,0.08339999999986689,0.0,0.6699999999999484,0.28999999999999865,9.13,-7.4380000000003434,1.0909999999999467,0.0,-1.8000000000002458,0.3500000000000725,9.13,-5.40199999999985,1.0839999999999452,0.0,-1.8000000000002458,0.3500000000000725,0,0,0,0,0,0,0,0,0,0,0,0,0,0,0,0,0,0,0,0,0,0,0,0,0,0,0,0,0,0,0,0,0,0,0,0,0,0,0,0,0,0,0,0,0,0,0,0,0,0,0,0,0,0,0,0,0,0,0,0,0,0,0,0,0,0,0,0,0,0,0,0,0,0,0,0,0,0,0,0,0,0,0,0,0,0,0,0,0,0,0,0,0,0,0,0,0,0,0,0,0,0,0,0,0,0,0,0,0,0,0,0,0,0,0,0,0,0,0,0,0,0,0,0,0,0,0,0,0,0,0,0,0,0,0,0,0,0,0,0,0,0,0,0,0,0,0,0,0,0,0,0,0,0,0,0,0,0,0,0,0,0,0,0,0,0,0,0,0,0,0,0,0,0,0,0,0,0,0,0,0,0,0,0,0,0,0,0,0,0,0,0,0,0,0,0,0,0,0,0,0,0,0,0
8.901635647,0.010510999999965347,2.1541028748241033,-2.3133166598980117,4.4721,-0.45039019221788656,-0.05142055213873675,4.500000000000001,-0.42249019221788686,-0.053748818438149826,4.962027570305272,-0.2270377737943079,-0.053748818438149826,4.769606491977019,-1.024681674077172,1.095847333573925,4.05,-5.56,-1.0,0.0,0.0,0.0,4.05,-3.56,-1.0,0.0,0.0,0.0,4.05,-1.56,-1.0,0.0,0.0,0.0,4.05,-5.56,1.0,0.0,0.0,0.0,4.05,-3.56,1.0,0.0,0.0,0.0,4.05,-1.56,1.0,0.0,0.0,0.0,2.78,-0.91,-1.0,0.0,0.0,0.0,2.78,1.09,-1.0,0.0,0.0,0.0,2.78,3.09,-1.0,0.0,0.0,0.0,2.78,-0.91,1.0,0.0,0.0,0.0,2.78,1.09,1.0,0.0,0.0,0.0,2.78,3.09,1.0,0.0,0.0,0.0,-4.13,-1.2182000000002757,0.10659999999986677,0.0,0.6699999999999484,0.28999999999999865,-4.13,0.7817999999998055,0.10659999999986677,0.0,0.6699999999999484,0.28999999999999865,9.13,-7.582000000000363,1.1189999999999525,0.0,-1.8000000000002458,0.3500000000000725,9.13,-5.581999999999875,1.1189999999999525,0.0,-1.8000000000002458,0.3500000000000725,0,0,0,0,0,0,0,0,0,0,0,0,0,0,0,0,0,0,0,0,0,0,0,0,0,0,0,0,0,0,0,0,0,0,0,0,0,0,0,0,0,0,0,0,0,0,0,0,0,0,0,0,0,0,0,0,0,0,0,0,0,0,0,0,0,0,0,0,0,0,0,0,0,0,0,0,0,0,0,0,0,0,0,0,0,0,0,0,0,0,0,0,0,0,0,0,0,0,0,0,0,0,0,0,0,0,0,0,0,0,0,0,0,0,0,0,0,0,0,0,0,0,0,0,0,0,0,0,0,0,0,0,0,0,0,0,0,0,0,0,0,0,0,0,0,0,0,0,0,0,0,0,0,0,0,0,0,0,0,0,0,0,0,0,0,0,0,0,0,0,0,0,0,0,0,0,0,0,0,0,0,0,0,0,0,0,0,0,0,0,0,0,0,0,0,0,0,0,0,0,0,0,0,0
9.000836979,0.46165099999996584,2.110713855602319,-2.3176289952544624,4.595000000000015,-0.5174901922178066,0.0347967221761003,4.595000000000001,-0.5174901922178868,0.03479672217618912,5.026787946814045,-0.5228316916013682,0.03479672217618912,4.75385840401615,-1.0461552798452391,1.142973930156309,4.05,-5.56,-1.0,0.0,0.0,0.0,4.05,-3.56,-1.0,0.0,0.0,0.0,4.05,-1.56,-1.0,0.0,0.0,0.0,4.05,-5.56,1.0,0.0,0.0,0.0,4.05,-3.56,1.0,0.0,0.0,0.0,4.05,-1.56,1.0,0.0,0.0,0.0,2.78,-0.91,-1.0,0.0,0.0,0.0,2.78,1.09,-1.0,0.0,0.0,0.0,2.78,3.09,-1.0,0.0,0.0,0.0,2.78,-0.91,1.0,0.0,0.0,0.0,2.78,1.09,1.0,0.0,0.0,0.0,2.78,3.09,1.0,0.0,0.0,0.0,-4.13,-1.1512000000002809,0.13559999999986713,0.0,0.6699999999999484,0.29000000000001247,-4.13,0.8487999999998004,0.13559999999986713,0.0,0.6699999999999484,0.29000000000001247,9.13,-7.762000000000388,1.1539999999999597,0.0,-1.8000000000002458,0.3500000000000725,9.13,-5.761999999999899,1.1539999999999597,0.0,-1.8000000000002458,0.3500000000000725,0,0,0,0,0,0,0,0,0,0,0,0,0,0,0,0,0,0,0,0,0,0,0,0,0,0,0,0,0,0,0,0,0,0,0,0,0,0,0,0,0,0,0,0,0,0,0,0,0,0,0,0,0,0,0,0,0,0,0,0,0,0,0,0,0,0,0,0,0,0,0,0,0,0,0,0,0,0,0,0,0,0,0,0,0,0,0,0,0,0,0,0,0,0,0,0,0,0,0,0,0,0,0,0,0,0,0,0,0,0,0,0,0,0,0,0,0,0,0,0,0,0,0,0,0,0,0,0,0,0,0,0,0,0,0,0,0,0,0,0,0,0,0,0,0,0,0,0,0,0,0,0,0,0,0,0,0,0,0,0,0,0,0,0,0,0,0,0,0,0,0,0,0,0,0,0,0,0,0,0,0,0,0,0,0,0,0,0,0,0,0,0,0,0,0,0,0,0,0,0,0,0,0,0
9.100449593,0.9230109999999676,2.0571048363805358,-2.316009323036855,4.688000000000025,-0.6104901922179273,-0.05820327782402046,4.688000000000001,-0.6104901922178868,-0.05820327782381088,4.95860954488238,-0.6720512562862164,-0.10237356744199744,4.604721868421069,-1.0368362261849433,1.157569141254613,4.05,-5.56,-1.0,0.0,0.0,0.0,4.05,-3.56,-1.0,0.0,0.0,0.0,4.05,-1.56,-1.0,0.0,0.0,0.0,4.05,-5.56,1.0,0.0,0.0,0.0,4.05,-3.56,1.0,0.0,0.0,0.0,4.05,-1.56,1.0,0.0,0.0,0.0,2.78,-0.91,-1.0,0.0,0.0,0.0,2.78,1.09,-1.0,0.0,0.0,0.0,2.78,3.09,-1.0,0.0,0.0,0.0,2.78,-0.91,1.0,0.0,0.0,0.0,2.78,1.09,1.0,0.0,0.0,0.0,2.78,3.09,1.0,0.0,0.0,0.0,-4.13,-1.084200000000286,0.16459999999986838,0.0,0.6699999999999484,0.29000000000001247,-4.13,0.9157999999997952,0.16459999999986838,0.0,0.6699999999999484,0.29000000000001247,9.13,-7.942000000000412,1.188999999999967,0.0,-1.8000000000002458,0.3500000000000725,9.13,-5.941999999999924,1.188999999999967,0.0,-1.8000000000002458,0.3500000000000725,0,0,0,0,0,0,0,0,0,0,0,0,0,0,0,0,0,0,0,0,0,0,0,0,0,0,0,0,0,0,0,0,0,0,0,0,0,0,0,0,0,0,0,0,0,0,0,0,0,0,0,0,0,0,0,0,0,0,0,0,0,0,0,0,0,0,0,0,0,0,0,0,0,0,0,0,0,0,0,0,0,0,0,0,0,0,0,0,0,0,0,0,0,0,0,0,0,0,0,0,0,0,0,0,0,0,0,0,0,0,0,0,0,0,0,0,0,0,0,0,0,0,0,0,0,0,0,0,0,0,0,0,0,0,0,0,0,0,0,0,0,0,0,0,0,0,0,0,0,0,0,0,0,0,0,0,0,0,0,0,0,0,0,0,0,0,0,0,0,0,0,0,0,0,0,0,0,0,0,0,0,0,0,0,0,0,0,0,0,0,0,0,0,0,0,0,0,0,0,0,0,0,0,0
9.203385996,1.2982469999999695,2.0080696210031017,-2.3208001978241426,4.707600000000012,-0.6300901922179136,-0.07166453396063588,4.7860000000000005,-0.7084901922178868,-0.1255095585070909,4.854425834318908,-0.8758513849289384,-0.1255095585070909,4.381412200000016,-1.0080666967509673,1.159978028523771,4.05,-5.56,-1.0,0.0,0.0,0.0,4.05,-3.56,-1.0,0.0,0.0,0.0,4.05,-1.56,-1.0,0.0,0.0,0.0,4.05,-5.56,1.0,0.0,0.0,0.0,4.05,-3.56,1.0,0.0,0.0,0.0,4.05,-1.56,1.0,0.0,0.0,0.0,2.78,-0.91,-1.0,0.0,0.0,0.0,2.78,1.09,-1.0,0.0,0.0,0.0,2.78,3.09,-1.0,0.0,0.0,0.0,2.78,-0.91,1.0,0.0,0.0,0.0,2.78,1.09,1.0,0.0,0.0,0.0,2.78,3.09,1.0,0.0,0.0,0.0,-4.13,-1.0172000000002912,0.19359999999986963,0.0,0.6699999999999484,0.29000000000001247,-4.13,0.9693999999997911,0.18779999999986938,0.0,0.6699999999999484,0.29000000000001247,9.13,-8.08600000000039,1.2169999999999728,0.0,-1.7999999999993577,0.3500000000000725,9.13,-6.0859999999999435,1.2169999999999728,0.0,-1.8000000000002458,0.3500000000000725,0,0,0,0,0,0,0,0,0,0,0,0,0,0,0,0,0,0,0,0,0,0,0,0,0,0,0,0,0,0,0,0,0,0,0,0,0,0,0,0,0,0,0,0,0,0,0,0,0,0,0,0,0,0,0,0,0,0,0,0,0,0,0,0,0,0,0,0,0,0,0,0,0,0,0,0,0,0,0,0,0,0,0,0,0,0,0,0,0,0,0,0,0,0,0,0,0,0,0,0,0,0,0,0,0,0,0,0,0,0,0,0,0,0,0,0,0,0,0,0,0,0,0,0,0,0,0,0,0,0,0,0,0,0,0,0,0,0,0,0,0,0,0,0,0,0,0,0,0,0,0,0,0,0,0,0,0,0,0,0,0,0,0,0,0,0,0,0,0,0,0,0,0,0,0,0,0,0,0,0,0,0,0,0,0,0,0,0,0,0,0,0,0,0,0,0,0,0,0,0,0,0,0,0
9.301083564,1.7768469999999652,1.9372206017813158,-2.3333511536748524,4.785999999999958,-0.7084901922178588,-0.12550955850709755,4.686000000000001,-0.6084901922178868,-0.1626653522729966,4.6525697367319845,-0.29585646506018026,-0.1626653522729966,4.159436500000017,-0.9756952028128365,1.1654204812523552,4.05,-5.56,-1.0,0.0,0.0,0.0,4.05,-3.56,-1.0,0.0,0.0,0.0,4.05,-1.56,-1.0,0.0,0.0,0.0,4.05,-5.56,1.0,0.0,0.0,0.0,4.05,-3.56,1.0,0.0,0.0,0.0,4.05,-1.56,1.0,0.0,0.0,0.0,2.78,-0.91,-1.0,0.0,0.0,0.0,2.78,1.09,-1.0,0.0,0.0,0.0,2.78,3.09,-1.0,0.0,0.0,0.0,2.78,-0.91,1.0,0.0,0.0,0.0,2.78,1.09,1.0,0.0,0.0,0.0,2.78,3.09,1.0,0.0,0.0,0.0,-4.13,-0.9636000000002953,0.21679999999987062,0.0,0.6699999999999484,0.29000000000001247,-4.13,1.036399999999786,0.21679999999987062,0.0,0.6699999999999484,0.29000000000001247,9.13,-8.266000000000325,1.25199999999998,0.0,-1.7999999999993577,0.3500000000000725,9.13,-6.265999999999968,1.25199999999998,0.0,-1.8000000000002458,0.3500000000000725,0,0,0,0,0,0,0,0,0,0,0,0,0,0,0,0,0,0,0,0,0,0,0,0,0,0,0,0,0,0,0,0,0,0,0,0,0,0,0,0,0,0,0,0,0,0,0,0,0,0,0,0,0,0,0,0,0,0,0,0,0,0,0,0,0,0,0,0,0,0,0,0,0,0,0,0,0,0,0,0,0,0,0,0,0,0,0,0,0,0,0,0,0,0,0,0,0,0,0,0,0,0,0,0,0,0,0,0,0,0,0,0,0,0,0,0,0,0,0,0,0,0,0,0,0,0,0,0,0,0,0,0,0,0,0,0,0,0,0,0,0,0,0,0,0,0,0,0,0,0,0,0,0,0,0,0,0,0,0,0,0,0,0,0,0,0,0,0,0,0,0,0,0,0,0,0,0,0,0,0,0,0,0,0,0,0,0,0,0,0,0,0,0,0,0,0,0,0,0,0,0,0,0,0
9.400588934,2.24478999999996,1.8770285825595283,-2.348549221520841,4.598999999999798,-0.5214901922179216,-0.07566535227310212,4.599000000000001,-0.5214901922178868,-0.07566535227299662,4.452218707716824,-0.08249492534012859,0.014465755098853617,3.9363180789473873,-0.9457219831814638,1.1726983905211834,4.05,-5.56,-1.0,0.0,0.0,0.0,4.05,-3.56,-1.0,0.0,0.0,0.0,4.05,-1.56,-1.0,0.0,0.0,0.0,4.05,-5.56,1.0,0.0,0.0,0.0,4.05,-3.56,1.0,0.0,0.0,0.0,4.05,-1.56,1.0,0.0,0.0,0.0,2.78,-0.91,-1.0,0.0,0.0,0.0,2.78,1.09,-1.0,0.0,0.0,0.0,2.78,3.09,-1.0,0.0,0.0,0.0,2.78,-0.91,1.0,0.0,0.0,0.0,2.78,1.09,1.0,0.0,0.0,0.0,2.78,3.09,1.0,0.0,0.0,0.0,-4.13,-0.8966000000003005,0.24579999999987187,0.0,0.6699999999999484,0.29000000000001247,-4.13,1.1033999999997808,0.24579999999987187,0.0,0.6699999999999484,0.29000000000001247,9.13,-8.44600000000026,1.2869999999999873,0.0,-1.7999999999993577,0.3500000000000725,9.13,-6.445999999999993,1.2869999999999873,0.0,-1.8000000000002458,0.3500000000000725,0,0,0,0,0,0,0,0,0,0,0,0,0,0,0,0,0,0,0,0,0,0,0,0,0,0,0,0,0,0,0,0,0,0,0,0,0,0,0,0,0,0,0,0,0,0,0,0,0,0,0,0,0,0,0,0,0,0,0,0,0,0,0,0,0,0,0,0,0,0,0,0,0,0,0,0,0,0,0,0,0,0,0,0,0,0,0,0,0,0,0,0,0,0,0,0,0,0,0,0,0,0,0,0,0,0,0,0,0,0,0,0,0,0,0,0,0,0,0,0,0,0,0,0,0,0,0,0,0,0,0,0,0,0,0,0,0,0,0,0,0,0,0,0,0,0,0,0,0,0,0,0,0,0,0,0,0,0,0,0,0,0,0,0,0,0,0,0,0,0,0,0,0,0,0,0,0,0,0,0,0,0,0,0,0,0,0,0,0,0,0,0,0,0,0,0,0,0,0,0,0,0,0,0
9.500454754,2.703091999999943,1.8264775633377368,-2.354517756748147,4.504999999999981,-0.4274901922178831,0.018334647727158426,4.505000000000001,-0.42749019221788687,0.018334647727003384,4.231323341259223,-0.15029226662185247,0.2663154356384885,3.714340500000027,-0.9200013894560279,1.1769607307661156,4.05,-5.56,-1.0,0.0,0.0,0.0,4.05,-3.56,-1.0,0.0,0.0,0.0,4.05,-1.56,-1.0,0.0,0.0,0.0,4.05,-5.56,1.0,0.0,0.0,0.0,4.05,-3.56,1.0,0.0,0.0,0.0,4.05,-1.56,1.0,0.0,0.0,0.0,2.78,-0.91,-1.0,0.0,0.0,0.0,2.78,1.09,-1.0,0.0,0.0,0.0,2.78,3.09,-1.0,0.0,0.0,0.0,2.78,-0.91,1.0,0.0,0.0,0.0,2.78,1.09,1.0,0.0,0.0,0.0,2.78,3.09,1.0,0.0,0.0,0.0,-4.13,-0.8430000000003046,0.26899999999987284,0.0,0.6699999999999484,0.29000000000001247,-4.13,1.1569999999997767,0.26899999999987284,0.0,0.6699999999999484,0.29000000000001247,9.13,-8.626000000000197,1.3219999999999945,0.0,-1.7999999999993577,0.3500000000000725,9.13,-6.590000000000012,1.314999999999993,0.0,-1.8000000000002458,0.3500000000000725,0,0,0,0,0,0,0,0,0,0,0,0,0,0,0,0,0,0,0,0,0,0,0,0,0,0,0,0,0,0,0,0,0,0,0,0,0,0,0,0,0,0,0,0,0,0,0,0,0,0,0,0,0,0,0,0,0,0,0,0,0,0,0,0,0,0,0,0,0,0,0,0,0,0,0,0,0,0,0,0,0,0,0,0,0,0,0,0,0,0,0,0,0,0,0,0,0,0,0,0,0,0,0,0,0,0,0,0,0,0,0,0,0,0,0,0,0,0,0,0,0,0,0,0,0,0,0,0,0,0,0,0,0,0,0,0,0,0,0,0,0,0,0,0,0,0,0,0,0,0,0,0,0,0,0,0,0,0,0,0,0,0,0,0,0,0,0,0,0,0,0,0,0,0,0,0,0,0,0,0,0,0,0,0,0,0,0,0,0,0,0,0,0,0,0,0,0,0,0,0,0,0,0,0
9.601396092,3.0628619999999405,1.7916483479603067,-2.352420984929976,4.441999999999879,-0.4904901922178295,0.08133464772694943,4.415000000000001,-0.5174901922178868,0.10833464772700338,3.9593958039231216,-0.7585344745075489,0.29405470787796606,3.5065937500000293,-0.899725590614005,1.176634086970668,4.05,-5.56,-1.0,0.0,0.0,0.0,4.05,-3.56,-1.0,0.0,0.0,0.0,4.05,-1.56,-1.0,0.0,0.0,0.0,4.05,-5.56,1.0,0.0,0.0,0.0,4.05,-3.56,1.0,0.0,0.0,0.0,4.05,-1.56,1.0,0.0,0.0,0.0,2.78,-0.91,-1.0,0.0,0.0,0.0,2.78,1.09,-1.0,0.0,0.0,0.0,2.78,3.09,-1.0,0.0,0.0,0.0,2.78,-0.91,1.0,0.0,0.0,0.0,2.78,1.09,1.0,0.0,0.0,0.0,2.78,3.09,1.0,0.0,0.0,0.0,-4.13,-0.7760000000003098,0.2979999999998741,0.0,0.6699999999999484,0.29000000000001247,-4.13,1.2239999999997715,0.2979999999998741,0.0,0.6699999999999484,0.29000000000001247,9.13,-8.770000000000145,1.3500000000000003,0.0,-1.7999999999993577,0.3500000000000725,9.13,-6.770000000000037,1.3500000000000003,0.0,-1.8000000000002458,0.3500000000000725,0,0,0,0,0,0,0,0,0,0,0,0,0,0,0,0,0,0,0,0,0,0,0,0,0,0,0,0,0,0,0,0,0,0,0,0,0,0,0,0,0,0,0,0,0,0,0,0,0,0,0,0,0,0,0,0,0,0,0,0,0,0,0,0,0,0,0,0,0,0,0,0,0,0,0,0,0,0,0,0,0,0,0,0,0,0,0,0,0,0,0,0,0,0,0,0,0,0,0,0,0,0,0,0,0,0,0,0,0,0,0,0,0,0,0,0,0,0,0,0,0,0,0,0,0,0,0,0,0,0,0,0,0,0,0,0,0,0,0,0,0,0,0,0,0,0,0,0,0,0,0,0,0,0,0,0,0,0,0,0,0,0,0,0,0,0,0,0,0,0,0,0,0,0,0,0,0,0,0,0,0,0,0,0,0,0,0,0,0,0,0,0,0,0,0,0,0,0,0,0,0,0,0,0
9.702309001,3.503488999999926,1.739026328738526,-2.340714520157288,4.327700000000023,-0.6047901922178189,0.19563464772707206,4.3180000000000005,-0.6144901922178868,0.20533464772700338,3.5065937500000293,-0.899725590614005,1.176634086970668,3.300799000000036,-0.8761595466758767,1.1720937758513674,4.05,-5.56,-1.0,0.0,0.0,0.0,4.05,-3.56,-1.0,0.0,0.0,0.0,4.05,-1.56,-1.0,0.0,0.0,0.0,4.05,-5.56,1.0,0.0,0.0,0.0,4.05,-3.56,1.0,0.0,0.0,0.0,4.05,-1.56,1.0,0.0,0.0,0.0,2.78,-0.91,-1.0,0.0,0.0,0.0,2.78,1.09,-1.0,0.0,0.0,0.0,2.78,3.09,-1.0,0.0,0.0,0.0,2.78,-0.91,1.0,0.0,0.0,0.0,2.78,1.09,1.0,0.0,0.0,0.0,2.78,3.09,1.0,0.0,0.0,0.0,-4.13,-0.7090000000003149,0.32699999999987533,0.0,0.6699999999999484,0.29000000000001247,-4.13,1.2909999999997663,0.32699999999987533,0.0,0.6699999999999484,0.29000000000001247,9.13,-8.950000000000081,1.3850000000000076,0.0,-1.7999999999993577,0.3500000000000725,9.13,-6.9500000000000615,1.3850000000000076,0.0,-1.8000000000002458,0.3500000000000725,0,0,0,0,0,0,0,0,0,0,0,0,0,0,0,0,0,0,0,0,0,0,0,0,0,0,0,0,0,0,0,0,0,0,0,0,0,0,0,0,0,0,0,0,0,0,0,0,0,0,0,0,0,0,0,0,0,0,0,0,0,0,0,0,0,0,0,0,0,0,0,0,0,0,0,0,0,0,0,0,0,0,0,0,0,0,0,0,0,0,0,0,0,0,0,0,0,0,0,0,0,0,0,0,0,0,0,0,0,0,0,0,0,0,0,0,0,0,0,0,0,0,0,0,0,0,0,0,0,0,0,0,0,0,0,0,0,0,0,0,0,0,0,0,0,0,0,0,0,0,0,0,0,0,0,0,0,0,0,0,0,0,0,0,0,0,0,0,0,0,0,0,0,0,0,0,0,0,0,0,0,0,0,0,0,0,0,0,0,0,0,0,0,0,0,0,0,0,0,0,0,0,0,0
9.802661401,3.9333749999999266,1.6756633095167401,-2.3182670553845846,4.230999999999874,-0.7014901922179906,0.29233464772682183,4.231000000000001,-0.7014901922178868,0.29233464772700335,3.300799000000036,-0.8761595466758767,1.1720937758513674,3.0971690000000356,-0.8479625076416392,1.1631270474081958,4.05,-5.56,-1.0,0.0,0.0,0.0,4.05,-3.56,-1.0,0.0,0.0,0.0,4.05,-1.56,-1.0,0.0,0.0,0.0,4.05,-5.56,1.0,0.0,0.0,0.0,4.05,-3.56,1.0,0.0,0.0,0.0,4.05,-1.56,1.0,0.0,0.0,0.0,2.78,-0.91,-1.0,0.0,0.0,0.0,2.78,1.09,-1.0,0.0,0.0,0.0,2.78,3.09,-1.0,0.0,0.0,0.0,2.78,-0.91,1.0,0.0,0.0,0.0,2.78,1.09,1.0,0.0,0.0,0.0,2.78,3.09,1.0,0.0,0.0,0.0,-4.13,-0.6420000000003201,0.3559999999998766,0.0,0.6699999999999484,0.29000000000001247,-4.13,1.3579999999997612,0.3559999999998766,0.0,0.6699999999999484,0.29000000000001247,9.13,-9.130000000000017,1.4200000000000148,0.0,-1.7999999999993577,0.3500000000000725,9.13,-7.130000000000057,1.4200000000000148,0.0,-1.7999999999993577,0.3500000000000725,0,0,0,0,0,0,0,0,0,0,0,0,0,0,0,0,0,0,0,0,0,0,0,0,0,0,0,0,0,0,0,0,0,0,0,0,0,0,0,0,0,0,0,0,0,0,0,0,0,0,0,0,0,0,0,0,0,0,0,0,0,0,0,0,0,0,0,0,0,0,0,0,0,0,0,0,0,0,0,0,0,0,0,0,0,0,0,0,0,0,0,0,0,0,0,0,0,0,0,0,0,0,0,0,0,0,0,0,0,0,0,0,0,0,0,0,0,0,0,0,0,0,0,0,0,0,0,0,0,0,0,0,0,0,0,0,0,0,0,0,0,0,0,0,0,0,0,0,0,0,0,0,0,0,0,0,0,0,0,0,0,0,0,0,0,0,0,0,0,0,0,0,0,0,0,0,0,0,0,0,0,0,0,0,0,0,0,0,0,0,0,0,0,0,0,0,0,0,0,0,0,0,0,0
9.900614671,4.271854999999917,1.619544094139301,-2.294880283566439,4.230999999999874,-0.7014901922179906,0.29233464772682183,4.131000000000001,-0.8014901922178868,0.3923346477270033,3.0971690000000356,-0.8479625076416392,1.1631270474081958,2.8958050000000406,-0.8150332235112854,1.1496326516411706,4.05,-5.56,-1.0,0.0,0.0,0.0,4.05,-3.56,-1.0,0.0,0.0,0.0,4.05,-1.56,-1.0,0.0,0.0,0.0,4.05,-5.56,1.0,0.0,0.0,0.0,4.05,-3.56,1.0,0.0,0.0,0.0,4.05,-1.56,1.0,0.0,0.0,0.0,2.78,-0.91,-1.0,0.0,0.0,0.0,2.78,1.09,-1.0,0.0,0.0,0.0,2.78,3.09,-1.0,0.0,0.0,0.0,2.78,-0.91,1.0,0.0,0.0,0.0,2.78,1.09,1.0,0.0,0.0,0.0,2.78,3.09,1.0,0.0,0.0,0.0,-4.13,-0.5884000000003242,0.3791999999998776,0.0,0.6699999999999484,0.29000000000001247,-4.13,1.411599999999757,0.3791999999998776,0.0,0.6699999999999484,0.29000000000001247,9.13,-9.273999999999965,1.4480000000000206,0.0,-1.7999999999993577,0.3500000000000725,9.13,-7.274000000000005,1.4480000000000206,0.0,-1.7999999999993577,0.3500000000000725,0,0,0,0,0,0,0,0,0,0,0,0,0,0,0,0,0,0,0,0,0,0,0,0,0,0,0,0,0,0,0,0,0,0,0,0,0,0,0,0,0,0,0,0,0,0,0,0,0,0,0,0,0,0,0,0,0,0,0,0,0,0,0,0,0,0,0,0,0,0,0,0,0,0,0,0,0,0,0,0,0,0,0,0,0,0,0,0,0,0,0,0,0,0,0,0,0,0,0,0,0,0,0,0,0,0,0,0,0,0,0,0,0,0,0,0,0,0,0,0,0,0,0,0,0,0,0,0,0,0,0,0,0,0,0,0,0,0,0,0,0,0,0,0,0,0,0,0,0,0,0,0,0,0,0,0,0,0,0,0,0,0,0,0,0,0,0,0,0,0,0,0,0,0,0,0,0,0,0,0,0,0,0,0,0,0,0,0,0,0,0,0,0,0,0,0,0,0,0,0,0,0,0,0
10.000619483,4.684122999999921,1.5394325585419832,-2.2548148187937356,4.044999999999632,-0.8150332235112856,0.47833464772706336,4.045000000000001,-0.8150332235112854,0.4783346477270033,2.8958050000000406,-0.8150332235112854,1.1496326516411706,2.711125500000038,-0.7802169099575853,1.1330237598173194,4.05,-5.56,-1.0,0.0,0.0,0.0,4.05,-3.56,-1.0,0.0,0.0,0.0,4.05,-1.56,-1.0,0.0,0.0,0.0,4.05,-5.56,1.0,0.0,0.0,0.0,4.05,-3.56,1.0,0.0,0.0,0.0,4.05,-1.56,1.0,0.0,0.0,0.0,2.78,-0.91,-1.0,0.0,0.0,0.0,2.78,1.09,-1.0,0.0,0.0,0.0,2.78,3.09,-1.0,0.0,0.0,0.0,2.78,-0.91,1.0,0.0,0.0,0.0,2.78,1.09,1.0,0.0,0.0,0.0,2.78,3.09,1.0,0.0,0.0,0.0,-4.13,-0.5214000000003294,0.4081999999998788,0.0,0.6699999999999484,0.29000000000001247,-4.13,1.478599999999752,0.4081999999998788,0.0,0.6699999999999484,0.29000000000001247,9.13,-9.453999999999901,1.4830000000000279,0.0,-1.7999999999993577,0.3500000000000725,9.13,-7.453999999999941,1.4830000000000279,0.0,-1.7999999999993577,0.3500000000000725,0,0,0,0,0,0,0,0,0,0,0,0,0,0,0,0,0,0,0,0,0,0,0,0,0,0,0,0,0,0,0,0,0,0,0,0,0,0,0,0,0,0,0,0,0,0,0,0,0,0,0,0,0,0,0,0,0,0,0,0,0,0,0,0,0,0,0,0,0,0,0,0,0,0,0,0,0,0,0,0,0,0,0,0,0,0,0,0,0,0,0,0,0,0,0,0,0,0,0,0,0,0,0,0,0,0,0,0,0,0,0,0,0,0,0,0,0,0,0,0,0,0,0,0,0,0,0,0,0,0,0,0,0,0,0,0,0,0,0,0,0,0,0,0,0,0,0,0,0,0,0,0,0,0,0,0,0,0,0,0,0,0,0,0,0,0,0,0,0,0,0,0,0,0,0,0,0,0,0,0,0,0,0,0,0,0,0,0,0,0,0,0,0,0,0,0,0,0,0,0,0,0,0,0
10.100596941,5.086762999999891,1.4586255624619293,-2.205121354021027,3.9519999999999555,-0.780216909957554,0.5713346477271841,3.952000000000001,-0.7802169099575853,0.5713346477270033,2.711125500000038,-0.7802169099575853,1.1330237598173194,2.518386000000052,-0.7415976330598524,1.110904864050284,4.05,-5.56,-1.0,0.0,0.0,0.0,4.05,-3.56,-1.0,0.0,0.0,0.0,4.05,-1.56,-1.0,0.0,0.0,0.0,4.05,-5.56,1.0,0.0,0.0,0.0,4.05,-3.56,1.0,0.0,0.0,0.0,4.05,-1.56,1.0,0.0,0.0,0.0,2.78,-0.91,-1.0,0.0,0.0,0.0,2.78,1.09,-1.0,0.0,0.0,0.0,2.78,3.09,-1.0,0.0,0.0,0.0,2.78,-0.91,1.0,0.0,0.0,0.0,2.78,1.09,1.0,0.0,0.0,0.0,2.78,3.09,1.0,0.0,0.0,0.0,-4.13,-0.4544000000003307,0.4371999999998801,0.0,0.6700000000000038,0.29000000000001247,-4.13,1.5455999999997467,0.4371999999998801,0.0,0.6699999999999484,0.29000000000001247,9.13,-9.633999999999837,1.518000000000035,0.0,-1.7999999999993577,0.3500000000000725,9.13,-7.633999999999877,1.518000000000035,0.0,-1.7999999999993577,0.3500000000000725,0,0,0,0,0,0,0,0,0,0,0,0,0,0,0,0,0,0,0,0,0,0,0,0,0,0,0,0,0,0,0,0,0,0,0,0,0,0,0,0,0,0,0,0,0,0,0,0,0,0,0,0,0,0,0,0,0,0,0,0,0,0,0,0,0,0,0,0,0,0,0,0,0,0,0,0,0,0,0,0,0,0,0,0,0,0,0,0,0,0,0,0,0,0,0,0,0,0,0,0,0,0,0,0,0,0,0,0,0,0,0,0,0,0,0,0,0,0,0,0,0,0,0,0,0,0,0,0,0,0,0,0,0,0,0,0,0,0,0,0,0,0,0,0,0,0,0,0,0,0,0,0,0,0,0,0,0,0,0,0,0,0,0,0,0,0,0,0,0,0,0,0,0,0,0,0,0,0,0,0,0,0,0,0,0,0,0,0,0,0,0,0,0,0,0,0,0,0,0,0,0,0,0,0
10.201254801,5.402823999999888,1.3962468289422227,-2.1593155822028525,3.942099999999993,-0.7763549822677795,0.5812346477271468,3.8530000000000006,-0.7415976330598524,0.6703346477270032,2.518386000000052,-0.7415976330598524,1.110904864050284,2.330164400000056,-0.7043497020400127,1.0842680682832435,4.05,-5.56,-1.0,0.0,0.0,0.0,4.05,-3.56,-1.0,0.0,0.0,0.0,4.05,-1.56,-1.0,0.0,0.0,0.0,4.05,-5.56,1.0,0.0,0.0,0.0,4.05,-3.56,1.0,0.0,0.0,0.0,4.05,-1.56,1.0,0.0,0.0,0.0,2.78,-0.91,-1.0,0.0,0.0,0.0,2.78,1.09,-1.0,0.0,0.0,0.0,2.78,3.09,-1.0,0.0,0.0,0.0,2.78,-0.91,1.0,0.0,0.0,0.0,2.78,1.09,1.0,0.0,0.0,0.0,2.78,3.09,1.0,0.0,0.0,0.0,-4.13,-0.4008000000003304,0.46039999999988107,0.0,0.6700000000000038,0.29000000000001247,-4.13,1.5991999999997426,0.46039999999988107,0.0,0.6699999999999484,0.29000000000001247,9.13,-9.777999999999786,1.546000000000041,0.0,-1.7999999999993577,0.3500000000000725,9.13,-7.7779999999998255,1.546000000000041,0.0,-1.7999999999993577,0.3500000000000725,0,0,0,0,0,0,0,0,0,0,0,0,0,0,0,0,0,0,0,0,0,0,0,0,0,0,0,0,0,0,0,0,0,0,0,0,0,0,0,0,0,0,0,0,0,0,0,0,0,0,0,0,0,0,0,0,0,0,0,0,0,0,0,0,0,0,0,0,0,0,0,0,0,0,0,0,0,0,0,0,0,0,0,0,0,0,0,0,0,0,0,0,0,0,0,0,0,0,0,0,0,0,0,0,0,0,0,0,0,0,0,0,0,0,0,0,0,0,0,0,0,0,0,0,0,0,0,0,0,0,0,0,0,0,0,0,0,0,0,0,0,0,0,0,0,0,0,0,0,0,0,0,0,0,0,0,0,0,0,0,0,0,0,0,0,0,0,0,0,0,0,0,0,0,0,0,0,0,0,0,0,0,0,0,0,0,0,0,0,0,0,0,0,0,0,0,0,0,0,0,0,0,0,0
10.300965192,5.788123999999921,1.3220870656362418,-2.0922821174301713,3.8530000000003284,-0.7415976330598095,0.6703346477268113,3.7530000000000006,-0.7043497020400127,0.7703346477270032,2.330164400000056,-0.7043497020400127,1.0842680682832435,2.1483210000000437,-0.6692011067817788,1.0535147398400806,4.05,-5.56,-1.0,0.0,0.0,0.0,4.05,-3.56,-1.0,0.0,0.0,0.0,4.05,-1.56,-1.0,0.0,0.0,0.0,4.05,-5.56,1.0,0.0,0.0,0.0,4.05,-3.56,1.0,0.0,0.0,0.0,4.05,-1.56,1.0,0.0,0.0,0.0,2.78,-0.91,-1.0,0.0,0.0,0.0,2.78,1.09,-1.0,0.0,0.0,0.0,2.78,3.09,-1.0,0.0,0.0,0.0,2.78,-0.91,1.0,0.0,0.0,0.0,2.78,1.09,1.0,0.0,0.0,0.0,2.78,3.09,1.0,0.0,0.0,0.0,-4.13,-0.33380000000033,0.4893999999998823,0.0,0.6700000000000038,0.29000000000001247,-4.13,1.6661999999997374,0.4893999999998823,0.0,0.6699999999999484,0.29000000000001247,9.13,-9.957999999999721,1.5810000000000481,0.0,-1.7999999999993577,0.3500000000000725,9.13,-7.957999999999761,1.5810000000000481,0.0,-1.7999999999993577,0.3500000000000725,0,0,0,0,0,0,0,0,0,0,0,0,0,0,0,0,0,0,0,0,0,0,0,0,0,0,0,0,0,0,0,0,0,0,0,0,0,0,0,0,0,0,0,0,0,0,0,0,0,0,0,0,0,0,0,0,0,0,0,0,0,0,0,0,0,0,0,0,0,0,0,0,0,0,0,0,0,0,0,0,0,0,0,0,0,0,0,0,0,0,0,0,0,0,0,0,0,0,0,0,0,0,0,0,0,0,0,0,0,0,0,0,0,0,0,0,0,0,0,0,0,0,0,0,0,0,0,0,0,0,0,0,0,0,0,0,0,0,0,0,0,0,0,0,0,0,0,0,0,0,0,0,0,0,0,0,0,0,0,0,0,0,0,0,0,0,0,0,0,0,0,0,0,0,0,0,0,0,0,0,0,0,0,0,0,0,0,0,0,0,0,0,0,0,0,0,0,0,0,0,0,0,0,0
10.403075151,6.162283999999897,1.2521730263538293,-2.0141086526574683,3.6730000000000373,-0.6692011067817027,0.8503346477271023,3.6730000000000005,-0.6692011067817788,0.8503346477270032,2.1483210000000437,-0.6692011067817788,1.0535147398400806,1.97443300000005,-0.6363354213501902,1.0193293460446402,4.05,-5.56,-1.0,0.0,0.0,0.0,4.05,-3.56,-1.0,0.0,0.0,0.0,4.05,-1.56,-1.0,0.0,0.0,0.0,4.05,-5.56,1.0,0.0,0.0,0.0,4.05,-3.56,1.0,0.0,0.0,0.0,4.05,-1.56,1.0,0.0,0.0,0.0,2.78,-0.91,-1.0,0.0,0.0,0.0,2.78,1.09,-1.0,0.0,0.0,0.0,2.78,3.09,-1.0,0.0,0.0,0.0,2.78,-0.91,1.0,0.0,0.0,0.0,2.78,1.09,1.0,0.0,0.0,0.0,2.78,3.09,1.0,0.0,0.0,0.0,-4.13,-0.2668000000003296,0.5183999999998835,0.0,0.6700000000000038,0.29000000000001247,-4.13,1.7331999999997323,0.5183999999998835,0.0,0.6699999999999484,0.29000000000001247,9.13,-10.137999999999657,1.6160000000000554,0.0,-1.7999999999993577,0.3500000000000725,9.13,-8.137999999999698,1.6160000000000554,0.0,-1.7999999999993577,0.3500000000000725,0,0,0,0,0,0,0,0,0,0,0,0,0,0,0,0,0,0,0,0,0,0,0,0,0,0,0,0,0,0,0,0,0,0,0,0,0,0,0,0,0,0,0,0,0,0,0,0,0,0,0,0,0,0,0,0,0,0,0,0,0,0,0,0,0,0,0,0,0,0,0,0,0,0,0,0,0,0,0,0,0,0,0,0,0,0,0,0,0,0,0,0,0,0,0,0,0,0,0,0,0,0,0,0,0,0,0,0,0,0,0,0,0,0,0,0,0,0,0,0,0,0,0,0,0,0,0,0,0,0,0,0,0,0,0,0,0,0,0,0,0,0,0,0,0,0,0,0,0,0,0,0,0,0,0,0,0,0,0,0,0,0,0,0,0,0,0,0,0,0,0,0,0,0,0,0,0,0,0,0,0,0,0,0,0,0,0,0,0,0,0,0,0,0,0,0,0,0,0,0,0,0,0,0
10.501053339,6.455571999999897,1.1988341319238827,-1.9455298808393002,3.6177999999997823,-0.6494816955227467,0.9055346477270909,3.5810000000000004,-0.6363354213501902,0.9423346477270031,1.97443300000005,-0.6363354213501902,1.0193293460446402,1.8031999000000511,-0.6050214678717352,0.9802273849253305,4.05,-5.56,-1.0,0.0,0.0,0.0,4.05,-3.56,-1.0,0.0,0.0,0.0,4.05,-1.56,-1.0,0.0,0.0,0.0,4.05,-5.56,1.0,0.0,0.0,0.0,4.05,-3.56,1.0,0.0,0.0,0.0,4.05,-1.56,1.0,0.0,0.0,0.0,2.78,-0.91,-1.0,0.0,0.0,0.0,2.78,1.09,-1.0,0.0,0.0,0.0,2.78,3.09,-1.0,0.0,0.0,0.0,2.78,-0.91,1.0,0.0,0.0,0.0,2.78,1.09,1.0,0.0,0.0,0.0,2.78,3.09,1.0,0.0,0.0,0.0,-4.13,-0.2132000000003293,0.5415999999998845,0.0,0.6700000000000038,0.29000000000001247,-4.13,1.7867999999997282,0.5415999999998845,0.0,0.6699999999999484,0.29000000000001247,9.13,-10.281999999999606,1.6440000000000612,0.0,-1.7999999999993577,0.3500000000000725,9.13,-8.281999999999647,1.6440000000000612,0.0,-1.7999999999993577,0.3500000000000725,0,0,0,0,0,0,0,0,0,0,0,0,0,0,0,0,0,0,0,0,0,0,0,0,0,0,0,0,0,0,0,0,0,0,0,0,0,0,0,0,0,0,0,0,0,0,0,0,0,0,0,0,0,0,0,0,0,0,0,0,0,0,0,0,0,0,0,0,0,0,0,0,0,0,0,0,0,0,0,0,0,0,0,0,0,0,0,0,0,0,0,0,0,0,0,0,0,0,0,0,0,0,0,0,0,0,0,0,0,0,0,0,0,0,0,0,0,0,0,0,0,0,0,0,0,0,0,0,0,0,0,0,0,0,0,0,0,0,0,0,0,0,0,0,0,0,0,0,0,0,0,0,0,0,0,0,0,0,0,0,0,0,0,0,0,0,0,0,0,0,0,0,0,0,0,0,0,0,0,0,0,0,0,0,0,0,0,0,0,0,0,0,0,0,0,0,0,0,0,0,0,0,0,0
10.601936281,6.742051999999866,1.147927298215874,-1.8701431090211336,3.5809999999996123,-0.6363354213501093,0.9423346477270833,3.4950000000000006,-0.6050214678717352,0.9802273849253305,1.8031999000000511,-0.6050214678717352,0.9802273849253305,1.646879000000065,-0.5771453262146875,0.9397832277492022,4.05,-5.56,-1.0,0.0,0.0,0.0,4.05,-3.56,-1.0,0.0,0.0,0.0,4.05,-1.56,-1.0,0.0,0.0,0.0,4.05,-5.56,1.0,0.0,0.0,0.0,4.05,-3.56,1.0,0.0,0.0,0.0,4.05,-1.56,1.0,0.0,0.0,0.0,2.78,-0.91,-1.0,0.0,0.0,0.0,2.78,1.09,-1.0,0.0,0.0,0.0,2.78,3.09,-1.0,0.0,0.0,0.0,2.78,-0.91,1.0,0.0,0.0,0.0,2.78,1.09,1.0,0.0,0.0,0.0,2.78,3.09,1.0,0.0,0.0,0.0,-4.13,-0.15960000000032898,0.5647999999998855,0.0,0.6700000000000038,0.29000000000001247,-4.13,1.840399999999724,0.5647999999998855,0.0,0.6699999999999484,0.29000000000001247,9.13,-10.425999999999554,1.672000000000067,0.0,-1.7999999999993577,0.3500000000000725,9.13,-8.425999999999595,1.672000000000067,0.0,-1.7999999999993577,0.3500000000000725,0,0,0,0,0,0,0,0,0,0,0,0,0,0,0,0,0,0,0,0,0,0,0,0,0,0,0,0,0,0,0,0,0,0,0,0,0,0,0,0,0,0,0,0,0,0,0,0,0,0,0,0,0,0,0,0,0,0,0,0,0,0,0,0,0,0,0,0,0,0,0,0,0,0,0,0,0,0,0,0,0,0,0,0,0,0,0,0,0,0,0,0,0,0,0,0,0,0,0,0,0,0,0,0,0,0,0,0,0,0,0,0,0,0,0,0,0,0,0,0,0,0,0,0,0,0,0,0,0,0,0,0,0,0,0,0,0,0,0,0,0,0,0,0,0,0,0,0,0,0,0,0,0,0,0,0,0,0,0,0,0,0,0,0,0,0,0,0,0,0,0,0,0,0,0,0,0,0,0,0,0,0,0,0,0,0,0,0,0,0,0,0,0,0,0,0,0,0,0,0,0,0,0,0
10.700643526,7.021497999999868,1.0995813330694544,-1.7918058065414608,3.479600000000005,-0.5994462395402689,0.9721385534900762,3.4180000000000006,-0.5771453262146875,0.9397832277492022,1.646879000000065,-0.5771453262146875,0.9397832277492022,1.5066875000000661,-0.552801835803257,0.9007838181167689,4.05,-5.56,-1.0,0.0,0.0,0.0,4.05,-3.56,-1.0,0.0,0.0,0.0,4.05,-1.56,-1.0,0.0,0.0,0.0,4.05,-5.56,1.0,0.0,0.0,0.0,4.05,-3.56,1.0,0.0,0.0,0.0,4.05,-1.56,1.0,0.0,0.0,0.0,2.78,-0.91,-1.0,0.0,0.0,0.0,2.78,1.09,-1.0,0.0,0.0,0.0,2.78,3.09,-1.0,0.0,0.0,0.0,2.78,-0.91,1.0,0.0,0.0,0.0,2.78,1.09,1.0,0.0,0.0,0.0,2.78,3.09,1.0,0.0,0.0,0.0,-4.13,-0.10600000000032866,0.5879999999998865,0.0,0.6700000000000038,0.29000000000001247,-4.13,1.89399999999972,0.5879999999998865,0.0,0.6699999999999484,0.29000000000001247,9.13,-10.569999999999503,1.7000000000000728,0.0,-1.7999999999993577,0.3500000000000725,9.13,-8.605999999999531,1.7070000000000742,0.0,-1.7999999999993577,0.3500000000000725,0,0,0,0,0,0,0,0,0,0,0,0,0,0,0,0,0,0,0,0,0,0,0,0,0,0,0,0,0,0,0,0,0,0,0,0,0,0,0,0,0,0,0,0,0,0,0,0,0,0,0,0,0,0,0,0,0,0,0,0,0,0,0,0,0,0,0,0,0,0,0,0,0,0,0,0,0,0,0,0,0,0,0,0,0,0,0,0,0,0,0,0,0,0,0,0,0,0,0,0,0,0,0,0,0,0,0,0,0,0,0,0,0,0,0,0,0,0,0,0,0,0,0,0,0,0,0,0,0,0,0,0,0,0,0,0,0,0,0,0,0,0,0,0,0,0,0,0,0,0,0,0,0,0,0,0,0,0,0,0,0,0,0,0,0,0,0,0,0,0,0,0,0,0,0,0,0,0,0,0,0,0,0,0,0,0,0,0,0,0,0,0,0,0,0,0,0,0,0,0,0,0,0,0
10.800896825,7.36329799999986,1.0418668004479876,-1.6978274837665484,3.417999999999921,-0.5771453262146675,0.9397832277491247,3.3180000000000005,-0.552801835803257,0.9007838181167689,1.5066875000000661,-0.552801835803257,0.9007838181167689,1.3456950000000694,-0.5255505628337112,0.8564320077052673,4.05,-5.56,-1.0,0.0,0.0,0.0,4.05,-3.56,-1.0,0.0,0.0,0.0,4.05,-1.56,-1.0,0.0,0.0,0.0,4.05,-5.56,1.0,0.0,0.0,0.0,4.05,-3.56,1.0,0.0,0.0,0.0,4.05,-1.56,1.0,0.0,0.0,0.0,2.78,-0.91,-1.0,0.0,0.0,0.0,2.78,1.09,-1.0,0.0,0.0,0.0,2.78,3.09,-1.0,0.0,0.0,0.0,2.78,-0.91,1.0,0.0,0.0,0.0,2.78,1.09,1.0,0.0,0.0,0.0,2.78,3.09,1.0,0.0,0.0,0.0,-4.13,-0.03900000000032852,0.6169999999998877,0.0,0.669999999999997,0.29000000000001247,-4.13,1.9609999999997147,0.6169999999998877,0.0,0.6699999999999484,0.29000000000001247,9.13,-10.749999999999439,1.73500000000008,0.0,-1.7999999999993577,0.3500000000000725,9.13,-8.74999999999948,1.73500000000008,0.0,-1.7999999999993577,0.3500000000000725,0,0,0,0,0,0,0,0,0,0,0,0,0,0,0,0,0,0,0,0,0,0,0,0,0,0,0,0,0,0,0,0,0,0,0,0,0,0,0,0,0,0,0,0,0,0,0,0,0,0,0,0,0,0,0,0,0,0,0,0,0,0,0,0,0,0,0,0,0,0,0,0,0,0,0,0,0,0,0,0,0,0,0,0,0,0,0,0,0,0,0,0,0,0,0,0,0,0,0,0,0,0,0,0,0,0,0,0,0,0,0,0,0,0,0,0,0,0,0,0,0,0,0,0,0,0,0,0,0,0,0,0,0,0,0,0,0,0,0,0,0,0,0,0,0,0,0,0,0,0,0,0,0,0,0,0,0,0,0,0,0,0,0,0,0,0,0,0,0,0,0,0,0,0,0,0,0,0,0,0,0,0,0,0,0,0,0,0,0,0,0,0,0,0,0,0,0,0,0,0,0,0,0,0
10.900849085,7.6954979999998745,0.9865971667679506,-1.6077743313545887,3.243000000000329,-0.5255505628337653,0.8564320077053544,3.2430000000000003,-0.5255505628337112,0.8564320077052673,1.3456950000000694,-0.5255505628337112,0.8564320077052673,1.1882990000000655,-0.4992158959399944,0.8135296768141103,4.05,-5.56,-1.0,0.0,0.0,0.0,4.05,-3.56,-1.0,0.0,0.0,0.0,4.05,-1.56,-1.0,0.0,0.0,0.0,4.05,-5.56,1.0,0.0,0.0,0.0,4.05,-3.56,1.0,0.0,0.0,0.0,4.05,-1.56,1.0,0.0,0.0,0.0,2.78,-0.91,-1.0,0.0,0.0,0.0,2.78,1.09,-1.0,0.0,0.0,0.0,2.78,3.09,-1.0,0.0,0.0,0.0,2.78,-0.91,1.0,0.0,0.0,0.0,2.78,1.09,1.0,0.0,0.0,0.0,2.78,3.09,1.0,0.0,0.0,0.0,-4.13,0.02799999999967148,0.645999999999889,0.0,0.6700000000000006,0.29000000000001247,-4.13,2.0279999999997096,0.645999999999889,0.0,0.6699999999999484,0.29000000000001247,9.13,-10.929999999999374,1.7700000000000873,0.0,-1.7999999999993577,0.3500000000000725,9.13,-8.929999999999415,1.7700000000000873,0.0,-1.7999999999993577,0.3500000000000725,0,0,0,0,0,0,0,0,0,0,0,0,0,0,0,0,0,0,0,0,0,0,0,0,0,0,0,0,0,0,0,0,0,0,0,0,0,0,0,0,0,0,0,0,0,0,0,0,0,0,0,0,0,0,0,0,0,0,0,0,0,0,0,0,0,0,0,0,0,0,0,0,0,0,0,0,0,0,0,0,0,0,0,0,0,0,0,0,0,0,0,0,0,0,0,0,0,0,0,0,0,0,0,0,0,0,0,0,0,0,0,0,0,0,0,0,0,0,0,0,0,0,0,0,0,0,0,0,0,0,0,0,0,0,0,0,0,0,0,0,0,0,0,0,0,0,0,0,0,0,0,0,0,0,0,0,0,0,0,0,0,0,0,0,0,0,0,0,0,0,0,0,0,0,0,0,0,0,0,0,0,0,0,0,0,0,0,0,0,0,0,0,0,0,0,0,0,0,0,0,0,0,0,0
11.004314492,8.017817999999899,0.934621473156236,-1.52307498186366,3.1529999999996505,-0.4992158959400417,0.8135296768141398,3.1530000000000005,-0.4992158959399944,0.8135296768141103,1.1882990000000655,-0.4992158959399944,0.8135296768141103,1.0420250000000513,-0.47544039811438477,0.7747856383476688,4.05,-5.56,-1.0,0.0,0.0,0.0,4.05,-3.56,-1.0,0.0,0.0,0.0,4.05,-1.56,-1.0,0.0,0.0,0.0,4.05,-5.56,1.0,0.0,0.0,0.0,4.05,-3.56,1.0,0.0,0.0,0.0,4.05,-1.56,1.0,0.0,0.0,0.0,2.78,-0.91,-1.0,0.0,0.0,0.0,2.78,1.09,-1.0,0.0,0.0,0.0,2.78,3.09,-1.0,0.0,0.0,0.0,2.78,-0.91,1.0,0.0,0.0,0.0,2.78,1.09,1.0,0.0,0.0,0.0,2.78,3.09,1.0,0.0,0.0,0.0,-4.13,0.08159999999967145,0.66919999999989,0.0,0.6700000000000038,0.29000000000001247,-4.13,2.0815999999997055,0.66919999999989,0.0,0.6699999999999484,0.29000000000001247,9.13,-11.10999999999931,1.8050000000000945,0.0,-1.7999999999993577,0.3500000000000725,9.13,-9.109999999999351,1.8050000000000945,0.0,-1.7999999999993577,0.3500000000000725,0,0,0,0,0,0,0,0,0,0,0,0,0,0,0,0,0,0,0,0,0,0,0,0,0,0,0,0,0,0,0,0,0,0,0,0,0,0,0,0,0,0,0,0,0,0,0,0,0,0,0,0,0,0,0,0,0,0,0,0,0,0,0,0,0,0,0,0,0,0,0,0,0,0,0,0,0,0,0,0,0,0,0,0,0,0,0,0,0,0,0,0,0,0,0,0,0,0,0,0,0,0,0,0,0,0,0,0,0,0,0,0,0,0,0,0,0,0,0,0,0,0,0,0,0,0,0,0,0,0,0,0,0,0,0,0,0,0,0,0,0,0,0,0,0,0,0,0,0,0,0,0,0,0,0,0,0,0,0,0,0,0,0,0,0,0,0,0,0,0,0,0,0,0,0,0,0,0,0,0,0,0,0,0,0,0,0,0,0,0,0,0,0,0,0,0,0,0,0,0,0,0,0,0
11.101103638,8.270057999999842,0.8946842014810327,-1.4579926077185288,3.1529999999992953,-0.4992158959400417,0.8135296768141398,3.0530000000000004,-0.47544039811438477,0.7747856383476688,1.0420250000000513,-0.47544039811438477,0.7747856383476688,0.8917715000000728,-0.45158543585600663,0.7359113061121846,4.05,-5.56,-1.0,0.0,0.0,0.0,4.05,-3.56,-1.0,0.0,0.0,0.0,4.05,-1.56,-1.0,0.0,0.0,0.0,4.05,-5.56,1.0,0.0,0.0,0.0,4.05,-3.56,1.0,0.0,0.0,0.0,4.05,-1.56,1.0,0.0,0.0,0.0,2.78,-0.91,-1.0,0.0,0.0,0.0,2.78,1.09,-1.0,0.0,0.0,0.0,2.78,3.09,-1.0,0.0,0.0,0.0,2.78,-0.91,1.0,0.0,0.0,0.0,2.78,1.09,1.0,0.0,0.0,0.0,2.78,3.09,1.0,0.0,0.0,0.0,-4.13,0.14859999999967183,0.6981999999998912,0.0,0.6700000000000038,0.29000000000001247,-4.13,2.1485999999997003,0.6981999999998912,0.0,0.6699999999999484,0.29000000000001247,9.13,-11.253999999999259,1.8330000000001003,0.0,-1.7999999999993577,0.3500000000000725,9.13,-9.2539999999993,1.8330000000001003,0.0,-1.7999999999993577,0.3500000000000725,0,0,0,0,0,0,0,0,0,0,0,0,0,0,0,0,0,0,0,0,0,0,0,0,0,0,0,0,0,0,0,0,0,0,0,0,0,0,0,0,0,0,0,0,0,0,0,0,0,0,0,0,0,0,0,0,0,0,0,0,0,0,0,0,0,0,0,0,0,0,0,0,0,0,0,0,0,0,0,0,0,0,0,0,0,0,0,0,0,0,0,0,0,0,0,0,0,0,0,0,0,0,0,0,0,0,0,0,0,0,0,0,0,0,0,0,0,0,0,0,0,0,0,0,0,0,0,0,0,0,0,0,0,0,0,0,0,0,0,0,0,0,0,0,0,0,0,0,0,0,0,0,0,0,0,0,0,0,0,0,0,0,0,0,0,0,0,0,0,0,0,0,0,0,0,0,0,0,0,0,0,0,0,0,0,0,0,0,0,0,0,0,0,0,0,0,0,0,0,0,0,0,0,0
11.20066273,8.574567999999804,0.847354935794349,-1.3808640431676409,2.9640000000004108,-0.45158543585599453,0.7359113061122802,2.9640000000000004,-0.45158543585600663,0.7359113061121846,0.8917715000000728,-0.45158543585600663,0.7359113061121846,0.7458540000000973,-0.428788037465141,0.6987602919444684,4.05,-5.56,-1.0,0.0,0.0,0.0,4.05,-3.56,-1.0,0.0,0.0,0.0,4.05,-1.56,-1.0,0.0,0.0,0.0,4.05,-5.56,1.0,0.0,0.0,0.0,4.05,-3.56,1.0,0.0,0.0,0.0,4.05,-1.56,1.0,0.0,0.0,0.0,2.78,-0.91,-1.0,0.0,0.0,0.0,2.78,1.09,-1.0,0.0,0.0,0.0,2.78,3.09,-1.0,0.0,0.0,0.0,2.78,-0.91,1.0,0.0,0.0,0.0,2.78,1.09,1.0,0.0,0.0,0.0,2.78,3.09,1.0,0.0,0.0,0.0,-4.13,0.21559999999967222,0.7271999999998925,0.0,0.6700000000000038,0.29000000000001247,-4.13,2.215599999999695,0.7271999999998925,0.0,0.6699999999999484,0.29000000000001247,9.13,-11.433999999999195,1.8680000000001076,0.0,-1.7999999999993577,0.3500000000000725,9.13,-9.433999999999235,1.8680000000001076,0.0,-1.7999999999993577,0.3500000000000725,0,0,0,0,0,0,0,0,0,0,0,0,0,0,0,0,0,0,0,0,0,0,0,0,0,0,0,0,0,0,0,0,0,0,0,0,0,0,0,0,0,0,0,0,0,0,0,0,0,0,0,0,0,0,0,0,0,0,0,0,0,0,0,0,0,0,0,0,0,0,0,0,0,0,0,0,0,0,0,0,0,0,0,0,0,0,0,0,0,0,0,0,0,0,0,0,0,0,0,0,0,0,0,0,0,0,0,0,0,0,0,0,0,0,0,0,0,0,0,0,0,0,0,0,0,0,0,0,0,0,0,0,0,0,0,0,0,0,0,0,0,0,0,0,0,0,0,0,0,0,0,0,0,0,0,0,0,0,0,0,0,0,0,0,0,0,0,0,0,0,0,0,0,0,0,0,0,0,0,0,0,0,0,0,0,0,0,0,0,0,0,0,0,0,0,0,0,0,0,0,0,0,0,0
