time_elapsed,pos_x,pos_y,pos_z,vel_x,vel_y,vel_z,cmd_vel_x,cmd_vel_y,cmd_vel_z,cmd_vel_unfiltered_x,cmd_vel_unfiltered_y,cmd_vel_unfiltered_z,desired_vel_x,desired_vel_y,desired_vel_z,obs_1_pos_x,obs_1_pos_y,obs_1_pos_z,obs_1_vel_x,obs_1_vel_y,obs_1_vel_z,obs_2_pos_x,obs_2_pos_y,obs_2_pos_z,obs_2_vel_x,obs_2_vel_y,obs_2_vel_z,obs_3_pos_x,obs_3_pos_y,obs_3_pos_z,obs_3_vel_x,obs_3_vel_y,obs_3_vel_z,obs_4_pos_x,obs_4_pos_y,obs_4_pos_z,obs_4_vel_x,obs_4_vel_y,obs_4_vel_z,obs_5_pos_x,obs_5_pos_y,obs_5_pos_z,obs_5_vel_x,obs_5_vel_y,obs_5_vel_z,obs_6_pos_x,obs_6_pos_y,obs_6_pos_z,obs_6_vel_x,obs_6_vel_y,obs_6_vel_z,obs_7_pos_x,obs_7_pos_y,obs_7_pos_z,obs_7_vel_x,obs_7_vel_y,obs_7_vel_z,obs_8_pos_x,obs_8_pos_y,obs_8_pos_z,obs_8_vel_x,obs_8_vel_y,obs_8_vel_z,obs_9_pos_x,obs_9_pos_y,obs_9_pos_z,obs_9_vel_x,obs_9_vel_y,obs_9_vel_z,obs_10_pos_x,obs_10_pos_y,obs_10_pos_z,obs_10_vel_x,obs_10_vel_y,obs_10_vel_z,obs_11_pos_x,obs_11_pos_y,obs_11_pos_z,obs_11_vel_x,obs_11_vel_y,obs_11_vel_z,obs_12_pos_x,obs_12_pos_y,obs_12_pos_z,obs_12_vel_x,obs_12_vel_y,obs_12_vel_z,obs_13_pos_x,obs_13_pos_y,obs_13_pos_z,obs_13_vel_x,obs_13_vel_y,obs_13_vel_z,obs_14_pos_x,obs_14_pos_y,obs_14_pos_z,obs_14_vel_x,obs_14_vel_y,obs_14_vel_z,obs_15_pos_x,obs_15_pos_y,obs_15_pos_z,obs_15_vel_x,obs_15_vel_y,obs_15_vel_z,obs_16_pos_x,obs_16_pos_y,obs_16_pos_z,obs_16_vel_x,obs_16_vel_y,obs_16_vel_z,obs_17_pos_x,obs_17_pos_y,obs_17_pos_z,obs_17_vel_x,obs_17_vel_y,obs_17_vel_z,obs_18_pos_x,obs_18_pos_y,obs_18_pos_z,obs_18_vel_x,obs_18_vel_y,obs_18_vel_z,obs_19_pos_x,obs_19_pos_y,obs_19_pos_z,obs_19_vel_x,obs_19_vel_y,obs_19_vel_z,obs_20_pos_x,obs_20_pos_y,obs_20_pos_z,obs_20_vel_x,obs_20_vel_y,obs_20_vel_z,obs_21_pos_x,obs_21_pos_y,obs_21_pos_z,obs_21_vel_x,obs_21_vel_y,obs_21_vel_z,obs_22_pos_x,obs_22_pos_y,obs_22_pos_z,obs_22_vel_x,obs_22_vel_y,obs_22_vel_z,obs_23_pos_x,obs_23_pos_y,obs_23_pos_z,obs_23_vel_x,obs_23_vel_y,obs_23_vel_z,obs_24_pos_x,obs_24_pos_y,obs_24_pos_z,obs_24_vel_x,obs_24_vel_y,obs_24_vel_z,obs_25_pos_x,obs_25_pos_y,obs_25_pos_z,obs_25_vel_x,obs_25_vel_y,obs_25_vel_z,obs_26_pos_x,obs_26_pos_y,obs_26_pos_z,obs_26_vel_x,obs_26_vel_y,obs_26_vel_z,obs_27_pos_x,obs_27_pos_y,obs_27_pos_z,obs_27_vel_x,obs_27_vel_y,obs_27_vel_z,obs_28_pos_x,obs_28_pos_y,obs_28_pos_z,obs_28_vel_x,obs_28_vel_y,obs_28_vel_z,obs_29_pos_x,obs_29_pos_y,obs_29_pos_z,obs_29_vel_x,obs_29_vel_y,obs_29_vel_z,obs_30_pos_x,obs_30_pos_y,obs_30_pos_z,obs_30_vel_x,obs_30_vel_y,obs_30_vel_z,obs_31_pos_x,obs_31_pos_y,obs_31_pos_z,obs_31_vel_x,obs_31_vel_y,obs_31_vel_z,obs_32_pos_x,obs_32_pos_y,obs_32_pos_z,obs_32_vel_x,obs_32_vel_y,obs_32_vel_z,obs_33_pos_x,obs_33_pos_y,obs_33_pos_z,obs_33_vel_x,obs_33_vel_y,obs_33_vel_z,obs_34_pos_x,obs_34_pos_y,obs_34_pos_z,obs_34_vel_x,obs_34_vel_y,obs_34_vel_z,obs_35_pos_x,obs_35_pos_y,obs_35_pos_z,obs_35_vel_x,obs_35_vel_y,obs_35_vel_z,obs_36_pos_x,obs_36_pos_y,obs_36_pos_z,obs_36_vel_x,obs_36_vel_y,obs_36_vel_z,obs_37_pos_x,obs_37_pos_y,obs_37_pos_z,obs_37_vel_x,obs_37_vel_y,obs_37_vel_z,obs_38_pos_x,obs_38_pos_y,obs_38_pos_z,obs_38_vel_x,obs_38_vel_y,obs_38_vel_z,obs_39_pos_x,obs_39_pos_y,obs_39_pos_z,obs_39_vel_x,obs_39_vel_y,obs_39_vel_z,obs_40_pos_x,obs_40_pos_y,obs_40_pos_z,obs_40_vel_x,obs_40_vel_y,obs_40_vel_z,obs_41_pos_x,obs_41_pos_y,obs_41_pos_z,obs_41_vel_x,obs_41_vel_y,obs_41_vel_z,obs_42_pos_x,obs_42_pos_y,obs_42_pos_z,obs_42_vel_x,obs_42_vel_y,obs_42_vel_z,obs_43_pos_x,obs_43_pos_y,obs_43_pos_z,obs_43_vel_x,obs_43_vel_y,obs_43_vel_z,obs_44_pos_x,obs_44_pos_y,obs_44_pos_z,obs_44_vel_x,obs_44_vel_y,obs_44_vel_z,obs_45_pos_x,obs_45_pos_y,obs_45_pos_z,obs_45_vel_x,obs_45_vel_y,obs_45_vel_z,obs_46_pos_x,obs_46_pos_y,obs_46_pos_z,obs_46_vel_x,obs_46_vel_y,obs_46_vel_z,obs_47_pos_x,obs_47_pos_y,obs_47_pos_z,obs_47_vel_x,obs_47_vel_y,obs_47_vel_z,obs_48_pos_x,obs_48_pos_y,obs_48_pos_z,obs_48_vel_x,obs_48_vel_y,obs_48_vel_z,obs_49_pos_x,obs_49_pos_y,obs_49_pos_z,obs_49_vel_x,obs_49_vel_y,obs_49_vel_z,obs_50_pos_x,obs_50_pos_y,obs_50_pos_z,obs_50_vel_x,obs_50_vel_y,obs_50_vel_z
2.900891222,-10.0,0.0,0.0,0.0,0.0,0.0,0,0,0,0,0,0,5.0,0.0,0.0,3.01,-1.92,-1.0,0.0,0.0,0.0,3.01,0.08,-1.0,0.0,0.0,0.0,3.01,2.08,-1.0,0.0,0.0,0.0,3.01,4.08,-1.0,0.0,0.0,0.0,3.01,-1.92,1.0,0.0,0.0,0.0,3.01,0.08,1.0,0.0,0.0,0.0,3.01,2.08,1.0,0.0,0.0,0.0,3.01,4.08,1.0,0.0,0.0,0.0,-4.9,0.85,-1.0,0.0,0.0,0.0,-4.9,2.85,-1.0,0.0,0.0,0.0,-4.9,4.85,-1.0,0.0,0.0,0.0,-4.9,6.85,-1.0,0.0,0.0,0.0,-4.9,0.85,1.0,0.0,0.0,0.0,-4.9,2.85,1.0,0.0,0.0,0.0,-4.9,4.85,1.0,0.0,0.0,0.0,-4.9,6.85,1.0,0.0,0.0,0.0,7.5,-0.023600000000000326,0.6640000000000018,0.0,-0.5900000000000137,-0.39999999999995595,7.5,1.9763999999999964,0.6640000000000018,0.0,-0.5900000000000905,-0.39999999999995595,-0.55,0.9664000000000019,-1.0715999999999972,0.0,-0.8399999999999519,0.9600000000000719,0,0,0,0,0,0,0,0,0,0,0,0,0,0,0,0,0,0,0,0,0,0,0,0,0,0,0,0,0,0,0,0,0,0,0,0,0,0,0,0,0,0,0,0,0,0,0,0,0,0,0,0,0,0,0,0,0,0,0,0,0,0,0,0,0,0,0,0,0,0,0,0,0,0,0,0,0,0,0,0,0,0,0,0,0,0,0,0,0,0,0,0,0,0,0,0,0,0,0,0,0,0,0,0,0,0,0,0,0,0,0,0,0,0,0,0,0,0,0,0,0,0,0,0,0,0,0,0,0,0,0,0,0,0,0,0,0,0,0,0,0,0,0,0,0,0,0,0,0,0,0,0,0,0,0,0,0,0,0,0,0,0,0,0,0,0,0,0,0,0,0,0,0,0,0,0,0,0,0,0,0,0,0,0,0,0
3.002360731,-10.0,0.0,0.0,0.0,0.0,0.0,0,0,0,0,0,0,5.0,0.0,0.0,3.01,-1.92,-1.0,0.0,0.0,0.0,3.01,0.08,-1.0,0.0,0.0,0.0,3.01,2.08,-1.0,0.0,0.0,0.0,3.01,4.08,-1.0,0.0,0.0,0.0,3.01,-1.92,1.0,0.0,0.0,0.0,3.01,0.08,1.0,0.0,0.0,0.0,3.01,2.08,1.0,0.0,0.0,0.0,3.01,4.08,1.0,0.0,0.0,0.0,-4.9,0.85,-1.0,0.0,0.0,0.0,-4.9,2.85,-1.0,0.0,0.0,0.0,-4.9,4.85,-1.0,0.0,0.0,0.0,-4.9,6.85,-1.0,0.0,0.0,0.0,-4.9,0.85,1.0,0.0,0.0,0.0,-4.9,2.85,1.0,0.0,0.0,0.0,-4.9,4.85,1.0,0.0,0.0,0.0,-4.9,6.85,1.0,0.0,0.0,0.0,7.5,-0.07080000000000197,0.6320000000000053,0.0,-0.5900000000000211,-0.39999999999995595,7.5,1.929199999999994,0.6320000000000053,0.0,-0.5900000000000238,-0.39999999999995595,-0.55,0.8992000000000058,-0.9947999999999921,0.0,-0.8399999999999519,0.9600000000000055,0,0,0,0,0,0,0,0,0,0,0,0,0,0,0,0,0,0,0,0,0,0,0,0,0,0,0,0,0,0,0,0,0,0,0,0,0,0,0,0,0,0,0,0,0,0,0,0,0,0,0,0,0,0,0,0,0,0,0,0,0,0,0,0,0,0,0,0,0,0,0,0,0,0,0,0,0,0,0,0,0,0,0,0,0,0,0,0,0,0,0,0,0,0,0,0,0,0,0,0,0,0,0,0,0,0,0,0,0,0,0,0,0,0,0,0,0,0,0,0,0,0,0,0,0,0,0,0,0,0,0,0,0,0,0,0,0,0,0,0,0,0,0,0,0,0,0,0,0,0,0,0,0,0,0,0,0,0,0,0,0,0,0,0,0,0,0,0,0,0,0,0,0,0,0,0,0,0,0,0,0,0,0,0,0,0
3.102258869,-10.0,0.0,0.0,0.0,0.0,0.0,0,0,0,0,0,0,5.0,0.0,0.0,3.01,-1.92,-1.0,0.0,0.0,0.0,3.01,0.08,-1.0,0.0,0.0,0.0,3.01,2.08,-1.0,0.0,0.0,0.0,3.01,4.08,-1.0,0.0,0.0,0.0,3.01,-1.92,1.0,0.0,0.0,0.0,3.01,0.08,1.0,0.0,0.0,0.0,3.01,2.08,1.0,0.0,0.0,0.0,3.01,4.08,1.0,0.0,0.0,0.0,-4.9,0.85,-1.0,0.0,0.0,0.0,-4.9,2.85,-1.0,0.0,0.0,0.0,-4.9,4.85,-1.0,0.0,0.0,0.0,-4.9,6.85,-1.0,0.0,0.0,0.0,-4.9,0.85,1.0,0.0,0.0,0.0,-4.9,2.85,1.0,0.0,0.0,0.0,-4.9,4.85,1.0,0.0,0.0,0.0,-4.9,6.85,1.0,0.0,0.0,0.0,7.5,-0.11800000000000366,0.6000000000000089,0.0,-0.5900000000000211,-0.39999999999995595,7.5,1.8819999999999923,0.6000000000000089,0.0,-0.5900000000000238,-0.39999999999995595,-0.55,0.8320000000000096,-0.9179999999999953,0.0,-0.8399999999999519,0.9599999999999611,0,0,0,0,0,0,0,0,0,0,0,0,0,0,0,0,0,0,0,0,0,0,0,0,0,0,0,0,0,0,0,0,0,0,0,0,0,0,0,0,0,0,0,0,0,0,0,0,0,0,0,0,0,0,0,0,0,0,0,0,0,0,0,0,0,0,0,0,0,0,0,0,0,0,0,0,0,0,0,0,0,0,0,0,0,0,0,0,0,0,0,0,0,0,0,0,0,0,0,0,0,0,0,0,0,0,0,0,0,0,0,0,0,0,0,0,0,0,0,0,0,0,0,0,0,0,0,0,0,0,0,0,0,0,0,0,0,0,0,0,0,0,0,0,0,0,0,0,0,0,0,0,0,0,0,0,0,0,0,0,0,0,0,0,0,0,0,0,0,0,0,0,0,0,0,0,0,0,0,0,0,0,0,0,0,0
3.2053957,-10.0,0.0,0.0,0.0,0.0,0.0,0,0,0,0,0,0,5.0,0.0,0.0,3.01,-1.92,-1.0,0.0,0.0,0.0,3.01,0.08,-1.0,0.0,0.0,0.0,3.01,2.08,-1.0,0.0,0.0,0.0,3.01,4.08,-1.0,0.0,0.0,0.0,3.01,-1.92,1.0,0.0,0.0,0.0,3.01,0.08,1.0,0.0,0.0,0.0,3.01,2.08,1.0,0.0,0.0,0.0,3.01,4.08,1.0,0.0,0.0,0.0,-4.9,0.85,-1.0,0.0,0.0,0.0,-4.9,2.85,-1.0,0.0,0.0,0.0,-4.9,4.85,-1.0,0.0,0.0,0.0,-4.9,6.85,-1.0,0.0,0.0,0.0,-4.9,0.85,1.0,0.0,0.0,0.0,-4.9,2.85,1.0,0.0,0.0,0.0,-4.9,4.85,1.0,0.0,0.0,0.0,-4.9,6.85,1.0,0.0,0.0,0.0,7.5,-0.17700000000000538,0.5600000000000133,0.0,-0.5900000000000183,-0.39999999999995595,7.5,1.8229999999999906,0.5600000000000133,0.0,-0.5900000000000016,-0.39999999999995595,-0.55,0.7480000000000144,-0.8219999999999992,0.0,-0.8399999999999519,0.9599999999999611,0,0,0,0,0,0,0,0,0,0,0,0,0,0,0,0,0,0,0,0,0,0,0,0,0,0,0,0,0,0,0,0,0,0,0,0,0,0,0,0,0,0,0,0,0,0,0,0,0,0,0,0,0,0,0,0,0,0,0,0,0,0,0,0,0,0,0,0,0,0,0,0,0,0,0,0,0,0,0,0,0,0,0,0,0,0,0,0,0,0,0,0,0,0,0,0,0,0,0,0,0,0,0,0,0,0,0,0,0,0,0,0,0,0,0,0,0,0,0,0,0,0,0,0,0,0,0,0,0,0,0,0,0,0,0,0,0,0,0,0,0,0,0,0,0,0,0,0,0,0,0,0,0,0,0,0,0,0,0,0,0,0,0,0,0,0,0,0,0,0,0,0,0,0,0,0,0,0,0,0,0,0,0,0,0,0
3.301248193,-10.0,0.0,0.0,0.0,0.0,0.0,0,0,0,0,0,0,5.0,0.0,0.0,3.01,-1.92,-1.0,0.0,0.0,0.0,3.01,0.08,-1.0,0.0,0.0,0.0,3.01,2.08,-1.0,0.0,0.0,0.0,3.01,4.08,-1.0,0.0,0.0,0.0,3.01,-1.92,1.0,0.0,0.0,0.0,3.01,0.08,1.0,0.0,0.0,0.0,3.01,2.08,1.0,0.0,0.0,0.0,3.01,4.08,1.0,0.0,0.0,0.0,-4.9,0.85,-1.0,0.0,0.0,0.0,-4.9,2.85,-1.0,0.0,0.0,0.0,-4.9,4.85,-1.0,0.0,0.0,0.0,-4.9,6.85,-1.0,0.0,0.0,0.0,-4.9,0.85,1.0,0.0,0.0,0.0,-4.9,2.85,1.0,0.0,0.0,0.0,-4.9,4.85,1.0,0.0,0.0,0.0,-4.9,6.85,1.0,0.0,0.0,0.0,7.5,-0.22420000000000667,0.5280000000000168,0.0,-0.5900000000000155,-0.39999999999995595,7.5,1.7757999999999892,0.5280000000000168,0.0,-0.5900000000000238,-0.39999999999995595,-0.55,0.6808000000000183,-0.7452000000000023,0.0,-0.8399999999999519,0.9599999999999611,0,0,0,0,0,0,0,0,0,0,0,0,0,0,0,0,0,0,0,0,0,0,0,0,0,0,0,0,0,0,0,0,0,0,0,0,0,0,0,0,0,0,0,0,0,0,0,0,0,0,0,0,0,0,0,0,0,0,0,0,0,0,0,0,0,0,0,0,0,0,0,0,0,0,0,0,0,0,0,0,0,0,0,0,0,0,0,0,0,0,0,0,0,0,0,0,0,0,0,0,0,0,0,0,0,0,0,0,0,0,0,0,0,0,0,0,0,0,0,0,0,0,0,0,0,0,0,0,0,0,0,0,0,0,0,0,0,0,0,0,0,0,0,0,0,0,0,0,0,0,0,0,0,0,0,0,0,0,0,0,0,0,0,0,0,0,0,0,0,0,0,0,0,0,0,0,0,0,0,0,0,0,0,0,0,0
3.401234432,-10.0,0.0,0.0,0.0,0.0,0.0,0,0,0,0,0,0,5.0,0.0,0.0,3.01,-1.92,-1.0,0.0,0.0,0.0,3.01,0.08,-1.0,0.0,0.0,0.0,3.01,2.08,-1.0,0.0,0.0,0.0,3.01,4.08,-1.0,0.0,0.0,0.0,3.01,-1.92,1.0,0.0,0.0,0.0,3.01,0.08,1.0,0.0,0.0,0.0,3.01,2.08,1.0,0.0,0.0,0.0,3.01,4.08,1.0,0.0,0.0,0.0,-4.9,0.85,-1.0,0.0,0.0,0.0,-4.9,2.85,-1.0,0.0,0.0,0.0,-4.9,4.85,-1.0,0.0,0.0,0.0,-4.9,6.85,-1.0,0.0,0.0,0.0,-4.9,0.85,1.0,0.0,0.0,0.0,-4.9,2.85,1.0,0.0,0.0,0.0,-4.9,4.85,1.0,0.0,0.0,0.0,-4.9,6.85,1.0,0.0,0.0,0.0,7.5,-0.2714000000000087,0.49600000000001976,0.0,-0.590000000000035,-0.40000000000001146,7.5,1.7285999999999873,0.49600000000001976,0.0,-0.5900000000000238,-0.40000000000001146,-0.55,0.6136000000000221,-0.6684000000000054,0.0,-0.8399999999999519,0.9599999999999611,0,0,0,0,0,0,0,0,0,0,0,0,0,0,0,0,0,0,0,0,0,0,0,0,0,0,0,0,0,0,0,0,0,0,0,0,0,0,0,0,0,0,0,0,0,0,0,0,0,0,0,0,0,0,0,0,0,0,0,0,0,0,0,0,0,0,0,0,0,0,0,0,0,0,0,0,0,0,0,0,0,0,0,0,0,0,0,0,0,0,0,0,0,0,0,0,0,0,0,0,0,0,0,0,0,0,0,0,0,0,0,0,0,0,0,0,0,0,0,0,0,0,0,0,0,0,0,0,0,0,0,0,0,0,0,0,0,0,0,0,0,0,0,0,0,0,0,0,0,0,0,0,0,0,0,0,0,0,0,0,0,0,0,0,0,0,0,0,0,0,0,0,0,0,0,0,0,0,0,0,0,0,0,0,0,0
3.502049922,-10.0,0.0,0.0,0.0,0.0,0.0,0,0,0,0,0,0,5.0,0.0,0.0,3.01,-1.92,-1.0,0.0,0.0,0.0,3.01,0.08,-1.0,0.0,0.0,0.0,3.01,2.08,-1.0,0.0,0.0,0.0,3.01,4.08,-1.0,0.0,0.0,0.0,3.01,-1.92,1.0,0.0,0.0,0.0,3.01,0.08,1.0,0.0,0.0,0.0,3.01,2.08,1.0,0.0,0.0,0.0,3.01,4.08,1.0,0.0,0.0,0.0,-4.9,0.85,-1.0,0.0,0.0,0.0,-4.9,2.85,-1.0,0.0,0.0,0.0,-4.9,4.85,-1.0,0.0,0.0,0.0,-4.9,6.85,-1.0,0.0,0.0,0.0,-4.9,0.85,1.0,0.0,0.0,0.0,-4.9,2.85,1.0,0.0,0.0,0.0,-4.9,4.85,1.0,0.0,0.0,0.0,-4.9,6.85,1.0,0.0,0.0,0.0,7.5,-0.3068000000000108,0.47200000000001907,0.0,-0.590000000000035,-0.40000000000001146,7.5,1.6931999999999852,0.47200000000001907,0.0,-0.5900000000000238,-0.40000000000001146,-0.55,0.563200000000025,-0.6108000000000078,0.0,-0.8399999999999519,0.9599999999999611,0,0,0,0,0,0,0,0,0,0,0,0,0,0,0,0,0,0,0,0,0,0,0,0,0,0,0,0,0,0,0,0,0,0,0,0,0,0,0,0,0,0,0,0,0,0,0,0,0,0,0,0,0,0,0,0,0,0,0,0,0,0,0,0,0,0,0,0,0,0,0,0,0,0,0,0,0,0,0,0,0,0,0,0,0,0,0,0,0,0,0,0,0,0,0,0,0,0,0,0,0,0,0,0,0,0,0,0,0,0,0,0,0,0,0,0,0,0,0,0,0,0,0,0,0,0,0,0,0,0,0,0,0,0,0,0,0,0,0,0,0,0,0,0,0,0,0,0,0,0,0,0,0,0,0,0,0,0,0,0,0,0,0,0,0,0,0,0,0,0,0,0,0,0,0,0,0,0,0,0,0,0,0,0,0,0
3.602127722,-10.0,0.0,0.0,0.0,0.0,0.0,0,0,0,0,0,0,5.0,0.0,0.0,3.01,-1.92,-1.0,0.0,0.0,0.0,3.01,0.08,-1.0,0.0,0.0,0.0,3.01,2.08,-1.0,0.0,0.0,0.0,3.01,4.08,-1.0,0.0,0.0,0.0,3.01,-1.92,1.0,0.0,0.0,0.0,3.01,0.08,1.0,0.0,0.0,0.0,3.01,2.08,1.0,0.0,0.0,0.0,3.01,4.08,1.0,0.0,0.0,0.0,-4.9,0.85,-1.0,0.0,0.0,0.0,-4.9,2.85,-1.0,0.0,0.0,0.0,-4.9,4.85,-1.0,0.0,0.0,0.0,-4.9,6.85,-1.0,0.0,0.0,0.0,-4.9,0.85,1.0,0.0,0.0,0.0,-4.9,2.85,1.0,0.0,0.0,0.0,-4.9,4.85,1.0,0.0,0.0,0.0,-4.9,6.85,1.0,0.0,0.0,0.0,7.5,-0.3422000000000129,0.4480000000000184,0.0,-0.590000000000035,-0.40000000000001146,7.5,1.657799999999983,0.4480000000000184,0.0,-0.5900000000000238,-0.40000000000001146,-0.55,0.5128000000000279,-0.5532000000000101,0.0,-0.8399999999999519,0.9599999999999611,0,0,0,0,0,0,0,0,0,0,0,0,0,0,0,0,0,0,0,0,0,0,0,0,0,0,0,0,0,0,0,0,0,0,0,0,0,0,0,0,0,0,0,0,0,0,0,0,0,0,0,0,0,0,0,0,0,0,0,0,0,0,0,0,0,0,0,0,0,0,0,0,0,0,0,0,0,0,0,0,0,0,0,0,0,0,0,0,0,0,0,0,0,0,0,0,0,0,0,0,0,0,0,0,0,0,0,0,0,0,0,0,0,0,0,0,0,0,0,0,0,0,0,0,0,0,0,0,0,0,0,0,0,0,0,0,0,0,0,0,0,0,0,0,0,0,0,0,0,0,0,0,0,0,0,0,0,0,0,0,0,0,0,0,0,0,0,0,0,0,0,0,0,0,0,0,0,0,0,0,0,0,0,0,0,0
3.703133141,-10.0,0.0,0.0,0.0,0.0,0.0,0,0,0,0,0,0,5.0,0.0,0.0,3.01,-1.92,-1.0,0.0,0.0,0.0,3.01,0.08,-1.0,0.0,0.0,0.0,3.01,2.08,-1.0,0.0,0.0,0.0,3.01,4.08,-1.0,0.0,0.0,0.0,3.01,-1.92,1.0,0.0,0.0,0.0,3.01,0.08,1.0,0.0,0.0,0.0,3.01,2.08,1.0,0.0,0.0,0.0,3.01,4.08,1.0,0.0,0.0,0.0,-4.9,0.85,-1.0,0.0,0.0,0.0,-4.9,2.85,-1.0,0.0,0.0,0.0,-4.9,4.85,-1.0,0.0,0.0,0.0,-4.9,6.85,-1.0,0.0,0.0,0.0,-4.9,0.85,1.0,0.0,0.0,0.0,-4.9,2.85,1.0,0.0,0.0,0.0,-4.9,4.85,1.0,0.0,0.0,0.0,-4.9,6.85,1.0,0.0,0.0,0.0,7.5,-0.3894000000000157,0.41600000000001747,0.0,-0.590000000000035,-0.40000000000001146,7.5,1.6105999999999803,0.41600000000001747,0.0,-0.5900000000000238,-0.40000000000001146,-0.55,0.44560000000002814,-0.47640000000001187,0.0,-0.8400000000000072,0.9600000000000166,0,0,0,0,0,0,0,0,0,0,0,0,0,0,0,0,0,0,0,0,0,0,0,0,0,0,0,0,0,0,0,0,0,0,0,0,0,0,0,0,0,0,0,0,0,0,0,0,0,0,0,0,0,0,0,0,0,0,0,0,0,0,0,0,0,0,0,0,0,0,0,0,0,0,0,0,0,0,0,0,0,0,0,0,0,0,0,0,0,0,0,0,0,0,0,0,0,0,0,0,0,0,0,0,0,0,0,0,0,0,0,0,0,0,0,0,0,0,0,0,0,0,0,0,0,0,0,0,0,0,0,0,0,0,0,0,0,0,0,0,0,0,0,0,0,0,0,0,0,0,0,0,0,0,0,0,0,0,0,0,0,0,0,0,0,0,0,0,0,0,0,0,0,0,0,0,0,0,0,0,0,0,0,0,0,0
3.804622656,-10.0,0.0,0.0,0.0,0.0,0.0,0,0,0,0,0,0,5.0,0.0,0.0,3.01,-1.92,-1.0,0.0,0.0,0.0,3.01,0.08,-1.0,0.0,0.0,0.0,3.01,2.08,-1.0,0.0,0.0,0.0,3.01,4.08,-1.0,0.0,0.0,0.0,3.01,-1.92,1.0,0.0,0.0,0.0,3.01,0.08,1.0,0.0,0.0,0.0,3.01,2.08,1.0,0.0,0.0,0.0,3.01,4.08,1.0,0.0,0.0,0.0,-4.9,0.85,-1.0,0.0,0.0,0.0,-4.9,2.85,-1.0,0.0,0.0,0.0,-4.9,4.85,-1.0,0.0,0.0,0.0,-4.9,6.85,-1.0,0.0,0.0,0.0,-4.9,0.85,1.0,0.0,0.0,0.0,-4.9,2.85,1.0,0.0,0.0,0.0,-4.9,4.85,1.0,0.0,0.0,0.0,-4.9,6.85,1.0,0.0,0.0,0.0,7.5,-0.4248000000000178,0.3920000000000168,0.0,-0.590000000000035,-0.40000000000001146,7.5,1.5751999999999782,0.3920000000000168,0.0,-0.5900000000000238,-0.40000000000001146,-0.55,0.3952000000000277,-0.4188000000000109,0.0,-0.8400000000000072,0.9600000000000166,0,0,0,0,0,0,0,0,0,0,0,0,0,0,0,0,0,0,0,0,0,0,0,0,0,0,0,0,0,0,0,0,0,0,0,0,0,0,0,0,0,0,0,0,0,0,0,0,0,0,0,0,0,0,0,0,0,0,0,0,0,0,0,0,0,0,0,0,0,0,0,0,0,0,0,0,0,0,0,0,0,0,0,0,0,0,0,0,0,0,0,0,0,0,0,0,0,0,0,0,0,0,0,0,0,0,0,0,0,0,0,0,0,0,0,0,0,0,0,0,0,0,0,0,0,0,0,0,0,0,0,0,0,0,0,0,0,0,0,0,0,0,0,0,0,0,0,0,0,0,0,0,0,0,0,0,0,0,0,0,0,0,0,0,0,0,0,0,0,0,0,0,0,0,0,0,0,0,0,0,0,0,0,0,0,0
3.905144498,-10.0,0.0,0.0,0.0,0.0,0.0,0,0,0,0,0,0,5.0,0.0,0.0,3.01,-1.92,-1.0,0.0,0.0,0.0,3.01,0.08,-1.0,0.0,0.0,0.0,3.01,2.08,-1.0,0.0,0.0,0.0,3.01,4.08,-1.0,0.0,0.0,0.0,3.01,-1.92,1.0,0.0,0.0,0.0,3.01,0.08,1.0,0.0,0.0,0.0,3.01,2.08,1.0,0.0,0.0,0.0,3.01,4.08,1.0,0.0,0.0,0.0,-4.9,0.85,-1.0,0.0,0.0,0.0,-4.9,2.85,-1.0,0.0,0.0,0.0,-4.9,4.85,-1.0,0.0,0.0,0.0,-4.9,6.85,-1.0,0.0,0.0,0.0,-4.9,0.85,1.0,0.0,0.0,0.0,-4.9,2.85,1.0,0.0,0.0,0.0,-4.9,4.85,1.0,0.0,0.0,0.0,-4.9,6.85,1.0,0.0,0.0,0.0,7.5,-0.47200000000002057,0.36000000000001586,0.0,-0.590000000000035,-0.40000000000001146,7.5,1.5279999999999754,0.36000000000001586,0.0,-0.5900000000000238,-0.40000000000001146,-0.55,0.3280000000000271,-0.3420000000000096,0.0,-0.8400000000000072,0.9600000000000166,0,0,0,0,0,0,0,0,0,0,0,0,0,0,0,0,0,0,0,0,0,0,0,0,0,0,0,0,0,0,0,0,0,0,0,0,0,0,0,0,0,0,0,0,0,0,0,0,0,0,0,0,0,0,0,0,0,0,0,0,0,0,0,0,0,0,0,0,0,0,0,0,0,0,0,0,0,0,0,0,0,0,0,0,0,0,0,0,0,0,0,0,0,0,0,0,0,0,0,0,0,0,0,0,0,0,0,0,0,0,0,0,0,0,0,0,0,0,0,0,0,0,0,0,0,0,0,0,0,0,0,0,0,0,0,0,0,0,0,0,0,0,0,0,0,0,0,0,0,0,0,0,0,0,0,0,0,0,0,0,0,0,0,0,0,0,0,0,0,0,0,0,0,0,0,0,0,0,0,0,0,0,0,0,0,0
4.001600476,-10.0,0.0,0.0,0.0,0.0,0.0,0,0,0,0,0,0,5.0,0.0,0.0,3.01,-1.92,-1.0,0.0,0.0,0.0,3.01,0.08,-1.0,0.0,0.0,0.0,3.01,2.08,-1.0,0.0,0.0,0.0,3.01,4.08,-1.0,0.0,0.0,0.0,3.01,-1.92,1.0,0.0,0.0,0.0,3.01,0.08,1.0,0.0,0.0,0.0,3.01,2.08,1.0,0.0,0.0,0.0,3.01,4.08,1.0,0.0,0.0,0.0,-4.9,0.85,-1.0,0.0,0.0,0.0,-4.9,2.85,-1.0,0.0,0.0,0.0,-4.9,4.85,-1.0,0.0,0.0,0.0,-4.9,6.85,-1.0,0.0,0.0,0.0,-4.9,0.85,1.0,0.0,0.0,0.0,-4.9,2.85,1.0,0.0,0.0,0.0,-4.9,4.85,1.0,0.0,0.0,0.0,-4.9,6.85,1.0,0.0,0.0,0.0,7.5,-0.5310000000000211,0.3200000000000147,0.0,-0.5899999999999794,-0.40000000000001146,7.5,1.4689999999999748,0.3200000000000147,0.0,-0.5899999999999794,-0.40000000000001146,-0.55,0.24400000000002636,-0.24600000000000807,0.0,-0.8400000000000072,0.9600000000000024,0,0,0,0,0,0,0,0,0,0,0,0,0,0,0,0,0,0,0,0,0,0,0,0,0,0,0,0,0,0,0,0,0,0,0,0,0,0,0,0,0,0,0,0,0,0,0,0,0,0,0,0,0,0,0,0,0,0,0,0,0,0,0,0,0,0,0,0,0,0,0,0,0,0,0,0,0,0,0,0,0,0,0,0,0,0,0,0,0,0,0,0,0,0,0,0,0,0,0,0,0,0,0,0,0,0,0,0,0,0,0,0,0,0,0,0,0,0,0,0,0,0,0,0,0,0,0,0,0,0,0,0,0,0,0,0,0,0,0,0,0,0,0,0,0,0,0,0,0,0,0,0,0,0,0,0,0,0,0,0,0,0,0,0,0,0,0,0,0,0,0,0,0,0,0,0,0,0,0,0,0,0,0,0,0,0
4.102269385,-10.0,0.0,0.0,0.0,0.0,0.0,0,0,0,0,0,0,5.0,0.0,0.0,3.01,-1.92,-1.0,0.0,0.0,0.0,3.01,0.08,-1.0,0.0,0.0,0.0,3.01,2.08,-1.0,0.0,0.0,0.0,3.01,4.08,-1.0,0.0,0.0,0.0,3.01,-1.92,1.0,0.0,0.0,0.0,3.01,0.08,1.0,0.0,0.0,0.0,3.01,2.08,1.0,0.0,0.0,0.0,3.01,4.08,1.0,0.0,0.0,0.0,-4.9,0.85,-1.0,0.0,0.0,0.0,-4.9,2.85,-1.0,0.0,0.0,0.0,-4.9,4.85,-1.0,0.0,0.0,0.0,-4.9,6.85,-1.0,0.0,0.0,0.0,-4.9,0.85,1.0,0.0,0.0,0.0,-4.9,2.85,1.0,0.0,0.0,0.0,-4.9,4.85,1.0,0.0,0.0,0.0,-4.9,6.85,1.0,0.0,0.0,0.0,7.5,-0.5782000000000195,0.2880000000000138,0.0,-0.5899999999999794,-0.40000000000001146,7.5,1.4217999999999764,0.2880000000000138,0.0,-0.5899999999999794,-0.40000000000001146,-0.55,0.17680000000002577,-0.16920000000000898,0.0,-0.8400000000000072,0.9599999999999886,0,0,0,0,0,0,0,0,0,0,0,0,0,0,0,0,0,0,0,0,0,0,0,0,0,0,0,0,0,0,0,0,0,0,0,0,0,0,0,0,0,0,0,0,0,0,0,0,0,0,0,0,0,0,0,0,0,0,0,0,0,0,0,0,0,0,0,0,0,0,0,0,0,0,0,0,0,0,0,0,0,0,0,0,0,0,0,0,0,0,0,0,0,0,0,0,0,0,0,0,0,0,0,0,0,0,0,0,0,0,0,0,0,0,0,0,0,0,0,0,0,0,0,0,0,0,0,0,0,0,0,0,0,0,0,0,0,0,0,0,0,0,0,0,0,0,0,0,0,0,0,0,0,0,0,0,0,0,0,0,0,0,0,0,0,0,0,0,0,0,0,0,0,0,0,0,0,0,0,0,0,0,0,0,0,0
4.204074819,-10.0,0.0,0.0,0.0,0.0,0.0,0,0,0,0,0,0,5.0,0.0,0.0,3.01,-1.92,-1.0,0.0,0.0,0.0,3.01,0.08,-1.0,0.0,0.0,0.0,3.01,2.08,-1.0,0.0,0.0,0.0,3.01,4.08,-1.0,0.0,0.0,0.0,3.01,-1.92,1.0,0.0,0.0,0.0,3.01,0.08,1.0,0.0,0.0,0.0,3.01,2.08,1.0,0.0,0.0,0.0,3.01,4.08,1.0,0.0,0.0,0.0,-4.9,0.85,-1.0,0.0,0.0,0.0,-4.9,2.85,-1.0,0.0,0.0,0.0,-4.9,4.85,-1.0,0.0,0.0,0.0,-4.9,6.85,-1.0,0.0,0.0,0.0,-4.9,0.85,1.0,0.0,0.0,0.0,-4.9,2.85,1.0,0.0,0.0,0.0,-4.9,4.85,1.0,0.0,0.0,0.0,-4.9,6.85,1.0,0.0,0.0,0.0,7.5,-0.6372000000000174,0.24800000000001265,0.0,-0.5899999999999794,-0.40000000000001146,7.5,1.374599999999978,0.2560000000000129,0.0,-0.5899999999999794,-0.40000000000001146,-0.55,0.09280000000002557,-0.07320000000000937,0.0,-0.8399999999999934,0.9600000000000024,0,0,0,0,0,0,0,0,0,0,0,0,0,0,0,0,0,0,0,0,0,0,0,0,0,0,0,0,0,0,0,0,0,0,0,0,0,0,0,0,0,0,0,0,0,0,0,0,0,0,0,0,0,0,0,0,0,0,0,0,0,0,0,0,0,0,0,0,0,0,0,0,0,0,0,0,0,0,0,0,0,0,0,0,0,0,0,0,0,0,0,0,0,0,0,0,0,0,0,0,0,0,0,0,0,0,0,0,0,0,0,0,0,0,0,0,0,0,0,0,0,0,0,0,0,0,0,0,0,0,0,0,0,0,0,0,0,0,0,0,0,0,0,0,0,0,0,0,0,0,0,0,0,0,0,0,0,0,0,0,0,0,0,0,0,0,0,0,0,0,0,0,0,0,0,0,0,0,0,0,0,0,0,0,0,0
4.300972408,-9.993600000000015,0.006400000000000004,0.006400000000000004,0.09999999999976694,0.10000000000000028,0.10000000000000028,0.1,0.1,0.1,2.9794781092366627,2.891458278499239,2.464414783017758,5.0,0.0,0.0,3.01,-1.92,-1.0,0.0,0.0,0.0,3.01,0.08,-1.0,0.0,0.0,0.0,3.01,2.08,-1.0,0.0,0.0,0.0,3.01,4.08,-1.0,0.0,0.0,0.0,3.01,-1.92,1.0,0.0,0.0,0.0,3.01,0.08,1.0,0.0,0.0,0.0,3.01,2.08,1.0,0.0,0.0,0.0,3.01,4.08,1.0,0.0,0.0,0.0,-4.9,0.85,-1.0,0.0,0.0,0.0,-4.9,2.85,-1.0,0.0,0.0,0.0,-4.9,4.85,-1.0,0.0,0.0,0.0,-4.9,6.85,-1.0,0.0,0.0,0.0,-4.9,0.85,1.0,0.0,0.0,0.0,-4.9,2.85,1.0,0.0,0.0,0.0,-4.9,4.85,1.0,0.0,0.0,0.0,-4.9,6.85,1.0,0.0,0.0,0.0,7.5,-0.6844000000000158,0.21600000000001174,0.0,-0.5899999999999794,-0.40000000000001146,7.5,1.3155999999999801,0.21600000000001174,0.0,-0.5899999999999794,-0.40000000000001146,-0.55,0.025600000000025783,0.003599999999990731,0.0,-0.8400000000000005,0.9599999999999997,0,0,0,0,0,0,0,0,0,0,0,0,0,0,0,0,0,0,0,0,0,0,0,0,0,0,0,0,0,0,0,0,0,0,0,0,0,0,0,0,0,0,0,0,0,0,0,0,0,0,0,0,0,0,0,0,0,0,0,0,0,0,0,0,0,0,0,0,0,0,0,0,0,0,0,0,0,0,0,0,0,0,0,0,0,0,0,0,0,0,0,0,0,0,0,0,0,0,0,0,0,0,0,0,0,0,0,0,0,0,0,0,0,0,0,0,0,0,0,0,0,0,0,0,0,0,0,0,0,0,0,0,0,0,0,0,0,0,0,0,0,0,0,0,0,0,0,0,0,0,0,0,0,0,0,0,0,0,0,0,0,0,0,0,0,0,0,0,0,0,0,0,0,0,0,0,0,0,0,0,0,0,0,0,0,0
4.400923729,-9.980452000000017,0.019548000000000003,0.019548000000000003,0.17800000000001148,0.17800000000000107,0.17800000000000107,0.178,0.178,0.178,3.0883396592266696,2.2070106623091594,2.9309609250234137,4.999999426666905,-0.0016931229449691151,-0.0016931229449691151,3.01,-1.92,-1.0,0.0,0.0,0.0,3.01,0.08,-1.0,0.0,0.0,0.0,3.01,2.08,-1.0,0.0,0.0,0.0,3.01,4.08,-1.0,0.0,0.0,0.0,3.01,-1.92,1.0,0.0,0.0,0.0,3.01,0.08,1.0,0.0,0.0,0.0,3.01,2.08,1.0,0.0,0.0,0.0,3.01,4.08,1.0,0.0,0.0,0.0,-4.9,0.85,-1.0,0.0,0.0,0.0,-4.9,2.85,-1.0,0.0,0.0,0.0,-4.9,4.85,-1.0,0.0,0.0,0.0,-4.9,6.85,-1.0,0.0,0.0,0.0,-4.9,0.85,1.0,0.0,0.0,0.0,-4.9,2.85,1.0,0.0,0.0,0.0,-4.9,4.85,1.0,0.0,0.0,0.0,-4.9,6.85,1.0,0.0,0.0,0.0,7.5,-0.7316000000000141,0.18400000000001082,0.0,-0.5899999999999794,-0.40000000000001146,7.5,1.2683999999999818,0.18400000000001082,0.0,-0.5899999999999794,-0.40000000000001146,-0.55,-0.04159999999997425,0.08039999999999085,0.0,-0.8400000000000005,0.9600000000000024,0,0,0,0,0,0,0,0,0,0,0,0,0,0,0,0,0,0,0,0,0,0,0,0,0,0,0,0,0,0,0,0,0,0,0,0,0,0,0,0,0,0,0,0,0,0,0,0,0,0,0,0,0,0,0,0,0,0,0,0,0,0,0,0,0,0,0,0,0,0,0,0,0,0,0,0,0,0,0,0,0,0,0,0,0,0,0,0,0,0,0,0,0,0,0,0,0,0,0,0,0,0,0,0,0,0,0,0,0,0,0,0,0,0,0,0,0,0,0,0,0,0,0,0,0,0,0,0,0,0,0,0,0,0,0,0,0,0,0,0,0,0,0,0,0,0,0,0,0,0,0,0,0,0,0,0,0,0,0,0,0,0,0,0,0,0,0,0,0,0,0,0,0,0,0,0,0,0,0,0,0,0,0,0,0,0
4.503007745,-9.96099199999998,0.039008000000000105,0.039008000000000105,0.26500000000062585,0.2650000000000014,0.2650000000000014,0.265,0.265,0.265,3.114788890349942,2.976190615845433,2.4304919158017384,4.999994256388145,-0.0053589217926814665,-0.0053589217926814665,3.01,-1.92,-1.0,0.0,0.0,0.0,3.01,0.08,-1.0,0.0,0.0,0.0,3.01,2.08,-1.0,0.0,0.0,0.0,3.01,4.08,-1.0,0.0,0.0,0.0,3.01,-1.92,1.0,0.0,0.0,0.0,3.01,0.08,1.0,0.0,0.0,0.0,3.01,2.08,1.0,0.0,0.0,0.0,3.01,4.08,1.0,0.0,0.0,0.0,-4.9,0.85,-1.0,0.0,0.0,0.0,-4.9,2.85,-1.0,0.0,0.0,0.0,-4.9,4.85,-1.0,0.0,0.0,0.0,-4.9,6.85,-1.0,0.0,0.0,0.0,-4.9,0.85,1.0,0.0,0.0,0.0,-4.9,2.85,1.0,0.0,0.0,0.0,-4.9,4.85,1.0,0.0,0.0,0.0,-4.9,6.85,1.0,0.0,0.0,0.0,7.5,-0.7906000000000121,0.14400000000000968,0.0,-0.5899999999999794,-0.40000000000001146,7.5,1.2211999999999834,0.1520000000000099,0.0,-0.5899999999999794,-0.40000000000001146,-0.55,-0.1087999999999739,0.1571999999999906,0.0,-0.8399999999999934,0.9599999999999886,0,0,0,0,0,0,0,0,0,0,0,0,0,0,0,0,0,0,0,0,0,0,0,0,0,0,0,0,0,0,0,0,0,0,0,0,0,0,0,0,0,0,0,0,0,0,0,0,0,0,0,0,0,0,0,0,0,0,0,0,0,0,0,0,0,0,0,0,0,0,0,0,0,0,0,0,0,0,0,0,0,0,0,0,0,0,0,0,0,0,0,0,0,0,0,0,0,0,0,0,0,0,0,0,0,0,0,0,0,0,0,0,0,0,0,0,0,0,0,0,0,0,0,0,0,0,0,0,0,0,0,0,0,0,0,0,0,0,0,0,0,0,0,0,0,0,0,0,0,0,0,0,0,0,0,0,0,0,0,0,0,0,0,0,0,0,0,0,0,0,0,0,0,0,0,0,0,0,0,0,0,0,0,0,0,0
4.605189369,-9.928117000000025,0.07188300000000036,0.07188300000000036,0.3499999999991843,0.35000000000000314,0.35000000000000314,0.35000000000000003,0.35000000000000003,0.35000000000000003,3.2558073891414003,2.7385213864481774,2.2817624789096143,4.999934944894208,-0.018035337891875673,-0.018035337891875673,3.01,-1.92,-1.0,0.0,0.0,0.0,3.01,0.08,-1.0,0.0,0.0,0.0,3.01,2.08,-1.0,0.0,0.0,0.0,3.01,4.08,-1.0,0.0,0.0,0.0,3.01,-1.92,1.0,0.0,0.0,0.0,3.01,0.08,1.0,0.0,0.0,0.0,3.01,2.08,1.0,0.0,0.0,0.0,3.01,4.08,1.0,0.0,0.0,0.0,-4.9,0.85,-1.0,0.0,0.0,0.0,-4.9,2.85,-1.0,0.0,0.0,0.0,-4.9,4.85,-1.0,0.0,0.0,0.0,-4.9,6.85,-1.0,0.0,0.0,0.0,-4.9,0.85,1.0,0.0,0.0,0.0,-4.9,2.85,1.0,0.0,0.0,0.0,-4.9,4.85,1.0,0.0,0.0,0.0,-4.9,6.85,1.0,0.0,0.0,0.0,7.5,-0.8378000000000104,0.11200000000000922,0.0,-0.5899999999999794,-0.39999999999999764,7.5,1.1621999999999855,0.11200000000000922,0.0,-0.5899999999999794,-0.39999999999999764,-0.55,-0.19279999999997438,0.25319999999998954,0.0,-0.8400000000000072,0.959999999999997,0,0,0,0,0,0,0,0,0,0,0,0,0,0,0,0,0,0,0,0,0,0,0,0,0,0,0,0,0,0,0,0,0,0,0,0,0,0,0,0,0,0,0,0,0,0,0,0,0,0,0,0,0,0,0,0,0,0,0,0,0,0,0,0,0,0,0,0,0,0,0,0,0,0,0,0,0,0,0,0,0,0,0,0,0,0,0,0,0,0,0,0,0,0,0,0,0,0,0,0,0,0,0,0,0,0,0,0,0,0,0,0,0,0,0,0,0,0,0,0,0,0,0,0,0,0,0,0,0,0,0,0,0,0,0,0,0,0,0,0,0,0,0,0,0,0,0,0,0,0,0,0,0,0,0,0,0,0,0,0,0,0,0,0,0,0,0,0,0,0,0,0,0,0,0,0,0,0,0,0,0,0,0,0,0,0
4.70286072,-9.894267000000081,0.10573300000000015,0.10573300000000015,0.4399999999993298,0.43999999999999595,0.43999999999999595,0.44000000000000006,0.44000000000000006,0.44000000000000006,3.340923494365349,2.8344764809306677,2.2912380848871794,4.999934944894208,-0.018035337891875673,-0.018035337891875673,3.01,-1.92,-1.0,0.0,0.0,0.0,3.01,0.08,-1.0,0.0,0.0,0.0,3.01,2.08,-1.0,0.0,0.0,0.0,3.01,4.08,-1.0,0.0,0.0,0.0,3.01,-1.92,1.0,0.0,0.0,0.0,3.01,0.08,1.0,0.0,0.0,0.0,3.01,2.08,1.0,0.0,0.0,0.0,3.01,4.08,1.0,0.0,0.0,0.0,-4.9,0.85,-1.0,0.0,0.0,0.0,-4.9,2.85,-1.0,0.0,0.0,0.0,-4.9,4.85,-1.0,0.0,0.0,0.0,-4.9,6.85,-1.0,0.0,0.0,0.0,-4.9,0.85,1.0,0.0,0.0,0.0,-4.9,2.85,1.0,0.0,0.0,0.0,-4.9,4.85,1.0,0.0,0.0,0.0,-4.9,6.85,1.0,0.0,0.0,0.0,7.5,-0.8850000000000088,0.08000000000000941,0.0,-0.5899999999999794,-0.39999999999999764,7.5,1.1149999999999871,0.08000000000000941,0.0,-0.5899999999999794,-0.39999999999999764,-0.55,-0.259999999999975,0.32999999999999086,0.0,-0.8400000000000072,0.9600000000000166,0,0,0,0,0,0,0,0,0,0,0,0,0,0,0,0,0,0,0,0,0,0,0,0,0,0,0,0,0,0,0,0,0,0,0,0,0,0,0,0,0,0,0,0,0,0,0,0,0,0,0,0,0,0,0,0,0,0,0,0,0,0,0,0,0,0,0,0,0,0,0,0,0,0,0,0,0,0,0,0,0,0,0,0,0,0,0,0,0,0,0,0,0,0,0,0,0,0,0,0,0,0,0,0,0,0,0,0,0,0,0,0,0,0,0,0,0,0,0,0,0,0,0,0,0,0,0,0,0,0,0,0,0,0,0,0,0,0,0,0,0,0,0,0,0,0,0,0,0,0,0,0,0,0,0,0,0,0,0,0,0,0,0,0,0,0,0,0,0,0,0,0,0,0,0,0,0,0,0,0,0,0,0,0,0,0
4.800562409,-9.854021000000099,0.14597900000000005,0.14597900000000005,0.5269999999999442,0.5269999999999996,0.5269999999999996,0.527,0.527,0.527,3.426719993974165,1.9887857570196608,2.8315434430255446,4.999851593731275,-0.027240050136041544,-0.027240050136041544,3.01,-1.92,-1.0,0.0,0.0,0.0,3.01,0.08,-1.0,0.0,0.0,0.0,3.01,2.08,-1.0,0.0,0.0,0.0,3.01,4.08,-1.0,0.0,0.0,0.0,3.01,-1.92,1.0,0.0,0.0,0.0,3.01,0.08,1.0,0.0,0.0,0.0,3.01,2.08,1.0,0.0,0.0,0.0,3.01,4.08,1.0,0.0,0.0,0.0,-4.9,0.85,-1.0,0.0,0.0,0.0,-4.9,2.85,-1.0,0.0,0.0,0.0,-4.9,4.85,-1.0,0.0,0.0,0.0,-4.9,6.85,-1.0,0.0,0.0,0.0,-4.9,0.85,1.0,0.0,0.0,0.0,-4.9,2.85,1.0,0.0,0.0,0.0,-4.9,4.85,1.0,0.0,0.0,0.0,-4.9,6.85,1.0,0.0,0.0,0.0,7.5,-0.9322000000000071,0.048000000000009604,0.0,-0.5899999999999794,-0.39999999999999764,7.5,1.0677999999999888,0.048000000000009604,0.0,-0.5899999999999794,-0.39999999999999764,-0.55,-0.32719999999997557,0.40679999999999217,0.0,-0.8400000000000072,0.9600000000000166,0,0,0,0,0,0,0,0,0,0,0,0,0,0,0,0,0,0,0,0,0,0,0,0,0,0,0,0,0,0,0,0,0,0,0,0,0,0,0,0,0,0,0,0,0,0,0,0,0,0,0,0,0,0,0,0,0,0,0,0,0,0,0,0,0,0,0,0,0,0,0,0,0,0,0,0,0,0,0,0,0,0,0,0,0,0,0,0,0,0,0,0,0,0,0,0,0,0,0,0,0,0,0,0,0,0,0,0,0,0,0,0,0,0,0,0,0,0,0,0,0,0,0,0,0,0,0,0,0,0,0,0,0,0,0,0,0,0,0,0,0,0,0,0,0,0,0,0,0,0,0,0,0,0,0,0,0,0,0,0,0,0,0,0,0,0,0,0,0,0,0,0,0,0,0,0,0,0,0,0,0,0,0,0,0,0
4.900828958,-9.807189000000076,0.19281099999999937,0.19281099999999937,0.600000000000378,0.5999999999999893,0.5999999999999893,0.6,0.6,0.6,3.4749252707916254,2.866692687663078,2.1292539047239583,4.9997153883563685,-0.03772290704952984,-0.03772290704952984,3.01,-1.92,-1.0,0.0,0.0,0.0,3.01,0.08,-1.0,0.0,0.0,0.0,3.01,2.08,-1.0,0.0,0.0,0.0,3.01,4.08,-1.0,0.0,0.0,0.0,3.01,-1.92,1.0,0.0,0.0,0.0,3.01,0.08,1.0,0.0,0.0,0.0,3.01,2.08,1.0,0.0,0.0,0.0,3.01,4.08,1.0,0.0,0.0,0.0,-4.9,0.85,-1.0,0.0,0.0,0.0,-4.9,2.85,-1.0,0.0,0.0,0.0,-4.9,4.85,-1.0,0.0,0.0,0.0,-4.9,6.85,-1.0,0.0,0.0,0.0,-4.9,0.85,1.0,0.0,0.0,0.0,-4.9,2.85,1.0,0.0,0.0,0.0,-4.9,4.85,1.0,0.0,0.0,0.0,-4.9,6.85,1.0,0.0,0.0,0.0,7.5,-0.9794000000000055,0.016000000000009663,0.0,-0.5899999999999794,-0.40000000000000113,7.5,1.0205999999999904,0.016000000000009663,0.0,-0.5899999999999794,-0.40000000000000113,-0.55,-0.39439999999997616,0.4835999999999935,0.0,-0.8400000000000072,0.9600000000000166,0,0,0,0,0,0,0,0,0,0,0,0,0,0,0,0,0,0,0,0,0,0,0,0,0,0,0,0,0,0,0,0,0,0,0,0,0,0,0,0,0,0,0,0,0,0,0,0,0,0,0,0,0,0,0,0,0,0,0,0,0,0,0,0,0,0,0,0,0,0,0,0,0,0,0,0,0,0,0,0,0,0,0,0,0,0,0,0,0,0,0,0,0,0,0,0,0,0,0,0,0,0,0,0,0,0,0,0,0,0,0,0,0,0,0,0,0,0,0,0,0,0,0,0,0,0,0,0,0,0,0,0,0,0,0,0,0,0,0,0,0,0,0,0,0,0,0,0,0,0,0,0,0,0,0,0,0,0,0,0,0,0,0,0,0,0,0,0,0,0,0,0,0,0,0,0,0,0,0,0,0,0,0,0,0,0
5.001438796,-9.754353000000062,0.24564699999999903,0.24564699999999903,0.6930000000000547,0.6929999999999993,0.6929999999999993,0.693,0.693,0.693,3.5991146383785098,3.2114520109858478,1.1332824287766834,4.999485739469934,-0.050706709796481536,-0.050706709796481536,3.01,-1.92,-1.0,0.0,0.0,0.0,3.01,0.08,-1.0,0.0,0.0,0.0,3.01,2.08,-1.0,0.0,0.0,0.0,3.01,4.08,-1.0,0.0,0.0,0.0,3.01,-1.92,1.0,0.0,0.0,0.0,3.01,0.08,1.0,0.0,0.0,0.0,3.01,2.08,1.0,0.0,0.0,0.0,3.01,4.08,1.0,0.0,0.0,0.0,-4.9,0.85,-1.0,0.0,0.0,0.0,-4.9,2.85,-1.0,0.0,0.0,0.0,-4.9,4.85,-1.0,0.0,0.0,0.0,-4.9,6.85,-1.0,0.0,0.0,0.0,-4.9,0.85,1.0,0.0,0.0,0.0,-4.9,2.85,1.0,0.0,0.0,0.0,-4.9,4.85,1.0,0.0,0.0,0.0,-4.9,6.85,1.0,0.0,0.0,0.0,7.5,-1.0266000000000088,-0.015999999999990317,0.0,-0.5900000000000905,-0.3999999999999996,7.5,0.973399999999992,-0.015999999999990317,0.0,-0.5899999999999794,-0.3999999999999996,-0.55,-0.46159999999997675,0.5603999999999913,0.0,-0.8400000000000072,0.9599999999999611,0,0,0,0,0,0,0,0,0,0,0,0,0,0,0,0,0,0,0,0,0,0,0,0,0,0,0,0,0,0,0,0,0,0,0,0,0,0,0,0,0,0,0,0,0,0,0,0,0,0,0,0,0,0,0,0,0,0,0,0,0,0,0,0,0,0,0,0,0,0,0,0,0,0,0,0,0,0,0,0,0,0,0,0,0,0,0,0,0,0,0,0,0,0,0,0,0,0,0,0,0,0,0,0,0,0,0,0,0,0,0,0,0,0,0,0,0,0,0,0,0,0,0,0,0,0,0,0,0,0,0,0,0,0,0,0,0,0,0,0,0,0,0,0,0,0,0,0,0,0,0,0,0,0,0,0,0,0,0,0,0,0,0,0,0,0,0,0,0,0,0,0,0,0,0,0,0,0,0,0,0,0,0,0,0,0
5.100788715,-9.67927700000006,0.32072300000000054,0.32072300000000054,0.7690000000000197,0.7690000000000197,0.7690000000000197,0.7689999999999999,0.7689999999999999,0.7689999999999999,3.672616313609694,2.8061828800943975,1.7583374868569135,4.999179838621897,-0.06403491671092247,-0.06403491671092247,3.01,-1.92,-1.0,0.0,0.0,0.0,3.01,0.08,-1.0,0.0,0.0,0.0,3.01,2.08,-1.0,0.0,0.0,0.0,3.01,4.08,-1.0,0.0,0.0,0.0,3.01,-1.92,1.0,0.0,0.0,0.0,3.01,0.08,1.0,0.0,0.0,0.0,3.01,2.08,1.0,0.0,0.0,0.0,3.01,4.08,1.0,0.0,0.0,0.0,-4.9,0.85,-1.0,0.0,0.0,0.0,-4.9,2.85,-1.0,0.0,0.0,0.0,-4.9,4.85,-1.0,0.0,0.0,0.0,-4.9,6.85,-1.0,0.0,0.0,0.0,-4.9,0.85,1.0,0.0,0.0,0.0,-4.9,2.85,1.0,0.0,0.0,0.0,-4.9,4.85,1.0,0.0,0.0,0.0,-4.9,6.85,1.0,0.0,0.0,0.0,7.5,-1.0856000000000179,-0.05599999999999021,0.0,-0.5900000000000905,-0.39999999999999764,7.5,0.9143999999999941,-0.05599999999999021,0.0,-0.5899999999999794,-0.39999999999999764,-0.55,-0.5455999999999744,0.6563999999999874,0.0,-0.8399999999999519,0.9599999999999611,0,0,0,0,0,0,0,0,0,0,0,0,0,0,0,0,0,0,0,0,0,0,0,0,0,0,0,0,0,0,0,0,0,0,0,0,0,0,0,0,0,0,0,0,0,0,0,0,0,0,0,0,0,0,0,0,0,0,0,0,0,0,0,0,0,0,0,0,0,0,0,0,0,0,0,0,0,0,0,0,0,0,0,0,0,0,0,0,0,0,0,0,0,0,0,0,0,0,0,0,0,0,0,0,0,0,0,0,0,0,0,0,0,0,0,0,0,0,0,0,0,0,0,0,0,0,0,0,0,0,0,0,0,0,0,0,0,0,0,0,0,0,0,0,0,0,0,0,0,0,0,0,0,0,0,0,0,0,0,0,0,0,0,0,0,0,0,0,0,0,0,0,0,0,0,0,0,0,0,0,0,0,0,0,0,0
5.200983658,-9.611709000000108,0.38829100000000016,0.38829100000000016,0.8529999999993265,0.8529999999999927,0.8529999999999927,0.8529999999999999,0.8529999999999999,0.8529999999999999,3.7438285265684055,2.871146280334643,1.5732463053020003,4.998651730473738,-0.08210017488378644,-0.08210017488378644,3.01,-1.92,-1.0,0.0,0.0,0.0,3.01,0.08,-1.0,0.0,0.0,0.0,3.01,2.08,-1.0,0.0,0.0,0.0,3.01,4.08,-1.0,0.0,0.0,0.0,3.01,-1.92,1.0,0.0,0.0,0.0,3.01,0.08,1.0,0.0,0.0,0.0,3.01,2.08,1.0,0.0,0.0,0.0,3.01,4.08,1.0,0.0,0.0,0.0,-4.9,0.85,-1.0,0.0,0.0,0.0,-4.9,2.85,-1.0,0.0,0.0,0.0,-4.9,4.85,-1.0,0.0,0.0,0.0,-4.9,6.85,-1.0,0.0,0.0,0.0,-4.9,0.85,1.0,0.0,0.0,0.0,-4.9,2.85,1.0,0.0,0.0,0.0,-4.9,4.85,1.0,0.0,0.0,0.0,-4.9,6.85,1.0,0.0,0.0,0.0,7.5,-1.1328000000000251,-0.08799999999999002,0.0,-0.5900000000000905,-0.39999999999999764,7.5,0.8671999999999958,-0.08799999999999002,0.0,-0.5899999999999794,-0.39999999999999764,-0.55,-0.6127999999999706,0.7331999999999843,0.0,-0.8399999999999519,0.9599999999999611,0,0,0,0,0,0,0,0,0,0,0,0,0,0,0,0,0,0,0,0,0,0,0,0,0,0,0,0,0,0,0,0,0,0,0,0,0,0,0,0,0,0,0,0,0,0,0,0,0,0,0,0,0,0,0,0,0,0,0,0,0,0,0,0,0,0,0,0,0,0,0,0,0,0,0,0,0,0,0,0,0,0,0,0,0,0,0,0,0,0,0,0,0,0,0,0,0,0,0,0,0,0,0,0,0,0,0,0,0,0,0,0,0,0,0,0,0,0,0,0,0,0,0,0,0,0,0,0,0,0,0,0,0,0,0,0,0,0,0,0,0,0,0,0,0,0,0,0,0,0,0,0,0,0,0,0,0,0,0,0,0,0,0,0,0,0,0,0,0,0,0,0,0,0,0,0,0,0,0,0,0,0,0,0,0,0
5.301460392,-9.519409000000067,0.48059099999999866,0.48059099999999866,0.9530000000008698,0.9529999999999816,0.9529999999999816,0.9529999999999998,0.9529999999999998,0.9529999999999998,3.8527124996996607,1.0841135724144433,2.9050762484833648,4.997925408228522,-0.10183715869897458,-0.10183715869897458,3.01,-1.92,-1.0,0.0,0.0,0.0,3.01,0.08,-1.0,0.0,0.0,0.0,3.01,2.08,-1.0,0.0,0.0,0.0,3.01,4.08,-1.0,0.0,0.0,0.0,3.01,-1.92,1.0,0.0,0.0,0.0,3.01,0.08,1.0,0.0,0.0,0.0,3.01,2.08,1.0,0.0,0.0,0.0,3.01,4.08,1.0,0.0,0.0,0.0,-4.9,0.85,-1.0,0.0,0.0,0.0,-4.9,2.85,-1.0,0.0,0.0,0.0,-4.9,4.85,-1.0,0.0,0.0,0.0,-4.9,6.85,-1.0,0.0,0.0,0.0,-4.9,0.85,1.0,0.0,0.0,0.0,-4.9,2.85,1.0,0.0,0.0,0.0,-4.9,4.85,1.0,0.0,0.0,0.0,-4.9,6.85,1.0,0.0,0.0,0.0,7.5,-1.1918000000000342,-0.12799999999998987,0.0,-0.5900000000000905,-0.4000000000000073,7.5,0.8081999999999978,-0.12799999999998987,0.0,-0.5899999999999794,-0.4000000000000073,-0.55,-0.6967999999999658,0.8291999999999804,0.0,-0.8399999999999519,0.9599999999999611,0,0,0,0,0,0,0,0,0,0,0,0,0,0,0,0,0,0,0,0,0,0,0,0,0,0,0,0,0,0,0,0,0,0,0,0,0,0,0,0,0,0,0,0,0,0,0,0,0,0,0,0,0,0,0,0,0,0,0,0,0,0,0,0,0,0,0,0,0,0,0,0,0,0,0,0,0,0,0,0,0,0,0,0,0,0,0,0,0,0,0,0,0,0,0,0,0,0,0,0,0,0,0,0,0,0,0,0,0,0,0,0,0,0,0,0,0,0,0,0,0,0,0,0,0,0,0,0,0,0,0,0,0,0,0,0,0,0,0,0,0,0,0,0,0,0,0,0,0,0,0,0,0,0,0,0,0,0,0,0,0,0,0,0,0,0,0,0,0,0,0,0,0,0,0,0,0,0,0,0,0,0,0,0,0,0
5.404116524,-9.437644000000091,0.5623559999999973,0.5623559999999973,1.0379999999994283,1.0379999999999832,1.0379999999999832,1.0379999999999998,1.0379999999999998,1.0379999999999998,3.9472139145018255,1.843060929986434,2.257016531792465,4.996933910812464,-0.12379719498529532,-0.12379719498529532,3.01,-1.92,-1.0,0.0,0.0,0.0,3.01,0.08,-1.0,0.0,0.0,0.0,3.01,2.08,-1.0,0.0,0.0,0.0,3.01,4.08,-1.0,0.0,0.0,0.0,3.01,-1.92,1.0,0.0,0.0,0.0,3.01,0.08,1.0,0.0,0.0,0.0,3.01,2.08,1.0,0.0,0.0,0.0,3.01,4.08,1.0,0.0,0.0,0.0,-4.9,0.85,-1.0,0.0,0.0,0.0,-4.9,2.85,-1.0,0.0,0.0,0.0,-4.9,4.85,-1.0,0.0,0.0,0.0,-4.9,6.85,-1.0,0.0,0.0,0.0,-4.9,0.85,1.0,0.0,0.0,0.0,-4.9,2.85,1.0,0.0,0.0,0.0,-4.9,4.85,1.0,0.0,0.0,0.0,-4.9,6.85,1.0,0.0,0.0,0.0,7.5,-1.2508000000000432,-0.16799999999999102,0.0,-0.5900000000000905,-0.40000000000001146,7.5,0.7491999999999999,-0.16799999999999102,0.0,-0.5899999999999794,-0.40000000000001146,-0.55,-0.7639999999999619,0.9059999999999773,0.0,-0.8399999999999519,0.9599999999999611,0,0,0,0,0,0,0,0,0,0,0,0,0,0,0,0,0,0,0,0,0,0,0,0,0,0,0,0,0,0,0,0,0,0,0,0,0,0,0,0,0,0,0,0,0,0,0,0,0,0,0,0,0,0,0,0,0,0,0,0,0,0,0,0,0,0,0,0,0,0,0,0,0,0,0,0,0,0,0,0,0,0,0,0,0,0,0,0,0,0,0,0,0,0,0,0,0,0,0,0,0,0,0,0,0,0,0,0,0,0,0,0,0,0,0,0,0,0,0,0,0,0,0,0,0,0,0,0,0,0,0,0,0,0,0,0,0,0,0,0,0,0,0,0,0,0,0,0,0,0,0,0,0,0,0,0,0,0,0,0,0,0,0,0,0,0,0,0,0,0,0,0,0,0,0,0,0,0,0,0,0,0,0,0,0,0
5.500917699,-9.327184000000138,0.6728159999999982,0.6728159999999982,1.1279999999995738,1.1280000000000179,1.1280000000000179,1.128,1.128,1.128,3.9992443520258623,1.7383864605271797,2.4285453545439863,4.9955787311491004,-0.1486491521851912,-0.1486491521851912,3.01,-1.92,-1.0,0.0,0.0,0.0,3.01,0.08,-1.0,0.0,0.0,0.0,3.01,2.08,-1.0,0.0,0.0,0.0,3.01,4.08,-1.0,0.0,0.0,0.0,3.01,-1.92,1.0,0.0,0.0,0.0,3.01,0.08,1.0,0.0,0.0,0.0,3.01,2.08,1.0,0.0,0.0,0.0,3.01,4.08,1.0,0.0,0.0,0.0,-4.9,0.85,-1.0,0.0,0.0,0.0,-4.9,2.85,-1.0,0.0,0.0,0.0,-4.9,4.85,-1.0,0.0,0.0,0.0,-4.9,6.85,-1.0,0.0,0.0,0.0,-4.9,0.85,1.0,0.0,0.0,0.0,-4.9,2.85,1.0,0.0,0.0,0.0,-4.9,4.85,1.0,0.0,0.0,0.0,-4.9,6.85,1.0,0.0,0.0,0.0,7.5,-1.2980000000000504,-0.19999999999999193,0.0,-0.5900000000000905,-0.40000000000001146,7.5,0.7020000000000015,-0.19999999999999193,0.0,-0.5899999999999794,-0.40000000000001146,-0.55,-0.8479999999999571,1.0019999999999736,0.0,-0.8399999999999519,0.9599999999999831,0,0,0,0,0,0,0,0,0,0,0,0,0,0,0,0,0,0,0,0,0,0,0,0,0,0,0,0,0,0,0,0,0,0,0,0,0,0,0,0,0,0,0,0,0,0,0,0,0,0,0,0,0,0,0,0,0,0,0,0,0,0,0,0,0,0,0,0,0,0,0,0,0,0,0,0,0,0,0,0,0,0,0,0,0,0,0,0,0,0,0,0,0,0,0,0,0,0,0,0,0,0,0,0,0,0,0,0,0,0,0,0,0,0,0,0,0,0,0,0,0,0,0,0,0,0,0,0,0,0,0,0,0,0,0,0,0,0,0,0,0,0,0,0,0,0,0,0,0,0,0,0,0,0,0,0,0,0,0,0,0,0,0,0,0,0,0,0,0,0,0,0,0,0,0,0,0,0,0,0,0,0,0,0,0,0
5.6035453,-9.206838000000083,0.7931619999999947,0.7833850109195509,1.2260000000008375,1.2259999999999494,1.0990261158383419,1.226,1.226,1.0990261158383625,4.116129743689981,2.6196413910549143,1.0990261158383625,4.993867548248192,-0.17505272142071338,-0.17505272142071338,3.01,-1.92,-1.0,0.0,0.0,0.0,3.01,0.08,-1.0,0.0,0.0,0.0,3.01,2.08,-1.0,0.0,0.0,0.0,3.01,4.08,-1.0,0.0,0.0,0.0,3.01,-1.92,1.0,0.0,0.0,0.0,3.01,0.08,1.0,0.0,0.0,0.0,3.01,2.08,1.0,0.0,0.0,0.0,3.01,4.08,1.0,0.0,0.0,0.0,-4.9,0.85,-1.0,0.0,0.0,0.0,-4.9,2.85,-1.0,0.0,0.0,0.0,-4.9,4.85,-1.0,0.0,0.0,0.0,-4.9,6.85,-1.0,0.0,0.0,0.0,-4.9,0.85,1.0,0.0,0.0,0.0,-4.9,2.85,1.0,0.0,0.0,0.0,-4.9,4.85,1.0,0.0,0.0,0.0,-4.9,6.85,1.0,0.0,0.0,0.0,7.5,-1.3570000000000595,-0.23999999999999308,0.0,-0.5900000000000905,-0.40000000000001146,7.5,0.6548000000000032,-0.23199999999999285,0.0,-0.5899999999999794,-0.40000000000001146,-0.55,-0.9151999999999533,1.0787999999999793,0.0,-0.8399999999999519,0.9600000000000719,0,0,0,0,0,0,0,0,0,0,0,0,0,0,0,0,0,0,0,0,0,0,0,0,0,0,0,0,0,0,0,0,0,0,0,0,0,0,0,0,0,0,0,0,0,0,0,0,0,0,0,0,0,0,0,0,0,0,0,0,0,0,0,0,0,0,0,0,0,0,0,0,0,0,0,0,0,0,0,0,0,0,0,0,0,0,0,0,0,0,0,0,0,0,0,0,0,0,0,0,0,0,0,0,0,0,0,0,0,0,0,0,0,0,0,0,0,0,0,0,0,0,0,0,0,0,0,0,0,0,0,0,0,0,0,0,0,0,0,0,0,0,0,0,0,0,0,0,0,0,0,0,0,0,0,0,0,0,0,0,0,0,0,0,0,0,0,0,0,0,0,0,0,0,0,0,0,0,0,0,0,0,0,0,0,0
5.700457197,-9.102602000000033,0.8973979999999905,0.8651511001866184,1.3070000000006132,1.306999999999947,1.0180261158383441,1.307,1.307,1.0180261158383626,4.209516968975171,2.6852494235775746,0.38581944772475807,4.991752952654078,-0.20414852794310542,-0.2018064374789761,3.01,-1.92,-1.0,0.0,0.0,0.0,3.01,0.08,-1.0,0.0,0.0,0.0,3.01,2.08,-1.0,0.0,0.0,0.0,3.01,4.08,-1.0,0.0,0.0,0.0,3.01,-1.92,1.0,0.0,0.0,0.0,3.01,0.08,1.0,0.0,0.0,0.0,3.01,2.08,1.0,0.0,0.0,0.0,3.01,4.08,1.0,0.0,0.0,0.0,-4.9,0.85,-1.0,0.0,0.0,0.0,-4.9,2.85,-1.0,0.0,0.0,0.0,-4.9,4.85,-1.0,0.0,0.0,0.0,-4.9,6.85,-1.0,0.0,0.0,0.0,-4.9,0.85,1.0,0.0,0.0,0.0,-4.9,2.85,1.0,0.0,0.0,0.0,-4.9,4.85,1.0,0.0,0.0,0.0,-4.9,6.85,1.0,0.0,0.0,0.0,7.5,-1.4042000000000667,-0.27199999999999397,0.0,-0.5900000000000905,-0.40000000000001146,7.5,0.5958000000000052,-0.27199999999999397,0.0,-0.5899999999999794,-0.40000000000001146,-0.55,-0.9991999999999485,1.1747999999999865,0.0,-0.8399999999999519,0.9600000000000719,0,0,0,0,0,0,0,0,0,0,0,0,0,0,0,0,0,0,0,0,0,0,0,0,0,0,0,0,0,0,0,0,0,0,0,0,0,0,0,0,0,0,0,0,0,0,0,0,0,0,0,0,0,0,0,0,0,0,0,0,0,0,0,0,0,0,0,0,0,0,0,0,0,0,0,0,0,0,0,0,0,0,0,0,0,0,0,0,0,0,0,0,0,0,0,0,0,0,0,0,0,0,0,0,0,0,0,0,0,0,0,0,0,0,0,0,0,0,0,0,0,0,0,0,0,0,0,0,0,0,0,0,0,0,0,0,0,0,0,0,0,0,0,0,0,0,0,0,0,0,0,0,0,0,0,0,0,0,0,0,0,0,0,0,0,0,0,0,0,0,0,0,0,0,0,0,0,0,0,0,0,0,0,0,0,0
5.801536964,-8.992101999999974,0.9960179999999913,0.9525331894536883,1.3970000000007587,1.2170000000000236,1.1080261158383784,1.397,1.2169999999999999,1.1080261158383626,4.303098042984956,1.1685530935435846,2.05135990652378,4.989264406765631,-0.23586159658632688,-0.22717831462826965,3.01,-1.92,-1.0,0.0,0.0,0.0,3.01,0.08,-1.0,0.0,0.0,0.0,3.01,2.08,-1.0,0.0,0.0,0.0,3.01,4.08,-1.0,0.0,0.0,0.0,3.01,-1.92,1.0,0.0,0.0,0.0,3.01,0.08,1.0,0.0,0.0,0.0,3.01,2.08,1.0,0.0,0.0,0.0,3.01,4.08,1.0,0.0,0.0,0.0,-4.9,0.85,-1.0,0.0,0.0,0.0,-4.9,2.85,-1.0,0.0,0.0,0.0,-4.9,4.85,-1.0,0.0,0.0,0.0,-4.9,6.85,-1.0,0.0,0.0,0.0,-4.9,0.85,1.0,0.0,0.0,0.0,-4.9,2.85,1.0,0.0,0.0,0.0,-4.9,4.85,1.0,0.0,0.0,0.0,-4.9,6.85,1.0,0.0,0.0,0.0,7.5,-1.451400000000074,-0.3039999999999949,0.0,-0.5900000000000905,-0.40000000000001146,7.5,0.5486000000000069,-0.3039999999999949,0.0,-0.5899999999999794,-0.40000000000001146,-0.55,-1.0663999999999447,1.2515999999999923,0.0,-0.8399999999999519,0.9600000000000719,0,0,0,0,0,0,0,0,0,0,0,0,0,0,0,0,0,0,0,0,0,0,0,0,0,0,0,0,0,0,0,0,0,0,0,0,0,0,0,0,0,0,0,0,0,0,0,0,0,0,0,0,0,0,0,0,0,0,0,0,0,0,0,0,0,0,0,0,0,0,0,0,0,0,0,0,0,0,0,0,0,0,0,0,0,0,0,0,0,0,0,0,0,0,0,0,0,0,0,0,0,0,0,0,0,0,0,0,0,0,0,0,0,0,0,0,0,0,0,0,0,0,0,0,0,0,0,0,0,0,0,0,0,0,0,0,0,0,0,0,0,0,0,0,0,0,0,0,0,0,0,0,0,0,0,0,0,0,0,0,0,0,0,0,0,0,0,0,0,0,0,0,0,0,0,0,0,0,0,0,0,0,0,0,0,0
5.900820419,-8.875181999999938,1.098537999999995,1.046335278720756,1.4830000000003452,1.3030000000000541,1.194026115838298,1.483,1.303,1.1940261158383627,4.364863618354778,1.9589592016165034,1.2583668289461425,4.986587436109382,-0.2645665726017999,-0.25288390755007956,3.01,-1.92,-1.0,0.0,0.0,0.0,3.01,0.08,-1.0,0.0,0.0,0.0,3.01,2.08,-1.0,0.0,0.0,0.0,3.01,4.08,-1.0,0.0,0.0,0.0,3.01,-1.92,1.0,0.0,0.0,0.0,3.01,0.08,1.0,0.0,0.0,0.0,3.01,2.08,1.0,0.0,0.0,0.0,3.01,4.08,1.0,0.0,0.0,0.0,-4.9,0.85,-1.0,0.0,0.0,0.0,-4.9,2.85,-1.0,0.0,0.0,0.0,-4.9,4.85,-1.0,0.0,0.0,0.0,-4.9,6.85,-1.0,0.0,0.0,0.0,-4.9,0.85,1.0,0.0,0.0,0.0,-4.9,2.85,1.0,0.0,0.0,0.0,-4.9,4.85,1.0,0.0,0.0,0.0,-4.9,6.85,1.0,0.0,0.0,0.0,7.5,-1.4986000000000812,-0.3359999999999958,0.0,-0.5900000000000905,-0.40000000000001146,7.5,0.5014000000000085,-0.3359999999999958,0.0,-0.5899999999999794,-0.40000000000001146,-0.55,-1.1335999999999409,1.328399999999998,0.0,-0.8399999999999519,0.9600000000000719,0,0,0,0,0,0,0,0,0,0,0,0,0,0,0,0,0,0,0,0,0,0,0,0,0,0,0,0,0,0,0,0,0,0,0,0,0,0,0,0,0,0,0,0,0,0,0,0,0,0,0,0,0,0,0,0,0,0,0,0,0,0,0,0,0,0,0,0,0,0,0,0,0,0,0,0,0,0,0,0,0,0,0,0,0,0,0,0,0,0,0,0,0,0,0,0,0,0,0,0,0,0,0,0,0,0,0,0,0,0,0,0,0,0,0,0,0,0,0,0,0,0,0,0,0,0,0,0,0,0,0,0,0,0,0,0,0,0,0,0,0,0,0,0,0,0,0,0,0,0,0,0,0,0,0,0,0,0,0,0,0,0,0,0,0,0,0,0,0,0,0,0,0,0,0,0,0,0,0,0,0,0,0,0,0,0
6.001711381,-8.721001999999935,1.23231034035349,1.171617890304595,1.5809999999998325,1.3608723392248834,1.2920261158384516,1.5810000000000002,1.3608723392249717,1.2920261158383628,4.4772084495656355,1.3608723392249717,1.7099662519225125,4.983202428165193,-0.2966345766717161,-0.28231451937744184,3.01,-1.92,-1.0,0.0,0.0,0.0,3.01,0.08,-1.0,0.0,0.0,0.0,3.01,2.08,-1.0,0.0,0.0,0.0,3.01,4.08,-1.0,0.0,0.0,0.0,3.01,-1.92,1.0,0.0,0.0,0.0,3.01,0.08,1.0,0.0,0.0,0.0,3.01,2.08,1.0,0.0,0.0,0.0,3.01,4.08,1.0,0.0,0.0,0.0,-4.9,0.85,-1.0,0.0,0.0,0.0,-4.9,2.85,-1.0,0.0,0.0,0.0,-4.9,4.85,-1.0,0.0,0.0,0.0,-4.9,6.85,-1.0,0.0,0.0,0.0,-4.9,0.85,1.0,0.0,0.0,0.0,-4.9,2.85,1.0,0.0,0.0,0.0,-4.9,4.85,1.0,0.0,0.0,0.0,-4.9,6.85,1.0,0.0,0.0,0.0,7.5,-1.5576000000000902,-0.37599999999999695,0.0,-0.5900000000000905,-0.40000000000001146,7.5,0.44240000000001056,-0.37599999999999695,0.0,-0.5899999999999794,-0.40000000000001146,-0.55,-1.217599999999936,1.4244000000000052,0.0,-0.8399999999999519,0.9600000000000719,0,0,0,0,0,0,0,0,0,0,0,0,0,0,0,0,0,0,0,0,0,0,0,0,0,0,0,0,0,0,0,0,0,0,0,0,0,0,0,0,0,0,0,0,0,0,0,0,0,0,0,0,0,0,0,0,0,0,0,0,0,0,0,0,0,0,0,0,0,0,0,0,0,0,0,0,0,0,0,0,0,0,0,0,0,0,0,0,0,0,0,0,0,0,0,0,0,0,0,0,0,0,0,0,0,0,0,0,0,0,0,0,0,0,0,0,0,0,0,0,0,0,0,0,0,0,0,0,0,0,0,0,0,0,0,0,0,0,0,0,0,0,0,0,0,0,0,0,0,0,0,0,0,0,0,0,0,0,0,0,0,0,0,0,0,0,0,0,0,0,0,0,0,0,0,0,0,0,0,0,0,0,0,0,0,0
6.100871809,-8.589529999999932,1.3361881274914793,1.2799719795716584,1.659000000000077,1.2828723392248609,1.370026115838252,1.6590000000000003,1.2828723392249717,1.3700261158383629,4.564686342632928,-0.017323775136784514,1.989948614862433,4.9795994754831,-0.32700304943299224,-0.31089880898767597,3.01,-1.92,-1.0,0.0,0.0,0.0,3.01,0.08,-1.0,0.0,0.0,0.0,3.01,2.08,-1.0,0.0,0.0,0.0,3.01,4.08,-1.0,0.0,0.0,0.0,3.01,-1.92,1.0,0.0,0.0,0.0,3.01,0.08,1.0,0.0,0.0,0.0,3.01,2.08,1.0,0.0,0.0,0.0,3.01,4.08,1.0,0.0,0.0,0.0,-4.9,0.85,-1.0,0.0,0.0,0.0,-4.9,2.85,-1.0,0.0,0.0,0.0,-4.9,4.85,-1.0,0.0,0.0,0.0,-4.9,6.85,-1.0,0.0,0.0,0.0,-4.9,0.85,1.0,0.0,0.0,0.0,-4.9,2.85,1.0,0.0,0.0,0.0,-4.9,4.85,1.0,0.0,0.0,0.0,-4.9,6.85,1.0,0.0,0.0,0.0,7.5,-1.6048000000000975,-0.40799999999999786,0.0,-0.5900000000000905,-0.40000000000001146,7.5,0.3952000000000122,-0.40799999999999786,0.0,-0.5899999999999794,-0.40000000000001146,-0.55,-1.2847999999999322,1.501200000000011,0.0,-0.8399999999999519,0.9600000000000719,0,0,0,0,0,0,0,0,0,0,0,0,0,0,0,0,0,0,0,0,0,0,0,0,0,0,0,0,0,0,0,0,0,0,0,0,0,0,0,0,0,0,0,0,0,0,0,0,0,0,0,0,0,0,0,0,0,0,0,0,0,0,0,0,0,0,0,0,0,0,0,0,0,0,0,0,0,0,0,0,0,0,0,0,0,0,0,0,0,0,0,0,0,0,0,0,0,0,0,0,0,0,0,0,0,0,0,0,0,0,0,0,0,0,0,0,0,0,0,0,0,0,0,0,0,0,0,0,0,0,0,0,0,0,0,0,0,0,0,0,0,0,0,0,0,0,0,0,0,0,0,0,0,0,0,0,0,0,0,0,0,0,0,0,0,0,0,0,0,0,0,0,0,0,0,0,0,0,0,0,0,0,0,0,0,0
6.20343898,-8.451753999999958,1.433761914629472,1.394630068838729,1.7379999999995732,1.2038723392249207,1.4490261158384143,1.7380000000000002,1.2038723392249717,1.4490261158383628,4.4541621497808315,0.6878012980290771,2.138002803573265,4.975300430105671,-0.3583992042959156,-0.3434175891686195,3.01,-1.92,-1.0,0.0,0.0,0.0,3.01,0.08,-1.0,0.0,0.0,0.0,3.01,2.08,-1.0,0.0,0.0,0.0,3.01,4.08,-1.0,0.0,0.0,0.0,3.01,-1.92,1.0,0.0,0.0,0.0,3.01,0.08,1.0,0.0,0.0,0.0,3.01,2.08,1.0,0.0,0.0,0.0,3.01,4.08,1.0,0.0,0.0,0.0,-4.9,0.85,-1.0,0.0,0.0,0.0,-4.9,2.85,-1.0,0.0,0.0,0.0,-4.9,4.85,-1.0,0.0,0.0,0.0,-4.9,6.85,-1.0,0.0,0.0,0.0,-4.9,0.85,1.0,0.0,0.0,0.0,-4.9,2.85,1.0,0.0,0.0,0.0,-4.9,4.85,1.0,0.0,0.0,0.0,-4.9,6.85,1.0,0.0,0.0,0.0,7.5,-1.6520000000001047,-0.4399999999999988,0.0,-0.5900000000000905,-0.40000000000001146,7.5,0.34800000000001385,-0.4399999999999988,0.0,-0.5899999999999794,-0.40000000000001146,-0.55,-1.3519999999999284,1.5780000000000167,0.0,-0.8399999999999519,0.9600000000000719,0,0,0,0,0,0,0,0,0,0,0,0,0,0,0,0,0,0,0,0,0,0,0,0,0,0,0,0,0,0,0,0,0,0,0,0,0,0,0,0,0,0,0,0,0,0,0,0,0,0,0,0,0,0,0,0,0,0,0,0,0,0,0,0,0,0,0,0,0,0,0,0,0,0,0,0,0,0,0,0,0,0,0,0,0,0,0,0,0,0,0,0,0,0,0,0,0,0,0,0,0,0,0,0,0,0,0,0,0,0,0,0,0,0,0,0,0,0,0,0,0,0,0,0,0,0,0,0,0,0,0,0,0,0,0,0,0,0,0,0,0,0,0,0,0,0,0,0,0,0,0,0,0,0,0,0,0,0,0,0,0,0,0,0,0,0,0,0,0,0,0,0,0,0,0,0,0,0,0,0,0,0,0,0,0,0
6.300997641,-8.271310999999915,1.5475061485519757,1.5328896804225658,1.8290000000007467,1.1128723392250794,1.358026115838351,1.8290000000000002,1.1128723392249718,1.3580261158383629,4.731715144040396,-0.7701684576213836,1.0201937633643912,4.970040000234192,-0.3912441022980089,-0.3816155768428853,3.01,-1.92,-1.0,0.0,0.0,0.0,3.01,0.08,-1.0,0.0,0.0,0.0,3.01,2.08,-1.0,0.0,0.0,0.0,3.01,4.08,-1.0,0.0,0.0,0.0,3.01,-1.92,1.0,0.0,0.0,0.0,3.01,0.08,1.0,0.0,0.0,0.0,3.01,2.08,1.0,0.0,0.0,0.0,3.01,4.08,1.0,0.0,0.0,0.0,-4.9,0.85,-1.0,0.0,0.0,0.0,-4.9,2.85,-1.0,0.0,0.0,0.0,-4.9,4.85,-1.0,0.0,0.0,0.0,-4.9,6.85,-1.0,0.0,0.0,0.0,-4.9,0.85,1.0,0.0,0.0,0.0,-4.9,2.85,1.0,0.0,0.0,0.0,-4.9,4.85,1.0,0.0,0.0,0.0,-4.9,6.85,1.0,0.0,0.0,0.0,7.5,-1.7110000000001138,-0.4799999999999999,0.0,-0.5900000000000905,-0.40000000000001146,7.5,0.2890000000000159,-0.4799999999999999,0.0,-0.5899999999999794,-0.40000000000001146,-0.55,-1.4359999999999236,1.674000000000024,0.0,-0.8399999999999519,0.9600000000000719,0,0,0,0,0,0,0,0,0,0,0,0,0,0,0,0,0,0,0,0,0,0,0,0,0,0,0,0,0,0,0,0,0,0,0,0,0,0,0,0,0,0,0,0,0,0,0,0,0,0,0,0,0,0,0,0,0,0,0,0,0,0,0,0,0,0,0,0,0,0,0,0,0,0,0,0,0,0,0,0,0,0,0,0,0,0,0,0,0,0,0,0,0,0,0,0,0,0,0,0,0,0,0,0,0,0,0,0,0,0,0,0,0,0,0,0,0,0,0,0,0,0,0,0,0,0,0,0,0,0,0,0,0,0,0,0,0,0,0,0,0,0,0,0,0,0,0,0,0,0,0,0,0,0,0,0,0,0,0,0,0,0,0,0,0,0,0,0,0,0,0,0,0,0,0,0,0,0,0,0,0,0,0,0,0,0
6.400781361,-8.119990999999867,1.6315359356899715,1.6465317696896333,1.9290000000005136,1.0128723392248684,1.45802611583834,1.9290000000000003,1.0128723392249717,1.458026115838363,4.792590878615632,0.48942749815345254,1.645627304950881,4.964592918819995,-0.4218593960122662,-0.4181528433462233,3.01,-1.92,-1.0,0.0,0.0,0.0,3.01,0.08,-1.0,0.0,0.0,0.0,3.01,2.08,-1.0,0.0,0.0,0.0,3.01,4.08,-1.0,0.0,0.0,0.0,3.01,-1.92,1.0,0.0,0.0,0.0,3.01,0.08,1.0,0.0,0.0,0.0,3.01,2.08,1.0,0.0,0.0,0.0,3.01,4.08,1.0,0.0,0.0,0.0,-4.9,0.85,-1.0,0.0,0.0,0.0,-4.9,2.85,-1.0,0.0,0.0,0.0,-4.9,4.85,-1.0,0.0,0.0,0.0,-4.9,6.85,-1.0,0.0,0.0,0.0,-4.9,0.85,1.0,0.0,0.0,0.0,-4.9,2.85,1.0,0.0,0.0,0.0,-4.9,4.85,1.0,0.0,0.0,0.0,-4.9,6.85,1.0,0.0,0.0,0.0,7.5,-1.758200000000121,-0.5119999999999991,0.0,-0.5900000000000905,-0.39999999999995595,7.5,0.24180000000001717,-0.5119999999999991,0.0,-0.5900000000000071,-0.39999999999995595,-0.55,-1.5031999999999197,1.7508000000000297,0.0,-0.8399999999999519,0.9600000000000719,0,0,0,0,0,0,0,0,0,0,0,0,0,0,0,0,0,0,0,0,0,0,0,0,0,0,0,0,0,0,0,0,0,0,0,0,0,0,0,0,0,0,0,0,0,0,0,0,0,0,0,0,0,0,0,0,0,0,0,0,0,0,0,0,0,0,0,0,0,0,0,0,0,0,0,0,0,0,0,0,0,0,0,0,0,0,0,0,0,0,0,0,0,0,0,0,0,0,0,0,0,0,0,0,0,0,0,0,0,0,0,0,0,0,0,0,0,0,0,0,0,0,0,0,0,0,0,0,0,0,0,0,0,0,0,0,0,0,0,0,0,0,0,0,0,0,0,0,0,0,0,0,0,0,0,0,0,0,0,0,0,0,0,0,0,0,0,0,0,0,0,0,0,0,0,0,0,0,0,0,0,0,0,0,0,0
6.502152161,-7.96140099999988,1.7082957228279736,1.7589038589566997,1.99899999999964,0.942872339225076,1.3880261158383256,1.9990000000000003,0.9428723392249716,1.3880261158383629,4.922586251147916,-0.23491129563483004,0.9572351944463111,4.958964273151893,-0.44942594223513216,-0.4546313452118928,3.01,-1.92,-1.0,0.0,0.0,0.0,3.01,0.08,-1.0,0.0,0.0,0.0,3.01,2.08,-1.0,0.0,0.0,0.0,3.01,4.08,-1.0,0.0,0.0,0.0,3.01,-1.92,1.0,0.0,0.0,0.0,3.01,0.08,1.0,0.0,0.0,0.0,3.01,2.08,1.0,0.0,0.0,0.0,3.01,4.08,1.0,0.0,0.0,0.0,-4.9,0.85,-1.0,0.0,0.0,0.0,-4.9,2.85,-1.0,0.0,0.0,0.0,-4.9,4.85,-1.0,0.0,0.0,0.0,-4.9,6.85,-1.0,0.0,0.0,0.0,-4.9,0.85,1.0,0.0,0.0,0.0,-4.9,2.85,1.0,0.0,0.0,0.0,-4.9,4.85,1.0,0.0,0.0,0.0,-4.9,6.85,1.0,0.0,0.0,0.0,7.5,-1.8054000000001282,-0.5439999999999956,0.0,-0.5900000000000905,-0.39999999999995595,7.5,0.1946000000000166,-0.5439999999999956,0.0,-0.5900000000000071,-0.39999999999995595,-0.55,-1.5703999999999159,1.8276000000000354,0.0,-0.8399999999999519,0.9600000000000719,0,0,0,0,0,0,0,0,0,0,0,0,0,0,0,0,0,0,0,0,0,0,0,0,0,0,0,0,0,0,0,0,0,0,0,0,0,0,0,0,0,0,0,0,0,0,0,0,0,0,0,0,0,0,0,0,0,0,0,0,0,0,0,0,0,0,0,0,0,0,0,0,0,0,0,0,0,0,0,0,0,0,0,0,0,0,0,0,0,0,0,0,0,0,0,0,0,0,0,0,0,0,0,0,0,0,0,0,0,0,0,0,0,0,0,0,0,0,0,0,0,0,0,0,0,0,0,0,0,0,0,0,0,0,0,0,0,0,0,0,0,0,0,0,0,0,0,0,0,0,0,0,0,0,0,0,0,0,0,0,0,0,0,0,0,0,0,0,0,0,0,0,0,0,0,0,0,0,0,0,0,0,0,0,0,0
6.600714513,-7.838149999999897,1.7615570631814736,1.8405912335445591,2.0759999999997447,0.8658723392249712,1.3509518748513472,2.0760000000000005,0.8658723392249716,1.3509518748514142,4.8330553686345,0.20369681125334838,1.3509518748514142,4.9539817642652695,-0.4714792317880348,-0.4855636037840294,3.01,-1.92,-1.0,0.0,0.0,0.0,3.01,0.08,-1.0,0.0,0.0,0.0,3.01,2.08,-1.0,0.0,0.0,0.0,3.01,4.08,-1.0,0.0,0.0,0.0,3.01,-1.92,1.0,0.0,0.0,0.0,3.01,0.08,1.0,0.0,0.0,0.0,3.01,2.08,1.0,0.0,0.0,0.0,3.01,4.08,1.0,0.0,0.0,0.0,-4.9,0.85,-1.0,0.0,0.0,0.0,-4.9,2.85,-1.0,0.0,0.0,0.0,-4.9,4.85,-1.0,0.0,0.0,0.0,-4.9,6.85,-1.0,0.0,0.0,0.0,-4.9,0.85,1.0,0.0,0.0,0.0,-4.9,2.85,1.0,0.0,0.0,0.0,-4.9,4.85,1.0,0.0,0.0,0.0,-4.9,6.85,1.0,0.0,0.0,0.0,7.5,-1.8408000000001337,-0.567999999999993,0.0,-0.5900000000000905,-0.39999999999995595,7.5,0.15920000000001616,-0.567999999999993,0.0,-0.5900000000000071,-0.39999999999995595,-0.55,-1.620799999999913,1.8852000000000397,0.0,-0.8399999999999519,0.9600000000000719,0,0,0,0,0,0,0,0,0,0,0,0,0,0,0,0,0,0,0,0,0,0,0,0,0,0,0,0,0,0,0,0,0,0,0,0,0,0,0,0,0,0,0,0,0,0,0,0,0,0,0,0,0,0,0,0,0,0,0,0,0,0,0,0,0,0,0,0,0,0,0,0,0,0,0,0,0,0,0,0,0,0,0,0,0,0,0,0,0,0,0,0,0,0,0,0,0,0,0,0,0,0,0,0,0,0,0,0,0,0,0,0,0,0,0,0,0,0,0,0,0,0,0,0,0,0,0,0,0,0,0,0,0,0,0,0,0,0,0,0,0,0,0,0,0,0,0,0,0,0,0,0,0,0,0,0,0,0,0,0,0,0,0,0,0,0,0,0,0,0,0,0,0,0,0,0,0,0,0,0,0,0,0,0,0,0
6.701889989,-7.668289999999922,1.827046850319476,1.951989972821195,2.138999999999669,0.802872339225047,1.4063283629934809,2.1390000000000007,0.8028723392249717,1.4063283629935168,4.8019453976861,0.0665302063203499,1.4063283629935168,4.949624924370134,-0.48938091348033286,-0.5115852124280911,3.01,-1.92,-1.0,0.0,0.0,0.0,3.01,0.08,-1.0,0.0,0.0,0.0,3.01,2.08,-1.0,0.0,0.0,0.0,3.01,4.08,-1.0,0.0,0.0,0.0,3.01,-1.92,1.0,0.0,0.0,0.0,3.01,0.08,1.0,0.0,0.0,0.0,3.01,2.08,1.0,0.0,0.0,0.0,3.01,4.08,1.0,0.0,0.0,0.0,-4.9,0.85,-1.0,0.0,0.0,0.0,-4.9,2.85,-1.0,0.0,0.0,0.0,-4.9,4.85,-1.0,0.0,0.0,0.0,-4.9,6.85,-1.0,0.0,0.0,0.0,-4.9,0.85,1.0,0.0,0.0,0.0,-4.9,2.85,1.0,0.0,0.0,0.0,-4.9,4.85,1.0,0.0,0.0,0.0,-4.9,6.85,1.0,0.0,0.0,0.0,7.5,-1.888000000000141,-0.5999999999999894,0.0,-0.5900000000000905,-0.39999999999995595,7.5,0.1120000000000159,-0.5999999999999894,0.0,-0.5899999999999934,-0.39999999999995595,-0.55,-1.6879999999999091,1.9620000000000455,0.0,-0.8399999999999519,0.9600000000000719,0,0,0,0,0,0,0,0,0,0,0,0,0,0,0,0,0,0,0,0,0,0,0,0,0,0,0,0,0,0,0,0,0,0,0,0,0,0,0,0,0,0,0,0,0,0,0,0,0,0,0,0,0,0,0,0,0,0,0,0,0,0,0,0,0,0,0,0,0,0,0,0,0,0,0,0,0,0,0,0,0,0,0,0,0,0,0,0,0,0,0,0,0,0,0,0,0,0,0,0,0,0,0,0,0,0,0,0,0,0,0,0,0,0,0,0,0,0,0,0,0,0,0,0,0,0,0,0,0,0,0,0,0,0,0,0,0,0,0,0,0,0,0,0,0,0,0,0,0,0,0,0,0,0,0,0,0,0,0,0,0,0,0,0,0,0,0,0,0,0,0,0,0,0,0,0,0,0,0,0,0,0,0,0,0,0
6.801013465,-7.4922419999999414,1.886348637457473,2.059568241860671,2.2159999999997737,0.7258723392249422,1.329328362993376,2.2160000000000006,0.7258723392249717,1.3293283629935169,4.856804307582662,0.05761557989967869,1.2286089920724765,4.943405342287683,-0.5123200552890063,-0.5479706039472042,3.01,-1.92,-1.0,0.0,0.0,0.0,3.01,0.08,-1.0,0.0,0.0,0.0,3.01,2.08,-1.0,0.0,0.0,0.0,3.01,4.08,-1.0,0.0,0.0,0.0,3.01,-1.92,1.0,0.0,0.0,0.0,3.01,0.08,1.0,0.0,0.0,0.0,3.01,2.08,1.0,0.0,0.0,0.0,3.01,4.08,1.0,0.0,0.0,0.0,-4.9,0.85,-1.0,0.0,0.0,0.0,-4.9,2.85,-1.0,0.0,0.0,0.0,-4.9,4.85,-1.0,0.0,0.0,0.0,-4.9,6.85,-1.0,0.0,0.0,0.0,-4.9,0.85,1.0,0.0,0.0,0.0,-4.9,2.85,1.0,0.0,0.0,0.0,-4.9,4.85,1.0,0.0,0.0,0.0,-4.9,6.85,1.0,0.0,0.0,0.0,7.5,-1.9352000000001481,-0.6319999999999859,0.0,-0.5900000000000905,-0.39999999999995595,7.5,0.06480000000001644,-0.6319999999999859,0.0,-0.5899999999999934,-0.39999999999995595,-0.55,-1.7551999999999053,2.0388000000000512,0.0,-0.8399999999999519,0.9600000000000719,0,0,0,0,0,0,0,0,0,0,0,0,0,0,0,0,0,0,0,0,0,0,0,0,0,0,0,0,0,0,0,0,0,0,0,0,0,0,0,0,0,0,0,0,0,0,0,0,0,0,0,0,0,0,0,0,0,0,0,0,0,0,0,0,0,0,0,0,0,0,0,0,0,0,0,0,0,0,0,0,0,0,0,0,0,0,0,0,0,0,0,0,0,0,0,0,0,0,0,0,0,0,0,0,0,0,0,0,0,0,0,0,0,0,0,0,0,0,0,0,0,0,0,0,0,0,0,0,0,0,0,0,0,0,0,0,0,0,0,0,0,0,0,0,0,0,0,0,0,0,0,0,0,0,0,0,0,0,0,0,0,0,0,0,0,0,0,0,0,0,0,0,0,0,0,0,0,0,0,0,0,0,0,0,0,0
6.901938703,-7.35602599999996,1.9266449778109744,2.1360719436402786,2.3039999999996397,0.6378723392250762,1.2413283629935101,2.3040000000000007,0.6378723392249718,1.2413283629935168,4.92993790405572,-0.1555705611635667,1.0636279067764827,4.937301634248504,-0.532979253082843,-0.5822247746620739,3.01,-1.92,-1.0,0.0,0.0,0.0,3.01,0.08,-1.0,0.0,0.0,0.0,3.01,2.08,-1.0,0.0,0.0,0.0,3.01,4.08,-1.0,0.0,0.0,0.0,3.01,-1.92,1.0,0.0,0.0,0.0,3.01,0.08,1.0,0.0,0.0,0.0,3.01,2.08,1.0,0.0,0.0,0.0,3.01,4.08,1.0,0.0,0.0,0.0,-4.9,0.85,-1.0,0.0,0.0,0.0,-4.9,2.85,-1.0,0.0,0.0,0.0,-4.9,4.85,-1.0,0.0,0.0,0.0,-4.9,6.85,-1.0,0.0,0.0,0.0,-4.9,0.85,1.0,0.0,0.0,0.0,-4.9,2.85,1.0,0.0,0.0,0.0,-4.9,4.85,1.0,0.0,0.0,0.0,-4.9,6.85,1.0,0.0,0.0,0.0,7.5,-1.9706000000001536,-0.6559999999999833,0.0,-0.5900000000000905,-0.39999999999995595,7.5,0.029400000000016448,-0.6559999999999833,0.0,-0.5900000000000001,-0.39999999999995595,-0.55,-1.8055999999999024,2.0964000000000556,0.0,-0.8399999999999519,0.9600000000000719,0,0,0,0,0,0,0,0,0,0,0,0,0,0,0,0,0,0,0,0,0,0,0,0,0,0,0,0,0,0,0,0,0,0,0,0,0,0,0,0,0,0,0,0,0,0,0,0,0,0,0,0,0,0,0,0,0,0,0,0,0,0,0,0,0,0,0,0,0,0,0,0,0,0,0,0,0,0,0,0,0,0,0,0,0,0,0,0,0,0,0,0,0,0,0,0,0,0,0,0,0,0,0,0,0,0,0,0,0,0,0,0,0,0,0,0,0,0,0,0,0,0,0,0,0,0,0,0,0,0,0,0,0,0,0,0,0,0,0,0,0,0,0,0,0,0,0,0,0,0,0,0,0,0,0,0,0,0,0,0,0,0,0,0,0,0,0,0,0,0,0,0,0,0,0,0,0,0,0,0,0,0,0,0,0,0
7.000737705,-7.121101999999987,1.9859082117334732,2.255680779939621,2.361999999999753,0.5798723392249627,1.1833283629933966,2.3620000000000005,0.5798723392249717,1.1833283629935167,4.941632648648353,-0.4264653992056826,0.7136389634353,4.931671544986844,-0.5507580836606832,-0.6126020777384656,3.01,-1.92,-1.0,0.0,0.0,0.0,3.01,0.08,-1.0,0.0,0.0,0.0,3.01,2.08,-1.0,0.0,0.0,0.0,3.01,4.08,-1.0,0.0,0.0,0.0,3.01,-1.92,1.0,0.0,0.0,0.0,3.01,0.08,1.0,0.0,0.0,0.0,3.01,2.08,1.0,0.0,0.0,0.0,3.01,4.08,1.0,0.0,0.0,0.0,-4.9,0.85,-1.0,0.0,0.0,0.0,-4.9,2.85,-1.0,0.0,0.0,0.0,-4.9,4.85,-1.0,0.0,0.0,0.0,-4.9,6.85,-1.0,0.0,0.0,0.0,-4.9,0.85,1.0,0.0,0.0,0.0,-4.9,2.85,1.0,0.0,0.0,0.0,-4.9,4.85,1.0,0.0,0.0,0.0,-4.9,6.85,1.0,0.0,0.0,0.0,7.5,-2.0296000000001513,-0.6959999999999789,0.0,-0.5899999999998684,-0.39999999999995595,7.5,-0.029599999999983573,-0.6959999999999789,0.0,-0.5900000000000001,-0.39999999999995595,-0.55,-1.8895999999998976,2.1924000000000627,0.0,-0.8399999999999519,0.9600000000000719,0,0,0,0,0,0,0,0,0,0,0,0,0,0,0,0,0,0,0,0,0,0,0,0,0,0,0,0,0,0,0,0,0,0,0,0,0,0,0,0,0,0,0,0,0,0,0,0,0,0,0,0,0,0,0,0,0,0,0,0,0,0,0,0,0,0,0,0,0,0,0,0,0,0,0,0,0,0,0,0,0,0,0,0,0,0,0,0,0,0,0,0,0,0,0,0,0,0,0,0,0,0,0,0,0,0,0,0,0,0,0,0,0,0,0,0,0,0,0,0,0,0,0,0,0,0,0,0,0,0,0,0,0,0,0,0,0,0,0,0,0,0,0,0,0,0,0,0,0,0,0,0,0,0,0,0,0,0,0,0,0,0,0,0,0,0,0,0,0,0,0,0,0,0,0,0,0,0,0,0,0,0,0,0,0,0
7.101899936,-6.926070000000016,2.026225998871476,2.3442750489791018,2.449999999999619,0.49187233922509677,1.0953283629935306,2.4500000000000006,0.49187233922497176,1.0953283629935167,4.872304013909785,-0.8589439196090549,0.7116673840100562,4.924706068363312,-0.5712257436195624,-0.6488230036395524,3.01,-1.92,-1.0,0.0,0.0,0.0,3.01,0.08,-1.0,0.0,0.0,0.0,3.01,2.08,-1.0,0.0,0.0,0.0,3.01,4.08,-1.0,0.0,0.0,0.0,3.01,-1.92,1.0,0.0,0.0,0.0,3.01,0.08,1.0,0.0,0.0,0.0,3.01,2.08,1.0,0.0,0.0,0.0,3.01,4.08,1.0,0.0,0.0,0.0,-4.9,0.85,-1.0,0.0,0.0,0.0,-4.9,2.85,-1.0,0.0,0.0,0.0,-4.9,4.85,-1.0,0.0,0.0,0.0,-4.9,6.85,-1.0,0.0,0.0,0.0,-4.9,0.85,1.0,0.0,0.0,0.0,-4.9,2.85,1.0,0.0,0.0,0.0,-4.9,4.85,1.0,0.0,0.0,0.0,-4.9,6.85,1.0,0.0,0.0,0.0,7.5,-2.0768000000001408,-0.7279999999999753,0.0,-0.5899999999998684,-0.39999999999995595,7.5,-0.06499999999998356,-0.7199999999999762,0.0,-0.5899999999999975,-0.39999999999995595,-0.55,-1.9399999999998947,2.250000000000067,0.0,-0.8399999999999519,0.9600000000000719,0,0,0,0,0,0,0,0,0,0,0,0,0,0,0,0,0,0,0,0,0,0,0,0,0,0,0,0,0,0,0,0,0,0,0,0,0,0,0,0,0,0,0,0,0,0,0,0,0,0,0,0,0,0,0,0,0,0,0,0,0,0,0,0,0,0,0,0,0,0,0,0,0,0,0,0,0,0,0,0,0,0,0,0,0,0,0,0,0,0,0,0,0,0,0,0,0,0,0,0,0,0,0,0,0,0,0,0,0,0,0,0,0,0,0,0,0,0,0,0,0,0,0,0,0,0,0,0,0,0,0,0,0,0,0,0,0,0,0,0,0,0,0,0,0,0,0,0,0,0,0,0,0,0,0,0,0,0,0,0,0,0,0,0,0,0,0,0,0,0,0,0,0,0,0,0,0,0,0,0,0,0,0,0,0,0
7.201100784,-6.724575999999993,2.0600817860094893,2.42640731801859,2.532000000000423,0.4098723392251813,1.0133283629936152,2.5320000000000005,0.40987233922497174,1.0133283629935166,4.9061585625020445,0.07347147716678926,0.8241061719873157,4.918512666235187,-0.5881127615751833,-0.6799680373050219,3.01,-1.92,-1.0,0.0,0.0,0.0,3.01,0.08,-1.0,0.0,0.0,0.0,3.01,2.08,-1.0,0.0,0.0,0.0,3.01,4.08,-1.0,0.0,0.0,0.0,3.01,-1.92,1.0,0.0,0.0,0.0,3.01,0.08,1.0,0.0,0.0,0.0,3.01,2.08,1.0,0.0,0.0,0.0,3.01,4.08,1.0,0.0,0.0,0.0,-4.9,0.85,-1.0,0.0,0.0,0.0,-4.9,2.85,-1.0,0.0,0.0,0.0,-4.9,4.85,-1.0,0.0,0.0,0.0,-4.9,6.85,-1.0,0.0,0.0,0.0,-4.9,0.85,1.0,0.0,0.0,0.0,-4.9,2.85,1.0,0.0,0.0,0.0,-4.9,4.85,1.0,0.0,0.0,0.0,-4.9,6.85,1.0,0.0,0.0,0.0,7.5,-2.1240000000001302,-0.7599999999999718,0.0,-0.5899999999998684,-0.39999999999995595,7.5,-0.12399999999998289,-0.7599999999999718,0.0,-0.5899999999999934,-0.39999999999995595,-0.55,-2.023999999999896,2.3460000000000742,0.0,-0.8400000000001739,0.9600000000000719,0,0,0,0,0,0,0,0,0,0,0,0,0,0,0,0,0,0,0,0,0,0,0,0,0,0,0,0,0,0,0,0,0,0,0,0,0,0,0,0,0,0,0,0,0,0,0,0,0,0,0,0,0,0,0,0,0,0,0,0,0,0,0,0,0,0,0,0,0,0,0,0,0,0,0,0,0,0,0,0,0,0,0,0,0,0,0,0,0,0,0,0,0,0,0,0,0,0,0,0,0,0,0,0,0,0,0,0,0,0,0,0,0,0,0,0,0,0,0,0,0,0,0,0,0,0,0,0,0,0,0,0,0,0,0,0,0,0,0,0,0,0,0,0,0,0,0,0,0,0,0,0,0,0,0,0,0,0,0,0,0,0,0,0,0,0,0,0,0,0,0,0,0,0,0,0,0,0,0,0,0,0,0,0,0,0
7.300613098,-6.516900999999977,2.087756573147497,2.5023585870580725,2.6250000000000995,0.31687233922506053,0.9203283629934944,2.6250000000000004,0.3168723392249717,0.9203283629935166,5.034209780643716,0.20906276541674496,0.6205920751041623,4.911342850553043,-0.6062369559984746,-0.7149742355520289,3.01,-1.92,-1.0,0.0,0.0,0.0,3.01,0.08,-1.0,0.0,0.0,0.0,3.01,2.08,-1.0,0.0,0.0,0.0,3.01,4.08,-1.0,0.0,0.0,0.0,3.01,-1.92,1.0,0.0,0.0,0.0,3.01,0.08,1.0,0.0,0.0,0.0,3.01,2.08,1.0,0.0,0.0,0.0,3.01,4.08,1.0,0.0,0.0,0.0,-4.9,0.85,-1.0,0.0,0.0,0.0,-4.9,2.85,-1.0,0.0,0.0,0.0,-4.9,4.85,-1.0,0.0,0.0,0.0,-4.9,6.85,-1.0,0.0,0.0,0.0,-4.9,0.85,1.0,0.0,0.0,0.0,-4.9,2.85,1.0,0.0,0.0,0.0,-4.9,4.85,1.0,0.0,0.0,0.0,-4.9,6.85,1.0,0.0,0.0,0.0,7.5,-2.1712000000001197,-0.7919999999999683,0.0,-0.5899999999998684,-0.39999999999995595,7.5,-0.17119999999998345,-0.7919999999999683,0.0,-0.5900000000000071,-0.39999999999995595,-0.55,-2.09119999999991,2.42280000000008,0.0,-0.8400000000001739,0.9600000000000719,0,0,0,0,0,0,0,0,0,0,0,0,0,0,0,0,0,0,0,0,0,0,0,0,0,0,0,0,0,0,0,0,0,0,0,0,0,0,0,0,0,0,0,0,0,0,0,0,0,0,0,0,0,0,0,0,0,0,0,0,0,0,0,0,0,0,0,0,0,0,0,0,0,0,0,0,0,0,0,0,0,0,0,0,0,0,0,0,0,0,0,0,0,0,0,0,0,0,0,0,0,0,0,0,0,0,0,0,0,0,0,0,0,0,0,0,0,0,0,0,0,0,0,0,0,0,0,0,0,0,0,0,0,0,0,0,0,0,0,0,0,0,0,0,0,0,0,0,0,0,0,0,0,0,0,0,0,0,0,0,0,0,0,0,0,0,0,0,0,0,0,0,0,0,0,0,0,0,0,0,0,0,0,0,0,0
7.40122004,-6.3024369999999506,2.108642360285484,2.5715208560975613,2.6970000000003935,0.24487233922476648,0.8483283629936444,2.6970000000000005,0.2448723392249717,0.8483283629935167,4.921479897745385,-0.864147463143226,0.5640875874011191,4.904864895743143,-0.6213177800129066,-0.7458314626954534,3.01,-1.92,-1.0,0.0,0.0,0.0,3.01,0.08,-1.0,0.0,0.0,0.0,3.01,2.08,-1.0,0.0,0.0,0.0,3.01,4.08,-1.0,0.0,0.0,0.0,3.01,-1.92,1.0,0.0,0.0,0.0,3.01,0.08,1.0,0.0,0.0,0.0,3.01,2.08,1.0,0.0,0.0,0.0,3.01,4.08,1.0,0.0,0.0,0.0,-4.9,0.85,-1.0,0.0,0.0,0.0,-4.9,2.85,-1.0,0.0,0.0,0.0,-4.9,4.85,-1.0,0.0,0.0,0.0,-4.9,6.85,-1.0,0.0,0.0,0.0,-4.9,0.85,1.0,0.0,0.0,0.0,-4.9,2.85,1.0,0.0,0.0,0.0,-4.9,4.85,1.0,0.0,0.0,0.0,-4.9,6.85,1.0,0.0,0.0,0.0,7.5,-2.218400000000109,-0.8239999999999648,0.0,-0.5899999999998684,-0.39999999999995595,7.5,-0.21839999999998402,-0.8239999999999648,0.0,-0.5900000000000071,-0.39999999999995595,-0.55,-2.158399999999924,2.4996000000000858,0.0,-0.8400000000001739,0.9600000000000719,0,0,0,0,0,0,0,0,0,0,0,0,0,0,0,0,0,0,0,0,0,0,0,0,0,0,0,0,0,0,0,0,0,0,0,0,0,0,0,0,0,0,0,0,0,0,0,0,0,0,0,0,0,0,0,0,0,0,0,0,0,0,0,0,0,0,0,0,0,0,0,0,0,0,0,0,0,0,0,0,0,0,0,0,0,0,0,0,0,0,0,0,0,0,0,0,0,0,0,0,0,0,0,0,0,0,0,0,0,0,0,0,0,0,0,0,0,0,0,0,0,0,0,0,0,0,0,0,0,0,0,0,0,0,0,0,0,0,0,0,0,0,0,0,0,0,0,0,0,0,0,0,0,0,0,0,0,0,0,0,0,0,0,0,0,0,0,0,0,0,0,0,0,0,0,0,0,0,0,0,0,0,0,0,0,0
7.500536632,-6.137484999999937,2.1202027006389796,2.619288557877174,2.7840000000001197,0.1578723392250403,0.7613283629934742,2.7840000000000007,0.1578723392249717,0.7613283629935167,4.98987146356445,-0.7586113916266053,0.4312070858954522,4.898304870204219,-0.6353592026958961,-0.7764844377598683,3.01,-1.92,-1.0,0.0,0.0,0.0,3.01,0.08,-1.0,0.0,0.0,0.0,3.01,2.08,-1.0,0.0,0.0,0.0,3.01,4.08,-1.0,0.0,0.0,0.0,3.01,-1.92,1.0,0.0,0.0,0.0,3.01,0.08,1.0,0.0,0.0,0.0,3.01,2.08,1.0,0.0,0.0,0.0,3.01,4.08,1.0,0.0,0.0,0.0,-4.9,0.85,-1.0,0.0,0.0,0.0,-4.9,2.85,-1.0,0.0,0.0,0.0,-4.9,4.85,-1.0,0.0,0.0,0.0,-4.9,6.85,-1.0,0.0,0.0,0.0,-4.9,0.85,1.0,0.0,0.0,0.0,-4.9,2.85,1.0,0.0,0.0,0.0,-4.9,4.85,1.0,0.0,0.0,0.0,-4.9,6.85,1.0,0.0,0.0,0.0,7.5,-2.2538000000001013,-0.8479999999999621,0.0,-0.5899999999998684,-0.39999999999995595,7.5,-0.25379999999998426,-0.8479999999999621,0.0,-0.5899999999999878,-0.39999999999995595,-0.55,-2.2087999999999344,2.55720000000009,0.0,-0.8400000000001739,0.9600000000000719,0,0,0,0,0,0,0,0,0,0,0,0,0,0,0,0,0,0,0,0,0,0,0,0,0,0,0,0,0,0,0,0,0,0,0,0,0,0,0,0,0,0,0,0,0,0,0,0,0,0,0,0,0,0,0,0,0,0,0,0,0,0,0,0,0,0,0,0,0,0,0,0,0,0,0,0,0,0,0,0,0,0,0,0,0,0,0,0,0,0,0,0,0,0,0,0,0,0,0,0,0,0,0,0,0,0,0,0,0,0,0,0,0,0,0,0,0,0,0,0,0,0,0,0,0,0,0,0,0,0,0,0,0,0,0,0,0,0,0,0,0,0,0,0,0,0,0,0,0,0,0,0,0,0,0,0,0,0,0,0,0,0,0,0,0,0,0,0,0,0,0,0,0,0,0,0,0,0,0,0,0,0,0,0,0,0
7.60186336,-5.968239999999941,2.1274700409924736,2.662763259656794,2.8329999999998634,0.10887233922485251,0.7123283629937305,2.8330000000000006,0.1088723392249717,0.7123283629935167,4.904191528652488,-1.0384038917018878,0.4754431785085478,4.894343964540649,-0.6432008916025532,-0.7947891354354292,3.01,-1.92,-1.0,0.0,0.0,0.0,3.01,0.08,-1.0,0.0,0.0,0.0,3.01,2.08,-1.0,0.0,0.0,0.0,3.01,4.08,-1.0,0.0,0.0,0.0,3.01,-1.92,1.0,0.0,0.0,0.0,3.01,0.08,1.0,0.0,0.0,0.0,3.01,2.08,1.0,0.0,0.0,0.0,3.01,4.08,1.0,0.0,0.0,0.0,-4.9,0.85,-1.0,0.0,0.0,0.0,-4.9,2.85,-1.0,0.0,0.0,0.0,-4.9,4.85,-1.0,0.0,0.0,0.0,-4.9,6.85,-1.0,0.0,0.0,0.0,-4.9,0.85,1.0,0.0,0.0,0.0,-4.9,2.85,1.0,0.0,0.0,0.0,-4.9,4.85,1.0,0.0,0.0,0.0,-4.9,6.85,1.0,0.0,0.0,0.0,7.5,-2.2892000000000934,-0.8719999999999595,0.0,-0.5899999999998684,-0.39999999999995595,7.5,-0.289199999999983,-0.8719999999999595,0.0,-0.5899999999999794,-0.39999999999995595,-0.55,-2.259199999999945,2.6148000000000944,0.0,-0.8400000000001739,0.9600000000000719,0,0,0,0,0,0,0,0,0,0,0,0,0,0,0,0,0,0,0,0,0,0,0,0,0,0,0,0,0,0,0,0,0,0,0,0,0,0,0,0,0,0,0,0,0,0,0,0,0,0,0,0,0,0,0,0,0,0,0,0,0,0,0,0,0,0,0,0,0,0,0,0,0,0,0,0,0,0,0,0,0,0,0,0,0,0,0,0,0,0,0,0,0,0,0,0,0,0,0,0,0,0,0,0,0,0,0,0,0,0,0,0,0,0,0,0,0,0,0,0,0,0,0,0,0,0,0,0,0,0,0,0,0,0,0,0,0,0,0,0,0,0,0,0,0,0,0,0,0,0,0,0,0,0,0,0,0,0,0,0,0,0,0,0,0,0,0,0,0,0,0,0,0,0,0,0,0,0,0,0,0,0,0,0,0,0
7.702649312,-5.795397999999926,2.131140381345965,2.7026409614364177,2.887000000000306,0.054872339224854016,0.658328362993732,2.8870000000000005,0.05487233922497171,0.6583283629935166,4.979979469762137,-0.639093422781924,0.5150380647602759,4.890098338693826,-0.6510443237972662,-0.8142969521957273,3.01,-1.92,-1.0,0.0,0.0,0.0,3.01,0.08,-1.0,0.0,0.0,0.0,3.01,2.08,-1.0,0.0,0.0,0.0,3.01,4.08,-1.0,0.0,0.0,0.0,3.01,-1.92,1.0,0.0,0.0,0.0,3.01,0.08,1.0,0.0,0.0,0.0,3.01,2.08,1.0,0.0,0.0,0.0,3.01,4.08,1.0,0.0,0.0,0.0,-4.9,0.85,-1.0,0.0,0.0,0.0,-4.9,2.85,-1.0,0.0,0.0,0.0,-4.9,4.85,-1.0,0.0,0.0,0.0,-4.9,6.85,-1.0,0.0,0.0,0.0,-4.9,0.85,1.0,0.0,0.0,0.0,-4.9,2.85,1.0,0.0,0.0,0.0,-4.9,4.85,1.0,0.0,0.0,0.0,-4.9,6.85,1.0,0.0,0.0,0.0,7.5,-2.3246000000000855,-0.8959999999999568,0.0,-0.5899999999998684,-0.39999999999995595,7.5,-0.3245999999999818,-0.8959999999999568,0.0,-0.5899999999999794,-0.39999999999995595,-0.55,-2.3095999999999552,2.6724000000000987,0.0,-0.8400000000001739,0.9600000000000719,0,0,0,0,0,0,0,0,0,0,0,0,0,0,0,0,0,0,0,0,0,0,0,0,0,0,0,0,0,0,0,0,0,0,0,0,0,0,0,0,0,0,0,0,0,0,0,0,0,0,0,0,0,0,0,0,0,0,0,0,0,0,0,0,0,0,0,0,0,0,0,0,0,0,0,0,0,0,0,0,0,0,0,0,0,0,0,0,0,0,0,0,0,0,0,0,0,0,0,0,0,0,0,0,0,0,0,0,0,0,0,0,0,0,0,0,0,0,0,0,0,0,0,0,0,0,0,0,0,0,0,0,0,0,0,0,0,0,0,0,0,0,0,0,0,0,0,0,0,0,0,0,0,0,0,0,0,0,0,0,0,0,0,0,0,0,0,0,0,0,0,0,0,0,0,0,0,0,0,0,0,0,0,0,0,0
7.802096305,-5.619369999999931,2.131624721699462,2.73933266321603,2.958999999999712,-0.017127660774995945,0.5863283629934379,2.9590000000000005,-0.017127660775028287,0.5863283629935166,4.841315865260731,-1.187492080653728,0.584521502197084,4.884680679765418,-0.6602878135508501,-0.8389962216855907,3.01,-1.92,-1.0,0.0,0.0,0.0,3.01,0.08,-1.0,0.0,0.0,0.0,3.01,2.08,-1.0,0.0,0.0,0.0,3.01,4.08,-1.0,0.0,0.0,0.0,3.01,-1.92,1.0,0.0,0.0,0.0,3.01,0.08,1.0,0.0,0.0,0.0,3.01,2.08,1.0,0.0,0.0,0.0,3.01,4.08,1.0,0.0,0.0,0.0,-4.9,0.85,-1.0,0.0,0.0,0.0,-4.9,2.85,-1.0,0.0,0.0,0.0,-4.9,4.85,-1.0,0.0,0.0,0.0,-4.9,6.85,-1.0,0.0,0.0,0.0,-4.9,0.85,1.0,0.0,0.0,0.0,-4.9,2.85,1.0,0.0,0.0,0.0,-4.9,4.85,1.0,0.0,0.0,0.0,-4.9,6.85,1.0,0.0,0.0,0.0,7.5,-2.3600000000000776,-0.9199999999999542,0.0,-0.5899999999998684,-0.39999999999995595,7.5,-0.35999999999998056,-0.9199999999999542,0.0,-0.5899999999999794,-0.39999999999995595,-0.55,-2.3599999999999657,2.730000000000103,0.0,-0.8400000000001739,0.9600000000000719,0,0,0,0,0,0,0,0,0,0,0,0,0,0,0,0,0,0,0,0,0,0,0,0,0,0,0,0,0,0,0,0,0,0,0,0,0,0,0,0,0,0,0,0,0,0,0,0,0,0,0,0,0,0,0,0,0,0,0,0,0,0,0,0,0,0,0,0,0,0,0,0,0,0,0,0,0,0,0,0,0,0,0,0,0,0,0,0,0,0,0,0,0,0,0,0,0,0,0,0,0,0,0,0,0,0,0,0,0,0,0,0,0,0,0,0,0,0,0,0,0,0,0,0,0,0,0,0,0,0,0,0,0,0,0,0,0,0,0,0,0,0,0,0,0,0,0,0,0,0,0,0,0,0,0,0,0,0,0,0,0,0,0,0,0,0,0,0,0,0,0,0,0,0,0,0,0,0,0,0,0,0,0,0,0,0
7.90131167,-5.379058999999958,2.133845508837458,2.7826479322555095,3.021999999999636,0.04587233922492828,0.5233283629935137,3.0220000000000007,0.04587233922497171,0.5233283629935166,4.985973300972379,0.1770608612580271,0.3483904340567232,4.8801231823834925,-0.6673376042792087,-0.8596849694382827,3.01,-1.92,-1.0,0.0,0.0,0.0,3.01,0.08,-1.0,0.0,0.0,0.0,3.01,2.08,-1.0,0.0,0.0,0.0,3.01,4.08,-1.0,0.0,0.0,0.0,3.01,-1.92,1.0,0.0,0.0,0.0,3.01,0.08,1.0,0.0,0.0,0.0,3.01,2.08,1.0,0.0,0.0,0.0,3.01,4.08,1.0,0.0,0.0,0.0,-4.9,0.85,-1.0,0.0,0.0,0.0,-4.9,2.85,-1.0,0.0,0.0,0.0,-4.9,4.85,-1.0,0.0,0.0,0.0,-4.9,6.85,-1.0,0.0,0.0,0.0,-4.9,0.85,1.0,0.0,0.0,0.0,-4.9,2.85,1.0,0.0,0.0,0.0,-4.9,4.85,1.0,0.0,0.0,0.0,-4.9,6.85,1.0,0.0,0.0,0.0,7.5,-2.407200000000067,-0.9519999999999507,0.0,-0.5899999999998684,-0.39999999999995595,7.5,-0.4071999999999789,-0.9519999999999507,0.0,-0.5899999999999794,-0.39999999999995595,-0.55,-2.4271999999999796,2.8068000000001088,0.0,-0.8400000000001739,0.9600000000000719,0,0,0,0,0,0,0,0,0,0,0,0,0,0,0,0,0,0,0,0,0,0,0,0,0,0,0,0,0,0,0,0,0,0,0,0,0,0,0,0,0,0,0,0,0,0,0,0,0,0,0,0,0,0,0,0,0,0,0,0,0,0,0,0,0,0,0,0,0,0,0,0,0,0,0,0,0,0,0,0,0,0,0,0,0,0,0,0,0,0,0,0,0,0,0,0,0,0,0,0,0,0,0,0,0,0,0,0,0,0,0,0,0,0,0,0,0,0,0,0,0,0,0,0,0,0,0,0,0,0,0,0,0,0,0,0,0,0,0,0,0,0,0,0,0,0,0,0,0,0,0,0,0,0,0,0,0,0,0,0,0,0,0,0,0,0,0,0,0,0,0,0,0,0,0,0,0,0,0,0,0,0,0,0,0,0
8.000593956,-5.132608999999953,2.1328252959754495,2.819824201294988,3.0890000000001194,-0.021127660775110968,0.45632836299347446,3.089000000000001,-0.02112766077502829,0.4563283629935166,4.916125521724332,-0.769094120251042,0.3395785487597043,4.874883140652033,-0.6763903757562675,-0.8820489921602264,3.01,-1.92,-1.0,0.0,0.0,0.0,3.01,0.08,-1.0,0.0,0.0,0.0,3.01,2.08,-1.0,0.0,0.0,0.0,3.01,4.08,-1.0,0.0,0.0,0.0,3.01,-1.92,1.0,0.0,0.0,0.0,3.01,0.08,1.0,0.0,0.0,0.0,3.01,2.08,1.0,0.0,0.0,0.0,3.01,4.08,1.0,0.0,0.0,0.0,-4.9,0.85,-1.0,0.0,0.0,0.0,-4.9,2.85,-1.0,0.0,0.0,0.0,-4.9,4.85,-1.0,0.0,0.0,0.0,-4.9,6.85,-1.0,0.0,0.0,0.0,-4.9,0.85,1.0,0.0,0.0,0.0,-4.9,2.85,1.0,0.0,0.0,0.0,-4.9,4.85,1.0,0.0,0.0,0.0,-4.9,6.85,1.0,0.0,0.0,0.0,7.5,-2.4544000000000565,-0.9839999999999471,0.0,-0.5899999999998684,-0.39999999999995595,7.5,-0.45439999999997727,-0.9839999999999471,0.0,-0.5899999999999794,-0.39999999999995595,-0.55,-2.4943999999999935,2.8836000000001145,0.0,-0.8400000000001739,0.9600000000000719,0,0,0,0,0,0,0,0,0,0,0,0,0,0,0,0,0,0,0,0,0,0,0,0,0,0,0,0,0,0,0,0,0,0,0,0,0,0,0,0,0,0,0,0,0,0,0,0,0,0,0,0,0,0,0,0,0,0,0,0,0,0,0,0,0,0,0,0,0,0,0,0,0,0,0,0,0,0,0,0,0,0,0,0,0,0,0,0,0,0,0,0,0,0,0,0,0,0,0,0,0,0,0,0,0,0,0,0,0,0,0,0,0,0,0,0,0,0,0,0,0,0,0,0,0,0,0,0,0,0,0,0,0,0,0,0,0,0,0,0,0,0,0,0,0,0,0,0,0,0,0,0,0,0,0,0,0,0,0,0,0,0,0,0,0,0,0,0,0,0,0,0,0,0,0,0,0,0,0,0,0,0,0,0,0,0
8.102091167,-4.8798189999999595,2.1254650831134563,2.8506604703344816,3.169999999999895,-0.10212766077488666,0.37532836299369876,3.170000000000001,-0.1021276607750283,0.3753283629935166,4.998364677830342,-0.5577783659728981,0.21800182613438768,4.868721341604695,-0.6864661000843298,-0.9079189342876317,3.01,-1.92,-1.0,0.0,0.0,0.0,3.01,0.08,-1.0,0.0,0.0,0.0,3.01,2.08,-1.0,0.0,0.0,0.0,3.01,4.08,-1.0,0.0,0.0,0.0,3.01,-1.92,1.0,0.0,0.0,0.0,3.01,0.08,1.0,0.0,0.0,0.0,3.01,2.08,1.0,0.0,0.0,0.0,3.01,4.08,1.0,0.0,0.0,0.0,-4.9,0.85,-1.0,0.0,0.0,0.0,-4.9,2.85,-1.0,0.0,0.0,0.0,-4.9,4.85,-1.0,0.0,0.0,0.0,-4.9,6.85,-1.0,0.0,0.0,0.0,-4.9,0.85,1.0,0.0,0.0,0.0,-4.9,2.85,1.0,0.0,0.0,0.0,-4.9,4.85,1.0,0.0,0.0,0.0,-4.9,6.85,1.0,0.0,0.0,0.0,7.5,-2.501600000000046,-1.0159999999999436,0.0,-0.5899999999998684,-0.39999999999995595,7.5,-0.5015999999999756,-1.0159999999999436,0.0,-0.5899999999999794,-0.39999999999995595,-0.55,-2.5616000000000074,2.9604000000001203,0.0,-0.8400000000001739,0.9600000000000719,0,0,0,0,0,0,0,0,0,0,0,0,0,0,0,0,0,0,0,0,0,0,0,0,0,0,0,0,0,0,0,0,0,0,0,0,0,0,0,0,0,0,0,0,0,0,0,0,0,0,0,0,0,0,0,0,0,0,0,0,0,0,0,0,0,0,0,0,0,0,0,0,0,0,0,0,0,0,0,0,0,0,0,0,0,0,0,0,0,0,0,0,0,0,0,0,0,0,0,0,0,0,0,0,0,0,0,0,0,0,0,0,0,0,0,0,0,0,0,0,0,0,0,0,0,0,0,0,0,0,0,0,0,0,0,0,0,0,0,0,0,0,0,0,0,0,0,0,0,0,0,0,0,0,0,0,0,0,0,0,0,0,0,0,0,0,0,0,0,0,0,0,0,0,0,0,0,0,0,0,0,0,0,0,0,0
8.200423956,-4.6207789999999465,2.111854870251444,2.875246739373956,3.25500000000023,-0.18712766077522147,0.29032836299336395,3.255000000000001,-0.1871276607750283,0.29032836299351655,4.964891184560733,-0.6654764509403832,0.17693286375805828,4.862999275390899,-0.6947510593339536,-0.9319651351321785,3.01,-1.92,-1.0,0.0,0.0,0.0,3.01,0.08,-1.0,0.0,0.0,0.0,3.01,2.08,-1.0,0.0,0.0,0.0,3.01,4.08,-1.0,0.0,0.0,0.0,3.01,-1.92,1.0,0.0,0.0,0.0,3.01,0.08,1.0,0.0,0.0,0.0,3.01,2.08,1.0,0.0,0.0,0.0,3.01,4.08,1.0,0.0,0.0,0.0,-4.9,0.85,-1.0,0.0,0.0,0.0,-4.9,2.85,-1.0,0.0,0.0,0.0,-4.9,4.85,-1.0,0.0,0.0,0.0,-4.9,6.85,-1.0,0.0,0.0,0.0,-4.9,0.85,1.0,0.0,0.0,0.0,-4.9,2.85,1.0,0.0,0.0,0.0,-4.9,4.85,1.0,0.0,0.0,0.0,-4.9,6.85,1.0,0.0,0.0,0.0,7.5,-2.5488000000000355,-1.04799999999994,0.0,-0.5899999999998684,-0.39999999999995595,7.5,-0.548799999999974,-1.04799999999994,0.0,-0.5899999999999794,-0.39999999999995595,-0.55,-2.6288000000000213,3.037200000000126,0.0,-0.8400000000001739,0.9600000000000719,0,0,0,0,0,0,0,0,0,0,0,0,0,0,0,0,0,0,0,0,0,0,0,0,0,0,0,0,0,0,0,0,0,0,0,0,0,0,0,0,0,0,0,0,0,0,0,0,0,0,0,0,0,0,0,0,0,0,0,0,0,0,0,0,0,0,0,0,0,0,0,0,0,0,0,0,0,0,0,0,0,0,0,0,0,0,0,0,0,0,0,0,0,0,0,0,0,0,0,0,0,0,0,0,0,0,0,0,0,0,0,0,0,0,0,0,0,0,0,0,0,0,0,0,0,0,0,0,0,0,0,0,0,0,0,0,0,0,0,0,0,0,0,0,0,0,0,0,0,0,0,0,0,0,0,0,0,0,0,0,0,0,0,0,0,0,0,0,0,0,0,0,0,0,0,0,0,0,0,0,0,0,0,0,0,0
8.300895339,-4.355194999999942,2.0917006573894406,2.902051863051191,3.3360000000000056,-0.26812766077499717,0.34624796670845726,3.3360000000000007,-0.2681276607750283,0.3462479667083094,4.856325998116998,-0.8610133572251604,0.3462479667083094,4.857222416604616,-0.7019279702726754,-0.9563929737207908,3.01,-1.92,-1.0,0.0,0.0,0.0,3.01,0.08,-1.0,0.0,0.0,0.0,3.01,2.08,-1.0,0.0,0.0,0.0,3.01,4.08,-1.0,0.0,0.0,0.0,3.01,-1.92,1.0,0.0,0.0,0.0,3.01,0.08,1.0,0.0,0.0,0.0,3.01,2.08,1.0,0.0,0.0,0.0,3.01,4.08,1.0,0.0,0.0,0.0,-4.9,0.85,-1.0,0.0,0.0,0.0,-4.9,2.85,-1.0,0.0,0.0,0.0,-4.9,4.85,-1.0,0.0,0.0,0.0,-4.9,6.85,-1.0,0.0,0.0,0.0,-4.9,0.85,1.0,0.0,0.0,0.0,-4.9,2.85,1.0,0.0,0.0,0.0,-4.9,4.85,1.0,0.0,0.0,0.0,-4.9,6.85,1.0,0.0,0.0,0.0,7.5,-2.596000000000025,-1.0799999999999366,0.0,-0.5899999999998684,-0.39999999999995595,7.5,-0.5959999999999723,-1.0799999999999366,0.0,-0.5899999999999794,-0.39999999999995595,-0.55,-2.6960000000000353,3.1140000000001318,0.0,-0.8400000000001739,0.9600000000000719,0,0,0,0,0,0,0,0,0,0,0,0,0,0,0,0,0,0,0,0,0,0,0,0,0,0,0,0,0,0,0,0,0,0,0,0,0,0,0,0,0,0,0,0,0,0,0,0,0,0,0,0,0,0,0,0,0,0,0,0,0,0,0,0,0,0,0,0,0,0,0,0,0,0,0,0,0,0,0,0,0,0,0,0,0,0,0,0,0,0,0,0,0,0,0,0,0,0,0,0,0,0,0,0,0,0,0,0,0,0,0,0,0,0,0,0,0,0,0,0,0,0,0,0,0,0,0,0,0,0,0,0,0,0,0,0,0,0,0,0,0,0,0,0,0,0,0,0,0,0,0,0,0,0,0,0,0,0,0,0,0,0,0,0,0,0,0,0,0,0,0,0,0,0,0,0,0,0,0,0,0,0,0,0,0,0
8.401059394,-4.083134999999964,2.0650704445274317,2.9245717003878586,3.409999999999691,-0.3421276607751267,0.27224796670832774,3.4100000000000006,-0.3421276607750283,0.27224796670830936,4.823091660259337,-1.1807061722932684,0.2541107868737229,4.851625070958322,-0.7069320444849865,-0.9808064311213136,3.01,-1.92,-1.0,0.0,0.0,0.0,3.01,0.08,-1.0,0.0,0.0,0.0,3.01,2.08,-1.0,0.0,0.0,0.0,3.01,4.08,-1.0,0.0,0.0,0.0,3.01,-1.92,1.0,0.0,0.0,0.0,3.01,0.08,1.0,0.0,0.0,0.0,3.01,2.08,1.0,0.0,0.0,0.0,3.01,4.08,1.0,0.0,0.0,0.0,-4.9,0.85,-1.0,0.0,0.0,0.0,-4.9,2.85,-1.0,0.0,0.0,0.0,-4.9,4.85,-1.0,0.0,0.0,0.0,-4.9,6.85,-1.0,0.0,0.0,0.0,-4.9,0.85,1.0,0.0,0.0,0.0,-4.9,2.85,1.0,0.0,0.0,0.0,-4.9,4.85,1.0,0.0,0.0,0.0,-4.9,6.85,1.0,0.0,0.0,0.0,7.5,-2.6432000000000144,-1.111999999999933,0.0,-0.5899999999998684,-0.39999999999995595,7.5,-0.6431999999999707,-1.111999999999933,0.0,-0.5899999999999794,-0.39999999999995595,-0.55,-2.763200000000049,3.1908000000001375,0.0,-0.8400000000001739,0.9600000000000719,0,0,0,0,0,0,0,0,0,0,0,0,0,0,0,0,0,0,0,0,0,0,0,0,0,0,0,0,0,0,0,0,0,0,0,0,0,0,0,0,0,0,0,0,0,0,0,0,0,0,0,0,0,0,0,0,0,0,0,0,0,0,0,0,0,0,0,0,0,0,0,0,0,0,0,0,0,0,0,0,0,0,0,0,0,0,0,0,0,0,0,0,0,0,0,0,0,0,0,0,0,0,0,0,0,0,0,0,0,0,0,0,0,0,0,0,0,0,0,0,0,0,0,0,0,0,0,0,0,0,0,0,0,0,0,0,0,0,0,0,0,0,0,0,0,0,0,0,0,0,0,0,0,0,0,0,0,0,0,0,0,0,0,0,0,0,0,0,0,0,0,0,0,0,0,0,0,0,0,0,0,0,0,0,0,0
8.50147651,-3.8049059999999635,2.0322712316654212,2.951780537724525,3.499000000000141,-0.4311276607751324,0.3612479667083335,3.4990000000000006,-0.4311276607750283,0.3612479667083094,4.9540074439578685,-0.624787911772315,0.46800113620781314,4.8450546504031164,-0.711035849319258,-1.0098878430746532,3.01,-1.92,-1.0,0.0,0.0,0.0,3.01,0.08,-1.0,0.0,0.0,0.0,3.01,2.08,-1.0,0.0,0.0,0.0,3.01,4.08,-1.0,0.0,0.0,0.0,3.01,-1.92,1.0,0.0,0.0,0.0,3.01,0.08,1.0,0.0,0.0,0.0,3.01,2.08,1.0,0.0,0.0,0.0,3.01,4.08,1.0,0.0,0.0,0.0,-4.9,0.85,-1.0,0.0,0.0,0.0,-4.9,2.85,-1.0,0.0,0.0,0.0,-4.9,4.85,-1.0,0.0,0.0,0.0,-4.9,6.85,-1.0,0.0,0.0,0.0,-4.9,0.85,1.0,0.0,0.0,0.0,-4.9,2.85,1.0,0.0,0.0,0.0,-4.9,4.85,1.0,0.0,0.0,0.0,-4.9,6.85,1.0,0.0,0.0,0.0,7.5,-2.690400000000004,-1.1439999999999295,0.0,-0.5899999999998684,-0.39999999999995595,7.5,-0.690399999999969,-1.1439999999999295,0.0,-0.5899999999999794,-0.39999999999995595,-0.55,-2.830400000000063,3.2676000000001433,0.0,-0.8400000000001739,0.9600000000000719,0,0,0,0,0,0,0,0,0,0,0,0,0,0,0,0,0,0,0,0,0,0,0,0,0,0,0,0,0,0,0,0,0,0,0,0,0,0,0,0,0,0,0,0,0,0,0,0,0,0,0,0,0,0,0,0,0,0,0,0,0,0,0,0,0,0,0,0,0,0,0,0,0,0,0,0,0,0,0,0,0,0,0,0,0,0,0,0,0,0,0,0,0,0,0,0,0,0,0,0,0,0,0,0,0,0,0,0,0,0,0,0,0,0,0,0,0,0,0,0,0,0,0,0,0,0,0,0,0,0,0,0,0,0,0,0,0,0,0,0,0,0,0,0,0,0,0,0,0,0,0,0,0,0,0,0,0,0,0,0,0,0,0,0,0,0,0,0,0,0,0,0,0,0,0,0,0,0,0,0,0,0,0,0,0,0
8.602773222,-3.520021999999953,1.995060578990781,2.9757163750611926,3.5720000000001306,-0.4711341286081083,0.28824796670834374,3.5720000000000005,-0.47113412860810033,0.2882479667083094,4.909485112244123,-0.47113412860810033,0.09314376137009184,4.839425772412279,-0.7124804482405002,-1.0355335842872655,3.01,-1.92,-1.0,0.0,0.0,0.0,3.01,0.08,-1.0,0.0,0.0,0.0,3.01,2.08,-1.0,0.0,0.0,0.0,3.01,4.08,-1.0,0.0,0.0,0.0,3.01,-1.92,1.0,0.0,0.0,0.0,3.01,0.08,1.0,0.0,0.0,0.0,3.01,2.08,1.0,0.0,0.0,0.0,3.01,4.08,1.0,0.0,0.0,0.0,-4.9,0.85,-1.0,0.0,0.0,0.0,-4.9,2.85,-1.0,0.0,0.0,0.0,-4.9,4.85,-1.0,0.0,0.0,0.0,-4.9,6.85,-1.0,0.0,0.0,0.0,-4.9,0.85,1.0,0.0,0.0,0.0,-4.9,2.85,1.0,0.0,0.0,0.0,-4.9,4.85,1.0,0.0,0.0,0.0,-4.9,6.85,1.0,0.0,0.0,0.0,7.5,-2.7493999999999907,-1.1839999999999251,0.0,-0.5899999999998684,-0.39999999999995595,7.5,-0.7375999999999674,-1.175999999999926,0.0,-0.5899999999999794,-0.39999999999995595,-0.55,-2.897600000000077,3.344400000000149,0.0,-0.8400000000001739,0.9600000000000719,0,0,0,0,0,0,0,0,0,0,0,0,0,0,0,0,0,0,0,0,0,0,0,0,0,0,0,0,0,0,0,0,0,0,0,0,0,0,0,0,0,0,0,0,0,0,0,0,0,0,0,0,0,0,0,0,0,0,0,0,0,0,0,0,0,0,0,0,0,0,0,0,0,0,0,0,0,0,0,0,0,0,0,0,0,0,0,0,0,0,0,0,0,0,0,0,0,0,0,0,0,0,0,0,0,0,0,0,0,0,0,0,0,0,0,0,0,0,0,0,0,0,0,0,0,0,0,0,0,0,0,0,0,0,0,0,0,0,0,0,0,0,0,0,0,0,0,0,0,0,0,0,0,0,0,0,0,0,0,0,0,0,0,0,0,0,0,0,0,0,0,0,0,0,0,0,0,0,0,0,0,0,0,0,0,0
8.70178648,-3.155981999999943,1.9411071661299732,2.99844861848628,3.667000000000087,-0.5661341286080646,0.20362917162852767,3.6670000000000007,-0.5661341286081003,0.20362917162833227,4.868245927623748,-1.2535087974359151,0.20362917162833227,4.831874201358628,-0.7133292060541905,-1.0696509458860968,3.01,-1.92,-1.0,0.0,0.0,0.0,3.01,0.08,-1.0,0.0,0.0,0.0,3.01,2.08,-1.0,0.0,0.0,0.0,3.01,4.08,-1.0,0.0,0.0,0.0,3.01,-1.92,1.0,0.0,0.0,0.0,3.01,0.08,1.0,0.0,0.0,0.0,3.01,2.08,1.0,0.0,0.0,0.0,3.01,4.08,1.0,0.0,0.0,0.0,-4.9,0.85,-1.0,0.0,0.0,0.0,-4.9,2.85,-1.0,0.0,0.0,0.0,-4.9,4.85,-1.0,0.0,0.0,0.0,-4.9,6.85,-1.0,0.0,0.0,0.0,-4.9,0.85,1.0,0.0,0.0,0.0,-4.9,2.85,1.0,0.0,0.0,0.0,-4.9,4.85,1.0,0.0,0.0,0.0,-4.9,6.85,1.0,0.0,0.0,0.0,7.5,-2.79659999999998,-1.2159999999999216,0.0,-0.5899999999998684,-0.39999999999995595,7.5,-0.7965999999999653,-1.2159999999999216,0.0,-0.5899999999999794,-0.39999999999995595,-0.55,-2.9816000000000944,3.4404000000001562,0.0,-0.8400000000001739,0.9600000000000719,0,0,0,0,0,0,0,0,0,0,0,0,0,0,0,0,0,0,0,0,0,0,0,0,0,0,0,0,0,0,0,0,0,0,0,0,0,0,0,0,0,0,0,0,0,0,0,0,0,0,0,0,0,0,0,0,0,0,0,0,0,0,0,0,0,0,0,0,0,0,0,0,0,0,0,0,0,0,0,0,0,0,0,0,0,0,0,0,0,0,0,0,0,0,0,0,0,0,0,0,0,0,0,0,0,0,0,0,0,0,0,0,0,0,0,0,0,0,0,0,0,0,0,0,0,0,0,0,0,0,0,0,0,0,0,0,0,0,0,0,0,0,0,0,0,0,0,0,0,0,0,0,0,0,0,0,0,0,0,0,0,0,0,0,0,0,0,0,0,0,0,0,0,0,0,0,0,0,0,0,0,0,0,0,0,0
8.803116731,-2.857421999999948,1.9010164358413275,3.0095389522165514,3.766999999999854,-0.46613412860807557,0.10362917162831664,3.767000000000001,-0.46613412860810033,0.10362917162833227,5.055926080887638,-0.38197488621532205,0.08820858195107473,4.824753644669687,-0.7118066165351473,-1.1023083093687378,3.01,-1.92,-1.0,0.0,0.0,0.0,3.01,0.08,-1.0,0.0,0.0,0.0,3.01,2.08,-1.0,0.0,0.0,0.0,3.01,4.08,-1.0,0.0,0.0,0.0,3.01,-1.92,1.0,0.0,0.0,0.0,3.01,0.08,1.0,0.0,0.0,0.0,3.01,2.08,1.0,0.0,0.0,0.0,3.01,4.08,1.0,0.0,0.0,0.0,-4.9,0.85,-1.0,0.0,0.0,0.0,-4.9,2.85,-1.0,0.0,0.0,0.0,-4.9,4.85,-1.0,0.0,0.0,0.0,-4.9,6.85,-1.0,0.0,0.0,0.0,-4.9,0.85,1.0,0.0,0.0,0.0,-4.9,2.85,1.0,0.0,0.0,0.0,-4.9,4.85,1.0,0.0,0.0,0.0,-4.9,6.85,1.0,0.0,0.0,0.0,7.5,-2.855599999999967,-1.2559999999999172,0.0,-0.5899999999998684,-0.39999999999995595,7.5,-0.8555999999999633,-1.2559999999999172,0.0,-0.5899999999999794,-0.39999999999995595,-0.55,-3.0488000000001083,3.517200000000162,0.0,-0.8400000000001739,0.9600000000000719,0,0,0,0,0,0,0,0,0,0,0,0,0,0,0,0,0,0,0,0,0,0,0,0,0,0,0,0,0,0,0,0,0,0,0,0,0,0,0,0,0,0,0,0,0,0,0,0,0,0,0,0,0,0,0,0,0,0,0,0,0,0,0,0,0,0,0,0,0,0,0,0,0,0,0,0,0,0,0,0,0,0,0,0,0,0,0,0,0,0,0,0,0,0,0,0,0,0,0,0,0,0,0,0,0,0,0,0,0,0,0,0,0,0,0,0,0,0,0,0,0,0,0,0,0,0,0,0,0,0,0,0,0,0,0,0,0,0,0,0,0,0,0,0,0,0,0,0,0,0,0,0,0,0,0,0,0,0,0,0,0,0,0,0,0,0,0,0,0,0,0,0,0,0,0,0,0,0,0,0,0,0,0,0,0,0
8.901181092,-2.551927999999947,1.8595917055526803,3.017517409789254,3.8450000000000983,-0.5441341286080981,0.09774471582524313,3.8450000000000006,-0.5441341286081003,0.0977447158253466,4.703465645894502,-1.7107965597197166,0.0977447158253466,4.817450011050579,-0.7127901838521382,-1.1331838089351662,3.01,-1.92,-1.0,0.0,0.0,0.0,3.01,0.08,-1.0,0.0,0.0,0.0,3.01,2.08,-1.0,0.0,0.0,0.0,3.01,4.08,-1.0,0.0,0.0,0.0,3.01,-1.92,1.0,0.0,0.0,0.0,3.01,0.08,1.0,0.0,0.0,0.0,3.01,2.08,1.0,0.0,0.0,0.0,3.01,4.08,1.0,0.0,0.0,0.0,-4.9,0.85,-1.0,0.0,0.0,0.0,-4.9,2.85,-1.0,0.0,0.0,0.0,-4.9,4.85,-1.0,0.0,0.0,0.0,-4.9,6.85,-1.0,0.0,0.0,0.0,-4.9,0.85,1.0,0.0,0.0,0.0,-4.9,2.85,1.0,0.0,0.0,0.0,-4.9,4.85,1.0,0.0,0.0,0.0,-4.9,6.85,1.0,0.0,0.0,0.0,7.5,-2.890999999999959,-1.2799999999999145,0.0,-0.5899999999998684,-0.39999999999995595,7.5,-0.890999999999962,-1.2799999999999145,0.0,-0.5899999999999794,-0.39999999999995595,-0.55,-3.1160000000001222,3.5940000000001677,0.0,-0.8400000000001739,0.9600000000000719,0,0,0,0,0,0,0,0,0,0,0,0,0,0,0,0,0,0,0,0,0,0,0,0,0,0,0,0,0,0,0,0,0,0,0,0,0,0,0,0,0,0,0,0,0,0,0,0,0,0,0,0,0,0,0,0,0,0,0,0,0,0,0,0,0,0,0,0,0,0,0,0,0,0,0,0,0,0,0,0,0,0,0,0,0,0,0,0,0,0,0,0,0,0,0,0,0,0,0,0,0,0,0,0,0,0,0,0,0,0,0,0,0,0,0,0,0,0,0,0,0,0,0,0,0,0,0,0,0,0,0,0,0,0,0,0,0,0,0,0,0,0,0,0,0,0,0,0,0,0,0,0,0,0,0,0,0,0,0,0,0,0,0,0,0,0,0,0,0,0,0,0,0,0,0,0,0,0,0,0,0,0,0,0,0,0
9.000910009,-2.161667999999956,1.7994182926918754,3.025514490023707,3.9349999999998007,-0.6341341286080215,0.0699729760116341,3.9350000000000005,-0.6341341286081003,0.06997297601152663,4.969750728133481,-0.7209397017482404,0.06997297601152663,4.810308696218757,-0.7128233325226139,-1.1631049581587867,3.01,-1.92,-1.0,0.0,0.0,0.0,3.01,0.08,-1.0,0.0,0.0,0.0,3.01,2.08,-1.0,0.0,0.0,0.0,3.01,4.08,-1.0,0.0,0.0,0.0,3.01,-1.92,1.0,0.0,0.0,0.0,3.01,0.08,1.0,0.0,0.0,0.0,3.01,2.08,1.0,0.0,0.0,0.0,3.01,4.08,1.0,0.0,0.0,0.0,-4.9,0.85,-1.0,0.0,0.0,0.0,-4.9,2.85,-1.0,0.0,0.0,0.0,-4.9,4.85,-1.0,0.0,0.0,0.0,-4.9,6.85,-1.0,0.0,0.0,0.0,-4.9,0.85,1.0,0.0,0.0,0.0,-4.9,2.85,1.0,0.0,0.0,0.0,-4.9,4.85,1.0,0.0,0.0,0.0,-4.9,6.85,1.0,0.0,0.0,0.0,7.5,-2.949999999999946,-1.3199999999999101,0.0,-0.5899999999998684,-0.39999999999995595,7.5,-0.94999999999996,-1.3199999999999101,0.0,-0.5899999999999794,-0.39999999999995595,-0.55,-3.2000000000001396,3.690000000000175,0.0,-0.8400000000001739,0.9600000000000719,0,0,0,0,0,0,0,0,0,0,0,0,0,0,0,0,0,0,0,0,0,0,0,0,0,0,0,0,0,0,0,0,0,0,0,0,0,0,0,0,0,0,0,0,0,0,0,0,0,0,0,0,0,0,0,0,0,0,0,0,0,0,0,0,0,0,0,0,0,0,0,0,0,0,0,0,0,0,0,0,0,0,0,0,0,0,0,0,0,0,0,0,0,0,0,0,0,0,0,0,0,0,0,0,0,0,0,0,0,0,0,0,0,0,0,0,0,0,0,0,0,0,0,0,0,0,0,0,0,0,0,0,0,0,0,0,0,0,0,0,0,0,0,0,0,0,0,0,0,0,0,0,0,0,0,0,0,0,0,0,0,0,0,0,0,0,0,0,0,0,0,0,0,0,0,0,0,0,0,0,0,0,0,0,0,0
9.100765639,-1.8417089999999652,1.745704521235591,3.025953328104631,4.011999999999904,-0.6786571311101497,-0.0070270239884706615,4.0120000000000005,-0.6786571311102017,-0.007027023988473366,4.887579519675922,-0.6786571311102017,-0.04137282875680359,4.802493631113832,-0.7104677739175247,-1.196365523297856,3.01,-1.92,-1.0,0.0,0.0,0.0,3.01,0.08,-1.0,0.0,0.0,0.0,3.01,2.08,-1.0,0.0,0.0,0.0,3.01,4.08,-1.0,0.0,0.0,0.0,3.01,-1.92,1.0,0.0,0.0,0.0,3.01,0.08,1.0,0.0,0.0,0.0,3.01,2.08,1.0,0.0,0.0,0.0,3.01,4.08,1.0,0.0,0.0,0.0,-4.9,0.85,-1.0,0.0,0.0,0.0,-4.9,2.85,-1.0,0.0,0.0,0.0,-4.9,4.85,-1.0,0.0,0.0,0.0,-4.9,6.85,-1.0,0.0,0.0,0.0,-4.9,0.85,1.0,0.0,0.0,0.0,-4.9,2.85,1.0,0.0,0.0,0.0,-4.9,4.85,1.0,0.0,0.0,0.0,-4.9,6.85,1.0,0.0,0.0,0.0,7.5,-2.9971999999999355,-1.3519999999999066,0.0,-0.5899999999998684,-0.39999999999995595,7.5,-0.9971999999999508,-1.3519999999999066,0.0,-0.5899999999998684,-0.39999999999995595,-0.55,-3.2672000000001535,3.7668000000001807,0.0,-0.8400000000001739,0.9600000000000719,0,0,0,0,0,0,0,0,0,0,0,0,0,0,0,0,0,0,0,0,0,0,0,0,0,0,0,0,0,0,0,0,0,0,0,0,0,0,0,0,0,0,0,0,0,0,0,0,0,0,0,0,0,0,0,0,0,0,0,0,0,0,0,0,0,0,0,0,0,0,0,0,0,0,0,0,0,0,0,0,0,0,0,0,0,0,0,0,0,0,0,0,0,0,0,0,0,0,0,0,0,0,0,0,0,0,0,0,0,0,0,0,0,0,0,0,0,0,0,0,0,0,0,0,0,0,0,0,0,0,0,0,0,0,0,0,0,0,0,0,0,0,0,0,0,0,0,0,0,0,0,0,0,0,0,0,0,0,0,0,0,0,0,0,0,0,0,0,0,0,0,0,0,0,0,0,0,0,0,0,0,0,0,0,0,0
9.202681774,-1.5156159999999628,1.696544950746776,3.020258166185543,4.099000000000075,-0.5916571311102015,-0.09402702398864093,4.099,-0.5916571311102017,-0.09402702398847336,4.867751055275717,-0.5357106314979725,-0.158620002575097,4.795317720188098,-0.7067909419161345,-1.2269370509016828,3.01,-1.92,-1.0,0.0,0.0,0.0,3.01,0.08,-1.0,0.0,0.0,0.0,3.01,2.08,-1.0,0.0,0.0,0.0,3.01,4.08,-1.0,0.0,0.0,0.0,3.01,-1.92,1.0,0.0,0.0,0.0,3.01,0.08,1.0,0.0,0.0,0.0,3.01,2.08,1.0,0.0,0.0,0.0,3.01,4.08,1.0,0.0,0.0,0.0,-4.9,0.85,-1.0,0.0,0.0,0.0,-4.9,2.85,-1.0,0.0,0.0,0.0,-4.9,4.85,-1.0,0.0,0.0,0.0,-4.9,6.85,-1.0,0.0,0.0,0.0,-4.9,0.85,1.0,0.0,0.0,0.0,-4.9,2.85,1.0,0.0,0.0,0.0,-4.9,4.85,1.0,0.0,0.0,0.0,-4.9,6.85,1.0,0.0,0.0,0.0,7.5,-3.044399999999925,-1.383999999999903,0.0,-0.5899999999998684,-0.39999999999995595,7.5,-1.0443999999999403,-1.383999999999903,0.0,-0.5899999999998684,-0.39999999999995595,-0.55,-3.3344000000001675,3.8436000000001864,0.0,-0.8400000000001739,0.9600000000000719,0,0,0,0,0,0,0,0,0,0,0,0,0,0,0,0,0,0,0,0,0,0,0,0,0,0,0,0,0,0,0,0,0,0,0,0,0,0,0,0,0,0,0,0,0,0,0,0,0,0,0,0,0,0,0,0,0,0,0,0,0,0,0,0,0,0,0,0,0,0,0,0,0,0,0,0,0,0,0,0,0,0,0,0,0,0,0,0,0,0,0,0,0,0,0,0,0,0,0,0,0,0,0,0,0,0,0,0,0,0,0,0,0,0,0,0,0,0,0,0,0,0,0,0,0,0,0,0,0,0,0,0,0,0,0,0,0,0,0,0,0,0,0,0,0,0,0,0,0,0,0,0,0,0,0,0,0,0,0,0,0,0,0,0,0,0,0,0,0,0,0,0,0,0,0,0,0,0,0,0,0,0,0,0,0,0
9.302893958,-1.099364999999959,1.643730237635752,3.0172064637866916,4.186000000000022,-0.5046571311102532,-0.0070270239884706615,4.186,-0.5046571311102017,-0.007027023988473366,4.973759279944943,-0.38242527327886044,0.15055714782902818,4.776383426399245,-0.7073454980996414,-1.2983927411753267,3.01,-1.92,-1.0,0.0,0.0,0.0,3.01,0.08,-1.0,0.0,0.0,0.0,3.01,2.08,-1.0,0.0,0.0,0.0,3.01,4.08,-1.0,0.0,0.0,0.0,3.01,-1.92,1.0,0.0,0.0,0.0,3.01,0.08,1.0,0.0,0.0,0.0,3.01,2.08,1.0,0.0,0.0,0.0,3.01,4.08,1.0,0.0,0.0,0.0,-4.9,0.85,-1.0,0.0,0.0,0.0,-4.9,2.85,-1.0,0.0,0.0,0.0,-4.9,4.85,-1.0,0.0,0.0,0.0,-4.9,6.85,-1.0,0.0,0.0,0.0,-4.9,0.85,1.0,0.0,0.0,0.0,-4.9,2.85,1.0,0.0,0.0,0.0,-4.9,4.85,1.0,0.0,0.0,0.0,-4.9,6.85,1.0,0.0,0.0,0.0,7.5,-3.103399999999912,-1.4239999999998987,0.0,-0.5899999999998684,-0.39999999999995595,7.5,-1.103399999999927,-1.4239999999998987,0.0,-0.5899999999998684,-0.39999999999995595,-0.55,-3.418400000000185,3.9396000000001936,0.0,-0.8400000000001739,0.9600000000000719,0,0,0,0,0,0,0,0,0,0,0,0,0,0,0,0,0,0,0,0,0,0,0,0,0,0,0,0,0,0,0,0,0,0,0,0,0,0,0,0,0,0,0,0,0,0,0,0,0,0,0,0,0,0,0,0,0,0,0,0,0,0,0,0,0,0,0,0,0,0,0,0,0,0,0,0,0,0,0,0,0,0,0,0,0,0,0,0,0,0,0,0,0,0,0,0,0,0,0,0,0,0,0,0,0,0,0,0,0,0,0,0,0,0,0,0,0,0,0,0,0,0,0,0,0,0,0,0,0,0,0,0,0,0,0,0,0,0,0,0,0,0,0,0,0,0,0,0,0,0,0,0,0,0,0,0,0,0,0,0,0,0,0,0,0,0,0,0,0,0,0,0,0,0,0,0,0,0,0,0,0,0,0,0,0,0
9.400648322,-0.7587429999999606,1.6010989123565524,3.0109190012675935,4.27299999999997,-0.5388806885402442,-0.0937740027766587,4.273,-0.5388806885403281,-0.09377400277647752,5.051566331757776,-0.5388806885403281,-0.09377400277647752,4.776383426399245,-0.7073454980996414,-1.2983927411753267,3.01,-1.92,-1.0,0.0,0.0,0.0,3.01,0.08,-1.0,0.0,0.0,0.0,3.01,2.08,-1.0,0.0,0.0,0.0,3.01,4.08,-1.0,0.0,0.0,0.0,3.01,-1.92,1.0,0.0,0.0,0.0,3.01,0.08,1.0,0.0,0.0,0.0,3.01,2.08,1.0,0.0,0.0,0.0,3.01,4.08,1.0,0.0,0.0,0.0,-4.9,0.85,-1.0,0.0,0.0,0.0,-4.9,2.85,-1.0,0.0,0.0,0.0,-4.9,4.85,-1.0,0.0,0.0,0.0,-4.9,6.85,-1.0,0.0,0.0,0.0,-4.9,0.85,1.0,0.0,0.0,0.0,-4.9,2.85,1.0,0.0,0.0,0.0,-4.9,4.85,1.0,0.0,0.0,0.0,-4.9,6.85,1.0,0.0,0.0,0.0,7.5,-3.1505999999999013,-1.4559999999998952,0.0,-0.5899999999998684,-0.39999999999995595,7.5,-1.1505999999999166,-1.4559999999998952,0.0,-0.5899999999998684,-0.39999999999995595,-0.55,-3.4856000000001988,4.016400000000199,0.0,-0.8400000000001739,0.9600000000000719,0,0,0,0,0,0,0,0,0,0,0,0,0,0,0,0,0,0,0,0,0,0,0,0,0,0,0,0,0,0,0,0,0,0,0,0,0,0,0,0,0,0,0,0,0,0,0,0,0,0,0,0,0,0,0,0,0,0,0,0,0,0,0,0,0,0,0,0,0,0,0,0,0,0,0,0,0,0,0,0,0,0,0,0,0,0,0,0,0,0,0,0,0,0,0,0,0,0,0,0,0,0,0,0,0,0,0,0,0,0,0,0,0,0,0,0,0,0,0,0,0,0,0,0,0,0,0,0,0,0,0,0,0,0,0,0,0,0,0,0,0,0,0,0,0,0,0,0,0,0,0,0,0,0,0,0,0,0,0,0,0,0,0,0,0,0,0,0,0,0,0,0,0,0,0,0,0,0,0,0,0,0,0,0,0,0
9.501206507,-0.49853799999995996,1.5679164844720834,3.001467561101003,4.348000000000019,-0.5555392487766042,-0.1687740027764839,4.348,-0.5555392487765203,-0.16877400277647753,4.967511286479828,-0.5555392487765203,-0.3570719079479545,4.766560213065439,-0.7092659616845326,-1.3329836948805034,3.01,-1.92,-1.0,0.0,0.0,0.0,3.01,0.08,-1.0,0.0,0.0,0.0,3.01,2.08,-1.0,0.0,0.0,0.0,3.01,4.08,-1.0,0.0,0.0,0.0,3.01,-1.92,1.0,0.0,0.0,0.0,3.01,0.08,1.0,0.0,0.0,0.0,3.01,2.08,1.0,0.0,0.0,0.0,3.01,4.08,1.0,0.0,0.0,0.0,-4.9,0.85,-1.0,0.0,0.0,0.0,-4.9,2.85,-1.0,0.0,0.0,0.0,-4.9,4.85,-1.0,0.0,0.0,0.0,-4.9,6.85,-1.0,0.0,0.0,0.0,-4.9,0.85,1.0,0.0,0.0,0.0,-4.9,2.85,1.0,0.0,0.0,0.0,-4.9,4.85,1.0,0.0,0.0,0.0,-4.9,6.85,1.0,0.0,0.0,0.0,7.5,-3.1859999999998934,-1.4799999999998925,0.0,-0.5899999999998684,-0.39999999999995595,7.5,-1.1859999999999087,-1.4799999999998925,0.0,-0.5899999999998684,-0.39999999999995595,-0.55,-3.536000000000209,4.074000000000203,0.0,-0.8400000000001739,0.9600000000000719,0,0,0,0,0,0,0,0,0,0,0,0,0,0,0,0,0,0,0,0,0,0,0,0,0,0,0,0,0,0,0,0,0,0,0,0,0,0,0,0,0,0,0,0,0,0,0,0,0,0,0,0,0,0,0,0,0,0,0,0,0,0,0,0,0,0,0,0,0,0,0,0,0,0,0,0,0,0,0,0,0,0,0,0,0,0,0,0,0,0,0,0,0,0,0,0,0,0,0,0,0,0,0,0,0,0,0,0,0,0,0,0,0,0,0,0,0,0,0,0,0,0,0,0,0,0,0,0,0,0,0,0,0,0,0,0,0,0,0,0,0,0,0,0,0,0,0,0,0,0,0,0,0,0,0,0,0,0,0,0,0,0,0,0,0,0,0,0,0,0,0,0,0,0,0,0,0,0,0,0,0,0,0,0,0,0
9.602416737,-0.1465089999999592,1.519284344569959,2.9905198493624785,4.419000000000005,-0.6265392487765364,-0.12548233356302063,4.419,-0.6265392487765202,-0.12548233356304106,4.827100627695284,-1.3418551661561833,-0.12548233356304106,4.757523992352224,-0.7108592539964659,-1.3640544648952027,3.01,-1.92,-1.0,0.0,0.0,0.0,3.01,0.08,-1.0,0.0,0.0,0.0,3.01,2.08,-1.0,0.0,0.0,0.0,3.01,4.08,-1.0,0.0,0.0,0.0,3.01,-1.92,1.0,0.0,0.0,0.0,3.01,0.08,1.0,0.0,0.0,0.0,3.01,2.08,1.0,0.0,0.0,0.0,3.01,4.08,1.0,0.0,0.0,0.0,-4.9,0.85,-1.0,0.0,0.0,0.0,-4.9,2.85,-1.0,0.0,0.0,0.0,-4.9,4.85,-1.0,0.0,0.0,0.0,-4.9,6.85,-1.0,0.0,0.0,0.0,-4.9,0.85,1.0,0.0,0.0,0.0,-4.9,2.85,1.0,0.0,0.0,0.0,-4.9,4.85,1.0,0.0,0.0,0.0,-4.9,6.85,1.0,0.0,0.0,0.0,7.5,-3.233199999999883,-1.511999999999889,0.0,-0.5899999999998684,-0.39999999999995595,7.5,-1.2331999999998982,-1.511999999999889,0.0,-0.5899999999998684,-0.39999999999995595,-0.55,-3.603200000000223,4.150800000000209,0.0,-0.8400000000001739,0.9600000000000719,0,0,0,0,0,0,0,0,0,0,0,0,0,0,0,0,0,0,0,0,0,0,0,0,0,0,0,0,0,0,0,0,0,0,0,0,0,0,0,0,0,0,0,0,0,0,0,0,0,0,0,0,0,0,0,0,0,0,0,0,0,0,0,0,0,0,0,0,0,0,0,0,0,0,0,0,0,0,0,0,0,0,0,0,0,0,0,0,0,0,0,0,0,0,0,0,0,0,0,0,0,0,0,0,0,0,0,0,0,0,0,0,0,0,0,0,0,0,0,0,0,0,0,0,0,0,0,0,0,0,0,0,0,0,0,0,0,0,0,0,0,0,0,0,0,0,0,0,0,0,0,0,0,0,0,0,0,0,0,0,0,0,0,0,0,0,0,0,0,0,0,0,0,0,0,0,0,0,0,0,0,0,0,0,0,0
9.702099495,0.301727000000041,1.4629664196923118,2.9729343304744096,4.506999999999983,-0.5385392487764484,-0.19544463261533807,4.507,-0.5385392487765203,-0.1954446326155268,4.982724259775978,-0.2675300823408291,-0.1954446326155268,4.744912850353065,-0.7107427966069148,-1.4073545109977559,3.01,-1.92,-1.0,0.0,0.0,0.0,3.01,0.08,-1.0,0.0,0.0,0.0,3.01,2.08,-1.0,0.0,0.0,0.0,3.01,4.08,-1.0,0.0,0.0,0.0,3.01,-1.92,1.0,0.0,0.0,0.0,3.01,0.08,1.0,0.0,0.0,0.0,3.01,2.08,1.0,0.0,0.0,0.0,3.01,4.08,1.0,0.0,0.0,0.0,-4.9,0.85,-1.0,0.0,0.0,0.0,-4.9,2.85,-1.0,0.0,0.0,0.0,-4.9,4.85,-1.0,0.0,0.0,0.0,-4.9,6.85,-1.0,0.0,0.0,0.0,-4.9,0.85,1.0,0.0,0.0,0.0,-4.9,2.85,1.0,0.0,0.0,0.0,-4.9,4.85,1.0,0.0,0.0,0.0,-4.9,6.85,1.0,0.0,0.0,0.0,7.5,-3.2921999999998697,-1.5519999999998846,0.0,-0.5899999999998684,-0.39999999999995595,7.5,-1.292199999999885,-1.5519999999998846,0.0,-0.5899999999998684,-0.39999999999995595,-0.55,-3.6872000000002405,4.246800000000216,0.0,-0.8400000000001739,0.9600000000000719,0,0,0,0,0,0,0,0,0,0,0,0,0,0,0,0,0,0,0,0,0,0,0,0,0,0,0,0,0,0,0,0,0,0,0,0,0,0,0,0,0,0,0,0,0,0,0,0,0,0,0,0,0,0,0,0,0,0,0,0,0,0,0,0,0,0,0,0,0,0,0,0,0,0,0,0,0,0,0,0,0,0,0,0,0,0,0,0,0,0,0,0,0,0,0,0,0,0,0,0,0,0,0,0,0,0,0,0,0,0,0,0,0,0,0,0,0,0,0,0,0,0,0,0,0,0,0,0,0,0,0,0,0,0,0,0,0,0,0,0,0,0,0,0,0,0,0,0,0,0,0,0,0,0,0,0,0,0,0,0,0,0,0,0,0,0,0,0,0,0,0,0,0,0,0,0,0,0,0,0,0,0,0,0,0,0
9.80162644,0.7595550000000405,1.416240494814656,2.9462618672128706,4.606,-0.4395392487765992,-0.2944446326154093,4.606,-0.4395392487765203,-0.2944446326155268,4.943501471506673,-0.4207875521937332,-0.6564117293533003,4.73012988662299,-0.7140848006359626,-1.4546319648545734,3.01,-1.92,-1.0,0.0,0.0,0.0,3.01,0.08,-1.0,0.0,0.0,0.0,3.01,2.08,-1.0,0.0,0.0,0.0,3.01,4.08,-1.0,0.0,0.0,0.0,3.01,-1.92,1.0,0.0,0.0,0.0,3.01,0.08,1.0,0.0,0.0,0.0,3.01,2.08,1.0,0.0,0.0,0.0,3.01,4.08,1.0,0.0,0.0,0.0,-4.9,0.85,-1.0,0.0,0.0,0.0,-4.9,2.85,-1.0,0.0,0.0,0.0,-4.9,4.85,-1.0,0.0,0.0,0.0,-4.9,6.85,-1.0,0.0,0.0,0.0,-4.9,0.85,1.0,0.0,0.0,0.0,-4.9,2.85,1.0,0.0,0.0,0.0,-4.9,4.85,1.0,0.0,0.0,0.0,-4.9,6.85,1.0,0.0,0.0,0.0,7.5,-3.339399999999859,-1.583999999999881,0.0,-0.5899999999998684,-0.39999999999995595,7.5,-1.3511999999998718,-1.5919999999998802,0.0,-0.5899999999998684,-0.39999999999995595,-0.55,-3.7544000000002544,4.323600000000222,0.0,-0.8400000000001739,0.9600000000000719,0,0,0,0,0,0,0,0,0,0,0,0,0,0,0,0,0,0,0,0,0,0,0,0,0,0,0,0,0,0,0,0,0,0,0,0,0,0,0,0,0,0,0,0,0,0,0,0,0,0,0,0,0,0,0,0,0,0,0,0,0,0,0,0,0,0,0,0,0,0,0,0,0,0,0,0,0,0,0,0,0,0,0,0,0,0,0,0,0,0,0,0,0,0,0,0,0,0,0,0,0,0,0,0,0,0,0,0,0,0,0,0,0,0,0,0,0,0,0,0,0,0,0,0,0,0,0,0,0,0,0,0,0,0,0,0,0,0,0,0,0,0,0,0,0,0,0,0,0,0,0,0,0,0,0,0,0,0,0,0,0,0,0,0,0,0,0,0,0,0,0,0,0,0,0,0,0,0,0,0,0,0,0,0,0,0
9.90136611,1.1338750000000382,1.3830567630139812,2.916866296603632,4.685999999999967,-0.41242406930463993,-0.3744446326154893,4.686,-0.4124240693045711,-0.3744446326155268,4.90737092720995,-0.4124240693045711,-0.7638370755141435,4.62482849999998,-0.7085597866561046,-1.4734253782390507,3.01,-1.92,-1.0,0.0,0.0,0.0,3.01,0.08,-1.0,0.0,0.0,0.0,3.01,2.08,-1.0,0.0,0.0,0.0,3.01,4.08,-1.0,0.0,0.0,0.0,3.01,-1.92,1.0,0.0,0.0,0.0,3.01,0.08,1.0,0.0,0.0,0.0,3.01,2.08,1.0,0.0,0.0,0.0,3.01,4.08,1.0,0.0,0.0,0.0,-4.9,0.85,-1.0,0.0,0.0,0.0,-4.9,2.85,-1.0,0.0,0.0,0.0,-4.9,4.85,-1.0,0.0,0.0,0.0,-4.9,6.85,-1.0,0.0,0.0,0.0,-4.9,0.85,1.0,0.0,0.0,0.0,-4.9,2.85,1.0,0.0,0.0,0.0,-4.9,4.85,1.0,0.0,0.0,0.0,-4.9,6.85,1.0,0.0,0.0,0.0,7.5,-3.398399999999846,-1.6239999999998767,0.0,-0.5899999999998684,-0.39999999999995595,7.5,-1.3983999999998613,-1.6239999999998767,0.0,-0.5899999999998684,-0.39999999999995595,-0.55,-3.838400000000272,4.419600000000229,0.0,-0.8400000000001739,0.9600000000000719,0,0,0,0,0,0,0,0,0,0,0,0,0,0,0,0,0,0,0,0,0,0,0,0,0,0,0,0,0,0,0,0,0,0,0,0,0,0,0,0,0,0,0,0,0,0,0,0,0,0,0,0,0,0,0,0,0,0,0,0,0,0,0,0,0,0,0,0,0,0,0,0,0,0,0,0,0,0,0,0,0,0,0,0,0,0,0,0,0,0,0,0,0,0,0,0,0,0,0,0,0,0,0,0,0,0,0,0,0,0,0,0,0,0,0,0,0,0,0,0,0,0,0,0,0,0,0,0,0,0,0,0,0,0,0,0,0,0,0,0,0,0,0,0,0,0,0,0,0,0,0,0,0,0,0,0,0,0,0,0,0,0,0,0,0,0,0,0,0,0,0,0,0,0,0,0,0,0,0,0,0,0,0,0,0,0
10.000878568,1.5131190631199594,1.3442528374696217,2.881100725994389,4.748343758856023,-0.49542406930447314,-0.4574446326155446,4.748343758856093,-0.4954240693045711,-0.4574446326155268,4.748343758856093,-0.7691118810085578,-0.8508776598658514,4.433062499999981,-0.6915283815069906,-1.458433148301816,3.01,-1.92,-1.0,0.0,0.0,0.0,3.01,0.08,-1.0,0.0,0.0,0.0,3.01,2.08,-1.0,0.0,0.0,0.0,3.01,4.08,-1.0,0.0,0.0,0.0,3.01,-1.92,1.0,0.0,0.0,0.0,3.01,0.08,1.0,0.0,0.0,0.0,3.01,2.08,1.0,0.0,0.0,0.0,3.01,4.08,1.0,0.0,0.0,0.0,-4.9,0.85,-1.0,0.0,0.0,0.0,-4.9,2.85,-1.0,0.0,0.0,0.0,-4.9,4.85,-1.0,0.0,0.0,0.0,-4.9,6.85,-1.0,0.0,0.0,0.0,-4.9,0.85,1.0,0.0,0.0,0.0,-4.9,2.85,1.0,0.0,0.0,0.0,-4.9,4.85,1.0,0.0,0.0,0.0,-4.9,6.85,1.0,0.0,0.0,0.0,7.5,-3.4455999999998355,-1.6559999999998731,0.0,-0.5899999999998684,-0.39999999999995595,7.5,-1.4455999999998508,-1.6559999999998731,0.0,-0.5899999999998684,-0.39999999999995595,-0.55,-3.9056000000002857,4.496400000000235,0.0,-0.8400000000001739,0.9600000000000719,0,0,0,0,0,0,0,0,0,0,0,0,0,0,0,0,0,0,0,0,0,0,0,0,0,0,0,0,0,0,0,0,0,0,0,0,0,0,0,0,0,0,0,0,0,0,0,0,0,0,0,0,0,0,0,0,0,0,0,0,0,0,0,0,0,0,0,0,0,0,0,0,0,0,0,0,0,0,0,0,0,0,0,0,0,0,0,0,0,0,0,0,0,0,0,0,0,0,0,0,0,0,0,0,0,0,0,0,0,0,0,0,0,0,0,0,0,0,0,0,0,0,0,0,0,0,0,0,0,0,0,0,0,0,0,0,0,0,0,0,0,0,0,0,0,0,0,0,0,0,0,0,0,0,0,0,0,0,0,0,0,0,0,0,0,0,0,0,0,0,0,0,0,0,0,0,0,0,0,0,0,0,0,0,0,0
10.103301295,1.980833439005561,1.2902855155011306,2.828236262732834,4.659343758856017,-0.5507355072800202,-0.5464446326155503,4.659343758856092,-0.5507355072799527,-0.5464446326155268,4.620064228494946,-0.5507355072799527,-0.9811183580898892,4.21969874964574,-0.6696492983882885,-1.4382631398341168,3.01,-1.92,-1.0,0.0,0.0,0.0,3.01,0.08,-1.0,0.0,0.0,0.0,3.01,2.08,-1.0,0.0,0.0,0.0,3.01,4.08,-1.0,0.0,0.0,0.0,3.01,-1.92,1.0,0.0,0.0,0.0,3.01,0.08,1.0,0.0,0.0,0.0,3.01,2.08,1.0,0.0,0.0,0.0,3.01,4.08,1.0,0.0,0.0,0.0,-4.9,0.85,-1.0,0.0,0.0,0.0,-4.9,2.85,-1.0,0.0,0.0,0.0,-4.9,4.85,-1.0,0.0,0.0,0.0,-4.9,6.85,-1.0,0.0,0.0,0.0,-4.9,0.85,1.0,0.0,0.0,0.0,-4.9,2.85,1.0,0.0,0.0,0.0,-4.9,4.85,1.0,0.0,0.0,0.0,-4.9,6.85,1.0,0.0,0.0,0.0,7.5,-3.5045999999998223,-1.6959999999998687,0.0,-0.5899999999998684,-0.39999999999995595,7.5,-1.5045999999998376,-1.6959999999998687,0.0,-0.5899999999998684,-0.39999999999995595,-0.55,-3.9728000000002996,4.573200000000241,0.0,-0.8400000000001739,0.9600000000000719,0,0,0,0,0,0,0,0,0,0,0,0,0,0,0,0,0,0,0,0,0,0,0,0,0,0,0,0,0,0,0,0,0,0,0,0,0,0,0,0,0,0,0,0,0,0,0,0,0,0,0,0,0,0,0,0,0,0,0,0,0,0,0,0,0,0,0,0,0,0,0,0,0,0,0,0,0,0,0,0,0,0,0,0,0,0,0,0,0,0,0,0,0,0,0,0,0,0,0,0,0,0,0,0,0,0,0,0,0,0,0,0,0,0,0,0,0,0,0,0,0,0,0,0,0,0,0,0,0,0,0,0,0,0,0,0,0,0,0,0,0,0,0,0,0,0,0,0,0,0,0,0,0,0,0,0,0,0,0,0,0,0,0,0,0,0,0,0,0,0,0,0,0,0,0,0,0,0,0,0,0,0,0,0,0,0
10.203132609,2.3471909397140487,1.2526166749187393,2.7781306921235798,4.569343758856093,-0.46073550727987467,-0.6364446326156958,4.569343758856093,-0.4607355072799527,-0.6364446326155268,4.263796862116892,-0.46003661498202497,-1.2722533446965572,4.019392425252706,-0.6463022009237864,-1.4152685411192918,3.01,-1.92,-1.0,0.0,0.0,0.0,3.01,0.08,-1.0,0.0,0.0,0.0,3.01,2.08,-1.0,0.0,0.0,0.0,3.01,4.08,-1.0,0.0,0.0,0.0,3.01,-1.92,1.0,0.0,0.0,0.0,3.01,0.08,1.0,0.0,0.0,0.0,3.01,2.08,1.0,0.0,0.0,0.0,3.01,4.08,1.0,0.0,0.0,0.0,-4.9,0.85,-1.0,0.0,0.0,0.0,-4.9,2.85,-1.0,0.0,0.0,0.0,-4.9,4.85,-1.0,0.0,0.0,0.0,-4.9,6.85,-1.0,0.0,0.0,0.0,-4.9,0.85,1.0,0.0,0.0,0.0,-4.9,2.85,1.0,0.0,0.0,0.0,-4.9,4.85,1.0,0.0,0.0,0.0,-4.9,6.85,1.0,0.0,0.0,0.0,7.5,-3.5517999999998118,-1.7279999999998652,0.0,-0.5899999999998684,-0.39999999999995595,7.5,-1.551799999999827,-1.7279999999998652,0.0,-0.5899999999998684,-0.39999999999995595,-0.55,-4.056800000000317,4.669200000000248,0.0,-0.8400000000001739,0.9600000000000719,0,0,0,0,0,0,0,0,0,0,0,0,0,0,0,0,0,0,0,0,0,0,0,0,0,0,0,0,0,0,0,0,0,0,0,0,0,0,0,0,0,0,0,0,0,0,0,0,0,0,0,0,0,0,0,0,0,0,0,0,0,0,0,0,0,0,0,0,0,0,0,0,0,0,0,0,0,0,0,0,0,0,0,0,0,0,0,0,0,0,0,0,0,0,0,0,0,0,0,0,0,0,0,0,0,0,0,0,0,0,0,0,0,0,0,0,0,0,0,0,0,0,0,0,0,0,0,0,0,0,0,0,0,0,0,0,0,0,0,0,0,0,0,0,0,0,0,0,0,0,0,0,0,0,0,0,0,0,0,0,0,0,0,0,0,0,0,0,0,0,0,0,0,0,0,0,0,0,0,0,0,0,0,0,0,0
10.301347616,2.707402440422537,1.2104218343363504,2.721879121514325,4.477343758856111,-0.5527355072798557,-0.7284446326156768,4.477343758856093,-0.5527355072799527,-0.7284446326155267,4.019392425252706,-0.6463022009237864,-1.4152685411192918,3.82183518638412,-0.6258476019520898,-1.3884289014291746,3.01,-1.92,-1.0,0.0,0.0,0.0,3.01,0.08,-1.0,0.0,0.0,0.0,3.01,2.08,-1.0,0.0,0.0,0.0,3.01,4.08,-1.0,0.0,0.0,0.0,3.01,-1.92,1.0,0.0,0.0,0.0,3.01,0.08,1.0,0.0,0.0,0.0,3.01,2.08,1.0,0.0,0.0,0.0,3.01,4.08,1.0,0.0,0.0,0.0,-4.9,0.85,-1.0,0.0,0.0,0.0,-4.9,2.85,-1.0,0.0,0.0,0.0,-4.9,4.85,-1.0,0.0,0.0,0.0,-4.9,6.85,-1.0,0.0,0.0,0.0,-4.9,0.85,1.0,0.0,0.0,0.0,-4.9,2.85,1.0,0.0,0.0,0.0,-4.9,4.85,1.0,0.0,0.0,0.0,-4.9,6.85,1.0,0.0,0.0,0.0,7.5,-3.5989999999998012,-1.7599999999998617,0.0,-0.5899999999998684,-0.39999999999995595,7.5,-1.5989999999998166,-1.7599999999998617,0.0,-0.5899999999998684,-0.39999999999995595,-0.55,-4.124000000000331,4.746000000000254,0.0,-0.8400000000001739,0.9600000000000719,0,0,0,0,0,0,0,0,0,0,0,0,0,0,0,0,0,0,0,0,0,0,0,0,0,0,0,0,0,0,0,0,0,0,0,0,0,0,0,0,0,0,0,0,0,0,0,0,0,0,0,0,0,0,0,0,0,0,0,0,0,0,0,0,0,0,0,0,0,0,0,0,0,0,0,0,0,0,0,0,0,0,0,0,0,0,0,0,0,0,0,0,0,0,0,0,0,0,0,0,0,0,0,0,0,0,0,0,0,0,0,0,0,0,0,0,0,0,0,0,0,0,0,0,0,0,0,0,0,0,0,0,0,0,0,0,0,0,0,0,0,0,0,0,0,0,0,0,0,0,0,0,0,0,0,0,0,0,0,0,0,0,0,0,0,0,0,0,0,0,0,0,0,0,0,0,0,0,0,0,0,0,0,0,0,0
10.407143247,3.148818816308131,1.1494455402239332,2.642716658252775,4.396343758855892,-0.6258476019520565,-0.8094446326154525,4.3963437588560925,-0.6258476019520898,-0.8094446326155267,3.82183518638412,-0.6258476019520898,-1.3884289014291746,3.614957373476739,-0.6013417686172162,-1.3558404483288529,3.01,-1.92,-1.0,0.0,0.0,0.0,3.01,0.08,-1.0,0.0,0.0,0.0,3.01,2.08,-1.0,0.0,0.0,0.0,3.01,4.08,-1.0,0.0,0.0,0.0,3.01,-1.92,1.0,0.0,0.0,0.0,3.01,0.08,1.0,0.0,0.0,0.0,3.01,2.08,1.0,0.0,0.0,0.0,3.01,4.08,1.0,0.0,0.0,0.0,-4.9,0.85,-1.0,0.0,0.0,0.0,-4.9,2.85,-1.0,0.0,0.0,0.0,-4.9,4.85,-1.0,0.0,0.0,0.0,-4.9,6.85,-1.0,0.0,0.0,0.0,-4.9,0.85,1.0,0.0,0.0,0.0,-4.9,2.85,1.0,0.0,0.0,0.0,-4.9,4.85,1.0,0.0,0.0,0.0,-4.9,6.85,1.0,0.0,0.0,0.0,7.5,-3.657999999999788,-1.7999999999998573,0.0,-0.5899999999998684,-0.39999999999995595,7.5,-1.6579999999998034,-1.7999999999998573,0.0,-0.5899999999998684,-0.39999999999995595,-0.55,-4.208000000000348,4.842000000000261,0.0,-0.8400000000001739,0.9600000000000719,0,0,0,0,0,0,0,0,0,0,0,0,0,0,0,0,0,0,0,0,0,0,0,0,0,0,0,0,0,0,0,0,0,0,0,0,0,0,0,0,0,0,0,0,0,0,0,0,0,0,0,0,0,0,0,0,0,0,0,0,0,0,0,0,0,0,0,0,0,0,0,0,0,0,0,0,0,0,0,0,0,0,0,0,0,0,0,0,0,0,0,0,0,0,0,0,0,0,0,0,0,0,0,0,0,0,0,0,0,0,0,0,0,0,0,0,0,0,0,0,0,0,0,0,0,0,0,0,0,0,0,0,0,0,0,0,0,0,0,0,0,0,0,0,0,0,0,0,0,0,0,0,0,0,0,0,0,0,0,0,0,0,0,0,0,0,0,0,0,0,0,0,0,0,0,0,0,0,0,0,0,0,0,0,0,0
10.501364605,3.4082494418394984,1.1131199757735497,2.5897999802958394,4.309343758856166,-0.6013417686172584,-0.8964446326156228,4.309343758856093,-0.6013417686172162,-0.8964446326155266,3.614957373476739,-0.6013417686172162,-1.3558404483288529,3.4277887637253626,-0.5750356939129426,-1.3217630514426952,3.01,-1.92,-1.0,0.0,0.0,0.0,3.01,0.08,-1.0,0.0,0.0,0.0,3.01,2.08,-1.0,0.0,0.0,0.0,3.01,4.08,-1.0,0.0,0.0,0.0,3.01,-1.92,1.0,0.0,0.0,0.0,3.01,0.08,1.0,0.0,0.0,0.0,3.01,2.08,1.0,0.0,0.0,0.0,3.01,4.08,1.0,0.0,0.0,0.0,-4.9,0.85,-1.0,0.0,0.0,0.0,-4.9,2.85,-1.0,0.0,0.0,0.0,-4.9,4.85,-1.0,0.0,0.0,0.0,-4.9,6.85,-1.0,0.0,0.0,0.0,-4.9,0.85,1.0,0.0,0.0,0.0,-4.9,2.85,1.0,0.0,0.0,0.0,-4.9,4.85,1.0,0.0,0.0,0.0,-4.9,6.85,1.0,0.0,0.0,0.0,7.5,-3.69339999999978,-1.8239999999998546,0.0,-0.5899999999998684,-0.39999999999995595,7.5,-1.6933999999997955,-1.8239999999998546,0.0,-0.5899999999998684,-0.39999999999995595,-0.55,-4.258400000000359,4.899600000000265,0.0,-0.8400000000001739,0.9600000000000719,0,0,0,0,0,0,0,0,0,0,0,0,0,0,0,0,0,0,0,0,0,0,0,0,0,0,0,0,0,0,0,0,0,0,0,0,0,0,0,0,0,0,0,0,0,0,0,0,0,0,0,0,0,0,0,0,0,0,0,0,0,0,0,0,0,0,0,0,0,0,0,0,0,0,0,0,0,0,0,0,0,0,0,0,0,0,0,0,0,0,0,0,0,0,0,0,0,0,0,0,0,0,0,0,0,0,0,0,0,0,0,0,0,0,0,0,0,0,0,0,0,0,0,0,0,0,0,0,0,0,0,0,0,0,0,0,0,0,0,0,0,0,0,0,0,0,0,0,0,0,0,0,0,0,0,0,0,0,0,0,0,0,0,0,0,0,0,0,0,0,0,0,0,0,0,0,0,0,0,0,0,0,0,0,0,0
10.602238735,3.7489469425479807,1.0663279380193855,2.5140344096866007,4.228343758855945,-0.5750356939129286,-0.9774446326153985,4.228343758856092,-0.5750356939129426,-0.9774446326155266,3.4277887637253626,-0.5750356939129426,-1.3217630514426952,3.2678645446476855,-0.5526512663907627,-1.2890731000359181,3.01,-1.92,-1.0,0.0,0.0,0.0,3.01,0.08,-1.0,0.0,0.0,0.0,3.01,2.08,-1.0,0.0,0.0,0.0,3.01,4.08,-1.0,0.0,0.0,0.0,3.01,-1.92,1.0,0.0,0.0,0.0,3.01,0.08,1.0,0.0,0.0,0.0,3.01,2.08,1.0,0.0,0.0,0.0,3.01,4.08,1.0,0.0,0.0,0.0,-4.9,0.85,-1.0,0.0,0.0,0.0,-4.9,2.85,-1.0,0.0,0.0,0.0,-4.9,4.85,-1.0,0.0,0.0,0.0,-4.9,6.85,-1.0,0.0,0.0,0.0,-4.9,0.85,1.0,0.0,0.0,0.0,-4.9,2.85,1.0,0.0,0.0,0.0,-4.9,4.85,1.0,0.0,0.0,0.0,-4.9,6.85,1.0,0.0,0.0,0.0,7.5,-3.7405999999997697,-1.855999999999851,0.0,-0.5899999999998684,-0.39999999999995595,7.5,-1.740599999999785,-1.855999999999851,0.0,-0.5899999999998684,-0.39999999999995595,-0.55,-4.325600000000373,4.976400000000271,0.0,-0.8400000000001739,0.9600000000000719,0,0,0,0,0,0,0,0,0,0,0,0,0,0,0,0,0,0,0,0,0,0,0,0,0,0,0,0,0,0,0,0,0,0,0,0,0,0,0,0,0,0,0,0,0,0,0,0,0,0,0,0,0,0,0,0,0,0,0,0,0,0,0,0,0,0,0,0,0,0,0,0,0,0,0,0,0,0,0,0,0,0,0,0,0,0,0,0,0,0,0,0,0,0,0,0,0,0,0,0,0,0,0,0,0,0,0,0,0,0,0,0,0,0,0,0,0,0,0,0,0,0,0,0,0,0,0,0,0,0,0,0,0,0,0,0,0,0,0,0,0,0,0,0,0,0,0,0,0,0,0,0,0,0,0,0,0,0,0,0,0,0,0,0,0,0,0,0,0,0,0,0,0,0,0,0,0,0,0,0,0,0,0,0,0,0
10.700524151,4.166157318433596,1.0104808162647374,2.4106659464250635,4.152343758856425,-0.5526512663907024,-1.0534446326153635,4.152343758856093,-0.5526512663907627,-1.0534446326155267,3.2678645446476855,-0.5526512663907627,-1.2890731000359181,3.09381395053459,-0.5288512013053458,-1.2496863700986849,3.01,-1.92,-1.0,0.0,0.0,0.0,3.01,0.08,-1.0,0.0,0.0,0.0,3.01,2.08,-1.0,0.0,0.0,0.0,3.01,4.08,-1.0,0.0,0.0,0.0,3.01,-1.92,1.0,0.0,0.0,0.0,3.01,0.08,1.0,0.0,0.0,0.0,3.01,2.08,1.0,0.0,0.0,0.0,3.01,4.08,1.0,0.0,0.0,0.0,-4.9,0.85,-1.0,0.0,0.0,0.0,-4.9,2.85,-1.0,0.0,0.0,0.0,-4.9,4.85,-1.0,0.0,0.0,0.0,-4.9,6.85,-1.0,0.0,0.0,0.0,-4.9,0.85,1.0,0.0,0.0,0.0,-4.9,2.85,1.0,0.0,0.0,0.0,-4.9,4.85,1.0,0.0,0.0,0.0,-4.9,6.85,1.0,0.0,0.0,0.0,7.5,-3.7995999999997565,-1.8959999999998467,0.0,-0.5899999999998684,-0.39999999999995595,7.5,-1.7995999999997718,-1.8959999999998467,0.0,-0.5899999999998684,-0.39999999999995595,-0.55,-4.40960000000039,5.072400000000278,0.0,-0.8400000000001739,0.9600000000000719,0,0,0,0,0,0,0,0,0,0,0,0,0,0,0,0,0,0,0,0,0,0,0,0,0,0,0,0,0,0,0,0,0,0,0,0,0,0,0,0,0,0,0,0,0,0,0,0,0,0,0,0,0,0,0,0,0,0,0,0,0,0,0,0,0,0,0,0,0,0,0,0,0,0,0,0,0,0,0,0,0,0,0,0,0,0,0,0,0,0,0,0,0,0,0,0,0,0,0,0,0,0,0,0,0,0,0,0,0,0,0,0,0,0,0,0,0,0,0,0,0,0,0,0,0,0,0,0,0,0,0,0,0,0,0,0,0,0,0,0,0,0,0,0,0,0,0,0,0,0,0,0,0,0,0,0,0,0,0,0,0,0,0,0,0,0,0,0,0,0,0,0,0,0,0,0,0,0,0,0,0,0,0,0,0,0
10.8013362,4.4926028191420695,0.9678395192491176,2.320648375815823,4.065343758855811,-0.5288512013053026,-1.1404446326155337,4.065343758856093,-0.5288512013053458,-1.1404446326155266,3.09381395053459,-0.5288512013053458,-1.2496863700986849,2.9127950970243455,-0.5046948968855036,-1.2042534285799162,3.01,-1.92,-1.0,0.0,0.0,0.0,3.01,0.08,-1.0,0.0,0.0,0.0,3.01,2.08,-1.0,0.0,0.0,0.0,3.01,4.08,-1.0,0.0,0.0,0.0,3.01,-1.92,1.0,0.0,0.0,0.0,3.01,0.08,1.0,0.0,0.0,0.0,3.01,2.08,1.0,0.0,0.0,0.0,3.01,4.08,1.0,0.0,0.0,0.0,-4.9,0.85,-1.0,0.0,0.0,0.0,-4.9,2.85,-1.0,0.0,0.0,0.0,-4.9,4.85,-1.0,0.0,0.0,0.0,-4.9,6.85,-1.0,0.0,0.0,0.0,-4.9,0.85,1.0,0.0,0.0,0.0,-4.9,2.85,1.0,0.0,0.0,0.0,-4.9,4.85,1.0,0.0,0.0,0.0,-4.9,6.85,1.0,0.0,0.0,0.0,7.5,-3.846799999999746,-1.9279999999998432,0.0,-0.5899999999998684,-0.39999999999995595,7.5,-1.8467999999997613,-1.9279999999998432,0.0,-0.5899999999998684,-0.39999999999995595,-0.55,-4.476800000000404,5.149200000000284,0.0,-0.8400000000001739,0.9600000000000719,0,0,0,0,0,0,0,0,0,0,0,0,0,0,0,0,0,0,0,0,0,0,0,0,0,0,0,0,0,0,0,0,0,0,0,0,0,0,0,0,0,0,0,0,0,0,0,0,0,0,0,0,0,0,0,0,0,0,0,0,0,0,0,0,0,0,0,0,0,0,0,0,0,0,0,0,0,0,0,0,0,0,0,0,0,0,0,0,0,0,0,0,0,0,0,0,0,0,0,0,0,0,0,0,0,0,0,0,0,0,0,0,0,0,0,0,0,0,0,0,0,0,0,0,0,0,0,0,0,0,0,0,0,0,0,0,0,0,0,0,0,0,0,0,0,0,0,0,0,0,0,0,0,0,0,0,0,0,0,0,0,0,0,0,0,0,0,0,0,0,0,0,0,0,0,0,0,0,0,0,0,0,0,0,0,0
10.901422136,4.812726319850542,0.9269324888010397,2.2257118950406483,3.9773437588559446,-0.504694896885538,-1.2042534285798823,3.977343758856093,-0.5046948968855036,-1.2042534285799162,2.9127950970243455,-0.5046948968855036,-1.2042534285799162,2.7313391997552583,-0.48101107801737963,-1.1540517424285262,3.01,-1.92,-1.0,0.0,0.0,0.0,3.01,0.08,-1.0,0.0,0.0,0.0,3.01,2.08,-1.0,0.0,0.0,0.0,3.01,4.08,-1.0,0.0,0.0,0.0,3.01,-1.92,1.0,0.0,0.0,0.0,3.01,0.08,1.0,0.0,0.0,0.0,3.01,2.08,1.0,0.0,0.0,0.0,3.01,4.08,1.0,0.0,0.0,0.0,-4.9,0.85,-1.0,0.0,0.0,0.0,-4.9,2.85,-1.0,0.0,0.0,0.0,-4.9,4.85,-1.0,0.0,0.0,0.0,-4.9,6.85,-1.0,0.0,0.0,0.0,-4.9,0.85,1.0,0.0,0.0,0.0,-4.9,2.85,1.0,0.0,0.0,0.0,-4.9,4.85,1.0,0.0,0.0,0.0,-4.9,6.85,1.0,0.0,0.0,0.0,7.5,-3.8939999999997355,-1.9599999999998396,0.0,-0.5899999999998684,-0.39999999999995595,7.5,-1.8939999999997508,-1.9599999999998396,0.0,-0.5899999999998684,-0.39999999999995595,-0.55,-4.544000000000418,5.2260000000002895,0.0,-0.8400000000001739,0.9600000000000719,0,0,0,0,0,0,0,0,0,0,0,0,0,0,0,0,0,0,0,0,0,0,0,0,0,0,0,0,0,0,0,0,0,0,0,0,0,0,0,0,0,0,0,0,0,0,0,0,0,0,0,0,0,0,0,0,0,0,0,0,0,0,0,0,0,0,0,0,0,0,0,0,0,0,0,0,0,0,0,0,0,0,0,0,0,0,0,0,0,0,0,0,0,0,0,0,0,0,0,0,0,0,0,0,0,0,0,0,0,0,0,0,0,0,0,0,0,0,0,0,0,0,0,0,0,0,0,0,0,0,0,0,0,0,0,0,0,0,0,0,0,0,0,0,0,0,0,0,0,0,0,0,0,0,0,0,0,0,0,0,0,0,0,0,0,0,0,0,0,0,0,0,0,0,0,0,0,0,0,0,0,0,0,0,0,0
11.001447242,5.204160695736122,0.8782392855276003,2.1090516786440014,3.8933437588557496,-0.481011078017346,-1.1540517424286634,3.893343758856093,-0.48101107801737963,-1.1540517424285262,2.7313391997552583,-0.48101107801737963,-1.1540517424285262,2.5677841056421653,-0.46018572757076387,-1.105028300234555,3.01,-1.92,-1.0,0.0,0.0,0.0,3.01,0.08,-1.0,0.0,0.0,0.0,3.01,2.08,-1.0,0.0,0.0,0.0,3.01,4.08,-1.0,0.0,0.0,0.0,3.01,-1.92,1.0,0.0,0.0,0.0,3.01,0.08,1.0,0.0,0.0,0.0,3.01,2.08,1.0,0.0,0.0,0.0,3.01,4.08,1.0,0.0,0.0,0.0,-4.9,0.85,-1.0,0.0,0.0,0.0,-4.9,2.85,-1.0,0.0,0.0,0.0,-4.9,4.85,-1.0,0.0,0.0,0.0,-4.9,6.85,-1.0,0.0,0.0,0.0,-4.9,0.85,1.0,0.0,0.0,0.0,-4.9,2.85,1.0,0.0,0.0,0.0,-4.9,4.85,1.0,0.0,0.0,0.0,-4.9,6.85,1.0,0.0,0.0,0.0,7.5,-3.9529999999997223,-1.9999999999998352,0.0,-0.5899999999998684,-0.39999999999995595,7.5,-1.9529999999997376,-1.9999999999998352,0.0,-0.5899999999998684,-0.39999999999995595,-0.55,-4.628000000000435,5.322000000000297,0.0,-0.8400000000001739,0.9600000000000719,0,0,0,0,0,0,0,0,0,0,0,0,0,0,0,0,0,0,0,0,0,0,0,0,0,0,0,0,0,0,0,0,0,0,0,0,0,0,0,0,0,0,0,0,0,0,0,0,0,0,0,0,0,0,0,0,0,0,0,0,0,0,0,0,0,0,0,0,0,0,0,0,0,0,0,0,0,0,0,0,0,0,0,0,0,0,0,0,0,0,0,0,0,0,0,0,0,0,0,0,0,0,0,0,0,0,0,0,0,0,0,0,0,0,0,0,0,0,0,0,0,0,0,0,0,0,0,0,0,0,0,0,0,0,0,0,0,0,0,0,0,0,0,0,0,0,0,0,0,0,0,0,0,0,0,0,0,0,0,0,0,0,0,0,0,0,0,0,0,0,0,0,0,0,0,0,0,0,0,0,0,0,0,0,0,0
11.101171542,5.509868196444629,0.8410912217147927,2.019865039550134,3.8033437588564922,-0.46018572757078324,-1.1050283002345118,3.803343758856093,-0.46018572757076387,-1.105028300234555,2.5677841056421653,-0.46018572757076387,-1.105028300234555,2.3901689646142272,-0.4381659507479441,-1.0522373452140212,3.01,-1.92,-1.0,0.0,0.0,0.0,3.01,0.08,-1.0,0.0,0.0,0.0,3.01,2.08,-1.0,0.0,0.0,0.0,3.01,4.08,-1.0,0.0,0.0,0.0,3.01,-1.92,1.0,0.0,0.0,0.0,3.01,0.08,1.0,0.0,0.0,0.0,3.01,2.08,1.0,0.0,0.0,0.0,3.01,4.08,1.0,0.0,0.0,0.0,-4.9,0.85,-1.0,0.0,0.0,0.0,-4.9,2.85,-1.0,0.0,0.0,0.0,-4.9,4.85,-1.0,0.0,0.0,0.0,-4.9,6.85,-1.0,0.0,0.0,0.0,-4.9,0.85,1.0,0.0,0.0,0.0,-4.9,2.85,1.0,0.0,0.0,0.0,-4.9,4.85,1.0,0.0,0.0,0.0,-4.9,6.85,1.0,0.0,0.0,0.0,7.5,-4.000199999999712,-2.0319999999998317,0.0,-0.5899999999998684,-0.39999999999995595,7.5,-2.0001999999997273,-2.0319999999998317,0.0,-0.5899999999998906,-0.39999999999995595,-0.55,-4.695200000000449,5.3988000000003025,0.0,-0.8400000000001739,0.9600000000000719,0,0,0,0,0,0,0,0,0,0,0,0,0,0,0,0,0,0,0,0,0,0,0,0,0,0,0,0,0,0,0,0,0,0,0,0,0,0,0,0,0,0,0,0,0,0,0,0,0,0,0,0,0,0,0,0,0,0,0,0,0,0,0,0,0,0,0,0,0,0,0,0,0,0,0,0,0,0,0,0,0,0,0,0,0,0,0,0,0,0,0,0,0,0,0,0,0,0,0,0,0,0,0,0,0,0,0,0,0,0,0,0,0,0,0,0,0,0,0,0,0,0,0,0,0,0,0,0,0,0,0,0,0,0,0,0,0,0,0,0,0,0,0,0,0,0,0,0,0,0,0,0,0,0,0,0,0,0,0,0,0,0,0,0,0,0,0,0,0,0,0,0,0,0,0,0,0,0,0,0,0,0,0,0,0,0
11.20350243,5.883622572330229,0.7966140333353112,1.9130575763781201,3.7093437588557876,-0.4381659507479707,-1.05223734521398,3.709343758856093,-0.4381659507479441,-1.0522373452140212,2.3901689646142272,-0.4381659507479441,-1.0522373452140212,2.2165408235862616,-0.41709421790061546,-1.0016448075233082,3.01,-1.92,-1.0,0.0,0.0,0.0,3.01,0.08,-1.0,0.0,0.0,0.0,3.01,2.08,-1.0,0.0,0.0,0.0,3.01,4.08,-1.0,0.0,0.0,0.0,3.01,-1.92,1.0,0.0,0.0,0.0,3.01,0.08,1.0,0.0,0.0,0.0,3.01,2.08,1.0,0.0,0.0,0.0,3.01,4.08,1.0,0.0,0.0,0.0,-4.9,0.85,-1.0,0.0,0.0,0.0,-4.9,2.85,-1.0,0.0,0.0,0.0,-4.9,4.85,-1.0,0.0,0.0,0.0,-4.9,6.85,-1.0,0.0,0.0,0.0,-4.9,0.85,1.0,0.0,0.0,0.0,-4.9,2.85,1.0,0.0,0.0,0.0,-4.9,4.85,1.0,0.0,0.0,0.0,-4.9,6.85,1.0,0.0,0.0,0.0,7.5,-4.059199999999699,-2.0719999999998273,0.0,-0.5899999999998684,-0.39999999999995595,7.5,-2.059199999999714,-2.0719999999998273,0.0,-0.5899999999998684,-0.39999999999995595,-0.55,-4.779200000000467,5.49480000000031,0.0,-0.8400000000001739,0.9600000000000719,0,0,0,0,0,0,0,0,0,0,0,0,0,0,0,0,0,0,0,0,0,0,0,0,0,0,0,0,0,0,0,0,0,0,0,0,0,0,0,0,0,0,0,0,0,0,0,0,0,0,0,0,0,0,0,0,0,0,0,0,0,0,0,0,0,0,0,0,0,0,0,0,0,0,0,0,0,0,0,0,0,0,0,0,0,0,0,0,0,0,0,0,0,0,0,0,0,0,0,0,0,0,0,0,0,0,0,0,0,0,0,0,0,0,0,0,0,0,0,0,0,0,0,0,0,0,0,0,0,0,0,0,0,0,0,0,0,0,0,0,0,0,0,0,0,0,0,0,0,0,0,0,0,0,0,0,0,0,0,0,0,0,0,0,0,0,0,0,0,0,0,0,0,0,0,0,0,0,0,0,0,0,0,0,0,0
11.301622616,6.174809073038689,0.7629725633762479,1.8322682887862702,3.6263437588557323,-0.4170942179005932,-1.0016448075234052,3.626343758856093,-0.41709421790061546,-1.0016448075233082,2.2165408235862616,-0.41709421790061546,-1.0016448075233082,2.0581887138348853,-0.3983070166676556,-0.9565287881890601,3.01,-1.92,-1.0,0.0,0.0,0.0,3.01,0.08,-1.0,0.0,0.0,0.0,3.01,2.08,-1.0,0.0,0.0,0.0,3.01,4.08,-1.0,0.0,0.0,0.0,3.01,-1.92,1.0,0.0,0.0,0.0,3.01,0.08,1.0,0.0,0.0,0.0,3.01,2.08,1.0,0.0,0.0,0.0,3.01,4.08,1.0,0.0,0.0,0.0,-4.9,0.85,-1.0,0.0,0.0,0.0,-4.9,2.85,-1.0,0.0,0.0,0.0,-4.9,4.85,-1.0,0.0,0.0,0.0,-4.9,6.85,-1.0,0.0,0.0,0.0,-4.9,0.85,1.0,0.0,0.0,0.0,-4.9,2.85,1.0,0.0,0.0,0.0,-4.9,4.85,1.0,0.0,0.0,0.0,-4.9,6.85,1.0,0.0,0.0,0.0,7.5,-4.106399999999688,-2.103999999999824,0.0,-0.5899999999998684,-0.39999999999995595,7.5,-2.1063999999997036,-2.103999999999824,0.0,-0.5899999999998684,-0.39999999999995595,-0.55,-4.8464000000004805,5.571600000000315,0.0,-0.8400000000001739,0.9600000000000719,0,0,0,0,0,0,0,0,0,0,0,0,0,0,0,0,0,0,0,0,0,0,0,0,0,0,0,0,0,0,0,0,0,0,0,0,0,0,0,0,0,0,0,0,0,0,0,0,0,0,0,0,0,0,0,0,0,0,0,0,0,0,0,0,0,0,0,0,0,0,0,0,0,0,0,0,0,0,0,0,0,0,0,0,0,0,0,0,0,0,0,0,0,0,0,0,0,0,0,0,0,0,0,0,0,0,0,0,0,0,0,0,0,0,0,0,0,0,0,0,0,0,0,0,0,0,0,0,0,0,0,0,0,0,0,0,0,0,0,0,0,0,0,0,0,0,0,0,0,0,0,0,0,0,0,0,0,0,0,0,0,0,0,0,0,0,0,0,0,0,0,0,0,0,0,0,0,0,0,0,0,0,0,0,0,0
11.401689071,6.4598815737471496,0.7306007476095462,1.7545278532091229,3.531343758855776,-0.3983070166676539,-0.9565287881889706,3.5313437588560928,-0.3983070166676556,-0.9565287881890601,2.0581887138348853,-0.3983070166676556,-0.9565287881890601,1.8962769165658049,-0.3796093577075713,-0.9116267427592799,3.01,-1.92,-1.0,0.0,0.0,0.0,3.01,0.08,-1.0,0.0,0.0,0.0,3.01,2.08,-1.0,0.0,0.0,0.0,3.01,4.08,-1.0,0.0,0.0,0.0,3.01,-1.92,1.0,0.0,0.0,0.0,3.01,0.08,1.0,0.0,0.0,0.0,3.01,2.08,1.0,0.0,0.0,0.0,3.01,4.08,1.0,0.0,0.0,0.0,-4.9,0.85,-1.0,0.0,0.0,0.0,-4.9,2.85,-1.0,0.0,0.0,0.0,-4.9,4.85,-1.0,0.0,0.0,0.0,-4.9,6.85,-1.0,0.0,0.0,0.0,-4.9,0.85,1.0,0.0,0.0,0.0,-4.9,2.85,1.0,0.0,0.0,0.0,-4.9,4.85,1.0,0.0,0.0,0.0,-4.9,6.85,1.0,0.0,0.0,0.0,7.5,-4.1535999999996776,-2.1359999999998203,0.0,-0.5899999999998684,-0.39999999999995595,7.5,-2.153599999999693,-2.1359999999998203,0.0,-0.5899999999998684,-0.39999999999995595,-0.55,-4.9136000000004945,5.648400000000321,0.0,-0.8400000000001739,0.9600000000000719,0,0,0,0,0,0,0,0,0,0,0,0,0,0,0,0,0,0,0,0,0,0,0,0,0,0,0,0,0,0,0,0,0,0,0,0,0,0,0,0,0,0,0,0,0,0,0,0,0,0,0,0,0,0,0,0,0,0,0,0,0,0,0,0,0,0,0,0,0,0,0,0,0,0,0,0,0,0,0,0,0,0,0,0,0,0,0,0,0,0,0,0,0,0,0,0,0,0,0,0,0,0,0,0,0,0,0,0,0,0,0,0,0,0,0,0,0,0,0,0,0,0,0,0,0,0,0,0,0,0,0,0,0,0,0,0,0,0,0,0,0,0,0,0,0,0,0,0,0,0,0,0,0,0,0,0,0,0,0,0,0,0,0,0,0,0,0,0,0,0,0,0,0,0,0,0,0,0,0,0,0,0,0,0,0,0
11.500992364,6.738057074455614,0.6998019528368608,1.6805649667434934,3.455343758855811,-0.37960935770753323,-0.9116267427593527,3.4553437588560927,-0.3796093577075713,-0.9116267427592799,1.8962769165658049,-0.3796093577075713,-0.9116267427592799,1.7418084630555786,-0.36211391767143186,-0.8696116962990497,3.01,-1.92,-1.0,0.0,0.0,0.0,3.01,0.08,-1.0,0.0,0.0,0.0,3.01,2.08,-1.0,0.0,0.0,0.0,3.01,4.08,-1.0,0.0,0.0,0.0,3.01,-1.92,1.0,0.0,0.0,0.0,3.01,0.08,1.0,0.0,0.0,0.0,3.01,2.08,1.0,0.0,0.0,0.0,3.01,4.08,1.0,0.0,0.0,0.0,-4.9,0.85,-1.0,0.0,0.0,0.0,-4.9,2.85,-1.0,0.0,0.0,0.0,-4.9,4.85,-1.0,0.0,0.0,0.0,-4.9,6.85,-1.0,0.0,0.0,0.0,-4.9,0.85,1.0,0.0,0.0,0.0,-4.9,2.85,1.0,0.0,0.0,0.0,-4.9,4.85,1.0,0.0,0.0,0.0,-4.9,6.85,1.0,0.0,0.0,0.0,7.5,-4.200799999999667,-2.1679999999998167,0.0,-0.5899999999998684,-0.39999999999995595,7.5,-2.2007999999996826,-2.1679999999998167,0.0,-0.5899999999998684,-0.39999999999995595,-0.55,-4.980800000000508,5.725200000000327,0.0,-0.8400000000001739,0.9600000000000719,0,0,0,0,0,0,0,0,0,0,0,0,0,0,0,0,0,0,0,0,0,0,0,0,0,0,0,0,0,0,0,0,0,0,0,0,0,0,0,0,0,0,0,0,0,0,0,0,0,0,0,0,0,0,0,0,0,0,0,0,0,0,0,0,0,0,0,0,0,0,0,0,0,0,0,0,0,0,0,0,0,0,0,0,0,0,0,0,0,0,0,0,0,0,0,0,0,0,0,0,0,0,0,0,0,0,0,0,0,0,0,0,0,0,0,0,0,0,0,0,0,0,0,0,0,0,0,0,0,0,0,0,0,0,0,0,0,0,0,0,0,0,0,0,0,0,0,0,0,0,0,0,0,0,0,0,0,0,0,0,0,0,0,0,0,0,0,0,0,0,0,0,0,0,0,0,0,0,0,0,0,0,0,0,0,0
11.600736057,7.077485450341224,0.6630831933086743,1.5923853607662464,3.3693437588562247,-0.36211391767138057,-0.8696116962989553,3.369343758856093,-0.36211391767143186,-0.8696116962990497,1.7418084630555786,-0.36211391767143186,-0.8696116962990497,1.6033287127013462,-0.34686410155677017,-0.8329894694296719,3.01,-1.92,-1.0,0.0,0.0,0.0,3.01,0.08,-1.0,0.0,0.0,0.0,3.01,2.08,-1.0,0.0,0.0,0.0,3.01,4.08,-1.0,0.0,0.0,0.0,3.01,-1.92,1.0,0.0,0.0,0.0,3.01,0.08,1.0,0.0,0.0,0.0,3.01,2.08,1.0,0.0,0.0,0.0,3.01,4.08,1.0,0.0,0.0,0.0,-4.9,0.85,-1.0,0.0,0.0,0.0,-4.9,2.85,-1.0,0.0,0.0,0.0,-4.9,4.85,-1.0,0.0,0.0,0.0,-4.9,6.85,-1.0,0.0,0.0,0.0,-4.9,0.85,1.0,0.0,0.0,0.0,-4.9,2.85,1.0,0.0,0.0,0.0,-4.9,4.85,1.0,0.0,0.0,0.0,-4.9,6.85,1.0,0.0,0.0,0.0,7.5,-4.259799999999654,-2.2079999999998123,0.0,-0.5899999999998684,-0.39999999999995595,7.5,-2.2597999999996694,-2.2079999999998123,0.0,-0.5899999999998684,-0.39999999999995595,-0.55,-5.064800000000526,5.821200000000334,0.0,-0.8400000000001739,0.9600000000000719,0,0,0,0,0,0,0,0,0,0,0,0,0,0,0,0,0,0,0,0,0,0,0,0,0,0,0,0,0,0,0,0,0,0,0,0,0,0,0,0,0,0,0,0,0,0,0,0,0,0,0,0,0,0,0,0,0,0,0,0,0,0,0,0,0,0,0,0,0,0,0,0,0,0,0,0,0,0,0,0,0,0,0,0,0,0,0,0,0,0,0,0,0,0,0,0,0,0,0,0,0,0,0,0,0,0,0,0,0,0,0,0,0,0,0,0,0,0,0,0,0,0,0,0,0,0,0,0,0,0,0,0,0,0,0,0,0,0,0,0,0,0,0,0,0,0,0,0,0,0,0,0,0,0,0,0,0,0,0,0,0,0,0,0,0,0,0,0,0,0,0,0,0,0,0,0,0,0,0,0,0,0,0,0,0,0
11.700719393,7.341663951049705,0.6350138190457228,1.524977136447618,3.2783437588559394,-0.3468641015568208,-0.832989469429668,3.2783437588560926,-0.34686410155677017,-0.8329894694296719,1.6033287127013462,-0.34686410155677017,-0.8329894694296719,1.4545185873116755,-0.33081736881899443,-0.7944534569905253,3.01,-1.92,-1.0,0.0,0.0,0.0,3.01,0.08,-1.0,0.0,0.0,0.0,3.01,2.08,-1.0,0.0,0.0,0.0,3.01,4.08,-1.0,0.0,0.0,0.0,3.01,-1.92,1.0,0.0,0.0,0.0,3.01,0.08,1.0,0.0,0.0,0.0,3.01,2.08,1.0,0.0,0.0,0.0,3.01,4.08,1.0,0.0,0.0,0.0,-4.9,0.85,-1.0,0.0,0.0,0.0,-4.9,2.85,-1.0,0.0,0.0,0.0,-4.9,4.85,-1.0,0.0,0.0,0.0,-4.9,6.85,-1.0,0.0,0.0,0.0,-4.9,0.85,1.0,0.0,0.0,0.0,-4.9,2.85,1.0,0.0,0.0,0.0,-4.9,4.85,1.0,0.0,0.0,0.0,-4.9,6.85,1.0,0.0,0.0,0.0,7.5,-4.306999999999643,-2.239999999999809,0.0,-0.5899999999998684,-0.39999999999995595,7.5,-2.306999999999659,-2.239999999999809,0.0,-0.5899999999998684,-0.39999999999995595,-0.55,-5.13200000000054,5.89800000000034,0.0,-0.8400000000001739,0.9600000000000719,0,0,0,0,0,0,0,0,0,0,0,0,0,0,0,0,0,0,0,0,0,0,0,0,0,0,0,0,0,0,0,0,0,0,0,0,0,0,0,0,0,0,0,0,0,0,0,0,0,0,0,0,0,0,0,0,0,0,0,0,0,0,0,0,0,0,0,0,0,0,0,0,0,0,0,0,0,0,0,0,0,0,0,0,0,0,0,0,0,0,0,0,0,0,0,0,0,0,0,0,0,0,0,0,0,0,0,0,0,0,0,0,0,0,0,0,0,0,0,0,0,0,0,0,0,0,0,0,0,0,0,0,0,0,0,0,0,0,0,0,0,0,0,0,0,0,0,0,0,0,0,0,0,0,0,0,0,0,0,0,0,0,0,0,0,0,0,0,0,0,0,0,0,0,0,0,0,0,0,0,0,0,0,0,0,0
11.800860055,7.663102326935306,0.6015790540435897,1.4446839984748996,3.196343758856024,-0.33081736881901413,-0.7944534569905848,3.196343758856093,-0.33081736881899443,-0.7944534569905253,1.4545185873116755,-0.33081736881899443,-0.7944534569905253,1.3104346315673991,-0.31552482894253675,-0.7577286283984965,3.01,-1.92,-1.0,0.0,0.0,0.0,3.01,0.08,-1.0,0.0,0.0,0.0,3.01,2.08,-1.0,0.0,0.0,0.0,3.01,4.08,-1.0,0.0,0.0,0.0,3.01,-1.92,1.0,0.0,0.0,0.0,3.01,0.08,1.0,0.0,0.0,0.0,3.01,2.08,1.0,0.0,0.0,0.0,3.01,4.08,1.0,0.0,0.0,0.0,-4.9,0.85,-1.0,0.0,0.0,0.0,-4.9,2.85,-1.0,0.0,0.0,0.0,-4.9,4.85,-1.0,0.0,0.0,0.0,-4.9,6.85,-1.0,0.0,0.0,0.0,-4.9,0.85,1.0,0.0,0.0,0.0,-4.9,2.85,1.0,0.0,0.0,0.0,-4.9,4.85,1.0,0.0,0.0,0.0,-4.9,6.85,1.0,0.0,0.0,0.0,7.5,-4.36599999999963,-2.2799999999998044,0.0,-0.5899999999998684,-0.39999999999995595,7.5,-2.3659999999996457,-2.2799999999998044,0.0,-0.5899999999998684,-0.39999999999995595,-0.55,-5.216000000000557,5.994000000000347,0.0,-0.8400000000001739,0.9600000000000719,0,0,0,0,0,0,0,0,0,0,0,0,0,0,0,0,0,0,0,0,0,0,0,0,0,0,0,0,0,0,0,0,0,0,0,0,0,0,0,0,0,0,0,0,0,0,0,0,0,0,0,0,0,0,0,0,0,0,0,0,0,0,0,0,0,0,0,0,0,0,0,0,0,0,0,0,0,0,0,0,0,0,0,0,0,0,0,0,0,0,0,0,0,0,0,0,0,0,0,0,0,0,0,0,0,0,0,0,0,0,0,0,0,0,0,0,0,0,0,0,0,0,0,0,0,0,0,0,0,0,0,0,0,0,0,0,0,0,0,0,0,0,0,0,0,0,0,0,0,0,0,0,0,0,0,0,0,0,0,0,0,0,0,0,0,0,0,0,0,0,0,0,0,0,0,0,0,0,0,0,0,0,0,0,0,0
11.900758948,7.9126178276438175,0.5762147274091789,1.38377190957429,3.1103437588564375,-0.3155248289424817,-0.7577286283984019,3.110343758856093,-0.31552482894253675,-0.7577286283984965,1.3104346315673991,-0.31552482894253675,-0.7577286283984965,1.1732433521706316,-0.30128575307502337,-0.7235336794229357,3.01,-1.92,-1.0,0.0,0.0,0.0,3.01,0.08,-1.0,0.0,0.0,0.0,3.01,2.08,-1.0,0.0,0.0,0.0,3.01,4.08,-1.0,0.0,0.0,0.0,3.01,-1.92,1.0,0.0,0.0,0.0,3.01,0.08,1.0,0.0,0.0,0.0,3.01,2.08,1.0,0.0,0.0,0.0,3.01,4.08,1.0,0.0,0.0,0.0,-4.9,0.85,-1.0,0.0,0.0,0.0,-4.9,2.85,-1.0,0.0,0.0,0.0,-4.9,4.85,-1.0,0.0,0.0,0.0,-4.9,6.85,-1.0,0.0,0.0,0.0,-4.9,0.85,1.0,0.0,0.0,0.0,-4.9,2.85,1.0,0.0,0.0,0.0,-4.9,4.85,1.0,0.0,0.0,0.0,-4.9,6.85,1.0,0.0,0.0,0.0,7.5,-4.41319999999962,-2.311999999999801,0.0,-0.5899999999998684,-0.39999999999995595,7.5,-2.413199999999635,-2.311999999999801,0.0,-0.5899999999998684,-0.39999999999995595,-0.55,-5.283200000000571,6.070800000000353,0.0,-0.8400000000001739,0.9600000000000719,0,0,0,0,0,0,0,0,0,0,0,0,0,0,0,0,0,0,0,0,0,0,0,0,0,0,0,0,0,0,0,0,0,0,0,0,0,0,0,0,0,0,0,0,0,0,0,0,0,0,0,0,0,0,0,0,0,0,0,0,0,0,0,0,0,0,0,0,0,0,0,0,0,0,0,0,0,0,0,0,0,0,0,0,0,0,0,0,0,0,0,0,0,0,0,0,0,0,0,0,0,0,0,0,0,0,0,0,0,0,0,0,0,0,0,0,0,0,0,0,0,0,0,0,0,0,0,0,0,0,0,0,0,0,0,0,0,0,0,0,0,0,0,0,0,0,0,0,0,0,0,0,0,0,0,0,0,0,0,0,0,0,0,0,0,0,0,0,0,0,0,0,0,0,0,0,0,0,0,0,0,0,0,0,0,0
12.002652778,8.155925328352353,0.5518270856458307,1.3252053162409476,3.0183437588569006,-0.30128575307497574,-0.7235336794229053,3.018343758856093,-0.30128575307502337,-0.7235336794229357,1.1732433521706316,-0.30128575307502337,-0.7235336794229357,1.0296945392632373,-0.2866875019743483,-0.6884761759593523,3.01,-1.92,-1.0,0.0,0.0,0.0,3.01,0.08,-1.0,0.0,0.0,0.0,3.01,2.08,-1.0,0.0,0.0,0.0,3.01,4.08,-1.0,0.0,0.0,0.0,3.01,-1.92,1.0,0.0,0.0,0.0,3.01,0.08,1.0,0.0,0.0,0.0,3.01,2.08,1.0,0.0,0.0,0.0,3.01,4.08,1.0,0.0,0.0,0.0,-4.9,0.85,-1.0,0.0,0.0,0.0,-4.9,2.85,-1.0,0.0,0.0,0.0,-4.9,4.85,-1.0,0.0,0.0,0.0,-4.9,6.85,-1.0,0.0,0.0,0.0,-4.9,0.85,1.0,0.0,0.0,0.0,-4.9,2.85,1.0,0.0,0.0,0.0,-4.9,4.85,1.0,0.0,0.0,0.0,-4.9,6.85,1.0,0.0,0.0,0.0,7.5,-4.4721999999996065,-2.3519999999997965,0.0,-0.5899999999998684,-0.39999999999995595,7.5,-2.4603999999996247,-2.3439999999997974,0.0,-0.5899999999998684,-0.39999999999995595,-0.55,-5.350400000000585,6.1476000000003586,0.0,-0.8400000000001739,0.9600000000000719,0,0,0,0,0,0,0,0,0,0,0,0,0,0,0,0,0,0,0,0,0,0,0,0,0,0,0,0,0,0,0,0,0,0,0,0,0,0,0,0,0,0,0,0,0,0,0,0,0,0,0,0,0,0,0,0,0,0,0,0,0,0,0,0,0,0,0,0,0,0,0,0,0,0,0,0,0,0,0,0,0,0,0,0,0,0,0,0,0,0,0,0,0,0,0,0,0,0,0,0,0,0,0,0,0,0,0,0,0,0,0,0,0,0,0,0,0,0,0,0,0,0,0,0,0,0,0,0,0,0,0,0,0,0,0,0,0,0,0,0,0,0,0,0,0,0,0,0,0,0,0,0,0,0,0,0,0,0,0,0,0,0,0,0,0,0,0,0,0,0,0,0,0,0,0,0,0,0,0,0,0,0,0,0,0,0
12.102404469,8.451648704238028,0.522618200157672,1.255060571016861,2.921343758856665,-0.28668750197435866,-0.6884761759593516,2.921343758856093,-0.2866875019743483,-0.6884761759593523,1.0296945392632373,-0.2866875019743483,-0.6884761759593523,0.8961658178907648,-0.27333109351084417,-0.6564009408682775,3.01,-1.92,-1.0,0.0,0.0,0.0,3.01,0.08,-1.0,0.0,0.0,0.0,3.01,2.08,-1.0,0.0,0.0,0.0,3.01,4.08,-1.0,0.0,0.0,0.0,3.01,-1.92,1.0,0.0,0.0,0.0,3.01,0.08,1.0,0.0,0.0,0.0,3.01,2.08,1.0,0.0,0.0,0.0,3.01,4.08,1.0,0.0,0.0,0.0,-4.9,0.85,-1.0,0.0,0.0,0.0,-4.9,2.85,-1.0,0.0,0.0,0.0,-4.9,4.85,-1.0,0.0,0.0,0.0,-4.9,6.85,-1.0,0.0,0.0,0.0,-4.9,0.85,1.0,0.0,0.0,0.0,-4.9,2.85,1.0,0.0,0.0,0.0,-4.9,4.85,1.0,0.0,0.0,0.0,-4.9,6.85,1.0,0.0,0.0,0.0,7.5,-4.519399999999596,-2.383999999999793,0.0,-0.5899999999998684,-0.39999999999995595,7.5,-2.5193999999996115,-2.383999999999793,0.0,-0.5899999999998684,-0.39999999999995595,-0.55,-5.434400000000602,6.243600000000366,0.0,-0.8400000000001739,0.9600000000000719,0,0,0,0,0,0,0,0,0,0,0,0,0,0,0,0,0,0,0,0,0,0,0,0,0,0,0,0,0,0,0,0,0,0,0,0,0,0,0,0,0,0,0,0,0,0,0,0,0,0,0,0,0,0,0,0,0,0,0,0,0,0,0,0,0,0,0,0,0,0,0,0,0,0,0,0,0,0,0,0,0,0,0,0,0,0,0,0,0,0,0,0,0,0,0,0,0,0,0,0,0,0,0,0,0,0,0,0,0,0,0,0,0,0,0,0,0,0,0,0,0,0,0,0,0,0,0,0,0,0,0,0,0,0,0,0,0,0,0,0,0,0,0,0,0,0,0,0,0,0,0,0,0,0,0,0,0,0,0,0,0,0,0,0,0,0,0,0,0,0,0,0,0,0,0,0,0,0,0,0,0,0,0,0,0,0
