time_elapsed,pos_x,pos_y,pos_z,vel_x,vel_y,vel_z,cmd_vel_x,cmd_vel_y,cmd_vel_z,cmd_vel_unfiltered_x,cmd_vel_unfiltered_y,cmd_vel_unfiltered_z,desired_vel_x,desired_vel_y,desired_vel_z,obs_1_pos_x,obs_1_pos_y,obs_1_pos_z,obs_1_vel_x,obs_1_vel_y,obs_1_vel_z,obs_2_pos_x,obs_2_pos_y,obs_2_pos_z,obs_2_vel_x,obs_2_vel_y,obs_2_vel_z,obs_3_pos_x,obs_3_pos_y,obs_3_pos_z,obs_3_vel_x,obs_3_vel_y,obs_3_vel_z,obs_4_pos_x,obs_4_pos_y,obs_4_pos_z,obs_4_vel_x,obs_4_vel_y,obs_4_vel_z,obs_5_pos_x,obs_5_pos_y,obs_5_pos_z,obs_5_vel_x,obs_5_vel_y,obs_5_vel_z,obs_6_pos_x,obs_6_pos_y,obs_6_pos_z,obs_6_vel_x,obs_6_vel_y,obs_6_vel_z,obs_7_pos_x,obs_7_pos_y,obs_7_pos_z,obs_7_vel_x,obs_7_vel_y,obs_7_vel_z,obs_8_pos_x,obs_8_pos_y,obs_8_pos_z,obs_8_vel_x,obs_8_vel_y,obs_8_vel_z,obs_9_pos_x,obs_9_pos_y,obs_9_pos_z,obs_9_vel_x,obs_9_vel_y,obs_9_vel_z,obs_10_pos_x,obs_10_pos_y,obs_10_pos_z,obs_10_vel_x,obs_10_vel_y,obs_10_vel_z,obs_11_pos_x,obs_11_pos_y,obs_11_pos_z,obs_11_vel_x,obs_11_vel_y,obs_11_vel_z,obs_12_pos_x,obs_12_pos_y,obs_12_pos_z,obs_12_vel_x,obs_12_vel_y,obs_12_vel_z,obs_13_pos_x,obs_13_pos_y,obs_13_pos_z,obs_13_vel_x,obs_13_vel_y,obs_13_vel_z,obs_14_pos_x,obs_14_pos_y,obs_14_pos_z,obs_14_vel_x,obs_14_vel_y,obs_14_vel_z,obs_15_pos_x,obs_15_pos_y,obs_15_pos_z,obs_15_vel_x,obs_15_vel_y,obs_15_vel_z,obs_16_pos_x,obs_16_pos_y,obs_16_pos_z,obs_16_vel_x,obs_16_vel_y,obs_16_vel_z,obs_17_pos_x,obs_17_pos_y,obs_17_pos_z,obs_17_vel_x,obs_17_vel_y,obs_17_vel_z,obs_18_pos_x,obs_18_pos_y,obs_18_pos_z,obs_18_vel_x,obs_18_vel_y,obs_18_vel_z,obs_19_pos_x,obs_19_pos_y,obs_19_pos_z,obs_19_vel_x,obs_19_vel_y,obs_19_vel_z,obs_20_pos_x,obs_20_pos_y,obs_20_pos_z,obs_20_vel_x,obs_20_vel_y,obs_20_vel_z,obs_21_pos_x,obs_21_pos_y,obs_21_pos_z,obs_21_vel_x,obs_21_vel_y,obs_21_vel_z,obs_22_pos_x,obs_22_pos_y,obs_22_pos_z,obs_22_vel_x,obs_22_vel_y,obs_22_vel_z,obs_23_pos_x,obs_23_pos_y,obs_23_pos_z,obs_23_vel_x,obs_23_vel_y,obs_23_vel_z,obs_24_pos_x,obs_24_pos_y,obs_24_pos_z,obs_24_vel_x,obs_24_vel_y,obs_24_vel_z,obs_25_pos_x,obs_25_pos_y,obs_25_pos_z,obs_25_vel_x,obs_25_vel_y,obs_25_vel_z,obs_26_pos_x,obs_26_pos_y,obs_26_pos_z,obs_26_vel_x,obs_26_vel_y,obs_26_vel_z,obs_27_pos_x,obs_27_pos_y,obs_27_pos_z,obs_27_vel_x,obs_27_vel_y,obs_27_vel_z,obs_28_pos_x,obs_28_pos_y,obs_28_pos_z,obs_28_vel_x,obs_28_vel_y,obs_28_vel_z,obs_29_pos_x,obs_29_pos_y,obs_29_pos_z,obs_29_vel_x,obs_29_vel_y,obs_29_vel_z,obs_30_pos_x,obs_30_pos_y,obs_30_pos_z,obs_30_vel_x,obs_30_vel_y,obs_30_vel_z,obs_31_pos_x,obs_31_pos_y,obs_31_pos_z,obs_31_vel_x,obs_31_vel_y,obs_31_vel_z,obs_32_pos_x,obs_32_pos_y,obs_32_pos_z,obs_32_vel_x,obs_32_vel_y,obs_32_vel_z,obs_33_pos_x,obs_33_pos_y,obs_33_pos_z,obs_33_vel_x,obs_33_vel_y,obs_33_vel_z,obs_34_pos_x,obs_34_pos_y,obs_34_pos_z,obs_34_vel_x,obs_34_vel_y,obs_34_vel_z,obs_35_pos_x,obs_35_pos_y,obs_35_pos_z,obs_35_vel_x,obs_35_vel_y,obs_35_vel_z,obs_36_pos_x,obs_36_pos_y,obs_36_pos_z,obs_36_vel_x,obs_36_vel_y,obs_36_vel_z,obs_37_pos_x,obs_37_pos_y,obs_37_pos_z,obs_37_vel_x,obs_37_vel_y,obs_37_vel_z,obs_38_pos_x,obs_38_pos_y,obs_38_pos_z,obs_38_vel_x,obs_38_vel_y,obs_38_vel_z,obs_39_pos_x,obs_39_pos_y,obs_39_pos_z,obs_39_vel_x,obs_39_vel_y,obs_39_vel_z,obs_40_pos_x,obs_40_pos_y,obs_40_pos_z,obs_40_vel_x,obs_40_vel_y,obs_40_vel_z,obs_41_pos_x,obs_41_pos_y,obs_41_pos_z,obs_41_vel_x,obs_41_vel_y,obs_41_vel_z,obs_42_pos_x,obs_42_pos_y,obs_42_pos_z,obs_42_vel_x,obs_42_vel_y,obs_42_vel_z,obs_43_pos_x,obs_43_pos_y,obs_43_pos_z,obs_43_vel_x,obs_43_vel_y,obs_43_vel_z,obs_44_pos_x,obs_44_pos_y,obs_44_pos_z,obs_44_vel_x,obs_44_vel_y,obs_44_vel_z,obs_45_pos_x,obs_45_pos_y,obs_45_pos_z,obs_45_vel_x,obs_45_vel_y,obs_45_vel_z,obs_46_pos_x,obs_46_pos_y,obs_46_pos_z,obs_46_vel_x,obs_46_vel_y,obs_46_vel_z,obs_47_pos_x,obs_47_pos_y,obs_47_pos_z,obs_47_vel_x,obs_47_vel_y,obs_47_vel_z,obs_48_pos_x,obs_48_pos_y,obs_48_pos_z,obs_48_vel_x,obs_48_vel_y,obs_48_vel_z,obs_49_pos_x,obs_49_pos_y,obs_49_pos_z,obs_49_vel_x,obs_49_vel_y,obs_49_vel_z,obs_50_pos_x,obs_50_pos_y,obs_50_pos_z,obs_50_vel_x,obs_50_vel_y,obs_50_vel_z
3.001504762,-10.0,0.0,0.0,0.0,0.0,0.0,0.0,0.0,0.0,0.0,0.0,0.0,5.0,0.0,0.0,3.01,-6.3,-1.0,0.0,0.0,0.0,3.01,-4.3,-1.0,0.0,0.0,0.0,3.01,-2.3,-1.0,0.0,0.0,0.0,3.01,-0.3,-1.0,0.0,0.0,0.0,3.01,-6.3,1.0,0.0,0.0,0.0,3.01,-4.3,1.0,0.0,0.0,0.0,3.01,-2.3,1.0,0.0,0.0,0.0,3.01,-0.3,1.0,0.0,0.0,0.0,0.58,-2.19,-1.0,0.0,0.0,0.0,0.58,-0.19,-1.0,0.0,0.0,0.0,0.58,1.81,-1.0,0.0,0.0,0.0,0.58,3.81,-1.0,0.0,0.0,0.0,0.58,-2.19,1.0,0.0,0.0,0.0,0.58,-0.19,1.0,0.0,0.0,0.0,0.58,1.81,1.0,0.0,0.0,0.0,0.58,3.81,1.0,0.0,0.0,0.0,-3.73,-5.444000000000007,-1.2522000000000022,0.0,1.2999999999996348,0.38999999999989043,-3.73,-3.4439999999999986,-1.2522000000000022,0.0,1.3000000000000789,0.38999999999989043,6.21,-1.964599999999999,-0.3982000000000004,0.0,1.7700000000000493,0.5899999999999794,6.21,0.03540000000000005,-0.3982000000000004,0.0,1.7700000000000042,0.5899999999999794,9.47,1.6518000000000006,-0.9230000000000008,0.0,-0.9099999999999664,0.34999999999996145,9.47,3.651799999999996,-0.9230000000000008,0.0,-0.9100000000001884,0.34999999999996145,0,0,0,0,0,0,0,0,0,0,0,0,0,0,0,0,0,0,0,0,0,0,0,0,0,0,0,0,0,0,0,0,0,0,0,0,0,0,0,0,0,0,0,0,0,0,0,0,0,0,0,0,0,0,0,0,0,0,0,0,0,0,0,0,0,0,0,0,0,0,0,0,0,0,0,0,0,0,0,0,0,0,0,0,0,0,0,0,0,0,0,0,0,0,0,0,0,0,0,0,0,0,0,0,0,0,0,0,0,0,0,0,0,0,0,0,0,0,0,0,0,0,0,0,0,0,0,0,0,0,0,0,0,0,0,0,0,0,0,0,0,0,0,0,0,0,0,0,0,0,0,0,0,0,0,0,0,0,0,0,0,0,0,0,0,0,0,0
3.102055104,-9.997892000000036,-0.002107999999999999,-0.002107999999999999,0.03399999999942338,-0.03400000000000005,-0.03400000000000005,0.034,-0.034,-0.034,1.077293872833252,-0.6606662273406982,-0.43656522035598755,4.999999998829514,7.650117044999939e-05,7.650117044999939e-05,3.01,-6.3,-1.0,0.0,0.0,0.0,3.01,-4.3,-1.0,0.0,0.0,0.0,3.01,-2.3,-1.0,0.0,0.0,0.0,3.01,-0.3,-1.0,0.0,0.0,0.0,3.01,-6.3,1.0,0.0,0.0,0.0,3.01,-4.3,1.0,0.0,0.0,0.0,3.01,-2.3,1.0,0.0,0.0,0.0,3.01,-0.3,1.0,0.0,0.0,0.0,0.58,-2.19,-1.0,0.0,0.0,0.0,0.58,-0.19,-1.0,0.0,0.0,0.0,0.58,1.81,-1.0,0.0,0.0,0.0,0.58,3.81,-1.0,0.0,0.0,0.0,0.58,-2.19,1.0,0.0,0.0,0.0,0.58,-0.19,1.0,0.0,0.0,0.0,0.58,1.81,1.0,0.0,0.0,0.0,0.58,3.81,1.0,0.0,0.0,0.0,-3.73,-5.340000000000036,-1.221000000000011,0.0,1.2999999999996348,0.38999999999989043,-3.73,-3.365999999999994,-1.2288000000000088,0.0,1.3000000000000789,0.38999999999989043,6.21,-1.858399999999996,-0.3628000000000016,0.0,1.7700000000000493,0.5899999999999794,6.21,0.17700000000000107,-0.35100000000000203,0.0,1.7700000000000213,0.5899999999999794,9.47,1.5972000000000026,-0.9020000000000031,0.0,-0.9099999999999664,0.34999999999996145,9.47,3.5789999999999966,-0.8950000000000039,0.0,-0.9099999999999664,0.34999999999996145,0,0,0,0,0,0,0,0,0,0,0,0,0,0,0,0,0,0,0,0,0,0,0,0,0,0,0,0,0,0,0,0,0,0,0,0,0,0,0,0,0,0,0,0,0,0,0,0,0,0,0,0,0,0,0,0,0,0,0,0,0,0,0,0,0,0,0,0,0,0,0,0,0,0,0,0,0,0,0,0,0,0,0,0,0,0,0,0,0,0,0,0,0,0,0,0,0,0,0,0,0,0,0,0,0,0,0,0,0,0,0,0,0,0,0,0,0,0,0,0,0,0,0,0,0,0,0,0,0,0,0,0,0,0,0,0,0,0,0,0,0,0,0,0,0,0,0,0,0,0,0,0,0,0,0,0,0,0,0,0,0,0,0,0,0,0,0,0
3.203402716,-9.994062000000017,-0.005938000000000004,-0.005938000000000004,0.09900000000051534,-0.09900000000000012,-0.09900000000000012,0.099,-0.099,-0.099,1.1974401473999023,-0.8306071758270264,-0.5618417859077454,4.999999939459176,0.0005501855275016581,0.0005501855275016581,3.01,-6.3,-1.0,0.0,0.0,0.0,3.01,-4.3,-1.0,0.0,0.0,0.0,3.01,-2.3,-1.0,0.0,0.0,0.0,3.01,-0.3,-1.0,0.0,0.0,0.0,3.01,-6.3,1.0,0.0,0.0,0.0,3.01,-4.3,1.0,0.0,0.0,0.0,3.01,-2.3,1.0,0.0,0.0,0.0,3.01,-0.3,1.0,0.0,0.0,0.0,0.58,-2.19,-1.0,0.0,0.0,0.0,0.58,-0.19,-1.0,0.0,0.0,0.0,0.58,1.81,-1.0,0.0,0.0,0.0,0.58,3.81,-1.0,0.0,0.0,0.0,0.58,-2.19,1.0,0.0,0.0,0.0,0.58,-0.19,1.0,0.0,0.0,0.0,0.58,1.81,1.0,0.0,0.0,0.0,0.58,3.81,1.0,0.0,0.0,0.0,-3.73,-5.262000000000058,-1.1976000000000175,0.0,1.2999999999996348,0.38999999999989043,-3.73,-3.287999999999989,-1.2054000000000153,0.0,1.3000000000000789,0.38999999999989043,6.21,-1.752199999999993,-0.32740000000000286,0.0,1.7700000000000493,0.5899999999999794,6.21,0.24780000000000194,-0.32740000000000286,0.0,1.7700000000000213,0.5899999999999794,9.47,1.5426000000000046,-0.8810000000000054,0.0,-0.9099999999999664,0.34999999999996145,9.47,3.542599999999998,-0.8810000000000054,0.0,-0.9099999999999664,0.34999999999996145,0,0,0,0,0,0,0,0,0,0,0,0,0,0,0,0,0,0,0,0,0,0,0,0,0,0,0,0,0,0,0,0,0,0,0,0,0,0,0,0,0,0,0,0,0,0,0,0,0,0,0,0,0,0,0,0,0,0,0,0,0,0,0,0,0,0,0,0,0,0,0,0,0,0,0,0,0,0,0,0,0,0,0,0,0,0,0,0,0,0,0,0,0,0,0,0,0,0,0,0,0,0,0,0,0,0,0,0,0,0,0,0,0,0,0,0,0,0,0,0,0,0,0,0,0,0,0,0,0,0,0,0,0,0,0,0,0,0,0,0,0,0,0,0,0,0,0,0,0,0,0,0,0,0,0,0,0,0,0,0,0,0,0,0,0,0,0,0
3.301132124,-9.982762000000012,-0.017237999999999983,-0.017237999999999983,0.16399999999983095,-0.16400000000000078,-0.16400000000000078,0.164,-0.164,-0.164,1.4470899105072021,-1.071972131729126,-0.7728100419044495,4.999999235192776,0.0019555142092787343,0.0019555142092787343,3.01,-6.3,-1.0,0.0,0.0,0.0,3.01,-4.3,-1.0,0.0,0.0,0.0,3.01,-2.3,-1.0,0.0,0.0,0.0,3.01,-0.3,-1.0,0.0,0.0,0.0,3.01,-6.3,1.0,0.0,0.0,0.0,3.01,-4.3,1.0,0.0,0.0,0.0,3.01,-2.3,1.0,0.0,0.0,0.0,3.01,-0.3,1.0,0.0,0.0,0.0,0.58,-2.19,-1.0,0.0,0.0,0.0,0.58,-0.19,-1.0,0.0,0.0,0.0,0.58,1.81,-1.0,0.0,0.0,0.0,0.58,3.81,-1.0,0.0,0.0,0.0,0.58,-2.19,1.0,0.0,0.0,0.0,0.58,-0.19,1.0,0.0,0.0,0.0,0.58,1.81,1.0,0.0,0.0,0.0,0.58,3.81,1.0,0.0,0.0,0.0,-3.73,-5.18400000000008,-1.1742000000000241,0.0,1.2999999999996348,0.38999999999989043,-3.73,-3.183999999999983,-1.1742000000000241,0.0,1.3000000000000789,0.38999999999989043,6.21,-1.6105999999999892,-0.2802000000000045,0.0,1.7700000000000493,0.5899999999999794,6.21,0.38940000000000585,-0.2802000000000045,0.0,1.7700000000000493,0.5899999999999794,9.47,1.4698000000000073,-0.8530000000000085,0.0,-0.9099999999999664,0.34999999999996145,9.47,3.4698000000000007,-0.8530000000000085,0.0,-0.9099999999999664,0.34999999999996145,0,0,0,0,0,0,0,0,0,0,0,0,0,0,0,0,0,0,0,0,0,0,0,0,0,0,0,0,0,0,0,0,0,0,0,0,0,0,0,0,0,0,0,0,0,0,0,0,0,0,0,0,0,0,0,0,0,0,0,0,0,0,0,0,0,0,0,0,0,0,0,0,0,0,0,0,0,0,0,0,0,0,0,0,0,0,0,0,0,0,0,0,0,0,0,0,0,0,0,0,0,0,0,0,0,0,0,0,0,0,0,0,0,0,0,0,0,0,0,0,0,0,0,0,0,0,0,0,0,0,0,0,0,0,0,0,0,0,0,0,0,0,0,0,0,0,0,0,0,0,0,0,0,0,0,0,0,0,0,0,0,0,0,0,0,0,0,0
3.404344029,-9.960586000000031,-0.039413999999999935,-0.039413999999999935,0.23999999999979593,-0.23999999999999716,-0.23999999999999716,0.24,-0.24,-0.24,1.6348536014556885,-1.033557653427124,-0.8233246207237244,4.9999950589602395,0.004970431228306241,0.004970431228306241,3.01,-6.3,-1.0,0.0,0.0,0.0,3.01,-4.3,-1.0,0.0,0.0,0.0,3.01,-2.3,-1.0,0.0,0.0,0.0,3.01,-0.3,-1.0,0.0,0.0,0.0,3.01,-6.3,1.0,0.0,0.0,0.0,3.01,-4.3,1.0,0.0,0.0,0.0,3.01,-2.3,1.0,0.0,0.0,0.0,3.01,-0.3,1.0,0.0,0.0,0.0,0.58,-2.19,-1.0,0.0,0.0,0.0,0.58,-0.19,-1.0,0.0,0.0,0.0,0.58,1.81,-1.0,0.0,0.0,0.0,0.58,3.81,-1.0,0.0,0.0,0.0,0.58,-2.19,1.0,0.0,0.0,0.0,0.58,-0.19,1.0,0.0,0.0,0.0,0.58,1.81,1.0,0.0,0.0,0.0,0.58,3.81,1.0,0.0,0.0,0.0,-3.73,-5.054000000000117,-1.135200000000035,0.0,1.2999999999996348,0.38999999999989043,-3.73,-3.053999999999975,-1.135200000000035,0.0,1.3000000000000789,0.38999999999989043,6.21,-1.4335999999999842,-0.2212000000000052,0.0,1.7700000000000493,0.5900000000000071,6.21,0.5664000000000108,-0.2212000000000052,0.0,1.7700000000000493,0.5900000000000071,9.47,1.3788000000000107,-0.8180000000000124,0.0,-0.9099999999999664,0.34999999999996145,9.47,3.378800000000004,-0.8180000000000124,0.0,-0.9099999999999664,0.34999999999996145,0,0,0,0,0,0,0,0,0,0,0,0,0,0,0,0,0,0,0,0,0,0,0,0,0,0,0,0,0,0,0,0,0,0,0,0,0,0,0,0,0,0,0,0,0,0,0,0,0,0,0,0,0,0,0,0,0,0,0,0,0,0,0,0,0,0,0,0,0,0,0,0,0,0,0,0,0,0,0,0,0,0,0,0,0,0,0,0,0,0,0,0,0,0,0,0,0,0,0,0,0,0,0,0,0,0,0,0,0,0,0,0,0,0,0,0,0,0,0,0,0,0,0,0,0,0,0,0,0,0,0,0,0,0,0,0,0,0,0,0,0,0,0,0,0,0,0,0,0,0,0,0,0,0,0,0,0,0,0,0,0,0,0,0,0,0,0,0
3.500914005,-9.935436000000024,-0.06456399999999987,-0.06456399999999987,0.32500000000013074,-0.3250000000000031,-0.3250000000000031,0.325,-0.325,-0.325,1.7084051370620728,-0.7384607791900635,-0.7287564277648926,4.999979655943107,0.010085637189973845,0.010085637189973845,3.01,-6.3,-1.0,0.0,0.0,0.0,3.01,-4.3,-1.0,0.0,0.0,0.0,3.01,-2.3,-1.0,0.0,0.0,0.0,3.01,-0.3,-1.0,0.0,0.0,0.0,3.01,-6.3,1.0,0.0,0.0,0.0,3.01,-4.3,1.0,0.0,0.0,0.0,3.01,-2.3,1.0,0.0,0.0,0.0,3.01,-0.3,1.0,0.0,0.0,0.0,0.58,-2.19,-1.0,0.0,0.0,0.0,0.58,-0.19,-1.0,0.0,0.0,0.0,0.58,1.81,-1.0,0.0,0.0,0.0,0.58,3.81,-1.0,0.0,0.0,0.0,0.58,-2.19,1.0,0.0,0.0,0.0,0.58,-0.19,1.0,0.0,0.0,0.0,0.58,1.81,1.0,0.0,0.0,0.0,0.58,3.81,1.0,0.0,0.0,0.0,-3.73,-4.950000000000146,-1.1040000000000438,0.0,1.2999999999996348,0.38999999999989043,-3.73,-2.9499999999999686,-1.1040000000000438,0.0,1.3000000000000789,0.38999999999989043,6.21,-1.2919999999999803,-0.17400000000000462,0.0,1.7700000000000493,0.5900000000000071,6.21,0.7080000000000147,-0.17400000000000462,0.0,1.7700000000000493,0.5900000000000071,9.47,1.3060000000000134,-0.7900000000000155,0.0,-0.9099999999999664,0.34999999999996145,9.47,3.3060000000000067,-0.7900000000000155,0.0,-0.9099999999999664,0.34999999999996145,0,0,0,0,0,0,0,0,0,0,0,0,0,0,0,0,0,0,0,0,0,0,0,0,0,0,0,0,0,0,0,0,0,0,0,0,0,0,0,0,0,0,0,0,0,0,0,0,0,0,0,0,0,0,0,0,0,0,0,0,0,0,0,0,0,0,0,0,0,0,0,0,0,0,0,0,0,0,0,0,0,0,0,0,0,0,0,0,0,0,0,0,0,0,0,0,0,0,0,0,0,0,0,0,0,0,0,0,0,0,0,0,0,0,0,0,0,0,0,0,0,0,0,0,0,0,0,0,0,0,0,0,0,0,0,0,0,0,0,0,0,0,0,0,0,0,0,0,0,0,0,0,0,0,0,0,0,0,0,0,0,0,0,0,0,0,0,0
3.603939025,-9.903892000000022,-0.09610799999999976,-0.09610799999999976,0.4129999999999967,-0.4129999999999967,-0.4129999999999967,0.41300000000000003,-0.41300000000000003,-0.41300000000000003,1.7553128004074097,-0.5199569463729858,-0.6938614845275879,4.99994247756398,0.016959083869253246,0.016959083869253246,3.01,-6.3,-1.0,0.0,0.0,0.0,3.01,-4.3,-1.0,0.0,0.0,0.0,3.01,-2.3,-1.0,0.0,0.0,0.0,3.01,-0.3,-1.0,0.0,0.0,0.0,3.01,-6.3,1.0,0.0,0.0,0.0,3.01,-4.3,1.0,0.0,0.0,0.0,3.01,-2.3,1.0,0.0,0.0,0.0,3.01,-0.3,1.0,0.0,0.0,0.0,0.58,-2.19,-1.0,0.0,0.0,0.0,0.58,-0.19,-1.0,0.0,0.0,0.0,0.58,1.81,-1.0,0.0,0.0,0.0,0.58,3.81,-1.0,0.0,0.0,0.0,0.58,-2.19,1.0,0.0,0.0,0.0,0.58,-0.19,1.0,0.0,0.0,0.0,0.58,1.81,1.0,0.0,0.0,0.0,0.58,3.81,1.0,0.0,0.0,0.0,-3.73,-4.846000000000175,-1.0728000000000526,0.0,1.2999999999996348,0.38999999999989043,-3.73,-2.8459999999999623,-1.0728000000000526,0.0,1.3000000000000789,0.38999999999989043,6.21,-1.1503999999999763,-0.12680000000000405,0.0,1.7700000000000493,0.5900000000000071,6.21,0.8496000000000187,-0.12680000000000405,0.0,1.7700000000000493,0.5900000000000071,9.47,1.233200000000016,-0.7620000000000186,0.0,-0.9099999999999664,0.34999999999996145,9.47,3.2332000000000094,-0.7620000000000186,0.0,-0.9099999999999664,0.34999999999996145,0,0,0,0,0,0,0,0,0,0,0,0,0,0,0,0,0,0,0,0,0,0,0,0,0,0,0,0,0,0,0,0,0,0,0,0,0,0,0,0,0,0,0,0,0,0,0,0,0,0,0,0,0,0,0,0,0,0,0,0,0,0,0,0,0,0,0,0,0,0,0,0,0,0,0,0,0,0,0,0,0,0,0,0,0,0,0,0,0,0,0,0,0,0,0,0,0,0,0,0,0,0,0,0,0,0,0,0,0,0,0,0,0,0,0,0,0,0,0,0,0,0,0,0,0,0,0,0,0,0,0,0,0,0,0,0,0,0,0,0,0,0,0,0,0,0,0,0,0,0,0,0,0,0,0,0,0,0,0,0,0,0,0,0,0,0,0,0
3.70489113,-9.856066999999976,-0.13861385765838605,-0.1439329999999997,0.5000000000006111,-0.4290781021118183,-0.5000000000000003,0.5,-0.4290781021118164,-0.5,1.7902448177337646,-0.4290781021118164,-0.7459208965301514,4.999865678804564,0.02591518774934179,0.02591518774934179,3.01,-6.3,-1.0,0.0,0.0,0.0,3.01,-4.3,-1.0,0.0,0.0,0.0,3.01,-2.3,-1.0,0.0,0.0,0.0,3.01,-0.3,-1.0,0.0,0.0,0.0,3.01,-6.3,1.0,0.0,0.0,0.0,3.01,-4.3,1.0,0.0,0.0,0.0,3.01,-2.3,1.0,0.0,0.0,0.0,3.01,-0.3,1.0,0.0,0.0,0.0,0.58,-2.19,-1.0,0.0,0.0,0.0,0.58,-0.19,-1.0,0.0,0.0,0.0,0.58,1.81,-1.0,0.0,0.0,0.0,0.58,3.81,-1.0,0.0,0.0,0.0,0.58,-2.19,1.0,0.0,0.0,0.0,0.58,-0.19,1.0,0.0,0.0,0.0,0.58,1.81,1.0,0.0,0.0,0.0,0.58,3.81,1.0,0.0,0.0,0.0,-3.73,-4.716000000000212,-1.0338000000000636,0.0,1.2999999999996348,0.38999999999989043,-3.73,-2.7159999999999545,-1.0338000000000636,0.0,1.3000000000000789,0.38999999999989043,6.21,-0.9733999999999732,-0.06780000000000468,0.0,1.7699999999999387,0.5899999999999934,6.21,1.0266000000000235,-0.06780000000000468,0.0,1.7700000000000493,0.5899999999999934,9.47,1.1422000000000194,-0.7270000000000224,0.0,-0.9099999999999664,0.34999999999996145,9.47,3.1422000000000128,-0.7270000000000224,0.0,-0.9099999999999664,0.34999999999996145,0,0,0,0,0,0,0,0,0,0,0,0,0,0,0,0,0,0,0,0,0,0,0,0,0,0,0,0,0,0,0,0,0,0,0,0,0,0,0,0,0,0,0,0,0,0,0,0,0,0,0,0,0,0,0,0,0,0,0,0,0,0,0,0,0,0,0,0,0,0,0,0,0,0,0,0,0,0,0,0,0,0,0,0,0,0,0,0,0,0,0,0,0,0,0,0,0,0,0,0,0,0,0,0,0,0,0,0,0,0,0,0,0,0,0,0,0,0,0,0,0,0,0,0,0,0,0,0,0,0,0,0,0,0,0,0,0,0,0,0,0,0,0,0,0,0,0,0,0,0,0,0,0,0,0,0,0,0,0,0,0,0,0,0,0,0,0,0
3.801034762,-9.821803999999997,-0.16009554378509497,-0.1781959999999999,0.5869999999994491,-0.3420781021118147,-0.5870000000000042,0.587,-0.34207810211181644,-0.587,1.8331608772277832,-0.2661530673503876,-0.8265352249145508,4.999740663726574,0.03526336359845326,0.036739497365661296,3.01,-6.3,-1.0,0.0,0.0,0.0,3.01,-4.3,-1.0,0.0,0.0,0.0,3.01,-2.3,-1.0,0.0,0.0,0.0,3.01,-0.3,-1.0,0.0,0.0,0.0,3.01,-6.3,1.0,0.0,0.0,0.0,3.01,-4.3,1.0,0.0,0.0,0.0,3.01,-2.3,1.0,0.0,0.0,0.0,3.01,-0.3,1.0,0.0,0.0,0.0,0.58,-2.19,-1.0,0.0,0.0,0.0,0.58,-0.19,-1.0,0.0,0.0,0.0,0.58,1.81,-1.0,0.0,0.0,0.0,0.58,3.81,-1.0,0.0,0.0,0.0,0.58,-2.19,1.0,0.0,0.0,0.0,0.58,-0.19,1.0,0.0,0.0,0.0,0.58,1.81,1.0,0.0,0.0,0.0,0.58,3.81,1.0,0.0,0.0,0.0,-3.73,-4.6380000000002335,-1.0104000000000701,0.0,1.2999999999996348,0.38999999999989043,-3.73,-2.6379999999999497,-1.0104000000000701,0.0,1.3000000000000789,0.38999999999989043,6.21,-0.8671999999999724,-0.03240000000000472,0.0,1.7700000000000493,0.5900000000000001,6.21,1.1328000000000265,-0.03240000000000472,0.0,1.7700000000000493,0.5900000000000001,9.47,1.0876000000000214,-0.7060000000000247,0.0,-0.9099999999999664,0.34999999999996145,9.47,3.0876000000000148,-0.7060000000000247,0.0,-0.9099999999999664,0.34999999999996145,0,0,0,0,0,0,0,0,0,0,0,0,0,0,0,0,0,0,0,0,0,0,0,0,0,0,0,0,0,0,0,0,0,0,0,0,0,0,0,0,0,0,0,0,0,0,0,0,0,0,0,0,0,0,0,0,0,0,0,0,0,0,0,0,0,0,0,0,0,0,0,0,0,0,0,0,0,0,0,0,0,0,0,0,0,0,0,0,0,0,0,0,0,0,0,0,0,0,0,0,0,0,0,0,0,0,0,0,0,0,0,0,0,0,0,0,0,0,0,0,0,0,0,0,0,0,0,0,0,0,0,0,0,0,0,0,0,0,0,0,0,0,0,0,0,0,0,0,0,0,0,0,0,0,0,0,0,0,0,0,0,0,0,0,0,0,0,0
3.904575549,-9.770696000000003,-0.18331379195404107,-0.22930399999999931,0.6550000000000722,-0.2740781021118299,-0.6549999999999888,0.655,-0.27407810211181644,-0.655,1.8973134756088257,-0.10281050205230713,-0.8683563470840454,4.999609866279059,0.04142043864164387,0.046749676660170714,3.01,-6.3,-1.0,0.0,0.0,0.0,3.01,-4.3,-1.0,0.0,0.0,0.0,3.01,-2.3,-1.0,0.0,0.0,0.0,3.01,-0.3,-1.0,0.0,0.0,0.0,3.01,-6.3,1.0,0.0,0.0,0.0,3.01,-4.3,1.0,0.0,0.0,0.0,3.01,-2.3,1.0,0.0,0.0,0.0,3.01,-0.3,1.0,0.0,0.0,0.0,0.58,-2.19,-1.0,0.0,0.0,0.0,0.58,-0.19,-1.0,0.0,0.0,0.0,0.58,1.81,-1.0,0.0,0.0,0.0,0.58,3.81,-1.0,0.0,0.0,0.0,0.58,-2.19,1.0,0.0,0.0,0.0,0.58,-0.19,1.0,0.0,0.0,0.0,0.58,1.81,1.0,0.0,0.0,0.0,0.58,3.81,1.0,0.0,0.0,0.0,-3.73,-4.534000000000263,-0.9792000000000729,0.0,1.2999999999996348,0.39000000000000146,-3.73,-2.507999999999942,-0.9714000000000729,0.0,1.3000000000000789,0.39000000000000146,6.21,-0.7255999999999685,0.014799999999995301,0.0,1.7700000000000493,0.5900000000000001,6.21,1.2744000000000304,0.014799999999995301,0.0,1.7700000000000493,0.5900000000000001,9.47,0.9966000000000244,-0.6710000000000286,0.0,-0.9100000000000108,0.34999999999996145,9.47,2.9966000000000177,-0.6710000000000286,0.0,-0.9100000000000108,0.34999999999996145,0,0,0,0,0,0,0,0,0,0,0,0,0,0,0,0,0,0,0,0,0,0,0,0,0,0,0,0,0,0,0,0,0,0,0,0,0,0,0,0,0,0,0,0,0,0,0,0,0,0,0,0,0,0,0,0,0,0,0,0,0,0,0,0,0,0,0,0,0,0,0,0,0,0,0,0,0,0,0,0,0,0,0,0,0,0,0,0,0,0,0,0,0,0,0,0,0,0,0,0,0,0,0,0,0,0,0,0,0,0,0,0,0,0,0,0,0,0,0,0,0,0,0,0,0,0,0,0,0,0,0,0,0,0,0,0,0,0,0,0,0,0,0,0,0,0,0,0,0,0,0,0,0,0,0,0,0,0,0,0,0,0,0,0,0,0,0,0
4.00225722,-9.713535999999978,-0.20048004012298737,-0.2864639999999999,0.740000000000407,-0.18907810211182818,-0.7400000000000183,0.74,-0.18907810211181642,-0.74,1.9963719844818115,-0.1449286937713623,-1.0237298011779785,4.99940369785245,0.04755943260453803,0.060833923674111015,3.01,-6.3,-1.0,0.0,0.0,0.0,3.01,-4.3,-1.0,0.0,0.0,0.0,3.01,-2.3,-1.0,0.0,0.0,0.0,3.01,-0.3,-1.0,0.0,0.0,0.0,3.01,-6.3,1.0,0.0,0.0,0.0,3.01,-4.3,1.0,0.0,0.0,0.0,3.01,-2.3,1.0,0.0,0.0,0.0,3.01,-0.3,1.0,0.0,0.0,0.0,0.58,-2.19,-1.0,0.0,0.0,0.0,0.58,-0.19,-1.0,0.0,0.0,0.0,0.58,1.81,-1.0,0.0,0.0,0.0,0.58,3.81,-1.0,0.0,0.0,0.0,0.58,-2.19,1.0,0.0,0.0,0.0,0.58,-0.19,1.0,0.0,0.0,0.0,0.58,1.81,1.0,0.0,0.0,0.0,0.58,3.81,1.0,0.0,0.0,0.0,-3.73,-4.430000000000292,-0.9480000000000728,0.0,1.2999999999996348,0.39000000000000146,-3.73,-2.429999999999937,-0.9480000000000728,0.0,1.3000000000000789,0.39000000000000146,6.21,-0.5839999999999645,0.061999999999995316,0.0,1.7700000000000493,0.5900000000000001,6.21,1.4160000000000343,0.061999999999995316,0.0,1.7700000000000493,0.5900000000000001,9.47,0.9238000000000182,-0.6430000000000317,0.0,-0.9100000000000776,0.34999999999996145,9.47,2.942000000000013,-0.6500000000000309,0.0,-0.9100000000000552,0.34999999999996145,0,0,0,0,0,0,0,0,0,0,0,0,0,0,0,0,0,0,0,0,0,0,0,0,0,0,0,0,0,0,0,0,0,0,0,0,0,0,0,0,0,0,0,0,0,0,0,0,0,0,0,0,0,0,0,0,0,0,0,0,0,0,0,0,0,0,0,0,0,0,0,0,0,0,0,0,0,0,0,0,0,0,0,0,0,0,0,0,0,0,0,0,0,0,0,0,0,0,0,0,0,0,0,0,0,0,0,0,0,0,0,0,0,0,0,0,0,0,0,0,0,0,0,0,0,0,0,0,0,0,0,0,0,0,0,0,0,0,0,0,0,0,0,0,0,0,0,0,0,0,0,0,0,0,0,0,0,0,0,0,0,0,0,0,0,0,0,0
4.101032742,-9.63346800000001,-0.22042672312212225,-0.3665319999999996,0.8219999999994343,-0.20311692357063982,-0.8219999999999894,0.822,-0.20311692357063293,-0.822,2.1632258892059326,-0.20311692357063293,-1.2330493927001953,4.999156942355693,0.051687852772247106,0.07588301241167278,3.01,-6.3,-1.0,0.0,0.0,0.0,3.01,-4.3,-1.0,0.0,0.0,0.0,3.01,-2.3,-1.0,0.0,0.0,0.0,3.01,-0.3,-1.0,0.0,0.0,0.0,3.01,-6.3,1.0,0.0,0.0,0.0,3.01,-4.3,1.0,0.0,0.0,0.0,3.01,-2.3,1.0,0.0,0.0,0.0,3.01,-0.3,1.0,0.0,0.0,0.0,0.58,-2.19,-1.0,0.0,0.0,0.0,0.58,-0.19,-1.0,0.0,0.0,0.0,0.58,1.81,-1.0,0.0,0.0,0.0,0.58,3.81,-1.0,0.0,0.0,0.0,0.58,-2.19,1.0,0.0,0.0,0.0,0.58,-0.19,1.0,0.0,0.0,0.0,0.58,1.81,1.0,0.0,0.0,0.0,0.58,3.81,1.0,0.0,0.0,0.0,-3.73,-4.3000000000003284,-0.9090000000000726,0.0,1.2999999999996348,0.39000000000000146,-3.73,-2.299999999999929,-0.9090000000000726,0.0,1.3000000000000789,0.39000000000000146,6.21,-0.40699999999996256,0.12099999999999465,0.0,1.7699999999999938,0.5899999999999934,6.21,1.5930000000000393,0.12099999999999465,0.0,1.7700000000000493,0.5899999999999934,9.47,0.851000000000012,-0.6150000000000347,0.0,-0.9100000000000776,0.34999999999996145,9.47,2.8510000000000053,-0.6150000000000347,0.0,-0.9100000000000552,0.34999999999996145,0,0,0,0,0,0,0,0,0,0,0,0,0,0,0,0,0,0,0,0,0,0,0,0,0,0,0,0,0,0,0,0,0,0,0,0,0,0,0,0,0,0,0,0,0,0,0,0,0,0,0,0,0,0,0,0,0,0,0,0,0,0,0,0,0,0,0,0,0,0,0,0,0,0,0,0,0,0,0,0,0,0,0,0,0,0,0,0,0,0,0,0,0,0,0,0,0,0,0,0,0,0,0,0,0,0,0,0,0,0,0,0,0,0,0,0,0,0,0,0,0,0,0,0,0,0,0,0,0,0,0,0,0,0,0,0,0,0,0,0,0,0,0,0,0,0,0,0,0,0,0,0,0,0,0,0,0,0,0,0,0,0,0,0,0,0,0,0
4.201931679,-9.561948000000045,-0.23565587913942548,-0.43805200000000094,0.9119999999995798,-0.1871763318777031,-0.9120000000000239,0.9119999999999999,-0.18717633187770844,-0.9119999999999999,2.3709793090820312,-0.18717633187770844,-1.4211256504058838,4.998781098872721,0.0564950079224362,0.0948464002094085,3.01,-6.3,-1.0,0.0,0.0,0.0,3.01,-4.3,-1.0,0.0,0.0,0.0,3.01,-2.3,-1.0,0.0,0.0,0.0,3.01,-0.3,-1.0,0.0,0.0,0.0,3.01,-6.3,1.0,0.0,0.0,0.0,3.01,-4.3,1.0,0.0,0.0,0.0,3.01,-2.3,1.0,0.0,0.0,0.0,3.01,-0.3,1.0,0.0,0.0,0.0,0.58,-2.19,-1.0,0.0,0.0,0.0,0.58,-0.19,-1.0,0.0,0.0,0.0,0.58,1.81,-1.0,0.0,0.0,0.0,0.58,3.81,-1.0,0.0,0.0,0.0,0.58,-2.19,1.0,0.0,0.0,0.0,0.58,-0.19,1.0,0.0,0.0,0.0,0.58,1.81,1.0,0.0,0.0,0.0,0.58,3.81,1.0,0.0,0.0,0.0,-3.73,-4.196000000000358,-0.8778000000000725,0.0,1.2999999999996348,0.39000000000000146,-3.73,-2.195999999999923,-0.8778000000000725,0.0,1.3000000000000789,0.39000000000000146,6.21,-0.26539999999996305,0.16819999999999513,0.0,1.7699999999999938,0.5900000000000071,6.21,1.7346000000000432,0.16819999999999513,0.0,1.7700000000000493,0.5900000000000071,9.47,0.7782000000000058,-0.5870000000000378,0.0,-0.9100000000000776,0.34999999999996145,9.47,2.778199999999999,-0.5870000000000378,0.0,-0.9100000000000552,0.34999999999996145,0,0,0,0,0,0,0,0,0,0,0,0,0,0,0,0,0,0,0,0,0,0,0,0,0,0,0,0,0,0,0,0,0,0,0,0,0,0,0,0,0,0,0,0,0,0,0,0,0,0,0,0,0,0,0,0,0,0,0,0,0,0,0,0,0,0,0,0,0,0,0,0,0,0,0,0,0,0,0,0,0,0,0,0,0,0,0,0,0,0,0,0,0,0,0,0,0,0,0,0,0,0,0,0,0,0,0,0,0,0,0,0,0,0,0,0,0,0,0,0,0,0,0,0,0,0,0,0,0,0,0,0,0,0,0,0,0,0,0,0,0,0,0,0,0,0,0,0,0,0,0,0,0,0,0,0,0,0,0,0,0,0,0,0,0,0,0,0
4.30103811,-9.484029000000044,-0.25091961955976655,-0.515971,0.9990000000001942,-0.19225762784480516,-0.9989999999999721,0.9989999999999999,-0.19225762784481049,-0.9989999999999999,2.6592392921447754,-0.19225762784481049,-1.5940064191818237,4.998306070988977,0.06087145529107684,0.11502646063182258,3.01,-6.3,-1.0,0.0,0.0,0.0,3.01,-4.3,-1.0,0.0,0.0,0.0,3.01,-2.3,-1.0,0.0,0.0,0.0,3.01,-0.3,-1.0,0.0,0.0,0.0,3.01,-6.3,1.0,0.0,0.0,0.0,3.01,-4.3,1.0,0.0,0.0,0.0,3.01,-2.3,1.0,0.0,0.0,0.0,3.01,-0.3,1.0,0.0,0.0,0.0,0.58,-2.19,-1.0,0.0,0.0,0.0,0.58,-0.19,-1.0,0.0,0.0,0.0,0.58,1.81,-1.0,0.0,0.0,0.0,0.58,3.81,-1.0,0.0,0.0,0.0,0.58,-2.19,1.0,0.0,0.0,0.0,0.58,-0.19,1.0,0.0,0.0,0.0,0.58,1.81,1.0,0.0,0.0,0.0,0.58,3.81,1.0,0.0,0.0,0.0,-3.73,-4.092000000000387,-0.8466000000000724,0.0,1.2999999999996348,0.39000000000000146,-3.73,-2.0919999999999166,-0.8466000000000724,0.0,1.3000000000000789,0.39000000000000146,6.21,-0.12379999999996355,0.2153999999999957,0.0,1.7699999999999938,0.5900000000000071,6.21,1.8762000000000472,0.2153999999999957,0.0,1.7700000000000493,0.5900000000000071,9.47,0.7053999999999996,-0.5590000000000409,0.0,-0.9100000000000776,0.34999999999996145,9.47,2.705399999999993,-0.5590000000000409,0.0,-0.9100000000000552,0.34999999999996145,0,0,0,0,0,0,0,0,0,0,0,0,0,0,0,0,0,0,0,0,0,0,0,0,0,0,0,0,0,0,0,0,0,0,0,0,0,0,0,0,0,0,0,0,0,0,0,0,0,0,0,0,0,0,0,0,0,0,0,0,0,0,0,0,0,0,0,0,0,0,0,0,0,0,0,0,0,0,0,0,0,0,0,0,0,0,0,0,0,0,0,0,0,0,0,0,0,0,0,0,0,0,0,0,0,0,0,0,0,0,0,0,0,0,0,0,0,0,0,0,0,0,0,0,0,0,0,0,0,0,0,0,0,0,0,0,0,0,0,0,0,0,0,0,0,0,0,0,0,0,0,0,0,0,0,0,0,0,0,0,0,0,0,0,0,0,0,0
4.401303157,-9.399507000000014,-0.26584871345710825,-0.600492999999999,1.0770000000004387,-0.1846048086881491,-1.0769999999999946,1.077,-0.18460480868816376,-1.077,2.9621033668518066,-0.18460480868816376,-1.6970082521438599,4.9977408496963465,0.06499377637240274,0.1355072260409079,3.01,-6.3,-1.0,0.0,0.0,0.0,3.01,-4.3,-1.0,0.0,0.0,0.0,3.01,-2.3,-1.0,0.0,0.0,0.0,3.01,-0.3,-1.0,0.0,0.0,0.0,3.01,-6.3,1.0,0.0,0.0,0.0,3.01,-4.3,1.0,0.0,0.0,0.0,3.01,-2.3,1.0,0.0,0.0,0.0,3.01,-0.3,1.0,0.0,0.0,0.0,0.58,-2.19,-1.0,0.0,0.0,0.0,0.58,-0.19,-1.0,0.0,0.0,0.0,0.58,1.81,-1.0,0.0,0.0,0.0,0.58,3.81,-1.0,0.0,0.0,0.0,0.58,-2.19,1.0,0.0,0.0,0.0,0.58,-0.19,1.0,0.0,0.0,0.0,0.58,1.81,1.0,0.0,0.0,0.0,0.58,3.81,1.0,0.0,0.0,0.0,-3.73,-3.9880000000004117,-0.8154000000000723,0.0,1.3000000000000789,0.39000000000000146,-3.73,-1.9879999999999103,-0.8154000000000723,0.0,1.3000000000000789,0.39000000000000146,6.21,0.017800000000036266,0.26259999999999567,0.0,1.7700000000000007,0.5899999999999794,6.21,2.017800000000051,0.26259999999999567,0.0,1.7700000000000493,0.5899999999999794,9.47,0.6325999999999934,-0.531000000000044,0.0,-0.9100000000000776,0.34999999999996145,9.47,2.6325999999999867,-0.531000000000044,0.0,-0.9100000000000552,0.34999999999996145,0,0,0,0,0,0,0,0,0,0,0,0,0,0,0,0,0,0,0,0,0,0,0,0,0,0,0,0,0,0,0,0,0,0,0,0,0,0,0,0,0,0,0,0,0,0,0,0,0,0,0,0,0,0,0,0,0,0,0,0,0,0,0,0,0,0,0,0,0,0,0,0,0,0,0,0,0,0,0,0,0,0,0,0,0,0,0,0,0,0,0,0,0,0,0,0,0,0,0,0,0,0,0,0,0,0,0,0,0,0,0,0,0,0,0,0,0,0,0,0,0,0,0,0,0,0,0,0,0,0,0,0,0,0,0,0,0,0,0,0,0,0,0,0,0,0,0,0,0,0,0,0,0,0,0,0,0,0,0,0,0,0,0,0,0,0,0,0
4.50201642,-9.308755000000033,-0.28056761521053375,-0.6912450000000001,1.158999999999466,-0.18372118473053423,-1.159000000000021,1.159,-0.18372118473052979,-1.159,3.0935521125793457,-0.18372118473052979,-1.5622786283493042,4.997002187760257,0.06919786967255108,0.1586845624249114,3.01,-6.3,-1.0,0.0,0.0,0.0,3.01,-4.3,-1.0,0.0,0.0,0.0,3.01,-2.3,-1.0,0.0,0.0,0.0,3.01,-0.3,-1.0,0.0,0.0,0.0,3.01,-6.3,1.0,0.0,0.0,0.0,3.01,-4.3,1.0,0.0,0.0,0.0,3.01,-2.3,1.0,0.0,0.0,0.0,3.01,-0.3,1.0,0.0,0.0,0.0,0.58,-2.19,-1.0,0.0,0.0,0.0,0.58,-0.19,-1.0,0.0,0.0,0.0,0.58,1.81,-1.0,0.0,0.0,0.0,0.58,3.81,-1.0,0.0,0.0,0.0,0.58,-2.19,1.0,0.0,0.0,0.0,0.58,-0.19,1.0,0.0,0.0,0.0,0.58,1.81,1.0,0.0,0.0,0.0,0.58,3.81,1.0,0.0,0.0,0.0,-3.73,-3.8840000000004054,-0.7842000000000722,0.0,1.3000000000000789,0.39000000000000146,-3.73,-1.883999999999904,-0.7842000000000722,0.0,1.3000000000000789,0.39000000000000146,6.21,0.15940000000003596,0.309799999999994,0.0,1.7699999999999938,0.5899999999999794,6.21,2.159400000000055,0.309799999999994,0.0,1.7700000000000493,0.5899999999999794,9.47,0.5597999999999872,-0.5030000000000471,0.0,-0.9100000000000776,0.34999999999996145,9.47,2.5597999999999805,-0.5030000000000471,0.0,-0.9100000000000552,0.34999999999996145,0,0,0,0,0,0,0,0,0,0,0,0,0,0,0,0,0,0,0,0,0,0,0,0,0,0,0,0,0,0,0,0,0,0,0,0,0,0,0,0,0,0,0,0,0,0,0,0,0,0,0,0,0,0,0,0,0,0,0,0,0,0,0,0,0,0,0,0,0,0,0,0,0,0,0,0,0,0,0,0,0,0,0,0,0,0,0,0,0,0,0,0,0,0,0,0,0,0,0,0,0,0,0,0,0,0,0,0,0,0,0,0,0,0,0,0,0,0,0,0,0,0,0,0,0,0,0,0,0,0,0,0,0,0,0,0,0,0,0,0,0,0,0,0,0,0,0,0,0,0,0,0,0,0,0,0,0,0,0,0,0,0,0,0,0,0,0,0
4.601880263,-9.211453000000002,-0.29557830959510856,-0.7885469999999983,1.2380000000007385,-0.18911772966384577,-1.2379999999999611,1.238,-0.18911772966384888,-1.238,3.1371097564697266,-0.18911772966384888,-1.4176279306411743,4.996092066158836,0.07337529453199604,0.18352147726377807,3.01,-6.3,-1.0,0.0,0.0,0.0,3.01,-4.3,-1.0,0.0,0.0,0.0,3.01,-2.3,-1.0,0.0,0.0,0.0,3.01,-0.3,-1.0,0.0,0.0,0.0,3.01,-6.3,1.0,0.0,0.0,0.0,3.01,-4.3,1.0,0.0,0.0,0.0,3.01,-2.3,1.0,0.0,0.0,0.0,3.01,-0.3,1.0,0.0,0.0,0.0,0.58,-2.19,-1.0,0.0,0.0,0.0,0.58,-0.19,-1.0,0.0,0.0,0.0,0.58,1.81,-1.0,0.0,0.0,0.0,0.58,3.81,-1.0,0.0,0.0,0.0,0.58,-2.19,1.0,0.0,0.0,0.0,0.58,-0.19,1.0,0.0,0.0,0.0,0.58,1.81,1.0,0.0,0.0,0.0,0.58,3.81,1.0,0.0,0.0,0.0,-3.73,-3.780000000000399,-0.7530000000000721,0.0,1.3000000000000789,0.39000000000000146,-3.73,-1.7799999999998977,-0.7530000000000721,0.0,1.3000000000000789,0.39000000000000146,6.21,0.30100000000003546,0.3569999999999924,0.0,1.7699999999999938,0.5899999999999794,6.21,2.3010000000000588,0.3569999999999924,0.0,1.7700000000000493,0.5899999999999794,9.47,0.48699999999998184,-0.47500000000004616,0.0,-0.9100000000000217,0.35000000000001696,9.47,2.4869999999999752,-0.47500000000004616,0.0,-0.9100000000000108,0.35000000000001696,0,0,0,0,0,0,0,0,0,0,0,0,0,0,0,0,0,0,0,0,0,0,0,0,0,0,0,0,0,0,0,0,0,0,0,0,0,0,0,0,0,0,0,0,0,0,0,0,0,0,0,0,0,0,0,0,0,0,0,0,0,0,0,0,0,0,0,0,0,0,0,0,0,0,0,0,0,0,0,0,0,0,0,0,0,0,0,0,0,0,0,0,0,0,0,0,0,0,0,0,0,0,0,0,0,0,0,0,0,0,0,0,0,0,0,0,0,0,0,0,0,0,0,0,0,0,0,0,0,0,0,0,0,0,0,0,0,0,0,0,0,0,0,0,0,0,0,0,0,0,0,0,0,0,0,0,0,0,0,0,0,0,0,0,0,0,0,0
4.701465124,-9.107750999999963,-0.31046085128140466,-0.8922489999999964,1.312000000000424,-0.18519905209540832,-1.3119999999999798,1.312,-0.1851990520954132,-1.312,3.339022159576416,-0.1851990520954132,-1.459012746810913,4.995099873241689,0.07723052171230363,0.20739504057934,3.01,-6.3,-1.0,0.0,0.0,0.0,3.01,-4.3,-1.0,0.0,0.0,0.0,3.01,-2.3,-1.0,0.0,0.0,0.0,3.01,-0.3,-1.0,0.0,0.0,0.0,3.01,-6.3,1.0,0.0,0.0,0.0,3.01,-4.3,1.0,0.0,0.0,0.0,3.01,-2.3,1.0,0.0,0.0,0.0,3.01,-0.3,1.0,0.0,0.0,0.0,0.58,-2.19,-1.0,0.0,0.0,0.0,0.58,-0.19,-1.0,0.0,0.0,0.0,0.58,1.81,-1.0,0.0,0.0,0.0,0.58,3.81,-1.0,0.0,0.0,0.0,0.58,-2.19,1.0,0.0,0.0,0.0,0.58,-0.19,1.0,0.0,0.0,0.0,0.58,1.81,1.0,0.0,0.0,0.0,0.58,3.81,1.0,0.0,0.0,0.0,-3.73,-3.6760000000003927,-0.7218000000000719,0.0,1.3000000000000789,0.39000000000000146,-3.73,-1.6759999999998914,-0.7218000000000719,0.0,1.3000000000000789,0.39000000000000146,6.21,0.44260000000003497,0.40419999999999073,0.0,1.7699999999999938,0.5899999999999794,6.21,2.4426000000000627,0.40419999999999073,0.0,1.7700000000000493,0.5899999999999794,9.47,0.4141999999999801,-0.4470000000000448,0.0,-0.9100000000000217,0.35000000000001696,9.47,2.4141999999999735,-0.4470000000000448,0.0,-0.9100000000000108,0.35000000000001696,0,0,0,0,0,0,0,0,0,0,0,0,0,0,0,0,0,0,0,0,0,0,0,0,0,0,0,0,0,0,0,0,0,0,0,0,0,0,0,0,0,0,0,0,0,0,0,0,0,0,0,0,0,0,0,0,0,0,0,0,0,0,0,0,0,0,0,0,0,0,0,0,0,0,0,0,0,0,0,0,0,0,0,0,0,0,0,0,0,0,0,0,0,0,0,0,0,0,0,0,0,0,0,0,0,0,0,0,0,0,0,0,0,0,0,0,0,0,0,0,0,0,0,0,0,0,0,0,0,0,0,0,0,0,0,0,0,0,0,0,0,0,0,0,0,0,0,0,0,0,0,0,0,0,0,0,0,0,0,0,0,0,0,0,0,0,0,0
4.8033035,-9.053050999999956,-0.3173048413689141,-0.9469489999999962,1.3860000000001094,-0.1663999855518461,-1.3859999999999986,1.3860000000000001,-0.1663999855518341,-1.3860000000000001,3.549182891845703,-0.1663999855518341,-1.4712365865707397,4.993823811563297,0.08135679437698995,0.23474413959058216,3.01,-6.3,-1.0,0.0,0.0,0.0,3.01,-4.3,-1.0,0.0,0.0,0.0,3.01,-2.3,-1.0,0.0,0.0,0.0,3.01,-0.3,-1.0,0.0,0.0,0.0,3.01,-6.3,1.0,0.0,0.0,0.0,3.01,-4.3,1.0,0.0,0.0,0.0,3.01,-2.3,1.0,0.0,0.0,0.0,3.01,-0.3,1.0,0.0,0.0,0.0,0.58,-2.19,-1.0,0.0,0.0,0.0,0.58,-0.19,-1.0,0.0,0.0,0.0,0.58,1.81,-1.0,0.0,0.0,0.0,0.58,3.81,-1.0,0.0,0.0,0.0,0.58,-2.19,1.0,0.0,0.0,0.0,0.58,-0.19,1.0,0.0,0.0,0.0,0.58,1.81,1.0,0.0,0.0,0.0,0.58,3.81,1.0,0.0,0.0,0.0,-3.73,-3.6240000000003896,-0.7062000000000719,0.0,1.3000000000000789,0.39000000000000146,-3.73,-1.6239999999998882,-0.7062000000000719,0.0,1.3000000000000789,0.39000000000000146,6.21,0.5134000000000352,0.4277999999999899,0.0,1.7700000000000382,0.5899999999999794,6.21,2.5134000000000647,0.4277999999999899,0.0,1.7700000000000493,0.5899999999999794,9.47,0.3777999999999792,-0.4330000000000441,0.0,-0.9100000000000217,0.35000000000001696,9.47,2.3777999999999726,-0.4330000000000441,0.0,-0.9100000000000108,0.35000000000001696,0,0,0,0,0,0,0,0,0,0,0,0,0,0,0,0,0,0,0,0,0,0,0,0,0,0,0,0,0,0,0,0,0,0,0,0,0,0,0,0,0,0,0,0,0,0,0,0,0,0,0,0,0,0,0,0,0,0,0,0,0,0,0,0,0,0,0,0,0,0,0,0,0,0,0,0,0,0,0,0,0,0,0,0,0,0,0,0,0,0,0,0,0,0,0,0,0,0,0,0,0,0,0,0,0,0,0,0,0,0,0,0,0,0,0,0,0,0,0,0,0,0,0,0,0,0,0,0,0,0,0,0,0,0,0,0,0,0,0,0,0,0,0,0,0,0,0,0,0,0,0,0,0,0,0,0,0,0,0,0,0,0,0,0,0,0,0,0
4.903672893,-8.967912999999978,-0.3256127488906385,-1.0320869999999982,1.4319999999994337,-0.127421110868442,-1.4320000000000999,1.4320000000000002,-0.12742111086845398,-1.4320000000000002,3.732006549835205,-0.12742111086845398,-1.4557621479034424,4.992945826761949,0.08363317465711421,0.25198702966068287,3.01,-6.3,-1.0,0.0,0.0,0.0,3.01,-4.3,-1.0,0.0,0.0,0.0,3.01,-2.3,-1.0,0.0,0.0,0.0,3.01,-0.3,-1.0,0.0,0.0,0.0,3.01,-6.3,1.0,0.0,0.0,0.0,3.01,-4.3,1.0,0.0,0.0,0.0,3.01,-2.3,1.0,0.0,0.0,0.0,3.01,-0.3,1.0,0.0,0.0,0.0,0.58,-2.19,-1.0,0.0,0.0,0.0,0.58,-0.19,-1.0,0.0,0.0,0.0,0.58,1.81,-1.0,0.0,0.0,0.0,0.58,3.81,-1.0,0.0,0.0,0.0,0.58,-2.19,1.0,0.0,0.0,0.0,0.58,-0.19,1.0,0.0,0.0,0.0,0.58,1.81,1.0,0.0,0.0,0.0,0.58,3.81,1.0,0.0,0.0,0.0,-3.73,-3.546000000000385,-0.6828000000000718,0.0,1.3000000000000789,0.39000000000000146,-3.73,-1.5459999999998835,-0.6828000000000718,0.0,1.3000000000000789,0.39000000000000146,6.21,0.6196000000000381,0.4631999999999887,0.0,1.7700000000000493,0.5899999999999794,6.21,2.6196000000000677,0.4631999999999887,0.0,1.7700000000000493,0.5899999999999794,9.47,0.3231999999999779,-0.4120000000000431,0.0,-0.9100000000000217,0.35000000000001696,9.47,2.323199999999971,-0.4120000000000431,0.0,-0.9100000000000108,0.35000000000001696,0,0,0,0,0,0,0,0,0,0,0,0,0,0,0,0,0,0,0,0,0,0,0,0,0,0,0,0,0,0,0,0,0,0,0,0,0,0,0,0,0,0,0,0,0,0,0,0,0,0,0,0,0,0,0,0,0,0,0,0,0,0,0,0,0,0,0,0,0,0,0,0,0,0,0,0,0,0,0,0,0,0,0,0,0,0,0,0,0,0,0,0,0,0,0,0,0,0,0,0,0,0,0,0,0,0,0,0,0,0,0,0,0,0,0,0,0,0,0,0,0,0,0,0,0,0,0,0,0,0,0,0,0,0,0,0,0,0,0,0,0,0,0,0,0,0,0,0,0,0,0,0,0,0,0,0,0,0,0,0,0,0,0,0,0,0,0,0
5.002126237,-8.90906499999998,-0.3291415933253762,-1.089318865867613,1.4880000000001559,-0.0714211108684415,-1.4302809238433412,1.4880000000000002,-0.07142111086845399,-1.4302809238433838,3.8660097122192383,-0.07138022035360336,-1.4302809238433838,4.991858029998484,0.08572876225489282,0.27203673954430274,3.01,-6.3,-1.0,0.0,0.0,0.0,3.01,-4.3,-1.0,0.0,0.0,0.0,3.01,-2.3,-1.0,0.0,0.0,0.0,3.01,-0.3,-1.0,0.0,0.0,0.0,3.01,-6.3,1.0,0.0,0.0,0.0,3.01,-4.3,1.0,0.0,0.0,0.0,3.01,-2.3,1.0,0.0,0.0,0.0,3.01,-0.3,1.0,0.0,0.0,0.0,0.58,-2.19,-1.0,0.0,0.0,0.0,0.58,-0.19,-1.0,0.0,0.0,0.0,0.58,1.81,-1.0,0.0,0.0,0.0,0.58,3.81,-1.0,0.0,0.0,0.0,0.58,-2.19,1.0,0.0,0.0,0.0,0.58,-0.19,1.0,0.0,0.0,0.0,0.58,1.81,1.0,0.0,0.0,0.0,0.58,3.81,1.0,0.0,0.0,0.0,-3.73,-3.4940000000003817,-0.6672000000000717,0.0,1.3000000000000789,0.39000000000000146,-3.73,-1.4939999999998803,-0.6672000000000717,0.0,1.3000000000000789,0.39000000000000146,6.21,0.6904000000000401,0.48679999999998785,0.0,1.7700000000000493,0.5899999999999794,6.21,2.6904000000000696,0.48679999999998785,0.0,1.7700000000000493,0.5899999999999794,9.47,0.286799999999977,-0.39800000000004243,0.0,-0.9100000000000217,0.35000000000001696,9.47,2.28679999999997,-0.39800000000004243,0.0,-0.9100000000000108,0.35000000000001696,0,0,0,0,0,0,0,0,0,0,0,0,0,0,0,0,0,0,0,0,0,0,0,0,0,0,0,0,0,0,0,0,0,0,0,0,0,0,0,0,0,0,0,0,0,0,0,0,0,0,0,0,0,0,0,0,0,0,0,0,0,0,0,0,0,0,0,0,0,0,0,0,0,0,0,0,0,0,0,0,0,0,0,0,0,0,0,0,0,0,0,0,0,0,0,0,0,0,0,0,0,0,0,0,0,0,0,0,0,0,0,0,0,0,0,0,0,0,0,0,0,0,0,0,0,0,0,0,0,0,0,0,0,0,0,0,0,0,0,0,0,0,0,0,0,0,0,0,0,0,0,0,0,0,0,0,0,0,0,0,0,0,0,0,0,0,0,0
5.106798088,-8.78713399999993,-0.3319642821948535,-1.2020582736453929,1.5370000000007877,-0.022421110868475758,-1.4017543792723686,1.5370000000000001,-0.022421110868453983,-1.401754379272461,3.9564614295959473,-0.0035574808716773987,-1.401754379272461,4.990638987664261,0.08722981053006662,0.2931099707623769,3.01,-6.3,-1.0,0.0,0.0,0.0,3.01,-4.3,-1.0,0.0,0.0,0.0,3.01,-2.3,-1.0,0.0,0.0,0.0,3.01,-0.3,-1.0,0.0,0.0,0.0,3.01,-6.3,1.0,0.0,0.0,0.0,3.01,-4.3,1.0,0.0,0.0,0.0,3.01,-2.3,1.0,0.0,0.0,0.0,3.01,-0.3,1.0,0.0,0.0,0.0,0.58,-2.19,-1.0,0.0,0.0,0.0,0.58,-0.19,-1.0,0.0,0.0,0.0,0.58,1.81,-1.0,0.0,0.0,0.0,0.58,3.81,-1.0,0.0,0.0,0.0,0.58,-2.19,1.0,0.0,0.0,0.0,0.58,-0.19,1.0,0.0,0.0,0.0,0.58,1.81,1.0,0.0,0.0,0.0,0.58,3.81,1.0,0.0,0.0,0.0,-3.73,-3.3900000000003754,-0.6360000000000716,0.0,1.3000000000000789,0.39000000000000146,-3.73,-1.389999999999874,-0.6360000000000716,0.0,1.3000000000000789,0.39000000000000146,6.21,0.832000000000044,0.5339999999999863,0.0,1.7700000000000493,0.5899999999999794,6.21,2.8320000000000736,0.5339999999999863,0.0,1.7700000000000493,0.5899999999999794,9.47,0.21399999999997527,-0.3700000000000411,0.0,-0.9100000000000217,0.35000000000001696,9.47,2.232199999999969,-0.3770000000000414,0.0,-0.9100000000000108,0.35000000000001696,0,0,0,0,0,0,0,0,0,0,0,0,0,0,0,0,0,0,0,0,0,0,0,0,0,0,0,0,0,0,0,0,0,0,0,0,0,0,0,0,0,0,0,0,0,0,0,0,0,0,0,0,0,0,0,0,0,0,0,0,0,0,0,0,0,0,0,0,0,0,0,0,0,0,0,0,0,0,0,0,0,0,0,0,0,0,0,0,0,0,0,0,0,0,0,0,0,0,0,0,0,0,0,0,0,0,0,0,0,0,0,0,0,0,0,0,0,0,0,0,0,0,0,0,0,0,0,0,0,0,0,0,0,0,0,0,0,0,0,0,0,0,0,0,0,0,0,0,0,0,0,0,0,0,0,0,0,0,0,0,0,0,0,0,0,0,0,0
5.201263069,-8.69145799999988,-0.3298535488469616,-1.283947720619189,1.6010000000008517,0.04157888913153274,-1.3607207536696642,1.6010000000000002,0.04157888913154602,-1.3607207536697388,4.047505855560303,0.0541868582367897,-1.3607207536697388,4.989046726279414,0.08814212859207325,0.3188161353632035,3.01,-6.3,-1.0,0.0,0.0,0.0,3.01,-4.3,-1.0,0.0,0.0,0.0,3.01,-2.3,-1.0,0.0,0.0,0.0,3.01,-0.3,-1.0,0.0,0.0,0.0,3.01,-6.3,1.0,0.0,0.0,0.0,3.01,-4.3,1.0,0.0,0.0,0.0,3.01,-2.3,1.0,0.0,0.0,0.0,3.01,-0.3,1.0,0.0,0.0,0.0,0.58,-2.19,-1.0,0.0,0.0,0.0,0.58,-0.19,-1.0,0.0,0.0,0.0,0.58,1.81,-1.0,0.0,0.0,0.0,0.58,3.81,-1.0,0.0,0.0,0.0,0.58,-2.19,1.0,0.0,0.0,0.0,0.58,-0.19,1.0,0.0,0.0,0.0,0.58,1.81,1.0,0.0,0.0,0.0,0.58,3.81,1.0,0.0,0.0,0.0,-3.73,-3.3120000000003706,-0.6126000000000715,0.0,1.3000000000000789,0.39000000000000146,-3.73,-1.3119999999998693,-0.6126000000000715,0.0,1.3000000000000789,0.39000000000000146,6.21,0.938200000000047,0.569399999999985,0.0,1.7700000000000493,0.5899999999999794,6.21,2.9382000000000765,0.569399999999985,0.0,1.7700000000000493,0.5899999999999794,9.47,0.15939999999997395,-0.34900000000004006,0.0,-0.9100000000000217,0.35000000000001696,9.47,2.1593999999999673,-0.34900000000004006,0.0,-0.9100000000000108,0.35000000000001696,0,0,0,0,0,0,0,0,0,0,0,0,0,0,0,0,0,0,0,0,0,0,0,0,0,0,0,0,0,0,0,0,0,0,0,0,0,0,0,0,0,0,0,0,0,0,0,0,0,0,0,0,0,0,0,0,0,0,0,0,0,0,0,0,0,0,0,0,0,0,0,0,0,0,0,0,0,0,0,0,0,0,0,0,0,0,0,0,0,0,0,0,0,0,0,0,0,0,0,0,0,0,0,0,0,0,0,0,0,0,0,0,0,0,0,0,0,0,0,0,0,0,0,0,0,0,0,0,0,0,0,0,0,0,0,0,0,0,0,0,0,0,0,0,0,0,0,0,0,0,0,0,0,0,0,0,0,0,0,0,0,0,0,0,0,0,0,0
5.301598255,-8.558863999999831,-0.32201323771643786,-1.3895767674169437,1.6750000000005372,0.11557888913155123,-1.307792663574281,1.6750000000000003,0.11557888913154601,-1.3077926635742188,4.1407012939453125,0.1290029138326645,-1.3077926635742188,4.987230607711942,0.08797033717309263,0.34610993236084164,3.01,-6.3,-1.0,0.0,0.0,0.0,3.01,-4.3,-1.0,0.0,0.0,0.0,3.01,-2.3,-1.0,0.0,0.0,0.0,3.01,-0.3,-1.0,0.0,0.0,0.0,3.01,-6.3,1.0,0.0,0.0,0.0,3.01,-4.3,1.0,0.0,0.0,0.0,3.01,-2.3,1.0,0.0,0.0,0.0,3.01,-0.3,1.0,0.0,0.0,0.0,0.58,-2.19,-1.0,0.0,0.0,0.0,0.58,-0.19,-1.0,0.0,0.0,0.0,0.58,1.81,-1.0,0.0,0.0,0.0,0.58,3.81,-1.0,0.0,0.0,0.0,0.58,-2.19,1.0,0.0,0.0,0.0,0.58,-0.19,1.0,0.0,0.0,0.0,0.58,1.81,1.0,0.0,0.0,0.0,0.58,3.81,1.0,0.0,0.0,0.0,-3.73,-3.2080000000003643,-0.5814000000000714,0.0,1.3000000000000789,0.39000000000000146,-3.73,-1.207999999999863,-0.5814000000000714,0.0,1.3000000000000789,0.39000000000000146,6.21,1.079800000000051,0.6165999999999834,0.0,1.7700000000000493,0.5899999999999794,6.21,3.0798000000000805,0.6165999999999834,0.0,1.7700000000000493,0.5899999999999794,9.47,0.0865999999999716,-0.3210000000000387,0.0,-0.9100000000000359,0.35000000000001696,9.47,2.0865999999999647,-0.3210000000000387,0.0,-0.9100000000000552,0.35000000000001696,0,0,0,0,0,0,0,0,0,0,0,0,0,0,0,0,0,0,0,0,0,0,0,0,0,0,0,0,0,0,0,0,0,0,0,0,0,0,0,0,0,0,0,0,0,0,0,0,0,0,0,0,0,0,0,0,0,0,0,0,0,0,0,0,0,0,0,0,0,0,0,0,0,0,0,0,0,0,0,0,0,0,0,0,0,0,0,0,0,0,0,0,0,0,0,0,0,0,0,0,0,0,0,0,0,0,0,0,0,0,0,0,0,0,0,0,0,0,0,0,0,0,0,0,0,0,0,0,0,0,0,0,0,0,0,0,0,0,0,0,0,0,0,0,0,0,0,0,0,0,0,0,0,0,0,0,0,0,0,0,0,0,0,0,0,0,0,0
5.40496766,-8.419913999999858,-0.3078169265859143,-1.489250180502883,1.7499999999994742,0.19057888913154297,-1.2327926635742337,1.7500000000000002,0.19057888913154603,-1.2327926635742188,4.263619422912598,0.2139124572277069,-1.2236406803131104,4.985130149534478,0.08632139531284673,0.3755342979191071,3.01,-6.3,-1.0,0.0,0.0,0.0,3.01,-4.3,-1.0,0.0,0.0,0.0,3.01,-2.3,-1.0,0.0,0.0,0.0,3.01,-0.3,-1.0,0.0,0.0,0.0,3.01,-6.3,1.0,0.0,0.0,0.0,3.01,-4.3,1.0,0.0,0.0,0.0,3.01,-2.3,1.0,0.0,0.0,0.0,3.01,-0.3,1.0,0.0,0.0,0.0,0.58,-2.19,-1.0,0.0,0.0,0.0,0.58,-0.19,-1.0,0.0,0.0,0.0,0.58,1.81,-1.0,0.0,0.0,0.0,0.58,3.81,-1.0,0.0,0.0,0.0,0.58,-2.19,1.0,0.0,0.0,0.0,0.58,-0.19,1.0,0.0,0.0,0.0,0.58,1.81,1.0,0.0,0.0,0.0,0.58,3.81,1.0,0.0,0.0,0.0,-3.73,-3.104000000000358,-0.5502000000000713,0.0,1.3000000000000789,0.39000000000000146,-3.73,-1.1039999999998567,-0.5502000000000713,0.0,1.3000000000000789,0.39000000000000146,6.21,1.2214000000000549,0.6637999999999817,0.0,1.7700000000000493,0.5899999999999794,6.21,3.2214000000000844,0.6637999999999817,0.0,1.7700000000000493,0.5899999999999794,9.47,0.013799999999968804,-0.29300000000003734,0.0,-0.9100000000000336,0.35000000000001696,9.47,2.013799999999962,-0.29300000000003734,0.0,-0.9100000000000552,0.35000000000001696,0,0,0,0,0,0,0,0,0,0,0,0,0,0,0,0,0,0,0,0,0,0,0,0,0,0,0,0,0,0,0,0,0,0,0,0,0,0,0,0,0,0,0,0,0,0,0,0,0,0,0,0,0,0,0,0,0,0,0,0,0,0,0,0,0,0,0,0,0,0,0,0,0,0,0,0,0,0,0,0,0,0,0,0,0,0,0,0,0,0,0,0,0,0,0,0,0,0,0,0,0,0,0,0,0,0,0,0,0,0,0,0,0,0,0,0,0,0,0,0,0,0,0,0,0,0,0,0,0,0,0,0,0,0,0,0,0,0,0,0,0,0,0,0,0,0,0,0,0,0,0,0,0,0,0,0,0,0,0,0,0,0,0,0,0,0,0,0
5.508295163,-8.274585999999923,-0.28724261545538954,-1.5825455935888284,1.8239999999991596,0.26457888913156147,-1.1587926635743262,1.8240000000000003,0.26457888913154604,-1.1587926635742187,4.383508205413818,0.2984846830368042,-1.118065595626831,4.983018591886922,0.08321623472908012,0.4032378593172959,3.01,-6.3,-1.0,0.0,0.0,0.0,3.01,-4.3,-1.0,0.0,0.0,0.0,3.01,-2.3,-1.0,0.0,0.0,0.0,3.01,-0.3,-1.0,0.0,0.0,0.0,3.01,-6.3,1.0,0.0,0.0,0.0,3.01,-4.3,1.0,0.0,0.0,0.0,3.01,-2.3,1.0,0.0,0.0,0.0,3.01,-0.3,1.0,0.0,0.0,0.0,0.58,-2.19,-1.0,0.0,0.0,0.0,0.58,-0.19,-1.0,0.0,0.0,0.0,0.58,1.81,-1.0,0.0,0.0,0.0,0.58,3.81,-1.0,0.0,0.0,0.0,0.58,-2.19,1.0,0.0,0.0,0.0,0.58,-0.19,1.0,0.0,0.0,0.0,0.58,1.81,1.0,0.0,0.0,0.0,0.58,3.81,1.0,0.0,0.0,0.0,-3.73,-3.0000000000003517,-0.5190000000000712,0.0,1.3000000000000789,0.39000000000000146,-3.73,-0.9999999999998505,-0.5190000000000712,0.0,1.3000000000000678,0.39000000000000146,6.21,1.3630000000000588,0.7109999999999801,0.0,1.7700000000000493,0.5899999999999794,6.21,3.3630000000000884,0.7109999999999801,0.0,1.7700000000000493,0.5899999999999794,9.47,-0.05900000000003328,-0.265000000000036,0.0,-0.9100000000000149,0.35000000000001696,9.47,1.9409999999999636,-0.265000000000036,0.0,-0.9099999999999664,0.35000000000001696,0,0,0,0,0,0,0,0,0,0,0,0,0,0,0,0,0,0,0,0,0,0,0,0,0,0,0,0,0,0,0,0,0,0,0,0,0,0,0,0,0,0,0,0,0,0,0,0,0,0,0,0,0,0,0,0,0,0,0,0,0,0,0,0,0,0,0,0,0,0,0,0,0,0,0,0,0,0,0,0,0,0,0,0,0,0,0,0,0,0,0,0,0,0,0,0,0,0,0,0,0,0,0,0,0,0,0,0,0,0,0,0,0,0,0,0,0,0,0,0,0,0,0,0,0,0,0,0,0,0,0,0,0,0,0,0,0,0,0,0,0,0,0,0,0,0,0,0,0,0,0,0,0,0,0,0,0,0,0,0,0,0,0,0,0,0,0,0
5.604570469,-8.122815999999972,-0.2602263043248671,-1.6693990066747728,1.9019999999994042,0.34257888913152845,-1.0807926635743037,1.9020000000000004,0.34257888913154605,-1.0807926635742187,4.513471603393555,0.3729487657546997,-0.9799684286117554,4.980660875819139,0.07804671396304304,0.4323493385262712,3.01,-6.3,-1.0,0.0,0.0,0.0,3.01,-4.3,-1.0,0.0,0.0,0.0,3.01,-2.3,-1.0,0.0,0.0,0.0,3.01,-0.3,-1.0,0.0,0.0,0.0,3.01,-6.3,1.0,0.0,0.0,0.0,3.01,-4.3,1.0,0.0,0.0,0.0,3.01,-2.3,1.0,0.0,0.0,0.0,3.01,-0.3,1.0,0.0,0.0,0.0,0.58,-2.19,-1.0,0.0,0.0,0.0,0.58,-0.19,-1.0,0.0,0.0,0.0,0.58,1.81,-1.0,0.0,0.0,0.0,0.58,3.81,-1.0,0.0,0.0,0.0,0.58,-2.19,1.0,0.0,0.0,0.0,0.58,-0.19,1.0,0.0,0.0,0.0,0.58,1.81,1.0,0.0,0.0,0.0,0.58,3.81,1.0,0.0,0.0,0.0,-3.73,-2.8960000000003454,-0.48780000000007107,0.0,1.3000000000000789,0.39000000000000146,-3.73,-0.895999999999853,-0.48780000000007107,0.0,1.299999999999968,0.39000000000000146,6.21,1.5046000000000628,0.7581999999999784,0.0,1.7700000000000493,0.5899999999999794,6.21,3.5046000000000923,0.7581999999999784,0.0,1.7700000000000493,0.5899999999999794,9.47,-0.13180000000003383,-0.23700000000003568,0.0,-0.9099999999999969,0.34999999999998915,9.47,1.8681999999999663,-0.23700000000003568,0.0,-0.9099999999999664,0.34999999999998915,0,0,0,0,0,0,0,0,0,0,0,0,0,0,0,0,0,0,0,0,0,0,0,0,0,0,0,0,0,0,0,0,0,0,0,0,0,0,0,0,0,0,0,0,0,0,0,0,0,0,0,0,0,0,0,0,0,0,0,0,0,0,0,0,0,0,0,0,0,0,0,0,0,0,0,0,0,0,0,0,0,0,0,0,0,0,0,0,0,0,0,0,0,0,0,0,0,0,0,0,0,0,0,0,0,0,0,0,0,0,0,0,0,0,0,0,0,0,0,0,0,0,0,0,0,0,0,0,0,0,0,0,0,0,0,0,0,0,0,0,0,0,0,0,0,0,0,0,0,0,0,0,0,0,0,0,0,0,0,0,0,0,0,0,0,0,0,0
5.701147537,-7.964751999999962,-0.2269159931943429,-1.7499584197607072,1.9840000000002078,0.42457888913155495,-0.9987926635741662,1.9840000000000004,0.42457888913154607,-0.9987926635742187,4.652550220489502,0.43241173028945923,-0.7955996990203857,4.97841183372276,0.07148523236658477,0.4585907493644874,3.01,-6.3,-1.0,0.0,0.0,0.0,3.01,-4.3,-1.0,0.0,0.0,0.0,3.01,-2.3,-1.0,0.0,0.0,0.0,3.01,-0.3,-1.0,0.0,0.0,0.0,3.01,-6.3,1.0,0.0,0.0,0.0,3.01,-4.3,1.0,0.0,0.0,0.0,3.01,-2.3,1.0,0.0,0.0,0.0,3.01,-0.3,1.0,0.0,0.0,0.0,0.58,-2.19,-1.0,0.0,0.0,0.0,0.58,-0.19,-1.0,0.0,0.0,0.0,0.58,1.81,-1.0,0.0,0.0,0.0,0.58,3.81,-1.0,0.0,0.0,0.0,0.58,-2.19,1.0,0.0,0.0,0.0,0.58,-0.19,1.0,0.0,0.0,0.0,0.58,1.81,1.0,0.0,0.0,0.0,0.58,3.81,1.0,0.0,0.0,0.0,-3.73,-2.792000000000339,-0.45660000000007095,0.0,1.3000000000000789,0.39000000000000146,-3.73,-0.7919999999998556,-0.45660000000007095,0.0,1.299999999999968,0.39000000000000146,6.21,1.6462000000000667,0.8053999999999768,0.0,1.7700000000000493,0.5899999999999794,6.21,3.6462000000000963,0.8053999999999768,0.0,1.7700000000000493,0.5899999999999794,9.47,-0.20460000000003337,-0.20900000000003655,0.0,-0.9099999999999941,0.34999999999998915,9.47,1.795399999999969,-0.20900000000003655,0.0,-0.9099999999999664,0.34999999999998915,0,0,0,0,0,0,0,0,0,0,0,0,0,0,0,0,0,0,0,0,0,0,0,0,0,0,0,0,0,0,0,0,0,0,0,0,0,0,0,0,0,0,0,0,0,0,0,0,0,0,0,0,0,0,0,0,0,0,0,0,0,0,0,0,0,0,0,0,0,0,0,0,0,0,0,0,0,0,0,0,0,0,0,0,0,0,0,0,0,0,0,0,0,0,0,0,0,0,0,0,0,0,0,0,0,0,0,0,0,0,0,0,0,0,0,0,0,0,0,0,0,0,0,0,0,0,0,0,0,0,0,0,0,0,0,0,0,0,0,0,0,0,0,0,0,0,0,0,0,0,0,0,0,0,0,0,0,0,0,0,0,0,0,0,0,0,0,0
5.804233411,-7.800336999999982,-0.19719643671274303,-1.8241668328466478,2.0689999999996544,0.36119449138641285,-0.9137926635742755,2.0690000000000004,0.3611944913864136,-0.9137926635742187,4.800002098083496,0.3611944913864136,-0.6018831729888916,4.975926325837279,0.06241198208779795,0.48606783922759655,3.01,-6.3,-1.0,0.0,0.0,0.0,3.01,-4.3,-1.0,0.0,0.0,0.0,3.01,-2.3,-1.0,0.0,0.0,0.0,3.01,-0.3,-1.0,0.0,0.0,0.0,3.01,-6.3,1.0,0.0,0.0,0.0,3.01,-4.3,1.0,0.0,0.0,0.0,3.01,-2.3,1.0,0.0,0.0,0.0,3.01,-0.3,1.0,0.0,0.0,0.0,0.58,-2.19,-1.0,0.0,0.0,0.0,0.58,-0.19,-1.0,0.0,0.0,0.0,0.58,1.81,-1.0,0.0,0.0,0.0,0.58,3.81,-1.0,0.0,0.0,0.0,0.58,-2.19,1.0,0.0,0.0,0.0,0.58,-0.19,1.0,0.0,0.0,0.0,0.58,1.81,1.0,0.0,0.0,0.0,0.58,3.81,1.0,0.0,0.0,0.0,-3.73,-2.688000000000333,-0.42540000000007083,0.0,1.3000000000000789,0.39000000000000146,-3.73,-0.6879999999998582,-0.42540000000007083,0.0,1.299999999999968,0.39000000000000146,6.21,1.7878000000000707,0.8525999999999752,0.0,1.7700000000000493,0.5899999999999794,6.21,3.7878000000001,0.8525999999999752,0.0,1.7700000000000493,0.5899999999999794,9.47,-0.27740000000003373,-0.1810000000000374,0.0,-0.9100000000000217,0.34999999999998915,9.47,1.7225999999999717,-0.1810000000000374,0.0,-0.9099999999999664,0.34999999999998915,0,0,0,0,0,0,0,0,0,0,0,0,0,0,0,0,0,0,0,0,0,0,0,0,0,0,0,0,0,0,0,0,0,0,0,0,0,0,0,0,0,0,0,0,0,0,0,0,0,0,0,0,0,0,0,0,0,0,0,0,0,0,0,0,0,0,0,0,0,0,0,0,0,0,0,0,0,0,0,0,0,0,0,0,0,0,0,0,0,0,0,0,0,0,0,0,0,0,0,0,0,0,0,0,0,0,0,0,0,0,0,0,0,0,0,0,0,0,0,0,0,0,0,0,0,0,0,0,0,0,0,0,0,0,0,0,0,0,0,0,0,0,0,0,0,0,0,0,0,0,0,0,0,0,0,0,0,0,0,0,0,0,0,0,0,0,0,0
5.9007748,-7.629444999999984,-0.16605863697290482,-1.8918982459325788,2.1480000000000388,0.39416861534119496,-0.8347926635741132,2.1480000000000006,0.3941686153411865,-0.8347926635742188,4.827417850494385,0.3941686153411865,-0.5602166056632996,4.973557765916342,0.054803859541002135,0.5106071739337874,3.01,-6.3,-1.0,0.0,0.0,0.0,3.01,-4.3,-1.0,0.0,0.0,0.0,3.01,-2.3,-1.0,0.0,0.0,0.0,3.01,-0.3,-1.0,0.0,0.0,0.0,3.01,-6.3,1.0,0.0,0.0,0.0,3.01,-4.3,1.0,0.0,0.0,0.0,3.01,-2.3,1.0,0.0,0.0,0.0,3.01,-0.3,1.0,0.0,0.0,0.0,0.58,-2.19,-1.0,0.0,0.0,0.0,0.58,-0.19,-1.0,0.0,0.0,0.0,0.58,1.81,-1.0,0.0,0.0,0.0,0.58,3.81,-1.0,0.0,0.0,0.0,0.58,-2.19,1.0,0.0,0.0,0.0,0.58,-0.19,1.0,0.0,0.0,0.0,0.58,1.81,1.0,0.0,0.0,0.0,0.58,3.81,1.0,0.0,0.0,0.0,-3.73,-2.5840000000003265,-0.3942000000000707,0.0,1.3000000000000789,0.39000000000000146,-3.73,-0.5839999999998607,-0.3942000000000707,0.0,1.299999999999968,0.39000000000000146,6.21,1.9294000000000746,0.8997999999999735,0.0,1.7700000000000493,0.5899999999999794,6.21,3.929400000000104,0.8997999999999735,0.0,1.7700000000000493,0.5899999999999794,9.47,-0.3502000000000355,-0.15300000000003827,0.0,-0.9100000000000217,0.34999999999998915,9.47,1.6497999999999744,-0.15300000000003827,0.0,-0.9099999999999664,0.34999999999998915,0,0,0,0,0,0,0,0,0,0,0,0,0,0,0,0,0,0,0,0,0,0,0,0,0,0,0,0,0,0,0,0,0,0,0,0,0,0,0,0,0,0,0,0,0,0,0,0,0,0,0,0,0,0,0,0,0,0,0,0,0,0,0,0,0,0,0,0,0,0,0,0,0,0,0,0,0,0,0,0,0,0,0,0,0,0,0,0,0,0,0,0,0,0,0,0,0,0,0,0,0,0,0,0,0,0,0,0,0,0,0,0,0,0,0,0,0,0,0,0,0,0,0,0,0,0,0,0,0,0,0,0,0,0,0,0,0,0,0,0,0,0,0,0,0,0,0,0,0,0,0,0,0,0,0,0,0,0,0,0,0,0,0,0,0,0,0,0
6.001281974,-7.452312999999968,-0.13208969042658936,-1.9533896590185096,2.232000000000234,0.4328266680240499,-0.7507926635741402,2.2320000000000007,0.4328266680240631,-0.7507926635742188,4.8312811851501465,0.4328266680240631,-0.5121220946311951,4.971053505504452,0.04618157265262209,0.5352516303190737,3.01,-6.3,-1.0,0.0,0.0,0.0,3.01,-4.3,-1.0,0.0,0.0,0.0,3.01,-2.3,-1.0,0.0,0.0,0.0,3.01,-0.3,-1.0,0.0,0.0,0.0,3.01,-6.3,1.0,0.0,0.0,0.0,3.01,-4.3,1.0,0.0,0.0,0.0,3.01,-2.3,1.0,0.0,0.0,0.0,3.01,-0.3,1.0,0.0,0.0,0.0,0.58,-2.19,-1.0,0.0,0.0,0.0,0.58,-0.19,-1.0,0.0,0.0,0.0,0.58,1.81,-1.0,0.0,0.0,0.0,0.58,3.81,-1.0,0.0,0.0,0.0,0.58,-2.19,1.0,0.0,0.0,0.0,0.58,-0.19,1.0,0.0,0.0,0.0,0.58,1.81,1.0,0.0,0.0,0.0,0.58,3.81,1.0,0.0,0.0,0.0,-3.73,-2.48000000000032,-0.3630000000000706,0.0,1.3000000000000789,0.39000000000000146,-3.73,-0.4799999999998624,-0.3630000000000706,0.0,1.3000000000000236,0.39000000000000146,6.21,2.0710000000000783,0.9469999999999719,0.0,1.7700000000000493,0.5899999999999794,6.21,4.07100000000009,0.9469999999999719,0.0,1.7699999999996052,0.5899999999999794,9.47,-0.42300000000003724,-0.12500000000003914,0.0,-0.9100000000000217,0.34999999999998915,9.47,1.576999999999977,-0.12500000000003914,0.0,-0.9099999999999664,0.34999999999998915,0,0,0,0,0,0,0,0,0,0,0,0,0,0,0,0,0,0,0,0,0,0,0,0,0,0,0,0,0,0,0,0,0,0,0,0,0,0,0,0,0,0,0,0,0,0,0,0,0,0,0,0,0,0,0,0,0,0,0,0,0,0,0,0,0,0,0,0,0,0,0,0,0,0,0,0,0,0,0,0,0,0,0,0,0,0,0,0,0,0,0,0,0,0,0,0,0,0,0,0,0,0,0,0,0,0,0,0,0,0,0,0,0,0,0,0,0,0,0,0,0,0,0,0,0,0,0,0,0,0,0,0,0,0,0,0,0,0,0,0,0,0,0,0,0,0,0,0,0,0,0,0,0,0,0,0,0,0,0,0,0,0,0,0,0,0,0,0
6.103713529,-7.268824999999957,-0.0987262444293513,-2.0085250721044456,2.3200000000000998,0.41027867794037054,-0.6627926635740522,2.3200000000000007,0.41027867794036865,-0.6627926635742188,4.838749885559082,0.41027867794036865,-0.4823256731033325,4.968377524728283,0.035855421623078115,0.5603027400567338,3.01,-6.3,-1.0,0.0,0.0,0.0,3.01,-4.3,-1.0,0.0,0.0,0.0,3.01,-2.3,-1.0,0.0,0.0,0.0,3.01,-0.3,-1.0,0.0,0.0,0.0,3.01,-6.3,1.0,0.0,0.0,0.0,3.01,-4.3,1.0,0.0,0.0,0.0,3.01,-2.3,1.0,0.0,0.0,0.0,3.01,-0.3,1.0,0.0,0.0,0.0,0.58,-2.19,-1.0,0.0,0.0,0.0,0.58,-0.19,-1.0,0.0,0.0,0.0,0.58,1.81,-1.0,0.0,0.0,0.0,0.58,3.81,-1.0,0.0,0.0,0.0,0.58,-2.19,1.0,0.0,0.0,0.0,0.58,-0.19,1.0,0.0,0.0,0.0,0.58,1.81,1.0,0.0,0.0,0.0,0.58,3.81,1.0,0.0,0.0,0.0,-3.73,-2.376000000000314,-0.3318000000000705,0.0,1.3000000000000789,0.39000000000000146,-3.73,-0.37599999999986056,-0.3318000000000705,0.0,1.3000000000000236,0.39000000000000146,6.21,2.2480000000000833,1.005999999999971,0.0,1.7700000000000493,0.5900000000000905,6.21,4.212600000000072,0.9941999999999702,0.0,1.7700000000000493,0.5899999999999794,9.47,-0.495800000000039,-0.09700000000003889,0.0,-0.9100000000000217,0.35000000000000314,9.47,1.5041999999999798,-0.09700000000003889,0.0,-0.9099999999999664,0.35000000000000314,0,0,0,0,0,0,0,0,0,0,0,0,0,0,0,0,0,0,0,0,0,0,0,0,0,0,0,0,0,0,0,0,0,0,0,0,0,0,0,0,0,0,0,0,0,0,0,0,0,0,0,0,0,0,0,0,0,0,0,0,0,0,0,0,0,0,0,0,0,0,0,0,0,0,0,0,0,0,0,0,0,0,0,0,0,0,0,0,0,0,0,0,0,0,0,0,0,0,0,0,0,0,0,0,0,0,0,0,0,0,0,0,0,0,0,0,0,0,0,0,0,0,0,0,0,0,0,0,0,0,0,0,0,0,0,0,0,0,0,0,0,0,0,0,0,0,0,0,0,0,0,0,0,0,0,0,0,0,0,0,0,0,0,0,0,0,0,0
6.200667083,-7.030692999999933,-0.05476596997141983,-2.068672338461869,2.404000000000295,0.45044863224029397,-0.5787926635743013,2.404000000000001,0.4504486322402954,-0.5787926635742189,4.839592456817627,0.4504486322402954,-0.43748217821121216,4.965890274431751,0.026319184039793254,0.5824440598509288,3.01,-6.3,-1.0,0.0,0.0,0.0,3.01,-4.3,-1.0,0.0,0.0,0.0,3.01,-2.3,-1.0,0.0,0.0,0.0,3.01,-0.3,-1.0,0.0,0.0,0.0,3.01,-6.3,1.0,0.0,0.0,0.0,3.01,-4.3,1.0,0.0,0.0,0.0,3.01,-2.3,1.0,0.0,0.0,0.0,3.01,-0.3,1.0,0.0,0.0,0.0,0.58,-2.19,-1.0,0.0,0.0,0.0,0.58,-0.19,-1.0,0.0,0.0,0.0,0.58,1.81,-1.0,0.0,0.0,0.0,0.58,3.81,-1.0,0.0,0.0,0.0,0.58,-2.19,1.0,0.0,0.0,0.0,0.58,-0.19,1.0,0.0,0.0,0.0,0.58,1.81,1.0,0.0,0.0,0.0,0.58,3.81,1.0,0.0,0.0,0.0,-3.73,-2.246000000000306,-0.29280000000007034,0.0,1.3000000000000789,0.39000000000000146,-3.73,-0.24599999999985833,-0.29280000000007034,0.0,1.3000000000000123,0.39000000000000146,6.21,2.389600000000087,1.0531999999999782,0.0,1.7700000000000493,0.5900000000000905,6.21,4.389600000000077,1.0531999999999782,0.0,1.7700000000000493,0.5900000000000905,9.47,-0.5868000000000358,-0.06200000000003858,0.0,-0.9099999999999664,0.35000000000000314,9.47,1.4131999999999831,-0.06200000000003858,0.0,-0.9099999999999664,0.35000000000000314,0,0,0,0,0,0,0,0,0,0,0,0,0,0,0,0,0,0,0,0,0,0,0,0,0,0,0,0,0,0,0,0,0,0,0,0,0,0,0,0,0,0,0,0,0,0,0,0,0,0,0,0,0,0,0,0,0,0,0,0,0,0,0,0,0,0,0,0,0,0,0,0,0,0,0,0,0,0,0,0,0,0,0,0,0,0,0,0,0,0,0,0,0,0,0,0,0,0,0,0,0,0,0,0,0,0,0,0,0,0,0,0,0,0,0,0,0,0,0,0,0,0,0,0,0,0,0,0,0,0,0,0,0,0,0,0,0,0,0,0,0,0,0,0,0,0,0,0,0,0,0,0,0,0,0,0,0,0,0,0,0,0,0,0,0,0,0,0
6.300513818,-6.832677999999946,-0.019894607225658,-2.1092807515478205,2.4889999999997414,0.4330676198005673,-0.49379266357441054,2.4890000000000008,0.4330676198005676,-0.49379266357421886,4.8417558670043945,0.4330676198005676,-0.42270153760910034,4.963375720155939,0.015451649567689955,0.6038730885642717,3.01,-6.3,-1.0,0.0,0.0,0.0,3.01,-4.3,-1.0,0.0,0.0,0.0,3.01,-2.3,-1.0,0.0,0.0,0.0,3.01,-0.3,-1.0,0.0,0.0,0.0,3.01,-6.3,1.0,0.0,0.0,0.0,3.01,-4.3,1.0,0.0,0.0,0.0,3.01,-2.3,1.0,0.0,0.0,0.0,3.01,-0.3,1.0,0.0,0.0,0.0,0.58,-2.19,-1.0,0.0,0.0,0.0,0.58,-0.19,-1.0,0.0,0.0,0.0,0.58,1.81,-1.0,0.0,0.0,0.0,0.58,3.81,-1.0,0.0,0.0,0.0,0.58,-2.19,1.0,0.0,0.0,0.0,0.58,-0.19,1.0,0.0,0.0,0.0,0.58,1.81,1.0,0.0,0.0,0.0,0.58,3.81,1.0,0.0,0.0,0.0,-3.73,-2.1420000000002997,-0.2616000000000702,0.0,1.3000000000000789,0.39000000000000146,-3.73,-0.14199999999985868,-0.2616000000000702,0.0,1.2999999999999956,0.39000000000000146,6.21,2.531200000000091,1.1003999999999854,0.0,1.7700000000000493,0.5900000000000905,6.21,4.531200000000081,1.1003999999999854,0.0,1.7700000000000493,0.5900000000000905,9.47,-0.6596000000000332,-0.03400000000003833,0.0,-0.9099999999999664,0.35000000000000314,9.47,1.3403999999999858,-0.03400000000003833,0.0,-0.9099999999999664,0.35000000000000314,0,0,0,0,0,0,0,0,0,0,0,0,0,0,0,0,0,0,0,0,0,0,0,0,0,0,0,0,0,0,0,0,0,0,0,0,0,0,0,0,0,0,0,0,0,0,0,0,0,0,0,0,0,0,0,0,0,0,0,0,0,0,0,0,0,0,0,0,0,0,0,0,0,0,0,0,0,0,0,0,0,0,0,0,0,0,0,0,0,0,0,0,0,0,0,0,0,0,0,0,0,0,0,0,0,0,0,0,0,0,0,0,0,0,0,0,0,0,0,0,0,0,0,0,0,0,0,0,0,0,0,0,0,0,0,0,0,0,0,0,0,0,0,0,0,0,0,0,0,0,0,0,0,0,0,0,0,0,0,0,0,0,0,0,0,0,0,0
6.402675577,-6.576817999999923,0.025764311393497854,-2.151700017905248,2.576000000000356,0.46246957778930603,-0.40679266357424027,2.576000000000001,0.46246957778930664,-0.40679266357421884,4.841734886169434,0.46246957778930664,-0.38609376549720764,4.96088917829871,0.004526837801362237,0.6241458710736426,3.01,-6.3,-1.0,0.0,0.0,0.0,3.01,-4.3,-1.0,0.0,0.0,0.0,3.01,-2.3,-1.0,0.0,0.0,0.0,3.01,-0.3,-1.0,0.0,0.0,0.0,3.01,-6.3,1.0,0.0,0.0,0.0,3.01,-4.3,1.0,0.0,0.0,0.0,3.01,-2.3,1.0,0.0,0.0,0.0,3.01,-0.3,1.0,0.0,0.0,0.0,0.58,-2.19,-1.0,0.0,0.0,0.0,0.58,-0.19,-1.0,0.0,0.0,0.0,0.58,1.81,-1.0,0.0,0.0,0.0,0.58,3.81,-1.0,0.0,0.0,0.0,0.58,-2.19,1.0,0.0,0.0,0.0,0.58,-0.19,1.0,0.0,0.0,0.0,0.58,1.81,1.0,0.0,0.0,0.0,0.58,3.81,1.0,0.0,0.0,0.0,-3.73,-2.0380000000002934,-0.2304000000000701,0.0,1.3000000000000789,0.39000000000000146,-3.73,-0.037999999999858904,-0.2304000000000701,0.0,1.3000000000000025,0.39000000000000146,6.21,2.708200000000096,1.1593999999999944,0.0,1.7700000000000493,0.5900000000000905,6.21,4.708200000000086,1.1593999999999944,0.0,1.7700000000000493,0.5900000000000905,9.47,-0.7324000000000305,-0.006000000000038339,0.0,-0.9099999999999664,0.3499999999999996,9.47,1.2493999999999892,0.0009999999999616594,0.0,-0.9099999999999664,0.35000000000000003,0,0,0,0,0,0,0,0,0,0,0,0,0,0,0,0,0,0,0,0,0,0,0,0,0,0,0,0,0,0,0,0,0,0,0,0,0,0,0,0,0,0,0,0,0,0,0,0,0,0,0,0,0,0,0,0,0,0,0,0,0,0,0,0,0,0,0,0,0,0,0,0,0,0,0,0,0,0,0,0,0,0,0,0,0,0,0,0,0,0,0,0,0,0,0,0,0,0,0,0,0,0,0,0,0,0,0,0,0,0,0,0,0,0,0,0,0,0,0,0,0,0,0,0,0,0,0,0,0,0,0,0,0,0,0,0,0,0,0,0,0,0,0,0,0,0,0,0,0,0,0,0,0,0,0,0,0,0,0,0,0,0,0,0,0,0,0,0
6.501142742,-6.364401999999904,0.06261610062956646,-2.1815724705858264,2.6640000000002217,0.4604448974132521,-0.36969599127756325,2.664000000000001,0.4604448974132538,-0.3696959912776947,4.841645240783691,0.4604448974132538,-0.3696959912776947,4.958426269941212,-0.007567062893668303,0.6433907561630371,3.01,-6.3,-1.0,0.0,0.0,0.0,3.01,-4.3,-1.0,0.0,0.0,0.0,3.01,-2.3,-1.0,0.0,0.0,0.0,3.01,-0.3,-1.0,0.0,0.0,0.0,3.01,-6.3,1.0,0.0,0.0,0.0,3.01,-4.3,1.0,0.0,0.0,0.0,3.01,-2.3,1.0,0.0,0.0,0.0,3.01,-0.3,1.0,0.0,0.0,0.0,0.58,-2.19,-1.0,0.0,0.0,0.0,0.58,-0.19,-1.0,0.0,0.0,0.0,0.58,1.81,-1.0,0.0,0.0,0.0,0.58,3.81,-1.0,0.0,0.0,0.0,0.58,-2.19,1.0,0.0,0.0,0.0,0.58,-0.19,1.0,0.0,0.0,0.0,0.58,1.81,1.0,0.0,0.0,0.0,0.58,3.81,1.0,0.0,0.0,0.0,-3.73,-1.9080000000002855,-0.19140000000006996,0.0,1.3000000000000789,0.39000000000000146,-3.73,0.09200000000014105,-0.19140000000006996,0.0,1.2999999999999956,0.39000000000000146,6.21,2.8498000000001,1.2066000000000017,0.0,1.7700000000000493,0.5900000000000905,6.21,4.84980000000009,1.2066000000000017,0.0,1.7700000000000493,0.5900000000000905,9.47,-0.8234000000000271,0.028999999999961633,0.0,-0.9099999999999664,0.3499999999999996,9.47,1.1765999999999919,0.028999999999961633,0.0,-0.9099999999999664,0.3499999999999996,0,0,0,0,0,0,0,0,0,0,0,0,0,0,0,0,0,0,0,0,0,0,0,0,0,0,0,0,0,0,0,0,0,0,0,0,0,0,0,0,0,0,0,0,0,0,0,0,0,0,0,0,0,0,0,0,0,0,0,0,0,0,0,0,0,0,0,0,0,0,0,0,0,0,0,0,0,0,0,0,0,0,0,0,0,0,0,0,0,0,0,0,0,0,0,0,0,0,0,0,0,0,0,0,0,0,0,0,0,0,0,0,0,0,0,0,0,0,0,0,0,0,0,0,0,0,0,0,0,0,0,0,0,0,0,0,0,0,0,0,0,0,0,0,0,0,0,0,0,0,0,0,0,0,0,0,0,0,0,0,0,0,0,0,0,0,0,0
6.600818986,-6.145674999999886,0.09990961282491505,-2.2098549898667263,2.7530000000002275,0.46771347522735207,-0.3491696417330381,2.753000000000001,0.46771347522735596,-0.34916964173316956,4.840915679931641,0.46771347522735596,-0.34916964173316956,4.955853580591479,-0.020250657282481734,0.662650132889322,3.01,-6.3,-1.0,0.0,0.0,0.0,3.01,-4.3,-1.0,0.0,0.0,0.0,3.01,-2.3,-1.0,0.0,0.0,0.0,3.01,-0.3,-1.0,0.0,0.0,0.0,3.01,-6.3,1.0,0.0,0.0,0.0,3.01,-4.3,1.0,0.0,0.0,0.0,3.01,-2.3,1.0,0.0,0.0,0.0,3.01,-0.3,1.0,0.0,0.0,0.0,0.58,-2.19,-1.0,0.0,0.0,0.0,0.58,-0.19,-1.0,0.0,0.0,0.0,0.58,1.81,-1.0,0.0,0.0,0.0,0.58,3.81,-1.0,0.0,0.0,0.0,0.58,-2.19,1.0,0.0,0.0,0.0,0.58,-0.19,1.0,0.0,0.0,0.0,0.58,1.81,1.0,0.0,0.0,0.0,0.58,3.81,1.0,0.0,0.0,0.0,-3.73,-1.7780000000002776,-0.1524000000000698,0.0,1.3000000000000789,0.39000000000000146,-3.73,0.1960000000001407,-0.16020000000006984,0.0,1.2999999999999956,0.39000000000000146,6.21,2.991400000000104,1.253800000000009,0.0,1.7700000000000493,0.5900000000000905,6.21,4.991400000000094,1.253800000000009,0.0,1.7700000000000493,0.5900000000000905,9.47,-0.9144000000000237,0.06399999999996192,0.0,-0.9099999999999664,0.35000000000000314,9.47,1.0855999999999952,0.06399999999996192,0.0,-0.9099999999999664,0.35000000000000314,0,0,0,0,0,0,0,0,0,0,0,0,0,0,0,0,0,0,0,0,0,0,0,0,0,0,0,0,0,0,0,0,0,0,0,0,0,0,0,0,0,0,0,0,0,0,0,0,0,0,0,0,0,0,0,0,0,0,0,0,0,0,0,0,0,0,0,0,0,0,0,0,0,0,0,0,0,0,0,0,0,0,0,0,0,0,0,0,0,0,0,0,0,0,0,0,0,0,0,0,0,0,0,0,0,0,0,0,0,0,0,0,0,0,0,0,0,0,0,0,0,0,0,0,0,0,0,0,0,0,0,0,0,0,0,0,0,0,0,0,0,0,0,0,0,0,0,0,0,0,0,0,0,0,0,0,0,0,0,0,0,0,0,0,0,0,0,0
6.702162055,-5.863877999999863,0.14632404728770038,-2.2435588194830243,2.8420000000002332,0.4628242552280337,-0.3325513601302177,2.842000000000001,0.4628242552280426,-0.33255136013031006,4.841309547424316,0.4628242552280426,-0.33255136013031006,4.95052833194211,-0.045662311683322576,0.7001315504462025,3.01,-6.3,-1.0,0.0,0.0,0.0,3.01,-4.3,-1.0,0.0,0.0,0.0,3.01,-2.3,-1.0,0.0,0.0,0.0,3.01,-0.3,-1.0,0.0,0.0,0.0,3.01,-6.3,1.0,0.0,0.0,0.0,3.01,-4.3,1.0,0.0,0.0,0.0,3.01,-2.3,1.0,0.0,0.0,0.0,3.01,-0.3,1.0,0.0,0.0,0.0,0.58,-2.19,-1.0,0.0,0.0,0.0,0.58,-0.19,-1.0,0.0,0.0,0.0,0.58,1.81,-1.0,0.0,0.0,0.0,0.58,3.81,-1.0,0.0,0.0,0.0,0.58,-2.19,1.0,0.0,0.0,0.0,0.58,-0.19,1.0,0.0,0.0,0.0,0.58,1.81,1.0,0.0,0.0,0.0,0.58,3.81,1.0,0.0,0.0,0.0,-3.73,-1.6740000000002713,-0.1212000000000697,0.0,1.3000000000000789,0.39000000000000146,-3.73,0.3260000000001419,-0.1212000000000697,0.0,1.3000000000000236,0.39000000000000146,6.21,3.168400000000109,1.312800000000018,0.0,1.7700000000000493,0.5900000000000905,6.21,5.168400000000099,1.312800000000018,0.0,1.7700000000000493,0.5900000000000905,9.47,-0.9872000000000211,0.09199999999996217,0.0,-0.9099999999999664,0.35000000000000314,9.47,1.012799999999998,0.09199999999996217,0.0,-0.9099999999999664,0.35000000000000314,0,0,0,0,0,0,0,0,0,0,0,0,0,0,0,0,0,0,0,0,0,0,0,0,0,0,0,0,0,0,0,0,0,0,0,0,0,0,0,0,0,0,0,0,0,0,0,0,0,0,0,0,0,0,0,0,0,0,0,0,0,0,0,0,0,0,0,0,0,0,0,0,0,0,0,0,0,0,0,0,0,0,0,0,0,0,0,0,0,0,0,0,0,0,0,0,0,0,0,0,0,0,0,0,0,0,0,0,0,0,0,0,0,0,0,0,0,0,0,0,0,0,0,0,0,0,0,0,0,0,0,0,0,0,0,0,0,0,0,0,0,0,0,0,0,0,0,0,0,0,0,0,0,0,0,0,0,0,0,0,0,0,0,0,0,0,0,0
6.800616658,-5.689041999999846,0.17408016725420755,-2.26260644264052,2.9250000000002885,0.4625678062439019,-0.3151386976241177,2.925000000000001,0.4625678062438965,-0.31513869762420654,4.83574914932251,0.4625678062438965,-0.31513869762420654,4.95052833194211,-0.045662311683322576,0.7001315504462025,3.01,-6.3,-1.0,0.0,0.0,0.0,3.01,-4.3,-1.0,0.0,0.0,0.0,3.01,-2.3,-1.0,0.0,0.0,0.0,3.01,-0.3,-1.0,0.0,0.0,0.0,3.01,-6.3,1.0,0.0,0.0,0.0,3.01,-4.3,1.0,0.0,0.0,0.0,3.01,-2.3,1.0,0.0,0.0,0.0,3.01,-0.3,1.0,0.0,0.0,0.0,0.58,-2.19,-1.0,0.0,0.0,0.0,0.58,-0.19,-1.0,0.0,0.0,0.0,0.58,1.81,-1.0,0.0,0.0,0.0,0.58,3.81,-1.0,0.0,0.0,0.0,0.58,-2.19,1.0,0.0,0.0,0.0,0.58,-0.19,1.0,0.0,0.0,0.0,0.58,1.81,1.0,0.0,0.0,0.0,0.58,3.81,1.0,0.0,0.0,0.0,-3.73,-1.5960000000002665,-0.09780000000006961,0.0,1.3000000000000789,0.39000000000000146,-3.73,0.4040000000001433,-0.09780000000006961,0.0,1.3000000000000236,0.39000000000000146,6.21,3.274600000000112,1.3482000000000234,0.0,1.7700000000000493,0.5900000000000905,6.21,5.274600000000102,1.3482000000000234,0.0,1.7700000000000493,0.5900000000000905,9.47,-1.0418000000000192,0.11299999999996235,0.0,-0.9099999999999664,0.35000000000000314,9.47,0.9581999999999999,0.11299999999996235,0.0,-0.9099999999999664,0.35000000000000314,0,0,0,0,0,0,0,0,0,0,0,0,0,0,0,0,0,0,0,0,0,0,0,0,0,0,0,0,0,0,0,0,0,0,0,0,0,0,0,0,0,0,0,0,0,0,0,0,0,0,0,0,0,0,0,0,0,0,0,0,0,0,0,0,0,0,0,0,0,0,0,0,0,0,0,0,0,0,0,0,0,0,0,0,0,0,0,0,0,0,0,0,0,0,0,0,0,0,0,0,0,0,0,0,0,0,0,0,0,0,0,0,0,0,0,0,0,0,0,0,0,0,0,0,0,0,0,0,0,0,0,0,0,0,0,0,0,0,0,0,0,0,0,0,0,0,0,0,0,0,0,0,0,0,0,0,0,0,0,0,0,0,0,0,0,0,0,0
6.900734727,-5.45075799999984,0.21111447592615856,-2.2870959898931864,2.9930000000000234,0.4630262851715027,-0.3036855459215282,2.993000000000001,0.4630262851715088,-0.3036855459213257,4.838851451873779,0.4630262851715088,-0.3036855459213257,4.94810182449067,-0.056714753082268934,0.716290284210893,3.01,-6.3,-1.0,0.0,0.0,0.0,3.01,-4.3,-1.0,0.0,0.0,0.0,3.01,-2.3,-1.0,0.0,0.0,0.0,3.01,-0.3,-1.0,0.0,0.0,0.0,3.01,-6.3,1.0,0.0,0.0,0.0,3.01,-4.3,1.0,0.0,0.0,0.0,3.01,-2.3,1.0,0.0,0.0,0.0,3.01,-0.3,1.0,0.0,0.0,0.0,0.58,-2.19,-1.0,0.0,0.0,0.0,0.58,-0.19,-1.0,0.0,0.0,0.0,0.58,1.81,-1.0,0.0,0.0,0.0,0.58,3.81,-1.0,0.0,0.0,0.0,0.58,-2.19,1.0,0.0,0.0,0.0,0.58,-0.19,1.0,0.0,0.0,0.0,0.58,1.81,1.0,0.0,0.0,0.0,0.58,3.81,1.0,0.0,0.0,0.0,-3.73,-1.4920000000002602,-0.06660000000006949,0.0,1.3000000000000789,0.39000000000000146,-3.73,0.5080000000001448,-0.06660000000006949,0.0,1.2999999999999847,0.39000000000000146,6.21,3.416200000000116,1.3954000000000306,0.0,1.7700000000000493,0.5900000000000905,6.21,5.416200000000106,1.3954000000000306,0.0,1.7700000000000493,0.5900000000000905,9.47,-1.1146000000000165,0.14099999999996196,0.0,-0.9099999999999664,0.34999999999998915,9.47,0.8854000000000026,0.14099999999996196,0.0,-0.9099999999999664,0.34999999999998915,0,0,0,0,0,0,0,0,0,0,0,0,0,0,0,0,0,0,0,0,0,0,0,0,0,0,0,0,0,0,0,0,0,0,0,0,0,0,0,0,0,0,0,0,0,0,0,0,0,0,0,0,0,0,0,0,0,0,0,0,0,0,0,0,0,0,0,0,0,0,0,0,0,0,0,0,0,0,0,0,0,0,0,0,0,0,0,0,0,0,0,0,0,0,0,0,0,0,0,0,0,0,0,0,0,0,0,0,0,0,0,0,0,0,0,0,0,0,0,0,0,0,0,0,0,0,0,0,0,0,0,0,0,0,0,0,0,0,0,0,0,0,0,0,0,0,0,0,0,0,0,0,0,0,0,0,0,0,0,0,0,0,0,0,0,0,0,0
7.001650499,-5.206295999999852,0.24778493090510106,-2.3106711280448295,3.073999999999799,0.457031965255733,-0.29207739233960694,3.074000000000001,0.4570319652557373,-0.2920773923397064,4.838709831237793,0.4570319652557373,-0.2920773923397064,4.945284721987137,-0.06918533303922547,0.7344197765398603,3.01,-6.3,-1.0,0.0,0.0,0.0,3.01,-4.3,-1.0,0.0,0.0,0.0,3.01,-2.3,-1.0,0.0,0.0,0.0,3.01,-0.3,-1.0,0.0,0.0,0.0,3.01,-6.3,1.0,0.0,0.0,0.0,3.01,-4.3,1.0,0.0,0.0,0.0,3.01,-2.3,1.0,0.0,0.0,0.0,3.01,-0.3,1.0,0.0,0.0,0.0,0.58,-2.19,-1.0,0.0,0.0,0.0,0.58,-0.19,-1.0,0.0,0.0,0.0,0.58,1.81,-1.0,0.0,0.0,0.0,0.58,3.81,-1.0,0.0,0.0,0.0,0.58,-2.19,1.0,0.0,0.0,0.0,0.58,-0.19,1.0,0.0,0.0,0.0,0.58,1.81,1.0,0.0,0.0,0.0,0.58,3.81,1.0,0.0,0.0,0.0,-3.73,-1.388000000000254,-0.035400000000069376,0.0,1.3000000000000789,0.39000000000000146,-3.73,0.6120000000001422,-0.035400000000069376,0.0,1.299999999999968,0.39000000000000146,6.21,3.5578000000001198,1.4426000000000379,0.0,1.7700000000000493,0.5900000000000905,6.21,5.5578000000001095,1.4426000000000379,0.0,1.7700000000000493,0.5900000000000905,9.47,-1.1874000000000138,0.1689999999999611,0.0,-0.9099999999999664,0.34999999999998915,9.47,0.8126000000000053,0.1689999999999611,0.0,-0.9099999999999664,0.34999999999998915,0,0,0,0,0,0,0,0,0,0,0,0,0,0,0,0,0,0,0,0,0,0,0,0,0,0,0,0,0,0,0,0,0,0,0,0,0,0,0,0,0,0,0,0,0,0,0,0,0,0,0,0,0,0,0,0,0,0,0,0,0,0,0,0,0,0,0,0,0,0,0,0,0,0,0,0,0,0,0,0,0,0,0,0,0,0,0,0,0,0,0,0,0,0,0,0,0,0,0,0,0,0,0,0,0,0,0,0,0,0,0,0,0,0,0,0,0,0,0,0,0,0,0,0,0,0,0,0,0,0,0,0,0,0,0,0,0,0,0,0,0,0,0,0,0,0,0,0,0,0,0,0,0,0,0,0,0,0,0,0,0,0,0,0,0,0,0,0
7.118141972,-4.892335999999829,0.2931021307313411,-2.3388128736717504,3.154000000000323,0.45232468843459106,-0.2790774703025356,3.1540000000000012,0.45232468843460083,-0.2790774703025818,4.838064193725586,0.45232468843460083,-0.2790774703025818,4.942060931395184,-0.08284276950832352,0.7544341097256666,3.01,-6.3,-1.0,0.0,0.0,0.0,3.01,-4.3,-1.0,0.0,0.0,0.0,3.01,-2.3,-1.0,0.0,0.0,0.0,3.01,-0.3,-1.0,0.0,0.0,0.0,3.01,-6.3,1.0,0.0,0.0,0.0,3.01,-4.3,1.0,0.0,0.0,0.0,3.01,-2.3,1.0,0.0,0.0,0.0,3.01,-0.3,1.0,0.0,0.0,0.0,0.58,-2.19,-1.0,0.0,0.0,0.0,0.58,-0.19,-1.0,0.0,0.0,0.0,0.58,1.81,-1.0,0.0,0.0,0.0,0.58,3.81,-1.0,0.0,0.0,0.0,0.58,-2.19,1.0,0.0,0.0,0.0,0.58,-0.19,1.0,0.0,0.0,0.0,0.58,1.81,1.0,0.0,0.0,0.0,0.58,3.81,1.0,0.0,0.0,0.0,-3.73,-1.258000000000246,0.0035999999999306908,0.0,1.3000000000000789,0.39,-3.73,0.742000000000139,0.0035999999999306908,0.0,1.299999999999968,0.39,6.21,3.7348000000001247,1.501600000000047,0.0,1.7700000000000493,0.5900000000000905,6.21,5.7348000000001145,1.501600000000047,0.0,1.7700000000000493,0.5900000000000905,9.47,-1.2784000000000104,0.20399999999996002,0.0,-0.9099999999999664,0.34999999999998915,9.47,0.7216000000000087,0.20399999999996002,0.0,-0.9099999999999664,0.34999999999998915,0,0,0,0,0,0,0,0,0,0,0,0,0,0,0,0,0,0,0,0,0,0,0,0,0,0,0,0,0,0,0,0,0,0,0,0,0,0,0,0,0,0,0,0,0,0,0,0,0,0,0,0,0,0,0,0,0,0,0,0,0,0,0,0,0,0,0,0,0,0,0,0,0,0,0,0,0,0,0,0,0,0,0,0,0,0,0,0,0,0,0,0,0,0,0,0,0,0,0,0,0,0,0,0,0,0,0,0,0,0,0,0,0,0,0,0,0,0,0,0,0,0,0,0,0,0,0,0,0,0,0,0,0,0,0,0,0,0,0,0,0,0,0,0,0,0,0,0,0,0,0,0,0,0,0,0,0,0,0,0,0,0,0,0,0,0,0,0
7.20155364,-4.633645999999845,0.32868601842760775,-2.3601921641928834,3.2449999999997203,0.4437234401702961,-0.26555022597296585,3.2450000000000014,0.4437234401702881,-0.2655502259731293,4.837777137756348,0.4437234401702881,-0.2655502259731293,4.938481381444253,-0.09736575213602083,0.775836036440336,3.01,-6.3,-1.0,0.0,0.0,0.0,3.01,-4.3,-1.0,0.0,0.0,0.0,3.01,-2.3,-1.0,0.0,0.0,0.0,3.01,-0.3,-1.0,0.0,0.0,0.0,3.01,-6.3,1.0,0.0,0.0,0.0,3.01,-4.3,1.0,0.0,0.0,0.0,3.01,-2.3,1.0,0.0,0.0,0.0,3.01,-0.3,1.0,0.0,0.0,0.0,0.58,-2.19,-1.0,0.0,0.0,0.0,0.58,-0.19,-1.0,0.0,0.0,0.0,0.58,1.81,-1.0,0.0,0.0,0.0,0.58,3.81,-1.0,0.0,0.0,0.0,0.58,-2.19,1.0,0.0,0.0,0.0,0.58,-0.19,1.0,0.0,0.0,0.0,0.58,1.81,1.0,0.0,0.0,0.0,0.58,3.81,1.0,0.0,0.0,0.0,-3.73,-1.1540000000002397,0.034799999999930754,0.0,1.3000000000000789,0.39000000000000146,-3.73,0.8460000000001364,0.034799999999930754,0.0,1.299999999999968,0.39000000000000146,6.21,3.8764000000001286,1.5488000000000541,0.0,1.7700000000000493,0.5900000000000905,6.21,5.876400000000118,1.5488000000000541,0.0,1.7700000000000493,0.5900000000000905,9.47,-1.3512000000000077,0.23199999999995916,0.0,-0.9099999999999664,0.34999999999998915,9.47,0.6488000000000114,0.23199999999995916,0.0,-0.9099999999999664,0.34999999999998915,0,0,0,0,0,0,0,0,0,0,0,0,0,0,0,0,0,0,0,0,0,0,0,0,0,0,0,0,0,0,0,0,0,0,0,0,0,0,0,0,0,0,0,0,0,0,0,0,0,0,0,0,0,0,0,0,0,0,0,0,0,0,0,0,0,0,0,0,0,0,0,0,0,0,0,0,0,0,0,0,0,0,0,0,0,0,0,0,0,0,0,0,0,0,0,0,0,0,0,0,0,0,0,0,0,0,0,0,0,0,0,0,0,0,0,0,0,0,0,0,0,0,0,0,0,0,0,0,0,0,0,0,0,0,0,0,0,0,0,0,0,0,0,0,0,0,0,0,0,0,0,0,0,0,0,0,0,0,0,0,0,0,0,0,0,0,0,0
7.301072375,-4.368555999999859,0.3638456874096362,-2.3807260778946477,3.334999999999866,0.4381790757179149,-0.25390917062750873,3.3350000000000013,0.438179075717926,-0.253909170627594,4.83588981628418,0.438179075717926,-0.253909170627594,4.9344461002143145,-0.11292776145615738,0.7990550699246235,3.01,-6.3,-1.0,0.0,0.0,0.0,3.01,-4.3,-1.0,0.0,0.0,0.0,3.01,-2.3,-1.0,0.0,0.0,0.0,3.01,-0.3,-1.0,0.0,0.0,0.0,3.01,-6.3,1.0,0.0,0.0,0.0,3.01,-4.3,1.0,0.0,0.0,0.0,3.01,-2.3,1.0,0.0,0.0,0.0,3.01,-0.3,1.0,0.0,0.0,0.0,0.58,-2.19,-1.0,0.0,0.0,0.0,0.58,-0.19,-1.0,0.0,0.0,0.0,0.58,1.81,-1.0,0.0,0.0,0.0,0.58,3.81,-1.0,0.0,0.0,0.0,0.58,-2.19,1.0,0.0,0.0,0.0,0.58,-0.19,1.0,0.0,0.0,0.0,0.58,1.81,1.0,0.0,0.0,0.0,0.58,3.81,1.0,0.0,0.0,0.0,-3.73,-1.0500000000002334,0.06599999999993086,0.0,1.3000000000000789,0.39000000000000073,-3.73,0.9500000000001338,0.06599999999993086,0.0,1.299999999999968,0.39000000000000073,6.21,4.018000000000128,1.5960000000000614,0.0,1.7699999999996052,0.5900000000000905,6.21,6.018000000000118,1.5960000000000614,0.0,1.7699999999996052,0.5900000000000905,9.47,-1.424000000000005,0.2599999999999591,0.0,-0.9099999999999664,0.35000000000001696,9.47,0.5760000000000141,0.2599999999999591,0.0,-0.9099999999999664,0.35000000000001696,0,0,0,0,0,0,0,0,0,0,0,0,0,0,0,0,0,0,0,0,0,0,0,0,0,0,0,0,0,0,0,0,0,0,0,0,0,0,0,0,0,0,0,0,0,0,0,0,0,0,0,0,0,0,0,0,0,0,0,0,0,0,0,0,0,0,0,0,0,0,0,0,0,0,0,0,0,0,0,0,0,0,0,0,0,0,0,0,0,0,0,0,0,0,0,0,0,0,0,0,0,0,0,0,0,0,0,0,0,0,0,0,0,0,0,0,0,0,0,0,0,0,0,0,0,0,0,0,0,0,0,0,0,0,0,0,0,0,0,0,0,0,0,0,0,0,0,0,0,0,0,0,0,0,0,0,0,0,0,0,0,0,0,0,0,0,0,0
7.404049229,-4.028595999999847,0.4069017882549716,-2.405222979287577,3.4200000000002007,0.4281553030013874,-0.24214580655090856,3.4200000000000013,0.4281553030014038,-0.24214580655097961,4.834372043609619,0.4281553030014038,-0.24214580655097961,4.930370486192009,-0.1279093324646391,0.8216362160684165,3.01,-6.3,-1.0,0.0,0.0,0.0,3.01,-4.3,-1.0,0.0,0.0,0.0,3.01,-2.3,-1.0,0.0,0.0,0.0,3.01,-0.3,-1.0,0.0,0.0,0.0,3.01,-6.3,1.0,0.0,0.0,0.0,3.01,-4.3,1.0,0.0,0.0,0.0,3.01,-2.3,1.0,0.0,0.0,0.0,3.01,-0.3,1.0,0.0,0.0,0.0,0.58,-2.19,-1.0,0.0,0.0,0.0,0.58,-0.19,-1.0,0.0,0.0,0.0,0.58,1.81,-1.0,0.0,0.0,0.0,0.58,3.81,-1.0,0.0,0.0,0.0,0.58,-2.19,1.0,0.0,0.0,0.0,0.58,-0.19,1.0,0.0,0.0,0.0,0.58,1.81,1.0,0.0,0.0,0.0,0.58,3.81,1.0,0.0,0.0,0.0,-3.73,-0.9200000000002324,0.10499999999993101,0.0,1.299999999999968,0.39000000000000146,-3.73,1.054000000000136,0.09719999999993098,0.0,1.3000000000000789,0.39000000000000146,6.21,4.159600000000096,1.6432000000000686,0.0,1.7699999999996052,0.5900000000000905,6.21,6.195000000000078,1.6550000000000704,0.0,1.7699999999996052,0.5900000000000905,9.47,-1.4968000000000024,0.28799999999996045,0.0,-0.9099999999999664,0.35000000000001696,9.47,0.5032000000000167,0.28799999999996045,0.0,-0.9099999999999664,0.35000000000001696,0,0,0,0,0,0,0,0,0,0,0,0,0,0,0,0,0,0,0,0,0,0,0,0,0,0,0,0,0,0,0,0,0,0,0,0,0,0,0,0,0,0,0,0,0,0,0,0,0,0,0,0,0,0,0,0,0,0,0,0,0,0,0,0,0,0,0,0,0,0,0,0,0,0,0,0,0,0,0,0,0,0,0,0,0,0,0,0,0,0,0,0,0,0,0,0,0,0,0,0,0,0,0,0,0,0,0,0,0,0,0,0,0,0,0,0,0,0,0,0,0,0,0,0,0,0,0,0,0,0,0,0,0,0,0,0,0,0,0,0,0,0,0,0,0,0,0,0,0,0,0,0,0,0,0,0,0,0,0,0,0,0,0,0,0,0,0,0
7.501467545,-3.7489369999998585,0.4406194836103883,-2.423899157742941,3.502999999999812,0.42083024978639694,-0.23261860013024105,3.5030000000000014,0.42083024978637695,-0.23261860013008118,4.831822395324707,0.42083024978637695,-0.23261860013008118,4.926187097299999,-0.14251470299258157,0.8440202851981413,3.01,-6.3,-1.0,0.0,0.0,0.0,3.01,-4.3,-1.0,0.0,0.0,0.0,3.01,-2.3,-1.0,0.0,0.0,0.0,3.01,-0.3,-1.0,0.0,0.0,0.0,3.01,-6.3,1.0,0.0,0.0,0.0,3.01,-4.3,1.0,0.0,0.0,0.0,3.01,-2.3,1.0,0.0,0.0,0.0,3.01,-0.3,1.0,0.0,0.0,0.0,0.58,-2.19,-1.0,0.0,0.0,0.0,0.58,-0.19,-1.0,0.0,0.0,0.0,0.58,1.81,-1.0,0.0,0.0,0.0,0.58,3.81,-1.0,0.0,0.0,0.0,0.58,-2.19,1.0,0.0,0.0,0.0,0.58,-0.19,1.0,0.0,0.0,0.0,0.58,1.81,1.0,0.0,0.0,0.0,0.58,3.81,1.0,0.0,0.0,0.0,-3.73,-0.816000000000235,0.13619999999993113,0.0,1.299999999999968,0.39000000000000146,-3.73,1.1840000000001438,0.13619999999993113,0.0,1.3000000000000789,0.39000000000000146,6.21,4.336600000000057,1.7022000000000777,0.0,1.7699999999996052,0.5900000000000905,6.21,6.336600000000047,1.7022000000000777,0.0,1.7699999999996052,0.5900000000000905,9.47,-1.587799999999999,0.32299999999996215,0.0,-0.9099999999999664,0.35000000000001696,9.47,0.4122000000000147,0.32299999999996215,0.0,-0.9100000000000217,0.35000000000001696,0,0,0,0,0,0,0,0,0,0,0,0,0,0,0,0,0,0,0,0,0,0,0,0,0,0,0,0,0,0,0,0,0,0,0,0,0,0,0,0,0,0,0,0,0,0,0,0,0,0,0,0,0,0,0,0,0,0,0,0,0,0,0,0,0,0,0,0,0,0,0,0,0,0,0,0,0,0,0,0,0,0,0,0,0,0,0,0,0,0,0,0,0,0,0,0,0,0,0,0,0,0,0,0,0,0,0,0,0,0,0,0,0,0,0,0,0,0,0,0,0,0,0,0,0,0,0,0,0,0,0,0,0,0,0,0,0,0,0,0,0,0,0,0,0,0,0,0,0,0,0,0,0,0,0,0,0,0,0,0,0,0,0,0,0,0,0,0
7.600994653,-3.46290099999986,0.47370756872534464,-2.4419313945872476,3.587000000000006,0.4124485850334203,-0.22425264120107258,3.5870000000000015,0.41244858503341675,-0.2242526412010193,4.82918119430542,0.41244858503341675,-0.2242526412010193,4.921322313026902,-0.15866695239761713,0.8691441132058586,3.01,-6.3,-1.0,0.0,0.0,0.0,3.01,-4.3,-1.0,0.0,0.0,0.0,3.01,-2.3,-1.0,0.0,0.0,0.0,3.01,-0.3,-1.0,0.0,0.0,0.0,3.01,-6.3,1.0,0.0,0.0,0.0,3.01,-4.3,1.0,0.0,0.0,0.0,3.01,-2.3,1.0,0.0,0.0,0.0,3.01,-0.3,1.0,0.0,0.0,0.0,0.58,-2.19,-1.0,0.0,0.0,0.0,0.58,-0.19,-1.0,0.0,0.0,0.0,0.58,1.81,-1.0,0.0,0.0,0.0,0.58,3.81,-1.0,0.0,0.0,0.0,0.58,-2.19,1.0,0.0,0.0,0.0,0.58,-0.19,1.0,0.0,0.0,0.0,0.58,1.81,1.0,0.0,0.0,0.0,0.58,3.81,1.0,0.0,0.0,0.0,-3.73,-0.7120000000002376,0.16739999999993124,0.0,1.299999999999968,0.39000000000000146,-3.73,1.2880000000001501,0.16739999999993124,0.0,1.3000000000000789,0.39000000000000146,6.21,4.478200000000025,1.7494000000000849,0.0,1.7699999999996052,0.5900000000000905,6.21,6.478200000000015,1.7494000000000849,0.0,1.7699999999996052,0.5900000000000905,9.47,-1.6605999999999963,0.3509999999999635,0.0,-0.9099999999999664,0.35000000000001696,9.47,0.33940000000001297,0.3509999999999635,0.0,-0.9100000000000217,0.35000000000001696,0,0,0,0,0,0,0,0,0,0,0,0,0,0,0,0,0,0,0,0,0,0,0,0,0,0,0,0,0,0,0,0,0,0,0,0,0,0,0,0,0,0,0,0,0,0,0,0,0,0,0,0,0,0,0,0,0,0,0,0,0,0,0,0,0,0,0,0,0,0,0,0,0,0,0,0,0,0,0,0,0,0,0,0,0,0,0,0,0,0,0,0,0,0,0,0,0,0,0,0,0,0,0,0,0,0,0,0,0,0,0,0,0,0,0,0,0,0,0,0,0,0,0,0,0,0,0,0,0,0,0,0,0,0,0,0,0,0,0,0,0,0,0,0,0,0,0,0,0,0,0,0,0,0,0,0,0,0,0,0,0,0,0,0,0,0,0,0
7.701735445,-3.170630999999851,0.5061790701949569,-2.4594036789936706,3.6770000000001515,0.40356069803237915,-0.21632167696949978,3.6770000000000014,0.40356069803237915,-0.2163216769695282,4.825645446777344,0.40356069803237915,-0.2163216769695282,4.916023692344581,-0.17534381441527638,0.8955253223963312,3.01,-6.3,-1.0,0.0,0.0,0.0,3.01,-4.3,-1.0,0.0,0.0,0.0,3.01,-2.3,-1.0,0.0,0.0,0.0,3.01,-0.3,-1.0,0.0,0.0,0.0,3.01,-6.3,1.0,0.0,0.0,0.0,3.01,-4.3,1.0,0.0,0.0,0.0,3.01,-2.3,1.0,0.0,0.0,0.0,3.01,-0.3,1.0,0.0,0.0,0.0,0.58,-2.19,-1.0,0.0,0.0,0.0,0.58,-0.19,-1.0,0.0,0.0,0.0,0.58,1.81,-1.0,0.0,0.0,0.0,0.58,3.81,-1.0,0.0,0.0,0.0,0.58,-2.19,1.0,0.0,0.0,0.0,0.58,-0.19,1.0,0.0,0.0,0.0,0.58,1.81,1.0,0.0,0.0,0.0,0.58,3.81,1.0,0.0,0.0,0.0,-3.73,-0.6080000000002401,0.19859999999993136,0.0,1.299999999999968,0.39000000000000146,-3.73,1.3920000000001564,0.19859999999993136,0.0,1.3000000000000789,0.39000000000000146,6.21,4.6197999999999935,1.7966000000000921,0.0,1.7699999999996052,0.5900000000000905,6.21,6.619799999999984,1.7966000000000921,0.0,1.7699999999996052,0.5900000000000905,9.47,-1.7333999999999936,0.37899999999996486,0.0,-0.9099999999999664,0.35000000000001696,9.47,0.2666000000000112,0.37899999999996486,0.0,-0.9100000000000217,0.35000000000001696,0,0,0,0,0,0,0,0,0,0,0,0,0,0,0,0,0,0,0,0,0,0,0,0,0,0,0,0,0,0,0,0,0,0,0,0,0,0,0,0,0,0,0,0,0,0,0,0,0,0,0,0,0,0,0,0,0,0,0,0,0,0,0,0,0,0,0,0,0,0,0,0,0,0,0,0,0,0,0,0,0,0,0,0,0,0,0,0,0,0,0,0,0,0,0,0,0,0,0,0,0,0,0,0,0,0,0,0,0,0,0,0,0,0,0,0,0,0,0,0,0,0,0,0,0,0,0,0,0,0,0,0,0,0,0,0,0,0,0,0,0,0,0,0,0,0,0,0,0,0,0,0,0,0,0,0,0,0,0,0,0,0,0,0,0,0,0,0
7.801176417,-2.9469329999998504,0.5299344144666167,-2.472036288718668,3.757999999999927,0.39150023460388095,-0.20719823241233115,3.7580000000000013,0.39150023460388184,-0.20719823241233826,4.822629928588867,0.39150023460388184,-0.20719823241233826,4.910688249473326,-0.19125359082199128,0.9211747828085043,3.01,-6.3,-1.0,0.0,0.0,0.0,3.01,-4.3,-1.0,0.0,0.0,0.0,3.01,-2.3,-1.0,0.0,0.0,0.0,3.01,-0.3,-1.0,0.0,0.0,0.0,3.01,-6.3,1.0,0.0,0.0,0.0,3.01,-4.3,1.0,0.0,0.0,0.0,3.01,-2.3,1.0,0.0,0.0,0.0,3.01,-0.3,1.0,0.0,0.0,0.0,0.58,-2.19,-1.0,0.0,0.0,0.0,0.58,-0.19,-1.0,0.0,0.0,0.0,0.58,1.81,-1.0,0.0,0.0,0.0,0.58,3.81,-1.0,0.0,0.0,0.0,0.58,-2.19,1.0,0.0,0.0,0.0,0.58,-0.19,1.0,0.0,0.0,0.0,0.58,1.81,1.0,0.0,0.0,0.0,0.58,3.81,1.0,0.0,0.0,0.0,-3.73,-0.530000000000242,0.22199999999993145,0.0,1.299999999999968,0.39000000000000146,-3.73,1.4700000000001612,0.22199999999993145,0.0,1.3000000000000789,0.39000000000000146,6.21,4.72599999999997,1.8320000000000976,0.0,1.7699999999996052,0.5900000000000905,6.21,6.72599999999996,1.8320000000000976,0.0,1.7699999999996052,0.5900000000000905,9.47,-1.7879999999999916,0.3999999999999659,0.0,-0.9099999999999664,0.35000000000001696,9.47,0.21200000000001107,0.3999999999999659,0.0,-0.9099999999999941,0.35000000000001696,0,0,0,0,0,0,0,0,0,0,0,0,0,0,0,0,0,0,0,0,0,0,0,0,0,0,0,0,0,0,0,0,0,0,0,0,0,0,0,0,0,0,0,0,0,0,0,0,0,0,0,0,0,0,0,0,0,0,0,0,0,0,0,0,0,0,0,0,0,0,0,0,0,0,0,0,0,0,0,0,0,0,0,0,0,0,0,0,0,0,0,0,0,0,0,0,0,0,0,0,0,0,0,0,0,0,0,0,0,0,0,0,0,0,0,0,0,0,0,0,0,0,0,0,0,0,0,0,0,0,0,0,0,0,0,0,0,0,0,0,0,0,0,0,0,0,0,0,0,0,0,0,0,0,0,0,0,0,0,0,0,0,0,0,0,0,0,0
7.900907019,-2.6428829999998436,0.5608958314263783,-2.488303327451433,3.8200000000001566,0.38498020172117453,-0.2015833258628419,3.820000000000001,0.3849802017211914,-0.20158332586288452,4.817662715911865,0.3849802017211914,-0.20158332586288452,4.905919950471026,-0.2047533825045798,0.9434116238012392,3.01,-6.3,-1.0,0.0,0.0,0.0,3.01,-4.3,-1.0,0.0,0.0,0.0,3.01,-2.3,-1.0,0.0,0.0,0.0,3.01,-0.3,-1.0,0.0,0.0,0.0,3.01,-6.3,1.0,0.0,0.0,0.0,3.01,-4.3,1.0,0.0,0.0,0.0,3.01,-2.3,1.0,0.0,0.0,0.0,3.01,-0.3,1.0,0.0,0.0,0.0,0.58,-2.19,-1.0,0.0,0.0,0.0,0.58,-0.19,-1.0,0.0,0.0,0.0,0.58,1.81,-1.0,0.0,0.0,0.0,0.58,3.81,-1.0,0.0,0.0,0.0,0.58,-2.19,1.0,0.0,0.0,0.0,0.58,-0.19,1.0,0.0,0.0,0.0,0.58,1.81,1.0,0.0,0.0,0.0,0.58,3.81,1.0,0.0,0.0,0.0,-3.73,-0.42600000000024146,0.25319999999993154,0.0,1.3000000000000236,0.3899999999999987,-3.73,1.5740000000001675,0.25319999999993154,0.0,1.3000000000000789,0.3899999999999987,6.21,4.867599999999938,1.8792000000001048,0.0,1.7699999999996052,0.5900000000000905,6.21,6.867599999999928,1.8792000000001048,0.0,1.7699999999996052,0.5900000000000905,9.47,-1.860799999999989,0.42799999999996724,0.0,-0.9099999999999664,0.35000000000001696,9.47,0.13920000000001154,0.42799999999996724,0.0,-0.9099999999999941,0.35000000000001696,0,0,0,0,0,0,0,0,0,0,0,0,0,0,0,0,0,0,0,0,0,0,0,0,0,0,0,0,0,0,0,0,0,0,0,0,0,0,0,0,0,0,0,0,0,0,0,0,0,0,0,0,0,0,0,0,0,0,0,0,0,0,0,0,0,0,0,0,0,0,0,0,0,0,0,0,0,0,0,0,0,0,0,0,0,0,0,0,0,0,0,0,0,0,0,0,0,0,0,0,0,0,0,0,0,0,0,0,0,0,0,0,0,0,0,0,0,0,0,0,0,0,0,0,0,0,0,0,0,0,0,0,0,0,0,0,0,0,0,0,0,0,0,0,0,0,0,0,0,0,0,0,0,0,0,0,0,0,0,0,0,0,0,0,0,0,0,0
8.001093862,-2.3326839999998317,0.5912454238736571,-2.5041248528165476,3.8930000000001455,0.3778560161590283,-0.1967398226261352,3.893000000000001,0.3778560161590576,-0.1967398226261139,4.813586235046387,0.3778560161590576,-0.1967398226261139,4.9003687582277085,-0.2197720324069777,0.9685485466188754,3.01,-6.3,-1.0,0.0,0.0,0.0,3.01,-4.3,-1.0,0.0,0.0,0.0,3.01,-2.3,-1.0,0.0,0.0,0.0,3.01,-0.3,-1.0,0.0,0.0,0.0,3.01,-6.3,1.0,0.0,0.0,0.0,3.01,-4.3,1.0,0.0,0.0,0.0,3.01,-2.3,1.0,0.0,0.0,0.0,3.01,-0.3,1.0,0.0,0.0,0.0,0.58,-2.19,-1.0,0.0,0.0,0.0,0.58,-0.19,-1.0,0.0,0.0,0.0,0.58,1.81,-1.0,0.0,0.0,0.0,0.58,3.81,-1.0,0.0,0.0,0.0,0.58,-2.19,1.0,0.0,0.0,0.0,0.58,-0.19,1.0,0.0,0.0,0.0,0.58,1.81,1.0,0.0,0.0,0.0,0.58,3.81,1.0,0.0,0.0,0.0,-3.73,-0.3220000000002396,0.28439999999993165,0.0,1.3000000000000236,0.39000000000000146,-3.73,1.6780000000001738,0.28439999999993165,0.0,1.3000000000000789,0.39000000000000146,6.21,5.009199999999907,1.926400000000112,0.0,1.7699999999996052,0.5900000000000905,6.21,7.009199999999897,1.926400000000112,0.0,1.7699999999996052,0.5900000000000905,9.47,-1.9335999999999862,0.4559999999999686,0.0,-0.9099999999999664,0.35000000000001696,9.47,0.066400000000012,0.4559999999999686,0.0,-0.9099999999999941,0.35000000000001696,0,0,0,0,0,0,0,0,0,0,0,0,0,0,0,0,0,0,0,0,0,0,0,0,0,0,0,0,0,0,0,0,0,0,0,0,0,0,0,0,0,0,0,0,0,0,0,0,0,0,0,0,0,0,0,0,0,0,0,0,0,0,0,0,0,0,0,0,0,0,0,0,0,0,0,0,0,0,0,0,0,0,0,0,0,0,0,0,0,0,0,0,0,0,0,0,0,0,0,0,0,0,0,0,0,0,0,0,0,0,0,0,0,0,0,0,0,0,0,0,0,0,0,0,0,0,0,0,0,0,0,0,0,0,0,0,0,0,0,0,0,0,0,0,0,0,0,0,0,0,0,0,0,0,0,0,0,0,0,0,0,0,0,0,0,0,0,0
8.101566112,-2.016203999999843,0.620840867897263,-2.519469194392634,3.972999999999783,0.36780780553813397,-0.19047245383241318,3.973000000000001,0.3678078055381775,-0.19047245383262634,4.80953311920166,0.3678078055381775,-0.19047245383262634,4.89374041264445,-0.23685585215603874,0.9975991574525112,3.01,-6.3,-1.0,0.0,0.0,0.0,3.01,-4.3,-1.0,0.0,0.0,0.0,3.01,-2.3,-1.0,0.0,0.0,0.0,3.01,-0.3,-1.0,0.0,0.0,0.0,3.01,-6.3,1.0,0.0,0.0,0.0,3.01,-4.3,1.0,0.0,0.0,0.0,3.01,-2.3,1.0,0.0,0.0,0.0,3.01,-0.3,1.0,0.0,0.0,0.0,0.58,-2.19,-1.0,0.0,0.0,0.0,0.58,-0.19,-1.0,0.0,0.0,0.0,0.58,1.81,-1.0,0.0,0.0,0.0,0.58,3.81,-1.0,0.0,0.0,0.0,0.58,-2.19,1.0,0.0,0.0,0.0,0.58,-0.19,1.0,0.0,0.0,0.0,0.58,1.81,1.0,0.0,0.0,0.0,0.58,3.81,1.0,0.0,0.0,0.0,-3.73,-0.21800000000023842,0.31559999999993177,0.0,1.2999999999999956,0.39000000000000146,-3.73,1.78200000000018,0.31559999999993177,0.0,1.3000000000000789,0.39000000000000146,6.21,5.150799999999875,1.9736000000001193,0.0,1.7699999999996052,0.5900000000000905,6.21,7.150799999999865,1.9736000000001193,0.0,1.7699999999996052,0.5900000000000905,9.47,-2.006399999999985,0.48399999999996995,0.0,-0.9100000000001218,0.35000000000001696,9.47,-0.00639999999998695,0.48399999999996995,0.0,-0.9099999999999856,0.35000000000001696,0,0,0,0,0,0,0,0,0,0,0,0,0,0,0,0,0,0,0,0,0,0,0,0,0,0,0,0,0,0,0,0,0,0,0,0,0,0,0,0,0,0,0,0,0,0,0,0,0,0,0,0,0,0,0,0,0,0,0,0,0,0,0,0,0,0,0,0,0,0,0,0,0,0,0,0,0,0,0,0,0,0,0,0,0,0,0,0,0,0,0,0,0,0,0,0,0,0,0,0,0,0,0,0,0,0,0,0,0,0,0,0,0,0,0,0,0,0,0,0,0,0,0,0,0,0,0,0,0,0,0,0,0,0,0,0,0,0,0,0,0,0,0,0,0,0,0,0,0,0,0,0,0,0,0,0,0,0,0,0,0,0,0,0,0,0,0,0
8.201260407,-1.6933239999998384,0.6496182495558134,-2.5343073099059454,4.053000000000083,0.357534110546065,-0.18412831425651532,4.053000000000001,0.35753411054611206,-0.1841283142566681,4.804214000701904,0.35753411054611206,-0.1841283142566681,4.88658145494337,-0.2543412386091242,1.0279261736848202,3.01,-6.3,-1.0,0.0,0.0,0.0,3.01,-4.3,-1.0,0.0,0.0,0.0,3.01,-2.3,-1.0,0.0,0.0,0.0,3.01,-0.3,-1.0,0.0,0.0,0.0,3.01,-6.3,1.0,0.0,0.0,0.0,3.01,-4.3,1.0,0.0,0.0,0.0,3.01,-2.3,1.0,0.0,0.0,0.0,3.01,-0.3,1.0,0.0,0.0,0.0,0.58,-2.19,-1.0,0.0,0.0,0.0,0.58,-0.19,-1.0,0.0,0.0,0.0,0.58,1.81,-1.0,0.0,0.0,0.0,0.58,3.81,-1.0,0.0,0.0,0.0,0.58,-2.19,1.0,0.0,0.0,0.0,0.58,-0.19,1.0,0.0,0.0,0.0,0.58,1.81,1.0,0.0,0.0,0.0,0.58,3.81,1.0,0.0,0.0,0.0,-3.73,-0.11400000000023877,0.3467999999999319,0.0,1.2999999999999956,0.39000000000000146,-3.73,1.8860000000001864,0.3467999999999319,0.0,1.3000000000000789,0.39000000000000146,6.21,5.2923999999998435,2.0208000000001185,0.0,1.7699999999996052,0.5899999999998684,6.21,7.292399999999834,2.0208000000001185,0.0,1.7699999999996052,0.5899999999998684,9.47,-2.0792,0.5119999999999694,0.0,-0.9100000000001884,0.34999999999996145,9.47,-0.07919999999998685,0.5119999999999694,0.0,-0.9099999999999941,0.34999999999996145,0,0,0,0,0,0,0,0,0,0,0,0,0,0,0,0,0,0,0,0,0,0,0,0,0,0,0,0,0,0,0,0,0,0,0,0,0,0,0,0,0,0,0,0,0,0,0,0,0,0,0,0,0,0,0,0,0,0,0,0,0,0,0,0,0,0,0,0,0,0,0,0,0,0,0,0,0,0,0,0,0,0,0,0,0,0,0,0,0,0,0,0,0,0,0,0,0,0,0,0,0,0,0,0,0,0,0,0,0,0,0,0,0,0,0,0,0,0,0,0,0,0,0,0,0,0,0,0,0,0,0,0,0,0,0,0,0,0,0,0,0,0,0,0,0,0,0,0,0,0,0,0,0,0,0,0,0,0,0,0,0,0,0,0,0,0,0,0
8.300833663,-1.3642119999998332,0.6774396945440626,-2.5485856012505756,4.137000000000057,0.3440636992454449,-0.17633566260322198,4.1370000000000005,0.3440636992454529,-0.1763356626033783,4.799437522888184,0.3440636992454529,-0.1763356626033783,4.877997269630924,-0.27416963963145397,1.063002185405842,3.01,-6.3,-1.0,0.0,0.0,0.0,3.01,-4.3,-1.0,0.0,0.0,0.0,3.01,-2.3,-1.0,0.0,0.0,0.0,3.01,-0.3,-1.0,0.0,0.0,0.0,3.01,-6.3,1.0,0.0,0.0,0.0,3.01,-4.3,1.0,0.0,0.0,0.0,3.01,-2.3,1.0,0.0,0.0,0.0,3.01,-0.3,1.0,0.0,0.0,0.0,0.58,-2.19,-1.0,0.0,0.0,0.0,0.58,-0.19,-1.0,0.0,0.0,0.0,0.58,1.81,-1.0,0.0,0.0,0.0,0.58,3.81,-1.0,0.0,0.0,0.0,0.58,-2.19,1.0,0.0,0.0,0.0,0.58,-0.19,1.0,0.0,0.0,0.0,0.58,1.81,1.0,0.0,0.0,0.0,0.58,3.81,1.0,0.0,0.0,0.0,-3.73,-0.010000000000238889,0.377999999999932,0.0,1.3,0.39000000000000146,-3.73,1.9900000000001927,0.377999999999932,0.0,1.3000000000000789,0.39000000000000146,6.21,5.433999999999812,2.068000000000108,0.0,1.7699999999996052,0.5899999999998684,6.21,7.433999999999802,2.068000000000108,0.0,1.7699999999996052,0.5899999999998684,9.47,-2.1520000000000152,0.5399999999999663,0.0,-0.9100000000001884,0.34999999999996145,9.47,-0.1519999999999864,0.5399999999999663,0.0,-0.9099999999999941,0.34999999999996145,0,0,0,0,0,0,0,0,0,0,0,0,0,0,0,0,0,0,0,0,0,0,0,0,0,0,0,0,0,0,0,0,0,0,0,0,0,0,0,0,0,0,0,0,0,0,0,0,0,0,0,0,0,0,0,0,0,0,0,0,0,0,0,0,0,0,0,0,0,0,0,0,0,0,0,0,0,0,0,0,0,0,0,0,0,0,0,0,0,0,0,0,0,0,0,0,0,0,0,0,0,0,0,0,0,0,0,0,0,0,0,0,0,0,0,0,0,0,0,0,0,0,0,0,0,0,0,0,0,0,0,0,0,0,0,0,0,0,0,0,0,0,0,0,0,0,0,0,0,0,0,0,0,0,0,0,0,0,0,0,0,0,0,0,0,0,0,0
8.402225029,-1.1124939999998351,0.6976708818876621,-2.55891892472928,4.202999999999958,0.3362781405449322,-0.17167875170720492,4.203,0.33627814054489136,-0.17167875170707703,4.790905475616455,0.33627814054489136,-0.17167875170707703,4.870363467477631,-0.29081099381703196,1.0931553688906295,3.01,-6.3,-1.0,0.0,0.0,0.0,3.01,-4.3,-1.0,0.0,0.0,0.0,3.01,-2.3,-1.0,0.0,0.0,0.0,3.01,-0.3,-1.0,0.0,0.0,0.0,3.01,-6.3,1.0,0.0,0.0,0.0,3.01,-4.3,1.0,0.0,0.0,0.0,3.01,-2.3,1.0,0.0,0.0,0.0,3.01,-0.3,1.0,0.0,0.0,0.0,0.58,-2.19,-1.0,0.0,0.0,0.0,0.58,-0.19,-1.0,0.0,0.0,0.0,0.58,1.81,-1.0,0.0,0.0,0.0,0.58,3.81,-1.0,0.0,0.0,0.0,0.58,-2.19,1.0,0.0,0.0,0.0,0.58,-0.19,1.0,0.0,0.0,0.0,0.58,1.81,1.0,0.0,0.0,0.0,0.58,3.81,1.0,0.0,0.0,0.0,-3.73,0.06799999999976114,0.4013999999999321,0.0,1.299999999999999,0.39000000000000146,-3.73,2.0680000000001972,0.4013999999999321,0.0,1.3000000000000789,0.39000000000000146,6.21,5.540199999999788,2.1034000000001,0.0,1.7699999999996052,0.5899999999998684,6.21,7.540199999999778,2.1034000000001,0.0,1.7699999999996052,0.5899999999998684,9.47,-2.2066000000000265,0.560999999999964,0.0,-0.9100000000001884,0.34999999999996145,9.47,-0.20659999999998604,0.560999999999964,0.0,-0.9099999999999941,0.34999999999996145,0,0,0,0,0,0,0,0,0,0,0,0,0,0,0,0,0,0,0,0,0,0,0,0,0,0,0,0,0,0,0,0,0,0,0,0,0,0,0,0,0,0,0,0,0,0,0,0,0,0,0,0,0,0,0,0,0,0,0,0,0,0,0,0,0,0,0,0,0,0,0,0,0,0,0,0,0,0,0,0,0,0,0,0,0,0,0,0,0,0,0,0,0,0,0,0,0,0,0,0,0,0,0,0,0,0,0,0,0,0,0,0,0,0,0,0,0,0,0,0,0,0,0,0,0,0,0,0,0,0,0,0,0,0,0,0,0,0,0,0,0,0,0,0,0,0,0,0,0,0,0,0,0,0,0,0,0,0,0,0,0,0,0,0,0,0,0,0
8.503735525,-0.7718379999998342,0.7240150184535853,-2.5723442505699894,4.267000000000022,0.32818952202795515,-0.16720086336130535,4.267,0.32818952202796936,-0.16720086336135864,4.783846855163574,0.32818952202796936,-0.16720086336135864,4.862890589546537,-0.3063536600971423,1.1218032577260655,3.01,-6.3,-1.0,0.0,0.0,0.0,3.01,-4.3,-1.0,0.0,0.0,0.0,3.01,-2.3,-1.0,0.0,0.0,0.0,3.01,-0.3,-1.0,0.0,0.0,0.0,3.01,-6.3,1.0,0.0,0.0,0.0,3.01,-4.3,1.0,0.0,0.0,0.0,3.01,-2.3,1.0,0.0,0.0,0.0,3.01,-0.3,1.0,0.0,0.0,0.0,0.58,-2.19,-1.0,0.0,0.0,0.0,0.58,-0.19,-1.0,0.0,0.0,0.0,0.58,1.81,-1.0,0.0,0.0,0.0,0.58,3.81,-1.0,0.0,0.0,0.0,0.58,-2.19,1.0,0.0,0.0,0.0,0.58,-0.19,1.0,0.0,0.0,0.0,0.58,1.81,1.0,0.0,0.0,0.0,0.58,3.81,1.0,0.0,0.0,0.0,-3.73,0.1719999999997608,0.4325999999999322,0.0,1.2999999999999956,0.39000000000000146,-3.73,2.1720000000002035,0.4325999999999322,0.0,1.3000000000000789,0.39000000000000146,6.21,5.681799999999757,2.1506000000000896,0.0,1.7699999999996052,0.5899999999998684,6.21,7.681799999999747,2.1506000000000896,0.0,1.7699999999996052,0.5899999999998684,9.47,-2.2794000000000416,0.5889999999999609,0.0,-0.9100000000001884,0.34999999999996145,9.47,-0.2793999999999865,0.5889999999999609,0.0,-0.9100000000000217,0.34999999999996145,0,0,0,0,0,0,0,0,0,0,0,0,0,0,0,0,0,0,0,0,0,0,0,0,0,0,0,0,0,0,0,0,0,0,0,0,0,0,0,0,0,0,0,0,0,0,0,0,0,0,0,0,0,0,0,0,0,0,0,0,0,0,0,0,0,0,0,0,0,0,0,0,0,0,0,0,0,0,0,0,0,0,0,0,0,0,0,0,0,0,0,0,0,0,0,0,0,0,0,0,0,0,0,0,0,0,0,0,0,0,0,0,0,0,0,0,0,0,0,0,0,0,0,0,0,0,0,0,0,0,0,0,0,0,0,0,0,0,0,0,0,0,0,0,0,0,0,0,0,0,0,0,0,0,0,0,0,0,0,0,0,0,0,0,0,0,0,0
8.603161918,-0.42495799999983463,0.7494630793833628,-2.5852860081297693,4.346999999999989,0.31649240851405747,-0.16090649366384824,4.347,0.3164924085140228,-0.16090649366378784,4.778444290161133,0.3164924085140228,-0.16090649366378784,4.8524797143202,-0.32698135315284294,1.160398128575398,3.01,-6.3,-1.0,0.0,0.0,0.0,3.01,-4.3,-1.0,0.0,0.0,0.0,3.01,-2.3,-1.0,0.0,0.0,0.0,3.01,-0.3,-1.0,0.0,0.0,0.0,3.01,-6.3,1.0,0.0,0.0,0.0,3.01,-4.3,1.0,0.0,0.0,0.0,3.01,-2.3,1.0,0.0,0.0,0.0,3.01,-0.3,1.0,0.0,0.0,0.0,0.58,-2.19,-1.0,0.0,0.0,0.0,0.58,-0.19,-1.0,0.0,0.0,0.0,0.58,1.81,-1.0,0.0,0.0,0.0,0.58,3.81,-1.0,0.0,0.0,0.0,0.58,-2.19,1.0,0.0,0.0,0.0,0.58,-0.19,1.0,0.0,0.0,0.0,0.58,1.81,1.0,0.0,0.0,0.0,0.58,3.81,1.0,0.0,0.0,0.0,-3.73,0.275999999999761,0.4637999999999323,0.0,1.3000000000000236,0.39000000000000146,-3.73,2.27600000000021,0.4637999999999323,0.0,1.3000000000000789,0.39000000000000146,6.21,5.823399999999725,2.197800000000079,0.0,1.7699999999996052,0.5899999999998684,6.21,7.823399999999715,2.197800000000079,0.0,1.7699999999996052,0.5899999999998684,9.47,-2.3522000000000567,0.6169999999999578,0.0,-0.9100000000001884,0.34999999999996145,9.47,-0.35219999999998824,0.6169999999999578,0.0,-0.9100000000000217,0.34999999999996145,0,0,0,0,0,0,0,0,0,0,0,0,0,0,0,0,0,0,0,0,0,0,0,0,0,0,0,0,0,0,0,0,0,0,0,0,0,0,0,0,0,0,0,0,0,0,0,0,0,0,0,0,0,0,0,0,0,0,0,0,0,0,0,0,0,0,0,0,0,0,0,0,0,0,0,0,0,0,0,0,0,0,0,0,0,0,0,0,0,0,0,0,0,0,0,0,0,0,0,0,0,0,0,0,0,0,0,0,0,0,0,0,0,0,0,0,0,0,0,0,0,0,0,0,0,0,0,0,0,0,0,0,0,0,0,0,0,0,0,0,0,0,0,0,0,0,0,0,0,0,0,0,0,0,0,0,0,0,0,0,0,0,0,0,0,0,0,0
8.710207822,-0.1600879999998351,0.7677200557494086,-2.5945468967658907,4.42200000000001,0.3029263317585462,-0.15361943840996872,4.422000000000001,0.30292633175849915,-0.1536194384098053,4.770161151885986,0.30292633175849915,-0.1536194384098053,4.84107324767552,-0.3483202800114254,1.2011173103294939,3.01,-6.3,-1.0,0.0,0.0,0.0,3.01,-4.3,-1.0,0.0,0.0,0.0,3.01,-2.3,-1.0,0.0,0.0,0.0,3.01,-0.3,-1.0,0.0,0.0,0.0,3.01,-6.3,1.0,0.0,0.0,0.0,3.01,-4.3,1.0,0.0,0.0,0.0,3.01,-2.3,1.0,0.0,0.0,0.0,3.01,-0.3,1.0,0.0,0.0,0.0,0.58,-2.19,-1.0,0.0,0.0,0.0,0.58,-0.19,-1.0,0.0,0.0,0.0,0.58,1.81,-1.0,0.0,0.0,0.0,0.58,3.81,-1.0,0.0,0.0,0.0,0.58,-2.19,1.0,0.0,0.0,0.0,0.58,-0.19,1.0,0.0,0.0,0.0,0.58,1.81,1.0,0.0,0.0,0.0,0.58,3.81,1.0,0.0,0.0,0.0,-3.73,0.37999999999976286,0.49499999999993244,0.0,1.3000000000000236,0.39000000000000146,-3.73,2.3540000000002146,0.4871999999999324,0.0,1.3000000000000789,0.39000000000000146,6.21,5.929599999999701,2.233200000000071,0.0,1.7699999999996052,0.5899999999998684,6.21,7.929599999999692,2.233200000000071,0.0,1.7699999999996052,0.5899999999998684,9.47,-2.4250000000000718,0.6449999999999547,0.0,-0.9100000000001884,0.34999999999996145,9.47,-0.40679999999998956,0.6379999999999555,0.0,-0.9100000000000217,0.34999999999996145,0,0,0,0,0,0,0,0,0,0,0,0,0,0,0,0,0,0,0,0,0,0,0,0,0,0,0,0,0,0,0,0,0,0,0,0,0,0,0,0,0,0,0,0,0,0,0,0,0,0,0,0,0,0,0,0,0,0,0,0,0,0,0,0,0,0,0,0,0,0,0,0,0,0,0,0,0,0,0,0,0,0,0,0,0,0,0,0,0,0,0,0,0,0,0,0,0,0,0,0,0,0,0,0,0,0,0,0,0,0,0,0,0,0,0,0,0,0,0,0,0,0,0,0,0,0,0,0,0,0,0,0,0,0,0,0,0,0,0,0,0,0,0,0,0,0,0,0,0,0,0,0,0,0,0,0,0,0,0,0,0,0,0,0,0,0,0,0
8.824111374,0.10796200000016498,0.7853100550377285,-2.6034504200024027,4.500000000000003,0.2861954569816083,-0.14465820789322237,4.500000000000001,0.28619545698165894,-0.14465820789337158,4.762058258056641,0.28619545698165894,-0.14465820789337158,4.828383869727001,-0.3706589058264628,1.244717310111675,3.01,-6.3,-1.0,0.0,0.0,0.0,3.01,-4.3,-1.0,0.0,0.0,0.0,3.01,-2.3,-1.0,0.0,0.0,0.0,3.01,-0.3,-1.0,0.0,0.0,0.0,3.01,-6.3,1.0,0.0,0.0,0.0,3.01,-4.3,1.0,0.0,0.0,0.0,3.01,-2.3,1.0,0.0,0.0,0.0,3.01,-0.3,1.0,0.0,0.0,0.0,0.58,-2.19,-1.0,0.0,0.0,0.0,0.58,-0.19,-1.0,0.0,0.0,0.0,0.58,1.81,-1.0,0.0,0.0,0.0,0.58,3.81,-1.0,0.0,0.0,0.0,0.58,-2.19,1.0,0.0,0.0,0.0,0.58,-0.19,1.0,0.0,0.0,0.0,0.58,1.81,1.0,0.0,0.0,0.0,0.58,3.81,1.0,0.0,0.0,0.0,-3.73,0.4319999999997638,0.5105999999999324,0.0,1.3000000000000236,0.39000000000000146,-3.73,2.4320000000002193,0.5105999999999324,0.0,1.3000000000000789,0.39000000000000146,6.21,6.035799999999678,2.2686000000000632,0.0,1.7699999999996052,0.5899999999998684,6.21,8.035799999999686,2.2686000000000632,0.0,1.7700000000004934,0.5899999999998684,9.47,-2.4614000000000793,0.6589999999999532,0.0,-0.9100000000001884,0.34999999999996145,9.47,-0.4613999999999909,0.6589999999999532,0.0,-0.9100000000000217,0.34999999999996145,0,0,0,0,0,0,0,0,0,0,0,0,0,0,0,0,0,0,0,0,0,0,0,0,0,0,0,0,0,0,0,0,0,0,0,0,0,0,0,0,0,0,0,0,0,0,0,0,0,0,0,0,0,0,0,0,0,0,0,0,0,0,0,0,0,0,0,0,0,0,0,0,0,0,0,0,0,0,0,0,0,0,0,0,0,0,0,0,0,0,0,0,0,0,0,0,0,0,0,0,0,0,0,0,0,0,0,0,0,0,0,0,0,0,0,0,0,0,0,0,0,0,0,0,0,0,0,0,0,0,0,0,0,0,0,0,0,0,0,0,0,0,0,0,0,0,0,0,0,0,0,0,0,0,0,0,0,0,0,0,0,0,0,0,0,0,0,0
8.90714204,0.2893700000001648,0.7964364230835357,-2.6090631266636204,4.543999999999992,0.27615013718607084,-0.139232531189748,4.5440000000000005,0.2761501371860504,-0.13923253118991852,4.750216960906982,0.2761501371860504,-0.13923253118991852,4.820507489563125,-0.38379259665997195,1.27098811395497,3.01,-6.3,-1.0,0.0,0.0,0.0,3.01,-4.3,-1.0,0.0,0.0,0.0,3.01,-2.3,-1.0,0.0,0.0,0.0,3.01,-0.3,-1.0,0.0,0.0,0.0,3.01,-6.3,1.0,0.0,0.0,0.0,3.01,-4.3,1.0,0.0,0.0,0.0,3.01,-2.3,1.0,0.0,0.0,0.0,3.01,-0.3,1.0,0.0,0.0,0.0,0.58,-2.19,-1.0,0.0,0.0,0.0,0.58,-0.19,-1.0,0.0,0.0,0.0,0.58,1.81,-1.0,0.0,0.0,0.0,0.58,3.81,-1.0,0.0,0.0,0.0,0.58,-2.19,1.0,0.0,0.0,0.0,0.58,-0.19,1.0,0.0,0.0,0.0,0.58,1.81,1.0,0.0,0.0,0.0,0.58,3.81,1.0,0.0,0.0,0.0,-3.73,0.48399999999976473,0.5261999999999325,0.0,1.3000000000000236,0.39000000000000146,-3.73,2.4840000000002225,0.5261999999999325,0.0,1.3000000000000789,0.39000000000000146,6.21,6.106599999999662,2.292200000000058,0.0,1.7699999999996052,0.5899999999998684,6.21,8.106599999999705,2.292200000000058,0.0,1.7700000000004934,0.5899999999998684,9.47,-2.497800000000087,0.6729999999999516,0.0,-0.9100000000001884,0.34999999999996145,9.47,-0.49779999999999175,0.6729999999999516,0.0,-0.9100000000000217,0.34999999999996145,0,0,0,0,0,0,0,0,0,0,0,0,0,0,0,0,0,0,0,0,0,0,0,0,0,0,0,0,0,0,0,0,0,0,0,0,0,0,0,0,0,0,0,0,0,0,0,0,0,0,0,0,0,0,0,0,0,0,0,0,0,0,0,0,0,0,0,0,0,0,0,0,0,0,0,0,0,0,0,0,0,0,0,0,0,0,0,0,0,0,0,0,0,0,0,0,0,0,0,0,0,0,0,0,0,0,0,0,0,0,0,0,0,0,0,0,0,0,0,0,0,0,0,0,0,0,0,0,0,0,0,0,0,0,0,0,0,0,0,0,0,0,0,0,0,0,0,0,0,0,0,0,0,0,0,0,0,0,0,0,0,0,0,0,0,0,0,0
9.001995254,0.5641010000001653,0.8124156811439937,-2.6170941554558786,4.595000000000015,0.26176598668103956,-0.131356358528123,4.595000000000001,0.2617659866809845,-0.1313563585281372,4.746091842651367,0.2617659866809845,-0.1313563585281372,4.811730858116642,-0.3978712114537153,1.2995940320517168,3.01,-6.3,-1.0,0.0,0.0,0.0,3.01,-4.3,-1.0,0.0,0.0,0.0,3.01,-2.3,-1.0,0.0,0.0,0.0,3.01,-0.3,-1.0,0.0,0.0,0.0,3.01,-6.3,1.0,0.0,0.0,0.0,3.01,-4.3,1.0,0.0,0.0,0.0,3.01,-2.3,1.0,0.0,0.0,0.0,3.01,-0.3,1.0,0.0,0.0,0.0,0.58,-2.19,-1.0,0.0,0.0,0.0,0.58,-0.19,-1.0,0.0,0.0,0.0,0.58,1.81,-1.0,0.0,0.0,0.0,0.58,3.81,-1.0,0.0,0.0,0.0,0.58,-2.19,1.0,0.0,0.0,0.0,0.58,-0.19,1.0,0.0,0.0,0.0,0.58,1.81,1.0,0.0,0.0,0.0,0.58,3.81,1.0,0.0,0.0,0.0,-3.73,0.5879999999997628,0.5573999999999326,0.0,1.299999999999968,0.39000000000000146,-3.73,2.562000000000227,0.5495999999999326,0.0,1.3000000000000789,0.39000000000000146,6.21,6.24819999999963,2.3394000000000474,0.0,1.7699999999996052,0.5899999999998684,6.21,8.248199999999745,2.3394000000000474,0.0,1.7700000000004934,0.5899999999998684,9.47,-2.552400000000098,0.6939999999999493,0.0,-0.9100000000001884,0.34999999999996145,9.47,-0.5523999999999899,0.6939999999999493,0.0,-0.9099999999999664,0.34999999999996145,0,0,0,0,0,0,0,0,0,0,0,0,0,0,0,0,0,0,0,0,0,0,0,0,0,0,0,0,0,0,0,0,0,0,0,0,0,0,0,0,0,0,0,0,0,0,0,0,0,0,0,0,0,0,0,0,0,0,0,0,0,0,0,0,0,0,0,0,0,0,0,0,0,0,0,0,0,0,0,0,0,0,0,0,0,0,0,0,0,0,0,0,0,0,0,0,0,0,0,0,0,0,0,0,0,0,0,0,0,0,0,0,0,0,0,0,0,0,0,0,0,0,0,0,0,0,0,0,0,0,0,0,0,0,0,0,0,0,0,0,0,0,0,0,0,0,0,0,0,0,0,0,0,0,0,0,0,0,0,0,0,0,0,0,0,0,0,0
9.103464058,1.0284970000001645,0.8336962798120927,-2.625333791308678,4.663000000000049,0.19376598668097156,-0.06335635852794397,4.663,0.1937659866809845,-0.0633563585281372,4.852375030517578,0.18335069715976715,0.305632084608078,4.6719994999999175,-0.4088255004388072,1.3098606413132206,3.01,-6.3,-1.0,0.0,0.0,0.0,3.01,-4.3,-1.0,0.0,0.0,0.0,3.01,-2.3,-1.0,0.0,0.0,0.0,3.01,-0.3,-1.0,0.0,0.0,0.0,3.01,-6.3,1.0,0.0,0.0,0.0,3.01,-4.3,1.0,0.0,0.0,0.0,3.01,-2.3,1.0,0.0,0.0,0.0,3.01,-0.3,1.0,0.0,0.0,0.0,0.58,-2.19,-1.0,0.0,0.0,0.0,0.58,-0.19,-1.0,0.0,0.0,0.0,0.58,1.81,-1.0,0.0,0.0,0.0,0.58,3.81,-1.0,0.0,0.0,0.0,0.58,-2.19,1.0,0.0,0.0,0.0,0.58,-0.19,1.0,0.0,0.0,0.0,0.58,1.81,1.0,0.0,0.0,0.0,0.58,3.81,1.0,0.0,0.0,0.0,-3.73,0.6659999999997609,0.5807999999999327,0.0,1.299999999999968,0.39000000000000146,-3.73,2.6660000000002335,0.5807999999999327,0.0,1.3000000000000789,0.39000000000000146,6.21,6.389799999999599,2.386600000000037,0.0,1.7699999999996052,0.5899999999998684,6.21,8.354399999999774,2.3748000000000395,0.0,1.7700000000004934,0.5899999999998684,9.47,-2.625200000000113,0.7219999999999462,0.0,-0.9100000000001884,0.34999999999996145,9.47,-0.6251999999999872,0.7219999999999462,0.0,-0.9099999999999664,0.34999999999996145,0,0,0,0,0,0,0,0,0,0,0,0,0,0,0,0,0,0,0,0,0,0,0,0,0,0,0,0,0,0,0,0,0,0,0,0,0,0,0,0,0,0,0,0,0,0,0,0,0,0,0,0,0,0,0,0,0,0,0,0,0,0,0,0,0,0,0,0,0,0,0,0,0,0,0,0,0,0,0,0,0,0,0,0,0,0,0,0,0,0,0,0,0,0,0,0,0,0,0,0,0,0,0,0,0,0,0,0,0,0,0,0,0,0,0,0,0,0,0,0,0,0,0,0,0,0,0,0,0,0,0,0,0,0,0,0,0,0,0,0,0,0,0,0,0,0,0,0,0,0,0,0,0,0,0,0,0,0,0,0,0,0,0,0,0,0,0,0
9.208128707,1.3111077384835965,0.8482333148710681,-2.624895172820374,4.716410160064743,0.248691946268087,0.01664364147169195,4.716410160064697,0.24869194626808167,0.0166436414718628,4.716410160064697,0.24869194626808167,0.41837990283966064,4.4857514999999175,-0.41684813990604636,1.3126668956543392,3.01,-6.3,-1.0,0.0,0.0,0.0,3.01,-4.3,-1.0,0.0,0.0,0.0,3.01,-2.3,-1.0,0.0,0.0,0.0,3.01,-0.3,-1.0,0.0,0.0,0.0,3.01,-6.3,1.0,0.0,0.0,0.0,3.01,-4.3,1.0,0.0,0.0,0.0,3.01,-2.3,1.0,0.0,0.0,0.0,3.01,-0.3,1.0,0.0,0.0,0.0,0.58,-2.19,-1.0,0.0,0.0,0.0,0.58,-0.19,-1.0,0.0,0.0,0.0,0.58,1.81,-1.0,0.0,0.0,0.0,0.58,3.81,-1.0,0.0,0.0,0.0,0.58,-2.19,1.0,0.0,0.0,0.0,0.58,-0.19,1.0,0.0,0.0,0.0,0.58,1.81,1.0,0.0,0.0,0.0,0.58,3.81,1.0,0.0,0.0,0.0,-3.73,0.7699999999997583,0.6119999999999328,0.0,1.299999999999968,0.39000000000000146,-3.73,2.77000000000024,0.6119999999999328,0.0,1.3000000000000789,0.39000000000000146,6.21,6.495999999999575,2.422000000000029,0.0,1.7699999999996052,0.5899999999998684,6.21,8.495999999999814,2.422000000000029,0.0,1.7700000000004934,0.5899999999998684,9.47,-2.716200000000132,0.7569999999999424,0.0,-0.9100000000001884,0.34999999999996145,9.47,-0.6979999999999845,0.7499999999999432,0.0,-0.9099999999999664,0.34999999999996145,0,0,0,0,0,0,0,0,0,0,0,0,0,0,0,0,0,0,0,0,0,0,0,0,0,0,0,0,0,0,0,0,0,0,0,0,0,0,0,0,0,0,0,0,0,0,0,0,0,0,0,0,0,0,0,0,0,0,0,0,0,0,0,0,0,0,0,0,0,0,0,0,0,0,0,0,0,0,0,0,0,0,0,0,0,0,0,0,0,0,0,0,0,0,0,0,0,0,0,0,0,0,0,0,0,0,0,0,0,0,0,0,0,0,0,0,0,0,0,0,0,0,0,0,0,0,0,0,0,0,0,0,0,0,0,0,0,0,0,0,0,0,0,0,0,0,0,0,0,0,0,0,0,0,0,0,0,0,0,0,0,0,0,0,0,0,0,0
9.302430706,1.684238551288769,0.8666830244653189,-2.6193816815026203,4.634410160064605,0.22034594416620035,0.09864364147205151,4.634410160064697,0.22034594416618347,0.0986436414718628,4.543087959289551,0.22034594416618347,0.4834563732147217,4.297282029157555,-0.42660357689821493,1.31228114999547,3.01,-6.3,-1.0,0.0,0.0,0.0,3.01,-4.3,-1.0,0.0,0.0,0.0,3.01,-2.3,-1.0,0.0,0.0,0.0,3.01,-0.3,-1.0,0.0,0.0,0.0,3.01,-6.3,1.0,0.0,0.0,0.0,3.01,-4.3,1.0,0.0,0.0,0.0,3.01,-2.3,1.0,0.0,0.0,0.0,3.01,-0.3,1.0,0.0,0.0,0.0,0.58,-2.19,-1.0,0.0,0.0,0.0,0.58,-0.19,-1.0,0.0,0.0,0.0,0.58,1.81,-1.0,0.0,0.0,0.0,0.58,3.81,-1.0,0.0,0.0,0.0,0.58,-2.19,1.0,0.0,0.0,0.0,0.58,-0.19,1.0,0.0,0.0,0.0,0.58,1.81,1.0,0.0,0.0,0.0,0.58,3.81,1.0,0.0,0.0,0.0,-3.73,0.8739999999997558,0.6431999999999329,0.0,1.299999999999968,0.39000000000000146,-3.73,2.874000000000246,0.6431999999999329,0.0,1.3000000000000789,0.39000000000000146,6.21,6.637599999999543,2.4692000000000185,0.0,1.7699999999996052,0.5899999999998684,6.21,8.637599999999853,2.4692000000000185,0.0,1.7700000000004934,0.5899999999998684,9.47,-2.7708000000001434,0.7779999999999401,0.0,-0.9100000000001884,0.34999999999996145,9.47,-0.7707999999999818,0.7779999999999401,0.0,-0.9099999999999664,0.34999999999996145,0,0,0,0,0,0,0,0,0,0,0,0,0,0,0,0,0,0,0,0,0,0,0,0,0,0,0,0,0,0,0,0,0,0,0,0,0,0,0,0,0,0,0,0,0,0,0,0,0,0,0,0,0,0,0,0,0,0,0,0,0,0,0,0,0,0,0,0,0,0,0,0,0,0,0,0,0,0,0,0,0,0,0,0,0,0,0,0,0,0,0,0,0,0,0,0,0,0,0,0,0,0,0,0,0,0,0,0,0,0,0,0,0,0,0,0,0,0,0,0,0,0,0,0,0,0,0,0,0,0,0,0,0,0,0,0,0,0,0,0,0,0,0,0,0,0,0,0,0,0,0,0,0,0,0,0,0,0,0,0,0,0,0,0,0,0,0,0
9.404082474,1.959279160892649,0.8783577129237609,-2.610439063014301,4.571410160064681,0.18813619017599148,0.16164364147197574,4.571410160064698,0.18813619017601013,0.1616436414718628,4.36531925201416,0.18813619017601013,0.5224872827529907,4.13253006847526,-0.4344825534667951,1.309009700723214,3.01,-6.3,-1.0,0.0,0.0,0.0,3.01,-4.3,-1.0,0.0,0.0,0.0,3.01,-2.3,-1.0,0.0,0.0,0.0,3.01,-0.3,-1.0,0.0,0.0,0.0,3.01,-6.3,1.0,0.0,0.0,0.0,3.01,-4.3,1.0,0.0,0.0,0.0,3.01,-2.3,1.0,0.0,0.0,0.0,3.01,-0.3,1.0,0.0,0.0,0.0,0.58,-2.19,-1.0,0.0,0.0,0.0,0.58,-0.19,-1.0,0.0,0.0,0.0,0.58,1.81,-1.0,0.0,0.0,0.0,0.58,3.81,-1.0,0.0,0.0,0.0,0.58,-2.19,1.0,0.0,0.0,0.0,0.58,-0.19,1.0,0.0,0.0,0.0,0.58,1.81,1.0,0.0,0.0,0.0,0.58,3.81,1.0,0.0,0.0,0.0,-3.73,0.9779999999997532,0.674399999999933,0.0,1.299999999999968,0.39000000000000146,-3.73,2.9780000000002524,0.674399999999933,0.0,1.3000000000000789,0.39000000000000146,6.21,6.74379999999952,2.5046000000000106,0.0,1.7699999999996052,0.5899999999998684,6.21,8.779199999999893,2.516400000000008,0.0,1.7700000000004934,0.5899999999998684,9.47,-2.8254000000001547,0.7989999999999378,0.0,-0.9100000000001884,0.34999999999996145,9.47,-0.8253999999999798,0.7989999999999378,0.0,-0.9099999999999664,0.34999999999996145,0,0,0,0,0,0,0,0,0,0,0,0,0,0,0,0,0,0,0,0,0,0,0,0,0,0,0,0,0,0,0,0,0,0,0,0,0,0,0,0,0,0,0,0,0,0,0,0,0,0,0,0,0,0,0,0,0,0,0,0,0,0,0,0,0,0,0,0,0,0,0,0,0,0,0,0,0,0,0,0,0,0,0,0,0,0,0,0,0,0,0,0,0,0,0,0,0,0,0,0,0,0,0,0,0,0,0,0,0,0,0,0,0,0,0,0,0,0,0,0,0,0,0,0,0,0,0,0,0,0,0,0,0,0,0,0,0,0,0,0,0,0,0,0,0,0,0,0,0,0,0,0,0,0,0,0,0,0,0,0,0,0,0,0,0,0,0,0
9.500740586,2.410945176899118,0.893085790752648,-2.588799698867116,4.4964101600646345,0.13216987252240298,0.23664364147180095,4.4964101600646975,0.13216987252235413,0.2366436414718628,4.215291500091553,0.13216987252235413,0.5865369439125061,3.9792177281130927,-0.44087208217346435,1.3037647387339026,3.01,-6.3,-1.0,0.0,0.0,0.0,3.01,-4.3,-1.0,0.0,0.0,0.0,3.01,-2.3,-1.0,0.0,0.0,0.0,3.01,-0.3,-1.0,0.0,0.0,0.0,3.01,-6.3,1.0,0.0,0.0,0.0,3.01,-4.3,1.0,0.0,0.0,0.0,3.01,-2.3,1.0,0.0,0.0,0.0,3.01,-0.3,1.0,0.0,0.0,0.0,0.58,-2.19,-1.0,0.0,0.0,0.0,0.58,-0.19,-1.0,0.0,0.0,0.0,0.58,1.81,-1.0,0.0,0.0,0.0,0.58,3.81,-1.0,0.0,0.0,0.0,0.58,-2.19,1.0,0.0,0.0,0.0,0.58,-0.19,1.0,0.0,0.0,0.0,0.58,1.81,1.0,0.0,0.0,0.0,0.58,3.81,1.0,0.0,0.0,0.0,-3.73,1.0819999999997576,0.7055999999999332,0.0,1.3000000000000789,0.39000000000000146,-3.73,3.0820000000002588,0.7055999999999332,0.0,1.3000000000000789,0.39000000000000146,6.21,6.92079999999948,2.5635999999999974,0.0,1.7699999999996052,0.5899999999998684,6.21,8.920799999999932,2.5635999999999974,0.0,1.7700000000004934,0.5899999999998684,9.47,-2.9164000000001735,0.8339999999999339,0.0,-0.9100000000001884,0.34999999999996145,9.47,-0.9163999999999765,0.8339999999999339,0.0,-0.9099999999999664,0.34999999999996145,0,0,0,0,0,0,0,0,0,0,0,0,0,0,0,0,0,0,0,0,0,0,0,0,0,0,0,0,0,0,0,0,0,0,0,0,0,0,0,0,0,0,0,0,0,0,0,0,0,0,0,0,0,0,0,0,0,0,0,0,0,0,0,0,0,0,0,0,0,0,0,0,0,0,0,0,0,0,0,0,0,0,0,0,0,0,0,0,0,0,0,0,0,0,0,0,0,0,0,0,0,0,0,0,0,0,0,0,0,0,0,0,0,0,0,0,0,0,0,0,0,0,0,0,0,0,0,0,0,0,0,0,0,0,0,0,0,0,0,0,0,0,0,0,0,0,0,0,0,0,0,0,0,0,0,0,0,0,0,0,0,0,0,0,0,0,0,0
9.601955089,2.7649159897043067,0.8986711988441917,-2.5641262075493607,4.409410160064908,0.05659136176106028,0.3236436414719712,4.409410160064698,0.05659136176109314,0.32364364147186275,4.076450824737549,0.05659136176109314,0.6726894974708557,3.785586791230312,-0.446761888014912,1.2938743621506146,3.01,-6.3,-1.0,0.0,0.0,0.0,3.01,-4.3,-1.0,0.0,0.0,0.0,3.01,-2.3,-1.0,0.0,0.0,0.0,3.01,-0.3,-1.0,0.0,0.0,0.0,3.01,-6.3,1.0,0.0,0.0,0.0,3.01,-4.3,1.0,0.0,0.0,0.0,3.01,-2.3,1.0,0.0,0.0,0.0,3.01,-0.3,1.0,0.0,0.0,0.0,0.58,-2.19,-1.0,0.0,0.0,0.0,0.58,-0.19,-1.0,0.0,0.0,0.0,0.58,1.81,-1.0,0.0,0.0,0.0,0.58,3.81,-1.0,0.0,0.0,0.0,0.58,-2.19,1.0,0.0,0.0,0.0,0.58,-0.19,1.0,0.0,0.0,0.0,0.58,1.81,1.0,0.0,0.0,0.0,0.58,3.81,1.0,0.0,0.0,0.0,-3.73,1.185999999999764,0.7367999999999333,0.0,1.3000000000000789,0.39000000000000146,-3.73,3.186000000000265,0.7367999999999333,0.0,1.3000000000000789,0.39000000000000146,6.21,7.062399999999449,2.610799999999987,0.0,1.7699999999996052,0.5899999999998684,6.21,9.062399999999972,2.610799999999987,0.0,1.7700000000004934,0.5899999999998684,9.47,-2.9892000000001886,0.8619999999999308,0.0,-0.9100000000001884,0.34999999999996145,9.47,-0.9891999999999738,0.8619999999999308,0.0,-0.9099999999999664,0.34999999999996145,0,0,0,0,0,0,0,0,0,0,0,0,0,0,0,0,0,0,0,0,0,0,0,0,0,0,0,0,0,0,0,0,0,0,0,0,0,0,0,0,0,0,0,0,0,0,0,0,0,0,0,0,0,0,0,0,0,0,0,0,0,0,0,0,0,0,0,0,0,0,0,0,0,0,0,0,0,0,0,0,0,0,0,0,0,0,0,0,0,0,0,0,0,0,0,0,0,0,0,0,0,0,0,0,0,0,0,0,0,0,0,0,0,0,0,0,0,0,0,0,0,0,0,0,0,0,0,0,0,0,0,0,0,0,0,0,0,0,0,0,0,0,0,0,0,0,0,0,0,0,0,0,0,0,0,0,0,0,0,0,0,0,0,0,0,0,0,0
9.702008745,3.1125088025094976,0.8980385077850813,-2.533074716231601,4.323410160064879,-0.029408638238859197,0.4096436414720017,4.3234101600646975,-0.029408638238906853,0.4096436414718627,3.8925387859344482,-0.06164288520812988,0.8080347180366516,3.5954949543475223,-0.4496185562309012,1.2804448855673205,3.01,-6.3,-1.0,0.0,0.0,0.0,3.01,-4.3,-1.0,0.0,0.0,0.0,3.01,-2.3,-1.0,0.0,0.0,0.0,3.01,-0.3,-1.0,0.0,0.0,0.0,3.01,-6.3,1.0,0.0,0.0,0.0,3.01,-4.3,1.0,0.0,0.0,0.0,3.01,-2.3,1.0,0.0,0.0,0.0,3.01,-0.3,1.0,0.0,0.0,0.0,0.58,-2.19,-1.0,0.0,0.0,0.0,0.58,-0.19,-1.0,0.0,0.0,0.0,0.58,1.81,-1.0,0.0,0.0,0.0,0.58,3.81,-1.0,0.0,0.0,0.0,0.58,-2.19,1.0,0.0,0.0,0.0,0.58,-0.19,1.0,0.0,0.0,0.0,0.58,1.81,1.0,0.0,0.0,0.0,0.58,3.81,1.0,0.0,0.0,0.0,-3.73,1.2899999999997702,0.7679999999999334,0.0,1.3000000000000789,0.39000000000000146,-3.73,3.2900000000002714,0.7679999999999334,0.0,1.3000000000000789,0.39000000000000146,6.21,7.203999999999417,2.6579999999999764,0.0,1.7699999999996052,0.5899999999998684,6.21,9.204000000000011,2.6579999999999764,0.0,1.7700000000004934,0.5899999999998684,9.47,-3.0620000000002037,0.8899999999999277,0.0,-0.9100000000001884,0.34999999999996145,9.47,-1.0619999999999712,0.8899999999999277,0.0,-0.9099999999999664,0.34999999999996145,0,0,0,0,0,0,0,0,0,0,0,0,0,0,0,0,0,0,0,0,0,0,0,0,0,0,0,0,0,0,0,0,0,0,0,0,0,0,0,0,0,0,0,0,0,0,0,0,0,0,0,0,0,0,0,0,0,0,0,0,0,0,0,0,0,0,0,0,0,0,0,0,0,0,0,0,0,0,0,0,0,0,0,0,0,0,0,0,0,0,0,0,0,0,0,0,0,0,0,0,0,0,0,0,0,0,0,0,0,0,0,0,0,0,0,0,0,0,0,0,0,0,0,0,0,0,0,0,0,0,0,0,0,0,0,0,0,0,0,0,0,0,0,0,0,0,0,0,0,0,0,0,0,0,0,0,0,0,0,0,0,0,0,0,0,0,0,0
9.803139366,3.3687544121133817,0.8931149894907499,-2.50533709774329,4.242410160064658,-0.11040863823885694,0.4906436414717774,4.242410160064697,-0.11040863823890686,0.49064364147186273,3.6645278930664062,-0.2969819903373718,1.0899362564086914,3.418715329397507,-0.4488489933553683,1.2641657370335944,3.01,-6.3,-1.0,0.0,0.0,0.0,3.01,-4.3,-1.0,0.0,0.0,0.0,3.01,-2.3,-1.0,0.0,0.0,0.0,3.01,-0.3,-1.0,0.0,0.0,0.0,3.01,-6.3,1.0,0.0,0.0,0.0,3.01,-4.3,1.0,0.0,0.0,0.0,3.01,-2.3,1.0,0.0,0.0,0.0,3.01,-0.3,1.0,0.0,0.0,0.0,0.58,-2.19,-1.0,0.0,0.0,0.0,0.58,-0.19,-1.0,0.0,0.0,0.0,0.58,1.81,-1.0,0.0,0.0,0.0,0.58,3.81,-1.0,0.0,0.0,0.0,0.58,-2.19,1.0,0.0,0.0,0.0,0.58,-0.19,1.0,0.0,0.0,0.0,0.58,1.81,1.0,0.0,0.0,0.0,0.58,3.81,1.0,0.0,0.0,0.0,-3.73,1.3939999999997765,0.7991999999999335,0.0,1.3000000000000789,0.39000000000000146,-3.73,3.368000000000276,0.7913999999999335,0.0,1.3000000000000789,0.39000000000000146,6.21,7.3455999999993855,2.705199999999966,0.0,1.7699999999996052,0.5899999999998684,6.21,9.34560000000005,2.705199999999966,0.0,1.7700000000004934,0.5899999999998684,9.47,-3.1348000000002187,0.9179999999999247,0.0,-0.9100000000001884,0.34999999999996145,9.47,-1.1165999999999692,0.9109999999999254,0.0,-0.9099999999999664,0.34999999999996145,0,0,0,0,0,0,0,0,0,0,0,0,0,0,0,0,0,0,0,0,0,0,0,0,0,0,0,0,0,0,0,0,0,0,0,0,0,0,0,0,0,0,0,0,0,0,0,0,0,0,0,0,0,0,0,0,0,0,0,0,0,0,0,0,0,0,0,0,0,0,0,0,0,0,0,0,0,0,0,0,0,0,0,0,0,0,0,0,0,0,0,0,0,0,0,0,0,0,0,0,0,0,0,0,0,0,0,0,0,0,0,0,0,0,0,0,0,0,0,0,0,0,0,0,0,0,0,0,0,0,0,0,0,0,0,0,0,0,0,0,0,0,0,0,0,0,0,0,0,0,0,0,0,0,0,0,0,0,0,0,0,0,0,0,0,0,0,0
9.90154176,3.788177428119855,0.8772561256668634,-2.4514547335961194,4.176410160064759,-0.17640863823886743,0.5566436414716769,4.176410160064697,-0.17640863823890685,0.5566436414718627,3.418715238571167,-0.44884899258613586,1.2641657590866089,3.2752188876569788,-0.44550598390500484,1.2479957522861993,3.01,-6.3,-1.0,0.0,0.0,0.0,3.01,-4.3,-1.0,0.0,0.0,0.0,3.01,-2.3,-1.0,0.0,0.0,0.0,3.01,-0.3,-1.0,0.0,0.0,0.0,3.01,-6.3,1.0,0.0,0.0,0.0,3.01,-4.3,1.0,0.0,0.0,0.0,3.01,-2.3,1.0,0.0,0.0,0.0,3.01,-0.3,1.0,0.0,0.0,0.0,0.58,-2.19,-1.0,0.0,0.0,0.0,0.58,-0.19,-1.0,0.0,0.0,0.0,0.58,1.81,-1.0,0.0,0.0,0.0,0.58,3.81,-1.0,0.0,0.0,0.0,0.58,-2.19,1.0,0.0,0.0,0.0,0.58,-0.19,1.0,0.0,0.0,0.0,0.58,1.81,1.0,0.0,0.0,0.0,0.58,3.81,1.0,0.0,0.0,0.0,-3.73,1.4979999999997828,0.8303999999999336,0.0,1.3000000000000789,0.39000000000000146,-3.73,3.498000000000284,0.8303999999999336,0.0,1.3000000000000789,0.39000000000000146,6.21,7.487199999999354,2.7523999999999553,0.0,1.7699999999996052,0.5899999999998684,6.21,9.48720000000009,2.7523999999999553,0.0,1.7700000000004934,0.5899999999998684,9.47,-3.207600000000234,0.9459999999999216,0.0,-0.9100000000001884,0.34999999999996145,9.47,-1.2075999999999658,0.9459999999999216,0.0,-0.9099999999999664,0.34999999999996145,0,0,0,0,0,0,0,0,0,0,0,0,0,0,0,0,0,0,0,0,0,0,0,0,0,0,0,0,0,0,0,0,0,0,0,0,0,0,0,0,0,0,0,0,0,0,0,0,0,0,0,0,0,0,0,0,0,0,0,0,0,0,0,0,0,0,0,0,0,0,0,0,0,0,0,0,0,0,0,0,0,0,0,0,0,0,0,0,0,0,0,0,0,0,0,0,0,0,0,0,0,0,0,0,0,0,0,0,0,0,0,0,0,0,0,0,0,0,0,0,0,0,0,0,0,0,0,0,0,0,0,0,0,0,0,0,0,0,0,0,0,0,0,0,0,0,0,0,0,0,0,0,0,0,0,0,0,0,0,0,0,0,0,0,0,0,0,0
10.000780124,4.116578240925035,0.8574314346077483,-2.401211242278372,4.092410160065008,-0.26040863823895144,0.6406436414718719,4.092410160064698,-0.26040863823890686,0.6406436414718627,3.275218963623047,-0.4455059766769409,1.2479957342147827,3.097625665619943,-0.4382080455569539,1.2245468795151162,3.01,-6.3,-1.0,0.0,0.0,0.0,3.01,-4.3,-1.0,0.0,0.0,0.0,3.01,-2.3,-1.0,0.0,0.0,0.0,3.01,-0.3,-1.0,0.0,0.0,0.0,3.01,-6.3,1.0,0.0,0.0,0.0,3.01,-4.3,1.0,0.0,0.0,0.0,3.01,-2.3,1.0,0.0,0.0,0.0,3.01,-0.3,1.0,0.0,0.0,0.0,0.58,-2.19,-1.0,0.0,0.0,0.0,0.58,-0.19,-1.0,0.0,0.0,0.0,0.58,1.81,-1.0,0.0,0.0,0.0,0.58,3.81,-1.0,0.0,0.0,0.0,0.58,-2.19,1.0,0.0,0.0,0.0,0.58,-0.19,1.0,0.0,0.0,0.0,0.58,1.81,1.0,0.0,0.0,0.0,0.58,3.81,1.0,0.0,0.0,0.0,-3.73,1.6019999999997891,0.8615999999999338,0.0,1.3000000000000789,0.39000000000000146,-3.73,3.6020000000002903,0.8615999999999338,0.0,1.3000000000000789,0.39000000000000146,6.21,7.628799999999322,2.799599999999945,0.0,1.7699999999996052,0.5899999999998684,6.21,9.62880000000013,2.799599999999945,0.0,1.7700000000004934,0.5899999999998684,9.47,-3.280400000000249,0.9739999999999185,0.0,-0.9100000000001884,0.34999999999996145,9.47,-1.2803999999999631,0.9739999999999185,0.0,-0.9099999999999664,0.34999999999996145,0,0,0,0,0,0,0,0,0,0,0,0,0,0,0,0,0,0,0,0,0,0,0,0,0,0,0,0,0,0,0,0,0,0,0,0,0,0,0,0,0,0,0,0,0,0,0,0,0,0,0,0,0,0,0,0,0,0,0,0,0,0,0,0,0,0,0,0,0,0,0,0,0,0,0,0,0,0,0,0,0,0,0,0,0,0,0,0,0,0,0,0,0,0,0,0,0,0,0,0,0,0,0,0,0,0,0,0,0,0,0,0,0,0,0,0,0,0,0,0,0,0,0,0,0,0,0,0,0,0,0,0,0,0,0,0,0,0,0,0,0,0,0,0,0,0,0,0,0,0,0,0,0,0,0,0,0,0,0,0,0,0,0,0,0,0,0,0
10.102620053,4.518767256931497,0.8243385707838597,-2.3300948781311823,4.006410160064533,-0.3464086382388709,0.7266436414719024,4.006410160064697,-0.3464086382389069,0.7266436414718627,3.097625732421875,-0.43820804357528687,1.2245469093322754,2.9253756388972225,-0.42763968275091835,1.1980086465732986,3.01,-6.3,-1.0,0.0,0.0,0.0,3.01,-4.3,-1.0,0.0,0.0,0.0,3.01,-2.3,-1.0,0.0,0.0,0.0,3.01,-0.3,-1.0,0.0,0.0,0.0,3.01,-6.3,1.0,0.0,0.0,0.0,3.01,-4.3,1.0,0.0,0.0,0.0,3.01,-2.3,1.0,0.0,0.0,0.0,3.01,-0.3,1.0,0.0,0.0,0.0,0.58,-2.19,-1.0,0.0,0.0,0.0,0.58,-0.19,-1.0,0.0,0.0,0.0,0.58,1.81,-1.0,0.0,0.0,0.0,0.58,3.81,-1.0,0.0,0.0,0.0,0.58,-2.19,1.0,0.0,0.0,0.0,0.58,-0.19,1.0,0.0,0.0,0.0,0.58,1.81,1.0,0.0,0.0,0.0,0.58,3.81,1.0,0.0,0.0,0.0,-3.73,1.731999999999797,0.9005999999999339,0.0,1.3000000000000789,0.39000000000000146,-3.73,3.732000000000298,0.9005999999999339,0.0,1.3000000000000789,0.39000000000000146,6.21,7.805799999999283,2.8585999999999316,0.0,1.7699999999996052,0.5899999999998684,6.21,9.805800000000179,2.8585999999999316,0.0,1.7700000000004934,0.5899999999998684,9.47,-3.3714000000002677,1.0089999999999175,0.0,-0.9100000000001884,0.3500000000000725,9.47,-1.3713999999999598,1.0089999999999175,0.0,-0.9099999999999664,0.3500000000000725,0,0,0,0,0,0,0,0,0,0,0,0,0,0,0,0,0,0,0,0,0,0,0,0,0,0,0,0,0,0,0,0,0,0,0,0,0,0,0,0,0,0,0,0,0,0,0,0,0,0,0,0,0,0,0,0,0,0,0,0,0,0,0,0,0,0,0,0,0,0,0,0,0,0,0,0,0,0,0,0,0,0,0,0,0,0,0,0,0,0,0,0,0,0,0,0,0,0,0,0,0,0,0,0,0,0,0,0,0,0,0,0,0,0,0,0,0,0,0,0,0,0,0,0,0,0,0,0,0,0,0,0,0,0,0,0,0,0,0,0,0,0,0,0,0,0,0,0,0,0,0,0,0,0,0,0,0,0,0,0,0,0,0,0,0,0,0,0
10.200566814,4.8327480697366925,0.790858474835167,-2.2654313868134315,3.914410160064996,-0.42763969302173077,0.8186436414718834,3.914410160064697,-0.4276396930217743,0.8186436414718626,2.9253756999969482,-0.4276396930217743,1.19800865650177,2.7406163715342515,-0.4121692853919299,1.1650474390655912,3.01,-6.3,-1.0,0.0,0.0,0.0,3.01,-4.3,-1.0,0.0,0.0,0.0,3.01,-2.3,-1.0,0.0,0.0,0.0,3.01,-0.3,-1.0,0.0,0.0,0.0,3.01,-6.3,1.0,0.0,0.0,0.0,3.01,-4.3,1.0,0.0,0.0,0.0,3.01,-2.3,1.0,0.0,0.0,0.0,3.01,-0.3,1.0,0.0,0.0,0.0,0.58,-2.19,-1.0,0.0,0.0,0.0,0.58,-0.19,-1.0,0.0,0.0,0.0,0.58,1.81,-1.0,0.0,0.0,0.0,0.58,3.81,-1.0,0.0,0.0,0.0,0.58,-2.19,1.0,0.0,0.0,0.0,0.58,-0.19,1.0,0.0,0.0,0.0,0.58,1.81,1.0,0.0,0.0,0.0,0.58,3.81,1.0,0.0,0.0,0.0,-3.73,1.8359999999998033,0.931799999999934,0.0,1.3000000000000789,0.39000000000000146,-3.73,3.8360000000003045,0.931799999999934,0.0,1.3000000000000789,0.39000000000000146,6.21,7.947399999999251,2.905799999999921,0.0,1.7699999999996052,0.5899999999998684,6.21,9.947400000000219,2.905799999999921,0.0,1.7700000000004934,0.5899999999998684,9.47,-3.444200000000283,1.0369999999999233,0.0,-0.9100000000001884,0.3500000000000725,9.47,-1.444199999999957,1.0369999999999233,0.0,-0.9099999999999664,0.3500000000000725,0,0,0,0,0,0,0,0,0,0,0,0,0,0,0,0,0,0,0,0,0,0,0,0,0,0,0,0,0,0,0,0,0,0,0,0,0,0,0,0,0,0,0,0,0,0,0,0,0,0,0,0,0,0,0,0,0,0,0,0,0,0,0,0,0,0,0,0,0,0,0,0,0,0,0,0,0,0,0,0,0,0,0,0,0,0,0,0,0,0,0,0,0,0,0,0,0,0,0,0,0,0,0,0,0,0,0,0,0,0,0,0,0,0,0,0,0,0,0,0,0,0,0,0,0,0,0,0,0,0,0,0,0,0,0,0,0,0,0,0,0,0,0,0,0,0,0,0,0,0,0,0,0,0,0,0,0,0,0,0,0,0,0,0,0,0,0,0
10.301491438,5.140440882541875,0.7575755243146547,-2.1944798954956903,3.823410160064711,-0.41216927766796196,0.9096436414717246,3.823410160064697,-0.41216927766799927,0.9096436414718626,2.7406163215637207,-0.41216927766799927,1.1650474071502686,2.5640539143313292,-0.39329103895247486,1.1286224751993563,3.01,-6.3,-1.0,0.0,0.0,0.0,3.01,-4.3,-1.0,0.0,0.0,0.0,3.01,-2.3,-1.0,0.0,0.0,0.0,3.01,-0.3,-1.0,0.0,0.0,0.0,3.01,-6.3,1.0,0.0,0.0,0.0,3.01,-4.3,1.0,0.0,0.0,0.0,3.01,-2.3,1.0,0.0,0.0,0.0,3.01,-0.3,1.0,0.0,0.0,0.0,0.58,-2.19,-1.0,0.0,0.0,0.0,0.58,-0.19,-1.0,0.0,0.0,0.0,0.58,1.81,-1.0,0.0,0.0,0.0,0.58,3.81,-1.0,0.0,0.0,0.0,0.58,-2.19,1.0,0.0,0.0,0.0,0.58,-0.19,1.0,0.0,0.0,0.0,0.58,1.81,1.0,0.0,0.0,0.0,0.58,3.81,1.0,0.0,0.0,0.0,-3.73,1.9399999999998097,0.9629999999999341,0.0,1.3000000000000789,0.39000000000000146,-3.73,3.940000000000311,0.9629999999999341,0.0,1.3000000000000789,0.39000000000000146,6.21,8.088999999999265,2.9529999999999106,0.0,1.7700000000004934,0.5899999999998684,6.21,10.089000000000258,2.9529999999999106,0.0,1.7700000000004934,0.5899999999998684,9.47,-3.517000000000298,1.0649999999999291,0.0,-0.9100000000001884,0.3500000000000725,9.47,-1.5169999999999544,1.0649999999999291,0.0,-0.9099999999999664,0.3500000000000725,0,0,0,0,0,0,0,0,0,0,0,0,0,0,0,0,0,0,0,0,0,0,0,0,0,0,0,0,0,0,0,0,0,0,0,0,0,0,0,0,0,0,0,0,0,0,0,0,0,0,0,0,0,0,0,0,0,0,0,0,0,0,0,0,0,0,0,0,0,0,0,0,0,0,0,0,0,0,0,0,0,0,0,0,0,0,0,0,0,0,0,0,0,0,0,0,0,0,0,0,0,0,0,0,0,0,0,0,0,0,0,0,0,0,0,0,0,0,0,0,0,0,0,0,0,0,0,0,0,0,0,0,0,0,0,0,0,0,0,0,0,0,0,0,0,0,0,0,0,0,0,0,0,0,0,0,0,0,0,0,0,0,0,0,0,0,0,0
10.40165076,5.441677695347054,0.7257535554313767,-2.1170724041779545,3.747410160064746,-0.39329102635388136,0.9856436414716896,3.747410160064697,-0.39329102635383606,0.9856436414718626,2.564054012298584,-0.39329102635383606,1.1286225318908691,2.413409800900214,-0.37702536773546047,1.093325189284395,3.01,-6.3,-1.0,0.0,0.0,0.0,3.01,-4.3,-1.0,0.0,0.0,0.0,3.01,-2.3,-1.0,0.0,0.0,0.0,3.01,-0.3,-1.0,0.0,0.0,0.0,3.01,-6.3,1.0,0.0,0.0,0.0,3.01,-4.3,1.0,0.0,0.0,0.0,3.01,-2.3,1.0,0.0,0.0,0.0,3.01,-0.3,1.0,0.0,0.0,0.0,0.58,-2.19,-1.0,0.0,0.0,0.0,0.58,-0.19,-1.0,0.0,0.0,0.0,0.58,1.81,-1.0,0.0,0.0,0.0,0.58,3.81,-1.0,0.0,0.0,0.0,0.58,-2.19,1.0,0.0,0.0,0.0,0.58,-0.19,1.0,0.0,0.0,0.0,0.58,1.81,1.0,0.0,0.0,0.0,0.58,3.81,1.0,0.0,0.0,0.0,-3.73,2.0439999999998157,0.9941999999999342,0.0,1.3000000000000789,0.39000000000000146,-3.73,4.0440000000003025,0.9941999999999342,0.0,1.2999999999996348,0.39000000000000146,6.21,8.230599999999304,3.0001999999999,0.0,1.7700000000004934,0.5899999999998684,6.21,10.230600000000297,3.0001999999999,0.0,1.7700000000004934,0.5899999999998684,9.47,-3.589800000000313,1.092999999999935,0.0,-0.9100000000001884,0.3500000000000725,9.47,-1.5897999999999517,1.092999999999935,0.0,-0.9099999999999664,0.3500000000000725,0,0,0,0,0,0,0,0,0,0,0,0,0,0,0,0,0,0,0,0,0,0,0,0,0,0,0,0,0,0,0,0,0,0,0,0,0,0,0,0,0,0,0,0,0,0,0,0,0,0,0,0,0,0,0,0,0,0,0,0,0,0,0,0,0,0,0,0,0,0,0,0,0,0,0,0,0,0,0,0,0,0,0,0,0,0,0,0,0,0,0,0,0,0,0,0,0,0,0,0,0,0,0,0,0,0,0,0,0,0,0,0,0,0,0,0,0,0,0,0,0,0,0,0,0,0,0,0,0,0,0,0,0,0,0,0,0,0,0,0,0,0,0,0,0,0,0,0,0,0,0,0,0,0,0,0,0,0,0,0,0,0,0,0,0,0,0,0
10.502403856,5.736455508152214,0.6952499472940041,-2.0332059128601996,3.662410160064411,-0.37702536582950863,1.0706436414720244,3.662410160064697,-0.3770253658294678,1.0706436414718625,2.41340970993042,-0.3770253658294678,1.093325138092041,2.254802986286052,-0.3603203860443881,1.0521295184194113,3.01,-6.3,-1.0,0.0,0.0,0.0,3.01,-4.3,-1.0,0.0,0.0,0.0,3.01,-2.3,-1.0,0.0,0.0,0.0,3.01,-0.3,-1.0,0.0,0.0,0.0,3.01,-6.3,1.0,0.0,0.0,0.0,3.01,-4.3,1.0,0.0,0.0,0.0,3.01,-2.3,1.0,0.0,0.0,0.0,3.01,-0.3,1.0,0.0,0.0,0.0,0.58,-2.19,-1.0,0.0,0.0,0.0,0.58,-0.19,-1.0,0.0,0.0,0.0,0.58,1.81,-1.0,0.0,0.0,0.0,0.58,3.81,-1.0,0.0,0.0,0.0,0.58,-2.19,1.0,0.0,0.0,0.0,0.58,-0.19,1.0,0.0,0.0,0.0,0.58,1.81,1.0,0.0,0.0,0.0,0.58,3.81,1.0,0.0,0.0,0.0,-3.73,2.147999999999822,1.025399999999927,0.0,1.3000000000000789,0.38999999999989043,-3.73,4.148000000000273,1.025399999999927,0.0,1.2999999999996348,0.38999999999989043,6.21,8.372199999999344,3.0473999999998895,0.0,1.7700000000004934,0.5899999999998684,6.21,10.372200000000337,3.0473999999998895,0.0,1.7700000000004934,0.5899999999998684,9.47,-3.662600000000328,1.1209999999999407,0.0,-0.9100000000001884,0.3500000000000725,9.47,-1.662599999999949,1.1209999999999407,0.0,-0.9099999999999664,0.3500000000000725,0,0,0,0,0,0,0,0,0,0,0,0,0,0,0,0,0,0,0,0,0,0,0,0,0,0,0,0,0,0,0,0,0,0,0,0,0,0,0,0,0,0,0,0,0,0,0,0,0,0,0,0,0,0,0,0,0,0,0,0,0,0,0,0,0,0,0,0,0,0,0,0,0,0,0,0,0,0,0,0,0,0,0,0,0,0,0,0,0,0,0,0,0,0,0,0,0,0,0,0,0,0,0,0,0,0,0,0,0,0,0,0,0,0,0,0,0,0,0,0,0,0,0,0,0,0,0,0,0,0,0,0,0,0,0,0,0,0,0,0,0,0,0,0,0,0,0,0,0,0,0,0,0,0,0,0,0,0,0,0,0,0,0,0,0,0,0,0
10.601500744,6.024828320957405,0.666006691738372,-1.9485726989348306,3.578410160065104,-0.36032038927080734,1.0521295070649028,3.578410160064697,-0.36032038927078247,1.0521295070648193,2.254802942276001,-0.36032038927078247,1.0521295070648193,2.1006417595633455,-0.34442025803745124,1.0075024854775876,3.01,-6.3,-1.0,0.0,0.0,0.0,3.01,-4.3,-1.0,0.0,0.0,0.0,3.01,-2.3,-1.0,0.0,0.0,0.0,3.01,-0.3,-1.0,0.0,0.0,0.0,3.01,-6.3,1.0,0.0,0.0,0.0,3.01,-4.3,1.0,0.0,0.0,0.0,3.01,-2.3,1.0,0.0,0.0,0.0,3.01,-0.3,1.0,0.0,0.0,0.0,0.58,-2.19,-1.0,0.0,0.0,0.0,0.58,-0.19,-1.0,0.0,0.0,0.0,0.58,1.81,-1.0,0.0,0.0,0.0,0.58,3.81,-1.0,0.0,0.0,0.0,0.58,-2.19,1.0,0.0,0.0,0.0,0.58,-0.19,1.0,0.0,0.0,0.0,0.58,1.81,1.0,0.0,0.0,0.0,0.58,3.81,1.0,0.0,0.0,0.0,-3.73,2.2519999999998284,1.0565999999999183,0.0,1.3000000000000789,0.38999999999989043,-3.73,4.252000000000244,1.0565999999999183,0.0,1.2999999999996348,0.38999999999989043,6.21,8.513799999999383,3.094599999999879,0.0,1.7700000000004934,0.5899999999998684,6.21,10.513800000000376,3.094599999999879,0.0,1.7700000000004934,0.5899999999998684,9.47,-3.735400000000343,1.1489999999999465,0.0,-0.9100000000001884,0.3500000000000725,9.47,-1.7353999999999463,1.1489999999999465,0.0,-0.9099999999999664,0.3500000000000725,0,0,0,0,0,0,0,0,0,0,0,0,0,0,0,0,0,0,0,0,0,0,0,0,0,0,0,0,0,0,0,0,0,0,0,0,0,0,0,0,0,0,0,0,0,0,0,0,0,0,0,0,0,0,0,0,0,0,0,0,0,0,0,0,0,0,0,0,0,0,0,0,0,0,0,0,0,0,0,0,0,0,0,0,0,0,0,0,0,0,0,0,0,0,0,0,0,0,0,0,0,0,0,0,0,0,0,0,0,0,0,0,0,0,0,0,0,0,0,0,0,0,0,0,0,0,0,0,0,0,0,0,0,0,0,0,0,0,0,0,0,0,0,0,0,0,0,0,0,0,0,0,0,0,0,0,0,0,0,0,0,0,0,0,0,0,0,0
10.702610686,6.306693133762615,0.6381032684290431,-1.8669907084544086,3.502410160065139,-0.34442025423053746,1.0075024366378305,3.502410160064697,-0.34442025423049927,1.0075024366378784,2.1006417274475098,-0.34442025423049927,1.0075024366378784,1.966115378560907,-0.33084142353356116,0.9679735724250259,3.01,-6.3,-1.0,0.0,0.0,0.0,3.01,-4.3,-1.0,0.0,0.0,0.0,3.01,-2.3,-1.0,0.0,0.0,0.0,3.01,-0.3,-1.0,0.0,0.0,0.0,3.01,-6.3,1.0,0.0,0.0,0.0,3.01,-4.3,1.0,0.0,0.0,0.0,3.01,-2.3,1.0,0.0,0.0,0.0,3.01,-0.3,1.0,0.0,0.0,0.0,0.58,-2.19,-1.0,0.0,0.0,0.0,0.58,-0.19,-1.0,0.0,0.0,0.0,0.58,1.81,-1.0,0.0,0.0,0.0,0.58,3.81,-1.0,0.0,0.0,0.0,0.58,-2.19,1.0,0.0,0.0,0.0,0.58,-0.19,1.0,0.0,0.0,0.0,0.58,1.81,1.0,0.0,0.0,0.0,0.58,3.81,1.0,0.0,0.0,0.0,-3.73,2.3559999999998347,1.0877999999999095,0.0,1.3000000000000789,0.38999999999989043,-3.73,4.356000000000215,1.0877999999999095,0.0,1.2999999999996348,0.38999999999989043,6.21,8.655399999999423,3.1417999999998685,0.0,1.7700000000004934,0.5899999999998684,6.21,10.655400000000416,3.1417999999998685,0.0,1.7700000000004934,0.5899999999998684,9.47,-3.808200000000358,1.1769999999999523,0.0,-0.9100000000001884,0.3500000000000725,9.47,-1.8081999999999436,1.1769999999999523,0.0,-0.9099999999999664,0.3500000000000725,0,0,0,0,0,0,0,0,0,0,0,0,0,0,0,0,0,0,0,0,0,0,0,0,0,0,0,0,0,0,0,0,0,0,0,0,0,0,0,0,0,0,0,0,0,0,0,0,0,0,0,0,0,0,0,0,0,0,0,0,0,0,0,0,0,0,0,0,0,0,0,0,0,0,0,0,0,0,0,0,0,0,0,0,0,0,0,0,0,0,0,0,0,0,0,0,0,0,0,0,0,0,0,0,0,0,0,0,0,0,0,0,0,0,0,0,0,0,0,0,0,0,0,0,0,0,0,0,0,0,0,0,0,0,0,0,0,0,0,0,0,0,0,0,0,0,0,0,0,0,0,0,0,0,0,0,0,0,0,0,0,0,0,0,0,0,0,0
10.809948068,6.444645540165205,0.6247609808886083,-1.8279555340845992,3.435410160064656,-0.3308414220809519,0.9679735898970865,3.4354101600646967,-0.33084142208099365,0.9679735898971558,1.9661153554916382,-0.33084142208099365,0.9679735898971558,1.8397290127985624,-0.31837908830464,0.9315277839700176,3.01,-6.3,-1.0,0.0,0.0,0.0,3.01,-4.3,-1.0,0.0,0.0,0.0,3.01,-2.3,-1.0,0.0,0.0,0.0,3.01,-0.3,-1.0,0.0,0.0,0.0,3.01,-6.3,1.0,0.0,0.0,0.0,3.01,-4.3,1.0,0.0,0.0,0.0,3.01,-2.3,1.0,0.0,0.0,0.0,3.01,-0.3,1.0,0.0,0.0,0.0,0.58,-2.19,-1.0,0.0,0.0,0.0,0.58,-0.19,-1.0,0.0,0.0,0.0,0.58,1.81,-1.0,0.0,0.0,0.0,0.58,3.81,-1.0,0.0,0.0,0.0,0.58,-2.19,1.0,0.0,0.0,0.0,0.58,-0.19,1.0,0.0,0.0,0.0,0.58,1.81,1.0,0.0,0.0,0.0,0.58,3.81,1.0,0.0,0.0,0.0,-3.73,2.407999999999838,1.1033999999999051,0.0,1.3000000000000789,0.38999999999989043,-3.73,4.4080000000002,1.1033999999999051,0.0,1.2999999999996348,0.38999999999989043,6.21,8.761599999999452,3.1771999999998606,0.0,1.7700000000004934,0.5899999999998684,6.21,10.761600000000445,3.1771999999998606,0.0,1.7700000000004934,0.5899999999998684,9.47,-3.8446000000003657,1.1909999999999552,0.0,-0.9100000000001884,0.3500000000000725,9.47,-1.8445999999999423,1.1909999999999552,0.0,-0.9099999999999664,0.3500000000000725,0,0,0,0,0,0,0,0,0,0,0,0,0,0,0,0,0,0,0,0,0,0,0,0,0,0,0,0,0,0,0,0,0,0,0,0,0,0,0,0,0,0,0,0,0,0,0,0,0,0,0,0,0,0,0,0,0,0,0,0,0,0,0,0,0,0,0,0,0,0,0,0,0,0,0,0,0,0,0,0,0,0,0,0,0,0,0,0,0,0,0,0,0,0,0,0,0,0,0,0,0,0,0,0,0,0,0,0,0,0,0,0,0,0,0,0,0,0,0,0,0,0,0,0,0,0,0,0,0,0,0,0,0,0,0,0,0,0,0,0,0,0,0,0,0,0,0,0,0,0,0,0,0,0,0,0,0,0,0,0,0,0,0,0,0,0,0,0
10.908093015,6.5810899465678,0.6117516462647961,-1.7898926148255294,3.3814101600651014,-0.3183790743350734,0.9315277934074384,3.381410160064697,-0.31837907433509827,0.9315277934074402,1.8397290706634521,-0.31837907433509827,0.9315277934074402,1.7484762435568477,-0.30956833835661607,0.9057499915281744,3.01,-6.3,-1.0,0.0,0.0,0.0,3.01,-4.3,-1.0,0.0,0.0,0.0,3.01,-2.3,-1.0,0.0,0.0,0.0,3.01,-0.3,-1.0,0.0,0.0,0.0,3.01,-6.3,1.0,0.0,0.0,0.0,3.01,-4.3,1.0,0.0,0.0,0.0,3.01,-2.3,1.0,0.0,0.0,0.0,3.01,-0.3,1.0,0.0,0.0,0.0,0.58,-2.19,-1.0,0.0,0.0,0.0,0.58,-0.19,-1.0,0.0,0.0,0.0,0.58,1.81,-1.0,0.0,0.0,0.0,0.58,3.81,-1.0,0.0,0.0,0.0,0.58,-2.19,1.0,0.0,0.0,0.0,0.58,-0.19,1.0,0.0,0.0,0.0,0.58,1.81,1.0,0.0,0.0,0.0,0.58,3.81,1.0,0.0,0.0,0.0,-3.73,2.4859999999998426,1.1267999999998985,0.0,1.3000000000000789,0.38999999999989043,-3.73,4.460000000000186,1.1189999999999007,0.0,1.2999999999996348,0.38999999999989043,6.21,8.796999999999462,3.188999999999858,0.0,1.7700000000004934,0.5899999999998684,6.21,10.832400000000465,3.2007999999998553,0.0,1.7700000000004934,0.5899999999998684,9.47,-3.8810000000003733,1.204999999999958,0.0,-0.9100000000001884,0.3500000000000725,9.47,-1.880999999999941,1.204999999999958,0.0,-0.9099999999999664,0.3500000000000725,0,0,0,0,0,0,0,0,0,0,0,0,0,0,0,0,0,0,0,0,0,0,0,0,0,0,0,0,0,0,0,0,0,0,0,0,0,0,0,0,0,0,0,0,0,0,0,0,0,0,0,0,0,0,0,0,0,0,0,0,0,0,0,0,0,0,0,0,0,0,0,0,0,0,0,0,0,0,0,0,0,0,0,0,0,0,0,0,0,0,0,0,0,0,0,0,0,0,0,0,0,0,0,0,0,0,0,0,0,0,0,0,0,0,0,0,0,0,0,0,0,0,0,0,0,0,0,0,0,0,0,0,0,0,0,0,0,0,0,0,0,0,0,0,0,0,0,0,0,0,0,0,0,0,0,0,0,0,0,0,0,0,0,0,0,0,0,0
11.003447048,6.782434556171677,0.5929572773122833,-1.7349031708081202,3.3374101600642803,-0.3095683455467402,0.9057499766349508,3.337410160064697,-0.3095683455467224,0.9057499766349792,1.748476266860962,-0.3095683455467224,0.9057499766349792,1.6756409251154492,-0.3026920323890473,0.8856310294786904,3.01,-6.3,-1.0,0.0,0.0,0.0,3.01,-4.3,-1.0,0.0,0.0,0.0,3.01,-2.3,-1.0,0.0,0.0,0.0,3.01,-0.3,-1.0,0.0,0.0,0.0,3.01,-6.3,1.0,0.0,0.0,0.0,3.01,-4.3,1.0,0.0,0.0,0.0,3.01,-2.3,1.0,0.0,0.0,0.0,3.01,-0.3,1.0,0.0,0.0,0.0,0.58,-2.19,-1.0,0.0,0.0,0.0,0.58,-0.19,-1.0,0.0,0.0,0.0,0.58,1.81,-1.0,0.0,0.0,0.0,0.58,3.81,-1.0,0.0,0.0,0.0,0.58,-2.19,1.0,0.0,0.0,0.0,0.58,-0.19,1.0,0.0,0.0,0.0,0.58,1.81,1.0,0.0,0.0,0.0,0.58,3.81,1.0,0.0,0.0,0.0,-3.73,2.5379999999998457,1.1423999999998942,0.0,1.3000000000000789,0.38999999999989043,-3.73,4.538000000000164,1.1423999999998942,0.0,1.2999999999996348,0.38999999999989043,6.21,8.903199999999492,3.22439999999985,0.0,1.7700000000004934,0.5899999999998684,6.21,10.903200000000485,3.22439999999985,0.0,1.7700000000004934,0.5899999999998684,9.47,-3.9356000000003846,1.2259999999999625,0.0,-0.9100000000001884,0.3500000000000725,9.47,-1.935599999999939,1.2259999999999625,0.0,-0.9099999999999664,0.3500000000000725,0,0,0,0,0,0,0,0,0,0,0,0,0,0,0,0,0,0,0,0,0,0,0,0,0,0,0,0,0,0,0,0,0,0,0,0,0,0,0,0,0,0,0,0,0,0,0,0,0,0,0,0,0,0,0,0,0,0,0,0,0,0,0,0,0,0,0,0,0,0,0,0,0,0,0,0,0,0,0,0,0,0,0,0,0,0,0,0,0,0,0,0,0,0,0,0,0,0,0,0,0,0,0,0,0,0,0,0,0,0,0,0,0,0,0,0,0,0,0,0,0,0,0,0,0,0,0,0,0,0,0,0,0,0,0,0,0,0,0,0,0,0,0,0,0,0,0,0,0,0,0,0,0,0,0,0,0,0,0,0,0,0,0,0,0,0,0,0
11.101509988,6.848720759372966,0.5868415499174633,-1.717009479745193,3.295410160064627,-0.30269202589994215,0.8856310248375188,3.295410160064697,-0.3026920258998871,0.8856310248374939,1.6756409406661987,-0.3026920258998871,0.8856310248374939,1.6143450721809356,-0.2969945858987196,0.8689611686984516,3.01,-6.3,-1.0,0.0,0.0,0.0,3.01,-4.3,-1.0,0.0,0.0,0.0,3.01,-2.3,-1.0,0.0,0.0,0.0,3.01,-0.3,-1.0,0.0,0.0,0.0,3.01,-6.3,1.0,0.0,0.0,0.0,3.01,-4.3,1.0,0.0,0.0,0.0,3.01,-2.3,1.0,0.0,0.0,0.0,3.01,-0.3,1.0,0.0,0.0,0.0,0.58,-2.19,-1.0,0.0,0.0,0.0,0.58,-0.19,-1.0,0.0,0.0,0.0,0.58,1.81,-1.0,0.0,0.0,0.0,0.58,3.81,-1.0,0.0,0.0,0.0,0.58,-2.19,1.0,0.0,0.0,0.0,0.58,-0.19,1.0,0.0,0.0,0.0,0.58,1.81,1.0,0.0,0.0,0.0,0.58,3.81,1.0,0.0,0.0,0.0,-3.73,2.5639999999998473,1.150199999999892,0.0,1.3000000000000789,0.38999999999989043,-3.73,4.564000000000156,1.150199999999892,0.0,1.2999999999996348,0.38999999999989043,6.21,8.938599999999502,3.2361999999998474,0.0,1.7700000000004934,0.5899999999998684,6.21,10.938600000000495,3.2361999999998474,0.0,1.7700000000004934,0.5899999999998684,9.47,-3.9538000000003883,1.232999999999964,0.0,-0.9100000000001884,0.3500000000000725,9.47,-1.9537999999999383,1.232999999999964,0.0,-0.9099999999999664,0.3500000000000725,0,0,0,0,0,0,0,0,0,0,0,0,0,0,0,0,0,0,0,0,0,0,0,0,0,0,0,0,0,0,0,0,0,0,0,0,0,0,0,0,0,0,0,0,0,0,0,0,0,0,0,0,0,0,0,0,0,0,0,0,0,0,0,0,0,0,0,0,0,0,0,0,0,0,0,0,0,0,0,0,0,0,0,0,0,0,0,0,0,0,0,0,0,0,0,0,0,0,0,0,0,0,0,0,0,0,0,0,0,0,0,0,0,0,0,0,0,0,0,0,0,0,0,0,0,0,0,0,0,0,0,0,0,0,0,0,0,0,0,0,0,0,0,0,0,0,0,0,0,0,0,0,0,0,0,0,0,0,0,0,0,0,0,0,0,0,0,0
11.202381925,7.045205368976848,0.5689079255306755,-1.6645384130318552,3.2644101600647346,-0.29699459671972406,0.8689611554146826,3.264410160064697,-0.2969945967197418,0.8689611554145813,1.6143450736999512,-0.2969945967197418,0.8689611554145813,1.5575148644331613,-0.29175596881628196,0.8536337692359901,3.01,-6.3,-1.0,0.0,0.0,0.0,3.01,-4.3,-1.0,0.0,0.0,0.0,3.01,-2.3,-1.0,0.0,0.0,0.0,3.01,-0.3,-1.0,0.0,0.0,0.0,3.01,-6.3,1.0,0.0,0.0,0.0,3.01,-4.3,1.0,0.0,0.0,0.0,3.01,-2.3,1.0,0.0,0.0,0.0,3.01,-0.3,1.0,0.0,0.0,0.0,0.58,-2.19,-1.0,0.0,0.0,0.0,0.58,-0.19,-1.0,0.0,0.0,0.0,0.58,1.81,-1.0,0.0,0.0,0.0,0.58,3.81,-1.0,0.0,0.0,0.0,0.58,-2.19,1.0,0.0,0.0,0.0,0.58,-0.19,1.0,0.0,0.0,0.0,0.58,1.81,1.0,0.0,0.0,0.0,0.58,3.81,1.0,0.0,0.0,0.0,-3.73,2.641999999999852,1.1735999999998854,0.0,1.3000000000000789,0.38999999999989043,-3.73,4.6420000000001345,1.1735999999998854,0.0,1.2999999999996348,0.38999999999989043,6.21,9.044799999999531,3.2715999999998395,0.0,1.7700000000004934,0.5899999999998684,6.21,11.044800000000524,3.2715999999998395,0.0,1.7700000000004934,0.5899999999998684,9.47,-4.0084000000004,1.2539999999999683,0.0,-0.9100000000001884,0.3500000000000725,9.47,-2.0083999999999382,1.2539999999999683,0.0,-0.9100000000001662,0.3500000000000725,0,0,0,0,0,0,0,0,0,0,0,0,0,0,0,0,0,0,0,0,0,0,0,0,0,0,0,0,0,0,0,0,0,0,0,0,0,0,0,0,0,0,0,0,0,0,0,0,0,0,0,0,0,0,0,0,0,0,0,0,0,0,0,0,0,0,0,0,0,0,0,0,0,0,0,0,0,0,0,0,0,0,0,0,0,0,0,0,0,0,0,0,0,0,0,0,0,0,0,0,0,0,0,0,0,0,0,0,0,0,0,0,0,0,0,0,0,0,0,0,0,0,0,0,0,0,0,0,0,0,0,0,0,0,0,0,0,0,0,0,0,0,0,0,0,0,0,0,0,0,0,0,0,0,0,0,0,0,0,0,0,0,0,0,0,0,0,0
11.301618299,7.174351775379446,0.5571643458449875,-1.6301784790594933,3.2094101600650404,-0.29175597429276223,0.8536337614060141,3.2094101600646967,-0.2917559742927551,0.8536337614059448,1.5575149059295654,-0.2917559742927551,0.8536337614059448,1.4644056748713163,-0.2832722707253712,0.8288117547670792,3.01,-6.3,-1.0,0.0,0.0,0.0,3.01,-4.3,-1.0,0.0,0.0,0.0,3.01,-2.3,-1.0,0.0,0.0,0.0,3.01,-0.3,-1.0,0.0,0.0,0.0,3.01,-6.3,1.0,0.0,0.0,0.0,3.01,-4.3,1.0,0.0,0.0,0.0,3.01,-2.3,1.0,0.0,0.0,0.0,3.01,-0.3,1.0,0.0,0.0,0.0,0.58,-2.19,-1.0,0.0,0.0,0.0,0.58,-0.19,-1.0,0.0,0.0,0.0,0.58,1.81,-1.0,0.0,0.0,0.0,0.58,3.81,-1.0,0.0,0.0,0.0,0.58,-2.19,1.0,0.0,0.0,0.0,0.58,-0.19,1.0,0.0,0.0,0.0,0.58,1.81,1.0,0.0,0.0,0.0,0.58,3.81,1.0,0.0,0.0,0.0,-3.73,2.693999999999855,1.189199999999881,0.0,1.3000000000000789,0.38999999999989043,-3.73,4.69400000000012,1.189199999999881,0.0,1.2999999999996348,0.38999999999989043,6.21,9.115599999999551,3.2951999999998343,0.0,1.7700000000004934,0.5899999999998684,6.21,11.115600000000544,3.2951999999998343,0.0,1.7700000000004934,0.5899999999998684,9.47,-4.044800000000407,1.2679999999999712,0.0,-0.9100000000001884,0.3500000000000725,9.47,-2.0447999999999458,1.2679999999999712,0.0,-0.9100000000001884,0.3500000000000725,0,0,0,0,0,0,0,0,0,0,0,0,0,0,0,0,0,0,0,0,0,0,0,0,0,0,0,0,0,0,0,0,0,0,0,0,0,0,0,0,0,0,0,0,0,0,0,0,0,0,0,0,0,0,0,0,0,0,0,0,0,0,0,0,0,0,0,0,0,0,0,0,0,0,0,0,0,0,0,0,0,0,0,0,0,0,0,0,0,0,0,0,0,0,0,0,0,0,0,0,0,0,0,0,0,0,0,0,0,0,0,0,0,0,0,0,0,0,0,0,0,0,0,0,0,0,0,0,0,0,0,0,0,0,0,0,0,0,0,0,0,0,0,0,0,0,0,0,0,0,0,0,0,0,0,0,0,0,0,0,0,0,0,0,0,0,0,0
11.401335699,7.365092384983349,0.5400662053668546,-1.5801519092162026,3.171410160065058,-0.2832722663879128,0.8288117647170523,3.171410160064697,-0.28327226638793945,0.828811764717102,1.4644056558609009,-0.28327226638793945,0.828811764717102,1.400047271670017,-0.2774287229579705,0.811714419678825,3.01,-6.3,-1.0,0.0,0.0,0.0,3.01,-4.3,-1.0,0.0,0.0,0.0,3.01,-2.3,-1.0,0.0,0.0,0.0,3.01,-0.3,-1.0,0.0,0.0,0.0,3.01,-6.3,1.0,0.0,0.0,0.0,3.01,-4.3,1.0,0.0,0.0,0.0,3.01,-2.3,1.0,0.0,0.0,0.0,3.01,-0.3,1.0,0.0,0.0,0.0,0.58,-2.19,-1.0,0.0,0.0,0.0,0.58,-0.19,-1.0,0.0,0.0,0.0,0.58,1.81,-1.0,0.0,0.0,0.0,0.58,3.81,-1.0,0.0,0.0,0.0,0.58,-2.19,1.0,0.0,0.0,0.0,0.58,-0.19,1.0,0.0,0.0,0.0,0.58,1.81,1.0,0.0,0.0,0.0,0.58,3.81,1.0,0.0,0.0,0.0,-3.73,2.77199999999986,1.2125999999998744,0.0,1.3000000000000789,0.38999999999989043,-3.73,4.772000000000098,1.2125999999998744,0.0,1.2999999999996348,0.38999999999989043,6.21,9.22179999999958,3.3305999999998264,0.0,1.7700000000004934,0.5899999999998684,6.21,11.221800000000574,3.3305999999998264,0.0,1.7700000000004934,0.5899999999998684,9.47,-4.0994000000004185,1.2889999999999755,0.0,-0.9100000000001884,0.3500000000000725,9.47,-2.099399999999957,1.2889999999999755,0.0,-0.9100000000001884,0.3500000000000725,0,0,0,0,0,0,0,0,0,0,0,0,0,0,0,0,0,0,0,0,0,0,0,0,0,0,0,0,0,0,0,0,0,0,0,0,0,0,0,0,0,0,0,0,0,0,0,0,0,0,0,0,0,0,0,0,0,0,0,0,0,0,0,0,0,0,0,0,0,0,0,0,0,0,0,0,0,0,0,0,0,0,0,0,0,0,0,0,0,0,0,0,0,0,0,0,0,0,0,0,0,0,0,0,0,0,0,0,0,0,0,0,0,0,0,0,0,0,0,0,0,0,0,0,0,0,0,0,0,0,0,0,0,0,0,0,0,0,0,0,0,0,0,0,0,0,0,0,0,0,0,0,0,0,0,0,0,0,0,0,0,0,0,0,0,0,0,0
11.50170128,7.552496994587234,0.5233503597819862,-1.5312438763220735,3.111410160064665,-0.2774287164211131,0.8117144107817609,3.111410160064697,-0.2774287164211273,0.8117144107818604,1.4000473022460938,-0.2774287164211273,0.8117144107818604,1.3064378719480985,-0.2690498307210231,0.787199049727101,3.01,-6.3,-1.0,0.0,0.0,0.0,3.01,-4.3,-1.0,0.0,0.0,0.0,3.01,-2.3,-1.0,0.0,0.0,0.0,3.01,-0.3,-1.0,0.0,0.0,0.0,3.01,-6.3,1.0,0.0,0.0,0.0,3.01,-4.3,1.0,0.0,0.0,0.0,3.01,-2.3,1.0,0.0,0.0,0.0,3.01,-0.3,1.0,0.0,0.0,0.0,0.58,-2.19,-1.0,0.0,0.0,0.0,0.58,-0.19,-1.0,0.0,0.0,0.0,0.58,1.81,-1.0,0.0,0.0,0.0,0.58,3.81,-1.0,0.0,0.0,0.0,0.58,-2.19,1.0,0.0,0.0,0.0,0.58,-0.19,1.0,0.0,0.0,0.0,0.58,1.81,1.0,0.0,0.0,0.0,0.58,3.81,1.0,0.0,0.0,0.0,-3.73,2.8499999999998646,1.2359999999998679,0.0,1.3000000000000789,0.38999999999989043,-3.73,4.850000000000076,1.2359999999998679,0.0,1.2999999999996348,0.38999999999989043,6.21,9.32799999999961,3.3659999999998185,0.0,1.7700000000004934,0.5899999999998684,6.21,11.328000000000603,3.3659999999998185,0.0,1.7700000000004934,0.5899999999998684,9.47,-4.15400000000043,1.3099999999999798,0.0,-0.9100000000001884,0.3500000000000725,9.47,-2.1539999999999684,1.3099999999999798,0.0,-0.9100000000001884,0.3500000000000725,0,0,0,0,0,0,0,0,0,0,0,0,0,0,0,0,0,0,0,0,0,0,0,0,0,0,0,0,0,0,0,0,0,0,0,0,0,0,0,0,0,0,0,0,0,0,0,0,0,0,0,0,0,0,0,0,0,0,0,0,0,0,0,0,0,0,0,0,0,0,0,0,0,0,0,0,0,0,0,0,0,0,0,0,0,0,0,0,0,0,0,0,0,0,0,0,0,0,0,0,0,0,0,0,0,0,0,0,0,0,0,0,0,0,0,0,0,0,0,0,0,0,0,0,0,0,0,0,0,0,0,0,0,0,0,0,0,0,0,0,0,0,0,0,0,0,0,0,0,0,0,0,0,0,0,0,0,0,0,0,0,0,0,0,0,0,0,0
11.605609165,7.797329807392423,0.5016587960565162,-1.467777646883289,3.04341016006493,-0.26904982328412874,0.7871990203858203,3.043410160064697,-0.26904982328414917,0.7871990203857422,1.3064378499984741,-0.26904982328414917,0.7871990203857422,1.20819445190606,-0.2602880363088875,0.7615633661071279,3.01,-6.3,-1.0,0.0,0.0,0.0,3.01,-4.3,-1.0,0.0,0.0,0.0,3.01,-2.3,-1.0,0.0,0.0,0.0,3.01,-0.3,-1.0,0.0,0.0,0.0,3.01,-6.3,1.0,0.0,0.0,0.0,3.01,-4.3,1.0,0.0,0.0,0.0,3.01,-2.3,1.0,0.0,0.0,0.0,3.01,-0.3,1.0,0.0,0.0,0.0,0.58,-2.19,-1.0,0.0,0.0,0.0,0.58,-0.19,-1.0,0.0,0.0,0.0,0.58,1.81,-1.0,0.0,0.0,0.0,0.58,3.81,-1.0,0.0,0.0,0.0,0.58,-2.19,1.0,0.0,0.0,0.0,0.58,-0.19,1.0,0.0,0.0,0.0,0.58,1.81,1.0,0.0,0.0,0.0,0.58,3.81,1.0,0.0,0.0,0.0,-3.73,2.953999999999871,1.267199999999859,0.0,1.3000000000000789,0.38999999999989043,-3.73,4.954000000000047,1.267199999999859,0.0,1.2999999999996348,0.38999999999989043,6.21,9.46959999999965,3.413199999999808,0.0,1.7700000000004934,0.5899999999998684,6.21,11.469600000000643,3.413199999999808,0.0,1.7700000000004934,0.5899999999998684,9.47,-4.226800000000445,1.3379999999999856,0.0,-0.9100000000001884,0.3500000000000725,9.47,-2.2267999999999835,1.3379999999999856,0.0,-0.9100000000001884,0.3500000000000725,0,0,0,0,0,0,0,0,0,0,0,0,0,0,0,0,0,0,0,0,0,0,0,0,0,0,0,0,0,0,0,0,0,0,0,0,0,0,0,0,0,0,0,0,0,0,0,0,0,0,0,0,0,0,0,0,0,0,0,0,0,0,0,0,0,0,0,0,0,0,0,0,0,0,0,0,0,0,0,0,0,0,0,0,0,0,0,0,0,0,0,0,0,0,0,0,0,0,0,0,0,0,0,0,0,0,0,0,0,0,0,0,0,0,0,0,0,0,0,0,0,0,0,0,0,0,0,0,0,0,0,0,0,0,0,0,0,0,0,0,0,0,0,0,0,0,0,0,0,0,0,0,0,0,0,0,0,0,0,0,0,0,0,0,0,0,0,0
11.703841628,8.036002620197628,0.48069556496978594,-1.406442407472892,2.9684101600651047,-0.26028802990912814,0.7615633606909977,2.9684101600646966,-0.2602880299091339,0.7615633606910706,1.2081944942474365,-0.2602880299091339,0.7615633606910706,1.092249865823594,-0.2500275056344307,0.7315426077763041,3.01,-6.3,-1.0,0.0,0.0,0.0,3.01,-4.3,-1.0,0.0,0.0,0.0,3.01,-2.3,-1.0,0.0,0.0,0.0,3.01,-0.3,-1.0,0.0,0.0,0.0,3.01,-6.3,1.0,0.0,0.0,0.0,3.01,-4.3,1.0,0.0,0.0,0.0,3.01,-2.3,1.0,0.0,0.0,0.0,3.01,-0.3,1.0,0.0,0.0,0.0,0.58,-2.19,-1.0,0.0,0.0,0.0,0.58,-0.19,-1.0,0.0,0.0,0.0,0.58,1.81,-1.0,0.0,0.0,0.0,0.58,3.81,-1.0,0.0,0.0,0.0,0.58,-2.19,1.0,0.0,0.0,0.0,0.58,-0.19,1.0,0.0,0.0,0.0,0.58,1.81,1.0,0.0,0.0,0.0,0.58,3.81,1.0,0.0,0.0,0.0,-3.73,3.0319999999998757,1.2905999999998525,0.0,1.3000000000000789,0.38999999999989043,-3.73,5.032000000000025,1.2905999999998525,0.0,1.2999999999996348,0.38999999999989043,6.21,9.57579999999968,3.4485999999998,0.0,1.7700000000004934,0.5899999999998684,6.21,11.575800000000672,3.4485999999998,0.0,1.7700000000004934,0.5899999999998684,9.47,-4.29960000000046,1.3659999999999914,0.0,-0.9100000000001884,0.3500000000000725,9.47,-2.2813999999999948,1.35899999999999,0.0,-0.9100000000001884,0.3500000000000725,0,0,0,0,0,0,0,0,0,0,0,0,0,0,0,0,0,0,0,0,0,0,0,0,0,0,0,0,0,0,0,0,0,0,0,0,0,0,0,0,0,0,0,0,0,0,0,0,0,0,0,0,0,0,0,0,0,0,0,0,0,0,0,0,0,0,0,0,0,0,0,0,0,0,0,0,0,0,0,0,0,0,0,0,0,0,0,0,0,0,0,0,0,0,0,0,0,0,0,0,0,0,0,0,0,0,0,0,0,0,0,0,0,0,0,0,0,0,0,0,0,0,0,0,0,0,0,0,0,0,0,0,0,0,0,0,0,0,0,0,0,0,0,0,0,0,0,0,0,0,0,0,0,0,0,0,0,0,0,0,0,0,0,0,0,0,0,0
11.801702169,8.210384229801512,0.4656015698158828,-1.3622796652753801,2.895410160064671,-0.25002750754354874,0.7315425872802539,2.8954101600646966,-0.25002750754356384,0.7315425872802734,1.092249870300293,-0.25002750754356384,0.7315425872802734,0.9834828949812184,-0.2404779264998475,0.7036019854167916,3.01,-6.3,-1.0,0.0,0.0,0.0,3.01,-4.3,-1.0,0.0,0.0,0.0,3.01,-2.3,-1.0,0.0,0.0,0.0,3.01,-0.3,-1.0,0.0,0.0,0.0,3.01,-6.3,1.0,0.0,0.0,0.0,3.01,-4.3,1.0,0.0,0.0,0.0,3.01,-2.3,1.0,0.0,0.0,0.0,3.01,-0.3,1.0,0.0,0.0,0.0,0.58,-2.19,-1.0,0.0,0.0,0.0,0.58,-0.19,-1.0,0.0,0.0,0.0,0.58,1.81,-1.0,0.0,0.0,0.0,0.58,3.81,-1.0,0.0,0.0,0.0,0.58,-2.19,1.0,0.0,0.0,0.0,0.58,-0.19,1.0,0.0,0.0,0.0,0.58,1.81,1.0,0.0,0.0,0.0,0.58,3.81,1.0,0.0,0.0,0.0,-3.73,3.135999999999882,1.3217999999998438,0.0,1.3000000000000789,0.38999999999989043,-3.73,5.135999999999996,1.3217999999998438,0.0,1.2999999999996348,0.38999999999989043,6.21,9.717399999999719,3.4957999999997895,0.0,1.7700000000004934,0.5899999999998684,6.21,11.717400000000712,3.4957999999997895,0.0,1.7700000000004934,0.5899999999998684,9.47,-4.354200000000471,1.3869999999999958,0.0,-0.9100000000001884,0.3500000000000725,9.47,-2.35420000000001,1.3869999999999958,0.0,-0.9100000000001884,0.3500000000000725,0,0,0,0,0,0,0,0,0,0,0,0,0,0,0,0,0,0,0,0,0,0,0,0,0,0,0,0,0,0,0,0,0,0,0,0,0,0,0,0,0,0,0,0,0,0,0,0,0,0,0,0,0,0,0,0,0,0,0,0,0,0,0,0,0,0,0,0,0,0,0,0,0,0,0,0,0,0,0,0,0,0,0,0,0,0,0,0,0,0,0,0,0,0,0,0,0,0,0,0,0,0,0,0,0,0,0,0,0,0,0,0,0,0,0,0,0,0,0,0,0,0,0,0,0,0,0,0,0,0,0,0,0,0,0,0,0,0,0,0,0,0,0,0,0,0,0,0,0,0,0,0,0,0,0,0,0,0,0,0,0,0,0,0,0,0,0,0
11.901220364,8.437665042606682,0.4462487411940194,-1.3056562211950244,2.831410160064607,-0.24047791957854114,0.7036019563675389,2.8314101600646966,-0.24047791957855225,0.7036019563674927,0.9834828972816467,-0.24047791957855225,0.7036019563674927,0.8876333596990822,-0.23218526572704756,0.679338916800402,3.01,-6.3,-1.0,0.0,0.0,0.0,3.01,-4.3,-1.0,0.0,0.0,0.0,3.01,-2.3,-1.0,0.0,0.0,0.0,3.01,-0.3,-1.0,0.0,0.0,0.0,3.01,-6.3,1.0,0.0,0.0,0.0,3.01,-4.3,1.0,0.0,0.0,0.0,3.01,-2.3,1.0,0.0,0.0,0.0,3.01,-0.3,1.0,0.0,0.0,0.0,0.58,-2.19,-1.0,0.0,0.0,0.0,0.58,-0.19,-1.0,0.0,0.0,0.0,0.58,1.81,-1.0,0.0,0.0,0.0,0.58,3.81,-1.0,0.0,0.0,0.0,0.58,-2.19,1.0,0.0,0.0,0.0,0.58,-0.19,1.0,0.0,0.0,0.0,0.58,1.81,1.0,0.0,0.0,0.0,0.58,3.81,1.0,0.0,0.0,0.0,-3.73,3.2399999999998883,1.352999999999835,0.0,1.3000000000000789,0.38999999999989043,-3.73,5.2399999999999665,1.352999999999835,0.0,1.2999999999996348,0.38999999999989043,6.21,9.858999999999758,3.542999999999779,0.0,1.7700000000004934,0.5899999999998684,6.21,11.859000000000751,3.542999999999779,0.0,1.7700000000004934,0.5899999999998684,9.47,-4.427000000000486,1.4150000000000016,0.0,-0.9100000000001884,0.3500000000000725,9.47,-2.427000000000025,1.4150000000000016,0.0,-0.9100000000001884,0.3500000000000725,0,0,0,0,0,0,0,0,0,0,0,0,0,0,0,0,0,0,0,0,0,0,0,0,0,0,0,0,0,0,0,0,0,0,0,0,0,0,0,0,0,0,0,0,0,0,0,0,0,0,0,0,0,0,0,0,0,0,0,0,0,0,0,0,0,0,0,0,0,0,0,0,0,0,0,0,0,0,0,0,0,0,0,0,0,0,0,0,0,0,0,0,0,0,0,0,0,0,0,0,0,0,0,0,0,0,0,0,0,0,0,0,0,0,0,0,0,0,0,0,0,0,0,0,0,0,0,0,0,0,0,0,0,0,0,0,0,0,0,0,0,0,0,0,0,0,0,0,0,0,0,0,0,0,0,0,0,0,0,0,0,0,0,0,0,0,0,0
