time_elapsed,pos_x,pos_y,pos_z,vel_x,vel_y,vel_z,cmd_vel_x,cmd_vel_y,cmd_vel_z,cmd_vel_unfiltered_x,cmd_vel_unfiltered_y,cmd_vel_unfiltered_z,desired_vel_x,desired_vel_y,desired_vel_z,obs_1_pos_x,obs_1_pos_y,obs_1_pos_z,obs_1_vel_x,obs_1_vel_y,obs_1_vel_z,obs_2_pos_x,obs_2_pos_y,obs_2_pos_z,obs_2_vel_x,obs_2_vel_y,obs_2_vel_z,obs_3_pos_x,obs_3_pos_y,obs_3_pos_z,obs_3_vel_x,obs_3_vel_y,obs_3_vel_z,obs_4_pos_x,obs_4_pos_y,obs_4_pos_z,obs_4_vel_x,obs_4_vel_y,obs_4_vel_z,obs_5_pos_x,obs_5_pos_y,obs_5_pos_z,obs_5_vel_x,obs_5_vel_y,obs_5_vel_z,obs_6_pos_x,obs_6_pos_y,obs_6_pos_z,obs_6_vel_x,obs_6_vel_y,obs_6_vel_z,obs_7_pos_x,obs_7_pos_y,obs_7_pos_z,obs_7_vel_x,obs_7_vel_y,obs_7_vel_z,obs_8_pos_x,obs_8_pos_y,obs_8_pos_z,obs_8_vel_x,obs_8_vel_y,obs_8_vel_z,obs_9_pos_x,obs_9_pos_y,obs_9_pos_z,obs_9_vel_x,obs_9_vel_y,obs_9_vel_z,obs_10_pos_x,obs_10_pos_y,obs_10_pos_z,obs_10_vel_x,obs_10_vel_y,obs_10_vel_z,obs_11_pos_x,obs_11_pos_y,obs_11_pos_z,obs_11_vel_x,obs_11_vel_y,obs_11_vel_z,obs_12_pos_x,obs_12_pos_y,obs_12_pos_z,obs_12_vel_x,obs_12_vel_y,obs_12_vel_z,obs_13_pos_x,obs_13_pos_y,obs_13_pos_z,obs_13_vel_x,obs_13_vel_y,obs_13_vel_z,obs_14_pos_x,obs_14_pos_y,obs_14_pos_z,obs_14_vel_x,obs_14_vel_y,obs_14_vel_z,obs_15_pos_x,obs_15_pos_y,obs_15_pos_z,obs_15_vel_x,obs_15_vel_y,obs_15_vel_z,obs_16_pos_x,obs_16_pos_y,obs_16_pos_z,obs_16_vel_x,obs_16_vel_y,obs_16_vel_z,obs_17_pos_x,obs_17_pos_y,obs_17_pos_z,obs_17_vel_x,obs_17_vel_y,obs_17_vel_z,obs_18_pos_x,obs_18_pos_y,obs_18_pos_z,obs_18_vel_x,obs_18_vel_y,obs_18_vel_z,obs_19_pos_x,obs_19_pos_y,obs_19_pos_z,obs_19_vel_x,obs_19_vel_y,obs_19_vel_z,obs_20_pos_x,obs_20_pos_y,obs_20_pos_z,obs_20_vel_x,obs_20_vel_y,obs_20_vel_z,obs_21_pos_x,obs_21_pos_y,obs_21_pos_z,obs_21_vel_x,obs_21_vel_y,obs_21_vel_z,obs_22_pos_x,obs_22_pos_y,obs_22_pos_z,obs_22_vel_x,obs_22_vel_y,obs_22_vel_z,obs_23_pos_x,obs_23_pos_y,obs_23_pos_z,obs_23_vel_x,obs_23_vel_y,obs_23_vel_z,obs_24_pos_x,obs_24_pos_y,obs_24_pos_z,obs_24_vel_x,obs_24_vel_y,obs_24_vel_z,obs_25_pos_x,obs_25_pos_y,obs_25_pos_z,obs_25_vel_x,obs_25_vel_y,obs_25_vel_z,obs_26_pos_x,obs_26_pos_y,obs_26_pos_z,obs_26_vel_x,obs_26_vel_y,obs_26_vel_z,obs_27_pos_x,obs_27_pos_y,obs_27_pos_z,obs_27_vel_x,obs_27_vel_y,obs_27_vel_z,obs_28_pos_x,obs_28_pos_y,obs_28_pos_z,obs_28_vel_x,obs_28_vel_y,obs_28_vel_z,obs_29_pos_x,obs_29_pos_y,obs_29_pos_z,obs_29_vel_x,obs_29_vel_y,obs_29_vel_z,obs_30_pos_x,obs_30_pos_y,obs_30_pos_z,obs_30_vel_x,obs_30_vel_y,obs_30_vel_z,obs_31_pos_x,obs_31_pos_y,obs_31_pos_z,obs_31_vel_x,obs_31_vel_y,obs_31_vel_z,obs_32_pos_x,obs_32_pos_y,obs_32_pos_z,obs_32_vel_x,obs_32_vel_y,obs_32_vel_z,obs_33_pos_x,obs_33_pos_y,obs_33_pos_z,obs_33_vel_x,obs_33_vel_y,obs_33_vel_z,obs_34_pos_x,obs_34_pos_y,obs_34_pos_z,obs_34_vel_x,obs_34_vel_y,obs_34_vel_z,obs_35_pos_x,obs_35_pos_y,obs_35_pos_z,obs_35_vel_x,obs_35_vel_y,obs_35_vel_z,obs_36_pos_x,obs_36_pos_y,obs_36_pos_z,obs_36_vel_x,obs_36_vel_y,obs_36_vel_z,obs_37_pos_x,obs_37_pos_y,obs_37_pos_z,obs_37_vel_x,obs_37_vel_y,obs_37_vel_z,obs_38_pos_x,obs_38_pos_y,obs_38_pos_z,obs_38_vel_x,obs_38_vel_y,obs_38_vel_z,obs_39_pos_x,obs_39_pos_y,obs_39_pos_z,obs_39_vel_x,obs_39_vel_y,obs_39_vel_z,obs_40_pos_x,obs_40_pos_y,obs_40_pos_z,obs_40_vel_x,obs_40_vel_y,obs_40_vel_z,obs_41_pos_x,obs_41_pos_y,obs_41_pos_z,obs_41_vel_x,obs_41_vel_y,obs_41_vel_z,obs_42_pos_x,obs_42_pos_y,obs_42_pos_z,obs_42_vel_x,obs_42_vel_y,obs_42_vel_z,obs_43_pos_x,obs_43_pos_y,obs_43_pos_z,obs_43_vel_x,obs_43_vel_y,obs_43_vel_z,obs_44_pos_x,obs_44_pos_y,obs_44_pos_z,obs_44_vel_x,obs_44_vel_y,obs_44_vel_z,obs_45_pos_x,obs_45_pos_y,obs_45_pos_z,obs_45_vel_x,obs_45_vel_y,obs_45_vel_z,obs_46_pos_x,obs_46_pos_y,obs_46_pos_z,obs_46_vel_x,obs_46_vel_y,obs_46_vel_z,obs_47_pos_x,obs_47_pos_y,obs_47_pos_z,obs_47_vel_x,obs_47_vel_y,obs_47_vel_z,obs_48_pos_x,obs_48_pos_y,obs_48_pos_z,obs_48_vel_x,obs_48_vel_y,obs_48_vel_z,obs_49_pos_x,obs_49_pos_y,obs_49_pos_z,obs_49_vel_x,obs_49_vel_y,obs_49_vel_z,obs_50_pos_x,obs_50_pos_y,obs_50_pos_z,obs_50_vel_x,obs_50_vel_y,obs_50_vel_z
2.801239063,-10.0,0.0,0.0,0.0,0.0,0.0,0.0,0.0,0.0,0.0,0.0,0.0,5.0,0.0,0.0,0.68,-7.58,-1.0,0.0,0.0,0.0,0.68,-5.58,-1.0,0.0,0.0,0.0,0.68,-3.58,-1.0,0.0,0.0,0.0,0.68,-1.58,-1.0,0.0,0.0,0.0,0.68,-7.58,1.0,0.0,0.0,0.0,0.68,-5.58,1.0,0.0,0.0,0.0,0.68,-3.58,1.0,0.0,0.0,0.0,0.68,-1.58,1.0,0.0,0.0,0.0,6.83,-0.21,-1.0,0.0,0.0,0.0,6.83,1.79,-1.0,0.0,0.0,0.0,6.83,3.79,-1.0,0.0,0.0,0.0,6.83,-0.21,1.0,0.0,0.0,0.0,6.83,1.79,1.0,0.0,0.0,0.0,6.83,3.79,1.0,0.0,0.0,0.0,-0.88,-7.16,-1.0,0.0,0.0,0.0,-0.88,-5.16,-1.0,0.0,0.0,0.0,-0.88,-3.16,-1.0,0.0,0.0,0.0,-0.88,-1.16,-1.0,0.0,0.0,0.0,-0.88,-7.16,1.0,0.0,0.0,0.0,-0.88,-5.16,1.0,0.0,0.0,0.0,-0.88,-3.16,1.0,0.0,0.0,0.0,-0.88,-1.16,1.0,0.0,0.0,0.0,-4.59,3.7362,0.2878,0.0,-1.1900000000001576,-0.10999999999999899,-4.59,5.736199999999995,0.2878,0.0,-1.1900000000002464,-0.10999999999999899,9.9,2.1152000000000006,-1.7097999999999998,0.0,-0.7399999999999629,0.5100000000000104,0,0,0,0,0,0,0,0,0,0,0,0,0,0,0,0,0,0,0,0,0,0,0,0,0,0,0,0,0,0,0,0,0,0,0,0,0,0,0,0,0,0,0,0,0,0,0,0,0,0,0,0,0,0,0,0,0,0,0,0,0,0,0,0,0,0,0,0,0,0,0,0,0,0,0,0,0,0,0,0,0,0,0,0,0,0,0,0,0,0,0,0,0,0,0,0,0,0,0,0,0,0,0,0,0,0,0,0,0,0,0,0,0,0,0,0,0,0,0,0,0,0,0,0,0,0,0,0,0,0,0,0,0,0,0,0,0,0,0,0,0,0,0,0,0,0,0,0,0,0
2.902373082,-9.998677000000033,0.0013229999999999989,0.0013229999999999989,0.026999999999333113,0.026999999999999892,0.026999999999999892,0.027,0.027,0.027,0.8020615577697754,0.1659000962972641,0.20345644652843475,4.999999998897355,-7.42511026124995e-05,-7.42511026124995e-05,0.68,-7.58,-1.0,0.0,0.0,0.0,0.68,-5.58,-1.0,0.0,0.0,0.0,0.68,-3.58,-1.0,0.0,0.0,0.0,0.68,-1.58,-1.0,0.0,0.0,0.0,0.68,-7.58,1.0,0.0,0.0,0.0,0.68,-5.58,1.0,0.0,0.0,0.0,0.68,-3.58,1.0,0.0,0.0,0.0,0.68,-1.58,1.0,0.0,0.0,0.0,6.83,-0.21,-1.0,0.0,0.0,0.0,6.83,1.79,-1.0,0.0,0.0,0.0,6.83,3.79,-1.0,0.0,0.0,0.0,6.83,-0.21,1.0,0.0,0.0,0.0,6.83,1.79,1.0,0.0,0.0,0.0,6.83,3.79,1.0,0.0,0.0,0.0,-0.88,-7.16,-1.0,0.0,0.0,0.0,-0.88,-5.16,-1.0,0.0,0.0,0.0,-0.88,-3.16,-1.0,0.0,0.0,0.0,-0.88,-1.16,-1.0,0.0,0.0,0.0,-0.88,-7.16,1.0,0.0,0.0,0.0,-0.88,-5.16,1.0,0.0,0.0,0.0,-0.88,-3.16,1.0,0.0,0.0,0.0,-0.88,-1.16,1.0,0.0,0.0,0.0,-4.59,3.6647999999999854,0.28120000000000006,0.0,-1.1900000000002464,-0.10999999999999899,-4.59,5.66479999999998,0.28120000000000006,0.0,-1.1900000000002464,-0.10999999999999899,9.9,2.070800000000003,-1.6791999999999991,0.0,-0.7399999999999629,0.5100000000000104,0,0,0,0,0,0,0,0,0,0,0,0,0,0,0,0,0,0,0,0,0,0,0,0,0,0,0,0,0,0,0,0,0,0,0,0,0,0,0,0,0,0,0,0,0,0,0,0,0,0,0,0,0,0,0,0,0,0,0,0,0,0,0,0,0,0,0,0,0,0,0,0,0,0,0,0,0,0,0,0,0,0,0,0,0,0,0,0,0,0,0,0,0,0,0,0,0,0,0,0,0,0,0,0,0,0,0,0,0,0,0,0,0,0,0,0,0,0,0,0,0,0,0,0,0,0,0,0,0,0,0,0,0,0,0,0,0,0,0,0,0,0,0,0,0,0,0,0,0,0
3.003031624,-9.992467000000048,0.007532999999999987,0.007532999999999987,0.1020000000000465,0.10199999999999967,0.10199999999999967,0.102,0.102,0.102,0.8437104225158691,0.3513551950454712,0.32140353322029114,4.999999940527519,-0.0005453094595110835,-0.0005453094595110835,0.68,-7.58,-1.0,0.0,0.0,0.0,0.68,-5.58,-1.0,0.0,0.0,0.0,0.68,-3.58,-1.0,0.0,0.0,0.0,0.68,-1.58,-1.0,0.0,0.0,0.0,0.68,-7.58,1.0,0.0,0.0,0.0,0.68,-5.58,1.0,0.0,0.0,0.0,0.68,-3.58,1.0,0.0,0.0,0.0,0.68,-1.58,1.0,0.0,0.0,0.0,6.83,-0.21,-1.0,0.0,0.0,0.0,6.83,1.79,-1.0,0.0,0.0,0.0,6.83,3.79,-1.0,0.0,0.0,0.0,6.83,-0.21,1.0,0.0,0.0,0.0,6.83,1.79,1.0,0.0,0.0,0.0,6.83,3.79,1.0,0.0,0.0,0.0,-0.88,-7.16,-1.0,0.0,0.0,0.0,-0.88,-5.16,-1.0,0.0,0.0,0.0,-0.88,-3.16,-1.0,0.0,0.0,0.0,-0.88,-1.16,-1.0,0.0,0.0,0.0,-0.88,-7.16,1.0,0.0,0.0,0.0,-0.88,-5.16,1.0,0.0,0.0,0.0,-0.88,-3.16,1.0,0.0,0.0,0.0,-0.88,-1.16,1.0,0.0,0.0,0.0,-4.59,3.5695999999999657,0.27240000000000014,0.0,-1.1900000000002464,-0.10999999999999899,-4.59,5.56959999999996,0.27240000000000014,0.0,-1.1900000000002464,-0.10999999999999899,9.9,2.011600000000006,-1.6383999999999983,0.0,-0.7399999999999629,0.5100000000000104,0,0,0,0,0,0,0,0,0,0,0,0,0,0,0,0,0,0,0,0,0,0,0,0,0,0,0,0,0,0,0,0,0,0,0,0,0,0,0,0,0,0,0,0,0,0,0,0,0,0,0,0,0,0,0,0,0,0,0,0,0,0,0,0,0,0,0,0,0,0,0,0,0,0,0,0,0,0,0,0,0,0,0,0,0,0,0,0,0,0,0,0,0,0,0,0,0,0,0,0,0,0,0,0,0,0,0,0,0,0,0,0,0,0,0,0,0,0,0,0,0,0,0,0,0,0,0,0,0,0,0,0,0,0,0,0,0,0,0,0,0,0,0,0,0,0,0,0,0,0
3.101050356,-9.979771000000081,0.020229000000000014,0.020229000000000014,0.17399999999945237,0.17400000000000057,0.17400000000000057,0.174,0.174,0.174,1.0333189964294434,0.7274749279022217,0.6441272497177124,4.999998882521536,-0.0023637664225055173,-0.0023637664225055173,0.68,-7.58,-1.0,0.0,0.0,0.0,0.68,-5.58,-1.0,0.0,0.0,0.0,0.68,-3.58,-1.0,0.0,0.0,0.0,0.68,-1.58,-1.0,0.0,0.0,0.0,0.68,-7.58,1.0,0.0,0.0,0.0,0.68,-5.58,1.0,0.0,0.0,0.0,0.68,-3.58,1.0,0.0,0.0,0.0,0.68,-1.58,1.0,0.0,0.0,0.0,6.83,-0.21,-1.0,0.0,0.0,0.0,6.83,1.79,-1.0,0.0,0.0,0.0,6.83,3.79,-1.0,0.0,0.0,0.0,6.83,-0.21,1.0,0.0,0.0,0.0,6.83,1.79,1.0,0.0,0.0,0.0,6.83,3.79,1.0,0.0,0.0,0.0,-0.88,-7.16,-1.0,0.0,0.0,0.0,-0.88,-5.16,-1.0,0.0,0.0,0.0,-0.88,-3.16,-1.0,0.0,0.0,0.0,-0.88,-1.16,-1.0,0.0,0.0,0.0,-0.88,-7.16,1.0,0.0,0.0,0.0,-0.88,-5.16,1.0,0.0,0.0,0.0,-0.88,-3.16,1.0,0.0,0.0,0.0,-0.88,-1.16,1.0,0.0,0.0,0.0,-4.59,3.474399999999946,0.2636000000000002,0.0,-1.1900000000002464,-0.10999999999999899,-4.59,5.474399999999941,0.2636000000000002,0.0,-1.1900000000002464,-0.10999999999999899,9.9,1.9524000000000088,-1.5975999999999975,0.0,-0.7399999999999629,0.5100000000000104,0,0,0,0,0,0,0,0,0,0,0,0,0,0,0,0,0,0,0,0,0,0,0,0,0,0,0,0,0,0,0,0,0,0,0,0,0,0,0,0,0,0,0,0,0,0,0,0,0,0,0,0,0,0,0,0,0,0,0,0,0,0,0,0,0,0,0,0,0,0,0,0,0,0,0,0,0,0,0,0,0,0,0,0,0,0,0,0,0,0,0,0,0,0,0,0,0,0,0,0,0,0,0,0,0,0,0,0,0,0,0,0,0,0,0,0,0,0,0,0,0,0,0,0,0,0,0,0,0,0,0,0,0,0,0,0,0,0,0,0,0,0,0,0,0,0,0,0,0,0
3.203943874,-9.96084600000006,0.0391540000000001,0.0391540000000001,0.2510000000004453,0.2510000000000012,0.2510000000000012,0.251,0.251,0.251,1.3760998249053955,1.0927419662475586,0.9410435557365417,4.99999341001674,-0.005740199873801711,-0.005740199873801711,0.68,-7.58,-1.0,0.0,0.0,0.0,0.68,-5.58,-1.0,0.0,0.0,0.0,0.68,-3.58,-1.0,0.0,0.0,0.0,0.68,-1.58,-1.0,0.0,0.0,0.0,0.68,-7.58,1.0,0.0,0.0,0.0,0.68,-5.58,1.0,0.0,0.0,0.0,0.68,-3.58,1.0,0.0,0.0,0.0,0.68,-1.58,1.0,0.0,0.0,0.0,6.83,-0.21,-1.0,0.0,0.0,0.0,6.83,1.79,-1.0,0.0,0.0,0.0,6.83,3.79,-1.0,0.0,0.0,0.0,6.83,-0.21,1.0,0.0,0.0,0.0,6.83,1.79,1.0,0.0,0.0,0.0,6.83,3.79,1.0,0.0,0.0,0.0,-0.88,-7.16,-1.0,0.0,0.0,0.0,-0.88,-5.16,-1.0,0.0,0.0,0.0,-0.88,-3.16,-1.0,0.0,0.0,0.0,-0.88,-1.16,-1.0,0.0,0.0,0.0,-0.88,-7.16,1.0,0.0,0.0,0.0,-0.88,-5.16,1.0,0.0,0.0,0.0,-0.88,-3.16,1.0,0.0,0.0,0.0,-0.88,-1.16,1.0,0.0,0.0,0.0,-4.59,3.3791999999999263,0.2548000000000003,0.0,-1.1900000000002464,-0.10999999999999899,-4.59,5.379199999999921,0.2548000000000003,0.0,-1.1900000000002464,-0.10999999999999899,9.9,1.8932000000000118,-1.5567999999999966,0.0,-0.7399999999999629,0.5100000000000104,0,0,0,0,0,0,0,0,0,0,0,0,0,0,0,0,0,0,0,0,0,0,0,0,0,0,0,0,0,0,0,0,0,0,0,0,0,0,0,0,0,0,0,0,0,0,0,0,0,0,0,0,0,0,0,0,0,0,0,0,0,0,0,0,0,0,0,0,0,0,0,0,0,0,0,0,0,0,0,0,0,0,0,0,0,0,0,0,0,0,0,0,0,0,0,0,0,0,0,0,0,0,0,0,0,0,0,0,0,0,0,0,0,0,0,0,0,0,0,0,0,0,0,0,0,0,0,0,0,0,0,0,0,0,0,0,0,0,0,0,0,0,0,0,0,0,0,0,0,0
3.300950679,-9.942062000000035,0.057938000000000156,0.057938000000000156,0.3270000000004103,0.3270000000000009,0.3270000000000009,0.327,0.327,0.327,1.900029182434082,1.3989018201828003,1.1913261413574219,4.999977850904323,-0.010523556105141978,-0.010523556105141978,0.68,-7.58,-1.0,0.0,0.0,0.0,0.68,-5.58,-1.0,0.0,0.0,0.0,0.68,-3.58,-1.0,0.0,0.0,0.0,0.68,-1.58,-1.0,0.0,0.0,0.0,0.68,-7.58,1.0,0.0,0.0,0.0,0.68,-5.58,1.0,0.0,0.0,0.0,0.68,-3.58,1.0,0.0,0.0,0.0,0.68,-1.58,1.0,0.0,0.0,0.0,6.83,-0.21,-1.0,0.0,0.0,0.0,6.83,1.79,-1.0,0.0,0.0,0.0,6.83,3.79,-1.0,0.0,0.0,0.0,6.83,-0.21,1.0,0.0,0.0,0.0,6.83,1.79,1.0,0.0,0.0,0.0,6.83,3.79,1.0,0.0,0.0,0.0,-0.88,-7.16,-1.0,0.0,0.0,0.0,-0.88,-5.16,-1.0,0.0,0.0,0.0,-0.88,-3.16,-1.0,0.0,0.0,0.0,-0.88,-1.16,-1.0,0.0,0.0,0.0,-0.88,-7.16,1.0,0.0,0.0,0.0,-0.88,-5.16,1.0,0.0,0.0,0.0,-0.88,-3.16,1.0,0.0,0.0,0.0,-0.88,-1.16,1.0,0.0,0.0,0.0,-4.59,3.3077999999999115,0.24820000000000036,0.0,-1.1900000000002464,-0.10999999999999899,-4.59,5.307799999999906,0.24820000000000036,0.0,-1.1900000000002464,-0.10999999999999899,9.9,1.848800000000014,-1.526199999999996,0.0,-0.7399999999999629,0.5100000000000104,0,0,0,0,0,0,0,0,0,0,0,0,0,0,0,0,0,0,0,0,0,0,0,0,0,0,0,0,0,0,0,0,0,0,0,0,0,0,0,0,0,0,0,0,0,0,0,0,0,0,0,0,0,0,0,0,0,0,0,0,0,0,0,0,0,0,0,0,0,0,0,0,0,0,0,0,0,0,0,0,0,0,0,0,0,0,0,0,0,0,0,0,0,0,0,0,0,0,0,0,0,0,0,0,0,0,0,0,0,0,0,0,0,0,0,0,0,0,0,0,0,0,0,0,0,0,0,0,0,0,0,0,0,0,0,0,0,0,0,0,0,0,0,0,0,0,0,0,0,0
3.403945942,-9.911813999999978,0.08818599999999997,0.08818599999999997,0.4000000000008441,0.39999999999999764,0.39999999999999764,0.4,0.4,0.4,2.2034449577331543,1.431971788406372,0.9181312918663025,4.999945797603634,-0.016462396936103012,-0.016462396936103012,0.68,-7.58,-1.0,0.0,0.0,0.0,0.68,-5.58,-1.0,0.0,0.0,0.0,0.68,-3.58,-1.0,0.0,0.0,0.0,0.68,-1.58,-1.0,0.0,0.0,0.0,0.68,-7.58,1.0,0.0,0.0,0.0,0.68,-5.58,1.0,0.0,0.0,0.0,0.68,-3.58,1.0,0.0,0.0,0.0,0.68,-1.58,1.0,0.0,0.0,0.0,6.83,-0.21,-1.0,0.0,0.0,0.0,6.83,1.79,-1.0,0.0,0.0,0.0,6.83,3.79,-1.0,0.0,0.0,0.0,6.83,-0.21,1.0,0.0,0.0,0.0,6.83,1.79,1.0,0.0,0.0,0.0,6.83,3.79,1.0,0.0,0.0,0.0,-0.88,-7.16,-1.0,0.0,0.0,0.0,-0.88,-5.16,-1.0,0.0,0.0,0.0,-0.88,-3.16,-1.0,0.0,0.0,0.0,-0.88,-1.16,-1.0,0.0,0.0,0.0,-0.88,-7.16,1.0,0.0,0.0,0.0,-0.88,-5.16,1.0,0.0,0.0,0.0,-0.88,-3.16,1.0,0.0,0.0,0.0,-0.88,-1.16,1.0,0.0,0.0,0.0,-4.59,3.2125999999998918,0.23940000000000045,0.0,-1.1900000000002464,-0.10999999999999899,-4.59,5.212599999999886,0.23940000000000045,0.0,-1.1900000000002464,-0.10999999999999899,9.9,1.789600000000017,-1.4853999999999952,0.0,-0.7399999999999629,0.5100000000000104,0,0,0,0,0,0,0,0,0,0,0,0,0,0,0,0,0,0,0,0,0,0,0,0,0,0,0,0,0,0,0,0,0,0,0,0,0,0,0,0,0,0,0,0,0,0,0,0,0,0,0,0,0,0,0,0,0,0,0,0,0,0,0,0,0,0,0,0,0,0,0,0,0,0,0,0,0,0,0,0,0,0,0,0,0,0,0,0,0,0,0,0,0,0,0,0,0,0,0,0,0,0,0,0,0,0,0,0,0,0,0,0,0,0,0,0,0,0,0,0,0,0,0,0,0,0,0,0,0,0,0,0,0,0,0,0,0,0,0,0,0,0,0,0,0,0,0,0,0,0
3.502261248,-9.893833999999988,0.10616599999999977,0.10616599999999977,0.46599999999941133,0.4659999999999941,0.4659999999999941,0.466,0.466,0.466,2.3840365409851074,1.4280762672424316,1.0637588500976562,4.999893029667912,-0.023126736456200343,-0.023126736456200343,0.68,-7.58,-1.0,0.0,0.0,0.0,0.68,-5.58,-1.0,0.0,0.0,0.0,0.68,-3.58,-1.0,0.0,0.0,0.0,0.68,-1.58,-1.0,0.0,0.0,0.0,0.68,-7.58,1.0,0.0,0.0,0.0,0.68,-5.58,1.0,0.0,0.0,0.0,0.68,-3.58,1.0,0.0,0.0,0.0,0.68,-1.58,1.0,0.0,0.0,0.0,6.83,-0.21,-1.0,0.0,0.0,0.0,6.83,1.79,-1.0,0.0,0.0,0.0,6.83,3.79,-1.0,0.0,0.0,0.0,6.83,-0.21,1.0,0.0,0.0,0.0,6.83,1.79,1.0,0.0,0.0,0.0,6.83,3.79,1.0,0.0,0.0,0.0,-0.88,-7.16,-1.0,0.0,0.0,0.0,-0.88,-5.16,-1.0,0.0,0.0,0.0,-0.88,-3.16,-1.0,0.0,0.0,0.0,-0.88,-1.16,-1.0,0.0,0.0,0.0,-0.88,-7.16,1.0,0.0,0.0,0.0,-0.88,-5.16,1.0,0.0,0.0,0.0,-0.88,-3.16,1.0,0.0,0.0,0.0,-0.88,-1.16,1.0,0.0,0.0,0.0,-4.59,3.164999999999882,0.2350000000000005,0.0,-1.1900000000002464,-0.10999999999999899,-4.59,5.164999999999877,0.2350000000000005,0.0,-1.1900000000002464,-0.10999999999999899,9.9,1.7600000000000184,-1.4649999999999948,0.0,-0.7399999999999629,0.5100000000000104,0,0,0,0,0,0,0,0,0,0,0,0,0,0,0,0,0,0,0,0,0,0,0,0,0,0,0,0,0,0,0,0,0,0,0,0,0,0,0,0,0,0,0,0,0,0,0,0,0,0,0,0,0,0,0,0,0,0,0,0,0,0,0,0,0,0,0,0,0,0,0,0,0,0,0,0,0,0,0,0,0,0,0,0,0,0,0,0,0,0,0,0,0,0,0,0,0,0,0,0,0,0,0,0,0,0,0,0,0,0,0,0,0,0,0,0,0,0,0,0,0,0,0,0,0,0,0,0,0,0,0,0,0,0,0,0,0,0,0,0,0,0,0,0,0,0,0,0,0,0
3.600905216,-9.853544999999981,0.14645499999999928,0.14645499999999928,0.5170000000003228,0.5169999999999897,0.5169999999999897,0.517,0.517,0.517,2.582474708557129,1.4062306880950928,1.2447024583816528,4.999831353726892,-0.029038201472588274,-0.029038201472588274,0.68,-7.58,-1.0,0.0,0.0,0.0,0.68,-5.58,-1.0,0.0,0.0,0.0,0.68,-3.58,-1.0,0.0,0.0,0.0,0.68,-1.58,-1.0,0.0,0.0,0.0,0.68,-7.58,1.0,0.0,0.0,0.0,0.68,-5.58,1.0,0.0,0.0,0.0,0.68,-3.58,1.0,0.0,0.0,0.0,0.68,-1.58,1.0,0.0,0.0,0.0,6.83,-0.21,-1.0,0.0,0.0,0.0,6.83,1.79,-1.0,0.0,0.0,0.0,6.83,3.79,-1.0,0.0,0.0,0.0,6.83,-0.21,1.0,0.0,0.0,0.0,6.83,1.79,1.0,0.0,0.0,0.0,6.83,3.79,1.0,0.0,0.0,0.0,-0.88,-7.16,-1.0,0.0,0.0,0.0,-0.88,-5.16,-1.0,0.0,0.0,0.0,-0.88,-3.16,-1.0,0.0,0.0,0.0,-0.88,-1.16,-1.0,0.0,0.0,0.0,-0.88,-7.16,1.0,0.0,0.0,0.0,-0.88,-5.16,1.0,0.0,0.0,0.0,-0.88,-3.16,1.0,0.0,0.0,0.0,-0.88,-1.16,1.0,0.0,0.0,0.0,-4.59,3.069799999999862,0.22620000000000057,0.0,-1.1900000000002464,-0.10999999999999899,-4.59,5.069799999999857,0.22620000000000057,0.0,-1.1900000000002464,-0.10999999999999899,9.9,1.7008000000000214,-1.424199999999994,0.0,-0.7399999999999629,0.5100000000000104,0,0,0,0,0,0,0,0,0,0,0,0,0,0,0,0,0,0,0,0,0,0,0,0,0,0,0,0,0,0,0,0,0,0,0,0,0,0,0,0,0,0,0,0,0,0,0,0,0,0,0,0,0,0,0,0,0,0,0,0,0,0,0,0,0,0,0,0,0,0,0,0,0,0,0,0,0,0,0,0,0,0,0,0,0,0,0,0,0,0,0,0,0,0,0,0,0,0,0,0,0,0,0,0,0,0,0,0,0,0,0,0,0,0,0,0,0,0,0,0,0,0,0,0,0,0,0,0,0,0,0,0,0,0,0,0,0,0,0,0,0,0,0,0,0,0,0,0,0,0
3.701095031,-9.807464999999924,0.19253499999999826,0.19253499999999826,0.5970000000008469,0.5969999999999863,0.5969999999999863,0.597,0.597,0.597,2.752223253250122,1.3672161102294922,1.3739299774169922,4.999687845131026,-0.03950602010498383,-0.03950602010498383,0.68,-7.58,-1.0,0.0,0.0,0.0,0.68,-5.58,-1.0,0.0,0.0,0.0,0.68,-3.58,-1.0,0.0,0.0,0.0,0.68,-1.58,-1.0,0.0,0.0,0.0,0.68,-7.58,1.0,0.0,0.0,0.0,0.68,-5.58,1.0,0.0,0.0,0.0,0.68,-3.58,1.0,0.0,0.0,0.0,0.68,-1.58,1.0,0.0,0.0,0.0,6.83,-0.21,-1.0,0.0,0.0,0.0,6.83,1.79,-1.0,0.0,0.0,0.0,6.83,3.79,-1.0,0.0,0.0,0.0,6.83,-0.21,1.0,0.0,0.0,0.0,6.83,1.79,1.0,0.0,0.0,0.0,6.83,3.79,1.0,0.0,0.0,0.0,-0.88,-7.16,-1.0,0.0,0.0,0.0,-0.88,-5.16,-1.0,0.0,0.0,0.0,-0.88,-3.16,-1.0,0.0,0.0,0.0,-0.88,-1.16,-1.0,0.0,0.0,0.0,-0.88,-7.16,1.0,0.0,0.0,0.0,-0.88,-5.16,1.0,0.0,0.0,0.0,-0.88,-3.16,1.0,0.0,0.0,0.0,-0.88,-1.16,1.0,0.0,0.0,0.0,-4.59,2.9745999999998425,0.21740000000000065,0.0,-1.1900000000002464,-0.10999999999999899,-4.59,4.974599999999837,0.21740000000000065,0.0,-1.1900000000002464,-0.10999999999999899,9.9,1.6416000000000244,-1.383399999999993,0.0,-0.7399999999999629,0.5100000000000104,0,0,0,0,0,0,0,0,0,0,0,0,0,0,0,0,0,0,0,0,0,0,0,0,0,0,0,0,0,0,0,0,0,0,0,0,0,0,0,0,0,0,0,0,0,0,0,0,0,0,0,0,0,0,0,0,0,0,0,0,0,0,0,0,0,0,0,0,0,0,0,0,0,0,0,0,0,0,0,0,0,0,0,0,0,0,0,0,0,0,0,0,0,0,0,0,0,0,0,0,0,0,0,0,0,0,0,0,0,0,0,0,0,0,0,0,0,0,0,0,0,0,0,0,0,0,0,0,0,0,0,0,0,0,0,0,0,0,0,0,0,0,0,0,0,0,0,0,0,0
3.801281728,-9.754948999999913,0.24505099999999871,0.24505099999999871,0.6789999999998741,0.6790000000000128,0.6790000000000128,0.6789999999999999,0.6789999999999999,0.6789999999999999,3.0251145362854004,1.2115318775177002,1.6258248090744019,4.9994595130651955,-0.05198354173159419,-0.05198354173159419,0.68,-7.58,-1.0,0.0,0.0,0.0,0.68,-5.58,-1.0,0.0,0.0,0.0,0.68,-3.58,-1.0,0.0,0.0,0.0,0.68,-1.58,-1.0,0.0,0.0,0.0,0.68,-7.58,1.0,0.0,0.0,0.0,0.68,-5.58,1.0,0.0,0.0,0.0,0.68,-3.58,1.0,0.0,0.0,0.0,0.68,-1.58,1.0,0.0,0.0,0.0,6.83,-0.21,-1.0,0.0,0.0,0.0,6.83,1.79,-1.0,0.0,0.0,0.0,6.83,3.79,-1.0,0.0,0.0,0.0,6.83,-0.21,1.0,0.0,0.0,0.0,6.83,1.79,1.0,0.0,0.0,0.0,6.83,3.79,1.0,0.0,0.0,0.0,-0.88,-7.16,-1.0,0.0,0.0,0.0,-0.88,-5.16,-1.0,0.0,0.0,0.0,-0.88,-3.16,-1.0,0.0,0.0,0.0,-0.88,-1.16,-1.0,0.0,0.0,0.0,-0.88,-7.16,1.0,0.0,0.0,0.0,-0.88,-5.16,1.0,0.0,0.0,0.0,-0.88,-3.16,1.0,0.0,0.0,0.0,-0.88,-1.16,1.0,0.0,0.0,0.0,-4.59,2.8793999999998228,0.20860000000000073,0.0,-1.1900000000002464,-0.10999999999999899,-4.59,4.879399999999817,0.20860000000000073,0.0,-1.1900000000002464,-0.10999999999999899,9.9,1.5824000000000273,-1.3425999999999922,0.0,-0.7399999999999629,0.5100000000000104,0,0,0,0,0,0,0,0,0,0,0,0,0,0,0,0,0,0,0,0,0,0,0,0,0,0,0,0,0,0,0,0,0,0,0,0,0,0,0,0,0,0,0,0,0,0,0,0,0,0,0,0,0,0,0,0,0,0,0,0,0,0,0,0,0,0,0,0,0,0,0,0,0,0,0,0,0,0,0,0,0,0,0,0,0,0,0,0,0,0,0,0,0,0,0,0,0,0,0,0,0,0,0,0,0,0,0,0,0,0,0,0,0,0,0,0,0,0,0,0,0,0,0,0,0,0,0,0,0,0,0,0,0,0,0,0,0,0,0,0,0,0,0,0,0,0,0,0,0,0
3.904921167,-9.695931999999862,0.30406799999999734,0.30406799999999734,0.7560000000008671,0.7559999999999789,0.7559999999999789,0.7559999999999999,0.7559999999999999,0.7559999999999999,3.1856725215911865,1.0868815183639526,1.7039211988449097,4.9991506817388895,-0.0651631079277261,-0.0651631079277261,0.68,-7.58,-1.0,0.0,0.0,0.0,0.68,-5.58,-1.0,0.0,0.0,0.0,0.68,-3.58,-1.0,0.0,0.0,0.0,0.68,-1.58,-1.0,0.0,0.0,0.0,0.68,-7.58,1.0,0.0,0.0,0.0,0.68,-5.58,1.0,0.0,0.0,0.0,0.68,-3.58,1.0,0.0,0.0,0.0,0.68,-1.58,1.0,0.0,0.0,0.0,6.83,-0.21,-1.0,0.0,0.0,0.0,6.83,1.79,-1.0,0.0,0.0,0.0,6.83,3.79,-1.0,0.0,0.0,0.0,6.83,-0.21,1.0,0.0,0.0,0.0,6.83,1.79,1.0,0.0,0.0,0.0,6.83,3.79,1.0,0.0,0.0,0.0,-0.88,-7.16,-1.0,0.0,0.0,0.0,-0.88,-5.16,-1.0,0.0,0.0,0.0,-0.88,-3.16,-1.0,0.0,0.0,0.0,-0.88,-1.16,-1.0,0.0,0.0,0.0,-0.88,-7.16,1.0,0.0,0.0,0.0,-0.88,-5.16,1.0,0.0,0.0,0.0,-0.88,-3.16,1.0,0.0,0.0,0.0,-0.88,-1.16,1.0,0.0,0.0,0.0,-4.59,2.807999999999808,0.2020000000000008,0.0,-1.1900000000002464,-0.10999999999999899,-4.59,4.807999999999803,0.2020000000000008,0.0,-1.1900000000002464,-0.10999999999999899,9.9,1.5380000000000296,-1.3119999999999916,0.0,-0.7399999999999629,0.5100000000000104,0,0,0,0,0,0,0,0,0,0,0,0,0,0,0,0,0,0,0,0,0,0,0,0,0,0,0,0,0,0,0,0,0,0,0,0,0,0,0,0,0,0,0,0,0,0,0,0,0,0,0,0,0,0,0,0,0,0,0,0,0,0,0,0,0,0,0,0,0,0,0,0,0,0,0,0,0,0,0,0,0,0,0,0,0,0,0,0,0,0,0,0,0,0,0,0,0,0,0,0,0,0,0,0,0,0,0,0,0,0,0,0,0,0,0,0,0,0,0,0,0,0,0,0,0,0,0,0,0,0,0,0,0,0,0,0,0,0,0,0,0,0,0,0,0,0,0,0,0,0
4.001239541,-9.647007999999888,0.35299199999999664,0.35299199999999664,0.8219999999994343,0.8219999999999894,0.8219999999999894,0.8219999999999998,0.8219999999999998,0.8219999999999998,3.3155670166015625,0.9936765432357788,1.7208369970321655,4.998783087304127,-0.07799886563991971,-0.07799886563991971,0.68,-7.58,-1.0,0.0,0.0,0.0,0.68,-5.58,-1.0,0.0,0.0,0.0,0.68,-3.58,-1.0,0.0,0.0,0.0,0.68,-1.58,-1.0,0.0,0.0,0.0,0.68,-7.58,1.0,0.0,0.0,0.0,0.68,-5.58,1.0,0.0,0.0,0.0,0.68,-3.58,1.0,0.0,0.0,0.0,0.68,-1.58,1.0,0.0,0.0,0.0,6.83,-0.21,-1.0,0.0,0.0,0.0,6.83,1.79,-1.0,0.0,0.0,0.0,6.83,3.79,-1.0,0.0,0.0,0.0,6.83,-0.21,1.0,0.0,0.0,0.0,6.83,1.79,1.0,0.0,0.0,0.0,6.83,3.79,1.0,0.0,0.0,0.0,-0.88,-7.16,-1.0,0.0,0.0,0.0,-0.88,-5.16,-1.0,0.0,0.0,0.0,-0.88,-3.16,-1.0,0.0,0.0,0.0,-0.88,-1.16,-1.0,0.0,0.0,0.0,-0.88,-7.16,1.0,0.0,0.0,0.0,-0.88,-5.16,1.0,0.0,0.0,0.0,-0.88,-3.16,1.0,0.0,0.0,0.0,-0.88,-1.16,1.0,0.0,0.0,0.0,-4.59,2.7127999999997883,0.19320000000000087,0.0,-1.1900000000002464,-0.10999999999999899,-4.59,4.712799999999783,0.19320000000000087,0.0,-1.1900000000002464,-0.10999999999999899,9.9,1.4788000000000325,-1.2711999999999908,0.0,-0.7399999999999629,0.5100000000000104,0,0,0,0,0,0,0,0,0,0,0,0,0,0,0,0,0,0,0,0,0,0,0,0,0,0,0,0,0,0,0,0,0,0,0,0,0,0,0,0,0,0,0,0,0,0,0,0,0,0,0,0,0,0,0,0,0,0,0,0,0,0,0,0,0,0,0,0,0,0,0,0,0,0,0,0,0,0,0,0,0,0,0,0,0,0,0,0,0,0,0,0,0,0,0,0,0,0,0,0,0,0,0,0,0,0,0,0,0,0,0,0,0,0,0,0,0,0,0,0,0,0,0,0,0,0,0,0,0,0,0,0,0,0,0,0,0,0,0,0,0,0,0,0,0,0,0,0,0,0
4.100506787,-9.576858999999876,0.42314099999999544,0.42314099999999544,0.8990000000004272,0.8989999999999831,0.8989999999999831,0.8989999999999998,0.8989999999999998,0.8989999999999998,3.428656578063965,0.9244476556777954,1.7126703262329102,4.9982127636629095,-0.0945229314959631,-0.0945229314959631,0.68,-7.58,-1.0,0.0,0.0,0.0,0.68,-5.58,-1.0,0.0,0.0,0.0,0.68,-3.58,-1.0,0.0,0.0,0.0,0.68,-1.58,-1.0,0.0,0.0,0.0,0.68,-7.58,1.0,0.0,0.0,0.0,0.68,-5.58,1.0,0.0,0.0,0.0,0.68,-3.58,1.0,0.0,0.0,0.0,0.68,-1.58,1.0,0.0,0.0,0.0,6.83,-0.21,-1.0,0.0,0.0,0.0,6.83,1.79,-1.0,0.0,0.0,0.0,6.83,3.79,-1.0,0.0,0.0,0.0,6.83,-0.21,1.0,0.0,0.0,0.0,6.83,1.79,1.0,0.0,0.0,0.0,6.83,3.79,1.0,0.0,0.0,0.0,-0.88,-7.16,-1.0,0.0,0.0,0.0,-0.88,-5.16,-1.0,0.0,0.0,0.0,-0.88,-3.16,-1.0,0.0,0.0,0.0,-0.88,-1.16,-1.0,0.0,0.0,0.0,-0.88,-7.16,1.0,0.0,0.0,0.0,-0.88,-5.16,1.0,0.0,0.0,0.0,-0.88,-3.16,1.0,0.0,0.0,0.0,-0.88,-1.16,1.0,0.0,0.0,0.0,-4.59,2.6175999999997686,0.18440000000000095,0.0,-1.1900000000002464,-0.10999999999999899,-4.59,4.617599999999763,0.18440000000000095,0.0,-1.1900000000002464,-0.10999999999999899,9.9,1.4196000000000355,-1.23039999999999,0.0,-0.7399999999999629,0.5100000000000104,0,0,0,0,0,0,0,0,0,0,0,0,0,0,0,0,0,0,0,0,0,0,0,0,0,0,0,0,0,0,0,0,0,0,0,0,0,0,0,0,0,0,0,0,0,0,0,0,0,0,0,0,0,0,0,0,0,0,0,0,0,0,0,0,0,0,0,0,0,0,0,0,0,0,0,0,0,0,0,0,0,0,0,0,0,0,0,0,0,0,0,0,0,0,0,0,0,0,0,0,0,0,0,0,0,0,0,0,0,0,0,0,0,0,0,0,0,0,0,0,0,0,0,0,0,0,0,0,0,0,0,0,0,0,0,0,0,0,0,0,0,0,0,0,0,0,0,0,0,0
4.202844491,-9.480808999999907,0.5073009422454783,0.5191909999999957,0.9809999999994545,0.8224658966064002,0.9810000000000094,0.9809999999999998,0.8224658966064453,0.9809999999999998,3.4876956939697266,0.8224658966064453,1.6604925394058228,4.997415958118327,-0.11359162421413883,-0.11371316745512657,0.68,-7.58,-1.0,0.0,0.0,0.0,0.68,-5.58,-1.0,0.0,0.0,0.0,0.68,-3.58,-1.0,0.0,0.0,0.0,0.68,-1.58,-1.0,0.0,0.0,0.0,0.68,-7.58,1.0,0.0,0.0,0.0,0.68,-5.58,1.0,0.0,0.0,0.0,0.68,-3.58,1.0,0.0,0.0,0.0,0.68,-1.58,1.0,0.0,0.0,0.0,6.83,-0.21,-1.0,0.0,0.0,0.0,6.83,1.79,-1.0,0.0,0.0,0.0,6.83,3.79,-1.0,0.0,0.0,0.0,6.83,-0.21,1.0,0.0,0.0,0.0,6.83,1.79,1.0,0.0,0.0,0.0,6.83,3.79,1.0,0.0,0.0,0.0,-0.88,-7.16,-1.0,0.0,0.0,0.0,-0.88,-5.16,-1.0,0.0,0.0,0.0,-0.88,-3.16,-1.0,0.0,0.0,0.0,-0.88,-1.16,-1.0,0.0,0.0,0.0,-0.88,-7.16,1.0,0.0,0.0,0.0,-0.88,-5.16,1.0,0.0,0.0,0.0,-0.88,-3.16,1.0,0.0,0.0,0.0,-0.88,-1.16,1.0,0.0,0.0,0.0,-4.59,2.498599999999744,0.17340000000000105,0.0,-1.1900000000002464,-0.10999999999999899,-4.59,4.498599999999739,0.17340000000000105,0.0,-1.1900000000002464,-0.10999999999999899,9.9,1.3456000000000392,-1.179399999999989,0.0,-0.7399999999999629,0.5100000000000104,0,0,0,0,0,0,0,0,0,0,0,0,0,0,0,0,0,0,0,0,0,0,0,0,0,0,0,0,0,0,0,0,0,0,0,0,0,0,0,0,0,0,0,0,0,0,0,0,0,0,0,0,0,0,0,0,0,0,0,0,0,0,0,0,0,0,0,0,0,0,0,0,0,0,0,0,0,0,0,0,0,0,0,0,0,0,0,0,0,0,0,0,0,0,0,0,0,0,0,0,0,0,0,0,0,0,0,0,0,0,0,0,0,0,0,0,0,0,0,0,0,0,0,0,0,0,0,0,0,0,0,0,0,0,0,0,0,0,0,0,0,0,0,0,0,0,0,0,0,0
4.301202637,-9.396394999999856,0.5671642139739954,0.6036049999999986,1.0670000000008173,0.7364658966064752,1.06700000000004,1.0669999999999997,0.7364658966064453,1.0669999999999997,3.476285219192505,0.538479208946228,1.5017893314361572,4.996411890272978,-0.13209218703158015,-0.13571984697905487,0.68,-7.58,-1.0,0.0,0.0,0.0,0.68,-5.58,-1.0,0.0,0.0,0.0,0.68,-3.58,-1.0,0.0,0.0,0.0,0.68,-1.58,-1.0,0.0,0.0,0.0,0.68,-7.58,1.0,0.0,0.0,0.0,0.68,-5.58,1.0,0.0,0.0,0.0,0.68,-3.58,1.0,0.0,0.0,0.0,0.68,-1.58,1.0,0.0,0.0,0.0,6.83,-0.21,-1.0,0.0,0.0,0.0,6.83,1.79,-1.0,0.0,0.0,0.0,6.83,3.79,-1.0,0.0,0.0,0.0,6.83,-0.21,1.0,0.0,0.0,0.0,6.83,1.79,1.0,0.0,0.0,0.0,6.83,3.79,1.0,0.0,0.0,0.0,-0.88,-7.16,-1.0,0.0,0.0,0.0,-0.88,-5.16,-1.0,0.0,0.0,0.0,-0.88,-3.16,-1.0,0.0,0.0,0.0,-0.88,-1.16,-1.0,0.0,0.0,0.0,-0.88,-7.16,1.0,0.0,0.0,0.0,-0.88,-5.16,1.0,0.0,0.0,0.0,-0.88,-3.16,1.0,0.0,0.0,0.0,-0.88,-1.16,1.0,0.0,0.0,0.0,-4.59,2.403399999999724,0.16460000000000113,0.0,-1.1900000000002464,-0.10999999999999899,-4.59,4.403399999999719,0.16460000000000113,0.0,-1.1900000000002464,-0.10999999999999899,9.9,1.2864000000000422,-1.138599999999988,0.0,-0.7399999999999629,0.5100000000000104,0,0,0,0,0,0,0,0,0,0,0,0,0,0,0,0,0,0,0,0,0,0,0,0,0,0,0,0,0,0,0,0,0,0,0,0,0,0,0,0,0,0,0,0,0,0,0,0,0,0,0,0,0,0,0,0,0,0,0,0,0,0,0,0,0,0,0,0,0,0,0,0,0,0,0,0,0,0,0,0,0,0,0,0,0,0,0,0,0,0,0,0,0,0,0,0,0,0,0,0,0,0,0,0,0,0,0,0,0,0,0,0,0,0,0,0,0,0,0,0,0,0,0,0,0,0,0,0,0,0,0,0,0,0,0,0,0,0,0,0,0,0,0,0,0,0,0,0,0,0
4.400986185,-9.305724999999887,0.6207714857025114,0.6942749999999973,1.1569999999991865,0.6464658966064407,1.1569999999999638,1.1569999999999998,0.6464658966064454,1.1569999999999998,3.466789960861206,0.2711416482925415,1.3295165300369263,4.995166173990929,-0.14982234927642302,-0.16083581029770228,0.68,-7.58,-1.0,0.0,0.0,0.0,0.68,-5.58,-1.0,0.0,0.0,0.0,0.68,-3.58,-1.0,0.0,0.0,0.0,0.68,-1.58,-1.0,0.0,0.0,0.0,0.68,-7.58,1.0,0.0,0.0,0.0,0.68,-5.58,1.0,0.0,0.0,0.0,0.68,-3.58,1.0,0.0,0.0,0.0,0.68,-1.58,1.0,0.0,0.0,0.0,6.83,-0.21,-1.0,0.0,0.0,0.0,6.83,1.79,-1.0,0.0,0.0,0.0,6.83,3.79,-1.0,0.0,0.0,0.0,6.83,-0.21,1.0,0.0,0.0,0.0,6.83,1.79,1.0,0.0,0.0,0.0,6.83,3.79,1.0,0.0,0.0,0.0,-0.88,-7.16,-1.0,0.0,0.0,0.0,-0.88,-5.16,-1.0,0.0,0.0,0.0,-0.88,-3.16,-1.0,0.0,0.0,0.0,-0.88,-1.16,-1.0,0.0,0.0,0.0,-0.88,-7.16,1.0,0.0,0.0,0.0,-0.88,-5.16,1.0,0.0,0.0,0.0,-0.88,-3.16,1.0,0.0,0.0,0.0,-0.88,-1.16,1.0,0.0,0.0,0.0,-4.59,2.3081999999997045,0.15580000000000122,0.0,-1.1900000000002464,-0.10999999999999899,-4.59,4.308199999999699,0.15580000000000122,0.0,-1.1900000000002464,-0.10999999999999899,9.9,1.2272000000000451,-1.0977999999999872,0.0,-0.7399999999999629,0.5100000000000104,0,0,0,0,0,0,0,0,0,0,0,0,0,0,0,0,0,0,0,0,0,0,0,0,0,0,0,0,0,0,0,0,0,0,0,0,0,0,0,0,0,0,0,0,0,0,0,0,0,0,0,0,0,0,0,0,0,0,0,0,0,0,0,0,0,0,0,0,0,0,0,0,0,0,0,0,0,0,0,0,0,0,0,0,0,0,0,0,0,0,0,0,0,0,0,0,0,0,0,0,0,0,0,0,0,0,0,0,0,0,0,0,0,0,0,0,0,0,0,0,0,0,0,0,0,0,0,0,0,0,0,0,0,0,0,0,0,0,0,0,0,0,0,0,0,0,0,0,0,0
4.500585786,-9.183746999999869,0.6791400753631532,0.8036969999999996,1.2430000000005492,0.5604658966064102,1.0710000000000441,1.2429999999999999,0.5604658966064454,1.0709999999999997,3.4084222316741943,0.2434239387512207,1.0488269329071045,4.993752016109839,-0.16509409704994124,-0.1875759598620918,0.68,-7.58,-1.0,0.0,0.0,0.0,0.68,-5.58,-1.0,0.0,0.0,0.0,0.68,-3.58,-1.0,0.0,0.0,0.0,0.68,-1.58,-1.0,0.0,0.0,0.0,0.68,-7.58,1.0,0.0,0.0,0.0,0.68,-5.58,1.0,0.0,0.0,0.0,0.68,-3.58,1.0,0.0,0.0,0.0,0.68,-1.58,1.0,0.0,0.0,0.0,6.83,-0.21,-1.0,0.0,0.0,0.0,6.83,1.79,-1.0,0.0,0.0,0.0,6.83,3.79,-1.0,0.0,0.0,0.0,6.83,-0.21,1.0,0.0,0.0,0.0,6.83,1.79,1.0,0.0,0.0,0.0,6.83,3.79,1.0,0.0,0.0,0.0,-0.88,-7.16,-1.0,0.0,0.0,0.0,-0.88,-5.16,-1.0,0.0,0.0,0.0,-0.88,-3.16,-1.0,0.0,0.0,0.0,-0.88,-1.16,-1.0,0.0,0.0,0.0,-0.88,-7.16,1.0,0.0,0.0,0.0,-0.88,-5.16,1.0,0.0,0.0,0.0,-0.88,-3.16,1.0,0.0,0.0,0.0,-0.88,-1.16,1.0,0.0,0.0,0.0,-4.59,2.18919999999968,0.14480000000000132,0.0,-1.1900000000002464,-0.10999999999999899,-4.59,4.1891999999996745,0.14480000000000132,0.0,-1.1900000000002464,-0.10999999999999899,9.9,1.1532000000000489,-1.0467999999999862,0.0,-0.7399999999999629,0.5100000000000104,0,0,0,0,0,0,0,0,0,0,0,0,0,0,0,0,0,0,0,0,0,0,0,0,0,0,0,0,0,0,0,0,0,0,0,0,0,0,0,0,0,0,0,0,0,0,0,0,0,0,0,0,0,0,0,0,0,0,0,0,0,0,0,0,0,0,0,0,0,0,0,0,0,0,0,0,0,0,0,0,0,0,0,0,0,0,0,0,0,0,0,0,0,0,0,0,0,0,0,0,0,0,0,0,0,0,0,0,0,0,0,0,0,0,0,0,0,0,0,0,0,0,0,0,0,0,0,0,0,0,0,0,0,0,0,0,0,0,0,0,0,0,0,0,0,0,0,0,0,0
4.601142938,-9.078586999999834,0.7182573470916676,0.8836569999999974,1.3310000000004152,0.47246589660643323,0.9829999999999561,1.331,0.47246589660644545,0.9829999999999998,3.300792694091797,0.16957879066467285,0.894187331199646,4.992250809187041,-0.17886179527336904,-0.21316734356585804,0.68,-7.58,-1.0,0.0,0.0,0.0,0.68,-5.58,-1.0,0.0,0.0,0.0,0.68,-3.58,-1.0,0.0,0.0,0.0,0.68,-1.58,-1.0,0.0,0.0,0.0,0.68,-7.58,1.0,0.0,0.0,0.0,0.68,-5.58,1.0,0.0,0.0,0.0,0.68,-3.58,1.0,0.0,0.0,0.0,0.68,-1.58,1.0,0.0,0.0,0.0,6.83,-0.21,-1.0,0.0,0.0,0.0,6.83,1.79,-1.0,0.0,0.0,0.0,6.83,3.79,-1.0,0.0,0.0,0.0,6.83,-0.21,1.0,0.0,0.0,0.0,6.83,1.79,1.0,0.0,0.0,0.0,6.83,3.79,1.0,0.0,0.0,0.0,-0.88,-7.16,-1.0,0.0,0.0,0.0,-0.88,-5.16,-1.0,0.0,0.0,0.0,-0.88,-3.16,-1.0,0.0,0.0,0.0,-0.88,-1.16,-1.0,0.0,0.0,0.0,-0.88,-7.16,1.0,0.0,0.0,0.0,-0.88,-5.16,1.0,0.0,0.0,0.0,-0.88,-3.16,1.0,0.0,0.0,0.0,-0.88,-1.16,1.0,0.0,0.0,0.0,-4.59,2.09399999999966,0.1360000000000014,0.0,-1.1900000000002464,-0.10999999999999899,-4.59,4.093999999999655,0.1360000000000014,0.0,-1.1900000000002464,-0.10999999999999899,9.9,1.0940000000000518,-1.0059999999999854,0.0,-0.7399999999999629,0.5100000000000104,0,0,0,0,0,0,0,0,0,0,0,0,0,0,0,0,0,0,0,0,0,0,0,0,0,0,0,0,0,0,0,0,0,0,0,0,0,0,0,0,0,0,0,0,0,0,0,0,0,0,0,0,0,0,0,0,0,0,0,0,0,0,0,0,0,0,0,0,0,0,0,0,0,0,0,0,0,0,0,0,0,0,0,0,0,0,0,0,0,0,0,0,0,0,0,0,0,0,0,0,0,0,0,0,0,0,0,0,0,0,0,0,0,0,0,0,0,0,0,0,0,0,0,0,0,0,0,0,0,0,0,0,0,0,0,0,0,0,0,0,0,0,0,0,0,0,0,0,0,0
4.703647363,-8.938613999999884,0.758630936752315,0.9750839999999971,1.4179999999992532,0.385465896606485,0.8960000000000079,1.418,0.3854658966064455,0.8959999999999998,3.194270372390747,0.09217941761016846,0.7391656041145325,4.99074191172559,-0.19074205123335164,-0.23688106812679388,0.68,-7.58,-1.0,0.0,0.0,0.0,0.68,-5.58,-1.0,0.0,0.0,0.0,0.68,-3.58,-1.0,0.0,0.0,0.0,0.68,-1.58,-1.0,0.0,0.0,0.0,0.68,-7.58,1.0,0.0,0.0,0.0,0.68,-5.58,1.0,0.0,0.0,0.0,0.68,-3.58,1.0,0.0,0.0,0.0,0.68,-1.58,1.0,0.0,0.0,0.0,6.83,-0.21,-1.0,0.0,0.0,0.0,6.83,1.79,-1.0,0.0,0.0,0.0,6.83,3.79,-1.0,0.0,0.0,0.0,6.83,-0.21,1.0,0.0,0.0,0.0,6.83,1.79,1.0,0.0,0.0,0.0,6.83,3.79,1.0,0.0,0.0,0.0,-0.88,-7.16,-1.0,0.0,0.0,0.0,-0.88,-5.16,-1.0,0.0,0.0,0.0,-0.88,-3.16,-1.0,0.0,0.0,0.0,-0.88,-1.16,-1.0,0.0,0.0,0.0,-0.88,-7.16,1.0,0.0,0.0,0.0,-0.88,-5.16,1.0,0.0,0.0,0.0,-0.88,-3.16,1.0,0.0,0.0,0.0,-0.88,-1.16,1.0,0.0,0.0,0.0,-4.59,1.9749999999996404,0.1250000000000015,0.0,-1.1900000000000244,-0.10999999999999899,-4.59,3.97499999999964,0.1250000000000015,0.0,-1.1899999999998023,-0.10999999999999899,9.9,1.0200000000000555,-0.9549999999999843,0.0,-0.7399999999999629,0.5100000000000104,0,0,0,0,0,0,0,0,0,0,0,0,0,0,0,0,0,0,0,0,0,0,0,0,0,0,0,0,0,0,0,0,0,0,0,0,0,0,0,0,0,0,0,0,0,0,0,0,0,0,0,0,0,0,0,0,0,0,0,0,0,0,0,0,0,0,0,0,0,0,0,0,0,0,0,0,0,0,0,0,0,0,0,0,0,0,0,0,0,0,0,0,0,0,0,0,0,0,0,0,0,0,0,0,0,0,0,0,0,0,0,0,0,0,0,0,0,0,0,0,0,0,0,0,0,0,0,0,0,0,0,0,0,0,0,0,0,0,0,0,0,0,0,0,0,0,0,0,0,0
4.801034244,-8.81922199999985,0.7835162084808331,1.0408120000000027,1.5110000000007062,0.29246589660647526,0.8030000000001092,1.511,0.2924658966064455,0.8029999999999998,3.1536312103271484,-0.0010828971862792969,0.7061822414398193,4.989151137845523,-0.20141919130527347,-0.2603866991776884,0.68,-7.58,-1.0,0.0,0.0,0.0,0.68,-5.58,-1.0,0.0,0.0,0.0,0.68,-3.58,-1.0,0.0,0.0,0.0,0.68,-1.58,-1.0,0.0,0.0,0.0,0.68,-7.58,1.0,0.0,0.0,0.0,0.68,-5.58,1.0,0.0,0.0,0.0,0.68,-3.58,1.0,0.0,0.0,0.0,0.68,-1.58,1.0,0.0,0.0,0.0,6.83,-0.21,-1.0,0.0,0.0,0.0,6.83,1.79,-1.0,0.0,0.0,0.0,6.83,3.79,-1.0,0.0,0.0,0.0,6.83,-0.21,1.0,0.0,0.0,0.0,6.83,1.79,1.0,0.0,0.0,0.0,6.83,3.79,1.0,0.0,0.0,0.0,-0.88,-7.16,-1.0,0.0,0.0,0.0,-0.88,-5.16,-1.0,0.0,0.0,0.0,-0.88,-3.16,-1.0,0.0,0.0,0.0,-0.88,-1.16,-1.0,0.0,0.0,0.0,-0.88,-7.16,1.0,0.0,0.0,0.0,-0.88,-5.16,1.0,0.0,0.0,0.0,-0.88,-3.16,1.0,0.0,0.0,0.0,-0.88,-1.16,1.0,0.0,0.0,0.0,-4.59,1.8797999999996384,0.11620000000000158,0.0,-1.1900000000000244,-0.10999999999999899,-4.59,3.8797999999996557,0.11620000000000158,0.0,-1.1899999999998023,-0.10999999999999899,9.9,0.9608000000000585,-0.9141999999999835,0.0,-0.7399999999999629,0.5100000000000104,0,0,0,0,0,0,0,0,0,0,0,0,0,0,0,0,0,0,0,0,0,0,0,0,0,0,0,0,0,0,0,0,0,0,0,0,0,0,0,0,0,0,0,0,0,0,0,0,0,0,0,0,0,0,0,0,0,0,0,0,0,0,0,0,0,0,0,0,0,0,0,0,0,0,0,0,0,0,0,0,0,0,0,0,0,0,0,0,0,0,0,0,0,0,0,0,0,0,0,0,0,0,0,0,0,0,0,0,0,0,0,0,0,0,0,0,0,0,0,0,0,0,0,0,0,0,0,0,0,0,0,0,0,0,0,0,0,0,0,0,0,0,0,0,0,0,0,0,0,0
4.901294543,-8.693076999999809,0.8016484802093513,1.0997869999999972,1.592000000000482,0.21146589660647752,0.7219999999998894,1.5919999999999999,0.2114658966064455,0.7219999999999999,3.120023012161255,-0.09615473449230194,0.6761864423751831,4.987815800595385,-0.20899915071836597,-0.2793078844752257,0.68,-7.58,-1.0,0.0,0.0,0.0,0.68,-5.58,-1.0,0.0,0.0,0.0,0.68,-3.58,-1.0,0.0,0.0,0.0,0.68,-1.58,-1.0,0.0,0.0,0.0,0.68,-7.58,1.0,0.0,0.0,0.0,0.68,-5.58,1.0,0.0,0.0,0.0,0.68,-3.58,1.0,0.0,0.0,0.0,0.68,-1.58,1.0,0.0,0.0,0.0,6.83,-0.21,-1.0,0.0,0.0,0.0,6.83,1.79,-1.0,0.0,0.0,0.0,6.83,3.79,-1.0,0.0,0.0,0.0,6.83,-0.21,1.0,0.0,0.0,0.0,6.83,1.79,1.0,0.0,0.0,0.0,6.83,3.79,1.0,0.0,0.0,0.0,-0.88,-7.16,-1.0,0.0,0.0,0.0,-0.88,-5.16,-1.0,0.0,0.0,0.0,-0.88,-3.16,-1.0,0.0,0.0,0.0,-0.88,-1.16,-1.0,0.0,0.0,0.0,-0.88,-7.16,1.0,0.0,0.0,0.0,-0.88,-5.16,1.0,0.0,0.0,0.0,-0.88,-3.16,1.0,0.0,0.0,0.0,-0.88,-1.16,1.0,0.0,0.0,0.0,-4.59,1.7845999999996365,0.10740000000000166,0.0,-1.1900000000000244,-0.10999999999999899,-4.59,3.7845999999996716,0.10740000000000166,0.0,-1.1899999999998023,-0.10999999999999899,9.9,0.9016000000000615,-0.8733999999999826,0.0,-0.7399999999999629,0.5100000000000104,0,0,0,0,0,0,0,0,0,0,0,0,0,0,0,0,0,0,0,0,0,0,0,0,0,0,0,0,0,0,0,0,0,0,0,0,0,0,0,0,0,0,0,0,0,0,0,0,0,0,0,0,0,0,0,0,0,0,0,0,0,0,0,0,0,0,0,0,0,0,0,0,0,0,0,0,0,0,0,0,0,0,0,0,0,0,0,0,0,0,0,0,0,0,0,0,0,0,0,0,0,0,0,0,0,0,0,0,0,0,0,0,0,0,0,0,0,0,0,0,0,0,0,0,0,0,0,0,0,0,0,0,0,0,0,0,0,0,0,0,0,0,0,0,0,0,0,0,0,0
5.000805917,-8.560548999999773,0.8133977519378643,1.1525865862617468,1.668000000000447,0.13546589660640151,0.6490527391433965,1.668,0.13546589660644548,0.6490527391433716,3.0951833724975586,-0.17861458659172058,0.6490527391433716,4.986633619838806,-0.21458686913704517,-0.29569852398562757,0.68,-7.58,-1.0,0.0,0.0,0.0,0.68,-5.58,-1.0,0.0,0.0,0.0,0.68,-3.58,-1.0,0.0,0.0,0.0,0.68,-1.58,-1.0,0.0,0.0,0.0,0.68,-7.58,1.0,0.0,0.0,0.0,0.68,-5.58,1.0,0.0,0.0,0.0,0.68,-3.58,1.0,0.0,0.0,0.0,0.68,-1.58,1.0,0.0,0.0,0.0,6.83,-0.21,-1.0,0.0,0.0,0.0,6.83,1.79,-1.0,0.0,0.0,0.0,6.83,3.79,-1.0,0.0,0.0,0.0,6.83,-0.21,1.0,0.0,0.0,0.0,6.83,1.79,1.0,0.0,0.0,0.0,6.83,3.79,1.0,0.0,0.0,0.0,-0.88,-7.16,-1.0,0.0,0.0,0.0,-0.88,-5.16,-1.0,0.0,0.0,0.0,-0.88,-3.16,-1.0,0.0,0.0,0.0,-0.88,-1.16,-1.0,0.0,0.0,0.0,-0.88,-7.16,1.0,0.0,0.0,0.0,-0.88,-5.16,1.0,0.0,0.0,0.0,-0.88,-3.16,1.0,0.0,0.0,0.0,-0.88,-1.16,1.0,0.0,0.0,0.0,-4.59,1.6893999999996345,0.09860000000000174,0.0,-1.1900000000000244,-0.10999999999999899,-4.59,3.6893999999996874,0.09860000000000174,0.0,-1.1899999999998023,-0.10999999999999899,9.9,0.8424000000000644,-0.8325999999999818,0.0,-0.7399999999999629,0.5100000000000104,0,0,0,0,0,0,0,0,0,0,0,0,0,0,0,0,0,0,0,0,0,0,0,0,0,0,0,0,0,0,0,0,0,0,0,0,0,0,0,0,0,0,0,0,0,0,0,0,0,0,0,0,0,0,0,0,0,0,0,0,0,0,0,0,0,0,0,0,0,0,0,0,0,0,0,0,0,0,0,0,0,0,0,0,0,0,0,0,0,0,0,0,0,0,0,0,0,0,0,0,0,0,0,0,0,0,0,0,0,0,0,0,0,0,0,0,0,0,0,0,0,0,0,0,0,0,0,0,0,0,0,0,0,0,0,0,0,0,0,0,0,0,0,0,0,0,0,0,0,0
5.10205821,-8.422035999999787,0.8191620236663761,1.2031869153032237,1.7569999999995645,0.04646589660639577,0.6258265972136634,1.757,0.046465896606445484,0.6258265972137451,3.0744667053222656,-0.11828629672527313,0.6258265972137451,4.985319541231199,-0.21959912662195327,-0.3136324208451991,0.68,-7.58,-1.0,0.0,0.0,0.0,0.68,-5.58,-1.0,0.0,0.0,0.0,0.68,-3.58,-1.0,0.0,0.0,0.0,0.68,-1.58,-1.0,0.0,0.0,0.0,0.68,-7.58,1.0,0.0,0.0,0.0,0.68,-5.58,1.0,0.0,0.0,0.0,0.68,-3.58,1.0,0.0,0.0,0.0,0.68,-1.58,1.0,0.0,0.0,0.0,6.83,-0.21,-1.0,0.0,0.0,0.0,6.83,1.79,-1.0,0.0,0.0,0.0,6.83,3.79,-1.0,0.0,0.0,0.0,6.83,-0.21,1.0,0.0,0.0,0.0,6.83,1.79,1.0,0.0,0.0,0.0,6.83,3.79,1.0,0.0,0.0,0.0,-0.88,-7.16,-1.0,0.0,0.0,0.0,-0.88,-5.16,-1.0,0.0,0.0,0.0,-0.88,-3.16,-1.0,0.0,0.0,0.0,-0.88,-1.16,-1.0,0.0,0.0,0.0,-0.88,-7.16,1.0,0.0,0.0,0.0,-0.88,-5.16,1.0,0.0,0.0,0.0,-0.88,-3.16,1.0,0.0,0.0,0.0,-0.88,-1.16,1.0,0.0,0.0,0.0,-4.59,1.5941999999996326,0.08980000000000182,0.0,-1.1900000000000244,-0.10999999999999899,-4.59,3.594199999999703,0.08980000000000182,0.0,-1.1899999999998023,-0.10999999999999899,9.9,0.7832000000000674,-0.791799999999981,0.0,-0.7399999999999629,0.5100000000000104,0,0,0,0,0,0,0,0,0,0,0,0,0,0,0,0,0,0,0,0,0,0,0,0,0,0,0,0,0,0,0,0,0,0,0,0,0,0,0,0,0,0,0,0,0,0,0,0,0,0,0,0,0,0,0,0,0,0,0,0,0,0,0,0,0,0,0,0,0,0,0,0,0,0,0,0,0,0,0,0,0,0,0,0,0,0,0,0,0,0,0,0,0,0,0,0,0,0,0,0,0,0,0,0,0,0,0,0,0,0,0,0,0,0,0,0,0,0,0,0,0,0,0,0,0,0,0,0,0,0,0,0,0,0,0,0,0,0,0,0,0,0,0,0,0,0,0,0,0,0
5.200866294,-8.24017599999984,0.8176486133270173,1.2686263702163603,1.8449999999994304,-0.04153410339358121,0.6666379570960945,1.845,-0.04153410339355451,0.6666379570960999,3.100325584411621,-0.04775160178542137,0.6666379570960999,4.984055818975469,-0.22247826992817246,-0.3311963356478121,0.68,-7.58,-1.0,0.0,0.0,0.0,0.68,-5.58,-1.0,0.0,0.0,0.0,0.68,-3.58,-1.0,0.0,0.0,0.0,0.68,-1.58,-1.0,0.0,0.0,0.0,0.68,-7.58,1.0,0.0,0.0,0.0,0.68,-5.58,1.0,0.0,0.0,0.0,0.68,-3.58,1.0,0.0,0.0,0.0,0.68,-1.58,1.0,0.0,0.0,0.0,6.83,-0.21,-1.0,0.0,0.0,0.0,6.83,1.79,-1.0,0.0,0.0,0.0,6.83,3.79,-1.0,0.0,0.0,0.0,6.83,-0.21,1.0,0.0,0.0,0.0,6.83,1.79,1.0,0.0,0.0,0.0,6.83,3.79,1.0,0.0,0.0,0.0,-0.88,-7.16,-1.0,0.0,0.0,0.0,-0.88,-5.16,-1.0,0.0,0.0,0.0,-0.88,-3.16,-1.0,0.0,0.0,0.0,-0.88,-1.16,-1.0,0.0,0.0,0.0,-0.88,-7.16,1.0,0.0,0.0,0.0,-0.88,-5.16,1.0,0.0,0.0,0.0,-0.88,-3.16,1.0,0.0,0.0,0.0,-0.88,-1.16,1.0,0.0,0.0,0.0,-4.59,1.4751999999996301,0.07880000000000192,0.0,-1.1900000000000244,-0.10999999999999899,-4.59,3.475199999999723,0.07880000000000192,0.0,-1.1899999999998023,-0.10999999999999899,9.9,0.7092000000000711,-0.7407999999999799,0.0,-0.7399999999999629,0.5100000000000104,0,0,0,0,0,0,0,0,0,0,0,0,0,0,0,0,0,0,0,0,0,0,0,0,0,0,0,0,0,0,0,0,0,0,0,0,0,0,0,0,0,0,0,0,0,0,0,0,0,0,0,0,0,0,0,0,0,0,0,0,0,0,0,0,0,0,0,0,0,0,0,0,0,0,0,0,0,0,0,0,0,0,0,0,0,0,0,0,0,0,0,0,0,0,0,0,0,0,0,0,0,0,0,0,0,0,0,0,0,0,0,0,0,0,0,0,0,0,0,0,0,0,0,0,0,0,0,0,0,0,0,0,0,0,0,0,0,0,0,0,0,0,0,0,0,0,0,0,0,0
5.300894,-8.087007999999846,0.8184364545288001,1.3275254067840445,1.9320000000000448,0.02269354462625106,0.7536379570960428,1.932,0.022693544626235962,0.7536379570960998,3.1982626914978027,0.022693544626235962,0.7692150473594666,4.982728606895349,-0.22358462909302695,-0.3498936176326633,0.68,-7.58,-1.0,0.0,0.0,0.0,0.68,-5.58,-1.0,0.0,0.0,0.0,0.68,-3.58,-1.0,0.0,0.0,0.0,0.68,-1.58,-1.0,0.0,0.0,0.0,0.68,-7.58,1.0,0.0,0.0,0.0,0.68,-5.58,1.0,0.0,0.0,0.0,0.68,-3.58,1.0,0.0,0.0,0.0,0.68,-1.58,1.0,0.0,0.0,0.0,6.83,-0.21,-1.0,0.0,0.0,0.0,6.83,1.79,-1.0,0.0,0.0,0.0,6.83,3.79,-1.0,0.0,0.0,0.0,6.83,-0.21,1.0,0.0,0.0,0.0,6.83,1.79,1.0,0.0,0.0,0.0,6.83,3.79,1.0,0.0,0.0,0.0,-0.88,-7.16,-1.0,0.0,0.0,0.0,-0.88,-5.16,-1.0,0.0,0.0,0.0,-0.88,-3.16,-1.0,0.0,0.0,0.0,-0.88,-1.16,-1.0,0.0,0.0,0.0,-0.88,-7.16,1.0,0.0,0.0,0.0,-0.88,-5.16,1.0,0.0,0.0,0.0,-0.88,-3.16,1.0,0.0,0.0,0.0,-0.88,-1.16,1.0,0.0,0.0,0.0,-4.59,1.3799999999996282,0.070000000000002,0.0,-1.1900000000000244,-0.10999999999999899,-4.59,3.3799999999997388,0.070000000000002,0.0,-1.1899999999998023,-0.10999999999999899,9.9,0.6500000000000741,-0.6999999999999791,0.0,-0.7399999999999629,0.5100000000000104,0,0,0,0,0,0,0,0,0,0,0,0,0,0,0,0,0,0,0,0,0,0,0,0,0,0,0,0,0,0,0,0,0,0,0,0,0,0,0,0,0,0,0,0,0,0,0,0,0,0,0,0,0,0,0,0,0,0,0,0,0,0,0,0,0,0,0,0,0,0,0,0,0,0,0,0,0,0,0,0,0,0,0,0,0,0,0,0,0,0,0,0,0,0,0,0,0,0,0,0,0,0,0,0,0,0,0,0,0,0,0,0,0,0,0,0,0,0,0,0,0,0,0,0,0,0,0,0,0,0,0,0,0,0,0,0,0,0,0,0,0,0,0,0,0,0,0,0,0,0
5.400900146,-7.887177999999816,0.8167711113633995,1.4095192024936576,2.0170000000003796,-0.027751296758693478,0.8386379570961555,2.017,-0.027751296758651733,0.8386379570960998,3.3846569061279297,-0.027751296758651733,0.8951577544212341,4.981126589427861,-0.2260036128353229,-0.3705405066658083,0.68,-7.58,-1.0,0.0,0.0,0.0,0.68,-5.58,-1.0,0.0,0.0,0.0,0.68,-3.58,-1.0,0.0,0.0,0.0,0.68,-1.58,-1.0,0.0,0.0,0.0,0.68,-7.58,1.0,0.0,0.0,0.0,0.68,-5.58,1.0,0.0,0.0,0.0,0.68,-3.58,1.0,0.0,0.0,0.0,0.68,-1.58,1.0,0.0,0.0,0.0,6.83,-0.21,-1.0,0.0,0.0,0.0,6.83,1.79,-1.0,0.0,0.0,0.0,6.83,3.79,-1.0,0.0,0.0,0.0,6.83,-0.21,1.0,0.0,0.0,0.0,6.83,1.79,1.0,0.0,0.0,0.0,6.83,3.79,1.0,0.0,0.0,0.0,-0.88,-7.16,-1.0,0.0,0.0,0.0,-0.88,-5.16,-1.0,0.0,0.0,0.0,-0.88,-3.16,-1.0,0.0,0.0,0.0,-0.88,-1.16,-1.0,0.0,0.0,0.0,-0.88,-7.16,1.0,0.0,0.0,0.0,-0.88,-5.16,1.0,0.0,0.0,0.0,-0.88,-3.16,1.0,0.0,0.0,0.0,-0.88,-1.16,1.0,0.0,0.0,0.0,-4.59,1.2609999999996258,0.059000000000002106,0.0,-1.1900000000000244,-0.10999999999999899,-4.59,3.2609999999997585,0.059000000000002106,0.0,-1.1899999999998023,-0.10999999999999899,9.9,0.5760000000000778,-0.648999999999978,0.0,-0.7399999999999629,0.5100000000000104,0,0,0,0,0,0,0,0,0,0,0,0,0,0,0,0,0,0,0,0,0,0,0,0,0,0,0,0,0,0,0,0,0,0,0,0,0,0,0,0,0,0,0,0,0,0,0,0,0,0,0,0,0,0,0,0,0,0,0,0,0,0,0,0,0,0,0,0,0,0,0,0,0,0,0,0,0,0,0,0,0,0,0,0,0,0,0,0,0,0,0,0,0,0,0,0,0,0,0,0,0,0,0,0,0,0,0,0,0,0,0,0,0,0,0,0,0,0,0,0,0,0,0,0,0,0,0,0,0,0,0,0,0,0,0,0,0,0,0,0,0,0,0,0,0,0,0,0,0,0
5.501064214,-7.719679999999807,0.8171718164923099,1.4827482390613433,2.1100000000000563,0.011957928538364193,0.9316379570960542,2.11,0.011957928538322449,0.9316379570960998,3.6176598072052,0.011957928538322449,0.9842522740364075,4.979123579632403,-0.22760561940937948,-0.3956312181336114,0.68,-7.58,-1.0,0.0,0.0,0.0,0.68,-5.58,-1.0,0.0,0.0,0.0,0.68,-3.58,-1.0,0.0,0.0,0.0,0.68,-1.58,-1.0,0.0,0.0,0.0,0.68,-7.58,1.0,0.0,0.0,0.0,0.68,-5.58,1.0,0.0,0.0,0.0,0.68,-3.58,1.0,0.0,0.0,0.0,0.68,-1.58,1.0,0.0,0.0,0.0,6.83,-0.21,-1.0,0.0,0.0,0.0,6.83,1.79,-1.0,0.0,0.0,0.0,6.83,3.79,-1.0,0.0,0.0,0.0,6.83,-0.21,1.0,0.0,0.0,0.0,6.83,1.79,1.0,0.0,0.0,0.0,6.83,3.79,1.0,0.0,0.0,0.0,-0.88,-7.16,-1.0,0.0,0.0,0.0,-0.88,-5.16,-1.0,0.0,0.0,0.0,-0.88,-3.16,-1.0,0.0,0.0,0.0,-0.88,-1.16,-1.0,0.0,0.0,0.0,-0.88,-7.16,1.0,0.0,0.0,0.0,-0.88,-5.16,1.0,0.0,0.0,0.0,-0.88,-3.16,1.0,0.0,0.0,0.0,-0.88,-1.16,1.0,0.0,0.0,0.0,-4.59,1.1657999999996238,0.05020000000000219,0.0,-1.1900000000000244,-0.10999999999999899,-4.59,3.1657999999997744,0.05020000000000219,0.0,-1.1899999999998023,-0.10999999999999899,9.9,0.5168000000000808,-0.6081999999999772,0.0,-0.7399999999999629,0.5100000000000104,0,0,0,0,0,0,0,0,0,0,0,0,0,0,0,0,0,0,0,0,0,0,0,0,0,0,0,0,0,0,0,0,0,0,0,0,0,0,0,0,0,0,0,0,0,0,0,0,0,0,0,0,0,0,0,0,0,0,0,0,0,0,0,0,0,0,0,0,0,0,0,0,0,0,0,0,0,0,0,0,0,0,0,0,0,0,0,0,0,0,0,0,0,0,0,0,0,0,0,0,0,0,0,0,0,0,0,0,0,0,0,0,0,0,0,0,0,0,0,0,0,0,0,0,0,0,0,0,0,0,0,0,0,0,0,0,0,0,0,0,0,0,0,0,0,0,0,0,0,0
5.602642707,-7.50185499999978,0.8160497904399823,1.581806782564621,2.2010000000003416,-0.01894632354382253,1.0102345943450164,2.201,-0.018946323543787003,1.0102345943450928,3.9007997512817383,-0.018946323543787003,1.0102345943450928,4.976667516172165,-0.23022315529628076,-0.4240020427335135,0.68,-7.58,-1.0,0.0,0.0,0.0,0.68,-5.58,-1.0,0.0,0.0,0.0,0.68,-3.58,-1.0,0.0,0.0,0.0,0.68,-1.58,-1.0,0.0,0.0,0.0,0.68,-7.58,1.0,0.0,0.0,0.0,0.68,-5.58,1.0,0.0,0.0,0.0,0.68,-3.58,1.0,0.0,0.0,0.0,0.68,-1.58,1.0,0.0,0.0,0.0,6.83,-0.21,-1.0,0.0,0.0,0.0,6.83,1.79,-1.0,0.0,0.0,0.0,6.83,3.79,-1.0,0.0,0.0,0.0,6.83,-0.21,1.0,0.0,0.0,0.0,6.83,1.79,1.0,0.0,0.0,0.0,6.83,3.79,1.0,0.0,0.0,0.0,-0.88,-7.16,-1.0,0.0,0.0,0.0,-0.88,-5.16,-1.0,0.0,0.0,0.0,-0.88,-3.16,-1.0,0.0,0.0,0.0,-0.88,-1.16,-1.0,0.0,0.0,0.0,-0.88,-7.16,1.0,0.0,0.0,0.0,-0.88,-5.16,1.0,0.0,0.0,0.0,-0.88,-3.16,1.0,0.0,0.0,0.0,-0.88,-1.16,1.0,0.0,0.0,0.0,-4.59,1.0467999999996214,0.03920000000000229,0.0,-1.1900000000000244,-0.10999999999999899,-4.59,3.046799999999794,0.03920000000000229,0.0,-1.1899999999998023,-0.10999999999999899,9.9,0.44280000000008013,-0.5571999999999762,0.0,-0.7400000000000183,0.5100000000000104,0,0,0,0,0,0,0,0,0,0,0,0,0,0,0,0,0,0,0,0,0,0,0,0,0,0,0,0,0,0,0,0,0,0,0,0,0,0,0,0,0,0,0,0,0,0,0,0,0,0,0,0,0,0,0,0,0,0,0,0,0,0,0,0,0,0,0,0,0,0,0,0,0,0,0,0,0,0,0,0,0,0,0,0,0,0,0,0,0,0,0,0,0,0,0,0,0,0,0,0,0,0,0,0,0,0,0,0,0,0,0,0,0,0,0,0,0,0,0,0,0,0,0,0,0,0,0,0,0,0,0,0,0,0,0,0,0,0,0,0,0,0,0,0,0,0,0,0,0,0
5.701214285,-7.319824999999791,0.8158081335032742,1.6593869245858017,2.285999999999788,-0.0007456243038550525,0.9639685153961519,2.286,-0.000745624303817749,0.9639685153961182,4.156928062438965,-0.000745624303817749,0.9639685153961182,4.974058013631644,-0.23216544750738324,-0.4525992510052599,0.68,-7.58,-1.0,0.0,0.0,0.0,0.68,-5.58,-1.0,0.0,0.0,0.0,0.68,-3.58,-1.0,0.0,0.0,0.0,0.68,-1.58,-1.0,0.0,0.0,0.0,0.68,-7.58,1.0,0.0,0.0,0.0,0.68,-5.58,1.0,0.0,0.0,0.0,0.68,-3.58,1.0,0.0,0.0,0.0,0.68,-1.58,1.0,0.0,0.0,0.0,6.83,-0.21,-1.0,0.0,0.0,0.0,6.83,1.79,-1.0,0.0,0.0,0.0,6.83,3.79,-1.0,0.0,0.0,0.0,6.83,-0.21,1.0,0.0,0.0,0.0,6.83,1.79,1.0,0.0,0.0,0.0,6.83,3.79,1.0,0.0,0.0,0.0,-0.88,-7.16,-1.0,0.0,0.0,0.0,-0.88,-5.16,-1.0,0.0,0.0,0.0,-0.88,-3.16,-1.0,0.0,0.0,0.0,-0.88,-1.16,-1.0,0.0,0.0,0.0,-0.88,-7.16,1.0,0.0,0.0,0.0,-0.88,-5.16,1.0,0.0,0.0,0.0,-0.88,-3.16,1.0,0.0,0.0,0.0,-0.88,-1.16,1.0,0.0,0.0,0.0,-4.59,0.9515999999996194,0.03040000000000237,0.0,-1.1900000000000244,-0.10999999999999899,-4.59,2.95159999999981,0.03040000000000237,0.0,-1.1899999999998023,-0.10999999999999899,9.9,0.38360000000007866,-0.5163999999999753,0.0,-0.7400000000000183,0.5100000000000104,0,0,0,0,0,0,0,0,0,0,0,0,0,0,0,0,0,0,0,0,0,0,0,0,0,0,0,0,0,0,0,0,0,0,0,0,0,0,0,0,0,0,0,0,0,0,0,0,0,0,0,0,0,0,0,0,0,0,0,0,0,0,0,0,0,0,0,0,0,0,0,0,0,0,0,0,0,0,0,0,0,0,0,0,0,0,0,0,0,0,0,0,0,0,0,0,0,0,0,0,0,0,0,0,0,0,0,0,0,0,0,0,0,0,0,0,0,0,0,0,0,0,0,0,0,0,0,0,0,0,0,0,0,0,0,0,0,0,0,0,0,0,0,0,0,0,0,0,0,0
5.800994364,-7.131419999999786,0.8152438537979885,1.7309794058174865,2.371000000000123,-0.008509159088121443,0.8789685153960392,2.371,-0.008509159088134766,0.8789685153961182,4.181713104248047,-0.008509159088134766,0.8420013785362244,4.9712806034774,-0.23458676280916818,-0.4809763114791599,0.68,-7.58,-1.0,0.0,0.0,0.0,0.68,-5.58,-1.0,0.0,0.0,0.0,0.68,-3.58,-1.0,0.0,0.0,0.0,0.68,-1.58,-1.0,0.0,0.0,0.0,0.68,-7.58,1.0,0.0,0.0,0.0,0.68,-5.58,1.0,0.0,0.0,0.0,0.68,-3.58,1.0,0.0,0.0,0.0,0.68,-1.58,1.0,0.0,0.0,0.0,6.83,-0.21,-1.0,0.0,0.0,0.0,6.83,1.79,-1.0,0.0,0.0,0.0,6.83,3.79,-1.0,0.0,0.0,0.0,6.83,-0.21,1.0,0.0,0.0,0.0,6.83,1.79,1.0,0.0,0.0,0.0,6.83,3.79,1.0,0.0,0.0,0.0,-0.88,-7.16,-1.0,0.0,0.0,0.0,-0.88,-5.16,-1.0,0.0,0.0,0.0,-0.88,-3.16,-1.0,0.0,0.0,0.0,-0.88,-1.16,-1.0,0.0,0.0,0.0,-0.88,-7.16,1.0,0.0,0.0,0.0,-0.88,-5.16,1.0,0.0,0.0,0.0,-0.88,-3.16,1.0,0.0,0.0,0.0,-0.88,-1.16,1.0,0.0,0.0,0.0,-4.59,0.8563999999996175,0.02160000000000245,0.0,-1.1900000000000244,-0.10999999999999899,-4.59,2.8563999999998257,0.02160000000000245,0.0,-1.1899999999998023,-0.10999999999999899,9.9,0.3244000000000772,-0.4755999999999745,0.0,-0.7400000000000183,0.5100000000000104,0,0,0,0,0,0,0,0,0,0,0,0,0,0,0,0,0,0,0,0,0,0,0,0,0,0,0,0,0,0,0,0,0,0,0,0,0,0,0,0,0,0,0,0,0,0,0,0,0,0,0,0,0,0,0,0,0,0,0,0,0,0,0,0,0,0,0,0,0,0,0,0,0,0,0,0,0,0,0,0,0,0,0,0,0,0,0,0,0,0,0,0,0,0,0,0,0,0,0,0,0,0,0,0,0,0,0,0,0,0,0,0,0,0,0,0,0,0,0,0,0,0,0,0,0,0,0,0,0,0,0,0,0,0,0,0,0,0,0,0,0,0,0,0,0,0,0,0,0,0
5.900853061,-6.93652599999981,0.8163995669985558,1.7960828870491736,2.449999999999619,0.019315779209105877,0.7999685153960989,2.45,0.019315779209136963,0.7999685153961182,4.138646602630615,0.019315779209136963,0.7019878029823303,4.968702127971189,-0.23684553406855924,-0.5058689123541396,0.68,-7.58,-1.0,0.0,0.0,0.0,0.68,-5.58,-1.0,0.0,0.0,0.0,0.68,-3.58,-1.0,0.0,0.0,0.0,0.68,-1.58,-1.0,0.0,0.0,0.0,0.68,-7.58,1.0,0.0,0.0,0.0,0.68,-5.58,1.0,0.0,0.0,0.0,0.68,-3.58,1.0,0.0,0.0,0.0,0.68,-1.58,1.0,0.0,0.0,0.0,6.83,-0.21,-1.0,0.0,0.0,0.0,6.83,1.79,-1.0,0.0,0.0,0.0,6.83,3.79,-1.0,0.0,0.0,0.0,6.83,-0.21,1.0,0.0,0.0,0.0,6.83,1.79,1.0,0.0,0.0,0.0,6.83,3.79,1.0,0.0,0.0,0.0,-0.88,-7.16,-1.0,0.0,0.0,0.0,-0.88,-5.16,-1.0,0.0,0.0,0.0,-0.88,-3.16,-1.0,0.0,0.0,0.0,-0.88,-1.16,-1.0,0.0,0.0,0.0,-0.88,-7.16,1.0,0.0,0.0,0.0,-0.88,-5.16,1.0,0.0,0.0,0.0,-0.88,-3.16,1.0,0.0,0.0,0.0,-0.88,-1.16,1.0,0.0,0.0,0.0,-4.59,0.7611999999996155,0.012800000000002486,0.0,-1.1900000000000244,-0.11000000000000074,-4.59,2.7611999999998416,0.012800000000002486,0.0,-1.1899999999998023,-0.11000000000000074,9.9,0.2652000000000757,-0.43479999999997365,0.0,-0.7400000000000183,0.5100000000000104,0,0,0,0,0,0,0,0,0,0,0,0,0,0,0,0,0,0,0,0,0,0,0,0,0,0,0,0,0,0,0,0,0,0,0,0,0,0,0,0,0,0,0,0,0,0,0,0,0,0,0,0,0,0,0,0,0,0,0,0,0,0,0,0,0,0,0,0,0,0,0,0,0,0,0,0,0,0,0,0,0,0,0,0,0,0,0,0,0,0,0,0,0,0,0,0,0,0,0,0,0,0,0,0,0,0,0,0,0,0,0,0,0,0,0,0,0,0,0,0,0,0,0,0,0,0,0,0,0,0,0,0,0,0,0,0,0,0,0,0,0,0,0,0,0,0,0,0,0,0
6.002690468,-6.684640999999821,0.8252161449194665,1.8691947385887924,2.534999999999954,0.10431577920910762,0.7149685153962082,2.535,0.10431577920913697,0.7149685153961183,4.239480495452881,0.10841530561447144,0.6143345236778259,4.965793625657227,-0.24011924310008126,-0.5321996020997078,0.68,-7.58,-1.0,0.0,0.0,0.0,0.68,-5.58,-1.0,0.0,0.0,0.0,0.68,-3.58,-1.0,0.0,0.0,0.0,0.68,-1.58,-1.0,0.0,0.0,0.0,0.68,-7.58,1.0,0.0,0.0,0.0,0.68,-5.58,1.0,0.0,0.0,0.0,0.68,-3.58,1.0,0.0,0.0,0.0,0.68,-1.58,1.0,0.0,0.0,0.0,6.83,-0.21,-1.0,0.0,0.0,0.0,6.83,1.79,-1.0,0.0,0.0,0.0,6.83,3.79,-1.0,0.0,0.0,0.0,6.83,-0.21,1.0,0.0,0.0,0.0,6.83,1.79,1.0,0.0,0.0,0.0,6.83,3.79,1.0,0.0,0.0,0.0,-0.88,-7.16,-1.0,0.0,0.0,0.0,-0.88,-5.16,-1.0,0.0,0.0,0.0,-0.88,-3.16,-1.0,0.0,0.0,0.0,-0.88,-1.16,-1.0,0.0,0.0,0.0,-0.88,-7.16,1.0,0.0,0.0,0.0,-0.88,-5.16,1.0,0.0,0.0,0.0,-0.88,-3.16,1.0,0.0,0.0,0.0,-0.88,-1.16,1.0,0.0,0.0,0.0,-4.59,0.6659999999996136,0.004000000000002459,0.0,-1.1900000000000244,-0.10999999999999985,-4.59,2.6659999999998574,0.004000000000002459,0.0,-1.1899999999998023,-0.10999999999999985,9.9,0.2060000000000759,-0.3939999999999728,0.0,-0.7399999999999906,0.5100000000000104,0,0,0,0,0,0,0,0,0,0,0,0,0,0,0,0,0,0,0,0,0,0,0,0,0,0,0,0,0,0,0,0,0,0,0,0,0,0,0,0,0,0,0,0,0,0,0,0,0,0,0,0,0,0,0,0,0,0,0,0,0,0,0,0,0,0,0,0,0,0,0,0,0,0,0,0,0,0,0,0,0,0,0,0,0,0,0,0,0,0,0,0,0,0,0,0,0,0,0,0,0,0,0,0,0,0,0,0,0,0,0,0,0,0,0,0,0,0,0,0,0,0,0,0,0,0,0,0,0,0,0,0,0,0,0,0,0,0,0,0,0,0,0,0,0,0,0,0,0,0
6.103343771,-6.475416999999834,0.8399854072561934,1.9199682198204826,2.62299999999982,0.1923157792090846,0.6269685153961202,2.623,0.19231577920913695,0.6269685153961183,4.434579849243164,0.20088034868240356,0.4608936011791229,4.96271111702782,-0.24597138862398088,-0.5576705523038479,0.68,-7.58,-1.0,0.0,0.0,0.0,0.68,-5.58,-1.0,0.0,0.0,0.0,0.68,-3.58,-1.0,0.0,0.0,0.0,0.68,-1.58,-1.0,0.0,0.0,0.0,0.68,-7.58,1.0,0.0,0.0,0.0,0.68,-5.58,1.0,0.0,0.0,0.0,0.68,-3.58,1.0,0.0,0.0,0.0,0.68,-1.58,1.0,0.0,0.0,0.0,6.83,-0.21,-1.0,0.0,0.0,0.0,6.83,1.79,-1.0,0.0,0.0,0.0,6.83,3.79,-1.0,0.0,0.0,0.0,6.83,-0.21,1.0,0.0,0.0,0.0,6.83,1.79,1.0,0.0,0.0,0.0,6.83,3.79,1.0,0.0,0.0,0.0,-0.88,-7.16,-1.0,0.0,0.0,0.0,-0.88,-5.16,-1.0,0.0,0.0,0.0,-0.88,-3.16,-1.0,0.0,0.0,0.0,-0.88,-1.16,-1.0,0.0,0.0,0.0,-0.88,-7.16,1.0,0.0,0.0,0.0,-0.88,-5.16,1.0,0.0,0.0,0.0,-0.88,-3.16,1.0,0.0,0.0,0.0,-0.88,-1.16,1.0,0.0,0.0,0.0,-4.59,0.5469999999996111,-0.006999999999997533,0.0,-1.1900000000000244,-0.10999999999999985,-4.59,2.546999999999877,-0.006999999999997533,0.0,-1.1899999999998023,-0.10999999999999985,9.9,0.13200000000007683,-0.34299999999997177,0.0,-0.7399999999999906,0.5100000000000104,0,0,0,0,0,0,0,0,0,0,0,0,0,0,0,0,0,0,0,0,0,0,0,0,0,0,0,0,0,0,0,0,0,0,0,0,0,0,0,0,0,0,0,0,0,0,0,0,0,0,0,0,0,0,0,0,0,0,0,0,0,0,0,0,0,0,0,0,0,0,0,0,0,0,0,0,0,0,0,0,0,0,0,0,0,0,0,0,0,0,0,0,0,0,0,0,0,0,0,0,0,0,0,0,0,0,0,0,0,0,0,0,0,0,0,0,0,0,0,0,0,0,0,0,0,0,0,0,0,0,0,0,0,0,0,0,0,0,0,0,0,0,0,0,0,0,0,0,0,0
6.201090481,-6.259880999999848,0.8591272714300808,1.9644297010521719,2.7119999999998257,0.2510126829147197,0.5379685153961145,2.712,0.2510126829147339,0.5379685153961183,4.6381516456604,0.2510126829147339,0.20900915563106537,4.959479887765149,-0.2543879563690289,-0.5821048105860064,0.68,-7.58,-1.0,0.0,0.0,0.0,0.68,-5.58,-1.0,0.0,0.0,0.0,0.68,-3.58,-1.0,0.0,0.0,0.0,0.68,-1.58,-1.0,0.0,0.0,0.0,0.68,-7.58,1.0,0.0,0.0,0.0,0.68,-5.58,1.0,0.0,0.0,0.0,0.68,-3.58,1.0,0.0,0.0,0.0,0.68,-1.58,1.0,0.0,0.0,0.0,6.83,-0.21,-1.0,0.0,0.0,0.0,6.83,1.79,-1.0,0.0,0.0,0.0,6.83,3.79,-1.0,0.0,0.0,0.0,6.83,-0.21,1.0,0.0,0.0,0.0,6.83,1.79,1.0,0.0,0.0,0.0,6.83,3.79,1.0,0.0,0.0,0.0,-0.88,-7.16,-1.0,0.0,0.0,0.0,-0.88,-5.16,-1.0,0.0,0.0,0.0,-0.88,-3.16,-1.0,0.0,0.0,0.0,-0.88,-1.16,-1.0,0.0,0.0,0.0,-0.88,-7.16,1.0,0.0,0.0,0.0,-0.88,-5.16,1.0,0.0,0.0,0.0,-0.88,-3.16,1.0,0.0,0.0,0.0,-0.88,-1.16,1.0,0.0,0.0,0.0,-4.59,0.4517999999996092,-0.015799999999997583,0.0,-1.1900000000000244,-0.11000000000000057,-4.59,2.451799999999893,-0.015799999999997583,0.0,-1.1899999999998023,-0.11000000000000057,9.9,0.0728000000000766,-0.30219999999997094,0.0,-0.7400000000000045,0.5100000000000104,0,0,0,0,0,0,0,0,0,0,0,0,0,0,0,0,0,0,0,0,0,0,0,0,0,0,0,0,0,0,0,0,0,0,0,0,0,0,0,0,0,0,0,0,0,0,0,0,0,0,0,0,0,0,0,0,0,0,0,0,0,0,0,0,0,0,0,0,0,0,0,0,0,0,0,0,0,0,0,0,0,0,0,0,0,0,0,0,0,0,0,0,0,0,0,0,0,0,0,0,0,0,0,0,0,0,0,0,0,0,0,0,0,0,0,0,0,0,0,0,0,0,0,0,0,0,0,0,0,0,0,0,0,0,0,0,0,0,0,0,0,0,0,0,0,0,0,0,0,0
6.301604025,-6.0380809999998695,0.8743682860632597,2.0026271822838564,2.7999999999996916,0.1630126829147427,0.44996851539604865,2.8000000000000003,0.1630126829147339,0.4499685153961184,4.800328254699707,0.08550965785980225,0.2146344780921936,4.956240210533648,-0.264551830803644,-0.6047274628357979,0.68,-7.58,-1.0,0.0,0.0,0.0,0.68,-5.58,-1.0,0.0,0.0,0.0,0.68,-3.58,-1.0,0.0,0.0,0.0,0.68,-1.58,-1.0,0.0,0.0,0.0,0.68,-7.58,1.0,0.0,0.0,0.0,0.68,-5.58,1.0,0.0,0.0,0.0,0.68,-3.58,1.0,0.0,0.0,0.0,0.68,-1.58,1.0,0.0,0.0,0.0,6.83,-0.21,-1.0,0.0,0.0,0.0,6.83,1.79,-1.0,0.0,0.0,0.0,6.83,3.79,-1.0,0.0,0.0,0.0,6.83,-0.21,1.0,0.0,0.0,0.0,6.83,1.79,1.0,0.0,0.0,0.0,6.83,3.79,1.0,0.0,0.0,0.0,-0.88,-7.16,-1.0,0.0,0.0,0.0,-0.88,-5.16,-1.0,0.0,0.0,0.0,-0.88,-3.16,-1.0,0.0,0.0,0.0,-0.88,-1.16,-1.0,0.0,0.0,0.0,-0.88,-7.16,1.0,0.0,0.0,0.0,-0.88,-5.16,1.0,0.0,0.0,0.0,-0.88,-3.16,1.0,0.0,0.0,0.0,-0.88,-1.16,1.0,0.0,0.0,0.0,-4.59,0.35659999999960723,-0.024599999999997502,0.0,-1.1900000000000244,-0.10999999999999899,-4.59,2.3565999999999088,-0.024599999999997502,0.0,-1.1899999999998023,-0.10999999999999899,9.9,0.013600000000076619,-0.2613999999999701,0.0,-0.7400000000000005,0.5100000000000104,0,0,0,0,0,0,0,0,0,0,0,0,0,0,0,0,0,0,0,0,0,0,0,0,0,0,0,0,0,0,0,0,0,0,0,0,0,0,0,0,0,0,0,0,0,0,0,0,0,0,0,0,0,0,0,0,0,0,0,0,0,0,0,0,0,0,0,0,0,0,0,0,0,0,0,0,0,0,0,0,0,0,0,0,0,0,0,0,0,0,0,0,0,0,0,0,0,0,0,0,0,0,0,0,0,0,0,0,0,0,0,0,0,0,0,0,0,0,0,0,0,0,0,0,0,0,0,0,0,0,0,0,0,0,0,0,0,0,0,0,0,0,0,0,0,0,0,0,0,0
6.402556849,-5.809465999999884,0.8827943006964363,2.0340096635155573,2.870999999999846,0.09201268291469944,0.37896851539631626,2.8710000000000004,0.0920126829147339,0.37896851539611837,4.831908226013184,-0.02238011360168457,0.16731640696525574,4.953739003773862,-0.27136485510174513,-0.6219573923551002,0.68,-7.58,-1.0,0.0,0.0,0.0,0.68,-5.58,-1.0,0.0,0.0,0.0,0.68,-3.58,-1.0,0.0,0.0,0.0,0.68,-1.58,-1.0,0.0,0.0,0.0,0.68,-7.58,1.0,0.0,0.0,0.0,0.68,-5.58,1.0,0.0,0.0,0.0,0.68,-3.58,1.0,0.0,0.0,0.0,0.68,-1.58,1.0,0.0,0.0,0.0,6.83,-0.21,-1.0,0.0,0.0,0.0,6.83,1.79,-1.0,0.0,0.0,0.0,6.83,3.79,-1.0,0.0,0.0,0.0,6.83,-0.21,1.0,0.0,0.0,0.0,6.83,1.79,1.0,0.0,0.0,0.0,6.83,3.79,1.0,0.0,0.0,0.0,-0.88,-7.16,-1.0,0.0,0.0,0.0,-0.88,-5.16,-1.0,0.0,0.0,0.0,-0.88,-3.16,-1.0,0.0,0.0,0.0,-0.88,-1.16,-1.0,0.0,0.0,0.0,-0.88,-7.16,1.0,0.0,0.0,0.0,-0.88,-5.16,1.0,0.0,0.0,0.0,-0.88,-3.16,1.0,0.0,0.0,0.0,-0.88,-1.16,1.0,0.0,0.0,0.0,-4.59,0.2613999999996053,-0.033399999999997425,0.0,-1.1900000000000244,-0.10999999999999899,-4.59,2.2613999999999246,-0.033399999999997425,0.0,-1.1899999999998023,-0.10999999999999899,9.9,-0.04559999999992335,-0.22059999999996927,0.0,-0.7399999999999975,0.5100000000000104,0,0,0,0,0,0,0,0,0,0,0,0,0,0,0,0,0,0,0,0,0,0,0,0,0,0,0,0,0,0,0,0,0,0,0,0,0,0,0,0,0,0,0,0,0,0,0,0,0,0,0,0,0,0,0,0,0,0,0,0,0,0,0,0,0,0,0,0,0,0,0,0,0,0,0,0,0,0,0,0,0,0,0,0,0,0,0,0,0,0,0,0,0,0,0,0,0,0,0,0,0,0,0,0,0,0,0,0,0,0,0,0,0,0,0,0,0,0,0,0,0,0,0,0,0,0,0,0,0,0,0,0,0,0,0,0,0,0,0,0,0,0,0,0,0,0,0,0,0,0
6.501083479,-5.574541999999899,0.8849113153296146,2.0590831447472344,2.946999999999811,0.016012682914734455,0.3029685153959072,2.9470000000000005,0.0160126829147339,0.30296851539611835,4.942566871643066,-0.1304328441619873,0.10172894597053528,4.951213850227694,-0.27716419848515755,-0.6392663110093809,0.68,-7.58,-1.0,0.0,0.0,0.0,0.68,-5.58,-1.0,0.0,0.0,0.0,0.68,-3.58,-1.0,0.0,0.0,0.0,0.68,-1.58,-1.0,0.0,0.0,0.0,0.68,-7.58,1.0,0.0,0.0,0.0,0.68,-5.58,1.0,0.0,0.0,0.0,0.68,-3.58,1.0,0.0,0.0,0.0,0.68,-1.58,1.0,0.0,0.0,0.0,6.83,-0.21,-1.0,0.0,0.0,0.0,6.83,1.79,-1.0,0.0,0.0,0.0,6.83,3.79,-1.0,0.0,0.0,0.0,6.83,-0.21,1.0,0.0,0.0,0.0,6.83,1.79,1.0,0.0,0.0,0.0,6.83,3.79,1.0,0.0,0.0,0.0,-0.88,-7.16,-1.0,0.0,0.0,0.0,-0.88,-5.16,-1.0,0.0,0.0,0.0,-0.88,-3.16,-1.0,0.0,0.0,0.0,-0.88,-1.16,-1.0,0.0,0.0,0.0,-0.88,-7.16,1.0,0.0,0.0,0.0,-0.88,-5.16,1.0,0.0,0.0,0.0,-0.88,-3.16,1.0,0.0,0.0,0.0,-0.88,-1.16,1.0,0.0,0.0,0.0,-4.59,0.1661999999996053,-0.042199999999997344,0.0,-1.1899999999999964,-0.10999999999999899,-4.59,2.1661999999999404,-0.042199999999997344,0.0,-1.1899999999998023,-0.10999999999999899,9.9,-0.10479999999992355,-0.17979999999996843,0.0,-0.7400000000000045,0.5100000000000104,0,0,0,0,0,0,0,0,0,0,0,0,0,0,0,0,0,0,0,0,0,0,0,0,0,0,0,0,0,0,0,0,0,0,0,0,0,0,0,0,0,0,0,0,0,0,0,0,0,0,0,0,0,0,0,0,0,0,0,0,0,0,0,0,0,0,0,0,0,0,0,0,0,0,0,0,0,0,0,0,0,0,0,0,0,0,0,0,0,0,0,0,0,0,0,0,0,0,0,0,0,0,0,0,0,0,0,0,0,0,0,0,0,0,0,0,0,0,0,0,0,0,0,0,0,0,0,0,0,0,0,0,0,0,0,0,0,0,0,0,0,0,0,0,0,0,0,0,0,0
6.600769768,-5.333471999999905,0.8814524608951261,2.0780106259789246,3.0369999999999564,-0.06432408094403375,0.21296851539620576,3.0370000000000004,-0.06432408094406128,0.21296851539611836,4.945425987243652,-0.06432408094406128,0.060472916811704636,4.948382762647727,-0.28232643740999547,-0.6586348131326104,0.68,-7.58,-1.0,0.0,0.0,0.0,0.68,-5.58,-1.0,0.0,0.0,0.0,0.68,-3.58,-1.0,0.0,0.0,0.0,0.68,-1.58,-1.0,0.0,0.0,0.0,0.68,-7.58,1.0,0.0,0.0,0.0,0.68,-5.58,1.0,0.0,0.0,0.0,0.68,-3.58,1.0,0.0,0.0,0.0,0.68,-1.58,1.0,0.0,0.0,0.0,6.83,-0.21,-1.0,0.0,0.0,0.0,6.83,1.79,-1.0,0.0,0.0,0.0,6.83,3.79,-1.0,0.0,0.0,0.0,6.83,-0.21,1.0,0.0,0.0,0.0,6.83,1.79,1.0,0.0,0.0,0.0,6.83,3.79,1.0,0.0,0.0,0.0,-0.88,-7.16,-1.0,0.0,0.0,0.0,-0.88,-5.16,-1.0,0.0,0.0,0.0,-0.88,-3.16,-1.0,0.0,0.0,0.0,-0.88,-1.16,-1.0,0.0,0.0,0.0,-0.88,-7.16,1.0,0.0,0.0,0.0,-0.88,-5.16,1.0,0.0,0.0,0.0,-0.88,-3.16,1.0,0.0,0.0,0.0,-0.88,-1.16,1.0,0.0,0.0,0.0,-4.59,0.07099999999960557,-0.05099999999999726,0.0,-1.1899999999999964,-0.10999999999999899,-4.59,2.070999999999956,-0.05099999999999726,0.0,-1.1899999999998023,-0.10999999999999899,9.9,-0.16399999999992318,-0.1389999999999676,0.0,-0.7399999999999906,0.5100000000000104,0,0,0,0,0,0,0,0,0,0,0,0,0,0,0,0,0,0,0,0,0,0,0,0,0,0,0,0,0,0,0,0,0,0,0,0,0,0,0,0,0,0,0,0,0,0,0,0,0,0,0,0,0,0,0,0,0,0,0,0,0,0,0,0,0,0,0,0,0,0,0,0,0,0,0,0,0,0,0,0,0,0,0,0,0,0,0,0,0,0,0,0,0,0,0,0,0,0,0,0,0,0,0,0,0,0,0,0,0,0,0,0,0,0,0,0,0,0,0,0,0,0,0,0,0,0,0,0,0,0,0,0,0,0,0,0,0,0,0,0,0,0,0,0,0,0,0,0,0,0
6.700540552,-5.023493999999875,0.8785692542314729,2.093029477518543,3.123000000000431,-0.01570488326252395,0.12696851539617526,3.123,-0.015704883262515068,0.12696851539611836,4.943605899810791,-0.015704883262515068,0.03977757692337036,4.945943754314514,-0.28531733160638184,-0.6754512561556657,0.68,-7.58,-1.0,0.0,0.0,0.0,0.68,-5.58,-1.0,0.0,0.0,0.0,0.68,-3.58,-1.0,0.0,0.0,0.0,0.68,-1.58,-1.0,0.0,0.0,0.0,0.68,-7.58,1.0,0.0,0.0,0.0,0.68,-5.58,1.0,0.0,0.0,0.0,0.68,-3.58,1.0,0.0,0.0,0.0,0.68,-1.58,1.0,0.0,0.0,0.0,6.83,-0.21,-1.0,0.0,0.0,0.0,6.83,1.79,-1.0,0.0,0.0,0.0,6.83,3.79,-1.0,0.0,0.0,0.0,6.83,-0.21,1.0,0.0,0.0,0.0,6.83,1.79,1.0,0.0,0.0,0.0,6.83,3.79,1.0,0.0,0.0,0.0,-0.88,-7.16,-1.0,0.0,0.0,0.0,-0.88,-5.16,-1.0,0.0,0.0,0.0,-0.88,-3.16,-1.0,0.0,0.0,0.0,-0.88,-1.16,-1.0,0.0,0.0,0.0,-0.88,-7.16,1.0,0.0,0.0,0.0,-0.88,-5.16,1.0,0.0,0.0,0.0,-0.88,-3.16,1.0,0.0,0.0,0.0,-0.88,-1.16,1.0,0.0,0.0,0.0,-4.59,-0.04800000000039427,-0.06199999999999716,0.0,-1.1899999999999964,-0.10999999999999899,-4.59,1.9519999999999669,-0.06199999999999716,0.0,-1.1900000000000244,-0.10999999999999899,9.9,-0.23799999999992225,-0.08799999999996756,0.0,-0.7399999999999906,0.5099999999999965,0,0,0,0,0,0,0,0,0,0,0,0,0,0,0,0,0,0,0,0,0,0,0,0,0,0,0,0,0,0,0,0,0,0,0,0,0,0,0,0,0,0,0,0,0,0,0,0,0,0,0,0,0,0,0,0,0,0,0,0,0,0,0,0,0,0,0,0,0,0,0,0,0,0,0,0,0,0,0,0,0,0,0,0,0,0,0,0,0,0,0,0,0,0,0,0,0,0,0,0,0,0,0,0,0,0,0,0,0,0,0,0,0,0,0,0,0,0,0,0,0,0,0,0,0,0,0,0,0,0,0,0,0,0,0,0,0,0,0,0,0,0,0,0,0,0,0,0,0,0
6.802047976,-4.832243999999881,0.8766106305260417,2.096777588442307,3.2129999999996883,-0.039340481162053464,0.036968515396029744,3.213,-0.03934048116207123,0.03696851539611837,4.945003986358643,-0.03934048116207123,0.02052764967083931,4.943439637049528,-0.2899580305369152,-0.6916132556384249,0.68,-7.58,-1.0,0.0,0.0,0.0,0.68,-5.58,-1.0,0.0,0.0,0.0,0.68,-3.58,-1.0,0.0,0.0,0.0,0.68,-1.58,-1.0,0.0,0.0,0.0,0.68,-7.58,1.0,0.0,0.0,0.0,0.68,-5.58,1.0,0.0,0.0,0.0,0.68,-3.58,1.0,0.0,0.0,0.0,0.68,-1.58,1.0,0.0,0.0,0.0,6.83,-0.21,-1.0,0.0,0.0,0.0,6.83,1.79,-1.0,0.0,0.0,0.0,6.83,3.79,-1.0,0.0,0.0,0.0,6.83,-0.21,1.0,0.0,0.0,0.0,6.83,1.79,1.0,0.0,0.0,0.0,6.83,3.79,1.0,0.0,0.0,0.0,-0.88,-7.16,-1.0,0.0,0.0,0.0,-0.88,-5.16,-1.0,0.0,0.0,0.0,-0.88,-3.16,-1.0,0.0,0.0,0.0,-0.88,-1.16,-1.0,0.0,0.0,0.0,-0.88,-7.16,1.0,0.0,0.0,0.0,-0.88,-5.16,1.0,0.0,0.0,0.0,-0.88,-3.16,1.0,0.0,0.0,0.0,-0.88,-1.16,1.0,0.0,0.0,0.0,-4.59,-0.11940000000039407,-0.06859999999999711,0.0,-1.1899999999999964,-0.10999999999999899,-4.59,1.8805999999999654,-0.06859999999999711,0.0,-1.1900000000000244,-0.10999999999999899,9.9,-0.2823999999999229,-0.05739999999996777,0.0,-0.7400000000000183,0.5099999999999965,0,0,0,0,0,0,0,0,0,0,0,0,0,0,0,0,0,0,0,0,0,0,0,0,0,0,0,0,0,0,0,0,0,0,0,0,0,0,0,0,0,0,0,0,0,0,0,0,0,0,0,0,0,0,0,0,0,0,0,0,0,0,0,0,0,0,0,0,0,0,0,0,0,0,0,0,0,0,0,0,0,0,0,0,0,0,0,0,0,0,0,0,0,0,0,0,0,0,0,0,0,0,0,0,0,0,0,0,0,0,0,0,0,0,0,0,0,0,0,0,0,0,0,0,0,0,0,0,0,0,0,0,0,0,0,0,0,0,0,0,0,0,0,0,0,0,0,0,0,0
6.902306401,-4.636921999999872,0.8744103256788336,2.09790188789578,3.275000000000361,-0.03543501719827091,0.010290186852390804,3.275,-0.035435017198324203,0.01029018685221672,4.94381046295166,-0.035435017198324203,0.01029018685221672,4.941884790941685,-0.29293178688113614,-0.7014026527565216,0.68,-7.58,-1.0,0.0,0.0,0.0,0.68,-5.58,-1.0,0.0,0.0,0.0,0.68,-3.58,-1.0,0.0,0.0,0.0,0.68,-1.58,-1.0,0.0,0.0,0.0,0.68,-7.58,1.0,0.0,0.0,0.0,0.68,-5.58,1.0,0.0,0.0,0.0,0.68,-3.58,1.0,0.0,0.0,0.0,0.68,-1.58,1.0,0.0,0.0,0.0,6.83,-0.21,-1.0,0.0,0.0,0.0,6.83,1.79,-1.0,0.0,0.0,0.0,6.83,3.79,-1.0,0.0,0.0,0.0,6.83,-0.21,1.0,0.0,0.0,0.0,6.83,1.79,1.0,0.0,0.0,0.0,6.83,3.79,1.0,0.0,0.0,0.0,-0.88,-7.16,-1.0,0.0,0.0,0.0,-0.88,-5.16,-1.0,0.0,0.0,0.0,-0.88,-3.16,-1.0,0.0,0.0,0.0,-0.88,-1.16,-1.0,0.0,0.0,0.0,-0.88,-7.16,1.0,0.0,0.0,0.0,-0.88,-5.16,1.0,0.0,0.0,0.0,-0.88,-3.16,1.0,0.0,0.0,0.0,-0.88,-1.16,1.0,0.0,0.0,0.0,-4.59,-0.19080000000039388,-0.07519999999999705,0.0,-1.1899999999999964,-0.10999999999999899,-4.59,1.809199999999964,-0.07519999999999705,0.0,-1.1900000000000244,-0.10999999999999899,9.9,-0.326799999999924,-0.026799999999967943,0.0,-0.7400000000000183,0.5099999999999996,0,0,0,0,0,0,0,0,0,0,0,0,0,0,0,0,0,0,0,0,0,0,0,0,0,0,0,0,0,0,0,0,0,0,0,0,0,0,0,0,0,0,0,0,0,0,0,0,0,0,0,0,0,0,0,0,0,0,0,0,0,0,0,0,0,0,0,0,0,0,0,0,0,0,0,0,0,0,0,0,0,0,0,0,0,0,0,0,0,0,0,0,0,0,0,0,0,0,0,0,0,0,0,0,0,0,0,0,0,0,0,0,0,0,0,0,0,0,0,0,0,0,0,0,0,0,0,0,0,0,0,0,0,0,0,0,0,0,0,0,0,0,0,0,0,0,0,0,0,0
7.002191196,-4.504391999999857,0.8729685092892723,2.098268830834192,3.326000000000384,-0.03624887391928677,0.0088013689962807,3.326,-0.03624887391924858,0.008801368996500969,4.9425249099731445,-0.03624887391924858,0.008801368996500969,4.940553682705452,-0.2956399768281085,-0.7095958796432527,0.68,-7.58,-1.0,0.0,0.0,0.0,0.68,-5.58,-1.0,0.0,0.0,0.0,0.68,-3.58,-1.0,0.0,0.0,0.0,0.68,-1.58,-1.0,0.0,0.0,0.0,0.68,-7.58,1.0,0.0,0.0,0.0,0.68,-5.58,1.0,0.0,0.0,0.0,0.68,-3.58,1.0,0.0,0.0,0.0,0.68,-1.58,1.0,0.0,0.0,0.0,6.83,-0.21,-1.0,0.0,0.0,0.0,6.83,1.79,-1.0,0.0,0.0,0.0,6.83,3.79,-1.0,0.0,0.0,0.0,6.83,-0.21,1.0,0.0,0.0,0.0,6.83,1.79,1.0,0.0,0.0,0.0,6.83,3.79,1.0,0.0,0.0,0.0,-0.88,-7.16,-1.0,0.0,0.0,0.0,-0.88,-5.16,-1.0,0.0,0.0,0.0,-0.88,-3.16,-1.0,0.0,0.0,0.0,-0.88,-1.16,-1.0,0.0,0.0,0.0,-0.88,-7.16,1.0,0.0,0.0,0.0,-0.88,-5.16,1.0,0.0,0.0,0.0,-0.88,-3.16,1.0,0.0,0.0,0.0,-0.88,-1.16,1.0,0.0,0.0,0.0,-4.59,-0.23840000000039374,-0.079599999999997,0.0,-1.1899999999999964,-0.10999999999999899,-4.59,1.761599999999963,-0.079599999999997,0.0,-1.1900000000000244,-0.10999999999999899,9.9,-0.3563999999999247,-0.006399999999967942,0.0,-0.7400000000000183,0.5099999999999999,0,0,0,0,0,0,0,0,0,0,0,0,0,0,0,0,0,0,0,0,0,0,0,0,0,0,0,0,0,0,0,0,0,0,0,0,0,0,0,0,0,0,0,0,0,0,0,0,0,0,0,0,0,0,0,0,0,0,0,0,0,0,0,0,0,0,0,0,0,0,0,0,0,0,0,0,0,0,0,0,0,0,0,0,0,0,0,0,0,0,0,0,0,0,0,0,0,0,0,0,0,0,0,0,0,0,0,0,0,0,0,0,0,0,0,0,0,0,0,0,0,0,0,0,0,0,0,0,0,0,0,0,0,0,0,0,0,0,0,0,0,0,0,0,0,0,0,0,0,0
7.100772598,-4.235287999999835,0.870081893007105,2.0989724534826792,3.382000000000218,-0.03600269556047753,0.008792352862663222,3.382,-0.03600269556045532,0.008792352862656116,4.941169738769531,-0.03600269556045532,0.008792352862656116,4.939053645193228,-0.2986722790587392,-0.7187099273179329,0.68,-7.58,-1.0,0.0,0.0,0.0,0.68,-5.58,-1.0,0.0,0.0,0.0,0.68,-3.58,-1.0,0.0,0.0,0.0,0.68,-1.58,-1.0,0.0,0.0,0.0,0.68,-7.58,1.0,0.0,0.0,0.0,0.68,-5.58,1.0,0.0,0.0,0.0,0.68,-3.58,1.0,0.0,0.0,0.0,0.68,-1.58,1.0,0.0,0.0,0.0,6.83,-0.21,-1.0,0.0,0.0,0.0,6.83,1.79,-1.0,0.0,0.0,0.0,6.83,3.79,-1.0,0.0,0.0,0.0,6.83,-0.21,1.0,0.0,0.0,0.0,6.83,1.79,1.0,0.0,0.0,0.0,6.83,3.79,1.0,0.0,0.0,0.0,-0.88,-7.16,-1.0,0.0,0.0,0.0,-0.88,-5.16,-1.0,0.0,0.0,0.0,-0.88,-3.16,-1.0,0.0,0.0,0.0,-0.88,-1.16,-1.0,0.0,0.0,0.0,-0.88,-7.16,1.0,0.0,0.0,0.0,-0.88,-5.16,1.0,0.0,0.0,0.0,-0.88,-3.16,1.0,0.0,0.0,0.0,-0.88,-1.16,1.0,0.0,0.0,0.0,-4.59,-0.3336000000003954,-0.08839999999999693,0.0,-1.1900000000000244,-0.10999999999999899,-4.59,1.666399999999961,-0.08839999999999693,0.0,-1.1900000000000244,-0.10999999999999899,9.9,-0.4155999999999262,0.034400000000032044,0.0,-0.7400000000000183,0.5099999999999982,0,0,0,0,0,0,0,0,0,0,0,0,0,0,0,0,0,0,0,0,0,0,0,0,0,0,0,0,0,0,0,0,0,0,0,0,0,0,0,0,0,0,0,0,0,0,0,0,0,0,0,0,0,0,0,0,0,0,0,0,0,0,0,0,0,0,0,0,0,0,0,0,0,0,0,0,0,0,0,0,0,0,0,0,0,0,0,0,0,0,0,0,0,0,0,0,0,0,0,0,0,0,0,0,0,0,0,0,0,0,0,0,0,0,0,0,0,0,0,0,0,0,0,0,0,0,0,0,0,0,0,0,0,0,0,0,0,0,0,0,0,0,0,0,0,0,0,0,0,0
7.209099196,-4.0291999999998485,0.8679384664695906,2.0994964029083385,3.4479999999996735,-0.035654045641431154,0.008717524818901978,3.448,-0.03565404564142227,0.008717524819076061,4.939656734466553,-0.03565404564142227,0.008717524819076061,4.9372231885958255,-0.30233835659009817,-0.7296702708251628,0.68,-7.58,-1.0,0.0,0.0,0.0,0.68,-5.58,-1.0,0.0,0.0,0.0,0.68,-3.58,-1.0,0.0,0.0,0.0,0.68,-1.58,-1.0,0.0,0.0,0.0,0.68,-7.58,1.0,0.0,0.0,0.0,0.68,-5.58,1.0,0.0,0.0,0.0,0.68,-3.58,1.0,0.0,0.0,0.0,0.68,-1.58,1.0,0.0,0.0,0.0,6.83,-0.21,-1.0,0.0,0.0,0.0,6.83,1.79,-1.0,0.0,0.0,0.0,6.83,3.79,-1.0,0.0,0.0,0.0,6.83,-0.21,1.0,0.0,0.0,0.0,6.83,1.79,1.0,0.0,0.0,0.0,6.83,3.79,1.0,0.0,0.0,0.0,-0.88,-7.16,-1.0,0.0,0.0,0.0,-0.88,-5.16,-1.0,0.0,0.0,0.0,-0.88,-3.16,-1.0,0.0,0.0,0.0,-0.88,-1.16,-1.0,0.0,0.0,0.0,-0.88,-7.16,1.0,0.0,0.0,0.0,-0.88,-5.16,1.0,0.0,0.0,0.0,-0.88,-3.16,1.0,0.0,0.0,0.0,-0.88,-1.16,1.0,0.0,0.0,0.0,-4.59,-0.4050000000003969,-0.09499999999999686,0.0,-1.1900000000000244,-0.10999999999999899,-4.59,1.5949999999999596,-0.09499999999999686,0.0,-1.1900000000000244,-0.10999999999999899,9.9,-0.4599999999999273,0.06500000000003184,0.0,-0.7400000000000183,0.5099999999999965,0,0,0,0,0,0,0,0,0,0,0,0,0,0,0,0,0,0,0,0,0,0,0,0,0,0,0,0,0,0,0,0,0,0,0,0,0,0,0,0,0,0,0,0,0,0,0,0,0,0,0,0,0,0,0,0,0,0,0,0,0,0,0,0,0,0,0,0,0,0,0,0,0,0,0,0,0,0,0,0,0,0,0,0,0,0,0,0,0,0,0,0,0,0,0,0,0,0,0,0,0,0,0,0,0,0,0,0,0,0,0,0,0,0,0,0,0,0,0,0,0,0,0,0,0,0,0,0,0,0,0,0,0,0,0,0,0,0,0,0,0,0,0,0,0,0,0,0,0,0
7.307048103,-3.819351999999853,0.8658143766883969,2.100013614110875,3.5039999999999516,-0.035368140786862234,0.008607330732157692,3.504,-0.035368140786886215,0.008607330732047558,4.937838554382324,-0.035368140786886215,0.008607330732047558,4.9354862362122836,-0.3057858856935242,-0.7399125652870984,0.68,-7.58,-1.0,0.0,0.0,0.0,0.68,-5.58,-1.0,0.0,0.0,0.0,0.68,-3.58,-1.0,0.0,0.0,0.0,0.68,-1.58,-1.0,0.0,0.0,0.0,0.68,-7.58,1.0,0.0,0.0,0.0,0.68,-5.58,1.0,0.0,0.0,0.0,0.68,-3.58,1.0,0.0,0.0,0.0,0.68,-1.58,1.0,0.0,0.0,0.0,6.83,-0.21,-1.0,0.0,0.0,0.0,6.83,1.79,-1.0,0.0,0.0,0.0,6.83,3.79,-1.0,0.0,0.0,0.0,6.83,-0.21,1.0,0.0,0.0,0.0,6.83,1.79,1.0,0.0,0.0,0.0,6.83,3.79,1.0,0.0,0.0,0.0,-0.88,-7.16,-1.0,0.0,0.0,0.0,-0.88,-5.16,-1.0,0.0,0.0,0.0,-0.88,-3.16,-1.0,0.0,0.0,0.0,-0.88,-1.16,-1.0,0.0,0.0,0.0,-0.88,-7.16,1.0,0.0,0.0,0.0,-0.88,-5.16,1.0,0.0,0.0,0.0,-0.88,-3.16,1.0,0.0,0.0,0.0,-0.88,-1.16,1.0,0.0,0.0,0.0,-4.59,-0.47640000000039834,-0.1015999999999968,0.0,-1.1900000000000244,-0.10999999999999899,-4.59,1.523599999999958,-0.1015999999999968,0.0,-1.1900000000000244,-0.10999999999999899,9.9,-0.5043999999999281,0.09560000000003163,0.0,-0.7399999999999907,0.5099999999999965,0,0,0,0,0,0,0,0,0,0,0,0,0,0,0,0,0,0,0,0,0,0,0,0,0,0,0,0,0,0,0,0,0,0,0,0,0,0,0,0,0,0,0,0,0,0,0,0,0,0,0,0,0,0,0,0,0,0,0,0,0,0,0,0,0,0,0,0,0,0,0,0,0,0,0,0,0,0,0,0,0,0,0,0,0,0,0,0,0,0,0,0,0,0,0,0,0,0,0,0,0,0,0,0,0,0,0,0,0,0,0,0,0,0,0,0,0,0,0,0,0,0,0,0,0,0,0,0,0,0,0,0,0,0,0,0,0,0,0,0,0,0,0,0,0,0,0,0,0,0
7.401114403,-3.677119999999861,0.8644092970777512,2.1003521650687214,3.5599999999997864,-0.03510743752122014,0.008452134206748951,3.56,-0.035107437521219254,0.00845213420689106,4.936145305633545,-0.035107437521219254,0.00845213420689106,4.933695081166842,-0.30930824701493226,-0.7503207676711726,0.68,-7.58,-1.0,0.0,0.0,0.0,0.68,-5.58,-1.0,0.0,0.0,0.0,0.68,-3.58,-1.0,0.0,0.0,0.0,0.68,-1.58,-1.0,0.0,0.0,0.0,0.68,-7.58,1.0,0.0,0.0,0.0,0.68,-5.58,1.0,0.0,0.0,0.0,0.68,-3.58,1.0,0.0,0.0,0.0,0.68,-1.58,1.0,0.0,0.0,0.0,6.83,-0.21,-1.0,0.0,0.0,0.0,6.83,1.79,-1.0,0.0,0.0,0.0,6.83,3.79,-1.0,0.0,0.0,0.0,6.83,-0.21,1.0,0.0,0.0,0.0,6.83,1.79,1.0,0.0,0.0,0.0,6.83,3.79,1.0,0.0,0.0,0.0,-0.88,-7.16,-1.0,0.0,0.0,0.0,-0.88,-5.16,-1.0,0.0,0.0,0.0,-0.88,-3.16,-1.0,0.0,0.0,0.0,-0.88,-1.16,-1.0,0.0,0.0,0.0,-0.88,-7.16,1.0,0.0,0.0,0.0,-0.88,-5.16,1.0,0.0,0.0,0.0,-0.88,-3.16,1.0,0.0,0.0,0.0,-0.88,-1.16,1.0,0.0,0.0,0.0,-4.59,-0.5240000000003993,-0.10599999999999676,0.0,-1.1900000000000244,-0.10999999999999899,-4.59,1.4759999999999571,-0.10599999999999676,0.0,-1.1900000000000244,-0.10999999999999899,9.9,-0.5339999999999266,0.1160000000000315,0.0,-0.7399999999999629,0.5099999999999965,0,0,0,0,0,0,0,0,0,0,0,0,0,0,0,0,0,0,0,0,0,0,0,0,0,0,0,0,0,0,0,0,0,0,0,0,0,0,0,0,0,0,0,0,0,0,0,0,0,0,0,0,0,0,0,0,0,0,0,0,0,0,0,0,0,0,0,0,0,0,0,0,0,0,0,0,0,0,0,0,0,0,0,0,0,0,0,0,0,0,0,0,0,0,0,0,0,0,0,0,0,0,0,0,0,0,0,0,0,0,0,0,0,0,0,0,0,0,0,0,0,0,0,0,0,0,0,0,0,0,0,0,0,0,0,0,0,0,0,0,0,0,0,0,0,0,0,0,0,0
7.505324385,-3.3890369999998655,0.8616135883879145,2.101025128766179,3.6089999999999733,-0.034915104508370653,0.00840426795178928,3.609,-0.03491510450839996,0.008404267951846123,4.934353351593018,-0.03491510450839996,0.008404267951846123,4.932037573890557,-0.3125395780331058,-0.759818650662535,0.68,-7.58,-1.0,0.0,0.0,0.0,0.68,-5.58,-1.0,0.0,0.0,0.0,0.68,-3.58,-1.0,0.0,0.0,0.0,0.68,-1.58,-1.0,0.0,0.0,0.0,0.68,-7.58,1.0,0.0,0.0,0.0,0.68,-5.58,1.0,0.0,0.0,0.0,0.68,-3.58,1.0,0.0,0.0,0.0,0.68,-1.58,1.0,0.0,0.0,0.0,6.83,-0.21,-1.0,0.0,0.0,0.0,6.83,1.79,-1.0,0.0,0.0,0.0,6.83,3.79,-1.0,0.0,0.0,0.0,6.83,-0.21,1.0,0.0,0.0,0.0,6.83,1.79,1.0,0.0,0.0,0.0,6.83,3.79,1.0,0.0,0.0,0.0,-0.88,-7.16,-1.0,0.0,0.0,0.0,-0.88,-5.16,-1.0,0.0,0.0,0.0,-0.88,-3.16,-1.0,0.0,0.0,0.0,-0.88,-1.16,-1.0,0.0,0.0,0.0,-0.88,-7.16,1.0,0.0,0.0,0.0,-0.88,-5.16,1.0,0.0,0.0,0.0,-0.88,-3.16,1.0,0.0,0.0,0.0,-0.88,-1.16,1.0,0.0,0.0,0.0,-4.59,-0.6192000000004012,-0.11479999999999668,0.0,-1.1900000000000244,-0.10999999999999899,-4.59,1.3807999999999552,-0.11479999999999668,0.0,-1.1900000000000244,-0.10999999999999899,9.9,-0.5931999999999237,0.15680000000003208,0.0,-0.7399999999999629,0.5100000000000104,0,0,0,0,0,0,0,0,0,0,0,0,0,0,0,0,0,0,0,0,0,0,0,0,0,0,0,0,0,0,0,0,0,0,0,0,0,0,0,0,0,0,0,0,0,0,0,0,0,0,0,0,0,0,0,0,0,0,0,0,0,0,0,0,0,0,0,0,0,0,0,0,0,0,0,0,0,0,0,0,0,0,0,0,0,0,0,0,0,0,0,0,0,0,0,0,0,0,0,0,0,0,0,0,0,0,0,0,0,0,0,0,0,0,0,0,0,0,0,0,0,0,0,0,0,0,0,0,0,0,0,0,0,0,0,0,0,0,0,0,0,0,0,0,0,0,0,0,0,0
7.60144033,-3.0949569999998623,0.8588460675392541,2.1016916851021668,3.6890000000000525,-0.034531708806739836,0.008317923173351005,3.689,-0.03453170880675316,0.008317923173308372,4.932687759399414,-0.03453170880675316,0.008317923173308372,4.929266259486576,-0.31787085636818097,-0.7754303719606153,0.68,-7.58,-1.0,0.0,0.0,0.0,0.68,-5.58,-1.0,0.0,0.0,0.0,0.68,-3.58,-1.0,0.0,0.0,0.0,0.68,-1.58,-1.0,0.0,0.0,0.0,0.68,-7.58,1.0,0.0,0.0,0.0,0.68,-5.58,1.0,0.0,0.0,0.0,0.68,-3.58,1.0,0.0,0.0,0.0,0.68,-1.58,1.0,0.0,0.0,0.0,6.83,-0.21,-1.0,0.0,0.0,0.0,6.83,1.79,-1.0,0.0,0.0,0.0,6.83,3.79,-1.0,0.0,0.0,0.0,6.83,-0.21,1.0,0.0,0.0,0.0,6.83,1.79,1.0,0.0,0.0,0.0,6.83,3.79,1.0,0.0,0.0,0.0,-0.88,-7.16,-1.0,0.0,0.0,0.0,-0.88,-5.16,-1.0,0.0,0.0,0.0,-0.88,-3.16,-1.0,0.0,0.0,0.0,-0.88,-1.16,-1.0,0.0,0.0,0.0,-0.88,-7.16,1.0,0.0,0.0,0.0,-0.88,-5.16,1.0,0.0,0.0,0.0,-0.88,-3.16,1.0,0.0,0.0,0.0,-0.88,-1.16,1.0,0.0,0.0,0.0,-4.59,-0.7144000000004032,-0.1235999999999966,0.0,-1.1900000000000244,-0.10999999999999899,-4.59,1.2855999999999532,-0.1235999999999966,0.0,-1.1900000000000244,-0.10999999999999899,9.9,-0.6523999999999207,0.19760000000003292,0.0,-0.7399999999999629,0.5100000000000104,0,0,0,0,0,0,0,0,0,0,0,0,0,0,0,0,0,0,0,0,0,0,0,0,0,0,0,0,0,0,0,0,0,0,0,0,0,0,0,0,0,0,0,0,0,0,0,0,0,0,0,0,0,0,0,0,0,0,0,0,0,0,0,0,0,0,0,0,0,0,0,0,0,0,0,0,0,0,0,0,0,0,0,0,0,0,0,0,0,0,0,0,0,0,0,0,0,0,0,0,0,0,0,0,0,0,0,0,0,0,0,0,0,0,0,0,0,0,0,0,0,0,0,0,0,0,0,0,0,0,0,0,0,0,0,0,0,0,0,0,0,0,0,0,0,0,0,0,0,0
7.70154586,-2.794644999999866,0.8561036506060744,2.102351382271611,3.7769999999999184,-0.03419069573284972,0.008220691233962185,3.777,-0.034190695732831955,0.008220691233873367,4.9299235343933105,-0.034190695732831955,0.008220691233873367,4.925649864692419,-0.3247041091270697,-0.7953242432942342,0.68,-7.58,-1.0,0.0,0.0,0.0,0.68,-5.58,-1.0,0.0,0.0,0.0,0.68,-3.58,-1.0,0.0,0.0,0.0,0.68,-1.58,-1.0,0.0,0.0,0.0,0.68,-7.58,1.0,0.0,0.0,0.0,0.68,-5.58,1.0,0.0,0.0,0.0,0.68,-3.58,1.0,0.0,0.0,0.0,0.68,-1.58,1.0,0.0,0.0,0.0,6.83,-0.21,-1.0,0.0,0.0,0.0,6.83,1.79,-1.0,0.0,0.0,0.0,6.83,3.79,-1.0,0.0,0.0,0.0,6.83,-0.21,1.0,0.0,0.0,0.0,6.83,1.79,1.0,0.0,0.0,0.0,6.83,3.79,1.0,0.0,0.0,0.0,-0.88,-7.16,-1.0,0.0,0.0,0.0,-0.88,-5.16,-1.0,0.0,0.0,0.0,-0.88,-3.16,-1.0,0.0,0.0,0.0,-0.88,-1.16,-1.0,0.0,0.0,0.0,-0.88,-7.16,1.0,0.0,0.0,0.0,-0.88,-5.16,1.0,0.0,0.0,0.0,-0.88,-3.16,1.0,0.0,0.0,0.0,-0.88,-1.16,1.0,0.0,0.0,0.0,-4.59,-0.8096000000004051,-0.13239999999999652,0.0,-1.1900000000000244,-0.10999999999999899,-4.59,1.1903999999999513,-0.13239999999999652,0.0,-1.1900000000000244,-0.10999999999999899,9.9,-0.7115999999999177,0.23840000000003375,0.0,-0.7399999999999629,0.5100000000000104,0,0,0,0,0,0,0,0,0,0,0,0,0,0,0,0,0,0,0,0,0,0,0,0,0,0,0,0,0,0,0,0,0,0,0,0,0,0,0,0,0,0,0,0,0,0,0,0,0,0,0,0,0,0,0,0,0,0,0,0,0,0,0,0,0,0,0,0,0,0,0,0,0,0,0,0,0,0,0,0,0,0,0,0,0,0,0,0,0,0,0,0,0,0,0,0,0,0,0,0,0,0,0,0,0,0,0,0,0,0,0,0,0,0,0,0,0,0,0,0,0,0,0,0,0,0,0,0,0,0,0,0,0,0,0,0,0,0,0,0,0,0,0,0,0,0,0,0,0,0
7.80150001,-2.4879269999998708,0.8533934927795295,2.102999356031636,3.86299999999995,-0.03371715173128287,0.008038020692602288,3.863,-0.03371715173125267,0.008038020692765713,4.926349639892578,-0.03371715173125267,0.008038020692765713,4.921958134888955,-0.3315457095597848,-0.8151107660146152,0.68,-7.58,-1.0,0.0,0.0,0.0,0.68,-5.58,-1.0,0.0,0.0,0.0,0.68,-3.58,-1.0,0.0,0.0,0.0,0.68,-1.58,-1.0,0.0,0.0,0.0,0.68,-7.58,1.0,0.0,0.0,0.0,0.68,-5.58,1.0,0.0,0.0,0.0,0.68,-3.58,1.0,0.0,0.0,0.0,0.68,-1.58,1.0,0.0,0.0,0.0,6.83,-0.21,-1.0,0.0,0.0,0.0,6.83,1.79,-1.0,0.0,0.0,0.0,6.83,3.79,-1.0,0.0,0.0,0.0,6.83,-0.21,1.0,0.0,0.0,0.0,6.83,1.79,1.0,0.0,0.0,0.0,6.83,3.79,1.0,0.0,0.0,0.0,-0.88,-7.16,-1.0,0.0,0.0,0.0,-0.88,-5.16,-1.0,0.0,0.0,0.0,-0.88,-3.16,-1.0,0.0,0.0,0.0,-0.88,-1.16,-1.0,0.0,0.0,0.0,-0.88,-7.16,1.0,0.0,0.0,0.0,-0.88,-5.16,1.0,0.0,0.0,0.0,-0.88,-3.16,1.0,0.0,0.0,0.0,-0.88,-1.16,1.0,0.0,0.0,0.0,-4.59,-0.9048000000004071,-0.14119999999999644,0.0,-1.1900000000000244,-0.10999999999999899,-4.59,1.0951999999999493,-0.14119999999999644,0.0,-1.1900000000000244,-0.10999999999999899,9.9,-0.7707999999999148,0.2792000000000346,0.0,-0.7399999999999629,0.5100000000000104,0,0,0,0,0,0,0,0,0,0,0,0,0,0,0,0,0,0,0,0,0,0,0,0,0,0,0,0,0,0,0,0,0,0,0,0,0,0,0,0,0,0,0,0,0,0,0,0,0,0,0,0,0,0,0,0,0,0,0,0,0,0,0,0,0,0,0,0,0,0,0,0,0,0,0,0,0,0,0,0,0,0,0,0,0,0,0,0,0,0,0,0,0,0,0,0,0,0,0,0,0,0,0,0,0,0,0,0,0,0,0,0,0,0,0,0,0,0,0,0,0,0,0,0,0,0,0,0,0,0,0,0,0,0,0,0,0,0,0,0,0,0,0,0,0,0,0,0,0,0
7.902120677,-2.174651999999869,0.8507134027842661,2.103640415930412,3.9400000000000546,-0.033402930945114484,0.008001988753836287,3.94,-0.033402930945158005,0.008001988753676414,4.922630786895752,-0.033402930945158005,0.008001988753676414,4.918392639943977,-0.33802923268053864,-0.8337566054900741,0.68,-7.58,-1.0,0.0,0.0,0.0,0.68,-5.58,-1.0,0.0,0.0,0.0,0.68,-3.58,-1.0,0.0,0.0,0.0,0.68,-1.58,-1.0,0.0,0.0,0.0,0.68,-7.58,1.0,0.0,0.0,0.0,0.68,-5.58,1.0,0.0,0.0,0.0,0.68,-3.58,1.0,0.0,0.0,0.0,0.68,-1.58,1.0,0.0,0.0,0.0,6.83,-0.21,-1.0,0.0,0.0,0.0,6.83,1.79,-1.0,0.0,0.0,0.0,6.83,3.79,-1.0,0.0,0.0,0.0,6.83,-0.21,1.0,0.0,0.0,0.0,6.83,1.79,1.0,0.0,0.0,0.0,6.83,3.79,1.0,0.0,0.0,0.0,-0.88,-7.16,-1.0,0.0,0.0,0.0,-0.88,-5.16,-1.0,0.0,0.0,0.0,-0.88,-3.16,-1.0,0.0,0.0,0.0,-0.88,-1.16,-1.0,0.0,0.0,0.0,-0.88,-7.16,1.0,0.0,0.0,0.0,-0.88,-5.16,1.0,0.0,0.0,0.0,-0.88,-3.16,1.0,0.0,0.0,0.0,-0.88,-1.16,1.0,0.0,0.0,0.0,-4.59,-1.000000000000409,-0.14999999999999636,0.0,-1.1900000000000244,-0.10999999999999899,-4.59,0.9999999999999474,-0.14999999999999636,0.0,-1.1900000000000244,-0.10999999999999899,9.9,-0.8299999999999118,0.3200000000000354,0.0,-0.7399999999999629,0.5100000000000104,0,0,0,0,0,0,0,0,0,0,0,0,0,0,0,0,0,0,0,0,0,0,0,0,0,0,0,0,0,0,0,0,0,0,0,0,0,0,0,0,0,0,0,0,0,0,0,0,0,0,0,0,0,0,0,0,0,0,0,0,0,0,0,0,0,0,0,0,0,0,0,0,0,0,0,0,0,0,0,0,0,0,0,0,0,0,0,0,0,0,0,0,0,0,0,0,0,0,0,0,0,0,0,0,0,0,0,0,0,0,0,0,0,0,0,0,0,0,0,0,0,0,0,0,0,0,0,0,0,0,0,0,0,0,0,0,0,0,0,0,0,0,0,0,0,0,0,0,0,0
8.001358259,-1.9351859999998662,0.8487193124804867,2.1041164835498125,4.013000000000045,-0.033162798732555565,0.007905519567419361,4.013,-0.03316279873251915,0.00790551956743002,4.919099807739258,-0.03316279873251915,0.00790551956743002,4.914496306449128,-0.34497831669406237,-0.8536486483962851,0.68,-7.58,-1.0,0.0,0.0,0.0,0.68,-5.58,-1.0,0.0,0.0,0.0,0.68,-3.58,-1.0,0.0,0.0,0.0,0.68,-1.58,-1.0,0.0,0.0,0.0,0.68,-7.58,1.0,0.0,0.0,0.0,0.68,-5.58,1.0,0.0,0.0,0.0,0.68,-3.58,1.0,0.0,0.0,0.0,0.68,-1.58,1.0,0.0,0.0,0.0,6.83,-0.21,-1.0,0.0,0.0,0.0,6.83,1.79,-1.0,0.0,0.0,0.0,6.83,3.79,-1.0,0.0,0.0,0.0,6.83,-0.21,1.0,0.0,0.0,0.0,6.83,1.79,1.0,0.0,0.0,0.0,6.83,3.79,1.0,0.0,0.0,0.0,-0.88,-7.16,-1.0,0.0,0.0,0.0,-0.88,-5.16,-1.0,0.0,0.0,0.0,-0.88,-3.16,-1.0,0.0,0.0,0.0,-0.88,-1.16,-1.0,0.0,0.0,0.0,-0.88,-7.16,1.0,0.0,0.0,0.0,-0.88,-5.16,1.0,0.0,0.0,0.0,-0.88,-3.16,1.0,0.0,0.0,0.0,-0.88,-1.16,1.0,0.0,0.0,0.0,-4.59,-1.0714000000004105,-0.1565999999999963,0.0,-1.1900000000000244,-0.10999999999999899,-4.59,0.9285999999999459,-0.1565999999999963,0.0,-1.1900000000000244,-0.10999999999999899,9.9,-0.8743999999999096,0.35060000000003605,0.0,-0.7399999999999629,0.5100000000000104,0,0,0,0,0,0,0,0,0,0,0,0,0,0,0,0,0,0,0,0,0,0,0,0,0,0,0,0,0,0,0,0,0,0,0,0,0,0,0,0,0,0,0,0,0,0,0,0,0,0,0,0,0,0,0,0,0,0,0,0,0,0,0,0,0,0,0,0,0,0,0,0,0,0,0,0,0,0,0,0,0,0,0,0,0,0,0,0,0,0,0,0,0,0,0,0,0,0,0,0,0,0,0,0,0,0,0,0,0,0,0,0,0,0,0,0,0,0,0,0,0,0,0,0,0,0,0,0,0,0,0,0,0,0,0,0,0,0,0,0,0,0,0,0,0,0,0,0,0,0
8.101324439,-1.6103939999998604,0.8460837941978355,2.1047439255744567,4.080000000000084,-0.032850198447675893,0.007816242054037303,4.08,-0.032850198447704315,0.007816242054104805,4.915221214294434,-0.032850198447704315,0.007816242054104805,4.910701916766399,-0.35161377188295273,-0.8725677280813499,0.68,-7.58,-1.0,0.0,0.0,0.0,0.68,-5.58,-1.0,0.0,0.0,0.0,0.68,-3.58,-1.0,0.0,0.0,0.0,0.68,-1.58,-1.0,0.0,0.0,0.0,0.68,-7.58,1.0,0.0,0.0,0.0,0.68,-5.58,1.0,0.0,0.0,0.0,0.68,-3.58,1.0,0.0,0.0,0.0,0.68,-1.58,1.0,0.0,0.0,0.0,6.83,-0.21,-1.0,0.0,0.0,0.0,6.83,1.79,-1.0,0.0,0.0,0.0,6.83,3.79,-1.0,0.0,0.0,0.0,6.83,-0.21,1.0,0.0,0.0,0.0,6.83,1.79,1.0,0.0,0.0,0.0,6.83,3.79,1.0,0.0,0.0,0.0,-0.88,-7.16,-1.0,0.0,0.0,0.0,-0.88,-5.16,-1.0,0.0,0.0,0.0,-0.88,-3.16,-1.0,0.0,0.0,0.0,-0.88,-1.16,-1.0,0.0,0.0,0.0,-0.88,-7.16,1.0,0.0,0.0,0.0,-0.88,-5.16,1.0,0.0,0.0,0.0,-0.88,-3.16,1.0,0.0,0.0,0.0,-0.88,-1.16,1.0,0.0,0.0,0.0,-4.59,-1.1666000000004124,-0.16539999999999622,0.0,-1.1900000000000244,-0.10999999999999899,-4.59,0.833399999999944,-0.16539999999999622,0.0,-1.1900000000000244,-0.10999999999999899,9.9,-0.9335999999999066,0.3914000000000369,0.0,-0.7399999999999629,0.5100000000000104,0,0,0,0,0,0,0,0,0,0,0,0,0,0,0,0,0,0,0,0,0,0,0,0,0,0,0,0,0,0,0,0,0,0,0,0,0,0,0,0,0,0,0,0,0,0,0,0,0,0,0,0,0,0,0,0,0,0,0,0,0,0,0,0,0,0,0,0,0,0,0,0,0,0,0,0,0,0,0,0,0,0,0,0,0,0,0,0,0,0,0,0,0,0,0,0,0,0,0,0,0,0,0,0,0,0,0,0,0,0,0,0,0,0,0,0,0,0,0,0,0,0,0,0,0,0,0,0,0,0,0,0,0,0,0,0,0,0,0,0,0,0,0,0,0,0,0,0,0,0
8.20078574,-1.2794909999998572,0.8434726855930184,2.1053655705407475,4.159000000000023,-0.03255357965825656,0.007752129807858665,4.159,-0.03255357965826988,0.0077521298080682755,4.9114227294921875,-0.03255357965826988,0.0077521298080682755,4.905810993676503,-0.35998301374799585,-0.8963429723803678,0.68,-7.58,-1.0,0.0,0.0,0.0,0.68,-5.58,-1.0,0.0,0.0,0.0,0.68,-3.58,-1.0,0.0,0.0,0.0,0.68,-1.58,-1.0,0.0,0.0,0.0,0.68,-7.58,1.0,0.0,0.0,0.0,0.68,-5.58,1.0,0.0,0.0,0.0,0.68,-3.58,1.0,0.0,0.0,0.0,0.68,-1.58,1.0,0.0,0.0,0.0,6.83,-0.21,-1.0,0.0,0.0,0.0,6.83,1.79,-1.0,0.0,0.0,0.0,6.83,3.79,-1.0,0.0,0.0,0.0,6.83,-0.21,1.0,0.0,0.0,0.0,6.83,1.79,1.0,0.0,0.0,0.0,6.83,3.79,1.0,0.0,0.0,0.0,-0.88,-7.16,-1.0,0.0,0.0,0.0,-0.88,-5.16,-1.0,0.0,0.0,0.0,-0.88,-3.16,-1.0,0.0,0.0,0.0,-0.88,-1.16,-1.0,0.0,0.0,0.0,-0.88,-7.16,1.0,0.0,0.0,0.0,-0.88,-5.16,1.0,0.0,0.0,0.0,-0.88,-3.16,1.0,0.0,0.0,0.0,-0.88,-1.16,1.0,0.0,0.0,0.0,-4.59,-1.2618000000004144,-0.17419999999999614,0.0,-1.1900000000000244,-0.10999999999999899,-4.59,0.738199999999942,-0.17419999999999614,0.0,-1.1900000000000244,-0.10999999999999899,9.9,-0.9927999999999036,0.4322000000000377,0.0,-0.7399999999999629,0.5100000000000104,0,0,0,0,0,0,0,0,0,0,0,0,0,0,0,0,0,0,0,0,0,0,0,0,0,0,0,0,0,0,0,0,0,0,0,0,0,0,0,0,0,0,0,0,0,0,0,0,0,0,0,0,0,0,0,0,0,0,0,0,0,0,0,0,0,0,0,0,0,0,0,0,0,0,0,0,0,0,0,0,0,0,0,0,0,0,0,0,0,0,0,0,0,0,0,0,0,0,0,0,0,0,0,0,0,0,0,0,0,0,0,0,0,0,0,0,0,0,0,0,0,0,0,0,0,0,0,0,0,0,0,0,0,0,0,0,0,0,0,0,0,0,0,0,0,0,0,0,0,0
8.300995989,-0.9422609999998584,0.8408825022753555,2.105980394398064,4.24100000000005,-0.0322971604764799,0.007654920220367956,4.241,-0.03229716047644615,0.007654920220375061,4.906583786010742,-0.03229716047644615,0.007654920220375061,4.900184253594942,-0.3693701079779263,-0.9229084484132557,0.68,-7.58,-1.0,0.0,0.0,0.0,0.68,-5.58,-1.0,0.0,0.0,0.0,0.68,-3.58,-1.0,0.0,0.0,0.0,0.68,-1.58,-1.0,0.0,0.0,0.0,0.68,-7.58,1.0,0.0,0.0,0.0,0.68,-5.58,1.0,0.0,0.0,0.0,0.68,-3.58,1.0,0.0,0.0,0.0,0.68,-1.58,1.0,0.0,0.0,0.0,6.83,-0.21,-1.0,0.0,0.0,0.0,6.83,1.79,-1.0,0.0,0.0,0.0,6.83,3.79,-1.0,0.0,0.0,0.0,6.83,-0.21,1.0,0.0,0.0,0.0,6.83,1.79,1.0,0.0,0.0,0.0,6.83,3.79,1.0,0.0,0.0,0.0,-0.88,-7.16,-1.0,0.0,0.0,0.0,-0.88,-5.16,-1.0,0.0,0.0,0.0,-0.88,-3.16,-1.0,0.0,0.0,0.0,-0.88,-1.16,-1.0,0.0,0.0,0.0,-0.88,-7.16,1.0,0.0,0.0,0.0,-0.88,-5.16,1.0,0.0,0.0,0.0,-0.88,-3.16,1.0,0.0,0.0,0.0,-0.88,-1.16,1.0,0.0,0.0,0.0,-4.59,-1.3570000000004163,-0.18299999999999605,0.0,-1.1900000000000244,-0.10999999999999899,-4.59,0.6429999999999401,-0.18299999999999605,0.0,-1.1900000000000244,-0.10999999999999899,9.9,-1.0519999999999008,0.47300000000003856,0.0,-0.7399999999999629,0.5100000000000104,0,0,0,0,0,0,0,0,0,0,0,0,0,0,0,0,0,0,0,0,0,0,0,0,0,0,0,0,0,0,0,0,0,0,0,0,0,0,0,0,0,0,0,0,0,0,0,0,0,0,0,0,0,0,0,0,0,0,0,0,0,0,0,0,0,0,0,0,0,0,0,0,0,0,0,0,0,0,0,0,0,0,0,0,0,0,0,0,0,0,0,0,0,0,0,0,0,0,0,0,0,0,0,0,0,0,0,0,0,0,0,0,0,0,0,0,0,0,0,0,0,0,0,0,0,0,0,0,0,0,0,0,0,0,0,0,0,0,0,0,0,0,0,0,0,0,0,0,0,0
8.401268897,-0.5985349999998594,0.8383140437219538,2.106590534726834,4.318999999999961,-0.03202848881478371,0.0076153888368679645,4.319,-0.03202848881483078,0.007615388836711645,4.900937557220459,-0.03202848881483078,0.007615388836711645,4.894237107518997,-0.3790274533247524,-0.9501480542579834,0.68,-7.58,-1.0,0.0,0.0,0.0,0.68,-5.58,-1.0,0.0,0.0,0.0,0.68,-3.58,-1.0,0.0,0.0,0.0,0.68,-1.58,-1.0,0.0,0.0,0.0,0.68,-7.58,1.0,0.0,0.0,0.0,0.68,-5.58,1.0,0.0,0.0,0.0,0.68,-3.58,1.0,0.0,0.0,0.0,0.68,-1.58,1.0,0.0,0.0,0.0,6.83,-0.21,-1.0,0.0,0.0,0.0,6.83,1.79,-1.0,0.0,0.0,0.0,6.83,3.79,-1.0,0.0,0.0,0.0,6.83,-0.21,1.0,0.0,0.0,0.0,6.83,1.79,1.0,0.0,0.0,0.0,6.83,3.79,1.0,0.0,0.0,0.0,-0.88,-7.16,-1.0,0.0,0.0,0.0,-0.88,-5.16,-1.0,0.0,0.0,0.0,-0.88,-3.16,-1.0,0.0,0.0,0.0,-0.88,-1.16,-1.0,0.0,0.0,0.0,-0.88,-7.16,1.0,0.0,0.0,0.0,-0.88,-5.16,1.0,0.0,0.0,0.0,-0.88,-3.16,1.0,0.0,0.0,0.0,-0.88,-1.16,1.0,0.0,0.0,0.0,-4.59,-1.4760000000004188,-0.19399999999999595,0.0,-1.1900000000000244,-0.10999999999999899,-4.59,0.5239999999999376,-0.19399999999999595,0.0,-1.1900000000000244,-0.10999999999999899,9.9,-1.1111999999998978,0.5138000000000393,0.0,-0.7399999999999629,0.5100000000000104,0,0,0,0,0,0,0,0,0,0,0,0,0,0,0,0,0,0,0,0,0,0,0,0,0,0,0,0,0,0,0,0,0,0,0,0,0,0,0,0,0,0,0,0,0,0,0,0,0,0,0,0,0,0,0,0,0,0,0,0,0,0,0,0,0,0,0,0,0,0,0,0,0,0,0,0,0,0,0,0,0,0,0,0,0,0,0,0,0,0,0,0,0,0,0,0,0,0,0,0,0,0,0,0,0,0,0,0,0,0,0,0,0,0,0,0,0,0,0,0,0,0,0,0,0,0,0,0,0,0,0,0,0,0,0,0,0,0,0,0,0,0,0,0,0,0,0,0,0,0
8.501047919,-0.16061499999986062,0.8351284656588254,2.107347586405198,4.404999999999993,-0.03178176283835654,0.007551285903684146,4.405,-0.03178176283836365,0.007551285903900862,4.895008087158203,-0.03178176283836365,0.007551285903900862,4.8868993330877455,-0.3905963004317632,-0.9826746350423256,0.68,-7.58,-1.0,0.0,0.0,0.0,0.68,-5.58,-1.0,0.0,0.0,0.0,0.68,-3.58,-1.0,0.0,0.0,0.0,0.68,-1.58,-1.0,0.0,0.0,0.0,0.68,-7.58,1.0,0.0,0.0,0.0,0.68,-5.58,1.0,0.0,0.0,0.0,0.68,-3.58,1.0,0.0,0.0,0.0,0.68,-1.58,1.0,0.0,0.0,0.0,6.83,-0.21,-1.0,0.0,0.0,0.0,6.83,1.79,-1.0,0.0,0.0,0.0,6.83,3.79,-1.0,0.0,0.0,0.0,6.83,-0.21,1.0,0.0,0.0,0.0,6.83,1.79,1.0,0.0,0.0,0.0,6.83,3.79,1.0,0.0,0.0,0.0,-0.88,-7.16,-1.0,0.0,0.0,0.0,-0.88,-5.16,-1.0,0.0,0.0,0.0,-0.88,-3.16,-1.0,0.0,0.0,0.0,-0.88,-1.16,-1.0,0.0,0.0,0.0,-0.88,-7.16,1.0,0.0,0.0,0.0,-0.88,-5.16,1.0,0.0,0.0,0.0,-0.88,-3.16,1.0,0.0,0.0,0.0,-0.88,-1.16,1.0,0.0,0.0,0.0,-4.59,-1.5712000000004207,-0.20279999999999587,0.0,-1.1900000000000244,-0.10999999999999899,-4.59,0.4287999999999357,-0.20279999999999587,0.0,-1.1900000000000244,-0.10999999999999899,9.9,-1.1851999999998941,0.5648000000000404,0.0,-0.7399999999999629,0.5100000000000104,0,0,0,0,0,0,0,0,0,0,0,0,0,0,0,0,0,0,0,0,0,0,0,0,0,0,0,0,0,0,0,0,0,0,0,0,0,0,0,0,0,0,0,0,0,0,0,0,0,0,0,0,0,0,0,0,0,0,0,0,0,0,0,0,0,0,0,0,0,0,0,0,0,0,0,0,0,0,0,0,0,0,0,0,0,0,0,0,0,0,0,0,0,0,0,0,0,0,0,0,0,0,0,0,0,0,0,0,0,0,0,0,0,0,0,0,0,0,0,0,0,0,0,0,0,0,0,0,0,0,0,0,0,0,0,0,0,0,0,0,0,0,0,0,0,0,0,0,0,0
8.600918808,0.19732900000013925,0.832600224259148,2.107947670771017,4.492999999999996,-0.03155478462579797,0.007487500086611476,4.493,-0.03155478462576866,0.007487500086426735,4.887704372406006,-0.03155478462576866,0.007487500086426735,4.878412378851647,-0.4035335717383105,-1.0189471617052266,0.68,-7.58,-1.0,0.0,0.0,0.0,0.68,-5.58,-1.0,0.0,0.0,0.0,0.68,-3.58,-1.0,0.0,0.0,0.0,0.68,-1.58,-1.0,0.0,0.0,0.0,0.68,-7.58,1.0,0.0,0.0,0.0,0.68,-5.58,1.0,0.0,0.0,0.0,0.68,-3.58,1.0,0.0,0.0,0.0,0.68,-1.58,1.0,0.0,0.0,0.0,6.83,-0.21,-1.0,0.0,0.0,0.0,6.83,1.79,-1.0,0.0,0.0,0.0,6.83,3.79,-1.0,0.0,0.0,0.0,6.83,-0.21,1.0,0.0,0.0,0.0,6.83,1.79,1.0,0.0,0.0,0.0,6.83,3.79,1.0,0.0,0.0,0.0,-0.88,-7.16,-1.0,0.0,0.0,0.0,-0.88,-5.16,-1.0,0.0,0.0,0.0,-0.88,-3.16,-1.0,0.0,0.0,0.0,-0.88,-1.16,-1.0,0.0,0.0,0.0,-0.88,-7.16,1.0,0.0,0.0,0.0,-0.88,-5.16,1.0,0.0,0.0,0.0,-0.88,-3.16,1.0,0.0,0.0,0.0,-0.88,-1.16,1.0,0.0,0.0,0.0,-4.59,-1.6664000000004227,-0.2115999999999958,0.0,-1.1900000000000244,-0.10999999999999899,-4.59,0.3335999999999337,-0.2115999999999958,0.0,-1.1900000000000244,-0.10999999999999899,9.9,-1.2443999999998911,0.6056000000000412,0.0,-0.7399999999999629,0.5100000000000104,0,0,0,0,0,0,0,0,0,0,0,0,0,0,0,0,0,0,0,0,0,0,0,0,0,0,0,0,0,0,0,0,0,0,0,0,0,0,0,0,0,0,0,0,0,0,0,0,0,0,0,0,0,0,0,0,0,0,0,0,0,0,0,0,0,0,0,0,0,0,0,0,0,0,0,0,0,0,0,0,0,0,0,0,0,0,0,0,0,0,0,0,0,0,0,0,0,0,0,0,0,0,0,0,0,0,0,0,0,0,0,0,0,0,0,0,0,0,0,0,0,0,0,0,0,0,0,0,0,0,0,0,0,0,0,0,0,0,0,0,0,0,0,0,0,0,0,0,0,0
8.70331192,0.6531090000001398,0.8294625521775539,2.1086922067610723,4.583000000000005,-0.03130747377877441,0.007428972050416149,4.583,-0.03130747377872467,0.0074289720505476,4.879237651824951,-0.03130747377872467,0.0074289720505476,4.84276449999993,-0.4158903450889633,-1.0540710675361693,0.68,-7.58,-1.0,0.0,0.0,0.0,0.68,-5.58,-1.0,0.0,0.0,0.0,0.68,-3.58,-1.0,0.0,0.0,0.0,0.68,-1.58,-1.0,0.0,0.0,0.0,0.68,-7.58,1.0,0.0,0.0,0.0,0.68,-5.58,1.0,0.0,0.0,0.0,0.68,-3.58,1.0,0.0,0.0,0.0,0.68,-1.58,1.0,0.0,0.0,0.0,6.83,-0.21,-1.0,0.0,0.0,0.0,6.83,1.79,-1.0,0.0,0.0,0.0,6.83,3.79,-1.0,0.0,0.0,0.0,6.83,-0.21,1.0,0.0,0.0,0.0,6.83,1.79,1.0,0.0,0.0,0.0,6.83,3.79,1.0,0.0,0.0,0.0,-0.88,-7.16,-1.0,0.0,0.0,0.0,-0.88,-5.16,-1.0,0.0,0.0,0.0,-0.88,-3.16,-1.0,0.0,0.0,0.0,-0.88,-1.16,-1.0,0.0,0.0,0.0,-0.88,-7.16,1.0,0.0,0.0,0.0,-0.88,-5.16,1.0,0.0,0.0,0.0,-0.88,-3.16,1.0,0.0,0.0,0.0,-0.88,-1.16,1.0,0.0,0.0,0.0,-4.59,-1.785400000000425,-0.2225999999999957,0.0,-1.1900000000000244,-0.10999999999999899,-4.59,0.21459999999993212,-0.2225999999999957,0.0,-1.1899999999999964,-0.10999999999999899,9.9,-1.3183999999998874,0.6566000000000423,0.0,-0.7399999999999629,0.5100000000000104,0,0,0,0,0,0,0,0,0,0,0,0,0,0,0,0,0,0,0,0,0,0,0,0,0,0,0,0,0,0,0,0,0,0,0,0,0,0,0,0,0,0,0,0,0,0,0,0,0,0,0,0,0,0,0,0,0,0,0,0,0,0,0,0,0,0,0,0,0,0,0,0,0,0,0,0,0,0,0,0,0,0,0,0,0,0,0,0,0,0,0,0,0,0,0,0,0,0,0,0,0,0,0,0,0,0,0,0,0,0,0,0,0,0,0,0,0,0,0,0,0,0,0,0,0,0,0,0,0,0,0,0,0,0,0,0,0,0,0,0,0,0,0,0,0,0,0,0,0,0
8.8013499,0.9321690000001401,0.827601117717868,2.109133796712595,4.6680000000000055,-0.03095301613209589,0.007342547644118014,4.668,-0.030953016132116318,0.00734254764392972,4.8436150550842285,-0.030953016132116318,0.00734254764392972,4.64805199999993,-0.41455986478981643,-1.0543867725931197,0.68,-7.58,-1.0,0.0,0.0,0.0,0.68,-5.58,-1.0,0.0,0.0,0.0,0.68,-3.58,-1.0,0.0,0.0,0.0,0.68,-1.58,-1.0,0.0,0.0,0.0,0.68,-7.58,1.0,0.0,0.0,0.0,0.68,-5.58,1.0,0.0,0.0,0.0,0.68,-3.58,1.0,0.0,0.0,0.0,0.68,-1.58,1.0,0.0,0.0,0.0,6.83,-0.21,-1.0,0.0,0.0,0.0,6.83,1.79,-1.0,0.0,0.0,0.0,6.83,3.79,-1.0,0.0,0.0,0.0,6.83,-0.21,1.0,0.0,0.0,0.0,6.83,1.79,1.0,0.0,0.0,0.0,6.83,3.79,1.0,0.0,0.0,0.0,-0.88,-7.16,-1.0,0.0,0.0,0.0,-0.88,-5.16,-1.0,0.0,0.0,0.0,-0.88,-3.16,-1.0,0.0,0.0,0.0,-0.88,-1.16,-1.0,0.0,0.0,0.0,-0.88,-7.16,1.0,0.0,0.0,0.0,-0.88,-5.16,1.0,0.0,0.0,0.0,-0.88,-3.16,1.0,0.0,0.0,0.0,-0.88,-1.16,1.0,0.0,0.0,0.0,-4.59,-1.8568000000004266,-0.22919999999999563,0.0,-1.1900000000000244,-0.10999999999999899,-4.59,0.14319999999993233,-0.22919999999999563,0.0,-1.1899999999999964,-0.10999999999999899,9.9,-1.3627999999998852,0.6872000000000429,0.0,-0.7399999999999629,0.5100000000000104,0,0,0,0,0,0,0,0,0,0,0,0,0,0,0,0,0,0,0,0,0,0,0,0,0,0,0,0,0,0,0,0,0,0,0,0,0,0,0,0,0,0,0,0,0,0,0,0,0,0,0,0,0,0,0,0,0,0,0,0,0,0,0,0,0,0,0,0,0,0,0,0,0,0,0,0,0,0,0,0,0,0,0,0,0,0,0,0,0,0,0,0,0,0,0,0,0,0,0,0,0,0,0,0,0,0,0,0,0,0,0,0,0,0,0,0,0,0,0,0,0,0,0,0,0,0,0,0,0,0,0,0,0,0,0,0,0,0,0,0,0,0,0,0,0,0,0,0,0,0
8.901030769,1.2114851157227915,0.8257961733665523,2.109561905499762,4.648902893066299,-0.029647100716845287,0.007031445857119678,4.648902893066406,-0.0296471007168293,0.007031445857137442,4.648902893066406,-0.0296471007168293,0.007031445857137442,4.48723549999993,-0.413491028697613,-1.0546403238327386,0.68,-7.58,-1.0,0.0,0.0,0.0,0.68,-5.58,-1.0,0.0,0.0,0.0,0.68,-3.58,-1.0,0.0,0.0,0.0,0.68,-1.58,-1.0,0.0,0.0,0.0,0.68,-7.58,1.0,0.0,0.0,0.0,0.68,-5.58,1.0,0.0,0.0,0.0,0.68,-3.58,1.0,0.0,0.0,0.0,0.68,-1.58,1.0,0.0,0.0,0.0,6.83,-0.21,-1.0,0.0,0.0,0.0,6.83,1.79,-1.0,0.0,0.0,0.0,6.83,3.79,-1.0,0.0,0.0,0.0,6.83,-0.21,1.0,0.0,0.0,0.0,6.83,1.79,1.0,0.0,0.0,0.0,6.83,3.79,1.0,0.0,0.0,0.0,-0.88,-7.16,-1.0,0.0,0.0,0.0,-0.88,-5.16,-1.0,0.0,0.0,0.0,-0.88,-3.16,-1.0,0.0,0.0,0.0,-0.88,-1.16,-1.0,0.0,0.0,0.0,-0.88,-7.16,1.0,0.0,0.0,0.0,-0.88,-5.16,1.0,0.0,0.0,0.0,-0.88,-3.16,1.0,0.0,0.0,0.0,-0.88,-1.16,1.0,0.0,0.0,0.0,-4.59,-1.928200000000428,-0.23579999999999557,0.0,-1.1900000000000244,-0.10999999999999899,-4.59,0.07179999999993253,-0.23579999999999557,0.0,-1.1899999999999964,-0.10999999999999899,9.9,-1.407199999999883,0.7178000000000435,0.0,-0.7399999999999629,0.5100000000000104,0,0,0,0,0,0,0,0,0,0,0,0,0,0,0,0,0,0,0,0,0,0,0,0,0,0,0,0,0,0,0,0,0,0,0,0,0,0,0,0,0,0,0,0,0,0,0,0,0,0,0,0,0,0,0,0,0,0,0,0,0,0,0,0,0,0,0,0,0,0,0,0,0,0,0,0,0,0,0,0,0,0,0,0,0,0,0,0,0,0,0,0,0,0,0,0,0,0,0,0,0,0,0,0,0,0,0,0,0,0,0,0,0,0,0,0,0,0,0,0,0,0,0,0,0,0,0,0,0,0,0,0,0,0,0,0,0,0,0,0,0,0,0,0,0,0,0,0,0,0
9.005544976,1.5798573471680983,0.8234860249113489,2.1101097642204003,4.588902893066348,-0.028602700680502302,0.006783023010825673,4.588902893066407,-0.02860270068049431,0.00678302301093936,4.488083839416504,-0.02860270068049431,0.00678302301093936,4.347768413207941,-0.41260161567610765,-1.0548512672084522,0.68,-7.58,-1.0,0.0,0.0,0.0,0.68,-5.58,-1.0,0.0,0.0,0.0,0.68,-3.58,-1.0,0.0,0.0,0.0,0.68,-1.58,-1.0,0.0,0.0,0.0,0.68,-7.58,1.0,0.0,0.0,0.0,0.68,-5.58,1.0,0.0,0.0,0.0,0.68,-3.58,1.0,0.0,0.0,0.0,0.68,-1.58,1.0,0.0,0.0,0.0,6.83,-0.21,-1.0,0.0,0.0,0.0,6.83,1.79,-1.0,0.0,0.0,0.0,6.83,3.79,-1.0,0.0,0.0,0.0,6.83,-0.21,1.0,0.0,0.0,0.0,6.83,1.79,1.0,0.0,0.0,0.0,6.83,3.79,1.0,0.0,0.0,0.0,-0.88,-7.16,-1.0,0.0,0.0,0.0,-0.88,-5.16,-1.0,0.0,0.0,0.0,-0.88,-3.16,-1.0,0.0,0.0,0.0,-0.88,-1.16,-1.0,0.0,0.0,0.0,-0.88,-7.16,1.0,0.0,0.0,0.0,-0.88,-5.16,1.0,0.0,0.0,0.0,-0.88,-3.16,1.0,0.0,0.0,0.0,-0.88,-1.16,1.0,0.0,0.0,0.0,-4.59,-2.0234000000004255,-0.2445999999999955,0.0,-1.1899999999998023,-0.10999999999999899,-4.59,-0.023400000000067357,-0.2445999999999955,0.0,-1.19,-0.10999999999999899,9.9,-1.46639999999988,0.7586000000000443,0.0,-0.7399999999999629,0.5100000000000104,0,0,0,0,0,0,0,0,0,0,0,0,0,0,0,0,0,0,0,0,0,0,0,0,0,0,0,0,0,0,0,0,0,0,0,0,0,0,0,0,0,0,0,0,0,0,0,0,0,0,0,0,0,0,0,0,0,0,0,0,0,0,0,0,0,0,0,0,0,0,0,0,0,0,0,0,0,0,0,0,0,0,0,0,0,0,0,0,0,0,0,0,0,0,0,0,0,0,0,0,0,0,0,0,0,0,0,0,0,0,0,0,0,0,0,0,0,0,0,0,0,0,0,0,0,0,0,0,0,0,0,0,0,0,0,0,0,0,0,0,0,0,0,0,0,0,0,0,0,0
9.104593283,1.9420695786134052,0.821257852657528,2.110638251154895,4.5189028930663335,-0.02774493210022655,0.006580810062661868,4.518902893066406,-0.02774493210017681,0.006580810062587261,4.3486223220825195,-0.02774493210017681,0.006580810062587261,4.187301811950619,-0.41160214337372264,-1.0550882916928839,0.68,-7.58,-1.0,0.0,0.0,0.0,0.68,-5.58,-1.0,0.0,0.0,0.0,0.68,-3.58,-1.0,0.0,0.0,0.0,0.68,-1.58,-1.0,0.0,0.0,0.0,0.68,-7.58,1.0,0.0,0.0,0.0,0.68,-5.58,1.0,0.0,0.0,0.0,0.68,-3.58,1.0,0.0,0.0,0.0,0.68,-1.58,1.0,0.0,0.0,0.0,6.83,-0.21,-1.0,0.0,0.0,0.0,6.83,1.79,-1.0,0.0,0.0,0.0,6.83,3.79,-1.0,0.0,0.0,0.0,6.83,-0.21,1.0,0.0,0.0,0.0,6.83,1.79,1.0,0.0,0.0,0.0,6.83,3.79,1.0,0.0,0.0,0.0,-0.88,-7.16,-1.0,0.0,0.0,0.0,-0.88,-5.16,-1.0,0.0,0.0,0.0,-0.88,-3.16,-1.0,0.0,0.0,0.0,-0.88,-1.16,-1.0,0.0,0.0,0.0,-0.88,-7.16,1.0,0.0,0.0,0.0,-0.88,-5.16,1.0,0.0,0.0,0.0,-0.88,-3.16,1.0,0.0,0.0,0.0,-0.88,-1.16,1.0,0.0,0.0,0.0,-4.59,-2.1186000000004097,-0.2533999999999954,0.0,-1.1899999999998023,-0.10999999999999899,-4.59,-0.09480000000006718,-0.2511999999999954,0.0,-1.1899999999999964,-0.10999999999999899,9.9,-1.525599999999877,0.7994000000000452,0.0,-0.7399999999999629,0.5100000000000104,0,0,0,0,0,0,0,0,0,0,0,0,0,0,0,0,0,0,0,0,0,0,0,0,0,0,0,0,0,0,0,0,0,0,0,0,0,0,0,0,0,0,0,0,0,0,0,0,0,0,0,0,0,0,0,0,0,0,0,0,0,0,0,0,0,0,0,0,0,0,0,0,0,0,0,0,0,0,0,0,0,0,0,0,0,0,0,0,0,0,0,0,0,0,0,0,0,0,0,0,0,0,0,0,0,0,0,0,0,0,0,0,0,0,0,0,0,0,0,0,0,0,0,0,0,0,0,0,0,0,0,0,0,0,0,0,0,0,0,0,0,0,0,0,0,0,0,0,0,0
9.201957131,2.209153752197384,0.8196446063619285,2.1110209433419893,4.443902893066287,-0.0267921611666333,0.006355691235526706,4.443902893066406,-0.026792161166667938,0.006355691235512495,4.188157558441162,-0.026792161166667938,0.006355691235512495,4.017799203460632,-0.41056123134764727,-1.0553351836446567,0.68,-7.58,-1.0,0.0,0.0,0.0,0.68,-5.58,-1.0,0.0,0.0,0.0,0.68,-3.58,-1.0,0.0,0.0,0.0,0.68,-1.58,-1.0,0.0,0.0,0.0,0.68,-7.58,1.0,0.0,0.0,0.0,0.68,-5.58,1.0,0.0,0.0,0.0,0.68,-3.58,1.0,0.0,0.0,0.0,0.68,-1.58,1.0,0.0,0.0,0.0,6.83,-0.21,-1.0,0.0,0.0,0.0,6.83,1.79,-1.0,0.0,0.0,0.0,6.83,3.79,-1.0,0.0,0.0,0.0,6.83,-0.21,1.0,0.0,0.0,0.0,6.83,1.79,1.0,0.0,0.0,0.0,6.83,3.79,1.0,0.0,0.0,0.0,-0.88,-7.16,-1.0,0.0,0.0,0.0,-0.88,-5.16,-1.0,0.0,0.0,0.0,-0.88,-3.16,-1.0,0.0,0.0,0.0,-0.88,-1.16,-1.0,0.0,0.0,0.0,-0.88,-7.16,1.0,0.0,0.0,0.0,-0.88,-5.16,1.0,0.0,0.0,0.0,-0.88,-3.16,1.0,0.0,0.0,0.0,-0.88,-1.16,1.0,0.0,0.0,0.0,-4.59,-2.190000000000398,-0.25999999999999535,0.0,-1.1899999999998023,-0.10999999999999899,-4.59,-0.19000000000006692,-0.25999999999999535,0.0,-1.1899999999999964,-0.10999999999999899,9.9,-1.5699999999998748,0.8300000000000458,0.0,-0.7399999999999629,0.5100000000000104,0,0,0,0,0,0,0,0,0,0,0,0,0,0,0,0,0,0,0,0,0,0,0,0,0,0,0,0,0,0,0,0,0,0,0,0,0,0,0,0,0,0,0,0,0,0,0,0,0,0,0,0,0,0,0,0,0,0,0,0,0,0,0,0,0,0,0,0,0,0,0,0,0,0,0,0,0,0,0,0,0,0,0,0,0,0,0,0,0,0,0,0,0,0,0,0,0,0,0,0,0,0,0,0,0,0,0,0,0,0,0,0,0,0,0,0,0,0,0,0,0,0,0,0,0,0,0,0,0,0,0,0,0,0,0,0,0,0,0,0,0,0,0,0,0,0,0,0,0,0
9.30162377,2.5601659836426975,0.8175613565247715,2.1115150810649865,4.368902893066462,-0.025790110230405894,0.006117064971444819,4.368902893066406,-0.025790110230445862,0.006117064971476793,4.018653869628906,-0.025790110230445862,0.006117064971476793,3.850984094970645,-0.4095543815692979,-1.05557402858335,0.68,-7.58,-1.0,0.0,0.0,0.0,0.68,-5.58,-1.0,0.0,0.0,0.0,0.68,-3.58,-1.0,0.0,0.0,0.0,0.68,-1.58,-1.0,0.0,0.0,0.0,0.68,-7.58,1.0,0.0,0.0,0.0,0.68,-5.58,1.0,0.0,0.0,0.0,0.68,-3.58,1.0,0.0,0.0,0.0,0.68,-1.58,1.0,0.0,0.0,0.0,6.83,-0.21,-1.0,0.0,0.0,0.0,6.83,1.79,-1.0,0.0,0.0,0.0,6.83,3.79,-1.0,0.0,0.0,0.0,6.83,-0.21,1.0,0.0,0.0,0.0,6.83,1.79,1.0,0.0,0.0,0.0,6.83,3.79,1.0,0.0,0.0,0.0,-0.88,-7.16,-1.0,0.0,0.0,0.0,-0.88,-5.16,-1.0,0.0,0.0,0.0,-0.88,-3.16,-1.0,0.0,0.0,0.0,-0.88,-1.16,-1.0,0.0,0.0,0.0,-0.88,-7.16,1.0,0.0,0.0,0.0,-0.88,-5.16,1.0,0.0,0.0,0.0,-0.88,-3.16,1.0,0.0,0.0,0.0,-0.88,-1.16,1.0,0.0,0.0,0.0,-4.59,-2.285200000000382,-0.26879999999999526,0.0,-1.1899999999998023,-0.10999999999999899,-4.59,-0.28520000000006746,-0.26879999999999526,0.0,-1.1900000000000244,-0.10999999999999899,9.9,-1.6291999999998719,0.8708000000000466,0.0,-0.7399999999999629,0.5100000000000104,0,0,0,0,0,0,0,0,0,0,0,0,0,0,0,0,0,0,0,0,0,0,0,0,0,0,0,0,0,0,0,0,0,0,0,0,0,0,0,0,0,0,0,0,0,0,0,0,0,0,0,0,0,0,0,0,0,0,0,0,0,0,0,0,0,0,0,0,0,0,0,0,0,0,0,0,0,0,0,0,0,0,0,0,0,0,0,0,0,0,0,0,0,0,0,0,0,0,0,0,0,0,0,0,0,0,0,0,0,0,0,0,0,0,0,0,0,0,0,0,0,0,0,0,0,0,0,0,0,0,0,0,0,0,0,0,0,0,0,0,0,0,0,0,0,0,0,0,0,0
9.401064977,2.9049582150880098,0.8155522588797144,2.1119917567015847,4.288902893066381,-0.024872971698619573,0.005901987664369557,4.288902893066406,-0.024872971698641777,0.005901987664401531,3.8518457412719727,-0.024872971698641777,0.005901987664401531,3.67841243069452,-0.4085356722151968,-1.055815652649722,0.68,-7.58,-1.0,0.0,0.0,0.0,0.68,-5.58,-1.0,0.0,0.0,0.0,0.68,-3.58,-1.0,0.0,0.0,0.0,0.68,-1.58,-1.0,0.0,0.0,0.0,0.68,-7.58,1.0,0.0,0.0,0.0,0.68,-5.58,1.0,0.0,0.0,0.0,0.68,-3.58,1.0,0.0,0.0,0.0,0.68,-1.58,1.0,0.0,0.0,0.0,6.83,-0.21,-1.0,0.0,0.0,0.0,6.83,1.79,-1.0,0.0,0.0,0.0,6.83,3.79,-1.0,0.0,0.0,0.0,6.83,-0.21,1.0,0.0,0.0,0.0,6.83,1.79,1.0,0.0,0.0,0.0,6.83,3.79,1.0,0.0,0.0,0.0,-0.88,-7.16,-1.0,0.0,0.0,0.0,-0.88,-5.16,-1.0,0.0,0.0,0.0,-0.88,-3.16,-1.0,0.0,0.0,0.0,-0.88,-1.16,-1.0,0.0,0.0,0.0,-0.88,-7.16,1.0,0.0,0.0,0.0,-0.88,-5.16,1.0,0.0,0.0,0.0,-0.88,-3.16,1.0,0.0,0.0,0.0,-0.88,-1.16,1.0,0.0,0.0,0.0,-4.59,-2.3804000000003662,-0.2775999999999952,0.0,-1.1899999999998023,-0.10999999999999899,-4.59,-0.3804000000000694,-0.2775999999999952,0.0,-1.1900000000000244,-0.10999999999999899,9.9,-1.688399999999869,0.9116000000000475,0.0,-0.7399999999999629,0.5100000000000104,0,0,0,0,0,0,0,0,0,0,0,0,0,0,0,0,0,0,0,0,0,0,0,0,0,0,0,0,0,0,0,0,0,0,0,0,0,0,0,0,0,0,0,0,0,0,0,0,0,0,0,0,0,0,0,0,0,0,0,0,0,0,0,0,0,0,0,0,0,0,0,0,0,0,0,0,0,0,0,0,0,0,0,0,0,0,0,0,0,0,0,0,0,0,0,0,0,0,0,0,0,0,0,0,0,0,0,0,0,0,0,0,0,0,0,0,0,0,0,0,0,0,0,0,0,0,0,0,0,0,0,0,0,0,0,0,0,0,0,0,0,0,0,0,0,0,0,0,0,0
9.501807427,3.1589083886719997,0.8141027148764824,2.112335672823922,4.216902893066532,-0.023961603641486917,0.005684899631930307,4.216902893066406,-0.02396160364151001,0.005684899631887674,3.679276943206787,-0.02396160364151001,0.005684899631887674,3.5228362967592948,-0.4076339747442441,-1.0560296078641518,0.68,-7.58,-1.0,0.0,0.0,0.0,0.68,-5.58,-1.0,0.0,0.0,0.0,0.68,-3.58,-1.0,0.0,0.0,0.0,0.68,-1.58,-1.0,0.0,0.0,0.0,0.68,-7.58,1.0,0.0,0.0,0.0,0.68,-5.58,1.0,0.0,0.0,0.0,0.68,-3.58,1.0,0.0,0.0,0.0,0.68,-1.58,1.0,0.0,0.0,0.0,6.83,-0.21,-1.0,0.0,0.0,0.0,6.83,1.79,-1.0,0.0,0.0,0.0,6.83,3.79,-1.0,0.0,0.0,0.0,6.83,-0.21,1.0,0.0,0.0,0.0,6.83,1.79,1.0,0.0,0.0,0.0,6.83,3.79,1.0,0.0,0.0,0.0,-0.88,-7.16,-1.0,0.0,0.0,0.0,-0.88,-5.16,-1.0,0.0,0.0,0.0,-0.88,-3.16,-1.0,0.0,0.0,0.0,-0.88,-1.16,-1.0,0.0,0.0,0.0,-0.88,-7.16,1.0,0.0,0.0,0.0,-0.88,-5.16,1.0,0.0,0.0,0.0,-0.88,-3.16,1.0,0.0,0.0,0.0,-0.88,-1.16,1.0,0.0,0.0,0.0,-4.59,-2.4518000000003544,-0.2841999999999951,0.0,-1.1899999999998023,-0.10999999999999899,-4.59,-0.45180000000007087,-0.2841999999999951,0.0,-1.1900000000000244,-0.10999999999999899,9.9,-1.7327999999998667,0.9422000000000481,0.0,-0.7399999999999629,0.5100000000000104,0,0,0,0,0,0,0,0,0,0,0,0,0,0,0,0,0,0,0,0,0,0,0,0,0,0,0,0,0,0,0,0,0,0,0,0,0,0,0,0,0,0,0,0,0,0,0,0,0,0,0,0,0,0,0,0,0,0,0,0,0,0,0,0,0,0,0,0,0,0,0,0,0,0,0,0,0,0,0,0,0,0,0,0,0,0,0,0,0,0,0,0,0,0,0,0,0,0,0,0,0,0,0,0,0,0,0,0,0,0,0,0,0,0,0,0,0,0,0,0,0,0,0,0,0,0,0,0,0,0,0,0,0,0,0,0,0,0,0,0,0,0,0,0,0,0,0,0,0,0
9.603219763,3.4922846201173137,0.8122273840409003,2.112780615890601,4.145902893066378,-0.023218791931900462,0.005509026348438084,4.145902893066406,-0.0232187919318676,0.005509026348590851,3.5237083435058594,-0.0232187919318676,0.005509026348590851,3.3721366223937355,-0.4067766903704156,-1.056233001709788,0.68,-7.58,-1.0,0.0,0.0,0.0,0.68,-5.58,-1.0,0.0,0.0,0.0,0.68,-3.58,-1.0,0.0,0.0,0.0,0.68,-1.58,-1.0,0.0,0.0,0.0,0.68,-7.58,1.0,0.0,0.0,0.0,0.68,-5.58,1.0,0.0,0.0,0.0,0.68,-3.58,1.0,0.0,0.0,0.0,0.68,-1.58,1.0,0.0,0.0,0.0,6.83,-0.21,-1.0,0.0,0.0,0.0,6.83,1.79,-1.0,0.0,0.0,0.0,6.83,3.79,-1.0,0.0,0.0,0.0,6.83,-0.21,1.0,0.0,0.0,0.0,6.83,1.79,1.0,0.0,0.0,0.0,6.83,3.79,1.0,0.0,0.0,0.0,-0.88,-7.16,-1.0,0.0,0.0,0.0,-0.88,-5.16,-1.0,0.0,0.0,0.0,-0.88,-3.16,-1.0,0.0,0.0,0.0,-0.88,-1.16,-1.0,0.0,0.0,0.0,-0.88,-7.16,1.0,0.0,0.0,0.0,-0.88,-5.16,1.0,0.0,0.0,0.0,-0.88,-3.16,1.0,0.0,0.0,0.0,-0.88,-1.16,1.0,0.0,0.0,0.0,-4.59,-2.5470000000003385,-0.29299999999999504,0.0,-1.1899999999998023,-0.10999999999999899,-4.59,-0.5470000000000728,-0.29299999999999504,0.0,-1.1900000000000244,-0.10999999999999899,9.9,-1.7919999999998637,0.983000000000049,0.0,-0.7399999999999629,0.5100000000000104,0,0,0,0,0,0,0,0,0,0,0,0,0,0,0,0,0,0,0,0,0,0,0,0,0,0,0,0,0,0,0,0,0,0,0,0,0,0,0,0,0,0,0,0,0,0,0,0,0,0,0,0,0,0,0,0,0,0,0,0,0,0,0,0,0,0,0,0,0,0,0,0,0,0,0,0,0,0,0,0,0,0,0,0,0,0,0,0,0,0,0,0,0,0,0,0,0,0,0,0,0,0,0,0,0,0,0,0,0,0,0,0,0,0,0,0,0,0,0,0,0,0,0,0,0,0,0,0,0,0,0,0,0,0,0,0,0,0,0,0,0,0,0,0,0,0,0,0,0,0
9.70066124,3.7377747937012877,0.8108700362991751,2.11310271548686,4.077902893066198,-0.022473379969634166,0.005333151668285296,4.0779028930664065,-0.022473379969596863,0.005333151668310165,3.3730173110961914,-0.022473379969596863,0.005333151668310165,3.2343480446583976,-0.4060051206287013,-1.0564160700970309,0.68,-7.58,-1.0,0.0,0.0,0.0,0.68,-5.58,-1.0,0.0,0.0,0.0,0.68,-3.58,-1.0,0.0,0.0,0.0,0.68,-1.58,-1.0,0.0,0.0,0.0,0.68,-7.58,1.0,0.0,0.0,0.0,0.68,-5.58,1.0,0.0,0.0,0.0,0.68,-3.58,1.0,0.0,0.0,0.0,0.68,-1.58,1.0,0.0,0.0,0.0,6.83,-0.21,-1.0,0.0,0.0,0.0,6.83,1.79,-1.0,0.0,0.0,0.0,6.83,3.79,-1.0,0.0,0.0,0.0,6.83,-0.21,1.0,0.0,0.0,0.0,6.83,1.79,1.0,0.0,0.0,0.0,6.83,3.79,1.0,0.0,0.0,0.0,-0.88,-7.16,-1.0,0.0,0.0,0.0,-0.88,-5.16,-1.0,0.0,0.0,0.0,-0.88,-3.16,-1.0,0.0,0.0,0.0,-0.88,-1.16,-1.0,0.0,0.0,0.0,-0.88,-7.16,1.0,0.0,0.0,0.0,-0.88,-5.16,1.0,0.0,0.0,0.0,-0.88,-3.16,1.0,0.0,0.0,0.0,-0.88,-1.16,1.0,0.0,0.0,0.0,-4.59,-2.6184000000003267,-0.299599999999995,0.0,-1.1899999999998023,-0.10999999999999899,-4.59,-0.6184000000000742,-0.299599999999995,0.0,-1.1900000000000244,-0.10999999999999899,9.9,-1.8363999999998615,1.0136000000000496,0.0,-0.7399999999999629,0.5100000000000104,0,0,0,0,0,0,0,0,0,0,0,0,0,0,0,0,0,0,0,0,0,0,0,0,0,0,0,0,0,0,0,0,0,0,0,0,0,0,0,0,0,0,0,0,0,0,0,0,0,0,0,0,0,0,0,0,0,0,0,0,0,0,0,0,0,0,0,0,0,0,0,0,0,0,0,0,0,0,0,0,0,0,0,0,0,0,0,0,0,0,0,0,0,0,0,0,0,0,0,0,0,0,0,0,0,0,0,0,0,0,0,0,0,0,0,0,0,0,0,0,0,0,0,0,0,0,0,0,0,0,0,0,0,0,0,0,0,0,0,0,0,0,0,0,0,0,0,0,0,0
9.804558005,3.979856967285265,0.8095403036873979,2.1134183765409715,4.005902893066349,-0.021954763680720468,0.005212928168685238,4.0059028930664065,-0.021954763680696487,0.005212928168475628,3.2352449893951416,-0.021954763680696487,0.005212928168475628,3.084303119879095,-0.4051771966194834,-1.0566125447194157,0.68,-7.58,-1.0,0.0,0.0,0.0,0.68,-5.58,-1.0,0.0,0.0,0.0,0.68,-3.58,-1.0,0.0,0.0,0.0,0.68,-1.58,-1.0,0.0,0.0,0.0,0.68,-7.58,1.0,0.0,0.0,0.0,0.68,-5.58,1.0,0.0,0.0,0.0,0.68,-3.58,1.0,0.0,0.0,0.0,0.68,-1.58,1.0,0.0,0.0,0.0,6.83,-0.21,-1.0,0.0,0.0,0.0,6.83,1.79,-1.0,0.0,0.0,0.0,6.83,3.79,-1.0,0.0,0.0,0.0,6.83,-0.21,1.0,0.0,0.0,0.0,6.83,1.79,1.0,0.0,0.0,0.0,6.83,3.79,1.0,0.0,0.0,0.0,-0.88,-7.16,-1.0,0.0,0.0,0.0,-0.88,-5.16,-1.0,0.0,0.0,0.0,-0.88,-3.16,-1.0,0.0,0.0,0.0,-0.88,-1.16,-1.0,0.0,0.0,0.0,-0.88,-7.16,1.0,0.0,0.0,0.0,-0.88,-5.16,1.0,0.0,0.0,0.0,-0.88,-3.16,1.0,0.0,0.0,0.0,-0.88,-1.16,1.0,0.0,0.0,0.0,-4.59,-2.689800000000315,-0.3061999999999949,0.0,-1.1899999999998023,-0.10999999999999899,-4.59,-0.6898000000000757,-0.3061999999999949,0.0,-1.1900000000000244,-0.10999999999999899,9.9,-1.8955999999998585,1.0544000000000504,0.0,-0.7399999999999629,0.5100000000000104,0,0,0,0,0,0,0,0,0,0,0,0,0,0,0,0,0,0,0,0,0,0,0,0,0,0,0,0,0,0,0,0,0,0,0,0,0,0,0,0,0,0,0,0,0,0,0,0,0,0,0,0,0,0,0,0,0,0,0,0,0,0,0,0,0,0,0,0,0,0,0,0,0,0,0,0,0,0,0,0,0,0,0,0,0,0,0,0,0,0,0,0,0,0,0,0,0,0,0,0,0,0,0,0,0,0,0,0,0,0,0,0,0,0,0,0,0,0,0,0,0,0,0,0,0,0,0,0,0,0,0,0,0,0,0,0,0,0,0,0,0,0,0,0,0,0,0,0,0,0
9.901809283,4.296981198730585,0.8078199760083274,2.11382687608918,3.9439028930665643,-0.0212871078402177,0.005054878070787083,3.9439028930664066,-0.021287107840180397,0.005054878070950508,3.085212230682373,-0.021287107840180397,0.005054878070950508,2.9601062301940377,-0.40449688569541076,-1.056774073284923,0.68,-7.58,-1.0,0.0,0.0,0.0,0.68,-5.58,-1.0,0.0,0.0,0.0,0.68,-3.58,-1.0,0.0,0.0,0.0,0.68,-1.58,-1.0,0.0,0.0,0.0,0.68,-7.58,1.0,0.0,0.0,0.0,0.68,-5.58,1.0,0.0,0.0,0.0,0.68,-3.58,1.0,0.0,0.0,0.0,0.68,-1.58,1.0,0.0,0.0,0.0,6.83,-0.21,-1.0,0.0,0.0,0.0,6.83,1.79,-1.0,0.0,0.0,0.0,6.83,3.79,-1.0,0.0,0.0,0.0,6.83,-0.21,1.0,0.0,0.0,0.0,6.83,1.79,1.0,0.0,0.0,0.0,6.83,3.79,1.0,0.0,0.0,0.0,-0.88,-7.16,-1.0,0.0,0.0,0.0,-0.88,-5.16,-1.0,0.0,0.0,0.0,-0.88,-3.16,-1.0,0.0,0.0,0.0,-0.88,-1.16,-1.0,0.0,0.0,0.0,-0.88,-7.16,1.0,0.0,0.0,0.0,-0.88,-5.16,1.0,0.0,0.0,0.0,-0.88,-3.16,1.0,0.0,0.0,0.0,-0.88,-1.16,1.0,0.0,0.0,0.0,-4.59,-2.785000000000299,-0.31499999999999484,0.0,-1.1899999999998023,-0.10999999999999899,-4.59,-0.7850000000000776,-0.31499999999999484,0.0,-1.1900000000000244,-0.10999999999999899,9.9,-1.9399999999998563,1.085000000000051,0.0,-0.7399999999999629,0.5100000000000104,0,0,0,0,0,0,0,0,0,0,0,0,0,0,0,0,0,0,0,0,0,0,0,0,0,0,0,0,0,0,0,0,0,0,0,0,0,0,0,0,0,0,0,0,0,0,0,0,0,0,0,0,0,0,0,0,0,0,0,0,0,0,0,0,0,0,0,0,0,0,0,0,0,0,0,0,0,0,0,0,0,0,0,0,0,0,0,0,0,0,0,0,0,0,0,0,0,0,0,0,0,0,0,0,0,0,0,0,0,0,0,0,0,0,0,0,0,0,0,0,0,0,0,0,0,0,0,0,0,0,0,0,0,0,0,0,0,0,0,0,0,0,0,0,0,0,0,0,0,0
10.001171799,4.608148430175889,0.8061327656477866,2.1142276128215887,3.86490289306618,-0.021000593900644127,0.004988450557075197,3.8649028930664064,-0.021000593900680542,0.0049884505569934845,2.9610369205474854,-0.021000593900680542,0.0049884505569934845,2.804301065917909,-0.4036549724809906,-1.0569739969401688,0.68,-7.58,-1.0,0.0,0.0,0.0,0.68,-5.58,-1.0,0.0,0.0,0.0,0.68,-3.58,-1.0,0.0,0.0,0.0,0.68,-1.58,-1.0,0.0,0.0,0.0,0.68,-7.58,1.0,0.0,0.0,0.0,0.68,-5.58,1.0,0.0,0.0,0.0,0.68,-3.58,1.0,0.0,0.0,0.0,0.68,-1.58,1.0,0.0,0.0,0.0,6.83,-0.21,-1.0,0.0,0.0,0.0,6.83,1.79,-1.0,0.0,0.0,0.0,6.83,3.79,-1.0,0.0,0.0,0.0,6.83,-0.21,1.0,0.0,0.0,0.0,6.83,1.79,1.0,0.0,0.0,0.0,6.83,3.79,1.0,0.0,0.0,0.0,-0.88,-7.16,-1.0,0.0,0.0,0.0,-0.88,-5.16,-1.0,0.0,0.0,0.0,-0.88,-3.16,-1.0,0.0,0.0,0.0,-0.88,-1.16,-1.0,0.0,0.0,0.0,-0.88,-7.16,1.0,0.0,0.0,0.0,-0.88,-5.16,1.0,0.0,0.0,0.0,-0.88,-3.16,1.0,0.0,0.0,0.0,-0.88,-1.16,1.0,0.0,0.0,0.0,-4.59,-2.880200000000283,-0.32379999999999476,0.0,-1.1899999999998023,-0.10999999999999899,-4.59,-0.8802000000000796,-0.32379999999999476,0.0,-1.1900000000000244,-0.10999999999999899,9.9,-1.9991999999998533,1.1258000000000519,0.0,-0.7399999999999629,0.5100000000000104,0,0,0,0,0,0,0,0,0,0,0,0,0,0,0,0,0,0,0,0,0,0,0,0,0,0,0,0,0,0,0,0,0,0,0,0,0,0,0,0,0,0,0,0,0,0,0,0,0,0,0,0,0,0,0,0,0,0,0,0,0,0,0,0,0,0,0,0,0,0,0,0,0,0,0,0,0,0,0,0,0,0,0,0,0,0,0,0,0,0,0,0,0,0,0,0,0,0,0,0,0,0,0,0,0,0,0,0,0,0,0,0,0,0,0,0,0,0,0,0,0,0,0,0,0,0,0,0,0,0,0,0,0,0,0,0,0,0,0,0,0,0,0,0,0,0,0,0,0,0
10.101487538,4.912796661621173,0.8044921917885757,2.114617383180404,3.7939028930660257,-0.02038381807500933,0.0048430492172180095,3.7939028930664063,-0.020383818075060844,0.004843049217015505,2.8052525520324707,-0.020383818075060844,0.004843049217015505,2.6689708646605927,-0.4029202421527447,-1.057148522002818,0.68,-7.58,-1.0,0.0,0.0,0.0,0.68,-5.58,-1.0,0.0,0.0,0.0,0.68,-3.58,-1.0,0.0,0.0,0.0,0.68,-1.58,-1.0,0.0,0.0,0.0,0.68,-7.58,1.0,0.0,0.0,0.0,0.68,-5.58,1.0,0.0,0.0,0.0,0.68,-3.58,1.0,0.0,0.0,0.0,0.68,-1.58,1.0,0.0,0.0,0.0,6.83,-0.21,-1.0,0.0,0.0,0.0,6.83,1.79,-1.0,0.0,0.0,0.0,6.83,3.79,-1.0,0.0,0.0,0.0,6.83,-0.21,1.0,0.0,0.0,0.0,6.83,1.79,1.0,0.0,0.0,0.0,6.83,3.79,1.0,0.0,0.0,0.0,-0.88,-7.16,-1.0,0.0,0.0,0.0,-0.88,-5.16,-1.0,0.0,0.0,0.0,-0.88,-3.16,-1.0,0.0,0.0,0.0,-0.88,-1.16,-1.0,0.0,0.0,0.0,-0.88,-7.16,1.0,0.0,0.0,0.0,-0.88,-5.16,1.0,0.0,0.0,0.0,-0.88,-3.16,1.0,0.0,0.0,0.0,-0.88,-1.16,1.0,0.0,0.0,0.0,-4.59,-2.9754000000002674,-0.3325999999999947,0.0,-1.1899999999998023,-0.10999999999999899,-4.59,-0.9754000000000815,-0.3325999999999947,0.0,-1.1900000000000244,-0.10999999999999899,9.9,-2.0583999999998506,1.1666000000000527,0.0,-0.7399999999999629,0.5100000000000104,0,0,0,0,0,0,0,0,0,0,0,0,0,0,0,0,0,0,0,0,0,0,0,0,0,0,0,0,0,0,0,0,0,0,0,0,0,0,0,0,0,0,0,0,0,0,0,0,0,0,0,0,0,0,0,0,0,0,0,0,0,0,0,0,0,0,0,0,0,0,0,0,0,0,0,0,0,0,0,0,0,0,0,0,0,0,0,0,0,0,0,0,0,0,0,0,0,0,0,0,0,0,0,0,0,0,0,0,0,0,0,0,0,0,0,0,0,0,0,0,0,0,0,0,0,0,0,0,0,0,0,0,0,0,0,0,0,0,0,0,0,0,0,0,0,0,0,0,0,0
10.202184705,5.285556950927819,0.8024681340500903,2.115098553150169,3.708902893066579,-0.020200176164553163,0.004802857525465498,3.7089028930664063,-0.020200176164507866,0.0048028575256466866,2.6699562072753906,-0.020200176164507866,0.0048028575256466866,2.5056626402587536,-0.40204225771353774,-1.057357122082374,0.68,-7.58,-1.0,0.0,0.0,0.0,0.68,-5.58,-1.0,0.0,0.0,0.0,0.68,-3.58,-1.0,0.0,0.0,0.0,0.68,-1.58,-1.0,0.0,0.0,0.0,0.68,-7.58,1.0,0.0,0.0,0.0,0.68,-5.58,1.0,0.0,0.0,0.0,0.68,-3.58,1.0,0.0,0.0,0.0,0.68,-1.58,1.0,0.0,0.0,0.0,6.83,-0.21,-1.0,0.0,0.0,0.0,6.83,1.79,-1.0,0.0,0.0,0.0,6.83,3.79,-1.0,0.0,0.0,0.0,6.83,-0.21,1.0,0.0,0.0,0.0,6.83,1.79,1.0,0.0,0.0,0.0,6.83,3.79,1.0,0.0,0.0,0.0,-0.88,-7.16,-1.0,0.0,0.0,0.0,-0.88,-5.16,-1.0,0.0,0.0,0.0,-0.88,-3.16,-1.0,0.0,0.0,0.0,-0.88,-1.16,-1.0,0.0,0.0,0.0,-0.88,-7.16,1.0,0.0,0.0,0.0,-0.88,-5.16,1.0,0.0,0.0,0.0,-0.88,-3.16,1.0,0.0,0.0,0.0,-0.88,-1.16,1.0,0.0,0.0,0.0,-4.59,-3.0944000000002476,-0.3435999999999946,0.0,-1.1899999999998023,-0.10999999999999899,-4.59,-1.094400000000084,-0.3435999999999946,0.0,-1.1900000000000244,-0.10999999999999899,9.9,-2.132399999999847,1.2176000000000538,0.0,-0.7399999999999629,0.5100000000000104,0,0,0,0,0,0,0,0,0,0,0,0,0,0,0,0,0,0,0,0,0,0,0,0,0,0,0,0,0,0,0,0,0,0,0,0,0,0,0,0,0,0,0,0,0,0,0,0,0,0,0,0,0,0,0,0,0,0,0,0,0,0,0,0,0,0,0,0,0,0,0,0,0,0,0,0,0,0,0,0,0,0,0,0,0,0,0,0,0,0,0,0,0,0,0,0,0,0,0,0,0,0,0,0,0,0,0,0,0,0,0,0,0,0,0,0,0,0,0,0,0,0,0,0,0,0,0,0,0,0,0,0,0,0,0,0,0,0,0,0,0,0,0,0,0,0,0,0,0,0
10.300639602,5.576105182373117,0.8008480435803719,2.115484072654714,3.616902893066154,-0.02026101760566057,0.004822124727077437,3.616902893066406,-0.020261017605662346,0.004822124727070332,2.5067052841186523,-0.020261017605662346,0.004822124727070332,2.335161307177692,-0.40111273820103155,-1.0575781341813606,0.68,-7.58,-1.0,0.0,0.0,0.0,0.68,-5.58,-1.0,0.0,0.0,0.0,0.68,-3.58,-1.0,0.0,0.0,0.0,0.68,-1.58,-1.0,0.0,0.0,0.0,0.68,-7.58,1.0,0.0,0.0,0.0,0.68,-5.58,1.0,0.0,0.0,0.0,0.68,-3.58,1.0,0.0,0.0,0.0,0.68,-1.58,1.0,0.0,0.0,0.0,6.83,-0.21,-1.0,0.0,0.0,0.0,6.83,1.79,-1.0,0.0,0.0,0.0,6.83,3.79,-1.0,0.0,0.0,0.0,6.83,-0.21,1.0,0.0,0.0,0.0,6.83,1.79,1.0,0.0,0.0,0.0,6.83,3.79,1.0,0.0,0.0,0.0,-0.88,-7.16,-1.0,0.0,0.0,0.0,-0.88,-5.16,-1.0,0.0,0.0,0.0,-0.88,-3.16,-1.0,0.0,0.0,0.0,-0.88,-1.16,-1.0,0.0,0.0,0.0,-0.88,-7.16,1.0,0.0,0.0,0.0,-0.88,-5.16,1.0,0.0,0.0,0.0,-0.88,-3.16,1.0,0.0,0.0,0.0,-0.88,-1.16,1.0,0.0,0.0,0.0,-4.59,-3.189600000000232,-0.3523999999999945,0.0,-1.1899999999998023,-0.10999999999999899,-4.59,-1.189600000000086,-0.3523999999999945,0.0,-1.1900000000000244,-0.10999999999999899,9.9,-2.191599999999844,1.2584000000000546,0.0,-0.7399999999999629,0.5100000000000104,0,0,0,0,0,0,0,0,0,0,0,0,0,0,0,0,0,0,0,0,0,0,0,0,0,0,0,0,0,0,0,0,0,0,0,0,0,0,0,0,0,0,0,0,0,0,0,0,0,0,0,0,0,0,0,0,0,0,0,0,0,0,0,0,0,0,0,0,0,0,0,0,0,0,0,0,0,0,0,0,0,0,0,0,0,0,0,0,0,0,0,0,0,0,0,0,0,0,0,0,0,0,0,0,0,0,0,0,0,0,0,0,0,0,0,0,0,0,0,0,0,0,0,0,0,0,0,0,0,0,0,0,0,0,0,0,0,0,0,0,0,0,0,0,0,0,0,0,0,0
10.400997407,5.860327413818401,0.7992029263571077,2.115876165341317,3.5269028930660085,-0.020686207339193352,0.004933049436495196,3.5269028930664064,-0.020686207339167595,0.004933049436658621,2.3362863063812256,-0.020686207339167595,0.004933049436658621,2.1724065676036695,-0.40020177120567296,-1.0577949398705613,0.68,-7.58,-1.0,0.0,0.0,0.0,0.68,-5.58,-1.0,0.0,0.0,0.0,0.68,-3.58,-1.0,0.0,0.0,0.0,0.68,-1.58,-1.0,0.0,0.0,0.0,0.68,-7.58,1.0,0.0,0.0,0.0,0.68,-5.58,1.0,0.0,0.0,0.0,0.68,-3.58,1.0,0.0,0.0,0.0,0.68,-1.58,1.0,0.0,0.0,0.0,6.83,-0.21,-1.0,0.0,0.0,0.0,6.83,1.79,-1.0,0.0,0.0,0.0,6.83,3.79,-1.0,0.0,0.0,0.0,6.83,-0.21,1.0,0.0,0.0,0.0,6.83,1.79,1.0,0.0,0.0,0.0,6.83,3.79,1.0,0.0,0.0,0.0,-0.88,-7.16,-1.0,0.0,0.0,0.0,-0.88,-5.16,-1.0,0.0,0.0,0.0,-0.88,-3.16,-1.0,0.0,0.0,0.0,-0.88,-1.16,-1.0,0.0,0.0,0.0,-0.88,-7.16,1.0,0.0,0.0,0.0,-0.88,-5.16,1.0,0.0,0.0,0.0,-0.88,-3.16,1.0,0.0,0.0,0.0,-0.88,-1.16,1.0,0.0,0.0,0.0,-4.59,-3.284800000000216,-0.3611999999999944,0.0,-1.1899999999998023,-0.10999999999999899,-4.59,-1.2848000000000879,-0.3611999999999944,0.0,-1.1900000000000244,-0.10999999999999899,9.9,-2.250799999999841,1.2992000000000554,0.0,-0.7399999999999629,0.5100000000000104,0,0,0,0,0,0,0,0,0,0,0,0,0,0,0,0,0,0,0,0,0,0,0,0,0,0,0,0,0,0,0,0,0,0,0,0,0,0,0,0,0,0,0,0,0,0,0,0,0,0,0,0,0,0,0,0,0,0,0,0,0,0,0,0,0,0,0,0,0,0,0,0,0,0,0,0,0,0,0,0,0,0,0,0,0,0,0,0,0,0,0,0,0,0,0,0,0,0,0,0,0,0,0,0,0,0,0,0,0,0,0,0,0,0,0,0,0,0,0,0,0,0,0,0,0,0,0,0,0,0,0,0,0,0,0,0,0,0,0,0,0,0,0,0,0,0,0,0,0,0
10.500309257,6.206885703125052,0.7970890343327277,2.1163814144336572,3.4429028930667016,-0.02130636200303737,0.005096667911708153,3.4429028930664063,-0.021306362003087997,0.0050966679118573666,2.173628091812134,-0.021306362003087997,0.0050966679118573666,2.025429624967859,-0.39933910292655483,-1.0580006747477746,0.68,-7.58,-1.0,0.0,0.0,0.0,0.68,-5.58,-1.0,0.0,0.0,0.0,0.68,-3.58,-1.0,0.0,0.0,0.0,0.68,-1.58,-1.0,0.0,0.0,0.0,0.68,-7.58,1.0,0.0,0.0,0.0,0.68,-5.58,1.0,0.0,0.0,0.0,0.68,-3.58,1.0,0.0,0.0,0.0,0.68,-1.58,1.0,0.0,0.0,0.0,6.83,-0.21,-1.0,0.0,0.0,0.0,6.83,1.79,-1.0,0.0,0.0,0.0,6.83,3.79,-1.0,0.0,0.0,0.0,6.83,-0.21,1.0,0.0,0.0,0.0,6.83,1.79,1.0,0.0,0.0,0.0,6.83,3.79,1.0,0.0,0.0,0.0,-0.88,-7.16,-1.0,0.0,0.0,0.0,-0.88,-5.16,-1.0,0.0,0.0,0.0,-0.88,-3.16,-1.0,0.0,0.0,0.0,-0.88,-1.16,-1.0,0.0,0.0,0.0,-0.88,-7.16,1.0,0.0,0.0,0.0,-0.88,-5.16,1.0,0.0,0.0,0.0,-0.88,-3.16,1.0,0.0,0.0,0.0,-0.88,-1.16,1.0,0.0,0.0,0.0,-4.59,-3.4038000000001962,-0.3721999999999943,0.0,-1.1899999999998023,-0.10999999999999899,-4.59,-1.4038000000000903,-0.3721999999999943,0.0,-1.1900000000000244,-0.10999999999999899,9.9,-2.324799999999837,1.3502000000000565,0.0,-0.7399999999999629,0.5100000000000104,0,0,0,0,0,0,0,0,0,0,0,0,0,0,0,0,0,0,0,0,0,0,0,0,0,0,0,0,0,0,0,0,0,0,0,0,0,0,0,0,0,0,0,0,0,0,0,0,0,0,0,0,0,0,0,0,0,0,0,0,0,0,0,0,0,0,0,0,0,0,0,0,0,0,0,0,0,0,0,0,0,0,0,0,0,0,0,0,0,0,0,0,0,0,0,0,0,0,0,0,0,0,0,0,0,0,0,0,0,0,0,0,0,0,0,0,0,0,0,0,0,0,0,0,0,0,0,0,0,0,0,0,0,0,0,0,0,0,0,0,0,0,0,0,0,0,0,0,0,0
10.600485481,6.4765379345703655,0.7952578846279728,2.1168226255585494,3.357902893066367,-0.023168725892919184,0.005588986911053695,3.3579028930664063,-0.02316872589290142,0.005588986910879612,2.026797294616699,-0.02316872589290142,0.005588986910879612,1.8778081825256079,-0.3984232349747894,-1.0582198219921415,0.68,-7.58,-1.0,0.0,0.0,0.0,0.68,-5.58,-1.0,0.0,0.0,0.0,0.68,-3.58,-1.0,0.0,0.0,0.0,0.68,-1.58,-1.0,0.0,0.0,0.0,0.68,-7.58,1.0,0.0,0.0,0.0,0.68,-5.58,1.0,0.0,0.0,0.0,0.68,-3.58,1.0,0.0,0.0,0.0,0.68,-1.58,1.0,0.0,0.0,0.0,6.83,-0.21,-1.0,0.0,0.0,0.0,6.83,1.79,-1.0,0.0,0.0,0.0,6.83,3.79,-1.0,0.0,0.0,0.0,6.83,-0.21,1.0,0.0,0.0,0.0,6.83,1.79,1.0,0.0,0.0,0.0,6.83,3.79,1.0,0.0,0.0,0.0,-0.88,-7.16,-1.0,0.0,0.0,0.0,-0.88,-5.16,-1.0,0.0,0.0,0.0,-0.88,-3.16,-1.0,0.0,0.0,0.0,-0.88,-1.16,-1.0,0.0,0.0,0.0,-0.88,-7.16,1.0,0.0,0.0,0.0,-0.88,-5.16,1.0,0.0,0.0,0.0,-0.88,-3.16,1.0,0.0,0.0,0.0,-0.88,-1.16,1.0,0.0,0.0,0.0,-4.59,-3.4990000000001804,-0.38099999999999423,0.0,-1.1899999999998023,-0.10999999999999899,-4.59,-1.4990000000000923,-0.38099999999999423,0.0,-1.1900000000000244,-0.10999999999999899,9.9,-2.3839999999998343,1.3910000000000573,0.0,-0.7399999999999629,0.5100000000000104,0,0,0,0,0,0,0,0,0,0,0,0,0,0,0,0,0,0,0,0,0,0,0,0,0,0,0,0,0,0,0,0,0,0,0,0,0,0,0,0,0,0,0,0,0,0,0,0,0,0,0,0,0,0,0,0,0,0,0,0,0,0,0,0,0,0,0,0,0,0,0,0,0,0,0,0,0,0,0,0,0,0,0,0,0,0,0,0,0,0,0,0,0,0,0,0,0,0,0,0,0,0,0,0,0,0,0,0,0,0,0,0,0,0,0,0,0,0,0,0,0,0,0,0,0,0,0,0,0,0,0,0,0,0,0,0,0,0,0,0,0,0,0,0,0,0,0,0,0,0
10.704823829,6.8035846424794935,0.7908961182259262,2.1184367212689748,3.188013215804264,-0.09579050393964803,0.050075078862896985,3.2679028930664065,-0.03200393170118332,0.008154351264238358,1.8794219493865967,-0.03200393170118332,0.008154351264238358,1.7265113023376206,-0.3973819157296422,-1.058471087421691,0.68,-7.58,-1.0,0.0,0.0,0.0,0.68,-5.58,-1.0,0.0,0.0,0.0,0.68,-3.58,-1.0,0.0,0.0,0.0,0.68,-1.58,-1.0,0.0,0.0,0.0,0.68,-7.58,1.0,0.0,0.0,0.0,0.68,-5.58,1.0,0.0,0.0,0.0,0.68,-3.58,1.0,0.0,0.0,0.0,0.68,-1.58,1.0,0.0,0.0,0.0,6.83,-0.21,-1.0,0.0,0.0,0.0,6.83,1.79,-1.0,0.0,0.0,0.0,6.83,3.79,-1.0,0.0,0.0,0.0,6.83,-0.21,1.0,0.0,0.0,0.0,6.83,1.79,1.0,0.0,0.0,0.0,6.83,3.79,1.0,0.0,0.0,0.0,-0.88,-7.16,-1.0,0.0,0.0,0.0,-0.88,-5.16,-1.0,0.0,0.0,0.0,-0.88,-3.16,-1.0,0.0,0.0,0.0,-0.88,-1.16,-1.0,0.0,0.0,0.0,-0.88,-7.16,1.0,0.0,0.0,0.0,-0.88,-5.16,1.0,0.0,0.0,0.0,-0.88,-3.16,1.0,0.0,0.0,0.0,-0.88,-1.16,1.0,0.0,0.0,0.0,-4.59,-3.6180000000001606,-0.39199999999999413,0.0,-1.1899999999998023,-0.10999999999999899,-4.59,-1.6180000000000947,-0.39199999999999413,0.0,-1.1900000000000244,-0.10999999999999899,9.9,-2.4579999999998305,1.4420000000000583,0.0,-0.7399999999999629,0.5100000000000104,0,0,0,0,0,0,0,0,0,0,0,0,0,0,0,0,0,0,0,0,0,0,0,0,0,0,0,0,0,0,0,0,0,0,0,0,0,0,0,0,0,0,0,0,0,0,0,0,0,0,0,0,0,0,0,0,0,0,0,0,0,0,0,0,0,0,0,0,0,0,0,0,0,0,0,0,0,0,0,0,0,0,0,0,0,0,0,0,0,0,0,0,0,0,0,0,0,0,0,0,0,0,0,0,0,0,0,0,0,0,0,0,0,0,0,0,0,0,0,0,0,0,0,0,0,0,0,0,0,0,0,0,0,0,0,0,0,0,0,0,0,0,0,0,0,0,0,0,0,0
