time_elapsed,pos_x,pos_y,pos_z,vel_x,vel_y,vel_z,cmd_vel_x,cmd_vel_y,cmd_vel_z,cmd_vel_unfiltered_x,cmd_vel_unfiltered_y,cmd_vel_unfiltered_z,desired_vel_x,desired_vel_y,desired_vel_z,obs_1_pos_x,obs_1_pos_y,obs_1_pos_z,obs_1_vel_x,obs_1_vel_y,obs_1_vel_z,obs_2_pos_x,obs_2_pos_y,obs_2_pos_z,obs_2_vel_x,obs_2_vel_y,obs_2_vel_z,obs_3_pos_x,obs_3_pos_y,obs_3_pos_z,obs_3_vel_x,obs_3_vel_y,obs_3_vel_z,obs_4_pos_x,obs_4_pos_y,obs_4_pos_z,obs_4_vel_x,obs_4_vel_y,obs_4_vel_z,obs_5_pos_x,obs_5_pos_y,obs_5_pos_z,obs_5_vel_x,obs_5_vel_y,obs_5_vel_z,obs_6_pos_x,obs_6_pos_y,obs_6_pos_z,obs_6_vel_x,obs_6_vel_y,obs_6_vel_z,obs_7_pos_x,obs_7_pos_y,obs_7_pos_z,obs_7_vel_x,obs_7_vel_y,obs_7_vel_z,obs_8_pos_x,obs_8_pos_y,obs_8_pos_z,obs_8_vel_x,obs_8_vel_y,obs_8_vel_z,obs_9_pos_x,obs_9_pos_y,obs_9_pos_z,obs_9_vel_x,obs_9_vel_y,obs_9_vel_z,obs_10_pos_x,obs_10_pos_y,obs_10_pos_z,obs_10_vel_x,obs_10_vel_y,obs_10_vel_z,obs_11_pos_x,obs_11_pos_y,obs_11_pos_z,obs_11_vel_x,obs_11_vel_y,obs_11_vel_z,obs_12_pos_x,obs_12_pos_y,obs_12_pos_z,obs_12_vel_x,obs_12_vel_y,obs_12_vel_z,obs_13_pos_x,obs_13_pos_y,obs_13_pos_z,obs_13_vel_x,obs_13_vel_y,obs_13_vel_z,obs_14_pos_x,obs_14_pos_y,obs_14_pos_z,obs_14_vel_x,obs_14_vel_y,obs_14_vel_z,obs_15_pos_x,obs_15_pos_y,obs_15_pos_z,obs_15_vel_x,obs_15_vel_y,obs_15_vel_z,obs_16_pos_x,obs_16_pos_y,obs_16_pos_z,obs_16_vel_x,obs_16_vel_y,obs_16_vel_z,obs_17_pos_x,obs_17_pos_y,obs_17_pos_z,obs_17_vel_x,obs_17_vel_y,obs_17_vel_z,obs_18_pos_x,obs_18_pos_y,obs_18_pos_z,obs_18_vel_x,obs_18_vel_y,obs_18_vel_z,obs_19_pos_x,obs_19_pos_y,obs_19_pos_z,obs_19_vel_x,obs_19_vel_y,obs_19_vel_z,obs_20_pos_x,obs_20_pos_y,obs_20_pos_z,obs_20_vel_x,obs_20_vel_y,obs_20_vel_z,obs_21_pos_x,obs_21_pos_y,obs_21_pos_z,obs_21_vel_x,obs_21_vel_y,obs_21_vel_z,obs_22_pos_x,obs_22_pos_y,obs_22_pos_z,obs_22_vel_x,obs_22_vel_y,obs_22_vel_z,obs_23_pos_x,obs_23_pos_y,obs_23_pos_z,obs_23_vel_x,obs_23_vel_y,obs_23_vel_z,obs_24_pos_x,obs_24_pos_y,obs_24_pos_z,obs_24_vel_x,obs_24_vel_y,obs_24_vel_z,obs_25_pos_x,obs_25_pos_y,obs_25_pos_z,obs_25_vel_x,obs_25_vel_y,obs_25_vel_z,obs_26_pos_x,obs_26_pos_y,obs_26_pos_z,obs_26_vel_x,obs_26_vel_y,obs_26_vel_z,obs_27_pos_x,obs_27_pos_y,obs_27_pos_z,obs_27_vel_x,obs_27_vel_y,obs_27_vel_z,obs_28_pos_x,obs_28_pos_y,obs_28_pos_z,obs_28_vel_x,obs_28_vel_y,obs_28_vel_z,obs_29_pos_x,obs_29_pos_y,obs_29_pos_z,obs_29_vel_x,obs_29_vel_y,obs_29_vel_z,obs_30_pos_x,obs_30_pos_y,obs_30_pos_z,obs_30_vel_x,obs_30_vel_y,obs_30_vel_z,obs_31_pos_x,obs_31_pos_y,obs_31_pos_z,obs_31_vel_x,obs_31_vel_y,obs_31_vel_z,obs_32_pos_x,obs_32_pos_y,obs_32_pos_z,obs_32_vel_x,obs_32_vel_y,obs_32_vel_z,obs_33_pos_x,obs_33_pos_y,obs_33_pos_z,obs_33_vel_x,obs_33_vel_y,obs_33_vel_z,obs_34_pos_x,obs_34_pos_y,obs_34_pos_z,obs_34_vel_x,obs_34_vel_y,obs_34_vel_z,obs_35_pos_x,obs_35_pos_y,obs_35_pos_z,obs_35_vel_x,obs_35_vel_y,obs_35_vel_z,obs_36_pos_x,obs_36_pos_y,obs_36_pos_z,obs_36_vel_x,obs_36_vel_y,obs_36_vel_z,obs_37_pos_x,obs_37_pos_y,obs_37_pos_z,obs_37_vel_x,obs_37_vel_y,obs_37_vel_z,obs_38_pos_x,obs_38_pos_y,obs_38_pos_z,obs_38_vel_x,obs_38_vel_y,obs_38_vel_z,obs_39_pos_x,obs_39_pos_y,obs_39_pos_z,obs_39_vel_x,obs_39_vel_y,obs_39_vel_z,obs_40_pos_x,obs_40_pos_y,obs_40_pos_z,obs_40_vel_x,obs_40_vel_y,obs_40_vel_z,obs_41_pos_x,obs_41_pos_y,obs_41_pos_z,obs_41_vel_x,obs_41_vel_y,obs_41_vel_z,obs_42_pos_x,obs_42_pos_y,obs_42_pos_z,obs_42_vel_x,obs_42_vel_y,obs_42_vel_z,obs_43_pos_x,obs_43_pos_y,obs_43_pos_z,obs_43_vel_x,obs_43_vel_y,obs_43_vel_z,obs_44_pos_x,obs_44_pos_y,obs_44_pos_z,obs_44_vel_x,obs_44_vel_y,obs_44_vel_z,obs_45_pos_x,obs_45_pos_y,obs_45_pos_z,obs_45_vel_x,obs_45_vel_y,obs_45_vel_z,obs_46_pos_x,obs_46_pos_y,obs_46_pos_z,obs_46_vel_x,obs_46_vel_y,obs_46_vel_z,obs_47_pos_x,obs_47_pos_y,obs_47_pos_z,obs_47_vel_x,obs_47_vel_y,obs_47_vel_z,obs_48_pos_x,obs_48_pos_y,obs_48_pos_z,obs_48_vel_x,obs_48_vel_y,obs_48_vel_z,obs_49_pos_x,obs_49_pos_y,obs_49_pos_z,obs_49_vel_x,obs_49_vel_y,obs_49_vel_z,obs_50_pos_x,obs_50_pos_y,obs_50_pos_z,obs_50_vel_x,obs_50_vel_y,obs_50_vel_z
2.80344892,-10.0,0.0,0.0,0.0,0.0,0.0,0,0,0,0,0,0,5.0,0.0,0.0,7.35,-5.0,-1.0,0.0,0.0,0.0,7.35,-3.0,-1.0,0.0,0.0,0.0,7.35,-1.0,-1.0,0.0,0.0,0.0,7.35,-5.0,1.0,0.0,0.0,0.0,7.35,-3.0,1.0,0.0,0.0,0.0,7.35,-1.0,1.0,0.0,0.0,0.0,4.78,-2.62,-1.0,0.0,0.0,0.0,4.78,-0.62,-1.0,0.0,0.0,0.0,4.78,1.38,-1.0,0.0,0.0,0.0,4.78,-2.62,1.0,0.0,0.0,0.0,4.78,-0.62,1.0,0.0,0.0,0.0,4.78,1.38,1.0,0.0,0.0,0.0,5.26,-6.4,-1.0,0.0,0.0,0.0,5.26,-4.4,-1.0,0.0,0.0,0.0,5.26,-2.4,-1.0,0.0,0.0,0.0,5.26,-6.4,1.0,0.0,0.0,0.0,5.26,-4.4,1.0,0.0,0.0,0.0,5.26,-2.4,1.0,0.0,0.0,0.0,-0.02,-0.9699999999999989,-1.7007999999999974,0.0,0.7500000000000284,1.2300000000000644,-3.42,1.2835999999999992,-1.5668000000000024,0.0,-0.41000000000002146,0.32999999999994145,-3.42,3.283599999999999,-1.5668000000000024,0.0,-0.41000000000002146,0.32999999999994145,0,0,0,0,0,0,0,0,0,0,0,0,0,0,0,0,0,0,0,0,0,0,0,0,0,0,0,0,0,0,0,0,0,0,0,0,0,0,0,0,0,0,0,0,0,0,0,0,0,0,0,0,0,0,0,0,0,0,0,0,0,0,0,0,0,0,0,0,0,0,0,0,0,0,0,0,0,0,0,0,0,0,0,0,0,0,0,0,0,0,0,0,0,0,0,0,0,0,0,0,0,0,0,0,0,0,0,0,0,0,0,0,0,0,0,0,0,0,0,0,0,0,0,0,0,0,0,0,0,0,0,0,0,0,0,0,0,0,0,0,0,0,0,0,0,0,0,0,0,0,0,0,0,0,0,0,0,0,0,0,0,0,0,0,0,0,0,0,0,0,0,0,0,0
2.900682203,-10.0,0.0,0.0,0.0,0.0,0.0,0,0,0,0,0,0,5.0,0.0,0.0,7.35,-5.0,-1.0,0.0,0.0,0.0,7.35,-3.0,-1.0,0.0,0.0,0.0,7.35,-1.0,-1.0,0.0,0.0,0.0,7.35,-5.0,1.0,0.0,0.0,0.0,7.35,-3.0,1.0,0.0,0.0,0.0,7.35,-1.0,1.0,0.0,0.0,0.0,4.78,-2.62,-1.0,0.0,0.0,0.0,4.78,-0.62,-1.0,0.0,0.0,0.0,4.78,1.38,-1.0,0.0,0.0,0.0,4.78,-2.62,1.0,0.0,0.0,0.0,4.78,-0.62,1.0,0.0,0.0,0.0,4.78,1.38,1.0,0.0,0.0,0.0,5.26,-6.4,-1.0,0.0,0.0,0.0,5.26,-4.4,-1.0,0.0,0.0,0.0,5.26,-2.4,-1.0,0.0,0.0,0.0,5.26,-6.4,1.0,0.0,0.0,0.0,5.26,-4.4,1.0,0.0,0.0,0.0,5.26,-2.4,1.0,0.0,0.0,0.0,-0.02,-0.9099999999999966,-1.6023999999999923,0.0,0.7500000000000284,1.2300000000000644,-3.42,1.2507999999999975,-1.540400000000007,0.0,-0.41000000000002146,0.32999999999994145,-3.42,3.2507999999999972,-1.540400000000007,0.0,-0.41000000000002146,0.32999999999994145,0,0,0,0,0,0,0,0,0,0,0,0,0,0,0,0,0,0,0,0,0,0,0,0,0,0,0,0,0,0,0,0,0,0,0,0,0,0,0,0,0,0,0,0,0,0,0,0,0,0,0,0,0,0,0,0,0,0,0,0,0,0,0,0,0,0,0,0,0,0,0,0,0,0,0,0,0,0,0,0,0,0,0,0,0,0,0,0,0,0,0,0,0,0,0,0,0,0,0,0,0,0,0,0,0,0,0,0,0,0,0,0,0,0,0,0,0,0,0,0,0,0,0,0,0,0,0,0,0,0,0,0,0,0,0,0,0,0,0,0,0,0,0,0,0,0,0,0,0,0,0,0,0,0,0,0,0,0,0,0,0,0,0,0,0,0,0,0,0,0,0,0,0,0
3.003555182,-10.0,0.0,0.0,0.0,0.0,0.0,0,0,0,0,0,0,5.0,0.0,0.0,7.35,-5.0,-1.0,0.0,0.0,0.0,7.35,-3.0,-1.0,0.0,0.0,0.0,7.35,-1.0,-1.0,0.0,0.0,0.0,7.35,-5.0,1.0,0.0,0.0,0.0,7.35,-3.0,1.0,0.0,0.0,0.0,7.35,-1.0,1.0,0.0,0.0,0.0,4.78,-2.62,-1.0,0.0,0.0,0.0,4.78,-0.62,-1.0,0.0,0.0,0.0,4.78,1.38,-1.0,0.0,0.0,0.0,4.78,-2.62,1.0,0.0,0.0,0.0,4.78,-0.62,1.0,0.0,0.0,0.0,4.78,1.38,1.0,0.0,0.0,0.0,5.26,-6.4,-1.0,0.0,0.0,0.0,5.26,-4.4,-1.0,0.0,0.0,0.0,5.26,-2.4,-1.0,0.0,0.0,0.0,5.26,-6.4,1.0,0.0,0.0,0.0,5.26,-4.4,1.0,0.0,0.0,0.0,5.26,-2.4,1.0,0.0,0.0,0.0,-0.02,-0.8499999999999943,-1.5039999999999871,0.0,0.7500000000000284,1.2300000000000644,-3.42,1.2179999999999958,-1.5140000000000118,0.0,-0.41000000000002146,0.32999999999994145,-3.42,3.2179999999999955,-1.5140000000000118,0.0,-0.41000000000002146,0.32999999999994145,0,0,0,0,0,0,0,0,0,0,0,0,0,0,0,0,0,0,0,0,0,0,0,0,0,0,0,0,0,0,0,0,0,0,0,0,0,0,0,0,0,0,0,0,0,0,0,0,0,0,0,0,0,0,0,0,0,0,0,0,0,0,0,0,0,0,0,0,0,0,0,0,0,0,0,0,0,0,0,0,0,0,0,0,0,0,0,0,0,0,0,0,0,0,0,0,0,0,0,0,0,0,0,0,0,0,0,0,0,0,0,0,0,0,0,0,0,0,0,0,0,0,0,0,0,0,0,0,0,0,0,0,0,0,0,0,0,0,0,0,0,0,0,0,0,0,0,0,0,0,0,0,0,0,0,0,0,0,0,0,0,0,0,0,0,0,0,0,0,0,0,0,0,0
3.102508903,-10.0,0.0,0.0,0.0,0.0,0.0,0,0,0,0,0,0,5.0,0.0,0.0,7.35,-5.0,-1.0,0.0,0.0,0.0,7.35,-3.0,-1.0,0.0,0.0,0.0,7.35,-1.0,-1.0,0.0,0.0,0.0,7.35,-5.0,1.0,0.0,0.0,0.0,7.35,-3.0,1.0,0.0,0.0,0.0,7.35,-1.0,1.0,0.0,0.0,0.0,4.78,-2.62,-1.0,0.0,0.0,0.0,4.78,-0.62,-1.0,0.0,0.0,0.0,4.78,1.38,-1.0,0.0,0.0,0.0,4.78,-2.62,1.0,0.0,0.0,0.0,4.78,-0.62,1.0,0.0,0.0,0.0,4.78,1.38,1.0,0.0,0.0,0.0,5.26,-6.4,-1.0,0.0,0.0,0.0,5.26,-4.4,-1.0,0.0,0.0,0.0,5.26,-2.4,-1.0,0.0,0.0,0.0,5.26,-6.4,1.0,0.0,0.0,0.0,5.26,-4.4,1.0,0.0,0.0,0.0,5.26,-2.4,1.0,0.0,0.0,0.0,-0.02,-0.789999999999992,-1.405599999999982,0.0,0.7500000000000284,1.2300000000000644,-3.42,1.185199999999994,-1.4876000000000165,0.0,-0.41000000000002146,0.32999999999994145,-3.42,3.185199999999994,-1.4876000000000165,0.0,-0.41000000000002146,0.32999999999994145,0,0,0,0,0,0,0,0,0,0,0,0,0,0,0,0,0,0,0,0,0,0,0,0,0,0,0,0,0,0,0,0,0,0,0,0,0,0,0,0,0,0,0,0,0,0,0,0,0,0,0,0,0,0,0,0,0,0,0,0,0,0,0,0,0,0,0,0,0,0,0,0,0,0,0,0,0,0,0,0,0,0,0,0,0,0,0,0,0,0,0,0,0,0,0,0,0,0,0,0,0,0,0,0,0,0,0,0,0,0,0,0,0,0,0,0,0,0,0,0,0,0,0,0,0,0,0,0,0,0,0,0,0,0,0,0,0,0,0,0,0,0,0,0,0,0,0,0,0,0,0,0,0,0,0,0,0,0,0,0,0,0,0,0,0,0,0,0,0,0,0,0,0,0
3.201326248,-10.0,0.0,0.0,0.0,0.0,0.0,0,0,0,0,0,0,5.0,0.0,0.0,7.35,-5.0,-1.0,0.0,0.0,0.0,7.35,-3.0,-1.0,0.0,0.0,0.0,7.35,-1.0,-1.0,0.0,0.0,0.0,7.35,-5.0,1.0,0.0,0.0,0.0,7.35,-3.0,1.0,0.0,0.0,0.0,7.35,-1.0,1.0,0.0,0.0,0.0,4.78,-2.62,-1.0,0.0,0.0,0.0,4.78,-0.62,-1.0,0.0,0.0,0.0,4.78,1.38,-1.0,0.0,0.0,0.0,4.78,-2.62,1.0,0.0,0.0,0.0,4.78,-0.62,1.0,0.0,0.0,0.0,4.78,1.38,1.0,0.0,0.0,0.0,5.26,-6.4,-1.0,0.0,0.0,0.0,5.26,-4.4,-1.0,0.0,0.0,0.0,5.26,-2.4,-1.0,0.0,0.0,0.0,5.26,-6.4,1.0,0.0,0.0,0.0,5.26,-4.4,1.0,0.0,0.0,0.0,5.26,-2.4,1.0,0.0,0.0,0.0,-0.02,-0.7449999999999903,-1.3317999999999781,0.0,0.7500000000000284,1.2300000000000644,-3.42,1.1605999999999927,-1.46780000000002,0.0,-0.41000000000002146,0.32999999999994145,-3.42,3.1605999999999925,-1.46780000000002,0.0,-0.41000000000002146,0.32999999999994145,0,0,0,0,0,0,0,0,0,0,0,0,0,0,0,0,0,0,0,0,0,0,0,0,0,0,0,0,0,0,0,0,0,0,0,0,0,0,0,0,0,0,0,0,0,0,0,0,0,0,0,0,0,0,0,0,0,0,0,0,0,0,0,0,0,0,0,0,0,0,0,0,0,0,0,0,0,0,0,0,0,0,0,0,0,0,0,0,0,0,0,0,0,0,0,0,0,0,0,0,0,0,0,0,0,0,0,0,0,0,0,0,0,0,0,0,0,0,0,0,0,0,0,0,0,0,0,0,0,0,0,0,0,0,0,0,0,0,0,0,0,0,0,0,0,0,0,0,0,0,0,0,0,0,0,0,0,0,0,0,0,0,0,0,0,0,0,0,0,0,0,0,0,0
3.301949724,-10.0,0.0,0.0,0.0,0.0,0.0,0,0,0,0,0,0,5.0,0.0,0.0,7.35,-5.0,-1.0,0.0,0.0,0.0,7.35,-3.0,-1.0,0.0,0.0,0.0,7.35,-1.0,-1.0,0.0,0.0,0.0,7.35,-5.0,1.0,0.0,0.0,0.0,7.35,-3.0,1.0,0.0,0.0,0.0,7.35,-1.0,1.0,0.0,0.0,0.0,4.78,-2.62,-1.0,0.0,0.0,0.0,4.78,-0.62,-1.0,0.0,0.0,0.0,4.78,1.38,-1.0,0.0,0.0,0.0,4.78,-2.62,1.0,0.0,0.0,0.0,4.78,-0.62,1.0,0.0,0.0,0.0,4.78,1.38,1.0,0.0,0.0,0.0,5.26,-6.4,-1.0,0.0,0.0,0.0,5.26,-4.4,-1.0,0.0,0.0,0.0,5.26,-2.4,-1.0,0.0,0.0,0.0,5.26,-6.4,1.0,0.0,0.0,0.0,5.26,-4.4,1.0,0.0,0.0,0.0,5.26,-2.4,1.0,0.0,0.0,0.0,-0.02,-0.6999999999999886,-1.2579999999999742,0.0,0.7500000000000284,1.2300000000000644,-3.42,1.1359999999999915,-1.4480000000000235,0.0,-0.41000000000002146,0.32999999999994145,-3.42,3.1359999999999912,-1.4480000000000235,0.0,-0.41000000000002146,0.32999999999994145,0,0,0,0,0,0,0,0,0,0,0,0,0,0,0,0,0,0,0,0,0,0,0,0,0,0,0,0,0,0,0,0,0,0,0,0,0,0,0,0,0,0,0,0,0,0,0,0,0,0,0,0,0,0,0,0,0,0,0,0,0,0,0,0,0,0,0,0,0,0,0,0,0,0,0,0,0,0,0,0,0,0,0,0,0,0,0,0,0,0,0,0,0,0,0,0,0,0,0,0,0,0,0,0,0,0,0,0,0,0,0,0,0,0,0,0,0,0,0,0,0,0,0,0,0,0,0,0,0,0,0,0,0,0,0,0,0,0,0,0,0,0,0,0,0,0,0,0,0,0,0,0,0,0,0,0,0,0,0,0,0,0,0,0,0,0,0,0,0,0,0,0,0,0
3.403402735,-10.0,0.0,0.0,0.0,0.0,0.0,0,0,0,0,0,0,5.0,0.0,0.0,7.35,-5.0,-1.0,0.0,0.0,0.0,7.35,-3.0,-1.0,0.0,0.0,0.0,7.35,-1.0,-1.0,0.0,0.0,0.0,7.35,-5.0,1.0,0.0,0.0,0.0,7.35,-3.0,1.0,0.0,0.0,0.0,7.35,-1.0,1.0,0.0,0.0,0.0,4.78,-2.62,-1.0,0.0,0.0,0.0,4.78,-0.62,-1.0,0.0,0.0,0.0,4.78,1.38,-1.0,0.0,0.0,0.0,4.78,-2.62,1.0,0.0,0.0,0.0,4.78,-0.62,1.0,0.0,0.0,0.0,4.78,1.38,1.0,0.0,0.0,0.0,5.26,-6.4,-1.0,0.0,0.0,0.0,5.26,-4.4,-1.0,0.0,0.0,0.0,5.26,-2.4,-1.0,0.0,0.0,0.0,5.26,-6.4,1.0,0.0,0.0,0.0,5.26,-4.4,1.0,0.0,0.0,0.0,5.26,-2.4,1.0,0.0,0.0,0.0,-0.02,-0.6549999999999869,-1.1841999999999704,0.0,0.7500000000000284,1.2300000000000644,-3.42,1.1113999999999902,-1.428200000000027,0.0,-0.41000000000002146,0.32999999999994145,-3.42,3.11139999999999,-1.428200000000027,0.0,-0.41000000000002146,0.32999999999994145,0,0,0,0,0,0,0,0,0,0,0,0,0,0,0,0,0,0,0,0,0,0,0,0,0,0,0,0,0,0,0,0,0,0,0,0,0,0,0,0,0,0,0,0,0,0,0,0,0,0,0,0,0,0,0,0,0,0,0,0,0,0,0,0,0,0,0,0,0,0,0,0,0,0,0,0,0,0,0,0,0,0,0,0,0,0,0,0,0,0,0,0,0,0,0,0,0,0,0,0,0,0,0,0,0,0,0,0,0,0,0,0,0,0,0,0,0,0,0,0,0,0,0,0,0,0,0,0,0,0,0,0,0,0,0,0,0,0,0,0,0,0,0,0,0,0,0,0,0,0,0,0,0,0,0,0,0,0,0,0,0,0,0,0,0,0,0,0,0,0,0,0,0,0
3.502742536,-10.0,0.0,0.0,0.0,0.0,0.0,0,0,0,0,0,0,5.0,0.0,0.0,7.35,-5.0,-1.0,0.0,0.0,0.0,7.35,-3.0,-1.0,0.0,0.0,0.0,7.35,-1.0,-1.0,0.0,0.0,0.0,7.35,-5.0,1.0,0.0,0.0,0.0,7.35,-3.0,1.0,0.0,0.0,0.0,7.35,-1.0,1.0,0.0,0.0,0.0,4.78,-2.62,-1.0,0.0,0.0,0.0,4.78,-0.62,-1.0,0.0,0.0,0.0,4.78,1.38,-1.0,0.0,0.0,0.0,4.78,-2.62,1.0,0.0,0.0,0.0,4.78,-0.62,1.0,0.0,0.0,0.0,4.78,1.38,1.0,0.0,0.0,0.0,5.26,-6.4,-1.0,0.0,0.0,0.0,5.26,-4.4,-1.0,0.0,0.0,0.0,5.26,-2.4,-1.0,0.0,0.0,0.0,5.26,-6.4,1.0,0.0,0.0,0.0,5.26,-4.4,1.0,0.0,0.0,0.0,5.26,-2.4,1.0,0.0,0.0,0.0,-0.02,-0.6249999999999858,-1.1349999999999678,0.0,0.7500000000000284,1.2300000000000644,-3.42,1.0949999999999893,-1.4150000000000293,0.0,-0.41000000000002146,0.32999999999994145,-3.42,3.094999999999989,-1.4150000000000293,0.0,-0.41000000000002146,0.32999999999994145,0,0,0,0,0,0,0,0,0,0,0,0,0,0,0,0,0,0,0,0,0,0,0,0,0,0,0,0,0,0,0,0,0,0,0,0,0,0,0,0,0,0,0,0,0,0,0,0,0,0,0,0,0,0,0,0,0,0,0,0,0,0,0,0,0,0,0,0,0,0,0,0,0,0,0,0,0,0,0,0,0,0,0,0,0,0,0,0,0,0,0,0,0,0,0,0,0,0,0,0,0,0,0,0,0,0,0,0,0,0,0,0,0,0,0,0,0,0,0,0,0,0,0,0,0,0,0,0,0,0,0,0,0,0,0,0,0,0,0,0,0,0,0,0,0,0,0,0,0,0,0,0,0,0,0,0,0,0,0,0,0,0,0,0,0,0,0,0,0,0,0,0,0,0
3.601917751,-10.0,0.0,0.0,0.0,0.0,0.0,0,0,0,0,0,0,5.0,0.0,0.0,7.35,-5.0,-1.0,0.0,0.0,0.0,7.35,-3.0,-1.0,0.0,0.0,0.0,7.35,-1.0,-1.0,0.0,0.0,0.0,7.35,-5.0,1.0,0.0,0.0,0.0,7.35,-3.0,1.0,0.0,0.0,0.0,7.35,-1.0,1.0,0.0,0.0,0.0,4.78,-2.62,-1.0,0.0,0.0,0.0,4.78,-0.62,-1.0,0.0,0.0,0.0,4.78,1.38,-1.0,0.0,0.0,0.0,4.78,-2.62,1.0,0.0,0.0,0.0,4.78,-0.62,1.0,0.0,0.0,0.0,4.78,1.38,1.0,0.0,0.0,0.0,5.26,-6.4,-1.0,0.0,0.0,0.0,5.26,-4.4,-1.0,0.0,0.0,0.0,5.26,-2.4,-1.0,0.0,0.0,0.0,5.26,-6.4,1.0,0.0,0.0,0.0,5.26,-4.4,1.0,0.0,0.0,0.0,5.26,-2.4,1.0,0.0,0.0,0.0,-0.02,-0.5649999999999835,-1.0365999999999627,0.0,0.7500000000000284,1.2300000000000644,-3.42,1.070399999999988,-1.3952000000000329,0.0,-0.41000000000002146,0.32999999999994145,-3.42,3.070399999999988,-1.3952000000000329,0.0,-0.41000000000002146,0.32999999999994145,0,0,0,0,0,0,0,0,0,0,0,0,0,0,0,0,0,0,0,0,0,0,0,0,0,0,0,0,0,0,0,0,0,0,0,0,0,0,0,0,0,0,0,0,0,0,0,0,0,0,0,0,0,0,0,0,0,0,0,0,0,0,0,0,0,0,0,0,0,0,0,0,0,0,0,0,0,0,0,0,0,0,0,0,0,0,0,0,0,0,0,0,0,0,0,0,0,0,0,0,0,0,0,0,0,0,0,0,0,0,0,0,0,0,0,0,0,0,0,0,0,0,0,0,0,0,0,0,0,0,0,0,0,0,0,0,0,0,0,0,0,0,0,0,0,0,0,0,0,0,0,0,0,0,0,0,0,0,0,0,0,0,0,0,0,0,0,0,0,0,0,0,0,0
3.703859196,-10.0,0.0,0.0,0.0,0.0,0.0,0,0,0,0,0,0,5.0,0.0,0.0,7.35,-5.0,-1.0,0.0,0.0,0.0,7.35,-3.0,-1.0,0.0,0.0,0.0,7.35,-1.0,-1.0,0.0,0.0,0.0,7.35,-5.0,1.0,0.0,0.0,0.0,7.35,-3.0,1.0,0.0,0.0,0.0,7.35,-1.0,1.0,0.0,0.0,0.0,4.78,-2.62,-1.0,0.0,0.0,0.0,4.78,-0.62,-1.0,0.0,0.0,0.0,4.78,1.38,-1.0,0.0,0.0,0.0,4.78,-2.62,1.0,0.0,0.0,0.0,4.78,-0.62,1.0,0.0,0.0,0.0,4.78,1.38,1.0,0.0,0.0,0.0,5.26,-6.4,-1.0,0.0,0.0,0.0,5.26,-4.4,-1.0,0.0,0.0,0.0,5.26,-2.4,-1.0,0.0,0.0,0.0,5.26,-6.4,1.0,0.0,0.0,0.0,5.26,-4.4,1.0,0.0,0.0,0.0,5.26,-2.4,1.0,0.0,0.0,0.0,-0.02,-0.549999999999983,-1.0119999999999614,0.0,0.7500000000000284,1.2300000000000644,-3.42,1.0539999999999872,-1.3820000000000352,0.0,-0.41000000000002146,0.32999999999994145,-3.42,3.053999999999987,-1.3820000000000352,0.0,-0.41000000000002146,0.32999999999994145,0,0,0,0,0,0,0,0,0,0,0,0,0,0,0,0,0,0,0,0,0,0,0,0,0,0,0,0,0,0,0,0,0,0,0,0,0,0,0,0,0,0,0,0,0,0,0,0,0,0,0,0,0,0,0,0,0,0,0,0,0,0,0,0,0,0,0,0,0,0,0,0,0,0,0,0,0,0,0,0,0,0,0,0,0,0,0,0,0,0,0,0,0,0,0,0,0,0,0,0,0,0,0,0,0,0,0,0,0,0,0,0,0,0,0,0,0,0,0,0,0,0,0,0,0,0,0,0,0,0,0,0,0,0,0,0,0,0,0,0,0,0,0,0,0,0,0,0,0,0,0,0,0,0,0,0,0,0,0,0,0,0,0,0,0,0,0,0,0,0,0,0,0,0
3.80297348,-10.0,0.0,0.0,0.0,0.0,0.0,0,0,0,0,0,0,5.0,0.0,0.0,7.35,-5.0,-1.0,0.0,0.0,0.0,7.35,-3.0,-1.0,0.0,0.0,0.0,7.35,-1.0,-1.0,0.0,0.0,0.0,7.35,-5.0,1.0,0.0,0.0,0.0,7.35,-3.0,1.0,0.0,0.0,0.0,7.35,-1.0,1.0,0.0,0.0,0.0,4.78,-2.62,-1.0,0.0,0.0,0.0,4.78,-0.62,-1.0,0.0,0.0,0.0,4.78,1.38,-1.0,0.0,0.0,0.0,4.78,-2.62,1.0,0.0,0.0,0.0,4.78,-0.62,1.0,0.0,0.0,0.0,4.78,1.38,1.0,0.0,0.0,0.0,5.26,-6.4,-1.0,0.0,0.0,0.0,5.26,-4.4,-1.0,0.0,0.0,0.0,5.26,-2.4,-1.0,0.0,0.0,0.0,5.26,-6.4,1.0,0.0,0.0,0.0,5.26,-4.4,1.0,0.0,0.0,0.0,5.26,-2.4,1.0,0.0,0.0,0.0,-0.02,-0.5199999999999818,-0.9627999999999622,0.0,0.7500000000000284,1.2299999999999536,-3.42,1.0375999999999863,-1.3688000000000375,0.0,-0.41000000000002146,0.32999999999994145,-3.42,3.037599999999986,-1.3688000000000375,0.0,-0.41000000000002146,0.32999999999994145,0,0,0,0,0,0,0,0,0,0,0,0,0,0,0,0,0,0,0,0,0,0,0,0,0,0,0,0,0,0,0,0,0,0,0,0,0,0,0,0,0,0,0,0,0,0,0,0,0,0,0,0,0,0,0,0,0,0,0,0,0,0,0,0,0,0,0,0,0,0,0,0,0,0,0,0,0,0,0,0,0,0,0,0,0,0,0,0,0,0,0,0,0,0,0,0,0,0,0,0,0,0,0,0,0,0,0,0,0,0,0,0,0,0,0,0,0,0,0,0,0,0,0,0,0,0,0,0,0,0,0,0,0,0,0,0,0,0,0,0,0,0,0,0,0,0,0,0,0,0,0,0,0,0,0,0,0,0,0,0,0,0,0,0,0,0,0,0,0,0,0,0,0,0
3.901775656,-10.0,0.0,0.0,0.0,0.0,0.0,0,0,0,0,0,0,5.0,0.0,0.0,7.35,-5.0,-1.0,0.0,0.0,0.0,7.35,-3.0,-1.0,0.0,0.0,0.0,7.35,-1.0,-1.0,0.0,0.0,0.0,7.35,-5.0,1.0,0.0,0.0,0.0,7.35,-3.0,1.0,0.0,0.0,0.0,7.35,-1.0,1.0,0.0,0.0,0.0,4.78,-2.62,-1.0,0.0,0.0,0.0,4.78,-0.62,-1.0,0.0,0.0,0.0,4.78,1.38,-1.0,0.0,0.0,0.0,4.78,-2.62,1.0,0.0,0.0,0.0,4.78,-0.62,1.0,0.0,0.0,0.0,4.78,1.38,1.0,0.0,0.0,0.0,5.26,-6.4,-1.0,0.0,0.0,0.0,5.26,-4.4,-1.0,0.0,0.0,0.0,5.26,-2.4,-1.0,0.0,0.0,0.0,5.26,-6.4,1.0,0.0,0.0,0.0,5.26,-4.4,1.0,0.0,0.0,0.0,5.26,-2.4,1.0,0.0,0.0,0.0,-0.02,-0.5049999999999812,-0.9381999999999632,0.0,0.7500000000000284,1.2299999999999536,-3.42,1.0293999999999859,-1.3622000000000387,0.0,-0.41000000000002146,0.32999999999994145,-3.42,3.0293999999999857,-1.3622000000000387,0.0,-0.41000000000002146,0.32999999999994145,0,0,0,0,0,0,0,0,0,0,0,0,0,0,0,0,0,0,0,0,0,0,0,0,0,0,0,0,0,0,0,0,0,0,0,0,0,0,0,0,0,0,0,0,0,0,0,0,0,0,0,0,0,0,0,0,0,0,0,0,0,0,0,0,0,0,0,0,0,0,0,0,0,0,0,0,0,0,0,0,0,0,0,0,0,0,0,0,0,0,0,0,0,0,0,0,0,0,0,0,0,0,0,0,0,0,0,0,0,0,0,0,0,0,0,0,0,0,0,0,0,0,0,0,0,0,0,0,0,0,0,0,0,0,0,0,0,0,0,0,0,0,0,0,0,0,0,0,0,0,0,0,0,0,0,0,0,0,0,0,0,0,0,0,0,0,0,0,0,0,0,0,0,0
4.000773869,-10.0,0.0,0.0,0.0,0.0,0.0,0,0,0,0,0,0,5.0,0.0,0.0,7.35,-5.0,-1.0,0.0,0.0,0.0,7.35,-3.0,-1.0,0.0,0.0,0.0,7.35,-1.0,-1.0,0.0,0.0,0.0,7.35,-5.0,1.0,0.0,0.0,0.0,7.35,-3.0,1.0,0.0,0.0,0.0,7.35,-1.0,1.0,0.0,0.0,0.0,4.78,-2.62,-1.0,0.0,0.0,0.0,4.78,-0.62,-1.0,0.0,0.0,0.0,4.78,1.38,-1.0,0.0,0.0,0.0,4.78,-2.62,1.0,0.0,0.0,0.0,4.78,-0.62,1.0,0.0,0.0,0.0,4.78,1.38,1.0,0.0,0.0,0.0,5.26,-6.4,-1.0,0.0,0.0,0.0,5.26,-4.4,-1.0,0.0,0.0,0.0,5.26,-2.4,-1.0,0.0,0.0,0.0,5.26,-6.4,1.0,0.0,0.0,0.0,5.26,-4.4,1.0,0.0,0.0,0.0,5.26,-2.4,1.0,0.0,0.0,0.0,-0.02,-0.45999999999998253,-0.864399999999966,0.0,0.749999999999973,1.2299999999999536,-3.42,1.0047999999999846,-1.3424000000000422,0.0,-0.41000000000002146,0.32999999999994145,-3.42,3.0047999999999844,-1.3424000000000422,0.0,-0.41000000000002146,0.32999999999994145,0,0,0,0,0,0,0,0,0,0,0,0,0,0,0,0,0,0,0,0,0,0,0,0,0,0,0,0,0,0,0,0,0,0,0,0,0,0,0,0,0,0,0,0,0,0,0,0,0,0,0,0,0,0,0,0,0,0,0,0,0,0,0,0,0,0,0,0,0,0,0,0,0,0,0,0,0,0,0,0,0,0,0,0,0,0,0,0,0,0,0,0,0,0,0,0,0,0,0,0,0,0,0,0,0,0,0,0,0,0,0,0,0,0,0,0,0,0,0,0,0,0,0,0,0,0,0,0,0,0,0,0,0,0,0,0,0,0,0,0,0,0,0,0,0,0,0,0,0,0,0,0,0,0,0,0,0,0,0,0,0,0,0,0,0,0,0,0,0,0,0,0,0,0
4.105698554,-10.0,0.0,0.0,0.0,0.0,0.0,0,0,0,0,0,0,5.0,0.0,0.0,7.35,-5.0,-1.0,0.0,0.0,0.0,7.35,-3.0,-1.0,0.0,0.0,0.0,7.35,-1.0,-1.0,0.0,0.0,0.0,7.35,-5.0,1.0,0.0,0.0,0.0,7.35,-3.0,1.0,0.0,0.0,0.0,7.35,-1.0,1.0,0.0,0.0,0.0,4.78,-2.62,-1.0,0.0,0.0,0.0,4.78,-0.62,-1.0,0.0,0.0,0.0,4.78,1.38,-1.0,0.0,0.0,0.0,4.78,-2.62,1.0,0.0,0.0,0.0,4.78,-0.62,1.0,0.0,0.0,0.0,4.78,1.38,1.0,0.0,0.0,0.0,5.26,-6.4,-1.0,0.0,0.0,0.0,5.26,-4.4,-1.0,0.0,0.0,0.0,5.26,-2.4,-1.0,0.0,0.0,0.0,5.26,-6.4,1.0,0.0,0.0,0.0,5.26,-4.4,1.0,0.0,0.0,0.0,5.26,-2.4,1.0,0.0,0.0,0.0,-0.02,-0.3999999999999847,-0.7659999999999697,0.0,0.749999999999973,1.2299999999999536,-3.42,0.9719999999999829,-1.316000000000047,0.0,-0.41000000000002146,0.32999999999994145,-3.42,2.9719999999999827,-1.316000000000047,0.0,-0.41000000000002146,0.32999999999994145,0,0,0,0,0,0,0,0,0,0,0,0,0,0,0,0,0,0,0,0,0,0,0,0,0,0,0,0,0,0,0,0,0,0,0,0,0,0,0,0,0,0,0,0,0,0,0,0,0,0,0,0,0,0,0,0,0,0,0,0,0,0,0,0,0,0,0,0,0,0,0,0,0,0,0,0,0,0,0,0,0,0,0,0,0,0,0,0,0,0,0,0,0,0,0,0,0,0,0,0,0,0,0,0,0,0,0,0,0,0,0,0,0,0,0,0,0,0,0,0,0,0,0,0,0,0,0,0,0,0,0,0,0,0,0,0,0,0,0,0,0,0,0,0,0,0,0,0,0,0,0,0,0,0,0,0,0,0,0,0,0,0,0,0,0,0,0,0,0,0,0,0,0,0
4.201533397,-10.0,0.0,0.0,0.0,0.0,0.0,0,0,0,0,0,0,5.0,0.0,0.0,7.35,-5.0,-1.0,0.0,0.0,0.0,7.35,-3.0,-1.0,0.0,0.0,0.0,7.35,-1.0,-1.0,0.0,0.0,0.0,7.35,-5.0,1.0,0.0,0.0,0.0,7.35,-3.0,1.0,0.0,0.0,0.0,7.35,-1.0,1.0,0.0,0.0,0.0,4.78,-2.62,-1.0,0.0,0.0,0.0,4.78,-0.62,-1.0,0.0,0.0,0.0,4.78,1.38,-1.0,0.0,0.0,0.0,4.78,-2.62,1.0,0.0,0.0,0.0,4.78,-0.62,1.0,0.0,0.0,0.0,4.78,1.38,1.0,0.0,0.0,0.0,5.26,-6.4,-1.0,0.0,0.0,0.0,5.26,-4.4,-1.0,0.0,0.0,0.0,5.26,-2.4,-1.0,0.0,0.0,0.0,5.26,-6.4,1.0,0.0,0.0,0.0,5.26,-4.4,1.0,0.0,0.0,0.0,5.26,-2.4,1.0,0.0,0.0,0.0,-0.02,-0.3549999999999863,-0.6921999999999725,0.0,0.749999999999973,1.2299999999999536,-3.42,0.9473999999999816,-1.2962000000000504,0.0,-0.41000000000002146,0.32999999999994145,-3.42,2.9473999999999814,-1.2962000000000504,0.0,-0.41000000000002146,0.32999999999994145,0,0,0,0,0,0,0,0,0,0,0,0,0,0,0,0,0,0,0,0,0,0,0,0,0,0,0,0,0,0,0,0,0,0,0,0,0,0,0,0,0,0,0,0,0,0,0,0,0,0,0,0,0,0,0,0,0,0,0,0,0,0,0,0,0,0,0,0,0,0,0,0,0,0,0,0,0,0,0,0,0,0,0,0,0,0,0,0,0,0,0,0,0,0,0,0,0,0,0,0,0,0,0,0,0,0,0,0,0,0,0,0,0,0,0,0,0,0,0,0,0,0,0,0,0,0,0,0,0,0,0,0,0,0,0,0,0,0,0,0,0,0,0,0,0,0,0,0,0,0,0,0,0,0,0,0,0,0,0,0,0,0,0,0,0,0,0,0,0,0,0,0,0,0
4.301943451,-10.0,0.0,0.0,0.0,0.0,0.0,0,0,0,0,0,0,5.0,0.0,0.0,7.35,-5.0,-1.0,0.0,0.0,0.0,7.35,-3.0,-1.0,0.0,0.0,0.0,7.35,-1.0,-1.0,0.0,0.0,0.0,7.35,-5.0,1.0,0.0,0.0,0.0,7.35,-3.0,1.0,0.0,0.0,0.0,7.35,-1.0,1.0,0.0,0.0,0.0,4.78,-2.62,-1.0,0.0,0.0,0.0,4.78,-0.62,-1.0,0.0,0.0,0.0,4.78,1.38,-1.0,0.0,0.0,0.0,4.78,-2.62,1.0,0.0,0.0,0.0,4.78,-0.62,1.0,0.0,0.0,0.0,4.78,1.38,1.0,0.0,0.0,0.0,5.26,-6.4,-1.0,0.0,0.0,0.0,5.26,-4.4,-1.0,0.0,0.0,0.0,5.26,-2.4,-1.0,0.0,0.0,0.0,5.26,-6.4,1.0,0.0,0.0,0.0,5.26,-4.4,1.0,0.0,0.0,0.0,5.26,-2.4,1.0,0.0,0.0,0.0,-0.02,-0.2949999999999885,-0.5937999999999762,0.0,0.749999999999973,1.2299999999999536,-3.42,0.9145999999999799,-1.269800000000055,0.0,-0.41000000000002146,0.32999999999994145,-3.42,2.9145999999999797,-1.269800000000055,0.0,-0.41000000000002146,0.32999999999994145,0,0,0,0,0,0,0,0,0,0,0,0,0,0,0,0,0,0,0,0,0,0,0,0,0,0,0,0,0,0,0,0,0,0,0,0,0,0,0,0,0,0,0,0,0,0,0,0,0,0,0,0,0,0,0,0,0,0,0,0,0,0,0,0,0,0,0,0,0,0,0,0,0,0,0,0,0,0,0,0,0,0,0,0,0,0,0,0,0,0,0,0,0,0,0,0,0,0,0,0,0,0,0,0,0,0,0,0,0,0,0,0,0,0,0,0,0,0,0,0,0,0,0,0,0,0,0,0,0,0,0,0,0,0,0,0,0,0,0,0,0,0,0,0,0,0,0,0,0,0,0,0,0,0,0,0,0,0,0,0,0,0,0,0,0,0,0,0,0,0,0,0,0,0
4.402392405,-10.0,0.0,0.0,0.0,0.0,0.0,0,0,0,0,0,0,5.0,0.0,0.0,7.35,-5.0,-1.0,0.0,0.0,0.0,7.35,-3.0,-1.0,0.0,0.0,0.0,7.35,-1.0,-1.0,0.0,0.0,0.0,7.35,-5.0,1.0,0.0,0.0,0.0,7.35,-3.0,1.0,0.0,0.0,0.0,7.35,-1.0,1.0,0.0,0.0,0.0,4.78,-2.62,-1.0,0.0,0.0,0.0,4.78,-0.62,-1.0,0.0,0.0,0.0,4.78,1.38,-1.0,0.0,0.0,0.0,4.78,-2.62,1.0,0.0,0.0,0.0,4.78,-0.62,1.0,0.0,0.0,0.0,4.78,1.38,1.0,0.0,0.0,0.0,5.26,-6.4,-1.0,0.0,0.0,0.0,5.26,-4.4,-1.0,0.0,0.0,0.0,5.26,-2.4,-1.0,0.0,0.0,0.0,5.26,-6.4,1.0,0.0,0.0,0.0,5.26,-4.4,1.0,0.0,0.0,0.0,5.26,-2.4,1.0,0.0,0.0,0.0,-0.02,-0.2499999999999901,-0.519999999999979,0.0,0.7499999999999758,1.2299999999999536,-3.42,0.8899999999999786,-1.2500000000000586,0.0,-0.41000000000002146,0.32999999999994145,-3.42,2.8899999999999784,-1.2500000000000586,0.0,-0.41000000000002146,0.32999999999994145,0,0,0,0,0,0,0,0,0,0,0,0,0,0,0,0,0,0,0,0,0,0,0,0,0,0,0,0,0,0,0,0,0,0,0,0,0,0,0,0,0,0,0,0,0,0,0,0,0,0,0,0,0,0,0,0,0,0,0,0,0,0,0,0,0,0,0,0,0,0,0,0,0,0,0,0,0,0,0,0,0,0,0,0,0,0,0,0,0,0,0,0,0,0,0,0,0,0,0,0,0,0,0,0,0,0,0,0,0,0,0,0,0,0,0,0,0,0,0,0,0,0,0,0,0,0,0,0,0,0,0,0,0,0,0,0,0,0,0,0,0,0,0,0,0,0,0,0,0,0,0,0,0,0,0,0,0,0,0,0,0,0,0,0,0,0,0,0,0,0,0,0,0,0
4.502647192,-10.0,0.0,0.0,0.0,0.0,0.0,0.1,-0.1,-0.1,2.947157055796719,-2.7021087282102285,-2.8937864357359246,5.0,0.0,0.0,7.35,-5.0,-1.0,0.0,0.0,0.0,7.35,-3.0,-1.0,0.0,0.0,0.0,7.35,-1.0,-1.0,0.0,0.0,0.0,7.35,-5.0,1.0,0.0,0.0,0.0,7.35,-3.0,1.0,0.0,0.0,0.0,7.35,-1.0,1.0,0.0,0.0,0.0,4.78,-2.62,-1.0,0.0,0.0,0.0,4.78,-0.62,-1.0,0.0,0.0,0.0,4.78,1.38,-1.0,0.0,0.0,0.0,4.78,-2.62,1.0,0.0,0.0,0.0,4.78,-0.62,1.0,0.0,0.0,0.0,4.78,1.38,1.0,0.0,0.0,0.0,5.26,-6.4,-1.0,0.0,0.0,0.0,5.26,-4.4,-1.0,0.0,0.0,0.0,5.26,-2.4,-1.0,0.0,0.0,0.0,5.26,-6.4,1.0,0.0,0.0,0.0,5.26,-4.4,1.0,0.0,0.0,0.0,5.26,-2.4,1.0,0.0,0.0,0.0,-0.02,-0.20499999999999005,-0.4461999999999794,0.0,0.7500000000000008,1.230000000000009,-3.42,0.8653999999999773,-1.2302000000000621,0.0,-0.41000000000002146,0.32999999999994145,-3.42,2.865399999999977,-1.2302000000000621,0.0,-0.41000000000002146,0.32999999999994145,0,0,0,0,0,0,0,0,0,0,0,0,0,0,0,0,0,0,0,0,0,0,0,0,0,0,0,0,0,0,0,0,0,0,0,0,0,0,0,0,0,0,0,0,0,0,0,0,0,0,0,0,0,0,0,0,0,0,0,0,0,0,0,0,0,0,0,0,0,0,0,0,0,0,0,0,0,0,0,0,0,0,0,0,0,0,0,0,0,0,0,0,0,0,0,0,0,0,0,0,0,0,0,0,0,0,0,0,0,0,0,0,0,0,0,0,0,0,0,0,0,0,0,0,0,0,0,0,0,0,0,0,0,0,0,0,0,0,0,0,0,0,0,0,0,0,0,0,0,0,0,0,0,0,0,0,0,0,0,0,0,0,0,0,0,0,0,0,0,0,0,0,0,0
4.602198059,-9.99248500000002,-0.007514999999999998,-0.007514999999999998,0.15499999999946112,-0.15499999999999978,-0.15499999999999978,0.155,-0.155,-0.155,3.080811185213397,-3.037059781644856,-2.3296793426413425,4.99999999958677,4.545495867768589e-05,4.545495867768589e-05,7.35,-5.0,-1.0,0.0,0.0,0.0,7.35,-3.0,-1.0,0.0,0.0,0.0,7.35,-1.0,-1.0,0.0,0.0,0.0,7.35,-5.0,1.0,0.0,0.0,0.0,7.35,-3.0,1.0,0.0,0.0,0.0,7.35,-1.0,1.0,0.0,0.0,0.0,4.78,-2.62,-1.0,0.0,0.0,0.0,4.78,-0.62,-1.0,0.0,0.0,0.0,4.78,1.38,-1.0,0.0,0.0,0.0,4.78,-2.62,1.0,0.0,0.0,0.0,4.78,-0.62,1.0,0.0,0.0,0.0,4.78,1.38,1.0,0.0,0.0,0.0,5.26,-6.4,-1.0,0.0,0.0,0.0,5.26,-4.4,-1.0,0.0,0.0,0.0,5.26,-2.4,-1.0,0.0,0.0,0.0,5.26,-6.4,1.0,0.0,0.0,0.0,5.26,-4.4,1.0,0.0,0.0,0.0,5.26,-2.4,1.0,0.0,0.0,0.0,-0.02,-0.15999999999999,-0.37239999999997886,0.0,0.7500000000000008,1.230000000000009,-3.42,0.840799999999976,-1.2104000000000656,0.0,-0.41000000000002146,0.32999999999994145,-3.42,2.840799999999976,-1.2104000000000656,0.0,-0.41000000000002146,0.32999999999994145,0,0,0,0,0,0,0,0,0,0,0,0,0,0,0,0,0,0,0,0,0,0,0,0,0,0,0,0,0,0,0,0,0,0,0,0,0,0,0,0,0,0,0,0,0,0,0,0,0,0,0,0,0,0,0,0,0,0,0,0,0,0,0,0,0,0,0,0,0,0,0,0,0,0,0,0,0,0,0,0,0,0,0,0,0,0,0,0,0,0,0,0,0,0,0,0,0,0,0,0,0,0,0,0,0,0,0,0,0,0,0,0,0,0,0,0,0,0,0,0,0,0,0,0,0,0,0,0,0,0,0,0,0,0,0,0,0,0,0,0,0,0,0,0,0,0,0,0,0,0,0,0,0,0,0,0,0,0,0,0,0,0,0,0,0,0,0,0,0,0,0,0,0,0
4.701829193,-9.983185000000052,-0.01681500000000002,-0.01681500000000002,0.15499999999946112,-0.15499999999999925,-0.15499999999999925,0.235,-0.235,-0.235,3.140523860084063,-2.689167927432746,-2.57892613736725,4.99999658918845,0.004129655183167672,0.004129655183167672,7.35,-5.0,-1.0,0.0,0.0,0.0,7.35,-3.0,-1.0,0.0,0.0,0.0,7.35,-1.0,-1.0,0.0,0.0,0.0,7.35,-5.0,1.0,0.0,0.0,0.0,7.35,-3.0,1.0,0.0,0.0,0.0,7.35,-1.0,1.0,0.0,0.0,0.0,4.78,-2.62,-1.0,0.0,0.0,0.0,4.78,-0.62,-1.0,0.0,0.0,0.0,4.78,1.38,-1.0,0.0,0.0,0.0,4.78,-2.62,1.0,0.0,0.0,0.0,4.78,-0.62,1.0,0.0,0.0,0.0,4.78,1.38,1.0,0.0,0.0,0.0,5.26,-6.4,-1.0,0.0,0.0,0.0,5.26,-4.4,-1.0,0.0,0.0,0.0,5.26,-2.4,-1.0,0.0,0.0,0.0,5.26,-6.4,1.0,0.0,0.0,0.0,5.26,-4.4,1.0,0.0,0.0,0.0,5.26,-2.4,1.0,0.0,0.0,0.0,-0.02,-0.09999999999998996,-0.27399999999997815,0.0,0.7500000000000008,1.230000000000009,-3.42,0.8079999999999743,-1.1840000000000703,0.0,-0.41000000000002146,0.32999999999994145,-3.42,2.807999999999974,-1.1840000000000703,0.0,-0.41000000000002146,0.32999999999994145,0,0,0,0,0,0,0,0,0,0,0,0,0,0,0,0,0,0,0,0,0,0,0,0,0,0,0,0,0,0,0,0,0,0,0,0,0,0,0,0,0,0,0,0,0,0,0,0,0,0,0,0,0,0,0,0,0,0,0,0,0,0,0,0,0,0,0,0,0,0,0,0,0,0,0,0,0,0,0,0,0,0,0,0,0,0,0,0,0,0,0,0,0,0,0,0,0,0,0,0,0,0,0,0,0,0,0,0,0,0,0,0,0,0,0,0,0,0,0,0,0,0,0,0,0,0,0,0,0,0,0,0,0,0,0,0,0,0,0,0,0,0,0,0,0,0,0,0,0,0,0,0,0,0,0,0,0,0,0,0,0,0,0,0,0,0,0,0,0,0,0,0,0,0
4.80175154,-9.959645000000055,-0.040354999999999946,-0.040354999999999946,0.30300000000025307,-0.30300000000000044,-0.30300000000000044,0.32,-0.32,-0.32,3.1459843862976897,-2.9669575053218726,-2.5501531390477528,4.9999841792759545,0.008894014564893466,0.008894014564893466,7.35,-5.0,-1.0,0.0,0.0,0.0,7.35,-3.0,-1.0,0.0,0.0,0.0,7.35,-1.0,-1.0,0.0,0.0,0.0,7.35,-5.0,1.0,0.0,0.0,0.0,7.35,-3.0,1.0,0.0,0.0,0.0,7.35,-1.0,1.0,0.0,0.0,0.0,4.78,-2.62,-1.0,0.0,0.0,0.0,4.78,-0.62,-1.0,0.0,0.0,0.0,4.78,1.38,-1.0,0.0,0.0,0.0,4.78,-2.62,1.0,0.0,0.0,0.0,4.78,-0.62,1.0,0.0,0.0,0.0,4.78,1.38,1.0,0.0,0.0,0.0,5.26,-6.4,-1.0,0.0,0.0,0.0,5.26,-4.4,-1.0,0.0,0.0,0.0,5.26,-2.4,-1.0,0.0,0.0,0.0,5.26,-6.4,1.0,0.0,0.0,0.0,5.26,-4.4,1.0,0.0,0.0,0.0,5.26,-2.4,1.0,0.0,0.0,0.0,-0.02,-0.02499999999998989,-0.15099999999997726,0.0,0.7500000000000008,1.230000000000009,-3.42,0.7669999999999721,-1.1510000000000762,0.0,-0.41000000000002146,0.32999999999994145,-3.42,2.766999999999972,-1.1510000000000762,0.0,-0.41000000000002146,0.32999999999994145,0,0,0,0,0,0,0,0,0,0,0,0,0,0,0,0,0,0,0,0,0,0,0,0,0,0,0,0,0,0,0,0,0,0,0,0,0,0,0,0,0,0,0,0,0,0,0,0,0,0,0,0,0,0,0,0,0,0,0,0,0,0,0,0,0,0,0,0,0,0,0,0,0,0,0,0,0,0,0,0,0,0,0,0,0,0,0,0,0,0,0,0,0,0,0,0,0,0,0,0,0,0,0,0,0,0,0,0,0,0,0,0,0,0,0,0,0,0,0,0,0,0,0,0,0,0,0,0,0,0,0,0,0,0,0,0,0,0,0,0,0,0,0,0,0,0,0,0,0,0,0,0,0,0,0,0,0,0,0,0,0,0,0,0,0,0,0,0,0,0,0,0,0,0
4.900449022,-9.933875000000029,-0.06612500000000002,-0.06612500000000002,0.337000000000387,-0.33700000000000113,-0.33700000000000113,0.405,-0.405,-0.405,3.2955319953570856,-1.797491119309731,-3.298342744688195,4.999949502284268,0.015889849075677278,0.015889849075677278,7.35,-5.0,-1.0,0.0,0.0,0.0,7.35,-3.0,-1.0,0.0,0.0,0.0,7.35,-1.0,-1.0,0.0,0.0,0.0,7.35,-5.0,1.0,0.0,0.0,0.0,7.35,-3.0,1.0,0.0,0.0,0.0,7.35,-1.0,1.0,0.0,0.0,0.0,4.78,-2.62,-1.0,0.0,0.0,0.0,4.78,-0.62,-1.0,0.0,0.0,0.0,4.78,1.38,-1.0,0.0,0.0,0.0,4.78,-2.62,1.0,0.0,0.0,0.0,4.78,-0.62,1.0,0.0,0.0,0.0,4.78,1.38,1.0,0.0,0.0,0.0,5.26,-6.4,-1.0,0.0,0.0,0.0,5.26,-4.4,-1.0,0.0,0.0,0.0,5.26,-2.4,-1.0,0.0,0.0,0.0,5.26,-6.4,1.0,0.0,0.0,0.0,5.26,-4.4,1.0,0.0,0.0,0.0,5.26,-2.4,1.0,0.0,0.0,0.0,-0.02,0.03500000000001014,-0.05259999999997731,0.0,0.7500000000000004,1.2300000000000013,-3.42,0.7341999999999704,-1.1246000000000809,0.0,-0.41000000000002146,0.32999999999994145,-3.42,2.73419999999997,-1.1246000000000809,0.0,-0.41000000000002146,0.32999999999994145,0,0,0,0,0,0,0,0,0,0,0,0,0,0,0,0,0,0,0,0,0,0,0,0,0,0,0,0,0,0,0,0,0,0,0,0,0,0,0,0,0,0,0,0,0,0,0,0,0,0,0,0,0,0,0,0,0,0,0,0,0,0,0,0,0,0,0,0,0,0,0,0,0,0,0,0,0,0,0,0,0,0,0,0,0,0,0,0,0,0,0,0,0,0,0,0,0,0,0,0,0,0,0,0,0,0,0,0,0,0,0,0,0,0,0,0,0,0,0,0,0,0,0,0,0,0,0,0,0,0,0,0,0,0,0,0,0,0,0,0,0,0,0,0,0,0,0,0,0,0,0,0,0,0,0,0,0,0,0,0,0,0,0,0,0,0,0,0,0,0,0,0,0,0
5.002189843,-9.901158999999979,-0.0988410000000002,-0.0988410000000002,0.4366000000004533,-0.4366000000000009,-0.4366000000000009,0.48400000000000004,-0.48400000000000004,-0.48400000000000004,3.4038900401477754,-2.053858474030897,-3.045260877327099,4.999949502284268,0.015889849075677278,0.015889849075677278,7.35,-5.0,-1.0,0.0,0.0,0.0,7.35,-3.0,-1.0,0.0,0.0,0.0,7.35,-1.0,-1.0,0.0,0.0,0.0,7.35,-5.0,1.0,0.0,0.0,0.0,7.35,-3.0,1.0,0.0,0.0,0.0,7.35,-1.0,1.0,0.0,0.0,0.0,4.78,-2.62,-1.0,0.0,0.0,0.0,4.78,-0.62,-1.0,0.0,0.0,0.0,4.78,1.38,-1.0,0.0,0.0,0.0,4.78,-2.62,1.0,0.0,0.0,0.0,4.78,-0.62,1.0,0.0,0.0,0.0,4.78,1.38,1.0,0.0,0.0,0.0,5.26,-6.4,-1.0,0.0,0.0,0.0,5.26,-4.4,-1.0,0.0,0.0,0.0,5.26,-2.4,-1.0,0.0,0.0,0.0,5.26,-6.4,1.0,0.0,0.0,0.0,5.26,-4.4,1.0,0.0,0.0,0.0,5.26,-2.4,1.0,0.0,0.0,0.0,-0.02,0.09500000000001019,0.045800000000022704,0.0,0.7500000000000008,1.230000000000002,-3.42,0.7013999999999687,-1.0982000000000856,0.0,-0.41000000000002146,0.32999999999994145,-3.42,2.7013999999999685,-1.0982000000000856,0.0,-0.41000000000002146,0.32999999999994145,0,0,0,0,0,0,0,0,0,0,0,0,0,0,0,0,0,0,0,0,0,0,0,0,0,0,0,0,0,0,0,0,0,0,0,0,0,0,0,0,0,0,0,0,0,0,0,0,0,0,0,0,0,0,0,0,0,0,0,0,0,0,0,0,0,0,0,0,0,0,0,0,0,0,0,0,0,0,0,0,0,0,0,0,0,0,0,0,0,0,0,0,0,0,0,0,0,0,0,0,0,0,0,0,0,0,0,0,0,0,0,0,0,0,0,0,0,0,0,0,0,0,0,0,0,0,0,0,0,0,0,0,0,0,0,0,0,0,0,0,0,0,0,0,0,0,0,0,0,0,0,0,0,0,0,0,0,0,0,0,0,0,0,0,0,0,0,0,0,0,0,0,0,0
5.101429201,-9.881798999999972,-0.11820100000000014,-0.11820100000000014,0.484000000000151,-0.4839999999999983,-0.4839999999999983,0.543,-0.543,-0.543,3.4785888344758042,-2.8395038559002614,-1.9901820498933545,4.999883944656085,0.02408879376700897,0.02408879376700897,7.35,-5.0,-1.0,0.0,0.0,0.0,7.35,-3.0,-1.0,0.0,0.0,0.0,7.35,-1.0,-1.0,0.0,0.0,0.0,7.35,-5.0,1.0,0.0,0.0,0.0,7.35,-3.0,1.0,0.0,0.0,0.0,7.35,-1.0,1.0,0.0,0.0,0.0,4.78,-2.62,-1.0,0.0,0.0,0.0,4.78,-0.62,-1.0,0.0,0.0,0.0,4.78,1.38,-1.0,0.0,0.0,0.0,4.78,-2.62,1.0,0.0,0.0,0.0,4.78,-0.62,1.0,0.0,0.0,0.0,4.78,1.38,1.0,0.0,0.0,0.0,5.26,-6.4,-1.0,0.0,0.0,0.0,5.26,-4.4,-1.0,0.0,0.0,0.0,5.26,-2.4,-1.0,0.0,0.0,0.0,5.26,-6.4,1.0,0.0,0.0,0.0,5.26,-4.4,1.0,0.0,0.0,0.0,5.26,-2.4,1.0,0.0,0.0,0.0,-0.02,0.12500000000001021,0.0950000000000226,0.0,0.7500000000000008,1.2299999999999949,-3.42,0.6849999999999679,-1.085000000000088,0.0,-0.41000000000002146,0.32999999999994145,-3.42,2.6849999999999676,-1.085000000000088,0.0,-0.41000000000002146,0.32999999999994145,0,0,0,0,0,0,0,0,0,0,0,0,0,0,0,0,0,0,0,0,0,0,0,0,0,0,0,0,0,0,0,0,0,0,0,0,0,0,0,0,0,0,0,0,0,0,0,0,0,0,0,0,0,0,0,0,0,0,0,0,0,0,0,0,0,0,0,0,0,0,0,0,0,0,0,0,0,0,0,0,0,0,0,0,0,0,0,0,0,0,0,0,0,0,0,0,0,0,0,0,0,0,0,0,0,0,0,0,0,0,0,0,0,0,0,0,0,0,0,0,0,0,0,0,0,0,0,0,0,0,0,0,0,0,0,0,0,0,0,0,0,0,0,0,0,0,0,0,0,0,0,0,0,0,0,0,0,0,0,0,0,0,0,0,0,0,0,0,0,0,0,0,0,0
5.2032489,-9.839302999999944,-0.16069699999999937,-0.16069699999999937,0.5430000000004043,-0.5429999999999878,-0.5429999999999878,0.615,-0.615,-0.615,3.5410300317453345,-1.6248432317915202,-3.1606298584131918,4.999812688554491,0.030602935884524785,0.030602935884524785,7.35,-5.0,-1.0,0.0,0.0,0.0,7.35,-3.0,-1.0,0.0,0.0,0.0,7.35,-1.0,-1.0,0.0,0.0,0.0,7.35,-5.0,1.0,0.0,0.0,0.0,7.35,-3.0,1.0,0.0,0.0,0.0,7.35,-1.0,1.0,0.0,0.0,0.0,4.78,-2.62,-1.0,0.0,0.0,0.0,4.78,-0.62,-1.0,0.0,0.0,0.0,4.78,1.38,-1.0,0.0,0.0,0.0,4.78,-2.62,1.0,0.0,0.0,0.0,4.78,-0.62,1.0,0.0,0.0,0.0,4.78,1.38,1.0,0.0,0.0,0.0,5.26,-6.4,-1.0,0.0,0.0,0.0,5.26,-4.4,-1.0,0.0,0.0,0.0,5.26,-2.4,-1.0,0.0,0.0,0.0,5.26,-6.4,1.0,0.0,0.0,0.0,5.26,-4.4,1.0,0.0,0.0,0.0,5.26,-2.4,1.0,0.0,0.0,0.0,-0.02,0.18500000000001027,0.19340000000002297,0.0,0.7500000000000008,1.230000000000009,-3.42,0.6521999999999661,-1.0586000000000926,0.0,-0.41000000000002146,0.32999999999994145,-3.42,2.652199999999966,-1.0586000000000926,0.0,-0.41000000000002146,0.32999999999994145,0,0,0,0,0,0,0,0,0,0,0,0,0,0,0,0,0,0,0,0,0,0,0,0,0,0,0,0,0,0,0,0,0,0,0,0,0,0,0,0,0,0,0,0,0,0,0,0,0,0,0,0,0,0,0,0,0,0,0,0,0,0,0,0,0,0,0,0,0,0,0,0,0,0,0,0,0,0,0,0,0,0,0,0,0,0,0,0,0,0,0,0,0,0,0,0,0,0,0,0,0,0,0,0,0,0,0,0,0,0,0,0,0,0,0,0,0,0,0,0,0,0,0,0,0,0,0,0,0,0,0,0,0,0,0,0,0,0,0,0,0,0,0,0,0,0,0,0,0,0,0,0,0,0,0,0,0,0,0,0,0,0,0,0,0,0,0,0,0,0,0,0,0,0
5.301233886,-9.790678999999955,-0.2093209999999996,-0.2093209999999996,0.6149999999998101,-0.6150000000000045,-0.6150000000000045,0.688,-0.688,-0.688,3.6055978807001114,-2.9195824520424276,-1.820160296438318,4.99947345733092,0.05130862229498372,0.05130862229498372,7.35,-5.0,-1.0,0.0,0.0,0.0,7.35,-3.0,-1.0,0.0,0.0,0.0,7.35,-1.0,-1.0,0.0,0.0,0.0,7.35,-5.0,1.0,0.0,0.0,0.0,7.35,-3.0,1.0,0.0,0.0,0.0,7.35,-1.0,1.0,0.0,0.0,0.0,4.78,-2.62,-1.0,0.0,0.0,0.0,4.78,-0.62,-1.0,0.0,0.0,0.0,4.78,1.38,-1.0,0.0,0.0,0.0,4.78,-2.62,1.0,0.0,0.0,0.0,4.78,-0.62,1.0,0.0,0.0,0.0,4.78,1.38,1.0,0.0,0.0,0.0,5.26,-6.4,-1.0,0.0,0.0,0.0,5.26,-4.4,-1.0,0.0,0.0,0.0,5.26,-2.4,-1.0,0.0,0.0,0.0,5.26,-6.4,1.0,0.0,0.0,0.0,5.26,-4.4,1.0,0.0,0.0,0.0,5.26,-2.4,1.0,0.0,0.0,0.0,-0.02,0.24500000000001032,0.29180000000002365,0.0,0.7500000000000008,1.230000000000009,-3.42,0.6193999999999644,-1.0322000000000973,0.0,-0.41000000000002146,0.32999999999994145,-3.42,2.619399999999964,-1.0322000000000973,0.0,-0.41000000000002146,0.32999999999994145,0,0,0,0,0,0,0,0,0,0,0,0,0,0,0,0,0,0,0,0,0,0,0,0,0,0,0,0,0,0,0,0,0,0,0,0,0,0,0,0,0,0,0,0,0,0,0,0,0,0,0,0,0,0,0,0,0,0,0,0,0,0,0,0,0,0,0,0,0,0,0,0,0,0,0,0,0,0,0,0,0,0,0,0,0,0,0,0,0,0,0,0,0,0,0,0,0,0,0,0,0,0,0,0,0,0,0,0,0,0,0,0,0,0,0,0,0,0,0,0,0,0,0,0,0,0,0,0,0,0,0,0,0,0,0,0,0,0,0,0,0,0,0,0,0,0,0,0,0,0,0,0,0,0,0,0,0,0,0,0,0,0,0,0,0,0,0,0,0,0,0,0,0,0
5.401004473,-9.74947199999994,-0.25052799999999925,-0.25052799999999925,0.688000000000244,-0.6879999999999943,-0.6879999999999943,0.7619999999999999,-0.7619999999999999,-0.7619999999999999,3.681528594276701,-1.3856608009880924,-2.89669729568966,4.999200076455471,0.06324000145323558,0.06324000145323558,7.35,-5.0,-1.0,0.0,0.0,0.0,7.35,-3.0,-1.0,0.0,0.0,0.0,7.35,-1.0,-1.0,0.0,0.0,0.0,7.35,-5.0,1.0,0.0,0.0,0.0,7.35,-3.0,1.0,0.0,0.0,0.0,7.35,-1.0,1.0,0.0,0.0,0.0,4.78,-2.62,-1.0,0.0,0.0,0.0,4.78,-0.62,-1.0,0.0,0.0,0.0,4.78,1.38,-1.0,0.0,0.0,0.0,4.78,-2.62,1.0,0.0,0.0,0.0,4.78,-0.62,1.0,0.0,0.0,0.0,4.78,1.38,1.0,0.0,0.0,0.0,5.26,-6.4,-1.0,0.0,0.0,0.0,5.26,-4.4,-1.0,0.0,0.0,0.0,5.26,-2.4,-1.0,0.0,0.0,0.0,5.26,-6.4,1.0,0.0,0.0,0.0,5.26,-4.4,1.0,0.0,0.0,0.0,5.26,-2.4,1.0,0.0,0.0,0.0,-0.02,0.29000000000000886,0.3656000000000242,0.0,0.749999999999973,1.230000000000009,-3.42,0.5947999999999631,-1.0124000000001008,0.0,-0.41000000000002146,0.32999999999994145,-3.42,2.594799999999963,-1.0124000000001008,0.0,-0.41000000000002146,0.32999999999994145,0,0,0,0,0,0,0,0,0,0,0,0,0,0,0,0,0,0,0,0,0,0,0,0,0,0,0,0,0,0,0,0,0,0,0,0,0,0,0,0,0,0,0,0,0,0,0,0,0,0,0,0,0,0,0,0,0,0,0,0,0,0,0,0,0,0,0,0,0,0,0,0,0,0,0,0,0,0,0,0,0,0,0,0,0,0,0,0,0,0,0,0,0,0,0,0,0,0,0,0,0,0,0,0,0,0,0,0,0,0,0,0,0,0,0,0,0,0,0,0,0,0,0,0,0,0,0,0,0,0,0,0,0,0,0,0,0,0,0,0,0,0,0,0,0,0,0,0,0,0,0,0,0,0,0,0,0,0,0,0,0,0,0,0,0,0,0,0,0,0,0,0,0,0
5.501123132,-9.689547999999942,-0.31045199999999856,-0.31045199999999856,0.7619999999999294,-0.7619999999999848,-0.7619999999999848,0.8369999999999999,-0.8369999999999999,-0.8369999999999999,3.750181970944251,-2.7928440130091774,-1.317078603660736,4.998782064231731,0.07803164202795247,0.07803164202795247,7.35,-5.0,-1.0,0.0,0.0,0.0,7.35,-3.0,-1.0,0.0,0.0,0.0,7.35,-1.0,-1.0,0.0,0.0,0.0,7.35,-5.0,1.0,0.0,0.0,0.0,7.35,-3.0,1.0,0.0,0.0,0.0,7.35,-1.0,1.0,0.0,0.0,0.0,4.78,-2.62,-1.0,0.0,0.0,0.0,4.78,-0.62,-1.0,0.0,0.0,0.0,4.78,1.38,-1.0,0.0,0.0,0.0,4.78,-2.62,1.0,0.0,0.0,0.0,4.78,-0.62,1.0,0.0,0.0,0.0,4.78,1.38,1.0,0.0,0.0,0.0,5.26,-6.4,-1.0,0.0,0.0,0.0,5.26,-4.4,-1.0,0.0,0.0,0.0,5.26,-2.4,-1.0,0.0,0.0,0.0,5.26,-6.4,1.0,0.0,0.0,0.0,5.26,-4.4,1.0,0.0,0.0,0.0,5.26,-2.4,1.0,0.0,0.0,0.0,-0.02,0.3500000000000067,0.4640000000000249,0.0,0.749999999999973,1.230000000000009,-3.42,0.5619999999999614,-0.9860000000001007,0.0,-0.41000000000002146,0.3300000000000525,-3.42,2.561999999999961,-0.9860000000001007,0.0,-0.41000000000002146,0.3300000000000525,0,0,0,0,0,0,0,0,0,0,0,0,0,0,0,0,0,0,0,0,0,0,0,0,0,0,0,0,0,0,0,0,0,0,0,0,0,0,0,0,0,0,0,0,0,0,0,0,0,0,0,0,0,0,0,0,0,0,0,0,0,0,0,0,0,0,0,0,0,0,0,0,0,0,0,0,0,0,0,0,0,0,0,0,0,0,0,0,0,0,0,0,0,0,0,0,0,0,0,0,0,0,0,0,0,0,0,0,0,0,0,0,0,0,0,0,0,0,0,0,0,0,0,0,0,0,0,0,0,0,0,0,0,0,0,0,0,0,0,0,0,0,0,0,0,0,0,0,0,0,0,0,0,0,0,0,0,0,0,0,0,0,0,0,0,0,0,0,0,0,0,0,0,0
5.604124619,-9.623262999999897,-0.37673699999999677,-0.37673699999999677,0.8370000000006428,-0.8369999999999767,-0.8369999999999767,0.9189999999999998,-0.9189999999999998,-0.9189999999999998,3.8212817806080492,-2.3750084406727794,-1.9086417254174792,4.998207777551416,0.09465466820114538,0.09465466820114538,7.35,-5.0,-1.0,0.0,0.0,0.0,7.35,-3.0,-1.0,0.0,0.0,0.0,7.35,-1.0,-1.0,0.0,0.0,0.0,7.35,-5.0,1.0,0.0,0.0,0.0,7.35,-3.0,1.0,0.0,0.0,0.0,7.35,-1.0,1.0,0.0,0.0,0.0,4.78,-2.62,-1.0,0.0,0.0,0.0,4.78,-0.62,-1.0,0.0,0.0,0.0,4.78,1.38,-1.0,0.0,0.0,0.0,4.78,-2.62,1.0,0.0,0.0,0.0,4.78,-0.62,1.0,0.0,0.0,0.0,4.78,1.38,1.0,0.0,0.0,0.0,5.26,-6.4,-1.0,0.0,0.0,0.0,5.26,-4.4,-1.0,0.0,0.0,0.0,5.26,-2.4,-1.0,0.0,0.0,0.0,5.26,-6.4,1.0,0.0,0.0,0.0,5.26,-4.4,1.0,0.0,0.0,0.0,5.26,-2.4,1.0,0.0,0.0,0.0,-0.02,0.4100000000000045,0.5624000000000228,0.0,0.749999999999973,1.2299999999999536,-3.42,0.5291999999999597,-0.9596000000000965,0.0,-0.41000000000002146,0.3300000000000525,-3.42,2.5291999999999595,-0.9596000000000965,0.0,-0.41000000000002146,0.3300000000000525,0,0,0,0,0,0,0,0,0,0,0,0,0,0,0,0,0,0,0,0,0,0,0,0,0,0,0,0,0,0,0,0,0,0,0,0,0,0,0,0,0,0,0,0,0,0,0,0,0,0,0,0,0,0,0,0,0,0,0,0,0,0,0,0,0,0,0,0,0,0,0,0,0,0,0,0,0,0,0,0,0,0,0,0,0,0,0,0,0,0,0,0,0,0,0,0,0,0,0,0,0,0,0,0,0,0,0,0,0,0,0,0,0,0,0,0,0,0,0,0,0,0,0,0,0,0,0,0,0,0,0,0,0,0,0,0,0,0,0,0,0,0,0,0,0,0,0,0,0,0,0,0,0,0,0,0,0,0,0,0,0,0,0,0,0,0,0,0,0,0,0,0,0,0
5.705981052,-9.550449999999909,-0.4495499999999967,-0.4495499999999967,0.9384999999999977,-0.9384999999999977,-0.9384999999999977,0.9839999999999998,-0.9839999999999998,-0.9839999999999998,3.903501274080962,-2.0678905918317283,-2.10299535137378,4.997468735902581,0.11248607397416781,0.11248607397416781,7.35,-5.0,-1.0,0.0,0.0,0.0,7.35,-3.0,-1.0,0.0,0.0,0.0,7.35,-1.0,-1.0,0.0,0.0,0.0,7.35,-5.0,1.0,0.0,0.0,0.0,7.35,-3.0,1.0,0.0,0.0,0.0,7.35,-1.0,1.0,0.0,0.0,0.0,4.78,-2.62,-1.0,0.0,0.0,0.0,4.78,-0.62,-1.0,0.0,0.0,0.0,4.78,1.38,-1.0,0.0,0.0,0.0,4.78,-2.62,1.0,0.0,0.0,0.0,4.78,-0.62,1.0,0.0,0.0,0.0,4.78,1.38,1.0,0.0,0.0,0.0,5.26,-6.4,-1.0,0.0,0.0,0.0,5.26,-4.4,-1.0,0.0,0.0,0.0,5.26,-2.4,-1.0,0.0,0.0,0.0,5.26,-6.4,1.0,0.0,0.0,0.0,5.26,-4.4,1.0,0.0,0.0,0.0,5.26,-2.4,1.0,0.0,0.0,0.0,-0.02,0.47000000000000236,0.660800000000019,0.0,0.749999999999973,1.2299999999999536,-3.42,0.496399999999958,-0.9332000000000923,0.0,-0.41000000000002146,0.3300000000000525,-3.42,2.4963999999999578,-0.9332000000000923,0.0,-0.41000000000002146,0.3300000000000525,0,0,0,0,0,0,0,0,0,0,0,0,0,0,0,0,0,0,0,0,0,0,0,0,0,0,0,0,0,0,0,0,0,0,0,0,0,0,0,0,0,0,0,0,0,0,0,0,0,0,0,0,0,0,0,0,0,0,0,0,0,0,0,0,0,0,0,0,0,0,0,0,0,0,0,0,0,0,0,0,0,0,0,0,0,0,0,0,0,0,0,0,0,0,0,0,0,0,0,0,0,0,0,0,0,0,0,0,0,0,0,0,0,0,0,0,0,0,0,0,0,0,0,0,0,0,0,0,0,0,0,0,0,0,0,0,0,0,0,0,0,0,0,0,0,0,0,0,0,0,0,0,0,0,0,0,0,0,0,0,0,0,0,0,0,0,0,0,0,0,0,0,0,0
5.80227396,-9.471729999999848,-0.5282699999999955,-0.5282699999999955,0.984000000000762,-0.9839999999999847,-0.9839999999999847,1.0709999999999997,-1.0709999999999997,-1.0709999999999997,3.983647925000918,-2.4736548213621905,-1.5722948241136585,4.996482591189781,0.13259282774240555,0.13259282774240555,7.35,-5.0,-1.0,0.0,0.0,0.0,7.35,-3.0,-1.0,0.0,0.0,0.0,7.35,-1.0,-1.0,0.0,0.0,0.0,7.35,-5.0,1.0,0.0,0.0,0.0,7.35,-3.0,1.0,0.0,0.0,0.0,7.35,-1.0,1.0,0.0,0.0,0.0,4.78,-2.62,-1.0,0.0,0.0,0.0,4.78,-0.62,-1.0,0.0,0.0,0.0,4.78,1.38,-1.0,0.0,0.0,0.0,4.78,-2.62,1.0,0.0,0.0,0.0,4.78,-0.62,1.0,0.0,0.0,0.0,4.78,1.38,1.0,0.0,0.0,0.0,5.26,-6.4,-1.0,0.0,0.0,0.0,5.26,-4.4,-1.0,0.0,0.0,0.0,5.26,-2.4,-1.0,0.0,0.0,0.0,5.26,-6.4,1.0,0.0,0.0,0.0,5.26,-4.4,1.0,0.0,0.0,0.0,5.26,-2.4,1.0,0.0,0.0,0.0,-0.02,0.5300000000000025,0.7592000000000153,0.0,0.7500000000000284,1.2299999999999536,-3.42,0.46359999999995627,-0.9068000000000881,0.0,-0.41000000000002146,0.3300000000000525,-3.42,2.463599999999956,-0.9068000000000881,0.0,-0.41000000000002146,0.3300000000000525,0,0,0,0,0,0,0,0,0,0,0,0,0,0,0,0,0,0,0,0,0,0,0,0,0,0,0,0,0,0,0,0,0,0,0,0,0,0,0,0,0,0,0,0,0,0,0,0,0,0,0,0,0,0,0,0,0,0,0,0,0,0,0,0,0,0,0,0,0,0,0,0,0,0,0,0,0,0,0,0,0,0,0,0,0,0,0,0,0,0,0,0,0,0,0,0,0,0,0,0,0,0,0,0,0,0,0,0,0,0,0,0,0,0,0,0,0,0,0,0,0,0,0,0,0,0,0,0,0,0,0,0,0,0,0,0,0,0,0,0,0,0,0,0,0,0,0,0,0,0,0,0,0,0,0,0,0,0,0,0,0,0,0,0,0,0,0,0,0,0,0,0,0,0
5.900971789,-9.385584999999873,-0.6144149999999989,-0.6144149999999989,1.1369999999999436,-1.1370000000000544,-1.1370000000000544,1.1369999999999998,-1.1369999999999998,-1.1369999999999998,4.045187297191415,-2.2171533127921927,-1.6554690932719263,4.995296165039228,0.15332355256838373,0.15332355256838373,7.35,-5.0,-1.0,0.0,0.0,0.0,7.35,-3.0,-1.0,0.0,0.0,0.0,7.35,-1.0,-1.0,0.0,0.0,0.0,7.35,-5.0,1.0,0.0,0.0,0.0,7.35,-3.0,1.0,0.0,0.0,0.0,7.35,-1.0,1.0,0.0,0.0,0.0,4.78,-2.62,-1.0,0.0,0.0,0.0,4.78,-0.62,-1.0,0.0,0.0,0.0,4.78,1.38,-1.0,0.0,0.0,0.0,4.78,-2.62,1.0,0.0,0.0,0.0,4.78,-0.62,1.0,0.0,0.0,0.0,4.78,1.38,1.0,0.0,0.0,0.0,5.26,-6.4,-1.0,0.0,0.0,0.0,5.26,-4.4,-1.0,0.0,0.0,0.0,5.26,-2.4,-1.0,0.0,0.0,0.0,5.26,-6.4,1.0,0.0,0.0,0.0,5.26,-4.4,1.0,0.0,0.0,0.0,5.26,-2.4,1.0,0.0,0.0,0.0,-0.02,0.5900000000000047,0.8576000000000116,0.0,0.7500000000000284,1.2299999999999536,-3.42,0.43079999999995455,-0.8804000000000839,0.0,-0.41000000000002146,0.3300000000000525,-3.42,2.4307999999999543,-0.8804000000000839,0.0,-0.41000000000002146,0.3300000000000525,0,0,0,0,0,0,0,0,0,0,0,0,0,0,0,0,0,0,0,0,0,0,0,0,0,0,0,0,0,0,0,0,0,0,0,0,0,0,0,0,0,0,0,0,0,0,0,0,0,0,0,0,0,0,0,0,0,0,0,0,0,0,0,0,0,0,0,0,0,0,0,0,0,0,0,0,0,0,0,0,0,0,0,0,0,0,0,0,0,0,0,0,0,0,0,0,0,0,0,0,0,0,0,0,0,0,0,0,0,0,0,0,0,0,0,0,0,0,0,0,0,0,0,0,0,0,0,0,0,0,0,0,0,0,0,0,0,0,0,0,0,0,0,0,0,0,0,0,0,0,0,0,0,0,0,0,0,0,0,0,0,0,0,0,0,0,0,0,0,0,0,0,0,0
6.000899971,-9.294624999999877,-0.7053750000000033,-0.7053750000000033,1.1369999999999436,-1.1370000000000544,-1.1370000000000544,1.2359999999999998,-1.2359999999999998,-1.0379999999999998,4.125547214654379,-2.7770615267110204,0.20881294292358188,4.993573159676555,0.17920253759071056,0.17920253759071056,7.35,-5.0,-1.0,0.0,0.0,0.0,7.35,-3.0,-1.0,0.0,0.0,0.0,7.35,-1.0,-1.0,0.0,0.0,0.0,7.35,-5.0,1.0,0.0,0.0,0.0,7.35,-3.0,1.0,0.0,0.0,0.0,7.35,-1.0,1.0,0.0,0.0,0.0,4.78,-2.62,-1.0,0.0,0.0,0.0,4.78,-0.62,-1.0,0.0,0.0,0.0,4.78,1.38,-1.0,0.0,0.0,0.0,4.78,-2.62,1.0,0.0,0.0,0.0,4.78,-0.62,1.0,0.0,0.0,0.0,4.78,1.38,1.0,0.0,0.0,0.0,5.26,-6.4,-1.0,0.0,0.0,0.0,5.26,-4.4,-1.0,0.0,0.0,0.0,5.26,-2.4,-1.0,0.0,0.0,0.0,5.26,-6.4,1.0,0.0,0.0,0.0,5.26,-4.4,1.0,0.0,0.0,0.0,5.26,-2.4,1.0,0.0,0.0,0.0,-0.02,0.650000000000007,0.9560000000000078,0.0,0.7500000000000284,1.2299999999999536,-3.42,0.39799999999995284,-0.8540000000000797,0.0,-0.41000000000002146,0.3300000000000525,-3.42,2.3979999999999526,-0.8540000000000797,0.0,-0.41000000000002146,0.3300000000000525,0,0,0,0,0,0,0,0,0,0,0,0,0,0,0,0,0,0,0,0,0,0,0,0,0,0,0,0,0,0,0,0,0,0,0,0,0,0,0,0,0,0,0,0,0,0,0,0,0,0,0,0,0,0,0,0,0,0,0,0,0,0,0,0,0,0,0,0,0,0,0,0,0,0,0,0,0,0,0,0,0,0,0,0,0,0,0,0,0,0,0,0,0,0,0,0,0,0,0,0,0,0,0,0,0,0,0,0,0,0,0,0,0,0,0,0,0,0,0,0,0,0,0,0,0,0,0,0,0,0,0,0,0,0,0,0,0,0,0,0,0,0,0,0,0,0,0,0,0,0,0,0,0,0,0,0,0,0,0,0,0,0,0,0,0,0,0,0,0,0,0,0,0,0
6.102220319,-9.221355999999854,-0.7786440000000046,-0.768546000000003,1.236000000000459,-1.2360000000000149,-1.0379999999999832,1.2949999999999997,-1.2949999999999997,-1.0969999999999998,4.226377415037807,-2.3694890347784305,-1.2331420633735606,4.991920321392457,0.20221928186181873,0.1995967607761352,7.35,-5.0,-1.0,0.0,0.0,0.0,7.35,-3.0,-1.0,0.0,0.0,0.0,7.35,-1.0,-1.0,0.0,0.0,0.0,7.35,-5.0,1.0,0.0,0.0,0.0,7.35,-3.0,1.0,0.0,0.0,0.0,7.35,-1.0,1.0,0.0,0.0,0.0,4.78,-2.62,-1.0,0.0,0.0,0.0,4.78,-0.62,-1.0,0.0,0.0,0.0,4.78,1.38,-1.0,0.0,0.0,0.0,4.78,-2.62,1.0,0.0,0.0,0.0,4.78,-0.62,1.0,0.0,0.0,0.0,4.78,1.38,1.0,0.0,0.0,0.0,5.26,-6.4,-1.0,0.0,0.0,0.0,5.26,-4.4,-1.0,0.0,0.0,0.0,5.26,-2.4,-1.0,0.0,0.0,0.0,5.26,-6.4,1.0,0.0,0.0,0.0,5.26,-4.4,1.0,0.0,0.0,0.0,5.26,-2.4,1.0,0.0,0.0,0.0,-0.02,0.6950000000000087,1.0298000000000078,0.0,0.7500000000000284,1.2300000000000644,-3.42,0.37339999999995155,-0.8342000000000765,0.0,-0.41000000000002146,0.3300000000000525,-3.42,2.3733999999999513,-0.8342000000000765,0.0,-0.41000000000002146,0.3300000000000525,0,0,0,0,0,0,0,0,0,0,0,0,0,0,0,0,0,0,0,0,0,0,0,0,0,0,0,0,0,0,0,0,0,0,0,0,0,0,0,0,0,0,0,0,0,0,0,0,0,0,0,0,0,0,0,0,0,0,0,0,0,0,0,0,0,0,0,0,0,0,0,0,0,0,0,0,0,0,0,0,0,0,0,0,0,0,0,0,0,0,0,0,0,0,0,0,0,0,0,0,0,0,0,0,0,0,0,0,0,0,0,0,0,0,0,0,0,0,0,0,0,0,0,0,0,0,0,0,0,0,0,0,0,0,0,0,0,0,0,0,0,0,0,0,0,0,0,0,0,0,0,0,0,0,0,0,0,0,0,0,0,0,0,0,0,0,0,0,0,0,0,0,0,0
6.200771413,-9.1181689999998,-0.881831000000008,-0.8558930000000039,1.2950000000007122,-1.2950000000000461,-1.0970000000000149,1.3719999999999997,-1.2179999999999997,-1.1739999999999997,4.293775456551084,-0.43113707383811795,-2.298780130454732,4.9899969685801535,0.22663146656800232,0.2203824673655373,7.35,-5.0,-1.0,0.0,0.0,0.0,7.35,-3.0,-1.0,0.0,0.0,0.0,7.35,-1.0,-1.0,0.0,0.0,0.0,7.35,-5.0,1.0,0.0,0.0,0.0,7.35,-3.0,1.0,0.0,0.0,0.0,7.35,-1.0,1.0,0.0,0.0,0.0,4.78,-2.62,-1.0,0.0,0.0,0.0,4.78,-0.62,-1.0,0.0,0.0,0.0,4.78,1.38,-1.0,0.0,0.0,0.0,4.78,-2.62,1.0,0.0,0.0,0.0,4.78,-0.62,1.0,0.0,0.0,0.0,4.78,1.38,1.0,0.0,0.0,0.0,5.26,-6.4,-1.0,0.0,0.0,0.0,5.26,-4.4,-1.0,0.0,0.0,0.0,5.26,-2.4,-1.0,0.0,0.0,0.0,5.26,-6.4,1.0,0.0,0.0,0.0,5.26,-4.4,1.0,0.0,0.0,0.0,5.26,-2.4,1.0,0.0,0.0,0.0,-0.02,0.755000000000011,1.128200000000013,0.0,0.7500000000000284,1.2300000000000644,-3.42,0.34059999999994983,-0.8078000000000723,0.0,-0.41000000000002146,0.3300000000000525,-3.42,2.3405999999999496,-0.8078000000000723,0.0,-0.41000000000002146,0.3300000000000525,0,0,0,0,0,0,0,0,0,0,0,0,0,0,0,0,0,0,0,0,0,0,0,0,0,0,0,0,0,0,0,0,0,0,0,0,0,0,0,0,0,0,0,0,0,0,0,0,0,0,0,0,0,0,0,0,0,0,0,0,0,0,0,0,0,0,0,0,0,0,0,0,0,0,0,0,0,0,0,0,0,0,0,0,0,0,0,0,0,0,0,0,0,0,0,0,0,0,0,0,0,0,0,0,0,0,0,0,0,0,0,0,0,0,0,0,0,0,0,0,0,0,0,0,0,0,0,0,0,0,0,0,0,0,0,0,0,0,0,0,0,0,0,0,0,0,0,0,0,0,0,0,0,0,0,0,0,0,0,0,0,0,0,0,0,0,0,0,0,0,0,0,0,0
6.301209382,-9.0361569999998,-0.9552190000000111,-0.9260250000000044,1.3719999999999288,-1.2180000000000526,-1.1740000000000084,1.4449999999999996,-1.2909999999999997,-1.2469999999999997,4.3472506519811756,-1.8103912859027327,-1.6618175476483015,4.9899969685801535,0.22663146656800232,0.2203824673655373,7.35,-5.0,-1.0,0.0,0.0,0.0,7.35,-3.0,-1.0,0.0,0.0,0.0,7.35,-1.0,-1.0,0.0,0.0,0.0,7.35,-5.0,1.0,0.0,0.0,0.0,7.35,-3.0,1.0,0.0,0.0,0.0,7.35,-1.0,1.0,0.0,0.0,0.0,4.78,-2.62,-1.0,0.0,0.0,0.0,4.78,-0.62,-1.0,0.0,0.0,0.0,4.78,1.38,-1.0,0.0,0.0,0.0,4.78,-2.62,1.0,0.0,0.0,0.0,4.78,-0.62,1.0,0.0,0.0,0.0,4.78,1.38,1.0,0.0,0.0,0.0,5.26,-6.4,-1.0,0.0,0.0,0.0,5.26,-4.4,-1.0,0.0,0.0,0.0,5.26,-2.4,-1.0,0.0,0.0,0.0,5.26,-6.4,1.0,0.0,0.0,0.0,5.26,-4.4,1.0,0.0,0.0,0.0,5.26,-2.4,1.0,0.0,0.0,0.0,-0.02,0.8000000000000127,1.2020000000000168,0.0,0.7500000000000284,1.2300000000000644,-3.42,0.31599999999994854,-0.7880000000000692,0.0,-0.41000000000002146,0.3300000000000525,-3.42,2.3159999999999483,-0.7880000000000692,0.0,-0.41000000000002146,0.3300000000000525,0,0,0,0,0,0,0,0,0,0,0,0,0,0,0,0,0,0,0,0,0,0,0,0,0,0,0,0,0,0,0,0,0,0,0,0,0,0,0,0,0,0,0,0,0,0,0,0,0,0,0,0,0,0,0,0,0,0,0,0,0,0,0,0,0,0,0,0,0,0,0,0,0,0,0,0,0,0,0,0,0,0,0,0,0,0,0,0,0,0,0,0,0,0,0,0,0,0,0,0,0,0,0,0,0,0,0,0,0,0,0,0,0,0,0,0,0,0,0,0,0,0,0,0,0,0,0,0,0,0,0,0,0,0,0,0,0,0,0,0,0,0,0,0,0,0,0,0,0,0,0,0,0,0,0,0,0,0,0,0,0,0,0,0,0,0,0,0,0,0,0,0,0,0
6.401090099,-8.892178999999778,-1.08221300000001,-1.0502030000000053,1.5169999999997685,-1.2190000000000811,-1.3190000000000701,1.5169999999999997,-1.2189999999999996,-1.3189999999999997,4.430369895517087,0.21102680291489673,-2.2885394983892864,4.9846229704965594,0.2813100118532428,0.27276091954160364,7.35,-5.0,-1.0,0.0,0.0,0.0,7.35,-3.0,-1.0,0.0,0.0,0.0,7.35,-1.0,-1.0,0.0,0.0,0.0,7.35,-5.0,1.0,0.0,0.0,0.0,7.35,-3.0,1.0,0.0,0.0,0.0,7.35,-1.0,1.0,0.0,0.0,0.0,4.78,-2.62,-1.0,0.0,0.0,0.0,4.78,-0.62,-1.0,0.0,0.0,0.0,4.78,1.38,-1.0,0.0,0.0,0.0,4.78,-2.62,1.0,0.0,0.0,0.0,4.78,-0.62,1.0,0.0,0.0,0.0,4.78,1.38,1.0,0.0,0.0,0.0,5.26,-6.4,-1.0,0.0,0.0,0.0,5.26,-4.4,-1.0,0.0,0.0,0.0,5.26,-2.4,-1.0,0.0,0.0,0.0,5.26,-6.4,1.0,0.0,0.0,0.0,5.26,-4.4,1.0,0.0,0.0,0.0,5.26,-2.4,1.0,0.0,0.0,0.0,-0.02,0.8750000000000155,1.3250000000000233,0.0,0.7500000000000284,1.2300000000000644,-3.42,0.2749999999999464,-0.755000000000064,0.0,-0.41000000000002146,0.3300000000000525,-3.42,2.274999999999946,-0.755000000000064,0.0,-0.41000000000002146,0.3300000000000525,0,0,0,0,0,0,0,0,0,0,0,0,0,0,0,0,0,0,0,0,0,0,0,0,0,0,0,0,0,0,0,0,0,0,0,0,0,0,0,0,0,0,0,0,0,0,0,0,0,0,0,0,0,0,0,0,0,0,0,0,0,0,0,0,0,0,0,0,0,0,0,0,0,0,0,0,0,0,0,0,0,0,0,0,0,0,0,0,0,0,0,0,0,0,0,0,0,0,0,0,0,0,0,0,0,0,0,0,0,0,0,0,0,0,0,0,0,0,0,0,0,0,0,0,0,0,0,0,0,0,0,0,0,0,0,0,0,0,0,0,0,0,0,0,0,0,0,0,0,0,0,0,0,0,0,0,0,0,0,0,0,0,0,0,0,0,0,0,0,0,0,0,0,0
6.500660132,-8.770818999999797,-1.1797330000000166,-1.155723000000011,1.5169999999997685,-1.2190000000000811,-1.3190000000000701,1.6089999999999998,-1.3109999999999997,-1.2269999999999996,4.510499629213224,-1.5848623117477083,-1.1118252781405529,4.9811398857994735,0.3100737086040198,0.30347937875604397,7.35,-5.0,-1.0,0.0,0.0,0.0,7.35,-3.0,-1.0,0.0,0.0,0.0,7.35,-1.0,-1.0,0.0,0.0,0.0,7.35,-5.0,1.0,0.0,0.0,0.0,7.35,-3.0,1.0,0.0,0.0,0.0,7.35,-1.0,1.0,0.0,0.0,0.0,4.78,-2.62,-1.0,0.0,0.0,0.0,4.78,-0.62,-1.0,0.0,0.0,0.0,4.78,1.38,-1.0,0.0,0.0,0.0,4.78,-2.62,1.0,0.0,0.0,0.0,4.78,-0.62,1.0,0.0,0.0,0.0,4.78,1.38,1.0,0.0,0.0,0.0,5.26,-6.4,-1.0,0.0,0.0,0.0,5.26,-4.4,-1.0,0.0,0.0,0.0,5.26,-2.4,-1.0,0.0,0.0,0.0,5.26,-6.4,1.0,0.0,0.0,0.0,5.26,-4.4,1.0,0.0,0.0,0.0,5.26,-2.4,1.0,0.0,0.0,0.0,-0.02,0.9350000000000178,1.4234000000000284,0.0,0.7500000000000284,1.2300000000000644,-3.42,0.24219999999994524,-0.7286000000000598,0.0,-0.4099999999999938,0.3300000000000525,-3.42,2.2421999999999445,-0.7286000000000598,0.0,-0.41000000000002146,0.3300000000000525,0,0,0,0,0,0,0,0,0,0,0,0,0,0,0,0,0,0,0,0,0,0,0,0,0,0,0,0,0,0,0,0,0,0,0,0,0,0,0,0,0,0,0,0,0,0,0,0,0,0,0,0,0,0,0,0,0,0,0,0,0,0,0,0,0,0,0,0,0,0,0,0,0,0,0,0,0,0,0,0,0,0,0,0,0,0,0,0,0,0,0,0,0,0,0,0,0,0,0,0,0,0,0,0,0,0,0,0,0,0,0,0,0,0,0,0,0,0,0,0,0,0,0,0,0,0,0,0,0,0,0,0,0,0,0,0,0,0,0,0,0,0,0,0,0,0,0,0,0,0,0,0,0,0,0,0,0,0,0,0,0,0,0,0,0,0,0,0,0,0,0,0,0,0
6.601806039,-8.610010999999778,-1.3107410000000228,-1.2785150000000198,1.6090000000001936,-1.3110000000000621,-1.2270000000000891,1.7089999999999999,-1.2109999999999996,-1.3269999999999997,4.605391048991216,0.3670210192901333,-1.8931643670715834,4.976679841149186,0.3451916574679797,0.3368983204378318,7.35,-5.0,-1.0,0.0,0.0,0.0,7.35,-3.0,-1.0,0.0,0.0,0.0,7.35,-1.0,-1.0,0.0,0.0,0.0,7.35,-5.0,1.0,0.0,0.0,0.0,7.35,-3.0,1.0,0.0,0.0,0.0,7.35,-1.0,1.0,0.0,0.0,0.0,4.78,-2.62,-1.0,0.0,0.0,0.0,4.78,-0.62,-1.0,0.0,0.0,0.0,4.78,1.38,-1.0,0.0,0.0,0.0,4.78,-2.62,1.0,0.0,0.0,0.0,4.78,-0.62,1.0,0.0,0.0,0.0,4.78,1.38,1.0,0.0,0.0,0.0,5.26,-6.4,-1.0,0.0,0.0,0.0,5.26,-4.4,-1.0,0.0,0.0,0.0,5.26,-2.4,-1.0,0.0,0.0,0.0,5.26,-6.4,1.0,0.0,0.0,0.0,5.26,-4.4,1.0,0.0,0.0,0.0,5.26,-2.4,1.0,0.0,0.0,0.0,-0.02,1.0100000000000207,1.5464000000000349,0.0,0.7500000000000284,1.2300000000000644,-3.42,0.20119999999994378,-0.6956000000000545,0.0,-0.41000000000002146,0.3300000000000525,-3.42,2.2011999999999423,-0.6956000000000545,0.0,-0.41000000000002146,0.3300000000000525,0,0,0,0,0,0,0,0,0,0,0,0,0,0,0,0,0,0,0,0,0,0,0,0,0,0,0,0,0,0,0,0,0,0,0,0,0,0,0,0,0,0,0,0,0,0,0,0,0,0,0,0,0,0,0,0,0,0,0,0,0,0,0,0,0,0,0,0,0,0,0,0,0,0,0,0,0,0,0,0,0,0,0,0,0,0,0,0,0,0,0,0,0,0,0,0,0,0,0,0,0,0,0,0,0,0,0,0,0,0,0,0,0,0,0,0,0,0,0,0,0,0,0,0,0,0,0,0,0,0,0,0,0,0,0,0,0,0,0,0,0,0,0,0,0,0,0,0,0,0,0,0,0,0,0,0,0,0,0,0,0,0,0,0,0,0,0,0,0,0,0,0,0,0
6.701463013,-8.473390999999781,-1.4077210000000286,-1.384575000000026,1.7089999999999606,-1.2110000000000731,-1.3270000000000781,1.7999999999999998,-1.1199999999999997,-1.2359999999999998,4.689884890923144,1.388966460255169,-0.5814313559470978,4.97196192590076,0.37707250933180586,0.37068980306911037,7.35,-5.0,-1.0,0.0,0.0,0.0,7.35,-3.0,-1.0,0.0,0.0,0.0,7.35,-1.0,-1.0,0.0,0.0,0.0,7.35,-5.0,1.0,0.0,0.0,0.0,7.35,-3.0,1.0,0.0,0.0,0.0,7.35,-1.0,1.0,0.0,0.0,0.0,4.78,-2.62,-1.0,0.0,0.0,0.0,4.78,-0.62,-1.0,0.0,0.0,0.0,4.78,1.38,-1.0,0.0,0.0,0.0,4.78,-2.62,1.0,0.0,0.0,0.0,4.78,-0.62,1.0,0.0,0.0,0.0,4.78,1.38,1.0,0.0,0.0,0.0,5.26,-6.4,-1.0,0.0,0.0,0.0,5.26,-4.4,-1.0,0.0,0.0,0.0,5.26,-2.4,-1.0,0.0,0.0,0.0,5.26,-6.4,1.0,0.0,0.0,0.0,5.26,-4.4,1.0,0.0,0.0,0.0,5.26,-2.4,1.0,0.0,0.0,0.0,-0.02,1.070000000000023,1.64480000000004,0.0,0.7500000000000284,1.2300000000000644,-3.42,0.16839999999994207,-0.6692000000000503,0.0,-0.41000000000002146,0.3300000000000525,-3.42,2.1683999999999406,-0.6692000000000503,0.0,-0.41000000000002146,0.3300000000000525,0,0,0,0,0,0,0,0,0,0,0,0,0,0,0,0,0,0,0,0,0,0,0,0,0,0,0,0,0,0,0,0,0,0,0,0,0,0,0,0,0,0,0,0,0,0,0,0,0,0,0,0,0,0,0,0,0,0,0,0,0,0,0,0,0,0,0,0,0,0,0,0,0,0,0,0,0,0,0,0,0,0,0,0,0,0,0,0,0,0,0,0,0,0,0,0,0,0,0,0,0,0,0,0,0,0,0,0,0,0,0,0,0,0,0,0,0,0,0,0,0,0,0,0,0,0,0,0,0,0,0,0,0,0,0,0,0,0,0,0,0,0,0,0,0,0,0,0,0,0,0,0,0,0,0,0,0,0,0,0,0,0,0,0,0,0,0,0,0,0,0,0,0,0
6.800400723,-8.294573999999837,-1.5209040000000305,-1.5093580000000284,1.7999999999993577,-1.1200000000000099,-1.2360000000000149,1.888,-1.0319999999999996,-1.1682465512771816,4.789551156549775,-0.1386815526170473,-1.1682465512771816,4.966813665709019,0.40843654240687355,0.4048970251222559,7.35,-5.0,-1.0,0.0,0.0,0.0,7.35,-3.0,-1.0,0.0,0.0,0.0,7.35,-1.0,-1.0,0.0,0.0,0.0,7.35,-5.0,1.0,0.0,0.0,0.0,7.35,-3.0,1.0,0.0,0.0,0.0,7.35,-1.0,1.0,0.0,0.0,0.0,4.78,-2.62,-1.0,0.0,0.0,0.0,4.78,-0.62,-1.0,0.0,0.0,0.0,4.78,1.38,-1.0,0.0,0.0,0.0,4.78,-2.62,1.0,0.0,0.0,0.0,4.78,-0.62,1.0,0.0,0.0,0.0,4.78,1.38,1.0,0.0,0.0,0.0,5.26,-6.4,-1.0,0.0,0.0,0.0,5.26,-4.4,-1.0,0.0,0.0,0.0,5.26,-2.4,-1.0,0.0,0.0,0.0,5.26,-6.4,1.0,0.0,0.0,0.0,5.26,-4.4,1.0,0.0,0.0,0.0,5.26,-2.4,1.0,0.0,0.0,0.0,-0.02,1.1450000000000258,1.7678000000000464,0.0,0.7500000000000284,1.2300000000000644,-3.42,0.12739999999993992,-0.6362000000000451,0.0,-0.41000000000002146,0.3300000000000525,-3.42,2.1273999999999385,-0.6362000000000451,0.0,-0.41000000000002146,0.3300000000000525,0,0,0,0,0,0,0,0,0,0,0,0,0,0,0,0,0,0,0,0,0,0,0,0,0,0,0,0,0,0,0,0,0,0,0,0,0,0,0,0,0,0,0,0,0,0,0,0,0,0,0,0,0,0,0,0,0,0,0,0,0,0,0,0,0,0,0,0,0,0,0,0,0,0,0,0,0,0,0,0,0,0,0,0,0,0,0,0,0,0,0,0,0,0,0,0,0,0,0,0,0,0,0,0,0,0,0,0,0,0,0,0,0,0,0,0,0,0,0,0,0,0,0,0,0,0,0,0,0,0,0,0,0,0,0,0,0,0,0,0,0,0,0,0,0,0,0,0,0,0,0,0,0,0,0,0,0,0,0,0,0,0,0,0,0,0,0,0,0,0,0,0,0,0
6.900479336,-8.143163999999892,-1.6030940000000247,-1.6024477241022062,1.9249999999999545,-0.9949999999999681,-1.1312465512771652,1.962,-0.9579999999999996,-1.0942465512771815,4.878942739125431,0.3651268683523732,-0.6835495137123822,4.962257921517482,0.4339361223735088,0.4332386894501087,7.35,-5.0,-1.0,0.0,0.0,0.0,7.35,-3.0,-1.0,0.0,0.0,0.0,7.35,-1.0,-1.0,0.0,0.0,0.0,7.35,-5.0,1.0,0.0,0.0,0.0,7.35,-3.0,1.0,0.0,0.0,0.0,7.35,-1.0,1.0,0.0,0.0,0.0,4.78,-2.62,-1.0,0.0,0.0,0.0,4.78,-0.62,-1.0,0.0,0.0,0.0,4.78,1.38,-1.0,0.0,0.0,0.0,4.78,-2.62,1.0,0.0,0.0,0.0,4.78,-0.62,1.0,0.0,0.0,0.0,4.78,1.38,1.0,0.0,0.0,0.0,5.26,-6.4,-1.0,0.0,0.0,0.0,5.26,-4.4,-1.0,0.0,0.0,0.0,5.26,-2.4,-1.0,0.0,0.0,0.0,5.26,-6.4,1.0,0.0,0.0,0.0,5.26,-4.4,1.0,0.0,0.0,0.0,5.26,-2.4,1.0,0.0,0.0,0.0,-0.02,1.205000000000028,1.8662000000000516,0.0,0.7500000000000284,1.2300000000000644,-3.42,0.09459999999993925,-0.6098000000000409,0.0,-0.4100000000000076,0.3300000000000525,-3.42,2.0945999999999367,-0.6098000000000409,0.0,-0.41000000000002146,0.3300000000000525,0,0,0,0,0,0,0,0,0,0,0,0,0,0,0,0,0,0,0,0,0,0,0,0,0,0,0,0,0,0,0,0,0,0,0,0,0,0,0,0,0,0,0,0,0,0,0,0,0,0,0,0,0,0,0,0,0,0,0,0,0,0,0,0,0,0,0,0,0,0,0,0,0,0,0,0,0,0,0,0,0,0,0,0,0,0,0,0,0,0,0,0,0,0,0,0,0,0,0,0,0,0,0,0,0,0,0,0,0,0,0,0,0,0,0,0,0,0,0,0,0,0,0,0,0,0,0,0,0,0,0,0,0,0,0,0,0,0,0,0,0,0,0,0,0,0,0,0,0,0,0,0,0,0,0,0,0,0,0,0,0,0,0,0,0,0,0,0,0,0,0,0,0,0
7.000297358,-7.986203999999844,-1.6797340000000258,-1.6899874482043742,1.9619999999999749,-0.9580000000000144,-1.0942465512771005,2.054,-0.8659999999999997,-1.0022465512771814,4.933058449516139,0.6681638468277575,-0.2908424985056204,4.957336881060948,0.45965915368583476,0.46208712393414786,7.35,-5.0,-1.0,0.0,0.0,0.0,7.35,-3.0,-1.0,0.0,0.0,0.0,7.35,-1.0,-1.0,0.0,0.0,0.0,7.35,-5.0,1.0,0.0,0.0,0.0,7.35,-3.0,1.0,0.0,0.0,0.0,7.35,-1.0,1.0,0.0,0.0,0.0,4.78,-2.62,-1.0,0.0,0.0,0.0,4.78,-0.62,-1.0,0.0,0.0,0.0,4.78,1.38,-1.0,0.0,0.0,0.0,4.78,-2.62,1.0,0.0,0.0,0.0,4.78,-0.62,1.0,0.0,0.0,0.0,4.78,1.38,1.0,0.0,0.0,0.0,5.26,-6.4,-1.0,0.0,0.0,0.0,5.26,-4.4,-1.0,0.0,0.0,0.0,5.26,-2.4,-1.0,0.0,0.0,0.0,5.26,-6.4,1.0,0.0,0.0,0.0,5.26,-4.4,1.0,0.0,0.0,0.0,5.26,-2.4,1.0,0.0,0.0,0.0,-0.02,1.2650000000000303,1.9646000000000567,0.0,0.7500000000000284,1.2300000000000644,-3.42,0.06179999999993803,-0.5834000000000367,0.0,-0.41000000000002,0.3300000000000525,-3.42,2.061799999999935,-0.5834000000000367,0.0,-0.41000000000002146,0.3300000000000525,0,0,0,0,0,0,0,0,0,0,0,0,0,0,0,0,0,0,0,0,0,0,0,0,0,0,0,0,0,0,0,0,0,0,0,0,0,0,0,0,0,0,0,0,0,0,0,0,0,0,0,0,0,0,0,0,0,0,0,0,0,0,0,0,0,0,0,0,0,0,0,0,0,0,0,0,0,0,0,0,0,0,0,0,0,0,0,0,0,0,0,0,0,0,0,0,0,0,0,0,0,0,0,0,0,0,0,0,0,0,0,0,0,0,0,0,0,0,0,0,0,0,0,0,0,0,0,0,0,0,0,0,0,0,0,0,0,0,0,0,0,0,0,0,0,0,0,0,0,0,0,0,0,0,0,0,0,0,0,0,0,0,0,0,0,0,0,0,0,0,0,0,0,0
7.101808479,-7.822314999999829,-1.7494450000000286,-1.7705981723065438,2.0753000000002686,-0.8447000000000537,-0.9809465512771398,2.125,-0.7949999999999997,-0.9312465512771815,4.908313104765998,0.6451084708872745,-0.3969827959029226,4.952422640149045,0.4837818132542194,0.489351765607954,7.35,-5.0,-1.0,0.0,0.0,0.0,7.35,-3.0,-1.0,0.0,0.0,0.0,7.35,-1.0,-1.0,0.0,0.0,0.0,7.35,-5.0,1.0,0.0,0.0,0.0,7.35,-3.0,1.0,0.0,0.0,0.0,7.35,-1.0,1.0,0.0,0.0,0.0,4.78,-2.62,-1.0,0.0,0.0,0.0,4.78,-0.62,-1.0,0.0,0.0,0.0,4.78,1.38,-1.0,0.0,0.0,0.0,4.78,-2.62,1.0,0.0,0.0,0.0,4.78,-0.62,1.0,0.0,0.0,0.0,4.78,1.38,1.0,0.0,0.0,0.0,5.26,-6.4,-1.0,0.0,0.0,0.0,5.26,-4.4,-1.0,0.0,0.0,0.0,5.26,-2.4,-1.0,0.0,0.0,0.0,5.26,-6.4,1.0,0.0,0.0,0.0,5.26,-4.4,1.0,0.0,0.0,0.0,5.26,-2.4,1.0,0.0,0.0,0.0,-0.02,1.3250000000000326,2.063000000000062,0.0,0.7500000000000284,1.2300000000000644,-3.42,0.028999999999936847,-0.5570000000000325,0.0,-0.4100000000000166,0.3300000000000525,-3.42,2.0289999999999333,-0.5570000000000325,0.0,-0.41000000000002146,0.3300000000000525,0,0,0,0,0,0,0,0,0,0,0,0,0,0,0,0,0,0,0,0,0,0,0,0,0,0,0,0,0,0,0,0,0,0,0,0,0,0,0,0,0,0,0,0,0,0,0,0,0,0,0,0,0,0,0,0,0,0,0,0,0,0,0,0,0,0,0,0,0,0,0,0,0,0,0,0,0,0,0,0,0,0,0,0,0,0,0,0,0,0,0,0,0,0,0,0,0,0,0,0,0,0,0,0,0,0,0,0,0,0,0,0,0,0,0,0,0,0,0,0,0,0,0,0,0,0,0,0,0,0,0,0,0,0,0,0,0,0,0,0,0,0,0,0,0,0,0,0,0,0,0,0,0,0,0,0,0,0,0,0,0,0,0,0,0,0,0,0,0,0,0,0,0,0
7.200445768,-7.652314999999799,-1.8130450000000367,-1.8450978964087188,2.1250000000003766,-0.7950000000001012,-0.9312465512771873,2.212,-0.7079999999999997,-0.8442465512771815,4.910466057266291,0.7773820093226442,-0.24896324342704146,4.947899445639513,0.5047887077508371,0.5133024803831024,7.35,-5.0,-1.0,0.0,0.0,0.0,7.35,-3.0,-1.0,0.0,0.0,0.0,7.35,-1.0,-1.0,0.0,0.0,0.0,7.35,-5.0,1.0,0.0,0.0,0.0,7.35,-3.0,1.0,0.0,0.0,0.0,7.35,-1.0,1.0,0.0,0.0,0.0,4.78,-2.62,-1.0,0.0,0.0,0.0,4.78,-0.62,-1.0,0.0,0.0,0.0,4.78,1.38,-1.0,0.0,0.0,0.0,4.78,-2.62,1.0,0.0,0.0,0.0,4.78,-0.62,1.0,0.0,0.0,0.0,4.78,1.38,1.0,0.0,0.0,0.0,5.26,-6.4,-1.0,0.0,0.0,0.0,5.26,-4.4,-1.0,0.0,0.0,0.0,5.26,-2.4,-1.0,0.0,0.0,0.0,5.26,-6.4,1.0,0.0,0.0,0.0,5.26,-4.4,1.0,0.0,0.0,0.0,5.26,-2.4,1.0,0.0,0.0,0.0,-0.02,1.3850000000000349,2.161400000000067,0.0,0.7500000000000284,1.2300000000000644,-3.42,-0.003800000000064617,-0.5306000000000283,0.0,-0.4100000000000189,0.3300000000000525,-3.42,1.9961999999999316,-0.5306000000000283,0.0,-0.41000000000002146,0.3300000000000525,0,0,0,0,0,0,0,0,0,0,0,0,0,0,0,0,0,0,0,0,0,0,0,0,0,0,0,0,0,0,0,0,0,0,0,0,0,0,0,0,0,0,0,0,0,0,0,0,0,0,0,0,0,0,0,0,0,0,0,0,0,0,0,0,0,0,0,0,0,0,0,0,0,0,0,0,0,0,0,0,0,0,0,0,0,0,0,0,0,0,0,0,0,0,0,0,0,0,0,0,0,0,0,0,0,0,0,0,0,0,0,0,0,0,0,0,0,0,0,0,0,0,0,0,0,0,0,0,0,0,0,0,0,0,0,0,0,0,0,0,0,0,0,0,0,0,0,0,0,0,0,0,0,0,0,0,0,0,0,0,0,0,0,0,0,0,0,0,0,0,0,0,0,0
7.302103203,-7.47561599999979,-1.8699460000000316,-1.9128986205108978,2.2120000000001028,-0.7079999999999309,-0.844246551277239,2.2910000000000004,-0.6289999999999998,-0.7652465512771816,4.969917624321296,0.5309326360283273,-0.41679357675734785,4.942552763971668,0.5283344955769123,0.5404024760671523,7.35,-5.0,-1.0,0.0,0.0,0.0,7.35,-3.0,-1.0,0.0,0.0,0.0,7.35,-1.0,-1.0,0.0,0.0,0.0,7.35,-5.0,1.0,0.0,0.0,0.0,7.35,-3.0,1.0,0.0,0.0,0.0,7.35,-1.0,1.0,0.0,0.0,0.0,4.78,-2.62,-1.0,0.0,0.0,0.0,4.78,-0.62,-1.0,0.0,0.0,0.0,4.78,1.38,-1.0,0.0,0.0,0.0,4.78,-2.62,1.0,0.0,0.0,0.0,4.78,-0.62,1.0,0.0,0.0,0.0,4.78,1.38,1.0,0.0,0.0,0.0,5.26,-6.4,-1.0,0.0,0.0,0.0,5.26,-4.4,-1.0,0.0,0.0,0.0,5.26,-2.4,-1.0,0.0,0.0,0.0,5.26,-6.4,1.0,0.0,0.0,0.0,5.26,-4.4,1.0,0.0,0.0,0.0,5.26,-2.4,1.0,0.0,0.0,0.0,-0.02,1.4450000000000371,2.259800000000072,0.0,0.7500000000000284,1.2300000000000644,-3.42,-0.044800000000066675,-0.49760000000002347,0.0,-0.41000000000002146,0.33000000000000806,-3.42,1.9633999999999299,-0.5042000000000241,0.0,-0.41000000000002146,0.3300000000000525,0,0,0,0,0,0,0,0,0,0,0,0,0,0,0,0,0,0,0,0,0,0,0,0,0,0,0,0,0,0,0,0,0,0,0,0,0,0,0,0,0,0,0,0,0,0,0,0,0,0,0,0,0,0,0,0,0,0,0,0,0,0,0,0,0,0,0,0,0,0,0,0,0,0,0,0,0,0,0,0,0,0,0,0,0,0,0,0,0,0,0,0,0,0,0,0,0,0,0,0,0,0,0,0,0,0,0,0,0,0,0,0,0,0,0,0,0,0,0,0,0,0,0,0,0,0,0,0,0,0,0,0,0,0,0,0,0,0,0,0,0,0,0,0,0,0,0,0,0,0,0,0,0,0,0,0,0,0,0,0,0,0,0,0,0,0,0,0,0,0,0,0,0,0
7.401157085,-7.246752999999829,-1.9330830000000305,-1.989660275638606,2.290999999999599,-0.6289999999999907,-0.7652465512770767,2.3890000000000002,-0.5309999999999998,-0.6672465512771816,4.93151063505812,0.9359269997615964,-0.16585187443669724,4.942552763971668,0.5283344955769123,0.5404024760671523,7.35,-5.0,-1.0,0.0,0.0,0.0,7.35,-3.0,-1.0,0.0,0.0,0.0,7.35,-1.0,-1.0,0.0,0.0,0.0,7.35,-5.0,1.0,0.0,0.0,0.0,7.35,-3.0,1.0,0.0,0.0,0.0,7.35,-1.0,1.0,0.0,0.0,0.0,4.78,-2.62,-1.0,0.0,0.0,0.0,4.78,-0.62,-1.0,0.0,0.0,0.0,4.78,1.38,-1.0,0.0,0.0,0.0,4.78,-2.62,1.0,0.0,0.0,0.0,4.78,-0.62,1.0,0.0,0.0,0.0,4.78,1.38,1.0,0.0,0.0,0.0,5.26,-6.4,-1.0,0.0,0.0,0.0,5.26,-4.4,-1.0,0.0,0.0,0.0,5.26,-2.4,-1.0,0.0,0.0,0.0,5.26,-6.4,1.0,0.0,0.0,0.0,5.26,-4.4,1.0,0.0,0.0,0.0,5.26,-2.4,1.0,0.0,0.0,0.0,-0.02,1.52000000000004,2.3828000000000786,0.0,0.7500000000000284,1.2300000000000644,-3.42,-0.07760000000006839,-0.4712000000000237,0.0,-0.41000000000002146,0.32999999999999696,-3.42,1.9223999999999277,-0.4712000000000237,0.0,-0.41000000000002146,0.32999999999999696,0,0,0,0,0,0,0,0,0,0,0,0,0,0,0,0,0,0,0,0,0,0,0,0,0,0,0,0,0,0,0,0,0,0,0,0,0,0,0,0,0,0,0,0,0,0,0,0,0,0,0,0,0,0,0,0,0,0,0,0,0,0,0,0,0,0,0,0,0,0,0,0,0,0,0,0,0,0,0,0,0,0,0,0,0,0,0,0,0,0,0,0,0,0,0,0,0,0,0,0,0,0,0,0,0,0,0,0,0,0,0,0,0,0,0,0,0,0,0,0,0,0,0,0,0,0,0,0,0,0,0,0,0,0,0,0,0,0,0,0,0,0,0,0,0,0,0,0,0,0,0,0,0,0,0,0,0,0,0,0,0,0,0,0,0,0,0,0,0,0,0,0,0,0
7.500653601,-7.055652999999831,-1.9755830000000352,-2.0430599997407777,2.396799999999999,-0.523200000000057,-0.6594465512771652,2.467,-0.4529999999999998,-0.5892465512771816,4.91080425578884,0.6899919637463681,-0.2539448074828763,4.932462245355984,0.569476158858702,0.5886536355356556,7.35,-5.0,-1.0,0.0,0.0,0.0,7.35,-3.0,-1.0,0.0,0.0,0.0,7.35,-1.0,-1.0,0.0,0.0,0.0,7.35,-5.0,1.0,0.0,0.0,0.0,7.35,-3.0,1.0,0.0,0.0,0.0,7.35,-1.0,1.0,0.0,0.0,0.0,4.78,-2.62,-1.0,0.0,0.0,0.0,4.78,-0.62,-1.0,0.0,0.0,0.0,4.78,1.38,-1.0,0.0,0.0,0.0,4.78,-2.62,1.0,0.0,0.0,0.0,4.78,-0.62,1.0,0.0,0.0,0.0,4.78,1.38,1.0,0.0,0.0,0.0,5.26,-6.4,-1.0,0.0,0.0,0.0,5.26,-4.4,-1.0,0.0,0.0,0.0,5.26,-2.4,-1.0,0.0,0.0,0.0,5.26,-6.4,1.0,0.0,0.0,0.0,5.26,-4.4,1.0,0.0,0.0,0.0,5.26,-2.4,1.0,0.0,0.0,0.0,-0.02,1.5800000000000423,2.481200000000084,0.0,0.7500000000000284,1.2300000000000644,-3.42,-0.11040000000007011,-0.44480000000002395,0.0,-0.41000000000002146,0.32999999999999696,-3.42,1.889599999999926,-0.44480000000002395,0.0,-0.41000000000002146,0.32999999999999696,0,0,0,0,0,0,0,0,0,0,0,0,0,0,0,0,0,0,0,0,0,0,0,0,0,0,0,0,0,0,0,0,0,0,0,0,0,0,0,0,0,0,0,0,0,0,0,0,0,0,0,0,0,0,0,0,0,0,0,0,0,0,0,0,0,0,0,0,0,0,0,0,0,0,0,0,0,0,0,0,0,0,0,0,0,0,0,0,0,0,0,0,0,0,0,0,0,0,0,0,0,0,0,0,0,0,0,0,0,0,0,0,0,0,0,0,0,0,0,0,0,0,0,0,0,0,0,0,0,0,0,0,0,0,0,0,0,0,0,0,0,0,0,0,0,0,0,0,0,0,0,0,0,0,0,0,0,0,0,0,0,0,0,0,0,0,0,0,0,0,0,0,0,0
7.600659582,-6.858292999999813,-2.011823000000032,-2.0901997238429653,2.467000000000219,-0.45299999999981466,-0.5892465512773448,2.557,-0.36299999999999977,-0.49924655127718165,5.0109303656290525,0.13552614475290836,-0.3108806356313769,4.927740049610465,0.5874080231207992,0.6101883462000648,7.35,-5.0,-1.0,0.0,0.0,0.0,7.35,-3.0,-1.0,0.0,0.0,0.0,7.35,-1.0,-1.0,0.0,0.0,0.0,7.35,-5.0,1.0,0.0,0.0,0.0,7.35,-3.0,1.0,0.0,0.0,0.0,7.35,-1.0,1.0,0.0,0.0,0.0,4.78,-2.62,-1.0,0.0,0.0,0.0,4.78,-0.62,-1.0,0.0,0.0,0.0,4.78,1.38,-1.0,0.0,0.0,0.0,4.78,-2.62,1.0,0.0,0.0,0.0,4.78,-0.62,1.0,0.0,0.0,0.0,4.78,1.38,1.0,0.0,0.0,0.0,5.26,-6.4,-1.0,0.0,0.0,0.0,5.26,-4.4,-1.0,0.0,0.0,0.0,5.26,-2.4,-1.0,0.0,0.0,0.0,5.26,-6.4,1.0,0.0,0.0,0.0,5.26,-4.4,1.0,0.0,0.0,0.0,5.26,-2.4,1.0,0.0,0.0,0.0,-0.02,1.6400000000000445,2.579600000000089,0.0,0.7500000000000284,1.2300000000000644,-3.42,-0.14320000000007183,-0.4184000000000242,0.0,-0.41000000000002146,0.32999999999999696,-3.42,1.8567999999999243,-0.4184000000000242,0.0,-0.41000000000002146,0.32999999999999696,0,0,0,0,0,0,0,0,0,0,0,0,0,0,0,0,0,0,0,0,0,0,0,0,0,0,0,0,0,0,0,0,0,0,0,0,0,0,0,0,0,0,0,0,0,0,0,0,0,0,0,0,0,0,0,0,0,0,0,0,0,0,0,0,0,0,0,0,0,0,0,0,0,0,0,0,0,0,0,0,0,0,0,0,0,0,0,0,0,0,0,0,0,0,0,0,0,0,0,0,0,0,0,0,0,0,0,0,0,0,0,0,0,0,0,0,0,0,0,0,0,0,0,0,0,0,0,0,0,0,0,0,0,0,0,0,0,0,0,0,0,0,0,0,0,0,0,0,0,0,0,0,0,0,0,0,0,0,0,0,0,0,0,0,0,0,0,0,0,0,0,0,0,0
7.700601188,-6.602746999999779,-2.0482770000000414,-2.140278378970687,2.622600000000297,-0.29740000000018085,-0.4336465512772669,2.639,-0.28099999999999975,-0.41724655127718163,4.9468363818380645,0.7538727645529599,-0.34777348308247946,4.923104610675136,0.6042509866053074,0.6308103816011108,7.35,-5.0,-1.0,0.0,0.0,0.0,7.35,-3.0,-1.0,0.0,0.0,0.0,7.35,-1.0,-1.0,0.0,0.0,0.0,7.35,-5.0,1.0,0.0,0.0,0.0,7.35,-3.0,1.0,0.0,0.0,0.0,7.35,-1.0,1.0,0.0,0.0,0.0,4.78,-2.62,-1.0,0.0,0.0,0.0,4.78,-0.62,-1.0,0.0,0.0,0.0,4.78,1.38,-1.0,0.0,0.0,0.0,4.78,-2.62,1.0,0.0,0.0,0.0,4.78,-0.62,1.0,0.0,0.0,0.0,4.78,1.38,1.0,0.0,0.0,0.0,5.26,-6.4,-1.0,0.0,0.0,0.0,5.26,-4.4,-1.0,0.0,0.0,0.0,5.26,-2.4,-1.0,0.0,0.0,0.0,5.26,-6.4,1.0,0.0,0.0,0.0,5.26,-4.4,1.0,0.0,0.0,0.0,5.26,-2.4,1.0,0.0,0.0,0.0,-0.02,1.7150000000000474,2.7026000000000954,0.0,0.7500000000000284,1.2300000000000644,-3.42,-0.18420000000007397,-0.3854000000000245,0.0,-0.41000000000002146,0.32999999999999696,-3.42,1.8157999999999221,-0.3854000000000245,0.0,-0.41000000000002146,0.32999999999999696,0,0,0,0,0,0,0,0,0,0,0,0,0,0,0,0,0,0,0,0,0,0,0,0,0,0,0,0,0,0,0,0,0,0,0,0,0,0,0,0,0,0,0,0,0,0,0,0,0,0,0,0,0,0,0,0,0,0,0,0,0,0,0,0,0,0,0,0,0,0,0,0,0,0,0,0,0,0,0,0,0,0,0,0,0,0,0,0,0,0,0,0,0,0,0,0,0,0,0,0,0,0,0,0,0,0,0,0,0,0,0,0,0,0,0,0,0,0,0,0,0,0,0,0,0,0,0,0,0,0,0,0,0,0,0,0,0,0,0,0,0,0,0,0,0,0,0,0,0,0,0,0,0,0,0,0,0,0,0,0,0,0,0,0,0,0,0,0,0,0,0,0,0,0
7.801523015,-6.391626999999756,-2.0707570000000572,-2.17365810307287,2.63900000000028,-0.28100000000019776,-0.41724655127728383,2.731,-0.18899999999999975,-0.3252465512771816,4.993542188321323,0.6850341003827887,-0.23072686912636087,4.9185557818190615,0.6200729438498169,0.650629361034148,7.35,-5.0,-1.0,0.0,0.0,0.0,7.35,-3.0,-1.0,0.0,0.0,0.0,7.35,-1.0,-1.0,0.0,0.0,0.0,7.35,-5.0,1.0,0.0,0.0,0.0,7.35,-3.0,1.0,0.0,0.0,0.0,7.35,-1.0,1.0,0.0,0.0,0.0,4.78,-2.62,-1.0,0.0,0.0,0.0,4.78,-0.62,-1.0,0.0,0.0,0.0,4.78,1.38,-1.0,0.0,0.0,0.0,4.78,-2.62,1.0,0.0,0.0,0.0,4.78,-0.62,1.0,0.0,0.0,0.0,4.78,1.38,1.0,0.0,0.0,0.0,5.26,-6.4,-1.0,0.0,0.0,0.0,5.26,-4.4,-1.0,0.0,0.0,0.0,5.26,-2.4,-1.0,0.0,0.0,0.0,5.26,-6.4,1.0,0.0,0.0,0.0,5.26,-4.4,1.0,0.0,0.0,0.0,5.26,-2.4,1.0,0.0,0.0,0.0,-0.02,1.7750000000000496,2.8010000000001005,0.0,0.7500000000000284,1.2300000000000644,-3.42,-0.2170000000000757,-0.35900000000002474,0.0,-0.41000000000002146,0.32999999999999696,-3.42,1.7829999999999204,-0.35900000000002474,0.0,-0.41000000000002146,0.32999999999999696,0,0,0,0,0,0,0,0,0,0,0,0,0,0,0,0,0,0,0,0,0,0,0,0,0,0,0,0,0,0,0,0,0,0,0,0,0,0,0,0,0,0,0,0,0,0,0,0,0,0,0,0,0,0,0,0,0,0,0,0,0,0,0,0,0,0,0,0,0,0,0,0,0,0,0,0,0,0,0,0,0,0,0,0,0,0,0,0,0,0,0,0,0,0,0,0,0,0,0,0,0,0,0,0,0,0,0,0,0,0,0,0,0,0,0,0,0,0,0,0,0,0,0,0,0,0,0,0,0,0,0,0,0,0,0,0,0,0,0,0,0,0,0,0,0,0,0,0,0,0,0,0,0,0,0,0,0,0,0,0,0,0,0,0,0,0,0,0,0,0,0,0,0,0
7.900968953,-6.118707999999773,-2.0898380000000785,-2.2063637582006,2.7404999999998125,-0.17950000000017674,-0.3157465512773072,2.826,-0.09399999999999975,-0.2302465512771816,4.994834612231653,0.18224867665147793,-0.16675788975860018,4.914208001663663,0.6345196737500925,0.6692865604574033,7.35,-5.0,-1.0,0.0,0.0,0.0,7.35,-3.0,-1.0,0.0,0.0,0.0,7.35,-1.0,-1.0,0.0,0.0,0.0,7.35,-5.0,1.0,0.0,0.0,0.0,7.35,-3.0,1.0,0.0,0.0,0.0,7.35,-1.0,1.0,0.0,0.0,0.0,4.78,-2.62,-1.0,0.0,0.0,0.0,4.78,-0.62,-1.0,0.0,0.0,0.0,4.78,1.38,-1.0,0.0,0.0,0.0,4.78,-2.62,1.0,0.0,0.0,0.0,4.78,-0.62,1.0,0.0,0.0,0.0,4.78,1.38,1.0,0.0,0.0,0.0,5.26,-6.4,-1.0,0.0,0.0,0.0,5.26,-4.4,-1.0,0.0,0.0,0.0,5.26,-2.4,-1.0,0.0,0.0,0.0,5.26,-6.4,1.0,0.0,0.0,0.0,5.26,-4.4,1.0,0.0,0.0,0.0,5.26,-2.4,1.0,0.0,0.0,0.0,-0.02,1.8500000000000525,2.924000000000107,0.0,0.7500000000000284,1.2300000000000644,-3.42,-0.25800000000007783,-0.32600000000002505,0.0,-0.41000000000002146,0.32999999999999696,-3.42,1.7419999999999183,-0.32600000000002505,0.0,-0.41000000000002146,0.32999999999999696,0,0,0,0,0,0,0,0,0,0,0,0,0,0,0,0,0,0,0,0,0,0,0,0,0,0,0,0,0,0,0,0,0,0,0,0,0,0,0,0,0,0,0,0,0,0,0,0,0,0,0,0,0,0,0,0,0,0,0,0,0,0,0,0,0,0,0,0,0,0,0,0,0,0,0,0,0,0,0,0,0,0,0,0,0,0,0,0,0,0,0,0,0,0,0,0,0,0,0,0,0,0,0,0,0,0,0,0,0,0,0,0,0,0,0,0,0,0,0,0,0,0,0,0,0,0,0,0,0,0,0,0,0,0,0,0,0,0,0,0,0,0,0,0,0,0,0,0,0,0,0,0,0,0,0,0,0,0,0,0,0,0,0,0,0,0,0,0,0,0,0,0,0,0
8.001211166,-5.8926279999997915,-2.097358000000064,-2.224783482302788,2.825999999999773,-0.09399999999981645,-0.2302465512773466,2.923,0.0030000000000002525,-0.225124433539432,4.903612819880836,0.9004679965057925,-0.225124433539432,4.910339654810446,0.6467852164554837,0.685735632857637,7.35,-5.0,-1.0,0.0,0.0,0.0,7.35,-3.0,-1.0,0.0,0.0,0.0,7.35,-1.0,-1.0,0.0,0.0,0.0,7.35,-5.0,1.0,0.0,0.0,0.0,7.35,-3.0,1.0,0.0,0.0,0.0,7.35,-1.0,1.0,0.0,0.0,0.0,4.78,-2.62,-1.0,0.0,0.0,0.0,4.78,-0.62,-1.0,0.0,0.0,0.0,4.78,1.38,-1.0,0.0,0.0,0.0,4.78,-2.62,1.0,0.0,0.0,0.0,4.78,-0.62,1.0,0.0,0.0,0.0,4.78,1.38,1.0,0.0,0.0,0.0,5.26,-6.4,-1.0,0.0,0.0,0.0,5.26,-4.4,-1.0,0.0,0.0,0.0,5.26,-2.4,-1.0,0.0,0.0,0.0,5.26,-6.4,1.0,0.0,0.0,0.0,5.26,-4.4,1.0,0.0,0.0,0.0,5.26,-2.4,1.0,0.0,0.0,0.0,-0.02,1.9100000000000548,3.022400000000112,0.0,0.7500000000000284,1.2300000000000644,-3.42,-0.29080000000007955,-0.2996000000000253,0.0,-0.41000000000002146,0.32999999999999696,-3.42,1.7091999999999166,-0.2996000000000253,0.0,-0.41000000000002146,0.32999999999999696,0,0,0,0,0,0,0,0,0,0,0,0,0,0,0,0,0,0,0,0,0,0,0,0,0,0,0,0,0,0,0,0,0,0,0,0,0,0,0,0,0,0,0,0,0,0,0,0,0,0,0,0,0,0,0,0,0,0,0,0,0,0,0,0,0,0,0,0,0,0,0,0,0,0,0,0,0,0,0,0,0,0,0,0,0,0,0,0,0,0,0,0,0,0,0,0,0,0,0,0,0,0,0,0,0,0,0,0,0,0,0,0,0,0,0,0,0,0,0,0,0,0,0,0,0,0,0,0,0,0,0,0,0,0,0,0,0,0,0,0,0,0,0,0,0,0,0,0,0,0,0,0,0,0,0,0,0,0,0,0,0,0,0,0,0,0,0,0,0,0,0,0,0,0
8.102133904,-5.660056999999795,-2.098387000000062,-2.243015403862024,2.9415999999999443,0.021600000000043806,-0.239637944540938,2.985,0.06500000000000025,-0.27350280354446443,4.969193280253153,0.36106448619497256,-0.27350280354446443,4.907016064600134,0.6561431791922888,0.7004780297451524,7.35,-5.0,-1.0,0.0,0.0,0.0,7.35,-3.0,-1.0,0.0,0.0,0.0,7.35,-1.0,-1.0,0.0,0.0,0.0,7.35,-5.0,1.0,0.0,0.0,0.0,7.35,-3.0,1.0,0.0,0.0,0.0,7.35,-1.0,1.0,0.0,0.0,0.0,4.78,-2.62,-1.0,0.0,0.0,0.0,4.78,-0.62,-1.0,0.0,0.0,0.0,4.78,1.38,-1.0,0.0,0.0,0.0,4.78,-2.62,1.0,0.0,0.0,0.0,4.78,-0.62,1.0,0.0,0.0,0.0,4.78,1.38,1.0,0.0,0.0,0.0,5.26,-6.4,-1.0,0.0,0.0,0.0,5.26,-4.4,-1.0,0.0,0.0,0.0,5.26,-2.4,-1.0,0.0,0.0,0.0,5.26,-6.4,1.0,0.0,0.0,0.0,5.26,-4.4,1.0,0.0,0.0,0.0,5.26,-2.4,1.0,0.0,0.0,0.0,-0.02,1.970000000000057,3.1208000000001173,0.0,0.7500000000000284,1.2300000000000644,-3.42,-0.32360000000008127,-0.27320000000002553,0.0,-0.41000000000002146,0.32999999999999696,-3.42,1.6763999999999148,-0.27320000000002553,0.0,-0.41000000000002146,0.32999999999999696,0,0,0,0,0,0,0,0,0,0,0,0,0,0,0,0,0,0,0,0,0,0,0,0,0,0,0,0,0,0,0,0,0,0,0,0,0,0,0,0,0,0,0,0,0,0,0,0,0,0,0,0,0,0,0,0,0,0,0,0,0,0,0,0,0,0,0,0,0,0,0,0,0,0,0,0,0,0,0,0,0,0,0,0,0,0,0,0,0,0,0,0,0,0,0,0,0,0,0,0,0,0,0,0,0,0,0,0,0,0,0,0,0,0,0,0,0,0,0,0,0,0,0,0,0,0,0,0,0,0,0,0,0,0,0,0,0,0,0,0,0,0,0,0,0,0,0,0,0,0,0,0,0,0,0,0,0,0,0,0,0,0,0,0,0,0,0,0,0,0,0,0,0,0
8.205679276,-5.4212569999998115,-2.0931870000000456,-2.2648956281455876,2.9849999999997934,0.06500000000020378,-0.27350280354454526,3.072,0.15200000000000025,-0.1980597184265127,4.9592135758188505,0.6364036035270435,-0.1980597184265127,4.903101563181101,0.6650847039752774,0.7192060884538981,7.35,-5.0,-1.0,0.0,0.0,0.0,7.35,-3.0,-1.0,0.0,0.0,0.0,7.35,-1.0,-1.0,0.0,0.0,0.0,7.35,-5.0,1.0,0.0,0.0,0.0,7.35,-3.0,1.0,0.0,0.0,0.0,7.35,-1.0,1.0,0.0,0.0,0.0,4.78,-2.62,-1.0,0.0,0.0,0.0,4.78,-0.62,-1.0,0.0,0.0,0.0,4.78,1.38,-1.0,0.0,0.0,0.0,4.78,-2.62,1.0,0.0,0.0,0.0,4.78,-0.62,1.0,0.0,0.0,0.0,4.78,1.38,1.0,0.0,0.0,0.0,5.26,-6.4,-1.0,0.0,0.0,0.0,5.26,-4.4,-1.0,0.0,0.0,0.0,5.26,-2.4,-1.0,0.0,0.0,0.0,5.26,-6.4,1.0,0.0,0.0,0.0,5.26,-4.4,1.0,0.0,0.0,0.0,5.26,-2.4,1.0,0.0,0.0,0.0,-0.02,2.0300000000000593,3.2192000000001224,0.0,0.7500000000000284,1.2300000000000644,-3.42,-0.356400000000083,-0.24680000000002578,0.0,-0.41000000000002146,0.32999999999999696,-3.42,1.6353999999999127,-0.24020000000002584,0.0,-0.41000000000002146,0.32999999999999696,0,0,0,0,0,0,0,0,0,0,0,0,0,0,0,0,0,0,0,0,0,0,0,0,0,0,0,0,0,0,0,0,0,0,0,0,0,0,0,0,0,0,0,0,0,0,0,0,0,0,0,0,0,0,0,0,0,0,0,0,0,0,0,0,0,0,0,0,0,0,0,0,0,0,0,0,0,0,0,0,0,0,0,0,0,0,0,0,0,0,0,0,0,0,0,0,0,0,0,0,0,0,0,0,0,0,0,0,0,0,0,0,0,0,0,0,0,0,0,0,0,0,0,0,0,0,0,0,0,0,0,0,0,0,0,0,0,0,0,0,0,0,0,0,0,0,0,0,0,0,0,0,0,0,0,0,0,0,0,0,0,0,0,0,0,0,0,0,0,0,0,0,0,0
8.301323859,-5.113949999999776,-2.07788000000005,-2.2854583723286965,3.1175000000001063,0.19750000000007262,-0.24355971842648927,3.1630000000000003,0.24300000000000024,-0.2890597184265127,4.919158881440493,0.6066702713525345,-0.30987840357675855,4.899344609049173,0.6724319123450395,0.7377382496799266,7.35,-5.0,-1.0,0.0,0.0,0.0,7.35,-3.0,-1.0,0.0,0.0,0.0,7.35,-1.0,-1.0,0.0,0.0,0.0,7.35,-5.0,1.0,0.0,0.0,0.0,7.35,-3.0,1.0,0.0,0.0,0.0,7.35,-1.0,1.0,0.0,0.0,0.0,4.78,-2.62,-1.0,0.0,0.0,0.0,4.78,-0.62,-1.0,0.0,0.0,0.0,4.78,1.38,-1.0,0.0,0.0,0.0,4.78,-2.62,1.0,0.0,0.0,0.0,4.78,-0.62,1.0,0.0,0.0,0.0,4.78,1.38,1.0,0.0,0.0,0.0,5.26,-6.4,-1.0,0.0,0.0,0.0,5.26,-4.4,-1.0,0.0,0.0,0.0,5.26,-2.4,-1.0,0.0,0.0,0.0,5.26,-6.4,1.0,0.0,0.0,0.0,5.26,-4.4,1.0,0.0,0.0,0.0,5.26,-2.4,1.0,0.0,0.0,0.0,-0.02,2.105000000000062,3.342200000000129,0.0,0.7500000000000284,1.2300000000000644,-3.42,-0.39740000000008513,-0.21380000000002608,0.0,-0.41000000000002146,0.32999999999999696,-3.42,1.602599999999911,-0.21380000000002608,0.0,-0.41000000000002146,0.32999999999999696,0,0,0,0,0,0,0,0,0,0,0,0,0,0,0,0,0,0,0,0,0,0,0,0,0,0,0,0,0,0,0,0,0,0,0,0,0,0,0,0,0,0,0,0,0,0,0,0,0,0,0,0,0,0,0,0,0,0,0,0,0,0,0,0,0,0,0,0,0,0,0,0,0,0,0,0,0,0,0,0,0,0,0,0,0,0,0,0,0,0,0,0,0,0,0,0,0,0,0,0,0,0,0,0,0,0,0,0,0,0,0,0,0,0,0,0,0,0,0,0,0,0,0,0,0,0,0,0,0,0,0,0,0,0,0,0,0,0,0,0,0,0,0,0,0,0,0,0,0,0,0,0,0,0,0,0,0,0,0,0,0,0,0,0,0,0,0,0,0,0,0,0,0,0
8.400947322,-4.860909999999792,-2.058440000000033,-2.308583149802827,3.162999999999805,0.24300000000021527,-0.2890597184266319,3.2550000000000003,0.33500000000000024,-0.23896123955068305,4.850373815557426,1.0820830949645508,-0.23896123955068305,4.895333586228342,0.6777498607753686,0.759186542138176,7.35,-5.0,-1.0,0.0,0.0,0.0,7.35,-3.0,-1.0,0.0,0.0,0.0,7.35,-1.0,-1.0,0.0,0.0,0.0,7.35,-5.0,1.0,0.0,0.0,0.0,7.35,-3.0,1.0,0.0,0.0,0.0,7.35,-1.0,1.0,0.0,0.0,0.0,4.78,-2.62,-1.0,0.0,0.0,0.0,4.78,-0.62,-1.0,0.0,0.0,0.0,4.78,1.38,-1.0,0.0,0.0,0.0,4.78,-2.62,1.0,0.0,0.0,0.0,4.78,-0.62,1.0,0.0,0.0,0.0,4.78,1.38,1.0,0.0,0.0,0.0,5.26,-6.4,-1.0,0.0,0.0,0.0,5.26,-4.4,-1.0,0.0,0.0,0.0,5.26,-2.4,-1.0,0.0,0.0,0.0,5.26,-6.4,1.0,0.0,0.0,0.0,5.26,-4.4,1.0,0.0,0.0,0.0,5.26,-2.4,1.0,0.0,0.0,0.0,-0.02,2.1650000000000644,3.440600000000134,0.0,0.7500000000000284,1.2300000000000644,-3.42,-0.43020000000008685,-0.18740000000002632,0.0,-0.41000000000002146,0.32999999999999696,-3.42,1.5697999999999093,-0.18740000000002632,0.0,-0.41000000000002146,0.32999999999999696,0,0,0,0,0,0,0,0,0,0,0,0,0,0,0,0,0,0,0,0,0,0,0,0,0,0,0,0,0,0,0,0,0,0,0,0,0,0,0,0,0,0,0,0,0,0,0,0,0,0,0,0,0,0,0,0,0,0,0,0,0,0,0,0,0,0,0,0,0,0,0,0,0,0,0,0,0,0,0,0,0,0,0,0,0,0,0,0,0,0,0,0,0,0,0,0,0,0,0,0,0,0,0,0,0,0,0,0,0,0,0,0,0,0,0,0,0,0,0,0,0,0,0,0,0,0,0,0,0,0,0,0,0,0,0,0,0,0,0,0,0,0,0,0,0,0,0,0,0,0,0,0,0,0,0,0,0,0,0,0,0,0,0,0,0,0,0,0,0,0,0,0,0,0
8.501250435,-4.535701999999772,-2.0252320000000137,-2.332664470452227,3.2902000000001763,0.37020000000014264,-0.2224119737714858,3.3430000000000004,0.42300000000000026,-0.1975880751030159,4.973897856411835,0.5068019652110256,-0.1975880751030159,4.891467348779978,0.6809643950208364,0.7809191177921548,7.35,-5.0,-1.0,0.0,0.0,0.0,7.35,-3.0,-1.0,0.0,0.0,0.0,7.35,-1.0,-1.0,0.0,0.0,0.0,7.35,-5.0,1.0,0.0,0.0,0.0,7.35,-3.0,1.0,0.0,0.0,0.0,7.35,-1.0,1.0,0.0,0.0,0.0,4.78,-2.62,-1.0,0.0,0.0,0.0,4.78,-0.62,-1.0,0.0,0.0,0.0,4.78,1.38,-1.0,0.0,0.0,0.0,4.78,-2.62,1.0,0.0,0.0,0.0,4.78,-0.62,1.0,0.0,0.0,0.0,4.78,1.38,1.0,0.0,0.0,0.0,5.26,-6.4,-1.0,0.0,0.0,0.0,5.26,-4.4,-1.0,0.0,0.0,0.0,5.26,-2.4,-1.0,0.0,0.0,0.0,5.26,-6.4,1.0,0.0,0.0,0.0,5.26,-4.4,1.0,0.0,0.0,0.0,5.26,-2.4,1.0,0.0,0.0,0.0,-0.02,2.2400000000000673,3.5636000000001404,0.0,0.7500000000000284,1.2300000000000644,-3.42,-0.471200000000089,-0.15440000000002663,0.0,-0.41000000000002146,0.32999999999999696,-3.42,1.5287999999999071,-0.15440000000002663,0.0,-0.41000000000002146,0.32999999999999696,0,0,0,0,0,0,0,0,0,0,0,0,0,0,0,0,0,0,0,0,0,0,0,0,0,0,0,0,0,0,0,0,0,0,0,0,0,0,0,0,0,0,0,0,0,0,0,0,0,0,0,0,0,0,0,0,0,0,0,0,0,0,0,0,0,0,0,0,0,0,0,0,0,0,0,0,0,0,0,0,0,0,0,0,0,0,0,0,0,0,0,0,0,0,0,0,0,0,0,0,0,0,0,0,0,0,0,0,0,0,0,0,0,0,0,0,0,0,0,0,0,0,0,0,0,0,0,0,0,0,0,0,0,0,0,0,0,0,0,0,0,0,0,0,0,0,0,0,0,0,0,0,0,0,0,0,0,0,0,0,0,0,0,0,0,0,0,0,0,0,0,0,0,0
8.600612719,-4.268261999999765,-1.9913920000000087,-2.348471516460454,3.343000000000096,0.4230000000000622,-0.19758807510283916,3.4310000000000005,0.5110000000000002,-0.10958807510301591,4.8468194061101215,1.211262078138236,-0.07565928862486793,4.887868024654038,0.682055627186182,0.8022133724815983,7.35,-5.0,-1.0,0.0,0.0,0.0,7.35,-3.0,-1.0,0.0,0.0,0.0,7.35,-1.0,-1.0,0.0,0.0,0.0,7.35,-5.0,1.0,0.0,0.0,0.0,7.35,-3.0,1.0,0.0,0.0,0.0,7.35,-1.0,1.0,0.0,0.0,0.0,4.78,-2.62,-1.0,0.0,0.0,0.0,4.78,-0.62,-1.0,0.0,0.0,0.0,4.78,1.38,-1.0,0.0,0.0,0.0,4.78,-2.62,1.0,0.0,0.0,0.0,4.78,-0.62,1.0,0.0,0.0,0.0,4.78,1.38,1.0,0.0,0.0,0.0,5.26,-6.4,-1.0,0.0,0.0,0.0,5.26,-4.4,-1.0,0.0,0.0,0.0,5.26,-2.4,-1.0,0.0,0.0,0.0,5.26,-6.4,1.0,0.0,0.0,0.0,5.26,-4.4,1.0,0.0,0.0,0.0,5.26,-2.4,1.0,0.0,0.0,0.0,-0.02,2.3000000000000695,3.6620000000001456,0.0,0.7500000000000284,1.2300000000000644,-3.42,-0.5040000000000907,-0.12800000000002687,0.0,-0.41000000000002146,0.32999999999999696,-3.42,1.4959999999999054,-0.12800000000002687,0.0,-0.41000000000002146,0.32999999999999696,0,0,0,0,0,0,0,0,0,0,0,0,0,0,0,0,0,0,0,0,0,0,0,0,0,0,0,0,0,0,0,0,0,0,0,0,0,0,0,0,0,0,0,0,0,0,0,0,0,0,0,0,0,0,0,0,0,0,0,0,0,0,0,0,0,0,0,0,0,0,0,0,0,0,0,0,0,0,0,0,0,0,0,0,0,0,0,0,0,0,0,0,0,0,0,0,0,0,0,0,0,0,0,0,0,0,0,0,0,0,0,0,0,0,0,0,0,0,0,0,0,0,0,0,0,0,0,0,0,0,0,0,0,0,0,0,0,0,0,0,0,0,0,0,0,0,0,0,0,0,0,0,0,0,0,0,0,0,0,0,0,0,0,0,0,0,0,0,0,0,0,0,0,0
8.706173451,-3.994133999999767,-1.950864000000014,-2.3575905624686913,3.430999999999962,0.5109999999999282,-0.10958807510297319,3.5170000000000003,0.42500000000000027,-0.1955880751030159,5.025538215597313,0.23601801679547485,-0.24694570933367643,4.887868024654038,0.682055627186182,0.8022133724815983,7.35,-5.0,-1.0,0.0,0.0,0.0,7.35,-3.0,-1.0,0.0,0.0,0.0,7.35,-1.0,-1.0,0.0,0.0,0.0,7.35,-5.0,1.0,0.0,0.0,0.0,7.35,-3.0,1.0,0.0,0.0,0.0,7.35,-1.0,1.0,0.0,0.0,0.0,4.78,-2.62,-1.0,0.0,0.0,0.0,4.78,-0.62,-1.0,0.0,0.0,0.0,4.78,1.38,-1.0,0.0,0.0,0.0,4.78,-2.62,1.0,0.0,0.0,0.0,4.78,-0.62,1.0,0.0,0.0,0.0,4.78,1.38,1.0,0.0,0.0,0.0,5.26,-6.4,-1.0,0.0,0.0,0.0,5.26,-4.4,-1.0,0.0,0.0,0.0,5.26,-2.4,-1.0,0.0,0.0,0.0,5.26,-6.4,1.0,0.0,0.0,0.0,5.26,-4.4,1.0,0.0,0.0,0.0,5.26,-2.4,1.0,0.0,0.0,0.0,-0.02,2.360000000000072,3.7604000000001507,0.0,0.7500000000000284,1.2300000000000644,-3.42,-0.5368000000000924,-0.10160000000002711,0.0,-0.41000000000002146,0.32999999999999696,-3.42,1.4631999999999037,-0.10160000000002711,0.0,-0.41000000000002146,0.32999999999999696,0,0,0,0,0,0,0,0,0,0,0,0,0,0,0,0,0,0,0,0,0,0,0,0,0,0,0,0,0,0,0,0,0,0,0,0,0,0,0,0,0,0,0,0,0,0,0,0,0,0,0,0,0,0,0,0,0,0,0,0,0,0,0,0,0,0,0,0,0,0,0,0,0,0,0,0,0,0,0,0,0,0,0,0,0,0,0,0,0,0,0,0,0,0,0,0,0,0,0,0,0,0,0,0,0,0,0,0,0,0,0,0,0,0,0,0,0,0,0,0,0,0,0,0,0,0,0,0,0,0,0,0,0,0,0,0,0,0,0,0,0,0,0,0,0,0,0,0,0,0,0,0,0,0,0,0,0,0,0,0,0,0,0,0,0,0,0,0,0,0,0,0,0,0
8.80083711,-3.642619999999767,-1.9077364345332006,-2.3758694834725818,3.575800000000129,0.4103565466822223,-0.1449994244620445,3.6010000000000004,0.4040807809745939,-0.12331857418723935,5.01556933475628,0.4040807809745939,-0.12331857418723935,4.880575503005251,0.6820366964054891,0.8454636031322277,7.35,-5.0,-1.0,0.0,0.0,0.0,7.35,-3.0,-1.0,0.0,0.0,0.0,7.35,-1.0,-1.0,0.0,0.0,0.0,7.35,-5.0,1.0,0.0,0.0,0.0,7.35,-3.0,1.0,0.0,0.0,0.0,7.35,-1.0,1.0,0.0,0.0,0.0,4.78,-2.62,-1.0,0.0,0.0,0.0,4.78,-0.62,-1.0,0.0,0.0,0.0,4.78,1.38,-1.0,0.0,0.0,0.0,4.78,-2.62,1.0,0.0,0.0,0.0,4.78,-0.62,1.0,0.0,0.0,0.0,4.78,1.38,1.0,0.0,0.0,0.0,5.26,-6.4,-1.0,0.0,0.0,0.0,5.26,-4.4,-1.0,0.0,0.0,0.0,5.26,-2.4,-1.0,0.0,0.0,0.0,5.26,-6.4,1.0,0.0,0.0,0.0,5.26,-4.4,1.0,0.0,0.0,0.0,5.26,-2.4,1.0,0.0,0.0,0.0,-0.02,2.4350000000000747,3.883400000000157,0.0,0.7500000000000284,1.2300000000000644,-3.42,-0.5778000000000946,-0.06860000000002742,0.0,-0.41000000000002146,0.32999999999999696,-3.42,1.4221999999999015,-0.06860000000002742,0.0,-0.41000000000002146,0.32999999999999696,0,0,0,0,0,0,0,0,0,0,0,0,0,0,0,0,0,0,0,0,0,0,0,0,0,0,0,0,0,0,0,0,0,0,0,0,0,0,0,0,0,0,0,0,0,0,0,0,0,0,0,0,0,0,0,0,0,0,0,0,0,0,0,0,0,0,0,0,0,0,0,0,0,0,0,0,0,0,0,0,0,0,0,0,0,0,0,0,0,0,0,0,0,0,0,0,0,0,0,0,0,0,0,0,0,0,0,0,0,0,0,0,0,0,0,0,0,0,0,0,0,0,0,0,0,0,0,0,0,0,0,0,0,0,0,0,0,0,0,0,0,0,0,0,0,0,0,0,0,0,0,0,0,0,0,0,0,0,0,0,0,0,0,0,0,0,0,0,0,0,0,0,0,0
8.901087074,-3.354539999999752,-1.8754099720552289,-2.3857349694075696,3.6010000000001865,0.40408078097464717,-0.12331857418734771,3.6890000000000005,0.44984353135405275,-0.21131857418723934,4.982137027553273,0.44984353135405275,-0.3527464045262576,4.875869843350257,0.6846129947710006,0.8701714302930315,7.35,-5.0,-1.0,0.0,0.0,0.0,7.35,-3.0,-1.0,0.0,0.0,0.0,7.35,-1.0,-1.0,0.0,0.0,0.0,7.35,-5.0,1.0,0.0,0.0,0.0,7.35,-3.0,1.0,0.0,0.0,0.0,7.35,-1.0,1.0,0.0,0.0,0.0,4.78,-2.62,-1.0,0.0,0.0,0.0,4.78,-0.62,-1.0,0.0,0.0,0.0,4.78,1.38,-1.0,0.0,0.0,0.0,4.78,-2.62,1.0,0.0,0.0,0.0,4.78,-0.62,1.0,0.0,0.0,0.0,4.78,1.38,1.0,0.0,0.0,0.0,5.26,-6.4,-1.0,0.0,0.0,0.0,5.26,-4.4,-1.0,0.0,0.0,0.0,5.26,-2.4,-1.0,0.0,0.0,0.0,5.26,-6.4,1.0,0.0,0.0,0.0,5.26,-4.4,1.0,0.0,0.0,0.0,5.26,-2.4,1.0,0.0,0.0,0.0,-0.02,2.495000000000077,3.9818000000001623,0.0,0.7500000000000284,1.2300000000000644,-3.42,-0.6106000000000963,-0.04220000000002766,0.0,-0.41000000000002146,0.32999999999999696,-3.42,1.3893999999998998,-0.04220000000002766,0.0,-0.41000000000002146,0.32999999999999696,0,0,0,0,0,0,0,0,0,0,0,0,0,0,0,0,0,0,0,0,0,0,0,0,0,0,0,0,0,0,0,0,0,0,0,0,0,0,0,0,0,0,0,0,0,0,0,0,0,0,0,0,0,0,0,0,0,0,0,0,0,0,0,0,0,0,0,0,0,0,0,0,0,0,0,0,0,0,0,0,0,0,0,0,0,0,0,0,0,0,0,0,0,0,0,0,0,0,0,0,0,0,0,0,0,0,0,0,0,0,0,0,0,0,0,0,0,0,0,0,0,0,0,0,0,0,0,0,0,0,0,0,0,0,0,0,0,0,0,0,0,0,0,0,0,0,0,0,0,0,0,0,0,0,0,0,0,0,0,0,0,0,0,0,0,0,0,0,0,0,0,0,0,0
9.003173262,-2.9851699999997456,-1.8299133816702053,-2.4063106441655124,3.744800000000126,0.5056435313540941,-0.1645003081093499,3.7820000000000005,0.5428435313540527,-0.13328813072415002,4.997325692660487,0.8351117009230116,-0.13328813072415002,4.875869843350257,0.6846129947710006,0.8701714302930315,7.35,-5.0,-1.0,0.0,0.0,0.0,7.35,-3.0,-1.0,0.0,0.0,0.0,7.35,-1.0,-1.0,0.0,0.0,0.0,7.35,-5.0,1.0,0.0,0.0,0.0,7.35,-3.0,1.0,0.0,0.0,0.0,7.35,-1.0,1.0,0.0,0.0,0.0,4.78,-2.62,-1.0,0.0,0.0,0.0,4.78,-0.62,-1.0,0.0,0.0,0.0,4.78,1.38,-1.0,0.0,0.0,0.0,4.78,-2.62,1.0,0.0,0.0,0.0,4.78,-0.62,1.0,0.0,0.0,0.0,4.78,1.38,1.0,0.0,0.0,0.0,5.26,-6.4,-1.0,0.0,0.0,0.0,5.26,-4.4,-1.0,0.0,0.0,0.0,5.26,-2.4,-1.0,0.0,0.0,0.0,5.26,-6.4,1.0,0.0,0.0,0.0,5.26,-4.4,1.0,0.0,0.0,0.0,5.26,-2.4,1.0,0.0,0.0,0.0,-0.02,2.5700000000000798,4.104800000000131,0.0,0.7500000000000284,1.2299999999996203,-3.42,-0.6516000000000984,-0.009200000000027731,0.0,-0.41000000000002146,0.33000000000000046,-3.42,1.3483999999998977,-0.009200000000027731,0.0,-0.41000000000002146,0.33000000000000046,0,0,0,0,0,0,0,0,0,0,0,0,0,0,0,0,0,0,0,0,0,0,0,0,0,0,0,0,0,0,0,0,0,0,0,0,0,0,0,0,0,0,0,0,0,0,0,0,0,0,0,0,0,0,0,0,0,0,0,0,0,0,0,0,0,0,0,0,0,0,0,0,0,0,0,0,0,0,0,0,0,0,0,0,0,0,0,0,0,0,0,0,0,0,0,0,0,0,0,0,0,0,0,0,0,0,0,0,0,0,0,0,0,0,0,0,0,0,0,0,0,0,0,0,0,0,0,0,0,0,0,0,0,0,0,0,0,0,0,0,0,0,0,0,0,0,0,0,0,0,0,0,0,0,0,0,0,0,0,0,0,0,0,0,0,0,0,0,0,0,0,0,0,0
9.100353978,-2.681925999999732,-1.7858018991618743,-2.4176576946234407,3.8504000000001426,0.6112435313541109,-0.20168813072407588,3.8580000000000005,0.6188435313540527,-0.20928813072415003,4.894565764362243,0.9558242474719938,-0.27008120407316394,4.870666134671225,0.6861324718353963,0.8976823690258822,7.35,-5.0,-1.0,0.0,0.0,0.0,7.35,-3.0,-1.0,0.0,0.0,0.0,7.35,-1.0,-1.0,0.0,0.0,0.0,7.35,-5.0,1.0,0.0,0.0,0.0,7.35,-3.0,1.0,0.0,0.0,0.0,7.35,-1.0,1.0,0.0,0.0,0.0,4.78,-2.62,-1.0,0.0,0.0,0.0,4.78,-0.62,-1.0,0.0,0.0,0.0,4.78,1.38,-1.0,0.0,0.0,0.0,4.78,-2.62,1.0,0.0,0.0,0.0,4.78,-0.62,1.0,0.0,0.0,0.0,4.78,1.38,1.0,0.0,0.0,0.0,5.26,-6.4,-1.0,0.0,0.0,0.0,5.26,-4.4,-1.0,0.0,0.0,0.0,5.26,-2.4,-1.0,0.0,0.0,0.0,5.26,-6.4,1.0,0.0,0.0,0.0,5.26,-4.4,1.0,0.0,0.0,0.0,5.26,-2.4,1.0,0.0,0.0,0.0,-0.02,2.630000000000082,4.2032000000001,0.0,0.7500000000000284,1.2299999999996203,-3.42,-0.6844000000001002,0.017199999999972293,0.0,-0.41000000000002146,0.33000000000000046,-3.42,1.315599999999896,0.017199999999972293,0.0,-0.41000000000002146,0.33000000000000046,0,0,0,0,0,0,0,0,0,0,0,0,0,0,0,0,0,0,0,0,0,0,0,0,0,0,0,0,0,0,0,0,0,0,0,0,0,0,0,0,0,0,0,0,0,0,0,0,0,0,0,0,0,0,0,0,0,0,0,0,0,0,0,0,0,0,0,0,0,0,0,0,0,0,0,0,0,0,0,0,0,0,0,0,0,0,0,0,0,0,0,0,0,0,0,0,0,0,0,0,0,0,0,0,0,0,0,0,0,0,0,0,0,0,0,0,0,0,0,0,0,0,0,0,0,0,0,0,0,0,0,0,0,0,0,0,0,0,0,0,0,0,0,0,0,0,0,0,0,0,0,0,0,0,0,0,0,0,0,0,0,0,0,0,0,0,0,0,0,0,0,0,0,0
9.204007265,-2.372556999999723,-1.7370234166535456,-2.4336717450813685,3.9308999999999372,0.5459435313541094,-0.13638813072427425,3.9390000000000005,0.5378435313540527,-0.12828813072415002,5.0007545812619,0.07813913838868913,0.020393884582955213,4.866174899977808,0.6854714305098553,0.9222097162688898,7.35,-5.0,-1.0,0.0,0.0,0.0,7.35,-3.0,-1.0,0.0,0.0,0.0,7.35,-1.0,-1.0,0.0,0.0,0.0,7.35,-5.0,1.0,0.0,0.0,0.0,7.35,-3.0,1.0,0.0,0.0,0.0,7.35,-1.0,1.0,0.0,0.0,0.0,4.78,-2.62,-1.0,0.0,0.0,0.0,4.78,-0.62,-1.0,0.0,0.0,0.0,4.78,1.38,-1.0,0.0,0.0,0.0,4.78,-2.62,1.0,0.0,0.0,0.0,4.78,-0.62,1.0,0.0,0.0,0.0,4.78,1.38,1.0,0.0,0.0,0.0,5.26,-6.4,-1.0,0.0,0.0,0.0,5.26,-4.4,-1.0,0.0,0.0,0.0,5.26,-2.4,-1.0,0.0,0.0,0.0,5.26,-6.4,1.0,0.0,0.0,0.0,5.26,-4.4,1.0,0.0,0.0,0.0,5.26,-2.4,1.0,0.0,0.0,0.0,-0.02,2.6900000000000843,4.30160000000007,0.0,0.7500000000000284,1.2299999999996203,-3.42,-0.7172000000001019,0.043599999999972196,0.0,-0.41000000000002146,0.32999999999999696,-3.42,1.2827999999998942,0.043599999999972196,0.0,-0.41000000000002146,0.32999999999999696,0,0,0,0,0,0,0,0,0,0,0,0,0,0,0,0,0,0,0,0,0,0,0,0,0,0,0,0,0,0,0,0,0,0,0,0,0,0,0,0,0,0,0,0,0,0,0,0,0,0,0,0,0,0,0,0,0,0,0,0,0,0,0,0,0,0,0,0,0,0,0,0,0,0,0,0,0,0,0,0,0,0,0,0,0,0,0,0,0,0,0,0,0,0,0,0,0,0,0,0,0,0,0,0,0,0,0,0,0,0,0,0,0,0,0,0,0,0,0,0,0,0,0,0,0,0,0,0,0,0,0,0,0,0,0,0,0,0,0,0,0,0,0,0,0,0,0,0,0,0,0,0,0,0,0,0,0,0,0,0,0,0,0,0,0,0,0,0,0,0,0,0,0,0
9.301014667,-2.1358969999997277,-1.7044328047722999,-2.441049032924826,3.970999999999947,0.5698435313540307,-0.09628813072426468,4.003,0.6018435313540527,-0.06428813072415002,4.932490386607316,0.8292493461767849,-0.06030031758593246,4.856627522808246,0.6820859411544553,0.9736158757851532,7.35,-5.0,-1.0,0.0,0.0,0.0,7.35,-3.0,-1.0,0.0,0.0,0.0,7.35,-1.0,-1.0,0.0,0.0,0.0,7.35,-5.0,1.0,0.0,0.0,0.0,7.35,-3.0,1.0,0.0,0.0,0.0,7.35,-1.0,1.0,0.0,0.0,0.0,4.78,-2.62,-1.0,0.0,0.0,0.0,4.78,-0.62,-1.0,0.0,0.0,0.0,4.78,1.38,-1.0,0.0,0.0,0.0,4.78,-2.62,1.0,0.0,0.0,0.0,4.78,-0.62,1.0,0.0,0.0,0.0,4.78,1.38,1.0,0.0,0.0,0.0,5.26,-6.4,-1.0,0.0,0.0,0.0,5.26,-4.4,-1.0,0.0,0.0,0.0,5.26,-2.4,-1.0,0.0,0.0,0.0,5.26,-6.4,1.0,0.0,0.0,0.0,5.26,-4.4,1.0,0.0,0.0,0.0,5.26,-2.4,1.0,0.0,0.0,0.0,-0.02,2.735000000000086,4.375400000000047,0.0,0.7500000000000284,1.2299999999996203,-3.42,-0.7418000000001032,0.06339999999997202,0.0,-0.41000000000002146,0.3299999999999977,-3.42,1.258199999999893,0.06339999999997202,0.0,-0.41000000000002146,0.3299999999999977,0,0,0,0,0,0,0,0,0,0,0,0,0,0,0,0,0,0,0,0,0,0,0,0,0,0,0,0,0,0,0,0,0,0,0,0,0,0,0,0,0,0,0,0,0,0,0,0,0,0,0,0,0,0,0,0,0,0,0,0,0,0,0,0,0,0,0,0,0,0,0,0,0,0,0,0,0,0,0,0,0,0,0,0,0,0,0,0,0,0,0,0,0,0,0,0,0,0,0,0,0,0,0,0,0,0,0,0,0,0,0,0,0,0,0,0,0,0,0,0,0,0,0,0,0,0,0,0,0,0,0,0,0,0,0,0,0,0,0,0,0,0,0,0,0,0,0,0,0,0,0,0,0,0,0,0,0,0,0,0,0,0,0,0,0,0,0,0,0,0,0,0,0,0
9.402163965,-1.895716999999729,-1.6683221928910628,-2.44490632076828,4.002999999999979,0.6018435313539516,-0.06428813072423267,4.073,0.5318435313540526,-0.034906486507841006,4.983113828582009,0.4886094154892837,-0.034906486507841006,4.852464078092618,0.6806356061093586,0.9951520198024548,7.35,-5.0,-1.0,0.0,0.0,0.0,7.35,-3.0,-1.0,0.0,0.0,0.0,7.35,-1.0,-1.0,0.0,0.0,0.0,7.35,-5.0,1.0,0.0,0.0,0.0,7.35,-3.0,1.0,0.0,0.0,0.0,7.35,-1.0,1.0,0.0,0.0,0.0,4.78,-2.62,-1.0,0.0,0.0,0.0,4.78,-0.62,-1.0,0.0,0.0,0.0,4.78,1.38,-1.0,0.0,0.0,0.0,4.78,-2.62,1.0,0.0,0.0,0.0,4.78,-0.62,1.0,0.0,0.0,0.0,4.78,1.38,1.0,0.0,0.0,0.0,5.26,-6.4,-1.0,0.0,0.0,0.0,5.26,-4.4,-1.0,0.0,0.0,0.0,5.26,-2.4,-1.0,0.0,0.0,0.0,5.26,-6.4,1.0,0.0,0.0,0.0,5.26,-4.4,1.0,0.0,0.0,0.0,5.26,-2.4,1.0,0.0,0.0,0.0,-0.02,2.7800000000000877,4.449200000000024,0.0,0.7500000000000284,1.2299999999996203,-3.42,-0.7664000000001044,0.08319999999997184,0.0,-0.41000000000002146,0.32999999999999696,-3.42,1.2335999999998917,0.08319999999997184,0.0,-0.41000000000002146,0.32999999999999696,0,0,0,0,0,0,0,0,0,0,0,0,0,0,0,0,0,0,0,0,0,0,0,0,0,0,0,0,0,0,0,0,0,0,0,0,0,0,0,0,0,0,0,0,0,0,0,0,0,0,0,0,0,0,0,0,0,0,0,0,0,0,0,0,0,0,0,0,0,0,0,0,0,0,0,0,0,0,0,0,0,0,0,0,0,0,0,0,0,0,0,0,0,0,0,0,0,0,0,0,0,0,0,0,0,0,0,0,0,0,0,0,0,0,0,0,0,0,0,0,0,0,0,0,0,0,0,0,0,0,0,0,0,0,0,0,0,0,0,0,0,0,0,0,0,0,0,0,0,0,0,0,0,0,0,0,0,0,0,0,0,0,0,0,0,0,0,0,0,0,0,0,0,0
9.50181402,-1.6516869999997295,-1.6360615810098142,-2.447147618179838,4.072999999999993,0.5318435313541592,-0.034906486507946255,4.1370000000000005,0.5958435313540527,-0.06658677326661566,4.867969769762647,1.0670105132866654,-0.06658677326661566,4.852464078092618,0.6806356061093586,0.9951520198024548,7.35,-5.0,-1.0,0.0,0.0,0.0,7.35,-3.0,-1.0,0.0,0.0,0.0,7.35,-1.0,-1.0,0.0,0.0,0.0,7.35,-5.0,1.0,0.0,0.0,0.0,7.35,-3.0,1.0,0.0,0.0,0.0,7.35,-1.0,1.0,0.0,0.0,0.0,4.78,-2.62,-1.0,0.0,0.0,0.0,4.78,-0.62,-1.0,0.0,0.0,0.0,4.78,1.38,-1.0,0.0,0.0,0.0,4.78,-2.62,1.0,0.0,0.0,0.0,4.78,-0.62,1.0,0.0,0.0,0.0,4.78,1.38,1.0,0.0,0.0,0.0,5.26,-6.4,-1.0,0.0,0.0,0.0,5.26,-4.4,-1.0,0.0,0.0,0.0,5.26,-2.4,-1.0,0.0,0.0,0.0,5.26,-6.4,1.0,0.0,0.0,0.0,5.26,-4.4,1.0,0.0,0.0,0.0,5.26,-2.4,1.0,0.0,0.0,0.0,-0.02,2.8250000000000894,4.5230000000000015,0.0,0.7500000000000284,1.2299999999996203,-3.42,-0.7910000000001057,0.10299999999997166,0.0,-0.41000000000002146,0.32999999999999696,-3.42,1.2089999999998904,0.10299999999997166,0.0,-0.41000000000002146,0.32999999999999696,0,0,0,0,0,0,0,0,0,0,0,0,0,0,0,0,0,0,0,0,0,0,0,0,0,0,0,0,0,0,0,0,0,0,0,0,0,0,0,0,0,0,0,0,0,0,0,0,0,0,0,0,0,0,0,0,0,0,0,0,0,0,0,0,0,0,0,0,0,0,0,0,0,0,0,0,0,0,0,0,0,0,0,0,0,0,0,0,0,0,0,0,0,0,0,0,0,0,0,0,0,0,0,0,0,0,0,0,0,0,0,0,0,0,0,0,0,0,0,0,0,0,0,0,0,0,0,0,0,0,0,0,0,0,0,0,0,0,0,0,0,0,0,0,0,0,0,0,0,0,0,0,0,0,0,0,0,0,0,0,0,0,0,0,0,0,0,0,0,0,0,0,0,0
9.601236008,-1.3213029999997254,-1.5889700985014927,-2.45218943746035,4.137000000000057,0.5958435313540011,-0.06658677326676354,4.211,0.6698435313540526,-0.041132764854218795,4.804801115071991,1.3617784248686142,-0.041132764854218795,4.841662984019808,0.6795629258813898,1.0471359887521416,7.35,-5.0,-1.0,0.0,0.0,0.0,7.35,-3.0,-1.0,0.0,0.0,0.0,7.35,-1.0,-1.0,0.0,0.0,0.0,7.35,-5.0,1.0,0.0,0.0,0.0,7.35,-3.0,1.0,0.0,0.0,0.0,7.35,-1.0,1.0,0.0,0.0,0.0,4.78,-2.62,-1.0,0.0,0.0,0.0,4.78,-0.62,-1.0,0.0,0.0,0.0,4.78,1.38,-1.0,0.0,0.0,0.0,4.78,-2.62,1.0,0.0,0.0,0.0,4.78,-0.62,1.0,0.0,0.0,0.0,4.78,1.38,1.0,0.0,0.0,0.0,5.26,-6.4,-1.0,0.0,0.0,0.0,5.26,-4.4,-1.0,0.0,0.0,0.0,5.26,-2.4,-1.0,0.0,0.0,0.0,5.26,-6.4,1.0,0.0,0.0,0.0,5.26,-4.4,1.0,0.0,0.0,0.0,5.26,-2.4,1.0,0.0,0.0,0.0,-0.02,2.8850000000000917,4.621399999999971,0.0,0.7500000000000284,1.2299999999996203,-3.42,-0.8238000000001074,0.12939999999997143,0.0,-0.41000000000002146,0.32999999999999696,-3.42,1.1761999999998887,0.12939999999997143,0.0,-0.41000000000002146,0.32999999999999696,0,0,0,0,0,0,0,0,0,0,0,0,0,0,0,0,0,0,0,0,0,0,0,0,0,0,0,0,0,0,0,0,0,0,0,0,0,0,0,0,0,0,0,0,0,0,0,0,0,0,0,0,0,0,0,0,0,0,0,0,0,0,0,0,0,0,0,0,0,0,0,0,0,0,0,0,0,0,0,0,0,0,0,0,0,0,0,0,0,0,0,0,0,0,0,0,0,0,0,0,0,0,0,0,0,0,0,0,0,0,0,0,0,0,0,0,0,0,0,0,0,0,0,0,0,0,0,0,0,0,0,0,0,0,0,0,0,0,0,0,0,0,0,0,0,0,0,0,0,0,0,0,0,0,0,0,0,0,0,0,0,0,0,0,0,0,0,0,0,0,0,0,0,0
9.70065789,-0.984644999999728,-1.5356046159931627,-2.455556420673922,4.210999999999964,0.6698435313541307,-0.04113276485417927,4.288,0.7468435313540526,-0.1181327648542188,4.876493205515511,1.1102500136658193,-0.20616048372839169,4.8355459780845935,0.6763083238805785,1.0770803799530266,7.35,-5.0,-1.0,0.0,0.0,0.0,7.35,-3.0,-1.0,0.0,0.0,0.0,7.35,-1.0,-1.0,0.0,0.0,0.0,7.35,-5.0,1.0,0.0,0.0,0.0,7.35,-3.0,1.0,0.0,0.0,0.0,7.35,-1.0,1.0,0.0,0.0,0.0,4.78,-2.62,-1.0,0.0,0.0,0.0,4.78,-0.62,-1.0,0.0,0.0,0.0,4.78,1.38,-1.0,0.0,0.0,0.0,4.78,-2.62,1.0,0.0,0.0,0.0,4.78,-0.62,1.0,0.0,0.0,0.0,4.78,1.38,1.0,0.0,0.0,0.0,5.26,-6.4,-1.0,0.0,0.0,0.0,5.26,-4.4,-1.0,0.0,0.0,0.0,5.26,-2.4,-1.0,0.0,0.0,0.0,5.26,-6.4,1.0,0.0,0.0,0.0,5.26,-4.4,1.0,0.0,0.0,0.0,5.26,-2.4,1.0,0.0,0.0,0.0,-0.02,2.945000000000094,4.719799999999941,0.0,0.7500000000000284,1.2299999999996203,-3.42,-0.8566000000001092,0.15579999999997118,0.0,-0.41000000000002146,0.32999999999999696,-3.42,1.143399999999887,0.15579999999997118,0.0,-0.41000000000002146,0.32999999999999696,0,0,0,0,0,0,0,0,0,0,0,0,0,0,0,0,0,0,0,0,0,0,0,0,0,0,0,0,0,0,0,0,0,0,0,0,0,0,0,0,0,0,0,0,0,0,0,0,0,0,0,0,0,0,0,0,0,0,0,0,0,0,0,0,0,0,0,0,0,0,0,0,0,0,0,0,0,0,0,0,0,0,0,0,0,0,0,0,0,0,0,0,0,0,0,0,0,0,0,0,0,0,0,0,0,0,0,0,0,0,0,0,0,0,0,0,0,0,0,0,0,0,0,0,0,0,0,0,0,0,0,0,0,0,0,0,0,0,0,0,0,0,0,0,0,0,0,0,0,0,0,0,0,0,0,0,0,0,0,0,0,0,0,0,0,0,0,0,0,0,0,0,0,0
9.801332133,-0.6416049999997313,-1.4758571334848416,-2.4650070418622647,4.287999999999959,0.7468435313540134,-0.11813276485428403,4.369000000000001,0.8278435313540525,-0.09856126415714295,4.844126663940308,1.25146684548477,-0.09856126415714295,4.8275650914622235,0.6697983752364465,1.1162371720319784,7.35,-5.0,-1.0,0.0,0.0,0.0,7.35,-3.0,-1.0,0.0,0.0,0.0,7.35,-1.0,-1.0,0.0,0.0,0.0,7.35,-5.0,1.0,0.0,0.0,0.0,7.35,-3.0,1.0,0.0,0.0,0.0,7.35,-1.0,1.0,0.0,0.0,0.0,4.78,-2.62,-1.0,0.0,0.0,0.0,4.78,-0.62,-1.0,0.0,0.0,0.0,4.78,1.38,-1.0,0.0,0.0,0.0,4.78,-2.62,1.0,0.0,0.0,0.0,4.78,-0.62,1.0,0.0,0.0,0.0,4.78,1.38,1.0,0.0,0.0,0.0,5.26,-6.4,-1.0,0.0,0.0,0.0,5.26,-4.4,-1.0,0.0,0.0,0.0,5.26,-2.4,-1.0,0.0,0.0,0.0,5.26,-6.4,1.0,0.0,0.0,0.0,5.26,-4.4,1.0,0.0,0.0,0.0,5.26,-2.4,1.0,0.0,0.0,0.0,-0.02,3.0050000000000963,4.81819999999991,0.0,0.7500000000000284,1.2299999999996203,-3.42,-0.8894000000001109,0.18219999999997094,0.0,-0.41000000000002146,0.32999999999999696,-3.42,1.1105999999998852,0.18219999999997094,0.0,-0.41000000000002146,0.32999999999999696,0,0,0,0,0,0,0,0,0,0,0,0,0,0,0,0,0,0,0,0,0,0,0,0,0,0,0,0,0,0,0,0,0,0,0,0,0,0,0,0,0,0,0,0,0,0,0,0,0,0,0,0,0,0,0,0,0,0,0,0,0,0,0,0,0,0,0,0,0,0,0,0,0,0,0,0,0,0,0,0,0,0,0,0,0,0,0,0,0,0,0,0,0,0,0,0,0,0,0,0,0,0,0,0,0,0,0,0,0,0,0,0,0,0,0,0,0,0,0,0,0,0,0,0,0,0,0,0,0,0,0,0,0,0,0,0,0,0,0,0,0,0,0,0,0,0,0,0,0,0,0,0,0,0,0,0,0,0,0,0,0,0,0,0,0,0,0,0,0,0,0,0,0,0
9.900997506,-0.29216599999973214,-1.4097106509765207,-2.472911514495546,4.369000000000012,0.8278435313540111,-0.09856126415730415,4.453,0.7438435313540526,-0.05587131920172661,5.01564631156291,0.3400347843150362,-0.05587131920172661,4.8275650914622235,0.6697983752364465,1.1162371720319784,7.35,-5.0,-1.0,0.0,0.0,0.0,7.35,-3.0,-1.0,0.0,0.0,0.0,7.35,-1.0,-1.0,0.0,0.0,0.0,7.35,-5.0,1.0,0.0,0.0,0.0,7.35,-3.0,1.0,0.0,0.0,0.0,7.35,-1.0,1.0,0.0,0.0,0.0,4.78,-2.62,-1.0,0.0,0.0,0.0,4.78,-0.62,-1.0,0.0,0.0,0.0,4.78,1.38,-1.0,0.0,0.0,0.0,4.78,-2.62,1.0,0.0,0.0,0.0,4.78,-0.62,1.0,0.0,0.0,0.0,4.78,1.38,1.0,0.0,0.0,0.0,5.26,-6.4,-1.0,0.0,0.0,0.0,5.26,-4.4,-1.0,0.0,0.0,0.0,5.26,-2.4,-1.0,0.0,0.0,0.0,5.26,-6.4,1.0,0.0,0.0,0.0,5.26,-4.4,1.0,0.0,0.0,0.0,5.26,-2.4,1.0,0.0,0.0,0.0,-0.02,3.0650000000000985,4.91659999999988,0.0,0.7500000000000284,1.2299999999996203,-3.42,-0.9222000000001126,0.2085999999999707,0.0,-0.41000000000002146,0.32999999999999696,-3.42,1.0777999999998835,0.2085999999999707,0.0,-0.41000000000002146,0.32999999999999696,0,0,0,0,0,0,0,0,0,0,0,0,0,0,0,0,0,0,0,0,0,0,0,0,0,0,0,0,0,0,0,0,0,0,0,0,0,0,0,0,0,0,0,0,0,0,0,0,0,0,0,0,0,0,0,0,0,0,0,0,0,0,0,0,0,0,0,0,0,0,0,0,0,0,0,0,0,0,0,0,0,0,0,0,0,0,0,0,0,0,0,0,0,0,0,0,0,0,0,0,0,0,0,0,0,0,0,0,0,0,0,0,0,0,0,0,0,0,0,0,0,0,0,0,0,0,0,0,0,0,0,0,0,0,0,0,0,0,0,0,0,0,0,0,0,0,0,0,0,0,0,0,0,0,0,0,0,0,0,0,0,0,0,0,0,0,0,0,0,0,0,0,0,0
10.004399669,0.06365400000026816,-1.3497831684681978,-2.477594669756469,4.452999999999998,0.7438435313540381,-0.05587131920181676,4.534000000000001,0.7196310254529323,-0.13687131920172663,4.937086811007418,0.7196310254529323,-0.22365594008094636,4.818978808026409,0.6599781825362215,1.1583920089367652,7.35,-5.0,-1.0,0.0,0.0,0.0,7.35,-3.0,-1.0,0.0,0.0,0.0,7.35,-1.0,-1.0,0.0,0.0,0.0,7.35,-5.0,1.0,0.0,0.0,0.0,7.35,-3.0,1.0,0.0,0.0,0.0,7.35,-1.0,1.0,0.0,0.0,0.0,4.78,-2.62,-1.0,0.0,0.0,0.0,4.78,-0.62,-1.0,0.0,0.0,0.0,4.78,1.38,-1.0,0.0,0.0,0.0,4.78,-2.62,1.0,0.0,0.0,0.0,4.78,-0.62,1.0,0.0,0.0,0.0,4.78,1.38,1.0,0.0,0.0,0.0,5.26,-6.4,-1.0,0.0,0.0,0.0,5.26,-4.4,-1.0,0.0,0.0,0.0,5.26,-2.4,-1.0,0.0,0.0,0.0,5.26,-6.4,1.0,0.0,0.0,0.0,5.26,-4.4,1.0,0.0,0.0,0.0,5.26,-2.4,1.0,0.0,0.0,0.0,-0.02,3.125000000000101,5.01499999999985,0.0,0.7500000000000284,1.2299999999996203,-3.42,-0.9550000000001143,0.23499999999997045,0.0,-0.41000000000002146,0.32999999999999696,-3.42,1.0449999999998818,0.23499999999997045,0.0,-0.41000000000002146,0.32999999999999696,0,0,0,0,0,0,0,0,0,0,0,0,0,0,0,0,0,0,0,0,0,0,0,0,0,0,0,0,0,0,0,0,0,0,0,0,0,0,0,0,0,0,0,0,0,0,0,0,0,0,0,0,0,0,0,0,0,0,0,0,0,0,0,0,0,0,0,0,0,0,0,0,0,0,0,0,0,0,0,0,0,0,0,0,0,0,0,0,0,0,0,0,0,0,0,0,0,0,0,0,0,0,0,0,0,0,0,0,0,0,0,0,0,0,0,0,0,0,0,0,0,0,0,0,0,0,0,0,0,0,0,0,0,0,0,0,0,0,0,0,0,0,0,0,0,0,0,0,0,0,0,0,0,0,0,0,0,0,0,0,0,0,0,0,0,0,0,0,0,0,0,0,0,0
10.100674318,0.4258880000002677,-1.2920674113965578,-2.4880583752925975,4.533999999999983,0.7196310254529159,-0.13687131920159246,4.609000000000001,0.6446310254529324,-0.07984117124301982,5.015402393000127,0.4205958434348074,-0.07984117124301982,4.793856999999866,0.6471131522364583,1.2438238806674964,7.35,-5.0,-1.0,0.0,0.0,0.0,7.35,-3.0,-1.0,0.0,0.0,0.0,7.35,-1.0,-1.0,0.0,0.0,0.0,7.35,-5.0,1.0,0.0,0.0,0.0,7.35,-3.0,1.0,0.0,0.0,0.0,7.35,-1.0,1.0,0.0,0.0,0.0,4.78,-2.62,-1.0,0.0,0.0,0.0,4.78,-0.62,-1.0,0.0,0.0,0.0,4.78,1.38,-1.0,0.0,0.0,0.0,4.78,-2.62,1.0,0.0,0.0,0.0,4.78,-0.62,1.0,0.0,0.0,0.0,4.78,1.38,1.0,0.0,0.0,0.0,5.26,-6.4,-1.0,0.0,0.0,0.0,5.26,-4.4,-1.0,0.0,0.0,0.0,5.26,-2.4,-1.0,0.0,0.0,0.0,5.26,-6.4,1.0,0.0,0.0,0.0,5.26,-4.4,1.0,0.0,0.0,0.0,5.26,-2.4,1.0,0.0,0.0,0.0,-0.02,3.185000000000103,5.113399999999819,0.0,0.7500000000000284,1.2299999999996203,-3.42,-0.987800000000116,0.2613999999999702,0.0,-0.41000000000002146,0.32999999999999696,-3.42,1.01219999999988,0.2613999999999702,0.0,-0.41000000000002146,0.32999999999999696,0,0,0,0,0,0,0,0,0,0,0,0,0,0,0,0,0,0,0,0,0,0,0,0,0,0,0,0,0,0,0,0,0,0,0,0,0,0,0,0,0,0,0,0,0,0,0,0,0,0,0,0,0,0,0,0,0,0,0,0,0,0,0,0,0,0,0,0,0,0,0,0,0,0,0,0,0,0,0,0,0,0,0,0,0,0,0,0,0,0,0,0,0,0,0,0,0,0,0,0,0,0,0,0,0,0,0,0,0,0,0,0,0,0,0,0,0,0,0,0,0,0,0,0,0,0,0,0,0,0,0,0,0,0,0,0,0,0,0,0,0,0,0,0,0,0,0,0,0,0,0,0,0,0,0,0,0,0,0,0,0,0,0,0,0,0,0,0,0,0,0,0,0,0
10.204643412,0.7945330000002657,-1.2404219293603282,-2.494502699139982,4.608999999999974,0.6446310254528687,-0.07984117124282264,4.7010000000000005,0.7366310254529324,-0.11653579688861404,4.8046977873871635,1.2754258904031284,-0.11653579688861404,4.6096469999998675,0.6211779112183434,1.2471315878131268,7.35,-5.0,-1.0,0.0,0.0,0.0,7.35,-3.0,-1.0,0.0,0.0,0.0,7.35,-1.0,-1.0,0.0,0.0,0.0,7.35,-5.0,1.0,0.0,0.0,0.0,7.35,-3.0,1.0,0.0,0.0,0.0,7.35,-1.0,1.0,0.0,0.0,0.0,4.78,-2.62,-1.0,0.0,0.0,0.0,4.78,-0.62,-1.0,0.0,0.0,0.0,4.78,1.38,-1.0,0.0,0.0,0.0,4.78,-2.62,1.0,0.0,0.0,0.0,4.78,-0.62,1.0,0.0,0.0,0.0,4.78,1.38,1.0,0.0,0.0,0.0,5.26,-6.4,-1.0,0.0,0.0,0.0,5.26,-4.4,-1.0,0.0,0.0,0.0,5.26,-2.4,-1.0,0.0,0.0,0.0,5.26,-6.4,1.0,0.0,0.0,0.0,5.26,-4.4,1.0,0.0,0.0,0.0,5.26,-2.4,1.0,0.0,0.0,0.0,-0.02,3.260000000000106,5.236399999999781,0.0,0.7500000000000284,1.2299999999996203,-3.42,-1.0206000000001176,0.28779999999996997,0.0,-0.41000000000002146,0.32999999999999696,-3.42,0.9793999999998784,0.28779999999996997,0.0,-0.41000000000002146,0.32999999999999696,0,0,0,0,0,0,0,0,0,0,0,0,0,0,0,0,0,0,0,0,0,0,0,0,0,0,0,0,0,0,0,0,0,0,0,0,0,0,0,0,0,0,0,0,0,0,0,0,0,0,0,0,0,0,0,0,0,0,0,0,0,0,0,0,0,0,0,0,0,0,0,0,0,0,0,0,0,0,0,0,0,0,0,0,0,0,0,0,0,0,0,0,0,0,0,0,0,0,0,0,0,0,0,0,0,0,0,0,0,0,0,0,0,0,0,0,0,0,0,0,0,0,0,0,0,0,0,0,0,0,0,0,0,0,0,0,0,0,0,0,0,0,0,0,0,0,0,0,0,0,0,0,0,0,0,0,0,0,0,0,0,0,0,0,0,0,0,0,0,0,0,0,0,0
10.301442863,1.1693250000002664,-1.1827794473241,-2.503311838132017,4.701000000000065,0.7366310254528496,-0.11653579688841731,4.768000000000001,0.6696310254529323,-0.11143059083305795,4.7917074858651825,0.16000240174329816,-0.11143059083305795,4.436491999999867,0.5947045632765878,1.2511315079800105,7.35,-5.0,-1.0,0.0,0.0,0.0,7.35,-3.0,-1.0,0.0,0.0,0.0,7.35,-1.0,-1.0,0.0,0.0,0.0,7.35,-5.0,1.0,0.0,0.0,0.0,7.35,-3.0,1.0,0.0,0.0,0.0,7.35,-1.0,1.0,0.0,0.0,0.0,4.78,-2.62,-1.0,0.0,0.0,0.0,4.78,-0.62,-1.0,0.0,0.0,0.0,4.78,1.38,-1.0,0.0,0.0,0.0,4.78,-2.62,1.0,0.0,0.0,0.0,4.78,-0.62,1.0,0.0,0.0,0.0,4.78,1.38,1.0,0.0,0.0,0.0,5.26,-6.4,-1.0,0.0,0.0,0.0,5.26,-4.4,-1.0,0.0,0.0,0.0,5.26,-2.4,-1.0,0.0,0.0,0.0,5.26,-6.4,1.0,0.0,0.0,0.0,5.26,-4.4,1.0,0.0,0.0,0.0,5.26,-2.4,1.0,0.0,0.0,0.0,-0.02,3.3050000000001076,5.3101999999997584,0.0,0.7500000000000284,1.2299999999996203,-3.42,-1.0534000000001194,0.3141999999999697,0.0,-0.41000000000002146,0.32999999999999696,-3.42,0.9465999999998767,0.3141999999999697,0.0,-0.41000000000002146,0.32999999999999696,0,0,0,0,0,0,0,0,0,0,0,0,0,0,0,0,0,0,0,0,0,0,0,0,0,0,0,0,0,0,0,0,0,0,0,0,0,0,0,0,0,0,0,0,0,0,0,0,0,0,0,0,0,0,0,0,0,0,0,0,0,0,0,0,0,0,0,0,0,0,0,0,0,0,0,0,0,0,0,0,0,0,0,0,0,0,0,0,0,0,0,0,0,0,0,0,0,0,0,0,0,0,0,0,0,0,0,0,0,0,0,0,0,0,0,0,0,0,0,0,0,0,0,0,0,0,0,0,0,0,0,0,0,0,0,0,0,0,0,0,0,0,0,0,0,0,0,0,0,0,0,0,0,0,0,0,0,0,0,0,0,0,0,0,0,0,0,0,0,0,0,0,0,0
10.401219405,1.550461000000274,-1.1295129652878582,-2.511922285398672,4.737600000000032,0.6392310254529576,-0.08103059083319764,4.692000000000001,0.5936310254529323,-0.035430590833057954,4.607544991127305,0.5674018731791719,-0.02005048633886153,4.253286299999863,0.5686830687966471,1.2553837591543369,7.35,-5.0,-1.0,0.0,0.0,0.0,7.35,-3.0,-1.0,0.0,0.0,0.0,7.35,-1.0,-1.0,0.0,0.0,0.0,7.35,-5.0,1.0,0.0,0.0,0.0,7.35,-3.0,1.0,0.0,0.0,0.0,7.35,-1.0,1.0,0.0,0.0,0.0,4.78,-2.62,-1.0,0.0,0.0,0.0,4.78,-0.62,-1.0,0.0,0.0,0.0,4.78,1.38,-1.0,0.0,0.0,0.0,4.78,-2.62,1.0,0.0,0.0,0.0,4.78,-0.62,1.0,0.0,0.0,0.0,4.78,1.38,1.0,0.0,0.0,0.0,5.26,-6.4,-1.0,0.0,0.0,0.0,5.26,-4.4,-1.0,0.0,0.0,0.0,5.26,-2.4,-1.0,0.0,0.0,0.0,5.26,-6.4,1.0,0.0,0.0,0.0,5.26,-4.4,1.0,0.0,0.0,0.0,5.26,-2.4,1.0,0.0,0.0,0.0,-0.02,3.36500000000011,5.408599999999728,0.0,0.7500000000000284,1.2299999999996203,-3.42,-1.086200000000121,0.3405999999999695,0.0,-0.41000000000002146,0.32999999999999696,-3.42,0.9137999999998749,0.3405999999999695,0.0,-0.41000000000002146,0.32999999999999696,0,0,0,0,0,0,0,0,0,0,0,0,0,0,0,0,0,0,0,0,0,0,0,0,0,0,0,0,0,0,0,0,0,0,0,0,0,0,0,0,0,0,0,0,0,0,0,0,0,0,0,0,0,0,0,0,0,0,0,0,0,0,0,0,0,0,0,0,0,0,0,0,0,0,0,0,0,0,0,0,0,0,0,0,0,0,0,0,0,0,0,0,0,0,0,0,0,0,0,0,0,0,0,0,0,0,0,0,0,0,0,0,0,0,0,0,0,0,0,0,0,0,0,0,0,0,0,0,0,0,0,0,0,0,0,0,0,0,0,0,0,0,0,0,0,0,0,0,0,0,0,0,0,0,0,0,0,0,0,0,0,0,0,0,0,0,0,0,0,0,0,0,0,0
10.506783266,1.9252130000002678,-1.0826304832516302,-2.514806042137838,4.631199999999947,0.5328310254528734,-0.040361538084088266,4.616000000000001,0.5176310254529324,-0.04159427489682743,4.456673635165775,0.40107655828202127,-0.04159427489682743,4.253286299999863,0.5686830687966471,1.2553837591543369,7.35,-5.0,-1.0,0.0,0.0,0.0,7.35,-3.0,-1.0,0.0,0.0,0.0,7.35,-1.0,-1.0,0.0,0.0,0.0,7.35,-5.0,1.0,0.0,0.0,0.0,7.35,-3.0,1.0,0.0,0.0,0.0,7.35,-1.0,1.0,0.0,0.0,0.0,4.78,-2.62,-1.0,0.0,0.0,0.0,4.78,-0.62,-1.0,0.0,0.0,0.0,4.78,1.38,-1.0,0.0,0.0,0.0,4.78,-2.62,1.0,0.0,0.0,0.0,4.78,-0.62,1.0,0.0,0.0,0.0,4.78,1.38,1.0,0.0,0.0,0.0,5.26,-6.4,-1.0,0.0,0.0,0.0,5.26,-4.4,-1.0,0.0,0.0,0.0,5.26,-2.4,-1.0,0.0,0.0,0.0,5.26,-6.4,1.0,0.0,0.0,0.0,5.26,-4.4,1.0,0.0,0.0,0.0,5.26,-2.4,1.0,0.0,0.0,0.0,-0.02,3.425000000000112,5.506999999999698,0.0,0.7500000000000284,1.2299999999996203,-3.42,-1.1190000000001228,0.36699999999996924,0.0,-0.41000000000002146,0.32999999999999696,-3.42,0.8809999999998732,0.36699999999996924,0.0,-0.41000000000002146,0.32999999999999696,0,0,0,0,0,0,0,0,0,0,0,0,0,0,0,0,0,0,0,0,0,0,0,0,0,0,0,0,0,0,0,0,0,0,0,0,0,0,0,0,0,0,0,0,0,0,0,0,0,0,0,0,0,0,0,0,0,0,0,0,0,0,0,0,0,0,0,0,0,0,0,0,0,0,0,0,0,0,0,0,0,0,0,0,0,0,0,0,0,0,0,0,0,0,0,0,0,0,0,0,0,0,0,0,0,0,0,0,0,0,0,0,0,0,0,0,0,0,0,0,0,0,0,0,0,0,0,0,0,0,0,0,0,0,0,0,0,0,0,0,0,0,0,0,0,0,0,0,0,0,0,0,0,0,0,0,0,0,0,0,0,0,0,0,0,0,0,0,0,0,0,0,0,0
10.60133429,2.2021730000002653,-1.0515726217244574,-2.5173016986316465,4.615999999999954,0.5176310254528804,-0.04159427489680567,4.549000000000001,0.46900148175834655,0.013728028195149733,4.3020311346159055,0.46900148175834655,0.013728028195149733,3.914300166666534,0.5275117476137383,1.258512201732834,7.35,-5.0,-1.0,0.0,0.0,0.0,7.35,-3.0,-1.0,0.0,0.0,0.0,7.35,-1.0,-1.0,0.0,0.0,0.0,7.35,-5.0,1.0,0.0,0.0,0.0,7.35,-3.0,1.0,0.0,0.0,0.0,7.35,-1.0,1.0,0.0,0.0,0.0,4.78,-2.62,-1.0,0.0,0.0,0.0,4.78,-0.62,-1.0,0.0,0.0,0.0,4.78,1.38,-1.0,0.0,0.0,0.0,4.78,-2.62,1.0,0.0,0.0,0.0,4.78,-0.62,1.0,0.0,0.0,0.0,4.78,1.38,1.0,0.0,0.0,0.0,5.26,-6.4,-1.0,0.0,0.0,0.0,5.26,-4.4,-1.0,0.0,0.0,0.0,5.26,-2.4,-1.0,0.0,0.0,0.0,5.26,-6.4,1.0,0.0,0.0,0.0,5.26,-4.4,1.0,0.0,0.0,0.0,5.26,-2.4,1.0,0.0,0.0,0.0,-0.02,3.470000000000114,5.580799999999675,0.0,0.7500000000000284,1.2299999999996203,-3.42,-1.143600000000124,0.38679999999996906,0.0,-0.41000000000002146,0.32999999999999696,-3.42,0.8563999999998719,0.38679999999996906,0.0,-0.41000000000002146,0.32999999999999696,0,0,0,0,0,0,0,0,0,0,0,0,0,0,0,0,0,0,0,0,0,0,0,0,0,0,0,0,0,0,0,0,0,0,0,0,0,0,0,0,0,0,0,0,0,0,0,0,0,0,0,0,0,0,0,0,0,0,0,0,0,0,0,0,0,0,0,0,0,0,0,0,0,0,0,0,0,0,0,0,0,0,0,0,0,0,0,0,0,0,0,0,0,0,0,0,0,0,0,0,0,0,0,0,0,0,0,0,0,0,0,0,0,0,0,0,0,0,0,0,0,0,0,0,0,0,0,0,0,0,0,0,0,0,0,0,0,0,0,0,0,0,0,0,0,0,0,0,0,0,0,0,0,0,0,0,0,0,0,0,0,0,0,0,0,0,0,0,0,0,0,0,0,0
10.70072538,2.655712000000261,-1.003195844004931,-2.515890151375505,4.465000000000162,0.5530014817582973,0.019261365825862242,4.465000000000002,0.5530014817583465,0.01926136582582849,3.95645454561433,0.8080414004067658,0.01926136582582849,3.712442399999871,0.5064615353382902,1.2581109579743837,7.35,-5.0,-1.0,0.0,0.0,0.0,7.35,-3.0,-1.0,0.0,0.0,0.0,7.35,-1.0,-1.0,0.0,0.0,0.0,7.35,-5.0,1.0,0.0,0.0,0.0,7.35,-3.0,1.0,0.0,0.0,0.0,7.35,-1.0,1.0,0.0,0.0,0.0,4.78,-2.62,-1.0,0.0,0.0,0.0,4.78,-0.62,-1.0,0.0,0.0,0.0,4.78,1.38,-1.0,0.0,0.0,0.0,4.78,-2.62,1.0,0.0,0.0,0.0,4.78,-0.62,1.0,0.0,0.0,0.0,4.78,1.38,1.0,0.0,0.0,0.0,5.26,-6.4,-1.0,0.0,0.0,0.0,5.26,-4.4,-1.0,0.0,0.0,0.0,5.26,-2.4,-1.0,0.0,0.0,0.0,5.26,-6.4,1.0,0.0,0.0,0.0,5.26,-4.4,1.0,0.0,0.0,0.0,5.26,-2.4,1.0,0.0,0.0,0.0,-0.02,3.5450000000001167,5.703799999999637,0.0,0.7500000000000284,1.2299999999996203,-3.42,-1.1846000000001262,0.41979999999996875,0.0,-0.41000000000002146,0.32999999999999696,-3.42,0.8153999999998698,0.41979999999996875,0.0,-0.41000000000002146,0.32999999999999696,0,0,0,0,0,0,0,0,0,0,0,0,0,0,0,0,0,0,0,0,0,0,0,0,0,0,0,0,0,0,0,0,0,0,0,0,0,0,0,0,0,0,0,0,0,0,0,0,0,0,0,0,0,0,0,0,0,0,0,0,0,0,0,0,0,0,0,0,0,0,0,0,0,0,0,0,0,0,0,0,0,0,0,0,0,0,0,0,0,0,0,0,0,0,0,0,0,0,0,0,0,0,0,0,0,0,0,0,0,0,0,0,0,0,0,0,0,0,0,0,0,0,0,0,0,0,0,0,0,0,0,0,0,0,0,0,0,0,0,0,0,0,0,0,0,0,0,0,0,0,0,0,0,0,0,0,0,0,0,0,0,0,0,0,0,0,0,0,0,0,0,0,0,0
10.801209029,3.0121200000002712,-0.9581637254642663,-2.514503410445937,4.385799999999884,0.6322014817583765,0.0038445321757674122,4.377000000000002,0.6410014817583465,0.0021315506590919853,3.859275768285988,0.6534875085866703,0.0021315506590919853,3.521335333333198,0.4827503480953991,1.257323223478688,7.35,-5.0,-1.0,0.0,0.0,0.0,7.35,-3.0,-1.0,0.0,0.0,0.0,7.35,-1.0,-1.0,0.0,0.0,0.0,7.35,-5.0,1.0,0.0,0.0,0.0,7.35,-3.0,1.0,0.0,0.0,0.0,7.35,-1.0,1.0,0.0,0.0,0.0,4.78,-2.62,-1.0,0.0,0.0,0.0,4.78,-0.62,-1.0,0.0,0.0,0.0,4.78,1.38,-1.0,0.0,0.0,0.0,4.78,-2.62,1.0,0.0,0.0,0.0,4.78,-0.62,1.0,0.0,0.0,0.0,4.78,1.38,1.0,0.0,0.0,0.0,5.26,-6.4,-1.0,0.0,0.0,0.0,5.26,-4.4,-1.0,0.0,0.0,0.0,5.26,-2.4,-1.0,0.0,0.0,0.0,5.26,-6.4,1.0,0.0,0.0,0.0,5.26,-4.4,1.0,0.0,0.0,0.0,5.26,-2.4,1.0,0.0,0.0,0.0,-0.02,3.605000000000119,5.802199999999607,0.0,0.7500000000000284,1.2299999999996203,-3.42,-1.217400000000128,0.4461999999999685,0.0,-0.41000000000002146,0.32999999999999696,-3.42,0.7825999999998681,0.4461999999999685,0.0,-0.41000000000002146,0.32999999999999696,0,0,0,0,0,0,0,0,0,0,0,0,0,0,0,0,0,0,0,0,0,0,0,0,0,0,0,0,0,0,0,0,0,0,0,0,0,0,0,0,0,0,0,0,0,0,0,0,0,0,0,0,0,0,0,0,0,0,0,0,0,0,0,0,0,0,0,0,0,0,0,0,0,0,0,0,0,0,0,0,0,0,0,0,0,0,0,0,0,0,0,0,0,0,0,0,0,0,0,0,0,0,0,0,0,0,0,0,0,0,0,0,0,0,0,0,0,0,0,0,0,0,0,0,0,0,0,0,0,0,0,0,0,0,0,0,0,0,0,0,0,0,0,0,0,0,0,0,0,0,0,0,0,0,0,0,0,0,0,0,0,0,0,0,0,0,0,0,0,0,0,0,0,0
10.902031665,3.4489200000002587,-0.8931635772884279,-2.51519025538003,4.287000000000063,0.7310014817583754,-0.08786844934109972,4.277000000000002,0.7410014817583465,-0.09786844934090802,3.6378116627221404,0.9196837755947995,-0.16848397090591405,3.521335333333198,0.4827503480953991,1.257323223478688,7.35,-5.0,-1.0,0.0,0.0,0.0,7.35,-3.0,-1.0,0.0,0.0,0.0,7.35,-1.0,-1.0,0.0,0.0,0.0,7.35,-5.0,1.0,0.0,0.0,0.0,7.35,-3.0,1.0,0.0,0.0,0.0,7.35,-1.0,1.0,0.0,0.0,0.0,4.78,-2.62,-1.0,0.0,0.0,0.0,4.78,-0.62,-1.0,0.0,0.0,0.0,4.78,1.38,-1.0,0.0,0.0,0.0,4.78,-2.62,1.0,0.0,0.0,0.0,4.78,-0.62,1.0,0.0,0.0,0.0,4.78,1.38,1.0,0.0,0.0,0.0,5.26,-6.4,-1.0,0.0,0.0,0.0,5.26,-4.4,-1.0,0.0,0.0,0.0,5.26,-2.4,-1.0,0.0,0.0,0.0,5.26,-6.4,1.0,0.0,0.0,0.0,5.26,-4.4,1.0,0.0,0.0,0.0,5.26,-2.4,1.0,0.0,0.0,0.0,-0.02,3.680000000000122,5.925199999999569,0.0,0.7500000000000284,1.2299999999996203,-3.42,-1.25840000000013,0.4791999999999682,0.0,-0.41000000000002146,0.32999999999999696,-3.42,0.7415999999998659,0.4791999999999682,0.0,-0.41000000000002146,0.32999999999999696,0,0,0,0,0,0,0,0,0,0,0,0,0,0,0,0,0,0,0,0,0,0,0,0,0,0,0,0,0,0,0,0,0,0,0,0,0,0,0,0,0,0,0,0,0,0,0,0,0,0,0,0,0,0,0,0,0,0,0,0,0,0,0,0,0,0,0,0,0,0,0,0,0,0,0,0,0,0,0,0,0,0,0,0,0,0,0,0,0,0,0,0,0,0,0,0,0,0,0,0,0,0,0,0,0,0,0,0,0,0,0,0,0,0,0,0,0,0,0,0,0,0,0,0,0,0,0,0,0,0,0,0,0,0,0,0,0,0,0,0,0,0,0,0,0,0,0,0,0,0,0,0,0,0,0,0,0,0,0,0,0,0,0,0,0,0,0,0,0,0,0,0,0,0
11.001818402,3.705540000000264,-0.8487034883829254,-2.5210623623404973,4.277000000000086,0.7410014817583743,-0.09786844934112082,4.201000000000002,0.8170014817583464,-0.021868449340908022,3.473026345316902,0.8901561876749651,-0.0034392548537200973,3.3167971428570135,0.4531151360895318,1.2571868567439102,7.35,-5.0,-1.0,0.0,0.0,0.0,7.35,-3.0,-1.0,0.0,0.0,0.0,7.35,-1.0,-1.0,0.0,0.0,0.0,7.35,-5.0,1.0,0.0,0.0,0.0,7.35,-3.0,1.0,0.0,0.0,0.0,7.35,-1.0,1.0,0.0,0.0,0.0,4.78,-2.62,-1.0,0.0,0.0,0.0,4.78,-0.62,-1.0,0.0,0.0,0.0,4.78,1.38,-1.0,0.0,0.0,0.0,4.78,-2.62,1.0,0.0,0.0,0.0,4.78,-0.62,1.0,0.0,0.0,0.0,4.78,1.38,1.0,0.0,0.0,0.0,5.26,-6.4,-1.0,0.0,0.0,0.0,5.26,-4.4,-1.0,0.0,0.0,0.0,5.26,-2.4,-1.0,0.0,0.0,0.0,5.26,-6.4,1.0,0.0,0.0,0.0,5.26,-4.4,1.0,0.0,0.0,0.0,5.26,-2.4,1.0,0.0,0.0,0.0,-0.02,3.7250000000001235,5.998999999999546,0.0,0.7500000000000284,1.2299999999996203,-3.42,-1.2830000000001314,0.498999999999968,0.0,-0.41000000000002146,0.32999999999999696,-3.42,0.7169999999998646,0.498999999999968,0.0,-0.41000000000002146,0.32999999999999696,0,0,0,0,0,0,0,0,0,0,0,0,0,0,0,0,0,0,0,0,0,0,0,0,0,0,0,0,0,0,0,0,0,0,0,0,0,0,0,0,0,0,0,0,0,0,0,0,0,0,0,0,0,0,0,0,0,0,0,0,0,0,0,0,0,0,0,0,0,0,0,0,0,0,0,0,0,0,0,0,0,0,0,0,0,0,0,0,0,0,0,0,0,0,0,0,0,0,0,0,0,0,0,0,0,0,0,0,0,0,0,0,0,0,0,0,0,0,0,0,0,0,0,0,0,0,0,0,0,0,0,0,0,0,0,0,0,0,0,0,0,0,0,0,0,0,0,0,0,0,0,0,0,0,0,0,0,0,0,0,0,0,0,0,0,0,0,0,0,0,0,0,0,0
11.102381169,4.041690000000271,-0.7843373698422581,-2.5238058382877595,4.154799999999881,0.770801481758332,-0.06806844934095224,4.1350000000000025,0.7510014817583464,-0.08786844934090803,3.336400696534698,0.7071005219585973,-0.19817641004144848,3.0000444999998646,0.39613819232992076,1.2616780768971756,7.35,-5.0,-1.0,0.0,0.0,0.0,7.35,-3.0,-1.0,0.0,0.0,0.0,7.35,-1.0,-1.0,0.0,0.0,0.0,7.35,-5.0,1.0,0.0,0.0,0.0,7.35,-3.0,1.0,0.0,0.0,0.0,7.35,-1.0,1.0,0.0,0.0,0.0,4.78,-2.62,-1.0,0.0,0.0,0.0,4.78,-0.62,-1.0,0.0,0.0,0.0,4.78,1.38,-1.0,0.0,0.0,0.0,4.78,-2.62,1.0,0.0,0.0,0.0,4.78,-0.62,1.0,0.0,0.0,0.0,4.78,1.38,1.0,0.0,0.0,0.0,5.26,-6.4,-1.0,0.0,0.0,0.0,5.26,-4.4,-1.0,0.0,0.0,0.0,5.26,-2.4,-1.0,0.0,0.0,0.0,5.26,-6.4,1.0,0.0,0.0,0.0,5.26,-4.4,1.0,0.0,0.0,0.0,5.26,-2.4,1.0,0.0,0.0,0.0,-0.02,3.785000000000126,6.097399999999515,0.0,0.7500000000000284,1.2299999999996203,-3.42,-1.315800000000133,0.525399999999972,0.0,-0.41000000000002146,0.3300000000000525,-3.42,0.6841999999998629,0.525399999999972,0.0,-0.41000000000002146,0.3300000000000525,0,0,0,0,0,0,0,0,0,0,0,0,0,0,0,0,0,0,0,0,0,0,0,0,0,0,0,0,0,0,0,0,0,0,0,0,0,0,0,0,0,0,0,0,0,0,0,0,0,0,0,0,0,0,0,0,0,0,0,0,0,0,0,0,0,0,0,0,0,0,0,0,0,0,0,0,0,0,0,0,0,0,0,0,0,0,0,0,0,0,0,0,0,0,0,0,0,0,0,0,0,0,0,0,0,0,0,0,0,0,0,0,0,0,0,0,0,0,0,0,0,0,0,0,0,0,0,0,0,0,0,0,0,0,0,0,0,0,0,0,0,0,0,0,0,0,0,0,0,0,0,0,0,0,0,0,0,0,0,0,0,0,0,0,0,0,0,0,0,0,0,0,0,0
11.200825769,4.2894300000002605,-0.7396372809367581,-2.528717945248223,4.099000000000075,0.7150014817583594,-0.05186844934108592,4.075000000000003,0.6910014817583463,-0.027868449340908028,3.2520706095992056,0.32174442068219644,0.06369014288660058,2.8717529999998694,0.37275064639541244,1.2640794988267472,7.35,-5.0,-1.0,0.0,0.0,0.0,7.35,-3.0,-1.0,0.0,0.0,0.0,7.35,-1.0,-1.0,0.0,0.0,0.0,7.35,-5.0,1.0,0.0,0.0,0.0,7.35,-3.0,1.0,0.0,0.0,0.0,7.35,-1.0,1.0,0.0,0.0,0.0,4.78,-2.62,-1.0,0.0,0.0,0.0,4.78,-0.62,-1.0,0.0,0.0,0.0,4.78,1.38,-1.0,0.0,0.0,0.0,4.78,-2.62,1.0,0.0,0.0,0.0,4.78,-0.62,1.0,0.0,0.0,0.0,4.78,1.38,1.0,0.0,0.0,0.0,5.26,-6.4,-1.0,0.0,0.0,0.0,5.26,-4.4,-1.0,0.0,0.0,0.0,5.26,-2.4,-1.0,0.0,0.0,0.0,5.26,-6.4,1.0,0.0,0.0,0.0,5.26,-4.4,1.0,0.0,0.0,0.0,5.26,-2.4,1.0,0.0,0.0,0.0,-0.02,3.8300000000001275,6.171199999999493,0.0,0.7500000000000284,1.2299999999996203,-3.42,-1.3404000000001344,0.5451999999999751,0.0,-0.41000000000002146,0.3300000000000525,-3.42,0.6595999999998616,0.5451999999999751,0.0,-0.41000000000002146,0.3300000000000525,0,0,0,0,0,0,0,0,0,0,0,0,0,0,0,0,0,0,0,0,0,0,0,0,0,0,0,0,0,0,0,0,0,0,0,0,0,0,0,0,0,0,0,0,0,0,0,0,0,0,0,0,0,0,0,0,0,0,0,0,0,0,0,0,0,0,0,0,0,0,0,0,0,0,0,0,0,0,0,0,0,0,0,0,0,0,0,0,0,0,0,0,0,0,0,0,0,0,0,0,0,0,0,0,0,0,0,0,0,0,0,0,0,0,0,0,0,0,0,0,0,0,0,0,0,0,0,0,0,0,0,0,0,0,0,0,0,0,0,0,0,0,0,0,0,0,0,0,0,0,0,0,0,0,0,0,0,0,0,0,0,0,0,0,0,0,0,0,0,0,0,0,0,0
11.302197031,4.533930000000277,-0.6981771920312553,-2.5303900522086895,4.075000000000273,0.6910014817583798,-0.027868449341106327,4.004000000000003,0.6200014817583464,-0.053182589837845295,3.0667221200949175,0.5806991010987232,-0.053182589837845295,2.7349754761903378,0.34941764434027445,1.2651817554141824,7.35,-5.0,-1.0,0.0,0.0,0.0,7.35,-3.0,-1.0,0.0,0.0,0.0,7.35,-1.0,-1.0,0.0,0.0,0.0,7.35,-5.0,1.0,0.0,0.0,0.0,7.35,-3.0,1.0,0.0,0.0,0.0,7.35,-1.0,1.0,0.0,0.0,0.0,4.78,-2.62,-1.0,0.0,0.0,0.0,4.78,-0.62,-1.0,0.0,0.0,0.0,4.78,1.38,-1.0,0.0,0.0,0.0,4.78,-2.62,1.0,0.0,0.0,0.0,4.78,-0.62,1.0,0.0,0.0,0.0,4.78,1.38,1.0,0.0,0.0,0.0,5.26,-6.4,-1.0,0.0,0.0,0.0,5.26,-4.4,-1.0,0.0,0.0,0.0,5.26,-2.4,-1.0,0.0,0.0,0.0,5.26,-6.4,1.0,0.0,0.0,0.0,5.26,-4.4,1.0,0.0,0.0,0.0,5.26,-2.4,1.0,0.0,0.0,0.0,-0.02,3.8750000000001292,6.24499999999947,0.0,0.7500000000000284,1.2299999999996203,-3.42,-1.3650000000001357,0.5649999999999783,0.0,-0.41000000000002146,0.3300000000000525,-3.42,0.6349999999998603,0.5649999999999783,0.0,-0.41000000000002146,0.3300000000000525,0,0,0,0,0,0,0,0,0,0,0,0,0,0,0,0,0,0,0,0,0,0,0,0,0,0,0,0,0,0,0,0,0,0,0,0,0,0,0,0,0,0,0,0,0,0,0,0,0,0,0,0,0,0,0,0,0,0,0,0,0,0,0,0,0,0,0,0,0,0,0,0,0,0,0,0,0,0,0,0,0,0,0,0,0,0,0,0,0,0,0,0,0,0,0,0,0,0,0,0,0,0,0,0,0,0,0,0,0,0,0,0,0,0,0,0,0,0,0,0,0,0,0,0,0,0,0,0,0,0,0,0,0,0,0,0,0,0,0,0,0,0,0,0,0,0,0,0,0,0,0,0,0,0,0,0,0,0,0,0,0,0,0,0,0,0,0,0,0,0,0,0,0,0
11.401541822,4.774525000000285,-0.6606221031257549,-2.5334544368964727,4.004000000000119,0.6200014817583366,-0.053182589837774685,3.947000000000003,0.6770014817583464,0.0038174101621547066,3.00270067558629,0.7164811885322488,0.17985798534302422,2.6167414999998577,0.33093105304463577,1.2666740358583986,7.35,-5.0,-1.0,0.0,0.0,0.0,7.35,-3.0,-1.0,0.0,0.0,0.0,7.35,-1.0,-1.0,0.0,0.0,0.0,7.35,-5.0,1.0,0.0,0.0,0.0,7.35,-3.0,1.0,0.0,0.0,0.0,7.35,-1.0,1.0,0.0,0.0,0.0,4.78,-2.62,-1.0,0.0,0.0,0.0,4.78,-0.62,-1.0,0.0,0.0,0.0,4.78,1.38,-1.0,0.0,0.0,0.0,4.78,-2.62,1.0,0.0,0.0,0.0,4.78,-0.62,1.0,0.0,0.0,0.0,4.78,1.38,1.0,0.0,0.0,0.0,5.26,-6.4,-1.0,0.0,0.0,0.0,5.26,-4.4,-1.0,0.0,0.0,0.0,5.26,-2.4,-1.0,0.0,0.0,0.0,5.26,-6.4,1.0,0.0,0.0,0.0,5.26,-4.4,1.0,0.0,0.0,0.0,5.26,-2.4,1.0,0.0,0.0,0.0,-0.02,3.920000000000131,6.318799999999447,0.0,0.7500000000000284,1.2299999999996203,-3.42,-1.389600000000137,0.5847999999999814,0.0,-0.41000000000002146,0.3300000000000525,-3.42,0.610399999999859,0.5847999999999814,0.0,-0.41000000000002146,0.3300000000000525,0,0,0,0,0,0,0,0,0,0,0,0,0,0,0,0,0,0,0,0,0,0,0,0,0,0,0,0,0,0,0,0,0,0,0,0,0,0,0,0,0,0,0,0,0,0,0,0,0,0,0,0,0,0,0,0,0,0,0,0,0,0,0,0,0,0,0,0,0,0,0,0,0,0,0,0,0,0,0,0,0,0,0,0,0,0,0,0,0,0,0,0,0,0,0,0,0,0,0,0,0,0,0,0,0,0,0,0,0,0,0,0,0,0,0,0,0,0,0,0,0,0,0,0,0,0,0,0,0,0,0,0,0,0,0,0,0,0,0,0,0,0,0,0,0,0,0,0,0,0,0,0,0,0,0,0,0,0,0,0,0,0,0,0,0,0,0,0,0,0,0,0,0,0
11.500767946,5.090188000000296,-0.60667298458509,-2.5330520440834965,3.931600000000124,0.6616014817583116,0.019217410162220006,3.870000000000003,0.6000014817583464,0.08081741016215471,2.8439525675767428,0.4874178294819802,0.24521071158211694,2.4706631999998523,0.30601369821957825,1.2665720916823973,7.35,-5.0,-1.0,0.0,0.0,0.0,7.35,-3.0,-1.0,0.0,0.0,0.0,7.35,-1.0,-1.0,0.0,0.0,0.0,7.35,-5.0,1.0,0.0,0.0,0.0,7.35,-3.0,1.0,0.0,0.0,0.0,7.35,-1.0,1.0,0.0,0.0,0.0,4.78,-2.62,-1.0,0.0,0.0,0.0,4.78,-0.62,-1.0,0.0,0.0,0.0,4.78,1.38,-1.0,0.0,0.0,0.0,4.78,-2.62,1.0,0.0,0.0,0.0,4.78,-0.62,1.0,0.0,0.0,0.0,4.78,1.38,1.0,0.0,0.0,0.0,5.26,-6.4,-1.0,0.0,0.0,0.0,5.26,-4.4,-1.0,0.0,0.0,0.0,5.26,-2.4,-1.0,0.0,0.0,0.0,5.26,-6.4,1.0,0.0,0.0,0.0,5.26,-4.4,1.0,0.0,0.0,0.0,5.26,-2.4,1.0,0.0,0.0,0.0,-0.02,3.980000000000133,6.417199999999417,0.0,0.7500000000000284,1.2299999999996203,-3.42,-1.4224000000001387,0.6111999999999856,0.0,-0.41000000000002146,0.3300000000000525,-3.42,0.5775999999998573,0.6111999999999856,0.0,-0.41000000000002146,0.3300000000000525,0,0,0,0,0,0,0,0,0,0,0,0,0,0,0,0,0,0,0,0,0,0,0,0,0,0,0,0,0,0,0,0,0,0,0,0,0,0,0,0,0,0,0,0,0,0,0,0,0,0,0,0,0,0,0,0,0,0,0,0,0,0,0,0,0,0,0,0,0,0,0,0,0,0,0,0,0,0,0,0,0,0,0,0,0,0,0,0,0,0,0,0,0,0,0,0,0,0,0,0,0,0,0,0,0,0,0,0,0,0,0,0,0,0,0,0,0,0,0,0,0,0,0,0,0,0,0,0,0,0,0,0,0,0,0,0,0,0,0,0,0,0,0,0,0,0,0,0,0,0,0,0,0,0,0,0,0,0,0,0,0,0,0,0,0,0,0,0,0,0,0,0,0,0
11.602625829,5.399068000000296,-0.557952866044424,-2.5258666512705137,3.797999999999746,0.6720014817583886,0.15281741016215378,3.798000000000003,0.6720014817583464,0.15281741016215472,2.5359561554377645,0.9044212444451936,0.5008565948989956,2.4706631999998523,0.30601369821957825,1.2665720916823973,7.35,-5.0,-1.0,0.0,0.0,0.0,7.35,-3.0,-1.0,0.0,0.0,0.0,7.35,-1.0,-1.0,0.0,0.0,0.0,7.35,-5.0,1.0,0.0,0.0,0.0,7.35,-3.0,1.0,0.0,0.0,0.0,7.35,-1.0,1.0,0.0,0.0,0.0,4.78,-2.62,-1.0,0.0,0.0,0.0,4.78,-0.62,-1.0,0.0,0.0,0.0,4.78,1.38,-1.0,0.0,0.0,0.0,4.78,-2.62,1.0,0.0,0.0,0.0,4.78,-0.62,1.0,0.0,0.0,0.0,4.78,1.38,1.0,0.0,0.0,0.0,5.26,-6.4,-1.0,0.0,0.0,0.0,5.26,-4.4,-1.0,0.0,0.0,0.0,5.26,-2.4,-1.0,0.0,0.0,0.0,5.26,-6.4,1.0,0.0,0.0,0.0,5.26,-4.4,1.0,0.0,0.0,0.0,5.26,-2.4,1.0,0.0,0.0,0.0,-0.02,4.040000000000135,6.515599999999386,0.0,0.7500000000000284,1.2299999999996203,-3.42,-1.4552000000001404,0.6375999999999898,0.0,-0.41000000000002146,0.3300000000000525,-3.42,0.5447999999998556,0.6375999999999898,0.0,-0.41000000000002146,0.3300000000000525,0,0,0,0,0,0,0,0,0,0,0,0,0,0,0,0,0,0,0,0,0,0,0,0,0,0,0,0,0,0,0,0,0,0,0,0,0,0,0,0,0,0,0,0,0,0,0,0,0,0,0,0,0,0,0,0,0,0,0,0,0,0,0,0,0,0,0,0,0,0,0,0,0,0,0,0,0,0,0,0,0,0,0,0,0,0,0,0,0,0,0,0,0,0,0,0,0,0,0,0,0,0,0,0,0,0,0,0,0,0,0,0,0,0,0,0,0,0,0,0,0,0,0,0,0,0,0,0,0,0,0,0,0,0,0,0,0,0,0,0,0,0,0,0,0,0,0,0,0,0,0,0,0,0,0,0,0,0,0,0,0,0,0,0,0,0,0,0,0,0,0,0,0,0
11.701760207,5.626948000000281,-0.5176327771389206,-2.5166976066607845,3.797999999999746,0.6720014817583886,0.15281741016215378,3.719000000000003,0.7510014817583464,0.23181741016215474,2.2127781820186057,1.1202347654330254,1.079550759170019,2.327303999999851,0.28342844339452045,1.2637510475063922,7.35,-5.0,-1.0,0.0,0.0,0.0,7.35,-3.0,-1.0,0.0,0.0,0.0,7.35,-1.0,-1.0,0.0,0.0,0.0,7.35,-5.0,1.0,0.0,0.0,0.0,7.35,-3.0,1.0,0.0,0.0,0.0,7.35,-1.0,1.0,0.0,0.0,0.0,4.78,-2.62,-1.0,0.0,0.0,0.0,4.78,-0.62,-1.0,0.0,0.0,0.0,4.78,1.38,-1.0,0.0,0.0,0.0,4.78,-2.62,1.0,0.0,0.0,0.0,4.78,-0.62,1.0,0.0,0.0,0.0,4.78,1.38,1.0,0.0,0.0,0.0,5.26,-6.4,-1.0,0.0,0.0,0.0,5.26,-4.4,-1.0,0.0,0.0,0.0,5.26,-2.4,-1.0,0.0,0.0,0.0,5.26,-6.4,1.0,0.0,0.0,0.0,5.26,-4.4,1.0,0.0,0.0,0.0,5.26,-2.4,1.0,0.0,0.0,0.0,-0.02,4.085000000000137,6.5893999999993635,0.0,0.7500000000000284,1.2299999999996203,-3.42,-1.4798000000001417,0.657399999999993,0.0,-0.41000000000002146,0.3300000000000525,-3.42,0.5201999999998543,0.657399999999993,0.0,-0.41000000000002146,0.3300000000000525,0,0,0,0,0,0,0,0,0,0,0,0,0,0,0,0,0,0,0,0,0,0,0,0,0,0,0,0,0,0,0,0,0,0,0,0,0,0,0,0,0,0,0,0,0,0,0,0,0,0,0,0,0,0,0,0,0,0,0,0,0,0,0,0,0,0,0,0,0,0,0,0,0,0,0,0,0,0,0,0,0,0,0,0,0,0,0,0,0,0,0,0,0,0,0,0,0,0,0,0,0,0,0,0,0,0,0,0,0,0,0,0,0,0,0,0,0,0,0,0,0,0,0,0,0,0,0,0,0,0,0,0,0,0,0,0,0,0,0,0,0,0,0,0,0,0,0,0,0,0,0,0,0,0,0,0,0,0,0,0,0,0,0,0,0,0,0,0,0,0,0,0,0,0
11.800738442,5.850799000000292,-0.4732836882334204,-2.5034995620510583,3.71900000000025,0.7510014817583288,0.231817410162094,3.668000000000003,0.8020014817583464,0.2828174101621547,2.100312226231055,1.0488108804747611,0.7261450176561595,2.0801789999998546,0.23776834633934768,1.2520975071407723,7.35,-5.0,-1.0,0.0,0.0,0.0,7.35,-3.0,-1.0,0.0,0.0,0.0,7.35,-1.0,-1.0,0.0,0.0,0.0,7.35,-5.0,1.0,0.0,0.0,0.0,7.35,-3.0,1.0,0.0,0.0,0.0,7.35,-1.0,1.0,0.0,0.0,0.0,4.78,-2.62,-1.0,0.0,0.0,0.0,4.78,-0.62,-1.0,0.0,0.0,0.0,4.78,1.38,-1.0,0.0,0.0,0.0,4.78,-2.62,1.0,0.0,0.0,0.0,4.78,-0.62,1.0,0.0,0.0,0.0,4.78,1.38,1.0,0.0,0.0,0.0,5.26,-6.4,-1.0,0.0,0.0,0.0,5.26,-4.4,-1.0,0.0,0.0,0.0,5.26,-2.4,-1.0,0.0,0.0,0.0,5.26,-6.4,1.0,0.0,0.0,0.0,5.26,-4.4,1.0,0.0,0.0,0.0,5.26,-2.4,1.0,0.0,0.0,0.0,-0.02,4.1300000000001384,6.663199999999341,0.0,0.7500000000000284,1.2299999999996203,-3.42,-1.504400000000143,0.6771999999999961,0.0,-0.41000000000002146,0.3300000000000525,-3.42,0.49559999999985366,0.6771999999999961,0.0,-0.40999999999996595,0.3300000000000525,0,0,0,0,0,0,0,0,0,0,0,0,0,0,0,0,0,0,0,0,0,0,0,0,0,0,0,0,0,0,0,0,0,0,0,0,0,0,0,0,0,0,0,0,0,0,0,0,0,0,0,0,0,0,0,0,0,0,0,0,0,0,0,0,0,0,0,0,0,0,0,0,0,0,0,0,0,0,0,0,0,0,0,0,0,0,0,0,0,0,0,0,0,0,0,0,0,0,0,0,0,0,0,0,0,0,0,0,0,0,0,0,0,0,0,0,0,0,0,0,0,0,0,0,0,0,0,0,0,0,0,0,0,0,0,0,0,0,0,0,0,0,0,0,0,0,0,0,0,0,0,0,0,0,0,0,0,0,0,0,0,0,0,0,0,0,0,0,0,0,0,0,0,0
11.901613111,6.070879000000305,-0.42516359932791925,-2.4865305174413312,3.6680000000002266,0.8020014817583521,0.28281741016211726,3.606000000000003,0.7400014817583465,0.3448174101621547,2.324195907500703,0.6681190500015113,0.4540153443295569,1.9718964999998478,0.21418580262747633,1.2438308935409899,7.35,-5.0,-1.0,0.0,0.0,0.0,7.35,-3.0,-1.0,0.0,0.0,0.0,7.35,-1.0,-1.0,0.0,0.0,0.0,7.35,-5.0,1.0,0.0,0.0,0.0,7.35,-3.0,1.0,0.0,0.0,0.0,7.35,-1.0,1.0,0.0,0.0,0.0,4.78,-2.62,-1.0,0.0,0.0,0.0,4.78,-0.62,-1.0,0.0,0.0,0.0,4.78,1.38,-1.0,0.0,0.0,0.0,4.78,-2.62,1.0,0.0,0.0,0.0,4.78,-0.62,1.0,0.0,0.0,0.0,4.78,1.38,1.0,0.0,0.0,0.0,5.26,-6.4,-1.0,0.0,0.0,0.0,5.26,-4.4,-1.0,0.0,0.0,0.0,5.26,-2.4,-1.0,0.0,0.0,0.0,5.26,-6.4,1.0,0.0,0.0,0.0,5.26,-4.4,1.0,0.0,0.0,0.0,5.26,-2.4,1.0,0.0,0.0,0.0,-0.02,4.17500000000014,6.736999999999318,0.0,0.7500000000000284,1.2299999999996203,-3.42,-1.5290000000001442,0.6969999999999993,0.0,-0.41000000000002146,0.3300000000000525,-3.42,0.4709999999998546,0.6969999999999993,0.0,-0.41000000000002146,0.3300000000000525,0,0,0,0,0,0,0,0,0,0,0,0,0,0,0,0,0,0,0,0,0,0,0,0,0,0,0,0,0,0,0,0,0,0,0,0,0,0,0,0,0,0,0,0,0,0,0,0,0,0,0,0,0,0,0,0,0,0,0,0,0,0,0,0,0,0,0,0,0,0,0,0,0,0,0,0,0,0,0,0,0,0,0,0,0,0,0,0,0,0,0,0,0,0,0,0,0,0,0,0,0,0,0,0,0,0,0,0,0,0,0,0,0,0,0,0,0,0,0,0,0,0,0,0,0,0,0,0,0,0,0,0,0,0,0,0,0,0,0,0,0,0,0,0,0,0,0,0,0,0,0,0,0,0,0,0,0,0,0,0,0,0,0,0,0,0,0,0,0,0,0,0,0,0
12.003014681,6.35948300000034,-0.3658394807872516,-2.459069124628344,3.606000000000442,0.7400014817583456,0.3448174101623458,3.521000000000003,0.7725936991660975,0.42981741016215474,2.1495195415446577,0.7725936991660975,0.6522096761505214,1.82025849999983,0.1829197403936258,1.229534562314172,7.35,-5.0,-1.0,0.0,0.0,0.0,7.35,-3.0,-1.0,0.0,0.0,0.0,7.35,-1.0,-1.0,0.0,0.0,0.0,7.35,-5.0,1.0,0.0,0.0,0.0,7.35,-3.0,1.0,0.0,0.0,0.0,7.35,-1.0,1.0,0.0,0.0,0.0,4.78,-2.62,-1.0,0.0,0.0,0.0,4.78,-0.62,-1.0,0.0,0.0,0.0,4.78,1.38,-1.0,0.0,0.0,0.0,4.78,-2.62,1.0,0.0,0.0,0.0,4.78,-0.62,1.0,0.0,0.0,0.0,4.78,1.38,1.0,0.0,0.0,0.0,5.26,-6.4,-1.0,0.0,0.0,0.0,5.26,-4.4,-1.0,0.0,0.0,0.0,5.26,-2.4,-1.0,0.0,0.0,0.0,5.26,-6.4,1.0,0.0,0.0,0.0,5.26,-4.4,1.0,0.0,0.0,0.0,5.26,-2.4,1.0,0.0,0.0,0.0,-0.02,4.235000000000142,6.835399999999288,0.0,0.7500000000000284,1.2299999999996203,-3.42,-1.5700000000001464,0.7300000000000045,0.0,-0.41000000000002146,0.3300000000000525,-3.42,0.42999999999985244,0.7300000000000045,0.0,-0.41000000000002146,0.3300000000000525,0,0,0,0,0,0,0,0,0,0,0,0,0,0,0,0,0,0,0,0,0,0,0,0,0,0,0,0,0,0,0,0,0,0,0,0,0,0,0,0,0,0,0,0,0,0,0,0,0,0,0,0,0,0,0,0,0,0,0,0,0,0,0,0,0,0,0,0,0,0,0,0,0,0,0,0,0,0,0,0,0,0,0,0,0,0,0,0,0,0,0,0,0,0,0,0,0,0,0,0,0,0,0,0,0,0,0,0,0,0,0,0,0,0,0,0,0,0,0,0,0,0,0,0,0,0,0,0,0,0,0,0,0,0,0,0,0,0,0,0,0,0,0,0,0,0,0,0,0,0,0,0,0,0,0,0,0,0,0,0,0,0,0,0,0,0,0,0,0,0,0,0,0,0
12.100595988,6.641758000000351,-0.30426013037581773,-2.4252787318153644,3.5210000000001074,0.7725936991661019,0.4298174101622365,3.439000000000003,0.8074834214622242,0.5118174101621548,1.9858499394180842,0.8074834214622242,0.6629854977721914,1.82025849999983,0.1829197403936258,1.229534562314172,7.35,-5.0,-1.0,0.0,0.0,0.0,7.35,-3.0,-1.0,0.0,0.0,0.0,7.35,-1.0,-1.0,0.0,0.0,0.0,7.35,-5.0,1.0,0.0,0.0,0.0,7.35,-3.0,1.0,0.0,0.0,0.0,7.35,-1.0,1.0,0.0,0.0,0.0,4.78,-2.62,-1.0,0.0,0.0,0.0,4.78,-0.62,-1.0,0.0,0.0,0.0,4.78,1.38,-1.0,0.0,0.0,0.0,4.78,-2.62,1.0,0.0,0.0,0.0,4.78,-0.62,1.0,0.0,0.0,0.0,4.78,1.38,1.0,0.0,0.0,0.0,5.26,-6.4,-1.0,0.0,0.0,0.0,5.26,-4.4,-1.0,0.0,0.0,0.0,5.26,-2.4,-1.0,0.0,0.0,0.0,5.26,-6.4,1.0,0.0,0.0,0.0,5.26,-4.4,1.0,0.0,0.0,0.0,5.26,-2.4,1.0,0.0,0.0,0.0,-0.02,4.295000000000145,6.933799999999257,0.0,0.7500000000000284,1.2299999999996203,-3.42,-1.5946000000001477,0.7498000000000077,0.0,-0.41000000000002146,0.3300000000000525,-3.42,0.40539999999985116,0.7498000000000077,0.0,-0.41000000000002146,0.3300000000000525,0,0,0,0,0,0,0,0,0,0,0,0,0,0,0,0,0,0,0,0,0,0,0,0,0,0,0,0,0,0,0,0,0,0,0,0,0,0,0,0,0,0,0,0,0,0,0,0,0,0,0,0,0,0,0,0,0,0,0,0,0,0,0,0,0,0,0,0,0,0,0,0,0,0,0,0,0,0,0,0,0,0,0,0,0,0,0,0,0,0,0,0,0,0,0,0,0,0,0,0,0,0,0,0,0,0,0,0,0,0,0,0,0,0,0,0,0,0,0,0,0,0,0,0,0,0,0,0,0,0,0,0,0,0,0,0,0,0,0,0,0,0,0,0,0,0,0,0,0,0,0,0,0,0,0,0,0,0,0,0,0,0,0,0,0,0,0,0,0,0,0,0,0,0
12.201949214,6.917616000000366,-0.2399754641595033,-2.3850713390023914,3.439000000000192,0.807483421462224,0.511817410162152,3.366000000000003,0.7344834214622242,0.43881741016215475,1.9883553948796941,0.5218564681236932,0.42968064024889774,1.5428296190474362,0.12037224799473367,1.1927793920774634,7.35,-5.0,-1.0,0.0,0.0,0.0,7.35,-3.0,-1.0,0.0,0.0,0.0,7.35,-1.0,-1.0,0.0,0.0,0.0,7.35,-5.0,1.0,0.0,0.0,0.0,7.35,-3.0,1.0,0.0,0.0,0.0,7.35,-1.0,1.0,0.0,0.0,0.0,4.78,-2.62,-1.0,0.0,0.0,0.0,4.78,-0.62,-1.0,0.0,0.0,0.0,4.78,1.38,-1.0,0.0,0.0,0.0,4.78,-2.62,1.0,0.0,0.0,0.0,4.78,-0.62,1.0,0.0,0.0,0.0,4.78,1.38,1.0,0.0,0.0,0.0,5.26,-6.4,-1.0,0.0,0.0,0.0,5.26,-4.4,-1.0,0.0,0.0,0.0,5.26,-2.4,-1.0,0.0,0.0,0.0,5.26,-6.4,1.0,0.0,0.0,0.0,5.26,-4.4,1.0,0.0,0.0,0.0,5.26,-2.4,1.0,0.0,0.0,0.0,-0.02,4.355000000000147,7.032199999999227,0.0,0.7500000000000284,1.2299999999996203,-3.42,-1.6274000000001494,0.7762000000000119,0.0,-0.41000000000002146,0.3300000000000525,-3.42,0.37259999999984944,0.7762000000000119,0.0,-0.41000000000002146,0.3300000000000525,0,0,0,0,0,0,0,0,0,0,0,0,0,0,0,0,0,0,0,0,0,0,0,0,0,0,0,0,0,0,0,0,0,0,0,0,0,0,0,0,0,0,0,0,0,0,0,0,0,0,0,0,0,0,0,0,0,0,0,0,0,0,0,0,0,0,0,0,0,0,0,0,0,0,0,0,0,0,0,0,0,0,0,0,0,0,0,0,0,0,0,0,0,0,0,0,0,0,0,0,0,0,0,0,0,0,0,0,0,0,0,0,0,0,0,0,0,0,0,0,0,0,0,0,0,0,0,0,0,0,0,0,0,0,0,0,0,0,0,0,0,0,0,0,0,0,0,0,0,0,0,0,0,0,0,0,0,0,0,0,0,0,0,0,0,0,0,0,0,0,0,0,0,0
12.301451962,7.186963000000348,-0.18114979044252463,-2.3497543939870185,3.350799999999765,0.7192834214622301,0.43807263040216426,3.290000000000003,0.6584834214622243,0.4350935113621377,1.8691517092265744,0.22844405560972003,0.4350935113621377,1.4199520999998252,0.09348242890711125,1.176630977074638,7.35,-5.0,-1.0,0.0,0.0,0.0,7.35,-3.0,-1.0,0.0,0.0,0.0,7.35,-1.0,-1.0,0.0,0.0,0.0,7.35,-5.0,1.0,0.0,0.0,0.0,7.35,-3.0,1.0,0.0,0.0,0.0,7.35,-1.0,1.0,0.0,0.0,0.0,4.78,-2.62,-1.0,0.0,0.0,0.0,4.78,-0.62,-1.0,0.0,0.0,0.0,4.78,1.38,-1.0,0.0,0.0,0.0,4.78,-2.62,1.0,0.0,0.0,0.0,4.78,-0.62,1.0,0.0,0.0,0.0,4.78,1.38,1.0,0.0,0.0,0.0,5.26,-6.4,-1.0,0.0,0.0,0.0,5.26,-4.4,-1.0,0.0,0.0,0.0,5.26,-2.4,-1.0,0.0,0.0,0.0,5.26,-6.4,1.0,0.0,0.0,0.0,5.26,-4.4,1.0,0.0,0.0,0.0,5.26,-2.4,1.0,0.0,0.0,0.0,-0.02,4.415000000000149,7.1305999999991965,0.0,0.7500000000000284,1.2299999999996203,-3.42,-1.660200000000151,0.8026000000000161,0.0,-0.41000000000002146,0.3300000000000525,-3.42,0.3397999999998477,0.8026000000000161,0.0,-0.41000000000002146,0.3300000000000525,0,0,0,0,0,0,0,0,0,0,0,0,0,0,0,0,0,0,0,0,0,0,0,0,0,0,0,0,0,0,0,0,0,0,0,0,0,0,0,0,0,0,0,0,0,0,0,0,0,0,0,0,0,0,0,0,0,0,0,0,0,0,0,0,0,0,0,0,0,0,0,0,0,0,0,0,0,0,0,0,0,0,0,0,0,0,0,0,0,0,0,0,0,0,0,0,0,0,0,0,0,0,0,0,0,0,0,0,0,0,0,0,0,0,0,0,0,0,0,0,0,0,0,0,0,0,0,0,0,0,0,0,0,0,0,0,0,0,0,0,0,0,0,0,0,0,0,0,0,0,0,0,0,0,0,0,0,0,0,0,0,0,0,0,0,0,0,0,0,0,0,0,0,0
12.401030584,7.514819000000329,-0.11644544829630311,-2.305101042850803,3.201999999999927,0.5704834214622229,0.5230935113620383,3.202000000000003,0.5704834214622243,0.5230935113621377,1.7186200698383007,0.47218161483360177,0.6002205568226362,1.2668364999998345,0.06273234980911821,1.1562427227606171,7.35,-5.0,-1.0,0.0,0.0,0.0,7.35,-3.0,-1.0,0.0,0.0,0.0,7.35,-1.0,-1.0,0.0,0.0,0.0,7.35,-5.0,1.0,0.0,0.0,0.0,7.35,-3.0,1.0,0.0,0.0,0.0,7.35,-1.0,1.0,0.0,0.0,0.0,4.78,-2.62,-1.0,0.0,0.0,0.0,4.78,-0.62,-1.0,0.0,0.0,0.0,4.78,1.38,-1.0,0.0,0.0,0.0,4.78,-2.62,1.0,0.0,0.0,0.0,4.78,-0.62,1.0,0.0,0.0,0.0,4.78,1.38,1.0,0.0,0.0,0.0,5.26,-6.4,-1.0,0.0,0.0,0.0,5.26,-4.4,-1.0,0.0,0.0,0.0,5.26,-2.4,-1.0,0.0,0.0,0.0,5.26,-6.4,1.0,0.0,0.0,0.0,5.26,-4.4,1.0,0.0,0.0,0.0,5.26,-2.4,1.0,0.0,0.0,0.0,-0.02,4.490000000000152,7.2535999999991585,0.0,0.7500000000000284,1.2299999999996203,-3.42,-1.7012000000001533,0.8356000000000213,0.0,-0.41000000000002146,0.3300000000000525,-3.42,0.2987999999998456,0.8356000000000213,0.0,-0.41000000000002146,0.3300000000000525,0,0,0,0,0,0,0,0,0,0,0,0,0,0,0,0,0,0,0,0,0,0,0,0,0,0,0,0,0,0,0,0,0,0,0,0,0,0,0,0,0,0,0,0,0,0,0,0,0,0,0,0,0,0,0,0,0,0,0,0,0,0,0,0,0,0,0,0,0,0,0,0,0,0,0,0,0,0,0,0,0,0,0,0,0,0,0,0,0,0,0,0,0,0,0,0,0,0,0,0,0,0,0,0,0,0,0,0,0,0,0,0,0,0,0,0,0,0,0,0,0,0,0,0,0,0,0,0,0,0,0,0,0,0,0,0,0,0,0,0,0,0,0,0,0,0,0,0,0,0,0,0,0,0,0,0,0,0,0,0,0,0,0,0,0,0,0,0,0,0,0,0,0,0
12.501351006,7.770979000000323,-0.07080677457932529,-2.26325356194184,3.201999999999927,0.5704834214622229,0.5230935113620383,3.108000000000003,0.4988877699572023,0.6170935113621376,1.4201248521325807,0.4988877699572023,1.0338086337469505,1.1225154999998384,0.0368295958433182,1.132934514749325,7.35,-5.0,-1.0,0.0,0.0,0.0,7.35,-3.0,-1.0,0.0,0.0,0.0,7.35,-1.0,-1.0,0.0,0.0,0.0,7.35,-5.0,1.0,0.0,0.0,0.0,7.35,-3.0,1.0,0.0,0.0,0.0,7.35,-1.0,1.0,0.0,0.0,0.0,4.78,-2.62,-1.0,0.0,0.0,0.0,4.78,-0.62,-1.0,0.0,0.0,0.0,4.78,1.38,-1.0,0.0,0.0,0.0,4.78,-2.62,1.0,0.0,0.0,0.0,4.78,-0.62,1.0,0.0,0.0,0.0,4.78,1.38,1.0,0.0,0.0,0.0,5.26,-6.4,-1.0,0.0,0.0,0.0,5.26,-4.4,-1.0,0.0,0.0,0.0,5.26,-2.4,-1.0,0.0,0.0,0.0,5.26,-6.4,1.0,0.0,0.0,0.0,5.26,-4.4,1.0,0.0,0.0,0.0,5.26,-2.4,1.0,0.0,0.0,0.0,-0.02,4.550000000000154,7.351999999999128,0.0,0.7500000000000284,1.2299999999996203,-3.42,-1.734000000000155,0.8620000000000255,0.0,-0.41000000000002146,0.3300000000000525,-3.42,0.26599999999984386,0.8620000000000255,0.0,-0.41000000000002146,0.3300000000000525,0,0,0,0,0,0,0,0,0,0,0,0,0,0,0,0,0,0,0,0,0,0,0,0,0,0,0,0,0,0,0,0,0,0,0,0,0,0,0,0,0,0,0,0,0,0,0,0,0,0,0,0,0,0,0,0,0,0,0,0,0,0,0,0,0,0,0,0,0,0,0,0,0,0,0,0,0,0,0,0,0,0,0,0,0,0,0,0,0,0,0,0,0,0,0,0,0,0,0,0,0,0,0,0,0,0,0,0,0,0,0,0,0,0,0,0,0,0,0,0,0,0,0,0,0,0,0,0,0,0,0,0,0,0,0,0,0,0,0,0,0,0,0,0,0,0,0,0,0,0,0,0,0,0,0,0,0,0,0,0,0,0,0,0,0,0,0,0,0,0,0,0,0,0
12.601073513,8.081488000000315,-0.02120899758360491,-2.2012532108056106,3.0788999999996847,0.46978776995720206,0.6461935113622364,3.0110000000000032,0.4018877699572023,0.7140935113621376,1.1225154999998384,0.0368295958433182,1.132934514749325,0.9870970499998375,0.014963538721417277,1.1063113970050658,7.35,-5.0,-1.0,0.0,0.0,0.0,7.35,-3.0,-1.0,0.0,0.0,0.0,7.35,-1.0,-1.0,0.0,0.0,0.0,7.35,-5.0,1.0,0.0,0.0,0.0,7.35,-3.0,1.0,0.0,0.0,0.0,7.35,-1.0,1.0,0.0,0.0,0.0,4.78,-2.62,-1.0,0.0,0.0,0.0,4.78,-0.62,-1.0,0.0,0.0,0.0,4.78,1.38,-1.0,0.0,0.0,0.0,4.78,-2.62,1.0,0.0,0.0,0.0,4.78,-0.62,1.0,0.0,0.0,0.0,4.78,1.38,1.0,0.0,0.0,0.0,5.26,-6.4,-1.0,0.0,0.0,0.0,5.26,-4.4,-1.0,0.0,0.0,0.0,5.26,-2.4,-1.0,0.0,0.0,0.0,5.26,-6.4,1.0,0.0,0.0,0.0,5.26,-4.4,1.0,0.0,0.0,0.0,5.26,-2.4,1.0,0.0,0.0,0.0,-0.02,4.625000000000157,7.47499999999909,0.0,0.7500000000000284,1.2299999999996203,-3.42,-1.7750000000001571,0.8950000000000308,0.0,-0.41000000000002146,0.3300000000000525,-3.42,0.2249999999998434,0.8950000000000308,0.0,-0.4099999999999938,0.3300000000000525,0,0,0,0,0,0,0,0,0,0,0,0,0,0,0,0,0,0,0,0,0,0,0,0,0,0,0,0,0,0,0,0,0,0,0,0,0,0,0,0,0,0,0,0,0,0,0,0,0,0,0,0,0,0,0,0,0,0,0,0,0,0,0,0,0,0,0,0,0,0,0,0,0,0,0,0,0,0,0,0,0,0,0,0,0,0,0,0,0,0,0,0,0,0,0,0,0,0,0,0,0,0,0,0,0,0,0,0,0,0,0,0,0,0,0,0,0,0,0,0,0,0,0,0,0,0,0,0,0,0,0,0,0,0,0,0,0,0,0,0,0,0,0,0,0,0,0,0,0,0,0,0,0,0,0,0,0,0,0,0,0,0,0,0,0,0,0,0,0,0,0,0,0,0
12.701185446,8.322286000000375,0.01086002401297127,-2.1440437298966435,3.0028000000006827,0.3936877699572023,0.7222935113620821,2.9290000000000034,0.3198877699572023,0.7960935113621376,0.9870970499998375,0.014963538721417277,1.1063113970050658,0.8508845999998158,-0.003838860926656826,1.0748946389937701,7.35,-5.0,-1.0,0.0,0.0,0.0,7.35,-3.0,-1.0,0.0,0.0,0.0,7.35,-1.0,-1.0,0.0,0.0,0.0,7.35,-5.0,1.0,0.0,0.0,0.0,7.35,-3.0,1.0,0.0,0.0,0.0,7.35,-1.0,1.0,0.0,0.0,0.0,4.78,-2.62,-1.0,0.0,0.0,0.0,4.78,-0.62,-1.0,0.0,0.0,0.0,4.78,1.38,-1.0,0.0,0.0,0.0,4.78,-2.62,1.0,0.0,0.0,0.0,4.78,-0.62,1.0,0.0,0.0,0.0,4.78,1.38,1.0,0.0,0.0,0.0,5.26,-6.4,-1.0,0.0,0.0,0.0,5.26,-4.4,-1.0,0.0,0.0,0.0,5.26,-2.4,-1.0,0.0,0.0,0.0,5.26,-6.4,1.0,0.0,0.0,0.0,5.26,-4.4,1.0,0.0,0.0,0.0,5.26,-2.4,1.0,0.0,0.0,0.0,-0.02,4.6850000000001595,7.57339999999906,0.0,0.7500000000000284,1.2299999999996203,-3.42,-1.8078000000001588,0.921400000000035,0.0,-0.41000000000002146,0.3300000000000525,-3.42,0.1921999999998439,0.921400000000035,0.0,-0.4099999999999938,0.3300000000000525,0,0,0,0,0,0,0,0,0,0,0,0,0,0,0,0,0,0,0,0,0,0,0,0,0,0,0,0,0,0,0,0,0,0,0,0,0,0,0,0,0,0,0,0,0,0,0,0,0,0,0,0,0,0,0,0,0,0,0,0,0,0,0,0,0,0,0,0,0,0,0,0,0,0,0,0,0,0,0,0,0,0,0,0,0,0,0,0,0,0,0,0,0,0,0,0,0,0,0,0,0,0,0,0,0,0,0,0,0,0,0,0,0,0,0,0,0,0,0,0,0,0,0,0,0,0,0,0,0,0,0,0,0,0,0,0,0,0,0,0,0,0,0,0,0,0,0,0,0,0,0,0,0,0,0,0,0,0,0,0,0,0,0,0,0,0,0,0,0,0,0,0,0,0
12.800569772,8.614442000000373,0.0421048010086915,-2.063690378760442,2.854600000000218,0.2454877699572034,0.8704935113621026,2.8360000000000034,0.2268877699572023,0.8890935113621375,0.8508845999998158,-0.003838860926656826,1.0748946389937701,0.714467499999814,-0.018932242229666742,1.0380948907154364,7.35,-5.0,-1.0,0.0,0.0,0.0,7.35,-3.0,-1.0,0.0,0.0,0.0,7.35,-1.0,-1.0,0.0,0.0,0.0,7.35,-5.0,1.0,0.0,0.0,0.0,7.35,-3.0,1.0,0.0,0.0,0.0,7.35,-1.0,1.0,0.0,0.0,0.0,4.78,-2.62,-1.0,0.0,0.0,0.0,4.78,-0.62,-1.0,0.0,0.0,0.0,4.78,1.38,-1.0,0.0,0.0,0.0,4.78,-2.62,1.0,0.0,0.0,0.0,4.78,-0.62,1.0,0.0,0.0,0.0,4.78,1.38,1.0,0.0,0.0,0.0,5.26,-6.4,-1.0,0.0,0.0,0.0,5.26,-4.4,-1.0,0.0,0.0,0.0,5.26,-2.4,-1.0,0.0,0.0,0.0,5.26,-6.4,1.0,0.0,0.0,0.0,5.26,-4.4,1.0,0.0,0.0,0.0,5.26,-2.4,1.0,0.0,0.0,0.0,-0.02,4.760000000000162,7.696399999999022,0.0,0.7500000000000284,1.2299999999996203,-3.42,-1.848800000000161,0.9544000000000402,0.0,-0.41000000000002146,0.3300000000000525,-3.42,0.15119999999984454,0.9544000000000402,0.0,-0.4099999999999938,0.3300000000000525,0,0,0,0,0,0,0,0,0,0,0,0,0,0,0,0,0,0,0,0,0,0,0,0,0,0,0,0,0,0,0,0,0,0,0,0,0,0,0,0,0,0,0,0,0,0,0,0,0,0,0,0,0,0,0,0,0,0,0,0,0,0,0,0,0,0,0,0,0,0,0,0,0,0,0,0,0,0,0,0,0,0,0,0,0,0,0,0,0,0,0,0,0,0,0,0,0,0,0,0,0,0,0,0,0,0,0,0,0,0,0,0,0,0,0,0,0,0,0,0,0,0,0,0,0,0,0,0,0,0,0,0,0,0,0,0,0,0,0,0,0,0,0,0,0,0,0,0,0,0,0,0,0,0,0,0,0,0,0,0,0,0,0,0,0,0,0,0,0,0,0,0,0,0
12.90118959,8.841234000000396,0.06016782260526783,-1.9924748978514717,2.827200000000296,0.21808776995720375,0.8978935113621356,2.7480000000000033,0.1388877699572023,0.9770935113621375,0.714467499999814,-0.018932242229666742,1.0380948907154364,0.5892935999998032,-0.029305204107783703,0.9993646762155033,7.35,-5.0,-1.0,0.0,0.0,0.0,7.35,-3.0,-1.0,0.0,0.0,0.0,7.35,-1.0,-1.0,0.0,0.0,0.0,7.35,-5.0,1.0,0.0,0.0,0.0,7.35,-3.0,1.0,0.0,0.0,0.0,7.35,-1.0,1.0,0.0,0.0,0.0,4.78,-2.62,-1.0,0.0,0.0,0.0,4.78,-0.62,-1.0,0.0,0.0,0.0,4.78,1.38,-1.0,0.0,0.0,0.0,4.78,-2.62,1.0,0.0,0.0,0.0,4.78,-0.62,1.0,0.0,0.0,0.0,4.78,1.38,1.0,0.0,0.0,0.0,5.26,-6.4,-1.0,0.0,0.0,0.0,5.26,-4.4,-1.0,0.0,0.0,0.0,5.26,-2.4,-1.0,0.0,0.0,0.0,5.26,-6.4,1.0,0.0,0.0,0.0,5.26,-4.4,1.0,0.0,0.0,0.0,5.26,-2.4,1.0,0.0,0.0,0.0,-0.02,4.820000000000165,7.794799999998991,0.0,0.7500000000000284,1.2299999999996203,-3.42,-1.8816000000001627,0.9808000000000444,0.0,-0.41000000000002146,0.3300000000000525,-3.42,0.11839999999984505,0.9808000000000444,0.0,-0.4099999999999938,0.3300000000000525,0,0,0,0,0,0,0,0,0,0,0,0,0,0,0,0,0,0,0,0,0,0,0,0,0,0,0,0,0,0,0,0,0,0,0,0,0,0,0,0,0,0,0,0,0,0,0,0,0,0,0,0,0,0,0,0,0,0,0,0,0,0,0,0,0,0,0,0,0,0,0,0,0,0,0,0,0,0,0,0,0,0,0,0,0,0,0,0,0,0,0,0,0,0,0,0,0,0,0,0,0,0,0,0,0,0,0,0,0,0,0,0,0,0,0,0,0,0,0,0,0,0,0,0,0,0,0,0,0,0,0,0,0,0,0,0,0,0,0,0,0,0,0,0,0,0,0,0,0,0,0,0,0,0,0,0,0,0,0,0,0,0,0,0,0,0,0,0,0,0,0,0,0,0
13.002207028,9.06107400000043,0.07127884420184379,-1.9143074169424945,2.7480000000004168,0.1388877699571994,0.9770935113622148,2.6630000000000034,0.053887769957202306,0.9993646762155033,0.5892935999998032,-0.029305204107783703,0.9993646762155033,0.47358499999978587,-0.035431090445986094,0.9586193487382906,7.35,-5.0,-1.0,0.0,0.0,0.0,7.35,-3.0,-1.0,0.0,0.0,0.0,7.35,-1.0,-1.0,0.0,0.0,0.0,7.35,-5.0,1.0,0.0,0.0,0.0,7.35,-3.0,1.0,0.0,0.0,0.0,7.35,-1.0,1.0,0.0,0.0,0.0,4.78,-2.62,-1.0,0.0,0.0,0.0,4.78,-0.62,-1.0,0.0,0.0,0.0,4.78,1.38,-1.0,0.0,0.0,0.0,4.78,-2.62,1.0,0.0,0.0,0.0,4.78,-0.62,1.0,0.0,0.0,0.0,4.78,1.38,1.0,0.0,0.0,0.0,5.26,-6.4,-1.0,0.0,0.0,0.0,5.26,-4.4,-1.0,0.0,0.0,0.0,5.26,-2.4,-1.0,0.0,0.0,0.0,5.26,-6.4,1.0,0.0,0.0,0.0,5.26,-4.4,1.0,0.0,0.0,0.0,5.26,-2.4,1.0,0.0,0.0,0.0,-0.02,4.880000000000167,7.893199999998961,0.0,0.7500000000000284,1.2299999999996203,-3.42,-1.9144000000001644,1.0072000000000463,0.0,-0.41000000000002146,0.32999999999994145,-3.42,0.08559999999984555,1.0072000000000463,0.0,-0.4099999999999938,0.32999999999994145,0,0,0,0,0,0,0,0,0,0,0,0,0,0,0,0,0,0,0,0,0,0,0,0,0,0,0,0,0,0,0,0,0,0,0,0,0,0,0,0,0,0,0,0,0,0,0,0,0,0,0,0,0,0,0,0,0,0,0,0,0,0,0,0,0,0,0,0,0,0,0,0,0,0,0,0,0,0,0,0,0,0,0,0,0,0,0,0,0,0,0,0,0,0,0,0,0,0,0,0,0,0,0,0,0,0,0,0,0,0,0,0,0,0,0,0,0,0,0,0,0,0,0,0,0,0,0,0,0,0,0,0,0,0,0,0,0,0,0,0,0,0,0,0,0,0,0,0,0,0,0,0,0,0,0,0,0,0,0,0,0,0,0,0,0,0,0,0,0,0,0,0,0,0
