timestamp,time_elapsed,pos_x,pos_y,pos_z,vel_x,vel_y,vel_z,cmd_vel_x,cmd_vel_y,cmd_vel_z,cmd_vel_unfiltered_x,cmd_vel_unfiltered_y,cmd_vel_unfiltered_z,des_vel_x,des_vel_y,des_vel_z,obs_main_valid,obs_main_x,obs_main_y,obs_main_z,obs_main_vx,obs_main_vy,obs_main_vz,obs_0_valid,obs_0_x,obs_0_y,obs_0_z,obs_0_vx,obs_0_vy,obs_0_vz,obs_1_valid,obs_1_x,obs_1_y,obs_1_z,obs_1_vx,obs_1_vy,obs_1_vz,obs_2_valid,obs_2_x,obs_2_y,obs_2_z,obs_2_vx,obs_2_vy,obs_2_vz,obs_3_valid,obs_3_x,obs_3_y,obs_3_z,obs_3_vx,obs_3_vy,obs_3_vz,obs_4_valid,obs_4_x,obs_4_y,obs_4_z,obs_4_vx,obs_4_vy,obs_4_vz,obs_5_valid,obs_5_x,obs_5_y,obs_5_z,obs_5_vx,obs_5_vy,obs_5_vz,obs_6_valid,obs_6_x,obs_6_y,obs_6_z,obs_6_vx,obs_6_vy,obs_6_vz,obs_7_valid,obs_7_x,obs_7_y,obs_7_z,obs_7_vx,obs_7_vy,obs_7_vz,obs_8_valid,obs_8_x,obs_8_y,obs_8_z,obs_8_vx,obs_8_vy,obs_8_vz,obs_9_valid,obs_9_x,obs_9_y,obs_9_z,obs_9_vx,obs_9_vy,obs_9_vz
1771517357.3455362,3.805100679397583,-9.997779999999956,0.0022199999999999993,-0.0022199999999999993,0.03700000000073089,0.037000000000000074,-0.037000000000000074,0.037,0.037,-0.037,1.009828805923462,0.354579895734787,-0.9041075110435486,4.999999999726197,-3.7000273799999984e-05,3.7000273799999984e-05,0,0.0,0.0,0.0,0.0,0.0,0.0,0,0.0,0.0,0.0,0.0,0.0,0.0,1,-2.0909999999999878,15.747000000000023,3.585999999999978,0.2900000000001235,-1.9299999999997652,-0.440000000000218,1,-1.8860000000000048,-18.830000000000066,2.595000000000014,0.8399999999999519,1.7999999999993577,-0.24999999999986144,1,-5.505000000000043,4.553999999999978,-1.071000000000011,0.9499999999995623,-1.6600000000002169,0.38999999999989043,1,-9.53000000000004,-1.8909999999999898,-3.606000000000006,1.6999999999995907,0.49000000000010147,0.9399999999999409,1,1.762000000000001,5.15600000000001,4.570999999999976,-0.8799999999999919,-1.3399999999998968,-1.1900000000002464,1,-3.6149999999999904,6.1240000000000245,2.3970000000000105,0.1500000000000945,-1.8599999999997507,-0.7299999999998974,1,8.473000000000058,4.723999999999993,-4.655000000000044,-1.4699999999994162,-0.9600000000000719,0.9499999999995623,1,2.486000000000017,1.7309999999999899,0.07799999999999939,-1.9399999999998307,-0.49000000000010147,-0.020000000000006124,1,-3.605000000000004,-0.7459999999999971,1.6589999999999967,1.3499999999999623,0.140000000000029,-0.31000000000003247
1771517357.4455724,3.905136823654175,-9.98796899999998,0.012031000000000031,-0.012031000000000031,0.13399999999919032,0.1340000000000004,-0.1340000000000004,0.134,0.134,-0.134,1.1686302423477173,0.41832470893859863,-0.8283421397209167,4.999999857788529,-0.0008432421635139167,0.0008432421635139167,0,0.0,0.0,0.0,0.0,0.0,0.0,0,0.0,0.0,0.0,0.0,0.0,0.0,1,-2.0619999999999754,15.554000000000046,3.5419999999999563,0.2900000000001235,-1.9299999999997652,-0.440000000000218,1,-1.8020000000000096,-18.65000000000013,2.570000000000028,0.8399999999999519,1.7999999999993577,-0.24999999999986144,1,-5.410000000000087,4.387999999999956,-1.032000000000022,0.9499999999995623,-1.6600000000002169,0.38999999999989043,1,-9.360000000000081,-1.8419999999999797,-3.512000000000012,1.6999999999995907,0.49000000000010147,0.9399999999999409,1,1.6740000000000017,5.022000000000021,4.451999999999951,-0.8799999999999919,-1.3399999999998968,-1.1900000000002464,1,-3.599999999999981,5.9380000000000495,2.3240000000000207,0.1500000000000945,-1.8599999999997507,-0.7299999999998974,1,8.326000000000116,4.627999999999986,-4.5600000000000875,-1.4699999999994162,-0.9600000000000719,0.9499999999995623,1,2.292000000000034,1.6819999999999797,0.07599999999999878,-1.9399999999998307,-0.49000000000010147,-0.020000000000006124,1,-3.4700000000000077,-0.7319999999999942,1.6279999999999935,1.3499999999999623,0.140000000000029,-0.31000000000003247
1771517357.5455601,4.005124568939209,-9.968233000000028,0.03176700000000006,-0.03176700000000006,0.23299999999970566,0.23299999999999987,-0.23299999999999987,0.233,0.233,-0.233,1.3040580749511719,0.5148757696151733,-0.5144413113594055,4.999996879474377,-0.003950015600033848,0.003950015600033848,0,0.0,0.0,0.0,0.0,0.0,0.0,0,0.0,0.0,0.0,0.0,0.0,0.0,1,-2.032999999999963,15.36100000000007,3.4979999999999345,0.2900000000001235,-1.9299999999997652,-0.440000000000218,1,-1.7180000000000144,-18.470000000000194,2.5450000000000417,0.8399999999999519,1.7999999999993577,-0.24999999999986144,1,-5.315000000000131,4.221999999999935,-0.993000000000031,0.9499999999995623,-1.6600000000002169,0.39000000000000146,1,-9.190000000000122,-1.7929999999999695,-3.418000000000018,1.6999999999995907,0.49000000000010147,0.9399999999999409,1,1.5860000000000025,4.888000000000031,4.3329999999999265,-0.8799999999999919,-1.3399999999998968,-1.1900000000002464,1,-3.5849999999999715,5.752000000000074,2.251000000000031,0.1500000000000945,-1.8599999999997507,-0.7299999999998974,1,8.179000000000174,4.531999999999979,-4.465000000000131,-1.4699999999994162,-0.9600000000000719,0.9499999999995623,1,2.098000000000051,1.6329999999999696,0.07399999999999816,-1.9399999999998307,-0.49000000000010147,-0.020000000000006124,1,-3.3350000000000115,-0.7179999999999913,1.5969999999999902,1.3499999999999623,0.140000000000029,-0.31000000000003247
1771517357.6455138,4.105078220367432,-9.93840499999999,0.061595000000000164,-0.061595000000000164,0.32900000000068985,0.3290000000000029,-0.3290000000000029,0.329,0.329,-0.329,1.3864052295684814,0.4488632082939148,-0.6205712556838989,4.999982599010243,-0.009327636216606493,0.009327636216606493,0,0.0,0.0,0.0,0.0,0.0,0.0,0,0.0,0.0,0.0,0.0,0.0,0.0,1,-2.0039999999999507,15.168000000000093,3.4539999999999127,0.2900000000001235,-1.9299999999997652,-0.440000000000218,1,-1.6340000000000192,-18.29000000000026,2.5200000000000555,0.8399999999999519,1.7999999999993577,-0.24999999999986144,1,-5.220000000000175,4.055999999999913,-0.9540000000000308,0.9499999999995623,-1.6600000000002169,0.39000000000000146,1,-9.020000000000163,-1.7439999999999594,-3.324000000000024,1.6999999999995907,0.49000000000010147,0.9399999999999409,1,1.4980000000000033,4.754000000000041,4.213999999999902,-0.8799999999999919,-1.3399999999998968,-1.1900000000002464,1,-3.569999999999962,5.566000000000099,2.1780000000000412,0.1500000000000945,-1.8599999999997507,-0.7299999999998974,1,8.032000000000233,4.4359999999999715,-4.370000000000175,-1.4699999999994162,-0.9600000000000719,0.9499999999995623,1,1.9040000000000568,1.5839999999999594,0.07199999999999755,-1.9400000000000532,-0.49000000000010147,-0.020000000000006124,1,-3.2000000000000153,-0.7039999999999884,1.565999999999987,1.3499999999999623,0.140000000000029,-0.31000000000003247
1771517357.7454748,4.2050392627716064,-9.898674000000009,0.09997639247798903,-0.1013259999999999,0.42799999999942884,0.4084404706954925,-0.4279999999999978,0.42800000000000005,0.4084404706954956,-0.42800000000000005,1.4500408172607422,0.4084404706954956,-0.555902898311615,4.999940226770339,-0.017285485772640583,0.017289901832328335,0,0.0,0.0,0.0,0.0,0.0,0.0,0,0.0,0.0,0.0,0.0,0.0,0.0,1,-1.9749999999999577,14.975000000000117,3.409999999999891,0.28999999999990145,-1.9299999999997652,-0.440000000000218,1,-1.550000000000024,-18.110000000000323,2.4950000000000694,0.8399999999999519,1.7999999999993577,-0.24999999999986144,1,-5.1250000000002185,3.8899999999998913,-0.9150000000000307,0.9499999999995623,-1.6600000000002169,0.39000000000000146,1,-8.850000000000204,-1.6949999999999492,-3.2300000000000297,1.6999999999995907,0.49000000000010147,0.9399999999999409,1,1.4100000000000041,4.620000000000052,4.094999999999877,-0.8799999999999919,-1.3399999999998968,-1.1900000000002464,1,-3.5549999999999526,5.380000000000124,2.1050000000000515,0.1500000000000945,-1.8599999999997507,-0.7299999999998974,1,7.885000000000221,4.339999999999964,-4.275000000000219,-1.4700000000003044,-0.9600000000000719,0.9499999999995623,1,1.7100000000000515,1.5349999999999493,0.06999999999999694,-1.9400000000000532,-0.49000000000010147,-0.020000000000006124,1,-3.065000000000019,-0.6899999999999855,1.5349999999999837,1.3499999999999623,0.140000000000029,-0.31000000000003247
1771517357.845514,4.305078506469727,-9.84894400000003,0.14398063787841806,-0.15105599999999983,0.5269999999999442,0.45358616113663774,-0.5269999999999996,0.527,0.4535861611366272,-0.527,1.5262343883514404,0.4535861611366272,-0.6203961372375488,4.999848534185518,-0.027293843728828544,0.02774313063502102,0,0.0,0.0,0.0,0.0,0.0,0.0,0,0.0,0.0,0.0,0.0,0.0,0.0,1,-1.9459999999999675,14.78200000000014,3.365999999999869,0.28999999999990145,-1.9299999999997652,-0.440000000000218,1,-1.4660000000000288,-17.930000000000387,2.4700000000000832,0.8399999999999519,1.7999999999993577,-0.24999999999986144,1,-5.030000000000262,3.7239999999998696,-0.8760000000000305,0.9499999999995623,-1.6600000000002169,0.39000000000000146,1,-8.680000000000245,-1.645999999999939,-3.1360000000000356,1.6999999999995907,0.49000000000010147,0.9399999999999409,1,1.322000000000005,4.486000000000062,3.975999999999862,-0.8799999999999919,-1.3399999999998968,-1.1899999999998023,1,-3.539999999999943,5.194000000000149,2.0320000000000618,0.1500000000000945,-1.8599999999997507,-0.7299999999998974,1,7.7380000000001905,4.243999999999957,-4.180000000000263,-1.4700000000003044,-0.9600000000000719,0.9499999999995623,1,1.5160000000000462,1.4859999999999391,0.06799999999999633,-1.9400000000000532,-0.49000000000010147,-0.020000000000006124,1,-2.930000000000023,-0.6759999999999826,1.5039999999999805,1.3499999999999623,0.140000000000029,-0.31000000000003247
1771517357.9455104,4.405074834823608,-9.789244000000052,0.19633925399208105,-0.21075599999999903,0.6269999999997111,0.5535861611366267,-0.6269999999999886,0.627,0.5535861611366272,-0.627,1.7581981420516968,0.6256537437438965,-1.0069215297698975,4.999683165317276,-0.038700361912703686,0.040872098439460956,0,0.0,0.0,0.0,0.0,0.0,0.0,0,0.0,0.0,0.0,0.0,0.0,0.0,1,-1.9169999999999774,14.589000000000164,3.3219999999998473,0.28999999999990145,-1.9299999999997652,-0.440000000000218,1,-1.3820000000000336,-17.75000000000045,2.445000000000097,0.8399999999999519,1.7999999999993577,-0.24999999999986144,1,-4.935000000000306,3.557999999999848,-0.8370000000000304,0.9499999999995623,-1.6600000000002169,0.39000000000000146,1,-8.510000000000286,-1.596999999999929,-3.0420000000000416,1.6999999999995907,0.49000000000010147,0.9399999999999409,1,1.2340000000000058,4.352000000000072,3.8569999999998816,-0.8799999999999919,-1.3399999999998968,-1.1899999999998023,1,-3.5249999999999337,5.008000000000174,1.959000000000072,0.1500000000000945,-1.8599999999997507,-0.7299999999998974,1,7.59100000000016,4.14799999999995,-4.085000000000306,-1.4700000000003044,-0.9600000000000719,0.9499999999995623,1,1.322000000000041,1.436999999999929,0.06599999999999571,-1.9400000000000532,-0.49000000000010147,-0.020000000000006124,1,-2.7950000000000266,-0.6619999999999797,1.4729999999999772,1.3499999999999623,0.140000000000029,-0.31000000000003247
1771517358.045551,4.505115509033203,-9.719515000000044,0.25872687010574286,-0.280484999999999,0.7260000000002265,0.6525861611366146,-0.7260000000000044,0.726,0.6525861611366272,-0.726,2.1486759185791016,0.7518081665039062,-1.2956115007400513,4.999406420358917,-0.05243198114006525,0.0564475989548337,0,0.0,0.0,0.0,0.0,0.0,0.0,0,0.0,0.0,0.0,0.0,0.0,0.0,1,-1.8879999999999872,14.396000000000187,3.2779999999998255,0.28999999999990145,-1.9299999999997652,-0.440000000000218,1,-1.2980000000000385,-17.570000000000515,2.420000000000111,0.8399999999999519,1.7999999999993577,-0.24999999999986144,1,-4.84000000000035,3.3919999999998263,-0.7980000000000302,0.9499999999995623,-1.6600000000002169,0.39000000000000146,1,-8.340000000000327,-1.5479999999999188,-2.9480000000000475,1.6999999999995907,0.49000000000010147,0.9399999999999409,1,1.1460000000000066,4.218000000000083,3.7379999999999014,-0.8799999999999919,-1.3399999999998968,-1.1899999999998023,1,-3.5099999999999243,4.822000000000199,1.8860000000000823,0.1500000000000945,-1.8599999999997507,-0.7299999999998974,1,7.44400000000013,4.051999999999943,-3.9900000000003453,-1.4700000000003044,-0.9600000000000719,0.9500000000000064,1,1.1280000000000356,1.3879999999999189,0.0639999999999951,-1.9400000000000532,-0.49000000000010147,-0.020000000000006124,1,-2.6600000000000303,-0.6479999999999768,1.441999999999974,1.3499999999999623,0.140000000000029,-0.31000000000003247
1771517358.1455736,4.605138063430786,-9.656286999999999,0.31608176299667284,-0.34371300000000016,0.8250000000007418,0.7515861611366305,-0.8250000000000204,0.825,0.7515861611366271,-0.825,2.3661646842956543,0.8318882584571838,-1.1578152179718018,4.9989695236780065,-0.06877955122301932,0.07465302855239006,0,0.0,0.0,0.0,0.0,0.0,0.0,0,0.0,0.0,0.0,0.0,0.0,0.0,1,-1.8647999999999951,14.241600000000206,3.242799999999808,0.28999999999990145,-1.9299999999997652,-0.440000000000218,1,-1.2308000000000423,-17.426000000000567,2.400000000000122,0.8399999999999519,1.7999999999993577,-0.24999999999986144,1,-4.764000000000385,3.259199999999809,-0.7668000000000301,0.9499999999995623,-1.6600000000002169,0.39000000000000146,1,-8.20400000000036,-1.5087999999999107,-2.872800000000052,1.6999999999995907,0.49000000000010147,0.9399999999999409,1,1.0756000000000072,4.110800000000091,3.642799999999917,-0.8799999999999919,-1.3399999999998968,-1.1899999999998023,1,-3.4979999999999167,4.673200000000219,1.8276000000000905,0.1500000000000945,-1.8599999999997507,-0.7299999999998974,1,7.326400000000105,3.975199999999937,-3.9140000000003448,-1.4700000000003044,-0.9600000000000719,0.9500000000000064,1,0.9728000000000314,1.3487999999999107,0.062399999999994654,-1.9400000000000532,-0.49000000000010147,-0.02000000000000196,1,-2.5520000000000334,-0.6367999999999745,1.4171999999999714,1.3499999999999623,0.140000000000029,-0.31000000000003247
1771517358.2457108,4.705275297164917,-9.568267000000006,0.39676037911033474,-0.43173300000000103,0.9169999999993905,0.8435861611366116,-0.9170000000000014,0.9169999999999999,0.8435861611366271,-0.9169999999999999,2.7457475662231445,1.099517583847046,-1.1292459964752197,4.998368883695888,-0.08641312144892173,0.09402805401670065,0,0.0,0.0,0.0,0.0,0.0,0.0,0,0.0,0.0,0.0,0.0,0.0,0.0,1,-1.835800000000005,14.04860000000023,3.1987999999997863,0.28999999999990145,-1.9299999999997652,-0.440000000000218,1,-1.1468000000000471,-17.24600000000063,2.375000000000136,0.8399999999999519,1.7999999999993577,-0.24999999999986144,1,-4.669000000000429,3.0931999999997872,-0.72780000000003,0.9499999999995623,-1.6600000000002169,0.39000000000000146,1,-8.0340000000004,-1.4597999999999005,-2.778800000000058,1.6999999999995907,0.49000000000010147,0.9399999999999409,1,0.987600000000008,3.976800000000101,3.523799999999937,-0.8799999999999919,-1.3399999999998968,-1.1899999999998023,1,-3.4829999999999073,4.487200000000244,1.7546000000001007,0.1500000000000945,-1.8599999999997507,-0.7299999999998974,1,7.179400000000075,3.87919999999993,-3.819000000000344,-1.4700000000003044,-0.9600000000000719,0.9500000000000064,1,0.7788000000000261,1.2997999999999006,0.060399999999994736,-1.9400000000000532,-0.49000000000010147,-0.019999999999999185,1,-2.417000000000037,-0.6227999999999716,1.3861999999999681,1.3499999999999623,0.140000000000029,-0.31000000000003247
1771517358.3456924,4.8052568435668945,-9.470456000000052,0.48722999522399674,-0.526389357864381,1.0139999999996263,0.9405861611366253,-0.9639263153076172,1.014,0.9405861611366271,-0.9639263153076172,3.09523868560791,1.2963042259216309,-0.9639263153076172,4.997474525360585,-0.10753111088180253,0.11698473645958046,0,0.0,0.0,0.0,0.0,0.0,0.0,0,0.0,0.0,0.0,0.0,0.0,0.0,1,-1.8068000000000148,13.855600000000253,3.1547999999997645,0.28999999999990145,-1.9299999999997652,-0.440000000000218,1,-1.062800000000052,-17.066000000000695,2.3500000000001497,0.8399999999999519,1.7999999999993577,-0.24999999999986144,1,-4.574000000000472,2.9271999999997655,-0.6888000000000298,0.9499999999995623,-1.6600000000002169,0.39000000000000146,1,-7.864000000000441,-1.4107999999998904,-2.684800000000064,1.6999999999995907,0.49000000000010147,0.9399999999999409,1,0.8996000000000088,3.8428000000001115,3.4047999999999567,-0.8799999999999919,-1.3399999999998968,-1.1899999999998023,1,-3.467999999999898,4.301200000000269,1.681600000000111,0.1500000000000945,-1.8599999999997507,-0.7299999999998974,1,7.032400000000044,3.7831999999999226,-3.7240000000003435,-1.4700000000003044,-0.9600000000000719,0.9500000000000064,1,0.5848000000000209,1.2507999999998904,0.05839999999999482,-1.9400000000000532,-0.49000000000010147,-0.019999999999999185,1,-2.282000000000041,-0.6087999999999687,1.3551999999999649,1.3499999999999623,0.140000000000029,-0.31000000000003247
1771517358.4458213,4.905385732650757,-9.362654000000074,0.5876906113376577,-0.6163799893951418,1.110999999999862,1.0375861611365835,-0.8669263153076034,1.111,1.037586161136627,-0.8669263153076172,3.3729567527770996,1.4169083833694458,-0.7080548405647278,4.996275816665886,-0.1312704182496358,0.1414073586918441,0,0.0,0.0,0.0,0.0,0.0,0.0,0,0.0,0.0,0.0,0.0,0.0,0.0,1,-1.7778000000000247,13.662600000000277,3.1107999999997427,0.28999999999990145,-1.9299999999997652,-0.440000000000218,1,-0.9788000000000567,-16.88600000000076,2.3250000000001636,0.8399999999999519,1.7999999999993577,-0.24999999999986144,1,-4.479000000000516,2.761199999999744,-0.6498000000000297,0.9499999999995623,-1.6600000000002169,0.39000000000000146,1,-7.694000000000482,-1.3617999999998802,-2.59080000000007,1.6999999999995907,0.49000000000010147,0.9399999999999409,1,0.8116000000000096,3.7088000000001218,3.2857999999999765,-0.8799999999999919,-1.3399999999998968,-1.1899999999998023,1,-3.4529999999998884,4.115200000000294,1.6086000000001213,0.1500000000000945,-1.8599999999997507,-0.7299999999998974,1,6.885400000000014,3.6871999999999154,-3.629000000000343,-1.4700000000003044,-0.9600000000000719,0.9500000000000064,1,0.39080000000001874,1.2017999999998803,0.0563999999999949,-1.9399999999999973,-0.49000000000010147,-0.019999999999999185,1,-2.1470000000000447,-0.5947999999999658,1.3241999999999616,1.3499999999999623,0.140000000000029,-0.31000000000003247
1771517358.5456982,5.005262613296509,-9.244988000000122,0.6980152274513188,-0.6977962779250108,1.2089999999993495,1.1355861611366258,-0.7881749272345973,1.209,1.1355861611366271,-0.7881749272346497,3.62174654006958,1.3170244693756104,-0.7881749272346497,4.99480029999858,-0.15799295792203058,0.1643416818130204,0,0.0,0.0,0.0,0.0,0.0,0.0,0,0.0,0.0,0.0,0.0,0.0,0.0,1,-1.7488000000000345,13.4696000000003,3.066799999999721,0.28999999999990145,-1.9299999999997652,-0.440000000000218,1,-0.8948000000000615,-16.706000000000824,2.3000000000001775,0.8399999999999519,1.7999999999993577,-0.24999999999986144,1,-4.38400000000056,2.595199999999722,-0.6108000000000295,0.9499999999995623,-1.6600000000002169,0.39000000000000146,1,-7.524000000000523,-1.31279999999987,-2.496800000000076,1.6999999999995907,0.49000000000010147,0.9399999999999409,1,0.7236000000000105,3.574800000000132,3.1667999999999963,-0.8799999999999919,-1.3399999999998968,-1.1899999999998023,1,-3.437999999999879,3.9292000000003013,1.5356000000001315,0.1500000000000945,-1.8600000000001948,-0.7299999999998974,1,6.7383999999999835,3.5911999999999082,-3.534000000000342,-1.4700000000003044,-0.9600000000000719,0.9500000000000064,1,0.19680000000001902,1.1527999999998702,0.05439999999999498,-1.9399999999999973,-0.49000000000010147,-0.019999999999999185,1,-2.0120000000000484,-0.5807999999999629,1.2931999999999584,1.3499999999999623,0.140000000000029,-0.31000000000003247
1771517358.6456218,5.105186223983765,-9.14311600000015,0.7872024618225052,-0.7660022721037837,1.3009999999997746,1.1059494018554883,-0.8801749272346893,1.3010000000000002,1.1059494018554688,-0.8801749272346496,3.889665126800537,1.1059494018554688,-0.9791202545166016,4.993131543985049,-0.1860017769850727,0.18450128297623508,0,0.0,0.0,0.0,0.0,0.0,0.0,0,0.0,0.0,0.0,0.0,0.0,0.0,1,-1.7256000000000424,13.315200000000319,3.0315999999997034,0.28999999999990145,-1.9299999999997652,-0.440000000000218,1,-0.8276000000000654,-16.562000000000875,2.2800000000001885,0.8399999999999519,1.7999999999993577,-0.24999999999986144,1,-4.308000000000595,2.462399999999705,-0.5796000000000294,0.9499999999995623,-1.6600000000002169,0.39000000000000146,1,-7.388000000000556,-1.273599999999862,-2.4216000000000806,1.6999999999995907,0.49000000000010147,0.9399999999999409,1,0.6532000000000111,3.4676000000001403,3.071600000000012,-0.8799999999999919,-1.3399999999998968,-1.1899999999998023,1,-3.4259999999998714,3.7804000000002858,1.4772000000001397,0.1500000000000945,-1.8600000000001948,-0.7299999999998974,1,6.620799999999959,3.5143999999999025,-3.4580000000003417,-1.4700000000003044,-0.9600000000000719,0.9500000000000064,1,0.04160000000001923,1.113599999999862,0.052799999999995045,-1.9399999999999973,-0.49000000000010147,-0.019999999999999185,1,-1.9040000000000514,-0.5695999999999606,1.2683999999999558,1.3499999999999623,0.140000000000029,-0.31000000000003247
1771517358.7464097,5.205974102020264,-9.007293000000159,0.8988147054748485,-0.8482967648272518,1.3980000000000103,1.123191833496073,-0.7831749272346755,1.3980000000000001,1.1231918334960938,-0.7831749272346497,3.9740524291992188,1.1231918334960938,-0.7457660436630249,4.991066197916704,-0.2149369824751687,0.2075097626083372,0,0.0,0.0,0.0,0.0,0.0,0.0,0,0.0,0.0,0.0,0.0,0.0,0.0,1,-1.6966000000000523,13.122200000000342,2.9875999999996816,0.28999999999990145,-1.9299999999997652,-0.440000000000218,1,-0.7436000000000702,-16.38200000000094,2.2550000000002024,0.8399999999999519,1.7999999999993577,-0.24999999999986144,1,-4.213000000000639,2.296399999999683,-0.5406000000000293,0.9499999999995623,-1.6600000000002169,0.39000000000000146,1,-7.218000000000597,-1.2245999999998518,-2.3276000000000865,1.6999999999995907,0.49000000000010147,0.9399999999999409,1,0.5652000000000119,3.3336000000001507,2.952600000000032,-0.8799999999999919,-1.3399999999998968,-1.1899999999998023,1,-3.410999999999862,3.5944000000002663,1.40420000000015,0.1500000000000945,-1.8600000000001948,-0.7299999999998974,1,6.473799999999929,3.4183999999998953,-3.363000000000341,-1.4700000000003044,-0.9600000000000719,0.9500000000000064,1,-0.1523999999999806,1.0645999999998519,0.05079999999999513,-1.9399999999999973,-0.49000000000010147,-0.019999999999999185,1,-1.7690000000000552,-0.5555999999999577,1.2373999999999525,1.3499999999999623,0.140000000000029,-0.31000000000003247
1771517358.846805,5.3063695430755615,-8.891085000000187,0.9843020521545367,-0.9124094060091982,1.4889999999994075,1.032191833496121,-0.8135634064674324,1.489,1.0321918334960938,-0.8135634064674377,4.16942834854126,0.9294527173042297,-0.8135634064674377,4.988890626533512,-0.24307859269374263,0.22777865189718835,0,0.0,0.0,0.0,0.0,0.0,0.0,0,0.0,0.0,0.0,0.0,0.0,0.0,1,-1.6734000000000602,12.967800000000361,2.952399999999664,0.28999999999990145,-1.9299999999997652,-0.440000000000218,1,-0.676400000000074,-16.23800000000099,2.2350000000002135,0.8399999999999519,1.7999999999993577,-0.24999999999986144,1,-4.137000000000674,2.163599999999666,-0.5094000000000292,0.9499999999995623,-1.6600000000002169,0.39000000000000146,1,-7.08200000000063,-1.1853999999998437,-2.252400000000091,1.6999999999995907,0.49000000000010147,0.9399999999999409,1,0.49480000000001256,3.226400000000159,2.8574000000000477,-0.8799999999999919,-1.3399999999998968,-1.1899999999998023,1,-3.3989999999998544,3.4456000000002507,1.3458000000001582,0.1500000000000945,-1.8600000000001948,-0.7299999999998974,1,6.356199999999904,3.3415999999998895,-3.2870000000003405,-1.4700000000003044,-0.9600000000000719,0.9500000000000064,1,-0.3075999999999804,1.0253999999998438,0.04919999999999519,-1.9399999999999973,-0.49000000000010147,-0.019999999999999185,1,-1.6610000000000582,-0.5443999999999554,1.21259999999995,1.3499999999999623,0.140000000000029,-0.31000000000003247
1771517358.9461372,5.405701637268066,-8.736993000000254,1.0823292355041436,-0.9885737466559428,1.5769999999992734,0.9441918334960331,-0.7255634064674554,1.5770000000000002,0.9441918334960938,-0.7255634064674378,4.215134143829346,0.9087038040161133,-0.677324652671814,4.986607168672499,-0.268786471461103,0.24799753648682954,0,0.0,0.0,0.0,0.0,0.0,0.0,0,0.0,0.0,0.0,0.0,0.0,0.0,1,-1.650200000000068,12.81340000000038,2.9171999999996467,0.28999999999990145,-1.9299999999997652,-0.440000000000218,1,-0.5924000000000789,-16.058000000001055,2.2100000000002273,0.8399999999999519,1.7999999999993577,-0.24999999999986144,1,-4.061000000000709,2.0307999999996484,-0.47820000000002905,0.9499999999995623,-1.6600000000002169,0.39000000000000146,1,-6.946000000000662,-1.1461999999998356,-2.177200000000096,1.6999999999995907,0.49000000000010147,0.9399999999999409,1,0.4244000000000132,3.119200000000167,2.7622000000000635,-0.8799999999999919,-1.3399999999998968,-1.1899999999998023,1,-3.386999999999847,3.296800000000235,1.2874000000001664,0.1500000000000945,-1.8600000000001948,-0.7299999999998974,1,6.23859999999988,3.264799999999884,-3.21100000000034,-1.4700000000003044,-0.9600000000000719,0.9500000000000064,1,-0.46279999999998017,0.9861999999998389,0.04759999999999526,-1.9399999999999973,-0.48999999999999044,-0.019999999999999185,1,-1.5530000000000612,-0.533199999999953,1.1877999999999473,1.3499999999999623,0.140000000000029,-0.31000000000003247
1771517359.0464733,5.506037712097168,-8.606135000000222,1.1531665821838264,-1.0428044893384,1.6580000000008255,0.8631918334960353,-0.6597990989685165,1.6580000000000001,0.8631918334960939,-0.6597990989685059,4.295156478881836,0.8077932596206665,-0.6597990989685059,4.9844142496821995,-0.2915053967525251,0.2657803439481451,0,0.0,0.0,0.0,0.0,0.0,0.0,0,0.0,0.0,0.0,0.0,0.0,0.0,1,-1.621200000000078,12.620400000000403,2.873199999999625,0.28999999999990145,-1.9299999999997652,-0.440000000000218,1,-0.5252000000000827,-15.914000000001106,2.1900000000002384,0.8399999999999519,1.7999999999993577,-0.24999999999986144,1,-3.9660000000007365,1.864799999999645,-0.4392000000000289,0.9500000000000064,-1.6599999999999948,0.39000000000000146,1,-6.776000000000703,-1.0971999999998254,-2.083200000000102,1.6999999999995907,0.49000000000010147,0.9399999999999409,1,0.336400000000014,2.9852000000001775,2.6432000000000833,-0.8799999999999919,-1.3399999999998968,-1.1899999999998023,1,-3.3719999999998373,3.1108000000002156,1.2144000000001767,0.1500000000000945,-1.8600000000001948,-0.7299999999998974,1,6.09159999999985,3.1687999999998766,-3.1160000000003394,-1.4700000000003044,-0.9600000000000719,0.9500000000000064,1,-0.6567999999999844,0.9371999999998398,0.04559999999999534,-1.9400000000000532,-0.48999999999999044,-0.019999999999999185,1,-1.418000000000065,-0.5191999999999501,1.156799999999944,1.3499999999999623,0.140000000000029,-0.31000000000003247
1771517359.146612,5.606176376342773,-8.469217000000171,1.2179439288635139,-1.09431933864355,1.7510000000005022,0.7701918334961366,-0.6322104334830492,1.7510000000000001,0.7701918334960939,-0.6322104334831238,4.385552883148193,0.6901200413703918,-0.6322104334831238,4.98192366165649,-0.3154666514262721,0.2844598763711609,0,0.0,0.0,0.0,0.0,0.0,0.0,0,0.0,0.0,0.0,0.0,0.0,0.0,1,-1.5980000000000858,12.466000000000422,2.8379999999996075,0.28999999999990145,-1.9299999999997652,-0.440000000000218,1,-0.4580000000000838,-15.770000000001158,2.1700000000002495,0.8400000000000072,1.7999999999993577,-0.24999999999986144,1,-3.890000000000736,1.7319999999996454,-0.4080000000000288,0.9500000000000064,-1.6599999999999948,0.39000000000000146,1,-6.640000000000736,-1.0579999999998173,-2.0080000000001066,1.6999999999995907,0.49000000000010147,0.9399999999999409,1,0.26600000000001467,2.8780000000001857,2.548000000000099,-0.8799999999999919,-1.3399999999998968,-1.1899999999998023,1,-3.35999999999983,2.9620000000002,1.1560000000001849,0.1500000000000945,-1.8600000000001948,-0.7299999999998974,1,5.973999999999825,3.091999999999871,-3.040000000000339,-1.4700000000003044,-0.9600000000000719,0.9500000000000064,1,-0.8119999999999886,0.8979999999998406,0.043999999999995404,-1.9400000000000532,-0.48999999999999044,-0.019999999999999185,1,-1.310000000000068,-0.5079999999999478,1.1319999999999415,1.3499999999999623,0.140000000000029,-0.31000000000003247
1771517359.2454114,5.704975843429565,-8.288867000000195,1.2897131122131242,-1.1551574586272226,1.8259999999994392,0.6951918334960894,-0.5981686711311607,1.826,0.6951918334960939,-0.598168671131134,4.453507423400879,0.596737265586853,-0.598168671131134,4.979915978698704,-0.3331833898092903,0.2990412577831304,0,0.0,0.0,0.0,0.0,0.0,0.0,0,0.0,0.0,0.0,0.0,0.0,0.0,1,-1.5690000000000957,12.273000000000446,2.7939999999995857,0.28999999999990145,-1.9299999999997652,-0.440000000000218,1,-0.37400000000008304,-15.590000000001222,2.1450000000002634,0.8400000000000072,1.7999999999993577,-0.24999999999986144,1,-3.7950000000007353,1.565999999999646,-0.36900000000002864,0.9500000000000064,-1.6599999999999948,0.39000000000000146,1,-6.470000000000777,-1.0089999999998072,-1.9140000000001125,1.6999999999995907,0.49000000000010147,0.9399999999999409,1,0.17800000000001548,2.744000000000196,2.429000000000119,-0.8799999999999919,-1.3399999999998968,-1.1899999999998023,1,-3.3449999999998203,2.7760000000001805,1.0830000000001951,0.1500000000000945,-1.8600000000001948,-0.7299999999998974,1,5.826999999999795,2.9959999999998637,-2.9450000000003382,-1.4700000000003044,-0.9600000000000719,0.9500000000000064,1,-1.0059999999999938,0.8489999999998415,0.041999999999995485,-1.9400000000000417,-0.48999999999999044,-0.019999999999999185,1,-1.1750000000000718,-0.4939999999999473,1.1009999999999383,1.3499999999999623,0.13999999999997348,-0.31000000000003247
1771517359.3468907,5.806455135345459,-8.137486000000258,1.3400274588928172,-1.199981524729728,1.9189999999991159,0.6021918334961907,-0.5450208187103289,1.919,0.602191833496094,-0.5450208187103271,4.534717559814453,0.5002737045288086,-0.5450208187103271,4.977379913264302,-0.3539189446122137,0.31690784098476027,0,0.0,0.0,0.0,0.0,0.0,0.0,0,0.0,0.0,0.0,0.0,0.0,0.0,1,-1.5458000000001035,12.118600000000464,2.7587999999995683,0.28999999999990145,-1.9299999999997652,-0.440000000000218,1,-0.30680000000008245,-15.446000000001273,2.1250000000002744,0.8400000000000072,1.7999999999993577,-0.24999999999986144,1,-3.719000000000735,1.4331999999996463,-0.3378000000000285,0.9500000000000064,-1.6599999999999948,0.39000000000000146,1,-6.33400000000081,-0.9697999999998059,-1.8388000000001172,1.6999999999995907,0.48999999999999044,0.9399999999999409,1,0.10760000000001585,2.6368000000002043,2.3338000000001347,-0.8800000000000059,-1.3399999999998968,-1.1899999999998023,1,-3.332999999999813,2.627200000000165,1.0246000000002033,0.1500000000000945,-1.8600000000001948,-0.7299999999998974,1,5.70939999999977,2.919199999999858,-2.8690000000003377,-1.4700000000003044,-0.9600000000000719,0.9500000000000064,1,-1.161199999999998,0.8097999999998423,0.04039999999999555,-1.9400000000000532,-0.48999999999999044,-0.019999999999999185,1,-1.0670000000000748,-0.48279999999994944,1.0761999999999357,1.3499999999999623,0.13999999999997348,-0.31000000000003247
1771517359.446573,5.906137466430664,-7.979484000000316,1.3837208055725094,-1.2411447516322072,2.0020000000000593,0.5191918334961354,-0.49986454844463957,2.0020000000000002,0.519191833496094,-0.4998645484447479,4.593623161315918,0.4033845365047455,-0.4998645484447479,4.975046443500223,-0.3716546823002225,0.33284483192637715,0,0.0,0.0,0.0,0.0,0.0,0.0,0,0.0,0.0,0.0,0.0,0.0,0.0,1,-1.5226000000001114,11.964200000000483,2.723599999999551,0.28999999999990145,-1.9299999999997652,-0.440000000000218,1,-0.23960000000008186,-15.302000000001325,2.1050000000002855,0.8400000000000072,1.7999999999993577,-0.24999999999986144,1,-3.6430000000007343,1.3003999999996467,-0.3066000000000284,0.9500000000000064,-1.6599999999999948,0.39000000000000146,1,-6.198000000000842,-0.9305999999998067,-1.763600000000122,1.6999999999995907,0.48999999999999044,0.9399999999999409,1,0.03720000000001559,2.5296000000002126,2.2386000000001505,-0.8799999999999988,-1.3399999999998968,-1.1899999999998023,1,-3.320999999999805,2.4784000000001494,0.9662000000002063,0.1500000000000945,-1.8600000000001948,-0.7300000000000084,1,5.591799999999746,2.842399999999852,-2.793000000000337,-1.4700000000003044,-0.9600000000000719,0.9500000000000064,1,-1.3164000000000022,0.7705999999998431,0.038799999999995616,-1.9400000000000532,-0.48999999999999044,-0.019999999999999185,1,-0.9590000000000778,-0.47159999999995156,1.051399999999933,1.3499999999999623,0.13999999999997348,-0.31000000000003247
1771517359.5456934,6.005257844924927,-7.773550000000322,1.4299059889221206,-1.2877190208673386,2.0959999999998757,0.4251918334960969,-0.4439270794391881,2.096,0.425191833496094,-0.4439270794391632,4.650043964385986,0.3225909471511841,-0.4439270794391632,4.972724091326184,-0.38811308826145174,0.34840112265079215,0,0.0,0.0,0.0,0.0,0.0,0.0,0,0.0,0.0,0.0,0.0,0.0,0.0,1,-1.4994000000001193,11.809800000000502,2.6883999999995334,0.28999999999990145,-1.9299999999997652,-0.440000000000218,1,-0.17240000000008127,-15.158000000001376,2.0850000000002966,0.8400000000000072,1.7999999999993577,-0.24999999999986144,1,-3.567000000000734,1.1675999999996471,-0.2754000000000283,0.9500000000000064,-1.6599999999999948,0.39000000000000146,1,-6.028000000000883,-0.8815999999998076,-1.6696000000001279,1.6999999999995907,0.48999999999999044,0.9399999999999409,1,-0.05079999999998435,2.395600000000223,2.1196000000001702,-0.8799999999999988,-1.3399999999998968,-1.1899999999998023,1,-3.3089999999997977,2.329600000000134,0.9078000000002057,0.1500000000000945,-1.8600000000001948,-0.7300000000000084,1,5.474199999999722,2.7655999999998464,-2.7170000000003367,-1.4700000000003044,-0.9600000000000719,0.9500000000000064,1,-1.5104000000000075,0.721599999999844,0.0367999999999957,-1.9400000000000532,-0.48999999999999044,-0.019999999999999185,1,-0.8510000000000808,-0.4603999999999537,1.0265999999999305,1.3499999999999623,0.13999999999997348,-0.31000000000003247
1771517359.6464455,6.1060099601745605,-7.601110000000313,1.459161335601802,-1.3185516765355945,2.1810000000002105,0.34019183349598414,-0.36032867431634585,2.181,0.340191833496094,-0.36032867431640625,4.720157146453857,0.23527997732162476,-0.36032867431640625,4.970572100597977,-0.4023846382977442,0.36262872972091964,0,0.0,0.0,0.0,0.0,0.0,0.0,0,0.0,0.0,0.0,0.0,0.0,0.0,1,-1.4704000000001292,11.616800000000525,2.6443999999995116,0.28999999999990145,-1.9299999999997652,-0.440000000000218,1,-0.08840000000008114,-14.97800000000144,2.0600000000003105,0.8399999999999934,1.7999999999993577,-0.24999999999986144,1,-3.472000000000733,1.0015999999996477,-0.23640000000002814,0.9500000000000064,-1.6599999999999948,0.39000000000000146,1,-5.892000000000916,-0.8423999999998084,-1.5944000000001326,1.6999999999995907,0.48999999999999044,0.9399999999999409,1,-0.12119999999998472,2.288400000000231,2.024400000000186,-0.8800000000000059,-1.3399999999998968,-1.1899999999998023,1,-3.293999999999788,2.1436000000001143,0.8348000000002048,0.1500000000000945,-1.8600000000001948,-0.7300000000000084,1,5.327199999999691,2.669599999999839,-2.622000000000336,-1.4700000000003044,-0.9600000000000719,0.9500000000000064,1,-1.6656000000000117,0.6823999999998448,0.03519999999999576,-1.9400000000000532,-0.48999999999999044,-0.019999999999999185,1,-0.7160000000000846,-0.44639999999995633,0.9955999999999272,1.3499999999999623,0.13999999999997348,-0.31000000000003247
1771517359.7463195,6.205883979797363,-7.4224060000003025,1.4821526822814872,-1.3431539704809086,2.2690000000000765,0.2521918334961182,-0.2723286743164799,2.269,0.252191833496094,-0.2723286743164063,4.748619079589844,0.1927483081817627,-0.2568815350532532,4.96857356902062,-0.4151159749094815,0.37544029699093756,0,0.0,0.0,0.0,0.0,0.0,0.0,0,0.0,0.0,0.0,0.0,0.0,0.0,1,-1.447200000000137,11.462400000000544,2.609199999999494,0.28999999999990145,-1.9299999999997652,-0.440000000000218,1,-0.021200000000081307,-14.834000000001492,2.0400000000003216,0.8400000000000005,1.7999999999993577,-0.24999999999986144,1,-3.3960000000007327,0.8687999999996481,-0.20520000000002803,0.9500000000000064,-1.6599999999999948,0.39000000000000146,1,-5.756000000000949,-0.8031999999998092,-1.5192000000001373,1.6999999999995907,0.48999999999999044,0.9399999999999409,1,-0.19159999999998414,2.1812000000002394,1.9292000000001885,-0.8799999999999919,-1.3399999999998968,-1.1900000000000244,1,-3.2819999999997806,1.9948000000000994,0.7764000000002041,0.1500000000000945,-1.860000000000128,-0.7300000000000084,1,5.209599999999667,2.5927999999998335,-2.5460000000003356,-1.4700000000003044,-0.9600000000000719,0.9500000000000064,1,-1.820800000000016,0.6431999999998456,0.03359999999999583,-1.9400000000000532,-0.48999999999999044,-0.019999999999999185,1,-0.6080000000000876,-0.43519999999995845,0.9707999999999246,1.3499999999999623,0.13999999999997348,-0.31000000000003247
1771517359.8457735,6.305337905883789,-7.190111000000291,1.503308008215181,-1.3666993548712585,2.3520000000001318,0.18967095017430324,-0.21559816598881731,2.3520000000000003,0.18967095017433167,-0.21559816598892212,4.745883941650391,0.18967095017433167,-0.21559816598892212,4.966841100167048,-0.4258248086945604,0.3862158955708993,0,0.0,0.0,0.0,0.0,0.0,0.0,0,0.0,0.0,0.0,0.0,0.0,0.0,1,-1.418200000000147,11.269400000000568,2.5651999999994723,0.28999999999990145,-1.9299999999997652,-0.440000000000218,1,0.06279999999991873,-14.654000000001556,2.0150000000003354,0.8399999999999999,1.7999999999993577,-0.24999999999986144,1,-3.301000000000732,0.7027999999996486,-0.16620000000002788,0.9500000000000064,-1.6599999999999948,0.39000000000000146,1,-5.58600000000099,-0.7541999999998101,-1.4252000000001432,1.6999999999995907,0.48999999999999044,0.9399999999999409,1,-0.27959999999998336,2.0472000000002497,1.810200000000186,-0.8799999999999919,-1.3399999999998968,-1.1900000000000244,1,-3.266999999999771,1.808800000000102,0.7034000000002033,0.1500000000000945,-1.8599999999999723,-0.7300000000000084,1,5.0625999999996365,2.4967999999998263,-2.451000000000335,-1.4700000000003044,-0.9600000000000719,0.9500000000000064,1,-2.0148000000000197,0.5941999999998465,0.03159999999999591,-1.9399999999998971,-0.48999999999999044,-0.019999999999999185,1,-0.47300000000009024,-0.4211999999999611,0.9397999999999214,1.3500000000000176,0.13999999999997348,-0.31000000000003247
1771517359.9470854,6.406649827957153,-6.997296000000283,1.5172888371262416,-1.3829069667598999,2.447000000000088,0.16532713174810532,-0.19436874985689911,2.4470000000000005,0.16532713174819946,-0.19436874985694885,4.7531819343566895,0.16532713174819946,-0.19436874985694885,4.965039193686681,-0.4366050019816187,0.3971924941382179,0,0.0,0.0,0.0,0.0,0.0,0.0,0,0.0,0.0,0.0,0.0,0.0,0.0,1,-1.3950000000001548,11.115000000000586,2.529999999999455,0.28999999999990145,-1.9299999999997652,-0.440000000000218,1,0.1299999999999183,-14.510000000001607,1.995000000000342,0.8400000000000016,1.7999999999993577,-0.2500000000000835,1,-3.2250000000007315,0.569999999999649,-0.13500000000002776,0.9500000000000064,-1.6599999999999948,0.39000000000000146,1,-5.4500000000010225,-0.7149999999998109,-1.350000000000148,1.6999999999995907,0.48999999999999044,0.9399999999999409,1,-0.3499999999999827,1.940000000000258,1.7150000000001842,-0.8799999999999919,-1.3399999999998968,-1.1900000000000244,1,-3.2549999999997636,1.6600000000001043,0.6450000000002026,0.1500000000000945,-1.8599999999999723,-0.7300000000000084,1,4.944999999999612,2.4199999999998205,-2.3750000000003344,-1.4700000000003044,-0.9600000000000719,0.9500000000000064,1,-2.170000000000006,0.5549999999998473,0.029999999999995974,-1.9399999999998307,-0.48999999999999044,-0.019999999999999185,1,-0.3650000000000888,-0.4099999999999632,0.9149999999999188,1.3500000000000176,0.13999999999997348,-0.31000000000003247
1771517360.0457044,6.505268812179565,-6.74703500000027,1.5325847938272847,-1.4012003517291394,2.5300000000001432,0.1468680799008304,-0.1773017346859973,2.5300000000000007,0.14686807990074158,-0.17730173468589783,4.757336616516113,0.14686807990074158,-0.17730173468589783,4.963483244105017,-0.44565535892997304,0.40647925721458344,0,0.0,0.0,0.0,0.0,0.0,0.0,0,0.0,0.0,0.0,0.0,0.0,0.0,1,-1.3660000000001646,10.92200000000061,2.485999999999433,0.28999999999990145,-1.9299999999997652,-0.440000000000218,1,0.21399999999991903,-14.330000000001672,1.9700000000003337,0.8400000000000072,1.7999999999993577,-0.2500000000000835,1,-3.238876137195727,0.4389978754362252,-0.11178383220817381,-0.4935153646405322,-1.195306633438777,0.18075809780636426,1,-5.280000000001063,-0.6659999999998119,-1.2560000000001539,1.6999999999995907,0.48999999999999044,0.9399999999999409,1,-0.4379999999999819,1.8060000000002683,1.5960000000001817,-0.8799999999999919,-1.3399999999998968,-1.1900000000000244,1,-3.239999999999754,1.474000000000107,0.5720000000002018,0.1500000000000945,-1.8599999999999723,-0.7300000000000084,1,4.797999999999582,2.3239999999998133,-2.2800000000003338,-1.4700000000003044,-0.9600000000000719,0.9500000000000064,1,-2.253668674719463,0.4703778347611277,0.04398896958425724,-0.4969939132950906,-0.9544711197905125,0.18917024936892668,1,-0.23000000000008744,-0.3959999999999659,0.8839999999999155,1.3499999999999903,0.13999999999997348,-0.31000000000003247
1771517360.1456149,6.605179309844971,-6.487267000000269,1.5462283834431059,-1.4179064749619776,2.6239999999999597,0.1323789358138594,-0.16307881474486585,2.6240000000000006,0.1323789358139038,-0.16307881474494934,4.7603840827941895,0.1323789358139038,-0.16307881474494934,4.961645039016119,-0.45608243275258303,0.4172137597697727,0,0.0,0.0,0.0,0.0,0.0,0.0,0,0.0,0.0,0.0,0.0,0.0,0.0,1,-1.3370000000001745,10.729000000000633,2.4419999999994113,0.28999999999990145,-1.9299999999997652,-0.440000000000218,1,0.2979999999999198,-14.150000000001736,1.9450000000003254,0.8400000000000072,1.7999999999993577,-0.2500000000000835,1,-3.2846216544497433,0.3181216745771565,-0.09319218894438627,-0.4935148788137189,-1.1953262906549162,0.180757442883066,1,-5.110000000001104,-0.6169999999998128,-1.1620000000001598,1.6999999999995907,0.48999999999999044,0.9399999999999409,1,-0.5259999999999811,1.6720000000002786,1.4770000000001793,-0.8799999999999919,-1.3399999999998968,-1.1900000000000244,1,-3.2249999999997447,1.2880000000001097,0.49900000000020095,0.1500000000000945,-1.8599999999999723,-0.7300000000000084,1,4.650999999999551,2.227999999999806,-2.185000000000333,-1.4700000000003044,-0.9600000000000719,0.9500000000000064,1,-2.300489153077616,0.3735690153157152,0.0633071239867982,-0.49699443125931164,-0.9544514485451165,0.18917089977082774,1,-0.09500000000008811,-0.38199999999996853,0.8529999999999123,1.3500000000000036,0.13999999999997348,-0.31000000000003247
1771517360.2462807,6.70584511756897,-6.271875000000267,1.555629366508468,-1.4297285818598033,2.7200000000000557,0.11151346564286513,-0.14160165190690854,2.7200000000000006,0.11151346564292908,-0.14160165190696716,4.766312599182129,0.11151346564292908,-0.14160165190696716,4.9597199487707595,-0.4667357930878191,0.42817721706794765,0,0.0,0.0,0.0,0.0,0.0,0.0,0,0.0,0.0,0.0,0.0,0.0,0.0,1,-1.3138000000001824,10.574600000000652,2.406799999999394,0.28999999999990145,-1.9299999999997652,-0.440000000000218,1,0.36519999999992037,-14.006000000001787,1.9250000000003187,0.8400000000000072,1.7999999999993577,-0.2500000000000835,1,-3.319147447639287,0.220705933915072,-0.07802052484569055,-0.4935144901199811,-1.1953420168570157,0.18075691893353962,1,-4.974000000001137,-0.5777999999998136,-1.0868000000001645,1.6999999999995907,0.48999999999999044,0.9399999999999409,1,-0.5963999999999805,1.5648000000002869,1.3818000000001773,-0.8799999999999919,-1.3399999999998968,-1.1900000000000244,1,-3.212999999999737,1.139200000000112,0.4406000000002003,0.1500000000000945,-1.8599999999999723,-0.7300000000000084,1,4.533399999999527,2.1511999999998004,-2.1090000000003326,-1.4700000000003044,-0.9600000000000719,0.9500000000000064,1,-2.3362885285735833,0.2953891299240345,0.07899441852663826,-0.49699484565988594,-0.9544357111209338,0.18917142010366592,1,0.01299999999991193,-0.37079999999997065,0.8281999999999097,1.3500000000000008,0.13999999999997348,-0.31000000000003247
1771517360.3455615,6.805125951766968,-5.993845000000252,1.5651878472182565,-1.4422100506565325,2.8100000000002012,0.08773934841155295,-0.11654648184777905,2.8100000000000005,0.08773934841156006,-0.11654648184776306,4.773622512817383,0.08773934841156006,-0.11654648184776306,4.957877273928768,-0.4767061441884609,0.43841098156137825,0,0.0,0.0,0.0,0.0,0.0,0.0,0,0.0,0.0,0.0,0.0,0.0,0.0,1,-1.2848000000001922,10.381600000000676,2.362799999999372,0.28999999999990145,-1.9299999999997652,-0.440000000000218,1,0.4491999999999211,-13.826000000001851,1.9000000000003103,0.8400000000000072,1.7999999999993577,-0.2500000000000835,1,-3.356468469453043,0.08980261309917074,-0.06785595783326183,-0.4205664759887974,-1.4435564743499338,-0.09527331575680931,1,-4.804000000001178,-0.5287999999998145,-0.9928000000001695,1.6999999999995907,0.48999999999999044,0.9400000000000297,1,-0.6843999999999797,1.4308000000002972,1.262800000000175,-0.8799999999999919,-1.3399999999998968,-1.1900000000000244,1,-3.2040602078002123,0.9679001322124945,0.3839504663145547,-0.02376754739706032,-1.428045161061551,-0.2543378708841441,1,4.3863999999994965,2.055199999999793,-2.014000000000332,-1.4700000000003044,-0.9600000000000719,0.9500000000000064,1,-2.3762402505846296,0.19025734646792988,0.09184736191392752,-0.438780978047975,-1.1495377643713787,-0.019229468200833027,1,0.14799999999991187,-0.3567999999999733,0.7971999999999064,1.3499999999999903,0.13999999999997348,-0.31000000000003247
1771517360.4508855,6.910449981689453,-5.706005000000235,1.5725537982795095,-1.4523358740351027,2.9050000000001575,0.0681840181351312,-0.0953128039837825,2.9050000000000007,0.0681840181350708,-0.09531280398368835,4.778938293457031,0.0681840181350708,-0.09531280398368835,4.955887418785501,-0.4872483536133039,0.4491869702303233,0,0.0,0.0,0.0,0.0,0.0,0.0,0,0.0,0.0,0.0,0.0,0.0,0.0,1,-1.255800000000202,10.188600000000699,2.3187999999993503,0.28999999999990145,-1.9299999999997652,-0.440000000000218,1,0.5331999999999196,-13.646000000001916,1.875000000000302,0.8399999999999519,1.7999999999993577,-0.2500000000000835,1,-3.3850579020807694,-0.05853767998766821,-0.07388680445833722,-0.43221839764867054,-1.4502186214110053,-0.09481713861461787,1,-4.634000000001219,-0.4797999999998155,-0.8988000000001644,1.6999999999995907,0.48999999999999044,0.9400000000000517,1,-0.7723999999999789,1.2968000000003075,1.1438000000001725,-0.8799999999999919,-1.3399999999998968,-1.1900000000000244,1,-3.207312197968043,0.8245355944804618,0.3587892678682661,-0.013408229657411837,-1.4340372159344947,-0.2734578676199851,1,4.239399999999466,1.959199999999786,-1.9190000000003313,-1.4700000000003044,-0.9600000000000719,0.9500000000000064,1,-2.4091440246711215,0.0709967752792025,0.09182197977973217,-0.46315305930479883,-1.15288672096592,-0.010112430440522995,1,0.28299999999991154,-0.34279999999997596,0.7661999999999032,1.3500000000000176,0.13999999999997348,-0.31000000000003247
1771517360.5459933,7.0055577754974365,-5.468054000000205,1.5770912736270313,-1.4589220592221999,2.9960000000004428,0.05314719676974278,-0.07828265428533321,2.996000000000001,0.053147196769714355,-0.07828265428543091,4.781546592712402,0.053147196769714355,-0.07828265428543091,4.953982124641351,-0.49714798600525084,0.4592439316364251,0,0.0,0.0,0.0,0.0,0.0,0.0,0,0.0,0.0,0.0,0.0,0.0,0.0,1,-1.23260000000021,10.034200000000718,2.283599999999333,0.28999999999990145,-1.9299999999997652,-0.440000000000218,1,0.6003999999999158,-13.502000000001967,1.8550000000002953,0.8399999999999519,1.7999999999993577,-0.2500000000000835,1,-3.406191906510114,-0.1782711263221526,-0.07717761623417319,-0.4401665755311356,-1.4554982527773785,-0.09521046084881783,1,-4.498000000001252,-0.44059999999981625,-0.8236000000001602,1.6999999999995907,0.48999999999999044,0.9400000000000517,1,-0.8427999999999782,1.1896000000003157,1.0486000000001705,-0.8799999999999919,-1.3399999999998968,-1.1900000000000244,1,-3.210510174360189,0.7092781774236235,0.33845621310088825,-0.007073589642369917,-1.437665470933006,-0.2874585047036601,1,4.121799999999442,1.8823999999997802,-1.8430000000003308,-1.4700000000003044,-0.9600000000000719,0.9500000000000064,1,-2.434235811001135,-0.0256043546205362,0.09253647101973685,-0.4810824622916724,-1.1554249295762775,-0.003328522171546783,1,0.390999999999913,-0.3315999999999781,0.7413999999999006,1.3500000000000176,0.13999999999997348,-0.31000000000003247
1771517360.6461208,7.105685234069824,-5.223558000000192,1.5808123195979549,-1.4645326656541524,3.082000000000029,0.043669879436603054,-0.06663969159115268,3.0820000000000007,0.04366987943649292,-0.06663969159126282,4.78164005279541,0.04366987943649292,-0.06663969159126282,4.952056921576402,-0.5069754289349686,0.46915686068036394,0,0.0,0.0,0.0,0.0,0.0,0.0,0,0.0,0.0,0.0,0.0,0.0,0.0,1,-1.2094000000002179,9.879800000000737,2.2483999999993154,0.28999999999990145,-1.9299999999997652,-0.440000000000218,1,0.6675999999999119,-13.358000000002018,1.8350000000002886,0.8399999999999519,1.7999999999993577,-0.2500000000000835,1,-3.4256560323283494,-0.2989018279990717,-0.07916231357286407,-0.4469379755529251,-1.4608520165452736,-0.0962757367132434,1,-4.362000000001284,-0.401399999999817,-0.748400000000156,1.6999999999995907,0.48999999999999044,0.9400000000000517,1,-0.9131999999999776,1.082400000000324,0.9534000000001686,-0.8799999999999919,-1.3399999999998968,-1.1900000000000244,1,-3.214388781673363,0.5936036697465893,0.3180183516160529,-0.0025000924846820343,-1.4403233343955848,-0.30034708230866,1,4.004199999999417,1.8055999999997745,-1.7670000000003303,-1.4700000000003044,-0.9600000000000719,0.9500000000000064,1,-2.45809731480351,-0.12324541958338982,0.09388614993922602,-0.4977297719690501,-1.1579439475105884,0.003015605755759045,1,0.4989999999999144,-0.3203999999999802,0.716599999999898,1.3500000000000176,0.13999999999997348,-0.31000000000003247
1771517360.7461922,7.205756664276123,-4.90959200000021,1.583688932022816,-1.4696076729139929,3.174999999999706,0.019631564617261787,-0.04101127386091363,3.1750000000000007,0.019631564617156982,-0.041011273860931396,4.788851737976074,0.019631564617156982,-0.041011273860931396,4.949969288231314,-0.5174497346589715,0.47963508802852983,0,0.0,0.0,0.0,0.0,0.0,0.0,0,0.0,0.0,0.0,0.0,0.0,0.0,1,-1.1804000000002277,9.68680000000076,2.2043999999992936,0.28999999999990145,-1.9299999999997652,-0.440000000000218,1,0.7515999999999071,-13.178000000002083,1.8100000000002803,0.8399999999999519,1.7999999999993577,-0.2500000000000835,1,-3.434450062748046,-0.43863261028952555,-0.07361560882379169,0.08499204362875701,-1.135040824016757,0.15448941987067433,1,-4.230294657158146,-0.3828065871029002,-0.676181095992893,0.34198028922153706,-0.5870765654651939,0.17073478299943196,1,-1.0011999999999768,0.94840000000033,0.8344000000001661,-0.8799999999999919,-1.3400000000000076,-1.1900000000000244,1,-3.2094885820768217,0.4603153412348238,0.3011404635005053,0.36226455676442004,-1.0251164007291806,0.014382946772144394,1,3.8571999999994304,1.7095999999997673,-1.6720000000003297,-1.4699999999998603,-0.9600000000000719,0.9500000000000064,1,-2.4717542729113373,-0.24098166438038526,0.10336317045426435,0.029796874014791384,-1.0774568177824144,0.242205118936752,1,0.6339999999999106,-0.30639999999998285,0.6855999999998947,1.3499999999999623,0.13999999999997348,-0.31000000000003247
1771517360.8460946,7.305659055709839,-4.6509120000002255,1.5848464721057527,-1.4723719211659096,3.2649999999998514,0.011689543724102691,-0.031075626611754004,3.2650000000000006,0.011689543724060059,-0.031075626611709595,4.787735462188721,0.011689543724060059,-0.031075626611709595,4.947886289462342,-0.52771322051774,0.48983673141300205,0,0.0,0.0,0.0,0.0,0.0,0.0,0,0.0,0.0,0.0,0.0,0.0,0.0,1,-1.1572000000002356,9.532400000000779,2.169199999999276,0.28999999999990145,-1.9299999999997652,-0.440000000000218,1,0.8187999999999033,-13.034000000002134,1.7900000000002736,0.8399999999999519,1.7999999999993577,-0.2500000000000835,1,-3.414082926443232,-0.5304546675783826,-0.053691825521849125,0.08063493145382514,-1.2268458368227468,0.19955773869248863,1,-4.201938280345298,-0.42783001365870915,-0.6607390650264705,0.3994091722713556,-0.50826075545193,0.2288783890569277,1,-1.0715999999999761,0.8412000000003294,0.7392000000001642,-0.8799999999999919,-1.3400000000000076,-1.1900000000000244,1,-3.1840558597127098,0.37515990361156226,0.30165206929084953,0.3531459182357305,-1.0721650275409598,-0.07805821483293407,1,3.7395999999994416,1.6327999999997616,-1.5960000000003292,-1.4699999999998603,-0.9600000000000719,0.9500000000000064,1,-2.453173063833696,-0.3272799569087724,0.12713108037515444,-0.019008074664985844,-1.142014319862207,0.2692579829657922,1,0.7419999999999076,-0.295199999999985,0.6607999999998921,1.3499999999999623,0.13999999999997348,-0.31000000000003247
1771517360.9459984,7.405562877655029,-4.31880500000024,1.5844418173644608,-1.4738386585554752,3.353999999999857,-0.013288378715614613,-0.0050307810306460254,3.3540000000000005,-0.013288378715515137,-0.005030781030654907,4.794703960418701,-0.013288378715515137,-0.005030781030654907,4.945667849964418,-0.5384564423798213,0.5004339891414211,0,0.0,0.0,0.0,0.0,0.0,0.0,0,0.0,0.0,0.0,0.0,0.0,0.0,1,-1.1282000000002455,9.339400000000802,2.1251999999992544,0.28999999999990145,-1.9299999999997652,-0.440000000000218,1,0.9027999999998985,-12.854000000002198,1.7650000000002652,0.8399999999999519,1.7999999999993577,-0.2500000000000835,1,-3.3898534137335,-0.6569615358856982,-0.02371753308890308,0.054936316730287094,-1.3612714573820983,0.26864629867138856,1,-4.159821671001968,-0.47416317824309695,-0.6350149820085966,0.510318407641412,-0.3326151074033902,0.30777806593280654,1,-1.1595999999999753,0.7072000000003286,0.6202000000001617,-0.8799999999999919,-1.3400000000000076,-1.1900000000000244,1,-3.1544076143670736,0.26218354496842994,0.291357055122223,0.32637578551775726,-1.1450045523767614,-0.2338337782288992,1,3.5925999999994556,1.5367999999997544,-1.5010000000003285,-1.4699999999998603,-0.9600000000000719,0.9500000000000064,1,-2.431839972191195,-0.4431464987645929,0.16070436551533784,-0.10463985063275291,-1.226389748702966,0.3063445185921408,1,0.8769999999999039,-0.2811999999999876,0.6297999999998889,1.3499999999999623,0.13999999999997348,-0.31000000000003247
1771517361.0457783,7.505342721939087,-3.9769450000002573,1.58189419945216,-1.4730517899832436,3.4489999999998133,-0.031211614608839255,0.013939023017828234,3.4490000000000007,-0.03121161460876465,0.0139390230178833,4.79784631729126,-0.03121161460876465,0.0139390230178833,4.943266745433597,-0.5498685524389445,0.5116233561215034,0,0.0,0.0,0.0,0.0,0.0,0.0,0,0.0,0.0,0.0,0.0,0.0,0.0,1,-1.0992000000002553,9.146400000000826,2.0811999999992326,0.28999999999990145,-1.9299999999997652,-0.440000000000218,1,0.9867999999998937,-12.674000000002263,1.740000000000257,0.8399999999999519,1.7999999999993577,-0.2500000000000835,1,-3.3697033578414457,-0.798250398153945,0.012569253171133653,-0.013015049268514517,-1.4990201319235177,0.34725540506627117,1,-4.1009262445007915,-0.5019612524404807,-0.5993553667733424,0.7121615129379141,-0.06946024566536561,0.3867051897164018,1,-1.2475999999999745,0.5732000000003278,0.5012000000001593,-0.8799999999999919,-1.3400000000000076,-1.1900000000000244,1,-3.1301242028136813,0.1391056638763338,0.26503709804622505,0.2663596306500907,-1.2458548259968576,-0.42211233729952813,1,3.4455999999994695,1.4407999999997472,-1.4060000000003279,-1.4699999999998603,-0.9600000000000719,0.9500000000000064,1,-2.4155011587753235,-0.5685973322599714,0.19823246519599572,-0.23144828083116753,-1.2982408988645069,0.33714103171034354,1,1.0119999999999,-0.2671999999999903,0.5987999999998856,1.3499999999999623,0.13999999999997348,-0.31000000000003247
1771517361.1454668,7.605031251907349,-3.6251100000002467,1.5784171670291385,-1.4711916152677207,3.5440000000002136,-0.03608655929565607,0.020326316356733543,3.544000000000001,-0.0360865592956543,0.020326316356658936,4.79458475112915,-0.0360865592956543,0.020326316356658936,4.940774862345005,-0.5614864712248159,0.5229499997621112,0,0.0,0.0,0.0,0.0,0.0,0.0,0,0.0,0.0,0.0,0.0,0.0,0.0,1,-1.0760000000002632,8.992000000000845,2.045999999999215,0.28999999999990145,-1.9299999999997652,-0.440000000000218,1,1.05399999999989,-12.530000000002314,1.7200000000002502,0.8399999999999519,1.7999999999993577,-0.2500000000000835,1,-3.3567470547267817,-0.951880171642909,0.052796080705704206,-0.10773760461361112,-1.573087816316542,0.27144561440186393,1,-4.03423703825704,-0.5093560789999432,-0.5636296781624842,0.9677857794312059,0.16063870631409044,0.4412477297162316,1,-1.3355999999999737,0.439200000000327,0.38220000000015686,-0.8799999999999919,-1.3400000000000076,-1.1900000000000244,1,-3.1162649805501506,0.031576703051880796,0.2317712409180493,0.2306006341641885,-1.3572172681540562,-0.5635367721923916,1,3.3279999999994807,1.3639999999997414,-1.3300000000003274,-1.4699999999998603,-0.9600000000000719,0.9500000000000064,1,-2.408465314269874,-0.674873187627868,0.23054456884094848,-0.38094129651517267,-1.3097737923460844,0.3471155180034492,1,1.1469999999998963,-0.25319999999999293,0.5677999999998824,1.3499999999999623,0.13999999999997348,-0.31000000000003247
1771517361.2462518,7.705816268920898,-3.336080000000232,1.5745290335032909,-1.4685230704388237,3.639000000000169,-0.053348779678330516,0.038299411535325234,3.639000000000001,-0.05334877967834473,0.03829941153526306,4.796753883361816,-0.05334877967834473,0.03829941153526306,4.938075950372806,-0.5738276360920678,0.5349091066776624,0,0.0,0.0,0.0,0.0,0.0,0.0,0,0.0,0.0,0.0,0.0,0.0,0.0,1,-1.047000000000273,8.799000000000868,2.0019999999991933,0.28999999999990145,-1.9299999999997652,-0.440000000000218,1,1.137999999999885,-12.350000000002378,1.6950000000002419,0.8399999999999519,1.7999999999993577,-0.2500000000000835,1,-3.352606398246648,-1.07928852395105,0.07595943912801141,-0.22443334467373388,-1.6069110029873002,0.2059605597695154,1,-3.911191329885278,-0.4995429768101691,-0.5154720601399007,1.3806753782728456,0.4557204977816385,0.5438053501970395,1,-1.405999999999973,0.33200000000032637,0.2870000000001549,-0.8799999999999919,-1.3400000000000076,-1.1900000000000244,1,-3.121603132332027,-0.1179868220210759,0.2260363573477183,-0.05070031893923664,-1.526434499931779,-0.22366382707827182,1,3.1809999999994947,1.2679999999997342,-1.2350000000003267,-1.4699999999998603,-0.9600000000000719,0.9500000000000064,1,-2.4045567926029134,-0.8146379416459567,0.2469327858828295,-0.49373041831996556,-1.349839671403117,0.02258285537950467,1,1.2549999999998933,-0.24199999999999344,0.5429999999998798,1.3499999999999623,0.14000000000000123,-0.31000000000003247
1771517361.346705,7.806269407272339,-2.966135000000236,1.567348916581623,-1.462864673807341,3.7319999999998457,-0.08173707127578922,0.06642949581148194,3.732000000000001,-0.08173707127571106,0.0664294958114624,4.803196430206299,-0.08173707127571106,0.0664294958114624,4.935296098092702,-0.5862843890092161,0.5469214197259492,0,0.0,0.0,0.0,0.0,0.0,0.0,0,0.0,0.0,0.0,0.0,0.0,0.0,1,-1.018000000000283,8.606000000000892,1.9579999999991928,0.28999999999990145,-1.9299999999997652,-0.43999999999999595,1,1.2219999999998803,-12.170000000002442,1.6700000000002335,0.8399999999999519,1.7999999999993577,-0.2500000000000835,1,-3.3446246520740712,-1.2321898617218277,0.09425378520656753,0.01610319171614663,-1.3516303176714328,0.23065977099008084,1,-3.796077849086348,-0.512585385301505,-0.4573314042875633,0.5565722013146568,-0.654115318541872,0.21003347409580098,1,-1.4939999999999722,0.19800000000032558,0.1680000000001544,-0.8799999999999919,-1.3400000000000076,-1.1899999999999964,1,-3.115362607541225,-0.2562230196149063,0.2276254383188409,0.47653578796635576,-1.076092513225576,0.17499549270764084,1,3.0339999999995086,1.171999999999727,-1.140000000000326,-1.4699999999998603,-0.9600000000000719,0.9500000000000064,1,-2.399528808754171,-0.953716676745624,0.26012795259336624,-0.22798433188133943,-1.2966382955424514,0.12894768077710775,1,1.3899999999998895,-0.22799999999999332,0.5119999999998766,1.3499999999999623,0.14000000000000123,-0.31000000000003247
1771517361.4472451,7.906809568405151,-2.6628320000002423,1.559922630092854,-1.4566592847547108,3.8249999999999673,-0.09913551807394505,0.08390066027641474,3.825000000000001,-0.09913551807403564,0.08390066027641296,4.804547309875488,-0.09913551807403564,0.08390066027641296,4.932418148364828,-0.5989161861288415,0.5590622609997614,0,0.0,0.0,0.0,0.0,0.0,0.0,0,0.0,0.0,0.0,0.0,0.0,0.0,1,-0.9948000000002888,8.45160000000091,1.9227999999991932,0.29000000000001247,-1.9299999999997652,-0.43999999999999595,1,1.2891999999998764,-12.026000000002494,1.6500000000002268,0.8399999999999519,1.7999999999993577,-0.2500000000000835,1,-3.3258322689577753,-1.3379841494412728,0.11481403866922751,-0.01816175301765185,-1.3457890697093573,0.22519088588644723,1,-3.761437452733251,-0.5730448956153044,-0.4460681329547095,0.5559685689156104,-0.6481797705856465,0.21634170321770102,1,-1.5643999999999716,0.09080000000032531,0.07280000000015466,-0.8799999999999919,-1.339999999999994,-1.1899999999999964,1,-3.0820700346786536,-0.3424335662697232,0.2494196425079735,0.49600493280337765,-1.0593543582068388,0.1872112485083178,1,2.91639999999952,1.0951999999997213,-1.0640000000003256,-1.4699999999998603,-0.9600000000000719,0.9500000000000064,1,-2.381677517286455,-1.055537687749649,0.27980077817591037,-0.2283227400098616,-1.2832403238732213,0.1275402124483154,1,1.4979999999998865,-0.21679999999999322,0.4871999999998763,1.3499999999999623,0.14000000000000123,-0.30999999999997696
1771517361.5455272,8.005091667175293,-2.2747420000002436,1.5491339819643482,-1.4473868154725553,3.9109999999999987,-0.1125985383987338,0.09747609496124632,3.911000000000001,-0.11259853839874268,0.09747609496116638,4.804012775421143,-0.11259853839874268,0.09747609496116638,4.929539643570553,-0.6112973900515194,0.5709241660522943,0,0.0,0.0,0.0,0.0,0.0,0.0,0,0.0,0.0,0.0,0.0,0.0,0.0,1,-0.9658000000002875,8.258600000000934,1.8787999999991936,0.29000000000001247,-1.9299999999997652,-0.43999999999999595,1,1.3731999999998716,-11.846000000002558,1.6250000000002185,0.8399999999999519,1.7999999999993577,-0.2500000000000835,1,-3.3037594533954615,-1.4697683857380983,0.14028233901706857,-0.05906393648097426,-1.337782613824227,0.21833927497955208,1,-3.7191509693403715,-0.6487944310522672,-0.43191112059342346,0.5561280339162235,-0.6407686256549009,0.22415386560775286,1,-1.6523999999999708,-0.04319999999967462,-0.046199999999845184,-0.8799999999999919,-1.340000000000001,-1.1899999999999964,1,-3.042662478088775,-0.4504528759111044,0.27636433133862304,0.5190210334595753,-1.0382073576853474,0.20132594300439027,1,2.769399999999534,0.9991999999997142,-0.9690000000003249,-1.4699999999998603,-0.9600000000000609,0.9500000000000064,1,-2.361037731538113,-1.1816244718251787,0.3042030163074954,-0.22972588540146205,-1.2668651436286271,0.12497796382562856,1,1.6329999999998828,-0.2027999999999931,0.4561999999998786,1.3499999999999623,0.14000000000000123,-0.30999999999997696
1771517361.6458642,8.105428695678711,-1.95694800000025,1.5402909388754409,-1.4396983535131913,4.00200000000006,-0.10954594612111457,0.09544599056243719,4.002000000000001,-0.10954594612121582,0.09544599056243896,4.796606063842773,-0.10954594612121582,0.09544599056243896,4.9264413493010215,-0.6243552115133493,0.5834005500110893,0,0.0,0.0,0.0,0.0,0.0,0.0,0,0.0,0.0,0.0,0.0,0.0,0.0,1,-0.9426000000002865,8.104200000000953,1.8435999999991939,0.29000000000001247,-1.9299999999997652,-0.43999999999999595,1,1.4403999999998678,-11.70200000000261,1.6050000000002118,0.8399999999999519,1.7999999999993577,-0.2500000000000835,1,-3.28747512637887,-1.5749094287245173,0.16043698970344014,-0.0899220906353894,-1.3313253439988177,0.2128419784168766,1,-3.6857398477670227,-0.709612354080224,-0.4204928552159957,0.5569155069988044,-0.6348034179874587,0.23029065979552774,1,-1.7227999999999701,-0.1503999999996745,-0.14139999999984493,-0.8799999999999919,-1.3400000000000076,-1.1899999999999964,1,-3.012445889022018,-0.5370302461892855,0.2976192700354899,0.5360974877263359,-1.0212024689912398,0.21168431961707865,1,2.651799999999545,0.9223999999997173,-0.8930000000003244,-1.4699999999998603,-0.9599999999999611,0.9500000000000064,1,-2.3461599646098485,-1.2814789922600769,0.32353986306745597,-0.23164102429535455,-1.2546526541258647,0.12220261050975037,1,1.7409999999998798,-0.191599999999993,0.43139999999988043,1.3499999999999623,0.14000000000000123,-0.30999999999997696
1771517361.746304,8.205868482589722,-1.5508740000002434,1.5270113641831913,-1.4279247026881638,4.091000000000066,-0.14477291703229866,0.12921950221067569,4.091000000000001,-0.14477291703224182,0.12921950221061707,4.804722785949707,-0.14477291703224182,0.12921950221061707,4.923081123730402,-0.6382225642412462,0.59661059969023,0,0.0,0.0,0.0,0.0,0.0,0.0,0,0.0,0.0,0.0,0.0,0.0,0.0,1,-0.9194000000002855,7.949800000000971,1.8083999999991942,0.29000000000001247,-1.9299999999997652,-0.43999999999999595,1,1.524399999999863,-11.522000000002674,1.5800000000002035,0.8399999999999519,1.7999999999993577,-0.2500000000000835,1,-3.271629067802778,-1.6796901309198076,0.1804502691673882,-0.11984678112149834,-1.324176476408409,0.20737197368808,1,-3.6453798152484254,-0.7858350034275355,-0.4062729865875826,0.558850923090118,-0.6274772217258566,0.23790004579648488,1,-1.7931999999999695,-0.2575999999996751,-0.23659999999984466,-0.8799999999999919,-1.3400000000000047,-1.1899999999999964,1,-2.97733194642413,-0.6454204478122312,0.3237923904447399,0.5567527317116779,-0.9999823675870196,0.22351316314709674,1,2.534199999999556,0.8455999999997205,-0.8170000000003239,-1.4699999999998603,-0.9599999999999611,0.9500000000000064,1,-2.328438059799094,-1.4052827848330678,0.3474960801062939,-0.2348665562504833,-1.2391264331183345,0.11809097630780634,1,1.875999999999876,-0.17759999999999287,0.40039999999988274,1.3499999999999623,0.14000000000000123,-0.30999999999997696
1771517361.846087,8.305651426315308,-1.2185540000002424,1.5158914990041243,-1.4179891176661912,4.18099999999999,-0.13652348518378155,0.12204137444493668,4.181000000000001,-0.13652348518371582,0.12204137444496155,4.794406890869141,-0.13652348518371582,0.12204137444496155,4.919475668489403,-0.6527705735091558,0.6104504283734011,0,0.0,0.0,0.0,0.0,0.0,0.0,0,0.0,0.0,0.0,0.0,0.0,0.0,1,-0.8904000000002843,7.756800000000995,1.7643999999991946,0.29000000000001247,-1.9299999999997652,-0.43999999999999595,1,1.5915999999998591,-11.378000000002725,1.5600000000001968,0.8399999999999519,1.7999999999993577,-0.2500000000000835,1,-3.2528477050827185,-1.8102456377949823,0.20522460291115624,-0.15546091626688513,-1.314938311382818,0.20056043040212015,1,-3.6138152434165423,-0.8470570118418618,-0.3949014575488715,0.5610871981876583,-0.6216899567255229,0.24388745405112897,1,-1.8811999999999687,-0.3915999999996759,-0.35559999999984676,-0.8799999999999919,-1.3400000000000076,-1.1900000000000244,1,-2.9508896092770165,-0.7322426049155337,0.34436245739417465,0.5724336163917954,-0.9831209606010836,0.2320790011379866,1,2.38719999999957,0.7495999999997244,-0.7220000000003233,-1.4699999999998603,-0.9599999999999611,0.9500000000000064,1,-2.315301319484601,-1.503421697554178,0.3664613067015525,-0.23811689374521955,-1.227069170894083,0.11420535703275073,1,1.983999999999873,-0.16639999999999278,0.3755999999998846,1.3499999999999623,0.14000000000000123,-0.30999999999997696
1771517361.946524,8.40608835220337,-0.794626000000241,1.4996140476677435,-1.4032917139372303,4.275000000000028,-0.17886385321608245,0.16225534677505316,4.275000000000001,-0.17886385321617126,0.16225534677505493,4.804201602935791,-0.17886385321617126,0.16225534677505493,4.915238117704672,-0.669465534555594,0.6262987660096633,0,0.0,0.0,0.0,0.0,0.0,0.0,0,0.0,0.0,0.0,0.0,0.0,0.0,1,-0.861400000000283,7.563800000001018,1.720399999999195,0.29000000000001247,-1.9299999999997652,-0.43999999999999595,1,1.6755999999998543,-11.19800000000279,1.5350000000001884,0.8399999999999519,1.7999999999993577,-0.2500000000000835,1,-3.235053128236064,-1.9403579097027823,0.2297304134080509,-0.18915044767849643,-1.3055051471568355,0.19379048831099321,1,-3.575224821422916,-0.9239371890150653,-0.38072188717098093,0.5647176258175305,-0.6145694517576255,0.2512320506314496,1,-1.9691999999999679,-0.5255999999996767,-0.4745999999998492,-0.8799999999999919,-1.3400000000000076,-1.1900000000000244,1,-2.9198307340788157,-0.8408767036540681,0.3695638349022775,0.5910690924867461,-0.96228665525307,0.2416850587867696,1,2.240199999999584,0.6535999999997283,-0.6270000000003226,-1.4699999999998603,-0.9599999999999611,0.9500000000000064,1,-2.300055607686038,-1.6249974300886685,0.3899024185479424,-0.24296508268777656,-1.2124715295183566,0.10862220807123617,1,2.118999999999869,-0.15239999999999265,0.3445999999998869,1.3499999999999623,0.14000000000000123,-0.30999999999997696
1771517362.0466921,8.506256580352783,-0.360821000000239,1.4805225181195816,-1.3859121564468802,4.371999999999987,-0.1974045336246011,0.18000954389574275,4.372000000000002,-0.19740453362464905,0.18000954389572144,4.803071022033691,-0.19740453362464905,0.18000954389572144,4.910596086222669,-0.6872758353544728,0.6431935976923436,0,0.0,0.0,0.0,0.0,0.0,0.0,0,0.0,0.0,0.0,0.0,0.0,0.0,1,-0.8324000000002818,7.370800000001042,1.6763999999991954,0.29000000000001247,-1.9299999999997652,-0.43999999999999595,1,1.7595999999998495,-11.018000000002854,1.51000000000018,0.8399999999999519,1.7999999999993577,-0.2500000000000835,1,-3.2180833781309044,-2.0700565990118407,0.2539709552299104,-0.22099270974140098,-1.296011784113901,0.18707427630028062,1,-3.5375525792660003,-1.0012628695682573,-0.36661371403354887,0.5692496832203543,-0.6075964505512862,0.25840821070096603,1,-2.057199999999967,-0.6595999999996774,-0.5935999999998516,-0.8799999999999919,-1.3400000000000076,-1.1900000000000244,1,-2.890905890629261,-0.9496002171447755,0.39414466828053824,0.608729439433356,-0.941819920246471,0.2500932659721302,1,2.093199999999598,0.5575999999997322,-0.532000000000322,-1.4699999999998603,-0.9599999999999611,0.9500000000000064,1,-2.285979517705021,-1.7453948527780754,0.4130340682739935,-0.24863042173675037,-1.1984109752892504,0.1022531855816375,1,2.2539999999998654,-0.13839999999999253,0.3135999999998892,1.3499999999999623,0.14000000000000123,-0.30999999999997696
1771517362.1456351,8.605199575424194,0.08293399999976075,1.4595381272051495,-1.366720986916728,4.467,-0.21543261408796255,0.19725903868672567,4.467000000000001,-0.21543261408805847,0.19725903868675232,4.801045894622803,-0.21543261408805847,0.19725903868675232,4.905770080802898,-0.7053023889591198,0.6602790731408101,0,0.0,0.0,0.0,0.0,0.0,0.0,0,0.0,0.0,0.0,0.0,0.0,0.0,1,-0.8092000000002808,7.216400000001061,1.6411999999991957,0.29000000000001247,-1.9299999999997652,-0.43999999999999595,1,1.8435999999998447,-10.838000000002918,1.4850000000001717,0.8399999999999519,1.7999999999993577,-0.2500000000000835,1,-3.201779241756904,-2.1993747533858765,0.2779520648857148,-0.25106918923876276,-1.2865771198071194,0.18042293695513667,1,-3.5080448717503105,-1.063483122986523,-0.35540213623848915,0.5735066854810716,-0.6021376693603956,0.2640202514478233,1,-2.1275999999999664,-0.7667999999996781,-0.6887999999998535,-0.8799999999999919,-1.3400000000000076,-1.1900000000000244,1,-2.8692395502208203,-1.036626711809131,0.41332723455305054,0.6222247216858072,-0.9257741290218753,0.2559775527923607,1,1.9755999999996054,0.48079999999973416,-0.4560000000003215,-1.4700000000000824,-0.9600000000000166,0.9500000000000064,1,-2.272931096393296,-1.8646634989972257,0.43584360806761396,-0.25505676327290344,-1.1848883171513902,0.0951200328065331,1,2.3619999999998624,-0.12719999999999243,0.28879999999989103,1.3499999999999623,0.14000000000000123,-0.30999999999997696
1771517362.245645,8.705209493637085,0.44562999999976,1.444940423688662,-1.3534021310946474,4.558999999999981,-0.16996872425090181,0.15481305122366784,4.559000000000001,-0.16996872425079346,0.15481305122375488,4.773656845092773,-0.16996872425079346,0.15481305122375488,4.900600791385803,-0.724099054835809,0.6780799674483342,0,0.0,0.0,0.0,0.0,0.0,0.0,0,0.0,0.0,0.0,0.0,0.0,0.0,1,-0.7802000000002796,7.023400000001084,1.5971999999991962,0.29000000000001247,-1.9299999999997652,-0.43999999999999595,1,1.9107999999998408,-10.69400000000297,1.465000000000165,0.8399999999999519,1.7999999999993577,-0.2500000000000835,1,-3.189112583250936,-2.302572260906103,0.2969535546730309,-0.273840804926053,-1.278959074049617,0.17512554550406356,1,-3.4718968387803337,-1.1417638981366691,-0.3414999020129044,0.5799427544816024,-0.5954848185330107,0.27111154971136375,1,-2.2155999999999656,-0.9007999999996789,-0.807799999999856,-0.8799999999999919,-1.3400000000000076,-1.1900000000000244,1,-2.843914579752057,-1.1454628463025862,0.4366569381625264,0.6384454734113806,-0.9064165221021977,0.26219477202849195,1,1.8285999999995972,0.3847999999997325,-0.36100000000032084,-1.4700000000000824,-0.9600000000000166,0.9500000000000064,1,-2.2631496327661815,-1.9592929771999599,0.45384886224162646,-0.26091888085061365,-1.1741745373932027,0.08880719138192449,1,2.4969999999998587,-0.1131999999999923,0.25779999999989334,1.3499999999999623,0.14000000000000123,-0.30999999999997696
1771517362.3456666,8.805231094360352,0.9074519999997605,1.4220215512635834,-1.3319988259722781,4.653000000000019,-0.26396872425071827,0.24881305122370634,4.653000000000001,-0.26396872425079343,0.24881305122375488,4.806149959564209,-0.2796775698661804,0.25823044776916504,4.714746736842225,-0.7200923766703714,0.6745306237937366,0,0.0,0.0,0.0,0.0,0.0,0.0,0,0.0,0.0,0.0,0.0,0.0,0.0,1,-0.7512000000002783,6.830400000001108,1.5531999999991966,0.29000000000001247,-1.9299999999997652,-0.43999999999999595,1,1.994799999999836,-10.514000000003033,1.4400000000001567,0.8399999999999519,1.7999999999993577,-0.2500000000000835,1,-3.1736017680294832,-2.431262906640086,0.32048655089066297,-0.30072069733141144,-1.2697347016318992,0.16862329059383463,1,-3.4365134360435667,-1.2206733311233802,-0.3277406903353104,0.5870779172368321,-0.5890574604894365,0.2779534667030061,1,-2.303599999999965,-1.0347999999996769,-0.9267999999998584,-0.8799999999999919,-1.3399999999998968,-1.1900000000000244,1,-2.8204514759431727,-1.2543606852073523,0.45921582083793455,0.6539296341593922,-0.8876172870820855,0.2673364061753517,1,1.681599999999589,0.2887999999997309,-0.2660000000003202,-1.4700000000000824,-0.9600000000000166,0.9500000000000064,1,-2.2516500679010467,-2.076642051556562,0.4760408929421838,-0.2687989456964563,-1.1614078722776633,0.08027970906047802,1,2.631999999999855,-0.09919999999999218,0.22679999999989356,1.3499999999999623,0.14000000000000123,-0.31000000000000477
1771517362.447492,8.907056331634521,1.3723932929647034,1.389021678838503,-1.300514520849899,4.647947788238626,-0.35696872425083903,0.3418130512238271,4.647947788238525,-0.3569687242507934,0.3418130512237549,4.647947788238525,-0.3690085709095001,0.34305521845817566,4.501959714285834,-0.7084967877817848,0.6636297648792466,0,0.0,0.0,0.0,0.0,0.0,0.0,0,0.0,0.0,0.0,0.0,0.0,0.0,1,-0.7222000000002771,6.637400000001131,1.509199999999197,0.29000000000001247,-1.9299999999997652,-0.43999999999999595,1,2.078799999999852,-10.334000000003098,1.4150000000001484,0.8400000000001739,1.7999999999993577,-0.2500000000000835,1,-3.1583141239968766,-2.559660799012551,0.34378950144776566,-0.32619992183718977,-1.2609000888839812,0.16221007624180522,1,-3.4018670604925947,-1.3002631567523821,-0.3141746727050172,0.5949010839883039,-0.5828307235259692,0.28450543618509644,1,-2.391599999999964,-1.1687999999996666,-1.0457999999998608,-0.8799999999999919,-1.3399999999998968,-1.1900000000000244,1,-2.798740034342392,-1.3633006499336895,0.4809700948701274,0.6688126412495851,-0.8693598137083409,0.2714516964291243,1,1.5345999999995807,0.1927999999997309,-0.17100000000031956,-1.4700000000000824,-0.9599999999999886,0.9500000000000064,1,-2.240816212734972,-2.1930126845563342,0.49788535088802033,-0.27715615513493946,-1.1492407429889606,0.07107827953536508,1,2.766999999999851,-0.08519999999999206,0.1957999999998931,1.3499999999999623,0.14000000000000123,-0.31000000000000477
1771517362.5473309,9.006895303726196,1.7416797128331694,1.3551061808984337,-1.2686904032480286,4.60322141647329,-0.45096872425087753,0.4203932881354788,4.603221416473389,-0.4509687242507934,0.42039328813552856,4.603221416473389,-0.4522341191768646,0.42039328813552856,4.282817034929391,-0.692131047924246,0.647978506750124,0,0.0,0.0,0.0,0.0,0.0,0.0,0,0.0,0.0,0.0,0.0,0.0,0.0,1,-0.6990000000002761,6.48300000000115,1.4739999999991973,0.29000000000001247,-1.9299999999997652,-0.43999999999999595,1,2.145999999999866,-10.190000000003149,1.3950000000001417,0.8400000000001739,1.7999999999993577,-0.2500000000000835,1,-3.1461486603263014,-2.6621985086578794,0.36227628852061455,-0.34557113011736057,-1.2541268462757842,0.15715439953194965,1,-3.3746548607491507,-1.3644617644204187,-0.3034887629197299,0.6016976697093025,-0.5779969276546131,0.2895791388481922,1,-2.4619999999999633,-1.2759999999996583,-1.1409999999998628,-0.8799999999999919,-1.3399999999998968,-1.1900000000000244,1,-2.7825554101116823,-1.4504786663257385,0.4977713970951818,0.6803403200801255,-0.8552313302982977,0.2740051767270512,1,1.4169999999995742,0.11599999999973168,-0.09500000000031905,-1.4700000000000824,-0.9600000000000024,0.9500000000000064,1,-2.2325358362565453,-2.2854469194776983,0.5151111363706908,-0.2842225211685717,-1.1398722261132561,0.06322922431666696,1,2.874999999999848,-0.07399999999999196,0.1709999999998927,1.3499999999999623,0.14000000000000123,-0.31000000000000477
1771517362.6467464,9.106310844421387,2.196038854480508,1.3140845496594862,-1.2306317425024054,4.514221416473506,-0.39014422893535183,0.36098033189779777,4.514221416473388,-0.3901442289352417,0.3609803318977356,4.398501873016357,-0.3901442289352417,0.3609803318977356,4.075908869287408,-0.6723649608631967,0.6295103233424717,0,0.0,0.0,0.0,0.0,0.0,0.0,0,0.0,0.0,0.0,0.0,0.0,0.0,1,-0.6758000000002751,6.328600000001169,1.4387999999991976,0.29000000000001247,-1.9299999999997652,-0.43999999999999595,1,2.2131999999998797,-10.0460000000032,1.375000000000135,0.8400000000001739,1.7999999999993577,-0.2500000000000835,1,-3.1342041825758704,-2.764743868435469,0.3805048892586352,-0.36379861386727824,-1.247882372469453,0.1522702515720868,1,-3.346704629133812,-1.4287973818095099,-0.29185863484460417,0.6088347932676761,-0.5737118124663917,0.29444361181376744,1,-2.5499999999999625,-1.409999999999648,-1.2599999999998652,-0.8799999999999919,-1.3399999999998968,-1.1900000000000244,1,-2.7642670924348054,-1.5597058635785501,0.5171977441918253,0.6945149597418057,-0.8383122700693211,0.2762450330202165,1,1.269999999999566,0.01999999999973147,-3.1886407576842135e-13,-1.4700000000000824,-0.9599999999999991,0.95,1,-2.2248188093083012,-2.377350509277782,0.5319570566466714,-0.29166952788232997,-1.1310574442614496,0.05494903575790311,1,3.0099999999998444,-0.05999999999999184,0.13999999999989224,1.3499999999999623,0.14000000000000123,-0.31000000000000477
1771517362.7465951,9.206159591674805,2.5518445677983865,1.2852065327703905,-1.2039193393837875,4.428221416473477,-0.3525067865848275,0.32604447007189563,4.428221416473388,-0.3525067865848541,0.3260444700717926,4.198954105377197,-0.3525067865848541,0.3260444700717926,3.877199654969142,-0.6549171821638915,0.613349694149769,0,0.0,0.0,0.0,0.0,0.0,0.0,0,0.0,0.0,0.0,0.0,0.0,0.0,1,-0.6468000000002738,6.135600000001192,1.394799999999198,0.29000000000001247,-1.9299999999997652,-0.43999999999999595,1,2.297199999999897,-9.866000000003265,1.3500000000001267,0.8400000000001739,1.7999999999993577,-0.2500000000000835,1,-3.118793024107841,-2.892590389805396,0.40329812347089533,-0.3857630085445057,-1.2402110194173392,0.14614901190972907,1,-3.3137951113283752,-1.5104372783484061,-0.2789927502528449,0.6186187110887632,-0.5679878800598298,0.3004187905243259,1,-2.620399999999962,-1.5171999999996397,-1.3551999999998672,-0.8799999999999919,-1.3399999999998968,-1.1900000000000244,1,-2.750176833682736,-1.6469488578897882,0.532755110746417,0.7054504171082425,-0.8252682983462932,0.27737702683786947,1,1.1523999999995593,-0.056800000000268594,0.0759999999996812,-1.4700000000000824,-0.9600000000000024,0.9500000000000064,1,-2.215064520327349,-2.4914882845460857,0.5529222210008297,-0.30139375239173594,-1.1200785804323075,0.044000519107333845,1,3.1179999999998413,-0.04879999999999174,0.11519999999989186,1.3499999999999623,0.14000000000000123,-0.31000000000000477
1771517362.8455777,9.305142164230347,2.988301709445737,1.2518001234769827,-1.1729862806450708,4.3332214164735205,-0.3249803781508742,0.3010983765125985,4.333221416473388,-0.32498037815093994,0.30109837651252747,4.006767272949219,-0.32498037815093994,0.30109837651252747,3.668808073394888,-0.6382210171602647,0.5979059416478594,0,0.0,0.0,0.0,0.0,0.0,0.0,0,0.0,0.0,0.0,0.0,0.0,0.0,1,-0.6178000000002726,5.942600000001216,1.3507999999991984,0.29000000000001247,-1.9299999999997652,-0.43999999999999595,1,2.3811999999999145,-9.686000000003329,1.3250000000001183,0.8400000000001739,1.7999999999993577,-0.2500000000000835,1,-3.103090519834986,-3.0202879367930184,0.42592634659329415,-0.4064696909225729,-1.2330571586996868,0.1401719273064386,1,-3.281471553937553,-1.592957433860774,-0.2664560803237718,0.6291617605304138,-0.5624630117430456,0.3062041056671712,1,-2.708399999999961,-1.6511999999996294,-1.4741999999998696,-0.8799999999999919,-1.3399999999998968,-1.1900000000000244,1,-2.733758936822176,-1.7560618321135182,0.5513744885072906,0.7188230603321959,-0.8096987991666186,0.2779324555663423,1,1.005399999999551,-0.15280000000026844,0.17099999999968182,-1.4700000000000824,-0.9599999999999886,0.9500000000000064,1,-2.2055209521601595,-2.6048681274762258,0.573546401175449,-0.31160564744119745,-1.1094625313740047,0.03240710435856731,1,3.2529999999998376,-0.034799999999991615,0.08419999999989139,1.3499999999999623,0.14000000000000123,-0.31000000000000477
1771517362.9471936,9.406758069992065,3.329977422763605,1.2247707621991655,-1.1479014850508564,4.239221416473259,-0.3444319069385582,0.3199082911014006,4.239221416473388,-0.34443190693855286,0.3199082911014557,3.798454523086548,-0.34443190693855286,0.3199082911014557,3.469358859664723,-0.6231633848698525,0.5839575750466398,0,0.0,0.0,0.0,0.0,0.0,0.0,0,0.0,0.0,0.0,0.0,0.0,0.0,1,-0.6004000000002718,5.82680000000123,1.3243999999991987,0.29000000000001247,-1.9299999999997652,-0.43999999999999595,1,2.431599999999925,-9.578000000003367,1.3100000000001133,0.8400000000001739,1.7999999999993577,-0.2500000000000835,1,-3.0934700612174546,-3.0968487045774595,0.4394340813041082,-0.41831648541068744,-1.2290280720455622,0.1366621694948233,1,-3.2623397510753147,-1.6429156215046232,-0.2591056842266169,0.6358478584211673,-0.5592403525862879,0.30958634949550023,1,-2.7611999999999606,-1.7315999999996232,-1.545599999999871,-0.8799999999999919,-1.3399999999998968,-1.1900000000000244,1,-2.724499257996914,-1.8215689572812306,0.5620955937623106,0.7267124055853245,-0.8007614894148105,0.2778194826283637,1,0.9171999999995525,-0.21040000000026776,0.2279999999996822,-1.469999999999971,-0.9599999999999886,0.9500000000000064,1,-2.1998473992594327,-2.6725563595958652,0.5857599922422382,-0.31795510441511127,-1.1032471124863996,0.025148252965722567,1,3.3609999999998346,-0.023599999999991517,0.05939999999989109,1.3499999999999623,0.14000000000000123,-0.3099999999999978
1771517363.0459318,9.505496263504028,3.664823136081484,1.2008523431360776,-1.1256460034500946,4.165221416473574,-0.2817399501799933,0.26237067580225926,4.165221416473388,-0.2817399501800537,0.26237067580223083,3.6142454147338867,-0.2817399501800537,0.26237067580223083,3.3074563494111215,-0.6101465737044821,0.5718713386332691,0,0.0,0.0,0.0,0.0,0.0,0.0,0,0.0,0.0,0.0,0.0,0.0,0.0,1,-0.5714000000002706,5.633800000001253,1.280399999999199,0.29000000000001247,-1.9299999999997652,-0.43999999999999595,1,2.5155999999999423,-9.398000000003432,1.285000000000105,0.8400000000001739,1.7999999999993577,-0.2500000000000835,1,-3.0770065980697328,-3.2243747411875763,0.46184999273954935,-0.43714158353874255,-1.2227723991371628,0.13095314594019752,1,-3.2308587540651788,-1.726961575478583,-0.247163056863259,0.6475860369711205,-0.5540144937767366,0.31507935266615733,1,-2.8491999999999598,-1.865599999999613,-1.6645999999998735,-0.8799999999999919,-1.3399999999998968,-1.1900000000000244,1,-2.709967167991573,-1.9308299247546656,0.5791986542904631,0.7396767672224734,-0.786558500959343,0.27690897478947046,1,0.7701999999995554,-0.30640000000026824,0.3229999999996828,-1.469999999999971,-0.9600000000000166,0.9500000000000064,1,-2.190399727696594,-2.784842976990626,0.6058539358832865,-0.32888924059046687,-1.0931103134809432,0.012556692643171649,1,3.4689999999998316,-0.01239999999999146,0.034599999999891266,1.3499999999999623,0.13999999999999949,-0.3099999999999978
1771517363.1457982,9.6053626537323,4.075300277728833,1.1695170979142202,-1.0963200072597843,4.072221416473454,-0.33037456870088633,0.30989265441894176,4.072221416473388,-0.3303745687007904,0.3098926544189453,3.4476137161254883,-0.3303745687007904,0.3098926544189453,3.117652274961575,-0.5970209748566184,0.5596507926261118,0,0.0,0.0,0.0,0.0,0.0,0.0,0,0.0,0.0,0.0,0.0,0.0,0.0,1,-0.5424000000002693,5.440800000001277,1.2363999999991995,0.29000000000001247,-1.9299999999997652,-0.43999999999999595,1,2.5995999999999597,-9.218000000003496,1.2600000000000966,0.8400000000001739,1.7999999999993577,-0.2500000000000835,1,-3.059885034371142,-3.3518302637225688,0.48416974872210156,-0.45486717309999747,-1.2171122515455768,0.12543760562281775,1,-3.19984400242661,-1.8120332084793411,-0.23563206360273078,0.6600616953662231,-0.5489559974956572,0.3203979673401534,1,-2.937199999999959,-1.9995999999996026,-1.783599999999876,-0.8799999999999919,-1.3399999999998968,-1.1900000000000244,1,-2.6964544002861444,-2.040218437008443,0.5953295953892512,0.7524542319084494,-0.7732408824483333,0.27512183635238363,1,0.6231999999995582,-0.4024000000002699,0.41799999999968346,-1.469999999999971,-0.9600000000000166,0.9500000000000064,1,-2.1808647447912692,-2.896517613276418,0.6256300062411032,-0.34024087372852935,-1.0832057890019613,-0.0006376658688422628,1,3.603999999999828,0.0016000000000085336,0.0035999999998912323,1.3499999999999623,0.13999999999999999,-0.3100000000000004
1771517363.2456238,9.705188274383545,4.475754419376192,1.1297116410441448,-1.0585627418178873,3.9782214164736374,-0.4243745687007028,0.40389265441898026,3.9782214164733882,-0.4243745687007904,0.4038926544189453,3.1422581672668457,-0.567279040813446,0.5322672128677368,2.923663757679086,-0.5816199905544517,0.5452160234129122,0,0.0,0.0,0.0,0.0,0.0,0.0,0,0.0,0.0,0.0,0.0,0.0,0.0,1,-0.5192000000002683,5.286400000001295,1.2011999999991998,0.29000000000001247,-1.9299999999997652,-0.43999999999999595,1,2.6667999999999736,-9.074000000003547,1.24000000000009,0.8400000000001739,1.7999999999993577,-0.2500000000000835,1,-3.041966087979293,-3.479238797888486,0.5064247821297282,-0.47154678868253486,-1.2120669823516166,0.12013782622212407,1,-3.1692479595490877,-1.898184687626325,-0.22454210073853098,0.6732694590117705,-0.5440445549914321,0.3255490914037066,1,-3.0075999999999583,-2.1067999999995943,-1.878799999999878,-0.8799999999999919,-1.3399999999998968,-1.1900000000000244,1,-2.6862947468941973,-2.1278423668634,0.607524727940902,0.7625719170105825,-0.7632374789383302,0.27308070234435916,1,0.5055999999995605,-0.4792000000002712,0.49399999999968397,-1.469999999999971,-0.9600000000000166,0.9500000000000064,1,-2.1711314040989342,-3.007631801453886,0.6451017049148322,-0.351986068839912,-1.0734788075787431,-0.014418377028019022,1,3.7119999999998248,0.012800000000008525,-0.02120000000010878,1.3499999999999623,0.13999999999999949,-0.3100000000000013
1771517363.34569,9.805254459381104,4.788636132694077,1.0903856755480832,-1.020875329464376,3.8822214164735414,-0.5203745687007988,0.4998926544188542,3.882221416473388,-0.5203745687007904,0.49989265441894526,2.923663854598999,-0.5816199779510498,0.5452160239219666,2.73280957987473,-0.5617288500158567,0.5263053197711196,0,0.0,0.0,0.0,0.0,0.0,0.0,0,0.0,0.0,0.0,0.0,0.0,0.0,1,-0.4902000000002671,5.093400000001319,1.1571999999992002,0.29000000000001247,-1.9299999999997652,-0.43999999999999595,1,2.750799999999991,-8.894000000003611,1.2150000000000816,0.8400000000001739,1.7999999999993577,-0.2500000000000835,1,-3.0269636688699504,-3.5811446956940136,0.5242051444665149,-0.4841703518807015,-1.2084831562728688,0.11606963171022404,1,-3.145039871973178,-1.9679189785854618,-0.2160063613443677,0.6843600373224185,-0.5402048734647169,0.3295540915581917,1,-3.0955999999999575,-2.240799999999584,-1.9977999999998803,-0.8799999999999919,-1.3399999999998968,-1.1900000000000244,1,-2.6743032252235652,-2.237543151486463,0.6218726191460273,0.7751215402742258,-0.7515607348572255,0.26978901097961905,1,0.358599999999558,-0.5752000000002685,0.5889999999996846,-1.470000000000027,-0.9599999999999611,0.9500000000000064,1,-2.163128261159973,-3.0961521623217245,0.6604706753110319,-0.3616505203544409,-1.065786846334558,-0.025853758054265857,1,3.846999999999821,0.026800000000008612,-0.05220000000010867,1.3499999999999623,0.14000000000000123,-0.3099999999999978
1771517363.4468594,9.906423807144165,5.1710922743413965,1.0357842541608897,-0.9692484788879815,3.7892214164729765,-0.5617288351058569,0.5263053178786725,3.789221416473388,-0.561728835105896,0.5263053178787231,2.732809543609619,-0.561728835105896,0.5263053178787231,2.5513680338223317,-0.5378910521056683,0.50342860250494,0,0.0,0.0,0.0,0.0,0.0,0.0,0,0.0,0.0,0.0,0.0,0.0,0.0,1,-0.46120000000026584,4.900400000001342,1.1131999999992006,0.29000000000001247,-1.9299999999997652,-0.43999999999999595,1,2.8348000000000084,-8.714000000003676,1.1900000000000732,0.8400000000001739,1.7999999999993577,-0.2500000000000835,1,-3.007260568033793,-3.7085129485348056,0.5464319964973293,-0.4990871020338303,-1.2045771530843994,0.11122094054449225,1,-3.1150736056539623,-2.05614665992342,-0.20577878506337194,0.6988761489774266,-0.5354931773745744,0.3344211738476023,1,-3.1835999999999567,-2.3747999999995737,-2.116799999999861,-0.8799999999999919,-1.3399999999998968,-1.1899999999998023,1,-2.6629805165178477,-2.347469332023185,0.6352185145987532,0.7875940309542024,-0.7408169754161518,0.2657007874077866,1,0.21159999999955606,-0.6712000000002646,0.6839999999996852,-1.469999999999999,-0.9599999999999611,0.9500000000000064,1,-2.1527626972090927,-3.2063765713121963,0.6794370022403731,-0.3740486463578446,-1.0562345898414351,-0.040646704244910056,1,3.9819999999998172,0.04080000000000873,-0.08320000000010891,1.3499999999999623,0.14000000000000123,-0.31000000000000477
1771517363.5483994,10.00796389579773,5.469579987659251,0.9920378375921368,-0.9282878904327804,3.6962214164733,-0.5378910303115436,0.5034285783768189,3.696221416473388,-0.5378910303115845,0.50342857837677,2.551367998123169,-0.5378910303115845,0.50342857837677,2.3746902879563354,-0.5119999337630319,0.4791037527911401,0,0.0,0.0,0.0,0.0,0.0,0.0,0,0.0,0.0,0.0,0.0,0.0,0.0,1,-0.43800000000026484,4.746000000001361,1.077999999999201,0.29000000000001247,-1.9299999999997652,-0.43999999999999595,1,2.918800000000026,-8.53400000000374,1.1650000000000649,0.8400000000001739,1.7999999999993577,-0.2500000000000835,1,-2.990652088880268,-3.810402020671594,0.5642392605686594,-0.5103555683425529,-1.201915067085849,0.1075487503004821,1,-3.085385507095818,-2.1455988417187437,-0.1960646766287414,0.7141155256637794,-0.5308487665504662,0.3391395257168544,1,-3.253999999999956,-2.4819999999995654,-2.211999999999845,-0.8799999999999919,-1.3399999999998968,-1.1899999999998023,1,-2.6521991234486566,-2.4576615565738393,0.6475595433527966,0.8000172609788073,-0.7310187345308095,0.26084326872992586,1,0.09399999999955613,-0.7480000000002615,0.7599999999996857,-1.469999999999999,-0.9599999999999611,0.9500000000000064,1,-2.1441139059442396,-3.29424094853434,0.6944272861406467,-0.3842085116896955,-1.0486053219434914,-0.05286848477143469,1,4.116999999999852,0.054800000000008856,-0.11420000000010938,1.3500000000004064,0.14000000000000123,-0.31000000000000477
1771517363.6464205,10.105984926223755,5.833802129306572,0.93980220207311,-0.8794045226559052,3.6062214164731543,-0.5119999051094171,0.4791037440300405,3.6062214164733883,-0.5119999051094055,0.4791037440299988,2.374690294265747,-0.5119999051094055,0.4791037440299988,2.206070463506802,-0.4874126623110837,0.4560890879623611,0,0.0,0.0,0.0,0.0,0.0,0.0,0,0.0,0.0,0.0,0.0,0.0,0.0,1,-0.4090000000002636,4.553000000001385,1.0339999999992013,0.29000000000001247,-1.9299999999997652,-0.43999999999999595,1,2.9860000000000397,-8.390000000003791,1.1450000000000582,0.8400000000001739,1.7999999999993577,-0.2500000000000835,1,-2.9687185546912436,-3.9377595148974494,0.5865660125222265,-0.5236405516374011,-1.199167740365116,0.10324208989041109,1,-3.0617992947193717,-2.218075023083867,-0.18867757180999445,0.7268264910607385,-0.5271572260727,0.34281090330195674,1,-3.3419999999999552,-2.615999999999555,-2.3309999999998254,-0.8799999999999919,-1.3399999999998968,-1.1899999999998023,1,-2.6438772479199577,-2.5460356598745872,0.6567097403517501,0.8099355077988344,-0.7238682129363572,0.256421337617984,1,-0.05300000000044379,-0.8440000000002575,0.8549999999996863,-1.469999999999999,-0.9599999999999611,0.9500000000000064,1,-2.1327679397012704,-3.403708638661556,0.7129564601177478,-0.39719345655877253,-1.0390326444091569,-0.06861348310531613,1,4.224999999999884,0.06600000000000895,-0.13900000000010976,1.3500000000004064,0.14000000000000123,-0.31000000000000477
1771517363.7460039,10.205568313598633,6.18824927095389,0.8902003824088689,-0.8329901014551541,3.511221416473198,-0.48741266131402394,0.45608907937999543,3.511221416473388,-0.4874126613140106,0.4560890793800354,2.2060704231262207,-0.4874126613140106,0.4560890793800354,2.0380805426407997,-0.4635164692500594,0.4337278486929834,0,0.0,0.0,0.0,0.0,0.0,0.0,0,0.0,0.0,0.0,0.0,0.0,0.0,1,-0.38000000000026235,4.360000000001408,0.9899999999992017,0.29000000000001247,-1.9299999999997652,-0.43999999999999595,1,3.070000000000057,-8.210000000003856,1.1200000000000498,0.8400000000001739,1.7999999999993577,-0.2500000000000835,1,-2.94535374277399,-4.065110150552464,0.6090099798276092,-0.5360661050996921,-1.1970638681714507,0.09928016696209792,1,-3.0324750260160105,-2.3098528716356608,-0.17993975242642835,0.7433629972268838,-0.5225388312014387,0.3472748931066956,1,-3.4299999999999544,-2.749999999999545,-2.4499999999998057,-0.8799999999999919,-1.3399999999998968,-1.1899999999998023,1,-2.63374470050287,-2.6568161188663835,0.6672489881475697,0.8223224645118267,-0.7157980546946398,0.250246214905395,1,-0.2000000000004437,-0.9400000000002536,0.949999999999687,-1.469999999999999,-0.9599999999999611,0.9500000000000064,1,-2.1207287322613784,-3.512803505503631,0.7312782756805115,-0.41047703508993394,-1.0293612414635724,-0.08485852977213351,1,4.359999999999925,0.08000000000000908,-0.17000000000011023,1.3500000000004064,0.14000000000000123,-0.31000000000000477
1771517363.845768,10.30533242225647,6.464270984271771,0.8524738674435703,-0.7976881197080068,3.419221416473661,-0.4635164737701869,0.43372786045070555,3.419221416473388,-0.4635164737701416,0.43372786045074463,2.0380804538726807,-0.4635164737701416,0.43372786045074463,1.8744591729019788,-0.4407391305505721,0.4124142537015455,0,0.0,0.0,0.0,0.0,0.0,0.0,0,0.0,0.0,0.0,0.0,0.0,0.0,1,-0.35680000000026135,4.205600000001427,0.9547999999992021,0.29000000000001247,-1.9299999999997652,-0.43999999999999595,1,3.137200000000071,-8.066000000003907,1.1000000000000432,0.8400000000001739,1.7999999999993577,-0.2500000000000835,1,-2.9255393676357135,-4.166979437683994,0.6270816040431697,-0.5454069376345636,-1.1958409242102614,0.09638130654170884,1,-3.009106191470583,-2.38424956819602,-0.17335632695744485,0.7571091448066837,-0.5188133550428425,0.35074806452030394,1,-3.5003999999999538,-2.8571999999995366,-2.54519999999979,-0.8799999999999919,-1.3399999999998968,-1.1899999999998023,1,-2.6257724913373,-2.7457193308057484,0.6749678695843685,0.8322312172375483,-0.7100414274820348,0.24480432200989743,1,-0.3176000000004449,-1.0168000000002524,1.0259999999996874,-1.470000000000027,-0.9600000000000719,0.9500000000000064,1,-2.110527482992096,-3.599829560937624,0.7458058166462033,-0.42130583649061437,-1.0215102200007258,-0.09819932938835617,1,4.467999999999957,0.09120000000000918,-0.1948000000001106,1.3500000000004064,0.14000000000000123,-0.31000000000000477
1771517363.946289,10.405853509902954,6.800642125919119,0.8075116383407217,-0.7556154637321874,3.328221416473376,-0.4407391250133008,0.4124142527580643,3.328221416473388,-0.44073912501335144,0.4124142527580261,1.874459147453308,-0.44073912501335144,0.4124142527580261,1.71659893661701,-0.4192898809524216,0.39234347034916595,0,0.0,0.0,0.0,0.0,0.0,0.0,0,0.0,0.0,0.0,0.0,0.0,0.0,1,-0.3278000000002601,4.01260000000145,0.9107999999992025,0.29000000000001247,-1.9299999999997652,-0.43999999999999595,1,3.2212000000000884,-7.886000000003914,1.0750000000000348,0.8400000000001739,1.8000000000002458,-0.2500000000000835,1,-2.899253490161908,-4.294287888290801,0.6498591123797273,-0.5563542771642987,-1.1948807426019505,0.09312552139481381,1,-2.979957512462641,-2.4785000116156173,-0.16564636347536227,0.7749357363442921,-0.5140777853377825,0.354968746266785,1,-3.588399999999953,-2.9911999999995262,-2.66419999999977,-0.8799999999999919,-1.3399999999998968,-1.1899999999998023,1,-2.615862876023039,-2.8572360800293706,0.6837381517596554,0.8446228908615441,-0.7037259272395311,0.2373967341000173,1,-0.4646000000004476,-1.1128000000002596,1.120999999999688,-1.470000000000027,-0.9600000000000719,0.9500000000000064,1,-2.096975610107661,-3.7083185562820664,0.7638294016016375,-0.4350776658740285,-1.0114999461874326,-0.11528554045564639,1,4.602999999999998,0.1052000000000093,-0.22580000000011108,1.3500000000004064,0.14000000000000123,-0.31000000000000477
1771517364.0458033,10.505367755889893,7.127003267566437,0.7649606217417794,-0.7157990646347442,3.2372214164730906,-0.4192898869515016,0.3923434615135113,3.2372214164733877,-0.41928988695144653,0.3923434615135193,1.7165989875793457,-0.41928988695144653,0.3923434615135193,1.5631185514592332,-0.39891948587614856,0.37328221402093953,0,0.0,0.0,0.0,0.0,0.0,0.0,0,0.0,0.0,0.0,0.0,0.0,0.0,1,-0.3046000000002591,3.8582000000014363,0.8755999999992028,0.29000000000001247,-1.9300000000002093,-0.43999999999999595,1,3.2884000000001024,-7.742000000003895,1.0550000000000281,0.8400000000001739,1.8000000000002458,-0.2500000000000835,1,-2.876945300680423,-4.396002980162769,0.6683607771331165,-0.5646480556569636,-1.1948342409277504,0.0908113401522076,1,-2.9566434584607304,-2.5549778964895338,-0.16000450417965864,0.7893096654176718,-0.5100852534374039,0.358078988513271,1,-3.6587999999999523,-3.098399999999518,-2.7593999999997543,-0.8799999999999919,-1.3399999999998968,-1.1899999999998023,1,-2.6078504118383448,-2.9469293323291295,0.689900200463212,0.8540771903146238,-0.6991245947773768,0.23105504532141086,1,-0.5822000000004467,-1.1896000000002653,1.1969999999996885,-1.469999999999971,-0.9600000000000719,0.9500000000000064,1,-2.082471820907467,-3.816395376355689,0.7818829902974251,-0.44913068212122165,-1.0016358076141203,-0.13277720794412237,1,4.7110000000000305,0.1164000000000094,-0.2506000000001114,1.3500000000004064,0.14000000000000123,-0.30999999999999917
1771517364.1455708,10.605135202407837,7.380586980884303,0.7325989136371661,-0.6855171394929361,3.144221416473414,-0.39891949296000373,0.37328222393984145,3.1442214164733877,-0.3989194929599762,0.37328222393989563,1.563118577003479,-0.3989194929599762,0.37328222393989563,1.416052757270636,-0.37983216421645916,0.35542157361307625,0,0.0,0.0,0.0,0.0,0.0,0.0,0,0.0,0.0,0.0,0.0,0.0,0.0,1,-0.27560000000025786,3.6652000000014153,0.8315999999992032,0.29000000000001247,-1.9300000000002093,-0.43999999999999595,1,3.3724000000001197,-7.56200000000387,1.0300000000000198,0.8400000000001739,1.8000000000002458,-0.2500000000000835,1,-2.847284393181904,-4.523217451839628,0.6916430277578741,-0.5741838096902464,-1.194987867482447,0.08839195773385562,1,-2.927486656132952,-2.651798007647725,-0.15336957197285184,0.8084083160323885,-0.5050858702623173,0.362053544380647,1,-3.7467999999999515,-3.2323999999995077,-2.8783999999997345,-0.8799999999999919,-1.3399999999998968,-1.1899999999998023,1,-2.5977512435366714,-3.05928736653907,0.696952666142307,0.8664813928087348,-0.6946043721878996,0.22249990168095293,1,-0.7292000000004438,-1.2856000000002725,1.2919999999996892,-1.469999999999971,-0.9600000000000719,0.9500000000000064,1,-2.0700449765048905,-3.902751834846672,0.796146358190343,-0.46050639142980127,-0.9931680949712396,-0.14707512566783942,1,4.846000000000071,0.1304000000000095,-0.2816000000001091,1.3500000000004064,0.14000000000000123,-0.30999999999997696
1771517364.2461414,10.705705881118774,7.6890291225316165,0.6939476397905401,-0.6493498594150028,3.052221416472989,-0.37983217835424465,0.3554215729236754,3.0522214164733876,-0.3798321783542633,0.3554215729236603,1.4160526990890503,-0.3798321783542633,0.3554215729236603,1.2704612418519314,-0.36132489272821156,0.3381037048541051,0,0.0,0.0,0.0,0.0,0.0,0.0,0,0.0,0.0,0.0,0.0,0.0,0.0,1,-0.24660000000025661,3.4722000000013944,0.7875999999992036,0.29000000000001247,-1.9300000000002093,-0.43999999999999595,1,3.456400000000137,-7.3820000000038455,1.0050000000000114,0.8400000000001739,1.8000000000002458,-0.2500000000000835,1,-2.815570268926764,-4.650304111278709,0.7152862539283397,-0.5829185616460022,-1.1955624165801566,0.08647308393394557,1,-2.8982140165344816,-2.7501262804677915,-0.1473242198685665,0.8283878228102202,-0.49988394138183756,0.36596018887934406,1,-3.8347999999999507,-3.3663999999994973,-2.9973999999997147,-0.8799999999999919,-1.3399999999998968,-1.1899999999998023,1,-2.5873369133865114,-3.172214199330628,0.703098185166102,0.8791199500124813,-0.6911448828547864,0.21335279883054717,1,-0.876200000000441,-1.3816000000002797,1.3869999999996898,-1.469999999999971,-0.9600000000000719,0.9500000000000064,1,-2.053455598063894,-4.0104212322711055,0.813932598961442,-0.47488965646918385,-0.9819687974399978,-0.16524773430321343,1,4.981000000000112,0.14440000000000963,-0.3126000000001068,1.3500000000004064,0.14000000000000123,-0.30999999999997696
1771517364.3462646,10.805829048156738,7.928110835849489,0.6645974727544822,-0.6218859338149528,2.9612214164735917,-0.3613249063492141,0.33810371160503117,2.9612214164733874,-0.36132490634918213,0.338103711605072,1.2704612016677856,-0.36132490634918213,0.338103711605072,1.132230418418207,-0.34407986044114247,0.32196695581855905,0,0.0,0.0,0.0,0.0,0.0,0.0,0,0.0,0.0,0.0,0.0,0.0,0.0,1,-0.22340000000025562,3.3178000000013776,0.7523999999992039,0.29000000000001247,-1.9300000000002093,-0.43999999999999595,1,3.523600000000151,-7.238000000003826,0.9850000000000114,0.8400000000001739,1.8000000000002458,-0.24999999999997247,1,-2.787232833638883,-4.751170461232985,0.7347386810782568,-0.5898476647171713,-1.1960412747659337,0.08524304316430717,1,-2.8748832961292554,-2.829930684553788,-0.14297374396626578,0.8446430918331804,-0.4954500380046552,0.3689218130334667,1,-3.90519999999995,-3.473599999999489,-3.092599999999699,-0.8799999999999919,-1.3399999999998968,-1.1899999999998023,1,-2.5790576518489967,-3.2631395316057072,0.7073193522602804,0.889139698205074,-0.6887893783757069,0.20553549369856103,1,-0.9938000000004387,-1.4584000000002855,1.4629999999996903,-1.469999999999971,-0.9600000000000719,0.9500000000000064,1,-2.0401733408124003,-4.096801297396728,0.8280259148239699,-0.485961467932657,-0.9727725124466617,-0.17996200084991665,1,5.089000000000144,0.15560000000000973,-0.33740000000010495,1.3500000000004064,0.14000000000000123,-0.30999999999997696
1771517364.4468684,10.906432867050171,8.218466977496869,0.629534175482754,-0.589076042114207,2.868221416473915,-0.34407985210416214,0.32196694612507404,2.8682214164733875,-0.344079852104187,0.3219669461250305,1.1322304010391235,-0.344079852104187,0.3219669461250305,0.9930487215363879,-0.32706728550958775,0.30604772463366947,0,0.0,0.0,0.0,0.0,0.0,0.0,0,0.0,0.0,0.0,0.0,0.0,0.0,1,-0.19440000000025437,3.1248000000013567,0.7083999999992043,0.29000000000001247,-1.9300000000002093,-0.43999999999999595,1,3.6076000000001684,-7.058000000003801,0.9600000000000142,0.8400000000001739,1.8000000000002458,-0.24999999999997247,1,-2.751575851989978,-4.877890443887186,0.7591694147330186,-0.5972799779496046,-1.1977624779087719,0.0843497989721816,1,-2.8452269440480156,-2.93105188287484,-0.13797769080118258,0.8657348809770464,-0.4896189329173117,0.3725204297961865,1,-3.9931999999999492,-3.607599999999479,-3.211599999999679,-0.8799999999999919,-1.3399999999998968,-1.1899999999998023,1,-2.5677362829831476,-3.377195765770531,0.7119253927844333,0.9015988031688643,-0.6870466606711365,0.19537199348152937,1,-1.1408000000004463,-1.5544000000002927,1.557999999999691,-1.4700000000000824,-0.9600000000000719,0.9500000000000064,1,-2.0212379663161157,-4.203874354942189,0.8458215327497721,-0.5006747230866289,-0.9608665673621509,-0.19875520810396324,1,5.224000000000185,0.16960000000000985,-0.36840000000010265,1.3500000000004064,0.14000000000000123,-0.30999999999997696
1771517364.546662,11.006226539611816,8.443172690814789,0.6029264658961343,-0.5641783236846384,2.780221416474049,-0.3270672857761392,0.30604773759845827,2.7802214164733874,-0.3270672857761383,0.3060477375984192,0.9930487275123596,-0.3270672857761383,0.3060477375984192,0.8663866292115374,-0.31184240899849164,0.2918013020150404,0,0.0,0.0,0.0,0.0,0.0,0.0,0,0.0,0.0,0.0,0.0,0.0,0.0,1,-0.17120000000025337,2.97040000000134,0.6731999999992047,0.29000000000001247,-1.9300000000002093,-0.43999999999999595,1,3.6748000000001824,-6.914000000003782,0.9400000000000164,0.8400000000001739,1.8000000000002458,-0.24999999999997247,1,-2.721305547558414,-4.979059338545642,0.7790978196349059,-0.6027036051829381,-1.1995456652233991,0.08408244927224498,1,-2.821269935171187,-3.0130933466500385,-0.13438975344361853,0.8830640049950803,-0.4846474019467751,0.37527485743099187,1,-4.063599999999981,-3.7147999999994705,-3.3067999999996633,-0.880000000000436,-1.3399999999998968,-1.1899999999998023,1,-2.558173856838087,-3.468932328036583,0.7150403198360389,0.911512044753113,-0.6863564787408081,0.18686508949412847,1,-1.258400000000453,-1.6312000000002984,1.6339999999996915,-1.4700000000000824,-0.9600000000000719,0.9500000000000064,1,-2.005046500313198,-4.289298265340632,0.8601094698855217,-0.5125467708157376,-0.9509653329305886,-0.21399222194234038,1,5.3320000000002175,0.18080000000000995,-0.3932000000001008,1.3500000000004064,0.14000000000000123,-0.30999999999997696
1771517364.647256,11.106820344924927,8.661588404132685,0.5765824525032103,-0.539184403954449,2.6932214164734347,-0.33095055818554986,0.3171368837356914,2.693221416473387,-0.3309505581855774,0.31713688373565674,0.9264107942581177,-0.3309505581855774,0.31713688373565674,0.7440540084838796,-0.2974110546914987,0.27829207855814503,0,0.0,0.0,0.0,0.0,0.0,0.0,0,0.0,0.0,0.0,0.0,0.0,0.0,1,-0.14800000000025237,2.8160000000013232,0.637999999999205,0.29000000000001247,-1.9300000000002093,-0.43999999999999595,1,3.7420000000001963,-6.770000000003762,0.9200000000000186,0.8400000000001739,1.8000000000002458,-0.24999999999997247,1,-2.6894119805447274,-5.080000410563453,0.7994041233260762,-0.6076623548840951,-1.201661727657806,0.08423422386642707,1,-2.797060991134425,-3.096164830638059,-0.13115532068093957,0.9008002860699893,-0.4793674427295893,0.37791634680964903,1,-4.134000000000015,-3.8219999999994623,-3.4019999999996475,-0.880000000000436,-1.3399999999998968,-1.1899999999998023,1,-2.548081668721411,-3.5611262606583964,0.7176789676484029,0.9213825591348088,-0.6862967432725084,0.17804119201689703,1,-1.3760000000004595,-1.7080000000003042,1.709999999999692,-1.4700000000000824,-0.9600000000000719,0.9500000000000064,1,-1.9878717700010793,-4.374502423083878,0.8744706793195225,-0.5244921136798879,-0.9406773588437749,-0.22938158103792058,1,5.44000000000025,0.19200000000001005,-0.41800000000009896,1.3500000000004064,0.14000000000000123,-0.30999999999997696
1771517364.7464259,11.205990314483643,8.925777545779992,0.5427610909614662,-0.5061414514765133,2.6062214164728204,-0.3432608246802804,0.33966678380970006,2.606221416473387,-0.34326082468032837,0.33966678380966187,0.8783513903617859,-0.34326082468032837,0.33966678380966187,0.6280987342085371,-0.2832398756266678,0.2647516916465218,0,0.0,0.0,0.0,0.0,0.0,0.0,0,0.0,0.0,0.0,0.0,0.0,0.0,1,-0.11900000000025142,2.6230000000013023,0.5939999999992054,0.28999999999999865,-1.9300000000002093,-0.43999999999999595,1,3.8260000000002137,-6.590000000003737,0.8950000000000213,0.8400000000001739,1.8000000000002458,-0.24999999999997247,1,-2.647143003781755,-5.205663623915694,0.8254947027106311,-0.6133574534646488,-1.2049360543828094,0.08501262580942034,1,-2.7664227666222034,-3.201505276844628,-0.12773992724615274,0.9230579041927449,-0.47226544501055195,0.38086551302493826,1,-4.222000000000059,-3.955999999999452,-3.5209999999996278,-0.880000000000436,-1.3399999999998968,-1.1899999999998023,1,-2.5346370793182667,-3.677202709679848,0.7201313855397716,0.9331920983554042,-0.6868508789694479,0.1666494369744777,1,-1.5230000000004678,-1.8040000000003114,1.8049999999996926,-1.4700000000000824,-0.9600000000000719,0.9500000000000064,1,-1.964917183733336,-4.480567781440126,0.8927734124007654,-0.539546242268154,-0.9275896113450026,-0.2487271094268621,1,5.575000000000291,0.20600000000001017,-0.44900000000009666,1.3500000000004064,0.14000000000000123,-0.30999999999997696
1771517364.8463593,11.305923700332642,9.129859259097882,0.5154430014762992,-0.4786877228006705,2.5142214164741716,-0.34028631448745905,0.3455081582069419,2.514221416473387,-0.3402863144874573,0.3455081582069397,0.8282307386398315,-0.3402863144874573,0.3455081582069397,0.5084795915288023,-0.26760586621332716,0.2493320545665912,0,0.0,0.0,0.0,0.0,0.0,0.0,0,0.0,0.0,0.0,0.0,0.0,0.0,1,-0.09580000000025153,2.4686000000012855,0.5587999999992057,0.28999999999999865,-1.9300000000002093,-0.43999999999999595,1,3.8932000000002276,-6.446000000003718,0.8750000000000235,0.8400000000001739,1.8000000000002458,-0.24999999999997247,1,-2.611358734549977,-5.305927973871861,0.8467740037589517,-0.6172072714387694,-1.2075625463314734,0.08616934092240974,1,-2.7414987266063773,-3.2869051943088214,-0.12526846600914476,0.9418643416381116,-0.4661805293876096,0.38329670720786424,1,-4.292400000000094,-4.063199999999444,-3.616199999999612,-0.880000000000436,-1.3399999999998968,-1.1899999999998023,1,-2.5230930942646586,-3.7704606190328342,0.7218032303228791,0.9431711649832307,-0.6882717057202346,0.15717723572543776,1,-1.6406000000004743,-1.880800000000317,1.8809999999996931,-1.4700000000000824,-0.9600000000000719,0.9500000000000064,1,-1.945340979823736,-4.565232696773299,0.9073940943702922,-0.5515567337843306,-0.9160629239078458,-0.2643145270163788,1,5.683000000000323,0.21720000000001027,-0.4738000000000948,1.3500000000004064,0.14000000000000123,-0.30999999999997696
