timestamp,time_elapsed,pos_x,pos_y,pos_z,vel_x,vel_y,vel_z,cmd_vel_x,cmd_vel_y,cmd_vel_z,cmd_vel_unfiltered_x,cmd_vel_unfiltered_y,cmd_vel_unfiltered_z,des_vel_x,des_vel_y,des_vel_z,obs_main_valid,obs_main_x,obs_main_y,obs_main_z,obs_main_vx,obs_main_vy,obs_main_vz,obs_0_valid,obs_0_x,obs_0_y,obs_0_z,obs_0_vx,obs_0_vy,obs_0_vz,obs_1_valid,obs_1_x,obs_1_y,obs_1_z,obs_1_vx,obs_1_vy,obs_1_vz,obs_2_valid,obs_2_x,obs_2_y,obs_2_z,obs_2_vx,obs_2_vy,obs_2_vz,obs_3_valid,obs_3_x,obs_3_y,obs_3_z,obs_3_vx,obs_3_vy,obs_3_vz,obs_4_valid,obs_4_x,obs_4_y,obs_4_z,obs_4_vx,obs_4_vy,obs_4_vz,obs_5_valid,obs_5_x,obs_5_y,obs_5_z,obs_5_vx,obs_5_vy,obs_5_vz,obs_6_valid,obs_6_x,obs_6_y,obs_6_z,obs_6_vx,obs_6_vy,obs_6_vz,obs_7_valid,obs_7_x,obs_7_y,obs_7_z,obs_7_vx,obs_7_vy,obs_7_vz,obs_8_valid,obs_8_x,obs_8_y,obs_8_z,obs_8_vx,obs_8_vy,obs_8_vz,obs_9_valid,obs_9_x,obs_9_y,obs_9_z,obs_9_vx,obs_9_vy,obs_9_vz
1771517207.854712,3.803154230117798,-10.0,0.0,0.0,0.0,0.0,0.0,0.0,0.0,0.0,0.0,0.0,0.0,5.0,0.0,0.0,0,0.0,0.0,0.0,0.0,0.0,0.0,0,0.0,0.0,0.0,0.0,0.0,0.0,1,-0.771199999999999,-4.35959999999999,4.043199999999995,-1.0299999999999756,1.260000000000261,-1.1700000000001154,1,-4.352800000000012,10.021999999999968,-0.6151999999999996,0.4299999999997084,-1.9500000000007844,0.12000000000000899,1,-3.9712000000000023,-6.610800000000014,0.32600000000000046,-0.280000000000058,1.9799999999996487,-0.09999999999998899,1,7.93720000000001,11.349999999999998,-1.1539999999999961,-1.3199999999997658,-1.5000000000000568,0.1500000000000945,1,-9.449200000000005,6.488000000000015,4.136800000000013,1.2699999999998823,-1.2999999999996348,-0.8299999999996643,1,8.6224,5.849999999999986,2.3935999999999993,-1.6899999999999693,-1.000000000000334,-0.41000000000002146,1,7.23840000000001,0.5360000000000005,-4.824399999999998,-1.7899999999997362,-0.09999999999998899,0.8900000000000574,1,0.02680000000000001,-12.979199999999981,1.0939999999999963,0.9200000000000006,1.7700000000004934,-0.1500000000000945,1,0.8927999999999995,-12.586400000000015,-4.861600000000009,0.31999999999998696,1.8399999999996197,0.7099999999997664
1771517207.9545457,3.9029879570007324,-10.0,0.0,0.0,0.0,0.0,0.0,0.0,0.0,0.0,0.0,0.0,0.0,5.0,0.0,0.0,0,0.0,0.0,0.0,0.0,0.0,0.0,0,0.0,0.0,0.0,0.0,0.0,0.0,1,-0.8741999999999965,-4.233599999999964,3.9261999999999837,-1.0299999999999756,1.260000000000261,-1.1700000000001154,1,-4.309800000000041,9.82699999999989,-0.6031999999999987,0.4299999999997084,-1.9500000000007844,0.12000000000000899,1,-3.999200000000008,-6.41280000000005,0.31600000000000156,-0.280000000000058,1.9799999999996487,-0.09999999999998899,1,7.805200000000033,11.199999999999992,-1.1389999999999867,-1.3199999999997658,-1.5000000000000568,0.1500000000000945,1,-9.322200000000016,6.358000000000051,4.053800000000047,1.2699999999998823,-1.2999999999996348,-0.8299999999996643,1,8.453400000000004,5.749999999999953,2.352599999999997,-1.6899999999999693,-1.000000000000334,-0.41000000000002146,1,7.0594000000000365,0.5260000000000016,-4.735399999999992,-1.7899999999997362,-0.09999999999998899,0.8900000000000574,1,0.11880000000000017,-12.802199999999932,1.0789999999999869,0.9200000000000041,1.7700000000004934,-0.1500000000000945,1,0.9247999999999982,-12.402400000000053,-4.790600000000032,0.31999999999998696,1.8399999999996197,0.7099999999997664
1771517208.0545392,4.002981424331665,-10.0,0.0,0.0,0.0,0.0,0.0,0.0,0.0,0.0,0.0,0.0,0.0,5.0,0.0,0.0,0,0.0,0.0,0.0,0.0,0.0,0.0,0,0.0,0.0,0.0,0.0,0.0,0.0,1,-0.9771999999999941,-4.1075999999999375,3.809199999999972,-1.0299999999999756,1.260000000000261,-1.1700000000001154,1,-4.26680000000007,9.631999999999811,-0.5911999999999978,0.4299999999997084,-1.9500000000007844,0.12000000000000899,1,-4.027200000000014,-6.214800000000085,0.30600000000000266,-0.280000000000058,1.9799999999996487,-0.09999999999998899,1,7.673200000000056,11.049999999999986,-1.1239999999999772,-1.3199999999997658,-1.5000000000000568,0.1500000000000945,1,-9.195200000000028,6.228000000000088,3.9708000000000645,1.2699999999998823,-1.2999999999996348,-0.8300000000001084,1,8.284400000000007,5.6499999999999195,2.311599999999995,-1.6899999999999693,-1.000000000000334,-0.41000000000002146,1,6.880400000000063,0.5160000000000027,-4.6463999999999865,-1.7899999999997362,-0.09999999999998899,0.8900000000000574,1,0.21080000000000057,-12.625199999999882,1.0639999999999774,0.9200000000000041,1.7700000000004934,-0.1500000000000945,1,0.9567999999999969,-12.218400000000091,-4.719600000000056,0.31999999999998696,1.8399999999996197,0.7099999999997664
1771517208.1545556,4.102997779846191,-10.0,0.0,0.0,0.0,0.0,0.0,0.0,0.0,0.0,0.0,0.0,0.0,5.0,0.0,0.0,0,0.0,0.0,0.0,0.0,0.0,0.0,0,0.0,0.0,0.0,0.0,0.0,0.0,1,-1.0802000000000003,-3.981599999999918,3.6921999999999606,-1.0300000000000864,1.2599999999998168,-1.1700000000001154,1,-4.223800000000099,9.436999999999733,-0.5791999999999969,0.4299999999997084,-1.9500000000007844,0.12000000000000899,1,-4.05520000000002,-6.01680000000012,0.29600000000000376,-0.280000000000058,1.9799999999996487,-0.09999999999998899,1,7.54120000000008,10.89999999999998,-1.1089999999999678,-1.3199999999997658,-1.5000000000000568,0.1500000000000945,1,-9.06820000000004,6.098000000000124,3.8878000000000537,1.2699999999998823,-1.2999999999996348,-0.8300000000001084,1,8.11540000000001,5.549999999999886,2.270599999999993,-1.6899999999999693,-1.000000000000334,-0.41000000000002146,1,6.701400000000089,0.5060000000000038,-4.557399999999981,-1.7899999999997362,-0.09999999999998899,0.8900000000000574,1,0.3027999999999994,-12.448199999999833,1.048999999999968,0.9199999999999766,1.7700000000004934,-0.1500000000000945,1,0.9887999999999956,-12.03440000000013,-4.648600000000079,0.31999999999998696,1.8399999999996197,0.7099999999997664
1771517208.2545228,4.202965021133423,-10.0,0.0,0.0,0.0,0.0,0.0,0.0,0.0,0.0,0.0,0.0,0.0,5.0,0.0,0.0,0,0.0,0.0,0.0,0.0,0.0,0.0,0,0.0,0.0,0.0,0.0,0.0,0.0,1,-1.183200000000009,-3.8555999999999364,3.575199999999949,-1.0300000000000864,1.2599999999998168,-1.1700000000001154,1,-4.180800000000128,9.241999999999654,-0.567199999999996,0.4299999999997084,-1.9500000000007844,0.12000000000000899,1,-4.0832000000000255,-5.818800000000155,0.28600000000000486,-0.280000000000058,1.9799999999996487,-0.09999999999998899,1,7.409200000000103,10.749999999999975,-1.0939999999999583,-1.3199999999997658,-1.5000000000000568,0.1500000000000945,1,-8.941200000000052,5.968000000000161,3.804800000000043,1.2699999999998823,-1.2999999999996348,-0.8300000000001084,1,7.946400000000013,5.449999999999853,2.2295999999999907,-1.6899999999999693,-1.000000000000334,-0.41000000000002146,1,6.522400000000116,0.4960000000000049,-4.468399999999975,-1.7899999999997362,-0.09999999999998899,0.8900000000000574,1,0.39479999999999704,-12.271199999999784,1.0339999999999585,0.9199999999999766,1.7700000000004934,-0.1500000000000945,1,1.0208000000000015,-11.850400000000167,-4.5776000000001025,0.320000000000098,1.8399999999996197,0.7099999999997664
1771517208.3545218,4.302963972091675,-10.0,0.0,0.0,0.0,0.0,0.0,0.0,0.0,0.0,0.0,0.0,0.0,5.0,0.0,0.0,0,0.0,0.0,0.0,0.0,0.0,0.0,0,0.0,0.0,0.0,0.0,0.0,0.0,1,-1.2862000000000176,-3.7295999999999547,3.4581999999999375,-1.0300000000000864,1.2599999999998168,-1.1700000000001154,1,-4.137800000000158,9.046999999999576,-0.5551999999999951,0.4299999999997084,-1.9500000000007844,0.12000000000000899,1,-4.111200000000031,-5.62080000000019,0.27600000000000596,-0.280000000000058,1.9799999999996487,-0.09999999999998899,1,7.277200000000127,10.59999999999997,-1.0789999999999489,-1.3199999999997658,-1.5000000000000568,0.1500000000000945,1,-8.814200000000064,5.838000000000197,3.721800000000032,1.2699999999998823,-1.2999999999996348,-0.8300000000001084,1,7.777400000000016,5.349999999999819,2.1885999999999886,-1.6899999999999693,-1.000000000000334,-0.41000000000002146,1,6.343400000000142,0.486000000000006,-4.379399999999969,-1.7899999999997362,-0.09999999999998899,0.8900000000000574,1,0.4867999999999947,-12.094199999999734,1.018999999999949,0.9199999999999766,1.7700000000004934,-0.1500000000000945,1,1.0528000000000113,-11.666400000000205,-4.506600000000126,0.320000000000098,1.8399999999996197,0.7099999999997664
1771517208.4545295,4.4029717445373535,-10.0,0.0,0.0,0.0,0.0,0.0,0.0,0.0,0.0,0.0,0.0,0.0,5.0,0.0,0.0,0,0.0,0.0,0.0,0.0,0.0,0.0,0,0.0,0.0,0.0,0.0,0.0,0.0,1,-1.3892000000000262,-3.603599999999973,3.341199999999926,-1.0300000000000864,1.2599999999998168,-1.1700000000001154,1,-4.094800000000187,8.851999999999498,-0.5431999999999942,0.4299999999997084,-1.9500000000007844,0.12000000000000899,1,-4.139200000000037,-5.422800000000225,0.26600000000000706,-0.280000000000058,1.9799999999996487,-0.09999999999998899,1,7.14520000000015,10.449999999999964,-1.0639999999999394,-1.3199999999997658,-1.5000000000000568,0.1500000000000945,1,-8.687200000000075,5.708000000000234,3.638800000000021,1.2699999999998823,-1.2999999999996348,-0.8300000000001084,1,7.608400000000019,5.249999999999786,2.1475999999999864,-1.6899999999999693,-1.000000000000334,-0.41000000000002146,1,6.164400000000168,0.4760000000000071,-4.290399999999964,-1.7899999999997362,-0.09999999999998899,0.8900000000000574,1,0.5787999999999971,-11.917199999999685,1.0039999999999396,0.9200000000000319,1.7700000000004934,-0.1500000000000945,1,1.084800000000021,-11.482400000000244,-4.435600000000149,0.320000000000098,1.8399999999996197,0.7099999999997664
1771517208.554823,4.503265142440796,-10.0,0.0,0.0,0.0,0.0,0.0,0.0,0.0,0.0,0.0,0.0,0.0,5.0,0.0,0.0,0,0.0,0.0,0.0,0.0,0.0,0.0,0,0.0,0.0,0.0,0.0,0.0,0.0,1,-1.471600000000033,-3.5027999999999877,3.2475999999999168,-1.0300000000000864,1.2599999999998168,-1.1700000000001154,1,-4.06040000000021,8.695999999999435,-0.5335999999999935,0.4299999999997084,-1.9500000000007844,0.12000000000000899,1,-4.161600000000042,-5.264400000000253,0.25800000000000795,-0.280000000000058,1.9799999999996487,-0.09999999999998899,1,7.039600000000169,10.32999999999996,-1.0519999999999319,-1.3199999999997658,-1.5000000000000568,0.1500000000000945,1,-8.585600000000085,5.604000000000263,3.5724000000000125,1.2699999999998823,-1.2999999999996348,-0.8300000000001084,1,7.473200000000022,5.169999999999759,2.1147999999999847,-1.6899999999999693,-1.000000000000334,-0.41000000000002146,1,6.0212000000001895,0.46800000000000797,-4.219199999999959,-1.7899999999997362,-0.09999999999998899,0.8900000000000574,1,0.6523999999999996,-11.775599999999645,0.991999999999938,0.9200000000000319,1.7700000000004934,-0.14999999999998348,1,1.110400000000029,-11.335200000000274,-4.378800000000168,0.320000000000098,1.8399999999996197,0.7099999999997664
1771517208.6555161,4.603958368301392,-10.0,0.0,0.0,0.0,0.0,0.0,0.0,0.0,0.0,0.0,0.0,0.0,5.0,0.0,0.0,0,0.0,0.0,0.0,0.0,0.0,0.0,0,0.0,0.0,0.0,0.0,0.0,0.0,1,-1.5746000000000417,-3.376800000000006,3.1305999999999052,-1.0300000000000864,1.2599999999998168,-1.1700000000001154,1,-4.017400000000239,8.500999999999356,-0.5215999999999926,0.4299999999997084,-1.9500000000007844,0.12000000000000899,1,-4.1896000000000475,-5.0664000000002885,0.24800000000000905,-0.280000000000058,1.9799999999996487,-0.09999999999998899,1,6.907600000000192,10.179999999999954,-1.0369999999999224,-1.3199999999997658,-1.5000000000000568,0.1500000000000945,1,-8.458600000000096,5.4740000000002995,3.4894000000000016,1.2699999999998823,-1.2999999999996348,-0.8300000000001084,1,7.304200000000025,5.069999999999726,2.0737999999999825,-1.6899999999999693,-1.000000000000334,-0.41000000000002146,1,5.842200000000216,0.45800000000000907,-4.130199999999953,-1.7899999999997362,-0.09999999999998899,0.8900000000000574,1,0.7444000000000028,-11.598599999999596,0.9769999999999397,0.9200000000000319,1.7700000000004934,-0.14999999999998348,1,1.1424000000000387,-11.151200000000312,-4.307800000000191,0.320000000000098,1.8399999999996197,0.7099999999997664
1771517208.7553465,4.703788757324219,-10.0,0.0,0.0,0.0,0.0,0.0,0.0,0.0,0.0,0.0,0.0,0.0,5.0,0.0,0.0,0,0.0,0.0,0.0,0.0,0.0,0.0,0,0.0,0.0,0.0,0.0,0.0,0.0,1,-1.6776000000000504,-3.2508000000000243,3.0135999999998937,-1.0300000000000864,1.2599999999998168,-1.1700000000001154,1,-3.9744000000002417,8.305999999999278,-0.5095999999999917,0.4300000000001525,-1.9500000000007844,0.12000000000000899,1,-4.217600000000053,-4.868400000000324,0.23800000000001015,-0.280000000000058,1.9799999999996487,-0.09999999999998899,1,6.775600000000216,10.029999999999948,-1.021999999999913,-1.3199999999997658,-1.5000000000000568,0.1500000000000945,1,-8.331600000000108,5.344000000000336,3.4063999999999908,1.2699999999998823,-1.2999999999996348,-0.8300000000001084,1,7.135200000000028,4.969999999999692,2.0327999999999804,-1.6899999999999693,-1.000000000000334,-0.41000000000002146,1,5.663200000000242,0.44800000000001017,-4.0411999999999475,-1.7899999999997362,-0.09999999999998899,0.8900000000000574,1,0.836400000000006,-11.421599999999547,0.9619999999999413,0.9200000000000319,1.7700000000004934,-0.14999999999998348,1,1.1744000000000485,-10.96720000000035,-4.236800000000215,0.320000000000098,1.8399999999996197,0.7099999999997664
1771517208.8556502,4.8040924072265625,-10.0,0.0,0.0,0.0,0.0,0.0,0.0,0.0,0.0,0.0,0.0,0.0,5.0,0.0,0.0,0,0.0,0.0,0.0,0.0,0.0,0.0,0,0.0,0.0,0.0,0.0,0.0,0.0,1,-1.780600000000059,-3.1248000000000427,2.896599999999882,-1.0300000000000864,1.2599999999998168,-1.1700000000001154,1,-3.9314000000002265,8.1109999999992,-0.4975999999999908,0.4300000000001525,-1.9500000000007844,0.12000000000000899,1,-4.245600000000059,-4.670400000000359,0.22800000000001125,-0.280000000000058,1.9799999999996487,-0.09999999999998899,1,6.643600000000239,9.879999999999942,-1.0069999999999035,-1.3199999999997658,-1.5000000000000568,0.1500000000000945,1,-8.20460000000012,5.214000000000373,3.32339999999998,1.2699999999998823,-1.2999999999996348,-0.8300000000001084,1,6.966200000000031,4.869999999999659,1.9917999999999783,-1.6899999999999693,-1.000000000000334,-0.41000000000002146,1,5.484200000000269,0.43800000000001127,-3.9521999999999418,-1.7899999999997362,-0.09999999999998899,0.8900000000000574,1,0.9284000000000092,-11.244599999999497,0.946999999999943,0.9200000000000319,1.7700000000004934,-0.14999999999998348,1,1.2064000000000583,-10.783200000000388,-4.165800000000238,0.320000000000098,1.8399999999996197,0.7099999999997664
1771517208.955261,4.903703212738037,-9.99580000000001,-0.004199999999999998,-0.004199999999999998,0.09999999999976694,-0.09999999999999998,-0.09999999999999998,0.1,-0.1,-0.1,0.5348111294859181,-0.2890450909208774,-0.7874473631846699,5.0,0.0,0.0,0,0.0,0.0,0.0,0.0,0.0,0.0,0,0.0,0.0,0.0,0.0,0.0,0.0,1,-1.863000000000066,-3.0240000000000573,2.802999999999873,-1.0300000000000864,1.2599999999998168,-1.1700000000001154,1,-3.8970000000002143,7.954999999999158,-0.4879999999999901,0.4300000000001525,-1.9499999999998963,0.12000000000000899,1,-4.268000000000064,-4.512000000000387,0.22000000000001213,-0.280000000000058,1.9799999999996487,-0.09999999999998899,1,6.538000000000258,9.759999999999938,-0.9949999999998997,-1.3199999999997658,-1.5000000000000568,0.14999999999998348,1,-8.10300000000013,5.110000000000402,3.2569999999999713,1.2699999999998823,-1.2999999999996348,-0.8300000000001084,1,6.831000000000033,4.789999999999632,1.9589999999999765,-1.6899999999999693,-1.000000000000334,-0.41000000000002146,1,5.34100000000029,0.43000000000001215,-3.880999999999937,-1.7899999999997362,-0.09999999999998899,0.8900000000000574,1,1.0020000000000118,-11.102999999999458,0.9349999999999443,0.9200000000000319,1.7700000000004934,-0.14999999999998348,1,1.2320000000000662,-10.636000000000418,-4.109000000000257,0.320000000000098,1.8399999999996197,0.7099999999997664
1771517209.0548007,5.0032429695129395,-9.981120000000026,-0.01887999999999996,-0.01887999999999996,0.18999999999991246,-0.18999999999999923,-0.18999999999999923,0.19,-0.19,-0.19,0.7343421184696304,-0.19467848721166928,-0.7914763219038071,4.999999263367135,0.0019191571202817508,0.0019191571202817508,0,0.0,0.0,0.0,0.0,0.0,0.0,0,0.0,0.0,0.0,0.0,0.0,0.0,1,-1.9660000000000746,-2.8980000000000756,2.6859999999998614,-1.0300000000000864,1.2599999999998168,-1.1700000000001154,1,-3.854000000000199,7.7599999999991685,-0.4759999999999892,0.4300000000001525,-1.9499999999998963,0.12000000000000899,1,-4.2960000000000695,-4.314000000000422,0.21000000000001323,-0.280000000000058,1.9799999999996487,-0.09999999999998899,1,6.406000000000281,9.609999999999932,-0.9799999999999014,-1.3199999999997658,-1.5000000000000568,0.14999999999998348,1,-7.976000000000141,4.980000000000438,3.1739999999999604,1.2699999999998823,-1.2999999999996348,-0.8300000000001084,1,6.662000000000036,4.689999999999599,1.9179999999999744,-1.6899999999999693,-1.000000000000334,-0.41000000000002146,1,5.162000000000316,0.42000000000001325,-3.7919999999999314,-1.7899999999997362,-0.09999999999998899,0.8900000000000574,1,1.094000000000015,-10.925999999999409,0.919999999999946,0.9200000000000319,1.7700000000004934,-0.14999999999998348,1,1.264000000000076,-10.452000000000456,-4.03800000000028,0.320000000000098,1.8399999999996197,0.7099999999997664
1771517209.1555405,5.10398268699646,-9.956744000000079,-0.04124669194823626,-0.04325600000000001,0.2859999999991203,-0.25011949907564895,-0.2860000000000015,0.28600000000000003,-0.25011949907564773,-0.28600000000000003,0.8308379875159198,-0.25011949907564773,-0.8137328355802206,4.999992311574001,0.006200169387671006,0.006200169387671006,0,0.0,0.0,0.0,0.0,0.0,0.0,0,0.0,0.0,0.0,0.0,0.0,0.0,1,-2.069000000000083,-2.772000000000094,2.56899999999985,-1.0300000000000864,1.2599999999998168,-1.1700000000001154,1,-3.811000000000184,7.564999999999179,-0.4639999999999883,0.4300000000001525,-1.9499999999998963,0.12000000000000899,1,-4.324000000000075,-4.116000000000457,0.20000000000001433,-0.280000000000058,1.9799999999996487,-0.09999999999998899,1,6.274000000000305,9.459999999999926,-0.964999999999903,-1.3199999999997658,-1.5000000000000568,0.14999999999998348,1,-7.849000000000153,4.850000000000475,3.0909999999999496,1.2699999999998823,-1.2999999999996348,-0.8300000000001084,1,6.493000000000039,4.5899999999995655,1.8769999999999722,-1.6899999999999693,-1.000000000000334,-0.41000000000002146,1,4.9830000000003425,0.41000000000001435,-3.7029999999999257,-1.7899999999997362,-0.09999999999998899,0.8900000000000574,1,1.1860000000000182,-10.74899999999936,0.9049999999999476,0.9200000000000319,1.7700000000004934,-0.14999999999998348,1,1.2960000000000858,-10.268000000000495,-3.9670000000002825,0.320000000000098,1.8399999999996197,0.7100000000002105
1771517209.2559268,5.204369068145752,-9.922421000000153,-0.06646089624416286,-0.07757899999999988,0.3829999999993561,-0.25354753955635084,-0.3829999999999945,0.383,-0.25354753955635556,-0.383,0.8993625093237825,-0.25354753955635556,-0.8413778527393703,4.999968865486809,0.012093432254070072,0.012848854379561427,0,0.0,0.0,0.0,0.0,0.0,0.0,0,0.0,0.0,0.0,0.0,0.0,0.0,1,-2.1720000000000916,-2.6460000000001123,2.4519999999998383,-1.0300000000000864,1.2599999999998168,-1.1700000000001154,1,-3.7680000000001685,7.369999999999189,-0.4519999999999874,0.4300000000001525,-1.9499999999998963,0.12000000000000899,1,-4.352000000000081,-3.9180000000004735,0.19000000000001543,-0.280000000000058,1.9800000000000928,-0.09999999999998899,1,6.142000000000328,9.30999999999992,-0.9499999999999047,-1.3199999999997658,-1.5000000000000568,0.14999999999998348,1,-7.722000000000165,4.720000000000511,3.0079999999999387,1.2699999999998823,-1.2999999999996348,-0.8300000000001084,1,6.3240000000000425,4.489999999999532,1.83599999999997,-1.6899999999999693,-1.000000000000334,-0.41000000000002146,1,4.804000000000369,0.40000000000001545,-3.61399999999992,-1.7899999999997362,-0.09999999999998899,0.8900000000000574,1,1.2780000000000213,-10.57199999999931,0.8899999999999493,0.9200000000000319,1.7700000000004934,-0.14999999999998348,1,1.3280000000000955,-10.084000000000533,-3.8960000000002615,0.320000000000098,1.8399999999996197,0.7100000000002105
1771517209.3555286,5.303970813751221,-9.887804000000195,-0.08668679918994456,-0.11219599999999944,0.47999999999959186,-0.2521353390996101,-0.4799999999999943,0.48,-0.25213533909960967,-0.48,0.9759123736551265,-0.25213533909960967,-0.9182495382876872,4.999922558691377,0.01789827236755446,0.02130865869377927,0,0.0,0.0,0.0,0.0,0.0,0.0,0,0.0,0.0,0.0,0.0,0.0,0.0,1,-2.2544000000000985,-2.545200000000127,2.358399999999829,-1.0300000000000864,1.2599999999998168,-1.1700000000001154,1,-3.7336000000001563,7.2139999999991975,-0.4423999999999867,0.4300000000001525,-1.9499999999998963,0.12000000000000899,1,-4.374400000000086,-3.759600000000466,0.18200000000001632,-0.280000000000058,1.9800000000000928,-0.09999999999998899,1,6.036400000000347,9.189999999999916,-0.937999999999906,-1.3199999999997658,-1.5000000000000568,0.14999999999998348,1,-7.620400000000174,4.616000000000541,2.94159999999993,1.2699999999998823,-1.2999999999996348,-0.8300000000001084,1,6.188800000000045,4.409999999999505,1.8031999999999684,-1.6899999999999693,-1.000000000000334,-0.41000000000002146,1,4.66080000000039,0.39200000000001634,-3.5427999999999154,-1.7899999999997362,-0.09999999999998899,0.8900000000000574,1,1.351600000000024,-10.43039999999927,0.8779999999999506,0.9200000000000319,1.7700000000004934,-0.14999999999998348,1,1.3536000000001034,-9.936800000000563,-3.8392000000002446,0.320000000000098,1.8399999999996197,0.7100000000002105
1771517209.4547746,5.40321683883667,-9.835536000000225,-0.11180936422270045,-0.16446399999999928,0.5769999999998277,-0.2500678646176757,-0.5769999999999943,0.577,-0.250067864617682,-0.577,1.1704828364352489,-0.250067864617682,-0.8333884764832757,4.999839754926187,0.023864456346996042,0.03213896051387429,0,0.0,0.0,0.0,0.0,0.0,0.0,0,0.0,0.0,0.0,0.0,0.0,0.0,1,-2.357400000000107,-2.4192000000001452,2.2413999999998175,-1.0300000000000864,1.2599999999998168,-1.1700000000001154,1,-3.690600000000141,7.018999999999208,-0.4303999999999858,0.4300000000001525,-1.9499999999998963,0.12000000000000899,1,-4.402400000000092,-3.561600000000457,0.17200000000001742,-0.280000000000058,1.9800000000000928,-0.09999999999998899,1,5.90440000000037,9.03999999999991,-0.9229999999999077,-1.3199999999997658,-1.5000000000000568,0.14999999999998348,1,-7.493400000000186,4.486000000000577,2.858599999999919,1.2699999999998823,-1.2999999999996348,-0.8300000000001084,1,6.019800000000048,4.309999999999472,1.7621999999999662,-1.6899999999999693,-1.000000000000334,-0.41000000000002146,1,4.481800000000416,0.38200000000001744,-3.4537999999999096,-1.7899999999997362,-0.09999999999998899,0.8900000000000574,1,1.443600000000027,-10.253399999999221,0.8629999999999522,0.9200000000000319,1.7700000000004934,-0.14999999999998348,1,1.3856000000001132,-9.752800000000601,-3.7682000000002236,0.320000000000098,1.8399999999996197,0.7100000000002105
1771517209.5547826,5.503224849700928,-9.785788000000228,-0.12822679339211476,-0.21421199999999857,0.6550000000000722,-0.17206786461768098,-0.6549999999999888,0.6549999999999999,-0.17206786461768198,-0.6549999999999999,1.2624338946416387,-0.14458834818663033,-0.9157560059070063,4.99971951106425,0.029332454235991293,0.04409555319932358,0,0.0,0.0,0.0,0.0,0.0,0.0,0,0.0,0.0,0.0,0.0,0.0,0.0,1,-2.439800000000114,-2.31840000000016,2.1477999999998083,-1.0300000000000864,1.2599999999998168,-1.1700000000001154,1,-3.656200000000129,6.862999999999216,-0.4207999999999851,0.4300000000001525,-1.9499999999998963,0.12000000000000899,1,-4.424800000000096,-3.4032000000004494,0.1640000000000183,-0.280000000000058,1.9800000000000928,-0.09999999999998899,1,5.798800000000389,8.919999999999906,-0.910999999999909,-1.3199999999997658,-1.5000000000000568,0.14999999999998348,1,-7.391800000000195,4.382000000000606,2.7921999999999105,1.2699999999998823,-1.2999999999996348,-0.8300000000001084,1,5.8846000000000505,4.229999999999445,1.7293999999999645,-1.6899999999999693,-1.000000000000334,-0.41000000000002146,1,4.338600000000437,0.3740000000000183,-3.382599999999905,-1.7899999999997362,-0.09999999999998899,0.8900000000000574,1,1.5172000000000296,-10.111799999999182,0.8509999999999536,0.9200000000000319,1.7700000000004934,-0.14999999999998348,1,1.411200000000121,-9.605600000000631,-3.7114000000002068,0.320000000000098,1.8399999999996197,0.7100000000002105
1771517209.6556509,5.604093074798584,-9.729698000000186,-0.14156796266213226,-0.27030199999999766,0.7370000000008758,-0.16263986685330356,-0.7369999999999877,0.7369999999999999,-0.16263986685330742,-0.7369999999999999,1.34725470825565,-0.16263986685330742,-0.8480118182493801,4.999565429498871,0.03315874825645223,0.056973797256582,0,0.0,0.0,0.0,0.0,0.0,0.0,0,0.0,0.0,0.0,0.0,0.0,0.0,1,-2.522200000000121,-2.2176000000001745,2.054199999999799,-1.0300000000000864,1.2599999999998168,-1.1700000000001154,1,-3.6218000000001167,6.7069999999992245,-0.41119999999998436,0.4300000000001525,-1.9499999999998963,0.12000000000000899,1,-4.447200000000101,-3.244800000000442,0.15600000000001918,-0.280000000000058,1.9800000000000928,-0.09999999999998899,1,5.693200000000408,8.799999999999901,-0.8989999999999103,-1.3199999999997658,-1.5000000000000568,0.14999999999998348,1,-7.290200000000205,4.2780000000006355,2.725799999999902,1.2699999999998823,-1.2999999999996348,-0.8300000000001084,1,5.749400000000053,4.149999999999419,1.6965999999999628,-1.6899999999999693,-1.000000000000334,-0.41000000000002146,1,4.1954000000004585,0.3660000000000192,-3.3113999999999004,-1.7899999999997362,-0.09999999999998899,0.8900000000000574,1,1.5908000000000322,-9.970199999999142,0.8389999999999549,0.9200000000000319,1.7700000000004934,-0.14999999999998348,1,1.4368000000001289,-9.458400000000662,-3.65460000000019,0.320000000000098,1.8399999999996197,0.7100000000002105
1771517209.7557476,5.704189777374268,-9.668338000000121,-0.1521791520103968,-0.3316619999999964,0.8370000000006428,-0.06263986685331457,-0.8369999999999767,0.8369999999999999,-0.06263986685330741,-0.8369999999999999,1.393597479372458,-0.010502465319966736,-1.0316907935018584,4.999317958424513,0.03706466261426325,0.07379811216729064,0,0.0,0.0,0.0,0.0,0.0,0.0,0,0.0,0.0,0.0,0.0,0.0,0.0,1,-2.604600000000128,-2.116800000000189,1.9605999999997974,-1.0300000000000864,1.2599999999998168,-1.1699999999998933,1,-3.5874000000001045,6.550999999999233,-0.40159999999998364,0.4300000000001525,-1.9499999999998963,0.12000000000000899,1,-4.4696000000001055,-3.0864000000004346,0.14800000000002006,-0.280000000000058,1.9800000000000928,-0.09999999999998899,1,5.5876000000004264,8.679999999999897,-0.8869999999999116,-1.3199999999997658,-1.5000000000000568,0.14999999999998348,1,-7.188600000000214,4.174000000000665,2.659399999999893,1.2699999999998823,-1.2999999999996348,-0.8300000000001084,1,5.614200000000055,4.069999999999392,1.663799999999961,-1.6899999999999693,-1.000000000000334,-0.41000000000002146,1,4.05220000000048,0.3580000000000201,-3.240199999999896,-1.7899999999997362,-0.09999999999998899,0.8900000000000574,1,1.6644000000000347,-9.828599999999103,0.8269999999999562,0.9200000000000319,1.7700000000004934,-0.14999999999998348,1,1.4624000000001367,-9.311200000000692,-3.597800000000173,0.320000000000098,1.8399999999996197,0.7100000000002105
1771517209.8562868,5.804728984832764,-9.581323000000113,-0.15968601973882965,-0.41867699999999414,0.9219999999992012,-0.09450861154822188,-0.9219999999999786,0.9219999999999998,-0.0945086115482263,-0.9219999999999998,1.4584981839964837,-0.0945086115482263,-1.0990303945270308,4.99902994438386,0.03917128310306904,0.09036163861702083,0,0.0,0.0,0.0,0.0,0.0,0.0,0,0.0,0.0,0.0,0.0,0.0,0.0,1,-2.687000000000135,-2.016000000000204,1.866999999999806,-1.0300000000000864,1.2599999999998168,-1.1699999999998933,1,-3.5444000000000893,6.355999999999243,-0.38959999999998274,0.4300000000001525,-1.9499999999998963,0.12000000000000899,1,-4.49200000000011,-2.928000000000427,0.14000000000002094,-0.280000000000058,1.9800000000000928,-0.09999999999998899,1,5.482000000000445,8.559999999999892,-0.874999999999913,-1.3199999999997658,-1.5000000000000568,0.14999999999998348,1,-7.087000000000224,4.070000000000694,2.5929999999998845,1.2699999999998823,-1.2999999999996348,-0.8300000000001084,1,5.479000000000058,3.98999999999937,1.6309999999999594,-1.6899999999999693,-0.9999999999998899,-0.41000000000002146,1,3.909000000000478,0.35000000000002096,-3.1689999999998912,-1.7900000000001803,-0.09999999999998899,0.8900000000000574,1,1.7380000000000373,-9.686999999999063,0.8149999999999575,0.9200000000000319,1.7700000000004934,-0.14999999999998348,1,1.4944000000001465,-9.12720000000073,-3.526800000000152,0.320000000000098,1.8399999999996197,0.7100000000002105
1771517209.9555504,5.903992652893066,-9.504443000000167,-0.16725308884541287,-0.4924983199683865,0.9999999999994458,-0.09466811611635872,-0.9235329992098309,0.9999999999999998,-0.09466811611634625,-0.9235329992098558,1.6418549682466999,-0.09466811611634625,-0.9235329992098558,4.998609720556557,0.04115469802232272,0.11048598276788499,0,0.0,0.0,0.0,0.0,0.0,0.0,0,0.0,0.0,0.0,0.0,0.0,0.0,1,-2.7900000000001435,-1.8900000000002026,1.7499999999998166,-1.0300000000000864,1.2600000000000389,-1.1699999999998933,1,-3.510000000000077,6.199999999999251,-0.379999999999982,0.4300000000001525,-1.9499999999998963,0.12000000000000899,1,-4.520000000000116,-2.730000000000418,0.13000000000002204,-0.280000000000058,1.9800000000000928,-0.09999999999998899,1,5.350000000000469,8.409999999999886,-0.8599999999999146,-1.3199999999997658,-1.5000000000000568,0.14999999999998348,1,-6.960000000000235,3.9400000000007096,2.5099999999998737,1.2699999999998823,-1.3000000000000789,-0.8300000000001084,1,5.310000000000061,3.889999999999381,1.5899999999999572,-1.6899999999999693,-0.9999999999998899,-0.41000000000002146,1,3.73000000000046,0.34000000000002206,-3.0799999999998855,-1.7900000000001803,-0.09999999999998899,0.8900000000000574,1,1.8300000000000405,-9.509999999999014,0.7999999999999592,0.9200000000000319,1.7700000000004934,-0.14999999999998348,1,1.5200000000001543,-8.98000000000076,-3.470000000000135,0.320000000000098,1.8399999999996197,0.7100000000002105
1771517210.0555031,6.003945350646973,-9.400229000000168,-0.17492837070537828,-0.5854779079069187,1.0980000000007095,-0.053004633519371236,-0.9380978368271897,1.0979999999999999,-0.05300463351938274,-0.9380978368272417,1.7322659785464851,-0.05300463351938274,-0.9380978368272417,4.998015947267619,0.04369543529378412,0.13389286684907176,0,0.0,0.0,0.0,0.0,0.0,0.0,0,0.0,0.0,0.0,0.0,0.0,0.0,1,-2.893000000000152,-1.7640000000001987,1.6329999999998273,-1.0300000000000864,1.2600000000000389,-1.1699999999998933,1,-3.467000000000062,6.004999999999262,-0.3679999999999811,0.4300000000001525,-1.9499999999998963,0.12000000000000899,1,-4.548000000000122,-2.5320000000004086,0.12000000000002245,-0.280000000000058,1.9800000000000928,-0.10000000000000286,1,5.218000000000492,8.25999999999988,-0.8449999999999163,-1.3199999999997658,-1.5000000000000568,0.14999999999998348,1,-6.833000000000247,3.8100000000007017,2.426999999999863,1.2699999999998823,-1.3000000000000789,-0.8300000000001084,1,5.141000000000064,3.789999999999392,1.548999999999955,-1.6899999999999693,-0.9999999999998899,-0.41000000000002146,1,3.551000000000442,0.33000000000002316,-2.9909999999998798,-1.7900000000001803,-0.09999999999998899,0.8900000000000574,1,1.9220000000000437,-9.332999999998965,0.7849999999999608,0.9200000000000319,1.7700000000004934,-0.14999999999998348,1,1.5520000000001641,-8.796000000000799,-3.399000000000114,0.320000000000098,1.8399999999996197,0.7100000000002105
1771517210.1550076,6.103449821472168,-9.287529000000104,-0.18057944214806465,-0.6800874149460422,1.1980000000004765,-0.06509456768313826,-0.9656745042894155,1.198,-0.06509456768314484,-0.9656745042894679,1.7938540635713915,-0.06509456768314484,-0.9656745042894679,4.997309167852335,0.04549800722317584,0.15757859067054608,0,0.0,0.0,0.0,0.0,0.0,0.0,0,0.0,0.0,0.0,0.0,0.0,0.0,1,-2.9960000000001608,-1.6380000000001949,1.515999999999838,-1.0300000000000864,1.2600000000000389,-1.1699999999998933,1,-3.4240000000000466,5.809999999999272,-0.3559999999999802,0.4300000000001525,-1.9499999999998963,0.12000000000000899,1,-4.5760000000001275,-2.3340000000003993,0.11000000000002216,-0.280000000000058,1.9800000000000928,-0.10000000000000286,1,5.086000000000515,8.109999999999875,-0.8299999999999179,-1.3199999999997658,-1.5000000000000568,0.14999999999998348,1,-6.706000000000259,3.680000000000694,2.343999999999852,1.2699999999998823,-1.3000000000000789,-0.8300000000001084,1,4.972000000000067,3.689999999999403,1.507999999999953,-1.6899999999999693,-0.9999999999998899,-0.41000000000002146,1,3.372000000000424,0.32000000000002427,-2.901999999999874,-1.7900000000001803,-0.09999999999998899,0.8900000000000574,1,2.0140000000000433,-9.155999999998915,0.7699999999999625,0.9199999999998099,1.7700000000004934,-0.14999999999998348,1,1.584000000000174,-8.612000000000837,-3.328000000000093,0.320000000000098,1.8399999999996197,0.7100000000002105
1771517210.2549255,6.203367710113525,-9.18930200000009,-0.1834000075627159,-0.7549543752891956,1.274999999999693,0.01190543231685548,-0.8886745042894217,1.275,0.01190543231685516,-0.8886745042894679,2.1307301673134793,4.288196597207904,1.469689564179882,4.996466902920567,0.04721302209972391,0.18190497124479005,0,0.0,0.0,0.0,0.0,0.0,0.0,0,0.0,0.0,0.0,0.0,0.0,0.0,1,-3.0784000000001677,-1.5372000000001917,1.4223999999998465,-1.0300000000000864,1.2600000000000389,-1.1699999999998933,1,-3.3896000000000344,5.6539999999992805,-0.3463999999999795,0.4300000000001525,-1.9499999999998963,0.12000000000000899,1,-4.598400000000132,-2.175600000000392,0.10200000000002193,-0.280000000000058,1.9800000000000928,-0.10000000000000286,1,4.980400000000534,7.9899999999998705,-0.8179999999999192,-1.3199999999997658,-1.5000000000000568,0.14999999999998348,1,-6.604400000000268,3.5760000000006875,2.2775999999998433,1.2699999999998823,-1.3000000000000789,-0.8300000000001084,1,4.8368000000000695,3.609999999999412,1.4751999999999512,-1.6899999999999693,-0.9999999999998899,-0.41000000000002146,1,3.2288000000004096,0.31200000000002515,-2.8307999999998694,-1.7900000000001803,-0.09999999999998899,0.8900000000000574,1,2.087600000000028,-9.014399999998876,0.7579999999999638,0.9199999999998099,1.7700000000004934,-0.14999999999998348,1,1.6096000000001818,-8.464800000000867,-3.2712000000000763,0.320000000000098,1.8399999999996197,0.7100000000002105
1771517210.3558166,6.304258823394775,-9.058022000000115,-0.18598946433103064,-0.840041825718141,1.3649999999998386,-0.07809456768315126,-0.7986745042894983,1.365,-0.07809456768314484,-0.798674504289468,3.9351429981129495,-0.7571253890410024,2.955703491995109,4.995617877099544,0.04774732159381073,0.20377001566487377,0,0.0,0.0,0.0,0.0,0.0,0.0,0,0.0,0.0,0.0,0.0,0.0,0.0,1,-3.1814000000001763,-1.4112000000001879,1.3053999999998571,-1.0300000000000864,1.2600000000000389,-1.1699999999998933,1,-3.346600000000019,5.458999999999291,-0.3343999999999786,0.4300000000001525,-1.9499999999998963,0.12000000000000899,1,-4.626400000000138,-1.9776000000003826,0.09200000000002165,-0.280000000000058,1.9800000000000928,-0.10000000000000286,1,4.848400000000558,7.839999999999865,-0.8029999999999209,-1.3199999999997658,-1.5000000000000568,0.14999999999998348,1,-6.47740000000028,3.4460000000006796,2.1945999999998325,1.2699999999998823,-1.3000000000000789,-0.8300000000001084,1,4.667800000000073,3.509999999999423,1.434199999999949,-1.6899999999999693,-0.9999999999998899,-0.41000000000002146,1,3.0498000000003915,0.30200000000002625,-2.7417999999998637,-1.7900000000001803,-0.09999999999998899,0.8900000000000574,1,2.179600000000009,-8.837399999998826,0.7429999999999655,0.9199999999998099,1.7700000000004934,-0.14999999999998348,1,1.6416000000001916,-8.280800000000905,-3.2002000000000552,0.320000000000098,1.8399999999996197,0.7100000000002105
1771517210.4563646,6.404806852340698,-8.946001000000146,-0.19505802974568212,-0.9067567860612994,1.4559999999992357,-0.16909456768313125,-0.8896745042894505,1.456,-0.16909456768314485,-0.8896745042894679,4.087876094949075,-0.9541320986894343,-2.7873531487259164,4.994677771906826,0.04929215380665963,0.2253092061877923,0,0.0,0.0,0.0,0.0,0.0,0.0,0,0.0,0.0,0.0,0.0,0.0,0.0,1,-3.263800000000183,-1.3104000000001848,1.2117999999998657,-1.0300000000000864,1.2600000000000389,-1.1699999999998933,1,-3.312200000000007,5.302999999999299,-0.3247999999999779,0.4300000000001525,-1.9499999999998963,0.12000000000000899,1,-4.648800000000143,-1.8192000000003752,0.08400000000002142,-0.280000000000058,1.9800000000000928,-0.10000000000000286,1,4.742800000000576,7.71999999999986,-0.7909999999999222,-1.3199999999997658,-1.5000000000000568,0.14999999999998348,1,-6.3758000000002895,3.3420000000006733,2.128199999999824,1.2699999999998823,-1.3000000000000789,-0.8300000000001084,1,4.532600000000075,3.4299999999994317,1.4013999999999474,-1.6899999999999693,-0.9999999999998899,-0.41000000000002146,1,2.906600000000377,0.29400000000002713,-2.670599999999859,-1.7900000000001803,-0.09999999999998899,0.8900000000000574,1,2.253199999999994,-8.695799999998787,0.7309999999999668,0.9199999999998099,1.7700000000004934,-0.14999999999998348,1,1.6672000000001994,-8.133600000000936,-3.1434000000000384,0.320000000000098,1.8399999999996197,0.7100000000002105
1771517210.5556083,6.5040504932403564,-8.8290210000002,-0.2090855951603327,-0.9784307464044554,1.5060000000000073,-0.21909456768313965,-0.939674504289445,1.556,-0.2690945676831449,-0.9896745042894679,4.653992450406895,-1.0159096582098202,-1.385001303279778,4.993604247721619,0.05298653475868025,0.24720243581096743,0,0.0,0.0,0.0,0.0,0.0,0.0,0,0.0,0.0,0.0,0.0,0.0,0.0,1,-3.34620000000019,-1.2096000000001816,1.1181999999998742,-1.0300000000000864,1.2600000000000389,-1.1699999999998933,1,-3.2777999999999947,5.1469999999993075,-0.31519999999997717,0.4300000000001525,-1.9499999999998963,0.12000000000000899,1,-4.671200000000147,-1.6608000000003678,0.07600000000002119,-0.280000000000058,1.9800000000000928,-0.10000000000000286,1,4.637200000000595,7.599999999999856,-0.7789999999999235,-1.3199999999997658,-1.5000000000000568,0.14999999999998348,1,-6.274200000000299,3.238000000000667,2.061799999999815,1.2699999999998823,-1.3000000000000789,-0.8300000000001084,1,4.3974000000000775,3.3499999999994405,1.3685999999999456,-1.6899999999999693,-0.9999999999998899,-0.41000000000002146,1,2.7634000000003627,0.286000000000028,-2.5993999999998545,-1.7900000000001803,-0.09999999999998899,0.8900000000000574,1,2.3267999999999787,-8.554199999998747,0.7189999999999681,0.9199999999998099,1.7700000000004934,-0.14999999999998348,1,1.6928000000002073,-7.986400000000966,-3.0866000000000215,0.320000000000098,1.8399999999996197,0.7100000000002105
1771517210.654891,6.603333234786987,-8.671341000000155,-0.2339150519286476,-1.0794781968334015,1.6359999999995267,-0.18909456768315125,-1.0696745042895195,1.6360000000000001,-0.18909456768314487,-1.069674504289468,4.190372717375104,2.2290234482620206,-1.5500551849568784,4.992512844146701,0.057570043466961277,0.2673970664114167,0,0.0,0.0,0.0,0.0,0.0,0.0,0,0.0,0.0,0.0,0.0,0.0,0.0,1,-3.4492000000001988,-1.0836000000001778,1.0011999999998848,-1.0300000000000864,1.2600000000000389,-1.1699999999998933,1,-3.2433999999999825,4.990999999999316,-0.30559999999997645,0.4300000000001525,-1.9499999999998963,0.12000000000000899,1,-4.693600000000152,-1.5024000000003603,0.06800000000002096,-0.280000000000058,1.9800000000000928,-0.10000000000000286,1,4.531600000000614,7.479999999999851,-0.7669999999999249,-1.3199999999997658,-1.5000000000000568,0.14999999999998348,1,-6.172600000000308,3.1340000000006607,1.9953999999998064,1.2699999999998823,-1.3000000000000789,-0.8300000000001084,1,4.2284000000000805,3.2499999999994515,1.3275999999999435,-1.6899999999999693,-0.9999999999998899,-0.41000000000002146,1,2.6202000000003483,0.2780000000000289,-2.52819999999985,-1.7900000000001803,-0.09999999999998899,0.8900000000000574,1,2.4003999999999635,-8.412599999998708,0.7069999999999694,0.9199999999998099,1.7700000000004934,-0.14999999999998348,1,1.718400000000215,-7.8392000000009965,-3.0298000000000047,0.320000000000098,1.8399999999996197,0.7100000000002105
1771517210.7550936,6.703535795211792,-8.538877000000195,-0.2506266173432998,-1.1666361571765607,1.7239999999993927,-0.277094567683156,-1.1576745042893855,1.7240000000000002,-0.2770945676831449,-1.157674504289468,4.186525232131191,-1.4117836405188808,-2.360318792862798,4.990916015953993,0.06359256345363702,0.29447123385369206,0,0.0,0.0,0.0,0.0,0.0,0.0,0,0.0,0.0,0.0,0.0,0.0,0.0,1,-3.5316000000002057,-0.9828000000001746,0.9075999999998846,-1.0300000000000864,1.2600000000000389,-1.1700000000000046,1,-3.2003999999999673,4.795999999999326,-0.29359999999997555,0.4300000000001525,-1.9499999999998963,0.12000000000000899,1,-4.721600000000158,-1.304400000000351,0.058000000000020674,-0.280000000000058,1.9800000000000928,-0.10000000000000286,1,4.399600000000637,7.3299999999998455,-0.7519999999999265,-1.3199999999997658,-1.5000000000000568,0.14999999999998348,1,-6.04560000000032,3.004000000000653,1.9123999999997956,1.2699999999998823,-1.3000000000000789,-0.8300000000001084,1,4.093200000000083,3.1699999999994604,1.2947999999999418,-1.6899999999999693,-0.9999999999998899,-0.41000000000002146,1,2.44120000000033,0.26800000000003,-2.439199999999844,-1.7900000000001803,-0.09999999999998899,0.8900000000000574,1,2.4923999999999444,-8.235599999998659,0.6919999999999711,0.9199999999998099,1.7700000000004934,-0.14999999999998348,1,1.7504000000002249,-7.6552000000010345,-2.9587999999999837,0.320000000000098,1.8399999999996197,0.7100000000002105
1771517210.854857,6.803299188613892,-8.364221000000239,-0.28059207411161496,-1.2829482862667025,1.8180000000000973,-0.371094567683139,-1.180369448506191,1.8180000000000003,-0.37109456768314486,-1.1803694485062397,4.81059029347704,-0.8517570299103696,-1.1803694485062397,4.989012069666075,0.0697970653302914,0.3238625300918606,0,0.0,0.0,0.0,0.0,0.0,0.0,0,0.0,0.0,0.0,0.0,0.0,0.0,1,-3.6346000000002143,-0.8568000000001708,0.7905999999998842,-1.0300000000000864,1.2600000000000389,-1.1700000000000046,1,-3.157399999999952,4.6009999999993365,-0.28159999999997465,0.4300000000001525,-1.9499999999998963,0.12000000000000899,1,-4.7496000000001635,-1.1064000000003418,0.04800000000002039,-0.280000000000058,1.9800000000000928,-0.10000000000000286,1,4.267600000000661,7.17999999999984,-0.7369999999999282,-1.3199999999997658,-1.5000000000000568,0.14999999999998348,1,-5.918600000000332,2.874000000000645,1.8293999999997848,1.2699999999998823,-1.3000000000000789,-0.8300000000001084,1,3.924200000000086,3.0699999999994714,1.2537999999999396,-1.6899999999999693,-0.9999999999998899,-0.41000000000002146,1,2.262200000000312,0.2580000000000311,-2.3501999999998384,-1.7900000000001803,-0.09999999999998899,0.8900000000000574,1,2.5843999999999254,-8.05859999999861,0.6769999999999727,0.9199999999998099,1.7700000000004934,-0.14999999999998348,1,1.7824000000002347,-7.4712000000010725,-2.8877999999999626,0.320000000000098,1.8399999999996197,0.7100000000002105
1771517210.9567227,6.905164957046509,-8.179971000000242,-0.32015153087992854,-1.3985352311173234,1.9159999999995847,-0.46909456768312585,-1.0823694485062596,1.9160000000000004,-0.46909456768314484,-1.0823694485062396,4.543511817262501,-1.3640376573325383,1.6268931504556625,4.986622556164807,0.07879762876872154,0.3569123366441511,0,0.0,0.0,0.0,0.0,0.0,0.0,0,0.0,0.0,0.0,0.0,0.0,0.0,1,-3.7170000000002212,-0.7560000000001676,0.6969999999998838,-1.0300000000000864,1.2600000000000389,-1.1700000000000046,1,-3.12299999999994,4.444999999999345,-0.27199999999997393,0.4300000000001525,-1.9499999999998963,0.12000000000000899,1,-4.772000000000168,-0.9480000000003374,0.04000000000002016,-0.280000000000058,1.9799999999999822,-0.10000000000000286,1,4.135600000000684,7.029999999999834,-0.7219999999999298,-1.3199999999997658,-1.5000000000000568,0.14999999999998348,1,-5.817000000000341,2.7700000000006386,1.762999999999776,1.2699999999998823,-1.3000000000000789,-0.8300000000001084,1,3.7890000000000885,2.98999999999948,1.220999999999938,-1.6899999999999693,-0.9999999999998899,-0.41000000000002146,1,2.1190000000002978,0.250000000000032,-2.278999999999834,-1.7900000000001803,-0.09999999999998899,0.8900000000000574,1,2.65799999999991,-7.916999999998612,0.6649999999999741,0.9199999999998099,1.7699999999996052,-0.14999999999998348,1,1.8144000000002445,-7.287200000001111,-2.8167999999999416,0.320000000000098,1.8399999999996197,0.7100000000002105
1771517211.0553865,7.003828763961792,-8.024315000000236,-0.36005509629457916,-1.4827487869978218,1.988000000000767,-0.5410945676831425,-1.0103694485061876,1.9880000000000004,-0.5410945676831448,-1.0103694485062396,4.1685021272626654,-2.603829851869257,0.8174086518738897,4.984069277600852,0.08987407371448919,0.3885564141141907,0,0.0,0.0,0.0,0.0,0.0,0.0,0,0.0,0.0,0.0,0.0,0.0,0.0,1,-3.82000000000023,-0.6300000000001638,0.5799999999998834,-1.0300000000000864,1.2600000000000389,-1.1700000000000046,1,-3.0799999999999246,4.249999999999355,-0.25999999999997303,0.4300000000001525,-1.9499999999998963,0.12000000000000899,1,-4.800000000000174,-0.7500000000003392,0.030000000000019917,-0.280000000000058,1.9799999999999822,-0.09999999999999941,1,4.030000000000703,6.90999999999983,-0.7099999999999311,-1.3199999999997658,-1.5000000000000568,0.14999999999998348,1,-5.690000000000353,2.6400000000006307,1.6799999999997652,1.2699999999998823,-1.3000000000000789,-0.8300000000001084,1,3.6200000000000916,2.889999999999491,1.1799999999999358,-1.6899999999999693,-0.9999999999998899,-0.41000000000002146,1,1.9400000000002873,0.24000000000003308,-2.189999999999828,-1.7899999999999578,-0.09999999999998899,0.8900000000000574,1,2.749999999999891,-7.739999999998651,0.6499999999999757,0.9199999999998099,1.7699999999996052,-0.14999999999998348,1,1.8400000000002523,-7.140000000001141,-2.7599999999999247,0.320000000000098,1.8399999999996197,0.7100000000002105
1771517211.1553311,7.103773355484009,-7.821702000000214,-0.410351553062893,-1.5875987318484455,2.0810000000004436,-0.4480945676831327,-1.1033694485063084,2.0810000000000004,-0.4480945676831448,-1.1033694485062395,4.577732490628176,-0.07781592876074708,-2.0873107625844165,4.981243929543543,0.10449869263248668,0.41986776206766024,0,0.0,0.0,0.0,0.0,0.0,0.0,0,0.0,0.0,0.0,0.0,0.0,0.0,1,-3.9230000000002385,-0.5040000000001599,0.46299999999988295,-1.0300000000000864,1.2600000000000389,-1.1700000000000046,1,-3.0369999999999093,4.054999999999366,-0.24799999999997213,0.4300000000001525,-1.9499999999998963,0.12000000000000899,1,-4.82800000000018,-0.552000000000341,0.020000000000019977,-0.280000000000058,1.9799999999999822,-0.09999999999999941,1,3.8980000000006916,6.759999999999824,-0.6949999999999328,-1.32000000000021,-1.5000000000000568,0.14999999999998348,1,-5.563000000000365,2.510000000000623,1.5969999999997544,1.2699999999998823,-1.3000000000000789,-0.8300000000001084,1,3.4510000000000947,2.789999999999502,1.1389999999999336,-1.6899999999999693,-0.9999999999998899,-0.41000000000002146,1,1.7610000000002914,0.23000000000003418,-2.1009999999998223,-1.7899999999999578,-0.09999999999998899,0.8900000000000574,1,2.841999999999872,-7.5629999999986905,0.6349999999999774,0.9199999999998099,1.7699999999996052,-0.14999999999998348,1,1.8720000000002621,-6.956000000001179,-2.6889999999999037,0.320000000000098,1.8399999999996197,0.7100000000002105
1771517211.2553236,7.203765869140625,-7.653222000000183,-0.44419911847754384,-1.6744638109377454,2.1810000000002105,-0.34809456768314373,-1.0331456089460733,2.1810000000000005,-0.34809456768314484,-1.0331456089460103,4.985028211880622,0.008754284084762668,-1.0331456089460103,4.97815986023026,0.11779940886461807,0.451716399152588,0,0.0,0.0,0.0,0.0,0.0,0.0,0,0.0,0.0,0.0,0.0,0.0,0.0,1,-3.9759240476337037,-0.38181215800654966,0.40431320848821795,-0.6244116430050531,1.5529119363511732,-0.691025459641286,1,-3.002599999999897,3.898999999999374,-0.2383999999999714,0.4300000000001525,-1.9499999999998963,0.12000000000000899,1,-4.879264806893547,-0.41440460617879465,-0.02204488680111358,-0.6858257285887055,1.6868587166799638,-0.5793147096981712,1,3.792400000000675,6.639999999999819,-0.6829999999999341,-1.32000000000021,-1.5000000000000568,0.14999999999998348,1,-5.461400000000374,2.4060000000006165,1.5305999999997457,1.2699999999998823,-1.3000000000000789,-0.8300000000001084,1,3.315800000000097,2.709999999999511,1.106199999999932,-1.6899999999999693,-0.9999999999998899,-0.41000000000002146,1,1.6178000000002948,0.22200000000003506,-2.0297999999998178,-1.7899999999999578,-0.09999999999998899,0.8900000000000574,1,2.915599999999857,-7.421399999998722,0.6229999999999787,0.9199999999998099,1.7699999999996052,-0.14999999999998348,1,1.89760000000027,-6.808800000001209,-2.632199999999887,0.320000000000098,1.8399999999996197,0.7100000000002105
1771517211.3549645,7.303406715393066,-7.432218000000167,-0.476104575245859,-1.7748743718323499,2.2690000000000765,-0.26009456768316674,-0.9451456089459853,2.2690000000000006,-0.2600945676831449,-0.9451456089460103,4.899307272244757,1.0222642509580386,-0.6935369687723987,4.974752968304804,0.12939820595311818,0.4848597824512341,0,0.0,0.0,0.0,0.0,0.0,0.0,0,0.0,0.0,0.0,0.0,0.0,0.0,1,-4.037072029510043,-0.2251434742293947,0.3371961678783041,-0.6244068181111222,1.5529010634602247,-0.6910345972377473,1,-2.959599999999882,3.7039999999993842,-0.2263999999999705,0.4300000000001525,-1.9499999999998963,0.12000000000000899,1,-4.94617684030613,-0.24432428892153135,-0.07780929605039831,-0.685830568087632,1.6868695754559178,-0.5793055930355744,1,3.660400000000654,6.489999999999814,-0.6679999999999358,-1.32000000000021,-1.5000000000000568,0.14999999999998348,1,-5.334400000000386,2.2760000000006086,1.4475999999997349,1.2699999999998823,-1.3000000000000789,-0.8300000000001084,1,3.1468000000001,2.609999999999522,1.0651999999999298,-1.6899999999999693,-0.9999999999998899,-0.41000000000002146,1,1.438800000000299,0.21200000000003616,-1.940799999999812,-1.7899999999999578,-0.09999999999998899,0.8900000000000574,1,3.007599999999838,-7.244399999998762,0.6079999999999803,0.9199999999998099,1.7699999999996052,-0.14999999999998348,1,1.9296000000002798,-6.6248000000012475,-2.561199999999866,0.320000000000098,1.8399999999996197,0.7100000000002105
1771517211.4557223,7.404164552688599,-7.201598000000172,-0.49839403201417526,-1.8686483525761886,2.361999999999753,-0.167094567683157,-0.9266311051769893,2.3620000000000005,-0.16709456768314487,-0.9266311051769279,4.783309513002915,1.0008757878792296,-0.9266311051769279,4.971345706933936,0.1385424172020153,0.5162633637837898,0,0.0,0.0,0.0,0.0,0.0,0.0,0,0.0,0.0,0.0,0.0,0.0,0.0,1,-4.0971270872211205,-0.06737443859934027,0.27169121355860104,-0.6244019931088183,1.5528901902938455,-0.6910437350715112,1,-2.9165999999998666,3.5089999999993946,-0.21439999999996961,0.4300000000001525,-1.9499999999998963,0.12000000000000899,1,-5.011686174130613,-0.07313352851214755,-0.13181653294939333,-0.6858354076932728,1.6868804345092638,-0.5792964761327644,1,3.528400000000633,6.339999999999808,-0.6529999999999374,-1.32000000000021,-1.5000000000000568,0.14999999999998348,1,-5.207400000000398,2.1460000000006008,1.364599999999724,1.2699999999998823,-1.3000000000000789,-0.8300000000001084,1,2.9778000000001033,2.509999999999533,1.0241999999999276,-1.6899999999999693,-0.9999999999998899,-0.41000000000002146,1,1.2598000000003031,0.20200000000003726,-1.8517999999998063,-1.7899999999999578,-0.09999999999998899,0.8900000000000574,1,3.099599999999819,-7.067399999998801,0.592999999999982,0.9199999999998099,1.7699999999996052,-0.14999999999998348,1,1.9616000000002896,-6.4408000000012855,-2.4901999999998448,0.320000000000098,1.8399999999996197,0.7100000000002105
1771517211.5556004,7.504042625427246,-7.011738000000186,-0.5108615974288279,-1.9436788409903476,2.452000000000343,-0.07709456768316691,-1.0166311051769794,2.4620000000000006,-0.06709456768314487,-1.026631105176928,4.4990240049201775,1.3110749525255065,-1.7321531367425846,4.967758906748404,0.14557226863562994,0.5478869947591042,0,0.0,0.0,0.0,0.0,0.0,0.0,0,0.0,0.0,0.0,0.0,0.0,0.0,1,-4.144361418153681,0.05961812857406779,0.22044245628350218,-0.6243981330283819,1.5528814915625584,-0.6910510455092549,1,-2.8821999999998544,3.352999999999403,-0.2047999999999689,0.4300000000001525,-1.9499999999998963,0.12000000000000899,1,-5.063059548370443,0.06460059766745818,-0.173765261480469,-0.6858392794546403,1.6868891219515685,-0.5792891824376495,1,3.422800000000616,6.2199999999998035,-0.6409999999999387,-1.32000000000021,-1.5000000000000568,0.14999999999998348,1,-5.105800000000407,2.0420000000005945,1.2981999999997154,1.2699999999998823,-1.3000000000000789,-0.8300000000001084,1,2.8426000000001057,2.429999999999542,0.9913999999999259,-1.6899999999999693,-0.9999999999998899,-0.41000000000002146,1,1.1166000000003065,0.19400000000003814,-1.7805999999998017,-1.7899999999999578,-0.09999999999998899,0.8900000000000574,1,3.1731999999998037,-6.925799999998833,0.5809999999999833,0.9199999999998099,1.7699999999996052,-0.14999999999998348,1,1.9872000000002974,-6.293600000001316,-2.433399999999828,0.320000000000098,1.8399999999996197,0.7100000000002105
1771517211.6553876,7.603829860687256,-6.763646000000154,-0.5194630541971453,-2.0444499515080445,2.5479999999999947,-0.1530945676831985,-0.9406311051769478,2.5480000000000005,-0.15309456768314486,-0.9406311051769279,4.947789758580243,-0.29089598190952043,-0.8422987634426805,4.964170705170298,0.15027225982987116,0.5782970325487145,0,0.0,0.0,0.0,0.0,0.0,0.0,0,0.0,0.0,0.0,0.0,0.0,0.0,1,-4.202363977860089,0.21931156979826585,0.1578182083713454,-0.6243933078301819,1.5528706179008205,-0.6910601837697758,1,-2.839199999999839,3.1579999999994133,-0.192799999999968,0.4300000000001525,-1.9499999999998963,0.12000000000000899,1,-5.12595385053068,0.23772234996853228,-0.2246404541694947,-0.6858441192521366,1.6868999815038623,-0.5792800651027552,1,3.290800000000595,6.069999999999798,-0.6259999999999404,-1.32000000000021,-1.5000000000000568,0.14999999999998348,1,-4.978800000000419,1.9120000000005866,1.2151999999997045,1.2699999999998823,-1.3000000000000789,-0.8300000000001084,1,2.673600000000109,2.329999999999553,0.9503999999999238,-1.6899999999999693,-0.9999999999998899,-0.41000000000002146,1,0.9376000000003106,0.18400000000003924,-1.691599999999796,-1.7899999999999578,-0.09999999999998899,0.8900000000000574,1,3.2651999999997847,-6.748799999998872,0.565999999999985,0.9199999999998099,1.7699999999996052,-0.14999999999998348,1,2.0192000000002936,-6.109600000001354,-2.362399999999807,0.31999999999987594,1.8399999999996197,0.7100000000002105
1771517211.754958,7.703400135040283,-6.505350000000156,-0.5312765109654617,-2.139856846905316,2.6239999999999597,-0.0770945676831225,-0.9698438199503556,2.6240000000000006,-0.07709456768314486,-0.9698438199502866,4.958015415372635,0.15071176049808332,-0.9698438199502866,4.959845248404864,0.15520859196875963,0.6130623172686149,0,0.0,0.0,0.0,0.0,0.0,0.0,0,0.0,0.0,0.0,0.0,0.0,0.0,1,-4.247913005322662,0.3478142324530208,0.1088624318374014,-0.6243894475932643,1.5528619187734365,-0.6910674945487724,1,-2.804799999999827,3.0019999999994216,-0.18319999999996728,0.4300000000001525,-1.9499999999998963,0.12000000000000899,1,-5.187345572252162,0.41187852477036224,-0.27379360871988695,-0.6858023706271955,1.6869129758259007,-0.5792484900210297,1,3.1852000000005782,5.949999999999793,-0.6139999999999417,-1.32000000000021,-1.5000000000000568,0.14999999999998348,1,-4.877200000000428,1.8080000000005803,1.1487999999996958,1.2699999999998823,-1.3000000000000789,-0.8300000000001084,1,2.5384000000001112,2.2499999999995617,0.917599999999922,-1.6899999999999693,-0.9999999999998899,-0.41000000000002146,1,0.794400000000314,0.17600000000004012,-1.6203999999997913,-1.7899999999999578,-0.09999999999998899,0.8900000000000574,1,3.3571999999997657,-6.571799999998912,0.5509999999999866,0.9199999999998099,1.7699999999996052,-0.14999999999998348,1,2.0448000000002837,-5.962400000001384,-2.30559999999979,0.31999999999987594,1.8399999999996197,0.7100000000002105
1771517211.8558307,7.804272890090942,-6.292390000000161,-0.5344040763801129,-2.214404352501346,2.718999999999916,0.017905432316833725,-0.8748438199503994,2.7190000000000007,0.017905432316855138,-0.8748438199502866,4.969499827062847,0.1410283162666061,-0.5328216032311325,4.955093217239391,0.16032198421210647,0.6491132950775851,0,0.0,0.0,0.0,0.0,0.0,0.0,0,0.0,0.0,0.0,0.0,0.0,0.0,1,-4.30377149208247,0.50935873610359,0.04908291220647096,-0.6246567924362652,1.5528416327731067,-0.6912046703200565,1,-2.7617999999998117,2.806999999999432,-0.17119999999996638,0.4300000000001525,-1.9499999999998963,0.12000000000000899,1,-5.235339199574658,0.5519288213018899,-0.31187986773189763,-0.6855806564817225,1.686928945528732,-0.5791356098499637,1,3.0532000000005572,5.7999999999997875,-0.5989999999999434,-1.32000000000021,-1.5000000000000568,0.14999999999998348,1,-4.75020000000044,1.6780000000005724,1.065799999999685,1.2699999999998823,-1.3000000000000789,-0.8300000000001084,1,2.3694000000001143,2.1499999999995727,0.8765999999999199,-1.6899999999999693,-0.9999999999998899,-0.41000000000002146,1,0.6154000000003181,0.16600000000004123,-1.5313999999997856,-1.7899999999999578,-0.09999999999998899,0.8900000000000574,1,3.4307999999997505,-6.430199999998943,0.5389999999999879,0.9199999999998099,1.7699999999996052,-0.14999999999998348,1,2.0768000000002713,-5.778400000001422,-2.234599999999769,0.31999999999987594,1.8399999999996197,0.7100000000002105
1771517211.9556077,7.904049873352051,-6.017490000000176,-0.5356135331484292,-2.3013523040189745,2.818999999999683,-0.08209456768315526,-0.8569628040366872,2.819000000000001,-0.08209456768314487,-0.8569628040368332,4.895477697005156,-0.15069284514027023,-0.8569628040368332,4.950140523942217,0.16307934266378984,0.6852108589488509,0,0.0,0.0,0.0,0.0,0.0,0.0,0,0.0,0.0,0.0,0.0,0.0,0.0,1,-4.3584040266573,0.6719002258257623,-0.009133502088448849,-0.6247706797848345,1.5528333796677796,-0.6912627048469411,1,-2.7187999999997965,2.6119999999994423,-0.15919999999996548,0.4300000000001525,-1.9499999999998963,0.12000000000000899,1,-5.293905379635043,0.7278739544683811,-0.35795623319153325,-0.6854667730548022,1.686937194844021,-0.5790775809440576,1,2.9212000000005363,5.649999999999782,-0.583999999999945,-1.32000000000021,-1.5000000000000568,0.14999999999998348,1,-4.623200000000452,1.5480000000005645,0.9827999999996765,1.2699999999998823,-1.3000000000000789,-0.8299999999999974,1,2.2004000000001174,2.0499999999995837,0.8355999999999177,-1.6899999999999693,-0.9999999999998899,-0.41000000000002146,1,0.4364000000003203,0.15600000000004233,-1.4423999999997799,-1.7900000000000138,-0.09999999999998899,0.8900000000000574,1,3.5227999999997315,-6.253199999998983,0.5239999999999896,0.9199999999998099,1.7699999999996052,-0.14999999999998348,1,2.108800000000259,-5.59440000000146,-2.163599999999748,0.31999999999987594,1.8399999999996197,0.7100000000002105
1771517212.054776,8.003218173980713,-5.731762000000181,-0.5399949899167421,-2.3908765844226507,2.9060000000002972,0.00490543231690399,-0.9439628040368575,2.906000000000001,0.004905432316855127,-0.9439628040368332,4.744318554575981,0.13260496994514326,-1.7410576677843577,4.94494230243459,0.16681411391504555,0.7209151662932579,0,0.0,0.0,0.0,0.0,0.0,0.0,0,0.0,0.0,0.0,0.0,0.0,0.0,1,-4.411766376210909,0.8354148254498425,-0.0657922543946069,-0.6248123932821802,1.5528303066167977,-0.691284013000903,1,-2.6757999999997812,2.4169999999994527,-0.14719999999996458,0.4300000000001525,-1.9499999999998963,0.12000000000000899,1,-5.35086674712554,0.9047727497749912,-0.4023495701732104,-0.6854250611692737,1.6869402663375055,-0.5790562751000361,1,2.7892000000005153,5.499999999999776,-0.5689999999999467,-1.32000000000021,-1.5000000000000568,0.14999999999998348,1,-4.496200000000464,1.4180000000005566,0.8997999999996767,1.2699999999998823,-1.3000000000000789,-0.8299999999999974,1,2.0314000000001204,1.9499999999995947,0.7945999999999156,-1.6899999999999693,-0.9999999999998899,-0.41000000000002146,1,0.25740000000031893,0.14600000000004343,-1.3533999999997741,-1.7900000000000138,-0.09999999999998899,0.8900000000000574,1,3.6147999999997125,-6.076199999999022,0.5089999999999912,0.9199999999998099,1.7699999999996052,-0.14999999999998348,1,2.1408000000002465,-5.4104000000014985,-2.092599999999727,0.31999999999987594,1.8399999999996197,0.7100000000002105
1771517212.1556582,8.104100465774536,-5.496760000000174,-0.5421245553313901,-2.468915608745594,3.002999999999645,-0.09209456768310975,-1.0409628040366492,3.003000000000001,-0.09209456768314488,-1.0409628040368333,4.438131360358213,-1.0635081092794696,-2.018454959584029,4.93893769908406,0.1701874864148436,0.7602174846937211,0,0.0,0.0,0.0,0.0,0.0,0.0,0,0.0,0.0,0.0,0.0,0.0,0.0,1,-4.453517316898363,0.9669108215500106,-0.11000399677382697,-0.6248257193893609,1.5528292868096463,-0.6912908595987179,1,-2.641399999999769,2.260999999999461,-0.13759999999996386,0.4300000000001525,-1.9499999999998963,0.12000000000000899,1,-5.395261392984026,1.0469590921921406,-0.4366641816419903,-0.6854117357097191,1.686941285518662,-0.5790494294305893,1,2.6836000000004985,5.379999999999772,-0.556999999999948,-1.32000000000021,-1.5000000000000568,0.14999999999998348,1,-4.394600000000473,1.3140000000005503,0.833399999999677,1.2699999999998823,-1.3000000000000789,-0.8299999999999974,1,1.896200000000123,1.8699999999996035,0.7617999999999139,-1.6899999999999693,-0.9999999999998899,-0.41000000000002146,1,0.11420000000031792,0.1380000000000443,-1.2821999999997695,-1.7900000000000038,-0.09999999999998899,0.8900000000000574,1,3.6883999999996973,-5.934599999999054,0.49699999999999256,0.9199999999998099,1.7699999999996052,-0.14999999999998348,1,2.1664000000002366,-5.263200000001529,-2.03579999999971,0.31999999999987594,1.8399999999996197,0.7100000000002105
1771517212.2556868,8.204128980636597,-5.193860000000193,-0.5539340120997008,-2.570411889149265,3.1030000000003,-0.19209456768309874,-0.9409628040368823,3.103000000000001,-0.19209456768314487,-0.9409628040368333,4.423583072799618,-2.061632082420438,1.0497075619767033,4.93197200739098,0.17479688813253122,0.8031800334986947,0,0.0,0.0,0.0,0.0,0.0,0.0,0,0.0,0.0,0.0,0.0,0.0,0.0,1,-4.501244964258348,1.1088475178422073,-0.18413370406855212,-0.6136618552868285,1.5053880736792595,-0.8177957394634042,1,-2.598399999999754,2.0659999999994714,-0.12559999999996296,0.4300000000001525,-1.9499999999998963,0.12000000000000899,1,-5.446900700483868,1.2131240605114582,-0.48889143762830606,-0.6923709092612309,1.666536771521887,-0.6498250057088081,1,2.5516000000004775,5.229999999999766,-0.5419999999999496,-1.32000000000021,-1.5000000000000568,0.14999999999998348,1,-4.272850521846749,1.2215290433088684,0.782322618757733,1.297483127761081,-1.23664965906413,-0.6319227637822009,1,1.727200000000126,1.7699999999996145,0.7207999999999117,-1.6899999999999693,-0.9999999999998899,-0.41000000000002146,1,-0.06479999999968208,0.1280000000000454,-1.1931999999997638,-1.7900000000000003,-0.09999999999998899,0.8900000000000574,1,3.7803999999996782,-5.757599999999093,0.4819999999999942,0.9199999999998099,1.7699999999996052,-0.14999999999998348,1,2.198400000000224,-5.079200000001567,-1.9647999999997001,0.31999999999987594,1.8399999999996197,0.7099999999999884
1771517212.3553233,8.303765535354614,-4.880887000000173,-0.5704704688680118,-2.667181169552955,3.201999999999927,-0.09309456768313851,-1.0399628040369535,3.2020000000000013,-0.09309456768314486,-1.0399628040368334,4.373798371289835,0.6791926671113729,-2.3345385948702995,4.924330397702569,0.1824633018479655,0.8471583545838406,0,0.0,0.0,0.0,0.0,0.0,0.0,0,0.0,0.0,0.0,0.0,0.0,0.0,1,-4.550384814488564,1.2761833286428093,-0.23549100306159515,-0.6266569720418634,1.5524114914998708,-0.7025187307100235,1,-2.5553999999997385,1.8709999999994817,-0.1135999999999634,0.4300000000001525,-1.9499999999998963,0.11999999999999514,1,-5.498575745093259,1.3935593424481847,-0.5276781279048595,-0.6868684438684507,1.6942851771780458,-0.5692451756978434,1,2.4196000000004565,5.07999999999976,-0.5269999999999513,-1.32000000000021,-1.5000000000000568,0.14999999999998348,1,-4.146155706609043,1.0924694506378765,0.6989093267089362,1.270000000000085,-1.3000000000000853,-0.8300000000000407,1,1.558200000000129,1.6699999999996256,0.6797999999999096,-1.6899999999999693,-0.9999999999998899,-0.41000000000002146,1,-0.243799999999683,0.11800000000004554,-1.104199999999758,-1.7900000000000138,-0.10000000000000286,0.8900000000000574,1,3.8723999999996592,-5.580599999999133,0.46699999999999586,0.9199999999998099,1.7699999999996052,-0.14999999999998348,1,2.2304000000002118,-4.895200000001605,-1.8937999999997013,0.31999999999987594,1.8399999999996197,0.7099999999999884
1771517212.455699,8.404141187667847,-4.622835000000168,-0.5760260342826622,-2.7484861938759106,3.2880000000004017,-0.007094567683108011,-0.953962804036923,3.288000000000001,-0.00709456768314487,-0.9539628040368334,4.62811871512534,1.8118181361940648,0.1736663773803564,4.915779654123082,0.19015669681451236,0.893840490672779,0,0.0,0.0,0.0,0.0,0.0,0.0,0,0.0,0.0,0.0,0.0,0.0,0.0,1,-4.588525651127561,1.410757711662468,-0.2746129825146791,-0.6266532284597325,1.5524028598806185,-0.7025257104174262,1,-2.5209999999997263,1.71499999999949,-0.10399999999996379,0.4300000000001525,-1.9499999999998963,0.11999999999999514,1,-5.538443996283751,1.538541489954852,-0.5569311499201942,-0.686872142622869,1.6942937101498046,-0.5692380758727308,1,2.3140000000004397,4.959999999999756,-0.5149999999999526,-1.32000000000021,-1.5000000000000568,0.14999999999998348,1,-4.045178009076671,0.9890741561055262,0.6306419284163954,1.2700000000000848,-1.2999999999999852,-0.8300000000000416,1,1.4230000000001315,1.5899999999996344,0.6469999999999079,-1.6899999999999693,-0.9999999999998899,-0.41000000000002146,1,-0.3869999999996841,0.11000000000004531,-1.0329999999997534,-1.7900000000000138,-0.10000000000000286,0.8900000000000574,1,3.945999999999644,-5.438999999999164,0.4549999999999972,0.9199999999998099,1.7699999999996052,-0.14999999999998348,1,2.256000000000202,-4.748000000001635,-1.8369999999997022,0.31999999999987594,1.8399999999996197,0.7099999999999884
1771517212.5557444,8.504186630249023,-4.291403000000133,-0.5793674910509741,-2.8412504742795957,3.382000000000218,-0.10109456768314651,-0.8599628040366625,3.382000000000001,-0.10109456768314487,-0.8599628040368335,3.8290830465762387,-2.3136493102664653,2.155236800436653,4.90693872837267,0.19485124358722408,0.9402049291877359,0,0.0,0.0,0.0,0.0,0.0,0.0,0,0.0,0.0,0.0,0.0,0.0,0.0,1,-4.634900919513966,1.5797149266458534,-0.3221960502623059,-0.626648548887405,1.5523920701120633,-0.7025344352543837,1,-2.477999999999711,1.5199999999995004,-0.09199999999996428,0.4300000000001525,-1.9499999999998963,0.11999999999999514,1,-5.586699676708598,1.7204736558035734,-0.5920923308187326,-0.6868767661568695,1.694304376608232,-0.5692292008822656,1,2.208400000000423,4.839999999999751,-0.5029999999999539,-1.32000000000021,-1.5000000000000568,0.14999999999998348,1,-3.944200311544299,0.8856788615731838,0.5623745301238546,1.2700000000000848,-1.299999999999974,-0.8300000000000418,1,1.287800000000134,1.5099999999996432,0.6141999999999062,-1.6899999999999693,-0.9999999999998899,-0.41000000000002146,1,-0.5301999999996843,0.10200000000004508,-0.9617999999997536,-1.7899999999999578,-0.10000000000000286,0.8899999999999466,1,4.0379999999996254,-5.261999999999204,0.43999999999999884,0.9199999999998099,1.7699999999996052,-0.14999999999998348,1,2.2880000000001894,-4.564000000001673,-1.7659999999997034,0.31999999999987594,1.8399999999996197,0.7099999999999884
1771517212.655343,8.603785276412964,-4.018487000000117,-0.5898110564656247,-2.9076914986025297,3.458000000000183,-0.1770945676831115,-0.7839628040366975,3.458000000000001,-0.17709456768314485,-0.7839628040368335,4.413548122684338,-2.2357478445863834,0.41358833503160064,4.898378228110898,0.19997173612236324,0.9828031538010774,0,0.0,0.0,0.0,0.0,0.0,0.0,0,0.0,0.0,0.0,0.0,0.0,0.0,1,-4.670943099369242,1.7154563227589983,-0.35921549948006587,-0.6266448051539599,1.5523834381016388,-0.702541415286043,1,-2.443599999999699,1.3639999999995087,-0.08239999999996467,0.4300000000001525,-1.9499999999998963,0.11999999999999514,1,-5.624022643224954,1.8665645534361663,-0.6191082288980853,-0.6868804650570512,1.6943129099698482,-0.5692221007226527,1,2.076400000000402,4.6899999999997455,-0.4879999999999556,-1.32000000000021,-1.5000000000000568,0.14999999999998348,1,-3.8179781896288345,0.7564347434077557,0.4770402822581801,1.2700000000000848,-1.299999999999973,-0.8299999999999865,1,1.118800000000137,1.4099999999996542,0.573199999999904,-1.6899999999999693,-0.9999999999998899,-0.41000000000002146,1,-0.7091999999996801,0.0920000000000448,-0.872799999999759,-1.7899999999999578,-0.10000000000000286,0.8899999999999466,1,4.11159999999961,-5.120399999999235,0.42800000000000016,0.9199999999998099,1.7699999999996052,-0.14999999999998348,1,2.3136000000001795,-4.416800000001704,-1.7091999999997043,0.31999999999987594,1.8399999999996197,0.7099999999999884
1771517212.7553291,8.703771352767944,-3.6701870000001042,-0.6050205132339361,-2.9835877790062053,3.55799999999995,-0.0770945676831225,-0.6839628040369305,3.558000000000001,-0.07709456768314485,-0.6839628040368335,5.0168367686024995,0.04202913980855336,0.006283272449156019,4.888899872460776,0.20852457820523387,1.0272173758934031,0,0.0,0.0,0.0,0.0,0.0,0.0,0,0.0,0.0,0.0,0.0,0.0,0.0,1,-4.71465019945156,1.885831175851292,-0.4041928848612166,-0.6266401253923909,1.5523726478443836,-0.7025501405281008,1,-2.4005999999996837,1.168999999999519,-0.07039999999996516,0.4300000000001525,-1.9499999999998963,0.11999999999999514,1,-5.6690507577852385,2.049834643763318,-0.6515020268364894,-0.6868850887732105,1.6943235769152456,-0.5692132253142445,1,1.9444000000003905,4.53999999999974,-0.47299999999995723,-1.3199999999999878,-1.5000000000000568,0.14999999999998348,1,-3.69175606771337,0.6271906252423277,0.39170603439250967,1.2700000000000848,-1.299999999999973,-0.8299999999999865,1,0.9498000000001401,1.3099999999996652,0.5321999999999019,-1.6899999999999693,-0.9999999999998899,-0.41000000000002146,1,-0.8881999999996759,0.08200000000004451,-0.7837999999997644,-1.7899999999999578,-0.10000000000000286,0.8899999999999466,1,4.203599999999591,-4.943399999999275,0.4130000000000018,0.9199999999998099,1.7699999999996052,-0.14999999999998348,1,2.345600000000167,-4.232800000001742,-1.6381999999997054,0.31999999999987594,1.8399999999996197,0.7099999999999884
1771517212.8553197,8.803761959075928,-3.387131000000106,-0.6127720786485855,-3.036720803329154,3.470000000000084,-0.1650945676830995,-0.5959628040366205,3.470000000000001,-0.16509456768314484,-0.5959628040368335,3.2486610786730195,-2.4329821796041977,2.9272110857722837,4.8780748182230305,0.21765913913307403,1.0756442566993036,0,0.0,0.0,0.0,0.0,0.0,0.0,0,0.0,0.0,0.0,0.0,0.0,0.0,1,-4.748522505130805,2.022673486324569,-0.4391463058996438,-0.626636381507791,1.5523640154432556,-0.7025571208837331,1,-2.3661999999996715,1.0129999999995274,-0.060799999999965444,0.4300000000001525,-1.9499999999998963,0.12000000000000208,1,-5.703755555664345,2.1969571907518604,-0.6763278047865099,-0.6868887878187528,1.694332110666395,-0.5692061248204204,1,1.8388000000003915,4.419999999999735,-0.46099999999995855,-1.3199999999999878,-1.5000000000000568,0.14999999999998348,1,-3.590778370180998,0.5237953307099853,0.3234386360999733,1.2700000000000848,-1.299999999999973,-0.8299999999999865,1,0.8146000000001425,1.229999999999674,0.49939999999990015,-1.6899999999999693,-0.9999999999998899,-0.41000000000002146,1,-1.0313999999996726,0.07400000000004428,-0.7125999999997686,-1.7899999999999578,-0.10000000000000286,0.8899999999999466,1,4.277199999999576,-4.801799999999306,0.40100000000000313,0.9199999999998099,1.7699999999996052,-0.14999999999998348,1,2.371200000000157,-4.085600000001772,-1.5813999999997064,0.31999999999987594,1.8399999999996197,0.7099999999999884
1771517212.9557793,8.904221534729004,-3.0387310000001007,-0.6306815354168969,-3.0949170837328195,3.569999999999851,-0.2650945676831995,-0.49596280403685356,3.570000000000001,-0.2650945676831449,-0.49596280403683357,4.751041125908084,-1.4611256052108745,0.3969572445743839,4.867511675034218,0.2266777741589474,1.1206905371724727,0,0.0,0.0,0.0,0.0,0.0,0.0,0,0.0,0.0,0.0,0.0,0.0,0.0,1,-4.78947382504754,2.194382603366199,-0.4815650150317389,-0.6266317015574712,1.5523532246977214,-0.7025658465305505,1,-2.323199999999656,0.8179999999995273,-0.04879999999996524,0.4300000000001525,-1.9500000000000068,0.12000000000000208,1,-5.745466704937446,2.381468116672911,-0.7060144429294332,-0.6868934117170548,1.6943427780984315,-0.5691972489945438,1,1.7068000000003927,4.26999999999973,-0.4459999999999602,-1.3199999999999878,-1.5000000000000568,0.14999999999998348,1,-3.4645562482655334,0.3945512125445573,0.23810438823430286,1.2700000000000848,-1.299999999999973,-0.8299999999999865,1,0.6456000000001456,1.129999999999685,0.458399999999898,-1.6899999999999693,-0.9999999999998899,-0.41000000000002146,1,-1.2103999999996684,0.064000000000044,-0.623599999999774,-1.7899999999999578,-0.10000000000000286,0.8899999999999466,1,4.369199999999557,-4.624799999999346,0.3860000000000048,0.9199999999998099,1.7699999999996052,-0.14999999999998348,1,2.4032000000001448,-3.9016000000017863,-1.5103999999997075,0.31999999999987594,1.8400000000000638,0.7099999999999884
1771517213.0552003,9.003642559051514,-2.7512550000001115,-0.6500131008315517,-3.1327181080557667,3.6369999999998894,-0.19809456768316025,-0.4289628040368143,3.6370000000000013,-0.19809456768314487,-0.42896280403683357,4.899939774948544,0.6581463736706855,0.21914179942293924,4.857402565417803,0.23773730686003186,1.161516805904884,0,0.0,0.0,0.0,0.0,0.0,0.0,0,0.0,0.0,0.0,0.0,0.0,0.0,1,-4.821107313100218,2.3322585451160585,-0.514491106320992,-0.6266279575216337,1.5523445919062777,-0.7025728272097517,1,-2.288799999999644,0.6619999999995267,-0.039199999999965075,0.4300000000001525,-1.9500000000000068,0.12000000000000208,1,-5.777483197696144,2.529544091227082,-0.7286994420461342,-0.6868971109080008,1.6943513122385283,-0.5691901481668726,1,1.6012000000003936,4.149999999999725,-0.4339999999999615,-1.3199999999999878,-1.5000000000000568,0.14999999999998348,1,-3.3635785507331617,0.29115591801221485,0.1698369899417665,1.2700000000000848,-1.299999999999973,-0.8299999999999865,1,0.5104000000001481,1.0499999999996938,0.4255999999998963,-1.6899999999999693,-0.9999999999998899,-0.41000000000002146,1,-1.353599999999665,0.056000000000043765,-0.5523999999997783,-1.7899999999999578,-0.10000000000000286,0.8899999999999466,1,4.442799999999542,-4.4831999999993775,0.3740000000000061,0.9199999999998099,1.7699999999996052,-0.14999999999998348,1,2.428800000000135,-3.754400000001781,-1.4535999999997085,0.31999999999987594,1.8400000000000638,0.7099999999999884
1771517213.1550496,9.10349178314209,-2.3841230000001103,-0.6690607834587707,-3.179046388459443,3.7250000000002004,-0.17856189739862138,-0.5169628040366803,3.7250000000000014,-0.17856189739859415,-0.5169628040368336,4.914985666953285,-0.17856189739859415,-0.55191054364374,4.845853875616122,0.2515121683175748,1.206002423448809,0,0.0,0.0,0.0,0.0,0.0,0.0,0,0.0,0.0,0.0,0.0,0.0,0.0,1,-4.859218130115568,2.5052171154333,-0.5544008662608044,-0.6266232773828337,1.5523338006729752,-0.7025815532609444,1,-2.270171114366168,0.48620373874083256,-0.017542602037889585,-0.6792701649471813,-1.0758818551830662,0.5595148371340593,1,-5.815791464510229,2.7151974138090065,-0.7557420339620488,-0.6869017349877319,1.694361980156648,-0.5691812719237899,1,1.4692000000003949,3.9999999999997193,-0.4189999999999632,-1.3199999999999878,-1.5000000000000568,0.14999999999998348,1,-3.237356428817697,0.16191179984678492,0.08450274207609537,1.2700000000000848,-1.300000000000001,-0.8299999999999998,1,0.3414000000001459,0.9499999999996992,0.38459999999989414,-1.6900000000000248,-1.0000000000000007,-0.41000000000002146,1,-1.5081728578930338,0.02674959231730394,-0.4730768537120314,-0.6809723156611049,-0.973915908147345,0.45056908185194294,1,4.534799999999523,-4.306199999999417,0.35900000000000776,0.9199999999998099,1.7699999999996052,-0.14999999999998348,1,2.4608000000001224,-3.570400000001775,-1.3825999999997096,0.31999999999987594,1.8400000000000638,0.7099999999999884
1771517213.2558036,9.204245805740356,-2.084044000000102,-0.6854247352506596,-3.218324412782385,3.8239999999998275,-0.2775618973985816,-0.4179628040370531,3.8240000000000016,-0.27756189739859416,-0.4179628040368336,3.852809637770387,-2.105271242361749,2.3784510772071115,4.832822642177739,0.26467965930028475,1.2544998952598059,0,0.0,0.0,0.0,0.0,0.0,0.0,0,0.0,0.0,0.0,0.0,0.0,0.0,1,-4.888546490806864,2.6440583573676526,-0.5853405397976624,-0.6266461114614649,1.5523238551071294,-0.702601425626524,1,-2.2827547538211506,0.4002488345118599,2.649040209786149e-05,-0.052127622180650555,-1.0661602724488148,0.16411391815507473,1,-5.845052053459396,2.864147489614012,-0.7763378250994042,-0.6868787774245911,1.6943716112846974,-0.5691614222923523,1,1.3636000000003958,3.879999999999715,-0.4069999999999645,-1.3199999999999878,-1.5000000000000568,0.14999999999998348,1,-3.2198425900248475,0.060510673066403016,0.06461914958724942,-0.006794269103059214,-1.2597353758109628,-0.09323910582408594,1,0.20620000000014466,0.8699999999996991,0.3517999999998924,-1.6899999999999973,-1.0000000000000007,-0.41000000000002146,1,-1.5182891730469457,-0.05271953399029302,-0.4580317052762171,-0.0019035434010289426,-0.9907615047422013,0.14081022324590692,1,4.608399999999508,-4.1645999999994485,0.3470000000000091,0.9199999999998099,1.7699999999996052,-0.14999999999998348,1,2.4864000000001125,-3.4232000000017697,-1.3257999999997105,0.31999999999987594,1.8400000000000638,0.7099999999999884
1771517213.3550935,9.30353569984436,-1.6988850000001017,-0.715939924990518,-3.2573616931860903,3.9130000000000544,-0.36656189739858736,-0.32896280403704736,3.9130000000000016,-0.3665618973985941,-0.32896280403683364,4.56446939511313,-1.75419556164088,1.0664301199867285,4.818903624120616,0.28031402492597624,1.3036839758419196,0,0.0,0.0,0.0,0.0,0.0,0.0,0,0.0,0.0,0.0,0.0,0.0,0.0,1,-4.923755991258899,2.818185380263532,-0.6227975776555678,-0.626912669976922,1.5523038706685741,-0.702737521611461,1,-2.2853100739205208,0.2943251852761021,0.015537795956023137,-0.03922631678624095,-1.0457553729429498,0.18918042780570687,1,-5.8798541781329385,3.0508383624649356,-0.8007984875212043,-0.6866113870677258,1.6943893316678333,-0.569026682107825,1,1.231600000000397,3.729999999999709,-0.39199999999996615,-1.3199999999999878,-1.5000000000000568,0.14999999999998348,1,-3.2169529046145438,-0.06426939938893937,0.05276070220768468,0.00026345748323835583,-1.2437346804391258,-0.07682639673218924,1,0.03720000000014495,0.769999999999699,0.3107999999998903,-1.6899999999999973,-1.0000000000000007,-0.41000000000002146,1,-1.516913625981282,-0.1507841672002889,-0.443855373890532,0.03052364611494541,-0.9702215092199878,0.15542944003223472,1,4.7003999999994885,-3.9875999999994844,0.33200000000001073,0.9199999999998099,1.7699999999999605,-0.14999999999998348,1,2.5184000000001,-3.2392000000017633,-1.2547999999997117,0.31999999999987594,1.8400000000000638,0.7099999999999884
1771517213.4572918,9.405734062194824,-1.3041290000001007,-0.7491401147303772,-3.2937139735897825,4.008999999999929,-0.27056189739860237,-0.4249628040366993,4.009000000000001,-0.27056189739859415,-0.4249628040368336,4.866397119875374,0.16699106011112824,-1.0467119089755255,4.803420727275699,0.3014967588948965,1.3550826621110856,0,0.0,0.0,0.0,0.0,0.0,0.0,0,0.0,0.0,0.0,0.0,0.0,0.0,1,-4.957324994467764,2.9929261572538537,-0.6589156487780861,-0.6270102654442604,1.5522965043357224,-0.7027873999205193,1,-2.285454352612513,0.21085950835339537,0.028635078646047127,-0.02822266438008441,-1.0290272250189048,0.20906647258525676,1,-5.91266876772012,3.2380598157924556,-0.8238542746489812,-0.6865134868330076,1.694395868233297,-0.5689772997918214,1,1.126000000000398,3.6099999999997046,-0.3799999999999675,-1.3199999999999878,-1.5000000000000568,0.14999999999998348,1,-3.2102334407775905,-0.18720808612752038,0.04121187212490579,0.00876517445743855,-1.2274338454486469,-0.06073945454847467,1,-0.1317999999998549,0.669999999999699,0.26979999999988813,-1.6899999999999984,-1.0000000000000007,-0.41000000000002146,1,-1.5137883753248325,-0.22778267684429712,-0.43166479991683654,0.056036852678292524,-0.9529291896376119,0.16815714185812053,1,4.773999999999473,-3.8459999999994805,0.32000000000001205,0.9199999999998099,1.7700000000000493,-0.14999999999998348,1,2.5504000000000877,-3.055200000001757,-1.1837999999997129,0.31999999999987594,1.8400000000000638,0.7099999999999884
1771517213.5558922,9.504334449768066,-0.981909000000106,-0.7692850665222656,-3.326210997912722,4.108999999999974,-0.17056189739861338,-0.32496280403693234,4.109000000000001,-0.17056189739859415,-0.32496280403683364,4.981948034412461,0.10391555918622183,-0.06204806973447989,4.787926185015734,0.32052509013022634,1.4046446217594288,0,0.0,0.0,0.0,0.0,0.0,0.0,0,0.0,0.0,0.0,0.0,0.0,0.0,1,-4.982975464079004,3.1331408799769735,-0.6868560118401095,-0.6270414160810585,1.5522941156488004,-0.7028033575411372,1,-2.2832494761810045,0.10816957177149827,0.04594289268952371,-0.013467076460320321,-1.0077436243895659,0.233578441472796,1,-5.937481218584073,3.3881994760919913,-0.8413037508394045,-0.6864822387653109,1.6943979914477265,-0.5689615001730699,1,0.9940000000003992,3.459999999999699,-0.3649999999999691,-1.3199999999999878,-1.5000000000000568,0.14999999999998348,1,-3.2020534629935122,-0.2841554803365646,0.03228053096292484,0.01674088049092489,-1.214272464884073,-0.048223179738083655,1,-0.26699999999985496,0.5899999999996989,0.2369999999998873,-1.6900000000000248,-1.0000000000000007,-0.4099999999999938,1,-1.5073601145094677,-0.3221477321089812,-0.41527747189136244,0.08701712703164037,-0.9301441585275766,0.18549602881431695,1,4.865999999999454,-3.6689999999994756,0.3050000000000137,0.9199999999998099,1.7700000000000493,-0.14999999999998348,1,2.576000000000078,-2.908000000001752,-1.1269999999997138,0.31999999999987594,1.8400000000000638,0.7099999999999884
1771517213.65574,9.604182243347168,-0.5680450000001044,-0.7833772562621283,-3.3557432783164165,4.184999999999994,-0.0945618973986484,-0.24896280403696736,4.1850000000000005,-0.09456189739859415,-0.24896280403683363,4.9159673135933275,0.7924417063049749,0.4123183206732535,4.76846525465408,0.34007104067839766,1.4649541980719762,0,0.0,0.0,0.0,0.0,0.0,0.0,0,0.0,0.0,0.0,0.0,0.0,0.0,1,-5.0135094866478775,3.3089131203508257,-0.7206030646969672,-0.6270574364609331,1.5522928412694335,-0.7028116101426097,1,-2.278388551380813,0.007358522534911446,0.06437696813968571,0.002239552103877068,-0.985970472721297,0.2577668102528904,1,-5.966682174965089,3.5763015161876304,-0.8618910639648313,-0.6864661680885008,1.6943991285308446,-0.5689533284507264,1,0.8620000000004004,3.309999999999693,-0.3499999999999708,-1.3199999999999878,-1.5000000000000568,0.14999999999998348,1,-3.1882744585853615,-0.403485814870627,0.021615120853267382,0.027996868058481977,-1.1976300914288116,-0.0329752680077804,1,-0.43599999999985745,0.4899999999996988,0.19599999999988793,-1.6900000000000248,-1.0000000000000007,-0.4099999999999938,1,-1.4981464910895679,-0.41434921822444937,-0.3975147655451079,0.11722674229026638,-0.9062707915970536,0.20424116877367723,1,4.957999999999435,-3.4919999999994706,0.29000000000001536,0.9199999999998099,1.7700000000000493,-0.14999999999998348,1,2.6080000000000654,-2.7240000000017455,-1.055999999999715,0.31999999999987594,1.8400000000000638,0.7099999999999884
1771517213.7548797,9.703321933746338,-0.1452670000001045,-0.7942483563554664,-3.3763615587201077,4.278000000000005,-0.12532081812632878,-0.1559628040368466,4.2780000000000005,-0.1253208181262988,-0.15596280403683363,5.000262693441548,-0.1253208181262988,0.2470769180090458,4.748414157257475,0.35639251876287337,1.5249745452717023,0,0.0,0.0,0.0,0.0,0.0,0.0,0,0.0,0.0,0.0,0.0,0.0,0.0,1,-5.04232180942519,3.4852190883397536,-0.7530575257532015,-0.6270633255852036,1.5522923234724844,-0.702814693030802,1,-2.2708856847101853,-0.0915096682018981,0.08403984867293442,0.018918489668441462,-0.9637635933962967,0.2815706057833117,1,-5.993847695847673,3.764849363723197,-0.8811391882550008,-0.6864602602710431,1.694399595033269,-0.5689502748862043,1,0.7300000000004017,3.1599999999996875,-0.33499999999997243,-1.3199999999999878,-1.5000000000000568,0.14999999999998348,1,-3.170511853064144,-0.5206409685682979,0.011643177932891487,0.040738370867639616,-1.1808539614015534,-0.018263093390055142,1,-0.6049999999998564,0.3899999999996987,0.15499999999988856,-1.6899999999999693,-1.0000000000000007,-0.4099999999999938,1,-1.4861445511277362,-0.504326298128097,-0.37828463329302503,0.14653607400682628,-0.8813482753784612,0.2243892005526315,1,5.049999999999416,-3.3149999999994657,0.275000000000017,0.9199999999998099,1.7700000000000493,-0.14999999999998348,1,2.640000000000053,-2.540000000001739,-0.9849999999997161,0.31999999999987594,1.8400000000000638,0.7099999999999884
1771517213.8555467,9.803988933563232,0.19978599999989552,-0.8014610218055723,-3.3860255830430614,4.374999999999991,-0.02832081812631504,-0.058962804037054894,4.375000000000001,-0.028320818126298802,-0.05896280403683363,4.992037594521222,-0.02200264473141809,0.3426286684140031,4.726391420302401,0.3743424059825274,1.587794667195686,0,0.0,0.0,0.0,0.0,0.0,0.0,0,0.0,0.0,0.0,0.0,0.0,0.0,1,-5.064697316091012,3.62654623500151,-0.7784400007629879,-0.6267076499387425,1.552353488487116,-0.7025986796631114,1,-2.2629917669089177,-0.16916617011619414,0.10072275698842215,0.03299609025964549,-0.9457465122951941,0.30027634973664385,1,-6.0135342879645215,3.9160672340275706,-0.8952615471337897,-0.6868174388270971,1.694341792647706,-0.5691651131946894,1,0.6244000000004026,3.039999999999683,-0.32299999999997375,-1.3199999999999878,-1.5000000000000568,0.14999999999998348,1,-3.1534122465353565,-0.6127167658847938,0.0042687440548540585,0.05202952939661094,-1.1673969244129985,-0.006948460733630963,1,-0.740199999999854,0.3099999999996986,0.12219999999988906,-1.6899999999999693,-1.0000000000000007,-0.4099999999999938,1,-1.474543633101277,-0.5746646503210263,-0.36177848748897135,0.1691940558554249,-0.8606674367060876,0.24153207662545767,1,5.123599999999401,-3.1733999999994618,0.26300000000001833,0.9199999999998099,1.7700000000000493,-0.14999999999998348,1,2.665600000000043,-2.392800000001734,-0.928199999999717,0.31999999999987594,1.8400000000000638,0.7099999999999884
1771517213.9552033,9.903645515441895,0.6406899999998963,-0.8076971036182031,-3.388517863446751,4.466999999999999,-0.12032081812629603,0.03303719596337018,4.4670000000000005,-0.1203208181262988,0.03303719596316637,4.9861066384986215,-0.12664058747841897,0.36015409559897893,4.702801608464596,0.39137393489781325,1.6524174637498272,0,0.0,0.0,0.0,0.0,0.0,0.0,0,0.0,0.0,0.0,0.0,0.0,0.0,1,-5.090330323126308,3.8037290002260664,-0.808618547728456,-0.6267029771918748,1.5523426858492917,-0.7026074203129333,1,-2.2507766057217804,-0.2643941480793744,0.12285141366729811,0.05153188084235124,-0.9229802744703685,0.32317073895676396,1,-6.037043715817941,4.105343249324246,-0.9121782694230851,-0.6868220554436242,1.6943524717296559,-0.5691562222963857,1,0.49240000000040385,2.8899999999996773,-0.3079999999999754,-1.3199999999999878,-1.5000000000000568,0.14999999999998348,1,-3.1284071971596648,-0.7256492645605378,-0.0040602785141425225,0.06752565419509161,-1.1506034937208756,0.0065459056619545045,1,-0.9091999999998509,0.20999999999969854,0.0811999999998897,-1.6899999999999693,-1.0000000000000007,-0.4099999999999938,1,-1.457562850533257,-0.6604826571000325,-0.33965932873441695,0.19638751051987907,-0.8339295201139887,0.26423209208611415,1,5.215599999999382,-2.996399999999457,0.2480000000000196,0.9199999999998099,1.7700000000000493,-0.15000000000001124,1,2.6976000000000306,-2.2088000000017276,-0.8571999999997182,0.31999999999987594,1.8400000000000638,0.7099999999999884
1771517214.05514,10.003582239151001,1.0914219999998978,-0.8193778961466164,-3.381182143850429,4.563000000000095,-0.11195678754971627,0.1290371959630221,4.563000000000001,-0.11195678754969382,0.12903719596316637,4.981740749276842,-0.11195678754969382,0.39347317108783975,4.621584000000052,0.4054127224447434,1.6938294481758516,0,0.0,0.0,0.0,0.0,0.0,0.0,0,0.0,0.0,0.0,0.0,0.0,0.0,1,-5.114179452281649,3.981366154103431,-0.8375584416829068,-0.6266983043396925,1.5523318829391104,-0.7026161611886592,1,-2.237174685238806,-0.3583295977801523,0.14578184213207412,-0.06839939302249258,-0.9681512765404481,0.30525026811772565,1,-6.058458743196639,4.294978078570825,-0.9278189478473394,-0.6868266721612094,1.6943631510828632,-0.5691473311648573,1,0.36040000000040506,2.7399999999996716,-0.29299999999997706,-1.3199999999999878,-1.5000000000000568,0.14999999999998348,1,-3.100813993507197,-0.8365549788819759,-0.01149244862839999,-0.0687083930373665,-1.1537408399059488,0.03674785117387468,1,-1.073874592747184,0.11245935837566233,0.042363571242872246,-1.257753963509789,-0.7535819931686466,-0.1936138595475432,1,-1.4395272821573224,-0.7450870044860609,-0.31700203163294854,0.0733481671695458,-0.9349101093852072,0.15503640946672054,1,5.307599999999363,-2.819399999999452,0.23300000000001847,0.9199999999998099,1.7700000000000493,-0.15000000000001124,1,2.7296000000000182,-2.0248000000017212,-0.7861999999997193,0.31999999999987594,1.8400000000000638,0.7099999999999884
1771517214.1545925,10.103034734725952,1.4583619999999051,-0.8269856056212924,-3.368959168173383,4.663000000000083,-0.04096554916543926,0.22903719596323313,4.663,-0.04096554916544279,0.22903719596316638,4.931285806511008,-0.04096554916544278,0.2372133930235078,4.40865900000005,0.41080851594880535,1.689300699965584,0,0.0,0.0,0.0,0.0,0.0,0.0,0,0.0,0.0,0.0,0.0,0.0,0.0,1,-5.131960493172272,4.123784110426489,-0.8598318121290761,-0.6266945659823534,1.5523232404148595,-0.7026231540518969,1,-2.238322680303479,-0.4420045653111189,0.1563390806518333,-0.11326962357037207,-0.9989845156702923,0.29210078665946626,1,-6.074069378193621,4.446922695031707,-0.9394289413444519,-0.6868303656082888,1.6943716947608958,-0.5691402180919347,1,0.25480000000040604,2.619999999999667,-0.2809999999999784,-1.3199999999999878,-1.5000000000000568,0.14999999999998348,1,-3.0931994351407446,-0.9295225184800704,-0.019676260984379912,-0.13949099537939186,-1.1529202325113626,0.05791841213524449,1,-1.1542399540517716,0.0637977820732629,0.03878284185639732,-1.0458002693799957,-0.6054247652956036,-0.03996020131101947,1,-1.4429212639219555,-0.8259594291950175,-0.31260301719522143,0.01918353293382537,-1.0017265894731608,0.08057117431696534,1,5.381199999999348,-2.677799999999448,0.22100000000001757,0.9199999999998099,1.7700000000000493,-0.15000000000001124,1,2.7552000000000083,-1.8776000000017161,-0.7293999999997203,0.31999999999987594,1.8400000000000638,0.7099999999999884
1771517214.2547631,10.203205347061157,1.926624130526999,-0.8281421605378373,-3.3431154485770684,4.7190608722025305,0.04303445083453372,0.31303719596298407,4.719060872202482,0.04303445083455722,0.31303719596316637,4.719060872202482,0.16571047788989668,0.4095311231587235,4.217527571428618,0.4139609805153941,1.681862016132826,0,0.0,0.0,0.0,0.0,0.0,0.0,0,0.0,0.0,0.0,0.0,0.0,0.0,1,-5.152547096155217,4.302168073504408,-0.8865922723124967,-0.6266898929411975,1.5523124370146688,-0.7026318953341488,1,-2.234472562069641,-0.5442272066155073,0.17084311890697512,-0.051705045234800705,-0.9726332750120588,0.3068221095492881,1,-6.091664714266711,4.637122324453845,-0.9528338312925453,-0.6868349825080713,1.6943823746025057,-0.5691313265411686,1,0.12280000000040722,2.4699999999996614,-0.26599999999998003,-1.3199999999999907,-1.5000000000000568,0.14999999999998348,1,-3.0776424696490814,-1.0430755548817385,-0.028873987834774153,-0.09555027714308387,-1.1334229748757345,0.06487613477044978,1,-1.2625382398288527,-0.0021474943668945623,0.03542582721826233,-1.1505856449732301,-0.6459432797277695,-0.027055482361027096,1,-1.441493212195575,-0.9245437932460766,-0.3051132701978576,0.07741451975678551,-0.9657921255552315,0.10127100924516419,1,5.473199999999329,-2.500799999999443,0.20600000000001645,0.9199999999998099,1.7700000000000493,-0.15000000000001124,1,2.787199999999996,-1.6936000000017097,-0.6583999999997214,0.31999999999987594,1.8400000000000638,0.7099999999999884
1771517214.3557389,10.304181098937988,2.3020100003031985,-0.8225604044710744,-3.315933472900027,4.626060872202409,0.13603445083454346,0.40603719596310484,4.626060872202482,0.13603445083455723,0.40603719596316634,4.525228476614459,0.38150044372776465,0.43158050575390705,3.9918568564505765,0.4136622529859906,1.6685838709268856,0,0.0,0.0,0.0,0.0,0.0,0.0,0,0.0,0.0,0.0,0.0,0.0,0.0,1,-5.16769242072019,4.4451467209437165,-0.9071484359718527,-0.62668615443276,1.5523037940986917,-0.7026388885224563,1,-2.2272406824960846,-0.6234440861336454,0.1834854484358212,-0.0035829820526199776,-0.9433125562319635,0.3164044628988844,1,-6.104194954711737,4.789476937867823,-0.9626871825138693,-0.6868386761005703,1.694390918671057,-0.5691242131329336,1,0.017200000000407084,2.349999999999657,-0.25399999999998135,-1.3200000000000018,-1.5000000000000568,0.14999999999998348,1,-3.060269422578666,-1.1313711526458887,-0.03538711674401602,-0.05759680204221603,-1.11537650455609,0.06605419815989368,1,-1.3557192086830914,-0.06074125729939455,0.033775870027041854,-1.2376600667815023,-0.699076447711134,-0.017065756899415817,1,-1.4356722605838361,-1.0004144323644553,-0.29745560009468874,0.12354613674464207,-0.9250019760600949,0.1198261197438973,1,5.546799999999314,-2.359199999999439,0.19400000000001555,0.9199999999998099,1.7700000000000493,-0.15000000000001124,1,2.812799999999986,-1.5464000000017046,-0.6015999999997224,0.31999999999987594,1.8400000000000638,0.7099999999999884
1771517214.455331,10.403773307800293,2.761484087523449,-0.8115849436909837,-3.2721977533037103,4.539060872202683,0.06303488685222014,0.4930371959632751,4.539060872202482,0.06303488685225615,0.4930371959631663,4.261760269874319,0.06303488685225615,0.8529462743656014,3.7710823956849913,0.40898909569516595,1.6511282152548454,0,0.0,0.0,0.0,0.0,0.0,0.0,0,0.0,0.0,0.0,0.0,0.0,0.0,1,-5.184953159491655,4.624185402860003,-0.931795907974134,-0.6266814812027287,1.5522929902087614,-0.7026476302107396,1,-2.231365458722748,-0.7204485859729521,0.1983658259221896,-0.3240547166272987,-0.8844957903209009,0.3542334981077101,1,-6.1179100497768015,4.980136608579536,-0.973936867184774,-0.6868432931820896,1.6944015990005632,-0.5691153211632233,1,-0.11479999999959305,2.199999999999651,-0.23899999999998095,-1.3200000000000018,-1.5000000000000568,0.15000000000001124,1,-3.046276128773053,-1.2469140794168936,-0.043911042526391435,-0.31042230200697213,-1.1808813959359192,0.16998100292355808,1,-1.4354139572702604,-0.13784477819401367,0.035727396405527204,-0.437753858718213,-0.7122299698428816,0.027432206552217765,1,-1.4349736941601368,-1.084955974862806,-0.2842190571343783,-0.08021260364932789,-0.7830439516837107,0.136626963066609,1,5.638799999999295,-2.182199999999434,0.17900000000001443,0.9199999999998099,1.7700000000000493,-0.15000000000001124,1,2.8447999999999736,-1.3624000000016983,-0.5305999999997235,0.31999999999987594,1.8400000000000638,0.7099999999999884
1771517214.556213,10.504655122756958,3.122844957299657,-0.8047781527428053,-3.2309907776266495,4.441060872202307,0.16103488685226264,0.5910371959632066,4.441060872202482,0.16103488685225614,0.5910371959631663,4.0220599889353705,0.17711859150859172,0.9555009620818101,3.5786453063290935,0.4052284754894456,1.6316874912142891,0,0.0,0.0,0.0,0.0,0.0,0.0,0,0.0,0.0,0.0,0.0,0.0,0.0,1,-5.197413493089674,4.767650770320833,-0.9506889326150606,-0.6266777425434744,1.5522843469013288,-0.7026546237238117,1,-2.2458751074750385,-0.7984769664775078,0.2102834552729274,-0.3223797857074664,-0.8684380520295474,0.3789649800910193,1,-6.127313088501119,5.1328171896887875,-0.9820989786522744,-0.6868469869199545,1.6944101434592702,-0.5691082074200243,1,-0.22039999999959217,2.0799999999996466,-0.22699999999998005,-1.3199999999999878,-1.5000000000000568,0.15000000000001124,1,-3.041829301600636,-1.3448440751441062,-0.05033204224496984,-0.28551854527173265,-1.174697078491726,0.1946725929548771,1,-1.4653421547500523,-0.19701207043634514,0.04119746325229088,-0.4342044563701445,-0.7041782649550103,0.035622791079228534,1,-1.441218360908151,-1.1465874006556014,-0.27069695736022725,-0.06698204595547322,-0.7691094105302819,0.15693668622304538,1,5.712399999999279,-2.04059999999943,0.16700000000001353,0.9199999999998099,1.7700000000000493,-0.15000000000001124,1,2.8703999999999636,-1.2152000000016931,-0.47379999999972444,0.31999999999987594,1.8400000000000638,0.7099999999999884
1771517214.6555896,10.604031801223755,3.4764048270758456,-0.7901703617946232,-3.181982801949597,4.366060872202482,0.2360348868523099,0.6660371959630318,4.366060872202482,0.23603488685225615,0.6660371959631662,3.81287114660442,0.3264900799372729,0.9813747961930203,3.3808437300115415,0.4002956228423232,1.607811905265803,0,0.0,0.0,0.0,0.0,0.0,0.0,0,0.0,0.0,0.0,0.0,0.0,0.0,1,-5.208665419637574,4.911308570361482,-0.968860606975064,-0.6266740038168112,1.5522757034201167,-0.7026616173809638,1,-2.2583538479357554,-0.8761370591266302,0.22395642278317685,-0.32005216543387965,-0.8521062988207999,0.4039389378250017,1,-6.135312097619116,5.285615571212543,-0.989530899896567,-0.6868506807224348,1.6944186880912486,-0.569101093528068,1,-0.32599999999959123,1.959999999999642,-0.21499999999997915,-1.3199999999999878,-1.5000000000000568,0.15000000000001124,1,-3.034168868462792,-1.4420149615701403,-0.05513272570794506,-0.2590185377616976,-1.168376747496354,0.21825251478114133,1,-1.493957530944491,-0.2558897465043208,0.04863369405137003,-0.43115776401916,-0.6962792853724185,0.04460508223638675,1,-1.4456609955849604,-1.2071232229034339,-0.25560066258876124,-0.05428699153742975,-0.7549019009712474,0.1778270831493088,1,5.785999999999264,-1.8989999999994263,0.15500000000001263,0.9199999999998099,1.7700000000000493,-0.15000000000001124,1,2.8959999999999537,-1.068000000001688,-0.41699999999972537,0.31999999999987594,1.8400000000000638,0.7099999999999884
1771517214.7552633,10.703705549240112,3.91111091429609,-0.7652888459652937,-3.11347908235329,4.266060872202272,0.30329947338381125,0.7660371959632428,4.266060872202482,0.3032994733837626,0.7660371959631662,3.5844587613713665,0.3032994733837626,1.1298384799240437,3.193188058470324,0.39137606124677526,1.5805251021810935,0,0.0,0.0,0.0,0.0,0.0,0.0,0,0.0,0.0,0.0,0.0,0.0,0.0,1,-5.221017436479956,5.091128937192765,-0.9905778549363236,-0.6266693303146584,1.5522648988240213,-0.702670359655208,1,-2.27171611607299,-0.9727007980943467,0.24362477106240246,-0.3204331560112572,-0.826158265697489,0.43314115439535633,1,-6.143323824867045,5.476753759141119,-0.9978144530058557,-0.68685529806627,1.694429369124638,-0.5690922009540554,1,-0.45799999999959,1.8099999999996363,-0.19999999999997803,-1.3199999999999878,-1.5000000000000568,0.15000000000001124,1,-3.0180994529637046,-1.562026683520967,-0.059061755041286565,-0.2185556641010295,-1.1821593194265545,0.2455553025180906,1,-1.5287825065390066,-0.32898213106196794,0.06036430157971574,-0.44328277423080104,-0.6692386544412349,0.035573194190467096,1,-1.449155530084614,-1.2813922316566482,-0.2339744924066183,-0.033095352496019255,-0.7349730294854188,0.2309884819648406,1,5.877999999999245,-1.7219999999994213,0.1400000000000115,0.9199999999998099,1.7700000000000493,-0.15000000000001124,1,2.9279999999999413,-0.8840000000016888,-0.3459999999997265,0.31999999999987594,1.8399999999999532,0.7099999999999884
1771517214.8560486,10.804490804672241,4.250287784072278,-0.7431328880945909,-3.0500881066762386,4.198060872202092,0.23529947338374324,0.8340371959629778,4.198060872202483,0.23529947338376261,0.8340371959631663,3.2891650109215966,-0.03388382425339904,0.8431802251223408,3.001783934129932,0.3796114282488088,1.5490791692170125,0,0.0,0.0,0.0,0.0,0.0,0.0,0,0.0,0.0,0.0,0.0,0.0,0.0,1,-5.2295182106625155,5.235165680513425,-1.0071676146587738,-0.6266655914373576,1.5522562549518573,-0.7026773536366188,1,-2.2799218918487103,-1.0488919814537983,0.261282621806319,-0.31988094350760043,-0.8056213538734646,0.4584829736461037,1,-6.148133867554614,5.629756091152294,-1.003652799164351,-0.6868589920137499,1.6944379141462285,-0.5690850867275935,1,-0.5635999999995891,1.6899999999996318,-0.18799999999997713,-1.3199999999999878,-1.5000000000000568,0.15000000000001124,1,-3.0019871963908273,-1.6584907190857554,-0.059956908840884726,-0.18426312155244196,-1.1756087671451483,0.2658355941271624,1,-1.556060014847254,-0.38582720770892,0.07067207713810035,-0.44233703212552716,-0.6587128892101783,0.04899284598602499,1,-1.4488605003752804,-1.338901073724135,-0.21330127585876396,-0.018221417598422596,-0.7136968767835523,0.25617896978729277,1,5.95159999999923,-1.5803999999994174,0.1280000000000106,0.9199999999998099,1.7700000000000493,-0.15000000000001124,1,2.9535999999999314,-0.7368000000016925,-0.28919999999972745,0.31999999999987594,1.8399999999999532,0.7099999999999884
1771517214.9561095,10.90455174446106,4.585332653848448,-0.7235089302238915,-2.9825651309991987,4.118060872202278,0.31529947338373443,0.9140371959631466,4.098060872202483,0.33529947338376265,0.9340371959631663,3.21156306373957,0.4259491842264425,1.0449653265563812,2.8181822861891326,0.3683899011566149,1.513784551192619,0,0.0,0.0,0.0,0.0,0.0,0.0,0,0.0,0.0,0.0,0.0,0.0,0.0,1,-5.236782510140444,5.37934674396914,-1.0230729208520506,-0.6266618524932365,1.5522476109061398,-0.7026843477621114,1,-2.286044235410211,-1.1243405785253482,0.2809292555663824,-0.31838485562854474,-0.7846378570227431,0.48408609640174294,1,-6.15151398464016,5.782821862078378,-1.008805171503872,-0.6868626860259455,1.6944464593406976,-0.5690779723526816,1,-0.6691999999995881,1.5699999999996272,-0.17599999999997623,-1.3199999999999878,-1.5000000000000568,0.15000000000001124,1,-2.9823246411578364,-1.7536762694656816,-0.05890343582628755,-0.1481974108494962,-1.168750707456927,0.2842038865524671,1,-1.582266158398748,-0.44198871931349654,0.08324149153703025,-0.4420739668851172,-0.6482744022483795,0.06281443260355961,1,-1.4468629107016904,-1.3946959420435125,-0.19096213838586865,-0.00393029939764136,-0.6914114618784609,0.28167573472954816,1,6.025199999999215,-1.4387999999994134,0.11600000000001054,0.9199999999998099,1.7700000000000493,-0.14999999999999733,1,2.9791999999999215,-0.5896000000016963,-0.23239999999972838,0.31999999999987594,1.8399999999999532,0.7099999999999884
1771517215.055359,11.003801107406616,4.992511741068674,-0.6873519828855167,-2.886534411402874,4.027060872202171,0.4062994733837755,1.005037195963343,4.027060872202483,0.40629947338376265,1.0050371959631663,3.0073783485747794,0.47556979195350646,1.0142924031607066,2.6376666382483367,0.3560543740644223,1.475403933168225,0,0.0,0.0,0.0,0.0,0.0,0.0,0,0.0,0.0,0.0,0.0,0.0,0.0,1,-5.244119540891619,5.559756901084661,-1.042009574901008,-0.6268606662123999,1.5522283367642429,-0.7027902137536755,1,-2.2902839303509652,-1.2172759129583774,0.308429676478495,-0.3152036910455137,-0.7577436244212085,0.5163333401684411,1,-6.153709402570554,5.974214198124636,-1.0143024571173793,-0.6866632243485985,1.69446398072247,-0.5689730682869452,1,-0.8011999999995869,1.4199999999996216,-0.1609999999999751,-1.3199999999999878,-1.5000000000000568,0.15000000000001124,1,-2.9523539080038055,-1.8702706371616735,-0.05465946736731374,-0.10112166213042033,-1.1597287167008408,0.3043179056979127,1,-1.6147191652390749,-0.5118059408830861,0.10181700454222367,-0.4421958783788161,-0.6353548105293175,0.08053752654728649,1,-1.4416249267799732,-1.461821567984412,-0.1605849806148365,0.012729768495241869,-0.6620995232346102,0.3138507181762103,1,6.117199999999196,-1.2617999999994085,0.1010000000000108,0.9199999999998099,1.7700000000000493,-0.14999999999999733,1,3.011199999999909,-0.40560000000169816,-0.16139999999972954,0.31999999999987594,1.8400000000000083,0.7099999999999884
1771517215.1555717,11.104013919830322,5.312586610844849,-0.6569380250148161,-2.8082214357258057,3.9320608722022143,0.3112994733837082,0.9100371959633868,3.932060872202483,0.3112994733837626,0.9100371959631663,3.0437789284192895,0.08125217536095784,0.1430951389565921,2.459446459871439,0.3392066972355368,1.4322117965458403,0,0.0,0.0,0.0,0.0,0.0,0.0,0,0.0,0.0,0.0,0.0,0.0,0.0,1,-5.248595802889902,5.704219308076382,-1.0564165262059844,-0.6269967061481971,1.5522182180733763,-0.7028595909469695,1,-2.291657946130582,-1.2907775745472714,0.33258419006761075,-0.31149032629275225,-0.7358307625057264,0.542202545453496,1,-6.1538226400090466,6.127350322788803,-1.0179637182273473,-0.686526760578635,1.6944729449361458,-0.5689043842153334,1,-0.9067999999995859,1.299999999999617,-0.1489999999999742,-1.3199999999999878,-1.5000000000000568,0.15000000000001124,1,-2.9246339839369373,-1.961964937679277,-0.04898545788608767,-0.06138374672463546,-1.1522536149780533,0.3178706737348033,1,-1.6385193840229324,-0.5662746020652442,0.11942429937057962,-0.44371607471474456,-0.6252761174439517,0.09502539635574951,1,-1.4359155172875848,-1.5134687656134804,-0.1344420772249334,0.025370520318447408,-0.6375250898360856,0.33989329673506863,1,6.1907999999991805,-1.1201999999994046,0.08900000000001101,0.9199999999998099,1.7700000000000493,-0.14999999999999733,1,3.036799999999899,-0.2584000000016975,-0.10459999999973006,0.31999999999987594,1.8400000000000083,0.7100000000000024
1771517215.2554457,11.203887939453125,5.702888698065075,-0.6229040776764424,-2.7160337877153613,3.8440608722023484,0.39929947338379623,0.945913814572652,3.844060872202483,0.3992994733837626,0.9459138145727286,2.4774919973558105,0.9402805570730071,0.9459138145727286,2.2748956293140368,0.32302127172319317,1.3881850669335436,0,0.0,0.0,0.0,0.0,0.0,0.0,0,0.0,0.0,0.0,0.0,0.0,0.0,1,-5.252425047593917,5.884935831306565,-1.073516592323125,-0.6270665914949041,1.5522129740617518,-0.7028952766525427,1,-2.2896821241717453,-1.3815189617014305,0.36528511527000834,-0.3053593414748639,-0.7081140655251592,0.5744371966360344,1,-6.151911592971022,6.318775579817,-1.0216433209833415,-0.6864566573138637,1.6944775951117137,-0.568869054195449,1,-1.0387999999995847,1.1499999999996113,-0.13399999999997309,-1.3199999999999878,-1.5000000000000568,0.15000000000001124,1,-2.884545210451104,-2.074038634949887,-0.039090037126005346,-0.010096983895549397,-1.1426800330422555,0.3313982799156845,1,-1.666151584533744,-0.633484273786043,0.14438865054989894,-0.4469518419344335,-0.6131552162623359,0.11324126302089407,1,-1.4282215176628623,-1.574828034703217,-0.09870526992951464,0.04029380487834852,-0.606610114143128,0.37200391152697193,1,6.2827999999991615,-0.9431999999993996,0.07400000000001128,0.9199999999998099,1.7700000000000493,-0.14999999999999733,1,3.0687999999998867,-0.07440000000169705,-0.03359999999972983,0.31999999999987594,1.839999999999994,0.7100000000000024
1771517215.3552828,11.303725004196167,6.0087035678412635,-0.5892501198057395,-2.640278094746449,3.749060872202392,0.49429947338375246,0.9505020258560037,3.7490608722024827,0.49429947338376257,0.9505020258559046,2.3021074167904207,1.0564014826296777,0.9505020258559046,2.088972707448326,0.30526289700077236,1.3433552297318045,0,0.0,0.0,0.0,0.0,0.0,0.0,0,0.0,0.0,0.0,0.0,0.0,0.0,1,-5.254062251833901,6.029599688529072,-1.0864845407624728,-0.6270889031116,1.5522112623646565,-0.7029067070847441,1,-2.286196234011029,-1.4526691915048309,0.3939827484963297,-0.2994078516176225,-0.6854388982914374,0.6000933341870514,1,-6.148737661272053,6.4719013363869315,-1.023887019544738,-0.6864342759696165,1.694479116593915,-0.5688577370097979,1,-1.1443999999995838,1.0299999999996068,-0.12199999999997248,-1.3199999999999878,-1.5000000000000568,0.14999999999999733,1,-2.8487589458869507,-2.161337133343258,-0.02845483689719018,0.03258152416920944,-1.1346844684225454,0.33949306571592425,1,-1.6876705221942083,-0.6861546850983224,0.16697527698771875,-0.45035850798359994,-0.6036276381494068,0.1280473416294276,1,-1.418933979884845,-1.6220184215229088,-0.06873511732652911,0.0507673180229524,-0.5798071158227274,0.39835904479464335,1,6.356399999999146,-0.8015999999993957,0.06200000000001149,0.9199999999998099,1.7700000000000493,-0.14999999999999733,1,3.094399999999877,0.07279999999830294,0.023200000000270147,0.31999999999987594,1.839999999999997,0.709999999999999
1771517215.4553683,11.403810501098633,6.380704655061501,-0.5427251724673623,-2.5423228921608465,3.666060872202337,0.41129947338380823,1.033502025856059,3.6660608722024826,0.41129947338376255,1.0335020258559047,1.8671225744284303,-0.49700110247496787,1.655061997072584,1.9285597583662728,0.2857797009054763,1.3031300637526433,0,0.0,0.0,0.0,0.0,0.0,0.0,0,0.0,0.0,0.0,0.0,0.0,0.0,1,-5.25431222822824,6.210517120156019,-1.1018245654388228,-0.6271003844628359,1.5522103356478403,-0.7029126348632222,1,-2.278774028174275,-1.5399103854807796,0.4327171436601731,-0.29055606324830013,-0.6567224116829739,0.6318212235280164,1,-6.1427067433500255,6.663264031421726,-1.025840540129169,-0.6864227585477565,1.6944799446613472,-0.5688518671279011,1,-1.2763999999995825,0.8799999999996101,-0.10699999999997274,-1.3199999999999878,-1.499999999999946,0.14999999999999733,1,-2.799038936142008,-2.2672475664492118,-0.011879608251212913,0.08737819727846856,-1.1244084779554173,0.34595419516788556,1,-1.7132048441329653,-0.7507980732604349,0.198293313248765,-0.4557999337022617,-0.592093609140341,0.14658391747503358,1,-1.4052481351653148,-1.6779814124903847,-0.02882549575059709,0.06226499231462507,-0.5449527087696753,0.43132221018726524,1,6.448399999999127,-0.6245999999993908,0.047000000000011755,0.9199999999998099,1.7700000000000493,-0.14999999999999733,1,3.1263999999998644,0.2567999999983034,0.09420000000027033,0.31999999999987594,1.8400000000000083,0.7100000000000024
1771517215.5556033,11.504045486450195,6.672069524837686,-0.5117412145966596,-2.4577227300923687,3.570060872202241,0.3152994733837122,1.129502025855711,3.5700608722024825,0.3152994733837625,1.1295020258559048,2.023072163828721,0.2692101391667091,1.1805756380345718,1.7619888811306197,0.26601569307969164,1.2577259197442943,0,0.0,0.0,0.0,0.0,0.0,0.0,0,0.0,0.0,0.0,0.0,0.0,0.0,1,-5.253066228787258,6.3553025251850865,-1.1134158589682532,-0.627104066003737,1.5522100010970603,-0.7029145729352881,1,-2.2703838188924834,-1.6082275580004277,0.4659970259264021,-0.28235825067646225,-0.6335153555817296,0.6568247554656511,1,-6.1362252146737575,6.816298482321192,-1.026740384847715,-0.6864190652864103,1.6944802469548932,-0.5688499473117723,1,-1.3819999999995816,0.7599999999996144,-0.09499999999997295,-1.3199999999999878,-1.499999999999946,0.14999999999999733,1,-2.755339915950635,-2.349171033400041,0.004089174512089409,0.13214437417790922,-1.115988695025576,0.34810941793883027,1,-1.7325735429614704,-0.8015358894117144,0.22578935102310296,-0.4610831935315062,-0.5831826328263942,0.16134716513111397,1,-1.3927208777150957,-1.7202418739944194,0.005068217644056013,0.07007095599073175,-0.5160345249738325,0.4576220449970929,1,6.521999999999112,-0.48299999999938736,0.035000000000011966,0.9199999999998099,1.7699999999999938,-0.14999999999999733,1,3.1519999999998545,0.40399999999830405,0.15100000000027,0.31999999999987594,1.8400000000000083,0.7099999999999884
1771517215.655751,11.604193210601807,6.956569394613872,-0.4876222567259602,-2.3662575680239075,3.4850608722027943,0.230299473383766,1.2145020258560457,3.4850608722024825,0.2302994733837625,1.2145020258559047,1.7103080142025824,-0.19358125255614947,1.2753666554963057,1.605716875982068,0.25072624746943756,1.2104326477822227,0,0.0,0.0,0.0,0.0,0.0,0.0,0,0.0,0.0,0.0,0.0,0.0,0.0,1,-5.251162898394255,6.50017294833092,-1.1246348215811262,-0.6267472971433078,1.5522694240053472,-0.702699821131225,1,-2.2598208968953415,-1.6751230991153887,0.50131434191774,-0.2731874936210142,-0.6101625284963145,0.6814019205768423,1,-6.127652849975065,6.96921018961619,-1.026857086306715,-0.6867773285721726,1.6944241695725548,-0.5690634973493488,1,-1.4875999999995806,0.6399999999996188,-0.08299999999997316,-1.3199999999999878,-1.499999999999946,0.14999999999999733,1,-2.7082344027139285,-2.42839248934851,0.022537766664508203,0.17751888785445485,-1.1074139920592843,0.3475310735560217,1,-1.7510317913252988,-0.8513904366229548,0.2554288810654197,-0.46717074456392016,-0.5745632161215594,0.17597401270425211,1,-1.3788737399252853,-1.7601950753247135,0.040714379208972536,0.07654133408985736,-0.4862469565375718,0.48377653264286014,1,6.595599999999097,-0.34139999999938786,0.023000000000011987,0.9199999999998099,1.7699999999999938,-0.15000000000000083,1,3.1775999999998445,0.5511999999983032,0.20780000000026908,0.31999999999987594,1.8399999999999532,0.7099999999999884
1771517215.7578576,11.706299781799316,7.3022874818341545,-0.46648885429796866,-2.247595365438315,3.403060872202879,0.17451874072538232,1.1325020258556862,3.4030608722024827,0.17451874072537,1.1325020258559046,1.7554702222191612,0.17451874072537,0.7917679680293216,1.4630195406349116,0.2399324003902009,1.1626740130501678,0,0.0,0.0,0.0,0.0,0.0,0.0,0,0.0,0.0,0.0,0.0,0.0,0.0,1,-5.247310623860648,6.644988183765662,-1.1350633572772149,-0.6267435641793079,1.5522607709219556,-0.702706826878689,1,-2.2470998728954803,-1.740491704207194,0.5386665205327267,-0.2630691013784353,-0.5867252293501031,0.7054745052381275,1,-6.1182590631788845,7.122107654318921,-1.0266314454903949,-0.6867810165480306,1.6944327236119434,-0.5690563713093119,1,-1.6195999999995794,0.4899999999996238,-0.06799999999997343,-1.3199999999999878,-1.499999999999985,0.14999999999999733,1,-2.644708179233312,-2.5233287055576974,0.04918246053765611,0.23477189366195167,-1.0965058198534716,0.3429251784874513,1,-1.7686089736130615,-0.9003514884076672,0.28718388986857324,-0.47403500393192094,-0.5662414407084371,0.19039515313466407,1,-1.3637927872898352,-1.7977749469062834,0.07811480650142648,0.08159200551869315,-0.4556453251073985,0.5097044769426067,1,6.669199999999082,-0.19979999999938836,0.01100000000001192,0.9199999999998099,1.7699999999999938,-0.15000000000000083,1,3.2031999999998346,0.6983999999982994,0.2646000000002682,0.31999999999987594,1.8399999999999532,0.7099999999999884
1771517215.8552625,11.803704738616943,7.572021351610364,-0.455038355039938,-2.1544842033698535,3.322060872202215,0.09351874072538457,1.213502025855906,3.3220608722024827,0.09351874072536999,1.2135020258559046,0.5383490623239436,-0.06788478762928872,1.7204775966136634,1.3216317721052997,0.23184827722318127,1.114737666512312,0,0.0,0.0,0.0,0.0,0.0,0.0,0,0.0,0.0,0.0,0.0,0.0,0.0,1,-5.240660233669059,6.826003423142681,-1.1473056557790056,-0.6267388978803548,1.552249954322103,-0.7027155842671966,1,-2.2281994079086767,-1.8198893495823045,0.5882105745651142,-0.24913914627584713,-0.5574077493419329,0.734745352677284,1,-6.104423037177915,7.313086947904616,-1.0255851630123005,-0.6867856266088049,1.6944434164059121,-0.5690474635490206,1,-1.7251999999995784,0.3699999999996237,-0.05599999999997364,-1.3199999999999878,-1.5000000000000016,0.14999999999999733,1,-2.5903136440782086,-2.595776866076444,0.07343796047557985,0.28073795722476913,-1.087647221701319,0.3361338327916934,1,-1.7893872671738933,-0.9602859494822752,0.32980502140262946,-0.48365621092604527,-0.5562614573459965,0.20803189714580395,1,-1.3433514887416356,-1.8413195524927395,0.12733060385547765,0.08579236643536962,-0.4163462473837002,0.5416654293828932,1,6.761199999999063,-0.022799999999388816,-0.003999999999988095,0.9199999999998099,1.770000000000001,-0.14999999999999997,1,3.235199999999822,0.8823999999982947,0.335600000000267,0.31999999999987594,1.8399999999999532,0.7099999999999884
1771517215.9547322,11.90317440032959,7.90044743883058,-0.449466480967401,-2.0293540007842568,3.2320608722020694,0.003518740725350078,1.3035020258560515,3.232060872202483,0.0035187407253699926,1.3035020258559047,0.629213295652342,-0.024706875605677192,1.6150232884744786,1.1674804719839869,0.22620991514981365,1.060253073322944,0,0.0,0.0,0.0,0.0,0.0,0.0,0,0.0,0.0,0.0,0.0,0.0,0.0,1,-5.231960972907247,7.006987027064841,-1.1586900821000492,-0.6267342314759611,1.5522391374495643,-0.7027243418816991,1,-2.2060302559833165,-1.8965112366981343,0.6409113656068014,-0.23390456175538335,-0.5279164449923496,0.7629574080478225,1,-6.088252748176934,7.5038773528385345,-1.0237174685140566,-0.6867902367705663,1.6944541094715688,-0.5690385555552273,1,-1.8571999999995772,0.21999999999962355,-0.040999999999973905,-1.3199999999999878,-1.5000000000000016,0.14999999999999733,1,-2.518074524956149,-2.681665422299391,0.10752118804469316,0.33825040507786197,-1.0769754819513082,0.32361880523493103,1,-1.8088961792107157,-1.0188060027607873,0.3756160480529689,-0.49442583198415146,-0.5466565481477101,0.22512746813169598,1,-1.3213364020548575,-1.8809536675478757,0.17927747830854776,0.08728438131037389,-0.37600539230618557,0.5729034407428544,1,6.853199999999044,0.1542000000006109,-0.018999999999988155,0.9199999999998099,1.7699999999999938,-0.15000000000000083,1,3.26719999999981,1.066399999998294,0.40660000000026586,0.31999999999987594,1.8400000000000638,0.7099999999999884
1771517216.0553575,12.003799676895142,8.156132308606741,-0.4520649817093723,-1.927953838715783,3.142060872201924,-0.08648125927462891,1.213502025855906,3.142060872202483,-0.08648125927463,1.2135020258559046,1.2624999964447465,-0.4798285705856495,1.0108390447877804,1.0158396414265884,0.2246962937060843,1.0009902291206398,0,0.0,0.0,0.0,0.0,0.0,0.0,0,0.0,0.0,0.0,0.0,0.0,0.0,1,-5.223519633518512,7.1517314023947804,-1.1671971567823485,-0.6267304982774063,1.552230483755343,-0.702731348136541,1,-2.187088460922153,-1.9551767092490329,0.6853188925962247,-0.2260340401038114,-0.4784763825479382,0.7817979763281998,1,-6.073630674863778,7.65635174048664,-1.0216520315476245,-0.6867939249726234,1.694462664120008,-0.5690314289921015,1,-1.9627999999995762,0.09999999999962345,-0.02899999999997406,-1.3199999999999878,-1.5000000000000016,0.15000000000000083,1,-2.454506698824249,-2.7471984525608617,0.13785438799170224,0.40571641496900684,-1.1222145465064668,0.2892541443108351,1,-1.824070453596419,-1.0643805224066214,0.41451148689468414,-0.5114139353010303,-0.5310418830469679,0.2375566575612073,1,-1.3038229002876682,-1.9098356888407413,0.22273697506291631,0.0627966241144855,-0.3436254319171885,0.5902902125842622,1,6.926799999999028,0.2958000000006104,-0.03099999999998822,0.9199999999998099,1.7699999999999938,-0.15000000000000083,1,3.2927999999998,1.2135999999982992,0.46340000000026493,0.31999999999987594,1.8400000000000638,0.7099999999999884
1771517216.1560874,12.104529619216919,8.466766395826975,-0.45714110763683585,-1.8081379442619276,3.0480608722029956,0.007518740725354078,1.1731254960734017,3.048060872202483,0.007518740725369996,1.1731254960733644,0.738471603980333,0.6249677200524764,1.1731254960733644,0.8763739630497014,0.22728646911416828,0.9463811399829809,0,0.0,0.0,0.0,0.0,0.0,0.0,0,0.0,0.0,0.0,0.0,0.0,0.0,1,-5.211107653071962,7.332584085390614,-1.1771021408874895,-0.6267258316845891,1.552219666391978,-0.70274010615836,1,-2.164155247288609,-2.024752654401299,0.7434466129600447,-0.22129553249115883,-0.409406681749258,0.8032663567948294,1,-6.053239927056257,7.846719936206353,-1.0183815156268523,-0.6867985353160966,1.694473357674647,-0.5690225205783978,1,-2.0947999999995908,-0.05000000000037665,-0.013999999999973978,-1.32000000000021,-1.5000000000000016,0.15000000000000083,1,-2.3630939531267723,-2.8255480111554747,0.1795981939802353,0.5017155285743182,-1.1968773445250773,0.2230190335792946,1,-1.843604638793486,-1.1197677257965555,0.46577478599582317,-0.5407893825354918,-0.5119087638091837,0.24776667795581525,1,-1.2842976330677678,-1.9428473102629187,0.27917970398386455,0.02000263929948508,-0.30901490789127095,0.6053379241253727,1,7.018799999999009,0.4728000000006098,-0.04599999999998796,0.9199999999998099,1.7699999999999938,-0.14999999999999733,1,3.3247999999997875,1.3975999999983055,0.5344000000002638,0.31999999999987594,1.8400000000000638,0.7099999999999884
1771517216.2557433,12.204185485839844,8.708730265603204,-0.45485230318813347,-1.7161689045760569,2.9490608722024803,0.09632427707662039,1.0741254960733304,2.949060872202483,0.09632427707660085,1.0741254960733644,1.0087814935558854,0.09632427707660085,0.9227737514246928,0.7407082846727873,0.22850664452225244,0.89409740541434,0,0.0,0.0,0.0,0.0,0.0,0.0,0,0.0,0.0,0.0,0.0,0.0,0.0,1,-5.199684340344173,7.477185703409585,-1.1844593300963033,-0.626722098334786,1.552211012305703,-0.7027471127385196,1,-2.147374955280432,-2.077889366516269,0.791807703563891,-0.22461914150187517,-0.3486479843293136,0.8191934266158057,1,-6.0352328878527715,7.998814373071125,-1.0152331270574182,-0.6868022236633816,1.6944819127137773,-0.5690153936794995,1,-2.2003999999996076,-0.17000000000037674,-0.0019999999999739454,-1.32000000000021,-1.5000000000000016,0.14999999999999994,1,-2.278544993263056,-2.88426491507826,0.21600862505003265,0.5907294679842277,-1.266890562501197,0.14405993740793224,1,-1.8603192408317586,-1.1633023923200012,0.5086941052912423,-0.5720466261079086,-0.4989286685420444,0.24940035991547185,1,-1.271486828531663,-1.9674354094034188,0.3257755253989685,-0.02423695032444938,-0.2892446088395582,0.6111282047798025,1,7.092399999998994,0.6144000000006129,-0.05799999999998775,0.9199999999998099,1.7700000000000493,-0.14999999999999733,1,3.3503999999997776,1.5447999999983106,0.5912000000002628,0.31999999999987594,1.8400000000000638,0.7099999999999884
1771517216.355225,12.303667306900024,9.000380352823466,-0.44847587548047224,-1.6062179521708067,2.875060872202795,0.022324277076601895,1.1318164687532661,2.875060872202483,0.022324277076600854,1.1318164687533443,0.6993599997103568,-0.01355764627732403,1.1318164687533443,0.610246136731968,0.22627026026914732,0.8451949463351485,0,0.0,0.0,0.0,0.0,0.0,0.0,0,0.0,0.0,0.0,0.0,0.0,0.0,1,-5.183531170843462,7.657812455828854,-1.1929694452603277,-0.6267174315539289,1.55220019445245,-0.702755871167362,1,-2.129685024981021,-2.14241292937647,0.8541642990600402,-0.2438394643796805,-0.26771751561538093,0.8389219620796192,1,-6.010601349642073,8.188655022169426,-1.0106584363348556,-0.6868068341882394,1.6944926067566393,-0.5690064848461542,1,-2.3323999999996285,-0.32000000000037687,0.013000000000026081,-1.32000000000021,-1.5000000000000016,0.15000000000000083,1,-2.155950745689099,-2.949717900612974,0.26520786873593705,0.72242751844708,-1.3548979580818563,-0.00044015353843850124,1,-1.883463252086566,-1.2179612941633629,0.564335255299189,-0.6224128446137345,-0.49056837714215973,0.23895889170052542,1,-1.2602261063188571,-1.9973081989400727,0.3853817090692092,-0.09143285272413423,-0.2808644371010641,0.609744911984768,1,7.184399999998975,0.7914000000006178,-0.07299999999998749,0.9199999999998099,1.7700000000000493,-0.14999999999999733,1,3.382399999999765,1.728799999998317,0.6622000000002617,0.31999999999987594,1.8400000000000638,0.7099999999999884
1771517216.4556785,12.404120683670044,9.227471222599668,-0.4437759333143446,-1.5185866346705397,2.78106087220209,0.11632427707658488,1.0378164687534497,2.781060872202483,0.11632427707660085,1.0378164687533442,0.5966648128020533,0.5834350958892079,0.7774519557478535,0.4737973680778609,0.22403595618573355,0.7928687318443024,0,0.0,0.0,0.0,0.0,0.0,0.0,0,0.0,0.0,0.0,0.0,0.0,0.0,1,-5.169104693119465,7.802195382997721,-1.1992450200391134,-0.6267136980534858,1.5521915399740465,-0.7027628780726072,1,-2.1189279573686552,-2.1940881243629655,0.9051823948429083,-0.2770459202446983,-0.20363022235320566,0.8564942688128934,1,-5.9891948797205865,8.340285436014046,-1.0065065939715423,-0.6868105226806376,1.694501162186468,-0.5689993576117889,1,-2.4379999999996453,-0.440000000000377,0.025000000000026147,-1.32000000000021,-1.5000000000000016,0.15000000000000083,1,-2.042876188733256,-2.9919168386730837,0.3074552558317614,0.8468676943806726,-1.4064511579175143,-0.16220684954345133,1,-1.9043072790190299,-1.2633706964925921,0.6100392659701213,-0.67164469361912,-0.4963599168320637,0.21674279775352087,1,-1.2557302643989792,-2.0220990361761815,0.43375389027411254,-0.15149423344312773,-0.29344786970118575,0.6022734850089024,1,7.25799999999896,0.9330000000006218,-0.08499999999998728,0.9199999999998099,1.7700000000000493,-0.14999999999999733,1,3.4079999999997552,1.8759999999983221,0.7190000000002608,0.31999999999987594,1.8400000000000638,0.7099999999999884
1771517216.5551548,12.503597021102905,9.447868092375863,-0.43238199114821774,-1.4376493171702678,2.694060872203252,0.20332427707658862,0.9508164687532794,2.694060872202483,0.20332427707660083,0.9508164687533442,0.20570875670095165,0.33414042377631153,0.8198761042279737,0.35150112779763987,0.22043391319371497,0.7463206114758516,0,0.0,0.0,0.0,0.0,0.0,0.0,0,0.0,0.0,0.0,0.0,0.0,0.0,1,-5.15333750552963,7.94645679241657,-1.2050621001286042,-0.6267099644864224,1.5521828853217527,-0.7027698851227021,1,-2.111313199553665,-2.247839848609624,0.9567972893466515,-0.3309136566004077,-0.1485291298373132,0.8780144098871718,1,-5.96627385328572,8.491682749223338,-1.0019345799887163,-0.6868142112373551,1.6945097177893509,-0.568992230228362,1,-2.543599999999662,-0.5600000000003749,0.03700000000002608,-1.32000000000021,-1.499999999999946,0.14999999999999733,1,-1.9165305813954423,-3.0201651636274156,0.3522380857903621,0.9870382570825175,-1.4130332832850179,-0.3673315532624668,1,-1.9273031615572385,-1.3121890422564173,0.6563424637476936,-0.7259799797546372,-0.5207327726441969,0.17925657994243277,1,-1.255349433336288,-2.049572348578054,0.4823340180482452,-0.2101863782771896,-0.3287505344104283,0.5913829402329756,1,7.331599999998945,1.0746000000006257,-0.09699999999998707,0.9199999999998099,1.7700000000000493,-0.14999999999999733,1,3.4335999999997453,2.0231999999983272,0.7758000000002598,0.31999999999987594,1.8400000000000638,0.7099999999999884
1771517216.6548188,12.60326099395752,9.714006179596137,-0.4145427864277479,-1.345835670294941,2.6080608722018894,0.13771314583477245,0.8648164687532489,2.608060872202483,0.13771314583478714,0.8648164687533443,0.004967219462138744,0.13771314583478714,0.8145303817956866,0.23116493927534787,0.2128022576228324,0.702977717439246,0,0.0,0.0,0.0,0.0,0.0,0.0,0,0.0,0.0,0.0,0.0,0.0,0.0,1,-5.131738183877638,8.126589919294604,-1.2117097487489363,-0.6267052974333328,1.5521720667616192,-0.7027786441380585,1,-2.1048471303899428,-2.321610170491946,1.0215253928797097,-0.427770578575838,-0.11105660409083087,0.9136322724370268,1,-5.935489974569206,8.680576506445254,-0.9956530979148891,-0.6868188220238198,1.694520412537362,-0.5689833207896602,1,-2.675599999999683,-0.7100000000003694,0.05200000000002582,-1.32000000000021,-1.499999999999946,0.14999999999999733,1,-1.7439718275563754,-3.0270863393635965,0.41181887909366527,1.1685192986292026,-1.3073052612746472,-0.6618383627388961,1,-1.9580276202014069,-1.3814847146075613,0.7142896963407532,-0.7897397952255012,-0.5872948317976118,0.11184758548848536,1,-1.2593387337215474,-2.0909085623740524,0.5427801178528534,-0.26379279372210673,-0.4075303332405003,0.5801640822320896,1,7.423599999998926,1.2516000000006307,-0.1119999999999868,0.9199999999998099,1.7700000000000493,-0.14999999999999733,1,3.465599999999733,2.2071999999983336,0.8468000000002587,0.31999999999987594,1.8400000000000638,0.7099999999999884
1771517216.7546072,12.703049421310425,9.97072026681634,-0.4048634718442711,-1.2576301497221691,2.5150608722022127,0.04471314583476271,0.9039954164224984,2.515060872202483,0.04471314583478714,0.9039954164225298,-0.021079083702745877,-0.27084657355355735,0.9039954164225298,0.10909211886330716,0.2054811223180219,0.6616752210536783,0,0.0,0.0,0.0,0.0,0.0,0.0,0,0.0,0.0,0.0,0.0,0.0,0.0,1,-5.108033126002059,8.30648072905119,-1.217689786110555,-0.6267006302760308,1.5521612479299738,-0.7027874033791428,1,-2.082562228343801,-2.394449804805363,1.084856940231435,-0.27172935473536197,-0.3367921845857708,0.8756981138616002,1,-5.902333907436243,8.869048255224394,-0.9887715880022409,-0.6868234329107008,1.6945311075557208,-0.5689744111182489,1,-2.807599999999704,-0.860000000000364,0.06700000000002555,-1.32000000000021,-1.499999999999946,0.14999999999999733,1,-1.6073130845923198,-3.042639601310775,0.47062616481976577,0.6971703081984348,-1.0468693478734183,0.0708743763130886,1,-1.9771688423398674,-1.4506876589323754,0.7715906143906577,-0.5843024731104853,-0.5930042858457336,0.18973345476928727,1,-1.2491574784675108,-2.1195612653162823,0.6079972562287969,0.018879482484721773,-0.10705035935865595,0.7303155668809852,1,7.515599999998907,1.4286000000006356,-0.12699999999998673,0.9199999999998099,1.7700000000000493,-0.15000000000001124,1,3.4975999999997205,2.39119999999834,0.9178000000002575,0.31999999999987594,1.8400000000000638,0.7099999999999884
1771517216.8557413,12.80418348312378,10.169105136592549,-0.3984664201774889,-1.1878572254621504,2.4210608722032845,0.1387131458348012,0.8191051146297923,2.4210608722024833,0.13871314583478714,0.819105114629825,0.14329205447272172,0.19466266480405178,0.819105114629825,-0.011708390164574034,0.20196331248958085,0.6193446466890393,0,0.0,0.0,0.0,0.0,0.0,0.0,0,0.0,0.0,0.0,0.0,0.0,0.0,1,-5.087559215688885,8.450206449278163,-1.2220085709064543,-0.6269353658138532,1.5521433734101002,-0.7029075268594711,1,-2.0513312431554547,-2.4459612830765223,1.1341295566387075,-0.2604222035847633,-0.3455833811004183,0.866664605764553,1,-5.874089944782216,9.019493294134913,-0.9828586170500917,-0.6865879635559139,1.6945469838391127,-0.5688554790950651,1,-2.913199999999721,-0.9800000000003597,0.07900000000002534,-1.32000000000021,-1.499999999999946,0.14999999999999733,1,-1.5239730844583033,-3.0767778366426217,0.5160510521762612,0.7033903969181778,-1.0677656437513285,0.07255160240983168,1,-1.9867387024572807,-1.4987166126672424,0.8202234924242187,-0.6291820631942123,-0.5537659337850533,0.22599360335074806,1,-1.2297778106734825,-2.132303710554913,0.6604537685761869,0.03758444967480673,-0.15878578562110696,0.6875636575503798,1,7.5891999999988915,1.5702000000006395,-0.13899999999998763,0.9199999999998099,1.7700000000000493,-0.15000000000001124,1,3.5231999999997106,2.538399999998345,0.9746000000002566,0.31999999999987594,1.8400000000000638,0.7099999999999884
1771517216.9558756,12.904317855834961,10.407791223812879,-0.38117510559400836,-1.1081679431153546,2.3260608722033282,0.23371314583481295,0.7574043058469204,2.326060872202483,0.23371314583478714,0.7574043058469276,-0.044859487788663235,0.32032178619368035,0.7574043058469276,-0.12660257291875254,0.19682398176635052,0.5797020502138209,0,0.0,0.0,0.0,0.0,0.0,0.0,0,0.0,0.0,0.0,0.0,0.0,0.0,1,-5.060079134732441,8.629608980365925,-1.2268467238292444,-0.6270698522251695,1.552133455913626,-0.7029760263528324,1,-2.0122809904659102,-2.508580522885688,1.1951776329784167,-0.2724448393410664,-0.28623910740245884,0.8657529906958683,1,-5.8366316245971275,9.207104077696581,-0.9749864293364117,-0.6864530588699198,1.6945557611305542,-0.5687876660251463,1,-3.045199999999742,-1.1300000000003638,0.09400000000002508,-1.32000000000021,-1.5000000000000568,0.14999999999999733,1,-1.4094109343911236,-3.116803093423052,0.5727234188362096,0.7440399794794318,-1.1824790551882303,-0.005789600042604391,1,-2.000405691197902,-1.5601739936486163,0.8818370251250625,-0.6605035110808861,-0.5443440067795515,0.20297839428720463,1,-1.2079665370367536,-2.1492231619624893,0.7241572742385725,-0.012919530242404642,-0.1568428005979298,0.6667230390247786,1,7.6811999999988725,1.7472000000006445,-0.15399999999998876,0.9199999999998099,1.7700000000000493,-0.15000000000001124,1,3.555199999999698,2.7223999999983515,1.0456000000002554,0.31999999999987594,1.8400000000000638,0.7099999999999884
1771517217.0557632,13.004205465316772,10.63650231103314,-0.36169879101052754,-1.0363225125306608,2.2310608722015957,0.1387131458348012,0.6624043058469642,2.231060872202483,0.13871314583478714,0.6624043058469277,0.033145730424607674,0.012938186167318127,0.5649214171953119,-0.23646046411728605,0.1873155687553168,0.5434803112758204,0,0.0,0.0,0.0,0.0,0.0,0.0,0,0.0,0.0,0.0,0.0,0.0,0.0,1,-5.030486883008963,8.808694202965176,-1.2310909865684982,-0.6271191046983716,1.5521297744481353,-0.7030011619741225,1,-1.9762723300351592,-2.570796982705021,1.2560090085045985,-0.287139512343905,-0.21566213037254686,0.862029632332254,1,-5.796791434593467,9.394197787968377,-0.9666070059871408,-0.6864036530095573,1.6945590241971147,-0.5687627813822397,1,-3.177199999999763,-1.2800000000003695,0.10900000000002481,-1.32000000000021,-1.5000000000000568,0.14999999999999733,1,-1.2781362151077642,-3.1516656781296453,0.6290547869469548,0.8067421634783589,-1.3074975378124583,-0.12194450877962497,1,-2.015221470597985,-1.6227631449119977,0.943382690564825,-0.7058430519960043,-0.5261817154317789,0.1846510256203092,1,-1.1917323438717027,-2.1679497775946692,0.7865953479287747,-0.07401851472054141,-0.1702654160421821,0.636822400706715,1,7.7731999999988535,1.9242000000006494,-0.16899999999998988,0.9199999999998099,1.7700000000000493,-0.15000000000001124,1,3.5871999999996858,2.906399999998358,1.1166000000002543,0.31999999999987594,1.8400000000000638,0.7099999999999884
1771517217.1575675,13.106009721755981,10.856008398253309,-0.35068516421411305,-0.9697048900261542,2.1310608722018287,0.05933292952742253,0.672881859175023,2.131060872202483,0.05933292952739799,0.6728818591750163,-0.06183270835242755,0.059332929527397986,0.6728818591750163,-0.3450238859829895,0.17918483775524618,0.5102124045951668,0,0.0,0.0,0.0,0.0,0.0,0.0,0,0.0,0.0,0.0,0.0,0.0,0.0,1,-5.005286975496518,8.951712363138478,-1.2340784686519553,-0.6271348348405803,1.5521285611814428,-0.7030092271306633,1,-1.9511759057172917,-2.6209592562117425,1.304674753549522,-0.308285853060854,-0.13869293382426964,0.8598130115935335,1,-5.754574304415473,9.580746157697725,-0.9577513309152654,-0.6863855429234167,1.694560268869243,-0.5687536101336181,1,-3.309199999999784,-1.4300000000003752,0.12400000000002455,-1.32000000000021,-1.5000000000000568,0.14999999999999733,1,-1.125364976365979,-3.1752593602012635,0.685180549553293,0.9077433918382438,-1.4400533899116474,-0.31347534342667416,1,-2.0288556857660787,-1.6750449124701796,0.9925719044215529,-0.7481706688306587,-0.5149916235367941,0.16216327807218486,1,-1.1824833473957708,-2.191084490503631,0.8474532834280232,-0.1639778436613341,-0.19675775243211355,0.6049643160409353,1,7.846799999998838,2.065800000000653,-0.18099999999999078,0.9199999999998099,1.7700000000000493,-0.15000000000001124,1,3.6191999999996733,3.0903999999983642,1.1876000000002531,0.31999999999987594,1.8400000000000638,0.7099999999999884
1771517217.2552133,13.203655481338501,11.023943268029498,-0.3471868651858874,-0.9184243412921524,2.0460608722032703,0.017721751728483337,0.5878818591750212,2.046060872202483,0.017721751728500393,0.5878818591750163,-0.22852079373676829,0.01772175172850039,0.5332168682325825,-0.44611821654036987,0.17483825220607344,0.4791329492100894,0,0.0,0.0,0.0,0.0,0.0,0.0,0,0.0,0.0,0.0,0.0,0.0,0.0,1,-4.971875865165626,9.130147372120243,-1.2373270307537476,-0.6271429365021777,1.55212789043078,-0.7030134267732473,1,-1.9258476913689666,-2.685529343159308,1.365786333978414,-0.3520731641893838,-0.01971234820395109,0.8599869743841758,1,-5.719091070048805,9.729572024183758,-0.9503452952565787,-0.6863797465623073,1.6945607040478063,-0.5687506371760224,1,-3.4147999999998007,-1.5500000000003797,0.13600000000002535,-1.32000000000021,-1.5000000000000568,0.15000000000001124,1,-0.986191019791873,-3.181211012672321,0.7298586381205071,1.023618999992273,-1.5187159335075227,-0.5370434311512682,1,-2.0482484073567937,-1.7441208267865569,1.0540477754933917,-0.8094977107229792,-0.5117351783376121,0.12374812329134029,1,-1.1805577078269132,-2.2150043707299147,0.8949653826549032,-0.2545016905560065,-0.24469458782985926,0.5783197319130979,1,7.938799999998819,2.242800000000658,-0.1959999999999919,0.9199999999998099,1.7700000000000493,-0.15000000000001124,1,3.6447999999996634,3.2375999999983693,1.2444000000002522,0.31999999999987594,1.8400000000000638,0.7099999999999884
1771517217.3550282,13.303470373153687,11.225034355249827,-0.3489296900130375,-0.8631511553746487,1.951060872203314,-0.0772782482714729,0.492881859175065,1.951060872202483,-0.07727824827149961,0.49288185917501637,-0.09458089902453914,-0.07761295356225473,0.36184086925317305,-0.5442778583126948,0.1733136154603887,0.4499298255012074,0,0.0,0.0,0.0,0.0,0.0,0.0,0,0.0,0.0,0.0,0.0,0.0,0.0,1,-4.936982904970664,9.308376322719893,-1.2401420386791797,-0.6267889897037274,1.5521894800541687,-0.7027977431940875,1,-1.9061819687469572,-2.7553492898497156,1.4260295641327418,-0.42489535741822787,0.03853690181788057,0.8602219411778378,1,-5.67197062247446,9.914869257907299,-0.9406359108374965,-0.6867351938286154,1.6945024710068277,-0.5689651599938244,1,-3.5467999999998217,-1.7000000000003854,0.15100000000002647,-1.32000000000021,-1.5000000000000568,0.15000000000001124,1,-0.7967660524981537,-3.16315765954984,0.7905868179430213,1.218257888331118,-1.4145359943191886,-0.760195872697101,1,-2.0684944935250624,-1.8200741627132226,1.1137146318777982,-0.8360439638276069,-0.5511849327382685,0.05446889198802531,1,-1.1829776359167423,-2.255253168408875,0.9510445123892379,-0.31550252643121457,-0.3398704667930784,0.5341381490904793,1,8.03079999999883,2.419800000000663,-0.21099999999999303,0.920000000000698,1.7700000000000493,-0.15000000000001124,1,3.676799999999651,3.4215999999983757,1.315400000000251,0.31999999999987594,1.8400000000000638,0.7099999999999884
1771517217.4546661,13.403108358383179,11.418440442470132,-0.35495751484018495,-0.8121629694571424,1.8510608722017707,0.022721751728516093,0.592881859175054,1.8510608722024828,0.022721751728500397,0.5928818591750163,-0.09539896707445483,0.1338181443415113,1.1410823688677187,-0.6388564993996582,0.17550810135818362,0.4249216725884609,0,0.0,0.0,0.0,0.0,0.0,0.0,0,0.0,0.0,0.0,0.0,0.0,0.0,1,-4.899305283383582,9.485958750963327,-1.242406896327239,-0.6267843301047558,1.5521786500329608,-0.702806516891936,1,-1.884243921495627,-2.830032117151157,1.4848695208734402,-0.4517230636099899,0.05332183150716101,0.8622779652795831,1,-5.62316879803575,10.099758997122612,-0.9306118190150215,-0.6867397970888097,1.694513176974041,-0.5689562358150995,1,-3.6787999999998426,-1.850000000000391,0.1660000000000276,-1.32000000000021,-1.5000000000000568,0.15000000000001124,1,-0.6124820755068667,-3.1211428016466995,0.8564253434439902,1.2700000000000669,-1.2999999999998817,-0.8300000000001664,1,-2.0831120654328488,-1.9020638137997568,1.1715611976965687,-0.8298338986833886,-0.5819068380239538,0.02841942878767988,1,-1.183074251071867,-2.3044420747292538,1.0041894010716628,-0.3187605910310199,-0.3812496126067094,0.5268885663985956,1,8.1227999999989,2.596800000000668,-0.22599999999999415,0.920000000000698,1.7700000000000493,-0.15000000000001124,1,3.7087999999996386,3.605599999998382,1.3864000000002499,0.31999999999987594,1.8400000000000638,0.7099999999999884
1771517217.5555148,13.503957033157349,11.565295312246288,-0.3519097747019041,-0.7635024207231393,1.7690608722027434,0.10472175172848708,0.6748818591749695,1.7690608722024828,0.1047217517285004,0.6748818591750163,-0.3282468865747558,0.38356064331675593,0.741441926945675,-0.728705072521401,0.1772395810861081,0.3998406230530443,0,0.0,0.0,0.0,0.0,0.0,0.0,0,0.0,0.0,0.0,0.0,0.0,0.0,1,-4.86763125757688,9.62769461848349,-1.2438900101981394,-0.6267806023502902,1.5521699858188476,-0.7028135360137286,1,-1.8651629188893577,-2.888903056993742,1.531497253698754,-0.44415756486452435,0.06936662396199697,0.852350463671881,1,-5.582421688271171,10.247196837336036,-0.9223351006872426,-0.6867434797695517,1.6945217419440328,-0.5689490963035166,1,-3.7843999999998594,-1.9700000000003957,0.1780000000000285,-1.32000000000021,-1.5000000000000568,0.15000000000001124,1,-0.4659450830915619,-3.0855917234158396,0.9094399705812347,1.2700000000000669,-1.2999999999998817,-0.8300000000001664,1,-2.0929623617741346,-1.9677002262854826,1.2176554204378869,-0.8272996027532125,-0.5738090663876306,0.02574750177567277,1,-1.1822912765931026,-2.3436024556926944,1.0462805116141798,-0.3169058741621948,-0.36617393702431533,0.5252018828078377,1,8.196399999998956,2.738400000000672,-0.23799999999999505,0.920000000000698,1.7700000000000493,-0.15000000000001124,1,3.7343999999996287,3.752799999998387,1.443200000000249,0.31999999999987594,1.8400000000000638,0.7099999999999884
1771517217.6556246,13.604066848754883,11.70509518202251,-0.3452570345636248,-0.7077868719891394,1.7000608722028687,0.03572175172850134,0.7438818591750662,1.7000608722024828,0.035721751728500395,0.7438818591750163,-0.364778809841533,-0.049039471261926294,0.8314187032361208,-0.8040626035234926,0.174687202987923,0.37358158785576745,0,0.0,0.0,0.0,0.0,0.0,0.0,0,0.0,0.0,0.0,0.0,0.0,0.0,1,-4.834595566734459,9.769121445505085,-1.2450968619994558,-0.6267768745287993,1.5521613214299341,-0.7028205552807669,1,-1.8449314547521163,-2.946464707501457,1.5777758864744587,-0.4361753127989864,0.08538189441857653,0.8421747973014726,1,-5.540160510270236,10.394196401780855,-0.9138477710848004,-0.6867471625147095,1.6945303070882178,-0.56894195664195,1,-3.8899999999998762,-2.0900000000004,0.1900000000000294,-1.32000000000021,-1.5000000000000568,0.15000000000001124,1,-0.3194080906762571,-3.0500406451849797,0.9624545977184792,1.2700000000000669,-1.2999999999998817,-0.8300000000001664,1,-2.1016048646507706,-2.032873073803788,1.2637038543906658,-0.8248804390176838,-0.5655149500193833,0.023228220630977466,1,-1.1810599136966426,-2.3818367698709,1.0881471967277472,-0.31534635733795374,-0.35081505292042336,0.5234520657290703,1,8.269999999999012,2.880000000000676,-0.24999999999999595,0.920000000000698,1.7700000000000493,-0.15000000000001124,1,3.7599999999996188,3.8999999999983923,1.500000000000248,0.31999999999987594,1.8400000000000638,0.7099999999999884
1771517217.7556798,13.704122066497803,11.871757269242803,-0.3383408593907755,-0.6367426860716361,1.6120608722030028,0.12372175172847832,0.6558818591749782,1.6120608722024827,0.12372175172850039,0.6558818591750163,-0.5056556090456317,0.4746012557154232,-0.2438343290770127,-0.8814486258387042,0.17202124750242787,0.34124744438859356,0,0.0,0.0,0.0,0.0,0.0,0.0,0,0.0,0.0,0.0,0.0,0.0,0.0,1,-4.7913866717982225,9.945448504826409,-1.2462395079458504,-0.6267722146574073,1.5521504906980614,-0.7028293295684754,1,-1.8181197311279038,-3.016531466939663,1.6351339413263761,-0.4255874215402084,0.10533662733570762,0.8291094426543385,1,-5.485208330807,10.57730579958671,-0.90296815165827,-0.6867517660371598,1.694541013763097,-0.5689330318548194,1,-4.02199999999989,-2.2400000000004057,0.20500000000003052,-1.3199999999997658,-1.5000000000000568,0.15000000000001124,1,-0.13623685015712605,-3.005601797396405,1.028722881640035,1.2700000000000669,-1.2999999999998817,-0.8300000000001664,1,-2.110761069507535,-2.113653805969463,1.321198384114782,-0.8220433602962549,-0.5548655092619348,0.020299217957936117,1,-1.1789772803000282,-2.428317664885128,1.140185588961354,-0.3138254355922988,-0.3312300470488729,0.5211795600013286,1,8.361999999999082,3.0570000000006807,-0.2649999999999943,0.920000000000698,1.7700000000000493,-0.14999999999998348,1,3.7919999999996064,4.083999999998379,1.5710000000002469,0.31999999999987594,1.8399999999996197,0.7099999999999884
1771517217.8546658,13.803107976913452,12.028878356463105,-0.3218836842179272,-0.5670695001541354,1.5170608722030465,0.21872175172849007,0.7508818591750455,1.5170608722024828,0.2187217517285004,0.7508818591750163,-0.11625939375095892,0.2396119629966515,0.9085998890422298,-0.957641456396142,0.1675001860470533,0.30951693793695584,0,0.0,0.0,0.0,0.0,0.0,0.0,0,0.0,0.0,0.0,0.0,0.0,0.0,1,-4.74605205504361,10.121242318144038,-1.247002705814353,-0.6267675546814948,1.5521396596933117,-0.7028381040828775,1,-1.7897325062873692,-3.0844503457312693,1.6919492542115948,-0.4141988876156728,0.12511088640098073,0.8155775758782304,1,-5.427899038532174,10.759675816261241,-0.8918188818906313,-0.6867563696601373,1.694551720710587,-0.5689241068337363,1,-4.153999999999867,-2.3900000000004114,0.22000000000003164,-1.3199999999997658,-1.5000000000000568,0.15000000000001124,1,0.046934390362006244,-2.96116294960783,1.0949911655615905,1.2700000000000706,-1.299999999999894,-0.8300000000001722,1,-2.1181667299929483,-2.1936369288474165,1.3786194864298777,-0.8196934617920535,-0.5435959995677011,0.017698502811913444,1,-1.1763817770320422,-2.473337243546922,1.1919289266012179,-0.3125648167014575,-0.31151939052057853,0.5188900711035729,1,8.453999999999152,3.2340000000006857,-0.27999999999999264,0.920000000000698,1.7700000000000493,-0.14999999999998348,1,3.823999999999594,4.267999999998341,1.6420000000002457,0.31999999999987594,1.8399999999996197,0.7099999999999884
1771517217.955056,13.90349817276001,12.17638444368342,-0.296491343372221,-0.4961813142366307,1.4170608722032796,0.30253522012985146,0.6508818591750233,1.4170608722024827,0.3025352201298748,0.6508818591750163,-0.4814435004661083,0.3025352201298748,-0.2046565817481451,-1.03120669313485,0.15852439116880662,0.2752355295282909,0,0.0,0.0,0.0,0.0,0.0,0.0,0,0.0,0.0,0.0,0.0,0.0,0.0,1,-4.708255170070707,10.261474777318165,-1.247359672285935,-0.6267638266256572,1.5521309946934454,-0.7028451238577682,1,-1.759900289001978,-3.150146217175845,1.7482066291319989,-0.40199174283085676,0.14447338438913615,0.8013537626084635,1,-5.380358397816624,10.905019310511692,-0.8827275932534739,-0.6867600526311717,1.6945602864641809,-0.5689169666487393,1,-4.285999999999843,-2.540000000000417,0.23500000000003277,-1.3199999999997658,-1.5000000000000568,0.15000000000001124,1,0.19347138277731166,-2.92561187137697,1.148005792698835,1.2700000000000669,-1.2999999999998817,-0.8300000000001664,1,-2.1228983583910406,-2.2569771654244946,1.4245933619010163,-0.8181525092217802,-0.5342751212654985,0.01720203147379951,1,-1.1739825698783926,-2.508369891326265,1.2330463927261224,-0.3120012330975455,-0.2966861224079814,0.515771280191995,1,8.545999999999221,3.4110000000006906,-0.294999999999991,0.920000000000698,1.7700000000000493,-0.14999999999998348,1,3.8559999999995815,4.451999999998303,1.7130000000002445,0.31999999999987594,1.8399999999996197,0.7099999999999884
1771517218.0562768,14.004719018936157,12.286791313459661,-0.275246525761833,-0.4411527655026305,1.3300608722026652,0.21553522012984772,0.7378818591750047,1.3300608722024827,0.21553522012987483,0.7378818591750163,-0.3134340219374192,-0.26744987160990946,1.076043619047505,-1.1002372392554367,0.14567412231500676,0.24255816131532784,0,0.0,0.0,0.0,0.0,0.0,0.0,0,0.0,0.0,0.0,0.0,0.0,0.0,1,-4.6590997920222605,10.436238936893528,-1.247513500467746,-0.6267591664616121,1.5521201631977228,-0.7028538987799464,1,-1.7350761701038009,-3.201066880104068,1.7927848935814203,-0.3917061030445486,0.15964871631419233,0.7894658229508803,1,-5.318821600104092,11.085983020323809,-0.8711765538847375,-0.6867646564352426,1.6945709939003115,-0.5689080412070143,1,-4.3915999999998245,-2.6600000000004216,0.24700000000003366,-1.3199999999997658,-1.5000000000000568,0.15000000000001124,1,0.3766426232964427,-2.881173023588395,1.2142740766203906,1.2700000000000669,-1.2999999999998817,-0.8300000000001664,1,-2.127354526685277,-2.335310894585916,1.482136310645479,-0.8164737077218593,-0.5226365501885839,0.016686188304806372,1,-1.1706783399874023,-2.550986503497309,1.2840649133539932,-0.311800295117164,-0.2781006492536494,0.5114815717529221,1,8.619599999999277,3.5526000000006945,-0.30699999999998967,0.920000000000698,1.7700000000000493,-0.14999999999998348,1,3.8815999999995716,4.599199999998272,1.7698000000002436,0.31999999999987594,1.8399999999996197,0.7099999999999884
1771517218.1557438,14.104186058044434,12.39094618323587,-0.26025370815144466,-0.37987221676862926,1.2400608722025197,0.12553522012986873,0.8278818591750392,1.2400608722024826,0.12553522012987484,0.8278818591750162,-0.5071498165355018,0.03364177016446065,1.3305378148316132,-1.1613514785045664,0.13471353740916356,0.21061497765245268,0,0.0,0.0,0.0,0.0,0.0,0.0,0,0.0,0.0,0.0,0.0,0.0,0.0,1,-4.618250111472853,10.575612022579968,-1.2474210035752684,-0.6267554382551884,1.55211149780529,-0.702860918880712,1,-1.7094750038909832,-3.2505257838418444,1.836972133014935,-0.3811996452292198,0.17465094100892134,0.7773693809172721,1,-5.26790789352872,11.230163027096433,-0.8618069568406888,-0.6867683395510196,1.69457956004501,-0.5689009006856539,1,-4.497199999999806,-2.780000000000426,0.25900000000003287,-1.3199999999997658,-1.5000000000000568,0.14999999999998348,1,0.5231796157117475,-2.8456219453575353,1.267288703757635,1.2700000000000669,-1.2999999999998817,-0.8300000000001664,1,-2.129786256335718,-2.397307673047221,1.528221652300004,-0.8152868771070713,-0.5130209045433693,0.01643936981497566,1,-1.1678442840270977,-2.5841444678988563,1.3245745004314782,-0.3117783180917839,-0.2632966665974184,0.50770805834805,1,8.693199999999333,3.6942000000006985,-0.31899999999998835,0.920000000000698,1.7700000000000493,-0.14999999999998348,1,3.9071999999995617,4.746399999998242,1.8266000000002427,0.31999999999987594,1.8399999999996197,0.7099999999999884
1771517218.2553852,14.203827381134033,12.511352270456099,-0.2441001861384575,-0.29348403085112673,1.1600608722019956,0.20553522012986547,0.9078818591750082,1.1600608722024826,0.20553522012987485,0.9078818591750162,0.273363397397329,0.4885606688281524,1.053182756103323,-1.2122139133926693,0.1284321286039691,0.1787597032854516,0,0.0,0.0,0.0,0.0,0.0,0.0,0,0.0,0.0,0.0,0.0,0.0,0.0,1,-4.5652845604832235,10.749257691949891,-1.2470607055954703,-0.6267507779032282,1.5521006658190781,-0.7028696942101411,1,-1.6764789088496375,-3.3102992891641154,1.8916468409961522,-0.367692891453268,0.19307834429659562,0.7618957988434218,1,-5.202167105106966,11.409624718360828,-0.8499620224392954,-0.6867729435363275,1.694590267970335,-0.5688919748241488,1,-4.629199999999782,-2.930000000000432,0.2740000000000312,-1.3199999999997658,-1.5000000000000568,0.14999999999998348,1,0.7063508562308786,-2.8011830975689604,1.3335569876791906,1.2700000000000669,-1.2999999999998817,-0.8300000000001664,1,-2.131467469678202,-2.4739480069545268,1.5858725383306673,-0.8139683445888826,-0.5006428809754542,0.01632472255424466,1,-1.1641310729780185,-2.624442724391213,1.3748324411844264,-0.3120627503453299,-0.24488545257427216,0.5026249504525138,1,8.785199999999403,3.8712000000007034,-0.3339999999999867,0.920000000000698,1.7700000000000493,-0.14999999999998348,1,3.9391999999995493,4.930399999998204,1.8976000000002415,0.31999999999987594,1.8399999999996197,0.7099999999999884
1771517218.3556654,14.304107666015625,12.60130714023226,-0.23050736852806777,-0.2237034821171256,1.0650608722020394,0.11053522012988148,0.8128818591750242,1.0650608722024826,0.11053522012987485,0.8128818591750162,-1.9933434254346316,0.01495830909972095,-1.3088283886518812,-1.268933973767501,0.11970111912488743,0.13636622274927757,0,0.0,0.0,0.0,0.0,0.0,0.0,0,0.0,0.0,0.0,0.0,0.0,0.0,1,-4.5213921813160125,10.887700791198307,-1.246595181210833,-0.6267470495465988,1.5520920000344622,-0.7028767146366637,1,-1.6487509759942203,-3.3554693679060996,1.9343980840468544,-0.3566979286691494,0.20777417102766602,0.7493371480344138,1,-5.147900945010676,11.552565284973753,-0.8404005697028268,-0.6867766267966254,1.6945988345058658,-0.5688848339667056,1,-4.734799999999764,-3.0500000000004364,0.2860000000000299,-1.3199999999997658,-1.5000000000000568,0.14999999999998348,1,0.8528878486461834,-2.7656320193381005,1.386571614816435,1.2700000000000669,-1.2999999999998817,-0.8300000000001664,1,-2.1314010961829584,-2.5353021721001103,1.6319373601921652,-0.8129745821026073,-0.49010549333631753,0.016566770696743675,1,-1.1620590892125509,-2.656067366839052,1.4153477976425244,-0.3120455124028175,-0.2306673344417391,0.49824812539996416,1,8.858799999999459,4.012800000000704,-0.3459999999999854,0.920000000000698,1.769999999999694,-0.14999999999998348,1,3.9647999999995394,5.077599999998173,1.9544000000002406,0.31999999999987594,1.8399999999996197,0.7099999999999884
1771517218.4552648,14.403707027435303,12.70481322745247,-0.21645384651507996,-0.1394152961996235,0.9650608722022724,0.21053522012987047,0.9128818591750132,0.9650608722024826,0.21053522012987486,0.9128818591750162,0.09070626965939389,0.7181342117373716,1.0575692508574,-1.319712554145008,0.11327568558802548,0.09730543410490447,0,0.0,0.0,0.0,0.0,0.0,0.0,0,0.0,0.0,0.0,0.0,0.0,0.0,1,-4.4646311084912655,11.060140298991442,-1.245816576907195,-0.6267423890067338,1.5520811675586093,-0.7028854903728764,1,-1.6140898438613052,-3.41119158287764,1.987939109516544,-0.342376706754031,0.22542980196620163,0.7331149900412259,1,-5.077984175550129,11.730430814178185,-0.8283699676386896,-0.6867812309622636,1.6946095429189647,-0.5688759076850387,1,-4.86679999999974,-3.200000000000442,0.30100000000002824,-1.3199999999997658,-1.5000000000000568,0.14999999999998348,1,1.0360590891653165,-2.7211931715495257,1.4528398987379907,1.2700000000000986,-1.2999999999999774,-0.8300000000002135,1,-2.1305429158995386,-2.6101902382747735,1.689623581530452,-0.8120745938874794,-0.4771804672722892,0.016762538205907573,1,-1.158164740861291,-2.694140332108814,1.4648505713575442,-0.31309088164454196,-0.21236690664747354,0.4924956884255492,1,8.950799999999528,4.189800000000664,-0.3609999999999837,0.920000000000698,1.7699999999996052,-0.14999999999998348,1,3.996799999999527,5.261599999998135,2.0254000000002472,0.31999999999987594,1.8399999999996197,0.7100000000002105
1771517218.5574574,14.505899667739868,12.797315314672739,-0.19139632450209323,-0.044357889309258325,0.8880608722030559,0.2875352201298642,0.9853668778839337,0.8880608722024826,0.28753522012987487,0.9853668778839364,-0.011645451382672164,0.9002923937271483,0.9853668778839364,-1.363895433633405,0.10572055158932724,0.058840006919156834,0,0.0,0.0,0.0,0.0,0.0,0.0,0,0.0,0.0,0.0,0.0,0.0,0.0,1,-4.4057761225113135,11.231880082515753,-1.2448422083794346,-0.626969378547014,1.5520614511437205,-0.7030040758609016,1,-1.578660069557378,-3.4646570356472877,2.040828579064413,-0.3275907646928321,0.24260591004256854,0.7164653770217264,1,-5.020385763861114,11.872052796953621,-0.8187061895153134,-0.6866024135286927,1.6946241587538673,-0.5687829763427642,1,-4.9723999999997215,-3.3200000000004466,0.3130000000000269,-1.3199999999997658,-1.5000000000000568,0.14999999999998348,1,1.1825960815806302,-2.6856420933186658,1.5058545258752352,1.2700000000000986,-1.2999999999999774,-0.8300000000002135,1,-2.12888833070216,-2.669414620214195,1.7357779244778833,-0.8115252266487495,-0.4666636880309512,0.017036327052866704,1,-1.1550817811943497,-2.723744085852086,1.5041720846580793,-0.3142670156276505,-0.1977926575384711,0.48764978685252325,1,9.024399999999584,4.331400000000633,-0.3729999999999824,0.920000000000698,1.7699999999996052,-0.14999999999998348,1,4.0287999999995545,5.445599999998097,2.0964000000002683,0.32000000000032003,1.8399999999996197,0.7100000000002105
1771517218.6553047,14.603746891021729,12.86566018444899,-0.16569350689170365,0.03601093811114998,0.7880608722032889,0.387535220129881,1.042384551576285,0.7880608722024827,0.38753522012987485,1.0423845515762846,-0.09485298266317745,0.9106502301244849,1.0423845515762846,-1.4050009492806765,0.09364433925011903,0.015140609812601055,0,0.0,0.0,0.0,0.0,0.0,0.0,0,0.0,0.0,0.0,0.0,0.0,0.0,1,-4.357194217866016,11.368757179256722,-1.2439371291544699,-0.6270903566827787,1.5520526293030654,-0.7030655957588939,1,-1.549846448223204,-3.505815924035517,2.0826667143096977,-0.3154324797802607,0.25598568952915063,0.7028466571239015,1,-4.9463067956830296,12.04820771876632,-0.8066126806928057,-0.686432162977705,1.694635088741356,-0.5686975459439612,1,-5.104399999999698,-3.4700000000004523,0.32800000000002527,-1.3199999999997658,-1.5000000000000568,0.14999999999998348,1,1.3657673220997724,-2.641203245530091,1.5721228097967908,1.2700000000000986,-1.2999999999999774,-0.8300000000002135,1,-2.1256574375305877,-2.7425950897694453,1.7934687998122474,-0.811056728092173,-0.45330807529420164,0.017519056627666525,1,-1.1513418900180947,-2.7597201586984856,1.552988464876968,-0.31617765561793626,-0.17966745329063175,0.48130833740815754,1,9.116399999999654,4.508400000000593,-0.38799999999998075,0.920000000000698,1.7699999999996052,-0.14999999999998348,1,4.05439999999958,5.592799999998067,2.153200000000285,0.32000000000032003,1.8399999999996197,0.7100000000002105
1771517218.754742,14.703184127807617,12.940566271669306,-0.12303998487871581,0.13634939326877837,0.7100608722030444,0.4655352201298758,0.9643845515762972,0.7100608722024827,0.46553522012987486,0.9643845515762847,-0.19134928826507147,1.3317034152403144,0.28242359571947173,-1.4422117692745342,0.0782332389204961,-0.030414808955292652,0,0.0,0.0,0.0,0.0,0.0,0.0,0,0.0,0.0,0.0,0.0,0.0,0.0,1,-4.294591861913693,11.539179430507415,-1.2426790102073086,-0.6271525075175461,1.5520480512814632,-0.7030972465652431,1,-1.5133458104609343,-3.555267475449068,2.134370038936359,-0.29982928284522936,0.27223933821340957,0.6854606206447219,1,-4.8699362894598535,12.223377014136606,-0.7945292648187419,-0.68636981903439,1.694639139762986,-0.5686662126364401,1,-5.236399999999675,-3.620000000000458,0.3430000000000236,-1.3199999999997658,-1.5000000000000568,0.14999999999998348,1,1.5489385626189145,-2.596764397741516,1.6383910937183463,1.2700000000000986,-1.2999999999999774,-0.8300000000002135,1,-2.121185920678598,-2.8148430963261006,1.8511498595373055,-0.8108358845907933,-0.4397317371789325,0.018151406990981507,1,-1.1478073254192047,-2.7946029596656463,1.6014518311024843,-0.3185937656102798,-0.16165648202988497,0.4746742187664175,1,9.208399999999724,4.685400000000554,-0.4029999999999791,0.920000000000698,1.7699999999996052,-0.14999999999998348,1,4.086399999999612,5.776799999998029,2.224200000000306,0.32000000000032003,1.8399999999996197,0.7100000000002105
1771517218.8553627,14.803804874420166,12.993987141445524,-0.08241316726832587,0.21011615739488176,0.6160608722023397,0.5595352201298727,0.8703845515762865,0.6160608722024827,0.5595352201298749,0.8703845515762847,-0.2806359129510303,1.354367591321307,0.1258335459793869,-1.477028714120582,0.05709740784812409,-0.07733634987436401,0,0.0,0.0,0.0,0.0,0.0,0.0,0,0.0,0.0,0.0,0.0,0.0,0.0,1,-4.243012061014422,11.674958787874013,-1.241591533176191,-0.6271723521903912,1.552046552032306,-0.7031073900267292,1,-1.4838345294203508,-3.593249639464692,2.1752573322230653,-0.2870275239126924,0.2848508604906443,0.6712701461863537,1,-4.807201428271771,12.36278760440317,-0.7848902781597636,-0.6863499125473825,1.6946404701150726,-0.5686561702421171,1,-5.341999999999656,-3.7400000000004625,0.3550000000000223,-1.3199999999997658,-1.5000000000000568,0.14999999999998348,1,1.6954755550342282,-2.561213319510656,1.6914057208555908,1.2700000000000986,-1.2999999999999774,-0.8300000000002135,1,-2.1167511600470803,-2.871981129936805,1.897283678232692,-0.8108410806838988,-0.4287203113945138,0.018760451771485425,1,-1.1451823584301295,-2.8217615179404687,1.6399844012197258,-0.32090126201391905,-0.14733828548386524,0.46917260262542815,1,9.28199999999978,4.827000000000522,-0.4149999999999778,0.920000000000698,1.7699999999996052,-0.14999999999998348,1,4.111999999999638,5.923999999997998,2.281000000000323,0.32000000000032003,1.8399999999996197,0.7100000000002105
1771517218.9550984,14.90354061126709,13.051594228665772,-0.022460645255338495,0.29315561255251,0.5230608722026631,0.6525352201298754,0.7773845515762767,0.5230608722024828,0.6525352201298749,0.7773845515762847,-0.3519242311745488,1.3488083276567076,0.45948541391168624,-1.5065425142418984,0.03253378772214991,-0.11854903924687332,0,0.0,0.0,0.0,0.0,0.0,0.0,0,0.0,0.0,0.0,0.0,0.0,0.0,1,-4.17667046657974,11.843961660019835,-1.240157114914746,-0.627182566985881,1.552045734424478,-0.7031126570246611,1,-1.4466579180860981,-3.6387836635578874,2.2257750573326307,-0.2706334288436226,0.30010658485228187,0.6531916597939421,1,-4.726747197488578,12.536123487370316,-0.7729033521157714,-0.6863396657448179,1.6946412000185869,-0.5686509548888197,1,-5.4739999999996325,-3.890000000000468,0.37000000000002065,-1.3199999999997658,-1.5000000000000568,0.14999999999998348,1,1.8786467955533703,-2.5167744717220812,1.7576740047771464,1.2700000000000986,-1.2999999999999774,-0.8300000000002135,1,-2.1101785861002496,-2.942594986767555,1.9549340876568884,-0.8110791272887937,-0.4147785300685342,0.019645147007907964,1,-1.1422201288099076,-2.85482926611652,1.6878748553729082,-0.3242660989503799,-0.12956441624106924,0.4620730215603973,1,9.37399999999985,5.004000000000483,-0.4299999999999761,0.920000000000698,1.7699999999996052,-0.14999999999998348,1,4.14399999999967,6.10799999999796,2.352000000000344,0.32000000000032003,1.8399999999996197,0.7100000000002105
1771517219.0551689,15.003611087799072,13.099208315886017,0.04748487675764904,0.36620206771013863,0.431060872202238,0.744535220129877,0.6853845515762957,0.4310608722024828,0.7445352201298748,0.6853845515762848,-0.46450078454909616,1.4438293732591816,0.06796510318264103,-1.5323353752354194,0.0030736323760458062,-0.15629511317095846,0,0.0,0.0,0.0,0.0,0.0,0.0,0,0.0,0.0,0.0,0.0,0.0,0.0,1,-4.122108904993399,11.978570475713772,-1.238968533356748,-0.6271858447723089,1.5520454346853654,-0.7031143844226151,1,-1.4092718491866139,-3.682197545218666,2.275641908742262,-0.25381214284380305,0.3147756927912261,0.6347482615299219,1,-4.6607642559946525,12.674033965568055,-0.7633838294263616,-0.6863363775332524,1.694641470990105,-0.5686492437539745,1,-5.579599999999614,-4.010000000000472,0.3820000000000193,-1.3199999999997658,-1.5000000000000124,0.14999999999998348,1,2.0618180360725122,-2.4723356239335064,1.823942288698702,1.2700000000000986,-1.2999999999999774,-0.8300000000002135,1,-2.102507792819161,-3.012332181862024,2.0125643525035875,-0.8115788764785812,-0.40065087102638264,0.02066090485804497,1,-1.1396815340562438,-2.8869840983430786,1.7354868792901124,-0.3281771361830378,-0.11194029042363947,0.4547485952307932,1,9.46599999999992,5.181000000000443,-0.44499999999997447,0.920000000000698,1.7699999999996052,-0.14999999999998348,1,4.175999999999702,6.291999999997922,2.423000000000365,0.32000000000032003,1.8399999999996197,0.7100000000002105
1771517219.1554003,15.103842496871948,13.129997185662202,0.11074369436803883,0.41733683183624093,0.343060872202372,0.8325352201298679,0.5973845515762634,0.3430608722024828,0.8325352201298748,0.5973845515762848,-0.5466939583268948,1.4449850970089384,-0.16633066508920602,-1.5526831641730237,-0.02906054709403793,-0.1879966377949,0,0.0,0.0,0.0,0.0,0.0,0.0,0,0.0,0.0,0.0,0.0,0.0,0.0,1,-4.052646496894702,12.1463735179518,-1.237402481627079,-0.62682713713027,1.5521006602769079,-0.7029029750684928,1,-1.3792896298070296,-3.715434609882316,2.3150733309973366,-0.24005373613342598,0.3260733243998609,0.61974063628685,1,-4.575717437445925,12.845163203052604,-0.7516531371109572,-0.6866965574762545,1.694589544429266,-0.5688593913385682,1,-5.71159999999959,-4.160000000000478,0.39700000000001767,-1.3199999999997658,-1.5000000000000568,0.14999999999998348,1,2.208355028487826,-2.4367845457026465,1.8769569158359465,1.2700000000000986,-1.2999999999999774,-0.8300000000002135,1,-2.0956112496656885,-3.067508603259417,2.0586543699919067,-0.8121701118114014,-0.38922291900509215,0.021563628089317992,1,-1.1380027038558995,-2.912101148726525,1.7733974412558924,-0.331707318475683,-0.09795770510325823,0.44874323326251997,1,9.539599999999975,5.322600000000412,-0.45699999999997315,0.920000000000698,1.7699999999996052,-0.14999999999998348,1,4.201599999999727,6.439199999997892,2.479800000000382,0.32000000000032003,1.8399999999996197,0.7100000000002105
1771517219.255254,15.203696250915527,13.15974327288244,0.198557216381026,0.47251528699386935,0.2480608722024158,0.9275352201298659,0.5023845515763071,0.24806087220248282,0.9275352201298748,0.5023845515762848,-0.64716547992704,1.3735274027621442,-0.1686342220542313,-1.5702347850910314,-0.06807896370179117,-0.21778639065270552,0,0.0,0.0,0.0,0.0,0.0,0.0,0,0.0,0.0,0.0,0.0,0.0,0.0,1,-3.9805371037371744,12.312979199558434,-1.2359081362199056,-0.6268224841065118,1.5520898163912633,-0.7029117654626206,1,-1.3418142858074462,-3.7551591697989637,2.3637959566833264,-0.2224871200112172,0.33962937054180986,0.6006776118687125,1,-4.489050741162747,13.01551819133339,-0.7400086704185,-0.6867011540542357,1.6946002640101312,-0.5688504503430137,1,-5.843599999999567,-4.310000000000484,0.412000000000016,-1.3199999999997658,-1.5000000000000568,0.14999999999998348,1,2.391526269006968,-2.3923456979140716,1.943225199757502,1.2700000000000986,-1.2999999999999774,-0.8300000000002135,1,-2.0860766138571742,-3.13573743259215,2.1162512091525354,-0.813151983034375,-0.37479051811506564,0.02279949327264698,1,-1.1363989433821935,-2.9428063905571205,1.820590725210932,-0.336630816375632,-0.0806367389444052,0.44107423536771756,1,9.631600000000045,5.499600000000372,-0.4719999999999715,0.920000000000698,1.7699999999996052,-0.14999999999998348,1,4.233599999999759,6.623199999997854,2.550800000000403,0.32000000000032003,1.8399999999996197,0.7100000000002105
1771517219.354674,15.30311632156372,13.179609360102685,0.29625073839401195,0.5178137421514994,0.15306087220245956,1.0225352201298499,0.4073845515762953,0.15306087220248282,1.0225352201298747,0.40738455157628484,-0.7022401550789544,1.3829744021159704,-0.340184348236523,-1.5828744785784075,-0.11050666611840085,-0.2423391407002268,0,0.0,0.0,0.0,0.0,0.0,0.0,0,0.0,0.0,0.0,0.0,0.0,0.0,1,-3.9063902196372857,12.478687604845774,-1.234444109828124,-0.6268178309784418,1.552078972232022,-0.7029205560845067,1,-1.3044428571063247,-3.79291604851568,2.411904053801047,-0.20452038603031947,0.3525357387192385,0.5812918320747429,1,-4.40017504753454,13.184745227300244,-0.7285553779071249,-0.6867057507329073,1.6946109838642514,-0.5688415091128518,1,-5.9755999999995435,-4.460000000000489,0.42700000000001437,-1.3199999999997658,-1.5000000000000568,0.14999999999998348,1,2.57469750952611,-2.3479068501254967,2.0094934836790577,1.2700000000000986,-1.2999999999999774,-0.8300000000002135,1,-2.075563244286873,-3.203172657101774,2.1738346810482017,-0.814407328142401,-0.3602049969349479,0.024149131935607623,1,-1.135400805732008,-2.9728233173909433,1.8676018269048258,-0.3421308070581973,-0.06350341881575697,0.4332470146751377,1,9.723600000000115,5.676600000000333,-0.48699999999996985,0.920000000000698,1.7699999999996052,-0.14999999999998348,1,4.265599999999791,6.807199999997816,2.621800000000424,0.32000000000032003,1.8399999999996197,0.7100000000002105
1771517219.455636,15.404078245162964,13.18839822987891,0.3815095560044014,0.5469485062776036,0.057060872203251733,1.1185352201298906,0.3113845515763103,0.05706087220248282,1.1185352201298748,0.31138455157628486,-0.8334128188556327,1.2409913840023454,-0.4347641650910684,-1.5912624026437472,-0.1578637998649093,-0.26278672394790487,0,0.0,0.0,0.0,0.0,0.0,0.0,0,0.0,0.0,0.0,0.0,0.0,0.0,1,-3.8456134310306047,12.610591814298376,-1.2333148799532527,-0.6268141084004893,1.5520702967075723,-0.7029275887453784,1,-1.2746908351569206,-3.8217492511061577,2.449960899092403,-0.18986602344985665,0.36237826470373746,0.5655615299024774,1,-4.327494945095315,13.319297412283765,-0.7195528085481107,-0.6867094281486025,1.694619559943774,-0.5688343559603478,1,-6.081199999999525,-4.580000000000494,0.43900000000001305,-1.3199999999997658,-1.5000000000000568,0.14999999999998348,1,2.721234501941424,-2.312355771894637,2.062508110816302,1.2700000000000986,-1.2999999999999774,-0.8300000000002135,1,-2.066472015759099,-3.256573156525458,2.219895898760277,-0.815610966016051,-0.3484339424832729,0.025306794796453185,1,-1.1350749446817838,-2.9964015162701347,1.9051057866031238,-0.34695158600618786,-0.049941343110635306,0.42688718116725133,1,9.79720000000017,5.818200000000301,-0.4989999999999685,0.920000000000698,1.7699999999996052,-0.14999999999998348,1,4.291199999999817,6.9543999999977855,2.678600000000441,0.32000000000032003,1.8399999999996197,0.7100000000002105
1771517219.555301,15.503743171691895,13.190083099655151,0.46811237361479174,0.5689792704037056,-0.022939127797272363,1.0385352201298659,0.23138455157623028,-0.02293912779751718,1.0385352201298748,0.23138455157628485,-0.9370477255987228,0.21960237635675647,-0.5566439635834396,-1.5947982540975882,-0.20249939781356452,-0.27674379093035306,0,0.0,0.0,0.0,0.0,0.0,0.0,0,0.0,0.0,0.0,0.0,0.0,0.0,1,-3.783546203425841,12.741893671703682,-1.2322396100681816,-0.6268103857559965,1.5520616210084737,-0.7029346215521152,1,-1.2451235043882658,-3.8494023000255266,2.4876480203848312,-0.17496803837199473,0.3717797803257253,0.5496432691577537,1,-4.2534201855916915,13.453098206508809,-0.7107109906832679,-0.6867131056282506,1.6946281361975502,-0.568827202657365,1,-6.186799999999506,-4.7000000000004984,0.4510000000000117,-1.3199999999997658,-1.5000000000000568,0.14999999999998348,1,2.8677714943567376,-2.276804693663777,2.1155227379535466,1.2700000000000986,-1.2999999999999774,-0.8300000000002135,1,-2.0567937574004285,-3.3095077406727587,2.265956418998511,-0.8169936947765557,-0.33657785189030803,0.02653054418952691,1,-1.1351962313916542,-3.019644783458184,1.9425393160100568,-0.3521505048608756,-0.03651575133813956,0.42045324560752595,1,9.870800000000227,5.9598000000002695,-0.5109999999999673,0.920000000000698,1.7699999999996052,-0.14999999999998348,1,4.3167999999998425,7.101599999997755,2.7354000000004577,0.32000000000032003,1.8399999999996197,0.7100000000002105
1771517219.655643,15.604085206985474,13.183747186875394,0.5679238956277767,0.5880757255613317,-0.116939127797977,0.9445352201298274,0.1373845515763028,-0.11693912779751718,0.9445352201298748,0.13738455157628485,-0.9803638553956303,0.1060087346543211,-0.3150259833919942,-1.5946401150911225,-0.2522305531596685,-0.2885388648544368,0,0.0,0.0,0.0,0.0,0.0,0.0,0,0.0,0.0,0.0,0.0,0.0,0.0,1,-3.704157378665856,12.905155236649911,-1.230994780140967,-0.6268057323562182,1.5520507761383113,-0.7029434127646019,1,-1.2084988014501388,-3.882368863997637,2.534256273388968,-0.15601197606585562,0.3828947829258878,0.5294942743385224,1,-4.15887920486413,13.619272985898267,-0.6999106976480621,-0.6867177025685708,1.694638856759953,-0.5688182608181295,1,-6.318799999999483,-4.850000000000504,0.4660000000000101,-1.3199999999997658,-1.5000000000000568,0.14999999999998348,1,3.0509427348758797,-2.232365845875202,2.181791021875102,1.2700000000000986,-1.2999999999999774,-0.8300000000002135,1,-2.0438925095452136,-3.37505189090365,2.3235382243280127,-0.8189763797689753,-0.32164676721726,0.028148751000676854,1,-1.136009851691851,-3.048304080431635,1.9892658408718906,-0.35918584743242876,-0.0199370974561429,0.4123249503993834,1,9.962800000000296,6.13680000000023,-0.5259999999999656,0.920000000000698,1.7699999999996052,-0.14999999999998348,1,4.3487999999998745,7.285599999997717,2.8064000000004787,0.32000000000032003,1.8399999999996197,0.7100000000002105
1771517219.7551985,15.703640699386597,13.167336274095643,0.6576604176407591,0.5970971807189617,-0.20593912779709456,0.8555352201298216,0.048384551576297063,-0.20593912779751716,0.8555352201298748,0.04838455157628485,-1.0422423923064592,-0.04374021994218654,-0.381896143927892,-1.5902364456485252,-0.2971854408957059,-0.2959612465027341,0,0.0,0.0,0.0,0.0,0.0,0.0,0,0.0,0.0,0.0,0.0,0.0,0.0,1,-3.6227756217366447,13.067432737680706,-1.2298881809835243,-0.6268010788521214,1.552039930995281,-0.7029522042042323,1,-1.1723321211638977,-3.913633464779659,2.5803335398850353,-0.13663180748153492,0.3932659586141248,0.5090188960165533,1,-4.0621913023713665,13.784228883003253,-0.6894213275160993,-0.6867222996090387,1.6946495775942456,-0.5688093187444879,1,-6.450799999999459,-5.00000000000051,0.4810000000000084,-1.3199999999997658,-1.5000000000000568,0.14999999999998348,1,3.234113975395022,-2.187926998086627,2.248059305796658,1.2700000000000986,-1.2999999999999774,-0.8300000000002135,1,-2.0301184226379676,-3.439943074083192,2.3811372720445054,-0.8212918002586422,-0.30675008026105244,0.02982345582975194,1,-1.137593806144612,-3.0766185726280777,2.035961406220122,-0.3668223959693337,-0.0035435337913851074,0.4040837929302154,1,10.054800000000366,6.313800000000191,-0.540999999999964,0.920000000000698,1.7699999999996052,-0.14999999999998348,1,4.3807999999999065,7.469599999997679,2.8774000000005,0.32000000000032003,1.8399999999996197,0.7100000000002105
1771517219.855276,15.803718328475952,13.147039143871826,0.7222812352511468,0.5971459448450628,-0.29693912779826803,0.7645352201298694,-0.04261544842376619,-0.2969391277975172,0.7645352201298748,-0.042615448423715147,-1.1221776303953315,0.021660192935879955,-0.3155864267385047,-1.5815012262059511,-0.3378087786317427,-0.29905207815103196,0,0.0,0.0,0.0,0.0,0.0,0.0,0,0.0,0.0,0.0,0.0,0.0,0.0,1,-3.556244624625954,13.1965304856659,-1.2291225234867136,-0.6267973559734467,1.5520312546838808,-0.7029592375187471,1,-1.1437980410764375,-3.937473105139163,2.6168313736264524,-0.12081415154058242,0.40101109222584064,0.4923961056055438,1,-3.9833078689295536,13.915299621219203,-0.6812759189307303,-0.6867259773138419,1.6946581544578603,-0.5688021649171868,1,-6.5563999999994405,-5.120000000000514,0.4930000000000071,-1.3199999999997658,-1.5000000000000568,0.14999999999998348,1,3.3806509678103356,-2.1523759198557673,2.3010739329339023,1.2700000000000986,-1.2999999999999774,-0.8300000000002135,1,-2.018463944793364,-3.491424384340086,2.427240703219016,-0.8233830032826871,-0.294910807717056,0.0311934421481286,1,-1.1394433269507507,-3.0990875884207782,2.073324868490461,-0.37337382986451595,0.009439904429399867,0.39741507819953537,1,10.128400000000422,6.455400000000159,-0.5529999999999626,0.920000000000698,1.7699999999996052,-0.14999999999998348,1,4.406399999999932,7.616799999997649,2.9342000000005166,0.32000000000032003,1.8399999999996197,0.7100000000002105
1771517219.9555752,15.904017448425293,13.112833231092036,0.7942227572641345,0.5883724000026869,-0.39293912779747586,0.6685352201298844,-0.13861544842375118,-0.39293912779751716,0.6685352201298749,-0.13861544842371515,-1.197763645043823,-0.12621527605014402,-0.3842703257838821,-1.5683622081373114,-0.37441938723835544,-0.29783280937096074,0,0.0,0.0,0.0,0.0,0.0,0.0,0,0.0,0.0,0.0,0.0,0.0,0.0,1,-3.4713110609213724,13.356977957446327,-1.228340058876153,-0.6267927022818871,1.552020409049781,-0.7029680293669005,1,-1.1086914491281759,-3.965888376135228,2.6620274700289692,-0.10082735649925127,0.4100287163854765,0.47149369043251,1,-3.882803592130388,14.078000412451548,-0.671429461788697,-0.6867305745352146,1.6946688757820063,-0.5687932224228058,1,-6.688399999999417,-5.27000000000052,0.5080000000000054,-1.3199999999997658,-1.5000000000000568,0.14999999999998348,1,3.5638222083294777,-2.1079370720671924,2.367342216855458,1.2700000000000986,-1.2999999999999774,-0.8300000000002135,1,-2.0031225286852674,-3.555266530327674,2.484908143844455,-0.8261782481548785,-0.2798377872728546,0.03303313070622091,1,-1.1424981784811536,-3.1270395236252835,2.1200800551820858,-0.38211659740734916,0.025351613623015773,0.3891060713664999,1,10.220400000000492,6.6324000000001195,-0.567999999999961,0.920000000000698,1.7699999999996052,-0.14999999999998348,1,4.438399999999964,7.8007999999976105,3.0052000000005377,0.32000000000032003,1.8399999999996197,0.7100000000002105
1771517220.054691,16.003133296966553,13.068694318312291,0.8562312792771252,0.569665855160314,-0.4879391277974321,0.5735352201299282,-0.2336154484237074,-0.48793912779751714,0.5735352201298749,-0.23361544842371515,-1.2409547388050435,-0.27407494772285934,-0.4669296408382941,-1.5509154677568535,-0.40647087171388563,-0.2922455837234109,0,0.0,0.0,0.0,0.0,0.0,0.0,0,0.0,0.0,0.0,0.0,0.0,0.0,1,-3.384425134952221,13.516376714699627,-1.2277794165578186,-0.6267880484858244,1.552009563142652,-0.7029768214411443,1,-1.0747219987801198,-3.9923855798402257,2.7066540394607257,-0.08084729417241607,0.4184153174100501,0.4506513732783758,1,-3.78020706931415,14.239415137581073,-0.6619862322183734,-0.6867351718568192,1.6946795973778355,-0.56878427969456,1,-6.820399999999394,-5.420000000000526,0.5230000000000038,-1.3199999999997658,-1.5000000000000568,0.14999999999998348,1,3.74699344884862,-2.0634982242786175,2.4336105007770135,1.2700000000000986,-1.2999999999999774,-0.8300000000002135,1,-1.9862743694381813,-3.6195254985773047,2.5429323260383696,-0.8288499678726161,-0.26458861504625764,0.035077982288545084,1,-1.1465999908357993,-3.1544825018071463,2.1667669686899678,-0.391609028513885,0.04073791658591279,0.3809384759578475,1,10.312400000000562,6.80940000000008,-0.5829999999999593,0.920000000000698,1.7699999999996052,-0.14999999999998348,1,4.470399999999996,7.9847999999975725,3.0762000000005587,0.32000000000032003,1.8399999999996197,0.7100000000002105
1771517220.1557543,16.104196548461914,13.025528188088508,0.8979830968875195,0.5468456192864175,-0.5689391277972078,0.49253522012993045,-0.31461544842370515,-0.5689391277975171,0.4925352201298749,-0.31461544842371514,-1.3713205563677568,-0.17699315986863873,-0.4086689242563775,-1.5299557070059686,-0.43327745661973194,-0.2827303885443436,0,0.0,0.0,0.0,0.0,0.0,0.0,0,0.0,0.0,0.0,0.0,0.0,0.0,1,-3.313521237153578,13.64312554894604,-1.2275105997675233,-0.6267843253740184,1.552000886220832,-0.7029838552637215,1,-1.0477037214977978,-4.013011808273584,2.7421758812453354,-0.0644178698297902,0.4244307637721551,0.43366696053393516,1,-3.69663742507886,14.367605341675075,-0.6547439768768482,-0.6867388497860929,1.6946881748499625,-0.5687771253435636,1,-6.925999999999375,-5.54000000000053,0.5350000000000025,-1.3199999999997658,-1.5000000000000568,0.14999999999998348,1,3.8935304412639336,-2.0279471460477576,2.486625127914258,1.2700000000000986,-1.2999999999999774,-0.8300000000002135,1,-1.9727520886260943,-3.6697992876908865,2.5891433415679783,-0.8315153813671182,-0.2522800466592029,0.03668641868594201,1,-1.1503064810552603,-3.1768706495485,2.2043711116481832,-0.3995122894921343,0.05299644299551822,0.374320084401703,1,10.386000000000617,6.9510000000000485,-0.594999999999958,0.920000000000698,1.7699999999996052,-0.14999999999998348,1,4.496000000000022,8.131999999997543,3.1330000000005755,0.32000000000032003,1.8399999999996197,0.7100000000002105
1771517220.2593966,16.207838773727417,12.96331427530879,0.9419166189005088,0.5100640744440494,-0.663939127797164,0.3975352201298632,-0.4096154484236614,-0.6639391277975171,0.39753522012987486,-0.4096154484237151,-1.4016244711000094,-0.37368892753460653,-0.48966662461182275,-1.5056523549467888,-0.4551482386953839,-0.26949011653791244,0,0.0,0.0,0.0,0.0,0.0,0.0,0,0.0,0.0,0.0,0.0,0.0,0.0,1,-3.2231634524218307,13.800584936843968,-1.2274203901444594,-0.6269586300543923,1.5519827693331614,-0.7030778863668183,1,-1.0146473624345136,-4.037662667200226,2.786246676073597,-0.04361545003499348,0.43121176647699216,0.41227920112157446,1,-3.6117520524013687,14.494943915388852,-0.6477990427152894,-0.6866244505864735,1.6947009108797986,-0.5687142150740037,1,-7.0579999999993515,-5.690000000000536,0.5500000000000008,-1.3199999999997658,-1.5000000000000568,0.14999999999998348,1,4.0767016817830575,-1.9835082982591912,2.5528934118358135,1.2699999999998932,-1.2999999999997078,-0.8299999999998506,1,-1.9551076527469156,-3.7322427052861546,2.6469791857105487,-0.8351113113083887,-0.23683725725976731,0.03875898773196772,1,-1.1556902970916862,-3.2050065817515714,2.251556743323907,-0.409942094260659,0.06803840567446899,0.36607954553648725,1,10.459600000000673,7.092600000000017,-0.6069999999999567,0.920000000000698,1.7699999999996052,-0.14999999999998348,1,4.528000000000054,8.315999999997505,3.2040000000005966,0.32000000000032003,1.8399999999996197,0.7100000000002105
1771517220.3550482,16.30349040031433,12.90620014508503,0.9697204365108975,0.473295838570153,-0.7569391277968407,0.30453522012985346,-0.5026154484237267,-0.756939127797517,0.3045352201298749,-0.5026154484237151,-1.448097685741918,-0.42552921240071323,-0.5374486813579418,-1.4760660713150502,-0.4743059744618743,-0.25158264397214125,0,0.0,0.0,0.0,0.0,0.0,0.0,0,0.0,0.0,0.0,0.0,0.0,0.0,1,-3.149510086578696,13.925767764568127,-1.2275548987924831,-0.6271082664333332,1.5519719860142709,-0.7031538515751597,1,-0.988808358589728,-4.0565442622794405,2.8212638544420328,-0.02677070243815302,0.43603443549600307,0.395055977874594,1,-3.503805296999878,14.652887006701297,-0.6395735980054069,-0.6864138699236954,1.6947142548069203,-0.5686087262743744,1,-7.163599999999333,-5.8100000000005405,0.5619999999999995,-1.3199999999997658,-1.5000000000000568,0.14999999999998348,1,4.223238674198336,-1.947957220028349,2.605908038973058,1.2699999999998932,-1.2999999999997078,-0.8299999999998506,1,-1.9403954897010045,-3.781908257010772,2.693315641712317,-0.8381999377032952,-0.22444383206820748,0.04046354525422795,1,-1.160591433046285,-3.2277080139151315,2.2894827154352604,-0.4187257306336368,0.079836975136831,0.3595277712905596,1,10.551600000000743,7.269599999999977,-0.621999999999955,0.920000000000698,1.7699999999996052,-0.14999999999998348,1,4.553600000000079,8.463199999997475,3.2608000000006134,0.32000000000032003,1.8399999999996197,0.7100000000002105
1771517220.4556851,16.40412735939026,12.826506232305285,0.9961739585238832,0.4236580174680099,-0.856939127798384,0.20453522012986447,-0.4870223549179876,-0.856939127797517,0.20453522012987488,-0.48702235491799506,-1.4235431776226264,-0.4815169050794221,-0.48702235491799506,-1.442343569147507,-0.4891878240151888,-0.22950548922852881,0,0.0,0.0,0.0,0.0,0.0,0.0,0,0.0,0.0,0.0,0.0,0.0,0.0,1,-3.0557437498802322,14.081238568026004,-1.2280128421716427,-0.6271851345703751,1.551966400707102,-0.7031929206788414,1,-0.9573053605941056,-4.079189228327429,2.8647721223479845,-0.005474818597922769,0.44129510511873127,0.3734033198655378,1,-3.393841128197714,14.809452190678437,-0.631877601799969,-0.686336763476191,1.6947191894073685,-0.5685700507786972,1,-7.295599999999309,-5.960000000000546,0.5769999999999978,-1.3199999999997658,-1.5000000000000568,0.14999999999998348,1,4.406409914717433,-1.9035183722397964,2.6721763228946136,1.2699999999998932,-1.2999999999997078,-0.8299999999998506,1,-1.9212505469002301,-3.8436688208555156,2.7513348951406584,-0.8423260157458656,-0.20891171444561,0.04264823429498591,1,-1.1674446530869416,-3.256423391633247,2.3371571263303874,-0.4302530690766556,0.09427780623906921,0.3514086891901587,1,10.643600000000813,7.446599999999938,-0.6369999999999534,0.920000000000698,1.7699999999996052,-0.14999999999998348,1,4.585600000000111,8.647199999997436,3.3318000000006345,0.32000000000032003,1.8399999999996197,0.7100000000002105
1771517220.5552218,16.503664016723633,12.754607102081415,1.009192776134274,0.3879355581609488,-0.932939127798349,0.12853522012989949,-0.4134012393184894,-0.932939127797517,0.1285352201298749,-0.41340123931850814,-1.4517680036471585,-0.326991282357898,-0.41340123931850814,-1.4051121944385576,-0.5000300638531754,-0.20720229636228407,0,0.0,0.0,0.0,0.0,0.0,0.0,0,0.0,0.0,0.0,0.0,0.0,0.0,1,-2.979380041866617,14.204791901545146,-1.2286324538259368,-0.62720967399188,1.5519645801543633,-0.7032054305257196,1,-0.9327632010083317,-4.096609340881625,2.89939598012383,0.011743388985340508,0.44487873152222895,0.3559957192178409,1,-3.3044355228895896,14.933702290047174,-0.6261201011922672,-0.686312147821853,1.694720801601512,-0.5685576662780973,1,-7.401199999999291,-6.080000000000551,0.5889999999999965,-1.3199999999997658,-1.5000000000000568,0.14999999999998348,1,4.5529469071327116,-1.8679672940089542,2.725190950031858,1.2699999999998932,-1.2999999999997078,-0.8299999999998506,1,-1.9053207682148325,-3.8928496693397427,2.7978397622369484,-0.845839211960992,-0.19646014325632505,0.044436148520109325,1,-1.1734915597514082,-3.2797393929397116,2.375544007121139,-0.43991106750316894,0.1055743737935273,0.34498467653940645,1,10.717200000000869,7.588199999999906,-0.6489999999999521,0.920000000000698,1.7699999999996052,-0.14999999999998348,1,4.611200000000137,8.794399999997406,3.3886000000006513,0.32000000000032003,1.8399999999996197,0.7100000000002105
1771517220.6557589,16.604201078414917,12.677088971857557,1.0165925937446623,0.35732960326309,-1.0259391277980257,0.03553522012977872,-0.3338481990726727,-1.025939127797517,0.035535220129874895,-0.33384819907265034,-1.3141669439205936,-0.6589021101453542,-0.33384819907265034,-1.3653086193975863,-0.5062489837545214,-0.18865262028923668,0,0.0,0.0,0.0,0.0,0.0,0.0,0,0.0,0.0,0.0,0.0,0.0,0.0,1,-2.9018252825064876,14.32760037156524,-1.2294946153738366,-0.6272206740270869,1.551963729639805,-0.7032110725386028,1,-0.9088248700686226,-4.113473936022457,2.933882787623905,0.029113246899656393,0.4478886884176204,0.3385241662292525,1,-3.2137691248641955,15.057051455556255,-0.6207340953736741,-0.686301113472204,1.6947215581417467,-0.5685520801684613,1,-7.506799999999272,-6.200000000000555,0.6009999999999952,-1.3199999999997658,-1.5000000000000568,0.14999999999998348,1,4.69948389954799,-1.832416215778112,2.7782055771691025,1.2699999999998932,-1.2999999999997078,-0.8299999999998506,1,-1.888833610716196,-3.941853946923224,2.8444335092138786,-0.8495348251683943,-0.18398949735413012,0.04625805112697697,1,-1.1800202617053248,-3.3034257172280572,2.4141810074806327,-0.4499661543646479,0.11662836392991405,0.3386450756664725,1,10.790800000000925,7.729799999999875,-0.6609999999999507,0.920000000000698,1.7699999999996052,-0.14999999999998348,1,4.636800000000163,8.941599999997376,3.445400000000668,0.32000000000032003,1.8399999999996197,0.7100000000002105
1771517220.7545636,16.70300579071045,12.570495059077818,1.0161461157576472,0.31994478335582427,-1.1059391277967734,-0.04446477987007924,-0.4138481990726417,-1.105939127797517,-0.04446477987012511,-0.41384819907265036,-1.289808285871301,-0.5444127832337984,-0.4162058292818991,-1.3214455004654777,-0.5088885505411608,-0.17310066498033377,0,0.0,0.0,0.0,0.0,0.0,0.0,0,0.0,0.0,0.0,0.0,0.0,0.0,1,-2.8032214287013395,14.48004668281526,-1.2309368616093124,-0.6272263469101491,1.5519632451853336,-0.7032140279313582,1,-0.879772213877001,-4.133850682618467,2.976827042093972,0.05102727689561406,0.4506174851339767,0.3166048587725653,1,-3.0986827525502614,15.20995568069365,-0.6145481291232814,-0.6862954227035565,1.6947219933662485,-0.5685491532273461,1,-7.638799999999248,-6.350000000000561,0.6159999999999936,-1.3199999999997658,-1.5000000000000568,0.14999999999998348,1,4.8826551400670875,-1.7879773679895594,2.844473861090658,1.2699999999998932,-1.2999999999997078,-0.8299999999998506,1,-1.8674242337584894,-4.002887368171199,2.9028080555056968,-0.8542616591127082,-0.16833165183066817,0.0486048502189666,1,-1.1888161758228546,-3.333666632277579,2.4628853964253454,-0.463362421215061,0.1299408635496644,0.33105641089010607,1,10.882800000000994,7.906799999999835,-0.6759999999999491,0.920000000000698,1.7699999999996052,-0.14999999999998348,1,4.668800000000195,9.125599999997338,3.516400000000689,0.32000000000032003,1.8399999999996197,0.7100000000002105
1771517220.8558123,16.80425453186035,12.479419928854036,1.0099889333680412,0.28625520997881276,-1.2059391277983167,-0.14446477987006823,-0.43622194719572516,-1.205939127797517,-0.14446477987012513,-0.43622194719574536,-1.2808879209330837,-0.4501689748347607,-0.43622194719574536,-1.274188138260941,-0.5076284100801228,-0.15583390968718572,0,0.0,0.0,0.0,0.0,0.0,0.0,0,0.0,0.0,0.0,0.0,0.0,0.0,1,-2.72352113022461,14.601547727847688,-1.232200890346121,-0.6268701663949816,1.5520225820658635,-0.7029996183355836,1,-0.8572365022473725,-4.14966326914577,3.011082082305677,0.06871094663559497,0.4522595574176026,0.2990252048879682,1,-3.004744404156625,15.33084451196537,-0.6102509689127815,-0.6866530946301665,1.694665997256056,-0.5687623623029847,1,-7.74439999999923,-6.4700000000005655,0.6279999999999922,-1.3199999999997658,-1.5000000000000568,0.14999999999998348,1,5.029192132482366,-1.7524262897587173,2.8974884882279026,1.2699999999998932,-1.2999999999997078,-0.8299999999998506,1,-1.8496369177658014,-4.05156508468834,2.9496246340785284,-0.8583338137333387,-0.1558129923175295,0.05050342416039605,1,-1.1963265230184936,-3.358434626116628,2.502207405030145,-0.47434545895985136,0.140370122502997,0.32500551037306724,1,10.95640000000105,8.048399999999829,-0.6879999999999478,0.920000000000698,1.7700000000004934,-0.14999999999998348,1,4.69440000000022,9.272799999997307,3.573200000000706,0.32000000000032003,1.8399999999996197,0.7100000000002105
1771517220.9555526,16.90399479866028,12.383768250502932,0.9962477509784351,0.2535414542031538,-1.1765301323425348,-0.22246477987009072,-0.3582219471957582,-1.1765301323421404,-0.22246477987012514,-0.35822194719574535,-1.1765301323421404,-0.6625113376995305,-0.2809765015501228,-1.2232076395203038,-0.5030175802226406,-0.13715825202778065,0,0.0,0.0,0.0,0.0,0.0,0.0,0,0.0,0.0,0.0,0.0,0.0,0.0,1,-2.642163977473926,14.721846108870457,-1.2339722082730462,-0.626866449363686,1.552013896104722,-0.7030066638256132,1,-0.8353319670063014,-4.165111362281829,3.045278139475757,0.08651735116568053,0.4533532576795877,0.2814194213969658,1,-2.9100973970247166,15.451231710555875,-0.6061577606866804,-0.6866567664230564,1.6946745835739878,-0.5687551962426054,1,-7.849999999999211,-6.59000000000057,0.6399999999999909,-1.3199999999997658,-1.5000000000000568,0.14999999999998348,1,5.175729124897644,-1.7168752115278751,2.950503115365147,1.2699999999998932,-1.2999999999997078,-0.8299999999998506,1,-1.8312414334785656,-4.100137104338973,2.9965562991499284,-0.8626224156364426,-0.1432993292677327,0.05242338197487121,1,-1.2042254461867457,-3.3837686044347097,2.541872621474629,-0.48564377568927364,0.1505604646485948,0.31903461000279354,1,11.030000000001106,8.189999999999868,-0.6999999999999464,0.920000000000698,1.7700000000004934,-0.14999999999998348,1,4.720000000000246,9.419999999997277,3.630000000000723,0.32000000000032003,1.8399999999996197,0.7100000000002105
1771517221.0556576,17.00409984588623,12.292071668941988,0.9758235685888262,0.22751069842749375,-1.1109671856814884,-0.293464779870134,-0.28722194719574273,-1.1109671856818526,-0.29346477987012515,-0.28722194719574534,-1.1109671856818526,-0.6852133138858583,-0.2001338021065157,-1.1767573092642047,-0.49526361403374497,-0.12216501635191718,0,0.0,0.0,0.0,0.0,0.0,0.0,0,0.0,0.0,0.0,0.0,0.0,0.0,1,-2.559659159693736,14.841354770875983,-1.2360506935252034,-0.626862732265352,1.5520052099681223,-0.7030137094612285,1,-0.8140948548804017,-4.179585046067771,3.0789945442960134,0.10459449549780082,0.4539922771336524,0.26363733635058273,1,-2.814243258997999,15.570674932305383,-0.6025032795690133,-0.6866604382801541,1.6946831700668312,-0.5687480300313317,1,-7.955599999999192,-6.710000000000575,0.6519999999999896,-1.3199999999997658,-1.5000000000000568,0.14999999999998348,1,5.322266117312922,-1.681324133297033,3.0035177425023916,1.2699999999998932,-1.2999999999997078,-0.8299999999998506,1,-1.8122616232686564,-4.148111711591945,3.0432694047183793,-0.8673141198852955,-0.13045594607567182,0.05441839284812113,1,-1.212400567220957,-3.4108946690429365,2.5826871015979838,-0.49660810566269153,0.16043852312976362,0.3130547184239672,1,11.103600000001162,8.331599999999908,-0.7119999999999451,0.920000000000698,1.7700000000004934,-0.14999999999998348,1,4.745600000000271,9.567199999997246,3.6868000000007397,0.32000000000032003,1.8399999999996197,0.7100000000002105
1771517221.1548054,17.10324764251709,12.182136367881142,0.942165090601814,0.20041586823680788,-1.087264787573261,-0.38146477987011096,-0.2540104261980202,-1.087264787573472,-0.38146477987012517,-0.25401042619801034,-1.087264787573472,-0.6364487930937581,-0.25401042619801034,-1.128815843092931,-0.48336308020642604,-0.10930340903221286,0,0.0,0.0,0.0,0.0,0.0,0.0,0,0.0,0.0,0.0,0.0,0.0,0.0,1,-2.4549307266437617,14.989615108259642,-1.2391031715127432,-0.6268580857988039,1.5519943520509212,-0.7030225167114339,1,-0.7883934588418813,-4.198201120769555,3.1217027785784843,0.1271330708529091,0.4538084169875112,0.24161628821924977,1,-2.6927488278856373,15.718636495964873,-0.5985764626620745,-0.6866650281920752,1.6946939034285484,-0.5687390720560024,1,-8.087599999999169,-6.86000000000058,0.6669999999999879,-1.3199999999997658,-1.5000000000000568,0.14999999999998348,1,5.50543735783202,-1.6368852855084803,3.069786026423947,1.2699999999998932,-1.2999999999997078,-0.8299999999998506,1,-1.7875597350854253,-4.208650425567178,3.102285414753855,-0.8732042905214694,-0.11486935316806801,0.05686548667475938,1,-1.2231479393039233,-3.4442339258648627,2.6332504293691503,-0.51168662276219,0.17249652707240667,0.305899817390892,1,11.195600000001232,8.508599999999957,-0.7269999999999435,0.920000000000698,1.7700000000004934,-0.14999999999998348,1,4.777600000000303,9.751199999997208,3.7578000000007608,0.32000000000032003,1.8399999999996197,0.7100000000002105
1771517221.2561166,17.204558849334717,12.098704184875258,0.9080989082122026,0.18364403414096656,-0.9962647875738639,-0.4724647798701742,-0.16301042619801254,-0.996264787573472,-0.47246477987012514,-0.16301042619801034,-0.9708740922579644,-0.6765381116082035,-0.07086497751204987,-1.0801955360648385,-0.4672678975022059,-0.09766782985642374,0,0.0,0.0,0.0,0.0,0.0,0.0,0,0.0,0.0,0.0,0.0,0.0,0.0,1,-2.3698835587038403,15.107311245225217,-1.241926498993946,-0.6268543685502085,1.551985665519718,-0.7030295626750453,1,-0.7685228021615048,-4.21290296608961,3.15589677398245,0.14526275468560662,0.4529724095344464,0.22401522762232165,1,-2.5942288211201765,15.835920038830528,-0.5959673746025149,-0.6866687001940227,1.694702490314705,-0.5687319055067103,1,-8.19319999999915,-6.980000000000585,0.6789999999999866,-1.3199999999997658,-1.5000000000000568,0.14999999999998348,1,5.651974350247298,-1.6013342072776382,3.1228006535611916,1.2699999999998932,-1.2999999999997078,-0.8299999999998506,1,-1.7670245300752987,-4.257034165074663,3.149656950976167,-0.8781233068878207,-0.10241712669164907,0.05884318420890712,1,-1.2320439225423463,-3.4717357106828794,2.6741797200953283,-0.5241524818866714,0.18181529823013323,0.3003496851125579,1,11.269200000001288,8.650199999999996,-0.7389999999999421,0.920000000000698,1.7700000000004934,-0.14999999999998348,1,4.803200000000329,9.898399999997178,3.8146000000007776,0.32000000000032003,1.8399999999996197,0.7100000000002105
1771517221.354889,17.30333113670349,12.000410940463004,0.8563164302251867,0.17184491564685908,-0.971575262664004,-0.5564647798701472,-0.079641460907387,-0.9715752626635016,-0.5564647798701251,-0.07964146090739015,-0.9715752626635016,-0.7010682872618474,-0.07964146090739015,-1.0359025178053818,-0.44767117957785396,-0.08962137631681011,0,0.0,0.0,0.0,0.0,0.0,0.0,0,0.0,0.0,0.0,0.0,0.0,0.0,1,-2.283724742063627,15.224186356767683,-1.2451045845826487,-0.6268506512351025,1.551976978813487,-0.7030366087850022,1,-0.7445256258554704,-4.231139239345467,3.1987156308675155,0.16803022280368984,0.4510565516878162,0.20205491372241782,1,-2.4694465098158576,15.981151906515379,-0.5933973227513538,-0.6866732902866033,1.6947132241676706,-0.5687229471085538,1,-8.298799999999131,-7.100000000000589,0.6909999999999853,-1.3199999999997658,-1.5000000000000568,0.14999999999998348,1,5.798511342662576,-1.565783129046796,3.175815280698436,1.2699999999998932,-1.2999999999997078,-0.8299999999998506,1,-1.7457696858915925,-4.30539342903878,3.1971767556935595,-0.8832245021754593,-0.08998547127833616,0.060836208121002155,1,-1.2434556980034743,-3.507237256091614,2.7259816815662945,-0.540228774732294,0.19304046880110515,0.2936493391790409,1,11.361200000001357,8.827200000000046,-0.7539999999999405,0.920000000000698,1.7700000000004934,-0.14999999999998348,1,4.828800000000355,10.045599999997147,3.8714000000007944,0.32000000000032003,1.8399999999996197,0.7100000000002105
1771517221.4555836,17.40402579307556,11.923002114366318,0.8131453096122669,0.16307359877426772,-0.9583588078125871,-0.5003788725079783,-0.17964146090740374,-0.9583588078129733,-0.5003788725080202,-0.17964146090739014,-0.9583588078129733,-0.5003788725080202,-0.29349426527775035,-0.9909523724918454,-0.42285855054240146,-0.08516396771954968,0,0.0,0.0,0.0,0.0,0.0,0.0,0,0.0,0.0,0.0,0.0,0.0,0.0,1,-2.174480641454434,15.369111573629041,-1.2495981421977143,-0.6268460044971677,1.551966120184271,-0.7030454166266503,1,-0.7259790643647053,-4.245687098480457,3.233062940642301,0.18631460308456954,0.4488205492443037,0.18453556193476103,1,-2.3683324483275134,16.096228173906894,-0.5919133926854125,-0.6866769624329322,1.6947218114464853,-0.5687157802210338,1,-8.430799999999108,-7.250000000000595,0.7059999999999836,-1.3199999999997658,-1.5000000000000568,0.14999999999998348,1,5.981682583181674,-1.5213442812582434,3.2420835646199917,1.2699999999998932,-1.2999999999997078,-0.8299999999998506,1,-1.718140300868824,-4.365829794446176,3.2567940858239046,-0.8898544110744414,-0.07448237708218688,0.06334560084695037,1,-1.2527529970982056,-3.5365995127671943,2.767965789816768,-0.5534769649127982,0.20167182136265677,0.2884938405167614,1,11.434800000001413,8.968800000000085,-0.7659999999999392,0.920000000000698,1.7700000000004934,-0.14999999999998348,1,4.860800000000387,10.22959999999711,3.9424000000008155,0.32000000000032003,1.8399999999996197,0.7100000000002105
1771517221.55604,17.50448226928711,11.83026384565816,0.7616055667242749,0.1422041975824649,-0.899913296999344,-0.5287157713229629,-0.2344575948897143,-0.8999132969989528,-0.5287157713229552,-0.23445759488970397,-0.8999132969989528,-0.5287157713229552,-0.23445759488970397,-0.94712567506597,-0.3990669717185138,-0.07884217747352279,0,0.0,0.0,0.0,0.0,0.0,0.0,0,0.0,0.0,0.0,0.0,0.0,0.0,1,-2.0858633408617524,15.484105750543362,-1.2536273074540853,-0.6268422870319408,1.551957433084095,-0.7030524630640551,1,-0.7035732599248454,-4.263915250176662,3.2761538763355644,0.20923887285088033,0.445138262728639,0.16271951225094827,1,-2.266089261884634,16.210308764474355,-0.5909548316551985,-0.6866806346434046,1.6947303988996691,-0.5687086131833806,1,-8.562799999999084,-7.400000000000601,0.720999999999982,-1.3199999999997658,-1.5000000000000568,0.14999999999998348,1,6.128219575596952,-1.4857932030274013,3.295098191757236,1.2699999999998932,-1.2999999999997078,-0.8299999999998506,1,-1.695146165739193,-4.4141836496416,3.3046683875809633,-0.895358569716693,-0.06211506192720926,0.06536488021247497,1,-1.2644888991853478,-3.5745825619503733,2.8211632894915275,-0.570509386260703,0.21201148449499946,0.2823255229313887,1,11.508400000001469,9.110400000000125,-0.7779999999999379,0.920000000000698,1.7700000000004934,-0.14999999999998348,1,4.886400000000412,10.376799999997079,3.9992000000008323,0.32000000000032003,1.8399999999996197,0.7100000000002105
1771517221.6554408,17.603883028030396,11.760269535236002,0.7181100423364315,0.1267475899912883,-0.8393450140360414,-0.5650267616867932,-0.13445759488969755,-0.8393450140356699,-0.5650267616867533,-0.13445759488970396,-0.8393450140356699,-0.5650267616867533,-0.06823120944914261,-0.9070800670138226,-0.37607216856608994,-0.06900432031064027,0,0.0,0.0,0.0,0.0,0.0,0.0,0,0.0,0.0,0.0,0.0,0.0,0.0,1,-1.9735840601002383,15.62665141549932,-1.2592301523515215,-0.6268376401066109,1.5519465739627978,-0.7030612713153224,1,-0.6862379576535332,-4.278601263584163,3.310782468096105,0.22761866741658637,0.4414771758105348,0.14534979366651407,1,-2.1367202942997996,16.351496053928262,-0.5905189051457391,-0.6866852249966385,1.6947411334613751,-0.5686996541751455,1,-8.668399999999066,-7.520000000000605,0.7329999999999807,-1.3199999999997658,-1.5000000000000568,0.14999999999998348,1,6.31139081611605,-1.4413543552388486,3.3613664756787918,1.2699999999998932,-1.2999999999997078,-0.8299999999998506,1,-1.6652297683868986,-4.474648246135524,3.3647439918598785,-0.9024852827417631,-0.04670783100474634,0.06790005620920483,1,-1.2738927224834407,-3.606048583711264,2.8643229905367513,-0.5845036092785942,0.21991363115751947,0.27762662133729443,1,11.600400000001539,9.287400000000174,-0.7929999999999362,0.920000000000698,1.7700000000004934,-0.14999999999998348,1,4.918400000000444,10.560799999997041,4.07020000000081,0.32000000000032003,1.8399999999996197,0.7099999999997664
1771517221.7569542,17.7053964138031,11.674954926773534,0.6658633661677564,0.10904583050231817,-0.8639897829443299,-0.4890267616867172,-0.2104575948897041,-0.8639897829442708,-0.48902676168675324,-0.21045759488970395,-0.8639897829442708,-0.34177009592977486,-0.2784536774093712,-0.8697428769680311,-0.35205945173780784,-0.06170908191605741,0,0.0,0.0,0.0,0.0,0.0,0.0,0,0.0,0.0,0.0,0.0,0.0,0.0,1,-1.8596521790947984,15.767851226845877,-1.265488236587956,-0.6268329930772507,1.551935714568263,-0.7030700797938295,1,-0.6693998446265667,-4.293441022775886,3.345576917523561,0.24614058908744457,0.4371073589975733,0.12794782099250251,1,-2.005640281681526,16.49109739018804,-0.5909578090785176,-0.6866898154502532,1.69475186829555,-0.5686906949330226,1,-8.773999999999047,-7.64000000000061,0.7449999999999793,-1.3199999999997658,-1.5000000000000568,0.14999999999998348,1,6.494562056635147,-1.396915507450296,3.4276347596003474,1.2699999999998932,-1.2999999999997078,-0.8299999999998506,1,-1.6339188824609656,-4.535145699511817,3.4250826178498452,-0.9099055963126602,-0.03173918332524618,0.07036070772575771,1,-1.2832428133954354,-3.638521405440877,2.90804122531584,-0.5988661093375887,0.2275688537581373,0.2730704704370441,1,11.674000000001595,9.429000000000213,-0.8049999999999349,0.920000000000698,1.7700000000004934,-0.14999999999998348,1,4.94400000000047,10.70799999999701,4.127000000000791,0.32000000000032003,1.8399999999996197,0.7099999999997664
1771517221.855315,17.803757190704346,11.607740863989298,0.6307402252328195,0.08821022291114201,-0.8196846701231664,-0.3960267616867075,-0.30345759488970003,-0.819684670123461,-0.3960267616867532,-0.3034575948897039,-0.819684670123461,-0.32301837918879067,-0.3325647149210907,-0.8302017599514464,-0.3288135629854637,-0.05275064076787736,0,0.0,0.0,0.0,0.0,0.0,0.0,0,0.0,0.0,0.0,0.0,0.0,0.0,1,-1.7673333866285865,15.879830958913601,-1.2709850098226794,-0.6268292753787277,1.5519270268558616,-0.7030771267398281,1,-0.6490049482458885,-4.312291876765043,3.389341023881596,0.2692442218323178,0.4307799699084119,0.10639940187478865,1,-1.8995647004661496,16.601625761008595,-0.5919586967833106,-0.686693487884711,1.6947604563584258,-0.5686835273696689,1,-8.905999999999024,-7.7900000000006155,0.7599999999999777,-1.3199999999997658,-1.5000000000000568,0.14999999999998348,1,6.641099049050426,-1.3613644292194538,3.480649386737592,1.2699999999998932,-1.2999999999997078,-0.8299999999998506,1,-1.6078037773369938,-4.5835686048659685,3.4735442110711094,-0.9159972570429785,-0.019685859529526863,0.07236877086947698,1,-1.2947523939834547,-3.680590409362865,2.9635060720458317,-0.6172380418242891,0.23659705372090972,0.26775357164808233,1,11.766000000001664,9.606000000000263,-0.8199999999999332,0.920000000000698,1.7700000000004934,-0.14999999999998348,1,4.976000000000502,10.891999999996973,4.198000000000768,0.32000000000032003,1.8399999999996197,0.7099999999997664
1771517221.955123,17.903565168380737,11.529972396976971,0.5869375490641445,0.059887847962163274,-0.7196846701233994,-0.4960267616868075,-0.2552817725089556,-0.719684670123461,-0.4960267616867532,-0.2552817725089575,-0.6391110266969517,-0.5635346122886497,-0.2552817725089575,-0.7923948466129245,-0.30982573795279583,-0.03985670512711521,0,0.0,0.0,0.0,0.0,0.0,0.0,0,0.0,0.0,0.0,0.0,0.0,0.0,1,-1.6504894501804843,16.01856695643012,-1.27849184976388,-0.6268246281624008,1.551916166970012,-0.7030859356272136,1,-0.6300123507155034,-4.331514498876155,3.4334532043955384,0.2920430693790205,0.4237880667068703,0.08527135545022749,1,-1.7654816861010982,16.738332257136488,-0.5940466369280567,-0.6866980785181737,1.6947711916821562,-0.5686745677055117,1,-9.037999999999,-7.940000000000621,0.774999999999976,-1.3199999999997658,-1.5000000000000568,0.14999999999998348,1,6.824270289569523,-1.316925581430901,3.5469176706591474,1.2699999999998932,-1.2999999999997078,-0.8299999999998506,1,-1.5724655662967326,-4.644407065183264,3.534451102976578,-0.9234028388502121,-0.004609686514849194,0.07500233983643621,1,-1.3064671534299623,-3.7241449534394606,3.019817353740413,-0.6361037153191844,0.24486505971613118,0.2629949709660222,1,11.858000000001734,9.783000000000312,-0.8349999999999316,0.920000000000698,1.7700000000004934,-0.14999999999998348,1,5.008000000000534,11.075999999996935,4.269000000000744,0.32000000000032003,1.8399999999996197,0.7099999999997664
1771517222.0577774,18.006219625473022,11.462667929964624,0.539228599458018,0.029695670711267472,-0.6316846701235335,-0.46029607182729304,-0.3432817725089587,-0.6316846701234611,-0.46029607182727,-0.34328177250895753,-0.6175098521259779,-0.46029607182727,-0.3640876062424447,-0.757103937815705,-0.2880361004755025,-0.027147980758364505,0,0.0,0.0,0.0,0.0,0.0,0.0,0,0.0,0.0,0.0,0.0,0.0,0.0,1,-1.555874601314172,16.1285596110916,-1.285018572468069,-0.6269996244199784,1.5519003539342784,-0.7031779697367242,1,-0.6145893942801602,-4.347309376856371,3.469015476655594,0.31042871949497153,0.4172166256636972,0.06840812312176399,1,-1.6297729743456217,16.873401133030324,-0.5970992055009018,-0.686472975540638,1.694788577928398,-0.5685586159844421,1,-9.169999999998977,-8.090000000000627,0.7899999999999744,-1.3199999999997658,-1.5000000000000568,0.14999999999998348,1,7.007441530088621,-1.2724867336423484,3.613185954580703,1.2699999999998932,-1.2999999999997078,-0.8299999999998506,1,-1.5441184986403516,-4.692869164425887,3.5832876909413196,-0.929863932230212,0.007501189907157725,0.0770430311211911,1,-1.3171231894618012,-3.76969428928419,3.0772020728233067,-0.6553372261972864,0.25271176044813903,0.25853584365876403,1,11.93160000000179,9.924600000000352,-0.8469999999999303,0.920000000000698,1.7700000000004934,-0.14999999999998348,1,5.033600000000559,11.223199999996904,4.325800000000726,0.32000000000032003,1.8399999999996197,0.7099999999997664
1771517222.1555233,18.103965520858765,11.416213156354758,0.4983249137118345,0.006313128910550893,-0.5466846701231987,-0.5452960718272948,-0.2582817725089575,-0.5466846701234611,-0.54529607182727,-0.2582817725089575,-0.4723019995995196,-0.6532604366855901,0.06923634113823976,-0.7271227338481552,-0.2665456592501604,-0.012559290205574024,0,0.0,0.0,0.0,0.0,0.0,0.0,0,0.0,0.0,0.0,0.0,0.0,0.0,1,-1.4362041743568945,16.26480382010908,-1.2938398862516618,-0.6271715978062611,1.5518880852037664,-0.7032651506952897,1,-0.595731960041949,-4.367585829718066,3.513846064362861,0.3333581162585413,0.4080854121485363,0.04754619726907805,1,-1.520056627332854,16.980260146889744,-0.6002623166279439,-0.6863500148226122,1.6947962944016415,-0.5684970965411009,1,-9.275599999998958,-8.210000000000631,0.8019999999999731,-1.3199999999997658,-1.5000000000000568,0.14999999999998348,1,7.153978522503899,-1.2369356554115063,3.6662005817179475,1.2699999999998932,-1.2999999999997078,-0.8299999999998506,1,-1.5071638051911063,-4.75347909495358,3.6445737728708187,-0.9381614447217619,0.022550180047821826,0.07958798675796029,1,-1.3251792797120134,-3.8074422639167613,3.123832004198952,-0.6710310262767288,0.2585685739889024,0.25528330746919187,1,12.02360000000186,10.101600000000401,-0.8619999999999286,0.920000000000698,1.7700000000004934,-0.14999999999998348,1,5.065600000000591,11.407199999996866,4.396800000000702,0.32000000000032003,1.8399999999996197,0.7099999999997664
1771517222.2557647,18.204206943511963,11.368866382744919,0.4583132279656522,-0.010737412890165715,-0.6326846701227851,-0.4592960718272643,-0.17228177250895763,-0.6326846701234611,-0.45929607182727006,-0.17228177250895751,-0.6886487957953632,-0.3239659348344925,-0.14070909508801901,-0.7021108889331726,-0.2431983570216183,-0.0003359545658916246,0,0.0,0.0,0.0,0.0,0.0,0.0,0,0.0,0.0,0.0,0.0,0.0,0.0,1,-1.3393612614628376,16.372785055049462,-1.301450935765716,-0.6272264746315711,1.551884132749974,-0.7032930076029057,1,-0.5809199684280187,-4.384285900203243,3.5500373537025363,0.35164263107163063,0.4000456397358444,0.0310482354001905,1,-1.4093380637626014,17.08605475312205,-0.6040760620612258,-0.6862949681593994,1.6947997827542989,-0.5684695211309766,1,-9.38119999999894,-8.330000000000636,0.8139999999999717,-1.3199999999997658,-1.5000000000000568,0.14999999999998348,1,7.300515514919177,-1.2013845771806642,3.719215208855192,1.2699999999998932,-1.2999999999997078,-0.8299999999998506,1,-1.4763244921366752,-4.80198297474471,3.693791493826141,-0.944971590074134,0.0345122753304753,0.08161672949360296,1,-1.3327255763695618,-3.8463788860293624,3.1711186153037305,-0.6869852392803981,0.2640435804276594,0.2523235906469557,1,12.097200000001916,10.24320000000044,-0.8739999999999273,0.920000000000698,1.7700000000004934,-0.14999999999998348,1,5.091200000000617,11.554399999996836,4.453600000000684,0.32000000000032003,1.8399999999996197,0.7099999999997664
1771517222.3551786,18.3036208152771,11.3033508351666,0.4167996207829251,-0.030313856081417418,-0.6815342476453878,-0.3632960718272793,-0.2233310320819138,-0.6815342476460851,-0.3632960718272701,-0.2233310320819128,-0.6815342476460851,-0.18934827986100755,-0.2233310320819128,-0.6733612096453108,-0.22111893272584898,0.00838363746398961,0,0.0,0.0,0.0,0.0,0.0,0.0,0,0.0,0.0,0.0,0.0,0.0,0.0,1,-1.2169462562870115,16.506476980884624,-1.3116840360460282,-0.627254680145122,1.551882055345616,-0.7033073712755477,1,-0.5626564271908806,-4.4058253282587305,3.5957161248456613,0.3744013465618309,0.38907675702009165,0.010689554661538803,1,-1.2695569884396902,17.216794879746526,-0.6097761460957288,-0.6862666751633505,1.6948016208528789,-0.5684553017628703,1,-9.513199999998916,-8.480000000000642,0.8289999999999701,-1.3199999999997658,-1.5000000000000568,0.14999999999998348,1,7.483686755438275,-1.1569457293921115,3.7854834927767476,1.2699999999998932,-1.2999999999997078,-0.8299999999998506,1,-1.4360996757313416,-4.862613519703604,3.755542667903609,-0.9536925361364776,0.049361365683241384,0.08414032791936485,1,-1.3413057803837611,-3.8967501944629976,3.23116810646616,-0.7072757143523123,0.27033947631678795,0.24905393450433028,1,12.189200000001986,10.42020000000049,-0.8889999999999256,0.920000000000698,1.7700000000004934,-0.14999999999998348,1,5.123200000000649,11.738399999996798,4.52460000000066,0.32000000000032003,1.8399999999996197,0.7099999999997664
1771517222.4555984,18.404040575027466,11.25235609535494,0.3842079350367439,-0.04465233864797048,-0.597534247646081,-0.4472960718272523,-0.139331032081913,-0.5975342476460851,-0.4472960718272701,-0.13933103208191278,-0.4449270675886203,-0.5518319718291854,0.013256825117489848,-0.6445395349889198,-0.20458985154374817,0.017492586472043038,0,0.0,0.0,0.0,0.0,0.0,0.0,0,0.0,0.0,0.0,0.0,0.0,0.0,1,-1.1179421358876478,16.612392661736866,-1.3204636942249977,-0.6272636969853568,1.5518813537611025,-0.7033120004893949,1,-0.5481748247492508,-4.423633043632037,3.6326323652556396,0.3925132233932748,0.3795666230830977,-0.005368175181169393,1,-1.1566468976165016,17.320177796500904,-0.6150985029625432,-0.6862576302020342,1.6948022453092277,-0.5684507183720844,1,-9.618799999998897,-8.600000000000646,0.8409999999999688,-1.3199999999997658,-1.5000000000000568,0.14999999999998348,1,7.630223747853553,-1.1213946511612694,3.838498119913992,1.2699999999998932,-1.2999999999997078,-0.8299999999998506,1,-1.4025177539341933,-4.911099680620497,3.8051196875939164,-0.9608304216347954,0.06115259718998302,0.08614693390214082,1,-1.3473758578498254,-3.938425378551632,3.279972509556933,-0.723770729964471,0.27492937998179184,0.24679667754157603,1,12.262800000002041,10.56180000000053,-0.9009999999999243,0.920000000000698,1.7700000000004934,-0.14999999999998348,1,5.148800000000675,11.885599999996767,4.581400000000642,0.32000000000032003,1.8399999999996197,0.7099999999997664
1771517222.5555444,18.503986597061157,11.207465355543235,0.35133624929056395,-0.05871082121452355,-0.5065342476466839,-0.35629607182724454,-0.2303310320819138,-0.5065342476460851,-0.3562960718272701,-0.23033103208191277,-0.47147512194651675,-0.22226892653304994,-0.42941685272290187,-0.616617499715133,-0.1849472303691359,0.024555465837295846,0,0.0,0.0,0.0,0.0,0.0,0.0,0,0.0,0.0,0.0,0.0,0.0,0.0,1,-1.01800048696005,16.717377728523243,-1.3297855762321715,-0.6272677503470697,1.5518810040167748,-0.7033141157489645,1,-0.5337407200299124,-4.44198895873342,3.6698979803183307,0.410524691887222,0.3694040936623635,-0.021205872563719443,1,-1.0427909794889345,17.422479471458427,-0.6211131695378702,-0.6862535640570845,1.6948025598073522,-0.5684486234274084,1,-9.724399999998878,-8.72000000000065,0.8529999999999675,-1.3199999999997658,-1.5000000000000568,0.14999999999998348,1,7.7767607402688315,-1.0858435729304272,3.8915127470512365,1.2699999999998932,-1.2999999999997078,-0.8299999999998506,1,-1.367634109669149,-4.959548897263906,3.8548452083190767,-0.9681063575772146,0.07286101878211479,0.08814053019810406,1,-1.3526378633368077,-3.9813362298451467,3.329465028156265,-0.7404847359058846,0.27911476211376235,0.24487083123170145,1,12.336400000002097,10.703400000000569,-0.912999999999923,0.920000000000698,1.7700000000004934,-0.14999999999998348,1,5.1744000000007,12.032799999996737,4.638200000000623,0.32000000000032003,1.8399999999996197,0.7099999999997664
1771517222.6553252,18.60376739501953,11.156289071062758,0.3198666421078379,-0.0859039244227149,-0.5165892421814533,-0.27629607182727556,-0.3103310320819174,-0.5165892421821708,-0.27629607182727006,-0.31033103208191276,-0.5165892421821708,-0.13302760456679066,-0.3655206223606464,-0.5960013655706948,-0.17022992144370824,0.03287098951798567,0,0.0,0.0,0.0,0.0,0.0,0.0,0,0.0,0.0,0.0,0.0,0.0,0.0,1,-0.8921413772726132,16.847756083458485,-1.3419033188531653,-0.626910588666986,1.5519377861421968,-0.7031018272568144,1,-0.5156653427204537,-4.465749613130713,3.7169937043067267,0.4328750988400697,0.3557859104366711,-0.0406705273431173,1,-0.8988220857135321,17.54838140101393,-0.6299304180773926,-0.6866122032348363,1.6947490886068373,-0.5686596761680993,1,-9.856399999998855,-8.870000000000656,0.8679999999999658,-1.3199999999997658,-1.5000000000000568,0.14999999999998348,1,7.959931980787929,-1.0414047251418745,3.957781030972792,1.2699999999998932,-1.2999999999997078,-0.8299999999998506,1,-1.3221203289188994,-5.020023266109801,3.9171970810145056,-0.9773876780632242,0.0873738269927765,0.09061134209182793,1,-1.3579316819807827,-4.03671954318283,3.3923065094710476,-0.7616638715911284,0.28376764223993556,0.2429473703545674,1,12.428400000002167,10.880400000000618,-0.9279999999999213,0.920000000000698,1.7700000000004934,-0.14999999999998348,1,5.206400000000732,12.216799999996699,4.7092000000006,0.32000000000032003,1.8399999999996197,0.7099999999997664
1771517222.7550967,18.70353889465332,11.109988146844552,0.2868790349251113,-0.11732960113363824,-0.422589242182525,-0.37029607182725854,-0.31721828651580525,-0.42258924218217087,-0.3702960718272701,-0.3172182865158038,-0.29622755486443675,-0.4394980543297438,-0.3172182865158038,-0.5715026738461892,-0.15638094298756822,0.04694193262383925,0,0.0,0.0,0.0,0.0,0.0,0.0,0,0.0,0.0,0.0,0.0,0.0,0.0,1,-0.7645136273568267,16.976174079353104,-1.355252890062631,-0.6269059490717654,1.551926914900728,-0.7031106507935758,1,-0.5010958530553441,-4.485441971203537,3.755097243481521,0.4506058051902868,0.3441620935470552,-0.055957747550581804,1,-0.782916722854744,17.648265896863084,-0.6375210264574022,-0.6866158695797084,1.694757685734346,-0.5686524966924735,1,-9.988399999998832,-9.020000000000662,0.8829999999999641,-1.3199999999997658,-1.5000000000000568,0.14999999999998348,1,8.10646897320326,-1.0058536469110324,4.010795658110037,1.270000000000146,-1.3000000000004712,-0.8300000000002277,1,-1.2841187546725534,-5.068300147330927,3.967221446170848,-0.9849553193424079,0.09888098806777243,0.09256878736788315,1,-1.3610195503058902,-4.082421478454457,3.4433641546660017,-0.7788186687201739,0.28701916078754897,0.2418097836105368,1,12.502000000002223,11.022000000000657,-0.93999999999992,0.920000000000698,1.7700000000004934,-0.14999999999998348,1,5.238400000000764,12.40079999999666,4.780200000000576,0.32000000000032003,1.8399999999996197,0.7099999999997664
1771517222.8554797,18.803921937942505,11.07540966098104,0.26134734917893104,-0.14189295020753137,-0.4401198442032239,-0.2772960718272488,-0.29871569907555245,-0.44011984420404615,-0.2772960718272701,-0.2987156990755584,-0.44011984420404615,-0.26521455826372287,-0.2987156990755584,-0.5507681810004508,-0.13973655674428306,0.061836983431977174,0,0.0,0.0,0.0,0.0,0.0,0.0,0,0.0,0.0,0.0,0.0,0.0,0.0,1,-0.661414327282475,17.077835919279,-1.366593719120566,-0.6269022373204675,1.5519182177099409,-0.7031177097876704,1,-0.4826314077327007,-4.5109472714260805,3.803278994012312,0.47255688892471737,0.32872562984909864,-0.0746860895925206,1,-0.6367852648337013,17.77157273426847,-0.648046602596344,-0.6866204526013777,1.694768432390267,-0.5686435221365295,1,-10.093999999998813,-9.140000000000667,0.8949999999999628,-1.3199999999997658,-1.5000000000000568,0.14999999999998348,1,8.289640213722446,-0.9614147991224797,4.077063942031592,1.270000000000146,-1.3000000000004712,-0.8300000000002277,1,-1.2345437125468732,-5.1284667913346915,4.029909862722033,-0.9945837991183242,0.11312962301298199,0.09498863222766464,1,-1.363280698340994,-4.141283192185139,3.508167830766172,-0.8005014636831703,0.29048513047664454,0.24090804751948552,1,12.594000000002293,11.199000000000707,-0.9549999999999184,0.920000000000698,1.7700000000004934,-0.14999999999998348,1,5.26400000000079,12.54799999999663,4.8370000000005575,0.32000000000032003,1.8399999999996197,0.7099999999997664
1771517222.9552777,18.903719902038574,11.032686144734383,0.23836774199620508,-0.1754455370572008,-0.4143504807299081,-0.18229607182726482,-0.3723360379178365,-0.41435048073035646,-0.18229607182727012,-0.37233603791784425,-0.41435048073035646,-0.14073462441867002,-0.37233603791784425,-0.5302227931390648,-0.1259596413684023,0.07602464198805008,0,0.0,0.0,0.0,0.0,0.0,0.0,0,0.0,0.0,0.0,0.0,0.0,0.0,1,-0.5313187775219033,17.203562561906942,-1.3816172244350404,-0.6268975975376619,1.5519073459744543,-0.703126533735676,1,-0.46375271310165844,-4.537471680925879,3.8520915333828323,0.494243546241413,0.31228861083989196,-0.09296351367996472,1,-0.4892982716679213,17.89314874364638,-0.6597492852445889,-0.6866250357231956,1.6947791793195275,-0.5686345473448148,1,-10.22599999999879,-9.290000000000672,0.9099999999999612,-1.3199999999997658,-1.5000000000000568,0.14999999999998348,1,8.472811454241633,-0.9169759513339271,4.143332225953148,1.270000000000146,-1.3000000000004712,-0.8300000000002277,1,-1.1825717143047145,-5.188368878514631,4.092747288692073,-1.0043890389366248,0.12722090905917008,0.09737533971474326,1,-1.363579859696548,-4.202049970642874,3.574058416556257,-0.8224210188464032,0.29327566114129267,0.24060493627004925,1,12.686000000002362,11.376000000000756,-0.9699999999999167,0.920000000000698,1.7700000000004934,-0.14999999999998348,1,5.296000000000822,12.731999999996592,4.908000000000534,0.32000000000032003,1.8399999999996197,0.7099999999997664
1771517223.0555894,19.004031658172607,10.9916521201857,0.22526813481347774,-0.21330311179638242,-0.4069241191686501,-0.08729607182728083,-0.38389105546224317,-0.40692411916846444,-0.08729607182727012,-0.3838910554622382,-0.40692411916846444,0.08142640182698067,-0.3838910554622382,-0.5105421656369726,-0.11663172599252083,0.09293547305945013,0,0.0,0.0,0.0,0.0,0.0,0.0,0,0.0,0.0,0.0,0.0,0.0,0.0,1,-0.3998942145805585,17.327777844834905,-1.3976054268622018,-0.6268929576506439,1.5518964739646968,-0.7031353579119528,1,-0.4443123302557992,-4.565038166332511,3.901549109160962,0.515634734301376,0.2948599952202815,-0.11076001486041302,1,-0.34049162044495807,18.01298379816032,-0.6726549943470519,-0.6866296189450677,1.6947899265220117,-0.5686255723172143,1,-10.357999999998766,-9.440000000000678,0.9249999999999595,-1.3199999999997658,-1.5000000000000568,0.14999999999998348,1,8.65598269476082,-0.8725371035453744,4.209600509874703,1.270000000000146,-1.3000000000004712,-0.8300000000002277,1,-1.1281040788335301,-5.247927562155078,4.155701393285468,-1.0143586651570726,0.14114754409160687,0.09972562537442142,1,-1.361716046620563,-4.264686167060912,3.641026392455871,-0.8445447417377853,0.29538008826399226,0.24092215398215838,1,12.778000000002432,11.553000000000806,-0.984999999999915,0.920000000000698,1.7700000000004934,-0.14999999999998348,1,5.328000000000854,12.915999999996554,4.979000000000511,0.32000000000032003,1.8399999999996197,0.7099999999997664
1771517223.1554775,19.103919744491577,10.95946119184604,0.22000365918355125,-0.24384824227826654,-0.3986740920360887,-0.048223114639645015,-0.38011482921007644,-0.39867409203693055,-0.04822311463964294,-0.38011482921006934,-0.39867409203693055,-0.04822311463964294,-0.38011482921006934,-0.49155418184429145,-0.11172136594827119,0.11068203435791955,0,0.0,0.0,0.0,0.0,0.0,0.0,0,0.0,0.0,0.0,0.0,0.0,0.0,1,-0.2938181940864002,17.426054540460576,-1.411106986809362,-0.6268892456660652,1.5518877761595102,-0.703142417417116,1,-0.42825646234741654,-4.587849496034554,3.9415855832420603,0.5324875577577524,0.2801028606415463,-0.12460113095170011,1,-0.22052053931671656,18.10759191613758,-0.6838629078046661,-0.6866332855950736,1.6947985244809942,-0.5686183921267647,1,-10.463599999998747,-9.560000000000683,0.9369999999999582,-1.3199999999997658,-1.5000000000000568,0.14999999999998348,1,8.802519687176169,-0.8369860253145323,4.262615137011948,1.270000000000146,-1.3000000000004712,-0.8300000000002277,1,-1.0826700745577607,-5.295267678648404,4.206123831580859,-1.0223718979327534,0.15219699662365396,0.10159767496064051,1,-1.3585275859160142,-4.316110145032371,3.695367481903388,-0.8624602869238588,0.2964546900852515,0.24177006542399265,1,12.851600000002488,11.694600000000845,-0.9969999999999137,0.920000000000698,1.7700000000004934,-0.14999999999998348,1,5.353600000000879,13.063199999996524,5.035800000000492,0.32000000000032003,1.8399999999996197,0.7099999999997664
