time_elapsed,pos_x,pos_y,pos_z,vel_x,vel_y,vel_z,cmd_vel_x,cmd_vel_y,cmd_vel_z,cmd_vel_unfiltered_x,cmd_vel_unfiltered_y,cmd_vel_unfiltered_z,desired_vel_x,desired_vel_y,desired_vel_z,obs_1_pos_x,obs_1_pos_y,obs_1_pos_z,obs_1_vel_x,obs_1_vel_y,obs_1_vel_z,obs_2_pos_x,obs_2_pos_y,obs_2_pos_z,obs_2_vel_x,obs_2_vel_y,obs_2_vel_z,obs_3_pos_x,obs_3_pos_y,obs_3_pos_z,obs_3_vel_x,obs_3_vel_y,obs_3_vel_z,obs_4_pos_x,obs_4_pos_y,obs_4_pos_z,obs_4_vel_x,obs_4_vel_y,obs_4_vel_z,obs_5_pos_x,obs_5_pos_y,obs_5_pos_z,obs_5_vel_x,obs_5_vel_y,obs_5_vel_z,obs_6_pos_x,obs_6_pos_y,obs_6_pos_z,obs_6_vel_x,obs_6_vel_y,obs_6_vel_z,obs_7_pos_x,obs_7_pos_y,obs_7_pos_z,obs_7_vel_x,obs_7_vel_y,obs_7_vel_z,obs_8_pos_x,obs_8_pos_y,obs_8_pos_z,obs_8_vel_x,obs_8_vel_y,obs_8_vel_z,obs_9_pos_x,obs_9_pos_y,obs_9_pos_z,obs_9_vel_x,obs_9_vel_y,obs_9_vel_z,obs_10_pos_x,obs_10_pos_y,obs_10_pos_z,obs_10_vel_x,obs_10_vel_y,obs_10_vel_z,obs_11_pos_x,obs_11_pos_y,obs_11_pos_z,obs_11_vel_x,obs_11_vel_y,obs_11_vel_z,obs_12_pos_x,obs_12_pos_y,obs_12_pos_z,obs_12_vel_x,obs_12_vel_y,obs_12_vel_z,obs_13_pos_x,obs_13_pos_y,obs_13_pos_z,obs_13_vel_x,obs_13_vel_y,obs_13_vel_z,obs_14_pos_x,obs_14_pos_y,obs_14_pos_z,obs_14_vel_x,obs_14_vel_y,obs_14_vel_z,obs_15_pos_x,obs_15_pos_y,obs_15_pos_z,obs_15_vel_x,obs_15_vel_y,obs_15_vel_z,obs_16_pos_x,obs_16_pos_y,obs_16_pos_z,obs_16_vel_x,obs_16_vel_y,obs_16_vel_z,obs_17_pos_x,obs_17_pos_y,obs_17_pos_z,obs_17_vel_x,obs_17_vel_y,obs_17_vel_z,obs_18_pos_x,obs_18_pos_y,obs_18_pos_z,obs_18_vel_x,obs_18_vel_y,obs_18_vel_z,obs_19_pos_x,obs_19_pos_y,obs_19_pos_z,obs_19_vel_x,obs_19_vel_y,obs_19_vel_z,obs_20_pos_x,obs_20_pos_y,obs_20_pos_z,obs_20_vel_x,obs_20_vel_y,obs_20_vel_z,obs_21_pos_x,obs_21_pos_y,obs_21_pos_z,obs_21_vel_x,obs_21_vel_y,obs_21_vel_z,obs_22_pos_x,obs_22_pos_y,obs_22_pos_z,obs_22_vel_x,obs_22_vel_y,obs_22_vel_z,obs_23_pos_x,obs_23_pos_y,obs_23_pos_z,obs_23_vel_x,obs_23_vel_y,obs_23_vel_z,obs_24_pos_x,obs_24_pos_y,obs_24_pos_z,obs_24_vel_x,obs_24_vel_y,obs_24_vel_z,obs_25_pos_x,obs_25_pos_y,obs_25_pos_z,obs_25_vel_x,obs_25_vel_y,obs_25_vel_z,obs_26_pos_x,obs_26_pos_y,obs_26_pos_z,obs_26_vel_x,obs_26_vel_y,obs_26_vel_z,obs_27_pos_x,obs_27_pos_y,obs_27_pos_z,obs_27_vel_x,obs_27_vel_y,obs_27_vel_z,obs_28_pos_x,obs_28_pos_y,obs_28_pos_z,obs_28_vel_x,obs_28_vel_y,obs_28_vel_z,obs_29_pos_x,obs_29_pos_y,obs_29_pos_z,obs_29_vel_x,obs_29_vel_y,obs_29_vel_z,obs_30_pos_x,obs_30_pos_y,obs_30_pos_z,obs_30_vel_x,obs_30_vel_y,obs_30_vel_z,obs_31_pos_x,obs_31_pos_y,obs_31_pos_z,obs_31_vel_x,obs_31_vel_y,obs_31_vel_z,obs_32_pos_x,obs_32_pos_y,obs_32_pos_z,obs_32_vel_x,obs_32_vel_y,obs_32_vel_z,obs_33_pos_x,obs_33_pos_y,obs_33_pos_z,obs_33_vel_x,obs_33_vel_y,obs_33_vel_z,obs_34_pos_x,obs_34_pos_y,obs_34_pos_z,obs_34_vel_x,obs_34_vel_y,obs_34_vel_z,obs_35_pos_x,obs_35_pos_y,obs_35_pos_z,obs_35_vel_x,obs_35_vel_y,obs_35_vel_z,obs_36_pos_x,obs_36_pos_y,obs_36_pos_z,obs_36_vel_x,obs_36_vel_y,obs_36_vel_z,obs_37_pos_x,obs_37_pos_y,obs_37_pos_z,obs_37_vel_x,obs_37_vel_y,obs_37_vel_z,obs_38_pos_x,obs_38_pos_y,obs_38_pos_z,obs_38_vel_x,obs_38_vel_y,obs_38_vel_z,obs_39_pos_x,obs_39_pos_y,obs_39_pos_z,obs_39_vel_x,obs_39_vel_y,obs_39_vel_z,obs_40_pos_x,obs_40_pos_y,obs_40_pos_z,obs_40_vel_x,obs_40_vel_y,obs_40_vel_z,obs_41_pos_x,obs_41_pos_y,obs_41_pos_z,obs_41_vel_x,obs_41_vel_y,obs_41_vel_z,obs_42_pos_x,obs_42_pos_y,obs_42_pos_z,obs_42_vel_x,obs_42_vel_y,obs_42_vel_z,obs_43_pos_x,obs_43_pos_y,obs_43_pos_z,obs_43_vel_x,obs_43_vel_y,obs_43_vel_z,obs_44_pos_x,obs_44_pos_y,obs_44_pos_z,obs_44_vel_x,obs_44_vel_y,obs_44_vel_z,obs_45_pos_x,obs_45_pos_y,obs_45_pos_z,obs_45_vel_x,obs_45_vel_y,obs_45_vel_z,obs_46_pos_x,obs_46_pos_y,obs_46_pos_z,obs_46_vel_x,obs_46_vel_y,obs_46_vel_z,obs_47_pos_x,obs_47_pos_y,obs_47_pos_z,obs_47_vel_x,obs_47_vel_y,obs_47_vel_z,obs_48_pos_x,obs_48_pos_y,obs_48_pos_z,obs_48_vel_x,obs_48_vel_y,obs_48_vel_z,obs_49_pos_x,obs_49_pos_y,obs_49_pos_z,obs_49_vel_x,obs_49_vel_y,obs_49_vel_z,obs_50_pos_x,obs_50_pos_y,obs_50_pos_z,obs_50_vel_x,obs_50_vel_y,obs_50_vel_z
2.901449989,-10.0,0.0,0.0,0.0,0.0,0.0,0.0,0.0,0.0,0.0,0.0,0.0,5.0,0.0,0.0,-3.87,-2.93,-1.0,0.0,0.0,0.0,-3.87,-0.93,-1.0,0.0,0.0,0.0,-3.87,1.07,-1.0,0.0,0.0,0.0,-3.87,-2.93,1.0,0.0,0.0,0.0,-3.87,-0.93,1.0,0.0,0.0,0.0,-3.87,1.07,1.0,0.0,0.0,0.0,2.31,-4.59,-1.0,0.0,0.0,0.0,2.31,-2.59,-1.0,0.0,0.0,0.0,2.31,-0.59,-1.0,0.0,0.0,0.0,2.31,1.41,-1.0,0.0,0.0,0.0,2.31,-4.59,1.0,0.0,0.0,0.0,2.31,-2.59,1.0,0.0,0.0,0.0,2.31,-0.59,1.0,0.0,0.0,0.0,2.31,1.41,1.0,0.0,0.0,0.0,8.58,-4.038800000000009,-1.4172000000000005,0.0,1.5599999999995617,0.6399999999999739,0,0,0,0,0,0,0,0,0,0,0,0,0,0,0,0,0,0,0,0,0,0,0,0,0,0,0,0,0,0,0,0,0,0,0,0,0,0,0,0,0,0,0,0,0,0,0,0,0,0,0,0,0,0,0,0,0,0,0,0,0,0,0,0,0,0,0,0,0,0,0,0,0,0,0,0,0,0,0,0,0,0,0,0,0,0,0,0,0,0,0,0,0,0,0,0,0,0,0,0,0,0,0,0,0,0,0,0,0,0,0,0,0,0,0,0,0,0,0,0,0,0,0,0,0,0,0,0,0,0,0,0,0,0,0,0,0,0,0,0,0,0,0,0,0,0,0,0,0,0,0,0,0,0,0,0,0,0,0,0,0,0,0,0,0,0,0,0,0,0,0,0,0,0,0,0,0,0,0,0,0,0,0,0,0,0,0,0,0,0,0,0,0,0,0,0,0,0,0,0,0,0,0,0,0,0,0,0,0,0
3.003498557,-9.996925000000036,0.0018496591597795512,0.0,0.04099999999951365,0.02466212213039407,0.0,0.041,0.024662122130393982,0.0,0.9832324385643005,0.024662122130393982,0.0,4.999999999980756,-1.3872507685234915e-05,0.0,-3.87,-2.93,-1.0,0.0,0.0,0.0,-3.87,-0.93,-1.0,0.0,0.0,0.0,-3.87,1.07,-1.0,0.0,0.0,0.0,-3.87,-2.93,1.0,0.0,0.0,0.0,-3.87,-0.93,1.0,0.0,0.0,0.0,-3.87,1.07,1.0,0.0,0.0,0.0,2.31,-4.59,-1.0,0.0,0.0,0.0,2.31,-2.59,-1.0,0.0,0.0,0.0,2.31,-0.59,-1.0,0.0,0.0,0.0,2.31,1.41,-1.0,0.0,0.0,0.0,2.31,-4.59,1.0,0.0,0.0,0.0,2.31,-2.59,1.0,0.0,0.0,0.0,2.31,-0.59,1.0,0.0,0.0,0.0,2.31,1.41,1.0,0.0,0.0,0.0,8.58,-3.882800000000019,-1.353200000000003,0.0,1.5600000000000058,0.6399999999999739,0,0,0,0,0,0,0,0,0,0,0,0,0,0,0,0,0,0,0,0,0,0,0,0,0,0,0,0,0,0,0,0,0,0,0,0,0,0,0,0,0,0,0,0,0,0,0,0,0,0,0,0,0,0,0,0,0,0,0,0,0,0,0,0,0,0,0,0,0,0,0,0,0,0,0,0,0,0,0,0,0,0,0,0,0,0,0,0,0,0,0,0,0,0,0,0,0,0,0,0,0,0,0,0,0,0,0,0,0,0,0,0,0,0,0,0,0,0,0,0,0,0,0,0,0,0,0,0,0,0,0,0,0,0,0,0,0,0,0,0,0,0,0,0,0,0,0,0,0,0,0,0,0,0,0,0,0,0,0,0,0,0,0,0,0,0,0,0,0,0,0,0,0,0,0,0,0,0,0,0,0,0,0,0,0,0,0,0,0,0,0,0,0,0,0,0,0,0,0,0,0,0,0,0,0,0,0,0,0,0
3.102173937,-9.987710999999981,0.0024877293109893785,0.0,0.1270000000008764,0.005315750837326001,0.0,0.127,0.00531575083732605,0.0,0.984404981136322,0.00531575083732605,0.0,4.99999996127244,-0.0006223147042001566,0.0,-3.87,-2.93,-1.0,0.0,0.0,0.0,-3.87,-0.93,-1.0,0.0,0.0,0.0,-3.87,1.07,-1.0,0.0,0.0,0.0,-3.87,-2.93,1.0,0.0,0.0,0.0,-3.87,-0.93,1.0,0.0,0.0,0.0,-3.87,1.07,1.0,0.0,0.0,0.0,2.31,-4.59,-1.0,0.0,0.0,0.0,2.31,-2.59,-1.0,0.0,0.0,0.0,2.31,-0.59,-1.0,0.0,0.0,0.0,2.31,1.41,-1.0,0.0,0.0,0.0,2.31,-4.59,1.0,0.0,0.0,0.0,2.31,-2.59,1.0,0.0,0.0,0.0,2.31,-0.59,1.0,0.0,0.0,0.0,2.31,1.41,1.0,0.0,0.0,0.0,8.58,-3.7580000000000187,-1.3020000000000052,0.0,1.5600000000000058,0.6399999999999739,0,0,0,0,0,0,0,0,0,0,0,0,0,0,0,0,0,0,0,0,0,0,0,0,0,0,0,0,0,0,0,0,0,0,0,0,0,0,0,0,0,0,0,0,0,0,0,0,0,0,0,0,0,0,0,0,0,0,0,0,0,0,0,0,0,0,0,0,0,0,0,0,0,0,0,0,0,0,0,0,0,0,0,0,0,0,0,0,0,0,0,0,0,0,0,0,0,0,0,0,0,0,0,0,0,0,0,0,0,0,0,0,0,0,0,0,0,0,0,0,0,0,0,0,0,0,0,0,0,0,0,0,0,0,0,0,0,0,0,0,0,0,0,0,0,0,0,0,0,0,0,0,0,0,0,0,0,0,0,0,0,0,0,0,0,0,0,0,0,0,0,0,0,0,0,0,0,0,0,0,0,0,0,0,0,0,0,0,0,0,0,0,0,0,0,0,0,0,0,0,0,0,0,0,0,0,0,0,0,0
3.202234877,-9.972069999999984,0.0038078833371400695,9.38773155212403e-10,0.21399999999971442,0.019520416855811885,1.490116119384766e-08,0.214,0.019520416855812073,1.4901161193847656e-08,0.9866267442703247,0.019520416855812073,1.4901161193847656e-08,4.99999996127244,-0.0006223147042001566,0.0,-3.87,-2.93,-1.0,0.0,0.0,0.0,-3.87,-0.93,-1.0,0.0,0.0,0.0,-3.87,1.07,-1.0,0.0,0.0,0.0,-3.87,-2.93,1.0,0.0,0.0,0.0,-3.87,-0.93,1.0,0.0,0.0,0.0,-3.87,1.07,1.0,0.0,0.0,0.0,2.31,-4.59,-1.0,0.0,0.0,0.0,2.31,-2.59,-1.0,0.0,0.0,0.0,2.31,-0.59,-1.0,0.0,0.0,0.0,2.31,1.41,-1.0,0.0,0.0,0.0,2.31,-4.59,1.0,0.0,0.0,0.0,2.31,-2.59,1.0,0.0,0.0,0.0,2.31,-0.59,1.0,0.0,0.0,0.0,2.31,1.41,1.0,0.0,0.0,0.0,8.58,-3.633200000000018,-1.2508000000000072,0.0,1.5600000000000058,0.6399999999999739,0,0,0,0,0,0,0,0,0,0,0,0,0,0,0,0,0,0,0,0,0,0,0,0,0,0,0,0,0,0,0,0,0,0,0,0,0,0,0,0,0,0,0,0,0,0,0,0,0,0,0,0,0,0,0,0,0,0,0,0,0,0,0,0,0,0,0,0,0,0,0,0,0,0,0,0,0,0,0,0,0,0,0,0,0,0,0,0,0,0,0,0,0,0,0,0,0,0,0,0,0,0,0,0,0,0,0,0,0,0,0,0,0,0,0,0,0,0,0,0,0,0,0,0,0,0,0,0,0,0,0,0,0,0,0,0,0,0,0,0,0,0,0,0,0,0,0,0,0,0,0,0,0,0,0,0,0,0,0,0,0,0,0,0,0,0,0,0,0,0,0,0,0,0,0,0,0,0,0,0,0,0,0,0,0,0,0,0,0,0,0,0,0,0,0,0,0,0,0,0,0,0,0,0,0,0,0,0,0,0
3.301387428,-9.950164999999974,0.004770362228155138,1.3113021850585947e-09,0.3010000000003288,0.008626699447632053,0.0,0.301,0.008626699447631836,0.0,0.9874398112297058,0.008626699447631836,0.0,4.99999990246765,-0.0009875846766399519,-2.6115457865265545e-10,-3.87,-2.93,-1.0,0.0,0.0,0.0,-3.87,-0.93,-1.0,0.0,0.0,0.0,-3.87,1.07,-1.0,0.0,0.0,0.0,-3.87,-2.93,1.0,0.0,0.0,0.0,-3.87,-0.93,1.0,0.0,0.0,0.0,-3.87,1.07,1.0,0.0,0.0,0.0,2.31,-4.59,-1.0,0.0,0.0,0.0,2.31,-2.59,-1.0,0.0,0.0,0.0,2.31,-0.59,-1.0,0.0,0.0,0.0,2.31,1.41,-1.0,0.0,0.0,0.0,2.31,-4.59,1.0,0.0,0.0,0.0,2.31,-2.59,1.0,0.0,0.0,0.0,2.31,-0.59,1.0,0.0,0.0,0.0,2.31,1.41,1.0,0.0,0.0,0.0,8.58,-3.5084000000000177,-1.1996000000000093,0.0,1.5600000000000058,0.6399999999999739,0,0,0,0,0,0,0,0,0,0,0,0,0,0,0,0,0,0,0,0,0,0,0,0,0,0,0,0,0,0,0,0,0,0,0,0,0,0,0,0,0,0,0,0,0,0,0,0,0,0,0,0,0,0,0,0,0,0,0,0,0,0,0,0,0,0,0,0,0,0,0,0,0,0,0,0,0,0,0,0,0,0,0,0,0,0,0,0,0,0,0,0,0,0,0,0,0,0,0,0,0,0,0,0,0,0,0,0,0,0,0,0,0,0,0,0,0,0,0,0,0,0,0,0,0,0,0,0,0,0,0,0,0,0,0,0,0,0,0,0,0,0,0,0,0,0,0,0,0,0,0,0,0,0,0,0,0,0,0,0,0,0,0,0,0,0,0,0,0,0,0,0,0,0,0,0,0,0,0,0,0,0,0,0,0,0,0,0,0,0,0,0,0,0,0,0,0,0,0,0,0,0,0,0,0,0,0,0,0,0
3.406343013,-9.921791999999959,0.005852403035387414,-3.422610461711878e-10,0.3820000000001045,0.016021130606532274,-3.119930624961853e-08,0.382,0.016021130606532097,-3.119930624961853e-08,0.9883139729499817,0.016021130606532097,-3.119930624961853e-08,4.999999852282373,-0.001215391395485105,-3.286895193918974e-10,-3.87,-2.93,-1.0,0.0,0.0,0.0,-3.87,-0.93,-1.0,0.0,0.0,0.0,-3.87,1.07,-1.0,0.0,0.0,0.0,-3.87,-2.93,1.0,0.0,0.0,0.0,-3.87,-0.93,1.0,0.0,0.0,0.0,-3.87,1.07,1.0,0.0,0.0,0.0,2.31,-4.59,-1.0,0.0,0.0,0.0,2.31,-2.59,-1.0,0.0,0.0,0.0,2.31,-0.59,-1.0,0.0,0.0,0.0,2.31,1.41,-1.0,0.0,0.0,0.0,2.31,-4.59,1.0,0.0,0.0,0.0,2.31,-2.59,1.0,0.0,0.0,0.0,2.31,-0.59,1.0,0.0,0.0,0.0,2.31,1.41,1.0,0.0,0.0,0.0,8.58,-3.3836000000000173,-1.1484000000000114,0.0,1.5600000000000058,0.6399999999999739,0,0,0,0,0,0,0,0,0,0,0,0,0,0,0,0,0,0,0,0,0,0,0,0,0,0,0,0,0,0,0,0,0,0,0,0,0,0,0,0,0,0,0,0,0,0,0,0,0,0,0,0,0,0,0,0,0,0,0,0,0,0,0,0,0,0,0,0,0,0,0,0,0,0,0,0,0,0,0,0,0,0,0,0,0,0,0,0,0,0,0,0,0,0,0,0,0,0,0,0,0,0,0,0,0,0,0,0,0,0,0,0,0,0,0,0,0,0,0,0,0,0,0,0,0,0,0,0,0,0,0,0,0,0,0,0,0,0,0,0,0,0,0,0,0,0,0,0,0,0,0,0,0,0,0,0,0,0,0,0,0,0,0,0,0,0,0,0,0,0,0,0,0,0,0,0,0,0,0,0,0,0,0,0,0,0,0,0,0,0,0,0,0,0,0,0,0,0,0,0,0,0,0,0,0,0,0,0,0,0
3.505492936,-9.896363999999954,0.006635676413774514,-6.929039955139152e-10,0.45800000000006946,0.010627359151840243,1.4901161193847666e-08,0.458,0.01062735915184021,1.4901161193847656e-08,0.9885076284408569,0.01062735915184021,1.4901161193847656e-08,4.999999770963631,-0.0015133947420104355,1.7207237008047676e-10,-3.87,-2.93,-1.0,0.0,0.0,0.0,-3.87,-0.93,-1.0,0.0,0.0,0.0,-3.87,1.07,-1.0,0.0,0.0,0.0,-3.87,-2.93,1.0,0.0,0.0,0.0,-3.87,-0.93,1.0,0.0,0.0,0.0,-3.87,1.07,1.0,0.0,0.0,0.0,2.31,-4.59,-1.0,0.0,0.0,0.0,2.31,-2.59,-1.0,0.0,0.0,0.0,2.31,-0.59,-1.0,0.0,0.0,0.0,2.31,1.41,-1.0,0.0,0.0,0.0,2.31,-4.59,1.0,0.0,0.0,0.0,2.31,-2.59,1.0,0.0,0.0,0.0,2.31,-0.59,1.0,0.0,0.0,0.0,2.31,1.41,1.0,0.0,0.0,0.0,8.58,-3.290000000000017,-1.110000000000013,0.0,1.5600000000000058,0.6399999999999739,0,0,0,0,0,0,0,0,0,0,0,0,0,0,0,0,0,0,0,0,0,0,0,0,0,0,0,0,0,0,0,0,0,0,0,0,0,0,0,0,0,0,0,0,0,0,0,0,0,0,0,0,0,0,0,0,0,0,0,0,0,0,0,0,0,0,0,0,0,0,0,0,0,0,0,0,0,0,0,0,0,0,0,0,0,0,0,0,0,0,0,0,0,0,0,0,0,0,0,0,0,0,0,0,0,0,0,0,0,0,0,0,0,0,0,0,0,0,0,0,0,0,0,0,0,0,0,0,0,0,0,0,0,0,0,0,0,0,0,0,0,0,0,0,0,0,0,0,0,0,0,0,0,0,0,0,0,0,0,0,0,0,0,0,0,0,0,0,0,0,0,0,0,0,0,0,0,0,0,0,0,0,0,0,0,0,0,0,0,0,0,0,0,0,0,0,0,0,0,0,0,0,0,0,0,0,0,0,0,0
3.600976782,-9.866615999999931,0.0074128797352314155,-1.1175870895385607e-10,0.512000000000512,0.013950258493423268,7.450580596923833e-09,0.512,0.013950258493423462,7.450580596923828e-09,0.9915540814399719,0.013950258493423462,7.450580596923828e-09,4.999999718185509,-0.0016787331025853495,1.5991334652667156e-10,-3.87,-2.93,-1.0,0.0,0.0,0.0,-3.87,-0.93,-1.0,0.0,0.0,0.0,-3.87,1.07,-1.0,0.0,0.0,0.0,-3.87,-2.93,1.0,0.0,0.0,0.0,-3.87,-0.93,1.0,0.0,0.0,0.0,-3.87,1.07,1.0,0.0,0.0,0.0,2.31,-4.59,-1.0,0.0,0.0,0.0,2.31,-2.59,-1.0,0.0,0.0,0.0,2.31,-0.59,-1.0,0.0,0.0,0.0,2.31,1.41,-1.0,0.0,0.0,0.0,2.31,-4.59,1.0,0.0,0.0,0.0,2.31,-2.59,1.0,0.0,0.0,0.0,2.31,-0.59,1.0,0.0,0.0,0.0,2.31,1.41,1.0,0.0,0.0,0.0,8.58,-3.1964000000000166,-1.0716000000000145,0.0,1.5600000000000058,0.6399999999999739,0,0,0,0,0,0,0,0,0,0,0,0,0,0,0,0,0,0,0,0,0,0,0,0,0,0,0,0,0,0,0,0,0,0,0,0,0,0,0,0,0,0,0,0,0,0,0,0,0,0,0,0,0,0,0,0,0,0,0,0,0,0,0,0,0,0,0,0,0,0,0,0,0,0,0,0,0,0,0,0,0,0,0,0,0,0,0,0,0,0,0,0,0,0,0,0,0,0,0,0,0,0,0,0,0,0,0,0,0,0,0,0,0,0,0,0,0,0,0,0,0,0,0,0,0,0,0,0,0,0,0,0,0,0,0,0,0,0,0,0,0,0,0,0,0,0,0,0,0,0,0,0,0,0,0,0,0,0,0,0,0,0,0,0,0,0,0,0,0,0,0,0,0,0,0,0,0,0,0,0,0,0,0,0,0,0,0,0,0,0,0,0,0,0,0,0,0,0,0,0,0,0,0,0,0,0,0,0,0,0
3.701360682,-9.833227999999936,0.008144686371088025,-6.929039955139151e-10,0.5699999999997374,0.011663109064101798,-1.4901161193847666e-08,0.5700000000000001,0.011663109064102173,-1.4901161193847656e-08,0.9913060069084167,0.011663109064102173,-1.4901161193847656e-08,4.999999648308837,-0.0018753430369896579,2.7593605118509842e-11,-3.87,-2.93,-1.0,0.0,0.0,0.0,-3.87,-0.93,-1.0,0.0,0.0,0.0,-3.87,1.07,-1.0,0.0,0.0,0.0,-3.87,-2.93,1.0,0.0,0.0,0.0,-3.87,-0.93,1.0,0.0,0.0,0.0,-3.87,1.07,1.0,0.0,0.0,0.0,2.31,-4.59,-1.0,0.0,0.0,0.0,2.31,-2.59,-1.0,0.0,0.0,0.0,2.31,-0.59,-1.0,0.0,0.0,0.0,2.31,1.41,-1.0,0.0,0.0,0.0,2.31,-4.59,1.0,0.0,0.0,0.0,2.31,-2.59,1.0,0.0,0.0,0.0,2.31,-0.59,1.0,0.0,0.0,0.0,2.31,1.41,1.0,0.0,0.0,0.0,8.58,-3.102800000000016,-1.033200000000016,0.0,1.5600000000000058,0.6399999999999739,0,0,0,0,0,0,0,0,0,0,0,0,0,0,0,0,0,0,0,0,0,0,0,0,0,0,0,0,0,0,0,0,0,0,0,0,0,0,0,0,0,0,0,0,0,0,0,0,0,0,0,0,0,0,0,0,0,0,0,0,0,0,0,0,0,0,0,0,0,0,0,0,0,0,0,0,0,0,0,0,0,0,0,0,0,0,0,0,0,0,0,0,0,0,0,0,0,0,0,0,0,0,0,0,0,0,0,0,0,0,0,0,0,0,0,0,0,0,0,0,0,0,0,0,0,0,0,0,0,0,0,0,0,0,0,0,0,0,0,0,0,0,0,0,0,0,0,0,0,0,0,0,0,0,0,0,0,0,0,0,0,0,0,0,0,0,0,0,0,0,0,0,0,0,0,0,0,0,0,0,0,0,0,0,0,0,0,0,0,0,0,0,0,0,0,0,0,0,0,0,0,0,0,0,0,0,0,0,0,0
3.801742121,-9.783733999999937,0.009142953135073208,-5.662441253662098e-10,0.636000000000081,0.012768499553204166,7.450580596923833e-09,0.6360000000000001,0.012768499553203583,7.450580596923828e-09,0.9916269183158875,0.012768499553203583,7.450580596923828e-09,4.999999574695276,-0.002062291702155481,1.8596847108574118e-10,-3.87,-2.93,-1.0,0.0,0.0,0.0,-3.87,-0.93,-1.0,0.0,0.0,0.0,-3.87,1.07,-1.0,0.0,0.0,0.0,-3.87,-2.93,1.0,0.0,0.0,0.0,-3.87,-0.93,1.0,0.0,0.0,0.0,-3.87,1.07,1.0,0.0,0.0,0.0,2.31,-4.59,-1.0,0.0,0.0,0.0,2.31,-2.59,-1.0,0.0,0.0,0.0,2.31,-0.59,-1.0,0.0,0.0,0.0,2.31,1.41,-1.0,0.0,0.0,0.0,2.31,-4.59,1.0,0.0,0.0,0.0,2.31,-2.59,1.0,0.0,0.0,0.0,2.31,-0.59,1.0,0.0,0.0,0.0,2.31,1.41,1.0,0.0,0.0,0.0,8.58,-2.9780000000000157,-0.9820000000000182,0.0,1.5600000000000058,0.6399999999999739,0,0,0,0,0,0,0,0,0,0,0,0,0,0,0,0,0,0,0,0,0,0,0,0,0,0,0,0,0,0,0,0,0,0,0,0,0,0,0,0,0,0,0,0,0,0,0,0,0,0,0,0,0,0,0,0,0,0,0,0,0,0,0,0,0,0,0,0,0,0,0,0,0,0,0,0,0,0,0,0,0,0,0,0,0,0,0,0,0,0,0,0,0,0,0,0,0,0,0,0,0,0,0,0,0,0,0,0,0,0,0,0,0,0,0,0,0,0,0,0,0,0,0,0,0,0,0,0,0,0,0,0,0,0,0,0,0,0,0,0,0,0,0,0,0,0,0,0,0,0,0,0,0,0,0,0,0,0,0,0,0,0,0,0,0,0,0,0,0,0,0,0,0,0,0,0,0,0,0,0,0,0,0,0,0,0,0,0,0,0,0,0,0,0,0,0,0,0,0,0,0,0,0,0,0,0,0,0,0,0
3.901359225,-9.756223999999937,0.009626597385853582,-1.3858079910278316e-09,0.7049999999999557,0.011865308508277744,-2.980232238769533e-08,0.7050000000000001,0.01186530850827694,-2.9802322387695312e-08,0.9913005232810974,0.01186530850827694,-2.9802322387695312e-08,4.999999463101287,-0.00231710742950097,1.487675944850834e-10,-3.87,-2.93,-1.0,0.0,0.0,0.0,-3.87,-0.93,-1.0,0.0,0.0,0.0,-3.87,1.07,-1.0,0.0,0.0,0.0,-3.87,-2.93,1.0,0.0,0.0,0.0,-3.87,-0.93,1.0,0.0,0.0,0.0,-3.87,1.07,1.0,0.0,0.0,0.0,2.31,-4.59,-1.0,0.0,0.0,0.0,2.31,-2.59,-1.0,0.0,0.0,0.0,2.31,-0.59,-1.0,0.0,0.0,0.0,2.31,1.41,-1.0,0.0,0.0,0.0,2.31,-4.59,1.0,0.0,0.0,0.0,2.31,-2.59,1.0,0.0,0.0,0.0,2.31,-0.59,1.0,0.0,0.0,0.0,2.31,1.41,1.0,0.0,0.0,0.0,8.58,-2.9156000000000155,-0.9564000000000192,0.0,1.5600000000000058,0.6399999999999739,0,0,0,0,0,0,0,0,0,0,0,0,0,0,0,0,0,0,0,0,0,0,0,0,0,0,0,0,0,0,0,0,0,0,0,0,0,0,0,0,0,0,0,0,0,0,0,0,0,0,0,0,0,0,0,0,0,0,0,0,0,0,0,0,0,0,0,0,0,0,0,0,0,0,0,0,0,0,0,0,0,0,0,0,0,0,0,0,0,0,0,0,0,0,0,0,0,0,0,0,0,0,0,0,0,0,0,0,0,0,0,0,0,0,0,0,0,0,0,0,0,0,0,0,0,0,0,0,0,0,0,0,0,0,0,0,0,0,0,0,0,0,0,0,0,0,0,0,0,0,0,0,0,0,0,0,0,0,0,0,0,0,0,0,0,0,0,0,0,0,0,0,0,0,0,0,0,0,0,0,0,0,0,0,0,0,0,0,0,0,0,0,0,0,0,0,0,0,0,0,0,0,0,0,0,0,0,0,0,0
4.001983937,-9.696745999999942,0.01058852401934575,-2.7264468371868127e-09,0.7619999999999294,0.012100529856980471,-1.0477378964424118e-08,0.7620000000000001,0.012100529856979847,-1.0477378964424133e-08,0.9945977926254272,0.012100529856979847,-1.0477378964424133e-08,4.999999388853628,-0.002472137404579547,4.3824234583987383e-10,-3.87,-2.93,-1.0,0.0,0.0,0.0,-3.87,-0.93,-1.0,0.0,0.0,0.0,-3.87,1.07,-1.0,0.0,0.0,0.0,-3.87,-2.93,1.0,0.0,0.0,0.0,-3.87,-0.93,1.0,0.0,0.0,0.0,-3.87,1.07,1.0,0.0,0.0,0.0,2.31,-4.59,-1.0,0.0,0.0,0.0,2.31,-2.59,-1.0,0.0,0.0,0.0,2.31,-0.59,-1.0,0.0,0.0,0.0,2.31,1.41,-1.0,0.0,0.0,0.0,2.31,-4.59,1.0,0.0,0.0,0.0,2.31,-2.59,1.0,0.0,0.0,0.0,2.31,-0.59,1.0,0.0,0.0,0.0,2.31,1.41,1.0,0.0,0.0,0.0,8.58,-2.790800000000015,-0.9052000000000213,0.0,1.5600000000000058,0.6399999999999739,0,0,0,0,0,0,0,0,0,0,0,0,0,0,0,0,0,0,0,0,0,0,0,0,0,0,0,0,0,0,0,0,0,0,0,0,0,0,0,0,0,0,0,0,0,0,0,0,0,0,0,0,0,0,0,0,0,0,0,0,0,0,0,0,0,0,0,0,0,0,0,0,0,0,0,0,0,0,0,0,0,0,0,0,0,0,0,0,0,0,0,0,0,0,0,0,0,0,0,0,0,0,0,0,0,0,0,0,0,0,0,0,0,0,0,0,0,0,0,0,0,0,0,0,0,0,0,0,0,0,0,0,0,0,0,0,0,0,0,0,0,0,0,0,0,0,0,0,0,0,0,0,0,0,0,0,0,0,0,0,0,0,0,0,0,0,0,0,0,0,0,0,0,0,0,0,0,0,0,0,0,0,0,0,0,0,0,0,0,0,0,0,0,0,0,0,0,0,0,0,0,0,0,0,0,0,0,0,0,0
4.106128942,-9.614652999999945,0.011772302738390946,-2.50129960477352e-09,0.8449999999999847,0.01173046976327835,7.450580596923833e-09,0.8450000000000001,0.011730469763278961,7.450580596923828e-09,0.9948193430900574,0.011730469763278961,7.450580596923828e-09,4.999999258617601,-0.00272283371488028,7.216693028528193e-10,-3.87,-2.93,-1.0,0.0,0.0,0.0,-3.87,-0.93,-1.0,0.0,0.0,0.0,-3.87,1.07,-1.0,0.0,0.0,0.0,-3.87,-2.93,1.0,0.0,0.0,0.0,-3.87,-0.93,1.0,0.0,0.0,0.0,-3.87,1.07,1.0,0.0,0.0,0.0,2.31,-4.59,-1.0,0.0,0.0,0.0,2.31,-2.59,-1.0,0.0,0.0,0.0,2.31,-0.59,-1.0,0.0,0.0,0.0,2.31,1.41,-1.0,0.0,0.0,0.0,2.31,-4.59,1.0,0.0,0.0,0.0,2.31,-2.59,1.0,0.0,0.0,0.0,2.31,-0.59,1.0,0.0,0.0,0.0,2.31,1.41,1.0,0.0,0.0,0.0,8.58,-2.6348000000000145,-0.8412000000000239,0.0,1.5600000000000058,0.6399999999999739,0,0,0,0,0,0,0,0,0,0,0,0,0,0,0,0,0,0,0,0,0,0,0,0,0,0,0,0,0,0,0,0,0,0,0,0,0,0,0,0,0,0,0,0,0,0,0,0,0,0,0,0,0,0,0,0,0,0,0,0,0,0,0,0,0,0,0,0,0,0,0,0,0,0,0,0,0,0,0,0,0,0,0,0,0,0,0,0,0,0,0,0,0,0,0,0,0,0,0,0,0,0,0,0,0,0,0,0,0,0,0,0,0,0,0,0,0,0,0,0,0,0,0,0,0,0,0,0,0,0,0,0,0,0,0,0,0,0,0,0,0,0,0,0,0,0,0,0,0,0,0,0,0,0,0,0,0,0,0,0,0,0,0,0,0,0,0,0,0,0,0,0,0,0,0,0,0,0,0,0,0,0,0,0,0,0,0,0,0,0,0,0,0,0,0,0,0,0,0,0,0,0,0,0,0,0,0,0,0,0
4.205801683,-9.578234999999973,0.012237831641919996,-1.949956640601156e-09,0.9219999999992012,0.01162194367498176,1.4901161193847666e-08,0.922,0.011621943674981594,1.4901161193847656e-08,1.0023386478424072,0.011621943674981594,1.4901161193847656e-08,4.999999103203488,-0.0029946559589624716,6.413530581779083e-10,-3.87,-2.93,-1.0,0.0,0.0,0.0,-3.87,-0.93,-1.0,0.0,0.0,0.0,-3.87,1.07,-1.0,0.0,0.0,0.0,-3.87,-2.93,1.0,0.0,0.0,0.0,-3.87,-0.93,1.0,0.0,0.0,0.0,-3.87,1.07,1.0,0.0,0.0,0.0,2.31,-4.59,-1.0,0.0,0.0,0.0,2.31,-2.59,-1.0,0.0,0.0,0.0,2.31,-0.59,-1.0,0.0,0.0,0.0,2.31,1.41,-1.0,0.0,0.0,0.0,2.31,-4.59,1.0,0.0,0.0,0.0,2.31,-2.59,1.0,0.0,0.0,0.0,2.31,-0.59,1.0,0.0,0.0,0.0,2.31,1.41,1.0,0.0,0.0,0.0,8.58,-2.5724000000000142,-0.815600000000025,0.0,1.5600000000000058,0.6399999999999739,0,0,0,0,0,0,0,0,0,0,0,0,0,0,0,0,0,0,0,0,0,0,0,0,0,0,0,0,0,0,0,0,0,0,0,0,0,0,0,0,0,0,0,0,0,0,0,0,0,0,0,0,0,0,0,0,0,0,0,0,0,0,0,0,0,0,0,0,0,0,0,0,0,0,0,0,0,0,0,0,0,0,0,0,0,0,0,0,0,0,0,0,0,0,0,0,0,0,0,0,0,0,0,0,0,0,0,0,0,0,0,0,0,0,0,0,0,0,0,0,0,0,0,0,0,0,0,0,0,0,0,0,0,0,0,0,0,0,0,0,0,0,0,0,0,0,0,0,0,0,0,0,0,0,0,0,0,0,0,0,0,0,0,0,0,0,0,0,0,0,0,0,0,0,0,0,0,0,0,0,0,0,0,0,0,0,0,0,0,0,0,0,0,0,0,0,0,0,0,0,0,0,0,0,0,0,0,0,0,0
4.301613402,-9.540166999999983,0.01270052855182448,-1.9783292373176634e-09,0.9660000000000224,0.011541171930730398,-8.225470082834244e-09,0.9660000000000001,0.011541171930730343,-8.225470082834363e-09,1.016747236251831,0.011541171930730343,-8.225470082834363e-09,4.999999025062336,-0.0031223990281361753,5.015926487966987e-10,-3.87,-2.93,-1.0,0.0,0.0,0.0,-3.87,-0.93,-1.0,0.0,0.0,0.0,-3.87,1.07,-1.0,0.0,0.0,0.0,-3.87,-2.93,1.0,0.0,0.0,0.0,-3.87,-0.93,1.0,0.0,0.0,0.0,-3.87,1.07,1.0,0.0,0.0,0.0,2.31,-4.59,-1.0,0.0,0.0,0.0,2.31,-2.59,-1.0,0.0,0.0,0.0,2.31,-0.59,-1.0,0.0,0.0,0.0,2.31,1.41,-1.0,0.0,0.0,0.0,2.31,-4.59,1.0,0.0,0.0,0.0,2.31,-2.59,1.0,0.0,0.0,0.0,2.31,-0.59,1.0,0.0,0.0,0.0,2.31,1.41,1.0,0.0,0.0,0.0,8.58,-2.510000000000014,-0.790000000000026,0.0,1.5600000000000058,0.6399999999999739,0,0,0,0,0,0,0,0,0,0,0,0,0,0,0,0,0,0,0,0,0,0,0,0,0,0,0,0,0,0,0,0,0,0,0,0,0,0,0,0,0,0,0,0,0,0,0,0,0,0,0,0,0,0,0,0,0,0,0,0,0,0,0,0,0,0,0,0,0,0,0,0,0,0,0,0,0,0,0,0,0,0,0,0,0,0,0,0,0,0,0,0,0,0,0,0,0,0,0,0,0,0,0,0,0,0,0,0,0,0,0,0,0,0,0,0,0,0,0,0,0,0,0,0,0,0,0,0,0,0,0,0,0,0,0,0,0,0,0,0,0,0,0,0,0,0,0,0,0,0,0,0,0,0,0,0,0,0,0,0,0,0,0,0,0,0,0,0,0,0,0,0,0,0,0,0,0,0,0,0,0,0,0,0,0,0,0,0,0,0,0,0,0,0,0,0,0,0,0,0,0,0,0,0,0,0,0,0,0,0
4.401775069,-9.480246000000003,0.01338789387978623,-1.5900604477536673e-09,1.018999999999437,0.01140319928526895,1.5606881120788858e-08,1.0190000000000001,0.011403199285268784,1.5606881120788785e-08,1.0198543071746826,0.011403199285268784,1.5606881120788785e-08,4.999998921454216,-0.0032841219043646033,5.296614400634681e-10,-3.87,-2.93,-1.0,0.0,0.0,0.0,-3.87,-0.93,-1.0,0.0,0.0,0.0,-3.87,1.07,-1.0,0.0,0.0,0.0,-3.87,-2.93,1.0,0.0,0.0,0.0,-3.87,-0.93,1.0,0.0,0.0,0.0,-3.87,1.07,1.0,0.0,0.0,0.0,2.31,-4.59,-1.0,0.0,0.0,0.0,2.31,-2.59,-1.0,0.0,0.0,0.0,2.31,-0.59,-1.0,0.0,0.0,0.0,2.31,1.41,-1.0,0.0,0.0,0.0,2.31,-4.59,1.0,0.0,0.0,0.0,2.31,-2.59,1.0,0.0,0.0,0.0,2.31,-0.59,1.0,0.0,0.0,0.0,2.31,1.41,1.0,0.0,0.0,0.0,8.58,-2.4164000000000136,-0.7516000000000276,0.0,1.5600000000000058,0.6399999999999739,0,0,0,0,0,0,0,0,0,0,0,0,0,0,0,0,0,0,0,0,0,0,0,0,0,0,0,0,0,0,0,0,0,0,0,0,0,0,0,0,0,0,0,0,0,0,0,0,0,0,0,0,0,0,0,0,0,0,0,0,0,0,0,0,0,0,0,0,0,0,0,0,0,0,0,0,0,0,0,0,0,0,0,0,0,0,0,0,0,0,0,0,0,0,0,0,0,0,0,0,0,0,0,0,0,0,0,0,0,0,0,0,0,0,0,0,0,0,0,0,0,0,0,0,0,0,0,0,0,0,0,0,0,0,0,0,0,0,0,0,0,0,0,0,0,0,0,0,0,0,0,0,0,0,0,0,0,0,0,0,0,0,0,0,0,0,0,0,0,0,0,0,0,0,0,0,0,0,0,0,0,0,0,0,0,0,0,0,0,0,0,0,0,0,0,0,0,0,0,0,0,0,0,0,0,0,0,0,0,0
4.504236118,-9.4191441686001,0.014067414997145625,-6.539150163575793e-10,1.0179684162139324,0.011276960372924583,1.5599653124809308e-08,1.0179684162139893,0.011276960372924805,1.5599653124809265e-08,1.0179684162139893,0.011276960372924805,1.5599653124809265e-08,4.9999988020530575,-0.0034611368054751545,3.762320189445703e-10,-3.87,-2.93,-1.0,0.0,0.0,0.0,-3.87,-0.93,-1.0,0.0,0.0,0.0,-3.87,1.07,-1.0,0.0,0.0,0.0,-3.87,-2.93,1.0,0.0,0.0,0.0,-3.87,-0.93,1.0,0.0,0.0,0.0,-3.87,1.07,1.0,0.0,0.0,0.0,2.31,-4.59,-1.0,0.0,0.0,0.0,2.31,-2.59,-1.0,0.0,0.0,0.0,2.31,-0.59,-1.0,0.0,0.0,0.0,2.31,1.41,-1.0,0.0,0.0,0.0,2.31,-4.59,1.0,0.0,0.0,0.0,2.31,-2.59,1.0,0.0,0.0,0.0,2.31,-0.59,1.0,0.0,0.0,0.0,2.31,1.41,1.0,0.0,0.0,0.0,8.58,-2.3228000000000133,-0.7132000000000291,0.0,1.5600000000000058,0.6399999999999739,0,0,0,0,0,0,0,0,0,0,0,0,0,0,0,0,0,0,0,0,0,0,0,0,0,0,0,0,0,0,0,0,0,0,0,0,0,0,0,0,0,0,0,0,0,0,0,0,0,0,0,0,0,0,0,0,0,0,0,0,0,0,0,0,0,0,0,0,0,0,0,0,0,0,0,0,0,0,0,0,0,0,0,0,0,0,0,0,0,0,0,0,0,0,0,0,0,0,0,0,0,0,0,0,0,0,0,0,0,0,0,0,0,0,0,0,0,0,0,0,0,0,0,0,0,0,0,0,0,0,0,0,0,0,0,0,0,0,0,0,0,0,0,0,0,0,0,0,0,0,0,0,0,0,0,0,0,0,0,0,0,0,0,0,0,0,0,0,0,0,0,0,0,0,0,0,0,0,0,0,0,0,0,0,0,0,0,0,0,0,0,0,0,0,0,0,0,0,0,0,0,0,0,0,0,0,0,0,0,0
4.604809848,-9.338355521663713,0.014962881764397118,-1.4301141746386654e-09,1.0049918889993847,0.0111431591212751,-2.4883775040507217e-08,1.004991888999939,0.011143159121274948,-2.4883775040507317e-08,1.004991888999939,0.011143159121274948,-2.4883775040507317e-08,4.999998503312188,-0.00386870467571104,3.697609512219628e-10,-3.87,-2.93,-1.0,0.0,0.0,0.0,-3.87,-0.93,-1.0,0.0,0.0,0.0,-3.87,1.07,-1.0,0.0,0.0,0.0,-3.87,-2.93,1.0,0.0,0.0,0.0,-3.87,-0.93,1.0,0.0,0.0,0.0,-3.87,1.07,1.0,0.0,0.0,0.0,2.31,-4.59,-1.0,0.0,0.0,0.0,2.31,-2.59,-1.0,0.0,0.0,0.0,2.31,-0.59,-1.0,0.0,0.0,0.0,2.31,1.41,-1.0,0.0,0.0,0.0,2.31,-4.59,1.0,0.0,0.0,0.0,2.31,-2.59,1.0,0.0,0.0,0.0,2.31,-0.59,1.0,0.0,0.0,0.0,2.31,1.41,1.0,0.0,0.0,0.0,8.58,-2.198000000000013,-0.6620000000000312,0.0,1.5600000000000058,0.6399999999999739,0,0,0,0,0,0,0,0,0,0,0,0,0,0,0,0,0,0,0,0,0,0,0,0,0,0,0,0,0,0,0,0,0,0,0,0,0,0,0,0,0,0,0,0,0,0,0,0,0,0,0,0,0,0,0,0,0,0,0,0,0,0,0,0,0,0,0,0,0,0,0,0,0,0,0,0,0,0,0,0,0,0,0,0,0,0,0,0,0,0,0,0,0,0,0,0,0,0,0,0,0,0,0,0,0,0,0,0,0,0,0,0,0,0,0,0,0,0,0,0,0,0,0,0,0,0,0,0,0,0,0,0,0,0,0,0,0,0,0,0,0,0,0,0,0,0,0,0,0,0,0,0,0,0,0,0,0,0,0,0,0,0,0,0,0,0,0,0,0,0,0,0,0,0,0,0,0,0,0,0,0,0,0,0,0,0,0,0,0,0,0,0,0,0,0,0,0,0,0,0,0,0,0,0,0,0,0,0,0,0
4.703297344,-9.278587115272563,0.015625794446095947,-2.0076505862220884e-09,0.9883947968489792,0.01096575707197258,3.7252902984619165e-09,0.9883947968482971,0.010965757071971893,3.725290298461914e-09,0.9883947968482971,0.010965757071971893,3.725290298461914e-09,4.999998503312188,-0.00386870467571104,3.697609512219628e-10,-3.87,-2.93,-1.0,0.0,0.0,0.0,-3.87,-0.93,-1.0,0.0,0.0,0.0,-3.87,1.07,-1.0,0.0,0.0,0.0,-3.87,-2.93,1.0,0.0,0.0,0.0,-3.87,-0.93,1.0,0.0,0.0,0.0,-3.87,1.07,1.0,0.0,0.0,0.0,2.31,-4.59,-1.0,0.0,0.0,0.0,2.31,-2.59,-1.0,0.0,0.0,0.0,2.31,-0.59,-1.0,0.0,0.0,0.0,2.31,1.41,-1.0,0.0,0.0,0.0,2.31,-4.59,1.0,0.0,0.0,0.0,2.31,-2.59,1.0,0.0,0.0,0.0,2.31,-0.59,1.0,0.0,0.0,0.0,2.31,1.41,1.0,0.0,0.0,0.0,8.58,-2.1044000000000125,-0.6236000000000328,0.0,1.5600000000000058,0.6399999999999739,0,0,0,0,0,0,0,0,0,0,0,0,0,0,0,0,0,0,0,0,0,0,0,0,0,0,0,0,0,0,0,0,0,0,0,0,0,0,0,0,0,0,0,0,0,0,0,0,0,0,0,0,0,0,0,0,0,0,0,0,0,0,0,0,0,0,0,0,0,0,0,0,0,0,0,0,0,0,0,0,0,0,0,0,0,0,0,0,0,0,0,0,0,0,0,0,0,0,0,0,0,0,0,0,0,0,0,0,0,0,0,0,0,0,0,0,0,0,0,0,0,0,0,0,0,0,0,0,0,0,0,0,0,0,0,0,0,0,0,0,0,0,0,0,0,0,0,0,0,0,0,0,0,0,0,0,0,0,0,0,0,0,0,0,0,0,0,0,0,0,0,0,0,0,0,0,0,0,0,0,0,0,0,0,0,0,0,0,0,0,0,0,0,0,0,0,0,0,0,0,0,0,0,0,0,0,0,0,0,0
4.802396612,-9.180576396688425,0.016712510693818492,-1.6351215563758967e-09,0.9771953225143903,0.01083252113312505,3.7252902984619165e-09,0.9771953225135803,0.010832521133124828,3.725290298461914e-09,0.9771953225135803,0.010832521133124828,3.725290298461914e-09,4.99999833028283,-0.004086216944093212,5.103541752102032e-10,-3.87,-2.93,-1.0,0.0,0.0,0.0,-3.87,-0.93,-1.0,0.0,0.0,0.0,-3.87,1.07,-1.0,0.0,0.0,0.0,-3.87,-2.93,1.0,0.0,0.0,0.0,-3.87,-0.93,1.0,0.0,0.0,0.0,-3.87,1.07,1.0,0.0,0.0,0.0,2.31,-4.59,-1.0,0.0,0.0,0.0,2.31,-2.59,-1.0,0.0,0.0,0.0,2.31,-0.59,-1.0,0.0,0.0,0.0,2.31,1.41,-1.0,0.0,0.0,0.0,2.31,-4.59,1.0,0.0,0.0,0.0,2.31,-2.59,1.0,0.0,0.0,0.0,2.31,-0.59,1.0,0.0,0.0,0.0,2.31,1.41,1.0,0.0,0.0,0.0,8.58,-1.948400000000012,-0.5596000000000354,0.0,1.5600000000000058,0.6399999999999739,0,0,0,0,0,0,0,0,0,0,0,0,0,0,0,0,0,0,0,0,0,0,0,0,0,0,0,0,0,0,0,0,0,0,0,0,0,0,0,0,0,0,0,0,0,0,0,0,0,0,0,0,0,0,0,0,0,0,0,0,0,0,0,0,0,0,0,0,0,0,0,0,0,0,0,0,0,0,0,0,0,0,0,0,0,0,0,0,0,0,0,0,0,0,0,0,0,0,0,0,0,0,0,0,0,0,0,0,0,0,0,0,0,0,0,0,0,0,0,0,0,0,0,0,0,0,0,0,0,0,0,0,0,0,0,0,0,0,0,0,0,0,0,0,0,0,0,0,0,0,0,0,0,0,0,0,0,0,0,0,0,0,0,0,0,0,0,0,0,0,0,0,0,0,0,0,0,0,0,0,0,0,0,0,0,0,0,0,0,0,0,0,0,0,0,0,0,0,0,0,0,0,0,0,0,0,0,0,0,0
4.901401374,-9.12272659204863,0.017354193560779305,-1.4535136543258798e-09,0.9609054327004429,0.010660262778402346,2.852175384759873e-09,0.9609054327011108,0.010660262778401375,2.852175384759903e-09,0.9609054327011108,0.010660262778401375,2.852175384759903e-09,4.999998115226843,-0.004341397013160755,4.3098971301875804e-10,-3.87,-2.93,-1.0,0.0,0.0,0.0,-3.87,-0.93,-1.0,0.0,0.0,0.0,-3.87,1.07,-1.0,0.0,0.0,0.0,-3.87,-2.93,1.0,0.0,0.0,0.0,-3.87,-0.93,1.0,0.0,0.0,0.0,-3.87,1.07,1.0,0.0,0.0,0.0,2.31,-4.59,-1.0,0.0,0.0,0.0,2.31,-2.59,-1.0,0.0,0.0,0.0,2.31,-0.59,-1.0,0.0,0.0,0.0,2.31,1.41,-1.0,0.0,0.0,0.0,2.31,-4.59,1.0,0.0,0.0,0.0,2.31,-2.59,1.0,0.0,0.0,0.0,2.31,-0.59,1.0,0.0,0.0,0.0,2.31,1.41,1.0,0.0,0.0,0.0,8.58,-1.8548000000000116,-0.521200000000037,0.0,1.5600000000000058,0.6399999999999739,0,0,0,0,0,0,0,0,0,0,0,0,0,0,0,0,0,0,0,0,0,0,0,0,0,0,0,0,0,0,0,0,0,0,0,0,0,0,0,0,0,0,0,0,0,0,0,0,0,0,0,0,0,0,0,0,0,0,0,0,0,0,0,0,0,0,0,0,0,0,0,0,0,0,0,0,0,0,0,0,0,0,0,0,0,0,0,0,0,0,0,0,0,0,0,0,0,0,0,0,0,0,0,0,0,0,0,0,0,0,0,0,0,0,0,0,0,0,0,0,0,0,0,0,0,0,0,0,0,0,0,0,0,0,0,0,0,0,0,0,0,0,0,0,0,0,0,0,0,0,0,0,0,0,0,0,0,0,0,0,0,0,0,0,0,0,0,0,0,0,0,0,0,0,0,0,0,0,0,0,0,0,0,0,0,0,0,0,0,0,0,0,0,0,0,0,0,0,0,0,0,0,0,0,0,0,0,0,0,0
5.001035383,-9.04673953019047,0.018197088148445038,-1.2287156678780752e-09,0.945640385150881,0.010489117354153116,2.793967723846335e-09,0.9456403851509094,0.010489117354154587,2.7939677238464355e-09,0.9456403851509094,0.010489117354154587,2.7939677238464355e-09,4.999997927326395,-0.004552662051759672,3.764143864320329e-10,-3.87,-2.93,-1.0,0.0,0.0,0.0,-3.87,-0.93,-1.0,0.0,0.0,0.0,-3.87,1.07,-1.0,0.0,0.0,0.0,-3.87,-2.93,1.0,0.0,0.0,0.0,-3.87,-0.93,1.0,0.0,0.0,0.0,-3.87,1.07,1.0,0.0,0.0,0.0,2.31,-4.59,-1.0,0.0,0.0,0.0,2.31,-2.59,-1.0,0.0,0.0,0.0,2.31,-0.59,-1.0,0.0,0.0,0.0,2.31,1.41,-1.0,0.0,0.0,0.0,2.31,-4.59,1.0,0.0,0.0,0.0,2.31,-2.59,1.0,0.0,0.0,0.0,2.31,-0.59,1.0,0.0,0.0,0.0,2.31,1.41,1.0,0.0,0.0,0.0,8.58,-1.730000000000011,-0.47000000000003905,0.0,1.5600000000000058,0.6399999999999739,0,0,0,0,0,0,0,0,0,0,0,0,0,0,0,0,0,0,0,0,0,0,0,0,0,0,0,0,0,0,0,0,0,0,0,0,0,0,0,0,0,0,0,0,0,0,0,0,0,0,0,0,0,0,0,0,0,0,0,0,0,0,0,0,0,0,0,0,0,0,0,0,0,0,0,0,0,0,0,0,0,0,0,0,0,0,0,0,0,0,0,0,0,0,0,0,0,0,0,0,0,0,0,0,0,0,0,0,0,0,0,0,0,0,0,0,0,0,0,0,0,0,0,0,0,0,0,0,0,0,0,0,0,0,0,0,0,0,0,0,0,0,0,0,0,0,0,0,0,0,0,0,0,0,0,0,0,0,0,0,0,0,0,0,0,0,0,0,0,0,0,0,0,0,0,0,0,0,0,0,0,0,0,0,0,0,0,0,0,0,0,0,0,0,0,0,0,0,0,0,0,0,0,0,0,0,0,0,0,0
5.10510267,-8.953041351660692,0.019235829841345548,-9.67945346985741e-10,0.9348171353344981,0.010361991822718103,2.5611370801925936e-09,0.9348171353340149,0.010361991822719574,2.561137080192566e-09,0.9348171353340149,0.010361991822719574,2.561137080192566e-09,4.999997436940029,-0.005062666604457372,2.580051469372897e-10,-3.87,-2.93,-1.0,0.0,0.0,0.0,-3.87,-0.93,-1.0,0.0,0.0,0.0,-3.87,1.07,-1.0,0.0,0.0,0.0,-3.87,-2.93,1.0,0.0,0.0,0.0,-3.87,-0.93,1.0,0.0,0.0,0.0,-3.87,1.07,1.0,0.0,0.0,0.0,2.31,-4.59,-1.0,0.0,0.0,0.0,2.31,-2.59,-1.0,0.0,0.0,0.0,2.31,-0.59,-1.0,0.0,0.0,0.0,2.31,1.41,-1.0,0.0,0.0,0.0,2.31,-4.59,1.0,0.0,0.0,0.0,2.31,-2.59,1.0,0.0,0.0,0.0,2.31,-0.59,1.0,0.0,0.0,0.0,2.31,1.41,1.0,0.0,0.0,0.0,8.58,-1.5740000000000105,-0.40600000000004166,0.0,1.5600000000000058,0.6399999999999739,0,0,0,0,0,0,0,0,0,0,0,0,0,0,0,0,0,0,0,0,0,0,0,0,0,0,0,0,0,0,0,0,0,0,0,0,0,0,0,0,0,0,0,0,0,0,0,0,0,0,0,0,0,0,0,0,0,0,0,0,0,0,0,0,0,0,0,0,0,0,0,0,0,0,0,0,0,0,0,0,0,0,0,0,0,0,0,0,0,0,0,0,0,0,0,0,0,0,0,0,0,0,0,0,0,0,0,0,0,0,0,0,0,0,0,0,0,0,0,0,0,0,0,0,0,0,0,0,0,0,0,0,0,0,0,0,0,0,0,0,0,0,0,0,0,0,0,0,0,0,0,0,0,0,0,0,0,0,0,0,0,0,0,0,0,0,0,0,0,0,0,0,0,0,0,0,0,0,0,0,0,0,0,0,0,0,0,0,0,0,0,0,0,0,0,0,0,0,0,0,0,0,0,0,0,0,0,0,0,0
5.201160083,-8.87959908650771,0.020051040276884924,-4.354616649493403e-10,0.9147707819945339,0.010156784206627467,7.450580596923833e-09,0.914770781993866,0.0101567842066288,7.450580596923828e-09,0.914770781993866,0.0101567842066288,7.450580596923828e-09,4.999997436940029,-0.005062666604457372,2.580051469372897e-10,-3.87,-2.93,-1.0,0.0,0.0,0.0,-3.87,-0.93,-1.0,0.0,0.0,0.0,-3.87,1.07,-1.0,0.0,0.0,0.0,-3.87,-2.93,1.0,0.0,0.0,0.0,-3.87,-0.93,1.0,0.0,0.0,0.0,-3.87,1.07,1.0,0.0,0.0,0.0,2.31,-4.59,-1.0,0.0,0.0,0.0,2.31,-2.59,-1.0,0.0,0.0,0.0,2.31,-0.59,-1.0,0.0,0.0,0.0,2.31,1.41,-1.0,0.0,0.0,0.0,2.31,-4.59,1.0,0.0,0.0,0.0,2.31,-2.59,1.0,0.0,0.0,0.0,2.31,-0.59,1.0,0.0,0.0,0.0,2.31,1.41,1.0,0.0,0.0,0.0,8.58,-1.44920000000001,-0.35480000000004375,0.0,1.5600000000000058,0.6399999999999739,0,0,0,0,0,0,0,0,0,0,0,0,0,0,0,0,0,0,0,0,0,0,0,0,0,0,0,0,0,0,0,0,0,0,0,0,0,0,0,0,0,0,0,0,0,0,0,0,0,0,0,0,0,0,0,0,0,0,0,0,0,0,0,0,0,0,0,0,0,0,0,0,0,0,0,0,0,0,0,0,0,0,0,0,0,0,0,0,0,0,0,0,0,0,0,0,0,0,0,0,0,0,0,0,0,0,0,0,0,0,0,0,0,0,0,0,0,0,0,0,0,0,0,0,0,0,0,0,0,0,0,0,0,0,0,0,0,0,0,0,0,0,0,0,0,0,0,0,0,0,0,0,0,0,0,0,0,0,0,0,0,0,0,0,0,0,0,0,0,0,0,0,0,0,0,0,0,0,0,0,0,0,0,0,0,0,0,0,0,0,0,0,0,0,0,0,0,0,0,0,0,0,0,0,0,0,0,0,0,0
5.302331536,-8.807460691436617,0.020851749897002995,2.0109731480033963e-10,0.8967834115036766,0.00995276495814254,8.149072527885442e-09,0.8967834115028381,0.009952764958143234,8.149072527885437e-09,0.8967834115028381,0.009952764958143234,8.149072527885437e-09,4.999997164461825,-0.0053249764040854495,1.0548556392120044e-10,-3.87,-2.93,-1.0,0.0,0.0,0.0,-3.87,-0.93,-1.0,0.0,0.0,0.0,-3.87,1.07,-1.0,0.0,0.0,0.0,-3.87,-2.93,1.0,0.0,0.0,0.0,-3.87,-0.93,1.0,0.0,0.0,0.0,-3.87,1.07,1.0,0.0,0.0,0.0,2.31,-4.59,-1.0,0.0,0.0,0.0,2.31,-2.59,-1.0,0.0,0.0,0.0,2.31,-0.59,-1.0,0.0,0.0,0.0,2.31,1.41,-1.0,0.0,0.0,0.0,2.31,-4.59,1.0,0.0,0.0,0.0,2.31,-2.59,1.0,0.0,0.0,0.0,2.31,-0.59,1.0,0.0,0.0,0.0,2.31,1.41,1.0,0.0,0.0,0.0,8.58,-1.3244000000000096,-0.30360000000004583,0.0,1.5600000000000058,0.6399999999999739,0,0,0,0,0,0,0,0,0,0,0,0,0,0,0,0,0,0,0,0,0,0,0,0,0,0,0,0,0,0,0,0,0,0,0,0,0,0,0,0,0,0,0,0,0,0,0,0,0,0,0,0,0,0,0,0,0,0,0,0,0,0,0,0,0,0,0,0,0,0,0,0,0,0,0,0,0,0,0,0,0,0,0,0,0,0,0,0,0,0,0,0,0,0,0,0,0,0,0,0,0,0,0,0,0,0,0,0,0,0,0,0,0,0,0,0,0,0,0,0,0,0,0,0,0,0,0,0,0,0,0,0,0,0,0,0,0,0,0,0,0,0,0,0,0,0,0,0,0,0,0,0,0,0,0,0,0,0,0,0,0,0,0,0,0,0,0,0,0,0,0,0,0,0,0,0,0,0,0,0,0,0,0,0,0,0,0,0,0,0,0,0,0,0,0,0,0,0,0,0,0,0,0,0,0,0,0,0,0,0
5.401217176,-8.736473525270272,0.021639131994917807,-8.139173957033269e-11,0.8830469250682427,0.009792054072022688,-8.840288501232862e-09,0.8830469250679016,0.009792054072022438,-8.840288501232862e-09,0.8830469250679016,0.009792054072022438,-8.840288501232862e-09,4.999996897867021,-0.005569678640974971,-7.299141156355443e-11,-3.87,-2.93,-1.0,0.0,0.0,0.0,-3.87,-0.93,-1.0,0.0,0.0,0.0,-3.87,1.07,-1.0,0.0,0.0,0.0,-3.87,-2.93,1.0,0.0,0.0,0.0,-3.87,-0.93,1.0,0.0,0.0,0.0,-3.87,1.07,1.0,0.0,0.0,0.0,2.31,-4.59,-1.0,0.0,0.0,0.0,2.31,-2.59,-1.0,0.0,0.0,0.0,2.31,-0.59,-1.0,0.0,0.0,0.0,2.31,1.41,-1.0,0.0,0.0,0.0,2.31,-4.59,1.0,0.0,0.0,0.0,2.31,-2.59,1.0,0.0,0.0,0.0,2.31,-0.59,1.0,0.0,0.0,0.0,2.31,1.41,1.0,0.0,0.0,0.0,8.58,-1.199600000000009,-0.2524000000000479,0.0,1.5600000000000058,0.6399999999999739,0,0,0,0,0,0,0,0,0,0,0,0,0,0,0,0,0,0,0,0,0,0,0,0,0,0,0,0,0,0,0,0,0,0,0,0,0,0,0,0,0,0,0,0,0,0,0,0,0,0,0,0,0,0,0,0,0,0,0,0,0,0,0,0,0,0,0,0,0,0,0,0,0,0,0,0,0,0,0,0,0,0,0,0,0,0,0,0,0,0,0,0,0,0,0,0,0,0,0,0,0,0,0,0,0,0,0,0,0,0,0,0,0,0,0,0,0,0,0,0,0,0,0,0,0,0,0,0,0,0,0,0,0,0,0,0,0,0,0,0,0,0,0,0,0,0,0,0,0,0,0,0,0,0,0,0,0,0,0,0,0,0,0,0,0,0,0,0,0,0,0,0,0,0,0,0,0,0,0,0,0,0,0,0,0,0,0,0,0,0,0,0,0,0,0,0,0,0,0,0,0,0,0,0,0,0,0,0,0,0
5.500623717,-8.649233987137084,0.022606576474383175,-1.3288546725220813e-09,0.8688448667530935,0.009635241702197345,-1.3686076272279027e-08,0.8688448667526245,0.009635241702198982,-1.3686076272279024e-08,0.8688448667526245,0.009635241702198982,-1.3686076272279024e-08,4.999996638680352,-0.0057976879179272925,4.0608313936178355e-11,-3.87,-2.93,-1.0,0.0,0.0,0.0,-3.87,-0.93,-1.0,0.0,0.0,0.0,-3.87,1.07,-1.0,0.0,0.0,0.0,-3.87,-2.93,1.0,0.0,0.0,0.0,-3.87,-0.93,1.0,0.0,0.0,0.0,-3.87,1.07,1.0,0.0,0.0,0.0,2.31,-4.59,-1.0,0.0,0.0,0.0,2.31,-2.59,-1.0,0.0,0.0,0.0,2.31,-0.59,-1.0,0.0,0.0,0.0,2.31,1.41,-1.0,0.0,0.0,0.0,2.31,-4.59,1.0,0.0,0.0,0.0,2.31,-2.59,1.0,0.0,0.0,0.0,2.31,-0.59,1.0,0.0,0.0,0.0,2.31,1.41,1.0,0.0,0.0,0.0,8.58,-1.0436000000000085,-0.18840000000004783,0.0,1.5600000000000058,0.6400000000000016,0,0,0,0,0,0,0,0,0,0,0,0,0,0,0,0,0,0,0,0,0,0,0,0,0,0,0,0,0,0,0,0,0,0,0,0,0,0,0,0,0,0,0,0,0,0,0,0,0,0,0,0,0,0,0,0,0,0,0,0,0,0,0,0,0,0,0,0,0,0,0,0,0,0,0,0,0,0,0,0,0,0,0,0,0,0,0,0,0,0,0,0,0,0,0,0,0,0,0,0,0,0,0,0,0,0,0,0,0,0,0,0,0,0,0,0,0,0,0,0,0,0,0,0,0,0,0,0,0,0,0,0,0,0,0,0,0,0,0,0,0,0,0,0,0,0,0,0,0,0,0,0,0,0,0,0,0,0,0,0,0,0,0,0,0,0,0,0,0,0,0,0,0,0,0,0,0,0,0,0,0,0,0,0,0,0,0,0,0,0,0,0,0,0,0,0,0,0,0,0,0,0,0,0,0,0,0,0,0,0
5.60363439,-8.563473255380366,0.023557595884427074,-1.0537579910874278e-09,0.8549713492396194,0.009480861946940117,6.6065695136784564e-09,0.8549713492393494,0.009480861946940422,6.606569513678551e-09,0.8549713492393494,0.009480861946940422,6.606569513678551e-09,4.999996322968127,-0.006063852340724281,3.5968972877835454e-10,-3.87,-2.93,-1.0,0.0,0.0,0.0,-3.87,-0.93,-1.0,0.0,0.0,0.0,-3.87,1.07,-1.0,0.0,0.0,0.0,-3.87,-2.93,1.0,0.0,0.0,0.0,-3.87,-0.93,1.0,0.0,0.0,0.0,-3.87,1.07,1.0,0.0,0.0,0.0,2.31,-4.59,-1.0,0.0,0.0,0.0,2.31,-2.59,-1.0,0.0,0.0,0.0,2.31,-0.59,-1.0,0.0,0.0,0.0,2.31,1.41,-1.0,0.0,0.0,0.0,2.31,-4.59,1.0,0.0,0.0,0.0,2.31,-2.59,1.0,0.0,0.0,0.0,2.31,-0.59,1.0,0.0,0.0,0.0,2.31,1.41,1.0,0.0,0.0,0.0,8.58,-0.8876000000000079,-0.12440000000004767,0.0,1.5600000000000058,0.6400000000000016,0,0,0,0,0,0,0,0,0,0,0,0,0,0,0,0,0,0,0,0,0,0,0,0,0,0,0,0,0,0,0,0,0,0,0,0,0,0,0,0,0,0,0,0,0,0,0,0,0,0,0,0,0,0,0,0,0,0,0,0,0,0,0,0,0,0,0,0,0,0,0,0,0,0,0,0,0,0,0,0,0,0,0,0,0,0,0,0,0,0,0,0,0,0,0,0,0,0,0,0,0,0,0,0,0,0,0,0,0,0,0,0,0,0,0,0,0,0,0,0,0,0,0,0,0,0,0,0,0,0,0,0,0,0,0,0,0,0,0,0,0,0,0,0,0,0,0,0,0,0,0,0,0,0,0,0,0,0,0,0,0,0,0,0,0,0,0,0,0,0,0,0,0,0,0,0,0,0,0,0,0,0,0,0,0,0,0,0,0,0,0,0,0,0,0,0,0,0,0,0,0,0,0,0,0,0,0,0,0,0
5.701318276,-8.496350523694666,0.02430244954489133,-8.217422546863453e-10,0.837263345719208,0.009291760623454659,2.488377504050722e-09,0.8372633457183838,0.009291760623455048,2.4883775040507317e-09,0.8372633457183838,0.009291760623455048,2.4883775040507317e-09,4.999996002744381,-0.006322384060851361,2.9795126796087867e-10,-3.87,-2.93,-1.0,0.0,0.0,0.0,-3.87,-0.93,-1.0,0.0,0.0,0.0,-3.87,1.07,-1.0,0.0,0.0,0.0,-3.87,-2.93,1.0,0.0,0.0,0.0,-3.87,-0.93,1.0,0.0,0.0,0.0,-3.87,1.07,1.0,0.0,0.0,0.0,2.31,-4.59,-1.0,0.0,0.0,0.0,2.31,-2.59,-1.0,0.0,0.0,0.0,2.31,-0.59,-1.0,0.0,0.0,0.0,2.31,1.41,-1.0,0.0,0.0,0.0,2.31,-4.59,1.0,0.0,0.0,0.0,2.31,-2.59,1.0,0.0,0.0,0.0,2.31,-0.59,1.0,0.0,0.0,0.0,2.31,1.41,1.0,0.0,0.0,0.0,8.58,-0.7628000000000075,-0.07320000000004753,0.0,1.5600000000000058,0.6400000000000016,0,0,0,0,0,0,0,0,0,0,0,0,0,0,0,0,0,0,0,0,0,0,0,0,0,0,0,0,0,0,0,0,0,0,0,0,0,0,0,0,0,0,0,0,0,0,0,0,0,0,0,0,0,0,0,0,0,0,0,0,0,0,0,0,0,0,0,0,0,0,0,0,0,0,0,0,0,0,0,0,0,0,0,0,0,0,0,0,0,0,0,0,0,0,0,0,0,0,0,0,0,0,0,0,0,0,0,0,0,0,0,0,0,0,0,0,0,0,0,0,0,0,0,0,0,0,0,0,0,0,0,0,0,0,0,0,0,0,0,0,0,0,0,0,0,0,0,0,0,0,0,0,0,0,0,0,0,0,0,0,0,0,0,0,0,0,0,0,0,0,0,0,0,0,0,0,0,0,0,0,0,0,0,0,0,0,0,0,0,0,0,0,0,0,0,0,0,0,0,0,0,0,0,0,0,0,0,0,0,0
5.801180067,-8.413617078169523,0.025219902599230085,-3.504348242700018e-10,0.8245339989656486,0.009141465649009639,5.340552888810647e-09,0.824533998966217,0.009141465649008751,5.340552888810635e-09,0.824533998966217,0.009141465649008751,5.340552888810635e-09,4.999995313905367,-0.00684550395275635,9.653333439344094e-11,-3.87,-2.93,-1.0,0.0,0.0,0.0,-3.87,-0.93,-1.0,0.0,0.0,0.0,-3.87,1.07,-1.0,0.0,0.0,0.0,-3.87,-2.93,1.0,0.0,0.0,0.0,-3.87,-0.93,1.0,0.0,0.0,0.0,-3.87,1.07,1.0,0.0,0.0,0.0,2.31,-4.59,-1.0,0.0,0.0,0.0,2.31,-2.59,-1.0,0.0,0.0,0.0,2.31,-0.59,-1.0,0.0,0.0,0.0,2.31,1.41,-1.0,0.0,0.0,0.0,2.31,-4.59,1.0,0.0,0.0,0.0,2.31,-2.59,1.0,0.0,0.0,0.0,2.31,-0.59,1.0,0.0,0.0,0.0,2.31,1.41,1.0,0.0,0.0,0.0,8.58,-0.6068000000000069,-0.009200000000047384,0.0,1.5600000000000058,0.6399999999999998,0,0,0,0,0,0,0,0,0,0,0,0,0,0,0,0,0,0,0,0,0,0,0,0,0,0,0,0,0,0,0,0,0,0,0,0,0,0,0,0,0,0,0,0,0,0,0,0,0,0,0,0,0,0,0,0,0,0,0,0,0,0,0,0,0,0,0,0,0,0,0,0,0,0,0,0,0,0,0,0,0,0,0,0,0,0,0,0,0,0,0,0,0,0,0,0,0,0,0,0,0,0,0,0,0,0,0,0,0,0,0,0,0,0,0,0,0,0,0,0,0,0,0,0,0,0,0,0,0,0,0,0,0,0,0,0,0,0,0,0,0,0,0,0,0,0,0,0,0,0,0,0,0,0,0,0,0,0,0,0,0,0,0,0,0,0,0,0,0,0,0,0,0,0,0,0,0,0,0,0,0,0,0,0,0,0,0,0,0,0,0,0,0,0,0,0,0,0,0,0,0,0,0,0,0,0,0,0,0,0
5.900865955,-8.34871784208648,0.025939913101493982,-3.371238932459692e-11,0.8073810338977694,0.00895909871906006,3.5579432733356965e-09,0.8073810338973999,0.008959098719060421,3.5579432733356953e-09,0.8073810338973999,0.008959098719060421,3.5579432733356953e-09,4.999995313905367,-0.00684550395275635,9.653333439344094e-11,-3.87,-2.93,-1.0,0.0,0.0,0.0,-3.87,-0.93,-1.0,0.0,0.0,0.0,-3.87,1.07,-1.0,0.0,0.0,0.0,-3.87,-2.93,1.0,0.0,0.0,0.0,-3.87,-0.93,1.0,0.0,0.0,0.0,-3.87,1.07,1.0,0.0,0.0,0.0,2.31,-4.59,-1.0,0.0,0.0,0.0,2.31,-2.59,-1.0,0.0,0.0,0.0,2.31,-0.59,-1.0,0.0,0.0,0.0,2.31,1.41,-1.0,0.0,0.0,0.0,2.31,-4.59,1.0,0.0,0.0,0.0,2.31,-2.59,1.0,0.0,0.0,0.0,2.31,-0.59,1.0,0.0,0.0,0.0,2.31,1.41,1.0,0.0,0.0,0.0,8.58,-0.4820000000000064,0.041999999999952686,0.0,1.5600000000000058,0.6400000000000016,0,0,0,0,0,0,0,0,0,0,0,0,0,0,0,0,0,0,0,0,0,0,0,0,0,0,0,0,0,0,0,0,0,0,0,0,0,0,0,0,0,0,0,0,0,0,0,0,0,0,0,0,0,0,0,0,0,0,0,0,0,0,0,0,0,0,0,0,0,0,0,0,0,0,0,0,0,0,0,0,0,0,0,0,0,0,0,0,0,0,0,0,0,0,0,0,0,0,0,0,0,0,0,0,0,0,0,0,0,0,0,0,0,0,0,0,0,0,0,0,0,0,0,0,0,0,0,0,0,0,0,0,0,0,0,0,0,0,0,0,0,0,0,0,0,0,0,0,0,0,0,0,0,0,0,0,0,0,0,0,0,0,0,0,0,0,0,0,0,0,0,0,0,0,0,0,0,0,0,0,0,0,0,0,0,0,0,0,0,0,0,0,0,0,0,0,0,0,0,0,0,0,0,0,0,0,0,0,0,0
6.000981349,-8.269102519734979,0.0268232189659025,1.1682717371285832e-10,0.7913413047795359,0.008779041469095944,6.257323548197769e-10,0.7913413047790527,0.008779041469097137,6.257323548197746e-10,0.7913413047790527,0.008779041469097137,6.257323548197746e-10,4.999994952769844,-0.007104384285606201,-3.419322943517529e-12,-3.87,-2.93,-1.0,0.0,0.0,0.0,-3.87,-0.93,-1.0,0.0,0.0,0.0,-3.87,1.07,-1.0,0.0,0.0,0.0,-3.87,-2.93,1.0,0.0,0.0,0.0,-3.87,-0.93,1.0,0.0,0.0,0.0,-3.87,1.07,1.0,0.0,0.0,0.0,2.31,-4.59,-1.0,0.0,0.0,0.0,2.31,-2.59,-1.0,0.0,0.0,0.0,2.31,-0.59,-1.0,0.0,0.0,0.0,2.31,1.41,-1.0,0.0,0.0,0.0,2.31,-4.59,1.0,0.0,0.0,0.0,2.31,-2.59,1.0,0.0,0.0,0.0,2.31,-0.59,1.0,0.0,0.0,0.0,2.31,1.41,1.0,0.0,0.0,0.0,8.58,-0.32600000000000584,0.10599999999995285,0.0,1.5600000000000058,0.6400000000000016,0,0,0,0,0,0,0,0,0,0,0,0,0,0,0,0,0,0,0,0,0,0,0,0,0,0,0,0,0,0,0,0,0,0,0,0,0,0,0,0,0,0,0,0,0,0,0,0,0,0,0,0,0,0,0,0,0,0,0,0,0,0,0,0,0,0,0,0,0,0,0,0,0,0,0,0,0,0,0,0,0,0,0,0,0,0,0,0,0,0,0,0,0,0,0,0,0,0,0,0,0,0,0,0,0,0,0,0,0,0,0,0,0,0,0,0,0,0,0,0,0,0,0,0,0,0,0,0,0,0,0,0,0,0,0,0,0,0,0,0,0,0,0,0,0,0,0,0,0,0,0,0,0,0,0,0,0,0,0,0,0,0,0,0,0,0,0,0,0,0,0,0,0,0,0,0,0,0,0,0,0,0,0,0,0,0,0,0,0,0,0,0,0,0,0,0,0,0,0,0,0,0,0,0,0,0,0,0,0,0
6.101027594,-8.20653917525632,0.027516885699703866,-6.790211415364482e-11,0.7791452407843735,0.008637130260467918,-3.2232492230832556e-09,0.7791452407836914,0.00863713026046753,-3.2232492230832577e-09,0.7791452407836914,0.00863713026046753,-3.2232492230832577e-09,4.99999460278421,-0.007346572586747025,-3.221389833231731e-11,-3.87,-2.93,-1.0,0.0,0.0,0.0,-3.87,-0.93,-1.0,0.0,0.0,0.0,-3.87,1.07,-1.0,0.0,0.0,0.0,-3.87,-2.93,1.0,0.0,0.0,0.0,-3.87,-0.93,1.0,0.0,0.0,0.0,-3.87,1.07,1.0,0.0,0.0,0.0,2.31,-4.59,-1.0,0.0,0.0,0.0,2.31,-2.59,-1.0,0.0,0.0,0.0,2.31,-0.59,-1.0,0.0,0.0,0.0,2.31,1.41,-1.0,0.0,0.0,0.0,2.31,-4.59,1.0,0.0,0.0,0.0,2.31,-2.59,1.0,0.0,0.0,0.0,2.31,-0.59,1.0,0.0,0.0,0.0,2.31,1.41,1.0,0.0,0.0,0.0,8.58,-0.20120000000000537,0.157199999999953,0.0,1.5600000000000058,0.6400000000000016,0,0,0,0,0,0,0,0,0,0,0,0,0,0,0,0,0,0,0,0,0,0,0,0,0,0,0,0,0,0,0,0,0,0,0,0,0,0,0,0,0,0,0,0,0,0,0,0,0,0,0,0,0,0,0,0,0,0,0,0,0,0,0,0,0,0,0,0,0,0,0,0,0,0,0,0,0,0,0,0,0,0,0,0,0,0,0,0,0,0,0,0,0,0,0,0,0,0,0,0,0,0,0,0,0,0,0,0,0,0,0,0,0,0,0,0,0,0,0,0,0,0,0,0,0,0,0,0,0,0,0,0,0,0,0,0,0,0,0,0,0,0,0,0,0,0,0,0,0,0,0,0,0,0,0,0,0,0,0,0,0,0,0,0,0,0,0,0,0,0,0,0,0,0,0,0,0,0,0,0,0,0,0,0,0,0,0,0,0,0,0,0,0,0,0,0,0,0,0,0,0,0,0,0,0,0,0,0,0,0
6.201420006,-8.129738437577238,0.0283687118710945,-3.385168056979701e-10,0.7630034089096682,0.008464857004581577,-2.47382558882239e-09,0.763003408908844,0.008464857004582882,-2.473825588822365e-09,0.763003408908844,0.008464857004582882,-2.473825588822365e-09,4.99999387881695,-0.007823796586684206,9.335942502393351e-11,-3.87,-2.93,-1.0,0.0,0.0,0.0,-3.87,-0.93,-1.0,0.0,0.0,0.0,-3.87,1.07,-1.0,0.0,0.0,0.0,-3.87,-2.93,1.0,0.0,0.0,0.0,-3.87,-0.93,1.0,0.0,0.0,0.0,-3.87,1.07,1.0,0.0,0.0,0.0,2.31,-4.59,-1.0,0.0,0.0,0.0,2.31,-2.59,-1.0,0.0,0.0,0.0,2.31,-0.59,-1.0,0.0,0.0,0.0,2.31,1.41,-1.0,0.0,0.0,0.0,2.31,-4.59,1.0,0.0,0.0,0.0,2.31,-2.59,1.0,0.0,0.0,0.0,2.31,-0.59,1.0,0.0,0.0,0.0,2.31,1.41,1.0,0.0,0.0,0.0,8.58,-0.045200000000004875,0.22119999999995316,0.0,1.559999999999999,0.6400000000000016,0,0,0,0,0,0,0,0,0,0,0,0,0,0,0,0,0,0,0,0,0,0,0,0,0,0,0,0,0,0,0,0,0,0,0,0,0,0,0,0,0,0,0,0,0,0,0,0,0,0,0,0,0,0,0,0,0,0,0,0,0,0,0,0,0,0,0,0,0,0,0,0,0,0,0,0,0,0,0,0,0,0,0,0,0,0,0,0,0,0,0,0,0,0,0,0,0,0,0,0,0,0,0,0,0,0,0,0,0,0,0,0,0,0,0,0,0,0,0,0,0,0,0,0,0,0,0,0,0,0,0,0,0,0,0,0,0,0,0,0,0,0,0,0,0,0,0,0,0,0,0,0,0,0,0,0,0,0,0,0,0,0,0,0,0,0,0,0,0,0,0,0,0,0,0,0,0,0,0,0,0,0,0,0,0,0,0,0,0,0,0,0,0,0,0,0,0,0,0,0,0,0,0,0,0,0,0,0,0,0
6.301072512,-8.06942194466209,0.02903740883525418,-7.362643046349222e-10,0.7513295412060472,0.008327895775438882,-5.697074811905631e-09,0.7513295412063599,0.008327895775437355,-5.6970748119056225e-09,0.7513295412063599,0.008327895775437355,-5.6970748119056225e-09,4.99999387881695,-0.007823796586684206,9.335942502393351e-11,-3.87,-2.93,-1.0,0.0,0.0,0.0,-3.87,-0.93,-1.0,0.0,0.0,0.0,-3.87,1.07,-1.0,0.0,0.0,0.0,-3.87,-2.93,1.0,0.0,0.0,0.0,-3.87,-0.93,1.0,0.0,0.0,0.0,-3.87,1.07,1.0,0.0,0.0,0.0,2.31,-4.59,-1.0,0.0,0.0,0.0,2.31,-2.59,-1.0,0.0,0.0,0.0,2.31,-0.59,-1.0,0.0,0.0,0.0,2.31,1.41,-1.0,0.0,0.0,0.0,2.31,-4.59,1.0,0.0,0.0,0.0,2.31,-2.59,1.0,0.0,0.0,0.0,2.31,-0.59,1.0,0.0,0.0,0.0,2.31,1.41,1.0,0.0,0.0,0.0,8.58,0.07959999999999515,0.27239999999995235,0.0,1.5600000000000058,0.6399999999999739,0,0,0,0,0,0,0,0,0,0,0,0,0,0,0,0,0,0,0,0,0,0,0,0,0,0,0,0,0,0,0,0,0,0,0,0,0,0,0,0,0,0,0,0,0,0,0,0,0,0,0,0,0,0,0,0,0,0,0,0,0,0,0,0,0,0,0,0,0,0,0,0,0,0,0,0,0,0,0,0,0,0,0,0,0,0,0,0,0,0,0,0,0,0,0,0,0,0,0,0,0,0,0,0,0,0,0,0,0,0,0,0,0,0,0,0,0,0,0,0,0,0,0,0,0,0,0,0,0,0,0,0,0,0,0,0,0,0,0,0,0,0,0,0,0,0,0,0,0,0,0,0,0,0,0,0,0,0,0,0,0,0,0,0,0,0,0,0,0,0,0,0,0,0,0,0,0,0,0,0,0,0,0,0,0,0,0,0,0,0,0,0,0,0,0,0,0,0,0,0,0,0,0,0,0,0,0,0,0,0
6.402269929,-7.995245750769189,0.029859635250642447,-8.191156339876331e-10,0.739218652248308,0.008194184862076598,4.6566128730768797e-10,0.7392186522483826,0.008194184862077236,4.656612873077393e-10,0.7392186522483826,0.008194184862077236,4.656612873077393e-10,4.999993531229694,-0.008042863993324094,2.084871730442056e-10,-3.87,-2.93,-1.0,0.0,0.0,0.0,-3.87,-0.93,-1.0,0.0,0.0,0.0,-3.87,1.07,-1.0,0.0,0.0,0.0,-3.87,-2.93,1.0,0.0,0.0,0.0,-3.87,-0.93,1.0,0.0,0.0,0.0,-3.87,1.07,1.0,0.0,0.0,0.0,2.31,-4.59,-1.0,0.0,0.0,0.0,2.31,-2.59,-1.0,0.0,0.0,0.0,2.31,-0.59,-1.0,0.0,0.0,0.0,2.31,1.41,-1.0,0.0,0.0,0.0,2.31,-4.59,1.0,0.0,0.0,0.0,2.31,-2.59,1.0,0.0,0.0,0.0,2.31,-0.59,1.0,0.0,0.0,0.0,2.31,1.41,1.0,0.0,0.0,0.0,8.58,0.23559999999999573,0.33639999999994974,0.0,1.5600000000000058,0.6399999999999739,0,0,0,0,0,0,0,0,0,0,0,0,0,0,0,0,0,0,0,0,0,0,0,0,0,0,0,0,0,0,0,0,0,0,0,0,0,0,0,0,0,0,0,0,0,0,0,0,0,0,0,0,0,0,0,0,0,0,0,0,0,0,0,0,0,0,0,0,0,0,0,0,0,0,0,0,0,0,0,0,0,0,0,0,0,0,0,0,0,0,0,0,0,0,0,0,0,0,0,0,0,0,0,0,0,0,0,0,0,0,0,0,0,0,0,0,0,0,0,0,0,0,0,0,0,0,0,0,0,0,0,0,0,0,0,0,0,0,0,0,0,0,0,0,0,0,0,0,0,0,0,0,0,0,0,0,0,0,0,0,0,0,0,0,0,0,0,0,0,0,0,0,0,0,0,0,0,0,0,0,0,0,0,0,0,0,0,0,0,0,0,0,0,0,0,0,0,0,0,0,0,0,0,0,0,0,0,0,0,0
6.501158838,-7.937113123878063,0.03050437042117065,-7.972295534841718e-10,0.7239934206006993,0.0080305542796838,2.3283064365384399e-10,0.7239934206008911,0.00803055427968502,2.3283064365386963e-10,0.7239934206008911,0.00803055427968502,2.3283064365386963e-10,4.999993125449056,-0.008291288330381535,2.2783197111360184e-10,-3.87,-2.93,-1.0,0.0,0.0,0.0,-3.87,-0.93,-1.0,0.0,0.0,0.0,-3.87,1.07,-1.0,0.0,0.0,0.0,-3.87,-2.93,1.0,0.0,0.0,0.0,-3.87,-0.93,1.0,0.0,0.0,0.0,-3.87,1.07,1.0,0.0,0.0,0.0,2.31,-4.59,-1.0,0.0,0.0,0.0,2.31,-2.59,-1.0,0.0,0.0,0.0,2.31,-0.59,-1.0,0.0,0.0,0.0,2.31,1.41,-1.0,0.0,0.0,0.0,2.31,-4.59,1.0,0.0,0.0,0.0,2.31,-2.59,1.0,0.0,0.0,0.0,2.31,-0.59,1.0,0.0,0.0,0.0,2.31,1.41,1.0,0.0,0.0,0.0,8.58,0.36039999999999617,0.38759999999994765,0.0,1.5600000000000058,0.6399999999999739,0,0,0,0,0,0,0,0,0,0,0,0,0,0,0,0,0,0,0,0,0,0,0,0,0,0,0,0,0,0,0,0,0,0,0,0,0,0,0,0,0,0,0,0,0,0,0,0,0,0,0,0,0,0,0,0,0,0,0,0,0,0,0,0,0,0,0,0,0,0,0,0,0,0,0,0,0,0,0,0,0,0,0,0,0,0,0,0,0,0,0,0,0,0,0,0,0,0,0,0,0,0,0,0,0,0,0,0,0,0,0,0,0,0,0,0,0,0,0,0,0,0,0,0,0,0,0,0,0,0,0,0,0,0,0,0,0,0,0,0,0,0,0,0,0,0,0,0,0,0,0,0,0,0,0,0,0,0,0,0,0,0,0,0,0,0,0,0,0,0,0,0,0,0,0,0,0,0,0,0,0,0,0,0,0,0,0,0,0,0,0,0,0,0,0,0,0,0,0,0,0,0,0,0,0,0,0,0,0,0
6.601919577,-7.865823504730294,0.03129501267336261,-6.125948530666576e-10,0.7095814347266582,0.007869344204665396,2.3283064365386467e-09,0.7095814347267151,0.00786934420466423,2.3283064365386963e-09,0.7095814347267151,0.00786934420466423,2.3283064365386963e-09,4.999992723360213,-0.008530319156530032,2.2163972680088008e-10,-3.87,-2.93,-1.0,0.0,0.0,0.0,-3.87,-0.93,-1.0,0.0,0.0,0.0,-3.87,1.07,-1.0,0.0,0.0,0.0,-3.87,-2.93,1.0,0.0,0.0,0.0,-3.87,-0.93,1.0,0.0,0.0,0.0,-3.87,1.07,1.0,0.0,0.0,0.0,2.31,-4.59,-1.0,0.0,0.0,0.0,2.31,-2.59,-1.0,0.0,0.0,0.0,2.31,-0.59,-1.0,0.0,0.0,0.0,2.31,1.41,-1.0,0.0,0.0,0.0,2.31,-4.59,1.0,0.0,0.0,0.0,2.31,-2.59,1.0,0.0,0.0,0.0,2.31,-0.59,1.0,0.0,0.0,0.0,2.31,1.41,1.0,0.0,0.0,0.0,8.58,0.5163999999999968,0.45159999999994505,0.0,1.5600000000000058,0.6399999999999739,0,0,0,0,0,0,0,0,0,0,0,0,0,0,0,0,0,0,0,0,0,0,0,0,0,0,0,0,0,0,0,0,0,0,0,0,0,0,0,0,0,0,0,0,0,0,0,0,0,0,0,0,0,0,0,0,0,0,0,0,0,0,0,0,0,0,0,0,0,0,0,0,0,0,0,0,0,0,0,0,0,0,0,0,0,0,0,0,0,0,0,0,0,0,0,0,0,0,0,0,0,0,0,0,0,0,0,0,0,0,0,0,0,0,0,0,0,0,0,0,0,0,0,0,0,0,0,0,0,0,0,0,0,0,0,0,0,0,0,0,0,0,0,0,0,0,0,0,0,0,0,0,0,0,0,0,0,0,0,0,0,0,0,0,0,0,0,0,0,0,0,0,0,0,0,0,0,0,0,0,0,0,0,0,0,0,0,0,0,0,0,0,0,0,0,0,0,0,0,0,0,0,0,0,0,0,0,0,0,0
6.701335134,-7.809813319250205,0.03191580358520095,-4.951099654704349e-10,0.6986201405521086,0.007742436602710401,1.3315002433956172e-09,0.6986201405525208,0.0077424366027116776,1.331500243395567e-09,0.6986201405525208,0.0077424366027116776,1.331500243395567e-09,4.999992338086105,-0.008753232559451906,1.7273244998052588e-10,-3.87,-2.93,-1.0,0.0,0.0,0.0,-3.87,-0.93,-1.0,0.0,0.0,0.0,-3.87,1.07,-1.0,0.0,0.0,0.0,-3.87,-2.93,1.0,0.0,0.0,0.0,-3.87,-0.93,1.0,0.0,0.0,0.0,-3.87,1.07,1.0,0.0,0.0,0.0,2.31,-4.59,-1.0,0.0,0.0,0.0,2.31,-2.59,-1.0,0.0,0.0,0.0,2.31,-0.59,-1.0,0.0,0.0,0.0,2.31,1.41,-1.0,0.0,0.0,0.0,2.31,-4.59,1.0,0.0,0.0,0.0,2.31,-2.59,1.0,0.0,0.0,0.0,2.31,-0.59,1.0,0.0,0.0,0.0,2.31,1.41,1.0,0.0,0.0,0.0,8.58,0.6411999999999972,0.502799999999943,0.0,1.5600000000000058,0.6399999999999739,0,0,0,0,0,0,0,0,0,0,0,0,0,0,0,0,0,0,0,0,0,0,0,0,0,0,0,0,0,0,0,0,0,0,0,0,0,0,0,0,0,0,0,0,0,0,0,0,0,0,0,0,0,0,0,0,0,0,0,0,0,0,0,0,0,0,0,0,0,0,0,0,0,0,0,0,0,0,0,0,0,0,0,0,0,0,0,0,0,0,0,0,0,0,0,0,0,0,0,0,0,0,0,0,0,0,0,0,0,0,0,0,0,0,0,0,0,0,0,0,0,0,0,0,0,0,0,0,0,0,0,0,0,0,0,0,0,0,0,0,0,0,0,0,0,0,0,0,0,0,0,0,0,0,0,0,0,0,0,0,0,0,0,0,0,0,0,0,0,0,0,0,0,0,0,0,0,0,0,0,0,0,0,0,0,0,0,0,0,0,0,0,0,0,0,0,0,0,0,0,0,0,0,0,0,0,0,0,0,0
6.80139357,-7.7408159457288805,0.03268048604950229,-3.7484566206559785e-10,0.6873910427094287,0.0076182652264805695,1.1641532182693233e-09,0.6873910427093506,0.007618265226483345,1.1641532182693481e-09,0.6873910427093506,0.007618265226483345,1.1641532182693481e-09,4.999991939832819,-0.00897783976480387,1.3641976470518496e-10,-3.87,-2.93,-1.0,0.0,0.0,0.0,-3.87,-0.93,-1.0,0.0,0.0,0.0,-3.87,1.07,-1.0,0.0,0.0,0.0,-3.87,-2.93,1.0,0.0,0.0,0.0,-3.87,-0.93,1.0,0.0,0.0,0.0,-3.87,1.07,1.0,0.0,0.0,0.0,2.31,-4.59,-1.0,0.0,0.0,0.0,2.31,-2.59,-1.0,0.0,0.0,0.0,2.31,-0.59,-1.0,0.0,0.0,0.0,2.31,1.41,-1.0,0.0,0.0,0.0,2.31,-4.59,1.0,0.0,0.0,0.0,2.31,-2.59,1.0,0.0,0.0,0.0,2.31,-0.59,1.0,0.0,0.0,0.0,2.31,1.41,1.0,0.0,0.0,0.0,8.58,0.7971999999999978,0.5667999999999404,0.0,1.5600000000000058,0.6399999999999739,0,0,0,0,0,0,0,0,0,0,0,0,0,0,0,0,0,0,0,0,0,0,0,0,0,0,0,0,0,0,0,0,0,0,0,0,0,0,0,0,0,0,0,0,0,0,0,0,0,0,0,0,0,0,0,0,0,0,0,0,0,0,0,0,0,0,0,0,0,0,0,0,0,0,0,0,0,0,0,0,0,0,0,0,0,0,0,0,0,0,0,0,0,0,0,0,0,0,0,0,0,0,0,0,0,0,0,0,0,0,0,0,0,0,0,0,0,0,0,0,0,0,0,0,0,0,0,0,0,0,0,0,0,0,0,0,0,0,0,0,0,0,0,0,0,0,0,0,0,0,0,0,0,0,0,0,0,0,0,0,0,0,0,0,0,0,0,0,0,0,0,0,0,0,0,0,0,0,0,0,0,0,0,0,0,0,0,0,0,0,0,0,0,0,0,0,0,0,0,0,0,0,0,0,0,0,0,0,0,0
6.901733532,-7.686785984381271,0.0332795990928997,-4.0589944916293354e-10,0.6732539534572979,0.007466086186465326,-6.621121428906997e-10,0.6732539534568787,0.007466086186468601,-6.621121428906918e-10,0.6732539534568787,0.007466086186468601,-6.621121428906918e-10,4.999991544270007,-0.009195500444346923,1.0758839685034478e-10,-3.87,-2.93,-1.0,0.0,0.0,0.0,-3.87,-0.93,-1.0,0.0,0.0,0.0,-3.87,1.07,-1.0,0.0,0.0,0.0,-3.87,-2.93,1.0,0.0,0.0,0.0,-3.87,-0.93,1.0,0.0,0.0,0.0,-3.87,1.07,1.0,0.0,0.0,0.0,2.31,-4.59,-1.0,0.0,0.0,0.0,2.31,-2.59,-1.0,0.0,0.0,0.0,2.31,-0.59,-1.0,0.0,0.0,0.0,2.31,1.41,-1.0,0.0,0.0,0.0,2.31,-4.59,1.0,0.0,0.0,0.0,2.31,-2.59,1.0,0.0,0.0,0.0,2.31,-0.59,1.0,0.0,0.0,0.0,2.31,1.41,1.0,0.0,0.0,0.0,8.58,0.9219999999999983,0.6179999999999383,0.0,1.5600000000000058,0.6399999999999739,0,0,0,0,0,0,0,0,0,0,0,0,0,0,0,0,0,0,0,0,0,0,0,0,0,0,0,0,0,0,0,0,0,0,0,0,0,0,0,0,0,0,0,0,0,0,0,0,0,0,0,0,0,0,0,0,0,0,0,0,0,0,0,0,0,0,0,0,0,0,0,0,0,0,0,0,0,0,0,0,0,0,0,0,0,0,0,0,0,0,0,0,0,0,0,0,0,0,0,0,0,0,0,0,0,0,0,0,0,0,0,0,0,0,0,0,0,0,0,0,0,0,0,0,0,0,0,0,0,0,0,0,0,0,0,0,0,0,0,0,0,0,0,0,0,0,0,0,0,0,0,0,0,0,0,0,0,0,0,0,0,0,0,0,0,0,0,0,0,0,0,0,0,0,0,0,0,0,0,0,0,0,0,0,0,0,0,0,0,0,0,0,0,0,0,0,0,0,0,0,0,0,0,0,0,0,0,0,0,0
7.000975981,-7.620452697619023,0.03401511985994752,-9.076931419827106e-10,0.6598470807075429,0.007316250354050258,-6.548361852765125e-09,0.65984708070755,0.00731625035405159,-6.548361852765083e-09,0.65984708070755,0.00731625035405159,-6.548361852765083e-09,4.999991102370434,-0.009432720524302595,1.1666249703024366e-10,-3.87,-2.93,-1.0,0.0,0.0,0.0,-3.87,-0.93,-1.0,0.0,0.0,0.0,-3.87,1.07,-1.0,0.0,0.0,0.0,-3.87,-2.93,1.0,0.0,0.0,0.0,-3.87,-0.93,1.0,0.0,0.0,0.0,-3.87,1.07,1.0,0.0,0.0,0.0,2.31,-4.59,-1.0,0.0,0.0,0.0,2.31,-2.59,-1.0,0.0,0.0,0.0,2.31,-0.59,-1.0,0.0,0.0,0.0,2.31,1.41,-1.0,0.0,0.0,0.0,2.31,-4.59,1.0,0.0,0.0,0.0,2.31,-2.59,1.0,0.0,0.0,0.0,2.31,-0.59,1.0,0.0,0.0,0.0,2.31,1.41,1.0,0.0,0.0,0.0,8.58,1.0779999999999987,0.6819999999999357,0.0,1.5600000000000058,0.6399999999999739,0,0,0,0,0,0,0,0,0,0,0,0,0,0,0,0,0,0,0,0,0,0,0,0,0,0,0,0,0,0,0,0,0,0,0,0,0,0,0,0,0,0,0,0,0,0,0,0,0,0,0,0,0,0,0,0,0,0,0,0,0,0,0,0,0,0,0,0,0,0,0,0,0,0,0,0,0,0,0,0,0,0,0,0,0,0,0,0,0,0,0,0,0,0,0,0,0,0,0,0,0,0,0,0,0,0,0,0,0,0,0,0,0,0,0,0,0,0,0,0,0,0,0,0,0,0,0,0,0,0,0,0,0,0,0,0,0,0,0,0,0,0,0,0,0,0,0,0,0,0,0,0,0,0,0,0,0,0,0,0,0,0,0,0,0,0,0,0,0,0,0,0,0,0,0,0,0,0,0,0,0,0,0,0,0,0,0,0,0,0,0,0,0,0,0,0,0,0,0,0,0,0,0,0,0,0,0,0,0,0
7.100986409,-7.555317109628713,0.03473695070482683,-1.540788765908042e-09,0.6496167182925561,0.007198248058559731,-6.286427378654511e-09,0.6496167182922363,0.00719824805855751,-6.28642737865448e-09,0.6496167182922363,0.00719824805855751,-6.28642737865448e-09,4.9999906694988026,-0.009659447444061322,2.6313812105962026e-10,-3.87,-2.93,-1.0,0.0,0.0,0.0,-3.87,-0.93,-1.0,0.0,0.0,0.0,-3.87,1.07,-1.0,0.0,0.0,0.0,-3.87,-2.93,1.0,0.0,0.0,0.0,-3.87,-0.93,1.0,0.0,0.0,0.0,-3.87,1.07,1.0,0.0,0.0,0.0,2.31,-4.59,-1.0,0.0,0.0,0.0,2.31,-2.59,-1.0,0.0,0.0,0.0,2.31,-0.59,-1.0,0.0,0.0,0.0,2.31,1.41,-1.0,0.0,0.0,0.0,2.31,-4.59,1.0,0.0,0.0,0.0,2.31,-2.59,1.0,0.0,0.0,0.0,2.31,-0.59,1.0,0.0,0.0,0.0,2.31,1.41,1.0,0.0,0.0,0.0,8.58,1.2339999999999993,0.745999999999933,0.0,1.5600000000000058,0.6399999999999739,0,0,0,0,0,0,0,0,0,0,0,0,0,0,0,0,0,0,0,0,0,0,0,0,0,0,0,0,0,0,0,0,0,0,0,0,0,0,0,0,0,0,0,0,0,0,0,0,0,0,0,0,0,0,0,0,0,0,0,0,0,0,0,0,0,0,0,0,0,0,0,0,0,0,0,0,0,0,0,0,0,0,0,0,0,0,0,0,0,0,0,0,0,0,0,0,0,0,0,0,0,0,0,0,0,0,0,0,0,0,0,0,0,0,0,0,0,0,0,0,0,0,0,0,0,0,0,0,0,0,0,0,0,0,0,0,0,0,0,0,0,0,0,0,0,0,0,0,0,0,0,0,0,0,0,0,0,0,0,0,0,0,0,0,0,0,0,0,0,0,0,0,0,0,0,0,0,0,0,0,0,0,0,0,0,0,0,0,0,0,0,0,0,0,0,0,0,0,0,0,0,0,0,0,0,0,0,0,0,0
7.200290798,-7.504336810871188,0.035302178072741976,-2.16430922961311e-09,0.6362513303752593,0.007054565940051161,-7.916241884231728e-09,0.6362513303756714,0.007054565940052271,-7.916241884231567e-09,0.6362513303756714,0.007054565940052271,-7.916241884231567e-09,4.999990249956456,-0.009874226064691535,4.243880437424635e-10,-3.87,-2.93,-1.0,0.0,0.0,0.0,-3.87,-0.93,-1.0,0.0,0.0,0.0,-3.87,1.07,-1.0,0.0,0.0,0.0,-3.87,-2.93,1.0,0.0,0.0,0.0,-3.87,-0.93,1.0,0.0,0.0,0.0,-3.87,1.07,1.0,0.0,0.0,0.0,2.31,-4.59,-1.0,0.0,0.0,0.0,2.31,-2.59,-1.0,0.0,0.0,0.0,2.31,-0.59,-1.0,0.0,0.0,0.0,2.31,1.41,-1.0,0.0,0.0,0.0,2.31,-4.59,1.0,0.0,0.0,0.0,2.31,-2.59,1.0,0.0,0.0,0.0,2.31,-0.59,1.0,0.0,0.0,0.0,2.31,1.41,1.0,0.0,0.0,0.0,8.58,1.3587999999999998,0.797199999999931,0.0,1.5600000000000058,0.6399999999999739,0,0,0,0,0,0,0,0,0,0,0,0,0,0,0,0,0,0,0,0,0,0,0,0,0,0,0,0,0,0,0,0,0,0,0,0,0,0,0,0,0,0,0,0,0,0,0,0,0,0,0,0,0,0,0,0,0,0,0,0,0,0,0,0,0,0,0,0,0,0,0,0,0,0,0,0,0,0,0,0,0,0,0,0,0,0,0,0,0,0,0,0,0,0,0,0,0,0,0,0,0,0,0,0,0,0,0,0,0,0,0,0,0,0,0,0,0,0,0,0,0,0,0,0,0,0,0,0,0,0,0,0,0,0,0,0,0,0,0,0,0,0,0,0,0,0,0,0,0,0,0,0,0,0,0,0,0,0,0,0,0,0,0,0,0,0,0,0,0,0,0,0,0,0,0,0,0,0,0,0,0,0,0,0,0,0,0,0,0,0,0,0,0,0,0,0,0,0,0,0,0,0,0,0,0,0,0,0,0,0
7.301115338,-7.454104487701458,0.035858802244997386,-1.4541234882870268e-09,0.6264309883121655,0.006940726190805824,1.1840891822600939e-08,0.6264309883117676,0.006940726190805435,1.1840891822600952e-08,0.6264309883117676,0.006940726190805435,1.1840891822600952e-08,4.999989855650055,-0.010071911265508568,6.068032319602337e-10,-3.87,-2.93,-1.0,0.0,0.0,0.0,-3.87,-0.93,-1.0,0.0,0.0,0.0,-3.87,1.07,-1.0,0.0,0.0,0.0,-3.87,-2.93,1.0,0.0,0.0,0.0,-3.87,-0.93,1.0,0.0,0.0,0.0,-3.87,1.07,1.0,0.0,0.0,0.0,2.31,-4.59,-1.0,0.0,0.0,0.0,2.31,-2.59,-1.0,0.0,0.0,0.0,2.31,-0.59,-1.0,0.0,0.0,0.0,2.31,1.41,-1.0,0.0,0.0,0.0,2.31,-4.59,1.0,0.0,0.0,0.0,2.31,-2.59,1.0,0.0,0.0,0.0,2.31,-0.59,1.0,0.0,0.0,0.0,2.31,1.41,1.0,0.0,0.0,0.0,8.58,1.4836000000000003,0.8483999999999289,0.0,1.5600000000000058,0.6399999999999739,0,0,0,0,0,0,0,0,0,0,0,0,0,0,0,0,0,0,0,0,0,0,0,0,0,0,0,0,0,0,0,0,0,0,0,0,0,0,0,0,0,0,0,0,0,0,0,0,0,0,0,0,0,0,0,0,0,0,0,0,0,0,0,0,0,0,0,0,0,0,0,0,0,0,0,0,0,0,0,0,0,0,0,0,0,0,0,0,0,0,0,0,0,0,0,0,0,0,0,0,0,0,0,0,0,0,0,0,0,0,0,0,0,0,0,0,0,0,0,0,0,0,0,0,0,0,0,0,0,0,0,0,0,0,0,0,0,0,0,0,0,0,0,0,0,0,0,0,0,0,0,0,0,0,0,0,0,0,0,0,0,0,0,0,0,0,0,0,0,0,0,0,0,0,0,0,0,0,0,0,0,0,0,0,0,0,0,0,0,0,0,0,0,0,0,0,0,0,0,0,0,0,0,0,0,0,0,0,0,0
7.403250921,-7.392477969273105,0.036541935957035594,-3.2621014911527134e-09,0.6135628819468053,0.006802259013054257,-2.6033376343548113e-08,0.6135628819465637,0.006802259013056755,-2.6033376343548298e-08,0.6135628819465637,0.006802259013056755,-2.6033376343548298e-08,4.999988998504091,-0.010488795834572425,8.851817219631396e-10,-3.87,-2.93,-1.0,0.0,0.0,0.0,-3.87,-0.93,-1.0,0.0,0.0,0.0,-3.87,1.07,-1.0,0.0,0.0,0.0,-3.87,-2.93,1.0,0.0,0.0,0.0,-3.87,-0.93,1.0,0.0,0.0,0.0,-3.87,1.07,1.0,0.0,0.0,0.0,2.31,-4.59,-1.0,0.0,0.0,0.0,2.31,-2.59,-1.0,0.0,0.0,0.0,2.31,-0.59,-1.0,0.0,0.0,0.0,2.31,1.41,-1.0,0.0,0.0,0.0,2.31,-4.59,1.0,0.0,0.0,0.0,2.31,-2.59,1.0,0.0,0.0,0.0,2.31,-0.59,1.0,0.0,0.0,0.0,2.31,1.41,1.0,0.0,0.0,0.0,8.58,1.6396000000000008,0.9123999999999263,0.0,1.5600000000000058,0.6399999999999739,0,0,0,0,0,0,0,0,0,0,0,0,0,0,0,0,0,0,0,0,0,0,0,0,0,0,0,0,0,0,0,0,0,0,0,0,0,0,0,0,0,0,0,0,0,0,0,0,0,0,0,0,0,0,0,0,0,0,0,0,0,0,0,0,0,0,0,0,0,0,0,0,0,0,0,0,0,0,0,0,0,0,0,0,0,0,0,0,0,0,0,0,0,0,0,0,0,0,0,0,0,0,0,0,0,0,0,0,0,0,0,0,0,0,0,0,0,0,0,0,0,0,0,0,0,0,0,0,0,0,0,0,0,0,0,0,0,0,0,0,0,0,0,0,0,0,0,0,0,0,0,0,0,0,0,0,0,0,0,0,0,0,0,0,0,0,0,0,0,0,0,0,0,0,0,0,0,0,0,0,0,0,0,0,0,0,0,0,0,0,0,0,0,0,0,0,0,0,0,0,0,0,0,0,0,0,0,0,0,0
7.500749052,-7.344056063040253,0.037078445369376385,-4.455249400514583e-09,0.604089677334052,0.006692668888717834,-1.3325916370376988e-08,0.6040896773338318,0.00669266888871789,-1.3325916370376945e-08,0.6040896773338318,0.00669266888871789,-1.3325916370376945e-08,4.999988998504091,-0.010488795834572425,8.851817219631396e-10,-3.87,-2.93,-1.0,0.0,0.0,0.0,-3.87,-0.93,-1.0,0.0,0.0,0.0,-3.87,1.07,-1.0,0.0,0.0,0.0,-3.87,-2.93,1.0,0.0,0.0,0.0,-3.87,-0.93,1.0,0.0,0.0,0.0,-3.87,1.07,1.0,0.0,0.0,0.0,2.31,-4.59,-1.0,0.0,0.0,0.0,2.31,-2.59,-1.0,0.0,0.0,0.0,2.31,-0.59,-1.0,0.0,0.0,0.0,2.31,1.41,-1.0,0.0,0.0,0.0,2.31,-4.59,1.0,0.0,0.0,0.0,2.31,-2.59,1.0,0.0,0.0,0.0,2.31,-0.59,1.0,0.0,0.0,0.0,2.31,1.41,1.0,0.0,0.0,0.0,8.58,1.7644000000000013,0.9635999999999242,0.0,1.5600000000000058,0.6399999999999739,0,0,0,0,0,0,0,0,0,0,0,0,0,0,0,0,0,0,0,0,0,0,0,0,0,0,0,0,0,0,0,0,0,0,0,0,0,0,0,0,0,0,0,0,0,0,0,0,0,0,0,0,0,0,0,0,0,0,0,0,0,0,0,0,0,0,0,0,0,0,0,0,0,0,0,0,0,0,0,0,0,0,0,0,0,0,0,0,0,0,0,0,0,0,0,0,0,0,0,0,0,0,0,0,0,0,0,0,0,0,0,0,0,0,0,0,0,0,0,0,0,0,0,0,0,0,0,0,0,0,0,0,0,0,0,0,0,0,0,0,0,0,0,0,0,0,0,0,0,0,0,0,0,0,0,0,0,0,0,0,0,0,0,0,0,0,0,0,0,0,0,0,0,0,0,0,0,0,0,0,0,0,0,0,0,0,0,0,0,0,0,0,0,0,0,0,0,0,0,0,0,0,0,0,0,0,0,0,0,0
7.600771264,-7.284576498611898,0.03773770272917903,-6.231765401487635e-09,0.591697633266719,0.006559208501129288,-1.924490788951503e-08,0.591697633266449,0.0065592085011303425,-1.924490788951516e-08,0.591697633266449,0.0065592085011303425,-1.924490788951516e-08,4.999988539890224,-0.010705184090826672,1.3115817924794475e-09,-3.87,-2.93,-1.0,0.0,0.0,0.0,-3.87,-0.93,-1.0,0.0,0.0,0.0,-3.87,1.07,-1.0,0.0,0.0,0.0,-3.87,-2.93,1.0,0.0,0.0,0.0,-3.87,-0.93,1.0,0.0,0.0,0.0,-3.87,1.07,1.0,0.0,0.0,0.0,2.31,-4.59,-1.0,0.0,0.0,0.0,2.31,-2.59,-1.0,0.0,0.0,0.0,2.31,-0.59,-1.0,0.0,0.0,0.0,2.31,1.41,-1.0,0.0,0.0,0.0,2.31,-4.59,1.0,0.0,0.0,0.0,2.31,-2.59,1.0,0.0,0.0,0.0,2.31,-0.59,1.0,0.0,0.0,0.0,2.31,1.41,1.0,0.0,0.0,0.0,8.58,1.9204000000000019,1.0275999999999217,0.0,1.5600000000000058,0.6399999999999739,0,0,0,0,0,0,0,0,0,0,0,0,0,0,0,0,0,0,0,0,0,0,0,0,0,0,0,0,0,0,0,0,0,0,0,0,0,0,0,0,0,0,0,0,0,0,0,0,0,0,0,0,0,0,0,0,0,0,0,0,0,0,0,0,0,0,0,0,0,0,0,0,0,0,0,0,0,0,0,0,0,0,0,0,0,0,0,0,0,0,0,0,0,0,0,0,0,0,0,0,0,0,0,0,0,0,0,0,0,0,0,0,0,0,0,0,0,0,0,0,0,0,0,0,0,0,0,0,0,0,0,0,0,0,0,0,0,0,0,0,0,0,0,0,0,0,0,0,0,0,0,0,0,0,0,0,0,0,0,0,0,0,0,0,0,0,0,0,0,0,0,0,0,0,0,0,0,0,0,0,0,0,0,0,0,0,0,0,0,0,0,0,0,0,0,0,0,0,0,0,0,0,0,0,0,0,0,0,0,0
7.701512081,-7.237854526563619,0.038255354889201384,-5.686366894686083e-09,0.5825358629225619,0.006453469395636957,1.1874362826346976e-08,0.5825358629226685,0.006453469395637512,1.1874362826347351e-08,0.5825358629226685,0.006453469395637512,1.1874362826347351e-08,4.999988107639774,-0.010905203383664607,1.7745520901389873e-09,-3.87,-2.93,-1.0,0.0,0.0,0.0,-3.87,-0.93,-1.0,0.0,0.0,0.0,-3.87,1.07,-1.0,0.0,0.0,0.0,-3.87,-2.93,1.0,0.0,0.0,0.0,-3.87,-0.93,1.0,0.0,0.0,0.0,-3.87,1.07,1.0,0.0,0.0,0.0,2.31,-4.59,-1.0,0.0,0.0,0.0,2.31,-2.59,-1.0,0.0,0.0,0.0,2.31,-0.59,-1.0,0.0,0.0,0.0,2.31,1.41,-1.0,0.0,0.0,0.0,2.31,-4.59,1.0,0.0,0.0,0.0,2.31,-2.59,1.0,0.0,0.0,0.0,2.31,-0.59,1.0,0.0,0.0,0.0,2.31,1.41,1.0,0.0,0.0,0.0,8.58,2.045200000000002,1.0787999999999196,0.0,1.5600000000000058,0.6399999999999739,0,0,0,0,0,0,0,0,0,0,0,0,0,0,0,0,0,0,0,0,0,0,0,0,0,0,0,0,0,0,0,0,0,0,0,0,0,0,0,0,0,0,0,0,0,0,0,0,0,0,0,0,0,0,0,0,0,0,0,0,0,0,0,0,0,0,0,0,0,0,0,0,0,0,0,0,0,0,0,0,0,0,0,0,0,0,0,0,0,0,0,0,0,0,0,0,0,0,0,0,0,0,0,0,0,0,0,0,0,0,0,0,0,0,0,0,0,0,0,0,0,0,0,0,0,0,0,0,0,0,0,0,0,0,0,0,0,0,0,0,0,0,0,0,0,0,0,0,0,0,0,0,0,0,0,0,0,0,0,0,0,0,0,0,0,0,0,0,0,0,0,0,0,0,0,0,0,0,0,0,0,0,0,0,0,0,0,0,0,0,0,0,0,0,0,0,0,0,0,0,0,0,0,0,0,0,0,0,0,0
7.800442877,-7.180484668060267,0.03889117179671178,-4.740143158876784e-09,0.5705935955049313,0.006324685178700495,8.614733815192951e-09,0.5705935955047607,0.006324685178697109,8.614733815193176e-09,0.5705935955047607,0.006324685178697109,8.614733815193176e-09,4.999987199429434,-0.011313953411754068,1.3844325581203247e-09,-3.87,-2.93,-1.0,0.0,0.0,0.0,-3.87,-0.93,-1.0,0.0,0.0,0.0,-3.87,1.07,-1.0,0.0,0.0,0.0,-3.87,-2.93,1.0,0.0,0.0,0.0,-3.87,-0.93,1.0,0.0,0.0,0.0,-3.87,1.07,1.0,0.0,0.0,0.0,2.31,-4.59,-1.0,0.0,0.0,0.0,2.31,-2.59,-1.0,0.0,0.0,0.0,2.31,-0.59,-1.0,0.0,0.0,0.0,2.31,1.41,-1.0,0.0,0.0,0.0,2.31,-4.59,1.0,0.0,0.0,0.0,2.31,-2.59,1.0,0.0,0.0,0.0,2.31,-0.59,1.0,0.0,0.0,0.0,2.31,1.41,1.0,0.0,0.0,0.0,8.58,2.2012000000000027,1.142799999999917,0.0,1.5600000000000058,0.6399999999999739,0,0,0,0,0,0,0,0,0,0,0,0,0,0,0,0,0,0,0,0,0,0,0,0,0,0,0,0,0,0,0,0,0,0,0,0,0,0,0,0,0,0,0,0,0,0,0,0,0,0,0,0,0,0,0,0,0,0,0,0,0,0,0,0,0,0,0,0,0,0,0,0,0,0,0,0,0,0,0,0,0,0,0,0,0,0,0,0,0,0,0,0,0,0,0,0,0,0,0,0,0,0,0,0,0,0,0,0,0,0,0,0,0,0,0,0,0,0,0,0,0,0,0,0,0,0,0,0,0,0,0,0,0,0,0,0,0,0,0,0,0,0,0,0,0,0,0,0,0,0,0,0,0,0,0,0,0,0,0,0,0,0,0,0,0,0,0,0,0,0,0,0,0,0,0,0,0,0,0,0,0,0,0,0,0,0,0,0,0,0,0,0,0,0,0,0,0,0,0,0,0,0,0,0,0,0,0,0,0,0
7.901008617,-7.135403617187472,0.039390621511730034,-5.3250137357353174e-09,0.5617430210111962,0.006222730502485063,-1.1292286217212831e-08,0.5617430210113525,0.006222730502486229,-1.1292286217212677e-08,0.5617430210113525,0.006222730502486229,-1.1292286217212677e-08,4.999987199429434,-0.011313953411754068,1.3844325581203247e-09,-3.87,-2.93,-1.0,0.0,0.0,0.0,-3.87,-0.93,-1.0,0.0,0.0,0.0,-3.87,1.07,-1.0,0.0,0.0,0.0,-3.87,-2.93,1.0,0.0,0.0,0.0,-3.87,-0.93,1.0,0.0,0.0,0.0,-3.87,1.07,1.0,0.0,0.0,0.0,2.31,-4.59,-1.0,0.0,0.0,0.0,2.31,-2.59,-1.0,0.0,0.0,0.0,2.31,-0.59,-1.0,0.0,0.0,0.0,2.31,1.41,-1.0,0.0,0.0,0.0,2.31,-4.59,1.0,0.0,0.0,0.0,2.31,-2.59,1.0,0.0,0.0,0.0,2.31,-0.59,1.0,0.0,0.0,0.0,2.31,1.41,1.0,0.0,0.0,0.0,8.58,2.326000000000003,1.193999999999915,0.0,1.5600000000000058,0.6399999999999739,0,0,0,0,0,0,0,0,0,0,0,0,0,0,0,0,0,0,0,0,0,0,0,0,0,0,0,0,0,0,0,0,0,0,0,0,0,0,0,0,0,0,0,0,0,0,0,0,0,0,0,0,0,0,0,0,0,0,0,0,0,0,0,0,0,0,0,0,0,0,0,0,0,0,0,0,0,0,0,0,0,0,0,0,0,0,0,0,0,0,0,0,0,0,0,0,0,0,0,0,0,0,0,0,0,0,0,0,0,0,0,0,0,0,0,0,0,0,0,0,0,0,0,0,0,0,0,0,0,0,0,0,0,0,0,0,0,0,0,0,0,0,0,0,0,0,0,0,0,0,0,0,0,0,0,0,0,0,0,0,0,0,0,0,0,0,0,0,0,0,0,0,0,0,0,0,0,0,0,0,0,0,0,0,0,0,0,0,0,0,0,0,0,0,0,0,0,0,0,0,0,0,0,0,0,0,0,0,0,0
8.001308362,-7.080092575117078,0.04000357524771138,-5.295182309517168e-09,0.5502328872681872,0.006098472978922909,4.1618477553129395e-09,0.5502328872680664,0.0060984729789197445,4.16184775531292e-09,0.5502328872680664,0.0060984729789197445,4.16184775531292e-09,4.999986286276271,-0.011710552900162294,1.550099264068952e-09,-3.87,-2.93,-1.0,0.0,0.0,0.0,-3.87,-0.93,-1.0,0.0,0.0,0.0,-3.87,1.07,-1.0,0.0,0.0,0.0,-3.87,-2.93,1.0,0.0,0.0,0.0,-3.87,-0.93,1.0,0.0,0.0,0.0,-3.87,1.07,1.0,0.0,0.0,0.0,2.31,-4.59,-1.0,0.0,0.0,0.0,2.31,-2.59,-1.0,0.0,0.0,0.0,2.31,-0.59,-1.0,0.0,0.0,0.0,2.31,1.41,-1.0,0.0,0.0,0.0,2.31,-4.59,1.0,0.0,0.0,0.0,2.31,-2.59,1.0,0.0,0.0,0.0,2.31,-0.59,1.0,0.0,0.0,0.0,2.31,1.41,1.0,0.0,0.0,0.0,8.58,2.4820000000000038,1.2579999999999123,0.0,1.5600000000000058,0.6399999999999739,0,0,0,0,0,0,0,0,0,0,0,0,0,0,0,0,0,0,0,0,0,0,0,0,0,0,0,0,0,0,0,0,0,0,0,0,0,0,0,0,0,0,0,0,0,0,0,0,0,0,0,0,0,0,0,0,0,0,0,0,0,0,0,0,0,0,0,0,0,0,0,0,0,0,0,0,0,0,0,0,0,0,0,0,0,0,0,0,0,0,0,0,0,0,0,0,0,0,0,0,0,0,0,0,0,0,0,0,0,0,0,0,0,0,0,0,0,0,0,0,0,0,0,0,0,0,0,0,0,0,0,0,0,0,0,0,0,0,0,0,0,0,0,0,0,0,0,0,0,0,0,0,0,0,0,0,0,0,0,0,0,0,0,0,0,0,0,0,0,0,0,0,0,0,0,0,0,0,0,0,0,0,0,0,0,0,0,0,0,0,0,0,0,0,0,0,0,0,0,0,0,0,0,0,0,0,0,0,0,0
8.10402331,-7.025761362298457,0.04060545913828448,-5.3053941160287065e-09,0.5416887402533987,0.0060001593083156,-1.1023075785491927e-09,0.5416887402534485,0.006000159308314323,-1.102307578548789e-09,0.5416887402534485,0.006000159308314323,-1.102307578548789e-09,4.999986286276271,-0.011710552900162294,1.550099264068952e-09,-3.87,-2.93,-1.0,0.0,0.0,0.0,-3.87,-0.93,-1.0,0.0,0.0,0.0,-3.87,1.07,-1.0,0.0,0.0,0.0,-3.87,-2.93,1.0,0.0,0.0,0.0,-3.87,-0.93,1.0,0.0,0.0,0.0,-3.87,1.07,1.0,0.0,0.0,0.0,2.31,-4.59,-1.0,0.0,0.0,0.0,2.31,-2.59,-1.0,0.0,0.0,0.0,2.31,-0.59,-1.0,0.0,0.0,0.0,2.31,1.41,-1.0,0.0,0.0,0.0,2.31,-4.59,1.0,0.0,0.0,0.0,2.31,-2.59,1.0,0.0,0.0,0.0,2.31,-0.59,1.0,0.0,0.0,0.0,2.31,1.41,1.0,0.0,0.0,0.0,8.58,2.6380000000000043,1.3219999999999097,0.0,1.5600000000000058,0.6399999999999739,0,0,0,0,0,0,0,0,0,0,0,0,0,0,0,0,0,0,0,0,0,0,0,0,0,0,0,0,0,0,0,0,0,0,0,0,0,0,0,0,0,0,0,0,0,0,0,0,0,0,0,0,0,0,0,0,0,0,0,0,0,0,0,0,0,0,0,0,0,0,0,0,0,0,0,0,0,0,0,0,0,0,0,0,0,0,0,0,0,0,0,0,0,0,0,0,0,0,0,0,0,0,0,0,0,0,0,0,0,0,0,0,0,0,0,0,0,0,0,0,0,0,0,0,0,0,0,0,0,0,0,0,0,0,0,0,0,0,0,0,0,0,0,0,0,0,0,0,0,0,0,0,0,0,0,0,0,0,0,0,0,0,0,0,0,0,0,0,0,0,0,0,0,0,0,0,0,0,0,0,0,0,0,0,0,0,0,0,0,0,0,0,0,0,0,0,0,0,0,0,0,0,0,0,0,0,0,0,0,0
8.20049657,-6.983213969095694,0.04107696097623452,-5.421733040300705e-09,0.5305942893025772,0.005880287382749316,-1.4988472685219115e-09,0.5305942893028259,0.005880287382751703,-1.4988472685217857e-09,0.5305942893028259,0.005880287382751703,-1.4988472685217857e-09,4.999985821004069,-0.01190755047324168,1.5550590513782565e-09,-3.87,-2.93,-1.0,0.0,0.0,0.0,-3.87,-0.93,-1.0,0.0,0.0,0.0,-3.87,1.07,-1.0,0.0,0.0,0.0,-3.87,-2.93,1.0,0.0,0.0,0.0,-3.87,-0.93,1.0,0.0,0.0,0.0,-3.87,1.07,1.0,0.0,0.0,0.0,2.31,-4.59,-1.0,0.0,0.0,0.0,2.31,-2.59,-1.0,0.0,0.0,0.0,2.31,-0.59,-1.0,0.0,0.0,0.0,2.31,1.41,-1.0,0.0,0.0,0.0,2.31,-4.59,1.0,0.0,0.0,0.0,2.31,-2.59,1.0,0.0,0.0,0.0,2.31,-0.59,1.0,0.0,0.0,0.0,2.31,1.41,1.0,0.0,0.0,0.0,8.58,2.762800000000005,1.3731999999999076,0.0,1.5600000000000058,0.6399999999999739,0,0,0,0,0,0,0,0,0,0,0,0,0,0,0,0,0,0,0,0,0,0,0,0,0,0,0,0,0,0,0,0,0,0,0,0,0,0,0,0,0,0,0,0,0,0,0,0,0,0,0,0,0,0,0,0,0,0,0,0,0,0,0,0,0,0,0,0,0,0,0,0,0,0,0,0,0,0,0,0,0,0,0,0,0,0,0,0,0,0,0,0,0,0,0,0,0,0,0,0,0,0,0,0,0,0,0,0,0,0,0,0,0,0,0,0,0,0,0,0,0,0,0,0,0,0,0,0,0,0,0,0,0,0,0,0,0,0,0,0,0,0,0,0,0,0,0,0,0,0,0,0,0,0,0,0,0,0,0,0,0,0,0,0,0,0,0,0,0,0,0,0,0,0,0,0,0,0,0,0,0,0,0,0,0,0,0,0,0,0,0,0,0,0,0,0,0,0,0,0,0,0,0,0,0,0,0,0,0,0
8.301334442,-6.941286776646132,0.04154140811832495,-5.724307375665346e-09,0.5223347544669465,0.005785432644185573,-4.398316377774099e-09,0.5223347544670105,0.005785432644188404,-4.398316377773881e-09,0.5223347544670105,0.005785432644188404,-4.398316377773881e-09,4.999985380131513,-0.01209125597856564,1.5957076851283247e-09,-3.87,-2.93,-1.0,0.0,0.0,0.0,-3.87,-0.93,-1.0,0.0,0.0,0.0,-3.87,1.07,-1.0,0.0,0.0,0.0,-3.87,-2.93,1.0,0.0,0.0,0.0,-3.87,-0.93,1.0,0.0,0.0,0.0,-3.87,1.07,1.0,0.0,0.0,0.0,2.31,-4.59,-1.0,0.0,0.0,0.0,2.31,-2.59,-1.0,0.0,0.0,0.0,2.31,-0.59,-1.0,0.0,0.0,0.0,2.31,1.41,-1.0,0.0,0.0,0.0,2.31,-4.59,1.0,0.0,0.0,0.0,2.31,-2.59,1.0,0.0,0.0,0.0,2.31,-0.59,1.0,0.0,0.0,0.0,2.31,1.41,1.0,0.0,0.0,0.0,8.58,2.8876000000000053,1.4243999999999055,0.0,1.5600000000000058,0.6399999999999739,0,0,0,0,0,0,0,0,0,0,0,0,0,0,0,0,0,0,0,0,0,0,0,0,0,0,0,0,0,0,0,0,0,0,0,0,0,0,0,0,0,0,0,0,0,0,0,0,0,0,0,0,0,0,0,0,0,0,0,0,0,0,0,0,0,0,0,0,0,0,0,0,0,0,0,0,0,0,0,0,0,0,0,0,0,0,0,0,0,0,0,0,0,0,0,0,0,0,0,0,0,0,0,0,0,0,0,0,0,0,0,0,0,0,0,0,0,0,0,0,0,0,0,0,0,0,0,0,0,0,0,0,0,0,0,0,0,0,0,0,0,0,0,0,0,0,0,0,0,0,0,0,0,0,0,0,0,0,0,0,0,0,0,0,0,0,0,0,0,0,0,0,0,0,0,0,0,0,0,0,0,0,0,0,0,0,0,0,0,0,0,0,0,0,0,0,0,0,0,0,0,0,0,0,0,0,0,0,0,0
8.400811163,-6.899986952169879,0.04199885510327174,-6.28633144561532e-09,0.5139389634134517,0.005692542530598421,-8.021743269636962e-09,0.5139389634132385,0.005692542530596256,-8.021743269637227e-09,0.5139389634132385,0.005692542530596256,-8.021743269637227e-09,4.999984906863338,-0.012285403486455189,1.7056579078346398e-09,-3.87,-2.93,-1.0,0.0,0.0,0.0,-3.87,-0.93,-1.0,0.0,0.0,0.0,-3.87,1.07,-1.0,0.0,0.0,0.0,-3.87,-2.93,1.0,0.0,0.0,0.0,-3.87,-0.93,1.0,0.0,0.0,0.0,-3.87,1.07,1.0,0.0,0.0,0.0,2.31,-4.59,-1.0,0.0,0.0,0.0,2.31,-2.59,-1.0,0.0,0.0,0.0,2.31,-0.59,-1.0,0.0,0.0,0.0,2.31,1.41,-1.0,0.0,0.0,0.0,2.31,-4.59,1.0,0.0,0.0,0.0,2.31,-2.59,1.0,0.0,0.0,0.0,2.31,-0.59,1.0,0.0,0.0,0.0,2.31,1.41,1.0,0.0,0.0,0.0,8.58,3.0124000000000057,1.4755999999999034,0.0,1.5600000000000058,0.6399999999999739,0,0,0,0,0,0,0,0,0,0,0,0,0,0,0,0,0,0,0,0,0,0,0,0,0,0,0,0,0,0,0,0,0,0,0,0,0,0,0,0,0,0,0,0,0,0,0,0,0,0,0,0,0,0,0,0,0,0,0,0,0,0,0,0,0,0,0,0,0,0,0,0,0,0,0,0,0,0,0,0,0,0,0,0,0,0,0,0,0,0,0,0,0,0,0,0,0,0,0,0,0,0,0,0,0,0,0,0,0,0,0,0,0,0,0,0,0,0,0,0,0,0,0,0,0,0,0,0,0,0,0,0,0,0,0,0,0,0,0,0,0,0,0,0,0,0,0,0,0,0,0,0,0,0,0,0,0,0,0,0,0,0,0,0,0,0,0,0,0,0,0,0,0,0,0,0,0,0,0,0,0,0,0,0,0,0,0,0,0,0,0,0,0,0,0,0,0,0,0,0,0,0,0,0,0,0,0,0,0,0
8.501970603,-6.859416256292805,0.04244821845320884,-7.3367323425445025e-09,0.5056901574134187,0.005601026583465507,-1.4213583199307054e-08,0.5056901574134827,0.005601026583462954,-1.4213583199307323e-08,0.5056901574134827,0.005601026583462954,-1.4213583199307323e-08,4.999984550051831,-0.012429772443222391,1.8658157214786284e-09,-3.87,-2.93,-1.0,0.0,0.0,0.0,-3.87,-0.93,-1.0,0.0,0.0,0.0,-3.87,1.07,-1.0,0.0,0.0,0.0,-3.87,-2.93,1.0,0.0,0.0,0.0,-3.87,-0.93,1.0,0.0,0.0,0.0,-3.87,1.07,1.0,0.0,0.0,0.0,2.31,-4.59,-1.0,0.0,0.0,0.0,2.31,-2.59,-1.0,0.0,0.0,0.0,2.31,-0.59,-1.0,0.0,0.0,0.0,2.31,1.41,-1.0,0.0,0.0,0.0,2.31,-4.59,1.0,0.0,0.0,0.0,2.31,-2.59,1.0,0.0,0.0,0.0,2.31,-0.59,1.0,0.0,0.0,0.0,2.31,1.41,1.0,0.0,0.0,0.0,8.58,3.137200000000006,1.5267999999999013,0.0,1.5600000000000058,0.6399999999999739,0,0,0,0,0,0,0,0,0,0,0,0,0,0,0,0,0,0,0,0,0,0,0,0,0,0,0,0,0,0,0,0,0,0,0,0,0,0,0,0,0,0,0,0,0,0,0,0,0,0,0,0,0,0,0,0,0,0,0,0,0,0,0,0,0,0,0,0,0,0,0,0,0,0,0,0,0,0,0,0,0,0,0,0,0,0,0,0,0,0,0,0,0,0,0,0,0,0,0,0,0,0,0,0,0,0,0,0,0,0,0,0,0,0,0,0,0,0,0,0,0,0,0,0,0,0,0,0,0,0,0,0,0,0,0,0,0,0,0,0,0,0,0,0,0,0,0,0,0,0,0,0,0,0,0,0,0,0,0,0,0,0,0,0,0,0,0,0,0,0,0,0,0,0,0,0,0,0,0,0,0,0,0,0,0,0,0,0,0,0,0,0,0,0,0,0,0,0,0,0,0,0,0,0,0,0,0,0,0,0
8.601178588,-6.819439132019037,0.04289099614415211,-7.253371696158808e-09,0.4975869655607923,0.005511120893059163,6.471964297816144e-09,0.4975869655609131,0.005511120893061161,6.471964297816157e-09,0.4975869655609131,0.005511120893061161,6.471964297816157e-09,4.999984126417836,-0.012599030504992668,2.197255159536722e-09,-3.87,-2.93,-1.0,0.0,0.0,0.0,-3.87,-0.93,-1.0,0.0,0.0,0.0,-3.87,1.07,-1.0,0.0,0.0,0.0,-3.87,-2.93,1.0,0.0,0.0,0.0,-3.87,-0.93,1.0,0.0,0.0,0.0,-3.87,1.07,1.0,0.0,0.0,0.0,2.31,-4.59,-1.0,0.0,0.0,0.0,2.31,-2.59,-1.0,0.0,0.0,0.0,2.31,-0.59,-1.0,0.0,0.0,0.0,2.31,1.41,-1.0,0.0,0.0,0.0,2.31,-4.59,1.0,0.0,0.0,0.0,2.31,-2.59,1.0,0.0,0.0,0.0,2.31,-0.59,1.0,0.0,0.0,0.0,2.31,1.41,1.0,0.0,0.0,0.0,8.58,3.2620000000000067,1.5779999999998993,0.0,1.5600000000000058,0.6399999999999739,0,0,0,0,0,0,0,0,0,0,0,0,0,0,0,0,0,0,0,0,0,0,0,0,0,0,0,0,0,0,0,0,0,0,0,0,0,0,0,0,0,0,0,0,0,0,0,0,0,0,0,0,0,0,0,0,0,0,0,0,0,0,0,0,0,0,0,0,0,0,0,0,0,0,0,0,0,0,0,0,0,0,0,0,0,0,0,0,0,0,0,0,0,0,0,0,0,0,0,0,0,0,0,0,0,0,0,0,0,0,0,0,0,0,0,0,0,0,0,0,0,0,0,0,0,0,0,0,0,0,0,0,0,0,0,0,0,0,0,0,0,0,0,0,0,0,0,0,0,0,0,0,0,0,0,0,0,0,0,0,0,0,0,0,0,0,0,0,0,0,0,0,0,0,0,0,0,0,0,0,0,0,0,0,0,0,0,0,0,0,0,0,0,0,0,0,0,0,0,0,0,0,0,0,0,0,0,0,0,0
8.701119996,-6.770319402023331,0.04343502071965384,-6.7630449125389846e-09,0.4895998835561244,0.00542252697050688,4.511093720793757e-09,0.48959988355636597,0.005422526970505714,4.511093720793724e-09,0.48959988355636597,0.005422526970505714,4.511093720793724e-09,4.999983717035475,-0.012760461595302279,2.1469374187099197e-09,-3.87,-2.93,-1.0,0.0,0.0,0.0,-3.87,-0.93,-1.0,0.0,0.0,0.0,-3.87,1.07,-1.0,0.0,0.0,0.0,-3.87,-2.93,1.0,0.0,0.0,0.0,-3.87,-0.93,1.0,0.0,0.0,0.0,-3.87,1.07,1.0,0.0,0.0,0.0,2.31,-4.59,-1.0,0.0,0.0,0.0,2.31,-2.59,-1.0,0.0,0.0,0.0,2.31,-0.59,-1.0,0.0,0.0,0.0,2.31,1.41,-1.0,0.0,0.0,0.0,2.31,-4.59,1.0,0.0,0.0,0.0,2.31,-2.59,1.0,0.0,0.0,0.0,2.31,-0.59,1.0,0.0,0.0,0.0,2.31,1.41,1.0,0.0,0.0,0.0,8.58,3.4180000000000073,1.6419999999998967,0.0,1.5600000000000058,0.6399999999999739,0,0,0,0,0,0,0,0,0,0,0,0,0,0,0,0,0,0,0,0,0,0,0,0,0,0,0,0,0,0,0,0,0,0,0,0,0,0,0,0,0,0,0,0,0,0,0,0,0,0,0,0,0,0,0,0,0,0,0,0,0,0,0,0,0,0,0,0,0,0,0,0,0,0,0,0,0,0,0,0,0,0,0,0,0,0,0,0,0,0,0,0,0,0,0,0,0,0,0,0,0,0,0,0,0,0,0,0,0,0,0,0,0,0,0,0,0,0,0,0,0,0,0,0,0,0,0,0,0,0,0,0,0,0,0,0,0,0,0,0,0,0,0,0,0,0,0,0,0,0,0,0,0,0,0,0,0,0,0,0,0,0,0,0,0,0,0,0,0,0,0,0,0,0,0,0,0,0,0,0,0,0,0,0,0,0,0,0,0,0,0,0,0,0,0,0,0,0,0,0,0,0,0,0,0,0,0,0,0,0
8.801713605,-6.7318705072841905,0.04386101835314095,-6.4084438422541685e-09,0.47961243987071356,0.0053141308017090605,4.423782229423139e-09,0.47961243987083435,0.005314130801707506,4.423782229423523e-09,0.47961243987083435,0.005314130801707506,4.423782229423523e-09,4.9999832557348745,-0.012939952507290903,2.0227960880747605e-09,-3.87,-2.93,-1.0,0.0,0.0,0.0,-3.87,-0.93,-1.0,0.0,0.0,0.0,-3.87,1.07,-1.0,0.0,0.0,0.0,-3.87,-2.93,1.0,0.0,0.0,0.0,-3.87,-0.93,1.0,0.0,0.0,0.0,-3.87,1.07,1.0,0.0,0.0,0.0,2.31,-4.59,-1.0,0.0,0.0,0.0,2.31,-2.59,-1.0,0.0,0.0,0.0,2.31,-0.59,-1.0,0.0,0.0,0.0,2.31,1.41,-1.0,0.0,0.0,0.0,2.31,-4.59,1.0,0.0,0.0,0.0,2.31,-2.59,1.0,0.0,0.0,0.0,2.31,-0.59,1.0,0.0,0.0,0.0,2.31,1.41,1.0,0.0,0.0,0.0,8.58,3.5428000000000077,1.6931999999998946,0.0,1.5600000000000058,0.6399999999999739,0,0,0,0,0,0,0,0,0,0,0,0,0,0,0,0,0,0,0,0,0,0,0,0,0,0,0,0,0,0,0,0,0,0,0,0,0,0,0,0,0,0,0,0,0,0,0,0,0,0,0,0,0,0,0,0,0,0,0,0,0,0,0,0,0,0,0,0,0,0,0,0,0,0,0,0,0,0,0,0,0,0,0,0,0,0,0,0,0,0,0,0,0,0,0,0,0,0,0,0,0,0,0,0,0,0,0,0,0,0,0,0,0,0,0,0,0,0,0,0,0,0,0,0,0,0,0,0,0,0,0,0,0,0,0,0,0,0,0,0,0,0,0,0,0,0,0,0,0,0,0,0,0,0,0,0,0,0,0,0,0,0,0,0,0,0,0,0,0,0,0,0,0,0,0,0,0,0,0,0,0,0,0,0,0,0,0,0,0,0,0,0,0,0,0,0,0,0,0,0,0,0,0,0,0,0,0,0,0,0
8.900693243,-6.684516057833225,0.0443854947253121,-6.137861892519104e-09,0.4721211493015076,0.005228492431341714,2.3028405848891933e-09,0.47212114930152893,0.005228492431342602,2.3028405848890543e-09,0.47212114930152893,0.005228492431342602,2.3028405848890543e-09,4.999982800087993,-0.013114832222385693,1.910092247068413e-09,-3.87,-2.93,-1.0,0.0,0.0,0.0,-3.87,-0.93,-1.0,0.0,0.0,0.0,-3.87,1.07,-1.0,0.0,0.0,0.0,-3.87,-2.93,1.0,0.0,0.0,0.0,-3.87,-0.93,1.0,0.0,0.0,0.0,-3.87,1.07,1.0,0.0,0.0,0.0,2.31,-4.59,-1.0,0.0,0.0,0.0,2.31,-2.59,-1.0,0.0,0.0,0.0,2.31,-0.59,-1.0,0.0,0.0,0.0,2.31,1.41,-1.0,0.0,0.0,0.0,2.31,-4.59,1.0,0.0,0.0,0.0,2.31,-2.59,1.0,0.0,0.0,0.0,2.31,-0.59,1.0,0.0,0.0,0.0,2.31,1.41,1.0,0.0,0.0,0.0,8.58,3.667600000000008,1.7443999999998925,0.0,1.5600000000000058,0.6399999999999739,0,0,0,0,0,0,0,0,0,0,0,0,0,0,0,0,0,0,0,0,0,0,0,0,0,0,0,0,0,0,0,0,0,0,0,0,0,0,0,0,0,0,0,0,0,0,0,0,0,0,0,0,0,0,0,0,0,0,0,0,0,0,0,0,0,0,0,0,0,0,0,0,0,0,0,0,0,0,0,0,0,0,0,0,0,0,0,0,0,0,0,0,0,0,0,0,0,0,0,0,0,0,0,0,0,0,0,0,0,0,0,0,0,0,0,0,0,0,0,0,0,0,0,0,0,0,0,0,0,0,0,0,0,0,0,0,0,0,0,0,0,0,0,0,0,0,0,0,0,0,0,0,0,0,0,0,0,0,0,0,0,0,0,0,0,0,0,0,0,0,0,0,0,0,0,0,0,0,0,0,0,0,0,0,0,0,0,0,0,0,0,0,0,0,0,0,0,0,0,0,0,0,0,0,0,0,0,0,0,0
9.000427838,-6.6474692256889885,0.04479593305895009,-5.951724706854229e-09,0.46248301863638375,0.00512394495308377,2.3283064365390602e-09,0.4624830186367035,0.005123944953083992,2.3283064365386963e-09,0.4624830186367035,0.005123944953083992,2.3283064365386963e-09,4.999982343522717,-0.013287756058557152,1.8438477018044011e-09,-3.87,-2.93,-1.0,0.0,0.0,0.0,-3.87,-0.93,-1.0,0.0,0.0,0.0,-3.87,1.07,-1.0,0.0,0.0,0.0,-3.87,-2.93,1.0,0.0,0.0,0.0,-3.87,-0.93,1.0,0.0,0.0,0.0,-3.87,1.07,1.0,0.0,0.0,0.0,2.31,-4.59,-1.0,0.0,0.0,0.0,2.31,-2.59,-1.0,0.0,0.0,0.0,2.31,-0.59,-1.0,0.0,0.0,0.0,2.31,1.41,-1.0,0.0,0.0,0.0,2.31,-4.59,1.0,0.0,0.0,0.0,2.31,-2.59,1.0,0.0,0.0,0.0,2.31,-0.59,1.0,0.0,0.0,0.0,2.31,1.41,1.0,0.0,0.0,0.0,8.58,3.8236000000000088,1.8083999999998899,0.0,1.5600000000000058,0.6399999999999739,0,0,0,0,0,0,0,0,0,0,0,0,0,0,0,0,0,0,0,0,0,0,0,0,0,0,0,0,0,0,0,0,0,0,0,0,0,0,0,0,0,0,0,0,0,0,0,0,0,0,0,0,0,0,0,0,0,0,0,0,0,0,0,0,0,0,0,0,0,0,0,0,0,0,0,0,0,0,0,0,0,0,0,0,0,0,0,0,0,0,0,0,0,0,0,0,0,0,0,0,0,0,0,0,0,0,0,0,0,0,0,0,0,0,0,0,0,0,0,0,0,0,0,0,0,0,0,0,0,0,0,0,0,0,0,0,0,0,0,0,0,0,0,0,0,0,0,0,0,0,0,0,0,0,0,0,0,0,0,0,0,0,0,0,0,0,0,0,0,0,0,0,0,0,0,0,0,0,0,0,0,0,0,0,0,0,0,0,0,0,0,0,0,0,0,0,0,0,0,0,0,0,0,0,0,0,0,0,0,0
9.100878899,-6.610904048844388,0.045200899225193034,-5.840548074509488e-09,0.4552586078645504,0.005041454453021121,1.0768417268993257e-09,0.4552586078643799,0.005041454453021288,1.076841726899147e-09,0.4552586078643799,0.005041454453021288,1.076841726899147e-09,4.999981882895815,-0.013459967073601985,1.7856208827459585e-09,-3.87,-2.93,-1.0,0.0,0.0,0.0,-3.87,-0.93,-1.0,0.0,0.0,0.0,-3.87,1.07,-1.0,0.0,0.0,0.0,-3.87,-2.93,1.0,0.0,0.0,0.0,-3.87,-0.93,1.0,0.0,0.0,0.0,-3.87,1.07,1.0,0.0,0.0,0.0,2.31,-4.59,-1.0,0.0,0.0,0.0,2.31,-2.59,-1.0,0.0,0.0,0.0,2.31,-0.59,-1.0,0.0,0.0,0.0,2.31,1.41,-1.0,0.0,0.0,0.0,2.31,-4.59,1.0,0.0,0.0,0.0,2.31,-2.59,1.0,0.0,0.0,0.0,2.31,-0.59,1.0,0.0,0.0,0.0,2.31,1.41,1.0,0.0,0.0,0.0,8.58,3.9484000000000092,1.8595999999998878,0.0,1.5600000000000058,0.6399999999999739,0,0,0,0,0,0,0,0,0,0,0,0,0,0,0,0,0,0,0,0,0,0,0,0,0,0,0,0,0,0,0,0,0,0,0,0,0,0,0,0,0,0,0,0,0,0,0,0,0,0,0,0,0,0,0,0,0,0,0,0,0,0,0,0,0,0,0,0,0,0,0,0,0,0,0,0,0,0,0,0,0,0,0,0,0,0,0,0,0,0,0,0,0,0,0,0,0,0,0,0,0,0,0,0,0,0,0,0,0,0,0,0,0,0,0,0,0,0,0,0,0,0,0,0,0,0,0,0,0,0,0,0,0,0,0,0,0,0,0,0,0,0,0,0,0,0,0,0,0,0,0,0,0,0,0,0,0,0,0,0,0,0,0,0,0,0,0,0,0,0,0,0,0,0,0,0,0,0,0,0,0,0,0,0,0,0,0,0,0,0,0,0,0,0,0,0,0,0,0,0,0,0,0,0,0,0,0,0,0,0
9.201103183,-6.566065567179747,0.045697584000880656,-5.726402851458191e-09,0.44596970081300924,0.004940634593365856,1.1641532182691165e-09,0.44596970081329346,0.004940634593367577,1.1641532182693481e-09,0.44596970081329346,0.004940634593367577,1.1641532182693481e-09,4.999981447162437,-0.013620867499022318,1.7558317885096704e-09,-3.87,-2.93,-1.0,0.0,0.0,0.0,-3.87,-0.93,-1.0,0.0,0.0,0.0,-3.87,1.07,-1.0,0.0,0.0,0.0,-3.87,-2.93,1.0,0.0,0.0,0.0,-3.87,-0.93,1.0,0.0,0.0,0.0,-3.87,1.07,1.0,0.0,0.0,0.0,2.31,-4.59,-1.0,0.0,0.0,0.0,2.31,-2.59,-1.0,0.0,0.0,0.0,2.31,-0.59,-1.0,0.0,0.0,0.0,2.31,1.41,-1.0,0.0,0.0,0.0,2.31,-4.59,1.0,0.0,0.0,0.0,2.31,-2.59,1.0,0.0,0.0,0.0,2.31,-0.59,1.0,0.0,0.0,0.0,2.31,1.41,1.0,0.0,0.0,0.0,8.58,4.1043999999999805,1.9235999999998852,0.0,1.5599999999995617,0.6399999999999739,0,0,0,0,0,0,0,0,0,0,0,0,0,0,0,0,0,0,0,0,0,0,0,0,0,0,0,0,0,0,0,0,0,0,0,0,0,0,0,0,0,0,0,0,0,0,0,0,0,0,0,0,0,0,0,0,0,0,0,0,0,0,0,0,0,0,0,0,0,0,0,0,0,0,0,0,0,0,0,0,0,0,0,0,0,0,0,0,0,0,0,0,0,0,0,0,0,0,0,0,0,0,0,0,0,0,0,0,0,0,0,0,0,0,0,0,0,0,0,0,0,0,0,0,0,0,0,0,0,0,0,0,0,0,0,0,0,0,0,0,0,0,0,0,0,0,0,0,0,0,0,0,0,0,0,0,0,0,0,0,0,0,0,0,0,0,0,0,0,0,0,0,0,0,0,0,0,0,0,0,0,0,0,0,0,0,0,0,0,0,0,0,0,0,0,0,0,0,0,0,0,0,0,0,0,0,0,0,0,0
9.301224248,-6.530855367704459,0.04608750417968161,-5.62547076743422e-09,0.43899393081670013,0.004861073568465657,1.2805685400966072e-09,0.4389939308166504,0.0048610735684633255,1.280568540096283e-09,0.4389939308166504,0.0048610735684633255,1.280568540096283e-09,4.999981002402334,-0.013783164214248762,1.729870724186792e-09,-3.87,-2.93,-1.0,0.0,0.0,0.0,-3.87,-0.93,-1.0,0.0,0.0,0.0,-3.87,1.07,-1.0,0.0,0.0,0.0,-3.87,-2.93,1.0,0.0,0.0,0.0,-3.87,-0.93,1.0,0.0,0.0,0.0,-3.87,1.07,1.0,0.0,0.0,0.0,2.31,-4.59,-1.0,0.0,0.0,0.0,2.31,-2.59,-1.0,0.0,0.0,0.0,2.31,-0.59,-1.0,0.0,0.0,0.0,2.31,1.41,-1.0,0.0,0.0,0.0,2.31,-4.59,1.0,0.0,0.0,0.0,2.31,-2.59,1.0,0.0,0.0,0.0,2.31,-0.59,1.0,0.0,0.0,0.0,2.31,1.41,1.0,0.0,0.0,0.0,8.58,4.2291999999999454,1.974799999999883,0.0,1.5599999999995617,0.6399999999999739,0,0,0,0,0,0,0,0,0,0,0,0,0,0,0,0,0,0,0,0,0,0,0,0,0,0,0,0,0,0,0,0,0,0,0,0,0,0,0,0,0,0,0,0,0,0,0,0,0,0,0,0,0,0,0,0,0,0,0,0,0,0,0,0,0,0,0,0,0,0,0,0,0,0,0,0,0,0,0,0,0,0,0,0,0,0,0,0,0,0,0,0,0,0,0,0,0,0,0,0,0,0,0,0,0,0,0,0,0,0,0,0,0,0,0,0,0,0,0,0,0,0,0,0,0,0,0,0,0,0,0,0,0,0,0,0,0,0,0,0,0,0,0,0,0,0,0,0,0,0,0,0,0,0,0,0,0,0,0,0,0,0,0,0,0,0,0,0,0,0,0,0,0,0,0,0,0,0,0,0,0,0,0,0,0,0,0,0,0,0,0,0,0,0,0,0,0,0,0,0,0,0,0,0,0,0,0,0,0,0
9.402659275,-6.496207974120215,0.04647116505494254,-5.6687845431114724e-09,0.43194735050189337,0.004783088341356323,-8.949427865449055e-10,0.43194735050201416,0.004783088341355324,-8.949427865445614e-10,0.43194735050201416,0.004783088341355324,-8.949427865445614e-10,4.999980595185266,-0.013930103043060693,1.7033001393804185e-09,-3.87,-2.93,-1.0,0.0,0.0,0.0,-3.87,-0.93,-1.0,0.0,0.0,0.0,-3.87,1.07,-1.0,0.0,0.0,0.0,-3.87,-2.93,1.0,0.0,0.0,0.0,-3.87,-0.93,1.0,0.0,0.0,0.0,-3.87,1.07,1.0,0.0,0.0,0.0,2.31,-4.59,-1.0,0.0,0.0,0.0,2.31,-2.59,-1.0,0.0,0.0,0.0,2.31,-0.59,-1.0,0.0,0.0,0.0,2.31,1.41,-1.0,0.0,0.0,0.0,2.31,-4.59,1.0,0.0,0.0,0.0,2.31,-2.59,1.0,0.0,0.0,0.0,2.31,-0.59,1.0,0.0,0.0,0.0,2.31,1.41,1.0,0.0,0.0,0.0,8.58,4.35399999999991,2.02599999999989,0.0,1.5599999999995617,0.640000000000196,0,0,0,0,0,0,0,0,0,0,0,0,0,0,0,0,0,0,0,0,0,0,0,0,0,0,0,0,0,0,0,0,0,0,0,0,0,0,0,0,0,0,0,0,0,0,0,0,0,0,0,0,0,0,0,0,0,0,0,0,0,0,0,0,0,0,0,0,0,0,0,0,0,0,0,0,0,0,0,0,0,0,0,0,0,0,0,0,0,0,0,0,0,0,0,0,0,0,0,0,0,0,0,0,0,0,0,0,0,0,0,0,0,0,0,0,0,0,0,0,0,0,0,0,0,0,0,0,0,0,0,0,0,0,0,0,0,0,0,0,0,0,0,0,0,0,0,0,0,0,0,0,0,0,0,0,0,0,0,0,0,0,0,0,0,0,0,0,0,0,0,0,0,0,0,0,0,0,0,0,0,0,0,0,0,0,0,0,0,0,0,0,0,0,0,0,0,0,0,0,0,0,0,0,0,0,0,0,0,0
9.501131597,-6.462095160170624,0.04684889900078893,-5.823267675175841e-09,0.42502588033688227,0.004706320818510801,-2.1900632418695355e-09,0.4250258803367615,0.004706320818513632,-2.190063241869211e-09,0.4250258803367615,0.004706320818513632,-2.190063241869211e-09,4.99998014492141,-0.014090791023698248,1.7193854825257858e-09,-3.87,-2.93,-1.0,0.0,0.0,0.0,-3.87,-0.93,-1.0,0.0,0.0,0.0,-3.87,1.07,-1.0,0.0,0.0,0.0,-3.87,-2.93,1.0,0.0,0.0,0.0,-3.87,-0.93,1.0,0.0,0.0,0.0,-3.87,1.07,1.0,0.0,0.0,0.0,2.31,-4.59,-1.0,0.0,0.0,0.0,2.31,-2.59,-1.0,0.0,0.0,0.0,2.31,-0.59,-1.0,0.0,0.0,0.0,2.31,1.41,-1.0,0.0,0.0,0.0,2.31,-4.59,1.0,0.0,0.0,0.0,2.31,-2.59,1.0,0.0,0.0,0.0,2.31,-0.59,1.0,0.0,0.0,0.0,2.31,1.41,1.0,0.0,0.0,0.0,8.58,4.478799999999875,2.077199999999906,0.0,1.5599999999995617,0.640000000000196,0,0,0,0,0,0,0,0,0,0,0,0,0,0,0,0,0,0,0,0,0,0,0,0,0,0,0,0,0,0,0,0,0,0,0,0,0,0,0,0,0,0,0,0,0,0,0,0,0,0,0,0,0,0,0,0,0,0,0,0,0,0,0,0,0,0,0,0,0,0,0,0,0,0,0,0,0,0,0,0,0,0,0,0,0,0,0,0,0,0,0,0,0,0,0,0,0,0,0,0,0,0,0,0,0,0,0,0,0,0,0,0,0,0,0,0,0,0,0,0,0,0,0,0,0,0,0,0,0,0,0,0,0,0,0,0,0,0,0,0,0,0,0,0,0,0,0,0,0,0,0,0,0,0,0,0,0,0,0,0,0,0,0,0,0,0,0,0,0,0,0,0,0,0,0,0,0,0,0,0,0,0,0,0,0,0,0,0,0,0,0,0,0,0,0,0,0,0,0,0,0,0,0,0,0,0,0,0,0,0
9.600411788,-6.428502053304716,0.047220872627104594,-6.049549956976955e-09,0.41820982098617066,0.0046307868324241275,-3.0413502827287183e-09,0.41820982098579407,0.004630786832422018,-3.041350282728672e-09,0.41820982098579407,0.004630786832422018,-3.041350282728672e-09,4.999979737410801,-0.014234657755528572,1.7708152480102928e-09,-3.87,-2.93,-1.0,0.0,0.0,0.0,-3.87,-0.93,-1.0,0.0,0.0,0.0,-3.87,1.07,-1.0,0.0,0.0,0.0,-3.87,-2.93,1.0,0.0,0.0,0.0,-3.87,-0.93,1.0,0.0,0.0,0.0,-3.87,1.07,1.0,0.0,0.0,0.0,2.31,-4.59,-1.0,0.0,0.0,0.0,2.31,-2.59,-1.0,0.0,0.0,0.0,2.31,-0.59,-1.0,0.0,0.0,0.0,2.31,1.41,-1.0,0.0,0.0,0.0,2.31,-4.59,1.0,0.0,0.0,0.0,2.31,-2.59,1.0,0.0,0.0,0.0,2.31,-0.59,1.0,0.0,0.0,0.0,2.31,1.41,1.0,0.0,0.0,0.0,8.58,4.6347999999998315,2.1411999999999254,0.0,1.5599999999995617,0.640000000000196,0,0,0,0,0,0,0,0,0,0,0,0,0,0,0,0,0,0,0,0,0,0,0,0,0,0,0,0,0,0,0,0,0,0,0,0,0,0,0,0,0,0,0,0,0,0,0,0,0,0,0,0,0,0,0,0,0,0,0,0,0,0,0,0,0,0,0,0,0,0,0,0,0,0,0,0,0,0,0,0,0,0,0,0,0,0,0,0,0,0,0,0,0,0,0,0,0,0,0,0,0,0,0,0,0,0,0,0,0,0,0,0,0,0,0,0,0,0,0,0,0,0,0,0,0,0,0,0,0,0,0,0,0,0,0,0,0,0,0,0,0,0,0,0,0,0,0,0,0,0,0,0,0,0,0,0,0,0,0,0,0,0,0,0,0,0,0,0,0,0,0,0,0,0,0,0,0,0,0,0,0,0,0,0,0,0,0,0,0,0,0,0,0,0,0,0,0,0,0,0,0,0,0,0,0,0,0,0,0,0
9.701069886,-6.38727671860076,0.04767746591986979,-6.3376414987105265e-09,0.4097005724910119,0.004538138397035263,-2.81215761788157e-09,0.40970057249069214,0.004538138397037983,-2.812157617881894e-09,0.40970057249069214,0.004538138397037983,-2.812157617881894e-09,4.999978848498176,-0.014543540519644325,1.9318871304125603e-09,-3.87,-2.93,-1.0,0.0,0.0,0.0,-3.87,-0.93,-1.0,0.0,0.0,0.0,-3.87,1.07,-1.0,0.0,0.0,0.0,-3.87,-2.93,1.0,0.0,0.0,0.0,-3.87,-0.93,1.0,0.0,0.0,0.0,-3.87,1.07,1.0,0.0,0.0,0.0,2.31,-4.59,-1.0,0.0,0.0,0.0,2.31,-2.59,-1.0,0.0,0.0,0.0,2.31,-0.59,-1.0,0.0,0.0,0.0,2.31,1.41,-1.0,0.0,0.0,0.0,2.31,-4.59,1.0,0.0,0.0,0.0,2.31,-2.59,1.0,0.0,0.0,0.0,2.31,-0.59,1.0,0.0,0.0,0.0,2.31,1.41,1.0,0.0,0.0,0.0,8.58,4.759599999999796,2.192399999999941,0.0,1.5599999999995617,0.640000000000196,0,0,0,0,0,0,0,0,0,0,0,0,0,0,0,0,0,0,0,0,0,0,0,0,0,0,0,0,0,0,0,0,0,0,0,0,0,0,0,0,0,0,0,0,0,0,0,0,0,0,0,0,0,0,0,0,0,0,0,0,0,0,0,0,0,0,0,0,0,0,0,0,0,0,0,0,0,0,0,0,0,0,0,0,0,0,0,0,0,0,0,0,0,0,0,0,0,0,0,0,0,0,0,0,0,0,0,0,0,0,0,0,0,0,0,0,0,0,0,0,0,0,0,0,0,0,0,0,0,0,0,0,0,0,0,0,0,0,0,0,0,0,0,0,0,0,0,0,0,0,0,0,0,0,0,0,0,0,0,0,0,0,0,0,0,0,0,0,0,0,0,0,0,0,0,0,0,0,0,0,0,0,0,0,0,0,0,0,0,0,0,0,0,0,0,0,0,0,0,0,0,0,0,0,0,0,0,0,0,0
9.80063248,-6.354912284358492,0.048035835642832,-6.78729567926707e-09,0.4032691419126877,0.004464992322025796,-6.322807166725602e-09,0.4032691419124603,0.004464992322027683,-6.322807166725397e-09,0.4032691419124603,0.004464992322027683,-6.322807166725397e-09,4.999978848498176,-0.014543540519644325,1.9318871304125603e-09,-3.87,-2.93,-1.0,0.0,0.0,0.0,-3.87,-0.93,-1.0,0.0,0.0,0.0,-3.87,1.07,-1.0,0.0,0.0,0.0,-3.87,-2.93,1.0,0.0,0.0,0.0,-3.87,-0.93,1.0,0.0,0.0,0.0,-3.87,1.07,1.0,0.0,0.0,0.0,2.31,-4.59,-1.0,0.0,0.0,0.0,2.31,-2.59,-1.0,0.0,0.0,0.0,2.31,-0.59,-1.0,0.0,0.0,0.0,2.31,1.41,-1.0,0.0,0.0,0.0,2.31,-4.59,1.0,0.0,0.0,0.0,2.31,-2.59,1.0,0.0,0.0,0.0,2.31,-0.59,1.0,0.0,0.0,0.0,2.31,1.41,1.0,0.0,0.0,0.0,8.58,4.884399999999761,2.2435999999999567,0.0,1.5599999999995617,0.640000000000196,0,0,0,0,0,0,0,0,0,0,0,0,0,0,0,0,0,0,0,0,0,0,0,0,0,0,0,0,0,0,0,0,0,0,0,0,0,0,0,0,0,0,0,0,0,0,0,0,0,0,0,0,0,0,0,0,0,0,0,0,0,0,0,0,0,0,0,0,0,0,0,0,0,0,0,0,0,0,0,0,0,0,0,0,0,0,0,0,0,0,0,0,0,0,0,0,0,0,0,0,0,0,0,0,0,0,0,0,0,0,0,0,0,0,0,0,0,0,0,0,0,0,0,0,0,0,0,0,0,0,0,0,0,0,0,0,0,0,0,0,0,0,0,0,0,0,0,0,0,0,0,0,0,0,0,0,0,0,0,0,0,0,0,0,0,0,0,0,0,0,0,0,0,0,0,0,0,0,0,0,0,0,0,0,0,0,0,0,0,0,0,0,0,0,0,0,0,0,0,0,0,0,0,0,0,0,0,0,0,0
9.901018176,-6.315184223963969,0.048475818976292925,-7.314940849490057e-09,0.39506566524494247,0.004375733435153795,-4.8894435167314475e-09,0.39506566524505615,0.004375733435153961,-4.889443516731262e-09,0.39506566524505615,0.004375733435153961,-4.889443516731262e-09,4.999978388219169,-0.01470092994462666,2.092854554111202e-09,-3.87,-2.93,-1.0,0.0,0.0,0.0,-3.87,-0.93,-1.0,0.0,0.0,0.0,-3.87,1.07,-1.0,0.0,0.0,0.0,-3.87,-2.93,1.0,0.0,0.0,0.0,-3.87,-0.93,1.0,0.0,0.0,0.0,-3.87,1.07,1.0,0.0,0.0,0.0,2.31,-4.59,-1.0,0.0,0.0,0.0,2.31,-2.59,-1.0,0.0,0.0,0.0,2.31,-0.59,-1.0,0.0,0.0,0.0,2.31,1.41,-1.0,0.0,0.0,0.0,2.31,-4.59,1.0,0.0,0.0,0.0,2.31,-2.59,1.0,0.0,0.0,0.0,2.31,-0.59,1.0,0.0,0.0,0.0,2.31,1.41,1.0,0.0,0.0,0.0,8.58,5.0403999999997176,2.3075999999999763,0.0,1.5599999999995617,0.640000000000196,0,0,0,0,0,0,0,0,0,0,0,0,0,0,0,0,0,0,0,0,0,0,0,0,0,0,0,0,0,0,0,0,0,0,0,0,0,0,0,0,0,0,0,0,0,0,0,0,0,0,0,0,0,0,0,0,0,0,0,0,0,0,0,0,0,0,0,0,0,0,0,0,0,0,0,0,0,0,0,0,0,0,0,0,0,0,0,0,0,0,0,0,0,0,0,0,0,0,0,0,0,0,0,0,0,0,0,0,0,0,0,0,0,0,0,0,0,0,0,0,0,0,0,0,0,0,0,0,0,0,0,0,0,0,0,0,0,0,0,0,0,0,0,0,0,0,0,0,0,0,0,0,0,0,0,0,0,0,0,0,0,0,0,0,0,0,0,0,0,0,0,0,0,0,0,0,0,0,0,0,0,0,0,0,0,0,0,0,0,0,0,0,0,0,0,0,0,0,0,0,0,0,0,0,0,0,0,0,0,0
10.002916382,-6.2761738065025705,0.048907758973071994,-7.803885201163201e-09,0.3888638019562407,0.004305316600949904,-4.8894435167314475e-09,0.38886380195617676,0.004305316600948572,-4.889443516731262e-09,0.38886380195617676,0.004305316600948572,-4.889443516731262e-09,4.99997745232245,-0.015015867177928976,2.3895277211851706e-09,-3.87,-2.93,-1.0,0.0,0.0,0.0,-3.87,-0.93,-1.0,0.0,0.0,0.0,-3.87,1.07,-1.0,0.0,0.0,0.0,-3.87,-2.93,1.0,0.0,0.0,0.0,-3.87,-0.93,1.0,0.0,0.0,0.0,-3.87,1.07,1.0,0.0,0.0,0.0,2.31,-4.59,-1.0,0.0,0.0,0.0,2.31,-2.59,-1.0,0.0,0.0,0.0,2.31,-0.59,-1.0,0.0,0.0,0.0,2.31,1.41,-1.0,0.0,0.0,0.0,2.31,-4.59,1.0,0.0,0.0,0.0,2.31,-2.59,1.0,0.0,0.0,0.0,2.31,-0.59,1.0,0.0,0.0,0.0,2.31,1.41,1.0,0.0,0.0,0.0,8.58,5.196399999999674,2.371599999999996,0.0,1.5599999999995617,0.640000000000196,0,0,0,0,0,0,0,0,0,0,0,0,0,0,0,0,0,0,0,0,0,0,0,0,0,0,0,0,0,0,0,0,0,0,0,0,0,0,0,0,0,0,0,0,0,0,0,0,0,0,0,0,0,0,0,0,0,0,0,0,0,0,0,0,0,0,0,0,0,0,0,0,0,0,0,0,0,0,0,0,0,0,0,0,0,0,0,0,0,0,0,0,0,0,0,0,0,0,0,0,0,0,0,0,0,0,0,0,0,0,0,0,0,0,0,0,0,0,0,0,0,0,0,0,0,0,0,0,0,0,0,0,0,0,0,0,0,0,0,0,0,0,0,0,0,0,0,0,0,0,0,0,0,0,0,0,0,0,0,0,0,0,0,0,0,0,0,0,0,0,0,0,0,0,0,0,0,0,0,0,0,0,0,0,0,0,0,0,0,0,0,0,0,0,0,0,0,0,0,0,0,0,0,0,0,0,0,0,0,0
10.101527789,-6.245594773068156,0.04924641261668756,-8.023444498128771e-09,0.3809522986415459,0.00421917205676442,-2.328306436538233e-09,0.38095229864120483,0.004219172056764364,-2.3283064365386963e-09,0.38095229864120483,0.004219172056764364,-2.3283064365386963e-09,4.99997745232245,-0.015015867177928976,2.3895277211851706e-09,-3.87,-2.93,-1.0,0.0,0.0,0.0,-3.87,-0.93,-1.0,0.0,0.0,0.0,-3.87,1.07,-1.0,0.0,0.0,0.0,-3.87,-2.93,1.0,0.0,0.0,0.0,-3.87,-0.93,1.0,0.0,0.0,0.0,-3.87,1.07,1.0,0.0,0.0,0.0,2.31,-4.59,-1.0,0.0,0.0,0.0,2.31,-2.59,-1.0,0.0,0.0,0.0,2.31,-0.59,-1.0,0.0,0.0,0.0,2.31,1.41,-1.0,0.0,0.0,0.0,2.31,-4.59,1.0,0.0,0.0,0.0,2.31,-2.59,1.0,0.0,0.0,0.0,2.31,-0.59,1.0,0.0,0.0,0.0,2.31,1.41,1.0,0.0,0.0,0.0,8.58,5.321199999999639,2.4228000000000116,0.0,1.5599999999995617,0.640000000000196,0,0,0,0,0,0,0,0,0,0,0,0,0,0,0,0,0,0,0,0,0,0,0,0,0,0,0,0,0,0,0,0,0,0,0,0,0,0,0,0,0,0,0,0,0,0,0,0,0,0,0,0,0,0,0,0,0,0,0,0,0,0,0,0,0,0,0,0,0,0,0,0,0,0,0,0,0,0,0,0,0,0,0,0,0,0,0,0,0,0,0,0,0,0,0,0,0,0,0,0,0,0,0,0,0,0,0,0,0,0,0,0,0,0,0,0,0,0,0,0,0,0,0,0,0,0,0,0,0,0,0,0,0,0,0,0,0,0,0,0,0,0,0,0,0,0,0,0,0,0,0,0,0,0,0,0,0,0,0,0,0,0,0,0,0,0,0,0,0,0,0,0,0,0,0,0,0,0,0,0,0,0,0,0,0,0,0,0,0,0,0,0,0,0,0,0,0,0,0,0,0,0,0,0,0,0,0,0,0,0
10.201368696,-6.215560490801074,0.04957903664046783,-8.202956924385932e-09,0.3733333051201271,0.004134521353990617,-2.2118911147123967e-09,0.37333330512046814,0.0041345213539898396,-2.2118911147117615e-09,0.37333330512046814,0.0041345213539898396,-2.2118911147117615e-09,4.99997700206584,-0.015165052346997885,2.4732831845811943e-09,-3.87,-2.93,-1.0,0.0,0.0,0.0,-3.87,-0.93,-1.0,0.0,0.0,0.0,-3.87,1.07,-1.0,0.0,0.0,0.0,-3.87,-2.93,1.0,0.0,0.0,0.0,-3.87,-0.93,1.0,0.0,0.0,0.0,-3.87,1.07,1.0,0.0,0.0,0.0,2.31,-4.59,-1.0,0.0,0.0,0.0,2.31,-2.59,-1.0,0.0,0.0,0.0,2.31,-0.59,-1.0,0.0,0.0,0.0,2.31,1.41,-1.0,0.0,0.0,0.0,2.31,-4.59,1.0,0.0,0.0,0.0,2.31,-2.59,1.0,0.0,0.0,0.0,2.31,-0.59,1.0,0.0,0.0,0.0,2.31,1.41,1.0,0.0,0.0,0.0,8.58,5.445999999999604,2.4740000000000273,0.0,1.5599999999995617,0.640000000000196,0,0,0,0,0,0,0,0,0,0,0,0,0,0,0,0,0,0,0,0,0,0,0,0,0,0,0,0,0,0,0,0,0,0,0,0,0,0,0,0,0,0,0,0,0,0,0,0,0,0,0,0,0,0,0,0,0,0,0,0,0,0,0,0,0,0,0,0,0,0,0,0,0,0,0,0,0,0,0,0,0,0,0,0,0,0,0,0,0,0,0,0,0,0,0,0,0,0,0,0,0,0,0,0,0,0,0,0,0,0,0,0,0,0,0,0,0,0,0,0,0,0,0,0,0,0,0,0,0,0,0,0,0,0,0,0,0,0,0,0,0,0,0,0,0,0,0,0,0,0,0,0,0,0,0,0,0,0,0,0,0,0,0,0,0,0,0,0,0,0,0,0,0,0,0,0,0,0,0,0,0,0,0,0,0,0,0,0,0,0,0,0,0,0,0,0,0,0,0,0,0,0,0,0,0,0,0,0,0,0
10.302055366,-6.185960688664679,0.04990669260872422,-8.383517088539473e-09,0.3690290749069902,0.004084428772331561,-2.2700987756244877e-09,0.36902907490730286,0.004084428772330284,-2.270098775625229e-09,0.36902907490730286,0.004084428772330284,-2.270098775625229e-09,4.999976604586114,-0.015295541557009153,2.5330458464103256e-09,-3.87,-2.93,-1.0,0.0,0.0,0.0,-3.87,-0.93,-1.0,0.0,0.0,0.0,-3.87,1.07,-1.0,0.0,0.0,0.0,-3.87,-2.93,1.0,0.0,0.0,0.0,-3.87,-0.93,1.0,0.0,0.0,0.0,-3.87,1.07,1.0,0.0,0.0,0.0,2.31,-4.59,-1.0,0.0,0.0,0.0,2.31,-2.59,-1.0,0.0,0.0,0.0,2.31,-0.59,-1.0,0.0,0.0,0.0,2.31,1.41,-1.0,0.0,0.0,0.0,2.31,-4.59,1.0,0.0,0.0,0.0,2.31,-2.59,1.0,0.0,0.0,0.0,2.31,-0.59,1.0,0.0,0.0,0.0,2.31,1.41,1.0,0.0,0.0,0.0,8.58,5.5707999999995685,2.525200000000043,0.0,1.5599999999995617,0.640000000000196,0,0,0,0,0,0,0,0,0,0,0,0,0,0,0,0,0,0,0,0,0,0,0,0,0,0,0,0,0,0,0,0,0,0,0,0,0,0,0,0,0,0,0,0,0,0,0,0,0,0,0,0,0,0,0,0,0,0,0,0,0,0,0,0,0,0,0,0,0,0,0,0,0,0,0,0,0,0,0,0,0,0,0,0,0,0,0,0,0,0,0,0,0,0,0,0,0,0,0,0,0,0,0,0,0,0,0,0,0,0,0,0,0,0,0,0,0,0,0,0,0,0,0,0,0,0,0,0,0,0,0,0,0,0,0,0,0,0,0,0,0,0,0,0,0,0,0,0,0,0,0,0,0,0,0,0,0,0,0,0,0,0,0,0,0,0,0,0,0,0,0,0,0,0,0,0,0,0,0,0,0,0,0,0,0,0,0,0,0,0,0,0,0,0,0,0,0,0,0,0,0,0,0,0,0,0,0,0,0,0
10.401596365,-6.164106881811392,0.0501486214022143,-8.388406532056168e-09,0.3630303740500551,0.004019076004627142,4.656612873083084e-10,0.3630303740501404,0.004019076004624367,4.656612873077393e-10,0.3630303740501404,0.004019076004624367,4.656612873077393e-10,4.99997623282694,-0.015416587356311387,2.5897373036097494e-09,-3.87,-2.93,-1.0,0.0,0.0,0.0,-3.87,-0.93,-1.0,0.0,0.0,0.0,-3.87,1.07,-1.0,0.0,0.0,0.0,-3.87,-2.93,1.0,0.0,0.0,0.0,-3.87,-0.93,1.0,0.0,0.0,0.0,-3.87,1.07,1.0,0.0,0.0,0.0,2.31,-4.59,-1.0,0.0,0.0,0.0,2.31,-2.59,-1.0,0.0,0.0,0.0,2.31,-0.59,-1.0,0.0,0.0,0.0,2.31,1.41,-1.0,0.0,0.0,0.0,2.31,-4.59,1.0,0.0,0.0,0.0,2.31,-2.59,1.0,0.0,0.0,0.0,2.31,-0.59,1.0,0.0,0.0,0.0,2.31,1.41,1.0,0.0,0.0,0.0,8.58,5.664399999999542,2.5636000000000547,0.0,1.5599999999995617,0.640000000000196,0,0,0,0,0,0,0,0,0,0,0,0,0,0,0,0,0,0,0,0,0,0,0,0,0,0,0,0,0,0,0,0,0,0,0,0,0,0,0,0,0,0,0,0,0,0,0,0,0,0,0,0,0,0,0,0,0,0,0,0,0,0,0,0,0,0,0,0,0,0,0,0,0,0,0,0,0,0,0,0,0,0,0,0,0,0,0,0,0,0,0,0,0,0,0,0,0,0,0,0,0,0,0,0,0,0,0,0,0,0,0,0,0,0,0,0,0,0,0,0,0,0,0,0,0,0,0,0,0,0,0,0,0,0,0,0,0,0,0,0,0,0,0,0,0,0,0,0,0,0,0,0,0,0,0,0,0,0,0,0,0,0,0,0,0,0,0,0,0,0,0,0,0,0,0,0,0,0,0,0,0,0,0,0,0,0,0,0,0,0,0,0,0,0,0,0,0,0,0,0,0,0,0,0,0,0,0,0,0,0
10.500915841,-6.128216576053866,0.050545951740815345,-8.297929999123839e-09,0.35721725225457135,0.003954607527702214,1.0841176845125099e-09,0.3572172522544861,0.003954607527703047,1.0841176845133305e-09,0.3572172522544861,0.003954607527703047,1.0841176845133305e-09,4.999975455031719,-0.015666814620803625,2.5730339735255466e-09,-3.87,-2.93,-1.0,0.0,0.0,0.0,-3.87,-0.93,-1.0,0.0,0.0,0.0,-3.87,1.07,-1.0,0.0,0.0,0.0,-3.87,-2.93,1.0,0.0,0.0,0.0,-3.87,-0.93,1.0,0.0,0.0,0.0,-3.87,1.07,1.0,0.0,0.0,0.0,2.31,-4.59,-1.0,0.0,0.0,0.0,2.31,-2.59,-1.0,0.0,0.0,0.0,2.31,-0.59,-1.0,0.0,0.0,0.0,2.31,1.41,-1.0,0.0,0.0,0.0,2.31,-4.59,1.0,0.0,0.0,0.0,2.31,-2.59,1.0,0.0,0.0,0.0,2.31,-0.59,1.0,0.0,0.0,0.0,2.31,1.41,1.0,0.0,0.0,0.0,8.58,5.820399999999498,2.6276000000000743,0.0,1.5599999999995617,0.640000000000196,0,0,0,0,0,0,0,0,0,0,0,0,0,0,0,0,0,0,0,0,0,0,0,0,0,0,0,0,0,0,0,0,0,0,0,0,0,0,0,0,0,0,0,0,0,0,0,0,0,0,0,0,0,0,0,0,0,0,0,0,0,0,0,0,0,0,0,0,0,0,0,0,0,0,0,0,0,0,0,0,0,0,0,0,0,0,0,0,0,0,0,0,0,0,0,0,0,0,0,0,0,0,0,0,0,0,0,0,0,0,0,0,0,0,0,0,0,0,0,0,0,0,0,0,0,0,0,0,0,0,0,0,0,0,0,0,0,0,0,0,0,0,0,0,0,0,0,0,0,0,0,0,0,0,0,0,0,0,0,0,0,0,0,0,0,0,0,0,0,0,0,0,0,0,0,0,0,0,0,0,0,0,0,0,0,0,0,0,0,0,0,0,0,0,0,0,0,0,0,0,0,0,0,0,0,0,0,0,0,0
10.600949122,-6.099999622806088,0.05085832782881254,-8.304252806290618e-09,0.35149618983254527,0.0038912342861310845,-3.9290171116654027e-10,0.3514961898326874,0.0038912342861294746,-3.92901711165905e-10,0.3514961898326874,0.0038912342861294746,-3.92901711165905e-10,4.999975455031719,-0.015666814620803625,2.5730339735255466e-09,-3.87,-2.93,-1.0,0.0,0.0,0.0,-3.87,-0.93,-1.0,0.0,0.0,0.0,-3.87,1.07,-1.0,0.0,0.0,0.0,-3.87,-2.93,1.0,0.0,0.0,0.0,-3.87,-0.93,1.0,0.0,0.0,0.0,-3.87,1.07,1.0,0.0,0.0,0.0,2.31,-4.59,-1.0,0.0,0.0,0.0,2.31,-2.59,-1.0,0.0,0.0,0.0,2.31,-0.59,-1.0,0.0,0.0,0.0,2.31,1.41,-1.0,0.0,0.0,0.0,2.31,-4.59,1.0,0.0,0.0,0.0,2.31,-2.59,1.0,0.0,0.0,0.0,2.31,-0.59,1.0,0.0,0.0,0.0,2.31,1.41,1.0,0.0,0.0,0.0,8.58,5.945199999999463,2.67880000000009,0.0,1.5599999999995617,0.640000000000196,0,0,0,0,0,0,0,0,0,0,0,0,0,0,0,0,0,0,0,0,0,0,0,0,0,0,0,0,0,0,0,0,0,0,0,0,0,0,0,0,0,0,0,0,0,0,0,0,0,0,0,0,0,0,0,0,0,0,0,0,0,0,0,0,0,0,0,0,0,0,0,0,0,0,0,0,0,0,0,0,0,0,0,0,0,0,0,0,0,0,0,0,0,0,0,0,0,0,0,0,0,0,0,0,0,0,0,0,0,0,0,0,0,0,0,0,0,0,0,0,0,0,0,0,0,0,0,0,0,0,0,0,0,0,0,0,0,0,0,0,0,0,0,0,0,0,0,0,0,0,0,0,0,0,0,0,0,0,0,0,0,0,0,0,0,0,0,0,0,0,0,0,0,0,0,0,0,0,0,0,0,0,0,0,0,0,0,0,0,0,0,0,0,0,0,0,0,0,0,0,0,0,0,0,0,0,0,0,0,0
10.702640121,-6.072212643667253,0.051165938995544856,-8.396213634576269e-09,0.3458569347856155,0.00382873299531461,-1.4188117347653048e-09,0.3458569347858429,0.0038287329953163862,-1.418811734765768e-09,0.3458569347858429,0.0038287329953163862,-1.418811734765768e-09,4.999975033893414,-0.01580064690281968,2.5796610334601594e-09,-3.87,-2.93,-1.0,0.0,0.0,0.0,-3.87,-0.93,-1.0,0.0,0.0,0.0,-3.87,1.07,-1.0,0.0,0.0,0.0,-3.87,-2.93,1.0,0.0,0.0,0.0,-3.87,-0.93,1.0,0.0,0.0,0.0,-3.87,1.07,1.0,0.0,0.0,0.0,2.31,-4.59,-1.0,0.0,0.0,0.0,2.31,-2.59,-1.0,0.0,0.0,0.0,2.31,-0.59,-1.0,0.0,0.0,0.0,2.31,1.41,-1.0,0.0,0.0,0.0,2.31,-4.59,1.0,0.0,0.0,0.0,2.31,-2.59,1.0,0.0,0.0,0.0,2.31,-0.59,1.0,0.0,0.0,0.0,2.31,1.41,1.0,0.0,0.0,0.0,8.58,6.1011999999994195,2.7428000000001096,0.0,1.5599999999995617,0.640000000000196,0,0,0,0,0,0,0,0,0,0,0,0,0,0,0,0,0,0,0,0,0,0,0,0,0,0,0,0,0,0,0,0,0,0,0,0,0,0,0,0,0,0,0,0,0,0,0,0,0,0,0,0,0,0,0,0,0,0,0,0,0,0,0,0,0,0,0,0,0,0,0,0,0,0,0,0,0,0,0,0,0,0,0,0,0,0,0,0,0,0,0,0,0,0,0,0,0,0,0,0,0,0,0,0,0,0,0,0,0,0,0,0,0,0,0,0,0,0,0,0,0,0,0,0,0,0,0,0,0,0,0,0,0,0,0,0,0,0,0,0,0,0,0,0,0,0,0,0,0,0,0,0,0,0,0,0,0,0,0,0,0,0,0,0,0,0,0,0,0,0,0,0,0,0,0,0,0,0,0,0,0,0,0,0,0,0,0,0,0,0,0,0,0,0,0,0,0,0,0,0,0,0,0,0,0,0,0,0,0,0
10.801196586,-6.038132372780854,0.05154329333151616,-8.519759394865133e-09,0.3388371765611353,0.0037520807236457454,-1.1641532182699437e-09,0.3388371765613556,0.003752080723643303,-1.1641532182693481e-09,0.3388371765613556,0.003752080723643303,-1.1641532182693481e-09,4.999974604826428,-0.015935842958453454,2.617987301619819e-09,-3.87,-2.93,-1.0,0.0,0.0,0.0,-3.87,-0.93,-1.0,0.0,0.0,0.0,-3.87,1.07,-1.0,0.0,0.0,0.0,-3.87,-2.93,1.0,0.0,0.0,0.0,-3.87,-0.93,1.0,0.0,0.0,0.0,-3.87,1.07,1.0,0.0,0.0,0.0,2.31,-4.59,-1.0,0.0,0.0,0.0,2.31,-2.59,-1.0,0.0,0.0,0.0,2.31,-0.59,-1.0,0.0,0.0,0.0,2.31,1.41,-1.0,0.0,0.0,0.0,2.31,-4.59,1.0,0.0,0.0,0.0,2.31,-2.59,1.0,0.0,0.0,0.0,2.31,-0.59,1.0,0.0,0.0,0.0,2.31,1.41,1.0,0.0,0.0,0.0,8.58,6.2259999999993845,2.7940000000001253,0.0,1.5599999999995617,0.640000000000196,0,0,0,0,0,0,0,0,0,0,0,0,0,0,0,0,0,0,0,0,0,0,0,0,0,0,0,0,0,0,0,0,0,0,0,0,0,0,0,0,0,0,0,0,0,0,0,0,0,0,0,0,0,0,0,0,0,0,0,0,0,0,0,0,0,0,0,0,0,0,0,0,0,0,0,0,0,0,0,0,0,0,0,0,0,0,0,0,0,0,0,0,0,0,0,0,0,0,0,0,0,0,0,0,0,0,0,0,0,0,0,0,0,0,0,0,0,0,0,0,0,0,0,0,0,0,0,0,0,0,0,0,0,0,0,0,0,0,0,0,0,0,0,0,0,0,0,0,0,0,0,0,0,0,0,0,0,0,0,0,0,0,0,0,0,0,0,0,0,0,0,0,0,0,0,0,0,0,0,0,0,0,0,0,0,0,0,0,0,0,0,0,0,0,0,0,0,0,0,0,0,0,0,0,0,0,0,0,0,0
10.903861743,-6.018074418856925,0.0517653386539307,-8.695179094964317e-09,0.3334984183309686,0.003691697958857487,-3.234163159504983e-09,0.33349841833114624,0.003691697958856821,-3.234163159504533e-09,0.33349841833114624,0.003691697958856821,-3.234163159504533e-09,4.999974199396856,-0.01606254543223087,2.6543166585438747e-09,-3.87,-2.93,-1.0,0.0,0.0,0.0,-3.87,-0.93,-1.0,0.0,0.0,0.0,-3.87,1.07,-1.0,0.0,0.0,0.0,-3.87,-2.93,1.0,0.0,0.0,0.0,-3.87,-0.93,1.0,0.0,0.0,0.0,-3.87,1.07,1.0,0.0,0.0,0.0,2.31,-4.59,-1.0,0.0,0.0,0.0,2.31,-2.59,-1.0,0.0,0.0,0.0,2.31,-0.59,-1.0,0.0,0.0,0.0,2.31,1.41,-1.0,0.0,0.0,0.0,2.31,-4.59,1.0,0.0,0.0,0.0,2.31,-2.59,1.0,0.0,0.0,0.0,2.31,-0.59,1.0,0.0,0.0,0.0,2.31,1.41,1.0,0.0,0.0,0.0,8.58,6.319599999999358,2.832400000000137,0.0,1.5599999999995617,0.640000000000196,0,0,0,0,0,0,0,0,0,0,0,0,0,0,0,0,0,0,0,0,0,0,0,0,0,0,0,0,0,0,0,0,0,0,0,0,0,0,0,0,0,0,0,0,0,0,0,0,0,0,0,0,0,0,0,0,0,0,0,0,0,0,0,0,0,0,0,0,0,0,0,0,0,0,0,0,0,0,0,0,0,0,0,0,0,0,0,0,0,0,0,0,0,0,0,0,0,0,0,0,0,0,0,0,0,0,0,0,0,0,0,0,0,0,0,0,0,0,0,0,0,0,0,0,0,0,0,0,0,0,0,0,0,0,0,0,0,0,0,0,0,0,0,0,0,0,0,0,0,0,0,0,0,0,0,0,0,0,0,0,0,0,0,0,0,0,0,0,0,0,0,0,0,0,0,0,0,0,0,0,0,0,0,0,0,0,0,0,0,0,0,0,0,0,0,0,0,0,0,0,0,0,0,0,0,0,0,0,0,0
11.000696916,-5.985109482600551,0.05213024568208415,-9.238358434693596e-09,0.3281525075431446,0.0036324928514644417,-6.286427378654718e-09,0.32815250754356384,0.0036324928514659405,-6.28642737865448e-09,0.32815250754356384,0.0036324928514659405,-6.28642737865448e-09,4.99997382334762,-0.016179179168675707,2.729092088568426e-09,-3.87,-2.93,-1.0,0.0,0.0,0.0,-3.87,-0.93,-1.0,0.0,0.0,0.0,-3.87,1.07,-1.0,0.0,0.0,0.0,-3.87,-2.93,1.0,0.0,0.0,0.0,-3.87,-0.93,1.0,0.0,0.0,0.0,-3.87,1.07,1.0,0.0,0.0,0.0,2.31,-4.59,-1.0,0.0,0.0,0.0,2.31,-2.59,-1.0,0.0,0.0,0.0,2.31,-0.59,-1.0,0.0,0.0,0.0,2.31,1.41,-1.0,0.0,0.0,0.0,2.31,-4.59,1.0,0.0,0.0,0.0,2.31,-2.59,1.0,0.0,0.0,0.0,2.31,-0.59,1.0,0.0,0.0,0.0,2.31,1.41,1.0,0.0,0.0,0.0,8.58,6.475599999999314,2.8964000000001566,0.0,1.5599999999995617,0.640000000000196,0,0,0,0,0,0,0,0,0,0,0,0,0,0,0,0,0,0,0,0,0,0,0,0,0,0,0,0,0,0,0,0,0,0,0,0,0,0,0,0,0,0,0,0,0,0,0,0,0,0,0,0,0,0,0,0,0,0,0,0,0,0,0,0,0,0,0,0,0,0,0,0,0,0,0,0,0,0,0,0,0,0,0,0,0,0,0,0,0,0,0,0,0,0,0,0,0,0,0,0,0,0,0,0,0,0,0,0,0,0,0,0,0,0,0,0,0,0,0,0,0,0,0,0,0,0,0,0,0,0,0,0,0,0,0,0,0,0,0,0,0,0,0,0,0,0,0,0,0,0,0,0,0,0,0,0,0,0,0,0,0,0,0,0,0,0,0,0,0,0,0,0,0,0,0,0,0,0,0,0,0,0,0,0,0,0,0,0,0,0,0,0,0,0,0,0,0,0,0,0,0,0,0,0,0,0,0,0,0,0
11.104293981,-5.952719856574403,0.052488780882208694,-1.0030251833548527e-08,0.3228978812694905,0.0035742942709471315,-8.301867637783845e-09,0.32289788126945496,0.0035742942709475756,-8.301867637783289e-09,0.32289788126945496,0.0035742942709475756,-8.301867637783289e-09,4.99997340246227,-0.0163087298667381,2.8937753500583515e-09,-3.87,-2.93,-1.0,0.0,0.0,0.0,-3.87,-0.93,-1.0,0.0,0.0,0.0,-3.87,1.07,-1.0,0.0,0.0,0.0,-3.87,-2.93,1.0,0.0,0.0,0.0,-3.87,-0.93,1.0,0.0,0.0,0.0,-3.87,1.07,1.0,0.0,0.0,0.0,2.31,-4.59,-1.0,0.0,0.0,0.0,2.31,-2.59,-1.0,0.0,0.0,0.0,2.31,-0.59,-1.0,0.0,0.0,0.0,2.31,1.41,-1.0,0.0,0.0,0.0,2.31,-4.59,1.0,0.0,0.0,0.0,2.31,-2.59,1.0,0.0,0.0,0.0,2.31,-0.59,1.0,0.0,0.0,0.0,2.31,1.41,1.0,0.0,0.0,0.0,8.58,6.600399999999279,2.9476000000001723,0.0,1.5599999999995617,0.640000000000196,0,0,0,0,0,0,0,0,0,0,0,0,0,0,0,0,0,0,0,0,0,0,0,0,0,0,0,0,0,0,0,0,0,0,0,0,0,0,0,0,0,0,0,0,0,0,0,0,0,0,0,0,0,0,0,0,0,0,0,0,0,0,0,0,0,0,0,0,0,0,0,0,0,0,0,0,0,0,0,0,0,0,0,0,0,0,0,0,0,0,0,0,0,0,0,0,0,0,0,0,0,0,0,0,0,0,0,0,0,0,0,0,0,0,0,0,0,0,0,0,0,0,0,0,0,0,0,0,0,0,0,0,0,0,0,0,0,0,0,0,0,0,0,0,0,0,0,0,0,0,0,0,0,0,0,0,0,0,0,0,0,0,0,0,0,0,0,0,0,0,0,0,0,0,0,0,0,0,0,0,0,0,0,0,0,0,0,0,0,0,0,0,0,0,0,0,0,0,0,0,0,0,0,0,0,0,0,0,0,0
11.202516604,-5.927359403922429,0.05276957029104144,-1.0833488450323952e-08,0.316350966691914,0.003502709092571832,-1.0233634384349359e-08,0.3163509666919708,0.0035027090925723314,-1.0233634384348989e-08,0.3163509666919708,0.0035027090925723314,-1.0233634384348989e-08,4.9999729832868605,-0.01643673938131265,3.117075490616042e-09,-3.87,-2.93,-1.0,0.0,0.0,0.0,-3.87,-0.93,-1.0,0.0,0.0,0.0,-3.87,1.07,-1.0,0.0,0.0,0.0,-3.87,-2.93,1.0,0.0,0.0,0.0,-3.87,-0.93,1.0,0.0,0.0,0.0,-3.87,1.07,1.0,0.0,0.0,0.0,2.31,-4.59,-1.0,0.0,0.0,0.0,2.31,-2.59,-1.0,0.0,0.0,0.0,2.31,-0.59,-1.0,0.0,0.0,0.0,2.31,1.41,-1.0,0.0,0.0,0.0,2.31,-4.59,1.0,0.0,0.0,0.0,2.31,-2.59,1.0,0.0,0.0,0.0,2.31,-0.59,1.0,0.0,0.0,0.0,2.31,1.41,1.0,0.0,0.0,0.0,8.58,6.7563999999992355,3.011600000000192,0.0,1.5599999999995617,0.640000000000196,0,0,0,0,0,0,0,0,0,0,0,0,0,0,0,0,0,0,0,0,0,0,0,0,0,0,0,0,0,0,0,0,0,0,0,0,0,0,0,0,0,0,0,0,0,0,0,0,0,0,0,0,0,0,0,0,0,0,0,0,0,0,0,0,0,0,0,0,0,0,0,0,0,0,0,0,0,0,0,0,0,0,0,0,0,0,0,0,0,0,0,0,0,0,0,0,0,0,0,0,0,0,0,0,0,0,0,0,0,0,0,0,0,0,0,0,0,0,0,0,0,0,0,0,0,0,0,0,0,0,0,0,0,0,0,0,0,0,0,0,0,0,0,0,0,0,0,0,0,0,0,0,0,0,0,0,0,0,0,0,0,0,0,0,0,0,0,0,0,0,0,0,0,0,0,0,0,0,0,0,0,0,0,0,0,0,0,0,0,0,0,0,0,0,0,0,0,0,0,0,0,0,0,0,0,0,0,0,0,0
11.300854868,-5.902400689973723,0.05304584435047474,-1.162442142277381e-08,0.31136006116838644,0.003446385264394003,-9.83709469437664e-09,0.31136006116867065,0.0034463852643966675,-9.837094694375992e-09,0.31136006116867065,0.0034463852643966675,-9.837094694375992e-09,4.999972595831574,-0.016554181745726534,3.3746498891576024e-09,-3.87,-2.93,-1.0,0.0,0.0,0.0,-3.87,-0.93,-1.0,0.0,0.0,0.0,-3.87,1.07,-1.0,0.0,0.0,0.0,-3.87,-2.93,1.0,0.0,0.0,0.0,-3.87,-0.93,1.0,0.0,0.0,0.0,-3.87,1.07,1.0,0.0,0.0,0.0,2.31,-4.59,-1.0,0.0,0.0,0.0,2.31,-2.59,-1.0,0.0,0.0,0.0,2.31,-0.59,-1.0,0.0,0.0,0.0,2.31,1.41,-1.0,0.0,0.0,0.0,2.31,-4.59,1.0,0.0,0.0,0.0,2.31,-2.59,1.0,0.0,0.0,0.0,2.31,-0.59,1.0,0.0,0.0,0.0,2.31,1.41,1.0,0.0,0.0,0.0,8.58,6.8811999999992,3.0628000000002076,0.0,1.5599999999995617,0.640000000000196,0,0,0,0,0,0,0,0,0,0,0,0,0,0,0,0,0,0,0,0,0,0,0,0,0,0,0,0,0,0,0,0,0,0,0,0,0,0,0,0,0,0,0,0,0,0,0,0,0,0,0,0,0,0,0,0,0,0,0,0,0,0,0,0,0,0,0,0,0,0,0,0,0,0,0,0,0,0,0,0,0,0,0,0,0,0,0,0,0,0,0,0,0,0,0,0,0,0,0,0,0,0,0,0,0,0,0,0,0,0,0,0,0,0,0,0,0,0,0,0,0,0,0,0,0,0,0,0,0,0,0,0,0,0,0,0,0,0,0,0,0,0,0,0,0,0,0,0,0,0,0,0,0,0,0,0,0,0,0,0,0,0,0,0,0,0,0,0,0,0,0,0,0,0,0,0,0,0,0,0,0,0,0,0,0,0,0,0,0,0,0,0,0,0,0,0,0,0,0,0,0,0,0,0,0,0,0,0,0,0
11.403220505,-5.883958694114588,0.053249974705743525,-1.0982507338220123e-08,0.30636823177321304,0.0033911194186678206,1.5832483768462632e-08,0.30636823177337646,0.0033911194186657667,1.5832483768463135e-08,0.30636823177337646,0.0033911194186657667,1.5832483768463135e-08,4.999972206291293,-0.01667142209233208,3.6390853071096888e-09,-3.87,-2.93,-1.0,0.0,0.0,0.0,-3.87,-0.93,-1.0,0.0,0.0,0.0,-3.87,1.07,-1.0,0.0,0.0,0.0,-3.87,-2.93,1.0,0.0,0.0,0.0,-3.87,-0.93,1.0,0.0,0.0,0.0,-3.87,1.07,1.0,0.0,0.0,0.0,2.31,-4.59,-1.0,0.0,0.0,0.0,2.31,-2.59,-1.0,0.0,0.0,0.0,2.31,-0.59,-1.0,0.0,0.0,0.0,2.31,1.41,-1.0,0.0,0.0,0.0,2.31,-4.59,1.0,0.0,0.0,0.0,2.31,-2.59,1.0,0.0,0.0,0.0,2.31,-0.59,1.0,0.0,0.0,0.0,2.31,1.41,1.0,0.0,0.0,0.0,8.58,7.005999999999165,3.1140000000002233,0.0,1.5599999999995617,0.640000000000196,0,0,0,0,0,0,0,0,0,0,0,0,0,0,0,0,0,0,0,0,0,0,0,0,0,0,0,0,0,0,0,0,0,0,0,0,0,0,0,0,0,0,0,0,0,0,0,0,0,0,0,0,0,0,0,0,0,0,0,0,0,0,0,0,0,0,0,0,0,0,0,0,0,0,0,0,0,0,0,0,0,0,0,0,0,0,0,0,0,0,0,0,0,0,0,0,0,0,0,0,0,0,0,0,0,0,0,0,0,0,0,0,0,0,0,0,0,0,0,0,0,0,0,0,0,0,0,0,0,0,0,0,0,0,0,0,0,0,0,0,0,0,0,0,0,0,0,0,0,0,0,0,0,0,0,0,0,0,0,0,0,0,0,0,0,0,0,0,0,0,0,0,0,0,0,0,0,0,0,0,0,0,0,0,0,0,0,0,0,0,0,0,0,0,0,0,0,0,0,0,0,0,0,0,0,0,0,0,0,0
11.500689943,-5.853675401105798,0.0535851709074332,-1.0731981565648541e-08,0.30145809054360484,0.0033367341384302196,-2.6775524020190507e-09,0.30145809054374695,0.003336734138429165,-2.6775524020195007e-09,0.30145809054374695,0.003336734138429165,-2.6775524020195007e-09,4.99997185649576,-0.01677600221564831,3.4079066596718137e-09,-3.87,-2.93,-1.0,0.0,0.0,0.0,-3.87,-0.93,-1.0,0.0,0.0,0.0,-3.87,1.07,-1.0,0.0,0.0,0.0,-3.87,-2.93,1.0,0.0,0.0,0.0,-3.87,-0.93,1.0,0.0,0.0,0.0,-3.87,1.07,1.0,0.0,0.0,0.0,2.31,-4.59,-1.0,0.0,0.0,0.0,2.31,-2.59,-1.0,0.0,0.0,0.0,2.31,-0.59,-1.0,0.0,0.0,0.0,2.31,1.41,-1.0,0.0,0.0,0.0,2.31,-4.59,1.0,0.0,0.0,0.0,2.31,-2.59,1.0,0.0,0.0,0.0,2.31,-0.59,1.0,0.0,0.0,0.0,2.31,1.41,1.0,0.0,0.0,0.0,8.58,7.13079999999913,3.165200000000239,0.0,1.5599999999995617,0.640000000000196,0,0,0,0,0,0,0,0,0,0,0,0,0,0,0,0,0,0,0,0,0,0,0,0,0,0,0,0,0,0,0,0,0,0,0,0,0,0,0,0,0,0,0,0,0,0,0,0,0,0,0,0,0,0,0,0,0,0,0,0,0,0,0,0,0,0,0,0,0,0,0,0,0,0,0,0,0,0,0,0,0,0,0,0,0,0,0,0,0,0,0,0,0,0,0,0,0,0,0,0,0,0,0,0,0,0,0,0,0,0,0,0,0,0,0,0,0,0,0,0,0,0,0,0,0,0,0,0,0,0,0,0,0,0,0,0,0,0,0,0,0,0,0,0,0,0,0,0,0,0,0,0,0,0,0,0,0,0,0,0,0,0,0,0,0,0,0,0,0,0,0,0,0,0,0,0,0,0,0,0,0,0,0,0,0,0,0,0,0,0,0,0,0,0,0,0,0,0,0,0,0,0,0,0,0,0,0,0,0,0
11.601511056,-5.823906146302168,0.05391467193420883,-1.1024282248861991e-08,0.2966304719445034,0.00328324199654062,-2.992237568833728e-09,0.29663047194480896,0.0032832419965416193,-2.992237568832934e-09,0.29663047194480896,0.0032832419965416193,-2.992237568832934e-09,4.999971416291238,-0.016906693070629124,3.389223424881554e-09,-3.87,-2.93,-1.0,0.0,0.0,0.0,-3.87,-0.93,-1.0,0.0,0.0,0.0,-3.87,1.07,-1.0,0.0,0.0,0.0,-3.87,-2.93,1.0,0.0,0.0,0.0,-3.87,-0.93,1.0,0.0,0.0,0.0,-3.87,1.07,1.0,0.0,0.0,0.0,2.31,-4.59,-1.0,0.0,0.0,0.0,2.31,-2.59,-1.0,0.0,0.0,0.0,2.31,-0.59,-1.0,0.0,0.0,0.0,2.31,1.41,-1.0,0.0,0.0,0.0,2.31,-4.59,1.0,0.0,0.0,0.0,2.31,-2.59,1.0,0.0,0.0,0.0,2.31,-0.59,1.0,0.0,0.0,0.0,2.31,1.41,1.0,0.0,0.0,0.0,8.58,7.2867999999990865,3.2292000000002585,0.0,1.5599999999995617,0.640000000000196,0,0,0,0,0,0,0,0,0,0,0,0,0,0,0,0,0,0,0,0,0,0,0,0,0,0,0,0,0,0,0,0,0,0,0,0,0,0,0,0,0,0,0,0,0,0,0,0,0,0,0,0,0,0,0,0,0,0,0,0,0,0,0,0,0,0,0,0,0,0,0,0,0,0,0,0,0,0,0,0,0,0,0,0,0,0,0,0,0,0,0,0,0,0,0,0,0,0,0,0,0,0,0,0,0,0,0,0,0,0,0,0,0,0,0,0,0,0,0,0,0,0,0,0,0,0,0,0,0,0,0,0,0,0,0,0,0,0,0,0,0,0,0,0,0,0,0,0,0,0,0,0,0,0,0,0,0,0,0,0,0,0,0,0,0,0,0,0,0,0,0,0,0,0,0,0,0,0,0,0,0,0,0,0,0,0,0,0,0,0,0,0,0,0,0,0,0,0,0,0,0,0,0,0,0,0,0,0,0,0
11.704497165,-5.79476613210078,0.05423727627075174,-1.131638466223047e-08,0.2906185984610232,0.0032174964435388587,-2.910383045674032e-09,0.2906185984611511,0.003217496443539858,-2.9103830456733704e-09,0.2906185984611511,0.003217496443539858,-2.9103830456733704e-09,4.99997100141231,-0.01702894700167801,3.478352728737064e-09,-3.87,-2.93,-1.0,0.0,0.0,0.0,-3.87,-0.93,-1.0,0.0,0.0,0.0,-3.87,1.07,-1.0,0.0,0.0,0.0,-3.87,-2.93,1.0,0.0,0.0,0.0,-3.87,-0.93,1.0,0.0,0.0,0.0,-3.87,1.07,1.0,0.0,0.0,0.0,2.31,-4.59,-1.0,0.0,0.0,0.0,2.31,-2.59,-1.0,0.0,0.0,0.0,2.31,-0.59,-1.0,0.0,0.0,0.0,2.31,1.41,-1.0,0.0,0.0,0.0,2.31,-4.59,1.0,0.0,0.0,0.0,2.31,-2.59,1.0,0.0,0.0,0.0,2.31,-0.59,1.0,0.0,0.0,0.0,2.31,1.41,1.0,0.0,0.0,0.0,8.58,7.442799999999043,3.293200000000278,0.0,1.5599999999995617,0.640000000000196,0,0,0,0,0,0,0,0,0,0,0,0,0,0,0,0,0,0,0,0,0,0,0,0,0,0,0,0,0,0,0,0,0,0,0,0,0,0,0,0,0,0,0,0,0,0,0,0,0,0,0,0,0,0,0,0,0,0,0,0,0,0,0,0,0,0,0,0,0,0,0,0,0,0,0,0,0,0,0,0,0,0,0,0,0,0,0,0,0,0,0,0,0,0,0,0,0,0,0,0,0,0,0,0,0,0,0,0,0,0,0,0,0,0,0,0,0,0,0,0,0,0,0,0,0,0,0,0,0,0,0,0,0,0,0,0,0,0,0,0,0,0,0,0,0,0,0,0,0,0,0,0,0,0,0,0,0,0,0,0,0,0,0,0,0,0,0,0,0,0,0,0,0,0,0,0,0,0,0,0,0,0,0,0,0,0,0,0,0,0,0,0,0,0,0,0,0,0,0,0,0,0,0,0,0,0,0,0,0,0
11.800934176,-5.771935504420985,0.05449002778506738,-1.1540833402712814e-08,0.28480109572370793,0.003152938093990698,-2.7939677238465414e-09,0.28480109572410583,0.0031529380939900875,-2.7939677238464355e-09,0.28480109572410583,0.0031529380939900875,-2.7939677238464355e-09,4.999970567287228,-0.017155939537885745,3.5724295837536253e-09,-3.87,-2.93,-1.0,0.0,0.0,0.0,-3.87,-0.93,-1.0,0.0,0.0,0.0,-3.87,1.07,-1.0,0.0,0.0,0.0,-3.87,-2.93,1.0,0.0,0.0,0.0,-3.87,-0.93,1.0,0.0,0.0,0.0,-3.87,1.07,1.0,0.0,0.0,0.0,2.31,-4.59,-1.0,0.0,0.0,0.0,2.31,-2.59,-1.0,0.0,0.0,0.0,2.31,-0.59,-1.0,0.0,0.0,0.0,2.31,1.41,-1.0,0.0,0.0,0.0,2.31,-4.59,1.0,0.0,0.0,0.0,2.31,-2.59,1.0,0.0,0.0,0.0,2.31,-0.59,1.0,0.0,0.0,0.0,2.31,1.41,1.0,0.0,0.0,0.0,8.58,7.567599999999008,3.344400000000294,0.0,1.5599999999995617,0.640000000000196,0,0,0,0,0,0,0,0,0,0,0,0,0,0,0,0,0,0,0,0,0,0,0,0,0,0,0,0,0,0,0,0,0,0,0,0,0,0,0,0,0,0,0,0,0,0,0,0,0,0,0,0,0,0,0,0,0,0,0,0,0,0,0,0,0,0,0,0,0,0,0,0,0,0,0,0,0,0,0,0,0,0,0,0,0,0,0,0,0,0,0,0,0,0,0,0,0,0,0,0,0,0,0,0,0,0,0,0,0,0,0,0,0,0,0,0,0,0,0,0,0,0,0,0,0,0,0,0,0,0,0,0,0,0,0,0,0,0,0,0,0,0,0,0,0,0,0,0,0,0,0,0,0,0,0,0,0,0,0,0,0,0,0,0,0,0,0,0,0,0,0,0,0,0,0,0,0,0,0,0,0,0,0,0,0,0,0,0,0,0,0,0,0,0,0,0,0,0,0,0,0,0,0,0,0,0,0,0,0,0
11.903059177,-5.749421713694326,0.05473922243690933,-1.1764350820620537e-08,0.2802961468697518,0.0031022648327022617,-2.7939677238465414e-09,0.2802961468696594,0.0031022648327052593,-2.7939677238464355e-09,0.2802961468696594,0.0031022648327052593,-2.7939677238464355e-09,4.999970150842679,-0.017276882885465267,3.6605429357069323e-09,-3.87,-2.93,-1.0,0.0,0.0,0.0,-3.87,-0.93,-1.0,0.0,0.0,0.0,-3.87,1.07,-1.0,0.0,0.0,0.0,-3.87,-2.93,1.0,0.0,0.0,0.0,-3.87,-0.93,1.0,0.0,0.0,0.0,-3.87,1.07,1.0,0.0,0.0,0.0,2.31,-4.59,-1.0,0.0,0.0,0.0,2.31,-2.59,-1.0,0.0,0.0,0.0,2.31,-0.59,-1.0,0.0,0.0,0.0,2.31,1.41,-1.0,0.0,0.0,0.0,2.31,-4.59,1.0,0.0,0.0,0.0,2.31,-2.59,1.0,0.0,0.0,0.0,2.31,-0.59,1.0,0.0,0.0,0.0,2.31,1.41,1.0,0.0,0.0,0.0,8.58,7.723599999998964,3.4084000000003134,0.0,1.5599999999995617,0.640000000000196,0,0,0,0,0,0,0,0,0,0,0,0,0,0,0,0,0,0,0,0,0,0,0,0,0,0,0,0,0,0,0,0,0,0,0,0,0,0,0,0,0,0,0,0,0,0,0,0,0,0,0,0,0,0,0,0,0,0,0,0,0,0,0,0,0,0,0,0,0,0,0,0,0,0,0,0,0,0,0,0,0,0,0,0,0,0,0,0,0,0,0,0,0,0,0,0,0,0,0,0,0,0,0,0,0,0,0,0,0,0,0,0,0,0,0,0,0,0,0,0,0,0,0,0,0,0,0,0,0,0,0,0,0,0,0,0,0,0,0,0,0,0,0,0,0,0,0,0,0,0,0,0,0,0,0,0,0,0,0,0,0,0,0,0,0,0,0,0,0,0,0,0,0,0,0,0,0,0,0,0,0,0,0,0,0,0,0,0,0,0,0,0,0,0,0,0,0,0,0,0,0,0,0,0,0,0,0,0,0,0
12.000648717,-5.721806581988295,0.0550449135715593,-1.2043747593005191e-08,0.2746182978157208,0.0030401367694110615,-2.7939677238465414e-09,0.2746182978153229,0.003040136769413948,-2.7939677238464355e-09,0.2746182978153229,0.003040136769413948,-2.7939677238464355e-09,4.999969748760192,-0.017392857239357743,3.7457281054102834e-09,-3.87,-2.93,-1.0,0.0,0.0,0.0,-3.87,-0.93,-1.0,0.0,0.0,0.0,-3.87,1.07,-1.0,0.0,0.0,0.0,-3.87,-2.93,1.0,0.0,0.0,0.0,-3.87,-0.93,1.0,0.0,0.0,0.0,-3.87,1.07,1.0,0.0,0.0,0.0,2.31,-4.59,-1.0,0.0,0.0,0.0,2.31,-2.59,-1.0,0.0,0.0,0.0,2.31,-0.59,-1.0,0.0,0.0,0.0,2.31,1.41,-1.0,0.0,0.0,0.0,2.31,-4.59,1.0,0.0,0.0,0.0,2.31,-2.59,1.0,0.0,0.0,0.0,2.31,-0.59,1.0,0.0,0.0,0.0,2.31,1.41,1.0,0.0,0.0,0.0,8.58,7.848399999998929,3.459600000000329,0.0,1.5599999999995617,0.640000000000196,0,0,0,0,0,0,0,0,0,0,0,0,0,0,0,0,0,0,0,0,0,0,0,0,0,0,0,0,0,0,0,0,0,0,0,0,0,0,0,0,0,0,0,0,0,0,0,0,0,0,0,0,0,0,0,0,0,0,0,0,0,0,0,0,0,0,0,0,0,0,0,0,0,0,0,0,0,0,0,0,0,0,0,0,0,0,0,0,0,0,0,0,0,0,0,0,0,0,0,0,0,0,0,0,0,0,0,0,0,0,0,0,0,0,0,0,0,0,0,0,0,0,0,0,0,0,0,0,0,0,0,0,0,0,0,0,0,0,0,0,0,0,0,0,0,0,0,0,0,0,0,0,0,0,0,0,0,0,0,0,0,0,0,0,0,0,0,0,0,0,0,0,0,0,0,0,0,0,0,0,0,0,0,0,0,0,0,0,0,0,0,0,0,0,0,0,0,0,0,0,0,0,0,0,0,0,0,0,0,0
12.101319981,-5.7001062882685165,0.05528509279829315,-1.2267265010912914e-08,0.270276844501538,0.0029912381432975477,-2.7939677238465414e-09,0.27027684450149536,0.0029912381432950497,-2.7939677238464355e-09,0.27027684450149536,0.0029912381432950497,-2.7939677238464355e-09,4.999969345687083,-0.017508346280910272,3.832155636609673e-09,-3.87,-2.93,-1.0,0.0,0.0,0.0,-3.87,-0.93,-1.0,0.0,0.0,0.0,-3.87,1.07,-1.0,0.0,0.0,0.0,-3.87,-2.93,1.0,0.0,0.0,0.0,-3.87,-0.93,1.0,0.0,0.0,0.0,-3.87,1.07,1.0,0.0,0.0,0.0,2.31,-4.59,-1.0,0.0,0.0,0.0,2.31,-2.59,-1.0,0.0,0.0,0.0,2.31,-0.59,-1.0,0.0,0.0,0.0,2.31,1.41,-1.0,0.0,0.0,0.0,2.31,-4.59,1.0,0.0,0.0,0.0,2.31,-2.59,1.0,0.0,0.0,0.0,2.31,-0.59,1.0,0.0,0.0,0.0,2.31,1.41,1.0,0.0,0.0,0.0,8.58,7.973199999998894,3.5108000000003448,0.0,1.5599999999995617,0.640000000000196,0,0,0,0,0,0,0,0,0,0,0,0,0,0,0,0,0,0,0,0,0,0,0,0,0,0,0,0,0,0,0,0,0,0,0,0,0,0,0,0,0,0,0,0,0,0,0,0,0,0,0,0,0,0,0,0,0,0,0,0,0,0,0,0,0,0,0,0,0,0,0,0,0,0,0,0,0,0,0,0,0,0,0,0,0,0,0,0,0,0,0,0,0,0,0,0,0,0,0,0,0,0,0,0,0,0,0,0,0,0,0,0,0,0,0,0,0,0,0,0,0,0,0,0,0,0,0,0,0,0,0,0,0,0,0,0,0,0,0,0,0,0,0,0,0,0,0,0,0,0,0,0,0,0,0,0,0,0,0,0,0,0,0,0,0,0,0,0,0,0,0,0,0,0,0,0,0,0,0,0,0,0,0,0,0,0,0,0,0,0,0,0,0,0,0,0,0,0,0,0,0,0,0,0,0,0,0,0,0,0
12.200557429,-5.673478001400188,0.05557984455069406,-1.2545333921032951e-08,0.2648056447505098,0.002931346883998376,-2.775777829810686e-09,0.2648056447505951,0.002931346883997321,-2.775777829810977e-09,0.2648056447505951,0.002931346883997321,-2.775777829810977e-09,4.999968567470983,-0.017729193500049797,4.001111747444607e-09,-3.87,-2.93,-1.0,0.0,0.0,0.0,-3.87,-0.93,-1.0,0.0,0.0,0.0,-3.87,1.07,-1.0,0.0,0.0,0.0,-3.87,-2.93,1.0,0.0,0.0,0.0,-3.87,-0.93,1.0,0.0,0.0,0.0,-3.87,1.07,1.0,0.0,0.0,0.0,2.31,-4.59,-1.0,0.0,0.0,0.0,2.31,-2.59,-1.0,0.0,0.0,0.0,2.31,-0.59,-1.0,0.0,0.0,0.0,2.31,1.41,-1.0,0.0,0.0,0.0,2.31,-4.59,1.0,0.0,0.0,0.0,2.31,-2.59,1.0,0.0,0.0,0.0,2.31,-0.59,1.0,0.0,0.0,0.0,2.31,1.41,1.0,0.0,0.0,0.0,8.58,8.12919999999885,3.5748000000003644,0.0,1.5599999999995617,0.640000000000196,0,0,0,0,0,0,0,0,0,0,0,0,0,0,0,0,0,0,0,0,0,0,0,0,0,0,0,0,0,0,0,0,0,0,0,0,0,0,0,0,0,0,0,0,0,0,0,0,0,0,0,0,0,0,0,0,0,0,0,0,0,0,0,0,0,0,0,0,0,0,0,0,0,0,0,0,0,0,0,0,0,0,0,0,0,0,0,0,0,0,0,0,0,0,0,0,0,0,0,0,0,0,0,0,0,0,0,0,0,0,0,0,0,0,0,0,0,0,0,0,0,0,0,0,0,0,0,0,0,0,0,0,0,0,0,0,0,0,0,0,0,0,0,0,0,0,0,0,0,0,0,0,0,0,0,0,0,0,0,0,0,0,0,0,0,0,0,0,0,0,0,0,0,0,0,0,0,0,0,0,0,0,0,0,0,0,0,0,0,0,0,0,0,0,0,0,0,0,0,0,0,0,0,0,0,0,0,0,0,0
12.301724203,-5.652565812512614,0.05581129110348296,-1.277236198848953e-08,0.26061698794332955,0.0028842515312141326,-2.8521753847602868e-09,0.2606169879436493,0.002884251531213522,-2.852175384759903e-09,0.2606169879436493,0.002884251531213522,-2.852175384759903e-09,4.999968567470983,-0.017729193500049797,4.001111747444607e-09,-3.87,-2.93,-1.0,0.0,0.0,0.0,-3.87,-0.93,-1.0,0.0,0.0,0.0,-3.87,1.07,-1.0,0.0,0.0,0.0,-3.87,-2.93,1.0,0.0,0.0,0.0,-3.87,-0.93,1.0,0.0,0.0,0.0,-3.87,1.07,1.0,0.0,0.0,0.0,2.31,-4.59,-1.0,0.0,0.0,0.0,2.31,-2.59,-1.0,0.0,0.0,0.0,2.31,-0.59,-1.0,0.0,0.0,0.0,2.31,1.41,-1.0,0.0,0.0,0.0,2.31,-4.59,1.0,0.0,0.0,0.0,2.31,-2.59,1.0,0.0,0.0,0.0,2.31,-0.59,1.0,0.0,0.0,0.0,2.31,1.41,1.0,0.0,0.0,0.0,8.58,8.253999999998815,3.62600000000038,0.0,1.5599999999995617,0.640000000000196,0,0,0,0,0,0,0,0,0,0,0,0,0,0,0,0,0,0,0,0,0,0,0,0,0,0,0,0,0,0,0,0,0,0,0,0,0,0,0,0,0,0,0,0,0,0,0,0,0,0,0,0,0,0,0,0,0,0,0,0,0,0,0,0,0,0,0,0,0,0,0,0,0,0,0,0,0,0,0,0,0,0,0,0,0,0,0,0,0,0,0,0,0,0,0,0,0,0,0,0,0,0,0,0,0,0,0,0,0,0,0,0,0,0,0,0,0,0,0,0,0,0,0,0,0,0,0,0,0,0,0,0,0,0,0,0,0,0,0,0,0,0,0,0,0,0,0,0,0,0,0,0,0,0,0,0,0,0,0,0,0,0,0,0,0,0,0,0,0,0,0,0,0,0,0,0,0,0,0,0,0,0,0,0,0,0,0,0,0,0,0,0,0,0,0,0,0,0,0,0,0,0,0,0,0,0,0,0,0,0
12.400712923,-5.626899442269775,0.056095388086278584,-1.3036433775149249e-08,0.2553459405900682,0.0028265425935369848,-2.570232027209488e-09,0.2553459405899048,0.002826542593538761,-2.570232027210295e-09,0.2553459405899048,0.002826542593538761,-2.570232027210295e-09,4.999967807502455,-0.01794223896539832,4.166672623654903e-09,-3.87,-2.93,-1.0,0.0,0.0,0.0,-3.87,-0.93,-1.0,0.0,0.0,0.0,-3.87,1.07,-1.0,0.0,0.0,0.0,-3.87,-2.93,1.0,0.0,0.0,0.0,-3.87,-0.93,1.0,0.0,0.0,0.0,-3.87,1.07,1.0,0.0,0.0,0.0,2.31,-4.59,-1.0,0.0,0.0,0.0,2.31,-2.59,-1.0,0.0,0.0,0.0,2.31,-0.59,-1.0,0.0,0.0,0.0,2.31,1.41,-1.0,0.0,0.0,0.0,2.31,-4.59,1.0,0.0,0.0,0.0,2.31,-2.59,1.0,0.0,0.0,0.0,2.31,-0.59,1.0,0.0,0.0,0.0,2.31,1.41,1.0,0.0,0.0,0.0,8.58,8.409999999998771,3.6900000000003996,0.0,1.5599999999995617,0.640000000000196,0,0,0,0,0,0,0,0,0,0,0,0,0,0,0,0,0,0,0,0,0,0,0,0,0,0,0,0,0,0,0,0,0,0,0,0,0,0,0,0,0,0,0,0,0,0,0,0,0,0,0,0,0,0,0,0,0,0,0,0,0,0,0,0,0,0,0,0,0,0,0,0,0,0,0,0,0,0,0,0,0,0,0,0,0,0,0,0,0,0,0,0,0,0,0,0,0,0,0,0,0,0,0,0,0,0,0,0,0,0,0,0,0,0,0,0,0,0,0,0,0,0,0,0,0,0,0,0,0,0,0,0,0,0,0,0,0,0,0,0,0,0,0,0,0,0,0,0,0,0,0,0,0,0,0,0,0,0,0,0,0,0,0,0,0,0,0,0,0,0,0,0,0,0,0,0,0,0,0,0,0,0,0,0,0,0,0,0,0,0,0,0,0,0,0,0,0,0,0,0,0,0,0,0,0,0,0,0,0,0
12.500831442,-5.6067423952960755,0.05631846985779552,-1.3327241068062335e-08,0.2513067126272972,0.0027811450418052663,-3.8417056202889945e-09,0.2513067126274109,0.002781145041808486,-3.841705620288849e-09,0.2513067126274109,0.002781145041808486,-3.841705620288849e-09,4.999967807502455,-0.01794223896539832,4.166672623654903e-09,-3.87,-2.93,-1.0,0.0,0.0,0.0,-3.87,-0.93,-1.0,0.0,0.0,0.0,-3.87,1.07,-1.0,0.0,0.0,0.0,-3.87,-2.93,1.0,0.0,0.0,0.0,-3.87,-0.93,1.0,0.0,0.0,0.0,-3.87,1.07,1.0,0.0,0.0,0.0,2.31,-4.59,-1.0,0.0,0.0,0.0,2.31,-2.59,-1.0,0.0,0.0,0.0,2.31,-0.59,-1.0,0.0,0.0,0.0,2.31,1.41,-1.0,0.0,0.0,0.0,2.31,-4.59,1.0,0.0,0.0,0.0,2.31,-2.59,1.0,0.0,0.0,0.0,2.31,-0.59,1.0,0.0,0.0,0.0,2.31,1.41,1.0,0.0,0.0,0.0,8.58,8.534799999998736,3.7412000000004153,0.0,1.5599999999995617,0.640000000000196,0,0,0,0,0,0,0,0,0,0,0,0,0,0,0,0,0,0,0,0,0,0,0,0,0,0,0,0,0,0,0,0,0,0,0,0,0,0,0,0,0,0,0,0,0,0,0,0,0,0,0,0,0,0,0,0,0,0,0,0,0,0,0,0,0,0,0,0,0,0,0,0,0,0,0,0,0,0,0,0,0,0,0,0,0,0,0,0,0,0,0,0,0,0,0,0,0,0,0,0,0,0,0,0,0,0,0,0,0,0,0,0,0,0,0,0,0,0,0,0,0,0,0,0,0,0,0,0,0,0,0,0,0,0,0,0,0,0,0,0,0,0,0,0,0,0,0,0,0,0,0,0,0,0,0,0,0,0,0,0,0,0,0,0,0,0,0,0,0,0,0,0,0,0,0,0,0,0,0,0,0,0,0,0,0,0,0,0,0,0,0,0,0,0,0,0,0,0,0,0,0,0,0,0,0,0,0,0,0,0
12.601615792,-5.58199267370935,0.05659241185057767,-1.376393494911865e-08,0.24622738361390617,0.0027255115564936427,-4.542016540654546e-09,0.24622738361358643,0.0027255115564912558,-4.542016540654004e-09,0.24622738361358643,0.0027255115564912558,-4.542016540654004e-09,4.999967415501387,-0.01805114745333229,4.278776134318142e-09,-3.87,-2.93,-1.0,0.0,0.0,0.0,-3.87,-0.93,-1.0,0.0,0.0,0.0,-3.87,1.07,-1.0,0.0,0.0,0.0,-3.87,-2.93,1.0,0.0,0.0,0.0,-3.87,-0.93,1.0,0.0,0.0,0.0,-3.87,1.07,1.0,0.0,0.0,0.0,2.31,-4.59,-1.0,0.0,0.0,0.0,2.31,-2.59,-1.0,0.0,0.0,0.0,2.31,-0.59,-1.0,0.0,0.0,0.0,2.31,1.41,-1.0,0.0,0.0,0.0,2.31,-4.59,1.0,0.0,0.0,0.0,2.31,-2.59,1.0,0.0,0.0,0.0,2.31,-0.59,1.0,0.0,0.0,0.0,2.31,1.41,1.0,0.0,0.0,0.0,8.58,8.690799999998692,3.805200000000435,0.0,1.5599999999995617,0.640000000000196,0,0,0,0,0,0,0,0,0,0,0,0,0,0,0,0,0,0,0,0,0,0,0,0,0,0,0,0,0,0,0,0,0,0,0,0,0,0,0,0,0,0,0,0,0,0,0,0,0,0,0,0,0,0,0,0,0,0,0,0,0,0,0,0,0,0,0,0,0,0,0,0,0,0,0,0,0,0,0,0,0,0,0,0,0,0,0,0,0,0,0,0,0,0,0,0,0,0,0,0,0,0,0,0,0,0,0,0,0,0,0,0,0,0,0,0,0,0,0,0,0,0,0,0,0,0,0,0,0,0,0,0,0,0,0,0,0,0,0,0,0,0,0,0,0,0,0,0,0,0,0,0,0,0,0,0,0,0,0,0,0,0,0,0,0,0,0,0,0,0,0,0,0,0,0,0,0,0,0,0,0,0,0,0,0,0,0,0,0,0,0,0,0,0,0,0,0,0,0,0,0,0,0,0,0,0,0,0,0,0
12.701272347,-5.562543884112798,0.05680764962825807,-1.4126714195761867e-08,0.24233049154265274,0.0026817123871328286,-4.5329215936366184e-09,0.24233049154281616,0.0026817123871296644,-4.532921593636274e-09,0.24233049154281616,0.0026817123871296644,-4.532921593636274e-09,4.999967023380995,-0.0181594356352065,4.416586652211008e-09,-3.87,-2.93,-1.0,0.0,0.0,0.0,-3.87,-0.93,-1.0,0.0,0.0,0.0,-3.87,1.07,-1.0,0.0,0.0,0.0,-3.87,-2.93,1.0,0.0,0.0,0.0,-3.87,-0.93,1.0,0.0,0.0,0.0,-3.87,1.07,1.0,0.0,0.0,0.0,2.31,-4.59,-1.0,0.0,0.0,0.0,2.31,-2.59,-1.0,0.0,0.0,0.0,2.31,-0.59,-1.0,0.0,0.0,0.0,2.31,1.41,-1.0,0.0,0.0,0.0,2.31,-4.59,1.0,0.0,0.0,0.0,2.31,-2.59,1.0,0.0,0.0,0.0,2.31,-0.59,1.0,0.0,0.0,0.0,2.31,1.41,1.0,0.0,0.0,0.0,8.58,8.815599999998657,3.8564000000004506,0.0,1.5599999999995617,0.640000000000196,0,0,0,0,0,0,0,0,0,0,0,0,0,0,0,0,0,0,0,0,0,0,0,0,0,0,0,0,0,0,0,0,0,0,0,0,0,0,0,0,0,0,0,0,0,0,0,0,0,0,0,0,0,0,0,0,0,0,0,0,0,0,0,0,0,0,0,0,0,0,0,0,0,0,0,0,0,0,0,0,0,0,0,0,0,0,0,0,0,0,0,0,0,0,0,0,0,0,0,0,0,0,0,0,0,0,0,0,0,0,0,0,0,0,0,0,0,0,0,0,0,0,0,0,0,0,0,0,0,0,0,0,0,0,0,0,0,0,0,0,0,0,0,0,0,0,0,0,0,0,0,0,0,0,0,0,0,0,0,0,0,0,0,0,0,0,0,0,0,0,0,0,0,0,0,0,0,0,0,0,0,0,0,0,0,0,0,0,0,0,0,0,0,0,0,0,0,0,0,0,0,0,0,0,0,0,0,0,0,0
12.800903249,-5.538663541152448,0.057071957295759396,-1.4588912127245317e-08,0.2374317944049409,0.002628051675855614,-4.6566128730781205e-09,0.23743179440498352,0.0026280516758561134,-4.6566128730773926e-09,0.23743179440498352,0.0026280516758561134,-4.6566128730773926e-09,4.999966641140298,-0.018264377465535636,4.556115037473734e-09,-3.87,-2.93,-1.0,0.0,0.0,0.0,-3.87,-0.93,-1.0,0.0,0.0,0.0,-3.87,1.07,-1.0,0.0,0.0,0.0,-3.87,-2.93,1.0,0.0,0.0,0.0,-3.87,-0.93,1.0,0.0,0.0,0.0,-3.87,1.07,1.0,0.0,0.0,0.0,2.31,-4.59,-1.0,0.0,0.0,0.0,2.31,-2.59,-1.0,0.0,0.0,0.0,2.31,-0.59,-1.0,0.0,0.0,0.0,2.31,1.41,-1.0,0.0,0.0,0.0,2.31,-4.59,1.0,0.0,0.0,0.0,2.31,-2.59,1.0,0.0,0.0,0.0,2.31,-0.59,1.0,0.0,0.0,0.0,2.31,1.41,1.0,0.0,0.0,0.0,8.58,8.971599999998613,3.92040000000047,0.0,1.5599999999995617,0.640000000000196,0,0,0,0,0,0,0,0,0,0,0,0,0,0,0,0,0,0,0,0,0,0,0,0,0,0,0,0,0,0,0,0,0,0,0,0,0,0,0,0,0,0,0,0,0,0,0,0,0,0,0,0,0,0,0,0,0,0,0,0,0,0,0,0,0,0,0,0,0,0,0,0,0,0,0,0,0,0,0,0,0,0,0,0,0,0,0,0,0,0,0,0,0,0,0,0,0,0,0,0,0,0,0,0,0,0,0,0,0,0,0,0,0,0,0,0,0,0,0,0,0,0,0,0,0,0,0,0,0,0,0,0,0,0,0,0,0,0,0,0,0,0,0,0,0,0,0,0,0,0,0,0,0,0,0,0,0,0,0,0,0,0,0,0,0,0,0,0,0,0,0,0,0,0,0,0,0,0,0,0,0,0,0,0,0,0,0,0,0,0,0,0,0,0,0,0,0,0,0,0,0,0,0,0,0,0,0,0,0,0
12.901882182,-5.519898510008409,0.05727962219668439,-1.4941468653440584e-08,0.23366929590729058,0.002585769165307228,-4.3291947804376826e-09,0.23366929590702057,0.0025857691653072834,-4.329194780439138e-09,0.23366929590702057,0.0025857691653072834,-4.329194780439138e-09,4.999966266587981,-0.018366626860885405,4.697488900172131e-09,-3.87,-2.93,-1.0,0.0,0.0,0.0,-3.87,-0.93,-1.0,0.0,0.0,0.0,-3.87,1.07,-1.0,0.0,0.0,0.0,-3.87,-2.93,1.0,0.0,0.0,0.0,-3.87,-0.93,1.0,0.0,0.0,0.0,-3.87,1.07,1.0,0.0,0.0,0.0,2.31,-4.59,-1.0,0.0,0.0,0.0,2.31,-2.59,-1.0,0.0,0.0,0.0,2.31,-0.59,-1.0,0.0,0.0,0.0,2.31,1.41,-1.0,0.0,0.0,0.0,2.31,-4.59,1.0,0.0,0.0,0.0,2.31,-2.59,1.0,0.0,0.0,0.0,2.31,-0.59,1.0,0.0,0.0,0.0,2.31,1.41,1.0,0.0,0.0,0.0,8.58,9.096399999998578,3.971600000000486,0.0,1.5599999999995617,0.640000000000196,0,0,0,0,0,0,0,0,0,0,0,0,0,0,0,0,0,0,0,0,0,0,0,0,0,0,0,0,0,0,0,0,0,0,0,0,0,0,0,0,0,0,0,0,0,0,0,0,0,0,0,0,0,0,0,0,0,0,0,0,0,0,0,0,0,0,0,0,0,0,0,0,0,0,0,0,0,0,0,0,0,0,0,0,0,0,0,0,0,0,0,0,0,0,0,0,0,0,0,0,0,0,0,0,0,0,0,0,0,0,0,0,0,0,0,0,0,0,0,0,0,0,0,0,0,0,0,0,0,0,0,0,0,0,0,0,0,0,0,0,0,0,0,0,0,0,0,0,0,0,0,0,0,0,0,0,0,0,0,0,0,0,0,0,0,0,0,0,0,0,0,0,0,0,0,0,0,0,0,0,0,0,0,0,0,0,0,0,0,0,0,0,0,0,0,0,0,0,0,0,0,0,0,0,0,0,0,0,0,0
13.000695969,-5.4968717392378315,0.05753447124501598,-1.5372816524639845e-08,0.2289448678496342,0.0025339932180970526,-4.307366907597303e-09,0.22894486784934998,0.0025339932180941105,-4.307366907596588e-09,0.22894486784934998,0.0025339932180941105,-4.307366907596588e-09,4.999965540918739,-0.018563125415285146,4.959939927453106e-09,-3.87,-2.93,-1.0,0.0,0.0,0.0,-3.87,-0.93,-1.0,0.0,0.0,0.0,-3.87,1.07,-1.0,0.0,0.0,0.0,-3.87,-2.93,1.0,0.0,0.0,0.0,-3.87,-0.93,1.0,0.0,0.0,0.0,-3.87,1.07,1.0,0.0,0.0,0.0,2.31,-4.59,-1.0,0.0,0.0,0.0,2.31,-2.59,-1.0,0.0,0.0,0.0,2.31,-0.59,-1.0,0.0,0.0,0.0,2.31,1.41,-1.0,0.0,0.0,0.0,2.31,-4.59,1.0,0.0,0.0,0.0,2.31,-2.59,1.0,0.0,0.0,0.0,2.31,-0.59,1.0,0.0,0.0,0.0,2.31,1.41,1.0,0.0,0.0,0.0,8.58,9.252399999998534,4.035600000000481,0.0,1.5599999999995617,0.6399999999997519,0,0,0,0,0,0,0,0,0,0,0,0,0,0,0,0,0,0,0,0,0,0,0,0,0,0,0,0,0,0,0,0,0,0,0,0,0,0,0,0,0,0,0,0,0,0,0,0,0,0,0,0,0,0,0,0,0,0,0,0,0,0,0,0,0,0,0,0,0,0,0,0,0,0,0,0,0,0,0,0,0,0,0,0,0,0,0,0,0,0,0,0,0,0,0,0,0,0,0,0,0,0,0,0,0,0,0,0,0,0,0,0,0,0,0,0,0,0,0,0,0,0,0,0,0,0,0,0,0,0,0,0,0,0,0,0,0,0,0,0,0,0,0,0,0,0,0,0,0,0,0,0,0,0,0,0,0,0,0,0,0,0,0,0,0,0,0,0,0,0,0,0,0,0,0,0,0,0,0,0,0,0,0,0,0,0,0,0,0,0,0,0,0,0,0,0,0,0,0,0,0,0,0,0,0,0,0,0,0,0
13.102178506,-5.478781175463717,0.05773466755030583,-1.5764997916002057e-08,0.225315421819694,0.0024932972155500277,-5.074980435894528e-09,0.2253154218196869,0.002493297215551138,-5.0749804358929396e-09,0.2253154218196869,0.002493297215551138,-5.0749804358929396e-09,4.999965540918739,-0.018563125415285146,4.959939927453106e-09,-3.87,-2.93,-1.0,0.0,0.0,0.0,-3.87,-0.93,-1.0,0.0,0.0,0.0,-3.87,1.07,-1.0,0.0,0.0,0.0,-3.87,-2.93,1.0,0.0,0.0,0.0,-3.87,-0.93,1.0,0.0,0.0,0.0,-3.87,1.07,1.0,0.0,0.0,0.0,2.31,-4.59,-1.0,0.0,0.0,0.0,2.31,-2.59,-1.0,0.0,0.0,0.0,2.31,-0.59,-1.0,0.0,0.0,0.0,2.31,1.41,-1.0,0.0,0.0,0.0,2.31,-4.59,1.0,0.0,0.0,0.0,2.31,-2.59,1.0,0.0,0.0,0.0,2.31,-0.59,1.0,0.0,0.0,0.0,2.31,1.41,1.0,0.0,0.0,0.0,8.58,9.3771999999985,4.086800000000461,0.0,1.5599999999995617,0.6399999999997519,0,0,0,0,0,0,0,0,0,0,0,0,0,0,0,0,0,0,0,0,0,0,0,0,0,0,0,0,0,0,0,0,0,0,0,0,0,0,0,0,0,0,0,0,0,0,0,0,0,0,0,0,0,0,0,0,0,0,0,0,0,0,0,0,0,0,0,0,0,0,0,0,0,0,0,0,0,0,0,0,0,0,0,0,0,0,0,0,0,0,0,0,0,0,0,0,0,0,0,0,0,0,0,0,0,0,0,0,0,0,0,0,0,0,0,0,0,0,0,0,0,0,0,0,0,0,0,0,0,0,0,0,0,0,0,0,0,0,0,0,0,0,0,0,0,0,0,0,0,0,0,0,0,0,0,0,0,0,0,0,0,0,0,0,0,0,0,0,0,0,0,0,0,0,0,0,0,0,0,0,0,0,0,0,0,0,0,0,0,0,0,0,0,0,0,0,0,0,0,0,0,0,0,0,0,0,0,0,0,0
13.200636884,-5.456577483981168,0.05798040026193392,-1.6275901107754927e-08,0.22076193988329607,0.0024433387443428822,-5.122274160386429e-09,0.22076193988323212,0.002443338744342327,-5.122274160385132e-09,0.22076193988323212,0.002443338744342327,-5.122274160385132e-09,4.9999651793593705,-0.018660257067319434,5.1095560825258855e-09,-3.87,-2.93,-1.0,0.0,0.0,0.0,-3.87,-0.93,-1.0,0.0,0.0,0.0,-3.87,1.07,-1.0,0.0,0.0,0.0,-3.87,-2.93,1.0,0.0,0.0,0.0,-3.87,-0.93,1.0,0.0,0.0,0.0,-3.87,1.07,1.0,0.0,0.0,0.0,2.31,-4.59,-1.0,0.0,0.0,0.0,2.31,-2.59,-1.0,0.0,0.0,0.0,2.31,-0.59,-1.0,0.0,0.0,0.0,2.31,1.41,-1.0,0.0,0.0,0.0,2.31,-4.59,1.0,0.0,0.0,0.0,2.31,-2.59,1.0,0.0,0.0,0.0,2.31,-0.59,1.0,0.0,0.0,0.0,2.31,1.41,1.0,0.0,0.0,0.0,8.58,9.533199999998455,4.150800000000436,0.0,1.5599999999995617,0.6399999999997519,0,0,0,0,0,0,0,0,0,0,0,0,0,0,0,0,0,0,0,0,0,0,0,0,0,0,0,0,0,0,0,0,0,0,0,0,0,0,0,0,0,0,0,0,0,0,0,0,0,0,0,0,0,0,0,0,0,0,0,0,0,0,0,0,0,0,0,0,0,0,0,0,0,0,0,0,0,0,0,0,0,0,0,0,0,0,0,0,0,0,0,0,0,0,0,0,0,0,0,0,0,0,0,0,0,0,0,0,0,0,0,0,0,0,0,0,0,0,0,0,0,0,0,0,0,0,0,0,0,0,0,0,0,0,0,0,0,0,0,0,0,0,0,0,0,0,0,0,0,0,0,0,0,0,0,0,0,0,0,0,0,0,0,0,0,0,0,0,0,0,0,0,0,0,0,0,0,0,0,0,0,0,0,0,0,0,0,0,0,0,0,0,0,0,0,0,0,0,0,0,0,0,0,0,0,0,0,0,0,0
13.300743968,-5.439126609235331,0.05817351145995707,-1.6754877397496727e-08,0.217260599136182,0.0024040737189381933,-6.275513442234528e-09,0.21726059913635254,0.0024040737189352512,-6.275513442233205e-09,0.21726059913635254,0.0024040737189352512,-6.275513442233205e-09,4.999964810087116,-0.018758941614932377,5.270200134934123e-09,-3.87,-2.93,-1.0,0.0,0.0,0.0,-3.87,-0.93,-1.0,0.0,0.0,0.0,-3.87,1.07,-1.0,0.0,0.0,0.0,-3.87,-2.93,1.0,0.0,0.0,0.0,-3.87,-0.93,1.0,0.0,0.0,0.0,-3.87,1.07,1.0,0.0,0.0,0.0,2.31,-4.59,-1.0,0.0,0.0,0.0,2.31,-2.59,-1.0,0.0,0.0,0.0,2.31,-0.59,-1.0,0.0,0.0,0.0,2.31,1.41,-1.0,0.0,0.0,0.0,2.31,-4.59,1.0,0.0,0.0,0.0,2.31,-2.59,1.0,0.0,0.0,0.0,2.31,-0.59,1.0,0.0,0.0,0.0,2.31,1.41,1.0,0.0,0.0,0.0,8.58,9.65799999999842,4.2020000000004165,0.0,1.5599999999995617,0.6399999999997519,0,0,0,0,0,0,0,0,0,0,0,0,0,0,0,0,0,0,0,0,0,0,0,0,0,0,0,0,0,0,0,0,0,0,0,0,0,0,0,0,0,0,0,0,0,0,0,0,0,0,0,0,0,0,0,0,0,0,0,0,0,0,0,0,0,0,0,0,0,0,0,0,0,0,0,0,0,0,0,0,0,0,0,0,0,0,0,0,0,0,0,0,0,0,0,0,0,0,0,0,0,0,0,0,0,0,0,0,0,0,0,0,0,0,0,0,0,0,0,0,0,0,0,0,0,0,0,0,0,0,0,0,0,0,0,0,0,0,0,0,0,0,0,0,0,0,0,0,0,0,0,0,0,0,0,0,0,0,0,0,0,0,0,0,0,0,0,0,0,0,0,0,0,0,0,0,0,0,0,0,0,0,0,0,0,0,0,0,0,0,0,0,0,0,0,0,0,0,0,0,0,0,0,0,0,0,0,0,0,0
13.400784867,-5.417712288080976,0.05841049936646554,-1.7508735727923488e-08,0.2128699123860045,0.002355912234637547,-8.05448507890084e-09,0.21286991238594055,0.002355912234634161,-8.054485078901052e-09,0.21286991238594055,0.002355912234634161,-8.054485078901052e-09,4.9999644599689965,-0.01885203031342043,5.451379097901438e-09,-3.87,-2.93,-1.0,0.0,0.0,0.0,-3.87,-0.93,-1.0,0.0,0.0,0.0,-3.87,1.07,-1.0,0.0,0.0,0.0,-3.87,-2.93,1.0,0.0,0.0,0.0,-3.87,-0.93,1.0,0.0,0.0,0.0,-3.87,1.07,1.0,0.0,0.0,0.0,2.31,-4.59,-1.0,0.0,0.0,0.0,2.31,-2.59,-1.0,0.0,0.0,0.0,2.31,-0.59,-1.0,0.0,0.0,0.0,2.31,1.41,-1.0,0.0,0.0,0.0,2.31,-4.59,1.0,0.0,0.0,0.0,2.31,-2.59,1.0,0.0,0.0,0.0,2.31,-0.59,1.0,0.0,0.0,0.0,2.31,1.41,1.0,0.0,0.0,0.0,8.58,9.813999999998376,4.266000000000392,0.0,1.5599999999995617,0.6399999999997519,0,0,0,0,0,0,0,0,0,0,0,0,0,0,0,0,0,0,0,0,0,0,0,0,0,0,0,0,0,0,0,0,0,0,0,0,0,0,0,0,0,0,0,0,0,0,0,0,0,0,0,0,0,0,0,0,0,0,0,0,0,0,0,0,0,0,0,0,0,0,0,0,0,0,0,0,0,0,0,0,0,0,0,0,0,0,0,0,0,0,0,0,0,0,0,0,0,0,0,0,0,0,0,0,0,0,0,0,0,0,0,0,0,0,0,0,0,0,0,0,0,0,0,0,0,0,0,0,0,0,0,0,0,0,0,0,0,0,0,0,0,0,0,0,0,0,0,0,0,0,0,0,0,0,0,0,0,0,0,0,0,0,0,0,0,0,0,0,0,0,0,0,0,0,0,0,0,0,0,0,0,0,0,0,0,0,0,0,0,0,0,0,0,0,0,0,0,0,0,0,0,0,0,0,0,0,0,0,0,0
13.502427742,-5.396692202701495,0.05864309840765752,-1.832194404460911e-08,0.20949135720726986,0.0023180365096783784,-8.152710506692476e-09,0.20949135720729828,0.0023180365096777678,-8.152710506692529e-09,0.20949135720729828,0.0023180365096777678,-8.152710506692529e-09,4.999963744342529,-0.01904088391436438,5.9417328572023075e-09,-3.87,-2.93,-1.0,0.0,0.0,0.0,-3.87,-0.93,-1.0,0.0,0.0,0.0,-3.87,1.07,-1.0,0.0,0.0,0.0,-3.87,-2.93,1.0,0.0,0.0,0.0,-3.87,-0.93,1.0,0.0,0.0,0.0,-3.87,1.07,1.0,0.0,0.0,0.0,2.31,-4.59,-1.0,0.0,0.0,0.0,2.31,-2.59,-1.0,0.0,0.0,0.0,2.31,-0.59,-1.0,0.0,0.0,0.0,2.31,1.41,-1.0,0.0,0.0,0.0,2.31,-4.59,1.0,0.0,0.0,0.0,2.31,-2.59,1.0,0.0,0.0,0.0,2.31,-0.59,1.0,0.0,0.0,0.0,2.31,1.41,1.0,0.0,0.0,0.0,8.58,9.969999999998333,4.330000000000367,0.0,1.5599999999995617,0.6399999999997519,0,0,0,0,0,0,0,0,0,0,0,0,0,0,0,0,0,0,0,0,0,0,0,0,0,0,0,0,0,0,0,0,0,0,0,0,0,0,0,0,0,0,0,0,0,0,0,0,0,0,0,0,0,0,0,0,0,0,0,0,0,0,0,0,0,0,0,0,0,0,0,0,0,0,0,0,0,0,0,0,0,0,0,0,0,0,0,0,0,0,0,0,0,0,0,0,0,0,0,0,0,0,0,0,0,0,0,0,0,0,0,0,0,0,0,0,0,0,0,0,0,0,0,0,0,0,0,0,0,0,0,0,0,0,0,0,0,0,0,0,0,0,0,0,0,0,0,0,0,0,0,0,0,0,0,0,0,0,0,0,0,0,0,0,0,0,0,0,0,0,0,0,0,0,0,0,0,0,0,0,0,0,0,0,0,0,0,0,0,0,0,0,0,0,0,0,0,0,0,0,0,0,0,0,0,0,0,0,0,0
13.600814636,-5.380208057700941,0.05882552241487401,-1.887578993820071e-08,0.20525807142224295,0.0022715916857124485,-6.639311322941714e-09,0.2052580714225769,0.0022715916857123375,-6.639311322942376e-09,0.2052580714225769,0.0022715916857123375,-6.639311322942376e-09,4.999963744342529,-0.01904088391436438,5.9417328572023075e-09,-3.87,-2.93,-1.0,0.0,0.0,0.0,-3.87,-0.93,-1.0,0.0,0.0,0.0,-3.87,1.07,-1.0,0.0,0.0,0.0,-3.87,-2.93,1.0,0.0,0.0,0.0,-3.87,-0.93,1.0,0.0,0.0,0.0,-3.87,1.07,1.0,0.0,0.0,0.0,2.31,-4.59,-1.0,0.0,0.0,0.0,2.31,-2.59,-1.0,0.0,0.0,0.0,2.31,-0.59,-1.0,0.0,0.0,0.0,2.31,1.41,-1.0,0.0,0.0,0.0,2.31,-4.59,1.0,0.0,0.0,0.0,2.31,-2.59,1.0,0.0,0.0,0.0,2.31,-0.59,1.0,0.0,0.0,0.0,2.31,1.41,1.0,0.0,0.0,0.0,8.58,10.094799999998298,4.381200000000347,0.0,1.5599999999995617,0.6399999999997519,0,0,0,0,0,0,0,0,0,0,0,0,0,0,0,0,0,0,0,0,0,0,0,0,0,0,0,0,0,0,0,0,0,0,0,0,0,0,0,0,0,0,0,0,0,0,0,0,0,0,0,0,0,0,0,0,0,0,0,0,0,0,0,0,0,0,0,0,0,0,0,0,0,0,0,0,0,0,0,0,0,0,0,0,0,0,0,0,0,0,0,0,0,0,0,0,0,0,0,0,0,0,0,0,0,0,0,0,0,0,0,0,0,0,0,0,0,0,0,0,0,0,0,0,0,0,0,0,0,0,0,0,0,0,0,0,0,0,0,0,0,0,0,0,0,0,0,0,0,0,0,0,0,0,0,0,0,0,0,0,0,0,0,0,0,0,0,0,0,0,0,0,0,0,0,0,0,0,0,0,0,0,0,0,0,0,0,0,0,0,0,0,0,0,0,0,0,0,0,0,0,0,0,0,0,0,0,0,0,0
13.701013765,-5.359998970194999,0.059049172633560215,-1.958187978790079e-08,0.2011448293925966,0.0022260209079846827,-7.186827133408064e-09,0.20114482939243317,0.002226020907983184,-7.186827133409679e-09,0.20114482939243317,0.002226020907983184,-7.186827133409679e-09,4.999963064150068,-0.01921866631867626,6.366994697139385e-09,-3.87,-2.93,-1.0,0.0,0.0,0.0,-3.87,-0.93,-1.0,0.0,0.0,0.0,-3.87,1.07,-1.0,0.0,0.0,0.0,-3.87,-2.93,1.0,0.0,0.0,0.0,-3.87,-0.93,1.0,0.0,0.0,0.0,-3.87,1.07,1.0,0.0,0.0,0.0,2.31,-4.59,-1.0,0.0,0.0,0.0,2.31,-2.59,-1.0,0.0,0.0,0.0,2.31,-0.59,-1.0,0.0,0.0,0.0,2.31,1.41,-1.0,0.0,0.0,0.0,2.31,-4.59,1.0,0.0,0.0,0.0,2.31,-2.59,1.0,0.0,0.0,0.0,2.31,-0.59,1.0,0.0,0.0,0.0,2.31,1.41,1.0,0.0,0.0,0.0,8.58,10.250799999998254,4.445200000000322,0.0,1.5599999999995617,0.6399999999997519,0,0,0,0,0,0,0,0,0,0,0,0,0,0,0,0,0,0,0,0,0,0,0,0,0,0,0,0,0,0,0,0,0,0,0,0,0,0,0,0,0,0,0,0,0,0,0,0,0,0,0,0,0,0,0,0,0,0,0,0,0,0,0,0,0,0,0,0,0,0,0,0,0,0,0,0,0,0,0,0,0,0,0,0,0,0,0,0,0,0,0,0,0,0,0,0,0,0,0,0,0,0,0,0,0,0,0,0,0,0,0,0,0,0,0,0,0,0,0,0,0,0,0,0,0,0,0,0,0,0,0,0,0,0,0,0,0,0,0,0,0,0,0,0,0,0,0,0,0,0,0,0,0,0,0,0,0,0,0,0,0,0,0,0,0,0,0,0,0,0,0,0,0,0,0,0,0,0,0,0,0,0,0,0,0,0,0,0,0,0,0,0,0,0,0,0,0,0,0,0,0,0,0,0,0,0,0,0,0,0
13.802227359,-5.34411476747624,0.05922493279725287,-2.0155052443905047e-08,0.19795431196723,0.0021903053857366683,-7.159542292355935e-09,0.19795431196689606,0.0021903053857386112,-7.159542292356491e-09,0.19795431196689606,0.0021903053857386112,-7.159542292356491e-09,4.999963064150068,-0.01921866631867626,6.366994697139385e-09,-3.87,-2.93,-1.0,0.0,0.0,0.0,-3.87,-0.93,-1.0,0.0,0.0,0.0,-3.87,1.07,-1.0,0.0,0.0,0.0,-3.87,-2.93,1.0,0.0,0.0,0.0,-3.87,-0.93,1.0,0.0,0.0,0.0,-3.87,1.07,1.0,0.0,0.0,0.0,2.31,-4.59,-1.0,0.0,0.0,0.0,2.31,-2.59,-1.0,0.0,0.0,0.0,2.31,-0.59,-1.0,0.0,0.0,0.0,2.31,1.41,-1.0,0.0,0.0,0.0,2.31,-4.59,1.0,0.0,0.0,0.0,2.31,-2.59,1.0,0.0,0.0,0.0,2.31,-0.59,1.0,0.0,0.0,0.0,2.31,1.41,1.0,0.0,0.0,0.0,8.58,10.375599999998219,4.496400000000302,0.0,1.5599999999995617,0.6399999999997519,0,0,0,0,0,0,0,0,0,0,0,0,0,0,0,0,0,0,0,0,0,0,0,0,0,0,0,0,0,0,0,0,0,0,0,0,0,0,0,0,0,0,0,0,0,0,0,0,0,0,0,0,0,0,0,0,0,0,0,0,0,0,0,0,0,0,0,0,0,0,0,0,0,0,0,0,0,0,0,0,0,0,0,0,0,0,0,0,0,0,0,0,0,0,0,0,0,0,0,0,0,0,0,0,0,0,0,0,0,0,0,0,0,0,0,0,0,0,0,0,0,0,0,0,0,0,0,0,0,0,0,0,0,0,0,0,0,0,0,0,0,0,0,0,0,0,0,0,0,0,0,0,0,0,0,0,0,0,0,0,0,0,0,0,0,0,0,0,0,0,0,0,0,0,0,0,0,0,0,0,0,0,0,0,0,0,0,0,0,0,0,0,0,0,0,0,0,0,0,0,0,0,0,0,0,0,0,0,0,0
13.900451808,-5.324618939026529,0.0594406739452385,-2.0962956587490005e-08,0.19395960867374384,0.0021464468445628326,-8.385541150347457e-09,0.19395960867404938,0.002146446844562888,-8.385541150346398e-09,0.19395960867404938,0.002146446844562888,-8.385541150346398e-09,4.999962725895022,-0.01930646680295542,6.586976401665094e-09,-3.87,-2.93,-1.0,0.0,0.0,0.0,-3.87,-0.93,-1.0,0.0,0.0,0.0,-3.87,1.07,-1.0,0.0,0.0,0.0,-3.87,-2.93,1.0,0.0,0.0,0.0,-3.87,-0.93,1.0,0.0,0.0,0.0,-3.87,1.07,1.0,0.0,0.0,0.0,2.31,-4.59,-1.0,0.0,0.0,0.0,2.31,-2.59,-1.0,0.0,0.0,0.0,2.31,-0.59,-1.0,0.0,0.0,0.0,2.31,1.41,-1.0,0.0,0.0,0.0,2.31,-4.59,1.0,0.0,0.0,0.0,2.31,-2.59,1.0,0.0,0.0,0.0,2.31,-0.59,1.0,0.0,0.0,0.0,2.31,1.41,1.0,0.0,0.0,0.0,8.58,10.531599999998175,4.560400000000278,0.0,1.5599999999995617,0.6399999999997519,0,0,0,0,0,0,0,0,0,0,0,0,0,0,0,0,0,0,0,0,0,0,0,0,0,0,0,0,0,0,0,0,0,0,0,0,0,0,0,0,0,0,0,0,0,0,0,0,0,0,0,0,0,0,0,0,0,0,0,0,0,0,0,0,0,0,0,0,0,0,0,0,0,0,0,0,0,0,0,0,0,0,0,0,0,0,0,0,0,0,0,0,0,0,0,0,0,0,0,0,0,0,0,0,0,0,0,0,0,0,0,0,0,0,0,0,0,0,0,0,0,0,0,0,0,0,0,0,0,0,0,0,0,0,0,0,0,0,0,0,0,0,0,0,0,0,0,0,0,0,0,0,0,0,0,0,0,0,0,0,0,0,0,0,0,0,0,0,0,0,0,0,0,0,0,0,0,0,0,0,0,0,0,0,0,0,0,0,0,0,0,0,0,0,0,0,0,0,0,0,0,0,0,0,0,0,0,0,0,0
14.000949747,-5.309299176558191,0.059610184306045866,-2.014345092948942e-08,0.19088138639933305,0.002111987676474414,1.4901161193846015e-08,0.1908813863992691,0.002111987676471472,1.4901161193847656e-08,0.1908813863992691,0.002111987676471472,1.4901161193847656e-08,4.999962391948688,-0.0193927589257057,6.836759956817871e-09,-3.87,-2.93,-1.0,0.0,0.0,0.0,-3.87,-0.93,-1.0,0.0,0.0,0.0,-3.87,1.07,-1.0,0.0,0.0,0.0,-3.87,-2.93,1.0,0.0,0.0,0.0,-3.87,-0.93,1.0,0.0,0.0,0.0,-3.87,1.07,1.0,0.0,0.0,0.0,2.31,-4.59,-1.0,0.0,0.0,0.0,2.31,-2.59,-1.0,0.0,0.0,0.0,2.31,-0.59,-1.0,0.0,0.0,0.0,2.31,1.41,-1.0,0.0,0.0,0.0,2.31,-4.59,1.0,0.0,0.0,0.0,2.31,-2.59,1.0,0.0,0.0,0.0,2.31,-0.59,1.0,0.0,0.0,0.0,2.31,1.41,1.0,0.0,0.0,0.0,8.58,10.65639999999814,4.611600000000258,0.0,1.5599999999995617,0.6399999999997519,0,0,0,0,0,0,0,0,0,0,0,0,0,0,0,0,0,0,0,0,0,0,0,0,0,0,0,0,0,0,0,0,0,0,0,0,0,0,0,0,0,0,0,0,0,0,0,0,0,0,0,0,0,0,0,0,0,0,0,0,0,0,0,0,0,0,0,0,0,0,0,0,0,0,0,0,0,0,0,0,0,0,0,0,0,0,0,0,0,0,0,0,0,0,0,0,0,0,0,0,0,0,0,0,0,0,0,0,0,0,0,0,0,0,0,0,0,0,0,0,0,0,0,0,0,0,0,0,0,0,0,0,0,0,0,0,0,0,0,0,0,0,0,0,0,0,0,0,0,0,0,0,0,0,0,0,0,0,0,0,0,0,0,0,0,0,0,0,0,0,0,0,0,0,0,0,0,0,0,0,0,0,0,0,0,0,0,0,0,0,0,0,0,0,0,0,0,0,0,0,0,0,0,0,0,0,0,0,0,0
14.103170584,-5.290492203085973,0.05981829553260454,-2.0411557234646416e-08,0.187029808759398,0.0020696925930666077,-9.184077498504644e-09,0.18702980875968933,0.0020696925930678844,-9.18407749850303e-09,0.18702980875968933,0.0020696925930678844,-9.18407749850303e-09,4.999962061394269,-0.019477798077989134,6.530926281872719e-09,-3.87,-2.93,-1.0,0.0,0.0,0.0,-3.87,-0.93,-1.0,0.0,0.0,0.0,-3.87,1.07,-1.0,0.0,0.0,0.0,-3.87,-2.93,1.0,0.0,0.0,0.0,-3.87,-0.93,1.0,0.0,0.0,0.0,-3.87,1.07,1.0,0.0,0.0,0.0,2.31,-4.59,-1.0,0.0,0.0,0.0,2.31,-2.59,-1.0,0.0,0.0,0.0,2.31,-0.59,-1.0,0.0,0.0,0.0,2.31,1.41,-1.0,0.0,0.0,0.0,2.31,-4.59,1.0,0.0,0.0,0.0,2.31,-2.59,1.0,0.0,0.0,0.0,2.31,-0.59,1.0,0.0,0.0,0.0,2.31,1.41,1.0,0.0,0.0,0.0,8.58,10.812399999998096,4.675600000000233,0.0,1.5599999999995617,0.6399999999997519,0,0,0,0,0,0,0,0,0,0,0,0,0,0,0,0,0,0,0,0,0,0,0,0,0,0,0,0,0,0,0,0,0,0,0,0,0,0,0,0,0,0,0,0,0,0,0,0,0,0,0,0,0,0,0,0,0,0,0,0,0,0,0,0,0,0,0,0,0,0,0,0,0,0,0,0,0,0,0,0,0,0,0,0,0,0,0,0,0,0,0,0,0,0,0,0,0,0,0,0,0,0,0,0,0,0,0,0,0,0,0,0,0,0,0,0,0,0,0,0,0,0,0,0,0,0,0,0,0,0,0,0,0,0,0,0,0,0,0,0,0,0,0,0,0,0,0,0,0,0,0,0,0,0,0,0,0,0,0,0,0,0,0,0,0,0,0,0,0,0,0,0,0,0,0,0,0,0,0,0,0,0,0,0,0,0,0,0,0,0,0,0,0,0,0,0,0,0,0,0,0,0,0,0,0,0,0,0,0,0
14.200934861,-5.275734807684391,0.05998157705413159,-2.1098464022096817e-08,0.1840589493511402,0.0020364478696133226,-8.49104253575145e-09,0.18405894935131073,0.0020364478696137667,-8.491042535752058e-09,0.18405894935131073,0.0020364478696137667,-8.491042535752058e-09,4.999961742244861,-0.01955955233971095,6.671455445699712e-09,-3.87,-2.93,-1.0,0.0,0.0,0.0,-3.87,-0.93,-1.0,0.0,0.0,0.0,-3.87,1.07,-1.0,0.0,0.0,0.0,-3.87,-2.93,1.0,0.0,0.0,0.0,-3.87,-0.93,1.0,0.0,0.0,0.0,-3.87,1.07,1.0,0.0,0.0,0.0,2.31,-4.59,-1.0,0.0,0.0,0.0,2.31,-2.59,-1.0,0.0,0.0,0.0,2.31,-0.59,-1.0,0.0,0.0,0.0,2.31,1.41,-1.0,0.0,0.0,0.0,2.31,-4.59,1.0,0.0,0.0,0.0,2.31,-2.59,1.0,0.0,0.0,0.0,2.31,-0.59,1.0,0.0,0.0,0.0,2.31,1.41,1.0,0.0,0.0,0.0,8.58,10.937199999998061,4.726800000000213,0.0,1.5599999999995617,0.6399999999997519,0,0,0,0,0,0,0,0,0,0,0,0,0,0,0,0,0,0,0,0,0,0,0,0,0,0,0,0,0,0,0,0,0,0,0,0,0,0,0,0,0,0,0,0,0,0,0,0,0,0,0,0,0,0,0,0,0,0,0,0,0,0,0,0,0,0,0,0,0,0,0,0,0,0,0,0,0,0,0,0,0,0,0,0,0,0,0,0,0,0,0,0,0,0,0,0,0,0,0,0,0,0,0,0,0,0,0,0,0,0,0,0,0,0,0,0,0,0,0,0,0,0,0,0,0,0,0,0,0,0,0,0,0,0,0,0,0,0,0,0,0,0,0,0,0,0,0,0,0,0,0,0,0,0,0,0,0,0,0,0,0,0,0,0,0,0,0,0,0,0,0,0,0,0,0,0,0,0,0,0,0,0,0,0,0,0,0,0,0,0,0,0,0,0,0,0,0,0,0,0,0,0,0,0,0,0,0,0,0,0
14.301470726,-5.261190095230298,0.06014250130020044,-2.0573294496452075e-08,0.18110807240034887,0.0020037989597737615,1.1254087439738029e-08,0.18110807240009308,0.002003798959776759,1.1254087439738214e-08,0.18110807240009308,0.002003798959776759,1.1254087439738214e-08,4.999961448048177,-0.019634613109992274,6.910900674913584e-09,-3.87,-2.93,-1.0,0.0,0.0,0.0,-3.87,-0.93,-1.0,0.0,0.0,0.0,-3.87,1.07,-1.0,0.0,0.0,0.0,-3.87,-2.93,1.0,0.0,0.0,0.0,-3.87,-0.93,1.0,0.0,0.0,0.0,-3.87,1.07,1.0,0.0,0.0,0.0,2.31,-4.59,-1.0,0.0,0.0,0.0,2.31,-2.59,-1.0,0.0,0.0,0.0,2.31,-0.59,-1.0,0.0,0.0,0.0,2.31,1.41,-1.0,0.0,0.0,0.0,2.31,-4.59,1.0,0.0,0.0,0.0,2.31,-2.59,1.0,0.0,0.0,0.0,2.31,-0.59,1.0,0.0,0.0,0.0,2.31,1.41,1.0,0.0,0.0,0.0,8.58,11.061999999998026,4.778000000000193,0.0,1.5599999999995617,0.6399999999997519,0,0,0,0,0,0,0,0,0,0,0,0,0,0,0,0,0,0,0,0,0,0,0,0,0,0,0,0,0,0,0,0,0,0,0,0,0,0,0,0,0,0,0,0,0,0,0,0,0,0,0,0,0,0,0,0,0,0,0,0,0,0,0,0,0,0,0,0,0,0,0,0,0,0,0,0,0,0,0,0,0,0,0,0,0,0,0,0,0,0,0,0,0,0,0,0,0,0,0,0,0,0,0,0,0,0,0,0,0,0,0,0,0,0,0,0,0,0,0,0,0,0,0,0,0,0,0,0,0,0,0,0,0,0,0,0,0,0,0,0,0,0,0,0,0,0,0,0,0,0,0,0,0,0,0,0,0,0,0,0,0,0,0,0,0,0,0,0,0,0,0,0,0,0,0,0,0,0,0,0,0,0,0,0,0,0,0,0,0,0,0,0,0,0,0,0,0,0,0,0,0,0,0,0,0,0,0,0,0,0
14.402243336,-5.246909745454119,0.0603005161220202,-2.0981854068403696e-08,0.1774537563328238,0.001963639399034378,-1.1708834790624493e-08,0.17745375633239746,0.001963639399036765,-1.1708834790624678e-08,0.17745375633239746,0.001963639399036765,-1.1708834790624678e-08,4.999961140710406,-0.01971272142289323,6.705986516449794e-09,-3.87,-2.93,-1.0,0.0,0.0,0.0,-3.87,-0.93,-1.0,0.0,0.0,0.0,-3.87,1.07,-1.0,0.0,0.0,0.0,-3.87,-2.93,1.0,0.0,0.0,0.0,-3.87,-0.93,1.0,0.0,0.0,0.0,-3.87,1.07,1.0,0.0,0.0,0.0,2.31,-4.59,-1.0,0.0,0.0,0.0,2.31,-2.59,-1.0,0.0,0.0,0.0,2.31,-0.59,-1.0,0.0,0.0,0.0,2.31,1.41,-1.0,0.0,0.0,0.0,2.31,-4.59,1.0,0.0,0.0,0.0,2.31,-2.59,1.0,0.0,0.0,0.0,2.31,-0.59,1.0,0.0,0.0,0.0,2.31,1.41,1.0,0.0,0.0,0.0,8.58,11.18679999999799,4.829200000000173,0.0,1.5599999999995617,0.6399999999997519,0,0,0,0,0,0,0,0,0,0,0,0,0,0,0,0,0,0,0,0,0,0,0,0,0,0,0,0,0,0,0,0,0,0,0,0,0,0,0,0,0,0,0,0,0,0,0,0,0,0,0,0,0,0,0,0,0,0,0,0,0,0,0,0,0,0,0,0,0,0,0,0,0,0,0,0,0,0,0,0,0,0,0,0,0,0,0,0,0,0,0,0,0,0,0,0,0,0,0,0,0,0,0,0,0,0,0,0,0,0,0,0,0,0,0,0,0,0,0,0,0,0,0,0,0,0,0,0,0,0,0,0,0,0,0,0,0,0,0,0,0,0,0,0,0,0,0,0,0,0,0,0,0,0,0,0,0,0,0,0,0,0,0,0,0,0,0,0,0,0,0,0,0,0,0,0,0,0,0,0,0,0,0,0,0,0,0,0,0,0,0,0,0,0,0,0,0,0,0,0,0,0,0,0,0,0,0,0,0,0
14.501732221,-5.23283683361043,0.06045620931358927,-2.0640482508050864e-08,0.17536242306270822,0.0019399451557516878,9.953510016202477e-09,0.17536242306232452,0.0019399451557546854,9.953510016202927e-09,0.17536242306232452,0.0019399451557546854,9.953510016202927e-09,4.999960875962961,-0.01977975833272721,6.904157269348053e-09,-3.87,-2.93,-1.0,0.0,0.0,0.0,-3.87,-0.93,-1.0,0.0,0.0,0.0,-3.87,1.07,-1.0,0.0,0.0,0.0,-3.87,-2.93,1.0,0.0,0.0,0.0,-3.87,-0.93,1.0,0.0,0.0,0.0,-3.87,1.07,1.0,0.0,0.0,0.0,2.31,-4.59,-1.0,0.0,0.0,0.0,2.31,-2.59,-1.0,0.0,0.0,0.0,2.31,-0.59,-1.0,0.0,0.0,0.0,2.31,1.41,-1.0,0.0,0.0,0.0,2.31,-4.59,1.0,0.0,0.0,0.0,2.31,-2.59,1.0,0.0,0.0,0.0,2.31,-0.59,1.0,0.0,0.0,0.0,2.31,1.41,1.0,0.0,0.0,0.0,8.58,11.342799999997947,4.8932000000001485,0.0,1.5599999999995617,0.6399999999997519,0,0,0,0,0,0,0,0,0,0,0,0,0,0,0,0,0,0,0,0,0,0,0,0,0,0,0,0,0,0,0,0,0,0,0,0,0,0,0,0,0,0,0,0,0,0,0,0,0,0,0,0,0,0,0,0,0,0,0,0,0,0,0,0,0,0,0,0,0,0,0,0,0,0,0,0,0,0,0,0,0,0,0,0,0,0,0,0,0,0,0,0,0,0,0,0,0,0,0,0,0,0,0,0,0,0,0,0,0,0,0,0,0,0,0,0,0,0,0,0,0,0,0,0,0,0,0,0,0,0,0,0,0,0,0,0,0,0,0,0,0,0,0,0,0,0,0,0,0,0,0,0,0,0,0,0,0,0,0,0,0,0,0,0,0,0,0,0,0,0,0,0,0,0,0,0,0,0,0,0,0,0,0,0,0,0,0,0,0,0,0,0,0,0,0,0,0,0,0,0,0,0,0,0,0,0,0,0,0,0
14.600706502,-5.215545752628931,0.06064752562879494,-1.954472329135475e-08,0.17180936038485584,0.0019011306576430242,1.1408701539041147e-08,0.1718093603849411,0.0019011306576430798,1.1408701539039612e-08,0.1718093603849411,0.0019011306576430798,1.1408701539039612e-08,4.999960577208377,-0.019855134400651977,6.733478293844936e-09,-3.87,-2.93,-1.0,0.0,0.0,0.0,-3.87,-0.93,-1.0,0.0,0.0,0.0,-3.87,1.07,-1.0,0.0,0.0,0.0,-3.87,-2.93,1.0,0.0,0.0,0.0,-3.87,-0.93,1.0,0.0,0.0,0.0,-3.87,1.07,1.0,0.0,0.0,0.0,2.31,-4.59,-1.0,0.0,0.0,0.0,2.31,-2.59,-1.0,0.0,0.0,0.0,2.31,-0.59,-1.0,0.0,0.0,0.0,2.31,1.41,-1.0,0.0,0.0,0.0,2.31,-4.59,1.0,0.0,0.0,0.0,2.31,-2.59,1.0,0.0,0.0,0.0,2.31,-0.59,1.0,0.0,0.0,0.0,2.31,1.41,1.0,0.0,0.0,0.0,8.58,11.467599999997912,4.944400000000129,0.0,1.5599999999995617,0.6399999999997519,0,0,0,0,0,0,0,0,0,0,0,0,0,0,0,0,0,0,0,0,0,0,0,0,0,0,0,0,0,0,0,0,0,0,0,0,0,0,0,0,0,0,0,0,0,0,0,0,0,0,0,0,0,0,0,0,0,0,0,0,0,0,0,0,0,0,0,0,0,0,0,0,0,0,0,0,0,0,0,0,0,0,0,0,0,0,0,0,0,0,0,0,0,0,0,0,0,0,0,0,0,0,0,0,0,0,0,0,0,0,0,0,0,0,0,0,0,0,0,0,0,0,0,0,0,0,0,0,0,0,0,0,0,0,0,0,0,0,0,0,0,0,0,0,0,0,0,0,0,0,0,0,0,0,0,0,0,0,0,0,0,0,0,0,0,0,0,0,0,0,0,0,0,0,0,0,0,0,0,0,0,0,0,0,0,0,0,0,0,0,0,0,0,0,0,0,0,0,0,0,0,0,0,0,0,0,0,0,0,0
14.702035215,-5.201981423570982,0.060797599731477775,-1.9955494754421115e-08,0.16907572746305277,0.001870579901148972,-8.643837645650651e-09,0.16907572746276855,0.001870579901151359,-8.64383764564991e-09,0.16907572746276855,0.001870579901151359,-8.64383764564991e-09,4.999960014063537,-0.019996443827848195,6.563399405175859e-09,-3.87,-2.93,-1.0,0.0,0.0,0.0,-3.87,-0.93,-1.0,0.0,0.0,0.0,-3.87,1.07,-1.0,0.0,0.0,0.0,-3.87,-2.93,1.0,0.0,0.0,0.0,-3.87,-0.93,1.0,0.0,0.0,0.0,-3.87,1.07,1.0,0.0,0.0,0.0,2.31,-4.59,-1.0,0.0,0.0,0.0,2.31,-2.59,-1.0,0.0,0.0,0.0,2.31,-0.59,-1.0,0.0,0.0,0.0,2.31,1.41,-1.0,0.0,0.0,0.0,2.31,-4.59,1.0,0.0,0.0,0.0,2.31,-2.59,1.0,0.0,0.0,0.0,2.31,-0.59,1.0,0.0,0.0,0.0,2.31,1.41,1.0,0.0,0.0,0.0,8.58,11.592399999997877,4.995600000000109,0.0,1.5599999999995617,0.6399999999997519,0,0,0,0,0,0,0,0,0,0,0,0,0,0,0,0,0,0,0,0,0,0,0,0,0,0,0,0,0,0,0,0,0,0,0,0,0,0,0,0,0,0,0,0,0,0,0,0,0,0,0,0,0,0,0,0,0,0,0,0,0,0,0,0,0,0,0,0,0,0,0,0,0,0,0,0,0,0,0,0,0,0,0,0,0,0,0,0,0,0,0,0,0,0,0,0,0,0,0,0,0,0,0,0,0,0,0,0,0,0,0,0,0,0,0,0,0,0,0,0,0,0,0,0,0,0,0,0,0,0,0,0,0,0,0,0,0,0,0,0,0,0,0,0,0,0,0,0,0,0,0,0,0,0,0,0,0,0,0,0,0,0,0,0,0,0,0,0,0,0,0,0,0,0,0,0,0,0,0,0,0,0,0,0,0,0,0,0,0,0,0,0,0,0,0,0,0,0,0,0,0,0,0,0,0,0,0,0,0,0
14.800757,-5.188623529478186,0.06094538620323765,-2.0759215222377796e-08,0.1663634032009753,0.0018405811861160748,-1.0453732102176925e-08,0.1663634032011032,0.0018405811861157417,-1.0453732102178037e-08,0.1663634032011032,0.0018405811861157417,-1.0453732102178037e-08,4.999960014063537,-0.019996443827848195,6.563399405175859e-09,-3.87,-2.93,-1.0,0.0,0.0,0.0,-3.87,-0.93,-1.0,0.0,0.0,0.0,-3.87,1.07,-1.0,0.0,0.0,0.0,-3.87,-2.93,1.0,0.0,0.0,0.0,-3.87,-0.93,1.0,0.0,0.0,0.0,-3.87,1.07,1.0,0.0,0.0,0.0,2.31,-4.59,-1.0,0.0,0.0,0.0,2.31,-2.59,-1.0,0.0,0.0,0.0,2.31,-0.59,-1.0,0.0,0.0,0.0,2.31,1.41,-1.0,0.0,0.0,0.0,2.31,-4.59,1.0,0.0,0.0,0.0,2.31,-2.59,1.0,0.0,0.0,0.0,2.31,-0.59,1.0,0.0,0.0,0.0,2.31,1.41,1.0,0.0,0.0,0.0,8.58,11.717199999997842,5.046800000000089,0.0,1.5599999999995617,0.6399999999997519,0,0,0,0,0,0,0,0,0,0,0,0,0,0,0,0,0,0,0,0,0,0,0,0,0,0,0,0,0,0,0,0,0,0,0,0,0,0,0,0,0,0,0,0,0,0,0,0,0,0,0,0,0,0,0,0,0,0,0,0,0,0,0,0,0,0,0,0,0,0,0,0,0,0,0,0,0,0,0,0,0,0,0,0,0,0,0,0,0,0,0,0,0,0,0,0,0,0,0,0,0,0,0,0,0,0,0,0,0,0,0,0,0,0,0,0,0,0,0,0,0,0,0,0,0,0,0,0,0,0,0,0,0,0,0,0,0,0,0,0,0,0,0,0,0,0,0,0,0,0,0,0,0,0,0,0,0,0,0,0,0,0,0,0,0,0,0,0,0,0,0,0,0,0,0,0,0,0,0,0,0,0,0,0,0,0,0,0,0,0,0,0,0,0,0,0,0,0,0,0,0,0,0,0,0,0,0,0,0,0
14.901085407,-5.175469352080721,0.06109091721521563,-2.1546508397031017e-08,0.16369280219041826,0.0018110038945418072,-9.608811524229796e-09,0.16369280219078064,0.0018110038945451379,-9.608811524230987e-09,0.16369280219078064,0.0018110038945451379,-9.608811524230987e-09,4.999959738266294,-0.020065286343623832,6.844852906253165e-09,-3.87,-2.93,-1.0,0.0,0.0,0.0,-3.87,-0.93,-1.0,0.0,0.0,0.0,-3.87,1.07,-1.0,0.0,0.0,0.0,-3.87,-2.93,1.0,0.0,0.0,0.0,-3.87,-0.93,1.0,0.0,0.0,0.0,-3.87,1.07,1.0,0.0,0.0,0.0,2.31,-4.59,-1.0,0.0,0.0,0.0,2.31,-2.59,-1.0,0.0,0.0,0.0,2.31,-0.59,-1.0,0.0,0.0,0.0,2.31,1.41,-1.0,0.0,0.0,0.0,2.31,-4.59,1.0,0.0,0.0,0.0,2.31,-2.59,1.0,0.0,0.0,0.0,2.31,-0.59,1.0,0.0,0.0,0.0,2.31,1.41,1.0,0.0,0.0,0.0,8.58,11.841999999997807,5.098000000000069,0.0,1.5599999999995617,0.6399999999997519,0,0,0,0,0,0,0,0,0,0,0,0,0,0,0,0,0,0,0,0,0,0,0,0,0,0,0,0,0,0,0,0,0,0,0,0,0,0,0,0,0,0,0,0,0,0,0,0,0,0,0,0,0,0,0,0,0,0,0,0,0,0,0,0,0,0,0,0,0,0,0,0,0,0,0,0,0,0,0,0,0,0,0,0,0,0,0,0,0,0,0,0,0,0,0,0,0,0,0,0,0,0,0,0,0,0,0,0,0,0,0,0,0,0,0,0,0,0,0,0,0,0,0,0,0,0,0,0,0,0,0,0,0,0,0,0,0,0,0,0,0,0,0,0,0,0,0,0,0,0,0,0,0,0,0,0,0,0,0,0,0,0,0,0,0,0,0,0,0,0,0,0,0,0,0,0,0,0,0,0,0,0,0,0,0,0,0,0,0,0,0,0,0,0,0,0,0,0,0,0,0,0,0,0,0,0,0,0,0,0
15.000854433,-5.159334551452875,0.06126944111159419,-2.113434995454442e-08,0.1603902727369544,0.0017747152596739313,9.729774319567077e-09,0.16039027273654938,0.0017747152596712112,9.729774319566786e-09,0.16039027273654938,0.0017747152596712112,9.729774319566786e-09,4.9999594486741925,-0.02013731892941224,7.1361278068529825e-09,-3.87,-2.93,-1.0,0.0,0.0,0.0,-3.87,-0.93,-1.0,0.0,0.0,0.0,-3.87,1.07,-1.0,0.0,0.0,0.0,-3.87,-2.93,1.0,0.0,0.0,0.0,-3.87,-0.93,1.0,0.0,0.0,0.0,-3.87,1.07,1.0,0.0,0.0,0.0,2.31,-4.59,-1.0,0.0,0.0,0.0,2.31,-2.59,-1.0,0.0,0.0,0.0,2.31,-0.59,-1.0,0.0,0.0,0.0,2.31,1.41,-1.0,0.0,0.0,0.0,2.31,-4.59,1.0,0.0,0.0,0.0,2.31,-2.59,1.0,0.0,0.0,0.0,2.31,-0.59,1.0,0.0,0.0,0.0,2.31,1.41,1.0,0.0,0.0,0.0,8.58,11.997999999997763,5.162000000000044,0.0,1.5599999999995617,0.6399999999997519,0,0,0,0,0,0,0,0,0,0,0,0,0,0,0,0,0,0,0,0,0,0,0,0,0,0,0,0,0,0,0,0,0,0,0,0,0,0,0,0,0,0,0,0,0,0,0,0,0,0,0,0,0,0,0,0,0,0,0,0,0,0,0,0,0,0,0,0,0,0,0,0,0,0,0,0,0,0,0,0,0,0,0,0,0,0,0,0,0,0,0,0,0,0,0,0,0,0,0,0,0,0,0,0,0,0,0,0,0,0,0,0,0,0,0,0,0,0,0,0,0,0,0,0,0,0,0,0,0,0,0,0,0,0,0,0,0,0,0,0,0,0,0,0,0,0,0,0,0,0,0,0,0,0,0,0,0,0,0,0,0,0,0,0,0,0,0,0,0,0,0,0,0,0,0,0,0,0,0,0,0,0,0,0,0,0,0,0,0,0,0,0,0,0,0,0,0,0,0,0,0,0,0,0,0,0,0,0,0,0
15.101167268,-5.146661580591654,0.06140965014241973,-2.035292302071751e-08,0.15783783793477113,0.0017461960669581944,9.778887033462895e-09,0.15783783793449402,0.0017461960669606924,9.778887033462524e-09,0.15783783793449402,0.0017461960669606924,9.778887033462524e-09,4.999959152533145,-0.020210714980917435,6.961269392674623e-09,-3.87,-2.93,-1.0,0.0,0.0,0.0,-3.87,-0.93,-1.0,0.0,0.0,0.0,-3.87,1.07,-1.0,0.0,0.0,0.0,-3.87,-2.93,1.0,0.0,0.0,0.0,-3.87,-0.93,1.0,0.0,0.0,0.0,-3.87,1.07,1.0,0.0,0.0,0.0,2.31,-4.59,-1.0,0.0,0.0,0.0,2.31,-2.59,-1.0,0.0,0.0,0.0,2.31,-0.59,-1.0,0.0,0.0,0.0,2.31,1.41,-1.0,0.0,0.0,0.0,2.31,-4.59,1.0,0.0,0.0,0.0,2.31,-2.59,1.0,0.0,0.0,0.0,2.31,-0.59,1.0,0.0,0.0,0.0,2.31,1.41,1.0,0.0,0.0,0.0,8.58,12.122799999997728,5.2132000000000245,0.0,1.5599999999995617,0.6399999999997519,0,0,0,0,0,0,0,0,0,0,0,0,0,0,0,0,0,0,0,0,0,0,0,0,0,0,0,0,0,0,0,0,0,0,0,0,0,0,0,0,0,0,0,0,0,0,0,0,0,0,0,0,0,0,0,0,0,0,0,0,0,0,0,0,0,0,0,0,0,0,0,0,0,0,0,0,0,0,0,0,0,0,0,0,0,0,0,0,0,0,0,0,0,0,0,0,0,0,0,0,0,0,0,0,0,0,0,0,0,0,0,0,0,0,0,0,0,0,0,0,0,0,0,0,0,0,0,0,0,0,0,0,0,0,0,0,0,0,0,0,0,0,0,0,0,0,0,0,0,0,0,0,0,0,0,0,0,0,0,0,0,0,0,0,0,0,0,0,0,0,0,0,0,0,0,0,0,0,0,0,0,0,0,0,0,0,0,0,0,0,0,0,0,0,0,0,0,0,0,0,0,0,0,0,0,0,0,0,0,0
15.200301163,-5.131119646459044,0.061581611144471755,-1.950774778425406e-08,0.15465560555494307,0.0017112144269082474,8.032657206057152e-09,0.1546556055545807,0.0017112144269049168,8.032657206058502e-09,0.1546556055545807,0.0017112144269049168,8.032657206058502e-09,4.9999588725892545,-0.020279852464588233,6.6851199064556675e-09,-3.87,-2.93,-1.0,0.0,0.0,0.0,-3.87,-0.93,-1.0,0.0,0.0,0.0,-3.87,1.07,-1.0,0.0,0.0,0.0,-3.87,-2.93,1.0,0.0,0.0,0.0,-3.87,-0.93,1.0,0.0,0.0,0.0,-3.87,1.07,1.0,0.0,0.0,0.0,2.31,-4.59,-1.0,0.0,0.0,0.0,2.31,-2.59,-1.0,0.0,0.0,0.0,2.31,-0.59,-1.0,0.0,0.0,0.0,2.31,1.41,-1.0,0.0,0.0,0.0,2.31,-4.59,1.0,0.0,0.0,0.0,2.31,-2.59,1.0,0.0,0.0,0.0,2.31,-0.59,1.0,0.0,0.0,0.0,2.31,1.41,1.0,0.0,0.0,0.0,8.58,12.278799999997684,5.2772,0.0,1.5599999999995617,0.6399999999997519,0,0,0,0,0,0,0,0,0,0,0,0,0,0,0,0,0,0,0,0,0,0,0,0,0,0,0,0,0,0,0,0,0,0,0,0,0,0,0,0,0,0,0,0,0,0,0,0,0,0,0,0,0,0,0,0,0,0,0,0,0,0,0,0,0,0,0,0,0,0,0,0,0,0,0,0,0,0,0,0,0,0,0,0,0,0,0,0,0,0,0,0,0,0,0,0,0,0,0,0,0,0,0,0,0,0,0,0,0,0,0,0,0,0,0,0,0,0,0,0,0,0,0,0,0,0,0,0,0,0,0,0,0,0,0,0,0,0,0,0,0,0,0,0,0,0,0,0,0,0,0,0,0,0,0,0,0,0,0,0,0,0,0,0,0,0,0,0,0,0,0,0,0,0,0,0,0,0,0,0,0,0,0,0,0,0,0,0,0,0,0,0,0,0,0,0,0,0,0,0,0,0,0,0,0,0,0,0,0,0
15.300934537,-5.118907011999889,0.061716722215175636,-1.8861351709809985e-08,0.15219692885892755,0.0016837362200039507,8.090864866972552e-09,0.15219692885875702,0.0016837362200021744,8.09086486697197e-09,0.15219692885875702,0.0016837362200021744,8.09086486697197e-09,4.999958600458296,-0.020346835211477017,6.453945777639395e-09,-3.87,-2.93,-1.0,0.0,0.0,0.0,-3.87,-0.93,-1.0,0.0,0.0,0.0,-3.87,1.07,-1.0,0.0,0.0,0.0,-3.87,-2.93,1.0,0.0,0.0,0.0,-3.87,-0.93,1.0,0.0,0.0,0.0,-3.87,1.07,1.0,0.0,0.0,0.0,2.31,-4.59,-1.0,0.0,0.0,0.0,2.31,-2.59,-1.0,0.0,0.0,0.0,2.31,-0.59,-1.0,0.0,0.0,0.0,2.31,1.41,-1.0,0.0,0.0,0.0,2.31,-4.59,1.0,0.0,0.0,0.0,2.31,-2.59,1.0,0.0,0.0,0.0,2.31,-0.59,1.0,0.0,0.0,0.0,2.31,1.41,1.0,0.0,0.0,0.0,8.58,12.403599999997649,5.32839999999998,0.0,1.5599999999995617,0.6399999999997519,0,0,0,0,0,0,0,0,0,0,0,0,0,0,0,0,0,0,0,0,0,0,0,0,0,0,0,0,0,0,0,0,0,0,0,0,0,0,0,0,0,0,0,0,0,0,0,0,0,0,0,0,0,0,0,0,0,0,0,0,0,0,0,0,0,0,0,0,0,0,0,0,0,0,0,0,0,0,0,0,0,0,0,0,0,0,0,0,0,0,0,0,0,0,0,0,0,0,0,0,0,0,0,0,0,0,0,0,0,0,0,0,0,0,0,0,0,0,0,0,0,0,0,0,0,0,0,0,0,0,0,0,0,0,0,0,0,0,0,0,0,0,0,0,0,0,0,0,0,0,0,0,0,0,0,0,0,0,0,0,0,0,0,0,0,0,0,0,0,0,0,0,0,0,0,0,0,0,0,0,0,0,0,0,0,0,0,0,0,0,0,0,0,0,0,0,0,0,0,0,0,0,0,0,0,0,0,0,0,0
15.400792968,-5.103880249067316,0.06188296168972633,-1.964791183173378e-08,0.14975477755108102,0.0016567216953242148,-1.2107193470002782e-08,0.14975477755069733,0.0016567216953262687,-1.210719347000122e-08,0.14975477755069733,0.0016567216953262687,-1.210719347000122e-08,4.999958338620976,-0.020411076761454885,6.2348679313355225e-09,-3.87,-2.93,-1.0,0.0,0.0,0.0,-3.87,-0.93,-1.0,0.0,0.0,0.0,-3.87,1.07,-1.0,0.0,0.0,0.0,-3.87,-2.93,1.0,0.0,0.0,0.0,-3.87,-0.93,1.0,0.0,0.0,0.0,-3.87,1.07,1.0,0.0,0.0,0.0,2.31,-4.59,-1.0,0.0,0.0,0.0,2.31,-2.59,-1.0,0.0,0.0,0.0,2.31,-0.59,-1.0,0.0,0.0,0.0,2.31,1.41,-1.0,0.0,0.0,0.0,2.31,-4.59,1.0,0.0,0.0,0.0,2.31,-2.59,1.0,0.0,0.0,0.0,2.31,-0.59,1.0,0.0,0.0,0.0,2.31,1.41,1.0,0.0,0.0,0.0,8.58,12.559599999997605,5.392399999999955,0.0,1.5599999999995617,0.6399999999997519,0,0,0,0,0,0,0,0,0,0,0,0,0,0,0,0,0,0,0,0,0,0,0,0,0,0,0,0,0,0,0,0,0,0,0,0,0,0,0,0,0,0,0,0,0,0,0,0,0,0,0,0,0,0,0,0,0,0,0,0,0,0,0,0,0,0,0,0,0,0,0,0,0,0,0,0,0,0,0,0,0,0,0,0,0,0,0,0,0,0,0,0,0,0,0,0,0,0,0,0,0,0,0,0,0,0,0,0,0,0,0,0,0,0,0,0,0,0,0,0,0,0,0,0,0,0,0,0,0,0,0,0,0,0,0,0,0,0,0,0,0,0,0,0,0,0,0,0,0,0,0,0,0,0,0,0,0,0,0,0,0,0,0,0,0,0,0,0,0,0,0,0,0,0,0,0,0,0,0,0,0,0,0,0,0,0,0,0,0,0,0,0,0,0,0,0,0,0,0,0,0,0,0,0,0,0,0,0,0,0
15.501162478,-5.09211122955298,0.06201317558693571,-2.0737195446153116e-08,0.1467353105546465,0.0016235240036591159,-1.3831595424561528e-08,0.1467353105545044,0.001623524003662169,-1.3831595424562693e-08,0.1467353105545044,0.001623524003662169,-1.3831595424562693e-08,4.999958052271066,-0.02048110177032874,6.479771975263374e-09,-3.87,-2.93,-1.0,0.0,0.0,0.0,-3.87,-0.93,-1.0,0.0,0.0,0.0,-3.87,1.07,-1.0,0.0,0.0,0.0,-3.87,-2.93,1.0,0.0,0.0,0.0,-3.87,-0.93,1.0,0.0,0.0,0.0,-3.87,1.07,1.0,0.0,0.0,0.0,2.31,-4.59,-1.0,0.0,0.0,0.0,2.31,-2.59,-1.0,0.0,0.0,0.0,2.31,-0.59,-1.0,0.0,0.0,0.0,2.31,1.41,-1.0,0.0,0.0,0.0,2.31,-4.59,1.0,0.0,0.0,0.0,2.31,-2.59,1.0,0.0,0.0,0.0,2.31,-0.59,1.0,0.0,0.0,0.0,2.31,1.41,1.0,0.0,0.0,0.0,8.58,12.68439999999757,5.443599999999935,0.0,1.5599999999995617,0.6399999999997519,0,0,0,0,0,0,0,0,0,0,0,0,0,0,0,0,0,0,0,0,0,0,0,0,0,0,0,0,0,0,0,0,0,0,0,0,0,0,0,0,0,0,0,0,0,0,0,0,0,0,0,0,0,0,0,0,0,0,0,0,0,0,0,0,0,0,0,0,0,0,0,0,0,0,0,0,0,0,0,0,0,0,0,0,0,0,0,0,0,0,0,0,0,0,0,0,0,0,0,0,0,0,0,0,0,0,0,0,0,0,0,0,0,0,0,0,0,0,0,0,0,0,0,0,0,0,0,0,0,0,0,0,0,0,0,0,0,0,0,0,0,0,0,0,0,0,0,0,0,0,0,0,0,0,0,0,0,0,0,0,0,0,0,0,0,0,0,0,0,0,0,0,0,0,0,0,0,0,0,0,0,0,0,0,0,0,0,0,0,0,0,0,0,0,0,0,0,0,0,0,0,0,0,0,0,0,0,0,0,0
15.600629293,-5.07762236221053,0.062173467064857185,-2.0410251200254407e-08,0.14439779520003526,0.0015974363777801481,7.81528797233546e-09,0.1443977952003479,0.0015974363777786493,7.815287972334772e-09,0.1443977952003479,0.0015974363777786493,7.815287972334772e-09,4.999957494191216,-0.020616893099935227,6.77086110825772e-09,-3.87,-2.93,-1.0,0.0,0.0,0.0,-3.87,-0.93,-1.0,0.0,0.0,0.0,-3.87,1.07,-1.0,0.0,0.0,0.0,-3.87,-2.93,1.0,0.0,0.0,0.0,-3.87,-0.93,1.0,0.0,0.0,0.0,-3.87,1.07,1.0,0.0,0.0,0.0,2.31,-4.59,-1.0,0.0,0.0,0.0,2.31,-2.59,-1.0,0.0,0.0,0.0,2.31,-0.59,-1.0,0.0,0.0,0.0,2.31,1.41,-1.0,0.0,0.0,0.0,2.31,-4.59,1.0,0.0,0.0,0.0,2.31,-2.59,1.0,0.0,0.0,0.0,2.31,-0.59,1.0,0.0,0.0,0.0,2.31,1.41,1.0,0.0,0.0,0.0,8.58,12.840399999997526,5.50759999999991,0.0,1.5599999999995617,0.6399999999997519,0,0,0,0,0,0,0,0,0,0,0,0,0,0,0,0,0,0,0,0,0,0,0,0,0,0,0,0,0,0,0,0,0,0,0,0,0,0,0,0,0,0,0,0,0,0,0,0,0,0,0,0,0,0,0,0,0,0,0,0,0,0,0,0,0,0,0,0,0,0,0,0,0,0,0,0,0,0,0,0,0,0,0,0,0,0,0,0,0,0,0,0,0,0,0,0,0,0,0,0,0,0,0,0,0,0,0,0,0,0,0,0,0,0,0,0,0,0,0,0,0,0,0,0,0,0,0,0,0,0,0,0,0,0,0,0,0,0,0,0,0,0,0,0,0,0,0,0,0,0,0,0,0,0,0,0,0,0,0,0,0,0,0,0,0,0,0,0,0,0,0,0,0,0,0,0,0,0,0,0,0,0,0,0,0,0,0,0,0,0,0,0,0,0,0,0,0,0,0,0,0,0,0,0,0,0,0,0,0,0
15.700403671,-5.066280147864628,0.062298955786622895,-1.9857256593703514e-08,0.1414865553375222,0.0015654059825481736,6.812115316280688e-09,0.14148655533790588,0.0015654059825465083,6.8121153162792325e-09,0.14148655533790588,0.0015654059825465083,6.8121153162792325e-09,4.999957494191216,-0.020616893099935227,6.77086110825772e-09,-3.87,-2.93,-1.0,0.0,0.0,0.0,-3.87,-0.93,-1.0,0.0,0.0,0.0,-3.87,1.07,-1.0,0.0,0.0,0.0,-3.87,-2.93,1.0,0.0,0.0,0.0,-3.87,-0.93,1.0,0.0,0.0,0.0,-3.87,1.07,1.0,0.0,0.0,0.0,2.31,-4.59,-1.0,0.0,0.0,0.0,2.31,-2.59,-1.0,0.0,0.0,0.0,2.31,-0.59,-1.0,0.0,0.0,0.0,2.31,1.41,-1.0,0.0,0.0,0.0,2.31,-4.59,1.0,0.0,0.0,0.0,2.31,-2.59,1.0,0.0,0.0,0.0,2.31,-0.59,1.0,0.0,0.0,0.0,2.31,1.41,1.0,0.0,0.0,0.0,8.58,12.965199999997491,5.5587999999998905,0.0,1.5599999999995617,0.6399999999997519,0,0,0,0,0,0,0,0,0,0,0,0,0,0,0,0,0,0,0,0,0,0,0,0,0,0,0,0,0,0,0,0,0,0,0,0,0,0,0,0,0,0,0,0,0,0,0,0,0,0,0,0,0,0,0,0,0,0,0,0,0,0,0,0,0,0,0,0,0,0,0,0,0,0,0,0,0,0,0,0,0,0,0,0,0,0,0,0,0,0,0,0,0,0,0,0,0,0,0,0,0,0,0,0,0,0,0,0,0,0,0,0,0,0,0,0,0,0,0,0,0,0,0,0,0,0,0,0,0,0,0,0,0,0,0,0,0,0,0,0,0,0,0,0,0,0,0,0,0,0,0,0,0,0,0,0,0,0,0,0,0,0,0,0,0,0,0,0,0,0,0,0,0,0,0,0,0,0,0,0,0,0,0,0,0,0,0,0,0,0,0,0,0,0,0,0,0,0,0,0,0,0,0,0,0,0,0,0,0,0
15.800948243,-5.0551054247162845,0.06242258121969543,-1.935669981367819e-08,0.1392334103584858,0.0015402958961213686,6.118170858825535e-09,0.13923341035842896,0.0015402958961203694,6.118170858826488e-09,0.13923341035842896,0.0015402958961203694,6.118170858826488e-09,4.999957258091035,-0.020674072235056296,6.592109057268275e-09,-3.87,-2.93,-1.0,0.0,0.0,0.0,-3.87,-0.93,-1.0,0.0,0.0,0.0,-3.87,1.07,-1.0,0.0,0.0,0.0,-3.87,-2.93,1.0,0.0,0.0,0.0,-3.87,-0.93,1.0,0.0,0.0,0.0,-3.87,1.07,1.0,0.0,0.0,0.0,2.31,-4.59,-1.0,0.0,0.0,0.0,2.31,-2.59,-1.0,0.0,0.0,0.0,2.31,-0.59,-1.0,0.0,0.0,0.0,2.31,1.41,-1.0,0.0,0.0,0.0,2.31,-4.59,1.0,0.0,0.0,0.0,2.31,-2.59,1.0,0.0,0.0,0.0,2.31,-0.59,1.0,0.0,0.0,0.0,2.31,1.41,1.0,0.0,0.0,0.0,8.58,13.089999999997456,5.609999999999871,0.0,1.5599999999995617,0.6399999999997519,0,0,0,0,0,0,0,0,0,0,0,0,0,0,0,0,0,0,0,0,0,0,0,0,0,0,0,0,0,0,0,0,0,0,0,0,0,0,0,0,0,0,0,0,0,0,0,0,0,0,0,0,0,0,0,0,0,0,0,0,0,0,0,0,0,0,0,0,0,0,0,0,0,0,0,0,0,0,0,0,0,0,0,0,0,0,0,0,0,0,0,0,0,0,0,0,0,0,0,0,0,0,0,0,0,0,0,0,0,0,0,0,0,0,0,0,0,0,0,0,0,0,0,0,0,0,0,0,0,0,0,0,0,0,0,0,0,0,0,0,0,0,0,0,0,0,0,0,0,0,0,0,0,0,0,0,0,0,0,0,0,0,0,0,0,0,0,0,0,0,0,0,0,0,0,0,0,0,0,0,0,0,0,0,0,0,0,0,0,0,0,0,0,0,0,0,0,0,0,0,0,0,0,0,0,0,0,0,0,0
15.900809973,-5.041386798246911,0.06257435659633352,-1.884679615660279e-08,0.13642910122868557,0.0015094162663376043,4.722096491604223e-09,0.136429101228714,0.0015094162663444877,4.722096491605043e-09,0.136429101228714,0.0015094162663444877,4.722096491605043e-09,4.9999569895146525,-0.02073892484136865,6.406861981054279e-09,-3.87,-2.93,-1.0,0.0,0.0,0.0,-3.87,-0.93,-1.0,0.0,0.0,0.0,-3.87,1.07,-1.0,0.0,0.0,0.0,-3.87,-2.93,1.0,0.0,0.0,0.0,-3.87,-0.93,1.0,0.0,0.0,0.0,-3.87,1.07,1.0,0.0,0.0,0.0,2.31,-4.59,-1.0,0.0,0.0,0.0,2.31,-2.59,-1.0,0.0,0.0,0.0,2.31,-0.59,-1.0,0.0,0.0,0.0,2.31,1.41,-1.0,0.0,0.0,0.0,2.31,-4.59,1.0,0.0,0.0,0.0,2.31,-2.59,1.0,0.0,0.0,0.0,2.31,-0.59,1.0,0.0,0.0,0.0,2.31,1.41,1.0,0.0,0.0,0.0,8.58,13.245999999997412,5.673999999999846,0.0,1.5599999999995617,0.6399999999997519,0,0,0,0,0,0,0,0,0,0,0,0,0,0,0,0,0,0,0,0,0,0,0,0,0,0,0,0,0,0,0,0,0,0,0,0,0,0,0,0,0,0,0,0,0,0,0,0,0,0,0,0,0,0,0,0,0,0,0,0,0,0,0,0,0,0,0,0,0,0,0,0,0,0,0,0,0,0,0,0,0,0,0,0,0,0,0,0,0,0,0,0,0,0,0,0,0,0,0,0,0,0,0,0,0,0,0,0,0,0,0,0,0,0,0,0,0,0,0,0,0,0,0,0,0,0,0,0,0,0,0,0,0,0,0,0,0,0,0,0,0,0,0,0,0,0,0,0,0,0,0,0,0,0,0,0,0,0,0,0,0,0,0,0,0,0,0,0,0,0,0,0,0,0,0,0,0,0,0,0,0,0,0,0,0,0,0,0,0,0,0,0,0,0,0,0,0,0,0,0,0,0,0,0,0,0,0,0,0,0
16.007567242,-5.027959619104085,0.06272290913073676,-1.8472015217875075e-08,0.1336983293294125,0.0014791745925335498,3.488821676000344e-09,0.13369832932949066,0.0014791745925322175,3.4888216760009527e-09,0.13369832932949066,0.0014791745925322175,3.4888216760009527e-09,4.999956467119021,-0.02086448932232564,6.152465310381054e-09,-3.87,-2.93,-1.0,0.0,0.0,0.0,-3.87,-0.93,-1.0,0.0,0.0,0.0,-3.87,1.07,-1.0,0.0,0.0,0.0,-3.87,-2.93,1.0,0.0,0.0,0.0,-3.87,-0.93,1.0,0.0,0.0,0.0,-3.87,1.07,1.0,0.0,0.0,0.0,2.31,-4.59,-1.0,0.0,0.0,0.0,2.31,-2.59,-1.0,0.0,0.0,0.0,2.31,-0.59,-1.0,0.0,0.0,0.0,2.31,1.41,-1.0,0.0,0.0,0.0,2.31,-4.59,1.0,0.0,0.0,0.0,2.31,-2.59,1.0,0.0,0.0,0.0,2.31,-0.59,1.0,0.0,0.0,0.0,2.31,1.41,1.0,0.0,0.0,0.0,8.58,13.401999999997368,5.737999999999821,0.0,1.5599999999995617,0.6399999999997519,0,0,0,0,0,0,0,0,0,0,0,0,0,0,0,0,0,0,0,0,0,0,0,0,0,0,0,0,0,0,0,0,0,0,0,0,0,0,0,0,0,0,0,0,0,0,0,0,0,0,0,0,0,0,0,0,0,0,0,0,0,0,0,0,0,0,0,0,0,0,0,0,0,0,0,0,0,0,0,0,0,0,0,0,0,0,0,0,0,0,0,0,0,0,0,0,0,0,0,0,0,0,0,0,0,0,0,0,0,0,0,0,0,0,0,0,0,0,0,0,0,0,0,0,0,0,0,0,0,0,0,0,0,0,0,0,0,0,0,0,0,0,0,0,0,0,0,0,0,0,0,0,0,0,0,0,0,0,0,0,0,0,0,0,0,0,0,0,0,0,0,0,0,0,0,0,0,0,0,0,0,0,0,0,0,0,0,0,0,0,0,0,0,0,0,0,0,0,0,0,0,0,0,0,0,0,0,0,0,0
16.101536118,-5.0174104843429745,0.06283960664504995,-1.8124380877005826e-08,0.13157178461575825,0.001455457881091582,4.4819898903368845e-09,0.13157178461551666,0.0014554578810930252,4.48198989033699e-09,0.13157178461551666,0.0014554578810930252,4.48198989033699e-09,4.999956467119021,-0.02086448932232564,6.152465310381054e-09,-3.87,-2.93,-1.0,0.0,0.0,0.0,-3.87,-0.93,-1.0,0.0,0.0,0.0,-3.87,1.07,-1.0,0.0,0.0,0.0,-3.87,-2.93,1.0,0.0,0.0,0.0,-3.87,-0.93,1.0,0.0,0.0,0.0,-3.87,1.07,1.0,0.0,0.0,0.0,2.31,-4.59,-1.0,0.0,0.0,0.0,2.31,-2.59,-1.0,0.0,0.0,0.0,2.31,-0.59,-1.0,0.0,0.0,0.0,2.31,1.41,-1.0,0.0,0.0,0.0,2.31,-4.59,1.0,0.0,0.0,0.0,2.31,-2.59,1.0,0.0,0.0,0.0,2.31,-0.59,1.0,0.0,0.0,0.0,2.31,1.41,1.0,0.0,0.0,0.0,8.58,13.526799999997333,5.789199999999801,0.0,1.5599999999995617,0.6399999999997519,0,0,0,0,0,0,0,0,0,0,0,0,0,0,0,0,0,0,0,0,0,0,0,0,0,0,0,0,0,0,0,0,0,0,0,0,0,0,0,0,0,0,0,0,0,0,0,0,0,0,0,0,0,0,0,0,0,0,0,0,0,0,0,0,0,0,0,0,0,0,0,0,0,0,0,0,0,0,0,0,0,0,0,0,0,0,0,0,0,0,0,0,0,0,0,0,0,0,0,0,0,0,0,0,0,0,0,0,0,0,0,0,0,0,0,0,0,0,0,0,0,0,0,0,0,0,0,0,0,0,0,0,0,0,0,0,0,0,0,0,0,0,0,0,0,0,0,0,0,0,0,0,0,0,0,0,0,0,0,0,0,0,0,0,0,0,0,0,0,0,0,0,0,0,0,0,0,0,0,0,0,0,0,0,0,0,0,0,0,0,0,0,0,0,0,0,0,0,0,0,0,0,0,0,0,0,0,0,0,0
16.204606907,-5.007009204580573,0.0629546673768189,-1.7796729953723977e-08,0.12946224212662116,0.001432137563830982,3.958120942114831e-09,0.12946224212646484,0.0014321375638246536,3.958120942115784e-09,0.12946224212646484,0.0014321375638246536,3.958120942115784e-09,4.999956209744966,-0.020926075426322348,6.0257665070903305e-09,-3.87,-2.93,-1.0,0.0,0.0,0.0,-3.87,-0.93,-1.0,0.0,0.0,0.0,-3.87,1.07,-1.0,0.0,0.0,0.0,-3.87,-2.93,1.0,0.0,0.0,0.0,-3.87,-0.93,1.0,0.0,0.0,0.0,-3.87,1.07,1.0,0.0,0.0,0.0,2.31,-4.59,-1.0,0.0,0.0,0.0,2.31,-2.59,-1.0,0.0,0.0,0.0,2.31,-0.59,-1.0,0.0,0.0,0.0,2.31,1.41,-1.0,0.0,0.0,0.0,2.31,-4.59,1.0,0.0,0.0,0.0,2.31,-2.59,1.0,0.0,0.0,0.0,2.31,-0.59,1.0,0.0,0.0,0.0,2.31,1.41,1.0,0.0,0.0,0.0,8.58,13.651599999997298,5.840399999999781,0.0,1.5599999999995617,0.6399999999997519,0,0,0,0,0,0,0,0,0,0,0,0,0,0,0,0,0,0,0,0,0,0,0,0,0,0,0,0,0,0,0,0,0,0,0,0,0,0,0,0,0,0,0,0,0,0,0,0,0,0,0,0,0,0,0,0,0,0,0,0,0,0,0,0,0,0,0,0,0,0,0,0,0,0,0,0,0,0,0,0,0,0,0,0,0,0,0,0,0,0,0,0,0,0,0,0,0,0,0,0,0,0,0,0,0,0,0,0,0,0,0,0,0,0,0,0,0,0,0,0,0,0,0,0,0,0,0,0,0,0,0,0,0,0,0,0,0,0,0,0,0,0,0,0,0,0,0,0,0,0,0,0,0,0,0,0,0,0,0,0,0,0,0,0,0,0,0,0,0,0,0,0,0,0,0,0,0,0,0,0,0,0,0,0,0,0,0,0,0,0,0,0,0,0,0,0,0,0,0,0,0,0,0,0,0,0,0,0,0,0
16.302093074,-4.994261240555996,0.06309569868678136,-1.7488840531322093e-08,0.1268535554412864,0.001403421163559404,2.801243681462207e-09,0.1268535554409027,0.00140342116355896,2.801243681460619e-09,0.1268535554409027,0.00140342116355896,2.801243681460619e-09,4.999955980297918,-0.020980826558626438,5.918011157841152e-09,-3.87,-2.93,-1.0,0.0,0.0,0.0,-3.87,-0.93,-1.0,0.0,0.0,0.0,-3.87,1.07,-1.0,0.0,0.0,0.0,-3.87,-2.93,1.0,0.0,0.0,0.0,-3.87,-0.93,1.0,0.0,0.0,0.0,-3.87,1.07,1.0,0.0,0.0,0.0,2.31,-4.59,-1.0,0.0,0.0,0.0,2.31,-2.59,-1.0,0.0,0.0,0.0,2.31,-0.59,-1.0,0.0,0.0,0.0,2.31,1.41,-1.0,0.0,0.0,0.0,2.31,-4.59,1.0,0.0,0.0,0.0,2.31,-2.59,1.0,0.0,0.0,0.0,2.31,-0.59,1.0,0.0,0.0,0.0,2.31,1.41,1.0,0.0,0.0,0.0,8.58,13.776399999997263,5.8915999999997615,0.0,1.5599999999995617,0.6399999999997519,0,0,0,0,0,0,0,0,0,0,0,0,0,0,0,0,0,0,0,0,0,0,0,0,0,0,0,0,0,0,0,0,0,0,0,0,0,0,0,0,0,0,0,0,0,0,0,0,0,0,0,0,0,0,0,0,0,0,0,0,0,0,0,0,0,0,0,0,0,0,0,0,0,0,0,0,0,0,0,0,0,0,0,0,0,0,0,0,0,0,0,0,0,0,0,0,0,0,0,0,0,0,0,0,0,0,0,0,0,0,0,0,0,0,0,0,0,0,0,0,0,0,0,0,0,0,0,0,0,0,0,0,0,0,0,0,0,0,0,0,0,0,0,0,0,0,0,0,0,0,0,0,0,0,0,0,0,0,0,0,0,0,0,0,0,0,0,0,0,0,0,0,0,0,0,0,0,0,0,0,0,0,0,0,0,0,0,0,0,0,0,0,0,0,0,0,0,0,0,0,0,0,0,0,0,0,0,0,0,0
16.400844494,-4.984260379239071,0.06320633015630166,-1.726527218171106e-08,0.12483406066898795,0.001380924950347695,2.7939677238465414e-09,0.12483406066894531,0.0013809249503538013,2.7939677238464355e-09,0.12483406066894531,0.0013809249503538013,2.7939677238464355e-09,4.99995575438377,-0.021034595423564013,5.838870668663995e-09,-3.87,-2.93,-1.0,0.0,0.0,0.0,-3.87,-0.93,-1.0,0.0,0.0,0.0,-3.87,1.07,-1.0,0.0,0.0,0.0,-3.87,-2.93,1.0,0.0,0.0,0.0,-3.87,-0.93,1.0,0.0,0.0,0.0,-3.87,1.07,1.0,0.0,0.0,0.0,2.31,-4.59,-1.0,0.0,0.0,0.0,2.31,-2.59,-1.0,0.0,0.0,0.0,2.31,-0.59,-1.0,0.0,0.0,0.0,2.31,1.41,-1.0,0.0,0.0,0.0,2.31,-4.59,1.0,0.0,0.0,0.0,2.31,-2.59,1.0,0.0,0.0,0.0,2.31,-0.59,1.0,0.0,0.0,0.0,2.31,1.41,1.0,0.0,0.0,0.0,8.58,13.93239999999722,5.955599999999737,0.0,1.5599999999995617,0.6399999999997519,0,0,0,0,0,0,0,0,0,0,0,0,0,0,0,0,0,0,0,0,0,0,0,0,0,0,0,0,0,0,0,0,0,0,0,0,0,0,0,0,0,0,0,0,0,0,0,0,0,0,0,0,0,0,0,0,0,0,0,0,0,0,0,0,0,0,0,0,0,0,0,0,0,0,0,0,0,0,0,0,0,0,0,0,0,0,0,0,0,0,0,0,0,0,0,0,0,0,0,0,0,0,0,0,0,0,0,0,0,0,0,0,0,0,0,0,0,0,0,0,0,0,0,0,0,0,0,0,0,0,0,0,0,0,0,0,0,0,0,0,0,0,0,0,0,0,0,0,0,0,0,0,0,0,0,0,0,0,0,0,0,0,0,0,0,0,0,0,0,0,0,0,0,0,0,0,0,0,0,0,0,0,0,0,0,0,0,0,0,0,0,0,0,0,0,0,0,0,0,0,0,0,0,0,0,0,0,0,0,0
16.500679941,-4.974415640390581,0.0633152335525943,-1.699629458062982e-08,0.1228342577812569,0.0013588038273171232,3.434251993896086e-09,0.12283425778150558,0.001358803827315569,3.434251993894577e-09,0.12283425778150558,0.001358803827315569,3.434251993894577e-09,4.999955311415243,-0.02113962749210506,5.677376462737776e-09,-3.87,-2.93,-1.0,0.0,0.0,0.0,-3.87,-0.93,-1.0,0.0,0.0,0.0,-3.87,1.07,-1.0,0.0,0.0,0.0,-3.87,-2.93,1.0,0.0,0.0,0.0,-3.87,-0.93,1.0,0.0,0.0,0.0,-3.87,1.07,1.0,0.0,0.0,0.0,2.31,-4.59,-1.0,0.0,0.0,0.0,2.31,-2.59,-1.0,0.0,0.0,0.0,2.31,-0.59,-1.0,0.0,0.0,0.0,2.31,1.41,-1.0,0.0,0.0,0.0,2.31,-4.59,1.0,0.0,0.0,0.0,2.31,-2.59,1.0,0.0,0.0,0.0,2.31,-0.59,1.0,0.0,0.0,0.0,2.31,1.41,1.0,0.0,0.0,0.0,8.58,14.057199999997184,6.006799999999717,0.0,1.5599999999995617,0.6399999999997519,0,0,0,0,0,0,0,0,0,0,0,0,0,0,0,0,0,0,0,0,0,0,0,0,0,0,0,0,0,0,0,0,0,0,0,0,0,0,0,0,0,0,0,0,0,0,0,0,0,0,0,0,0,0,0,0,0,0,0,0,0,0,0,0,0,0,0,0,0,0,0,0,0,0,0,0,0,0,0,0,0,0,0,0,0,0,0,0,0,0,0,0,0,0,0,0,0,0,0,0,0,0,0,0,0,0,0,0,0,0,0,0,0,0,0,0,0,0,0,0,0,0,0,0,0,0,0,0,0,0,0,0,0,0,0,0,0,0,0,0,0,0,0,0,0,0,0,0,0,0,0,0,0,0,0,0,0,0,0,0,0,0,0,0,0,0,0,0,0,0,0,0,0,0,0,0,0,0,0,0,0,0,0,0,0,0,0,0,0,0,0,0,0,0,0,0,0,0,0,0,0,0,0,0,0,0,0,0,0,0
16.600976177,-4.964712908416159,0.06342256376624442,-1.67197208797994e-08,0.12086586654191933,0.0013369928346940174,3.4633558243521313e-09,0.12086586654186249,0.0013369928346946836,3.4633558243513107e-09,0.12086586654186249,0.0013369928346946836,3.4633558243513107e-09,4.999955311415243,-0.02113962749210506,5.677376462737776e-09,-3.87,-2.93,-1.0,0.0,0.0,0.0,-3.87,-0.93,-1.0,0.0,0.0,0.0,-3.87,1.07,-1.0,0.0,0.0,0.0,-3.87,-2.93,1.0,0.0,0.0,0.0,-3.87,-0.93,1.0,0.0,0.0,0.0,-3.87,1.07,1.0,0.0,0.0,0.0,2.31,-4.59,-1.0,0.0,0.0,0.0,2.31,-2.59,-1.0,0.0,0.0,0.0,2.31,-0.59,-1.0,0.0,0.0,0.0,2.31,1.41,-1.0,0.0,0.0,0.0,2.31,-4.59,1.0,0.0,0.0,0.0,2.31,-2.59,1.0,0.0,0.0,0.0,2.31,-0.59,1.0,0.0,0.0,0.0,2.31,1.41,1.0,0.0,0.0,0.0,8.58,14.18199999999715,6.057999999999697,0.0,1.5599999999995617,0.6399999999997519,0,0,0,0,0,0,0,0,0,0,0,0,0,0,0,0,0,0,0,0,0,0,0,0,0,0,0,0,0,0,0,0,0,0,0,0,0,0,0,0,0,0,0,0,0,0,0,0,0,0,0,0,0,0,0,0,0,0,0,0,0,0,0,0,0,0,0,0,0,0,0,0,0,0,0,0,0,0,0,0,0,0,0,0,0,0,0,0,0,0,0,0,0,0,0,0,0,0,0,0,0,0,0,0,0,0,0,0,0,0,0,0,0,0,0,0,0,0,0,0,0,0,0,0,0,0,0,0,0,0,0,0,0,0,0,0,0,0,0,0,0,0,0,0,0,0,0,0,0,0,0,0,0,0,0,0,0,0,0,0,0,0,0,0,0,0,0,0,0,0,0,0,0,0,0,0,0,0,0,0,0,0,0,0,0,0,0,0,0,0,0,0,0,0,0,0,0,0,0,0,0,0,0,0,0,0,0,0,0,0
16.701552471,-4.955160042493697,0.06352823579555714,-1.6439159954196505e-08,0.11892580986039292,0.0013155362103139945,3.5215634852642223e-09,0.11892580986022949,0.0013155362103134394,3.521563485264778e-09,0.11892580986022949,0.0013155362103134394,3.521563485264778e-09,4.99995508553137,-0.021192986316043737,5.58188360146661e-09,-3.87,-2.93,-1.0,0.0,0.0,0.0,-3.87,-0.93,-1.0,0.0,0.0,0.0,-3.87,1.07,-1.0,0.0,0.0,0.0,-3.87,-2.93,1.0,0.0,0.0,0.0,-3.87,-0.93,1.0,0.0,0.0,0.0,-3.87,1.07,1.0,0.0,0.0,0.0,2.31,-4.59,-1.0,0.0,0.0,0.0,2.31,-2.59,-1.0,0.0,0.0,0.0,2.31,-0.59,-1.0,0.0,0.0,0.0,2.31,1.41,-1.0,0.0,0.0,0.0,2.31,-4.59,1.0,0.0,0.0,0.0,2.31,-2.59,1.0,0.0,0.0,0.0,2.31,-0.59,1.0,0.0,0.0,0.0,2.31,1.41,1.0,0.0,0.0,0.0,8.58,14.306799999997114,6.109199999999677,0.0,1.5599999999995617,0.6399999999997519,0,0,0,0,0,0,0,0,0,0,0,0,0,0,0,0,0,0,0,0,0,0,0,0,0,0,0,0,0,0,0,0,0,0,0,0,0,0,0,0,0,0,0,0,0,0,0,0,0,0,0,0,0,0,0,0,0,0,0,0,0,0,0,0,0,0,0,0,0,0,0,0,0,0,0,0,0,0,0,0,0,0,0,0,0,0,0,0,0,0,0,0,0,0,0,0,0,0,0,0,0,0,0,0,0,0,0,0,0,0,0,0,0,0,0,0,0,0,0,0,0,0,0,0,0,0,0,0,0,0,0,0,0,0,0,0,0,0,0,0,0,0,0,0,0,0,0,0,0,0,0,0,0,0,0,0,0,0,0,0,0,0,0,0,0,0,0,0,0,0,0,0,0,0,0,0,0,0,0,0,0,0,0,0,0,0,0,0,0,0,0,0,0,0,0,0,0,0,0,0,0,0,0,0,0,0,0,0,0,0
16.805525469,-4.948098985104909,0.06360634413116953,-1.6258512478551513e-08,0.11701577901845894,0.001294412184507654,2.7357600629344504e-09,0.1170157790184021,0.0012944121845066547,2.735760062932968e-09,0.1170157790184021,0.0012944121845066547,2.735760062932968e-09,4.999954877785791,-0.02124194214472895,5.4913267384028344e-09,-3.87,-2.93,-1.0,0.0,0.0,0.0,-3.87,-0.93,-1.0,0.0,0.0,0.0,-3.87,1.07,-1.0,0.0,0.0,0.0,-3.87,-2.93,1.0,0.0,0.0,0.0,-3.87,-0.93,1.0,0.0,0.0,0.0,-3.87,1.07,1.0,0.0,0.0,0.0,2.31,-4.59,-1.0,0.0,0.0,0.0,2.31,-2.59,-1.0,0.0,0.0,0.0,2.31,-0.59,-1.0,0.0,0.0,0.0,2.31,1.41,-1.0,0.0,0.0,0.0,2.31,-4.59,1.0,0.0,0.0,0.0,2.31,-2.59,1.0,0.0,0.0,0.0,2.31,-0.59,1.0,0.0,0.0,0.0,2.31,1.41,1.0,0.0,0.0,0.0,8.58,14.400399999997088,6.147599999999662,0.0,1.5599999999995617,0.6399999999997519,0,0,0,0,0,0,0,0,0,0,0,0,0,0,0,0,0,0,0,0,0,0,0,0,0,0,0,0,0,0,0,0,0,0,0,0,0,0,0,0,0,0,0,0,0,0,0,0,0,0,0,0,0,0,0,0,0,0,0,0,0,0,0,0,0,0,0,0,0,0,0,0,0,0,0,0,0,0,0,0,0,0,0,0,0,0,0,0,0,0,0,0,0,0,0,0,0,0,0,0,0,0,0,0,0,0,0,0,0,0,0,0,0,0,0,0,0,0,0,0,0,0,0,0,0,0,0,0,0,0,0,0,0,0,0,0,0,0,0,0,0,0,0,0,0,0,0,0,0,0,0,0,0,0,0,0,0,0,0,0,0,0,0,0,0,0,0,0,0,0,0,0,0,0,0,0,0,0,0,0,0,0,0,0,0,0,0,0,0,0,0,0,0,0,0,0,0,0,0,0,0,0,0,0,0,0,0,0,0,0
16.900391189,-4.936532751469929,0.063734286874881,-1.6043609794458885e-08,0.11513599753421033,0.0012736000353508192,1.9208528101453244e-09,0.11513599753379822,0.0012736000353470445,1.9208528101444244e-09,0.11513599753379822,0.0012736000353470445,1.9208528101444244e-09,4.999954492336471,-0.021332476751120853,5.372951167892656e-09,-3.87,-2.93,-1.0,0.0,0.0,0.0,-3.87,-0.93,-1.0,0.0,0.0,0.0,-3.87,1.07,-1.0,0.0,0.0,0.0,-3.87,-2.93,1.0,0.0,0.0,0.0,-3.87,-0.93,1.0,0.0,0.0,0.0,-3.87,1.07,1.0,0.0,0.0,0.0,2.31,-4.59,-1.0,0.0,0.0,0.0,2.31,-2.59,-1.0,0.0,0.0,0.0,2.31,-0.59,-1.0,0.0,0.0,0.0,2.31,1.41,-1.0,0.0,0.0,0.0,2.31,-4.59,1.0,0.0,0.0,0.0,2.31,-2.59,1.0,0.0,0.0,0.0,2.31,-0.59,1.0,0.0,0.0,0.0,2.31,1.41,1.0,0.0,0.0,0.0,8.58,14.556399999997044,6.211599999999637,0.0,1.5599999999995617,0.6399999999997519,0,0,0,0,0,0,0,0,0,0,0,0,0,0,0,0,0,0,0,0,0,0,0,0,0,0,0,0,0,0,0,0,0,0,0,0,0,0,0,0,0,0,0,0,0,0,0,0,0,0,0,0,0,0,0,0,0,0,0,0,0,0,0,0,0,0,0,0,0,0,0,0,0,0,0,0,0,0,0,0,0,0,0,0,0,0,0,0,0,0,0,0,0,0,0,0,0,0,0,0,0,0,0,0,0,0,0,0,0,0,0,0,0,0,0,0,0,0,0,0,0,0,0,0,0,0,0,0,0,0,0,0,0,0,0,0,0,0,0,0,0,0,0,0,0,0,0,0,0,0,0,0,0,0,0,0,0,0,0,0,0,0,0,0,0,0,0,0,0,0,0,0,0,0,0,0,0,0,0,0,0,0,0,0,0,0,0,0,0,0,0,0,0,0,0,0,0,0,0,0,0,0,0,0,0,0,0,0,0,0
17.000704359,-4.929709441154304,0.06380976377904804,-1.5929697402051144e-08,0.11329144239446975,0.0012531848624375286,1.891748979689279e-09,0.11329144239425659,0.001253184862434864,1.8917489796876907e-09,0.11329144239425659,0.001253184862434864,1.8917489796876907e-09,4.999954492336471,-0.021332476751120853,5.372951167892656e-09,-3.87,-2.93,-1.0,0.0,0.0,0.0,-3.87,-0.93,-1.0,0.0,0.0,0.0,-3.87,1.07,-1.0,0.0,0.0,0.0,-3.87,-2.93,1.0,0.0,0.0,0.0,-3.87,-0.93,1.0,0.0,0.0,0.0,-3.87,1.07,1.0,0.0,0.0,0.0,2.31,-4.59,-1.0,0.0,0.0,0.0,2.31,-2.59,-1.0,0.0,0.0,0.0,2.31,-0.59,-1.0,0.0,0.0,0.0,2.31,1.41,-1.0,0.0,0.0,0.0,2.31,-4.59,1.0,0.0,0.0,0.0,2.31,-2.59,1.0,0.0,0.0,0.0,2.31,-0.59,1.0,0.0,0.0,0.0,2.31,1.41,1.0,0.0,0.0,0.0,8.58,14.649999999997018,6.2499999999996225,0.0,1.5599999999995617,0.6399999999997519,0,0,0,0,0,0,0,0,0,0,0,0,0,0,0,0,0,0,0,0,0,0,0,0,0,0,0,0,0,0,0,0,0,0,0,0,0,0,0,0,0,0,0,0,0,0,0,0,0,0,0,0,0,0,0,0,0,0,0,0,0,0,0,0,0,0,0,0,0,0,0,0,0,0,0,0,0,0,0,0,0,0,0,0,0,0,0,0,0,0,0,0,0,0,0,0,0,0,0,0,0,0,0,0,0,0,0,0,0,0,0,0,0,0,0,0,0,0,0,0,0,0,0,0,0,0,0,0,0,0,0,0,0,0,0,0,0,0,0,0,0,0,0,0,0,0,0,0,0,0,0,0,0,0,0,0,0,0,0,0,0,0,0,0,0,0,0,0,0,0,0,0,0,0,0,0,0,0,0,0,0,0,0,0,0,0,0,0,0,0,0,0,0,0,0,0,0,0,0,0,0,0,0,0,0,0,0,0,0,0
17.101068665,-4.9185166090122,0.06393357450934045,-1.579509218618879e-08,0.11147394776322983,0.0012330814497529818,1.1641532182682894e-09,0.111473947763443,0.0012330814497545362,1.1641532182693481e-09,0.111473947763443,0.0012330814497545362,1.1641532182693481e-09,4.9999540913808715,-0.021426247540818188,5.294440386473096e-09,-3.87,-2.93,-1.0,0.0,0.0,0.0,-3.87,-0.93,-1.0,0.0,0.0,0.0,-3.87,1.07,-1.0,0.0,0.0,0.0,-3.87,-2.93,1.0,0.0,0.0,0.0,-3.87,-0.93,1.0,0.0,0.0,0.0,-3.87,1.07,1.0,0.0,0.0,0.0,2.31,-4.59,-1.0,0.0,0.0,0.0,2.31,-2.59,-1.0,0.0,0.0,0.0,2.31,-0.59,-1.0,0.0,0.0,0.0,2.31,1.41,-1.0,0.0,0.0,0.0,2.31,-4.59,1.0,0.0,0.0,0.0,2.31,-2.59,1.0,0.0,0.0,0.0,2.31,-0.59,1.0,0.0,0.0,0.0,2.31,1.41,1.0,0.0,0.0,0.0,8.58,14.805999999996974,6.313999999999598,0.0,1.5599999999995617,0.6399999999997519,0,0,0,0,0,0,0,0,0,0,0,0,0,0,0,0,0,0,0,0,0,0,0,0,0,0,0,0,0,0,0,0,0,0,0,0,0,0,0,0,0,0,0,0,0,0,0,0,0,0,0,0,0,0,0,0,0,0,0,0,0,0,0,0,0,0,0,0,0,0,0,0,0,0,0,0,0,0,0,0,0,0,0,0,0,0,0,0,0,0,0,0,0,0,0,0,0,0,0,0,0,0,0,0,0,0,0,0,0,0,0,0,0,0,0,0,0,0,0,0,0,0,0,0,0,0,0,0,0,0,0,0,0,0,0,0,0,0,0,0,0,0,0,0,0,0,0,0,0,0,0,0,0,0,0,0,0,0,0,0,0,0,0,0,0,0,0,0,0,0,0,0,0,0,0,0,0,0,0,0,0,0,0,0,0,0,0,0,0,0,0,0,0,0,0,0,0,0,0,0,0,0,0,0,0,0,0,0,0,0
17.202019844,-4.909718277885631,0.06403089627937836,-1.5751013525467468e-08,0.10968910157682643,0.0012133091222554793,4.320099833408174e-10,0.10968910157680511,0.001213309122249484,4.320099833421409e-10,0.10968910157680511,0.001213309122249484,4.320099833421409e-10,4.9999540913808715,-0.021426247540818188,5.294440386473096e-09,-3.87,-2.93,-1.0,0.0,0.0,0.0,-3.87,-0.93,-1.0,0.0,0.0,0.0,-3.87,1.07,-1.0,0.0,0.0,0.0,-3.87,-2.93,1.0,0.0,0.0,0.0,-3.87,-0.93,1.0,0.0,0.0,0.0,-3.87,1.07,1.0,0.0,0.0,0.0,2.31,-4.59,-1.0,0.0,0.0,0.0,2.31,-2.59,-1.0,0.0,0.0,0.0,2.31,-0.59,-1.0,0.0,0.0,0.0,2.31,1.41,-1.0,0.0,0.0,0.0,2.31,-4.59,1.0,0.0,0.0,0.0,2.31,-2.59,1.0,0.0,0.0,0.0,2.31,-0.59,1.0,0.0,0.0,0.0,2.31,1.41,1.0,0.0,0.0,0.0,8.58,14.930799999996939,6.365199999999578,0.0,1.5599999999995617,0.6399999999997519,0,0,0,0,0,0,0,0,0,0,0,0,0,0,0,0,0,0,0,0,0,0,0,0,0,0,0,0,0,0,0,0,0,0,0,0,0,0,0,0,0,0,0,0,0,0,0,0,0,0,0,0,0,0,0,0,0,0,0,0,0,0,0,0,0,0,0,0,0,0,0,0,0,0,0,0,0,0,0,0,0,0,0,0,0,0,0,0,0,0,0,0,0,0,0,0,0,0,0,0,0,0,0,0,0,0,0,0,0,0,0,0,0,0,0,0,0,0,0,0,0,0,0,0,0,0,0,0,0,0,0,0,0,0,0,0,0,0,0,0,0,0,0,0,0,0,0,0,0,0,0,0,0,0,0,0,0,0,0,0,0,0,0,0,0,0,0,0,0,0,0,0,0,0,0,0,0,0,0,0,0,0,0,0,0,0,0,0,0,0,0,0,0,0,0,0,0,0,0,0,0,0,0,0,0,0,0,0,0,0
17.301474743,-4.901048700942692,0.06412679331225796,-1.5717926108216977e-08,0.10792991519004147,0.0011938475072414967,4.07453626394563e-10,0.10792991518974304,0.001193847507238388,4.0745362639427185e-10,0.10792991518974304,0.001193847507238388,4.0745362639427185e-10,4.999953884934195,-0.021474369174671253,5.2817630599141305e-09,-3.87,-2.93,-1.0,0.0,0.0,0.0,-3.87,-0.93,-1.0,0.0,0.0,0.0,-3.87,1.07,-1.0,0.0,0.0,0.0,-3.87,-2.93,1.0,0.0,0.0,0.0,-3.87,-0.93,1.0,0.0,0.0,0.0,-3.87,1.07,1.0,0.0,0.0,0.0,2.31,-4.59,-1.0,0.0,0.0,0.0,2.31,-2.59,-1.0,0.0,0.0,0.0,2.31,-0.59,-1.0,0.0,0.0,0.0,2.31,1.41,-1.0,0.0,0.0,0.0,2.31,-4.59,1.0,0.0,0.0,0.0,2.31,-2.59,1.0,0.0,0.0,0.0,2.31,-0.59,1.0,0.0,0.0,0.0,2.31,1.41,1.0,0.0,0.0,0.0,8.58,15.055599999996904,6.416399999999558,0.0,1.5599999999995617,0.6399999999997519,0,0,0,0,0,0,0,0,0,0,0,0,0,0,0,0,0,0,0,0,0,0,0,0,0,0,0,0,0,0,0,0,0,0,0,0,0,0,0,0,0,0,0,0,0,0,0,0,0,0,0,0,0,0,0,0,0,0,0,0,0,0,0,0,0,0,0,0,0,0,0,0,0,0,0,0,0,0,0,0,0,0,0,0,0,0,0,0,0,0,0,0,0,0,0,0,0,0,0,0,0,0,0,0,0,0,0,0,0,0,0,0,0,0,0,0,0,0,0,0,0,0,0,0,0,0,0,0,0,0,0,0,0,0,0,0,0,0,0,0,0,0,0,0,0,0,0,0,0,0,0,0,0,0,0,0,0,0,0,0,0,0,0,0,0,0,0,0,0,0,0,0,0,0,0,0,0,0,0,0,0,0,0,0,0,0,0,0,0,0,0,0,0,0,0,0,0,0,0,0,0,0,0,0,0,0,0,0,0,0
17.40588896,-4.890420857354123,0.0642443589152536,-1.570144242624193e-08,0.10575691610537064,0.0011699113529189953,8.822098607340341e-11,0.10575691610574722,0.001169911352917552,8.822098607197404e-11,0.10575691610574722,0.001169911352917552,8.822098607197404e-11,4.999953688200213,-0.021520126697678117,5.273559185021266e-09,-3.87,-2.93,-1.0,0.0,0.0,0.0,-3.87,-0.93,-1.0,0.0,0.0,0.0,-3.87,1.07,-1.0,0.0,0.0,0.0,-3.87,-2.93,1.0,0.0,0.0,0.0,-3.87,-0.93,1.0,0.0,0.0,0.0,-3.87,1.07,1.0,0.0,0.0,0.0,2.31,-4.59,-1.0,0.0,0.0,0.0,2.31,-2.59,-1.0,0.0,0.0,0.0,2.31,-0.59,-1.0,0.0,0.0,0.0,2.31,1.41,-1.0,0.0,0.0,0.0,2.31,-4.59,1.0,0.0,0.0,0.0,2.31,-2.59,1.0,0.0,0.0,0.0,2.31,-0.59,1.0,0.0,0.0,0.0,2.31,1.41,1.0,0.0,0.0,0.0,8.58,15.21159999999686,6.480399999999533,0.0,1.5599999999995617,0.6399999999997519,0,0,0,0,0,0,0,0,0,0,0,0,0,0,0,0,0,0,0,0,0,0,0,0,0,0,0,0,0,0,0,0,0,0,0,0,0,0,0,0,0,0,0,0,0,0,0,0,0,0,0,0,0,0,0,0,0,0,0,0,0,0,0,0,0,0,0,0,0,0,0,0,0,0,0,0,0,0,0,0,0,0,0,0,0,0,0,0,0,0,0,0,0,0,0,0,0,0,0,0,0,0,0,0,0,0,0,0,0,0,0,0,0,0,0,0,0,0,0,0,0,0,0,0,0,0,0,0,0,0,0,0,0,0,0,0,0,0,0,0,0,0,0,0,0,0,0,0,0,0,0,0,0,0,0,0,0,0,0,0,0,0,0,0,0,0,0,0,0,0,0,0,0,0,0,0,0,0,0,0,0,0,0,0,0,0,0,0,0,0,0,0,0,0,0,0,0,0,0,0,0,0,0,0,0,0,0,0,0,0
17.501323969,-4.884166454969959,0.06431354107300263,-1.5697769886636236e-08,0.10407149791724635,0.0011511609191022787,5.820766091209098e-11,0.10407149791717529,0.0011511609191074967,5.820766091346741e-11,0.10407149791717529,0.0011511609191074967,5.820766091346741e-11,4.999953487452417,-0.021566717701590413,5.272202703903336e-09,-3.87,-2.93,-1.0,0.0,0.0,0.0,-3.87,-0.93,-1.0,0.0,0.0,0.0,-3.87,1.07,-1.0,0.0,0.0,0.0,-3.87,-2.93,1.0,0.0,0.0,0.0,-3.87,-0.93,1.0,0.0,0.0,0.0,-3.87,1.07,1.0,0.0,0.0,0.0,2.31,-4.59,-1.0,0.0,0.0,0.0,2.31,-2.59,-1.0,0.0,0.0,0.0,2.31,-0.59,-1.0,0.0,0.0,0.0,2.31,1.41,-1.0,0.0,0.0,0.0,2.31,-4.59,1.0,0.0,0.0,0.0,2.31,-2.59,1.0,0.0,0.0,0.0,2.31,-0.59,1.0,0.0,0.0,0.0,2.31,1.41,1.0,0.0,0.0,0.0,8.58,15.305199999996834,6.518799999999518,0.0,1.5599999999995617,0.6399999999997519,0,0,0,0,0,0,0,0,0,0,0,0,0,0,0,0,0,0,0,0,0,0,0,0,0,0,0,0,0,0,0,0,0,0,0,0,0,0,0,0,0,0,0,0,0,0,0,0,0,0,0,0,0,0,0,0,0,0,0,0,0,0,0,0,0,0,0,0,0,0,0,0,0,0,0,0,0,0,0,0,0,0,0,0,0,0,0,0,0,0,0,0,0,0,0,0,0,0,0,0,0,0,0,0,0,0,0,0,0,0,0,0,0,0,0,0,0,0,0,0,0,0,0,0,0,0,0,0,0,0,0,0,0,0,0,0,0,0,0,0,0,0,0,0,0,0,0,0,0,0,0,0,0,0,0,0,0,0,0,0,0,0,0,0,0,0,0,0,0,0,0,0,0,0,0,0,0,0,0,0,0,0,0,0,0,0,0,0,0,0,0,0,0,0,0,0,0,0,0,0,0,0,0,0,0,0,0,0,0,0
17.601040341,-4.873880989133451,0.06442731096327703,-1.5755487329905487e-08,0.10240459442112382,0.0011327198008032058,-8.121787686832514e-10,0.10240459442138672,0.0011327198008075356,-8.121787686832249e-10,0.10240459442138672,0.0011327198008075356,-8.121787686832249e-10,4.99995330117819,-0.021609859724735093,5.273435660028744e-09,-3.87,-2.93,-1.0,0.0,0.0,0.0,-3.87,-0.93,-1.0,0.0,0.0,0.0,-3.87,1.07,-1.0,0.0,0.0,0.0,-3.87,-2.93,1.0,0.0,0.0,0.0,-3.87,-0.93,1.0,0.0,0.0,0.0,-3.87,1.07,1.0,0.0,0.0,0.0,2.31,-4.59,-1.0,0.0,0.0,0.0,2.31,-2.59,-1.0,0.0,0.0,0.0,2.31,-0.59,-1.0,0.0,0.0,0.0,2.31,1.41,-1.0,0.0,0.0,0.0,2.31,-4.59,1.0,0.0,0.0,0.0,2.31,-2.59,1.0,0.0,0.0,0.0,2.31,-0.59,1.0,0.0,0.0,0.0,2.31,1.41,1.0,0.0,0.0,0.0,8.58,15.46119999999679,6.5827999999994935,0.0,1.5599999999995617,0.6399999999997519,0,0,0,0,0,0,0,0,0,0,0,0,0,0,0,0,0,0,0,0,0,0,0,0,0,0,0,0,0,0,0,0,0,0,0,0,0,0,0,0,0,0,0,0,0,0,0,0,0,0,0,0,0,0,0,0,0,0,0,0,0,0,0,0,0,0,0,0,0,0,0,0,0,0,0,0,0,0,0,0,0,0,0,0,0,0,0,0,0,0,0,0,0,0,0,0,0,0,0,0,0,0,0,0,0,0,0,0,0,0,0,0,0,0,0,0,0,0,0,0,0,0,0,0,0,0,0,0,0,0,0,0,0,0,0,0,0,0,0,0,0,0,0,0,0,0,0,0,0,0,0,0,0,0,0,0,0,0,0,0,0,0,0,0,0,0,0,0,0,0,0,0,0,0,0,0,0,0,0,0,0,0,0,0,0,0,0,0,0,0,0,0,0,0,0,0,0,0,0,0,0,0,0,0,0,0,0,0,0,0
17.703012064,-4.8637717594495635,0.06453913261333905,-1.584158009837525e-08,0.10076422244331695,0.0011145906755744006,-8.73114913701217e-10,0.10076422244310379,0.0011145906755700707,-8.731149137020111e-10,0.10076422244310379,0.0011145906755700707,-8.731149137020111e-10,4.999953087448417,-0.021659254720498212,5.297239337140171e-09,-3.87,-2.93,-1.0,0.0,0.0,0.0,-3.87,-0.93,-1.0,0.0,0.0,0.0,-3.87,1.07,-1.0,0.0,0.0,0.0,-3.87,-2.93,1.0,0.0,0.0,0.0,-3.87,-0.93,1.0,0.0,0.0,0.0,-3.87,1.07,1.0,0.0,0.0,0.0,2.31,-4.59,-1.0,0.0,0.0,0.0,2.31,-2.59,-1.0,0.0,0.0,0.0,2.31,-0.59,-1.0,0.0,0.0,0.0,2.31,1.41,-1.0,0.0,0.0,0.0,2.31,-4.59,1.0,0.0,0.0,0.0,2.31,-2.59,1.0,0.0,0.0,0.0,2.31,-0.59,1.0,0.0,0.0,0.0,2.31,1.41,1.0,0.0,0.0,0.0,8.58,15.617199999996746,6.646799999999469,0.0,1.5599999999995617,0.6399999999997519,0,0,0,0,0,0,0,0,0,0,0,0,0,0,0,0,0,0,0,0,0,0,0,0,0,0,0,0,0,0,0,0,0,0,0,0,0,0,0,0,0,0,0,0,0,0,0,0,0,0,0,0,0,0,0,0,0,0,0,0,0,0,0,0,0,0,0,0,0,0,0,0,0,0,0,0,0,0,0,0,0,0,0,0,0,0,0,0,0,0,0,0,0,0,0,0,0,0,0,0,0,0,0,0,0,0,0,0,0,0,0,0,0,0,0,0,0,0,0,0,0,0,0,0,0,0,0,0,0,0,0,0,0,0,0,0,0,0,0,0,0,0,0,0,0,0,0,0,0,0,0,0,0,0,0,0,0,0,0,0,0,0,0,0,0,0,0,0,0,0,0,0,0,0,0,0,0,0,0,0,0,0,0,0,0,0,0,0,0,0,0,0,0,0,0,0,0,0,0,0,0,0,0,0,0,0,0,0,0,0
17.801761615,-4.855852589710653,0.06462673438165742,-1.591346655960327e-08,0.09873610734967286,0.001092226593751855,-9.022187441572625e-10,0.09873610734939575,0.0010922265937551856,-9.022187441587448e-10,0.09873610734939575,0.0010922265937551856,-9.022187441587448e-10,4.999952885461095,-0.021705832609575124,5.326234658722844e-09,-3.87,-2.93,-1.0,0.0,0.0,0.0,-3.87,-0.93,-1.0,0.0,0.0,0.0,-3.87,1.07,-1.0,0.0,0.0,0.0,-3.87,-2.93,1.0,0.0,0.0,0.0,-3.87,-0.93,1.0,0.0,0.0,0.0,-3.87,1.07,1.0,0.0,0.0,0.0,2.31,-4.59,-1.0,0.0,0.0,0.0,2.31,-2.59,-1.0,0.0,0.0,0.0,2.31,-0.59,-1.0,0.0,0.0,0.0,2.31,1.41,-1.0,0.0,0.0,0.0,2.31,-4.59,1.0,0.0,0.0,0.0,2.31,-2.59,1.0,0.0,0.0,0.0,2.31,-0.59,1.0,0.0,0.0,0.0,2.31,1.41,1.0,0.0,0.0,0.0,8.58,15.741999999996711,6.697999999999449,0.0,1.5599999999995617,0.6399999999997519,0,0,0,0,0,0,0,0,0,0,0,0,0,0,0,0,0,0,0,0,0,0,0,0,0,0,0,0,0,0,0,0,0,0,0,0,0,0,0,0,0,0,0,0,0,0,0,0,0,0,0,0,0,0,0,0,0,0,0,0,0,0,0,0,0,0,0,0,0,0,0,0,0,0,0,0,0,0,0,0,0,0,0,0,0,0,0,0,0,0,0,0,0,0,0,0,0,0,0,0,0,0,0,0,0,0,0,0,0,0,0,0,0,0,0,0,0,0,0,0,0,0,0,0,0,0,0,0,0,0,0,0,0,0,0,0,0,0,0,0,0,0,0,0,0,0,0,0,0,0,0,0,0,0,0,0,0,0,0,0,0,0,0,0,0,0,0,0,0,0,0,0,0,0,0,0,0,0,0,0,0,0,0,0,0,0,0,0,0,0,0,0,0,0,0,0,0,0,0,0,0,0,0,0,0,0,0,0,0,0
17.901150477,-4.846133257939546,0.06473424883710588,-1.6044975855500833e-08,0.09675817191556746,0.0010703265434092168,-1.4315446605910655e-09,0.096758171916008,0.0010703265434131026,-1.431544660590589e-09,0.096758171916008,0.0010703265434131026,-1.431544660590589e-09,4.999952671066797,-0.021755162421869742,5.3586221506970565e-09,-3.87,-2.93,-1.0,0.0,0.0,0.0,-3.87,-0.93,-1.0,0.0,0.0,0.0,-3.87,1.07,-1.0,0.0,0.0,0.0,-3.87,-2.93,1.0,0.0,0.0,0.0,-3.87,-0.93,1.0,0.0,0.0,0.0,-3.87,1.07,1.0,0.0,0.0,0.0,2.31,-4.59,-1.0,0.0,0.0,0.0,2.31,-2.59,-1.0,0.0,0.0,0.0,2.31,-0.59,-1.0,0.0,0.0,0.0,2.31,1.41,-1.0,0.0,0.0,0.0,2.31,-4.59,1.0,0.0,0.0,0.0,2.31,-2.59,1.0,0.0,0.0,0.0,2.31,-0.59,1.0,0.0,0.0,0.0,2.31,1.41,1.0,0.0,0.0,0.0,8.58,15.897999999996667,6.761999999999424,0.0,1.5599999999995617,0.6399999999997519,0,0,0,0,0,0,0,0,0,0,0,0,0,0,0,0,0,0,0,0,0,0,0,0,0,0,0,0,0,0,0,0,0,0,0,0,0,0,0,0,0,0,0,0,0,0,0,0,0,0,0,0,0,0,0,0,0,0,0,0,0,0,0,0,0,0,0,0,0,0,0,0,0,0,0,0,0,0,0,0,0,0,0,0,0,0,0,0,0,0,0,0,0,0,0,0,0,0,0,0,0,0,0,0,0,0,0,0,0,0,0,0,0,0,0,0,0,0,0,0,0,0,0,0,0,0,0,0,0,0,0,0,0,0,0,0,0,0,0,0,0,0,0,0,0,0,0,0,0,0,0,0,0,0,0,0,0,0,0,0,0,0,0,0,0,0,0,0,0,0,0,0,0,0,0,0,0,0,0,0,0,0,0,0,0,0,0,0,0,0,0,0,0,0,0,0,0,0,0,0,0,0,0,0,0,0,0,0,0,0
18.00105306,-4.838494381724911,0.06481874430819773,-1.6213703493584287e-08,0.09521608799722969,0.001053195446729105,-2.2528183762905903e-09,0.09521608799695969,0.00105319544672966,-2.2528183762915432e-09,0.09521608799695969,0.00105319544672966,-2.2528183762915432e-09,4.999952471264052,-0.02180103439065753,5.403211769854319e-09,-3.87,-2.93,-1.0,0.0,0.0,0.0,-3.87,-0.93,-1.0,0.0,0.0,0.0,-3.87,1.07,-1.0,0.0,0.0,0.0,-3.87,-2.93,1.0,0.0,0.0,0.0,-3.87,-0.93,1.0,0.0,0.0,0.0,-3.87,1.07,1.0,0.0,0.0,0.0,2.31,-4.59,-1.0,0.0,0.0,0.0,2.31,-2.59,-1.0,0.0,0.0,0.0,2.31,-0.59,-1.0,0.0,0.0,0.0,2.31,1.41,-1.0,0.0,0.0,0.0,2.31,-4.59,1.0,0.0,0.0,0.0,2.31,-2.59,1.0,0.0,0.0,0.0,2.31,-0.59,1.0,0.0,0.0,0.0,2.31,1.41,1.0,0.0,0.0,0.0,8.58,16.022799999996657,6.813199999999404,0.0,1.560000000001338,0.6399999999997519,0,0,0,0,0,0,0,0,0,0,0,0,0,0,0,0,0,0,0,0,0,0,0,0,0,0,0,0,0,0,0,0,0,0,0,0,0,0,0,0,0,0,0,0,0,0,0,0,0,0,0,0,0,0,0,0,0,0,0,0,0,0,0,0,0,0,0,0,0,0,0,0,0,0,0,0,0,0,0,0,0,0,0,0,0,0,0,0,0,0,0,0,0,0,0,0,0,0,0,0,0,0,0,0,0,0,0,0,0,0,0,0,0,0,0,0,0,0,0,0,0,0,0,0,0,0,0,0,0,0,0,0,0,0,0,0,0,0,0,0,0,0,0,0,0,0,0,0,0,0,0,0,0,0,0,0,0,0,0,0,0,0,0,0,0,0,0,0,0,0,0,0,0,0,0,0,0,0,0,0,0,0,0,0,0,0,0,0,0,0,0,0,0,0,0,0,0,0,0,0,0,0,0,0,0,0,0,0,0,0
18.101138492,-4.830968751578621,0.06490198409918108,-1.639671201747493e-08,0.09368847310575745,0.0010362647008127501,-2.2992026060805332e-09,0.0936884731054306,0.0010362647008150816,-2.2992026060819626e-09,0.0936884731054306,0.0010362647008150816,-2.2992026060819626e-09,4.999952289451933,-0.021842692241769823,5.465722804771456e-09,-3.87,-2.93,-1.0,0.0,0.0,0.0,-3.87,-0.93,-1.0,0.0,0.0,0.0,-3.87,1.07,-1.0,0.0,0.0,0.0,-3.87,-2.93,1.0,0.0,0.0,0.0,-3.87,-0.93,1.0,0.0,0.0,0.0,-3.87,1.07,1.0,0.0,0.0,0.0,2.31,-4.59,-1.0,0.0,0.0,0.0,2.31,-2.59,-1.0,0.0,0.0,0.0,2.31,-0.59,-1.0,0.0,0.0,0.0,2.31,1.41,-1.0,0.0,0.0,0.0,2.31,-4.59,1.0,0.0,0.0,0.0,2.31,-2.59,1.0,0.0,0.0,0.0,2.31,-0.59,1.0,0.0,0.0,0.0,2.31,1.41,1.0,0.0,0.0,0.0,8.58,16.147599999996764,6.864399999999384,0.0,1.560000000001338,0.6399999999997519,0,0,0,0,0,0,0,0,0,0,0,0,0,0,0,0,0,0,0,0,0,0,0,0,0,0,0,0,0,0,0,0,0,0,0,0,0,0,0,0,0,0,0,0,0,0,0,0,0,0,0,0,0,0,0,0,0,0,0,0,0,0,0,0,0,0,0,0,0,0,0,0,0,0,0,0,0,0,0,0,0,0,0,0,0,0,0,0,0,0,0,0,0,0,0,0,0,0,0,0,0,0,0,0,0,0,0,0,0,0,0,0,0,0,0,0,0,0,0,0,0,0,0,0,0,0,0,0,0,0,0,0,0,0,0,0,0,0,0,0,0,0,0,0,0,0,0,0,0,0,0,0,0,0,0,0,0,0,0,0,0,0,0,0,0,0,0,0,0,0,0,0,0,0,0,0,0,0,0,0,0,0,0,0,0,0,0,0,0,0,0,0,0,0,0,0,0,0,0,0,0,0,0,0,0,0,0,0,0,0
18.204142493,-4.823575481264867,0.06498376388975763,-1.6582219832806178e-08,0.09180314838896919,0.0010154983028781706,-2.3283064365398874e-09,0.09180314838886261,0.0010154983028769493,-2.3283064365386963e-09,0.09180314838886261,0.0010154983028769493,-2.3283064365386963e-09,4.999952103451311,-0.02188522773030031,5.5359108131152055e-09,-3.87,-2.93,-1.0,0.0,0.0,0.0,-3.87,-0.93,-1.0,0.0,0.0,0.0,-3.87,1.07,-1.0,0.0,0.0,0.0,-3.87,-2.93,1.0,0.0,0.0,0.0,-3.87,-0.93,1.0,0.0,0.0,0.0,-3.87,1.07,1.0,0.0,0.0,0.0,2.31,-4.59,-1.0,0.0,0.0,0.0,2.31,-2.59,-1.0,0.0,0.0,0.0,2.31,-0.59,-1.0,0.0,0.0,0.0,2.31,1.41,-1.0,0.0,0.0,0.0,2.31,-4.59,1.0,0.0,0.0,0.0,2.31,-2.59,1.0,0.0,0.0,0.0,2.31,-0.59,1.0,0.0,0.0,0.0,2.31,1.41,1.0,0.0,0.0,0.0,8.58,16.303599999996898,6.9283999999993595,0.0,1.560000000001338,0.6399999999997519,0,0,0,0,0,0,0,0,0,0,0,0,0,0,0,0,0,0,0,0,0,0,0,0,0,0,0,0,0,0,0,0,0,0,0,0,0,0,0,0,0,0,0,0,0,0,0,0,0,0,0,0,0,0,0,0,0,0,0,0,0,0,0,0,0,0,0,0,0,0,0,0,0,0,0,0,0,0,0,0,0,0,0,0,0,0,0,0,0,0,0,0,0,0,0,0,0,0,0,0,0,0,0,0,0,0,0,0,0,0,0,0,0,0,0,0,0,0,0,0,0,0,0,0,0,0,0,0,0,0,0,0,0,0,0,0,0,0,0,0,0,0,0,0,0,0,0,0,0,0,0,0,0,0,0,0,0,0,0,0,0,0,0,0,0,0,0,0,0,0,0,0,0,0,0,0,0,0,0,0,0,0,0,0,0,0,0,0,0,0,0,0,0,0,0,0,0,0,0,0,0,0,0,0,0,0,0,0,0,0
18.310387538,-4.816297147362513,0.06506427086656776,-1.6807979155153864e-08,0.09033830463867076,0.000999211915764242,-3.2059688237508955e-09,0.09033830463886261,0.000999211915768683,-3.205968823749572e-09,0.09033830463886261,0.000999211915768683,-3.205968823749572e-09,4.999951928917642,-0.02192506585511254,5.603798382480106e-09,-3.87,-2.93,-1.0,0.0,0.0,0.0,-3.87,-0.93,-1.0,0.0,0.0,0.0,-3.87,1.07,-1.0,0.0,0.0,0.0,-3.87,-2.93,1.0,0.0,0.0,0.0,-3.87,-0.93,1.0,0.0,0.0,0.0,-3.87,1.07,1.0,0.0,0.0,0.0,2.31,-4.59,-1.0,0.0,0.0,0.0,2.31,-2.59,-1.0,0.0,0.0,0.0,2.31,-0.59,-1.0,0.0,0.0,0.0,2.31,1.41,-1.0,0.0,0.0,0.0,2.31,-4.59,1.0,0.0,0.0,0.0,2.31,-2.59,1.0,0.0,0.0,0.0,2.31,-0.59,1.0,0.0,0.0,0.0,2.31,1.41,1.0,0.0,0.0,0.0,8.58,16.397199999996978,6.966799999999345,0.0,1.560000000001338,0.6399999999997519,0,0,0,0,0,0,0,0,0,0,0,0,0,0,0,0,0,0,0,0,0,0,0,0,0,0,0,0,0,0,0,0,0,0,0,0,0,0,0,0,0,0,0,0,0,0,0,0,0,0,0,0,0,0,0,0,0,0,0,0,0,0,0,0,0,0,0,0,0,0,0,0,0,0,0,0,0,0,0,0,0,0,0,0,0,0,0,0,0,0,0,0,0,0,0,0,0,0,0,0,0,0,0,0,0,0,0,0,0,0,0,0,0,0,0,0,0,0,0,0,0,0,0,0,0,0,0,0,0,0,0,0,0,0,0,0,0,0,0,0,0,0,0,0,0,0,0,0,0,0,0,0,0,0,0,0,0,0,0,0,0,0,0,0,0,0,0,0,0,0,0,0,0,0,0,0,0,0,0,0,0,0,0,0,0,0,0,0,0,0,0,0,0,0,0,0,0,0,0,0,0,0,0,0,0,0,0,0,0,0
18.400739255,-4.810937558918259,0.06512354924250253,-1.70264652483714e-08,0.0892542004589103,0.0009871701477093264,-3.6725396057595077e-09,0.08925420045852661,0.0009871701477095485,-3.6725396057590842e-09,0.08925420045852661,0.0009871701477095485,-3.6725396057590842e-09,4.999951791914184,-0.021956286893130783,5.670895503779254e-09,-3.87,-2.93,-1.0,0.0,0.0,0.0,-3.87,-0.93,-1.0,0.0,0.0,0.0,-3.87,1.07,-1.0,0.0,0.0,0.0,-3.87,-2.93,1.0,0.0,0.0,0.0,-3.87,-0.93,1.0,0.0,0.0,0.0,-3.87,1.07,1.0,0.0,0.0,0.0,2.31,-4.59,-1.0,0.0,0.0,0.0,2.31,-2.59,-1.0,0.0,0.0,0.0,2.31,-0.59,-1.0,0.0,0.0,0.0,2.31,1.41,-1.0,0.0,0.0,0.0,2.31,-4.59,1.0,0.0,0.0,0.0,2.31,-2.59,1.0,0.0,0.0,0.0,2.31,-0.59,1.0,0.0,0.0,0.0,2.31,1.41,1.0,0.0,0.0,0.0,8.58,16.49079999999706,7.00519999999933,0.0,1.560000000001338,0.6399999999997519,0,0,0,0,0,0,0,0,0,0,0,0,0,0,0,0,0,0,0,0,0,0,0,0,0,0,0,0,0,0,0,0,0,0,0,0,0,0,0,0,0,0,0,0,0,0,0,0,0,0,0,0,0,0,0,0,0,0,0,0,0,0,0,0,0,0,0,0,0,0,0,0,0,0,0,0,0,0,0,0,0,0,0,0,0,0,0,0,0,0,0,0,0,0,0,0,0,0,0,0,0,0,0,0,0,0,0,0,0,0,0,0,0,0,0,0,0,0,0,0,0,0,0,0,0,0,0,0,0,0,0,0,0,0,0,0,0,0,0,0,0,0,0,0,0,0,0,0,0,0,0,0,0,0,0,0,0,0,0,0,0,0,0,0,0,0,0,0,0,0,0,0,0,0,0,0,0,0,0,0,0,0,0,0,0,0,0,0,0,0,0,0,0,0,0,0,0,0,0,0,0,0,0,0,0,0,0,0,0,0
18.503371744,-4.802095739527577,0.06522134094231123,-1.739442861481462e-08,0.08818239718699772,0.0009753071353729714,-3.681634552775781e-09,0.08818239718675613,0.0009753071353770792,-3.6816345527768135e-09,0.08818239718675613,0.0009753071353770792,-3.6816345527768135e-09,4.999951465724474,-0.022030442566631767,5.874328498594752e-09,-3.87,-2.93,-1.0,0.0,0.0,0.0,-3.87,-0.93,-1.0,0.0,0.0,0.0,-3.87,1.07,-1.0,0.0,0.0,0.0,-3.87,-2.93,1.0,0.0,0.0,0.0,-3.87,-0.93,1.0,0.0,0.0,0.0,-3.87,1.07,1.0,0.0,0.0,0.0,2.31,-4.59,-1.0,0.0,0.0,0.0,2.31,-2.59,-1.0,0.0,0.0,0.0,2.31,-0.59,-1.0,0.0,0.0,0.0,2.31,1.41,-1.0,0.0,0.0,0.0,2.31,-4.59,1.0,0.0,0.0,0.0,2.31,-2.59,1.0,0.0,0.0,0.0,2.31,-0.59,1.0,0.0,0.0,0.0,2.31,1.41,1.0,0.0,0.0,0.0,8.58,16.646799999997192,7.069199999999305,0.0,1.560000000001338,0.6399999999997519,0,0,0,0,0,0,0,0,0,0,0,0,0,0,0,0,0,0,0,0,0,0,0,0,0,0,0,0,0,0,0,0,0,0,0,0,0,0,0,0,0,0,0,0,0,0,0,0,0,0,0,0,0,0,0,0,0,0,0,0,0,0,0,0,0,0,0,0,0,0,0,0,0,0,0,0,0,0,0,0,0,0,0,0,0,0,0,0,0,0,0,0,0,0,0,0,0,0,0,0,0,0,0,0,0,0,0,0,0,0,0,0,0,0,0,0,0,0,0,0,0,0,0,0,0,0,0,0,0,0,0,0,0,0,0,0,0,0,0,0,0,0,0,0,0,0,0,0,0,0,0,0,0,0,0,0,0,0,0,0,0,0,0,0,0,0,0,0,0,0,0,0,0,0,0,0,0,0,0,0,0,0,0,0,0,0,0,0,0,0,0,0,0,0,0,0,0,0,0,0,0,0,0,0,0,0,0,0,0,0
18.600942762,-4.795154896303022,0.06529811581235644,-1.7736864283968485e-08,0.08640507608692616,0.0009557805606130731,-4.430148692335192e-09,0.08640507608652115,0.0009557805606164038,-4.4301486923359334e-09,0.08640507608652115,0.0009557805606164038,-4.4301486923359334e-09,4.999951465724474,-0.022030442566631767,5.874328498594752e-09,-3.87,-2.93,-1.0,0.0,0.0,0.0,-3.87,-0.93,-1.0,0.0,0.0,0.0,-3.87,1.07,-1.0,0.0,0.0,0.0,-3.87,-2.93,1.0,0.0,0.0,0.0,-3.87,-0.93,1.0,0.0,0.0,0.0,-3.87,1.07,1.0,0.0,0.0,0.0,2.31,-4.59,-1.0,0.0,0.0,0.0,2.31,-2.59,-1.0,0.0,0.0,0.0,2.31,-0.59,-1.0,0.0,0.0,0.0,2.31,1.41,-1.0,0.0,0.0,0.0,2.31,-4.59,1.0,0.0,0.0,0.0,2.31,-2.59,1.0,0.0,0.0,0.0,2.31,-0.59,1.0,0.0,0.0,0.0,2.31,1.41,1.0,0.0,0.0,0.0,8.58,16.7715999999973,7.120399999999285,0.0,1.560000000001338,0.6399999999997519,0,0,0,0,0,0,0,0,0,0,0,0,0,0,0,0,0,0,0,0,0,0,0,0,0,0,0,0,0,0,0,0,0,0,0,0,0,0,0,0,0,0,0,0,0,0,0,0,0,0,0,0,0,0,0,0,0,0,0,0,0,0,0,0,0,0,0,0,0,0,0,0,0,0,0,0,0,0,0,0,0,0,0,0,0,0,0,0,0,0,0,0,0,0,0,0,0,0,0,0,0,0,0,0,0,0,0,0,0,0,0,0,0,0,0,0,0,0,0,0,0,0,0,0,0,0,0,0,0,0,0,0,0,0,0,0,0,0,0,0,0,0,0,0,0,0,0,0,0,0,0,0,0,0,0,0,0,0,0,0,0,0,0,0,0,0,0,0,0,0,0,0,0,0,0,0,0,0,0,0,0,0,0,0,0,0,0,0,0,0,0,0,0,0,0,0,0,0,0,0,0,0,0,0,0,0,0,0,0,0
18.701508381,-4.786649565412618,0.0653921983545853,-1.823457434557727e-08,0.08467204123707717,0.0009366073063510338,-5.131369107402702e-09,0.08467204123735428,0.0009366073063574731,-5.131369107402861e-09,0.08467204123735428,0.0009366073063574731,-5.131369107402861e-09,4.999951287747224,-0.022070798691491554,6.00634559700967e-09,-3.87,-2.93,-1.0,0.0,0.0,0.0,-3.87,-0.93,-1.0,0.0,0.0,0.0,-3.87,1.07,-1.0,0.0,0.0,0.0,-3.87,-2.93,1.0,0.0,0.0,0.0,-3.87,-0.93,1.0,0.0,0.0,0.0,-3.87,1.07,1.0,0.0,0.0,0.0,2.31,-4.59,-1.0,0.0,0.0,0.0,2.31,-2.59,-1.0,0.0,0.0,0.0,2.31,-0.59,-1.0,0.0,0.0,0.0,2.31,1.41,-1.0,0.0,0.0,0.0,2.31,-4.59,1.0,0.0,0.0,0.0,2.31,-2.59,1.0,0.0,0.0,0.0,2.31,-0.59,1.0,0.0,0.0,0.0,2.31,1.41,1.0,0.0,0.0,0.0,8.58,16.927599999997433,7.18439999999926,0.0,1.560000000001338,0.6399999999997519,0,0,0,0,0,0,0,0,0,0,0,0,0,0,0,0,0,0,0,0,0,0,0,0,0,0,0,0,0,0,0,0,0,0,0,0,0,0,0,0,0,0,0,0,0,0,0,0,0,0,0,0,0,0,0,0,0,0,0,0,0,0,0,0,0,0,0,0,0,0,0,0,0,0,0,0,0,0,0,0,0,0,0,0,0,0,0,0,0,0,0,0,0,0,0,0,0,0,0,0,0,0,0,0,0,0,0,0,0,0,0,0,0,0,0,0,0,0,0,0,0,0,0,0,0,0,0,0,0,0,0,0,0,0,0,0,0,0,0,0,0,0,0,0,0,0,0,0,0,0,0,0,0,0,0,0,0,0,0,0,0,0,0,0,0,0,0,0,0,0,0,0,0,0,0,0,0,0,0,0,0,0,0,0,0,0,0,0,0,0,0,0,0,0,0,0,0,0,0,0,0,0,0,0,0,0,0,0,0,0
18.800625208,-4.779968964486327,0.06546609060180802,-1.8644456322825364e-08,0.083321861922947,0.0009215879254037551,-5.122274160386429e-09,0.08332186192274094,0.0009215879254043102,-5.122274160385132e-09,0.08332186192274094,0.0009215879254043102,-5.122274160385132e-09,4.999951114923989,-0.022109915656980193,6.158749326695484e-09,-3.87,-2.93,-1.0,0.0,0.0,0.0,-3.87,-0.93,-1.0,0.0,0.0,0.0,-3.87,1.07,-1.0,0.0,0.0,0.0,-3.87,-2.93,1.0,0.0,0.0,0.0,-3.87,-0.93,1.0,0.0,0.0,0.0,-3.87,1.07,1.0,0.0,0.0,0.0,2.31,-4.59,-1.0,0.0,0.0,0.0,2.31,-2.59,-1.0,0.0,0.0,0.0,2.31,-0.59,-1.0,0.0,0.0,0.0,2.31,1.41,-1.0,0.0,0.0,0.0,2.31,-4.59,1.0,0.0,0.0,0.0,2.31,-2.59,1.0,0.0,0.0,0.0,2.31,-0.59,1.0,0.0,0.0,0.0,2.31,1.41,1.0,0.0,0.0,0.0,8.58,17.05239999999754,7.23559999999924,0.0,1.560000000001338,0.6399999999997519,0,0,0,0,0,0,0,0,0,0,0,0,0,0,0,0,0,0,0,0,0,0,0,0,0,0,0,0,0,0,0,0,0,0,0,0,0,0,0,0,0,0,0,0,0,0,0,0,0,0,0,0,0,0,0,0,0,0,0,0,0,0,0,0,0,0,0,0,0,0,0,0,0,0,0,0,0,0,0,0,0,0,0,0,0,0,0,0,0,0,0,0,0,0,0,0,0,0,0,0,0,0,0,0,0,0,0,0,0,0,0,0,0,0,0,0,0,0,0,0,0,0,0,0,0,0,0,0,0,0,0,0,0,0,0,0,0,0,0,0,0,0,0,0,0,0,0,0,0,0,0,0,0,0,0,0,0,0,0,0,0,0,0,0,0,0,0,0,0,0,0,0,0,0,0,0,0,0,0,0,0,0,0,0,0,0,0,0,0,0,0,0,0,0,0,0,0,0,0,0,0,0,0,0,0,0,0,0,0,0
18.90104793,-4.771763991265488,0.06555684625910058,-1.9194700617398065e-08,0.08164800703536201,0.0009031256195113357,-5.622496246360878e-09,0.08164800703525543,0.0009031256195157766,-5.622496246360242e-09,0.08164800703525543,0.0009031256195157766,-5.622496246360242e-09,4.999950769084612,-0.022187986168192668,6.489271694894415e-09,-3.87,-2.93,-1.0,0.0,0.0,0.0,-3.87,-0.93,-1.0,0.0,0.0,0.0,-3.87,1.07,-1.0,0.0,0.0,0.0,-3.87,-2.93,1.0,0.0,0.0,0.0,-3.87,-0.93,1.0,0.0,0.0,0.0,-3.87,1.07,1.0,0.0,0.0,0.0,2.31,-4.59,-1.0,0.0,0.0,0.0,2.31,-2.59,-1.0,0.0,0.0,0.0,2.31,-0.59,-1.0,0.0,0.0,0.0,2.31,1.41,-1.0,0.0,0.0,0.0,2.31,-4.59,1.0,0.0,0.0,0.0,2.31,-2.59,1.0,0.0,0.0,0.0,2.31,-0.59,1.0,0.0,0.0,0.0,2.31,1.41,1.0,0.0,0.0,0.0,8.58,17.208399999997674,7.299599999999216,0.0,1.560000000001338,0.6399999999997519,0,0,0,0,0,0,0,0,0,0,0,0,0,0,0,0,0,0,0,0,0,0,0,0,0,0,0,0,0,0,0,0,0,0,0,0,0,0,0,0,0,0,0,0,0,0,0,0,0,0,0,0,0,0,0,0,0,0,0,0,0,0,0,0,0,0,0,0,0,0,0,0,0,0,0,0,0,0,0,0,0,0,0,0,0,0,0,0,0,0,0,0,0,0,0,0,0,0,0,0,0,0,0,0,0,0,0,0,0,0,0,0,0,0,0,0,0,0,0,0,0,0,0,0,0,0,0,0,0,0,0,0,0,0,0,0,0,0,0,0,0,0,0,0,0,0,0,0,0,0,0,0,0,0,0,0,0,0,0,0,0,0,0,0,0,0,0,0,0,0,0,0,0,0,0,0,0,0,0,0,0,0,0,0,0,0,0,0,0,0,0,0,0,0,0,0,0,0,0,0,0,0,0,0,0,0,0,0,0,0
19.002631005,-4.765319435379412,0.06562812570214417,-1.9646084656877303e-08,0.08034525066591414,0.0008886389550738505,-5.646143108605174e-09,0.08034525066614151,0.0008886389550752938,-5.6461431086063385e-09,0.08034525066614151,0.0008886389550752938,-5.6461431086063385e-09,4.999950769084612,-0.022187986168192668,6.489271694894415e-09,-3.87,-2.93,-1.0,0.0,0.0,0.0,-3.87,-0.93,-1.0,0.0,0.0,0.0,-3.87,1.07,-1.0,0.0,0.0,0.0,-3.87,-2.93,1.0,0.0,0.0,0.0,-3.87,-0.93,1.0,0.0,0.0,0.0,-3.87,1.07,1.0,0.0,0.0,0.0,2.31,-4.59,-1.0,0.0,0.0,0.0,2.31,-2.59,-1.0,0.0,0.0,0.0,2.31,-0.59,-1.0,0.0,0.0,0.0,2.31,1.41,-1.0,0.0,0.0,0.0,2.31,-4.59,1.0,0.0,0.0,0.0,2.31,-2.59,1.0,0.0,0.0,0.0,2.31,-0.59,1.0,0.0,0.0,0.0,2.31,1.41,1.0,0.0,0.0,0.0,8.58,17.33319999999778,7.350799999999196,0.0,1.560000000001338,0.6399999999997519,0,0,0,0,0,0,0,0,0,0,0,0,0,0,0,0,0,0,0,0,0,0,0,0,0,0,0,0,0,0,0,0,0,0,0,0,0,0,0,0,0,0,0,0,0,0,0,0,0,0,0,0,0,0,0,0,0,0,0,0,0,0,0,0,0,0,0,0,0,0,0,0,0,0,0,0,0,0,0,0,0,0,0,0,0,0,0,0,0,0,0,0,0,0,0,0,0,0,0,0,0,0,0,0,0,0,0,0,0,0,0,0,0,0,0,0,0,0,0,0,0,0,0,0,0,0,0,0,0,0,0,0,0,0,0,0,0,0,0,0,0,0,0,0,0,0,0,0,0,0,0,0,0,0,0,0,0,0,0,0,0,0,0,0,0,0,0,0,0,0,0,0,0,0,0,0,0,0,0,0,0,0,0,0,0,0,0,0,0,0,0,0,0,0,0,0,0,0,0,0,0,0,0,0,0,0,0,0,0,0
19.100716888,-4.7574011449133256,0.06571570826030433,-2.0236172095345263e-08,0.07873088121446159,0.0008708426030290539,-5.999936547597437e-09,0.07873088121414185,0.0008708426030352712,-5.9999365475960076e-09,0.07873088121414185,0.0008708426030352712,-5.9999365475960076e-09,4.999950590639289,-0.022228161548570574,6.674145209796277e-09,-3.87,-2.93,-1.0,0.0,0.0,0.0,-3.87,-0.93,-1.0,0.0,0.0,0.0,-3.87,1.07,-1.0,0.0,0.0,0.0,-3.87,-2.93,1.0,0.0,0.0,0.0,-3.87,-0.93,1.0,0.0,0.0,0.0,-3.87,1.07,1.0,0.0,0.0,0.0,2.31,-4.59,-1.0,0.0,0.0,0.0,2.31,-2.59,-1.0,0.0,0.0,0.0,2.31,-0.59,-1.0,0.0,0.0,0.0,2.31,1.41,-1.0,0.0,0.0,0.0,2.31,-4.59,1.0,0.0,0.0,0.0,2.31,-2.59,1.0,0.0,0.0,0.0,2.31,-0.59,1.0,0.0,0.0,0.0,2.31,1.41,1.0,0.0,0.0,0.0,8.58,17.489199999997915,7.414799999999171,0.0,1.560000000001338,0.6399999999997519,0,0,0,0,0,0,0,0,0,0,0,0,0,0,0,0,0,0,0,0,0,0,0,0,0,0,0,0,0,0,0,0,0,0,0,0,0,0,0,0,0,0,0,0,0,0,0,0,0,0,0,0,0,0,0,0,0,0,0,0,0,0,0,0,0,0,0,0,0,0,0,0,0,0,0,0,0,0,0,0,0,0,0,0,0,0,0,0,0,0,0,0,0,0,0,0,0,0,0,0,0,0,0,0,0,0,0,0,0,0,0,0,0,0,0,0,0,0,0,0,0,0,0,0,0,0,0,0,0,0,0,0,0,0,0,0,0,0,0,0,0,0,0,0,0,0,0,0,0,0,0,0,0,0,0,0,0,0,0,0,0,0,0,0,0,0,0,0,0,0,0,0,0,0,0,0,0,0,0,0,0,0,0,0,0,0,0,0,0,0,0,0,0,0,0,0,0,0,0,0,0,0,0,0,0,0,0,0,0,0
19.20186173,-4.751176879315557,0.06578455105656393,-2.073277484715475e-08,0.07747317105533114,0.0008568661287455814,-6.281425157795602e-09,0.07747317105531693,0.0008568661287426949,-6.281425157794729e-09,0.07747317105531693,0.0008568661287426949,-6.281425157794729e-09,4.999950420675948,-0.022266359882363924,6.862419418928599e-09,-3.87,-2.93,-1.0,0.0,0.0,0.0,-3.87,-0.93,-1.0,0.0,0.0,0.0,-3.87,1.07,-1.0,0.0,0.0,0.0,-3.87,-2.93,1.0,0.0,0.0,0.0,-3.87,-0.93,1.0,0.0,0.0,0.0,-3.87,1.07,1.0,0.0,0.0,0.0,2.31,-4.59,-1.0,0.0,0.0,0.0,2.31,-2.59,-1.0,0.0,0.0,0.0,2.31,-0.59,-1.0,0.0,0.0,0.0,2.31,1.41,-1.0,0.0,0.0,0.0,2.31,-4.59,1.0,0.0,0.0,0.0,2.31,-2.59,1.0,0.0,0.0,0.0,2.31,-0.59,1.0,0.0,0.0,0.0,2.31,1.41,1.0,0.0,0.0,0.0,8.58,17.613999999998022,7.465999999999151,0.0,1.560000000001338,0.6399999999997519,0,0,0,0,0,0,0,0,0,0,0,0,0,0,0,0,0,0,0,0,0,0,0,0,0,0,0,0,0,0,0,0,0,0,0,0,0,0,0,0,0,0,0,0,0,0,0,0,0,0,0,0,0,0,0,0,0,0,0,0,0,0,0,0,0,0,0,0,0,0,0,0,0,0,0,0,0,0,0,0,0,0,0,0,0,0,0,0,0,0,0,0,0,0,0,0,0,0,0,0,0,0,0,0,0,0,0,0,0,0,0,0,0,0,0,0,0,0,0,0,0,0,0,0,0,0,0,0,0,0,0,0,0,0,0,0,0,0,0,0,0,0,0,0,0,0,0,0,0,0,0,0,0,0,0,0,0,0,0,0,0,0,0,0,0,0,0,0,0,0,0,0,0,0,0,0,0,0,0,0,0,0,0,0,0,0,0,0,0,0,0,0,0,0,0,0,0,0,0,0,0,0,0,0,0,0,0,0,0,0
19.30221427,-4.74354956594756,0.06586891697492323,-2.138854462874261e-08,0.07591468095746734,0.0008397142519239731,-6.640220817643673e-09,0.07591468095779419,0.0008397142519243062,-6.640220817644149e-09,0.07591468095779419,0.0008397142519243062,-6.640220817644149e-09,4.999950268237349,-0.022300563967339863,7.041869255843582e-09,-3.87,-2.93,-1.0,0.0,0.0,0.0,-3.87,-0.93,-1.0,0.0,0.0,0.0,-3.87,1.07,-1.0,0.0,0.0,0.0,-3.87,-2.93,1.0,0.0,0.0,0.0,-3.87,-0.93,1.0,0.0,0.0,0.0,-3.87,1.07,1.0,0.0,0.0,0.0,2.31,-4.59,-1.0,0.0,0.0,0.0,2.31,-2.59,-1.0,0.0,0.0,0.0,2.31,-0.59,-1.0,0.0,0.0,0.0,2.31,1.41,-1.0,0.0,0.0,0.0,2.31,-4.59,1.0,0.0,0.0,0.0,2.31,-2.59,1.0,0.0,0.0,0.0,2.31,-0.59,1.0,0.0,0.0,0.0,2.31,1.41,1.0,0.0,0.0,0.0,8.58,17.769999999998156,7.529999999999126,0.0,1.560000000001338,0.6399999999997519,0,0,0,0,0,0,0,0,0,0,0,0,0,0,0,0,0,0,0,0,0,0,0,0,0,0,0,0,0,0,0,0,0,0,0,0,0,0,0,0,0,0,0,0,0,0,0,0,0,0,0,0,0,0,0,0,0,0,0,0,0,0,0,0,0,0,0,0,0,0,0,0,0,0,0,0,0,0,0,0,0,0,0,0,0,0,0,0,0,0,0,0,0,0,0,0,0,0,0,0,0,0,0,0,0,0,0,0,0,0,0,0,0,0,0,0,0,0,0,0,0,0,0,0,0,0,0,0,0,0,0,0,0,0,0,0,0,0,0,0,0,0,0,0,0,0,0,0,0,0,0,0,0,0,0,0,0,0,0,0,0,0,0,0,0,0,0,0,0,0,0,0,0,0,0,0,0,0,0,0,0,0,0,0,0,0,0,0,0,0,0,0,0,0,0,0,0,0,0,0,0,0,0,0,0,0,0,0,0,0
19.401125446,-4.737559972747185,0.06593516499368357,-2.1959266651272907e-08,0.07470335811365914,0.0008262487244808936,-7.21274773240891e-09,0.07470335811376572,0.0008262487244792283,-7.212747732410207e-09,0.07470335811376572,0.0008262487244792283,-7.212747732410207e-09,4.999950111876153,-0.022335593783022682,7.23971886073312e-09,-3.87,-2.93,-1.0,0.0,0.0,0.0,-3.87,-0.93,-1.0,0.0,0.0,0.0,-3.87,1.07,-1.0,0.0,0.0,0.0,-3.87,-2.93,1.0,0.0,0.0,0.0,-3.87,-0.93,1.0,0.0,0.0,0.0,-3.87,1.07,1.0,0.0,0.0,0.0,2.31,-4.59,-1.0,0.0,0.0,0.0,2.31,-2.59,-1.0,0.0,0.0,0.0,2.31,-0.59,-1.0,0.0,0.0,0.0,2.31,1.41,-1.0,0.0,0.0,0.0,2.31,-4.59,1.0,0.0,0.0,0.0,2.31,-2.59,1.0,0.0,0.0,0.0,2.31,-0.59,1.0,0.0,0.0,0.0,2.31,1.41,1.0,0.0,0.0,0.0,8.58,17.894799999998263,7.581199999999106,0.0,1.560000000001338,0.6399999999997519,0,0,0,0,0,0,0,0,0,0,0,0,0,0,0,0,0,0,0,0,0,0,0,0,0,0,0,0,0,0,0,0,0,0,0,0,0,0,0,0,0,0,0,0,0,0,0,0,0,0,0,0,0,0,0,0,0,0,0,0,0,0,0,0,0,0,0,0,0,0,0,0,0,0,0,0,0,0,0,0,0,0,0,0,0,0,0,0,0,0,0,0,0,0,0,0,0,0,0,0,0,0,0,0,0,0,0,0,0,0,0,0,0,0,0,0,0,0,0,0,0,0,0,0,0,0,0,0,0,0,0,0,0,0,0,0,0,0,0,0,0,0,0,0,0,0,0,0,0,0,0,0,0,0,0,0,0,0,0,0,0,0,0,0,0,0,0,0,0,0,0,0,0,0,0,0,0,0,0,0,0,0,0,0,0,0,0,0,0,0,0,0,0,0,0,0,0,0,0,0,0,0,0,0,0,0,0,0,0,0
19.502100674,-4.730203654720437,0.06601653022068471,-2.2680921593299342e-08,0.07320312410552532,0.0008096744422841917,-7.217749953271335e-09,0.07320312410593033,0.0008096744422800839,-7.2177499532699585e-09,0.07320312410593033,0.0008096744422800839,-7.2177499532699585e-09,4.999949795053954,-0.02240640399358276,7.686262640814287e-09,-3.87,-2.93,-1.0,0.0,0.0,0.0,-3.87,-0.93,-1.0,0.0,0.0,0.0,-3.87,1.07,-1.0,0.0,0.0,0.0,-3.87,-2.93,1.0,0.0,0.0,0.0,-3.87,-0.93,1.0,0.0,0.0,0.0,-3.87,1.07,1.0,0.0,0.0,0.0,2.31,-4.59,-1.0,0.0,0.0,0.0,2.31,-2.59,-1.0,0.0,0.0,0.0,2.31,-0.59,-1.0,0.0,0.0,0.0,2.31,1.41,-1.0,0.0,0.0,0.0,2.31,-4.59,1.0,0.0,0.0,0.0,2.31,-2.59,1.0,0.0,0.0,0.0,2.31,-0.59,1.0,0.0,0.0,0.0,2.31,1.41,1.0,0.0,0.0,0.0,8.58,18.050799999998397,7.645199999999082,0.0,1.560000000001338,0.6399999999997519,0,0,0,0,0,0,0,0,0,0,0,0,0,0,0,0,0,0,0,0,0,0,0,0,0,0,0,0,0,0,0,0,0,0,0,0,0,0,0,0,0,0,0,0,0,0,0,0,0,0,0,0,0,0,0,0,0,0,0,0,0,0,0,0,0,0,0,0,0,0,0,0,0,0,0,0,0,0,0,0,0,0,0,0,0,0,0,0,0,0,0,0,0,0,0,0,0,0,0,0,0,0,0,0,0,0,0,0,0,0,0,0,0,0,0,0,0,0,0,0,0,0,0,0,0,0,0,0,0,0,0,0,0,0,0,0,0,0,0,0,0,0,0,0,0,0,0,0,0,0,0,0,0,0,0,0,0,0,0,0,0,0,0,0,0,0,0,0,0,0,0,0,0,0,0,0,0,0,0,0,0,0,0,0,0,0,0,0,0,0,0,0,0,0,0,0,0,0,0,0,0,0,0,0,0,0,0,0,0,0
19.603113841,-4.724425690091201,0.06608043631666527,-2.3256391632920272e-08,0.07203468680394565,0.0007967213168785792,-7.188646122811981e-09,0.07203468680381775,0.0007967213168740273,-7.188646122813225e-09,0.07203468680381775,0.0007967213168740273,-7.188646122813225e-09,4.999949795053954,-0.02240640399358276,7.686262640814287e-09,-3.87,-2.93,-1.0,0.0,0.0,0.0,-3.87,-0.93,-1.0,0.0,0.0,0.0,-3.87,1.07,-1.0,0.0,0.0,0.0,-3.87,-2.93,1.0,0.0,0.0,0.0,-3.87,-0.93,1.0,0.0,0.0,0.0,-3.87,1.07,1.0,0.0,0.0,0.0,2.31,-4.59,-1.0,0.0,0.0,0.0,2.31,-2.59,-1.0,0.0,0.0,0.0,2.31,-0.59,-1.0,0.0,0.0,0.0,2.31,1.41,-1.0,0.0,0.0,0.0,2.31,-4.59,1.0,0.0,0.0,0.0,2.31,-2.59,1.0,0.0,0.0,0.0,2.31,-0.59,1.0,0.0,0.0,0.0,2.31,1.41,1.0,0.0,0.0,0.0,8.58,18.175599999998504,7.696399999999062,0.0,1.560000000001338,0.6399999999997519,0,0,0,0,0,0,0,0,0,0,0,0,0,0,0,0,0,0,0,0,0,0,0,0,0,0,0,0,0,0,0,0,0,0,0,0,0,0,0,0,0,0,0,0,0,0,0,0,0,0,0,0,0,0,0,0,0,0,0,0,0,0,0,0,0,0,0,0,0,0,0,0,0,0,0,0,0,0,0,0,0,0,0,0,0,0,0,0,0,0,0,0,0,0,0,0,0,0,0,0,0,0,0,0,0,0,0,0,0,0,0,0,0,0,0,0,0,0,0,0,0,0,0,0,0,0,0,0,0,0,0,0,0,0,0,0,0,0,0,0,0,0,0,0,0,0,0,0,0,0,0,0,0,0,0,0,0,0,0,0,0,0,0,0,0,0,0,0,0,0,0,0,0,0,0,0,0,0,0,0,0,0,0,0,0,0,0,0,0,0,0,0,0,0,0,0,0,0,0,0,0,0,0,0,0,0,0,0,0,0
19.700632385,-4.717327858365102,0.06615894394076664,-2.3977380824825003e-08,0.07058760523825924,0.000780769158159611,-7.217749953271335e-09,0.07058760523796082,0.000780769158154726,-7.2177499532699585e-09,0.07058760523796082,0.000780769158154726,-7.2177499532699585e-09,4.999949481246589,-0.02247632047202384,8.145887213390747e-09,-3.87,-2.93,-1.0,0.0,0.0,0.0,-3.87,-0.93,-1.0,0.0,0.0,0.0,-3.87,1.07,-1.0,0.0,0.0,0.0,-3.87,-2.93,1.0,0.0,0.0,0.0,-3.87,-0.93,1.0,0.0,0.0,0.0,-3.87,1.07,1.0,0.0,0.0,0.0,2.31,-4.59,-1.0,0.0,0.0,0.0,2.31,-2.59,-1.0,0.0,0.0,0.0,2.31,-0.59,-1.0,0.0,0.0,0.0,2.31,1.41,-1.0,0.0,0.0,0.0,2.31,-4.59,1.0,0.0,0.0,0.0,2.31,-2.59,1.0,0.0,0.0,0.0,2.31,-0.59,1.0,0.0,0.0,0.0,2.31,1.41,1.0,0.0,0.0,0.0,8.58,18.331599999998637,7.760399999999037,0.0,1.560000000001338,0.6399999999997519,0,0,0,0,0,0,0,0,0,0,0,0,0,0,0,0,0,0,0,0,0,0,0,0,0,0,0,0,0,0,0,0,0,0,0,0,0,0,0,0,0,0,0,0,0,0,0,0,0,0,0,0,0,0,0,0,0,0,0,0,0,0,0,0,0,0,0,0,0,0,0,0,0,0,0,0,0,0,0,0,0,0,0,0,0,0,0,0,0,0,0,0,0,0,0,0,0,0,0,0,0,0,0,0,0,0,0,0,0,0,0,0,0,0,0,0,0,0,0,0,0,0,0,0,0,0,0,0,0,0,0,0,0,0,0,0,0,0,0,0,0,0,0,0,0,0,0,0,0,0,0,0,0,0,0,0,0,0,0,0,0,0,0,0,0,0,0,0,0,0,0,0,0,0,0,0,0,0,0,0,0,0,0,0,0,0,0,0,0,0,0,0,0,0,0,0,0,0,0,0,0,0,0,0,0,0,0,0,0,0
19.802192043,-4.710362688696863,0.06623598082677709,-2.4699155820152136e-08,0.0694600045685334,0.0007682386785751172,-7.217749953271335e-09,0.06946000456809998,0.0007682386785745621,-7.2177499532699585e-09,0.06946000456809998,0.0007682386785745621,-7.2177499532699585e-09,4.999949481246589,-0.02247632047202384,8.145887213390747e-09,-3.87,-2.93,-1.0,0.0,0.0,0.0,-3.87,-0.93,-1.0,0.0,0.0,0.0,-3.87,1.07,-1.0,0.0,0.0,0.0,-3.87,-2.93,1.0,0.0,0.0,0.0,-3.87,-0.93,1.0,0.0,0.0,0.0,-3.87,1.07,1.0,0.0,0.0,0.0,2.31,-4.59,-1.0,0.0,0.0,0.0,2.31,-2.59,-1.0,0.0,0.0,0.0,2.31,-0.59,-1.0,0.0,0.0,0.0,2.31,1.41,-1.0,0.0,0.0,0.0,2.31,-4.59,1.0,0.0,0.0,0.0,2.31,-2.59,1.0,0.0,0.0,0.0,2.31,-0.59,1.0,0.0,0.0,0.0,2.31,1.41,1.0,0.0,0.0,0.0,8.58,18.48759999999877,7.824399999999012,0.0,1.560000000001338,0.6399999999997519,0,0,0,0,0,0,0,0,0,0,0,0,0,0,0,0,0,0,0,0,0,0,0,0,0,0,0,0,0,0,0,0,0,0,0,0,0,0,0,0,0,0,0,0,0,0,0,0,0,0,0,0,0,0,0,0,0,0,0,0,0,0,0,0,0,0,0,0,0,0,0,0,0,0,0,0,0,0,0,0,0,0,0,0,0,0,0,0,0,0,0,0,0,0,0,0,0,0,0,0,0,0,0,0,0,0,0,0,0,0,0,0,0,0,0,0,0,0,0,0,0,0,0,0,0,0,0,0,0,0,0,0,0,0,0,0,0,0,0,0,0,0,0,0,0,0,0,0,0,0,0,0,0,0,0,0,0,0,0,0,0,0,0,0,0,0,0,0,0,0,0,0,0,0,0,0,0,0,0,0,0,0,0,0,0,0,0,0,0,0,0,0,0,0,0,0,0,0,0,0,0,0,0,0,0,0,0,0,0,0
19.901204065,-4.704899426347518,0.0662964067404369,-2.5276575816413843e-08,0.06806391477542917,0.0007528180722138345,-7.217749953271335e-09,0.06806391477584839,0.0007528180722147226,-7.2177499532699585e-09,0.06806391477584839,0.0007528180722147226,-7.2177499532699585e-09,4.999949324274096,-0.022511212561982522,8.38194998550457e-09,-3.87,-2.93,-1.0,0.0,0.0,0.0,-3.87,-0.93,-1.0,0.0,0.0,0.0,-3.87,1.07,-1.0,0.0,0.0,0.0,-3.87,-2.93,1.0,0.0,0.0,0.0,-3.87,-0.93,1.0,0.0,0.0,0.0,-3.87,1.07,1.0,0.0,0.0,0.0,2.31,-4.59,-1.0,0.0,0.0,0.0,2.31,-2.59,-1.0,0.0,0.0,0.0,2.31,-0.59,-1.0,0.0,0.0,0.0,2.31,1.41,-1.0,0.0,0.0,0.0,2.31,-4.59,1.0,0.0,0.0,0.0,2.31,-2.59,1.0,0.0,0.0,0.0,2.31,-0.59,1.0,0.0,0.0,0.0,2.31,1.41,1.0,0.0,0.0,0.0,8.58,18.61239999999888,7.875599999998992,0.0,1.560000000001338,0.6399999999997519,0,0,0,0,0,0,0,0,0,0,0,0,0,0,0,0,0,0,0,0,0,0,0,0,0,0,0,0,0,0,0,0,0,0,0,0,0,0,0,0,0,0,0,0,0,0,0,0,0,0,0,0,0,0,0,0,0,0,0,0,0,0,0,0,0,0,0,0,0,0,0,0,0,0,0,0,0,0,0,0,0,0,0,0,0,0,0,0,0,0,0,0,0,0,0,0,0,0,0,0,0,0,0,0,0,0,0,0,0,0,0,0,0,0,0,0,0,0,0,0,0,0,0,0,0,0,0,0,0,0,0,0,0,0,0,0,0,0,0,0,0,0,0,0,0,0,0,0,0,0,0,0,0,0,0,0,0,0,0,0,0,0,0,0,0,0,0,0,0,0,0,0,0,0,0,0,0,0,0,0,0,0,0,0,0,0,0,0,0,0,0,0,0,0,0,0,0,0,0,0,0,0,0,0,0,0,0,0,0,0
20.000651839,-4.698198106481637,0.06637052515754274,-2.5998350811740977e-08,0.06669934839020897,0.0007377091096744115,-7.217749953271335e-09,0.06669934839010239,0.0007377091096714139,-7.2177499532699585e-09,0.06669934839010239,0.0007377091096714139,-7.2177499532699585e-09,4.9999491771907625,-0.022543857465291244,8.60699293676053e-09,-3.87,-2.93,-1.0,0.0,0.0,0.0,-3.87,-0.93,-1.0,0.0,0.0,0.0,-3.87,1.07,-1.0,0.0,0.0,0.0,-3.87,-2.93,1.0,0.0,0.0,0.0,-3.87,-0.93,1.0,0.0,0.0,0.0,-3.87,1.07,1.0,0.0,0.0,0.0,2.31,-4.59,-1.0,0.0,0.0,0.0,2.31,-2.59,-1.0,0.0,0.0,0.0,2.31,-0.59,-1.0,0.0,0.0,0.0,2.31,1.41,-1.0,0.0,0.0,0.0,2.31,-4.59,1.0,0.0,0.0,0.0,2.31,-2.59,1.0,0.0,0.0,0.0,2.31,-0.59,1.0,0.0,0.0,0.0,2.31,1.41,1.0,0.0,0.0,0.0,8.58,18.768399999999012,7.9395999999989675,0.0,1.560000000001338,0.6399999999997519,0,0,0,0,0,0,0,0,0,0,0,0,0,0,0,0,0,0,0,0,0,0,0,0,0,0,0,0,0,0,0,0,0,0,0,0,0,0,0,0,0,0,0,0,0,0,0,0,0,0,0,0,0,0,0,0,0,0,0,0,0,0,0,0,0,0,0,0,0,0,0,0,0,0,0,0,0,0,0,0,0,0,0,0,0,0,0,0,0,0,0,0,0,0,0,0,0,0,0,0,0,0,0,0,0,0,0,0,0,0,0,0,0,0,0,0,0,0,0,0,0,0,0,0,0,0,0,0,0,0,0,0,0,0,0,0,0,0,0,0,0,0,0,0,0,0,0,0,0,0,0,0,0,0,0,0,0,0,0,0,0,0,0,0,0,0,0,0,0,0,0,0,0,0,0,0,0,0,0,0,0,0,0,0,0,0,0,0,0,0,0,0,0,0,0,0,0,0,0,0,0,0,0,0,0,0,0,0,0,0
20.100681694,-4.692931366718341,0.0664287751491043,-2.6613724021907657e-08,0.0656346082683612,0.0007259131525605422,-7.801645551809396e-09,0.06563460826873779,0.000725913152564317,-7.801645551808178e-09,0.06563460826873779,0.000725913152564317,-7.801645551808178e-09,4.999949029969402,-0.022576485732572836,8.836484218827002e-09,-3.87,-2.93,-1.0,0.0,0.0,0.0,-3.87,-0.93,-1.0,0.0,0.0,0.0,-3.87,1.07,-1.0,0.0,0.0,0.0,-3.87,-2.93,1.0,0.0,0.0,0.0,-3.87,-0.93,1.0,0.0,0.0,0.0,-3.87,1.07,1.0,0.0,0.0,0.0,2.31,-4.59,-1.0,0.0,0.0,0.0,2.31,-2.59,-1.0,0.0,0.0,0.0,2.31,-0.59,-1.0,0.0,0.0,0.0,2.31,1.41,-1.0,0.0,0.0,0.0,2.31,-4.59,1.0,0.0,0.0,0.0,2.31,-2.59,1.0,0.0,0.0,0.0,2.31,-0.59,1.0,0.0,0.0,0.0,2.31,1.41,1.0,0.0,0.0,0.0,8.58,18.89319999999912,7.990799999998948,0.0,1.560000000001338,0.6399999999997519,0,0,0,0,0,0,0,0,0,0,0,0,0,0,0,0,0,0,0,0,0,0,0,0,0,0,0,0,0,0,0,0,0,0,0,0,0,0,0,0,0,0,0,0,0,0,0,0,0,0,0,0,0,0,0,0,0,0,0,0,0,0,0,0,0,0,0,0,0,0,0,0,0,0,0,0,0,0,0,0,0,0,0,0,0,0,0,0,0,0,0,0,0,0,0,0,0,0,0,0,0,0,0,0,0,0,0,0,0,0,0,0,0,0,0,0,0,0,0,0,0,0,0,0,0,0,0,0,0,0,0,0,0,0,0,0,0,0,0,0,0,0,0,0,0,0,0,0,0,0,0,0,0,0,0,0,0,0,0,0,0,0,0,0,0,0,0,0,0,0,0,0,0,0,0,0,0,0,0,0,0,0,0,0,0,0,0,0,0,0,0,0,0,0,0,0,0,0,0,0,0,0,0,0,0,0,0,0,0,0
20.203076629,-4.686452170169904,0.06650043520697914,-2.7448749297499335e-08,0.06458130478836921,0.0007142724352954266,-8.487404556943616e-09,0.06458130478858948,0.0007142724352888763,-8.487404556944966e-09,0.06458130478858948,0.0007142724352888763,-8.487404556944966e-09,4.999948891186721,-0.02260720063793138,9.070026414118866e-09,-3.87,-2.93,-1.0,0.0,0.0,0.0,-3.87,-0.93,-1.0,0.0,0.0,0.0,-3.87,1.07,-1.0,0.0,0.0,0.0,-3.87,-2.93,1.0,0.0,0.0,0.0,-3.87,-0.93,1.0,0.0,0.0,0.0,-3.87,1.07,1.0,0.0,0.0,0.0,2.31,-4.59,-1.0,0.0,0.0,0.0,2.31,-2.59,-1.0,0.0,0.0,0.0,2.31,-0.59,-1.0,0.0,0.0,0.0,2.31,1.41,-1.0,0.0,0.0,0.0,2.31,-4.59,1.0,0.0,0.0,0.0,2.31,-2.59,1.0,0.0,0.0,0.0,2.31,-0.59,1.0,0.0,0.0,0.0,2.31,1.41,1.0,0.0,0.0,0.0,8.58,19.017999999999226,8.041999999998986,0.0,1.560000000001338,0.6400000000006401,0,0,0,0,0,0,0,0,0,0,0,0,0,0,0,0,0,0,0,0,0,0,0,0,0,0,0,0,0,0,0,0,0,0,0,0,0,0,0,0,0,0,0,0,0,0,0,0,0,0,0,0,0,0,0,0,0,0,0,0,0,0,0,0,0,0,0,0,0,0,0,0,0,0,0,0,0,0,0,0,0,0,0,0,0,0,0,0,0,0,0,0,0,0,0,0,0,0,0,0,0,0,0,0,0,0,0,0,0,0,0,0,0,0,0,0,0,0,0,0,0,0,0,0,0,0,0,0,0,0,0,0,0,0,0,0,0,0,0,0,0,0,0,0,0,0,0,0,0,0,0,0,0,0,0,0,0,0,0,0,0,0,0,0,0,0,0,0,0,0,0,0,0,0,0,0,0,0,0,0,0,0,0,0,0,0,0,0,0,0,0,0,0,0,0,0,0,0,0,0,0,0,0,0,0,0,0,0,0,0
20.300742226,-4.681376548415999,0.06655657221708526,-2.6610740879285797e-08,0.06328298151458966,0.0006999183679023968,1.3184035196899627e-08,0.06328298151493073,0.0006999183678999543,1.3184035196900368e-08,0.06328298151493073,0.0006999183678999543,1.3184035196900368e-08,4.999948754412989,-0.022637430154430798,9.32431242922181e-09,-3.87,-2.93,-1.0,0.0,0.0,0.0,-3.87,-0.93,-1.0,0.0,0.0,0.0,-3.87,1.07,-1.0,0.0,0.0,0.0,-3.87,-2.93,1.0,0.0,0.0,0.0,-3.87,-0.93,1.0,0.0,0.0,0.0,-3.87,1.07,1.0,0.0,0.0,0.0,2.31,-4.59,-1.0,0.0,0.0,0.0,2.31,-2.59,-1.0,0.0,0.0,0.0,2.31,-0.59,-1.0,0.0,0.0,0.0,2.31,1.41,-1.0,0.0,0.0,0.0,2.31,-4.59,1.0,0.0,0.0,0.0,2.31,-2.59,1.0,0.0,0.0,0.0,2.31,-0.59,1.0,0.0,0.0,0.0,2.31,1.41,1.0,0.0,0.0,0.0,8.58,19.17399999999936,8.10599999999905,0.0,1.560000000001338,0.6400000000006401,0,0,0,0,0,0,0,0,0,0,0,0,0,0,0,0,0,0,0,0,0,0,0,0,0,0,0,0,0,0,0,0,0,0,0,0,0,0,0,0,0,0,0,0,0,0,0,0,0,0,0,0,0,0,0,0,0,0,0,0,0,0,0,0,0,0,0,0,0,0,0,0,0,0,0,0,0,0,0,0,0,0,0,0,0,0,0,0,0,0,0,0,0,0,0,0,0,0,0,0,0,0,0,0,0,0,0,0,0,0,0,0,0,0,0,0,0,0,0,0,0,0,0,0,0,0,0,0,0,0,0,0,0,0,0,0,0,0,0,0,0,0,0,0,0,0,0,0,0,0,0,0,0,0,0,0,0,0,0,0,0,0,0,0,0,0,0,0,0,0,0,0,0,0,0,0,0,0,0,0,0,0,0,0,0,0,0,0,0,0,0,0,0,0,0,0,0,0,0,0,0,0,0,0,0,0,0,0,0,0
20.401081206,-4.6763756558290055,0.06661188134510147,-2.6976590125294757e-08,0.062270753085513775,0.000688699656165026,-1.0104031389345129e-08,0.06227075308561325,0.0006886996561661363,-1.0104031389346346e-08,0.06227075308561325,0.0006886996561661363,-1.0104031389346346e-08,4.999948616905478,-0.02266778121054065,9.05049746827529e-09,-3.87,-2.93,-1.0,0.0,0.0,0.0,-3.87,-0.93,-1.0,0.0,0.0,0.0,-3.87,1.07,-1.0,0.0,0.0,0.0,-3.87,-2.93,1.0,0.0,0.0,0.0,-3.87,-0.93,1.0,0.0,0.0,0.0,-3.87,1.07,1.0,0.0,0.0,0.0,2.31,-4.59,-1.0,0.0,0.0,0.0,2.31,-2.59,-1.0,0.0,0.0,0.0,2.31,-0.59,-1.0,0.0,0.0,0.0,2.31,1.41,-1.0,0.0,0.0,0.0,2.31,-4.59,1.0,0.0,0.0,0.0,2.31,-2.59,1.0,0.0,0.0,0.0,2.31,-0.59,1.0,0.0,0.0,0.0,2.31,1.41,1.0,0.0,0.0,0.0,8.58,19.298799999999467,8.1571999999991,0.0,1.560000000001338,0.6400000000006401,0,0,0,0,0,0,0,0,0,0,0,0,0,0,0,0,0,0,0,0,0,0,0,0,0,0,0,0,0,0,0,0,0,0,0,0,0,0,0,0,0,0,0,0,0,0,0,0,0,0,0,0,0,0,0,0,0,0,0,0,0,0,0,0,0,0,0,0,0,0,0,0,0,0,0,0,0,0,0,0,0,0,0,0,0,0,0,0,0,0,0,0,0,0,0,0,0,0,0,0,0,0,0,0,0,0,0,0,0,0,0,0,0,0,0,0,0,0,0,0,0,0,0,0,0,0,0,0,0,0,0,0,0,0,0,0,0,0,0,0,0,0,0,0,0,0,0,0,0,0,0,0,0,0,0,0,0,0,0,0,0,0,0,0,0,0,0,0,0,0,0,0,0,0,0,0,0,0,0,0,0,0,0,0,0,0,0,0,0,0,0,0,0,0,0,0,0,0,0,0,0,0,0,0,0,0,0,0,0,0
20.501298651,-4.672688412203491,0.06665266125713108,-2.7606830390603902e-08,0.06127072125661215,0.0006776370573835511,-1.0593794286252021e-08,0.06127072125673294,0.0006776370573788881,-1.0593794286251068e-08,0.06127072125673294,0.0006776370573788881,-1.0593794286251068e-08,4.999948497986614,-0.022693996593834125,9.197498402810372e-09,-3.87,-2.93,-1.0,0.0,0.0,0.0,-3.87,-0.93,-1.0,0.0,0.0,0.0,-3.87,1.07,-1.0,0.0,0.0,0.0,-3.87,-2.93,1.0,0.0,0.0,0.0,-3.87,-0.93,1.0,0.0,0.0,0.0,-3.87,1.07,1.0,0.0,0.0,0.0,2.31,-4.59,-1.0,0.0,0.0,0.0,2.31,-2.59,-1.0,0.0,0.0,0.0,2.31,-0.59,-1.0,0.0,0.0,0.0,2.31,1.41,-1.0,0.0,0.0,0.0,2.31,-4.59,1.0,0.0,0.0,0.0,2.31,-2.59,1.0,0.0,0.0,0.0,2.31,-0.59,1.0,0.0,0.0,0.0,2.31,1.41,1.0,0.0,0.0,0.0,8.58,19.392399999999547,8.19559999999914,0.0,1.560000000001338,0.6400000000006401,0,0,0,0,0,0,0,0,0,0,0,0,0,0,0,0,0,0,0,0,0,0,0,0,0,0,0,0,0,0,0,0,0,0,0,0,0,0,0,0,0,0,0,0,0,0,0,0,0,0,0,0,0,0,0,0,0,0,0,0,0,0,0,0,0,0,0,0,0,0,0,0,0,0,0,0,0,0,0,0,0,0,0,0,0,0,0,0,0,0,0,0,0,0,0,0,0,0,0,0,0,0,0,0,0,0,0,0,0,0,0,0,0,0,0,0,0,0,0,0,0,0,0,0,0,0,0,0,0,0,0,0,0,0,0,0,0,0,0,0,0,0,0,0,0,0,0,0,0,0,0,0,0,0,0,0,0,0,0,0,0,0,0,0,0,0,0,0,0,0,0,0,0,0,0,0,0,0,0,0,0,0,0,0,0,0,0,0,0,0,0,0,0,0,0,0,0,0,0,0,0,0,0,0,0,0,0,0,0,0
20.604974538,-4.666633060175004,0.06671963203576056,-2.7038781827749307e-08,0.060288254172036204,0.0006667750421934793,1.169973984360822e-08,0.06028825417160988,0.0006667750421911478,1.1699739843606949e-08,0.06028825417160988,0.0006667750421911478,1.1699739843606949e-08,4.999948394217067,-0.02271684762835496,9.451253478793719e-09,-3.87,-2.93,-1.0,0.0,0.0,0.0,-3.87,-0.93,-1.0,0.0,0.0,0.0,-3.87,1.07,-1.0,0.0,0.0,0.0,-3.87,-2.93,1.0,0.0,0.0,0.0,-3.87,-0.93,1.0,0.0,0.0,0.0,-3.87,1.07,1.0,0.0,0.0,0.0,2.31,-4.59,-1.0,0.0,0.0,0.0,2.31,-2.59,-1.0,0.0,0.0,0.0,2.31,-0.59,-1.0,0.0,0.0,0.0,2.31,1.41,-1.0,0.0,0.0,0.0,2.31,-4.59,1.0,0.0,0.0,0.0,2.31,-2.59,1.0,0.0,0.0,0.0,2.31,-0.59,1.0,0.0,0.0,0.0,2.31,1.41,1.0,0.0,0.0,0.0,8.58,19.517199999999654,8.24679999999919,0.0,1.560000000001338,0.6400000000006401,0,0,0,0,0,0,0,0,0,0,0,0,0,0,0,0,0,0,0,0,0,0,0,0,0,0,0,0,0,0,0,0,0,0,0,0,0,0,0,0,0,0,0,0,0,0,0,0,0,0,0,0,0,0,0,0,0,0,0,0,0,0,0,0,0,0,0,0,0,0,0,0,0,0,0,0,0,0,0,0,0,0,0,0,0,0,0,0,0,0,0,0,0,0,0,0,0,0,0,0,0,0,0,0,0,0,0,0,0,0,0,0,0,0,0,0,0,0,0,0,0,0,0,0,0,0,0,0,0,0,0,0,0,0,0,0,0,0,0,0,0,0,0,0,0,0,0,0,0,0,0,0,0,0,0,0,0,0,0,0,0,0,0,0,0,0,0,0,0,0,0,0,0,0,0,0,0,0,0,0,0,0,0,0,0,0,0,0,0,0,0,0,0,0,0,0,0,0,0,0,0,0,0,0,0,0,0,0,0,0
20.700685984,-4.661878569535013,0.06677221395313894,-2.7626558240179992e-08,0.05932248383722083,0.0006560696056145954,-9.761606634128998e-09,0.05932248383760452,0.0006560696056112647,-9.761606634128839e-09,0.05932248383760452,0.0006560696056112647,-9.761606634128839e-09,4.999948271403314,-0.022743862710907933,9.233494531147525e-09,-3.87,-2.93,-1.0,0.0,0.0,0.0,-3.87,-0.93,-1.0,0.0,0.0,0.0,-3.87,1.07,-1.0,0.0,0.0,0.0,-3.87,-2.93,1.0,0.0,0.0,0.0,-3.87,-0.93,1.0,0.0,0.0,0.0,-3.87,1.07,1.0,0.0,0.0,0.0,2.31,-4.59,-1.0,0.0,0.0,0.0,2.31,-2.59,-1.0,0.0,0.0,0.0,2.31,-0.59,-1.0,0.0,0.0,0.0,2.31,1.41,-1.0,0.0,0.0,0.0,2.31,-4.59,1.0,0.0,0.0,0.0,2.31,-2.59,1.0,0.0,0.0,0.0,2.31,-0.59,1.0,0.0,0.0,0.0,2.31,1.41,1.0,0.0,0.0,0.0,8.58,19.673199999999788,8.310799999999254,0.0,1.560000000001338,0.6400000000006401,0,0,0,0,0,0,0,0,0,0,0,0,0,0,0,0,0,0,0,0,0,0,0,0,0,0,0,0,0,0,0,0,0,0,0,0,0,0,0,0,0,0,0,0,0,0,0,0,0,0,0,0,0,0,0,0,0,0,0,0,0,0,0,0,0,0,0,0,0,0,0,0,0,0,0,0,0,0,0,0,0,0,0,0,0,0,0,0,0,0,0,0,0,0,0,0,0,0,0,0,0,0,0,0,0,0,0,0,0,0,0,0,0,0,0,0,0,0,0,0,0,0,0,0,0,0,0,0,0,0,0,0,0,0,0,0,0,0,0,0,0,0,0,0,0,0,0,0,0,0,0,0,0,0,0,0,0,0,0,0,0,0,0,0,0,0,0,0,0,0,0,0,0,0,0,0,0,0,0,0,0,0,0,0,0,0,0,0,0,0,0,0,0,0,0,0,0,0,0,0,0,0,0,0,0,0,0,0,0,0
20.800598406,-4.657197425878657,0.06682398512033923,-2.6843225005458118e-08,0.05837167426925305,0.0006455637048957685,1.3242242857815026e-08,0.05837167426943779,0.000645563704892993,1.3242242857813835e-08,0.05837167426943779,0.000645563704892993,1.3242242857813835e-08,4.999948156437365,-0.022769122481720618,9.406946269118913e-09,-3.87,-2.93,-1.0,0.0,0.0,0.0,-3.87,-0.93,-1.0,0.0,0.0,0.0,-3.87,1.07,-1.0,0.0,0.0,0.0,-3.87,-2.93,1.0,0.0,0.0,0.0,-3.87,-0.93,1.0,0.0,0.0,0.0,-3.87,1.07,1.0,0.0,0.0,0.0,2.31,-4.59,-1.0,0.0,0.0,0.0,2.31,-2.59,-1.0,0.0,0.0,0.0,2.31,-0.59,-1.0,0.0,0.0,0.0,2.31,1.41,-1.0,0.0,0.0,0.0,2.31,-4.59,1.0,0.0,0.0,0.0,2.31,-2.59,1.0,0.0,0.0,0.0,2.31,-0.59,1.0,0.0,0.0,0.0,2.31,1.41,1.0,0.0,0.0,0.0,8.58,19.797999999999895,8.361999999999306,0.0,1.560000000001338,0.6400000000006401,0,0,0,0,0,0,0,0,0,0,0,0,0,0,0,0,0,0,0,0,0,0,0,0,0,0,0,0,0,0,0,0,0,0,0,0,0,0,0,0,0,0,0,0,0,0,0,0,0,0,0,0,0,0,0,0,0,0,0,0,0,0,0,0,0,0,0,0,0,0,0,0,0,0,0,0,0,0,0,0,0,0,0,0,0,0,0,0,0,0,0,0,0,0,0,0,0,0,0,0,0,0,0,0,0,0,0,0,0,0,0,0,0,0,0,0,0,0,0,0,0,0,0,0,0,0,0,0,0,0,0,0,0,0,0,0,0,0,0,0,0,0,0,0,0,0,0,0,0,0,0,0,0,0,0,0,0,0,0,0,0,0,0,0,0,0,0,0,0,0,0,0,0,0,0,0,0,0,0,0,0,0,0,0,0,0,0,0,0,0,0,0,0,0,0,0,0,0,0,0,0,0,0,0,0,0,0,0,0,0
20.901674489,-4.651438889152423,0.06688767213310333,-2.549455350209298e-08,0.057435594499111176,0.0006352142081639256,1.3533281162382099e-08,0.057435594499111176,0.0006352142081595957,1.3533281162381172e-08,0.057435594499111176,0.0006352142081595957,1.3533281162381172e-08,4.999948036773849,-0.022795384649860216,9.156916309918177e-09,-3.87,-2.93,-1.0,0.0,0.0,0.0,-3.87,-0.93,-1.0,0.0,0.0,0.0,-3.87,1.07,-1.0,0.0,0.0,0.0,-3.87,-2.93,1.0,0.0,0.0,0.0,-3.87,-0.93,1.0,0.0,0.0,0.0,-3.87,1.07,1.0,0.0,0.0,0.0,2.31,-4.59,-1.0,0.0,0.0,0.0,2.31,-2.59,-1.0,0.0,0.0,0.0,2.31,-0.59,-1.0,0.0,0.0,0.0,2.31,1.41,-1.0,0.0,0.0,0.0,2.31,-4.59,1.0,0.0,0.0,0.0,2.31,-2.59,1.0,0.0,0.0,0.0,2.31,-0.59,1.0,0.0,0.0,0.0,2.31,1.41,1.0,0.0,0.0,0.0,8.58,19.95400000000003,8.42599999999937,0.0,1.560000000001338,0.6400000000006401,0,0,0,0,0,0,0,0,0,0,0,0,0,0,0,0,0,0,0,0,0,0,0,0,0,0,0,0,0,0,0,0,0,0,0,0,0,0,0,0,0,0,0,0,0,0,0,0,0,0,0,0,0,0,0,0,0,0,0,0,0,0,0,0,0,0,0,0,0,0,0,0,0,0,0,0,0,0,0,0,0,0,0,0,0,0,0,0,0,0,0,0,0,0,0,0,0,0,0,0,0,0,0,0,0,0,0,0,0,0,0,0,0,0,0,0,0,0,0,0,0,0,0,0,0,0,0,0,0,0,0,0,0,0,0,0,0,0,0,0,0,0,0,0,0,0,0,0,0,0,0,0,0,0,0,0,0,0,0,0,0,0,0,0,0,0,0,0,0,0,0,0,0,0,0,0,0,0,0,0,0,0,0,0,0,0,0,0,0,0,0,0,0,0,0,0,0,0,0,0,0,0,0,0,0,0,0,0,0,0
21.000654364,-4.646924806854724,0.0669375981401537,-2.5998922883908095e-08,0.05628180503869373,0.0006224837852675247,-9.13860276341335e-09,0.05628180503845215,0.000622483785264194,-9.138602763414383e-09,0.05628180503845215,0.000622483785264194,-9.138602763414383e-09,4.999947906068382,-0.022824035629104594,8.730828553423343e-09,-3.87,-2.93,-1.0,0.0,0.0,0.0,-3.87,-0.93,-1.0,0.0,0.0,0.0,-3.87,1.07,-1.0,0.0,0.0,0.0,-3.87,-2.93,1.0,0.0,0.0,0.0,-3.87,-0.93,1.0,0.0,0.0,0.0,-3.87,1.07,1.0,0.0,0.0,0.0,2.31,-4.59,-1.0,0.0,0.0,0.0,2.31,-2.59,-1.0,0.0,0.0,0.0,2.31,-0.59,-1.0,0.0,0.0,0.0,2.31,1.41,-1.0,0.0,0.0,0.0,2.31,-4.59,1.0,0.0,0.0,0.0,2.31,-2.59,1.0,0.0,0.0,0.0,2.31,-0.59,1.0,0.0,0.0,0.0,2.31,1.41,1.0,0.0,0.0,0.0,8.58,20.078800000000136,8.47719999999942,0.0,1.560000000001338,0.6400000000006401,0,0,0,0,0,0,0,0,0,0,0,0,0,0,0,0,0,0,0,0,0,0,0,0,0,0,0,0,0,0,0,0,0,0,0,0,0,0,0,0,0,0,0,0,0,0,0,0,0,0,0,0,0,0,0,0,0,0,0,0,0,0,0,0,0,0,0,0,0,0,0,0,0,0,0,0,0,0,0,0,0,0,0,0,0,0,0,0,0,0,0,0,0,0,0,0,0,0,0,0,0,0,0,0,0,0,0,0,0,0,0,0,0,0,0,0,0,0,0,0,0,0,0,0,0,0,0,0,0,0,0,0,0,0,0,0,0,0,0,0,0,0,0,0,0,0,0,0,0,0,0,0,0,0,0,0,0,0,0,0,0,0,0,0,0,0,0,0,0,0,0,0,0,0,0,0,0,0,0,0,0,0,0,0,0,0,0,0,0,0,0,0,0,0,0,0,0,0,0,0,0,0,0,0,0,0,0,0,0,0
21.102033628,-4.641368659160154,0.06699904704344221,-2.513162873629736e-08,0.05538139492244909,0.0006124903447896068,1.3125827535987536e-08,0.05538139492273331,0.0006124903447926044,1.31258275359869e-08,0.05538139492273331,0.0006124903447926044,1.31258275359869e-08,4.9999477840262685,-0.022850755147497213,8.881430291682436e-09,-3.87,-2.93,-1.0,0.0,0.0,0.0,-3.87,-0.93,-1.0,0.0,0.0,0.0,-3.87,1.07,-1.0,0.0,0.0,0.0,-3.87,-2.93,1.0,0.0,0.0,0.0,-3.87,-0.93,1.0,0.0,0.0,0.0,-3.87,1.07,1.0,0.0,0.0,0.0,2.31,-4.59,-1.0,0.0,0.0,0.0,2.31,-2.59,-1.0,0.0,0.0,0.0,2.31,-0.59,-1.0,0.0,0.0,0.0,2.31,1.41,-1.0,0.0,0.0,0.0,2.31,-4.59,1.0,0.0,0.0,0.0,2.31,-2.59,1.0,0.0,0.0,0.0,2.31,-0.59,1.0,0.0,0.0,0.0,2.31,1.41,1.0,0.0,0.0,0.0,8.58,20.23480000000027,8.541199999999485,0.0,1.560000000001338,0.6400000000006401,0,0,0,0,0,0,0,0,0,0,0,0,0,0,0,0,0,0,0,0,0,0,0,0,0,0,0,0,0,0,0,0,0,0,0,0,0,0,0,0,0,0,0,0,0,0,0,0,0,0,0,0,0,0,0,0,0,0,0,0,0,0,0,0,0,0,0,0,0,0,0,0,0,0,0,0,0,0,0,0,0,0,0,0,0,0,0,0,0,0,0,0,0,0,0,0,0,0,0,0,0,0,0,0,0,0,0,0,0,0,0,0,0,0,0,0,0,0,0,0,0,0,0,0,0,0,0,0,0,0,0,0,0,0,0,0,0,0,0,0,0,0,0,0,0,0,0,0,0,0,0,0,0,0,0,0,0,0,0,0,0,0,0,0,0,0,0,0,0,0,0,0,0,0,0,0,0,0,0,0,0,0,0,0,0,0,0,0,0,0,0,0,0,0,0,0,0,0,0,0,0,0,0,0,0,0,0,0,0,0
21.200492388,-4.637013844571136,0.06704720934614304,-2.4081562533418356e-08,0.05426820367571139,0.0006001826259316445,1.3125827535987536e-08,0.05426820367574692,0.0006001826259307563,1.31258275359869e-08,0.05426820367574692,0.0006001826259307563,1.31258275359869e-08,4.999947657600142,-0.02287840157980354,8.60350413077355e-09,-3.87,-2.93,-1.0,0.0,0.0,0.0,-3.87,-0.93,-1.0,0.0,0.0,0.0,-3.87,1.07,-1.0,0.0,0.0,0.0,-3.87,-2.93,1.0,0.0,0.0,0.0,-3.87,-0.93,1.0,0.0,0.0,0.0,-3.87,1.07,1.0,0.0,0.0,0.0,2.31,-4.59,-1.0,0.0,0.0,0.0,2.31,-2.59,-1.0,0.0,0.0,0.0,2.31,-0.59,-1.0,0.0,0.0,0.0,2.31,1.41,-1.0,0.0,0.0,0.0,2.31,-4.59,1.0,0.0,0.0,0.0,2.31,-2.59,1.0,0.0,0.0,0.0,2.31,-0.59,1.0,0.0,0.0,0.0,2.31,1.41,1.0,0.0,0.0,0.0,8.58,20.359600000000377,8.592399999999536,0.0,1.560000000001338,0.6400000000006401,0,0,0,0,0,0,0,0,0,0,0,0,0,0,0,0,0,0,0,0,0,0,0,0,0,0,0,0,0,0,0,0,0,0,0,0,0,0,0,0,0,0,0,0,0,0,0,0,0,0,0,0,0,0,0,0,0,0,0,0,0,0,0,0,0,0,0,0,0,0,0,0,0,0,0,0,0,0,0,0,0,0,0,0,0,0,0,0,0,0,0,0,0,0,0,0,0,0,0,0,0,0,0,0,0,0,0,0,0,0,0,0,0,0,0,0,0,0,0,0,0,0,0,0,0,0,0,0,0,0,0,0,0,0,0,0,0,0,0,0,0,0,0,0,0,0,0,0,0,0,0,0,0,0,0,0,0,0,0,0,0,0,0,0,0,0,0,0,0,0,0,0,0,0,0,0,0,0,0,0,0,0,0,0,0,0,0,0,0,0,0,0,0,0,0,0,0,0,0,0,0,0,0,0,0,0,0,0,0,0
21.300806656,-4.632732335290955,0.06709455900482125,-2.450508101947745e-08,0.05339940637316687,0.0005905456491733796,-8.230472303695014e-09,0.053399406373500824,0.0005905456491746008,-8.230472303694114e-09,0.053399406373500824,0.0005905456491746008,-8.230472303694114e-09,4.999947548654562,-0.022902198655104677,8.239528550822888e-09,-3.87,-2.93,-1.0,0.0,0.0,0.0,-3.87,-0.93,-1.0,0.0,0.0,0.0,-3.87,1.07,-1.0,0.0,0.0,0.0,-3.87,-2.93,1.0,0.0,0.0,0.0,-3.87,-0.93,1.0,0.0,0.0,0.0,-3.87,1.07,1.0,0.0,0.0,0.0,2.31,-4.59,-1.0,0.0,0.0,0.0,2.31,-2.59,-1.0,0.0,0.0,0.0,2.31,-0.59,-1.0,0.0,0.0,0.0,2.31,1.41,-1.0,0.0,0.0,0.0,2.31,-4.59,1.0,0.0,0.0,0.0,2.31,-2.59,1.0,0.0,0.0,0.0,2.31,-0.59,1.0,0.0,0.0,0.0,2.31,1.41,1.0,0.0,0.0,0.0,8.58,20.484400000000484,8.643599999999587,0.0,1.560000000001338,0.6400000000006401,0,0,0,0,0,0,0,0,0,0,0,0,0,0,0,0,0,0,0,0,0,0,0,0,0,0,0,0,0,0,0,0,0,0,0,0,0,0,0,0,0,0,0,0,0,0,0,0,0,0,0,0,0,0,0,0,0,0,0,0,0,0,0,0,0,0,0,0,0,0,0,0,0,0,0,0,0,0,0,0,0,0,0,0,0,0,0,0,0,0,0,0,0,0,0,0,0,0,0,0,0,0,0,0,0,0,0,0,0,0,0,0,0,0,0,0,0,0,0,0,0,0,0,0,0,0,0,0,0,0,0,0,0,0,0,0,0,0,0,0,0,0,0,0,0,0,0,0,0,0,0,0,0,0,0,0,0,0,0,0,0,0,0,0,0,0,0,0,0,0,0,0,0,0,0,0,0,0,0,0,0,0,0,0,0,0,0,0,0,0,0,0,0,0,0,0,0,0,0,0,0,0,0,0,0,0,0,0,0,0
21.407687586,-4.628517746823949,0.06714116883114891,-2.363904879576546e-08,0.052543226629175876,0.0005810855654986291,1.4522811397910806e-08,0.05254322662949562,0.0005810855654999614,1.4522811397910118e-08,0.05254322662949562,0.0005810855654999614,1.4522811397910118e-08,4.999947442429711,-0.022925377654213985,8.367604686271246e-09,-3.87,-2.93,-1.0,0.0,0.0,0.0,-3.87,-0.93,-1.0,0.0,0.0,0.0,-3.87,1.07,-1.0,0.0,0.0,0.0,-3.87,-2.93,1.0,0.0,0.0,0.0,-3.87,-0.93,1.0,0.0,0.0,0.0,-3.87,1.07,1.0,0.0,0.0,0.0,2.31,-4.59,-1.0,0.0,0.0,0.0,2.31,-2.59,-1.0,0.0,0.0,0.0,2.31,-0.59,-1.0,0.0,0.0,0.0,2.31,1.41,-1.0,0.0,0.0,0.0,2.31,-4.59,1.0,0.0,0.0,0.0,2.31,-2.59,1.0,0.0,0.0,0.0,2.31,-0.59,1.0,0.0,0.0,0.0,2.31,1.41,1.0,0.0,0.0,0.0,8.58,20.60920000000059,8.694799999999638,0.0,1.560000000001338,0.6400000000006401,0,0,0,0,0,0,0,0,0,0,0,0,0,0,0,0,0,0,0,0,0,0,0,0,0,0,0,0,0,0,0,0,0,0,0,0,0,0,0,0,0,0,0,0,0,0,0,0,0,0,0,0,0,0,0,0,0,0,0,0,0,0,0,0,0,0,0,0,0,0,0,0,0,0,0,0,0,0,0,0,0,0,0,0,0,0,0,0,0,0,0,0,0,0,0,0,0,0,0,0,0,0,0,0,0,0,0,0,0,0,0,0,0,0,0,0,0,0,0,0,0,0,0,0,0,0,0,0,0,0,0,0,0,0,0,0,0,0,0,0,0,0,0,0,0,0,0,0,0,0,0,0,0,0,0,0,0,0,0,0,0,0,0,0,0,0,0,0,0,0,0,0,0,0,0,0,0,0,0,0,0,0,0,0,0,0,0,0,0,0,0,0,0,0,0,0,0,0,0,0,0,0,0,0,0,0,0,0,0,0
21.500697998,-4.624369918803776,0.06718704161047902,-2.3909654348841962e-08,0.05170034617218988,0.0005717815365624546,-7.18068049465535e-09,0.051700346171855927,0.0005717815365642309,-7.180680494656144e-09,0.051700346171855927,0.0005717815365642309,-7.180680494656144e-09,4.999947336429985,-0.02294848419177565,8.079697554305355e-09,-3.87,-2.93,-1.0,0.0,0.0,0.0,-3.87,-0.93,-1.0,0.0,0.0,0.0,-3.87,1.07,-1.0,0.0,0.0,0.0,-3.87,-2.93,1.0,0.0,0.0,0.0,-3.87,-0.93,1.0,0.0,0.0,0.0,-3.87,1.07,1.0,0.0,0.0,0.0,2.31,-4.59,-1.0,0.0,0.0,0.0,2.31,-2.59,-1.0,0.0,0.0,0.0,2.31,-0.59,-1.0,0.0,0.0,0.0,2.31,1.41,-1.0,0.0,0.0,0.0,2.31,-4.59,1.0,0.0,0.0,0.0,2.31,-2.59,1.0,0.0,0.0,0.0,2.31,-0.59,1.0,0.0,0.0,0.0,2.31,1.41,1.0,0.0,0.0,0.0,8.58,20.734000000000698,8.74599999999969,0.0,1.560000000001338,0.6400000000006401,0,0,0,0,0,0,0,0,0,0,0,0,0,0,0,0,0,0,0,0,0,0,0,0,0,0,0,0,0,0,0,0,0,0,0,0,0,0,0,0,0,0,0,0,0,0,0,0,0,0,0,0,0,0,0,0,0,0,0,0,0,0,0,0,0,0,0,0,0,0,0,0,0,0,0,0,0,0,0,0,0,0,0,0,0,0,0,0,0,0,0,0,0,0,0,0,0,0,0,0,0,0,0,0,0,0,0,0,0,0,0,0,0,0,0,0,0,0,0,0,0,0,0,0,0,0,0,0,0,0,0,0,0,0,0,0,0,0,0,0,0,0,0,0,0,0,0,0,0,0,0,0,0,0,0,0,0,0,0,0,0,0,0,0,0,0,0,0,0,0,0,0,0,0,0,0,0,0,0,0,0,0,0,0,0,0,0,0,0,0,0,0,0,0,0,0,0,0,0,0,0,0,0,0,0,0,0,0,0,0
21.60093351,-4.62029277894192,0.0672321330567938,-2.4507630449033706e-08,0.05087094008882076,0.0005626114434609253,-7.511971489293607e-09,0.05087094008922577,0.0005626114434562624,-7.5119714892935e-09,0.05087094008922577,0.0005626114434562624,-7.5119714892935e-09,4.999947136710944,-0.02299195720324735,8.376089824124128e-09,-3.87,-2.93,-1.0,0.0,0.0,0.0,-3.87,-0.93,-1.0,0.0,0.0,0.0,-3.87,1.07,-1.0,0.0,0.0,0.0,-3.87,-2.93,1.0,0.0,0.0,0.0,-3.87,-0.93,1.0,0.0,0.0,0.0,-3.87,1.07,1.0,0.0,0.0,0.0,2.31,-4.59,-1.0,0.0,0.0,0.0,2.31,-2.59,-1.0,0.0,0.0,0.0,2.31,-0.59,-1.0,0.0,0.0,0.0,2.31,1.41,-1.0,0.0,0.0,0.0,2.31,-4.59,1.0,0.0,0.0,0.0,2.31,-2.59,1.0,0.0,0.0,0.0,2.31,-0.59,1.0,0.0,0.0,0.0,2.31,1.41,1.0,0.0,0.0,0.0,8.58,20.858800000000805,8.79719999999974,0.0,1.560000000001338,0.6400000000006401,0,0,0,0,0,0,0,0,0,0,0,0,0,0,0,0,0,0,0,0,0,0,0,0,0,0,0,0,0,0,0,0,0,0,0,0,0,0,0,0,0,0,0,0,0,0,0,0,0,0,0,0,0,0,0,0,0,0,0,0,0,0,0,0,0,0,0,0,0,0,0,0,0,0,0,0,0,0,0,0,0,0,0,0,0,0,0,0,0,0,0,0,0,0,0,0,0,0,0,0,0,0,0,0,0,0,0,0,0,0,0,0,0,0,0,0,0,0,0,0,0,0,0,0,0,0,0,0,0,0,0,0,0,0,0,0,0,0,0,0,0,0,0,0,0,0,0,0,0,0,0,0,0,0,0,0,0,0,0,0,0,0,0,0,0,0,0,0,0,0,0,0,0,0,0,0,0,0,0,0,0,0,0,0,0,0,0,0,0,0,0,0,0,0,0,0,0,0,0,0,0,0,0,0,0,0,0,0,0,0
21.705812358,-4.616276919330607,0.06727654701884599,-2.512128380471932e-08,0.05005555227377556,0.0005535969976322441,-7.70432961871972e-09,0.050055552273988724,0.0005535969976335764,-7.704329618718475e-09,0.050055552273988724,0.0005535969976335764,-7.704329618718475e-09,4.999947136710944,-0.02299195720324735,8.376089824124128e-09,-3.87,-2.93,-1.0,0.0,0.0,0.0,-3.87,-0.93,-1.0,0.0,0.0,0.0,-3.87,1.07,-1.0,0.0,0.0,0.0,-3.87,-2.93,1.0,0.0,0.0,0.0,-3.87,-0.93,1.0,0.0,0.0,0.0,-3.87,1.07,1.0,0.0,0.0,0.0,2.31,-4.59,-1.0,0.0,0.0,0.0,2.31,-2.59,-1.0,0.0,0.0,0.0,2.31,-0.59,-1.0,0.0,0.0,0.0,2.31,1.41,-1.0,0.0,0.0,0.0,2.31,-4.59,1.0,0.0,0.0,0.0,2.31,-2.59,1.0,0.0,0.0,0.0,2.31,-0.59,1.0,0.0,0.0,0.0,2.31,1.41,1.0,0.0,0.0,0.0,8.58,20.983600000000912,8.848399999999792,0.0,1.560000000001338,0.6400000000006401,0,0,0,0,0,0,0,0,0,0,0,0,0,0,0,0,0,0,0,0,0,0,0,0,0,0,0,0,0,0,0,0,0,0,0,0,0,0,0,0,0,0,0,0,0,0,0,0,0,0,0,0,0,0,0,0,0,0,0,0,0,0,0,0,0,0,0,0,0,0,0,0,0,0,0,0,0,0,0,0,0,0,0,0,0,0,0,0,0,0,0,0,0,0,0,0,0,0,0,0,0,0,0,0,0,0,0,0,0,0,0,0,0,0,0,0,0,0,0,0,0,0,0,0,0,0,0,0,0,0,0,0,0,0,0,0,0,0,0,0,0,0,0,0,0,0,0,0,0,0,0,0,0,0,0,0,0,0,0,0,0,0,0,0,0,0,0,0,0,0,0,0,0,0,0,0,0,0,0,0,0,0,0,0,0,0,0,0,0,0,0,0,0,0,0,0,0,0,0,0,0,0,0,0,0,0,0,0,0,0
21.802542494,-4.612324676524052,0.06732025611156142,-2.5762222910952685e-08,0.04925245419151736,0.0005446944269377196,-8.082679414654928e-09,0.049252454191446304,0.0005446944269351661,-8.082679414656013e-09,0.049252454191446304,0.0005446944269351661,-8.082679414656013e-09,4.999947037713607,-0.02301347559403563,8.588177891243315e-09,-3.87,-2.93,-1.0,0.0,0.0,0.0,-3.87,-0.93,-1.0,0.0,0.0,0.0,-3.87,1.07,-1.0,0.0,0.0,0.0,-3.87,-2.93,1.0,0.0,0.0,0.0,-3.87,-0.93,1.0,0.0,0.0,0.0,-3.87,1.07,1.0,0.0,0.0,0.0,2.31,-4.59,-1.0,0.0,0.0,0.0,2.31,-2.59,-1.0,0.0,0.0,0.0,2.31,-0.59,-1.0,0.0,0.0,0.0,2.31,1.41,-1.0,0.0,0.0,0.0,2.31,-4.59,1.0,0.0,0.0,0.0,2.31,-2.59,1.0,0.0,0.0,0.0,2.31,-0.59,1.0,0.0,0.0,0.0,2.31,1.41,1.0,0.0,0.0,0.0,8.58,21.10840000000102,8.899599999999843,0.0,1.560000000001338,0.6400000000006401,0,0,0,0,0,0,0,0,0,0,0,0,0,0,0,0,0,0,0,0,0,0,0,0,0,0,0,0,0,0,0,0,0,0,0,0,0,0,0,0,0,0,0,0,0,0,0,0,0,0,0,0,0,0,0,0,0,0,0,0,0,0,0,0,0,0,0,0,0,0,0,0,0,0,0,0,0,0,0,0,0,0,0,0,0,0,0,0,0,0,0,0,0,0,0,0,0,0,0,0,0,0,0,0,0,0,0,0,0,0,0,0,0,0,0,0,0,0,0,0,0,0,0,0,0,0,0,0,0,0,0,0,0,0,0,0,0,0,0,0,0,0,0,0,0,0,0,0,0,0,0,0,0,0,0,0,0,0,0,0,0,0,0,0,0,0,0,0,0,0,0,0,0,0,0,0,0,0,0,0,0,0,0,0,0,0,0,0,0,0,0,0,0,0,0,0,0,0,0,0,0,0,0,0,0,0,0,0,0,0
21.900534863,-4.607475578463782,0.06737388409202708,-2.65800500964812e-08,0.048263527452796495,0.0005337663460530662,-8.206825441447409e-09,0.04826352745294571,0.000533766346052289,-8.206825441448018e-09,0.04826352745294571,0.000533766346052289,-8.206825441448018e-09,4.9999468190414555,-0.02306093574057345,9.095162511882144e-09,-3.87,-2.93,-1.0,0.0,0.0,0.0,-3.87,-0.93,-1.0,0.0,0.0,0.0,-3.87,1.07,-1.0,0.0,0.0,0.0,-3.87,-2.93,1.0,0.0,0.0,0.0,-3.87,-0.93,1.0,0.0,0.0,0.0,-3.87,1.07,1.0,0.0,0.0,0.0,2.31,-4.59,-1.0,0.0,0.0,0.0,2.31,-2.59,-1.0,0.0,0.0,0.0,2.31,-0.59,-1.0,0.0,0.0,0.0,2.31,1.41,-1.0,0.0,0.0,0.0,2.31,-4.59,1.0,0.0,0.0,0.0,2.31,-2.59,1.0,0.0,0.0,0.0,2.31,-0.59,1.0,0.0,0.0,0.0,2.31,1.41,1.0,0.0,0.0,0.0,8.58,21.264400000001153,8.963599999999907,0.0,1.560000000001338,0.6400000000006401,0,0,0,0,0,0,0,0,0,0,0,0,0,0,0,0,0,0,0,0,0,0,0,0,0,0,0,0,0,0,0,0,0,0,0,0,0,0,0,0,0,0,0,0,0,0,0,0,0,0,0,0,0,0,0,0,0,0,0,0,0,0,0,0,0,0,0,0,0,0,0,0,0,0,0,0,0,0,0,0,0,0,0,0,0,0,0,0,0,0,0,0,0,0,0,0,0,0,0,0,0,0,0,0,0,0,0,0,0,0,0,0,0,0,0,0,0,0,0,0,0,0,0,0,0,0,0,0,0,0,0,0,0,0,0,0,0,0,0,0,0,0,0,0,0,0,0,0,0,0,0,0,0,0,0,0,0,0,0,0,0,0,0,0,0,0,0,0,0,0,0,0,0,0,0,0,0,0,0,0,0,0,0,0,0,0,0,0,0,0,0,0,0,0,0,0,0,0,0,0,0,0,0,0,0,0,0,0,0,0
22.000827254,-4.603664611331341,0.06741603136318786,-2.576389910968803e-08,0.04749252647151536,0.0005252427072305332,1.4450051821767384e-08,0.04749252647161484,0.0005252427072264254,1.4450051821768284e-08,0.04749252647161484,0.0005252427072264254,1.4450051821768284e-08,4.9999468190414555,-0.02306093574057345,9.095162511882144e-09,-3.87,-2.93,-1.0,0.0,0.0,0.0,-3.87,-0.93,-1.0,0.0,0.0,0.0,-3.87,1.07,-1.0,0.0,0.0,0.0,-3.87,-2.93,1.0,0.0,0.0,0.0,-3.87,-0.93,1.0,0.0,0.0,0.0,-3.87,1.07,1.0,0.0,0.0,0.0,2.31,-4.59,-1.0,0.0,0.0,0.0,2.31,-2.59,-1.0,0.0,0.0,0.0,2.31,-0.59,-1.0,0.0,0.0,0.0,2.31,1.41,-1.0,0.0,0.0,0.0,2.31,-4.59,1.0,0.0,0.0,0.0,2.31,-2.59,1.0,0.0,0.0,0.0,2.31,-0.59,1.0,0.0,0.0,0.0,2.31,1.41,1.0,0.0,0.0,0.0,8.58,21.38920000000126,9.014799999999958,0.0,1.560000000001338,0.6400000000006401,0,0,0,0,0,0,0,0,0,0,0,0,0,0,0,0,0,0,0,0,0,0,0,0,0,0,0,0,0,0,0,0,0,0,0,0,0,0,0,0,0,0,0,0,0,0,0,0,0,0,0,0,0,0,0,0,0,0,0,0,0,0,0,0,0,0,0,0,0,0,0,0,0,0,0,0,0,0,0,0,0,0,0,0,0,0,0,0,0,0,0,0,0,0,0,0,0,0,0,0,0,0,0,0,0,0,0,0,0,0,0,0,0,0,0,0,0,0,0,0,0,0,0,0,0,0,0,0,0,0,0,0,0,0,0,0,0,0,0,0,0,0,0,0,0,0,0,0,0,0,0,0,0,0,0,0,0,0,0,0,0,0,0,0,0,0,0,0,0,0,0,0,0,0,0,0,0,0,0,0,0,0,0,0,0,0,0,0,0,0,0,0,0,0,0,0,0,0,0,0,0,0,0,0,0,0,0,0,0,0
22.101632939,-4.59990941994559,0.06745756156730992,-2.458510666469898e-08,0.04673027247203976,0.0005168080097067707,1.4842953532933924e-08,0.046730272471904755,0.0005168080097064376,1.4842953532934189e-08,0.046730272471904755,0.0005168080097064376,1.4842953532934189e-08,4.999946717890916,-0.023082856232694102,8.797522445838912e-09,-3.87,-2.93,-1.0,0.0,0.0,0.0,-3.87,-0.93,-1.0,0.0,0.0,0.0,-3.87,1.07,-1.0,0.0,0.0,0.0,-3.87,-2.93,1.0,0.0,0.0,0.0,-3.87,-0.93,1.0,0.0,0.0,0.0,-3.87,1.07,1.0,0.0,0.0,0.0,2.31,-4.59,-1.0,0.0,0.0,0.0,2.31,-2.59,-1.0,0.0,0.0,0.0,2.31,-0.59,-1.0,0.0,0.0,0.0,2.31,1.41,-1.0,0.0,0.0,0.0,2.31,-4.59,1.0,0.0,0.0,0.0,2.31,-2.59,1.0,0.0,0.0,0.0,2.31,-0.59,1.0,0.0,0.0,0.0,2.31,1.41,1.0,0.0,0.0,0.0,8.58,21.514000000001367,9.06600000000001,0.0,1.560000000001338,0.6400000000006401,0,0,0,0,0,0,0,0,0,0,0,0,0,0,0,0,0,0,0,0,0,0,0,0,0,0,0,0,0,0,0,0,0,0,0,0,0,0,0,0,0,0,0,0,0,0,0,0,0,0,0,0,0,0,0,0,0,0,0,0,0,0,0,0,0,0,0,0,0,0,0,0,0,0,0,0,0,0,0,0,0,0,0,0,0,0,0,0,0,0,0,0,0,0,0,0,0,0,0,0,0,0,0,0,0,0,0,0,0,0,0,0,0,0,0,0,0,0,0,0,0,0,0,0,0,0,0,0,0,0,0,0,0,0,0,0,0,0,0,0,0,0,0,0,0,0,0,0,0,0,0,0,0,0,0,0,0,0,0,0,0,0,0,0,0,0,0,0,0,0,0,0,0,0,0,0,0,0,0,0,0,0,0,0,0,0,0,0,0,0,0,0,0,0,0,0,0,0,0,0,0,0,0,0,0,0,0,0,0,0
22.201320406,-4.596218303631189,0.06749838322709607,-2.4850895122608325e-08,0.04597939178374588,0.0005085067241450414,-8.224105840781307e-09,0.045979391783475876,0.0005085067241452634,-8.224105840781704e-09,0.045979391783475876,0.0005085067241452634,-8.224105840781704e-09,4.999946625765951,-0.02310280268033204,8.404033835115287e-09,-3.87,-2.93,-1.0,0.0,0.0,0.0,-3.87,-0.93,-1.0,0.0,0.0,0.0,-3.87,1.07,-1.0,0.0,0.0,0.0,-3.87,-2.93,1.0,0.0,0.0,0.0,-3.87,-0.93,1.0,0.0,0.0,0.0,-3.87,1.07,1.0,0.0,0.0,0.0,2.31,-4.59,-1.0,0.0,0.0,0.0,2.31,-2.59,-1.0,0.0,0.0,0.0,2.31,-0.59,-1.0,0.0,0.0,0.0,2.31,1.41,-1.0,0.0,0.0,0.0,2.31,-4.59,1.0,0.0,0.0,0.0,2.31,-2.59,1.0,0.0,0.0,0.0,2.31,-0.59,1.0,0.0,0.0,0.0,2.31,1.41,1.0,0.0,0.0,0.0,8.58,21.638800000001474,9.11720000000006,0.0,1.560000000001338,0.6400000000006401,0,0,0,0,0,0,0,0,0,0,0,0,0,0,0,0,0,0,0,0,0,0,0,0,0,0,0,0,0,0,0,0,0,0,0,0,0,0,0,0,0,0,0,0,0,0,0,0,0,0,0,0,0,0,0,0,0,0,0,0,0,0,0,0,0,0,0,0,0,0,0,0,0,0,0,0,0,0,0,0,0,0,0,0,0,0,0,0,0,0,0,0,0,0,0,0,0,0,0,0,0,0,0,0,0,0,0,0,0,0,0,0,0,0,0,0,0,0,0,0,0,0,0,0,0,0,0,0,0,0,0,0,0,0,0,0,0,0,0,0,0,0,0,0,0,0,0,0,0,0,0,0,0,0,0,0,0,0,0,0,0,0,0,0,0,0,0,0,0,0,0,0,0,0,0,0,0,0,0,0,0,0,0,0,0,0,0,0,0,0,0,0,0,0,0,0,0,0,0,0,0,0,0,0,0,0,0,0,0,0
22.301122921,-4.594396844665638,0.06751852748665317,-2.46583805600946e-08,0.04524119570881169,0.0005003396654490455,1.3504177331926053e-08,0.04524119570851326,0.0005003396654501557,1.3504177331924438e-08,0.04524119570851326,0.0005003396654501557,1.3504177331924438e-08,4.999946537614447,-0.02312187270331139,8.514049782777787e-09,-3.87,-2.93,-1.0,0.0,0.0,0.0,-3.87,-0.93,-1.0,0.0,0.0,0.0,-3.87,1.07,-1.0,0.0,0.0,0.0,-3.87,-2.93,1.0,0.0,0.0,0.0,-3.87,-0.93,1.0,0.0,0.0,0.0,-3.87,1.07,1.0,0.0,0.0,0.0,2.31,-4.59,-1.0,0.0,0.0,0.0,2.31,-2.59,-1.0,0.0,0.0,0.0,2.31,-0.59,-1.0,0.0,0.0,0.0,2.31,1.41,-1.0,0.0,0.0,0.0,2.31,-4.59,1.0,0.0,0.0,0.0,2.31,-2.59,1.0,0.0,0.0,0.0,2.31,-0.59,1.0,0.0,0.0,0.0,2.31,1.41,1.0,0.0,0.0,0.0,8.58,21.701200000001528,9.142800000000086,0.0,1.560000000001338,0.6400000000006401,0,0,0,0,0,0,0,0,0,0,0,0,0,0,0,0,0,0,0,0,0,0,0,0,0,0,0,0,0,0,0,0,0,0,0,0,0,0,0,0,0,0,0,0,0,0,0,0,0,0,0,0,0,0,0,0,0,0,0,0,0,0,0,0,0,0,0,0,0,0,0,0,0,0,0,0,0,0,0,0,0,0,0,0,0,0,0,0,0,0,0,0,0,0,0,0,0,0,0,0,0,0,0,0,0,0,0,0,0,0,0,0,0,0,0,0,0,0,0,0,0,0,0,0,0,0,0,0,0,0,0,0,0,0,0,0,0,0,0,0,0,0,0,0,0,0,0,0,0,0,0,0,0,0,0,0,0,0,0,0,0,0,0,0,0,0,0,0,0,0,0,0,0,0,0,0,0,0,0,0,0,0,0,0,0,0,0,0,0,0,0,0,0,0,0,0,0,0,0,0,0,0,0,0,0,0,0,0,0,0
22.40062639,-4.591697228266981,0.06754838303005156,-2.4737106421479974e-08,0.04487887024851034,0.0004963192623136381,-8.178176358340688e-09,0.044878870248794556,0.0004963192623108625,-8.17817635834217e-09,0.044878870248794556,0.0004963192623108625,-8.17817635834217e-09,4.9999464833665535,-0.023133600464235144,8.409741807151164e-09,-3.87,-2.93,-1.0,0.0,0.0,0.0,-3.87,-0.93,-1.0,0.0,0.0,0.0,-3.87,1.07,-1.0,0.0,0.0,0.0,-3.87,-2.93,1.0,0.0,0.0,0.0,-3.87,-0.93,1.0,0.0,0.0,0.0,-3.87,1.07,1.0,0.0,0.0,0.0,2.31,-4.59,-1.0,0.0,0.0,0.0,2.31,-2.59,-1.0,0.0,0.0,0.0,2.31,-0.59,-1.0,0.0,0.0,0.0,2.31,1.41,-1.0,0.0,0.0,0.0,2.31,-4.59,1.0,0.0,0.0,0.0,2.31,-2.59,1.0,0.0,0.0,0.0,2.31,-0.59,1.0,0.0,0.0,0.0,2.31,1.41,1.0,0.0,0.0,0.0,8.58,21.794800000001608,9.181200000000125,0.0,1.560000000001338,0.6400000000006401,0,0,0,0,0,0,0,0,0,0,0,0,0,0,0,0,0,0,0,0,0,0,0,0,0,0,0,0,0,0,0,0,0,0,0,0,0,0,0,0,0,0,0,0,0,0,0,0,0,0,0,0,0,0,0,0,0,0,0,0,0,0,0,0,0,0,0,0,0,0,0,0,0,0,0,0,0,0,0,0,0,0,0,0,0,0,0,0,0,0,0,0,0,0,0,0,0,0,0,0,0,0,0,0,0,0,0,0,0,0,0,0,0,0,0,0,0,0,0,0,0,0,0,0,0,0,0,0,0,0,0,0,0,0,0,0,0,0,0,0,0,0,0,0,0,0,0,0,0,0,0,0,0,0,0,0,0,0,0,0,0,0,0,0,0,0,0,0,0,0,0,0,0,0,0,0,0,0,0,0,0,0,0,0,0,0,0,0,0,0,0,0,0,0,0,0,0,0,0,0,0,0,0,0,0,0,0,0,0,0
22.504789816,-4.5890255830540845,0.06757792883098657,-2.432656778905722e-08,0.044338177889180486,0.0004903358058055973,1.493026502430537e-08,0.044338177889585495,0.0004903358058072627,1.493026502430439e-08,0.044338177889585495,0.0004903358058072627,1.493026502430439e-08,4.999946420754889,-0.023147128987721543,8.490483472100672e-09,-3.87,-2.93,-1.0,0.0,0.0,0.0,-3.87,-0.93,-1.0,0.0,0.0,0.0,-3.87,1.07,-1.0,0.0,0.0,0.0,-3.87,-2.93,1.0,0.0,0.0,0.0,-3.87,-0.93,1.0,0.0,0.0,0.0,-3.87,1.07,1.0,0.0,0.0,0.0,2.31,-4.59,-1.0,0.0,0.0,0.0,2.31,-2.59,-1.0,0.0,0.0,0.0,2.31,-0.59,-1.0,0.0,0.0,0.0,2.31,1.41,-1.0,0.0,0.0,0.0,2.31,-4.59,1.0,0.0,0.0,0.0,2.31,-2.59,1.0,0.0,0.0,0.0,2.31,-0.59,1.0,0.0,0.0,0.0,2.31,1.41,1.0,0.0,0.0,0.0,8.58,21.88840000000169,9.219600000000163,0.0,1.560000000001338,0.6400000000006401,0,0,0,0,0,0,0,0,0,0,0,0,0,0,0,0,0,0,0,0,0,0,0,0,0,0,0,0,0,0,0,0,0,0,0,0,0,0,0,0,0,0,0,0,0,0,0,0,0,0,0,0,0,0,0,0,0,0,0,0,0,0,0,0,0,0,0,0,0,0,0,0,0,0,0,0,0,0,0,0,0,0,0,0,0,0,0,0,0,0,0,0,0,0,0,0,0,0,0,0,0,0,0,0,0,0,0,0,0,0,0,0,0,0,0,0,0,0,0,0,0,0,0,0,0,0,0,0,0,0,0,0,0,0,0,0,0,0,0,0,0,0,0,0,0,0,0,0,0,0,0,0,0,0,0,0,0,0,0,0,0,0,0,0,0,0,0,0,0,0,0,0,0,0,0,0,0,0,0,0,0,0,0,0,0,0,0,0,0,0,0,0,0,0,0,0,0,0,0,0,0,0,0,0,0,0,0,0,0,0
22.601464639,-4.5855095199375935,0.06761681251716845,-2.4467503997538597e-08,0.04380384832636253,0.0004844189388647502,-8.093138603725793e-09,0.04380384832620621,0.0004844189388677478,-8.093138603726402e-09,0.04380384832620621,0.0004844189388677478,-8.093138603726402e-09,4.999946348777732,-0.023162671353638115,8.286276684493604e-09,-3.87,-2.93,-1.0,0.0,0.0,0.0,-3.87,-0.93,-1.0,0.0,0.0,0.0,-3.87,1.07,-1.0,0.0,0.0,0.0,-3.87,-2.93,1.0,0.0,0.0,0.0,-3.87,-0.93,1.0,0.0,0.0,0.0,-3.87,1.07,1.0,0.0,0.0,0.0,2.31,-4.59,-1.0,0.0,0.0,0.0,2.31,-2.59,-1.0,0.0,0.0,0.0,2.31,-0.59,-1.0,0.0,0.0,0.0,2.31,1.41,-1.0,0.0,0.0,0.0,2.31,-4.59,1.0,0.0,0.0,0.0,2.31,-2.59,1.0,0.0,0.0,0.0,2.31,-0.59,1.0,0.0,0.0,0.0,2.31,1.41,1.0,0.0,0.0,0.0,8.58,21.98200000000177,9.258000000000202,0.0,1.560000000001338,0.6400000000006401,0,0,0,0,0,0,0,0,0,0,0,0,0,0,0,0,0,0,0,0,0,0,0,0,0,0,0,0,0,0,0,0,0,0,0,0,0,0,0,0,0,0,0,0,0,0,0,0,0,0,0,0,0,0,0,0,0,0,0,0,0,0,0,0,0,0,0,0,0,0,0,0,0,0,0,0,0,0,0,0,0,0,0,0,0,0,0,0,0,0,0,0,0,0,0,0,0,0,0,0,0,0,0,0,0,0,0,0,0,0,0,0,0,0,0,0,0,0,0,0,0,0,0,0,0,0,0,0,0,0,0,0,0,0,0,0,0,0,0,0,0,0,0,0,0,0,0,0,0,0,0,0,0,0,0,0,0,0,0,0,0,0,0,0,0,0,0,0,0,0,0,0,0,0,0,0,0,0,0,0,0,0,0,0,0,0,0,0,0,0,0,0,0,0,0,0,0,0,0,0,0,0,0,0,0,0,0,0,0,0
22.703725671,-4.582055209412384,0.06765501302774705,-2.3557814663899585e-08,0.043099660426371145,0.00047663014265952874,1.383841663482456e-08,0.04309966042637825,0.00047663014265708625,1.383841663482599e-08,0.04309966042637825,0.00047663014265708625,1.383841663482599e-08,4.999946278738925,-0.023177785156847416,8.37071984545386e-09,-3.87,-2.93,-1.0,0.0,0.0,0.0,-3.87,-0.93,-1.0,0.0,0.0,0.0,-3.87,1.07,-1.0,0.0,0.0,0.0,-3.87,-2.93,1.0,0.0,0.0,0.0,-3.87,-0.93,1.0,0.0,0.0,0.0,-3.87,1.07,1.0,0.0,0.0,0.0,2.31,-4.59,-1.0,0.0,0.0,0.0,2.31,-2.59,-1.0,0.0,0.0,0.0,2.31,-0.59,-1.0,0.0,0.0,0.0,2.31,1.41,-1.0,0.0,0.0,0.0,2.31,-4.59,1.0,0.0,0.0,0.0,2.31,-2.59,1.0,0.0,0.0,0.0,2.31,-0.59,1.0,0.0,0.0,0.0,2.31,1.41,1.0,0.0,0.0,0.0,8.58,22.138000000001902,9.322000000000266,0.0,1.560000000001338,0.6400000000006401,0,0,0,0,0,0,0,0,0,0,0,0,0,0,0,0,0,0,0,0,0,0,0,0,0,0,0,0,0,0,0,0,0,0,0,0,0,0,0,0,0,0,0,0,0,0,0,0,0,0,0,0,0,0,0,0,0,0,0,0,0,0,0,0,0,0,0,0,0,0,0,0,0,0,0,0,0,0,0,0,0,0,0,0,0,0,0,0,0,0,0,0,0,0,0,0,0,0,0,0,0,0,0,0,0,0,0,0,0,0,0,0,0,0,0,0,0,0,0,0,0,0,0,0,0,0,0,0,0,0,0,0,0,0,0,0,0,0,0,0,0,0,0,0,0,0,0,0,0,0,0,0,0,0,0,0,0,0,0,0,0,0,0,0,0,0,0,0,0,0,0,0,0,0,0,0,0,0,0,0,0,0,0,0,0,0,0,0,0,0,0,0,0,0,0,0,0,0,0,0,0,0,0,0,0,0,0,0,0,0
22.801591719,-4.578652828588276,0.0676926396897473,-2.246319686305421e-08,0.04240887239603808,0.00046899757580320944,1.364969648420959e-08,0.04240887239575386,0.00046899757580831647,1.3649696484208107e-08,0.04240887239575386,0.00046899757580831647,1.3649696484208107e-08,4.999946185973914,-0.02319778793127548,8.07758603894297e-09,-3.87,-2.93,-1.0,0.0,0.0,0.0,-3.87,-0.93,-1.0,0.0,0.0,0.0,-3.87,1.07,-1.0,0.0,0.0,0.0,-3.87,-2.93,1.0,0.0,0.0,0.0,-3.87,-0.93,1.0,0.0,0.0,0.0,-3.87,1.07,1.0,0.0,0.0,0.0,2.31,-4.59,-1.0,0.0,0.0,0.0,2.31,-2.59,-1.0,0.0,0.0,0.0,2.31,-0.59,-1.0,0.0,0.0,0.0,2.31,1.41,-1.0,0.0,0.0,0.0,2.31,-4.59,1.0,0.0,0.0,0.0,2.31,-2.59,1.0,0.0,0.0,0.0,2.31,-0.59,1.0,0.0,0.0,0.0,2.31,1.41,1.0,0.0,0.0,0.0,8.58,22.26280000000201,9.373200000000317,0.0,1.560000000001338,0.6400000000006401,0,0,0,0,0,0,0,0,0,0,0,0,0,0,0,0,0,0,0,0,0,0,0,0,0,0,0,0,0,0,0,0,0,0,0,0,0,0,0,0,0,0,0,0,0,0,0,0,0,0,0,0,0,0,0,0,0,0,0,0,0,0,0,0,0,0,0,0,0,0,0,0,0,0,0,0,0,0,0,0,0,0,0,0,0,0,0,0,0,0,0,0,0,0,0,0,0,0,0,0,0,0,0,0,0,0,0,0,0,0,0,0,0,0,0,0,0,0,0,0,0,0,0,0,0,0,0,0,0,0,0,0,0,0,0,0,0,0,0,0,0,0,0,0,0,0,0,0,0,0,0,0,0,0,0,0,0,0,0,0,0,0,0,0,0,0,0,0,0,0,0,0,0,0,0,0,0,0,0,0,0,0,0,0,0,0,0,0,0,0,0,0,0,0,0,0,0,0,0,0,0,0,0,0,0,0,0,0,0,0
22.901756481,-4.5753103388800564,0.06772960533117335,-2.1369504018320535e-08,0.04155768454072728,0.0004596049548166725,1.3678800314665635e-08,0.041557684540748596,0.0004596049548126757,1.367880031466484e-08,0.041557684540748596,0.0004596049548126757,1.367880031466484e-08,4.999946094253798,-0.02321754845337451,7.674631665305773e-09,-3.87,-2.93,-1.0,0.0,0.0,0.0,-3.87,-0.93,-1.0,0.0,0.0,0.0,-3.87,1.07,-1.0,0.0,0.0,0.0,-3.87,-2.93,1.0,0.0,0.0,0.0,-3.87,-0.93,1.0,0.0,0.0,0.0,-3.87,1.07,1.0,0.0,0.0,0.0,2.31,-4.59,-1.0,0.0,0.0,0.0,2.31,-2.59,-1.0,0.0,0.0,0.0,2.31,-0.59,-1.0,0.0,0.0,0.0,2.31,1.41,-1.0,0.0,0.0,0.0,2.31,-4.59,1.0,0.0,0.0,0.0,2.31,-2.59,1.0,0.0,0.0,0.0,2.31,-0.59,1.0,0.0,0.0,0.0,2.31,1.41,1.0,0.0,0.0,0.0,8.58,22.387600000002116,9.424400000000368,0.0,1.560000000001338,0.6400000000006401,0,0,0,0,0,0,0,0,0,0,0,0,0,0,0,0,0,0,0,0,0,0,0,0,0,0,0,0,0,0,0,0,0,0,0,0,0,0,0,0,0,0,0,0,0,0,0,0,0,0,0,0,0,0,0,0,0,0,0,0,0,0,0,0,0,0,0,0,0,0,0,0,0,0,0,0,0,0,0,0,0,0,0,0,0,0,0,0,0,0,0,0,0,0,0,0,0,0,0,0,0,0,0,0,0,0,0,0,0,0,0,0,0,0,0,0,0,0,0,0,0,0,0,0,0,0,0,0,0,0,0,0,0,0,0,0,0,0,0,0,0,0,0,0,0,0,0,0,0,0,0,0,0,0,0,0,0,0,0,0,0,0,0,0,0,0,0,0,0,0,0,0,0,0,0,0,0,0,0,0,0,0,0,0,0,0,0,0,0,0,0,0,0,0,0,0,0,0,0,0,0,0,0,0,0,0,0,0,0,0
23.003098756,-4.572023564654544,0.0677659539050951,-2.159305508753226e-08,0.04089381545746562,0.0004522396484379909,-9.44146449910588e-09,0.04089381545782089,0.0004522396484389901,-9.441464499104768e-09,0.04089381545782089,0.0004522396484389901,-9.441464499104768e-09,4.999946008995516,-0.02323590174302513,7.293268032405509e-09,-3.87,-2.93,-1.0,0.0,0.0,0.0,-3.87,-0.93,-1.0,0.0,0.0,0.0,-3.87,1.07,-1.0,0.0,0.0,0.0,-3.87,-2.93,1.0,0.0,0.0,0.0,-3.87,-0.93,1.0,0.0,0.0,0.0,-3.87,1.07,1.0,0.0,0.0,0.0,2.31,-4.59,-1.0,0.0,0.0,0.0,2.31,-2.59,-1.0,0.0,0.0,0.0,2.31,-0.59,-1.0,0.0,0.0,0.0,2.31,1.41,-1.0,0.0,0.0,0.0,2.31,-4.59,1.0,0.0,0.0,0.0,2.31,-2.59,1.0,0.0,0.0,0.0,2.31,-0.59,1.0,0.0,0.0,0.0,2.31,1.41,1.0,0.0,0.0,0.0,8.58,22.512400000002224,9.47560000000042,0.0,1.560000000001338,0.6400000000006401,0,0,0,0,0,0,0,0,0,0,0,0,0,0,0,0,0,0,0,0,0,0,0,0,0,0,0,0,0,0,0,0,0,0,0,0,0,0,0,0,0,0,0,0,0,0,0,0,0,0,0,0,0,0,0,0,0,0,0,0,0,0,0,0,0,0,0,0,0,0,0,0,0,0,0,0,0,0,0,0,0,0,0,0,0,0,0,0,0,0,0,0,0,0,0,0,0,0,0,0,0,0,0,0,0,0,0,0,0,0,0,0,0,0,0,0,0,0,0,0,0,0,0,0,0,0,0,0,0,0,0,0,0,0,0,0,0,0,0,0,0,0,0,0,0,0,0,0,0,0,0,0,0,0,0,0,0,0,0,0,0,0,0,0,0,0,0,0,0,0,0,0,0,0,0,0,0,0,0,0,0,0,0,0,0,0,0,0,0,0,0,0,0,0,0,0,0,0,0,0,0,0,0,0,0,0,0,0,0,0
23.100821225,-4.568782452265899,0.06780179671899544,-2.0938373516355085e-08,0.040403608232431054,0.0004468145198138762,1.3300450518727117e-08,0.04040360823273659,0.0004468145198188722,1.3300450518727303e-08,0.04040360823273659,0.0004468145198188722,1.3300450518727303e-08,4.999945924743718,-0.023254024139586545,7.433799664226685e-09,-3.87,-2.93,-1.0,0.0,0.0,0.0,-3.87,-0.93,-1.0,0.0,0.0,0.0,-3.87,1.07,-1.0,0.0,0.0,0.0,-3.87,-2.93,1.0,0.0,0.0,0.0,-3.87,-0.93,1.0,0.0,0.0,0.0,-3.87,1.07,1.0,0.0,0.0,0.0,2.31,-4.59,-1.0,0.0,0.0,0.0,2.31,-2.59,-1.0,0.0,0.0,0.0,2.31,-0.59,-1.0,0.0,0.0,0.0,2.31,1.41,-1.0,0.0,0.0,0.0,2.31,-4.59,1.0,0.0,0.0,0.0,2.31,-2.59,1.0,0.0,0.0,0.0,2.31,-0.59,1.0,0.0,0.0,0.0,2.31,1.41,1.0,0.0,0.0,0.0,8.58,22.63720000000233,9.52680000000047,0.0,1.560000000001338,0.6400000000006401,0,0,0,0,0,0,0,0,0,0,0,0,0,0,0,0,0,0,0,0,0,0,0,0,0,0,0,0,0,0,0,0,0,0,0,0,0,0,0,0,0,0,0,0,0,0,0,0,0,0,0,0,0,0,0,0,0,0,0,0,0,0,0,0,0,0,0,0,0,0,0,0,0,0,0,0,0,0,0,0,0,0,0,0,0,0,0,0,0,0,0,0,0,0,0,0,0,0,0,0,0,0,0,0,0,0,0,0,0,0,0,0,0,0,0,0,0,0,0,0,0,0,0,0,0,0,0,0,0,0,0,0,0,0,0,0,0,0,0,0,0,0,0,0,0,0,0,0,0,0,0,0,0,0,0,0,0,0,0,0,0,0,0,0,0,0,0,0,0,0,0,0,0,0,0,0,0,0,0,0,0,0,0,0,0,0,0,0,0,0,0,0,0,0,0,0,0,0,0,0,0,0,0,0,0,0,0,0,0,0
23.202215978,-4.564792715880231,0.06784591930670988,-1.957881718039917e-08,0.03975457698146556,0.00043964959331455056,1.3678800314665635e-08,0.03975457698106766,0.0004396495933178812,1.367880031466484e-08,0.03975457698106766,0.0004396495933178812,1.367880031466484e-08,4.999945849423378,-0.023270213448397834,7.166827212275266e-09,-3.87,-2.93,-1.0,0.0,0.0,0.0,-3.87,-0.93,-1.0,0.0,0.0,0.0,-3.87,1.07,-1.0,0.0,0.0,0.0,-3.87,-2.93,1.0,0.0,0.0,0.0,-3.87,-0.93,1.0,0.0,0.0,0.0,-3.87,1.07,1.0,0.0,0.0,0.0,2.31,-4.59,-1.0,0.0,0.0,0.0,2.31,-2.59,-1.0,0.0,0.0,0.0,2.31,-0.59,-1.0,0.0,0.0,0.0,2.31,1.41,-1.0,0.0,0.0,0.0,2.31,-4.59,1.0,0.0,0.0,0.0,2.31,-2.59,1.0,0.0,0.0,0.0,2.31,-0.59,1.0,0.0,0.0,0.0,2.31,1.41,1.0,0.0,0.0,0.0,8.58,22.793200000002464,9.590800000000534,0.0,1.560000000001338,0.6400000000006401,0,0,0,0,0,0,0,0,0,0,0,0,0,0,0,0,0,0,0,0,0,0,0,0,0,0,0,0,0,0,0,0,0,0,0,0,0,0,0,0,0,0,0,0,0,0,0,0,0,0,0,0,0,0,0,0,0,0,0,0,0,0,0,0,0,0,0,0,0,0,0,0,0,0,0,0,0,0,0,0,0,0,0,0,0,0,0,0,0,0,0,0,0,0,0,0,0,0,0,0,0,0,0,0,0,0,0,0,0,0,0,0,0,0,0,0,0,0,0,0,0,0,0,0,0,0,0,0,0,0,0,0,0,0,0,0,0,0,0,0,0,0,0,0,0,0,0,0,0,0,0,0,0,0,0,0,0,0,0,0,0,0,0,0,0,0,0,0,0,0,0,0,0,0,0,0,0,0,0,0,0,0,0,0,0,0,0,0,0,0,0,0,0,0,0,0,0,0,0,0,0,0,0,0,0,0,0,0,0,0
23.301620464,-4.561670668038703,0.06788044786435717,-2.0139277279174335e-08,0.03895569592682335,0.0004308357601928714,-8.989201383257888e-09,0.0389556959271431,0.00043083576019853354,-8.989201383258205e-09,0.0389556959271431,0.00043083576019853354,-8.989201383258205e-09,4.999945759486602,-0.023289529663480447,6.749273781311329e-09,-3.87,-2.93,-1.0,0.0,0.0,0.0,-3.87,-0.93,-1.0,0.0,0.0,0.0,-3.87,1.07,-1.0,0.0,0.0,0.0,-3.87,-2.93,1.0,0.0,0.0,0.0,-3.87,-0.93,1.0,0.0,0.0,0.0,-3.87,1.07,1.0,0.0,0.0,0.0,2.31,-4.59,-1.0,0.0,0.0,0.0,2.31,-2.59,-1.0,0.0,0.0,0.0,2.31,-0.59,-1.0,0.0,0.0,0.0,2.31,1.41,-1.0,0.0,0.0,0.0,2.31,-4.59,1.0,0.0,0.0,0.0,2.31,-2.59,1.0,0.0,0.0,0.0,2.31,-0.59,1.0,0.0,0.0,0.0,2.31,1.41,1.0,0.0,0.0,0.0,8.58,22.91800000000257,9.642000000000586,0.0,1.560000000001338,0.6400000000006401,0,0,0,0,0,0,0,0,0,0,0,0,0,0,0,0,0,0,0,0,0,0,0,0,0,0,0,0,0,0,0,0,0,0,0,0,0,0,0,0,0,0,0,0,0,0,0,0,0,0,0,0,0,0,0,0,0,0,0,0,0,0,0,0,0,0,0,0,0,0,0,0,0,0,0,0,0,0,0,0,0,0,0,0,0,0,0,0,0,0,0,0,0,0,0,0,0,0,0,0,0,0,0,0,0,0,0,0,0,0,0,0,0,0,0,0,0,0,0,0,0,0,0,0,0,0,0,0,0,0,0,0,0,0,0,0,0,0,0,0,0,0,0,0,0,0,0,0,0,0,0,0,0,0,0,0,0,0,0,0,0,0,0,0,0,0,0,0,0,0,0,0,0,0,0,0,0,0,0,0,0,0,0,0,0,0,0,0,0,0,0,0,0,0,0,0,0,0,0,0,0,0,0,0,0,0,0,0,0,0
23.401747855,-4.558592228478937,0.06791449266089959,-2.0859537872564063e-08,0.03833248093698671,0.00042391667375019093,-9.007635526357837e-09,0.03833248093724251,0.0004239166737534106,-9.007635526359081e-09,0.03833248093724251,0.0004239166737534106,-9.007635526359081e-09,4.999945671058967,-0.023308506144665203,6.927513584054184e-09,-3.87,-2.93,-1.0,0.0,0.0,0.0,-3.87,-0.93,-1.0,0.0,0.0,0.0,-3.87,1.07,-1.0,0.0,0.0,0.0,-3.87,-2.93,1.0,0.0,0.0,0.0,-3.87,-0.93,1.0,0.0,0.0,0.0,-3.87,1.07,1.0,0.0,0.0,0.0,2.31,-4.59,-1.0,0.0,0.0,0.0,2.31,-2.59,-1.0,0.0,0.0,0.0,2.31,-0.59,-1.0,0.0,0.0,0.0,2.31,1.41,-1.0,0.0,0.0,0.0,2.31,-4.59,1.0,0.0,0.0,0.0,2.31,-2.59,1.0,0.0,0.0,0.0,2.31,-0.59,1.0,0.0,0.0,0.0,2.31,1.41,1.0,0.0,0.0,0.0,8.58,23.04280000000268,9.693200000000637,0.0,1.560000000001338,0.6400000000006401,0,0,0,0,0,0,0,0,0,0,0,0,0,0,0,0,0,0,0,0,0,0,0,0,0,0,0,0,0,0,0,0,0,0,0,0,0,0,0,0,0,0,0,0,0,0,0,0,0,0,0,0,0,0,0,0,0,0,0,0,0,0,0,0,0,0,0,0,0,0,0,0,0,0,0,0,0,0,0,0,0,0,0,0,0,0,0,0,0,0,0,0,0,0,0,0,0,0,0,0,0,0,0,0,0,0,0,0,0,0,0,0,0,0,0,0,0,0,0,0,0,0,0,0,0,0,0,0,0,0,0,0,0,0,0,0,0,0,0,0,0,0,0,0,0,0,0,0,0,0,0,0,0,0,0,0,0,0,0,0,0,0,0,0,0,0,0,0,0,0,0,0,0,0,0,0,0,0,0,0,0,0,0,0,0,0,0,0,0,0,0,0,0,0,0,0,0,0,0,0,0,0,0,0,0,0,0,0,0,0
23.500766095,-4.554816733933249,0.06795624670991546,-2.009810890823974e-08,0.037562433630178305,0.0004154150956281466,1.3154931366443581e-08,0.03756243363022804,0.0004154150956310332,1.3154931366443634e-08,0.03756243363022804,0.0004154150956310332,1.3154931366443634e-08,4.999945502297464,-0.023344679380132474,6.904205740093982e-09,-3.87,-2.93,-1.0,0.0,0.0,0.0,-3.87,-0.93,-1.0,0.0,0.0,0.0,-3.87,1.07,-1.0,0.0,0.0,0.0,-3.87,-2.93,1.0,0.0,0.0,0.0,-3.87,-0.93,1.0,0.0,0.0,0.0,-3.87,1.07,1.0,0.0,0.0,0.0,2.31,-4.59,-1.0,0.0,0.0,0.0,2.31,-2.59,-1.0,0.0,0.0,0.0,2.31,-0.59,-1.0,0.0,0.0,0.0,2.31,1.41,-1.0,0.0,0.0,0.0,2.31,-4.59,1.0,0.0,0.0,0.0,2.31,-2.59,1.0,0.0,0.0,0.0,2.31,-0.59,1.0,0.0,0.0,0.0,2.31,1.41,1.0,0.0,0.0,0.0,8.58,23.198800000002812,9.7572000000007,0.0,1.560000000001338,0.6400000000006401,0,0,0,0,0,0,0,0,0,0,0,0,0,0,0,0,0,0,0,0,0,0,0,0,0,0,0,0,0,0,0,0,0,0,0,0,0,0,0,0,0,0,0,0,0,0,0,0,0,0,0,0,0,0,0,0,0,0,0,0,0,0,0,0,0,0,0,0,0,0,0,0,0,0,0,0,0,0,0,0,0,0,0,0,0,0,0,0,0,0,0,0,0,0,0,0,0,0,0,0,0,0,0,0,0,0,0,0,0,0,0,0,0,0,0,0,0,0,0,0,0,0,0,0,0,0,0,0,0,0,0,0,0,0,0,0,0,0,0,0,0,0,0,0,0,0,0,0,0,0,0,0,0,0,0,0,0,0,0,0,0,0,0,0,0,0,0,0,0,0,0,0,0,0,0,0,0,0,0,0,0,0,0,0,0,0,0,0,0,0,0,0,0,0,0,0,0,0,0,0,0,0,0,0,0,0,0,0,0,0
23.601072209,-4.5511097451664675,0.06799724275304361,-2.0672734936777567e-08,0.03696176782241878,0.0004087630659371788,-9.895302355290386e-09,0.036961767822504044,0.0004087630659341812,-9.89530235528946e-09,0.036961767822504044,0.0004087630659341812,-9.89530235528946e-09,4.999945502297464,-0.023344679380132474,6.904205740093982e-09,-3.87,-2.93,-1.0,0.0,0.0,0.0,-3.87,-0.93,-1.0,0.0,0.0,0.0,-3.87,1.07,-1.0,0.0,0.0,0.0,-3.87,-2.93,1.0,0.0,0.0,0.0,-3.87,-0.93,1.0,0.0,0.0,0.0,-3.87,1.07,1.0,0.0,0.0,0.0,2.31,-4.59,-1.0,0.0,0.0,0.0,2.31,-2.59,-1.0,0.0,0.0,0.0,2.31,-0.59,-1.0,0.0,0.0,0.0,2.31,1.41,-1.0,0.0,0.0,0.0,2.31,-4.59,1.0,0.0,0.0,0.0,2.31,-2.59,1.0,0.0,0.0,0.0,2.31,-0.59,1.0,0.0,0.0,0.0,2.31,1.41,1.0,0.0,0.0,0.0,8.58,23.354800000002946,9.821200000000765,0.0,1.560000000001338,0.6400000000006401,0,0,0,0,0,0,0,0,0,0,0,0,0,0,0,0,0,0,0,0,0,0,0,0,0,0,0,0,0,0,0,0,0,0,0,0,0,0,0,0,0,0,0,0,0,0,0,0,0,0,0,0,0,0,0,0,0,0,0,0,0,0,0,0,0,0,0,0,0,0,0,0,0,0,0,0,0,0,0,0,0,0,0,0,0,0,0,0,0,0,0,0,0,0,0,0,0,0,0,0,0,0,0,0,0,0,0,0,0,0,0,0,0,0,0,0,0,0,0,0,0,0,0,0,0,0,0,0,0,0,0,0,0,0,0,0,0,0,0,0,0,0,0,0,0,0,0,0,0,0,0,0,0,0,0,0,0,0,0,0,0,0,0,0,0,0,0,0,0,0,0,0,0,0,0,0,0,0,0,0,0,0,0,0,0,0,0,0,0,0,0,0,0,0,0,0,0,0,0,0,0,0,0,0,0,0,0,0,0,0
23.701434157,-4.548203275165733,0.06802938687684848,-1.995096539841889e-08,0.0362195409833177,0.0004005730443179534,1.2360487744443552e-08,0.03621954098343849,0.00040057304431684315,1.2360487744444981e-08,0.03621954098343849,0.00040057304431684315,1.2360487744444981e-08,4.999945414322838,-0.02336351411986268,7.082904427483009e-09,-3.87,-2.93,-1.0,0.0,0.0,0.0,-3.87,-0.93,-1.0,0.0,0.0,0.0,-3.87,1.07,-1.0,0.0,0.0,0.0,-3.87,-2.93,1.0,0.0,0.0,0.0,-3.87,-0.93,1.0,0.0,0.0,0.0,-3.87,1.07,1.0,0.0,0.0,0.0,2.31,-4.59,-1.0,0.0,0.0,0.0,2.31,-2.59,-1.0,0.0,0.0,0.0,2.31,-0.59,-1.0,0.0,0.0,0.0,2.31,1.41,-1.0,0.0,0.0,0.0,2.31,-4.59,1.0,0.0,0.0,0.0,2.31,-2.59,1.0,0.0,0.0,0.0,2.31,-0.59,1.0,0.0,0.0,0.0,2.31,1.41,1.0,0.0,0.0,0.0,8.58,23.479600000003053,9.872400000000816,0.0,1.560000000001338,0.6400000000006401,0,0,0,0,0,0,0,0,0,0,0,0,0,0,0,0,0,0,0,0,0,0,0,0,0,0,0,0,0,0,0,0,0,0,0,0,0,0,0,0,0,0,0,0,0,0,0,0,0,0,0,0,0,0,0,0,0,0,0,0,0,0,0,0,0,0,0,0,0,0,0,0,0,0,0,0,0,0,0,0,0,0,0,0,0,0,0,0,0,0,0,0,0,0,0,0,0,0,0,0,0,0,0,0,0,0,0,0,0,0,0,0,0,0,0,0,0,0,0,0,0,0,0,0,0,0,0,0,0,0,0,0,0,0,0,0,0,0,0,0,0,0,0,0,0,0,0,0,0,0,0,0,0,0,0,0,0,0,0,0,0,0,0,0,0,0,0,0,0,0,0,0,0,0,0,0,0,0,0,0,0,0,0,0,0,0,0,0,0,0,0,0,0,0,0,0,0,0,0,0,0,0,0,0,0,0,0,0,0,0
23.800788143,-4.5446365080691855,0.06806883360864532,-2.04373231471603e-08,0.03549339622299641,0.0003925391938580658,-1.0302755981684949e-08,0.0354933962225914,0.0003925391938537359,-1.0302755981683731e-08,0.0354933962225914,0.0003925391938537359,-1.0302755981683731e-08,4.99994524590316,-0.023399529276903145,7.022089152821749e-09,-3.87,-2.93,-1.0,0.0,0.0,0.0,-3.87,-0.93,-1.0,0.0,0.0,0.0,-3.87,1.07,-1.0,0.0,0.0,0.0,-3.87,-2.93,1.0,0.0,0.0,0.0,-3.87,-0.93,1.0,0.0,0.0,0.0,-3.87,1.07,1.0,0.0,0.0,0.0,2.31,-4.59,-1.0,0.0,0.0,0.0,2.31,-2.59,-1.0,0.0,0.0,0.0,2.31,-0.59,-1.0,0.0,0.0,0.0,2.31,1.41,-1.0,0.0,0.0,0.0,2.31,-4.59,1.0,0.0,0.0,0.0,2.31,-2.59,1.0,0.0,0.0,0.0,2.31,-0.59,1.0,0.0,0.0,0.0,2.31,1.41,1.0,0.0,0.0,0.0,8.58,23.635600000003187,9.93640000000088,0.0,1.560000000001338,0.6400000000006401,0,0,0,0,0,0,0,0,0,0,0,0,0,0,0,0,0,0,0,0,0,0,0,0,0,0,0,0,0,0,0,0,0,0,0,0,0,0,0,0,0,0,0,0,0,0,0,0,0,0,0,0,0,0,0,0,0,0,0,0,0,0,0,0,0,0,0,0,0,0,0,0,0,0,0,0,0,0,0,0,0,0,0,0,0,0,0,0,0,0,0,0,0,0,0,0,0,0,0,0,0,0,0,0,0,0,0,0,0,0,0,0,0,0,0,0,0,0,0,0,0,0,0,0,0,0,0,0,0,0,0,0,0,0,0,0,0,0,0,0,0,0,0,0,0,0,0,0,0,0,0,0,0,0,0,0,0,0,0,0,0,0,0,0,0,0,0,0,0,0,0,0,0,0,0,0,0,0,0,0,0,0,0,0,0,0,0,0,0,0,0,0,0,0,0,0,0,0,0,0,0,0,0,0,0,0,0,0,0,0
23.902755187,-4.541134839347755,0.06810755870048837,-1.9555826330286777e-08,0.03492588549836029,0.00038624362787287314,1.2456439435481946e-08,0.03492588549852371,0.00038624362787231803,1.2456439435482025e-08,0.03492588549852371,0.00038624362787231803,1.2456439435482025e-08,4.999945163365846,-0.023417158975513556,6.7583736851951e-09,-3.87,-2.93,-1.0,0.0,0.0,0.0,-3.87,-0.93,-1.0,0.0,0.0,0.0,-3.87,1.07,-1.0,0.0,0.0,0.0,-3.87,-2.93,1.0,0.0,0.0,0.0,-3.87,-0.93,1.0,0.0,0.0,0.0,-3.87,1.07,1.0,0.0,0.0,0.0,2.31,-4.59,-1.0,0.0,0.0,0.0,2.31,-2.59,-1.0,0.0,0.0,0.0,2.31,-0.59,-1.0,0.0,0.0,0.0,2.31,1.41,-1.0,0.0,0.0,0.0,2.31,-4.59,1.0,0.0,0.0,0.0,2.31,-2.59,1.0,0.0,0.0,0.0,2.31,-0.59,1.0,0.0,0.0,0.0,2.31,1.41,1.0,0.0,0.0,0.0,8.58,23.79160000000332,10.000400000000944,0.0,1.560000000001338,0.6400000000006401,0,0,0,0,0,0,0,0,0,0,0,0,0,0,0,0,0,0,0,0,0,0,0,0,0,0,0,0,0,0,0,0,0,0,0,0,0,0,0,0,0,0,0,0,0,0,0,0,0,0,0,0,0,0,0,0,0,0,0,0,0,0,0,0,0,0,0,0,0,0,0,0,0,0,0,0,0,0,0,0,0,0,0,0,0,0,0,0,0,0,0,0,0,0,0,0,0,0,0,0,0,0,0,0,0,0,0,0,0,0,0,0,0,0,0,0,0,0,0,0,0,0,0,0,0,0,0,0,0,0,0,0,0,0,0,0,0,0,0,0,0,0,0,0,0,0,0,0,0,0,0,0,0,0,0,0,0,0,0,0,0,0,0,0,0,0,0,0,0,0,0,0,0,0,0,0,0,0,0,0,0,0,0,0,0,0,0,0,0,0,0,0,0,0,0,0,0,0,0,0,0,0,0,0,0,0,0,0,0,0
24.000511875,-4.538389846264607,0.06813791606144479,-2.0099485883218512e-08,0.034224774688063064,0.0003784989239669079,-9.546056389807914e-09,0.034224774688482285,0.00037849892396479845,-9.546056389808655e-09,0.034224774688482285,0.00037849892396479845,-9.546056389808655e-09,4.999945163365846,-0.023417158975513556,6.7583736851951e-09,-3.87,-2.93,-1.0,0.0,0.0,0.0,-3.87,-0.93,-1.0,0.0,0.0,0.0,-3.87,1.07,-1.0,0.0,0.0,0.0,-3.87,-2.93,1.0,0.0,0.0,0.0,-3.87,-0.93,1.0,0.0,0.0,0.0,-3.87,1.07,1.0,0.0,0.0,0.0,2.31,-4.59,-1.0,0.0,0.0,0.0,2.31,-2.59,-1.0,0.0,0.0,0.0,2.31,-0.59,-1.0,0.0,0.0,0.0,2.31,1.41,-1.0,0.0,0.0,0.0,2.31,-4.59,1.0,0.0,0.0,0.0,2.31,-2.59,1.0,0.0,0.0,0.0,2.31,-0.59,1.0,0.0,0.0,0.0,2.31,1.41,1.0,0.0,0.0,0.0,8.58,23.916400000003428,10.051600000000995,0.0,1.560000000001338,0.6400000000006401,0,0,0,0,0,0,0,0,0,0,0,0,0,0,0,0,0,0,0,0,0,0,0,0,0,0,0,0,0,0,0,0,0,0,0,0,0,0,0,0,0,0,0,0,0,0,0,0,0,0,0,0,0,0,0,0,0,0,0,0,0,0,0,0,0,0,0,0,0,0,0,0,0,0,0,0,0,0,0,0,0,0,0,0,0,0,0,0,0,0,0,0,0,0,0,0,0,0,0,0,0,0,0,0,0,0,0,0,0,0,0,0,0,0,0,0,0,0,0,0,0,0,0,0,0,0,0,0,0,0,0,0,0,0,0,0,0,0,0,0,0,0,0,0,0,0,0,0,0,0,0,0,0,0,0,0,0,0,0,0,0,0,0,0,0,0,0,0,0,0,0,0,0,0,0,0,0,0,0,0,0,0,0,0,0,0,0,0,0,0,0,0,0,0,0,0,0,0,0,0,0,0,0,0,0,0,0,0,0,0
24.100873725,-4.535684204503189,0.0681678363662499,-1.9545920113995017e-08,0.03367663547404476,0.0003724038542679553,1.2780219549312896e-08,0.0336766354739666,0.000372403854271397,1.2780219549313188e-08,0.0336766354739666,0.000372403854271397,1.2780219549313188e-08,4.999945084914208,-0.023433903692097614,6.919078373744135e-09,-3.87,-2.93,-1.0,0.0,0.0,0.0,-3.87,-0.93,-1.0,0.0,0.0,0.0,-3.87,1.07,-1.0,0.0,0.0,0.0,-3.87,-2.93,1.0,0.0,0.0,0.0,-3.87,-0.93,1.0,0.0,0.0,0.0,-3.87,1.07,1.0,0.0,0.0,0.0,2.31,-4.59,-1.0,0.0,0.0,0.0,2.31,-2.59,-1.0,0.0,0.0,0.0,2.31,-0.59,-1.0,0.0,0.0,0.0,2.31,1.41,-1.0,0.0,0.0,0.0,2.31,-4.59,1.0,0.0,0.0,0.0,2.31,-2.59,1.0,0.0,0.0,0.0,2.31,-0.59,1.0,0.0,0.0,0.0,2.31,1.41,1.0,0.0,0.0,0.0,8.58,24.041200000003535,10.102800000001046,0.0,1.560000000001338,0.6400000000006401,0,0,0,0,0,0,0,0,0,0,0,0,0,0,0,0,0,0,0,0,0,0,0,0,0,0,0,0,0,0,0,0,0,0,0,0,0,0,0,0,0,0,0,0,0,0,0,0,0,0,0,0,0,0,0,0,0,0,0,0,0,0,0,0,0,0,0,0,0,0,0,0,0,0,0,0,0,0,0,0,0,0,0,0,0,0,0,0,0,0,0,0,0,0,0,0,0,0,0,0,0,0,0,0,0,0,0,0,0,0,0,0,0,0,0,0,0,0,0,0,0,0,0,0,0,0,0,0,0,0,0,0,0,0,0,0,0,0,0,0,0,0,0,0,0,0,0,0,0,0,0,0,0,0,0,0,0,0,0,0,0,0,0,0,0,0,0,0,0,0,0,0,0,0,0,0,0,0,0,0,0,0,0,0,0,0,0,0,0,0,0,0,0,0,0,0,0,0,0,0,0,0,0,0,0,0,0,0,0,0
24.201516732,-4.533027283094102,0.06819721867015982,-1.9716839050776504e-08,0.033000100404301236,0.00036494922824037435,-8.916807736623805e-09,0.033000100404024124,0.0003649492282420397,-8.916807736625287e-09,0.033000100404024124,0.0003649492282420397,-8.916807736625287e-09,4.999945011964079,-0.02344946343805394,6.692688101581783e-09,-3.87,-2.93,-1.0,0.0,0.0,0.0,-3.87,-0.93,-1.0,0.0,0.0,0.0,-3.87,1.07,-1.0,0.0,0.0,0.0,-3.87,-2.93,1.0,0.0,0.0,0.0,-3.87,-0.93,1.0,0.0,0.0,0.0,-3.87,1.07,1.0,0.0,0.0,0.0,2.31,-4.59,-1.0,0.0,0.0,0.0,2.31,-2.59,-1.0,0.0,0.0,0.0,2.31,-0.59,-1.0,0.0,0.0,0.0,2.31,1.41,-1.0,0.0,0.0,0.0,2.31,-4.59,1.0,0.0,0.0,0.0,2.31,-2.59,1.0,0.0,0.0,0.0,2.31,-0.59,1.0,0.0,0.0,0.0,2.31,1.41,1.0,0.0,0.0,0.0,8.58,24.166000000003642,10.154000000001098,0.0,1.560000000001338,0.6400000000006401,0,0,0,0,0,0,0,0,0,0,0,0,0,0,0,0,0,0,0,0,0,0,0,0,0,0,0,0,0,0,0,0,0,0,0,0,0,0,0,0,0,0,0,0,0,0,0,0,0,0,0,0,0,0,0,0,0,0,0,0,0,0,0,0,0,0,0,0,0,0,0,0,0,0,0,0,0,0,0,0,0,0,0,0,0,0,0,0,0,0,0,0,0,0,0,0,0,0,0,0,0,0,0,0,0,0,0,0,0,0,0,0,0,0,0,0,0,0,0,0,0,0,0,0,0,0,0,0,0,0,0,0,0,0,0,0,0,0,0,0,0,0,0,0,0,0,0,0,0,0,0,0,0,0,0,0,0,0,0,0,0,0,0,0,0,0,0,0,0,0,0,0,0,0,0,0,0,0,0,0,0,0,0,0,0,0,0,0,0,0,0,0,0,0,0,0,0,0,0,0,0,0,0,0,0,0,0,0,0,0
24.301393181,-4.530416308111708,0.06822609288478201,-1.9178621318172353e-08,0.03247222676883155,0.00035909970756697884,1.3838871382177194e-08,0.03247222676873207,0.0003590997075662017,1.3838871382176876e-08,0.03247222676873207,0.0003590997075662017,1.3838871382176876e-08,4.999944942031014,-0.02346436997839159,6.814216469246195e-09,-3.87,-2.93,-1.0,0.0,0.0,0.0,-3.87,-0.93,-1.0,0.0,0.0,0.0,-3.87,1.07,-1.0,0.0,0.0,0.0,-3.87,-2.93,1.0,0.0,0.0,0.0,-3.87,-0.93,1.0,0.0,0.0,0.0,-3.87,1.07,1.0,0.0,0.0,0.0,2.31,-4.59,-1.0,0.0,0.0,0.0,2.31,-2.59,-1.0,0.0,0.0,0.0,2.31,-0.59,-1.0,0.0,0.0,0.0,2.31,1.41,-1.0,0.0,0.0,0.0,2.31,-4.59,1.0,0.0,0.0,0.0,2.31,-2.59,1.0,0.0,0.0,0.0,2.31,-0.59,1.0,0.0,0.0,0.0,2.31,1.41,1.0,0.0,0.0,0.0,8.58,24.29080000000375,10.205200000001149,0.0,1.560000000001338,0.6400000000006401,0,0,0,0,0,0,0,0,0,0,0,0,0,0,0,0,0,0,0,0,0,0,0,0,0,0,0,0,0,0,0,0,0,0,0,0,0,0,0,0,0,0,0,0,0,0,0,0,0,0,0,0,0,0,0,0,0,0,0,0,0,0,0,0,0,0,0,0,0,0,0,0,0,0,0,0,0,0,0,0,0,0,0,0,0,0,0,0,0,0,0,0,0,0,0,0,0,0,0,0,0,0,0,0,0,0,0,0,0,0,0,0,0,0,0,0,0,0,0,0,0,0,0,0,0,0,0,0,0,0,0,0,0,0,0,0,0,0,0,0,0,0,0,0,0,0,0,0,0,0,0,0,0,0,0,0,0,0,0,0,0,0,0,0,0,0,0,0,0,0,0,0,0,0,0,0,0,0,0,0,0,0,0,0,0,0,0,0,0,0,0,0,0,0,0,0,0,0,0,0,0,0,0,0,0,0,0,0,0,0
24.40169261,-4.527208086989078,0.06826157249283178,-1.7786003030817572e-08,0.03195220604546023,0.00035336153814125026,1.3955286704004684e-08,0.031952206045389175,0.00035336153814569116,1.3955286704003811e-08,0.031952206045389175,0.00035336153814569116,1.3955286704003811e-08,4.999944808801434,-0.02349274227487519,6.1598666256646755e-09,-3.87,-2.93,-1.0,0.0,0.0,0.0,-3.87,-0.93,-1.0,0.0,0.0,0.0,-3.87,1.07,-1.0,0.0,0.0,0.0,-3.87,-2.93,1.0,0.0,0.0,0.0,-3.87,-0.93,1.0,0.0,0.0,0.0,-3.87,1.07,1.0,0.0,0.0,0.0,2.31,-4.59,-1.0,0.0,0.0,0.0,2.31,-2.59,-1.0,0.0,0.0,0.0,2.31,-0.59,-1.0,0.0,0.0,0.0,2.31,1.41,-1.0,0.0,0.0,0.0,2.31,-4.59,1.0,0.0,0.0,0.0,2.31,-2.59,1.0,0.0,0.0,0.0,2.31,-0.59,1.0,0.0,0.0,0.0,2.31,1.41,1.0,0.0,0.0,0.0,8.58,24.446800000003883,10.269200000001213,0.0,1.560000000001338,0.6400000000006401,0,0,0,0,0,0,0,0,0,0,0,0,0,0,0,0,0,0,0,0,0,0,0,0,0,0,0,0,0,0,0,0,0,0,0,0,0,0,0,0,0,0,0,0,0,0,0,0,0,0,0,0,0,0,0,0,0,0,0,0,0,0,0,0,0,0,0,0,0,0,0,0,0,0,0,0,0,0,0,0,0,0,0,0,0,0,0,0,0,0,0,0,0,0,0,0,0,0,0,0,0,0,0,0,0,0,0,0,0,0,0,0,0,0,0,0,0,0,0,0,0,0,0,0,0,0,0,0,0,0,0,0,0,0,0,0,0,0,0,0,0,0,0,0,0,0,0,0,0,0,0,0,0,0,0,0,0,0,0,0,0,0,0,0,0,0,0,0,0,0,0,0,0,0,0,0,0,0,0,0,0,0,0,0,0,0,0,0,0,0,0,0,0,0,0,0,0,0,0,0,0,0,0,0,0,0,0,0,0,0
24.50080758,-4.5246882490284746,0.0682894387523111,-1.8278219136913585e-08,0.03144039586189251,0.0003476902202259602,-8.701601217352892e-09,0.03144039586186409,0.00034769022022373974,-8.701601217353527e-09,0.03144039586186409,0.00034769022022373974,-8.701601217353527e-09,4.999944808801434,-0.02349274227487519,6.1598666256646755e-09,-3.87,-2.93,-1.0,0.0,0.0,0.0,-3.87,-0.93,-1.0,0.0,0.0,0.0,-3.87,1.07,-1.0,0.0,0.0,0.0,-3.87,-2.93,1.0,0.0,0.0,0.0,-3.87,-0.93,1.0,0.0,0.0,0.0,-3.87,1.07,1.0,0.0,0.0,0.0,2.31,-4.59,-1.0,0.0,0.0,0.0,2.31,-2.59,-1.0,0.0,0.0,0.0,2.31,-0.59,-1.0,0.0,0.0,0.0,2.31,1.41,-1.0,0.0,0.0,0.0,2.31,-4.59,1.0,0.0,0.0,0.0,2.31,-2.59,1.0,0.0,0.0,0.0,2.31,-0.59,1.0,0.0,0.0,0.0,2.31,1.41,1.0,0.0,0.0,0.0,8.58,24.57160000000399,10.320400000001264,0.0,1.560000000001338,0.6400000000006401,0,0,0,0,0,0,0,0,0,0,0,0,0,0,0,0,0,0,0,0,0,0,0,0,0,0,0,0,0,0,0,0,0,0,0,0,0,0,0,0,0,0,0,0,0,0,0,0,0,0,0,0,0,0,0,0,0,0,0,0,0,0,0,0,0,0,0,0,0,0,0,0,0,0,0,0,0,0,0,0,0,0,0,0,0,0,0,0,0,0,0,0,0,0,0,0,0,0,0,0,0,0,0,0,0,0,0,0,0,0,0,0,0,0,0,0,0,0,0,0,0,0,0,0,0,0,0,0,0,0,0,0,0,0,0,0,0,0,0,0,0,0,0,0,0,0,0,0,0,0,0,0,0,0,0,0,0,0,0,0,0,0,0,0,0,0,0,0,0,0,0,0,0,0,0,0,0,0,0,0,0,0,0,0,0,0,0,0,0,0,0,0,0,0,0,0,0,0,0,0,0,0,0,0,0,0,0,0,0,0
24.601014057,-4.521583507939462,0.0683237741536863,-1.739829188762704e-08,0.030936568975015177,0.000342130981156874,1.3735416359850126e-08,0.03093656897544861,0.0003421309811528772,1.3735416359850205e-08,0.03093656897544861,0.0003421309811528772,1.3735416359850205e-08,4.999944658803835,-0.023524644503285085,5.990427734571105e-09,-3.87,-2.93,-1.0,0.0,0.0,0.0,-3.87,-0.93,-1.0,0.0,0.0,0.0,-3.87,1.07,-1.0,0.0,0.0,0.0,-3.87,-2.93,1.0,0.0,0.0,0.0,-3.87,-0.93,1.0,0.0,0.0,0.0,-3.87,1.07,1.0,0.0,0.0,0.0,2.31,-4.59,-1.0,0.0,0.0,0.0,2.31,-2.59,-1.0,0.0,0.0,0.0,2.31,-0.59,-1.0,0.0,0.0,0.0,2.31,1.41,-1.0,0.0,0.0,0.0,2.31,-4.59,1.0,0.0,0.0,0.0,2.31,-2.59,1.0,0.0,0.0,0.0,2.31,-0.59,1.0,0.0,0.0,0.0,2.31,1.41,1.0,0.0,0.0,0.0,8.58,24.727600000004124,10.384400000001328,0.0,1.560000000001338,0.6400000000006401,0,0,0,0,0,0,0,0,0,0,0,0,0,0,0,0,0,0,0,0,0,0,0,0,0,0,0,0,0,0,0,0,0,0,0,0,0,0,0,0,0,0,0,0,0,0,0,0,0,0,0,0,0,0,0,0,0,0,0,0,0,0,0,0,0,0,0,0,0,0,0,0,0,0,0,0,0,0,0,0,0,0,0,0,0,0,0,0,0,0,0,0,0,0,0,0,0,0,0,0,0,0,0,0,0,0,0,0,0,0,0,0,0,0,0,0,0,0,0,0,0,0,0,0,0,0,0,0,0,0,0,0,0,0,0,0,0,0,0,0,0,0,0,0,0,0,0,0,0,0,0,0,0,0,0,0,0,0,0,0,0,0,0,0,0,0,0,0,0,0,0,0,0,0,0,0,0,0,0,0,0,0,0,0,0,0,0,0,0,0,0,0,0,0,0,0,0,0,0,0,0,0,0,0,0,0,0,0,0,0
24.701133064,-4.518540821331789,0.06835742350466857,-1.6010300654567718e-08,0.030314980074663822,0.00033525601611517075,1.3911630958317307e-08,0.030314980074763298,0.00033525601611472666,1.391163095831871e-08,0.030314980074763298,0.00033525601611472666,1.391163095831871e-08,4.999944658803835,-0.023524644503285085,5.990427734571105e-09,-3.87,-2.93,-1.0,0.0,0.0,0.0,-3.87,-0.93,-1.0,0.0,0.0,0.0,-3.87,1.07,-1.0,0.0,0.0,0.0,-3.87,-2.93,1.0,0.0,0.0,0.0,-3.87,-0.93,1.0,0.0,0.0,0.0,-3.87,1.07,1.0,0.0,0.0,0.0,2.31,-4.59,-1.0,0.0,0.0,0.0,2.31,-2.59,-1.0,0.0,0.0,0.0,2.31,-0.59,-1.0,0.0,0.0,0.0,2.31,1.41,-1.0,0.0,0.0,0.0,2.31,-4.59,1.0,0.0,0.0,0.0,2.31,-2.59,1.0,0.0,0.0,0.0,2.31,-0.59,1.0,0.0,0.0,0.0,2.31,1.41,1.0,0.0,0.0,0.0,8.58,24.883600000004257,10.448400000001392,0.0,1.560000000001338,0.6400000000006401,0,0,0,0,0,0,0,0,0,0,0,0,0,0,0,0,0,0,0,0,0,0,0,0,0,0,0,0,0,0,0,0,0,0,0,0,0,0,0,0,0,0,0,0,0,0,0,0,0,0,0,0,0,0,0,0,0,0,0,0,0,0,0,0,0,0,0,0,0,0,0,0,0,0,0,0,0,0,0,0,0,0,0,0,0,0,0,0,0,0,0,0,0,0,0,0,0,0,0,0,0,0,0,0,0,0,0,0,0,0,0,0,0,0,0,0,0,0,0,0,0,0,0,0,0,0,0,0,0,0,0,0,0,0,0,0,0,0,0,0,0,0,0,0,0,0,0,0,0,0,0,0,0,0,0,0,0,0,0,0,0,0,0,0,0,0,0,0,0,0,0,0,0,0,0,0,0,0,0,0,0,0,0,0,0,0,0,0,0,0,0,0,0,0,0,0,0,0,0,0,0,0,0,0,0,0,0,0,0,0
24.8039311,-4.5161582134992395,0.0683837721016896,-1.645583255038837e-08,0.029706543311469602,0.0003285148122839088,-8.352117220054629e-09,0.029706543311476707,0.00032851481228135526,-8.352117220056243e-09,0.029706543311476707,0.00032851481228135526,-8.352117220056243e-09,4.999944588034343,-0.0235396810954855,5.5566959172114e-09,-3.87,-2.93,-1.0,0.0,0.0,0.0,-3.87,-0.93,-1.0,0.0,0.0,0.0,-3.87,1.07,-1.0,0.0,0.0,0.0,-3.87,-2.93,1.0,0.0,0.0,0.0,-3.87,-0.93,1.0,0.0,0.0,0.0,-3.87,1.07,1.0,0.0,0.0,0.0,2.31,-4.59,-1.0,0.0,0.0,0.0,2.31,-2.59,-1.0,0.0,0.0,0.0,2.31,-0.59,-1.0,0.0,0.0,0.0,2.31,1.41,-1.0,0.0,0.0,0.0,2.31,-4.59,1.0,0.0,0.0,0.0,2.31,-2.59,1.0,0.0,0.0,0.0,2.31,-0.59,1.0,0.0,0.0,0.0,2.31,1.41,1.0,0.0,0.0,0.0,8.58,25.008400000004364,10.499600000001443,0.0,1.560000000001338,0.6400000000006401,0,0,0,0,0,0,0,0,0,0,0,0,0,0,0,0,0,0,0,0,0,0,0,0,0,0,0,0,0,0,0,0,0,0,0,0,0,0,0,0,0,0,0,0,0,0,0,0,0,0,0,0,0,0,0,0,0,0,0,0,0,0,0,0,0,0,0,0,0,0,0,0,0,0,0,0,0,0,0,0,0,0,0,0,0,0,0,0,0,0,0,0,0,0,0,0,0,0,0,0,0,0,0,0,0,0,0,0,0,0,0,0,0,0,0,0,0,0,0,0,0,0,0,0,0,0,0,0,0,0,0,0,0,0,0,0,0,0,0,0,0,0,0,0,0,0,0,0,0,0,0,0,0,0,0,0,0,0,0,0,0,0,0,0,0,0,0,0,0,0,0,0,0,0,0,0,0,0,0,0,0,0,0,0,0,0,0,0,0,0,0,0,0,0,0,0,0,0,0,0,0,0,0,0,0,0,0,0,0,0
24.902867036,-4.513232804480261,0.06841612310716243,-1.730047937043006e-08,0.029111210256616005,0.0003219296049739029,-8.47626324684711e-09,0.029111210256814957,0.00032192960497923195,-8.476263246848248e-09,0.029111210256814957,0.00032192960497923195,-8.476263246848248e-09,4.999944515560787,-0.023555069806861048,5.685376432861321e-09,-3.87,-2.93,-1.0,0.0,0.0,0.0,-3.87,-0.93,-1.0,0.0,0.0,0.0,-3.87,1.07,-1.0,0.0,0.0,0.0,-3.87,-2.93,1.0,0.0,0.0,0.0,-3.87,-0.93,1.0,0.0,0.0,0.0,-3.87,1.07,1.0,0.0,0.0,0.0,2.31,-4.59,-1.0,0.0,0.0,0.0,2.31,-2.59,-1.0,0.0,0.0,0.0,2.31,-0.59,-1.0,0.0,0.0,0.0,2.31,1.41,-1.0,0.0,0.0,0.0,2.31,-4.59,1.0,0.0,0.0,0.0,2.31,-2.59,1.0,0.0,0.0,0.0,2.31,-0.59,1.0,0.0,0.0,0.0,2.31,1.41,1.0,0.0,0.0,0.0,8.58,25.1644000000045,10.563600000001507,0.0,1.560000000001338,0.6400000000006401,0,0,0,0,0,0,0,0,0,0,0,0,0,0,0,0,0,0,0,0,0,0,0,0,0,0,0,0,0,0,0,0,0,0,0,0,0,0,0,0,0,0,0,0,0,0,0,0,0,0,0,0,0,0,0,0,0,0,0,0,0,0,0,0,0,0,0,0,0,0,0,0,0,0,0,0,0,0,0,0,0,0,0,0,0,0,0,0,0,0,0,0,0,0,0,0,0,0,0,0,0,0,0,0,0,0,0,0,0,0,0,0,0,0,0,0,0,0,0,0,0,0,0,0,0,0,0,0,0,0,0,0,0,0,0,0,0,0,0,0,0,0,0,0,0,0,0,0,0,0,0,0,0,0,0,0,0,0,0,0,0,0,0,0,0,0,0,0,0,0,0,0,0,0,0,0,0,0,0,0,0,0,0,0,0,0,0,0,0,0,0,0,0,0,0,0,0,0,0,0,0,0,0,0,0,0,0,0,0,0
25.000680719,-4.510934173827287,0.06844154220467276,-1.797092475852571e-08,0.028645576909624992,0.0003167715913188207,-8.358483682968336e-09,0.028645576909184456,0.00031677159131504595,-8.358483682968654e-09,0.028645576909184456,0.00031677159131504595,-8.358483682968654e-09,4.999944446719505,-0.023569677952534056,5.95431276771695e-09,-3.87,-2.93,-1.0,0.0,0.0,0.0,-3.87,-0.93,-1.0,0.0,0.0,0.0,-3.87,1.07,-1.0,0.0,0.0,0.0,-3.87,-2.93,1.0,0.0,0.0,0.0,-3.87,-0.93,1.0,0.0,0.0,0.0,-3.87,1.07,1.0,0.0,0.0,0.0,2.31,-4.59,-1.0,0.0,0.0,0.0,2.31,-2.59,-1.0,0.0,0.0,0.0,2.31,-0.59,-1.0,0.0,0.0,0.0,2.31,1.41,-1.0,0.0,0.0,0.0,2.31,-4.59,1.0,0.0,0.0,0.0,2.31,-2.59,1.0,0.0,0.0,0.0,2.31,-0.59,1.0,0.0,0.0,0.0,2.31,1.41,1.0,0.0,0.0,0.0,8.58,25.289200000004605,10.614800000001559,0.0,1.560000000001338,0.6400000000006401,0,0,0,0,0,0,0,0,0,0,0,0,0,0,0,0,0,0,0,0,0,0,0,0,0,0,0,0,0,0,0,0,0,0,0,0,0,0,0,0,0,0,0,0,0,0,0,0,0,0,0,0,0,0,0,0,0,0,0,0,0,0,0,0,0,0,0,0,0,0,0,0,0,0,0,0,0,0,0,0,0,0,0,0,0,0,0,0,0,0,0,0,0,0,0,0,0,0,0,0,0,0,0,0,0,0,0,0,0,0,0,0,0,0,0,0,0,0,0,0,0,0,0,0,0,0,0,0,0,0,0,0,0,0,0,0,0,0,0,0,0,0,0,0,0,0,0,0,0,0,0,0,0,0,0,0,0,0,0,0,0,0,0,0,0,0,0,0,0,0,0,0,0,0,0,0,0,0,0,0,0,0,0,0,0,0,0,0,0,0,0,0,0,0,0,0,0,0,0,0,0,0,0,0,0,0,0,0,0,0
25.100963593,-4.508675290064174,0.06846652382725718,-1.737435421444988e-08,0.02807079814370894,0.00031045396463313946,1.3838871382177194e-08,0.02807079814374447,0.00031045396463014185,1.3838871382176876e-08,0.02807079814374447,0.00031045396463014185,1.3838871382176876e-08,4.999944379715697,-0.023583887495829826,6.218163065949814e-09,-3.87,-2.93,-1.0,0.0,0.0,0.0,-3.87,-0.93,-1.0,0.0,0.0,0.0,-3.87,1.07,-1.0,0.0,0.0,0.0,-3.87,-2.93,1.0,0.0,0.0,0.0,-3.87,-0.93,1.0,0.0,0.0,0.0,-3.87,1.07,1.0,0.0,0.0,0.0,2.31,-4.59,-1.0,0.0,0.0,0.0,2.31,-2.59,-1.0,0.0,0.0,0.0,2.31,-0.59,-1.0,0.0,0.0,0.0,2.31,1.41,-1.0,0.0,0.0,0.0,2.31,-4.59,1.0,0.0,0.0,0.0,2.31,-2.59,1.0,0.0,0.0,0.0,2.31,-0.59,1.0,0.0,0.0,0.0,2.31,1.41,1.0,0.0,0.0,0.0,8.58,25.414000000004712,10.66600000000161,0.0,1.560000000001338,0.6400000000006401,0,0,0,0,0,0,0,0,0,0,0,0,0,0,0,0,0,0,0,0,0,0,0,0,0,0,0,0,0,0,0,0,0,0,0,0,0,0,0,0,0,0,0,0,0,0,0,0,0,0,0,0,0,0,0,0,0,0,0,0,0,0,0,0,0,0,0,0,0,0,0,0,0,0,0,0,0,0,0,0,0,0,0,0,0,0,0,0,0,0,0,0,0,0,0,0,0,0,0,0,0,0,0,0,0,0,0,0,0,0,0,0,0,0,0,0,0,0,0,0,0,0,0,0,0,0,0,0,0,0,0,0,0,0,0,0,0,0,0,0,0,0,0,0,0,0,0,0,0,0,0,0,0,0,0,0,0,0,0,0,0,0,0,0,0,0,0,0,0,0,0,0,0,0,0,0,0,0,0,0,0,0,0,0,0,0,0,0,0,0,0,0,0,0,0,0,0,0,0,0,0,0,0,0,0,0,0,0,0,0
25.201278091,-4.506449803018237,0.06849113499253903,-1.627073014232024e-08,0.027734518051047985,0.0003067014331531448,1.3780777408101607e-08,0.02773451805114746,0.00030670143314637244,1.378077740810113e-08,0.02773451805114746,0.00030670143314637244,1.378077740810113e-08,4.999944323346693,-0.02359583508144619,5.954204423855624e-09,-3.87,-2.93,-1.0,0.0,0.0,0.0,-3.87,-0.93,-1.0,0.0,0.0,0.0,-3.87,1.07,-1.0,0.0,0.0,0.0,-3.87,-2.93,1.0,0.0,0.0,0.0,-3.87,-0.93,1.0,0.0,0.0,0.0,-3.87,1.07,1.0,0.0,0.0,0.0,2.31,-4.59,-1.0,0.0,0.0,0.0,2.31,-2.59,-1.0,0.0,0.0,0.0,2.31,-0.59,-1.0,0.0,0.0,0.0,2.31,1.41,-1.0,0.0,0.0,0.0,2.31,-4.59,1.0,0.0,0.0,0.0,2.31,-2.59,1.0,0.0,0.0,0.0,2.31,-0.59,1.0,0.0,0.0,0.0,2.31,1.41,1.0,0.0,0.0,0.0,8.58,25.53880000000482,10.717200000001661,0.0,1.560000000001338,0.6400000000006401,0,0,0,0,0,0,0,0,0,0,0,0,0,0,0,0,0,0,0,0,0,0,0,0,0,0,0,0,0,0,0,0,0,0,0,0,0,0,0,0,0,0,0,0,0,0,0,0,0,0,0,0,0,0,0,0,0,0,0,0,0,0,0,0,0,0,0,0,0,0,0,0,0,0,0,0,0,0,0,0,0,0,0,0,0,0,0,0,0,0,0,0,0,0,0,0,0,0,0,0,0,0,0,0,0,0,0,0,0,0,0,0,0,0,0,0,0,0,0,0,0,0,0,0,0,0,0,0,0,0,0,0,0,0,0,0,0,0,0,0,0,0,0,0,0,0,0,0,0,0,0,0,0,0,0,0,0,0,0,0,0,0,0,0,0,0,0,0,0,0,0,0,0,0,0,0,0,0,0,0,0,0,0,0,0,0,0,0,0,0,0,0,0,0,0,0,0,0,0,0,0,0,0,0,0,0,0,0,0,0
25.301076469,-4.503711986744067,0.06852141213169735,-1.6680346092368005e-08,0.02728907391436053,0.000301788881190701,-8.565393727622471e-09,0.027289073914289474,0.00030178888118825853,-8.565393727621995e-09,0.027289073914289474,0.00030178888118825853,-8.565393727621995e-09,4.999944268414926,-0.023607472222436865,5.589082965507986e-09,-3.87,-2.93,-1.0,0.0,0.0,0.0,-3.87,-0.93,-1.0,0.0,0.0,0.0,-3.87,1.07,-1.0,0.0,0.0,0.0,-3.87,-2.93,1.0,0.0,0.0,0.0,-3.87,-0.93,1.0,0.0,0.0,0.0,-3.87,1.07,1.0,0.0,0.0,0.0,2.31,-4.59,-1.0,0.0,0.0,0.0,2.31,-2.59,-1.0,0.0,0.0,0.0,2.31,-0.59,-1.0,0.0,0.0,0.0,2.31,1.41,-1.0,0.0,0.0,0.0,2.31,-4.59,1.0,0.0,0.0,0.0,2.31,-2.59,1.0,0.0,0.0,0.0,2.31,-0.59,1.0,0.0,0.0,0.0,2.31,1.41,1.0,0.0,0.0,0.0,8.58,25.694800000004953,10.781200000001725,0.0,1.560000000001338,0.6400000000006401,0,0,0,0,0,0,0,0,0,0,0,0,0,0,0,0,0,0,0,0,0,0,0,0,0,0,0,0,0,0,0,0,0,0,0,0,0,0,0,0,0,0,0,0,0,0,0,0,0,0,0,0,0,0,0,0,0,0,0,0,0,0,0,0,0,0,0,0,0,0,0,0,0,0,0,0,0,0,0,0,0,0,0,0,0,0,0,0,0,0,0,0,0,0,0,0,0,0,0,0,0,0,0,0,0,0,0,0,0,0,0,0,0,0,0,0,0,0,0,0,0,0,0,0,0,0,0,0,0,0,0,0,0,0,0,0,0,0,0,0,0,0,0,0,0,0,0,0,0,0,0,0,0,0,0,0,0,0,0,0,0,0,0,0,0,0,0,0,0,0,0,0,0,0,0,0,0,0,0,0,0,0,0,0,0,0,0,0,0,0,0,0,0,0,0,0,0,0,0,0,0,0,0,0,0,0,0,0,0,0
25.401219055,-4.501566125051367,0.06854514234091078,-1.584901427476019e-08,0.026741070672464673,0.00029571680351669904,1.3737007975577726e-08,0.026741070672869682,0.0002957168035209179,1.3737007975578308e-08,0.026741070672869682,0.0002957168035209179,1.3737007975578308e-08,4.999944205131883,-0.023620871450894955,5.732525735743369e-09,-3.87,-2.93,-1.0,0.0,0.0,0.0,-3.87,-0.93,-1.0,0.0,0.0,0.0,-3.87,1.07,-1.0,0.0,0.0,0.0,-3.87,-2.93,1.0,0.0,0.0,0.0,-3.87,-0.93,1.0,0.0,0.0,0.0,-3.87,1.07,1.0,0.0,0.0,0.0,2.31,-4.59,-1.0,0.0,0.0,0.0,2.31,-2.59,-1.0,0.0,0.0,0.0,2.31,-0.59,-1.0,0.0,0.0,0.0,2.31,1.41,-1.0,0.0,0.0,0.0,2.31,-4.59,1.0,0.0,0.0,0.0,2.31,-2.59,1.0,0.0,0.0,0.0,2.31,-0.59,1.0,0.0,0.0,0.0,2.31,1.41,1.0,0.0,0.0,0.0,8.58,25.81960000000506,10.832400000001776,0.0,1.560000000001338,0.6400000000006401,0,0,0,0,0,0,0,0,0,0,0,0,0,0,0,0,0,0,0,0,0,0,0,0,0,0,0,0,0,0,0,0,0,0,0,0,0,0,0,0,0,0,0,0,0,0,0,0,0,0,0,0,0,0,0,0,0,0,0,0,0,0,0,0,0,0,0,0,0,0,0,0,0,0,0,0,0,0,0,0,0,0,0,0,0,0,0,0,0,0,0,0,0,0,0,0,0,0,0,0,0,0,0,0,0,0,0,0,0,0,0,0,0,0,0,0,0,0,0,0,0,0,0,0,0,0,0,0,0,0,0,0,0,0,0,0,0,0,0,0,0,0,0,0,0,0,0,0,0,0,0,0,0,0,0,0,0,0,0,0,0,0,0,0,0,0,0,0,0,0,0,0,0,0,0,0,0,0,0,0,0,0,0,0,0,0,0,0,0,0,0,0,0,0,0,0,0,0,0,0,0,0,0,0,0,0,0,0,0,0
25.502079795,-4.498934368928244,0.06857424485057685,-1.628027733557857e-08,0.026204982772171093,0.00028977793407880537,-9.11063580133558e-09,0.02620498277246952,0.0002897779340855777,-9.110635801334865e-09,0.02620498277246952,0.0002897779340855777,-9.110635801334865e-09,4.999944078009388,-0.02364776477500202,5.614238548925414e-09,-3.87,-2.93,-1.0,0.0,0.0,0.0,-3.87,-0.93,-1.0,0.0,0.0,0.0,-3.87,1.07,-1.0,0.0,0.0,0.0,-3.87,-2.93,1.0,0.0,0.0,0.0,-3.87,-0.93,1.0,0.0,0.0,0.0,-3.87,1.07,1.0,0.0,0.0,0.0,2.31,-4.59,-1.0,0.0,0.0,0.0,2.31,-2.59,-1.0,0.0,0.0,0.0,2.31,-0.59,-1.0,0.0,0.0,0.0,2.31,1.41,-1.0,0.0,0.0,0.0,2.31,-4.59,1.0,0.0,0.0,0.0,2.31,-2.59,1.0,0.0,0.0,0.0,2.31,-0.59,1.0,0.0,0.0,0.0,2.31,1.41,1.0,0.0,0.0,0.0,8.58,25.975600000005194,10.89640000000184,0.0,1.560000000001338,0.6400000000006401,0,0,0,0,0,0,0,0,0,0,0,0,0,0,0,0,0,0,0,0,0,0,0,0,0,0,0,0,0,0,0,0,0,0,0,0,0,0,0,0,0,0,0,0,0,0,0,0,0,0,0,0,0,0,0,0,0,0,0,0,0,0,0,0,0,0,0,0,0,0,0,0,0,0,0,0,0,0,0,0,0,0,0,0,0,0,0,0,0,0,0,0,0,0,0,0,0,0,0,0,0,0,0,0,0,0,0,0,0,0,0,0,0,0,0,0,0,0,0,0,0,0,0,0,0,0,0,0,0,0,0,0,0,0,0,0,0,0,0,0,0,0,0,0,0,0,0,0,0,0,0,0,0,0,0,0,0,0,0,0,0,0,0,0,0,0,0,0,0,0,0,0,0,0,0,0,0,0,0,0,0,0,0,0,0,0,0,0,0,0,0,0,0,0,0,0,0,0,0,0,0,0,0,0,0,0,0,0,0,0
25.601936894,-4.496865196599912,0.06859712806410896,-1.55803847827762e-08,0.02578611671921749,0.0002851776080142754,1.28700321511139e-08,0.02578611671924591,0.00028517760802060366,1.2870032151113264e-08,0.02578611671924591,0.00028517760802060366,1.2870032151113264e-08,4.999944078009388,-0.02364776477500202,5.614238548925414e-09,-3.87,-2.93,-1.0,0.0,0.0,0.0,-3.87,-0.93,-1.0,0.0,0.0,0.0,-3.87,1.07,-1.0,0.0,0.0,0.0,-3.87,-2.93,1.0,0.0,0.0,0.0,-3.87,-0.93,1.0,0.0,0.0,0.0,-3.87,1.07,1.0,0.0,0.0,0.0,2.31,-4.59,-1.0,0.0,0.0,0.0,2.31,-2.59,-1.0,0.0,0.0,0.0,2.31,-0.59,-1.0,0.0,0.0,0.0,2.31,1.41,-1.0,0.0,0.0,0.0,2.31,-4.59,1.0,0.0,0.0,0.0,2.31,-2.59,1.0,0.0,0.0,0.0,2.31,-0.59,1.0,0.0,0.0,0.0,2.31,1.41,1.0,0.0,0.0,0.0,8.58,26.1004000000053,10.947600000001891,0.0,1.560000000001338,0.6400000000006401,0,0,0,0,0,0,0,0,0,0,0,0,0,0,0,0,0,0,0,0,0,0,0,0,0,0,0,0,0,0,0,0,0,0,0,0,0,0,0,0,0,0,0,0,0,0,0,0,0,0,0,0,0,0,0,0,0,0,0,0,0,0,0,0,0,0,0,0,0,0,0,0,0,0,0,0,0,0,0,0,0,0,0,0,0,0,0,0,0,0,0,0,0,0,0,0,0,0,0,0,0,0,0,0,0,0,0,0,0,0,0,0,0,0,0,0,0,0,0,0,0,0,0,0,0,0,0,0,0,0,0,0,0,0,0,0,0,0,0,0,0,0,0,0,0,0,0,0,0,0,0,0,0,0,0,0,0,0,0,0,0,0,0,0,0,0,0,0,0,0,0,0,0,0,0,0,0,0,0,0,0,0,0,0,0,0,0,0,0,0,0,0,0,0,0,0,0,0,0,0,0,0,0,0,0,0,0,0,0,0
25.701117478,-4.494324876248181,0.06862522121760316,-1.594882381494856e-08,0.025268666446365273,0.00027943967143007065,-9.500809028396246e-09,0.025268666446208954,0.0002794396714307368,-9.500809028395452e-09,0.025268666446208954,0.0002794396714307368,-9.500809028395452e-09,4.999944017395975,-0.023660577047124386,5.32492488507935e-09,-3.87,-2.93,-1.0,0.0,0.0,0.0,-3.87,-0.93,-1.0,0.0,0.0,0.0,-3.87,1.07,-1.0,0.0,0.0,0.0,-3.87,-2.93,1.0,0.0,0.0,0.0,-3.87,-0.93,1.0,0.0,0.0,0.0,-3.87,1.07,1.0,0.0,0.0,0.0,2.31,-4.59,-1.0,0.0,0.0,0.0,2.31,-2.59,-1.0,0.0,0.0,0.0,2.31,-0.59,-1.0,0.0,0.0,0.0,2.31,1.41,-1.0,0.0,0.0,0.0,2.31,-4.59,1.0,0.0,0.0,0.0,2.31,-2.59,1.0,0.0,0.0,0.0,2.31,-0.59,1.0,0.0,0.0,0.0,2.31,1.41,1.0,0.0,0.0,0.0,8.58,26.256400000005435,11.011600000001955,0.0,1.560000000001338,0.6400000000006401,0,0,0,0,0,0,0,0,0,0,0,0,0,0,0,0,0,0,0,0,0,0,0,0,0,0,0,0,0,0,0,0,0,0,0,0,0,0,0,0,0,0,0,0,0,0,0,0,0,0,0,0,0,0,0,0,0,0,0,0,0,0,0,0,0,0,0,0,0,0,0,0,0,0,0,0,0,0,0,0,0,0,0,0,0,0,0,0,0,0,0,0,0,0,0,0,0,0,0,0,0,0,0,0,0,0,0,0,0,0,0,0,0,0,0,0,0,0,0,0,0,0,0,0,0,0,0,0,0,0,0,0,0,0,0,0,0,0,0,0,0,0,0,0,0,0,0,0,0,0,0,0,0,0,0,0,0,0,0,0,0,0,0,0,0,0,0,0,0,0,0,0,0,0,0,0,0,0,0,0,0,0,0,0,0,0,0,0,0,0,0,0,0,0,0,0,0,0,0,0,0,0,0,0,0,0,0,0,0,0
25.802177753,-4.491831579349244,0.0686527944526158,-1.5017270456052552e-08,0.024864211678909953,0.00027497301925694106,1.3169483281671604e-08,0.024864211678504944,0.0002749730192590505,1.3169483281672001e-08,0.024864211678504944,0.0002749730192590505,1.3169483281672001e-08,4.999943957260563,-0.023673281428323156,5.50802782687449e-09,-3.87,-2.93,-1.0,0.0,0.0,0.0,-3.87,-0.93,-1.0,0.0,0.0,0.0,-3.87,1.07,-1.0,0.0,0.0,0.0,-3.87,-2.93,1.0,0.0,0.0,0.0,-3.87,-0.93,1.0,0.0,0.0,0.0,-3.87,1.07,1.0,0.0,0.0,0.0,2.31,-4.59,-1.0,0.0,0.0,0.0,2.31,-2.59,-1.0,0.0,0.0,0.0,2.31,-0.59,-1.0,0.0,0.0,0.0,2.31,1.41,-1.0,0.0,0.0,0.0,2.31,-4.59,1.0,0.0,0.0,0.0,2.31,-2.59,1.0,0.0,0.0,0.0,2.31,-0.59,1.0,0.0,0.0,0.0,2.31,1.41,1.0,0.0,0.0,0.0,8.58,26.41240000000557,11.07560000000202,0.0,1.560000000001338,0.6400000000006401,0,0,0,0,0,0,0,0,0,0,0,0,0,0,0,0,0,0,0,0,0,0,0,0,0,0,0,0,0,0,0,0,0,0,0,0,0,0,0,0,0,0,0,0,0,0,0,0,0,0,0,0,0,0,0,0,0,0,0,0,0,0,0,0,0,0,0,0,0,0,0,0,0,0,0,0,0,0,0,0,0,0,0,0,0,0,0,0,0,0,0,0,0,0,0,0,0,0,0,0,0,0,0,0,0,0,0,0,0,0,0,0,0,0,0,0,0,0,0,0,0,0,0,0,0,0,0,0,0,0,0,0,0,0,0,0,0,0,0,0,0,0,0,0,0,0,0,0,0,0,0,0,0,0,0,0,0,0,0,0,0,0,0,0,0,0,0,0,0,0,0,0,0,0,0,0,0,0,0,0,0,0,0,0,0,0,0,0,0,0,0,0,0,0,0,0,0,0,0,0,0,0,0,0,0,0,0,0,0,0
25.90056685,-4.489877868295855,0.06867439914416008,-1.396887772342489e-08,0.02436525560955971,0.00026943569536586054,1.3096723705529836e-08,0.0243652556091547,0.0002694356953725219,1.3096723705530167e-08,0.0243652556091547,0.0002694356953725219,1.3096723705530167e-08,4.99994389872046,-0.023685642234183797,5.208438451833587e-09,-3.87,-2.93,-1.0,0.0,0.0,0.0,-3.87,-0.93,-1.0,0.0,0.0,0.0,-3.87,1.07,-1.0,0.0,0.0,0.0,-3.87,-2.93,1.0,0.0,0.0,0.0,-3.87,-0.93,1.0,0.0,0.0,0.0,-3.87,1.07,1.0,0.0,0.0,0.0,2.31,-4.59,-1.0,0.0,0.0,0.0,2.31,-2.59,-1.0,0.0,0.0,0.0,2.31,-0.59,-1.0,0.0,0.0,0.0,2.31,1.41,-1.0,0.0,0.0,0.0,2.31,-4.59,1.0,0.0,0.0,0.0,2.31,-2.59,1.0,0.0,0.0,0.0,2.31,-0.59,1.0,0.0,0.0,0.0,2.31,1.41,1.0,0.0,0.0,0.0,8.58,26.537200000005676,11.12680000000207,0.0,1.560000000001338,0.6400000000006401,0,0,0,0,0,0,0,0,0,0,0,0,0,0,0,0,0,0,0,0,0,0,0,0,0,0,0,0,0,0,0,0,0,0,0,0,0,0,0,0,0,0,0,0,0,0,0,0,0,0,0,0,0,0,0,0,0,0,0,0,0,0,0,0,0,0,0,0,0,0,0,0,0,0,0,0,0,0,0,0,0,0,0,0,0,0,0,0,0,0,0,0,0,0,0,0,0,0,0,0,0,0,0,0,0,0,0,0,0,0,0,0,0,0,0,0,0,0,0,0,0,0,0,0,0,0,0,0,0,0,0,0,0,0,0,0,0,0,0,0,0,0,0,0,0,0,0,0,0,0,0,0,0,0,0,0,0,0,0,0,0,0,0,0,0,0,0,0,0,0,0,0,0,0,0,0,0,0,0,0,0,0,0,0,0,0,0,0,0,0,0,0,0,0,0,0,0,0,0,0,0,0,0,0,0,0,0,0,0,0
26.003199494,-4.487472184864047,0.06870100044520028,-1.4397133085264415e-08,0.02397484891147883,0.00026510318275330125,-8.902361514628507e-09,0.02397484891116619,0.00026510318275541067,-8.902361514628865e-09,0.02397484891116619,0.00026510318275541067,-8.902361514628865e-09,4.999943785334419,-0.023709565489954544,4.953362799550448e-09,-3.87,-2.93,-1.0,0.0,0.0,0.0,-3.87,-0.93,-1.0,0.0,0.0,0.0,-3.87,1.07,-1.0,0.0,0.0,0.0,-3.87,-2.93,1.0,0.0,0.0,0.0,-3.87,-0.93,1.0,0.0,0.0,0.0,-3.87,1.07,1.0,0.0,0.0,0.0,2.31,-4.59,-1.0,0.0,0.0,0.0,2.31,-2.59,-1.0,0.0,0.0,0.0,2.31,-0.59,-1.0,0.0,0.0,0.0,2.31,1.41,-1.0,0.0,0.0,0.0,2.31,-4.59,1.0,0.0,0.0,0.0,2.31,-2.59,1.0,0.0,0.0,0.0,2.31,-0.59,1.0,0.0,0.0,0.0,2.31,1.41,1.0,0.0,0.0,0.0,8.58,26.69320000000581,11.190800000002135,0.0,1.560000000001338,0.6400000000006401,0,0,0,0,0,0,0,0,0,0,0,0,0,0,0,0,0,0,0,0,0,0,0,0,0,0,0,0,0,0,0,0,0,0,0,0,0,0,0,0,0,0,0,0,0,0,0,0,0,0,0,0,0,0,0,0,0,0,0,0,0,0,0,0,0,0,0,0,0,0,0,0,0,0,0,0,0,0,0,0,0,0,0,0,0,0,0,0,0,0,0,0,0,0,0,0,0,0,0,0,0,0,0,0,0,0,0,0,0,0,0,0,0,0,0,0,0,0,0,0,0,0,0,0,0,0,0,0,0,0,0,0,0,0,0,0,0,0,0,0,0,0,0,0,0,0,0,0,0,0,0,0,0,0,0,0,0,0,0,0,0,0,0,0,0,0,0,0,0,0,0,0,0,0,0,0,0,0,0,0,0,0,0,0,0,0,0,0,0,0,0,0,0,0,0,0,0,0,0,0,0,0,0,0,0,0,0,0,0,0
26.101180275,-4.485587417579398,0.06872184356735482,-1.3592436274745273e-08,0.02349339053075994,0.0002598114078877778,1.3081489669276172e-08,0.023493390530347824,0.0002598114078864455,1.308148966927547e-08,0.023493390530347824,0.0002598114078864455,1.308148966927547e-08,4.999943785334419,-0.023709565489954544,4.953362799550448e-09,-3.87,-2.93,-1.0,0.0,0.0,0.0,-3.87,-0.93,-1.0,0.0,0.0,0.0,-3.87,1.07,-1.0,0.0,0.0,0.0,-3.87,-2.93,1.0,0.0,0.0,0.0,-3.87,-0.93,1.0,0.0,0.0,0.0,-3.87,1.07,1.0,0.0,0.0,0.0,2.31,-4.59,-1.0,0.0,0.0,0.0,2.31,-2.59,-1.0,0.0,0.0,0.0,2.31,-0.59,-1.0,0.0,0.0,0.0,2.31,1.41,-1.0,0.0,0.0,0.0,2.31,-4.59,1.0,0.0,0.0,0.0,2.31,-2.59,1.0,0.0,0.0,0.0,2.31,-0.59,1.0,0.0,0.0,0.0,2.31,1.41,1.0,0.0,0.0,0.0,8.58,26.818000000005917,11.242000000002186,0.0,1.560000000001338,0.6400000000006401,0,0,0,0,0,0,0,0,0,0,0,0,0,0,0,0,0,0,0,0,0,0,0,0,0,0,0,0,0,0,0,0,0,0,0,0,0,0,0,0,0,0,0,0,0,0,0,0,0,0,0,0,0,0,0,0,0,0,0,0,0,0,0,0,0,0,0,0,0,0,0,0,0,0,0,0,0,0,0,0,0,0,0,0,0,0,0,0,0,0,0,0,0,0,0,0,0,0,0,0,0,0,0,0,0,0,0,0,0,0,0,0,0,0,0,0,0,0,0,0,0,0,0,0,0,0,0,0,0,0,0,0,0,0,0,0,0,0,0,0,0,0,0,0,0,0,0,0,0,0,0,0,0,0,0,0,0,0,0,0,0,0,0,0,0,0,0,0,0,0,0,0,0,0,0,0,0,0,0,0,0,0,0,0,0,0,0,0,0,0,0,0,0,0,0,0,0,0,0,0,0,0,0,0,0,0,0,0,0,0
26.210056982,-4.483267822041343,0.06874749476107335,-1.4071935296566753e-08,0.023116890340624252,0.00025563486269475355,-9.546965884509872e-09,0.023116890341043472,0.00025563486269675195,-9.546965884510428e-09,0.023116890341043472,0.00025563486269675195,-9.546965884510428e-09,4.9999437286159125,-0.02372152344184392,4.655595653279022e-09,-3.87,-2.93,-1.0,0.0,0.0,0.0,-3.87,-0.93,-1.0,0.0,0.0,0.0,-3.87,1.07,-1.0,0.0,0.0,0.0,-3.87,-2.93,1.0,0.0,0.0,0.0,-3.87,-0.93,1.0,0.0,0.0,0.0,-3.87,1.07,1.0,0.0,0.0,0.0,2.31,-4.59,-1.0,0.0,0.0,0.0,2.31,-2.59,-1.0,0.0,0.0,0.0,2.31,-0.59,-1.0,0.0,0.0,0.0,2.31,1.41,-1.0,0.0,0.0,0.0,2.31,-4.59,1.0,0.0,0.0,0.0,2.31,-2.59,1.0,0.0,0.0,0.0,2.31,-0.59,1.0,0.0,0.0,0.0,2.31,1.41,1.0,0.0,0.0,0.0,8.58,26.97400000000605,11.30600000000225,0.0,1.560000000001338,0.6400000000006401,0,0,0,0,0,0,0,0,0,0,0,0,0,0,0,0,0,0,0,0,0,0,0,0,0,0,0,0,0,0,0,0,0,0,0,0,0,0,0,0,0,0,0,0,0,0,0,0,0,0,0,0,0,0,0,0,0,0,0,0,0,0,0,0,0,0,0,0,0,0,0,0,0,0,0,0,0,0,0,0,0,0,0,0,0,0,0,0,0,0,0,0,0,0,0,0,0,0,0,0,0,0,0,0,0,0,0,0,0,0,0,0,0,0,0,0,0,0,0,0,0,0,0,0,0,0,0,0,0,0,0,0,0,0,0,0,0,0,0,0,0,0,0,0,0,0,0,0,0,0,0,0,0,0,0,0,0,0,0,0,0,0,0,0,0,0,0,0,0,0,0,0,0,0,0,0,0,0,0,0,0,0,0,0,0,0,0,0,0,0,0,0,0,0,0,0,0,0,0,0,0,0,0,0,0,0,0,0,0,0
26.301863222,-4.4819063440795865,0.06876255040583612,-1.3423360982311945e-08,0.022652609273698943,0.00025049946271449297,1.2660166248679227e-08,0.022652609273791313,0.00025049946270883083,1.2660166248679161e-08,0.022652609273791313,0.00025049946270883083,1.2660166248679161e-08,4.999943677022833,-0.023732395567807416,4.8381213387995186e-09,-3.87,-2.93,-1.0,0.0,0.0,0.0,-3.87,-0.93,-1.0,0.0,0.0,0.0,-3.87,1.07,-1.0,0.0,0.0,0.0,-3.87,-2.93,1.0,0.0,0.0,0.0,-3.87,-0.93,1.0,0.0,0.0,0.0,-3.87,1.07,1.0,0.0,0.0,0.0,2.31,-4.59,-1.0,0.0,0.0,0.0,2.31,-2.59,-1.0,0.0,0.0,0.0,2.31,-0.59,-1.0,0.0,0.0,0.0,2.31,1.41,-1.0,0.0,0.0,0.0,2.31,-4.59,1.0,0.0,0.0,0.0,2.31,-2.59,1.0,0.0,0.0,0.0,2.31,-0.59,1.0,0.0,0.0,0.0,2.31,1.41,1.0,0.0,0.0,0.0,8.58,27.06760000000613,11.344400000002288,0.0,1.560000000001338,0.6400000000006401,0,0,0,0,0,0,0,0,0,0,0,0,0,0,0,0,0,0,0,0,0,0,0,0,0,0,0,0,0,0,0,0,0,0,0,0,0,0,0,0,0,0,0,0,0,0,0,0,0,0,0,0,0,0,0,0,0,0,0,0,0,0,0,0,0,0,0,0,0,0,0,0,0,0,0,0,0,0,0,0,0,0,0,0,0,0,0,0,0,0,0,0,0,0,0,0,0,0,0,0,0,0,0,0,0,0,0,0,0,0,0,0,0,0,0,0,0,0,0,0,0,0,0,0,0,0,0,0,0,0,0,0,0,0,0,0,0,0,0,0,0,0,0,0,0,0,0,0,0,0,0,0,0,0,0,0,0,0,0,0,0,0,0,0,0,0,0,0,0,0,0,0,0,0,0,0,0,0,0,0,0,0,0,0,0,0,0,0,0,0,0,0,0,0,0,0,0,0,0,0,0,0,0,0,0,0,0,0,0,0
26.40141279,-4.4801126254305315,0.06878238532229267,-1.2421679897567297e-08,0.022290058433682702,0.00024647905956520777,1.2441887520253923e-08,0.022290058434009552,0.00024647905956953764,1.2441887520253658e-08,0.022290058434009552,0.00024647905956953764,1.2441887520253658e-08,4.999943630530891,-0.023742188474760964,4.577746410774499e-09,-3.87,-2.93,-1.0,0.0,0.0,0.0,-3.87,-0.93,-1.0,0.0,0.0,0.0,-3.87,1.07,-1.0,0.0,0.0,0.0,-3.87,-2.93,1.0,0.0,0.0,0.0,-3.87,-0.93,1.0,0.0,0.0,0.0,-3.87,1.07,1.0,0.0,0.0,0.0,2.31,-4.59,-1.0,0.0,0.0,0.0,2.31,-2.59,-1.0,0.0,0.0,0.0,2.31,-0.59,-1.0,0.0,0.0,0.0,2.31,1.41,-1.0,0.0,0.0,0.0,2.31,-4.59,1.0,0.0,0.0,0.0,2.31,-2.59,1.0,0.0,0.0,0.0,2.31,-0.59,1.0,0.0,0.0,0.0,2.31,1.41,1.0,0.0,0.0,0.0,8.58,27.192400000006238,11.39560000000234,0.0,1.560000000001338,0.6400000000006401,0,0,0,0,0,0,0,0,0,0,0,0,0,0,0,0,0,0,0,0,0,0,0,0,0,0,0,0,0,0,0,0,0,0,0,0,0,0,0,0,0,0,0,0,0,0,0,0,0,0,0,0,0,0,0,0,0,0,0,0,0,0,0,0,0,0,0,0,0,0,0,0,0,0,0,0,0,0,0,0,0,0,0,0,0,0,0,0,0,0,0,0,0,0,0,0,0,0,0,0,0,0,0,0,0,0,0,0,0,0,0,0,0,0,0,0,0,0,0,0,0,0,0,0,0,0,0,0,0,0,0,0,0,0,0,0,0,0,0,0,0,0,0,0,0,0,0,0,0,0,0,0,0,0,0,0,0,0,0,0,0,0,0,0,0,0,0,0,0,0,0,0,0,0,0,0,0,0,0,0,0,0,0,0,0,0,0,0,0,0,0,0,0,0,0,0,0,0,0,0,0,0,0,0,0,0,0,0,0,0
26.502869002,-4.478345758370339,0.06880192376492575,-1.278002081006579e-08,0.022022228687745837,0.0002435301721531724,-9.749783203005195e-09,0.022022228688001633,0.00024353017215617,-9.74978320300579e-09,0.022022228688001633,0.00024353017215617,-9.74978320300579e-09,4.999943545842702,-0.023760016538569174,4.41344499098468e-09,-3.87,-2.93,-1.0,0.0,0.0,0.0,-3.87,-0.93,-1.0,0.0,0.0,0.0,-3.87,1.07,-1.0,0.0,0.0,0.0,-3.87,-2.93,1.0,0.0,0.0,0.0,-3.87,-0.93,1.0,0.0,0.0,0.0,-3.87,1.07,1.0,0.0,0.0,0.0,2.31,-4.59,-1.0,0.0,0.0,0.0,2.31,-2.59,-1.0,0.0,0.0,0.0,2.31,-0.59,-1.0,0.0,0.0,0.0,2.31,1.41,-1.0,0.0,0.0,0.0,2.31,-4.59,1.0,0.0,0.0,0.0,2.31,-2.59,1.0,0.0,0.0,0.0,2.31,-0.59,1.0,0.0,0.0,0.0,2.31,1.41,1.0,0.0,0.0,0.0,8.58,27.317200000006345,11.44680000000239,0.0,1.560000000001338,0.6400000000006401,0,0,0,0,0,0,0,0,0,0,0,0,0,0,0,0,0,0,0,0,0,0,0,0,0,0,0,0,0,0,0,0,0,0,0,0,0,0,0,0,0,0,0,0,0,0,0,0,0,0,0,0,0,0,0,0,0,0,0,0,0,0,0,0,0,0,0,0,0,0,0,0,0,0,0,0,0,0,0,0,0,0,0,0,0,0,0,0,0,0,0,0,0,0,0,0,0,0,0,0,0,0,0,0,0,0,0,0,0,0,0,0,0,0,0,0,0,0,0,0,0,0,0,0,0,0,0,0,0,0,0,0,0,0,0,0,0,0,0,0,0,0,0,0,0,0,0,0,0,0,0,0,0,0,0,0,0,0,0,0,0,0,0,0,0,0,0,0,0,0,0,0,0,0,0,0,0,0,0,0,0,0,0,0,0,0,0,0,0,0,0,0,0,0,0,0,0,0,0,0,0,0,0,0,0,0,0,0,0,0
26.600627229,-4.476605549498693,0.06882116775316346,-1.356259711782206e-08,0.021668631583260378,0.00023962155683288078,-9.792302080314297e-09,0.021668631583452225,0.00023962155682966113,-9.792302080313675e-09,0.021668631583452225,0.00023962155682966113,-9.792302080313675e-09,4.9999435006775155,-0.023769518982879413,4.684262417712298e-09,-3.87,-2.93,-1.0,0.0,0.0,0.0,-3.87,-0.93,-1.0,0.0,0.0,0.0,-3.87,1.07,-1.0,0.0,0.0,0.0,-3.87,-2.93,1.0,0.0,0.0,0.0,-3.87,-0.93,1.0,0.0,0.0,0.0,-3.87,1.07,1.0,0.0,0.0,0.0,2.31,-4.59,-1.0,0.0,0.0,0.0,2.31,-2.59,-1.0,0.0,0.0,0.0,2.31,-0.59,-1.0,0.0,0.0,0.0,2.31,1.41,-1.0,0.0,0.0,0.0,2.31,-4.59,1.0,0.0,0.0,0.0,2.31,-2.59,1.0,0.0,0.0,0.0,2.31,-0.59,1.0,0.0,0.0,0.0,2.31,1.41,1.0,0.0,0.0,0.0,8.58,27.442000000006452,11.498000000002442,0.0,1.560000000001338,0.6400000000006401,0,0,0,0,0,0,0,0,0,0,0,0,0,0,0,0,0,0,0,0,0,0,0,0,0,0,0,0,0,0,0,0,0,0,0,0,0,0,0,0,0,0,0,0,0,0,0,0,0,0,0,0,0,0,0,0,0,0,0,0,0,0,0,0,0,0,0,0,0,0,0,0,0,0,0,0,0,0,0,0,0,0,0,0,0,0,0,0,0,0,0,0,0,0,0,0,0,0,0,0,0,0,0,0,0,0,0,0,0,0,0,0,0,0,0,0,0,0,0,0,0,0,0,0,0,0,0,0,0,0,0,0,0,0,0,0,0,0,0,0,0,0,0,0,0,0,0,0,0,0,0,0,0,0,0,0,0,0,0,0,0,0,0,0,0,0,0,0,0,0,0,0,0,0,0,0,0,0,0,0,0,0,0,0,0,0,0,0,0,0,0,0,0,0,0,0,0,0,0,0,0,0,0,0,0,0,0,0,0,0
26.700971807,-4.474896078416386,0.06884007087381697,-1.4347063810315925e-08,0.02132052369407944,0.00023575773229478347,-9.80799086391894e-09,0.0213205236941576,0.00023575773229822516,-9.807990863919258e-09,0.0213205236941576,0.00023575773229822516,-9.807990863919258e-09,4.9999434562835,-0.023778855477164164,4.955787414752823e-09,-3.87,-2.93,-1.0,0.0,0.0,0.0,-3.87,-0.93,-1.0,0.0,0.0,0.0,-3.87,1.07,-1.0,0.0,0.0,0.0,-3.87,-2.93,1.0,0.0,0.0,0.0,-3.87,-0.93,1.0,0.0,0.0,0.0,-3.87,1.07,1.0,0.0,0.0,0.0,2.31,-4.59,-1.0,0.0,0.0,0.0,2.31,-2.59,-1.0,0.0,0.0,0.0,2.31,-0.59,-1.0,0.0,0.0,0.0,2.31,1.41,-1.0,0.0,0.0,0.0,2.31,-4.59,1.0,0.0,0.0,0.0,2.31,-2.59,1.0,0.0,0.0,0.0,2.31,-0.59,1.0,0.0,0.0,0.0,2.31,1.41,1.0,0.0,0.0,0.0,8.58,27.56680000000656,11.549200000002493,0.0,1.560000000001338,0.6400000000006401,0,0,0,0,0,0,0,0,0,0,0,0,0,0,0,0,0,0,0,0,0,0,0,0,0,0,0,0,0,0,0,0,0,0,0,0,0,0,0,0,0,0,0,0,0,0,0,0,0,0,0,0,0,0,0,0,0,0,0,0,0,0,0,0,0,0,0,0,0,0,0,0,0,0,0,0,0,0,0,0,0,0,0,0,0,0,0,0,0,0,0,0,0,0,0,0,0,0,0,0,0,0,0,0,0,0,0,0,0,0,0,0,0,0,0,0,0,0,0,0,0,0,0,0,0,0,0,0,0,0,0,0,0,0,0,0,0,0,0,0,0,0,0,0,0,0,0,0,0,0,0,0,0,0,0,0,0,0,0,0,0,0,0,0,0,0,0,0,0,0,0,0,0,0,0,0,0,0,0,0,0,0,0,0,0,0,0,0,0,0,0,0,0,0,0,0,0,0,0,0,0,0,0,0,0,0,0,0,0,0
26.800868826,-4.473211973502545,0.0688586950948349,-1.5126954493904643e-08,0.020978666841919846,0.00023200538998291442,-9.732616490509456e-09,0.020978666841983795,0.00023200538998935372,-9.732616490509827e-09,0.020978666841983795,0.00023200538998935372,-9.732616490509827e-09,4.9999434562835,-0.023778855477164164,4.955787414752823e-09,-3.87,-2.93,-1.0,0.0,0.0,0.0,-3.87,-0.93,-1.0,0.0,0.0,0.0,-3.87,1.07,-1.0,0.0,0.0,0.0,-3.87,-2.93,1.0,0.0,0.0,0.0,-3.87,-0.93,1.0,0.0,0.0,0.0,-3.87,1.07,1.0,0.0,0.0,0.0,2.31,-4.59,-1.0,0.0,0.0,0.0,2.31,-2.59,-1.0,0.0,0.0,0.0,2.31,-0.59,-1.0,0.0,0.0,0.0,2.31,1.41,-1.0,0.0,0.0,0.0,2.31,-4.59,1.0,0.0,0.0,0.0,2.31,-2.59,1.0,0.0,0.0,0.0,2.31,-0.59,1.0,0.0,0.0,0.0,2.31,1.41,1.0,0.0,0.0,0.0,8.58,27.691600000006666,11.600400000002544,0.0,1.560000000001338,0.6400000000006401,0,0,0,0,0,0,0,0,0,0,0,0,0,0,0,0,0,0,0,0,0,0,0,0,0,0,0,0,0,0,0,0,0,0,0,0,0,0,0,0,0,0,0,0,0,0,0,0,0,0,0,0,0,0,0,0,0,0,0,0,0,0,0,0,0,0,0,0,0,0,0,0,0,0,0,0,0,0,0,0,0,0,0,0,0,0,0,0,0,0,0,0,0,0,0,0,0,0,0,0,0,0,0,0,0,0,0,0,0,0,0,0,0,0,0,0,0,0,0,0,0,0,0,0,0,0,0,0,0,0,0,0,0,0,0,0,0,0,0,0,0,0,0,0,0,0,0,0,0,0,0,0,0,0,0,0,0,0,0,0,0,0,0,0,0,0,0,0,0,0,0,0,0,0,0,0,0,0,0,0,0,0,0,0,0,0,0,0,0,0,0,0,0,0,0,0,0,0,0,0,0,0,0,0,0,0,0,0,0,0
26.90142753,-4.471554228917964,0.06887702662605169,-1.4515637061673782e-08,0.020641801878440447,0.00022825293126416124,1.3053067959845768e-08,0.02064180187880993,0.00022825293126516044,1.3053067959845066e-08,0.02064180187880993,0.00022825293126516044,1.3053067959845066e-08,4.999943369413574,-0.02379711447272784,5.015174053267973e-09,-3.87,-2.93,-1.0,0.0,0.0,0.0,-3.87,-0.93,-1.0,0.0,0.0,0.0,-3.87,1.07,-1.0,0.0,0.0,0.0,-3.87,-2.93,1.0,0.0,0.0,0.0,-3.87,-0.93,1.0,0.0,0.0,0.0,-3.87,1.07,1.0,0.0,0.0,0.0,2.31,-4.59,-1.0,0.0,0.0,0.0,2.31,-2.59,-1.0,0.0,0.0,0.0,2.31,-0.59,-1.0,0.0,0.0,0.0,2.31,1.41,-1.0,0.0,0.0,0.0,2.31,-4.59,1.0,0.0,0.0,0.0,2.31,-2.59,1.0,0.0,0.0,0.0,2.31,-0.59,1.0,0.0,0.0,0.0,2.31,1.41,1.0,0.0,0.0,0.0,8.58,27.816400000006773,11.651600000002595,0.0,1.560000000001338,0.6400000000006401,0,0,0,0,0,0,0,0,0,0,0,0,0,0,0,0,0,0,0,0,0,0,0,0,0,0,0,0,0,0,0,0,0,0,0,0,0,0,0,0,0,0,0,0,0,0,0,0,0,0,0,0,0,0,0,0,0,0,0,0,0,0,0,0,0,0,0,0,0,0,0,0,0,0,0,0,0,0,0,0,0,0,0,0,0,0,0,0,0,0,0,0,0,0,0,0,0,0,0,0,0,0,0,0,0,0,0,0,0,0,0,0,0,0,0,0,0,0,0,0,0,0,0,0,0,0,0,0,0,0,0,0,0,0,0,0,0,0,0,0,0,0,0,0,0,0,0,0,0,0,0,0,0,0,0,0,0,0,0,0,0,0,0,0,0,0,0,0,0,0,0,0,0,0,0,0,0,0,0,0,0,0,0,0,0,0,0,0,0,0,0,0,0,0,0,0,0,0,0,0,0,0,0,0,0,0,0,0,0,0
27.000586471,-4.469516894088384,0.06889955523202339,-1.3215045086223218e-08,0.020310377702337234,0.00022459012688491597,1.2994860298932022e-08,0.020310377702116966,0.00022459012689068913,1.2994860298931599e-08,0.020310377702116966,0.00022459012689068913,1.2994860298931599e-08,4.999943369413574,-0.02379711447272784,5.015174053267973e-09,-3.87,-2.93,-1.0,0.0,0.0,0.0,-3.87,-0.93,-1.0,0.0,0.0,0.0,-3.87,1.07,-1.0,0.0,0.0,0.0,-3.87,-2.93,1.0,0.0,0.0,0.0,-3.87,-0.93,1.0,0.0,0.0,0.0,-3.87,1.07,1.0,0.0,0.0,0.0,2.31,-4.59,-1.0,0.0,0.0,0.0,2.31,-2.59,-1.0,0.0,0.0,0.0,2.31,-0.59,-1.0,0.0,0.0,0.0,2.31,1.41,-1.0,0.0,0.0,0.0,2.31,-4.59,1.0,0.0,0.0,0.0,2.31,-2.59,1.0,0.0,0.0,0.0,2.31,-0.59,1.0,0.0,0.0,0.0,2.31,1.41,1.0,0.0,0.0,0.0,8.58,27.972400000006907,11.71560000000266,0.0,1.560000000001338,0.6400000000006401,0,0,0,0,0,0,0,0,0,0,0,0,0,0,0,0,0,0,0,0,0,0,0,0,0,0,0,0,0,0,0,0,0,0,0,0,0,0,0,0,0,0,0,0,0,0,0,0,0,0,0,0,0,0,0,0,0,0,0,0,0,0,0,0,0,0,0,0,0,0,0,0,0,0,0,0,0,0,0,0,0,0,0,0,0,0,0,0,0,0,0,0,0,0,0,0,0,0,0,0,0,0,0,0,0,0,0,0,0,0,0,0,0,0,0,0,0,0,0,0,0,0,0,0,0,0,0,0,0,0,0,0,0,0,0,0,0,0,0,0,0,0,0,0,0,0,0,0,0,0,0,0,0,0,0,0,0,0,0,0,0,0,0,0,0,0,0,0,0,0,0,0,0,0,0,0,0,0,0,0,0,0,0,0,0,0,0,0,0,0,0,0,0,0,0,0,0,0,0,0,0,0,0,0,0,0,0,0,0,0
27.101526244,-4.467918977816817,0.06891722470038504,-1.3655353299224329e-08,0.01990259066264599,0.00022007888765551709,-9.427822078578161e-09,0.019902590662240982,0.00022007888765074313,-9.427822078578174e-09,0.019902590662240982,0.00022007888765074313,-9.427822078578174e-09,4.999943317989471,-0.0238079165917763,4.579912273255043e-09,-3.87,-2.93,-1.0,0.0,0.0,0.0,-3.87,-0.93,-1.0,0.0,0.0,0.0,-3.87,1.07,-1.0,0.0,0.0,0.0,-3.87,-2.93,1.0,0.0,0.0,0.0,-3.87,-0.93,1.0,0.0,0.0,0.0,-3.87,1.07,1.0,0.0,0.0,0.0,2.31,-4.59,-1.0,0.0,0.0,0.0,2.31,-2.59,-1.0,0.0,0.0,0.0,2.31,-0.59,-1.0,0.0,0.0,0.0,2.31,1.41,-1.0,0.0,0.0,0.0,2.31,-4.59,1.0,0.0,0.0,0.0,2.31,-2.59,1.0,0.0,0.0,0.0,2.31,-0.59,1.0,0.0,0.0,0.0,2.31,1.41,1.0,0.0,0.0,0.0,8.58,28.097200000007014,11.76680000000271,0.0,1.560000000001338,0.6400000000006401,0,0,0,0,0,0,0,0,0,0,0,0,0,0,0,0,0,0,0,0,0,0,0,0,0,0,0,0,0,0,0,0,0,0,0,0,0,0,0,0,0,0,0,0,0,0,0,0,0,0,0,0,0,0,0,0,0,0,0,0,0,0,0,0,0,0,0,0,0,0,0,0,0,0,0,0,0,0,0,0,0,0,0,0,0,0,0,0,0,0,0,0,0,0,0,0,0,0,0,0,0,0,0,0,0,0,0,0,0,0,0,0,0,0,0,0,0,0,0,0,0,0,0,0,0,0,0,0,0,0,0,0,0,0,0,0,0,0,0,0,0,0,0,0,0,0,0,0,0,0,0,0,0,0,0,0,0,0,0,0,0,0,0,0,0,0,0,0,0,0,0,0,0,0,0,0,0,0,0,0,0,0,0,0,0,0,0,0,0,0,0,0,0,0,0,0,0,0,0,0,0,0,0,0,0,0,0,0,0,0
27.202644123,-4.466349122544026,0.06893458464619213,-1.4419676275689637e-08,0.019503448158708636,0.00021567950898859767,-9.608129403204154e-09,0.01950344815850258,0.00021567950898315758,-9.608129403204657e-09,0.01950344815850258,0.00021567950898315758,-9.608129403204657e-09,4.999943271170641,-0.023817747068846998,4.741982770448596e-09,-3.87,-2.93,-1.0,0.0,0.0,0.0,-3.87,-0.93,-1.0,0.0,0.0,0.0,-3.87,1.07,-1.0,0.0,0.0,0.0,-3.87,-2.93,1.0,0.0,0.0,0.0,-3.87,-0.93,1.0,0.0,0.0,0.0,-3.87,1.07,1.0,0.0,0.0,0.0,2.31,-4.59,-1.0,0.0,0.0,0.0,2.31,-2.59,-1.0,0.0,0.0,0.0,2.31,-0.59,-1.0,0.0,0.0,0.0,2.31,1.41,-1.0,0.0,0.0,0.0,2.31,-4.59,1.0,0.0,0.0,0.0,2.31,-2.59,1.0,0.0,0.0,0.0,2.31,-0.59,1.0,0.0,0.0,0.0,2.31,1.41,1.0,0.0,0.0,0.0,8.58,28.22200000000712,11.818000000002762,0.0,1.560000000001338,0.6400000000006401,0,0,0,0,0,0,0,0,0,0,0,0,0,0,0,0,0,0,0,0,0,0,0,0,0,0,0,0,0,0,0,0,0,0,0,0,0,0,0,0,0,0,0,0,0,0,0,0,0,0,0,0,0,0,0,0,0,0,0,0,0,0,0,0,0,0,0,0,0,0,0,0,0,0,0,0,0,0,0,0,0,0,0,0,0,0,0,0,0,0,0,0,0,0,0,0,0,0,0,0,0,0,0,0,0,0,0,0,0,0,0,0,0,0,0,0,0,0,0,0,0,0,0,0,0,0,0,0,0,0,0,0,0,0,0,0,0,0,0,0,0,0,0,0,0,0,0,0,0,0,0,0,0,0,0,0,0,0,0,0,0,0,0,0,0,0,0,0,0,0,0,0,0,0,0,0,0,0,0,0,0,0,0,0,0,0,0,0,0,0,0,0,0,0,0,0,0,0,0,0,0,0,0,0,0,0,0,0,0,0
27.300540953,-4.464806009280714,0.06895164856956186,-1.5201326149405236e-08,0.01919140107897732,0.00021221701172746688,-9.844484338827156e-09,0.019191401079297066,0.00021221701172180474,-9.844484338827897e-09,0.019191401079297066,0.00021221701172180474,-9.844484338827897e-09,4.999943230342383,-0.023826316403870347,5.007104865671644e-09,-3.87,-2.93,-1.0,0.0,0.0,0.0,-3.87,-0.93,-1.0,0.0,0.0,0.0,-3.87,1.07,-1.0,0.0,0.0,0.0,-3.87,-2.93,1.0,0.0,0.0,0.0,-3.87,-0.93,1.0,0.0,0.0,0.0,-3.87,1.07,1.0,0.0,0.0,0.0,2.31,-4.59,-1.0,0.0,0.0,0.0,2.31,-2.59,-1.0,0.0,0.0,0.0,2.31,-0.59,-1.0,0.0,0.0,0.0,2.31,1.41,-1.0,0.0,0.0,0.0,2.31,-4.59,1.0,0.0,0.0,0.0,2.31,-2.59,1.0,0.0,0.0,0.0,2.31,-0.59,1.0,0.0,0.0,0.0,2.31,1.41,1.0,0.0,0.0,0.0,8.58,28.346800000007228,11.869200000002813,0.0,1.560000000001338,0.6400000000006401,0,0,0,0,0,0,0,0,0,0,0,0,0,0,0,0,0,0,0,0,0,0,0,0,0,0,0,0,0,0,0,0,0,0,0,0,0,0,0,0,0,0,0,0,0,0,0,0,0,0,0,0,0,0,0,0,0,0,0,0,0,0,0,0,0,0,0,0,0,0,0,0,0,0,0,0,0,0,0,0,0,0,0,0,0,0,0,0,0,0,0,0,0,0,0,0,0,0,0,0,0,0,0,0,0,0,0,0,0,0,0,0,0,0,0,0,0,0,0,0,0,0,0,0,0,0,0,0,0,0,0,0,0,0,0,0,0,0,0,0,0,0,0,0,0,0,0,0,0,0,0,0,0,0,0,0,0,0,0,0,0,0,0,0,0,0,0,0,0,0,0,0,0,0,0,0,0,0,0,0,0,0,0,0,0,0,0,0,0,0,0,0,0,0,0,0,0,0,0,0,0,0,0,0,0,0,0,0,0,0
27.40051024,-4.463664431610378,0.06896427208209732,-1.4818170092300883e-08,0.018961019813801272,0.00020967031014174076,1.2802611415452401e-08,0.018961019814014435,0.0002096703101415187,1.2802611415452247e-08,0.018961019814014435,0.0002096703101415187,1.2802611415452247e-08,4.999943191178173,-0.023834533581153887,5.265708725617782e-09,-3.87,-2.93,-1.0,0.0,0.0,0.0,-3.87,-0.93,-1.0,0.0,0.0,0.0,-3.87,1.07,-1.0,0.0,0.0,0.0,-3.87,-2.93,1.0,0.0,0.0,0.0,-3.87,-0.93,1.0,0.0,0.0,0.0,-3.87,1.07,1.0,0.0,0.0,0.0,2.31,-4.59,-1.0,0.0,0.0,0.0,2.31,-2.59,-1.0,0.0,0.0,0.0,2.31,-0.59,-1.0,0.0,0.0,0.0,2.31,1.41,-1.0,0.0,0.0,0.0,2.31,-4.59,1.0,0.0,0.0,0.0,2.31,-2.59,1.0,0.0,0.0,0.0,2.31,-0.59,1.0,0.0,0.0,0.0,2.31,1.41,1.0,0.0,0.0,0.0,8.58,28.44040000000731,11.907600000002851,0.0,1.560000000001338,0.6400000000006401,0,0,0,0,0,0,0,0,0,0,0,0,0,0,0,0,0,0,0,0,0,0,0,0,0,0,0,0,0,0,0,0,0,0,0,0,0,0,0,0,0,0,0,0,0,0,0,0,0,0,0,0,0,0,0,0,0,0,0,0,0,0,0,0,0,0,0,0,0,0,0,0,0,0,0,0,0,0,0,0,0,0,0,0,0,0,0,0,0,0,0,0,0,0,0,0,0,0,0,0,0,0,0,0,0,0,0,0,0,0,0,0,0,0,0,0,0,0,0,0,0,0,0,0,0,0,0,0,0,0,0,0,0,0,0,0,0,0,0,0,0,0,0,0,0,0,0,0,0,0,0,0,0,0,0,0,0,0,0,0,0,0,0,0,0,0,0,0,0,0,0,0,0,0,0,0,0,0,0,0,0,0,0,0,0,0,0,0,0,0,0,0,0,0,0,0,0,0,0,0,0,0,0,0,0,0,0,0,0,0
27.503960906,-4.462536818356486,0.06897674023879313,-1.404731701493107e-08,0.018732657656173046,0.00020712344848961006,1.2863893061876509e-08,0.01873265765607357,0.00020712344849016517,1.2863893061876297e-08,0.01873265765607357,0.00020712344849016517,1.2863893061876297e-08,4.999943162023938,-0.023840648692068783,5.105641556908335e-09,-3.87,-2.93,-1.0,0.0,0.0,0.0,-3.87,-0.93,-1.0,0.0,0.0,0.0,-3.87,1.07,-1.0,0.0,0.0,0.0,-3.87,-2.93,1.0,0.0,0.0,0.0,-3.87,-0.93,1.0,0.0,0.0,0.0,-3.87,1.07,1.0,0.0,0.0,0.0,2.31,-4.59,-1.0,0.0,0.0,0.0,2.31,-2.59,-1.0,0.0,0.0,0.0,2.31,-0.59,-1.0,0.0,0.0,0.0,2.31,1.41,-1.0,0.0,0.0,0.0,2.31,-4.59,1.0,0.0,0.0,0.0,2.31,-2.59,1.0,0.0,0.0,0.0,2.31,-0.59,1.0,0.0,0.0,0.0,2.31,1.41,1.0,0.0,0.0,0.0,8.58,28.53400000000739,11.94600000000289,0.0,1.560000000001338,0.6400000000006401,0,0,0,0,0,0,0,0,0,0,0,0,0,0,0,0,0,0,0,0,0,0,0,0,0,0,0,0,0,0,0,0,0,0,0,0,0,0,0,0,0,0,0,0,0,0,0,0,0,0,0,0,0,0,0,0,0,0,0,0,0,0,0,0,0,0,0,0,0,0,0,0,0,0,0,0,0,0,0,0,0,0,0,0,0,0,0,0,0,0,0,0,0,0,0,0,0,0,0,0,0,0,0,0,0,0,0,0,0,0,0,0,0,0,0,0,0,0,0,0,0,0,0,0,0,0,0,0,0,0,0,0,0,0,0,0,0,0,0,0,0,0,0,0,0,0,0,0,0,0,0,0,0,0,0,0,0,0,0,0,0,0,0,0,0,0,0,0,0,0,0,0,0,0,0,0,0,0,0,0,0,0,0,0,0,0,0,0,0,0,0,0,0,0,0,0,0,0,0,0,0,0,0,0,0,0,0,0,0,0
27.601479514,-4.46105286537602,0.06899314892630902,-1.3017259695491128e-08,0.0185071248557378,0.00020464362751604348,1.2878444977104531e-08,0.018507124856114388,0.00020464362751226872,1.2878444977104664e-08,0.018507124856114388,0.00020464362751226872,1.2878444977104664e-08,4.999943131700045,-0.023847007475825646,4.83101015510316e-09,-3.87,-2.93,-1.0,0.0,0.0,0.0,-3.87,-0.93,-1.0,0.0,0.0,0.0,-3.87,1.07,-1.0,0.0,0.0,0.0,-3.87,-2.93,1.0,0.0,0.0,0.0,-3.87,-0.93,1.0,0.0,0.0,0.0,-3.87,1.07,1.0,0.0,0.0,0.0,2.31,-4.59,-1.0,0.0,0.0,0.0,2.31,-2.59,-1.0,0.0,0.0,0.0,2.31,-0.59,-1.0,0.0,0.0,0.0,2.31,1.41,-1.0,0.0,0.0,0.0,2.31,-4.59,1.0,0.0,0.0,0.0,2.31,-2.59,1.0,0.0,0.0,0.0,2.31,-0.59,1.0,0.0,0.0,0.0,2.31,1.41,1.0,0.0,0.0,0.0,8.58,28.658800000007496,11.997200000002941,0.0,1.560000000001338,0.6400000000006401,0,0,0,0,0,0,0,0,0,0,0,0,0,0,0,0,0,0,0,0,0,0,0,0,0,0,0,0,0,0,0,0,0,0,0,0,0,0,0,0,0,0,0,0,0,0,0,0,0,0,0,0,0,0,0,0,0,0,0,0,0,0,0,0,0,0,0,0,0,0,0,0,0,0,0,0,0,0,0,0,0,0,0,0,0,0,0,0,0,0,0,0,0,0,0,0,0,0,0,0,0,0,0,0,0,0,0,0,0,0,0,0,0,0,0,0,0,0,0,0,0,0,0,0,0,0,0,0,0,0,0,0,0,0,0,0,0,0,0,0,0,0,0,0,0,0,0,0,0,0,0,0,0,0,0,0,0,0,0,0,0,0,0,0,0,0,0,0,0,0,0,0,0,0,0,0,0,0,0,0,0,0,0,0,0,0,0,0,0,0,0,0,0,0,0,0,0,0,0,0,0,0,0,0,0,0,0,0,0,0
27.702466527,-4.459225314581129,0.069013358897251,-1.3460365514194886e-08,0.018210180103395146,0.00020138219405940738,-9.313225746154587e-09,0.01821018010377884,0.00020138219406362623,-9.313225746154785e-09,0.01821018010377884,0.00020138219406362623,-9.313225746154785e-09,4.999943093715694,-0.023854970231377528,4.482023923557073e-09,-3.87,-2.93,-1.0,0.0,0.0,0.0,-3.87,-0.93,-1.0,0.0,0.0,0.0,-3.87,1.07,-1.0,0.0,0.0,0.0,-3.87,-2.93,1.0,0.0,0.0,0.0,-3.87,-0.93,1.0,0.0,0.0,0.0,-3.87,1.07,1.0,0.0,0.0,0.0,2.31,-4.59,-1.0,0.0,0.0,0.0,2.31,-2.59,-1.0,0.0,0.0,0.0,2.31,-0.59,-1.0,0.0,0.0,0.0,2.31,1.41,-1.0,0.0,0.0,0.0,2.31,-4.59,1.0,0.0,0.0,0.0,2.31,-2.59,1.0,0.0,0.0,0.0,2.31,-0.59,1.0,0.0,0.0,0.0,2.31,1.41,1.0,0.0,0.0,0.0,8.58,28.81480000000763,12.061200000003005,0.0,1.560000000001338,0.6400000000006401,0,0,0,0,0,0,0,0,0,0,0,0,0,0,0,0,0,0,0,0,0,0,0,0,0,0,0,0,0,0,0,0,0,0,0,0,0,0,0,0,0,0,0,0,0,0,0,0,0,0,0,0,0,0,0,0,0,0,0,0,0,0,0,0,0,0,0,0,0,0,0,0,0,0,0,0,0,0,0,0,0,0,0,0,0,0,0,0,0,0,0,0,0,0,0,0,0,0,0,0,0,0,0,0,0,0,0,0,0,0,0,0,0,0,0,0,0,0,0,0,0,0,0,0,0,0,0,0,0,0,0,0,0,0,0,0,0,0,0,0,0,0,0,0,0,0,0,0,0,0,0,0,0,0,0,0,0,0,0,0,0,0,0,0,0,0,0,0,0,0,0,0,0,0,0,0,0,0,0,0,0,0,0,0,0,0,0,0,0,0,0,0,0,0,0,0,0,0,0,0,0,0,0,0,0,0,0,0,0,0
27.801391391,-4.457795199577994,0.0690291727327396,-1.2565746053016788e-08,0.017844434827551936,0.00019731726205729494,1.3148110156180549e-08,0.017844434827566147,0.00019731726206373423,1.3148110156180337e-08,0.017844434827566147,0.00019731726206373423,1.3148110156180337e-08,4.999943052772679,-0.02386355024348092,4.622278294826444e-09,-3.87,-2.93,-1.0,0.0,0.0,0.0,-3.87,-0.93,-1.0,0.0,0.0,0.0,-3.87,1.07,-1.0,0.0,0.0,0.0,-3.87,-2.93,1.0,0.0,0.0,0.0,-3.87,-0.93,1.0,0.0,0.0,0.0,-3.87,1.07,1.0,0.0,0.0,0.0,2.31,-4.59,-1.0,0.0,0.0,0.0,2.31,-2.59,-1.0,0.0,0.0,0.0,2.31,-0.59,-1.0,0.0,0.0,0.0,2.31,1.41,-1.0,0.0,0.0,0.0,2.31,-4.59,1.0,0.0,0.0,0.0,2.31,-2.59,1.0,0.0,0.0,0.0,2.31,-0.59,1.0,0.0,0.0,0.0,2.31,1.41,1.0,0.0,0.0,0.0,8.58,28.939600000007736,12.112400000003056,0.0,1.560000000001338,0.6400000000006401,0,0,0,0,0,0,0,0,0,0,0,0,0,0,0,0,0,0,0,0,0,0,0,0,0,0,0,0,0,0,0,0,0,0,0,0,0,0,0,0,0,0,0,0,0,0,0,0,0,0,0,0,0,0,0,0,0,0,0,0,0,0,0,0,0,0,0,0,0,0,0,0,0,0,0,0,0,0,0,0,0,0,0,0,0,0,0,0,0,0,0,0,0,0,0,0,0,0,0,0,0,0,0,0,0,0,0,0,0,0,0,0,0,0,0,0,0,0,0,0,0,0,0,0,0,0,0,0,0,0,0,0,0,0,0,0,0,0,0,0,0,0,0,0,0,0,0,0,0,0,0,0,0,0,0,0,0,0,0,0,0,0,0,0,0,0,0,0,0,0,0,0,0,0,0,0,0,0,0,0,0,0,0,0,0,0,0,0,0,0,0,0,0,0,0,0,0,0,0,0,0,0,0,0,0,0,0,0,0,0
27.903606559,-4.456034763184643,0.06904863804905935,-1.310635470597143e-08,0.017558636144165973,0.00019414571579556839,-8.94021923158966e-09,0.017558636143803596,0.00019414571579545736,-8.940219231590163e-09,0.017558636143803596,0.00019414571579545736,-8.940219231590163e-09,4.999943008779527,-0.023872766004944795,4.333559487910725e-09,-3.87,-2.93,-1.0,0.0,0.0,0.0,-3.87,-0.93,-1.0,0.0,0.0,0.0,-3.87,1.07,-1.0,0.0,0.0,0.0,-3.87,-2.93,1.0,0.0,0.0,0.0,-3.87,-0.93,1.0,0.0,0.0,0.0,-3.87,1.07,1.0,0.0,0.0,0.0,2.31,-4.59,-1.0,0.0,0.0,0.0,2.31,-2.59,-1.0,0.0,0.0,0.0,2.31,-0.59,-1.0,0.0,0.0,0.0,2.31,1.41,-1.0,0.0,0.0,0.0,2.31,-4.59,1.0,0.0,0.0,0.0,2.31,-2.59,1.0,0.0,0.0,0.0,2.31,-0.59,1.0,0.0,0.0,0.0,2.31,1.41,1.0,0.0,0.0,0.0,8.58,29.064400000007844,12.163600000003107,0.0,1.560000000001338,0.6400000000006401,0,0,0,0,0,0,0,0,0,0,0,0,0,0,0,0,0,0,0,0,0,0,0,0,0,0,0,0,0,0,0,0,0,0,0,0,0,0,0,0,0,0,0,0,0,0,0,0,0,0,0,0,0,0,0,0,0,0,0,0,0,0,0,0,0,0,0,0,0,0,0,0,0,0,0,0,0,0,0,0,0,0,0,0,0,0,0,0,0,0,0,0,0,0,0,0,0,0,0,0,0,0,0,0,0,0,0,0,0,0,0,0,0,0,0,0,0,0,0,0,0,0,0,0,0,0,0,0,0,0,0,0,0,0,0,0,0,0,0,0,0,0,0,0,0,0,0,0,0,0,0,0,0,0,0,0,0,0,0,0,0,0,0,0,0,0,0,0,0,0,0,0,0,0,0,0,0,0,0,0,0,0,0,0,0,0,0,0,0,0,0,0,0,0,0,0,0,0,0,0,0,0,0,0,0,0,0,0,0,0
28.001158768,-4.454655434054569,0.06906389152772084,-1.3810088054899389e-08,0.01720638945723607,0.00019028212409899492,-8.780716598267239e-09,0.01720638945698738,0.00019028212409466505,-8.780716598266736e-09,0.01720638945698738,0.00019028212409466505,-8.780716598266736e-09,4.99994296873977,-0.023881150511078773,4.505247109205019e-09,-3.87,-2.93,-1.0,0.0,0.0,0.0,-3.87,-0.93,-1.0,0.0,0.0,0.0,-3.87,1.07,-1.0,0.0,0.0,0.0,-3.87,-2.93,1.0,0.0,0.0,0.0,-3.87,-0.93,1.0,0.0,0.0,0.0,-3.87,1.07,1.0,0.0,0.0,0.0,2.31,-4.59,-1.0,0.0,0.0,0.0,2.31,-2.59,-1.0,0.0,0.0,0.0,2.31,-0.59,-1.0,0.0,0.0,0.0,2.31,1.41,-1.0,0.0,0.0,0.0,2.31,-4.59,1.0,0.0,0.0,0.0,2.31,-2.59,1.0,0.0,0.0,0.0,2.31,-0.59,1.0,0.0,0.0,0.0,2.31,1.41,1.0,0.0,0.0,0.0,8.58,29.220400000007977,12.227600000003171,0.0,1.560000000001338,0.6400000000006401,0,0,0,0,0,0,0,0,0,0,0,0,0,0,0,0,0,0,0,0,0,0,0,0,0,0,0,0,0,0,0,0,0,0,0,0,0,0,0,0,0,0,0,0,0,0,0,0,0,0,0,0,0,0,0,0,0,0,0,0,0,0,0,0,0,0,0,0,0,0,0,0,0,0,0,0,0,0,0,0,0,0,0,0,0,0,0,0,0,0,0,0,0,0,0,0,0,0,0,0,0,0,0,0,0,0,0,0,0,0,0,0,0,0,0,0,0,0,0,0,0,0,0,0,0,0,0,0,0,0,0,0,0,0,0,0,0,0,0,0,0,0,0,0,0,0,0,0,0,0,0,0,0,0,0,0,0,0,0,0,0,0,0,0,0,0,0,0,0,0,0,0,0,0,0,0,0,0,0,0,0,0,0,0,0,0,0,0,0,0,0,0,0,0,0,0,0,0,0,0,0,0,0,0,0,0,0,0,0,0
28.101193222,-4.4532954563696485,0.06907893048158224,-1.4522668058791479e-08,0.016930831596262408,0.00018722185632369381,-8.949427865445746e-09,0.016930831596255302,0.0001872218563221395,-8.949427865445614e-09,0.016930831596255302,0.0001872218563221395,-8.949427865445614e-09,4.99994292761373,-0.023889759426328826,4.783069591500454e-09,-3.87,-2.93,-1.0,0.0,0.0,0.0,-3.87,-0.93,-1.0,0.0,0.0,0.0,-3.87,1.07,-1.0,0.0,0.0,0.0,-3.87,-2.93,1.0,0.0,0.0,0.0,-3.87,-0.93,1.0,0.0,0.0,0.0,-3.87,1.07,1.0,0.0,0.0,0.0,2.31,-4.59,-1.0,0.0,0.0,0.0,2.31,-2.59,-1.0,0.0,0.0,0.0,2.31,-0.59,-1.0,0.0,0.0,0.0,2.31,1.41,-1.0,0.0,0.0,0.0,2.31,-4.59,1.0,0.0,0.0,0.0,2.31,-2.59,1.0,0.0,0.0,0.0,2.31,-0.59,1.0,0.0,0.0,0.0,2.31,1.41,1.0,0.0,0.0,0.0,8.58,29.345200000008084,12.278800000003223,0.0,1.560000000001338,0.6400000000006401,0,0,0,0,0,0,0,0,0,0,0,0,0,0,0,0,0,0,0,0,0,0,0,0,0,0,0,0,0,0,0,0,0,0,0,0,0,0,0,0,0,0,0,0,0,0,0,0,0,0,0,0,0,0,0,0,0,0,0,0,0,0,0,0,0,0,0,0,0,0,0,0,0,0,0,0,0,0,0,0,0,0,0,0,0,0,0,0,0,0,0,0,0,0,0,0,0,0,0,0,0,0,0,0,0,0,0,0,0,0,0,0,0,0,0,0,0,0,0,0,0,0,0,0,0,0,0,0,0,0,0,0,0,0,0,0,0,0,0,0,0,0,0,0,0,0,0,0,0,0,0,0,0,0,0,0,0,0,0,0,0,0,0,0,0,0,0,0,0,0,0,0,0,0,0,0,0,0,0,0,0,0,0,0,0,0,0,0,0,0,0,0,0,0,0,0,0,0,0,0,0,0,0,0,0,0,0,0,0,0
28.201881164,-4.451627190883519,0.06909738039277526,-1.3799710265604808e-08,0.016590863466170447,0.0001834920694832043,1.3213593774708306e-08,0.016590863466262817,0.00018349206948187202,1.3213593774707988e-08,0.016590863466262817,0.00018349206948187202,1.3213593774707988e-08,4.999942849668812,-0.02390606713199693,4.7792004823368025e-09,-3.87,-2.93,-1.0,0.0,0.0,0.0,-3.87,-0.93,-1.0,0.0,0.0,0.0,-3.87,1.07,-1.0,0.0,0.0,0.0,-3.87,-2.93,1.0,0.0,0.0,0.0,-3.87,-0.93,1.0,0.0,0.0,0.0,-3.87,1.07,1.0,0.0,0.0,0.0,2.31,-4.59,-1.0,0.0,0.0,0.0,2.31,-2.59,-1.0,0.0,0.0,0.0,2.31,-0.59,-1.0,0.0,0.0,0.0,2.31,1.41,-1.0,0.0,0.0,0.0,2.31,-4.59,1.0,0.0,0.0,0.0,2.31,-2.59,1.0,0.0,0.0,0.0,2.31,-0.59,1.0,0.0,0.0,0.0,2.31,1.41,1.0,0.0,0.0,0.0,8.58,29.501200000008218,12.342800000003287,0.0,1.560000000001338,0.6400000000006401,0,0,0,0,0,0,0,0,0,0,0,0,0,0,0,0,0,0,0,0,0,0,0,0,0,0,0,0,0,0,0,0,0,0,0,0,0,0,0,0,0,0,0,0,0,0,0,0,0,0,0,0,0,0,0,0,0,0,0,0,0,0,0,0,0,0,0,0,0,0,0,0,0,0,0,0,0,0,0,0,0,0,0,0,0,0,0,0,0,0,0,0,0,0,0,0,0,0,0,0,0,0,0,0,0,0,0,0,0,0,0,0,0,0,0,0,0,0,0,0,0,0,0,0,0,0,0,0,0,0,0,0,0,0,0,0,0,0,0,0,0,0,0,0,0,0,0,0,0,0,0,0,0,0,0,0,0,0,0,0,0,0,0,0,0,0,0,0,0,0,0,0,0,0,0,0,0,0,0,0,0,0,0,0,0,0,0,0,0,0,0,0,0,0,0,0,0,0,0,0,0,0,0,0,0,0,0,0,0,0
28.301962802,-4.450317990723329,0.0691118577140712,-1.4294167519412765e-08,0.016325144096995814,0.00018052083032571442,-9.603240869183197e-09,0.016325144097208977,0.00018052083032671362,-9.603240869182628e-09,0.016325144097208977,0.00018052083032671362,-9.603240869182628e-09,4.999942849668812,-0.02390606713199693,4.7792004823368025e-09,-3.87,-2.93,-1.0,0.0,0.0,0.0,-3.87,-0.93,-1.0,0.0,0.0,0.0,-3.87,1.07,-1.0,0.0,0.0,0.0,-3.87,-2.93,1.0,0.0,0.0,0.0,-3.87,-0.93,1.0,0.0,0.0,0.0,-3.87,1.07,1.0,0.0,0.0,0.0,2.31,-4.59,-1.0,0.0,0.0,0.0,2.31,-2.59,-1.0,0.0,0.0,0.0,2.31,-0.59,-1.0,0.0,0.0,0.0,2.31,1.41,-1.0,0.0,0.0,0.0,2.31,-4.59,1.0,0.0,0.0,0.0,2.31,-2.59,1.0,0.0,0.0,0.0,2.31,-0.59,1.0,0.0,0.0,0.0,2.31,1.41,1.0,0.0,0.0,0.0,8.58,29.626000000008325,12.394000000003338,0.0,1.560000000001338,0.6400000000006401,0,0,0,0,0,0,0,0,0,0,0,0,0,0,0,0,0,0,0,0,0,0,0,0,0,0,0,0,0,0,0,0,0,0,0,0,0,0,0,0,0,0,0,0,0,0,0,0,0,0,0,0,0,0,0,0,0,0,0,0,0,0,0,0,0,0,0,0,0,0,0,0,0,0,0,0,0,0,0,0,0,0,0,0,0,0,0,0,0,0,0,0,0,0,0,0,0,0,0,0,0,0,0,0,0,0,0,0,0,0,0,0,0,0,0,0,0,0,0,0,0,0,0,0,0,0,0,0,0,0,0,0,0,0,0,0,0,0,0,0,0,0,0,0,0,0,0,0,0,0,0,0,0,0,0,0,0,0,0,0,0,0,0,0,0,0,0,0,0,0,0,0,0,0,0,0,0,0,0,0,0,0,0,0,0,0,0,0,0,0,0,0,0,0,0,0,0,0,0,0,0,0,0,0,0,0,0,0,0,0
28.40378588,-4.448710022856761,0.06912963839806407,-1.5269856382449065e-08,0.015997856855243242,0.00017690217646304518,-9.808104550755444e-09,0.015997856855392456,0.00017690217646304518,-9.80810455075698e-09,0.015997856855392456,0.00017690217646304518,-9.80810455075698e-09,4.999942811048649,-0.02391414315715948,4.975869192437592e-09,-3.87,-2.93,-1.0,0.0,0.0,0.0,-3.87,-0.93,-1.0,0.0,0.0,0.0,-3.87,1.07,-1.0,0.0,0.0,0.0,-3.87,-2.93,1.0,0.0,0.0,0.0,-3.87,-0.93,1.0,0.0,0.0,0.0,-3.87,1.07,1.0,0.0,0.0,0.0,2.31,-4.59,-1.0,0.0,0.0,0.0,2.31,-2.59,-1.0,0.0,0.0,0.0,2.31,-0.59,-1.0,0.0,0.0,0.0,2.31,1.41,-1.0,0.0,0.0,0.0,2.31,-4.59,1.0,0.0,0.0,0.0,2.31,-2.59,1.0,0.0,0.0,0.0,2.31,-0.59,1.0,0.0,0.0,0.0,2.31,1.41,1.0,0.0,0.0,0.0,8.58,29.78200000000846,12.458000000003402,0.0,1.560000000001338,0.6400000000006401,0,0,0,0,0,0,0,0,0,0,0,0,0,0,0,0,0,0,0,0,0,0,0,0,0,0,0,0,0,0,0,0,0,0,0,0,0,0,0,0,0,0,0,0,0,0,0,0,0,0,0,0,0,0,0,0,0,0,0,0,0,0,0,0,0,0,0,0,0,0,0,0,0,0,0,0,0,0,0,0,0,0,0,0,0,0,0,0,0,0,0,0,0,0,0,0,0,0,0,0,0,0,0,0,0,0,0,0,0,0,0,0,0,0,0,0,0,0,0,0,0,0,0,0,0,0,0,0,0,0,0,0,0,0,0,0,0,0,0,0,0,0,0,0,0,0,0,0,0,0,0,0,0,0,0,0,0,0,0,0,0,0,0,0,0,0,0,0,0,0,0,0,0,0,0,0,0,0,0,0,0,0,0,0,0,0,0,0,0,0,0,0,0,0,0,0,0,0,0,0,0,0,0,0,0,0,0,0,0,0
28.502832199,-4.447448125005979,0.06914359353881247,-1.4493463956543815e-08,0.015741704031846382,0.0001740874140537807,1.2492478163039182e-08,0.015741704031825066,0.0001740874140523374,1.2492478163039777e-08,0.015741704031825066,0.0001740874140523374,1.2492478163039777e-08,4.999942775674551,-0.023921537991137443,5.260299305594223e-09,-3.87,-2.93,-1.0,0.0,0.0,0.0,-3.87,-0.93,-1.0,0.0,0.0,0.0,-3.87,1.07,-1.0,0.0,0.0,0.0,-3.87,-2.93,1.0,0.0,0.0,0.0,-3.87,-0.93,1.0,0.0,0.0,0.0,-3.87,1.07,1.0,0.0,0.0,0.0,2.31,-4.59,-1.0,0.0,0.0,0.0,2.31,-2.59,-1.0,0.0,0.0,0.0,2.31,-0.59,-1.0,0.0,0.0,0.0,2.31,1.41,-1.0,0.0,0.0,0.0,2.31,-4.59,1.0,0.0,0.0,0.0,2.31,-2.59,1.0,0.0,0.0,0.0,2.31,-0.59,1.0,0.0,0.0,0.0,2.31,1.41,1.0,0.0,0.0,0.0,8.58,29.906800000008566,12.509200000003453,0.0,1.560000000001338,0.6400000000006401,0,0,0,0,0,0,0,0,0,0,0,0,0,0,0,0,0,0,0,0,0,0,0,0,0,0,0,0,0,0,0,0,0,0,0,0,0,0,0,0,0,0,0,0,0,0,0,0,0,0,0,0,0,0,0,0,0,0,0,0,0,0,0,0,0,0,0,0,0,0,0,0,0,0,0,0,0,0,0,0,0,0,0,0,0,0,0,0,0,0,0,0,0,0,0,0,0,0,0,0,0,0,0,0,0,0,0,0,0,0,0,0,0,0,0,0,0,0,0,0,0,0,0,0,0,0,0,0,0,0,0,0,0,0,0,0,0,0,0,0,0,0,0,0,0,0,0,0,0,0,0,0,0,0,0,0,0,0,0,0,0,0,0,0,0,0,0,0,0,0,0,0,0,0,0,0,0,0,0,0,0,0,0,0,0,0,0,0,0,0,0,0,0,0,0,0,0,0,0,0,0,0,0,0,0,0,0,0,0,0
28.601012859,-4.446516996536674,0.06915388961744422,-1.3743511564800655e-08,0.015489368699661554,0.00017127295723340374,1.2500095181167668e-08,0.015489368699491024,0.00017127295723184943,1.2500095181167126e-08,0.015489368699491024,0.00017127295723184943,1.2500095181167126e-08,4.999942743760347,-0.023928207585317926,5.0590463924411515e-09,-3.87,-2.93,-1.0,0.0,0.0,0.0,-3.87,-0.93,-1.0,0.0,0.0,0.0,-3.87,1.07,-1.0,0.0,0.0,0.0,-3.87,-2.93,1.0,0.0,0.0,0.0,-3.87,-0.93,1.0,0.0,0.0,0.0,-3.87,1.07,1.0,0.0,0.0,0.0,2.31,-4.59,-1.0,0.0,0.0,0.0,2.31,-2.59,-1.0,0.0,0.0,0.0,2.31,-0.59,-1.0,0.0,0.0,0.0,2.31,1.41,-1.0,0.0,0.0,0.0,2.31,-4.59,1.0,0.0,0.0,0.0,2.31,-2.59,1.0,0.0,0.0,0.0,2.31,-0.59,1.0,0.0,0.0,0.0,2.31,1.41,1.0,0.0,0.0,0.0,8.58,30.000400000008646,12.547600000003492,0.0,1.560000000001338,0.6400000000006401,0,0,0,0,0,0,0,0,0,0,0,0,0,0,0,0,0,0,0,0,0,0,0,0,0,0,0,0,0,0,0,0,0,0,0,0,0,0,0,0,0,0,0,0,0,0,0,0,0,0,0,0,0,0,0,0,0,0,0,0,0,0,0,0,0,0,0,0,0,0,0,0,0,0,0,0,0,0,0,0,0,0,0,0,0,0,0,0,0,0,0,0,0,0,0,0,0,0,0,0,0,0,0,0,0,0,0,0,0,0,0,0,0,0,0,0,0,0,0,0,0,0,0,0,0,0,0,0,0,0,0,0,0,0,0,0,0,0,0,0,0,0,0,0,0,0,0,0,0,0,0,0,0,0,0,0,0,0,0,0,0,0,0,0,0,0,0,0,0,0,0,0,0,0,0,0,0,0,0,0,0,0,0,0,0,0,0,0,0,0,0,0,0,0,0,0,0,0,0,0,0,0,0,0,0,0,0,0,0,0
28.701812018,-4.445289201620325,0.06916746606664487,-1.4102521865399705e-08,0.01530322805010087,0.00016921742644615545,-9.778887033462895e-09,0.015303228050470352,0.00016921742644626647,-9.778887033462524e-09,0.015303228050470352,0.00016921742644626647,-9.778887033462524e-09,4.999942713159956,-0.0239346008669963,4.736954019393231e-09,-3.87,-2.93,-1.0,0.0,0.0,0.0,-3.87,-0.93,-1.0,0.0,0.0,0.0,-3.87,1.07,-1.0,0.0,0.0,0.0,-3.87,-2.93,1.0,0.0,0.0,0.0,-3.87,-0.93,1.0,0.0,0.0,0.0,-3.87,1.07,1.0,0.0,0.0,0.0,2.31,-4.59,-1.0,0.0,0.0,0.0,2.31,-2.59,-1.0,0.0,0.0,0.0,2.31,-0.59,-1.0,0.0,0.0,0.0,2.31,1.41,-1.0,0.0,0.0,0.0,2.31,-4.59,1.0,0.0,0.0,0.0,2.31,-2.59,1.0,0.0,0.0,0.0,2.31,-0.59,1.0,0.0,0.0,0.0,2.31,1.41,1.0,0.0,0.0,0.0,8.58,30.125200000008753,12.598800000003543,0.0,1.560000000001338,0.6400000000006401,0,0,0,0,0,0,0,0,0,0,0,0,0,0,0,0,0,0,0,0,0,0,0,0,0,0,0,0,0,0,0,0,0,0,0,0,0,0,0,0,0,0,0,0,0,0,0,0,0,0,0,0,0,0,0,0,0,0,0,0,0,0,0,0,0,0,0,0,0,0,0,0,0,0,0,0,0,0,0,0,0,0,0,0,0,0,0,0,0,0,0,0,0,0,0,0,0,0,0,0,0,0,0,0,0,0,0,0,0,0,0,0,0,0,0,0,0,0,0,0,0,0,0,0,0,0,0,0,0,0,0,0,0,0,0,0,0,0,0,0,0,0,0,0,0,0,0,0,0,0,0,0,0,0,0,0,0,0,0,0,0,0,0,0,0,0,0,0,0,0,0,0,0,0,0,0,0,0,0,0,0,0,0,0,0,0,0,0,0,0,0,0,0,0,0,0,0,0,0,0,0,0,0,0,0,0,0,0,0,0
28.800814636,-4.4440801761777315,0.06918083448060339,-1.4885904212835439e-08,0.015057537704699087,0.00016649194004014767,-9.796167432796792e-09,0.015057537704706192,0.00016649194003548473,-9.79616743279621e-09,0.015057537704706192,0.00016649194003548473,-9.79616743279621e-09,4.999942681131413,-0.02394129070059479,4.896712293272396e-09,-3.87,-2.93,-1.0,0.0,0.0,0.0,-3.87,-0.93,-1.0,0.0,0.0,0.0,-3.87,1.07,-1.0,0.0,0.0,0.0,-3.87,-2.93,1.0,0.0,0.0,0.0,-3.87,-0.93,1.0,0.0,0.0,0.0,-3.87,1.07,1.0,0.0,0.0,0.0,2.31,-4.59,-1.0,0.0,0.0,0.0,2.31,-2.59,-1.0,0.0,0.0,0.0,2.31,-0.59,-1.0,0.0,0.0,0.0,2.31,1.41,-1.0,0.0,0.0,0.0,2.31,-4.59,1.0,0.0,0.0,0.0,2.31,-2.59,1.0,0.0,0.0,0.0,2.31,-0.59,1.0,0.0,0.0,0.0,2.31,1.41,1.0,0.0,0.0,0.0,8.58,30.25000000000886,12.650000000003594,0.0,1.560000000001338,0.6400000000006401,0,0,0,0,0,0,0,0,0,0,0,0,0,0,0,0,0,0,0,0,0,0,0,0,0,0,0,0,0,0,0,0,0,0,0,0,0,0,0,0,0,0,0,0,0,0,0,0,0,0,0,0,0,0,0,0,0,0,0,0,0,0,0,0,0,0,0,0,0,0,0,0,0,0,0,0,0,0,0,0,0,0,0,0,0,0,0,0,0,0,0,0,0,0,0,0,0,0,0,0,0,0,0,0,0,0,0,0,0,0,0,0,0,0,0,0,0,0,0,0,0,0,0,0,0,0,0,0,0,0,0,0,0,0,0,0,0,0,0,0,0,0,0,0,0,0,0,0,0,0,0,0,0,0,0,0,0,0,0,0,0,0,0,0,0,0,0,0,0,0,0,0,0,0,0,0,0,0,0,0,0,0,0,0,0,0,0,0,0,0,0,0,0,0,0,0,0,0,0,0,0,0,0,0,0,0,0,0,0,0
28.900811185,-4.442890077541879,0.06919399432906212,-1.4323963816398007e-08,0.014815798029310656,0.0001638334942988262,1.2631062418223182e-08,0.01481579802930355,0.00016383349429816008,1.2631062418222427e-08,0.01481579802930355,0.00016383349429816008,1.2631062418222427e-08,4.999942649220203,-0.023947954168489046,5.169865927018799e-09,-3.87,-2.93,-1.0,0.0,0.0,0.0,-3.87,-0.93,-1.0,0.0,0.0,0.0,-3.87,1.07,-1.0,0.0,0.0,0.0,-3.87,-2.93,1.0,0.0,0.0,0.0,-3.87,-0.93,1.0,0.0,0.0,0.0,-3.87,1.07,1.0,0.0,0.0,0.0,2.31,-4.59,-1.0,0.0,0.0,0.0,2.31,-2.59,-1.0,0.0,0.0,0.0,2.31,-0.59,-1.0,0.0,0.0,0.0,2.31,1.41,-1.0,0.0,0.0,0.0,2.31,-4.59,1.0,0.0,0.0,0.0,2.31,-2.59,1.0,0.0,0.0,0.0,2.31,-0.59,1.0,0.0,0.0,0.0,2.31,1.41,1.0,0.0,0.0,0.0,8.58,30.374800000008968,12.701200000003645,0.0,1.560000000001338,0.6400000000006401,0,0,0,0,0,0,0,0,0,0,0,0,0,0,0,0,0,0,0,0,0,0,0,0,0,0,0,0,0,0,0,0,0,0,0,0,0,0,0,0,0,0,0,0,0,0,0,0,0,0,0,0,0,0,0,0,0,0,0,0,0,0,0,0,0,0,0,0,0,0,0,0,0,0,0,0,0,0,0,0,0,0,0,0,0,0,0,0,0,0,0,0,0,0,0,0,0,0,0,0,0,0,0,0,0,0,0,0,0,0,0,0,0,0,0,0,0,0,0,0,0,0,0,0,0,0,0,0,0,0,0,0,0,0,0,0,0,0,0,0,0,0,0,0,0,0,0,0,0,0,0,0,0,0,0,0,0,0,0,0,0,0,0,0,0,0,0,0,0,0,0,0,0,0,0,0,0,0,0,0,0,0,0,0,0,0,0,0,0,0,0,0,0,0,0,0,0,0,0,0,0,0,0,0,0,0,0,0,0,0
29.000243035,-4.441431403934326,0.06921012312611667,-1.4786449944015004e-08,0.014518314972455926,0.00016052761929452597,-9.779228093975716e-09,0.014518314972519875,0.00016052761930041015,-9.77922809397569e-09,0.014518314972519875,0.00016052761930041015,-9.77922809397569e-09,4.999942582718738,-0.023961834568295006,5.109222859541373e-09,-3.87,-2.93,-1.0,0.0,0.0,0.0,-3.87,-0.93,-1.0,0.0,0.0,0.0,-3.87,1.07,-1.0,0.0,0.0,0.0,-3.87,-2.93,1.0,0.0,0.0,0.0,-3.87,-0.93,1.0,0.0,0.0,0.0,-3.87,1.07,1.0,0.0,0.0,0.0,2.31,-4.59,-1.0,0.0,0.0,0.0,2.31,-2.59,-1.0,0.0,0.0,0.0,2.31,-0.59,-1.0,0.0,0.0,0.0,2.31,1.41,-1.0,0.0,0.0,0.0,2.31,-4.59,1.0,0.0,0.0,0.0,2.31,-2.59,1.0,0.0,0.0,0.0,2.31,-0.59,1.0,0.0,0.0,0.0,2.31,1.41,1.0,0.0,0.0,0.0,8.58,30.5308000000091,12.76520000000371,0.0,1.560000000001338,0.6400000000006401,0,0,0,0,0,0,0,0,0,0,0,0,0,0,0,0,0,0,0,0,0,0,0,0,0,0,0,0,0,0,0,0,0,0,0,0,0,0,0,0,0,0,0,0,0,0,0,0,0,0,0,0,0,0,0,0,0,0,0,0,0,0,0,0,0,0,0,0,0,0,0,0,0,0,0,0,0,0,0,0,0,0,0,0,0,0,0,0,0,0,0,0,0,0,0,0,0,0,0,0,0,0,0,0,0,0,0,0,0,0,0,0,0,0,0,0,0,0,0,0,0,0,0,0,0,0,0,0,0,0,0,0,0,0,0,0,0,0,0,0,0,0,0,0,0,0,0,0,0,0,0,0,0,0,0,0,0,0,0,0,0,0,0,0,0,0,0,0,0,0,0,0,0,0,0,0,0,0,0,0,0,0,0,0,0,0,0,0,0,0,0,0,0,0,0,0,0,0,0,0,0,0,0,0,0,0,0,0,0,0
29.102834541,-4.440284803836883,0.06922280233372118,-1.413816030160188e-08,0.014286047779421551,0.00015798071399675262,1.2574332686198878e-08,0.014286047779023647,0.00015798071399331093,1.2574332686199341e-08,0.014286047779023647,0.00015798071399331093,1.2574332686199341e-08,4.999942582718738,-0.023961834568295006,5.109222859541373e-09,-3.87,-2.93,-1.0,0.0,0.0,0.0,-3.87,-0.93,-1.0,0.0,0.0,0.0,-3.87,1.07,-1.0,0.0,0.0,0.0,-3.87,-2.93,1.0,0.0,0.0,0.0,-3.87,-0.93,1.0,0.0,0.0,0.0,-3.87,1.07,1.0,0.0,0.0,0.0,2.31,-4.59,-1.0,0.0,0.0,0.0,2.31,-2.59,-1.0,0.0,0.0,0.0,2.31,-0.59,-1.0,0.0,0.0,0.0,2.31,1.41,-1.0,0.0,0.0,0.0,2.31,-4.59,1.0,0.0,0.0,0.0,2.31,-2.59,1.0,0.0,0.0,0.0,2.31,-0.59,1.0,0.0,0.0,0.0,2.31,1.41,1.0,0.0,0.0,0.0,8.58,30.686800000009235,12.829200000003773,0.0,1.560000000001338,0.6400000000006401,0,0,0,0,0,0,0,0,0,0,0,0,0,0,0,0,0,0,0,0,0,0,0,0,0,0,0,0,0,0,0,0,0,0,0,0,0,0,0,0,0,0,0,0,0,0,0,0,0,0,0,0,0,0,0,0,0,0,0,0,0,0,0,0,0,0,0,0,0,0,0,0,0,0,0,0,0,0,0,0,0,0,0,0,0,0,0,0,0,0,0,0,0,0,0,0,0,0,0,0,0,0,0,0,0,0,0,0,0,0,0,0,0,0,0,0,0,0,0,0,0,0,0,0,0,0,0,0,0,0,0,0,0,0,0,0,0,0,0,0,0,0,0,0,0,0,0,0,0,0,0,0,0,0,0,0,0,0,0,0,0,0,0,0,0,0,0,0,0,0,0,0,0,0,0,0,0,0,0,0,0,0,0,0,0,0,0,0,0,0,0,0,0,0,0,0,0,0,0,0,0,0,0,0,0,0,0,0,0,0
29.200474281,-4.438876548227162,0.06923837521087074,-1.4465658543460742e-08,0.013999439776313238,0.00015480896399522326,-9.748646334628575e-09,0.013999439775943756,0.00015480896399822086,-9.748646334628575e-09,0.013999439775943756,0.00015480896399822086,-9.748646334628575e-09,4.999942547277075,-0.023969228782704424,4.847492386658135e-09,-3.87,-2.93,-1.0,0.0,0.0,0.0,-3.87,-0.93,-1.0,0.0,0.0,0.0,-3.87,1.07,-1.0,0.0,0.0,0.0,-3.87,-2.93,1.0,0.0,0.0,0.0,-3.87,-0.93,1.0,0.0,0.0,0.0,-3.87,1.07,1.0,0.0,0.0,0.0,2.31,-4.59,-1.0,0.0,0.0,0.0,2.31,-2.59,-1.0,0.0,0.0,0.0,2.31,-0.59,-1.0,0.0,0.0,0.0,2.31,1.41,-1.0,0.0,0.0,0.0,2.31,-4.59,1.0,0.0,0.0,0.0,2.31,-2.59,1.0,0.0,0.0,0.0,2.31,-0.59,1.0,0.0,0.0,0.0,2.31,1.41,1.0,0.0,0.0,0.0,8.58,30.811600000009342,12.880400000003824,0.0,1.560000000001338,0.6400000000006401,0,0,0,0,0,0,0,0,0,0,0,0,0,0,0,0,0,0,0,0,0,0,0,0,0,0,0,0,0,0,0,0,0,0,0,0,0,0,0,0,0,0,0,0,0,0,0,0,0,0,0,0,0,0,0,0,0,0,0,0,0,0,0,0,0,0,0,0,0,0,0,0,0,0,0,0,0,0,0,0,0,0,0,0,0,0,0,0,0,0,0,0,0,0,0,0,0,0,0,0,0,0,0,0,0,0,0,0,0,0,0,0,0,0,0,0,0,0,0,0,0,0,0,0,0,0,0,0,0,0,0,0,0,0,0,0,0,0,0,0,0,0,0,0,0,0,0,0,0,0,0,0,0,0,0,0,0,0,0,0,0,0,0,0,0,0,0,0,0,0,0,0,0,0,0,0,0,0,0,0,0,0,0,0,0,0,0,0,0,0,0,0,0,0,0,0,0,0,0,0,0,0,0,0,0,0,0,0,0,0
29.305168221,-4.437771625619632,0.069250592279493,-1.3756567929678861e-08,0.013775072991606407,0.00015230674761668173,1.2474970390030622e-08,0.013775072991847992,0.00015230674762278795,1.2474970390030649e-08,0.013775072991847992,0.00015230674762278795,1.2474970390030649e-08,4.999942515823842,-0.023975788978662756,4.995694124616586e-09,-3.87,-2.93,-1.0,0.0,0.0,0.0,-3.87,-0.93,-1.0,0.0,0.0,0.0,-3.87,1.07,-1.0,0.0,0.0,0.0,-3.87,-2.93,1.0,0.0,0.0,0.0,-3.87,-0.93,1.0,0.0,0.0,0.0,-3.87,1.07,1.0,0.0,0.0,0.0,2.31,-4.59,-1.0,0.0,0.0,0.0,2.31,-2.59,-1.0,0.0,0.0,0.0,2.31,-0.59,-1.0,0.0,0.0,0.0,2.31,1.41,-1.0,0.0,0.0,0.0,2.31,-4.59,1.0,0.0,0.0,0.0,2.31,-2.59,1.0,0.0,0.0,0.0,2.31,-0.59,1.0,0.0,0.0,0.0,2.31,1.41,1.0,0.0,0.0,0.0,8.58,30.93640000000945,12.931600000003876,0.0,1.560000000001338,0.6400000000006401,0,0,0,0,0,0,0,0,0,0,0,0,0,0,0,0,0,0,0,0,0,0,0,0,0,0,0,0,0,0,0,0,0,0,0,0,0,0,0,0,0,0,0,0,0,0,0,0,0,0,0,0,0,0,0,0,0,0,0,0,0,0,0,0,0,0,0,0,0,0,0,0,0,0,0,0,0,0,0,0,0,0,0,0,0,0,0,0,0,0,0,0,0,0,0,0,0,0,0,0,0,0,0,0,0,0,0,0,0,0,0,0,0,0,0,0,0,0,0,0,0,0,0,0,0,0,0,0,0,0,0,0,0,0,0,0,0,0,0,0,0,0,0,0,0,0,0,0,0,0,0,0,0,0,0,0,0,0,0,0,0,0,0,0,0,0,0,0,0,0,0,0,0,0,0,0,0,0,0,0,0,0,0,0,0,0,0,0,0,0,0,0,0,0,0,0,0,0,0,0,0,0,0,0,0,0,0,0,0,0
29.403377262,-4.436686191431488,0.06926259417675958,-1.2752866061393777e-08,0.013554117642478047,0.00014987151371326224,1.2551026884465748e-08,0.013554117642343044,0.00014987151371315122,1.255102688446641e-08,0.013554117642343044,0.00014987151371315122,1.255102688446641e-08,4.999942487550562,-0.02398168440085547,4.7912915736355395e-09,-3.87,-2.93,-1.0,0.0,0.0,0.0,-3.87,-0.93,-1.0,0.0,0.0,0.0,-3.87,1.07,-1.0,0.0,0.0,0.0,-3.87,-2.93,1.0,0.0,0.0,0.0,-3.87,-0.93,1.0,0.0,0.0,0.0,-3.87,1.07,1.0,0.0,0.0,0.0,2.31,-4.59,-1.0,0.0,0.0,0.0,2.31,-2.59,-1.0,0.0,0.0,0.0,2.31,-0.59,-1.0,0.0,0.0,0.0,2.31,1.41,-1.0,0.0,0.0,0.0,2.31,-4.59,1.0,0.0,0.0,0.0,2.31,-2.59,1.0,0.0,0.0,0.0,2.31,-0.59,1.0,0.0,0.0,0.0,2.31,1.41,1.0,0.0,0.0,0.0,8.58,31.061200000009556,12.982800000003927,0.0,1.560000000001338,0.6400000000006401,0,0,0,0,0,0,0,0,0,0,0,0,0,0,0,0,0,0,0,0,0,0,0,0,0,0,0,0,0,0,0,0,0,0,0,0,0,0,0,0,0,0,0,0,0,0,0,0,0,0,0,0,0,0,0,0,0,0,0,0,0,0,0,0,0,0,0,0,0,0,0,0,0,0,0,0,0,0,0,0,0,0,0,0,0,0,0,0,0,0,0,0,0,0,0,0,0,0,0,0,0,0,0,0,0,0,0,0,0,0,0,0,0,0,0,0,0,0,0,0,0,0,0,0,0,0,0,0,0,0,0,0,0,0,0,0,0,0,0,0,0,0,0,0,0,0,0,0,0,0,0,0,0,0,0,0,0,0,0,0,0,0,0,0,0,0,0,0,0,0,0,0,0,0,0,0,0,0,0,0,0,0,0,0,0,0,0,0,0,0,0,0,0,0,0,0,0,0,0,0,0,0,0,0,0,0,0,0,0,0
29.500809323,-4.435617275898572,0.06927441415883165,-1.1752650286300528e-08,0.01333702076244947,0.0001474808232204694,1.2496570889197994e-08,0.013337020762264729,0.0001474808232160285,1.2496570889197756e-08,0.013337020762264729,0.0001474808232160285,1.2496570889197756e-08,4.9999424595271265,-0.02398752629653527,4.4515166607948084e-09,-3.87,-2.93,-1.0,0.0,0.0,0.0,-3.87,-0.93,-1.0,0.0,0.0,0.0,-3.87,1.07,-1.0,0.0,0.0,0.0,-3.87,-2.93,1.0,0.0,0.0,0.0,-3.87,-0.93,1.0,0.0,0.0,0.0,-3.87,1.07,1.0,0.0,0.0,0.0,2.31,-4.59,-1.0,0.0,0.0,0.0,2.31,-2.59,-1.0,0.0,0.0,0.0,2.31,-0.59,-1.0,0.0,0.0,0.0,2.31,1.41,-1.0,0.0,0.0,0.0,2.31,-4.59,1.0,0.0,0.0,0.0,2.31,-2.59,1.0,0.0,0.0,0.0,2.31,-0.59,1.0,0.0,0.0,0.0,2.31,1.41,1.0,0.0,0.0,0.0,8.58,31.186000000009663,13.034000000003978,0.0,1.560000000001338,0.6400000000006401,0,0,0,0,0,0,0,0,0,0,0,0,0,0,0,0,0,0,0,0,0,0,0,0,0,0,0,0,0,0,0,0,0,0,0,0,0,0,0,0,0,0,0,0,0,0,0,0,0,0,0,0,0,0,0,0,0,0,0,0,0,0,0,0,0,0,0,0,0,0,0,0,0,0,0,0,0,0,0,0,0,0,0,0,0,0,0,0,0,0,0,0,0,0,0,0,0,0,0,0,0,0,0,0,0,0,0,0,0,0,0,0,0,0,0,0,0,0,0,0,0,0,0,0,0,0,0,0,0,0,0,0,0,0,0,0,0,0,0,0,0,0,0,0,0,0,0,0,0,0,0,0,0,0,0,0,0,0,0,0,0,0,0,0,0,0,0,0,0,0,0,0,0,0,0,0,0,0,0,0,0,0,0,0,0,0,0,0,0,0,0,0,0,0,0,0,0,0,0,0,0,0,0,0,0,0,0,0,0,0
29.600955922,-4.434300244846632,0.06928897752094557,-1.0505555926076687e-08,0.013123289681615802,0.00014511261542393683,1.2463715393095957e-08,0.013123289681971073,0.00014511261542793363,1.2463715393096209e-08,0.013123289681971073,0.00014511261542793363,1.2463715393096209e-08,4.999942426395228,-0.023994431291402912,4.044718319296023e-09,-3.87,-2.93,-1.0,0.0,0.0,0.0,-3.87,-0.93,-1.0,0.0,0.0,0.0,-3.87,1.07,-1.0,0.0,0.0,0.0,-3.87,-2.93,1.0,0.0,0.0,0.0,-3.87,-0.93,1.0,0.0,0.0,0.0,-3.87,1.07,1.0,0.0,0.0,0.0,2.31,-4.59,-1.0,0.0,0.0,0.0,2.31,-2.59,-1.0,0.0,0.0,0.0,2.31,-0.59,-1.0,0.0,0.0,0.0,2.31,1.41,-1.0,0.0,0.0,0.0,2.31,-4.59,1.0,0.0,0.0,0.0,2.31,-2.59,1.0,0.0,0.0,0.0,2.31,-0.59,1.0,0.0,0.0,0.0,2.31,1.41,1.0,0.0,0.0,0.0,8.58,31.342000000009797,13.098000000004042,0.0,1.560000000001338,0.6400000000006401,0,0,0,0,0,0,0,0,0,0,0,0,0,0,0,0,0,0,0,0,0,0,0,0,0,0,0,0,0,0,0,0,0,0,0,0,0,0,0,0,0,0,0,0,0,0,0,0,0,0,0,0,0,0,0,0,0,0,0,0,0,0,0,0,0,0,0,0,0,0,0,0,0,0,0,0,0,0,0,0,0,0,0,0,0,0,0,0,0,0,0,0,0,0,0,0,0,0,0,0,0,0,0,0,0,0,0,0,0,0,0,0,0,0,0,0,0,0,0,0,0,0,0,0,0,0,0,0,0,0,0,0,0,0,0,0,0,0,0,0,0,0,0,0,0,0,0,0,0,0,0,0,0,0,0,0,0,0,0,0,0,0,0,0,0,0,0,0,0,0,0,0,0,0,0,0,0,0,0,0,0,0,0,0,0,0,0,0,0,0,0,0,0,0,0,0,0,0,0,0,0,0,0,0,0,0,0,0,0,0
29.700527463,-4.433267510324053,0.06930039777052054,-1.0951390228885764e-08,0.012859771959305988,0.0001422086206709361,-9.735231287777172e-09,0.012859771959483624,0.00014220862067304552,-9.735231287777424e-09,0.012859771959483624,0.00014220862067304552,-9.735231287777424e-09,4.999942394477325,-0.02400108139948974,3.647680423578602e-09,-3.87,-2.93,-1.0,0.0,0.0,0.0,-3.87,-0.93,-1.0,0.0,0.0,0.0,-3.87,1.07,-1.0,0.0,0.0,0.0,-3.87,-2.93,1.0,0.0,0.0,0.0,-3.87,-0.93,1.0,0.0,0.0,0.0,-3.87,1.07,1.0,0.0,0.0,0.0,2.31,-4.59,-1.0,0.0,0.0,0.0,2.31,-2.59,-1.0,0.0,0.0,0.0,2.31,-0.59,-1.0,0.0,0.0,0.0,2.31,1.41,-1.0,0.0,0.0,0.0,2.31,-4.59,1.0,0.0,0.0,0.0,2.31,-2.59,1.0,0.0,0.0,0.0,2.31,-0.59,1.0,0.0,0.0,0.0,2.31,1.41,1.0,0.0,0.0,0.0,8.58,31.466800000009904,13.149200000004093,0.0,1.560000000001338,0.6400000000006401,0,0,0,0,0,0,0,0,0,0,0,0,0,0,0,0,0,0,0,0,0,0,0,0,0,0,0,0,0,0,0,0,0,0,0,0,0,0,0,0,0,0,0,0,0,0,0,0,0,0,0,0,0,0,0,0,0,0,0,0,0,0,0,0,0,0,0,0,0,0,0,0,0,0,0,0,0,0,0,0,0,0,0,0,0,0,0,0,0,0,0,0,0,0,0,0,0,0,0,0,0,0,0,0,0,0,0,0,0,0,0,0,0,0,0,0,0,0,0,0,0,0,0,0,0,0,0,0,0,0,0,0,0,0,0,0,0,0,0,0,0,0,0,0,0,0,0,0,0,0,0,0,0,0,0,0,0,0,0,0,0,0,0,0,0,0,0,0,0,0,0,0,0,0,0,0,0,0,0,0,0,0,0,0,0,0,0,0,0,0,0,0,0,0,0,0,0,0,0,0,0,0,0,0,0,0,0,0,0,0
29.8016991,-4.431998046520447,0.06931443630640348,-1.0155373181053068e-08,0.012653354555247631,0.00013992954336905505,1.2384020919852998e-08,0.012653354555368423,0.00013992954336572438,1.2384020919853356e-08,0.012653354555368423,0.00013992954336572438,1.2384020919853356e-08,4.999942335390014,-0.024013387404716834,3.548323771977196e-09,-3.87,-2.93,-1.0,0.0,0.0,0.0,-3.87,-0.93,-1.0,0.0,0.0,0.0,-3.87,1.07,-1.0,0.0,0.0,0.0,-3.87,-2.93,1.0,0.0,0.0,0.0,-3.87,-0.93,1.0,0.0,0.0,0.0,-3.87,1.07,1.0,0.0,0.0,0.0,2.31,-4.59,-1.0,0.0,0.0,0.0,2.31,-2.59,-1.0,0.0,0.0,0.0,2.31,-0.59,-1.0,0.0,0.0,0.0,2.31,1.41,-1.0,0.0,0.0,0.0,2.31,-4.59,1.0,0.0,0.0,0.0,2.31,-2.59,1.0,0.0,0.0,0.0,2.31,-0.59,1.0,0.0,0.0,0.0,2.31,1.41,1.0,0.0,0.0,0.0,8.58,31.622800000010038,13.213200000004157,0.0,1.560000000001338,0.6400000000006401,0,0,0,0,0,0,0,0,0,0,0,0,0,0,0,0,0,0,0,0,0,0,0,0,0,0,0,0,0,0,0,0,0,0,0,0,0,0,0,0,0,0,0,0,0,0,0,0,0,0,0,0,0,0,0,0,0,0,0,0,0,0,0,0,0,0,0,0,0,0,0,0,0,0,0,0,0,0,0,0,0,0,0,0,0,0,0,0,0,0,0,0,0,0,0,0,0,0,0,0,0,0,0,0,0,0,0,0,0,0,0,0,0,0,0,0,0,0,0,0,0,0,0,0,0,0,0,0,0,0,0,0,0,0,0,0,0,0,0,0,0,0,0,0,0,0,0,0,0,0,0,0,0,0,0,0,0,0,0,0,0,0,0,0,0,0,0,0,0,0,0,0,0,0,0,0,0,0,0,0,0,0,0,0,0,0,0,0,0,0,0,0,0,0,0,0,0,0,0,0,0,0,0,0,0,0,0,0,0,0
29.901716237,-4.431003303936057,0.06932543644724977,-1.0707478642846088e-08,0.012399357743220207,0.00013711472274247072,-9.975792636397144e-09,0.012399357743561268,0.0001371147227473557,-9.975792636396363e-09,0.012399357743561268,0.0001371147227473557,-9.975792636396363e-09,4.999942335390014,-0.024013387404716834,3.548323771977196e-09,-3.87,-2.93,-1.0,0.0,0.0,0.0,-3.87,-0.93,-1.0,0.0,0.0,0.0,-3.87,1.07,-1.0,0.0,0.0,0.0,-3.87,-2.93,1.0,0.0,0.0,0.0,-3.87,-0.93,1.0,0.0,0.0,0.0,-3.87,1.07,1.0,0.0,0.0,0.0,2.31,-4.59,-1.0,0.0,0.0,0.0,2.31,-2.59,-1.0,0.0,0.0,0.0,2.31,-0.59,-1.0,0.0,0.0,0.0,2.31,1.41,-1.0,0.0,0.0,0.0,2.31,-4.59,1.0,0.0,0.0,0.0,2.31,-2.59,1.0,0.0,0.0,0.0,2.31,-0.59,1.0,0.0,0.0,0.0,2.31,1.41,1.0,0.0,0.0,0.0,8.58,31.747600000010145,13.264400000004208,0.0,1.560000000001338,0.6400000000006401,0,0,0,0,0,0,0,0,0,0,0,0,0,0,0,0,0,0,0,0,0,0,0,0,0,0,0,0,0,0,0,0,0,0,0,0,0,0,0,0,0,0,0,0,0,0,0,0,0,0,0,0,0,0,0,0,0,0,0,0,0,0,0,0,0,0,0,0,0,0,0,0,0,0,0,0,0,0,0,0,0,0,0,0,0,0,0,0,0,0,0,0,0,0,0,0,0,0,0,0,0,0,0,0,0,0,0,0,0,0,0,0,0,0,0,0,0,0,0,0,0,0,0,0,0,0,0,0,0,0,0,0,0,0,0,0,0,0,0,0,0,0,0,0,0,0,0,0,0,0,0,0,0,0,0,0,0,0,0,0,0,0,0,0,0,0,0,0,0,0,0,0,0,0,0,0,0,0,0,0,0,0,0,0,0,0,0,0,0,0,0,0,0,0,0,0,0,0,0,0,0,0,0,0,0,0,0,0,0,0
30.001209277,-4.429782262454109,0.06933893739393983,-1.0008502860703216e-08,0.012150748633033004,0.00013434464926631584,1.2347300071268466e-08,0.012150748632848263,0.00013434464926831424,1.2347300071269274e-08,0.012150748632848263,0.00013434464926831424,1.2347300071269274e-08,4.9999423047276546,-0.024019770912969578,3.731694043726394e-09,-3.87,-2.93,-1.0,0.0,0.0,0.0,-3.87,-0.93,-1.0,0.0,0.0,0.0,-3.87,1.07,-1.0,0.0,0.0,0.0,-3.87,-2.93,1.0,0.0,0.0,0.0,-3.87,-0.93,1.0,0.0,0.0,0.0,-3.87,1.07,1.0,0.0,0.0,0.0,2.31,-4.59,-1.0,0.0,0.0,0.0,2.31,-2.59,-1.0,0.0,0.0,0.0,2.31,-0.59,-1.0,0.0,0.0,0.0,2.31,1.41,-1.0,0.0,0.0,0.0,2.31,-4.59,1.0,0.0,0.0,0.0,2.31,-2.59,1.0,0.0,0.0,0.0,2.31,-0.59,1.0,0.0,0.0,0.0,2.31,1.41,1.0,0.0,0.0,0.0,8.58,31.90360000001028,13.328400000004272,0.0,1.560000000001338,0.6400000000006401,0,0,0,0,0,0,0,0,0,0,0,0,0,0,0,0,0,0,0,0,0,0,0,0,0,0,0,0,0,0,0,0,0,0,0,0,0,0,0,0,0,0,0,0,0,0,0,0,0,0,0,0,0,0,0,0,0,0,0,0,0,0,0,0,0,0,0,0,0,0,0,0,0,0,0,0,0,0,0,0,0,0,0,0,0,0,0,0,0,0,0,0,0,0,0,0,0,0,0,0,0,0,0,0,0,0,0,0,0,0,0,0,0,0,0,0,0,0,0,0,0,0,0,0,0,0,0,0,0,0,0,0,0,0,0,0,0,0,0,0,0,0,0,0,0,0,0,0,0,0,0,0,0,0,0,0,0,0,0,0,0,0,0,0,0,0,0,0,0,0,0,0,0,0,0,0,0,0,0,0,0,0,0,0,0,0,0,0,0,0,0,0,0,0,0,0,0,0,0,0,0,0,0,0,0,0,0,0,0,0
