time_elapsed,pos_x,pos_y,pos_z,vel_x,vel_y,vel_z,cmd_vel_x,cmd_vel_y,cmd_vel_z,cmd_vel_unfiltered_x,cmd_vel_unfiltered_y,cmd_vel_unfiltered_z,desired_vel_x,desired_vel_y,desired_vel_z,obs_1_pos_x,obs_1_pos_y,obs_1_pos_z,obs_1_vel_x,obs_1_vel_y,obs_1_vel_z,obs_2_pos_x,obs_2_pos_y,obs_2_pos_z,obs_2_vel_x,obs_2_vel_y,obs_2_vel_z,obs_3_pos_x,obs_3_pos_y,obs_3_pos_z,obs_3_vel_x,obs_3_vel_y,obs_3_vel_z,obs_4_pos_x,obs_4_pos_y,obs_4_pos_z,obs_4_vel_x,obs_4_vel_y,obs_4_vel_z,obs_5_pos_x,obs_5_pos_y,obs_5_pos_z,obs_5_vel_x,obs_5_vel_y,obs_5_vel_z,obs_6_pos_x,obs_6_pos_y,obs_6_pos_z,obs_6_vel_x,obs_6_vel_y,obs_6_vel_z,obs_7_pos_x,obs_7_pos_y,obs_7_pos_z,obs_7_vel_x,obs_7_vel_y,obs_7_vel_z,obs_8_pos_x,obs_8_pos_y,obs_8_pos_z,obs_8_vel_x,obs_8_vel_y,obs_8_vel_z,obs_9_pos_x,obs_9_pos_y,obs_9_pos_z,obs_9_vel_x,obs_9_vel_y,obs_9_vel_z,obs_10_pos_x,obs_10_pos_y,obs_10_pos_z,obs_10_vel_x,obs_10_vel_y,obs_10_vel_z,obs_11_pos_x,obs_11_pos_y,obs_11_pos_z,obs_11_vel_x,obs_11_vel_y,obs_11_vel_z,obs_12_pos_x,obs_12_pos_y,obs_12_pos_z,obs_12_vel_x,obs_12_vel_y,obs_12_vel_z,obs_13_pos_x,obs_13_pos_y,obs_13_pos_z,obs_13_vel_x,obs_13_vel_y,obs_13_vel_z,obs_14_pos_x,obs_14_pos_y,obs_14_pos_z,obs_14_vel_x,obs_14_vel_y,obs_14_vel_z,obs_15_pos_x,obs_15_pos_y,obs_15_pos_z,obs_15_vel_x,obs_15_vel_y,obs_15_vel_z,obs_16_pos_x,obs_16_pos_y,obs_16_pos_z,obs_16_vel_x,obs_16_vel_y,obs_16_vel_z,obs_17_pos_x,obs_17_pos_y,obs_17_pos_z,obs_17_vel_x,obs_17_vel_y,obs_17_vel_z,obs_18_pos_x,obs_18_pos_y,obs_18_pos_z,obs_18_vel_x,obs_18_vel_y,obs_18_vel_z,obs_19_pos_x,obs_19_pos_y,obs_19_pos_z,obs_19_vel_x,obs_19_vel_y,obs_19_vel_z,obs_20_pos_x,obs_20_pos_y,obs_20_pos_z,obs_20_vel_x,obs_20_vel_y,obs_20_vel_z,obs_21_pos_x,obs_21_pos_y,obs_21_pos_z,obs_21_vel_x,obs_21_vel_y,obs_21_vel_z,obs_22_pos_x,obs_22_pos_y,obs_22_pos_z,obs_22_vel_x,obs_22_vel_y,obs_22_vel_z,obs_23_pos_x,obs_23_pos_y,obs_23_pos_z,obs_23_vel_x,obs_23_vel_y,obs_23_vel_z,obs_24_pos_x,obs_24_pos_y,obs_24_pos_z,obs_24_vel_x,obs_24_vel_y,obs_24_vel_z,obs_25_pos_x,obs_25_pos_y,obs_25_pos_z,obs_25_vel_x,obs_25_vel_y,obs_25_vel_z,obs_26_pos_x,obs_26_pos_y,obs_26_pos_z,obs_26_vel_x,obs_26_vel_y,obs_26_vel_z,obs_27_pos_x,obs_27_pos_y,obs_27_pos_z,obs_27_vel_x,obs_27_vel_y,obs_27_vel_z,obs_28_pos_x,obs_28_pos_y,obs_28_pos_z,obs_28_vel_x,obs_28_vel_y,obs_28_vel_z,obs_29_pos_x,obs_29_pos_y,obs_29_pos_z,obs_29_vel_x,obs_29_vel_y,obs_29_vel_z,obs_30_pos_x,obs_30_pos_y,obs_30_pos_z,obs_30_vel_x,obs_30_vel_y,obs_30_vel_z,obs_31_pos_x,obs_31_pos_y,obs_31_pos_z,obs_31_vel_x,obs_31_vel_y,obs_31_vel_z,obs_32_pos_x,obs_32_pos_y,obs_32_pos_z,obs_32_vel_x,obs_32_vel_y,obs_32_vel_z,obs_33_pos_x,obs_33_pos_y,obs_33_pos_z,obs_33_vel_x,obs_33_vel_y,obs_33_vel_z,obs_34_pos_x,obs_34_pos_y,obs_34_pos_z,obs_34_vel_x,obs_34_vel_y,obs_34_vel_z,obs_35_pos_x,obs_35_pos_y,obs_35_pos_z,obs_35_vel_x,obs_35_vel_y,obs_35_vel_z,obs_36_pos_x,obs_36_pos_y,obs_36_pos_z,obs_36_vel_x,obs_36_vel_y,obs_36_vel_z,obs_37_pos_x,obs_37_pos_y,obs_37_pos_z,obs_37_vel_x,obs_37_vel_y,obs_37_vel_z,obs_38_pos_x,obs_38_pos_y,obs_38_pos_z,obs_38_vel_x,obs_38_vel_y,obs_38_vel_z,obs_39_pos_x,obs_39_pos_y,obs_39_pos_z,obs_39_vel_x,obs_39_vel_y,obs_39_vel_z,obs_40_pos_x,obs_40_pos_y,obs_40_pos_z,obs_40_vel_x,obs_40_vel_y,obs_40_vel_z,obs_41_pos_x,obs_41_pos_y,obs_41_pos_z,obs_41_vel_x,obs_41_vel_y,obs_41_vel_z,obs_42_pos_x,obs_42_pos_y,obs_42_pos_z,obs_42_vel_x,obs_42_vel_y,obs_42_vel_z,obs_43_pos_x,obs_43_pos_y,obs_43_pos_z,obs_43_vel_x,obs_43_vel_y,obs_43_vel_z,obs_44_pos_x,obs_44_pos_y,obs_44_pos_z,obs_44_vel_x,obs_44_vel_y,obs_44_vel_z,obs_45_pos_x,obs_45_pos_y,obs_45_pos_z,obs_45_vel_x,obs_45_vel_y,obs_45_vel_z,obs_46_pos_x,obs_46_pos_y,obs_46_pos_z,obs_46_vel_x,obs_46_vel_y,obs_46_vel_z,obs_47_pos_x,obs_47_pos_y,obs_47_pos_z,obs_47_vel_x,obs_47_vel_y,obs_47_vel_z,obs_48_pos_x,obs_48_pos_y,obs_48_pos_z,obs_48_vel_x,obs_48_vel_y,obs_48_vel_z,obs_49_pos_x,obs_49_pos_y,obs_49_pos_z,obs_49_vel_x,obs_49_vel_y,obs_49_vel_z,obs_50_pos_x,obs_50_pos_y,obs_50_pos_z,obs_50_vel_x,obs_50_vel_y,obs_50_vel_z
3.103947826,-9.99921599999999,-0.0007840000000000001,0.0007840000000000001,0.02800000000036107,-0.028000000000000032,0.028000000000000032,0.028,-0.028,0.028,1.0235419273376465,-0.09759871661663055,0.23743653297424316,4.99999999682464,0.000126003175199996,-0.000126003175199996,7.23,0.47,-1.0,0.0,0.0,0.0,7.23,2.47,-1.0,0.0,0.0,0.0,7.23,4.47,-1.0,0.0,0.0,0.0,7.23,0.47,1.0,0.0,0.0,0.0,7.23,2.47,1.0,0.0,0.0,0.0,7.23,4.47,1.0,0.0,0.0,0.0,1.1,0.2,-1.0,0.0,0.0,0.0,1.1,2.2,-1.0,0.0,0.0,0.0,1.1,4.2,-1.0,0.0,0.0,0.0,1.1,0.2,1.0,0.0,0.0,0.0,1.1,2.2,1.0,0.0,0.0,0.0,1.1,4.2,1.0,0.0,0.0,0.0,2.2,1.74,-1.0,0.0,0.0,0.0,2.2,3.74,-1.0,0.0,0.0,0.0,2.2,1.74,1.0,0.0,0.0,0.0,2.2,3.74,1.0,0.0,0.0,0.0,6.27,-5.45,-1.0,0.0,0.0,0.0,6.27,-3.45,-1.0,0.0,0.0,0.0,6.27,-5.45,1.0,0.0,0.0,0.0,6.27,-3.45,1.0,0.0,0.0,0.0,-3.09,0.7488000000000021,0.23220000000000052,0.0,-0.5199999999999649,-0.12999999999999123,-3.09,2.7488000000000086,0.23220000000000052,0.0,-0.5199999999998539,-0.12999999999999123,0,0,0,0,0,0,0,0,0,0,0,0,0,0,0,0,0,0,0,0,0,0,0,0,0,0,0,0,0,0,0,0,0,0,0,0,0,0,0,0,0,0,0,0,0,0,0,0,0,0,0,0,0,0,0,0,0,0,0,0,0,0,0,0,0,0,0,0,0,0,0,0,0,0,0,0,0,0,0,0,0,0,0,0,0,0,0,0,0,0,0,0,0,0,0,0,0,0,0,0,0,0,0,0,0,0,0,0,0,0,0,0,0,0,0,0,0,0,0,0,0,0,0,0,0,0,0,0,0,0,0,0,0,0,0,0,0,0,0,0,0,0,0,0,0,0,0,0,0,0,0,0,0,0,0,0,0,0,0,0,0,0,0,0,0,0,0,0
3.20242432,-9.994455999999982,-0.005544000000000002,0.005544000000000002,0.09999999999976694,-0.10000000000000028,0.10000000000000028,0.09999999999999999,-0.09999999999999999,0.09999999999999999,1.0422556400299072,-0.16378603875637054,0.3286895155906677,4.999999901551931,0.0007015984204461252,-0.0007015984204461252,7.23,0.47,-1.0,0.0,0.0,0.0,7.23,2.47,-1.0,0.0,0.0,0.0,7.23,4.47,-1.0,0.0,0.0,0.0,7.23,0.47,1.0,0.0,0.0,0.0,7.23,2.47,1.0,0.0,0.0,0.0,7.23,4.47,1.0,0.0,0.0,0.0,1.1,0.2,-1.0,0.0,0.0,0.0,1.1,2.2,-1.0,0.0,0.0,0.0,1.1,4.2,-1.0,0.0,0.0,0.0,1.1,0.2,1.0,0.0,0.0,0.0,1.1,2.2,1.0,0.0,0.0,0.0,1.1,4.2,1.0,0.0,0.0,0.0,2.2,1.74,-1.0,0.0,0.0,0.0,2.2,3.74,-1.0,0.0,0.0,0.0,2.2,1.74,1.0,0.0,0.0,0.0,2.2,3.74,1.0,0.0,0.0,0.0,6.27,-5.45,-1.0,0.0,0.0,0.0,6.27,-3.45,-1.0,0.0,0.0,0.0,6.27,-5.45,1.0,0.0,0.0,0.0,6.27,-3.45,1.0,0.0,0.0,0.0,-3.09,0.7072000000000049,0.22180000000000122,0.0,-0.5199999999999649,-0.12999999999999123,-3.09,2.7072000000000203,0.22180000000000122,0.0,-0.5199999999998539,-0.12999999999999123,0,0,0,0,0,0,0,0,0,0,0,0,0,0,0,0,0,0,0,0,0,0,0,0,0,0,0,0,0,0,0,0,0,0,0,0,0,0,0,0,0,0,0,0,0,0,0,0,0,0,0,0,0,0,0,0,0,0,0,0,0,0,0,0,0,0,0,0,0,0,0,0,0,0,0,0,0,0,0,0,0,0,0,0,0,0,0,0,0,0,0,0,0,0,0,0,0,0,0,0,0,0,0,0,0,0,0,0,0,0,0,0,0,0,0,0,0,0,0,0,0,0,0,0,0,0,0,0,0,0,0,0,0,0,0,0,0,0,0,0,0,0,0,0,0,0,0,0,0,0,0,0,0,0,0,0,0,0,0,0,0,0,0,0,0,0,0,0
3.301110476,-9.98672800000001,-0.013272000000000006,0.013272000000000006,0.17199999999917281,-0.17200000000000024,0.17200000000000024,0.172,-0.172,0.172,1.115136742591858,-0.23534128069877625,0.5686639547348022,4.999998660100569,0.0025883385130827043,-0.0025883385130827043,7.23,0.47,-1.0,0.0,0.0,0.0,7.23,2.47,-1.0,0.0,0.0,0.0,7.23,4.47,-1.0,0.0,0.0,0.0,7.23,0.47,1.0,0.0,0.0,0.0,7.23,2.47,1.0,0.0,0.0,0.0,7.23,4.47,1.0,0.0,0.0,0.0,1.1,0.2,-1.0,0.0,0.0,0.0,1.1,2.2,-1.0,0.0,0.0,0.0,1.1,4.2,-1.0,0.0,0.0,0.0,1.1,0.2,1.0,0.0,0.0,0.0,1.1,2.2,1.0,0.0,0.0,0.0,1.1,4.2,1.0,0.0,0.0,0.0,2.2,1.74,-1.0,0.0,0.0,0.0,2.2,3.74,-1.0,0.0,0.0,0.0,2.2,1.74,1.0,0.0,0.0,0.0,2.2,3.74,1.0,0.0,0.0,0.0,6.27,-5.45,-1.0,0.0,0.0,0.0,6.27,-3.45,-1.0,0.0,0.0,0.0,6.27,-5.45,1.0,0.0,0.0,0.0,6.27,-3.45,1.0,0.0,0.0,0.0,-3.09,0.676000000000007,0.21400000000000174,0.0,-0.5199999999999649,-0.12999999999999123,-3.09,2.676000000000029,0.21400000000000174,0.0,-0.5199999999998539,-0.12999999999999123,0,0,0,0,0,0,0,0,0,0,0,0,0,0,0,0,0,0,0,0,0,0,0,0,0,0,0,0,0,0,0,0,0,0,0,0,0,0,0,0,0,0,0,0,0,0,0,0,0,0,0,0,0,0,0,0,0,0,0,0,0,0,0,0,0,0,0,0,0,0,0,0,0,0,0,0,0,0,0,0,0,0,0,0,0,0,0,0,0,0,0,0,0,0,0,0,0,0,0,0,0,0,0,0,0,0,0,0,0,0,0,0,0,0,0,0,0,0,0,0,0,0,0,0,0,0,0,0,0,0,0,0,0,0,0,0,0,0,0,0,0,0,0,0,0,0,0,0,0,0,0,0,0,0,0,0,0,0,0,0,0,0,0,0,0,0,0,0
3.400824366,-9.974744000000054,-0.024218270957946816,0.02525599999999994,0.22399999999933584,-0.19157096743583832,0.22399999999999848,0.22399999999999998,-0.1915709674358368,0.22399999999999998,1.2168166637420654,-0.1915709674358368,0.8221798539161682,4.999995645480305,0.004641702616153608,-0.00469039175409607,7.23,0.47,-1.0,0.0,0.0,0.0,7.23,2.47,-1.0,0.0,0.0,0.0,7.23,4.47,-1.0,0.0,0.0,0.0,7.23,0.47,1.0,0.0,0.0,0.0,7.23,2.47,1.0,0.0,0.0,0.0,7.23,4.47,1.0,0.0,0.0,0.0,1.1,0.2,-1.0,0.0,0.0,0.0,1.1,2.2,-1.0,0.0,0.0,0.0,1.1,4.2,-1.0,0.0,0.0,0.0,1.1,0.2,1.0,0.0,0.0,0.0,1.1,2.2,1.0,0.0,0.0,0.0,1.1,4.2,1.0,0.0,0.0,0.0,2.2,1.74,-1.0,0.0,0.0,0.0,2.2,3.74,-1.0,0.0,0.0,0.0,2.2,1.74,1.0,0.0,0.0,0.0,2.2,3.74,1.0,0.0,0.0,0.0,6.27,-5.45,-1.0,0.0,0.0,0.0,6.27,-3.45,-1.0,0.0,0.0,0.0,6.27,-5.45,1.0,0.0,0.0,0.0,6.27,-3.45,1.0,0.0,0.0,0.0,-3.09,0.6448000000000091,0.20620000000000227,0.0,-0.5199999999999649,-0.12999999999999123,-3.09,2.644800000000038,0.20620000000000227,0.0,-0.5199999999998539,-0.12999999999999123,0,0,0,0,0,0,0,0,0,0,0,0,0,0,0,0,0,0,0,0,0,0,0,0,0,0,0,0,0,0,0,0,0,0,0,0,0,0,0,0,0,0,0,0,0,0,0,0,0,0,0,0,0,0,0,0,0,0,0,0,0,0,0,0,0,0,0,0,0,0,0,0,0,0,0,0,0,0,0,0,0,0,0,0,0,0,0,0,0,0,0,0,0,0,0,0,0,0,0,0,0,0,0,0,0,0,0,0,0,0,0,0,0,0,0,0,0,0,0,0,0,0,0,0,0,0,0,0,0,0,0,0,0,0,0,0,0,0,0,0,0,0,0,0,0,0,0,0,0,0,0,0,0,0,0,0,0,0,0,0,0,0,0,0,0,0,0,0
3.501231021,-9.959357000000086,-0.035486520171642416,0.04064299999999985,0.28299999999958914,-0.1847222149372121,0.28299999999999853,0.283,-0.18472221493721008,0.283,1.3187038898468018,-0.18472221493721008,1.0153744220733643,4.999987820686559,0.007492324946109194,-0.008102965690087699,7.23,0.47,-1.0,0.0,0.0,0.0,7.23,2.47,-1.0,0.0,0.0,0.0,7.23,4.47,-1.0,0.0,0.0,0.0,7.23,0.47,1.0,0.0,0.0,0.0,7.23,2.47,1.0,0.0,0.0,0.0,7.23,4.47,1.0,0.0,0.0,0.0,1.1,0.2,-1.0,0.0,0.0,0.0,1.1,2.2,-1.0,0.0,0.0,0.0,1.1,4.2,-1.0,0.0,0.0,0.0,1.1,0.2,1.0,0.0,0.0,0.0,1.1,2.2,1.0,0.0,0.0,0.0,1.1,4.2,1.0,0.0,0.0,0.0,2.2,1.74,-1.0,0.0,0.0,0.0,2.2,3.74,-1.0,0.0,0.0,0.0,2.2,1.74,1.0,0.0,0.0,0.0,2.2,3.74,1.0,0.0,0.0,0.0,6.27,-5.45,-1.0,0.0,0.0,0.0,6.27,-3.45,-1.0,0.0,0.0,0.0,6.27,-5.45,1.0,0.0,0.0,0.0,6.27,-3.45,1.0,0.0,0.0,0.0,-3.09,0.6136000000000112,0.1984000000000028,0.0,-0.5199999999999649,-0.12999999999999123,-3.09,2.6136000000000466,0.1984000000000028,0.0,-0.5199999999998539,-0.12999999999999123,0,0,0,0,0,0,0,0,0,0,0,0,0,0,0,0,0,0,0,0,0,0,0,0,0,0,0,0,0,0,0,0,0,0,0,0,0,0,0,0,0,0,0,0,0,0,0,0,0,0,0,0,0,0,0,0,0,0,0,0,0,0,0,0,0,0,0,0,0,0,0,0,0,0,0,0,0,0,0,0,0,0,0,0,0,0,0,0,0,0,0,0,0,0,0,0,0,0,0,0,0,0,0,0,0,0,0,0,0,0,0,0,0,0,0,0,0,0,0,0,0,0,0,0,0,0,0,0,0,0,0,0,0,0,0,0,0,0,0,0,0,0,0,0,0,0,0,0,0,0,0,0,0,0,0,0,0,0,0,0,0,0,0,0,0,0,0,0
3.604084753,-9.940325000000094,-0.04687053662586234,0.05967499999999971,0.3370000000000317,-0.19263494014740146,0.336999999999997,0.33699999999999997,-0.1926349401473999,0.33699999999999997,1.4681273698806763,-0.1926349401473999,1.231845736503601,4.999975732041993,0.010010876915039022,-0.011935716757973551,7.23,0.47,-1.0,0.0,0.0,0.0,7.23,2.47,-1.0,0.0,0.0,0.0,7.23,4.47,-1.0,0.0,0.0,0.0,7.23,0.47,1.0,0.0,0.0,0.0,7.23,2.47,1.0,0.0,0.0,0.0,7.23,4.47,1.0,0.0,0.0,0.0,1.1,0.2,-1.0,0.0,0.0,0.0,1.1,2.2,-1.0,0.0,0.0,0.0,1.1,4.2,-1.0,0.0,0.0,0.0,1.1,0.2,1.0,0.0,0.0,0.0,1.1,2.2,1.0,0.0,0.0,0.0,1.1,4.2,1.0,0.0,0.0,0.0,2.2,1.74,-1.0,0.0,0.0,0.0,2.2,3.74,-1.0,0.0,0.0,0.0,2.2,1.74,1.0,0.0,0.0,0.0,2.2,3.74,1.0,0.0,0.0,0.0,6.27,-5.45,-1.0,0.0,0.0,0.0,6.27,-3.45,-1.0,0.0,0.0,0.0,6.27,-5.45,1.0,0.0,0.0,0.0,6.27,-3.45,1.0,0.0,0.0,0.0,-3.09,0.5824000000000134,0.19060000000000332,0.0,-0.5199999999999649,-0.12999999999999123,-3.09,2.5824000000000553,0.19060000000000332,0.0,-0.5199999999998539,-0.12999999999999123,0,0,0,0,0,0,0,0,0,0,0,0,0,0,0,0,0,0,0,0,0,0,0,0,0,0,0,0,0,0,0,0,0,0,0,0,0,0,0,0,0,0,0,0,0,0,0,0,0,0,0,0,0,0,0,0,0,0,0,0,0,0,0,0,0,0,0,0,0,0,0,0,0,0,0,0,0,0,0,0,0,0,0,0,0,0,0,0,0,0,0,0,0,0,0,0,0,0,0,0,0,0,0,0,0,0,0,0,0,0,0,0,0,0,0,0,0,0,0,0,0,0,0,0,0,0,0,0,0,0,0,0,0,0,0,0,0,0,0,0,0,0,0,0,0,0,0,0,0,0,0,0,0,0,0,0,0,0,0,0,0,0,0,0,0,0,0,0
3.701433859,-9.910035000000105,-0.06249286760437513,0.08996499999999955,0.41099999999971715,-0.1973357349634164,0.4109999999999947,0.411,-0.19733573496341705,0.411,1.6453030109405518,-0.19733573496341705,1.4274671077728271,4.999946674693755,0.013749877931198879,-0.018552387332498504,7.23,0.47,-1.0,0.0,0.0,0.0,7.23,2.47,-1.0,0.0,0.0,0.0,7.23,4.47,-1.0,0.0,0.0,0.0,7.23,0.47,1.0,0.0,0.0,0.0,7.23,2.47,1.0,0.0,0.0,0.0,7.23,4.47,1.0,0.0,0.0,0.0,1.1,0.2,-1.0,0.0,0.0,0.0,1.1,2.2,-1.0,0.0,0.0,0.0,1.1,4.2,-1.0,0.0,0.0,0.0,1.1,0.2,1.0,0.0,0.0,0.0,1.1,2.2,1.0,0.0,0.0,0.0,1.1,4.2,1.0,0.0,0.0,0.0,2.2,1.74,-1.0,0.0,0.0,0.0,2.2,3.74,-1.0,0.0,0.0,0.0,2.2,1.74,1.0,0.0,0.0,0.0,2.2,3.74,1.0,0.0,0.0,0.0,6.27,-5.45,-1.0,0.0,0.0,0.0,6.27,-3.45,-1.0,0.0,0.0,0.0,6.27,-5.45,1.0,0.0,0.0,0.0,6.27,-3.45,1.0,0.0,0.0,0.0,-3.09,0.5408000000000162,0.18020000000000402,0.0,-0.5199999999999649,-0.12999999999999123,-3.09,2.540800000000067,0.18020000000000402,0.0,-0.5199999999998539,-0.12999999999999123,0,0,0,0,0,0,0,0,0,0,0,0,0,0,0,0,0,0,0,0,0,0,0,0,0,0,0,0,0,0,0,0,0,0,0,0,0,0,0,0,0,0,0,0,0,0,0,0,0,0,0,0,0,0,0,0,0,0,0,0,0,0,0,0,0,0,0,0,0,0,0,0,0,0,0,0,0,0,0,0,0,0,0,0,0,0,0,0,0,0,0,0,0,0,0,0,0,0,0,0,0,0,0,0,0,0,0,0,0,0,0,0,0,0,0,0,0,0,0,0,0,0,0,0,0,0,0,0,0,0,0,0,0,0,0,0,0,0,0,0,0,0,0,0,0,0,0,0,0,0,0,0,0,0,0,0,0,0,0,0,0,0,0,0,0,0,0,0
3.801887472,-9.87345900000008,-0.07854175461876424,0.12654099999999943,0.4880000000007101,-0.2027946561574956,0.4879999999999967,0.488,-0.2027946561574936,0.488,1.9461824893951416,-0.2027946561574936,1.6670118570327759,4.999897087723714,0.017651314034926396,-0.026786998427737345,7.23,0.47,-1.0,0.0,0.0,0.0,7.23,2.47,-1.0,0.0,0.0,0.0,7.23,4.47,-1.0,0.0,0.0,0.0,7.23,0.47,1.0,0.0,0.0,0.0,7.23,2.47,1.0,0.0,0.0,0.0,7.23,4.47,1.0,0.0,0.0,0.0,1.1,0.2,-1.0,0.0,0.0,0.0,1.1,2.2,-1.0,0.0,0.0,0.0,1.1,4.2,-1.0,0.0,0.0,0.0,1.1,0.2,1.0,0.0,0.0,0.0,1.1,2.2,1.0,0.0,0.0,0.0,1.1,4.2,1.0,0.0,0.0,0.0,2.2,1.74,-1.0,0.0,0.0,0.0,2.2,3.74,-1.0,0.0,0.0,0.0,2.2,1.74,1.0,0.0,0.0,0.0,2.2,3.74,1.0,0.0,0.0,0.0,6.27,-5.45,-1.0,0.0,0.0,0.0,6.27,-3.45,-1.0,0.0,0.0,0.0,6.27,-5.45,1.0,0.0,0.0,0.0,6.27,-3.45,1.0,0.0,0.0,0.0,-3.09,0.49920000000001885,0.16980000000000472,0.0,-0.5199999999999761,-0.12999999999999123,-3.09,2.4992000000000787,0.16980000000000472,0.0,-0.5199999999998539,-0.12999999999999123,0,0,0,0,0,0,0,0,0,0,0,0,0,0,0,0,0,0,0,0,0,0,0,0,0,0,0,0,0,0,0,0,0,0,0,0,0,0,0,0,0,0,0,0,0,0,0,0,0,0,0,0,0,0,0,0,0,0,0,0,0,0,0,0,0,0,0,0,0,0,0,0,0,0,0,0,0,0,0,0,0,0,0,0,0,0,0,0,0,0,0,0,0,0,0,0,0,0,0,0,0,0,0,0,0,0,0,0,0,0,0,0,0,0,0,0,0,0,0,0,0,0,0,0,0,0,0,0,0,0,0,0,0,0,0,0,0,0,0,0,0,0,0,0,0,0,0,0,0,0,0,0,0,0,0,0,0,0,0,0,0,0,0,0,0,0,0,0
3.924752495,-9.85316900000006,-0.08670176519501242,0.14683099999999918,0.5649999999999267,-0.20761708915233162,0.56500000000001,0.565,-0.20761708915233612,0.565,2.0925421714782715,-0.20761708915233612,1.5265703201293945,4.999826358905743,0.021364780121256866,-0.03577606688432847,7.23,0.47,-1.0,0.0,0.0,0.0,7.23,2.47,-1.0,0.0,0.0,0.0,7.23,4.47,-1.0,0.0,0.0,0.0,7.23,0.47,1.0,0.0,0.0,0.0,7.23,2.47,1.0,0.0,0.0,0.0,7.23,4.47,1.0,0.0,0.0,0.0,1.1,0.2,-1.0,0.0,0.0,0.0,1.1,2.2,-1.0,0.0,0.0,0.0,1.1,4.2,-1.0,0.0,0.0,0.0,1.1,0.2,1.0,0.0,0.0,0.0,1.1,2.2,1.0,0.0,0.0,0.0,1.1,4.2,1.0,0.0,0.0,0.0,2.2,1.74,-1.0,0.0,0.0,0.0,2.2,3.74,-1.0,0.0,0.0,0.0,2.2,1.74,1.0,0.0,0.0,0.0,2.2,3.74,1.0,0.0,0.0,0.0,6.27,-5.45,-1.0,0.0,0.0,0.0,6.27,-3.45,-1.0,0.0,0.0,0.0,6.27,-5.45,1.0,0.0,0.0,0.0,6.27,-3.45,1.0,0.0,0.0,0.0,-3.09,0.4680000000000176,0.16200000000000525,0.0,-0.5200000000000206,-0.12999999999999123,-3.09,2.4680000000000875,0.16200000000000525,0.0,-0.5199999999998539,-0.12999999999999123,0,0,0,0,0,0,0,0,0,0,0,0,0,0,0,0,0,0,0,0,0,0,0,0,0,0,0,0,0,0,0,0,0,0,0,0,0,0,0,0,0,0,0,0,0,0,0,0,0,0,0,0,0,0,0,0,0,0,0,0,0,0,0,0,0,0,0,0,0,0,0,0,0,0,0,0,0,0,0,0,0,0,0,0,0,0,0,0,0,0,0,0,0,0,0,0,0,0,0,0,0,0,0,0,0,0,0,0,0,0,0,0,0,0,0,0,0,0,0,0,0,0,0,0,0,0,0,0,0,0,0,0,0,0,0,0,0,0,0,0,0,0,0,0,0,0,0,0,0,0,0,0,0,0,0,0,0,0,0,0,0,0,0,0,0,0,0,0
4.001660854,-9.830191000000058,-0.0950155099337103,0.16980899999999946,0.6028000000004141,-0.20852320641279318,0.6027999999999979,0.607,-0.20862388610839844,0.607,2.0987322330474854,-0.20862388610839844,1.2438853979110718,4.999769861459797,0.023584097988588182,-0.0417746664898756,7.23,0.47,-1.0,0.0,0.0,0.0,7.23,2.47,-1.0,0.0,0.0,0.0,7.23,4.47,-1.0,0.0,0.0,0.0,7.23,0.47,1.0,0.0,0.0,0.0,7.23,2.47,1.0,0.0,0.0,0.0,7.23,4.47,1.0,0.0,0.0,0.0,1.1,0.2,-1.0,0.0,0.0,0.0,1.1,2.2,-1.0,0.0,0.0,0.0,1.1,4.2,-1.0,0.0,0.0,0.0,1.1,0.2,1.0,0.0,0.0,0.0,1.1,2.2,1.0,0.0,0.0,0.0,1.1,4.2,1.0,0.0,0.0,0.0,2.2,1.74,-1.0,0.0,0.0,0.0,2.2,3.74,-1.0,0.0,0.0,0.0,2.2,1.74,1.0,0.0,0.0,0.0,2.2,3.74,1.0,0.0,0.0,0.0,6.27,-5.45,-1.0,0.0,0.0,0.0,6.27,-3.45,-1.0,0.0,0.0,0.0,6.27,-5.45,1.0,0.0,0.0,0.0,6.27,-3.45,1.0,0.0,0.0,0.0,-3.09,0.4576000000000172,0.15940000000000543,0.0,-0.5200000000000206,-0.12999999999999123,-3.09,2.4576000000000904,0.15940000000000543,0.0,-0.5199999999998539,-0.12999999999999123,0,0,0,0,0,0,0,0,0,0,0,0,0,0,0,0,0,0,0,0,0,0,0,0,0,0,0,0,0,0,0,0,0,0,0,0,0,0,0,0,0,0,0,0,0,0,0,0,0,0,0,0,0,0,0,0,0,0,0,0,0,0,0,0,0,0,0,0,0,0,0,0,0,0,0,0,0,0,0,0,0,0,0,0,0,0,0,0,0,0,0,0,0,0,0,0,0,0,0,0,0,0,0,0,0,0,0,0,0,0,0,0,0,0,0,0,0,0,0,0,0,0,0,0,0,0,0,0,0,0,0,0,0,0,0,0,0,0,0,0,0,0,0,0,0,0,0,0,0,0,0,0,0,0,0,0,0,0,0,0,0,0,0,0,0,0,0,0
4.103824572,-9.80537100000006,-0.10390046537804634,0.19462899999999936,0.6369999999993325,-0.23862388610840224,0.6369999999999987,0.637,-0.23862388610839844,0.637,2.1078460216522217,-0.25109001994132996,1.1283049583435059,4.999769861459797,0.023584097988588182,-0.0417746664898756,7.23,0.47,-1.0,0.0,0.0,0.0,7.23,2.47,-1.0,0.0,0.0,0.0,7.23,4.47,-1.0,0.0,0.0,0.0,7.23,0.47,1.0,0.0,0.0,0.0,7.23,2.47,1.0,0.0,0.0,0.0,7.23,4.47,1.0,0.0,0.0,0.0,1.1,0.2,-1.0,0.0,0.0,0.0,1.1,2.2,-1.0,0.0,0.0,0.0,1.1,4.2,-1.0,0.0,0.0,0.0,1.1,0.2,1.0,0.0,0.0,0.0,1.1,2.2,1.0,0.0,0.0,0.0,1.1,4.2,1.0,0.0,0.0,0.0,2.2,1.74,-1.0,0.0,0.0,0.0,2.2,3.74,-1.0,0.0,0.0,0.0,2.2,1.74,1.0,0.0,0.0,0.0,2.2,3.74,1.0,0.0,0.0,0.0,6.27,-5.45,-1.0,0.0,0.0,0.0,6.27,-3.45,-1.0,0.0,0.0,0.0,6.27,-5.45,1.0,0.0,0.0,0.0,6.27,-3.45,1.0,0.0,0.0,0.0,-3.09,0.4472000000000168,0.1568000000000056,0.0,-0.5200000000000206,-0.12999999999999123,-3.09,2.4368000000000962,0.15420000000000578,0.0,-0.5199999999998539,-0.12999999999999123,0,0,0,0,0,0,0,0,0,0,0,0,0,0,0,0,0,0,0,0,0,0,0,0,0,0,0,0,0,0,0,0,0,0,0,0,0,0,0,0,0,0,0,0,0,0,0,0,0,0,0,0,0,0,0,0,0,0,0,0,0,0,0,0,0,0,0,0,0,0,0,0,0,0,0,0,0,0,0,0,0,0,0,0,0,0,0,0,0,0,0,0,0,0,0,0,0,0,0,0,0,0,0,0,0,0,0,0,0,0,0,0,0,0,0,0,0,0,0,0,0,0,0,0,0,0,0,0,0,0,0,0,0,0,0,0,0,0,0,0,0,0,0,0,0,0,0,0,0,0,0,0,0,0,0,0,0,0,0,0,0,0,0,0,0,0,0,0
4.2020156,-9.779051000000075,-0.11428542082238227,0.22094899999999948,0.6719999999997839,-0.27362388610839566,0.6720000000000059,0.672,-0.27362388610839844,0.672,2.1532063484191895,-0.37017470598220825,1.1116005182266235,4.999651743749858,0.02742358837157683,-0.052253114929535285,7.23,0.47,-1.0,0.0,0.0,0.0,7.23,2.47,-1.0,0.0,0.0,0.0,7.23,4.47,-1.0,0.0,0.0,0.0,7.23,0.47,1.0,0.0,0.0,0.0,7.23,2.47,1.0,0.0,0.0,0.0,7.23,4.47,1.0,0.0,0.0,0.0,1.1,0.2,-1.0,0.0,0.0,0.0,1.1,2.2,-1.0,0.0,0.0,0.0,1.1,4.2,-1.0,0.0,0.0,0.0,1.1,0.2,1.0,0.0,0.0,0.0,1.1,2.2,1.0,0.0,0.0,0.0,1.1,4.2,1.0,0.0,0.0,0.0,2.2,1.74,-1.0,0.0,0.0,0.0,2.2,3.74,-1.0,0.0,0.0,0.0,2.2,1.74,1.0,0.0,0.0,0.0,2.2,3.74,1.0,0.0,0.0,0.0,6.27,-5.45,-1.0,0.0,0.0,0.0,6.27,-3.45,-1.0,0.0,0.0,0.0,6.27,-5.45,1.0,0.0,0.0,0.0,6.27,-3.45,1.0,0.0,0.0,0.0,-3.09,0.4160000000000156,0.14900000000000613,0.0,-0.5200000000000206,-0.12999999999999123,-3.09,2.416000000000102,0.14900000000000613,0.0,-0.5199999999998539,-0.12999999999999123,0,0,0,0,0,0,0,0,0,0,0,0,0,0,0,0,0,0,0,0,0,0,0,0,0,0,0,0,0,0,0,0,0,0,0,0,0,0,0,0,0,0,0,0,0,0,0,0,0,0,0,0,0,0,0,0,0,0,0,0,0,0,0,0,0,0,0,0,0,0,0,0,0,0,0,0,0,0,0,0,0,0,0,0,0,0,0,0,0,0,0,0,0,0,0,0,0,0,0,0,0,0,0,0,0,0,0,0,0,0,0,0,0,0,0,0,0,0,0,0,0,0,0,0,0,0,0,0,0,0,0,0,0,0,0,0,0,0,0,0,0,0,0,0,0,0,0,0,0,0,0,0,0,0,0,0,0,0,0,0,0,0,0,0,0,0,0,0
4.309503392,-9.751343000000064,-0.12605837626671818,0.24865699999999955,0.7180000000008846,-0.3196238861084,0.7179999999999964,0.7180000000000001,-0.3196238861083984,0.7180000000000001,2.211726188659668,-0.5200504064559937,1.074010968208313,4.999553929288089,0.030376837638477386,-0.05947903727463294,7.23,0.47,-1.0,0.0,0.0,0.0,7.23,2.47,-1.0,0.0,0.0,0.0,7.23,4.47,-1.0,0.0,0.0,0.0,7.23,0.47,1.0,0.0,0.0,0.0,7.23,2.47,1.0,0.0,0.0,0.0,7.23,4.47,1.0,0.0,0.0,0.0,1.1,0.2,-1.0,0.0,0.0,0.0,1.1,2.2,-1.0,0.0,0.0,0.0,1.1,4.2,-1.0,0.0,0.0,0.0,1.1,0.2,1.0,0.0,0.0,0.0,1.1,2.2,1.0,0.0,0.0,0.0,1.1,4.2,1.0,0.0,0.0,0.0,2.2,1.74,-1.0,0.0,0.0,0.0,2.2,3.74,-1.0,0.0,0.0,0.0,2.2,1.74,1.0,0.0,0.0,0.0,2.2,3.74,1.0,0.0,0.0,0.0,6.27,-5.45,-1.0,0.0,0.0,0.0,6.27,-3.45,-1.0,0.0,0.0,0.0,6.27,-5.45,1.0,0.0,0.0,0.0,6.27,-3.45,1.0,0.0,0.0,0.0,-3.09,0.39520000000001476,0.14380000000000648,0.0,-0.5200000000000206,-0.12999999999999123,-3.09,2.395200000000108,0.14380000000000648,0.0,-0.5199999999998539,-0.12999999999999123,0,0,0,0,0,0,0,0,0,0,0,0,0,0,0,0,0,0,0,0,0,0,0,0,0,0,0,0,0,0,0,0,0,0,0,0,0,0,0,0,0,0,0,0,0,0,0,0,0,0,0,0,0,0,0,0,0,0,0,0,0,0,0,0,0,0,0,0,0,0,0,0,0,0,0,0,0,0,0,0,0,0,0,0,0,0,0,0,0,0,0,0,0,0,0,0,0,0,0,0,0,0,0,0,0,0,0,0,0,0,0,0,0,0,0,0,0,0,0,0,0,0,0,0,0,0,0,0,0,0,0,0,0,0,0,0,0,0,0,0,0,0,0,0,0,0,0,0,0,0,0,0,0,0,0,0,0,0,0,0,0,0,0,0,0,0,0,0
4.402494223,-9.69164600000004,-0.15388528715539038,0.30835399999999846,0.7789999999996411,-0.3806238861084054,0.7789999999999742,0.7790000000000001,-0.3806238861083984,0.7790000000000001,2.292126417160034,-0.6946970224380493,1.013881802558899,4.999346690134829,0.03615013682993437,-0.0722899678040119,7.23,0.47,-1.0,0.0,0.0,0.0,7.23,2.47,-1.0,0.0,0.0,0.0,7.23,4.47,-1.0,0.0,0.0,0.0,7.23,0.47,1.0,0.0,0.0,0.0,7.23,2.47,1.0,0.0,0.0,0.0,7.23,4.47,1.0,0.0,0.0,0.0,1.1,0.2,-1.0,0.0,0.0,0.0,1.1,2.2,-1.0,0.0,0.0,0.0,1.1,4.2,-1.0,0.0,0.0,0.0,1.1,0.2,1.0,0.0,0.0,0.0,1.1,2.2,1.0,0.0,0.0,0.0,1.1,4.2,1.0,0.0,0.0,0.0,2.2,1.74,-1.0,0.0,0.0,0.0,2.2,3.74,-1.0,0.0,0.0,0.0,2.2,1.74,1.0,0.0,0.0,0.0,2.2,3.74,1.0,0.0,0.0,0.0,6.27,-5.45,-1.0,0.0,0.0,0.0,6.27,-3.45,-1.0,0.0,0.0,0.0,6.27,-5.45,1.0,0.0,0.0,0.0,6.27,-3.45,1.0,0.0,0.0,0.0,-3.09,0.3536000000000131,0.13340000000000718,0.0,-0.5200000000000206,-0.12999999999999123,-3.09,2.3536000000001196,0.13340000000000718,0.0,-0.5199999999998539,-0.12999999999999123,0,0,0,0,0,0,0,0,0,0,0,0,0,0,0,0,0,0,0,0,0,0,0,0,0,0,0,0,0,0,0,0,0,0,0,0,0,0,0,0,0,0,0,0,0,0,0,0,0,0,0,0,0,0,0,0,0,0,0,0,0,0,0,0,0,0,0,0,0,0,0,0,0,0,0,0,0,0,0,0,0,0,0,0,0,0,0,0,0,0,0,0,0,0,0,0,0,0,0,0,0,0,0,0,0,0,0,0,0,0,0,0,0,0,0,0,0,0,0,0,0,0,0,0,0,0,0,0,0,0,0,0,0,0,0,0,0,0,0,0,0,0,0,0,0,0,0,0,0,0,0,0,0,0,0,0,0,0,0,0,0,0,0,0,0,0,0,0
4.502366207,-9.625926000000037,-0.18773519804406205,0.374073999999997,0.8470000000002642,-0.4486238861083901,0.8469999999999869,0.8470000000000002,-0.44862388610839843,0.8470000000000002,2.4622676372528076,-0.7988239526748657,1.1145449876785278,4.999078857240814,0.04285251248968897,-0.08587340252485691,7.23,0.47,-1.0,0.0,0.0,0.0,7.23,2.47,-1.0,0.0,0.0,0.0,7.23,4.47,-1.0,0.0,0.0,0.0,7.23,0.47,1.0,0.0,0.0,0.0,7.23,2.47,1.0,0.0,0.0,0.0,7.23,4.47,1.0,0.0,0.0,0.0,1.1,0.2,-1.0,0.0,0.0,0.0,1.1,2.2,-1.0,0.0,0.0,0.0,1.1,4.2,-1.0,0.0,0.0,0.0,1.1,0.2,1.0,0.0,0.0,0.0,1.1,2.2,1.0,0.0,0.0,0.0,1.1,4.2,1.0,0.0,0.0,0.0,2.2,1.74,-1.0,0.0,0.0,0.0,2.2,3.74,-1.0,0.0,0.0,0.0,2.2,1.74,1.0,0.0,0.0,0.0,2.2,3.74,1.0,0.0,0.0,0.0,6.27,-5.45,-1.0,0.0,0.0,0.0,6.27,-3.45,-1.0,0.0,0.0,0.0,6.27,-5.45,1.0,0.0,0.0,0.0,6.27,-3.45,1.0,0.0,0.0,0.0,-3.09,0.3120000000000115,0.12300000000000766,0.0,-0.5200000000000206,-0.13000000000000514,-3.09,2.3120000000001313,0.12300000000000766,0.0,-0.5199999999998539,-0.13000000000000514,0,0,0,0,0,0,0,0,0,0,0,0,0,0,0,0,0,0,0,0,0,0,0,0,0,0,0,0,0,0,0,0,0,0,0,0,0,0,0,0,0,0,0,0,0,0,0,0,0,0,0,0,0,0,0,0,0,0,0,0,0,0,0,0,0,0,0,0,0,0,0,0,0,0,0,0,0,0,0,0,0,0,0,0,0,0,0,0,0,0,0,0,0,0,0,0,0,0,0,0,0,0,0,0,0,0,0,0,0,0,0,0,0,0,0,0,0,0,0,0,0,0,0,0,0,0,0,0,0,0,0,0,0,0,0,0,0,0,0,0,0,0,0,0,0,0,0,0,0,0,0,0,0,0,0,0,0,0,0,0,0,0,0,0,0,0,0,0
4.605942369,-9.554116000000073,-0.22767510893273432,0.4458839999999955,0.9219999999992012,-0.5236238861084096,0.9219999999999786,0.9220000000000002,-0.5236238861083984,0.9220000000000002,2.6875412464141846,-0.8996980786323547,1.2087953090667725,4.998676020294278,0.051835852796777965,-0.10271849151828687,7.23,0.47,-1.0,0.0,0.0,0.0,7.23,2.47,-1.0,0.0,0.0,0.0,7.23,4.47,-1.0,0.0,0.0,0.0,7.23,0.47,1.0,0.0,0.0,0.0,7.23,2.47,1.0,0.0,0.0,0.0,7.23,4.47,1.0,0.0,0.0,0.0,1.1,0.2,-1.0,0.0,0.0,0.0,1.1,2.2,-1.0,0.0,0.0,0.0,1.1,4.2,-1.0,0.0,0.0,0.0,1.1,0.2,1.0,0.0,0.0,0.0,1.1,2.2,1.0,0.0,0.0,0.0,1.1,4.2,1.0,0.0,0.0,0.0,2.2,1.74,-1.0,0.0,0.0,0.0,2.2,3.74,-1.0,0.0,0.0,0.0,2.2,1.74,1.0,0.0,0.0,0.0,2.2,3.74,1.0,0.0,0.0,0.0,6.27,-5.45,-1.0,0.0,0.0,0.0,6.27,-3.45,-1.0,0.0,0.0,0.0,6.27,-5.45,1.0,0.0,0.0,0.0,6.27,-3.45,1.0,0.0,0.0,0.0,-3.09,0.27040000000000985,0.11260000000000725,0.0,-0.5200000000000206,-0.13000000000000514,-3.09,2.270400000000143,0.11260000000000725,0.0,-0.5199999999998539,-0.13000000000000514,0,0,0,0,0,0,0,0,0,0,0,0,0,0,0,0,0,0,0,0,0,0,0,0,0,0,0,0,0,0,0,0,0,0,0,0,0,0,0,0,0,0,0,0,0,0,0,0,0,0,0,0,0,0,0,0,0,0,0,0,0,0,0,0,0,0,0,0,0,0,0,0,0,0,0,0,0,0,0,0,0,0,0,0,0,0,0,0,0,0,0,0,0,0,0,0,0,0,0,0,0,0,0,0,0,0,0,0,0,0,0,0,0,0,0,0,0,0,0,0,0,0,0,0,0,0,0,0,0,0,0,0,0,0,0,0,0,0,0,0,0,0,0,0,0,0,0,0,0,0,0,0,0,0,0,0,0,0,0,0,0,0,0,0,0,0,0,0
4.701462714,-9.495946000000094,-0.26194254209923806,0.504053999999996,0.9969999999999146,-0.5986238861083738,0.9970000000000254,0.9970000000000001,-0.5986238861083983,0.9970000000000001,2.9613826274871826,-0.9814940094947815,1.2748185396194458,4.998176728762177,0.06170156089601135,-0.12009290338408446,7.23,0.47,-1.0,0.0,0.0,0.0,7.23,2.47,-1.0,0.0,0.0,0.0,7.23,4.47,-1.0,0.0,0.0,0.0,7.23,0.47,1.0,0.0,0.0,0.0,7.23,2.47,1.0,0.0,0.0,0.0,7.23,4.47,1.0,0.0,0.0,0.0,1.1,0.2,-1.0,0.0,0.0,0.0,1.1,2.2,-1.0,0.0,0.0,0.0,1.1,4.2,-1.0,0.0,0.0,0.0,1.1,0.2,1.0,0.0,0.0,0.0,1.1,2.2,1.0,0.0,0.0,0.0,1.1,4.2,1.0,0.0,0.0,0.0,2.2,1.74,-1.0,0.0,0.0,0.0,2.2,3.74,-1.0,0.0,0.0,0.0,2.2,1.74,1.0,0.0,0.0,0.0,2.2,3.74,1.0,0.0,0.0,0.0,6.27,-5.45,-1.0,0.0,0.0,0.0,6.27,-3.45,-1.0,0.0,0.0,0.0,6.27,-5.45,1.0,0.0,0.0,0.0,6.27,-3.45,1.0,0.0,0.0,0.0,-3.09,0.2392000000000092,0.10480000000000694,0.0,-0.5199999999999926,-0.13000000000000514,-3.09,2.2392000000001517,0.10480000000000694,0.0,-0.5199999999998539,-0.13000000000000514,0,0,0,0,0,0,0,0,0,0,0,0,0,0,0,0,0,0,0,0,0,0,0,0,0,0,0,0,0,0,0,0,0,0,0,0,0,0,0,0,0,0,0,0,0,0,0,0,0,0,0,0,0,0,0,0,0,0,0,0,0,0,0,0,0,0,0,0,0,0,0,0,0,0,0,0,0,0,0,0,0,0,0,0,0,0,0,0,0,0,0,0,0,0,0,0,0,0,0,0,0,0,0,0,0,0,0,0,0,0,0,0,0,0,0,0,0,0,0,0,0,0,0,0,0,0,0,0,0,0,0,0,0,0,0,0,0,0,0,0,0,0,0,0,0,0,0,0,0,0,0,0,0,0,0,0,0,0,0,0,0,0,0,0,0,0,0,0
4.802567271,-9.412874000000128,-0.3131444529879087,0.5871259999999963,1.0689999999993205,-0.6706238861083902,1.0689999999999866,1.0690000000000002,-0.6706238861083983,1.0690000000000002,3.2337775230407715,-1.0213690996170044,1.2961273193359375,4.997503248429027,0.07354592603163515,-0.13982946293779402,7.23,0.47,-1.0,0.0,0.0,0.0,7.23,2.47,-1.0,0.0,0.0,0.0,7.23,4.47,-1.0,0.0,0.0,0.0,7.23,0.47,1.0,0.0,0.0,0.0,7.23,2.47,1.0,0.0,0.0,0.0,7.23,4.47,1.0,0.0,0.0,0.0,1.1,0.2,-1.0,0.0,0.0,0.0,1.1,2.2,-1.0,0.0,0.0,0.0,1.1,4.2,-1.0,0.0,0.0,0.0,1.1,0.2,1.0,0.0,0.0,0.0,1.1,2.2,1.0,0.0,0.0,0.0,1.1,4.2,1.0,0.0,0.0,0.0,2.2,1.74,-1.0,0.0,0.0,0.0,2.2,3.74,-1.0,0.0,0.0,0.0,2.2,1.74,1.0,0.0,0.0,0.0,2.2,3.74,1.0,0.0,0.0,0.0,6.27,-5.45,-1.0,0.0,0.0,0.0,6.27,-3.45,-1.0,0.0,0.0,0.0,6.27,-5.45,1.0,0.0,0.0,0.0,6.27,-3.45,1.0,0.0,0.0,0.0,-3.09,0.1976000000000098,0.09440000000000653,0.0,-0.5199999999999926,-0.13000000000000514,-3.09,2.1976000000001634,0.09440000000000653,0.0,-0.5199999999998539,-0.13000000000000514,0,0,0,0,0,0,0,0,0,0,0,0,0,0,0,0,0,0,0,0,0,0,0,0,0,0,0,0,0,0,0,0,0,0,0,0,0,0,0,0,0,0,0,0,0,0,0,0,0,0,0,0,0,0,0,0,0,0,0,0,0,0,0,0,0,0,0,0,0,0,0,0,0,0,0,0,0,0,0,0,0,0,0,0,0,0,0,0,0,0,0,0,0,0,0,0,0,0,0,0,0,0,0,0,0,0,0,0,0,0,0,0,0,0,0,0,0,0,0,0,0,0,0,0,0,0,0,0,0,0,0,0,0,0,0,0,0,0,0,0,0,0,0,0,0,0,0,0,0,0,0,0,0,0,0,0,0,0,0,0,0,0,0,0,0,0,0,0
4.902806495,-9.346334000000146,-0.35578188615441186,0.653665999999997,1.1440000000000339,-0.7456238861083818,1.1440000000000339,1.1440000000000001,-0.7456238861083982,1.1440000000000001,3.264744281768799,-0.773684561252594,1.225321650505066,4.996668061107278,0.08660680712864974,-0.16064727843761767,7.23,0.47,-1.0,0.0,0.0,0.0,7.23,2.47,-1.0,0.0,0.0,0.0,7.23,4.47,-1.0,0.0,0.0,0.0,7.23,0.47,1.0,0.0,0.0,0.0,7.23,2.47,1.0,0.0,0.0,0.0,7.23,4.47,1.0,0.0,0.0,0.0,1.1,0.2,-1.0,0.0,0.0,0.0,1.1,2.2,-1.0,0.0,0.0,0.0,1.1,4.2,-1.0,0.0,0.0,0.0,1.1,0.2,1.0,0.0,0.0,0.0,1.1,2.2,1.0,0.0,0.0,0.0,1.1,4.2,1.0,0.0,0.0,0.0,2.2,1.74,-1.0,0.0,0.0,0.0,2.2,3.74,-1.0,0.0,0.0,0.0,2.2,1.74,1.0,0.0,0.0,0.0,2.2,3.74,1.0,0.0,0.0,0.0,6.27,-5.45,-1.0,0.0,0.0,0.0,6.27,-3.45,-1.0,0.0,0.0,0.0,6.27,-5.45,1.0,0.0,0.0,0.0,6.27,-3.45,1.0,0.0,0.0,0.0,-3.09,0.16640000000001023,0.08660000000000623,0.0,-0.5199999999999926,-0.13000000000000514,-3.09,2.166400000000172,0.08660000000000623,0.0,-0.5199999999998539,-0.13000000000000514,0,0,0,0,0,0,0,0,0,0,0,0,0,0,0,0,0,0,0,0,0,0,0,0,0,0,0,0,0,0,0,0,0,0,0,0,0,0,0,0,0,0,0,0,0,0,0,0,0,0,0,0,0,0,0,0,0,0,0,0,0,0,0,0,0,0,0,0,0,0,0,0,0,0,0,0,0,0,0,0,0,0,0,0,0,0,0,0,0,0,0,0,0,0,0,0,0,0,0,0,0,0,0,0,0,0,0,0,0,0,0,0,0,0,0,0,0,0,0,0,0,0,0,0,0,0,0,0,0,0,0,0,0,0,0,0,0,0,0,0,0,0,0,0,0,0,0,0,0,0,0,0,0,0,0,0,0,0,0,0,0,0,0,0,0,0,0,0
5.001415143,-9.299586000000142,-0.3846188415987472,0.6997277910137144,1.196000000000197,-0.6936238861083854,1.1598837375640378,1.1960000000000002,-0.6936238861083982,1.159883737564087,3.279489755630493,-0.5737857222557068,1.159883737564087,4.995991302555356,0.09621323995979505,-0.17553893370894114,7.23,0.47,-1.0,0.0,0.0,0.0,7.23,2.47,-1.0,0.0,0.0,0.0,7.23,4.47,-1.0,0.0,0.0,0.0,7.23,0.47,1.0,0.0,0.0,0.0,7.23,2.47,1.0,0.0,0.0,0.0,7.23,4.47,1.0,0.0,0.0,0.0,1.1,0.2,-1.0,0.0,0.0,0.0,1.1,2.2,-1.0,0.0,0.0,0.0,1.1,4.2,-1.0,0.0,0.0,0.0,1.1,0.2,1.0,0.0,0.0,0.0,1.1,2.2,1.0,0.0,0.0,0.0,1.1,4.2,1.0,0.0,0.0,0.0,2.2,1.74,-1.0,0.0,0.0,0.0,2.2,3.74,-1.0,0.0,0.0,0.0,2.2,1.74,1.0,0.0,0.0,0.0,2.2,3.74,1.0,0.0,0.0,0.0,6.27,-5.45,-1.0,0.0,0.0,0.0,6.27,-3.45,-1.0,0.0,0.0,0.0,6.27,-5.45,1.0,0.0,0.0,0.0,6.27,-3.45,1.0,0.0,0.0,0.0,-3.09,0.14560000000001053,0.08140000000000602,0.0,-0.5199999999999926,-0.13000000000000514,-3.09,2.145600000000178,0.08140000000000602,0.0,-0.5199999999998539,-0.13000000000000514,0,0,0,0,0,0,0,0,0,0,0,0,0,0,0,0,0,0,0,0,0,0,0,0,0,0,0,0,0,0,0,0,0,0,0,0,0,0,0,0,0,0,0,0,0,0,0,0,0,0,0,0,0,0,0,0,0,0,0,0,0,0,0,0,0,0,0,0,0,0,0,0,0,0,0,0,0,0,0,0,0,0,0,0,0,0,0,0,0,0,0,0,0,0,0,0,0,0,0,0,0,0,0,0,0,0,0,0,0,0,0,0,0,0,0,0,0,0,0,0,0,0,0,0,0,0,0,0,0,0,0,0,0,0,0,0,0,0,0,0,0,0,0,0,0,0,0,0,0,0,0,0,0,0,0,0,0,0,0,0,0,0,0,0,0,0,0,0
5.101174268,-9.201422000000106,-0.4376247524874181,0.7930041419887485,1.2500000000006395,-0.6396238861083869,1.1704413890838428,1.2500000000000002,-0.6396238861083982,1.1704413890838623,3.3071696758270264,-0.45903897285461426,1.1704413890838623,4.995106106674087,0.1069106742557843,-0.19361066808785055,7.23,0.47,-1.0,0.0,0.0,0.0,7.23,2.47,-1.0,0.0,0.0,0.0,7.23,4.47,-1.0,0.0,0.0,0.0,7.23,0.47,1.0,0.0,0.0,0.0,7.23,2.47,1.0,0.0,0.0,0.0,7.23,4.47,1.0,0.0,0.0,0.0,1.1,0.2,-1.0,0.0,0.0,0.0,1.1,2.2,-1.0,0.0,0.0,0.0,1.1,4.2,-1.0,0.0,0.0,0.0,1.1,0.2,1.0,0.0,0.0,0.0,1.1,2.2,1.0,0.0,0.0,0.0,1.1,4.2,1.0,0.0,0.0,0.0,2.2,1.74,-1.0,0.0,0.0,0.0,2.2,3.74,-1.0,0.0,0.0,0.0,2.2,1.74,1.0,0.0,0.0,0.0,2.2,3.74,1.0,0.0,0.0,0.0,6.27,-5.45,-1.0,0.0,0.0,0.0,6.27,-3.45,-1.0,0.0,0.0,0.0,6.27,-5.45,1.0,0.0,0.0,0.0,6.27,-3.45,1.0,0.0,0.0,0.0,-3.09,0.10400000000001054,0.07100000000000561,0.0,-0.5200000000000066,-0.13000000000000514,-3.09,2.1040000000001897,0.07100000000000561,0.0,-0.5199999999998539,-0.13000000000000514,0,0,0,0,0,0,0,0,0,0,0,0,0,0,0,0,0,0,0,0,0,0,0,0,0,0,0,0,0,0,0,0,0,0,0,0,0,0,0,0,0,0,0,0,0,0,0,0,0,0,0,0,0,0,0,0,0,0,0,0,0,0,0,0,0,0,0,0,0,0,0,0,0,0,0,0,0,0,0,0,0,0,0,0,0,0,0,0,0,0,0,0,0,0,0,0,0,0,0,0,0,0,0,0,0,0,0,0,0,0,0,0,0,0,0,0,0,0,0,0,0,0,0,0,0,0,0,0,0,0,0,0,0,0,0,0,0,0,0,0,0,0,0,0,0,0,0,0,0,0,0,0,0,0,0,0,0,0,0,0,0,0,0,0,0,0,0,0
5.201349637,-9.097858000000064,-0.48523066337608917,0.8865072423839483,1.3310000000004152,-0.5586238861083892,1.1674365997313974,1.3310000000000002,-0.5586238861083982,1.1674365997314453,3.333892822265625,-0.3268442153930664,1.1674365997314453,4.993743819149751,0.12069974488966331,-0.21898456632199362,7.23,0.47,-1.0,0.0,0.0,0.0,7.23,2.47,-1.0,0.0,0.0,0.0,7.23,4.47,-1.0,0.0,0.0,0.0,7.23,0.47,1.0,0.0,0.0,0.0,7.23,2.47,1.0,0.0,0.0,0.0,7.23,4.47,1.0,0.0,0.0,0.0,1.1,0.2,-1.0,0.0,0.0,0.0,1.1,2.2,-1.0,0.0,0.0,0.0,1.1,4.2,-1.0,0.0,0.0,0.0,1.1,0.2,1.0,0.0,0.0,0.0,1.1,2.2,1.0,0.0,0.0,0.0,1.1,4.2,1.0,0.0,0.0,0.0,2.2,1.74,-1.0,0.0,0.0,0.0,2.2,3.74,-1.0,0.0,0.0,0.0,2.2,1.74,1.0,0.0,0.0,0.0,2.2,3.74,1.0,0.0,0.0,0.0,6.27,-5.45,-1.0,0.0,0.0,0.0,6.27,-3.45,-1.0,0.0,0.0,0.0,6.27,-5.45,1.0,0.0,0.0,0.0,6.27,-3.45,1.0,0.0,0.0,0.0,-3.09,0.062400000000010024,0.06060000000000531,0.0,-0.5200000000000059,-0.12999999999999814,-3.09,2.0624000000002014,0.06060000000000531,0.0,-0.5199999999998539,-0.12999999999999814,0,0,0,0,0,0,0,0,0,0,0,0,0,0,0,0,0,0,0,0,0,0,0,0,0,0,0,0,0,0,0,0,0,0,0,0,0,0,0,0,0,0,0,0,0,0,0,0,0,0,0,0,0,0,0,0,0,0,0,0,0,0,0,0,0,0,0,0,0,0,0,0,0,0,0,0,0,0,0,0,0,0,0,0,0,0,0,0,0,0,0,0,0,0,0,0,0,0,0,0,0,0,0,0,0,0,0,0,0,0,0,0,0,0,0,0,0,0,0,0,0,0,0,0,0,0,0,0,0,0,0,0,0,0,0,0,0,0,0,0,0,0,0,0,0,0,0,0,0,0,0,0,0,0,0,0,0,0,0,0,0,0,0,0,0,0,0,0
5.300672798,-9.04358300000005,-0.5065406188204249,0.9330213934802907,1.40000000000029,-0.48962388610840346,1.1552157402038297,1.4000000000000001,-0.4896238861083982,1.1552157402038574,3.3728456497192383,-0.16293764114379883,1.1552157402038574,4.99243252205297,0.13143737884505022,-0.2415403241493304,7.23,0.47,-1.0,0.0,0.0,0.0,7.23,2.47,-1.0,0.0,0.0,0.0,7.23,4.47,-1.0,0.0,0.0,0.0,7.23,0.47,1.0,0.0,0.0,0.0,7.23,2.47,1.0,0.0,0.0,0.0,7.23,4.47,1.0,0.0,0.0,0.0,1.1,0.2,-1.0,0.0,0.0,0.0,1.1,2.2,-1.0,0.0,0.0,0.0,1.1,4.2,-1.0,0.0,0.0,0.0,1.1,0.2,1.0,0.0,0.0,0.0,1.1,2.2,1.0,0.0,0.0,0.0,1.1,4.2,1.0,0.0,0.0,0.0,2.2,1.74,-1.0,0.0,0.0,0.0,2.2,3.74,-1.0,0.0,0.0,0.0,2.2,1.74,1.0,0.0,0.0,0.0,2.2,3.74,1.0,0.0,0.0,0.0,6.27,-5.45,-1.0,0.0,0.0,0.0,6.27,-3.45,-1.0,0.0,0.0,0.0,6.27,-5.45,1.0,0.0,0.0,0.0,6.27,-3.45,1.0,0.0,0.0,0.0,-3.09,0.04160000000001004,0.05540000000000538,0.0,-0.5199999999999996,-0.12999999999999814,-3.09,2.03120000000021,0.05280000000000542,0.0,-0.5199999999998539,-0.12999999999999814,0,0,0,0,0,0,0,0,0,0,0,0,0,0,0,0,0,0,0,0,0,0,0,0,0,0,0,0,0,0,0,0,0,0,0,0,0,0,0,0,0,0,0,0,0,0,0,0,0,0,0,0,0,0,0,0,0,0,0,0,0,0,0,0,0,0,0,0,0,0,0,0,0,0,0,0,0,0,0,0,0,0,0,0,0,0,0,0,0,0,0,0,0,0,0,0,0,0,0,0,0,0,0,0,0,0,0,0,0,0,0,0,0,0,0,0,0,0,0,0,0,0,0,0,0,0,0,0,0,0,0,0,0,0,0,0,0,0,0,0,0,0,0,0,0,0,0,0,0,0,0,0,0,0,0,0,0,0,0,0,0,0,0,0,0,0,0,0
5.402081074,-8.92929500000002,-0.5434225297090949,1.0247577249431503,1.452000000000453,-0.43762388610835146,1.139740109443732,1.4520000000000002,-0.4376238861083982,1.1397401094436646,3.4087977409362793,-0.043087542057037354,1.1397401094436646,4.991395700026821,0.13862999245292382,-0.25836155082801965,7.23,0.47,-1.0,0.0,0.0,0.0,7.23,2.47,-1.0,0.0,0.0,0.0,7.23,4.47,-1.0,0.0,0.0,0.0,7.23,0.47,1.0,0.0,0.0,0.0,7.23,2.47,1.0,0.0,0.0,0.0,7.23,4.47,1.0,0.0,0.0,0.0,1.1,0.2,-1.0,0.0,0.0,0.0,1.1,2.2,-1.0,0.0,0.0,0.0,1.1,4.2,-1.0,0.0,0.0,0.0,1.1,0.2,1.0,0.0,0.0,0.0,1.1,2.2,1.0,0.0,0.0,0.0,1.1,4.2,1.0,0.0,0.0,0.0,2.2,1.74,-1.0,0.0,0.0,0.0,2.2,3.74,-1.0,0.0,0.0,0.0,2.2,1.74,1.0,0.0,0.0,0.0,2.2,3.74,1.0,0.0,0.0,0.0,6.27,-5.45,-1.0,0.0,0.0,0.0,6.27,-3.45,-1.0,0.0,0.0,0.0,6.27,-5.45,1.0,0.0,0.0,0.0,6.27,-3.45,1.0,0.0,0.0,0.0,-3.09,1.0064865607617435e-14,0.04500000000000553,0.0,-0.5199999999999999,-0.12999999999999814,-3.09,2.000000000000219,0.04500000000000553,0.0,-0.5199999999998539,-0.12999999999999814,0,0,0,0,0,0,0,0,0,0,0,0,0,0,0,0,0,0,0,0,0,0,0,0,0,0,0,0,0,0,0,0,0,0,0,0,0,0,0,0,0,0,0,0,0,0,0,0,0,0,0,0,0,0,0,0,0,0,0,0,0,0,0,0,0,0,0,0,0,0,0,0,0,0,0,0,0,0,0,0,0,0,0,0,0,0,0,0,0,0,0,0,0,0,0,0,0,0,0,0,0,0,0,0,0,0,0,0,0,0,0,0,0,0,0,0,0,0,0,0,0,0,0,0,0,0,0,0,0,0,0,0,0,0,0,0,0,0,0,0,0,0,0,0,0,0,0,0,0,0,0,0,0,0,0,0,0,0,0,0,0,0,0,0,0,0,0,0
5.50564137,-8.77903199999997,-0.5821219183199334,1.1365035720491323,1.5350000000005082,-0.3546238861084072,1.1032128334045321,1.5350000000000001,-0.3546238861083982,1.103212833404541,3.431083917617798,0.08509516716003418,1.103212833404541,4.98963427860023,0.1490316700591778,-0.2852005033952999,7.23,0.47,-1.0,0.0,0.0,0.0,7.23,2.47,-1.0,0.0,0.0,0.0,7.23,4.47,-1.0,0.0,0.0,0.0,7.23,0.47,1.0,0.0,0.0,0.0,7.23,2.47,1.0,0.0,0.0,0.0,7.23,4.47,1.0,0.0,0.0,0.0,1.1,0.2,-1.0,0.0,0.0,0.0,1.1,2.2,-1.0,0.0,0.0,0.0,1.1,4.2,-1.0,0.0,0.0,0.0,1.1,0.2,1.0,0.0,0.0,0.0,1.1,2.2,1.0,0.0,0.0,0.0,1.1,4.2,1.0,0.0,0.0,0.0,2.2,1.74,-1.0,0.0,0.0,0.0,2.2,3.74,-1.0,0.0,0.0,0.0,2.2,1.74,1.0,0.0,0.0,0.0,2.2,3.74,1.0,0.0,0.0,0.0,6.27,-5.45,-1.0,0.0,0.0,0.0,6.27,-3.45,-1.0,0.0,0.0,0.0,6.27,-5.45,1.0,0.0,0.0,0.0,6.27,-3.45,1.0,0.0,0.0,0.0,-3.09,-0.04159999999998991,0.034600000000005675,0.0,-0.5199999999999996,-0.12999999999999814,-3.09,1.9584000000002129,0.034600000000005675,0.0,-0.520000000000076,-0.12999999999999814,0,0,0,0,0,0,0,0,0,0,0,0,0,0,0,0,0,0,0,0,0,0,0,0,0,0,0,0,0,0,0,0,0,0,0,0,0,0,0,0,0,0,0,0,0,0,0,0,0,0,0,0,0,0,0,0,0,0,0,0,0,0,0,0,0,0,0,0,0,0,0,0,0,0,0,0,0,0,0,0,0,0,0,0,0,0,0,0,0,0,0,0,0,0,0,0,0,0,0,0,0,0,0,0,0,0,0,0,0,0,0,0,0,0,0,0,0,0,0,0,0,0,0,0,0,0,0,0,0,0,0,0,0,0,0,0,0,0,0,0,0,0,0,0,0,0,0,0,0,0,0,0,0,0,0,0,0,0,0,0,0,0,0,0,0,0,0,0
5.601542634,-8.651587999999952,-0.6058478292086044,1.2201165987214933,1.6210000000000946,-0.26862388610837673,1.0172128334045016,1.6210000000000002,-0.26862388610839816,1.017212833404541,3.432016372680664,0.18903613090515137,1.00241219997406,4.987779339941676,0.15780237758864388,-0.3116980360514716,7.23,0.47,-1.0,0.0,0.0,0.0,7.23,2.47,-1.0,0.0,0.0,0.0,7.23,4.47,-1.0,0.0,0.0,0.0,7.23,0.47,1.0,0.0,0.0,0.0,7.23,2.47,1.0,0.0,0.0,0.0,7.23,4.47,1.0,0.0,0.0,0.0,1.1,0.2,-1.0,0.0,0.0,0.0,1.1,2.2,-1.0,0.0,0.0,0.0,1.1,4.2,-1.0,0.0,0.0,0.0,1.1,0.2,1.0,0.0,0.0,0.0,1.1,2.2,1.0,0.0,0.0,0.0,1.1,4.2,1.0,0.0,0.0,0.0,2.2,1.74,-1.0,0.0,0.0,0.0,2.2,3.74,-1.0,0.0,0.0,0.0,2.2,1.74,1.0,0.0,0.0,0.0,2.2,3.74,1.0,0.0,0.0,0.0,6.27,-5.45,-1.0,0.0,0.0,0.0,6.27,-3.45,-1.0,0.0,0.0,0.0,6.27,-5.45,1.0,0.0,0.0,0.0,6.27,-3.45,1.0,0.0,0.0,0.0,-3.09,-0.09359999999999029,0.021600000000005597,0.0,-0.5200000000000066,-0.13000000000000164,-3.09,1.9064000000002053,0.021600000000005597,0.0,-0.520000000000076,-0.13000000000000164,0,0,0,0,0,0,0,0,0,0,0,0,0,0,0,0,0,0,0,0,0,0,0,0,0,0,0,0,0,0,0,0,0,0,0,0,0,0,0,0,0,0,0,0,0,0,0,0,0,0,0,0,0,0,0,0,0,0,0,0,0,0,0,0,0,0,0,0,0,0,0,0,0,0,0,0,0,0,0,0,0,0,0,0,0,0,0,0,0,0,0,0,0,0,0,0,0,0,0,0,0,0,0,0,0,0,0,0,0,0,0,0,0,0,0,0,0,0,0,0,0,0,0,0,0,0,0,0,0,0,0,0,0,0,0,0,0,0,0,0,0,0,0,0,0,0,0,0,0,0,0,0,0,0,0,0,0,0,0,0,0,0,0,0,0,0,0,0
5.700845983,-8.551439999999948,-0.6190772623751083,1.2782613687257647,1.6970000000000596,-0.19262388610841175,0.9412128334045367,1.6970000000000003,-0.19262388610839815,0.941212833404541,3.3638181686401367,0.11059533059597015,0.8792070150375366,4.986181758097473,0.16395775129430618,-0.33333066316572446,7.23,0.47,-1.0,0.0,0.0,0.0,7.23,2.47,-1.0,0.0,0.0,0.0,7.23,4.47,-1.0,0.0,0.0,0.0,7.23,0.47,1.0,0.0,0.0,0.0,7.23,2.47,1.0,0.0,0.0,0.0,7.23,4.47,1.0,0.0,0.0,0.0,1.1,0.2,-1.0,0.0,0.0,0.0,1.1,2.2,-1.0,0.0,0.0,0.0,1.1,4.2,-1.0,0.0,0.0,0.0,1.1,0.2,1.0,0.0,0.0,0.0,1.1,2.2,1.0,0.0,0.0,0.0,1.1,4.2,1.0,0.0,0.0,0.0,2.2,1.74,-1.0,0.0,0.0,0.0,2.2,3.74,-1.0,0.0,0.0,0.0,2.2,1.74,1.0,0.0,0.0,0.0,2.2,3.74,1.0,0.0,0.0,0.0,6.27,-5.45,-1.0,0.0,0.0,0.0,6.27,-3.45,-1.0,0.0,0.0,0.0,6.27,-5.45,1.0,0.0,0.0,0.0,6.27,-3.45,1.0,0.0,0.0,0.0,-3.09,-0.12479999999999068,0.013800000000005525,0.0,-0.5200000000000066,-0.1299999999999999,-3.09,1.8752000000002007,0.013800000000005525,0.0,-0.520000000000076,-0.1299999999999999,0,0,0,0,0,0,0,0,0,0,0,0,0,0,0,0,0,0,0,0,0,0,0,0,0,0,0,0,0,0,0,0,0,0,0,0,0,0,0,0,0,0,0,0,0,0,0,0,0,0,0,0,0,0,0,0,0,0,0,0,0,0,0,0,0,0,0,0,0,0,0,0,0,0,0,0,0,0,0,0,0,0,0,0,0,0,0,0,0,0,0,0,0,0,0,0,0,0,0,0,0,0,0,0,0,0,0,0,0,0,0,0,0,0,0,0,0,0,0,0,0,0,0,0,0,0,0,0,0,0,0,0,0,0,0,0,0,0,0,0,0,0,0,0,0,0,0,0,0,0,0,0,0,0,0,0,0,0,0,0,0,0,0,0,0,0,0,0
5.801058301,-8.412195999999964,-0.6310031732637792,1.3500743953981256,1.7639999999996547,-0.1256238861083725,0.8742128334044974,1.7640000000000002,-0.12562388610839814,0.8742128334045409,3.3556230068206787,0.026890039443969727,0.8487985134124756,4.984633044776942,0.1685928810121053,-0.353567319459524,7.23,0.47,-1.0,0.0,0.0,0.0,7.23,2.47,-1.0,0.0,0.0,0.0,7.23,4.47,-1.0,0.0,0.0,0.0,7.23,0.47,1.0,0.0,0.0,0.0,7.23,2.47,1.0,0.0,0.0,0.0,7.23,4.47,1.0,0.0,0.0,0.0,1.1,0.2,-1.0,0.0,0.0,0.0,1.1,2.2,-1.0,0.0,0.0,0.0,1.1,4.2,-1.0,0.0,0.0,0.0,1.1,0.2,1.0,0.0,0.0,0.0,1.1,2.2,1.0,0.0,0.0,0.0,1.1,4.2,1.0,0.0,0.0,0.0,2.2,1.74,-1.0,0.0,0.0,0.0,2.2,3.74,-1.0,0.0,0.0,0.0,2.2,1.74,1.0,0.0,0.0,0.0,2.2,3.74,1.0,0.0,0.0,0.0,6.27,-5.45,-1.0,0.0,0.0,0.0,6.27,-3.45,-1.0,0.0,0.0,0.0,6.27,-5.45,1.0,0.0,0.0,0.0,6.27,-3.45,1.0,0.0,0.0,0.0,-3.09,-0.1663999999999901,0.0034000000000055323,0.0,-0.5199999999999926,-0.1299999999999999,-3.09,1.8336000000001946,0.0034000000000055323,0.0,-0.520000000000076,-0.1299999999999999,0,0,0,0,0,0,0,0,0,0,0,0,0,0,0,0,0,0,0,0,0,0,0,0,0,0,0,0,0,0,0,0,0,0,0,0,0,0,0,0,0,0,0,0,0,0,0,0,0,0,0,0,0,0,0,0,0,0,0,0,0,0,0,0,0,0,0,0,0,0,0,0,0,0,0,0,0,0,0,0,0,0,0,0,0,0,0,0,0,0,0,0,0,0,0,0,0,0,0,0,0,0,0,0,0,0,0,0,0,0,0,0,0,0,0,0,0,0,0,0,0,0,0,0,0,0,0,0,0,0,0,0,0,0,0,0,0,0,0,0,0,0,0,0,0,0,0,0,0,0,0,0,0,0,0,0,0,0,0,0,0,0,0,0,0,0,0,0
5.902524639,-8.26720600000001,-0.6375564882264637,1.4179137400641286,1.8499999999992411,-0.047921754419810725,0.827597677707681,1.8500000000000003,-0.04792175441980362,0.8275976777076721,3.345585584640503,-0.04792175441980362,0.8275976777076721,4.982834513618007,0.17268695564734804,-0.3762172580390767,7.23,0.47,-1.0,0.0,0.0,0.0,7.23,2.47,-1.0,0.0,0.0,0.0,7.23,4.47,-1.0,0.0,0.0,0.0,7.23,0.47,1.0,0.0,0.0,0.0,7.23,2.47,1.0,0.0,0.0,0.0,7.23,4.47,1.0,0.0,0.0,0.0,1.1,0.2,-1.0,0.0,0.0,0.0,1.1,2.2,-1.0,0.0,0.0,0.0,1.1,4.2,-1.0,0.0,0.0,0.0,1.1,0.2,1.0,0.0,0.0,0.0,1.1,2.2,1.0,0.0,0.0,0.0,1.1,4.2,1.0,0.0,0.0,0.0,2.2,1.74,-1.0,0.0,0.0,0.0,2.2,3.74,-1.0,0.0,0.0,0.0,2.2,1.74,1.0,0.0,0.0,0.0,2.2,3.74,1.0,0.0,0.0,0.0,6.27,-5.45,-1.0,0.0,0.0,0.0,6.27,-3.45,-1.0,0.0,0.0,0.0,6.27,-5.45,1.0,0.0,0.0,0.0,6.27,-3.45,1.0,0.0,0.0,0.0,-3.09,-0.20799999999998953,-0.006999999999994462,0.0,-0.5199999999999926,-0.1299999999999999,-3.09,1.7920000000001886,-0.006999999999994462,0.0,-0.520000000000076,-0.1299999999999999,0,0,0,0,0,0,0,0,0,0,0,0,0,0,0,0,0,0,0,0,0,0,0,0,0,0,0,0,0,0,0,0,0,0,0,0,0,0,0,0,0,0,0,0,0,0,0,0,0,0,0,0,0,0,0,0,0,0,0,0,0,0,0,0,0,0,0,0,0,0,0,0,0,0,0,0,0,0,0,0,0,0,0,0,0,0,0,0,0,0,0,0,0,0,0,0,0,0,0,0,0,0,0,0,0,0,0,0,0,0,0,0,0,0,0,0,0,0,0,0,0,0,0,0,0,0,0,0,0,0,0,0,0,0,0,0,0,0,0,0,0,0,0,0,0,0,0,0,0,0,0,0,0,0,0,0,0,0,0,0,0,0,0,0,0,0,0,0
6.002260887,-8.115762000000027,-0.6448342285800475,1.4839755769028489,1.9340000000003243,-0.1319217544197837,0.8240372538566021,1.9340000000000004,-0.13192175441980364,0.8240372538566589,3.3624720573425293,-0.14118742942810059,0.8240372538566589,4.980976414593769,0.1754288455381188,-0.39887175559792315,7.23,0.47,-1.0,0.0,0.0,0.0,7.23,2.47,-1.0,0.0,0.0,0.0,7.23,4.47,-1.0,0.0,0.0,0.0,7.23,0.47,1.0,0.0,0.0,0.0,7.23,2.47,1.0,0.0,0.0,0.0,7.23,4.47,1.0,0.0,0.0,0.0,1.1,0.2,-1.0,0.0,0.0,0.0,1.1,2.2,-1.0,0.0,0.0,0.0,1.1,4.2,-1.0,0.0,0.0,0.0,1.1,0.2,1.0,0.0,0.0,0.0,1.1,2.2,1.0,0.0,0.0,0.0,1.1,4.2,1.0,0.0,0.0,0.0,2.2,1.74,-1.0,0.0,0.0,0.0,2.2,3.74,-1.0,0.0,0.0,0.0,2.2,1.74,1.0,0.0,0.0,0.0,2.2,3.74,1.0,0.0,0.0,0.0,6.27,-5.45,-1.0,0.0,0.0,0.0,6.27,-3.45,-1.0,0.0,0.0,0.0,6.27,-5.45,1.0,0.0,0.0,0.0,6.27,-3.45,1.0,0.0,0.0,0.0,-3.09,-0.25999999999998935,-0.019999999999994512,0.0,-0.5200000000000206,-0.13000000000000164,-3.09,1.7504000000001825,-0.01739999999999448,0.0,-0.520000000000076,-0.13000000000000164,0,0,0,0,0,0,0,0,0,0,0,0,0,0,0,0,0,0,0,0,0,0,0,0,0,0,0,0,0,0,0,0,0,0,0,0,0,0,0,0,0,0,0,0,0,0,0,0,0,0,0,0,0,0,0,0,0,0,0,0,0,0,0,0,0,0,0,0,0,0,0,0,0,0,0,0,0,0,0,0,0,0,0,0,0,0,0,0,0,0,0,0,0,0,0,0,0,0,0,0,0,0,0,0,0,0,0,0,0,0,0,0,0,0,0,0,0,0,0,0,0,0,0,0,0,0,0,0,0,0,0,0,0,0,0,0,0,0,0,0,0,0,0,0,0,0,0,0,0,0,0,0,0,0,0,0,0,0,0,0,0,0,0,0,0,0,0,0
6.101645247,-7.957804999999999,-0.6554205391770475,1.5519689640059247,2.0170000000003796,-0.13275688886638104,0.8771246075629513,2.0170000000000003,-0.13275688886642456,0.8771246075630188,3.468997001647949,-0.13275688886642456,0.8771246075630188,4.979046610717096,0.1797869643317124,-0.4204420242589802,7.23,0.47,-1.0,0.0,0.0,0.0,7.23,2.47,-1.0,0.0,0.0,0.0,7.23,4.47,-1.0,0.0,0.0,0.0,7.23,0.47,1.0,0.0,0.0,0.0,7.23,2.47,1.0,0.0,0.0,0.0,7.23,4.47,1.0,0.0,0.0,0.0,1.1,0.2,-1.0,0.0,0.0,0.0,1.1,2.2,-1.0,0.0,0.0,0.0,1.1,4.2,-1.0,0.0,0.0,0.0,1.1,0.2,1.0,0.0,0.0,0.0,1.1,2.2,1.0,0.0,0.0,0.0,1.1,4.2,1.0,0.0,0.0,0.0,2.2,1.74,-1.0,0.0,0.0,0.0,2.2,3.74,-1.0,0.0,0.0,0.0,2.2,1.74,1.0,0.0,0.0,0.0,2.2,3.74,1.0,0.0,0.0,0.0,6.27,-5.45,-1.0,0.0,0.0,0.0,6.27,-3.45,-1.0,0.0,0.0,0.0,6.27,-5.45,1.0,0.0,0.0,0.0,6.27,-3.45,1.0,0.0,0.0,0.0,-3.09,-0.2911999999999906,-0.02779999999999461,0.0,-0.5200000000000206,-0.13000000000000164,-3.09,1.7088000000001764,-0.02779999999999461,0.0,-0.520000000000076,-0.13000000000000164,0,0,0,0,0,0,0,0,0,0,0,0,0,0,0,0,0,0,0,0,0,0,0,0,0,0,0,0,0,0,0,0,0,0,0,0,0,0,0,0,0,0,0,0,0,0,0,0,0,0,0,0,0,0,0,0,0,0,0,0,0,0,0,0,0,0,0,0,0,0,0,0,0,0,0,0,0,0,0,0,0,0,0,0,0,0,0,0,0,0,0,0,0,0,0,0,0,0,0,0,0,0,0,0,0,0,0,0,0,0,0,0,0,0,0,0,0,0,0,0,0,0,0,0,0,0,0,0,0,0,0,0,0,0,0,0,0,0,0,0,0,0,0,0,0,0,0,0,0,0,0,0,0,0,0,0,0,0,0,0,0,0,0,0,0,0,0,0
6.204948705,-7.834934999999984,-0.6650649661785225,1.6055595218791712,2.091000000000065,-0.19991743564606868,0.9156478643417287,2.091,-0.19991743564605713,0.9156478643417358,3.639350652694702,-0.19991743564605713,0.9156478643417358,4.977002375363258,0.18412234853487267,-0.4422061921756438,7.23,0.47,-1.0,0.0,0.0,0.0,7.23,2.47,-1.0,0.0,0.0,0.0,7.23,4.47,-1.0,0.0,0.0,0.0,7.23,0.47,1.0,0.0,0.0,0.0,7.23,2.47,1.0,0.0,0.0,0.0,7.23,4.47,1.0,0.0,0.0,0.0,1.1,0.2,-1.0,0.0,0.0,0.0,1.1,2.2,-1.0,0.0,0.0,0.0,1.1,4.2,-1.0,0.0,0.0,0.0,1.1,0.2,1.0,0.0,0.0,0.0,1.1,2.2,1.0,0.0,0.0,0.0,1.1,4.2,1.0,0.0,0.0,0.0,2.2,1.74,-1.0,0.0,0.0,0.0,2.2,3.74,-1.0,0.0,0.0,0.0,2.2,1.74,1.0,0.0,0.0,0.0,2.2,3.74,1.0,0.0,0.0,0.0,6.27,-5.45,-1.0,0.0,0.0,0.0,6.27,-3.45,-1.0,0.0,0.0,0.0,6.27,-5.45,1.0,0.0,0.0,0.0,6.27,-3.45,1.0,0.0,0.0,0.0,-3.09,-0.3223999999999918,-0.035599999999994594,0.0,-0.5200000000000206,-0.12999999999999814,-3.09,1.6672000000001703,-0.03819999999999456,0.0,-0.520000000000076,-0.12999999999999814,0,0,0,0,0,0,0,0,0,0,0,0,0,0,0,0,0,0,0,0,0,0,0,0,0,0,0,0,0,0,0,0,0,0,0,0,0,0,0,0,0,0,0,0,0,0,0,0,0,0,0,0,0,0,0,0,0,0,0,0,0,0,0,0,0,0,0,0,0,0,0,0,0,0,0,0,0,0,0,0,0,0,0,0,0,0,0,0,0,0,0,0,0,0,0,0,0,0,0,0,0,0,0,0,0,0,0,0,0,0,0,0,0,0,0,0,0,0,0,0,0,0,0,0,0,0,0,0,0,0,0,0,0,0,0,0,0,0,0,0,0,0,0,0,0,0,0,0,0,0,0,0,0,0,0,0,0,0,0,0,0,0,0,0,0,0,0,0
6.302637045,-7.665170999999983,-0.6817687467700128,1.6794106959953081,2.1599999999999397,-0.21965037286286737,0.9322963356972469,2.16,-0.21965037286281586,0.9322963356971741,3.8245344161987305,-0.21965037286281586,0.9322963356971741,4.974841609800404,0.1895441419857746,-0.46370677764876533,7.23,0.47,-1.0,0.0,0.0,0.0,7.23,2.47,-1.0,0.0,0.0,0.0,7.23,4.47,-1.0,0.0,0.0,0.0,7.23,0.47,1.0,0.0,0.0,0.0,7.23,2.47,1.0,0.0,0.0,0.0,7.23,4.47,1.0,0.0,0.0,0.0,1.1,0.2,-1.0,0.0,0.0,0.0,1.1,2.2,-1.0,0.0,0.0,0.0,1.1,4.2,-1.0,0.0,0.0,0.0,1.1,0.2,1.0,0.0,0.0,0.0,1.1,2.2,1.0,0.0,0.0,0.0,1.1,4.2,1.0,0.0,0.0,0.0,2.2,1.74,-1.0,0.0,0.0,0.0,2.2,3.74,-1.0,0.0,0.0,0.0,2.2,1.74,1.0,0.0,0.0,0.0,2.2,3.74,1.0,0.0,0.0,0.0,6.27,-5.45,-1.0,0.0,0.0,0.0,6.27,-3.45,-1.0,0.0,0.0,0.0,6.27,-5.45,1.0,0.0,0.0,0.0,6.27,-3.45,1.0,0.0,0.0,0.0,-3.09,-0.36399999999999344,-0.04599999999999445,0.0,-0.5200000000000206,-0.12999999999999814,-3.09,1.6360000000001658,-0.04599999999999445,0.0,-0.520000000000076,-0.12999999999999814,0,0,0,0,0,0,0,0,0,0,0,0,0,0,0,0,0,0,0,0,0,0,0,0,0,0,0,0,0,0,0,0,0,0,0,0,0,0,0,0,0,0,0,0,0,0,0,0,0,0,0,0,0,0,0,0,0,0,0,0,0,0,0,0,0,0,0,0,0,0,0,0,0,0,0,0,0,0,0,0,0,0,0,0,0,0,0,0,0,0,0,0,0,0,0,0,0,0,0,0,0,0,0,0,0,0,0,0,0,0,0,0,0,0,0,0,0,0,0,0,0,0,0,0,0,0,0,0,0,0,0,0,0,0,0,0,0,0,0,0,0,0,0,0,0,0,0,0,0,0,0,0,0,0,0,0,0,0,0,0,0,0,0,0,0,0,0,0
6.40276632,-7.489175,-0.7012608329868207,1.7529440558805287,2.2279999999996747,-0.2605026364326246,0.9099485278130093,2.228,-0.2605026364326477,0.9099485278129578,3.9676060676574707,-0.2605026364326477,0.9099485278129578,4.972527200633262,0.19542420405083613,-0.4855745251075417,7.23,0.47,-1.0,0.0,0.0,0.0,7.23,2.47,-1.0,0.0,0.0,0.0,7.23,4.47,-1.0,0.0,0.0,0.0,7.23,0.47,1.0,0.0,0.0,0.0,7.23,2.47,1.0,0.0,0.0,0.0,7.23,4.47,1.0,0.0,0.0,0.0,1.1,0.2,-1.0,0.0,0.0,0.0,1.1,2.2,-1.0,0.0,0.0,0.0,1.1,4.2,-1.0,0.0,0.0,0.0,1.1,0.2,1.0,0.0,0.0,0.0,1.1,2.2,1.0,0.0,0.0,0.0,1.1,4.2,1.0,0.0,0.0,0.0,2.2,1.74,-1.0,0.0,0.0,0.0,2.2,3.74,-1.0,0.0,0.0,0.0,2.2,1.74,1.0,0.0,0.0,0.0,2.2,3.74,1.0,0.0,0.0,0.0,6.27,-5.45,-1.0,0.0,0.0,0.0,6.27,-3.45,-1.0,0.0,0.0,0.0,6.27,-5.45,1.0,0.0,0.0,0.0,6.27,-3.45,1.0,0.0,0.0,0.0,-3.09,-0.4055999999999951,-0.0563999999999943,0.0,-0.5200000000000206,-0.12999999999999814,-3.09,1.5944000000001597,-0.0563999999999943,0.0,-0.520000000000076,-0.12999999999999814,0,0,0,0,0,0,0,0,0,0,0,0,0,0,0,0,0,0,0,0,0,0,0,0,0,0,0,0,0,0,0,0,0,0,0,0,0,0,0,0,0,0,0,0,0,0,0,0,0,0,0,0,0,0,0,0,0,0,0,0,0,0,0,0,0,0,0,0,0,0,0,0,0,0,0,0,0,0,0,0,0,0,0,0,0,0,0,0,0,0,0,0,0,0,0,0,0,0,0,0,0,0,0,0,0,0,0,0,0,0,0,0,0,0,0,0,0,0,0,0,0,0,0,0,0,0,0,0,0,0,0,0,0,0,0,0,0,0,0,0,0,0,0,0,0,0,0,0,0,0,0,0,0,0,0,0,0,0,0,0,0,0,0,0,0,0,0,0
6.502534564,-7.307283000000024,-0.7233341111755237,1.8239970103158816,2.31099999999973,-0.28852689266201104,0.8703365325928303,2.3110000000000004,-0.28852689266204834,0.8703365325927734,4.10799503326416,-0.28852689266204834,0.8703365325927734,4.9696239533123885,0.20340827641633347,-0.5113343678544342,7.23,0.47,-1.0,0.0,0.0,0.0,7.23,2.47,-1.0,0.0,0.0,0.0,7.23,4.47,-1.0,0.0,0.0,0.0,7.23,0.47,1.0,0.0,0.0,0.0,7.23,2.47,1.0,0.0,0.0,0.0,7.23,4.47,1.0,0.0,0.0,0.0,1.1,0.2,-1.0,0.0,0.0,0.0,1.1,2.2,-1.0,0.0,0.0,0.0,1.1,4.2,-1.0,0.0,0.0,0.0,1.1,0.2,1.0,0.0,0.0,0.0,1.1,2.2,1.0,0.0,0.0,0.0,1.1,4.2,1.0,0.0,0.0,0.0,2.2,1.74,-1.0,0.0,0.0,0.0,2.2,3.74,-1.0,0.0,0.0,0.0,2.2,1.74,1.0,0.0,0.0,0.0,2.2,3.74,1.0,0.0,0.0,0.0,6.27,-5.45,-1.0,0.0,0.0,0.0,6.27,-3.45,-1.0,0.0,0.0,0.0,6.27,-5.45,1.0,0.0,0.0,0.0,6.27,-3.45,1.0,0.0,0.0,0.0,-3.09,-0.4471999999999967,-0.06679999999999439,0.0,-0.5200000000000206,-0.13000000000000514,-3.09,1.5528000000001536,-0.06679999999999439,0.0,-0.520000000000076,-0.13000000000000514,0,0,0,0,0,0,0,0,0,0,0,0,0,0,0,0,0,0,0,0,0,0,0,0,0,0,0,0,0,0,0,0,0,0,0,0,0,0,0,0,0,0,0,0,0,0,0,0,0,0,0,0,0,0,0,0,0,0,0,0,0,0,0,0,0,0,0,0,0,0,0,0,0,0,0,0,0,0,0,0,0,0,0,0,0,0,0,0,0,0,0,0,0,0,0,0,0,0,0,0,0,0,0,0,0,0,0,0,0,0,0,0,0,0,0,0,0,0,0,0,0,0,0,0,0,0,0,0,0,0,0,0,0,0,0,0,0,0,0,0,0,0,0,0,0,0,0,0,0,0,0,0,0,0,0,0,0,0,0,0,0,0,0,0,0,0,0,0
6.602452127,-7.118920000000017,-0.7483467114186148,1.8901698602094523,2.392000000000394,-0.3334210515022473,0.7900092601775821,2.3920000000000003,-0.3334210515022278,0.7900092601776123,4.264524459838867,-0.3334210515022278,0.7900092601776123,4.966525705406167,0.2124323340068429,-0.5371172320901442,7.23,0.47,-1.0,0.0,0.0,0.0,7.23,2.47,-1.0,0.0,0.0,0.0,7.23,4.47,-1.0,0.0,0.0,0.0,7.23,0.47,1.0,0.0,0.0,0.0,7.23,2.47,1.0,0.0,0.0,0.0,7.23,4.47,1.0,0.0,0.0,0.0,1.1,0.2,-1.0,0.0,0.0,0.0,1.1,2.2,-1.0,0.0,0.0,0.0,1.1,4.2,-1.0,0.0,0.0,0.0,1.1,0.2,1.0,0.0,0.0,0.0,1.1,2.2,1.0,0.0,0.0,0.0,1.1,4.2,1.0,0.0,0.0,0.0,2.2,1.74,-1.0,0.0,0.0,0.0,2.2,3.74,-1.0,0.0,0.0,0.0,2.2,1.74,1.0,0.0,0.0,0.0,2.2,3.74,1.0,0.0,0.0,0.0,6.27,-5.45,-1.0,0.0,0.0,0.0,6.27,-3.45,-1.0,0.0,0.0,0.0,6.27,-5.45,1.0,0.0,0.0,0.0,6.27,-3.45,1.0,0.0,0.0,0.0,-3.09,-0.48879999999999835,-0.0771999999999948,0.0,-0.5200000000000206,-0.13000000000000514,-3.09,1.5112000000001475,-0.0771999999999948,0.0,-0.520000000000076,-0.13000000000000514,0,0,0,0,0,0,0,0,0,0,0,0,0,0,0,0,0,0,0,0,0,0,0,0,0,0,0,0,0,0,0,0,0,0,0,0,0,0,0,0,0,0,0,0,0,0,0,0,0,0,0,0,0,0,0,0,0,0,0,0,0,0,0,0,0,0,0,0,0,0,0,0,0,0,0,0,0,0,0,0,0,0,0,0,0,0,0,0,0,0,0,0,0,0,0,0,0,0,0,0,0,0,0,0,0,0,0,0,0,0,0,0,0,0,0,0,0,0,0,0,0,0,0,0,0,0,0,0,0,0,0,0,0,0,0,0,0,0,0,0,0,0,0,0,0,0,0,0,0,0,0,0,0,0,0,0,0,0,0,0,0,0,0,0,0,0,0,0
6.701667246,-6.924084000000008,-0.7765057809567341,1.9498946010236615,2.47099999999989,-0.3671798110008728,0.7110092601776419,2.4710000000000005,-0.367179811000824,0.7110092601776123,4.4145636558532715,-0.367179811000824,0.6822836995124817,4.963544016965832,0.22213105674709094,-0.5602576061698031,7.23,0.47,-1.0,0.0,0.0,0.0,7.23,2.47,-1.0,0.0,0.0,0.0,7.23,4.47,-1.0,0.0,0.0,0.0,7.23,0.47,1.0,0.0,0.0,0.0,7.23,2.47,1.0,0.0,0.0,0.0,7.23,4.47,1.0,0.0,0.0,0.0,1.1,0.2,-1.0,0.0,0.0,0.0,1.1,2.2,-1.0,0.0,0.0,0.0,1.1,4.2,-1.0,0.0,0.0,0.0,1.1,0.2,1.0,0.0,0.0,0.0,1.1,2.2,1.0,0.0,0.0,0.0,1.1,4.2,1.0,0.0,0.0,0.0,2.2,1.74,-1.0,0.0,0.0,0.0,2.2,3.74,-1.0,0.0,0.0,0.0,2.2,1.74,1.0,0.0,0.0,0.0,2.2,3.74,1.0,0.0,0.0,0.0,6.27,-5.45,-1.0,0.0,0.0,0.0,6.27,-3.45,-1.0,0.0,0.0,0.0,6.27,-5.45,1.0,0.0,0.0,0.0,6.27,-3.45,1.0,0.0,0.0,0.0,-3.09,-0.5303999999999968,-0.08759999999999521,0.0,-0.5199999999999649,-0.13000000000000514,-3.09,1.4696000000001415,-0.08759999999999521,0.0,-0.520000000000076,-0.13000000000000514,0,0,0,0,0,0,0,0,0,0,0,0,0,0,0,0,0,0,0,0,0,0,0,0,0,0,0,0,0,0,0,0,0,0,0,0,0,0,0,0,0,0,0,0,0,0,0,0,0,0,0,0,0,0,0,0,0,0,0,0,0,0,0,0,0,0,0,0,0,0,0,0,0,0,0,0,0,0,0,0,0,0,0,0,0,0,0,0,0,0,0,0,0,0,0,0,0,0,0,0,0,0,0,0,0,0,0,0,0,0,0,0,0,0,0,0,0,0,0,0,0,0,0,0,0,0,0,0,0,0,0,0,0,0,0,0,0,0,0,0,0,0,0,0,0,0,0,0,0,0,0,0,0,0,0,0,0,0,0,0,0,0,0,0,0,0,0,0
6.801489416,-6.722848999999999,-0.8078356034970188,2.0032203418378742,2.5500000000002743,-0.4106339812278703,0.6320092601775684,2.5500000000000007,-0.41063398122787476,0.6320092601776124,4.572049140930176,-0.41063398122787476,0.5162119269371033,4.960433215632298,0.23318376298612697,-0.5828616010095816,7.23,0.47,-1.0,0.0,0.0,0.0,7.23,2.47,-1.0,0.0,0.0,0.0,7.23,4.47,-1.0,0.0,0.0,0.0,7.23,0.47,1.0,0.0,0.0,0.0,7.23,2.47,1.0,0.0,0.0,0.0,7.23,4.47,1.0,0.0,0.0,0.0,1.1,0.2,-1.0,0.0,0.0,0.0,1.1,2.2,-1.0,0.0,0.0,0.0,1.1,4.2,-1.0,0.0,0.0,0.0,1.1,0.2,1.0,0.0,0.0,0.0,1.1,2.2,1.0,0.0,0.0,0.0,1.1,4.2,1.0,0.0,0.0,0.0,2.2,1.74,-1.0,0.0,0.0,0.0,2.2,3.74,-1.0,0.0,0.0,0.0,2.2,1.74,1.0,0.0,0.0,0.0,2.2,3.74,1.0,0.0,0.0,0.0,6.27,-5.45,-1.0,0.0,0.0,0.0,6.27,-3.45,-1.0,0.0,0.0,0.0,6.27,-5.45,1.0,0.0,0.0,0.0,6.27,-3.45,1.0,0.0,0.0,0.0,-3.09,-0.571999999999994,-0.09799999999999562,0.0,-0.5199999999999649,-0.13000000000000514,-3.09,1.4280000000001354,-0.09799999999999562,0.0,-0.520000000000076,-0.13000000000000514,0,0,0,0,0,0,0,0,0,0,0,0,0,0,0,0,0,0,0,0,0,0,0,0,0,0,0,0,0,0,0,0,0,0,0,0,0,0,0,0,0,0,0,0,0,0,0,0,0,0,0,0,0,0,0,0,0,0,0,0,0,0,0,0,0,0,0,0,0,0,0,0,0,0,0,0,0,0,0,0,0,0,0,0,0,0,0,0,0,0,0,0,0,0,0,0,0,0,0,0,0,0,0,0,0,0,0,0,0,0,0,0,0,0,0,0,0,0,0,0,0,0,0,0,0,0,0,0,0,0,0,0,0,0,0,0,0,0,0,0,0,0,0,0,0,0,0,0,0,0,0,0,0,0,0,0,0,0,0,0,0,0,0,0,0,0,0,0
6.901944595,-6.567439999999998,-0.8336755216336158,2.0387318974485233,2.62299999999982,-0.44705456495286455,0.5590092601774899,2.6230000000000007,-0.44705456495285034,0.5590092601776124,4.725773811340332,-0.44705456495285034,0.26798951625823975,4.957635578784204,0.24416945009892219,-0.6018560854651119,7.23,0.47,-1.0,0.0,0.0,0.0,7.23,2.47,-1.0,0.0,0.0,0.0,7.23,4.47,-1.0,0.0,0.0,0.0,7.23,0.47,1.0,0.0,0.0,0.0,7.23,2.47,1.0,0.0,0.0,0.0,7.23,4.47,1.0,0.0,0.0,0.0,1.1,0.2,-1.0,0.0,0.0,0.0,1.1,2.2,-1.0,0.0,0.0,0.0,1.1,4.2,-1.0,0.0,0.0,0.0,1.1,0.2,1.0,0.0,0.0,0.0,1.1,2.2,1.0,0.0,0.0,0.0,1.1,4.2,1.0,0.0,0.0,0.0,2.2,1.74,-1.0,0.0,0.0,0.0,2.2,3.74,-1.0,0.0,0.0,0.0,2.2,1.74,1.0,0.0,0.0,0.0,2.2,3.74,1.0,0.0,0.0,0.0,6.27,-5.45,-1.0,0.0,0.0,0.0,6.27,-3.45,-1.0,0.0,0.0,0.0,6.27,-5.45,1.0,0.0,0.0,0.0,6.27,-3.45,1.0,0.0,0.0,0.0,-3.09,-0.6031999999999919,-0.10579999999999593,0.0,-0.5199999999999649,-0.13000000000000514,-3.09,1.3968000000001308,-0.10579999999999593,0.0,-0.520000000000076,-0.13000000000000514,0,0,0,0,0,0,0,0,0,0,0,0,0,0,0,0,0,0,0,0,0,0,0,0,0,0,0,0,0,0,0,0,0,0,0,0,0,0,0,0,0,0,0,0,0,0,0,0,0,0,0,0,0,0,0,0,0,0,0,0,0,0,0,0,0,0,0,0,0,0,0,0,0,0,0,0,0,0,0,0,0,0,0,0,0,0,0,0,0,0,0,0,0,0,0,0,0,0,0,0,0,0,0,0,0,0,0,0,0,0,0,0,0,0,0,0,0,0,0,0,0,0,0,0,0,0,0,0,0,0,0,0,0,0,0,0,0,0,0,0,0,0,0,0,0,0,0,0,0,0,0,0,0,0,0,0,0,0,0,0,0,0,0,0,0,0,0,0
7.003007093,-6.408359999999993,-0.858798795530786,2.0705724530591794,2.691000000000443,-0.37905456495279655,0.4910092601777549,2.6910000000000007,-0.37905456495285034,0.4910092601776124,4.858987808227539,-0.19714489579200745,0.23237060010433197,4.9549250811359515,0.2555249703209178,-0.6192127500886785,7.23,0.47,-1.0,0.0,0.0,0.0,7.23,2.47,-1.0,0.0,0.0,0.0,7.23,4.47,-1.0,0.0,0.0,0.0,7.23,0.47,1.0,0.0,0.0,0.0,7.23,2.47,1.0,0.0,0.0,0.0,7.23,4.47,1.0,0.0,0.0,0.0,1.1,0.2,-1.0,0.0,0.0,0.0,1.1,2.2,-1.0,0.0,0.0,0.0,1.1,4.2,-1.0,0.0,0.0,0.0,1.1,0.2,1.0,0.0,0.0,0.0,1.1,2.2,1.0,0.0,0.0,0.0,1.1,4.2,1.0,0.0,0.0,0.0,2.2,1.74,-1.0,0.0,0.0,0.0,2.2,3.74,-1.0,0.0,0.0,0.0,2.2,1.74,1.0,0.0,0.0,0.0,2.2,3.74,1.0,0.0,0.0,0.0,6.27,-5.45,-1.0,0.0,0.0,0.0,6.27,-3.45,-1.0,0.0,0.0,0.0,6.27,-5.45,1.0,0.0,0.0,0.0,6.27,-3.45,1.0,0.0,0.0,0.0,-3.09,-0.6343999999999897,-0.11359999999999623,0.0,-0.5199999999999649,-0.13000000000000514,-3.09,1.3656000000001263,-0.11359999999999623,0.0,-0.520000000000076,-0.13000000000000514,0,0,0,0,0,0,0,0,0,0,0,0,0,0,0,0,0,0,0,0,0,0,0,0,0,0,0,0,0,0,0,0,0,0,0,0,0,0,0,0,0,0,0,0,0,0,0,0,0,0,0,0,0,0,0,0,0,0,0,0,0,0,0,0,0,0,0,0,0,0,0,0,0,0,0,0,0,0,0,0,0,0,0,0,0,0,0,0,0,0,0,0,0,0,0,0,0,0,0,0,0,0,0,0,0,0,0,0,0,0,0,0,0,0,0,0,0,0,0,0,0,0,0,0,0,0,0,0,0,0,0,0,0,0,0,0,0,0,0,0,0,0,0,0,0,0,0,0,0,0,0,0,0,0,0,0,0,0,0,0,0,0,0,0,0,0,0,0
7.102106901,-6.190326000000004,-0.8863691607270144,2.1070991938733985,2.741999999999578,-0.3280545649528843,0.4400092601777317,2.742000000000001,-0.32805456495285035,0.44000926017761244,4.910594940185547,-0.2169468104839325,0.1497899889945984,4.952780027134653,0.2639874359836293,-0.6326773557342215,7.23,0.47,-1.0,0.0,0.0,0.0,7.23,2.47,-1.0,0.0,0.0,0.0,7.23,4.47,-1.0,0.0,0.0,0.0,7.23,0.47,1.0,0.0,0.0,0.0,7.23,2.47,1.0,0.0,0.0,0.0,7.23,4.47,1.0,0.0,0.0,0.0,1.1,0.2,-1.0,0.0,0.0,0.0,1.1,2.2,-1.0,0.0,0.0,0.0,1.1,4.2,-1.0,0.0,0.0,0.0,1.1,0.2,1.0,0.0,0.0,0.0,1.1,2.2,1.0,0.0,0.0,0.0,1.1,4.2,1.0,0.0,0.0,0.0,2.2,1.74,-1.0,0.0,0.0,0.0,2.2,3.74,-1.0,0.0,0.0,0.0,2.2,1.74,1.0,0.0,0.0,0.0,2.2,3.74,1.0,0.0,0.0,0.0,6.27,-5.45,-1.0,0.0,0.0,0.0,6.27,-3.45,-1.0,0.0,0.0,0.0,6.27,-5.45,1.0,0.0,0.0,0.0,6.27,-3.45,1.0,0.0,0.0,0.0,-3.09,-0.675999999999987,-0.12399999999999664,0.0,-0.5199999999999649,-0.13000000000000514,-3.09,1.3240000000001202,-0.12399999999999664,0.0,-0.520000000000076,-0.13000000000000514,0,0,0,0,0,0,0,0,0,0,0,0,0,0,0,0,0,0,0,0,0,0,0,0,0,0,0,0,0,0,0,0,0,0,0,0,0,0,0,0,0,0,0,0,0,0,0,0,0,0,0,0,0,0,0,0,0,0,0,0,0,0,0,0,0,0,0,0,0,0,0,0,0,0,0,0,0,0,0,0,0,0,0,0,0,0,0,0,0,0,0,0,0,0,0,0,0,0,0,0,0,0,0,0,0,0,0,0,0,0,0,0,0,0,0,0,0,0,0,0,0,0,0,0,0,0,0,0,0,0,0,0,0,0,0,0,0,0,0,0,0,0,0,0,0,0,0,0,0,0,0,0,0,0,0,0,0,0,0,0,0,0,0,0,0,0,0,0
7.201049557,-6.023031000000003,-0.9032774346241857,2.1307247494840524,2.8170000000002915,-0.25305456495283707,0.3650092601774624,2.817000000000001,-0.25305456495285034,0.3650092601776124,4.912976264953613,-0.25141412019729614,0.09115823358297348,4.949782767962734,0.275078869576409,-0.6511391291358138,7.23,0.47,-1.0,0.0,0.0,0.0,7.23,2.47,-1.0,0.0,0.0,0.0,7.23,4.47,-1.0,0.0,0.0,0.0,7.23,0.47,1.0,0.0,0.0,0.0,7.23,2.47,1.0,0.0,0.0,0.0,7.23,4.47,1.0,0.0,0.0,0.0,1.1,0.2,-1.0,0.0,0.0,0.0,1.1,2.2,-1.0,0.0,0.0,0.0,1.1,4.2,-1.0,0.0,0.0,0.0,1.1,0.2,1.0,0.0,0.0,0.0,1.1,2.2,1.0,0.0,0.0,0.0,1.1,4.2,1.0,0.0,0.0,0.0,2.2,1.74,-1.0,0.0,0.0,0.0,2.2,3.74,-1.0,0.0,0.0,0.0,2.2,1.74,1.0,0.0,0.0,0.0,2.2,3.74,1.0,0.0,0.0,0.0,6.27,-5.45,-1.0,0.0,0.0,0.0,6.27,-3.45,-1.0,0.0,0.0,0.0,6.27,-5.45,1.0,0.0,0.0,0.0,6.27,-3.45,1.0,0.0,0.0,0.0,-3.09,-0.7071999999999848,-0.13179999999999623,0.0,-0.5199999999999649,-0.12999999999999123,-3.09,1.2824000000001141,-0.13439999999999605,0.0,-0.520000000000076,-0.12999999999999123,0,0,0,0,0,0,0,0,0,0,0,0,0,0,0,0,0,0,0,0,0,0,0,0,0,0,0,0,0,0,0,0,0,0,0,0,0,0,0,0,0,0,0,0,0,0,0,0,0,0,0,0,0,0,0,0,0,0,0,0,0,0,0,0,0,0,0,0,0,0,0,0,0,0,0,0,0,0,0,0,0,0,0,0,0,0,0,0,0,0,0,0,0,0,0,0,0,0,0,0,0,0,0,0,0,0,0,0,0,0,0,0,0,0,0,0,0,0,0,0,0,0,0,0,0,0,0,0,0,0,0,0,0,0,0,0,0,0,0,0,0,0,0,0,0,0,0,0,0,0,0,0,0,0,0,0,0,0,0,0,0,0,0,0,0,0,0,0
7.300906828,-5.794592999999988,-0.9254670916585842,2.156847490298258,2.898000000000067,-0.30424645543103424,0.2840092601776867,2.898000000000001,-0.3042464554309845,0.2840092601776124,4.909657001495361,-0.3042464554309845,0.030437946319580078,4.9468307034664925,0.285296733541105,-0.6689333039040546,7.23,0.47,-1.0,0.0,0.0,0.0,7.23,2.47,-1.0,0.0,0.0,0.0,7.23,4.47,-1.0,0.0,0.0,0.0,7.23,0.47,1.0,0.0,0.0,0.0,7.23,2.47,1.0,0.0,0.0,0.0,7.23,4.47,1.0,0.0,0.0,0.0,1.1,0.2,-1.0,0.0,0.0,0.0,1.1,2.2,-1.0,0.0,0.0,0.0,1.1,4.2,-1.0,0.0,0.0,0.0,1.1,0.2,1.0,0.0,0.0,0.0,1.1,2.2,1.0,0.0,0.0,0.0,1.1,4.2,1.0,0.0,0.0,0.0,2.2,1.74,-1.0,0.0,0.0,0.0,2.2,3.74,-1.0,0.0,0.0,0.0,2.2,1.74,1.0,0.0,0.0,0.0,2.2,3.74,1.0,0.0,0.0,0.0,6.27,-5.45,-1.0,0.0,0.0,0.0,6.27,-3.45,-1.0,0.0,0.0,0.0,6.27,-5.45,1.0,0.0,0.0,0.0,6.27,-3.45,1.0,0.0,0.0,0.0,-3.09,-0.748799999999982,-0.14219999999999552,0.0,-0.5199999999999649,-0.12999999999999123,-3.09,1.2512000000001096,-0.14219999999999552,0.0,-0.520000000000076,-0.12999999999999123,0,0,0,0,0,0,0,0,0,0,0,0,0,0,0,0,0,0,0,0,0,0,0,0,0,0,0,0,0,0,0,0,0,0,0,0,0,0,0,0,0,0,0,0,0,0,0,0,0,0,0,0,0,0,0,0,0,0,0,0,0,0,0,0,0,0,0,0,0,0,0,0,0,0,0,0,0,0,0,0,0,0,0,0,0,0,0,0,0,0,0,0,0,0,0,0,0,0,0,0,0,0,0,0,0,0,0,0,0,0,0,0,0,0,0,0,0,0,0,0,0,0,0,0,0,0,0,0,0,0,0,0,0,0,0,0,0,0,0,0,0,0,0,0,0,0,0,0,0,0,0,0,0,0,0,0,0,0,0,0,0,0,0,0,0,0,0,0
7.400947755,-5.559386999999965,-0.9484863044707698,2.176202231112478,2.9640000000004108,-0.2783542275428541,0.2180092601777872,2.964000000000001,-0.2783542275428772,0.2180092601776124,4.914270401000977,-0.2783542275428772,0.004619309213012457,4.944373373036502,0.295027184348177,-0.682737803628331,7.23,0.47,-1.0,0.0,0.0,0.0,7.23,2.47,-1.0,0.0,0.0,0.0,7.23,4.47,-1.0,0.0,0.0,0.0,7.23,0.47,1.0,0.0,0.0,0.0,7.23,2.47,1.0,0.0,0.0,0.0,7.23,4.47,1.0,0.0,0.0,0.0,1.1,0.2,-1.0,0.0,0.0,0.0,1.1,2.2,-1.0,0.0,0.0,0.0,1.1,4.2,-1.0,0.0,0.0,0.0,1.1,0.2,1.0,0.0,0.0,0.0,1.1,2.2,1.0,0.0,0.0,0.0,1.1,4.2,1.0,0.0,0.0,0.0,2.2,1.74,-1.0,0.0,0.0,0.0,2.2,3.74,-1.0,0.0,0.0,0.0,2.2,1.74,1.0,0.0,0.0,0.0,2.2,3.74,1.0,0.0,0.0,0.0,6.27,-5.45,-1.0,0.0,0.0,0.0,6.27,-3.45,-1.0,0.0,0.0,0.0,6.27,-5.45,1.0,0.0,0.0,0.0,6.27,-3.45,1.0,0.0,0.0,0.0,-3.09,-0.7903999999999792,-0.15259999999999482,0.0,-0.5199999999999649,-0.12999999999999123,-3.09,1.2096000000001035,-0.15259999999999482,0.0,-0.520000000000076,-0.12999999999999123,0,0,0,0,0,0,0,0,0,0,0,0,0,0,0,0,0,0,0,0,0,0,0,0,0,0,0,0,0,0,0,0,0,0,0,0,0,0,0,0,0,0,0,0,0,0,0,0,0,0,0,0,0,0,0,0,0,0,0,0,0,0,0,0,0,0,0,0,0,0,0,0,0,0,0,0,0,0,0,0,0,0,0,0,0,0,0,0,0,0,0,0,0,0,0,0,0,0,0,0,0,0,0,0,0,0,0,0,0,0,0,0,0,0,0,0,0,0,0,0,0,0,0,0,0,0,0,0,0,0,0,0,0,0,0,0,0,0,0,0,0,0,0,0,0,0,0,0,0,0,0,0,0,0,0,0,0,0,0,0,0,0,0,0,0,0,0,0
7.502026338,-5.318396999999951,-0.9714698107926739,2.1897729719266996,3.049999999999997,-0.2942468523978725,0.13200926017775672,3.0500000000000007,-0.2942468523979187,0.13200926017761241,4.914220333099365,-0.2942468523979187,-0.03916550427675247,4.941349397099594,0.3071302314048702,-0.6990973871648107,7.23,0.47,-1.0,0.0,0.0,0.0,7.23,2.47,-1.0,0.0,0.0,0.0,7.23,4.47,-1.0,0.0,0.0,0.0,7.23,0.47,1.0,0.0,0.0,0.0,7.23,2.47,1.0,0.0,0.0,0.0,7.23,4.47,1.0,0.0,0.0,0.0,1.1,0.2,-1.0,0.0,0.0,0.0,1.1,2.2,-1.0,0.0,0.0,0.0,1.1,4.2,-1.0,0.0,0.0,0.0,1.1,0.2,1.0,0.0,0.0,0.0,1.1,2.2,1.0,0.0,0.0,0.0,1.1,4.2,1.0,0.0,0.0,0.0,2.2,1.74,-1.0,0.0,0.0,0.0,2.2,3.74,-1.0,0.0,0.0,0.0,2.2,1.74,1.0,0.0,0.0,0.0,2.2,3.74,1.0,0.0,0.0,0.0,6.27,-5.45,-1.0,0.0,0.0,0.0,6.27,-3.45,-1.0,0.0,0.0,0.0,6.27,-5.45,1.0,0.0,0.0,0.0,6.27,-3.45,1.0,0.0,0.0,0.0,-3.09,-0.8319999999999764,-0.16299999999999412,0.0,-0.5199999999999649,-0.12999999999999123,-3.09,1.1680000000000974,-0.16299999999999412,0.0,-0.520000000000076,-0.12999999999999123,0,0,0,0,0,0,0,0,0,0,0,0,0,0,0,0,0,0,0,0,0,0,0,0,0,0,0,0,0,0,0,0,0,0,0,0,0,0,0,0,0,0,0,0,0,0,0,0,0,0,0,0,0,0,0,0,0,0,0,0,0,0,0,0,0,0,0,0,0,0,0,0,0,0,0,0,0,0,0,0,0,0,0,0,0,0,0,0,0,0,0,0,0,0,0,0,0,0,0,0,0,0,0,0,0,0,0,0,0,0,0,0,0,0,0,0,0,0,0,0,0,0,0,0,0,0,0,0,0,0,0,0,0,0,0,0,0,0,0,0,0,0,0,0,0,0,0,0,0,0,0,0,0,0,0,0,0,0,0,0,0,0,0,0,0,0,0,0
7.601620611,-5.0707519999999615,-0.9951037635295285,2.1966887127409103,3.130999999999773,-0.2963402867317555,0.05100926017753693,3.1310000000000007,-0.29634028673171997,0.05100926017761241,4.914486408233643,-0.29634028673171997,-0.07500870525836945,4.938507159765501,0.31970616952382236,-0.7133968027075108,7.23,0.47,-1.0,0.0,0.0,0.0,7.23,2.47,-1.0,0.0,0.0,0.0,7.23,4.47,-1.0,0.0,0.0,0.0,7.23,0.47,1.0,0.0,0.0,0.0,7.23,2.47,1.0,0.0,0.0,0.0,7.23,4.47,1.0,0.0,0.0,0.0,1.1,0.2,-1.0,0.0,0.0,0.0,1.1,2.2,-1.0,0.0,0.0,0.0,1.1,4.2,-1.0,0.0,0.0,0.0,1.1,0.2,1.0,0.0,0.0,0.0,1.1,2.2,1.0,0.0,0.0,0.0,1.1,4.2,1.0,0.0,0.0,0.0,2.2,1.74,-1.0,0.0,0.0,0.0,2.2,3.74,-1.0,0.0,0.0,0.0,2.2,1.74,1.0,0.0,0.0,0.0,2.2,3.74,1.0,0.0,0.0,0.0,6.27,-5.45,-1.0,0.0,0.0,0.0,6.27,-3.45,-1.0,0.0,0.0,0.0,6.27,-5.45,1.0,0.0,0.0,0.0,6.27,-3.45,1.0,0.0,0.0,0.0,-3.09,-0.8735999999999736,-0.17339999999999342,0.0,-0.5199999999999649,-0.12999999999999123,-3.09,1.1264000000000913,-0.17339999999999342,0.0,-0.520000000000076,-0.12999999999999123,0,0,0,0,0,0,0,0,0,0,0,0,0,0,0,0,0,0,0,0,0,0,0,0,0,0,0,0,0,0,0,0,0,0,0,0,0,0,0,0,0,0,0,0,0,0,0,0,0,0,0,0,0,0,0,0,0,0,0,0,0,0,0,0,0,0,0,0,0,0,0,0,0,0,0,0,0,0,0,0,0,0,0,0,0,0,0,0,0,0,0,0,0,0,0,0,0,0,0,0,0,0,0,0,0,0,0,0,0,0,0,0,0,0,0,0,0,0,0,0,0,0,0,0,0,0,0,0,0,0,0,0,0,0,0,0,0,0,0,0,0,0,0,0,0,0,0,0,0,0,0,0,0,0,0,0,0,0,0,0,0,0,0,0,0,0,0,0
7.701563955,-4.816547999999981,-1.0192083495347353,2.197045453555115,3.206999999999738,-0.30444973707188794,-0.024990739822428054,3.2070000000000007,-0.30444973707199097,-0.024990739822387587,4.913332462310791,-0.30444973707199097,-0.10992462933063507,4.935933517924294,0.33206403050814737,-0.7254610852927894,7.23,0.47,-1.0,0.0,0.0,0.0,7.23,2.47,-1.0,0.0,0.0,0.0,7.23,4.47,-1.0,0.0,0.0,0.0,7.23,0.47,1.0,0.0,0.0,0.0,7.23,2.47,1.0,0.0,0.0,0.0,7.23,4.47,1.0,0.0,0.0,0.0,1.1,0.2,-1.0,0.0,0.0,0.0,1.1,2.2,-1.0,0.0,0.0,0.0,1.1,4.2,-1.0,0.0,0.0,0.0,1.1,0.2,1.0,0.0,0.0,0.0,1.1,2.2,1.0,0.0,0.0,0.0,1.1,4.2,1.0,0.0,0.0,0.0,2.2,1.74,-1.0,0.0,0.0,0.0,2.2,3.74,-1.0,0.0,0.0,0.0,2.2,1.74,1.0,0.0,0.0,0.0,2.2,3.74,1.0,0.0,0.0,0.0,6.27,-5.45,-1.0,0.0,0.0,0.0,6.27,-3.45,-1.0,0.0,0.0,0.0,6.27,-5.45,1.0,0.0,0.0,0.0,6.27,-3.45,1.0,0.0,0.0,0.0,-3.09,-0.9151999999999708,-0.18379999999999272,0.0,-0.5199999999999649,-0.12999999999999123,-3.09,1.0848000000000853,-0.18379999999999272,0.0,-0.520000000000076,-0.12999999999999123,0,0,0,0,0,0,0,0,0,0,0,0,0,0,0,0,0,0,0,0,0,0,0,0,0,0,0,0,0,0,0,0,0,0,0,0,0,0,0,0,0,0,0,0,0,0,0,0,0,0,0,0,0,0,0,0,0,0,0,0,0,0,0,0,0,0,0,0,0,0,0,0,0,0,0,0,0,0,0,0,0,0,0,0,0,0,0,0,0,0,0,0,0,0,0,0,0,0,0,0,0,0,0,0,0,0,0,0,0,0,0,0,0,0,0,0,0,0,0,0,0,0,0,0,0,0,0,0,0,0,0,0,0,0,0,0,0,0,0,0,0,0,0,0,0,0,0,0,0,0,0,0,0,0,0,0,0,0,0,0,0,0,0,0,0,0,0,0
7.805048965,-4.556247999999988,-1.0438206670968366,2.1913061943693255,3.2920000000000726,-0.31027561426166805,-0.10999073982231877,3.2920000000000007,-0.3102756142616272,-0.10999073982238759,4.911636829376221,-0.3102756142616272,-0.13559572398662567,4.9331680304700285,0.34641489765129646,-0.7374617968638786,7.23,0.47,-1.0,0.0,0.0,0.0,7.23,2.47,-1.0,0.0,0.0,0.0,7.23,4.47,-1.0,0.0,0.0,0.0,7.23,0.47,1.0,0.0,0.0,0.0,7.23,2.47,1.0,0.0,0.0,0.0,7.23,4.47,1.0,0.0,0.0,0.0,1.1,0.2,-1.0,0.0,0.0,0.0,1.1,2.2,-1.0,0.0,0.0,0.0,1.1,4.2,-1.0,0.0,0.0,0.0,1.1,0.2,1.0,0.0,0.0,0.0,1.1,2.2,1.0,0.0,0.0,0.0,1.1,4.2,1.0,0.0,0.0,0.0,2.2,1.74,-1.0,0.0,0.0,0.0,2.2,3.74,-1.0,0.0,0.0,0.0,2.2,1.74,1.0,0.0,0.0,0.0,2.2,3.74,1.0,0.0,0.0,0.0,6.27,-5.45,-1.0,0.0,0.0,0.0,6.27,-3.45,-1.0,0.0,0.0,0.0,6.27,-5.45,1.0,0.0,0.0,0.0,6.27,-3.45,1.0,0.0,0.0,0.0,-3.09,-0.956799999999968,-0.19419999999999202,0.0,-0.5199999999999649,-0.12999999999999123,-3.09,1.0432000000000792,-0.19419999999999202,0.0,-0.520000000000076,-0.12999999999999123,0,0,0,0,0,0,0,0,0,0,0,0,0,0,0,0,0,0,0,0,0,0,0,0,0,0,0,0,0,0,0,0,0,0,0,0,0,0,0,0,0,0,0,0,0,0,0,0,0,0,0,0,0,0,0,0,0,0,0,0,0,0,0,0,0,0,0,0,0,0,0,0,0,0,0,0,0,0,0,0,0,0,0,0,0,0,0,0,0,0,0,0,0,0,0,0,0,0,0,0,0,0,0,0,0,0,0,0,0,0,0,0,0,0,0,0,0,0,0,0,0,0,0,0,0,0,0,0,0,0,0,0,0,0,0,0,0,0,0,0,0,0,0,0,0,0,0,0,0,0,0,0,0,0,0,0,0,0,0,0,0,0,0,0,0,0,0,0
7.902559417,-4.356455999999978,-1.0626148095814996,2.183367236964236,3.363000000000227,-0.31582579016675716,-0.15185052156452272,3.363000000000001,-0.31582579016685486,-0.15185052156448364,4.908676624298096,-0.31582579016685486,-0.15185052156448364,4.930812211516148,0.35995777020325725,-0.7466735152886625,7.23,0.47,-1.0,0.0,0.0,0.0,7.23,2.47,-1.0,0.0,0.0,0.0,7.23,4.47,-1.0,0.0,0.0,0.0,7.23,0.47,1.0,0.0,0.0,0.0,7.23,2.47,1.0,0.0,0.0,0.0,7.23,4.47,1.0,0.0,0.0,0.0,1.1,0.2,-1.0,0.0,0.0,0.0,1.1,2.2,-1.0,0.0,0.0,0.0,1.1,4.2,-1.0,0.0,0.0,0.0,1.1,0.2,1.0,0.0,0.0,0.0,1.1,2.2,1.0,0.0,0.0,0.0,1.1,4.2,1.0,0.0,0.0,0.0,2.2,1.74,-1.0,0.0,0.0,0.0,2.2,3.74,-1.0,0.0,0.0,0.0,2.2,1.74,1.0,0.0,0.0,0.0,2.2,3.74,1.0,0.0,0.0,0.0,6.27,-5.45,-1.0,0.0,0.0,0.0,6.27,-3.45,-1.0,0.0,0.0,0.0,6.27,-5.45,1.0,0.0,0.0,0.0,6.27,-3.45,1.0,0.0,0.0,0.0,-3.09,-0.9879999999999659,-0.2019999999999915,0.0,-0.5199999999999649,-0.12999999999999123,-3.09,1.0120000000000746,-0.2019999999999915,0.0,-0.520000000000076,-0.12999999999999123,0,0,0,0,0,0,0,0,0,0,0,0,0,0,0,0,0,0,0,0,0,0,0,0,0,0,0,0,0,0,0,0,0,0,0,0,0,0,0,0,0,0,0,0,0,0,0,0,0,0,0,0,0,0,0,0,0,0,0,0,0,0,0,0,0,0,0,0,0,0,0,0,0,0,0,0,0,0,0,0,0,0,0,0,0,0,0,0,0,0,0,0,0,0,0,0,0,0,0,0,0,0,0,0,0,0,0,0,0,0,0,0,0,0,0,0,0,0,0,0,0,0,0,0,0,0,0,0,0,0,0,0,0,0,0,0,0,0,0,0,0,0,0,0,0,0,0,0,0,0,0,0,0,0,0,0,0,0,0,0,0,0,0,0,0,0,0,0
8.00259122,-4.01584399999995,-1.0940806652991562,2.1681548544092206,3.4400000000003317,-0.3137414455414156,-0.15233856439600402,3.440000000000001,-0.31374144554138184,-0.15233856439590454,4.90618896484375,-0.31374144554138184,-0.15233856439590454,4.928366202717486,0.3743997462349153,-0.7556661974253281,7.23,0.47,-1.0,0.0,0.0,0.0,7.23,2.47,-1.0,0.0,0.0,0.0,7.23,4.47,-1.0,0.0,0.0,0.0,7.23,0.47,1.0,0.0,0.0,0.0,7.23,2.47,1.0,0.0,0.0,0.0,7.23,4.47,1.0,0.0,0.0,0.0,1.1,0.2,-1.0,0.0,0.0,0.0,1.1,2.2,-1.0,0.0,0.0,0.0,1.1,4.2,-1.0,0.0,0.0,0.0,1.1,0.2,1.0,0.0,0.0,0.0,1.1,2.2,1.0,0.0,0.0,0.0,1.1,4.2,1.0,0.0,0.0,0.0,2.2,1.74,-1.0,0.0,0.0,0.0,2.2,3.74,-1.0,0.0,0.0,0.0,2.2,1.74,1.0,0.0,0.0,0.0,2.2,3.74,1.0,0.0,0.0,0.0,6.27,-5.45,-1.0,0.0,0.0,0.0,6.27,-3.45,-1.0,0.0,0.0,0.0,6.27,-5.45,1.0,0.0,0.0,0.0,6.27,-3.45,1.0,0.0,0.0,0.0,-3.09,-1.039999999999971,-0.21499999999999062,0.0,-0.520000000000076,-0.12999999999999123,-3.09,0.9600000000000756,-0.21499999999999062,0.0,-0.5199999999999649,-0.12999999999999123,0,0,0,0,0,0,0,0,0,0,0,0,0,0,0,0,0,0,0,0,0,0,0,0,0,0,0,0,0,0,0,0,0,0,0,0,0,0,0,0,0,0,0,0,0,0,0,0,0,0,0,0,0,0,0,0,0,0,0,0,0,0,0,0,0,0,0,0,0,0,0,0,0,0,0,0,0,0,0,0,0,0,0,0,0,0,0,0,0,0,0,0,0,0,0,0,0,0,0,0,0,0,0,0,0,0,0,0,0,0,0,0,0,0,0,0,0,0,0,0,0,0,0,0,0,0,0,0,0,0,0,0,0,0,0,0,0,0,0,0,0,0,0,0,0,0,0,0,0,0,0,0,0,0,0,0,0,0,0,0,0,0,0,0,0,0,0,0
8.100530063,-3.736275999999947,-1.118895112821325,2.1558830103797804,3.5240000000000826,-0.30826321244248334,-0.15396854281446437,3.524000000000001,-0.30826321244239807,-0.15396854281425476,4.904341697692871,-0.30826321244239807,-0.15396854281425476,4.925285445192945,0.39190502430850405,-0.7667944543958821,7.23,0.47,-1.0,0.0,0.0,0.0,7.23,2.47,-1.0,0.0,0.0,0.0,7.23,4.47,-1.0,0.0,0.0,0.0,7.23,0.47,1.0,0.0,0.0,0.0,7.23,2.47,1.0,0.0,0.0,0.0,7.23,4.47,1.0,0.0,0.0,0.0,1.1,0.2,-1.0,0.0,0.0,0.0,1.1,2.2,-1.0,0.0,0.0,0.0,1.1,4.2,-1.0,0.0,0.0,0.0,1.1,0.2,1.0,0.0,0.0,0.0,1.1,2.2,1.0,0.0,0.0,0.0,1.1,4.2,1.0,0.0,0.0,0.0,2.2,1.74,-1.0,0.0,0.0,0.0,2.2,3.74,-1.0,0.0,0.0,0.0,2.2,1.74,1.0,0.0,0.0,0.0,2.2,3.74,1.0,0.0,0.0,0.0,6.27,-5.45,-1.0,0.0,0.0,0.0,6.27,-3.45,-1.0,0.0,0.0,0.0,6.27,-5.45,1.0,0.0,0.0,0.0,6.27,-3.45,1.0,0.0,0.0,0.0,-3.09,-1.081599999999977,-0.22539999999998991,0.0,-0.520000000000076,-0.12999999999999123,-3.09,0.9184000000000784,-0.22539999999998991,0.0,-0.5199999999999649,-0.12999999999999123,0,0,0,0,0,0,0,0,0,0,0,0,0,0,0,0,0,0,0,0,0,0,0,0,0,0,0,0,0,0,0,0,0,0,0,0,0,0,0,0,0,0,0,0,0,0,0,0,0,0,0,0,0,0,0,0,0,0,0,0,0,0,0,0,0,0,0,0,0,0,0,0,0,0,0,0,0,0,0,0,0,0,0,0,0,0,0,0,0,0,0,0,0,0,0,0,0,0,0,0,0,0,0,0,0,0,0,0,0,0,0,0,0,0,0,0,0,0,0,0,0,0,0,0,0,0,0,0,0,0,0,0,0,0,0,0,0,0,0,0,0,0,0,0,0,0,0,0,0,0,0,0,0,0,0,0,0,0,0,0,0,0,0,0,0,0,0,0
8.201317855,-3.4502559999999445,-1.1432919826595618,2.143476111791838,3.605999999999997,-0.30297946929924713,-0.15575684607016527,3.6060000000000008,-0.3029794692993164,-0.1557568460702896,4.9017486572265625,-0.3029794692993164,-0.1557568460702896,4.922200559325527,0.40869584919073043,-0.7777591893573049,7.23,0.47,-1.0,0.0,0.0,0.0,7.23,2.47,-1.0,0.0,0.0,0.0,7.23,4.47,-1.0,0.0,0.0,0.0,7.23,0.47,1.0,0.0,0.0,0.0,7.23,2.47,1.0,0.0,0.0,0.0,7.23,4.47,1.0,0.0,0.0,0.0,1.1,0.2,-1.0,0.0,0.0,0.0,1.1,2.2,-1.0,0.0,0.0,0.0,1.1,4.2,-1.0,0.0,0.0,0.0,1.1,0.2,1.0,0.0,0.0,0.0,1.1,2.2,1.0,0.0,0.0,0.0,1.1,4.2,1.0,0.0,0.0,0.0,2.2,1.74,-1.0,0.0,0.0,0.0,2.2,3.74,-1.0,0.0,0.0,0.0,2.2,1.74,1.0,0.0,0.0,0.0,2.2,3.74,1.0,0.0,0.0,0.0,6.27,-5.45,-1.0,0.0,0.0,0.0,6.27,-3.45,-1.0,0.0,0.0,0.0,6.27,-5.45,1.0,0.0,0.0,0.0,6.27,-3.45,1.0,0.0,0.0,0.0,-3.09,-1.123199999999983,-0.2357999999999892,0.0,-0.520000000000076,-0.12999999999999123,-3.09,0.8768000000000812,-0.2357999999999892,0.0,-0.5199999999999649,-0.12999999999999123,0,0,0,0,0,0,0,0,0,0,0,0,0,0,0,0,0,0,0,0,0,0,0,0,0,0,0,0,0,0,0,0,0,0,0,0,0,0,0,0,0,0,0,0,0,0,0,0,0,0,0,0,0,0,0,0,0,0,0,0,0,0,0,0,0,0,0,0,0,0,0,0,0,0,0,0,0,0,0,0,0,0,0,0,0,0,0,0,0,0,0,0,0,0,0,0,0,0,0,0,0,0,0,0,0,0,0,0,0,0,0,0,0,0,0,0,0,0,0,0,0,0,0,0,0,0,0,0,0,0,0,0,0,0,0,0,0,0,0,0,0,0,0,0,0,0,0,0,0,0,0,0,0,0,0,0,0,0,0,0,0,0,0,0,0,0,0,0
8.302796921,-3.1582159999999444,-1.1673283591358437,2.1309501992685758,3.6950000000000047,-0.2979299426077997,-0.15739096701139488,3.6950000000000007,-0.29792994260787964,-0.15739096701145172,4.899158000946045,-0.29792994260787964,-0.15739096701145172,4.918501201155581,0.428007798556273,-0.7906676031089912,7.23,0.47,-1.0,0.0,0.0,0.0,7.23,2.47,-1.0,0.0,0.0,0.0,7.23,4.47,-1.0,0.0,0.0,0.0,7.23,0.47,1.0,0.0,0.0,0.0,7.23,2.47,1.0,0.0,0.0,0.0,7.23,4.47,1.0,0.0,0.0,0.0,1.1,0.2,-1.0,0.0,0.0,0.0,1.1,2.2,-1.0,0.0,0.0,0.0,1.1,4.2,-1.0,0.0,0.0,0.0,1.1,0.2,1.0,0.0,0.0,0.0,1.1,2.2,1.0,0.0,0.0,0.0,1.1,4.2,1.0,0.0,0.0,0.0,2.2,1.74,-1.0,0.0,0.0,0.0,2.2,3.74,-1.0,0.0,0.0,0.0,2.2,1.74,1.0,0.0,0.0,0.0,2.2,3.74,1.0,0.0,0.0,0.0,6.27,-5.45,-1.0,0.0,0.0,0.0,6.27,-3.45,-1.0,0.0,0.0,0.0,6.27,-5.45,1.0,0.0,0.0,0.0,6.27,-3.45,1.0,0.0,0.0,0.0,-3.09,-1.1751999999999907,-0.24879999999998834,0.0,-0.520000000000076,-0.12999999999999123,-3.09,0.835200000000084,-0.2461999999999885,0.0,-0.5199999999999649,-0.12999999999999123,0,0,0,0,0,0,0,0,0,0,0,0,0,0,0,0,0,0,0,0,0,0,0,0,0,0,0,0,0,0,0,0,0,0,0,0,0,0,0,0,0,0,0,0,0,0,0,0,0,0,0,0,0,0,0,0,0,0,0,0,0,0,0,0,0,0,0,0,0,0,0,0,0,0,0,0,0,0,0,0,0,0,0,0,0,0,0,0,0,0,0,0,0,0,0,0,0,0,0,0,0,0,0,0,0,0,0,0,0,0,0,0,0,0,0,0,0,0,0,0,0,0,0,0,0,0,0,0,0,0,0,0,0,0,0,0,0,0,0,0,0,0,0,0,0,0,0,0,0,0,0,0,0,0,0,0,0,0,0,0,0,0,0,0,0,0,0,0
8.401603133,-2.783877999999949,-1.1967632188288937,2.1150930337531553,3.7769999999999184,-0.29185986518864837,-0.15939213335514069,3.7770000000000006,-0.29185986518859863,-0.15939213335514069,4.896142959594727,-0.29185986518859863,-0.15939213335514069,4.914713997263027,0.44692335049982385,-0.8036453470809717,7.23,0.47,-1.0,0.0,0.0,0.0,7.23,2.47,-1.0,0.0,0.0,0.0,7.23,4.47,-1.0,0.0,0.0,0.0,7.23,0.47,1.0,0.0,0.0,0.0,7.23,2.47,1.0,0.0,0.0,0.0,7.23,4.47,1.0,0.0,0.0,0.0,1.1,0.2,-1.0,0.0,0.0,0.0,1.1,2.2,-1.0,0.0,0.0,0.0,1.1,4.2,-1.0,0.0,0.0,0.0,1.1,0.2,1.0,0.0,0.0,0.0,1.1,2.2,1.0,0.0,0.0,0.0,1.1,4.2,1.0,0.0,0.0,0.0,2.2,1.74,-1.0,0.0,0.0,0.0,2.2,3.74,-1.0,0.0,0.0,0.0,2.2,1.74,1.0,0.0,0.0,0.0,2.2,3.74,1.0,0.0,0.0,0.0,6.27,-5.45,-1.0,0.0,0.0,0.0,6.27,-3.45,-1.0,0.0,0.0,0.0,6.27,-5.45,1.0,0.0,0.0,0.0,6.27,-3.45,1.0,0.0,0.0,0.0,-3.09,-1.2167999999999968,-0.2591999999999896,0.0,-0.520000000000076,-0.130000000000019,-3.09,0.7832000000000875,-0.2591999999999896,0.0,-0.5199999999999649,-0.130000000000019,0,0,0,0,0,0,0,0,0,0,0,0,0,0,0,0,0,0,0,0,0,0,0,0,0,0,0,0,0,0,0,0,0,0,0,0,0,0,0,0,0,0,0,0,0,0,0,0,0,0,0,0,0,0,0,0,0,0,0,0,0,0,0,0,0,0,0,0,0,0,0,0,0,0,0,0,0,0,0,0,0,0,0,0,0,0,0,0,0,0,0,0,0,0,0,0,0,0,0,0,0,0,0,0,0,0,0,0,0,0,0,0,0,0,0,0,0,0,0,0,0,0,0,0,0,0,0,0,0,0,0,0,0,0,0,0,0,0,0,0,0,0,0,0,0,0,0,0,0,0,0,0,0,0,0,0,0,0,0,0,0,0,0,0,0,0,0,0
8.500985611,-2.4772299999999623,-1.2198778767673732,2.1022663085682467,3.8649999999997844,-0.28726905584330886,-0.16086967289430376,3.8650000000000007,-0.28726905584335327,-0.16086967289447784,4.892742156982422,-0.28726905584335327,-0.16086967289447784,4.910106000019462,0.4689474993524255,-0.8191137353408207,7.23,0.47,-1.0,0.0,0.0,0.0,7.23,2.47,-1.0,0.0,0.0,0.0,7.23,4.47,-1.0,0.0,0.0,0.0,7.23,0.47,1.0,0.0,0.0,0.0,7.23,2.47,1.0,0.0,0.0,0.0,7.23,4.47,1.0,0.0,0.0,0.0,1.1,0.2,-1.0,0.0,0.0,0.0,1.1,2.2,-1.0,0.0,0.0,0.0,1.1,4.2,-1.0,0.0,0.0,0.0,1.1,0.2,1.0,0.0,0.0,0.0,1.1,2.2,1.0,0.0,0.0,0.0,1.1,4.2,1.0,0.0,0.0,0.0,2.2,1.74,-1.0,0.0,0.0,0.0,2.2,3.74,-1.0,0.0,0.0,0.0,2.2,1.74,1.0,0.0,0.0,0.0,2.2,3.74,1.0,0.0,0.0,0.0,6.27,-5.45,-1.0,0.0,0.0,0.0,6.27,-3.45,-1.0,0.0,0.0,0.0,6.27,-5.45,1.0,0.0,0.0,0.0,6.27,-3.45,1.0,0.0,0.0,0.0,-3.09,-1.2584000000000028,-0.2695999999999911,0.0,-0.520000000000076,-0.130000000000019,-3.09,0.7416000000000903,-0.2695999999999911,0.0,-0.5199999999999649,-0.130000000000019,0,0,0,0,0,0,0,0,0,0,0,0,0,0,0,0,0,0,0,0,0,0,0,0,0,0,0,0,0,0,0,0,0,0,0,0,0,0,0,0,0,0,0,0,0,0,0,0,0,0,0,0,0,0,0,0,0,0,0,0,0,0,0,0,0,0,0,0,0,0,0,0,0,0,0,0,0,0,0,0,0,0,0,0,0,0,0,0,0,0,0,0,0,0,0,0,0,0,0,0,0,0,0,0,0,0,0,0,0,0,0,0,0,0,0,0,0,0,0,0,0,0,0,0,0,0,0,0,0,0,0,0,0,0,0,0,0,0,0,0,0,0,0,0,0,0,0,0,0,0,0,0,0,0,0,0,0,0,0,0,0,0,0,0,0,0,0,0
8.601956986,-2.1639799999999685,-1.242635277339673,2.089322034470574,3.946000000000005,-0.2827865779400085,-0.16236367821687026,3.9460000000000006,-0.2827865779399872,-0.1623636782169342,4.888432025909424,-0.2827865779399872,-0.1623636782169342,4.905634658765041,0.48941599614991305,-0.8337988830862008,7.23,0.47,-1.0,0.0,0.0,0.0,7.23,2.47,-1.0,0.0,0.0,0.0,7.23,4.47,-1.0,0.0,0.0,0.0,7.23,0.47,1.0,0.0,0.0,0.0,7.23,2.47,1.0,0.0,0.0,0.0,7.23,4.47,1.0,0.0,0.0,0.0,1.1,0.2,-1.0,0.0,0.0,0.0,1.1,2.2,-1.0,0.0,0.0,0.0,1.1,4.2,-1.0,0.0,0.0,0.0,1.1,0.2,1.0,0.0,0.0,0.0,1.1,2.2,1.0,0.0,0.0,0.0,1.1,4.2,1.0,0.0,0.0,0.0,2.2,1.74,-1.0,0.0,0.0,0.0,2.2,3.74,-1.0,0.0,0.0,0.0,2.2,1.74,1.0,0.0,0.0,0.0,2.2,3.74,1.0,0.0,0.0,0.0,6.27,-5.45,-1.0,0.0,0.0,0.0,6.27,-3.45,-1.0,0.0,0.0,0.0,6.27,-5.45,1.0,0.0,0.0,0.0,6.27,-3.45,1.0,0.0,0.0,0.0,-3.09,-1.300000000000009,-0.27999999999999264,0.0,-0.520000000000076,-0.130000000000019,-3.09,0.7000000000000931,-0.27999999999999264,0.0,-0.5199999999999649,-0.130000000000019,0,0,0,0,0,0,0,0,0,0,0,0,0,0,0,0,0,0,0,0,0,0,0,0,0,0,0,0,0,0,0,0,0,0,0,0,0,0,0,0,0,0,0,0,0,0,0,0,0,0,0,0,0,0,0,0,0,0,0,0,0,0,0,0,0,0,0,0,0,0,0,0,0,0,0,0,0,0,0,0,0,0,0,0,0,0,0,0,0,0,0,0,0,0,0,0,0,0,0,0,0,0,0,0,0,0,0,0,0,0,0,0,0,0,0,0,0,0,0,0,0,0,0,0,0,0,0,0,0,0,0,0,0,0,0,0,0,0,0,0,0,0,0,0,0,0,0,0,0,0,0,0,0,0,0,0,0,0,0,0,0,0,0,0,0,0,0,0
8.70145055,-1.7640399999999676,-1.2706585888354613,2.07299299811556,4.035000000000011,-0.2785308063031344,-0.1639081537723186,4.035000000000001,-0.2785308063030243,-0.16390815377235413,4.884324073791504,-0.2785308063030243,-0.16390815377235413,4.900082058214455,0.5137793987605986,-0.851602343922325,7.23,0.47,-1.0,0.0,0.0,0.0,7.23,2.47,-1.0,0.0,0.0,0.0,7.23,4.47,-1.0,0.0,0.0,0.0,7.23,0.47,1.0,0.0,0.0,0.0,7.23,2.47,1.0,0.0,0.0,0.0,7.23,4.47,1.0,0.0,0.0,0.0,1.1,0.2,-1.0,0.0,0.0,0.0,1.1,2.2,-1.0,0.0,0.0,0.0,1.1,4.2,-1.0,0.0,0.0,0.0,1.1,0.2,1.0,0.0,0.0,0.0,1.1,2.2,1.0,0.0,0.0,0.0,1.1,4.2,1.0,0.0,0.0,0.0,2.2,1.74,-1.0,0.0,0.0,0.0,2.2,3.74,-1.0,0.0,0.0,0.0,2.2,1.74,1.0,0.0,0.0,0.0,2.2,3.74,1.0,0.0,0.0,0.0,6.27,-5.45,-1.0,0.0,0.0,0.0,6.27,-3.45,-1.0,0.0,0.0,0.0,6.27,-5.45,1.0,0.0,0.0,0.0,6.27,-3.45,1.0,0.0,0.0,0.0,-3.09,-1.3520000000000165,-0.29299999999999454,0.0,-0.520000000000076,-0.130000000000019,-3.09,0.6480000000000966,-0.29299999999999454,0.0,-0.5199999999999649,-0.130000000000019,0,0,0,0,0,0,0,0,0,0,0,0,0,0,0,0,0,0,0,0,0,0,0,0,0,0,0,0,0,0,0,0,0,0,0,0,0,0,0,0,0,0,0,0,0,0,0,0,0,0,0,0,0,0,0,0,0,0,0,0,0,0,0,0,0,0,0,0,0,0,0,0,0,0,0,0,0,0,0,0,0,0,0,0,0,0,0,0,0,0,0,0,0,0,0,0,0,0,0,0,0,0,0,0,0,0,0,0,0,0,0,0,0,0,0,0,0,0,0,0,0,0,0,0,0,0,0,0,0,0,0,0,0,0,0,0,0,0,0,0,0,0,0,0,0,0,0,0,0,0,0,0,0,0,0,0,0,0,0,0,0,0,0,0,0,0,0,0
8.800768948,-1.4365959999999651,-1.2926594616262812,2.0597640277965246,4.12100000000004,-0.27331614494330303,-0.16606219112880183,4.121000000000001,-0.2733161449432373,-0.16606219112873077,4.879323959350586,-0.2733161449432373,-0.16606219112873077,4.89421723998414,0.5383817186948027,-0.8699326024567927,7.23,0.47,-1.0,0.0,0.0,0.0,7.23,2.47,-1.0,0.0,0.0,0.0,7.23,4.47,-1.0,0.0,0.0,0.0,7.23,0.47,1.0,0.0,0.0,0.0,7.23,2.47,1.0,0.0,0.0,0.0,7.23,4.47,1.0,0.0,0.0,0.0,1.1,0.2,-1.0,0.0,0.0,0.0,1.1,2.2,-1.0,0.0,0.0,0.0,1.1,4.2,-1.0,0.0,0.0,0.0,1.1,0.2,1.0,0.0,0.0,0.0,1.1,2.2,1.0,0.0,0.0,0.0,1.1,4.2,1.0,0.0,0.0,0.0,2.2,1.74,-1.0,0.0,0.0,0.0,2.2,3.74,-1.0,0.0,0.0,0.0,2.2,1.74,1.0,0.0,0.0,0.0,2.2,3.74,1.0,0.0,0.0,0.0,6.27,-5.45,-1.0,0.0,0.0,0.0,6.27,-3.45,-1.0,0.0,0.0,0.0,6.27,-5.45,1.0,0.0,0.0,0.0,6.27,-3.45,1.0,0.0,0.0,0.0,-3.09,-1.3936000000000226,-0.30339999999999606,0.0,-0.520000000000076,-0.130000000000019,-3.09,0.6064000000000994,-0.30339999999999606,0.0,-0.5199999999999649,-0.130000000000019,0,0,0,0,0,0,0,0,0,0,0,0,0,0,0,0,0,0,0,0,0,0,0,0,0,0,0,0,0,0,0,0,0,0,0,0,0,0,0,0,0,0,0,0,0,0,0,0,0,0,0,0,0,0,0,0,0,0,0,0,0,0,0,0,0,0,0,0,0,0,0,0,0,0,0,0,0,0,0,0,0,0,0,0,0,0,0,0,0,0,0,0,0,0,0,0,0,0,0,0,0,0,0,0,0,0,0,0,0,0,0,0,0,0,0,0,0,0,0,0,0,0,0,0,0,0,0,0,0,0,0,0,0,0,0,0,0,0,0,0,0,0,0,0,0,0,0,0,0,0,0,0,0,0,0,0,0,0,0,0,0,0,0,0,0,0,0,0
8.902100697,-1.1027329999999615,-1.3143382628052178,2.046398345745941,4.210000000000048,-0.2693482637405875,-0.16777935624112672,4.210000000000002,-0.26934826374053955,-0.1677793562412262,4.873748302459717,-0.26934826374053955,-0.1677793562412262,4.887519965200491,0.5652667482339606,-0.8902932624183973,7.23,0.47,-1.0,0.0,0.0,0.0,7.23,2.47,-1.0,0.0,0.0,0.0,7.23,4.47,-1.0,0.0,0.0,0.0,7.23,0.47,1.0,0.0,0.0,0.0,7.23,2.47,1.0,0.0,0.0,0.0,7.23,4.47,1.0,0.0,0.0,0.0,1.1,0.2,-1.0,0.0,0.0,0.0,1.1,2.2,-1.0,0.0,0.0,0.0,1.1,4.2,-1.0,0.0,0.0,0.0,1.1,0.2,1.0,0.0,0.0,0.0,1.1,2.2,1.0,0.0,0.0,0.0,1.1,4.2,1.0,0.0,0.0,0.0,2.2,1.74,-1.0,0.0,0.0,0.0,2.2,3.74,-1.0,0.0,0.0,0.0,2.2,1.74,1.0,0.0,0.0,0.0,2.2,3.74,1.0,0.0,0.0,0.0,6.27,-5.45,-1.0,0.0,0.0,0.0,6.27,-3.45,-1.0,0.0,0.0,0.0,6.27,-5.45,1.0,0.0,0.0,0.0,6.27,-3.45,1.0,0.0,0.0,0.0,-3.09,-1.4456000000000302,-0.31639999999999796,0.0,-0.520000000000076,-0.130000000000019,-3.09,0.5648000000001022,-0.3137999999999976,0.0,-0.5199999999999649,-0.130000000000019,0,0,0,0,0,0,0,0,0,0,0,0,0,0,0,0,0,0,0,0,0,0,0,0,0,0,0,0,0,0,0,0,0,0,0,0,0,0,0,0,0,0,0,0,0,0,0,0,0,0,0,0,0,0,0,0,0,0,0,0,0,0,0,0,0,0,0,0,0,0,0,0,0,0,0,0,0,0,0,0,0,0,0,0,0,0,0,0,0,0,0,0,0,0,0,0,0,0,0,0,0,0,0,0,0,0,0,0,0,0,0,0,0,0,0,0,0,0,0,0,0,0,0,0,0,0,0,0,0,0,0,0,0,0,0,0,0,0,0,0,0,0,0,0,0,0,0,0,0,0,0,0,0,0,0,0,0,0,0,0,0,0,0,0,0,0,0,0
9.004740392,-0.7627479999999595,-1.3357169559388125,2.0328843954129527,4.301,-0.2645148932933772,-0.17039655148964883,4.301000000000002,-0.26451489329338074,-0.17039655148983002,4.86762809753418,-0.26451489329338074,-0.17039655148983002,4.879701249206634,0.5952285041205497,-0.9133557611213855,7.23,0.47,-1.0,0.0,0.0,0.0,7.23,2.47,-1.0,0.0,0.0,0.0,7.23,4.47,-1.0,0.0,0.0,0.0,7.23,0.47,1.0,0.0,0.0,0.0,7.23,2.47,1.0,0.0,0.0,0.0,7.23,4.47,1.0,0.0,0.0,0.0,1.1,0.2,-1.0,0.0,0.0,0.0,1.1,2.2,-1.0,0.0,0.0,0.0,1.1,4.2,-1.0,0.0,0.0,0.0,1.1,0.2,1.0,0.0,0.0,0.0,1.1,2.2,1.0,0.0,0.0,0.0,1.1,4.2,1.0,0.0,0.0,0.0,2.2,1.74,-1.0,0.0,0.0,0.0,2.2,3.74,-1.0,0.0,0.0,0.0,2.2,1.74,1.0,0.0,0.0,0.0,2.2,3.74,1.0,0.0,0.0,0.0,6.27,-5.45,-1.0,0.0,0.0,0.0,6.27,-3.45,-1.0,0.0,0.0,0.0,6.27,-5.45,1.0,0.0,0.0,0.0,6.27,-3.45,1.0,0.0,0.0,0.0,-3.09,-1.4872000000000363,-0.3267999999999995,0.0,-0.520000000000076,-0.130000000000019,-3.09,0.523200000000105,-0.3241999999999991,0.0,-0.5199999999999649,-0.130000000000019,0,0,0,0,0,0,0,0,0,0,0,0,0,0,0,0,0,0,0,0,0,0,0,0,0,0,0,0,0,0,0,0,0,0,0,0,0,0,0,0,0,0,0,0,0,0,0,0,0,0,0,0,0,0,0,0,0,0,0,0,0,0,0,0,0,0,0,0,0,0,0,0,0,0,0,0,0,0,0,0,0,0,0,0,0,0,0,0,0,0,0,0,0,0,0,0,0,0,0,0,0,0,0,0,0,0,0,0,0,0,0,0,0,0,0,0,0,0,0,0,0,0,0,0,0,0,0,0,0,0,0,0,0,0,0,0,0,0,0,0,0,0,0,0,0,0,0,0,0,0,0,0,0,0,0,0,0,0,0,0,0,0,0,0,0,0,0,0
9.100802465,-0.4157819999999587,-1.3567387811331748,2.019171755649012,4.379000000000021,-0.2607482373715442,-0.17258346080772924,4.379000000000002,-0.2607482373714447,-0.1725834608078003,4.860081195831299,-0.2607482373714447,-0.1725834608078003,4.872139382010834,0.6229408637657979,-0.9349879798745081,7.23,0.47,-1.0,0.0,0.0,0.0,7.23,2.47,-1.0,0.0,0.0,0.0,7.23,4.47,-1.0,0.0,0.0,0.0,7.23,0.47,1.0,0.0,0.0,0.0,7.23,2.47,1.0,0.0,0.0,0.0,7.23,4.47,1.0,0.0,0.0,0.0,1.1,0.2,-1.0,0.0,0.0,0.0,1.1,2.2,-1.0,0.0,0.0,0.0,1.1,4.2,-1.0,0.0,0.0,0.0,1.1,0.2,1.0,0.0,0.0,0.0,1.1,2.2,1.0,0.0,0.0,0.0,1.1,4.2,1.0,0.0,0.0,0.0,2.2,1.74,-1.0,0.0,0.0,0.0,2.2,3.74,-1.0,0.0,0.0,0.0,2.2,1.74,1.0,0.0,0.0,0.0,2.2,3.74,1.0,0.0,0.0,0.0,6.27,-5.45,-1.0,0.0,0.0,0.0,6.27,-3.45,-1.0,0.0,0.0,0.0,6.27,-5.45,1.0,0.0,0.0,0.0,6.27,-3.45,1.0,0.0,0.0,0.0,-3.09,-1.5184000000000408,-0.3346000000000006,0.0,-0.520000000000076,-0.130000000000019,-3.09,0.4712000000001054,-0.337200000000001,0.0,-0.5200000000000206,-0.130000000000019,0,0,0,0,0,0,0,0,0,0,0,0,0,0,0,0,0,0,0,0,0,0,0,0,0,0,0,0,0,0,0,0,0,0,0,0,0,0,0,0,0,0,0,0,0,0,0,0,0,0,0,0,0,0,0,0,0,0,0,0,0,0,0,0,0,0,0,0,0,0,0,0,0,0,0,0,0,0,0,0,0,0,0,0,0,0,0,0,0,0,0,0,0,0,0,0,0,0,0,0,0,0,0,0,0,0,0,0,0,0,0,0,0,0,0,0,0,0,0,0,0,0,0,0,0,0,0,0,0,0,0,0,0,0,0,0,0,0,0,0,0,0,0,0,0,0,0,0,0,0,0,0,0,0,0,0,0,0,0,0,0,0,0,0,0,0,0,0
9.200708981,0.02665400000004206,-1.3826105060963634,2.001768797613554,4.460000000000002,-0.25712147355072545,-0.17516581714138724,4.460000000000003,-0.2571214735507965,-0.1751658171415329,4.8529372215271,-0.2571214735507965,-0.1751658171415329,4.863366503681493,0.6537486652132107,-0.9593116978338148,7.23,0.47,-1.0,0.0,0.0,0.0,7.23,2.47,-1.0,0.0,0.0,0.0,7.23,4.47,-1.0,0.0,0.0,0.0,7.23,0.47,1.0,0.0,0.0,0.0,7.23,2.47,1.0,0.0,0.0,0.0,7.23,4.47,1.0,0.0,0.0,0.0,1.1,0.2,-1.0,0.0,0.0,0.0,1.1,2.2,-1.0,0.0,0.0,0.0,1.1,4.2,-1.0,0.0,0.0,0.0,1.1,0.2,1.0,0.0,0.0,0.0,1.1,2.2,1.0,0.0,0.0,0.0,1.1,4.2,1.0,0.0,0.0,0.0,2.2,1.74,-1.0,0.0,0.0,0.0,2.2,3.74,-1.0,0.0,0.0,0.0,2.2,1.74,1.0,0.0,0.0,0.0,2.2,3.74,1.0,0.0,0.0,0.0,6.27,-5.45,-1.0,0.0,0.0,0.0,6.27,-3.45,-1.0,0.0,0.0,0.0,6.27,-5.45,1.0,0.0,0.0,0.0,6.27,-3.45,1.0,0.0,0.0,0.0,-3.09,-1.5704000000000484,-0.3476000000000025,0.0,-0.520000000000076,-0.130000000000019,-3.09,0.4296000000001038,-0.3476000000000025,0.0,-0.5200000000000206,-0.130000000000019,0,0,0,0,0,0,0,0,0,0,0,0,0,0,0,0,0,0,0,0,0,0,0,0,0,0,0,0,0,0,0,0,0,0,0,0,0,0,0,0,0,0,0,0,0,0,0,0,0,0,0,0,0,0,0,0,0,0,0,0,0,0,0,0,0,0,0,0,0,0,0,0,0,0,0,0,0,0,0,0,0,0,0,0,0,0,0,0,0,0,0,0,0,0,0,0,0,0,0,0,0,0,0,0,0,0,0,0,0,0,0,0,0,0,0,0,0,0,0,0,0,0,0,0,0,0,0,0,0,0,0,0,0,0,0,0,0,0,0,0,0,0,0,0,0,0,0,0,0,0,0,0,0,0,0,0,0,0,0,0,0,0,0,0,0,0,0,0
9.301891156,0.38766800000004187,-1.4029975314228529,1.98759479623275,4.545999999999993,-0.25339305400851053,-0.1784461438656404,4.546000000000003,-0.2533930540084839,-0.17844614386558533,4.844681262969971,-0.2533930540084839,-0.17844614386558533,4.852789209670973,0.6892450037472377,-0.9876123790791808,7.23,0.47,-1.0,0.0,0.0,0.0,7.23,2.47,-1.0,0.0,0.0,0.0,7.23,4.47,-1.0,0.0,0.0,0.0,7.23,0.47,1.0,0.0,0.0,0.0,7.23,2.47,1.0,0.0,0.0,0.0,7.23,4.47,1.0,0.0,0.0,0.0,1.1,0.2,-1.0,0.0,0.0,0.0,1.1,2.2,-1.0,0.0,0.0,0.0,1.1,4.2,-1.0,0.0,0.0,0.0,1.1,0.2,1.0,0.0,0.0,0.0,1.1,2.2,1.0,0.0,0.0,0.0,1.1,4.2,1.0,0.0,0.0,0.0,2.2,1.74,-1.0,0.0,0.0,0.0,2.2,3.74,-1.0,0.0,0.0,0.0,2.2,1.74,1.0,0.0,0.0,0.0,2.2,3.74,1.0,0.0,0.0,0.0,6.27,-5.45,-1.0,0.0,0.0,0.0,6.27,-3.45,-1.0,0.0,0.0,0.0,6.27,-5.45,1.0,0.0,0.0,0.0,6.27,-3.45,1.0,0.0,0.0,0.0,-3.09,-1.6120000000000545,-0.35800000000000404,0.0,-0.520000000000076,-0.130000000000019,-3.09,0.38800000000010215,-0.35800000000000404,0.0,-0.5200000000000206,-0.130000000000019,0,0,0,0,0,0,0,0,0,0,0,0,0,0,0,0,0,0,0,0,0,0,0,0,0,0,0,0,0,0,0,0,0,0,0,0,0,0,0,0,0,0,0,0,0,0,0,0,0,0,0,0,0,0,0,0,0,0,0,0,0,0,0,0,0,0,0,0,0,0,0,0,0,0,0,0,0,0,0,0,0,0,0,0,0,0,0,0,0,0,0,0,0,0,0,0,0,0,0,0,0,0,0,0,0,0,0,0,0,0,0,0,0,0,0,0,0,0,0,0,0,0,0,0,0,0,0,0,0,0,0,0,0,0,0,0,0,0,0,0,0,0,0,0,0,0,0,0,0,0,0,0,0,0,0,0,0,0,0,0,0,0,0,0,0,0,0,0
9.401750747,0.7553170000000444,-1.4230577844320575,1.973070527188353,4.627000000000047,-0.24908302724369058,-0.1835191547869819,4.627000000000003,-0.2490830272436142,-0.1835191547870636,4.834969997406006,-0.2490830272436142,-0.1835191547870636,4.717172724999979,0.706421504900173,-0.9902960111893064,7.23,0.47,-1.0,0.0,0.0,0.0,7.23,2.47,-1.0,0.0,0.0,0.0,7.23,4.47,-1.0,0.0,0.0,0.0,7.23,0.47,1.0,0.0,0.0,0.0,7.23,2.47,1.0,0.0,0.0,0.0,7.23,4.47,1.0,0.0,0.0,0.0,1.1,0.2,-1.0,0.0,0.0,0.0,1.1,2.2,-1.0,0.0,0.0,0.0,1.1,4.2,-1.0,0.0,0.0,0.0,1.1,0.2,1.0,0.0,0.0,0.0,1.1,2.2,1.0,0.0,0.0,0.0,1.1,4.2,1.0,0.0,0.0,0.0,2.2,1.74,-1.0,0.0,0.0,0.0,2.2,3.74,-1.0,0.0,0.0,0.0,2.2,1.74,1.0,0.0,0.0,0.0,2.2,3.74,1.0,0.0,0.0,0.0,6.27,-5.45,-1.0,0.0,0.0,0.0,6.27,-3.45,-1.0,0.0,0.0,0.0,6.27,-5.45,1.0,0.0,0.0,0.0,6.27,-3.45,1.0,0.0,0.0,0.0,-3.09,-1.6536000000000606,-0.36840000000000556,0.0,-0.520000000000076,-0.130000000000019,-3.09,0.3464000000001005,-0.36840000000000556,0.0,-0.5200000000000206,-0.130000000000019,0,0,0,0,0,0,0,0,0,0,0,0,0,0,0,0,0,0,0,0,0,0,0,0,0,0,0,0,0,0,0,0,0,0,0,0,0,0,0,0,0,0,0,0,0,0,0,0,0,0,0,0,0,0,0,0,0,0,0,0,0,0,0,0,0,0,0,0,0,0,0,0,0,0,0,0,0,0,0,0,0,0,0,0,0,0,0,0,0,0,0,0,0,0,0,0,0,0,0,0,0,0,0,0,0,0,0,0,0,0,0,0,0,0,0,0,0,0,0,0,0,0,0,0,0,0,0,0,0,0,0,0,0,0,0,0,0,0,0,0,0,0,0,0,0,0,0,0,0,0,0,0,0,0,0,0,0,0,0,0,0,0,0,0,0,0,0,0
9.504904692,1.1295470000000463,-1.442259675630811,1.9579942321999577,4.701000000000065,-0.23590573668474946,-0.1906966567040147,4.701000000000003,-0.2359057366847992,-0.19069665670394897,4.702324390411377,-0.2359057366847992,-0.19069665670394897,4.560463166666644,0.7148170560195475,-0.9840703977755576,7.23,0.47,-1.0,0.0,0.0,0.0,7.23,2.47,-1.0,0.0,0.0,0.0,7.23,4.47,-1.0,0.0,0.0,0.0,7.23,0.47,1.0,0.0,0.0,0.0,7.23,2.47,1.0,0.0,0.0,0.0,7.23,4.47,1.0,0.0,0.0,0.0,1.1,0.2,-1.0,0.0,0.0,0.0,1.1,2.2,-1.0,0.0,0.0,0.0,1.1,4.2,-1.0,0.0,0.0,0.0,1.1,0.2,1.0,0.0,0.0,0.0,1.1,2.2,1.0,0.0,0.0,0.0,1.1,4.2,1.0,0.0,0.0,0.0,2.2,1.74,-1.0,0.0,0.0,0.0,2.2,3.74,-1.0,0.0,0.0,0.0,2.2,1.74,1.0,0.0,0.0,0.0,2.2,3.74,1.0,0.0,0.0,0.0,6.27,-5.45,-1.0,0.0,0.0,0.0,6.27,-3.45,-1.0,0.0,0.0,0.0,6.27,-5.45,1.0,0.0,0.0,0.0,6.27,-3.45,1.0,0.0,0.0,0.0,-3.09,-1.6952000000000667,-0.3788000000000071,0.0,-0.520000000000076,-0.130000000000019,-3.09,0.3048000000000989,-0.3788000000000071,0.0,-0.5200000000000206,-0.130000000000019,0,0,0,0,0,0,0,0,0,0,0,0,0,0,0,0,0,0,0,0,0,0,0,0,0,0,0,0,0,0,0,0,0,0,0,0,0,0,0,0,0,0,0,0,0,0,0,0,0,0,0,0,0,0,0,0,0,0,0,0,0,0,0,0,0,0,0,0,0,0,0,0,0,0,0,0,0,0,0,0,0,0,0,0,0,0,0,0,0,0,0,0,0,0,0,0,0,0,0,0,0,0,0,0,0,0,0,0,0,0,0,0,0,0,0,0,0,0,0,0,0,0,0,0,0,0,0,0,0,0,0,0,0,0,0,0,0,0,0,0,0,0,0,0,0,0,0,0,0,0,0,0,0,0,0,0,0,0,0,0,0,0,0,0,0,0,0,0
9.601590938,1.5013630000000444,-1.4568681345655954,1.938474499663641,4.618999999999929,-0.15390573668483398,-0.2726966567039302,4.619000000000003,-0.15390573668479918,-0.272696656703949,4.60228157043457,-0.033604949712753296,-0.648541271686554,4.355653899999976,0.7247958353390466,-0.9754108729360109,7.23,0.47,-1.0,0.0,0.0,0.0,7.23,2.47,-1.0,0.0,0.0,0.0,7.23,4.47,-1.0,0.0,0.0,0.0,7.23,0.47,1.0,0.0,0.0,0.0,7.23,2.47,1.0,0.0,0.0,0.0,7.23,4.47,1.0,0.0,0.0,0.0,1.1,0.2,-1.0,0.0,0.0,0.0,1.1,2.2,-1.0,0.0,0.0,0.0,1.1,4.2,-1.0,0.0,0.0,0.0,1.1,0.2,1.0,0.0,0.0,0.0,1.1,2.2,1.0,0.0,0.0,0.0,1.1,4.2,1.0,0.0,0.0,0.0,2.2,1.74,-1.0,0.0,0.0,0.0,2.2,3.74,-1.0,0.0,0.0,0.0,2.2,1.74,1.0,0.0,0.0,0.0,2.2,3.74,1.0,0.0,0.0,0.0,6.27,-5.45,-1.0,0.0,0.0,0.0,6.27,-3.45,-1.0,0.0,0.0,0.0,6.27,-5.45,1.0,0.0,0.0,0.0,6.27,-3.45,1.0,0.0,0.0,0.0,-3.09,-1.7368000000000727,-0.3892000000000086,0.0,-0.520000000000076,-0.130000000000019,-3.09,0.26320000000009725,-0.3892000000000086,0.0,-0.5200000000000206,-0.130000000000019,0,0,0,0,0,0,0,0,0,0,0,0,0,0,0,0,0,0,0,0,0,0,0,0,0,0,0,0,0,0,0,0,0,0,0,0,0,0,0,0,0,0,0,0,0,0,0,0,0,0,0,0,0,0,0,0,0,0,0,0,0,0,0,0,0,0,0,0,0,0,0,0,0,0,0,0,0,0,0,0,0,0,0,0,0,0,0,0,0,0,0,0,0,0,0,0,0,0,0,0,0,0,0,0,0,0,0,0,0,0,0,0,0,0,0,0,0,0,0,0,0,0,0,0,0,0,0,0,0,0,0,0,0,0,0,0,0,0,0,0,0,0,0,0,0,0,0,0,0,0,0,0,0,0,0,0,0,0,0,0,0,0,0,0,0,0,0,0
9.701839912,1.866733000000047,-1.4650305935003793,1.9125087671273238,4.536000000000095,-0.07090573668477873,-0.3556966567039854,4.536000000000003,-0.07090573668479917,-0.355696656703949,4.393157958984375,-0.030546747148036957,-0.7113900184631348,4.166508499999979,0.7308723705431244,-0.9639967100111495,7.23,0.47,-1.0,0.0,0.0,0.0,7.23,2.47,-1.0,0.0,0.0,0.0,7.23,4.47,-1.0,0.0,0.0,0.0,7.23,0.47,1.0,0.0,0.0,0.0,7.23,2.47,1.0,0.0,0.0,0.0,7.23,4.47,1.0,0.0,0.0,0.0,1.1,0.2,-1.0,0.0,0.0,0.0,1.1,2.2,-1.0,0.0,0.0,0.0,1.1,4.2,-1.0,0.0,0.0,0.0,1.1,0.2,1.0,0.0,0.0,0.0,1.1,2.2,1.0,0.0,0.0,0.0,1.1,4.2,1.0,0.0,0.0,0.0,2.2,1.74,-1.0,0.0,0.0,0.0,2.2,3.74,-1.0,0.0,0.0,0.0,2.2,1.74,1.0,0.0,0.0,0.0,2.2,3.74,1.0,0.0,0.0,0.0,6.27,-5.45,-1.0,0.0,0.0,0.0,6.27,-3.45,-1.0,0.0,0.0,0.0,6.27,-5.45,1.0,0.0,0.0,0.0,6.27,-3.45,1.0,0.0,0.0,0.0,-3.09,-1.7784000000000788,-0.3996000000000101,0.0,-0.520000000000076,-0.130000000000019,-3.09,0.22160000000009714,-0.3996000000000101,0.0,-0.5199999999999926,-0.130000000000019,0,0,0,0,0,0,0,0,0,0,0,0,0,0,0,0,0,0,0,0,0,0,0,0,0,0,0,0,0,0,0,0,0,0,0,0,0,0,0,0,0,0,0,0,0,0,0,0,0,0,0,0,0,0,0,0,0,0,0,0,0,0,0,0,0,0,0,0,0,0,0,0,0,0,0,0,0,0,0,0,0,0,0,0,0,0,0,0,0,0,0,0,0,0,0,0,0,0,0,0,0,0,0,0,0,0,0,0,0,0,0,0,0,0,0,0,0,0,0,0,0,0,0,0,0,0,0,0,0,0,0,0,0,0,0,0,0,0,0,0,0,0,0,0,0,0,0,0,0,0,0,0,0,0,0,0,0,0,0,0,0,0,0,0,0,0,0,0
9.800646903,2.2257590000000476,-1.4687690993037215,1.880199034591009,4.453999999999958,-0.029757797717966383,-0.4376966567039009,4.454000000000003,-0.029757797718048096,-0.437696656703949,4.195180416107178,-0.029757797718048096,-0.7810102701187134,3.976200499999975,0.7337893936975014,-0.9488534504295825,7.23,0.47,-1.0,0.0,0.0,0.0,7.23,2.47,-1.0,0.0,0.0,0.0,7.23,4.47,-1.0,0.0,0.0,0.0,7.23,0.47,1.0,0.0,0.0,0.0,7.23,2.47,1.0,0.0,0.0,0.0,7.23,4.47,1.0,0.0,0.0,0.0,1.1,0.2,-1.0,0.0,0.0,0.0,1.1,2.2,-1.0,0.0,0.0,0.0,1.1,4.2,-1.0,0.0,0.0,0.0,1.1,0.2,1.0,0.0,0.0,0.0,1.1,2.2,1.0,0.0,0.0,0.0,1.1,4.2,1.0,0.0,0.0,0.0,2.2,1.74,-1.0,0.0,0.0,0.0,2.2,3.74,-1.0,0.0,0.0,0.0,2.2,1.74,1.0,0.0,0.0,0.0,2.2,3.74,1.0,0.0,0.0,0.0,6.27,-5.45,-1.0,0.0,0.0,0.0,6.27,-3.45,-1.0,0.0,0.0,0.0,6.27,-5.45,1.0,0.0,0.0,0.0,6.27,-3.45,1.0,0.0,0.0,0.0,-3.09,-1.8200000000000849,-0.41000000000001163,0.0,-0.520000000000076,-0.130000000000019,-3.09,0.18000000000009772,-0.41000000000001163,0.0,-0.5199999999999926,-0.130000000000019,0,0,0,0,0,0,0,0,0,0,0,0,0,0,0,0,0,0,0,0,0,0,0,0,0,0,0,0,0,0,0,0,0,0,0,0,0,0,0,0,0,0,0,0,0,0,0,0,0,0,0,0,0,0,0,0,0,0,0,0,0,0,0,0,0,0,0,0,0,0,0,0,0,0,0,0,0,0,0,0,0,0,0,0,0,0,0,0,0,0,0,0,0,0,0,0,0,0,0,0,0,0,0,0,0,0,0,0,0,0,0,0,0,0,0,0,0,0,0,0,0,0,0,0,0,0,0,0,0,0,0,0,0,0,0,0,0,0,0,0,0,0,0,0,0,0,0,0,0,0,0,0,0,0,0,0,0,0,0,0,0,0,0,0,0,0,0,0
9.904046145,2.4903720000000393,-1.4700378022279712,1.8513102351887691,4.382999999999804,-0.015791177749635565,-0.5086966567040552,4.383000000000004,-0.01579117774963379,-0.508696656703949,4.002369403839111,-0.01579117774963379,-0.8038278818130493,3.8206122499999777,0.7347715584827648,-0.9332323174449453,7.23,0.47,-1.0,0.0,0.0,0.0,7.23,2.47,-1.0,0.0,0.0,0.0,7.23,4.47,-1.0,0.0,0.0,0.0,7.23,0.47,1.0,0.0,0.0,0.0,7.23,2.47,1.0,0.0,0.0,0.0,7.23,4.47,1.0,0.0,0.0,0.0,1.1,0.2,-1.0,0.0,0.0,0.0,1.1,2.2,-1.0,0.0,0.0,0.0,1.1,4.2,-1.0,0.0,0.0,0.0,1.1,0.2,1.0,0.0,0.0,0.0,1.1,2.2,1.0,0.0,0.0,0.0,1.1,4.2,1.0,0.0,0.0,0.0,2.2,1.74,-1.0,0.0,0.0,0.0,2.2,3.74,-1.0,0.0,0.0,0.0,2.2,1.74,1.0,0.0,0.0,0.0,2.2,3.74,1.0,0.0,0.0,0.0,6.27,-5.45,-1.0,0.0,0.0,0.0,6.27,-3.45,-1.0,0.0,0.0,0.0,6.27,-5.45,1.0,0.0,0.0,0.0,6.27,-3.45,1.0,0.0,0.0,0.0,-3.09,-1.8512000000000894,-0.4178000000000128,0.0,-0.520000000000076,-0.130000000000019,-3.09,0.1384000000000983,-0.42040000000001315,0.0,-0.5199999999999926,-0.130000000000019,0,0,0,0,0,0,0,0,0,0,0,0,0,0,0,0,0,0,0,0,0,0,0,0,0,0,0,0,0,0,0,0,0,0,0,0,0,0,0,0,0,0,0,0,0,0,0,0,0,0,0,0,0,0,0,0,0,0,0,0,0,0,0,0,0,0,0,0,0,0,0,0,0,0,0,0,0,0,0,0,0,0,0,0,0,0,0,0,0,0,0,0,0,0,0,0,0,0,0,0,0,0,0,0,0,0,0,0,0,0,0,0,0,0,0,0,0,0,0,0,0,0,0,0,0,0,0,0,0,0,0,0,0,0,0,0,0,0,0,0,0,0,0,0,0,0,0,0,0,0,0,0,0,0,0,0,0,0,0,0,0,0,0,0,0,0,0,0
10.001551329,2.7516270000000316,-1.4707176540579776,1.8190634357865298,4.3079999999999785,-0.004155576229125657,-0.5836966567038804,4.308000000000003,-0.004155576229095459,-0.583696656703949,3.8435676097869873,-0.004155576229095459,-0.8221796751022339,3.6651124999999842,0.7353193490548121,-0.9150768361319517,7.23,0.47,-1.0,0.0,0.0,0.0,7.23,2.47,-1.0,0.0,0.0,0.0,7.23,4.47,-1.0,0.0,0.0,0.0,7.23,0.47,1.0,0.0,0.0,0.0,7.23,2.47,1.0,0.0,0.0,0.0,7.23,4.47,1.0,0.0,0.0,0.0,1.1,0.2,-1.0,0.0,0.0,0.0,1.1,2.2,-1.0,0.0,0.0,0.0,1.1,4.2,-1.0,0.0,0.0,0.0,1.1,0.2,1.0,0.0,0.0,0.0,1.1,2.2,1.0,0.0,0.0,0.0,1.1,4.2,1.0,0.0,0.0,0.0,2.2,1.74,-1.0,0.0,0.0,0.0,2.2,3.74,-1.0,0.0,0.0,0.0,2.2,1.74,1.0,0.0,0.0,0.0,2.2,3.74,1.0,0.0,0.0,0.0,6.27,-5.45,-1.0,0.0,0.0,0.0,6.27,-3.45,-1.0,0.0,0.0,0.0,6.27,-5.45,1.0,0.0,0.0,0.0,6.27,-3.45,1.0,0.0,0.0,0.0,-3.09,-1.882400000000094,-0.4256000000000139,0.0,-0.520000000000076,-0.130000000000019,-3.09,0.11760000000009839,-0.4256000000000139,0.0,-0.5200000000000066,-0.130000000000019,0,0,0,0,0,0,0,0,0,0,0,0,0,0,0,0,0,0,0,0,0,0,0,0,0,0,0,0,0,0,0,0,0,0,0,0,0,0,0,0,0,0,0,0,0,0,0,0,0,0,0,0,0,0,0,0,0,0,0,0,0,0,0,0,0,0,0,0,0,0,0,0,0,0,0,0,0,0,0,0,0,0,0,0,0,0,0,0,0,0,0,0,0,0,0,0,0,0,0,0,0,0,0,0,0,0,0,0,0,0,0,0,0,0,0,0,0,0,0,0,0,0,0,0,0,0,0,0,0,0,0,0,0,0,0,0,0,0,0,0,0,0,0,0,0,0,0,0,0,0,0,0,0,0,0,0,0,0,0,0,0,0,0,0,0,0,0,0
10.101960931,3.0936670000000217,-1.4704514430251066,1.7697677032502113,4.2559999999998155,0.007817566394896502,-0.6356966567040434,4.256000000000004,0.007817566394805908,-0.635696656703949,3.6841347217559814,0.007817566394805908,-0.8382561802864075,3.5464426904761757,0.7353855604501329,-0.8987591117243368,7.23,0.47,-1.0,0.0,0.0,0.0,7.23,2.47,-1.0,0.0,0.0,0.0,7.23,4.47,-1.0,0.0,0.0,0.0,7.23,0.47,1.0,0.0,0.0,0.0,7.23,2.47,1.0,0.0,0.0,0.0,7.23,4.47,1.0,0.0,0.0,0.0,1.1,0.2,-1.0,0.0,0.0,0.0,1.1,2.2,-1.0,0.0,0.0,0.0,1.1,4.2,-1.0,0.0,0.0,0.0,1.1,0.2,1.0,0.0,0.0,0.0,1.1,2.2,1.0,0.0,0.0,0.0,1.1,4.2,1.0,0.0,0.0,0.0,2.2,1.74,-1.0,0.0,0.0,0.0,2.2,3.74,-1.0,0.0,0.0,0.0,2.2,1.74,1.0,0.0,0.0,0.0,2.2,3.74,1.0,0.0,0.0,0.0,6.27,-5.45,-1.0,0.0,0.0,0.0,6.27,-3.45,-1.0,0.0,0.0,0.0,6.27,-5.45,1.0,0.0,0.0,0.0,6.27,-3.45,1.0,0.0,0.0,0.0,-3.09,-1.9240000000001,-0.43600000000001543,0.0,-0.520000000000076,-0.130000000000019,-3.09,0.07600000000009786,-0.43600000000001543,0.0,-0.5200000000000066,-0.130000000000019,0,0,0,0,0,0,0,0,0,0,0,0,0,0,0,0,0,0,0,0,0,0,0,0,0,0,0,0,0,0,0,0,0,0,0,0,0,0,0,0,0,0,0,0,0,0,0,0,0,0,0,0,0,0,0,0,0,0,0,0,0,0,0,0,0,0,0,0,0,0,0,0,0,0,0,0,0,0,0,0,0,0,0,0,0,0,0,0,0,0,0,0,0,0,0,0,0,0,0,0,0,0,0,0,0,0,0,0,0,0,0,0,0,0,0,0,0,0,0,0,0,0,0,0,0,0,0,0,0,0,0,0,0,0,0,0,0,0,0,0,0,0,0,0,0,0,0,0,0,0,0,0,0,0,0,0,0,0,0,0,0,0,0,0,0,0,0,0
10.204434251,3.5137630000000013,-1.4690932131495367,1.7006940375798192,4.169999999999786,0.01682496070865014,-0.7216966567038519,4.1700000000000035,0.016824960708618164,-0.721696656703949,3.562654733657837,0.016824960708618164,-0.8446909785270691,3.3598784999999936,0.7350177054746108,-0.8705545251776176,7.23,0.47,-1.0,0.0,0.0,0.0,7.23,2.47,-1.0,0.0,0.0,0.0,7.23,4.47,-1.0,0.0,0.0,0.0,7.23,0.47,1.0,0.0,0.0,0.0,7.23,2.47,1.0,0.0,0.0,0.0,7.23,4.47,1.0,0.0,0.0,0.0,1.1,0.2,-1.0,0.0,0.0,0.0,1.1,2.2,-1.0,0.0,0.0,0.0,1.1,4.2,-1.0,0.0,0.0,0.0,1.1,0.2,1.0,0.0,0.0,0.0,1.1,2.2,1.0,0.0,0.0,0.0,1.1,4.2,1.0,0.0,0.0,0.0,2.2,1.74,-1.0,0.0,0.0,0.0,2.2,3.74,-1.0,0.0,0.0,0.0,2.2,1.74,1.0,0.0,0.0,0.0,2.2,3.74,1.0,0.0,0.0,0.0,6.27,-5.45,-1.0,0.0,0.0,0.0,6.27,-3.45,-1.0,0.0,0.0,0.0,6.27,-5.45,1.0,0.0,0.0,0.0,6.27,-3.45,1.0,0.0,0.0,0.0,-3.09,-1.9656000000001062,-0.44640000000001695,0.0,-0.520000000000076,-0.130000000000019,-3.09,0.03440000000009772,-0.44640000000001695,0.0,-0.5199999999999996,-0.130000000000019,0,0,0,0,0,0,0,0,0,0,0,0,0,0,0,0,0,0,0,0,0,0,0,0,0,0,0,0,0,0,0,0,0,0,0,0,0,0,0,0,0,0,0,0,0,0,0,0,0,0,0,0,0,0,0,0,0,0,0,0,0,0,0,0,0,0,0,0,0,0,0,0,0,0,0,0,0,0,0,0,0,0,0,0,0,0,0,0,0,0,0,0,0,0,0,0,0,0,0,0,0,0,0,0,0,0,0,0,0,0,0,0,0,0,0,0,0,0,0,0,0,0,0,0,0,0,0,0,0,0,0,0,0,0,0,0,0,0,0,0,0,0,0,0,0,0,0,0,0,0,0,0,0,0,0,0,0,0,0,0,0,0,0,0,0,0,0,0
10.301073066,3.8424039999999997,-1.4670385595049762,1.6379993050435013,4.083000000000058,0.029257535934412715,-0.8086966567040221,4.083000000000004,0.029257535934448242,-0.808696656703949,3.370854377746582,0.029257535934448242,-0.8513509035110474,3.182016157894738,0.7342486023114425,-0.8393611996384838,7.23,0.47,-1.0,0.0,0.0,0.0,7.23,2.47,-1.0,0.0,0.0,0.0,7.23,4.47,-1.0,0.0,0.0,0.0,7.23,0.47,1.0,0.0,0.0,0.0,7.23,2.47,1.0,0.0,0.0,0.0,7.23,4.47,1.0,0.0,0.0,0.0,1.1,0.2,-1.0,0.0,0.0,0.0,1.1,2.2,-1.0,0.0,0.0,0.0,1.1,4.2,-1.0,0.0,0.0,0.0,1.1,0.2,1.0,0.0,0.0,0.0,1.1,2.2,1.0,0.0,0.0,0.0,1.1,4.2,1.0,0.0,0.0,0.0,2.2,1.74,-1.0,0.0,0.0,0.0,2.2,3.74,-1.0,0.0,0.0,0.0,2.2,1.74,1.0,0.0,0.0,0.0,2.2,3.74,1.0,0.0,0.0,0.0,6.27,-5.45,-1.0,0.0,0.0,0.0,6.27,-3.45,-1.0,0.0,0.0,0.0,6.27,-5.45,1.0,0.0,0.0,0.0,6.27,-3.45,1.0,0.0,0.0,0.0,-3.09,-2.0176000000001064,-0.45940000000001885,0.0,-0.5199999999998539,-0.130000000000019,-3.09,-0.01759999999990225,-0.45940000000001885,0.0,-0.5199999999999996,-0.130000000000019,0,0,0,0,0,0,0,0,0,0,0,0,0,0,0,0,0,0,0,0,0,0,0,0,0,0,0,0,0,0,0,0,0,0,0,0,0,0,0,0,0,0,0,0,0,0,0,0,0,0,0,0,0,0,0,0,0,0,0,0,0,0,0,0,0,0,0,0,0,0,0,0,0,0,0,0,0,0,0,0,0,0,0,0,0,0,0,0,0,0,0,0,0,0,0,0,0,0,0,0,0,0,0,0,0,0,0,0,0,0,0,0,0,0,0,0,0,0,0,0,0,0,0,0,0,0,0,0,0,0,0,0,0,0,0,0,0,0,0,0,0,0,0,0,0,0,0,0,0,0,0,0,0,0,0,0,0,0,0,0,0,0,0,0,0,0,0,0
10.401628352,4.164819999999993,-1.4642062354769667,1.5712081263630795,3.9949999999997488,0.03950172662725571,-0.8523517847061068,3.9950000000000037,0.039501726627349854,-0.8523517847061157,3.187152862548828,0.039501726627349854,-0.8523517847061157,2.999513899999999,0.7329098298771343,-0.8030641782296144,7.23,0.47,-1.0,0.0,0.0,0.0,7.23,2.47,-1.0,0.0,0.0,0.0,7.23,4.47,-1.0,0.0,0.0,0.0,7.23,0.47,1.0,0.0,0.0,0.0,7.23,2.47,1.0,0.0,0.0,0.0,7.23,4.47,1.0,0.0,0.0,0.0,1.1,0.2,-1.0,0.0,0.0,0.0,1.1,2.2,-1.0,0.0,0.0,0.0,1.1,4.2,-1.0,0.0,0.0,0.0,1.1,0.2,1.0,0.0,0.0,0.0,1.1,2.2,1.0,0.0,0.0,0.0,1.1,4.2,1.0,0.0,0.0,0.0,2.2,1.74,-1.0,0.0,0.0,0.0,2.2,3.74,-1.0,0.0,0.0,0.0,2.2,1.74,1.0,0.0,0.0,0.0,2.2,3.74,1.0,0.0,0.0,0.0,6.27,-5.45,-1.0,0.0,0.0,0.0,6.27,-3.45,-1.0,0.0,0.0,0.0,6.27,-5.45,1.0,0.0,0.0,0.0,6.27,-3.45,1.0,0.0,0.0,0.0,-3.09,-2.0592000000000947,-0.46980000000002037,0.0,-0.5199999999998539,-0.130000000000019,-3.09,-0.05919999999990222,-0.46980000000002037,0.0,-0.5199999999999996,-0.130000000000019,0,0,0,0,0,0,0,0,0,0,0,0,0,0,0,0,0,0,0,0,0,0,0,0,0,0,0,0,0,0,0,0,0,0,0,0,0,0,0,0,0,0,0,0,0,0,0,0,0,0,0,0,0,0,0,0,0,0,0,0,0,0,0,0,0,0,0,0,0,0,0,0,0,0,0,0,0,0,0,0,0,0,0,0,0,0,0,0,0,0,0,0,0,0,0,0,0,0,0,0,0,0,0,0,0,0,0,0,0,0,0,0,0,0,0,0,0,0,0,0,0,0,0,0,0,0,0,0,0,0,0,0,0,0,0,0,0,0,0,0,0,0,0,0,0,0,0,0,0,0,0,0,0,0,0,0,0,0,0,0,0,0,0,0,0,0,0,0
10.501192004,4.558951999999976,-1.4599881636586243,1.4871307876675504,3.906999999999883,0.043893516063597815,-0.8333708047867372,3.9070000000000036,0.043893516063690186,-0.8333708047866821,3.0011751651763916,0.043893516063690186,-0.8333708047866821,2.831873500000009,0.7312450470371247,-0.7673164617701972,7.23,0.47,-1.0,0.0,0.0,0.0,7.23,2.47,-1.0,0.0,0.0,0.0,7.23,4.47,-1.0,0.0,0.0,0.0,7.23,0.47,1.0,0.0,0.0,0.0,7.23,2.47,1.0,0.0,0.0,0.0,7.23,4.47,1.0,0.0,0.0,0.0,1.1,0.2,-1.0,0.0,0.0,0.0,1.1,2.2,-1.0,0.0,0.0,0.0,1.1,4.2,-1.0,0.0,0.0,0.0,1.1,0.2,1.0,0.0,0.0,0.0,1.1,2.2,1.0,0.0,0.0,0.0,1.1,4.2,1.0,0.0,0.0,0.0,2.2,1.74,-1.0,0.0,0.0,0.0,2.2,3.74,-1.0,0.0,0.0,0.0,2.2,1.74,1.0,0.0,0.0,0.0,2.2,3.74,1.0,0.0,0.0,0.0,6.27,-5.45,-1.0,0.0,0.0,0.0,6.27,-3.45,-1.0,0.0,0.0,0.0,6.27,-5.45,1.0,0.0,0.0,0.0,6.27,-3.45,1.0,0.0,0.0,0.0,-3.09,-2.100800000000083,-0.4802000000000219,0.0,-0.5199999999998539,-0.130000000000019,-3.09,-0.11119999999990283,-0.48280000000002227,0.0,-0.5200000000000066,-0.130000000000019,0,0,0,0,0,0,0,0,0,0,0,0,0,0,0,0,0,0,0,0,0,0,0,0,0,0,0,0,0,0,0,0,0,0,0,0,0,0,0,0,0,0,0,0,0,0,0,0,0,0,0,0,0,0,0,0,0,0,0,0,0,0,0,0,0,0,0,0,0,0,0,0,0,0,0,0,0,0,0,0,0,0,0,0,0,0,0,0,0,0,0,0,0,0,0,0,0,0,0,0,0,0,0,0,0,0,0,0,0,0,0,0,0,0,0,0,0,0,0,0,0,0,0,0,0,0,0,0,0,0,0,0,0,0,0,0,0,0,0,0,0,0,0,0,0,0,0,0,0,0,0,0,0,0,0,0,0,0,0,0,0,0,0,0,0,0,0,0
10.600556456,4.866781999999989,-1.4565656673398064,1.422426076826369,3.8210000000002964,0.04227560758596205,-0.7976443767547803,3.8210000000000037,0.04227560758590698,-0.7976443767547607,2.8336148262023926,0.04227560758590698,-0.7976443767547607,2.656477750000012,0.7292777261180912,-0.7299889418914498,7.23,0.47,-1.0,0.0,0.0,0.0,7.23,2.47,-1.0,0.0,0.0,0.0,7.23,4.47,-1.0,0.0,0.0,0.0,7.23,0.47,1.0,0.0,0.0,0.0,7.23,2.47,1.0,0.0,0.0,0.0,7.23,4.47,1.0,0.0,0.0,0.0,1.1,0.2,-1.0,0.0,0.0,0.0,1.1,2.2,-1.0,0.0,0.0,0.0,1.1,4.2,-1.0,0.0,0.0,0.0,1.1,0.2,1.0,0.0,0.0,0.0,1.1,2.2,1.0,0.0,0.0,0.0,1.1,4.2,1.0,0.0,0.0,0.0,2.2,1.74,-1.0,0.0,0.0,0.0,2.2,3.74,-1.0,0.0,0.0,0.0,2.2,1.74,1.0,0.0,0.0,0.0,2.2,3.74,1.0,0.0,0.0,0.0,6.27,-5.45,-1.0,0.0,0.0,0.0,6.27,-3.45,-1.0,0.0,0.0,0.0,6.27,-5.45,1.0,0.0,0.0,0.0,6.27,-3.45,1.0,0.0,0.0,0.0,-3.09,-2.1528000000000684,-0.4932000000000238,0.0,-0.5199999999998539,-0.130000000000019,-3.09,-0.15279999999990262,-0.4932000000000238,0.0,-0.5199999999999926,-0.130000000000019,0,0,0,0,0,0,0,0,0,0,0,0,0,0,0,0,0,0,0,0,0,0,0,0,0,0,0,0,0,0,0,0,0,0,0,0,0,0,0,0,0,0,0,0,0,0,0,0,0,0,0,0,0,0,0,0,0,0,0,0,0,0,0,0,0,0,0,0,0,0,0,0,0,0,0,0,0,0,0,0,0,0,0,0,0,0,0,0,0,0,0,0,0,0,0,0,0,0,0,0,0,0,0,0,0,0,0,0,0,0,0,0,0,0,0,0,0,0,0,0,0,0,0,0,0,0,0,0,0,0,0,0,0,0,0,0,0,0,0,0,0,0,0,0,0,0,0,0,0,0,0,0,0,0,0,0,0,0,0,0,0,0,0,0,0,0,0,0
10.701020299,5.168326000000019,-1.4533329287257208,1.3605578873722894,3.7330000000004304,0.03909879922869841,-0.7562962770462089,3.7330000000000036,0.03909879922866821,-0.7562962770462036,2.6591436862945557,0.03909879922866821,-0.7562962770462036,2.488630499999999,0.7274288909478199,-0.6950267210885458,7.23,0.47,-1.0,0.0,0.0,0.0,7.23,2.47,-1.0,0.0,0.0,0.0,7.23,4.47,-1.0,0.0,0.0,0.0,7.23,0.47,1.0,0.0,0.0,0.0,7.23,2.47,1.0,0.0,0.0,0.0,7.23,4.47,1.0,0.0,0.0,0.0,1.1,0.2,-1.0,0.0,0.0,0.0,1.1,2.2,-1.0,0.0,0.0,0.0,1.1,4.2,-1.0,0.0,0.0,0.0,1.1,0.2,1.0,0.0,0.0,0.0,1.1,2.2,1.0,0.0,0.0,0.0,1.1,4.2,1.0,0.0,0.0,0.0,2.2,1.74,-1.0,0.0,0.0,0.0,2.2,3.74,-1.0,0.0,0.0,0.0,2.2,1.74,1.0,0.0,0.0,0.0,2.2,3.74,1.0,0.0,0.0,0.0,6.27,-5.45,-1.0,0.0,0.0,0.0,6.27,-3.45,-1.0,0.0,0.0,0.0,6.27,-5.45,1.0,0.0,0.0,0.0,6.27,-3.45,1.0,0.0,0.0,0.0,-3.09,-2.1944000000000567,-0.5036000000000238,0.0,-0.5199999999998539,-0.12999999999996348,-3.09,-0.19439999999990204,-0.5036000000000238,0.0,-0.5199999999999926,-0.12999999999996348,0,0,0,0,0,0,0,0,0,0,0,0,0,0,0,0,0,0,0,0,0,0,0,0,0,0,0,0,0,0,0,0,0,0,0,0,0,0,0,0,0,0,0,0,0,0,0,0,0,0,0,0,0,0,0,0,0,0,0,0,0,0,0,0,0,0,0,0,0,0,0,0,0,0,0,0,0,0,0,0,0,0,0,0,0,0,0,0,0,0,0,0,0,0,0,0,0,0,0,0,0,0,0,0,0,0,0,0,0,0,0,0,0,0,0,0,0,0,0,0,0,0,0,0,0,0,0,0,0,0,0,0,0,0,0,0,0,0,0,0,0,0,0,0,0,0,0,0,0,0,0,0,0,0,0,0,0,0,0,0,0,0,0,0,0,0,0,0
10.800751312,5.463174000000035,-1.4503576517786945,1.3019612114994903,3.654000000000046,0.03591907024391716,-0.7165665626525097,3.6540000000000035,0.03591907024383545,-0.7165665626525879,2.492403507232666,0.03591907024383545,-0.7165665626525879,2.3414929999999834,0.7258972072942256,-0.6653119370027953,7.23,0.47,-1.0,0.0,0.0,0.0,7.23,2.47,-1.0,0.0,0.0,0.0,7.23,4.47,-1.0,0.0,0.0,0.0,7.23,0.47,1.0,0.0,0.0,0.0,7.23,2.47,1.0,0.0,0.0,0.0,7.23,4.47,1.0,0.0,0.0,0.0,1.1,0.2,-1.0,0.0,0.0,0.0,1.1,2.2,-1.0,0.0,0.0,0.0,1.1,4.2,-1.0,0.0,0.0,0.0,1.1,0.2,1.0,0.0,0.0,0.0,1.1,2.2,1.0,0.0,0.0,0.0,1.1,4.2,1.0,0.0,0.0,0.0,2.2,1.74,-1.0,0.0,0.0,0.0,2.2,3.74,-1.0,0.0,0.0,0.0,2.2,1.74,1.0,0.0,0.0,0.0,2.2,3.74,1.0,0.0,0.0,0.0,6.27,-5.45,-1.0,0.0,0.0,0.0,6.27,-3.45,-1.0,0.0,0.0,0.0,6.27,-5.45,1.0,0.0,0.0,0.0,6.27,-3.45,1.0,0.0,0.0,0.0,-3.09,-2.236000000000045,-0.5140000000000209,0.0,-0.5199999999998539,-0.12999999999996348,-3.09,-0.23599999999990146,-0.5140000000000209,0.0,-0.5199999999999926,-0.12999999999996348,0,0,0,0,0,0,0,0,0,0,0,0,0,0,0,0,0,0,0,0,0,0,0,0,0,0,0,0,0,0,0,0,0,0,0,0,0,0,0,0,0,0,0,0,0,0,0,0,0,0,0,0,0,0,0,0,0,0,0,0,0,0,0,0,0,0,0,0,0,0,0,0,0,0,0,0,0,0,0,0,0,0,0,0,0,0,0,0,0,0,0,0,0,0,0,0,0,0,0,0,0,0,0,0,0,0,0,0,0,0,0,0,0,0,0,0,0,0,0,0,0,0,0,0,0,0,0,0,0,0,0,0,0,0,0,0,0,0,0,0,0,0,0,0,0,0,0,0,0,0,0,0,0,0,0,0,0,0,0,0,0,0,0,0,0,0,0,0
10.901476963,5.751640000000043,-1.4476039372172338,1.2462385134666394,3.5720000000001306,0.033369898795987396,-0.6824681162833635,3.5720000000000036,0.03336989879608154,-0.6824681162834167,2.3463521003723145,0.03336989879608154,-0.6824681162834167,2.1956199999999813,0.7244693665845368,-0.636768619058987,7.23,0.47,-1.0,0.0,0.0,0.0,7.23,2.47,-1.0,0.0,0.0,0.0,7.23,4.47,-1.0,0.0,0.0,0.0,7.23,0.47,1.0,0.0,0.0,0.0,7.23,2.47,1.0,0.0,0.0,0.0,7.23,4.47,1.0,0.0,0.0,0.0,1.1,0.2,-1.0,0.0,0.0,0.0,1.1,2.2,-1.0,0.0,0.0,0.0,1.1,4.2,-1.0,0.0,0.0,0.0,1.1,0.2,1.0,0.0,0.0,0.0,1.1,2.2,1.0,0.0,0.0,0.0,1.1,4.2,1.0,0.0,0.0,0.0,2.2,1.74,-1.0,0.0,0.0,0.0,2.2,3.74,-1.0,0.0,0.0,0.0,2.2,1.74,1.0,0.0,0.0,0.0,2.2,3.74,1.0,0.0,0.0,0.0,6.27,-5.45,-1.0,0.0,0.0,0.0,6.27,-3.45,-1.0,0.0,0.0,0.0,6.27,-5.45,1.0,0.0,0.0,0.0,6.27,-3.45,1.0,0.0,0.0,0.0,-3.09,-2.2776000000000334,-0.524400000000018,0.0,-0.5199999999998539,-0.12999999999996348,-3.09,-0.27759999999990237,-0.524400000000018,0.0,-0.5200000000000206,-0.12999999999996348,0,0,0,0,0,0,0,0,0,0,0,0,0,0,0,0,0,0,0,0,0,0,0,0,0,0,0,0,0,0,0,0,0,0,0,0,0,0,0,0,0,0,0,0,0,0,0,0,0,0,0,0,0,0,0,0,0,0,0,0,0,0,0,0,0,0,0,0,0,0,0,0,0,0,0,0,0,0,0,0,0,0,0,0,0,0,0,0,0,0,0,0,0,0,0,0,0,0,0,0,0,0,0,0,0,0,0,0,0,0,0,0,0,0,0,0,0,0,0,0,0,0,0,0,0,0,0,0,0,0,0,0,0,0,0,0,0,0,0,0,0,0,0,0,0,0,0,0,0,0,0,0,0,0,0,0,0,0,0,0,0,0,0,0,0,0,0,0
11.000897232,5.963404000000045,-1.445662421294687,1.2064215698211664,3.5009999999999764,0.03168439865119943,-0.6510474681853395,3.5010000000000034,0.03168439865112305,-0.6510474681854248,2.2013683319091797,0.03168439865112305,-0.6510474681854248,2.077914399999978,0.7233722051246165,-0.6143225807770712,7.23,0.47,-1.0,0.0,0.0,0.0,7.23,2.47,-1.0,0.0,0.0,0.0,7.23,4.47,-1.0,0.0,0.0,0.0,7.23,0.47,1.0,0.0,0.0,0.0,7.23,2.47,1.0,0.0,0.0,0.0,7.23,4.47,1.0,0.0,0.0,0.0,1.1,0.2,-1.0,0.0,0.0,0.0,1.1,2.2,-1.0,0.0,0.0,0.0,1.1,4.2,-1.0,0.0,0.0,0.0,1.1,0.2,1.0,0.0,0.0,0.0,1.1,2.2,1.0,0.0,0.0,0.0,1.1,4.2,1.0,0.0,0.0,0.0,2.2,1.74,-1.0,0.0,0.0,0.0,2.2,3.74,-1.0,0.0,0.0,0.0,2.2,1.74,1.0,0.0,0.0,0.0,2.2,3.74,1.0,0.0,0.0,0.0,6.27,-5.45,-1.0,0.0,0.0,0.0,6.27,-3.45,-1.0,0.0,0.0,0.0,6.27,-5.45,1.0,0.0,0.0,0.0,6.27,-3.45,1.0,0.0,0.0,0.0,-3.09,-2.3088000000000246,-0.5322000000000158,0.0,-0.5199999999998539,-0.12999999999996348,-3.09,-0.3087999999999036,-0.5322000000000158,0.0,-0.5200000000000206,-0.12999999999996348,0,0,0,0,0,0,0,0,0,0,0,0,0,0,0,0,0,0,0,0,0,0,0,0,0,0,0,0,0,0,0,0,0,0,0,0,0,0,0,0,0,0,0,0,0,0,0,0,0,0,0,0,0,0,0,0,0,0,0,0,0,0,0,0,0,0,0,0,0,0,0,0,0,0,0,0,0,0,0,0,0,0,0,0,0,0,0,0,0,0,0,0,0,0,0,0,0,0,0,0,0,0,0,0,0,0,0,0,0,0,0,0,0,0,0,0,0,0,0,0,0,0,0,0,0,0,0,0,0,0,0,0,0,0,0,0,0,0,0,0,0,0,0,0,0,0,0,0,0,0,0,0,0,0,0,0,0,0,0,0,0,0,0,0,0,0,0,0
11.100887102,6.240234000000033,-1.443187697240347,1.1555830534666098,3.4359999999997726,0.030483841896078445,-0.6261418461799284,3.4360000000000035,0.03048384189605713,-0.6261418461799622,2.0844969749450684,0.03048384189605713,-0.6261418461799622,1.9538057499999786,0.7222501516385055,-0.5912722556426774,7.23,0.47,-1.0,0.0,0.0,0.0,7.23,2.47,-1.0,0.0,0.0,0.0,7.23,4.47,-1.0,0.0,0.0,0.0,7.23,0.47,1.0,0.0,0.0,0.0,7.23,2.47,1.0,0.0,0.0,0.0,7.23,4.47,1.0,0.0,0.0,0.0,1.1,0.2,-1.0,0.0,0.0,0.0,1.1,2.2,-1.0,0.0,0.0,0.0,1.1,4.2,-1.0,0.0,0.0,0.0,1.1,0.2,1.0,0.0,0.0,0.0,1.1,2.2,1.0,0.0,0.0,0.0,1.1,4.2,1.0,0.0,0.0,0.0,2.2,1.74,-1.0,0.0,0.0,0.0,2.2,3.74,-1.0,0.0,0.0,0.0,2.2,1.74,1.0,0.0,0.0,0.0,2.2,3.74,1.0,0.0,0.0,0.0,6.27,-5.45,-1.0,0.0,0.0,0.0,6.27,-3.45,-1.0,0.0,0.0,0.0,6.27,-5.45,1.0,0.0,0.0,0.0,6.27,-3.45,1.0,0.0,0.0,0.0,-3.09,-2.350400000000013,-0.5426000000000128,0.0,-0.5199999999998539,-0.12999999999996348,-3.09,-0.35039999999990523,-0.5426000000000128,0.0,-0.5200000000000206,-0.12999999999996348,0,0,0,0,0,0,0,0,0,0,0,0,0,0,0,0,0,0,0,0,0,0,0,0,0,0,0,0,0,0,0,0,0,0,0,0,0,0,0,0,0,0,0,0,0,0,0,0,0,0,0,0,0,0,0,0,0,0,0,0,0,0,0,0,0,0,0,0,0,0,0,0,0,0,0,0,0,0,0,0,0,0,0,0,0,0,0,0,0,0,0,0,0,0,0,0,0,0,0,0,0,0,0,0,0,0,0,0,0,0,0,0,0,0,0,0,0,0,0,0,0,0,0,0,0,0,0,0,0,0,0,0,0,0,0,0,0,0,0,0,0,0,0,0,0,0,0,0,0,0,0,0,0,0,0,0,0,0,0,0,0,0,0,0,0,0,0,0
11.202246701,6.511114000000033,-1.4407459113087586,1.1067159613340425,3.3560000000001367,0.030545413494120766,-0.6016567349433899,3.3560000000000034,0.030545413494110107,-0.6016567349433899,1.9613924026489258,0.030545413494110107,-0.6016567349433899,1.8212658571428433,0.7210710485748193,-0.5671451133389224,7.23,0.47,-1.0,0.0,0.0,0.0,7.23,2.47,-1.0,0.0,0.0,0.0,7.23,4.47,-1.0,0.0,0.0,0.0,7.23,0.47,1.0,0.0,0.0,0.0,7.23,2.47,1.0,0.0,0.0,0.0,7.23,4.47,1.0,0.0,0.0,0.0,1.1,0.2,-1.0,0.0,0.0,0.0,1.1,2.2,-1.0,0.0,0.0,0.0,1.1,4.2,-1.0,0.0,0.0,0.0,1.1,0.2,1.0,0.0,0.0,0.0,1.1,2.2,1.0,0.0,0.0,0.0,1.1,4.2,1.0,0.0,0.0,0.0,2.2,1.74,-1.0,0.0,0.0,0.0,2.2,3.74,-1.0,0.0,0.0,0.0,2.2,1.74,1.0,0.0,0.0,0.0,2.2,3.74,1.0,0.0,0.0,0.0,6.27,-5.45,-1.0,0.0,0.0,0.0,6.27,-3.45,-1.0,0.0,0.0,0.0,6.27,-5.45,1.0,0.0,0.0,0.0,6.27,-3.45,1.0,0.0,0.0,0.0,-3.09,-2.3920000000000012,-0.5530000000000099,0.0,-0.5199999999998539,-0.12999999999996348,-3.09,-0.39199999999990687,-0.5530000000000099,0.0,-0.5200000000000206,-0.12999999999996348,0,0,0,0,0,0,0,0,0,0,0,0,0,0,0,0,0,0,0,0,0,0,0,0,0,0,0,0,0,0,0,0,0,0,0,0,0,0,0,0,0,0,0,0,0,0,0,0,0,0,0,0,0,0,0,0,0,0,0,0,0,0,0,0,0,0,0,0,0,0,0,0,0,0,0,0,0,0,0,0,0,0,0,0,0,0,0,0,0,0,0,0,0,0,0,0,0,0,0,0,0,0,0,0,0,0,0,0,0,0,0,0,0,0,0,0,0,0,0,0,0,0,0,0,0,0,0,0,0,0,0,0,0,0,0,0,0,0,0,0,0,0,0,0,0,0,0,0,0,0,0,0,0,0,0,0,0,0,0,0,0,0,0,0,0,0,0,0
11.302704328,6.775740000000048,-1.438241792806623,1.0597529222338729,3.274000000000221,0.03183233737935609,-0.5767737627029312,3.2740000000000036,0.031832337379455566,-0.5767737627029419,1.8302192687988281,0.031832337379455566,-0.5767737627029419,1.6776099999999805,0.7197575431508986,-0.541411936370995,7.23,0.47,-1.0,0.0,0.0,0.0,7.23,2.47,-1.0,0.0,0.0,0.0,7.23,4.47,-1.0,0.0,0.0,0.0,7.23,0.47,1.0,0.0,0.0,0.0,7.23,2.47,1.0,0.0,0.0,0.0,7.23,4.47,1.0,0.0,0.0,0.0,1.1,0.2,-1.0,0.0,0.0,0.0,1.1,2.2,-1.0,0.0,0.0,0.0,1.1,4.2,-1.0,0.0,0.0,0.0,1.1,0.2,1.0,0.0,0.0,0.0,1.1,2.2,1.0,0.0,0.0,0.0,1.1,4.2,1.0,0.0,0.0,0.0,2.2,1.74,-1.0,0.0,0.0,0.0,2.2,3.74,-1.0,0.0,0.0,0.0,2.2,1.74,1.0,0.0,0.0,0.0,2.2,3.74,1.0,0.0,0.0,0.0,6.27,-5.45,-1.0,0.0,0.0,0.0,6.27,-3.45,-1.0,0.0,0.0,0.0,6.27,-5.45,1.0,0.0,0.0,0.0,6.27,-3.45,1.0,0.0,0.0,0.0,-3.09,-2.4335999999999895,-0.563400000000007,0.0,-0.5199999999998539,-0.12999999999996348,-3.09,-0.4335999999999085,-0.563400000000007,0.0,-0.5200000000000206,-0.12999999999996348,0,0,0,0,0,0,0,0,0,0,0,0,0,0,0,0,0,0,0,0,0,0,0,0,0,0,0,0,0,0,0,0,0,0,0,0,0,0,0,0,0,0,0,0,0,0,0,0,0,0,0,0,0,0,0,0,0,0,0,0,0,0,0,0,0,0,0,0,0,0,0,0,0,0,0,0,0,0,0,0,0,0,0,0,0,0,0,0,0,0,0,0,0,0,0,0,0,0,0,0,0,0,0,0,0,0,0,0,0,0,0,0,0,0,0,0,0,0,0,0,0,0,0,0,0,0,0,0,0,0,0,0,0,0,0,0,0,0,0,0,0,0,0,0,0,0,0,0,0,0,0,0,0,0,0,0,0,0,0,0,0,0,0,0,0,0,0,0
11.402700781,7.0978080000000405,-1.4348149894561837,1.0036912687390385,3.1879999999997466,0.03576087951651097,-0.5507137179374677,3.1880000000000037,0.03576087951660156,-0.5507137179374695,1.6890592575073242,0.03576087951660156,-0.5507137179374695,1.537171999999973,0.7183730384750375,-0.5167149047538309,7.23,0.47,-1.0,0.0,0.0,0.0,7.23,2.47,-1.0,0.0,0.0,0.0,7.23,4.47,-1.0,0.0,0.0,0.0,7.23,0.47,1.0,0.0,0.0,0.0,7.23,2.47,1.0,0.0,0.0,0.0,7.23,4.47,1.0,0.0,0.0,0.0,1.1,0.2,-1.0,0.0,0.0,0.0,1.1,2.2,-1.0,0.0,0.0,0.0,1.1,4.2,-1.0,0.0,0.0,0.0,1.1,0.2,1.0,0.0,0.0,0.0,1.1,2.2,1.0,0.0,0.0,0.0,1.1,4.2,1.0,0.0,0.0,0.0,2.2,1.74,-1.0,0.0,0.0,0.0,2.2,3.74,-1.0,0.0,0.0,0.0,2.2,1.74,1.0,0.0,0.0,0.0,2.2,3.74,1.0,0.0,0.0,0.0,6.27,-5.45,-1.0,0.0,0.0,0.0,6.27,-3.45,-1.0,0.0,0.0,0.0,6.27,-5.45,1.0,0.0,0.0,0.0,6.27,-3.45,1.0,0.0,0.0,0.0,-3.09,-2.485599999999975,-0.5764000000000034,0.0,-0.5199999999998539,-0.12999999999996348,-3.09,-0.48559999999991055,-0.5764000000000034,0.0,-0.5200000000000206,-0.12999999999996348,0,0,0,0,0,0,0,0,0,0,0,0,0,0,0,0,0,0,0,0,0,0,0,0,0,0,0,0,0,0,0,0,0,0,0,0,0,0,0,0,0,0,0,0,0,0,0,0,0,0,0,0,0,0,0,0,0,0,0,0,0,0,0,0,0,0,0,0,0,0,0,0,0,0,0,0,0,0,0,0,0,0,0,0,0,0,0,0,0,0,0,0,0,0,0,0,0,0,0,0,0,0,0,0,0,0,0,0,0,0,0,0,0,0,0,0,0,0,0,0,0,0,0,0,0,0,0,0,0,0,0,0,0,0,0,0,0,0,0,0,0,0,0,0,0,0,0,0,0,0,0,0,0,0,0,0,0,0,0,0,0,0,0,0,0,0,0,0
11.501870385,7.285906000000041,-1.4314775184478858,0.971506635245615,3.10200000000016,0.06797218322751597,-0.5275194048881549,3.102000000000004,0.06797218322753906,-0.5275194048881531,1.5618308782577515,0.06797218322753906,-0.5275194048881531,1.4067563999999821,0.7167973239822433,-0.49421450298276237,7.23,0.47,-1.0,0.0,0.0,0.0,7.23,2.47,-1.0,0.0,0.0,0.0,7.23,4.47,-1.0,0.0,0.0,0.0,7.23,0.47,1.0,0.0,0.0,0.0,7.23,2.47,1.0,0.0,0.0,0.0,7.23,4.47,1.0,0.0,0.0,0.0,1.1,0.2,-1.0,0.0,0.0,0.0,1.1,2.2,-1.0,0.0,0.0,0.0,1.1,4.2,-1.0,0.0,0.0,0.0,1.1,0.2,1.0,0.0,0.0,0.0,1.1,2.2,1.0,0.0,0.0,0.0,1.1,4.2,1.0,0.0,0.0,0.0,2.2,1.74,-1.0,0.0,0.0,0.0,2.2,3.74,-1.0,0.0,0.0,0.0,2.2,1.74,1.0,0.0,0.0,0.0,2.2,3.74,1.0,0.0,0.0,0.0,6.27,-5.45,-1.0,0.0,0.0,0.0,6.27,-3.45,-1.0,0.0,0.0,0.0,6.27,-5.45,1.0,0.0,0.0,0.0,6.27,-3.45,1.0,0.0,0.0,0.0,-3.09,-2.516799999999966,-0.5842000000000012,0.0,-0.5199999999998539,-0.12999999999996348,-3.09,-0.51679999999991,-0.5842000000000012,0.0,-0.5199999999999649,-0.12999999999996348,0,0,0,0,0,0,0,0,0,0,0,0,0,0,0,0,0,0,0,0,0,0,0,0,0,0,0,0,0,0,0,0,0,0,0,0,0,0,0,0,0,0,0,0,0,0,0,0,0,0,0,0,0,0,0,0,0,0,0,0,0,0,0,0,0,0,0,0,0,0,0,0,0,0,0,0,0,0,0,0,0,0,0,0,0,0,0,0,0,0,0,0,0,0,0,0,0,0,0,0,0,0,0,0,0,0,0,0,0,0,0,0,0,0,0,0,0,0,0,0,0,0,0,0,0,0,0,0,0,0,0,0,0,0,0,0,0,0,0,0,0,0,0,0,0,0,0,0,0,0,0,0,0,0,0,0,0,0,0,0,0,0,0,0,0,0,0,0
11.602060303,7.531026000000055,-1.422999743789686,0.9299863639443453,3.026000000000195,0.14397218322748095,-0.510487377643587,3.026000000000004,0.14397218322753907,-0.5104873776435852,1.4723151922225952,0.20471829175949097,-0.5104873776435852,1.287441999999976,0.7140193851013239,-0.4739267110809354,7.23,0.47,-1.0,0.0,0.0,0.0,7.23,2.47,-1.0,0.0,0.0,0.0,7.23,4.47,-1.0,0.0,0.0,0.0,7.23,0.47,1.0,0.0,0.0,0.0,7.23,2.47,1.0,0.0,0.0,0.0,7.23,4.47,1.0,0.0,0.0,0.0,1.1,0.2,-1.0,0.0,0.0,0.0,1.1,2.2,-1.0,0.0,0.0,0.0,1.1,4.2,-1.0,0.0,0.0,0.0,1.1,0.2,1.0,0.0,0.0,0.0,1.1,2.2,1.0,0.0,0.0,0.0,1.1,4.2,1.0,0.0,0.0,0.0,2.2,1.74,-1.0,0.0,0.0,0.0,2.2,3.74,-1.0,0.0,0.0,0.0,2.2,1.74,1.0,0.0,0.0,0.0,2.2,3.74,1.0,0.0,0.0,0.0,6.27,-5.45,-1.0,0.0,0.0,0.0,6.27,-3.45,-1.0,0.0,0.0,0.0,6.27,-5.45,1.0,0.0,0.0,0.0,6.27,-3.45,1.0,0.0,0.0,0.0,-3.09,-2.5583999999999545,-0.5945999999999982,0.0,-0.5199999999998539,-0.12999999999996348,-3.09,-0.5583999999999072,-0.5945999999999982,0.0,-0.5199999999999649,-0.12999999999996348,0,0,0,0,0,0,0,0,0,0,0,0,0,0,0,0,0,0,0,0,0,0,0,0,0,0,0,0,0,0,0,0,0,0,0,0,0,0,0,0,0,0,0,0,0,0,0,0,0,0,0,0,0,0,0,0,0,0,0,0,0,0,0,0,0,0,0,0,0,0,0,0,0,0,0,0,0,0,0,0,0,0,0,0,0,0,0,0,0,0,0,0,0,0,0,0,0,0,0,0,0,0,0,0,0,0,0,0,0,0,0,0,0,0,0,0,0,0,0,0,0,0,0,0,0,0,0,0,0,0,0,0,0,0,0,0,0,0,0,0,0,0,0,0,0,0,0,0,0,0,0,0,0,0,0,0,0,0,0,0,0,0,0,0,0,0,0,0
11.703800402,7.769638000000039,-1.4080139691314897,0.8903429962962204,2.957999999999572,0.21197218322743794,-0.48704379796982167,2.9580000000000037,0.21197218322753908,-0.4870437979698181,1.3541474342346191,0.5323329567909241,-0.4870437979698181,1.1877896999999713,0.7090626030548173,-0.4571515444472102,7.23,0.47,-1.0,0.0,0.0,0.0,7.23,2.47,-1.0,0.0,0.0,0.0,7.23,4.47,-1.0,0.0,0.0,0.0,7.23,0.47,1.0,0.0,0.0,0.0,7.23,2.47,1.0,0.0,0.0,0.0,7.23,4.47,1.0,0.0,0.0,0.0,1.1,0.2,-1.0,0.0,0.0,0.0,1.1,2.2,-1.0,0.0,0.0,0.0,1.1,4.2,-1.0,0.0,0.0,0.0,1.1,0.2,1.0,0.0,0.0,0.0,1.1,2.2,1.0,0.0,0.0,0.0,1.1,4.2,1.0,0.0,0.0,0.0,2.2,1.74,-1.0,0.0,0.0,0.0,2.2,3.74,-1.0,0.0,0.0,0.0,2.2,1.74,1.0,0.0,0.0,0.0,2.2,3.74,1.0,0.0,0.0,0.0,6.27,-5.45,-1.0,0.0,0.0,0.0,6.27,-3.45,-1.0,0.0,0.0,0.0,6.27,-5.45,1.0,0.0,0.0,0.0,6.27,-3.45,1.0,0.0,0.0,0.0,-3.09,-2.599999999999943,-0.6049999999999953,0.0,-0.5199999999998539,-0.12999999999996348,-3.09,-0.5999999999999044,-0.6049999999999953,0.0,-0.5199999999999649,-0.12999999999996348,0,0,0,0,0,0,0,0,0,0,0,0,0,0,0,0,0,0,0,0,0,0,0,0,0,0,0,0,0,0,0,0,0,0,0,0,0,0,0,0,0,0,0,0,0,0,0,0,0,0,0,0,0,0,0,0,0,0,0,0,0,0,0,0,0,0,0,0,0,0,0,0,0,0,0,0,0,0,0,0,0,0,0,0,0,0,0,0,0,0,0,0,0,0,0,0,0,0,0,0,0,0,0,0,0,0,0,0,0,0,0,0,0,0,0,0,0,0,0,0,0,0,0,0,0,0,0,0,0,0,0,0,0,0,0,0,0,0,0,0,0,0,0,0,0,0,0,0,0,0,0,0,0,0,0,0,0,0,0,0,0,0,0,0,0,0,0,0
11.802031637,8.00209100000003,-1.386869194473286,0.8529637825458565,2.878999999999987,0.2909721832276002,-0.4571515321731834,2.8790000000000036,0.2909721832275391,-0.45715153217315674,1.1877896785736084,0.7090625762939453,-0.45715153217315674,1.0652544499999856,0.7000440074508776,-0.4370277633919979,7.23,0.47,-1.0,0.0,0.0,0.0,7.23,2.47,-1.0,0.0,0.0,0.0,7.23,4.47,-1.0,0.0,0.0,0.0,7.23,0.47,1.0,0.0,0.0,0.0,7.23,2.47,1.0,0.0,0.0,0.0,7.23,4.47,1.0,0.0,0.0,0.0,1.1,0.2,-1.0,0.0,0.0,0.0,1.1,2.2,-1.0,0.0,0.0,0.0,1.1,4.2,-1.0,0.0,0.0,0.0,1.1,0.2,1.0,0.0,0.0,0.0,1.1,2.2,1.0,0.0,0.0,0.0,1.1,4.2,1.0,0.0,0.0,0.0,2.2,1.74,-1.0,0.0,0.0,0.0,2.2,3.74,-1.0,0.0,0.0,0.0,2.2,1.74,1.0,0.0,0.0,0.0,2.2,3.74,1.0,0.0,0.0,0.0,6.27,-5.45,-1.0,0.0,0.0,0.0,6.27,-3.45,-1.0,0.0,0.0,0.0,6.27,-5.45,1.0,0.0,0.0,0.0,6.27,-3.45,1.0,0.0,0.0,0.0,-3.09,-2.641599999999931,-0.6153999999999924,0.0,-0.5199999999998539,-0.12999999999996348,-3.09,-0.6415999999999016,-0.6153999999999924,0.0,-0.5199999999999649,-0.12999999999996348,0,0,0,0,0,0,0,0,0,0,0,0,0,0,0,0,0,0,0,0,0,0,0,0,0,0,0,0,0,0,0,0,0,0,0,0,0,0,0,0,0,0,0,0,0,0,0,0,0,0,0,0,0,0,0,0,0,0,0,0,0,0,0,0,0,0,0,0,0,0,0,0,0,0,0,0,0,0,0,0,0,0,0,0,0,0,0,0,0,0,0,0,0,0,0,0,0,0,0,0,0,0,0,0,0,0,0,0,0,0,0,0,0,0,0,0,0,0,0,0,0,0,0,0,0,0,0,0,0,0,0,0,0,0,0,0,0,0,0,0,0,0,0,0,0,0,0,0,0,0,0,0,0,0,0,0,0,0,0,0,0,0,0,0,0,0,0,0
11.90204243,8.22854100000003,-1.3597214198150813,0.8172569825022745,2.7889999999999304,0.3809721832275237,-0.4370277523993993,2.7890000000000037,0.3809721832275391,-0.4370277523994446,1.0652544498443604,0.7000440359115601,-0.4370277523994446,0.9359314999999837,0.6867182092056361,-0.4164949907943265,7.23,0.47,-1.0,0.0,0.0,0.0,7.23,2.47,-1.0,0.0,0.0,0.0,7.23,4.47,-1.0,0.0,0.0,0.0,7.23,0.47,1.0,0.0,0.0,0.0,7.23,2.47,1.0,0.0,0.0,0.0,7.23,4.47,1.0,0.0,0.0,0.0,1.1,0.2,-1.0,0.0,0.0,0.0,1.1,2.2,-1.0,0.0,0.0,0.0,1.1,4.2,-1.0,0.0,0.0,0.0,1.1,0.2,1.0,0.0,0.0,0.0,1.1,2.2,1.0,0.0,0.0,0.0,1.1,4.2,1.0,0.0,0.0,0.0,2.2,1.74,-1.0,0.0,0.0,0.0,2.2,3.74,-1.0,0.0,0.0,0.0,2.2,1.74,1.0,0.0,0.0,0.0,2.2,3.74,1.0,0.0,0.0,0.0,6.27,-5.45,-1.0,0.0,0.0,0.0,6.27,-3.45,-1.0,0.0,0.0,0.0,6.27,-5.45,1.0,0.0,0.0,0.0,6.27,-3.45,1.0,0.0,0.0,0.0,-3.09,-2.6831999999999194,-0.6257999999999895,0.0,-0.5199999999998539,-0.12999999999996348,-3.09,-0.6831999999998988,-0.6257999999999895,0.0,-0.5199999999999649,-0.12999999999996348,0,0,0,0,0,0,0,0,0,0,0,0,0,0,0,0,0,0,0,0,0,0,0,0,0,0,0,0,0,0,0,0,0,0,0,0,0,0,0,0,0,0,0,0,0,0,0,0,0,0,0,0,0,0,0,0,0,0,0,0,0,0,0,0,0,0,0,0,0,0,0,0,0,0,0,0,0,0,0,0,0,0,0,0,0,0,0,0,0,0,0,0,0,0,0,0,0,0,0,0,0,0,0,0,0,0,0,0,0,0,0,0,0,0,0,0,0,0,0,0,0,0,0,0,0,0,0,0,0,0,0,0,0,0,0,0,0,0,0,0,0,0,0,0,0,0,0,0,0,0,0,0,0,0,0,0,0,0,0,0,0,0,0,0,0,0,0,0
12.002363156,8.502569000000063,-1.3167522014923305,0.774745107170877,2.7050000000006236,0.46497218322749667,-0.4164949953555652,2.7050000000000036,0.46497218322753914,-0.4164949953556061,0.9359315037727356,0.686718225479126,-0.4164949953556061,0.818524657894721,0.6703188570504535,-0.3981256276934232,7.23,0.47,-1.0,0.0,0.0,0.0,7.23,2.47,-1.0,0.0,0.0,0.0,7.23,4.47,-1.0,0.0,0.0,0.0,7.23,0.47,1.0,0.0,0.0,0.0,7.23,2.47,1.0,0.0,0.0,0.0,7.23,4.47,1.0,0.0,0.0,0.0,1.1,0.2,-1.0,0.0,0.0,0.0,1.1,2.2,-1.0,0.0,0.0,0.0,1.1,4.2,-1.0,0.0,0.0,0.0,1.1,0.2,1.0,0.0,0.0,0.0,1.1,2.2,1.0,0.0,0.0,0.0,1.1,4.2,1.0,0.0,0.0,0.0,2.2,1.74,-1.0,0.0,0.0,0.0,2.2,3.74,-1.0,0.0,0.0,0.0,2.2,1.74,1.0,0.0,0.0,0.0,2.2,3.74,1.0,0.0,0.0,0.0,6.27,-5.45,-1.0,0.0,0.0,0.0,6.27,-3.45,-1.0,0.0,0.0,0.0,6.27,-5.45,1.0,0.0,0.0,0.0,6.27,-3.45,1.0,0.0,0.0,0.0,-3.09,-2.735199999999905,-0.6387999999999858,0.0,-0.5199999999998539,-0.12999999999996348,-3.09,-0.7351999999998953,-0.6387999999999858,0.0,-0.5199999999999649,-0.12999999999996348,0,0,0,0,0,0,0,0,0,0,0,0,0,0,0,0,0,0,0,0,0,0,0,0,0,0,0,0,0,0,0,0,0,0,0,0,0,0,0,0,0,0,0,0,0,0,0,0,0,0,0,0,0,0,0,0,0,0,0,0,0,0,0,0,0,0,0,0,0,0,0,0,0,0,0,0,0,0,0,0,0,0,0,0,0,0,0,0,0,0,0,0,0,0,0,0,0,0,0,0,0,0,0,0,0,0,0,0,0,0,0,0,0,0,0,0,0,0,0,0,0,0,0,0,0,0,0,0,0,0,0,0,0,0,0,0,0,0,0,0,0,0,0,0,0,0,0,0,0,0,0,0,0,0,0,0,0,0,0,0,0,0,0,0,0,0,0,0
