timestamp,time_elapsed,pos_x,pos_y,pos_z,vel_x,vel_y,vel_z,cmd_vel_x,cmd_vel_y,cmd_vel_z,cmd_vel_unfiltered_x,cmd_vel_unfiltered_y,cmd_vel_unfiltered_z,des_vel_x,des_vel_y,des_vel_z,obs_main_valid,obs_main_x,obs_main_y,obs_main_z,obs_main_vx,obs_main_vy,obs_main_vz,obs_0_valid,obs_0_x,obs_0_y,obs_0_z,obs_0_vx,obs_0_vy,obs_0_vz,obs_1_valid,obs_1_x,obs_1_y,obs_1_z,obs_1_vx,obs_1_vy,obs_1_vz,obs_2_valid,obs_2_x,obs_2_y,obs_2_z,obs_2_vx,obs_2_vy,obs_2_vz,obs_3_valid,obs_3_x,obs_3_y,obs_3_z,obs_3_vx,obs_3_vy,obs_3_vz,obs_4_valid,obs_4_x,obs_4_y,obs_4_z,obs_4_vx,obs_4_vy,obs_4_vz,obs_5_valid,obs_5_x,obs_5_y,obs_5_z,obs_5_vx,obs_5_vy,obs_5_vz,obs_6_valid,obs_6_x,obs_6_y,obs_6_z,obs_6_vx,obs_6_vy,obs_6_vz,obs_7_valid,obs_7_x,obs_7_y,obs_7_z,obs_7_vx,obs_7_vy,obs_7_vz,obs_8_valid,obs_8_x,obs_8_y,obs_8_z,obs_8_vx,obs_8_vy,obs_8_vz,obs_9_valid,obs_9_x,obs_9_y,obs_9_z,obs_9_vx,obs_9_vy,obs_9_vz
1771517290.9402642,3.803187131881714,-10.0,0.0,0.0,0.0,0.0,0.0,0.0,0.0,0.0,0.0,0.0,0.0,5.0,0.0,0.0,0,0.0,0.0,0.0,0.0,0.0,0.0,0,0.0,0.0,0.0,0.0,0.0,0.0,1,-8.024799999999958,16.83119999999995,2.280000000000011,0.6900000000005235,-1.860000000000639,-0.24999999999986144,1,-9.207999999999977,-13.996400000000037,1.4979999999999924,1.40000000000029,1.4199999999995327,-0.1500000000000945,1,3.949199999999984,-4.786799999999976,0.45439999999999886,0.23999999999979593,0.7900000000002905,-0.0700000000000145,1,-6.388399999999985,-2.9639999999999884,4.691999999999992,1.5200000000001879,0.700000000000145,-1.100000000000101,1,-6.4315999999999836,10.028799999999993,3.5436000000000156,0.9800000000002029,-1.6400000000000858,-0.5799999999998029,1,-7.8763999999999905,-14.102000000000015,-2.071599999999986,1.1700000000001154,1.5999999999998238,0.2300000000001745,1,-4.80720000000001,17.08199999999992,-3.301199999999989,0.6599999999998829,-1.8500000000010175,0.360000000000138,1,7.94799999999997,16.363599999999952,4.505600000000023,-1.1499999999999844,-1.580000000000581,-0.4299999999997084,1,-9.813199999999968,-1.6351999999999973,-1.329200000000006,1.9600000000004059,0.31000000000003247,0.25999999999992696
1771517291.0402498,3.903172731399536,-10.0,0.0,0.0,0.0,0.0,0.0,0.0,0.0,0.0,0.0,0.0,0.0,5.0,0.0,0.0,0,0.0,0.0,0.0,0.0,0.0,0.0,0,0.0,0.0,0.0,0.0,0.0,0.0,1,-7.955799999999964,16.645199999999885,2.2550000000000248,0.6899999999996353,-1.860000000000639,-0.24999999999986144,1,-9.067999999999948,-13.854400000000084,1.482999999999983,1.40000000000029,1.4199999999995327,-0.1500000000000945,1,3.9731999999999634,-4.707799999999947,0.4473999999999974,0.23999999999979593,0.7900000000002905,-0.0700000000000145,1,-6.236399999999966,-2.893999999999974,4.581999999999982,1.5200000000001879,0.700000000000145,-1.100000000000101,1,-6.333599999999963,9.864799999999985,3.4856000000000353,0.9800000000002029,-1.6400000000000858,-0.5799999999998029,1,-7.759399999999979,-13.942000000000032,-2.0485999999999684,1.1700000000001154,1.5999999999998238,0.2300000000001745,1,-4.741200000000021,16.896999999999817,-3.2651999999999752,0.6599999999998829,-1.8500000000010175,0.360000000000138,1,7.832999999999972,16.205599999999894,4.4626000000000525,-1.1499999999999844,-1.580000000000581,-0.4299999999997084,1,-9.617199999999928,-1.604199999999994,-1.3032000000000132,1.9600000000004059,0.31000000000003247,0.25999999999992696
1771517291.1403115,4.003234386444092,-10.0,0.0,0.0,0.0,0.0,0.0,0.0,0.0,0.0,0.0,0.0,0.0,5.0,0.0,0.0,0,0.0,0.0,0.0,0.0,0.0,0.0,0,0.0,0.0,0.0,0.0,0.0,0.0,1,-7.8868,16.45919999999982,2.2300000000000386,0.6899999999996353,-1.860000000000639,-0.24999999999986144,1,-8.927999999999919,-13.71240000000013,1.4679999999999735,1.40000000000029,1.4199999999995327,-0.1500000000000945,1,3.997199999999943,-4.628799999999918,0.44039999999999596,0.23999999999979593,0.7900000000002905,-0.0700000000000145,1,-6.084399999999947,-2.8239999999999594,4.471999999999972,1.5200000000001879,0.700000000000145,-1.100000000000101,1,-6.235599999999943,9.700799999999976,3.427600000000055,0.9800000000002029,-1.6400000000000858,-0.5799999999998029,1,-7.642399999999967,-13.78200000000005,-2.025599999999951,1.1700000000001154,1.5999999999998238,0.2300000000001745,1,-4.675200000000033,16.711999999999716,-3.2291999999999614,0.6599999999998829,-1.8500000000010175,0.360000000000138,1,7.717999999999973,16.047599999999836,4.419600000000082,-1.1499999999999844,-1.580000000000581,-0.4299999999997084,1,-9.421199999999887,-1.5731999999999908,-1.2772000000000205,1.9600000000004059,0.31000000000003247,0.25999999999992696
1771517291.2402608,4.103183746337891,-10.0,0.0,0.0,0.0,0.0,0.0,0.0,0.0,0.0,0.0,0.0,0.0,5.0,0.0,0.0,0,0.0,0.0,0.0,0.0,0.0,0.0,0,0.0,0.0,0.0,0.0,0.0,0.0,1,-7.8178000000000365,16.273199999999758,2.2050000000000525,0.6899999999996353,-1.860000000000639,-0.24999999999986144,1,-8.78799999999989,-13.570400000000177,1.452999999999964,1.40000000000029,1.4199999999995327,-0.1500000000000945,1,4.021199999999923,-4.549799999999889,0.4333999999999945,0.23999999999979593,0.7900000000002905,-0.0700000000000145,1,-5.932399999999928,-2.753999999999945,4.361999999999962,1.5200000000001879,0.700000000000145,-1.100000000000101,1,-6.137599999999923,9.536799999999968,3.3696000000000748,0.9800000000002029,-1.6400000000000858,-0.5799999999998029,1,-7.525399999999956,-13.622000000000067,-2.0025999999999335,1.1700000000001154,1.5999999999998238,0.2300000000001745,1,-4.609200000000045,16.526999999999614,-3.1931999999999476,0.6599999999998829,-1.8500000000010175,0.360000000000138,1,7.602999999999975,15.889599999999778,4.376600000000111,-1.1499999999999844,-1.580000000000581,-0.4299999999997084,1,-9.225199999999846,-1.5421999999999876,-1.2512000000000278,1.9600000000004059,0.31000000000003247,0.25999999999992696
1771517291.3402317,4.203154563903809,-10.0,0.0,0.0,0.0,0.0,0.0,0.0,0.0,0.0,0.0,0.0,0.0,5.0,0.0,0.0,0,0.0,0.0,0.0,0.0,0.0,0.0,0,0.0,0.0,0.0,0.0,0.0,0.0,1,-7.748800000000073,16.087199999999694,2.1800000000000663,0.6899999999996353,-1.860000000000639,-0.24999999999986144,1,-8.647999999999861,-13.428400000000224,1.4379999999999546,1.40000000000029,1.4199999999995327,-0.1500000000000945,1,4.045199999999903,-4.47079999999986,0.42639999999999306,0.23999999999979593,0.7900000000002905,-0.0700000000000145,1,-5.78039999999991,-2.6839999999999304,4.251999999999952,1.5200000000001879,0.700000000000145,-1.100000000000101,1,-6.039599999999902,9.372799999999959,3.3116000000000945,0.9800000000002029,-1.6400000000000858,-0.5799999999998029,1,-7.408399999999944,-13.462000000000085,-1.9795999999999359,1.1700000000001154,1.5999999999998238,0.22999999999995246,1,-4.5432000000000565,16.341999999999512,-3.157199999999934,0.6599999999998829,-1.8500000000010175,0.360000000000138,1,7.4879999999999765,15.73159999999972,4.33360000000014,-1.1499999999999844,-1.580000000000581,-0.4299999999997084,1,-9.029199999999806,-1.5111999999999843,-1.2252000000000351,1.9600000000004059,0.31000000000003247,0.25999999999992696
1771517291.4402514,4.303174257278442,-10.0,0.0,0.0,0.0,0.0,0.0,0.0,0.0,0.0,0.0,0.0,0.0,5.0,0.0,0.0,0,0.0,0.0,0.0,0.0,0.0,0.0,0,0.0,0.0,0.0,0.0,0.0,0.0,1,-7.679800000000109,15.90119999999963,2.15500000000008,0.6899999999996353,-1.860000000000639,-0.24999999999986144,1,-8.507999999999832,-13.28640000000027,1.4229999999999452,1.40000000000029,1.4199999999995327,-0.1500000000000945,1,4.069199999999882,-4.391799999999831,0.4193999999999916,0.23999999999979593,0.7900000000002905,-0.0700000000000145,1,-5.628399999999891,-2.613999999999916,4.141999999999942,1.5200000000001879,0.700000000000145,-1.100000000000101,1,-5.941599999999882,9.20879999999995,3.253600000000114,0.9800000000002029,-1.6400000000000858,-0.5799999999998029,1,-7.291399999999933,-13.302000000000103,-1.9565999999999406,1.1700000000001154,1.5999999999998238,0.22999999999995246,1,-4.477200000000068,16.15699999999941,-3.12119999999992,0.6599999999998829,-1.8500000000010175,0.360000000000138,1,7.372999999999978,15.573599999999661,4.290600000000169,-1.1499999999999844,-1.580000000000581,-0.4299999999997084,1,-8.833199999999765,-1.480199999999981,-1.1992000000000425,1.9600000000004059,0.31000000000003247,0.25999999999992696
1771517291.5402343,4.4031572341918945,-10.0,0.0,0.0,0.0,0.0,0.0,0.0,0.0,0.0,0.0,0.0,0.0,5.0,0.0,0.0,0,0.0,0.0,0.0,0.0,0.0,0.0,0,0.0,0.0,0.0,0.0,0.0,0.0,1,-7.610800000000146,15.715199999999566,2.130000000000094,0.6899999999996353,-1.860000000000639,-0.24999999999986144,1,-8.367999999999803,-13.144400000000317,1.4079999999999357,1.40000000000029,1.4199999999995327,-0.1500000000000945,1,4.093199999999862,-4.312799999999802,0.41239999999999016,0.23999999999979593,0.7900000000002905,-0.0700000000000145,1,-5.476399999999872,-2.5439999999999015,4.031999999999932,1.5200000000001879,0.700000000000145,-1.100000000000101,1,-5.843599999999862,9.044799999999942,3.195600000000134,0.9800000000002029,-1.6400000000000858,-0.5799999999998029,1,-7.174399999999921,-13.14200000000012,-1.9335999999999454,1.1700000000001154,1.5999999999998238,0.22999999999995246,1,-4.41120000000008,15.971999999999337,-3.0851999999999062,0.6599999999998829,-1.8499999999992411,0.360000000000138,1,7.25799999999998,15.415599999999603,4.247600000000198,-1.1499999999999844,-1.580000000000581,-0.4299999999997084,1,-8.637199999999725,-1.4491999999999778,-1.1732000000000498,1.9600000000004059,0.31000000000003247,0.25999999999992696
1771517291.6402347,4.503157615661621,-10.0,0.0,0.0,0.0,0.0,0.0,0.0,0.0,0.0,0.0,0.0,0.0,5.0,0.0,0.0,0,0.0,0.0,0.0,0.0,0.0,0.0,0,0.0,0.0,0.0,0.0,0.0,0.0,1,-7.541800000000182,15.529199999999502,2.105000000000108,0.6899999999996353,-1.860000000000639,-0.24999999999986144,1,-8.227999999999774,-13.002400000000364,1.3929999999999263,1.40000000000029,1.4199999999995327,-0.1500000000000945,1,4.117199999999841,-4.233799999999773,0.4053999999999887,0.23999999999979593,0.7900000000002905,-0.0700000000000145,1,-5.324399999999853,-2.473999999999887,3.9219999999999215,1.5200000000001879,0.700000000000145,-1.100000000000101,1,-5.7455999999998415,8.880799999999933,3.1376000000001536,0.9800000000002029,-1.6400000000000858,-0.5799999999998029,1,-7.05739999999991,-12.982000000000138,-1.9105999999999501,1.1700000000001154,1.5999999999998238,0.22999999999995246,1,-4.345200000000092,15.786999999999413,-3.0491999999998924,0.6599999999998829,-1.8499999999992411,0.360000000000138,1,7.142999999999981,15.257599999999545,4.2046000000002275,-1.1499999999999844,-1.580000000000581,-0.4299999999997084,1,-8.441199999999684,-1.4181999999999746,-1.147200000000057,1.9600000000004059,0.31000000000003247,0.25999999999992696
1771517291.7409267,4.603849649429321,-10.0,0.0,0.0,0.0,0.0,0.0,0.0,0.0,0.0,0.0,0.0,0.0,5.0,0.0,0.0,0,0.0,0.0,0.0,0.0,0.0,0.0,0,0.0,0.0,0.0,0.0,0.0,0.0,1,-7.4866000000002115,15.380399999999451,2.085000000000119,0.6899999999996353,-1.860000000000639,-0.24999999999986144,1,-8.115999999999751,-12.888800000000401,1.3809999999999187,1.40000000000029,1.4199999999995327,-0.1500000000000945,1,4.136399999999825,-4.17059999999975,0.39979999999998755,0.23999999999979593,0.7900000000002905,-0.0700000000000145,1,-5.202799999999838,-2.4179999999998754,3.8339999999999135,1.5200000000001879,0.700000000000145,-1.100000000000101,1,-5.667199999999825,8.749599999999926,3.0912000000001694,0.9800000000002029,-1.6400000000000858,-0.5799999999998029,1,-6.9637999999999005,-12.854000000000152,-1.892199999999954,1.1700000000001154,1.5999999999998238,0.22999999999995246,1,-4.292400000000101,15.638999999999474,-3.0203999999998814,0.6599999999998829,-1.8499999999992411,0.360000000000138,1,7.050999999999982,15.131199999999499,4.170200000000251,-1.1499999999999844,-1.580000000000581,-0.4299999999997084,1,-8.284399999999652,-1.393399999999972,-1.126400000000063,1.9600000000004059,0.31000000000003247,0.25999999999992696
1771517291.8409111,4.703834056854248,-10.0,0.0,0.0,0.0,0.0,0.0,0.0,0.0,0.0,0.0,0.0,0.0,5.0,0.0,0.0,0,0.0,0.0,0.0,0.0,0.0,0.0,0,0.0,0.0,0.0,0.0,0.0,0.0,1,-7.417600000000248,15.194399999999387,2.060000000000133,0.6899999999996353,-1.860000000000639,-0.24999999999986144,1,-7.975999999999722,-12.746800000000448,1.3659999999999093,1.40000000000029,1.4199999999995327,-0.1500000000000945,1,4.160399999999805,-4.091599999999721,0.3927999999999861,0.23999999999979593,0.7900000000002905,-0.0700000000000145,1,-5.050799999999819,-2.347999999999861,3.7239999999999034,1.5200000000001879,0.700000000000145,-1.100000000000101,1,-5.569199999999805,8.585599999999918,3.033200000000189,0.9800000000002029,-1.6400000000000858,-0.5799999999998029,1,-6.846799999999889,-12.69400000000017,-1.8691999999999587,1.1700000000001154,1.5999999999998238,0.22999999999995246,1,-4.226400000000113,15.45399999999955,-2.9843999999998676,0.6599999999998829,-1.8499999999992411,0.360000000000138,1,6.935999999999984,14.97319999999944,4.12720000000028,-1.1499999999999844,-1.580000000000581,-0.4299999999997084,1,-8.088399999999611,-1.3623999999999687,-1.1004000000000702,1.9600000000004059,0.31000000000003247,0.25999999999992696
1771517291.9416287,4.804551601409912,-9.996500000000008,-0.0033485771835232306,0.003499999999999998,0.09999999999976694,-0.09567363381494942,0.09999999999999984,0.1,-0.09567363381494949,0.1,0.7487407171796198,-0.09567363381494949,0.6395316889714568,5.0,0.0,0.0,0,0.0,0.0,0.0,0.0,0.0,0.0,0,0.0,0.0,0.0,0.0,0.0,0.0,1,-7.3486000000002845,15.008399999999323,2.0350000000001467,0.6899999999996353,-1.860000000000639,-0.24999999999986144,1,-7.835999999999693,-12.604800000000495,1.3509999999998998,1.40000000000029,1.4199999999995327,-0.1500000000000945,1,4.184399999999784,-4.012599999999692,0.38579999999998466,0.23999999999979593,0.7900000000002905,-0.0700000000000145,1,-4.898799999999801,-2.2779999999998464,3.6139999999998933,1.5200000000001879,0.700000000000145,-1.100000000000101,1,-5.471199999999785,8.42159999999991,2.975200000000209,0.9800000000002029,-1.6400000000000858,-0.5799999999998029,1,-6.729799999999877,-12.534000000000187,-1.8461999999999634,1.1700000000001154,1.5999999999998238,0.22999999999995246,1,-4.160400000000124,15.268999999999625,-2.948399999999854,0.6599999999998829,-1.8499999999992411,0.360000000000138,1,6.8209999999999855,14.815199999999383,4.084200000000309,-1.1499999999999844,-1.580000000000581,-0.4299999999997084,1,-7.89239999999957,-1.3313999999999655,-1.0744000000000775,1.9600000000004059,0.31000000000003247,0.25999999999992696
1771517292.0405092,4.903432130813599,-9.98287400000005,-0.009289940565018206,0.009874000000000006,0.19799999999925433,0.002326366185049708,0.0020000000000002655,0.198,0.002326366185050513,0.0020000000000000018,0.8690581270999939,0.048812912566717916,-0.6503613104551678,4.999999509357941,0.0015312679965852694,-0.0016005120068367286,0,0.0,0.0,0.0,0.0,0.0,0.0,0,0.0,0.0,0.0,0.0,0.0,0.0,1,-7.279600000000321,14.82239999999926,2.0100000000001605,0.6899999999996353,-1.860000000000639,-0.24999999999986144,1,-7.695999999999664,-12.462800000000541,1.3359999999998904,1.40000000000029,1.4199999999995327,-0.1500000000000945,1,4.208399999999764,-3.9335999999997004,0.3787999999999832,0.23999999999979593,0.7899999999998464,-0.0700000000000145,1,-4.746799999999782,-2.207999999999832,3.503999999999883,1.5200000000001879,0.700000000000145,-1.100000000000101,1,-5.373199999999764,8.2575999999999,2.9172000000002285,0.9800000000002029,-1.6400000000000858,-0.5799999999998029,1,-6.612799999999866,-12.374000000000205,-1.8231999999999682,1.1700000000001154,1.5999999999998238,0.22999999999995246,1,-4.094400000000136,15.083999999999701,-2.91239999999984,0.6599999999998829,-1.8499999999992411,0.360000000000138,1,6.705999999999987,14.657199999999325,4.041200000000338,-1.1499999999999844,-1.580000000000581,-0.4299999999997084,1,-7.69639999999953,-1.3003999999999623,-1.0484000000000848,1.9600000000004059,0.31000000000003247,0.25999999999992696
1771517292.1406229,5.003545761108398,-9.959084000000127,-0.005067303946513204,0.006084000000000033,0.29299999999921056,0.09732636618505018,-0.0930000000000002,0.29300000000000004,0.09732636618505051,-0.093,0.8997316942115219,0.23356233823150616,-0.5998486148986589,4.999998849259106,0.0023093764539874433,-0.002484791340322201,0,0.0,0.0,0.0,0.0,0.0,0.0,0,0.0,0.0,0.0,0.0,0.0,0.0,1,-7.210600000000357,14.636399999999195,1.985000000000161,0.6899999999996353,-1.860000000000639,-0.2500000000000835,1,-7.555999999999635,-12.320800000000588,1.320999999999881,1.40000000000029,1.4199999999995327,-0.1500000000000945,1,4.2323999999997435,-3.854599999999716,0.37179999999998176,0.23999999999979593,0.7899999999998464,-0.0700000000000145,1,-4.594799999999763,-2.1379999999998174,3.393999999999873,1.5200000000001879,0.700000000000145,-1.100000000000101,1,-5.275199999999744,8.093599999999892,2.859200000000248,0.9800000000002029,-1.6400000000000858,-0.5799999999998029,1,-6.495799999999854,-12.214000000000222,-1.800199999999973,1.1700000000001154,1.5999999999998238,0.22999999999995246,1,-4.028400000000148,14.898999999999777,-2.876399999999826,0.6599999999998829,-1.8499999999992411,0.360000000000138,1,6.590999999999989,14.499199999999266,3.9982000000003652,-1.1499999999999844,-1.580000000000581,-0.42999999999993044,1,-7.500399999999489,-1.269399999999959,-1.0224000000000921,1.9600000000004059,0.31000000000003247,0.25999999999992696
1771517292.2402759,5.103198766708374,-9.92527200000016,0.00015333267199184642,0.0012960000000000226,0.38900000000019475,0.001326366185050524,0.0029999999999999645,0.389,0.001326366185050512,0.0030000000000000027,0.963566123501744,-0.3042417307880074,0.6443378277016137,4.999999835436256,0.0007576456203645133,-0.001035186225030657,0,0.0,0.0,0.0,0.0,0.0,0.0,0,0.0,0.0,0.0,0.0,0.0,0.0,1,-7.141600000000394,14.450399999999131,1.9600000000001527,0.6899999999996353,-1.860000000000639,-0.2500000000000835,1,-7.415999999999606,-12.178800000000635,1.3059999999998715,1.40000000000029,1.4199999999995327,-0.1500000000000945,1,4.256399999999723,-3.775599999999731,0.3647999999999803,0.23999999999979593,0.7899999999998464,-0.0700000000000145,1,-4.442799999999744,-2.067999999999803,3.283999999999863,1.5200000000001879,0.700000000000145,-1.100000000000101,1,-5.177199999999724,7.929599999999883,2.801200000000268,0.9800000000002029,-1.6400000000000858,-0.5799999999998029,1,-6.378799999999843,-12.05400000000024,-1.7771999999999777,1.1700000000001154,1.5999999999998238,0.22999999999995246,1,-3.9624000000001596,14.713999999999853,-2.8403999999998124,0.6599999999998829,-1.8499999999992411,0.360000000000138,1,6.47599999999999,14.341199999999208,3.95520000000035,-1.1499999999999844,-1.580000000000581,-0.4300000000001525,1,-7.304399999999449,-1.2383999999999558,-0.9964000000000979,1.9600000000004059,0.31000000000003247,0.260000000000038
1771517292.3413746,5.2042975425720215,-9.892452000000148,0.0007460114130969975,0.0032360000000000184,0.4889999999999617,0.029948098320409882,0.10299999999999979,0.489,0.029948098320409886,0.10300000000000001,1.0098698972502218,0.029948098320409886,0.6635754454638748,4.999999988208627,-4.5151265849308796e-05,-0.0003404043031126085,0,0.0,0.0,0.0,0.0,0.0,0.0,0,0.0,0.0,0.0,0.0,0.0,0.0,1,-7.086400000000423,14.30159999999908,1.940000000000146,0.6899999999996353,-1.860000000000639,-0.2500000000000835,1,-7.303999999999583,-12.065200000000672,1.293999999999864,1.40000000000029,1.4199999999995327,-0.1500000000000945,1,4.275599999999707,-3.7123999999997435,0.35919999999997915,0.23999999999979593,0.7899999999998464,-0.0700000000000145,1,-4.321199999999729,-2.0119999999997913,3.195999999999855,1.5200000000001879,0.700000000000145,-1.100000000000101,1,-5.098799999999708,7.7983999999998765,2.7548000000002837,0.9800000000002029,-1.6400000000000858,-0.5799999999998029,1,-6.285199999999834,-11.926000000000254,-1.7587999999999815,1.1700000000001154,1.5999999999998238,0.22999999999995246,1,-3.909600000000169,14.565999999999914,-2.8115999999998014,0.6599999999998829,-1.8499999999992411,0.360000000000138,1,6.3839999999999915,14.214799999999162,3.920800000000338,-1.1499999999999844,-1.580000000000581,-0.4300000000001525,1,-7.147599999999416,-1.2135999999999532,-0.9756000000000948,1.9600000000004059,0.31000000000003247,0.260000000000038
1771517292.442222,5.305145025253296,-9.841952000000155,0.0021408212451379948,0.015136000000000037,0.5889999999997286,-0.07005190167959018,0.203,0.589,-0.07005190167959012,0.203,1.15634713203692,-0.12582216785737588,0.6680566554656772,4.999999692992056,-0.0004438171897015415,-0.0016950237907788221,0,0.0,0.0,0.0,0.0,0.0,0.0,0,0.0,0.0,0.0,0.0,0.0,0.0,1,-7.0174000000004595,14.115599999999016,1.9150000000001377,0.6899999999996353,-1.860000000000639,-0.2500000000000835,1,-7.163999999999554,-11.923200000000719,1.2789999999998545,1.40000000000029,1.4199999999995327,-0.1500000000000945,1,4.299599999999686,-3.633399999999759,0.3521999999999777,0.23999999999979593,0.7899999999998464,-0.0700000000000145,1,-4.1691999999997105,-1.9419999999997952,3.085999999999845,1.5200000000001879,0.6999999999999229,-1.100000000000101,1,-5.000799999999687,7.634399999999868,2.6968000000003034,0.9800000000002029,-1.6400000000000858,-0.5799999999998029,1,-6.168199999999822,-11.766000000000272,-1.7357999999999862,1.1700000000001154,1.5999999999998238,0.22999999999995246,1,-3.8436000000001806,14.38099999999999,-2.7755999999997876,0.6599999999998829,-1.8499999999992411,0.360000000000138,1,6.268999999999993,14.056799999999104,3.8778000000003225,-1.1499999999999844,-1.580000000000581,-0.4300000000001525,1,-6.951599999999376,-1.18259999999995,-0.949600000000091,1.9600000000004059,0.31000000000003247,0.260000000000038
1771517292.5417433,5.404666185379028,-9.793032000000192,-0.001663330889229217,0.03317599999999995,0.6609999999991345,0.0019480983204098537,0.27499999999999847,0.6609999999999999,0.0019480983204098745,0.275,1.297310304328441,0.017184575703149498,0.6895102096859842,4.999997604542057,-0.00016887167748407987,-0.004891426790493304,0,0.0,0.0,0.0,0.0,0.0,0.0,0,0.0,0.0,0.0,0.0,0.0,0.0,1,-6.962200000000489,13.966799999998965,1.895000000000131,0.6899999999996353,-1.860000000000639,-0.2500000000000835,1,-7.051999999999531,-11.809600000000756,1.266999999999847,1.40000000000029,1.4199999999995327,-0.1500000000000945,1,4.31879999999967,-3.570199999999771,0.34659999999997654,0.23999999999979593,0.7899999999998464,-0.0700000000000145,1,-4.047599999999695,-1.8859999999998014,2.997999999999837,1.5200000000001879,0.6999999999999229,-1.100000000000101,1,-4.922399999999671,7.503199999999861,2.650400000000319,0.9800000000002029,-1.6400000000000858,-0.5799999999998029,1,-6.074599999999813,-11.638000000000286,-1.71739999999999,1.1700000000001154,1.5999999999998238,0.22999999999995246,1,-3.79080000000019,14.23300000000005,-2.7467999999997765,0.6599999999998829,-1.8499999999992411,0.360000000000138,1,6.176999999999994,13.930399999999057,3.8434000000003103,-1.1499999999999844,-1.580000000000581,-0.4300000000001525,1,-6.794799999999343,-1.1577999999999473,-0.928800000000088,1.9600000000004059,0.31000000000003247,0.260000000000038
1771517292.6414847,5.504407644271851,-9.738289000000226,0.00016040371869442633,0.057038999999999854,0.7420000000006866,0.07446491320262094,0.35600000000000215,0.7419999999999999,0.07446491320262093,0.35600000000000004,1.3457314188956342,0.07446491320262093,0.7402800979820948,4.999989729975362,0.00040821797164792526,-0.010125882628071806,0,0.0,0.0,0.0,0.0,0.0,0.0,0,0.0,0.0,0.0,0.0,0.0,0.0,1,-6.907000000000518,13.817999999998914,1.8750000000001243,0.6899999999996353,-1.860000000000639,-0.2500000000000835,1,-6.9399999999995075,-11.696000000000794,1.2549999999998394,1.40000000000029,1.4199999999995327,-0.1500000000000945,1,4.337999999999654,-3.5069999999997834,0.3409999999999754,0.23999999999979593,0.7899999999998464,-0.0700000000000145,1,-3.9259999999996804,-1.8299999999998076,2.9099999999998287,1.5200000000001879,0.6999999999999229,-1.100000000000101,1,-4.843999999999655,7.371999999999854,2.604000000000335,0.9800000000002029,-1.6400000000000858,-0.5799999999998029,1,-5.980999999999804,-11.5100000000003,-1.6989999999999938,1.1700000000001154,1.5999999999998238,0.22999999999995246,1,-3.7380000000001994,14.085000000000111,-2.7179999999997655,0.6599999999998829,-1.8499999999992411,0.360000000000138,1,6.0849999999999955,13.80399999999901,3.809000000000298,-1.1499999999999844,-1.580000000000581,-0.4300000000001525,1,-6.637999999999311,-1.1329999999999447,-0.908000000000085,1.9600000000004059,0.31000000000003247,0.260000000000038
1771517292.7416055,5.604528427124023,-9.677683000000183,0.005582063984499212,0.08676499999999966,0.8309999999998041,0.03621257103084314,0.44500000000000106,0.8309999999999998,0.036212571030843056,0.44500000000000006,1.4363273125881588,0.036212571030843056,0.720255126985809,4.999969054658483,-0.000691251097256245,-0.017577674176904638,0,0.0,0.0,0.0,0.0,0.0,0.0,0,0.0,0.0,0.0,0.0,0.0,0.0,1,-6.851800000000547,13.669199999998863,1.8550000000001177,0.6899999999996353,-1.860000000000639,-0.2500000000000835,1,-6.827999999999484,-11.582400000000831,1.2429999999998318,1.40000000000029,1.4199999999995327,-0.1500000000000945,1,4.357199999999637,-3.4437999999997957,0.3353999999999742,0.23999999999979593,0.7899999999998464,-0.0700000000000145,1,-3.8043999999996654,-1.7739999999998137,2.8219999999998207,1.5200000000001879,0.6999999999999229,-1.100000000000101,1,-4.765599999999639,7.240799999999847,2.5576000000003507,0.9800000000002029,-1.6400000000000858,-0.5799999999998029,1,-5.887399999999794,-11.382000000000314,-1.6805999999999977,1.1700000000001154,1.5999999999998238,0.22999999999995246,1,-3.6852000000002088,13.937000000000172,-2.6891999999997545,0.6599999999998829,-1.8499999999992411,0.360000000000138,1,5.992999999999997,13.677599999998964,3.774600000000286,-1.1499999999999844,-1.580000000000581,-0.4300000000001525,1,-6.481199999999278,-1.1081999999999421,-0.8872000000000819,1.9600000000004059,0.31000000000003247,0.260000000000038
1771517292.841671,5.704593896865845,-9.592333000000199,0.006953321087583531,0.1335149999999998,0.9209999999999496,-0.053787428969156656,0.5350000000000076,0.9209999999999998,-0.05378742896915694,0.535,1.4951485386022194,-0.09325605486146744,0.7973399538944064,4.999931876038962,-0.0017429769410291594,-0.02604221574454426,0,0.0,0.0,0.0,0.0,0.0,0.0,0,0.0,0.0,0.0,0.0,0.0,0.0,1,-6.7828000000005835,13.4831999999988,1.8300000000001093,0.6899999999996353,-1.860000000000639,-0.2500000000000835,1,-6.715999999999461,-11.468800000000869,1.2309999999998242,1.40000000000029,1.4199999999995327,-0.1500000000000945,1,4.381199999999617,-3.364799999999811,0.32839999999997277,0.23999999999979593,0.7899999999998464,-0.0700000000000145,1,-3.6827999999996504,-1.71799999999982,2.7339999999998126,1.5200000000001879,0.6999999999999229,-1.100000000000101,1,-4.687199999999622,7.1095999999998405,2.5112000000003665,0.9800000000002029,-1.6400000000000858,-0.5799999999998029,1,-5.793799999999785,-11.254000000000328,-1.6622000000000015,1.1700000000001154,1.5999999999998238,0.22999999999995246,1,-3.632400000000218,13.789000000000232,-2.6603999999997434,0.6599999999998829,-1.8499999999992411,0.360000000000138,1,5.900999999999998,13.551199999998918,3.7402000000002738,-1.1499999999999844,-1.580000000000581,-0.4300000000001525,1,-6.285199999999238,-1.0771999999999389,-0.8612000000000781,1.9600000000004059,0.31000000000003247,0.260000000000038
1771517292.9422324,5.805155277252197,-9.51673300000019,0.004570326770050983,0.17823500000000034,1.0010000000004737,0.026212571030842687,0.6150000000000045,1.001,0.02621257103084306,0.615,1.6364615835751846,0.05896155189103984,0.7553468260142127,4.99986710066382,-0.0015423390265596431,-0.0364224778111289,0,0.0,0.0,0.0,0.0,0.0,0.0,0,0.0,0.0,0.0,0.0,0.0,0.0,1,-6.727600000000613,13.334399999998748,1.8100000000001026,0.6899999999996353,-1.860000000000639,-0.2500000000000835,1,-6.575999999999432,-11.326800000000915,1.2159999999998148,1.40000000000029,1.4199999999995327,-0.1500000000000945,1,4.400399999999601,-3.3015999999998233,0.3227999999999716,0.23999999999979593,0.7899999999998464,-0.0700000000000145,1,-3.5307999999996316,-1.6479999999998276,2.6239999999998025,1.5200000000001879,0.6999999999999229,-1.100000000000101,1,-4.589199999999602,6.945599999999832,2.453200000000386,0.9800000000002029,-1.6400000000000858,-0.5799999999998029,1,-5.676799999999774,-11.094000000000346,-1.6392000000000062,1.1700000000001154,1.5999999999998238,0.22999999999995246,1,-3.56640000000023,13.604000000000308,-2.6243999999997296,0.6599999999998829,-1.8499999999992411,0.360000000000138,1,5.786,13.39319999999886,3.6972000000002585,-1.1499999999999844,-1.580000000000581,-0.4300000000001525,1,-6.128399999999205,-1.0523999999999363,-0.8404000000000751,1.9600000000004059,0.31000000000003247,0.260000000000038
1771517293.0415907,5.904513597488403,-9.435537000000156,0.0061447224849201735,0.22855100000000048,1.0940000000001504,-0.017338259602342646,0.7079999999999863,1.0939999999999999,-0.017338259602342594,0.708,1.7124541662773292,-0.017338259602342594,0.7994675851268672,4.999757938172712,-0.0013200385874207418,-0.0491814718881282,0,0.0,0.0,0.0,0.0,0.0,0.0,0,0.0,0.0,0.0,0.0,0.0,0.0,1,-6.672400000000642,13.185599999998697,1.790000000000096,0.6899999999996353,-1.860000000000639,-0.2500000000000835,1,-6.463999999999409,-11.213200000000953,1.2039999999998072,1.40000000000029,1.4199999999995327,-0.1500000000000945,1,4.419599999999584,-3.2383999999998356,0.31719999999997045,0.23999999999979593,0.7899999999998464,-0.0700000000000145,1,-3.4091999999996165,-1.5919999999998338,2.5359999999997944,1.5200000000001879,0.6999999999999229,-1.100000000000101,1,-4.510799999999586,6.814399999999825,2.406800000000402,0.9800000000002029,-1.6400000000000858,-0.5799999999998029,1,-5.583199999999764,-10.96600000000036,-1.62080000000001,1.1700000000001154,1.5999999999998238,0.22999999999995246,1,-3.513600000000239,13.456000000000369,-2.5955999999997186,0.6599999999998829,-1.8499999999992411,0.360000000000138,1,5.694000000000001,13.266799999998813,3.6628000000002463,-1.1499999999999844,-1.580000000000581,-0.4300000000001525,1,-5.971599999999173,-1.0275999999999337,-0.819600000000072,1.9600000000004059,0.31000000000003247,0.260000000000038
1771517293.1419163,6.004839181900024,-9.324370000000147,0.004673656792381179,0.3007232400359722,1.186999999999827,-0.003508771828907367,0.7802231597880404,1.1869999999999998,-0.0035087718289070063,0.7802231597880588,1.8463342388359003,-0.003508771828907007,0.7802231597880588,4.99957747137726,-0.0014346847497612846,-0.06498499347255171,0,0.0,0.0,0.0,0.0,0.0,0.0,0,0.0,0.0,0.0,0.0,0.0,0.0,1,-6.603400000000678,12.999599999998633,1.7650000000000876,0.6899999999996353,-1.860000000000639,-0.2500000000000835,1,-6.32399999999938,-11.071200000001,1.1889999999997978,1.40000000000029,1.4199999999995327,-0.1500000000000945,1,4.443599999999564,-3.159399999999851,0.310199999999969,0.23999999999979593,0.7899999999998464,-0.0700000000000145,1,-3.2571999999995978,-1.5219999999998415,2.4259999999997843,1.5200000000001879,0.6999999999999229,-1.100000000000101,1,-4.4127999999995655,6.6503999999998165,2.3488000000004217,0.9800000000002029,-1.6400000000000858,-0.5799999999998029,1,-5.466199999999753,-10.806000000000378,-1.5978000000000148,1.1700000000001154,1.5999999999998238,0.22999999999995246,1,-3.447600000000251,13.271000000000445,-2.559599999999705,0.6599999999998829,-1.8499999999992411,0.360000000000138,1,5.579000000000002,13.108799999998755,3.619800000000231,-1.1499999999999844,-1.580000000000581,-0.4300000000001525,1,-5.775599999999132,-0.9965999999999304,-0.7936000000000683,1.9600000000004059,0.31000000000003247,0.260000000000038
1771517293.2413552,6.104278087615967,-9.229410000000161,0.0043929550460685895,0.3631410928190154,1.186999999999827,-0.003508771828907367,0.7802231597880404,1.287,-0.064478101306501,0.790699473535392,1.9313375984251036,-0.064478101306501,0.790699473535392,4.999318232006121,-0.001189903185392432,-0.08255785402738089,0,0.0,0.0,0.0,0.0,0.0,0.0,0,0.0,0.0,0.0,0.0,0.0,0.0,1,-6.5482000000007075,12.850799999998582,1.745000000000081,0.6899999999996353,-1.860000000000639,-0.2500000000000835,1,-6.211999999999357,-10.957600000001037,1.1769999999997902,1.40000000000029,1.4199999999995327,-0.1500000000000945,1,4.462799999999548,-3.0961999999998633,0.30459999999996784,0.23999999999979593,0.7899999999998464,-0.0700000000000145,1,-3.1355999999995827,-1.4659999999998476,2.3379999999997763,1.5200000000001879,0.6999999999999229,-1.100000000000101,1,-4.334399999999549,6.51919999999981,2.3024000000004374,0.9800000000002029,-1.6400000000000858,-0.5799999999998029,1,-5.372599999999744,-10.678000000000392,-1.5794000000000186,1.1700000000001154,1.5999999999998238,0.22999999999995246,1,-3.3948000000002603,13.123000000000506,-2.5307999999996937,0.6599999999998829,-1.8499999999992411,0.360000000000138,1,5.487000000000004,12.982399999998709,3.585400000000219,-1.1499999999999844,-1.580000000000581,-0.4300000000001525,1,-5.6187999999991,-0.9717999999999278,-0.7728000000000652,1.9600000000004059,0.31000000000003247,0.260000000000038
1771517293.3404756,6.2033984661102295,-9.098780000000176,3.6114244896078846e-05,0.440170563858806,1.3570000000004967,0.0055218986934990055,0.7206994735353689,1.357,0.0055218986934990055,0.720699473535392,1.7585461488367884,1.2035987796301224,-4.482241225906149,4.9989715003753705,-0.0006060519666848248,-0.10140794414558738,0,0.0,0.0,0.0,0.0,0.0,0.0,0,0.0,0.0,0.0,0.0,0.0,0.0,1,-6.479200000000744,12.664799999998518,1.7200000000000726,0.6899999999996353,-1.860000000000639,-0.2500000000000835,1,-6.071999999999328,-10.815600000001083,1.1619999999997808,1.40000000000029,1.4199999999995327,-0.1500000000000945,1,4.486799999999527,-3.0171999999998786,0.2975999999999664,0.23999999999979593,0.7899999999998464,-0.0700000000000145,1,-2.983599999999564,-1.3959999999998554,2.227999999999766,1.5200000000001879,0.6999999999999229,-1.100000000000101,1,-4.236399999999529,6.355199999999801,2.244400000000457,0.9800000000002029,-1.6400000000000858,-0.5799999999998029,1,-5.255599999999732,-10.51800000000041,-1.5564000000000233,1.1700000000001154,1.5999999999998238,0.22999999999995246,1,-3.328800000000272,12.938000000000581,-2.49479999999968,0.6599999999998829,-1.8499999999992411,0.360000000000138,1,5.372000000000005,12.82439999999865,3.5424000000002036,-1.1499999999999844,-1.580000000000581,-0.4300000000001525,1,-5.422799999999059,-0.9407999999999246,-0.7468000000000614,1.9600000000004059,0.31000000000003247,0.260000000000038
1771517293.442166,6.305088996887207,-8.990220000000136,0.0004778661403759988,0.4978265217416355,1.3570000000004967,0.00552189869349899,0.7206994735353689,1.457,0.10552189869349901,0.620699473535392,3.996918321575375,2.941486268400046,-0.9161397137357209,4.9985847356770865,-3.702977375055057e-05,-0.11895645793659623,0,0.0,0.0,0.0,0.0,0.0,0.0,0,0.0,0.0,0.0,0.0,0.0,0.0,1,-6.424000000000773,12.515999999998467,1.700000000000066,0.6899999999996353,-1.860000000000639,-0.2500000000000835,1,-5.9599999999993045,-10.70200000000112,1.1499999999997732,1.40000000000029,1.4199999999995327,-0.1500000000000945,1,4.505999999999511,-2.953999999999891,0.29199999999996523,0.23999999999979593,0.7899999999998464,-0.0700000000000145,1,-2.861999999999549,-1.3399999999998615,2.139999999999758,1.5200000000001879,0.6999999999999229,-1.100000000000101,1,-4.157999999999513,6.223999999999794,2.198000000000473,0.9800000000002029,-1.6400000000000858,-0.5799999999998029,1,-5.161999999999723,-10.390000000000423,-1.5380000000000271,1.1700000000001154,1.5999999999998238,0.22999999999995246,1,-3.2760000000002814,12.790000000000642,-2.465999999999669,0.6599999999998829,-1.8499999999992411,0.360000000000138,1,5.2800000000000065,12.697999999998604,3.5080000000001914,-1.1499999999999844,-1.580000000000581,-0.4300000000001525,1,-5.265999999999027,-0.915999999999922,-0.7260000000000584,1.9600000000004059,0.31000000000003247,0.260000000000038
1771517293.5419207,6.40484356880188,-8.903200000000119,0.006409180061985934,0.5354684901537583,1.4570000000002636,0.1055218986934989,0.6206994735353799,1.5250000000000001,0.17352189869349902,0.5526994735353921,2.2893819564613103,4.218201584017171,-1.5592395365393847,4.998173006498882,-0.0006648272127338277,-0.13515234038188656,0,0.0,0.0,0.0,0.0,0.0,0.0,0,0.0,0.0,0.0,0.0,0.0,0.0,1,-6.382600000000795,12.404399999998429,1.685000000000061,0.6899999999996353,-1.860000000000639,-0.2500000000000835,1,-5.875999999999287,-10.616800000001149,1.1409999999997675,1.40000000000029,1.4199999999995327,-0.1500000000000945,1,4.520399999999499,-2.9065999999999,0.28779999999996436,0.23999999999979593,0.7899999999998464,-0.0700000000000145,1,-2.7707999999995376,-1.2979999999998661,2.073999999999752,1.5200000000001879,0.6999999999999229,-1.100000000000101,1,-4.099199999999501,6.125599999999789,2.1632000000004847,0.9800000000002029,-1.6400000000000858,-0.5799999999998029,1,-5.091799999999716,-10.294000000000434,-1.52420000000003,1.1700000000001154,1.5999999999998238,0.22999999999995246,1,-3.2364000000002884,12.679000000000688,-2.4443999999996606,0.6599999999998829,-1.8499999999992411,0.360000000000138,1,5.211000000000007,12.60319999999857,3.4822000000001823,-1.1499999999999844,-1.580000000000581,-0.4300000000001525,1,-5.148399999999002,-0.89739999999992,-0.7104000000000561,1.9600000000004059,0.31000000000003247,0.260000000000038
1771517293.6419256,6.504848480224609,-8.812448000000073,0.01607249398359588,0.5693784585658832,1.5250000000008868,0.17352189869349868,0.5526994735354229,1.5850000000000002,0.11352189869349902,0.49269947353539206,3.8237825136372057,-1.9580470399120602,-2.6174848442953844,4.997869509164178,-0.002709734777513341,-0.14592130312073512,0,0.0,0.0,0.0,0.0,0.0,0.0,0,0.0,0.0,0.0,0.0,0.0,0.0,1,-6.341200000000817,12.29279999999839,1.6700000000000559,0.6899999999996353,-1.860000000000639,-0.2500000000000835,1,-5.79199999999927,-10.531600000001177,1.1319999999997619,1.40000000000029,1.4199999999995327,-0.1500000000000945,1,4.534799999999486,-2.8591999999999094,0.2835999999999635,0.23999999999979593,0.7899999999998464,-0.0700000000000145,1,-2.6795999999995264,-1.2559999999998708,2.007999999999746,1.5200000000001879,0.6999999999999229,-1.100000000000101,1,-4.040399999999488,6.027199999999784,2.1284000000004966,0.9800000000002029,-1.6400000000000858,-0.5799999999998029,1,-5.021599999999709,-10.198000000000444,-1.5104000000000328,1.1700000000001154,1.5999999999998238,0.22999999999995246,1,-3.1968000000002954,12.568000000000733,-2.4227999999996523,0.6599999999998829,-1.8499999999992411,0.360000000000138,1,5.142000000000008,12.508399999998534,3.456400000000173,-1.1499999999999844,-1.580000000000581,-0.4300000000001525,1,-5.030799999998978,-0.8787999999999181,-0.6948000000000538,1.9600000000004059,0.31000000000003247,0.260000000000038
1771517293.742453,6.6053760051727295,-8.685388000000058,0.024894245879075835,0.6085344164487136,1.6339999999992472,0.06452189869349949,0.4436994735353972,1.6340000000000001,0.06452189869349902,0.4436994735353921,4.6864543517539365,-1.5974167654720146,-0.23416007888332854,4.997620124599639,-0.005032313963966791,-0.15416797985593475,0,0.0,0.0,0.0,0.0,0.0,0.0,0,0.0,0.0,0.0,0.0,0.0,0.0,1,-6.286000000000846,12.14399999999834,1.6500000000000492,0.6899999999996353,-1.860000000000639,-0.2500000000000835,1,-5.6799999999992465,-10.418000000001214,1.1199999999997543,1.40000000000029,1.4199999999995327,-0.1500000000000945,1,4.549199999999474,-2.8117999999999186,0.2793999999999626,0.23999999999979593,0.7899999999998464,-0.0700000000000145,1,-2.5579999999995113,-1.199999999999877,1.919999999999738,1.5200000000001879,0.6999999999999229,-1.100000000000101,1,-3.9815999999994762,5.928799999999779,2.0936000000005084,0.9800000000002029,-1.6400000000000858,-0.5799999999998029,1,-4.951399999999702,-10.102000000000455,-1.4966000000000357,1.1700000000001154,1.5999999999998238,0.22999999999995246,1,-3.1572000000003024,12.457000000000779,-2.401199999999644,0.6599999999998829,-1.8499999999992411,0.360000000000138,1,5.05000000000001,12.381999999998488,3.422000000000161,-1.1499999999999844,-1.580000000000581,-0.4300000000001525,1,-4.873999999998945,-0.8539999999999155,-0.6740000000000508,1.9600000000004059,0.31000000000003247,0.260000000000038
1771517293.8409255,6.703848361968994,-8.553678000000117,0.031045997774555793,0.6450203743315458,1.7239999999993927,0.1545218986934993,0.5336994735354317,1.7240000000000002,0.15452189869349903,0.533699473535392,2.2452542474729764,1.119699091540999,4.35241390701108,4.997275974893082,-0.006943601605280174,-0.16487758232442135,0,0.0,0.0,0.0,0.0,0.0,0.0,0,0.0,0.0,0.0,0.0,0.0,0.0,1,-6.230800000000875,11.995199999998288,1.6300000000000425,0.6899999999996353,-1.860000000000639,-0.2500000000000835,1,-5.567999999999223,-10.304400000001252,1.1079999999997467,1.40000000000029,1.4199999999995327,-0.1500000000000945,1,4.573199999999454,-2.732799999999934,0.2723999999999612,0.23999999999979593,0.7899999999998464,-0.0700000000000145,1,-2.4363999999994963,-1.143999999999883,1.8319999999997298,1.5200000000001879,0.6999999999999229,-1.100000000000101,1,-3.883599999999456,5.76479999999977,2.035600000000528,0.9800000000002029,-1.6400000000000858,-0.5799999999998029,1,-4.8343999999996905,-9.942000000000473,-1.4736000000000404,1.1700000000001154,1.5999999999998238,0.22999999999995246,1,-3.091200000000314,12.272000000000855,-2.3651999999996303,0.6599999999998829,-1.8499999999992411,0.360000000000138,1,4.958000000000011,12.255599999998442,3.3876000000001487,-1.1499999999999844,-1.580000000000581,-0.4300000000001525,1,-4.717199999998913,-0.8291999999999129,-0.6532000000000477,1.9600000000004059,0.31000000000003247,0.260000000000038
1771517293.9437501,6.806673049926758,-8.378982000000155,0.04879418764390569,0.7006863216850866,1.8060000000001963,0.23652189869349804,0.6156994735353472,1.8060000000000003,0.23652189869349904,0.615699473535392,3.5158504913377575,1.306548936916124,3.303386129113972,4.996849498321112,-0.009291755185593168,-0.17722515175227954,0,0.0,0.0,0.0,0.0,0.0,0.0,0,0.0,0.0,0.0,0.0,0.0,0.0,1,-6.161800000000912,11.809199999998224,1.6050000000000342,0.6899999999996353,-1.860000000000639,-0.2500000000000835,1,-5.427999999999194,-10.162400000001298,1.0929999999997373,1.40000000000029,1.4199999999995327,-0.1500000000000945,1,4.597199999999433,-2.6537999999999493,0.2653999999999597,0.23999999999979593,0.7899999999998464,-0.0700000000000145,1,-2.3147999999994813,-1.0879999999998893,1.7439999999997218,1.5200000000001879,0.6999999999999229,-1.100000000000101,1,-3.8051999999994397,5.633599999999763,1.9892000000005396,0.9800000000002029,-1.6400000000000858,-0.5800000000000249,1,-4.717399999999679,-9.78200000000049,-1.4506000000000452,1.1700000000001154,1.5999999999998238,0.22999999999995246,1,-3.025200000000326,12.08700000000093,-2.3291999999996165,0.6599999999998829,-1.8499999999992411,0.360000000000138,1,4.866000000000012,12.129199999998395,3.3532000000001365,-1.1499999999999844,-1.580000000000581,-0.4300000000001525,1,-4.521199999998872,-0.7981999999999096,-0.627200000000044,1.9600000000004059,0.31000000000003247,0.260000000000038
1771517294.0417504,6.904673337936401,-8.233350000000149,0.06656393953938555,0.7487902795679146,1.9019999999994042,0.1405218986934992,0.5196994735353622,1.9020000000000004,0.14052189869349904,0.519699473535392,4.1915473332563025,-2.252844913402855,-1.578429250859477,4.996235400999241,-0.014315723261640483,-0.19346027465461493,0,0.0,0.0,0.0,0.0,0.0,0.0,0,0.0,0.0,0.0,0.0,0.0,0.0,1,-6.106600000000941,11.660399999998173,1.5850000000000275,0.6899999999996353,-1.860000000000639,-0.2500000000000835,1,-5.315999999999171,-10.048800000001336,1.0809999999997297,1.40000000000029,1.4199999999995327,-0.1500000000000945,1,4.616399999999417,-2.5905999999999616,0.25979999999995856,0.23999999999979593,0.7899999999998464,-0.0700000000000145,1,-2.1627999999994625,-1.017999999999897,1.6339999999997117,1.5200000000001879,0.6999999999999229,-1.100000000000101,1,-3.7071999999994194,5.469599999999755,1.9312000000005372,0.9800000000002029,-1.6400000000000858,-0.5800000000000249,1,-4.62379999999967,-9.654000000000504,-1.432200000000049,1.1700000000001154,1.5999999999998238,0.22999999999995246,1,-2.972400000000335,11.939000000000991,-2.3003999999996054,0.6599999999998829,-1.8499999999992411,0.360000000000138,1,4.751000000000014,11.971199999998337,3.3102000000001213,-1.1499999999999844,-1.580000000000581,-0.4300000000001525,1,-4.36439999999884,-0.773399999999907,-0.6064000000000409,1.9600000000004059,0.31000000000003247,0.260000000000038
1771517294.1416674,7.004590272903442,-8.041850000000212,0.07931612940873543,0.7994602269214509,2.001999999999171,0.04052189869349632,0.4196994735353732,2.0020000000000002,0.04052189869349904,0.41969947353539205,3.7661520479712767,-0.9409752143861,-3.139675302868812,4.995532583085952,-0.01953424225950681,-0.2104106097751399,0,0.0,0.0,0.0,0.0,0.0,0.0,0,0.0,0.0,0.0,0.0,0.0,0.0,1,-6.037600000000977,11.47439999999811,1.5600000000000191,0.6899999999996353,-1.860000000000639,-0.2500000000000835,1,-5.175999999999142,-9.906800000001383,1.0659999999997203,1.40000000000029,1.4199999999995327,-0.1500000000000945,1,4.640399999999397,-2.511599999999977,0.2527999999999571,0.23999999999979593,0.7899999999998464,-0.0700000000000145,1,-2.0107999999994437,-0.9479999999998964,1.5239999999997016,1.5200000000001879,0.7000000000000339,-1.100000000000101,1,-3.609199999999399,5.305599999999746,1.8732000000005347,0.9800000000002029,-1.6400000000000858,-0.5800000000000249,1,-4.506799999999658,-9.494000000000522,-1.4092000000000537,1.1700000000001154,1.5999999999998238,0.22999999999995246,1,-2.906400000000347,11.754000000001067,-2.2643999999995916,0.6599999999998829,-1.8499999999992411,0.360000000000138,1,4.636000000000015,11.813199999998279,3.267200000000106,-1.1499999999999844,-1.580000000000581,-0.4300000000001525,1,-4.168399999998799,-0.7423999999999038,-0.5804000000000371,1.9600000000004059,0.31000000000003247,0.260000000000038
1771517294.242587,7.105509996414185,-7.880934000000223,0.08331388130421515,0.8337921848042805,2.077600000000235,0.11612189869349698,0.49529947353534887,2.0860000000000003,0.12452189869349904,0.503699473535392,3.99620175097537,2.0323539541195297,2.1821191946449736,4.994897897561729,-0.022287320597646123,-0.22471819746962857,0,0.0,0.0,0.0,0.0,0.0,0.0,0,0.0,0.0,0.0,0.0,0.0,0.0,1,-5.9824000000010065,11.325599999998058,1.5400000000000125,0.6899999999996353,-1.860000000000639,-0.2500000000000835,1,-5.063999999999119,-9.79320000000142,1.0539999999997127,1.40000000000029,1.4199999999995327,-0.1500000000000945,1,4.65959999999938,-2.4483999999999893,0.2471999999999571,0.23999999999979593,0.7899999999998464,-0.06999999999998674,1,-1.8891999999994449,-0.8919999999998937,1.4359999999996935,1.5199999999999658,0.7000000000000339,-1.100000000000101,1,-3.530799999999383,5.174399999999739,1.8268000000005327,0.9800000000002029,-1.6400000000000858,-0.5800000000000249,1,-4.413199999999649,-9.366000000000536,-1.3908000000000575,1.1700000000001154,1.5999999999998238,0.22999999999995246,1,-2.8536000000003563,11.606000000001128,-2.2355999999995806,0.6599999999998829,-1.8499999999992411,0.360000000000138,1,4.5440000000000165,11.686799999998232,3.232800000000094,-1.1499999999999844,-1.580000000000581,-0.4300000000001525,1,-4.011599999998767,-0.7175999999999012,-0.5596000000000341,1.9600000000004059,0.31000000000003247,0.260000000000038
1771517294.3413873,7.204310178756714,-7.6704420000002065,0.09765807117356491,0.8860541321578158,2.1719999999998407,0.2105218986934998,0.5896994735353767,2.172,0.21052189869349902,0.589699473535392,4.676808281120015,0.8668231853830729,1.3699338396855871,4.994254105982332,-0.024498253856207828,-0.23838154382547916,0,0.0,0.0,0.0,0.0,0.0,0.0,0,0.0,0.0,0.0,0.0,0.0,0.0,1,-5.913400000001043,11.139599999997994,1.5150000000000041,0.6899999999996353,-1.860000000000639,-0.2500000000000835,1,-4.92399999999909,-9.651200000001467,1.0389999999997033,1.40000000000029,1.4199999999995327,-0.1500000000000945,1,4.68359999999936,-2.3694000000000046,0.24019999999995842,0.23999999999979593,0.7899999999998464,-0.06999999999998674,1,-1.7371999999994483,-0.8219999999998903,1.3259999999996834,1.5199999999999658,0.7000000000000339,-1.100000000000101,1,-3.4327999999993626,5.010399999999731,1.7688000000005302,0.9800000000002029,-1.6400000000000858,-0.5800000000000249,1,-4.296199999999637,-9.206000000000554,-1.3678000000000623,1.1700000000001154,1.5999999999998238,0.22999999999995246,1,-2.787600000000368,11.421000000001204,-2.199599999999567,0.6599999999998829,-1.8499999999992411,0.360000000000138,1,4.429000000000018,11.528799999998174,3.1898000000000786,-1.1499999999999844,-1.580000000000581,-0.4300000000001525,1,-3.8155999999987684,-0.686599999999898,-0.5336000000000303,1.9599999999999618,0.31000000000003247,0.260000000000038
1771517294.4416025,7.304525375366211,-7.496682000000219,0.1144998230690449,0.9332300900406459,2.1719999999998407,0.2105218986934998,0.5896994735353767,2.2720000000000002,0.11052189869349902,0.489699473535392,3.897154620586646,-3.1170280544124025,-0.0328856618002375,4.993399176523217,-0.029123651435265734,-0.255179303283661,0,0.0,0.0,0.0,0.0,0.0,0.0,0,0.0,0.0,0.0,0.0,0.0,0.0,1,-5.858200000001072,10.990799999997943,1.4949999999999974,0.6899999999996353,-1.860000000000639,-0.2500000000000835,1,-4.811999999999067,-9.537600000001504,1.0269999999996957,1.40000000000029,1.4199999999995327,-0.1500000000000945,1,4.7027999999993435,-2.306200000000017,0.23459999999995948,0.23999999999979593,0.7899999999998464,-0.06999999999998674,1,-1.615599999999451,-0.7659999999998875,1.2379999999996754,1.5199999999999658,0.7000000000000339,-1.100000000000101,1,-3.3543999999993463,4.879199999999724,1.7224000000005282,0.9800000000002029,-1.6400000000000858,-0.5800000000000249,1,-4.202599999999628,-9.078000000000568,-1.349400000000066,1.1700000000001154,1.5999999999998238,0.22999999999995246,1,-2.7348000000003774,11.273000000001264,-2.1707999999995558,0.6599999999998829,-1.8499999999992411,0.360000000000138,1,4.337000000000019,11.402399999998128,3.1554000000000664,-1.1499999999999844,-1.580000000000581,-0.4300000000001525,1,-3.6587999999987715,-0.6617999999998954,-0.5128000000000272,1.9599999999999618,0.31000000000003247,0.260000000000038
1771517294.541304,7.404227018356323,-7.31466200000025,0.12308157496452465,0.973266047923477,2.3279999999996193,0.05452189869349644,0.5456994735353993,2.342,0.04052189869349901,0.559699473535392,3.8522668020964836,-0.4909714001452026,3.069744404337644,4.9925440279860736,-0.03368007269745085,-0.27086856835684286,0,0.0,0.0,0.0,0.0,0.0,0.0,0,0.0,0.0,0.0,0.0,0.0,0.0,1,-5.803000000001101,10.841999999997892,1.4749999999999908,0.6899999999996353,-1.860000000000639,-0.2500000000000835,1,-4.699999999999044,-9.424000000001541,1.0149999999996882,1.40000000000029,1.4199999999995327,-0.1500000000000945,1,4.721999999999327,-2.243000000000029,0.22899999999996054,0.23999999999979593,0.7899999999998464,-0.06999999999998674,1,-1.4939999999994538,-0.7099999999998848,1.1499999999996673,1.5199999999999658,0.7000000000000339,-1.100000000000101,1,-3.27599999999933,4.747999999999717,1.6760000000005262,0.9800000000002029,-1.6400000000000858,-0.5800000000000249,1,-4.108999999999619,-8.950000000000582,-1.33100000000007,1.1700000000001154,1.5999999999998238,0.22999999999995246,1,-2.6820000000003867,11.125000000001325,-2.1419999999995447,0.6599999999998829,-1.8499999999992411,0.360000000000138,1,4.2450000000000205,11.275999999998081,3.121000000000054,-1.1499999999999844,-1.580000000000581,-0.4300000000001525,1,-3.5019999999987745,-0.6369999999998928,-0.4920000000000259,1.9599999999999618,0.31000000000003247,0.25999999999998247
1771517294.6412086,7.504131555557251,-7.126327000000271,0.12729832686000425,1.0190170058063062,2.4170000000003355,0.11552189869348806,0.6346994735353384,2.4170000000000003,0.115521898693499,0.6346994735353919,4.646633388165525,0.9349576730459519,1.5811767268344903,4.9917544759515575,-0.03583107944227717,-0.28478656141676895,0,0.0,0.0,0.0,0.0,0.0,0.0,0,0.0,0.0,0.0,0.0,0.0,0.0,1,-5.7478000000011304,10.69319999999784,1.454999999999984,0.6899999999996353,-1.860000000000639,-0.2500000000000835,1,-4.58799999999902,-9.310400000001579,1.0029999999996806,1.40000000000029,1.4199999999995327,-0.1500000000000945,1,4.741199999999311,-2.1798000000000415,0.2233999999999616,0.23999999999979593,0.7899999999998464,-0.06999999999998674,1,-1.3723999999994565,-0.6539999999998821,1.0619999999996592,1.5199999999999658,0.7000000000000339,-1.100000000000101,1,-3.197599999999314,4.61679999999971,1.6296000000005242,0.9800000000002029,-1.6400000000000858,-0.5800000000000249,1,-4.01539999999961,-8.822000000000596,-1.3126000000000737,1.1700000000001154,1.5999999999998238,0.22999999999995246,1,-2.629200000000396,10.977000000001386,-2.1131999999995337,0.6599999999998829,-1.8499999999992411,0.360000000000138,1,4.153000000000022,11.149599999998035,3.086600000000042,-1.1499999999999844,-1.580000000000581,-0.4300000000001525,1,-3.3451999999987776,-0.6121999999998902,-0.4712000000000273,1.9599999999999618,0.31000000000003247,0.25999999999998247
1771517294.74098,7.603902816772461,-6.88271600000025,0.13693951672935348,1.0843979531598413,2.5079999999997327,0.02452189869350807,0.7256994735354017,2.5080000000000005,0.02452189869349901,0.7256994735353919,3.586243405395852,-1.185444000624633,3.3042099222205805,4.990673321182526,-0.038110280355669233,-0.3028653294257784,0,0.0,0.0,0.0,0.0,0.0,0.0,0,0.0,0.0,0.0,0.0,0.0,0.0,1,-5.69260000000116,10.54439999999779,1.4349999999999774,0.6899999999996353,-1.860000000000639,-0.2500000000000835,1,-4.475999999998997,-9.196800000001616,0.9909999999996798,1.40000000000029,1.4199999999995327,-0.14999999999998348,1,4.7603999999992945,-2.1166000000000538,0.21779999999996266,0.23999999999979593,0.7899999999998464,-0.06999999999998674,1,-1.22039999999946,-0.5839999999998787,0.951999999999654,1.5199999999999658,0.7000000000000339,-1.09999999999999,1,-3.0995999999992936,4.452799999999701,1.5716000000005217,0.9800000000002029,-1.6400000000000858,-0.5800000000000249,1,-3.9217999999996005,-8.69400000000061,-1.2942000000000775,1.1700000000001154,1.5999999999998238,0.22999999999995246,1,-2.5764000000004055,10.829000000001447,-2.0843999999995226,0.6599999999998829,-1.8499999999992411,0.360000000000138,1,4.061000000000023,11.023199999997988,3.05220000000003,-1.1499999999999844,-1.580000000000581,-0.4300000000001525,1,-3.1491999999987814,-0.5811999999998869,-0.4452000000000291,1.9599999999999618,0.31000000000003247,0.25999999999998247
1771517294.8412886,7.704211473464966,-6.68168800000027,0.13928926862483407,1.1428419110426735,2.546799999999827,0.06332189869350247,0.7644994735354071,2.6050000000000004,0.12152189869349901,0.8226994735353919,4.053763583109042,0.9572434602680447,2.800911754578381,4.989299050856387,-0.04066865556187012,-0.32440875693843957,0,0.0,0.0,0.0,0.0,0.0,0.0,0,0.0,0.0,0.0,0.0,0.0,0.0,1,-5.623600000001196,10.358399999997726,1.409999999999969,0.6899999999996353,-1.860000000000639,-0.2500000000000835,1,-4.335999999998968,-9.054800000001663,0.9759999999996815,1.40000000000029,1.4199999999995327,-0.14999999999998348,1,4.784399999999274,-2.037600000000069,0.210799999999964,0.23999999999979593,0.7899999999998464,-0.06999999999998674,1,-1.0987999999994627,-0.527999999999876,0.8639999999996548,1.5199999999999658,0.7000000000000339,-1.09999999999999,1,-3.0211999999992774,4.321599999999695,1.5252000000005197,0.9800000000002029,-1.6400000000000858,-0.5800000000000249,1,-3.804799999999589,-8.534000000000628,-1.2712000000000823,1.1700000000001154,1.5999999999998238,0.22999999999995246,1,-2.510400000000417,10.644000000001522,-2.048399999999509,0.6599999999998829,-1.8499999999992411,0.360000000000138,1,3.9460000000000246,10.86519999999793,3.0092000000000145,-1.1499999999999844,-1.580000000000581,-0.4300000000001525,1,-2.9923999999987845,-0.5563999999998843,-0.4244000000000305,1.9599999999999618,0.31000000000003247,0.25999999999998247
1771517294.940812,7.803735017776489,-6.419244000000279,0.14949745849418353,1.227055858396215,2.685999999999744,0.04052189869349632,0.9036994735354131,2.6860000000000004,0.04052189869349901,0.9036994735353918,4.872058361525215,-0.003919320464698406,1.0515107038574054,4.987556822763966,-0.04282265079187621,-0.3499187909783729,0,0.0,0.0,0.0,0.0,0.0,0.0,0,0.0,0.0,0.0,0.0,0.0,0.0,1,-5.5546000000012326,10.172399999997662,1.3849999999999607,0.6899999999996353,-1.860000000000639,-0.2500000000000835,1,-4.195999999998939,-8.91280000000171,0.9609999999996831,1.40000000000029,1.4199999999995327,-0.14999999999998348,1,4.808399999999254,-1.9586000000000727,0.20379999999996531,0.23999999999979593,0.7900000000000684,-0.06999999999998674,1,-0.9467999999994661,-0.457999999999876,0.7539999999996558,1.5199999999999658,0.6999999999999783,-1.09999999999999,1,-2.923199999999257,4.157599999999686,1.4672000000005172,0.9800000000002029,-1.6400000000000858,-0.5800000000000249,1,-3.6877999999995774,-8.374000000000645,-1.248200000000087,1.1700000000001154,1.5999999999998238,0.22999999999995246,1,-2.444400000000429,10.459000000001598,-2.012399999999495,0.6599999999998829,-1.8499999999992411,0.360000000000138,1,3.831000000000026,10.707199999997872,2.9661999999999993,-1.1499999999999844,-1.580000000000581,-0.4300000000001525,1,-2.7963999999987883,-0.5253999999998811,-0.39840000000003223,1.9599999999999618,0.31000000000003247,0.25999999999998247
1771517295.0417626,7.9046854972839355,-6.203434000000294,0.15366921038966333,1.2984218162790468,2.779000000000309,0.13352189869350606,0.8106994735352924,2.7790000000000004,0.133521898693499,0.8106994735353918,3.9362580344322895,2.3290182344680694,-2.0665273446189243,4.9853550246416365,-0.04580851752325088,-0.37965360264680886,0,0.0,0.0,0.0,0.0,0.0,0.0,0,0.0,0.0,0.0,0.0,0.0,0.0,1,-5.499400000001262,10.02359999999761,1.364999999999954,0.6899999999996353,-1.860000000000639,-0.2500000000000835,1,-4.083999999998916,-8.799200000001747,0.9489999999996844,1.40000000000029,1.4199999999995327,-0.14999999999998348,1,4.827599999999237,-1.8954000000000673,0.19819999999996638,0.23999999999979593,0.7900000000000684,-0.06999999999998674,1,-0.8251999999994688,-0.40199999999987773,0.6659999999996566,1.5199999999999658,0.6999999999999783,-1.09999999999999,1,-2.844799999999241,4.026399999999679,1.4208000000005152,0.9800000000002029,-1.6400000000000858,-0.5800000000000249,1,-3.594199999999568,-8.24600000000066,-1.2298000000000908,1.1700000000001154,1.5999999999998238,0.22999999999995246,1,-2.3916000000004383,10.311000000001659,-1.9835999999994942,0.6599999999998829,-1.8499999999992411,0.35999999999991594,1,3.7390000000000274,10.580799999997826,2.931799999999987,-1.1499999999999844,-1.580000000000581,-0.4300000000001525,1,-2.6395999999987914,-0.5005999999998785,-0.37760000000003363,1.9599999999999618,0.31000000000003247,0.25999999999998247
1771517295.1412833,8.00420618057251,-5.924204000000263,0.16569140025901377,1.3781617636325767,2.8740000000002652,0.038521898693494316,0.7156994735353361,2.8740000000000006,0.03852189869349901,0.7156994735353919,4.773562386450609,-1.4451303297500375,0.7151937207313387,4.982854476540816,-0.04903705615767701,-0.4107999911642354,0,0.0,0.0,0.0,0.0,0.0,0.0,0,0.0,0.0,0.0,0.0,0.0,0.0,1,-5.430400000001298,9.837599999997547,1.3399999999999457,0.6899999999996353,-1.860000000000639,-0.2500000000000835,1,-3.9439999999989053,-8.657200000001794,0.9339999999996861,1.3999999999998458,1.4199999999995327,-0.14999999999998348,1,4.851599999999217,-1.8164000000000604,0.1911999999999677,0.23999999999979593,0.7900000000000684,-0.06999999999998674,1,-0.6731999999994722,-0.3319999999998799,0.5559999999996577,1.5199999999999658,0.6999999999999783,-1.09999999999999,1,-2.7467999999992205,3.8623999999996705,1.3628000000005127,0.9800000000002029,-1.6400000000000858,-0.5800000000000249,1,-3.4771999999995566,-8.086000000000677,-1.2068000000000956,1.1700000000001154,1.5999999999998238,0.22999999999995246,1,-2.32560000000045,10.126000000001735,-1.9475999999995026,0.6599999999998829,-1.8499999999992411,0.35999999999991594,1,3.624000000000029,10.422799999997768,2.888799999999972,-1.1499999999999844,-1.580000000000581,-0.4300000000001525,1,-2.443599999998795,-0.4695999999998807,-0.3516000000000354,1.9599999999999618,0.30999999999997696,0.25999999999998247
1771517295.2418358,8.104758739471436,-5.634904000000238,0.17144359012836344,1.4516317109861094,2.9690000000002215,0.13352189869350606,0.8106994735352924,2.9690000000000007,0.133521898693499,0.8106994735353918,4.717540544591769,1.0439399086018166,0.9049389445229243,4.980288455907868,-0.05248705712441602,-0.4404225298338443,0,0.0,0.0,0.0,0.0,0.0,0.0,0,0.0,0.0,0.0,0.0,0.0,0.0,1,-5.361400000001335,9.651599999997483,1.3149999999999373,0.6899999999996353,-1.860000000000639,-0.2500000000000835,1,-3.8039999999989207,-8.51520000000184,0.9189999999996877,1.3999999999998458,1.4199999999995327,-0.14999999999998348,1,4.875599999999197,-1.7374000000000536,0.18419999999996903,0.23999999999979593,0.7900000000000684,-0.06999999999998674,1,-0.5211999999994756,-0.26199999999988205,0.44599999999965867,1.5199999999999658,0.6999999999999783,-1.09999999999999,1,-2.6487999999992002,3.698399999999662,1.3048000000005102,0.9800000000002029,-1.6400000000000858,-0.5800000000000249,1,-3.360199999999545,-7.926000000000695,-1.1838000000001003,1.1700000000001154,1.5999999999998238,0.22999999999995246,1,-2.2596000000004617,9.94100000000181,-1.911599999999511,0.6599999999998829,-1.8499999999992411,0.35999999999991594,1,3.5090000000000305,10.26479999999771,2.8457999999999566,-1.1499999999999844,-1.580000000000581,-0.4300000000001525,1,-2.247599999998799,-0.43859999999988303,-0.32560000000003714,1.9599999999999618,0.30999999999997696,0.25999999999998247
1771517295.3407063,8.2036292552948,-5.335700000000213,0.18249177999771374,1.5303976583396417,3.0650000000003175,0.037521898693493316,0.7146994735354184,3.065000000000001,0.037521898693499006,0.7146994735353919,4.898823155553801,-0.971024791005194,0.3017415483534793,4.977402466768498,-0.05601428777055926,-0.4715157297189876,0,0.0,0.0,0.0,0.0,0.0,0.0,0,0.0,0.0,0.0,0.0,0.0,0.0,1,-5.292400000001371,9.46559999999742,1.289999999999929,0.6899999999996353,-1.860000000000639,-0.2500000000000835,1,-3.663999999998936,-8.373200000001887,0.9039999999996894,1.3999999999998458,1.4199999999995327,-0.14999999999998348,1,4.899599999999176,-1.6584000000000467,0.17719999999997035,0.23999999999979593,0.7900000000000684,-0.06999999999998674,1,-0.3691999999994742,-0.1919999999998819,0.3359999999996597,1.5200000000000211,0.7000000000000063,-1.09999999999999,1,-2.55079999999918,3.5343999999996534,1.2468000000005077,0.9800000000002029,-1.6400000000000858,-0.5800000000000249,1,-3.2431999999995336,-7.766000000000712,-1.160800000000105,1.1700000000001154,1.5999999999998238,0.22999999999995246,1,-2.1936000000004734,9.756000000001887,-1.8755999999995194,0.6599999999998829,-1.8499999999992411,0.35999999999991594,1,3.394000000000032,10.106799999997651,2.8027999999999413,-1.1499999999999844,-1.580000000000581,-0.4300000000001525,1,-2.051599999998803,-0.40759999999988533,-0.2996000000000389,1.9599999999999618,0.30999999999997696,0.25999999999998247
1771517295.4414687,8.304391622543335,-5.027000000000187,0.1840439698670633,1.5996676056931838,3.1650000000000844,-0.06247810130649567,0.6146994735354294,3.165000000000001,-0.062478101306501,0.6146994735353919,4.74002594910557,-1.3971380198323609,-0.09769788585796654,4.974204787728615,-0.05972239167662748,-0.5037062295327916,0,0.0,0.0,0.0,0.0,0.0,0.0,0,0.0,0.0,0.0,0.0,0.0,0.0,1,-5.2372000000014,9.316799999997368,1.2699999999999223,0.6899999999996353,-1.860000000000639,-0.2500000000000835,1,-3.5519999999989484,-8.259600000001925,0.8919999999996907,1.3999999999998458,1.4199999999995327,-0.14999999999998348,1,4.91879999999916,-1.5952000000000413,0.17159999999997141,0.23999999999979593,0.7900000000000684,-0.06999999999998674,1,-0.24759999999947258,-0.1359999999998814,0.2479999999996605,1.5200000000000158,0.7000000000000063,-1.09999999999999,1,-2.4723999999991637,3.4031999999996465,1.2004000000005057,0.9800000000002029,-1.6400000000000858,-0.5800000000000249,1,-3.126199999999522,-7.60600000000073,-1.1378000000001098,1.1700000000001154,1.5999999999998238,0.22999999999995246,1,-2.127600000000485,9.571000000001963,-1.8395999999995278,0.6599999999998829,-1.8499999999992411,0.35999999999991594,1,3.3020000000000334,9.980399999997605,2.768399999999929,-1.1499999999999844,-1.580000000000581,-0.4300000000001525,1,-1.8947999999988059,-0.3827999999998872,-0.2788000000000403,1.9599999999999618,0.30999999999997696,0.25999999999998247
1771517295.5419214,8.404844284057617,-4.772810000000178,0.17805572176254358,1.6488601857296115,3.25500000000023,-0.1524781013065024,0.61621057840755,3.255000000000001,-0.152478101306501,0.6162105784074795,4.835505382194328,-1.1865447971096477,0.6162105784074795,4.9710064306928485,-0.06075671879184583,-0.5342318664512579,0,0.0,0.0,0.0,0.0,0.0,0.0,0,0.0,0.0,0.0,0.0,0.0,0.0,1,-5.168200000001437,9.130799999997304,1.244999999999914,0.6899999999996353,-1.860000000000639,-0.2500000000000835,1,-3.411999999998964,-8.117600000001971,0.8769999999996924,1.3999999999998458,1.4199999999995327,-0.14999999999998348,1,4.942799999999139,-1.5162000000000344,0.16459999999997274,0.23999999999979593,0.7900000000000684,-0.06999999999998674,1,-0.09559999999947322,-0.06599999999988079,0.1379999999996615,1.5199999999999938,0.7000000000000063,-1.09999999999999,1,-2.3743999999991434,3.239199999999638,1.1424000000005032,0.9800000000002029,-1.6400000000000858,-0.5800000000000249,1,-3.032599999999513,-7.478000000000744,-1.1194000000001136,1.1700000000001154,1.5999999999998238,0.22999999999995246,1,-2.0748000000004945,9.423000000002023,-1.8107999999995346,0.6599999999998829,-1.8499999999992411,0.35999999999991594,1,3.187000000000035,9.822399999997547,2.725399999999914,-1.1499999999999844,-1.580000000000581,-0.4300000000001525,1,-1.6987999999988097,-0.3517999999998895,-0.25280000000004205,1.9599999999999618,0.30999999999997696,0.25999999999998247
1771517295.6419532,8.504876136779785,-4.511900000000163,0.1663674736580234,1.6986670320022148,3.305999999999898,-0.10147810130650137,0.6672105784074844,3.3400000000000007,-0.06747810130650099,0.7012105784074795,4.568903562635148,0.730702106852514,1.7966737606428986,4.967985238275693,-0.05903283330564197,-0.5618165153025648,0,0.0,0.0,0.0,0.0,0.0,0.0,0,0.0,0.0,0.0,0.0,0.0,0.0,1,-5.113000000001466,8.981999999997253,1.2249999999999073,0.6899999999996353,-1.860000000000639,-0.2500000000000835,1,-3.299999999998976,-8.004000000002009,0.8649999999996937,1.3999999999998458,1.4199999999995327,-0.14999999999998348,1,4.961999999999123,-1.453000000000029,0.1589999999999738,0.23999999999979593,0.7900000000000684,-0.06999999999998674,1,0.026000000000526675,-0.009999999999880826,0.04999999999966144,1.5200000000000002,0.6999999999999992,-1.0999999999999965,1,-2.295999999999127,3.107999999999631,1.0960000000005012,0.9800000000002029,-1.6400000000000858,-0.5800000000000249,1,-2.9389999999995036,-7.350000000000758,-1.1010000000001174,1.1700000000001154,1.5999999999998238,0.22999999999995246,1,-2.022000000000504,9.275000000002084,-1.7819999999995413,0.6599999999998829,-1.8499999999992411,0.35999999999991594,1,3.095000000000036,9.6959999999975,2.6909999999999017,-1.1499999999999844,-1.580000000000581,-0.4300000000001525,1,-1.5419999999988128,-0.3269999999998913,-0.2320000000000415,1.9599999999999618,0.30999999999997696,0.2600000000000103
1771517295.74101,8.603932857513428,-4.176160000000183,0.15787966352737326,1.7705280898429578,3.427000000000291,-0.1544781013065044,0.788210578407389,3.427000000000001,-0.15447810130650097,0.7882105784074794,4.432270757606133,-0.7312544699343423,2.1294102747034347,4.964439010202268,-0.05660692084748584,-0.5925714897749367,0,0.0,0.0,0.0,0.0,0.0,0.0,0,0.0,0.0,0.0,0.0,0.0,0.0,1,-5.044000000001502,8.79599999999719,1.199999999999899,0.6899999999996353,-1.860000000000639,-0.2500000000000835,1,-3.1599999999989916,-7.862000000001968,0.8499999999996953,1.3999999999998458,1.420000000000421,-0.14999999999998348,1,4.985999999999103,-1.374000000000022,0.15199999999997513,0.23999999999979593,0.7900000000000684,-0.06999999999998674,1,0.1780000000005262,0.06000000000011912,-0.060000000000338435,1.5199999999999938,0.6999999999999992,-1.0999999999999965,1,-2.197999999999107,2.9439999999996225,1.0380000000004987,0.9800000000002029,-1.6400000000000858,-0.5800000000000249,1,-2.821999999999492,-7.190000000000776,-1.0780000000001222,1.1700000000001154,1.5999999999998238,0.22999999999995246,1,-1.9560000000005007,9.09000000000216,-1.7459999999995497,0.660000000000105,-1.8499999999992411,0.35999999999991594,1,2.9800000000000377,9.537999999997442,2.6479999999998864,-1.1499999999999844,-1.580000000000581,-0.4300000000001525,1,-1.3459999999988166,-0.2959999999998936,-0.20600000000004048,1.9599999999999618,0.30999999999997696,0.2600000000000103
1771517295.8414986,8.704421520233154,-3.9011900000001716,0.14633141542285297,1.8327749361155496,3.507999999999978,-0.07347810130649834,0.7072105784074578,3.517000000000001,-0.06447810130650097,0.6982105784074795,4.901499435760715,0.7071975689214958,-0.08833373094429141,4.960047711159391,-0.05438099648158189,-0.6284659181245624,0,0.0,0.0,0.0,0.0,0.0,0.0,0,0.0,0.0,0.0,0.0,0.0,0.0,1,-4.988800000001532,8.647199999997138,1.1799999999998922,0.6899999999996353,-1.860000000000639,-0.2500000000000835,1,-3.047999999999004,-7.748400000001935,0.8379999999996967,1.3999999999998458,1.420000000000421,-0.14999999999998348,1,5.005199999999086,-1.3108000000000166,0.1463999999999762,0.23999999999979593,0.7900000000000684,-0.06999999999998674,1,0.2996000000005266,0.11600000000011959,-0.14800000000033844,1.5200000000000211,0.7000000000000063,-1.09999999999999,1,-2.1195999999990907,2.8127999999996156,0.9916000000004968,0.9800000000002029,-1.6400000000000858,-0.5800000000000249,1,-2.728399999999483,-7.06200000000079,-1.059600000000126,1.1700000000001154,1.5999999999998238,0.22999999999995246,1,-1.9032000000004923,8.94200000000222,-1.7171999999995564,0.660000000000105,-1.8499999999992411,0.35999999999991594,1,2.888000000000039,9.411599999997396,2.6135999999998742,-1.1499999999999844,-1.580000000000581,-0.4300000000001525,1,-1.1891999999988196,-0.27119999999989547,-0.18520000000003967,1.9599999999999618,0.30999999999997696,0.2600000000000103
1771517295.9416425,8.8045654296875,-3.5490900000001715,0.13948360529220313,1.9029959939562962,3.5570000000000768,-0.10447810130650437,0.7382105784074611,3.617000000000001,-0.16447810130650098,0.7982105784074794,4.294923636518633,-1.2355375680625647,2.2502905046419652,4.955142106449837,-0.05185470293975007,-0.6662415437894155,0,0.0,0.0,0.0,0.0,0.0,0.0,0,0.0,0.0,0.0,0.0,0.0,0.0,1,-4.919800000001568,8.461199999997074,1.154999999999884,0.6899999999996353,-1.860000000000639,-0.2500000000000835,1,-2.9079999999990194,-7.6064000000018925,0.8229999999996983,1.3999999999998458,1.420000000000421,-0.14999999999998348,1,5.029199999999066,-1.2318000000000098,0.13939999999997751,0.23999999999979593,0.7900000000000684,-0.06999999999998674,1,0.45160000000052875,0.1860000000001202,-0.25800000000033746,1.5200000000000211,0.7000000000000063,-1.099999999999993,1,-2.0215999999990704,2.648799999999607,0.9336000000004943,0.9800000000002029,-1.6400000000000858,-0.5800000000000249,1,-2.6113999999994713,-6.9020000000008075,-1.0366000000001308,1.1700000000001154,1.5999999999998238,0.22999999999995246,1,-1.8372000000004818,8.757000000002297,-1.6811999999995648,0.660000000000105,-1.8499999999992411,0.35999999999991594,1,2.7730000000000405,9.253599999997338,2.570599999999859,-1.1499999999999844,-1.580000000000581,-0.4300000000001525,1,-0.9931999999988235,-0.24019999999989688,-0.15920000000003864,1.9599999999999618,0.31000000000000477,0.2600000000000103
1771517296.041254,8.904176950454712,-3.1853620000001563,0.12506379516155228,1.9848450517970422,3.6950000000000047,-0.08647810130649192,0.876210578407477,3.6950000000000007,-0.08647810130650098,0.8762105784074794,4.580790612401977,1.4030118116351598,1.5303441775541202,4.94950345492069,-0.049794939531474486,-0.707061534610114,0,0.0,0.0,0.0,0.0,0.0,0.0,0,0.0,0.0,0.0,0.0,0.0,0.0,1,-4.8508000000016045,8.27519999999701,1.1299999999998755,0.6899999999996353,-1.860000000000639,-0.2500000000000835,1,-2.767999999999035,-7.46440000000185,0.8079999999997,1.3999999999998458,1.420000000000421,-0.14999999999998348,1,5.053199999999046,-1.152800000000003,0.13239999999997884,0.23999999999979593,0.7900000000000684,-0.06999999999998674,1,0.603600000000527,0.2560000000001206,-0.36800000000033645,1.5199999999999658,0.699999999999981,-1.09999999999999,1,-1.9235999999990674,2.4847999999995984,0.8756000000004918,0.9799999999999809,-1.6400000000000858,-0.5800000000000249,1,-2.4943999999994597,-6.742000000000825,-1.0136000000001355,1.1700000000001154,1.5999999999998238,0.22999999999995246,1,-1.7712000000004713,8.572000000002372,-1.6451999999995732,0.660000000000105,-1.8499999999992411,0.35999999999991594,1,2.658000000000042,9.09559999999728,2.5275999999998437,-1.1499999999999844,-1.580000000000581,-0.4300000000001525,1,-0.7971999999988273,-0.2091999999998964,-0.13320000000003762,1.9599999999999618,0.31000000000000477,0.2600000000000103
1771517296.1414604,9.004383325576782,-2.8885400000001584,0.11692354705703185,2.056163898069638,3.7889999999998194,-0.18047810130650266,0.9702105784072934,3.7890000000000006,-0.180478101306501,0.9702105784074794,4.6403173074187185,-0.8176054701185156,1.6648573463492988,4.942818651192084,-0.046577100027637534,-0.7525784711116061,0,0.0,0.0,0.0,0.0,0.0,0.0,0,0.0,0.0,0.0,0.0,0.0,0.0,1,-4.795600000001634,8.12639999999696,1.1099999999998689,0.6899999999996353,-1.860000000000639,-0.2500000000000835,1,-2.655999999999047,-7.350800000001817,0.7959999999997013,1.3999999999998458,1.420000000000421,-0.14999999999998348,1,5.072399999999029,-1.0895999999999975,0.1267999999999799,0.23999999999979593,0.7900000000000684,-0.06999999999998674,1,0.7252000000005243,0.31200000000011885,-0.45600000000033564,1.5199999999999658,0.6999999999999783,-1.09999999999999,1,-1.845199999999069,2.3535999999995916,0.8292000000004898,0.9799999999999809,-1.6400000000000858,-0.5800000000000249,1,-2.4007999999994505,-6.614000000000839,-0.9952000000001393,1.1700000000001154,1.5999999999998238,0.22999999999995246,1,-1.718400000000463,8.424000000002433,-1.61639999999958,0.660000000000105,-1.8499999999992411,0.35999999999991594,1,2.5660000000000434,8.969199999997233,2.4931999999998316,-1.1499999999999844,-1.580000000000581,-0.4300000000001525,1,-0.6403999999988303,-0.18439999999989604,-0.11240000000003748,1.9599999999999618,0.31000000000000477,0.2599999999999963
1771517296.2416098,9.104532718658447,-2.5088400000001747,0.09807573692638157,2.152384955910369,3.868999999999989,-0.2604781013065049,0.8902105784074799,3.8890000000000007,-0.28047810130650097,0.8702105784074794,4.46902868193732,-2.204969423486093,0.004018931383346483,4.9343538342806665,-0.04298101567816305,-0.8064148252673471,0,0.0,0.0,0.0,0.0,0.0,0.0,0,0.0,0.0,0.0,0.0,0.0,0.0,1,-4.72660000000167,7.940399999996925,1.0849999999998605,0.6899999999996353,-1.8599999999997507,-0.2500000000000835,1,-2.5159999999990625,-7.208800000001775,0.7809999999997029,1.3999999999998458,1.420000000000421,-0.14999999999998348,1,5.096399999999009,-1.0105999999999906,0.11979999999998019,0.23999999999979593,0.7900000000000684,-0.07000000000000062,1,0.8772000000005209,0.3820000000001167,-0.5660000000003347,1.5199999999999658,0.6999999999999783,-1.09999999999999,1,-1.7471999999990708,2.189599999999583,0.7712000000004873,0.9799999999999809,-1.6400000000000858,-0.5800000000000249,1,-2.283799999999439,-6.454000000000857,-0.9722000000001441,1.1700000000001154,1.5999999999998238,0.22999999999995246,1,-1.6524000000004524,8.239000000002509,-1.5803999999995884,0.660000000000105,-1.8499999999992411,0.35999999999991594,1,2.451000000000045,8.811199999997175,2.4501999999998163,-1.1499999999999844,-1.580000000000581,-0.4300000000001525,1,-0.44439999999883256,-0.15339999999989556,-0.08640000000003785,1.9600000000000173,0.31000000000000477,0.2599999999999963
1771517296.3405392,9.20346212387085,-2.118048000000171,0.07191992679573107,2.2412980137511225,3.9750000000000627,-0.1944781013065028,0.956210578407557,3.9750000000000005,-0.19447810130650098,0.9562105784074794,4.834740178585344,-0.046080267247602766,1.234277981472164,4.924673568143804,-0.0359321785537002,-0.8638860606411938,0,0.0,0.0,0.0,0.0,0.0,0.0,0,0.0,0.0,0.0,0.0,0.0,0.0,1,-4.657600000001707,7.7543999999969495,1.0599999999998522,0.6899999999996353,-1.8599999999997507,-0.2500000000000835,1,-2.375999999999078,-7.066800000001733,0.7659999999997046,1.3999999999998458,1.420000000000421,-0.14999999999998348,1,5.120399999998988,-0.9315999999999934,0.11279999999998012,0.23999999999979593,0.7899999999999574,-0.07000000000000062,1,1.0292000000005175,0.45200000000011453,-0.6760000000003337,1.5199999999999658,0.6999999999999783,-1.09999999999999,1,-1.6491999999990727,2.0255999999995744,0.7132000000004848,0.9799999999999809,-1.6400000000000858,-0.5800000000000249,1,-2.1667999999994274,-6.2940000000008745,-0.9492000000001488,1.1700000000001154,1.5999999999998238,0.22999999999995246,1,-1.586400000000442,8.054000000002585,-1.5443999999995968,0.660000000000105,-1.8499999999992411,0.35999999999991594,1,2.3360000000000465,8.653199999997117,2.407199999999801,-1.1499999999999844,-1.580000000000581,-0.4300000000001525,1,-0.24839999999883086,-0.12239999999989509,-0.06040000000003815,1.9600000000000144,0.31000000000000477,0.2600000000000026
1771517296.44206,9.304982900619507,-1.800048000000166,0.05636167869121085,2.317794860023727,3.9750000000000627,-0.1944781013065028,0.956210578407557,3.9750000000000005,-0.19447810130650098,0.9562105784074794,4.698221522806107,-0.1255612539160651,1.7079846885645795,4.913916419919918,-0.02769482341291419,-0.9233950480685653,0,0.0,0.0,0.0,0.0,0.0,0.0,0,0.0,0.0,0.0,0.0,0.0,0.0,1,-4.602400000001736,7.6055999999969695,1.0399999999998455,0.6899999999996353,-1.8599999999997507,-0.2500000000000835,1,-2.2639999999990903,-6.953200000001699,0.7539999999997059,1.3999999999998458,1.420000000000421,-0.14999999999998348,1,5.139599999998972,-0.8683999999999968,0.10719999999998008,0.23999999999979593,0.7899999999999574,-0.07000000000000062,1,1.1508000000005147,0.5080000000001135,-0.7640000000003329,1.5199999999999658,0.7000000000000339,-1.09999999999999,1,-1.5707999999990743,1.8943999999995675,0.6668000000004828,0.9799999999999809,-1.6400000000000858,-0.5800000000000249,1,-2.073199999999418,-6.1660000000008885,-0.9308000000001526,1.1700000000001154,1.5999999999998238,0.22999999999995246,1,-1.5336000000004335,7.9060000000026,-1.5155999999996035,0.660000000000105,-1.8500000000001293,0.35999999999991594,1,2.2440000000000477,8.52679999999707,2.372799999999789,-1.1499999999999844,-1.580000000000581,-0.4300000000001525,1,-0.09159999999883145,-0.09759999999989472,-0.03960000000003789,1.9600000000000033,0.31000000000000477,0.2600000000000033
1771517296.5422628,9.40518569946289,-1.4758480000001617,0.04507627512489777,2.400491706296317,4.075000000000052,-0.12556125391606496,1.056210578407324,4.146,-0.0545612539160651,0.9852105784074794,5.012186755890732,0.08656377641185915,0.20367883570360842,4.902411279046153,-0.021705977248579277,-0.9827983016024906,0,0.0,0.0,0.0,0.0,0.0,0.0,0,0.0,0.0,0.0,0.0,0.0,0.0,1,-4.547200000001765,7.456799999996989,1.0199999999998388,0.6899999999996353,-1.8599999999997507,-0.2500000000000835,1,-2.1519999999991026,-6.839600000001665,0.7419999999997072,1.3999999999998458,1.420000000000421,-0.14999999999998348,1,5.158799999998956,-0.8052000000000002,0.10159999999998003,0.23999999999979593,0.7899999999999574,-0.07000000000000062,1,1.272400000000512,0.5640000000001162,-0.852000000000332,1.5199999999999658,0.7000000000000339,-1.09999999999999,1,-1.4923999999990758,1.7631999999995607,0.6204000000004808,0.9799999999999809,-1.6400000000000858,-0.5800000000000249,1,-1.979599999999413,-6.038000000000903,-0.9124000000001564,1.1699999999998933,1.5999999999998238,0.22999999999995246,1,-1.480800000000425,7.75800000000259,-1.4867999999996102,0.660000000000105,-1.8500000000001293,0.35999999999991594,1,2.152000000000049,8.400399999997024,2.3383999999997767,-1.1499999999999844,-1.580000000000581,-0.4300000000001525,1,0.06520000000116871,-0.07279999999989434,-0.018800000000037793,1.9600000000000033,0.31000000000000477,0.2599999999999998
1771517296.641911,9.504833936691284,-1.0606610000001613,0.038914514776324294,2.4984257641370746,4.223000000000087,-0.06373691771387191,0.908210578407509,4.223,-0.0637369177138685,0.9082105784074794,5.007057190628433,-0.0637369177138685,0.07052897700585989,4.888542134599952,-0.018399977980732143,-1.0496748253870134,0,0.0,0.0,0.0,0.0,0.0,0.0,0,0.0,0.0,0.0,0.0,0.0,0.0,1,-4.478200000001801,7.270799999997014,0.9949999999998328,0.6899999999996353,-1.8599999999997507,-0.24999999999997247,1,-2.011999999999118,-6.697600000001623,0.7269999999997089,1.3999999999998458,1.420000000000421,-0.14999999999998348,1,5.182799999998935,-0.7262000000000045,0.09459999999997996,0.23999999999979593,0.7899999999999574,-0.07000000000000062,1,1.4244000000005086,0.6340000000001196,-0.962000000000331,1.5199999999999658,0.7000000000000339,-1.09999999999999,1,-1.3943999999990777,1.599199999999552,0.5624000000004783,0.9799999999999809,-1.6400000000000858,-0.5800000000000249,1,-1.8625999999994236,-5.87800000000092,-0.8894000000001612,1.1699999999998933,1.5999999999998238,0.22999999999995246,1,-1.4148000000004146,7.573000000002577,-1.4507999999996186,0.660000000000105,-1.8500000000001293,0.35999999999991594,1,2.0370000000000505,8.242399999996966,2.2953999999997614,-1.1499999999999844,-1.580000000000581,-0.4300000000001525,1,0.2612000000011682,-0.04179999999989433,0.0071999999999621915,1.9600000000000033,0.3099999999999978,0.2599999999999998
1771517296.7411447,9.60406756401062,-0.6367770000001609,0.03412482300493713,2.5876628219778244,4.322000000000047,0.035263082286129954,0.8092105784074377,4.322,0.03526308228613151,0.8092105784074795,4.992361971657041,0.2967234548792704,0.09006139337655257,4.872241174159376,-0.01655451143237108,-1.1229389515807617,0,0.0,0.0,0.0,0.0,0.0,0.0,0,0.0,0.0,0.0,0.0,0.0,0.0,1,-4.409200000001838,7.084799999997039,0.9699999999998355,0.6899999999996353,-1.8599999999997507,-0.24999999999997247,1,-1.871999999999113,-6.555600000001581,0.7119999999997105,1.4000000000000679,1.420000000000421,-0.14999999999998348,1,5.206799999998915,-0.6472000000000088,0.0875999999999799,0.23999999999979593,0.7899999999999574,-0.07000000000000062,1,1.5764000000005052,0.704000000000123,-1.0720000000003373,1.5199999999999658,0.7000000000000339,-1.100000000000101,1,-1.2963999999990796,1.4351999999995435,0.5044000000004758,0.9799999999999809,-1.6400000000000858,-0.5800000000000249,1,-1.7455999999994343,-5.718000000000938,-0.8664000000001659,1.1699999999998933,1.5999999999998238,0.22999999999995246,1,-1.3488000000004041,7.388000000002564,-1.414799999999627,0.660000000000105,-1.8500000000001293,0.35999999999991594,1,1.9220000000000521,8.084399999996908,2.252399999999746,-1.1499999999999844,-1.580000000000581,-0.4300000000001525,1,0.45720000000116995,-0.010799999999894352,0.0331999999999622,1.9600000000000173,0.30999999999999955,0.2600000000000023
1771517296.843117,9.706039905548096,-0.20253100000015972,0.03560513123355022,2.6665378798185655,4.415000000000001,-0.05773691771386591,0.716210578407317,4.415,-0.05773691771386849,0.7162105784074795,4.986169587926101,-0.3527865084243173,0.030795057550942303,4.854117016508133,-0.016047813104472463,-1.198870492480631,0,0.0,0.0,0.0,0.0,0.0,0.0,0,0.0,0.0,0.0,0.0,0.0,0.0,1,-4.354000000001867,6.935999999997059,0.9499999999998378,0.6899999999996353,-1.8599999999997507,-0.24999999999997247,1,-1.7599999999991076,-6.442000000001547,0.6999999999997119,1.4000000000000679,1.420000000000421,-0.14999999999998348,1,5.225999999998899,-0.5840000000000122,0.08199999999997985,0.23999999999979593,0.7899999999999574,-0.07000000000000062,1,1.6980000000005024,0.7600000000001257,-1.1600000000003454,1.5199999999999658,0.7000000000000339,-1.100000000000101,1,-1.2179999999990812,1.3039999999995366,0.4580000000004738,0.9799999999999809,-1.6400000000000858,-0.5800000000000249,1,-1.628599999999445,-5.5580000000009555,-0.8434000000001707,1.1699999999998933,1.5999999999998238,0.22999999999995246,1,-1.2960000000003957,7.240000000002554,-1.3859999999996337,0.660000000000105,-1.8500000000001293,0.35999999999991594,1,1.8300000000000534,7.957999999996885,2.217999999999734,-1.1499999999999844,-1.5799999999996928,-0.4300000000001525,1,0.6140000000011681,0.014000000000105643,0.05399999999996246,1.9599999999999618,0.30999999999999955,0.2600000000000033
1771517296.9416296,9.804552555084229,0.1509659999998404,0.031218259459208097,2.723537726091152,4.4446999999999965,-0.03452875343715084,0.6865105784074288,4.514,0.019623629875184928,0.6172105784074795,4.9970168748943395,0.019623629875184935,-0.2136285537725889,4.833746295992334,-0.01652551097747234,-1.2785240136451568,0,0.0,0.0,0.0,0.0,0.0,0.0,0,0.0,0.0,0.0,0.0,0.0,0.0,1,-4.2850000000019035,6.749999999997084,0.9249999999998405,0.6899999999996353,-1.8599999999997507,-0.24999999999997247,1,-1.6199999999991008,-6.300000000001505,0.6849999999997135,1.4000000000000679,1.420000000000421,-0.14999999999998348,1,5.249999999998878,-0.5050000000000164,0.07499999999997979,0.23999999999979593,0.7899999999999574,-0.07000000000000062,1,1.850000000000499,0.8300000000001291,-1.2700000000003555,1.5199999999999658,0.7000000000000339,-1.100000000000101,1,-1.119999999999083,1.139999999999528,0.4000000000004713,0.9799999999999809,-1.6400000000000858,-0.5800000000000249,1,-1.5349999999994535,-5.43000000000097,-0.8250000000001745,1.1699999999998933,1.5999999999998238,0.22999999999995246,1,-1.2300000000003852,7.055000000002541,-1.3499999999996422,0.660000000000105,-1.8500000000001293,0.35999999999991594,1,1.715000000000055,7.799999999996916,2.1749999999997187,-1.1499999999999844,-1.5799999999996928,-0.4300000000001525,1,0.8100000000011642,0.0450000000001056,0.07999999999996232,1.9599999999999618,0.3099999999999978,0.2599999999999963
1771517297.0406938,9.903616666793823,0.6035489999998409,0.03436362244672642,2.7840757839319172,4.604999999999969,0.11062362987518393,0.5262105784074045,4.605,0.11062362987518493,0.5262105784074795,4.984194291863546,0.11513493158282012,-0.3250521822289248,4.811433736813699,-0.015789025539150375,-1.360094152227517,0,0.0,0.0,0.0,0.0,0.0,0.0,0,0.0,0.0,0.0,0.0,0.0,0.0,1,-4.21600000000194,6.563999999997109,0.8999999999998433,0.6899999999996353,-1.8599999999997507,-0.24999999999997247,1,-1.479999999999094,-6.158000000001463,0.6699999999997152,1.4000000000000679,1.420000000000421,-0.14999999999998348,1,5.273999999998858,-0.4260000000000155,0.06799999999997973,0.23999999999979593,0.790000000000013,-0.07000000000000062,1,2.002000000000496,0.9000000000001325,-1.3800000000003656,1.519999999999988,0.7000000000000339,-1.100000000000101,1,-1.021999999999085,0.9759999999995211,0.3420000000004688,0.9799999999999809,-1.6399999999999753,-0.5800000000000249,1,-1.4179999999994641,-5.270000000000987,-0.8020000000001792,1.1699999999998933,1.5999999999998238,0.22999999999995246,1,-1.1640000000003747,6.870000000002528,-1.3139999999996506,0.660000000000105,-1.8500000000001293,0.35999999999991594,1,1.6000000000000565,7.641999999996947,2.1319999999997035,-1.1499999999999844,-1.5799999999996928,-0.4300000000001525,1,1.0060000000011604,0.07600000000010568,0.10599999999996196,1.9599999999999618,0.31000000000000477,0.2599999999999963
1771517297.140685,10.003607988357544,1.0656009999998381,0.046977985434244814,2.835144841772661,4.701999999999984,0.20762362987518385,0.4292105784076128,4.702000000000001,0.20762362987518493,0.42921057840747956,4.966044142801525,0.3762781056598201,-0.43950832731401474,4.64066300000008,-0.01856460659680301,-1.3986155241960514,0,0.0,0.0,0.0,0.0,0.0,0.0,0,0.0,0.0,0.0,0.0,0.0,0.0,1,-4.147000000001976,6.377999999997134,0.874999999999846,0.6899999999996353,-1.8599999999997507,-0.24999999999997247,1,-1.3399999999990873,-6.016000000001421,0.6549999999997168,1.4000000000000679,1.420000000000421,-0.14999999999998348,1,5.297999999998837,-0.3470000000000142,0.06099999999997967,0.23999999999979593,0.790000000000013,-0.07000000000000062,1,2.1540000000005146,0.9700000000001359,-1.4900000000003757,1.5200000000001879,0.7000000000000339,-1.100000000000101,1,-0.9239999999990869,0.8119999999995237,0.2840000000004663,0.9799999999999809,-1.6399999999999753,-0.5800000000000249,1,-1.3009999999994748,-5.110000000001005,-0.779000000000184,1.1699999999998933,1.5999999999998238,0.22999999999995246,1,-1.0980000000003642,6.685000000002515,-1.277999999999659,0.660000000000105,-1.8500000000001293,0.35999999999991594,1,1.485000000000058,7.4839999999969775,2.088999999999688,-1.1499999999999844,-1.5799999999996928,-0.4300000000001525,1,1.2020000000011566,0.10700000000010615,0.13199999999996195,1.9599999999999618,0.31000000000000477,0.2600000000000103
1771517297.2419193,10.104842185974121,1.4409877025193272,0.06280487582425953,2.8686986880452685,4.624670251949015,0.12932362987518534,0.35091057840745954,4.616078057721142,0.12062362987518493,0.3422105784074796,4.616078057721142,0.028393956205754318,-0.5035306766189107,4.422530500000081,-0.025461417200936653,-1.4216499213812028,0,0.0,0.0,0.0,0.0,0.0,0.0,0,0.0,0.0,0.0,0.0,0.0,0.0,1,-4.091800000002006,6.229199999997154,0.8549999999998482,0.6899999999996353,-1.8599999999997507,-0.24999999999997247,1,-1.2279999999990818,-5.902400000001387,0.6429999999997181,1.4000000000000679,1.420000000000421,-0.14999999999998348,1,5.317199999998821,-0.28380000000001315,0.05539999999997962,0.23999999999979593,0.790000000000013,-0.07000000000000062,1,2.2756000000005296,1.0260000000001344,-1.5780000000003838,1.5200000000001879,0.6999999999999229,-1.100000000000101,1,-0.8455999999990884,0.6807999999995257,0.23760000000046494,0.9799999999999809,-1.6399999999999753,-0.5799999999999973,1,-1.2073999999994833,-4.982000000001019,-0.7606000000001878,1.1699999999998933,1.5999999999998238,0.22999999999995246,1,-1.0452000000003558,6.537000000002505,-1.2491999999996657,0.660000000000105,-1.8500000000001293,0.35999999999991594,1,1.3930000000000593,7.357599999997002,2.054599999999676,-1.1499999999999844,-1.5799999999996928,-0.4300000000001525,1,1.3588000000011535,0.13180000000010653,0.15279999999996277,1.9599999999999618,0.31000000000000477,0.2600000000000103
1771517297.341106,10.204028844833374,1.90259550829144,0.07486723881177754,2.9029197458860128,4.616078057721128,0.12062362987518008,0.3422105784074425,4.516078057721143,0.02062362987518493,0.2422105784074796,4.411450750706108,-0.14864869831285937,-0.47284182705479755,4.198724782730217,-0.03351335143494542,-1.4403380291447645,0,0.0,0.0,0.0,0.0,0.0,0.0,0,0.0,0.0,0.0,0.0,0.0,0.0,1,-4.022800000002042,6.043199999997179,0.829999999999851,0.6899999999996353,-1.8599999999997507,-0.24999999999997247,1,-1.087999999999075,-5.760400000001345,0.6279999999997198,1.4000000000000679,1.420000000000421,-0.14999999999998348,1,5.341199999998801,-0.20480000000001186,0.04839999999997956,0.23999999999979593,0.790000000000013,-0.07000000000000062,1,2.4276000000005484,1.0960000000001267,-1.6880000000003939,1.5200000000001879,0.6999999999999229,-1.100000000000101,1,-0.7475999999990903,0.5167999999995282,0.17960000000046522,0.9799999999999809,-1.6399999999999753,-0.5799999999999973,1,-1.090399999999494,-4.822000000001037,-0.7376000000001925,1.1699999999998933,1.5999999999998238,0.22999999999995246,1,-0.9792000000003489,6.352000000002492,-1.213199999999674,0.6599999999999939,-1.8500000000001293,0.35999999999991594,1,1.2780000000000609,7.199599999997033,2.0115999999996608,-1.1499999999999844,-1.5799999999996928,-0.4300000000001525,1,1.5548000000011497,0.162800000000107,0.1787999999999638,1.9599999999999618,0.31000000000000477,0.2600000000000103
1771517297.4410694,10.30399227142334,2.3541273140635703,0.07685360179929657,2.9270648037267786,4.478478057721258,-0.016976370124813234,0.20461057840757135,4.4220780577211425,-0.07337637012481507,0.1482105784074796,4.172534958768879,-0.1783801132382161,-0.7447647039256752,3.983069114017322,-0.03788266203907903,-1.4551219263299173,0,0.0,0.0,0.0,0.0,0.0,0.0,0,0.0,0.0,0.0,0.0,0.0,0.0,1,-3.953800000002049,5.857199999997204,0.8049999999998537,0.6900000000000794,-1.8599999999997507,-0.24999999999997247,1,-0.9479999999990725,-5.618400000001303,0.6129999999997214,1.3999999999999566,1.420000000000421,-0.14999999999998348,1,5.36519999999878,-0.12580000000001057,0.041399999999979495,0.23999999999979593,0.790000000000013,-0.07000000000000062,1,2.579600000000567,1.166000000000119,-1.798000000000404,1.5200000000001879,0.6999999999999229,-1.100000000000101,1,-0.6495999999990922,0.3527999999995307,0.1216000000004655,0.9799999999999809,-1.6399999999999753,-0.5799999999999973,1,-0.9733999999995021,-4.662000000001054,-0.7146000000001973,1.1700000000000046,1.5999999999998238,0.22999999999995246,1,-0.9132000000003495,6.167000000002479,-1.1771999999996825,0.6599999999999939,-1.8500000000001293,0.35999999999991594,1,1.1630000000000624,7.0415999999970635,1.968599999999662,-1.1499999999999844,-1.5799999999996928,-0.42999999999993044,1,1.7508000000011459,0.19380000000010747,0.20479999999996482,1.9599999999999618,0.31000000000000477,0.2600000000000103
1771517297.5410542,10.403977155685425,2.7068585586812604,0.07201849218931099,2.9378866499993737,4.353078057721227,-0.0043763701248200615,0.07921057840754031,4.3530780577211425,-0.0043763701248150655,0.07921057840747958,3.995145114774986,0.15502379613686498,-0.6655350847528811,3.780926601419864,-0.0377297253834625,-1.4649404023582595,0,0.0,0.0,0.0,0.0,0.0,0.0,0,0.0,0.0,0.0,0.0,0.0,0.0,1,-3.8986000000020424,5.708399999997224,0.7849999999998559,0.6900000000000794,-1.8599999999997507,-0.24999999999997247,1,-0.8359999999990759,-5.50480000000127,0.6009999999997228,1.3999999999999566,1.420000000000421,-0.14999999999998348,1,5.384399999998764,-0.06260000000001063,0.035799999999979445,0.23999999999979593,0.789999999999999,-0.07000000000000062,1,2.7012000000005822,1.2220000000001128,-1.886000000000412,1.5200000000001879,0.6999999999999229,-1.100000000000101,1,-0.5711999999990938,0.22159999999953223,0.07520000000046573,0.9799999999999809,-1.6400000000000028,-0.5799999999999973,1,-0.8797999999995018,-4.534000000001068,-0.6962000000002011,1.1700000000000046,1.5999999999998238,0.22999999999995246,1,-0.86040000000035,6.019000000002468,-1.1483999999996892,0.6599999999999939,-1.8500000000001293,0.35999999999991594,1,1.0710000000000637,6.915199999997088,1.9341999999996675,-1.1499999999999844,-1.5799999999996928,-0.42999999999993044,1,1.9076000000011428,0.21860000000010785,0.22559999999996563,1.9599999999999618,0.31000000000000477,0.2600000000000103
1771517297.6411095,10.504032373428345,3.1398173644533784,0.06923185517682925,2.943458707840123,4.2660780577210575,-0.09137637012480992,-0.007789421592629964,4.266078057721143,-0.09137637012481506,-0.0077894215925204124,3.8214281391204867,-0.14509998084820494,-0.6598345851235626,3.5921572449378543,-0.03595454146809524,-1.4699334572297813,0,0.0,0.0,0.0,0.0,0.0,0.0,0,0.0,0.0,0.0,0.0,0.0,0.0,1,-3.843400000002036,5.559599999997244,0.7649999999998581,0.6900000000000794,-1.8599999999997507,-0.24999999999997247,1,-0.7239999999990794,-5.391200000001236,0.5889999999997241,1.3999999999999566,1.420000000000421,-0.14999999999998348,1,5.4083999999987435,0.016399999999989322,0.028799999999979384,0.23999999999979593,0.7900000000000007,-0.07000000000000062,1,2.853200000000601,1.292000000000105,-1.996000000000422,1.5200000000001879,0.6999999999999229,-1.100000000000101,1,-0.4731999999990957,0.05759999999953197,0.017200000000465922,0.9799999999999809,-1.6400000000000028,-0.5800000000000007,1,-0.7627999999995013,-4.374000000001086,-0.6732000000002059,1.1700000000000046,1.5999999999998238,0.22999999999995246,1,-0.7944000000003506,5.834000000002455,-1.1123999999996976,0.6599999999999939,-1.8500000000001293,0.35999999999991594,1,0.9560000000000652,6.757199999997119,1.8911999999996745,-1.1499999999999844,-1.5799999999996928,-0.42999999999993044,1,2.1036000000011392,0.24960000000010832,0.25159999999996646,1.9599999999999618,0.31000000000000477,0.2599999999999908
1771517297.7409866,10.603909492492676,3.4801236090710637,0.06290174556684447,2.9418555541127134,4.168078057721125,0.0066236298751909395,-0.10578942159256144,4.168078057721143,0.006623629875184944,-0.10578942159252042,3.6269034611138142,0.2397298318407136,-0.6775132153649999,3.3916966152538213,-0.03379354025729134,-1.4716592491257279,0,0.0,0.0,0.0,0.0,0.0,0.0,0,0.0,0.0,0.0,0.0,0.0,0.0,1,-3.774400000002028,5.373599999997269,0.7399999999998609,0.6900000000000794,-1.8599999999997507,-0.24999999999997247,1,-0.5839999999990837,-5.249200000001194,0.5739999999997257,1.3999999999999566,1.420000000000421,-0.14999999999998348,1,5.427599999998727,0.07959999999998925,0.023199999999979334,0.23999999999979593,0.789999999999999,-0.07000000000000062,1,2.974800000000616,1.348000000000099,-2.08400000000043,1.5200000000001879,0.6999999999999229,-1.100000000000101,1,-0.3947999999990972,-0.07360000000046811,-0.029199999999534106,0.9799999999999809,-1.6400000000000028,-0.5800000000000007,1,-0.669199999999501,-4.2460000000011,-0.6548000000002097,1.1700000000000046,1.5999999999998238,0.22999999999995246,1,-0.7416000000003511,5.686000000002445,-1.0835999999997044,0.6599999999999939,-1.8500000000001293,0.35999999999991594,1,0.8640000000000665,6.630799999997143,1.85679999999968,-1.1499999999999844,-1.5799999999996928,-0.42999999999993044,1,2.260400000001136,0.2744000000001065,0.27239999999996506,1.9599999999999618,0.30999999999997696,0.25999999999998247
1771517297.8407729,10.70369577407837,3.895293414843179,0.06520210855436345,2.92963861195346,4.077078057721283,0.0976236298751848,-0.19678942159240265,4.077078057721143,0.09762362987518494,-0.1967894215925204,3.33554648538705,0.5757048516002965,-0.9332103008380312,3.1911649075120696,-0.031560162676362885,-1.4691822516000794,0,0.0,0.0,0.0,0.0,0.0,0.0,0,0.0,0.0,0.0,0.0,0.0,0.0,1,-3.70540000000202,5.1875999999972935,0.7149999999998636,0.6900000000000794,-1.8599999999997507,-0.24999999999997247,1,-0.44399999999908574,-5.107200000001152,0.5589999999997274,1.4000000000000126,1.420000000000421,-0.14999999999998348,1,5.451599999998707,0.15859999999998975,0.016199999999979273,0.23999999999979593,0.790000000000013,-0.07000000000000062,1,3.126800000000635,1.4180000000000912,-2.19400000000044,1.5200000000001879,0.6999999999999229,-1.100000000000101,1,-0.2967999999990991,-0.23760000000046835,-0.08719999999953384,0.9799999999999809,-1.6400000000000028,-0.5799999999999973,1,-0.5521999999995005,-4.086000000001118,-0.6318000000002144,1.1700000000000046,1.5999999999998238,0.22999999999995246,1,-0.6756000000003517,5.501000000002432,-1.0475999999997128,0.6599999999999939,-1.8500000000001293,0.35999999999991594,1,0.7490000000000681,6.472799999997174,1.813799999999687,-1.1499999999999844,-1.5799999999996928,-0.42999999999993044,1,2.4564000000011323,0.3054000000001042,0.2983999999999633,1.9599999999999618,0.30999999999997696,0.25999999999998247
1771517297.9408233,10.803746223449707,4.302301220615276,0.07481103199869385,2.9092596697942184,4.007078057721003,0.0822796755563765,-0.26678942159255037,3.9770780577211426,0.07570369513403007,-0.2967894215925204,3.397354817468452,0.07570369513403007,-0.8756953488157688,2.999351277828035,-0.03387016146555913,-1.4622610434960288,0,0.0,0.0,0.0,0.0,0.0,0.0,0,0.0,0.0,0.0,0.0,0.0,0.0,1,-3.6364000000020122,5.001599999997318,0.6899999999998664,0.6900000000000794,-1.8599999999997507,-0.24999999999997247,1,-0.3039999999990845,-4.96520000000111,0.543999999999729,1.4000000000000126,1.420000000000421,-0.14999999999998348,1,5.475599999998686,0.23759999999999104,0.009199999999979211,0.23999999999979593,0.790000000000013,-0.07000000000000062,1,3.2788000000006536,1.4880000000000835,-2.30400000000045,1.5200000000001879,0.6999999999999229,-1.100000000000101,1,-0.19879999999909956,-0.40160000000046603,-0.14519999999953356,0.9800000000000086,-1.6399999999999753,-0.5799999999999973,1,-0.4351999999995001,-3.9260000000011352,-0.6088000000002192,1.1700000000000046,1.5999999999998238,0.22999999999995246,1,-0.6096000000003523,5.316000000002419,-1.0115999999997212,0.6599999999999939,-1.8500000000001293,0.35999999999991594,1,0.6340000000000696,6.314799999997205,1.770799999999694,-1.1499999999999844,-1.5799999999996928,-0.42999999999993044,1,2.6524000000011285,0.3364000000001019,0.32439999999996155,1.9599999999999618,0.30999999999997696,0.25999999999998247
1771517298.041476,10.904398918151855,4.619697465232961,0.08009732760941632,2.884746516066808,3.900078057720968,-0.00129630486596366,-0.37378942159271844,3.9000780577211427,-0.0012963048659699328,-0.37378942159252043,3.219307487258656,-0.03355172177662969,-0.8834215338683954,2.807090070086291,-0.03820040479825424,-1.4515135459703865,0,0.0,0.0,0.0,0.0,0.0,0.0,0,0.0,0.0,0.0,0.0,0.0,0.0,1,-3.581200000002006,4.852799999997338,0.6699999999998686,0.6900000000000794,-1.8599999999997507,-0.24999999999997247,1,-0.19199999999908351,-4.851600000001076,0.5319999999997304,1.4000000000000126,1.420000000000421,-0.14999999999998348,1,5.49479999999867,0.3007999999999921,0.0035999999999792123,0.23999999999979593,0.790000000000013,-0.06999999999999997,1,3.4004000000006687,1.5440000000000773,-2.392000000000458,1.5200000000001879,0.6999999999999229,-1.100000000000101,1,-0.12039999999909894,-0.532800000000464,-0.19159999999953334,0.9800000000000019,-1.6399999999999753,-0.5799999999999973,1,-0.34159999999949975,-3.7980000000011493,-0.590400000000223,1.1700000000000046,1.5999999999998238,0.22999999999995246,1,-0.5568000000003528,5.168000000002409,-0.9827999999997226,0.6599999999999939,-1.8500000000001293,0.36000000000002697,1,0.5420000000000709,6.1883999999972295,1.7363999999996995,-1.1499999999999844,-1.5799999999996928,-0.42999999999993044,1,2.8092000000011255,0.36120000000010005,0.34519999999996015,1.9599999999999618,0.30999999999997696,0.25999999999998247
1771517298.1407378,11.003660678863525,5.00890527100506,0.08076769712281986,2.8465675739075382,3.8200780577211546,0.07870369513402753,-0.453789421592532,3.8000780577211426,0.09870369513403007,-0.47378942159252047,2.9031288695657946,0.15268324773460984,-0.715738606808565,2.6251499664215032,-0.04002705872360877,-1.4361434343401922,0,0.0,0.0,0.0,0.0,0.0,0.0,0,0.0,0.0,0.0,0.0,0.0,0.0,1,-3.512200000001998,4.666799999997363,0.6449999999998713,0.6900000000000794,-1.8599999999997507,-0.24999999999997247,1,-0.051999999999083016,-4.709600000001034,0.516999999999732,1.3999999999999984,1.420000000000421,-0.14999999999998348,1,5.51879999999865,0.37979999999999337,-0.003400000000020795,0.23999999999979593,0.790000000000013,-0.07000000000000019,1,3.5524000000006875,1.6140000000000696,-2.5020000000004683,1.5200000000001879,0.6999999999999229,-1.100000000000101,1,-0.022399999999099175,-0.6968000000004615,-0.24959999999953306,0.9800000000000016,-1.6399999999999753,-0.5799999999999973,1,-0.2245999999994993,-3.638000000001167,-0.5674000000002277,1.1700000000000046,1.5999999999998238,0.22999999999995246,1,-0.4908000000003534,4.983000000002396,-0.9467999999997199,0.6599999999999939,-1.8500000000001293,0.36000000000002697,1,0.42700000000007243,6.03039999999726,1.6933999999997065,-1.1499999999999844,-1.5799999999996928,-0.42999999999993044,1,3.0052000000011216,0.39220000000009775,0.3711999999999584,1.9599999999999618,0.30999999999997696,0.25999999999998247
1771517298.2413485,11.104271411895752,5.387366076777175,0.0890910666362225,2.800735631748287,3.709078057720916,0.007703695134031463,-0.3827894215926442,3.7090780577211424,0.007703695134030075,-0.3827894215925205,2.8068683711186653,-0.04383221137815632,-0.3820802805338592,2.444246310718234,-0.041716348445719274,-1.4168876297622708,0,0.0,0.0,0.0,0.0,0.0,0.0,0,0.0,0.0,0.0,0.0,0.0,0.0,1,-3.44320000000199,4.480799999997388,0.6199999999998741,0.6900000000000794,-1.8599999999997507,-0.24999999999997247,1,0.08800000000091687,-4.567600000000992,0.5019999999997337,1.3999999999999984,1.420000000000421,-0.14999999999998348,1,5.542799999998629,0.45879999999999466,-0.010400000000020804,0.23999999999979593,0.790000000000013,-0.07000000000000062,1,3.7044000000007062,1.684000000000062,-2.6120000000004784,1.5200000000001879,0.6999999999999229,-1.100000000000101,1,0.07560000000090085,-0.860800000000459,-0.3075999999995355,0.9799999999999949,-1.6399999999999753,-0.5800000000000249,1,-0.10759999999949887,-3.4780000000011846,-0.5444000000002325,1.1700000000000046,1.5999999999998238,0.22999999999995246,1,-0.424800000000354,4.798000000002383,-0.9107999999997172,0.6599999999999939,-1.8500000000001293,0.36000000000002697,1,0.312000000000074,5.872399999997291,1.6503999999997134,-1.1499999999999844,-1.5799999999996928,-0.42999999999993044,1,3.201200000001118,0.42320000000009544,0.39719999999995664,1.9599999999999618,0.30999999999997696,0.25999999999998247
1771517298.3408237,11.203746557235718,5.755907882549282,0.09222743614962549,2.7600906895890267,3.618078057721519,0.09870369513402533,-0.4737894215924854,3.618078057721142,0.09870369513403007,-0.47378942159252047,1.989045132793404,0.2405012720051988,-1.9261639199300726,2.263927498094602,-0.04463357554821447,-1.3959930796273707,0,0.0,0.0,0.0,0.0,0.0,0.0,0,0.0,0.0,0.0,0.0,0.0,0.0,1,-3.374200000001982,4.294799999997413,0.5949999999998768,0.6900000000000794,-1.8599999999997507,-0.24999999999997247,1,0.22800000000091775,-4.42560000000095,0.4869999999997353,1.4000000000000126,1.420000000000421,-0.14999999999998348,1,5.566799999998609,0.5377999999999933,-0.017400000000020864,0.23999999999979593,0.7899999999999574,-0.07000000000000062,1,3.856400000000725,1.7540000000000542,-2.7220000000004885,1.5200000000001879,0.6999999999999229,-1.100000000000101,1,0.173600000000901,-1.0248000000004582,-0.365599999999538,0.9800000000000086,-1.6400000000000858,-0.5800000000000249,1,0.00940000000050124,-3.318000000001202,-0.5214000000002372,1.17,1.5999999999998238,0.22999999999995246,1,-0.3588000000003546,4.61300000000237,-0.8747999999997145,0.6599999999999939,-1.8500000000001293,0.36000000000002697,1,0.19700000000007425,5.714399999997322,1.6073999999997204,-1.1500000000000123,-1.5799999999996928,-0.42999999999993044,1,3.397200000001114,0.45420000000009314,0.4231999999999549,1.9599999999999618,0.30999999999997696,0.25999999999998247
1771517298.4421031,11.305026054382324,6.044481127167002,0.09946468964305984,2.7213145358616257,3.5307780577213066,0.03279948340525751,-0.5610894215926976,3.5210780577211422,0.02547679321317413,-0.5707894215925204,2.0593753404251887,0.02547679321317413,-1.4136336973698247,2.0858652781481437,-0.04710075502615299,-1.3753074505785885,0,0.0,0.0,0.0,0.0,0.0,0.0,0,0.0,0.0,0.0,0.0,0.0,0.0,1,-3.3190000000019757,4.145999999997433,0.574999999999879,0.6900000000000794,-1.8599999999997507,-0.24999999999997247,1,0.34000000000091873,-4.312000000000916,0.47499999999973663,1.4000000000000126,1.420000000000421,-0.14999999999998348,1,5.5859999999985925,0.6009999999999899,-0.023000000000020913,0.23999999999979593,0.7899999999999574,-0.07000000000000062,1,3.97800000000074,1.810000000000048,-2.8100000000004965,1.5200000000001879,0.6999999999999229,-1.100000000000101,1,0.2520000000009016,-1.156000000000465,-0.41199999999954,0.9800000000000002,-1.6400000000000858,-0.5800000000000249,1,0.10300000000050134,-3.1900000000012163,-0.503000000000241,1.1700000000000046,1.5999999999998238,0.22999999999995246,1,-0.3060000000003551,4.46500000000236,-0.8459999999997123,0.6599999999999939,-1.8500000000001293,0.36000000000002697,1,0.10500000000007353,5.587999999997346,1.572999999999726,-1.1499999999999984,-1.5799999999996928,-0.42999999999993044,1,3.554000000001111,0.4790000000000913,0.4439999999999535,1.9599999999999618,0.30999999999997696,0.25999999999998247
1771517298.5410612,11.403984069824219,6.394633932939122,0.1039673689643771,2.6661905937023613,3.436078057720948,0.11047679321317394,-0.48578942159238636,3.4360780577211423,0.11047679321317413,-0.4857894215925204,2.4778550859393245,0.11225977103977083,-0.3431545901953711,1.924016666061806,-0.050121201138994126,-1.3519452188643974,0,0.0,0.0,0.0,0.0,0.0,0.0,0,0.0,0.0,0.0,0.0,0.0,0.0,1,-3.2638000000019693,3.997199999997452,0.5549999999998813,0.6900000000000794,-1.8599999999998396,-0.24999999999997247,1,0.4520000000009197,-4.198400000000882,0.46299999999973795,1.4000000000000126,1.420000000000421,-0.14999999999998348,1,5.609999999998572,0.6799999999999856,-0.030000000000020975,0.23999999999979593,0.7899999999999574,-0.07000000000000062,1,4.099600000000755,1.8660000000000418,-2.8980000000005046,1.5200000000001879,0.6999999999999229,-1.100000000000101,1,0.3304000000009001,-1.287200000000472,-0.458399999999542,0.9799999999999809,-1.6400000000000858,-0.5800000000000249,1,0.22000000000050177,-3.030000000001234,-0.48000000000024096,1.1700000000000046,1.5999999999998238,0.23000000000000798,1,-0.2532000000003556,4.317000000002349,-0.8171999999997102,0.6599999999999939,-1.8500000000001293,0.36000000000002697,1,-0.00999999999992633,5.429999999997377,1.529999999999733,-1.1500000000000001,-1.5799999999996928,-0.42999999999993044,1,3.710800000001108,0.5038000000000902,0.4647999999999521,1.9599999999999618,0.31000000000003247,0.25999999999998247
1771517298.6412551,11.504178047180176,6.6679721775568055,0.11125751242143096,2.62577943997497,3.350078057721362,0.0244767932131712,-0.5717894215924169,3.3500780577211424,0.02447679321317414,-0.5717894215925204,1.7544035616297093,-0.14439972270052207,-1.2912357133991077,1.77004029198209,-0.0530332140177137,-1.328480297346053,0,0.0,0.0,0.0,0.0,0.0,0.0,0,0.0,0.0,0.0,0.0,0.0,0.0,1,-3.1948000000019614,3.8111999999974326,0.529999999999884,0.6900000000000794,-1.8600000000001948,-0.24999999999997247,1,0.5920000000009173,-4.05640000000084,0.4479999999997396,1.3999999999999566,1.420000000000421,-0.14999999999998348,1,5.629199999998556,0.7431999999999822,-0.035600000000021025,0.23999999999979593,0.7899999999999574,-0.07000000000000062,1,4.251600000000773,1.9360000000000341,-3.0080000000005147,1.5200000000001879,0.6999999999999229,-1.100000000000101,1,0.4284000000008982,-1.4512000000004805,-0.5163999999995444,0.9799999999999809,-1.6400000000000858,-0.5800000000000249,1,0.3136000000005021,-2.902000000001248,-0.4616000000002403,1.1700000000000046,1.5999999999998238,0.23000000000000798,1,-0.1872000000003562,4.1320000000023365,-0.7811999999997075,0.6599999999999939,-1.8500000000001293,0.36000000000002697,1,-0.1019999999999262,5.3035999999974015,1.4955999999997385,-1.1499999999999984,-1.5799999999996928,-0.42999999999993044,1,3.906800000001104,0.5348000000000934,0.49079999999995033,1.9599999999999618,0.31000000000003247,0.25999999999998247
1771517298.7419007,11.604823589324951,6.935978422174514,0.11321565587848466,2.5800362862475765,3.350078057721362,0.0244767932131712,-0.5717894215924169,3.2530780577211424,-0.07252320678682586,-0.47478942159252047,2.253509897540061,-0.3175387889197352,-0.43259208005634536,1.624536754316476,-0.055931802221926175,-1.3058104223868168,0,0.0,0.0,0.0,0.0,0.0,0.0,0,0.0,0.0,0.0,0.0,0.0,0.0,1,-3.139600000001955,3.662399999997417,0.5099999999998862,0.6900000000000794,-1.8600000000001948,-0.24999999999997247,1,0.7040000000009139,-3.9428000000008248,0.43599999999974093,1.3999999999999566,1.4199999999999768,-0.14999999999998348,1,5.6483999999985395,0.8063999999999788,-0.041200000000021074,0.23999999999979593,0.7899999999999574,-0.07000000000000062,1,4.3732000000007885,1.992000000000028,-3.096000000000523,1.5200000000001879,0.6999999999999229,-1.100000000000101,1,0.5068000000008966,-1.5824000000004874,-0.5627999999995464,0.9799999999999809,-1.6400000000000858,-0.5800000000000249,1,0.40720000000050244,-2.774000000001262,-0.4432000000002397,1.1700000000000046,1.5999999999998238,0.23000000000000798,1,-0.13440000000035668,3.984000000002326,-0.7523999999997053,0.6599999999999939,-1.8500000000001293,0.36000000000002697,1,-0.1939999999999269,5.177199999997426,1.461199999999744,-1.1500000000000123,-1.5799999999996928,-0.42999999999993044,1,4.063600000001116,0.559600000000096,0.5115999999999514,1.9600000000004059,0.31000000000003247,0.260000000000038
1771517298.8420422,11.704965114593506,7.1962246667922045,0.10741379933553837,2.5420531325201665,3.253078057721126,-0.07252320678682866,-0.47478942159262516,3.1650780577211424,-0.16052320678682586,-0.5627894215925204,0.9997204417352556,-0.3133805392301759,-1.8359342169452417,1.4909192766046862,-0.055691745327198186,-1.2840208030615656,0,0.0,0.0,0.0,0.0,0.0,0.0,0,0.0,0.0,0.0,0.0,0.0,0.0,1,-3.0844000000019487,3.5135999999974015,0.4899999999998884,0.6900000000000794,-1.8600000000001948,-0.24999999999997247,1,0.8160000000009104,-3.8292000000008266,0.42399999999974225,1.3999999999999566,1.4199999999999768,-0.14999999999998348,1,5.667599999998523,0.8695999999999754,-0.04680000000002112,0.23999999999979593,0.7899999999999574,-0.07000000000000062,1,4.4948000000008035,2.048000000000037,-3.184000000000531,1.5200000000001879,0.700000000000145,-1.100000000000101,1,0.5867398782563679,-1.6896659787733443,-0.6051316253504094,1.082716459488673,-0.04356358978541989,-0.3086918996259639,1,0.499259279126668,-2.6699483169568956,-0.4288718883406082,1.0672915477916223,0.003699692471172693,-0.04127443921467242,1,-0.08160000000035716,3.836000000002316,-0.7235999999997031,0.6599999999999939,-1.8500000000001293,0.36000000000002697,1,-0.285999999999927,5.050799999997451,1.4267999999997496,-1.1499999999999844,-1.5799999999996928,-0.42999999999993044,1,4.220400000001148,0.5844000000000986,0.5323999999999545,1.9600000000004059,0.31000000000003247,0.260000000000038
1771517298.9407134,11.803636312484741,7.511924472564323,0.0935774786568561,2.4849661903609195,3.093078057720966,-0.08852320678683079,-0.6347894215923411,3.0930780577211423,-0.08852320678682586,-0.6347894215925204,1.6393277224841074,0.08469558446109654,-1.04584305282191,1.3477293396226369,-0.051330005152393214,-1.2618111460930104,0,0.0,0.0,0.0,0.0,0.0,0.0,0,0.0,0.0,0.0,0.0,0.0,0.0,1,-3.0154000000019408,3.327599999997382,0.46499999999989117,0.6900000000000794,-1.8600000000001948,-0.24999999999997247,1,0.9560000000009061,-3.687200000000829,0.4089999999997439,1.3999999999999566,1.4199999999999768,-0.14999999999998348,1,5.691599999998503,0.9485999999999711,-0.053800000000021185,0.23999999999979593,0.7899999999999574,-0.07000000000000062,1,4.646800000000822,2.1180000000000514,-3.294000000000541,1.5200000000001879,0.700000000000145,-1.100000000000101,1,0.6949634390702618,-1.6947098544595482,-0.6360635823482463,1.082705651219098,-0.043702450760415,-0.30868917770014553,1,0.6059832357009736,-2.669784510367154,-0.4331476770913819,1.0673023565471562,0.0038385617070873053,-0.04127715909619573,1,-0.015600000000357273,3.651000000002303,-0.6875999999997005,0.6600000000000009,-1.8500000000001293,0.36000000000002697,1,-0.4009999999999254,4.892799999997481,1.3837999999997566,-1.1499999999999844,-1.5799999999996928,-0.42999999999993044,1,4.416400000001189,0.6154000000001019,0.5583999999999583,1.9600000000004059,0.31000000000003247,0.260000000000038
1771517299.0405612,11.903484106063843,7.7593707171820006,0.08649562211390964,2.434183036633532,3.093078057720966,-0.08852320678683079,-0.6347894215923411,2.993078057721142,-0.023089439580524437,-0.7347894215925204,1.235928386610072,-0.023089439580524444,-0.9888548901178441,1.2131069831406287,-0.04590350726055974,-1.2361352009645363,0,0.0,0.0,0.0,0.0,0.0,0.0,0,0.0,0.0,0.0,0.0,0.0,0.0,1,-2.9602000000019344,3.1787999999973664,0.44499999999989337,0.6900000000000794,-1.8600000000001948,-0.24999999999997247,1,1.068000000000908,-3.573600000000831,0.3969999999997452,1.4000000000000679,1.4199999999999768,-0.14999999999998348,1,5.710799999998486,1.0117999999999694,-0.059400000000021234,0.23999999999979593,0.7900000000000684,-0.07000000000000062,1,4.768400000000837,2.174000000000063,-3.382000000000549,1.5200000000001879,0.700000000000145,-1.100000000000101,1,0.7814869359910543,-1.6995167487361427,-0.6608603336768372,1.0826885238298893,-0.04390247089096337,-0.30866336110781345,1,0.6913575373858525,-2.66986817460899,-0.4367305303806229,1.0673194841498357,0.004038585467657554,-0.04130297479023225,1,0.037199999999642776,3.5030000000022925,-0.6587999999996983,0.6600000000000009,-1.8500000000001293,0.36000000000002697,1,-0.49299999999992417,4.766399999997506,1.3493999999997621,-1.1499999999999844,-1.5799999999996928,-0.42999999999993044,1,4.573200000001221,0.6402000000001045,0.5791999999999613,1.9600000000004059,0.31000000000003247,0.260000000000038
1771517299.1411147,12.004037618637085,7.939355400645272,0.08484852067025271,2.39049567133798,2.993078057721199,-0.02308943958052867,-0.7347894215925521,2.9310780577211424,-0.08508943958052444,-0.6905104270781134,1.3935036156126188,-0.12155691642145001,-0.6905104270781134,1.097716555976091,-0.0429764896092914,-1.2117305976548223,0,0.0,0.0,0.0,0.0,0.0,0.0,0,0.0,0.0,0.0,0.0,0.0,0.0,1,-2.9188000000019296,3.0671999999973547,0.429999999999895,0.6900000000000794,-1.8600000000001948,-0.24999999999997247,1,1.152000000000912,-3.488400000000832,0.3879999999997462,1.4000000000000679,1.4199999999999768,-0.14999999999998348,1,5.725199999998474,1.0591999999999735,-0.06360000000002126,0.23999999999979593,0.7900000000000684,-0.07000000000000062,1,4.859600000000849,2.2160000000000717,-3.448000000000555,1.5200000000001879,0.700000000000145,-1.100000000000101,1,0.8463468272717094,-1.703569042790874,-0.6794782167567102,1.082682243366344,-0.04397592084385467,-0.30865400640421703,1,0.7553847833380077,-2.6700617918833,-0.4395093011558421,1.0673257646992527,0.004112036879532937,-0.041312329132752984,1,0.07679999999964268,3.3920000000022847,-0.6371999999996967,0.6599999999999939,-1.8500000000001293,0.36000000000002697,1,-0.5619999999999232,4.671599999997524,1.3235999999997663,-1.1499999999999844,-1.5799999999996928,-0.42999999999993044,1,4.6908000000012455,0.6588000000001064,0.5947999999999636,1.9600000000004059,0.31000000000003247,0.260000000000038
1771517299.2417269,12.104649782180786,8.115434084108529,0.08052115429542132,2.348428813757183,2.902878057721381,-0.05688943958052639,-0.7187104270779621,2.8840780577211422,-0.03808943958052444,-0.7375104270781134,0.9681499444316473,-0.004639811610650077,-1.4842210160126692,1.0037193971578726,-0.04188165537890164,-1.1888738374450354,0,0.0,0.0,0.0,0.0,0.0,0.0,0,0.0,0.0,0.0,0.0,0.0,0.0,1,-2.877400000001925,2.955599999997343,0.4149999999998967,0.6900000000000794,-1.8600000000001948,-0.24999999999997247,1,1.2360000000009161,-3.4032000000008336,0.3789999999997472,1.4000000000000679,1.4199999999999768,-0.14999999999998348,1,5.739599999998462,1.1065999999999776,-0.0678000000000213,0.23999999999979593,0.7900000000000684,-0.07000000000000062,1,4.95080000000086,2.2580000000000804,-3.514000000000561,1.5200000000001879,0.700000000000145,-1.100000000000101,1,0.91117842123026,-1.7080017584640208,-0.6981070843405656,1.0826788089161803,-0.04401617921337526,-0.30864899014954206,1,0.8194085239497857,-2.6703720293923077,-0.4423640517684328,1.0673291992030254,0.0041522961603880125,-0.04131734516190028,1,0.11639999999964232,3.281000000002277,-0.6155999999996951,0.6599999999999939,-1.8500000000001293,0.36000000000002697,1,-0.6309999999999223,4.576799999997543,1.2977999999997705,-1.1499999999999844,-1.5799999999996928,-0.42999999999993044,1,4.80840000000127,0.6774000000001084,0.6103999999999659,1.9600000000004059,0.31000000000003247,0.260000000000038
1771517299.3404815,12.203404426574707,8.345390328726275,0.076703999128979,2.288657979590948,2.8070780577209575,-0.11508943958052353,-0.8145104270780301,2.8070780577211423,-0.11508943958052444,-0.8145104270781134,0.6435211987259006,-0.19385411737583383,-1.4023361969980723,0.9091160602819333,-0.03982254859253457,-1.1657330369671954,0,0.0,0.0,0.0,0.0,0.0,0.0,0,0.0,0.0,0.0,0.0,0.0,0.0,1,-2.8222000000019185,2.8067999999973274,0.3949999999998989,0.6900000000000794,-1.8600000000001948,-0.24999999999997247,1,1.3480000000009216,-3.2896000000008354,0.3669999999997485,1.4000000000000679,1.4199999999999768,-0.14999999999998348,1,5.758799999998446,1.169799999999983,-0.07340000000002135,0.23999999999979593,0.7900000000000684,-0.07000000000000062,1,5.072400000000875,2.314000000000092,-3.602000000000569,1.5200000000001879,0.700000000000145,-1.100000000000101,1,0.9975759626608864,-1.714501631511411,-0.7229523716333669,1.0826765191721373,-0.04404315553169626,-0.3086457919625413,1,0.9047674532668821,-2.6709715187522116,-0.4462848294118681,1.0673314889925734,0.004179273253208221,-0.04132054315727338,1,0.16919999999964183,3.1330000000022666,-0.5867999999996929,0.6599999999999939,-1.8500000000001293,0.36000000000002697,1,-0.722999999999921,4.450399999997567,1.263399999999776,-1.1499999999999844,-1.5799999999996928,-0.42999999999993044,1,4.965200000001302,0.702200000000111,0.6311999999999689,1.9600000000004059,0.31000000000003247,0.260000000000038
1771517299.4416707,12.304593563079834,8.513815012189532,0.06979863275414759,2.2397873539662663,2.8070780577209575,-0.11508943958052353,-0.8145104270780301,2.735078057721142,-0.07364033039299375,-0.8578883359625427,1.1621277259961713,-0.07364033039299375,-0.8578883359625427,0.8006375940885135,-0.03725864988847453,-1.1365911407382328,0,0.0,0.0,0.0,0.0,0.0,0.0,0,0.0,0.0,0.0,0.0,0.0,0.0,1,-2.7808000000019137,2.6951999999973157,0.37999999999990053,0.6900000000000794,-1.8600000000001948,-0.24999999999997247,1,1.4320000000009256,-3.204400000000837,0.3579999999997495,1.4000000000000679,1.4199999999999768,-0.14999999999998348,1,5.773199999998433,1.2171999999999872,-0.07760000000002139,0.23999999999979593,0.7900000000000684,-0.07000000000000062,1,5.163600000000886,2.3560000000001007,-3.6680000000005752,1.5200000000001879,0.700000000000145,-1.100000000000101,1,1.0623401946022764,-1.7198177921795652,-0.7415836027880544,1.0826756814846499,-0.04405312922335628,-0.3086447342240194,1,0.9687817267382343,-2.6715629470484217,-0.44930852007163175,1.067332326704315,0.00418924735653061,-0.04132160079390154,1,0.20879999999964147,3.022000000002259,-0.5651999999996913,0.6599999999999939,-1.8500000000001293,0.36000000000002697,1,-0.7919999999999201,4.355599999997586,1.2375999999997802,-1.1499999999999844,-1.5799999999996928,-0.42999999999993044,1,5.082800000001327,0.7208000000001129,0.6467999999999712,1.9600000000004059,0.31000000000003247,0.260000000000038
1771517299.5416913,12.404614210128784,8.731656256807247,0.06282895721352072,2.170162664998153,2.674078057721019,-0.13464033039299608,-0.9188883359625422,2.6740780577211423,-0.13464033039299375,-0.9188883359625426,0.15080966805519957,-0.22080343924966653,-1.5022613250227885,0.7102355572125756,-0.03399490785776414,-1.1096207059060261,0,0.0,0.0,0.0,0.0,0.0,0.0,0,0.0,0.0,0.0,0.0,0.0,0.0,1,-2.7256000000019074,2.5463999999973,0.35999999999990273,0.6900000000000794,-1.8600000000001948,-0.24999999999997247,1,1.544000000000931,-3.0908000000008387,0.34599999999975084,1.4000000000000679,1.4199999999999768,-0.14999999999998348,1,5.792399999998417,1.2803999999999927,-0.08320000000002144,0.23999999999979593,0.7900000000000684,-0.07000000000000062,1,5.285200000000901,2.4120000000001123,-3.7560000000005833,1.5200000000001879,0.700000000000145,-1.100000000000101,1,1.1486465165339699,-1.7274934332503062,-0.76641000947244,1.082675125207575,-0.04405988904031958,-0.3086441785557228,1,1.0541270312470368,-2.6725434154732373,-0.45344698158975066,1.067332883007298,0.004196007614354235,-0.04132215635310528,1,0.261599999999641,2.8740000000022485,-0.5363999999996891,0.6599999999999939,-1.8500000000001293,0.36000000000002697,1,-0.8839999999999189,4.22919999999761,1.2031999999997858,-1.1499999999999844,-1.5799999999996928,-0.42999999999993044,1,5.239600000001359,0.7456000000001155,0.6675999999999742,1.9600000000004059,0.31000000000003247,0.260000000000038
1771517299.6418855,12.50480842590332,8.944160501424937,0.05063573078208111,2.0952295981211506,2.5950780577215227,-0.21364033039299185,-0.9978883359624824,2.595078057721142,-0.21364033039299374,-0.9978883359625426,0.15433963090688305,-0.3581196000268607,-1.380054301303371,0.6074310910191665,-0.0300680753028304,-1.075892449139451,0,0.0,0.0,0.0,0.0,0.0,0.0,0,0.0,0.0,0.0,0.0,0.0,0.0,1,-2.670400000001901,2.3975999999972846,0.33999999999990493,0.6900000000000794,-1.8600000000001948,-0.24999999999997247,1,1.6563189710658577,-2.985517281433614,0.3364567142565697,1.4190572956931147,0.960201315165716,-0.012559986558341962,1,5.811599999998401,1.3435999999999981,-0.08880000000002149,0.23999999999979593,0.7900000000000684,-0.07000000000000062,1,5.406800000000916,2.468000000000124,-3.8440000000005914,1.5200000000001879,0.700000000000145,-1.100000000000101,1,1.2342834387631592,-1.733444829351707,-0.7930788595047423,1.0530790732709696,0.19044469223127622,-0.37473134084359166,1,1.139706460349041,-2.667784667808324,-0.45836970819110245,1.0709359249599197,0.2458476954592072,-0.03922780311183947,1,0.3143999999996405,2.726000000002238,-0.507599999999687,0.6599999999999939,-1.8500000000001293,0.36000000000002697,1,-0.9759999999999176,4.102799999997635,1.1687999999997913,-1.1499999999999844,-1.5799999999996928,-0.42999999999993044,1,5.396400000001392,0.7704000000001181,0.6883999999999773,1.9600000000004059,0.31000000000003247,0.260000000000038
1771517299.7413247,12.604247570037842,9.150896746042653,0.03267450435064173,2.0145285312441503,2.5080780577209083,-0.3006403303929956,-1.0848883359626527,2.508078057721142,-0.30064033039299376,-1.0848883359625425,0.8131809818826277,-0.660382378281842,-1.1093836528112222,0.49826171434214217,-0.02287626161512065,-1.03621036093529,0,0.0,0.0,0.0,0.0,0.0,0.0,0,0.0,0.0,0.0,0.0,0.0,0.0,1,-2.6152000000018947,2.248799999997269,0.31999999999990714,0.6900000000000794,-1.8600000000001948,-0.24999999999997247,1,1.7692451426029985,-2.9043451725970866,0.3336934903537324,1.4148359749850563,1.0425984591939306,-0.03165742154413921,1,5.830799999998384,1.4068000000000036,-0.09440000000002154,0.23999999999979593,0.7900000000000684,-0.07000000000000062,1,5.528400000000931,2.5240000000001355,-3.9320000000005995,1.5200000000001879,0.700000000000145,-1.100000000000101,1,1.317999989374909,-1.7265310157733291,-0.8259815354158894,1.0486916009785805,0.15448215608311405,-0.37457183988448833,1,1.2250176062096003,-2.651755175919044,-0.4661991397364763,1.0637588137061131,0.2017913753110329,-0.04725067996168366,1,0.36719999999964004,2.578000000002228,-0.4787999999996848,0.6599999999999939,-1.8500000000001293,0.36000000000002697,1,-1.0679999999999163,3.976399999997653,1.134399999999797,-1.1499999999999844,-1.5800000000001369,-0.42999999999993044,1,5.553200000001424,0.7952000000001207,0.7091999999999803,1.9600000000004059,0.31000000000003247,0.260000000000038
1771517299.8408244,12.703747272491455,9.399746551814763,0.004568471311342432,1.9040816976478898,2.4190780577217907,-0.21164033039299412,-1.1738883359624364,2.419078057721142,-0.21164033039299376,-1.1738883359625425,0.1219692073031556,-0.005671687111009932,-1.3988377504884524,0.38567641708399947,-0.011677327054229483,-0.990448496414654,0,0.0,0.0,0.0,0.0,0.0,0.0,0,0.0,0.0,0.0,0.0,0.0,0.0,1,-2.5462000000018867,2.0627999999972495,0.2949999999999099,0.6900000000000794,-1.8600000000001948,-0.24999999999997247,1,1.90723112130351,-2.792037290073992,0.32619620330763766,1.37625669293408,1.1526186675894616,-0.058639656008763544,1,5.854799999998364,1.4858000000000104,-0.1014000000000216,0.23999999999979593,0.7900000000000684,-0.07000000000000062,1,5.68040000000095,2.59400000000015,-4.042000000000609,1.5200000000001879,0.700000000000145,-1.100000000000101,1,1.4228519144226932,-1.7234007394108355,-0.8663569797237549,1.0588662596765657,0.1057592219693347,-0.37107856290045793,1,1.331815854349649,-2.636793473173925,-0.4767957588714485,1.0775942470596935,0.14298913605478927,-0.05651450416998147,1,0.43319999999963943,2.393000000002215,-0.4427999999996821,0.6599999999999939,-1.8500000000001293,0.36000000000002697,1,-1.1829999999999148,3.8183999999976392,1.0913999999998039,-1.1499999999999844,-1.5800000000001369,-0.42999999999993044,1,5.749200000001465,0.826200000000124,0.7351999999999841,1.9600000000004059,0.31000000000003247,0.260000000000038
1771517299.941488,12.804410934448242,9.593272796432506,-0.012362755120097066,1.810170630770895,2.4190780577217907,-0.2116403303929933,-1.1738883359624364,2.319078057721142,-0.11164033039299376,-1.2190962997595856,0.43309808577625475,0.10531329161980871,-1.2190962997595856,0.2770878854476484,-0.00026861346145222773,-0.940860959910017,0,0.0,0.0,0.0,0.0,0.0,0.0,0,0.0,0.0,0.0,0.0,0.0,0.0,1,-2.4910000000018804,1.9139999999972444,0.2749999999999121,0.6900000000000794,-1.8599999999999723,-0.24999999999997247,1,2.012504189694573,-2.693830045057797,0.31676026653716355,1.3132426575267102,1.2304719353312468,-0.0818255871007395,1,5.873999999998348,1.549000000000016,-0.10700000000002165,0.23999999999979593,0.7900000000000684,-0.07000000000000062,1,5.802000000000965,2.6500000000001616,-4.130000000000617,1.5200000000001879,0.700000000000145,-1.100000000000101,1,1.5080593209072297,-1.7252035768385783,-0.8977177406694681,1.0810263442256167,0.07179880143400832,-0.36696002666916666,1,1.4191844414256136,-2.628927199463461,-0.48555448152819175,1.1104245933723982,0.10084337531047194,-0.05991123260232584,1,0.48599999999963894,2.2450000000022046,-0.41399999999967996,0.6599999999999939,-1.8500000000001293,0.36000000000002697,1,-1.2749999999999135,3.6919999999976283,1.0569999999998094,-1.1499999999999844,-1.5800000000001369,-0.42999999999993044,1,5.906000000001497,0.8510000000001265,0.7559999999999871,1.9600000000004059,0.31000000000003247,0.260000000000038
1771517300.0406692,12.903592109680176,9.823930602204685,-0.022276788159396432,1.6891483005632197,2.249078057721121,-0.04164033039299325,-1.1926459017876923,2.249078057721142,-0.04164033039299375,-1.1926459017875906,0.3382053439639493,0.3513083395905601,-1.1926459017875906,0.17259941681372126,0.007900329275745818,-0.8891575945086301,0,0.0,0.0,0.0,0.0,0.0,0.0,0,0.0,0.0,0.0,0.0,0.0,0.0,1,-2.4220000000018724,1.727999999997247,0.24999999999991482,0.6900000000000794,-1.8599999999999723,-0.24999999999997521,1,2.1465880026857547,-2.5526121882690007,0.2969491538796795,1.4000000000001673,1.4200000000000281,-0.15000000000001631,1,5.897999999998327,1.6280000000000228,-0.11400000000002171,0.23999999999979593,0.7900000000000684,-0.07000000000000062,1,5.954000000000984,2.720000000000176,-4.240000000000627,1.5200000000001879,0.700000000000145,-1.100000000000101,1,1.6140096973980098,-1.7368511234104076,-0.9324465306066495,1.0615958100115401,-0.026992564588481694,-0.3387702088639378,1,1.525127822907796,-2.628780614808722,-0.49511771872307403,1.046337669763352,-0.00077360785916939,-0.06726121379224276,1,0.5519999999996383,2.0600000000021916,-0.37799999999967726,0.6599999999999939,-1.8500000000001293,0.36000000000002697,1,-1.389999999999912,3.5339999999976146,1.0139999999998164,-1.1499999999999844,-1.5800000000001369,-0.42999999999993044,1,6.102000000001538,0.8820000000001298,0.7819999999999909,1.9600000000004059,0.31000000000003247,0.260000000000038
1771517300.1419158,13.004838705062866,10.003170846822378,-0.0262940145908359,1.5944226284202054,2.18047805772148,-0.11024033039299383,-1.1240459017875848,2.151078057721142,-0.13964033039299376,-1.0946459017875905,0.6231907238573379,-0.22616704798458395,-1.0917573471921527,0.06661490787174174,0.011534968654869582,-0.8332156178836319,0,0.0,0.0,0.0,0.0,0.0,0.0,0,0.0,0.0,0.0,0.0,0.0,0.0,1,-2.366800000001866,1.5791999999972492,0.2299999999999148,0.6900000000000794,-1.8599999999999723,-0.25000000000000017,1,2.2554671516175744,-2.4366506729084265,0.279884046696732,1.4000000000001676,1.4200000000000272,-0.1500000000000161,1,5.917199999998311,1.6912000000000282,-0.11960000000002176,0.23999999999979593,0.7900000000000684,-0.07000000000000062,1,6.075600000000999,2.7760000000001877,-4.328000000000635,1.5200000000001879,0.700000000000145,-1.100000000000101,1,1.6982680650839441,-1.7483766027218863,-0.9592712803161432,1.0615968427247289,-0.026996188738741794,-0.3387876960811911,1,1.6086602199413482,-2.630543525427059,-0.5025358804526586,1.0463366452656016,-0.0007705551077764348,-0.06724361401717317,1,0.6047999999996378,1.912000000002192,-0.3491999999996751,0.6599999999999939,-1.8499999999999077,0.36000000000002697,1,-1.4819999999999107,3.4075999999976037,0.9795999999998166,-1.1499999999999844,-1.5800000000001369,-0.43000000000004146,1,6.25880000000157,0.9068000000001324,0.802799999999994,1.9600000000004059,0.31000000000003247,0.260000000000038
1771517300.2404146,13.103337526321411,10.216676652594526,-0.03886190163304856,1.4833560382414515,2.06207805772074,-0.06207666388817479,-1.1836459017875445,2.062078057721142,-0.062076663888171985,-1.1836459017875904,-0.07221636018393707,-0.06207666388817198,-1.3259009897540304,-0.03846104725784549,0.015540841530726419,-0.778445955893745,0,0.0,0.0,0.0,0.0,0.0,0.0,0,0.0,0.0,0.0,0.0,0.0,0.0,1,-2.297800000001858,1.393199999997252,0.20499999999991478,0.6900000000000794,-1.8599999999999723,-0.25000000000000017,1,2.391566087782349,-2.2916987787077088,0.2585526627180476,1.4000000000001676,1.4200000000000272,-0.15000000000001582,1,5.9411999999982905,1.770200000000035,-0.1266000000000215,0.23999999999979593,0.7900000000000684,-0.06999999999998674,1,6.227600000001018,2.846000000000202,-4.438000000000645,1.5200000000001879,0.700000000000145,-1.100000000000101,1,1.8035122967286785,-1.7637807290109855,-0.9926073440792715,1.0615981336515354,-0.027000719091048925,-0.33880955573577504,1,1.71305666884192,-2.6331527913672392,-0.5119140872058766,1.0463353646091067,-0.0007667390261398774,-0.06722161366039639,1,0.6707999999996372,1.7270000000022012,-0.3131999999996724,0.6599999999999939,-1.8499999999999077,0.36000000000002697,1,-1.5969999999999092,3.24959999999759,0.9365999999998125,-1.1499999999999844,-1.5800000000001369,-0.43000000000004146,1,6.454800000001611,0.9378000000001356,0.8287999999999978,1.9600000000004059,0.31000000000003247,0.260000000000038
1771517300.3428433,13.205766201019287,10.420392458366624,-0.04257756802186588,1.3646457465510267,1.9730780577216223,0.026923336111830953,-1.1959923843471998,1.9730780577211422,0.02692333611182801,-1.1959923843472997,-0.056213630021051425,0.2538383156316437,-1.1959923843472997,-0.12999014590333058,0.020082755787350116,-0.7292497371519566,0,0.0,0.0,0.0,0.0,0.0,0.0,0,0.0,0.0,0.0,0.0,0.0,0.0,1,-2.22880000000185,1.2071999999972547,0.17999999999991476,0.6900000000000794,-1.8599999999999723,-0.25000000000000017,1,2.5004452367141687,-2.1757372633471346,0.2414875555351012,1.4000000000001676,1.4200000000000266,-0.14999999999998775,1,5.960399999998274,1.8334000000000406,-0.13220000000002044,0.23999999999979593,0.7900000000000684,-0.06999999999998674,1,6.349200000001033,2.9020000000002137,-4.5260000000006535,1.5200000000001879,0.700000000000145,-1.100000000000101,1,1.8876436326833124,-1.7768979387459287,-1.0191014665462048,1.061599166421229,-0.027004343504403273,-0.3388270439656807,1,1.7965579320434322,-2.6355665591552557,-0.519493406508827,1.046334340056582,-0.0007636860471329735,-0.06720401286488228,1,0.7235999999996368,1.5790000000022086,-0.28439999999967025,0.6599999999999939,-1.8499999999999077,0.36000000000002697,1,-1.7119999999999076,3.0915999999975763,0.8935999999998083,-1.1499999999999844,-1.5800000000001369,-0.43000000000004146,1,6.611600000001643,0.9626000000001382,0.8496000000000008,1.9600000000004059,0.31000000000003247,0.260000000000038
1771517300.4408896,13.303812503814697,10.577074702984351,-0.0415877011329194,1.2701303558032482,1.8760780577213865,-0.07007666388816891,-1.098992384347408,1.8760780577211422,-0.07007666388817199,-1.0989923843472997,0.5527938078286516,-0.0893897454750804,-1.0882948985005743,-0.22598085364508513,0.021073397322038293,-0.6727549342007357,0,0.0,0.0,0.0,0.0,0.0,0.0,0,0.0,0.0,0.0,0.0,0.0,0.0,1,-2.173600000001844,1.0583999999972569,0.15999999999991474,0.6900000000000794,-1.8599999999999723,-0.25000000000000017,1,2.6365441728789434,-2.030785369146417,0.2201561715564196,1.4000000000001676,1.4200000000000266,-0.1499999999999875,1,5.984399999998254,1.9124000000000474,-0.13920000000001911,0.23999999999979593,0.7900000000000684,-0.06999999999998674,1,6.5012000000010515,2.9720000000002282,-4.636000000000664,1.5200000000001879,0.700000000000145,-1.100000000000101,1,1.9927263542113973,-1.794280948522751,-1.0519754911602273,1.0616004574187037,-0.027008874185447822,-0.33884890488566705,1,1.900913767693164,-2.6389939542685927,-0.5290531410209514,1.046333059331613,-0.0007598696810711935,-0.06718201123300512,1,0.7895999999996361,1.394000000002218,-0.2483999999996677,0.6599999999999939,-1.8499999999999077,0.3600000000000132,1,-1.8039999999999063,2.9651999999975653,0.859199999999805,-1.1499999999999844,-1.5800000000001369,-0.43000000000004146,1,6.807600000001684,0.9936000000001415,0.8756000000000046,1.9600000000004059,0.31000000000003247,0.260000000000038
1771517300.5416837,13.404606580734253,10.727160947602062,-0.047193834243972915,1.1822109650554555,1.8760780577213865,-0.07007666388816891,-1.098992384347408,1.7840780577211421,0.021923336111828007,-1.1033268375662708,0.139067075632898,0.15980489401257936,-1.1033268375662708,-0.31198832721369296,0.021669808865061813,-0.6213277730972815,0,0.0,0.0,0.0,0.0,0.0,0.0,0,0.0,0.0,0.0,0.0,0.0,0.0,1,-2.1184000000018375,0.909599999997259,0.13999999999991472,0.6900000000000794,-1.8599999999999723,-0.25000000000000017,1,2.745423321810763,-1.9148238537858426,0.2030910643734743,1.4000000000001676,1.4200000000000266,-0.14999999999998728,1,6.0035999999982375,1.9756000000000529,-0.14480000000001805,0.23999999999979593,0.7900000000000684,-0.06999999999998674,1,6.6228000000010665,3.02800000000024,-4.724000000000672,1.5200000000001879,0.700000000000145,-1.100000000000101,1,2.0767263800523272,-1.8089717215618284,-1.0780611825525948,1.0616014902448658,-0.027012498861759954,-0.33886639412752045,1,1.9843812022147391,-2.642065495119342,-0.5367616636678507,1.0463320347243343,-0.0007568164744562884,-0.06716440941774593,1,0.8423999999996357,1.2460000000022253,-0.21959999999966776,0.6599999999999939,-1.8499999999999077,0.35999999999999927,1,-1.895999999999905,2.8387999999975544,0.8247999999998017,-1.1499999999999844,-1.5800000000001369,-0.43000000000004146,1,6.964400000001716,1.018400000000144,0.8964000000000076,1.9600000000004059,0.31000000000003247,0.260000000000038
1771517300.6416478,13.504570722579956,10.904022753374154,-0.04493859312447565,1.070244615752054,1.7060780577207169,0.02929988412680995,-1.1813268375662211,1.706078057721142,0.02929988412680742,-1.1813268375662709,-0.5120986726877504,0.02929988412680742,-1.4303764621978594,-0.39166198613664616,0.023298407554514906,-0.5737696565925826,0,0.0,0.0,0.0,0.0,0.0,0.0,0,0.0,0.0,0.0,0.0,0.0,0.0,1,-2.0494000000018295,0.7235999999972618,0.1149999999999147,0.6900000000000794,-1.8599999999999723,-0.25000000000000017,1,2.8815222579755377,-1.7698719595851249,0.18175968039479268,1.4000000000001676,1.4200000000000266,-0.149999999999987,1,6.027599999998217,2.054600000000044,-0.15180000000001673,0.23999999999979593,0.7899999999998464,-0.06999999999998674,1,6.774800000001085,3.0980000000002543,-4.834000000000682,1.5200000000001879,0.700000000000145,-1.100000000000101,1,2.1816424381647908,-1.8283085248489968,-1.1103764740587407,1.061602781312964,-0.027017029871453668,-0.3388882563119104,1,2.0886931056127667,-2.646318684384279,-0.5464627787751051,1.0463307539309947,-0.0007529998241045861,-0.06714240651172233,1,0.908399999999635,1.0610000000022346,-0.18359999999966783,0.6599999999999939,-1.8499999999999077,0.35999999999999927,1,-2.0109999999999038,2.6807999999975407,0.7817999999997975,-1.1500000000000066,-1.5800000000001369,-0.43000000000004146,1,7.160400000001757,1.0494000000001473,0.9224000000000114,1.9600000000004059,0.31000000000003247,0.260000000000038
1771517300.7411702,13.604093074798584,11.072134559146246,-0.04111801317005692,0.9502134694723063,1.610078057721509,0.06355340496287665,-1.254344626917203,1.610078057721142,0.0635534049628793,-1.254344626917165,-0.04073478619369105,0.0635534049628793,-1.254344626917165,-0.4741903914374461,0.022088398068589296,-0.5197650589876661,0,0.0,0.0,0.0,0.0,0.0,0.0,0,0.0,0.0,0.0,0.0,0.0,0.0,1,-1.9804000000018216,0.5375999999972645,0.08999999999991468,0.6900000000000794,-1.8599999999999723,-0.25000000000000017,1,3.0176211941403124,-1.6249200653844071,0.16042829641611106,1.4000000000001676,1.4200000000000266,-0.14999999999998664,1,6.051599999998197,2.133600000000029,-0.1588000000000154,0.23999999999979593,0.7899999999998464,-0.06999999999998674,1,6.926800000001104,3.168000000000269,-4.944000000000692,1.5200000000001879,0.700000000000145,-1.100000000000101,1,2.286463825000607,-1.8487181881345816,-1.1423400439282374,1.0616040724201854,-0.027021561063586986,-0.338910119198339,1,2.1929792063906604,-2.6510332345841032,-0.5562249628921162,1.0463294730996695,-0.000749183015941104,-0.06712040289829171,1,0.9743999999996344,0.8760000000022363,-0.1475999999996679,0.6599999999999939,-1.8500000000000187,0.35999999999999927,1,-2.125999999999902,2.522799999997527,0.7387999999997934,-1.1499999999999844,-1.5800000000001369,-0.43000000000004146,1,7.3564000000017975,1.0804000000001506,0.9484000000000152,1.9600000000004059,0.31000000000003247,0.260000000000038
1771517300.8448825,13.707805395126343,11.230197364918398,-0.03317513171711449,0.8274225290216332,1.5150780577215528,0.11476440356464335,-1.1690697159156827,1.515078057721142,0.11476440356464235,-1.169069715915671,0.04944462042882683,0.11476440356464235,-1.169069715915671,-0.5529730991791988,0.019891695832918256,-0.4619361161535225,0,0.0,0.0,0.0,0.0,0.0,0.0,0,0.0,0.0,0.0,0.0,0.0,0.0,1,-1.9114000000018136,0.3515999999972672,0.06499999999991465,0.6900000000000794,-1.8599999999999723,-0.25000000000000017,1,3.153720130305087,-1.4799681711836894,0.13909691243742944,1.4000000000001676,1.4200000000000266,-0.14999999999998662,1,6.075599999998176,2.2126000000000134,-0.16580000000001408,0.23999999999979593,0.7899999999998464,-0.06999999999998674,1,7.078800000001123,3.2380000000002833,-5.054000000000702,1.5200000000001879,0.700000000000145,-1.100000000000101,1,2.3702518294895847,-1.8658116835270455,-1.1676380317708186,1.0616051053340545,-0.02702518614864688,-0.33892761001279564,1,2.2763888545560738,-2.6551380180939623,-0.5640702528915728,1.0463284484072848,-0.0007461294557564173,-0.06710279949835878,1,1.0271999999996386,0.7280000000022349,-0.11879999999966798,0.660000000000105,-1.8500000000000187,0.35999999999999927,1,-2.2409999999999006,2.3647999999975133,0.6957999999997893,-1.1499999999999844,-1.5800000000001369,-0.43000000000004146,1,7.51320000000183,1.1052000000001532,0.9692000000000183,1.9600000000004059,0.31000000000003247,0.260000000000038
1771517300.9408617,13.803784608840942,11.349883609536123,-0.022473979431943056,0.7354169517483778,1.4200780577215966,0.20976440356464116,-1.0740697159157264,1.420078057721142,0.20976440356464235,-1.0740697159156711,-0.3083473880608213,0.46479111568451487,-1.0011004172722469,-0.6278572345242228,0.015621128775907616,-0.40386646690310557,0,0.0,0.0,0.0,0.0,0.0,0.0,0,0.0,0.0,0.0,0.0,0.0,0.0,1,-1.8562000000018073,0.20279999999726867,0.044999999999914636,0.6900000000000794,-1.8600000000000005,-0.25000000000000017,1,3.2625992792369067,-1.3640066558231152,0.12203180525448395,1.4000000000001678,1.4200000000000268,-0.15000000000000055,1,6.09479999999816,2.275800000000001,-0.17140000000001301,0.23999999999979593,0.7899999999998464,-0.06999999999998674,1,7.200400000001138,3.294000000000295,-5.14200000000071,1.5200000000001879,0.700000000000145,-1.100000000000101,1,2.4748993334092964,-1.88812675720952,-1.1988951137009836,1.0616063965118938,-0.027029717669031273,-0.33894947416209503,1,2.3806260716985452,-2.6606863586224767,-0.5739107309079677,1.0463271675075414,-0.0007423123635681218,-0.06708079461232777,1,1.0931999999996491,0.543000000002233,-0.08279999999966806,0.660000000000105,-1.8500000000000187,0.35999999999999927,1,-2.3329999999998994,2.2383999999975024,0.6613999999997859,-1.1499999999999844,-1.5800000000001369,-0.43000000000004146,1,7.709200000001871,1.1362000000001564,0.9952000000000221,1.9600000000004059,0.31000000000003247,0.260000000000038
1771517301.0423875,13.90531039237976,11.489397415308295,0.0009964609245211612,0.6255159801568075,1.3340780577220102,0.2957644035646423,-1.1600697159156461,1.334078057721142,0.29576440356464234,-1.1600697159156712,-0.4028337880493649,0.424690011348493,-1.2798210620126782,-0.6912727024318599,0.008824699074978152,-0.355356674141158,0,0.0,0.0,0.0,0.0,0.0,0.0,0,0.0,0.0,0.0,0.0,0.0,0.0,1,-1.801000000001801,0.05399999999726862,0.02499999999991462,0.6900000000000794,-1.8600000000000005,-0.25000000000000017,1,3.3986982154016814,-1.2190547616223975,0.10070042127580095,1.4000000000001678,1.4200000000000268,-0.15000000000000055,1,6.1187999999981395,2.354799999999986,-0.1784000000000117,0.23999999999979593,0.7899999999998464,-0.06999999999998674,1,7.352400000001157,3.3640000000003094,-5.25200000000072,1.5200000000001879,0.700000000000145,-1.100000000000101,1,2.579448432032457,-1.911484692345971,-1.2297194330625818,1.061607687728721,-0.02703424937174328,-0.33897133901271603,1,2.463995386252036,-2.665459420118784,-0.5818023433194622,1.046326142760622,-0.000739258576259977,-0.06706319019470246,1,1.1591999999996596,0.3580000000022312,-0.046799999999668135,0.660000000000105,-1.8500000000000187,0.35999999999999927,1,-2.447999999999898,2.0803999999974887,0.6183999999997818,-1.1499999999999844,-1.5800000000001369,-0.43000000000004146,1,7.866000000001903,1.161000000000159,1.0160000000000182,1.9600000000004059,0.31000000000003247,0.25999999999992696
1771517301.1417103,14.00463318824768,11.594559659926048,0.02309361320969256,0.5342744028835555,1.242078057721585,0.20376440356464215,-1.0680697159156651,1.2420780577211419,0.20376440356464234,-1.0680697159156711,-1.8417930804146385,-0.06444089121159649,0.2983500136517456,-0.7567054101736446,-0.0031601100943423606,-0.30231736263516296,0,0.0,0.0,0.0,0.0,0.0,0.0,0,0.0,0.0,0.0,0.0,0.0,0.0,1,-1.732000000001793,-0.1320000000027314,-8.540217144581419e-14,0.6900000000000794,-1.859999999999999,-0.25000000000000006,1,3.507577364333501,-1.1030932462618233,0.08363531409285455,1.4000000000001678,1.4200000000000268,-0.15000000000000055,1,6.137999999998123,2.4179999999999735,-0.18400000000001063,0.23999999999979593,0.7899999999998464,-0.06999999999998674,1,7.474000000001172,3.420000000000321,-5.340000000000728,1.5200000000001879,0.700000000000145,-1.100000000000101,1,2.663016052695004,-1.9309137262798115,-1.254048222314373,1.0616087207304545,-0.027037874865096616,-0.3389888313979054,1,2.5681806842524684,-2.671844147522529,-0.5916802976206796,1.0463248617927412,-0.0007354412001893656,-0.06704118403693113,1,1.211999999999668,0.21000000000223035,-0.017999999999668198,0.660000000000105,-1.8499999999999903,0.35999999999999927,1,-2.5399999999998966,1.9539999999974844,0.5839999999997785,-1.1499999999999844,-1.5799999999999148,-0.43000000000004146,1,8.062000000001943,1.1920000000001623,1.042000000000011,1.9600000000004059,0.31000000000003247,0.25999999999992696
1771517301.241087,14.104009866714478,11.716375465698196,0.04107805356615673,0.42507543129198955,1.15007805772116,0.11176440356464035,-1.1600697159156461,1.1500780577211418,0.11176440356464235,-1.1600697159156712,-0.535540132935514,0.07278561494656668,-1.400777709209345,-0.8146689227711263,-0.01439950825475127,-0.25218422541895846,0,0.0,0.0,0.0,0.0,0.0,0.0,0,0.0,0.0,0.0,0.0,0.0,0.0,1,-1.663000000001785,-0.31800000000273043,-0.025000000000085423,0.6900000000000794,-1.8599999999999723,-0.25000000000000017,1,3.6436763004982757,-0.9581413520611055,0.06230393011417154,1.4000000000001678,1.4200000000000268,-0.15000000000000055,1,6.161999999998103,2.496999999999958,-0.1910000000000093,0.23999999999979593,0.7899999999998464,-0.06999999999998674,1,7.6260000000011905,3.4900000000003355,-5.450000000000738,1.5200000000001879,0.700000000000145,-1.100000000000101,1,2.7673850564828144,-1.9561175427490964,-1.284022295312377,1.0616100120177336,-0.027042406895837878,-0.33901069750991963,1,2.672335872048262,-2.678693920411396,-0.6015613979267102,1.0463235807868325,-0.0007316236664580525,-0.06701917717305265,1,1.2779999999996785,0.02500000000223066,0.01800000000033176,0.660000000000105,-1.849999999999999,0.35999999999999943,1,-2.654999999999895,1.795999999997493,0.5409999999997743,-1.1499999999999844,-1.5799999999999148,-0.43000000000004146,1,8.258000000001983,1.2230000000001655,1.0680000000000036,1.9600000000004059,0.31000000000003247,0.25999999999992696
1771517301.3416672,14.204590082168579,11.806957710315874,0.05144320585132794,0.3336938540187371,1.061078057720266,0.20076440356463915,-1.0710697159156959,1.0610780577211418,0.20076440356464234,-1.0710697159156712,-0.8134199635430787,0.577873223645391,-0.9497345171997613,-0.8679633963397286,-0.02148902421337781,-0.20267712306071178,0,0.0,0.0,0.0,0.0,0.0,0.0,0,0.0,0.0,0.0,0.0,0.0,0.0,1,-1.6078000000017787,-0.46680000000272825,-0.04500000000008544,0.6900000000000794,-1.8599999999999723,-0.25000000000000017,1,3.7525554494300954,-0.8421798367005313,0.04523882293122514,1.4000000000001678,1.4200000000000268,-0.15000000000000055,1,6.1811999999980864,2.560199999999946,-0.19660000000000824,0.23999999999979593,0.7899999999998464,-0.06999999999998674,1,7.7476000000012055,3.546000000000347,-5.538000000000746,1.5200000000001879,0.700000000000145,-1.100000000000101,1,2.85080717854725,-1.9770061394509035,-1.3076347035809524,1.0616110450758018,-0.027046032651504858,-0.3390281909038128,1,2.7556377531858818,-2.684508476197086,-0.6094600560025809,1.046322555954956,-0.0007285695261123271,-0.06700157117388283,1,1.330799999999687,-0.12299999999776946,0.0468000000003317,0.660000000000105,-1.8500000000000045,0.35999999999999927,1,-2.7469999999998937,1.6695999999974998,0.506599999999771,-1.1499999999999844,-1.5799999999999148,-0.43000000000004146,1,8.414800000002016,1.247800000000168,1.0887999999999978,1.9600000000004059,0.31000000000003247,0.25999999999992696
1771517301.4416249,14.304547786712646,11.911145516087917,0.07102037834384345,0.22810429814598726,0.9650780577210583,0.1758010103672103,-0.995198929974711,0.9650780577211419,0.17580101036721352,-0.9951989299747132,0.07251653836243732,0.17580101036721352,-0.9951989299747132,-0.918864486994881,-0.028632686777351236,-0.15131641612859098,0,0.0,0.0,0.0,0.0,0.0,0.0,0,0.0,0.0,0.0,0.0,0.0,0.0,1,-1.5388000000017708,-0.6528000000027255,-0.07000000000008545,0.6900000000000794,-1.8599999999999723,-0.25000000000000017,1,3.88865438559487,-0.6972279424998136,0.023907438952542253,1.4000000000001676,1.4200000000000268,-0.14999999999999705,1,6.205199999998066,2.6391999999999305,-0.20360000000000691,0.23999999999979593,0.7899999999998464,-0.06999999999998674,1,7.899600000001224,3.6160000000003616,-5.648000000000756,1.5200000000001879,0.700000000000145,-1.100000000000101,1,2.9549926438399057,-2.004011835537775,-1.336668617669496,1.0616123364333983,-0.027050565009980886,-0.3390500582763709,1,2.859736549258664,-2.692194699814724,-0.6193149967862888,1.0463212748808854,-0.0007247517087886608,-0.06697956303981598,1,1.3967999999996974,-0.3079999999977694,0.08280000000033162,0.660000000000105,-1.8500000000000187,0.35999999999999927,1,-2.861999999999892,1.5115999999975083,0.4635999999997716,-1.1499999999999844,-1.5799999999999148,-0.42999999999998595,1,8.610800000002056,1.2788000000001714,1.1147999999999905,1.9600000000004059,0.31000000000003247,0.25999999999992696
1771517301.5422378,14.405160665512085,11.988057760705603,0.08537845917322028,0.14878238374801034,0.935678057721212,0.20520101036721056,-0.9657989299747148,0.8670780577211419,0.2738010103672135,-0.8971989299747132,-0.021662229723855925,0.4503671943963589,-0.8024113757588596,-0.9662394102608749,-0.03745325297071721,-0.1030525819522205,0,0.0,0.0,0.0,0.0,0.0,0.0,0,0.0,0.0,0.0,0.0,0.0,0.0,1,-1.4836000000017644,-0.8016000000027234,-0.09000000000008547,0.6900000000000794,-1.8599999999999723,-0.25000000000000017,1,3.99753353452669,-0.5812664271392394,0.0068423317695961265,1.4000000000001676,1.4200000000000268,-0.14999999999999705,1,6.22439999999805,2.702399999999918,-0.20920000000000585,0.23999999999979593,0.7899999999998464,-0.06999999999998674,1,8.021200000001228,3.672000000000373,-5.7360000000007645,1.5199999999992997,0.700000000000145,-1.100000000000101,1,3.0382666877819884,-2.026323035711952,-1.3594935800543664,1.0616133695476013,-0.02705419102778577,-0.3390675526782406,1,2.9429922208880406,-2.6986776173233613,-0.6271763749788175,1.0463202499944546,-0.0007216973415285664,-0.06696195602476107,1,1.4495999999997058,-0.45599999999777086,0.11160000000033156,0.660000000000105,-1.8500000000000187,0.35999999999999927,1,-2.953999999999891,1.385199999997515,0.4291999999997727,-1.1499999999999844,-1.5799999999999148,-0.42999999999998595,1,8.767600000002089,1.303600000000174,1.1355999999999846,1.9600000000004059,0.31000000000003247,0.25999999999992696
1771517301.6425338,14.505456686019897,12.07286956647773,0.11174020061256044,0.05762511279745844,0.7880780577202984,0.23136936047633844,-0.957089678019732,0.7880780577211419,0.2313693604763347,-0.9570896780197311,-0.10448230510927078,0.2313693604763347,-0.9570896780197311,-1.0061679731609035,-0.046522443731751094,-0.06183040685435907,0,0.0,0.0,0.0,0.0,0.0,0.0,0,0.0,0.0,0.0,0.0,0.0,0.0,1,-1.428400000001758,-0.9504000000027212,-0.11000000000008549,0.6900000000000794,-1.8599999999999723,-0.25000000000000017,1,4.106412683458509,-0.4653049117786665,-0.010222775413350002,1.4000000000001669,1.4199999999999715,-0.149999999999999,1,6.243599999998033,2.765599999999906,-0.2148000000000048,0.23999999999979593,0.7899999999998464,-0.06999999999998674,1,8.142800000001172,3.728000000000385,-5.824000000000773,1.5199999999992997,0.700000000000145,-1.100000000000101,1,3.1214741840286075,-2.0492537351459688,-1.3819462360665755,1.0616144026868863,-0.027057817162084656,-0.3390850475279859,1,3.026226671652793,-2.7054567770374023,-0.6350107032242029,1.0463192250837066,-0.0007186428736097777,-0.06694434855860909,1,1.5155999999997163,-0.6409999999977727,0.1476000000003315,0.660000000000105,-1.8500000000000187,0.35999999999999927,1,-3.0459999999998897,1.258799999997522,0.39479999999977383,-1.1499999999999844,-1.5799999999999148,-0.42999999999998595,1,8.96360000000213,1.3346000000001772,1.1615999999999773,1.9600000000004059,0.31000000000003247,0.25999999999992696
1771517301.7416472,14.604570150375366,12.134193811095374,0.13197174945066717,-0.01780404753221215,0.7060780577212711,0.31336936047632324,-0.9028985393574478,0.706078057721142,0.3133693604763347,-0.9028985393574482,-0.19922338395589753,0.5121090218739949,-0.9028985393574482,-1.0431334467294873,-0.0578367398703291,-0.0206772941355615,0,0.0,0.0,0.0,0.0,0.0,0.0,0,0.0,0.0,0.0,0.0,0.0,0.0,1,-1.35940000000175,-1.1364000000027186,-0.1350000000000855,0.6900000000000794,-1.8599999999999723,-0.25000000000000017,1,4.242511619623284,-0.3203530175779543,-0.03155415939203267,1.4000000000001669,1.4199999999999715,-0.14999999999999966,1,6.267599999998013,2.8445999999998905,-0.22180000000000347,0.23999999999979593,0.7899999999998464,-0.06999999999998674,1,8.294800000001102,3.7980000000003993,-5.934000000000783,1.5199999999992997,0.700000000000145,-1.100000000000101,1,3.225389353454572,-2.078775638065175,-1.4094679539277521,1.0616156941460329,-0.027062349993714423,-0.3391069167195489,1,3.1302392751524706,-2.714346244672661,-0.6447557755292119,1.046317943911408,-0.0007148246470091334,-0.0669223385915558,1,1.5683999999997247,-0.7889999999977741,0.17640000000033143,0.660000000000105,-1.8500000000000187,0.35999999999999927,1,-3.160999999999888,1.1007999999975304,0.35179999999977524,-1.1499999999999844,-1.5799999999999148,-0.42999999999998595,1,9.120400000002162,1.3594000000001798,1.1823999999999715,1.9600000000004059,0.31000000000003247,0.25999999999992696
1771517301.841437,14.704360008239746,12.202133616867489,0.16208610410422453,-0.10542590146795698,0.614078057720846,0.27121138137028994,-0.8108985393574519,0.614078057721142,0.2712113813702789,-0.8108985393574483,-0.27415554907977696,0.2712113813702789,0.04882519890780302,-1.0780411154423666,-0.0708430998127166,0.0228969511261465,0,0.0,0.0,0.0,0.0,0.0,0.0,0,0.0,0.0,0.0,0.0,0.0,0.0,1,-1.2904000000017422,-1.3224000000027158,-0.16000000000008552,0.6900000000000794,-1.8599999999999723,-0.25000000000000017,1,4.378610555788058,-0.17540112337724068,-0.052885543370715674,1.4000000000001676,1.4199999999999995,-0.1500000000000015,1,6.291599999997993,2.923599999999875,-0.22880000000000214,0.23999999999979593,0.7899999999998464,-0.06999999999998674,1,8.446800000001032,3.8680000000004138,-6.044000000000793,1.5199999999992997,0.700000000000145,-1.100000000000101,1,3.3291991807947676,-2.1092357343950217,-1.4363609008635423,1.061616985644267,-0.027066883007117563,-0.33912878661018236,1,3.2342173156540275,-2.7236958291487734,-0.654436002599468,1.0463166627012432,-0.0007110062630604067,-0.0669003279200805,1,1.6343999999997352,-0.973999999997776,0.21240000000033135,0.660000000000105,-1.8500000000000187,0.35999999999999927,1,-3.2759999999998866,0.9427999999975348,0.30879999999977664,-1.1499999999999844,-1.580000000000026,-0.42999999999998595,1,9.316400000002202,1.390400000000183,1.2083999999999642,1.9600000000004059,0.31000000000003247,0.25999999999992696
1771517301.9416947,14.804617643356323,12.261241422639579,0.18690724224125313,-0.18421575540370178,0.5140780577210791,0.17121138137027314,-0.7108985393574353,0.514078057721142,0.1712113813702789,-0.7108985393574483,-0.35247828088534405,0.1347565924880147,0.16903748430374516,-1.108742784155254,-0.08443319431924087,0.06284918247594663,0,0.0,0.0,0.0,0.0,0.0,0.0,0,0.0,0.0,0.0,0.0,0.0,0.0,1,-1.2214000000017342,-1.5084000000027131,-0.18500000000008554,0.6900000000000794,-1.8599999999999723,-0.25000000000000017,1,4.514709491952833,-0.03044922917652571,-0.07421692734939868,1.4000000000001676,1.4199999999999993,-0.15000000000000152,1,6.315599999997972,3.00259999999986,-0.23580000000000081,0.23999999999979593,0.7899999999998464,-0.06999999999998674,1,8.598800000000962,3.9380000000004283,-6.154000000000803,1.5199999999992997,0.700000000000145,-1.100000000000101,1,3.4329030177502604,-2.1406165057864825,-1.4625995725499268,1.0616182771815221,-0.027071416202390786,-0.33915065719965404,1,3.338160047501375,-2.7335035257250535,-0.6640389032815779,1.0463153814531236,-0.0007071877217866724,-0.0668783165443793,1,1.7003999999997457,-1.1589999999977683,0.24840000000033127,0.660000000000105,-1.8499999999999077,0.35999999999999927,1,-3.390999999999885,0.7847999999975322,0.26579999999977805,-1.1499999999999844,-1.580000000000026,-0.42999999999998595,1,9.512400000002243,1.4214000000001863,1.2343999999999569,1.9600000000004059,0.31000000000003247,0.25999999999992696
1771517302.0416117,14.904534578323364,12.300471667257277,0.2009505313207142,-0.2391916385522967,0.4350780577215829,0.1856438217802403,-0.6318985393574393,0.435078057721142,0.18564382178023953,-0.6318985393574483,-0.4452098945197175,0.18564382178023953,0.002612897128386142,-1.1355044528681395,-0.09508012924364416,0.09886141382574652,0,0.0,0.0,0.0,0.0,0.0,0.0,0,0.0,0.0,0.0,0.0,0.0,0.0,1,-1.1662000000017279,-1.657200000002711,-0.20500000000008556,0.6900000000000794,-1.8599999999999723,-0.25000000000000017,1,4.623588640884653,0.08551228618404612,-0.09128203453234508,1.4000000000001676,1.4199999999999995,-0.1500000000000015,1,6.334799999997956,3.0657999999998475,-0.24139999999999975,0.23999999999979593,0.7899999999998464,-0.06999999999998674,1,8.720400000000906,3.99400000000044,-6.242000000000811,1.5199999999992997,0.700000000000145,-1.100000000000101,1,3.515789388822603,-2.1663717954159045,-1.4831025985179973,1.061619310439335,-0.02707504288946085,-0.3391681541741596,1,3.4212883263054437,-2.7416779604406716,-0.6716571977440997,1.0463143564276056,-0.000704132775583942,-0.06686070693702693,1,1.753199999999754,-1.3069999999977608,0.2772000000003333,0.660000000000105,-1.8499999999999077,0.36000000000002697,1,-3.4829999999998837,0.6583999999975302,0.23139999999977795,-1.1499999999999844,-1.580000000000026,-0.4300000000000138,1,9.669200000002276,1.446200000000189,1.255199999999951,1.9600000000004059,0.31000000000003247,0.25999999999992696
1771517302.1423507,15.005273580551147,12.340943473029421,0.21939695292894565,-0.2993454924880417,0.34307805772115785,0.1820692590592532,-0.5398985393574307,0.34307805772114197,0.18206925905926316,-0.5398985393574484,-0.5606322689423453,0.18206925905926316,0.1386109572029057,-1.156865594508206,-0.10330412389700838,0.12922474939969045,0,0.0,0.0,0.0,0.0,0.0,0.0,0,0.0,0.0,0.0,0.0,0.0,0.0,1,-1.1110000000017215,-1.8060000000027088,-0.22500000000008558,0.6900000000000794,-1.8599999999999723,-0.25000000000000017,1,4.732467789816472,0.20147380154461808,-0.10834714171529149,1.4000000000001676,1.4199999999999995,-0.1500000000000015,1,6.3539999999979395,3.1289999999998352,-0.2469999999999987,0.23999999999979593,0.7899999999998464,-0.06999999999998674,1,8.84200000000085,4.050000000000451,-6.330000000000819,1.5199999999992997,0.700000000000145,-1.100000000000101,1,3.5986073048367246,-2.1926950406818473,-1.5031582791239257,1.0616203437220686,-0.027078669692769876,-0.33918565159557607,1,3.5043931903542664,-2.750142738836397,-0.679211719742585,1.04631333137787,-0.000701077728762334,-0.06684309687936524,1,1.8191999999997646,-1.4919999999977516,0.313200000000336,0.660000000000105,-1.8499999999999077,0.36000000000002697,1,-3.597999999999882,0.5003999999975276,0.18839999999977658,-1.1499999999999844,-1.580000000000026,-0.4300000000000138,1,9.865200000002316,1.4772000000001921,1.2811999999999437,1.9600000000004059,0.31000000000003247,0.25999999999992696
1771517302.2417345,15.104657411575317,12.366457717647105,0.2320304936536863,-0.34060537563663656,0.2510780577207328,0.09006925905927221,-0.4478985393574497,0.251078057721142,0.09006925905926316,-0.4478985393574484,-0.6450811525345507,-0.08122191570816512,0.4470569955761907,-1.1733879000053404,-0.11124606516647648,0.15426188382855904,0,0.0,0.0,0.0,0.0,0.0,0.0,0,0.0,0.0,0.0,0.0,0.0,0.0,1,-1.0420000000017136,-1.992000000002706,-0.2500000000000856,0.6900000000000794,-1.8599999999999723,-0.25000000000000017,1,4.868566725981247,0.3464256957453312,-0.1296785256939742,1.4000000000001662,1.4199999999999713,-0.14999999999998856,1,6.377999999997919,3.20799999999982,-0.25399999999999895,0.23999999999979593,0.7899999999998464,-0.0700000000000145,1,8.99400000000078,4.1200000000004655,-6.440000000000829,1.5199999999992997,0.700000000000145,-1.100000000000101,1,3.7020330989281214,-2.226382664077619,-1.5275799705968442,1.0616216353605872,-0.02708320336039845,-0.3392075240005109,1,3.6082408187357204,-2.7611297213156853,-0.6885555964961914,1.0463120500316065,-0.000697258778822475,-0.06682108367424237,1,1.871999999999773,-1.6399999999977442,0.34200000000033814,0.660000000000105,-1.8499999999999077,0.36000000000002697,1,-3.689999999999881,0.37399999999752553,0.15399999999977548,-1.1499999999999844,-1.580000000000026,-0.4300000000000138,1,10.022000000002349,1.5020000000001947,1.3019999999999379,1.9600000000004059,0.31000000000003247,0.25999999999992696
1771517302.341471,15.204393863677979,12.38919052341918,0.23866241955961323,-0.38302022957238124,0.15607805772077654,-0.004930740940739531,-0.352898539357438,0.156078057721142,-0.0049307409407368386,-0.3528985393574484,-0.7485922683706715,-0.22891382932003687,0.5097769249192022,-1.1871205687182238,-0.11741132034226187,0.17724511517835878,0,0.0,0.0,0.0,0.0,0.0,0.0,0,0.0,0.0,0.0,0.0,0.0,0.0,1,-0.97300000000171,-2.1780000000027244,-0.27500000000008284,0.6899999999999684,-1.8600000000001948,-0.24999999999997247,1,5.004665662146022,0.4913775899460434,-0.15100990967265582,1.4000000000001662,1.4199999999999713,-0.14999999999998856,1,6.401999999997899,3.2869999999998045,-0.2610000000000004,0.23999999999979593,0.7899999999998464,-0.0700000000000145,1,9.14600000000071,4.19000000000048,-6.550000000000839,1.5199999999992997,0.700000000000145,-1.100000000000101,1,3.805351223659083,-2.260922275225038,-1.5512596766070887,1.0616229270380049,-0.027087737209523677,-0.3392293971031276,1,3.712050673856426,-2.7725648097751736,-0.6977777537156351,1.0463107686477968,-0.00069343967165376,-0.0667990697659154,1,1.9379999999997835,-1.8249999999977349,0.37800000000034084,0.660000000000105,-1.8499999999999077,0.36000000000002697,1,-3.8049999999998794,0.21599999999752356,0.11099999999977457,-1.1499999999999844,-1.579999999999998,-0.4299999999999998,1,10.21800000000239,1.533000000000198,1.3279999999999306,1.9600000000004059,0.31000000000003247,0.25999999999992696
1771517302.4422004,15.305123329162598,12.40150532919129,0.23487634546553907,-0.41501708350812483,0.06707805772165898,-0.09393074094074527,-0.26389853935743224,0.067078057721142,-0.09393074094073683,-0.26389853935744845,-0.8409997944233947,-0.24495808288818938,0.5349705897846722,-1.1965462374310993,-0.11926957551804737,0.19592134652815862,0,0.0,0.0,0.0,0.0,0.0,0.0,0,0.0,0.0,0.0,0.0,0.0,0.0,1,-0.9178000000017126,-2.32680000000274,-0.29500000000008064,0.6899999999999684,-1.8600000000001948,-0.24999999999997247,1,5.140764598310796,0.6363294841467608,-0.17234129365133743,1.4000000000001676,1.4200000000000266,-0.14999999999998662,1,6.425999999997878,3.365999999999789,-0.26800000000000185,0.23999999999979593,0.7899999999998464,-0.0700000000000145,1,9.267600000000654,4.246000000000492,-6.638000000000847,1.5199999999992997,0.700000000000145,-1.100000000000101,1,3.9085613961986523,-2.296293292655019,-1.574174252401467,1.0616242187544387,-0.027092271240257565,-0.3392512709033236,1,3.7950709426855704,-2.782033145284637,-0.7050596783827066,1.04630974351357,-0.0006903842729800164,-0.06678145813337029,1,2.0039999999997926,-2.009999999997727,0.41400000000034354,0.6599999999999717,-1.8500000000000405,0.36000000000002697,1,-3.919999999999878,0.057999999997523755,0.06799999999977459,-1.1499999999999844,-1.579999999999998,-0.4299999999999998,1,10.41400000000243,1.5640000000002012,1.3539999999999233,1.9600000000004059,0.31000000000003247,0.25999999999992696
1771517302.541076,15.403998851776123,12.404407573809026,0.2248978861902793,-0.43366496665672005,-0.020921942278206984,-0.18193074094075,-0.17589853935745525,-0.02092194227885799,-0.18193074094073683,-0.17589853935744845,-0.9295758500385769,-0.29831541634393755,0.4780715643468748,-1.2011551329419747,-0.11687458828712506,0.209091932990207,0,0.0,0.0,0.0,0.0,0.0,0.0,0,0.0,0.0,0.0,0.0,0.0,0.0,1,-0.8488000000017157,-2.5128000000027595,-0.3200000000000779,0.6899999999999684,-1.8600000000001948,-0.24999999999997247,1,5.249643747242616,0.752290999507335,-0.18940640083428273,1.4000000000001676,1.4200000000000266,-0.14999999999998662,1,6.445199999997862,3.429199999999777,-0.273600000000003,0.23999999999979593,0.7899999999998464,-0.0700000000000145,1,9.419600000000584,4.316000000000506,-6.748000000000857,1.5199999999992997,0.700000000000145,-1.100000000000101,1,3.9910516698697287,-2.325174488745221,-1.5919398251007872,1.0616252521556024,-0.027095898595473806,-0.33926877044538345,1,3.8988112591063953,-2.7942656687712915,-0.7140322074361457,1.0463084620618033,-0.0006865648832058353,-0.06675944296024795,1,2.0567999999997832,-2.1579999999977373,0.4428000000003457,0.6599999999998829,-1.8500000000001293,0.36000000000002697,1,-4.011999999999877,-0.0684000000024762,0.0335999999997746,-1.1499999999999844,-1.5799999999999987,-0.4299999999999998,1,10.570800000002462,1.5888000000002038,1.3747999999999174,1.9600000000004059,0.31000000000003247,0.25999999999992696
1771517302.6409009,15.50382375717163,12.40022581842677,0.21285142691502,-0.4452288498053158,-0.09692194227817197,-0.10593074094072952,-0.09989853935743476,-0.09692194227885799,-0.10593074094073683,-0.09989853935744845,-0.9716727230314363,-0.013719393779370646,0.35030841583947575,-1.201994567481731,-0.11062963568573214,0.21859146872193458,0,0.0,0.0,0.0,0.0,0.0,0.0,0,0.0,0.0,0.0,0.0,0.0,0.0,1,-0.7936000000017183,-2.661600000002775,-0.3400000000000757,0.6899999999999684,-1.8600000000001948,-0.24999999999997247,1,5.358522896174436,0.8682525148679092,-0.20647150801722802,1.4000000000001676,1.4200000000000266,-0.14999999999998662,1,6.464399999997846,3.4923999999997646,-0.27920000000000417,0.23999999999979593,0.7899999999998464,-0.0700000000000145,1,9.541200000000527,4.372000000000518,-6.836000000000865,1.5199999999992997,0.700000000000145,-1.100000000000101,1,4.073472656410875,-2.3545630845460623,-1.6091899559449834,1.061626285581416,-0.027099526066773426,-0.339286270433509,1,3.9817751408748663,-2.804366790563517,-0.7210988673260473,1.0463074368731964,-0.0006835092583918571,-0.0667418303161165,1,2.109599999999774,-2.3059999999977476,0.47160000000034785,0.6599999999998829,-1.8500000000001293,0.36000000000002697,1,-4.103999999999876,-0.19480000000247605,-0.0008000000002253856,-1.1499999999999844,-1.579999999999998,-0.43000000000000005,1,10.727600000002495,1.6136000000002064,1.3955999999999116,1.9600000000004059,0.31000000000003247,0.25999999999992696
1771517302.741693,15.604615926742554,12.390297063044502,0.20627293678506559,-0.4510457329539105,-0.18392194227878633,-0.03009197512857109,-0.012898539357431016,-0.183921942278858,-0.030091975128560863,-0.01289853935744846,-1.0529231363288811,-0.03009197512856086,0.28458245382052544,-1.1989396435963346,-0.10514339396191169,0.22382372301066894,0,0.0,0.0,0.0,0.0,0.0,0.0,0,0.0,0.0,0.0,0.0,0.0,0.0,1,-0.7384000000017208,-2.8104000000027907,-0.3600000000000735,0.6899999999999684,-1.8600000000001948,-0.24999999999997247,1,5.4674020451062555,0.9842140302284834,-0.22353661520017332,1.4000000000001676,1.4200000000000266,-0.14999999999998662,1,6.483599999997829,3.5555999999997523,-0.2848000000000053,0.23999999999979593,0.7899999999998464,-0.0700000000000145,1,9.662800000000471,4.428000000000529,-6.9240000000008735,1.5199999999992997,0.700000000000145,-1.100000000000101,1,4.155824322263723,-2.3844476958446004,-1.6259135929105055,1.0616273190326126,-0.02710315365416886,-0.3393037708674638,1,4.064713501225794,-2.8147455577809826,-0.7280599586150607,1.0463064116603973,-0.0006804535331251531,-0.06672421722270819,1,2.1623999999997645,-2.453999999997758,0.50040000000035,0.6599999999998829,-1.8500000000001293,0.36000000000002697,1,-4.1959999999998745,-0.32120000000247717,-0.03520000000022538,-1.1499999999999844,-1.580000000000026,-0.43000000000000016,1,10.884400000002527,1.638400000000209,1.4163999999999057,1.9600000000004059,0.31000000000003247,0.25999999999992696
1771517302.840929,15.70385193824768,12.369120868816646,0.2031904550206955,-0.449551586889654,-0.27992194227799416,-0.032619018284191226,0.08310146064255397,-0.279921942278858,-0.0326190182841985,0.08310146064255154,-1.1699912923952507,-0.0326190182841985,0.10909436684090594,-1.1917459755900932,-0.10257976685265423,0.22576148945506772,0,0.0,0.0,0.0,0.0,0.0,0.0,0,0.0,0.0,0.0,0.0,0.0,0.0,1,-0.669400000001724,-2.99640000000281,-0.38500000000007073,0.6899999999999684,-1.8600000000001948,-0.24999999999997247,1,5.60350098127103,1.1291659244292012,-0.24486799917885493,1.4000000000001676,1.4200000000000266,-0.14999999999998662,1,6.507599999997809,3.634599999999737,-0.2918000000000068,0.23999999999979593,0.7899999999998464,-0.0700000000000145,1,9.814800000000401,4.498000000000544,-7.0340000000008835,1.5199999999992997,0.700000000000145,-1.100000000000101,1,4.258666424737679,-2.422483251848594,-1.6460613226857295,1.061628610881058,-0.02710768830158704,-0.33932564703676743,1,4.168350157586305,-2.8281057906525016,-0.7366037008660175,1.0463051301107178,-0.0006766337353547806,-0.06670220022427001,1,2.228399999999753,-2.638999999997771,0.5364000000003527,0.6599999999998829,-1.8500000000001293,0.36000000000002697,1,-4.310999999999873,-0.47920000000247975,-0.07820000000022537,-1.1499999999999844,-1.580000000000026,-0.4299999999999998,1,11.080400000002568,1.6694000000002123,1.4423999999998984,1.9600000000004059,0.31000000000003247,0.25999999999992696
1771517302.940445,15.803367853164673,12.33752867458884,0.19713012324953777,-0.43764144082539946,-0.3699219422781397,-0.10257976685265624,0.17310146064253296,-0.369921942278858,-0.10257976685265423,0.17310146064255155,-1.1917459755900932,-0.10257976685265423,0.22576148945506772,-1.1802949571926584,-0.10109817580316008,0.22350948547313096,0,0.0,0.0,0.0,0.0,0.0,0.0,0,0.0,0.0,0.0,0.0,0.0,0.0,1,-0.6004000000017271,-3.1824000000028296,-0.410000000000068,0.6899999999999684,-1.8600000000001948,-0.24999999999997247,1,5.739599917435805,1.274117818629919,-0.26619938315753866,1.4000000000001684,1.4200000000000272,-0.15000000000001437,1,6.5315999999977885,3.7135999999997216,-0.2988000000000082,0.23999999999979593,0.7899999999998464,-0.0700000000000145,1,9.966800000000331,4.568000000000558,-7.144000000000894,1.5199999999992997,0.700000000000145,-1.100000000000101,1,4.361398645134627,-2.46125934591341,-1.6653320362481345,1.0616067560220475,-0.027412612589818686,-0.33928165036975166,1,4.271947670223047,-2.841884211042842,-0.7449784170255117,1.0463353991324047,-0.000371068540229735,-0.06673551370201863,1,2.294399999999741,-2.823999999997784,0.5724000000003554,0.6599999999998829,-1.8500000000001293,0.36000000000002697,1,-4.425999999999871,-0.6372000000024823,-0.12120000000022535,-1.1499999999999844,-1.580000000000026,-0.4299999999999998,1,11.276400000002608,1.7004000000002155,1.4683999999998911,1.9600000000004059,0.31000000000003247,0.25999999999992696
1771517303.0417035,15.904626369476318,12.30565491920659,0.1889593000865129,-0.4225835313780628,-0.4649219422780959,-0.10109817580317149,0.22350948547311678,-0.46492194227885797,-0.10109817580316008,0.22350948547313096,-1.1802949571926584,-0.10109817580316008,0.22350948547313096,-1.1648801569004998,-0.09748797407281598,0.2170031550759531,0,0.0,0.0,0.0,0.0,0.0,0.0,0,0.0,0.0,0.0,0.0,0.0,0.0,1,-0.5452000000017296,-3.331200000002845,-0.4300000000000658,0.6899999999999684,-1.8600000000001948,-0.24999999999997247,1,5.8484790663676245,1.390079333990493,-0.2832644903404862,1.4000000000001684,1.4200000000000272,-0.15000000000001437,1,6.550799999997772,3.7767999999997093,-0.3044000000000094,0.23999999999979593,0.7899999999998464,-0.0700000000000145,1,10.088400000000275,4.62400000000057,-7.232000000000902,1.5199999999992997,0.700000000000145,-1.100000000000101,1,4.44350526360965,-2.4927970243705544,-1.6801013283567996,1.0615991023636016,-0.02751915277846888,-0.3392660327862553,1,4.354797329032999,-2.853204917927666,-0.7515511991202665,1.046345993948625,-0.000264296401738157,-0.06674739835993895,1,2.3471999999997317,-2.971999999997794,0.6012000000003576,0.6599999999998829,-1.8500000000001293,0.36000000000002697,1,-4.51799999999987,-0.7636000000024844,-0.15560000000022634,-1.1499999999999844,-1.580000000000026,-0.4300000000000138,1,11.43320000000264,1.7252000000002181,1.4891999999998853,1.9600000000004059,0.31000000000003247,0.25999999999992696
1771517303.1408167,16.003739595413208,12.256102724978776,0.17912950978967002,-0.40076957446350725,-0.5549219422782414,-0.09286207923039913,0.20771561392146642,-0.5549219422788579,-0.09286207923040571,0.20771561392146154,-1.1453887085268457,-0.09286207923040571,0.20771561392146154,-1.1453887085268457,-0.09286207923040571,0.20771561392146154,0,0.0,0.0,0.0,0.0,0.0,0.0,0,0.0,0.0,0.0,0.0,0.0,0.0,1,-0.47620000000173085,-3.5172000000028647,-0.455000000000063,0.690000000000024,-1.8600000000001948,-0.24999999999997247,1,5.984578002532399,1.5350312281912109,-0.30459587431917057,1.4000000000001684,1.4200000000000272,-0.15000000000001437,1,6.574799999997752,3.855799999999694,-0.31140000000001083,0.23999999999979593,0.7899999999998464,-0.0700000000000145,1,10.240400000000205,4.694000000000584,-7.342000000000912,1.5199999999992997,0.700000000000145,-1.100000000000101,1,4.546040873564485,-2.5328392403520086,-1.6977480891241625,1.0615951782312956,-0.027574021011256437,-0.3392582336436932,1,4.4583225076552955,-2.8677290681475456,-0.7595884525093737,1.0463514315470914,-0.0002093163890109842,-0.0667532751956744,1,2.41319999999972,-3.156999999997807,0.6372000000003603,0.6599999999998829,-1.8500000000001293,0.36000000000002697,1,-4.632999999999869,-0.921600000002487,-0.1986000000002277,-1.1499999999999844,-1.580000000000026,-0.4300000000000138,1,11.629200000002681,1.7562000000002214,1.515199999999878,1.9600000000004059,0.31000000000003247,0.25999999999992696
1771517303.2402468,16.103169679641724,12.196746530750934,0.17002664187299177,-0.3804062344338517,-0.6469219422786665,-0.08849684098369281,0.19799605767167883,-0.6469219422788579,-0.08849684098368543,0.19799605767165676,-1.1216697601531873,-0.08849684098368543,0.19799605767165676,-1.1216697601531873,-0.08849684098368543,0.19799605767165676,0,0.0,0.0,0.0,0.0,0.0,0.0,0,0.0,0.0,0.0,0.0,0.0,0.0,1,-0.42100000000172894,-3.6660000000028803,-0.4750000000000608,0.690000000000024,-1.8600000000001948,-0.24999999999997247,1,6.093457151464219,1.650992743551785,-0.3216609815021181,1.4000000000001684,1.4200000000000272,-0.15000000000001437,1,6.598799999997731,3.9347999999996786,-0.3184000000000123,0.23999999999979593,0.7899999999998464,-0.0700000000000145,1,10.36200000000015,4.750000000000596,-7.43000000000092,1.5199999999992997,0.700000000000145,-1.100000000000101,1,4.648468728258709,-2.5735450815516607,-1.7144766824773072,1.0615937486688138,-0.02759427216840018,-0.3392556168321548,1,4.561805842057919,-2.882664744042387,-0.767412033599903,1.0463534183890972,-0.00018903221071180543,-0.06675518267080469,1,2.4659999999997106,-3.3049999999978175,0.6660000000003624,0.6599999999998829,-1.8500000000001293,0.36000000000002697,1,-4.724999999999867,-1.0480000000024856,-0.2330000000002288,-1.1499999999999844,-1.5799999999999148,-0.4300000000000138,1,11.786000000002714,1.781000000000224,1.5359999999998721,1.9600000000004059,0.31000000000003247,0.25999999999992696
1771517303.3412604,16.204183340072632,12.14217177536866,0.1630731730628963,-0.3648490501594664,-0.7379219422780636,-0.08442334199659784,0.18888314349913005,-0.7379219422788579,-0.08442334199660459,0.18888314349911464,-1.0940604524269428,-0.08442334199660459,0.18888314349911464,-1.0940604524269428,-0.08442334199660459,0.18888314349911464,0,0.0,0.0,0.0,0.0,0.0,0.0,0,0.0,0.0,0.0,0.0,0.0,0.0,1,-0.35200000000172654,-3.8520000000028998,-0.5000000000000581,0.690000000000024,-1.8600000000001948,-0.24999999999997247,1,6.2295560876289935,1.7959446377525028,-0.3429923654808025,1.4000000000001684,1.4200000000000272,-0.15000000000001437,1,6.617999999997715,3.9979999999996663,-0.32400000000001344,0.23999999999979593,0.7899999999998464,-0.0700000000000145,1,10.51400000000008,4.8200000000006105,-7.54000000000093,1.5199999999992997,0.700000000000145,-1.100000000000101,1,4.730333825912645,-2.6065699619531224,-1.7271877900643513,1.0615932978337,-0.027600858930747672,-0.33925496267706634,1,4.644561986593786,-2.8949060997023546,-0.7735081913648214,1.0463540494872139,-0.00018244090535594215,-0.06675560623360169,1,2.531999999999699,-3.4899999999978304,0.7020000000003651,0.6599999999998829,-1.8500000000001293,0.36000000000002697,1,-4.839999999999866,-1.206000000002477,-0.2760000000002285,-1.1499999999999844,-1.5799999999999148,-0.42999999999998595,1,11.982000000002754,1.8120000000002272,1.5619999999998648,1.9600000000004059,0.31000000000003247,0.25999999999992696
1771517303.4404151,16.303338050842285,12.064864581140855,0.15478294193842831,-0.34630104049755817,-0.8329219422780199,-0.08031244807249482,0.17968571949900092,-0.8329219422788579,-0.08031244807249749,0.1796857194989958,-1.0603860195212977,-0.08031244807249749,0.1796857194989958,-1.0603860195212977,-0.08031244807249749,0.1796857194989958,0,0.0,0.0,0.0,0.0,0.0,0.0,0,0.0,0.0,0.0,0.0,0.0,0.0,1,-0.28300000000172415,-4.03800000000291,-0.5250000000000553,0.690000000000024,-1.8599999999997507,-0.24999999999997247,1,6.365655023793768,1.9408965319532205,-0.36432374945948687,1.4000000000001684,1.4200000000000272,-0.15000000000001437,1,6.641999999997695,4.076999999999694,-0.3310000000000149,0.23999999999979593,0.7900000000002905,-0.0700000000000145,1,10.66600000000001,4.890000000000625,-7.65000000000094,1.5199999999992997,0.700000000000145,-1.100000000000101,1,4.832417325469588,-2.649332631332694,-1.7409228018513776,1.061602256449455,-0.027249021834860908,-0.3390791692320638,1,4.748121303603416,-2.9096351413069153,-0.7822219291393608,1.0463365579322228,-0.0005274390788538883,-0.06694346748629237,1,2.5979999999996872,-3.6749999999978433,0.7380000000003678,0.6599999999998829,-1.8500000000001293,0.36000000000002697,1,-4.954999999999864,-1.3640000000024686,-0.3190000000002271,-1.1499999999999844,-1.5799999999999148,-0.42999999999998595,1,12.178000000002795,1.8430000000002305,1.5879999999998575,1.9600000000004059,0.31000000000003247,0.25999999999992696
1771517303.5418215,16.404744386672974,11.995678825758565,0.14846226757383738,-0.3321595848600255,-0.9209219422796622,-0.07671515561702424,0.1716373773477109,-0.9209219422788578,-0.07671515561702473,0.17163737734773488,-1.0254182110565075,-0.07671515561702473,0.17163737734773488,-1.0254182110565075,-0.07671515561702473,0.17163737734773488,0,0.0,0.0,0.0,0.0,0.0,0.0,0,0.0,0.0,0.0,0.0,0.0,0.0,1,-0.22780000000172315,-4.18680000000289,-0.5450000000000531,0.6899999999999961,-1.8599999999997507,-0.24999999999997247,1,6.474534172725588,2.0568580473137947,-0.3813888566424344,1.4000000000001684,1.4200000000000272,-0.15000000000001437,1,6.661199999997678,4.140199999999718,-0.33660000000001605,0.23999999999979593,0.7900000000002905,-0.0700000000000145,1,10.787599999999953,4.9460000000006366,-7.738000000000948,1.5199999999992997,0.700000000000145,-1.100000000000101,1,4.914132838620577,-2.6831982350389665,-1.7522845373369826,1.0616032906747468,-0.027252683099202674,-0.3390967092336592,1,4.830812943015778,-2.9224713369766366,-0.7879519648032766,1.0463355326504789,-0.0005243510000191058,-0.06692581367195713,1,2.650799999999678,-3.8229999999978537,0.76680000000037,0.6599999999998829,-1.8500000000001293,0.36000000000002697,1,-5.046999999999863,-1.4904000000024618,-0.353400000000226,-1.1499999999999844,-1.5799999999999148,-0.42999999999998595,1,12.334800000002828,1.867800000000233,1.6087999999998517,1.9600000000004059,0.31000000000003247,0.25999999999992696
1771517303.64261,16.50553297996521,11.900686631530606,0.14079075201213495,-0.3149958471252544,-1.0209219422794291,-0.07671515561702424,0.1716373773477109,-1.0209219422788578,-0.07671515561702473,0.17163737734773488,-1.0254182110565075,-0.07671515561702473,0.17163737734773488,-0.9854069666585072,-0.07319547918608886,0.16376268783581865,0,0.0,0.0,0.0,0.0,0.0,0.0,0,0.0,0.0,0.0,0.0,0.0,0.0,1,-0.15880000000172353,-4.372800000002865,-0.5700000000000504,0.6899999999999961,-1.8599999999997507,-0.24999999999997247,1,6.583413321657408,2.172819562674369,-0.3984539638253819,1.4000000000001684,1.4200000000000272,-0.15000000000001437,1,6.680399999997662,4.203399999999741,-0.3422000000000172,0.23999999999979593,0.7900000000002905,-0.0700000000000145,1,10.909199999999897,5.002000000000648,-7.826000000000956,1.5199999999992997,0.700000000000145,-1.100000000000101,1,5.016181968805087,-2.726044173949575,-1.765607430563363,1.0616045834920662,-0.02725725984620888,-0.3391186348727936,1,4.9134768339656425,-2.93555533861199,-0.7935169998966907,1.046334507344188,-0.0005212628185897411,-0.06690815940099372,1,2.7035999999996685,-3.970999999997864,0.7956000000003721,0.6599999999998829,-1.8500000000001293,0.36000000000002697,1,-5.138999999999862,-1.616800000002455,-0.38780000000022485,-1.1499999999999844,-1.5799999999999148,-0.42999999999998595,1,12.49160000000286,1.8926000000002356,1.6295999999998458,1.9600000000004059,0.31000000000003247,0.25999999999992696
1771517303.7415125,16.604435443878174,11.820745288193384,0.1348060765816028,-0.3016061330991223,-0.9421759402279406,-0.06978165476112519,0.15612482454385734,-0.9421759402270675,-0.06978165476113128,0.15612482454384552,-0.9421759402270675,-0.06978165476113128,0.15612482454384552,-0.9421759402270675,-0.06978165476113128,0.15612482454384552,0,0.0,0.0,0.0,0.0,0.0,0.0,0,0.0,0.0,0.0,0.0,0.0,0.0,1,-0.10360000000172384,-4.521600000002845,-0.5900000000000482,0.6899999999999961,-1.8599999999997507,-0.24999999999997247,1,6.719512257822182,2.3177714568750867,-0.4197853478040663,1.4000000000001684,1.4200000000000272,-0.15000000000001437,1,6.704399999997642,4.28239999999977,-0.34920000000001866,0.23999999999979593,0.7900000000002905,-0.0700000000000145,1,11.061199999999827,5.072000000000663,-7.936000000000966,1.5199999999992997,0.700000000000145,-1.100000000000101,1,5.097745478861642,-2.7607152817208607,-1.7755526371627641,1.0616056177741786,-0.027260921376917314,-0.33913617589344847,1,5.016767469449521,-2.952253192074061,-0.8002330894039901,1.0463332256769853,-0.0005174024476614427,-0.06688609092045328,1,2.769599999999657,-4.155999999997877,0.8316000000003748,0.6599999999998829,-1.8500000000001293,0.36000000000002697,1,-5.25399999999986,-1.7748000000024464,-0.43080000000022345,-1.1499999999999844,-1.5799999999999148,-0.42999999999998595,1,12.6876000000029,1.923600000000239,1.6555999999998385,1.9600000000004059,0.31000000000003247,0.25999999999992696
1771517303.8413777,16.70430064201355,11.727436991115885,0.12789572011477732,-0.28614536200373986,-0.8967110929631872,-0.06639120429677292,0.14853925659369382,-0.896711092963387,-0.06639120429676508,0.14853925659367523,-0.896711092963387,-0.06639120429676508,0.14853925659367523,-0.896711092963387,-0.06639120429676508,0.14853925659367523,0,0.0,0.0,0.0,0.0,0.0,0.0,0,0.0,0.0,0.0,0.0,0.0,0.0,1,-0.03460000000172394,-4.70760000000282,-0.6150000000000454,0.690000000000003,-1.8599999999997507,-0.24999999999997247,1,6.855611193986957,2.4627233510758044,-0.4411167317827507,1.4000000000001684,1.4200000000000272,-0.15000000000001437,1,6.728399999997621,4.361399999999799,-0.3562000000000201,0.23999999999979593,0.7900000000002905,-0.0700000000000145,1,11.213199999999757,5.142000000000677,-8.046000000000939,1.5199999999992997,0.700000000000145,-1.0999999999992127,1,5.199605741981601,-2.8045241941596664,-1.787080276621432,1.061606910662483,-0.02726549845658823,-0.339158102805846,1,5.120014297597864,-2.9693250228497012,-0.8066726729866512,1.0463319439715442,-0.0005135419167787002,-0.06686402172730402,1,2.835599999999645,-4.34099999999789,0.8676000000003775,0.6599999999998829,-1.8500000000001293,0.36000000000002697,1,-5.3689999999998586,-1.932800000002438,-0.47380000000022204,-1.1499999999999844,-1.5799999999999148,-0.42999999999998595,1,12.883600000002941,1.9546000000002421,1.6815999999998312,1.9600000000004059,0.31000000000003247,0.25999999999992696
1771517303.9414206,16.804343461990356,11.656479589628377,0.12264214694663413,-0.27439136746301207,-0.8534063179883589,-0.0631843612079741,0.1413644795510427,-0.853406317988866,-0.06318436120797577,0.14136447955104245,-0.853406317988866,-0.06318436120797577,0.14136447955104245,-0.853406317988866,-0.06318436120797577,0.14136447955104245,0,0.0,0.0,0.0,0.0,0.0,0.0,0,0.0,0.0,0.0,0.0,0.0,0.0,1,0.020599999998276053,-4.8564000000028,-0.6350000000000432,0.6899999999999997,-1.8599999999997507,-0.24999999999997247,1,6.9644903429187766,2.5786848664363786,-0.4581818389656982,1.4000000000001684,1.4200000000000272,-0.15000000000001437,1,6.747599999997605,4.424599999999822,-0.36180000000002127,0.23999999999979593,0.7900000000002905,-0.0700000000000145,1,11.334799999999701,5.198000000000689,-8.134000000000876,1.5199999999992997,0.700000000000145,-1.0999999999992127,1,5.28101915616289,-2.8399300973473114,-1.7955704384980236,1.0616079450013365,-0.0272691602534261,-0.3391756448447979,1,5.202580079768976,-2.9832465659051115,-0.8116184588655116,1.0463309185798297,-0.0005104533767820119,-0.06684636585970043,1,2.8883999999996357,-4.4889999999979,0.8964000000003797,0.6599999999998829,-1.8500000000001293,0.36000000000002697,1,-5.460999999999857,-2.0592000000024395,-0.508200000000222,-1.1499999999999844,-1.5800000000001369,-0.43000000000004146,1,13.040400000002974,1.9794000000002447,1.7023999999998254,1.9600000000004059,0.31000000000003247,0.25999999999992696
1771517304.041545,16.904467821121216,11.571907279917953,0.1163805959756059,-0.26038219055152684,-0.8129683133351051,-0.06019040595696412,0.13466600357109337,-0.8129683133343972,-0.060190405956963844,0.13466600357111896,-0.8129683133343972,-0.060190405956963844,0.13466600357111896,-0.8129683133343972,-0.060190405956963844,0.13466600357111896,0,0.0,0.0,0.0,0.0,0.0,0.0,0,0.0,0.0,0.0,0.0,0.0,0.0,1,0.08959999999827603,-5.042400000002775,-0.6600000000000404,0.6899999999999961,-1.8599999999997507,-0.24999999999997247,1,7.100589279083551,2.7236367606370964,-0.4795132229443826,1.4000000000001684,1.4200000000000272,-0.15000000000001437,1,6.771599999997584,4.503599999999851,-0.3688000000000227,0.23999999999979593,0.7900000000002905,-0.0700000000000145,1,11.486799999999631,5.268000000000703,-8.244000000000797,1.5199999999992997,0.700000000000145,-1.0999999999992127,1,5.382693164829488,-2.8846124357532963,-1.8052568556796336,1.0616092379605866,-0.027273737665778293,-0.33919757302957654,1,5.305747559262168,-3.000971894056158,-0.8175350132895614,1.0463296368056691,-0.0005065925578862103,-0.06682429538440257,1,2.954399999999624,-4.673999999997913,0.9324000000003824,0.6599999999998829,-1.8500000000001293,0.36000000000002697,1,-5.575999999999856,-2.217200000002453,-0.5512000000002262,-1.1499999999999844,-1.5800000000001369,-0.43000000000004146,1,13.236400000003014,2.0104000000002404,1.728399999999818,1.9600000000004059,0.3099999999998104,0.25999999999992696
1771517304.1407008,17.003623723983765,11.492044490016733,0.11046772870069467,-0.24715313530760694,-0.7761980201994589,-0.05746801311631855,0.1285751032329141,-0.7761980201989562,-0.05746801311631938,0.1285751032329103,-0.7761980201989562,-0.05746801311631938,0.1285751032329103,-0.7761980201989562,-0.05746801311631938,0.1285751032329103,0,0.0,0.0,0.0,0.0,0.0,0.0,0,0.0,0.0,0.0,0.0,0.0,0.0,1,0.15859999999827565,-5.22840000000275,-0.6850000000000377,0.6899999999999961,-1.8599999999997507,-0.24999999999997247,1,7.236688215248326,2.868588654837814,-0.500844606923067,1.4000000000001684,1.4200000000000272,-0.15000000000001437,1,6.795599999997564,4.58259999999988,-0.37580000000002417,0.23999999999979593,0.7900000000002905,-0.0700000000000145,1,11.638799999999561,5.338000000000718,-8.354000000000719,1.5199999999992997,0.700000000000145,-1.0999999999992127,1,5.484264994577305,-2.9297405121498623,-1.8139021371532011,1.0616105309589794,-0.02727831526281327,-0.33921950192072947,1,5.408870738913578,-3.0190488754889713,-0.8231473124370974,1.0463283549936029,-0.0005027315790179996,-0.06680222419707295,1,3.0203999999996123,-4.858999999997926,0.9684000000003851,0.6599999999998829,-1.8500000000001293,0.36000000000002697,1,-5.690999999999854,-2.375200000002467,-0.5942000000002303,-1.1499999999999844,-1.5800000000001369,-0.43000000000004146,1,13.432400000003055,2.0414000000002215,1.7543999999998108,1.9600000000004059,0.3099999999998104,0.25999999999992696
1771517304.2417438,17.104666709899902,11.430859154530191,0.10593769954492051,-0.23701794992764866,-0.7382602648071668,-0.054659184219180146,0.12229081662146202,-0.7382602648063719,-0.054659184219184156,0.12229081662147434,-0.7382602648063719,-0.054659184219184156,0.12229081662147434,-0.7382602648063719,-0.054659184219184156,0.12229081662147434,0,0.0,0.0,0.0,0.0,0.0,0.0,0,0.0,0.0,0.0,0.0,0.0,0.0,1,0.21379999999827534,-5.3772000000027305,-0.7050000000000355,0.6899999999999961,-1.8599999999997507,-0.24999999999997247,1,7.3455673641801456,2.9845501701983883,-0.5179097141060145,1.4000000000001684,1.4200000000000272,-0.15000000000001437,1,6.814799999997548,4.645799999999904,-0.38140000000002533,0.23999999999979593,0.7900000000002905,-0.0700000000000145,1,11.760399999999505,5.394000000000729,-8.442000000000656,1.5199999999992997,0.700000000000145,-1.0999999999992127,1,5.5654495743658146,-2.9661446617844347,-1.8200606236810515,1.0616115653860863,-0.02728197747340317,-0.3392370455422271,1,5.491337309319817,-3.0337579640937964,-0.8274117030502859,1.0463273295164124,-0.0004996426808270961,-0.0667845667347645,1,3.073199999999603,-5.006999999997936,0.9972000000003872,0.6599999999998829,-1.8500000000001293,0.36000000000002697,1,-5.782999999999853,-2.501600000002478,-0.6286000000002336,-1.1499999999999844,-1.5800000000001369,-0.43000000000004146,1,13.589200000003087,2.0662000000002063,1.775199999999805,1.9600000000004059,0.3099999999998104,0.25999999999992696
1771517304.3408246,17.203747510910034,11.358034134830413,0.10054589348777805,-0.2249546823320606,-0.7025100226307757,-0.0520123140486245,0.11636888567295722,-0.7025100226309702,-0.0520123140486246,0.11636888567294874,-0.7025100226309702,-0.0520123140486246,0.11636888567294874,-0.7025100226309702,-0.0520123140486246,0.11636888567294874,0,0.0,0.0,0.0,0.0,0.0,0.0,0,0.0,0.0,0.0,0.0,0.0,0.0,1,0.28279999999827626,-5.5632000000027055,-0.7300000000000327,0.690000000000024,-1.8599999999997507,-0.24999999999997247,1,7.48166630034492,3.129502064399106,-0.5392410980846989,1.4000000000001684,1.4200000000000272,-0.15000000000001437,1,6.838799999997527,4.724799999999933,-0.3884000000000268,0.23999999999979593,0.7900000000002905,-0.0700000000000145,1,11.912399999999435,5.464000000000744,-8.552000000000577,1.5199999999992997,0.700000000000145,-1.0999999999992127,1,5.666840110770147,-3.012002648886473,-1.826802032560696,1.0616128584552293,-0.02728655540264181,-0.33925897570438834,1,5.594380485195,-3.0524463919214946,-0.8324525846739299,1.046326047635554,-0.000495781414249807,-0.06676249426680217,1,3.139199999999591,-5.191999999997949,1.0332000000003796,0.6599999999998829,-1.8500000000001293,0.35999999999991594,1,-5.897999999999851,-2.6596000000024915,-0.6716000000002378,-1.1499999999999844,-1.5800000000001369,-0.43000000000004146,1,13.785200000003128,2.0972000000001874,1.8011999999997976,1.9600000000004059,0.3099999999998104,0.25999999999992696
1771517304.4416642,17.3045871257782,11.288974203761756,0.09543284640345696,-0.21351509148748576,-0.668479417075929,-0.049492762033157,0.11073180788093162,-0.6684794170757451,-0.04949276203315965,0.11073180788093594,-0.6684794170757451,-0.04949276203315965,0.11073180788093594,-0.6684794170757451,-0.04949276203315965,0.11073180788093594,0,0.0,0.0,0.0,0.0,0.0,0.0,0,0.0,0.0,0.0,0.0,0.0,0.0,1,0.35179999999827866,-5.749200000002681,-0.75500000000003,0.690000000000024,-1.8599999999997507,-0.24999999999997247,1,7.617765236509695,3.274453958599824,-0.5605724820633833,1.4000000000001684,1.4200000000000272,-0.15000000000001437,1,6.862799999997507,4.803799999999962,-0.39540000000002823,0.23999999999979593,0.7900000000002905,-0.0700000000000145,1,12.064399999999365,5.534000000000758,-8.662000000000498,1.5199999999992997,0.700000000000145,-1.0999999999992127,1,5.7681315231910295,-3.058225357000236,-1.832470560013499,1.0616141515640538,-0.027291133516375927,-0.3392809065720578,1,5.697379126321526,-3.0714621043318666,-0.8371632310363419,1.0463247657167432,-0.0004919199878888777,-0.06674042108769158,1,3.2051999999995795,-5.376999999997962,1.0692000000003712,0.6599999999998829,-1.8500000000001293,0.35999999999991594,1,-6.01299999999985,-2.817600000002505,-0.7146000000002419,-1.1499999999999844,-1.5800000000001369,-0.43000000000004146,1,13.981200000003168,2.1282000000001684,1.8271999999997903,1.9600000000004059,0.3099999999998104,0.25999999999992696
1771517304.54177,17.404692888259888,11.236293455239212,0.0915324783685502,-0.20478866794262734,-0.6378023077093786,-0.047221495581395434,0.10565022766492738,-0.6378023077101185,-0.047221495581396905,0.10565022766493357,-0.6378023077101185,-0.047221495581396905,0.10565022766493357,-0.6378023077101185,-0.047221495581396905,0.10565022766493357,0,0.0,0.0,0.0,0.0,0.0,0.0,0,0.0,0.0,0.0,0.0,0.0,0.0,1,0.40699999999828057,-5.898000000002661,-0.7750000000000278,0.690000000000024,-1.8599999999997507,-0.24999999999997247,1,7.7266443854415146,3.390415473960398,-0.5776375892463308,1.4000000000001684,1.4200000000000272,-0.15000000000001437,1,6.881999999997491,4.866999999999985,-0.4010000000000294,0.23999999999979593,0.7900000000002905,-0.0700000000000145,1,12.185999999999309,5.59000000000077,-8.750000000000435,1.5199999999992997,0.700000000000145,-1.0999999999992127,1,5.849094110313854,-3.095446311476567,-1.836226275705373,1.0616151860793814,-0.027294796140183392,-0.33929845177403334,1,5.779745958883887,-3.0869041634857872,-0.8406880429294787,1.0463237401541465,-0.0004888307318189236,-0.06672276203261106,1,3.25799999999957,-5.524999999997973,1.0980000000003645,0.6599999999998829,-1.8500000000001293,0.35999999999991594,1,-6.1049999999998485,-2.944000000002516,-0.7490000000002452,-1.1499999999999844,-1.5800000000001369,-0.43000000000004146,1,14.138000000003201,2.1530000000001532,1.8479999999997845,1.9600000000004059,0.3099999999998104,0.25999999999992696
1771517304.6412585,17.504181385040283,11.185650749128344,0.08778300256086173,-0.19639984061242138,-0.6105538430034585,-0.04520407852259822,0.10113659316576817,-0.610553843004018,-0.045204078522591826,0.10113659316577883,-0.610553843004018,-0.045204078522591826,0.10113659316577883,-0.610553843004018,-0.045204078522591826,0.10113659316577883,0,0.0,0.0,0.0,0.0,0.0,0.0,0,0.0,0.0,0.0,0.0,0.0,0.0,1,0.4621999999982825,-6.046800000002641,-0.7950000000000256,0.690000000000024,-1.8599999999997507,-0.24999999999997247,1,7.835523534373334,3.506376989320972,-0.5947026964292783,1.4000000000001684,1.4200000000000272,-0.15000000000001437,1,6.901199999997474,4.930200000000008,-0.40660000000003055,0.23999999999979593,0.7900000000002905,-0.0700000000000145,1,12.307599999999253,5.6460000000007815,-8.838000000000372,1.5199999999992997,0.700000000000145,-1.0999999999992127,1,5.929994711665956,-3.13286659457529,-1.8392843812785076,1.0616162206196262,-0.027298458882103378,-0.3393159974273766,1,5.862084279456187,-3.1025450138976574,-0.8439914538563973,1.046322714567236,-0.0004857413735269156,-0.06670510252273924,1,3.3107999999995608,-5.672999999997983,1.1268000000003577,0.6599999999998829,-1.8500000000001293,0.35999999999991594,1,-6.196999999999847,-3.070400000002527,-0.7834000000002486,-1.1499999999999844,-1.5800000000001369,-0.43000000000004146,1,14.294800000003233,2.177800000000138,1.8687999999997786,1.9600000000004059,0.3099999999998104,0.25999999999992696
1771517304.7404475,17.603370428085327,11.125563288767014,0.08333425769172208,-0.18644651527909767,-0.5836670669197019,-0.04321344010259354,0.09668287140873755,-0.5836670669191202,-0.043213440102591885,0.09668287140872417,-0.5836670669191202,-0.043213440102591885,0.09668287140872417,-0.5836670669191202,-0.043213440102591885,0.09668287140872417,0,0.0,0.0,0.0,0.0,0.0,0.0,0,0.0,0.0,0.0,0.0,0.0,0.0,1,0.5311999999982824,-6.232800000002616,-0.8200000000000228,0.6899999999999684,-1.8599999999997507,-0.24999999999997247,1,7.971622470538109,3.65132888352169,-0.6160340804079627,1.4000000000001684,1.4200000000000272,-0.15000000000001437,1,6.925199999997454,5.009200000000037,-0.413600000000032,0.23999999999979593,0.7900000000002905,-0.0700000000000145,1,12.459599999999183,5.716000000000796,-8.948000000000293,1.5199999999992997,0.700000000000145,-1.0999999999992127,1,6.031034358037509,-3.1798989054774003,-1.8421194383201114,1.0616175138303119,-0.027303037475319286,-0.3393379301282746,1,5.964967113842201,-3.122368153920539,-0.847802839108233,1.046321432549492,-0.0004818795319982581,-0.06668302749620697,1,3.376799999999549,-5.857999999997996,1.1628000000003493,0.6599999999998829,-1.8500000000001293,0.35999999999991594,1,-6.311999999999846,-3.228400000002541,-0.8264000000002527,-1.1499999999999844,-1.5800000000001369,-0.43000000000004146,1,14.490800000003274,2.208800000000119,1.8947999999997713,1.9600000000004059,0.3099999999998104,0.25999999999992696
1771517304.841636,17.704558849334717,11.079557471482625,0.0799280870470722,-0.17882577604493682,-0.5572229104124915,-0.04125557227345478,0.09230246838803913,-0.5572229104128432,-0.04125557227345539,0.09230246838803705,-0.5572229104128432,-0.04125557227345539,0.09230246838803705,-0.5572229104128432,-0.04125557227345539,0.09230246838803705,0,0.0,0.0,0.0,0.0,0.0,0.0,0,0.0,0.0,0.0,0.0,0.0,0.0,1,0.5863999999982799,-6.381600000002596,-0.8400000000000206,0.6899999999999684,-1.8599999999997507,-0.24999999999997247,1,8.080501619469876,3.767290398882264,-0.6330991875909102,1.3999999999992807,1.4200000000000501,-0.15000000000002328,1,6.9443999999974375,5.07240000000006,-0.41920000000003316,0.23999999999979593,0.7900000000002905,-0.0700000000000145,1,12.581199999999127,5.772000000000808,-9.03600000000023,1.5199999999992997,0.700000000000145,-1.0999999999992127,1,6.111798078798453,-3.2177115229051285,-1.8435926097528867,1.0616185484273237,-0.027306700482605212,-0.3393554767963939,1,6.047241368745534,-3.1384382299886378,-0.8505925571030195,1.0463204069080614,-0.00047878994386975566,-0.06666536696380972,1,3.4295999999995397,-6.005999999998006,1.1916000000003426,0.6599999999998829,-1.8500000000001293,0.35999999999991594,1,-6.4039999999998445,-3.3548000000025517,-0.860800000000256,-1.1499999999999844,-1.5800000000001369,-0.43000000000004146,1,14.647600000003306,2.233600000000104,1.9155999999997655,1.9600000000004059,0.3099999999998104,0.25999999999992696
1771517304.942938,17.805860996246338,11.023835180441376,0.07580252981972672,-0.1695955292061329,-0.5572229104124915,-0.04125557227345478,0.09230246838803913,-0.5572229104128432,-0.04125557227345539,0.09230246838803705,-0.5572229104128432,-0.04125557227345539,0.09230246838803705,-0.5311417806299188,-0.03932458215329755,0.0879821997624538,0,0.0,0.0,0.0,0.0,0.0,0.0,0,0.0,0.0,0.0,0.0,0.0,0.0,1,0.6415999999982773,-6.530400000002576,-0.8600000000000184,0.6899999999999684,-1.8599999999997507,-0.24999999999997247,1,8.216600555634562,3.912242293082982,-0.6544305715695946,1.3999999999992807,1.4200000000000501,-0.15000000000002328,1,6.968399999997417,5.1514000000000895,-0.4262000000000346,0.23999999999979593,0.7900000000002905,-0.0700000000000145,1,12.733199999999057,5.842000000000822,-9.146000000000152,1.5199999999992997,0.700000000000145,-1.0999999999992127,1,6.212668983335967,-3.265185299011104,-1.8444346236342546,1.0616198417088276,-0.027311279407493207,-0.3393774107653828,1,6.1294872195293735,-3.1546908400266687,-0.8531473099257653,1.0463193812421463,-0.00047570025362705996,-0.06664770597697905,1,3.4823999999995303,-6.153999999998017,1.2204000000003359,0.6599999999998829,-1.8500000000001293,0.35999999999991594,1,-6.518999999999843,-3.5128000000025654,-0.9038000000002602,-1.1499999999999844,-1.5800000000001369,-0.43000000000004146,1,14.804400000003339,2.258400000000089,1.9363999999997596,1.9600000000004059,0.3099999999998104,0.25999999999992696
