time_elapsed,pos_x,pos_y,pos_z,vel_x,vel_y,vel_z,cmd_vel_x,cmd_vel_y,cmd_vel_z,cmd_vel_unfiltered_x,cmd_vel_unfiltered_y,cmd_vel_unfiltered_z,desired_vel_x,desired_vel_y,desired_vel_z,obs_1_pos_x,obs_1_pos_y,obs_1_pos_z,obs_1_vel_x,obs_1_vel_y,obs_1_vel_z,obs_2_pos_x,obs_2_pos_y,obs_2_pos_z,obs_2_vel_x,obs_2_vel_y,obs_2_vel_z,obs_3_pos_x,obs_3_pos_y,obs_3_pos_z,obs_3_vel_x,obs_3_vel_y,obs_3_vel_z,obs_4_pos_x,obs_4_pos_y,obs_4_pos_z,obs_4_vel_x,obs_4_vel_y,obs_4_vel_z,obs_5_pos_x,obs_5_pos_y,obs_5_pos_z,obs_5_vel_x,obs_5_vel_y,obs_5_vel_z,obs_6_pos_x,obs_6_pos_y,obs_6_pos_z,obs_6_vel_x,obs_6_vel_y,obs_6_vel_z,obs_7_pos_x,obs_7_pos_y,obs_7_pos_z,obs_7_vel_x,obs_7_vel_y,obs_7_vel_z,obs_8_pos_x,obs_8_pos_y,obs_8_pos_z,obs_8_vel_x,obs_8_vel_y,obs_8_vel_z,obs_9_pos_x,obs_9_pos_y,obs_9_pos_z,obs_9_vel_x,obs_9_vel_y,obs_9_vel_z,obs_10_pos_x,obs_10_pos_y,obs_10_pos_z,obs_10_vel_x,obs_10_vel_y,obs_10_vel_z,obs_11_pos_x,obs_11_pos_y,obs_11_pos_z,obs_11_vel_x,obs_11_vel_y,obs_11_vel_z,obs_12_pos_x,obs_12_pos_y,obs_12_pos_z,obs_12_vel_x,obs_12_vel_y,obs_12_vel_z,obs_13_pos_x,obs_13_pos_y,obs_13_pos_z,obs_13_vel_x,obs_13_vel_y,obs_13_vel_z,obs_14_pos_x,obs_14_pos_y,obs_14_pos_z,obs_14_vel_x,obs_14_vel_y,obs_14_vel_z,obs_15_pos_x,obs_15_pos_y,obs_15_pos_z,obs_15_vel_x,obs_15_vel_y,obs_15_vel_z,obs_16_pos_x,obs_16_pos_y,obs_16_pos_z,obs_16_vel_x,obs_16_vel_y,obs_16_vel_z,obs_17_pos_x,obs_17_pos_y,obs_17_pos_z,obs_17_vel_x,obs_17_vel_y,obs_17_vel_z,obs_18_pos_x,obs_18_pos_y,obs_18_pos_z,obs_18_vel_x,obs_18_vel_y,obs_18_vel_z,obs_19_pos_x,obs_19_pos_y,obs_19_pos_z,obs_19_vel_x,obs_19_vel_y,obs_19_vel_z,obs_20_pos_x,obs_20_pos_y,obs_20_pos_z,obs_20_vel_x,obs_20_vel_y,obs_20_vel_z,obs_21_pos_x,obs_21_pos_y,obs_21_pos_z,obs_21_vel_x,obs_21_vel_y,obs_21_vel_z,obs_22_pos_x,obs_22_pos_y,obs_22_pos_z,obs_22_vel_x,obs_22_vel_y,obs_22_vel_z,obs_23_pos_x,obs_23_pos_y,obs_23_pos_z,obs_23_vel_x,obs_23_vel_y,obs_23_vel_z,obs_24_pos_x,obs_24_pos_y,obs_24_pos_z,obs_24_vel_x,obs_24_vel_y,obs_24_vel_z,obs_25_pos_x,obs_25_pos_y,obs_25_pos_z,obs_25_vel_x,obs_25_vel_y,obs_25_vel_z,obs_26_pos_x,obs_26_pos_y,obs_26_pos_z,obs_26_vel_x,obs_26_vel_y,obs_26_vel_z,obs_27_pos_x,obs_27_pos_y,obs_27_pos_z,obs_27_vel_x,obs_27_vel_y,obs_27_vel_z,obs_28_pos_x,obs_28_pos_y,obs_28_pos_z,obs_28_vel_x,obs_28_vel_y,obs_28_vel_z,obs_29_pos_x,obs_29_pos_y,obs_29_pos_z,obs_29_vel_x,obs_29_vel_y,obs_29_vel_z,obs_30_pos_x,obs_30_pos_y,obs_30_pos_z,obs_30_vel_x,obs_30_vel_y,obs_30_vel_z,obs_31_pos_x,obs_31_pos_y,obs_31_pos_z,obs_31_vel_x,obs_31_vel_y,obs_31_vel_z,obs_32_pos_x,obs_32_pos_y,obs_32_pos_z,obs_32_vel_x,obs_32_vel_y,obs_32_vel_z,obs_33_pos_x,obs_33_pos_y,obs_33_pos_z,obs_33_vel_x,obs_33_vel_y,obs_33_vel_z,obs_34_pos_x,obs_34_pos_y,obs_34_pos_z,obs_34_vel_x,obs_34_vel_y,obs_34_vel_z,obs_35_pos_x,obs_35_pos_y,obs_35_pos_z,obs_35_vel_x,obs_35_vel_y,obs_35_vel_z,obs_36_pos_x,obs_36_pos_y,obs_36_pos_z,obs_36_vel_x,obs_36_vel_y,obs_36_vel_z,obs_37_pos_x,obs_37_pos_y,obs_37_pos_z,obs_37_vel_x,obs_37_vel_y,obs_37_vel_z,obs_38_pos_x,obs_38_pos_y,obs_38_pos_z,obs_38_vel_x,obs_38_vel_y,obs_38_vel_z,obs_39_pos_x,obs_39_pos_y,obs_39_pos_z,obs_39_vel_x,obs_39_vel_y,obs_39_vel_z,obs_40_pos_x,obs_40_pos_y,obs_40_pos_z,obs_40_vel_x,obs_40_vel_y,obs_40_vel_z,obs_41_pos_x,obs_41_pos_y,obs_41_pos_z,obs_41_vel_x,obs_41_vel_y,obs_41_vel_z,obs_42_pos_x,obs_42_pos_y,obs_42_pos_z,obs_42_vel_x,obs_42_vel_y,obs_42_vel_z,obs_43_pos_x,obs_43_pos_y,obs_43_pos_z,obs_43_vel_x,obs_43_vel_y,obs_43_vel_z,obs_44_pos_x,obs_44_pos_y,obs_44_pos_z,obs_44_vel_x,obs_44_vel_y,obs_44_vel_z,obs_45_pos_x,obs_45_pos_y,obs_45_pos_z,obs_45_vel_x,obs_45_vel_y,obs_45_vel_z,obs_46_pos_x,obs_46_pos_y,obs_46_pos_z,obs_46_vel_x,obs_46_vel_y,obs_46_vel_z,obs_47_pos_x,obs_47_pos_y,obs_47_pos_z,obs_47_vel_x,obs_47_vel_y,obs_47_vel_z,obs_48_pos_x,obs_48_pos_y,obs_48_pos_z,obs_48_vel_x,obs_48_vel_y,obs_48_vel_z,obs_49_pos_x,obs_49_pos_y,obs_49_pos_z,obs_49_vel_x,obs_49_vel_y,obs_49_vel_z,obs_50_pos_x,obs_50_pos_y,obs_50_pos_z,obs_50_vel_x,obs_50_vel_y,obs_50_vel_z
2.900987579,-10.0,0.0,0.0,0.0,0.0,0.0,0,0,0,0,0,0,5.0,0.0,0.0,-2.43,-5.07,-1.0,0.0,0.0,0.0,-2.43,-3.07,-1.0,0.0,0.0,0.0,-2.43,-1.07,-1.0,0.0,0.0,0.0,-2.43,-5.07,1.0,0.0,0.0,0.0,-2.43,-3.07,1.0,0.0,0.0,0.0,-2.43,-1.07,1.0,0.0,0.0,0.0,-1.91,-2.44,-1.0,0.0,0.0,0.0,-1.91,-0.44,-1.0,0.0,0.0,0.0,-1.91,1.56,-1.0,0.0,0.0,0.0,-1.91,3.56,-1.0,0.0,0.0,0.0,-1.91,-2.44,1.0,0.0,0.0,0.0,-1.91,-0.44,1.0,0.0,0.0,0.0,-1.91,1.56,1.0,0.0,0.0,0.0,-1.91,3.56,1.0,0.0,0.0,0.0,-2.76,1.13,-1.0,0.0,0.0,0.0,-2.76,3.13,-1.0,0.0,0.0,0.0,-2.76,5.13,-1.0,0.0,0.0,0.0,-2.76,1.13,1.0,0.0,0.0,0.0,-2.76,3.13,1.0,0.0,0.0,0.0,-2.76,5.13,1.0,0.0,0.0,0.0,6.68,0.953599999999998,-1.1376000000000064,0.0,-0.5800000000000249,0.5299999999999194,3.65,3.1532000000000164,1.6035999999999913,0.0,-1.4599999999997948,-0.8300000000001084,9.84,-4.689600000000034,1.8687999999999954,0.0,1.6299999999995762,-0.8900000000000574,9.84,-2.689599999999998,1.8687999999999954,0.0,1.6300000000000203,-0.8900000000000574,0,0,0,0,0,0,0,0,0,0,0,0,0,0,0,0,0,0,0,0,0,0,0,0,0,0,0,0,0,0,0,0,0,0,0,0,0,0,0,0,0,0,0,0,0,0,0,0,0,0,0,0,0,0,0,0,0,0,0,0,0,0,0,0,0,0,0,0,0,0,0,0,0,0,0,0,0,0,0,0,0,0,0,0,0,0,0,0,0,0,0,0,0,0,0,0,0,0,0,0,0,0,0,0,0,0,0,0,0,0,0,0,0,0,0,0,0,0,0,0,0,0,0,0,0,0,0,0,0,0,0,0,0,0,0,0,0,0,0,0,0,0,0,0,0,0,0,0,0,0,0,0,0,0,0,0
3.001502024,-10.0,0.0,0.0,0.0,0.0,0.0,0,0,0,0,0,0,5.0,0.0,0.0,-2.43,-5.07,-1.0,0.0,0.0,0.0,-2.43,-3.07,-1.0,0.0,0.0,0.0,-2.43,-1.07,-1.0,0.0,0.0,0.0,-2.43,-5.07,1.0,0.0,0.0,0.0,-2.43,-3.07,1.0,0.0,0.0,0.0,-2.43,-1.07,1.0,0.0,0.0,0.0,-1.91,-2.44,-1.0,0.0,0.0,0.0,-1.91,-0.44,-1.0,0.0,0.0,0.0,-1.91,1.56,-1.0,0.0,0.0,0.0,-1.91,3.56,-1.0,0.0,0.0,0.0,-1.91,-2.44,1.0,0.0,0.0,0.0,-1.91,-0.44,1.0,0.0,0.0,0.0,-1.91,1.56,1.0,0.0,0.0,0.0,-1.91,3.56,1.0,0.0,0.0,0.0,-2.76,1.13,-1.0,0.0,0.0,0.0,-2.76,3.13,-1.0,0.0,0.0,0.0,-2.76,5.13,-1.0,0.0,0.0,0.0,-2.76,1.13,1.0,0.0,0.0,0.0,-2.76,3.13,1.0,0.0,0.0,0.0,-2.76,5.13,1.0,0.0,0.0,0.0,6.68,0.907199999999996,-1.0952000000000128,0.0,-0.5800000000000249,0.5299999999999194,3.65,3.036400000000033,1.5371999999999826,0.0,-1.4599999999997948,-0.8300000000001084,9.84,-4.559200000000068,1.7975999999999908,0.0,1.6299999999995762,-0.8900000000000574,9.84,-2.5591999999999966,1.7975999999999908,0.0,1.6300000000000203,-0.8900000000000574,0,0,0,0,0,0,0,0,0,0,0,0,0,0,0,0,0,0,0,0,0,0,0,0,0,0,0,0,0,0,0,0,0,0,0,0,0,0,0,0,0,0,0,0,0,0,0,0,0,0,0,0,0,0,0,0,0,0,0,0,0,0,0,0,0,0,0,0,0,0,0,0,0,0,0,0,0,0,0,0,0,0,0,0,0,0,0,0,0,0,0,0,0,0,0,0,0,0,0,0,0,0,0,0,0,0,0,0,0,0,0,0,0,0,0,0,0,0,0,0,0,0,0,0,0,0,0,0,0,0,0,0,0,0,0,0,0,0,0,0,0,0,0,0,0,0,0,0,0,0,0,0,0,0,0,0
3.100511279,-10.0,0.0,0.0,0.0,0.0,0.0,0,0,0,0,0,0,5.0,0.0,0.0,-2.43,-5.07,-1.0,0.0,0.0,0.0,-2.43,-3.07,-1.0,0.0,0.0,0.0,-2.43,-1.07,-1.0,0.0,0.0,0.0,-2.43,-5.07,1.0,0.0,0.0,0.0,-2.43,-3.07,1.0,0.0,0.0,0.0,-2.43,-1.07,1.0,0.0,0.0,0.0,-1.91,-2.44,-1.0,0.0,0.0,0.0,-1.91,-0.44,-1.0,0.0,0.0,0.0,-1.91,1.56,-1.0,0.0,0.0,0.0,-1.91,3.56,-1.0,0.0,0.0,0.0,-1.91,-2.44,1.0,0.0,0.0,0.0,-1.91,-0.44,1.0,0.0,0.0,0.0,-1.91,1.56,1.0,0.0,0.0,0.0,-1.91,3.56,1.0,0.0,0.0,0.0,-2.76,1.13,-1.0,0.0,0.0,0.0,-2.76,3.13,-1.0,0.0,0.0,0.0,-2.76,5.13,-1.0,0.0,0.0,0.0,-2.76,1.13,1.0,0.0,0.0,0.0,-2.76,3.13,1.0,0.0,0.0,0.0,-2.76,5.13,1.0,0.0,0.0,0.0,6.68,0.8491999999999935,-1.0422000000000209,0.0,-0.5800000000000249,0.5299999999999194,3.65,2.8904000000000534,1.4541999999999717,0.0,-1.4599999999997948,-0.8300000000001084,9.84,-4.3962000000001105,1.708599999999985,0.0,1.6299999999995762,-0.8900000000000574,9.84,-2.3961999999999946,1.708599999999985,0.0,1.6300000000000203,-0.8900000000000574,0,0,0,0,0,0,0,0,0,0,0,0,0,0,0,0,0,0,0,0,0,0,0,0,0,0,0,0,0,0,0,0,0,0,0,0,0,0,0,0,0,0,0,0,0,0,0,0,0,0,0,0,0,0,0,0,0,0,0,0,0,0,0,0,0,0,0,0,0,0,0,0,0,0,0,0,0,0,0,0,0,0,0,0,0,0,0,0,0,0,0,0,0,0,0,0,0,0,0,0,0,0,0,0,0,0,0,0,0,0,0,0,0,0,0,0,0,0,0,0,0,0,0,0,0,0,0,0,0,0,0,0,0,0,0,0,0,0,0,0,0,0,0,0,0,0,0,0,0,0,0,0,0,0,0,0
3.200566922,-10.0,0.0,0.0,0.0,0.0,0.0,0,0,0,0,0,0,5.0,0.0,0.0,-2.43,-5.07,-1.0,0.0,0.0,0.0,-2.43,-3.07,-1.0,0.0,0.0,0.0,-2.43,-1.07,-1.0,0.0,0.0,0.0,-2.43,-5.07,1.0,0.0,0.0,0.0,-2.43,-3.07,1.0,0.0,0.0,0.0,-2.43,-1.07,1.0,0.0,0.0,0.0,-1.91,-2.44,-1.0,0.0,0.0,0.0,-1.91,-0.44,-1.0,0.0,0.0,0.0,-1.91,1.56,-1.0,0.0,0.0,0.0,-1.91,3.56,-1.0,0.0,0.0,0.0,-1.91,-2.44,1.0,0.0,0.0,0.0,-1.91,-0.44,1.0,0.0,0.0,0.0,-1.91,1.56,1.0,0.0,0.0,0.0,-1.91,3.56,1.0,0.0,0.0,0.0,-2.76,1.13,-1.0,0.0,0.0,0.0,-2.76,3.13,-1.0,0.0,0.0,0.0,-2.76,5.13,-1.0,0.0,0.0,0.0,-2.76,1.13,1.0,0.0,0.0,0.0,-2.76,3.13,1.0,0.0,0.0,0.0,-2.76,5.13,1.0,0.0,0.0,0.0,6.68,0.8027999999999915,-0.9998000000000272,0.0,-0.5800000000000249,0.5299999999999305,3.65,2.77360000000007,1.387799999999963,0.0,-1.4599999999997948,-0.8300000000001084,9.84,-4.265800000000144,1.6373999999999804,0.0,1.6299999999995762,-0.8900000000000574,9.84,-2.265799999999993,1.6373999999999804,0.0,1.6300000000000203,-0.8900000000000574,0,0,0,0,0,0,0,0,0,0,0,0,0,0,0,0,0,0,0,0,0,0,0,0,0,0,0,0,0,0,0,0,0,0,0,0,0,0,0,0,0,0,0,0,0,0,0,0,0,0,0,0,0,0,0,0,0,0,0,0,0,0,0,0,0,0,0,0,0,0,0,0,0,0,0,0,0,0,0,0,0,0,0,0,0,0,0,0,0,0,0,0,0,0,0,0,0,0,0,0,0,0,0,0,0,0,0,0,0,0,0,0,0,0,0,0,0,0,0,0,0,0,0,0,0,0,0,0,0,0,0,0,0,0,0,0,0,0,0,0,0,0,0,0,0,0,0,0,0,0,0,0,0,0,0,0
3.301100104,-10.0,0.0,0.0,0.0,0.0,0.0,0,0,0,0,0,0,5.0,0.0,0.0,-2.43,-5.07,-1.0,0.0,0.0,0.0,-2.43,-3.07,-1.0,0.0,0.0,0.0,-2.43,-1.07,-1.0,0.0,0.0,0.0,-2.43,-5.07,1.0,0.0,0.0,0.0,-2.43,-3.07,1.0,0.0,0.0,0.0,-2.43,-1.07,1.0,0.0,0.0,0.0,-1.91,-2.44,-1.0,0.0,0.0,0.0,-1.91,-0.44,-1.0,0.0,0.0,0.0,-1.91,1.56,-1.0,0.0,0.0,0.0,-1.91,3.56,-1.0,0.0,0.0,0.0,-1.91,-2.44,1.0,0.0,0.0,0.0,-1.91,-0.44,1.0,0.0,0.0,0.0,-1.91,1.56,1.0,0.0,0.0,0.0,-1.91,3.56,1.0,0.0,0.0,0.0,-2.76,1.13,-1.0,0.0,0.0,0.0,-2.76,3.13,-1.0,0.0,0.0,0.0,-2.76,5.13,-1.0,0.0,0.0,0.0,-2.76,1.13,1.0,0.0,0.0,0.0,-2.76,3.13,1.0,0.0,0.0,0.0,-2.76,5.13,1.0,0.0,0.0,0.0,6.68,0.7563999999999895,-0.9574000000000248,0.0,-0.5800000000000249,0.5300000000000304,3.65,2.656800000000086,1.3213999999999544,0.0,-1.4599999999997948,-0.8300000000001084,9.84,-4.135400000000178,1.5661999999999758,0.0,1.6299999999995762,-0.8900000000000574,9.84,-2.1353999999999913,1.5661999999999758,0.0,1.6300000000000203,-0.8900000000000574,0,0,0,0,0,0,0,0,0,0,0,0,0,0,0,0,0,0,0,0,0,0,0,0,0,0,0,0,0,0,0,0,0,0,0,0,0,0,0,0,0,0,0,0,0,0,0,0,0,0,0,0,0,0,0,0,0,0,0,0,0,0,0,0,0,0,0,0,0,0,0,0,0,0,0,0,0,0,0,0,0,0,0,0,0,0,0,0,0,0,0,0,0,0,0,0,0,0,0,0,0,0,0,0,0,0,0,0,0,0,0,0,0,0,0,0,0,0,0,0,0,0,0,0,0,0,0,0,0,0,0,0,0,0,0,0,0,0,0,0,0,0,0,0,0,0,0,0,0,0,0,0,0,0,0,0
3.40174187,-10.0,0.0,0.0,0.0,0.0,0.0,0,0,0,0,0,0,5.0,0.0,0.0,-2.43,-5.07,-1.0,0.0,0.0,0.0,-2.43,-3.07,-1.0,0.0,0.0,0.0,-2.43,-1.07,-1.0,0.0,0.0,0.0,-2.43,-5.07,1.0,0.0,0.0,0.0,-2.43,-3.07,1.0,0.0,0.0,0.0,-2.43,-1.07,1.0,0.0,0.0,0.0,-1.91,-2.44,-1.0,0.0,0.0,0.0,-1.91,-0.44,-1.0,0.0,0.0,0.0,-1.91,1.56,-1.0,0.0,0.0,0.0,-1.91,3.56,-1.0,0.0,0.0,0.0,-1.91,-2.44,1.0,0.0,0.0,0.0,-1.91,-0.44,1.0,0.0,0.0,0.0,-1.91,1.56,1.0,0.0,0.0,0.0,-1.91,3.56,1.0,0.0,0.0,0.0,-2.76,1.13,-1.0,0.0,0.0,0.0,-2.76,3.13,-1.0,0.0,0.0,0.0,-2.76,5.13,-1.0,0.0,0.0,0.0,-2.76,1.13,1.0,0.0,0.0,0.0,-2.76,3.13,1.0,0.0,0.0,0.0,-2.76,5.13,1.0,0.0,0.0,0.0,6.68,0.7099999999999875,-0.9150000000000224,0.0,-0.5800000000000249,0.5300000000000304,3.65,2.5400000000001026,1.2549999999999457,0.0,-1.4599999999997948,-0.8300000000001084,9.84,-4.005000000000212,1.4949999999999712,0.0,1.6299999999995762,-0.8900000000000574,9.84,-2.0049999999999897,1.4949999999999712,0.0,1.6300000000000203,-0.8900000000000574,0,0,0,0,0,0,0,0,0,0,0,0,0,0,0,0,0,0,0,0,0,0,0,0,0,0,0,0,0,0,0,0,0,0,0,0,0,0,0,0,0,0,0,0,0,0,0,0,0,0,0,0,0,0,0,0,0,0,0,0,0,0,0,0,0,0,0,0,0,0,0,0,0,0,0,0,0,0,0,0,0,0,0,0,0,0,0,0,0,0,0,0,0,0,0,0,0,0,0,0,0,0,0,0,0,0,0,0,0,0,0,0,0,0,0,0,0,0,0,0,0,0,0,0,0,0,0,0,0,0,0,0,0,0,0,0,0,0,0,0,0,0,0,0,0,0,0,0,0,0,0,0,0,0,0,0
3.500540377,-10.0,0.0,0.0,0.0,0.0,0.0,0,0,0,0,0,0,5.0,0.0,0.0,-2.43,-5.07,-1.0,0.0,0.0,0.0,-2.43,-3.07,-1.0,0.0,0.0,0.0,-2.43,-1.07,-1.0,0.0,0.0,0.0,-2.43,-5.07,1.0,0.0,0.0,0.0,-2.43,-3.07,1.0,0.0,0.0,0.0,-2.43,-1.07,1.0,0.0,0.0,0.0,-1.91,-2.44,-1.0,0.0,0.0,0.0,-1.91,-0.44,-1.0,0.0,0.0,0.0,-1.91,1.56,-1.0,0.0,0.0,0.0,-1.91,3.56,-1.0,0.0,0.0,0.0,-1.91,-2.44,1.0,0.0,0.0,0.0,-1.91,-0.44,1.0,0.0,0.0,0.0,-1.91,1.56,1.0,0.0,0.0,0.0,-1.91,3.56,1.0,0.0,0.0,0.0,-2.76,1.13,-1.0,0.0,0.0,0.0,-2.76,3.13,-1.0,0.0,0.0,0.0,-2.76,5.13,-1.0,0.0,0.0,0.0,-2.76,1.13,1.0,0.0,0.0,0.0,-2.76,3.13,1.0,0.0,0.0,0.0,-2.76,5.13,1.0,0.0,0.0,0.0,6.68,0.6635999999999855,-0.8726000000000199,0.0,-0.5800000000000249,0.5300000000000304,3.65,2.423200000000119,1.188599999999937,0.0,-1.4599999999997948,-0.8300000000001084,9.84,-3.874600000000212,1.4237999999999666,0.0,1.6300000000000203,-0.8900000000000574,9.84,-1.874599999999988,1.4237999999999666,0.0,1.6300000000000203,-0.8900000000000574,0,0,0,0,0,0,0,0,0,0,0,0,0,0,0,0,0,0,0,0,0,0,0,0,0,0,0,0,0,0,0,0,0,0,0,0,0,0,0,0,0,0,0,0,0,0,0,0,0,0,0,0,0,0,0,0,0,0,0,0,0,0,0,0,0,0,0,0,0,0,0,0,0,0,0,0,0,0,0,0,0,0,0,0,0,0,0,0,0,0,0,0,0,0,0,0,0,0,0,0,0,0,0,0,0,0,0,0,0,0,0,0,0,0,0,0,0,0,0,0,0,0,0,0,0,0,0,0,0,0,0,0,0,0,0,0,0,0,0,0,0,0,0,0,0,0,0,0,0,0,0,0,0,0,0,0
3.601608828,-10.0,0.0,0.0,0.0,0.0,0.0,0,0,0,0,0,0,5.0,0.0,0.0,-2.43,-5.07,-1.0,0.0,0.0,0.0,-2.43,-3.07,-1.0,0.0,0.0,0.0,-2.43,-1.07,-1.0,0.0,0.0,0.0,-2.43,-5.07,1.0,0.0,0.0,0.0,-2.43,-3.07,1.0,0.0,0.0,0.0,-2.43,-1.07,1.0,0.0,0.0,0.0,-1.91,-2.44,-1.0,0.0,0.0,0.0,-1.91,-0.44,-1.0,0.0,0.0,0.0,-1.91,1.56,-1.0,0.0,0.0,0.0,-1.91,3.56,-1.0,0.0,0.0,0.0,-1.91,-2.44,1.0,0.0,0.0,0.0,-1.91,-0.44,1.0,0.0,0.0,0.0,-1.91,1.56,1.0,0.0,0.0,0.0,-1.91,3.56,1.0,0.0,0.0,0.0,-2.76,1.13,-1.0,0.0,0.0,0.0,-2.76,3.13,-1.0,0.0,0.0,0.0,-2.76,5.13,-1.0,0.0,0.0,0.0,-2.76,1.13,1.0,0.0,0.0,0.0,-2.76,3.13,1.0,0.0,0.0,0.0,-2.76,5.13,1.0,0.0,0.0,0.0,6.68,0.6171999999999835,-0.8302000000000175,0.0,-0.5800000000000249,0.5300000000000304,3.65,2.3064000000001355,1.1221999999999284,0.0,-1.4599999999997948,-0.8300000000001084,9.84,-3.7442000000002102,1.352599999999962,0.0,1.6300000000000203,-0.8900000000000574,9.84,-1.7441999999999864,1.352599999999962,0.0,1.6300000000000203,-0.8900000000000574,0,0,0,0,0,0,0,0,0,0,0,0,0,0,0,0,0,0,0,0,0,0,0,0,0,0,0,0,0,0,0,0,0,0,0,0,0,0,0,0,0,0,0,0,0,0,0,0,0,0,0,0,0,0,0,0,0,0,0,0,0,0,0,0,0,0,0,0,0,0,0,0,0,0,0,0,0,0,0,0,0,0,0,0,0,0,0,0,0,0,0,0,0,0,0,0,0,0,0,0,0,0,0,0,0,0,0,0,0,0,0,0,0,0,0,0,0,0,0,0,0,0,0,0,0,0,0,0,0,0,0,0,0,0,0,0,0,0,0,0,0,0,0,0,0,0,0,0,0,0,0,0,0,0,0,0
3.701050471,-10.0,0.0,0.0,0.0,0.0,0.0,0,0,0,0,0,0,5.0,0.0,0.0,-2.43,-5.07,-1.0,0.0,0.0,0.0,-2.43,-3.07,-1.0,0.0,0.0,0.0,-2.43,-1.07,-1.0,0.0,0.0,0.0,-2.43,-5.07,1.0,0.0,0.0,0.0,-2.43,-3.07,1.0,0.0,0.0,0.0,-2.43,-1.07,1.0,0.0,0.0,0.0,-1.91,-2.44,-1.0,0.0,0.0,0.0,-1.91,-0.44,-1.0,0.0,0.0,0.0,-1.91,1.56,-1.0,0.0,0.0,0.0,-1.91,3.56,-1.0,0.0,0.0,0.0,-1.91,-2.44,1.0,0.0,0.0,0.0,-1.91,-0.44,1.0,0.0,0.0,0.0,-1.91,1.56,1.0,0.0,0.0,0.0,-1.91,3.56,1.0,0.0,0.0,0.0,-2.76,1.13,-1.0,0.0,0.0,0.0,-2.76,3.13,-1.0,0.0,0.0,0.0,-2.76,5.13,-1.0,0.0,0.0,0.0,-2.76,1.13,1.0,0.0,0.0,0.0,-2.76,3.13,1.0,0.0,0.0,0.0,-2.76,5.13,1.0,0.0,0.0,0.0,6.68,0.5707999999999815,-0.787800000000015,0.0,-0.5800000000000249,0.5300000000000304,3.65,2.189600000000152,1.0557999999999197,0.0,-1.4599999999997948,-0.8300000000001084,9.84,-3.6138000000002086,1.2813999999999575,0.0,1.6300000000000203,-0.8900000000000574,9.84,-1.6137999999999848,1.2813999999999575,0.0,1.6300000000000203,-0.8900000000000574,0,0,0,0,0,0,0,0,0,0,0,0,0,0,0,0,0,0,0,0,0,0,0,0,0,0,0,0,0,0,0,0,0,0,0,0,0,0,0,0,0,0,0,0,0,0,0,0,0,0,0,0,0,0,0,0,0,0,0,0,0,0,0,0,0,0,0,0,0,0,0,0,0,0,0,0,0,0,0,0,0,0,0,0,0,0,0,0,0,0,0,0,0,0,0,0,0,0,0,0,0,0,0,0,0,0,0,0,0,0,0,0,0,0,0,0,0,0,0,0,0,0,0,0,0,0,0,0,0,0,0,0,0,0,0,0,0,0,0,0,0,0,0,0,0,0,0,0,0,0,0,0,0,0,0,0
3.800689296,-10.0,0.0,0.0,0.0,0.0,0.0,0,0,0,0,0,0,5.0,0.0,0.0,-2.43,-5.07,-1.0,0.0,0.0,0.0,-2.43,-3.07,-1.0,0.0,0.0,0.0,-2.43,-1.07,-1.0,0.0,0.0,0.0,-2.43,-5.07,1.0,0.0,0.0,0.0,-2.43,-3.07,1.0,0.0,0.0,0.0,-2.43,-1.07,1.0,0.0,0.0,0.0,-1.91,-2.44,-1.0,0.0,0.0,0.0,-1.91,-0.44,-1.0,0.0,0.0,0.0,-1.91,1.56,-1.0,0.0,0.0,0.0,-1.91,3.56,-1.0,0.0,0.0,0.0,-1.91,-2.44,1.0,0.0,0.0,0.0,-1.91,-0.44,1.0,0.0,0.0,0.0,-1.91,1.56,1.0,0.0,0.0,0.0,-1.91,3.56,1.0,0.0,0.0,0.0,-2.76,1.13,-1.0,0.0,0.0,0.0,-2.76,3.13,-1.0,0.0,0.0,0.0,-2.76,5.13,-1.0,0.0,0.0,0.0,-2.76,1.13,1.0,0.0,0.0,0.0,-2.76,3.13,1.0,0.0,0.0,0.0,-2.76,5.13,1.0,0.0,0.0,0.0,6.68,0.5243999999999795,-0.7454000000000126,0.0,-0.5800000000000249,0.5300000000000304,3.65,2.0728000000001683,0.9893999999999125,0.0,-1.4599999999997948,-0.8299999999999974,9.84,-3.483400000000207,1.2101999999999529,0.0,1.6300000000000203,-0.8900000000000574,9.84,-1.4833999999999832,1.2101999999999529,0.0,1.6300000000000203,-0.8900000000000574,0,0,0,0,0,0,0,0,0,0,0,0,0,0,0,0,0,0,0,0,0,0,0,0,0,0,0,0,0,0,0,0,0,0,0,0,0,0,0,0,0,0,0,0,0,0,0,0,0,0,0,0,0,0,0,0,0,0,0,0,0,0,0,0,0,0,0,0,0,0,0,0,0,0,0,0,0,0,0,0,0,0,0,0,0,0,0,0,0,0,0,0,0,0,0,0,0,0,0,0,0,0,0,0,0,0,0,0,0,0,0,0,0,0,0,0,0,0,0,0,0,0,0,0,0,0,0,0,0,0,0,0,0,0,0,0,0,0,0,0,0,0,0,0,0,0,0,0,0,0,0,0,0,0,0,0
3.901257131,-10.0,0.0,0.0,0.0,0.0,0.0,0,0,0,0,0,0,5.0,0.0,0.0,-2.43,-5.07,-1.0,0.0,0.0,0.0,-2.43,-3.07,-1.0,0.0,0.0,0.0,-2.43,-1.07,-1.0,0.0,0.0,0.0,-2.43,-5.07,1.0,0.0,0.0,0.0,-2.43,-3.07,1.0,0.0,0.0,0.0,-2.43,-1.07,1.0,0.0,0.0,0.0,-1.91,-2.44,-1.0,0.0,0.0,0.0,-1.91,-0.44,-1.0,0.0,0.0,0.0,-1.91,1.56,-1.0,0.0,0.0,0.0,-1.91,3.56,-1.0,0.0,0.0,0.0,-1.91,-2.44,1.0,0.0,0.0,0.0,-1.91,-0.44,1.0,0.0,0.0,0.0,-1.91,1.56,1.0,0.0,0.0,0.0,-1.91,3.56,1.0,0.0,0.0,0.0,-2.76,1.13,-1.0,0.0,0.0,0.0,-2.76,3.13,-1.0,0.0,0.0,0.0,-2.76,5.13,-1.0,0.0,0.0,0.0,-2.76,1.13,1.0,0.0,0.0,0.0,-2.76,3.13,1.0,0.0,0.0,0.0,-2.76,5.13,1.0,0.0,0.0,0.0,6.68,0.47799999999997755,-0.7030000000000102,0.0,-0.5800000000000249,0.5300000000000304,3.65,1.9560000000001778,0.9229999999999127,0.0,-1.4600000000000168,-0.8299999999999974,9.84,-3.3530000000002054,1.1389999999999483,0.0,1.6300000000000203,-0.8900000000000574,9.84,-1.3529999999999816,1.1389999999999483,0.0,1.6300000000000203,-0.8900000000000574,0,0,0,0,0,0,0,0,0,0,0,0,0,0,0,0,0,0,0,0,0,0,0,0,0,0,0,0,0,0,0,0,0,0,0,0,0,0,0,0,0,0,0,0,0,0,0,0,0,0,0,0,0,0,0,0,0,0,0,0,0,0,0,0,0,0,0,0,0,0,0,0,0,0,0,0,0,0,0,0,0,0,0,0,0,0,0,0,0,0,0,0,0,0,0,0,0,0,0,0,0,0,0,0,0,0,0,0,0,0,0,0,0,0,0,0,0,0,0,0,0,0,0,0,0,0,0,0,0,0,0,0,0,0,0,0,0,0,0,0,0,0,0,0,0,0,0,0,0,0,0,0,0,0,0,0
4.001071286,-10.0,0.0,0.0,0.0,0.0,0.0,0,0,0,0,0,0,5.0,0.0,0.0,-2.43,-5.07,-1.0,0.0,0.0,0.0,-2.43,-3.07,-1.0,0.0,0.0,0.0,-2.43,-1.07,-1.0,0.0,0.0,0.0,-2.43,-5.07,1.0,0.0,0.0,0.0,-2.43,-3.07,1.0,0.0,0.0,0.0,-2.43,-1.07,1.0,0.0,0.0,0.0,-1.91,-2.44,-1.0,0.0,0.0,0.0,-1.91,-0.44,-1.0,0.0,0.0,0.0,-1.91,1.56,-1.0,0.0,0.0,0.0,-1.91,3.56,-1.0,0.0,0.0,0.0,-1.91,-2.44,1.0,0.0,0.0,0.0,-1.91,-0.44,1.0,0.0,0.0,0.0,-1.91,1.56,1.0,0.0,0.0,0.0,-1.91,3.56,1.0,0.0,0.0,0.0,-2.76,1.13,-1.0,0.0,0.0,0.0,-2.76,3.13,-1.0,0.0,0.0,0.0,-2.76,5.13,-1.0,0.0,0.0,0.0,-2.76,1.13,1.0,0.0,0.0,0.0,-2.76,3.13,1.0,0.0,0.0,0.0,-2.76,5.13,1.0,0.0,0.0,0.0,6.68,0.41999999999997506,-0.6500000000000071,0.0,-0.5800000000000249,0.5300000000000304,3.65,1.8100000000001761,0.8399999999999129,0.0,-1.4600000000000168,-0.8299999999999974,9.84,-3.1900000000002033,1.0499999999999425,0.0,1.6300000000000203,-0.8900000000000574,9.84,-1.1899999999999795,1.0499999999999425,0.0,1.6300000000000203,-0.8900000000000574,0,0,0,0,0,0,0,0,0,0,0,0,0,0,0,0,0,0,0,0,0,0,0,0,0,0,0,0,0,0,0,0,0,0,0,0,0,0,0,0,0,0,0,0,0,0,0,0,0,0,0,0,0,0,0,0,0,0,0,0,0,0,0,0,0,0,0,0,0,0,0,0,0,0,0,0,0,0,0,0,0,0,0,0,0,0,0,0,0,0,0,0,0,0,0,0,0,0,0,0,0,0,0,0,0,0,0,0,0,0,0,0,0,0,0,0,0,0,0,0,0,0,0,0,0,0,0,0,0,0,0,0,0,0,0,0,0,0,0,0,0,0,0,0,0,0,0,0,0,0,0,0,0,0,0,0
4.100523175,-10.0,0.0,0.0,0.0,0.0,0.0,0.1,0.1,0.1,2.9896511963070207,2.8654252916978926,2.459420667319904,5.0,0.0,0.0,-2.43,-5.07,-1.0,0.0,0.0,0.0,-2.43,-3.07,-1.0,0.0,0.0,0.0,-2.43,-1.07,-1.0,0.0,0.0,0.0,-2.43,-5.07,1.0,0.0,0.0,0.0,-2.43,-3.07,1.0,0.0,0.0,0.0,-2.43,-1.07,1.0,0.0,0.0,0.0,-1.91,-2.44,-1.0,0.0,0.0,0.0,-1.91,-0.44,-1.0,0.0,0.0,0.0,-1.91,1.56,-1.0,0.0,0.0,0.0,-1.91,3.56,-1.0,0.0,0.0,0.0,-1.91,-2.44,1.0,0.0,0.0,0.0,-1.91,-0.44,1.0,0.0,0.0,0.0,-1.91,1.56,1.0,0.0,0.0,0.0,-1.91,3.56,1.0,0.0,0.0,0.0,-2.76,1.13,-1.0,0.0,0.0,0.0,-2.76,3.13,-1.0,0.0,0.0,0.0,-2.76,5.13,-1.0,0.0,0.0,0.0,-2.76,1.13,1.0,0.0,0.0,0.0,-2.76,3.13,1.0,0.0,0.0,0.0,-2.76,5.13,1.0,0.0,0.0,0.0,6.68,0.37359999999997306,-0.6076000000000047,0.0,-0.5800000000000249,0.5300000000000304,3.65,1.6932000000001748,0.7735999999999131,0.0,-1.4600000000000168,-0.8299999999999974,9.84,-3.0596000000002017,0.9787999999999406,0.0,1.6300000000000203,-0.8899999999999466,9.84,-1.059599999999978,0.9787999999999406,0.0,1.6300000000000203,-0.8899999999999466,0,0,0,0,0,0,0,0,0,0,0,0,0,0,0,0,0,0,0,0,0,0,0,0,0,0,0,0,0,0,0,0,0,0,0,0,0,0,0,0,0,0,0,0,0,0,0,0,0,0,0,0,0,0,0,0,0,0,0,0,0,0,0,0,0,0,0,0,0,0,0,0,0,0,0,0,0,0,0,0,0,0,0,0,0,0,0,0,0,0,0,0,0,0,0,0,0,0,0,0,0,0,0,0,0,0,0,0,0,0,0,0,0,0,0,0,0,0,0,0,0,0,0,0,0,0,0,0,0,0,0,0,0,0,0,0,0,0,0,0,0,0,0,0,0,0,0,0,0,0,0,0,0,0,0,0
4.201493929,-9.99111300000002,0.008887000000000003,0.008887000000000003,0.10869999999982838,0.10869999999999953,0.10869999999999953,0.187,0.187,0.187,3.0860943809723573,2.6565557868265723,2.7952799603338936,4.999999908850393,-0.0006750911249966772,-0.0006750911249966772,-2.43,-5.07,-1.0,0.0,0.0,0.0,-2.43,-3.07,-1.0,0.0,0.0,0.0,-2.43,-1.07,-1.0,0.0,0.0,0.0,-2.43,-5.07,1.0,0.0,0.0,0.0,-2.43,-3.07,1.0,0.0,0.0,0.0,-2.43,-1.07,1.0,0.0,0.0,0.0,-1.91,-2.44,-1.0,0.0,0.0,0.0,-1.91,-0.44,-1.0,0.0,0.0,0.0,-1.91,1.56,-1.0,0.0,0.0,0.0,-1.91,3.56,-1.0,0.0,0.0,0.0,-1.91,-2.44,1.0,0.0,0.0,0.0,-1.91,-0.44,1.0,0.0,0.0,0.0,-1.91,1.56,1.0,0.0,0.0,0.0,-1.91,3.56,1.0,0.0,0.0,0.0,-2.76,1.13,-1.0,0.0,0.0,0.0,-2.76,3.13,-1.0,0.0,0.0,0.0,-2.76,5.13,-1.0,0.0,0.0,0.0,-2.76,1.13,1.0,0.0,0.0,0.0,-2.76,3.13,1.0,0.0,0.0,0.0,-2.76,5.13,1.0,0.0,0.0,0.0,6.68,0.31559999999997057,-0.5546000000000016,0.0,-0.5800000000000249,0.5300000000000304,3.65,1.547200000000173,0.6905999999999134,0.0,-1.4600000000000168,-0.8299999999999974,9.84,-2.8966000000001997,0.889799999999946,0.0,1.6300000000000203,-0.8899999999999466,9.84,-0.8965999999999759,0.889799999999946,0.0,1.6300000000000203,-0.8899999999999466,0,0,0,0,0,0,0,0,0,0,0,0,0,0,0,0,0,0,0,0,0,0,0,0,0,0,0,0,0,0,0,0,0,0,0,0,0,0,0,0,0,0,0,0,0,0,0,0,0,0,0,0,0,0,0,0,0,0,0,0,0,0,0,0,0,0,0,0,0,0,0,0,0,0,0,0,0,0,0,0,0,0,0,0,0,0,0,0,0,0,0,0,0,0,0,0,0,0,0,0,0,0,0,0,0,0,0,0,0,0,0,0,0,0,0,0,0,0,0,0,0,0,0,0,0,0,0,0,0,0,0,0,0,0,0,0,0,0,0,0,0,0,0,0,0,0,0,0,0,0,0,0,0,0,0,0
4.300926339,-9.97615299999999,0.023846999999999976,0.023846999999999976,0.1870000000003813,0.18699999999999964,0.18699999999999964,0.187,0.187,0.187,3.0860943809723573,2.6565557868265723,2.7952799603338936,4.99999730079192,-0.003673695245290517,-0.003673695245290517,-2.43,-5.07,-1.0,0.0,0.0,0.0,-2.43,-3.07,-1.0,0.0,0.0,0.0,-2.43,-1.07,-1.0,0.0,0.0,0.0,-2.43,-5.07,1.0,0.0,0.0,0.0,-2.43,-3.07,1.0,0.0,0.0,0.0,-2.43,-1.07,1.0,0.0,0.0,0.0,-1.91,-2.44,-1.0,0.0,0.0,0.0,-1.91,-0.44,-1.0,0.0,0.0,0.0,-1.91,1.56,-1.0,0.0,0.0,0.0,-1.91,3.56,-1.0,0.0,0.0,0.0,-1.91,-2.44,1.0,0.0,0.0,0.0,-1.91,-0.44,1.0,0.0,0.0,0.0,-1.91,1.56,1.0,0.0,0.0,0.0,-1.91,3.56,1.0,0.0,0.0,0.0,-2.76,1.13,-1.0,0.0,0.0,0.0,-2.76,3.13,-1.0,0.0,0.0,0.0,-2.76,5.13,-1.0,0.0,0.0,0.0,-2.76,1.13,1.0,0.0,0.0,0.0,-2.76,3.13,1.0,0.0,0.0,0.0,-2.76,5.13,1.0,0.0,0.0,0.0,6.68,0.2691999999999686,-0.5121999999999992,0.0,-0.5800000000000249,0.5300000000000304,3.65,1.4304000000001718,0.6241999999999136,0.0,-1.4600000000000168,-0.8299999999999974,9.84,-2.766200000000198,0.8185999999999503,0.0,1.6300000000000203,-0.8899999999999466,9.84,-0.7661999999999742,0.8185999999999503,0.0,1.6300000000000203,-0.8899999999999466,0,0,0,0,0,0,0,0,0,0,0,0,0,0,0,0,0,0,0,0,0,0,0,0,0,0,0,0,0,0,0,0,0,0,0,0,0,0,0,0,0,0,0,0,0,0,0,0,0,0,0,0,0,0,0,0,0,0,0,0,0,0,0,0,0,0,0,0,0,0,0,0,0,0,0,0,0,0,0,0,0,0,0,0,0,0,0,0,0,0,0,0,0,0,0,0,0,0,0,0,0,0,0,0,0,0,0,0,0,0,0,0,0,0,0,0,0,0,0,0,0,0,0,0,0,0,0,0,0,0,0,0,0,0,0,0,0,0,0,0,0,0,0,0,0,0,0,0,0,0,0,0,0,0,0,0
4.401044527,-9.954920999999992,0.045079,0.045079,0.2849999999998687,0.28500000000000053,0.28500000000000053,0.36000000000000004,0.36000000000000004,0.36000000000000004,3.178910341731763,2.3735948796423783,2.947514619406326,4.999986013901853,-0.008362439412498975,-0.008362439412498975,-2.43,-5.07,-1.0,0.0,0.0,0.0,-2.43,-3.07,-1.0,0.0,0.0,0.0,-2.43,-1.07,-1.0,0.0,0.0,0.0,-2.43,-5.07,1.0,0.0,0.0,0.0,-2.43,-3.07,1.0,0.0,0.0,0.0,-2.43,-1.07,1.0,0.0,0.0,0.0,-1.91,-2.44,-1.0,0.0,0.0,0.0,-1.91,-0.44,-1.0,0.0,0.0,0.0,-1.91,1.56,-1.0,0.0,0.0,0.0,-1.91,3.56,-1.0,0.0,0.0,0.0,-1.91,-2.44,1.0,0.0,0.0,0.0,-1.91,-0.44,1.0,0.0,0.0,0.0,-1.91,1.56,1.0,0.0,0.0,0.0,-1.91,3.56,1.0,0.0,0.0,0.0,-2.76,1.13,-1.0,0.0,0.0,0.0,-2.76,3.13,-1.0,0.0,0.0,0.0,-2.76,5.13,-1.0,0.0,0.0,0.0,-2.76,1.13,1.0,0.0,0.0,0.0,-2.76,3.13,1.0,0.0,0.0,0.0,-2.76,5.13,1.0,0.0,0.0,0.0,6.68,0.22279999999996788,-0.46979999999999994,0.0,-0.5799999999999973,0.5299999999999748,3.65,1.3136000000001704,0.5577999999999138,0.0,-1.4600000000000168,-0.8299999999999974,9.84,-2.6358000000001964,0.7473999999999545,0.0,1.6300000000000203,-0.8899999999999466,9.84,-0.6357999999999726,0.7473999999999545,0.0,1.6300000000000203,-0.8899999999999466,0,0,0,0,0,0,0,0,0,0,0,0,0,0,0,0,0,0,0,0,0,0,0,0,0,0,0,0,0,0,0,0,0,0,0,0,0,0,0,0,0,0,0,0,0,0,0,0,0,0,0,0,0,0,0,0,0,0,0,0,0,0,0,0,0,0,0,0,0,0,0,0,0,0,0,0,0,0,0,0,0,0,0,0,0,0,0,0,0,0,0,0,0,0,0,0,0,0,0,0,0,0,0,0,0,0,0,0,0,0,0,0,0,0,0,0,0,0,0,0,0,0,0,0,0,0,0,0,0,0,0,0,0,0,0,0,0,0,0,0,0,0,0,0,0,0,0,0,0,0,0,0,0,0,0,0
4.500544847,-9.919820999999942,0.08017899999999994,0.08017899999999994,0.3600000000005821,0.35999999999999927,0.35999999999999927,0.45100000000000007,0.45100000000000007,0.45100000000000007,3.3375840600687057,3.0751423634080672,1.77453288683548,4.999953050642017,-0.015321412721853476,-0.015321412721853476,-2.43,-5.07,-1.0,0.0,0.0,0.0,-2.43,-3.07,-1.0,0.0,0.0,0.0,-2.43,-1.07,-1.0,0.0,0.0,0.0,-2.43,-5.07,1.0,0.0,0.0,0.0,-2.43,-3.07,1.0,0.0,0.0,0.0,-2.43,-1.07,1.0,0.0,0.0,0.0,-1.91,-2.44,-1.0,0.0,0.0,0.0,-1.91,-0.44,-1.0,0.0,0.0,0.0,-1.91,1.56,-1.0,0.0,0.0,0.0,-1.91,3.56,-1.0,0.0,0.0,0.0,-1.91,-2.44,1.0,0.0,0.0,0.0,-1.91,-0.44,1.0,0.0,0.0,0.0,-1.91,1.56,1.0,0.0,0.0,0.0,-1.91,3.56,1.0,0.0,0.0,0.0,-2.76,1.13,-1.0,0.0,0.0,0.0,-2.76,3.13,-1.0,0.0,0.0,0.0,-2.76,5.13,-1.0,0.0,0.0,0.0,-2.76,1.13,1.0,0.0,0.0,0.0,-2.76,3.13,1.0,0.0,0.0,0.0,-2.76,5.13,1.0,0.0,0.0,0.0,6.68,0.16479999999996817,-0.41680000000000245,0.0,-0.5799999999999973,0.5299999999999748,3.65,1.1676000000001687,0.47479999999991407,0.0,-1.4600000000000168,-0.8299999999999974,9.84,-2.4728000000001944,0.6583999999999599,0.0,1.6300000000000203,-0.8899999999999466,9.84,-0.4727999999999706,0.6583999999999599,0.0,1.6300000000000203,-0.8899999999999466,0,0,0,0,0,0,0,0,0,0,0,0,0,0,0,0,0,0,0,0,0,0,0,0,0,0,0,0,0,0,0,0,0,0,0,0,0,0,0,0,0,0,0,0,0,0,0,0,0,0,0,0,0,0,0,0,0,0,0,0,0,0,0,0,0,0,0,0,0,0,0,0,0,0,0,0,0,0,0,0,0,0,0,0,0,0,0,0,0,0,0,0,0,0,0,0,0,0,0,0,0,0,0,0,0,0,0,0,0,0,0,0,0,0,0,0,0,0,0,0,0,0,0,0,0,0,0,0,0,0,0,0,0,0,0,0,0,0,0,0,0,0,0,0,0,0,0,0,0,0,0,0,0,0,0,0
4.600816158,-9.883922999999943,0.11607700000000049,0.11607700000000049,0.4509999999999792,0.45100000000000684,0.45100000000000684,0.45100000000000007,0.45100000000000007,0.45100000000000007,3.4211203945346615,1.3423749223436996,3.3048803224543355,4.99988748333645,-0.023718705439998673,-0.023718705439998673,-2.43,-5.07,-1.0,0.0,0.0,0.0,-2.43,-3.07,-1.0,0.0,0.0,0.0,-2.43,-1.07,-1.0,0.0,0.0,0.0,-2.43,-5.07,1.0,0.0,0.0,0.0,-2.43,-3.07,1.0,0.0,0.0,0.0,-2.43,-1.07,1.0,0.0,0.0,0.0,-1.91,-2.44,-1.0,0.0,0.0,0.0,-1.91,-0.44,-1.0,0.0,0.0,0.0,-1.91,1.56,-1.0,0.0,0.0,0.0,-1.91,3.56,-1.0,0.0,0.0,0.0,-1.91,-2.44,1.0,0.0,0.0,0.0,-1.91,-0.44,1.0,0.0,0.0,0.0,-1.91,1.56,1.0,0.0,0.0,0.0,-1.91,3.56,1.0,0.0,0.0,0.0,-2.76,1.13,-1.0,0.0,0.0,0.0,-2.76,3.13,-1.0,0.0,0.0,0.0,-2.76,5.13,-1.0,0.0,0.0,0.0,-2.76,1.13,1.0,0.0,0.0,0.0,-2.76,3.13,1.0,0.0,0.0,0.0,-2.76,5.13,1.0,0.0,0.0,0.0,6.68,0.11839999999996839,-0.37440000000000445,0.0,-0.5799999999999973,0.5299999999999748,3.65,1.0508000000001674,0.4083999999999143,0.0,-1.4600000000000168,-0.8299999999999974,9.84,-2.3424000000001928,0.5871999999999642,0.0,1.6300000000000203,-0.8899999999999466,9.84,-0.34239999999996895,0.5871999999999642,0.0,1.6300000000000203,-0.8899999999999466,0,0,0,0,0,0,0,0,0,0,0,0,0,0,0,0,0,0,0,0,0,0,0,0,0,0,0,0,0,0,0,0,0,0,0,0,0,0,0,0,0,0,0,0,0,0,0,0,0,0,0,0,0,0,0,0,0,0,0,0,0,0,0,0,0,0,0,0,0,0,0,0,0,0,0,0,0,0,0,0,0,0,0,0,0,0,0,0,0,0,0,0,0,0,0,0,0,0,0,0,0,0,0,0,0,0,0,0,0,0,0,0,0,0,0,0,0,0,0,0,0,0,0,0,0,0,0,0,0,0,0,0,0,0,0,0,0,0,0,0,0,0,0,0,0,0,0,0,0,0,0,0,0,0,0,0
4.700865086,-9.841812999999934,0.1581870000000014,0.1581870000000014,0.5410000000001247,0.5410000000000137,0.5410000000000137,0.625,0.625,0.625,3.5311666371189783,2.5708720474194897,2.1872661779519587,4.999769358259018,-0.03395853511427522,-0.03395853511427522,-2.43,-5.07,-1.0,0.0,0.0,0.0,-2.43,-3.07,-1.0,0.0,0.0,0.0,-2.43,-1.07,-1.0,0.0,0.0,0.0,-2.43,-5.07,1.0,0.0,0.0,0.0,-2.43,-3.07,1.0,0.0,0.0,0.0,-2.43,-1.07,1.0,0.0,0.0,0.0,-1.91,-2.44,-1.0,0.0,0.0,0.0,-1.91,-0.44,-1.0,0.0,0.0,0.0,-1.91,1.56,-1.0,0.0,0.0,0.0,-1.91,3.56,-1.0,0.0,0.0,0.0,-1.91,-2.44,1.0,0.0,0.0,0.0,-1.91,-0.44,1.0,0.0,0.0,0.0,-1.91,1.56,1.0,0.0,0.0,0.0,-1.91,3.56,1.0,0.0,0.0,0.0,-2.76,1.13,-1.0,0.0,0.0,0.0,-2.76,3.13,-1.0,0.0,0.0,0.0,-2.76,5.13,-1.0,0.0,0.0,0.0,-2.76,1.13,1.0,0.0,0.0,0.0,-2.76,3.13,1.0,0.0,0.0,0.0,-2.76,5.13,1.0,0.0,0.0,0.0,6.68,0.07199999999996862,-0.33200000000000646,0.0,-0.5799999999999973,0.5299999999999748,3.65,0.934000000000166,0.3419999999999145,0.0,-1.4600000000000168,-0.8299999999999974,9.84,-2.212000000000191,0.5159999999999685,0.0,1.6300000000000203,-0.8899999999999466,9.84,-0.211999999999968,0.5159999999999685,0.0,1.6299999999999923,-0.8899999999999466,0,0,0,0,0,0,0,0,0,0,0,0,0,0,0,0,0,0,0,0,0,0,0,0,0,0,0,0,0,0,0,0,0,0,0,0,0,0,0,0,0,0,0,0,0,0,0,0,0,0,0,0,0,0,0,0,0,0,0,0,0,0,0,0,0,0,0,0,0,0,0,0,0,0,0,0,0,0,0,0,0,0,0,0,0,0,0,0,0,0,0,0,0,0,0,0,0,0,0,0,0,0,0,0,0,0,0,0,0,0,0,0,0,0,0,0,0,0,0,0,0,0,0,0,0,0,0,0,0,0,0,0,0,0,0,0,0,0,0,0,0,0,0,0,0,0,0,0,0,0,0,0,0,0,0,0
4.803680673,-9.78074099999998,0.21925900000000054,0.21925900000000054,0.6249999999994316,0.6249999999999867,0.6249999999999867,0.71,0.71,0.71,3.59720080611719,2.986927139892786,1.826021266745772,4.999561795295232,-0.04680734463900345,-0.04680734463900345,-2.43,-5.07,-1.0,0.0,0.0,0.0,-2.43,-3.07,-1.0,0.0,0.0,0.0,-2.43,-1.07,-1.0,0.0,0.0,0.0,-2.43,-5.07,1.0,0.0,0.0,0.0,-2.43,-3.07,1.0,0.0,0.0,0.0,-2.43,-1.07,1.0,0.0,0.0,0.0,-1.91,-2.44,-1.0,0.0,0.0,0.0,-1.91,-0.44,-1.0,0.0,0.0,0.0,-1.91,1.56,-1.0,0.0,0.0,0.0,-1.91,3.56,-1.0,0.0,0.0,0.0,-1.91,-2.44,1.0,0.0,0.0,0.0,-1.91,-0.44,1.0,0.0,0.0,0.0,-1.91,1.56,1.0,0.0,0.0,0.0,-1.91,3.56,1.0,0.0,0.0,0.0,-2.76,1.13,-1.0,0.0,0.0,0.0,-2.76,3.13,-1.0,0.0,0.0,0.0,-2.76,5.13,-1.0,0.0,0.0,0.0,-2.76,1.13,1.0,0.0,0.0,0.0,-2.76,3.13,1.0,0.0,0.0,0.0,-2.76,5.13,1.0,0.0,0.0,0.0,6.68,0.013999999999968794,-0.27900000000000896,0.0,-0.5800000000000007,0.5299999999999748,3.65,0.7880000000001643,0.25899999999991474,0.0,-1.4600000000000168,-0.8299999999999974,9.84,-2.049000000000189,0.42699999999996924,0.0,1.6300000000000203,-0.8900000000000021,9.84,-0.048999999999968145,0.42699999999996924,0.0,1.6300000000000001,-0.8900000000000021,0,0,0,0,0,0,0,0,0,0,0,0,0,0,0,0,0,0,0,0,0,0,0,0,0,0,0,0,0,0,0,0,0,0,0,0,0,0,0,0,0,0,0,0,0,0,0,0,0,0,0,0,0,0,0,0,0,0,0,0,0,0,0,0,0,0,0,0,0,0,0,0,0,0,0,0,0,0,0,0,0,0,0,0,0,0,0,0,0,0,0,0,0,0,0,0,0,0,0,0,0,0,0,0,0,0,0,0,0,0,0,0,0,0,0,0,0,0,0,0,0,0,0,0,0,0,0,0,0,0,0,0,0,0,0,0,0,0,0,0,0,0,0,0,0,0,0,0,0,0,0,0,0,0,0,0
4.900651344,-9.724196,0.2758039999999996,0.2758039999999996,0.7099999999997664,0.7099999999999884,0.7099999999999884,0.71,0.71,0.71,3.59720080611719,2.986927139892786,1.826021266745772,4.999253678090849,-0.06108462202191602,-0.06108462202191602,-2.43,-5.07,-1.0,0.0,0.0,0.0,-2.43,-3.07,-1.0,0.0,0.0,0.0,-2.43,-1.07,-1.0,0.0,0.0,0.0,-2.43,-5.07,1.0,0.0,0.0,0.0,-2.43,-3.07,1.0,0.0,0.0,0.0,-2.43,-1.07,1.0,0.0,0.0,0.0,-1.91,-2.44,-1.0,0.0,0.0,0.0,-1.91,-0.44,-1.0,0.0,0.0,0.0,-1.91,1.56,-1.0,0.0,0.0,0.0,-1.91,3.56,-1.0,0.0,0.0,0.0,-1.91,-2.44,1.0,0.0,0.0,0.0,-1.91,-0.44,1.0,0.0,0.0,0.0,-1.91,1.56,1.0,0.0,0.0,0.0,-1.91,3.56,1.0,0.0,0.0,0.0,-2.76,1.13,-1.0,0.0,0.0,0.0,-2.76,3.13,-1.0,0.0,0.0,0.0,-2.76,5.13,-1.0,0.0,0.0,0.0,-2.76,1.13,1.0,0.0,0.0,0.0,-2.76,3.13,1.0,0.0,0.0,0.0,-2.76,5.13,1.0,0.0,0.0,0.0,6.68,-0.03240000000003123,-0.23660000000001025,0.0,-0.5800000000000003,0.5300000000000028,3.65,0.671200000000163,0.19259999999991495,0.0,-1.4600000000000168,-0.8299999999999974,9.84,-1.9186000000001875,0.3557999999999691,0.0,1.6300000000000203,-0.8900000000000021,9.84,0.0814000000000319,0.3557999999999691,0.0,1.6300000000000066,-0.8900000000000021,0,0,0,0,0,0,0,0,0,0,0,0,0,0,0,0,0,0,0,0,0,0,0,0,0,0,0,0,0,0,0,0,0,0,0,0,0,0,0,0,0,0,0,0,0,0,0,0,0,0,0,0,0,0,0,0,0,0,0,0,0,0,0,0,0,0,0,0,0,0,0,0,0,0,0,0,0,0,0,0,0,0,0,0,0,0,0,0,0,0,0,0,0,0,0,0,0,0,0,0,0,0,0,0,0,0,0,0,0,0,0,0,0,0,0,0,0,0,0,0,0,0,0,0,0,0,0,0,0,0,0,0,0,0,0,0,0,0,0,0,0,0,0,0,0,0,0,0,0,0,0,0,0,0,0,0
5.000332108,-9.645275999999981,0.3388839999999972,0.3547239999999997,0.8090000000002817,0.6109999999999726,0.8090000000000044,0.8919999999999999,0.694,0.8919999999999999,3.771578787303625,1.7777489050306468,2.717750429539719,4.998784592682797,-0.0773450911188739,-0.0785514661664567,-2.43,-5.07,-1.0,0.0,0.0,0.0,-2.43,-3.07,-1.0,0.0,0.0,0.0,-2.43,-1.07,-1.0,0.0,0.0,0.0,-2.43,-5.07,1.0,0.0,0.0,0.0,-2.43,-3.07,1.0,0.0,0.0,0.0,-2.43,-1.07,1.0,0.0,0.0,0.0,-1.91,-2.44,-1.0,0.0,0.0,0.0,-1.91,-0.44,-1.0,0.0,0.0,0.0,-1.91,1.56,-1.0,0.0,0.0,0.0,-1.91,3.56,-1.0,0.0,0.0,0.0,-1.91,-2.44,1.0,0.0,0.0,0.0,-1.91,-0.44,1.0,0.0,0.0,0.0,-1.91,1.56,1.0,0.0,0.0,0.0,-1.91,3.56,1.0,0.0,0.0,0.0,-2.76,1.13,-1.0,0.0,0.0,0.0,-2.76,3.13,-1.0,0.0,0.0,0.0,-2.76,5.13,-1.0,0.0,0.0,0.0,-2.76,1.13,1.0,0.0,0.0,0.0,-2.76,3.13,1.0,0.0,0.0,0.0,-2.76,5.13,1.0,0.0,0.0,0.0,6.68,-0.09040000000003096,-0.18360000000000998,0.0,-0.5799999999999973,0.5300000000000028,3.65,0.5252000000001613,0.10959999999991521,0.0,-1.4600000000000168,-0.8299999999999974,9.84,-1.7556000000001855,0.2667999999999689,0.0,1.6300000000000203,-0.8900000000000021,9.84,0.24440000000003154,0.2667999999999689,0.0,1.6299999999999923,-0.8900000000000021,0,0,0,0,0,0,0,0,0,0,0,0,0,0,0,0,0,0,0,0,0,0,0,0,0,0,0,0,0,0,0,0,0,0,0,0,0,0,0,0,0,0,0,0,0,0,0,0,0,0,0,0,0,0,0,0,0,0,0,0,0,0,0,0,0,0,0,0,0,0,0,0,0,0,0,0,0,0,0,0,0,0,0,0,0,0,0,0,0,0,0,0,0,0,0,0,0,0,0,0,0,0,0,0,0,0,0,0,0,0,0,0,0,0,0,0,0,0,0,0,0,0,0,0,0,0,0,0,0,0,0,0,0,0,0,0,0,0,0,0,0,0,0,0,0,0,0,0,0,0,0,0,0,0,0,0
5.102783495,-9.574164999999955,0.394154999999995,0.425835,0.892000000000337,0.6939999999999724,0.8920000000000037,0.9809999999999999,0.605,0.9809999999999999,3.88621083470542,0.3790937145095947,2.9207030728715453,4.998178407513537,-0.0924816810254982,-0.09828400348041574,-2.43,-5.07,-1.0,0.0,0.0,0.0,-2.43,-3.07,-1.0,0.0,0.0,0.0,-2.43,-1.07,-1.0,0.0,0.0,0.0,-2.43,-5.07,1.0,0.0,0.0,0.0,-2.43,-3.07,1.0,0.0,0.0,0.0,-2.43,-1.07,1.0,0.0,0.0,0.0,-1.91,-2.44,-1.0,0.0,0.0,0.0,-1.91,-0.44,-1.0,0.0,0.0,0.0,-1.91,1.56,-1.0,0.0,0.0,0.0,-1.91,3.56,-1.0,0.0,0.0,0.0,-1.91,-2.44,1.0,0.0,0.0,0.0,-1.91,-0.44,1.0,0.0,0.0,0.0,-1.91,1.56,1.0,0.0,0.0,0.0,-1.91,3.56,1.0,0.0,0.0,0.0,-2.76,1.13,-1.0,0.0,0.0,0.0,-2.76,3.13,-1.0,0.0,0.0,0.0,-2.76,5.13,-1.0,0.0,0.0,0.0,-2.76,1.13,1.0,0.0,0.0,0.0,-2.76,3.13,1.0,0.0,0.0,0.0,-2.76,5.13,1.0,0.0,0.0,0.0,6.68,-0.13680000000003073,-0.14120000000000976,0.0,-0.5799999999999973,0.5300000000000028,3.65,0.40840000000015997,0.04319999999991542,0.0,-1.4600000000000168,-0.8299999999999974,9.84,-1.6252000000001838,0.19559999999996874,0.0,1.6300000000000203,-0.8900000000000021,9.84,0.37480000000003305,0.19559999999996874,0.0,1.6300000000000203,-0.8900000000000021,0,0,0,0,0,0,0,0,0,0,0,0,0,0,0,0,0,0,0,0,0,0,0,0,0,0,0,0,0,0,0,0,0,0,0,0,0,0,0,0,0,0,0,0,0,0,0,0,0,0,0,0,0,0,0,0,0,0,0,0,0,0,0,0,0,0,0,0,0,0,0,0,0,0,0,0,0,0,0,0,0,0,0,0,0,0,0,0,0,0,0,0,0,0,0,0,0,0,0,0,0,0,0,0,0,0,0,0,0,0,0,0,0,0,0,0,0,0,0,0,0,0,0,0,0,0,0,0,0,0,0,0,0,0,0,0,0,0,0,0,0,0,0,0,0,0,0,0,0,0,0,0,0,0,0,0
5.202136367,-9.477221999999998,0.45581199999999655,0.5227780000000009,0.9809999999994545,0.6050000000000221,0.9810000000000094,0.9809999999999999,0.605,0.9809999999999999,3.88621083470542,0.3790937145095947,2.9207030728715453,4.997381875441766,-0.10827347362710338,-0.1202133350126158,-2.43,-5.07,-1.0,0.0,0.0,0.0,-2.43,-3.07,-1.0,0.0,0.0,0.0,-2.43,-1.07,-1.0,0.0,0.0,0.0,-2.43,-5.07,1.0,0.0,0.0,0.0,-2.43,-3.07,1.0,0.0,0.0,0.0,-2.43,-1.07,1.0,0.0,0.0,0.0,-1.91,-2.44,-1.0,0.0,0.0,0.0,-1.91,-0.44,-1.0,0.0,0.0,0.0,-1.91,1.56,-1.0,0.0,0.0,0.0,-1.91,3.56,-1.0,0.0,0.0,0.0,-1.91,-2.44,1.0,0.0,0.0,0.0,-1.91,-0.44,1.0,0.0,0.0,0.0,-1.91,1.56,1.0,0.0,0.0,0.0,-1.91,3.56,1.0,0.0,0.0,0.0,-2.76,1.13,-1.0,0.0,0.0,0.0,-2.76,3.13,-1.0,0.0,0.0,0.0,-2.76,5.13,-1.0,0.0,0.0,0.0,-2.76,1.13,1.0,0.0,0.0,0.0,-2.76,3.13,1.0,0.0,0.0,0.0,-2.76,5.13,1.0,0.0,0.0,0.0,6.68,-0.19480000000003045,-0.08820000000000949,0.0,-0.5799999999999973,0.5300000000000028,3.65,0.2624000000001583,-0.039800000000084566,0.0,-1.4600000000000168,-0.8299999999999974,9.84,-1.4622000000001818,0.10659999999996855,0.0,1.6300000000000203,-0.8900000000000021,9.84,0.537800000000035,0.10659999999996855,0.0,1.6300000000000203,-0.8900000000000021,0,0,0,0,0,0,0,0,0,0,0,0,0,0,0,0,0,0,0,0,0,0,0,0,0,0,0,0,0,0,0,0,0,0,0,0,0,0,0,0,0,0,0,0,0,0,0,0,0,0,0,0,0,0,0,0,0,0,0,0,0,0,0,0,0,0,0,0,0,0,0,0,0,0,0,0,0,0,0,0,0,0,0,0,0,0,0,0,0,0,0,0,0,0,0,0,0,0,0,0,0,0,0,0,0,0,0,0,0,0,0,0,0,0,0,0,0,0,0,0,0,0,0,0,0,0,0,0,0,0,0,0,0,0,0,0,0,0,0,0,0,0,0,0,0,0,0,0,0,0,0,0,0,0,0,0
5.301023399,-9.391942000000057,0.5110119999999967,0.6080580000000009,1.0809999999992215,0.7049999999999557,1.0809999999999989,1.155,0.7789999999999999,1.155,4.075661809492063,0.9743024799095088,2.2763166124580114,4.9964477926607245,-0.12268968685811721,-0.14302690640026006,-2.43,-5.07,-1.0,0.0,0.0,0.0,-2.43,-3.07,-1.0,0.0,0.0,0.0,-2.43,-1.07,-1.0,0.0,0.0,0.0,-2.43,-5.07,1.0,0.0,0.0,0.0,-2.43,-3.07,1.0,0.0,0.0,0.0,-2.43,-1.07,1.0,0.0,0.0,0.0,-1.91,-2.44,-1.0,0.0,0.0,0.0,-1.91,-0.44,-1.0,0.0,0.0,0.0,-1.91,1.56,-1.0,0.0,0.0,0.0,-1.91,3.56,-1.0,0.0,0.0,0.0,-1.91,-2.44,1.0,0.0,0.0,0.0,-1.91,-0.44,1.0,0.0,0.0,0.0,-1.91,1.56,1.0,0.0,0.0,0.0,-1.91,3.56,1.0,0.0,0.0,0.0,-2.76,1.13,-1.0,0.0,0.0,0.0,-2.76,3.13,-1.0,0.0,0.0,0.0,-2.76,5.13,-1.0,0.0,0.0,0.0,-2.76,1.13,1.0,0.0,0.0,0.0,-2.76,3.13,1.0,0.0,0.0,0.0,-2.76,5.13,1.0,0.0,0.0,0.0,6.68,-0.24120000000003022,-0.04580000000000928,0.0,-0.5799999999999973,0.5300000000000028,3.65,0.14560000000015894,-0.10620000000008437,0.0,-1.4599999999999889,-0.8299999999999974,9.84,-1.3318000000001802,0.0353999999999684,0.0,1.6300000000000203,-0.8900000000000021,9.84,0.6682000000000367,0.0353999999999684,0.0,1.6300000000000203,-0.8900000000000021,0,0,0,0,0,0,0,0,0,0,0,0,0,0,0,0,0,0,0,0,0,0,0,0,0,0,0,0,0,0,0,0,0,0,0,0,0,0,0,0,0,0,0,0,0,0,0,0,0,0,0,0,0,0,0,0,0,0,0,0,0,0,0,0,0,0,0,0,0,0,0,0,0,0,0,0,0,0,0,0,0,0,0,0,0,0,0,0,0,0,0,0,0,0,0,0,0,0,0,0,0,0,0,0,0,0,0,0,0,0,0,0,0,0,0,0,0,0,0,0,0,0,0,0,0,0,0,0,0,0,0,0,0,0,0,0,0,0,0,0,0,0,0,0,0,0,0,0,0,0,0,0,0,0,0,0
5.400973338,-9.299986000000011,0.5728879999999945,0.7000140000000021,1.1550000000006833,0.7789999999999742,1.1550000000000171,1.238,0.8619999999999999,1.238,4.1369511773702685,1.3402507265730597,2.381092202183213,4.99525613411978,-0.13903838924903156,-0.16758425001696345,-2.43,-5.07,-1.0,0.0,0.0,0.0,-2.43,-3.07,-1.0,0.0,0.0,0.0,-2.43,-1.07,-1.0,0.0,0.0,0.0,-2.43,-5.07,1.0,0.0,0.0,0.0,-2.43,-3.07,1.0,0.0,0.0,0.0,-2.43,-1.07,1.0,0.0,0.0,0.0,-1.91,-2.44,-1.0,0.0,0.0,0.0,-1.91,-0.44,-1.0,0.0,0.0,0.0,-1.91,1.56,-1.0,0.0,0.0,0.0,-1.91,3.56,-1.0,0.0,0.0,0.0,-1.91,-2.44,1.0,0.0,0.0,0.0,-1.91,-0.44,1.0,0.0,0.0,0.0,-1.91,1.56,1.0,0.0,0.0,0.0,-1.91,3.56,1.0,0.0,0.0,0.0,-2.76,1.13,-1.0,0.0,0.0,0.0,-2.76,3.13,-1.0,0.0,0.0,0.0,-2.76,5.13,-1.0,0.0,0.0,0.0,-2.76,1.13,1.0,0.0,0.0,0.0,-2.76,3.13,1.0,0.0,0.0,0.0,-2.76,5.13,1.0,0.0,0.0,0.0,6.68,-0.2876000000000318,-0.0034000000000092385,0.0,-0.5800000000000249,0.53,3.65,0.0288000000001589,-0.17260000000008416,0.0,-1.4600000000000022,-0.8299999999999974,9.84,-1.2014000000001785,-0.035800000000031564,0.0,1.6300000000000203,-0.8900000000000003,9.84,0.7986000000000383,-0.035800000000031564,0.0,1.6300000000000203,-0.8900000000000003,0,0,0,0,0,0,0,0,0,0,0,0,0,0,0,0,0,0,0,0,0,0,0,0,0,0,0,0,0,0,0,0,0,0,0,0,0,0,0,0,0,0,0,0,0,0,0,0,0,0,0,0,0,0,0,0,0,0,0,0,0,0,0,0,0,0,0,0,0,0,0,0,0,0,0,0,0,0,0,0,0,0,0,0,0,0,0,0,0,0,0,0,0,0,0,0,0,0,0,0,0,0,0,0,0,0,0,0,0,0,0,0,0,0,0,0,0,0,0,0,0,0,0,0,0,0,0,0,0,0,0,0,0,0,0,0,0,0,0,0,0,0,0,0,0,0,0,0,0,0,0,0,0,0,0,0
5.502397908,-9.201692999999953,0.6411009999999964,0.7983069999999995,1.2380000000007385,0.8620000000000294,1.2379999999999611,1.238,0.8619999999999999,1.238,4.1369511773702685,1.3402507265730597,2.381092202183213,4.993848267879392,-0.15619186782738473,-0.19257096827554798,-2.43,-5.07,-1.0,0.0,0.0,0.0,-2.43,-3.07,-1.0,0.0,0.0,0.0,-2.43,-1.07,-1.0,0.0,0.0,0.0,-2.43,-5.07,1.0,0.0,0.0,0.0,-2.43,-3.07,1.0,0.0,0.0,0.0,-2.43,-1.07,1.0,0.0,0.0,0.0,-1.91,-2.44,-1.0,0.0,0.0,0.0,-1.91,-0.44,-1.0,0.0,0.0,0.0,-1.91,1.56,-1.0,0.0,0.0,0.0,-1.91,3.56,-1.0,0.0,0.0,0.0,-1.91,-2.44,1.0,0.0,0.0,0.0,-1.91,-0.44,1.0,0.0,0.0,0.0,-1.91,1.56,1.0,0.0,0.0,0.0,-1.91,3.56,1.0,0.0,0.0,0.0,-2.76,1.13,-1.0,0.0,0.0,0.0,-2.76,3.13,-1.0,0.0,0.0,0.0,-2.76,5.13,-1.0,0.0,0.0,0.0,-2.76,1.13,1.0,0.0,0.0,0.0,-2.76,3.13,1.0,0.0,0.0,0.0,-2.76,5.13,1.0,0.0,0.0,0.0,6.68,-0.33400000000003377,0.03899999999999077,0.0,-0.5800000000000249,0.5300000000000028,3.65,-0.08799999999984119,-0.23900000000008395,0.0,-1.4600000000000029,-0.8299999999999974,9.84,-1.071000000000177,-0.10700000000003171,0.0,1.6300000000000203,-0.8900000000000021,9.84,0.9290000000000399,-0.10700000000003171,0.0,1.6300000000000203,-0.8900000000000021,0,0,0,0,0,0,0,0,0,0,0,0,0,0,0,0,0,0,0,0,0,0,0,0,0,0,0,0,0,0,0,0,0,0,0,0,0,0,0,0,0,0,0,0,0,0,0,0,0,0,0,0,0,0,0,0,0,0,0,0,0,0,0,0,0,0,0,0,0,0,0,0,0,0,0,0,0,0,0,0,0,0,0,0,0,0,0,0,0,0,0,0,0,0,0,0,0,0,0,0,0,0,0,0,0,0,0,0,0,0,0,0,0,0,0,0,0,0,0,0,0,0,0,0,0,0,0,0,0,0,0,0,0,0,0,0,0,0,0,0,0,0,0,0,0,0,0,0,0,0,0,0,0,0,0,0
5.602051759,-9.12358499999996,0.6889929999999955,0.8764149999999998,1.3249999999995765,0.7749999999999702,1.3250000000000206,1.325,0.7749999999999999,1.325,4.224267492671608,-0.5352371383009005,2.427622548446292,4.992418939898173,-0.17172870174417793,-0.21508691625307963,-2.43,-5.07,-1.0,0.0,0.0,0.0,-2.43,-3.07,-1.0,0.0,0.0,0.0,-2.43,-1.07,-1.0,0.0,0.0,0.0,-2.43,-5.07,1.0,0.0,0.0,0.0,-2.43,-3.07,1.0,0.0,0.0,0.0,-2.43,-1.07,1.0,0.0,0.0,0.0,-1.91,-2.44,-1.0,0.0,0.0,0.0,-1.91,-0.44,-1.0,0.0,0.0,0.0,-1.91,1.56,-1.0,0.0,0.0,0.0,-1.91,3.56,-1.0,0.0,0.0,0.0,-1.91,-2.44,1.0,0.0,0.0,0.0,-1.91,-0.44,1.0,0.0,0.0,0.0,-1.91,1.56,1.0,0.0,0.0,0.0,-1.91,3.56,1.0,0.0,0.0,0.0,-2.76,1.13,-1.0,0.0,0.0,0.0,-2.76,3.13,-1.0,0.0,0.0,0.0,-2.76,5.13,-1.0,0.0,0.0,0.0,-2.76,1.13,1.0,0.0,0.0,0.0,-2.76,3.13,1.0,0.0,0.0,0.0,-2.76,5.13,1.0,0.0,0.0,0.0,6.68,-0.36880000000003527,0.07079999999999093,0.0,-0.5800000000000249,0.5300000000000028,3.65,-0.17559999999984088,-0.2888000000000838,0.0,-1.4599999999999889,-0.8299999999999974,9.84,-0.9732000000001757,-0.16040000000003182,0.0,1.6300000000000203,-0.8900000000000021,9.84,1.026800000000041,-0.16040000000003182,0.0,1.6300000000000203,-0.8900000000000021,0,0,0,0,0,0,0,0,0,0,0,0,0,0,0,0,0,0,0,0,0,0,0,0,0,0,0,0,0,0,0,0,0,0,0,0,0,0,0,0,0,0,0,0,0,0,0,0,0,0,0,0,0,0,0,0,0,0,0,0,0,0,0,0,0,0,0,0,0,0,0,0,0,0,0,0,0,0,0,0,0,0,0,0,0,0,0,0,0,0,0,0,0,0,0,0,0,0,0,0,0,0,0,0,0,0,0,0,0,0,0,0,0,0,0,0,0,0,0,0,0,0,0,0,0,0,0,0,0,0,0,0,0,0,0,0,0,0,0,0,0,0,0,0,0,0,0,0,0,0,0,0,0,0,0,0
5.703464674,-9.041480999999994,0.7328889999999935,0.9585190000000013,1.386999999999361,0.7129999999999637,1.387000000000027,1.387,0.7129999999999999,1.387,4.31764830267226,-0.3159662145718056,2.429791018212529,4.990684004631048,-0.1868109847414352,-0.24119457269959135,-2.43,-5.07,-1.0,0.0,0.0,0.0,-2.43,-3.07,-1.0,0.0,0.0,0.0,-2.43,-1.07,-1.0,0.0,0.0,0.0,-2.43,-5.07,1.0,0.0,0.0,0.0,-2.43,-3.07,1.0,0.0,0.0,0.0,-2.43,-1.07,1.0,0.0,0.0,0.0,-1.91,-2.44,-1.0,0.0,0.0,0.0,-1.91,-0.44,-1.0,0.0,0.0,0.0,-1.91,1.56,-1.0,0.0,0.0,0.0,-1.91,3.56,-1.0,0.0,0.0,0.0,-1.91,-2.44,1.0,0.0,0.0,0.0,-1.91,-0.44,1.0,0.0,0.0,0.0,-1.91,1.56,1.0,0.0,0.0,0.0,-1.91,3.56,1.0,0.0,0.0,0.0,-2.76,1.13,-1.0,0.0,0.0,0.0,-2.76,3.13,-1.0,0.0,0.0,0.0,-2.76,5.13,-1.0,0.0,0.0,0.0,-2.76,1.13,1.0,0.0,0.0,0.0,-2.76,3.13,1.0,0.0,0.0,0.0,-2.76,5.13,1.0,0.0,0.0,0.0,6.68,-0.41520000000003726,0.11319999999999114,0.0,-0.5800000000000249,0.5300000000000028,3.65,-0.29239999999984084,-0.3552000000000836,0.0,-1.4600000000000168,-0.8299999999999974,9.84,-0.8754000000001745,-0.21380000000003194,0.0,1.6300000000000203,-0.8900000000000021,9.84,1.1572000000000426,-0.23160000000003197,0.0,1.6300000000000203,-0.8900000000000021,0,0,0,0,0,0,0,0,0,0,0,0,0,0,0,0,0,0,0,0,0,0,0,0,0,0,0,0,0,0,0,0,0,0,0,0,0,0,0,0,0,0,0,0,0,0,0,0,0,0,0,0,0,0,0,0,0,0,0,0,0,0,0,0,0,0,0,0,0,0,0,0,0,0,0,0,0,0,0,0,0,0,0,0,0,0,0,0,0,0,0,0,0,0,0,0,0,0,0,0,0,0,0,0,0,0,0,0,0,0,0,0,0,0,0,0,0,0,0,0,0,0,0,0,0,0,0,0,0,0,0,0,0,0,0,0,0,0,0,0,0,0,0,0,0,0,0,0,0,0,0,0,0,0,0,0
5.801411628,-8.926809000000041,0.7862169999999933,1.0731910000000064,1.450999999999425,0.6490000000000107,1.451000000000091,1.451,0.6489999999999998,1.451,4.381543436066728,-0.0495785800286499,2.395889219102345,4.988793501035506,-0.2003360903562914,-0.26796427919901106,-2.43,-5.07,-1.0,0.0,0.0,0.0,-2.43,-3.07,-1.0,0.0,0.0,0.0,-2.43,-1.07,-1.0,0.0,0.0,0.0,-2.43,-5.07,1.0,0.0,0.0,0.0,-2.43,-3.07,1.0,0.0,0.0,0.0,-2.43,-1.07,1.0,0.0,0.0,0.0,-1.91,-2.44,-1.0,0.0,0.0,0.0,-1.91,-0.44,-1.0,0.0,0.0,0.0,-1.91,1.56,-1.0,0.0,0.0,0.0,-1.91,3.56,-1.0,0.0,0.0,0.0,-1.91,-2.44,1.0,0.0,0.0,0.0,-1.91,-0.44,1.0,0.0,0.0,0.0,-1.91,1.56,1.0,0.0,0.0,0.0,-1.91,3.56,1.0,0.0,0.0,0.0,-2.76,1.13,-1.0,0.0,0.0,0.0,-2.76,3.13,-1.0,0.0,0.0,0.0,-2.76,5.13,-1.0,0.0,0.0,0.0,-2.76,1.13,1.0,0.0,0.0,0.0,-2.76,3.13,1.0,0.0,0.0,0.0,-2.76,5.13,1.0,0.0,0.0,0.0,6.68,-0.45000000000003876,0.1449999999999913,0.0,-0.5800000000000249,0.5300000000000028,3.65,-0.37999999999984185,-0.40500000000008346,0.0,-1.4600000000000168,-0.8299999999999974,9.84,-0.7450000000001729,-0.28500000000003206,0.0,1.6300000000000203,-0.8900000000000021,9.84,1.2550000000000439,-0.28500000000003206,0.0,1.6300000000000203,-0.8900000000000021,0,0,0,0,0,0,0,0,0,0,0,0,0,0,0,0,0,0,0,0,0,0,0,0,0,0,0,0,0,0,0,0,0,0,0,0,0,0,0,0,0,0,0,0,0,0,0,0,0,0,0,0,0,0,0,0,0,0,0,0,0,0,0,0,0,0,0,0,0,0,0,0,0,0,0,0,0,0,0,0,0,0,0,0,0,0,0,0,0,0,0,0,0,0,0,0,0,0,0,0,0,0,0,0,0,0,0,0,0,0,0,0,0,0,0,0,0,0,0,0,0,0,0,0,0,0,0,0,0,0,0,0,0,0,0,0,0,0,0,0,0,0,0,0,0,0,0,0,0,0,0,0,0,0,0,0
5.900522657,-8.80622400000007,0.833631999999994,1.193776000000008,1.5359999999997598,0.5640000000000089,1.5359999999999818,1.604,0.49599999999999983,1.604,4.526303844169048,-1.1294180358423105,1.7645277870966578,4.986365547643199,-0.21468400153026168,-0.30011565231405457,-2.43,-5.07,-1.0,0.0,0.0,0.0,-2.43,-3.07,-1.0,0.0,0.0,0.0,-2.43,-1.07,-1.0,0.0,0.0,0.0,-2.43,-5.07,1.0,0.0,0.0,0.0,-2.43,-3.07,1.0,0.0,0.0,0.0,-2.43,-1.07,1.0,0.0,0.0,0.0,-1.91,-2.44,-1.0,0.0,0.0,0.0,-1.91,-0.44,-1.0,0.0,0.0,0.0,-1.91,1.56,-1.0,0.0,0.0,0.0,-1.91,3.56,-1.0,0.0,0.0,0.0,-1.91,-2.44,1.0,0.0,0.0,0.0,-1.91,-0.44,1.0,0.0,0.0,0.0,-1.91,1.56,1.0,0.0,0.0,0.0,-1.91,3.56,1.0,0.0,0.0,0.0,-2.76,1.13,-1.0,0.0,0.0,0.0,-2.76,3.13,-1.0,0.0,0.0,0.0,-2.76,5.13,-1.0,0.0,0.0,0.0,-2.76,1.13,1.0,0.0,0.0,0.0,-2.76,3.13,1.0,0.0,0.0,0.0,-2.76,5.13,1.0,0.0,0.0,0.0,6.68,-0.49640000000004075,0.18739999999999152,0.0,-0.5800000000000249,0.5300000000000028,3.65,-0.4967999999998432,-0.47140000000008325,0.0,-1.4600000000000168,-0.8299999999999974,9.84,-0.6146000000001712,-0.3562000000000322,0.0,1.6300000000000203,-0.8900000000000021,9.84,1.3854000000000455,-0.3562000000000322,0.0,1.6300000000000203,-0.8900000000000021,0,0,0,0,0,0,0,0,0,0,0,0,0,0,0,0,0,0,0,0,0,0,0,0,0,0,0,0,0,0,0,0,0,0,0,0,0,0,0,0,0,0,0,0,0,0,0,0,0,0,0,0,0,0,0,0,0,0,0,0,0,0,0,0,0,0,0,0,0,0,0,0,0,0,0,0,0,0,0,0,0,0,0,0,0,0,0,0,0,0,0,0,0,0,0,0,0,0,0,0,0,0,0,0,0,0,0,0,0,0,0,0,0,0,0,0,0,0,0,0,0,0,0,0,0,0,0,0,0,0,0,0,0,0,0,0,0,0,0,0,0,0,0,0,0,0,0,0,0,0,0,0,0,0,0,0
6.005468835,-8.678924000000048,0.8743319999999976,1.3210760000000037,1.604000000000383,0.49600000000005195,1.6039999999999388,1.6700000000000002,0.4299999999999998,1.6700000000000002,4.572691219966375,-0.5290270120843101,1.7991964102588436,4.9839008302761165,-0.22615595200621286,-0.3310377612073962,-2.43,-5.07,-1.0,0.0,0.0,0.0,-2.43,-3.07,-1.0,0.0,0.0,0.0,-2.43,-1.07,-1.0,0.0,0.0,0.0,-2.43,-5.07,1.0,0.0,0.0,0.0,-2.43,-3.07,1.0,0.0,0.0,0.0,-2.43,-1.07,1.0,0.0,0.0,0.0,-1.91,-2.44,-1.0,0.0,0.0,0.0,-1.91,-0.44,-1.0,0.0,0.0,0.0,-1.91,1.56,-1.0,0.0,0.0,0.0,-1.91,3.56,-1.0,0.0,0.0,0.0,-1.91,-2.44,1.0,0.0,0.0,0.0,-1.91,-0.44,1.0,0.0,0.0,0.0,-1.91,1.56,1.0,0.0,0.0,0.0,-1.91,3.56,1.0,0.0,0.0,0.0,-2.76,1.13,-1.0,0.0,0.0,0.0,-2.76,3.13,-1.0,0.0,0.0,0.0,-2.76,5.13,-1.0,0.0,0.0,0.0,-2.76,1.13,1.0,0.0,0.0,0.0,-2.76,3.13,1.0,0.0,0.0,0.0,-2.76,5.13,1.0,0.0,0.0,0.0,6.68,-0.5428000000000427,0.22979999999999173,0.0,-0.5800000000000249,0.5300000000000028,3.65,-0.6135999999998445,-0.5378000000000831,0.0,-1.4600000000000168,-0.8299999999999974,9.84,-0.4842000000001696,-0.42740000000003237,0.0,1.6300000000000203,-0.8900000000000021,9.84,1.515800000000047,-0.42740000000003237,0.0,1.6300000000000203,-0.8900000000000021,0,0,0,0,0,0,0,0,0,0,0,0,0,0,0,0,0,0,0,0,0,0,0,0,0,0,0,0,0,0,0,0,0,0,0,0,0,0,0,0,0,0,0,0,0,0,0,0,0,0,0,0,0,0,0,0,0,0,0,0,0,0,0,0,0,0,0,0,0,0,0,0,0,0,0,0,0,0,0,0,0,0,0,0,0,0,0,0,0,0,0,0,0,0,0,0,0,0,0,0,0,0,0,0,0,0,0,0,0,0,0,0,0,0,0,0,0,0,0,0,0,0,0,0,0,0,0,0,0,0,0,0,0,0,0,0,0,0,0,0,0,0,0,0,0,0,0,0,0,0,0,0,0,0,0,0
6.101172648,-8.54545599999999,0.9088640000000009,1.4545440000000083,1.6700000000007265,0.43000000000004146,1.6700000000000603,1.6700000000000002,0.4299999999999998,1.6700000000000002,4.572691219966375,-0.5290270120843101,1.7991964102588436,4.98093760623412,-0.23712369701628058,-0.36610506021640155,-2.43,-5.07,-1.0,0.0,0.0,0.0,-2.43,-3.07,-1.0,0.0,0.0,0.0,-2.43,-1.07,-1.0,0.0,0.0,0.0,-2.43,-5.07,1.0,0.0,0.0,0.0,-2.43,-3.07,1.0,0.0,0.0,0.0,-2.43,-1.07,1.0,0.0,0.0,0.0,-1.91,-2.44,-1.0,0.0,0.0,0.0,-1.91,-0.44,-1.0,0.0,0.0,0.0,-1.91,1.56,-1.0,0.0,0.0,0.0,-1.91,3.56,-1.0,0.0,0.0,0.0,-1.91,-2.44,1.0,0.0,0.0,0.0,-1.91,-0.44,1.0,0.0,0.0,0.0,-1.91,1.56,1.0,0.0,0.0,0.0,-1.91,3.56,1.0,0.0,0.0,0.0,-2.76,1.13,-1.0,0.0,0.0,0.0,-2.76,3.13,-1.0,0.0,0.0,0.0,-2.76,5.13,-1.0,0.0,0.0,0.0,-2.76,1.13,1.0,0.0,0.0,0.0,-2.76,3.13,1.0,0.0,0.0,0.0,-2.76,5.13,1.0,0.0,0.0,0.0,6.68,-0.5892000000000447,0.2721999999999908,0.0,-0.5800000000000249,0.5299999999999748,3.65,-0.7303999999998458,-0.6042000000000829,0.0,-1.4600000000000168,-0.8299999999999974,9.84,-0.353800000000168,-0.4986000000000325,0.0,1.6300000000000203,-0.8900000000000021,9.84,1.6462000000000487,-0.4986000000000325,0.0,1.6300000000000203,-0.8900000000000021,0,0,0,0,0,0,0,0,0,0,0,0,0,0,0,0,0,0,0,0,0,0,0,0,0,0,0,0,0,0,0,0,0,0,0,0,0,0,0,0,0,0,0,0,0,0,0,0,0,0,0,0,0,0,0,0,0,0,0,0,0,0,0,0,0,0,0,0,0,0,0,0,0,0,0,0,0,0,0,0,0,0,0,0,0,0,0,0,0,0,0,0,0,0,0,0,0,0,0,0,0,0,0,0,0,0,0,0,0,0,0,0,0,0,0,0,0,0,0,0,0,0,0,0,0,0,0,0,0,0,0,0,0,0,0,0,0,0,0,0,0,0,0,0,0,0,0,0,0,0,0,0,0,0,0,0
6.202406977,-8.405542000000008,0.9369500000000022,1.5877690682391634,1.7519999999997538,0.34800000000001496,1.6651307563526618,1.8360000000000003,0.2639999999999998,1.5811307563526895,4.709114796174783,-0.5716727512800537,1.5124223244376511,4.977470963285999,-0.24738185925231176,-0.40445645668925123,-2.43,-5.07,-1.0,0.0,0.0,0.0,-2.43,-3.07,-1.0,0.0,0.0,0.0,-2.43,-1.07,-1.0,0.0,0.0,0.0,-2.43,-5.07,1.0,0.0,0.0,0.0,-2.43,-3.07,1.0,0.0,0.0,0.0,-2.43,-1.07,1.0,0.0,0.0,0.0,-1.91,-2.44,-1.0,0.0,0.0,0.0,-1.91,-0.44,-1.0,0.0,0.0,0.0,-1.91,1.56,-1.0,0.0,0.0,0.0,-1.91,3.56,-1.0,0.0,0.0,0.0,-1.91,-2.44,1.0,0.0,0.0,0.0,-1.91,-0.44,1.0,0.0,0.0,0.0,-1.91,1.56,1.0,0.0,0.0,0.0,-1.91,3.56,1.0,0.0,0.0,0.0,-2.76,1.13,-1.0,0.0,0.0,0.0,-2.76,3.13,-1.0,0.0,0.0,0.0,-2.76,5.13,-1.0,0.0,0.0,0.0,-2.76,1.13,1.0,0.0,0.0,0.0,-2.76,3.13,1.0,0.0,0.0,0.0,-2.76,5.13,1.0,0.0,0.0,0.0,6.68,-0.6356000000000467,0.3145999999999888,0.0,-0.5800000000000249,0.5299999999999748,3.65,-0.8471999999998472,-0.6706000000000827,0.0,-1.4600000000000168,-0.8299999999999974,9.84,-0.22340000000016683,-0.5698000000000283,0.0,1.6299999999999923,-0.8899999999999466,9.84,1.7766000000000504,-0.5698000000000283,0.0,1.6300000000000203,-0.8899999999999466,0,0,0,0,0,0,0,0,0,0,0,0,0,0,0,0,0,0,0,0,0,0,0,0,0,0,0,0,0,0,0,0,0,0,0,0,0,0,0,0,0,0,0,0,0,0,0,0,0,0,0,0,0,0,0,0,0,0,0,0,0,0,0,0,0,0,0,0,0,0,0,0,0,0,0,0,0,0,0,0,0,0,0,0,0,0,0,0,0,0,0,0,0,0,0,0,0,0,0,0,0,0,0,0,0,0,0,0,0,0,0,0,0,0,0,0,0,0,0,0,0,0,0,0,0,0,0,0,0,0,0,0,0,0,0,0,0,0,0,0,0,0,0,0,0,0,0,0,0,0,0,0,0,0,0,0
6.301481411,-8.295969999999965,0.9533780000000045,1.6832249136203246,1.836000000000837,0.264000000000042,1.5811307563526888,1.8360000000000003,0.2639999999999998,1.5811307563526895,4.709114796174783,-0.5716727512800537,1.5124223244376511,4.974080155182111,-0.2554908829729815,-0.43960325128595135,-2.43,-5.07,-1.0,0.0,0.0,0.0,-2.43,-3.07,-1.0,0.0,0.0,0.0,-2.43,-1.07,-1.0,0.0,0.0,0.0,-2.43,-5.07,1.0,0.0,0.0,0.0,-2.43,-3.07,1.0,0.0,0.0,0.0,-2.43,-1.07,1.0,0.0,0.0,0.0,-1.91,-2.44,-1.0,0.0,0.0,0.0,-1.91,-0.44,-1.0,0.0,0.0,0.0,-1.91,1.56,-1.0,0.0,0.0,0.0,-1.91,3.56,-1.0,0.0,0.0,0.0,-1.91,-2.44,1.0,0.0,0.0,0.0,-1.91,-0.44,1.0,0.0,0.0,0.0,-1.91,1.56,1.0,0.0,0.0,0.0,-1.91,3.56,1.0,0.0,0.0,0.0,-2.76,1.13,-1.0,0.0,0.0,0.0,-2.76,3.13,-1.0,0.0,0.0,0.0,-2.76,5.13,-1.0,0.0,0.0,0.0,-2.76,1.13,1.0,0.0,0.0,0.0,-2.76,3.13,1.0,0.0,0.0,0.0,-2.76,5.13,1.0,0.0,0.0,0.0,6.68,-0.6704000000000482,0.3463999999999873,0.0,-0.5800000000000249,0.5299999999999748,3.65,-0.9347999999998482,-0.7204000000000825,0.0,-1.4600000000000168,-0.8299999999999974,9.84,-0.12560000000016727,-0.6232000000000251,0.0,1.6299999999999923,-0.8899999999999466,9.84,1.8744000000000516,-0.6232000000000251,0.0,1.6300000000000203,-0.8899999999999466,0,0,0,0,0,0,0,0,0,0,0,0,0,0,0,0,0,0,0,0,0,0,0,0,0,0,0,0,0,0,0,0,0,0,0,0,0,0,0,0,0,0,0,0,0,0,0,0,0,0,0,0,0,0,0,0,0,0,0,0,0,0,0,0,0,0,0,0,0,0,0,0,0,0,0,0,0,0,0,0,0,0,0,0,0,0,0,0,0,0,0,0,0,0,0,0,0,0,0,0,0,0,0,0,0,0,0,0,0,0,0,0,0,0,0,0,0,0,0,0,0,0,0,0,0,0,0,0,0,0,0,0,0,0,0,0,0,0,0,0,0,0,0,0,0,0,0,0,0,0,0,0,0,0,0,0
6.403478772,-8.144709999999979,0.9701180000000085,1.8053353741285403,1.9089999999994944,0.19100000000005224,1.508130756352699,1.9090000000000003,0.19099999999999978,1.5081307563526896,4.782446083525227,-0.2925696364621593,1.2396047554121175,4.970504189647615,-0.26231448304071375,-0.47463587378388594,-2.43,-5.07,-1.0,0.0,0.0,0.0,-2.43,-3.07,-1.0,0.0,0.0,0.0,-2.43,-1.07,-1.0,0.0,0.0,0.0,-2.43,-5.07,1.0,0.0,0.0,0.0,-2.43,-3.07,1.0,0.0,0.0,0.0,-2.43,-1.07,1.0,0.0,0.0,0.0,-1.91,-2.44,-1.0,0.0,0.0,0.0,-1.91,-0.44,-1.0,0.0,0.0,0.0,-1.91,1.56,-1.0,0.0,0.0,0.0,-1.91,3.56,-1.0,0.0,0.0,0.0,-1.91,-2.44,1.0,0.0,0.0,0.0,-1.91,-0.44,1.0,0.0,0.0,0.0,-1.91,1.56,1.0,0.0,0.0,0.0,-1.91,3.56,1.0,0.0,0.0,0.0,-2.76,1.13,-1.0,0.0,0.0,0.0,-2.76,3.13,-1.0,0.0,0.0,0.0,-2.76,5.13,-1.0,0.0,0.0,0.0,-2.76,1.13,1.0,0.0,0.0,0.0,-2.76,3.13,1.0,0.0,0.0,0.0,-2.76,5.13,1.0,0.0,0.0,0.0,6.68,-0.7168000000000502,0.38879999999998527,0.0,-0.5800000000000249,0.5299999999999748,3.65,-1.0515999999998495,-0.7868000000000823,0.0,-1.4600000000000168,-0.8299999999999974,9.84,0.004799999999832954,-0.6944000000000208,0.0,1.6299999999999994,-0.8899999999999466,9.84,2.004800000000053,-0.6944000000000208,0.0,1.6300000000000203,-0.8899999999999466,0,0,0,0,0,0,0,0,0,0,0,0,0,0,0,0,0,0,0,0,0,0,0,0,0,0,0,0,0,0,0,0,0,0,0,0,0,0,0,0,0,0,0,0,0,0,0,0,0,0,0,0,0,0,0,0,0,0,0,0,0,0,0,0,0,0,0,0,0,0,0,0,0,0,0,0,0,0,0,0,0,0,0,0,0,0,0,0,0,0,0,0,0,0,0,0,0,0,0,0,0,0,0,0,0,0,0,0,0,0,0,0,0,0,0,0,0,0,0,0,0,0,0,0,0,0,0,0,0,0,0,0,0,0,0,0,0,0,0,0,0,0,0,0,0,0,0,0,0,0,0,0,0,0,0,0
6.501469815,-8.027011000000018,0.9784190000000117,1.8926642195097023,1.9899999999992701,0.1100000000000545,1.4271307563527014,1.9900000000000002,0.10999999999999978,1.4271307563526896,4.758034885798491,-0.47716646955449527,1.092464359852982,4.966787011524401,-0.267926490496912,-0.5091583033227594,-2.43,-5.07,-1.0,0.0,0.0,0.0,-2.43,-3.07,-1.0,0.0,0.0,0.0,-2.43,-1.07,-1.0,0.0,0.0,0.0,-2.43,-5.07,1.0,0.0,0.0,0.0,-2.43,-3.07,1.0,0.0,0.0,0.0,-2.43,-1.07,1.0,0.0,0.0,0.0,-1.91,-2.44,-1.0,0.0,0.0,0.0,-1.91,-0.44,-1.0,0.0,0.0,0.0,-1.91,1.56,-1.0,0.0,0.0,0.0,-1.91,3.56,-1.0,0.0,0.0,0.0,-1.91,-2.44,1.0,0.0,0.0,0.0,-1.91,-0.44,1.0,0.0,0.0,0.0,-1.91,1.56,1.0,0.0,0.0,0.0,-1.91,3.56,1.0,0.0,0.0,0.0,-2.76,1.13,-1.0,0.0,0.0,0.0,-2.76,3.13,-1.0,0.0,0.0,0.0,-2.76,5.13,-1.0,0.0,0.0,0.0,-2.76,1.13,1.0,0.0,0.0,0.0,-2.76,3.13,1.0,0.0,0.0,0.0,-2.76,5.13,1.0,0.0,0.0,0.0,6.68,-0.7516000000000517,0.42059999999998376,0.0,-0.5800000000000249,0.5299999999999748,3.65,-1.1391999999998506,-0.8366000000000822,0.0,-1.4600000000000168,-0.8299999999999974,9.84,0.1025999999998331,-0.7478000000000176,0.0,1.6300000000000066,-0.8899999999999466,9.84,2.1026000000000544,-0.7478000000000176,0.0,1.6300000000000203,-0.8899999999999466,0,0,0,0,0,0,0,0,0,0,0,0,0,0,0,0,0,0,0,0,0,0,0,0,0,0,0,0,0,0,0,0,0,0,0,0,0,0,0,0,0,0,0,0,0,0,0,0,0,0,0,0,0,0,0,0,0,0,0,0,0,0,0,0,0,0,0,0,0,0,0,0,0,0,0,0,0,0,0,0,0,0,0,0,0,0,0,0,0,0,0,0,0,0,0,0,0,0,0,0,0,0,0,0,0,0,0,0,0,0,0,0,0,0,0,0,0,0,0,0,0,0,0,0,0,0,0,0,0,0,0,0,0,0,0,0,0,0,0,0,0,0,0,0,0,0,0,0,0,0,0,0,0,0,0,0
6.628319028,-7.945971000000029,0.9813790000000124,1.9511894497638118,2.0379999999997622,0.062000000000006494,1.4751307563527494,2.0380000000000003,0.06199999999999978,1.4751307563526896,4.795537447962756,-0.037456843467290835,1.486393732494349,4.964215762971008,-0.27070285138841693,-0.53224226149409,-2.43,-5.07,-1.0,0.0,0.0,0.0,-2.43,-3.07,-1.0,0.0,0.0,0.0,-2.43,-1.07,-1.0,0.0,0.0,0.0,-2.43,-5.07,1.0,0.0,0.0,0.0,-2.43,-3.07,1.0,0.0,0.0,0.0,-2.43,-1.07,1.0,0.0,0.0,0.0,-1.91,-2.44,-1.0,0.0,0.0,0.0,-1.91,-0.44,-1.0,0.0,0.0,0.0,-1.91,1.56,-1.0,0.0,0.0,0.0,-1.91,3.56,-1.0,0.0,0.0,0.0,-1.91,-2.44,1.0,0.0,0.0,0.0,-1.91,-0.44,1.0,0.0,0.0,0.0,-1.91,1.56,1.0,0.0,0.0,0.0,-1.91,3.56,1.0,0.0,0.0,0.0,-2.76,1.13,-1.0,0.0,0.0,0.0,-2.76,3.13,-1.0,0.0,0.0,0.0,-2.76,5.13,-1.0,0.0,0.0,0.0,-2.76,1.13,1.0,0.0,0.0,0.0,-2.76,3.13,1.0,0.0,0.0,0.0,-2.76,5.13,1.0,0.0,0.0,0.0,6.68,-0.7748000000000527,0.44179999999998276,0.0,-0.5800000000000249,0.5299999999999748,3.65,-1.1975999999998512,-0.8698000000000821,0.0,-1.4600000000000168,-0.8299999999999974,9.84,0.20039999999983285,-0.8012000000000143,0.0,1.6299999999999923,-0.8899999999999466,9.84,2.1678000000000552,-0.7834000000000154,0.0,1.6300000000000203,-0.8899999999999466,0,0,0,0,0,0,0,0,0,0,0,0,0,0,0,0,0,0,0,0,0,0,0,0,0,0,0,0,0,0,0,0,0,0,0,0,0,0,0,0,0,0,0,0,0,0,0,0,0,0,0,0,0,0,0,0,0,0,0,0,0,0,0,0,0,0,0,0,0,0,0,0,0,0,0,0,0,0,0,0,0,0,0,0,0,0,0,0,0,0,0,0,0,0,0,0,0,0,0,0,0,0,0,0,0,0,0,0,0,0,0,0,0,0,0,0,0,0,0,0,0,0,0,0,0,0,0,0,0,0,0,0,0,0,0,0,0,0,0,0,0,0,0,0,0,0,0,0,0,0,0,0,0,0,0,0
6.701383248,-7.779851000000058,0.9832590000000099,2.0661199102720285,2.093999999999596,0.005999999999950489,1.4191307563526934,2.152,-0.01721649523069546,1.3611307563526895,4.913204320596283,-0.01721649523069546,-0.6172731948099227,4.960936185458223,-0.27319815592865104,-0.5607806446449459,-2.43,-5.07,-1.0,0.0,0.0,0.0,-2.43,-3.07,-1.0,0.0,0.0,0.0,-2.43,-1.07,-1.0,0.0,0.0,0.0,-2.43,-5.07,1.0,0.0,0.0,0.0,-2.43,-3.07,1.0,0.0,0.0,0.0,-2.43,-1.07,1.0,0.0,0.0,0.0,-1.91,-2.44,-1.0,0.0,0.0,0.0,-1.91,-0.44,-1.0,0.0,0.0,0.0,-1.91,1.56,-1.0,0.0,0.0,0.0,-1.91,3.56,-1.0,0.0,0.0,0.0,-1.91,-2.44,1.0,0.0,0.0,0.0,-1.91,-0.44,1.0,0.0,0.0,0.0,-1.91,1.56,1.0,0.0,0.0,0.0,-1.91,3.56,1.0,0.0,0.0,0.0,-2.76,1.13,-1.0,0.0,0.0,0.0,-2.76,3.13,-1.0,0.0,0.0,0.0,-2.76,5.13,-1.0,0.0,0.0,0.0,-2.76,1.13,1.0,0.0,0.0,0.0,-2.76,3.13,1.0,0.0,0.0,0.0,-2.76,5.13,1.0,0.0,0.0,0.0,6.68,-0.8212000000000547,0.48419999999998076,0.0,-0.5800000000000249,0.5299999999999748,3.65,-1.3143999999998526,-0.9362000000000819,0.0,-1.4600000000000168,-0.8299999999999974,9.84,0.2981999999998332,-0.8546000000000111,0.0,1.6300000000000203,-0.8899999999999466,9.84,2.298200000000057,-0.8546000000000111,0.0,1.6300000000000203,-0.8899999999999466,0,0,0,0,0,0,0,0,0,0,0,0,0,0,0,0,0,0,0,0,0,0,0,0,0,0,0,0,0,0,0,0,0,0,0,0,0,0,0,0,0,0,0,0,0,0,0,0,0,0,0,0,0,0,0,0,0,0,0,0,0,0,0,0,0,0,0,0,0,0,0,0,0,0,0,0,0,0,0,0,0,0,0,0,0,0,0,0,0,0,0,0,0,0,0,0,0,0,0,0,0,0,0,0,0,0,0,0,0,0,0,0,0,0,0,0,0,0,0,0,0,0,0,0,0,0,0,0,0,0,0,0,0,0,0,0,0,0,0,0,0,0,0,0,0,0,0,0,0,0,0,0,0,0,0,0
6.801573087,-7.650905000000075,0.9822956597718612,2.1479617556531836,2.1519999999997097,-0.017216495230676365,1.3611307563525799,2.2230000000000003,-0.08821649523069545,1.2901307563526896,4.9040687670205445,-0.3373410852265919,1.077437395088046,4.957267225852064,-0.27513189360709733,-0.5914423831728258,-2.43,-5.07,-1.0,0.0,0.0,0.0,-2.43,-3.07,-1.0,0.0,0.0,0.0,-2.43,-1.07,-1.0,0.0,0.0,0.0,-2.43,-5.07,1.0,0.0,0.0,0.0,-2.43,-3.07,1.0,0.0,0.0,0.0,-2.43,-1.07,1.0,0.0,0.0,0.0,-1.91,-2.44,-1.0,0.0,0.0,0.0,-1.91,-0.44,-1.0,0.0,0.0,0.0,-1.91,1.56,-1.0,0.0,0.0,0.0,-1.91,3.56,-1.0,0.0,0.0,0.0,-1.91,-2.44,1.0,0.0,0.0,0.0,-1.91,-0.44,1.0,0.0,0.0,0.0,-1.91,1.56,1.0,0.0,0.0,0.0,-1.91,3.56,1.0,0.0,0.0,0.0,-2.76,1.13,-1.0,0.0,0.0,0.0,-2.76,3.13,-1.0,0.0,0.0,0.0,-2.76,5.13,-1.0,0.0,0.0,0.0,-2.76,1.13,1.0,0.0,0.0,0.0,-2.76,3.13,1.0,0.0,0.0,0.0,-2.76,5.13,1.0,0.0,0.0,0.0,6.68,-0.8560000000000562,0.5159999999999809,0.0,-0.5800000000000249,0.5300000000000304,3.65,-1.4019999999998536,-0.9860000000000817,0.0,-1.4600000000000168,-0.8299999999999974,9.84,0.39599999999983443,-0.9080000000000079,0.0,1.6300000000000203,-0.8899999999999466,9.84,2.396000000000058,-0.9080000000000079,0.0,1.6300000000000203,-0.8899999999999466,0,0,0,0,0,0,0,0,0,0,0,0,0,0,0,0,0,0,0,0,0,0,0,0,0,0,0,0,0,0,0,0,0,0,0,0,0,0,0,0,0,0,0,0,0,0,0,0,0,0,0,0,0,0,0,0,0,0,0,0,0,0,0,0,0,0,0,0,0,0,0,0,0,0,0,0,0,0,0,0,0,0,0,0,0,0,0,0,0,0,0,0,0,0,0,0,0,0,0,0,0,0,0,0,0,0,0,0,0,0,0,0,0,0,0,0,0,0,0,0,0,0,0,0,0,0,0,0,0,0,0,0,0,0,0,0,0,0,0,0,0,0,0,0,0,0,0,0,0,0,0,0,0,0,0,0
6.900723263,-7.518519000000086,0.9779966700580186,2.2263636010343517,2.222999999999864,-0.08821649523071962,1.2901307563528697,2.2230000000000003,-0.08821649523069545,1.2901307563526896,4.9040687670205445,-0.3373410852265919,1.077437395088046,4.953954677741458,-0.27629870990314553,-0.6180550734274279,-2.43,-5.07,-1.0,0.0,0.0,0.0,-2.43,-3.07,-1.0,0.0,0.0,0.0,-2.43,-1.07,-1.0,0.0,0.0,0.0,-2.43,-5.07,1.0,0.0,0.0,0.0,-2.43,-3.07,1.0,0.0,0.0,0.0,-2.43,-1.07,1.0,0.0,0.0,0.0,-1.91,-2.44,-1.0,0.0,0.0,0.0,-1.91,-0.44,-1.0,0.0,0.0,0.0,-1.91,1.56,-1.0,0.0,0.0,0.0,-1.91,3.56,-1.0,0.0,0.0,0.0,-1.91,-2.44,1.0,0.0,0.0,0.0,-1.91,-0.44,1.0,0.0,0.0,0.0,-1.91,1.56,1.0,0.0,0.0,0.0,-1.91,3.56,1.0,0.0,0.0,0.0,-2.76,1.13,-1.0,0.0,0.0,0.0,-2.76,3.13,-1.0,0.0,0.0,0.0,-2.76,5.13,-1.0,0.0,0.0,0.0,-2.76,1.13,1.0,0.0,0.0,0.0,-2.76,3.13,1.0,0.0,0.0,0.0,-2.76,5.13,1.0,0.0,0.0,0.0,6.68,-0.8908000000000577,0.5477999999999827,0.0,-0.5800000000000249,0.5300000000000304,3.65,-1.4895999999998546,-1.0358000000000864,0.0,-1.4600000000000168,-0.8300000000001084,9.84,0.49379999999983565,-0.9614000000000047,0.0,1.6300000000000203,-0.8899999999999466,9.84,2.4938000000000593,-0.9614000000000047,0.0,1.6300000000000203,-0.8899999999999466,0,0,0,0,0,0,0,0,0,0,0,0,0,0,0,0,0,0,0,0,0,0,0,0,0,0,0,0,0,0,0,0,0,0,0,0,0,0,0,0,0,0,0,0,0,0,0,0,0,0,0,0,0,0,0,0,0,0,0,0,0,0,0,0,0,0,0,0,0,0,0,0,0,0,0,0,0,0,0,0,0,0,0,0,0,0,0,0,0,0,0,0,0,0,0,0,0,0,0,0,0,0,0,0,0,0,0,0,0,0,0,0,0,0,0,0,0,0,0,0,0,0,0,0,0,0,0,0,0,0,0,0,0,0,0,0,0,0,0,0,0,0,0,0,0,0,0,0,0,0,0,0,0,0,0,0
7.001563117,-7.382451000000091,0.9700156803441774,2.301083446415521,2.286999999999928,-0.1522164952306726,1.2261307563528057,2.2870000000000004,-0.15221649523069547,1.2261307563526895,4.943445962387171,0.04450400168732083,0.8692429968468132,4.950355478163901,-0.276397840499746,-0.6462080729762836,-2.43,-5.07,-1.0,0.0,0.0,0.0,-2.43,-3.07,-1.0,0.0,0.0,0.0,-2.43,-1.07,-1.0,0.0,0.0,0.0,-2.43,-5.07,1.0,0.0,0.0,0.0,-2.43,-3.07,1.0,0.0,0.0,0.0,-2.43,-1.07,1.0,0.0,0.0,0.0,-1.91,-2.44,-1.0,0.0,0.0,0.0,-1.91,-0.44,-1.0,0.0,0.0,0.0,-1.91,1.56,-1.0,0.0,0.0,0.0,-1.91,3.56,-1.0,0.0,0.0,0.0,-1.91,-2.44,1.0,0.0,0.0,0.0,-1.91,-0.44,1.0,0.0,0.0,0.0,-1.91,1.56,1.0,0.0,0.0,0.0,-1.91,3.56,1.0,0.0,0.0,0.0,-2.76,1.13,-1.0,0.0,0.0,0.0,-2.76,3.13,-1.0,0.0,0.0,0.0,-2.76,5.13,-1.0,0.0,0.0,0.0,-2.76,1.13,1.0,0.0,0.0,0.0,-2.76,3.13,1.0,0.0,0.0,0.0,-2.76,5.13,1.0,0.0,0.0,0.0,6.68,-0.9256000000000592,0.5795999999999846,0.0,-0.5800000000000249,0.5300000000000304,3.65,-1.5771999999998556,-1.085600000000093,0.0,-1.4600000000000168,-0.8300000000001084,9.84,0.5915999999998368,-1.0148000000000033,0.0,1.6300000000000203,-0.8900000000000574,9.84,2.5916000000000605,-1.0148000000000033,0.0,1.6300000000000203,-0.8900000000000574,0,0,0,0,0,0,0,0,0,0,0,0,0,0,0,0,0,0,0,0,0,0,0,0,0,0,0,0,0,0,0,0,0,0,0,0,0,0,0,0,0,0,0,0,0,0,0,0,0,0,0,0,0,0,0,0,0,0,0,0,0,0,0,0,0,0,0,0,0,0,0,0,0,0,0,0,0,0,0,0,0,0,0,0,0,0,0,0,0,0,0,0,0,0,0,0,0,0,0,0,0,0,0,0,0,0,0,0,0,0,0,0,0,0,0,0,0,0,0,0,0,0,0,0,0,0,0,0,0,0,0,0,0,0,0,0,0,0,0,0,0,0,0,0,0,0,0,0,0,0,0,0,0,0,0,0
7.103496313,-7.195795000000108,0.96153436072572,2.3954779069237273,2.342999999999762,-0.09621649523072762,1.1701307563525276,2.3430000000000004,-0.09621649523069548,1.1701307563526895,4.943445962387171,0.04450400168732083,0.8692429968468132,4.947157313055412,-0.27619150656866176,-0.6703378040821599,-2.43,-5.07,-1.0,0.0,0.0,0.0,-2.43,-3.07,-1.0,0.0,0.0,0.0,-2.43,-1.07,-1.0,0.0,0.0,0.0,-2.43,-5.07,1.0,0.0,0.0,0.0,-2.43,-3.07,1.0,0.0,0.0,0.0,-2.43,-1.07,1.0,0.0,0.0,0.0,-1.91,-2.44,-1.0,0.0,0.0,0.0,-1.91,-0.44,-1.0,0.0,0.0,0.0,-1.91,1.56,-1.0,0.0,0.0,0.0,-1.91,3.56,-1.0,0.0,0.0,0.0,-1.91,-2.44,1.0,0.0,0.0,0.0,-1.91,-0.44,1.0,0.0,0.0,0.0,-1.91,1.56,1.0,0.0,0.0,0.0,-1.91,3.56,1.0,0.0,0.0,0.0,-2.76,1.13,-1.0,0.0,0.0,0.0,-2.76,3.13,-1.0,0.0,0.0,0.0,-2.76,5.13,-1.0,0.0,0.0,0.0,-2.76,1.13,1.0,0.0,0.0,0.0,-2.76,3.13,1.0,0.0,0.0,0.0,-2.76,5.13,1.0,0.0,0.0,0.0,6.68,-0.9720000000000611,0.621999999999987,0.0,-0.5800000000000249,0.5300000000000304,3.65,-1.693999999999857,-1.1520000000001016,0.0,-1.4600000000000168,-0.8300000000001084,9.84,0.7219999999998384,-1.0860000000000078,0.0,1.6300000000000203,-0.8900000000000574,9.84,2.722000000000062,-1.0860000000000078,0.0,1.6300000000000203,-0.8900000000000574,0,0,0,0,0,0,0,0,0,0,0,0,0,0,0,0,0,0,0,0,0,0,0,0,0,0,0,0,0,0,0,0,0,0,0,0,0,0,0,0,0,0,0,0,0,0,0,0,0,0,0,0,0,0,0,0,0,0,0,0,0,0,0,0,0,0,0,0,0,0,0,0,0,0,0,0,0,0,0,0,0,0,0,0,0,0,0,0,0,0,0,0,0,0,0,0,0,0,0,0,0,0,0,0,0,0,0,0,0,0,0,0,0,0,0,0,0,0,0,0,0,0,0,0,0,0,0,0,0,0,0,0,0,0,0,0,0,0,0,0,0,0,0,0,0,0,0,0,0,0,0,0,0,0,0,0
7.200922584,-7.051327000000106,0.9518733710118784,2.461797752304887,2.415000000000056,-0.1682164952306886,1.0981307563526777,2.4860000000000007,-0.09721649523069549,1.0271307563526895,4.960403154482147,0.14318399488324118,0.6096413644048588,4.9434014298342275,-0.27633605156497937,-0.6974386640546946,-2.43,-5.07,-1.0,0.0,0.0,0.0,-2.43,-3.07,-1.0,0.0,0.0,0.0,-2.43,-1.07,-1.0,0.0,0.0,0.0,-2.43,-5.07,1.0,0.0,0.0,0.0,-2.43,-3.07,1.0,0.0,0.0,0.0,-2.43,-1.07,1.0,0.0,0.0,0.0,-1.91,-2.44,-1.0,0.0,0.0,0.0,-1.91,-0.44,-1.0,0.0,0.0,0.0,-1.91,1.56,-1.0,0.0,0.0,0.0,-1.91,3.56,-1.0,0.0,0.0,0.0,-1.91,-2.44,1.0,0.0,0.0,0.0,-1.91,-0.44,1.0,0.0,0.0,0.0,-1.91,1.56,1.0,0.0,0.0,0.0,-1.91,3.56,1.0,0.0,0.0,0.0,-2.76,1.13,-1.0,0.0,0.0,0.0,-2.76,3.13,-1.0,0.0,0.0,0.0,-2.76,5.13,-1.0,0.0,0.0,0.0,-2.76,1.13,1.0,0.0,0.0,0.0,-2.76,3.13,1.0,0.0,0.0,0.0,-2.76,5.13,1.0,0.0,0.0,0.0,6.68,-1.0068000000000625,0.6537999999999888,0.0,-0.5800000000000249,0.5300000000000304,3.65,-1.781599999999858,-1.2018000000001081,0.0,-1.4600000000000168,-0.8300000000001084,9.84,0.8197999999998397,-1.1394000000000113,0.0,1.6300000000000203,-0.8900000000000574,9.84,2.8198000000000634,-1.1394000000000113,0.0,1.6300000000000203,-0.8900000000000574,0,0,0,0,0,0,0,0,0,0,0,0,0,0,0,0,0,0,0,0,0,0,0,0,0,0,0,0,0,0,0,0,0,0,0,0,0,0,0,0,0,0,0,0,0,0,0,0,0,0,0,0,0,0,0,0,0,0,0,0,0,0,0,0,0,0,0,0,0,0,0,0,0,0,0,0,0,0,0,0,0,0,0,0,0,0,0,0,0,0,0,0,0,0,0,0,0,0,0,0,0,0,0,0,0,0,0,0,0,0,0,0,0,0,0,0,0,0,0,0,0,0,0,0,0,0,0,0,0,0,0,0,0,0,0,0,0,0,0,0,0,0,0,0,0,0,0,0,0,0,0,0,0,0,0,0
7.302138704,-6.903374000000096,0.944833381298039,2.524632597686041,2.4860000000002103,-0.09721649523064535,1.0271307563525234,2.5380000000000007,-0.1492164952306955,0.9751307563526894,4.968470173226213,-0.30622265439960694,0.7655352608473844,4.939082996581366,-0.275774765644903,-0.7276038974018304,-2.43,-5.07,-1.0,0.0,0.0,0.0,-2.43,-3.07,-1.0,0.0,0.0,0.0,-2.43,-1.07,-1.0,0.0,0.0,0.0,-2.43,-5.07,1.0,0.0,0.0,0.0,-2.43,-3.07,1.0,0.0,0.0,0.0,-2.43,-1.07,1.0,0.0,0.0,0.0,-1.91,-2.44,-1.0,0.0,0.0,0.0,-1.91,-0.44,-1.0,0.0,0.0,0.0,-1.91,1.56,-1.0,0.0,0.0,0.0,-1.91,3.56,-1.0,0.0,0.0,0.0,-1.91,-2.44,1.0,0.0,0.0,0.0,-1.91,-0.44,1.0,0.0,0.0,0.0,-1.91,1.56,1.0,0.0,0.0,0.0,-1.91,3.56,1.0,0.0,0.0,0.0,-2.76,1.13,-1.0,0.0,0.0,0.0,-2.76,3.13,-1.0,0.0,0.0,0.0,-2.76,5.13,-1.0,0.0,0.0,0.0,-2.76,1.13,1.0,0.0,0.0,0.0,-2.76,3.13,1.0,0.0,0.0,0.0,-2.76,5.13,1.0,0.0,0.0,0.0,6.68,-1.041600000000064,0.6855999999999907,0.0,-0.5800000000000249,0.5300000000000304,3.65,-1.869199999999859,-1.2516000000001146,0.0,-1.4600000000000168,-0.8300000000001084,9.84,0.9175999999998409,-1.1928000000000147,0.0,1.6300000000000203,-0.8900000000000574,9.84,2.9176000000000646,-1.1928000000000147,0.0,1.6300000000000203,-0.8900000000000574,0,0,0,0,0,0,0,0,0,0,0,0,0,0,0,0,0,0,0,0,0,0,0,0,0,0,0,0,0,0,0,0,0,0,0,0,0,0,0,0,0,0,0,0,0,0,0,0,0,0,0,0,0,0,0,0,0,0,0,0,0,0,0,0,0,0,0,0,0,0,0,0,0,0,0,0,0,0,0,0,0,0,0,0,0,0,0,0,0,0,0,0,0,0,0,0,0,0,0,0,0,0,0,0,0,0,0,0,0,0,0,0,0,0,0,0,0,0,0,0,0,0,0,0,0,0,0,0,0,0,0,0,0,0,0,0,0,0,0,0,0,0,0,0,0,0,0,0,0,0,0,0,0,0,0,0
7.404660997,-6.751562000000075,0.9363483915841976,2.583608443067207,2.5380000000003733,-0.14921649523069735,0.9751307563528044,2.5380000000000007,-0.1492164952306955,0.9751307563526894,4.968470173226213,-0.30622265439960694,0.7655352608473844,4.9356609390473976,-0.2759428604898021,-0.7504043126918103,-2.43,-5.07,-1.0,0.0,0.0,0.0,-2.43,-3.07,-1.0,0.0,0.0,0.0,-2.43,-1.07,-1.0,0.0,0.0,0.0,-2.43,-5.07,1.0,0.0,0.0,0.0,-2.43,-3.07,1.0,0.0,0.0,0.0,-2.43,-1.07,1.0,0.0,0.0,0.0,-1.91,-2.44,-1.0,0.0,0.0,0.0,-1.91,-0.44,-1.0,0.0,0.0,0.0,-1.91,1.56,-1.0,0.0,0.0,0.0,-1.91,3.56,-1.0,0.0,0.0,0.0,-1.91,-2.44,1.0,0.0,0.0,0.0,-1.91,-0.44,1.0,0.0,0.0,0.0,-1.91,1.56,1.0,0.0,0.0,0.0,-1.91,3.56,1.0,0.0,0.0,0.0,-2.76,1.13,-1.0,0.0,0.0,0.0,-2.76,3.13,-1.0,0.0,0.0,0.0,-2.76,5.13,-1.0,0.0,0.0,0.0,-2.76,1.13,1.0,0.0,0.0,0.0,-2.76,3.13,1.0,0.0,0.0,0.0,-2.76,5.13,1.0,0.0,0.0,0.0,6.68,-1.0764000000000655,0.7173999999999925,0.0,-0.5800000000000249,0.5300000000000304,3.65,-1.95679999999986,-1.3014000000001211,0.0,-1.4600000000000168,-0.8300000000001084,9.84,1.015399999999842,-1.2462000000000182,0.0,1.6300000000000092,-0.8900000000000574,9.84,3.015400000000066,-1.2462000000000182,0.0,1.6300000000000203,-0.8900000000000574,0,0,0,0,0,0,0,0,0,0,0,0,0,0,0,0,0,0,0,0,0,0,0,0,0,0,0,0,0,0,0,0,0,0,0,0,0,0,0,0,0,0,0,0,0,0,0,0,0,0,0,0,0,0,0,0,0,0,0,0,0,0,0,0,0,0,0,0,0,0,0,0,0,0,0,0,0,0,0,0,0,0,0,0,0,0,0,0,0,0,0,0,0,0,0,0,0,0,0,0,0,0,0,0,0,0,0,0,0,0,0,0,0,0,0,0,0,0,0,0,0,0,0,0,0,0,0,0,0,0,0,0,0,0,0,0,0,0,0,0,0,0,0,0,0,0,0,0,0,0,0,0,0,0,0,0
7.502470915,-6.5963120000000774,0.9303654018703562,2.6391462884483796,2.6039999999998287,-0.08321649523068686,0.909130756352905,2.6040000000000005,-0.08321649523069549,0.9091307563526894,4.956046027581998,0.11096172397622261,0.5901392740783837,4.932961633993679,-0.2757872566605996,-0.7680044964777464,-2.43,-5.07,-1.0,0.0,0.0,0.0,-2.43,-3.07,-1.0,0.0,0.0,0.0,-2.43,-1.07,-1.0,0.0,0.0,0.0,-2.43,-5.07,1.0,0.0,0.0,0.0,-2.43,-3.07,1.0,0.0,0.0,0.0,-2.43,-1.07,1.0,0.0,0.0,0.0,-1.91,-2.44,-1.0,0.0,0.0,0.0,-1.91,-0.44,-1.0,0.0,0.0,0.0,-1.91,1.56,-1.0,0.0,0.0,0.0,-1.91,3.56,-1.0,0.0,0.0,0.0,-1.91,-2.44,1.0,0.0,0.0,0.0,-1.91,-0.44,1.0,0.0,0.0,0.0,-1.91,1.56,1.0,0.0,0.0,0.0,-1.91,3.56,1.0,0.0,0.0,0.0,-2.76,1.13,-1.0,0.0,0.0,0.0,-2.76,3.13,-1.0,0.0,0.0,0.0,-2.76,5.13,-1.0,0.0,0.0,0.0,-2.76,1.13,1.0,0.0,0.0,0.0,-2.76,3.13,1.0,0.0,0.0,0.0,-2.76,5.13,1.0,0.0,0.0,0.0,6.68,-1.0996000000000665,0.7385999999999937,0.0,-0.5800000000000249,0.5300000000000304,3.65,-2.0151999999998584,-1.3346000000001255,0.0,-1.4599999999997948,-0.8300000000001084,9.84,1.0805999999998428,-1.2818000000000205,0.0,1.6300000000000203,-0.8900000000000574,9.84,3.0806000000000666,-1.2818000000000205,0.0,1.6300000000000203,-0.8900000000000574,0,0,0,0,0,0,0,0,0,0,0,0,0,0,0,0,0,0,0,0,0,0,0,0,0,0,0,0,0,0,0,0,0,0,0,0,0,0,0,0,0,0,0,0,0,0,0,0,0,0,0,0,0,0,0,0,0,0,0,0,0,0,0,0,0,0,0,0,0,0,0,0,0,0,0,0,0,0,0,0,0,0,0,0,0,0,0,0,0,0,0,0,0,0,0,0,0,0,0,0,0,0,0,0,0,0,0,0,0,0,0,0,0,0,0,0,0,0,0,0,0,0,0,0,0,0,0,0,0,0,0,0,0,0,0,0,0,0,0,0,0,0,0,0,0,0,0,0,0,0,0,0,0,0,0,0
7.600601885,-6.437328000000102,0.9281164121565131,2.6909501338295434,2.6529999999995724,-0.03421649523072112,0.8601307563527172,2.7170000000000005,-0.09821649523069549,0.7961307563526894,4.9412373284553235,-0.5315486639540645,0.6097264116655423,4.929115508909877,-0.27697402854392583,-0.7919000488295714,-2.43,-5.07,-1.0,0.0,0.0,0.0,-2.43,-3.07,-1.0,0.0,0.0,0.0,-2.43,-1.07,-1.0,0.0,0.0,0.0,-2.43,-5.07,1.0,0.0,0.0,0.0,-2.43,-3.07,1.0,0.0,0.0,0.0,-2.43,-1.07,1.0,0.0,0.0,0.0,-1.91,-2.44,-1.0,0.0,0.0,0.0,-1.91,-0.44,-1.0,0.0,0.0,0.0,-1.91,1.56,-1.0,0.0,0.0,0.0,-1.91,3.56,-1.0,0.0,0.0,0.0,-1.91,-2.44,1.0,0.0,0.0,0.0,-1.91,-0.44,1.0,0.0,0.0,0.0,-1.91,1.56,1.0,0.0,0.0,0.0,-1.91,3.56,1.0,0.0,0.0,0.0,-2.76,1.13,-1.0,0.0,0.0,0.0,-2.76,3.13,-1.0,0.0,0.0,0.0,-2.76,5.13,-1.0,0.0,0.0,0.0,-2.76,1.13,1.0,0.0,0.0,0.0,-2.76,3.13,1.0,0.0,0.0,0.0,-2.76,5.13,1.0,0.0,0.0,0.0,6.68,-1.1460000000000685,0.7809999999999961,0.0,-0.5800000000000249,0.5300000000000304,3.65,-2.131999999999842,-1.4010000000001341,0.0,-1.4599999999997948,-0.8300000000001084,9.84,1.2109999999998444,-1.353000000000025,0.0,1.6300000000000203,-0.8900000000000574,9.84,3.2110000000000682,-1.353000000000025,0.0,1.6300000000000203,-0.8900000000000574,0,0,0,0,0,0,0,0,0,0,0,0,0,0,0,0,0,0,0,0,0,0,0,0,0,0,0,0,0,0,0,0,0,0,0,0,0,0,0,0,0,0,0,0,0,0,0,0,0,0,0,0,0,0,0,0,0,0,0,0,0,0,0,0,0,0,0,0,0,0,0,0,0,0,0,0,0,0,0,0,0,0,0,0,0,0,0,0,0,0,0,0,0,0,0,0,0,0,0,0,0,0,0,0,0,0,0,0,0,0,0,0,0,0,0,0,0,0,0,0,0,0,0,0,0,0,0,0,0,0,0,0,0,0,0,0,0,0,0,0,0,0,0,0,0,0,0,0,0,0,0,0,0,0,0,0
7.70071156,-6.2204090000001315,0.9207000925380587,2.755081594337756,2.724099999999652,-0.10531649523067843,0.7890307563526378,2.7880000000000007,-0.16921649523069549,0.7251307563526894,4.9246999180133,-0.2787454760093665,-0.8183102572521638,4.9246999180133,-0.2787454760093665,-0.8183102572521638,-2.43,-5.07,-1.0,0.0,0.0,0.0,-2.43,-3.07,-1.0,0.0,0.0,0.0,-2.43,-1.07,-1.0,0.0,0.0,0.0,-2.43,-5.07,1.0,0.0,0.0,0.0,-2.43,-3.07,1.0,0.0,0.0,0.0,-2.43,-1.07,1.0,0.0,0.0,0.0,-1.91,-2.44,-1.0,0.0,0.0,0.0,-1.91,-0.44,-1.0,0.0,0.0,0.0,-1.91,1.56,-1.0,0.0,0.0,0.0,-1.91,3.56,-1.0,0.0,0.0,0.0,-1.91,-2.44,1.0,0.0,0.0,0.0,-1.91,-0.44,1.0,0.0,0.0,0.0,-1.91,1.56,1.0,0.0,0.0,0.0,-1.91,3.56,1.0,0.0,0.0,0.0,-2.76,1.13,-1.0,0.0,0.0,0.0,-2.76,3.13,-1.0,0.0,0.0,0.0,-2.76,5.13,-1.0,0.0,0.0,0.0,-2.76,1.13,1.0,0.0,0.0,0.0,-2.76,3.13,1.0,0.0,0.0,0.0,-2.76,5.13,1.0,0.0,0.0,0.0,6.68,-1.1924000000000705,0.8233999999999986,0.0,-0.5800000000000249,0.5300000000000304,3.65,-2.2487999999998256,-1.4674000000001428,0.0,-1.4599999999997948,-0.8300000000001084,9.84,1.341399999999846,-1.4242000000000297,0.0,1.6300000000000203,-0.8900000000000574,9.84,3.34140000000007,-1.4242000000000297,0.0,1.6300000000000203,-0.8900000000000574,0,0,0,0,0,0,0,0,0,0,0,0,0,0,0,0,0,0,0,0,0,0,0,0,0,0,0,0,0,0,0,0,0,0,0,0,0,0,0,0,0,0,0,0,0,0,0,0,0,0,0,0,0,0,0,0,0,0,0,0,0,0,0,0,0,0,0,0,0,0,0,0,0,0,0,0,0,0,0,0,0,0,0,0,0,0,0,0,0,0,0,0,0,0,0,0,0,0,0,0,0,0,0,0,0,0,0,0,0,0,0,0,0,0,0,0,0,0,0,0,0,0,0,0,0,0,0,0,0,0,0,0,0,0,0,0,0,0,0,0,0,0,0,0,0,0,0,0,0,0,0,0,0,0,0,0
7.802089613,-5.997369000000148,0.9071627729196013,2.813092054845956,2.7879999999997906,-0.16921649523071736,0.7251307563524989,2.8690000000000007,-0.15597249988202355,0.6441307563526895,5.019285342092994,-0.15597249988202355,0.08399109502032687,4.920071310712435,-0.2791820337455679,-0.8455505245330448,-2.43,-5.07,-1.0,0.0,0.0,0.0,-2.43,-3.07,-1.0,0.0,0.0,0.0,-2.43,-1.07,-1.0,0.0,0.0,0.0,-2.43,-5.07,1.0,0.0,0.0,0.0,-2.43,-3.07,1.0,0.0,0.0,0.0,-2.43,-1.07,1.0,0.0,0.0,0.0,-1.91,-2.44,-1.0,0.0,0.0,0.0,-1.91,-0.44,-1.0,0.0,0.0,0.0,-1.91,1.56,-1.0,0.0,0.0,0.0,-1.91,3.56,-1.0,0.0,0.0,0.0,-1.91,-2.44,1.0,0.0,0.0,0.0,-1.91,-0.44,1.0,0.0,0.0,0.0,-1.91,1.56,1.0,0.0,0.0,0.0,-1.91,3.56,1.0,0.0,0.0,0.0,-2.76,1.13,-1.0,0.0,0.0,0.0,-2.76,3.13,-1.0,0.0,0.0,0.0,-2.76,5.13,-1.0,0.0,0.0,0.0,-2.76,1.13,1.0,0.0,0.0,0.0,-2.76,3.13,1.0,0.0,0.0,0.0,-2.76,5.13,1.0,0.0,0.0,0.0,6.68,-1.2388000000000725,0.865800000000001,0.0,-0.5800000000000249,0.5300000000000304,3.65,-2.365599999999809,-1.5338000000001515,0.0,-1.4599999999997948,-0.8300000000001084,9.84,1.4717999999998477,-1.4954000000000343,0.0,1.6300000000000203,-0.8900000000000574,9.84,3.4718000000000715,-1.4954000000000343,0.0,1.6300000000000203,-0.8900000000000574,0,0,0,0,0,0,0,0,0,0,0,0,0,0,0,0,0,0,0,0,0,0,0,0,0,0,0,0,0,0,0,0,0,0,0,0,0,0,0,0,0,0,0,0,0,0,0,0,0,0,0,0,0,0,0,0,0,0,0,0,0,0,0,0,0,0,0,0,0,0,0,0,0,0,0,0,0,0,0,0,0,0,0,0,0,0,0,0,0,0,0,0,0,0,0,0,0,0,0,0,0,0,0,0,0,0,0,0,0,0,0,0,0,0,0,0,0,0,0,0,0,0,0,0,0,0,0,0,0,0,0,0,0,0,0,0,0,0,0,0,0,0,0,0,0,0,0,0,0,0,0,0,0,0,0,0
7.900727288,-5.825391000000174,0.8977779349359855,2.851901900227119,2.8689999999995663,-0.15597249988197337,0.6441307563527232,2.9350000000000005,-0.15484051052553882,0.5781307563526894,5.0285808351867205,-0.15484051052553882,-0.08748457339574012,4.915439696448167,-0.27877442927101076,-0.872202618756774,-2.43,-5.07,-1.0,0.0,0.0,0.0,-2.43,-3.07,-1.0,0.0,0.0,0.0,-2.43,-1.07,-1.0,0.0,0.0,0.0,-2.43,-5.07,1.0,0.0,0.0,0.0,-2.43,-3.07,1.0,0.0,0.0,0.0,-2.43,-1.07,1.0,0.0,0.0,0.0,-1.91,-2.44,-1.0,0.0,0.0,0.0,-1.91,-0.44,-1.0,0.0,0.0,0.0,-1.91,1.56,-1.0,0.0,0.0,0.0,-1.91,3.56,-1.0,0.0,0.0,0.0,-1.91,-2.44,1.0,0.0,0.0,0.0,-1.91,-0.44,1.0,0.0,0.0,0.0,-1.91,1.56,1.0,0.0,0.0,0.0,-1.91,3.56,1.0,0.0,0.0,0.0,-2.76,1.13,-1.0,0.0,0.0,0.0,-2.76,3.13,-1.0,0.0,0.0,0.0,-2.76,5.13,-1.0,0.0,0.0,0.0,-2.76,1.13,1.0,0.0,0.0,0.0,-2.76,3.13,1.0,0.0,0.0,0.0,-2.76,5.13,1.0,0.0,0.0,0.0,6.68,-1.273600000000074,0.8976000000000028,0.0,-0.5800000000000249,0.5300000000000304,3.65,-2.453199999999797,-1.583600000000158,0.0,-1.4599999999997948,-0.8300000000001084,9.84,1.569599999999849,-1.5488000000000377,0.0,1.6300000000000203,-0.8900000000000574,9.84,3.5696000000000727,-1.5488000000000377,0.0,1.6300000000000203,-0.8900000000000574,0,0,0,0,0,0,0,0,0,0,0,0,0,0,0,0,0,0,0,0,0,0,0,0,0,0,0,0,0,0,0,0,0,0,0,0,0,0,0,0,0,0,0,0,0,0,0,0,0,0,0,0,0,0,0,0,0,0,0,0,0,0,0,0,0,0,0,0,0,0,0,0,0,0,0,0,0,0,0,0,0,0,0,0,0,0,0,0,0,0,0,0,0,0,0,0,0,0,0,0,0,0,0,0,0,0,0,0,0,0,0,0,0,0,0,0,0,0,0,0,0,0,0,0,0,0,0,0,0,0,0,0,0,0,0,0,0,0,0,0,0,0,0,0,0,0,0,0,0,0,0,0,0,0,0,0
8.001596929,-5.649687000000181,0.8884807123683166,2.8869857456082877,2.93499999999991,-0.15484051052550019,0.5781307563528237,2.9350000000000005,-0.15484051052553882,0.5781307563526894,5.0285808351867205,-0.15484051052553882,-0.08748457339574012,4.911675866507961,-0.2787149480856688,-0.8931730851726721,-2.43,-5.07,-1.0,0.0,0.0,0.0,-2.43,-3.07,-1.0,0.0,0.0,0.0,-2.43,-1.07,-1.0,0.0,0.0,0.0,-2.43,-5.07,1.0,0.0,0.0,0.0,-2.43,-3.07,1.0,0.0,0.0,0.0,-2.43,-1.07,1.0,0.0,0.0,0.0,-1.91,-2.44,-1.0,0.0,0.0,0.0,-1.91,-0.44,-1.0,0.0,0.0,0.0,-1.91,1.56,-1.0,0.0,0.0,0.0,-1.91,3.56,-1.0,0.0,0.0,0.0,-1.91,-2.44,1.0,0.0,0.0,0.0,-1.91,-0.44,1.0,0.0,0.0,0.0,-1.91,1.56,1.0,0.0,0.0,0.0,-1.91,3.56,1.0,0.0,0.0,0.0,-2.76,1.13,-1.0,0.0,0.0,0.0,-2.76,3.13,-1.0,0.0,0.0,0.0,-2.76,5.13,-1.0,0.0,0.0,0.0,-2.76,1.13,1.0,0.0,0.0,0.0,-2.76,3.13,1.0,0.0,0.0,0.0,-2.76,5.13,1.0,0.0,0.0,0.0,6.68,-1.3084000000000755,0.9294000000000047,0.0,-0.5800000000000249,0.5300000000000304,3.65,-2.5407999999997846,-1.6334000000001645,0.0,-1.4599999999997948,-0.8300000000001084,9.84,1.6673999999998501,-1.6022000000000411,0.0,1.6300000000000203,-0.8900000000000574,9.84,3.667400000000074,-1.6022000000000411,0.0,1.6300000000000203,-0.8900000000000574,0,0,0,0,0,0,0,0,0,0,0,0,0,0,0,0,0,0,0,0,0,0,0,0,0,0,0,0,0,0,0,0,0,0,0,0,0,0,0,0,0,0,0,0,0,0,0,0,0,0,0,0,0,0,0,0,0,0,0,0,0,0,0,0,0,0,0,0,0,0,0,0,0,0,0,0,0,0,0,0,0,0,0,0,0,0,0,0,0,0,0,0,0,0,0,0,0,0,0,0,0,0,0,0,0,0,0,0,0,0,0,0,0,0,0,0,0,0,0,0,0,0,0,0,0,0,0,0,0,0,0,0,0,0,0,0,0,0,0,0,0,0,0,0,0,0,0,0,0,0,0,0,0,0,0,0
8.101412834,-5.41042300000017,0.8805574715262742,2.9287722061164954,3.007000000000204,-0.0828405105255392,0.5061307563525297,3.0710000000000006,-0.1361068064379949,0.44213075635268945,4.973291612210105,-0.1361068064379949,0.06520334355571489,4.907138597270907,-0.27915969141928654,-0.9176386292330972,-2.43,-5.07,-1.0,0.0,0.0,0.0,-2.43,-3.07,-1.0,0.0,0.0,0.0,-2.43,-1.07,-1.0,0.0,0.0,0.0,-2.43,-5.07,1.0,0.0,0.0,0.0,-2.43,-3.07,1.0,0.0,0.0,0.0,-2.43,-1.07,1.0,0.0,0.0,0.0,-1.91,-2.44,-1.0,0.0,0.0,0.0,-1.91,-0.44,-1.0,0.0,0.0,0.0,-1.91,1.56,-1.0,0.0,0.0,0.0,-1.91,3.56,-1.0,0.0,0.0,0.0,-1.91,-2.44,1.0,0.0,0.0,0.0,-1.91,-0.44,1.0,0.0,0.0,0.0,-1.91,1.56,1.0,0.0,0.0,0.0,-1.91,3.56,1.0,0.0,0.0,0.0,-2.76,1.13,-1.0,0.0,0.0,0.0,-2.76,3.13,-1.0,0.0,0.0,0.0,-2.76,5.13,-1.0,0.0,0.0,0.0,-2.76,1.13,1.0,0.0,0.0,0.0,-2.76,3.13,1.0,0.0,0.0,0.0,-2.76,5.13,1.0,0.0,0.0,0.0,6.68,-1.3548000000000775,0.9718000000000071,0.0,-0.5800000000000249,0.5300000000000304,3.65,-2.657599999999768,-1.6998000000001732,0.0,-1.4599999999997948,-0.8300000000001084,9.84,1.7977999999998517,-1.6734000000000457,0.0,1.6300000000000203,-0.8900000000000574,9.84,3.7978000000000756,-1.6734000000000457,0.0,1.6300000000000203,-0.8900000000000574,0,0,0,0,0,0,0,0,0,0,0,0,0,0,0,0,0,0,0,0,0,0,0,0,0,0,0,0,0,0,0,0,0,0,0,0,0,0,0,0,0,0,0,0,0,0,0,0,0,0,0,0,0,0,0,0,0,0,0,0,0,0,0,0,0,0,0,0,0,0,0,0,0,0,0,0,0,0,0,0,0,0,0,0,0,0,0,0,0,0,0,0,0,0,0,0,0,0,0,0,0,0,0,0,0,0,0,0,0,0,0,0,0,0,0,0,0,0,0,0,0,0,0,0,0,0,0,0,0,0,0,0,0,0,0,0,0,0,0,0,0,0,0,0,0,0,0,0,0,0,0,0,0,0,0,0
8.201006603,-5.164871000000149,0.8697754596030637,2.9642706666247274,3.071000000000268,-0.13610680643794115,0.44213075635290977,3.162000000000001,-0.22710680643799488,0.3511307563526894,4.902145164427355,-0.28059636866834353,-0.9435244908170825,4.902145164427355,-0.28059636866834353,-0.9435244908170825,-2.43,-5.07,-1.0,0.0,0.0,0.0,-2.43,-3.07,-1.0,0.0,0.0,0.0,-2.43,-1.07,-1.0,0.0,0.0,0.0,-2.43,-5.07,1.0,0.0,0.0,0.0,-2.43,-3.07,1.0,0.0,0.0,0.0,-2.43,-1.07,1.0,0.0,0.0,0.0,-1.91,-2.44,-1.0,0.0,0.0,0.0,-1.91,-0.44,-1.0,0.0,0.0,0.0,-1.91,1.56,-1.0,0.0,0.0,0.0,-1.91,3.56,-1.0,0.0,0.0,0.0,-1.91,-2.44,1.0,0.0,0.0,0.0,-1.91,-0.44,1.0,0.0,0.0,0.0,-1.91,1.56,1.0,0.0,0.0,0.0,-1.91,3.56,1.0,0.0,0.0,0.0,-2.76,1.13,-1.0,0.0,0.0,0.0,-2.76,3.13,-1.0,0.0,0.0,0.0,-2.76,5.13,-1.0,0.0,0.0,0.0,-2.76,1.13,1.0,0.0,0.0,0.0,-2.76,3.13,1.0,0.0,0.0,0.0,-2.76,5.13,1.0,0.0,0.0,0.0,6.68,-1.4012000000000795,1.0142000000000067,0.0,-0.5800000000000249,0.5299999999999194,3.65,-2.7743999999997517,-1.7662000000001818,0.0,-1.4599999999997948,-0.8300000000001084,9.84,1.9281999999998534,-1.7446000000000503,0.0,1.6300000000000203,-0.8900000000000574,9.84,3.928200000000077,-1.7446000000000503,0.0,1.6300000000000203,-0.8900000000000574,0,0,0,0,0,0,0,0,0,0,0,0,0,0,0,0,0,0,0,0,0,0,0,0,0,0,0,0,0,0,0,0,0,0,0,0,0,0,0,0,0,0,0,0,0,0,0,0,0,0,0,0,0,0,0,0,0,0,0,0,0,0,0,0,0,0,0,0,0,0,0,0,0,0,0,0,0,0,0,0,0,0,0,0,0,0,0,0,0,0,0,0,0,0,0,0,0,0,0,0,0,0,0,0,0,0,0,0,0,0,0,0,0,0,0,0,0,0,0,0,0,0,0,0,0,0,0,0,0,0,0,0,0,0,0,0,0,0,0,0,0,0,0,0,0,0,0,0,0,0,0,0,0,0,0,0
8.303509983,-4.849945000000174,0.8483387789592641,3.000657742259994,3.161999999999665,-0.2271068064380044,0.3511307563526245,3.162000000000001,-0.22710680643799488,0.3511307563526894,4.902145164427355,-0.28059636866834353,-0.9435244908170825,4.896641211360927,-0.2805654045766327,-0.9716933163074375,-2.43,-5.07,-1.0,0.0,0.0,0.0,-2.43,-3.07,-1.0,0.0,0.0,0.0,-2.43,-1.07,-1.0,0.0,0.0,0.0,-2.43,-5.07,1.0,0.0,0.0,0.0,-2.43,-3.07,1.0,0.0,0.0,0.0,-2.43,-1.07,1.0,0.0,0.0,0.0,-1.91,-2.44,-1.0,0.0,0.0,0.0,-1.91,-0.44,-1.0,0.0,0.0,0.0,-1.91,1.56,-1.0,0.0,0.0,0.0,-1.91,3.56,-1.0,0.0,0.0,0.0,-1.91,-2.44,1.0,0.0,0.0,0.0,-1.91,-0.44,1.0,0.0,0.0,0.0,-1.91,1.56,1.0,0.0,0.0,0.0,-1.91,3.56,1.0,0.0,0.0,0.0,-2.76,1.13,-1.0,0.0,0.0,0.0,-2.76,3.13,-1.0,0.0,0.0,0.0,-2.76,5.13,-1.0,0.0,0.0,0.0,-2.76,1.13,1.0,0.0,0.0,0.0,-2.76,3.13,1.0,0.0,0.0,0.0,-2.76,5.13,1.0,0.0,0.0,0.0,6.68,-1.459200000000082,1.0671999999999986,0.0,-0.5800000000000249,0.5299999999999194,3.65,-2.920399999999731,-1.8492000000001927,0.0,-1.4599999999997948,-0.8300000000001084,9.84,2.0911999999998554,-1.833600000000056,0.0,1.6300000000000203,-0.8900000000000574,9.84,4.091200000000055,-1.833600000000056,0.0,1.6299999999995762,-0.8900000000000574,0,0,0,0,0,0,0,0,0,0,0,0,0,0,0,0,0,0,0,0,0,0,0,0,0,0,0,0,0,0,0,0,0,0,0,0,0,0,0,0,0,0,0,0,0,0,0,0,0,0,0,0,0,0,0,0,0,0,0,0,0,0,0,0,0,0,0,0,0,0,0,0,0,0,0,0,0,0,0,0,0,0,0,0,0,0,0,0,0,0,0,0,0,0,0,0,0,0,0,0,0,0,0,0,0,0,0,0,0,0,0,0,0,0,0,0,0,0,0,0,0,0,0,0,0,0,0,0,0,0,0,0,0,0,0,0,0,0,0,0,0,0,0,0,0,0,0,0,0,0,0,0,0,0,0,0
8.403605441,-4.590321000000175,0.8235062344442209,3.0220842027682084,3.2600000000000406,-0.3251068064380469,0.253130756352693,3.3290000000000006,-0.3941068064379949,0.18413075635268944,4.910550212824287,-0.42342983469239437,-0.34060976609938187,4.89174060160721,-0.278623632702238,-0.996615652038106,-2.43,-5.07,-1.0,0.0,0.0,0.0,-2.43,-3.07,-1.0,0.0,0.0,0.0,-2.43,-1.07,-1.0,0.0,0.0,0.0,-2.43,-5.07,1.0,0.0,0.0,0.0,-2.43,-3.07,1.0,0.0,0.0,0.0,-2.43,-1.07,1.0,0.0,0.0,0.0,-1.91,-2.44,-1.0,0.0,0.0,0.0,-1.91,-0.44,-1.0,0.0,0.0,0.0,-1.91,1.56,-1.0,0.0,0.0,0.0,-1.91,3.56,-1.0,0.0,0.0,0.0,-1.91,-2.44,1.0,0.0,0.0,0.0,-1.91,-0.44,1.0,0.0,0.0,0.0,-1.91,1.56,1.0,0.0,0.0,0.0,-1.91,3.56,1.0,0.0,0.0,0.0,-2.76,1.13,-1.0,0.0,0.0,0.0,-2.76,3.13,-1.0,0.0,0.0,0.0,-2.76,5.13,-1.0,0.0,0.0,0.0,-2.76,1.13,1.0,0.0,0.0,0.0,-2.76,3.13,1.0,0.0,0.0,0.0,-2.76,5.13,1.0,0.0,0.0,0.0,6.68,-1.505600000000084,1.1095999999999921,0.0,-0.5800000000000249,0.5299999999999194,3.65,-3.037199999999715,-1.9156000000002014,0.0,-1.4599999999997948,-0.8300000000001084,9.84,2.221599999999857,-1.9048000000000607,0.0,1.6300000000000203,-0.8900000000000574,9.84,4.221600000000021,-1.9048000000000607,0.0,1.6299999999995762,-0.8900000000000574,0,0,0,0,0,0,0,0,0,0,0,0,0,0,0,0,0,0,0,0,0,0,0,0,0,0,0,0,0,0,0,0,0,0,0,0,0,0,0,0,0,0,0,0,0,0,0,0,0,0,0,0,0,0,0,0,0,0,0,0,0,0,0,0,0,0,0,0,0,0,0,0,0,0,0,0,0,0,0,0,0,0,0,0,0,0,0,0,0,0,0,0,0,0,0,0,0,0,0,0,0,0,0,0,0,0,0,0,0,0,0,0,0,0,0,0,0,0,0,0,0,0,0,0,0,0,0,0,0,0,0,0,0,0,0,0,0,0,0,0,0,0,0,0,0,0,0,0,0,0,0,0,0,0,0,0
8.501202521,-4.4572300000001785,0.8078109621866996,3.029518433022321,3.3289999999999154,-0.39410680643803264,0.18413075635281828,3.3290000000000006,-0.3941068064379949,0.18413075635268944,4.910550212824287,-0.42342983469239437,-0.34060976609938187,4.887738184625089,-0.2747816733732864,-1.0171088784078233,-2.43,-5.07,-1.0,0.0,0.0,0.0,-2.43,-3.07,-1.0,0.0,0.0,0.0,-2.43,-1.07,-1.0,0.0,0.0,0.0,-2.43,-5.07,1.0,0.0,0.0,0.0,-2.43,-3.07,1.0,0.0,0.0,0.0,-2.43,-1.07,1.0,0.0,0.0,0.0,-1.91,-2.44,-1.0,0.0,0.0,0.0,-1.91,-0.44,-1.0,0.0,0.0,0.0,-1.91,1.56,-1.0,0.0,0.0,0.0,-1.91,3.56,-1.0,0.0,0.0,0.0,-1.91,-2.44,1.0,0.0,0.0,0.0,-1.91,-0.44,1.0,0.0,0.0,0.0,-1.91,1.56,1.0,0.0,0.0,0.0,-1.91,3.56,1.0,0.0,0.0,0.0,-2.76,1.13,-1.0,0.0,0.0,0.0,-2.76,3.13,-1.0,0.0,0.0,0.0,-2.76,5.13,-1.0,0.0,0.0,0.0,-2.76,1.13,1.0,0.0,0.0,0.0,-2.76,3.13,1.0,0.0,0.0,0.0,-2.76,5.13,1.0,0.0,0.0,0.0,6.68,-1.528800000000085,1.130799999999989,0.0,-0.5800000000000249,0.5299999999999194,3.65,-3.0955999999997066,-1.9488000000002057,0.0,-1.4599999999997948,-0.8300000000001084,9.84,2.286799999999858,-1.940400000000063,0.0,1.6300000000000203,-0.8900000000000574,9.84,4.286800000000004,-1.940400000000063,0.0,1.6299999999995762,-0.8900000000000574,0,0,0,0,0,0,0,0,0,0,0,0,0,0,0,0,0,0,0,0,0,0,0,0,0,0,0,0,0,0,0,0,0,0,0,0,0,0,0,0,0,0,0,0,0,0,0,0,0,0,0,0,0,0,0,0,0,0,0,0,0,0,0,0,0,0,0,0,0,0,0,0,0,0,0,0,0,0,0,0,0,0,0,0,0,0,0,0,0,0,0,0,0,0,0,0,0,0,0,0,0,0,0,0,0,0,0,0,0,0,0,0,0,0,0,0,0,0,0,0,0,0,0,0,0,0,0,0,0,0,0,0,0,0,0,0,0,0,0,0,0,0,0,0,0,0,0,0,0,0,0,0,0,0,0,0
8.601257718,-4.322726000000186,0.7907026899291796,3.035539663276427,3.3849999999997493,-0.4501068064379776,0.12813075635254023,3.4190000000000005,-0.48410680643799486,0.09413075635268944,4.913952552396439,-0.5536147750750429,-0.856088064615034,4.885576679244686,-0.2718737771850981,-1.0282145498384923,-2.43,-5.07,-1.0,0.0,0.0,0.0,-2.43,-3.07,-1.0,0.0,0.0,0.0,-2.43,-1.07,-1.0,0.0,0.0,0.0,-2.43,-5.07,1.0,0.0,0.0,0.0,-2.43,-3.07,1.0,0.0,0.0,0.0,-2.43,-1.07,1.0,0.0,0.0,0.0,-1.91,-2.44,-1.0,0.0,0.0,0.0,-1.91,-0.44,-1.0,0.0,0.0,0.0,-1.91,1.56,-1.0,0.0,0.0,0.0,-1.91,3.56,-1.0,0.0,0.0,0.0,-1.91,-2.44,1.0,0.0,0.0,0.0,-1.91,-0.44,1.0,0.0,0.0,0.0,-1.91,1.56,1.0,0.0,0.0,0.0,-1.91,3.56,1.0,0.0,0.0,0.0,-2.76,1.13,-1.0,0.0,0.0,0.0,-2.76,3.13,-1.0,0.0,0.0,0.0,-2.76,5.13,-1.0,0.0,0.0,0.0,-2.76,1.13,1.0,0.0,0.0,0.0,-2.76,3.13,1.0,0.0,0.0,0.0,-2.76,5.13,1.0,0.0,0.0,0.0,6.68,-1.552000000000086,1.1519999999999857,0.0,-0.5800000000000249,0.5299999999999194,3.65,-3.1539999999996984,-1.98200000000021,0.0,-1.4599999999997948,-0.8300000000001084,9.84,2.3519999999998586,-1.9760000000000653,0.0,1.6300000000000203,-0.8900000000000574,9.84,4.351999999999987,-1.9760000000000653,0.0,1.6299999999995762,-0.8900000000000574,0,0,0,0,0,0,0,0,0,0,0,0,0,0,0,0,0,0,0,0,0,0,0,0,0,0,0,0,0,0,0,0,0,0,0,0,0,0,0,0,0,0,0,0,0,0,0,0,0,0,0,0,0,0,0,0,0,0,0,0,0,0,0,0,0,0,0,0,0,0,0,0,0,0,0,0,0,0,0,0,0,0,0,0,0,0,0,0,0,0,0,0,0,0,0,0,0,0,0,0,0,0,0,0,0,0,0,0,0,0,0,0,0,0,0,0,0,0,0,0,0,0,0,0,0,0,0,0,0,0,0,0,0,0,0,0,0,0,0,0,0,0,0,0,0,0,0,0,0,0,0,0,0,0,0,0
8.701659154,-3.9812000000001833,0.7426660092853837,3.045326738911693,3.419000000000061,-0.4841068064379561,0.09413075635267276,3.4190000000000005,-0.48410680643799486,0.09413075635268944,4.913952552396439,-0.5536147750750429,-0.856088064615034,4.881757610869818,-0.26483986258576764,-1.0479992728528789,-2.43,-5.07,-1.0,0.0,0.0,0.0,-2.43,-3.07,-1.0,0.0,0.0,0.0,-2.43,-1.07,-1.0,0.0,0.0,0.0,-2.43,-5.07,1.0,0.0,0.0,0.0,-2.43,-3.07,1.0,0.0,0.0,0.0,-2.43,-1.07,1.0,0.0,0.0,0.0,-1.91,-2.44,-1.0,0.0,0.0,0.0,-1.91,-0.44,-1.0,0.0,0.0,0.0,-1.91,1.56,-1.0,0.0,0.0,0.0,-1.91,3.56,-1.0,0.0,0.0,0.0,-1.91,-2.44,1.0,0.0,0.0,0.0,-1.91,-0.44,1.0,0.0,0.0,0.0,-1.91,1.56,1.0,0.0,0.0,0.0,-1.91,3.56,1.0,0.0,0.0,0.0,-2.76,1.13,-1.0,0.0,0.0,0.0,-2.76,3.13,-1.0,0.0,0.0,0.0,-2.76,5.13,-1.0,0.0,0.0,0.0,-2.76,1.13,1.0,0.0,0.0,0.0,-2.76,3.13,1.0,0.0,0.0,0.0,-2.76,5.13,1.0,0.0,0.0,0.0,6.68,-1.6100000000000885,1.2049999999999776,0.0,-0.5800000000000249,0.5299999999999194,3.65,-3.299999999999678,-2.0650000000002207,0.0,-1.4599999999997948,-0.8300000000001084,9.84,2.5149999999998607,-2.065000000000071,0.0,1.6300000000000203,-0.8900000000000574,9.84,4.514999999999945,-2.065000000000071,0.0,1.6299999999995762,-0.8900000000000574,0,0,0,0,0,0,0,0,0,0,0,0,0,0,0,0,0,0,0,0,0,0,0,0,0,0,0,0,0,0,0,0,0,0,0,0,0,0,0,0,0,0,0,0,0,0,0,0,0,0,0,0,0,0,0,0,0,0,0,0,0,0,0,0,0,0,0,0,0,0,0,0,0,0,0,0,0,0,0,0,0,0,0,0,0,0,0,0,0,0,0,0,0,0,0,0,0,0,0,0,0,0,0,0,0,0,0,0,0,0,0,0,0,0,0,0,0,0,0,0,0,0,0,0,0,0,0,0,0,0,0,0,0,0,0,0,0,0,0,0,0,0,0,0,0,0,0,0,0,0,0,0,0,0,0,0
8.801405387,-3.771011000000176,0.7186686008991043,3.0459255842928497,3.518000000000132,-0.3851068064379959,-0.004869243647398491,3.5820000000000007,-0.3211068064379949,-0.06886924364731056,4.877441740376335,-0.2568749440525213,-1.0698492101005108,4.877441740376335,-0.2568749440525213,-1.0698492101005108,-2.43,-5.07,-1.0,0.0,0.0,0.0,-2.43,-3.07,-1.0,0.0,0.0,0.0,-2.43,-1.07,-1.0,0.0,0.0,0.0,-2.43,-5.07,1.0,0.0,0.0,0.0,-2.43,-3.07,1.0,0.0,0.0,0.0,-2.43,-1.07,1.0,0.0,0.0,0.0,-1.91,-2.44,-1.0,0.0,0.0,0.0,-1.91,-0.44,-1.0,0.0,0.0,0.0,-1.91,1.56,-1.0,0.0,0.0,0.0,-1.91,3.56,-1.0,0.0,0.0,0.0,-1.91,-2.44,1.0,0.0,0.0,0.0,-1.91,-0.44,1.0,0.0,0.0,0.0,-1.91,1.56,1.0,0.0,0.0,0.0,-1.91,3.56,1.0,0.0,0.0,0.0,-2.76,1.13,-1.0,0.0,0.0,0.0,-2.76,3.13,-1.0,0.0,0.0,0.0,-2.76,5.13,-1.0,0.0,0.0,0.0,-2.76,1.13,1.0,0.0,0.0,0.0,-2.76,3.13,1.0,0.0,0.0,0.0,-2.76,5.13,1.0,0.0,0.0,0.0,6.68,-1.64480000000009,1.2367999999999728,0.0,-0.5800000000000249,0.5299999999999194,3.65,-3.3875999999996655,-2.114800000000227,0.0,-1.4599999999997948,-0.8300000000001084,9.84,2.612799999999862,-2.1184000000000744,0.0,1.6300000000000203,-0.8900000000000574,9.84,4.612799999999919,-2.1184000000000744,0.0,1.6299999999995762,-0.8900000000000574,0,0,0,0,0,0,0,0,0,0,0,0,0,0,0,0,0,0,0,0,0,0,0,0,0,0,0,0,0,0,0,0,0,0,0,0,0,0,0,0,0,0,0,0,0,0,0,0,0,0,0,0,0,0,0,0,0,0,0,0,0,0,0,0,0,0,0,0,0,0,0,0,0,0,0,0,0,0,0,0,0,0,0,0,0,0,0,0,0,0,0,0,0,0,0,0,0,0,0,0,0,0,0,0,0,0,0,0,0,0,0,0,0,0,0,0,0,0,0,0,0,0,0,0,0,0,0,0,0,0,0,0,0,0,0,0,0,0,0,0,0,0,0,0,0,0,0,0,0,0,0,0,0,0,0,0
8.900476039,-3.4135570000001576,0.685795179668025,3.039784659928104,3.590600000000154,-0.31418086516561416,-0.07746924364746555,3.6680000000000006,-0.2518473937137886,-0.15486924364731056,4.873289505948631,-0.2518473937137886,-1.089780841036637,4.873289505948631,-0.2518473937137886,-1.089780841036637,-2.43,-5.07,-1.0,0.0,0.0,0.0,-2.43,-3.07,-1.0,0.0,0.0,0.0,-2.43,-1.07,-1.0,0.0,0.0,0.0,-2.43,-5.07,1.0,0.0,0.0,0.0,-2.43,-3.07,1.0,0.0,0.0,0.0,-2.43,-1.07,1.0,0.0,0.0,0.0,-1.91,-2.44,-1.0,0.0,0.0,0.0,-1.91,-0.44,-1.0,0.0,0.0,0.0,-1.91,1.56,-1.0,0.0,0.0,0.0,-1.91,3.56,-1.0,0.0,0.0,0.0,-1.91,-2.44,1.0,0.0,0.0,0.0,-1.91,-0.44,1.0,0.0,0.0,0.0,-1.91,1.56,1.0,0.0,0.0,0.0,-1.91,3.56,1.0,0.0,0.0,0.0,-2.76,1.13,-1.0,0.0,0.0,0.0,-2.76,3.13,-1.0,0.0,0.0,0.0,-2.76,5.13,-1.0,0.0,0.0,0.0,-2.76,1.13,1.0,0.0,0.0,0.0,-2.76,3.13,1.0,0.0,0.0,0.0,-2.76,5.13,1.0,0.0,0.0,0.0,6.68,-1.7028000000000925,1.2897999999999648,0.0,-0.5800000000000249,0.5299999999999194,3.65,-3.533599999999645,-2.197800000000238,0.0,-1.4599999999997948,-0.8300000000001084,9.84,2.775799999999864,-2.20740000000008,0.0,1.6300000000000203,-0.8900000000000574,9.84,4.775799999999877,-2.20740000000008,0.0,1.6299999999995762,-0.8900000000000574,0,0,0,0,0,0,0,0,0,0,0,0,0,0,0,0,0,0,0,0,0,0,0,0,0,0,0,0,0,0,0,0,0,0,0,0,0,0,0,0,0,0,0,0,0,0,0,0,0,0,0,0,0,0,0,0,0,0,0,0,0,0,0,0,0,0,0,0,0,0,0,0,0,0,0,0,0,0,0,0,0,0,0,0,0,0,0,0,0,0,0,0,0,0,0,0,0,0,0,0,0,0,0,0,0,0,0,0,0,0,0,0,0,0,0,0,0,0,0,0,0,0,0,0,0,0,0,0,0,0,0,0,0,0,0,0,0,0,0,0,0,0,0,0,0,0,0,0,0,0,0,0,0,0,0,0
9.003556679,-3.0462820000001773,0.6606295156213609,3.023822735563355,3.7154999999999823,-0.24993986124260958,-0.2023692436474711,3.763000000000001,-0.2480323287714585,-0.24986924364731056,4.868361630760959,-0.2480323287714585,-1.112445502493808,4.868361630760959,-0.2480323287714585,-1.112445502493808,-2.43,-5.07,-1.0,0.0,0.0,0.0,-2.43,-3.07,-1.0,0.0,0.0,0.0,-2.43,-1.07,-1.0,0.0,0.0,0.0,-2.43,-5.07,1.0,0.0,0.0,0.0,-2.43,-3.07,1.0,0.0,0.0,0.0,-2.43,-1.07,1.0,0.0,0.0,0.0,-1.91,-2.44,-1.0,0.0,0.0,0.0,-1.91,-0.44,-1.0,0.0,0.0,0.0,-1.91,1.56,-1.0,0.0,0.0,0.0,-1.91,3.56,-1.0,0.0,0.0,0.0,-1.91,-2.44,1.0,0.0,0.0,0.0,-1.91,-0.44,1.0,0.0,0.0,0.0,-1.91,1.56,1.0,0.0,0.0,0.0,-1.91,3.56,1.0,0.0,0.0,0.0,-2.76,1.13,-1.0,0.0,0.0,0.0,-2.76,3.13,-1.0,0.0,0.0,0.0,-2.76,5.13,-1.0,0.0,0.0,0.0,-2.76,1.13,1.0,0.0,0.0,0.0,-2.76,3.13,1.0,0.0,0.0,0.0,-2.76,5.13,1.0,0.0,0.0,0.0,6.68,-1.760800000000095,1.3427999999999567,0.0,-0.5800000000000249,0.5299999999999194,3.65,-3.6795999999996245,-2.280800000000249,0.0,-1.4599999999997948,-0.8300000000001084,9.84,2.938799999999866,-2.296400000000086,0.0,1.6300000000000203,-0.8900000000000574,9.84,4.938799999999862,-2.296400000000086,0.0,1.6300000000000203,-0.8900000000000574,0,0,0,0,0,0,0,0,0,0,0,0,0,0,0,0,0,0,0,0,0,0,0,0,0,0,0,0,0,0,0,0,0,0,0,0,0,0,0,0,0,0,0,0,0,0,0,0,0,0,0,0,0,0,0,0,0,0,0,0,0,0,0,0,0,0,0,0,0,0,0,0,0,0,0,0,0,0,0,0,0,0,0,0,0,0,0,0,0,0,0,0,0,0,0,0,0,0,0,0,0,0,0,0,0,0,0,0,0,0,0,0,0,0,0,0,0,0,0,0,0,0,0,0,0,0,0,0,0,0,0,0,0,0,0,0,0,0,0,0,0,0,0,0,0,0,0,0,0,0,0,0,0,0,0,0
9.100599405,-2.745158000000163,0.6407892404047199,3.0037491960715594,3.7714000000001575,-0.24780122026385465,-0.2582692436474243,3.847000000000001,-0.24572124369540127,-0.3338692436473106,4.8636529399829485,-0.24572124369540127,-1.1333583501223305,4.8636529399829485,-0.24572124369540127,-1.1333583501223305,-2.43,-5.07,-1.0,0.0,0.0,0.0,-2.43,-3.07,-1.0,0.0,0.0,0.0,-2.43,-1.07,-1.0,0.0,0.0,0.0,-2.43,-5.07,1.0,0.0,0.0,0.0,-2.43,-3.07,1.0,0.0,0.0,0.0,-2.43,-1.07,1.0,0.0,0.0,0.0,-1.91,-2.44,-1.0,0.0,0.0,0.0,-1.91,-0.44,-1.0,0.0,0.0,0.0,-1.91,1.56,-1.0,0.0,0.0,0.0,-1.91,3.56,-1.0,0.0,0.0,0.0,-1.91,-2.44,1.0,0.0,0.0,0.0,-1.91,-0.44,1.0,0.0,0.0,0.0,-1.91,1.56,1.0,0.0,0.0,0.0,-1.91,3.56,1.0,0.0,0.0,0.0,-2.76,1.13,-1.0,0.0,0.0,0.0,-2.76,3.13,-1.0,0.0,0.0,0.0,-2.76,5.13,-1.0,0.0,0.0,0.0,-2.76,1.13,1.0,0.0,0.0,0.0,-2.76,3.13,1.0,0.0,0.0,0.0,-2.76,5.13,1.0,0.0,0.0,0.0,6.68,-1.807200000000097,1.3851999999999502,0.0,-0.5800000000000249,0.5299999999999194,3.65,-3.796399999999608,-2.3472000000002575,0.0,-1.4599999999997948,-0.8300000000001084,9.84,3.0691999999998676,-2.3676000000000905,0.0,1.6300000000000203,-0.8900000000000574,9.84,5.069199999999864,-2.3676000000000905,0.0,1.6300000000000203,-0.8900000000000574,0,0,0,0,0,0,0,0,0,0,0,0,0,0,0,0,0,0,0,0,0,0,0,0,0,0,0,0,0,0,0,0,0,0,0,0,0,0,0,0,0,0,0,0,0,0,0,0,0,0,0,0,0,0,0,0,0,0,0,0,0,0,0,0,0,0,0,0,0,0,0,0,0,0,0,0,0,0,0,0,0,0,0,0,0,0,0,0,0,0,0,0,0,0,0,0,0,0,0,0,0,0,0,0,0,0,0,0,0,0,0,0,0,0,0,0,0,0,0,0,0,0,0,0,0,0,0,0,0,0,0,0,0,0,0,0,0,0,0,0,0,0,0,0,0,0,0,0,0,0,0,0,0,0,0,0
9.201755721,-2.4373980000001683,0.62113154090909,2.9770396565797834,3.8469999999999347,-0.24572124369537374,-0.33386924364720016,3.935000000000001,-0.24357608888910653,-0.4218692436473106,4.85911080411748,-0.24357608888910653,-1.1531317714078764,4.85911080411748,-0.24357608888910653,-1.1531317714078764,-2.43,-5.07,-1.0,0.0,0.0,0.0,-2.43,-3.07,-1.0,0.0,0.0,0.0,-2.43,-1.07,-1.0,0.0,0.0,0.0,-2.43,-5.07,1.0,0.0,0.0,0.0,-2.43,-3.07,1.0,0.0,0.0,0.0,-2.43,-1.07,1.0,0.0,0.0,0.0,-1.91,-2.44,-1.0,0.0,0.0,0.0,-1.91,-0.44,-1.0,0.0,0.0,0.0,-1.91,1.56,-1.0,0.0,0.0,0.0,-1.91,3.56,-1.0,0.0,0.0,0.0,-1.91,-2.44,1.0,0.0,0.0,0.0,-1.91,-0.44,1.0,0.0,0.0,0.0,-1.91,1.56,1.0,0.0,0.0,0.0,-1.91,3.56,1.0,0.0,0.0,0.0,-2.76,1.13,-1.0,0.0,0.0,0.0,-2.76,3.13,-1.0,0.0,0.0,0.0,-2.76,5.13,-1.0,0.0,0.0,0.0,-2.76,1.13,1.0,0.0,0.0,0.0,-2.76,3.13,1.0,0.0,0.0,0.0,-2.76,5.13,1.0,0.0,0.0,0.0,6.68,-1.853600000000099,1.4275999999999438,0.0,-0.5800000000000249,0.5299999999999194,3.65,-3.9131999999995917,-2.413600000000266,0.0,-1.4599999999997948,-0.8300000000001084,9.84,3.199599999999869,-2.438800000000095,0.0,1.6300000000000203,-0.8900000000000574,9.84,5.199599999999865,-2.438800000000095,0.0,1.6300000000000203,-0.8900000000000574,0,0,0,0,0,0,0,0,0,0,0,0,0,0,0,0,0,0,0,0,0,0,0,0,0,0,0,0,0,0,0,0,0,0,0,0,0,0,0,0,0,0,0,0,0,0,0,0,0,0,0,0,0,0,0,0,0,0,0,0,0,0,0,0,0,0,0,0,0,0,0,0,0,0,0,0,0,0,0,0,0,0,0,0,0,0,0,0,0,0,0,0,0,0,0,0,0,0,0,0,0,0,0,0,0,0,0,0,0,0,0,0,0,0,0,0,0,0,0,0,0,0,0,0,0,0,0,0,0,0,0,0,0,0,0,0,0,0,0,0,0,0,0,0,0,0,0,0,0,0,0,0,0,0,0,0
9.301147041,-2.1231260000001835,0.6016325828691212,2.9438181170879845,3.9349999999998007,-0.2435760888891414,-0.4218692436475102,3.935000000000001,-0.24357608888910653,-0.4218692436473106,4.85911080411748,-0.24357608888910653,-1.1531317714078764,4.855050628853158,-0.24170459958625773,-1.1704965945321657,-2.43,-5.07,-1.0,0.0,0.0,0.0,-2.43,-3.07,-1.0,0.0,0.0,0.0,-2.43,-1.07,-1.0,0.0,0.0,0.0,-2.43,-5.07,1.0,0.0,0.0,0.0,-2.43,-3.07,1.0,0.0,0.0,0.0,-2.43,-1.07,1.0,0.0,0.0,0.0,-1.91,-2.44,-1.0,0.0,0.0,0.0,-1.91,-0.44,-1.0,0.0,0.0,0.0,-1.91,1.56,-1.0,0.0,0.0,0.0,-1.91,3.56,-1.0,0.0,0.0,0.0,-1.91,-2.44,1.0,0.0,0.0,0.0,-1.91,-0.44,1.0,0.0,0.0,0.0,-1.91,1.56,1.0,0.0,0.0,0.0,-1.91,3.56,1.0,0.0,0.0,0.0,-2.76,1.13,-1.0,0.0,0.0,0.0,-2.76,3.13,-1.0,0.0,0.0,0.0,-2.76,5.13,-1.0,0.0,0.0,0.0,-2.76,1.13,1.0,0.0,0.0,0.0,-2.76,3.13,1.0,0.0,0.0,0.0,-2.76,5.13,1.0,0.0,0.0,0.0,6.68,-1.900000000000101,1.4699999999999374,0.0,-0.5800000000000249,0.5299999999999194,3.65,-4.029999999999576,-2.480000000000275,0.0,-1.4599999999997948,-0.8300000000001084,9.84,3.329999999999871,-2.5100000000000997,0.0,1.6300000000000203,-0.8900000000000574,9.84,5.329999999999867,-2.5100000000000997,0.0,1.6300000000000203,-0.8900000000000574,0,0,0,0,0,0,0,0,0,0,0,0,0,0,0,0,0,0,0,0,0,0,0,0,0,0,0,0,0,0,0,0,0,0,0,0,0,0,0,0,0,0,0,0,0,0,0,0,0,0,0,0,0,0,0,0,0,0,0,0,0,0,0,0,0,0,0,0,0,0,0,0,0,0,0,0,0,0,0,0,0,0,0,0,0,0,0,0,0,0,0,0,0,0,0,0,0,0,0,0,0,0,0,0,0,0,0,0,0,0,0,0,0,0,0,0,0,0,0,0,0,0,0,0,0,0,0,0,0,0,0,0,0,0,0,0,0,0,0,0,0,0,0,0,0,0,0,0,0,0,0,0,0,0,0,0
9.401711576,-1.8024610000001875,0.5822756285198875,2.904203577596191,4.019999999999912,-0.24170459958627877,-0.5068692436474009,4.020000000000001,-0.24170459958625773,-0.5068692436473106,4.855050628853158,-0.24170459958625773,-1.1704965945321657,4.851816833054504,-0.24024154518226928,-1.184127281358468,-2.43,-5.07,-1.0,0.0,0.0,0.0,-2.43,-3.07,-1.0,0.0,0.0,0.0,-2.43,-1.07,-1.0,0.0,0.0,0.0,-2.43,-5.07,1.0,0.0,0.0,0.0,-2.43,-3.07,1.0,0.0,0.0,0.0,-2.43,-1.07,1.0,0.0,0.0,0.0,-1.91,-2.44,-1.0,0.0,0.0,0.0,-1.91,-0.44,-1.0,0.0,0.0,0.0,-1.91,1.56,-1.0,0.0,0.0,0.0,-1.91,3.56,-1.0,0.0,0.0,0.0,-1.91,-2.44,1.0,0.0,0.0,0.0,-1.91,-0.44,1.0,0.0,0.0,0.0,-1.91,1.56,1.0,0.0,0.0,0.0,-1.91,3.56,1.0,0.0,0.0,0.0,-2.76,1.13,-1.0,0.0,0.0,0.0,-2.76,3.13,-1.0,0.0,0.0,0.0,-2.76,5.13,-1.0,0.0,0.0,0.0,-2.76,1.13,1.0,0.0,0.0,0.0,-2.76,3.13,1.0,0.0,0.0,0.0,-2.76,5.13,1.0,0.0,0.0,0.0,6.68,-1.946400000000103,1.512399999999931,0.0,-0.5800000000000249,0.5299999999999194,3.65,-4.146799999999559,-2.5464000000002835,0.0,-1.4599999999997948,-0.8300000000001084,9.84,3.4603999999998725,-2.5812000000001043,0.0,1.6300000000000203,-0.8900000000000574,9.84,5.4603999999998685,-2.5812000000001043,0.0,1.6300000000000203,-0.8900000000000574,0,0,0,0,0,0,0,0,0,0,0,0,0,0,0,0,0,0,0,0,0,0,0,0,0,0,0,0,0,0,0,0,0,0,0,0,0,0,0,0,0,0,0,0,0,0,0,0,0,0,0,0,0,0,0,0,0,0,0,0,0,0,0,0,0,0,0,0,0,0,0,0,0,0,0,0,0,0,0,0,0,0,0,0,0,0,0,0,0,0,0,0,0,0,0,0,0,0,0,0,0,0,0,0,0,0,0,0,0,0,0,0,0,0,0,0,0,0,0,0,0,0,0,0,0,0,0,0,0,0,0,0,0,0,0,0,0,0,0,0,0,0,0,0,0,0,0,0,0,0,0,0,0,0,0,0
9.501498943,-1.475323000000193,0.5630431374156664,2.8581160381044133,4.097999999999935,-0.2402415451823181,-0.5848692436472014,4.171000000000002,-0.23873629975739558,-0.6578692436473105,4.848439311253208,-0.23873629975739558,-1.1981824670193861,4.848439311253208,-0.23873629975739558,-1.1981824670193861,-2.43,-5.07,-1.0,0.0,0.0,0.0,-2.43,-3.07,-1.0,0.0,0.0,0.0,-2.43,-1.07,-1.0,0.0,0.0,0.0,-2.43,-5.07,1.0,0.0,0.0,0.0,-2.43,-3.07,1.0,0.0,0.0,0.0,-2.43,-1.07,1.0,0.0,0.0,0.0,-1.91,-2.44,-1.0,0.0,0.0,0.0,-1.91,-0.44,-1.0,0.0,0.0,0.0,-1.91,1.56,-1.0,0.0,0.0,0.0,-1.91,3.56,-1.0,0.0,0.0,0.0,-1.91,-2.44,1.0,0.0,0.0,0.0,-1.91,-0.44,1.0,0.0,0.0,0.0,-1.91,1.56,1.0,0.0,0.0,0.0,-1.91,3.56,1.0,0.0,0.0,0.0,-2.76,1.13,-1.0,0.0,0.0,0.0,-2.76,3.13,-1.0,0.0,0.0,0.0,-2.76,5.13,-1.0,0.0,0.0,0.0,-2.76,1.13,1.0,0.0,0.0,0.0,-2.76,3.13,1.0,0.0,0.0,0.0,-2.76,5.13,1.0,0.0,0.0,0.0,6.68,-1.992800000000105,1.5547999999999245,0.0,-0.5800000000000249,0.5299999999999194,3.65,-4.263599999999543,-2.6128000000002922,0.0,-1.4599999999997948,-0.8300000000001084,9.84,3.590799999999874,-2.652400000000109,0.0,1.6300000000000203,-0.8900000000000574,9.84,5.59079999999987,-2.652400000000109,0.0,1.6300000000000203,-0.8900000000000574,0,0,0,0,0,0,0,0,0,0,0,0,0,0,0,0,0,0,0,0,0,0,0,0,0,0,0,0,0,0,0,0,0,0,0,0,0,0,0,0,0,0,0,0,0,0,0,0,0,0,0,0,0,0,0,0,0,0,0,0,0,0,0,0,0,0,0,0,0,0,0,0,0,0,0,0,0,0,0,0,0,0,0,0,0,0,0,0,0,0,0,0,0,0,0,0,0,0,0,0,0,0,0,0,0,0,0,0,0,0,0,0,0,0,0,0,0,0,0,0,0,0,0,0,0,0,0,0,0,0,0,0,0,0,0,0,0,0,0,0,0,0,0,0,0,0,0,0,0,0,0,0,0,0,0,0
9.60059289,-1.141789000000199,0.5439412229442286,2.805632498612638,4.170999999999924,-0.23873629975734723,-0.6578692436471911,4.261000000000002,-0.23725611847285766,-0.7478692436473104,4.845076422166514,-0.23725611847285766,-1.2119999990153965,4.845076422166514,-0.23725611847285766,-1.2119999990153965,-2.43,-5.07,-1.0,0.0,0.0,0.0,-2.43,-3.07,-1.0,0.0,0.0,0.0,-2.43,-1.07,-1.0,0.0,0.0,0.0,-2.43,-5.07,1.0,0.0,0.0,0.0,-2.43,-3.07,1.0,0.0,0.0,0.0,-2.43,-1.07,1.0,0.0,0.0,0.0,-1.91,-2.44,-1.0,0.0,0.0,0.0,-1.91,-0.44,-1.0,0.0,0.0,0.0,-1.91,1.56,-1.0,0.0,0.0,0.0,-1.91,3.56,-1.0,0.0,0.0,0.0,-1.91,-2.44,1.0,0.0,0.0,0.0,-1.91,-0.44,1.0,0.0,0.0,0.0,-1.91,1.56,1.0,0.0,0.0,0.0,-1.91,3.56,1.0,0.0,0.0,0.0,-2.76,1.13,-1.0,0.0,0.0,0.0,-2.76,3.13,-1.0,0.0,0.0,0.0,-2.76,5.13,-1.0,0.0,0.0,0.0,-2.76,1.13,1.0,0.0,0.0,0.0,-2.76,3.13,1.0,0.0,0.0,0.0,-2.76,5.13,1.0,0.0,0.0,0.0,6.68,-2.039200000000092,1.597199999999918,0.0,-0.5799999999998029,0.5299999999999194,3.65,-4.3803999999995265,-2.679200000000301,0.0,-1.4599999999997948,-0.8300000000001084,9.84,3.7211999999998757,-2.7236000000001135,0.0,1.6300000000000203,-0.8900000000000574,9.84,5.721199999999872,-2.7236000000001135,0.0,1.6300000000000203,-0.8900000000000574,0,0,0,0,0,0,0,0,0,0,0,0,0,0,0,0,0,0,0,0,0,0,0,0,0,0,0,0,0,0,0,0,0,0,0,0,0,0,0,0,0,0,0,0,0,0,0,0,0,0,0,0,0,0,0,0,0,0,0,0,0,0,0,0,0,0,0,0,0,0,0,0,0,0,0,0,0,0,0,0,0,0,0,0,0,0,0,0,0,0,0,0,0,0,0,0,0,0,0,0,0,0,0,0,0,0,0,0,0,0,0,0,0,0,0,0,0,0,0,0,0,0,0,0,0,0,0,0,0,0,0,0,0,0,0,0,0,0,0,0,0,0,0,0,0,0,0,0,0,0,0,0,0,0,0,0
9.702455798,-0.7168590000002012,0.520196368740249,2.732015574247906,4.260999999999959,-0.23725611847280614,-0.7478692436473366,4.350000000000002,-0.2357978793803149,-0.8368692436473104,4.841724044749688,-0.2357978793803149,-1.2256050075666598,4.841724044749688,-0.2357978793803149,-1.2256050075666598,-2.43,-5.07,-1.0,0.0,0.0,0.0,-2.43,-3.07,-1.0,0.0,0.0,0.0,-2.43,-1.07,-1.0,0.0,0.0,0.0,-2.43,-5.07,1.0,0.0,0.0,0.0,-2.43,-3.07,1.0,0.0,0.0,0.0,-2.43,-1.07,1.0,0.0,0.0,0.0,-1.91,-2.44,-1.0,0.0,0.0,0.0,-1.91,-0.44,-1.0,0.0,0.0,0.0,-1.91,1.56,-1.0,0.0,0.0,0.0,-1.91,3.56,-1.0,0.0,0.0,0.0,-1.91,-2.44,1.0,0.0,0.0,0.0,-1.91,-0.44,1.0,0.0,0.0,0.0,-1.91,1.56,1.0,0.0,0.0,0.0,-1.91,3.56,1.0,0.0,0.0,0.0,-2.76,1.13,-1.0,0.0,0.0,0.0,-2.76,3.13,-1.0,0.0,0.0,0.0,-2.76,5.13,-1.0,0.0,0.0,0.0,-2.76,1.13,1.0,0.0,0.0,0.0,-2.76,3.13,1.0,0.0,0.0,0.0,-2.76,5.13,1.0,0.0,0.0,0.0,6.68,-2.0972000000000723,1.65019999999991,0.0,-0.5799999999998029,0.5299999999999194,3.65,-4.526399999999506,-2.7622000000003117,0.0,-1.4599999999997948,-0.8300000000001084,9.84,3.8841999999998778,-2.8126000000001192,0.0,1.6300000000000203,-0.8900000000000574,9.84,5.884199999999874,-2.8126000000001192,0.0,1.6300000000000203,-0.8900000000000574,0,0,0,0,0,0,0,0,0,0,0,0,0,0,0,0,0,0,0,0,0,0,0,0,0,0,0,0,0,0,0,0,0,0,0,0,0,0,0,0,0,0,0,0,0,0,0,0,0,0,0,0,0,0,0,0,0,0,0,0,0,0,0,0,0,0,0,0,0,0,0,0,0,0,0,0,0,0,0,0,0,0,0,0,0,0,0,0,0,0,0,0,0,0,0,0,0,0,0,0,0,0,0,0,0,0,0,0,0,0,0,0,0,0,0,0,0,0,0,0,0,0,0,0,0,0,0,0,0,0,0,0,0,0,0,0,0,0,0,0,0,0,0,0,0,0,0,0,0,0,0,0,0,0,0,0
9.800953166,-0.3689480000002023,0.5013310801507302,2.665155034756119,4.350000000000021,-0.23579787938032837,-0.8368692436473424,4.442000000000002,-0.23448371962565268,-0.9288692436473104,4.838690337856418,-0.23448371962565268,-1.2377775242609081,4.838690337856418,-0.23448371962565268,-1.2377775242609081,-2.43,-5.07,-1.0,0.0,0.0,0.0,-2.43,-3.07,-1.0,0.0,0.0,0.0,-2.43,-1.07,-1.0,0.0,0.0,0.0,-2.43,-5.07,1.0,0.0,0.0,0.0,-2.43,-3.07,1.0,0.0,0.0,0.0,-2.43,-1.07,1.0,0.0,0.0,0.0,-1.91,-2.44,-1.0,0.0,0.0,0.0,-1.91,-0.44,-1.0,0.0,0.0,0.0,-1.91,1.56,-1.0,0.0,0.0,0.0,-1.91,3.56,-1.0,0.0,0.0,0.0,-1.91,-2.44,1.0,0.0,0.0,0.0,-1.91,-0.44,1.0,0.0,0.0,0.0,-1.91,1.56,1.0,0.0,0.0,0.0,-1.91,3.56,1.0,0.0,0.0,0.0,-2.76,1.13,-1.0,0.0,0.0,0.0,-2.76,3.13,-1.0,0.0,0.0,0.0,-2.76,5.13,-1.0,0.0,0.0,0.0,-2.76,1.13,1.0,0.0,0.0,0.0,-2.76,3.13,1.0,0.0,0.0,0.0,-2.76,5.13,1.0,0.0,0.0,0.0,6.68,-2.1436000000000566,1.6925999999999035,0.0,-0.5799999999998029,0.5299999999999194,3.65,-4.6431999999994895,-2.8286000000003204,0.0,-1.4599999999997948,-0.8300000000001084,9.84,4.014599999999875,-2.883800000000124,0.0,1.6299999999996206,-0.8900000000000574,9.84,6.014599999999872,-2.883800000000124,0.0,1.629999999999665,-0.8900000000000574,0,0,0,0,0,0,0,0,0,0,0,0,0,0,0,0,0,0,0,0,0,0,0,0,0,0,0,0,0,0,0,0,0,0,0,0,0,0,0,0,0,0,0,0,0,0,0,0,0,0,0,0,0,0,0,0,0,0,0,0,0,0,0,0,0,0,0,0,0,0,0,0,0,0,0,0,0,0,0,0,0,0,0,0,0,0,0,0,0,0,0,0,0,0,0,0,0,0,0,0,0,0,0,0,0,0,0,0,0,0,0,0,0,0,0,0,0,0,0,0,0,0,0,0,0,0,0,0,0,0,0,0,0,0,0,0,0,0,0,0,0,0,0,0,0,0,0,0,0,0,0,0,0,0,0,0
9.900887077,0.07405599999979813,0.4778656241113549,2.5734641103913862,4.442000000000002,-0.2344837196256444,-0.9288692436473234,4.442000000000002,-0.23448371962565268,-0.9288692436473104,4.838690337856418,-0.23448371962565268,-1.2377775242609081,4.836187486548692,-0.23339730929171654,-1.247724445126098,-2.43,-5.07,-1.0,0.0,0.0,0.0,-2.43,-3.07,-1.0,0.0,0.0,0.0,-2.43,-1.07,-1.0,0.0,0.0,0.0,-2.43,-5.07,1.0,0.0,0.0,0.0,-2.43,-3.07,1.0,0.0,0.0,0.0,-2.43,-1.07,1.0,0.0,0.0,0.0,-1.91,-2.44,-1.0,0.0,0.0,0.0,-1.91,-0.44,-1.0,0.0,0.0,0.0,-1.91,1.56,-1.0,0.0,0.0,0.0,-1.91,3.56,-1.0,0.0,0.0,0.0,-1.91,-2.44,1.0,0.0,0.0,0.0,-1.91,-0.44,1.0,0.0,0.0,0.0,-1.91,1.56,1.0,0.0,0.0,0.0,-1.91,3.56,1.0,0.0,0.0,0.0,-2.76,1.13,-1.0,0.0,0.0,0.0,-2.76,3.13,-1.0,0.0,0.0,0.0,-2.76,5.13,-1.0,0.0,0.0,0.0,-2.76,1.13,1.0,0.0,0.0,0.0,-2.76,3.13,1.0,0.0,0.0,0.0,-2.76,5.13,1.0,0.0,0.0,0.0,6.68,-2.190000000000041,1.734999999999897,0.0,-0.5799999999998029,0.5299999999999194,3.65,-4.759999999999473,-2.895000000000329,0.0,-1.4599999999997948,-0.8300000000001084,9.84,4.1449999999998415,-2.9550000000001284,0.0,1.6299999999995762,-0.8900000000000574,9.84,6.144999999999838,-2.9550000000001284,0.0,1.6299999999995762,-0.8900000000000574,0,0,0,0,0,0,0,0,0,0,0,0,0,0,0,0,0,0,0,0,0,0,0,0,0,0,0,0,0,0,0,0,0,0,0,0,0,0,0,0,0,0,0,0,0,0,0,0,0,0,0,0,0,0,0,0,0,0,0,0,0,0,0,0,0,0,0,0,0,0,0,0,0,0,0,0,0,0,0,0,0,0,0,0,0,0,0,0,0,0,0,0,0,0,0,0,0,0,0,0,0,0,0,0,0,0,0,0,0,0,0,0,0,0,0,0,0,0,0,0,0,0,0,0,0,0,0,0,0,0,0,0,0,0,0,0,0,0,0,0,0,0,0,0,0,0,0,0,0,0,0,0,0,0,0,0
10.00047834,0.4363679999997975,0.4591927529576828,2.492202570899611,4.529999999999979,-0.23339730929172742,-1.0168692436471893,4.615000000000002,-0.23251936166621331,-1.1018692436473103,4.834202588768253,-0.23251936166621331,-1.2555556846259976,4.834202588768253,-0.23251936166621331,-1.2555556846259976,-2.43,-5.07,-1.0,0.0,0.0,0.0,-2.43,-3.07,-1.0,0.0,0.0,0.0,-2.43,-1.07,-1.0,0.0,0.0,0.0,-2.43,-5.07,1.0,0.0,0.0,0.0,-2.43,-3.07,1.0,0.0,0.0,0.0,-2.43,-1.07,1.0,0.0,0.0,0.0,-1.91,-2.44,-1.0,0.0,0.0,0.0,-1.91,-0.44,-1.0,0.0,0.0,0.0,-1.91,1.56,-1.0,0.0,0.0,0.0,-1.91,3.56,-1.0,0.0,0.0,0.0,-1.91,-2.44,1.0,0.0,0.0,0.0,-1.91,-0.44,1.0,0.0,0.0,0.0,-1.91,1.56,1.0,0.0,0.0,0.0,-1.91,3.56,1.0,0.0,0.0,0.0,-2.76,1.13,-1.0,0.0,0.0,0.0,-2.76,3.13,-1.0,0.0,0.0,0.0,-2.76,5.13,-1.0,0.0,0.0,0.0,-2.76,1.13,1.0,0.0,0.0,0.0,-2.76,3.13,1.0,0.0,0.0,0.0,-2.76,5.13,1.0,0.0,0.0,0.0,6.68,-2.248000000000021,1.787999999999889,0.0,-0.5799999999998029,0.5299999999999194,3.65,-4.905999999999453,-2.97800000000034,0.0,-1.4599999999997948,-0.8300000000001084,9.84,4.307999999999799,-3.044000000000134,0.0,1.6299999999995762,-0.8900000000000574,9.84,6.3079999999997955,-3.044000000000134,0.0,1.6299999999995762,-0.8900000000000574,0,0,0,0,0,0,0,0,0,0,0,0,0,0,0,0,0,0,0,0,0,0,0,0,0,0,0,0,0,0,0,0,0,0,0,0,0,0,0,0,0,0,0,0,0,0,0,0,0,0,0,0,0,0,0,0,0,0,0,0,0,0,0,0,0,0,0,0,0,0,0,0,0,0,0,0,0,0,0,0,0,0,0,0,0,0,0,0,0,0,0,0,0,0,0,0,0,0,0,0,0,0,0,0,0,0,0,0,0,0,0,0,0,0,0,0,0,0,0,0,0,0,0,0,0,0,0,0,0,0,0,0,0,0,0,0,0,0,0,0,0,0,0,0,0,0,0,0,0,0,0,0,0,0,0,0
10.100677468,0.8050579999997995,0.44058593633863075,2.404563031407811,4.615000000000037,-0.2325193616662391,-1.1018692436475241,4.615000000000002,-0.23251936166621331,-1.1018692436473103,4.834202588768253,-0.23251936166621331,-1.2555556846259976,4.710538500000101,-0.22598969253013823,-1.2292773121732699,-2.43,-5.07,-1.0,0.0,0.0,0.0,-2.43,-3.07,-1.0,0.0,0.0,0.0,-2.43,-1.07,-1.0,0.0,0.0,0.0,-2.43,-5.07,1.0,0.0,0.0,0.0,-2.43,-3.07,1.0,0.0,0.0,0.0,-2.43,-1.07,1.0,0.0,0.0,0.0,-1.91,-2.44,-1.0,0.0,0.0,0.0,-1.91,-0.44,-1.0,0.0,0.0,0.0,-1.91,1.56,-1.0,0.0,0.0,0.0,-1.91,3.56,-1.0,0.0,0.0,0.0,-1.91,-2.44,1.0,0.0,0.0,0.0,-1.91,-0.44,1.0,0.0,0.0,0.0,-1.91,1.56,1.0,0.0,0.0,0.0,-1.91,3.56,1.0,0.0,0.0,0.0,-2.76,1.13,-1.0,0.0,0.0,0.0,-2.76,3.13,-1.0,0.0,0.0,0.0,-2.76,5.13,-1.0,0.0,0.0,0.0,-2.76,1.13,1.0,0.0,0.0,0.0,-2.76,3.13,1.0,0.0,0.0,0.0,-2.76,5.13,1.0,0.0,0.0,0.0,6.68,-2.2944000000000053,1.8303999999998826,0.0,-0.5799999999998029,0.5299999999999194,3.65,-5.022799999999436,-3.0444000000003486,0.0,-1.4599999999997948,-0.8300000000001084,9.84,4.438399999999765,-3.1152000000001387,0.0,1.6299999999995762,-0.8900000000000574,9.84,6.438399999999762,-3.1152000000001387,0.0,1.6299999999995762,-0.8900000000000574,0,0,0,0,0,0,0,0,0,0,0,0,0,0,0,0,0,0,0,0,0,0,0,0,0,0,0,0,0,0,0,0,0,0,0,0,0,0,0,0,0,0,0,0,0,0,0,0,0,0,0,0,0,0,0,0,0,0,0,0,0,0,0,0,0,0,0,0,0,0,0,0,0,0,0,0,0,0,0,0,0,0,0,0,0,0,0,0,0,0,0,0,0,0,0,0,0,0,0,0,0,0,0,0,0,0,0,0,0,0,0,0,0,0,0,0,0,0,0,0,0,0,0,0,0,0,0,0,0,0,0,0,0,0,0,0,0,0,0,0,0,0,0,0,0,0,0,0,0,0,0,0,0,0,0,0
10.200334148,1.2737233874998108,0.4178237253572153,2.2869511070430866,4.71053850000014,-0.22598969253012635,-1.2008692436471513,4.631538500000102,-0.21535256891571622,-1.177700326965487,4.497388653500098,-0.21535256891571622,-1.177700326965487,4.497388653500098,-0.21535256891571622,-1.177700326965487,-2.43,-5.07,-1.0,0.0,0.0,0.0,-2.43,-3.07,-1.0,0.0,0.0,0.0,-2.43,-1.07,-1.0,0.0,0.0,0.0,-2.43,-5.07,1.0,0.0,0.0,0.0,-2.43,-3.07,1.0,0.0,0.0,0.0,-2.43,-1.07,1.0,0.0,0.0,0.0,-1.91,-2.44,-1.0,0.0,0.0,0.0,-1.91,-0.44,-1.0,0.0,0.0,0.0,-1.91,1.56,-1.0,0.0,0.0,0.0,-1.91,3.56,-1.0,0.0,0.0,0.0,-1.91,-2.44,1.0,0.0,0.0,0.0,-1.91,-0.44,1.0,0.0,0.0,0.0,-1.91,1.56,1.0,0.0,0.0,0.0,-1.91,3.56,1.0,0.0,0.0,0.0,-2.76,1.13,-1.0,0.0,0.0,0.0,-2.76,3.13,-1.0,0.0,0.0,0.0,-2.76,5.13,-1.0,0.0,0.0,0.0,-2.76,1.13,1.0,0.0,0.0,0.0,-2.76,3.13,1.0,0.0,0.0,0.0,-2.76,5.13,1.0,0.0,0.0,0.0,6.68,-2.3523999999999856,1.8833999999998745,0.0,-0.5799999999998029,0.5299999999999194,3.65,-5.168799999999416,-3.1274000000003594,0.0,-1.4599999999997948,-0.8300000000001084,9.84,4.601399999999723,-3.2042000000001445,0.0,1.6299999999995762,-0.8900000000000574,9.84,6.601399999999719,-3.2042000000001445,0.0,1.6299999999995762,-0.8900000000000574,0,0,0,0,0,0,0,0,0,0,0,0,0,0,0,0,0,0,0,0,0,0,0,0,0,0,0,0,0,0,0,0,0,0,0,0,0,0,0,0,0,0,0,0,0,0,0,0,0,0,0,0,0,0,0,0,0,0,0,0,0,0,0,0,0,0,0,0,0,0,0,0,0,0,0,0,0,0,0,0,0,0,0,0,0,0,0,0,0,0,0,0,0,0,0,0,0,0,0,0,0,0,0,0,0,0,0,0,0,0,0,0,0,0,0,0,0,0,0,0,0,0,0,0,0,0,0,0,0,0,0,0,0,0,0,0,0,0,0,0,0,0,0,0,0,0,0,0,0,0,0,0,0,0,0,0
10.300575155,1.6446414674998264,0.4005423342258876,2.1926192363024373,4.631538500000198,-0.21535256891569432,-1.177700326965514,4.543538500000102,-0.20500892362908907,-1.12221902534446,4.279573113250091,-0.20500892362908907,-1.12221902534446,4.279573113250091,-0.20500892362908907,-1.12221902534446,-2.43,-5.07,-1.0,0.0,0.0,0.0,-2.43,-3.07,-1.0,0.0,0.0,0.0,-2.43,-1.07,-1.0,0.0,0.0,0.0,-2.43,-5.07,1.0,0.0,0.0,0.0,-2.43,-3.07,1.0,0.0,0.0,0.0,-2.43,-1.07,1.0,0.0,0.0,0.0,-1.91,-2.44,-1.0,0.0,0.0,0.0,-1.91,-0.44,-1.0,0.0,0.0,0.0,-1.91,1.56,-1.0,0.0,0.0,0.0,-1.91,3.56,-1.0,0.0,0.0,0.0,-1.91,-2.44,1.0,0.0,0.0,0.0,-1.91,-0.44,1.0,0.0,0.0,0.0,-1.91,1.56,1.0,0.0,0.0,0.0,-1.91,3.56,1.0,0.0,0.0,0.0,-2.76,1.13,-1.0,0.0,0.0,0.0,-2.76,3.13,-1.0,0.0,0.0,0.0,-2.76,5.13,-1.0,0.0,0.0,0.0,-2.76,1.13,1.0,0.0,0.0,0.0,-2.76,3.13,1.0,0.0,0.0,0.0,-2.76,5.13,1.0,0.0,0.0,0.0,6.68,-2.39879999999997,1.925799999999868,0.0,-0.5799999999998029,0.5299999999999194,3.65,-5.285599999999399,-3.193800000000368,0.0,-1.4599999999997948,-0.8300000000001084,9.84,4.731799999999689,-3.275400000000149,0.0,1.6299999999995762,-0.8900000000000574,9.84,6.731799999999685,-3.275400000000149,0.0,1.6299999999995762,-0.8900000000000574,0,0,0,0,0,0,0,0,0,0,0,0,0,0,0,0,0,0,0,0,0,0,0,0,0,0,0,0,0,0,0,0,0,0,0,0,0,0,0,0,0,0,0,0,0,0,0,0,0,0,0,0,0,0,0,0,0,0,0,0,0,0,0,0,0,0,0,0,0,0,0,0,0,0,0,0,0,0,0,0,0,0,0,0,0,0,0,0,0,0,0,0,0,0,0,0,0,0,0,0,0,0,0,0,0,0,0,0,0,0,0,0,0,0,0,0,0,0,0,0,0,0,0,0,0,0,0,0,0,0,0,0,0,0,0,0,0,0,0,0,0,0,0,0,0,0,0,0,0,0,0,0,0,0,0,0
10.400759177,2.0091805474998363,0.3840174965921226,2.1021759386554186,4.5435385000001105,-0.20500892362906864,-1.1222190253445952,4.543538500000102,-0.20500892362908907,-1.12221902534446,4.279573113250091,-0.20500892362908907,-1.12221902534446,4.093853060416751,-0.19645060830802444,-1.0754027148768421,-2.43,-5.07,-1.0,0.0,0.0,0.0,-2.43,-3.07,-1.0,0.0,0.0,0.0,-2.43,-1.07,-1.0,0.0,0.0,0.0,-2.43,-5.07,1.0,0.0,0.0,0.0,-2.43,-3.07,1.0,0.0,0.0,0.0,-2.43,-1.07,1.0,0.0,0.0,0.0,-1.91,-2.44,-1.0,0.0,0.0,0.0,-1.91,-0.44,-1.0,0.0,0.0,0.0,-1.91,1.56,-1.0,0.0,0.0,0.0,-1.91,3.56,-1.0,0.0,0.0,0.0,-1.91,-2.44,1.0,0.0,0.0,0.0,-1.91,-0.44,1.0,0.0,0.0,0.0,-1.91,1.56,1.0,0.0,0.0,0.0,-1.91,3.56,1.0,0.0,0.0,0.0,-2.76,1.13,-1.0,0.0,0.0,0.0,-2.76,3.13,-1.0,0.0,0.0,0.0,-2.76,5.13,-1.0,0.0,0.0,0.0,-2.76,1.13,1.0,0.0,0.0,0.0,-2.76,3.13,1.0,0.0,0.0,0.0,-2.76,5.13,1.0,0.0,0.0,0.0,6.68,-2.445199999999954,1.9681999999998616,0.0,-0.5799999999998029,0.5299999999999194,3.65,-5.402399999999383,-3.260200000000377,0.0,-1.4599999999997948,-0.8300000000001084,9.84,4.862199999999655,-3.3466000000001537,0.0,1.6299999999995762,-0.8900000000000574,9.84,6.8621999999996515,-3.3466000000001537,0.0,1.6299999999995762,-0.8900000000000574,0,0,0,0,0,0,0,0,0,0,0,0,0,0,0,0,0,0,0,0,0,0,0,0,0,0,0,0,0,0,0,0,0,0,0,0,0,0,0,0,0,0,0,0,0,0,0,0,0,0,0,0,0,0,0,0,0,0,0,0,0,0,0,0,0,0,0,0,0,0,0,0,0,0,0,0,0,0,0,0,0,0,0,0,0,0,0,0,0,0,0,0,0,0,0,0,0,0,0,0,0,0,0,0,0,0,0,0,0,0,0,0,0,0,0,0,0,0,0,0,0,0,0,0,0,0,0,0,0,0,0,0,0,0,0,0,0,0,0,0,0,0,0,0,0,0,0,0,0,0,0,0,0,0,0,0
10.501036725,2.3672236274998397,0.36819874814362774,2.0155819257396668,4.46353850000003,-0.19645060830802974,-1.0754027148767165,4.384538500000102,-0.18842128745459052,-1.0314498225971211,3.914586033250081,-0.18842128745459052,-1.0314498225971211,3.914586033250081,-0.18842128745459052,-1.0314498225971211,-2.43,-5.07,-1.0,0.0,0.0,0.0,-2.43,-3.07,-1.0,0.0,0.0,0.0,-2.43,-1.07,-1.0,0.0,0.0,0.0,-2.43,-5.07,1.0,0.0,0.0,0.0,-2.43,-3.07,1.0,0.0,0.0,0.0,-2.43,-1.07,1.0,0.0,0.0,0.0,-1.91,-2.44,-1.0,0.0,0.0,0.0,-1.91,-0.44,-1.0,0.0,0.0,0.0,-1.91,1.56,-1.0,0.0,0.0,0.0,-1.91,3.56,-1.0,0.0,0.0,0.0,-1.91,-2.44,1.0,0.0,0.0,0.0,-1.91,-0.44,1.0,0.0,0.0,0.0,-1.91,1.56,1.0,0.0,0.0,0.0,-1.91,3.56,1.0,0.0,0.0,0.0,-2.76,1.13,-1.0,0.0,0.0,0.0,-2.76,3.13,-1.0,0.0,0.0,0.0,-2.76,5.13,-1.0,0.0,0.0,0.0,-2.76,1.13,1.0,0.0,0.0,0.0,-2.76,3.13,1.0,0.0,0.0,0.0,-2.76,5.13,1.0,0.0,0.0,0.0,6.68,-2.4915999999999383,2.0105999999998554,0.0,-0.5799999999998029,0.5299999999999194,3.65,-5.519199999999366,-3.3266000000003855,0.0,-1.4599999999997948,-0.8300000000001084,9.84,4.992599999999621,-3.4178000000001583,0.0,1.6299999999995762,-0.8900000000000574,9.84,6.992599999999618,-3.4178000000001583,0.0,1.6299999999995762,-0.8900000000000574,0,0,0,0,0,0,0,0,0,0,0,0,0,0,0,0,0,0,0,0,0,0,0,0,0,0,0,0,0,0,0,0,0,0,0,0,0,0,0,0,0,0,0,0,0,0,0,0,0,0,0,0,0,0,0,0,0,0,0,0,0,0,0,0,0,0,0,0,0,0,0,0,0,0,0,0,0,0,0,0,0,0,0,0,0,0,0,0,0,0,0,0,0,0,0,0,0,0,0,0,0,0,0,0,0,0,0,0,0,0,0,0,0,0,0,0,0,0,0,0,0,0,0,0,0,0,0,0,0,0,0,0,0,0,0,0,0,0,0,0,0,0,0,0,0,0,0,0,0,0,0,0,0,0,0,0
10.601945288,2.7188557074998463,0.35303672261787133,1.9325824581168178,4.38453850000009,-0.18842128745460984,-1.0314498225971747,4.384538500000102,-0.18842128745459052,-1.0314498225971211,3.914586033250081,-0.18842128745459052,-1.0314498225971211,3.7304551855000785,-0.18038099770175514,-0.987435950421651,-2.43,-5.07,-1.0,0.0,0.0,0.0,-2.43,-3.07,-1.0,0.0,0.0,0.0,-2.43,-1.07,-1.0,0.0,0.0,0.0,-2.43,-5.07,1.0,0.0,0.0,0.0,-2.43,-3.07,1.0,0.0,0.0,0.0,-2.43,-1.07,1.0,0.0,0.0,0.0,-1.91,-2.44,-1.0,0.0,0.0,0.0,-1.91,-0.44,-1.0,0.0,0.0,0.0,-1.91,1.56,-1.0,0.0,0.0,0.0,-1.91,3.56,-1.0,0.0,0.0,0.0,-1.91,-2.44,1.0,0.0,0.0,0.0,-1.91,-0.44,1.0,0.0,0.0,0.0,-1.91,1.56,1.0,0.0,0.0,0.0,-1.91,3.56,1.0,0.0,0.0,0.0,-2.76,1.13,-1.0,0.0,0.0,0.0,-2.76,3.13,-1.0,0.0,0.0,0.0,-2.76,5.13,-1.0,0.0,0.0,0.0,-2.76,1.13,1.0,0.0,0.0,0.0,-2.76,3.13,1.0,0.0,0.0,0.0,-2.76,5.13,1.0,0.0,0.0,0.0,6.68,-2.5379999999999225,2.052999999999849,0.0,-0.5799999999998029,0.5299999999999194,3.65,-5.63599999999935,-3.393000000000394,0.0,-1.4599999999997948,-0.8300000000001084,9.84,5.155599999999579,-3.506800000000164,0.0,1.6299999999995762,-0.8900000000000574,9.84,7.122999999999584,-3.489000000000163,0.0,1.6299999999995762,-0.8900000000000574,0,0,0,0,0,0,0,0,0,0,0,0,0,0,0,0,0,0,0,0,0,0,0,0,0,0,0,0,0,0,0,0,0,0,0,0,0,0,0,0,0,0,0,0,0,0,0,0,0,0,0,0,0,0,0,0,0,0,0,0,0,0,0,0,0,0,0,0,0,0,0,0,0,0,0,0,0,0,0,0,0,0,0,0,0,0,0,0,0,0,0,0,0,0,0,0,0,0,0,0,0,0,0,0,0,0,0,0,0,0,0,0,0,0,0,0,0,0,0,0,0,0,0,0,0,0,0,0,0,0,0,0,0,0,0,0,0,0,0,0,0,0,0,0,0,0,0,0,0,0,0,0,0,0,0,0
10.700908981,3.1502115574998677,0.3348217364731346,1.8328705578867943,4.29353850000025,-0.18038099770173455,-0.9874359504216113,4.207538500000101,-0.17237134567336504,-0.9435897675799915,3.542966530000073,-0.17237134567336504,-0.9435897675799915,3.542966530000073,-0.17237134567336504,-0.9435897675799915,-2.43,-5.07,-1.0,0.0,0.0,0.0,-2.43,-3.07,-1.0,0.0,0.0,0.0,-2.43,-1.07,-1.0,0.0,0.0,0.0,-2.43,-5.07,1.0,0.0,0.0,0.0,-2.43,-3.07,1.0,0.0,0.0,0.0,-2.43,-1.07,1.0,0.0,0.0,0.0,-1.91,-2.44,-1.0,0.0,0.0,0.0,-1.91,-0.44,-1.0,0.0,0.0,0.0,-1.91,1.56,-1.0,0.0,0.0,0.0,-1.91,3.56,-1.0,0.0,0.0,0.0,-1.91,-2.44,1.0,0.0,0.0,0.0,-1.91,-0.44,1.0,0.0,0.0,0.0,-1.91,1.56,1.0,0.0,0.0,0.0,-1.91,3.56,1.0,0.0,0.0,0.0,-2.76,1.13,-1.0,0.0,0.0,0.0,-2.76,3.13,-1.0,0.0,0.0,0.0,-2.76,5.13,-1.0,0.0,0.0,0.0,-2.76,1.13,1.0,0.0,0.0,0.0,-2.76,3.13,1.0,0.0,0.0,0.0,-2.76,5.13,1.0,0.0,0.0,0.0,6.68,-2.595999999999903,2.105999999999841,0.0,-0.5799999999998029,0.5299999999999194,3.65,-5.7819999999993295,-3.476000000000405,0.0,-1.4599999999997948,-0.8300000000001084,9.84,5.285999999999545,-3.5780000000001686,0.0,1.6299999999995762,-0.8900000000000574,9.84,7.285999999999541,-3.5780000000001686,0.0,1.6299999999995762,-0.8900000000000574,0,0,0,0,0,0,0,0,0,0,0,0,0,0,0,0,0,0,0,0,0,0,0,0,0,0,0,0,0,0,0,0,0,0,0,0,0,0,0,0,0,0,0,0,0,0,0,0,0,0,0,0,0,0,0,0,0,0,0,0,0,0,0,0,0,0,0,0,0,0,0,0,0,0,0,0,0,0,0,0,0,0,0,0,0,0,0,0,0,0,0,0,0,0,0,0,0,0,0,0,0,0,0,0,0,0,0,0,0,0,0,0,0,0,0,0,0,0,0,0,0,0,0,0,0,0,0,0,0,0,0,0,0,0,0,0,0,0,0,0,0,0,0,0,0,0,0,0,0,0,0,0,0,0,0,0
10.80453452,3.57138640749989,0.31754506884738914,1.738295170518264,4.180838500000217,-0.16991692989141716,-0.9301538823595523,4.118538500000101,-0.16418995973349632,-0.8988034835118004,3.3467107590000618,-0.16418995973349632,-0.8988034835118004,3.3467107590000618,-0.16418995973349632,-0.8988034835118004,-2.43,-5.07,-1.0,0.0,0.0,0.0,-2.43,-3.07,-1.0,0.0,0.0,0.0,-2.43,-1.07,-1.0,0.0,0.0,0.0,-2.43,-5.07,1.0,0.0,0.0,0.0,-2.43,-3.07,1.0,0.0,0.0,0.0,-2.43,-1.07,1.0,0.0,0.0,0.0,-1.91,-2.44,-1.0,0.0,0.0,0.0,-1.91,-0.44,-1.0,0.0,0.0,0.0,-1.91,1.56,-1.0,0.0,0.0,0.0,-1.91,3.56,-1.0,0.0,0.0,0.0,-1.91,-2.44,1.0,0.0,0.0,0.0,-1.91,-0.44,1.0,0.0,0.0,0.0,-1.91,1.56,1.0,0.0,0.0,0.0,-1.91,3.56,1.0,0.0,0.0,0.0,-2.76,1.13,-1.0,0.0,0.0,0.0,-2.76,3.13,-1.0,0.0,0.0,0.0,-2.76,5.13,-1.0,0.0,0.0,0.0,-2.76,1.13,1.0,0.0,0.0,0.0,-2.76,3.13,1.0,0.0,0.0,0.0,-2.76,5.13,1.0,0.0,0.0,0.0,6.68,-2.653999999999883,2.158999999999833,0.0,-0.5799999999998029,0.5299999999999194,3.65,-5.927999999999309,-3.559000000000416,0.0,-1.4599999999997948,-0.8300000000001084,9.84,5.4489999999995025,-3.6670000000001743,0.0,1.6299999999995762,-0.8900000000000574,9.84,7.448999999999499,-3.6670000000001743,0.0,1.6299999999995762,-0.8900000000000574,0,0,0,0,0,0,0,0,0,0,0,0,0,0,0,0,0,0,0,0,0,0,0,0,0,0,0,0,0,0,0,0,0,0,0,0,0,0,0,0,0,0,0,0,0,0,0,0,0,0,0,0,0,0,0,0,0,0,0,0,0,0,0,0,0,0,0,0,0,0,0,0,0,0,0,0,0,0,0,0,0,0,0,0,0,0,0,0,0,0,0,0,0,0,0,0,0,0,0,0,0,0,0,0,0,0,0,0,0,0,0,0,0,0,0,0,0,0,0,0,0,0,0,0,0,0,0,0,0,0,0,0,0,0,0,0,0,0,0,0,0,0,0,0,0,0,0,0,0,0,0,0,0,0,0,0
10.901880275,3.900869487499907,0.30440987206870945,1.666390891837321,4.118538500000213,-0.16418995973349615,-0.8988034835117897,4.027538500000101,-0.15622759004782538,-0.8552161312646993,3.1504694495000516,-0.15622759004782538,-0.8552161312646993,3.1504694495000516,-0.15622759004782538,-0.8552161312646993,-2.43,-5.07,-1.0,0.0,0.0,0.0,-2.43,-3.07,-1.0,0.0,0.0,0.0,-2.43,-1.07,-1.0,0.0,0.0,0.0,-2.43,-5.07,1.0,0.0,0.0,0.0,-2.43,-3.07,1.0,0.0,0.0,0.0,-2.43,-1.07,1.0,0.0,0.0,0.0,-1.91,-2.44,-1.0,0.0,0.0,0.0,-1.91,-0.44,-1.0,0.0,0.0,0.0,-1.91,1.56,-1.0,0.0,0.0,0.0,-1.91,3.56,-1.0,0.0,0.0,0.0,-1.91,-2.44,1.0,0.0,0.0,0.0,-1.91,-0.44,1.0,0.0,0.0,0.0,-1.91,1.56,1.0,0.0,0.0,0.0,-1.91,3.56,1.0,0.0,0.0,0.0,-2.76,1.13,-1.0,0.0,0.0,0.0,-2.76,3.13,-1.0,0.0,0.0,0.0,-2.76,5.13,-1.0,0.0,0.0,0.0,-2.76,1.13,1.0,0.0,0.0,0.0,-2.76,3.13,1.0,0.0,0.0,0.0,-2.76,5.13,1.0,0.0,0.0,0.0,6.68,-2.7003999999998674,2.2013999999998264,0.0,-0.5799999999998029,0.5299999999999194,3.65,-6.0447999999992925,-3.6254000000004245,0.0,-1.4599999999997948,-0.8300000000001084,9.84,5.579399999999469,-3.738200000000179,0.0,1.6299999999995762,-0.8900000000000574,9.84,7.579399999999465,-3.738200000000179,0.0,1.6299999999995762,-0.8900000000000574,0,0,0,0,0,0,0,0,0,0,0,0,0,0,0,0,0,0,0,0,0,0,0,0,0,0,0,0,0,0,0,0,0,0,0,0,0,0,0,0,0,0,0,0,0,0,0,0,0,0,0,0,0,0,0,0,0,0,0,0,0,0,0,0,0,0,0,0,0,0,0,0,0,0,0,0,0,0,0,0,0,0,0,0,0,0,0,0,0,0,0,0,0,0,0,0,0,0,0,0,0,0,0,0,0,0,0,0,0,0,0,0,0,0,0,0,0,0,0,0,0,0,0,0,0,0,0,0,0,0,0,0,0,0,0,0,0,0,0,0,0,0,0,0,0,0,0,0,0,0,0,0,0,0,0,0
11.002093547,4.304351337499902,0.28872341410643904,1.580520579892873,4.0275384999999275,-0.1562275900478527,-0.8552161312647133,3.933538500000101,-0.1490485347546551,-0.8159167738843778,2.9686504862500467,-0.1490485347546551,-0.8159167738843778,2.9686504862500467,-0.1490485347546551,-0.8159167738843778,-2.43,-5.07,-1.0,0.0,0.0,0.0,-2.43,-3.07,-1.0,0.0,0.0,0.0,-2.43,-1.07,-1.0,0.0,0.0,0.0,-2.43,-5.07,1.0,0.0,0.0,0.0,-2.43,-3.07,1.0,0.0,0.0,0.0,-2.43,-1.07,1.0,0.0,0.0,0.0,-1.91,-2.44,-1.0,0.0,0.0,0.0,-1.91,-0.44,-1.0,0.0,0.0,0.0,-1.91,1.56,-1.0,0.0,0.0,0.0,-1.91,3.56,-1.0,0.0,0.0,0.0,-1.91,-2.44,1.0,0.0,0.0,0.0,-1.91,-0.44,1.0,0.0,0.0,0.0,-1.91,1.56,1.0,0.0,0.0,0.0,-1.91,3.56,1.0,0.0,0.0,0.0,-2.76,1.13,-1.0,0.0,0.0,0.0,-2.76,3.13,-1.0,0.0,0.0,0.0,-2.76,5.13,-1.0,0.0,0.0,0.0,-2.76,1.13,1.0,0.0,0.0,0.0,-2.76,3.13,1.0,0.0,0.0,0.0,-2.76,5.13,1.0,0.0,0.0,0.0,6.68,-2.7583999999998476,2.2543999999998183,0.0,-0.5799999999998029,0.5299999999999194,3.65,-6.190799999999272,-3.7084000000004353,0.0,-1.4599999999997948,-0.8300000000001084,9.84,5.742399999999426,-3.8272000000001847,0.0,1.6299999999995762,-0.8900000000000574,9.84,7.742399999999423,-3.8272000000001847,0.0,1.6299999999995762,-0.8900000000000574,0,0,0,0,0,0,0,0,0,0,0,0,0,0,0,0,0,0,0,0,0,0,0,0,0,0,0,0,0,0,0,0,0,0,0,0,0,0,0,0,0,0,0,0,0,0,0,0,0,0,0,0,0,0,0,0,0,0,0,0,0,0,0,0,0,0,0,0,0,0,0,0,0,0,0,0,0,0,0,0,0,0,0,0,0,0,0,0,0,0,0,0,0,0,0,0,0,0,0,0,0,0,0,0,0,0,0,0,0,0,0,0,0,0,0,0,0,0,0,0,0,0,0,0,0,0,0,0,0,0,0,0,0,0,0,0,0,0,0,0,0,0,0,0,0,0,0,0,0,0,0,0,0,0,0,0
11.100477131,4.619316417499911,0.2767779941601859,1.515129339909982,3.933538500000111,-0.14904853475466995,-0.8159167738843731,3.8505385000001007,-0.14218973471633706,-0.7783705476890426,2.790647023000047,-0.14218973471633706,-0.7783705476890426,2.790647023000047,-0.14218973471633706,-0.7783705476890426,-2.43,-5.07,-1.0,0.0,0.0,0.0,-2.43,-3.07,-1.0,0.0,0.0,0.0,-2.43,-1.07,-1.0,0.0,0.0,0.0,-2.43,-5.07,1.0,0.0,0.0,0.0,-2.43,-3.07,1.0,0.0,0.0,0.0,-2.43,-1.07,1.0,0.0,0.0,0.0,-1.91,-2.44,-1.0,0.0,0.0,0.0,-1.91,-0.44,-1.0,0.0,0.0,0.0,-1.91,1.56,-1.0,0.0,0.0,0.0,-1.91,3.56,-1.0,0.0,0.0,0.0,-1.91,-2.44,1.0,0.0,0.0,0.0,-1.91,-0.44,1.0,0.0,0.0,0.0,-1.91,1.56,1.0,0.0,0.0,0.0,-1.91,3.56,1.0,0.0,0.0,0.0,-2.76,1.13,-1.0,0.0,0.0,0.0,-2.76,3.13,-1.0,0.0,0.0,0.0,-2.76,5.13,-1.0,0.0,0.0,0.0,-2.76,1.13,1.0,0.0,0.0,0.0,-2.76,3.13,1.0,0.0,0.0,0.0,-2.76,5.13,1.0,0.0,0.0,0.0,6.68,-2.804799999999832,2.296799999999812,0.0,-0.5799999999998029,0.5299999999999194,3.65,-6.307599999999256,-3.774800000000444,0.0,-1.4599999999997948,-0.8300000000001084,9.84,5.872799999999392,-3.8984000000001893,0.0,1.6299999999995762,-0.8900000000000574,9.84,7.872799999999389,-3.8984000000001893,0.0,1.6299999999995762,-0.8900000000000574,0,0,0,0,0,0,0,0,0,0,0,0,0,0,0,0,0,0,0,0,0,0,0,0,0,0,0,0,0,0,0,0,0,0,0,0,0,0,0,0,0,0,0,0,0,0,0,0,0,0,0,0,0,0,0,0,0,0,0,0,0,0,0,0,0,0,0,0,0,0,0,0,0,0,0,0,0,0,0,0,0,0,0,0,0,0,0,0,0,0,0,0,0,0,0,0,0,0,0,0,0,0,0,0,0,0,0,0,0,0,0,0,0,0,0,0,0,0,0,0,0,0,0,0,0,0,0,0,0,0,0,0,0,0,0,0,0,0,0,0,0,0,0,0,0,0,0,0,0,0,0,0,0,0,0,0
11.202344117,5.004512267499916,0.26254449844174854,1.4372127879170304,3.8232384999999702,-0.14021255937735622,-0.7675471569952519,3.7595385000001005,-0.13559915025302818,-0.7422925787095647,2.6150487905000435,-0.13559915025302818,-0.7422925787095647,2.6150487905000435,-0.13559915025302818,-0.7422925787095647,-2.43,-5.07,-1.0,0.0,0.0,0.0,-2.43,-3.07,-1.0,0.0,0.0,0.0,-2.43,-1.07,-1.0,0.0,0.0,0.0,-2.43,-5.07,1.0,0.0,0.0,0.0,-2.43,-3.07,1.0,0.0,0.0,0.0,-2.43,-1.07,1.0,0.0,0.0,0.0,-1.91,-2.44,-1.0,0.0,0.0,0.0,-1.91,-0.44,-1.0,0.0,0.0,0.0,-1.91,1.56,-1.0,0.0,0.0,0.0,-1.91,3.56,-1.0,0.0,0.0,0.0,-1.91,-2.44,1.0,0.0,0.0,0.0,-1.91,-0.44,1.0,0.0,0.0,0.0,-1.91,1.56,1.0,0.0,0.0,0.0,-1.91,3.56,1.0,0.0,0.0,0.0,-2.76,1.13,-1.0,0.0,0.0,0.0,-2.76,3.13,-1.0,0.0,0.0,0.0,-2.76,5.13,-1.0,0.0,0.0,0.0,-2.76,1.13,1.0,0.0,0.0,0.0,-2.76,3.13,1.0,0.0,0.0,0.0,-2.76,5.13,1.0,0.0,0.0,0.0,6.68,-2.862799999999812,2.349799999999804,0.0,-0.5799999999998029,0.5299999999999194,3.65,-6.453599999999235,-3.857800000000455,0.0,-1.4599999999997948,-0.8300000000001084,9.84,6.03579999999935,-3.987400000000195,0.0,1.6299999999995762,-0.8900000000000574,9.84,8.035799999999366,-3.987400000000195,0.0,1.6300000000004644,-0.8900000000000574,0,0,0,0,0,0,0,0,0,0,0,0,0,0,0,0,0,0,0,0,0,0,0,0,0,0,0,0,0,0,0,0,0,0,0,0,0,0,0,0,0,0,0,0,0,0,0,0,0,0,0,0,0,0,0,0,0,0,0,0,0,0,0,0,0,0,0,0,0,0,0,0,0,0,0,0,0,0,0,0,0,0,0,0,0,0,0,0,0,0,0,0,0,0,0,0,0,0,0,0,0,0,0,0,0,0,0,0,0,0,0,0,0,0,0,0,0,0,0,0,0,0,0,0,0,0,0,0,0,0,0,0,0,0,0,0,0,0,0,0,0,0,0,0,0,0,0,0,0,0,0,0,0,0,0,0
11.301531979,5.230084577499902,0.25440854942656743,1.3926752331944603,3.7595384999997705,-0.1355991502530185,-0.7422925787095025,3.6805385000001003,-0.129373861117332,-0.7082142978565822,2.4451103272500454,-0.129373861117332,-0.7082142978565822,2.4451103272500454,-0.129373861117332,-0.7082142978565822,-2.43,-5.07,-1.0,0.0,0.0,0.0,-2.43,-3.07,-1.0,0.0,0.0,0.0,-2.43,-1.07,-1.0,0.0,0.0,0.0,-2.43,-5.07,1.0,0.0,0.0,0.0,-2.43,-3.07,1.0,0.0,0.0,0.0,-2.43,-1.07,1.0,0.0,0.0,0.0,-1.91,-2.44,-1.0,0.0,0.0,0.0,-1.91,-0.44,-1.0,0.0,0.0,0.0,-1.91,1.56,-1.0,0.0,0.0,0.0,-1.91,3.56,-1.0,0.0,0.0,0.0,-1.91,-2.44,1.0,0.0,0.0,0.0,-1.91,-0.44,1.0,0.0,0.0,0.0,-1.91,1.56,1.0,0.0,0.0,0.0,-1.91,3.56,1.0,0.0,0.0,0.0,-2.76,1.13,-1.0,0.0,0.0,0.0,-2.76,3.13,-1.0,0.0,0.0,0.0,-2.76,5.13,-1.0,0.0,0.0,0.0,-2.76,1.13,1.0,0.0,0.0,0.0,-2.76,3.13,1.0,0.0,0.0,0.0,-2.76,5.13,1.0,0.0,0.0,0.0,6.68,-2.8975999999998003,2.381599999999799,0.0,-0.5799999999998029,0.5299999999999194,3.65,-6.541199999999223,-3.9076000000004614,0.0,-1.4599999999997948,-0.8300000000001084,9.84,6.1335999999993245,-4.040800000000198,0.0,1.6299999999995762,-0.8900000000000574,9.84,8.133599999999394,-4.040800000000198,0.0,1.6300000000004644,-0.8900000000000574,0,0,0,0,0,0,0,0,0,0,0,0,0,0,0,0,0,0,0,0,0,0,0,0,0,0,0,0,0,0,0,0,0,0,0,0,0,0,0,0,0,0,0,0,0,0,0,0,0,0,0,0,0,0,0,0,0,0,0,0,0,0,0,0,0,0,0,0,0,0,0,0,0,0,0,0,0,0,0,0,0,0,0,0,0,0,0,0,0,0,0,0,0,0,0,0,0,0,0,0,0,0,0,0,0,0,0,0,0,0,0,0,0,0,0,0,0,0,0,0,0,0,0,0,0,0,0,0,0,0,0,0,0,0,0,0,0,0,0,0,0,0,0,0,0,0,0,0,0,0,0,0,0,0,0,0
11.400843096,5.525791657499916,0.24395903591100987,1.3354728368722921,3.6805385000002744,-0.1293738611173323,-0.708214297856502,3.6105385000001005,-0.12450230824729291,-0.6815465972443479,2.3088746720000475,-0.12450230824729291,-0.6815465972443479,2.3088746720000475,-0.12450230824729291,-0.6815465972443479,-2.43,-5.07,-1.0,0.0,0.0,0.0,-2.43,-3.07,-1.0,0.0,0.0,0.0,-2.43,-1.07,-1.0,0.0,0.0,0.0,-2.43,-5.07,1.0,0.0,0.0,0.0,-2.43,-3.07,1.0,0.0,0.0,0.0,-2.43,-1.07,1.0,0.0,0.0,0.0,-1.91,-2.44,-1.0,0.0,0.0,0.0,-1.91,-0.44,-1.0,0.0,0.0,0.0,-1.91,1.56,-1.0,0.0,0.0,0.0,-1.91,3.56,-1.0,0.0,0.0,0.0,-1.91,-2.44,1.0,0.0,0.0,0.0,-1.91,-0.44,1.0,0.0,0.0,0.0,-1.91,1.56,1.0,0.0,0.0,0.0,-1.91,3.56,1.0,0.0,0.0,0.0,-2.76,1.13,-1.0,0.0,0.0,0.0,-2.76,3.13,-1.0,0.0,0.0,0.0,-2.76,5.13,-1.0,0.0,0.0,0.0,-2.76,1.13,1.0,0.0,0.0,0.0,-2.76,3.13,1.0,0.0,0.0,0.0,-2.76,5.13,1.0,0.0,0.0,0.0,6.68,-2.9439999999997846,2.4239999999997925,0.0,-0.5799999999998029,0.5299999999999194,3.65,-6.657999999999206,-3.97400000000047,0.0,-1.4599999999997948,-0.8300000000001084,9.84,6.263999999999291,-4.112000000000203,0.0,1.6299999999995762,-0.8900000000000574,9.84,8.263999999999431,-4.112000000000203,0.0,1.6300000000004644,-0.8900000000000574,0,0,0,0,0,0,0,0,0,0,0,0,0,0,0,0,0,0,0,0,0,0,0,0,0,0,0,0,0,0,0,0,0,0,0,0,0,0,0,0,0,0,0,0,0,0,0,0,0,0,0,0,0,0,0,0,0,0,0,0,0,0,0,0,0,0,0,0,0,0,0,0,0,0,0,0,0,0,0,0,0,0,0,0,0,0,0,0,0,0,0,0,0,0,0,0,0,0,0,0,0,0,0,0,0,0,0,0,0,0,0,0,0,0,0,0,0,0,0,0,0,0,0,0,0,0,0,0,0,0,0,0,0,0,0,0,0,0,0,0,0,0,0,0,0,0,0,0,0,0,0,0,0,0,0,0
11.501152357,5.742843967499931,0.23645966809895236,1.2944200348339616,3.61053850000026,-0.12450230824728736,-0.6815465972442869,3.6105385000001005,-0.12450230824729291,-0.6815465972443479,2.195372978500039,-0.120533126752051,-0.6598186294660001,2.195372978500039,-0.120533126752051,-0.6598186294660001,-2.43,-5.07,-1.0,0.0,0.0,0.0,-2.43,-3.07,-1.0,0.0,0.0,0.0,-2.43,-1.07,-1.0,0.0,0.0,0.0,-2.43,-5.07,1.0,0.0,0.0,0.0,-2.43,-3.07,1.0,0.0,0.0,0.0,-2.43,-1.07,1.0,0.0,0.0,0.0,-1.91,-2.44,-1.0,0.0,0.0,0.0,-1.91,-0.44,-1.0,0.0,0.0,0.0,-1.91,1.56,-1.0,0.0,0.0,0.0,-1.91,3.56,-1.0,0.0,0.0,0.0,-1.91,-2.44,1.0,0.0,0.0,0.0,-1.91,-0.44,1.0,0.0,0.0,0.0,-1.91,1.56,1.0,0.0,0.0,0.0,-1.91,3.56,1.0,0.0,0.0,0.0,-2.76,1.13,-1.0,0.0,0.0,0.0,-2.76,3.13,-1.0,0.0,0.0,0.0,-2.76,5.13,-1.0,0.0,0.0,0.0,-2.76,1.13,1.0,0.0,0.0,0.0,-2.76,3.13,1.0,0.0,0.0,0.0,-2.76,5.13,1.0,0.0,0.0,0.0,6.68,-2.9787999999997727,2.4557999999997877,0.0,-0.5799999999998029,0.5299999999999194,3.65,-6.745599999999194,-4.023800000000464,0.0,-1.4599999999997948,-0.8299999999996643,9.84,6.361799999999265,-4.165400000000206,0.0,1.6299999999995762,-0.8900000000000574,9.84,8.361799999999459,-4.165400000000206,0.0,1.6300000000004644,-0.8900000000000574,0,0,0,0,0,0,0,0,0,0,0,0,0,0,0,0,0,0,0,0,0,0,0,0,0,0,0,0,0,0,0,0,0,0,0,0,0,0,0,0,0,0,0,0,0,0,0,0,0,0,0,0,0,0,0,0,0,0,0,0,0,0,0,0,0,0,0,0,0,0,0,0,0,0,0,0,0,0,0,0,0,0,0,0,0,0,0,0,0,0,0,0,0,0,0,0,0,0,0,0,0,0,0,0,0,0,0,0,0,0,0,0,0,0,0,0,0,0,0,0,0,0,0,0,0,0,0,0,0,0,0,0,0,0,0,0,0,0,0,0,0,0,0,0,0,0,0,0,0,0,0,0,0,0,0,0
11.600682102,5.956410277499929,0.2291562352269147,1.2544398136459942,3.537538499999826,-0.1205331267520593,-0.659818629465958,3.4815385000001005,-0.11612782924312667,-0.6357032892018453,2.0672774991071763,-0.11612782924312667,-0.6357032892018453,2.0672774991071763,-0.11612782924312667,-0.6357032892018453,-2.43,-5.07,-1.0,0.0,0.0,0.0,-2.43,-3.07,-1.0,0.0,0.0,0.0,-2.43,-1.07,-1.0,0.0,0.0,0.0,-2.43,-5.07,1.0,0.0,0.0,0.0,-2.43,-3.07,1.0,0.0,0.0,0.0,-2.43,-1.07,1.0,0.0,0.0,0.0,-1.91,-2.44,-1.0,0.0,0.0,0.0,-1.91,-0.44,-1.0,0.0,0.0,0.0,-1.91,1.56,-1.0,0.0,0.0,0.0,-1.91,3.56,-1.0,0.0,0.0,0.0,-1.91,-2.44,1.0,0.0,0.0,0.0,-1.91,-0.44,1.0,0.0,0.0,0.0,-1.91,1.56,1.0,0.0,0.0,0.0,-1.91,3.56,1.0,0.0,0.0,0.0,-2.76,1.13,-1.0,0.0,0.0,0.0,-2.76,3.13,-1.0,0.0,0.0,0.0,-2.76,5.13,-1.0,0.0,0.0,0.0,-2.76,1.13,1.0,0.0,0.0,0.0,-2.76,3.13,1.0,0.0,0.0,0.0,-2.76,5.13,1.0,0.0,0.0,0.0,6.68,-3.013599999999761,2.487599999999783,0.0,-0.5799999999998029,0.5299999999999194,3.65,-6.833199999999182,-4.073600000000444,0.0,-1.4599999999997948,-0.8299999999996643,9.84,6.45959999999924,-4.2188000000002095,0.0,1.6299999999995762,-0.8900000000000574,9.84,8.459599999999487,-4.2188000000002095,0.0,1.6300000000004644,-0.8900000000000574,0,0,0,0,0,0,0,0,0,0,0,0,0,0,0,0,0,0,0,0,0,0,0,0,0,0,0,0,0,0,0,0,0,0,0,0,0,0,0,0,0,0,0,0,0,0,0,0,0,0,0,0,0,0,0,0,0,0,0,0,0,0,0,0,0,0,0,0,0,0,0,0,0,0,0,0,0,0,0,0,0,0,0,0,0,0,0,0,0,0,0,0,0,0,0,0,0,0,0,0,0,0,0,0,0,0,0,0,0,0,0,0,0,0,0,0,0,0,0,0,0,0,0,0,0,0,0,0,0,0,0,0,0,0,0,0,0,0,0,0,0,0,0,0,0,0,0,0,0,0,0,0,0,0,0,0
11.700987187,6.166198587499926,0.22211808071218359,1.215911770849654,3.481538499999992,-0.11612782924314002,-0.6357032892019276,3.4255385000001004,-0.11274289388011732,-0.617173583118255,1.967383014500037,-0.11274289388011732,-0.617173583118255,1.967383014500037,-0.11274289388011732,-0.617173583118255,-2.43,-5.07,-1.0,0.0,0.0,0.0,-2.43,-3.07,-1.0,0.0,0.0,0.0,-2.43,-1.07,-1.0,0.0,0.0,0.0,-2.43,-5.07,1.0,0.0,0.0,0.0,-2.43,-3.07,1.0,0.0,0.0,0.0,-2.43,-1.07,1.0,0.0,0.0,0.0,-1.91,-2.44,-1.0,0.0,0.0,0.0,-1.91,-0.44,-1.0,0.0,0.0,0.0,-1.91,1.56,-1.0,0.0,0.0,0.0,-1.91,3.56,-1.0,0.0,0.0,0.0,-1.91,-2.44,1.0,0.0,0.0,0.0,-1.91,-0.44,1.0,0.0,0.0,0.0,-1.91,1.56,1.0,0.0,0.0,0.0,-1.91,3.56,1.0,0.0,0.0,0.0,-2.76,1.13,-1.0,0.0,0.0,0.0,-2.76,3.13,-1.0,0.0,0.0,0.0,-2.76,5.13,-1.0,0.0,0.0,0.0,-2.76,1.13,1.0,0.0,0.0,0.0,-2.76,3.13,1.0,0.0,0.0,0.0,-2.76,5.13,1.0,0.0,0.0,0.0,6.68,-3.048399999999749,2.519399999999778,0.0,-0.5799999999998029,0.5299999999999194,3.65,-6.920799999999169,-4.123400000000424,0.0,-1.4599999999997948,-0.8299999999996643,9.84,6.557399999999214,-4.272200000000213,0.0,1.6299999999995762,-0.8900000000000574,9.84,8.557399999999515,-4.272200000000213,0.0,1.6300000000004644,-0.8900000000000574,0,0,0,0,0,0,0,0,0,0,0,0,0,0,0,0,0,0,0,0,0,0,0,0,0,0,0,0,0,0,0,0,0,0,0,0,0,0,0,0,0,0,0,0,0,0,0,0,0,0,0,0,0,0,0,0,0,0,0,0,0,0,0,0,0,0,0,0,0,0,0,0,0,0,0,0,0,0,0,0,0,0,0,0,0,0,0,0,0,0,0,0,0,0,0,0,0,0,0,0,0,0,0,0,0,0,0,0,0,0,0,0,0,0,0,0,0,0,0,0,0,0,0,0,0,0,0,0,0,0,0,0,0,0,0,0,0,0,0,0,0,0,0,0,0,0,0,0,0,0,0,0,0,0,0,0
11.800884383,6.3722908974999335,0.2153196577257468,1.1786960588017252,3.425538500000158,-0.11274289388010783,-0.6171735831181913,3.3615385000001003,-0.10929460082413495,-0.5982970463560764,1.8635248595000355,-0.10929460082413495,-0.5982970463560764,1.8635248595000355,-0.10929460082413495,-0.5982970463560764,-2.43,-5.07,-1.0,0.0,0.0,0.0,-2.43,-3.07,-1.0,0.0,0.0,0.0,-2.43,-1.07,-1.0,0.0,0.0,0.0,-2.43,-5.07,1.0,0.0,0.0,0.0,-2.43,-3.07,1.0,0.0,0.0,0.0,-2.43,-1.07,1.0,0.0,0.0,0.0,-1.91,-2.44,-1.0,0.0,0.0,0.0,-1.91,-0.44,-1.0,0.0,0.0,0.0,-1.91,1.56,-1.0,0.0,0.0,0.0,-1.91,3.56,-1.0,0.0,0.0,0.0,-1.91,-2.44,1.0,0.0,0.0,0.0,-1.91,-0.44,1.0,0.0,0.0,0.0,-1.91,1.56,1.0,0.0,0.0,0.0,-1.91,3.56,1.0,0.0,0.0,0.0,-2.76,1.13,-1.0,0.0,0.0,0.0,-2.76,3.13,-1.0,0.0,0.0,0.0,-2.76,5.13,-1.0,0.0,0.0,0.0,-2.76,1.13,1.0,0.0,0.0,0.0,-2.76,3.13,1.0,0.0,0.0,0.0,-2.76,5.13,1.0,0.0,0.0,0.0,6.68,-3.0831999999997373,2.551199999999773,0.0,-0.5799999999998029,0.5299999999999194,3.65,-7.008399999999157,-4.173200000000404,0.0,-1.4599999999997948,-0.8299999999996643,9.84,6.655199999999189,-4.325600000000216,0.0,1.6299999999995762,-0.8900000000000574,9.84,8.655199999999542,-4.325600000000216,0.0,1.6300000000004644,-0.8900000000000574,0,0,0,0,0,0,0,0,0,0,0,0,0,0,0,0,0,0,0,0,0,0,0,0,0,0,0,0,0,0,0,0,0,0,0,0,0,0,0,0,0,0,0,0,0,0,0,0,0,0,0,0,0,0,0,0,0,0,0,0,0,0,0,0,0,0,0,0,0,0,0,0,0,0,0,0,0,0,0,0,0,0,0,0,0,0,0,0,0,0,0,0,0,0,0,0,0,0,0,0,0,0,0,0,0,0,0,0,0,0,0,0,0,0,0,0,0,0,0,0,0,0,0,0,0,0,0,0,0,0,0,0,0,0,0,0,0,0,0,0,0,0,0,0,0,0,0,0,0,0,0,0,0,0,0,0
11.900663393,6.57494320749994,0.20871025728045967,1.1425150879689299,3.361538500000094,-0.10929460082412246,-0.5982970463560555,3.3055385000001003,-0.10588525305176755,-0.5796337026334497,1.7595899352500313,-0.10588525305176755,-0.5796337026334497,1.7595899352500313,-0.10588525305176755,-0.5796337026334497,-2.43,-5.07,-1.0,0.0,0.0,0.0,-2.43,-3.07,-1.0,0.0,0.0,0.0,-2.43,-1.07,-1.0,0.0,0.0,0.0,-2.43,-5.07,1.0,0.0,0.0,0.0,-2.43,-3.07,1.0,0.0,0.0,0.0,-2.43,-1.07,1.0,0.0,0.0,0.0,-1.91,-2.44,-1.0,0.0,0.0,0.0,-1.91,-0.44,-1.0,0.0,0.0,0.0,-1.91,1.56,-1.0,0.0,0.0,0.0,-1.91,3.56,-1.0,0.0,0.0,0.0,-1.91,-2.44,1.0,0.0,0.0,0.0,-1.91,-0.44,1.0,0.0,0.0,0.0,-1.91,1.56,1.0,0.0,0.0,0.0,-1.91,3.56,1.0,0.0,0.0,0.0,-2.76,1.13,-1.0,0.0,0.0,0.0,-2.76,3.13,-1.0,0.0,0.0,0.0,-2.76,5.13,-1.0,0.0,0.0,0.0,-2.76,1.13,1.0,0.0,0.0,0.0,-2.76,3.13,1.0,0.0,0.0,0.0,-2.76,5.13,1.0,0.0,0.0,0.0,6.68,-3.1179999999997254,2.5829999999997684,0.0,-0.5799999999998029,0.5299999999999194,3.65,-7.095999999999145,-4.223000000000384,0.0,-1.4599999999997948,-0.8299999999996643,9.84,6.7529999999991634,-4.37900000000022,0.0,1.6299999999995762,-0.8900000000000574,9.84,8.75299999999957,-4.37900000000022,0.0,1.6300000000004644,-0.8900000000000574,0,0,0,0,0,0,0,0,0,0,0,0,0,0,0,0,0,0,0,0,0,0,0,0,0,0,0,0,0,0,0,0,0,0,0,0,0,0,0,0,0,0,0,0,0,0,0,0,0,0,0,0,0,0,0,0,0,0,0,0,0,0,0,0,0,0,0,0,0,0,0,0,0,0,0,0,0,0,0,0,0,0,0,0,0,0,0,0,0,0,0,0,0,0,0,0,0,0,0,0,0,0,0,0,0,0,0,0,0,0,0,0,0,0,0,0,0,0,0,0,0,0,0,0,0,0,0,0,0,0,0,0,0,0,0,0,0,0,0,0,0,0,0,0,0,0,0,0,0,0,0,0,0,0,0,0
12.001108027,6.773835517499954,0.20232304861962974,1.107550432373701,3.30553850000026,-0.10588525305177399,-0.5796337026333642,3.2455385000001002,-0.102961573611695,-0.5636289891316177,1.6692763957500274,-0.102961573611695,-0.5636289891316177,1.6692763957500274,-0.102961573611695,-0.5636289891316177,-2.43,-5.07,-1.0,0.0,0.0,0.0,-2.43,-3.07,-1.0,0.0,0.0,0.0,-2.43,-1.07,-1.0,0.0,0.0,0.0,-2.43,-5.07,1.0,0.0,0.0,0.0,-2.43,-3.07,1.0,0.0,0.0,0.0,-2.43,-1.07,1.0,0.0,0.0,0.0,-1.91,-2.44,-1.0,0.0,0.0,0.0,-1.91,-0.44,-1.0,0.0,0.0,0.0,-1.91,1.56,-1.0,0.0,0.0,0.0,-1.91,3.56,-1.0,0.0,0.0,0.0,-1.91,-2.44,1.0,0.0,0.0,0.0,-1.91,-0.44,1.0,0.0,0.0,0.0,-1.91,1.56,1.0,0.0,0.0,0.0,-1.91,3.56,1.0,0.0,0.0,0.0,-2.76,1.13,-1.0,0.0,0.0,0.0,-2.76,3.13,-1.0,0.0,0.0,0.0,-2.76,5.13,-1.0,0.0,0.0,0.0,-2.76,1.13,1.0,0.0,0.0,0.0,-2.76,3.13,1.0,0.0,0.0,0.0,-2.76,5.13,1.0,0.0,0.0,0.0,6.68,-3.1527999999997136,2.6147999999997635,0.0,-0.5799999999998029,0.5299999999999194,3.65,-7.1835999999991325,-4.272800000000363,0.0,-1.4599999999997948,-0.8299999999996643,9.84,6.850799999999138,-4.432400000000223,0.0,1.6299999999995762,-0.8900000000000574,9.84,8.850799999999598,-4.432400000000223,0.0,1.6300000000004644,-0.8900000000000574,0,0,0,0,0,0,0,0,0,0,0,0,0,0,0,0,0,0,0,0,0,0,0,0,0,0,0,0,0,0,0,0,0,0,0,0,0,0,0,0,0,0,0,0,0,0,0,0,0,0,0,0,0,0,0,0,0,0,0,0,0,0,0,0,0,0,0,0,0,0,0,0,0,0,0,0,0,0,0,0,0,0,0,0,0,0,0,0,0,0,0,0,0,0,0,0,0,0,0,0,0,0,0,0,0,0,0,0,0,0,0,0,0,0,0,0,0,0,0,0,0,0,0,0,0,0,0,0,0,0,0,0,0,0,0,0,0,0,0,0,0,0,0,0,0,0,0,0,0,0,0,0,0,0,0,0
12.100735453,7.098989367499945,0.19199765446405914,1.0510274863255291,3.245538499999867,-0.10296157361169844,-0.5636289891315371,3.2455385000001002,-0.102961573611695,-0.5636289891316177,1.6692763957500274,-0.102961573611695,-0.5636289891316177,1.538134855750024,-0.0987787897195454,-0.5407317258693161,-2.43,-5.07,-1.0,0.0,0.0,0.0,-2.43,-3.07,-1.0,0.0,0.0,0.0,-2.43,-1.07,-1.0,0.0,0.0,0.0,-2.43,-5.07,1.0,0.0,0.0,0.0,-2.43,-3.07,1.0,0.0,0.0,0.0,-2.43,-1.07,1.0,0.0,0.0,0.0,-1.91,-2.44,-1.0,0.0,0.0,0.0,-1.91,-0.44,-1.0,0.0,0.0,0.0,-1.91,1.56,-1.0,0.0,0.0,0.0,-1.91,3.56,-1.0,0.0,0.0,0.0,-1.91,-2.44,1.0,0.0,0.0,0.0,-1.91,-0.44,1.0,0.0,0.0,0.0,-1.91,1.56,1.0,0.0,0.0,0.0,-1.91,3.56,1.0,0.0,0.0,0.0,-2.76,1.13,-1.0,0.0,0.0,0.0,-2.76,3.13,-1.0,0.0,0.0,0.0,-2.76,5.13,-1.0,0.0,0.0,0.0,-2.76,1.13,1.0,0.0,0.0,0.0,-2.76,3.13,1.0,0.0,0.0,0.0,-2.76,5.13,1.0,0.0,0.0,0.0,6.68,-3.210799999999694,2.6677999999997555,0.0,-0.5799999999998029,0.5299999999999194,3.65,-7.329599999999112,-4.35580000000033,0.0,-1.4599999999997948,-0.8299999999996643,9.84,7.013799999999096,-4.521400000000229,0.0,1.6299999999995762,-0.8900000000000574,9.84,9.013799999999645,-4.521400000000229,0.0,1.6300000000004644,-0.8900000000000574,0,0,0,0,0,0,0,0,0,0,0,0,0,0,0,0,0,0,0,0,0,0,0,0,0,0,0,0,0,0,0,0,0,0,0,0,0,0,0,0,0,0,0,0,0,0,0,0,0,0,0,0,0,0,0,0,0,0,0,0,0,0,0,0,0,0,0,0,0,0,0,0,0,0,0,0,0,0,0,0,0,0,0,0,0,0,0,0,0,0,0,0,0,0,0,0,0,0,0,0,0,0,0,0,0,0,0,0,0,0,0,0,0,0,0,0,0,0,0,0,0,0,0,0,0,0,0,0,0,0,0,0,0,0,0,0,0,0,0,0,0,0,0,0,0,0,0,0,0,0,0,0,0,0,0,0
12.202418364,7.35173244749995,0.18404934066368264,1.0075170783601064,3.1455385000001,-0.09877878971953358,-0.5407317258692146,3.0695385000001,-0.09434597189025036,-0.5164657347379797,1.3980539310000273,-0.09434597189025036,-0.5164657347379797,1.3980539310000273,-0.09434597189025036,-0.5164657347379797,-2.43,-5.07,-1.0,0.0,0.0,0.0,-2.43,-3.07,-1.0,0.0,0.0,0.0,-2.43,-1.07,-1.0,0.0,0.0,0.0,-2.43,-5.07,1.0,0.0,0.0,0.0,-2.43,-3.07,1.0,0.0,0.0,0.0,-2.43,-1.07,1.0,0.0,0.0,0.0,-1.91,-2.44,-1.0,0.0,0.0,0.0,-1.91,-0.44,-1.0,0.0,0.0,0.0,-1.91,1.56,-1.0,0.0,0.0,0.0,-1.91,3.56,-1.0,0.0,0.0,0.0,-1.91,-2.44,1.0,0.0,0.0,0.0,-1.91,-0.44,1.0,0.0,0.0,0.0,-1.91,1.56,1.0,0.0,0.0,0.0,-1.91,3.56,1.0,0.0,0.0,0.0,-2.76,1.13,-1.0,0.0,0.0,0.0,-2.76,3.13,-1.0,0.0,0.0,0.0,-2.76,5.13,-1.0,0.0,0.0,0.0,-2.76,1.13,1.0,0.0,0.0,0.0,-2.76,3.13,1.0,0.0,0.0,0.0,-2.76,5.13,1.0,0.0,0.0,0.0,6.68,-3.257199999999678,2.710199999999749,0.0,-0.5799999999998029,0.5299999999999194,3.65,-7.4463999999990955,-4.422200000000303,0.0,-1.4599999999997948,-0.8299999999996643,9.84,7.144199999999062,-4.592600000000234,0.0,1.6299999999995762,-0.8900000000000574,9.84,9.144199999999682,-4.592600000000234,0.0,1.6300000000004644,-0.8900000000000574,0,0,0,0,0,0,0,0,0,0,0,0,0,0,0,0,0,0,0,0,0,0,0,0,0,0,0,0,0,0,0,0,0,0,0,0,0,0,0,0,0,0,0,0,0,0,0,0,0,0,0,0,0,0,0,0,0,0,0,0,0,0,0,0,0,0,0,0,0,0,0,0,0,0,0,0,0,0,0,0,0,0,0,0,0,0,0,0,0,0,0,0,0,0,0,0,0,0,0,0,0,0,0,0,0,0,0,0,0,0,0,0,0,0,0,0,0,0,0,0,0,0,0,0,0,0,0,0,0,0,0,0,0,0,0,0,0,0,0,0,0,0,0,0,0,0,0,0,0,0,0,0,0,0,0,0
12.300465127,7.597751527499961,0.17647506600548632,0.9660542236342813,3.069538500000135,-0.0943459718902584,-0.5164657347379586,2.9875385000001002,-0.09027341976458558,-0.49417189872464395,1.2673616459868646,-0.09027341976458558,-0.49417189872464395,1.2673616459868646,-0.09027341976458558,-0.49417189872464395,-2.43,-5.07,-1.0,0.0,0.0,0.0,-2.43,-3.07,-1.0,0.0,0.0,0.0,-2.43,-1.07,-1.0,0.0,0.0,0.0,-2.43,-5.07,1.0,0.0,0.0,0.0,-2.43,-3.07,1.0,0.0,0.0,0.0,-2.43,-1.07,1.0,0.0,0.0,0.0,-1.91,-2.44,-1.0,0.0,0.0,0.0,-1.91,-0.44,-1.0,0.0,0.0,0.0,-1.91,1.56,-1.0,0.0,0.0,0.0,-1.91,3.56,-1.0,0.0,0.0,0.0,-1.91,-2.44,1.0,0.0,0.0,0.0,-1.91,-0.44,1.0,0.0,0.0,0.0,-1.91,1.56,1.0,0.0,0.0,0.0,-1.91,3.56,1.0,0.0,0.0,0.0,-2.76,1.13,-1.0,0.0,0.0,0.0,-2.76,3.13,-1.0,0.0,0.0,0.0,-2.76,5.13,-1.0,0.0,0.0,0.0,-2.76,1.13,1.0,0.0,0.0,0.0,-2.76,3.13,1.0,0.0,0.0,0.0,-2.76,5.13,1.0,0.0,0.0,0.0,6.68,-3.3035999999996624,2.7525999999997426,0.0,-0.5799999999998029,0.5299999999999194,3.65,-7.563199999999079,-4.488600000000276,0.0,-1.4599999999997948,-0.8299999999996643,9.84,7.274599999999028,-4.663800000000238,0.0,1.6299999999995762,-0.8900000000000574,9.84,9.274599999999719,-4.663800000000238,0.0,1.6300000000004644,-0.8900000000000574,0,0,0,0,0,0,0,0,0,0,0,0,0,0,0,0,0,0,0,0,0,0,0,0,0,0,0,0,0,0,0,0,0,0,0,0,0,0,0,0,0,0,0,0,0,0,0,0,0,0,0,0,0,0,0,0,0,0,0,0,0,0,0,0,0,0,0,0,0,0,0,0,0,0,0,0,0,0,0,0,0,0,0,0,0,0,0,0,0,0,0,0,0,0,0,0,0,0,0,0,0,0,0,0,0,0,0,0,0,0,0,0,0,0,0,0,0,0,0,0,0,0,0,0,0,0,0,0,0,0,0,0,0,0,0,0,0,0,0,0,0,0,0,0,0,0,0,0,0,0,0,0,0,0,0,0
12.400399534,7.837410607499978,0.16922061200731406,0.9263421210481997,2.9875385000002197,-0.09027341976458603,-0.49417189872469347,2.9125385000001,-0.08675967314090907,-0.4749370581127831,1.1524265652976355,-0.08675967314090907,-0.4749370581127831,1.1524265652976355,-0.08675967314090907,-0.4749370581127831,-2.43,-5.07,-1.0,0.0,0.0,0.0,-2.43,-3.07,-1.0,0.0,0.0,0.0,-2.43,-1.07,-1.0,0.0,0.0,0.0,-2.43,-5.07,1.0,0.0,0.0,0.0,-2.43,-3.07,1.0,0.0,0.0,0.0,-2.43,-1.07,1.0,0.0,0.0,0.0,-1.91,-2.44,-1.0,0.0,0.0,0.0,-1.91,-0.44,-1.0,0.0,0.0,0.0,-1.91,1.56,-1.0,0.0,0.0,0.0,-1.91,3.56,-1.0,0.0,0.0,0.0,-1.91,-2.44,1.0,0.0,0.0,0.0,-1.91,-0.44,1.0,0.0,0.0,0.0,-1.91,1.56,1.0,0.0,0.0,0.0,-1.91,3.56,1.0,0.0,0.0,0.0,-2.76,1.13,-1.0,0.0,0.0,0.0,-2.76,3.13,-1.0,0.0,0.0,0.0,-2.76,5.13,-1.0,0.0,0.0,0.0,-2.76,1.13,1.0,0.0,0.0,0.0,-2.76,3.13,1.0,0.0,0.0,0.0,-2.76,5.13,1.0,0.0,0.0,0.0,6.68,-3.3499999999996466,2.794999999999736,0.0,-0.5799999999998029,0.5299999999999194,3.65,-7.679999999999063,-4.555000000000249,0.0,-1.4599999999997948,-0.8299999999996643,9.84,7.404999999998994,-4.735000000000243,0.0,1.6299999999995762,-0.8900000000000574,9.84,9.404999999999756,-4.735000000000243,0.0,1.6300000000004644,-0.8900000000000574,0,0,0,0,0,0,0,0,0,0,0,0,0,0,0,0,0,0,0,0,0,0,0,0,0,0,0,0,0,0,0,0,0,0,0,0,0,0,0,0,0,0,0,0,0,0,0,0,0,0,0,0,0,0,0,0,0,0,0,0,0,0,0,0,0,0,0,0,0,0,0,0,0,0,0,0,0,0,0,0,0,0,0,0,0,0,0,0,0,0,0,0,0,0,0,0,0,0,0,0,0,0,0,0,0,0,0,0,0,0,0,0,0,0,0,0,0,0,0,0,0,0,0,0,0,0,0,0,0,0,0,0,0,0,0,0,0,0,0,0,0,0,0,0,0,0,0,0,0,0,0,0,0,0,0,0
12.501196306,8.070713687500009,0.16226578316954762,0.8882702170367323,2.9125385000003945,-0.08675967314089594,-0.47493705811274545,2.8345385000001,-0.08321512374015531,-0.455533597913072,1.0345440802500052,-0.08321512374015531,-0.455533597913072,1.0345440802500052,-0.08321512374015531,-0.455533597913072,-2.43,-5.07,-1.0,0.0,0.0,0.0,-2.43,-3.07,-1.0,0.0,0.0,0.0,-2.43,-1.07,-1.0,0.0,0.0,0.0,-2.43,-5.07,1.0,0.0,0.0,0.0,-2.43,-3.07,1.0,0.0,0.0,0.0,-2.43,-1.07,1.0,0.0,0.0,0.0,-1.91,-2.44,-1.0,0.0,0.0,0.0,-1.91,-0.44,-1.0,0.0,0.0,0.0,-1.91,1.56,-1.0,0.0,0.0,0.0,-1.91,3.56,-1.0,0.0,0.0,0.0,-1.91,-2.44,1.0,0.0,0.0,0.0,-1.91,-0.44,1.0,0.0,0.0,0.0,-1.91,1.56,1.0,0.0,0.0,0.0,-1.91,3.56,1.0,0.0,0.0,0.0,-2.76,1.13,-1.0,0.0,0.0,0.0,-2.76,3.13,-1.0,0.0,0.0,0.0,-2.76,5.13,-1.0,0.0,0.0,0.0,-2.76,1.13,1.0,0.0,0.0,0.0,-2.76,3.13,1.0,0.0,0.0,0.0,-2.76,5.13,1.0,0.0,0.0,0.0,6.68,-3.396399999999631,2.8373999999997297,0.0,-0.5799999999998029,0.5299999999999194,3.65,-7.796799999999046,-4.621400000000222,0.0,-1.4599999999997948,-0.8299999999996643,9.84,7.53539999999896,-4.806200000000247,0.0,1.6299999999995762,-0.8900000000000574,9.84,9.535399999999793,-4.806200000000247,0.0,1.6300000000004644,-0.8900000000000574,0,0,0,0,0,0,0,0,0,0,0,0,0,0,0,0,0,0,0,0,0,0,0,0,0,0,0,0,0,0,0,0,0,0,0,0,0,0,0,0,0,0,0,0,0,0,0,0,0,0,0,0,0,0,0,0,0,0,0,0,0,0,0,0,0,0,0,0,0,0,0,0,0,0,0,0,0,0,0,0,0,0,0,0,0,0,0,0,0,0,0,0,0,0,0,0,0,0,0,0,0,0,0,0,0,0,0,0,0,0,0,0,0,0,0,0,0,0,0,0,0,0,0,0,0,0,0,0,0,0,0,0,0,0,0,0,0,0,0,0,0,0,0,0,0,0,0,0,0,0,0,0,0,0,0,0
