time_elapsed,pos_x,pos_y,pos_z,vel_x,vel_y,vel_z,cmd_vel_x,cmd_vel_y,cmd_vel_z,cmd_vel_unfiltered_x,cmd_vel_unfiltered_y,cmd_vel_unfiltered_z,desired_vel_x,desired_vel_y,desired_vel_z,obs_1_pos_x,obs_1_pos_y,obs_1_pos_z,obs_1_vel_x,obs_1_vel_y,obs_1_vel_z,obs_2_pos_x,obs_2_pos_y,obs_2_pos_z,obs_2_vel_x,obs_2_vel_y,obs_2_vel_z,obs_3_pos_x,obs_3_pos_y,obs_3_pos_z,obs_3_vel_x,obs_3_vel_y,obs_3_vel_z,obs_4_pos_x,obs_4_pos_y,obs_4_pos_z,obs_4_vel_x,obs_4_vel_y,obs_4_vel_z,obs_5_pos_x,obs_5_pos_y,obs_5_pos_z,obs_5_vel_x,obs_5_vel_y,obs_5_vel_z,obs_6_pos_x,obs_6_pos_y,obs_6_pos_z,obs_6_vel_x,obs_6_vel_y,obs_6_vel_z,obs_7_pos_x,obs_7_pos_y,obs_7_pos_z,obs_7_vel_x,obs_7_vel_y,obs_7_vel_z,obs_8_pos_x,obs_8_pos_y,obs_8_pos_z,obs_8_vel_x,obs_8_vel_y,obs_8_vel_z,obs_9_pos_x,obs_9_pos_y,obs_9_pos_z,obs_9_vel_x,obs_9_vel_y,obs_9_vel_z,obs_10_pos_x,obs_10_pos_y,obs_10_pos_z,obs_10_vel_x,obs_10_vel_y,obs_10_vel_z,obs_11_pos_x,obs_11_pos_y,obs_11_pos_z,obs_11_vel_x,obs_11_vel_y,obs_11_vel_z,obs_12_pos_x,obs_12_pos_y,obs_12_pos_z,obs_12_vel_x,obs_12_vel_y,obs_12_vel_z,obs_13_pos_x,obs_13_pos_y,obs_13_pos_z,obs_13_vel_x,obs_13_vel_y,obs_13_vel_z,obs_14_pos_x,obs_14_pos_y,obs_14_pos_z,obs_14_vel_x,obs_14_vel_y,obs_14_vel_z,obs_15_pos_x,obs_15_pos_y,obs_15_pos_z,obs_15_vel_x,obs_15_vel_y,obs_15_vel_z,obs_16_pos_x,obs_16_pos_y,obs_16_pos_z,obs_16_vel_x,obs_16_vel_y,obs_16_vel_z,obs_17_pos_x,obs_17_pos_y,obs_17_pos_z,obs_17_vel_x,obs_17_vel_y,obs_17_vel_z,obs_18_pos_x,obs_18_pos_y,obs_18_pos_z,obs_18_vel_x,obs_18_vel_y,obs_18_vel_z,obs_19_pos_x,obs_19_pos_y,obs_19_pos_z,obs_19_vel_x,obs_19_vel_y,obs_19_vel_z,obs_20_pos_x,obs_20_pos_y,obs_20_pos_z,obs_20_vel_x,obs_20_vel_y,obs_20_vel_z,obs_21_pos_x,obs_21_pos_y,obs_21_pos_z,obs_21_vel_x,obs_21_vel_y,obs_21_vel_z,obs_22_pos_x,obs_22_pos_y,obs_22_pos_z,obs_22_vel_x,obs_22_vel_y,obs_22_vel_z,obs_23_pos_x,obs_23_pos_y,obs_23_pos_z,obs_23_vel_x,obs_23_vel_y,obs_23_vel_z,obs_24_pos_x,obs_24_pos_y,obs_24_pos_z,obs_24_vel_x,obs_24_vel_y,obs_24_vel_z,obs_25_pos_x,obs_25_pos_y,obs_25_pos_z,obs_25_vel_x,obs_25_vel_y,obs_25_vel_z,obs_26_pos_x,obs_26_pos_y,obs_26_pos_z,obs_26_vel_x,obs_26_vel_y,obs_26_vel_z,obs_27_pos_x,obs_27_pos_y,obs_27_pos_z,obs_27_vel_x,obs_27_vel_y,obs_27_vel_z,obs_28_pos_x,obs_28_pos_y,obs_28_pos_z,obs_28_vel_x,obs_28_vel_y,obs_28_vel_z,obs_29_pos_x,obs_29_pos_y,obs_29_pos_z,obs_29_vel_x,obs_29_vel_y,obs_29_vel_z,obs_30_pos_x,obs_30_pos_y,obs_30_pos_z,obs_30_vel_x,obs_30_vel_y,obs_30_vel_z,obs_31_pos_x,obs_31_pos_y,obs_31_pos_z,obs_31_vel_x,obs_31_vel_y,obs_31_vel_z,obs_32_pos_x,obs_32_pos_y,obs_32_pos_z,obs_32_vel_x,obs_32_vel_y,obs_32_vel_z,obs_33_pos_x,obs_33_pos_y,obs_33_pos_z,obs_33_vel_x,obs_33_vel_y,obs_33_vel_z,obs_34_pos_x,obs_34_pos_y,obs_34_pos_z,obs_34_vel_x,obs_34_vel_y,obs_34_vel_z,obs_35_pos_x,obs_35_pos_y,obs_35_pos_z,obs_35_vel_x,obs_35_vel_y,obs_35_vel_z,obs_36_pos_x,obs_36_pos_y,obs_36_pos_z,obs_36_vel_x,obs_36_vel_y,obs_36_vel_z,obs_37_pos_x,obs_37_pos_y,obs_37_pos_z,obs_37_vel_x,obs_37_vel_y,obs_37_vel_z,obs_38_pos_x,obs_38_pos_y,obs_38_pos_z,obs_38_vel_x,obs_38_vel_y,obs_38_vel_z,obs_39_pos_x,obs_39_pos_y,obs_39_pos_z,obs_39_vel_x,obs_39_vel_y,obs_39_vel_z,obs_40_pos_x,obs_40_pos_y,obs_40_pos_z,obs_40_vel_x,obs_40_vel_y,obs_40_vel_z,obs_41_pos_x,obs_41_pos_y,obs_41_pos_z,obs_41_vel_x,obs_41_vel_y,obs_41_vel_z,obs_42_pos_x,obs_42_pos_y,obs_42_pos_z,obs_42_vel_x,obs_42_vel_y,obs_42_vel_z,obs_43_pos_x,obs_43_pos_y,obs_43_pos_z,obs_43_vel_x,obs_43_vel_y,obs_43_vel_z,obs_44_pos_x,obs_44_pos_y,obs_44_pos_z,obs_44_vel_x,obs_44_vel_y,obs_44_vel_z,obs_45_pos_x,obs_45_pos_y,obs_45_pos_z,obs_45_vel_x,obs_45_vel_y,obs_45_vel_z,obs_46_pos_x,obs_46_pos_y,obs_46_pos_z,obs_46_vel_x,obs_46_vel_y,obs_46_vel_z,obs_47_pos_x,obs_47_pos_y,obs_47_pos_z,obs_47_vel_x,obs_47_vel_y,obs_47_vel_z,obs_48_pos_x,obs_48_pos_y,obs_48_pos_z,obs_48_vel_x,obs_48_vel_y,obs_48_vel_z,obs_49_pos_x,obs_49_pos_y,obs_49_pos_z,obs_49_vel_x,obs_49_vel_y,obs_49_vel_z,obs_50_pos_x,obs_50_pos_y,obs_50_pos_z,obs_50_vel_x,obs_50_vel_y,obs_50_vel_z
3.000994771,-10.0,0.0,0.0,0.0,0.0,0.0,0,0,0,0,0,0,5.0,0.0,0.0,5.6,0.8,-1.0,0.0,0.0,0.0,5.6,2.8,-1.0,0.0,0.0,0.0,5.6,4.8,-1.0,0.0,0.0,0.0,5.6,6.8,-1.0,0.0,0.0,0.0,5.6,0.8,1.0,0.0,0.0,0.0,5.6,2.8,1.0,0.0,0.0,0.0,5.6,4.8,1.0,0.0,0.0,0.0,5.6,6.8,1.0,0.0,0.0,0.0,-1.11,-4.2,-1.0,0.0,0.0,0.0,-1.11,-2.2,-1.0,0.0,0.0,0.0,-1.11,-4.2,1.0,0.0,0.0,0.0,-1.11,-2.2,1.0,0.0,0.0,0.0,9.83,-2.0371999999999972,0.47840000000000016,0.0,1.3199999999999878,-0.790000000000013,9.83,-0.03719999999999953,0.47840000000000016,0.0,1.3200000000000138,-0.790000000000013,-4.65,-5.247600000000017,1.6488000000000032,0.0,1.5599999999995617,-0.5299999999999194,-4.65,-3.2476,1.6488000000000032,0.0,1.5600000000000058,-0.5299999999999194,0,0,0,0,0,0,0,0,0,0,0,0,0,0,0,0,0,0,0,0,0,0,0,0,0,0,0,0,0,0,0,0,0,0,0,0,0,0,0,0,0,0,0,0,0,0,0,0,0,0,0,0,0,0,0,0,0,0,0,0,0,0,0,0,0,0,0,0,0,0,0,0,0,0,0,0,0,0,0,0,0,0,0,0,0,0,0,0,0,0,0,0,0,0,0,0,0,0,0,0,0,0,0,0,0,0,0,0,0,0,0,0,0,0,0,0,0,0,0,0,0,0,0,0,0,0,0,0,0,0,0,0,0,0,0,0,0,0,0,0,0,0,0,0,0,0,0,0,0,0,0,0,0,0,0,0,0,0,0,0,0,0,0,0,0,0,0,0,0,0,0,0,0,0,0,0,0,0,0,0,0,0,0,0,0,0,0,0,0,0,0,0,0,0,0,0,0,0,0,0,0,0,0,0
3.100946484,-10.0,0.0,0.0,0.0,0.0,0.0,0,0,0,0,0,0,5.0,0.0,0.0,5.6,0.8,-1.0,0.0,0.0,0.0,5.6,2.8,-1.0,0.0,0.0,0.0,5.6,4.8,-1.0,0.0,0.0,0.0,5.6,6.8,-1.0,0.0,0.0,0.0,5.6,0.8,1.0,0.0,0.0,0.0,5.6,2.8,1.0,0.0,0.0,0.0,5.6,4.8,1.0,0.0,0.0,0.0,5.6,6.8,1.0,0.0,0.0,0.0,-1.11,-4.2,-1.0,0.0,0.0,0.0,-1.11,-2.2,-1.0,0.0,0.0,0.0,-1.11,-4.2,1.0,0.0,0.0,0.0,-1.11,-2.2,1.0,0.0,0.0,0.0,9.83,-1.9315999999999973,0.4151999999999991,0.0,1.3199999999999878,-0.790000000000013,9.83,0.06840000000000128,0.4151999999999991,0.0,1.3200000000000054,-0.790000000000013,-4.65,-5.122800000000052,1.6064000000000096,0.0,1.5599999999995617,-0.5299999999999194,-4.65,-3.1227999999999994,1.6064000000000096,0.0,1.5600000000000058,-0.5299999999999194,0,0,0,0,0,0,0,0,0,0,0,0,0,0,0,0,0,0,0,0,0,0,0,0,0,0,0,0,0,0,0,0,0,0,0,0,0,0,0,0,0,0,0,0,0,0,0,0,0,0,0,0,0,0,0,0,0,0,0,0,0,0,0,0,0,0,0,0,0,0,0,0,0,0,0,0,0,0,0,0,0,0,0,0,0,0,0,0,0,0,0,0,0,0,0,0,0,0,0,0,0,0,0,0,0,0,0,0,0,0,0,0,0,0,0,0,0,0,0,0,0,0,0,0,0,0,0,0,0,0,0,0,0,0,0,0,0,0,0,0,0,0,0,0,0,0,0,0,0,0,0,0,0,0,0,0,0,0,0,0,0,0,0,0,0,0,0,0,0,0,0,0,0,0,0,0,0,0,0,0,0,0,0,0,0,0,0,0,0,0,0,0,0,0,0,0,0,0,0,0,0,0,0,0
3.200757417,-10.0,0.0,0.0,0.0,0.0,0.0,0,0,0,0,0,0,5.0,0.0,0.0,5.6,0.8,-1.0,0.0,0.0,0.0,5.6,2.8,-1.0,0.0,0.0,0.0,5.6,4.8,-1.0,0.0,0.0,0.0,5.6,6.8,-1.0,0.0,0.0,0.0,5.6,0.8,1.0,0.0,0.0,0.0,5.6,2.8,1.0,0.0,0.0,0.0,5.6,4.8,1.0,0.0,0.0,0.0,5.6,6.8,1.0,0.0,0.0,0.0,-1.11,-4.2,-1.0,0.0,0.0,0.0,-1.11,-2.2,-1.0,0.0,0.0,0.0,-1.11,-4.2,1.0,0.0,0.0,0.0,-1.11,-2.2,1.0,0.0,0.0,0.0,9.83,-1.8259999999999983,0.3519999999999981,0.0,1.3199999999999878,-0.790000000000013,9.83,0.1740000000000014,0.3519999999999981,0.0,1.3199999999999878,-0.790000000000013,-4.65,-4.998000000000087,1.564000000000016,0.0,1.5599999999995617,-0.5299999999999194,-4.65,-2.997999999999999,1.564000000000016,0.0,1.5600000000000058,-0.5299999999999194,0,0,0,0,0,0,0,0,0,0,0,0,0,0,0,0,0,0,0,0,0,0,0,0,0,0,0,0,0,0,0,0,0,0,0,0,0,0,0,0,0,0,0,0,0,0,0,0,0,0,0,0,0,0,0,0,0,0,0,0,0,0,0,0,0,0,0,0,0,0,0,0,0,0,0,0,0,0,0,0,0,0,0,0,0,0,0,0,0,0,0,0,0,0,0,0,0,0,0,0,0,0,0,0,0,0,0,0,0,0,0,0,0,0,0,0,0,0,0,0,0,0,0,0,0,0,0,0,0,0,0,0,0,0,0,0,0,0,0,0,0,0,0,0,0,0,0,0,0,0,0,0,0,0,0,0,0,0,0,0,0,0,0,0,0,0,0,0,0,0,0,0,0,0,0,0,0,0,0,0,0,0,0,0,0,0,0,0,0,0,0,0,0,0,0,0,0,0,0,0,0,0,0,0
3.302410641,-10.0,0.0,0.0,0.0,0.0,0.0,0,0,0,0,0,0,5.0,0.0,0.0,5.6,0.8,-1.0,0.0,0.0,0.0,5.6,2.8,-1.0,0.0,0.0,0.0,5.6,4.8,-1.0,0.0,0.0,0.0,5.6,6.8,-1.0,0.0,0.0,0.0,5.6,0.8,1.0,0.0,0.0,0.0,5.6,2.8,1.0,0.0,0.0,0.0,5.6,4.8,1.0,0.0,0.0,0.0,5.6,6.8,1.0,0.0,0.0,0.0,-1.11,-4.2,-1.0,0.0,0.0,0.0,-1.11,-2.2,-1.0,0.0,0.0,0.0,-1.11,-4.2,1.0,0.0,0.0,0.0,-1.11,-2.2,1.0,0.0,0.0,0.0,9.83,-1.746799999999999,0.3045999999999973,0.0,1.3199999999999878,-0.790000000000013,9.83,0.2532000000000007,0.3045999999999973,0.0,1.3199999999999907,-0.790000000000013,-4.65,-4.904400000000114,1.5322000000000209,0.0,1.5599999999995617,-0.5299999999999194,-4.65,-2.9043999999999985,1.5322000000000209,0.0,1.5600000000000058,-0.5299999999999194,0,0,0,0,0,0,0,0,0,0,0,0,0,0,0,0,0,0,0,0,0,0,0,0,0,0,0,0,0,0,0,0,0,0,0,0,0,0,0,0,0,0,0,0,0,0,0,0,0,0,0,0,0,0,0,0,0,0,0,0,0,0,0,0,0,0,0,0,0,0,0,0,0,0,0,0,0,0,0,0,0,0,0,0,0,0,0,0,0,0,0,0,0,0,0,0,0,0,0,0,0,0,0,0,0,0,0,0,0,0,0,0,0,0,0,0,0,0,0,0,0,0,0,0,0,0,0,0,0,0,0,0,0,0,0,0,0,0,0,0,0,0,0,0,0,0,0,0,0,0,0,0,0,0,0,0,0,0,0,0,0,0,0,0,0,0,0,0,0,0,0,0,0,0,0,0,0,0,0,0,0,0,0,0,0,0,0,0,0,0,0,0,0,0,0,0,0,0,0,0,0,0,0,0
3.402119775,-10.0,0.0,0.0,0.0,0.0,0.0,0,0,0,0,0,0,5.0,0.0,0.0,5.6,0.8,-1.0,0.0,0.0,0.0,5.6,2.8,-1.0,0.0,0.0,0.0,5.6,4.8,-1.0,0.0,0.0,0.0,5.6,6.8,-1.0,0.0,0.0,0.0,5.6,0.8,1.0,0.0,0.0,0.0,5.6,2.8,1.0,0.0,0.0,0.0,5.6,4.8,1.0,0.0,0.0,0.0,5.6,6.8,1.0,0.0,0.0,0.0,-1.11,-4.2,-1.0,0.0,0.0,0.0,-1.11,-2.2,-1.0,0.0,0.0,0.0,-1.11,-4.2,1.0,0.0,0.0,0.0,-1.11,-2.2,1.0,0.0,0.0,0.0,9.83,-1.6148000000000002,0.22559999999999603,0.0,1.3199999999999878,-0.790000000000013,9.83,0.3851999999999995,0.22559999999999603,0.0,1.3199999999999878,-0.790000000000013,-4.65,-4.748400000000157,1.479200000000029,0.0,1.5599999999995617,-0.5299999999999194,-4.65,-2.748399999999998,1.479200000000029,0.0,1.5600000000000058,-0.5299999999999194,0,0,0,0,0,0,0,0,0,0,0,0,0,0,0,0,0,0,0,0,0,0,0,0,0,0,0,0,0,0,0,0,0,0,0,0,0,0,0,0,0,0,0,0,0,0,0,0,0,0,0,0,0,0,0,0,0,0,0,0,0,0,0,0,0,0,0,0,0,0,0,0,0,0,0,0,0,0,0,0,0,0,0,0,0,0,0,0,0,0,0,0,0,0,0,0,0,0,0,0,0,0,0,0,0,0,0,0,0,0,0,0,0,0,0,0,0,0,0,0,0,0,0,0,0,0,0,0,0,0,0,0,0,0,0,0,0,0,0,0,0,0,0,0,0,0,0,0,0,0,0,0,0,0,0,0,0,0,0,0,0,0,0,0,0,0,0,0,0,0,0,0,0,0,0,0,0,0,0,0,0,0,0,0,0,0,0,0,0,0,0,0,0,0,0,0,0,0,0,0,0,0,0,0
3.502696892,-10.0,0.0,0.0,0.0,0.0,0.0,0,0,0,0,0,0,5.0,0.0,0.0,5.6,0.8,-1.0,0.0,0.0,0.0,5.6,2.8,-1.0,0.0,0.0,0.0,5.6,4.8,-1.0,0.0,0.0,0.0,5.6,6.8,-1.0,0.0,0.0,0.0,5.6,0.8,1.0,0.0,0.0,0.0,5.6,2.8,1.0,0.0,0.0,0.0,5.6,4.8,1.0,0.0,0.0,0.0,5.6,6.8,1.0,0.0,0.0,0.0,-1.11,-4.2,-1.0,0.0,0.0,0.0,-1.11,-2.2,-1.0,0.0,0.0,0.0,-1.11,-4.2,1.0,0.0,0.0,0.0,-1.11,-2.2,1.0,0.0,0.0,0.0,9.83,-1.535600000000001,0.17819999999999525,0.0,1.3199999999999878,-0.790000000000013,9.83,0.46439999999999876,0.17819999999999525,0.0,1.3199999999999878,-0.790000000000013,-4.65,-4.654800000000184,1.4474000000000338,0.0,1.5599999999995617,-0.5299999999999194,-4.65,-2.6547999999999976,1.4474000000000338,0.0,1.5600000000000058,-0.5299999999999194,0,0,0,0,0,0,0,0,0,0,0,0,0,0,0,0,0,0,0,0,0,0,0,0,0,0,0,0,0,0,0,0,0,0,0,0,0,0,0,0,0,0,0,0,0,0,0,0,0,0,0,0,0,0,0,0,0,0,0,0,0,0,0,0,0,0,0,0,0,0,0,0,0,0,0,0,0,0,0,0,0,0,0,0,0,0,0,0,0,0,0,0,0,0,0,0,0,0,0,0,0,0,0,0,0,0,0,0,0,0,0,0,0,0,0,0,0,0,0,0,0,0,0,0,0,0,0,0,0,0,0,0,0,0,0,0,0,0,0,0,0,0,0,0,0,0,0,0,0,0,0,0,0,0,0,0,0,0,0,0,0,0,0,0,0,0,0,0,0,0,0,0,0,0,0,0,0,0,0,0,0,0,0,0,0,0,0,0,0,0,0,0,0,0,0,0,0,0,0,0,0,0,0,0
3.601855812,-10.0,0.0,0.0,0.0,0.0,0.0,0,0,0,0,0,0,5.0,0.0,0.0,5.6,0.8,-1.0,0.0,0.0,0.0,5.6,2.8,-1.0,0.0,0.0,0.0,5.6,4.8,-1.0,0.0,0.0,0.0,5.6,6.8,-1.0,0.0,0.0,0.0,5.6,0.8,1.0,0.0,0.0,0.0,5.6,2.8,1.0,0.0,0.0,0.0,5.6,4.8,1.0,0.0,0.0,0.0,5.6,6.8,1.0,0.0,0.0,0.0,-1.11,-4.2,-1.0,0.0,0.0,0.0,-1.11,-2.2,-1.0,0.0,0.0,0.0,-1.11,-4.2,1.0,0.0,0.0,0.0,-1.11,-2.2,1.0,0.0,0.0,0.0,9.83,-1.4564000000000017,0.13079999999999448,0.0,1.3199999999999878,-0.790000000000013,9.83,0.5435999999999981,0.13079999999999448,0.0,1.3199999999999878,-0.790000000000013,-4.65,-4.56120000000021,1.4156000000000386,0.0,1.5599999999995617,-0.5299999999999194,-4.65,-2.5611999999999973,1.4156000000000386,0.0,1.5600000000000058,-0.5299999999999194,0,0,0,0,0,0,0,0,0,0,0,0,0,0,0,0,0,0,0,0,0,0,0,0,0,0,0,0,0,0,0,0,0,0,0,0,0,0,0,0,0,0,0,0,0,0,0,0,0,0,0,0,0,0,0,0,0,0,0,0,0,0,0,0,0,0,0,0,0,0,0,0,0,0,0,0,0,0,0,0,0,0,0,0,0,0,0,0,0,0,0,0,0,0,0,0,0,0,0,0,0,0,0,0,0,0,0,0,0,0,0,0,0,0,0,0,0,0,0,0,0,0,0,0,0,0,0,0,0,0,0,0,0,0,0,0,0,0,0,0,0,0,0,0,0,0,0,0,0,0,0,0,0,0,0,0,0,0,0,0,0,0,0,0,0,0,0,0,0,0,0,0,0,0,0,0,0,0,0,0,0,0,0,0,0,0,0,0,0,0,0,0,0,0,0,0,0,0,0,0,0,0,0,0
3.704499158,-10.0,0.0,0.0,0.0,0.0,0.0,0,0,0,0,0,0,5.0,0.0,0.0,5.6,0.8,-1.0,0.0,0.0,0.0,5.6,2.8,-1.0,0.0,0.0,0.0,5.6,4.8,-1.0,0.0,0.0,0.0,5.6,6.8,-1.0,0.0,0.0,0.0,5.6,0.8,1.0,0.0,0.0,0.0,5.6,2.8,1.0,0.0,0.0,0.0,5.6,4.8,1.0,0.0,0.0,0.0,5.6,6.8,1.0,0.0,0.0,0.0,-1.11,-4.2,-1.0,0.0,0.0,0.0,-1.11,-2.2,-1.0,0.0,0.0,0.0,-1.11,-4.2,1.0,0.0,0.0,0.0,-1.11,-2.2,1.0,0.0,0.0,0.0,9.83,-1.3508000000000027,0.06759999999999446,0.0,1.3199999999999878,-0.789999999999999,9.83,0.6491999999999971,0.06759999999999446,0.0,1.3199999999999878,-0.789999999999999,-4.65,-4.436400000000245,1.373200000000045,0.0,1.5599999999995617,-0.5299999999999194,-4.65,-2.4051999999999967,1.3626000000000467,0.0,1.5600000000000058,-0.5299999999999194,0,0,0,0,0,0,0,0,0,0,0,0,0,0,0,0,0,0,0,0,0,0,0,0,0,0,0,0,0,0,0,0,0,0,0,0,0,0,0,0,0,0,0,0,0,0,0,0,0,0,0,0,0,0,0,0,0,0,0,0,0,0,0,0,0,0,0,0,0,0,0,0,0,0,0,0,0,0,0,0,0,0,0,0,0,0,0,0,0,0,0,0,0,0,0,0,0,0,0,0,0,0,0,0,0,0,0,0,0,0,0,0,0,0,0,0,0,0,0,0,0,0,0,0,0,0,0,0,0,0,0,0,0,0,0,0,0,0,0,0,0,0,0,0,0,0,0,0,0,0,0,0,0,0,0,0,0,0,0,0,0,0,0,0,0,0,0,0,0,0,0,0,0,0,0,0,0,0,0,0,0,0,0,0,0,0,0,0,0,0,0,0,0,0,0,0,0,0,0,0,0,0,0,0
3.802342266,-10.0,0.0,0.0,0.0,0.0,0.0,0,0,0,0,0,0,5.0,0.0,0.0,5.6,0.8,-1.0,0.0,0.0,0.0,5.6,2.8,-1.0,0.0,0.0,0.0,5.6,4.8,-1.0,0.0,0.0,0.0,5.6,6.8,-1.0,0.0,0.0,0.0,5.6,0.8,1.0,0.0,0.0,0.0,5.6,2.8,1.0,0.0,0.0,0.0,5.6,4.8,1.0,0.0,0.0,0.0,5.6,6.8,1.0,0.0,0.0,0.0,-1.11,-4.2,-1.0,0.0,0.0,0.0,-1.11,-2.2,-1.0,0.0,0.0,0.0,-1.11,-4.2,1.0,0.0,0.0,0.0,-1.11,-2.2,1.0,0.0,0.0,0.0,9.83,-1.2188000000000039,-0.01140000000000549,0.0,1.3199999999999878,-0.7900000000000004,9.83,0.7811999999999959,-0.01140000000000549,0.0,1.3199999999999878,-0.7900000000000004,-4.65,-4.280400000000289,1.320200000000053,0.0,1.5599999999995617,-0.5299999999999194,-4.65,-2.280399999999996,1.320200000000053,0.0,1.5600000000000058,-0.5299999999999194,0,0,0,0,0,0,0,0,0,0,0,0,0,0,0,0,0,0,0,0,0,0,0,0,0,0,0,0,0,0,0,0,0,0,0,0,0,0,0,0,0,0,0,0,0,0,0,0,0,0,0,0,0,0,0,0,0,0,0,0,0,0,0,0,0,0,0,0,0,0,0,0,0,0,0,0,0,0,0,0,0,0,0,0,0,0,0,0,0,0,0,0,0,0,0,0,0,0,0,0,0,0,0,0,0,0,0,0,0,0,0,0,0,0,0,0,0,0,0,0,0,0,0,0,0,0,0,0,0,0,0,0,0,0,0,0,0,0,0,0,0,0,0,0,0,0,0,0,0,0,0,0,0,0,0,0,0,0,0,0,0,0,0,0,0,0,0,0,0,0,0,0,0,0,0,0,0,0,0,0,0,0,0,0,0,0,0,0,0,0,0,0,0,0,0,0,0,0,0,0,0,0,0,0
3.901726011,-10.0,0.0,0.0,0.0,0.0,0.0,0,0,0,0,0,0,5.0,0.0,0.0,5.6,0.8,-1.0,0.0,0.0,0.0,5.6,2.8,-1.0,0.0,0.0,0.0,5.6,4.8,-1.0,0.0,0.0,0.0,5.6,6.8,-1.0,0.0,0.0,0.0,5.6,0.8,1.0,0.0,0.0,0.0,5.6,2.8,1.0,0.0,0.0,0.0,5.6,4.8,1.0,0.0,0.0,0.0,5.6,6.8,1.0,0.0,0.0,0.0,-1.11,-4.2,-1.0,0.0,0.0,0.0,-1.11,-2.2,-1.0,0.0,0.0,0.0,-1.11,-4.2,1.0,0.0,0.0,0.0,-1.11,-2.2,1.0,0.0,0.0,0.0,9.83,-1.1132000000000049,-0.07460000000000543,0.0,1.3199999999999878,-0.789999999999999,9.83,0.8867999999999949,-0.07460000000000543,0.0,1.3199999999999878,-0.789999999999999,-4.65,-4.155600000000324,1.2778000000000596,0.0,1.5599999999995617,-0.5299999999999194,-4.65,-2.1555999999999957,1.2778000000000596,0.0,1.5600000000000058,-0.5299999999999194,0,0,0,0,0,0,0,0,0,0,0,0,0,0,0,0,0,0,0,0,0,0,0,0,0,0,0,0,0,0,0,0,0,0,0,0,0,0,0,0,0,0,0,0,0,0,0,0,0,0,0,0,0,0,0,0,0,0,0,0,0,0,0,0,0,0,0,0,0,0,0,0,0,0,0,0,0,0,0,0,0,0,0,0,0,0,0,0,0,0,0,0,0,0,0,0,0,0,0,0,0,0,0,0,0,0,0,0,0,0,0,0,0,0,0,0,0,0,0,0,0,0,0,0,0,0,0,0,0,0,0,0,0,0,0,0,0,0,0,0,0,0,0,0,0,0,0,0,0,0,0,0,0,0,0,0,0,0,0,0,0,0,0,0,0,0,0,0,0,0,0,0,0,0,0,0,0,0,0,0,0,0,0,0,0,0,0,0,0,0,0,0,0,0,0,0,0,0,0,0,0,0,0,0
4.001858642,-10.0,0.0,0.0,0.0,0.0,0.0,0,0,0,0,0,0,5.0,0.0,0.0,5.6,0.8,-1.0,0.0,0.0,0.0,5.6,2.8,-1.0,0.0,0.0,0.0,5.6,4.8,-1.0,0.0,0.0,0.0,5.6,6.8,-1.0,0.0,0.0,0.0,5.6,0.8,1.0,0.0,0.0,0.0,5.6,2.8,1.0,0.0,0.0,0.0,5.6,4.8,1.0,0.0,0.0,0.0,5.6,6.8,1.0,0.0,0.0,0.0,-1.11,-4.2,-1.0,0.0,0.0,0.0,-1.11,-2.2,-1.0,0.0,0.0,0.0,-1.11,-4.2,1.0,0.0,0.0,0.0,-1.11,-2.2,1.0,0.0,0.0,0.0,9.83,-1.0076000000000058,-0.13780000000000558,0.0,1.3199999999999878,-0.790000000000013,9.83,0.992399999999994,-0.13780000000000558,0.0,1.3199999999999878,-0.790000000000013,-4.65,-4.030800000000359,1.235400000000066,0.0,1.5599999999995617,-0.5299999999999194,-4.65,-2.0307999999999953,1.235400000000066,0.0,1.5600000000000058,-0.5299999999999194,0,0,0,0,0,0,0,0,0,0,0,0,0,0,0,0,0,0,0,0,0,0,0,0,0,0,0,0,0,0,0,0,0,0,0,0,0,0,0,0,0,0,0,0,0,0,0,0,0,0,0,0,0,0,0,0,0,0,0,0,0,0,0,0,0,0,0,0,0,0,0,0,0,0,0,0,0,0,0,0,0,0,0,0,0,0,0,0,0,0,0,0,0,0,0,0,0,0,0,0,0,0,0,0,0,0,0,0,0,0,0,0,0,0,0,0,0,0,0,0,0,0,0,0,0,0,0,0,0,0,0,0,0,0,0,0,0,0,0,0,0,0,0,0,0,0,0,0,0,0,0,0,0,0,0,0,0,0,0,0,0,0,0,0,0,0,0,0,0,0,0,0,0,0,0,0,0,0,0,0,0,0,0,0,0,0,0,0,0,0,0,0,0,0,0,0,0,0,0,0,0,0,0,0
4.10431208,-10.0,0.0,0.0,0.0,0.0,0.0,0,0,0,0,0,0,5.0,0.0,0.0,5.6,0.8,-1.0,0.0,0.0,0.0,5.6,2.8,-1.0,0.0,0.0,0.0,5.6,4.8,-1.0,0.0,0.0,0.0,5.6,6.8,-1.0,0.0,0.0,0.0,5.6,0.8,1.0,0.0,0.0,0.0,5.6,2.8,1.0,0.0,0.0,0.0,5.6,4.8,1.0,0.0,0.0,0.0,5.6,6.8,1.0,0.0,0.0,0.0,-1.11,-4.2,-1.0,0.0,0.0,0.0,-1.11,-2.2,-1.0,0.0,0.0,0.0,-1.11,-4.2,1.0,0.0,0.0,0.0,-1.11,-2.2,1.0,0.0,0.0,0.0,9.83,-0.875600000000007,-0.21680000000000688,0.0,1.3199999999999878,-0.790000000000013,9.83,1.097999999999993,-0.20100000000000662,0.0,1.3199999999999878,-0.790000000000013,-4.65,-3.906000000000367,1.1930000000000724,0.0,1.5600000000000058,-0.5299999999999194,-4.65,-1.9059999999999948,1.1930000000000724,0.0,1.5600000000000058,-0.5299999999999194,0,0,0,0,0,0,0,0,0,0,0,0,0,0,0,0,0,0,0,0,0,0,0,0,0,0,0,0,0,0,0,0,0,0,0,0,0,0,0,0,0,0,0,0,0,0,0,0,0,0,0,0,0,0,0,0,0,0,0,0,0,0,0,0,0,0,0,0,0,0,0,0,0,0,0,0,0,0,0,0,0,0,0,0,0,0,0,0,0,0,0,0,0,0,0,0,0,0,0,0,0,0,0,0,0,0,0,0,0,0,0,0,0,0,0,0,0,0,0,0,0,0,0,0,0,0,0,0,0,0,0,0,0,0,0,0,0,0,0,0,0,0,0,0,0,0,0,0,0,0,0,0,0,0,0,0,0,0,0,0,0,0,0,0,0,0,0,0,0,0,0,0,0,0,0,0,0,0,0,0,0,0,0,0,0,0,0,0,0,0,0,0,0,0,0,0,0,0,0,0,0,0,0,0
4.202230784,-10.0,0.0,0.0,0.0,0.0,0.0,0,0,0,0,0,0,5.0,0.0,0.0,5.6,0.8,-1.0,0.0,0.0,0.0,5.6,2.8,-1.0,0.0,0.0,0.0,5.6,4.8,-1.0,0.0,0.0,0.0,5.6,6.8,-1.0,0.0,0.0,0.0,5.6,0.8,1.0,0.0,0.0,0.0,5.6,2.8,1.0,0.0,0.0,0.0,5.6,4.8,1.0,0.0,0.0,0.0,5.6,6.8,1.0,0.0,0.0,0.0,-1.11,-4.2,-1.0,0.0,0.0,0.0,-1.11,-2.2,-1.0,0.0,0.0,0.0,-1.11,-4.2,1.0,0.0,0.0,0.0,-1.11,-2.2,1.0,0.0,0.0,0.0,9.83,-0.770000000000008,-0.2800000000000079,0.0,1.3199999999999878,-0.790000000000013,9.83,1.2299999999999918,-0.2800000000000079,0.0,1.3199999999999878,-0.790000000000013,-4.65,-3.7500000000003664,1.1400000000000805,0.0,1.5600000000000058,-0.5299999999999194,-4.65,-1.7499999999999942,1.1400000000000805,0.0,1.5600000000000058,-0.5299999999999194,0,0,0,0,0,0,0,0,0,0,0,0,0,0,0,0,0,0,0,0,0,0,0,0,0,0,0,0,0,0,0,0,0,0,0,0,0,0,0,0,0,0,0,0,0,0,0,0,0,0,0,0,0,0,0,0,0,0,0,0,0,0,0,0,0,0,0,0,0,0,0,0,0,0,0,0,0,0,0,0,0,0,0,0,0,0,0,0,0,0,0,0,0,0,0,0,0,0,0,0,0,0,0,0,0,0,0,0,0,0,0,0,0,0,0,0,0,0,0,0,0,0,0,0,0,0,0,0,0,0,0,0,0,0,0,0,0,0,0,0,0,0,0,0,0,0,0,0,0,0,0,0,0,0,0,0,0,0,0,0,0,0,0,0,0,0,0,0,0,0,0,0,0,0,0,0,0,0,0,0,0,0,0,0,0,0,0,0,0,0,0,0,0,0,0,0,0,0,0,0,0,0,0,0
4.30121554,-9.99590000000001,0.004099999999999998,0.004099999999999998,0.09999999999976694,0.09999999999999994,0.09999999999999994,0.1,0.1,0.1,2.960491200567416,2.706189147364796,2.9628651647821282,4.99999999998875,-7.500011250000002e-06,-7.500011250000002e-06,5.6,0.8,-1.0,0.0,0.0,0.0,5.6,2.8,-1.0,0.0,0.0,0.0,5.6,4.8,-1.0,0.0,0.0,0.0,5.6,6.8,-1.0,0.0,0.0,0.0,5.6,0.8,1.0,0.0,0.0,0.0,5.6,2.8,1.0,0.0,0.0,0.0,5.6,4.8,1.0,0.0,0.0,0.0,5.6,6.8,1.0,0.0,0.0,0.0,-1.11,-4.2,-1.0,0.0,0.0,0.0,-1.11,-2.2,-1.0,0.0,0.0,0.0,-1.11,-4.2,1.0,0.0,0.0,0.0,-1.11,-2.2,1.0,0.0,0.0,0.0,9.83,-0.664400000000009,-0.34320000000000894,0.0,1.3199999999999878,-0.790000000000013,9.83,1.3355999999999908,-0.34320000000000894,0.0,1.3199999999999878,-0.790000000000013,-4.65,-3.625200000000366,1.097600000000087,0.0,1.5600000000000058,-0.5299999999999194,-4.65,-1.6251999999999938,1.097600000000087,0.0,1.5600000000000058,-0.5299999999999194,0,0,0,0,0,0,0,0,0,0,0,0,0,0,0,0,0,0,0,0,0,0,0,0,0,0,0,0,0,0,0,0,0,0,0,0,0,0,0,0,0,0,0,0,0,0,0,0,0,0,0,0,0,0,0,0,0,0,0,0,0,0,0,0,0,0,0,0,0,0,0,0,0,0,0,0,0,0,0,0,0,0,0,0,0,0,0,0,0,0,0,0,0,0,0,0,0,0,0,0,0,0,0,0,0,0,0,0,0,0,0,0,0,0,0,0,0,0,0,0,0,0,0,0,0,0,0,0,0,0,0,0,0,0,0,0,0,0,0,0,0,0,0,0,0,0,0,0,0,0,0,0,0,0,0,0,0,0,0,0,0,0,0,0,0,0,0,0,0,0,0,0,0,0,0,0,0,0,0,0,0,0,0,0,0,0,0,0,0,0,0,0,0,0,0,0,0,0,0,0,0,0,0,0
4.40277159,-9.981084000000056,0.018915999999999995,0.018915999999999995,0.18599999999935335,0.18599999999999864,0.18599999999999864,0.186,0.186,0.186,3.0808036176064024,2.7268097631036814,2.8824690366917545,4.999999302262731,-0.0018678024793760653,-0.0018678024793760653,5.6,0.8,-1.0,0.0,0.0,0.0,5.6,2.8,-1.0,0.0,0.0,0.0,5.6,4.8,-1.0,0.0,0.0,0.0,5.6,6.8,-1.0,0.0,0.0,0.0,5.6,0.8,1.0,0.0,0.0,0.0,5.6,2.8,1.0,0.0,0.0,0.0,5.6,4.8,1.0,0.0,0.0,0.0,5.6,6.8,1.0,0.0,0.0,0.0,-1.11,-4.2,-1.0,0.0,0.0,0.0,-1.11,-2.2,-1.0,0.0,0.0,0.0,-1.11,-4.2,1.0,0.0,0.0,0.0,-1.11,-2.2,1.0,0.0,0.0,0.0,9.83,-0.5324000000000102,-0.42220000000001023,0.0,1.3199999999999878,-0.790000000000013,9.83,1.4675999999999896,-0.42220000000001023,0.0,1.3199999999999878,-0.790000000000013,-4.65,-3.4692000000003653,1.044600000000095,0.0,1.5600000000000058,-0.5299999999999194,-4.65,-1.4691999999999932,1.044600000000095,0.0,1.5600000000000058,-0.5299999999999194,0,0,0,0,0,0,0,0,0,0,0,0,0,0,0,0,0,0,0,0,0,0,0,0,0,0,0,0,0,0,0,0,0,0,0,0,0,0,0,0,0,0,0,0,0,0,0,0,0,0,0,0,0,0,0,0,0,0,0,0,0,0,0,0,0,0,0,0,0,0,0,0,0,0,0,0,0,0,0,0,0,0,0,0,0,0,0,0,0,0,0,0,0,0,0,0,0,0,0,0,0,0,0,0,0,0,0,0,0,0,0,0,0,0,0,0,0,0,0,0,0,0,0,0,0,0,0,0,0,0,0,0,0,0,0,0,0,0,0,0,0,0,0,0,0,0,0,0,0,0,0,0,0,0,0,0,0,0,0,0,0,0,0,0,0,0,0,0,0,0,0,0,0,0,0,0,0,0,0,0,0,0,0,0,0,0,0,0,0,0,0,0,0,0,0,0,0,0,0,0,0,0,0,0
4.501972418,-9.962704000000116,0.03729599999999999,0.03729599999999999,0.2859999999991203,0.2860000000000015,0.2860000000000015,0.28600000000000003,0.28600000000000003,0.28600000000000003,3.1653605523571358,2.374621797074787,2.9338239713506953,4.999993041671706,-0.005898441935133909,-0.005898441935133909,5.6,0.8,-1.0,0.0,0.0,0.0,5.6,2.8,-1.0,0.0,0.0,0.0,5.6,4.8,-1.0,0.0,0.0,0.0,5.6,6.8,-1.0,0.0,0.0,0.0,5.6,0.8,1.0,0.0,0.0,0.0,5.6,2.8,1.0,0.0,0.0,0.0,5.6,4.8,1.0,0.0,0.0,0.0,5.6,6.8,1.0,0.0,0.0,0.0,-1.11,-4.2,-1.0,0.0,0.0,0.0,-1.11,-2.2,-1.0,0.0,0.0,0.0,-1.11,-4.2,1.0,0.0,0.0,0.0,-1.11,-2.2,1.0,0.0,0.0,0.0,9.83,-0.42680000000001117,-0.48540000000001127,0.0,1.3199999999999878,-0.790000000000013,9.83,1.5731999999999886,-0.48540000000001127,0.0,1.3199999999999878,-0.790000000000013,-4.65,-3.344400000000365,1.0022000000001015,0.0,1.5600000000000058,-0.5299999999999194,-4.65,-1.3443999999999927,1.0022000000001015,0.0,1.5600000000000058,-0.5299999999999194,0,0,0,0,0,0,0,0,0,0,0,0,0,0,0,0,0,0,0,0,0,0,0,0,0,0,0,0,0,0,0,0,0,0,0,0,0,0,0,0,0,0,0,0,0,0,0,0,0,0,0,0,0,0,0,0,0,0,0,0,0,0,0,0,0,0,0,0,0,0,0,0,0,0,0,0,0,0,0,0,0,0,0,0,0,0,0,0,0,0,0,0,0,0,0,0,0,0,0,0,0,0,0,0,0,0,0,0,0,0,0,0,0,0,0,0,0,0,0,0,0,0,0,0,0,0,0,0,0,0,0,0,0,0,0,0,0,0,0,0,0,0,0,0,0,0,0,0,0,0,0,0,0,0,0,0,0,0,0,0,0,0,0,0,0,0,0,0,0,0,0,0,0,0,0,0,0,0,0,0,0,0,0,0,0,0,0,0,0,0,0,0,0,0,0,0,0,0,0,0,0,0,0,0
4.60092475,-9.936758000000168,0.06324199999999998,0.06324199999999998,0.3589999999995541,0.35899999999999893,0.35899999999999893,0.35900000000000004,0.35900000000000004,0.35900000000000004,3.2395829176385376,2.5620174502702775,2.799629736085548,4.999972459585294,-0.011734636521644033,-0.011734636521644033,5.6,0.8,-1.0,0.0,0.0,0.0,5.6,2.8,-1.0,0.0,0.0,0.0,5.6,4.8,-1.0,0.0,0.0,0.0,5.6,6.8,-1.0,0.0,0.0,0.0,5.6,0.8,1.0,0.0,0.0,0.0,5.6,2.8,1.0,0.0,0.0,0.0,5.6,4.8,1.0,0.0,0.0,0.0,5.6,6.8,1.0,0.0,0.0,0.0,-1.11,-4.2,-1.0,0.0,0.0,0.0,-1.11,-2.2,-1.0,0.0,0.0,0.0,-1.11,-4.2,1.0,0.0,0.0,0.0,-1.11,-2.2,1.0,0.0,0.0,0.0,9.83,-0.32120000000001214,-0.5486000000000089,0.0,1.3199999999999878,-0.7899999999999574,9.83,1.7051999999999874,-0.564400000000008,0.0,1.3199999999999878,-0.7899999999999574,-4.65,-3.2196000000003644,0.9598000000000995,0.0,1.5600000000000058,-0.5300000000000304,-4.65,-1.1883999999999921,0.9492000000000989,0.0,1.5600000000000058,-0.5300000000000304,0,0,0,0,0,0,0,0,0,0,0,0,0,0,0,0,0,0,0,0,0,0,0,0,0,0,0,0,0,0,0,0,0,0,0,0,0,0,0,0,0,0,0,0,0,0,0,0,0,0,0,0,0,0,0,0,0,0,0,0,0,0,0,0,0,0,0,0,0,0,0,0,0,0,0,0,0,0,0,0,0,0,0,0,0,0,0,0,0,0,0,0,0,0,0,0,0,0,0,0,0,0,0,0,0,0,0,0,0,0,0,0,0,0,0,0,0,0,0,0,0,0,0,0,0,0,0,0,0,0,0,0,0,0,0,0,0,0,0,0,0,0,0,0,0,0,0,0,0,0,0,0,0,0,0,0,0,0,0,0,0,0,0,0,0,0,0,0,0,0,0,0,0,0,0,0,0,0,0,0,0,0,0,0,0,0,0,0,0,0,0,0,0,0,0,0,0,0,0,0,0,0,0,0
4.701428956,-9.89735800000022,0.1026419999999999,0.1026419999999999,0.45899999999932106,0.4590000000000011,0.4590000000000011,0.4590000000000001,0.4590000000000001,0.4590000000000001,3.347328831759876,2.133191273351777,2.7810393396472994,4.999919125150124,-0.020108977572480854,-0.020108977572480854,5.6,0.8,-1.0,0.0,0.0,0.0,5.6,2.8,-1.0,0.0,0.0,0.0,5.6,4.8,-1.0,0.0,0.0,0.0,5.6,6.8,-1.0,0.0,0.0,0.0,5.6,0.8,1.0,0.0,0.0,0.0,5.6,2.8,1.0,0.0,0.0,0.0,5.6,4.8,1.0,0.0,0.0,0.0,5.6,6.8,1.0,0.0,0.0,0.0,-1.11,-4.2,-1.0,0.0,0.0,0.0,-1.11,-2.2,-1.0,0.0,0.0,0.0,-1.11,-4.2,1.0,0.0,0.0,0.0,-1.11,-2.2,1.0,0.0,0.0,0.0,9.83,-0.18920000000001336,-0.6276000000000046,0.0,1.3199999999999878,-0.7899999999999574,9.83,1.8107999999999864,-0.6276000000000046,0.0,1.3199999999999878,-0.7899999999999574,-4.65,-3.063600000000364,0.9068000000000964,0.0,1.5600000000000058,-0.5300000000000304,-4.65,-1.0635999999999917,0.9068000000000964,0.0,1.5600000000000058,-0.5300000000000304,0,0,0,0,0,0,0,0,0,0,0,0,0,0,0,0,0,0,0,0,0,0,0,0,0,0,0,0,0,0,0,0,0,0,0,0,0,0,0,0,0,0,0,0,0,0,0,0,0,0,0,0,0,0,0,0,0,0,0,0,0,0,0,0,0,0,0,0,0,0,0,0,0,0,0,0,0,0,0,0,0,0,0,0,0,0,0,0,0,0,0,0,0,0,0,0,0,0,0,0,0,0,0,0,0,0,0,0,0,0,0,0,0,0,0,0,0,0,0,0,0,0,0,0,0,0,0,0,0,0,0,0,0,0,0,0,0,0,0,0,0,0,0,0,0,0,0,0,0,0,0,0,0,0,0,0,0,0,0,0,0,0,0,0,0,0,0,0,0,0,0,0,0,0,0,0,0,0,0,0,0,0,0,0,0,0,0,0,0,0,0,0,0,0,0,0,0,0,0,0,0,0,0,0
4.804024764,-9.857715000000228,0.14228500000000027,0.14228500000000027,0.5380000000005936,0.5380000000000108,0.5380000000000108,0.538,0.538,0.538,3.4473112228652867,1.944346150976314,2.779745697742651,4.999823141773842,-0.029736770022504338,-0.029736770022504338,5.6,0.8,-1.0,0.0,0.0,0.0,5.6,2.8,-1.0,0.0,0.0,0.0,5.6,4.8,-1.0,0.0,0.0,0.0,5.6,6.8,-1.0,0.0,0.0,0.0,5.6,0.8,1.0,0.0,0.0,0.0,5.6,2.8,1.0,0.0,0.0,0.0,5.6,4.8,1.0,0.0,0.0,0.0,5.6,6.8,1.0,0.0,0.0,0.0,-1.11,-4.2,-1.0,0.0,0.0,0.0,-1.11,-2.2,-1.0,0.0,0.0,0.0,-1.11,-4.2,1.0,0.0,0.0,0.0,-1.11,-2.2,1.0,0.0,0.0,0.0,9.83,-0.057200000000013886,-0.7066000000000003,0.0,1.3199999999999983,-0.7899999999999574,9.83,1.9163999999999854,-0.6908000000000012,0.0,1.3199999999999878,-0.7899999999999574,-4.65,-2.9076000000003632,0.8538000000000934,0.0,1.5600000000000058,-0.5300000000000304,-4.65,-0.9387999999999912,0.864400000000094,0.0,1.5600000000000058,-0.5300000000000304,0,0,0,0,0,0,0,0,0,0,0,0,0,0,0,0,0,0,0,0,0,0,0,0,0,0,0,0,0,0,0,0,0,0,0,0,0,0,0,0,0,0,0,0,0,0,0,0,0,0,0,0,0,0,0,0,0,0,0,0,0,0,0,0,0,0,0,0,0,0,0,0,0,0,0,0,0,0,0,0,0,0,0,0,0,0,0,0,0,0,0,0,0,0,0,0,0,0,0,0,0,0,0,0,0,0,0,0,0,0,0,0,0,0,0,0,0,0,0,0,0,0,0,0,0,0,0,0,0,0,0,0,0,0,0,0,0,0,0,0,0,0,0,0,0,0,0,0,0,0,0,0,0,0,0,0,0,0,0,0,0,0,0,0,0,0,0,0,0,0,0,0,0,0,0,0,0,0,0,0,0,0,0,0,0,0,0,0,0,0,0,0,0,0,0,0,0,0,0,0,0,0,0,0
4.900636404,-9.800315000000177,0.19968500000000095,0.19968500000000095,0.6380000000003605,0.6379999999999998,0.6379999999999998,0.638,0.638,0.638,3.519502935473372,2.4316838329180923,2.500001416815614,4.999647687905905,-0.04197020858380246,-0.04197020858380246,5.6,0.8,-1.0,0.0,0.0,0.0,5.6,2.8,-1.0,0.0,0.0,0.0,5.6,4.8,-1.0,0.0,0.0,0.0,5.6,6.8,-1.0,0.0,0.0,0.0,5.6,0.8,1.0,0.0,0.0,0.0,5.6,2.8,1.0,0.0,0.0,0.0,5.6,4.8,1.0,0.0,0.0,0.0,5.6,6.8,1.0,0.0,0.0,0.0,-1.11,-4.2,-1.0,0.0,0.0,0.0,-1.11,-2.2,-1.0,0.0,0.0,0.0,-1.11,-4.2,1.0,0.0,0.0,0.0,-1.11,-2.2,1.0,0.0,0.0,0.0,9.83,0.048399999999985906,-0.7697999999999969,0.0,1.3200000000000018,-0.7899999999999574,9.83,2.0483999999999924,-0.7697999999999969,0.0,1.32000000000021,-0.7899999999999574,-4.65,-2.7828000000003628,0.8114000000000909,0.0,1.5600000000000058,-0.5300000000000304,-4.65,-0.7827999999999906,0.8114000000000909,0.0,1.5600000000000058,-0.5300000000000304,0,0,0,0,0,0,0,0,0,0,0,0,0,0,0,0,0,0,0,0,0,0,0,0,0,0,0,0,0,0,0,0,0,0,0,0,0,0,0,0,0,0,0,0,0,0,0,0,0,0,0,0,0,0,0,0,0,0,0,0,0,0,0,0,0,0,0,0,0,0,0,0,0,0,0,0,0,0,0,0,0,0,0,0,0,0,0,0,0,0,0,0,0,0,0,0,0,0,0,0,0,0,0,0,0,0,0,0,0,0,0,0,0,0,0,0,0,0,0,0,0,0,0,0,0,0,0,0,0,0,0,0,0,0,0,0,0,0,0,0,0,0,0,0,0,0,0,0,0,0,0,0,0,0,0,0,0,0,0,0,0,0,0,0,0,0,0,0,0,0,0,0,0,0,0,0,0,0,0,0,0,0,0,0,0,0,0,0,0,0,0,0,0,0,0,0,0,0,0,0,0,0,0,0
5.000447833,-9.732060000000153,0.26794000000000145,0.26794000000000145,0.7190000000001362,0.7190000000000252,0.7190000000000252,0.719,0.719,0.719,3.624450698566922,2.0133831467831884,2.7073611929088788,4.999366409751886,-0.05628277287294814,-0.05628277287294814,5.6,0.8,-1.0,0.0,0.0,0.0,5.6,2.8,-1.0,0.0,0.0,0.0,5.6,4.8,-1.0,0.0,0.0,0.0,5.6,6.8,-1.0,0.0,0.0,0.0,5.6,0.8,1.0,0.0,0.0,0.0,5.6,2.8,1.0,0.0,0.0,0.0,5.6,4.8,1.0,0.0,0.0,0.0,5.6,6.8,1.0,0.0,0.0,0.0,-1.11,-4.2,-1.0,0.0,0.0,0.0,-1.11,-2.2,-1.0,0.0,0.0,0.0,-1.11,-4.2,1.0,0.0,0.0,0.0,-1.11,-2.2,1.0,0.0,0.0,0.0,9.83,0.1803999999999855,-0.8487999999999927,0.0,1.3199999999999878,-0.7899999999999574,9.83,2.1804000000000134,-0.8487999999999927,0.0,1.32000000000021,-0.7899999999999574,-4.65,-2.626800000000362,0.7584000000000879,0.0,1.5600000000000058,-0.5300000000000304,-4.65,-0.62679999999999,0.7584000000000879,0.0,1.5600000000000058,-0.5300000000000304,0,0,0,0,0,0,0,0,0,0,0,0,0,0,0,0,0,0,0,0,0,0,0,0,0,0,0,0,0,0,0,0,0,0,0,0,0,0,0,0,0,0,0,0,0,0,0,0,0,0,0,0,0,0,0,0,0,0,0,0,0,0,0,0,0,0,0,0,0,0,0,0,0,0,0,0,0,0,0,0,0,0,0,0,0,0,0,0,0,0,0,0,0,0,0,0,0,0,0,0,0,0,0,0,0,0,0,0,0,0,0,0,0,0,0,0,0,0,0,0,0,0,0,0,0,0,0,0,0,0,0,0,0,0,0,0,0,0,0,0,0,0,0,0,0,0,0,0,0,0,0,0,0,0,0,0,0,0,0,0,0,0,0,0,0,0,0,0,0,0,0,0,0,0,0,0,0,0,0,0,0,0,0,0,0,0,0,0,0,0,0,0,0,0,0,0,0,0,0,0,0,0,0,0
5.100662392,-9.67104000000015,0.3289600000000031,0.3289600000000031,0.8189999999999031,0.8190000000000142,0.8190000000000142,0.819,0.819,0.819,3.7181196060090653,2.3054161607033303,2.3009879565530373,4.9989324830259365,-0.07305487714089903,-0.07305487714089903,5.6,0.8,-1.0,0.0,0.0,0.0,5.6,2.8,-1.0,0.0,0.0,0.0,5.6,4.8,-1.0,0.0,0.0,0.0,5.6,6.8,-1.0,0.0,0.0,0.0,5.6,0.8,1.0,0.0,0.0,0.0,5.6,2.8,1.0,0.0,0.0,0.0,5.6,4.8,1.0,0.0,0.0,0.0,5.6,6.8,1.0,0.0,0.0,0.0,-1.11,-4.2,-1.0,0.0,0.0,0.0,-1.11,-2.2,-1.0,0.0,0.0,0.0,-1.11,-4.2,1.0,0.0,0.0,0.0,-1.11,-2.2,1.0,0.0,0.0,0.0,9.83,0.28599999999998454,-0.9119999999999893,0.0,1.3199999999999878,-0.7899999999999574,9.83,2.2860000000000302,-0.9119999999999893,0.0,1.32000000000021,-0.7899999999999574,-4.65,-2.5020000000003617,0.7160000000000855,0.0,1.5600000000000058,-0.5300000000000304,-4.65,-0.5019999999999896,0.7160000000000855,0.0,1.5600000000000058,-0.5300000000000304,0,0,0,0,0,0,0,0,0,0,0,0,0,0,0,0,0,0,0,0,0,0,0,0,0,0,0,0,0,0,0,0,0,0,0,0,0,0,0,0,0,0,0,0,0,0,0,0,0,0,0,0,0,0,0,0,0,0,0,0,0,0,0,0,0,0,0,0,0,0,0,0,0,0,0,0,0,0,0,0,0,0,0,0,0,0,0,0,0,0,0,0,0,0,0,0,0,0,0,0,0,0,0,0,0,0,0,0,0,0,0,0,0,0,0,0,0,0,0,0,0,0,0,0,0,0,0,0,0,0,0,0,0,0,0,0,0,0,0,0,0,0,0,0,0,0,0,0,0,0,0,0,0,0,0,0,0,0,0,0,0,0,0,0,0,0,0,0,0,0,0,0,0,0,0,0,0,0,0,0,0,0,0,0,0,0,0,0,0,0,0,0,0,0,0,0,0,0,0,0,0,0,0,0
5.20254116,-9.585740000000168,0.4142600000000041,0.4142600000000041,0.9189999999996701,0.9190000000000034,0.9190000000000034,0.9189999999999999,0.9189999999999999,0.9189999999999999,3.7625646840826104,2.2799987500512087,2.296669854771877,4.998304541317237,-0.09206441290608318,-0.09206441290608318,5.6,0.8,-1.0,0.0,0.0,0.0,5.6,2.8,-1.0,0.0,0.0,0.0,5.6,4.8,-1.0,0.0,0.0,0.0,5.6,6.8,-1.0,0.0,0.0,0.0,5.6,0.8,1.0,0.0,0.0,0.0,5.6,2.8,1.0,0.0,0.0,0.0,5.6,4.8,1.0,0.0,0.0,0.0,5.6,6.8,1.0,0.0,0.0,0.0,-1.11,-4.2,-1.0,0.0,0.0,0.0,-1.11,-2.2,-1.0,0.0,0.0,0.0,-1.11,-4.2,1.0,0.0,0.0,0.0,-1.11,-2.2,1.0,0.0,0.0,0.0,9.83,0.41799999999998333,-0.990999999999985,0.0,1.3199999999999878,-0.7899999999999574,9.83,2.418000000000051,-0.990999999999985,0.0,1.32000000000021,-0.7899999999999574,-4.65,-2.346000000000361,0.6630000000000824,0.0,1.5600000000000058,-0.5300000000000304,-4.65,-0.345999999999989,0.6630000000000824,0.0,1.5600000000000058,-0.5300000000000304,0,0,0,0,0,0,0,0,0,0,0,0,0,0,0,0,0,0,0,0,0,0,0,0,0,0,0,0,0,0,0,0,0,0,0,0,0,0,0,0,0,0,0,0,0,0,0,0,0,0,0,0,0,0,0,0,0,0,0,0,0,0,0,0,0,0,0,0,0,0,0,0,0,0,0,0,0,0,0,0,0,0,0,0,0,0,0,0,0,0,0,0,0,0,0,0,0,0,0,0,0,0,0,0,0,0,0,0,0,0,0,0,0,0,0,0,0,0,0,0,0,0,0,0,0,0,0,0,0,0,0,0,0,0,0,0,0,0,0,0,0,0,0,0,0,0,0,0,0,0,0,0,0,0,0,0,0,0,0,0,0,0,0,0,0,0,0,0,0,0,0,0,0,0,0,0,0,0,0,0,0,0,0,0,0,0,0,0,0,0,0,0,0,0,0,0,0,0,0,0,0,0,0,0
5.300850965,-9.509647000000193,0.49035300000000437,0.49035300000000437,1.0019999999997253,1.0020000000000027,1.0020000000000027,1.002,1.002,1.002,3.889299759801841,1.7217366425888678,2.566099292980787,4.997465743238047,-0.11255253253966921,-0.11255253253966921,5.6,0.8,-1.0,0.0,0.0,0.0,5.6,2.8,-1.0,0.0,0.0,0.0,5.6,4.8,-1.0,0.0,0.0,0.0,5.6,6.8,-1.0,0.0,0.0,0.0,5.6,0.8,1.0,0.0,0.0,0.0,5.6,2.8,1.0,0.0,0.0,0.0,5.6,4.8,1.0,0.0,0.0,0.0,5.6,6.8,1.0,0.0,0.0,0.0,-1.11,-4.2,-1.0,0.0,0.0,0.0,-1.11,-2.2,-1.0,0.0,0.0,0.0,-1.11,-4.2,1.0,0.0,0.0,0.0,-1.11,-2.2,1.0,0.0,0.0,0.0,9.83,0.5235999999999824,-1.0541999999999891,0.0,1.3199999999999878,-0.7900000000000684,9.83,2.523600000000068,-1.0541999999999891,0.0,1.32000000000021,-0.7900000000000684,-4.65,-2.2212000000003607,0.62060000000008,0.0,1.5600000000000058,-0.5300000000000304,-4.65,-0.22119999999998852,0.62060000000008,0.0,1.5600000000000058,-0.5300000000000304,0,0,0,0,0,0,0,0,0,0,0,0,0,0,0,0,0,0,0,0,0,0,0,0,0,0,0,0,0,0,0,0,0,0,0,0,0,0,0,0,0,0,0,0,0,0,0,0,0,0,0,0,0,0,0,0,0,0,0,0,0,0,0,0,0,0,0,0,0,0,0,0,0,0,0,0,0,0,0,0,0,0,0,0,0,0,0,0,0,0,0,0,0,0,0,0,0,0,0,0,0,0,0,0,0,0,0,0,0,0,0,0,0,0,0,0,0,0,0,0,0,0,0,0,0,0,0,0,0,0,0,0,0,0,0,0,0,0,0,0,0,0,0,0,0,0,0,0,0,0,0,0,0,0,0,0,0,0,0,0,0,0,0,0,0,0,0,0,0,0,0,0,0,0,0,0,0,0,0,0,0,0,0,0,0,0,0,0,0,0,0,0,0,0,0,0,0,0,0,0,0,0,0,0
5.401649082,-9.40524700000018,0.5947530000000023,0.5947530000000023,1.0770000000004387,1.0769999999999946,1.0769999999999946,1.077,1.077,1.077,3.9782589083567466,1.19061054689632,2.6599975137354432,4.99633587363557,-0.1353289285819586,-0.1353289285819586,5.6,0.8,-1.0,0.0,0.0,0.0,5.6,2.8,-1.0,0.0,0.0,0.0,5.6,4.8,-1.0,0.0,0.0,0.0,5.6,6.8,-1.0,0.0,0.0,0.0,5.6,0.8,1.0,0.0,0.0,0.0,5.6,2.8,1.0,0.0,0.0,0.0,5.6,4.8,1.0,0.0,0.0,0.0,5.6,6.8,1.0,0.0,0.0,0.0,-1.11,-4.2,-1.0,0.0,0.0,0.0,-1.11,-2.2,-1.0,0.0,0.0,0.0,-1.11,-4.2,1.0,0.0,0.0,0.0,-1.11,-2.2,1.0,0.0,0.0,0.0,9.83,0.6291999999999814,-1.1173999999999946,0.0,1.3199999999999878,-0.7900000000000684,9.83,2.629200000000085,-1.1173999999999946,0.0,1.32000000000021,-0.7900000000000684,-4.65,-2.06520000000036,0.5676000000000769,0.0,1.5600000000000058,-0.5300000000000304,-4.65,-0.06519999999998793,0.5676000000000769,0.0,1.5600000000000058,-0.5300000000000304,0,0,0,0,0,0,0,0,0,0,0,0,0,0,0,0,0,0,0,0,0,0,0,0,0,0,0,0,0,0,0,0,0,0,0,0,0,0,0,0,0,0,0,0,0,0,0,0,0,0,0,0,0,0,0,0,0,0,0,0,0,0,0,0,0,0,0,0,0,0,0,0,0,0,0,0,0,0,0,0,0,0,0,0,0,0,0,0,0,0,0,0,0,0,0,0,0,0,0,0,0,0,0,0,0,0,0,0,0,0,0,0,0,0,0,0,0,0,0,0,0,0,0,0,0,0,0,0,0,0,0,0,0,0,0,0,0,0,0,0,0,0,0,0,0,0,0,0,0,0,0,0,0,0,0,0,0,0,0,0,0,0,0,0,0,0,0,0,0,0,0,0,0,0,0,0,0,0,0,0,0,0,0,0,0,0,0,0,0,0,0,0,0,0,0,0,0,0,0,0,0,0,0,0
5.501695976,-9.314824000000202,0.6851760000000048,0.6851760000000048,1.1639999999992767,1.164000000000054,1.164000000000054,1.164,1.164,1.164,4.049580053944878,1.8060218359203626,2.268481142180206,4.99486313625811,-0.16022211153552446,-0.16022211153552446,5.6,0.8,-1.0,0.0,0.0,0.0,5.6,2.8,-1.0,0.0,0.0,0.0,5.6,4.8,-1.0,0.0,0.0,0.0,5.6,6.8,-1.0,0.0,0.0,0.0,5.6,0.8,1.0,0.0,0.0,0.0,5.6,2.8,1.0,0.0,0.0,0.0,5.6,4.8,1.0,0.0,0.0,0.0,5.6,6.8,1.0,0.0,0.0,0.0,-1.11,-4.2,-1.0,0.0,0.0,0.0,-1.11,-2.2,-1.0,0.0,0.0,0.0,-1.11,-4.2,1.0,0.0,0.0,0.0,-1.11,-2.2,1.0,0.0,0.0,0.0,9.83,0.7611999999999802,-1.1964000000000015,0.0,1.3199999999999878,-0.7900000000000684,9.83,2.761200000000106,-1.1964000000000015,0.0,1.32000000000021,-0.7900000000000684,-4.65,-1.9404000000003596,0.5252000000000745,0.0,1.5600000000000058,-0.5300000000000304,-4.65,0.05960000000001202,0.5252000000000745,0.0,1.559999999999999,-0.5300000000000304,0,0,0,0,0,0,0,0,0,0,0,0,0,0,0,0,0,0,0,0,0,0,0,0,0,0,0,0,0,0,0,0,0,0,0,0,0,0,0,0,0,0,0,0,0,0,0,0,0,0,0,0,0,0,0,0,0,0,0,0,0,0,0,0,0,0,0,0,0,0,0,0,0,0,0,0,0,0,0,0,0,0,0,0,0,0,0,0,0,0,0,0,0,0,0,0,0,0,0,0,0,0,0,0,0,0,0,0,0,0,0,0,0,0,0,0,0,0,0,0,0,0,0,0,0,0,0,0,0,0,0,0,0,0,0,0,0,0,0,0,0,0,0,0,0,0,0,0,0,0,0,0,0,0,0,0,0,0,0,0,0,0,0,0,0,0,0,0,0,0,0,0,0,0,0,0,0,0,0,0,0,0,0,0,0,0,0,0,0,0,0,0,0,0,0,0,0,0,0,0,0,0,0,0
5.602038599,-9.218300000000244,0.7817000000000084,0.7817000000000084,1.2559999999997018,1.256000000000035,1.256000000000035,1.256,1.256,1.256,4.163903849470053,2.013107025452932,1.7213715337370183,4.9930162968721,-0.18679970445589084,-0.18679970445589084,5.6,0.8,-1.0,0.0,0.0,0.0,5.6,2.8,-1.0,0.0,0.0,0.0,5.6,4.8,-1.0,0.0,0.0,0.0,5.6,6.8,-1.0,0.0,0.0,0.0,5.6,0.8,1.0,0.0,0.0,0.0,5.6,2.8,1.0,0.0,0.0,0.0,5.6,4.8,1.0,0.0,0.0,0.0,5.6,6.8,1.0,0.0,0.0,0.0,-1.11,-4.2,-1.0,0.0,0.0,0.0,-1.11,-2.2,-1.0,0.0,0.0,0.0,-1.11,-4.2,1.0,0.0,0.0,0.0,-1.11,-2.2,1.0,0.0,0.0,0.0,9.83,0.8667999999999793,-1.259600000000007,0.0,1.3199999999999878,-0.7900000000000684,9.83,2.8668000000001226,-1.259600000000007,0.0,1.32000000000021,-0.7900000000000684,-4.65,-1.8156000000003591,0.4828000000000739,0.0,1.5600000000000058,-0.5299999999999748,-4.65,0.18440000000001247,0.4828000000000739,0.0,1.5600000000000058,-0.5299999999999748,0,0,0,0,0,0,0,0,0,0,0,0,0,0,0,0,0,0,0,0,0,0,0,0,0,0,0,0,0,0,0,0,0,0,0,0,0,0,0,0,0,0,0,0,0,0,0,0,0,0,0,0,0,0,0,0,0,0,0,0,0,0,0,0,0,0,0,0,0,0,0,0,0,0,0,0,0,0,0,0,0,0,0,0,0,0,0,0,0,0,0,0,0,0,0,0,0,0,0,0,0,0,0,0,0,0,0,0,0,0,0,0,0,0,0,0,0,0,0,0,0,0,0,0,0,0,0,0,0,0,0,0,0,0,0,0,0,0,0,0,0,0,0,0,0,0,0,0,0,0,0,0,0,0,0,0,0,0,0,0,0,0,0,0,0,0,0,0,0,0,0,0,0,0,0,0,0,0,0,0,0,0,0,0,0,0,0,0,0,0,0,0,0,0,0,0,0,0,0,0,0,0,0,0
5.700794024,-9.114904000000276,0.8850960000000111,0.8850960000000111,1.3369999999994775,1.3370000000000324,1.3370000000000324,1.337,1.337,1.337,4.196866118574298,1.6785377839785303,2.1215542960592124,4.990803293127767,-0.21433908801829246,-0.21433908801829246,5.6,0.8,-1.0,0.0,0.0,0.0,5.6,2.8,-1.0,0.0,0.0,0.0,5.6,4.8,-1.0,0.0,0.0,0.0,5.6,6.8,-1.0,0.0,0.0,0.0,5.6,0.8,1.0,0.0,0.0,0.0,5.6,2.8,1.0,0.0,0.0,0.0,5.6,4.8,1.0,0.0,0.0,0.0,5.6,6.8,1.0,0.0,0.0,0.0,-1.11,-4.2,-1.0,0.0,0.0,0.0,-1.11,-2.2,-1.0,0.0,0.0,0.0,-1.11,-4.2,1.0,0.0,0.0,0.0,-1.11,-2.2,1.0,0.0,0.0,0.0,9.83,0.9723999999999783,-1.3228000000000124,0.0,1.3199999999999878,-0.7900000000000684,9.83,2.9724000000001394,-1.3228000000000124,0.0,1.32000000000021,-0.7900000000000684,-4.65,-1.6908000000003587,0.4404000000000759,0.0,1.5600000000000058,-0.5299999999999748,-4.65,0.3092000000000129,0.4404000000000759,0.0,1.5600000000000058,-0.5299999999999748,0,0,0,0,0,0,0,0,0,0,0,0,0,0,0,0,0,0,0,0,0,0,0,0,0,0,0,0,0,0,0,0,0,0,0,0,0,0,0,0,0,0,0,0,0,0,0,0,0,0,0,0,0,0,0,0,0,0,0,0,0,0,0,0,0,0,0,0,0,0,0,0,0,0,0,0,0,0,0,0,0,0,0,0,0,0,0,0,0,0,0,0,0,0,0,0,0,0,0,0,0,0,0,0,0,0,0,0,0,0,0,0,0,0,0,0,0,0,0,0,0,0,0,0,0,0,0,0,0,0,0,0,0,0,0,0,0,0,0,0,0,0,0,0,0,0,0,0,0,0,0,0,0,0,0,0,0,0,0,0,0,0,0,0,0,0,0,0,0,0,0,0,0,0,0,0,0,0,0,0,0,0,0,0,0,0,0,0,0,0,0,0,0,0,0,0,0,0,0,0,0,0,0,0
5.800929301,-9.032864000000284,0.9671360000000134,0.9671360000000134,1.4070000000003802,1.4070000000000469,1.4070000000000469,1.407,1.407,1.407,4.3328631198392396,1.5892085030032563,1.8985653568395808,4.988629182102711,-0.23830535398227914,-0.23830535398227914,5.6,0.8,-1.0,0.0,0.0,0.0,5.6,2.8,-1.0,0.0,0.0,0.0,5.6,4.8,-1.0,0.0,0.0,0.0,5.6,6.8,-1.0,0.0,0.0,0.0,5.6,0.8,1.0,0.0,0.0,0.0,5.6,2.8,1.0,0.0,0.0,0.0,5.6,4.8,1.0,0.0,0.0,0.0,5.6,6.8,1.0,0.0,0.0,0.0,-1.11,-4.2,-1.0,0.0,0.0,0.0,-1.11,-2.2,-1.0,0.0,0.0,0.0,-1.11,-4.2,1.0,0.0,0.0,0.0,-1.11,-2.2,1.0,0.0,0.0,0.0,9.83,1.0515999999999777,-1.3702000000000165,0.0,1.3199999999999878,-0.7900000000000684,9.83,3.051600000000152,-1.3702000000000165,0.0,1.32000000000021,-0.7900000000000684,-4.65,-1.5972000000003583,0.4086000000000774,0.0,1.5600000000000058,-0.5299999999999748,-4.65,0.40280000000001326,0.4086000000000774,0.0,1.5600000000000058,-0.5299999999999748,0,0,0,0,0,0,0,0,0,0,0,0,0,0,0,0,0,0,0,0,0,0,0,0,0,0,0,0,0,0,0,0,0,0,0,0,0,0,0,0,0,0,0,0,0,0,0,0,0,0,0,0,0,0,0,0,0,0,0,0,0,0,0,0,0,0,0,0,0,0,0,0,0,0,0,0,0,0,0,0,0,0,0,0,0,0,0,0,0,0,0,0,0,0,0,0,0,0,0,0,0,0,0,0,0,0,0,0,0,0,0,0,0,0,0,0,0,0,0,0,0,0,0,0,0,0,0,0,0,0,0,0,0,0,0,0,0,0,0,0,0,0,0,0,0,0,0,0,0,0,0,0,0,0,0,0,0,0,0,0,0,0,0,0,0,0,0,0,0,0,0,0,0,0,0,0,0,0,0,0,0,0,0,0,0,0,0,0,0,0,0,0,0,0,0,0,0,0,0,0,0,0,0,0
5.901711803,-8.918250000000267,1.081750000000015,1.0776420000000124,1.4859999999998763,1.4860000000000984,1.3279999999999959,1.486,1.486,1.328,4.400686582176277,1.5366401454322007,1.2354842357294475,4.985728731407843,-0.26693540118757286,-0.26693540118757286,5.6,0.8,-1.0,0.0,0.0,0.0,5.6,2.8,-1.0,0.0,0.0,0.0,5.6,4.8,-1.0,0.0,0.0,0.0,5.6,6.8,-1.0,0.0,0.0,0.0,5.6,0.8,1.0,0.0,0.0,0.0,5.6,2.8,1.0,0.0,0.0,0.0,5.6,4.8,1.0,0.0,0.0,0.0,5.6,6.8,1.0,0.0,0.0,0.0,-1.11,-4.2,-1.0,0.0,0.0,0.0,-1.11,-2.2,-1.0,0.0,0.0,0.0,-1.11,-4.2,1.0,0.0,0.0,0.0,-1.11,-2.2,1.0,0.0,0.0,0.0,9.83,1.1571999999999767,-1.433400000000022,0.0,1.3199999999999878,-0.7900000000000684,9.83,3.1572000000001688,-1.433400000000022,0.0,1.32000000000021,-0.7900000000000684,-4.65,-1.4724000000003579,0.3662000000000794,0.0,1.5600000000000058,-0.5299999999999748,-4.65,0.5276000000000137,0.3662000000000794,0.0,1.5600000000000058,-0.5299999999999748,0,0,0,0,0,0,0,0,0,0,0,0,0,0,0,0,0,0,0,0,0,0,0,0,0,0,0,0,0,0,0,0,0,0,0,0,0,0,0,0,0,0,0,0,0,0,0,0,0,0,0,0,0,0,0,0,0,0,0,0,0,0,0,0,0,0,0,0,0,0,0,0,0,0,0,0,0,0,0,0,0,0,0,0,0,0,0,0,0,0,0,0,0,0,0,0,0,0,0,0,0,0,0,0,0,0,0,0,0,0,0,0,0,0,0,0,0,0,0,0,0,0,0,0,0,0,0,0,0,0,0,0,0,0,0,0,0,0,0,0,0,0,0,0,0,0,0,0,0,0,0,0,0,0,0,0,0,0,0,0,0,0,0,0,0,0,0,0,0,0,0,0,0,0,0,0,0,0,0,0,0,0,0,0,0,0,0,0,0,0,0,0,0,0,0,0,0,0,0,0,0,0,0,0
6.001092463,-8.796888000000262,1.1981480000000233,1.1863640000000117,1.5590000000003101,1.4130000000001086,1.4009999999999856,1.559,1.413,1.401,4.481931072677,-0.0023333108215275455,2.2081061276998835,4.982097568759532,-0.3002295113196278,-0.2976004971318707,5.6,0.8,-1.0,0.0,0.0,0.0,5.6,2.8,-1.0,0.0,0.0,0.0,5.6,4.8,-1.0,0.0,0.0,0.0,5.6,6.8,-1.0,0.0,0.0,0.0,5.6,0.8,1.0,0.0,0.0,0.0,5.6,2.8,1.0,0.0,0.0,0.0,5.6,4.8,1.0,0.0,0.0,0.0,5.6,6.8,1.0,0.0,0.0,0.0,-1.11,-4.2,-1.0,0.0,0.0,0.0,-1.11,-2.2,-1.0,0.0,0.0,0.0,-1.11,-4.2,1.0,0.0,0.0,0.0,-1.11,-2.2,1.0,0.0,0.0,0.0,9.83,1.2627999999999757,-1.4966000000000275,0.0,1.3199999999999878,-0.7900000000000684,9.83,3.2628000000001856,-1.4966000000000275,0.0,1.32000000000021,-0.7900000000000684,-4.65,-1.3476000000003574,0.3238000000000814,0.0,1.5600000000000058,-0.5299999999999748,-4.65,0.6524000000000142,0.3238000000000814,0.0,1.5600000000000058,-0.5299999999999748,0,0,0,0,0,0,0,0,0,0,0,0,0,0,0,0,0,0,0,0,0,0,0,0,0,0,0,0,0,0,0,0,0,0,0,0,0,0,0,0,0,0,0,0,0,0,0,0,0,0,0,0,0,0,0,0,0,0,0,0,0,0,0,0,0,0,0,0,0,0,0,0,0,0,0,0,0,0,0,0,0,0,0,0,0,0,0,0,0,0,0,0,0,0,0,0,0,0,0,0,0,0,0,0,0,0,0,0,0,0,0,0,0,0,0,0,0,0,0,0,0,0,0,0,0,0,0,0,0,0,0,0,0,0,0,0,0,0,0,0,0,0,0,0,0,0,0,0,0,0,0,0,0,0,0,0,0,0,0,0,0,0,0,0,0,0,0,0,0,0,0,0,0,0,0,0,0,0,0,0,0,0,0,0,0,0,0,0,0,0,0,0,0,0,0,0,0,0,0,0,0,0,0,0
6.102729352,-8.669819000000269,1.3088390000000274,1.296095000000012,1.6459999999991481,1.3259999999999383,1.3140000000000374,1.646,1.326,1.314,4.553493231476565,1.1915957750322226,1.2984886849844985,4.9778352730829765,-0.33416145336387587,-0.33089593097629066,5.6,0.8,-1.0,0.0,0.0,0.0,5.6,2.8,-1.0,0.0,0.0,0.0,5.6,4.8,-1.0,0.0,0.0,0.0,5.6,6.8,-1.0,0.0,0.0,0.0,5.6,0.8,1.0,0.0,0.0,0.0,5.6,2.8,1.0,0.0,0.0,0.0,5.6,4.8,1.0,0.0,0.0,0.0,5.6,6.8,1.0,0.0,0.0,0.0,-1.11,-4.2,-1.0,0.0,0.0,0.0,-1.11,-2.2,-1.0,0.0,0.0,0.0,-1.11,-4.2,1.0,0.0,0.0,0.0,-1.11,-2.2,1.0,0.0,0.0,0.0,9.83,1.3683999999999747,-1.559800000000033,0.0,1.3199999999999878,-0.7900000000000684,9.83,3.3948000000002065,-1.5756000000000343,0.0,1.32000000000021,-0.7900000000000684,-4.65,-1.222800000000357,0.2814000000000834,0.0,1.5600000000000058,-0.5299999999999748,-4.65,0.8084000000000148,0.2708000000000839,0.0,1.5600000000000058,-0.5299999999999748,0,0,0,0,0,0,0,0,0,0,0,0,0,0,0,0,0,0,0,0,0,0,0,0,0,0,0,0,0,0,0,0,0,0,0,0,0,0,0,0,0,0,0,0,0,0,0,0,0,0,0,0,0,0,0,0,0,0,0,0,0,0,0,0,0,0,0,0,0,0,0,0,0,0,0,0,0,0,0,0,0,0,0,0,0,0,0,0,0,0,0,0,0,0,0,0,0,0,0,0,0,0,0,0,0,0,0,0,0,0,0,0,0,0,0,0,0,0,0,0,0,0,0,0,0,0,0,0,0,0,0,0,0,0,0,0,0,0,0,0,0,0,0,0,0,0,0,0,0,0,0,0,0,0,0,0,0,0,0,0,0,0,0,0,0,0,0,0,0,0,0,0,0,0,0,0,0,0,0,0,0,0,0,0,0,0,0,0,0,0,0,0,0,0,0,0,0,0,0,0,0,0,0,0
6.201355508,-8.501693000000298,1.43791300000002,1.431021000000017,1.732000000000511,1.2399999999999078,1.4000000000000679,1.732,1.24,1.4000000000000001,4.640028153721433,0.6803934142792505,1.5393585806382486,4.973451848684395,-0.3656178493867071,-0.36207774997590747,5.6,0.8,-1.0,0.0,0.0,0.0,5.6,2.8,-1.0,0.0,0.0,0.0,5.6,4.8,-1.0,0.0,0.0,0.0,5.6,6.8,-1.0,0.0,0.0,0.0,5.6,0.8,1.0,0.0,0.0,0.0,5.6,2.8,1.0,0.0,0.0,0.0,5.6,4.8,1.0,0.0,0.0,0.0,5.6,6.8,1.0,0.0,0.0,0.0,-1.11,-4.2,-1.0,0.0,0.0,0.0,-1.11,-2.2,-1.0,0.0,0.0,0.0,-1.11,-4.2,1.0,0.0,0.0,0.0,-1.11,-2.2,1.0,0.0,0.0,0.0,9.83,1.5003999999999735,-1.6388000000000398,0.0,1.3199999999999878,-0.7900000000000684,9.83,3.5004000000002233,-1.6388000000000398,0.0,1.32000000000021,-0.7900000000000684,-4.65,-1.0668000000003564,0.22840000000008479,0.0,1.5600000000000058,-0.5300000000000028,-4.65,0.9332000000000152,0.22840000000008479,0.0,1.5600000000000058,-0.5300000000000028,0,0,0,0,0,0,0,0,0,0,0,0,0,0,0,0,0,0,0,0,0,0,0,0,0,0,0,0,0,0,0,0,0,0,0,0,0,0,0,0,0,0,0,0,0,0,0,0,0,0,0,0,0,0,0,0,0,0,0,0,0,0,0,0,0,0,0,0,0,0,0,0,0,0,0,0,0,0,0,0,0,0,0,0,0,0,0,0,0,0,0,0,0,0,0,0,0,0,0,0,0,0,0,0,0,0,0,0,0,0,0,0,0,0,0,0,0,0,0,0,0,0,0,0,0,0,0,0,0,0,0,0,0,0,0,0,0,0,0,0,0,0,0,0,0,0,0,0,0,0,0,0,0,0,0,0,0,0,0,0,0,0,0,0,0,0,0,0,0,0,0,0,0,0,0,0,0,0,0,0,0,0,0,0,0,0,0,0,0,0,0,0,0,0,0,0,0,0,0,0,0,0,0,0
6.302326858,-8.360025000000283,1.5340050000000136,1.5399130000000234,1.8159999999998178,1.1559999999999349,1.3160000000000949,1.816,1.156,1.316,4.725924393402721,-0.1358588719210514,1.114621743270045,4.968074520711834,-0.39906969472433523,-0.3987216264595034,5.6,0.8,-1.0,0.0,0.0,0.0,5.6,2.8,-1.0,0.0,0.0,0.0,5.6,4.8,-1.0,0.0,0.0,0.0,5.6,6.8,-1.0,0.0,0.0,0.0,5.6,0.8,1.0,0.0,0.0,0.0,5.6,2.8,1.0,0.0,0.0,0.0,5.6,4.8,1.0,0.0,0.0,0.0,5.6,6.8,1.0,0.0,0.0,0.0,-1.11,-4.2,-1.0,0.0,0.0,0.0,-1.11,-2.2,-1.0,0.0,0.0,0.0,-1.11,-4.2,1.0,0.0,0.0,0.0,-1.11,-2.2,1.0,0.0,0.0,0.0,9.83,1.6059999999999726,-1.7020000000000453,0.0,1.3199999999999878,-0.7900000000000684,9.83,3.60600000000024,-1.7020000000000453,0.0,1.32000000000021,-0.7900000000000684,-4.65,-0.9420000000003559,0.18600000000008457,0.0,1.5600000000000058,-0.5300000000000028,-4.65,1.0580000000000156,0.18600000000008457,0.0,1.5600000000000058,-0.5300000000000028,0,0,0,0,0,0,0,0,0,0,0,0,0,0,0,0,0,0,0,0,0,0,0,0,0,0,0,0,0,0,0,0,0,0,0,0,0,0,0,0,0,0,0,0,0,0,0,0,0,0,0,0,0,0,0,0,0,0,0,0,0,0,0,0,0,0,0,0,0,0,0,0,0,0,0,0,0,0,0,0,0,0,0,0,0,0,0,0,0,0,0,0,0,0,0,0,0,0,0,0,0,0,0,0,0,0,0,0,0,0,0,0,0,0,0,0,0,0,0,0,0,0,0,0,0,0,0,0,0,0,0,0,0,0,0,0,0,0,0,0,0,0,0,0,0,0,0,0,0,0,0,0,0,0,0,0,0,0,0,0,0,0,0,0,0,0,0,0,0,0,0,0,0,0,0,0,0,0,0,0,0,0,0,0,0,0,0,0,0,0,0,0,0,0,0,0,0,0,0,0,0,0,0,0
6.402259741,-8.211910000000305,1.6236500000000085,1.642358000000031,1.8969999999995935,1.0749999999999371,1.2350000000000971,1.897,1.075,1.235,4.779326309817598,-0.30065272491624784,1.0554964658893884,4.962792599237305,-0.42884360945983724,-0.43218372896360946,5.6,0.8,-1.0,0.0,0.0,0.0,5.6,2.8,-1.0,0.0,0.0,0.0,5.6,4.8,-1.0,0.0,0.0,0.0,5.6,6.8,-1.0,0.0,0.0,0.0,5.6,0.8,1.0,0.0,0.0,0.0,5.6,2.8,1.0,0.0,0.0,0.0,5.6,4.8,1.0,0.0,0.0,0.0,5.6,6.8,1.0,0.0,0.0,0.0,-1.11,-4.2,-1.0,0.0,0.0,0.0,-1.11,-2.2,-1.0,0.0,0.0,0.0,-1.11,-4.2,1.0,0.0,0.0,0.0,-1.11,-2.2,1.0,0.0,0.0,0.0,9.83,1.7115999999999716,-1.7652000000000507,0.0,1.3199999999999878,-0.7900000000000684,9.83,3.711600000000257,-1.7652000000000507,0.0,1.32000000000021,-0.7900000000000684,-4.65,-0.8172000000003554,0.14360000000008435,0.0,1.5600000000000058,-0.5300000000000028,-4.65,1.182800000000016,0.14360000000008435,0.0,1.5600000000000058,-0.5300000000000028,0,0,0,0,0,0,0,0,0,0,0,0,0,0,0,0,0,0,0,0,0,0,0,0,0,0,0,0,0,0,0,0,0,0,0,0,0,0,0,0,0,0,0,0,0,0,0,0,0,0,0,0,0,0,0,0,0,0,0,0,0,0,0,0,0,0,0,0,0,0,0,0,0,0,0,0,0,0,0,0,0,0,0,0,0,0,0,0,0,0,0,0,0,0,0,0,0,0,0,0,0,0,0,0,0,0,0,0,0,0,0,0,0,0,0,0,0,0,0,0,0,0,0,0,0,0,0,0,0,0,0,0,0,0,0,0,0,0,0,0,0,0,0,0,0,0,0,0,0,0,0,0,0,0,0,0,0,0,0,0,0,0,0,0,0,0,0,0,0,0,0,0,0,0,0,0,0,0,0,0,0,0,0,0,0,0,0,0,0,0,0,0,0,0,0,0,0,0,0,0,0,0,0,0
6.502318124,-8.057942000000327,1.707442000000004,1.738950000000034,1.9890000000000185,0.9829999999999561,1.142999999999894,1.989,0.983,1.143,4.8681009658341585,0.3823046736385718,0.951323027402428,4.957743344293899,-0.4552611426141584,-0.46208032216833705,5.6,0.8,-1.0,0.0,0.0,0.0,5.6,2.8,-1.0,0.0,0.0,0.0,5.6,4.8,-1.0,0.0,0.0,0.0,5.6,6.8,-1.0,0.0,0.0,0.0,5.6,0.8,1.0,0.0,0.0,0.0,5.6,2.8,1.0,0.0,0.0,0.0,5.6,4.8,1.0,0.0,0.0,0.0,5.6,6.8,1.0,0.0,0.0,0.0,-1.11,-4.2,-1.0,0.0,0.0,0.0,-1.11,-2.2,-1.0,0.0,0.0,0.0,-1.11,-4.2,1.0,0.0,0.0,0.0,-1.11,-2.2,1.0,0.0,0.0,0.0,9.83,1.8171999999999706,-1.8284000000000562,0.0,1.3199999999999878,-0.7900000000000684,9.83,3.8172000000002737,-1.8284000000000562,0.0,1.32000000000021,-0.7900000000000684,-4.65,-0.692400000000355,0.10120000000008414,0.0,1.5600000000000058,-0.5300000000000028,-4.65,1.3076000000000165,0.10120000000008414,0.0,1.5600000000000058,-0.5300000000000028,0,0,0,0,0,0,0,0,0,0,0,0,0,0,0,0,0,0,0,0,0,0,0,0,0,0,0,0,0,0,0,0,0,0,0,0,0,0,0,0,0,0,0,0,0,0,0,0,0,0,0,0,0,0,0,0,0,0,0,0,0,0,0,0,0,0,0,0,0,0,0,0,0,0,0,0,0,0,0,0,0,0,0,0,0,0,0,0,0,0,0,0,0,0,0,0,0,0,0,0,0,0,0,0,0,0,0,0,0,0,0,0,0,0,0,0,0,0,0,0,0,0,0,0,0,0,0,0,0,0,0,0,0,0,0,0,0,0,0,0,0,0,0,0,0,0,0,0,0,0,0,0,0,0,0,0,0,0,0,0,0,0,0,0,0,0,0,0,0,0,0,0,0,0,0,0,0,0,0,0,0,0,0,0,0,0,0,0,0,0,0,0,0,0,0,0,0,0,0,0,0,0,0,0
6.601518361,-7.89640700000033,1.7836670000000048,1.8279750000000299,2.0579999999998932,0.9140000000000814,1.0740000000000194,2.0580000000000003,0.9139999999999999,1.074,4.969880867615975,-0.31833892729317737,0.8216823786729901,4.952522467231542,-0.4808411993260106,-0.49123614748664046,5.6,0.8,-1.0,0.0,0.0,0.0,5.6,2.8,-1.0,0.0,0.0,0.0,5.6,4.8,-1.0,0.0,0.0,0.0,5.6,6.8,-1.0,0.0,0.0,0.0,5.6,0.8,1.0,0.0,0.0,0.0,5.6,2.8,1.0,0.0,0.0,0.0,5.6,4.8,1.0,0.0,0.0,0.0,5.6,6.8,1.0,0.0,0.0,0.0,-1.11,-4.2,-1.0,0.0,0.0,0.0,-1.11,-2.2,-1.0,0.0,0.0,0.0,-1.11,-4.2,1.0,0.0,0.0,0.0,-1.11,-2.2,1.0,0.0,0.0,0.0,9.83,1.9227999999999696,-1.8916000000000617,0.0,1.3199999999999878,-0.7900000000000684,9.83,3.9228000000002905,-1.8916000000000617,0.0,1.32000000000021,-0.7900000000000684,-4.65,-0.5676000000003545,0.058800000000083924,0.0,1.5600000000000058,-0.5300000000000028,-4.65,1.432400000000017,0.058800000000083924,0.0,1.5600000000000058,-0.5300000000000028,0,0,0,0,0,0,0,0,0,0,0,0,0,0,0,0,0,0,0,0,0,0,0,0,0,0,0,0,0,0,0,0,0,0,0,0,0,0,0,0,0,0,0,0,0,0,0,0,0,0,0,0,0,0,0,0,0,0,0,0,0,0,0,0,0,0,0,0,0,0,0,0,0,0,0,0,0,0,0,0,0,0,0,0,0,0,0,0,0,0,0,0,0,0,0,0,0,0,0,0,0,0,0,0,0,0,0,0,0,0,0,0,0,0,0,0,0,0,0,0,0,0,0,0,0,0,0,0,0,0,0,0,0,0,0,0,0,0,0,0,0,0,0,0,0,0,0,0,0,0,0,0,0,0,0,0,0,0,0,0,0,0,0,0,0,0,0,0,0,0,0,0,0,0,0,0,0,0,0,0,0,0,0,0,0,0,0,0,0,0,0,0,0,0,0,0,0,0,0,0,0,0,0,0
6.701160063,-7.7290020000003254,1.8540220000000056,1.9111300000000335,2.1370000000002776,0.8349999999999191,0.9950000000000792,2.1370000000000005,0.835,0.9950000000000001,4.894652594349152,-0.9049159644323324,0.6922581870541087,4.947579238364138,-0.5036668739300101,-0.5174740188779624,5.6,0.8,-1.0,0.0,0.0,0.0,5.6,2.8,-1.0,0.0,0.0,0.0,5.6,4.8,-1.0,0.0,0.0,0.0,5.6,6.8,-1.0,0.0,0.0,0.0,5.6,0.8,1.0,0.0,0.0,0.0,5.6,2.8,1.0,0.0,0.0,0.0,5.6,4.8,1.0,0.0,0.0,0.0,5.6,6.8,1.0,0.0,0.0,0.0,-1.11,-4.2,-1.0,0.0,0.0,0.0,-1.11,-2.2,-1.0,0.0,0.0,0.0,-1.11,-4.2,1.0,0.0,0.0,0.0,-1.11,-2.2,1.0,0.0,0.0,0.0,9.83,2.0283999999999733,-1.9548000000000672,0.0,1.32000000000021,-0.7900000000000684,9.83,4.028400000000298,-1.9548000000000672,0.0,1.3199999999997658,-0.7900000000000684,-4.65,-0.442800000000354,0.01640000000008381,0.0,1.5600000000000058,-0.5299999999999992,-4.65,1.5572000000000175,0.01640000000008381,0.0,1.5600000000000058,-0.5299999999999992,0,0,0,0,0,0,0,0,0,0,0,0,0,0,0,0,0,0,0,0,0,0,0,0,0,0,0,0,0,0,0,0,0,0,0,0,0,0,0,0,0,0,0,0,0,0,0,0,0,0,0,0,0,0,0,0,0,0,0,0,0,0,0,0,0,0,0,0,0,0,0,0,0,0,0,0,0,0,0,0,0,0,0,0,0,0,0,0,0,0,0,0,0,0,0,0,0,0,0,0,0,0,0,0,0,0,0,0,0,0,0,0,0,0,0,0,0,0,0,0,0,0,0,0,0,0,0,0,0,0,0,0,0,0,0,0,0,0,0,0,0,0,0,0,0,0,0,0,0,0,0,0,0,0,0,0,0,0,0,0,0,0,0,0,0,0,0,0,0,0,0,0,0,0,0,0,0,0,0,0,0,0,0,0,0,0,0,0,0,0,0,0,0,0,0,0,0,0,0,0,0,0,0,0
6.800839419,-7.555303000000301,1.9180830000000046,1.987991000000038,2.220000000000333,0.7520000000000859,0.9120000000000239,2.2200000000000006,0.752,0.9120000000000001,4.89794788163937,-0.38162204271377154,0.7891472831011477,4.942195175879719,-0.5272043223685889,-0.5447590715051107,5.6,0.8,-1.0,0.0,0.0,0.0,5.6,2.8,-1.0,0.0,0.0,0.0,5.6,4.8,-1.0,0.0,0.0,0.0,5.6,6.8,-1.0,0.0,0.0,0.0,5.6,0.8,1.0,0.0,0.0,0.0,5.6,2.8,1.0,0.0,0.0,0.0,5.6,4.8,1.0,0.0,0.0,0.0,5.6,6.8,1.0,0.0,0.0,0.0,-1.11,-4.2,-1.0,0.0,0.0,0.0,-1.11,-2.2,-1.0,0.0,0.0,0.0,-1.11,-4.2,1.0,0.0,0.0,0.0,-1.11,-2.2,1.0,0.0,0.0,0.0,9.83,2.13399999999999,-2.0180000000000677,0.0,1.32000000000021,-0.7899999999998464,9.83,4.134000000000279,-2.0180000000000677,0.0,1.3199999999997658,-0.7899999999998464,-4.65,-0.31800000000035356,-0.025999999999916156,0.0,1.5600000000000058,-0.5299999999999992,-4.65,1.682000000000018,-0.025999999999916156,0.0,1.5600000000000058,-0.5299999999999992,0,0,0,0,0,0,0,0,0,0,0,0,0,0,0,0,0,0,0,0,0,0,0,0,0,0,0,0,0,0,0,0,0,0,0,0,0,0,0,0,0,0,0,0,0,0,0,0,0,0,0,0,0,0,0,0,0,0,0,0,0,0,0,0,0,0,0,0,0,0,0,0,0,0,0,0,0,0,0,0,0,0,0,0,0,0,0,0,0,0,0,0,0,0,0,0,0,0,0,0,0,0,0,0,0,0,0,0,0,0,0,0,0,0,0,0,0,0,0,0,0,0,0,0,0,0,0,0,0,0,0,0,0,0,0,0,0,0,0,0,0,0,0,0,0,0,0,0,0,0,0,0,0,0,0,0,0,0,0,0,0,0,0,0,0,0,0,0,0,0,0,0,0,0,0,0,0,0,0,0,0,0,0,0,0,0,0,0,0,0,0,0,0,0,0,0,0,0,0,0,0,0,0,0
6.900475175,-7.375017000000292,1.975557000000006,2.0582650000000418,2.298999999999829,0.6729999999999237,0.8330000000000837,2.299000000000001,0.673,0.8330000000000002,4.868256804269721,-0.8962294657415368,0.6406145766302496,4.936828172895882,-0.5494504830592135,-0.5708167463972225,5.6,0.8,-1.0,0.0,0.0,0.0,5.6,2.8,-1.0,0.0,0.0,0.0,5.6,4.8,-1.0,0.0,0.0,0.0,5.6,6.8,-1.0,0.0,0.0,0.0,5.6,0.8,1.0,0.0,0.0,0.0,5.6,2.8,1.0,0.0,0.0,0.0,5.6,4.8,1.0,0.0,0.0,0.0,5.6,6.8,1.0,0.0,0.0,0.0,-1.11,-4.2,-1.0,0.0,0.0,0.0,-1.11,-2.2,-1.0,0.0,0.0,0.0,-1.11,-4.2,1.0,0.0,0.0,0.0,-1.11,-2.2,1.0,0.0,0.0,0.0,9.83,2.239600000000007,-2.0812000000000555,0.0,1.32000000000021,-0.7899999999998464,9.83,4.2396000000002605,-2.0812000000000555,0.0,1.3199999999997658,-0.7899999999998464,-4.65,-0.1932000000003531,-0.06839999999991633,0.0,1.5600000000000058,-0.5300000000000028,-4.65,1.8068000000000184,-0.06839999999991633,0.0,1.5600000000000058,-0.5300000000000028,0,0,0,0,0,0,0,0,0,0,0,0,0,0,0,0,0,0,0,0,0,0,0,0,0,0,0,0,0,0,0,0,0,0,0,0,0,0,0,0,0,0,0,0,0,0,0,0,0,0,0,0,0,0,0,0,0,0,0,0,0,0,0,0,0,0,0,0,0,0,0,0,0,0,0,0,0,0,0,0,0,0,0,0,0,0,0,0,0,0,0,0,0,0,0,0,0,0,0,0,0,0,0,0,0,0,0,0,0,0,0,0,0,0,0,0,0,0,0,0,0,0,0,0,0,0,0,0,0,0,0,0,0,0,0,0,0,0,0,0,0,0,0,0,0,0,0,0,0,0,0,0,0,0,0,0,0,0,0,0,0,0,0,0,0,0,0,0,0,0,0,0,0,0,0,0,0,0,0,0,0,0,0,0,0,0,0,0,0,0,0,0,0,0,0,0,0,0,0,0,0,0,0,0
7.001572109,-7.141009000000289,2.0387490000000015,2.1374570000000532,2.3780000000002133,0.5939999999999834,0.7540000000001434,2.378000000000001,0.5940000000000001,0.7540000000000002,4.700403018855317,-1.5080193756078624,-0.8324698109630271,4.931403436259564,-0.5708341755897709,-0.5961614653985283,5.6,0.8,-1.0,0.0,0.0,0.0,5.6,2.8,-1.0,0.0,0.0,0.0,5.6,4.8,-1.0,0.0,0.0,0.0,5.6,6.8,-1.0,0.0,0.0,0.0,5.6,0.8,1.0,0.0,0.0,0.0,5.6,2.8,1.0,0.0,0.0,0.0,5.6,4.8,1.0,0.0,0.0,0.0,5.6,6.8,1.0,0.0,0.0,0.0,-1.11,-4.2,-1.0,0.0,0.0,0.0,-1.11,-2.2,-1.0,0.0,0.0,0.0,-1.11,-4.2,1.0,0.0,0.0,0.0,-1.11,-2.2,1.0,0.0,0.0,0.0,9.83,2.371600000000028,-2.16020000000004,0.0,1.32000000000021,-0.7899999999998464,9.83,4.371600000000237,-2.16020000000004,0.0,1.3199999999997658,-0.7899999999998464,-4.65,-0.037200000000352625,-0.1213999999999166,0.0,1.559999999999999,-0.5300000000000028,-4.65,1.962800000000019,-0.1213999999999166,0.0,1.5600000000000058,-0.5300000000000028,0,0,0,0,0,0,0,0,0,0,0,0,0,0,0,0,0,0,0,0,0,0,0,0,0,0,0,0,0,0,0,0,0,0,0,0,0,0,0,0,0,0,0,0,0,0,0,0,0,0,0,0,0,0,0,0,0,0,0,0,0,0,0,0,0,0,0,0,0,0,0,0,0,0,0,0,0,0,0,0,0,0,0,0,0,0,0,0,0,0,0,0,0,0,0,0,0,0,0,0,0,0,0,0,0,0,0,0,0,0,0,0,0,0,0,0,0,0,0,0,0,0,0,0,0,0,0,0,0,0,0,0,0,0,0,0,0,0,0,0,0,0,0,0,0,0,0,0,0,0,0,0,0,0,0,0,0,0,0,0,0,0,0,0,0,0,0,0,0,0,0,0,0,0,0,0,0,0,0,0,0,0,0,0,0,0,0,0,0,0,0,0,0,0,0,0,0,0,0,0,0,0,0,0
7.100855257,-6.9469150000002795,2.0824150000000077,2.193923000000054,2.4720000000000297,0.500000000000167,0.6599999999998829,2.472000000000001,0.5000000000000001,0.6600000000000003,4.9739962813952845,-0.5127005062419898,0.6573854849200336,4.9255842337647096,-0.592668539773996,-0.6223856987838592,5.6,0.8,-1.0,0.0,0.0,0.0,5.6,2.8,-1.0,0.0,0.0,0.0,5.6,4.8,-1.0,0.0,0.0,0.0,5.6,6.8,-1.0,0.0,0.0,0.0,5.6,0.8,1.0,0.0,0.0,0.0,5.6,2.8,1.0,0.0,0.0,0.0,5.6,4.8,1.0,0.0,0.0,0.0,5.6,6.8,1.0,0.0,0.0,0.0,-1.11,-4.2,-1.0,0.0,0.0,0.0,-1.11,-2.2,-1.0,0.0,0.0,0.0,-1.11,-4.2,1.0,0.0,0.0,0.0,-1.11,-2.2,1.0,0.0,0.0,0.0,9.83,2.4772000000000447,-2.223400000000028,0.0,1.32000000000021,-0.7899999999998464,9.83,4.477200000000218,-2.223400000000028,0.0,1.3199999999997658,-0.7899999999998464,-4.65,0.08759999999964743,-0.16379999999991682,0.0,1.5600000000000058,-0.5300000000000028,-4.65,2.087600000000019,-0.16379999999991682,0.0,1.5600000000000058,-0.5300000000000028,0,0,0,0,0,0,0,0,0,0,0,0,0,0,0,0,0,0,0,0,0,0,0,0,0,0,0,0,0,0,0,0,0,0,0,0,0,0,0,0,0,0,0,0,0,0,0,0,0,0,0,0,0,0,0,0,0,0,0,0,0,0,0,0,0,0,0,0,0,0,0,0,0,0,0,0,0,0,0,0,0,0,0,0,0,0,0,0,0,0,0,0,0,0,0,0,0,0,0,0,0,0,0,0,0,0,0,0,0,0,0,0,0,0,0,0,0,0,0,0,0,0,0,0,0,0,0,0,0,0,0,0,0,0,0,0,0,0,0,0,0,0,0,0,0,0,0,0,0,0,0,0,0,0,0,0,0,0,0,0,0,0,0,0,0,0,0,0,0,0,0,0,0,0,0,0,0,0,0,0,0,0,0,0,0,0,0,0,0,0,0,0,0,0,0,0,0,0,0,0,0,0,0,0
7.201998178,-6.746685000000278,2.119945000000022,2.248958665047634,2.566999999999986,0.40500000000021075,0.7459871172148524,2.567000000000001,0.40500000000000014,0.7459871172147716,4.921153054026682,-0.350697676220876,0.7459871172147716,4.9197626121752425,-0.6134501769487837,-0.6477767518552514,5.6,0.8,-1.0,0.0,0.0,0.0,5.6,2.8,-1.0,0.0,0.0,0.0,5.6,4.8,-1.0,0.0,0.0,0.0,5.6,6.8,-1.0,0.0,0.0,0.0,5.6,0.8,1.0,0.0,0.0,0.0,5.6,2.8,1.0,0.0,0.0,0.0,5.6,4.8,1.0,0.0,0.0,0.0,5.6,6.8,1.0,0.0,0.0,0.0,-1.11,-4.2,-1.0,0.0,0.0,0.0,-1.11,-2.2,-1.0,0.0,0.0,0.0,-1.11,-4.2,1.0,0.0,0.0,0.0,-1.11,-2.2,1.0,0.0,0.0,0.0,9.83,2.5828000000000615,-2.2866000000000155,0.0,1.32000000000021,-0.7899999999998464,9.83,4.5828000000002,-2.2866000000000155,0.0,1.3199999999997658,-0.7899999999998464,-4.65,0.2123999999996479,-0.20619999999991703,0.0,1.5600000000000058,-0.5300000000000028,-4.65,2.2124000000000197,-0.20619999999991703,0.0,1.5600000000000058,-0.5300000000000028,0,0,0,0,0,0,0,0,0,0,0,0,0,0,0,0,0,0,0,0,0,0,0,0,0,0,0,0,0,0,0,0,0,0,0,0,0,0,0,0,0,0,0,0,0,0,0,0,0,0,0,0,0,0,0,0,0,0,0,0,0,0,0,0,0,0,0,0,0,0,0,0,0,0,0,0,0,0,0,0,0,0,0,0,0,0,0,0,0,0,0,0,0,0,0,0,0,0,0,0,0,0,0,0,0,0,0,0,0,0,0,0,0,0,0,0,0,0,0,0,0,0,0,0,0,0,0,0,0,0,0,0,0,0,0,0,0,0,0,0,0,0,0,0,0,0,0,0,0,0,0,0,0,0,0,0,0,0,0,0,0,0,0,0,0,0,0,0,0,0,0,0,0,0,0,0,0,0,0,0,0,0,0,0,0,0,0,0,0,0,0,0,0,0,0,0,0,0,0,0,0,0,0,0
7.300930523,-6.486137000000296,2.1565970000000365,2.3197093767691124,2.6409999999996714,0.33100000000008123,0.6719871172147229,2.641000000000001,0.3310000000000001,0.6719871172147717,4.680960245806662,-1.5797446639624408,-1.0119086363210554,4.9142157010010745,-0.6307062091494755,-0.6728251792069145,5.6,0.8,-1.0,0.0,0.0,0.0,5.6,2.8,-1.0,0.0,0.0,0.0,5.6,4.8,-1.0,0.0,0.0,0.0,5.6,6.8,-1.0,0.0,0.0,0.0,5.6,0.8,1.0,0.0,0.0,0.0,5.6,2.8,1.0,0.0,0.0,0.0,5.6,4.8,1.0,0.0,0.0,0.0,5.6,6.8,1.0,0.0,0.0,0.0,-1.11,-4.2,-1.0,0.0,0.0,0.0,-1.11,-2.2,-1.0,0.0,0.0,0.0,-1.11,-4.2,1.0,0.0,0.0,0.0,-1.11,-2.2,1.0,0.0,0.0,0.0,9.83,2.7148000000000825,-2.3656,0.0,1.32000000000021,-0.7899999999998464,9.83,4.714800000000176,-2.3656,0.0,1.3199999999997658,-0.7899999999998464,-4.65,0.36839999999964845,-0.25919999999991683,0.0,1.5600000000000058,-0.5299999999999748,-4.65,2.3684000000000203,-0.25919999999991683,0.0,1.5600000000000058,-0.5299999999999748,0,0,0,0,0,0,0,0,0,0,0,0,0,0,0,0,0,0,0,0,0,0,0,0,0,0,0,0,0,0,0,0,0,0,0,0,0,0,0,0,0,0,0,0,0,0,0,0,0,0,0,0,0,0,0,0,0,0,0,0,0,0,0,0,0,0,0,0,0,0,0,0,0,0,0,0,0,0,0,0,0,0,0,0,0,0,0,0,0,0,0,0,0,0,0,0,0,0,0,0,0,0,0,0,0,0,0,0,0,0,0,0,0,0,0,0,0,0,0,0,0,0,0,0,0,0,0,0,0,0,0,0,0,0,0,0,0,0,0,0,0,0,0,0,0,0,0,0,0,0,0,0,0,0,0,0,0,0,0,0,0,0,0,0,0,0,0,0,0,0,0,0,0,0,0,0,0,0,0,0,0,0,0,0,0,0,0,0,0,0,0,0,0,0,0,0,0,0,0,0,0,0,0,0
7.404354643,-6.2712300000003,2.1794500000000383,2.3698413461462855,2.7340000000002362,0.23799999999996047,0.5789871172146022,2.734000000000001,0.23800000000000013,0.5789871172147717,4.8370912268392985,-0.9454814840724834,0.5310170467432851,4.908015782653031,-0.6485087798307809,-0.7005836421949505,5.6,0.8,-1.0,0.0,0.0,0.0,5.6,2.8,-1.0,0.0,0.0,0.0,5.6,4.8,-1.0,0.0,0.0,0.0,5.6,6.8,-1.0,0.0,0.0,0.0,5.6,0.8,1.0,0.0,0.0,0.0,5.6,2.8,1.0,0.0,0.0,0.0,5.6,4.8,1.0,0.0,0.0,0.0,5.6,6.8,1.0,0.0,0.0,0.0,-1.11,-4.2,-1.0,0.0,0.0,0.0,-1.11,-2.2,-1.0,0.0,0.0,0.0,-1.11,-4.2,1.0,0.0,0.0,0.0,-1.11,-2.2,1.0,0.0,0.0,0.0,9.83,2.8204000000000993,-2.428799999999988,0.0,1.32000000000021,-0.7899999999998464,9.83,4.8204000000001574,-2.428799999999988,0.0,1.3199999999997658,-0.7899999999998464,-4.65,0.524399999999649,-0.3121999999999143,0.0,1.5600000000000058,-0.5299999999999748,-4.65,2.4932000000000207,-0.3015999999999148,0.0,1.5600000000000058,-0.5299999999999748,0,0,0,0,0,0,0,0,0,0,0,0,0,0,0,0,0,0,0,0,0,0,0,0,0,0,0,0,0,0,0,0,0,0,0,0,0,0,0,0,0,0,0,0,0,0,0,0,0,0,0,0,0,0,0,0,0,0,0,0,0,0,0,0,0,0,0,0,0,0,0,0,0,0,0,0,0,0,0,0,0,0,0,0,0,0,0,0,0,0,0,0,0,0,0,0,0,0,0,0,0,0,0,0,0,0,0,0,0,0,0,0,0,0,0,0,0,0,0,0,0,0,0,0,0,0,0,0,0,0,0,0,0,0,0,0,0,0,0,0,0,0,0,0,0,0,0,0,0,0,0,0,0,0,0,0,0,0,0,0,0,0,0,0,0,0,0,0,0,0,0,0,0,0,0,0,0,0,0,0,0,0,0,0,0,0,0,0,0,0,0,0,0,0,0,0,0,0,0,0,0,0,0,0
7.501702396,-5.9933420000002835,2.198762000000041,2.427171490329158,2.822000000000102,0.1500000000000945,0.5678387341050417,2.822000000000001,0.15000000000000013,0.5678387341050359,4.960583405827506,-0.11468687146305667,0.5678387341050359,4.902143742013326,-0.6642920115090343,-0.7264315907811776,5.6,0.8,-1.0,0.0,0.0,0.0,5.6,2.8,-1.0,0.0,0.0,0.0,5.6,4.8,-1.0,0.0,0.0,0.0,5.6,6.8,-1.0,0.0,0.0,0.0,5.6,0.8,1.0,0.0,0.0,0.0,5.6,2.8,1.0,0.0,0.0,0.0,5.6,4.8,1.0,0.0,0.0,0.0,5.6,6.8,1.0,0.0,0.0,0.0,-1.11,-4.2,-1.0,0.0,0.0,0.0,-1.11,-2.2,-1.0,0.0,0.0,0.0,-1.11,-4.2,1.0,0.0,0.0,0.0,-1.11,-2.2,1.0,0.0,0.0,0.0,9.83,2.9524000000001203,-2.5077999999999725,0.0,1.32000000000021,-0.7899999999998464,9.83,4.952400000000134,-2.5077999999999725,0.0,1.3199999999997658,-0.7899999999998464,-4.65,0.6491999999996495,-0.3545999999999123,0.0,1.5600000000000058,-0.5299999999999748,-4.65,2.6492000000000213,-0.3545999999999123,0.0,1.5600000000000058,-0.5299999999999748,0,0,0,0,0,0,0,0,0,0,0,0,0,0,0,0,0,0,0,0,0,0,0,0,0,0,0,0,0,0,0,0,0,0,0,0,0,0,0,0,0,0,0,0,0,0,0,0,0,0,0,0,0,0,0,0,0,0,0,0,0,0,0,0,0,0,0,0,0,0,0,0,0,0,0,0,0,0,0,0,0,0,0,0,0,0,0,0,0,0,0,0,0,0,0,0,0,0,0,0,0,0,0,0,0,0,0,0,0,0,0,0,0,0,0,0,0,0,0,0,0,0,0,0,0,0,0,0,0,0,0,0,0,0,0,0,0,0,0,0,0,0,0,0,0,0,0,0,0,0,0,0,0,0,0,0,0,0,0,0,0,0,0,0,0,0,0,0,0,0,0,0,0,0,0,0,0,0,0,0,0,0,0,0,0,0,0,0,0,0,0,0,0,0,0,0,0,0,0,0,0,0,0,0
7.60121042,-5.763942000000264,2.2071220000000373,2.474222715687244,2.9130000000003875,0.058999999999809205,0.6084418998471008,2.913000000000001,0.059000000000000136,0.6084418998472638,4.901533816289287,-0.3490037116319469,0.6084418998472638,4.896417301160957,-0.6779595262141996,-0.7519763917218889,5.6,0.8,-1.0,0.0,0.0,0.0,5.6,2.8,-1.0,0.0,0.0,0.0,5.6,4.8,-1.0,0.0,0.0,0.0,5.6,6.8,-1.0,0.0,0.0,0.0,5.6,0.8,1.0,0.0,0.0,0.0,5.6,2.8,1.0,0.0,0.0,0.0,5.6,4.8,1.0,0.0,0.0,0.0,5.6,6.8,1.0,0.0,0.0,0.0,-1.11,-4.2,-1.0,0.0,0.0,0.0,-1.11,-2.2,-1.0,0.0,0.0,0.0,-1.11,-4.2,1.0,0.0,0.0,0.0,-1.11,-2.2,1.0,0.0,0.0,0.0,9.83,3.058000000000118,-2.57099999999996,0.0,1.3199999999997658,-0.7899999999998464,9.83,5.058000000000115,-2.57099999999996,0.0,1.3199999999997658,-0.7899999999998464,-4.65,0.77399999999965,-0.3969999999999103,0.0,1.5600000000000058,-0.5299999999999748,-4.65,2.774000000000022,-0.3969999999999103,0.0,1.5600000000000058,-0.5299999999999748,0,0,0,0,0,0,0,0,0,0,0,0,0,0,0,0,0,0,0,0,0,0,0,0,0,0,0,0,0,0,0,0,0,0,0,0,0,0,0,0,0,0,0,0,0,0,0,0,0,0,0,0,0,0,0,0,0,0,0,0,0,0,0,0,0,0,0,0,0,0,0,0,0,0,0,0,0,0,0,0,0,0,0,0,0,0,0,0,0,0,0,0,0,0,0,0,0,0,0,0,0,0,0,0,0,0,0,0,0,0,0,0,0,0,0,0,0,0,0,0,0,0,0,0,0,0,0,0,0,0,0,0,0,0,0,0,0,0,0,0,0,0,0,0,0,0,0,0,0,0,0,0,0,0,0,0,0,0,0,0,0,0,0,0,0,0,0,0,0,0,0,0,0,0,0,0,0,0,0,0,0,0,0,0,0,0,0,0,0,0,0,0,0,0,0,0,0,0,0,0,0,0,0,0
7.703210761,-5.46788600000023,2.208266000000023,2.530310905671959,2.995000000000303,-0.02300000000010627,0.5264418998471854,2.995000000000001,-0.022999999999999868,0.5264418998472639,4.740372903116184,-1.619854131247585,-0.07810207400074232,4.890424016997188,-0.6899609579630919,-0.7795555210911741,5.6,0.8,-1.0,0.0,0.0,0.0,5.6,2.8,-1.0,0.0,0.0,0.0,5.6,4.8,-1.0,0.0,0.0,0.0,5.6,6.8,-1.0,0.0,0.0,0.0,5.6,0.8,1.0,0.0,0.0,0.0,5.6,2.8,1.0,0.0,0.0,0.0,5.6,4.8,1.0,0.0,0.0,0.0,5.6,6.8,1.0,0.0,0.0,0.0,-1.11,-4.2,-1.0,0.0,0.0,0.0,-1.11,-2.2,-1.0,0.0,0.0,0.0,-1.11,-4.2,1.0,0.0,0.0,0.0,-1.11,-2.2,1.0,0.0,0.0,0.0,9.83,3.1900000000000945,-2.649999999999945,0.0,1.3199999999997658,-0.7899999999998464,9.83,5.190000000000092,-2.649999999999945,0.0,1.3199999999997658,-0.7899999999998464,-4.65,0.9299999999996506,-0.4499999999999078,0.0,1.5600000000000058,-0.5299999999999748,-4.65,2.9300000000000224,-0.4499999999999078,0.0,1.5600000000000058,-0.5299999999999748,0,0,0,0,0,0,0,0,0,0,0,0,0,0,0,0,0,0,0,0,0,0,0,0,0,0,0,0,0,0,0,0,0,0,0,0,0,0,0,0,0,0,0,0,0,0,0,0,0,0,0,0,0,0,0,0,0,0,0,0,0,0,0,0,0,0,0,0,0,0,0,0,0,0,0,0,0,0,0,0,0,0,0,0,0,0,0,0,0,0,0,0,0,0,0,0,0,0,0,0,0,0,0,0,0,0,0,0,0,0,0,0,0,0,0,0,0,0,0,0,0,0,0,0,0,0,0,0,0,0,0,0,0,0,0,0,0,0,0,0,0,0,0,0,0,0,0,0,0,0,0,0,0,0,0,0,0,0,0,0,0,0,0,0,0,0,0,0,0,0,0,0,0,0,0,0,0,0,0,0,0,0,0,0,0,0,0,0,0,0,0,0,0,0,0,0,0,0,0,0,0,0,0,0
7.800822769,-5.224254000000202,2.2023940000000106,2.5683942576597296,3.091000000000399,-0.11900000000020228,0.43044189984708936,3.091000000000001,-0.11899999999999987,0.4304418998472639,4.7301692389406815,-1.500335814417009,0.16658086586119625,4.884318887440774,-0.7007568934167395,-0.807693495156574,5.6,0.8,-1.0,0.0,0.0,0.0,5.6,2.8,-1.0,0.0,0.0,0.0,5.6,4.8,-1.0,0.0,0.0,0.0,5.6,6.8,-1.0,0.0,0.0,0.0,5.6,0.8,1.0,0.0,0.0,0.0,5.6,2.8,1.0,0.0,0.0,0.0,5.6,4.8,1.0,0.0,0.0,0.0,5.6,6.8,1.0,0.0,0.0,0.0,-1.11,-4.2,-1.0,0.0,0.0,0.0,-1.11,-2.2,-1.0,0.0,0.0,0.0,-1.11,-4.2,1.0,0.0,0.0,0.0,-1.11,-2.2,1.0,0.0,0.0,0.0,9.83,3.295600000000076,-2.7131999999999326,0.0,1.3199999999997658,-0.7899999999998464,9.83,5.295600000000073,-2.7131999999999326,0.0,1.3199999999997658,-0.7899999999998464,-4.65,1.054799999999651,-0.4923999999999058,0.0,1.5600000000000058,-0.5299999999999748,-4.65,3.054800000000023,-0.4923999999999058,0.0,1.5600000000000058,-0.5299999999999748,0,0,0,0,0,0,0,0,0,0,0,0,0,0,0,0,0,0,0,0,0,0,0,0,0,0,0,0,0,0,0,0,0,0,0,0,0,0,0,0,0,0,0,0,0,0,0,0,0,0,0,0,0,0,0,0,0,0,0,0,0,0,0,0,0,0,0,0,0,0,0,0,0,0,0,0,0,0,0,0,0,0,0,0,0,0,0,0,0,0,0,0,0,0,0,0,0,0,0,0,0,0,0,0,0,0,0,0,0,0,0,0,0,0,0,0,0,0,0,0,0,0,0,0,0,0,0,0,0,0,0,0,0,0,0,0,0,0,0,0,0,0,0,0,0,0,0,0,0,0,0,0,0,0,0,0,0,0,0,0,0,0,0,0,0,0,0,0,0,0,0,0,0,0,0,0,0,0,0,0,0,0,0,0,0,0,0,0,0,0,0,0,0,0,0,0,0,0,0,0,0,0,0,0
7.902207974,-4.910690000000177,2.186030000000006,2.6159024476444444,3.1840000000000757,-0.21199999999987895,0.5234418998472101,3.184000000000001,-0.21199999999999986,0.5234418998472639,4.93381424733867,-0.378012755317088,0.5803072928960158,4.87834364877388,-0.709958804736643,-0.8352973961676591,5.6,0.8,-1.0,0.0,0.0,0.0,5.6,2.8,-1.0,0.0,0.0,0.0,5.6,4.8,-1.0,0.0,0.0,0.0,5.6,6.8,-1.0,0.0,0.0,0.0,5.6,0.8,1.0,0.0,0.0,0.0,5.6,2.8,1.0,0.0,0.0,0.0,5.6,4.8,1.0,0.0,0.0,0.0,5.6,6.8,1.0,0.0,0.0,0.0,-1.11,-4.2,-1.0,0.0,0.0,0.0,-1.11,-2.2,-1.0,0.0,0.0,0.0,-1.11,-4.2,1.0,0.0,0.0,0.0,-1.11,-2.2,1.0,0.0,0.0,0.0,9.83,3.4276000000000524,-2.792199999999917,0.0,1.3199999999997658,-0.7899999999998464,9.83,5.42760000000005,-2.792199999999917,0.0,1.3199999999997658,-0.7899999999998464,-4.65,1.2107999999996515,-0.5453999999999081,0.0,1.5600000000000058,-0.5300000000000304,-4.65,3.2108000000000234,-0.5453999999999081,0.0,1.5600000000000058,-0.5300000000000304,0,0,0,0,0,0,0,0,0,0,0,0,0,0,0,0,0,0,0,0,0,0,0,0,0,0,0,0,0,0,0,0,0,0,0,0,0,0,0,0,0,0,0,0,0,0,0,0,0,0,0,0,0,0,0,0,0,0,0,0,0,0,0,0,0,0,0,0,0,0,0,0,0,0,0,0,0,0,0,0,0,0,0,0,0,0,0,0,0,0,0,0,0,0,0,0,0,0,0,0,0,0,0,0,0,0,0,0,0,0,0,0,0,0,0,0,0,0,0,0,0,0,0,0,0,0,0,0,0,0,0,0,0,0,0,0,0,0,0,0,0,0,0,0,0,0,0,0,0,0,0,0,0,0,0,0,0,0,0,0,0,0,0,0,0,0,0,0,0,0,0,0,0,0,0,0,0,0,0,0,0,0,0,0,0,0,0,0,0,0,0,0,0,0,0,0,0,0,0,0,0,0,0,0
8.001013252,-4.652190000000163,2.165290000000007,2.6539977996322324,3.2680000000002707,-0.296000000000074,0.4394418998474592,3.268000000000001,-0.2959999999999999,0.43944189984726384,4.576929063505631,-1.7721142416473334,-0.9801289558597255,4.872175529748549,-0.7166775978647911,-0.8650311139133668,5.6,0.8,-1.0,0.0,0.0,0.0,5.6,2.8,-1.0,0.0,0.0,0.0,5.6,4.8,-1.0,0.0,0.0,0.0,5.6,6.8,-1.0,0.0,0.0,0.0,5.6,0.8,1.0,0.0,0.0,0.0,5.6,2.8,1.0,0.0,0.0,0.0,5.6,4.8,1.0,0.0,0.0,0.0,5.6,6.8,1.0,0.0,0.0,0.0,-1.11,-4.2,-1.0,0.0,0.0,0.0,-1.11,-2.2,-1.0,0.0,0.0,0.0,-1.11,-4.2,1.0,0.0,0.0,0.0,-1.11,-2.2,1.0,0.0,0.0,0.0,9.83,3.5332000000000336,-2.855399999999905,0.0,1.3199999999997658,-0.7899999999998464,9.83,5.533200000000031,-2.855399999999905,0.0,1.3199999999997658,-0.7899999999998464,-4.65,1.335599999999652,-0.5877999999999105,0.0,1.5600000000000058,-0.5300000000000304,-4.65,3.335600000000024,-0.5877999999999105,0.0,1.5600000000000058,-0.5300000000000304,0,0,0,0,0,0,0,0,0,0,0,0,0,0,0,0,0,0,0,0,0,0,0,0,0,0,0,0,0,0,0,0,0,0,0,0,0,0,0,0,0,0,0,0,0,0,0,0,0,0,0,0,0,0,0,0,0,0,0,0,0,0,0,0,0,0,0,0,0,0,0,0,0,0,0,0,0,0,0,0,0,0,0,0,0,0,0,0,0,0,0,0,0,0,0,0,0,0,0,0,0,0,0,0,0,0,0,0,0,0,0,0,0,0,0,0,0,0,0,0,0,0,0,0,0,0,0,0,0,0,0,0,0,0,0,0,0,0,0,0,0,0,0,0,0,0,0,0,0,0,0,0,0,0,0,0,0,0,0,0,0,0,0,0,0,0,0,0,0,0,0,0,0,0,0,0,0,0,0,0,0,0,0,0,0,0,0,0,0,0,0,0,0,0,0,0,0,0,0,0,0,0,0,0
8.102193032,-4.320734000000167,2.1310340000000094,2.696116940971606,3.3649999999996183,-0.3929999999998657,0.4014200530688683,3.365000000000001,-0.3929999999999999,0.40142005306880435,4.884032534930064,-0.9230149510176102,0.40142005306880435,4.866062028747616,-0.7215456574959888,-0.8948811074826164,5.6,0.8,-1.0,0.0,0.0,0.0,5.6,2.8,-1.0,0.0,0.0,0.0,5.6,4.8,-1.0,0.0,0.0,0.0,5.6,6.8,-1.0,0.0,0.0,0.0,5.6,0.8,1.0,0.0,0.0,0.0,5.6,2.8,1.0,0.0,0.0,0.0,5.6,4.8,1.0,0.0,0.0,0.0,5.6,6.8,1.0,0.0,0.0,0.0,-1.11,-4.2,-1.0,0.0,0.0,0.0,-1.11,-2.2,-1.0,0.0,0.0,0.0,-1.11,-4.2,1.0,0.0,0.0,0.0,-1.11,-2.2,1.0,0.0,0.0,0.0,9.83,3.6652000000000102,-2.9343999999998895,0.0,1.3199999999997658,-0.7899999999998464,9.83,5.665200000000008,-2.9343999999998895,0.0,1.3199999999997658,-0.7899999999998464,-4.65,1.4915999999996525,-0.6407999999999135,0.0,1.5600000000000058,-0.5300000000000304,-4.65,3.4916000000000245,-0.6407999999999135,0.0,1.5600000000000058,-0.5300000000000304,0,0,0,0,0,0,0,0,0,0,0,0,0,0,0,0,0,0,0,0,0,0,0,0,0,0,0,0,0,0,0,0,0,0,0,0,0,0,0,0,0,0,0,0,0,0,0,0,0,0,0,0,0,0,0,0,0,0,0,0,0,0,0,0,0,0,0,0,0,0,0,0,0,0,0,0,0,0,0,0,0,0,0,0,0,0,0,0,0,0,0,0,0,0,0,0,0,0,0,0,0,0,0,0,0,0,0,0,0,0,0,0,0,0,0,0,0,0,0,0,0,0,0,0,0,0,0,0,0,0,0,0,0,0,0,0,0,0,0,0,0,0,0,0,0,0,0,0,0,0,0,0,0,0,0,0,0,0,0,0,0,0,0,0,0,0,0,0,0,0,0,0,0,0,0,0,0,0,0,0,0,0,0,0,0,0,0,0,0,0,0,0,0,0,0,0,0,0,0,0,0,0,0,0
8.202024259,-4.0483140000001825,2.096374000000021,2.725010545217116,3.4570000000000434,-0.48499999999984666,0.3094200530688873,3.457000000000001,-0.4849999999999999,0.3094200530688044,4.6512376010570575,-1.7960553730050859,-0.2813578757320254,4.86013970007514,-0.7242068862868727,-0.9244276508241176,5.6,0.8,-1.0,0.0,0.0,0.0,5.6,2.8,-1.0,0.0,0.0,0.0,5.6,4.8,-1.0,0.0,0.0,0.0,5.6,6.8,-1.0,0.0,0.0,0.0,5.6,0.8,1.0,0.0,0.0,0.0,5.6,2.8,1.0,0.0,0.0,0.0,5.6,4.8,1.0,0.0,0.0,0.0,5.6,6.8,1.0,0.0,0.0,0.0,-1.11,-4.2,-1.0,0.0,0.0,0.0,-1.11,-2.2,-1.0,0.0,0.0,0.0,-1.11,-4.2,1.0,0.0,0.0,0.0,-1.11,-2.2,1.0,0.0,0.0,0.0,9.83,3.7707999999999915,-2.9975999999998773,0.0,1.3199999999997658,-0.7899999999998464,9.83,5.770799999999989,-2.9975999999998773,0.0,1.3199999999997658,-0.7899999999998464,-4.65,1.616399999999653,-0.683199999999916,0.0,1.5600000000000058,-0.5300000000000304,-4.65,3.616400000000025,-0.683199999999916,0.0,1.5600000000000058,-0.5300000000000304,0,0,0,0,0,0,0,0,0,0,0,0,0,0,0,0,0,0,0,0,0,0,0,0,0,0,0,0,0,0,0,0,0,0,0,0,0,0,0,0,0,0,0,0,0,0,0,0,0,0,0,0,0,0,0,0,0,0,0,0,0,0,0,0,0,0,0,0,0,0,0,0,0,0,0,0,0,0,0,0,0,0,0,0,0,0,0,0,0,0,0,0,0,0,0,0,0,0,0,0,0,0,0,0,0,0,0,0,0,0,0,0,0,0,0,0,0,0,0,0,0,0,0,0,0,0,0,0,0,0,0,0,0,0,0,0,0,0,0,0,0,0,0,0,0,0,0,0,0,0,0,0,0,0,0,0,0,0,0,0,0,0,0,0,0,0,0,0,0,0,0,0,0,0,0,0,0,0,0,0,0,0,0,0,0,0,0,0,0,0,0,0,0,0,0,0,0,0,0,0,0,0,0,0
8.301360038,-3.768874000000176,2.05469400000003,2.746884149462624,3.5370000000001234,-0.5649999999999267,0.2294200530688073,3.5370000000000013,-0.5649999999999998,0.22942005306880436,4.8041371982780365,-1.4899863079631015,0.17498449768542867,4.8544821660826845,-0.7247808582609263,-0.9532552683744906,5.6,0.8,-1.0,0.0,0.0,0.0,5.6,2.8,-1.0,0.0,0.0,0.0,5.6,4.8,-1.0,0.0,0.0,0.0,5.6,6.8,-1.0,0.0,0.0,0.0,5.6,0.8,1.0,0.0,0.0,0.0,5.6,2.8,1.0,0.0,0.0,0.0,5.6,4.8,1.0,0.0,0.0,0.0,5.6,6.8,1.0,0.0,0.0,0.0,-1.11,-4.2,-1.0,0.0,0.0,0.0,-1.11,-2.2,-1.0,0.0,0.0,0.0,-1.11,-4.2,1.0,0.0,0.0,0.0,-1.11,-2.2,1.0,0.0,0.0,0.0,9.83,3.8763999999999728,-3.060799999999865,0.0,1.3199999999997658,-0.7899999999998464,9.83,5.87639999999997,-3.060799999999865,0.0,1.3199999999997658,-0.7899999999998464,-4.65,1.7411999999996535,-0.7255999999999184,0.0,1.5600000000000058,-0.5300000000000304,-4.65,3.7412000000000254,-0.7255999999999184,0.0,1.5600000000000058,-0.5300000000000304,0,0,0,0,0,0,0,0,0,0,0,0,0,0,0,0,0,0,0,0,0,0,0,0,0,0,0,0,0,0,0,0,0,0,0,0,0,0,0,0,0,0,0,0,0,0,0,0,0,0,0,0,0,0,0,0,0,0,0,0,0,0,0,0,0,0,0,0,0,0,0,0,0,0,0,0,0,0,0,0,0,0,0,0,0,0,0,0,0,0,0,0,0,0,0,0,0,0,0,0,0,0,0,0,0,0,0,0,0,0,0,0,0,0,0,0,0,0,0,0,0,0,0,0,0,0,0,0,0,0,0,0,0,0,0,0,0,0,0,0,0,0,0,0,0,0,0,0,0,0,0,0,0,0,0,0,0,0,0,0,0,0,0,0,0,0,0,0,0,0,0,0,0,0,0,0,0,0,0,0,0,0,0,0,0,0,0,0,0,0,0,0,0,0,0,0,0,0,0,0,0,0,0,0
8.401811446,-3.411674000000172,1.994694000000032,2.7663261547694975,3.6369999999998894,-0.6649999999999601,0.12942005306859627,3.6370000000000013,-0.6649999999999998,0.12942005306880436,4.698588144312659,-1.7110638337384425,-0.204152927380151,4.849192474049752,-0.7230900278543628,-0.9810571651217987,5.6,0.8,-1.0,0.0,0.0,0.0,5.6,2.8,-1.0,0.0,0.0,0.0,5.6,4.8,-1.0,0.0,0.0,0.0,5.6,6.8,-1.0,0.0,0.0,0.0,5.6,0.8,1.0,0.0,0.0,0.0,5.6,2.8,1.0,0.0,0.0,0.0,5.6,4.8,1.0,0.0,0.0,0.0,5.6,6.8,1.0,0.0,0.0,0.0,-1.11,-4.2,-1.0,0.0,0.0,0.0,-1.11,-2.2,-1.0,0.0,0.0,0.0,-1.11,-4.2,1.0,0.0,0.0,0.0,-1.11,-2.2,1.0,0.0,0.0,0.0,9.83,4.008399999999949,-3.1397999999998496,0.0,1.3199999999997658,-0.7899999999998464,9.83,6.008399999999947,-3.1397999999998496,0.0,1.3199999999997658,-0.7899999999998464,-4.65,1.897199999999654,-0.7785999999999215,0.0,1.5600000000000058,-0.5300000000000304,-4.65,3.897200000000026,-0.7785999999999215,0.0,1.5600000000000058,-0.5300000000000304,0,0,0,0,0,0,0,0,0,0,0,0,0,0,0,0,0,0,0,0,0,0,0,0,0,0,0,0,0,0,0,0,0,0,0,0,0,0,0,0,0,0,0,0,0,0,0,0,0,0,0,0,0,0,0,0,0,0,0,0,0,0,0,0,0,0,0,0,0,0,0,0,0,0,0,0,0,0,0,0,0,0,0,0,0,0,0,0,0,0,0,0,0,0,0,0,0,0,0,0,0,0,0,0,0,0,0,0,0,0,0,0,0,0,0,0,0,0,0,0,0,0,0,0,0,0,0,0,0,0,0,0,0,0,0,0,0,0,0,0,0,0,0,0,0,0,0,0,0,0,0,0,0,0,0,0,0,0,0,0,0,0,0,0,0,0,0,0,0,0,0,0,0,0,0,0,0,0,0,0,0,0,0,0,0,0,0,0,0,0,0,0,0,0,0,0,0,0,0,0,0,0,0,0
8.502175372,-3.1176900000001684,1.9384700000000357,2.7736557590149915,3.7090000000001853,-0.7369999999999877,0.05742005306874631,3.7090000000000014,-0.7369999999999998,0.057420053068804364,4.660167138453482,-1.851855418878153,-0.4046260670465629,4.844161669556616,-0.7191333768115961,-1.0084368624529816,5.6,0.8,-1.0,0.0,0.0,0.0,5.6,2.8,-1.0,0.0,0.0,0.0,5.6,4.8,-1.0,0.0,0.0,0.0,5.6,6.8,-1.0,0.0,0.0,0.0,5.6,0.8,1.0,0.0,0.0,0.0,5.6,2.8,1.0,0.0,0.0,0.0,5.6,4.8,1.0,0.0,0.0,0.0,5.6,6.8,1.0,0.0,0.0,0.0,-1.11,-4.2,-1.0,0.0,0.0,0.0,-1.11,-2.2,-1.0,0.0,0.0,0.0,-1.11,-4.2,1.0,0.0,0.0,0.0,-1.11,-2.2,1.0,0.0,0.0,0.0,9.83,4.113999999999931,-3.2029999999998373,0.0,1.3199999999997658,-0.7899999999998464,9.83,6.113999999999928,-3.2029999999998373,0.0,1.3199999999997658,-0.7899999999998464,-4.65,2.0219999999996543,-0.8209999999999239,0.0,1.5600000000000058,-0.5300000000000304,-4.65,4.02200000000002,-0.8209999999999239,0.0,1.5599999999995617,-0.5300000000000304,0,0,0,0,0,0,0,0,0,0,0,0,0,0,0,0,0,0,0,0,0,0,0,0,0,0,0,0,0,0,0,0,0,0,0,0,0,0,0,0,0,0,0,0,0,0,0,0,0,0,0,0,0,0,0,0,0,0,0,0,0,0,0,0,0,0,0,0,0,0,0,0,0,0,0,0,0,0,0,0,0,0,0,0,0,0,0,0,0,0,0,0,0,0,0,0,0,0,0,0,0,0,0,0,0,0,0,0,0,0,0,0,0,0,0,0,0,0,0,0,0,0,0,0,0,0,0,0,0,0,0,0,0,0,0,0,0,0,0,0,0,0,0,0,0,0,0,0,0,0,0,0,0,0,0,0,0,0,0,0,0,0,0,0,0,0,0,0,0,0,0,0,0,0,0,0,0,0,0,0,0,0,0,0,0,0,0,0,0,0,0,0,0,0,0,0,0,0,0,0,0,0,0,0
8.60132002,-2.8176940000001633,1.8762340000000377,2.781525363260499,3.7929999999999353,-0.8209999999999607,0.14142005306894134,3.7930000000000015,-0.8209999999999997,0.14142005306880437,4.746796601924528,-1.5463518482421565,0.14999348717745997,4.83992361065238,-0.7131121408127566,-1.0327683756172419,5.6,0.8,-1.0,0.0,0.0,0.0,5.6,2.8,-1.0,0.0,0.0,0.0,5.6,4.8,-1.0,0.0,0.0,0.0,5.6,6.8,-1.0,0.0,0.0,0.0,5.6,0.8,1.0,0.0,0.0,0.0,5.6,2.8,1.0,0.0,0.0,0.0,5.6,4.8,1.0,0.0,0.0,0.0,5.6,6.8,1.0,0.0,0.0,0.0,-1.11,-4.2,-1.0,0.0,0.0,0.0,-1.11,-2.2,-1.0,0.0,0.0,0.0,-1.11,-4.2,1.0,0.0,0.0,0.0,-1.11,-2.2,1.0,0.0,0.0,0.0,9.83,4.219599999999912,-3.266199999999825,0.0,1.3199999999997658,-0.7899999999998464,9.83,6.219599999999909,-3.266199999999825,0.0,1.3199999999997658,-0.7899999999998464,-4.65,2.1467999999996548,-0.8633999999999263,0.0,1.5600000000000058,-0.5300000000000304,-4.65,4.146799999999985,-0.8633999999999263,0.0,1.5599999999995617,-0.5300000000000304,0,0,0,0,0,0,0,0,0,0,0,0,0,0,0,0,0,0,0,0,0,0,0,0,0,0,0,0,0,0,0,0,0,0,0,0,0,0,0,0,0,0,0,0,0,0,0,0,0,0,0,0,0,0,0,0,0,0,0,0,0,0,0,0,0,0,0,0,0,0,0,0,0,0,0,0,0,0,0,0,0,0,0,0,0,0,0,0,0,0,0,0,0,0,0,0,0,0,0,0,0,0,0,0,0,0,0,0,0,0,0,0,0,0,0,0,0,0,0,0,0,0,0,0,0,0,0,0,0,0,0,0,0,0,0,0,0,0,0,0,0,0,0,0,0,0,0,0,0,0,0,0,0,0,0,0,0,0,0,0,0,0,0,0,0,0,0,0,0,0,0,0,0,0,0,0,0,0,0,0,0,0,0,0,0,0,0,0,0,0,0,0,0,0,0,0,0,0,0,0,0,0,0,0
8.700707391,-2.5109540000001567,1.8072540000000388,2.7961389675060064,3.8680000000002055,-0.8960000000000079,0.21642005306876655,3.8680000000000017,-0.8959999999999997,0.21642005306880435,4.890236740324301,-0.9533632705854345,0.34545060548910644,4.8354598879150785,-0.7051811422888272,-1.058795177985112,5.6,0.8,-1.0,0.0,0.0,0.0,5.6,2.8,-1.0,0.0,0.0,0.0,5.6,4.8,-1.0,0.0,0.0,0.0,5.6,6.8,-1.0,0.0,0.0,0.0,5.6,0.8,1.0,0.0,0.0,0.0,5.6,2.8,1.0,0.0,0.0,0.0,5.6,4.8,1.0,0.0,0.0,0.0,5.6,6.8,1.0,0.0,0.0,0.0,-1.11,-4.2,-1.0,0.0,0.0,0.0,-1.11,-2.2,-1.0,0.0,0.0,0.0,-1.11,-4.2,1.0,0.0,0.0,0.0,-1.11,-2.2,1.0,0.0,0.0,0.0,9.83,4.325199999999893,-3.3293999999998127,0.0,1.3199999999997658,-0.7899999999998464,9.83,6.3251999999998905,-3.3293999999998127,0.0,1.3199999999997658,-0.7899999999998464,-4.65,2.2715999999996552,-0.9057999999999288,0.0,1.5600000000000058,-0.5300000000000304,-4.65,4.27159999999995,-0.9057999999999288,0.0,1.5599999999995617,-0.5300000000000304,0,0,0,0,0,0,0,0,0,0,0,0,0,0,0,0,0,0,0,0,0,0,0,0,0,0,0,0,0,0,0,0,0,0,0,0,0,0,0,0,0,0,0,0,0,0,0,0,0,0,0,0,0,0,0,0,0,0,0,0,0,0,0,0,0,0,0,0,0,0,0,0,0,0,0,0,0,0,0,0,0,0,0,0,0,0,0,0,0,0,0,0,0,0,0,0,0,0,0,0,0,0,0,0,0,0,0,0,0,0,0,0,0,0,0,0,0,0,0,0,0,0,0,0,0,0,0,0,0,0,0,0,0,0,0,0,0,0,0,0,0,0,0,0,0,0,0,0,0,0,0,0,0,0,0,0,0,0,0,0,0,0,0,0,0,0,0,0,0,0,0,0,0,0,0,0,0,0,0,0,0,0,0,0,0,0,0,0,0,0,0,0,0,0,0,0,0,0,0,0,0,0,0,0
8.800688609,-2.1986020000001454,1.7326620000000361,2.810540571751513,3.959000000000046,-0.9870000000000712,0.12542005306892534,3.959000000000002,-0.9869999999999997,0.12542005306880435,4.594572828484173,-1.9377450245720678,-0.5465632672611522,4.829427985404078,-0.6931555840874084,-1.0936913047310668,5.6,0.8,-1.0,0.0,0.0,0.0,5.6,2.8,-1.0,0.0,0.0,0.0,5.6,4.8,-1.0,0.0,0.0,0.0,5.6,6.8,-1.0,0.0,0.0,0.0,5.6,0.8,1.0,0.0,0.0,0.0,5.6,2.8,1.0,0.0,0.0,0.0,5.6,4.8,1.0,0.0,0.0,0.0,5.6,6.8,1.0,0.0,0.0,0.0,-1.11,-4.2,-1.0,0.0,0.0,0.0,-1.11,-2.2,-1.0,0.0,0.0,0.0,-1.11,-4.2,1.0,0.0,0.0,0.0,-1.11,-2.2,1.0,0.0,0.0,0.0,9.83,4.430799999999874,-3.3925999999998004,0.0,1.3199999999997658,-0.7899999999998464,9.83,6.430799999999872,-3.3925999999998004,0.0,1.3199999999997658,-0.7899999999998464,-4.65,2.3963999999996557,-0.9481999999999312,0.0,1.5600000000000058,-0.5300000000000304,-4.65,4.396399999999915,-0.9481999999999312,0.0,1.5599999999995617,-0.5300000000000304,0,0,0,0,0,0,0,0,0,0,0,0,0,0,0,0,0,0,0,0,0,0,0,0,0,0,0,0,0,0,0,0,0,0,0,0,0,0,0,0,0,0,0,0,0,0,0,0,0,0,0,0,0,0,0,0,0,0,0,0,0,0,0,0,0,0,0,0,0,0,0,0,0,0,0,0,0,0,0,0,0,0,0,0,0,0,0,0,0,0,0,0,0,0,0,0,0,0,0,0,0,0,0,0,0,0,0,0,0,0,0,0,0,0,0,0,0,0,0,0,0,0,0,0,0,0,0,0,0,0,0,0,0,0,0,0,0,0,0,0,0,0,0,0,0,0,0,0,0,0,0,0,0,0,0,0,0,0,0,0,0,0,0,0,0,0,0,0,0,0,0,0,0,0,0,0,0,0,0,0,0,0,0,0,0,0,0,0,0,0,0,0,0,0,0,0,0,0,0,0,0,0,0,0
8.900964683,-1.8792900000001422,1.6511100000000305,2.81798217599702,4.040000000000043,-1.068000000000069,0.044420053068705556,4.040000000000002,-1.0679999999999996,0.04442005306880435,4.591713106624532,-1.9221445601875393,-0.44347441894199324,4.823513126266003,-0.6779372827123126,-1.1287701986889151,5.6,0.8,-1.0,0.0,0.0,0.0,5.6,2.8,-1.0,0.0,0.0,0.0,5.6,4.8,-1.0,0.0,0.0,0.0,5.6,6.8,-1.0,0.0,0.0,0.0,5.6,0.8,1.0,0.0,0.0,0.0,5.6,2.8,1.0,0.0,0.0,0.0,5.6,4.8,1.0,0.0,0.0,0.0,5.6,6.8,1.0,0.0,0.0,0.0,-1.11,-4.2,-1.0,0.0,0.0,0.0,-1.11,-2.2,-1.0,0.0,0.0,0.0,-1.11,-4.2,1.0,0.0,0.0,0.0,-1.11,-2.2,1.0,0.0,0.0,0.0,9.83,4.536399999999856,-3.455799999999788,0.0,1.3199999999997658,-0.7899999999998464,9.83,6.536399999999853,-3.455799999999788,0.0,1.3199999999997658,-0.7899999999998464,-4.65,2.521199999999656,-0.9905999999999336,0.0,1.5600000000000058,-0.5300000000000304,-4.65,4.5211999999998795,-0.9905999999999336,0.0,1.5599999999995617,-0.5300000000000304,0,0,0,0,0,0,0,0,0,0,0,0,0,0,0,0,0,0,0,0,0,0,0,0,0,0,0,0,0,0,0,0,0,0,0,0,0,0,0,0,0,0,0,0,0,0,0,0,0,0,0,0,0,0,0,0,0,0,0,0,0,0,0,0,0,0,0,0,0,0,0,0,0,0,0,0,0,0,0,0,0,0,0,0,0,0,0,0,0,0,0,0,0,0,0,0,0,0,0,0,0,0,0,0,0,0,0,0,0,0,0,0,0,0,0,0,0,0,0,0,0,0,0,0,0,0,0,0,0,0,0,0,0,0,0,0,0,0,0,0,0,0,0,0,0,0,0,0,0,0,0,0,0,0,0,0,0,0,0,0,0,0,0,0,0,0,0,0,0,0,0,0,0,0,0,0,0,0,0,0,0,0,0,0,0,0,0,0,0,0,0,0,0,0,0,0,0,0,0,0,0,0,0,0
9.002669606,-1.4710720000001432,1.5400920000000289,2.8182061813039083,4.11399999999995,-1.1419999999999764,-0.029579946930979872,4.114000000000002,-1.1419999999999997,-0.029579946931195644,4.409558473072703,-2.1342139158216273,-0.9938298971693851,4.818775470751255,-0.6622767538542509,-1.157925931910281,5.6,0.8,-1.0,0.0,0.0,0.0,5.6,2.8,-1.0,0.0,0.0,0.0,5.6,4.8,-1.0,0.0,0.0,0.0,5.6,6.8,-1.0,0.0,0.0,0.0,5.6,0.8,1.0,0.0,0.0,0.0,5.6,2.8,1.0,0.0,0.0,0.0,5.6,4.8,1.0,0.0,0.0,0.0,5.6,6.8,1.0,0.0,0.0,0.0,-1.11,-4.2,-1.0,0.0,0.0,0.0,-1.11,-2.2,-1.0,0.0,0.0,0.0,-1.11,-4.2,1.0,0.0,0.0,0.0,-1.11,-2.2,1.0,0.0,0.0,0.0,9.83,4.668399999999832,-3.534799999999773,0.0,1.3199999999997658,-0.7899999999998464,9.83,6.66839999999983,-3.534799999999773,0.0,1.3199999999997658,-0.7899999999998464,-4.65,2.6459999999996566,-1.032999999999929,0.0,1.5600000000000058,-0.5299999999999194,-4.65,4.6459999999998445,-1.032999999999929,0.0,1.5599999999995617,-0.5299999999999194,0,0,0,0,0,0,0,0,0,0,0,0,0,0,0,0,0,0,0,0,0,0,0,0,0,0,0,0,0,0,0,0,0,0,0,0,0,0,0,0,0,0,0,0,0,0,0,0,0,0,0,0,0,0,0,0,0,0,0,0,0,0,0,0,0,0,0,0,0,0,0,0,0,0,0,0,0,0,0,0,0,0,0,0,0,0,0,0,0,0,0,0,0,0,0,0,0,0,0,0,0,0,0,0,0,0,0,0,0,0,0,0,0,0,0,0,0,0,0,0,0,0,0,0,0,0,0,0,0,0,0,0,0,0,0,0,0,0,0,0,0,0,0,0,0,0,0,0,0,0,0,0,0,0,0,0,0,0,0,0,0,0,0,0,0,0,0,0,0,0,0,0,0,0,0,0,0,0,0,0,0,0,0,0,0,0,0,0,0,0,0,0,0,0,0,0,0,0,0,0,0,0,0,0
9.101445523,-1.1377670000001416,1.4445470000000253,2.8116547855494245,4.207000000000072,-1.2350000000000971,-0.12257994693110064,4.207000000000002,-1.2349999999999997,-0.12257994693119564,4.621776386789462,-1.901921288951613,-0.5364832855794868,4.813267238032247,-0.6399391600657274,-1.1928689645974515,5.6,0.8,-1.0,0.0,0.0,0.0,5.6,2.8,-1.0,0.0,0.0,0.0,5.6,4.8,-1.0,0.0,0.0,0.0,5.6,6.8,-1.0,0.0,0.0,0.0,5.6,0.8,1.0,0.0,0.0,0.0,5.6,2.8,1.0,0.0,0.0,0.0,5.6,4.8,1.0,0.0,0.0,0.0,5.6,6.8,1.0,0.0,0.0,0.0,-1.11,-4.2,-1.0,0.0,0.0,0.0,-1.11,-2.2,-1.0,0.0,0.0,0.0,-1.11,-4.2,1.0,0.0,0.0,0.0,-1.11,-2.2,1.0,0.0,0.0,0.0,9.83,4.7739999999998135,-3.5979999999997605,0.0,1.3199999999997658,-0.7899999999998464,9.83,6.773999999999811,-3.5979999999997605,0.0,1.3199999999997658,-0.7899999999998464,-4.65,2.801999999999657,-1.085999999999921,0.0,1.5600000000000058,-0.5299999999999194,-4.65,4.801999999999801,-1.085999999999921,0.0,1.5599999999995617,-0.5299999999999194,0,0,0,0,0,0,0,0,0,0,0,0,0,0,0,0,0,0,0,0,0,0,0,0,0,0,0,0,0,0,0,0,0,0,0,0,0,0,0,0,0,0,0,0,0,0,0,0,0,0,0,0,0,0,0,0,0,0,0,0,0,0,0,0,0,0,0,0,0,0,0,0,0,0,0,0,0,0,0,0,0,0,0,0,0,0,0,0,0,0,0,0,0,0,0,0,0,0,0,0,0,0,0,0,0,0,0,0,0,0,0,0,0,0,0,0,0,0,0,0,0,0,0,0,0,0,0,0,0,0,0,0,0,0,0,0,0,0,0,0,0,0,0,0,0,0,0,0,0,0,0,0,0,0,0,0,0,0,0,0,0,0,0,0,0,0,0,0,0,0,0,0,0,0,0,0,0,0,0,0,0,0,0,0,0,0,0,0,0,0,0,0,0,0,0,0,0,0,0,0,0,0,0,0
9.200736288,-0.7974270000001404,1.3495270000000184,2.8056283897949372,4.276999999999974,-1.1650000000000826,-0.05257994693108614,4.277000000000002,-1.1649999999999996,-0.05257994693119564,4.9676575397902925,-0.49709569735640713,0.2852813658551998,4.808829904280106,-0.6176979477507628,-1.2221310064988462,5.6,0.8,-1.0,0.0,0.0,0.0,5.6,2.8,-1.0,0.0,0.0,0.0,5.6,4.8,-1.0,0.0,0.0,0.0,5.6,6.8,-1.0,0.0,0.0,0.0,5.6,0.8,1.0,0.0,0.0,0.0,5.6,2.8,1.0,0.0,0.0,0.0,5.6,4.8,1.0,0.0,0.0,0.0,5.6,6.8,1.0,0.0,0.0,0.0,-1.11,-4.2,-1.0,0.0,0.0,0.0,-1.11,-2.2,-1.0,0.0,0.0,0.0,-1.11,-4.2,1.0,0.0,0.0,0.0,-1.11,-2.2,1.0,0.0,0.0,0.0,9.83,4.879599999999795,-3.661199999999748,0.0,1.3199999999997658,-0.7899999999998464,9.83,6.879599999999792,-3.661199999999748,0.0,1.3199999999997658,-0.7899999999998464,-4.65,2.9267999999996577,-1.1283999999999146,0.0,1.5600000000000058,-0.5299999999999194,-4.65,4.926799999999766,-1.1283999999999146,0.0,1.5599999999995617,-0.5299999999999194,0,0,0,0,0,0,0,0,0,0,0,0,0,0,0,0,0,0,0,0,0,0,0,0,0,0,0,0,0,0,0,0,0,0,0,0,0,0,0,0,0,0,0,0,0,0,0,0,0,0,0,0,0,0,0,0,0,0,0,0,0,0,0,0,0,0,0,0,0,0,0,0,0,0,0,0,0,0,0,0,0,0,0,0,0,0,0,0,0,0,0,0,0,0,0,0,0,0,0,0,0,0,0,0,0,0,0,0,0,0,0,0,0,0,0,0,0,0,0,0,0,0,0,0,0,0,0,0,0,0,0,0,0,0,0,0,0,0,0,0,0,0,0,0,0,0,0,0,0,0,0,0,0,0,0,0,0,0,0,0,0,0,0,0,0,0,0,0,0,0,0,0,0,0,0,0,0,0,0,0,0,0,0,0,0,0,0,0,0,0,0,0,0,0,0,0,0,0,0,0,0,0,0,0
9.301145585,-0.4515070000001409,1.252567000000019,2.805181994040443,4.371000000000015,-1.258999999999899,0.04142005306873031,4.371000000000002,-1.2589999999999997,0.04142005306880436,4.814491904800867,-1.391441293627416,0.052681643922381394,4.802137272188406,-0.5928339678932467,-1.2601688401047069,5.6,0.8,-1.0,0.0,0.0,0.0,5.6,2.8,-1.0,0.0,0.0,0.0,5.6,4.8,-1.0,0.0,0.0,0.0,5.6,6.8,-1.0,0.0,0.0,0.0,5.6,0.8,1.0,0.0,0.0,0.0,5.6,2.8,1.0,0.0,0.0,0.0,5.6,4.8,1.0,0.0,0.0,0.0,5.6,6.8,1.0,0.0,0.0,0.0,-1.11,-4.2,-1.0,0.0,0.0,0.0,-1.11,-2.2,-1.0,0.0,0.0,0.0,-1.11,-4.2,1.0,0.0,0.0,0.0,-1.11,-2.2,1.0,0.0,0.0,0.0,9.83,4.985199999999776,-3.724399999999736,0.0,1.3199999999997658,-0.7899999999998464,9.83,6.985199999999773,-3.724399999999736,0.0,1.3199999999997658,-0.7899999999998464,-4.65,3.051599999999658,-1.1707999999999081,0.0,1.5600000000000058,-0.5299999999999194,-4.65,5.0515999999997305,-1.1707999999999081,0.0,1.5599999999995617,-0.5299999999999194,0,0,0,0,0,0,0,0,0,0,0,0,0,0,0,0,0,0,0,0,0,0,0,0,0,0,0,0,0,0,0,0,0,0,0,0,0,0,0,0,0,0,0,0,0,0,0,0,0,0,0,0,0,0,0,0,0,0,0,0,0,0,0,0,0,0,0,0,0,0,0,0,0,0,0,0,0,0,0,0,0,0,0,0,0,0,0,0,0,0,0,0,0,0,0,0,0,0,0,0,0,0,0,0,0,0,0,0,0,0,0,0,0,0,0,0,0,0,0,0,0,0,0,0,0,0,0,0,0,0,0,0,0,0,0,0,0,0,0,0,0,0,0,0,0,0,0,0,0,0,0,0,0,0,0,0,0,0,0,0,0,0,0,0,0,0,0,0,0,0,0,0,0,0,0,0,0,0,0,0,0,0,0,0,0,0,0,0,0,0,0,0,0,0,0,0,0,0,0,0,0,0,0,0
9.402664595,-0.009763000000140493,1.130924940914419,2.8139679993473177,4.457000000000002,-1.1801492423260118,0.1274200530687608,4.4570000000000025,-1.1801492423260176,0.12742005306880436,4.865010242176195,-1.1801492423260176,0.18949909802742448,4.793018684066917,-0.5610740420989851,-1.3084983047249799,5.6,0.8,-1.0,0.0,0.0,0.0,5.6,2.8,-1.0,0.0,0.0,0.0,5.6,4.8,-1.0,0.0,0.0,0.0,5.6,6.8,-1.0,0.0,0.0,0.0,5.6,0.8,1.0,0.0,0.0,0.0,5.6,2.8,1.0,0.0,0.0,0.0,5.6,4.8,1.0,0.0,0.0,0.0,5.6,6.8,1.0,0.0,0.0,0.0,-1.11,-4.2,-1.0,0.0,0.0,0.0,-1.11,-2.2,-1.0,0.0,0.0,0.0,-1.11,-4.2,1.0,0.0,0.0,0.0,-1.11,-2.2,1.0,0.0,0.0,0.0,9.83,5.117199999999753,-3.8033999999997206,0.0,1.3199999999997658,-0.7899999999998464,9.83,7.11719999999975,-3.8033999999997206,0.0,1.3199999999997658,-0.7899999999998464,-4.65,3.2075999999996587,-1.2237999999999,0.0,1.5600000000000058,-0.5299999999999194,-4.65,5.207599999999687,-1.2237999999999,0.0,1.5599999999995617,-0.5299999999999194,0,0,0,0,0,0,0,0,0,0,0,0,0,0,0,0,0,0,0,0,0,0,0,0,0,0,0,0,0,0,0,0,0,0,0,0,0,0,0,0,0,0,0,0,0,0,0,0,0,0,0,0,0,0,0,0,0,0,0,0,0,0,0,0,0,0,0,0,0,0,0,0,0,0,0,0,0,0,0,0,0,0,0,0,0,0,0,0,0,0,0,0,0,0,0,0,0,0,0,0,0,0,0,0,0,0,0,0,0,0,0,0,0,0,0,0,0,0,0,0,0,0,0,0,0,0,0,0,0,0,0,0,0,0,0,0,0,0,0,0,0,0,0,0,0,0,0,0,0,0,0,0,0,0,0,0,0,0,0,0,0,0,0,0,0,0,0,0,0,0,0,0,0,0,0,0,0,0,0,0,0,0,0,0,0,0,0,0,0,0,0,0,0,0,0,0,0,0,0,0,0,0,0,0
9.502738556,0.25851489346263395,1.057491986374861,2.818989202531446,4.483809170711698,-1.2621492423259273,0.045420053068845334,4.483809170711695,-1.2621492423260177,0.04542005306880435,4.483809170711695,-1.9744037473637759,-0.9818043864679811,4.782689245087569,-0.5344614456162465,-1.3565524494369872,5.6,0.8,-1.0,0.0,0.0,0.0,5.6,2.8,-1.0,0.0,0.0,0.0,5.6,4.8,-1.0,0.0,0.0,0.0,5.6,6.8,-1.0,0.0,0.0,0.0,5.6,0.8,1.0,0.0,0.0,0.0,5.6,2.8,1.0,0.0,0.0,0.0,5.6,4.8,1.0,0.0,0.0,0.0,5.6,6.8,1.0,0.0,0.0,0.0,-1.11,-4.2,-1.0,0.0,0.0,0.0,-1.11,-2.2,-1.0,0.0,0.0,0.0,-1.11,-4.2,1.0,0.0,0.0,0.0,-1.11,-2.2,1.0,0.0,0.0,0.0,9.83,5.196399999999739,-3.8507999999997113,0.0,1.3199999999997658,-0.7899999999998464,9.83,7.196399999999736,-3.8507999999997113,0.0,1.3199999999997658,-0.7899999999998464,-4.65,3.301199999999659,-1.2555999999998952,0.0,1.5600000000000058,-0.5299999999999194,-4.65,5.30119999999966,-1.2555999999998952,0.0,1.5599999999995617,-0.5299999999999194,0,0,0,0,0,0,0,0,0,0,0,0,0,0,0,0,0,0,0,0,0,0,0,0,0,0,0,0,0,0,0,0,0,0,0,0,0,0,0,0,0,0,0,0,0,0,0,0,0,0,0,0,0,0,0,0,0,0,0,0,0,0,0,0,0,0,0,0,0,0,0,0,0,0,0,0,0,0,0,0,0,0,0,0,0,0,0,0,0,0,0,0,0,0,0,0,0,0,0,0,0,0,0,0,0,0,0,0,0,0,0,0,0,0,0,0,0,0,0,0,0,0,0,0,0,0,0,0,0,0,0,0,0,0,0,0,0,0,0,0,0,0,0,0,0,0,0,0,0,0,0,0,0,0,0,0,0,0,0,0,0,0,0,0,0,0,0,0,0,0,0,0,0,0,0,0,0,0,0,0,0,0,0,0,0,0,0,0,0,0,0,0,0,0,0,0,0,0,0,0,0,0,0,0
9.601940265,0.6199496271195686,0.9537900469887822,2.819892806776945,4.561809170711696,-1.3401492423260606,-0.032579946931399206,4.561809170711696,-1.3401492423260177,-0.03257994693119565,4.757858384909693,-1.5196182521273003,-0.11675326051992974,4.771840444218162,-0.5037123874789842,-1.4056360146296885,5.6,0.8,-1.0,0.0,0.0,0.0,5.6,2.8,-1.0,0.0,0.0,0.0,5.6,4.8,-1.0,0.0,0.0,0.0,5.6,6.8,-1.0,0.0,0.0,0.0,5.6,0.8,1.0,0.0,0.0,0.0,5.6,2.8,1.0,0.0,0.0,0.0,5.6,4.8,1.0,0.0,0.0,0.0,5.6,6.8,1.0,0.0,0.0,0.0,-1.11,-4.2,-1.0,0.0,0.0,0.0,-1.11,-2.2,-1.0,0.0,0.0,0.0,-1.11,-4.2,1.0,0.0,0.0,0.0,-1.11,-2.2,1.0,0.0,0.0,0.0,9.83,5.30199999999972,-3.913999999999699,0.0,1.3199999999997658,-0.7899999999998464,9.83,7.301999999999717,-3.913999999999699,0.0,1.3199999999997658,-0.7899999999998464,-4.65,3.4259999999996595,-1.2979999999998888,0.0,1.5600000000000058,-0.5299999999999194,-4.65,5.425999999999658,-1.2979999999998888,0.0,1.5600000000000058,-0.5299999999999194,0,0,0,0,0,0,0,0,0,0,0,0,0,0,0,0,0,0,0,0,0,0,0,0,0,0,0,0,0,0,0,0,0,0,0,0,0,0,0,0,0,0,0,0,0,0,0,0,0,0,0,0,0,0,0,0,0,0,0,0,0,0,0,0,0,0,0,0,0,0,0,0,0,0,0,0,0,0,0,0,0,0,0,0,0,0,0,0,0,0,0,0,0,0,0,0,0,0,0,0,0,0,0,0,0,0,0,0,0,0,0,0,0,0,0,0,0,0,0,0,0,0,0,0,0,0,0,0,0,0,0,0,0,0,0,0,0,0,0,0,0,0,0,0,0,0,0,0,0,0,0,0,0,0,0,0,0,0,0,0,0,0,0,0,0,0,0,0,0,0,0,0,0,0,0,0,0,0,0,0,0,0,0,0,0,0,0,0,0,0,0,0,0,0,0,0,0,0,0,0,0,0,0,0
9.70194942,1.080295544190738,0.8156101227561761,2.8124698120838105,4.646809170711697,-1.4251492423260625,-0.11757994693128992,4.646809170711696,-1.4251492423260177,-0.11757994693119565,4.763484183127195,-1.5916518935929904,-0.4047507066473326,4.596698067039295,-0.4494654935377217,-1.4092626090194214,5.6,0.8,-1.0,0.0,0.0,0.0,5.6,2.8,-1.0,0.0,0.0,0.0,5.6,4.8,-1.0,0.0,0.0,0.0,5.6,6.8,-1.0,0.0,0.0,0.0,5.6,0.8,1.0,0.0,0.0,0.0,5.6,2.8,1.0,0.0,0.0,0.0,5.6,4.8,1.0,0.0,0.0,0.0,5.6,6.8,1.0,0.0,0.0,0.0,-1.11,-4.2,-1.0,0.0,0.0,0.0,-1.11,-2.2,-1.0,0.0,0.0,0.0,-1.11,-4.2,1.0,0.0,0.0,0.0,-1.11,-2.2,1.0,0.0,0.0,0.0,9.83,5.433999999999696,-3.9929999999996837,0.0,1.3199999999997658,-0.7899999999998464,9.83,7.433999999999694,-3.9929999999996837,0.0,1.3199999999997658,-0.7899999999998464,-4.65,3.58199999999966,-1.3509999999998807,0.0,1.5600000000000058,-0.5299999999999194,-4.65,5.581999999999659,-1.3509999999998807,0.0,1.5600000000000058,-0.5299999999999194,0,0,0,0,0,0,0,0,0,0,0,0,0,0,0,0,0,0,0,0,0,0,0,0,0,0,0,0,0,0,0,0,0,0,0,0,0,0,0,0,0,0,0,0,0,0,0,0,0,0,0,0,0,0,0,0,0,0,0,0,0,0,0,0,0,0,0,0,0,0,0,0,0,0,0,0,0,0,0,0,0,0,0,0,0,0,0,0,0,0,0,0,0,0,0,0,0,0,0,0,0,0,0,0,0,0,0,0,0,0,0,0,0,0,0,0,0,0,0,0,0,0,0,0,0,0,0,0,0,0,0,0,0,0,0,0,0,0,0,0,0,0,0,0,0,0,0,0,0,0,0,0,0,0,0,0,0,0,0,0,0,0,0,0,0,0,0,0,0,0,0,0,0,0,0,0,0,0,0,0,0,0,0,0,0,0,0,0,0,0,0,0,0,0,0,0,0,0,0,0,0,0,0,0
9.802274471,1.4554982778476762,0.7050561833700935,2.806521416329318,4.737809170711759,-1.3341492423259993,-0.026579946931004628,4.737809170711696,-1.3341492423260177,-0.026579946931195655,4.789027326459454,-0.5302879604517536,0.1554598318213909,4.383179876587888,-0.384290098879708,-1.404294836917539,5.6,0.8,-1.0,0.0,0.0,0.0,5.6,2.8,-1.0,0.0,0.0,0.0,5.6,4.8,-1.0,0.0,0.0,0.0,5.6,6.8,-1.0,0.0,0.0,0.0,5.6,0.8,1.0,0.0,0.0,0.0,5.6,2.8,1.0,0.0,0.0,0.0,5.6,4.8,1.0,0.0,0.0,0.0,5.6,6.8,1.0,0.0,0.0,0.0,-1.11,-4.2,-1.0,0.0,0.0,0.0,-1.11,-2.2,-1.0,0.0,0.0,0.0,-1.11,-4.2,1.0,0.0,0.0,0.0,-1.11,-2.2,1.0,0.0,0.0,0.0,9.83,5.539599999999678,-4.056199999999703,0.0,1.3199999999997658,-0.7900000000002905,9.83,7.539599999999675,-4.056199999999703,0.0,1.3199999999997658,-0.7900000000002905,-4.65,3.7067999999996606,-1.3933999999998743,0.0,1.5600000000000058,-0.5299999999999194,-4.65,5.737999999999659,-1.4039999999998727,0.0,1.5600000000000058,-0.5299999999999194,0,0,0,0,0,0,0,0,0,0,0,0,0,0,0,0,0,0,0,0,0,0,0,0,0,0,0,0,0,0,0,0,0,0,0,0,0,0,0,0,0,0,0,0,0,0,0,0,0,0,0,0,0,0,0,0,0,0,0,0,0,0,0,0,0,0,0,0,0,0,0,0,0,0,0,0,0,0,0,0,0,0,0,0,0,0,0,0,0,0,0,0,0,0,0,0,0,0,0,0,0,0,0,0,0,0,0,0,0,0,0,0,0,0,0,0,0,0,0,0,0,0,0,0,0,0,0,0,0,0,0,0,0,0,0,0,0,0,0,0,0,0,0,0,0,0,0,0,0,0,0,0,0,0,0,0,0,0,0,0,0,0,0,0,0,0,0,0,0,0,0,0,0,0,0,0,0,0,0,0,0,0,0,0,0,0,0,0,0,0,0,0,0,0,0,0,0,0,0,0,0,0,0,0
9.902046772,1.831535011504615,0.6013122439840115,2.8036239761794346,4.654809170711704,-1.2511492423260548,-0.04799784680331598,4.654809170711696,-1.2511492423260178,-0.04799784680329999,4.465854030304016,-1.057181126251034,-0.04799784680329999,4.194077009759418,-0.33051462918666774,-1.4028221390402975,5.6,0.8,-1.0,0.0,0.0,0.0,5.6,2.8,-1.0,0.0,0.0,0.0,5.6,4.8,-1.0,0.0,0.0,0.0,5.6,6.8,-1.0,0.0,0.0,0.0,5.6,0.8,1.0,0.0,0.0,0.0,5.6,2.8,1.0,0.0,0.0,0.0,5.6,4.8,1.0,0.0,0.0,0.0,5.6,6.8,1.0,0.0,0.0,0.0,-1.11,-4.2,-1.0,0.0,0.0,0.0,-1.11,-2.2,-1.0,0.0,0.0,0.0,-1.11,-4.2,1.0,0.0,0.0,0.0,-1.11,-2.2,1.0,0.0,0.0,0.0,9.83,5.645199999999659,-4.119399999999726,0.0,1.3199999999997658,-0.7900000000002905,9.83,7.645199999999656,-4.119399999999726,0.0,1.3199999999997658,-0.7900000000002905,-4.65,3.831599999999661,-1.4357999999998678,0.0,1.5600000000000058,-0.5299999999999194,-4.65,5.83159999999966,-1.4357999999998678,0.0,1.5600000000000058,-0.5299999999999194,0,0,0,0,0,0,0,0,0,0,0,0,0,0,0,0,0,0,0,0,0,0,0,0,0,0,0,0,0,0,0,0,0,0,0,0,0,0,0,0,0,0,0,0,0,0,0,0,0,0,0,0,0,0,0,0,0,0,0,0,0,0,0,0,0,0,0,0,0,0,0,0,0,0,0,0,0,0,0,0,0,0,0,0,0,0,0,0,0,0,0,0,0,0,0,0,0,0,0,0,0,0,0,0,0,0,0,0,0,0,0,0,0,0,0,0,0,0,0,0,0,0,0,0,0,0,0,0,0,0,0,0,0,0,0,0,0,0,0,0,0,0,0,0,0,0,0,0,0,0,0,0,0,0,0,0,0,0,0,0,0,0,0,0,0,0,0,0,0,0,0,0,0,0,0,0,0,0,0,0,0,0,0,0,0,0,0,0,0,0,0,0,0,0,0,0,0,0,0,0,0,0,0,0
10.001513782,2.2926809285757908,0.4770582827464104,2.7944891914991086,4.569809170711814,-1.234267614973028,-0.1329978468032067,4.569809170711696,-1.2342676149730378,-0.1329978468033,4.1230549086400705,-1.2342676149730378,-0.3766668355957723,3.9911363108334585,-0.27563313714548465,-1.400852031153651,5.6,0.8,-1.0,0.0,0.0,0.0,5.6,2.8,-1.0,0.0,0.0,0.0,5.6,4.8,-1.0,0.0,0.0,0.0,5.6,6.8,-1.0,0.0,0.0,0.0,5.6,0.8,1.0,0.0,0.0,0.0,5.6,2.8,1.0,0.0,0.0,0.0,5.6,4.8,1.0,0.0,0.0,0.0,5.6,6.8,1.0,0.0,0.0,0.0,-1.11,-4.2,-1.0,0.0,0.0,0.0,-1.11,-2.2,-1.0,0.0,0.0,0.0,-1.11,-4.2,1.0,0.0,0.0,0.0,-1.11,-2.2,1.0,0.0,0.0,0.0,9.83,5.7771999999996355,-4.198399999999755,0.0,1.3199999999997658,-0.7900000000002905,9.83,7.777199999999633,-4.198399999999755,0.0,1.3199999999997658,-0.7900000000002905,-4.65,3.9875999999996616,-1.4887999999998598,0.0,1.5600000000000058,-0.5299999999999194,-4.65,5.98759999999966,-1.4887999999998598,0.0,1.5600000000000058,-0.5299999999999194,0,0,0,0,0,0,0,0,0,0,0,0,0,0,0,0,0,0,0,0,0,0,0,0,0,0,0,0,0,0,0,0,0,0,0,0,0,0,0,0,0,0,0,0,0,0,0,0,0,0,0,0,0,0,0,0,0,0,0,0,0,0,0,0,0,0,0,0,0,0,0,0,0,0,0,0,0,0,0,0,0,0,0,0,0,0,0,0,0,0,0,0,0,0,0,0,0,0,0,0,0,0,0,0,0,0,0,0,0,0,0,0,0,0,0,0,0,0,0,0,0,0,0,0,0,0,0,0,0,0,0,0,0,0,0,0,0,0,0,0,0,0,0,0,0,0,0,0,0,0,0,0,0,0,0,0,0,0,0,0,0,0,0,0,0,0,0,0,0,0,0,0,0,0,0,0,0,0,0,0,0,0,0,0,0,0,0,0,0,0,0,0,0,0,0,0,0,0,0,0,0,0,0,0
10.100609631,2.654787662232726,0.37483887354856876,2.7803713637548424,4.475809170711554,-1.3282676149730113,-0.22699784680346724,4.475809170711695,-1.328267614973038,-0.2269978468033,3.9178736166566286,-1.5251330876736628,-0.8299694733875325,3.7911253049549956,-0.22163916348410057,-1.3954246252143525,5.6,0.8,-1.0,0.0,0.0,0.0,5.6,2.8,-1.0,0.0,0.0,0.0,5.6,4.8,-1.0,0.0,0.0,0.0,5.6,6.8,-1.0,0.0,0.0,0.0,5.6,0.8,1.0,0.0,0.0,0.0,5.6,2.8,1.0,0.0,0.0,0.0,5.6,4.8,1.0,0.0,0.0,0.0,5.6,6.8,1.0,0.0,0.0,0.0,-1.11,-4.2,-1.0,0.0,0.0,0.0,-1.11,-2.2,-1.0,0.0,0.0,0.0,-1.11,-4.2,1.0,0.0,0.0,0.0,-1.11,-2.2,1.0,0.0,0.0,0.0,9.83,5.882799999999617,-4.2615999999997785,0.0,1.3199999999997658,-0.7900000000002905,9.83,7.882799999999614,-4.2615999999997785,0.0,1.3199999999997658,-0.7900000000002905,-4.65,4.11239999999963,-1.5311999999998533,0.0,1.5599999999995617,-0.5299999999999194,-4.65,6.112399999999629,-1.5311999999998533,0.0,1.5599999999995617,-0.5299999999999194,0,0,0,0,0,0,0,0,0,0,0,0,0,0,0,0,0,0,0,0,0,0,0,0,0,0,0,0,0,0,0,0,0,0,0,0,0,0,0,0,0,0,0,0,0,0,0,0,0,0,0,0,0,0,0,0,0,0,0,0,0,0,0,0,0,0,0,0,0,0,0,0,0,0,0,0,0,0,0,0,0,0,0,0,0,0,0,0,0,0,0,0,0,0,0,0,0,0,0,0,0,0,0,0,0,0,0,0,0,0,0,0,0,0,0,0,0,0,0,0,0,0,0,0,0,0,0,0,0,0,0,0,0,0,0,0,0,0,0,0,0,0,0,0,0,0,0,0,0,0,0,0,0,0,0,0,0,0,0,0,0,0,0,0,0,0,0,0,0,0,0,0,0,0,0,0,0,0,0,0,0,0,0,0,0,0,0,0,0,0,0,0,0,0,0,0,0,0,0,0,0,0,0,0
10.200447005,3.098056579303888,0.24435256137586137,2.7533595790745022,4.387809170711688,-1.2805033430425272,-0.3149978468033332,4.387809170711695,-1.280503343042537,-0.3149978468033,3.80082717474005,-1.280503343042537,-0.6815440525450165,3.5875657946401174,-0.16218235208979717,-1.3858727227881553,5.6,0.8,-1.0,0.0,0.0,0.0,5.6,2.8,-1.0,0.0,0.0,0.0,5.6,4.8,-1.0,0.0,0.0,0.0,5.6,6.8,-1.0,0.0,0.0,0.0,5.6,0.8,1.0,0.0,0.0,0.0,5.6,2.8,1.0,0.0,0.0,0.0,5.6,4.8,1.0,0.0,0.0,0.0,5.6,6.8,1.0,0.0,0.0,0.0,-1.11,-4.2,-1.0,0.0,0.0,0.0,-1.11,-2.2,-1.0,0.0,0.0,0.0,-1.11,-4.2,1.0,0.0,0.0,0.0,-1.11,-2.2,1.0,0.0,0.0,0.0,9.83,6.014799999999593,-4.3405999999998075,0.0,1.3199999999997658,-0.7900000000002905,9.83,8.01479999999959,-4.3405999999998075,0.0,1.3199999999997658,-0.7900000000002905,-4.65,4.268399999999586,-1.5841999999998453,0.0,1.5599999999995617,-0.5299999999999194,-4.65,6.268399999999585,-1.5841999999998453,0.0,1.5599999999995617,-0.5299999999999194,0,0,0,0,0,0,0,0,0,0,0,0,0,0,0,0,0,0,0,0,0,0,0,0,0,0,0,0,0,0,0,0,0,0,0,0,0,0,0,0,0,0,0,0,0,0,0,0,0,0,0,0,0,0,0,0,0,0,0,0,0,0,0,0,0,0,0,0,0,0,0,0,0,0,0,0,0,0,0,0,0,0,0,0,0,0,0,0,0,0,0,0,0,0,0,0,0,0,0,0,0,0,0,0,0,0,0,0,0,0,0,0,0,0,0,0,0,0,0,0,0,0,0,0,0,0,0,0,0,0,0,0,0,0,0,0,0,0,0,0,0,0,0,0,0,0,0,0,0,0,0,0,0,0,0,0,0,0,0,0,0,0,0,0,0,0,0,0,0,0,0,0,0,0,0,0,0,0,0,0,0,0,0,0,0,0,0,0,0,0,0,0,0,0,0,0,0,0,0,0,0,0,0,0
10.300540553,3.4452633129608206,0.14573029393245918,2.731235011173776,4.304809170711633,-1.1975033430425273,-0.24814437194375927,4.304809170711695,-1.197503343042537,-0.24814437194396755,3.779793982798084,-0.7498241935809489,-0.24814437194396755,3.4027307094702275,-0.10811564391446289,-1.3732348692648721,5.6,0.8,-1.0,0.0,0.0,0.0,5.6,2.8,-1.0,0.0,0.0,0.0,5.6,4.8,-1.0,0.0,0.0,0.0,5.6,6.8,-1.0,0.0,0.0,0.0,5.6,0.8,1.0,0.0,0.0,0.0,5.6,2.8,1.0,0.0,0.0,0.0,5.6,4.8,1.0,0.0,0.0,0.0,5.6,6.8,1.0,0.0,0.0,0.0,-1.11,-4.2,-1.0,0.0,0.0,0.0,-1.11,-2.2,-1.0,0.0,0.0,0.0,-1.11,-4.2,1.0,0.0,0.0,0.0,-1.11,-2.2,1.0,0.0,0.0,0.0,9.83,6.120399999999575,-4.403799999999831,0.0,1.3199999999997658,-0.7900000000002905,9.83,8.120399999999572,-4.403799999999831,0.0,1.3199999999997658,-0.7900000000002905,-4.65,4.393199999999551,-1.6265999999998388,0.0,1.5599999999995617,-0.5299999999999194,-4.65,6.39319999999955,-1.6265999999998388,0.0,1.5599999999995617,-0.5299999999999194,0,0,0,0,0,0,0,0,0,0,0,0,0,0,0,0,0,0,0,0,0,0,0,0,0,0,0,0,0,0,0,0,0,0,0,0,0,0,0,0,0,0,0,0,0,0,0,0,0,0,0,0,0,0,0,0,0,0,0,0,0,0,0,0,0,0,0,0,0,0,0,0,0,0,0,0,0,0,0,0,0,0,0,0,0,0,0,0,0,0,0,0,0,0,0,0,0,0,0,0,0,0,0,0,0,0,0,0,0,0,0,0,0,0,0,0,0,0,0,0,0,0,0,0,0,0,0,0,0,0,0,0,0,0,0,0,0,0,0,0,0,0,0,0,0,0,0,0,0,0,0,0,0,0,0,0,0,0,0,0,0,0,0,0,0,0,0,0,0,0,0,0,0,0,0,0,0,0,0,0,0,0,0,0,0,0,0,0,0,0,0,0,0,0,0,0,0,0,0,0,0,0,0,0
10.401137829,3.7863420466177615,0.053236026489056246,2.714478452311257,4.217809170711905,-1.1105033430425377,-0.1666972431810798,4.217809170711695,-1.110503343042537,-0.1666972431811775,3.638454539897351,-0.4067213552213511,-0.1666972431811775,3.204186587617492,-0.05250759013450651,-1.361399051263844,5.6,0.8,-1.0,0.0,0.0,0.0,5.6,2.8,-1.0,0.0,0.0,0.0,5.6,4.8,-1.0,0.0,0.0,0.0,5.6,6.8,-1.0,0.0,0.0,0.0,5.6,0.8,1.0,0.0,0.0,0.0,5.6,2.8,1.0,0.0,0.0,0.0,5.6,4.8,1.0,0.0,0.0,0.0,5.6,6.8,1.0,0.0,0.0,0.0,-1.11,-4.2,-1.0,0.0,0.0,0.0,-1.11,-2.2,-1.0,0.0,0.0,0.0,-1.11,-4.2,1.0,0.0,0.0,0.0,-1.11,-2.2,1.0,0.0,0.0,0.0,9.83,6.225999999999556,-4.466999999999854,0.0,1.3199999999997658,-0.7900000000002905,9.83,8.225999999999553,-4.466999999999854,0.0,1.3199999999997658,-0.7900000000002905,-4.65,4.517999999999516,-1.6689999999998324,0.0,1.5599999999995617,-0.5299999999999194,-4.65,6.517999999999515,-1.6689999999998324,0.0,1.5599999999995617,-0.5299999999999194,0,0,0,0,0,0,0,0,0,0,0,0,0,0,0,0,0,0,0,0,0,0,0,0,0,0,0,0,0,0,0,0,0,0,0,0,0,0,0,0,0,0,0,0,0,0,0,0,0,0,0,0,0,0,0,0,0,0,0,0,0,0,0,0,0,0,0,0,0,0,0,0,0,0,0,0,0,0,0,0,0,0,0,0,0,0,0,0,0,0,0,0,0,0,0,0,0,0,0,0,0,0,0,0,0,0,0,0,0,0,0,0,0,0,0,0,0,0,0,0,0,0,0,0,0,0,0,0,0,0,0,0,0,0,0,0,0,0,0,0,0,0,0,0,0,0,0,0,0,0,0,0,0,0,0,0,0,0,0,0,0,0,0,0,0,0,0,0,0,0,0,0,0,0,0,0,0,0,0,0,0,0,0,0,0,0,0,0,0,0,0,0,0,0,0,0,0,0,0,0,0,0,0,0
10.502090788,4.203802963688923,-0.05349430781519752,2.693488727993142,4.127809170711316,-1.0205033430425379,-0.25669724318122533,4.1278091707116955,-1.020503343042537,-0.2566972431811775,3.463362077117936,-0.6595382777565506,-0.4823531080656407,3.024581697862237,-0.004963198055198641,-1.3539886299135975,5.6,0.8,-1.0,0.0,0.0,0.0,5.6,2.8,-1.0,0.0,0.0,0.0,5.6,4.8,-1.0,0.0,0.0,0.0,5.6,6.8,-1.0,0.0,0.0,0.0,5.6,0.8,1.0,0.0,0.0,0.0,5.6,2.8,1.0,0.0,0.0,0.0,5.6,4.8,1.0,0.0,0.0,0.0,5.6,6.8,1.0,0.0,0.0,0.0,-1.11,-4.2,-1.0,0.0,0.0,0.0,-1.11,-2.2,-1.0,0.0,0.0,0.0,-1.11,-4.2,1.0,0.0,0.0,0.0,-1.11,-2.2,1.0,0.0,0.0,0.0,9.83,6.3579999999995325,-4.545999999999883,0.0,1.3199999999997658,-0.7900000000002905,9.83,8.331599999999534,-4.530199999999877,0.0,1.3199999999997658,-0.7900000000002905,-4.65,4.673999999999472,-1.7219999999998243,0.0,1.5599999999995617,-0.5299999999999194,-4.65,6.673999999999471,-1.7219999999998243,0.0,1.5599999999995617,-0.5299999999999194,0,0,0,0,0,0,0,0,0,0,0,0,0,0,0,0,0,0,0,0,0,0,0,0,0,0,0,0,0,0,0,0,0,0,0,0,0,0,0,0,0,0,0,0,0,0,0,0,0,0,0,0,0,0,0,0,0,0,0,0,0,0,0,0,0,0,0,0,0,0,0,0,0,0,0,0,0,0,0,0,0,0,0,0,0,0,0,0,0,0,0,0,0,0,0,0,0,0,0,0,0,0,0,0,0,0,0,0,0,0,0,0,0,0,0,0,0,0,0,0,0,0,0,0,0,0,0,0,0,0,0,0,0,0,0,0,0,0,0,0,0,0,0,0,0,0,0,0,0,0,0,0,0,0,0,0,0,0,0,0,0,0,0,0,0,0,0,0,0,0,0,0,0,0,0,0,0,0,0,0,0,0,0,0,0,0,0,0,0,0,0,0,0,0,0,0,0,0,0,0,0,0,0,0
10.60068701,4.530331697345859,-0.13143857525860062,2.669256948538655,4.043809170712009,-0.936503343042544,-0.3406972431809763,4.043809170711696,-0.936503343042537,-0.3406972431811775,3.1991000026864365,-0.41824102573606403,-0.4127262956799238,2.8465429035216467,0.039461445695630426,-1.3434936484568059,5.6,0.8,-1.0,0.0,0.0,0.0,5.6,2.8,-1.0,0.0,0.0,0.0,5.6,4.8,-1.0,0.0,0.0,0.0,5.6,6.8,-1.0,0.0,0.0,0.0,5.6,0.8,1.0,0.0,0.0,0.0,5.6,2.8,1.0,0.0,0.0,0.0,5.6,4.8,1.0,0.0,0.0,0.0,5.6,6.8,1.0,0.0,0.0,0.0,-1.11,-4.2,-1.0,0.0,0.0,0.0,-1.11,-2.2,-1.0,0.0,0.0,0.0,-1.11,-4.2,1.0,0.0,0.0,0.0,-1.11,-2.2,1.0,0.0,0.0,0.0,9.83,6.463599999999514,-4.609199999999906,0.0,1.3199999999997658,-0.7900000000002905,9.83,8.463599999999511,-4.609199999999906,0.0,1.3199999999997658,-0.7900000000002905,-4.65,4.798799999999437,-1.764399999999818,0.0,1.5599999999995617,-0.5299999999999194,-4.65,6.798799999999436,-1.764399999999818,0.0,1.5599999999995617,-0.5299999999999194,0,0,0,0,0,0,0,0,0,0,0,0,0,0,0,0,0,0,0,0,0,0,0,0,0,0,0,0,0,0,0,0,0,0,0,0,0,0,0,0,0,0,0,0,0,0,0,0,0,0,0,0,0,0,0,0,0,0,0,0,0,0,0,0,0,0,0,0,0,0,0,0,0,0,0,0,0,0,0,0,0,0,0,0,0,0,0,0,0,0,0,0,0,0,0,0,0,0,0,0,0,0,0,0,0,0,0,0,0,0,0,0,0,0,0,0,0,0,0,0,0,0,0,0,0,0,0,0,0,0,0,0,0,0,0,0,0,0,0,0,0,0,0,0,0,0,0,0,0,0,0,0,0,0,0,0,0,0,0,0,0,0,0,0,0,0,0,0,0,0,0,0,0,0,0,0,0,0,0,0,0,0,0,0,0,0,0,0,0,0,0,0,0,0,0,0,0,0,0,0,0,0,0,0
10.701227331,4.929728614417059,-0.2201049095628547,2.630203224220557,3.9548091707120037,-0.8475033430425383,-0.429697243180982,3.954809170711696,-0.847503343042537,-0.4296972431811775,2.98713825219242,-0.8140456385997998,-0.5721151086090281,2.6635860849859543,0.08221958462576417,-1.3286257133180437,5.6,0.8,-1.0,0.0,0.0,0.0,5.6,2.8,-1.0,0.0,0.0,0.0,5.6,4.8,-1.0,0.0,0.0,0.0,5.6,6.8,-1.0,0.0,0.0,0.0,5.6,0.8,1.0,0.0,0.0,0.0,5.6,2.8,1.0,0.0,0.0,0.0,5.6,4.8,1.0,0.0,0.0,0.0,5.6,6.8,1.0,0.0,0.0,0.0,-1.11,-4.2,-1.0,0.0,0.0,0.0,-1.11,-2.2,-1.0,0.0,0.0,0.0,-1.11,-4.2,1.0,0.0,0.0,0.0,-1.11,-2.2,1.0,0.0,0.0,0.0,9.83,6.59559999999949,-4.688199999999935,0.0,1.3199999999997658,-0.7900000000002905,9.83,8.595599999999488,-4.688199999999935,0.0,1.3199999999997658,-0.7900000000002905,-4.65,4.954799999999393,-1.8173999999998098,0.0,1.5599999999995617,-0.5299999999999194,-4.65,6.954799999999392,-1.8173999999998098,0.0,1.5599999999995617,-0.5299999999999194,0,0,0,0,0,0,0,0,0,0,0,0,0,0,0,0,0,0,0,0,0,0,0,0,0,0,0,0,0,0,0,0,0,0,0,0,0,0,0,0,0,0,0,0,0,0,0,0,0,0,0,0,0,0,0,0,0,0,0,0,0,0,0,0,0,0,0,0,0,0,0,0,0,0,0,0,0,0,0,0,0,0,0,0,0,0,0,0,0,0,0,0,0,0,0,0,0,0,0,0,0,0,0,0,0,0,0,0,0,0,0,0,0,0,0,0,0,0,0,0,0,0,0,0,0,0,0,0,0,0,0,0,0,0,0,0,0,0,0,0,0,0,0,0,0,0,0,0,0,0,0,0,0,0,0,0,0,0,0,0,0,0,0,0,0,0,0,0,0,0,0,0,0,0,0,0,0,0,0,0,0,0,0,0,0,0,0,0,0,0,0,0,0,0,0,0,0,0,0,0,0,0,0,0
10.801088801,5.242065348074001,-0.28385717700625734,2.5917794447660794,3.8628091707115786,-0.7555033430425295,-0.521697243180963,3.862809170711696,-0.7555033430425371,-0.5216972431811775,2.8155390040076513,-0.3466864880002696,-0.9543662327811342,2.4798419644015026,0.12184390158402288,-1.3090122507057451,5.6,0.8,-1.0,0.0,0.0,0.0,5.6,2.8,-1.0,0.0,0.0,0.0,5.6,4.8,-1.0,0.0,0.0,0.0,5.6,6.8,-1.0,0.0,0.0,0.0,5.6,0.8,1.0,0.0,0.0,0.0,5.6,2.8,1.0,0.0,0.0,0.0,5.6,4.8,1.0,0.0,0.0,0.0,5.6,6.8,1.0,0.0,0.0,0.0,-1.11,-4.2,-1.0,0.0,0.0,0.0,-1.11,-2.2,-1.0,0.0,0.0,0.0,-1.11,-4.2,1.0,0.0,0.0,0.0,-1.11,-2.2,1.0,0.0,0.0,0.0,9.83,6.701199999999472,-4.7513999999999585,0.0,1.3199999999997658,-0.7900000000002905,9.83,8.701199999999469,-4.7513999999999585,0.0,1.3199999999997658,-0.7900000000002905,-4.65,5.079599999999358,-1.8597999999998034,0.0,1.5599999999995617,-0.5299999999999194,-4.65,7.079599999999357,-1.8597999999998034,0.0,1.5599999999995617,-0.5299999999999194,0,0,0,0,0,0,0,0,0,0,0,0,0,0,0,0,0,0,0,0,0,0,0,0,0,0,0,0,0,0,0,0,0,0,0,0,0,0,0,0,0,0,0,0,0,0,0,0,0,0,0,0,0,0,0,0,0,0,0,0,0,0,0,0,0,0,0,0,0,0,0,0,0,0,0,0,0,0,0,0,0,0,0,0,0,0,0,0,0,0,0,0,0,0,0,0,0,0,0,0,0,0,0,0,0,0,0,0,0,0,0,0,0,0,0,0,0,0,0,0,0,0,0,0,0,0,0,0,0,0,0,0,0,0,0,0,0,0,0,0,0,0,0,0,0,0,0,0,0,0,0,0,0,0,0,0,0,0,0,0,0,0,0,0,0,0,0,0,0,0,0,0,0,0,0,0,0,0,0,0,0,0,0,0,0,0,0,0,0,0,0,0,0,0,0,0,0,0,0,0,0,0,0,0
10.901017326,5.623646265145168,-0.35470751131051115,2.53490972044797,3.768809170711762,-0.6615033430425467,-0.6156972431812235,3.768809170711696,-0.6615033430425371,-0.6156972431811775,2.572010833161821,-0.2103798676501838,-1.0525648941325456,2.2998032379634124,0.15739290703550052,-1.2851714288978298,5.6,0.8,-1.0,0.0,0.0,0.0,5.6,2.8,-1.0,0.0,0.0,0.0,5.6,4.8,-1.0,0.0,0.0,0.0,5.6,6.8,-1.0,0.0,0.0,0.0,5.6,0.8,1.0,0.0,0.0,0.0,5.6,2.8,1.0,0.0,0.0,0.0,5.6,4.8,1.0,0.0,0.0,0.0,5.6,6.8,1.0,0.0,0.0,0.0,-1.11,-4.2,-1.0,0.0,0.0,0.0,-1.11,-2.2,-1.0,0.0,0.0,0.0,-1.11,-4.2,1.0,0.0,0.0,0.0,-1.11,-2.2,1.0,0.0,0.0,0.0,9.83,6.833199999999448,-4.830399999999988,0.0,1.3199999999997658,-0.7900000000002905,9.83,8.833199999999445,-4.830399999999988,0.0,1.3199999999997658,-0.7900000000002905,-4.65,5.235599999999314,-1.9127999999997953,0.0,1.5599999999995617,-0.5299999999999194,-4.65,7.235599999999313,-1.9127999999997953,0.0,1.5599999999995617,-0.5299999999999194,0,0,0,0,0,0,0,0,0,0,0,0,0,0,0,0,0,0,0,0,0,0,0,0,0,0,0,0,0,0,0,0,0,0,0,0,0,0,0,0,0,0,0,0,0,0,0,0,0,0,0,0,0,0,0,0,0,0,0,0,0,0,0,0,0,0,0,0,0,0,0,0,0,0,0,0,0,0,0,0,0,0,0,0,0,0,0,0,0,0,0,0,0,0,0,0,0,0,0,0,0,0,0,0,0,0,0,0,0,0,0,0,0,0,0,0,0,0,0,0,0,0,0,0,0,0,0,0,0,0,0,0,0,0,0,0,0,0,0,0,0,0,0,0,0,0,0,0,0,0,0,0,0,0,0,0,0,0,0,0,0,0,0,0,0,0,0,0,0,0,0,0,0,0,0,0,0,0,0,0,0,0,0,0,0,0,0,0,0,0,0,0,0,0,0,0,0,0,0,0,0,0,0,0
11.004000089,5.921454998802115,-0.4039317787539135,2.4819579409934778,3.680809170711896,-0.573503343042514,-0.7036972431810895,3.680809170711696,-0.5735033430425371,-0.7036972431811774,2.2998032379634124,0.15739290703550052,-1.2851714288978298,2.127928720696028,0.1878850091439363,-1.2575509043330855,5.6,0.8,-1.0,0.0,0.0,0.0,5.6,2.8,-1.0,0.0,0.0,0.0,5.6,4.8,-1.0,0.0,0.0,0.0,5.6,6.8,-1.0,0.0,0.0,0.0,5.6,0.8,1.0,0.0,0.0,0.0,5.6,2.8,1.0,0.0,0.0,0.0,5.6,4.8,1.0,0.0,0.0,0.0,5.6,6.8,1.0,0.0,0.0,0.0,-1.11,-4.2,-1.0,0.0,0.0,0.0,-1.11,-2.2,-1.0,0.0,0.0,0.0,-1.11,-4.2,1.0,0.0,0.0,0.0,-1.11,-2.2,1.0,0.0,0.0,0.0,9.83,6.965199999999425,-4.909400000000017,0.0,1.3199999999997658,-0.7900000000002905,9.83,8.938799999999427,-4.893600000000011,0.0,1.3199999999997658,-0.7900000000002905,-4.65,5.360399999999279,-1.9551999999997889,0.0,1.5599999999995617,-0.5299999999999194,-4.65,7.391599999999269,-1.9657999999997873,0.0,1.5599999999995617,-0.5299999999999194,0,0,0,0,0,0,0,0,0,0,0,0,0,0,0,0,0,0,0,0,0,0,0,0,0,0,0,0,0,0,0,0,0,0,0,0,0,0,0,0,0,0,0,0,0,0,0,0,0,0,0,0,0,0,0,0,0,0,0,0,0,0,0,0,0,0,0,0,0,0,0,0,0,0,0,0,0,0,0,0,0,0,0,0,0,0,0,0,0,0,0,0,0,0,0,0,0,0,0,0,0,0,0,0,0,0,0,0,0,0,0,0,0,0,0,0,0,0,0,0,0,0,0,0,0,0,0,0,0,0,0,0,0,0,0,0,0,0,0,0,0,0,0,0,0,0,0,0,0,0,0,0,0,0,0,0,0,0,0,0,0,0,0,0,0,0,0,0,0,0,0,0,0,0,0,0,0,0,0,0,0,0,0,0,0,0,0,0,0,0,0,0,0,0,0,0,0,0,0,0,0,0,0,0
11.101364767,6.285321915873288,-0.45706811305816547,2.4073742166753718,3.5828091707115206,-0.47550334304252717,-0.801697243181021,3.582809170711696,-0.47550334304253716,-0.8016972431811774,2.127928720696028,0.1878850091439363,-1.2575509043330855,1.9656563171847048,0.21343595623780703,-1.226905025633117,5.6,0.8,-1.0,0.0,0.0,0.0,5.6,2.8,-1.0,0.0,0.0,0.0,5.6,4.8,-1.0,0.0,0.0,0.0,5.6,6.8,-1.0,0.0,0.0,0.0,5.6,0.8,1.0,0.0,0.0,0.0,5.6,2.8,1.0,0.0,0.0,0.0,5.6,4.8,1.0,0.0,0.0,0.0,5.6,6.8,1.0,0.0,0.0,0.0,-1.11,-4.2,-1.0,0.0,0.0,0.0,-1.11,-2.2,-1.0,0.0,0.0,0.0,-1.11,-4.2,1.0,0.0,0.0,0.0,-1.11,-2.2,1.0,0.0,0.0,0.0,9.83,7.070799999999406,-4.97260000000004,0.0,1.3199999999997658,-0.7900000000002905,9.83,9.044399999999408,-4.956800000000034,0.0,1.3199999999997658,-0.7900000000002905,-4.65,5.485199999999244,-1.9975999999997824,0.0,1.5599999999995617,-0.5299999999999194,-4.65,7.485199999999243,-1.9975999999997824,0.0,1.5599999999995617,-0.5299999999999194,0,0,0,0,0,0,0,0,0,0,0,0,0,0,0,0,0,0,0,0,0,0,0,0,0,0,0,0,0,0,0,0,0,0,0,0,0,0,0,0,0,0,0,0,0,0,0,0,0,0,0,0,0,0,0,0,0,0,0,0,0,0,0,0,0,0,0,0,0,0,0,0,0,0,0,0,0,0,0,0,0,0,0,0,0,0,0,0,0,0,0,0,0,0,0,0,0,0,0,0,0,0,0,0,0,0,0,0,0,0,0,0,0,0,0,0,0,0,0,0,0,0,0,0,0,0,0,0,0,0,0,0,0,0,0,0,0,0,0,0,0,0,0,0,0,0,0,0,0,0,0,0,0,0,0,0,0,0,0,0,0,0,0,0,0,0,0,0,0,0,0,0,0,0,0,0,0,0,0,0,0,0,0,0,0,0,0,0,0,0,0,0,0,0,0,0,0,0,0,0,0,0,0,0
11.201417175,6.568436649530199,-0.4915983805015691,2.339728437220879,3.504809170711276,-0.3975033430425601,-0.8796972431812655,3.504809170711696,-0.39750334304253715,-0.8796972431811774,1.9656563171847048,0.21343595623780703,-1.226905025633117,1.812602677429462,0.23442909831711434,-1.193617142797923,5.6,0.8,-1.0,0.0,0.0,0.0,5.6,2.8,-1.0,0.0,0.0,0.0,5.6,4.8,-1.0,0.0,0.0,0.0,5.6,6.8,-1.0,0.0,0.0,0.0,5.6,0.8,1.0,0.0,0.0,0.0,5.6,2.8,1.0,0.0,0.0,0.0,5.6,4.8,1.0,0.0,0.0,0.0,5.6,6.8,1.0,0.0,0.0,0.0,-1.11,-4.2,-1.0,0.0,0.0,0.0,-1.11,-2.2,-1.0,0.0,0.0,0.0,-1.11,-4.2,1.0,0.0,0.0,0.0,-1.11,-2.2,1.0,0.0,0.0,0.0,9.83,7.176399999999387,-5.035800000000063,0.0,1.3199999999997658,-0.7900000000002905,9.83,9.176399999999385,-5.035800000000063,0.0,1.3199999999997658,-0.7900000000002905,-4.65,5.6411999999992,-2.0505999999997746,0.0,1.5599999999995617,-0.5299999999999194,-4.65,7.641199999999199,-2.0505999999997746,0.0,1.5599999999995617,-0.5299999999999194,0,0,0,0,0,0,0,0,0,0,0,0,0,0,0,0,0,0,0,0,0,0,0,0,0,0,0,0,0,0,0,0,0,0,0,0,0,0,0,0,0,0,0,0,0,0,0,0,0,0,0,0,0,0,0,0,0,0,0,0,0,0,0,0,0,0,0,0,0,0,0,0,0,0,0,0,0,0,0,0,0,0,0,0,0,0,0,0,0,0,0,0,0,0,0,0,0,0,0,0,0,0,0,0,0,0,0,0,0,0,0,0,0,0,0,0,0,0,0,0,0,0,0,0,0,0,0,0,0,0,0,0,0,0,0,0,0,0,0,0,0,0,0,0,0,0,0,0,0,0,0,0,0,0,0,0,0,0,0,0,0,0,0,0,0,0,0,0,0,0,0,0,0,0,0,0,0,0,0,0,0,0,0,0,0,0,0,0,0,0,0,0,0,0,0,0,0,0,0,0,0,0,0,0
11.303144302,6.913912566601359,-0.5263437148058216,2.2467537129027613,3.413809170711879,-0.3065033430424968,-0.9706972431811067,3.413809170711696,-0.3065033430425371,-0.9706972431811773,1.812602677429462,0.23442909831711434,-1.193617142797923,1.6544475147474533,0.25275549875402936,-1.1544695168547674,5.6,0.8,-1.0,0.0,0.0,0.0,5.6,2.8,-1.0,0.0,0.0,0.0,5.6,4.8,-1.0,0.0,0.0,0.0,5.6,6.8,-1.0,0.0,0.0,0.0,5.6,0.8,1.0,0.0,0.0,0.0,5.6,2.8,1.0,0.0,0.0,0.0,5.6,4.8,1.0,0.0,0.0,0.0,5.6,6.8,1.0,0.0,0.0,0.0,-1.11,-4.2,-1.0,0.0,0.0,0.0,-1.11,-2.2,-1.0,0.0,0.0,0.0,-1.11,-4.2,1.0,0.0,0.0,0.0,-1.11,-2.2,1.0,0.0,0.0,0.0,9.83,7.308399999999364,-5.114800000000092,0.0,1.3199999999997658,-0.7900000000002905,9.83,9.308399999999361,-5.114800000000092,0.0,1.3199999999997658,-0.7900000000002905,-4.65,5.797199999999156,-2.1035999999997665,0.0,1.5599999999995617,-0.5299999999999194,-4.65,7.7971999999991555,-2.1035999999997665,0.0,1.5599999999995617,-0.5299999999999194,0,0,0,0,0,0,0,0,0,0,0,0,0,0,0,0,0,0,0,0,0,0,0,0,0,0,0,0,0,0,0,0,0,0,0,0,0,0,0,0,0,0,0,0,0,0,0,0,0,0,0,0,0,0,0,0,0,0,0,0,0,0,0,0,0,0,0,0,0,0,0,0,0,0,0,0,0,0,0,0,0,0,0,0,0,0,0,0,0,0,0,0,0,0,0,0,0,0,0,0,0,0,0,0,0,0,0,0,0,0,0,0,0,0,0,0,0,0,0,0,0,0,0,0,0,0,0,0,0,0,0,0,0,0,0,0,0,0,0,0,0,0,0,0,0,0,0,0,0,0,0,0,0,0,0,0,0,0,0,0,0,0,0,0,0,0,0,0,0,0,0,0,0,0,0,0,0,0,0,0,0,0,0,0,0,0,0,0,0,0,0,0,0,0,0,0,0,0,0,0,0,0,0,0
11.401050975,7.184217300258316,-0.5480639822492217,2.166297933448267,3.313809170712112,-0.20650334304250784,-1.0706972431813178,3.313809170711696,-0.20650334304253712,-1.0706972431811774,1.6544475147474533,0.25275549875402936,-1.1544695168547674,1.4986641974800659,0.2671564008624633,-1.110757792290026,5.6,0.8,-1.0,0.0,0.0,0.0,5.6,2.8,-1.0,0.0,0.0,0.0,5.6,4.8,-1.0,0.0,0.0,0.0,5.6,6.8,-1.0,0.0,0.0,0.0,5.6,0.8,1.0,0.0,0.0,0.0,5.6,2.8,1.0,0.0,0.0,0.0,5.6,4.8,1.0,0.0,0.0,0.0,5.6,6.8,1.0,0.0,0.0,0.0,-1.11,-4.2,-1.0,0.0,0.0,0.0,-1.11,-2.2,-1.0,0.0,0.0,0.0,-1.11,-4.2,1.0,0.0,0.0,0.0,-1.11,-2.2,1.0,0.0,0.0,0.0,9.83,7.413999999999345,-5.178000000000115,0.0,1.3199999999997658,-0.7900000000002905,9.83,9.413999999999342,-5.178000000000115,0.0,1.3199999999997658,-0.7900000000002905,-4.65,5.921999999999121,-2.14599999999976,0.0,1.5599999999995617,-0.5299999999999194,-4.65,7.92199999999912,-2.14599999999976,0.0,1.5599999999995617,-0.5299999999999194,0,0,0,0,0,0,0,0,0,0,0,0,0,0,0,0,0,0,0,0,0,0,0,0,0,0,0,0,0,0,0,0,0,0,0,0,0,0,0,0,0,0,0,0,0,0,0,0,0,0,0,0,0,0,0,0,0,0,0,0,0,0,0,0,0,0,0,0,0,0,0,0,0,0,0,0,0,0,0,0,0,0,0,0,0,0,0,0,0,0,0,0,0,0,0,0,0,0,0,0,0,0,0,0,0,0,0,0,0,0,0,0,0,0,0,0,0,0,0,0,0,0,0,0,0,0,0,0,0,0,0,0,0,0,0,0,0,0,0,0,0,0,0,0,0,0,0,0,0,0,0,0,0,0,0,0,0,0,0,0,0,0,0,0,0,0,0,0,0,0,0,0,0,0,0,0,0,0,0,0,0,0,0,0,0,0,0,0,0,0,0,0,0,0,0,0,0,0,0,0,0,0,0,0
11.500605011,7.446658033915274,-0.5619202496926238,2.079159913676741,3.241809170711818,-0.13450334304254685,-1.1107577922899736,3.241809170711696,-0.13450334304253714,-1.110757792290026,1.4986641974800659,0.2671564008624633,-1.110757792290026,1.351556593968736,0.2775425479563335,-1.064947113590051,5.6,0.8,-1.0,0.0,0.0,0.0,5.6,2.8,-1.0,0.0,0.0,0.0,5.6,4.8,-1.0,0.0,0.0,0.0,5.6,6.8,-1.0,0.0,0.0,0.0,5.6,0.8,1.0,0.0,0.0,0.0,5.6,2.8,1.0,0.0,0.0,0.0,5.6,4.8,1.0,0.0,0.0,0.0,5.6,6.8,1.0,0.0,0.0,0.0,-1.11,-4.2,-1.0,0.0,0.0,0.0,-1.11,-2.2,-1.0,0.0,0.0,0.0,-1.11,-4.2,1.0,0.0,0.0,0.0,-1.11,-2.2,1.0,0.0,0.0,0.0,9.83,7.519599999999326,-5.241200000000139,0.0,1.3199999999997658,-0.7900000000002905,9.83,9.519599999999324,-5.241200000000139,0.0,1.3199999999997658,-0.7900000000002905,-4.65,6.046799999999086,-2.1883999999997537,0.0,1.5599999999995617,-0.5299999999999194,-4.65,8.046799999999086,-2.1883999999997537,0.0,1.5599999999995617,-0.5299999999999194,0,0,0,0,0,0,0,0,0,0,0,0,0,0,0,0,0,0,0,0,0,0,0,0,0,0,0,0,0,0,0,0,0,0,0,0,0,0,0,0,0,0,0,0,0,0,0,0,0,0,0,0,0,0,0,0,0,0,0,0,0,0,0,0,0,0,0,0,0,0,0,0,0,0,0,0,0,0,0,0,0,0,0,0,0,0,0,0,0,0,0,0,0,0,0,0,0,0,0,0,0,0,0,0,0,0,0,0,0,0,0,0,0,0,0,0,0,0,0,0,0,0,0,0,0,0,0,0,0,0,0,0,0,0,0,0,0,0,0,0,0,0,0,0,0,0,0,0,0,0,0,0,0,0,0,0,0,0,0,0,0,0,0,0,0,0,0,0,0,0,0,0,0,0,0,0,0,0,0,0,0,0,0,0,0,0,0,0,0,0,0,0,0,0,0,0,0,0,0,0,0,0,0,0
11.602030861,7.703392767572228,-0.5700705171360257,1.991673610654539,3.1548091707120918,-0.0475033430424876,-1.064947113589998,3.1548091707116956,-0.047503343042537144,-1.064947113590051,1.351556593968736,0.2775425479563335,-1.064947113590051,1.2150766087988383,0.2835156883641203,-1.018475558784861,5.6,0.8,-1.0,0.0,0.0,0.0,5.6,2.8,-1.0,0.0,0.0,0.0,5.6,4.8,-1.0,0.0,0.0,0.0,5.6,6.8,-1.0,0.0,0.0,0.0,5.6,0.8,1.0,0.0,0.0,0.0,5.6,2.8,1.0,0.0,0.0,0.0,5.6,4.8,1.0,0.0,0.0,0.0,5.6,6.8,1.0,0.0,0.0,0.0,-1.11,-4.2,-1.0,0.0,0.0,0.0,-1.11,-2.2,-1.0,0.0,0.0,0.0,-1.11,-4.2,1.0,0.0,0.0,0.0,-1.11,-2.2,1.0,0.0,0.0,0.0,9.83,7.625199999999308,-5.304400000000162,0.0,1.3199999999997658,-0.7900000000002905,9.83,9.625199999999305,-5.304400000000162,0.0,1.3199999999997658,-0.7900000000002905,-4.65,6.171599999999051,-2.230799999999747,0.0,1.5599999999995617,-0.5299999999999194,-4.65,8.171599999999051,-2.230799999999747,0.0,1.5599999999995617,-0.5299999999999194,0,0,0,0,0,0,0,0,0,0,0,0,0,0,0,0,0,0,0,0,0,0,0,0,0,0,0,0,0,0,0,0,0,0,0,0,0,0,0,0,0,0,0,0,0,0,0,0,0,0,0,0,0,0,0,0,0,0,0,0,0,0,0,0,0,0,0,0,0,0,0,0,0,0,0,0,0,0,0,0,0,0,0,0,0,0,0,0,0,0,0,0,0,0,0,0,0,0,0,0,0,0,0,0,0,0,0,0,0,0,0,0,0,0,0,0,0,0,0,0,0,0,0,0,0,0,0,0,0,0,0,0,0,0,0,0,0,0,0,0,0,0,0,0,0,0,0,0,0,0,0,0,0,0,0,0,0,0,0,0,0,0,0,0,0,0,0,0,0,0,0,0,0,0,0,0,0,0,0,0,0,0,0,0,0,0,0,0,0,0,0,0,0,0,0,0,0,0,0,0,0,0,0,0
11.700755399,7.953236501229192,-0.571329784579425,1.908011402875914,3.077809170711987,0.02949665695750614,-1.0184755587847594,3.0778091707116957,0.029496656957462855,-1.018475558784861,1.2150766087988383,0.2835156883641203,-1.018475558784861,1.0882120129622268,0.28594008414977456,-0.9755520984017465,5.6,0.8,-1.0,0.0,0.0,0.0,5.6,2.8,-1.0,0.0,0.0,0.0,5.6,4.8,-1.0,0.0,0.0,0.0,5.6,6.8,-1.0,0.0,0.0,0.0,5.6,0.8,1.0,0.0,0.0,0.0,5.6,2.8,1.0,0.0,0.0,0.0,5.6,4.8,1.0,0.0,0.0,0.0,5.6,6.8,1.0,0.0,0.0,0.0,-1.11,-4.2,-1.0,0.0,0.0,0.0,-1.11,-2.2,-1.0,0.0,0.0,0.0,-1.11,-4.2,1.0,0.0,0.0,0.0,-1.11,-2.2,1.0,0.0,0.0,0.0,9.83,7.730799999999289,-5.367600000000185,0.0,1.3199999999997658,-0.7900000000002905,9.83,9.730799999999286,-5.367600000000185,0.0,1.3199999999997658,-0.7900000000002905,-4.65,6.296399999999016,-2.2731999999997408,0.0,1.5599999999995617,-0.5299999999999194,-4.65,8.296399999999016,-2.2731999999997408,0.0,1.5599999999995617,-0.5299999999999194,0,0,0,0,0,0,0,0,0,0,0,0,0,0,0,0,0,0,0,0,0,0,0,0,0,0,0,0,0,0,0,0,0,0,0,0,0,0,0,0,0,0,0,0,0,0,0,0,0,0,0,0,0,0,0,0,0,0,0,0,0,0,0,0,0,0,0,0,0,0,0,0,0,0,0,0,0,0,0,0,0,0,0,0,0,0,0,0,0,0,0,0,0,0,0,0,0,0,0,0,0,0,0,0,0,0,0,0,0,0,0,0,0,0,0,0,0,0,0,0,0,0,0,0,0,0,0,0,0,0,0,0,0,0,0,0,0,0,0,0,0,0,0,0,0,0,0,0,0,0,0,0,0,0,0,0,0,0,0,0,0,0,0,0,0,0,0,0,0,0,0,0,0,0,0,0,0,0,0,0,0,0,0,0,0,0,0,0,0,0,0,0,0,0,0,0,0,0,0,0,0,0,0,0
11.800594458,8.196341234886098,-0.5658500520228253,1.8285936842715138,3.012809170710895,0.09449665695748788,-0.9755520984018329,3.0128091707116957,0.09449665695746286,-0.9755520984017465,1.0882120129622268,0.28594008414977456,-0.9755520984017465,0.9819223255807934,0.2851756874207862,-0.9403163742388989,5.6,0.8,-1.0,0.0,0.0,0.0,5.6,2.8,-1.0,0.0,0.0,0.0,5.6,4.8,-1.0,0.0,0.0,0.0,5.6,6.8,-1.0,0.0,0.0,0.0,5.6,0.8,1.0,0.0,0.0,0.0,5.6,2.8,1.0,0.0,0.0,0.0,5.6,4.8,1.0,0.0,0.0,0.0,5.6,6.8,1.0,0.0,0.0,0.0,-1.11,-4.2,-1.0,0.0,0.0,0.0,-1.11,-2.2,-1.0,0.0,0.0,0.0,-1.11,-4.2,1.0,0.0,0.0,0.0,-1.11,-2.2,1.0,0.0,0.0,0.0,9.83,7.83639999999927,-5.430800000000208,0.0,1.3199999999997658,-0.7900000000002905,9.83,9.836399999999268,-5.430800000000208,0.0,1.3199999999997658,-0.7900000000002905,-4.65,6.421199999998981,-2.3155999999997343,0.0,1.5599999999995617,-0.5299999999999194,-4.65,8.421199999998981,-2.3155999999997343,0.0,1.5599999999995617,-0.5299999999999194,0,0,0,0,0,0,0,0,0,0,0,0,0,0,0,0,0,0,0,0,0,0,0,0,0,0,0,0,0,0,0,0,0,0,0,0,0,0,0,0,0,0,0,0,0,0,0,0,0,0,0,0,0,0,0,0,0,0,0,0,0,0,0,0,0,0,0,0,0,0,0,0,0,0,0,0,0,0,0,0,0,0,0,0,0,0,0,0,0,0,0,0,0,0,0,0,0,0,0,0,0,0,0,0,0,0,0,0,0,0,0,0,0,0,0,0,0,0,0,0,0,0,0,0,0,0,0,0,0,0,0,0,0,0,0,0,0,0,0,0,0,0,0,0,0,0,0,0,0,0,0,0,0,0,0,0,0,0,0,0,0,0,0,0,0,0,0,0,0,0,0,0,0,0,0,0,0,0,0,0,0,0,0,0,0,0,0,0,0,0,0,0,0,0,0,0,0,0,0,0,0,0,0,0
11.90170464,8.492402151957283,-0.551180386327081,1.7330821464327766,2.922809170712526,0.18449665695741135,-0.9403163742389697,2.922809170711696,0.18449665695746287,-0.9403163742388989,0.9819223255807934,0.2851756874207862,-0.9403163742388989,0.852118031240221,0.2813658311716141,-0.8982002325121266,5.6,0.8,-1.0,0.0,0.0,0.0,5.6,2.8,-1.0,0.0,0.0,0.0,5.6,4.8,-1.0,0.0,0.0,0.0,5.6,6.8,-1.0,0.0,0.0,0.0,5.6,0.8,1.0,0.0,0.0,0.0,5.6,2.8,1.0,0.0,0.0,0.0,5.6,4.8,1.0,0.0,0.0,0.0,5.6,6.8,1.0,0.0,0.0,0.0,-1.11,-4.2,-1.0,0.0,0.0,0.0,-1.11,-2.2,-1.0,0.0,0.0,0.0,-1.11,-4.2,1.0,0.0,0.0,0.0,-1.11,-2.2,1.0,0.0,0.0,0.0,9.83,7.941999999999251,-5.494000000000232,0.0,1.3199999999997658,-0.7900000000002905,9.83,9.968399999999244,-5.509800000000237,0.0,1.3199999999997658,-0.7900000000002905,-4.65,6.545999999998946,-2.357999999999728,0.0,1.5599999999995617,-0.5299999999999194,-4.65,8.545999999998946,-2.357999999999728,0.0,1.5599999999995617,-0.5299999999999194,0,0,0,0,0,0,0,0,0,0,0,0,0,0,0,0,0,0,0,0,0,0,0,0,0,0,0,0,0,0,0,0,0,0,0,0,0,0,0,0,0,0,0,0,0,0,0,0,0,0,0,0,0,0,0,0,0,0,0,0,0,0,0,0,0,0,0,0,0,0,0,0,0,0,0,0,0,0,0,0,0,0,0,0,0,0,0,0,0,0,0,0,0,0,0,0,0,0,0,0,0,0,0,0,0,0,0,0,0,0,0,0,0,0,0,0,0,0,0,0,0,0,0,0,0,0,0,0,0,0,0,0,0,0,0,0,0,0,0,0,0,0,0,0,0,0,0,0,0,0,0,0,0,0,0,0,0,0,0,0,0,0,0,0,0,0,0,0,0,0,0,0,0,0,0,0,0,0,0,0,0,0,0,0,0,0,0,0,0,0,0,0,0,0,0,0,0,0,0,0,0,0,0,0
12.001052558,8.721994885614265,-0.5321886537704839,1.6597941790130908,2.830809170712101,0.27649665695750336,-0.8982002325121918,2.830809170711696,0.27649665695746284,-0.8982002325121266,0.852118031240221,0.2813658311716141,-0.8982002325121266,0.7144376002167405,0.27300288829461533,-0.8538910241129753,5.6,0.8,-1.0,0.0,0.0,0.0,5.6,2.8,-1.0,0.0,0.0,0.0,5.6,4.8,-1.0,0.0,0.0,0.0,5.6,6.8,-1.0,0.0,0.0,0.0,5.6,0.8,1.0,0.0,0.0,0.0,5.6,2.8,1.0,0.0,0.0,0.0,5.6,4.8,1.0,0.0,0.0,0.0,5.6,6.8,1.0,0.0,0.0,0.0,-1.11,-4.2,-1.0,0.0,0.0,0.0,-1.11,-2.2,-1.0,0.0,0.0,0.0,-1.11,-4.2,1.0,0.0,0.0,0.0,-1.11,-2.2,1.0,0.0,0.0,0.0,9.83,8.073999999999229,-5.573000000000261,0.0,1.3199999999997658,-0.7900000000002905,9.83,10.073999999999225,-5.573000000000261,0.0,1.3199999999997658,-0.7900000000002905,-4.65,6.701999999998902,-2.41099999999972,0.0,1.5599999999995617,-0.5299999999999194,-4.65,8.701999999998902,-2.41099999999972,0.0,1.5599999999995617,-0.5299999999999194,0,0,0,0,0,0,0,0,0,0,0,0,0,0,0,0,0,0,0,0,0,0,0,0,0,0,0,0,0,0,0,0,0,0,0,0,0,0,0,0,0,0,0,0,0,0,0,0,0,0,0,0,0,0,0,0,0,0,0,0,0,0,0,0,0,0,0,0,0,0,0,0,0,0,0,0,0,0,0,0,0,0,0,0,0,0,0,0,0,0,0,0,0,0,0,0,0,0,0,0,0,0,0,0,0,0,0,0,0,0,0,0,0,0,0,0,0,0,0,0,0,0,0,0,0,0,0,0,0,0,0,0,0,0,0,0,0,0,0,0,0,0,0,0,0,0,0,0,0,0,0,0,0,0,0,0,0,0,0,0,0,0,0,0,0,0,0,0,0,0,0,0,0,0,0,0,0,0,0,0,0,0,0,0,0,0,0,0,0,0,0,0,0,0,0,0,0,0,0,0,0,0,0,0
