time_elapsed,pos_x,pos_y,pos_z,vel_x,vel_y,vel_z,cmd_vel_x,cmd_vel_y,cmd_vel_z,cmd_vel_unfiltered_x,cmd_vel_unfiltered_y,cmd_vel_unfiltered_z,desired_vel_x,desired_vel_y,desired_vel_z,obs_1_pos_x,obs_1_pos_y,obs_1_pos_z,obs_1_vel_x,obs_1_vel_y,obs_1_vel_z,obs_2_pos_x,obs_2_pos_y,obs_2_pos_z,obs_2_vel_x,obs_2_vel_y,obs_2_vel_z,obs_3_pos_x,obs_3_pos_y,obs_3_pos_z,obs_3_vel_x,obs_3_vel_y,obs_3_vel_z,obs_4_pos_x,obs_4_pos_y,obs_4_pos_z,obs_4_vel_x,obs_4_vel_y,obs_4_vel_z,obs_5_pos_x,obs_5_pos_y,obs_5_pos_z,obs_5_vel_x,obs_5_vel_y,obs_5_vel_z,obs_6_pos_x,obs_6_pos_y,obs_6_pos_z,obs_6_vel_x,obs_6_vel_y,obs_6_vel_z,obs_7_pos_x,obs_7_pos_y,obs_7_pos_z,obs_7_vel_x,obs_7_vel_y,obs_7_vel_z,obs_8_pos_x,obs_8_pos_y,obs_8_pos_z,obs_8_vel_x,obs_8_vel_y,obs_8_vel_z,obs_9_pos_x,obs_9_pos_y,obs_9_pos_z,obs_9_vel_x,obs_9_vel_y,obs_9_vel_z,obs_10_pos_x,obs_10_pos_y,obs_10_pos_z,obs_10_vel_x,obs_10_vel_y,obs_10_vel_z,obs_11_pos_x,obs_11_pos_y,obs_11_pos_z,obs_11_vel_x,obs_11_vel_y,obs_11_vel_z,obs_12_pos_x,obs_12_pos_y,obs_12_pos_z,obs_12_vel_x,obs_12_vel_y,obs_12_vel_z,obs_13_pos_x,obs_13_pos_y,obs_13_pos_z,obs_13_vel_x,obs_13_vel_y,obs_13_vel_z,obs_14_pos_x,obs_14_pos_y,obs_14_pos_z,obs_14_vel_x,obs_14_vel_y,obs_14_vel_z,obs_15_pos_x,obs_15_pos_y,obs_15_pos_z,obs_15_vel_x,obs_15_vel_y,obs_15_vel_z,obs_16_pos_x,obs_16_pos_y,obs_16_pos_z,obs_16_vel_x,obs_16_vel_y,obs_16_vel_z,obs_17_pos_x,obs_17_pos_y,obs_17_pos_z,obs_17_vel_x,obs_17_vel_y,obs_17_vel_z,obs_18_pos_x,obs_18_pos_y,obs_18_pos_z,obs_18_vel_x,obs_18_vel_y,obs_18_vel_z,obs_19_pos_x,obs_19_pos_y,obs_19_pos_z,obs_19_vel_x,obs_19_vel_y,obs_19_vel_z,obs_20_pos_x,obs_20_pos_y,obs_20_pos_z,obs_20_vel_x,obs_20_vel_y,obs_20_vel_z,obs_21_pos_x,obs_21_pos_y,obs_21_pos_z,obs_21_vel_x,obs_21_vel_y,obs_21_vel_z,obs_22_pos_x,obs_22_pos_y,obs_22_pos_z,obs_22_vel_x,obs_22_vel_y,obs_22_vel_z,obs_23_pos_x,obs_23_pos_y,obs_23_pos_z,obs_23_vel_x,obs_23_vel_y,obs_23_vel_z,obs_24_pos_x,obs_24_pos_y,obs_24_pos_z,obs_24_vel_x,obs_24_vel_y,obs_24_vel_z,obs_25_pos_x,obs_25_pos_y,obs_25_pos_z,obs_25_vel_x,obs_25_vel_y,obs_25_vel_z,obs_26_pos_x,obs_26_pos_y,obs_26_pos_z,obs_26_vel_x,obs_26_vel_y,obs_26_vel_z,obs_27_pos_x,obs_27_pos_y,obs_27_pos_z,obs_27_vel_x,obs_27_vel_y,obs_27_vel_z,obs_28_pos_x,obs_28_pos_y,obs_28_pos_z,obs_28_vel_x,obs_28_vel_y,obs_28_vel_z,obs_29_pos_x,obs_29_pos_y,obs_29_pos_z,obs_29_vel_x,obs_29_vel_y,obs_29_vel_z,obs_30_pos_x,obs_30_pos_y,obs_30_pos_z,obs_30_vel_x,obs_30_vel_y,obs_30_vel_z,obs_31_pos_x,obs_31_pos_y,obs_31_pos_z,obs_31_vel_x,obs_31_vel_y,obs_31_vel_z,obs_32_pos_x,obs_32_pos_y,obs_32_pos_z,obs_32_vel_x,obs_32_vel_y,obs_32_vel_z,obs_33_pos_x,obs_33_pos_y,obs_33_pos_z,obs_33_vel_x,obs_33_vel_y,obs_33_vel_z,obs_34_pos_x,obs_34_pos_y,obs_34_pos_z,obs_34_vel_x,obs_34_vel_y,obs_34_vel_z,obs_35_pos_x,obs_35_pos_y,obs_35_pos_z,obs_35_vel_x,obs_35_vel_y,obs_35_vel_z,obs_36_pos_x,obs_36_pos_y,obs_36_pos_z,obs_36_vel_x,obs_36_vel_y,obs_36_vel_z,obs_37_pos_x,obs_37_pos_y,obs_37_pos_z,obs_37_vel_x,obs_37_vel_y,obs_37_vel_z,obs_38_pos_x,obs_38_pos_y,obs_38_pos_z,obs_38_vel_x,obs_38_vel_y,obs_38_vel_z,obs_39_pos_x,obs_39_pos_y,obs_39_pos_z,obs_39_vel_x,obs_39_vel_y,obs_39_vel_z,obs_40_pos_x,obs_40_pos_y,obs_40_pos_z,obs_40_vel_x,obs_40_vel_y,obs_40_vel_z,obs_41_pos_x,obs_41_pos_y,obs_41_pos_z,obs_41_vel_x,obs_41_vel_y,obs_41_vel_z,obs_42_pos_x,obs_42_pos_y,obs_42_pos_z,obs_42_vel_x,obs_42_vel_y,obs_42_vel_z,obs_43_pos_x,obs_43_pos_y,obs_43_pos_z,obs_43_vel_x,obs_43_vel_y,obs_43_vel_z,obs_44_pos_x,obs_44_pos_y,obs_44_pos_z,obs_44_vel_x,obs_44_vel_y,obs_44_vel_z,obs_45_pos_x,obs_45_pos_y,obs_45_pos_z,obs_45_vel_x,obs_45_vel_y,obs_45_vel_z,obs_46_pos_x,obs_46_pos_y,obs_46_pos_z,obs_46_vel_x,obs_46_vel_y,obs_46_vel_z,obs_47_pos_x,obs_47_pos_y,obs_47_pos_z,obs_47_vel_x,obs_47_vel_y,obs_47_vel_z,obs_48_pos_x,obs_48_pos_y,obs_48_pos_z,obs_48_vel_x,obs_48_vel_y,obs_48_vel_z,obs_49_pos_x,obs_49_pos_y,obs_49_pos_z,obs_49_vel_x,obs_49_vel_y,obs_49_vel_z,obs_50_pos_x,obs_50_pos_y,obs_50_pos_z,obs_50_vel_x,obs_50_vel_y,obs_50_vel_z
3.001194706,-10.0,0.0,0.0,0.0,0.0,0.0,0,0,0,0,0,0,5.0,0.0,0.0,-1.78,-3.18,-1.0,0.0,0.0,0.0,-1.78,-1.18,-1.0,0.0,0.0,0.0,-1.78,0.82,-1.0,0.0,0.0,0.0,-1.78,2.82,-1.0,0.0,0.0,0.0,-1.78,-3.18,1.0,0.0,0.0,0.0,-1.78,-1.18,1.0,0.0,0.0,0.0,-1.78,0.82,1.0,0.0,0.0,0.0,-1.78,2.82,1.0,0.0,0.0,0.0,1.52,0.45,-1.0,0.0,0.0,0.0,1.52,2.45,-1.0,0.0,0.0,0.0,1.52,4.45,-1.0,0.0,0.0,0.0,1.52,0.45,1.0,0.0,0.0,0.0,1.52,2.45,1.0,0.0,0.0,0.0,1.52,4.45,1.0,0.0,0.0,0.0,3.22,-1.71,-1.0,0.0,0.0,0.0,3.22,0.29,-1.0,0.0,0.0,0.0,3.22,2.29,-1.0,0.0,0.0,0.0,3.22,-1.71,1.0,0.0,0.0,0.0,3.22,0.29,1.0,0.0,0.0,0.0,3.22,2.29,1.0,0.0,0.0,0.0,9.9,3.217199999999996,1.089200000000006,0.0,-1.1600000000000499,-0.25999999999992696,9.9,5.217200000000031,1.089200000000006,0.0,-1.1599999999996058,-0.25999999999992696,6.8,-2.1684000000000094,-1.233599999999998,0.0,1.2699999999998823,0.5800000000000249,-4.84,-5.38880000000002,-1.4316000000000038,0.0,0.6399999999997519,0.22999999999995246,-4.84,-3.3887999999999843,-1.4316000000000038,0.0,0.640000000000196,0.22999999999995246,0,0,0,0,0,0,0,0,0,0,0,0,0,0,0,0,0,0,0,0,0,0,0,0,0,0,0,0,0,0,0,0,0,0,0,0,0,0,0,0,0,0,0,0,0,0,0,0,0,0,0,0,0,0,0,0,0,0,0,0,0,0,0,0,0,0,0,0,0,0,0,0,0,0,0,0,0,0,0,0,0,0,0,0,0,0,0,0,0,0,0,0,0,0,0,0,0,0,0,0,0,0,0,0,0,0,0,0,0,0,0,0,0,0,0,0,0,0,0,0,0,0,0,0,0,0,0,0,0,0,0,0,0,0,0,0,0,0,0,0,0,0,0,0,0,0,0,0,0,0
3.102733293,-10.0,0.0,0.0,0.0,0.0,0.0,0,0,0,0,0,0,5.0,0.0,0.0,-1.78,-3.18,-1.0,0.0,0.0,0.0,-1.78,-1.18,-1.0,0.0,0.0,0.0,-1.78,0.82,-1.0,0.0,0.0,0.0,-1.78,2.82,-1.0,0.0,0.0,0.0,-1.78,-3.18,1.0,0.0,0.0,0.0,-1.78,-1.18,1.0,0.0,0.0,0.0,-1.78,0.82,1.0,0.0,0.0,0.0,-1.78,2.82,1.0,0.0,0.0,0.0,1.52,0.45,-1.0,0.0,0.0,0.0,1.52,2.45,-1.0,0.0,0.0,0.0,1.52,4.45,-1.0,0.0,0.0,0.0,1.52,0.45,1.0,0.0,0.0,0.0,1.52,2.45,1.0,0.0,0.0,0.0,1.52,4.45,1.0,0.0,0.0,0.0,3.22,-1.71,-1.0,0.0,0.0,0.0,3.22,0.29,-1.0,0.0,0.0,0.0,3.22,2.29,-1.0,0.0,0.0,0.0,3.22,-1.71,1.0,0.0,0.0,0.0,3.22,0.29,1.0,0.0,0.0,0.0,3.22,2.29,1.0,0.0,0.0,0.0,9.9,3.101199999999991,1.0632000000000132,0.0,-1.1600000000000499,-0.25999999999992696,9.9,5.101200000000071,1.0632000000000132,0.0,-1.1599999999996058,-0.25999999999992696,6.8,-2.041400000000021,-1.1755999999999955,0.0,1.2699999999998823,0.5800000000000249,-4.84,-5.324800000000045,-1.4086000000000085,0.0,0.6399999999997519,0.22999999999995246,-4.84,-3.3247999999999647,-1.4086000000000085,0.0,0.640000000000196,0.22999999999995246,0,0,0,0,0,0,0,0,0,0,0,0,0,0,0,0,0,0,0,0,0,0,0,0,0,0,0,0,0,0,0,0,0,0,0,0,0,0,0,0,0,0,0,0,0,0,0,0,0,0,0,0,0,0,0,0,0,0,0,0,0,0,0,0,0,0,0,0,0,0,0,0,0,0,0,0,0,0,0,0,0,0,0,0,0,0,0,0,0,0,0,0,0,0,0,0,0,0,0,0,0,0,0,0,0,0,0,0,0,0,0,0,0,0,0,0,0,0,0,0,0,0,0,0,0,0,0,0,0,0,0,0,0,0,0,0,0,0,0,0,0,0,0,0,0,0,0,0,0,0
3.201176019,-10.0,0.0,0.0,0.0,0.0,0.0,0,0,0,0,0,0,5.0,0.0,0.0,-1.78,-3.18,-1.0,0.0,0.0,0.0,-1.78,-1.18,-1.0,0.0,0.0,0.0,-1.78,0.82,-1.0,0.0,0.0,0.0,-1.78,2.82,-1.0,0.0,0.0,0.0,-1.78,-3.18,1.0,0.0,0.0,0.0,-1.78,-1.18,1.0,0.0,0.0,0.0,-1.78,0.82,1.0,0.0,0.0,0.0,-1.78,2.82,1.0,0.0,0.0,0.0,1.52,0.45,-1.0,0.0,0.0,0.0,1.52,2.45,-1.0,0.0,0.0,0.0,1.52,4.45,-1.0,0.0,0.0,0.0,1.52,0.45,1.0,0.0,0.0,0.0,1.52,2.45,1.0,0.0,0.0,0.0,1.52,4.45,1.0,0.0,0.0,0.0,3.22,-1.71,-1.0,0.0,0.0,0.0,3.22,0.29,-1.0,0.0,0.0,0.0,3.22,2.29,-1.0,0.0,0.0,0.0,3.22,-1.71,1.0,0.0,0.0,0.0,3.22,0.29,1.0,0.0,0.0,0.0,3.22,2.29,1.0,0.0,0.0,0.0,9.9,3.008399999999987,1.042400000000019,0.0,-1.1600000000000499,-0.25999999999992696,9.9,5.008400000000102,1.042400000000019,0.0,-1.1599999999996058,-0.25999999999992696,6.8,-1.93980000000002,-1.1291999999999935,0.0,1.2700000000001044,0.5800000000000249,-4.84,-5.273600000000065,-1.3902000000000123,0.0,0.6399999999997519,0.22999999999995246,-4.84,-3.273599999999949,-1.3902000000000123,0.0,0.640000000000196,0.22999999999995246,0,0,0,0,0,0,0,0,0,0,0,0,0,0,0,0,0,0,0,0,0,0,0,0,0,0,0,0,0,0,0,0,0,0,0,0,0,0,0,0,0,0,0,0,0,0,0,0,0,0,0,0,0,0,0,0,0,0,0,0,0,0,0,0,0,0,0,0,0,0,0,0,0,0,0,0,0,0,0,0,0,0,0,0,0,0,0,0,0,0,0,0,0,0,0,0,0,0,0,0,0,0,0,0,0,0,0,0,0,0,0,0,0,0,0,0,0,0,0,0,0,0,0,0,0,0,0,0,0,0,0,0,0,0,0,0,0,0,0,0,0,0,0,0,0,0,0,0,0,0
3.300640193,-10.0,0.0,0.0,0.0,0.0,0.0,0,0,0,0,0,0,5.0,0.0,0.0,-1.78,-3.18,-1.0,0.0,0.0,0.0,-1.78,-1.18,-1.0,0.0,0.0,0.0,-1.78,0.82,-1.0,0.0,0.0,0.0,-1.78,2.82,-1.0,0.0,0.0,0.0,-1.78,-3.18,1.0,0.0,0.0,0.0,-1.78,-1.18,1.0,0.0,0.0,0.0,-1.78,0.82,1.0,0.0,0.0,0.0,-1.78,2.82,1.0,0.0,0.0,0.0,1.52,0.45,-1.0,0.0,0.0,0.0,1.52,2.45,-1.0,0.0,0.0,0.0,1.52,4.45,-1.0,0.0,0.0,0.0,1.52,0.45,1.0,0.0,0.0,0.0,1.52,2.45,1.0,0.0,0.0,0.0,1.52,4.45,1.0,0.0,0.0,0.0,3.22,-1.71,-1.0,0.0,0.0,0.0,3.22,0.29,-1.0,0.0,0.0,0.0,3.22,2.29,-1.0,0.0,0.0,0.0,3.22,-1.71,1.0,0.0,0.0,0.0,3.22,0.29,1.0,0.0,0.0,0.0,3.22,2.29,1.0,0.0,0.0,0.0,9.9,2.915599999999983,1.021600000000025,0.0,-1.1600000000000499,-0.25999999999992696,9.9,4.915600000000134,1.021600000000025,0.0,-1.1599999999996058,-0.25999999999992696,6.8,-1.8382000000000116,-1.0827999999999915,0.0,1.2700000000001044,0.5800000000000249,-4.84,-5.222400000000085,-1.3718000000000161,0.0,0.6399999999997519,0.22999999999995246,-4.84,-3.2223999999999333,-1.3718000000000161,0.0,0.640000000000196,0.22999999999995246,0,0,0,0,0,0,0,0,0,0,0,0,0,0,0,0,0,0,0,0,0,0,0,0,0,0,0,0,0,0,0,0,0,0,0,0,0,0,0,0,0,0,0,0,0,0,0,0,0,0,0,0,0,0,0,0,0,0,0,0,0,0,0,0,0,0,0,0,0,0,0,0,0,0,0,0,0,0,0,0,0,0,0,0,0,0,0,0,0,0,0,0,0,0,0,0,0,0,0,0,0,0,0,0,0,0,0,0,0,0,0,0,0,0,0,0,0,0,0,0,0,0,0,0,0,0,0,0,0,0,0,0,0,0,0,0,0,0,0,0,0,0,0,0,0,0,0,0,0,0
3.40061906,-10.0,0.0,0.0,0.0,0.0,0.0,0,0,0,0,0,0,5.0,0.0,0.0,-1.78,-3.18,-1.0,0.0,0.0,0.0,-1.78,-1.18,-1.0,0.0,0.0,0.0,-1.78,0.82,-1.0,0.0,0.0,0.0,-1.78,2.82,-1.0,0.0,0.0,0.0,-1.78,-3.18,1.0,0.0,0.0,0.0,-1.78,-1.18,1.0,0.0,0.0,0.0,-1.78,0.82,1.0,0.0,0.0,0.0,-1.78,2.82,1.0,0.0,0.0,0.0,1.52,0.45,-1.0,0.0,0.0,0.0,1.52,2.45,-1.0,0.0,0.0,0.0,1.52,4.45,-1.0,0.0,0.0,0.0,1.52,0.45,1.0,0.0,0.0,0.0,1.52,2.45,1.0,0.0,0.0,0.0,1.52,4.45,1.0,0.0,0.0,0.0,3.22,-1.71,-1.0,0.0,0.0,0.0,3.22,0.29,-1.0,0.0,0.0,0.0,3.22,2.29,-1.0,0.0,0.0,0.0,3.22,-1.71,1.0,0.0,0.0,0.0,3.22,0.29,1.0,0.0,0.0,0.0,3.22,2.29,1.0,0.0,0.0,0.0,9.9,2.799599999999978,0.9956000000000303,0.0,-1.1600000000000499,-0.260000000000038,9.9,4.822800000000165,1.0008000000000308,0.0,-1.1599999999996058,-0.25999999999992696,6.8,-1.7366000000000033,-1.0363999999999896,0.0,1.2700000000001044,0.5800000000000249,-4.84,-5.171200000000105,-1.35340000000002,0.0,0.6399999999997519,0.22999999999995246,-4.84,-3.1711999999999176,-1.35340000000002,0.0,0.640000000000196,0.22999999999995246,0,0,0,0,0,0,0,0,0,0,0,0,0,0,0,0,0,0,0,0,0,0,0,0,0,0,0,0,0,0,0,0,0,0,0,0,0,0,0,0,0,0,0,0,0,0,0,0,0,0,0,0,0,0,0,0,0,0,0,0,0,0,0,0,0,0,0,0,0,0,0,0,0,0,0,0,0,0,0,0,0,0,0,0,0,0,0,0,0,0,0,0,0,0,0,0,0,0,0,0,0,0,0,0,0,0,0,0,0,0,0,0,0,0,0,0,0,0,0,0,0,0,0,0,0,0,0,0,0,0,0,0,0,0,0,0,0,0,0,0,0,0,0,0,0,0,0,0,0,0
3.501698639,-10.0,0.0,0.0,0.0,0.0,0.0,0,0,0,0,0,0,5.0,0.0,0.0,-1.78,-3.18,-1.0,0.0,0.0,0.0,-1.78,-1.18,-1.0,0.0,0.0,0.0,-1.78,0.82,-1.0,0.0,0.0,0.0,-1.78,2.82,-1.0,0.0,0.0,0.0,-1.78,-3.18,1.0,0.0,0.0,0.0,-1.78,-1.18,1.0,0.0,0.0,0.0,-1.78,0.82,1.0,0.0,0.0,0.0,-1.78,2.82,1.0,0.0,0.0,0.0,1.52,0.45,-1.0,0.0,0.0,0.0,1.52,2.45,-1.0,0.0,0.0,0.0,1.52,4.45,-1.0,0.0,0.0,0.0,1.52,0.45,1.0,0.0,0.0,0.0,1.52,2.45,1.0,0.0,0.0,0.0,1.52,4.45,1.0,0.0,0.0,0.0,3.22,-1.71,-1.0,0.0,0.0,0.0,3.22,0.29,-1.0,0.0,0.0,0.0,3.22,2.29,-1.0,0.0,0.0,0.0,3.22,-1.71,1.0,0.0,0.0,0.0,3.22,0.29,1.0,0.0,0.0,0.0,3.22,2.29,1.0,0.0,0.0,0.0,9.9,2.706799999999974,0.9748000000000273,0.0,-1.1600000000000499,-0.260000000000038,9.9,4.706800000000205,0.9748000000000273,0.0,-1.1599999999996058,-0.260000000000038,6.8,-1.6095999999999928,-0.9783999999999871,0.0,1.2700000000001044,0.5800000000000249,-4.84,-5.107200000000129,-1.3304000000000247,0.0,0.6399999999997519,0.22999999999995246,-4.84,-3.107199999999898,-1.3304000000000247,0.0,0.640000000000196,0.22999999999995246,0,0,0,0,0,0,0,0,0,0,0,0,0,0,0,0,0,0,0,0,0,0,0,0,0,0,0,0,0,0,0,0,0,0,0,0,0,0,0,0,0,0,0,0,0,0,0,0,0,0,0,0,0,0,0,0,0,0,0,0,0,0,0,0,0,0,0,0,0,0,0,0,0,0,0,0,0,0,0,0,0,0,0,0,0,0,0,0,0,0,0,0,0,0,0,0,0,0,0,0,0,0,0,0,0,0,0,0,0,0,0,0,0,0,0,0,0,0,0,0,0,0,0,0,0,0,0,0,0,0,0,0,0,0,0,0,0,0,0,0,0,0,0,0,0,0,0,0,0,0
3.600844072,-10.0,0.0,0.0,0.0,0.0,0.0,0,0,0,0,0,0,5.0,0.0,0.0,-1.78,-3.18,-1.0,0.0,0.0,0.0,-1.78,-1.18,-1.0,0.0,0.0,0.0,-1.78,0.82,-1.0,0.0,0.0,0.0,-1.78,2.82,-1.0,0.0,0.0,0.0,-1.78,-3.18,1.0,0.0,0.0,0.0,-1.78,-1.18,1.0,0.0,0.0,0.0,-1.78,0.82,1.0,0.0,0.0,0.0,-1.78,2.82,1.0,0.0,0.0,0.0,1.52,0.45,-1.0,0.0,0.0,0.0,1.52,2.45,-1.0,0.0,0.0,0.0,1.52,4.45,-1.0,0.0,0.0,0.0,1.52,0.45,1.0,0.0,0.0,0.0,1.52,2.45,1.0,0.0,0.0,0.0,1.52,4.45,1.0,0.0,0.0,0.0,3.22,-1.71,-1.0,0.0,0.0,0.0,3.22,0.29,-1.0,0.0,0.0,0.0,3.22,2.29,-1.0,0.0,0.0,0.0,3.22,-1.71,1.0,0.0,0.0,0.0,3.22,0.29,1.0,0.0,0.0,0.0,3.22,2.29,1.0,0.0,0.0,0.0,9.9,2.61399999999997,0.9540000000000243,0.0,-1.1600000000000499,-0.260000000000038,9.9,4.614000000000236,0.9540000000000243,0.0,-1.1599999999996058,-0.260000000000038,6.8,-1.5079999999999845,-0.9319999999999851,0.0,1.2700000000001044,0.5800000000000249,-4.84,-5.056000000000149,-1.3120000000000285,0.0,0.6399999999997519,0.22999999999995246,-4.84,-3.0559999999998824,-1.3120000000000285,0.0,0.640000000000196,0.22999999999995246,0,0,0,0,0,0,0,0,0,0,0,0,0,0,0,0,0,0,0,0,0,0,0,0,0,0,0,0,0,0,0,0,0,0,0,0,0,0,0,0,0,0,0,0,0,0,0,0,0,0,0,0,0,0,0,0,0,0,0,0,0,0,0,0,0,0,0,0,0,0,0,0,0,0,0,0,0,0,0,0,0,0,0,0,0,0,0,0,0,0,0,0,0,0,0,0,0,0,0,0,0,0,0,0,0,0,0,0,0,0,0,0,0,0,0,0,0,0,0,0,0,0,0,0,0,0,0,0,0,0,0,0,0,0,0,0,0,0,0,0,0,0,0,0,0,0,0,0,0,0
3.700471582,-10.0,0.0,0.0,0.0,0.0,0.0,0,0,0,0,0,0,5.0,0.0,0.0,-1.78,-3.18,-1.0,0.0,0.0,0.0,-1.78,-1.18,-1.0,0.0,0.0,0.0,-1.78,0.82,-1.0,0.0,0.0,0.0,-1.78,2.82,-1.0,0.0,0.0,0.0,-1.78,-3.18,1.0,0.0,0.0,0.0,-1.78,-1.18,1.0,0.0,0.0,0.0,-1.78,0.82,1.0,0.0,0.0,0.0,-1.78,2.82,1.0,0.0,0.0,0.0,1.52,0.45,-1.0,0.0,0.0,0.0,1.52,2.45,-1.0,0.0,0.0,0.0,1.52,4.45,-1.0,0.0,0.0,0.0,1.52,0.45,1.0,0.0,0.0,0.0,1.52,2.45,1.0,0.0,0.0,0.0,1.52,4.45,1.0,0.0,0.0,0.0,3.22,-1.71,-1.0,0.0,0.0,0.0,3.22,0.29,-1.0,0.0,0.0,0.0,3.22,2.29,-1.0,0.0,0.0,0.0,3.22,-1.71,1.0,0.0,0.0,0.0,3.22,0.29,1.0,0.0,0.0,0.0,3.22,2.29,1.0,0.0,0.0,0.0,9.9,2.497999999999965,0.9280000000000205,0.0,-1.1600000000000499,-0.260000000000038,9.9,4.4980000000002756,0.9280000000000205,0.0,-1.1599999999996058,-0.260000000000038,6.8,-1.380999999999974,-0.8739999999999826,0.0,1.2700000000001044,0.5800000000000249,-4.84,-4.992000000000174,-1.2890000000000332,0.0,0.6399999999997519,0.22999999999995246,-4.84,-2.9919999999998628,-1.2890000000000332,0.0,0.640000000000196,0.22999999999995246,0,0,0,0,0,0,0,0,0,0,0,0,0,0,0,0,0,0,0,0,0,0,0,0,0,0,0,0,0,0,0,0,0,0,0,0,0,0,0,0,0,0,0,0,0,0,0,0,0,0,0,0,0,0,0,0,0,0,0,0,0,0,0,0,0,0,0,0,0,0,0,0,0,0,0,0,0,0,0,0,0,0,0,0,0,0,0,0,0,0,0,0,0,0,0,0,0,0,0,0,0,0,0,0,0,0,0,0,0,0,0,0,0,0,0,0,0,0,0,0,0,0,0,0,0,0,0,0,0,0,0,0,0,0,0,0,0,0,0,0,0,0,0,0,0,0,0,0,0,0
3.801748661,-10.0,0.0,0.0,0.0,0.0,0.0,0,0,0,0,0,0,5.0,0.0,0.0,-1.78,-3.18,-1.0,0.0,0.0,0.0,-1.78,-1.18,-1.0,0.0,0.0,0.0,-1.78,0.82,-1.0,0.0,0.0,0.0,-1.78,2.82,-1.0,0.0,0.0,0.0,-1.78,-3.18,1.0,0.0,0.0,0.0,-1.78,-1.18,1.0,0.0,0.0,0.0,-1.78,0.82,1.0,0.0,0.0,0.0,-1.78,2.82,1.0,0.0,0.0,0.0,1.52,0.45,-1.0,0.0,0.0,0.0,1.52,2.45,-1.0,0.0,0.0,0.0,1.52,4.45,-1.0,0.0,0.0,0.0,1.52,0.45,1.0,0.0,0.0,0.0,1.52,2.45,1.0,0.0,0.0,0.0,1.52,4.45,1.0,0.0,0.0,0.0,3.22,-1.71,-1.0,0.0,0.0,0.0,3.22,0.29,-1.0,0.0,0.0,0.0,3.22,2.29,-1.0,0.0,0.0,0.0,3.22,-1.71,1.0,0.0,0.0,0.0,3.22,0.29,1.0,0.0,0.0,0.0,3.22,2.29,1.0,0.0,0.0,0.0,9.9,2.405199999999961,0.9072000000000174,0.0,-1.1600000000000499,-0.260000000000038,9.9,4.405200000000307,0.9072000000000174,0.0,-1.1599999999996058,-0.260000000000038,6.8,-1.2793999999999657,-0.8275999999999806,0.0,1.2700000000001044,0.5800000000000249,-4.84,-4.940800000000194,-1.270600000000037,0.0,0.6399999999997519,0.22999999999995246,-4.84,-2.940799999999847,-1.270600000000037,0.0,0.640000000000196,0.22999999999995246,0,0,0,0,0,0,0,0,0,0,0,0,0,0,0,0,0,0,0,0,0,0,0,0,0,0,0,0,0,0,0,0,0,0,0,0,0,0,0,0,0,0,0,0,0,0,0,0,0,0,0,0,0,0,0,0,0,0,0,0,0,0,0,0,0,0,0,0,0,0,0,0,0,0,0,0,0,0,0,0,0,0,0,0,0,0,0,0,0,0,0,0,0,0,0,0,0,0,0,0,0,0,0,0,0,0,0,0,0,0,0,0,0,0,0,0,0,0,0,0,0,0,0,0,0,0,0,0,0,0,0,0,0,0,0,0,0,0,0,0,0,0,0,0,0,0,0,0,0,0
3.901220178,-10.0,0.0,0.0,0.0,0.0,0.0,0,0,0,0,0,0,5.0,0.0,0.0,-1.78,-3.18,-1.0,0.0,0.0,0.0,-1.78,-1.18,-1.0,0.0,0.0,0.0,-1.78,0.82,-1.0,0.0,0.0,0.0,-1.78,2.82,-1.0,0.0,0.0,0.0,-1.78,-3.18,1.0,0.0,0.0,0.0,-1.78,-1.18,1.0,0.0,0.0,0.0,-1.78,0.82,1.0,0.0,0.0,0.0,-1.78,2.82,1.0,0.0,0.0,0.0,1.52,0.45,-1.0,0.0,0.0,0.0,1.52,2.45,-1.0,0.0,0.0,0.0,1.52,4.45,-1.0,0.0,0.0,0.0,1.52,0.45,1.0,0.0,0.0,0.0,1.52,2.45,1.0,0.0,0.0,0.0,1.52,4.45,1.0,0.0,0.0,0.0,3.22,-1.71,-1.0,0.0,0.0,0.0,3.22,0.29,-1.0,0.0,0.0,0.0,3.22,2.29,-1.0,0.0,0.0,0.0,3.22,-1.71,1.0,0.0,0.0,0.0,3.22,0.29,1.0,0.0,0.0,0.0,3.22,2.29,1.0,0.0,0.0,0.0,9.9,2.335599999999958,0.8916000000000152,0.0,-1.1600000000000499,-0.260000000000038,9.9,4.335600000000331,0.8916000000000152,0.0,-1.1599999999996058,-0.260000000000038,6.8,-1.2031999999999594,-0.7927999999999791,0.0,1.2700000000001044,0.5800000000000249,-4.84,-4.902400000000209,-1.2568000000000399,0.0,0.6399999999997519,0.22999999999995246,-4.84,-2.9023999999998353,-1.2568000000000399,0.0,0.640000000000196,0.22999999999995246,0,0,0,0,0,0,0,0,0,0,0,0,0,0,0,0,0,0,0,0,0,0,0,0,0,0,0,0,0,0,0,0,0,0,0,0,0,0,0,0,0,0,0,0,0,0,0,0,0,0,0,0,0,0,0,0,0,0,0,0,0,0,0,0,0,0,0,0,0,0,0,0,0,0,0,0,0,0,0,0,0,0,0,0,0,0,0,0,0,0,0,0,0,0,0,0,0,0,0,0,0,0,0,0,0,0,0,0,0,0,0,0,0,0,0,0,0,0,0,0,0,0,0,0,0,0,0,0,0,0,0,0,0,0,0,0,0,0,0,0,0,0,0,0,0,0,0,0,0,0
4.000597305,-10.0,0.0,0.0,0.0,0.0,0.0,0,0,0,0,0,0,5.0,0.0,0.0,-1.78,-3.18,-1.0,0.0,0.0,0.0,-1.78,-1.18,-1.0,0.0,0.0,0.0,-1.78,0.82,-1.0,0.0,0.0,0.0,-1.78,2.82,-1.0,0.0,0.0,0.0,-1.78,-3.18,1.0,0.0,0.0,0.0,-1.78,-1.18,1.0,0.0,0.0,0.0,-1.78,0.82,1.0,0.0,0.0,0.0,-1.78,2.82,1.0,0.0,0.0,0.0,1.52,0.45,-1.0,0.0,0.0,0.0,1.52,2.45,-1.0,0.0,0.0,0.0,1.52,4.45,-1.0,0.0,0.0,0.0,1.52,0.45,1.0,0.0,0.0,0.0,1.52,2.45,1.0,0.0,0.0,0.0,1.52,4.45,1.0,0.0,0.0,0.0,3.22,-1.71,-1.0,0.0,0.0,0.0,3.22,0.29,-1.0,0.0,0.0,0.0,3.22,2.29,-1.0,0.0,0.0,0.0,3.22,-1.71,1.0,0.0,0.0,0.0,3.22,0.29,1.0,0.0,0.0,0.0,3.22,2.29,1.0,0.0,0.0,0.0,9.9,2.242799999999954,0.8708000000000121,0.0,-1.1600000000000499,-0.260000000000038,9.9,4.242800000000362,0.8708000000000121,0.0,-1.1599999999996058,-0.260000000000038,6.8,-1.101599999999951,-0.7463999999999771,0.0,1.2700000000001044,0.5800000000000249,-4.84,-4.851200000000229,-1.2384000000000437,0.0,0.6399999999997519,0.22999999999995246,-4.84,-2.8511999999998197,-1.2384000000000437,0.0,0.640000000000196,0.22999999999995246,0,0,0,0,0,0,0,0,0,0,0,0,0,0,0,0,0,0,0,0,0,0,0,0,0,0,0,0,0,0,0,0,0,0,0,0,0,0,0,0,0,0,0,0,0,0,0,0,0,0,0,0,0,0,0,0,0,0,0,0,0,0,0,0,0,0,0,0,0,0,0,0,0,0,0,0,0,0,0,0,0,0,0,0,0,0,0,0,0,0,0,0,0,0,0,0,0,0,0,0,0,0,0,0,0,0,0,0,0,0,0,0,0,0,0,0,0,0,0,0,0,0,0,0,0,0,0,0,0,0,0,0,0,0,0,0,0,0,0,0,0,0,0,0,0,0,0,0,0,0
4.102617278,-10.0,0.0,0.0,0.0,0.0,0.0,0,0,0,0,0,0,5.0,0.0,0.0,-1.78,-3.18,-1.0,0.0,0.0,0.0,-1.78,-1.18,-1.0,0.0,0.0,0.0,-1.78,0.82,-1.0,0.0,0.0,0.0,-1.78,2.82,-1.0,0.0,0.0,0.0,-1.78,-3.18,1.0,0.0,0.0,0.0,-1.78,-1.18,1.0,0.0,0.0,0.0,-1.78,0.82,1.0,0.0,0.0,0.0,-1.78,2.82,1.0,0.0,0.0,0.0,1.52,0.45,-1.0,0.0,0.0,0.0,1.52,2.45,-1.0,0.0,0.0,0.0,1.52,4.45,-1.0,0.0,0.0,0.0,1.52,0.45,1.0,0.0,0.0,0.0,1.52,2.45,1.0,0.0,0.0,0.0,1.52,4.45,1.0,0.0,0.0,0.0,3.22,-1.71,-1.0,0.0,0.0,0.0,3.22,0.29,-1.0,0.0,0.0,0.0,3.22,2.29,-1.0,0.0,0.0,0.0,3.22,-1.71,1.0,0.0,0.0,0.0,3.22,0.29,1.0,0.0,0.0,0.0,3.22,2.29,1.0,0.0,0.0,0.0,9.9,2.126799999999949,0.8448000000000083,0.0,-1.1600000000000499,-0.260000000000038,9.9,4.150000000000394,0.8500000000000091,0.0,-1.1599999999996058,-0.260000000000038,6.8,-0.974599999999943,-0.6883999999999746,0.0,1.2699999999999931,0.5800000000000249,-4.84,-4.8000000000002485,-1.2200000000000475,0.0,0.6399999999997519,0.22999999999995246,-4.84,-2.799999999999804,-1.2200000000000475,0.0,0.640000000000196,0.22999999999995246,0,0,0,0,0,0,0,0,0,0,0,0,0,0,0,0,0,0,0,0,0,0,0,0,0,0,0,0,0,0,0,0,0,0,0,0,0,0,0,0,0,0,0,0,0,0,0,0,0,0,0,0,0,0,0,0,0,0,0,0,0,0,0,0,0,0,0,0,0,0,0,0,0,0,0,0,0,0,0,0,0,0,0,0,0,0,0,0,0,0,0,0,0,0,0,0,0,0,0,0,0,0,0,0,0,0,0,0,0,0,0,0,0,0,0,0,0,0,0,0,0,0,0,0,0,0,0,0,0,0,0,0,0,0,0,0,0,0,0,0,0,0,0,0,0,0,0,0,0,0
4.201223935,-9.99580000000001,0.004199999999999998,-0.004199999999999998,0.09999999999976694,0.09999999999999998,-0.09999999999999998,0.1,0.1,-0.1,2.9733249380343167,2.488008238647189,-2.9831077551932914,5.0,0.0,0.0,-1.78,-3.18,-1.0,0.0,0.0,0.0,-1.78,-1.18,-1.0,0.0,0.0,0.0,-1.78,0.82,-1.0,0.0,0.0,0.0,-1.78,2.82,-1.0,0.0,0.0,0.0,-1.78,-3.18,1.0,0.0,0.0,0.0,-1.78,-1.18,1.0,0.0,0.0,0.0,-1.78,0.82,1.0,0.0,0.0,0.0,-1.78,2.82,1.0,0.0,0.0,0.0,1.52,0.45,-1.0,0.0,0.0,0.0,1.52,2.45,-1.0,0.0,0.0,0.0,1.52,4.45,-1.0,0.0,0.0,0.0,1.52,0.45,1.0,0.0,0.0,0.0,1.52,2.45,1.0,0.0,0.0,0.0,1.52,4.45,1.0,0.0,0.0,0.0,3.22,-1.71,-1.0,0.0,0.0,0.0,3.22,0.29,-1.0,0.0,0.0,0.0,3.22,2.29,-1.0,0.0,0.0,0.0,3.22,-1.71,1.0,0.0,0.0,0.0,3.22,0.29,1.0,0.0,0.0,0.0,3.22,2.29,1.0,0.0,0.0,0.0,9.9,2.033999999999945,0.8240000000000053,0.0,-1.1600000000000499,-0.260000000000038,9.9,4.034000000000433,0.8240000000000053,0.0,-1.1599999999996058,-0.260000000000038,6.8,-0.8729999999999435,-0.6419999999999726,0.0,1.2699999999999931,0.5800000000000249,-4.84,-4.736000000000273,-1.1970000000000522,0.0,0.6399999999997519,0.22999999999995246,-4.84,-2.7359999999997844,-1.1970000000000522,0.0,0.640000000000196,0.22999999999995246,0,0,0,0,0,0,0,0,0,0,0,0,0,0,0,0,0,0,0,0,0,0,0,0,0,0,0,0,0,0,0,0,0,0,0,0,0,0,0,0,0,0,0,0,0,0,0,0,0,0,0,0,0,0,0,0,0,0,0,0,0,0,0,0,0,0,0,0,0,0,0,0,0,0,0,0,0,0,0,0,0,0,0,0,0,0,0,0,0,0,0,0,0,0,0,0,0,0,0,0,0,0,0,0,0,0,0,0,0,0,0,0,0,0,0,0,0,0,0,0,0,0,0,0,0,0,0,0,0,0,0,0,0,0,0,0,0,0,0,0,0,0,0,0,0,0,0,0,0,0
4.306342999,-9.981015,0.00941500000000005,-0.00941500000000005,0.1870000000003813,0.013000000000000858,-0.013000000000000858,0.187,0.013000000000000012,-0.013000000000000012,3.09051461129754,-2.7366833543225044,2.8299100924847775,4.999999590240602,-0.0014313619058285733,0.0014313619058285733,-1.78,-3.18,-1.0,0.0,0.0,0.0,-1.78,-1.18,-1.0,0.0,0.0,0.0,-1.78,0.82,-1.0,0.0,0.0,0.0,-1.78,2.82,-1.0,0.0,0.0,0.0,-1.78,-3.18,1.0,0.0,0.0,0.0,-1.78,-1.18,1.0,0.0,0.0,0.0,-1.78,0.82,1.0,0.0,0.0,0.0,-1.78,2.82,1.0,0.0,0.0,0.0,1.52,0.45,-1.0,0.0,0.0,0.0,1.52,2.45,-1.0,0.0,0.0,0.0,1.52,4.45,-1.0,0.0,0.0,0.0,1.52,0.45,1.0,0.0,0.0,0.0,1.52,2.45,1.0,0.0,0.0,0.0,1.52,4.45,1.0,0.0,0.0,0.0,3.22,-1.71,-1.0,0.0,0.0,0.0,3.22,0.29,-1.0,0.0,0.0,0.0,3.22,2.29,-1.0,0.0,0.0,0.0,3.22,-1.71,1.0,0.0,0.0,0.0,3.22,0.29,1.0,0.0,0.0,0.0,3.22,2.29,1.0,0.0,0.0,0.0,9.9,1.9179999999999402,0.7980000000000015,0.0,-1.1600000000000499,-0.260000000000038,9.9,3.918000000000441,0.7980000000000015,0.0,-1.1600000000000499,-0.260000000000038,6.8,-0.7459999999999442,-0.5839999999999701,0.0,1.2699999999999931,0.5800000000000249,-4.84,-4.672000000000298,-1.174000000000057,0.0,0.6399999999997519,0.22999999999995246,-4.84,-2.671999999999765,-1.174000000000057,0.0,0.640000000000196,0.22999999999995246,0,0,0,0,0,0,0,0,0,0,0,0,0,0,0,0,0,0,0,0,0,0,0,0,0,0,0,0,0,0,0,0,0,0,0,0,0,0,0,0,0,0,0,0,0,0,0,0,0,0,0,0,0,0,0,0,0,0,0,0,0,0,0,0,0,0,0,0,0,0,0,0,0,0,0,0,0,0,0,0,0,0,0,0,0,0,0,0,0,0,0,0,0,0,0,0,0,0,0,0,0,0,0,0,0,0,0,0,0,0,0,0,0,0,0,0,0,0,0,0,0,0,0,0,0,0,0,0,0,0,0,0,0,0,0,0,0,0,0,0,0,0,0,0,0,0,0,0,0,0
4.400457236,-9.961918999999975,0.014591000000000097,-0.006319000000000059,0.27500000000024727,0.1010000000000004,0.07500000000000041,0.275,0.101,0.07499999999999998,3.167222147926347,2.7845113944038626,2.7027935627176447,4.99999887126887,-0.0023756378117217973,0.0023756378117217973,-1.78,-3.18,-1.0,0.0,0.0,0.0,-1.78,-1.18,-1.0,0.0,0.0,0.0,-1.78,0.82,-1.0,0.0,0.0,0.0,-1.78,2.82,-1.0,0.0,0.0,0.0,-1.78,-3.18,1.0,0.0,0.0,0.0,-1.78,-1.18,1.0,0.0,0.0,0.0,-1.78,0.82,1.0,0.0,0.0,0.0,-1.78,2.82,1.0,0.0,0.0,0.0,1.52,0.45,-1.0,0.0,0.0,0.0,1.52,2.45,-1.0,0.0,0.0,0.0,1.52,4.45,-1.0,0.0,0.0,0.0,1.52,0.45,1.0,0.0,0.0,0.0,1.52,2.45,1.0,0.0,0.0,0.0,1.52,4.45,1.0,0.0,0.0,0.0,3.22,-1.71,-1.0,0.0,0.0,0.0,3.22,0.29,-1.0,0.0,0.0,0.0,3.22,2.29,-1.0,0.0,0.0,0.0,3.22,-1.71,1.0,0.0,0.0,0.0,3.22,0.29,1.0,0.0,0.0,0.0,3.22,2.29,1.0,0.0,0.0,0.0,9.9,1.8251999999999362,0.7771999999999984,0.0,-1.1600000000000499,-0.260000000000038,9.9,3.825200000000437,0.7771999999999984,0.0,-1.1600000000000499,-0.260000000000038,6.8,-0.6443999999999447,-0.5375999999999681,0.0,1.2699999999999931,0.5800000000000249,-4.84,-4.620800000000318,-1.1556000000000608,0.0,0.6399999999997519,0.22999999999995246,-4.84,-2.620799999999749,-1.1556000000000608,0.0,0.640000000000196,0.22999999999995246,0,0,0,0,0,0,0,0,0,0,0,0,0,0,0,0,0,0,0,0,0,0,0,0,0,0,0,0,0,0,0,0,0,0,0,0,0,0,0,0,0,0,0,0,0,0,0,0,0,0,0,0,0,0,0,0,0,0,0,0,0,0,0,0,0,0,0,0,0,0,0,0,0,0,0,0,0,0,0,0,0,0,0,0,0,0,0,0,0,0,0,0,0,0,0,0,0,0,0,0,0,0,0,0,0,0,0,0,0,0,0,0,0,0,0,0,0,0,0,0,0,0,0,0,0,0,0,0,0,0,0,0,0,0,0,0,0,0,0,0,0,0,0,0,0,0,0,0,0,0
4.503215138,-9.937518999999961,0.020271000000000143,0.002080999999999954,0.3750000000000142,0.001000000000001,0.175,0.375,0.0010000000000000009,0.175,3.2399479253518098,-2.8449817342865593,2.4440234881161587,4.999998154905922,-0.004111093709864053,0.0012449280665680152,-1.78,-3.18,-1.0,0.0,0.0,0.0,-1.78,-1.18,-1.0,0.0,0.0,0.0,-1.78,0.82,-1.0,0.0,0.0,0.0,-1.78,2.82,-1.0,0.0,0.0,0.0,-1.78,-3.18,1.0,0.0,0.0,0.0,-1.78,-1.18,1.0,0.0,0.0,0.0,-1.78,0.82,1.0,0.0,0.0,0.0,-1.78,2.82,1.0,0.0,0.0,0.0,1.52,0.45,-1.0,0.0,0.0,0.0,1.52,2.45,-1.0,0.0,0.0,0.0,1.52,4.45,-1.0,0.0,0.0,0.0,1.52,0.45,1.0,0.0,0.0,0.0,1.52,2.45,1.0,0.0,0.0,0.0,1.52,4.45,1.0,0.0,0.0,0.0,3.22,-1.71,-1.0,0.0,0.0,0.0,3.22,0.29,-1.0,0.0,0.0,0.0,3.22,2.29,-1.0,0.0,0.0,0.0,3.22,-1.71,1.0,0.0,0.0,0.0,3.22,0.29,1.0,0.0,0.0,0.0,3.22,2.29,1.0,0.0,0.0,0.0,9.9,1.7323999999999322,0.7563999999999954,0.0,-1.1600000000000499,-0.260000000000038,9.9,3.732400000000433,0.7563999999999954,0.0,-1.1600000000000499,-0.260000000000038,6.8,-0.5427999999999452,-0.4911999999999661,0.0,1.2699999999999931,0.5800000000000249,-4.84,-4.569600000000338,-1.1372000000000646,0.0,0.6399999999997519,0.22999999999995246,-4.84,-2.5695999999997334,-1.1372000000000646,0.0,0.640000000000196,0.22999999999995246,0,0,0,0,0,0,0,0,0,0,0,0,0,0,0,0,0,0,0,0,0,0,0,0,0,0,0,0,0,0,0,0,0,0,0,0,0,0,0,0,0,0,0,0,0,0,0,0,0,0,0,0,0,0,0,0,0,0,0,0,0,0,0,0,0,0,0,0,0,0,0,0,0,0,0,0,0,0,0,0,0,0,0,0,0,0,0,0,0,0,0,0,0,0,0,0,0,0,0,0,0,0,0,0,0,0,0,0,0,0,0,0,0,0,0,0,0,0,0,0,0,0,0,0,0,0,0,0,0,0,0,0,0,0,0,0,0,0,0,0,0,0,0,0,0,0,0,0,0,0
4.601671743,-9.905034999999964,0.02283500000000021,0.018564999999999946,0.44399999999988893,0.07000000000000062,0.24400000000000116,0.444,0.07,0.244,3.368252818882066,2.95225025958201,2.19715638553627,4.999997199730413,-0.0050909059477896625,-0.0014440791758070573,-1.78,-3.18,-1.0,0.0,0.0,0.0,-1.78,-1.18,-1.0,0.0,0.0,0.0,-1.78,0.82,-1.0,0.0,0.0,0.0,-1.78,2.82,-1.0,0.0,0.0,0.0,-1.78,-3.18,1.0,0.0,0.0,0.0,-1.78,-1.18,1.0,0.0,0.0,0.0,-1.78,0.82,1.0,0.0,0.0,0.0,-1.78,2.82,1.0,0.0,0.0,0.0,1.52,0.45,-1.0,0.0,0.0,0.0,1.52,2.45,-1.0,0.0,0.0,0.0,1.52,4.45,-1.0,0.0,0.0,0.0,1.52,0.45,1.0,0.0,0.0,0.0,1.52,2.45,1.0,0.0,0.0,0.0,1.52,4.45,1.0,0.0,0.0,0.0,3.22,-1.71,-1.0,0.0,0.0,0.0,3.22,0.29,-1.0,0.0,0.0,0.0,3.22,2.29,-1.0,0.0,0.0,0.0,3.22,-1.71,1.0,0.0,0.0,0.0,3.22,0.29,1.0,0.0,0.0,0.0,3.22,2.29,1.0,0.0,0.0,0.0,9.9,1.6395999999999282,0.7355999999999924,0.0,-1.1600000000000499,-0.260000000000038,9.9,3.639600000000429,0.7355999999999924,0.0,-1.1600000000000499,-0.260000000000038,6.8,-0.44119999999994575,-0.4447999999999641,0.0,1.2699999999999931,0.5800000000000249,-4.84,-4.518400000000358,-1.1188000000000684,0.0,0.6399999999997519,0.22999999999995246,-4.84,-2.5183999999997178,-1.1188000000000684,0.0,0.640000000000196,0.22999999999995246,0,0,0,0,0,0,0,0,0,0,0,0,0,0,0,0,0,0,0,0,0,0,0,0,0,0,0,0,0,0,0,0,0,0,0,0,0,0,0,0,0,0,0,0,0,0,0,0,0,0,0,0,0,0,0,0,0,0,0,0,0,0,0,0,0,0,0,0,0,0,0,0,0,0,0,0,0,0,0,0,0,0,0,0,0,0,0,0,0,0,0,0,0,0,0,0,0,0,0,0,0,0,0,0,0,0,0,0,0,0,0,0,0,0,0,0,0,0,0,0,0,0,0,0,0,0,0,0,0,0,0,0,0,0,0,0,0,0,0,0,0,0,0,0,0,0,0,0,0,0
4.702186277,-9.866472999999964,0.025393000000000193,0.03504299999999998,0.5220000000001335,-0.008000000000001062,0.16599999999999948,0.522,-0.007999999999999993,0.16599999999999998,3.431909480849731,-2.8354481567979835,-2.1125059309227296,4.999992724956916,-0.006108091496708972,-0.00595328448737039,-1.78,-3.18,-1.0,0.0,0.0,0.0,-1.78,-1.18,-1.0,0.0,0.0,0.0,-1.78,0.82,-1.0,0.0,0.0,0.0,-1.78,2.82,-1.0,0.0,0.0,0.0,-1.78,-3.18,1.0,0.0,0.0,0.0,-1.78,-1.18,1.0,0.0,0.0,0.0,-1.78,0.82,1.0,0.0,0.0,0.0,-1.78,2.82,1.0,0.0,0.0,0.0,1.52,0.45,-1.0,0.0,0.0,0.0,1.52,2.45,-1.0,0.0,0.0,0.0,1.52,4.45,-1.0,0.0,0.0,0.0,1.52,0.45,1.0,0.0,0.0,0.0,1.52,2.45,1.0,0.0,0.0,0.0,1.52,4.45,1.0,0.0,0.0,0.0,3.22,-1.71,-1.0,0.0,0.0,0.0,3.22,0.29,-1.0,0.0,0.0,0.0,3.22,2.29,-1.0,0.0,0.0,0.0,3.22,-1.71,1.0,0.0,0.0,0.0,3.22,0.29,1.0,0.0,0.0,0.0,3.22,2.29,1.0,0.0,0.0,0.0,9.9,1.5467999999999242,0.7147999999999893,0.0,-1.1600000000000499,-0.260000000000038,9.9,3.546800000000425,0.7147999999999893,0.0,-1.1600000000000499,-0.260000000000038,6.8,-0.3141999999999464,-0.3867999999999616,0.0,1.2699999999999931,0.5800000000000249,-4.84,-4.4672000000003775,-1.1004000000000722,0.0,0.6399999999997519,0.22999999999995246,-4.84,-2.467199999999702,-1.1004000000000722,0.0,0.640000000000196,0.22999999999995246,0,0,0,0,0,0,0,0,0,0,0,0,0,0,0,0,0,0,0,0,0,0,0,0,0,0,0,0,0,0,0,0,0,0,0,0,0,0,0,0,0,0,0,0,0,0,0,0,0,0,0,0,0,0,0,0,0,0,0,0,0,0,0,0,0,0,0,0,0,0,0,0,0,0,0,0,0,0,0,0,0,0,0,0,0,0,0,0,0,0,0,0,0,0,0,0,0,0,0,0,0,0,0,0,0,0,0,0,0,0,0,0,0,0,0,0,0,0,0,0,0,0,0,0,0,0,0,0,0,0,0,0,0,0,0,0,0,0,0,0,0,0,0,0,0,0,0,0,0,0
4.801500567,-9.809714999999972,0.020035000000000126,0.05620100000000007,0.6079999999997199,-0.09400000000000032,0.2520000000000023,0.608,-0.09399999999999999,0.252,3.4850613623422904,-1.9536738613197462,2.9626990029421303,4.999985823643268,-0.006335490814512241,-0.010080918732128238,-1.78,-3.18,-1.0,0.0,0.0,0.0,-1.78,-1.18,-1.0,0.0,0.0,0.0,-1.78,0.82,-1.0,0.0,0.0,0.0,-1.78,2.82,-1.0,0.0,0.0,0.0,-1.78,-3.18,1.0,0.0,0.0,0.0,-1.78,-1.18,1.0,0.0,0.0,0.0,-1.78,0.82,1.0,0.0,0.0,0.0,-1.78,2.82,1.0,0.0,0.0,0.0,1.52,0.45,-1.0,0.0,0.0,0.0,1.52,2.45,-1.0,0.0,0.0,0.0,1.52,4.45,-1.0,0.0,0.0,0.0,1.52,0.45,1.0,0.0,0.0,0.0,1.52,2.45,1.0,0.0,0.0,0.0,1.52,4.45,1.0,0.0,0.0,0.0,3.22,-1.71,-1.0,0.0,0.0,0.0,3.22,0.29,-1.0,0.0,0.0,0.0,3.22,2.29,-1.0,0.0,0.0,0.0,3.22,-1.71,1.0,0.0,0.0,0.0,3.22,0.29,1.0,0.0,0.0,0.0,3.22,2.29,1.0,0.0,0.0,0.0,9.9,1.4307999999999192,0.6887999999999855,0.0,-1.1600000000000499,-0.260000000000038,9.9,3.43080000000042,0.6887999999999855,0.0,-1.1600000000000499,-0.260000000000038,6.8,-0.21259999999994694,-0.3403999999999596,0.0,1.2699999999999931,0.5800000000000249,-4.84,-4.403200000000402,-1.077400000000077,0.0,0.6399999999997519,0.22999999999995246,-4.84,-2.4031999999996825,-1.077400000000077,0.0,0.640000000000196,0.22999999999995246,0,0,0,0,0,0,0,0,0,0,0,0,0,0,0,0,0,0,0,0,0,0,0,0,0,0,0,0,0,0,0,0,0,0,0,0,0,0,0,0,0,0,0,0,0,0,0,0,0,0,0,0,0,0,0,0,0,0,0,0,0,0,0,0,0,0,0,0,0,0,0,0,0,0,0,0,0,0,0,0,0,0,0,0,0,0,0,0,0,0,0,0,0,0,0,0,0,0,0,0,0,0,0,0,0,0,0,0,0,0,0,0,0,0,0,0,0,0,0,0,0,0,0,0,0,0,0,0,0,0,0,0,0,0,0,0,0,0,0,0,0,0,0,0,0,0,0,0,0,0
4.901426784,-9.757355000000008,0.008795000000000126,0.08008100000000008,0.7009999999993966,-0.18699999999999964,0.34499999999999803,0.701,-0.187,0.345,3.591333888710641,-2.8417773321233213,1.973918366880171,4.999975018818262,-0.004726709401305555,-0.015082089098273311,-1.78,-3.18,-1.0,0.0,0.0,0.0,-1.78,-1.18,-1.0,0.0,0.0,0.0,-1.78,0.82,-1.0,0.0,0.0,0.0,-1.78,2.82,-1.0,0.0,0.0,0.0,-1.78,-3.18,1.0,0.0,0.0,0.0,-1.78,-1.18,1.0,0.0,0.0,0.0,-1.78,0.82,1.0,0.0,0.0,0.0,-1.78,2.82,1.0,0.0,0.0,0.0,1.52,0.45,-1.0,0.0,0.0,0.0,1.52,2.45,-1.0,0.0,0.0,0.0,1.52,4.45,-1.0,0.0,0.0,0.0,1.52,0.45,1.0,0.0,0.0,0.0,1.52,2.45,1.0,0.0,0.0,0.0,1.52,4.45,1.0,0.0,0.0,0.0,3.22,-1.71,-1.0,0.0,0.0,0.0,3.22,0.29,-1.0,0.0,0.0,0.0,3.22,2.29,-1.0,0.0,0.0,0.0,3.22,-1.71,1.0,0.0,0.0,0.0,3.22,0.29,1.0,0.0,0.0,0.0,3.22,2.29,1.0,0.0,0.0,0.0,9.9,1.3379999999999153,0.6679999999999825,0.0,-1.1600000000000499,-0.260000000000038,9.9,3.338000000000416,0.6679999999999825,0.0,-1.1600000000000499,-0.260000000000038,6.8,-0.11099999999994747,-0.29399999999995763,0.0,1.2699999999999931,0.5800000000000249,-4.84,-4.352000000000422,-1.0590000000000808,0.0,0.6399999999997519,0.22999999999995246,-4.84,-2.339199999999663,-1.0544000000000817,0.0,0.640000000000196,0.22999999999995246,0,0,0,0,0,0,0,0,0,0,0,0,0,0,0,0,0,0,0,0,0,0,0,0,0,0,0,0,0,0,0,0,0,0,0,0,0,0,0,0,0,0,0,0,0,0,0,0,0,0,0,0,0,0,0,0,0,0,0,0,0,0,0,0,0,0,0,0,0,0,0,0,0,0,0,0,0,0,0,0,0,0,0,0,0,0,0,0,0,0,0,0,0,0,0,0,0,0,0,0,0,0,0,0,0,0,0,0,0,0,0,0,0,0,0,0,0,0,0,0,0,0,0,0,0,0,0,0,0,0,0,0,0,0,0,0,0,0,0,0,0,0,0,0,0,0,0,0,0,0
5.000846871,-9.683084000000058,-0.014075999999999861,0.11875199999999989,0.7979999999996323,-0.2839999999999995,0.44199999999999795,0.7979999999999999,-0.28400000000000003,0.44199999999999995,3.70043973611677,-1.2461168668427107,3.131840883925185,4.99994784542068,-0.0008542231304128178,-0.022821335980535616,-1.78,-3.18,-1.0,0.0,0.0,0.0,-1.78,-1.18,-1.0,0.0,0.0,0.0,-1.78,0.82,-1.0,0.0,0.0,0.0,-1.78,2.82,-1.0,0.0,0.0,0.0,-1.78,-3.18,1.0,0.0,0.0,0.0,-1.78,-1.18,1.0,0.0,0.0,0.0,-1.78,0.82,1.0,0.0,0.0,0.0,-1.78,2.82,1.0,0.0,0.0,0.0,1.52,0.45,-1.0,0.0,0.0,0.0,1.52,2.45,-1.0,0.0,0.0,0.0,1.52,4.45,-1.0,0.0,0.0,0.0,1.52,0.45,1.0,0.0,0.0,0.0,1.52,2.45,1.0,0.0,0.0,0.0,1.52,4.45,1.0,0.0,0.0,0.0,3.22,-1.71,-1.0,0.0,0.0,0.0,3.22,0.29,-1.0,0.0,0.0,0.0,3.22,2.29,-1.0,0.0,0.0,0.0,3.22,-1.71,1.0,0.0,0.0,0.0,3.22,0.29,1.0,0.0,0.0,0.0,3.22,2.29,1.0,0.0,0.0,0.0,9.9,1.2219999999999103,0.6419999999999787,0.0,-1.1600000000000499,-0.260000000000038,9.9,3.222000000000411,0.6419999999999787,0.0,-1.1600000000000499,-0.260000000000038,6.8,0.01600000000005229,-0.23599999999995583,0.0,1.2699999999999998,0.5799999999999973,-4.84,-4.288000000000447,-1.0360000000000855,0.0,0.6399999999997519,0.22999999999995246,-4.84,-2.287999999999647,-1.0360000000000855,0.0,0.640000000000196,0.22999999999995246,0,0,0,0,0,0,0,0,0,0,0,0,0,0,0,0,0,0,0,0,0,0,0,0,0,0,0,0,0,0,0,0,0,0,0,0,0,0,0,0,0,0,0,0,0,0,0,0,0,0,0,0,0,0,0,0,0,0,0,0,0,0,0,0,0,0,0,0,0,0,0,0,0,0,0,0,0,0,0,0,0,0,0,0,0,0,0,0,0,0,0,0,0,0,0,0,0,0,0,0,0,0,0,0,0,0,0,0,0,0,0,0,0,0,0,0,0,0,0,0,0,0,0,0,0,0,0,0,0,0,0,0,0,0,0,0,0,0,0,0,0,0,0,0,0,0,0,0,0,0
5.100933421,-9.616518000000067,-0.03952199999999991,0.1513859999999994,0.892000000000337,-0.3780000000000033,0.34799999999998726,0.8919999999999999,-0.378,0.348,3.765818576166504,-2.504835148464084,-2.090457124749306,4.999893067548145,0.00495008663402755,-0.03232351661445188,-1.78,-3.18,-1.0,0.0,0.0,0.0,-1.78,-1.18,-1.0,0.0,0.0,0.0,-1.78,0.82,-1.0,0.0,0.0,0.0,-1.78,2.82,-1.0,0.0,0.0,0.0,-1.78,-3.18,1.0,0.0,0.0,0.0,-1.78,-1.18,1.0,0.0,0.0,0.0,-1.78,0.82,1.0,0.0,0.0,0.0,-1.78,2.82,1.0,0.0,0.0,0.0,1.52,0.45,-1.0,0.0,0.0,0.0,1.52,2.45,-1.0,0.0,0.0,0.0,1.52,4.45,-1.0,0.0,0.0,0.0,1.52,0.45,1.0,0.0,0.0,0.0,1.52,2.45,1.0,0.0,0.0,0.0,1.52,4.45,1.0,0.0,0.0,0.0,3.22,-1.71,-1.0,0.0,0.0,0.0,3.22,0.29,-1.0,0.0,0.0,0.0,3.22,2.29,-1.0,0.0,0.0,0.0,3.22,-1.71,1.0,0.0,0.0,0.0,3.22,0.29,1.0,0.0,0.0,0.0,3.22,2.29,1.0,0.0,0.0,0.0,9.9,1.1291999999999063,0.6211999999999757,0.0,-1.1600000000000499,-0.260000000000038,9.9,3.129200000000407,0.6211999999999757,0.0,-1.1600000000000499,-0.260000000000038,6.8,0.11760000000005201,-0.18959999999995605,0.0,1.2699999999999931,0.5799999999999973,-4.84,-4.236800000000467,-1.0176000000000893,0.0,0.6399999999997519,0.22999999999995246,-4.84,-2.2367999999996315,-1.0176000000000893,0.0,0.640000000000196,0.22999999999995246,0,0,0,0,0,0,0,0,0,0,0,0,0,0,0,0,0,0,0,0,0,0,0,0,0,0,0,0,0,0,0,0,0,0,0,0,0,0,0,0,0,0,0,0,0,0,0,0,0,0,0,0,0,0,0,0,0,0,0,0,0,0,0,0,0,0,0,0,0,0,0,0,0,0,0,0,0,0,0,0,0,0,0,0,0,0,0,0,0,0,0,0,0,0,0,0,0,0,0,0,0,0,0,0,0,0,0,0,0,0,0,0,0,0,0,0,0,0,0,0,0,0,0,0,0,0,0,0,0,0,0,0,0,0,0,0,0,0,0,0,0,0,0,0,0,0,0,0,0,0
5.200709679,-9.523464000000079,-0.08117600000000018,0.1823319999999982,0.9739999999993643,-0.4600000000000021,0.26599999999998847,0.9739999999999999,-0.46,0.26599999999999996,3.8510927703262223,-2.390680531325628,-2.053526817069366,4.999818500088763,0.012399072023240115,-0.04075817934000739,-1.78,-3.18,-1.0,0.0,0.0,0.0,-1.78,-1.18,-1.0,0.0,0.0,0.0,-1.78,0.82,-1.0,0.0,0.0,0.0,-1.78,2.82,-1.0,0.0,0.0,0.0,-1.78,-3.18,1.0,0.0,0.0,0.0,-1.78,-1.18,1.0,0.0,0.0,0.0,-1.78,0.82,1.0,0.0,0.0,0.0,-1.78,2.82,1.0,0.0,0.0,0.0,1.52,0.45,-1.0,0.0,0.0,0.0,1.52,2.45,-1.0,0.0,0.0,0.0,1.52,4.45,-1.0,0.0,0.0,0.0,1.52,0.45,1.0,0.0,0.0,0.0,1.52,2.45,1.0,0.0,0.0,0.0,1.52,4.45,1.0,0.0,0.0,0.0,3.22,-1.71,-1.0,0.0,0.0,0.0,3.22,0.29,-1.0,0.0,0.0,0.0,3.22,2.29,-1.0,0.0,0.0,0.0,3.22,-1.71,1.0,0.0,0.0,0.0,3.22,0.29,1.0,0.0,0.0,0.0,3.22,2.29,1.0,0.0,0.0,0.0,9.9,1.0131999999999013,0.5951999999999719,0.0,-1.1600000000000499,-0.260000000000038,9.9,3.0132000000004022,0.5951999999999719,0.0,-1.1600000000000499,-0.260000000000038,6.8,0.24460000000005136,-0.13159999999995634,0.0,1.2699999999999931,0.5799999999999973,-4.84,-4.172800000000492,-0.9946000000000941,0.0,0.6399999999997519,0.22999999999995246,-4.84,-2.172799999999612,-0.9946000000000941,0.0,0.640000000000196,0.22999999999995246,0,0,0,0,0,0,0,0,0,0,0,0,0,0,0,0,0,0,0,0,0,0,0,0,0,0,0,0,0,0,0,0,0,0,0,0,0,0,0,0,0,0,0,0,0,0,0,0,0,0,0,0,0,0,0,0,0,0,0,0,0,0,0,0,0,0,0,0,0,0,0,0,0,0,0,0,0,0,0,0,0,0,0,0,0,0,0,0,0,0,0,0,0,0,0,0,0,0,0,0,0,0,0,0,0,0,0,0,0,0,0,0,0,0,0,0,0,0,0,0,0,0,0,0,0,0,0,0,0,0,0,0,0,0,0,0,0,0,0,0,0,0,0,0,0,0,0,0,0,0
5.301195135,-9.441800000000118,-0.12172000000000009,0.19986799999999752,1.0519999999996088,-0.5379999999999968,0.18799999999999373,1.0519999999999998,-0.538,0.18799999999999994,3.9705421554794493,-1.4224428176941344,-2.7024283059845584,4.9997186011321935,0.022810124610553806,-0.04789162461212151,-1.78,-3.18,-1.0,0.0,0.0,0.0,-1.78,-1.18,-1.0,0.0,0.0,0.0,-1.78,0.82,-1.0,0.0,0.0,0.0,-1.78,2.82,-1.0,0.0,0.0,0.0,-1.78,-3.18,1.0,0.0,0.0,0.0,-1.78,-1.18,1.0,0.0,0.0,0.0,-1.78,0.82,1.0,0.0,0.0,0.0,-1.78,2.82,1.0,0.0,0.0,0.0,1.52,0.45,-1.0,0.0,0.0,0.0,1.52,2.45,-1.0,0.0,0.0,0.0,1.52,4.45,-1.0,0.0,0.0,0.0,1.52,0.45,1.0,0.0,0.0,0.0,1.52,2.45,1.0,0.0,0.0,0.0,1.52,4.45,1.0,0.0,0.0,0.0,3.22,-1.71,-1.0,0.0,0.0,0.0,3.22,0.29,-1.0,0.0,0.0,0.0,3.22,2.29,-1.0,0.0,0.0,0.0,3.22,-1.71,1.0,0.0,0.0,0.0,3.22,0.29,1.0,0.0,0.0,0.0,3.22,2.29,1.0,0.0,0.0,0.0,9.9,0.9203999999998973,0.5743999999999688,0.0,-1.1600000000000499,-0.260000000000038,9.9,2.9204000000003982,0.5743999999999688,0.0,-1.1600000000000499,-0.260000000000038,6.8,0.34620000000005086,-0.08519999999995656,0.0,1.2699999999999931,0.5799999999999973,-4.84,-4.1216000000005115,-0.9762000000000979,0.0,0.6399999999997519,0.22999999999995246,-4.84,-2.1215999999995963,-0.9762000000000979,0.0,0.640000000000196,0.22999999999995246,0,0,0,0,0,0,0,0,0,0,0,0,0,0,0,0,0,0,0,0,0,0,0,0,0,0,0,0,0,0,0,0,0,0,0,0,0,0,0,0,0,0,0,0,0,0,0,0,0,0,0,0,0,0,0,0,0,0,0,0,0,0,0,0,0,0,0,0,0,0,0,0,0,0,0,0,0,0,0,0,0,0,0,0,0,0,0,0,0,0,0,0,0,0,0,0,0,0,0,0,0,0,0,0,0,0,0,0,0,0,0,0,0,0,0,0,0,0,0,0,0,0,0,0,0,0,0,0,0,0,0,0,0,0,0,0,0,0,0,0,0,0,0,0,0,0,0,0,0,0
5.404747249,-9.331556000000145,-0.18056400000000034,0.21362399999999762,1.1489999999998446,-0.6349999999999966,0.09100000000000774,1.1489999999999998,-0.635,0.09099999999999994,4.042578713750594,-1.353640553807832,-2.547840669067104,4.999604955678567,0.03447131330958559,-0.05255488286570689,-1.78,-3.18,-1.0,0.0,0.0,0.0,-1.78,-1.18,-1.0,0.0,0.0,0.0,-1.78,0.82,-1.0,0.0,0.0,0.0,-1.78,2.82,-1.0,0.0,0.0,0.0,-1.78,-3.18,1.0,0.0,0.0,0.0,-1.78,-1.18,1.0,0.0,0.0,0.0,-1.78,0.82,1.0,0.0,0.0,0.0,-1.78,2.82,1.0,0.0,0.0,0.0,1.52,0.45,-1.0,0.0,0.0,0.0,1.52,2.45,-1.0,0.0,0.0,0.0,1.52,4.45,-1.0,0.0,0.0,0.0,1.52,0.45,1.0,0.0,0.0,0.0,1.52,2.45,1.0,0.0,0.0,0.0,1.52,4.45,1.0,0.0,0.0,0.0,3.22,-1.71,-1.0,0.0,0.0,0.0,3.22,0.29,-1.0,0.0,0.0,0.0,3.22,2.29,-1.0,0.0,0.0,0.0,3.22,-1.71,1.0,0.0,0.0,0.0,3.22,0.29,1.0,0.0,0.0,0.0,3.22,2.29,1.0,0.0,0.0,0.0,9.9,0.8043999999998923,0.548399999999965,0.0,-1.1600000000000499,-0.260000000000038,9.9,2.8044000000003932,0.548399999999965,0.0,-1.1600000000000499,-0.260000000000038,6.8,0.4732000000000502,-0.027199999999956818,0.0,1.2699999999999931,0.5799999999999997,-4.84,-4.057600000000536,-0.9532000000001026,0.0,0.6399999999997519,0.22999999999995246,-4.84,-2.0575999999995767,-0.9532000000001026,0.0,0.640000000000196,0.22999999999995246,0,0,0,0,0,0,0,0,0,0,0,0,0,0,0,0,0,0,0,0,0,0,0,0,0,0,0,0,0,0,0,0,0,0,0,0,0,0,0,0,0,0,0,0,0,0,0,0,0,0,0,0,0,0,0,0,0,0,0,0,0,0,0,0,0,0,0,0,0,0,0,0,0,0,0,0,0,0,0,0,0,0,0,0,0,0,0,0,0,0,0,0,0,0,0,0,0,0,0,0,0,0,0,0,0,0,0,0,0,0,0,0,0,0,0,0,0,0,0,0,0,0,0,0,0,0,0,0,0,0,0,0,0,0,0,0,0,0,0,0,0,0,0,0,0,0,0,0,0,0
5.501277269,-9.235764000000163,-0.22749199999999986,0.21703199999999803,1.2369999999997106,-0.5469999999999918,0.0030000000000030003,1.2369999999999999,-0.547,0.002999999999999947,4.143068271327992,0.46504244465667366,-2.7553789668733986,4.999459747061487,0.048200610687415935,-0.05548818469951744,-1.78,-3.18,-1.0,0.0,0.0,0.0,-1.78,-1.18,-1.0,0.0,0.0,0.0,-1.78,0.82,-1.0,0.0,0.0,0.0,-1.78,2.82,-1.0,0.0,0.0,0.0,-1.78,-3.18,1.0,0.0,0.0,0.0,-1.78,-1.18,1.0,0.0,0.0,0.0,-1.78,0.82,1.0,0.0,0.0,0.0,-1.78,2.82,1.0,0.0,0.0,0.0,1.52,0.45,-1.0,0.0,0.0,0.0,1.52,2.45,-1.0,0.0,0.0,0.0,1.52,4.45,-1.0,0.0,0.0,0.0,1.52,0.45,1.0,0.0,0.0,0.0,1.52,2.45,1.0,0.0,0.0,0.0,1.52,4.45,1.0,0.0,0.0,0.0,3.22,-1.71,-1.0,0.0,0.0,0.0,3.22,0.29,-1.0,0.0,0.0,0.0,3.22,2.29,-1.0,0.0,0.0,0.0,3.22,-1.71,1.0,0.0,0.0,0.0,3.22,0.29,1.0,0.0,0.0,0.0,3.22,2.29,1.0,0.0,0.0,0.0,9.9,0.7115999999998883,0.527599999999962,0.0,-1.1600000000000499,-0.260000000000038,9.9,2.7116000000003893,0.527599999999962,0.0,-1.1600000000000499,-0.260000000000038,6.8,0.5748000000000497,0.01920000000004321,0.0,1.2699999999999931,0.5800000000000006,-4.84,-4.006400000000556,-0.9348000000001064,0.0,0.6399999999997519,0.22999999999995246,-4.84,-2.006399999999561,-0.9348000000001064,0.0,0.640000000000196,0.22999999999995246,0,0,0,0,0,0,0,0,0,0,0,0,0,0,0,0,0,0,0,0,0,0,0,0,0,0,0,0,0,0,0,0,0,0,0,0,0,0,0,0,0,0,0,0,0,0,0,0,0,0,0,0,0,0,0,0,0,0,0,0,0,0,0,0,0,0,0,0,0,0,0,0,0,0,0,0,0,0,0,0,0,0,0,0,0,0,0,0,0,0,0,0,0,0,0,0,0,0,0,0,0,0,0,0,0,0,0,0,0,0,0,0,0,0,0,0,0,0,0,0,0,0,0,0,0,0,0,0,0,0,0,0,0,0,0,0,0,0,0,0,0,0,0,0,0,0,0,0,0,0
5.602142004,-9.133536000000202,-0.2679839999999991,0.21400399999999817,1.322999999999297,-0.4609999999999893,-0.08299999999999974,1.323,-0.4610000000000001,-0.08300000000000005,4.208093272138999,0.5634799384696483,-2.472099117499253,4.999299529088914,0.061754697225611534,-0.056485182321916426,-1.78,-3.18,-1.0,0.0,0.0,0.0,-1.78,-1.18,-1.0,0.0,0.0,0.0,-1.78,0.82,-1.0,0.0,0.0,0.0,-1.78,2.82,-1.0,0.0,0.0,0.0,-1.78,-3.18,1.0,0.0,0.0,0.0,-1.78,-1.18,1.0,0.0,0.0,0.0,-1.78,0.82,1.0,0.0,0.0,0.0,-1.78,2.82,1.0,0.0,0.0,0.0,1.52,0.45,-1.0,0.0,0.0,0.0,1.52,2.45,-1.0,0.0,0.0,0.0,1.52,4.45,-1.0,0.0,0.0,0.0,1.52,0.45,1.0,0.0,0.0,0.0,1.52,2.45,1.0,0.0,0.0,0.0,1.52,4.45,1.0,0.0,0.0,0.0,3.22,-1.71,-1.0,0.0,0.0,0.0,3.22,0.29,-1.0,0.0,0.0,0.0,3.22,2.29,-1.0,0.0,0.0,0.0,3.22,-1.71,1.0,0.0,0.0,0.0,3.22,0.29,1.0,0.0,0.0,0.0,3.22,2.29,1.0,0.0,0.0,0.0,9.9,0.6187999999998843,0.506799999999959,0.0,-1.1600000000000499,-0.260000000000038,9.9,2.5956000000003843,0.5015999999999582,0.0,-1.1600000000000499,-0.260000000000038,6.8,0.6764000000000492,0.06560000000004305,0.0,1.2699999999999931,0.5799999999999973,-4.84,-3.942400000000541,-0.9118000000001112,0.0,0.640000000000196,0.22999999999995246,-4.84,-1.955199999999561,-0.9164000000001102,0.0,0.6399999999999739,0.22999999999995246,0,0,0,0,0,0,0,0,0,0,0,0,0,0,0,0,0,0,0,0,0,0,0,0,0,0,0,0,0,0,0,0,0,0,0,0,0,0,0,0,0,0,0,0,0,0,0,0,0,0,0,0,0,0,0,0,0,0,0,0,0,0,0,0,0,0,0,0,0,0,0,0,0,0,0,0,0,0,0,0,0,0,0,0,0,0,0,0,0,0,0,0,0,0,0,0,0,0,0,0,0,0,0,0,0,0,0,0,0,0,0,0,0,0,0,0,0,0,0,0,0,0,0,0,0,0,0,0,0,0,0,0,0,0,0,0,0,0,0,0,0,0,0,0,0,0,0,0,0,0
5.700498186,-8.996619000000184,-0.30946699999999816,0.20108699999999832,1.404000000000849,-0.37999999999999146,-0.16399999999999748,1.404,-0.38000000000000006,-0.16400000000000003,4.314195776146397,1.759923826525041,-1.7981587194452116,4.999152142789248,0.07353297368398001,-0.05541439367950964,-1.78,-3.18,-1.0,0.0,0.0,0.0,-1.78,-1.18,-1.0,0.0,0.0,0.0,-1.78,0.82,-1.0,0.0,0.0,0.0,-1.78,2.82,-1.0,0.0,0.0,0.0,-1.78,-3.18,1.0,0.0,0.0,0.0,-1.78,-1.18,1.0,0.0,0.0,0.0,-1.78,0.82,1.0,0.0,0.0,0.0,-1.78,2.82,1.0,0.0,0.0,0.0,1.52,0.45,-1.0,0.0,0.0,0.0,1.52,2.45,-1.0,0.0,0.0,0.0,1.52,4.45,-1.0,0.0,0.0,0.0,1.52,0.45,1.0,0.0,0.0,0.0,1.52,2.45,1.0,0.0,0.0,0.0,1.52,4.45,1.0,0.0,0.0,0.0,3.22,-1.71,-1.0,0.0,0.0,0.0,3.22,0.29,-1.0,0.0,0.0,0.0,3.22,2.29,-1.0,0.0,0.0,0.0,3.22,-1.71,1.0,0.0,0.0,0.0,3.22,0.29,1.0,0.0,0.0,0.0,3.22,2.29,1.0,0.0,0.0,0.0,9.9,0.5259999999998803,0.4859999999999589,0.0,-1.1600000000000499,-0.25999999999998247,9.9,2.5260000000003813,0.4859999999999589,0.0,-1.1600000000000499,-0.25999999999998247,6.8,0.8034000000000485,0.12360000000004277,0.0,1.2699999999999931,0.5799999999999973,-4.84,-3.9040000000005293,-0.898000000000114,0.0,0.640000000000196,0.22999999999995246,-4.84,-1.9039999999995632,-0.898000000000114,0.0,0.6399999999999739,0.22999999999995246,0,0,0,0,0,0,0,0,0,0,0,0,0,0,0,0,0,0,0,0,0,0,0,0,0,0,0,0,0,0,0,0,0,0,0,0,0,0,0,0,0,0,0,0,0,0,0,0,0,0,0,0,0,0,0,0,0,0,0,0,0,0,0,0,0,0,0,0,0,0,0,0,0,0,0,0,0,0,0,0,0,0,0,0,0,0,0,0,0,0,0,0,0,0,0,0,0,0,0,0,0,0,0,0,0,0,0,0,0,0,0,0,0,0,0,0,0,0,0,0,0,0,0,0,0,0,0,0,0,0,0,0,0,0,0,0,0,0,0,0,0,0,0,0,0,0,0,0,0,0
5.802121776,-8.879987000000122,-0.3355549999999986,0.1836549999999983,1.492000000000715,-0.29200000000001447,-0.2520000000000023,1.492,-0.29200000000000004,-0.252,4.395901276493198,0.36713545216524146,-2.068127468272892,4.9990447658163975,0.08239241046739092,-0.052563486005511036,-1.78,-3.18,-1.0,0.0,0.0,0.0,-1.78,-1.18,-1.0,0.0,0.0,0.0,-1.78,0.82,-1.0,0.0,0.0,0.0,-1.78,2.82,-1.0,0.0,0.0,0.0,-1.78,-3.18,1.0,0.0,0.0,0.0,-1.78,-1.18,1.0,0.0,0.0,0.0,-1.78,0.82,1.0,0.0,0.0,0.0,-1.78,2.82,1.0,0.0,0.0,0.0,1.52,0.45,-1.0,0.0,0.0,0.0,1.52,2.45,-1.0,0.0,0.0,0.0,1.52,4.45,-1.0,0.0,0.0,0.0,1.52,0.45,1.0,0.0,0.0,0.0,1.52,2.45,1.0,0.0,0.0,0.0,1.52,4.45,1.0,0.0,0.0,0.0,3.22,-1.71,-1.0,0.0,0.0,0.0,3.22,0.29,-1.0,0.0,0.0,0.0,3.22,2.29,-1.0,0.0,0.0,0.0,3.22,-1.71,1.0,0.0,0.0,0.0,3.22,0.29,1.0,0.0,0.0,0.0,3.22,2.29,1.0,0.0,0.0,0.0,9.9,0.4099999999998797,0.45999999999996066,0.0,-1.1599999999999946,-0.25999999999998247,9.9,2.4100000000003763,0.45999999999996066,0.0,-1.1600000000000499,-0.25999999999998247,6.8,0.905000000000048,0.17000000000004256,0.0,1.2699999999999931,0.5799999999999973,-4.84,-3.8400000000005097,-0.8750000000001188,0.0,0.640000000000196,0.22999999999995246,-4.84,-1.8399999999995658,-0.8750000000001188,0.0,0.6399999999999739,0.22999999999995246,0,0,0,0,0,0,0,0,0,0,0,0,0,0,0,0,0,0,0,0,0,0,0,0,0,0,0,0,0,0,0,0,0,0,0,0,0,0,0,0,0,0,0,0,0,0,0,0,0,0,0,0,0,0,0,0,0,0,0,0,0,0,0,0,0,0,0,0,0,0,0,0,0,0,0,0,0,0,0,0,0,0,0,0,0,0,0,0,0,0,0,0,0,0,0,0,0,0,0,0,0,0,0,0,0,0,0,0,0,0,0,0,0,0,0,0,0,0,0,0,0,0,0,0,0,0,0,0,0,0,0,0,0,0,0,0,0,0,0,0,0,0,0,0,0,0,0,0,0,0
5.904267529,-8.725711000000109,-0.36983099999999913,0.16353099999999865,1.5859999999996433,-0.38599999999999746,-0.15799999999999148,1.586,-0.386,-0.158,4.488496820006179,-1.357315626855629,1.7074789698357016,4.998956824576695,0.09044705562132889,-0.04743412429381846,-1.78,-3.18,-1.0,0.0,0.0,0.0,-1.78,-1.18,-1.0,0.0,0.0,0.0,-1.78,0.82,-1.0,0.0,0.0,0.0,-1.78,2.82,-1.0,0.0,0.0,0.0,-1.78,-3.18,1.0,0.0,0.0,0.0,-1.78,-1.18,1.0,0.0,0.0,0.0,-1.78,0.82,1.0,0.0,0.0,0.0,-1.78,2.82,1.0,0.0,0.0,0.0,1.52,0.45,-1.0,0.0,0.0,0.0,1.52,2.45,-1.0,0.0,0.0,0.0,1.52,4.45,-1.0,0.0,0.0,0.0,1.52,0.45,1.0,0.0,0.0,0.0,1.52,2.45,1.0,0.0,0.0,0.0,1.52,4.45,1.0,0.0,0.0,0.0,3.22,-1.71,-1.0,0.0,0.0,0.0,3.22,0.29,-1.0,0.0,0.0,0.0,3.22,2.29,-1.0,0.0,0.0,0.0,3.22,-1.71,1.0,0.0,0.0,0.0,3.22,0.29,1.0,0.0,0.0,0.0,3.22,2.29,1.0,0.0,0.0,0.0,9.9,0.29399999999988025,0.4339999999999624,0.0,-1.1599999999999946,-0.25999999999998247,9.9,2.2940000000003713,0.4339999999999624,0.0,-1.1600000000000499,-0.25999999999998247,6.8,1.0320000000000502,0.22800000000004228,0.0,1.2700000000001044,0.5799999999999973,-4.84,-3.77600000000049,-0.8520000000001235,0.0,0.640000000000196,0.22999999999995246,-4.84,-1.7759999999995684,-0.8520000000001235,0.0,0.6399999999999739,0.22999999999995246,0,0,0,0,0,0,0,0,0,0,0,0,0,0,0,0,0,0,0,0,0,0,0,0,0,0,0,0,0,0,0,0,0,0,0,0,0,0,0,0,0,0,0,0,0,0,0,0,0,0,0,0,0,0,0,0,0,0,0,0,0,0,0,0,0,0,0,0,0,0,0,0,0,0,0,0,0,0,0,0,0,0,0,0,0,0,0,0,0,0,0,0,0,0,0,0,0,0,0,0,0,0,0,0,0,0,0,0,0,0,0,0,0,0,0,0,0,0,0,0,0,0,0,0,0,0,0,0,0,0,0,0,0,0,0,0,0,0,0,0,0,0,0,0,0,0,0,0,0,0
6.001312089,-8.594695000000144,-0.396575,0.15502699999999955,1.6739999999995092,-0.29800000000002047,-0.06999999999998674,1.6740000000000002,-0.29800000000000004,-0.07,4.565799727889939,0.23077558402889942,1.718807245866548,4.998817703864841,0.09972957410706877,-0.043307915856799994,-1.78,-3.18,-1.0,0.0,0.0,0.0,-1.78,-1.18,-1.0,0.0,0.0,0.0,-1.78,0.82,-1.0,0.0,0.0,0.0,-1.78,2.82,-1.0,0.0,0.0,0.0,-1.78,-3.18,1.0,0.0,0.0,0.0,-1.78,-1.18,1.0,0.0,0.0,0.0,-1.78,0.82,1.0,0.0,0.0,0.0,-1.78,2.82,1.0,0.0,0.0,0.0,1.52,0.45,-1.0,0.0,0.0,0.0,1.52,2.45,-1.0,0.0,0.0,0.0,1.52,4.45,-1.0,0.0,0.0,0.0,1.52,0.45,1.0,0.0,0.0,0.0,1.52,2.45,1.0,0.0,0.0,0.0,1.52,4.45,1.0,0.0,0.0,0.0,3.22,-1.71,-1.0,0.0,0.0,0.0,3.22,0.29,-1.0,0.0,0.0,0.0,3.22,2.29,-1.0,0.0,0.0,0.0,3.22,-1.71,1.0,0.0,0.0,0.0,3.22,0.29,1.0,0.0,0.0,0.0,3.22,2.29,1.0,0.0,0.0,0.0,9.9,0.2011999999998807,0.4131999999999638,0.0,-1.1599999999999946,-0.25999999999998247,9.9,2.2012000000003673,0.4131999999999638,0.0,-1.1600000000000499,-0.25999999999998247,6.8,1.1336000000000586,0.2744000000000432,0.0,1.2700000000001044,0.5800000000000249,-4.84,-3.7248000000004744,-0.8336000000001274,0.0,0.640000000000196,0.22999999999995246,-4.84,-1.7247999999995705,-0.8336000000001274,0.0,0.6399999999999739,0.22999999999995246,0,0,0,0,0,0,0,0,0,0,0,0,0,0,0,0,0,0,0,0,0,0,0,0,0,0,0,0,0,0,0,0,0,0,0,0,0,0,0,0,0,0,0,0,0,0,0,0,0,0,0,0,0,0,0,0,0,0,0,0,0,0,0,0,0,0,0,0,0,0,0,0,0,0,0,0,0,0,0,0,0,0,0,0,0,0,0,0,0,0,0,0,0,0,0,0,0,0,0,0,0,0,0,0,0,0,0,0,0,0,0,0,0,0,0,0,0,0,0,0,0,0,0,0,0,0,0,0,0,0,0,0,0,0,0,0,0,0,0,0,0,0,0,0,0,0,0,0,0,0
6.102906033,-8.457865000000176,-0.41750500000000124,0.1523370000000002,1.770999999999745,-0.20100000000000673,0.026999999999999247,1.7710000000000001,-0.20100000000000004,0.026999999999999996,4.570178970180289,0.5952254308405429,1.925043894079311,4.998646157452437,0.10876533189622353,-0.041312167257305445,-1.78,-3.18,-1.0,0.0,0.0,0.0,-1.78,-1.18,-1.0,0.0,0.0,0.0,-1.78,0.82,-1.0,0.0,0.0,0.0,-1.78,2.82,-1.0,0.0,0.0,0.0,-1.78,-3.18,1.0,0.0,0.0,0.0,-1.78,-1.18,1.0,0.0,0.0,0.0,-1.78,0.82,1.0,0.0,0.0,0.0,-1.78,2.82,1.0,0.0,0.0,0.0,1.52,0.45,-1.0,0.0,0.0,0.0,1.52,2.45,-1.0,0.0,0.0,0.0,1.52,4.45,-1.0,0.0,0.0,0.0,1.52,0.45,1.0,0.0,0.0,0.0,1.52,2.45,1.0,0.0,0.0,0.0,1.52,4.45,1.0,0.0,0.0,0.0,3.22,-1.71,-1.0,0.0,0.0,0.0,3.22,0.29,-1.0,0.0,0.0,0.0,3.22,2.29,-1.0,0.0,0.0,0.0,3.22,-1.71,1.0,0.0,0.0,0.0,3.22,0.29,1.0,0.0,0.0,0.0,3.22,2.29,1.0,0.0,0.0,0.0,9.9,0.10839999999988115,0.3923999999999652,0.0,-1.1599999999999946,-0.25999999999998247,9.9,2.1084000000003633,0.3923999999999652,0.0,-1.1600000000000499,-0.25999999999998247,6.8,1.235200000000067,0.3208000000000452,0.0,1.2700000000001044,0.5800000000000249,-4.84,-3.6736000000004587,-0.8152000000001312,0.0,0.640000000000196,0.22999999999995246,-4.84,-1.6735999999995725,-0.8152000000001312,0.0,0.6399999999999739,0.22999999999995246,0,0,0,0,0,0,0,0,0,0,0,0,0,0,0,0,0,0,0,0,0,0,0,0,0,0,0,0,0,0,0,0,0,0,0,0,0,0,0,0,0,0,0,0,0,0,0,0,0,0,0,0,0,0,0,0,0,0,0,0,0,0,0,0,0,0,0,0,0,0,0,0,0,0,0,0,0,0,0,0,0,0,0,0,0,0,0,0,0,0,0,0,0,0,0,0,0,0,0,0,0,0,0,0,0,0,0,0,0,0,0,0,0,0,0,0,0,0,0,0,0,0,0,0,0,0,0,0,0,0,0,0,0,0,0,0,0,0,0,0,0,0,0,0,0,0,0,0,0,0
6.203410539,-8.276715000000163,-0.43355500000000236,0.15908699999999967,1.8460000000004584,-0.126000000000015,0.10199999999999099,1.846,-0.12600000000000006,0.102,4.707047331662502,0.20534229690380723,1.7271746477845733,4.998519641844591,0.11437140900833342,-0.04147976488931132,-1.78,-3.18,-1.0,0.0,0.0,0.0,-1.78,-1.18,-1.0,0.0,0.0,0.0,-1.78,0.82,-1.0,0.0,0.0,0.0,-1.78,2.82,-1.0,0.0,0.0,0.0,-1.78,-3.18,1.0,0.0,0.0,0.0,-1.78,-1.18,1.0,0.0,0.0,0.0,-1.78,0.82,1.0,0.0,0.0,0.0,-1.78,2.82,1.0,0.0,0.0,0.0,1.52,0.45,-1.0,0.0,0.0,0.0,1.52,2.45,-1.0,0.0,0.0,0.0,1.52,4.45,-1.0,0.0,0.0,0.0,1.52,0.45,1.0,0.0,0.0,0.0,1.52,2.45,1.0,0.0,0.0,0.0,1.52,4.45,1.0,0.0,0.0,0.0,3.22,-1.71,-1.0,0.0,0.0,0.0,3.22,0.29,-1.0,0.0,0.0,0.0,3.22,2.29,-1.0,0.0,0.0,0.0,3.22,-1.71,1.0,0.0,0.0,0.0,3.22,0.29,1.0,0.0,0.0,0.0,3.22,2.29,1.0,0.0,0.0,0.0,9.9,0.015599999999881315,0.3715999999999666,0.0,-1.1600000000000013,-0.25999999999998247,9.9,2.0156000000003593,0.3715999999999666,0.0,-1.1600000000000499,-0.25999999999998247,6.8,1.3368000000000753,0.3672000000000472,0.0,1.2700000000001044,0.5800000000000249,-4.84,-3.622400000000443,-0.796800000000135,0.0,0.640000000000196,0.22999999999995246,-4.84,-1.6095999999995751,-0.7922000000001359,0.0,0.6399999999999739,0.22999999999995246,0,0,0,0,0,0,0,0,0,0,0,0,0,0,0,0,0,0,0,0,0,0,0,0,0,0,0,0,0,0,0,0,0,0,0,0,0,0,0,0,0,0,0,0,0,0,0,0,0,0,0,0,0,0,0,0,0,0,0,0,0,0,0,0,0,0,0,0,0,0,0,0,0,0,0,0,0,0,0,0,0,0,0,0,0,0,0,0,0,0,0,0,0,0,0,0,0,0,0,0,0,0,0,0,0,0,0,0,0,0,0,0,0,0,0,0,0,0,0,0,0,0,0,0,0,0,0,0,0,0,0,0,0,0,0,0,0,0,0,0,0,0,0,0,0,0,0,0,0,0
6.302288691,-8.124751000000161,-0.4393510000000021,0.171530999999999,1.9299999999997652,-0.04199999999998649,0.18599999999999173,1.9300000000000002,-0.04200000000000005,0.186,4.748950406569314,0.2931357994783501,1.5656178858795493,4.998396243531188,0.11884930337910798,-0.04370166746948619,-1.78,-3.18,-1.0,0.0,0.0,0.0,-1.78,-1.18,-1.0,0.0,0.0,0.0,-1.78,0.82,-1.0,0.0,0.0,0.0,-1.78,2.82,-1.0,0.0,0.0,0.0,-1.78,-3.18,1.0,0.0,0.0,0.0,-1.78,-1.18,1.0,0.0,0.0,0.0,-1.78,0.82,1.0,0.0,0.0,0.0,-1.78,2.82,1.0,0.0,0.0,0.0,1.52,0.45,-1.0,0.0,0.0,0.0,1.52,2.45,-1.0,0.0,0.0,0.0,1.52,4.45,-1.0,0.0,0.0,0.0,1.52,0.45,1.0,0.0,0.0,0.0,1.52,2.45,1.0,0.0,0.0,0.0,1.52,4.45,1.0,0.0,0.0,0.0,3.22,-1.71,-1.0,0.0,0.0,0.0,3.22,0.29,-1.0,0.0,0.0,0.0,3.22,2.29,-1.0,0.0,0.0,0.0,3.22,-1.71,1.0,0.0,0.0,0.0,3.22,0.29,1.0,0.0,0.0,0.0,3.22,2.29,1.0,0.0,0.0,0.0,9.9,-0.10040000000011855,0.3455999999999684,0.0,-1.1599999999999946,-0.25999999999998247,9.9,1.8996000000003543,0.3455999999999684,0.0,-1.1600000000000499,-0.25999999999998247,6.8,1.4638000000000857,0.4252000000000497,0.0,1.2700000000001044,0.5800000000000249,-4.84,-3.5584000000004234,-0.7738000000001397,0.0,0.640000000000196,0.22999999999995246,-4.84,-1.5583999999995772,-0.7738000000001397,0.0,0.6399999999999739,0.22999999999995246,0,0,0,0,0,0,0,0,0,0,0,0,0,0,0,0,0,0,0,0,0,0,0,0,0,0,0,0,0,0,0,0,0,0,0,0,0,0,0,0,0,0,0,0,0,0,0,0,0,0,0,0,0,0,0,0,0,0,0,0,0,0,0,0,0,0,0,0,0,0,0,0,0,0,0,0,0,0,0,0,0,0,0,0,0,0,0,0,0,0,0,0,0,0,0,0,0,0,0,0,0,0,0,0,0,0,0,0,0,0,0,0,0,0,0,0,0,0,0,0,0,0,0,0,0,0,0,0,0,0,0,0,0,0,0,0,0,0,0,0,0,0,0,0,0,0,0,0,0,0
6.40496561,-8.007431000000176,-0.4403510000000011,0.18421099999999868,2.0249999999997215,0.05300000000002525,0.2810000000000034,2.0250000000000004,0.05299999999999995,0.281,4.7310221487524196,0.10242686318783667,1.5621633486257132,4.998292094761185,0.12150382972744651,-0.048093188804785816,-1.78,-3.18,-1.0,0.0,0.0,0.0,-1.78,-1.18,-1.0,0.0,0.0,0.0,-1.78,0.82,-1.0,0.0,0.0,0.0,-1.78,2.82,-1.0,0.0,0.0,0.0,-1.78,-3.18,1.0,0.0,0.0,0.0,-1.78,-1.18,1.0,0.0,0.0,0.0,-1.78,0.82,1.0,0.0,0.0,0.0,-1.78,2.82,1.0,0.0,0.0,0.0,1.52,0.45,-1.0,0.0,0.0,0.0,1.52,2.45,-1.0,0.0,0.0,0.0,1.52,4.45,-1.0,0.0,0.0,0.0,1.52,0.45,1.0,0.0,0.0,0.0,1.52,2.45,1.0,0.0,0.0,0.0,1.52,4.45,1.0,0.0,0.0,0.0,3.22,-1.71,-1.0,0.0,0.0,0.0,3.22,0.29,-1.0,0.0,0.0,0.0,3.22,2.29,-1.0,0.0,0.0,0.0,3.22,-1.71,1.0,0.0,0.0,0.0,3.22,0.29,1.0,0.0,0.0,0.0,3.22,2.29,1.0,0.0,0.0,0.0,9.9,-0.1932000000001181,0.3247999999999698,0.0,-1.1599999999999946,-0.25999999999998247,9.9,1.8068000000003503,0.3247999999999698,0.0,-1.1600000000000499,-0.25999999999998247,6.8,1.540000000000092,0.4600000000000512,0.0,1.2700000000001044,0.5800000000000249,-4.84,-3.5200000000004117,-0.7600000000001426,0.0,0.640000000000196,0.22999999999995246,-4.84,-1.5071999999995793,-0.7554000000001435,0.0,0.6399999999999739,0.22999999999995246,0,0,0,0,0,0,0,0,0,0,0,0,0,0,0,0,0,0,0,0,0,0,0,0,0,0,0,0,0,0,0,0,0,0,0,0,0,0,0,0,0,0,0,0,0,0,0,0,0,0,0,0,0,0,0,0,0,0,0,0,0,0,0,0,0,0,0,0,0,0,0,0,0,0,0,0,0,0,0,0,0,0,0,0,0,0,0,0,0,0,0,0,0,0,0,0,0,0,0,0,0,0,0,0,0,0,0,0,0,0,0,0,0,0,0,0,0,0,0,0,0,0,0,0,0,0,0,0,0,0,0,0,0,0,0,0,0,0,0,0,0,0,0,0,0,0,0,0,0,0
6.501267473,-7.884928000000189,-0.4370689233148507,0.20207399999999895,2.0839999999999748,0.05900451089113634,0.34000000000000696,2.0840000000000005,0.059004510891163875,0.34,4.716339949000077,0.059004510891163875,1.6917941622256714,4.998221270677909,0.12219958206561304,-0.05339842212936361,-1.78,-3.18,-1.0,0.0,0.0,0.0,-1.78,-1.18,-1.0,0.0,0.0,0.0,-1.78,0.82,-1.0,0.0,0.0,0.0,-1.78,2.82,-1.0,0.0,0.0,0.0,-1.78,-3.18,1.0,0.0,0.0,0.0,-1.78,-1.18,1.0,0.0,0.0,0.0,-1.78,0.82,1.0,0.0,0.0,0.0,-1.78,2.82,1.0,0.0,0.0,0.0,1.52,0.45,-1.0,0.0,0.0,0.0,1.52,2.45,-1.0,0.0,0.0,0.0,1.52,4.45,-1.0,0.0,0.0,0.0,1.52,0.45,1.0,0.0,0.0,0.0,1.52,2.45,1.0,0.0,0.0,0.0,1.52,4.45,1.0,0.0,0.0,0.0,3.22,-1.71,-1.0,0.0,0.0,0.0,3.22,0.29,-1.0,0.0,0.0,0.0,3.22,2.29,-1.0,0.0,0.0,0.0,3.22,-1.71,1.0,0.0,0.0,0.0,3.22,0.29,1.0,0.0,0.0,0.0,3.22,2.29,1.0,0.0,0.0,0.0,9.9,-0.23960000000011789,0.3143999999999705,0.0,-1.1599999999999946,-0.25999999999998247,9.9,1.7604000000003484,0.3143999999999705,0.0,-1.1600000000000499,-0.25999999999998247,6.8,1.6162000000000982,0.4948000000000527,0.0,1.2700000000001044,0.5800000000000249,-4.84,-3.4816000000004,-0.7462000000001454,0.0,0.640000000000196,0.22999999999995246,-4.84,-1.4815999999995804,-0.7462000000001454,0.0,0.6399999999999739,0.22999999999995246,0,0,0,0,0,0,0,0,0,0,0,0,0,0,0,0,0,0,0,0,0,0,0,0,0,0,0,0,0,0,0,0,0,0,0,0,0,0,0,0,0,0,0,0,0,0,0,0,0,0,0,0,0,0,0,0,0,0,0,0,0,0,0,0,0,0,0,0,0,0,0,0,0,0,0,0,0,0,0,0,0,0,0,0,0,0,0,0,0,0,0,0,0,0,0,0,0,0,0,0,0,0,0,0,0,0,0,0,0,0,0,0,0,0,0,0,0,0,0,0,0,0,0,0,0,0,0,0,0,0,0,0,0,0,0,0,0,0,0,0,0,0,0,0,0,0,0,0,0,0
6.603324174,-7.716038000000198,-0.43017856244355956,0.23144399999999973,2.145999999999759,0.12100451089114284,0.40200000000001346,2.1460000000000004,0.12100451089116387,0.402,4.718686685297965,0.27464071836926696,1.6478606058707799,4.9981584880984,0.12208304346667484,-0.05922379882979,-1.78,-3.18,-1.0,0.0,0.0,0.0,-1.78,-1.18,-1.0,0.0,0.0,0.0,-1.78,0.82,-1.0,0.0,0.0,0.0,-1.78,2.82,-1.0,0.0,0.0,0.0,-1.78,-3.18,1.0,0.0,0.0,0.0,-1.78,-1.18,1.0,0.0,0.0,0.0,-1.78,0.82,1.0,0.0,0.0,0.0,-1.78,2.82,1.0,0.0,0.0,0.0,1.52,0.45,-1.0,0.0,0.0,0.0,1.52,2.45,-1.0,0.0,0.0,0.0,1.52,4.45,-1.0,0.0,0.0,0.0,1.52,0.45,1.0,0.0,0.0,0.0,1.52,2.45,1.0,0.0,0.0,0.0,1.52,4.45,1.0,0.0,0.0,0.0,3.22,-1.71,-1.0,0.0,0.0,0.0,3.22,0.29,-1.0,0.0,0.0,0.0,3.22,2.29,-1.0,0.0,0.0,0.0,3.22,-1.71,1.0,0.0,0.0,0.0,3.22,0.29,1.0,0.0,0.0,0.0,3.22,2.29,1.0,0.0,0.0,0.0,9.9,-0.33240000000011743,0.2935999999999719,0.0,-1.1599999999999946,-0.25999999999998247,9.9,1.6676000000003444,0.2935999999999719,0.0,-1.1600000000000499,-0.25999999999998247,6.8,1.7178000000001066,0.5412000000000546,0.0,1.2700000000001044,0.5800000000000249,-4.84,-3.4304000000003843,-0.7278000000001492,0.0,0.640000000000196,0.22999999999995246,-4.84,-1.4303999999995824,-0.7278000000001492,0.0,0.6399999999999739,0.22999999999995246,0,0,0,0,0,0,0,0,0,0,0,0,0,0,0,0,0,0,0,0,0,0,0,0,0,0,0,0,0,0,0,0,0,0,0,0,0,0,0,0,0,0,0,0,0,0,0,0,0,0,0,0,0,0,0,0,0,0,0,0,0,0,0,0,0,0,0,0,0,0,0,0,0,0,0,0,0,0,0,0,0,0,0,0,0,0,0,0,0,0,0,0,0,0,0,0,0,0,0,0,0,0,0,0,0,0,0,0,0,0,0,0,0,0,0,0,0,0,0,0,0,0,0,0,0,0,0,0,0,0,0,0,0,0,0,0,0,0,0,0,0,0,0,0,0,0,0,0,0,0
6.70765239,-7.585528000000212,-0.42466829179008997,0.25731399999999977,2.2159999999997737,0.05100451089118385,0.47199999999997255,2.216,0.05100451089116387,0.47200000000000003,4.632676560908177,-0.12441357611267856,1.8638761182032892,4.9980868001933745,0.12112931933895844,-0.06675346979173058,-1.78,-3.18,-1.0,0.0,0.0,0.0,-1.78,-1.18,-1.0,0.0,0.0,0.0,-1.78,0.82,-1.0,0.0,0.0,0.0,-1.78,2.82,-1.0,0.0,0.0,0.0,-1.78,-3.18,1.0,0.0,0.0,0.0,-1.78,-1.18,1.0,0.0,0.0,0.0,-1.78,0.82,1.0,0.0,0.0,0.0,-1.78,2.82,1.0,0.0,0.0,0.0,1.52,0.45,-1.0,0.0,0.0,0.0,1.52,2.45,-1.0,0.0,0.0,0.0,1.52,4.45,-1.0,0.0,0.0,0.0,1.52,0.45,1.0,0.0,0.0,0.0,1.52,2.45,1.0,0.0,0.0,0.0,1.52,4.45,1.0,0.0,0.0,0.0,3.22,-1.71,-1.0,0.0,0.0,0.0,3.22,0.29,-1.0,0.0,0.0,0.0,3.22,2.29,-1.0,0.0,0.0,0.0,3.22,-1.71,1.0,0.0,0.0,0.0,3.22,0.29,1.0,0.0,0.0,0.0,3.22,2.29,1.0,0.0,0.0,0.0,9.9,-0.4020000000001171,0.27799999999997294,0.0,-1.1599999999999946,-0.25999999999998247,9.9,1.5980000000003414,0.27799999999997294,0.0,-1.1600000000000499,-0.25999999999998247,6.8,1.7940000000001128,0.5760000000000561,0.0,1.2700000000001044,0.5800000000000249,-4.84,-3.3920000000003725,-0.7140000000001521,0.0,0.640000000000196,0.22999999999995246,-4.84,-1.391999999999584,-0.7140000000001521,0.0,0.6399999999999739,0.22999999999995246,0,0,0,0,0,0,0,0,0,0,0,0,0,0,0,0,0,0,0,0,0,0,0,0,0,0,0,0,0,0,0,0,0,0,0,0,0,0,0,0,0,0,0,0,0,0,0,0,0,0,0,0,0,0,0,0,0,0,0,0,0,0,0,0,0,0,0,0,0,0,0,0,0,0,0,0,0,0,0,0,0,0,0,0,0,0,0,0,0,0,0,0,0,0,0,0,0,0,0,0,0,0,0,0,0,0,0,0,0,0,0,0,0,0,0,0,0,0,0,0,0,0,0,0,0,0,0,0,0,0,0,0,0,0,0,0,0,0,0,0,0,0,0,0,0,0,0,0,0,0
6.801639526,-7.496264000000219,-0.4232521113544426,0.2768179999999993,2.2679999999999367,-0.0009954891088126416,0.5240000000000243,2.2680000000000002,-0.0009954891088361298,0.524,4.540752014748247,-0.1791509565343592,1.8603633141185631,4.997997413766408,0.12069889318901052,-0.07384869103270615,-1.78,-3.18,-1.0,0.0,0.0,0.0,-1.78,-1.18,-1.0,0.0,0.0,0.0,-1.78,0.82,-1.0,0.0,0.0,0.0,-1.78,2.82,-1.0,0.0,0.0,0.0,-1.78,-3.18,1.0,0.0,0.0,0.0,-1.78,-1.18,1.0,0.0,0.0,0.0,-1.78,0.82,1.0,0.0,0.0,0.0,-1.78,2.82,1.0,0.0,0.0,0.0,1.52,0.45,-1.0,0.0,0.0,0.0,1.52,2.45,-1.0,0.0,0.0,0.0,1.52,4.45,-1.0,0.0,0.0,0.0,1.52,0.45,1.0,0.0,0.0,0.0,1.52,2.45,1.0,0.0,0.0,0.0,1.52,4.45,1.0,0.0,0.0,0.0,3.22,-1.71,-1.0,0.0,0.0,0.0,3.22,0.29,-1.0,0.0,0.0,0.0,3.22,2.29,-1.0,0.0,0.0,0.0,3.22,-1.71,1.0,0.0,0.0,0.0,3.22,0.29,1.0,0.0,0.0,0.0,3.22,2.29,1.0,0.0,0.0,0.0,9.9,-0.44840000000011687,0.26759999999997364,0.0,-1.1599999999999946,-0.25999999999998247,9.9,1.5516000000003394,0.26759999999997364,0.0,-1.1600000000000499,-0.25999999999998247,6.8,1.844800000000117,0.5992000000000571,0.0,1.2700000000001044,0.5800000000000249,-4.84,-3.3664000000003647,-0.704800000000154,0.0,0.640000000000196,0.22999999999995246,-4.84,-1.366399999999585,-0.704800000000154,0.0,0.6399999999999739,0.22999999999995246,0,0,0,0,0,0,0,0,0,0,0,0,0,0,0,0,0,0,0,0,0,0,0,0,0,0,0,0,0,0,0,0,0,0,0,0,0,0,0,0,0,0,0,0,0,0,0,0,0,0,0,0,0,0,0,0,0,0,0,0,0,0,0,0,0,0,0,0,0,0,0,0,0,0,0,0,0,0,0,0,0,0,0,0,0,0,0,0,0,0,0,0,0,0,0,0,0,0,0,0,0,0,0,0,0,0,0,0,0,0,0,0,0,0,0,0,0,0,0,0,0,0,0,0,0,0,0,0,0,0,0,0,0,0,0,0,0,0,0,0,0,0,0,0,0,0,0,0,0,0
6.90457683,-7.358904000000215,-0.4230153803962787,0.30953800000000026,2.308000000000199,0.008268895412832933,0.5640000000000089,2.3080000000000003,0.008268895412836041,0.5640000000000001,4.642773601753873,0.008268895412836041,1.9080886425447439,4.997871115977654,0.12112729841421188,-0.08131719163349622,-1.78,-3.18,-1.0,0.0,0.0,0.0,-1.78,-1.18,-1.0,0.0,0.0,0.0,-1.78,0.82,-1.0,0.0,0.0,0.0,-1.78,2.82,-1.0,0.0,0.0,0.0,-1.78,-3.18,1.0,0.0,0.0,0.0,-1.78,-1.18,1.0,0.0,0.0,0.0,-1.78,0.82,1.0,0.0,0.0,0.0,-1.78,2.82,1.0,0.0,0.0,0.0,1.52,0.45,-1.0,0.0,0.0,0.0,1.52,2.45,-1.0,0.0,0.0,0.0,1.52,4.45,-1.0,0.0,0.0,0.0,1.52,0.45,1.0,0.0,0.0,0.0,1.52,2.45,1.0,0.0,0.0,0.0,1.52,4.45,1.0,0.0,0.0,0.0,3.22,-1.71,-1.0,0.0,0.0,0.0,3.22,0.29,-1.0,0.0,0.0,0.0,3.22,2.29,-1.0,0.0,0.0,0.0,3.22,-1.71,1.0,0.0,0.0,0.0,3.22,0.29,1.0,0.0,0.0,0.0,3.22,2.29,1.0,0.0,0.0,0.0,9.9,-0.5412000000001184,0.24679999999997468,0.0,-1.1600000000000499,-0.2600000000000103,9.9,1.4820000000003364,0.2519999999999747,0.0,-1.1600000000000499,-0.25999999999998247,6.8,1.9210000000001233,0.6340000000000586,0.0,1.2700000000001044,0.5800000000000249,-4.84,-3.328000000000353,-0.6910000000001568,0.0,0.640000000000196,0.22999999999995246,-4.84,-1.3279999999995866,-0.6910000000001568,0.0,0.6399999999999739,0.22999999999995246,0,0,0,0,0,0,0,0,0,0,0,0,0,0,0,0,0,0,0,0,0,0,0,0,0,0,0,0,0,0,0,0,0,0,0,0,0,0,0,0,0,0,0,0,0,0,0,0,0,0,0,0,0,0,0,0,0,0,0,0,0,0,0,0,0,0,0,0,0,0,0,0,0,0,0,0,0,0,0,0,0,0,0,0,0,0,0,0,0,0,0,0,0,0,0,0,0,0,0,0,0,0,0,0,0,0,0,0,0,0,0,0,0,0,0,0,0,0,0,0,0,0,0,0,0,0,0,0,0,0,0,0,0,0,0,0,0,0,0,0,0,0,0,0,0,0,0,0,0,0
7.00057348,-7.1714520000002,-0.4221098272051928,0.3574699999999997,2.3840000000001638,0.014864613198217747,0.6399999999999739,2.3840000000000003,0.014864613198207532,0.64,4.652873856490263,0.014864613198207532,1.755404731666669,4.997637446581381,0.12211889164209641,-0.09331092557492465,-1.78,-3.18,-1.0,0.0,0.0,0.0,-1.78,-1.18,-1.0,0.0,0.0,0.0,-1.78,0.82,-1.0,0.0,0.0,0.0,-1.78,2.82,-1.0,0.0,0.0,0.0,-1.78,-3.18,1.0,0.0,0.0,0.0,-1.78,-1.18,1.0,0.0,0.0,0.0,-1.78,0.82,1.0,0.0,0.0,0.0,-1.78,2.82,1.0,0.0,0.0,0.0,1.52,0.45,-1.0,0.0,0.0,0.0,1.52,2.45,-1.0,0.0,0.0,0.0,1.52,4.45,-1.0,0.0,0.0,0.0,1.52,0.45,1.0,0.0,0.0,0.0,1.52,2.45,1.0,0.0,0.0,0.0,1.52,4.45,1.0,0.0,0.0,0.0,3.22,-1.71,-1.0,0.0,0.0,0.0,3.22,0.29,-1.0,0.0,0.0,0.0,3.22,2.29,-1.0,0.0,0.0,0.0,3.22,-1.71,1.0,0.0,0.0,0.0,3.22,0.29,1.0,0.0,0.0,0.0,3.22,2.29,1.0,0.0,0.0,0.0,9.9,-0.6108000000001214,0.23119999999997407,0.0,-1.1600000000000499,-0.2600000000000103,9.9,1.3892000000003324,0.23119999999997407,0.0,-1.1600000000000499,-0.2600000000000103,6.8,2.0226000000001276,0.6804000000000606,0.0,1.2699999999998823,0.5800000000000249,-4.84,-3.276800000000337,-0.6726000000001606,0.0,0.640000000000196,0.22999999999995246,-4.84,-1.2767999999995887,-0.6726000000001606,0.0,0.6399999999999739,0.22999999999995246,0,0,0,0,0,0,0,0,0,0,0,0,0,0,0,0,0,0,0,0,0,0,0,0,0,0,0,0,0,0,0,0,0,0,0,0,0,0,0,0,0,0,0,0,0,0,0,0,0,0,0,0,0,0,0,0,0,0,0,0,0,0,0,0,0,0,0,0,0,0,0,0,0,0,0,0,0,0,0,0,0,0,0,0,0,0,0,0,0,0,0,0,0,0,0,0,0,0,0,0,0,0,0,0,0,0,0,0,0,0,0,0,0,0,0,0,0,0,0,0,0,0,0,0,0,0,0,0,0,0,0,0,0,0,0,0,0,0,0,0,0,0,0,0,0,0,0,0,0,0
7.101482942,-6.9778520000002,-0.4180406581493365,0.4115499999999985,2.4639999999997997,0.09486461319818673,0.7199999999999985,2.4640000000000004,0.09486461319820753,0.72,4.652773762602208,0.13506680181065223,1.894989472034259,4.9972975064475476,0.12315043437943807,-0.10886506586264283,-1.78,-3.18,-1.0,0.0,0.0,0.0,-1.78,-1.18,-1.0,0.0,0.0,0.0,-1.78,0.82,-1.0,0.0,0.0,0.0,-1.78,2.82,-1.0,0.0,0.0,0.0,-1.78,-3.18,1.0,0.0,0.0,0.0,-1.78,-1.18,1.0,0.0,0.0,0.0,-1.78,0.82,1.0,0.0,0.0,0.0,-1.78,2.82,1.0,0.0,0.0,0.0,1.52,0.45,-1.0,0.0,0.0,0.0,1.52,2.45,-1.0,0.0,0.0,0.0,1.52,4.45,-1.0,0.0,0.0,0.0,1.52,0.45,1.0,0.0,0.0,0.0,1.52,2.45,1.0,0.0,0.0,0.0,1.52,4.45,1.0,0.0,0.0,0.0,3.22,-1.71,-1.0,0.0,0.0,0.0,3.22,0.29,-1.0,0.0,0.0,0.0,3.22,2.29,-1.0,0.0,0.0,0.0,3.22,-1.71,1.0,0.0,0.0,0.0,3.22,0.29,1.0,0.0,0.0,0.0,3.22,2.29,1.0,0.0,0.0,0.0,9.9,-0.7036000000001253,0.21039999999997325,0.0,-1.1600000000000499,-0.2600000000000103,9.9,1.2964000000003284,0.21039999999997325,0.0,-1.1600000000000499,-0.2600000000000103,6.8,2.124200000000118,0.7268000000000626,0.0,1.2699999999998823,0.5800000000000249,-4.84,-3.2256000000003215,-0.6542000000001644,0.0,0.640000000000196,0.22999999999995246,-4.84,-1.2255999999995908,-0.6542000000001644,0.0,0.6399999999999739,0.22999999999995246,0,0,0,0,0,0,0,0,0,0,0,0,0,0,0,0,0,0,0,0,0,0,0,0,0,0,0,0,0,0,0,0,0,0,0,0,0,0,0,0,0,0,0,0,0,0,0,0,0,0,0,0,0,0,0,0,0,0,0,0,0,0,0,0,0,0,0,0,0,0,0,0,0,0,0,0,0,0,0,0,0,0,0,0,0,0,0,0,0,0,0,0,0,0,0,0,0,0,0,0,0,0,0,0,0,0,0,0,0,0,0,0,0,0,0,0,0,0,0,0,0,0,0,0,0,0,0,0,0,0,0,0,0,0,0,0,0,0,0,0,0,0,0,0,0,0,0,0,0,0
7.20256711,-6.878289000000204,-0.4132430736214085,0.441352999999998,2.523000000000053,0.15386461319821798,0.7789999999999742,2.5230000000000006,0.15386461319820754,0.7789999999999999,4.549695531933933,0.3039568575803977,2.058801431344911,4.996947943612157,0.12290729933078631,-0.12411706007415162,-1.78,-3.18,-1.0,0.0,0.0,0.0,-1.78,-1.18,-1.0,0.0,0.0,0.0,-1.78,0.82,-1.0,0.0,0.0,0.0,-1.78,2.82,-1.0,0.0,0.0,0.0,-1.78,-3.18,1.0,0.0,0.0,0.0,-1.78,-1.18,1.0,0.0,0.0,0.0,-1.78,0.82,1.0,0.0,0.0,0.0,-1.78,2.82,1.0,0.0,0.0,0.0,1.52,0.45,-1.0,0.0,0.0,0.0,1.52,2.45,-1.0,0.0,0.0,0.0,1.52,4.45,-1.0,0.0,0.0,0.0,1.52,0.45,1.0,0.0,0.0,0.0,1.52,2.45,1.0,0.0,0.0,0.0,1.52,4.45,1.0,0.0,0.0,0.0,3.22,-1.71,-1.0,0.0,0.0,0.0,3.22,0.29,-1.0,0.0,0.0,0.0,3.22,2.29,-1.0,0.0,0.0,0.0,3.22,-1.71,1.0,0.0,0.0,0.0,3.22,0.29,1.0,0.0,0.0,0.0,3.22,2.29,1.0,0.0,0.0,0.0,9.9,-0.7500000000001273,0.19999999999997284,0.0,-1.1600000000000499,-0.2600000000000103,9.9,1.2500000000003264,0.19999999999997284,0.0,-1.1600000000000499,-0.2600000000000103,6.8,2.1750000000001135,0.7500000000000636,0.0,1.2699999999998823,0.5800000000000249,-4.84,-3.2000000000003137,-0.6450000000001663,0.0,0.640000000000196,0.22999999999995246,-4.84,-1.1999999999995918,-0.6450000000001663,0.0,0.6399999999999739,0.22999999999995246,0,0,0,0,0,0,0,0,0,0,0,0,0,0,0,0,0,0,0,0,0,0,0,0,0,0,0,0,0,0,0,0,0,0,0,0,0,0,0,0,0,0,0,0,0,0,0,0,0,0,0,0,0,0,0,0,0,0,0,0,0,0,0,0,0,0,0,0,0,0,0,0,0,0,0,0,0,0,0,0,0,0,0,0,0,0,0,0,0,0,0,0,0,0,0,0,0,0,0,0,0,0,0,0,0,0,0,0,0,0,0,0,0,0,0,0,0,0,0,0,0,0,0,0,0,0,0,0,0,0,0,0,0,0,0,0,0,0,0,0,0,0,0,0,0,0,0,0,0,0
7.302061641,-6.725754000000207,-0.402856196829516,0.489247999999997,2.577999999999747,0.20886461319818972,0.8340000000000014,2.5780000000000007,0.20886461319820754,0.834,4.654059998992788,0.4520483969383675,1.7992611759407984,4.996723574157197,0.12201056472008251,-0.13366729427358487,-1.78,-3.18,-1.0,0.0,0.0,0.0,-1.78,-1.18,-1.0,0.0,0.0,0.0,-1.78,0.82,-1.0,0.0,0.0,0.0,-1.78,2.82,-1.0,0.0,0.0,0.0,-1.78,-3.18,1.0,0.0,0.0,0.0,-1.78,-1.18,1.0,0.0,0.0,0.0,-1.78,0.82,1.0,0.0,0.0,0.0,-1.78,2.82,1.0,0.0,0.0,0.0,1.52,0.45,-1.0,0.0,0.0,0.0,1.52,2.45,-1.0,0.0,0.0,0.0,1.52,4.45,-1.0,0.0,0.0,0.0,1.52,0.45,1.0,0.0,0.0,0.0,1.52,2.45,1.0,0.0,0.0,0.0,1.52,4.45,1.0,0.0,0.0,0.0,3.22,-1.71,-1.0,0.0,0.0,0.0,3.22,0.29,-1.0,0.0,0.0,0.0,3.22,2.29,-1.0,0.0,0.0,0.0,3.22,-1.71,1.0,0.0,0.0,0.0,3.22,0.29,1.0,0.0,0.0,0.0,3.22,2.29,1.0,0.0,0.0,0.0,9.9,-0.8196000000001303,0.18439999999997223,0.0,-1.1600000000000499,-0.2600000000000103,9.9,1.1804000000003234,0.18439999999997223,0.0,-1.1600000000000499,-0.2600000000000103,6.8,2.2512000000001064,0.7848000000000651,0.0,1.2699999999998823,0.5800000000000249,-4.84,-3.161600000000302,-0.6312000000001692,0.0,0.640000000000196,0.22999999999995246,-4.84,-1.1615999999995934,-0.6312000000001692,0.0,0.6399999999999739,0.22999999999995246,0,0,0,0,0,0,0,0,0,0,0,0,0,0,0,0,0,0,0,0,0,0,0,0,0,0,0,0,0,0,0,0,0,0,0,0,0,0,0,0,0,0,0,0,0,0,0,0,0,0,0,0,0,0,0,0,0,0,0,0,0,0,0,0,0,0,0,0,0,0,0,0,0,0,0,0,0,0,0,0,0,0,0,0,0,0,0,0,0,0,0,0,0,0,0,0,0,0,0,0,0,0,0,0,0,0,0,0,0,0,0,0,0,0,0,0,0,0,0,0,0,0,0,0,0,0,0,0,0,0,0,0,0,0,0,0,0,0,0,0,0,0,0,0,0,0,0,0,0,0
7.402670649,-6.622034000000219,-0.39510161230158836,0.523207999999997,2.6279999999996306,0.15886461319819523,0.8839999999999959,2.6280000000000006,0.15886461319820755,0.884,4.671929073803636,0.08168905695912576,1.792970579706064,4.9963021414054225,0.11963761273308031,-0.15050499462514427,-1.78,-3.18,-1.0,0.0,0.0,0.0,-1.78,-1.18,-1.0,0.0,0.0,0.0,-1.78,0.82,-1.0,0.0,0.0,0.0,-1.78,2.82,-1.0,0.0,0.0,0.0,-1.78,-3.18,1.0,0.0,0.0,0.0,-1.78,-1.18,1.0,0.0,0.0,0.0,-1.78,0.82,1.0,0.0,0.0,0.0,-1.78,2.82,1.0,0.0,0.0,0.0,1.52,0.45,-1.0,0.0,0.0,0.0,1.52,2.45,-1.0,0.0,0.0,0.0,1.52,4.45,-1.0,0.0,0.0,0.0,1.52,0.45,1.0,0.0,0.0,0.0,1.52,2.45,1.0,0.0,0.0,0.0,1.52,4.45,1.0,0.0,0.0,0.0,3.22,-1.71,-1.0,0.0,0.0,0.0,3.22,0.29,-1.0,0.0,0.0,0.0,3.22,2.29,-1.0,0.0,0.0,0.0,3.22,-1.71,1.0,0.0,0.0,0.0,3.22,0.29,1.0,0.0,0.0,0.0,3.22,2.29,1.0,0.0,0.0,0.0,9.9,-0.8660000000001323,0.17399999999997182,0.0,-1.1600000000000499,-0.2600000000000103,9.9,1.1340000000003214,0.17399999999997182,0.0,-1.1600000000000499,-0.2600000000000103,6.8,2.3020000000001017,0.8080000000000661,0.0,1.2699999999998823,0.5800000000000249,-4.84,-3.136000000000294,-0.6220000000001711,0.0,0.640000000000196,0.22999999999995246,-4.84,-1.1359999999995944,-0.6220000000001711,0.0,0.6399999999999739,0.22999999999995246,0,0,0,0,0,0,0,0,0,0,0,0,0,0,0,0,0,0,0,0,0,0,0,0,0,0,0,0,0,0,0,0,0,0,0,0,0,0,0,0,0,0,0,0,0,0,0,0,0,0,0,0,0,0,0,0,0,0,0,0,0,0,0,0,0,0,0,0,0,0,0,0,0,0,0,0,0,0,0,0,0,0,0,0,0,0,0,0,0,0,0,0,0,0,0,0,0,0,0,0,0,0,0,0,0,0,0,0,0,0,0,0,0,0,0,0,0,0,0,0,0,0,0,0,0,0,0,0,0,0,0,0,0,0,0,0,0,0,0,0,0,0,0,0,0,0,0,0,0,0
7.502402939,-6.516518000000234,-0.38835102777366065,0.5589639999999972,2.6675999999995703,0.19846461319818487,0.9236000000000356,2.6720000000000006,0.20286461319820753,0.928,4.687627541464977,0.22907762597906833,1.7017636800126614,4.995959860873347,0.11822971076269281,-0.16250170471518913,-1.78,-3.18,-1.0,0.0,0.0,0.0,-1.78,-1.18,-1.0,0.0,0.0,0.0,-1.78,0.82,-1.0,0.0,0.0,0.0,-1.78,2.82,-1.0,0.0,0.0,0.0,-1.78,-3.18,1.0,0.0,0.0,0.0,-1.78,-1.18,1.0,0.0,0.0,0.0,-1.78,0.82,1.0,0.0,0.0,0.0,-1.78,2.82,1.0,0.0,0.0,0.0,1.52,0.45,-1.0,0.0,0.0,0.0,1.52,2.45,-1.0,0.0,0.0,0.0,1.52,4.45,-1.0,0.0,0.0,0.0,1.52,0.45,1.0,0.0,0.0,0.0,1.52,2.45,1.0,0.0,0.0,0.0,1.52,4.45,1.0,0.0,0.0,0.0,3.22,-1.71,-1.0,0.0,0.0,0.0,3.22,0.29,-1.0,0.0,0.0,0.0,3.22,2.29,-1.0,0.0,0.0,0.0,3.22,-1.71,1.0,0.0,0.0,0.0,3.22,0.29,1.0,0.0,0.0,0.0,3.22,2.29,1.0,0.0,0.0,0.0,9.9,-0.9124000000001343,0.1635999999999714,0.0,-1.1600000000000499,-0.2600000000000103,9.9,1.0876000000003194,0.1635999999999714,0.0,-1.1600000000000499,-0.2600000000000103,6.8,2.352800000000097,0.8312000000000671,0.0,1.2699999999998823,0.5800000000000249,-4.84,-3.1104000000002863,-0.612800000000173,0.0,0.640000000000196,0.22999999999995246,-4.84,-1.1103999999995955,-0.612800000000173,0.0,0.6399999999999739,0.22999999999995246,0,0,0,0,0,0,0,0,0,0,0,0,0,0,0,0,0,0,0,0,0,0,0,0,0,0,0,0,0,0,0,0,0,0,0,0,0,0,0,0,0,0,0,0,0,0,0,0,0,0,0,0,0,0,0,0,0,0,0,0,0,0,0,0,0,0,0,0,0,0,0,0,0,0,0,0,0,0,0,0,0,0,0,0,0,0,0,0,0,0,0,0,0,0,0,0,0,0,0,0,0,0,0,0,0,0,0,0,0,0,0,0,0,0,0,0,0,0,0,0,0,0,0,0,0,0,0,0,0,0,0,0,0,0,0,0,0,0,0,0,0,0,0,0,0,0,0,0,0,0
7.601597387,-6.409094000000251,-0.3807804432457329,0.5966279999999975,2.7039999999995956,0.17086461319820723,0.9599999999999611,2.7040000000000006,0.17086461319820753,0.9600000000000001,4.739848443320613,0.14061716431795102,1.7860314656288532,4.995596670738205,0.11673886355433782,-0.17431563626192792,-1.78,-3.18,-1.0,0.0,0.0,0.0,-1.78,-1.18,-1.0,0.0,0.0,0.0,-1.78,0.82,-1.0,0.0,0.0,0.0,-1.78,2.82,-1.0,0.0,0.0,0.0,-1.78,-3.18,1.0,0.0,0.0,0.0,-1.78,-1.18,1.0,0.0,0.0,0.0,-1.78,0.82,1.0,0.0,0.0,0.0,-1.78,2.82,1.0,0.0,0.0,0.0,1.52,0.45,-1.0,0.0,0.0,0.0,1.52,2.45,-1.0,0.0,0.0,0.0,1.52,4.45,-1.0,0.0,0.0,0.0,1.52,0.45,1.0,0.0,0.0,0.0,1.52,2.45,1.0,0.0,0.0,0.0,1.52,4.45,1.0,0.0,0.0,0.0,3.22,-1.71,-1.0,0.0,0.0,0.0,3.22,0.29,-1.0,0.0,0.0,0.0,3.22,2.29,-1.0,0.0,0.0,0.0,3.22,-1.71,1.0,0.0,0.0,0.0,3.22,0.29,1.0,0.0,0.0,0.0,3.22,2.29,1.0,0.0,0.0,0.0,9.9,-0.9588000000001363,0.153199999999971,0.0,-1.1600000000000499,-0.2600000000000103,9.9,1.0412000000003174,0.153199999999971,0.0,-1.1600000000000499,-0.2600000000000103,6.8,2.4036000000000923,0.8544000000000681,0.0,1.2699999999998823,0.5800000000000249,-4.84,-3.0848000000002784,-0.6036000000001749,0.0,0.640000000000196,0.22999999999995246,-4.84,-1.0847999999995965,-0.6036000000001749,0.0,0.6399999999999739,0.22999999999995246,0,0,0,0,0,0,0,0,0,0,0,0,0,0,0,0,0,0,0,0,0,0,0,0,0,0,0,0,0,0,0,0,0,0,0,0,0,0,0,0,0,0,0,0,0,0,0,0,0,0,0,0,0,0,0,0,0,0,0,0,0,0,0,0,0,0,0,0,0,0,0,0,0,0,0,0,0,0,0,0,0,0,0,0,0,0,0,0,0,0,0,0,0,0,0,0,0,0,0,0,0,0,0,0,0,0,0,0,0,0,0,0,0,0,0,0,0,0,0,0,0,0,0,0,0,0,0,0,0,0,0,0,0,0,0,0,0,0,0,0,0,0,0,0,0,0,0,0,0,0
7.704823804,-6.3549150000002586,-0.3774229348189447,0.6159269999999969,2.713899999999647,0.16488622948061527,0.969899999999979,2.7370000000000005,0.15093666747292644,0.9930000000000001,4.663647824084588,0.15093666747292644,1.807360666014734,4.99526633495379,0.11566132997393774,-0.18421916194032187,-1.78,-3.18,-1.0,0.0,0.0,0.0,-1.78,-1.18,-1.0,0.0,0.0,0.0,-1.78,0.82,-1.0,0.0,0.0,0.0,-1.78,2.82,-1.0,0.0,0.0,0.0,-1.78,-3.18,1.0,0.0,0.0,0.0,-1.78,-1.18,1.0,0.0,0.0,0.0,-1.78,0.82,1.0,0.0,0.0,0.0,-1.78,2.82,1.0,0.0,0.0,0.0,1.52,0.45,-1.0,0.0,0.0,0.0,1.52,2.45,-1.0,0.0,0.0,0.0,1.52,4.45,-1.0,0.0,0.0,0.0,1.52,0.45,1.0,0.0,0.0,0.0,1.52,2.45,1.0,0.0,0.0,0.0,1.52,4.45,1.0,0.0,0.0,0.0,3.22,-1.71,-1.0,0.0,0.0,0.0,3.22,0.29,-1.0,0.0,0.0,0.0,3.22,2.29,-1.0,0.0,0.0,0.0,3.22,-1.71,1.0,0.0,0.0,0.0,3.22,0.29,1.0,0.0,0.0,0.0,3.22,2.29,1.0,0.0,0.0,0.0,9.9,-0.9820000000001373,0.1479999999999708,0.0,-1.1600000000000499,-0.2600000000000103,9.9,1.0180000000003164,0.1479999999999708,0.0,-1.1600000000000499,-0.2600000000000103,6.8,2.42900000000009,0.8660000000000686,0.0,1.2699999999998823,0.5800000000000249,-4.84,-3.0720000000002745,-0.5990000000001758,0.0,0.640000000000196,0.22999999999995246,-4.84,-1.071999999999597,-0.5990000000001758,0.0,0.6399999999999739,0.22999999999995246,0,0,0,0,0,0,0,0,0,0,0,0,0,0,0,0,0,0,0,0,0,0,0,0,0,0,0,0,0,0,0,0,0,0,0,0,0,0,0,0,0,0,0,0,0,0,0,0,0,0,0,0,0,0,0,0,0,0,0,0,0,0,0,0,0,0,0,0,0,0,0,0,0,0,0,0,0,0,0,0,0,0,0,0,0,0,0,0,0,0,0,0,0,0,0,0,0,0,0,0,0,0,0,0,0,0,0,0,0,0,0,0,0,0,0,0,0,0,0,0,0,0,0,0,0,0,0,0,0,0,0,0,0,0,0,0,0,0,0,0,0,0,0,0,0,0,0,0,0,0
7.804510181,-6.300112000000262,-0.3743412014694865,0.6358499999999971,2.7432999999998486,0.15723666747291531,0.9993000000000031,2.7580000000000005,0.17193666747292644,1.014,4.632557618010367,0.23549861306524544,1.6500320037717717,4.994972039243551,0.11490763962023612,-0.19248522419141798,-1.78,-3.18,-1.0,0.0,0.0,0.0,-1.78,-1.18,-1.0,0.0,0.0,0.0,-1.78,0.82,-1.0,0.0,0.0,0.0,-1.78,2.82,-1.0,0.0,0.0,0.0,-1.78,-3.18,1.0,0.0,0.0,0.0,-1.78,-1.18,1.0,0.0,0.0,0.0,-1.78,0.82,1.0,0.0,0.0,0.0,-1.78,2.82,1.0,0.0,0.0,0.0,1.52,0.45,-1.0,0.0,0.0,0.0,1.52,2.45,-1.0,0.0,0.0,0.0,1.52,4.45,-1.0,0.0,0.0,0.0,1.52,0.45,1.0,0.0,0.0,0.0,1.52,2.45,1.0,0.0,0.0,0.0,1.52,4.45,1.0,0.0,0.0,0.0,3.22,-1.71,-1.0,0.0,0.0,0.0,3.22,0.29,-1.0,0.0,0.0,0.0,3.22,2.29,-1.0,0.0,0.0,0.0,3.22,-1.71,1.0,0.0,0.0,0.0,3.22,0.29,1.0,0.0,0.0,0.0,3.22,2.29,1.0,0.0,0.0,0.0,9.9,-1.0052000000001382,0.1427999999999706,0.0,-1.1600000000000388,-0.2600000000000103,9.9,0.9948000000003154,0.1427999999999706,0.0,-1.1600000000000499,-0.2600000000000103,6.8,2.4544000000000876,0.8776000000000691,0.0,1.2699999999998823,0.5800000000000249,-4.84,-3.0592000000002706,-0.5944000000001768,0.0,0.640000000000196,0.22999999999995246,-4.84,-1.0591999999995976,-0.5944000000001768,0.0,0.6399999999999739,0.22999999999995246,0,0,0,0,0,0,0,0,0,0,0,0,0,0,0,0,0,0,0,0,0,0,0,0,0,0,0,0,0,0,0,0,0,0,0,0,0,0,0,0,0,0,0,0,0,0,0,0,0,0,0,0,0,0,0,0,0,0,0,0,0,0,0,0,0,0,0,0,0,0,0,0,0,0,0,0,0,0,0,0,0,0,0,0,0,0,0,0,0,0,0,0,0,0,0,0,0,0,0,0,0,0,0,0,0,0,0,0,0,0,0,0,0,0,0,0,0,0,0,0,0,0,0,0,0,0,0,0,0,0,0,0,0,0,0,0,0,0,0,0,0,0,0,0,0,0,0,0,0,0
7.902748592,-6.244862000000262,-0.3709924681200276,0.6562199999999967,2.766999999999964,0.16293666747294044,1.0229999999999961,2.7760000000000002,0.15393666747292645,1.032,4.798783627625669,0.03188454666903473,1.8740410545819512,4.994769583887563,0.1144204443028904,-0.1979514228218464,-1.78,-3.18,-1.0,0.0,0.0,0.0,-1.78,-1.18,-1.0,0.0,0.0,0.0,-1.78,0.82,-1.0,0.0,0.0,0.0,-1.78,2.82,-1.0,0.0,0.0,0.0,-1.78,-3.18,1.0,0.0,0.0,0.0,-1.78,-1.18,1.0,0.0,0.0,0.0,-1.78,0.82,1.0,0.0,0.0,0.0,-1.78,2.82,1.0,0.0,0.0,0.0,1.52,0.45,-1.0,0.0,0.0,0.0,1.52,2.45,-1.0,0.0,0.0,0.0,1.52,4.45,-1.0,0.0,0.0,0.0,1.52,0.45,1.0,0.0,0.0,0.0,1.52,2.45,1.0,0.0,0.0,0.0,1.52,4.45,1.0,0.0,0.0,0.0,3.22,-1.71,-1.0,0.0,0.0,0.0,3.22,0.29,-1.0,0.0,0.0,0.0,3.22,2.29,-1.0,0.0,0.0,0.0,3.22,-1.71,1.0,0.0,0.0,0.0,3.22,0.29,1.0,0.0,0.0,0.0,3.22,2.29,1.0,0.0,0.0,0.0,9.9,-1.0284000000001392,0.13759999999997038,0.0,-1.1600000000000499,-0.2600000000000103,9.9,0.9716000000003144,0.13759999999997038,0.0,-1.1600000000000499,-0.2600000000000103,6.8,2.4798000000000853,0.8892000000000696,0.0,1.2699999999998823,0.5800000000000249,-4.84,-3.0464000000002667,-0.5898000000001777,0.0,0.640000000000196,0.22999999999995246,-4.84,-1.046399999999598,-0.5898000000001777,0.0,0.6399999999999739,0.22999999999995246,0,0,0,0,0,0,0,0,0,0,0,0,0,0,0,0,0,0,0,0,0,0,0,0,0,0,0,0,0,0,0,0,0,0,0,0,0,0,0,0,0,0,0,0,0,0,0,0,0,0,0,0,0,0,0,0,0,0,0,0,0,0,0,0,0,0,0,0,0,0,0,0,0,0,0,0,0,0,0,0,0,0,0,0,0,0,0,0,0,0,0,0,0,0,0,0,0,0,0,0,0,0,0,0,0,0,0,0,0,0,0,0,0,0,0,0,0,0,0,0,0,0,0,0,0,0,0,0,0,0,0,0,0,0,0,0,0,0,0,0,0,0,0,0,0,0,0,0,0,0
8.003124046,-6.1892960000002635,-0.367959734770569,0.6769059999999973,2.7805999999999997,0.1493366674729324,1.036600000000032,2.7990000000000004,0.13093666747292645,1.055,4.769823713382971,0.1280434243592916,1.7691488225886278,4.994481286981273,0.11377704705631542,-0.20545427120660234,-1.78,-3.18,-1.0,0.0,0.0,0.0,-1.78,-1.18,-1.0,0.0,0.0,0.0,-1.78,0.82,-1.0,0.0,0.0,0.0,-1.78,2.82,-1.0,0.0,0.0,0.0,-1.78,-3.18,1.0,0.0,0.0,0.0,-1.78,-1.18,1.0,0.0,0.0,0.0,-1.78,0.82,1.0,0.0,0.0,0.0,-1.78,2.82,1.0,0.0,0.0,0.0,1.52,0.45,-1.0,0.0,0.0,0.0,1.52,2.45,-1.0,0.0,0.0,0.0,1.52,4.45,-1.0,0.0,0.0,0.0,1.52,0.45,1.0,0.0,0.0,0.0,1.52,2.45,1.0,0.0,0.0,0.0,1.52,4.45,1.0,0.0,0.0,0.0,3.22,-1.71,-1.0,0.0,0.0,0.0,3.22,0.29,-1.0,0.0,0.0,0.0,3.22,2.29,-1.0,0.0,0.0,0.0,3.22,-1.71,1.0,0.0,0.0,0.0,3.22,0.29,1.0,0.0,0.0,0.0,3.22,2.29,1.0,0.0,0.0,0.0,9.9,-1.0516000000001402,0.13239999999997018,0.0,-1.1600000000000499,-0.2600000000000103,9.9,0.9484000000003134,0.13239999999997018,0.0,-1.1600000000000499,-0.2600000000000103,6.8,2.505200000000083,0.9008000000000701,0.0,1.2699999999998823,0.5800000000000249,-4.84,-3.0336000000002628,-0.5852000000001787,0.0,0.640000000000196,0.22999999999995246,-4.84,-1.0335999999995986,-0.5852000000001787,0.0,0.6399999999999739,0.22999999999995246,0,0,0,0,0,0,0,0,0,0,0,0,0,0,0,0,0,0,0,0,0,0,0,0,0,0,0,0,0,0,0,0,0,0,0,0,0,0,0,0,0,0,0,0,0,0,0,0,0,0,0,0,0,0,0,0,0,0,0,0,0,0,0,0,0,0,0,0,0,0,0,0,0,0,0,0,0,0,0,0,0,0,0,0,0,0,0,0,0,0,0,0,0,0,0,0,0,0,0,0,0,0,0,0,0,0,0,0,0,0,0,0,0,0,0,0,0,0,0,0,0,0,0,0,0,0,0,0,0,0,0,0,0,0,0,0,0,0,0,0,0,0,0,0,0,0,0,0,0,0
8.101762221,-6.133244000000255,-0.3652690014211102,0.6980779999999978,2.8062000000003806,0.1381366674729434,1.0622000000000131,2.817,0.14893666747292644,1.073,4.622961370992073,0.3354542525962847,1.8005189517386617,4.994191722881796,0.11328044792716015,-0.212641894311487,-1.78,-3.18,-1.0,0.0,0.0,0.0,-1.78,-1.18,-1.0,0.0,0.0,0.0,-1.78,0.82,-1.0,0.0,0.0,0.0,-1.78,2.82,-1.0,0.0,0.0,0.0,-1.78,-3.18,1.0,0.0,0.0,0.0,-1.78,-1.18,1.0,0.0,0.0,0.0,-1.78,0.82,1.0,0.0,0.0,0.0,-1.78,2.82,1.0,0.0,0.0,0.0,1.52,0.45,-1.0,0.0,0.0,0.0,1.52,2.45,-1.0,0.0,0.0,0.0,1.52,4.45,-1.0,0.0,0.0,0.0,1.52,0.45,1.0,0.0,0.0,0.0,1.52,2.45,1.0,0.0,0.0,0.0,1.52,4.45,1.0,0.0,0.0,0.0,3.22,-1.71,-1.0,0.0,0.0,0.0,3.22,0.29,-1.0,0.0,0.0,0.0,3.22,2.29,-1.0,0.0,0.0,0.0,3.22,-1.71,1.0,0.0,0.0,0.0,3.22,0.29,1.0,0.0,0.0,0.0,3.22,2.29,1.0,0.0,0.0,0.0,9.9,-1.0748000000001412,0.12719999999996998,0.0,-1.1600000000000499,-0.2600000000000103,9.9,0.9252000000003124,0.12719999999996998,0.0,-1.1600000000000499,-0.2600000000000103,6.8,2.5306000000000806,0.9124000000000706,0.0,1.2699999999998823,0.5800000000000249,-4.84,-3.020800000000259,-0.5806000000001796,0.0,0.640000000000196,0.22999999999995246,-4.84,-1.0207999999995991,-0.5806000000001796,0.0,0.6399999999999739,0.22999999999995246,0,0,0,0,0,0,0,0,0,0,0,0,0,0,0,0,0,0,0,0,0,0,0,0,0,0,0,0,0,0,0,0,0,0,0,0,0,0,0,0,0,0,0,0,0,0,0,0,0,0,0,0,0,0,0,0,0,0,0,0,0,0,0,0,0,0,0,0,0,0,0,0,0,0,0,0,0,0,0,0,0,0,0,0,0,0,0,0,0,0,0,0,0,0,0,0,0,0,0,0,0,0,0,0,0,0,0,0,0,0,0,0,0,0,0,0,0,0,0,0,0,0,0,0,0,0,0,0,0,0,0,0,0,0,0,0,0,0,0,0,0,0,0,0,0,0,0,0,0,0
8.202165163,-6.0202490000002475,-0.35899653472219245,0.7413129999999974,2.8484999999998983,0.18043666747291076,1.104499999999997,2.8520000000000003,0.18393666747292645,1.1079999999999999,4.6696639782985585,0.20501334842958574,1.917534846617074,4.99389315044511,0.11280150753926035,-0.2197885844039357,-1.78,-3.18,-1.0,0.0,0.0,0.0,-1.78,-1.18,-1.0,0.0,0.0,0.0,-1.78,0.82,-1.0,0.0,0.0,0.0,-1.78,2.82,-1.0,0.0,0.0,0.0,-1.78,-3.18,1.0,0.0,0.0,0.0,-1.78,-1.18,1.0,0.0,0.0,0.0,-1.78,0.82,1.0,0.0,0.0,0.0,-1.78,2.82,1.0,0.0,0.0,0.0,1.52,0.45,-1.0,0.0,0.0,0.0,1.52,2.45,-1.0,0.0,0.0,0.0,1.52,4.45,-1.0,0.0,0.0,0.0,1.52,0.45,1.0,0.0,0.0,0.0,1.52,2.45,1.0,0.0,0.0,0.0,1.52,4.45,1.0,0.0,0.0,0.0,3.22,-1.71,-1.0,0.0,0.0,0.0,3.22,0.29,-1.0,0.0,0.0,0.0,3.22,2.29,-1.0,0.0,0.0,0.0,3.22,-1.71,1.0,0.0,0.0,0.0,3.22,0.29,1.0,0.0,0.0,0.0,3.22,2.29,1.0,0.0,0.0,0.0,9.9,-1.1212000000001432,0.11679999999997001,0.0,-1.1600000000000499,-0.2599999999999963,9.9,0.8788000000003104,0.11679999999997001,0.0,-1.1600000000000499,-0.2599999999999963,6.8,2.581400000000076,0.9356000000000716,0.0,1.2699999999998823,0.5800000000000249,-4.84,-2.995200000000251,-0.5714000000001815,0.0,0.640000000000196,0.22999999999995246,-4.84,-0.9951999999996002,-0.5714000000001815,0.0,0.6399999999999739,0.22999999999995246,0,0,0,0,0,0,0,0,0,0,0,0,0,0,0,0,0,0,0,0,0,0,0,0,0,0,0,0,0,0,0,0,0,0,0,0,0,0,0,0,0,0,0,0,0,0,0,0,0,0,0,0,0,0,0,0,0,0,0,0,0,0,0,0,0,0,0,0,0,0,0,0,0,0,0,0,0,0,0,0,0,0,0,0,0,0,0,0,0,0,0,0,0,0,0,0,0,0,0,0,0,0,0,0,0,0,0,0,0,0,0,0,0,0,0,0,0,0,0,0,0,0,0,0,0,0,0,0,0,0,0,0,0,0,0,0,0,0,0,0,0,0,0,0,0,0,0,0,0,0
8.300953028,-5.905641000000251,-0.3521670680232763,0.7861609999999966,2.8850000000000264,0.1509366674729007,1.1409999999999478,2.8850000000000002,0.15093666747292644,1.1409999999999998,4.645189691163347,-0.0009390543706557786,1.8041029235701,4.993163023865205,0.1113663650521127,-0.23647526263938703,-1.78,-3.18,-1.0,0.0,0.0,0.0,-1.78,-1.18,-1.0,0.0,0.0,0.0,-1.78,0.82,-1.0,0.0,0.0,0.0,-1.78,2.82,-1.0,0.0,0.0,0.0,-1.78,-3.18,1.0,0.0,0.0,0.0,-1.78,-1.18,1.0,0.0,0.0,0.0,-1.78,0.82,1.0,0.0,0.0,0.0,-1.78,2.82,1.0,0.0,0.0,0.0,1.52,0.45,-1.0,0.0,0.0,0.0,1.52,2.45,-1.0,0.0,0.0,0.0,1.52,4.45,-1.0,0.0,0.0,0.0,1.52,0.45,1.0,0.0,0.0,0.0,1.52,2.45,1.0,0.0,0.0,0.0,1.52,4.45,1.0,0.0,0.0,0.0,3.22,-1.71,-1.0,0.0,0.0,0.0,3.22,0.29,-1.0,0.0,0.0,0.0,3.22,2.29,-1.0,0.0,0.0,0.0,3.22,-1.71,1.0,0.0,0.0,0.0,3.22,0.29,1.0,0.0,0.0,0.0,3.22,2.29,1.0,0.0,0.0,0.0,9.9,-1.1676000000001452,0.10639999999997016,0.0,-1.1600000000000499,-0.2599999999999963,9.9,0.8324000000003084,0.10639999999997016,0.0,-1.1600000000000499,-0.2599999999999963,6.8,2.632200000000071,0.9588000000000726,0.0,1.2699999999998823,0.5800000000000249,-4.84,-2.969600000000243,-0.5622000000001834,0.0,0.640000000000196,0.22999999999995246,-4.84,-0.9695999999996012,-0.5622000000001834,0.0,0.6399999999999739,0.22999999999995246,0,0,0,0,0,0,0,0,0,0,0,0,0,0,0,0,0,0,0,0,0,0,0,0,0,0,0,0,0,0,0,0,0,0,0,0,0,0,0,0,0,0,0,0,0,0,0,0,0,0,0,0,0,0,0,0,0,0,0,0,0,0,0,0,0,0,0,0,0,0,0,0,0,0,0,0,0,0,0,0,0,0,0,0,0,0,0,0,0,0,0,0,0,0,0,0,0,0,0,0,0,0,0,0,0,0,0,0,0,0,0,0,0,0,0,0,0,0,0,0,0,0,0,0,0,0,0,0,0,0,0,0,0,0,0,0,0,0,0,0,0,0,0,0,0,0,0,0,0,0
8.401017981,-5.8478730000002495,-0.34921633467381824,0.8090489999999957,2.8918000000000887,0.144136667472905,1.1477999999999653,2.919,0.11693666747292644,1.1749999999999998,4.67647661208167,0.046373282317091036,1.7794372892549772,4.9924680147929275,0.11024915060356119,-0.2512135467301877,-1.78,-3.18,-1.0,0.0,0.0,0.0,-1.78,-1.18,-1.0,0.0,0.0,0.0,-1.78,0.82,-1.0,0.0,0.0,0.0,-1.78,2.82,-1.0,0.0,0.0,0.0,-1.78,-3.18,1.0,0.0,0.0,0.0,-1.78,-1.18,1.0,0.0,0.0,0.0,-1.78,0.82,1.0,0.0,0.0,0.0,-1.78,2.82,1.0,0.0,0.0,0.0,1.52,0.45,-1.0,0.0,0.0,0.0,1.52,2.45,-1.0,0.0,0.0,0.0,1.52,4.45,-1.0,0.0,0.0,0.0,1.52,0.45,1.0,0.0,0.0,0.0,1.52,2.45,1.0,0.0,0.0,0.0,1.52,4.45,1.0,0.0,0.0,0.0,3.22,-1.71,-1.0,0.0,0.0,0.0,3.22,0.29,-1.0,0.0,0.0,0.0,3.22,2.29,-1.0,0.0,0.0,0.0,3.22,-1.71,1.0,0.0,0.0,0.0,3.22,0.29,1.0,0.0,0.0,0.0,3.22,2.29,1.0,0.0,0.0,0.0,9.9,-1.2140000000001472,0.0959999999999703,0.0,-1.1600000000000499,-0.2599999999999963,9.9,0.8092000000003075,0.10119999999997023,0.0,-1.1600000000000499,-0.2599999999999963,6.8,2.657600000000069,0.9704000000000731,0.0,1.2699999999998823,0.5800000000000249,-4.84,-2.9568000000002392,-0.5576000000001844,0.0,0.640000000000196,0.22999999999995246,-4.84,-0.9567999999996017,-0.5576000000001844,0.0,0.6399999999999739,0.22999999999995246,0,0,0,0,0,0,0,0,0,0,0,0,0,0,0,0,0,0,0,0,0,0,0,0,0,0,0,0,0,0,0,0,0,0,0,0,0,0,0,0,0,0,0,0,0,0,0,0,0,0,0,0,0,0,0,0,0,0,0,0,0,0,0,0,0,0,0,0,0,0,0,0,0,0,0,0,0,0,0,0,0,0,0,0,0,0,0,0,0,0,0,0,0,0,0,0,0,0,0,0,0,0,0,0,0,0,0,0,0,0,0,0,0,0,0,0,0,0,0,0,0,0,0,0,0,0,0,0,0,0,0,0,0,0,0,0,0,0,0,0,0,0,0,0,0,0,0,0,0,0
8.501957552,-5.731113000000236,-0.34453886797490135,0.8560489999999972,2.919000000000338,0.1169366674729222,1.175000000000037,2.968,0.16593666747292646,1.2239999999999998,4.670783596255548,0.2285821581688161,1.8046397960129736,4.991709647947627,0.10954529134578392,-0.2661477404197484,-1.78,-3.18,-1.0,0.0,0.0,0.0,-1.78,-1.18,-1.0,0.0,0.0,0.0,-1.78,0.82,-1.0,0.0,0.0,0.0,-1.78,2.82,-1.0,0.0,0.0,0.0,-1.78,-3.18,1.0,0.0,0.0,0.0,-1.78,-1.18,1.0,0.0,0.0,0.0,-1.78,0.82,1.0,0.0,0.0,0.0,-1.78,2.82,1.0,0.0,0.0,0.0,1.52,0.45,-1.0,0.0,0.0,0.0,1.52,2.45,-1.0,0.0,0.0,0.0,1.52,4.45,-1.0,0.0,0.0,0.0,1.52,0.45,1.0,0.0,0.0,0.0,1.52,2.45,1.0,0.0,0.0,0.0,1.52,4.45,1.0,0.0,0.0,0.0,3.22,-1.71,-1.0,0.0,0.0,0.0,3.22,0.29,-1.0,0.0,0.0,0.0,3.22,2.29,-1.0,0.0,0.0,0.0,3.22,-1.71,1.0,0.0,0.0,0.0,3.22,0.29,1.0,0.0,0.0,0.0,3.22,2.29,1.0,0.0,0.0,0.0,9.9,-1.2372000000001482,0.09079999999997038,0.0,-1.1600000000000499,-0.2599999999999963,9.9,0.7628000000003055,0.09079999999997038,0.0,-1.1600000000000499,-0.2599999999999963,6.8,2.708400000000064,0.9936000000000741,0.0,1.2699999999998823,0.5800000000000249,-4.84,-2.9312000000002314,-0.5484000000001863,0.0,0.640000000000196,0.22999999999995246,-4.84,-0.9311999999996028,-0.5484000000001863,0.0,0.6399999999999739,0.22999999999995246,0,0,0,0,0,0,0,0,0,0,0,0,0,0,0,0,0,0,0,0,0,0,0,0,0,0,0,0,0,0,0,0,0,0,0,0,0,0,0,0,0,0,0,0,0,0,0,0,0,0,0,0,0,0,0,0,0,0,0,0,0,0,0,0,0,0,0,0,0,0,0,0,0,0,0,0,0,0,0,0,0,0,0,0,0,0,0,0,0,0,0,0,0,0,0,0,0,0,0,0,0,0,0,0,0,0,0,0,0,0,0,0,0,0,0,0,0,0,0,0,0,0,0,0,0,0,0,0,0,0,0,0,0,0,0,0,0,0,0,0,0,0,0,0,0,0,0,0,0,0
8.603616855,-5.6720960000002325,-0.34156313462544263,0.8801859999999975,2.9680000000000817,0.16593666747294344,1.224000000000003,2.984,0.18193666747292647,1.2399999999999998,4.601840332040702,0.5162228850661026,1.933099719274301,4.990975390393863,0.10880195804819051,-0.27986923090563126,-1.78,-3.18,-1.0,0.0,0.0,0.0,-1.78,-1.18,-1.0,0.0,0.0,0.0,-1.78,0.82,-1.0,0.0,0.0,0.0,-1.78,2.82,-1.0,0.0,0.0,0.0,-1.78,-3.18,1.0,0.0,0.0,0.0,-1.78,-1.18,1.0,0.0,0.0,0.0,-1.78,0.82,1.0,0.0,0.0,0.0,-1.78,2.82,1.0,0.0,0.0,0.0,1.52,0.45,-1.0,0.0,0.0,0.0,1.52,2.45,-1.0,0.0,0.0,0.0,1.52,4.45,-1.0,0.0,0.0,0.0,1.52,0.45,1.0,0.0,0.0,0.0,1.52,2.45,1.0,0.0,0.0,0.0,1.52,4.45,1.0,0.0,0.0,0.0,3.22,-1.71,-1.0,0.0,0.0,0.0,3.22,0.29,-1.0,0.0,0.0,0.0,3.22,2.29,-1.0,0.0,0.0,0.0,3.22,-1.71,1.0,0.0,0.0,0.0,3.22,0.29,1.0,0.0,0.0,0.0,3.22,2.29,1.0,0.0,0.0,0.0,9.9,-1.2604000000001492,0.08559999999997045,0.0,-1.1600000000000499,-0.2599999999999963,9.9,0.7396000000003045,0.08559999999997045,0.0,-1.1600000000000499,-0.2599999999999963,6.8,2.7338000000000617,1.0052000000000745,0.0,1.2699999999998823,0.5800000000000138,-4.84,-2.9184000000002275,-0.5438000000001872,0.0,0.640000000000196,0.22999999999995246,-4.84,-0.9183999999996033,-0.5438000000001872,0.0,0.6399999999999739,0.22999999999995246,0,0,0,0,0,0,0,0,0,0,0,0,0,0,0,0,0,0,0,0,0,0,0,0,0,0,0,0,0,0,0,0,0,0,0,0,0,0,0,0,0,0,0,0,0,0,0,0,0,0,0,0,0,0,0,0,0,0,0,0,0,0,0,0,0,0,0,0,0,0,0,0,0,0,0,0,0,0,0,0,0,0,0,0,0,0,0,0,0,0,0,0,0,0,0,0,0,0,0,0,0,0,0,0,0,0,0,0,0,0,0,0,0,0,0,0,0,0,0,0,0,0,0,0,0,0,0,0,0,0,0,0,0,0,0,0,0,0,0,0,0,0,0,0,0,0,0,0,0,0
8.706963968,-5.552448000000241,-0.3339976679265256,0.9300739999999972,3.0049999999999244,0.2029366674729527,1.2609999999999566,3.005,0.20293666747292646,1.2609999999999997,4.636073929922233,0.22662784360886423,1.6261450592710602,4.990507084877632,0.10810599553090201,-0.288361109576925,-1.78,-3.18,-1.0,0.0,0.0,0.0,-1.78,-1.18,-1.0,0.0,0.0,0.0,-1.78,0.82,-1.0,0.0,0.0,0.0,-1.78,2.82,-1.0,0.0,0.0,0.0,-1.78,-3.18,1.0,0.0,0.0,0.0,-1.78,-1.18,1.0,0.0,0.0,0.0,-1.78,0.82,1.0,0.0,0.0,0.0,-1.78,2.82,1.0,0.0,0.0,0.0,1.52,0.45,-1.0,0.0,0.0,0.0,1.52,2.45,-1.0,0.0,0.0,0.0,1.52,4.45,-1.0,0.0,0.0,0.0,1.52,0.45,1.0,0.0,0.0,0.0,1.52,2.45,1.0,0.0,0.0,0.0,1.52,4.45,1.0,0.0,0.0,0.0,3.22,-1.71,-1.0,0.0,0.0,0.0,3.22,0.29,-1.0,0.0,0.0,0.0,3.22,2.29,-1.0,0.0,0.0,0.0,3.22,-1.71,1.0,0.0,0.0,0.0,3.22,0.29,1.0,0.0,0.0,0.0,3.22,2.29,1.0,0.0,0.0,0.0,9.9,-1.3068000000001512,0.0751999999999706,0.0,-1.1600000000000499,-0.2599999999999963,9.9,0.6932000000003025,0.0751999999999706,0.0,-1.1600000000000499,-0.2599999999999963,6.8,2.784600000000057,1.0284000000000755,0.0,1.2699999999998823,0.5800000000000249,-4.84,-2.8928000000002196,-0.5346000000001891,0.0,0.640000000000196,0.22999999999995246,-4.84,-0.8927999999996044,-0.5346000000001891,0.0,0.6399999999999739,0.22999999999995246,0,0,0,0,0,0,0,0,0,0,0,0,0,0,0,0,0,0,0,0,0,0,0,0,0,0,0,0,0,0,0,0,0,0,0,0,0,0,0,0,0,0,0,0,0,0,0,0,0,0,0,0,0,0,0,0,0,0,0,0,0,0,0,0,0,0,0,0,0,0,0,0,0,0,0,0,0,0,0,0,0,0,0,0,0,0,0,0,0,0,0,0,0,0,0,0,0,0,0,0,0,0,0,0,0,0,0,0,0,0,0,0,0,0,0,0,0,0,0,0,0,0,0,0,0,0,0,0,0,0,0,0,0,0,0,0,0,0,0,0,0,0,0,0,0,0,0,0,0,0
8.803114073,-5.492220000000242,-0.3298109345770666,0.9554219999999964,3.017799999999937,0.2157366674729433,1.2737999999999694,3.037,0.23493666747292646,1.2929999999999997,4.632088443657055,0.5313802007506649,1.8764151704901932,4.989748645902763,0.10683235555510232,-0.30165426984893695,-1.78,-3.18,-1.0,0.0,0.0,0.0,-1.78,-1.18,-1.0,0.0,0.0,0.0,-1.78,0.82,-1.0,0.0,0.0,0.0,-1.78,2.82,-1.0,0.0,0.0,0.0,-1.78,-3.18,1.0,0.0,0.0,0.0,-1.78,-1.18,1.0,0.0,0.0,0.0,-1.78,0.82,1.0,0.0,0.0,0.0,-1.78,2.82,1.0,0.0,0.0,0.0,1.52,0.45,-1.0,0.0,0.0,0.0,1.52,2.45,-1.0,0.0,0.0,0.0,1.52,4.45,-1.0,0.0,0.0,0.0,1.52,0.45,1.0,0.0,0.0,0.0,1.52,2.45,1.0,0.0,0.0,0.0,1.52,4.45,1.0,0.0,0.0,0.0,3.22,-1.71,-1.0,0.0,0.0,0.0,3.22,0.29,-1.0,0.0,0.0,0.0,3.22,2.29,-1.0,0.0,0.0,0.0,3.22,-1.71,1.0,0.0,0.0,0.0,3.22,0.29,1.0,0.0,0.0,0.0,3.22,2.29,1.0,0.0,0.0,0.0,9.9,-1.3300000000001522,0.06999999999997067,0.0,-1.1600000000000499,-0.2599999999999963,9.9,0.6700000000003015,0.06999999999997067,0.0,-1.1600000000000499,-0.2599999999999963,6.8,2.8100000000000547,1.040000000000076,0.0,1.2699999999998823,0.5800000000000249,-4.84,-2.8800000000002157,-0.5300000000001901,0.0,0.640000000000196,0.22999999999995246,-4.84,-0.8799999999996049,-0.5300000000001901,0.0,0.6399999999999739,0.22999999999995246,0,0,0,0,0,0,0,0,0,0,0,0,0,0,0,0,0,0,0,0,0,0,0,0,0,0,0,0,0,0,0,0,0,0,0,0,0,0,0,0,0,0,0,0,0,0,0,0,0,0,0,0,0,0,0,0,0,0,0,0,0,0,0,0,0,0,0,0,0,0,0,0,0,0,0,0,0,0,0,0,0,0,0,0,0,0,0,0,0,0,0,0,0,0,0,0,0,0,0,0,0,0,0,0,0,0,0,0,0,0,0,0,0,0,0,0,0,0,0,0,0,0,0,0,0,0,0,0,0,0,0,0,0,0,0,0,0,0,0,0,0,0,0,0,0,0,0,0,0,0
8.902719948,-5.370257000000238,-0.3208964678781493,1.007624999999997,3.058000000000227,0.21393666747293594,1.3140000000000374,3.058,0.21393666747292647,1.3139999999999996,4.577680850718258,0.041164458166143,1.687145908424593,4.9890788433487385,0.10561845816594155,-0.31294893536271684,-1.78,-3.18,-1.0,0.0,0.0,0.0,-1.78,-1.18,-1.0,0.0,0.0,0.0,-1.78,0.82,-1.0,0.0,0.0,0.0,-1.78,2.82,-1.0,0.0,0.0,0.0,-1.78,-3.18,1.0,0.0,0.0,0.0,-1.78,-1.18,1.0,0.0,0.0,0.0,-1.78,0.82,1.0,0.0,0.0,0.0,-1.78,2.82,1.0,0.0,0.0,0.0,1.52,0.45,-1.0,0.0,0.0,0.0,1.52,2.45,-1.0,0.0,0.0,0.0,1.52,4.45,-1.0,0.0,0.0,0.0,1.52,0.45,1.0,0.0,0.0,0.0,1.52,2.45,1.0,0.0,0.0,0.0,1.52,4.45,1.0,0.0,0.0,0.0,3.22,-1.71,-1.0,0.0,0.0,0.0,3.22,0.29,-1.0,0.0,0.0,0.0,3.22,2.29,-1.0,0.0,0.0,0.0,3.22,-1.71,1.0,0.0,0.0,0.0,3.22,0.29,1.0,0.0,0.0,0.0,3.22,2.29,1.0,0.0,0.0,0.0,9.9,-1.3764000000001542,0.05959999999997073,0.0,-1.1600000000000499,-0.2600000000000033,9.9,0.6236000000002995,0.05959999999997073,0.0,-1.1600000000000499,-0.2600000000000033,6.8,2.86080000000005,1.063200000000077,0.0,1.2699999999998823,0.5800000000000249,-4.84,-2.854400000000208,-0.520800000000192,0.0,0.640000000000196,0.22999999999995246,-4.84,-0.8543999999996059,-0.520800000000192,0.0,0.6399999999999739,0.22999999999995246,0,0,0,0,0,0,0,0,0,0,0,0,0,0,0,0,0,0,0,0,0,0,0,0,0,0,0,0,0,0,0,0,0,0,0,0,0,0,0,0,0,0,0,0,0,0,0,0,0,0,0,0,0,0,0,0,0,0,0,0,0,0,0,0,0,0,0,0,0,0,0,0,0,0,0,0,0,0,0,0,0,0,0,0,0,0,0,0,0,0,0,0,0,0,0,0,0,0,0,0,0,0,0,0,0,0,0,0,0,0,0,0,0,0,0,0,0,0,0,0,0,0,0,0,0,0,0,0,0,0,0,0,0,0,0,0,0,0,0,0,0,0,0,0,0,0,0,0,0,0
9.000456613,-5.185111000000233,-0.30972626782977386,1.0881309999999982,3.106999999999971,0.1649366674729147,1.363000000000003,3.1069999999999998,0.16493666747292646,1.3629999999999995,4.593517904728893,-0.043478952406516225,1.944655613704588,4.987671147548086,0.10330057984625272,-0.3353587841697004,-1.78,-3.18,-1.0,0.0,0.0,0.0,-1.78,-1.18,-1.0,0.0,0.0,0.0,-1.78,0.82,-1.0,0.0,0.0,0.0,-1.78,2.82,-1.0,0.0,0.0,0.0,-1.78,-3.18,1.0,0.0,0.0,0.0,-1.78,-1.18,1.0,0.0,0.0,0.0,-1.78,0.82,1.0,0.0,0.0,0.0,-1.78,2.82,1.0,0.0,0.0,0.0,1.52,0.45,-1.0,0.0,0.0,0.0,1.52,2.45,-1.0,0.0,0.0,0.0,1.52,4.45,-1.0,0.0,0.0,0.0,1.52,0.45,1.0,0.0,0.0,0.0,1.52,2.45,1.0,0.0,0.0,0.0,1.52,4.45,1.0,0.0,0.0,0.0,3.22,-1.71,-1.0,0.0,0.0,0.0,3.22,0.29,-1.0,0.0,0.0,0.0,3.22,2.29,-1.0,0.0,0.0,0.0,3.22,-1.71,1.0,0.0,0.0,0.0,3.22,0.29,1.0,0.0,0.0,0.0,3.22,2.29,1.0,0.0,0.0,0.0,9.9,-1.4460000000001572,0.043999999999970535,0.0,-1.1600000000000499,-0.2600000000000033,9.9,0.5540000000002965,0.043999999999970535,0.0,-1.1600000000000499,-0.2600000000000033,6.8,2.937000000000043,1.0980000000000785,0.0,1.2699999999998823,0.5800000000000249,-4.84,-2.816000000000196,-0.5070000000001949,0.0,0.640000000000196,0.22999999999995246,-4.84,-0.8159999999996075,-0.5070000000001949,0.0,0.6399999999999739,0.22999999999995246,0,0,0,0,0,0,0,0,0,0,0,0,0,0,0,0,0,0,0,0,0,0,0,0,0,0,0,0,0,0,0,0,0,0,0,0,0,0,0,0,0,0,0,0,0,0,0,0,0,0,0,0,0,0,0,0,0,0,0,0,0,0,0,0,0,0,0,0,0,0,0,0,0,0,0,0,0,0,0,0,0,0,0,0,0,0,0,0,0,0,0,0,0,0,0,0,0,0,0,0,0,0,0,0,0,0,0,0,0,0,0,0,0,0,0,0,0,0,0,0,0,0,0,0,0,0,0,0,0,0,0,0,0,0,0,0,0,0,0,0,0,0,0,0,0,0,0,0,0,0
9.102328512,-5.05978600000024,-0.30208380113085676,1.1436959999999967,3.161999999999665,0.21993666747294194,1.4179999999999193,3.162,0.21993666747292645,1.4179999999999995,4.663151081097714,0.45550819865369796,1.7202773490925298,4.98581265561745,0.10136000771557926,-0.36248905075983656,-1.78,-3.18,-1.0,0.0,0.0,0.0,-1.78,-1.18,-1.0,0.0,0.0,0.0,-1.78,0.82,-1.0,0.0,0.0,0.0,-1.78,2.82,-1.0,0.0,0.0,0.0,-1.78,-3.18,1.0,0.0,0.0,0.0,-1.78,-1.18,1.0,0.0,0.0,0.0,-1.78,0.82,1.0,0.0,0.0,0.0,-1.78,2.82,1.0,0.0,0.0,0.0,1.52,0.45,-1.0,0.0,0.0,0.0,1.52,2.45,-1.0,0.0,0.0,0.0,1.52,4.45,-1.0,0.0,0.0,0.0,1.52,0.45,1.0,0.0,0.0,0.0,1.52,2.45,1.0,0.0,0.0,0.0,1.52,4.45,1.0,0.0,0.0,0.0,3.22,-1.71,-1.0,0.0,0.0,0.0,3.22,0.29,-1.0,0.0,0.0,0.0,3.22,2.29,-1.0,0.0,0.0,0.0,3.22,-1.71,1.0,0.0,0.0,0.0,3.22,0.29,1.0,0.0,0.0,0.0,3.22,2.29,1.0,0.0,0.0,0.0,9.9,-1.4924000000001592,0.033599999999970404,0.0,-1.1600000000000499,-0.2600000000000033,9.9,0.5076000000002945,0.033599999999970404,0.0,-1.1600000000000499,-0.2600000000000033,6.8,2.987800000000038,1.1212000000000795,0.0,1.2699999999998823,0.5800000000000249,-4.84,-2.7904000000001883,-0.4978000000001962,0.0,0.640000000000196,0.23000000000000798,-4.84,-0.7903999999996085,-0.4978000000001962,0.0,0.6399999999999739,0.23000000000000798,0,0,0,0,0,0,0,0,0,0,0,0,0,0,0,0,0,0,0,0,0,0,0,0,0,0,0,0,0,0,0,0,0,0,0,0,0,0,0,0,0,0,0,0,0,0,0,0,0,0,0,0,0,0,0,0,0,0,0,0,0,0,0,0,0,0,0,0,0,0,0,0,0,0,0,0,0,0,0,0,0,0,0,0,0,0,0,0,0,0,0,0,0,0,0,0,0,0,0,0,0,0,0,0,0,0,0,0,0,0,0,0,0,0,0,0,0,0,0,0,0,0,0,0,0,0,0,0,0,0,0,0,0,0,0,0,0,0,0,0,0,0,0,0,0,0,0,0,0,0
9.201915662,-4.932676000000252,-0.2926563344319396,1.2010459999999945,3.206999999999738,0.2649366674729037,1.462999999999992,3.207,0.26493666747292643,1.4629999999999994,4.725040366174645,0.274724282249049,1.5984324990189729,4.9838232313682225,0.09893009739978328,-0.3895110194883804,-1.78,-3.18,-1.0,0.0,0.0,0.0,-1.78,-1.18,-1.0,0.0,0.0,0.0,-1.78,0.82,-1.0,0.0,0.0,0.0,-1.78,2.82,-1.0,0.0,0.0,0.0,-1.78,-3.18,1.0,0.0,0.0,0.0,-1.78,-1.18,1.0,0.0,0.0,0.0,-1.78,0.82,1.0,0.0,0.0,0.0,-1.78,2.82,1.0,0.0,0.0,0.0,1.52,0.45,-1.0,0.0,0.0,0.0,1.52,2.45,-1.0,0.0,0.0,0.0,1.52,4.45,-1.0,0.0,0.0,0.0,1.52,0.45,1.0,0.0,0.0,0.0,1.52,2.45,1.0,0.0,0.0,0.0,1.52,4.45,1.0,0.0,0.0,0.0,3.22,-1.71,-1.0,0.0,0.0,0.0,3.22,0.29,-1.0,0.0,0.0,0.0,3.22,2.29,-1.0,0.0,0.0,0.0,3.22,-1.71,1.0,0.0,0.0,0.0,3.22,0.29,1.0,0.0,0.0,0.0,3.22,2.29,1.0,0.0,0.0,0.0,9.9,-1.5388000000001612,0.02319999999997038,0.0,-1.1600000000000499,-0.2599999999999998,9.9,0.4612000000002944,0.02319999999997038,0.0,-1.1599999999999946,-0.2599999999999998,6.8,3.064000000000031,1.156000000000081,0.0,1.2699999999998823,0.5800000000000249,-4.84,-2.7520000000001765,-0.4840000000001957,0.0,0.640000000000196,0.23000000000000798,-4.84,-0.7519999999996101,-0.4840000000001957,0.0,0.6399999999999739,0.23000000000000798,0,0,0,0,0,0,0,0,0,0,0,0,0,0,0,0,0,0,0,0,0,0,0,0,0,0,0,0,0,0,0,0,0,0,0,0,0,0,0,0,0,0,0,0,0,0,0,0,0,0,0,0,0,0,0,0,0,0,0,0,0,0,0,0,0,0,0,0,0,0,0,0,0,0,0,0,0,0,0,0,0,0,0,0,0,0,0,0,0,0,0,0,0,0,0,0,0,0,0,0,0,0,0,0,0,0,0,0,0,0,0,0,0,0,0,0,0,0,0,0,0,0,0,0,0,0,0,0,0,0,0,0,0,0,0,0,0,0,0,0,0,0,0,0,0,0,0,0,0,0
9.302064844,-4.738966000000247,-0.2780501343835642,1.2901159999999945,3.250000000000419,0.22193666747294394,1.5060000000000073,3.25,0.22193666747292645,1.5059999999999993,4.824931991270111,0.14735150166960542,1.5631569044862392,4.981904729076022,0.09610096399543085,-0.4139926027468551,-1.78,-3.18,-1.0,0.0,0.0,0.0,-1.78,-1.18,-1.0,0.0,0.0,0.0,-1.78,0.82,-1.0,0.0,0.0,0.0,-1.78,2.82,-1.0,0.0,0.0,0.0,-1.78,-3.18,1.0,0.0,0.0,0.0,-1.78,-1.18,1.0,0.0,0.0,0.0,-1.78,0.82,1.0,0.0,0.0,0.0,-1.78,2.82,1.0,0.0,0.0,0.0,1.52,0.45,-1.0,0.0,0.0,0.0,1.52,2.45,-1.0,0.0,0.0,0.0,1.52,4.45,-1.0,0.0,0.0,0.0,1.52,0.45,1.0,0.0,0.0,0.0,1.52,2.45,1.0,0.0,0.0,0.0,1.52,4.45,1.0,0.0,0.0,0.0,3.22,-1.71,-1.0,0.0,0.0,0.0,3.22,0.29,-1.0,0.0,0.0,0.0,3.22,2.29,-1.0,0.0,0.0,0.0,3.22,-1.71,1.0,0.0,0.0,0.0,3.22,0.29,1.0,0.0,0.0,0.0,3.22,2.29,1.0,0.0,0.0,0.0,9.9,-1.6084000000001641,0.007599999999970391,0.0,-1.1600000000000499,-0.2599999999999998,9.9,0.3916000000002947,0.007599999999970391,0.0,-1.1599999999999946,-0.2599999999999998,6.8,3.1148000000000264,1.179200000000082,0.0,1.2699999999998823,0.5800000000000249,-4.84,-2.7264000000001687,-0.4748000000001954,0.0,0.640000000000196,0.23000000000000798,-4.84,-0.7263999999996111,-0.4748000000001954,0.0,0.6399999999999739,0.23000000000000798,0,0,0,0,0,0,0,0,0,0,0,0,0,0,0,0,0,0,0,0,0,0,0,0,0,0,0,0,0,0,0,0,0,0,0,0,0,0,0,0,0,0,0,0,0,0,0,0,0,0,0,0,0,0,0,0,0,0,0,0,0,0,0,0,0,0,0,0,0,0,0,0,0,0,0,0,0,0,0,0,0,0,0,0,0,0,0,0,0,0,0,0,0,0,0,0,0,0,0,0,0,0,0,0,0,0,0,0,0,0,0,0,0,0,0,0,0,0,0,0,0,0,0,0,0,0,0,0,0,0,0,0,0,0,0,0,0,0,0,0,0,0,0,0,0,0,0,0,0,0
9.40326855,-4.608212000000241,-0.26992666768464646,1.3511099999999934,3.3079999999996446,0.16393666747294144,1.5639999999998988,3.308,0.16393666747292646,1.5639999999999994,4.739730103346227,0.07487322265901053,1.7516368422886188,4.979079810537021,0.09289486801869457,-0.44736426298756876,-1.78,-3.18,-1.0,0.0,0.0,0.0,-1.78,-1.18,-1.0,0.0,0.0,0.0,-1.78,0.82,-1.0,0.0,0.0,0.0,-1.78,2.82,-1.0,0.0,0.0,0.0,-1.78,-3.18,1.0,0.0,0.0,0.0,-1.78,-1.18,1.0,0.0,0.0,0.0,-1.78,0.82,1.0,0.0,0.0,0.0,-1.78,2.82,1.0,0.0,0.0,0.0,1.52,0.45,-1.0,0.0,0.0,0.0,1.52,2.45,-1.0,0.0,0.0,0.0,1.52,4.45,-1.0,0.0,0.0,0.0,1.52,0.45,1.0,0.0,0.0,0.0,1.52,2.45,1.0,0.0,0.0,0.0,1.52,4.45,1.0,0.0,0.0,0.0,3.22,-1.71,-1.0,0.0,0.0,0.0,3.22,0.29,-1.0,0.0,0.0,0.0,3.22,2.29,-1.0,0.0,0.0,0.0,3.22,-1.71,1.0,0.0,0.0,0.0,3.22,0.29,1.0,0.0,0.0,0.0,3.22,2.29,1.0,0.0,0.0,0.0,9.9,-1.6548000000001661,-0.002800000000029605,0.0,-1.1600000000000499,-0.25999999999999995,9.9,0.34520000000029494,-0.002800000000029605,0.0,-1.1599999999999946,-0.25999999999999995,6.8,3.1656000000000217,1.202400000000083,0.0,1.2699999999998823,0.5800000000000249,-4.84,-2.700800000000161,-0.4656000000001951,0.0,0.640000000000196,0.23000000000000798,-4.84,-0.7007999999996122,-0.4656000000001951,0.0,0.6399999999999739,0.23000000000000798,0,0,0,0,0,0,0,0,0,0,0,0,0,0,0,0,0,0,0,0,0,0,0,0,0,0,0,0,0,0,0,0,0,0,0,0,0,0,0,0,0,0,0,0,0,0,0,0,0,0,0,0,0,0,0,0,0,0,0,0,0,0,0,0,0,0,0,0,0,0,0,0,0,0,0,0,0,0,0,0,0,0,0,0,0,0,0,0,0,0,0,0,0,0,0,0,0,0,0,0,0,0,0,0,0,0,0,0,0,0,0,0,0,0,0,0,0,0,0,0,0,0,0,0,0,0,0,0,0,0,0,0,0,0,0,0,0,0,0,0,0,0,0,0,0,0,0,0,0,0
9.501671099,-4.408510000000253,-0.2588684676362709,1.4437279999999897,3.354999999999997,0.21093666747290518,1.5169999999999906,3.355,0.21093666747292644,1.5169999999999995,4.700072243456822,0.2917795235388789,1.5079636012995972,4.976671688751564,0.09121382711893006,-0.47372876218461896,-1.78,-3.18,-1.0,0.0,0.0,0.0,-1.78,-1.18,-1.0,0.0,0.0,0.0,-1.78,0.82,-1.0,0.0,0.0,0.0,-1.78,2.82,-1.0,0.0,0.0,0.0,-1.78,-3.18,1.0,0.0,0.0,0.0,-1.78,-1.18,1.0,0.0,0.0,0.0,-1.78,0.82,1.0,0.0,0.0,0.0,-1.78,2.82,1.0,0.0,0.0,0.0,1.52,0.45,-1.0,0.0,0.0,0.0,1.52,2.45,-1.0,0.0,0.0,0.0,1.52,4.45,-1.0,0.0,0.0,0.0,1.52,0.45,1.0,0.0,0.0,0.0,1.52,2.45,1.0,0.0,0.0,0.0,1.52,4.45,1.0,0.0,0.0,0.0,3.22,-1.71,-1.0,0.0,0.0,0.0,3.22,0.29,-1.0,0.0,0.0,0.0,3.22,2.29,-1.0,0.0,0.0,0.0,3.22,-1.71,1.0,0.0,0.0,0.0,3.22,0.29,1.0,0.0,0.0,0.0,3.22,2.29,1.0,0.0,0.0,0.0,9.9,-1.7244000000001691,-0.018400000000029594,0.0,-1.1600000000000499,-0.2599999999999998,9.9,0.2756000000002953,-0.018400000000029594,0.0,-1.1599999999999946,-0.2599999999999998,6.8,3.2418000000000147,1.2372000000000845,0.0,1.2699999999998823,0.5800000000000249,-4.84,-2.662400000000149,-0.4518000000001946,0.0,0.640000000000196,0.23000000000000798,-4.84,-0.6623999999996137,-0.4518000000001946,0.0,0.6399999999999739,0.23000000000000798,0,0,0,0,0,0,0,0,0,0,0,0,0,0,0,0,0,0,0,0,0,0,0,0,0,0,0,0,0,0,0,0,0,0,0,0,0,0,0,0,0,0,0,0,0,0,0,0,0,0,0,0,0,0,0,0,0,0,0,0,0,0,0,0,0,0,0,0,0,0,0,0,0,0,0,0,0,0,0,0,0,0,0,0,0,0,0,0,0,0,0,0,0,0,0,0,0,0,0,0,0,0,0,0,0,0,0,0,0,0,0,0,0,0,0,0,0,0,0,0,0,0,0,0,0,0,0,0,0,0,0,0,0,0,0,0,0,0,0,0,0,0,0,0,0,0,0,0,0,0
9.601832948,-4.205425000000252,-0.2466013496805033,1.5335291139023721,3.40600000000002,0.19982003625557132,1.4821746829252191,3.406,0.19982003625557665,1.4821746829252915,4.850957557216638,0.19982003625557665,1.4821746829252915,4.973214012847505,0.0884630134877807,-0.5092314578478829,-1.78,-3.18,-1.0,0.0,0.0,0.0,-1.78,-1.18,-1.0,0.0,0.0,0.0,-1.78,0.82,-1.0,0.0,0.0,0.0,-1.78,2.82,-1.0,0.0,0.0,0.0,-1.78,-3.18,1.0,0.0,0.0,0.0,-1.78,-1.18,1.0,0.0,0.0,0.0,-1.78,0.82,1.0,0.0,0.0,0.0,-1.78,2.82,1.0,0.0,0.0,0.0,1.52,0.45,-1.0,0.0,0.0,0.0,1.52,2.45,-1.0,0.0,0.0,0.0,1.52,4.45,-1.0,0.0,0.0,0.0,1.52,0.45,1.0,0.0,0.0,0.0,1.52,2.45,1.0,0.0,0.0,0.0,1.52,4.45,1.0,0.0,0.0,0.0,3.22,-1.71,-1.0,0.0,0.0,0.0,3.22,0.29,-1.0,0.0,0.0,0.0,3.22,2.29,-1.0,0.0,0.0,0.0,3.22,-1.71,1.0,0.0,0.0,0.0,3.22,0.29,1.0,0.0,0.0,0.0,3.22,2.29,1.0,0.0,0.0,0.0,9.9,-1.7940000000001721,-0.03400000000002962,0.0,-1.1600000000000499,-0.2600000000000033,9.9,0.2060000000002956,-0.03400000000002962,0.0,-1.1599999999999946,-0.2600000000000033,6.8,3.3180000000000076,1.272000000000086,0.0,1.2699999999998823,0.5800000000000249,-4.84,-2.6240000000001373,-0.4380000000001941,0.0,0.640000000000196,0.23000000000000798,-4.84,-0.6239999999996153,-0.4380000000001941,0.0,0.6399999999999739,0.23000000000000798,0,0,0,0,0,0,0,0,0,0,0,0,0,0,0,0,0,0,0,0,0,0,0,0,0,0,0,0,0,0,0,0,0,0,0,0,0,0,0,0,0,0,0,0,0,0,0,0,0,0,0,0,0,0,0,0,0,0,0,0,0,0,0,0,0,0,0,0,0,0,0,0,0,0,0,0,0,0,0,0,0,0,0,0,0,0,0,0,0,0,0,0,0,0,0,0,0,0,0,0,0,0,0,0,0,0,0,0,0,0,0,0,0,0,0,0,0,0,0,0,0,0,0,0,0,0,0,0,0,0,0,0,0,0,0,0,0,0,0,0,0,0,0,0,0,0,0,0,0,0
9.701155469,-3.9991150000002453,-0.23298765140747324,1.6205095948778858,3.47100000000018,0.2539699061787637,1.4171746829252374,3.471,0.25396990617876414,1.4171746829252916,4.713269075363256,0.25396990617876414,1.3884720208991639,4.969200926524538,0.08542354551086066,-0.5474896982592753,-1.78,-3.18,-1.0,0.0,0.0,0.0,-1.78,-1.18,-1.0,0.0,0.0,0.0,-1.78,0.82,-1.0,0.0,0.0,0.0,-1.78,2.82,-1.0,0.0,0.0,0.0,-1.78,-3.18,1.0,0.0,0.0,0.0,-1.78,-1.18,1.0,0.0,0.0,0.0,-1.78,0.82,1.0,0.0,0.0,0.0,-1.78,2.82,1.0,0.0,0.0,0.0,1.52,0.45,-1.0,0.0,0.0,0.0,1.52,2.45,-1.0,0.0,0.0,0.0,1.52,4.45,-1.0,0.0,0.0,0.0,1.52,0.45,1.0,0.0,0.0,0.0,1.52,2.45,1.0,0.0,0.0,0.0,1.52,4.45,1.0,0.0,0.0,0.0,3.22,-1.71,-1.0,0.0,0.0,0.0,3.22,0.29,-1.0,0.0,0.0,0.0,3.22,2.29,-1.0,0.0,0.0,0.0,3.22,-1.71,1.0,0.0,0.0,0.0,3.22,0.29,1.0,0.0,0.0,0.0,3.22,2.29,1.0,0.0,0.0,0.0,9.9,-1.8636000000001751,-0.049600000000029815,0.0,-1.1600000000000499,-0.2600000000000033,9.9,0.13640000000029595,-0.049600000000029815,0.0,-1.1599999999999946,-0.2600000000000033,6.8,3.3942000000000005,1.3068000000000874,0.0,1.2699999999998823,0.5800000000000249,-4.84,-2.5856000000001256,-0.42420000000019364,0.0,0.640000000000196,0.23000000000000798,-4.84,-0.5855999999996169,-0.42420000000019364,0.0,0.6399999999999739,0.23000000000000798,0,0,0,0,0,0,0,0,0,0,0,0,0,0,0,0,0,0,0,0,0,0,0,0,0,0,0,0,0,0,0,0,0,0,0,0,0,0,0,0,0,0,0,0,0,0,0,0,0,0,0,0,0,0,0,0,0,0,0,0,0,0,0,0,0,0,0,0,0,0,0,0,0,0,0,0,0,0,0,0,0,0,0,0,0,0,0,0,0,0,0,0,0,0,0,0,0,0,0,0,0,0,0,0,0,0,0,0,0,0,0,0,0,0,0,0,0,0,0,0,0,0,0,0,0,0,0,0,0,0,0,0,0,0,0,0,0,0,0,0,0,0,0,0,0,0,0,0,0,0
9.802651602,-3.7888660000002576,-0.21973845703674724,1.7070263273644593,3.521999999999803,0.2029699061787682,1.4552836960293192,3.5220000000000002,0.20296990617876415,1.4552836960292486,4.743574622937344,-0.16541678087475065,1.4552836960292486,4.965275551057198,0.08179964528234816,-0.5825354239059846,-1.78,-3.18,-1.0,0.0,0.0,0.0,-1.78,-1.18,-1.0,0.0,0.0,0.0,-1.78,0.82,-1.0,0.0,0.0,0.0,-1.78,2.82,-1.0,0.0,0.0,0.0,-1.78,-3.18,1.0,0.0,0.0,0.0,-1.78,-1.18,1.0,0.0,0.0,0.0,-1.78,0.82,1.0,0.0,0.0,0.0,-1.78,2.82,1.0,0.0,0.0,0.0,1.52,0.45,-1.0,0.0,0.0,0.0,1.52,2.45,-1.0,0.0,0.0,0.0,1.52,4.45,-1.0,0.0,0.0,0.0,1.52,0.45,1.0,0.0,0.0,0.0,1.52,2.45,1.0,0.0,0.0,0.0,1.52,4.45,1.0,0.0,0.0,0.0,3.22,-1.71,-1.0,0.0,0.0,0.0,3.22,0.29,-1.0,0.0,0.0,0.0,3.22,2.29,-1.0,0.0,0.0,0.0,3.22,-1.71,1.0,0.0,0.0,0.0,3.22,0.29,1.0,0.0,0.0,0.0,3.22,2.29,1.0,0.0,0.0,0.0,9.9,-1.933200000000178,-0.06520000000002994,0.0,-1.1600000000000499,-0.2599999999999963,9.9,0.06680000000029629,-0.06520000000002994,0.0,-1.1599999999999946,-0.2599999999999963,6.8,3.4703999999999935,1.341600000000089,0.0,1.2699999999998823,0.5800000000000249,-4.84,-2.547200000000114,-0.41040000000019317,0.0,0.640000000000196,0.23000000000000798,-4.84,-0.5471999999996184,-0.41040000000019317,0.0,0.6399999999999739,0.23000000000000798,0,0,0,0,0,0,0,0,0,0,0,0,0,0,0,0,0,0,0,0,0,0,0,0,0,0,0,0,0,0,0,0,0,0,0,0,0,0,0,0,0,0,0,0,0,0,0,0,0,0,0,0,0,0,0,0,0,0,0,0,0,0,0,0,0,0,0,0,0,0,0,0,0,0,0,0,0,0,0,0,0,0,0,0,0,0,0,0,0,0,0,0,0,0,0,0,0,0,0,0,0,0,0,0,0,0,0,0,0,0,0,0,0,0,0,0,0,0,0,0,0,0,0,0,0,0,0,0,0,0,0,0,0,0,0,0,0,0,0,0,0,0,0,0,0,0,0,0,0,0
9.900693683,-3.503608000000255,-0.2029534335451586,1.8247546631618217,3.5880000000001475,0.21329879292003584,1.479918415180581,3.588,0.2132987929200474,1.4799184151805957,4.8408822457068394,0.2132987929200474,1.4799184151805957,4.960588582440882,0.07846887263771439,-0.6216136676297651,-1.78,-3.18,-1.0,0.0,0.0,0.0,-1.78,-1.18,-1.0,0.0,0.0,0.0,-1.78,0.82,-1.0,0.0,0.0,0.0,-1.78,2.82,-1.0,0.0,0.0,0.0,-1.78,-3.18,1.0,0.0,0.0,0.0,-1.78,-1.18,1.0,0.0,0.0,0.0,-1.78,0.82,1.0,0.0,0.0,0.0,-1.78,2.82,1.0,0.0,0.0,0.0,1.52,0.45,-1.0,0.0,0.0,0.0,1.52,2.45,-1.0,0.0,0.0,0.0,1.52,4.45,-1.0,0.0,0.0,0.0,1.52,0.45,1.0,0.0,0.0,0.0,1.52,2.45,1.0,0.0,0.0,0.0,1.52,4.45,1.0,0.0,0.0,0.0,3.22,-1.71,-1.0,0.0,0.0,0.0,3.22,0.29,-1.0,0.0,0.0,0.0,3.22,2.29,-1.0,0.0,0.0,0.0,3.22,-1.71,1.0,0.0,0.0,0.0,3.22,0.29,1.0,0.0,0.0,0.0,3.22,2.29,1.0,0.0,0.0,0.0,9.9,-2.026000000000182,-0.08600000000002965,0.0,-1.1600000000000499,-0.2599999999999963,9.9,-0.02599999999970375,-0.08600000000002965,0.0,-1.160000000000001,-0.2599999999999963,6.8,3.571999999999984,1.388000000000091,0.0,1.2699999999998823,0.5800000000000249,-4.84,-2.496000000000098,-0.39200000000019253,0.0,0.640000000000196,0.23000000000000798,-4.84,-0.4959999999996205,-0.39200000000019253,0.0,0.6399999999999739,0.23000000000000798,0,0,0,0,0,0,0,0,0,0,0,0,0,0,0,0,0,0,0,0,0,0,0,0,0,0,0,0,0,0,0,0,0,0,0,0,0,0,0,0,0,0,0,0,0,0,0,0,0,0,0,0,0,0,0,0,0,0,0,0,0,0,0,0,0,0,0,0,0,0,0,0,0,0,0,0,0,0,0,0,0,0,0,0,0,0,0,0,0,0,0,0,0,0,0,0,0,0,0,0,0,0,0,0,0,0,0,0,0,0,0,0,0,0,0,0,0,0,0,0,0,0,0,0,0,0,0,0,0,0,0,0,0,0,0,0,0,0,0,0,0,0,0,0,0,0,0,0,0,0
10.001195077,-3.212741000000243,-0.1861703542648752,1.9400629363546524,3.6770000000001515,0.20676799865679274,1.4081695774685876,3.677,0.20676799865678586,1.4081695774685454,4.813327838542509,0.20676799865678586,1.4081695774685454,4.952587583109277,0.07331905096435103,-0.6830084541186116,-1.78,-3.18,-1.0,0.0,0.0,0.0,-1.78,-1.18,-1.0,0.0,0.0,0.0,-1.78,0.82,-1.0,0.0,0.0,0.0,-1.78,2.82,-1.0,0.0,0.0,0.0,-1.78,-3.18,1.0,0.0,0.0,0.0,-1.78,-1.18,1.0,0.0,0.0,0.0,-1.78,0.82,1.0,0.0,0.0,0.0,-1.78,2.82,1.0,0.0,0.0,0.0,1.52,0.45,-1.0,0.0,0.0,0.0,1.52,2.45,-1.0,0.0,0.0,0.0,1.52,4.45,-1.0,0.0,0.0,0.0,1.52,0.45,1.0,0.0,0.0,0.0,1.52,2.45,1.0,0.0,0.0,0.0,1.52,4.45,1.0,0.0,0.0,0.0,3.22,-1.71,-1.0,0.0,0.0,0.0,3.22,0.29,-1.0,0.0,0.0,0.0,3.22,2.29,-1.0,0.0,0.0,0.0,3.22,-1.71,1.0,0.0,0.0,0.0,3.22,0.29,1.0,0.0,0.0,0.0,3.22,2.29,1.0,0.0,0.0,0.0,9.9,-2.118800000000186,-0.10680000000002936,0.0,-1.1600000000000499,-0.2599999999999963,9.9,-0.11879999999970352,-0.10680000000002936,0.0,-1.1599999999999946,-0.2599999999999963,6.8,3.6735999999999747,1.434400000000093,0.0,1.2699999999998823,0.5800000000000249,-4.84,-2.4448000000000825,-0.3736000000001919,0.0,0.640000000000196,0.23000000000000798,-4.84,-0.4447999999996226,-0.3736000000001919,0.0,0.6399999999999739,0.23000000000000798,0,0,0,0,0,0,0,0,0,0,0,0,0,0,0,0,0,0,0,0,0,0,0,0,0,0,0,0,0,0,0,0,0,0,0,0,0,0,0,0,0,0,0,0,0,0,0,0,0,0,0,0,0,0,0,0,0,0,0,0,0,0,0,0,0,0,0,0,0,0,0,0,0,0,0,0,0,0,0,0,0,0,0,0,0,0,0,0,0,0,0,0,0,0,0,0,0,0,0,0,0,0,0,0,0,0,0,0,0,0,0,0,0,0,0,0,0,0,0,0,0,0,0,0,0,0,0,0,0,0,0,0,0,0,0,0,0,0,0,0,0,0,0,0,0,0,0,0,0,0
10.102020365,-2.9155780000002363,-0.17263191437233202,2.0497135025521445,3.7679999999999936,0.115767998656785,1.3171695774687464,3.7680000000000002,0.11576799865678586,1.3171695774685455,4.874035416822755,-0.3742968464680754,1.1532296686895283,4.943934052990065,0.06826016195187534,-0.7435432939483334,-1.78,-3.18,-1.0,0.0,0.0,0.0,-1.78,-1.18,-1.0,0.0,0.0,0.0,-1.78,0.82,-1.0,0.0,0.0,0.0,-1.78,2.82,-1.0,0.0,0.0,0.0,-1.78,-3.18,1.0,0.0,0.0,0.0,-1.78,-1.18,1.0,0.0,0.0,0.0,-1.78,0.82,1.0,0.0,0.0,0.0,-1.78,2.82,1.0,0.0,0.0,0.0,1.52,0.45,-1.0,0.0,0.0,0.0,1.52,2.45,-1.0,0.0,0.0,0.0,1.52,4.45,-1.0,0.0,0.0,0.0,1.52,0.45,1.0,0.0,0.0,0.0,1.52,2.45,1.0,0.0,0.0,0.0,1.52,4.45,1.0,0.0,0.0,0.0,3.22,-1.71,-1.0,0.0,0.0,0.0,3.22,0.29,-1.0,0.0,0.0,0.0,3.22,2.29,-1.0,0.0,0.0,0.0,3.22,-1.71,1.0,0.0,0.0,0.0,3.22,0.29,1.0,0.0,0.0,0.0,3.22,2.29,1.0,0.0,0.0,0.0,9.9,-2.21160000000019,-0.12760000000002922,0.0,-1.1600000000000499,-0.2600000000000103,9.9,-0.21159999999970308,-0.12760000000002922,0.0,-1.1599999999999946,-0.2600000000000103,6.8,3.7751999999999653,1.480800000000095,0.0,1.2699999999998823,0.5800000000000249,-4.84,-2.393600000000067,-0.35520000000019125,0.0,0.640000000000196,0.23000000000000798,-4.84,-0.3935999999996247,-0.35520000000019125,0.0,0.6399999999999739,0.23000000000000798,0,0,0,0,0,0,0,0,0,0,0,0,0,0,0,0,0,0,0,0,0,0,0,0,0,0,0,0,0,0,0,0,0,0,0,0,0,0,0,0,0,0,0,0,0,0,0,0,0,0,0,0,0,0,0,0,0,0,0,0,0,0,0,0,0,0,0,0,0,0,0,0,0,0,0,0,0,0,0,0,0,0,0,0,0,0,0,0,0,0,0,0,0,0,0,0,0,0,0,0,0,0,0,0,0,0,0,0,0,0,0,0,0,0,0,0,0,0,0,0,0,0,0,0,0,0,0,0,0,0,0,0,0,0,0,0,0,0,0,0,0,0,0,0,0,0,0,0,0,0
10.201633738,-2.611146000000229,-0.16636247447978977,2.1520950687496363,3.8360000000001717,0.0477679986567725,1.2491695774685674,3.8360000000000003,0.047767998656785854,1.2491695774685454,4.837296350418809,-0.10569867721691306,1.1415927461374753,4.935354847299866,0.06544299814579918,-0.7987426026120132,-1.78,-3.18,-1.0,0.0,0.0,0.0,-1.78,-1.18,-1.0,0.0,0.0,0.0,-1.78,0.82,-1.0,0.0,0.0,0.0,-1.78,2.82,-1.0,0.0,0.0,0.0,-1.78,-3.18,1.0,0.0,0.0,0.0,-1.78,-1.18,1.0,0.0,0.0,0.0,-1.78,0.82,1.0,0.0,0.0,0.0,-1.78,2.82,1.0,0.0,0.0,0.0,1.52,0.45,-1.0,0.0,0.0,0.0,1.52,2.45,-1.0,0.0,0.0,0.0,1.52,4.45,-1.0,0.0,0.0,0.0,1.52,0.45,1.0,0.0,0.0,0.0,1.52,2.45,1.0,0.0,0.0,0.0,1.52,4.45,1.0,0.0,0.0,0.0,3.22,-1.71,-1.0,0.0,0.0,0.0,3.22,0.29,-1.0,0.0,0.0,0.0,3.22,2.29,-1.0,0.0,0.0,0.0,3.22,-1.71,1.0,0.0,0.0,0.0,3.22,0.29,1.0,0.0,0.0,0.0,3.22,2.29,1.0,0.0,0.0,0.0,9.9,-2.304400000000194,-0.14840000000003004,0.0,-1.1600000000000499,-0.2600000000000103,9.9,-0.3275999999997025,-0.15360000000003024,0.0,-1.1599999999999946,-0.2600000000000103,6.8,3.876799999999956,1.527200000000097,0.0,1.2699999999998823,0.5800000000000249,-4.84,-2.329600000000047,-0.33220000000019045,0.0,0.640000000000196,0.23000000000000798,-4.84,-0.3295999999996273,-0.33220000000019045,0.0,0.6399999999999739,0.23000000000000798,0,0,0,0,0,0,0,0,0,0,0,0,0,0,0,0,0,0,0,0,0,0,0,0,0,0,0,0,0,0,0,0,0,0,0,0,0,0,0,0,0,0,0,0,0,0,0,0,0,0,0,0,0,0,0,0,0,0,0,0,0,0,0,0,0,0,0,0,0,0,0,0,0,0,0,0,0,0,0,0,0,0,0,0,0,0,0,0,0,0,0,0,0,0,0,0,0,0,0,0,0,0,0,0,0,0,0,0,0,0,0,0,0,0,0,0,0,0,0,0,0,0,0,0,0,0,0,0,0,0,0,0,0,0,0,0,0,0,0,0,0,0,0,0,0,0,0,0,0,0
10.301556329,-2.222846000000221,-0.16628567461411167,2.272312026496502,3.92999999999999,-0.04623200134321048,1.155169577468751,3.93,-0.046232001343214146,1.1551695774685453,4.8581335468274665,-0.24196681115971197,0.41248831640277284,4.924808537549819,0.06499787373287771,-0.8614151988945941,-1.78,-3.18,-1.0,0.0,0.0,0.0,-1.78,-1.18,-1.0,0.0,0.0,0.0,-1.78,0.82,-1.0,0.0,0.0,0.0,-1.78,2.82,-1.0,0.0,0.0,0.0,-1.78,-3.18,1.0,0.0,0.0,0.0,-1.78,-1.18,1.0,0.0,0.0,0.0,-1.78,0.82,1.0,0.0,0.0,0.0,-1.78,2.82,1.0,0.0,0.0,0.0,1.52,0.45,-1.0,0.0,0.0,0.0,1.52,2.45,-1.0,0.0,0.0,0.0,1.52,4.45,-1.0,0.0,0.0,0.0,1.52,0.45,1.0,0.0,0.0,0.0,1.52,2.45,1.0,0.0,0.0,0.0,1.52,4.45,1.0,0.0,0.0,0.0,3.22,-1.71,-1.0,0.0,0.0,0.0,3.22,0.29,-1.0,0.0,0.0,0.0,3.22,2.29,-1.0,0.0,0.0,0.0,3.22,-1.71,1.0,0.0,0.0,0.0,3.22,0.29,1.0,0.0,0.0,0.0,3.22,2.29,1.0,0.0,0.0,0.0,9.9,-2.420400000000199,-0.17440000000003106,0.0,-1.1600000000000499,-0.2600000000000103,9.9,-0.42039999999970207,-0.17440000000003106,0.0,-1.1599999999999946,-0.2600000000000103,6.8,4.003799999999944,1.5852000000000994,0.0,1.2699999999998823,0.5800000000000249,-4.84,-2.2784000000000315,-0.3138000000001898,0.0,0.640000000000196,0.23000000000000798,-4.84,-0.2783999999996294,-0.3138000000001898,0.0,0.6399999999999739,0.23000000000000798,0,0,0,0,0,0,0,0,0,0,0,0,0,0,0,0,0,0,0,0,0,0,0,0,0,0,0,0,0,0,0,0,0,0,0,0,0,0,0,0,0,0,0,0,0,0,0,0,0,0,0,0,0,0,0,0,0,0,0,0,0,0,0,0,0,0,0,0,0,0,0,0,0,0,0,0,0,0,0,0,0,0,0,0,0,0,0,0,0,0,0,0,0,0,0,0,0,0,0,0,0,0,0,0,0,0,0,0,0,0,0,0,0,0,0,0,0,0,0,0,0,0,0,0,0,0,0,0,0,0,0,0,0,0,0,0,0,0,0,0,0,0,0,0,0,0,0,0,0,0
10.402953888,-1.9855260000002222,-0.1705795946947045,2.340102201144621,4.024999999999946,-0.14123200134322222,1.0601695774683506,4.025,-0.14123200134321415,1.0601695774685453,5.018701008562932,-0.2126259307043421,0.16593048135153587,4.912840921667502,0.06756223286374322,-0.9270541640485025,-1.78,-3.18,-1.0,0.0,0.0,0.0,-1.78,-1.18,-1.0,0.0,0.0,0.0,-1.78,0.82,-1.0,0.0,0.0,0.0,-1.78,2.82,-1.0,0.0,0.0,0.0,-1.78,-3.18,1.0,0.0,0.0,0.0,-1.78,-1.18,1.0,0.0,0.0,0.0,-1.78,0.82,1.0,0.0,0.0,0.0,-1.78,2.82,1.0,0.0,0.0,0.0,1.52,0.45,-1.0,0.0,0.0,0.0,1.52,2.45,-1.0,0.0,0.0,0.0,1.52,4.45,-1.0,0.0,0.0,0.0,1.52,0.45,1.0,0.0,0.0,0.0,1.52,2.45,1.0,0.0,0.0,0.0,1.52,4.45,1.0,0.0,0.0,0.0,3.22,-1.71,-1.0,0.0,0.0,0.0,3.22,0.29,-1.0,0.0,0.0,0.0,3.22,2.29,-1.0,0.0,0.0,0.0,3.22,-1.71,1.0,0.0,0.0,0.0,3.22,0.29,1.0,0.0,0.0,0.0,3.22,2.29,1.0,0.0,0.0,0.0,9.9,-2.490000000000202,-0.19000000000003167,0.0,-1.1600000000000499,-0.2600000000000103,9.9,-0.48999999999970173,-0.19000000000003167,0.0,-1.1599999999999946,-0.2600000000000103,6.8,4.079999999999937,1.620000000000101,0.0,1.2699999999998823,0.5800000000000249,-4.84,-2.2400000000000198,-0.30000000000018934,0.0,0.640000000000196,0.23000000000000798,-4.84,-0.2399999999996305,-0.30000000000018934,0.0,0.6400000000000016,0.23000000000000798,0,0,0,0,0,0,0,0,0,0,0,0,0,0,0,0,0,0,0,0,0,0,0,0,0,0,0,0,0,0,0,0,0,0,0,0,0,0,0,0,0,0,0,0,0,0,0,0,0,0,0,0,0,0,0,0,0,0,0,0,0,0,0,0,0,0,0,0,0,0,0,0,0,0,0,0,0,0,0,0,0,0,0,0,0,0,0,0,0,0,0,0,0,0,0,0,0,0,0,0,0,0,0,0,0,0,0,0,0,0,0,0,0,0,0,0,0,0,0,0,0,0,0,0,0,0,0,0,0,0,0,0,0,0,0,0,0,0,0,0,0,0,0,0,0,0,0,0,0,0
10.500899982,-1.6614470000002217,-0.17979915480216202,2.4228367673420914,4.0880000000000924,-0.07823200134321473,0.9971695774684264,4.088,-0.07823200134321415,0.9971695774685454,4.966915359250119,0.45192932937204366,0.4313543031775364,4.904104483050105,0.07134908301148139,-0.971940598844022,-1.78,-3.18,-1.0,0.0,0.0,0.0,-1.78,-1.18,-1.0,0.0,0.0,0.0,-1.78,0.82,-1.0,0.0,0.0,0.0,-1.78,2.82,-1.0,0.0,0.0,0.0,-1.78,-3.18,1.0,0.0,0.0,0.0,-1.78,-1.18,1.0,0.0,0.0,0.0,-1.78,0.82,1.0,0.0,0.0,0.0,-1.78,2.82,1.0,0.0,0.0,0.0,1.52,0.45,-1.0,0.0,0.0,0.0,1.52,2.45,-1.0,0.0,0.0,0.0,1.52,4.45,-1.0,0.0,0.0,0.0,1.52,0.45,1.0,0.0,0.0,0.0,1.52,2.45,1.0,0.0,0.0,0.0,1.52,4.45,1.0,0.0,0.0,0.0,3.22,-1.71,-1.0,0.0,0.0,0.0,3.22,0.29,-1.0,0.0,0.0,0.0,3.22,2.29,-1.0,0.0,0.0,0.0,3.22,-1.71,1.0,0.0,0.0,0.0,3.22,0.29,1.0,0.0,0.0,0.0,3.22,2.29,1.0,0.0,0.0,0.0,9.9,-2.582800000000206,-0.2108000000000325,0.0,-1.1600000000000499,-0.2600000000000103,9.9,-0.5827999999997052,-0.2108000000000325,0.0,-1.1600000000000499,-0.2600000000000103,6.8,4.181599999999928,1.666400000000103,0.0,1.2699999999998823,0.5800000000000249,-4.84,-2.188800000000004,-0.2816000000001887,0.0,0.640000000000196,0.23000000000000798,-4.84,-0.18879999999963037,-0.2816000000001887,0.0,0.6400000000000016,0.23000000000000798,0,0,0,0,0,0,0,0,0,0,0,0,0,0,0,0,0,0,0,0,0,0,0,0,0,0,0,0,0,0,0,0,0,0,0,0,0,0,0,0,0,0,0,0,0,0,0,0,0,0,0,0,0,0,0,0,0,0,0,0,0,0,0,0,0,0,0,0,0,0,0,0,0,0,0,0,0,0,0,0,0,0,0,0,0,0,0,0,0,0,0,0,0,0,0,0,0,0,0,0,0,0,0,0,0,0,0,0,0,0,0,0,0,0,0,0,0,0,0,0,0,0,0,0,0,0,0,0,0,0,0,0,0,0,0,0,0,0,0,0,0,0,0,0,0,0,0,0,0,0
10.602307171,-1.414627000000216,-0.1860330748827546,2.4811269419901967,4.158000000000107,-0.14823200134320147,0.9271695774684119,4.158,-0.14823200134321415,0.9271695774685453,5.054694240691978,-0.26077652805015283,0.016326417360766676,4.8922299906766895,0.0764431465812678,-1.0296806124543227,-1.78,-3.18,-1.0,0.0,0.0,0.0,-1.78,-1.18,-1.0,0.0,0.0,0.0,-1.78,0.82,-1.0,0.0,0.0,0.0,-1.78,2.82,-1.0,0.0,0.0,0.0,-1.78,-3.18,1.0,0.0,0.0,0.0,-1.78,-1.18,1.0,0.0,0.0,0.0,-1.78,0.82,1.0,0.0,0.0,0.0,-1.78,2.82,1.0,0.0,0.0,0.0,1.52,0.45,-1.0,0.0,0.0,0.0,1.52,2.45,-1.0,0.0,0.0,0.0,1.52,4.45,-1.0,0.0,0.0,0.0,1.52,0.45,1.0,0.0,0.0,0.0,1.52,2.45,1.0,0.0,0.0,0.0,1.52,4.45,1.0,0.0,0.0,0.0,3.22,-1.71,-1.0,0.0,0.0,0.0,3.22,0.29,-1.0,0.0,0.0,0.0,3.22,2.29,-1.0,0.0,0.0,0.0,3.22,-1.71,1.0,0.0,0.0,0.0,3.22,0.29,1.0,0.0,0.0,0.0,3.22,2.29,1.0,0.0,0.0,0.0,9.9,-2.652400000000209,-0.2264000000000331,0.0,-1.1600000000000499,-0.2600000000000103,9.9,-0.6523999999997082,-0.2264000000000331,0.0,-1.1600000000000499,-0.2600000000000103,6.8,4.2577999999999205,1.7012000000001044,0.0,1.2699999999998823,0.5800000000000249,-4.84,-2.1503999999999923,-0.2678000000001882,0.0,0.640000000000196,0.23000000000000798,-4.84,-0.15039999999963027,-0.2678000000001882,0.0,0.6400000000000016,0.23000000000000798,0,0,0,0,0,0,0,0,0,0,0,0,0,0,0,0,0,0,0,0,0,0,0,0,0,0,0,0,0,0,0,0,0,0,0,0,0,0,0,0,0,0,0,0,0,0,0,0,0,0,0,0,0,0,0,0,0,0,0,0,0,0,0,0,0,0,0,0,0,0,0,0,0,0,0,0,0,0,0,0,0,0,0,0,0,0,0,0,0,0,0,0,0,0,0,0,0,0,0,0,0,0,0,0,0,0,0,0,0,0,0,0,0,0,0,0,0,0,0,0,0,0,0,0,0,0,0,0,0,0,0,0,0,0,0,0,0,0,0,0,0,0,0,0,0,0,0,0,0,0
10.701301459,-1.079611000000211,-0.19551563499021135,2.5529245081876732,4.224000000000005,-0.08223200134321873,0.8611695774685124,4.224,-0.08223200134321415,0.8611695774685453,4.985636969732146,0.10198011102605475,0.1747042610688485,4.881795211469039,0.08151731164910334,-1.0776968224781314,-1.78,-3.18,-1.0,0.0,0.0,0.0,-1.78,-1.18,-1.0,0.0,0.0,0.0,-1.78,0.82,-1.0,0.0,0.0,0.0,-1.78,2.82,-1.0,0.0,0.0,0.0,-1.78,-3.18,1.0,0.0,0.0,0.0,-1.78,-1.18,1.0,0.0,0.0,0.0,-1.78,0.82,1.0,0.0,0.0,0.0,-1.78,2.82,1.0,0.0,0.0,0.0,1.52,0.45,-1.0,0.0,0.0,0.0,1.52,2.45,-1.0,0.0,0.0,0.0,1.52,4.45,-1.0,0.0,0.0,0.0,1.52,0.45,1.0,0.0,0.0,0.0,1.52,2.45,1.0,0.0,0.0,0.0,1.52,4.45,1.0,0.0,0.0,0.0,3.22,-1.71,-1.0,0.0,0.0,0.0,3.22,0.29,-1.0,0.0,0.0,0.0,3.22,2.29,-1.0,0.0,0.0,0.0,3.22,-1.71,1.0,0.0,0.0,0.0,3.22,0.29,1.0,0.0,0.0,0.0,3.22,2.29,1.0,0.0,0.0,0.0,9.9,-2.745200000000213,-0.24720000000003392,0.0,-1.1600000000000499,-0.2600000000000103,9.9,-0.7451999999997122,-0.24720000000003392,0.0,-1.1600000000000499,-0.2600000000000103,6.8,4.359399999999911,1.7476000000001064,0.0,1.2699999999998823,0.5800000000000249,-4.84,-2.0991999999999766,-0.24940000000018758,0.0,0.640000000000196,0.23000000000000798,-4.84,-0.09919999999963014,-0.24940000000018758,0.0,0.6400000000000016,0.23000000000000798,0,0,0,0,0,0,0,0,0,0,0,0,0,0,0,0,0,0,0,0,0,0,0,0,0,0,0,0,0,0,0,0,0,0,0,0,0,0,0,0,0,0,0,0,0,0,0,0,0,0,0,0,0,0,0,0,0,0,0,0,0,0,0,0,0,0,0,0,0,0,0,0,0,0,0,0,0,0,0,0,0,0,0,0,0,0,0,0,0,0,0,0,0,0,0,0,0,0,0,0,0,0,0,0,0,0,0,0,0,0,0,0,0,0,0,0,0,0,0,0,0,0,0,0,0,0,0,0,0,0,0,0,0,0,0,0,0,0,0,0,0,0,0,0,0,0,0,0,0,0
10.801696379,-0.8239750000002115,-0.19825355507080428,2.602398682835781,4.284999999999983,-0.021232001343213236,0.8001695774684237,4.285,-0.021232001343214152,0.8001695774685453,4.881795211469039,0.08151731164910334,-1.0776968224781314,4.869729228556744,0.08666158838324114,-1.1305870199321386,-1.78,-3.18,-1.0,0.0,0.0,0.0,-1.78,-1.18,-1.0,0.0,0.0,0.0,-1.78,0.82,-1.0,0.0,0.0,0.0,-1.78,2.82,-1.0,0.0,0.0,0.0,-1.78,-3.18,1.0,0.0,0.0,0.0,-1.78,-1.18,1.0,0.0,0.0,0.0,-1.78,0.82,1.0,0.0,0.0,0.0,-1.78,2.82,1.0,0.0,0.0,0.0,1.52,0.45,-1.0,0.0,0.0,0.0,1.52,2.45,-1.0,0.0,0.0,0.0,1.52,4.45,-1.0,0.0,0.0,0.0,1.52,0.45,1.0,0.0,0.0,0.0,1.52,2.45,1.0,0.0,0.0,0.0,1.52,4.45,1.0,0.0,0.0,0.0,3.22,-1.71,-1.0,0.0,0.0,0.0,3.22,0.29,-1.0,0.0,0.0,0.0,3.22,2.29,-1.0,0.0,0.0,0.0,3.22,-1.71,1.0,0.0,0.0,0.0,3.22,0.29,1.0,0.0,0.0,0.0,3.22,2.29,1.0,0.0,0.0,0.0,9.9,-2.814800000000216,-0.2628000000000332,0.0,-1.1600000000000499,-0.25999999999998247,9.9,-0.8147999999997152,-0.2628000000000332,0.0,-1.1600000000000499,-0.25999999999998247,6.8,4.435599999999904,1.782400000000108,0.0,1.2699999999998823,0.5800000000000249,-4.84,-2.060799999999965,-0.2356000000001871,0.0,0.640000000000196,0.23000000000000798,-4.84,-0.06079999999963004,-0.2356000000001871,0.0,0.6400000000000016,0.23000000000000798,0,0,0,0,0,0,0,0,0,0,0,0,0,0,0,0,0,0,0,0,0,0,0,0,0,0,0,0,0,0,0,0,0,0,0,0,0,0,0,0,0,0,0,0,0,0,0,0,0,0,0,0,0,0,0,0,0,0,0,0,0,0,0,0,0,0,0,0,0,0,0,0,0,0,0,0,0,0,0,0,0,0,0,0,0,0,0,0,0,0,0,0,0,0,0,0,0,0,0,0,0,0,0,0,0,0,0,0,0,0,0,0,0,0,0,0,0,0,0,0,0,0,0,0,0,0,0,0,0,0,0,0,0,0,0,0,0,0,0,0,0,0,0,0,0,0,0,0,0,0
10.902765832,-0.4782950000002137,-0.20283211517826122,2.663532249033252,4.364999999999981,-0.10123200134320998,0.7201695774683436,4.365,-0.10123200134321415,0.7201695774685454,5.029354059906556,-0.20895724404458038,-0.23781640641035917,4.85688889036198,0.08986153907652929,-1.184295237883342,-1.78,-3.18,-1.0,0.0,0.0,0.0,-1.78,-1.18,-1.0,0.0,0.0,0.0,-1.78,0.82,-1.0,0.0,0.0,0.0,-1.78,2.82,-1.0,0.0,0.0,0.0,-1.78,-3.18,1.0,0.0,0.0,0.0,-1.78,-1.18,1.0,0.0,0.0,0.0,-1.78,0.82,1.0,0.0,0.0,0.0,-1.78,2.82,1.0,0.0,0.0,0.0,1.52,0.45,-1.0,0.0,0.0,0.0,1.52,2.45,-1.0,0.0,0.0,0.0,1.52,4.45,-1.0,0.0,0.0,0.0,1.52,0.45,1.0,0.0,0.0,0.0,1.52,2.45,1.0,0.0,0.0,0.0,1.52,4.45,1.0,0.0,0.0,0.0,3.22,-1.71,-1.0,0.0,0.0,0.0,3.22,0.29,-1.0,0.0,0.0,0.0,3.22,2.29,-1.0,0.0,0.0,0.0,3.22,-1.71,1.0,0.0,0.0,0.0,3.22,0.29,1.0,0.0,0.0,0.0,3.22,2.29,1.0,0.0,0.0,0.0,9.9,-2.90760000000022,-0.28360000000003177,0.0,-1.1600000000000499,-0.25999999999998247,9.9,-0.9075999999997192,-0.28360000000003177,0.0,-1.1600000000000499,-0.25999999999998247,6.8,4.537199999999895,1.82880000000011,0.0,1.2699999999998823,0.5800000000000249,-4.84,-2.009599999999949,-0.21720000000018647,0.0,0.640000000000196,0.23000000000000798,-4.84,-0.009599999999629922,-0.21720000000018647,0.0,0.6399999999999998,0.23000000000000798,0,0,0,0,0,0,0,0,0,0,0,0,0,0,0,0,0,0,0,0,0,0,0,0,0,0,0,0,0,0,0,0,0,0,0,0,0,0,0,0,0,0,0,0,0,0,0,0,0,0,0,0,0,0,0,0,0,0,0,0,0,0,0,0,0,0,0,0,0,0,0,0,0,0,0,0,0,0,0,0,0,0,0,0,0,0,0,0,0,0,0,0,0,0,0,0,0,0,0,0,0,0,0,0,0,0,0,0,0,0,0,0,0,0,0,0,0,0,0,0,0,0,0,0,0,0,0,0,0,0,0,0,0,0,0,0,0,0,0,0,0,0,0,0,0,0,0,0,0,0
11.005311439,-0.2148750000002137,-0.20738603525885396,2.705222423681353,4.440999999999996,-0.025232001343217236,0.6441695774683787,4.441,-0.025232001343214155,0.6441695774685454,5.009969018862309,0.2961798176401178,-0.11973359490077584,4.842369152771337,0.09485734973185989,-1.2419593678902925,-1.78,-3.18,-1.0,0.0,0.0,0.0,-1.78,-1.18,-1.0,0.0,0.0,0.0,-1.78,0.82,-1.0,0.0,0.0,0.0,-1.78,2.82,-1.0,0.0,0.0,0.0,-1.78,-3.18,1.0,0.0,0.0,0.0,-1.78,-1.18,1.0,0.0,0.0,0.0,-1.78,0.82,1.0,0.0,0.0,0.0,-1.78,2.82,1.0,0.0,0.0,0.0,1.52,0.45,-1.0,0.0,0.0,0.0,1.52,2.45,-1.0,0.0,0.0,0.0,1.52,4.45,-1.0,0.0,0.0,0.0,1.52,0.45,1.0,0.0,0.0,0.0,1.52,2.45,1.0,0.0,0.0,0.0,1.52,4.45,1.0,0.0,0.0,0.0,3.22,-1.71,-1.0,0.0,0.0,0.0,3.22,0.29,-1.0,0.0,0.0,0.0,3.22,2.29,-1.0,0.0,0.0,0.0,3.22,-1.71,1.0,0.0,0.0,0.0,3.22,0.29,1.0,0.0,0.0,0.0,3.22,2.29,1.0,0.0,0.0,0.0,9.9,-2.977200000000223,-0.2992000000000307,0.0,-1.1600000000000499,-0.25999999999998247,9.9,-0.9771999999997222,-0.2992000000000307,0.0,-1.1600000000000499,-0.25999999999998247,6.8,4.638799999999885,1.8752000000001119,0.0,1.2699999999998823,0.5800000000000249,-4.84,-1.9711999999999477,-0.203400000000186,0.0,0.6399999999999739,0.23000000000000798,-4.84,0.028800000000370113,-0.203400000000186,0.0,0.6400000000000016,0.23000000000000798,0,0,0,0,0,0,0,0,0,0,0,0,0,0,0,0,0,0,0,0,0,0,0,0,0,0,0,0,0,0,0,0,0,0,0,0,0,0,0,0,0,0,0,0,0,0,0,0,0,0,0,0,0,0,0,0,0,0,0,0,0,0,0,0,0,0,0,0,0,0,0,0,0,0,0,0,0,0,0,0,0,0,0,0,0,0,0,0,0,0,0,0,0,0,0,0,0,0,0,0,0,0,0,0,0,0,0,0,0,0,0,0,0,0,0,0,0,0,0,0,0,0,0,0,0,0,0,0,0,0,0,0,0,0,0,0,0,0,0,0,0,0,0,0,0,0,0,0,0,0
11.101080361,0.052343999999786325,-0.20965895533944684,2.7431135983294572,4.51,-0.09423200134320298,0.575169577468504,4.51,-0.09423200134321416,0.5751695774685455,4.9905919740325775,-0.3388183258843056,-0.43418349731075656,4.826331296917853,0.09953132244242158,-1.3025435609775613,-1.78,-3.18,-1.0,0.0,0.0,0.0,-1.78,-1.18,-1.0,0.0,0.0,0.0,-1.78,0.82,-1.0,0.0,0.0,0.0,-1.78,2.82,-1.0,0.0,0.0,0.0,-1.78,-3.18,1.0,0.0,0.0,0.0,-1.78,-1.18,1.0,0.0,0.0,0.0,-1.78,0.82,1.0,0.0,0.0,0.0,-1.78,2.82,1.0,0.0,0.0,0.0,1.52,0.45,-1.0,0.0,0.0,0.0,1.52,2.45,-1.0,0.0,0.0,0.0,1.52,4.45,-1.0,0.0,0.0,0.0,1.52,0.45,1.0,0.0,0.0,0.0,1.52,2.45,1.0,0.0,0.0,0.0,1.52,4.45,1.0,0.0,0.0,0.0,3.22,-1.71,-1.0,0.0,0.0,0.0,3.22,0.29,-1.0,0.0,0.0,0.0,3.22,2.29,-1.0,0.0,0.0,0.0,3.22,-1.71,1.0,0.0,0.0,0.0,3.22,0.29,1.0,0.0,0.0,0.0,3.22,2.29,1.0,0.0,0.0,0.0,9.9,-3.0468000000002258,-0.31480000000002967,0.0,-1.1600000000000499,-0.25999999999998247,9.9,-1.046799999999725,-0.31480000000002967,0.0,-1.1600000000000499,-0.25999999999998247,6.8,4.6895999999998805,1.8984000000001129,0.0,1.2699999999998823,0.5800000000000249,-4.84,-1.9327999999999492,-0.1896000000001855,0.0,0.6399999999999739,0.23000000000000798,-4.84,0.06720000000037021,-0.1896000000001855,0.0,0.6400000000000016,0.23000000000000798,0,0,0,0,0,0,0,0,0,0,0,0,0,0,0,0,0,0,0,0,0,0,0,0,0,0,0,0,0,0,0,0,0,0,0,0,0,0,0,0,0,0,0,0,0,0,0,0,0,0,0,0,0,0,0,0,0,0,0,0,0,0,0,0,0,0,0,0,0,0,0,0,0,0,0,0,0,0,0,0,0,0,0,0,0,0,0,0,0,0,0,0,0,0,0,0,0,0,0,0,0,0,0,0,0,0,0,0,0,0,0,0,0,0,0,0,0,0,0,0,0,0,0,0,0,0,0,0,0,0,0,0,0,0,0,0,0,0,0,0,0,0,0,0,0,0,0,0,0,0
11.203059513,0.23335199999978617,-0.21403623539317504,2.7655123814281968,4.541999999999989,-0.12623200134320722,0.5431695774684719,4.542,-0.12623200134321416,0.5431695774685454,4.983249050784959,-0.2702128108345816,-0.5390238221825632,4.816115787435117,0.10270390873368113,-1.3395822591946511,-1.78,-3.18,-1.0,0.0,0.0,0.0,-1.78,-1.18,-1.0,0.0,0.0,0.0,-1.78,0.82,-1.0,0.0,0.0,0.0,-1.78,2.82,-1.0,0.0,0.0,0.0,-1.78,-3.18,1.0,0.0,0.0,0.0,-1.78,-1.18,1.0,0.0,0.0,0.0,-1.78,0.82,1.0,0.0,0.0,0.0,-1.78,2.82,1.0,0.0,0.0,0.0,1.52,0.45,-1.0,0.0,0.0,0.0,1.52,2.45,-1.0,0.0,0.0,0.0,1.52,4.45,-1.0,0.0,0.0,0.0,1.52,0.45,1.0,0.0,0.0,0.0,1.52,2.45,1.0,0.0,0.0,0.0,1.52,4.45,1.0,0.0,0.0,0.0,3.22,-1.71,-1.0,0.0,0.0,0.0,3.22,0.29,-1.0,0.0,0.0,0.0,3.22,2.29,-1.0,0.0,0.0,0.0,3.22,-1.71,1.0,0.0,0.0,0.0,3.22,0.29,1.0,0.0,0.0,0.0,3.22,2.29,1.0,0.0,0.0,0.0,9.9,-3.0932000000002278,-0.32520000000002897,0.0,-1.1600000000000499,-0.25999999999998247,9.9,-1.093199999999727,-0.32520000000002897,0.0,-1.1600000000000499,-0.25999999999998247,6.8,4.740399999999876,1.9216000000001139,0.0,1.2699999999998823,0.5800000000000249,-4.84,-1.9071999999999503,-0.1804000000001852,0.0,0.6399999999999739,0.23000000000000798,-4.84,0.09280000000037028,-0.1804000000001852,0.0,0.6400000000000016,0.23000000000000798,0,0,0,0,0,0,0,0,0,0,0,0,0,0,0,0,0,0,0,0,0,0,0,0,0,0,0,0,0,0,0,0,0,0,0,0,0,0,0,0,0,0,0,0,0,0,0,0,0,0,0,0,0,0,0,0,0,0,0,0,0,0,0,0,0,0,0,0,0,0,0,0,0,0,0,0,0,0,0,0,0,0,0,0,0,0,0,0,0,0,0,0,0,0,0,0,0,0,0,0,0,0,0,0,0,0,0,0,0,0,0,0,0,0,0,0,0,0,0,0,0,0,0,0,0,0,0,0,0,0,0,0,0,0,0,0,0,0,0,0,0,0,0,0,0,0,0,0,0,0
11.301209268,0.41571999999978604,-0.21839751544690353,2.786551164526939,4.585000000000006,-0.08323200134321973,0.5001695774686787,4.585,-0.08323200134321417,0.5001695774685454,4.816115787435117,0.10270390873368113,-1.3395822591946511,4.806657355347552,0.10679121855985207,-1.3728221676247014,-1.78,-3.18,-1.0,0.0,0.0,0.0,-1.78,-1.18,-1.0,0.0,0.0,0.0,-1.78,0.82,-1.0,0.0,0.0,0.0,-1.78,2.82,-1.0,0.0,0.0,0.0,-1.78,-3.18,1.0,0.0,0.0,0.0,-1.78,-1.18,1.0,0.0,0.0,0.0,-1.78,0.82,1.0,0.0,0.0,0.0,-1.78,2.82,1.0,0.0,0.0,0.0,1.52,0.45,-1.0,0.0,0.0,0.0,1.52,2.45,-1.0,0.0,0.0,0.0,1.52,4.45,-1.0,0.0,0.0,0.0,1.52,0.45,1.0,0.0,0.0,0.0,1.52,2.45,1.0,0.0,0.0,0.0,1.52,4.45,1.0,0.0,0.0,0.0,3.22,-1.71,-1.0,0.0,0.0,0.0,3.22,0.29,-1.0,0.0,0.0,0.0,3.22,2.29,-1.0,0.0,0.0,0.0,3.22,-1.71,1.0,0.0,0.0,0.0,3.22,0.29,1.0,0.0,0.0,0.0,3.22,2.29,1.0,0.0,0.0,0.0,9.9,-3.1396000000002298,-0.33560000000002826,0.0,-1.1600000000000499,-0.25999999999998247,9.9,-1.139599999999729,-0.33560000000002826,0.0,-1.1600000000000499,-0.25999999999998247,6.8,4.791199999999871,1.9448000000001149,0.0,1.2699999999998823,0.5800000000000249,-4.84,-1.8815999999999513,-0.17120000000018487,0.0,0.6399999999999739,0.23000000000000798,-4.84,0.11840000000037035,-0.17120000000018487,0.0,0.6400000000000016,0.23000000000000798,0,0,0,0,0,0,0,0,0,0,0,0,0,0,0,0,0,0,0,0,0,0,0,0,0,0,0,0,0,0,0,0,0,0,0,0,0,0,0,0,0,0,0,0,0,0,0,0,0,0,0,0,0,0,0,0,0,0,0,0,0,0,0,0,0,0,0,0,0,0,0,0,0,0,0,0,0,0,0,0,0,0,0,0,0,0,0,0,0,0,0,0,0,0,0,0,0,0,0,0,0,0,0,0,0,0,0,0,0,0,0,0,0,0,0,0,0,0,0,0,0,0,0,0,0,0,0,0,0,0,0,0,0,0,0,0,0,0,0,0,0,0,0,0,0,0,0,0,0,0
11.401343624,0.6918459999997856,-0.22236543552749669,2.81553533917506,4.642000000000036,-0.026232001343218236,0.443169577468705,4.642,-0.026232001343214163,0.4431695774685454,4.977373784364978,0.04894866665793751,-0.4804804720586695,4.753167500000107,0.10990622973486913,-1.3975270236719535,-1.78,-3.18,-1.0,0.0,0.0,0.0,-1.78,-1.18,-1.0,0.0,0.0,0.0,-1.78,0.82,-1.0,0.0,0.0,0.0,-1.78,2.82,-1.0,0.0,0.0,0.0,-1.78,-3.18,1.0,0.0,0.0,0.0,-1.78,-1.18,1.0,0.0,0.0,0.0,-1.78,0.82,1.0,0.0,0.0,0.0,-1.78,2.82,1.0,0.0,0.0,0.0,1.52,0.45,-1.0,0.0,0.0,0.0,1.52,2.45,-1.0,0.0,0.0,0.0,1.52,4.45,-1.0,0.0,0.0,0.0,1.52,0.45,1.0,0.0,0.0,0.0,1.52,2.45,1.0,0.0,0.0,0.0,1.52,4.45,1.0,0.0,0.0,0.0,3.22,-1.71,-1.0,0.0,0.0,0.0,3.22,0.29,-1.0,0.0,0.0,0.0,3.22,2.29,-1.0,0.0,0.0,0.0,3.22,-1.71,1.0,0.0,0.0,0.0,3.22,0.29,1.0,0.0,0.0,0.0,3.22,2.29,1.0,0.0,0.0,0.0,9.9,-3.2092000000002328,-0.3512000000000272,0.0,-1.1600000000000499,-0.25999999999998247,9.9,-1.209199999999732,-0.3512000000000272,0.0,-1.1600000000000499,-0.25999999999998247,6.8,4.867399999999864,1.9796000000001164,0.0,1.2699999999998823,0.5800000000000249,-4.84,-1.8431999999999529,-0.1574000000001844,0.0,0.6399999999999739,0.23000000000000798,-4.84,0.15680000000037045,-0.1574000000001844,0.0,0.6400000000000016,0.23000000000000798,0,0,0,0,0,0,0,0,0,0,0,0,0,0,0,0,0,0,0,0,0,0,0,0,0,0,0,0,0,0,0,0,0,0,0,0,0,0,0,0,0,0,0,0,0,0,0,0,0,0,0,0,0,0,0,0,0,0,0,0,0,0,0,0,0,0,0,0,0,0,0,0,0,0,0,0,0,0,0,0,0,0,0,0,0,0,0,0,0,0,0,0,0,0,0,0,0,0,0,0,0,0,0,0,0,0,0,0,0,0,0,0,0,0,0,0,0,0,0,0,0,0,0,0,0,0,0,0,0,0,0,0,0,0,0,0,0,0,0,0,0,0,0,0,0,0,0,0,0,0
11.504085362,0.9711819999997872,-0.2247553556080896,2.8413095138231803,4.709999999999993,-0.09423200134320298,0.37516957746852597,4.71,-0.09423200134321416,0.3751695774685454,4.9595520895312735,-0.22224079773424998,-0.6888576514683487,4.6099780000001065,0.11143192177650892,-1.411977780573483,-1.78,-3.18,-1.0,0.0,0.0,0.0,-1.78,-1.18,-1.0,0.0,0.0,0.0,-1.78,0.82,-1.0,0.0,0.0,0.0,-1.78,2.82,-1.0,0.0,0.0,0.0,-1.78,-3.18,1.0,0.0,0.0,0.0,-1.78,-1.18,1.0,0.0,0.0,0.0,-1.78,0.82,1.0,0.0,0.0,0.0,-1.78,2.82,1.0,0.0,0.0,0.0,1.52,0.45,-1.0,0.0,0.0,0.0,1.52,2.45,-1.0,0.0,0.0,0.0,1.52,4.45,-1.0,0.0,0.0,0.0,1.52,0.45,1.0,0.0,0.0,0.0,1.52,2.45,1.0,0.0,0.0,0.0,1.52,4.45,1.0,0.0,0.0,0.0,3.22,-1.71,-1.0,0.0,0.0,0.0,3.22,0.29,-1.0,0.0,0.0,0.0,3.22,2.29,-1.0,0.0,0.0,0.0,3.22,-1.71,1.0,0.0,0.0,0.0,3.22,0.29,1.0,0.0,0.0,0.0,3.22,2.29,1.0,0.0,0.0,0.0,9.9,-3.3020000000002367,-0.3720000000000258,0.0,-1.1600000000000499,-0.25999999999998247,9.9,-1.278799999999735,-0.36680000000002616,0.0,-1.1600000000000499,-0.25999999999998247,6.8,4.968999999999855,2.0260000000001086,0.0,1.2699999999998823,0.5799999999998029,-4.84,-1.791999999999955,-0.13900000000018375,0.0,0.6399999999999739,0.23000000000000798,-4.84,0.20800000000037058,-0.13900000000018375,0.0,0.6400000000000016,0.23000000000000798,0,0,0,0,0,0,0,0,0,0,0,0,0,0,0,0,0,0,0,0,0,0,0,0,0,0,0,0,0,0,0,0,0,0,0,0,0,0,0,0,0,0,0,0,0,0,0,0,0,0,0,0,0,0,0,0,0,0,0,0,0,0,0,0,0,0,0,0,0,0,0,0,0,0,0,0,0,0,0,0,0,0,0,0,0,0,0,0,0,0,0,0,0,0,0,0,0,0,0,0,0,0,0,0,0,0,0,0,0,0,0,0,0,0,0,0,0,0,0,0,0,0,0,0,0,0,0,0,0,0,0,0,0,0,0,0,0,0,0,0,0,0,0,0,0,0,0,0,0,0
11.600977833,1.4423311257206712,-0.2367625557424106,2.876242471570034,4.714386050614251,-0.17023200134322347,0.299169577468561,4.714386050614345,-0.17023200134321415,0.2991695774685454,4.714386050614345,-0.5792755522071462,-0.8019818192419497,4.446114000000106,0.11374404182352124,-1.4260947157848838,-1.78,-3.18,-1.0,0.0,0.0,0.0,-1.78,-1.18,-1.0,0.0,0.0,0.0,-1.78,0.82,-1.0,0.0,0.0,0.0,-1.78,2.82,-1.0,0.0,0.0,0.0,-1.78,-3.18,1.0,0.0,0.0,0.0,-1.78,-1.18,1.0,0.0,0.0,0.0,-1.78,0.82,1.0,0.0,0.0,0.0,-1.78,2.82,1.0,0.0,0.0,0.0,1.52,0.45,-1.0,0.0,0.0,0.0,1.52,2.45,-1.0,0.0,0.0,0.0,1.52,4.45,-1.0,0.0,0.0,0.0,1.52,0.45,1.0,0.0,0.0,0.0,1.52,2.45,1.0,0.0,0.0,0.0,1.52,4.45,1.0,0.0,0.0,0.0,3.22,-1.71,-1.0,0.0,0.0,0.0,3.22,0.29,-1.0,0.0,0.0,0.0,3.22,2.29,-1.0,0.0,0.0,0.0,3.22,-1.71,1.0,0.0,0.0,0.0,3.22,0.29,1.0,0.0,0.0,0.0,3.22,2.29,1.0,0.0,0.0,0.0,9.9,-3.3948000000002407,-0.3928000000000244,0.0,-1.1600000000000499,-0.25999999999998247,9.9,-1.39479999999974,-0.3928000000000244,0.0,-1.1600000000000499,-0.25999999999998247,6.8,5.070599999999845,2.072400000000093,0.0,1.2699999999998823,0.5799999999998029,-4.84,-1.740799999999957,-0.1206000000001834,0.0,0.6399999999999739,0.22999999999999415,-4.84,0.2592000000003703,-0.1206000000001834,0.0,0.6399999999999739,0.22999999999999415,0,0,0,0,0,0,0,0,0,0,0,0,0,0,0,0,0,0,0,0,0,0,0,0,0,0,0,0,0,0,0,0,0,0,0,0,0,0,0,0,0,0,0,0,0,0,0,0,0,0,0,0,0,0,0,0,0,0,0,0,0,0,0,0,0,0,0,0,0,0,0,0,0,0,0,0,0,0,0,0,0,0,0,0,0,0,0,0,0,0,0,0,0,0,0,0,0,0,0,0,0,0,0,0,0,0,0,0,0,0,0,0,0,0,0,0,0,0,0,0,0,0,0,0,0,0,0,0,0,0,0,0,0,0,0,0,0,0,0,0,0,0,0,0,0,0,0,0,0,0
11.701388827,1.8163540097698132,-0.2535091158498678,2.8970480377675107,4.646386050614294,-0.2382320013432082,0.23116957746838196,4.646386050614345,-0.23823200134321415,0.23116957746854538,4.436969702706964,-0.6265713380899247,-1.2383818441583627,4.248190927810672,0.11948778587993625,-1.4400658380385627,-1.78,-3.18,-1.0,0.0,0.0,0.0,-1.78,-1.18,-1.0,0.0,0.0,0.0,-1.78,0.82,-1.0,0.0,0.0,0.0,-1.78,2.82,-1.0,0.0,0.0,0.0,-1.78,-3.18,1.0,0.0,0.0,0.0,-1.78,-1.18,1.0,0.0,0.0,0.0,-1.78,0.82,1.0,0.0,0.0,0.0,-1.78,2.82,1.0,0.0,0.0,0.0,1.52,0.45,-1.0,0.0,0.0,0.0,1.52,2.45,-1.0,0.0,0.0,0.0,1.52,4.45,-1.0,0.0,0.0,0.0,1.52,0.45,1.0,0.0,0.0,0.0,1.52,2.45,1.0,0.0,0.0,0.0,1.52,4.45,1.0,0.0,0.0,0.0,3.22,-1.71,-1.0,0.0,0.0,0.0,3.22,0.29,-1.0,0.0,0.0,0.0,3.22,2.29,-1.0,0.0,0.0,0.0,3.22,-1.71,1.0,0.0,0.0,0.0,3.22,0.29,1.0,0.0,0.0,0.0,3.22,2.29,1.0,0.0,0.0,0.0,9.9,-3.4876000000002447,-0.413600000000023,0.0,-1.1600000000000499,-0.25999999999998247,9.9,-1.487599999999744,-0.413600000000023,0.0,-1.1600000000000499,-0.25999999999998247,6.8,5.172199999999836,2.118800000000077,0.0,1.2699999999998823,0.5799999999998029,-4.84,-1.6895999999999591,-0.10220000000018387,0.0,0.6399999999999739,0.22999999999999415,-4.84,0.3104000000003682,-0.10220000000018387,0.0,0.6399999999999739,0.22999999999999415,0,0,0,0,0,0,0,0,0,0,0,0,0,0,0,0,0,0,0,0,0,0,0,0,0,0,0,0,0,0,0,0,0,0,0,0,0,0,0,0,0,0,0,0,0,0,0,0,0,0,0,0,0,0,0,0,0,0,0,0,0,0,0,0,0,0,0,0,0,0,0,0,0,0,0,0,0,0,0,0,0,0,0,0,0,0,0,0,0,0,0,0,0,0,0,0,0,0,0,0,0,0,0,0,0,0,0,0,0,0,0,0,0,0,0,0,0,0,0,0,0,0,0,0,0,0,0,0,0,0,0,0,0,0,0,0,0,0,0,0,0,0,0,0,0,0,0,0,0,0
11.801041345,2.185088893818954,-0.2695916759573249,2.912565603964992,4.550386050614196,-0.14223200134322322,0.13516957746873004,4.550386050614345,-0.14223200134321415,0.13516957746854538,4.379435372382415,0.4291126927568736,-0.8724253638625603,4.050005520659565,0.12889864593702277,-1.4506045450809708,-1.78,-3.18,-1.0,0.0,0.0,0.0,-1.78,-1.18,-1.0,0.0,0.0,0.0,-1.78,0.82,-1.0,0.0,0.0,0.0,-1.78,2.82,-1.0,0.0,0.0,0.0,-1.78,-3.18,1.0,0.0,0.0,0.0,-1.78,-1.18,1.0,0.0,0.0,0.0,-1.78,0.82,1.0,0.0,0.0,0.0,-1.78,2.82,1.0,0.0,0.0,0.0,1.52,0.45,-1.0,0.0,0.0,0.0,1.52,2.45,-1.0,0.0,0.0,0.0,1.52,4.45,-1.0,0.0,0.0,0.0,1.52,0.45,1.0,0.0,0.0,0.0,1.52,2.45,1.0,0.0,0.0,0.0,1.52,4.45,1.0,0.0,0.0,0.0,3.22,-1.71,-1.0,0.0,0.0,0.0,3.22,0.29,-1.0,0.0,0.0,0.0,3.22,2.29,-1.0,0.0,0.0,0.0,3.22,-1.71,1.0,0.0,0.0,0.0,3.22,0.29,1.0,0.0,0.0,0.0,3.22,2.29,1.0,0.0,0.0,0.0,9.9,-3.5804000000002487,-0.4344000000000216,0.0,-1.1600000000000499,-0.25999999999998247,9.9,-1.580399999999748,-0.4344000000000216,0.0,-1.1600000000000499,-0.25999999999998247,6.8,5.273799999999826,2.1652000000000613,0.0,1.2699999999998823,0.5799999999998029,-4.84,-1.6383999999999612,-0.08380000000018434,0.0,0.6399999999999739,0.22999999999999415,-4.84,0.36160000000036613,-0.08380000000018434,0.0,0.6399999999999739,0.22999999999999415,0,0,0,0,0,0,0,0,0,0,0,0,0,0,0,0,0,0,0,0,0,0,0,0,0,0,0,0,0,0,0,0,0,0,0,0,0,0,0,0,0,0,0,0,0,0,0,0,0,0,0,0,0,0,0,0,0,0,0,0,0,0,0,0,0,0,0,0,0,0,0,0,0,0,0,0,0,0,0,0,0,0,0,0,0,0,0,0,0,0,0,0,0,0,0,0,0,0,0,0,0,0,0,0,0,0,0,0,0,0,0,0,0,0,0,0,0,0,0,0,0,0,0,0,0,0,0,0,0,0,0,0,0,0,0,0,0,0,0,0,0,0,0,0,0,0,0,0,0,0
11.900416718,2.546459777868091,-0.27831023606478206,2.9207191701624917,4.474386050614231,-0.06623200134320273,0.059169577468765056,4.474386050614346,-0.06623200134321415,0.059169577468545384,4.1473631077150035,0.16095199266776383,-1.235959584022157,3.85512611350846,0.13643150599410953,-1.4578372521233864,-1.78,-3.18,-1.0,0.0,0.0,0.0,-1.78,-1.18,-1.0,0.0,0.0,0.0,-1.78,0.82,-1.0,0.0,0.0,0.0,-1.78,2.82,-1.0,0.0,0.0,0.0,-1.78,-3.18,1.0,0.0,0.0,0.0,-1.78,-1.18,1.0,0.0,0.0,0.0,-1.78,0.82,1.0,0.0,0.0,0.0,-1.78,2.82,1.0,0.0,0.0,0.0,1.52,0.45,-1.0,0.0,0.0,0.0,1.52,2.45,-1.0,0.0,0.0,0.0,1.52,4.45,-1.0,0.0,0.0,0.0,1.52,0.45,1.0,0.0,0.0,0.0,1.52,2.45,1.0,0.0,0.0,0.0,1.52,4.45,1.0,0.0,0.0,0.0,3.22,-1.71,-1.0,0.0,0.0,0.0,3.22,0.29,-1.0,0.0,0.0,0.0,3.22,2.29,-1.0,0.0,0.0,0.0,3.22,-1.71,1.0,0.0,0.0,0.0,3.22,0.29,1.0,0.0,0.0,0.0,3.22,2.29,1.0,0.0,0.0,0.0,9.9,-3.6964000000002537,-0.46040000000001985,0.0,-1.1600000000000499,-0.25999999999998247,9.9,-1.696399999999753,-0.46040000000001985,0.0,-1.1600000000000499,-0.25999999999998247,6.8,5.375399999999817,2.2116000000000455,0.0,1.2699999999998823,0.5799999999998029,-4.84,-1.5743999999999638,-0.06080000000018487,0.0,0.6399999999999739,0.22999999999999968,-4.84,0.4256000000003635,-0.06080000000018487,0.0,0.6399999999999739,0.22999999999999968,0,0,0,0,0,0,0,0,0,0,0,0,0,0,0,0,0,0,0,0,0,0,0,0,0,0,0,0,0,0,0,0,0,0,0,0,0,0,0,0,0,0,0,0,0,0,0,0,0,0,0,0,0,0,0,0,0,0,0,0,0,0,0,0,0,0,0,0,0,0,0,0,0,0,0,0,0,0,0,0,0,0,0,0,0,0,0,0,0,0,0,0,0,0,0,0,0,0,0,0,0,0,0,0,0,0,0,0,0,0,0,0,0,0,0,0,0,0,0,0,0,0,0,0,0,0,0,0,0,0,0,0,0,0,0,0,0,0,0,0,0,0,0,0,0,0,0,0,0,0
12.000980021,2.9896143829295267,-0.2806494361991037,2.9223521279093583,4.390386050614481,0.017767998656770256,-0.024830422531429974,4.390386050614346,0.017767998656785855,-0.02483042253145462,3.85512611350846,0.13643150599410953,-1.4578372521233864,3.6618915133320487,0.14011548205186747,-1.4612175439545432,-1.78,-3.18,-1.0,0.0,0.0,0.0,-1.78,-1.18,-1.0,0.0,0.0,0.0,-1.78,0.82,-1.0,0.0,0.0,0.0,-1.78,2.82,-1.0,0.0,0.0,0.0,-1.78,-3.18,1.0,0.0,0.0,0.0,-1.78,-1.18,1.0,0.0,0.0,0.0,-1.78,0.82,1.0,0.0,0.0,0.0,-1.78,2.82,1.0,0.0,0.0,0.0,1.52,0.45,-1.0,0.0,0.0,0.0,1.52,2.45,-1.0,0.0,0.0,0.0,1.52,4.45,-1.0,0.0,0.0,0.0,1.52,0.45,1.0,0.0,0.0,0.0,1.52,2.45,1.0,0.0,0.0,0.0,1.52,4.45,1.0,0.0,0.0,0.0,3.22,-1.71,-1.0,0.0,0.0,0.0,3.22,0.29,-1.0,0.0,0.0,0.0,3.22,2.29,-1.0,0.0,0.0,0.0,3.22,-1.71,1.0,0.0,0.0,0.0,3.22,0.29,1.0,0.0,0.0,0.0,3.22,2.29,1.0,0.0,0.0,0.0,9.9,-3.7892000000002577,-0.48120000000001845,0.0,-1.1600000000000499,-0.25999999999998247,9.9,-1.789199999999757,-0.48120000000001845,0.0,-1.1600000000000499,-0.25999999999998247,6.8,5.502399999999805,2.269600000000026,0.0,1.2699999999998823,0.5799999999998029,-4.84,-1.523199999999966,-0.04240000000018479,0.0,0.6399999999999739,0.23000000000000104,-4.84,0.47680000000036143,-0.04240000000018479,0.0,0.6399999999999739,0.23000000000000104,0,0,0,0,0,0,0,0,0,0,0,0,0,0,0,0,0,0,0,0,0,0,0,0,0,0,0,0,0,0,0,0,0,0,0,0,0,0,0,0,0,0,0,0,0,0,0,0,0,0,0,0,0,0,0,0,0,0,0,0,0,0,0,0,0,0,0,0,0,0,0,0,0,0,0,0,0,0,0,0,0,0,0,0,0,0,0,0,0,0,0,0,0,0,0,0,0,0,0,0,0,0,0,0,0,0,0,0,0,0,0,0,0,0,0,0,0,0,0,0,0,0,0,0,0,0,0,0,0,0,0,0,0,0,0,0,0,0,0,0,0,0,0,0,0,0,0,0,0,0
12.103598688,3.2509495459663915,-0.2774953562796974,2.9187743025574684,4.30338605061431,0.104767998656774,-0.11183042253160025,4.303386050614346,0.10476799865678585,-0.11183042253145462,3.6618915133320487,0.14011548205186747,-1.4612175439545432,3.4744601061809357,0.14020034210895446,-1.461002250996959,-1.78,-3.18,-1.0,0.0,0.0,0.0,-1.78,-1.18,-1.0,0.0,0.0,0.0,-1.78,0.82,-1.0,0.0,0.0,0.0,-1.78,2.82,-1.0,0.0,0.0,0.0,-1.78,-3.18,1.0,0.0,0.0,0.0,-1.78,-1.18,1.0,0.0,0.0,0.0,-1.78,0.82,1.0,0.0,0.0,0.0,-1.78,2.82,1.0,0.0,0.0,0.0,1.52,0.45,-1.0,0.0,0.0,0.0,1.52,2.45,-1.0,0.0,0.0,0.0,1.52,4.45,-1.0,0.0,0.0,0.0,1.52,0.45,1.0,0.0,0.0,0.0,1.52,2.45,1.0,0.0,0.0,0.0,1.52,4.45,1.0,0.0,0.0,0.0,3.22,-1.71,-1.0,0.0,0.0,0.0,3.22,0.29,-1.0,0.0,0.0,0.0,3.22,2.29,-1.0,0.0,0.0,0.0,3.22,-1.71,1.0,0.0,0.0,0.0,3.22,0.29,1.0,0.0,0.0,0.0,3.22,2.29,1.0,0.0,0.0,0.0,9.9,-3.8588000000002607,-0.4968000000000174,0.0,-1.1600000000000499,-0.25999999999998247,9.9,-1.881999999999761,-0.5020000000000174,0.0,-1.1600000000000499,-0.2600000000000213,6.8,5.578599999999798,2.304400000000014,0.0,1.2699999999998823,0.5799999999998029,-4.84,-1.4847999999999675,-0.028600000000184728,0.0,0.6399999999999739,0.23000000000000104,-4.84,0.5152000000003599,-0.028600000000184728,0.0,0.6399999999999739,0.23000000000000104,0,0,0,0,0,0,0,0,0,0,0,0,0,0,0,0,0,0,0,0,0,0,0,0,0,0,0,0,0,0,0,0,0,0,0,0,0,0,0,0,0,0,0,0,0,0,0,0,0,0,0,0,0,0,0,0,0,0,0,0,0,0,0,0,0,0,0,0,0,0,0,0,0,0,0,0,0,0,0,0,0,0,0,0,0,0,0,0,0,0,0,0,0,0,0,0,0,0,0,0,0,0,0,0,0,0,0,0,0,0,0,0,0,0,0,0,0,0,0,0,0,0,0,0,0,0,0,0,0,0,0,0,0,0,0,0,0,0,0,0,0,0,0,0,0,0,0,0,0,0
12.201026485,3.5929484300155314,-0.26798008139668644,2.9075558687549496,4.2323860506141555,0.1402003421089315,-0.18283042253131043,4.2323860506143465,0.14020034210895446,-0.1828304225314546,3.4744601061809357,0.14020034210895446,-1.461002250996959,3.320732901384125,0.13743807815663903,-1.4579892709970892,-1.78,-3.18,-1.0,0.0,0.0,0.0,-1.78,-1.18,-1.0,0.0,0.0,0.0,-1.78,0.82,-1.0,0.0,0.0,0.0,-1.78,2.82,-1.0,0.0,0.0,0.0,-1.78,-3.18,1.0,0.0,0.0,0.0,-1.78,-1.18,1.0,0.0,0.0,0.0,-1.78,0.82,1.0,0.0,0.0,0.0,-1.78,2.82,1.0,0.0,0.0,0.0,1.52,0.45,-1.0,0.0,0.0,0.0,1.52,2.45,-1.0,0.0,0.0,0.0,1.52,4.45,-1.0,0.0,0.0,0.0,1.52,0.45,1.0,0.0,0.0,0.0,1.52,2.45,1.0,0.0,0.0,0.0,1.52,4.45,1.0,0.0,0.0,0.0,3.22,-1.71,-1.0,0.0,0.0,0.0,3.22,0.29,-1.0,0.0,0.0,0.0,3.22,2.29,-1.0,0.0,0.0,0.0,3.22,-1.71,1.0,0.0,0.0,0.0,3.22,0.29,1.0,0.0,0.0,0.0,3.22,2.29,1.0,0.0,0.0,0.0,9.9,-3.9516000000002647,-0.5176000000000197,0.0,-1.1600000000000499,-0.260000000000038,9.9,-1.974799999999765,-0.5228000000000205,0.0,-1.1600000000000499,-0.260000000000038,6.8,5.680199999999789,2.3507999999999982,0.0,1.2699999999998823,0.5799999999998029,-4.84,-1.4335999999999696,-0.010200000000184686,0.0,0.6399999999999739,0.22999999999999926,-4.84,0.5664000000003578,-0.010200000000184686,0.0,0.6399999999999739,0.22999999999999926,0,0,0,0,0,0,0,0,0,0,0,0,0,0,0,0,0,0,0,0,0,0,0,0,0,0,0,0,0,0,0,0,0,0,0,0,0,0,0,0,0,0,0,0,0,0,0,0,0,0,0,0,0,0,0,0,0,0,0,0,0,0,0,0,0,0,0,0,0,0,0,0,0,0,0,0,0,0,0,0,0,0,0,0,0,0,0,0,0,0,0,0,0,0,0,0,0,0,0,0,0,0,0,0,0,0,0,0,0,0,0,0,0,0,0,0,0,0,0,0,0,0,0,0,0,0,0,0,0,0,0,0,0,0,0,0,0,0,0,0,0,0,0,0,0,0,0,0,0,0
12.302755787,4.012231035076946,-0.2540871113275988,2.885316826501817,4.146386050614126,0.13743807815663756,-0.26883042253134093,4.146386050614346,0.13743807815663903,-0.2688304225314546,3.320732901384125,0.13743807815663903,-1.4579892709970892,3.142156187258329,0.13195713573776371,-1.451126893250771,-1.78,-3.18,-1.0,0.0,0.0,0.0,-1.78,-1.18,-1.0,0.0,0.0,0.0,-1.78,0.82,-1.0,0.0,0.0,0.0,-1.78,2.82,-1.0,0.0,0.0,0.0,-1.78,-3.18,1.0,0.0,0.0,0.0,-1.78,-1.18,1.0,0.0,0.0,0.0,-1.78,0.82,1.0,0.0,0.0,0.0,-1.78,2.82,1.0,0.0,0.0,0.0,1.52,0.45,-1.0,0.0,0.0,0.0,1.52,2.45,-1.0,0.0,0.0,0.0,1.52,4.45,-1.0,0.0,0.0,0.0,1.52,0.45,1.0,0.0,0.0,0.0,1.52,2.45,1.0,0.0,0.0,0.0,1.52,4.45,1.0,0.0,0.0,0.0,3.22,-1.71,-1.0,0.0,0.0,0.0,3.22,0.29,-1.0,0.0,0.0,0.0,3.22,2.29,-1.0,0.0,0.0,0.0,3.22,-1.71,1.0,0.0,0.0,0.0,3.22,0.29,1.0,0.0,0.0,0.0,3.22,2.29,1.0,0.0,0.0,0.0,9.9,-4.067600000000244,-0.5436000000000235,0.0,-1.1599999999996058,-0.260000000000038,9.9,-2.0675999999997687,-0.5436000000000235,0.0,-1.1600000000000499,-0.260000000000038,6.8,5.807199999999777,2.4087999999999785,0.0,1.2699999999998823,0.5799999999998029,-4.84,-1.3695999999999722,0.0127999999998153,0.0,0.6399999999999739,0.22999999999999926,-4.84,0.6304000000003552,0.0127999999998153,0.0,0.6399999999999739,0.22999999999999926,0,0,0,0,0,0,0,0,0,0,0,0,0,0,0,0,0,0,0,0,0,0,0,0,0,0,0,0,0,0,0,0,0,0,0,0,0,0,0,0,0,0,0,0,0,0,0,0,0,0,0,0,0,0,0,0,0,0,0,0,0,0,0,0,0,0,0,0,0,0,0,0,0,0,0,0,0,0,0,0,0,0,0,0,0,0,0,0,0,0,0,0,0,0,0,0,0,0,0,0,0,0,0,0,0,0,0,0,0,0,0,0,0,0,0,0,0,0,0,0,0,0,0,0,0,0,0,0,0,0,0,0,0,0,0,0,0,0,0,0,0,0,0,0,0,0,0,0,0,0
12.403151622,4.34119791912609,-0.2432455314627961,2.861066392699312,4.0483860506146385,0.13195713573777024,-0.3668304225312724,4.048386050614346,0.13195713573776371,-0.3668304225314546,3.142156187258329,0.13195713573776371,-1.451126893250771,2.9701908478865895,0.12625819521719006,-1.4411222394078722,-1.78,-3.18,-1.0,0.0,0.0,0.0,-1.78,-1.18,-1.0,0.0,0.0,0.0,-1.78,0.82,-1.0,0.0,0.0,0.0,-1.78,2.82,-1.0,0.0,0.0,0.0,-1.78,-3.18,1.0,0.0,0.0,0.0,-1.78,-1.18,1.0,0.0,0.0,0.0,-1.78,0.82,1.0,0.0,0.0,0.0,-1.78,2.82,1.0,0.0,0.0,0.0,1.52,0.45,-1.0,0.0,0.0,0.0,1.52,2.45,-1.0,0.0,0.0,0.0,1.52,4.45,-1.0,0.0,0.0,0.0,1.52,0.45,1.0,0.0,0.0,0.0,1.52,2.45,1.0,0.0,0.0,0.0,1.52,4.45,1.0,0.0,0.0,0.0,3.22,-1.71,-1.0,0.0,0.0,0.0,3.22,0.29,-1.0,0.0,0.0,0.0,3.22,2.29,-1.0,0.0,0.0,0.0,3.22,-1.71,1.0,0.0,0.0,0.0,3.22,0.29,1.0,0.0,0.0,0.0,3.22,2.29,1.0,0.0,0.0,0.0,9.9,-4.160400000000212,-0.5644000000000265,0.0,-1.1599999999996058,-0.260000000000038,9.9,-2.1603999999997727,-0.5644000000000265,0.0,-1.1600000000000499,-0.260000000000038,6.8,5.908799999999768,2.4551999999999627,0.0,1.2699999999998823,0.5799999999998029,-4.84,-1.3183999999999743,0.03119999999981536,0.0,0.6399999999999739,0.23000000000000104,-4.84,0.6816000000003531,0.03119999999981536,0.0,0.6399999999999739,0.23000000000000104,0,0,0,0,0,0,0,0,0,0,0,0,0,0,0,0,0,0,0,0,0,0,0,0,0,0,0,0,0,0,0,0,0,0,0,0,0,0,0,0,0,0,0,0,0,0,0,0,0,0,0,0,0,0,0,0,0,0,0,0,0,0,0,0,0,0,0,0,0,0,0,0,0,0,0,0,0,0,0,0,0,0,0,0,0,0,0,0,0,0,0,0,0,0,0,0,0,0,0,0,0,0,0,0,0,0,0,0,0,0,0,0,0,0,0,0,0,0,0,0,0,0,0,0,0,0,0,0,0,0,0,0,0,0,0,0,0,0,0,0,0,0,0,0,0,0,0,0,0,0
12.502077482,4.502405361150666,-0.23804133226005278,2.8456651757980573,3.9923860506139164,0.12625819521719372,-0.42283042253155045,3.9923860506143463,0.12625819521719006,-0.4228304225314546,2.9701908478865895,0.12625819521719006,-1.4411222394078722,2.797013952032038,0.12056710864549589,-1.4275985529694057,-1.78,-3.18,-1.0,0.0,0.0,0.0,-1.78,-1.18,-1.0,0.0,0.0,0.0,-1.78,0.82,-1.0,0.0,0.0,0.0,-1.78,2.82,-1.0,0.0,0.0,0.0,-1.78,-3.18,1.0,0.0,0.0,0.0,-1.78,-1.18,1.0,0.0,0.0,0.0,-1.78,0.82,1.0,0.0,0.0,0.0,-1.78,2.82,1.0,0.0,0.0,0.0,1.52,0.45,-1.0,0.0,0.0,0.0,1.52,2.45,-1.0,0.0,0.0,0.0,1.52,4.45,-1.0,0.0,0.0,0.0,1.52,0.45,1.0,0.0,0.0,0.0,1.52,2.45,1.0,0.0,0.0,0.0,1.52,4.45,1.0,0.0,0.0,0.0,3.22,-1.71,-1.0,0.0,0.0,0.0,3.22,0.29,-1.0,0.0,0.0,0.0,3.22,2.29,-1.0,0.0,0.0,0.0,3.22,-1.71,1.0,0.0,0.0,0.0,3.22,0.29,1.0,0.0,0.0,0.0,3.22,2.29,1.0,0.0,0.0,0.0,9.9,-4.206800000000197,-0.5748000000000281,0.0,-1.1599999999996058,-0.260000000000038,9.9,-2.2067999999997747,-0.5748000000000281,0.0,-1.1600000000000499,-0.260000000000038,6.8,5.959599999999763,2.478399999999955,0.0,1.2699999999998823,0.5799999999998029,-4.84,-1.2927999999999753,0.0403999999998154,0.0,0.6399999999999739,0.23000000000000104,-4.84,0.7072000000003521,0.0403999999998154,0.0,0.6399999999999739,0.23000000000000104,0,0,0,0,0,0,0,0,0,0,0,0,0,0,0,0,0,0,0,0,0,0,0,0,0,0,0,0,0,0,0,0,0,0,0,0,0,0,0,0,0,0,0,0,0,0,0,0,0,0,0,0,0,0,0,0,0,0,0,0,0,0,0,0,0,0,0,0,0,0,0,0,0,0,0,0,0,0,0,0,0,0,0,0,0,0,0,0,0,0,0,0,0,0,0,0,0,0,0,0,0,0,0,0,0,0,0,0,0,0,0,0,0,0,0,0,0,0,0,0,0,0,0,0,0,0,0,0,0,0,0,0,0,0,0,0,0,0,0,0,0,0,0,0,0,0,0,0,0,0
12.601260838,4.820336245199789,-0.2280544983741112,2.8103787419955335,3.9193860506143707,0.12056710864549736,-0.4958304225315402,3.9193860506143463,0.12056710864549589,-0.4958304225314546,2.797013952032038,0.12056710864549589,-1.4275985529694057,2.694900107741379,0.11731618049459427,-1.4171243771948527,-1.78,-3.18,-1.0,0.0,0.0,0.0,-1.78,-1.18,-1.0,0.0,0.0,0.0,-1.78,0.82,-1.0,0.0,0.0,0.0,-1.78,2.82,-1.0,0.0,0.0,0.0,-1.78,-3.18,1.0,0.0,0.0,0.0,-1.78,-1.18,1.0,0.0,0.0,0.0,-1.78,0.82,1.0,0.0,0.0,0.0,-1.78,2.82,1.0,0.0,0.0,0.0,1.52,0.45,-1.0,0.0,0.0,0.0,1.52,2.45,-1.0,0.0,0.0,0.0,1.52,4.45,-1.0,0.0,0.0,0.0,1.52,0.45,1.0,0.0,0.0,0.0,1.52,2.45,1.0,0.0,0.0,0.0,1.52,4.45,1.0,0.0,0.0,0.0,3.22,-1.71,-1.0,0.0,0.0,0.0,3.22,0.29,-1.0,0.0,0.0,0.0,3.22,2.29,-1.0,0.0,0.0,0.0,3.22,-1.71,1.0,0.0,0.0,0.0,3.22,0.29,1.0,0.0,0.0,0.0,3.22,2.29,1.0,0.0,0.0,0.0,9.9,-4.299600000000165,-0.5956000000000311,0.0,-1.1599999999996058,-0.260000000000038,9.9,-2.2995999999997787,-0.5956000000000311,0.0,-1.1600000000000499,-0.260000000000038,6.8,6.0611999999997535,2.524799999999939,0.0,1.2699999999998823,0.5799999999998029,-4.84,-1.2415999999999774,0.058799999999815486,0.0,0.6399999999999739,0.23000000000000104,-4.84,0.75840000000035,0.058799999999815486,0.0,0.6399999999999739,0.23000000000000104,0,0,0,0,0,0,0,0,0,0,0,0,0,0,0,0,0,0,0,0,0,0,0,0,0,0,0,0,0,0,0,0,0,0,0,0,0,0,0,0,0,0,0,0,0,0,0,0,0,0,0,0,0,0,0,0,0,0,0,0,0,0,0,0,0,0,0,0,0,0,0,0,0,0,0,0,0,0,0,0,0,0,0,0,0,0,0,0,0,0,0,0,0,0,0,0,0,0,0,0,0,0,0,0,0,0,0,0,0,0,0,0,0,0,0,0,0,0,0,0,0,0,0,0,0,0,0,0,0,0,0,0,0,0,0,0,0,0,0,0,0,0,0,0,0,0,0,0,0,0
12.705881779,5.131711129248947,-0.2185131593833002,2.7685363081930188,3.851386050614636,0.11731618049459769,-0.5638304225312751,3.8513860506143462,0.11731618049459427,-0.5638304225314545,2.694900107741379,0.11731618049459427,-1.4171243771948527,2.54475893781804,0.11264072743763238,-1.399487321138654,-1.78,-3.18,-1.0,0.0,0.0,0.0,-1.78,-1.18,-1.0,0.0,0.0,0.0,-1.78,0.82,-1.0,0.0,0.0,0.0,-1.78,2.82,-1.0,0.0,0.0,0.0,-1.78,-3.18,1.0,0.0,0.0,0.0,-1.78,-1.18,1.0,0.0,0.0,0.0,-1.78,0.82,1.0,0.0,0.0,0.0,-1.78,2.82,1.0,0.0,0.0,0.0,1.52,0.45,-1.0,0.0,0.0,0.0,1.52,2.45,-1.0,0.0,0.0,0.0,1.52,4.45,-1.0,0.0,0.0,0.0,1.52,0.45,1.0,0.0,0.0,0.0,1.52,2.45,1.0,0.0,0.0,0.0,1.52,4.45,1.0,0.0,0.0,0.0,3.22,-1.71,-1.0,0.0,0.0,0.0,3.22,0.29,-1.0,0.0,0.0,0.0,3.22,2.29,-1.0,0.0,0.0,0.0,3.22,-1.71,1.0,0.0,0.0,0.0,3.22,0.29,1.0,0.0,0.0,0.0,3.22,2.29,1.0,0.0,0.0,0.0,9.9,-4.3924000000001335,-0.6164000000000341,0.0,-1.1599999999996058,-0.260000000000038,9.9,-2.3923999999997827,-0.6164000000000341,0.0,-1.1600000000000499,-0.260000000000038,6.8,6.162799999999744,2.5711999999999233,0.0,1.2699999999998823,0.5799999999998029,-4.84,-1.1903999999999795,0.07719999999981512,0.0,0.6399999999999739,0.22999999999999415,-4.84,0.8096000000003479,0.07719999999981512,0.0,0.6399999999999739,0.22999999999999415,0,0,0,0,0,0,0,0,0,0,0,0,0,0,0,0,0,0,0,0,0,0,0,0,0,0,0,0,0,0,0,0,0,0,0,0,0,0,0,0,0,0,0,0,0,0,0,0,0,0,0,0,0,0,0,0,0,0,0,0,0,0,0,0,0,0,0,0,0,0,0,0,0,0,0,0,0,0,0,0,0,0,0,0,0,0,0,0,0,0,0,0,0,0,0,0,0,0,0,0,0,0,0,0,0,0,0,0,0,0,0,0,0,0,0,0,0,0,0,0,0,0,0,0,0,0,0,0,0,0,0,0,0,0,0,0,0,0,0,0,0,0,0,0,0,0,0,0,0,0
12.801162044,5.437048013298101,-0.20930553215989697,2.720655874390517,3.778386050614202,0.11264072743763509,-0.6368304225312649,3.7783860506143463,0.11264072743763238,-0.6368304225314545,2.54475893781804,0.11264072743763238,-1.399487321138654,2.3860021097428437,0.10779012743546763,-1.3772202738148684,-1.78,-3.18,-1.0,0.0,0.0,0.0,-1.78,-1.18,-1.0,0.0,0.0,0.0,-1.78,0.82,-1.0,0.0,0.0,0.0,-1.78,2.82,-1.0,0.0,0.0,0.0,-1.78,-3.18,1.0,0.0,0.0,0.0,-1.78,-1.18,1.0,0.0,0.0,0.0,-1.78,0.82,1.0,0.0,0.0,0.0,-1.78,2.82,1.0,0.0,0.0,0.0,1.52,0.45,-1.0,0.0,0.0,0.0,1.52,2.45,-1.0,0.0,0.0,0.0,1.52,4.45,-1.0,0.0,0.0,0.0,1.52,0.45,1.0,0.0,0.0,0.0,1.52,2.45,1.0,0.0,0.0,0.0,1.52,4.45,1.0,0.0,0.0,0.0,3.22,-1.71,-1.0,0.0,0.0,0.0,3.22,0.29,-1.0,0.0,0.0,0.0,3.22,2.29,-1.0,0.0,0.0,0.0,3.22,-1.71,1.0,0.0,0.0,0.0,3.22,0.29,1.0,0.0,0.0,0.0,3.22,2.29,1.0,0.0,0.0,0.0,9.9,-4.485200000000102,-0.6372000000000372,0.0,-1.1599999999996058,-0.260000000000038,9.9,-2.4851999999997867,-0.6372000000000372,0.0,-1.1600000000000499,-0.260000000000038,6.8,6.264399999999735,2.6175999999999076,0.0,1.2699999999998823,0.5799999999998029,-4.84,-1.1391999999999816,0.09559999999981465,0.0,0.6399999999999739,0.22999999999999415,-4.84,0.8608000000003458,0.09559999999981465,0.0,0.6399999999999739,0.22999999999999415,0,0,0,0,0,0,0,0,0,0,0,0,0,0,0,0,0,0,0,0,0,0,0,0,0,0,0,0,0,0,0,0,0,0,0,0,0,0,0,0,0,0,0,0,0,0,0,0,0,0,0,0,0,0,0,0,0,0,0,0,0,0,0,0,0,0,0,0,0,0,0,0,0,0,0,0,0,0,0,0,0,0,0,0,0,0,0,0,0,0,0,0,0,0,0,0,0,0,0,0,0,0,0,0,0,0,0,0,0,0,0,0,0,0,0,0,0,0,0,0,0,0,0,0,0,0,0,0,0,0,0,0,0,0,0,0,0,0,0,0,0,0,0,0,0,0,0,0,0,0
12.901540129,5.8100866183595326,-0.1983518978162717,2.6521728321373734,3.7033860506143768,0.10779012743547534,-0.7118304225315342,3.703386050614346,0.10779012743546763,-0.7118304225314545,2.3860021097428437,0.10779012743546763,-1.3772202738148684,2.2474705188954216,0.10363899953300977,-1.3545964633924772,-1.78,-3.18,-1.0,0.0,0.0,0.0,-1.78,-1.18,-1.0,0.0,0.0,0.0,-1.78,0.82,-1.0,0.0,0.0,0.0,-1.78,2.82,-1.0,0.0,0.0,0.0,-1.78,-3.18,1.0,0.0,0.0,0.0,-1.78,-1.18,1.0,0.0,0.0,0.0,-1.78,0.82,1.0,0.0,0.0,0.0,-1.78,2.82,1.0,0.0,0.0,0.0,1.52,0.45,-1.0,0.0,0.0,0.0,1.52,2.45,-1.0,0.0,0.0,0.0,1.52,4.45,-1.0,0.0,0.0,0.0,1.52,0.45,1.0,0.0,0.0,0.0,1.52,2.45,1.0,0.0,0.0,0.0,1.52,4.45,1.0,0.0,0.0,0.0,3.22,-1.71,-1.0,0.0,0.0,0.0,3.22,0.29,-1.0,0.0,0.0,0.0,3.22,2.29,-1.0,0.0,0.0,0.0,3.22,-1.71,1.0,0.0,0.0,0.0,3.22,0.29,1.0,0.0,0.0,0.0,3.22,2.29,1.0,0.0,0.0,0.0,9.9,-4.601200000000063,-0.663200000000041,0.0,-1.1599999999996058,-0.260000000000038,9.9,-2.5779999999997907,-0.6580000000000402,0.0,-1.1600000000000499,-0.260000000000038,6.8,6.391399999999723,2.675599999999888,0.0,1.2699999999998823,0.5799999999998029,-4.84,-1.0751999999999842,0.11859999999981406,0.0,0.6399999999999739,0.22999999999999415,-4.84,0.9120000000003438,0.11399999999981418,0.0,0.6399999999999739,0.22999999999999415,0,0,0,0,0,0,0,0,0,0,0,0,0,0,0,0,0,0,0,0,0,0,0,0,0,0,0,0,0,0,0,0,0,0,0,0,0,0,0,0,0,0,0,0,0,0,0,0,0,0,0,0,0,0,0,0,0,0,0,0,0,0,0,0,0,0,0,0,0,0,0,0,0,0,0,0,0,0,0,0,0,0,0,0,0,0,0,0,0,0,0,0,0,0,0,0,0,0,0,0,0,0,0,0,0,0,0,0,0,0,0,0,0,0,0,0,0,0,0,0,0,0,0,0,0,0,0,0,0,0,0,0,0,0,0,0,0,0,0,0,0,0,0,0,0,0,0,0,0,0
13.001202932,6.102057502408693,-0.18990718612124005,2.5909263983348607,3.60338605061461,0.10363899953300115,-0.8118304225313011,3.603386050614346,0.10363899953300977,-0.8118304225314544,2.2474705188954216,0.10363899953300977,-1.3545964633924772,2.080143146617776,0.09874478839839396,-1.3232390943785606,-1.78,-3.18,-1.0,0.0,0.0,0.0,-1.78,-1.18,-1.0,0.0,0.0,0.0,-1.78,0.82,-1.0,0.0,0.0,0.0,-1.78,2.82,-1.0,0.0,0.0,0.0,-1.78,-3.18,1.0,0.0,0.0,0.0,-1.78,-1.18,1.0,0.0,0.0,0.0,-1.78,0.82,1.0,0.0,0.0,0.0,-1.78,2.82,1.0,0.0,0.0,0.0,1.52,0.45,-1.0,0.0,0.0,0.0,1.52,2.45,-1.0,0.0,0.0,0.0,1.52,4.45,-1.0,0.0,0.0,0.0,1.52,0.45,1.0,0.0,0.0,0.0,1.52,2.45,1.0,0.0,0.0,0.0,1.52,4.45,1.0,0.0,0.0,0.0,3.22,-1.71,-1.0,0.0,0.0,0.0,3.22,0.29,-1.0,0.0,0.0,0.0,3.22,2.29,-1.0,0.0,0.0,0.0,3.22,-1.71,1.0,0.0,0.0,0.0,3.22,0.29,1.0,0.0,0.0,0.0,3.22,2.29,1.0,0.0,0.0,0.0,9.9,-4.694000000000031,-0.684000000000044,0.0,-1.1599999999996058,-0.260000000000038,9.9,-2.6939999999997957,-0.684000000000044,0.0,-1.1600000000000499,-0.260000000000038,6.8,6.4929999999997134,2.721999999999872,0.0,1.2699999999998823,0.5799999999998029,-4.84,-1.0239999999999863,0.13699999999981433,0.0,0.6399999999999739,0.23000000000000798,-4.84,0.9760000000003412,0.13699999999981433,0.0,0.6399999999999739,0.23000000000000798,0,0,0,0,0,0,0,0,0,0,0,0,0,0,0,0,0,0,0,0,0,0,0,0,0,0,0,0,0,0,0,0,0,0,0,0,0,0,0,0,0,0,0,0,0,0,0,0,0,0,0,0,0,0,0,0,0,0,0,0,0,0,0,0,0,0,0,0,0,0,0,0,0,0,0,0,0,0,0,0,0,0,0,0,0,0,0,0,0,0,0,0,0,0,0,0,0,0,0,0,0,0,0,0,0,0,0,0,0,0,0,0,0,0,0,0,0,0,0,0,0,0,0,0,0,0,0,0,0,0,0,0,0,0,0,0,0,0,0,0,0,0,0,0,0,0,0,0,0,0
13.101382924,6.387008386457859,-0.18181183460398456,2.5226599645323544,3.5203860506145546,0.09874478839838607,-0.8948304225313564,3.520386050614346,0.09874478839839396,-0.8948304225314544,2.080143146617776,0.09874478839839396,-1.3232390943785606,1.9129373882895075,0.09391720306529001,-1.2873448949421173,-1.78,-3.18,-1.0,0.0,0.0,0.0,-1.78,-1.18,-1.0,0.0,0.0,0.0,-1.78,0.82,-1.0,0.0,0.0,0.0,-1.78,2.82,-1.0,0.0,0.0,0.0,-1.78,-3.18,1.0,0.0,0.0,0.0,-1.78,-1.18,1.0,0.0,0.0,0.0,-1.78,0.82,1.0,0.0,0.0,0.0,-1.78,2.82,1.0,0.0,0.0,0.0,1.52,0.45,-1.0,0.0,0.0,0.0,1.52,2.45,-1.0,0.0,0.0,0.0,1.52,4.45,-1.0,0.0,0.0,0.0,1.52,0.45,1.0,0.0,0.0,0.0,1.52,2.45,1.0,0.0,0.0,0.0,1.52,4.45,1.0,0.0,0.0,0.0,3.22,-1.71,-1.0,0.0,0.0,0.0,3.22,0.29,-1.0,0.0,0.0,0.0,3.22,2.29,-1.0,0.0,0.0,0.0,3.22,-1.71,1.0,0.0,0.0,0.0,3.22,0.29,1.0,0.0,0.0,0.0,3.22,2.29,1.0,0.0,0.0,0.0,9.9,-4.7867999999999995,-0.7048000000000471,0.0,-1.1599999999996058,-0.260000000000038,9.9,-2.7867999999997997,-0.7048000000000471,0.0,-1.1600000000000499,-0.260000000000038,6.8,6.594599999999704,2.7683999999998563,0.0,1.2699999999998823,0.5799999999998029,-4.84,-0.9727999999999883,0.15539999999981496,0.0,0.6399999999999739,0.23000000000000798,-4.84,1.0272000000003392,0.15539999999981496,0.0,0.6399999999999739,0.23000000000000798,0,0,0,0,0,0,0,0,0,0,0,0,0,0,0,0,0,0,0,0,0,0,0,0,0,0,0,0,0,0,0,0,0,0,0,0,0,0,0,0,0,0,0,0,0,0,0,0,0,0,0,0,0,0,0,0,0,0,0,0,0,0,0,0,0,0,0,0,0,0,0,0,0,0,0,0,0,0,0,0,0,0,0,0,0,0,0,0,0,0,0,0,0,0,0,0,0,0,0,0,0,0,0,0,0,0,0,0,0,0,0,0,0,0,0,0,0,0,0,0,0,0,0,0,0,0,0,0,0,0,0,0,0,0,0,0,0,0,0,0,0,0,0,0,0,0,0,0,0,0
13.203307001,6.527175828482439,-0.17790549133604702,2.4862187476310975,3.45558605061429,0.09439996159859576,-0.959630422531621,3.4483860506143458,0.09391720306529001,-0.9668304225314543,1.9129373882895075,0.09391720306529001,-1.2873448949421173,1.785373490467383,0.09031344857160198,-1.255960999730989,-1.78,-3.18,-1.0,0.0,0.0,0.0,-1.78,-1.18,-1.0,0.0,0.0,0.0,-1.78,0.82,-1.0,0.0,0.0,0.0,-1.78,2.82,-1.0,0.0,0.0,0.0,-1.78,-3.18,1.0,0.0,0.0,0.0,-1.78,-1.18,1.0,0.0,0.0,0.0,-1.78,0.82,1.0,0.0,0.0,0.0,-1.78,2.82,1.0,0.0,0.0,0.0,1.52,0.45,-1.0,0.0,0.0,0.0,1.52,2.45,-1.0,0.0,0.0,0.0,1.52,4.45,-1.0,0.0,0.0,0.0,1.52,0.45,1.0,0.0,0.0,0.0,1.52,2.45,1.0,0.0,0.0,0.0,1.52,4.45,1.0,0.0,0.0,0.0,3.22,-1.71,-1.0,0.0,0.0,0.0,3.22,0.29,-1.0,0.0,0.0,0.0,3.22,2.29,-1.0,0.0,0.0,0.0,3.22,-1.71,1.0,0.0,0.0,0.0,3.22,0.29,1.0,0.0,0.0,0.0,3.22,2.29,1.0,0.0,0.0,0.0,9.9,-4.833199999999984,-0.7152000000000486,0.0,-1.1599999999996058,-0.260000000000038,9.9,-2.8331999999998017,-0.7152000000000486,0.0,-1.1600000000000499,-0.260000000000038,6.8,6.645399999999699,2.7915999999998484,0.0,1.2699999999998823,0.5799999999998029,-4.84,-0.9343999999999899,0.16919999999981544,0.0,0.6399999999999739,0.23000000000000798,-4.84,1.0528000000003381,0.16459999999981528,0.0,0.6399999999999739,0.23000000000000798,0,0,0,0,0,0,0,0,0,0,0,0,0,0,0,0,0,0,0,0,0,0,0,0,0,0,0,0,0,0,0,0,0,0,0,0,0,0,0,0,0,0,0,0,0,0,0,0,0,0,0,0,0,0,0,0,0,0,0,0,0,0,0,0,0,0,0,0,0,0,0,0,0,0,0,0,0,0,0,0,0,0,0,0,0,0,0,0,0,0,0,0,0,0,0,0,0,0,0,0,0,0,0,0,0,0,0,0,0,0,0,0,0,0,0,0,0,0,0,0,0,0,0,0,0,0,0,0,0,0,0,0,0,0,0,0,0,0,0,0,0,0,0,0,0,0,0,0,0,0
13.302715953,6.7334069915192964,-0.17231370420605405,2.4275369222792005,3.3923860506144266,0.09031344857160506,-1.0228304225314844,3.3923860506143457,0.09031344857160198,-1.0228304225314544,1.785373490467383,0.09031344857160198,-1.255960999730989,1.6967556461767166,0.08787269783277274,-1.2319908239564346,-1.78,-3.18,-1.0,0.0,0.0,0.0,-1.78,-1.18,-1.0,0.0,0.0,0.0,-1.78,0.82,-1.0,0.0,0.0,0.0,-1.78,2.82,-1.0,0.0,0.0,0.0,-1.78,-3.18,1.0,0.0,0.0,0.0,-1.78,-1.18,1.0,0.0,0.0,0.0,-1.78,0.82,1.0,0.0,0.0,0.0,-1.78,2.82,1.0,0.0,0.0,0.0,1.52,0.45,-1.0,0.0,0.0,0.0,1.52,2.45,-1.0,0.0,0.0,0.0,1.52,4.45,-1.0,0.0,0.0,0.0,1.52,0.45,1.0,0.0,0.0,0.0,1.52,2.45,1.0,0.0,0.0,0.0,1.52,4.45,1.0,0.0,0.0,0.0,3.22,-1.71,-1.0,0.0,0.0,0.0,3.22,0.29,-1.0,0.0,0.0,0.0,3.22,2.29,-1.0,0.0,0.0,0.0,3.22,-1.71,1.0,0.0,0.0,0.0,3.22,0.29,1.0,0.0,0.0,0.0,3.22,2.29,1.0,0.0,0.0,0.0,9.9,-4.90279999999996,-0.7308000000000509,0.0,-1.1599999999996058,-0.260000000000038,9.9,-2.9027999999998046,-0.7308000000000509,0.0,-1.1600000000000499,-0.260000000000038,6.8,6.721599999999692,2.8263999999998366,0.0,1.2699999999998823,0.5799999999998029,-4.84,-0.908799999999991,0.17839999999981576,0.0,0.6399999999999739,0.23000000000000798,-4.84,1.0912000000003366,0.17839999999981576,0.0,0.6399999999999739,0.23000000000000798,0,0,0,0,0,0,0,0,0,0,0,0,0,0,0,0,0,0,0,0,0,0,0,0,0,0,0,0,0,0,0,0,0,0,0,0,0,0,0,0,0,0,0,0,0,0,0,0,0,0,0,0,0,0,0,0,0,0,0,0,0,0,0,0,0,0,0,0,0,0,0,0,0,0,0,0,0,0,0,0,0,0,0,0,0,0,0,0,0,0,0,0,0,0,0,0,0,0,0,0,0,0,0,0,0,0,0,0,0,0,0,0,0,0,0,0,0,0,0,0,0,0,0,0,0,0,0,0,0,0,0,0,0,0,0,0,0,0,0,0,0,0,0,0,0,0,0,0,0,0
13.400831401,6.935762154556164,-0.166960797561706,2.3649790969273132,3.3483860506144936,0.0878726978327804,-1.0668304225314174,3.3483860506143457,0.08787269783277274,-1.0668304225314544,1.6967556461767166,0.08787269783277274,-1.2319908239564346,1.5959956576835932,0.08516425843149796,-1.202501926491754,-1.78,-3.18,-1.0,0.0,0.0,0.0,-1.78,-1.18,-1.0,0.0,0.0,0.0,-1.78,0.82,-1.0,0.0,0.0,0.0,-1.78,2.82,-1.0,0.0,0.0,0.0,-1.78,-3.18,1.0,0.0,0.0,0.0,-1.78,-1.18,1.0,0.0,0.0,0.0,-1.78,0.82,1.0,0.0,0.0,0.0,-1.78,2.82,1.0,0.0,0.0,0.0,1.52,0.45,-1.0,0.0,0.0,0.0,1.52,2.45,-1.0,0.0,0.0,0.0,1.52,4.45,-1.0,0.0,0.0,0.0,1.52,0.45,1.0,0.0,0.0,0.0,1.52,2.45,1.0,0.0,0.0,0.0,1.52,4.45,1.0,0.0,0.0,0.0,3.22,-1.71,-1.0,0.0,0.0,0.0,3.22,0.29,-1.0,0.0,0.0,0.0,3.22,2.29,-1.0,0.0,0.0,0.0,3.22,-1.71,1.0,0.0,0.0,0.0,3.22,0.29,1.0,0.0,0.0,0.0,3.22,2.29,1.0,0.0,0.0,0.0,9.9,-4.972399999999936,-0.7464000000000531,0.0,-1.1599999999996058,-0.260000000000038,9.9,-2.9723999999998076,-0.7464000000000531,0.0,-1.1600000000000499,-0.260000000000038,6.8,6.797799999999685,2.8611999999998248,0.0,1.2699999999998823,0.5799999999998029,-4.84,-0.8703999999999925,0.19219999999981624,0.0,0.6399999999999739,0.23000000000000798,-4.84,1.129600000000335,0.19219999999981624,0.0,0.6399999999999739,0.23000000000000798,0,0,0,0,0,0,0,0,0,0,0,0,0,0,0,0,0,0,0,0,0,0,0,0,0,0,0,0,0,0,0,0,0,0,0,0,0,0,0,0,0,0,0,0,0,0,0,0,0,0,0,0,0,0,0,0,0,0,0,0,0,0,0,0,0,0,0,0,0,0,0,0,0,0,0,0,0,0,0,0,0,0,0,0,0,0,0,0,0,0,0,0,0,0,0,0,0,0,0,0,0,0,0,0,0,0,0,0,0,0,0,0,0,0,0,0,0,0,0,0,0,0,0,0,0,0,0,0,0,0,0,0,0,0,0,0,0,0,0,0,0,0,0,0,0,0,0,0,0,0
13.502173068,7.136333317593033,-0.16169926944934432,2.300637271575428,3.3151860506144715,0.08678932207226708,-1.1000304225314395,3.2653860506143455,0.08516425843149796,-1.1498304225314544,1.5959956576835932,0.08516425843149796,-1.202501926491754,1.4911942043255184,0.08240639914067457,-1.1694505099660504,-1.78,-3.18,-1.0,0.0,0.0,0.0,-1.78,-1.18,-1.0,0.0,0.0,0.0,-1.78,0.82,-1.0,0.0,0.0,0.0,-1.78,2.82,-1.0,0.0,0.0,0.0,-1.78,-3.18,1.0,0.0,0.0,0.0,-1.78,-1.18,1.0,0.0,0.0,0.0,-1.78,0.82,1.0,0.0,0.0,0.0,-1.78,2.82,1.0,0.0,0.0,0.0,1.52,0.45,-1.0,0.0,0.0,0.0,1.52,2.45,-1.0,0.0,0.0,0.0,1.52,4.45,-1.0,0.0,0.0,0.0,1.52,0.45,1.0,0.0,0.0,0.0,1.52,2.45,1.0,0.0,0.0,0.0,1.52,4.45,1.0,0.0,0.0,0.0,3.22,-1.71,-1.0,0.0,0.0,0.0,3.22,0.29,-1.0,0.0,0.0,0.0,3.22,2.29,-1.0,0.0,0.0,0.0,3.22,-1.71,1.0,0.0,0.0,0.0,3.22,0.29,1.0,0.0,0.0,0.0,3.22,2.29,1.0,0.0,0.0,0.0,9.9,-5.041999999999913,-0.7620000000000554,0.0,-1.1599999999996058,-0.260000000000038,9.9,-3.0419999999998106,-0.7620000000000554,0.0,-1.1600000000000499,-0.260000000000038,6.8,6.873999999999678,2.895999999999813,0.0,1.2699999999998823,0.5799999999998029,-4.84,-0.8319999999999941,0.20599999999981672,0.0,0.6399999999999739,0.23000000000000798,-4.84,1.1680000000003334,0.20599999999981672,0.0,0.6399999999999739,0.23000000000000798,0,0,0,0,0,0,0,0,0,0,0,0,0,0,0,0,0,0,0,0,0,0,0,0,0,0,0,0,0,0,0,0,0,0,0,0,0,0,0,0,0,0,0,0,0,0,0,0,0,0,0,0,0,0,0,0,0,0,0,0,0,0,0,0,0,0,0,0,0,0,0,0,0,0,0,0,0,0,0,0,0,0,0,0,0,0,0,0,0,0,0,0,0,0,0,0,0,0,0,0,0,0,0,0,0,0,0,0,0,0,0,0,0,0,0,0,0,0,0,0,0,0,0,0,0,0,0,0,0,0,0,0,0,0,0,0,0,0,0,0,0,0,0,0,0,0,0,0,0,0
13.602392901,7.331310480629904,-0.15665008684785264,2.2312158042999757,3.222386050614645,0.08240639914067205,-1.1694505099661967,3.2223860506143454,0.08240639914067457,-1.1694505099660504,1.4911942043255184,0.08240639914067457,-1.1694505099660504,1.399179480697339,0.07999799214035719,-1.1388203315623993,-1.78,-3.18,-1.0,0.0,0.0,0.0,-1.78,-1.18,-1.0,0.0,0.0,0.0,-1.78,0.82,-1.0,0.0,0.0,0.0,-1.78,2.82,-1.0,0.0,0.0,0.0,-1.78,-3.18,1.0,0.0,0.0,0.0,-1.78,-1.18,1.0,0.0,0.0,0.0,-1.78,0.82,1.0,0.0,0.0,0.0,-1.78,2.82,1.0,0.0,0.0,0.0,1.52,0.45,-1.0,0.0,0.0,0.0,1.52,2.45,-1.0,0.0,0.0,0.0,1.52,4.45,-1.0,0.0,0.0,0.0,1.52,0.45,1.0,0.0,0.0,0.0,1.52,2.45,1.0,0.0,0.0,0.0,1.52,4.45,1.0,0.0,0.0,0.0,3.22,-1.71,-1.0,0.0,0.0,0.0,3.22,0.29,-1.0,0.0,0.0,0.0,3.22,2.29,-1.0,0.0,0.0,0.0,3.22,-1.71,1.0,0.0,0.0,0.0,3.22,0.29,1.0,0.0,0.0,0.0,3.22,2.29,1.0,0.0,0.0,0.0,9.9,-5.111599999999889,-0.7776000000000577,0.0,-1.1599999999996058,-0.260000000000038,9.9,-3.1115999999998136,-0.7776000000000577,0.0,-1.1600000000000499,-0.260000000000038,6.8,6.950199999999671,2.930799999999801,0.0,1.2699999999998823,0.5799999999998029,-4.84,-0.7935999999999956,0.2197999999998172,0.0,0.6399999999999739,0.23000000000000798,-4.84,1.2064000000003319,0.2197999999998172,0.0,0.6399999999999739,0.23000000000000798,0,0,0,0,0,0,0,0,0,0,0,0,0,0,0,0,0,0,0,0,0,0,0,0,0,0,0,0,0,0,0,0,0,0,0,0,0,0,0,0,0,0,0,0,0,0,0,0,0,0,0,0,0,0,0,0,0,0,0,0,0,0,0,0,0,0,0,0,0,0,0,0,0,0,0,0,0,0,0,0,0,0,0,0,0,0,0,0,0,0,0,0,0,0,0,0,0,0,0,0,0,0,0,0,0,0,0,0,0,0,0,0,0,0,0,0,0,0,0,0,0,0,0,0,0,0,0,0,0,0,0,0,0,0,0,0,0,0,0,0,0,0,0,0,0,0,0,0,0,0
13.702192274,7.459605922654491,-0.1533827317662294,2.1848053460421744,3.1723860506147616,0.07999799214036818,-1.138820331562318,3.1723860506143455,0.07999799214035719,-1.1388203315623993,1.399179480697339,0.07999799214035719,-1.1388203315623993,1.31501044338136,0.07783060502908229,-1.1085911990901907,-1.78,-3.18,-1.0,0.0,0.0,0.0,-1.78,-1.18,-1.0,0.0,0.0,0.0,-1.78,0.82,-1.0,0.0,0.0,0.0,-1.78,2.82,-1.0,0.0,0.0,0.0,-1.78,-3.18,1.0,0.0,0.0,0.0,-1.78,-1.18,1.0,0.0,0.0,0.0,-1.78,0.82,1.0,0.0,0.0,0.0,-1.78,2.82,1.0,0.0,0.0,0.0,1.52,0.45,-1.0,0.0,0.0,0.0,1.52,2.45,-1.0,0.0,0.0,0.0,1.52,4.45,-1.0,0.0,0.0,0.0,1.52,0.45,1.0,0.0,0.0,0.0,1.52,2.45,1.0,0.0,0.0,0.0,1.52,4.45,1.0,0.0,0.0,0.0,3.22,-1.71,-1.0,0.0,0.0,0.0,3.22,0.29,-1.0,0.0,0.0,0.0,3.22,2.29,-1.0,0.0,0.0,0.0,3.22,-1.71,1.0,0.0,0.0,0.0,3.22,0.29,1.0,0.0,0.0,0.0,3.22,2.29,1.0,0.0,0.0,0.0,9.9,-5.157999999999873,-0.7880000000000592,0.0,-1.1599999999996058,-0.260000000000038,9.9,-3.1579999999998156,-0.7880000000000592,0.0,-1.1600000000000499,-0.260000000000038,6.8,7.000999999999666,2.9539999999997932,0.0,1.2699999999998823,0.5799999999998029,-4.84,-0.7679999999999967,0.22899999999981752,0.0,0.6399999999999739,0.23000000000000798,-4.84,1.2320000000003308,0.22899999999981752,0.0,0.6399999999999739,0.23000000000000798,0,0,0,0,0,0,0,0,0,0,0,0,0,0,0,0,0,0,0,0,0,0,0,0,0,0,0,0,0,0,0,0,0,0,0,0,0,0,0,0,0,0,0,0,0,0,0,0,0,0,0,0,0,0,0,0,0,0,0,0,0,0,0,0,0,0,0,0,0,0,0,0,0,0,0,0,0,0,0,0,0,0,0,0,0,0,0,0,0,0,0,0,0,0,0,0,0,0,0,0,0,0,0,0,0,0,0,0,0,0,0,0,0,0,0,0,0,0,0,0,0,0,0,0,0,0,0,0,0,0,0,0,0,0,0,0,0,0,0,0,0,0,0,0,0,0,0,0,0,0
13.801632907,7.6489290856913765,-0.148626199980033,2.1170807087978813,3.1213860506147384,0.07783060502908334,-1.1085911990900144,3.1213860506143454,0.07783060502908229,-1.1085911990901907,1.31501044338136,0.07783060502908229,-1.1085911990901907,1.2418125319040958,0.07597559437449035,-1.0822132279492138,-1.78,-3.18,-1.0,0.0,0.0,0.0,-1.78,-1.18,-1.0,0.0,0.0,0.0,-1.78,0.82,-1.0,0.0,0.0,0.0,-1.78,2.82,-1.0,0.0,0.0,0.0,-1.78,-3.18,1.0,0.0,0.0,0.0,-1.78,-1.18,1.0,0.0,0.0,0.0,-1.78,0.82,1.0,0.0,0.0,0.0,-1.78,2.82,1.0,0.0,0.0,0.0,1.52,0.45,-1.0,0.0,0.0,0.0,1.52,2.45,-1.0,0.0,0.0,0.0,1.52,4.45,-1.0,0.0,0.0,0.0,1.52,0.45,1.0,0.0,0.0,0.0,1.52,2.45,1.0,0.0,0.0,0.0,1.52,4.45,1.0,0.0,0.0,0.0,3.22,-1.71,-1.0,0.0,0.0,0.0,3.22,0.29,-1.0,0.0,0.0,0.0,3.22,2.29,-1.0,0.0,0.0,0.0,3.22,-1.71,1.0,0.0,0.0,0.0,3.22,0.29,1.0,0.0,0.0,0.0,3.22,2.29,1.0,0.0,0.0,0.0,9.9,-5.22759999999985,-0.8036000000000615,0.0,-1.1599999999996058,-0.260000000000038,9.9,-3.2275999999998186,-0.8036000000000615,0.0,-1.1600000000000499,-0.260000000000038,6.8,7.077199999999659,2.9887999999997814,0.0,1.2699999999998823,0.5799999999998029,-4.84,-0.7295999999999982,0.242799999999818,0.0,0.6399999999999739,0.23000000000000798,-4.84,1.2704000000003293,0.242799999999818,0.0,0.6399999999999739,0.23000000000000798,0,0,0,0,0,0,0,0,0,0,0,0,0,0,0,0,0,0,0,0,0,0,0,0,0,0,0,0,0,0,0,0,0,0,0,0,0,0,0,0,0,0,0,0,0,0,0,0,0,0,0,0,0,0,0,0,0,0,0,0,0,0,0,0,0,0,0,0,0,0,0,0,0,0,0,0,0,0,0,0,0,0,0,0,0,0,0,0,0,0,0,0,0,0,0,0,0,0,0,0,0,0,0,0,0,0,0,0,0,0,0,0,0,0,0,0,0,0,0,0,0,0,0,0,0,0,0,0,0,0,0,0,0,0,0,0,0,0,0,0,0,0,0,0,0,0,0,0,0,0
13.900409619,7.957517690752843,-0.14093589000985385,2.0075404874459144,3.050386050614584,0.07597559437449997,-1.0822132279493246,3.050386050614345,0.07597559437449035,-1.0822132279492138,1.2418125319040958,0.07597559437449035,-1.0822132279492138,1.142760903622857,0.07349587863721113,-1.0469001468084955,-1.78,-3.18,-1.0,0.0,0.0,0.0,-1.78,-1.18,-1.0,0.0,0.0,0.0,-1.78,0.82,-1.0,0.0,0.0,0.0,-1.78,2.82,-1.0,0.0,0.0,0.0,-1.78,-3.18,1.0,0.0,0.0,0.0,-1.78,-1.18,1.0,0.0,0.0,0.0,-1.78,0.82,1.0,0.0,0.0,0.0,-1.78,2.82,1.0,0.0,0.0,0.0,1.52,0.45,-1.0,0.0,0.0,0.0,1.52,2.45,-1.0,0.0,0.0,0.0,1.52,4.45,-1.0,0.0,0.0,0.0,1.52,0.45,1.0,0.0,0.0,0.0,1.52,2.45,1.0,0.0,0.0,0.0,1.52,4.45,1.0,0.0,0.0,0.0,3.22,-1.71,-1.0,0.0,0.0,0.0,3.22,0.29,-1.0,0.0,0.0,0.0,3.22,2.29,-1.0,0.0,0.0,0.0,3.22,-1.71,1.0,0.0,0.0,0.0,3.22,0.29,1.0,0.0,0.0,0.0,3.22,2.29,1.0,0.0,0.0,0.0,9.9,-5.343599999999814,-0.8296000000000653,0.0,-1.159999999999961,-0.260000000000038,9.9,-3.3435999999998236,-0.8296000000000653,0.0,-1.1600000000000499,-0.260000000000038,6.8,7.2041999999996476,3.0467999999997617,0.0,1.2699999999998823,0.5799999999998029,-4.84,-0.6656000000000009,0.2657999999998188,0.0,0.6399999999999739,0.23000000000000798,-4.84,1.3344000000003267,0.2657999999998188,0.0,0.6399999999999739,0.23000000000000798,0,0,0,0,0,0,0,0,0,0,0,0,0,0,0,0,0,0,0,0,0,0,0,0,0,0,0,0,0,0,0,0,0,0,0,0,0,0,0,0,0,0,0,0,0,0,0,0,0,0,0,0,0,0,0,0,0,0,0,0,0,0,0,0,0,0,0,0,0,0,0,0,0,0,0,0,0,0,0,0,0,0,0,0,0,0,0,0,0,0,0,0,0,0,0,0,0,0,0,0,0,0,0,0,0,0,0,0,0,0,0,0,0,0,0,0,0,0,0,0,0,0,0,0,0,0,0,0,0,0,0,0,0,0,0,0,0,0,0,0,0,0,0,0,0,0,0,0,0,0
14.00107649,8.197579574801962,-0.13497934853102167,1.9226937701858675,2.9693860506139202,0.07349587863719753,-1.046900146808527,2.9693860506143452,0.07349587863721113,-1.0469001468084955,1.142760903622857,0.07349587863721113,-1.0469001468084955,1.0014136452945857,0.06997410364149267,-0.9967358577412866,-1.78,-3.18,-1.0,0.0,0.0,0.0,-1.78,-1.18,-1.0,0.0,0.0,0.0,-1.78,0.82,-1.0,0.0,0.0,0.0,-1.78,2.82,-1.0,0.0,0.0,0.0,-1.78,-3.18,1.0,0.0,0.0,0.0,-1.78,-1.18,1.0,0.0,0.0,0.0,-1.78,0.82,1.0,0.0,0.0,0.0,-1.78,2.82,1.0,0.0,0.0,0.0,1.52,0.45,-1.0,0.0,0.0,0.0,1.52,2.45,-1.0,0.0,0.0,0.0,1.52,4.45,-1.0,0.0,0.0,0.0,1.52,0.45,1.0,0.0,0.0,0.0,1.52,2.45,1.0,0.0,0.0,0.0,1.52,4.45,1.0,0.0,0.0,0.0,3.22,-1.71,-1.0,0.0,0.0,0.0,3.22,0.29,-1.0,0.0,0.0,0.0,3.22,2.29,-1.0,0.0,0.0,0.0,3.22,-1.71,1.0,0.0,0.0,0.0,3.22,0.29,1.0,0.0,0.0,0.0,3.22,2.29,1.0,0.0,0.0,0.0,9.9,-5.436399999999818,-0.8504000000000683,0.0,-1.1600000000000499,-0.260000000000038,9.9,-3.4363999999998276,-0.8504000000000683,0.0,-1.1600000000000499,-0.260000000000038,6.8,7.305799999999638,3.093199999999746,0.0,1.2699999999998823,0.5799999999998029,-4.84,-0.6144000000000029,0.28419999999981943,0.0,0.6399999999999739,0.23000000000000798,-4.84,1.3856000000003246,0.28419999999981943,0.0,0.6399999999999739,0.23000000000000798,0,0,0,0,0,0,0,0,0,0,0,0,0,0,0,0,0,0,0,0,0,0,0,0,0,0,0,0,0,0,0,0,0,0,0,0,0,0,0,0,0,0,0,0,0,0,0,0,0,0,0,0,0,0,0,0,0,0,0,0,0,0,0,0,0,0,0,0,0,0,0,0,0,0,0,0,0,0,0,0,0,0,0,0,0,0,0,0,0,0,0,0,0,0,0,0,0,0,0,0,0,0,0,0,0,0,0,0,0,0,0,0,0,0,0,0,0,0,0,0,0,0,0,0,0,0,0,0,0,0,0,0,0,0,0,0,0,0,0,0,0,0,0,0,0,0,0,0,0,0
14.102158969,8.31563501682653,-0.13207120936049518,1.8812692429151325,2.8973860506150473,0.07032628114105599,-1.0017522866479167,2.889386050614345,0.06997410364149267,-0.9967358577412866,1.0014136452945857,0.06997410364149267,-0.9967358577412866,0.8789398172194147,0.06693845517573185,-0.9534951339918698,-1.78,-3.18,-1.0,0.0,0.0,0.0,-1.78,-1.18,-1.0,0.0,0.0,0.0,-1.78,0.82,-1.0,0.0,0.0,0.0,-1.78,2.82,-1.0,0.0,0.0,0.0,-1.78,-3.18,1.0,0.0,0.0,0.0,-1.78,-1.18,1.0,0.0,0.0,0.0,-1.78,0.82,1.0,0.0,0.0,0.0,-1.78,2.82,1.0,0.0,0.0,0.0,1.52,0.45,-1.0,0.0,0.0,0.0,1.52,2.45,-1.0,0.0,0.0,0.0,1.52,4.45,-1.0,0.0,0.0,0.0,1.52,0.45,1.0,0.0,0.0,0.0,1.52,2.45,1.0,0.0,0.0,0.0,1.52,4.45,1.0,0.0,0.0,0.0,3.22,-1.71,-1.0,0.0,0.0,0.0,3.22,0.29,-1.0,0.0,0.0,0.0,3.22,2.29,-1.0,0.0,0.0,0.0,3.22,-1.71,1.0,0.0,0.0,0.0,3.22,0.29,1.0,0.0,0.0,0.0,3.22,2.29,1.0,0.0,0.0,0.0,9.9,-5.48279999999982,-0.8608000000000698,0.0,-1.1600000000000499,-0.260000000000038,9.9,-3.4827999999998296,-0.8608000000000698,0.0,-1.1600000000000499,-0.260000000000038,6.8,7.356599999999633,3.116399999999738,0.0,1.2699999999998823,0.5799999999998029,-4.84,-0.588800000000004,0.29339999999981975,0.0,0.6399999999999739,0.23000000000000798,-4.84,1.4112000000003235,0.29339999999981975,0.0,0.6399999999999739,0.23000000000000798,0,0,0,0,0,0,0,0,0,0,0,0,0,0,0,0,0,0,0,0,0,0,0,0,0,0,0,0,0,0,0,0,0,0,0,0,0,0,0,0,0,0,0,0,0,0,0,0,0,0,0,0,0,0,0,0,0,0,0,0,0,0,0,0,0,0,0,0,0,0,0,0,0,0,0,0,0,0,0,0,0,0,0,0,0,0,0,0,0,0,0,0,0,0,0,0,0,0,0,0,0,0,0,0,0,0,0,0,0,0,0,0,0,0,0,0,0,0,0,0,0,0,0,0,0,0,0,0,0,0,0,0,0,0,0,0,0,0,0,0,0,0,0,0,0,0,0,0,0,0
14.201122904,8.488048179863409,-0.12793044046285565,1.8222866652019,2.8393860506135127,0.06693845517571906,-0.9534951339917885,2.8393860506143453,0.06693845517573185,-0.9534951339918698,0.8789398172194147,0.06693845517573185,-0.9534951339918698,0.8190674031818137,0.06547581185111571,-0.9326607345956368,-1.78,-3.18,-1.0,0.0,0.0,0.0,-1.78,-1.18,-1.0,0.0,0.0,0.0,-1.78,0.82,-1.0,0.0,0.0,0.0,-1.78,2.82,-1.0,0.0,0.0,0.0,-1.78,-3.18,1.0,0.0,0.0,0.0,-1.78,-1.18,1.0,0.0,0.0,0.0,-1.78,0.82,1.0,0.0,0.0,0.0,-1.78,2.82,1.0,0.0,0.0,0.0,1.52,0.45,-1.0,0.0,0.0,0.0,1.52,2.45,-1.0,0.0,0.0,0.0,1.52,4.45,-1.0,0.0,0.0,0.0,1.52,0.45,1.0,0.0,0.0,0.0,1.52,2.45,1.0,0.0,0.0,0.0,1.52,4.45,1.0,0.0,0.0,0.0,3.22,-1.71,-1.0,0.0,0.0,0.0,3.22,0.29,-1.0,0.0,0.0,0.0,3.22,2.29,-1.0,0.0,0.0,0.0,3.22,-1.71,1.0,0.0,0.0,0.0,3.22,0.29,1.0,0.0,0.0,0.0,3.22,2.29,1.0,0.0,0.0,0.0,9.9,-5.552399999999823,-0.8764000000000721,0.0,-1.1600000000000499,-0.260000000000038,9.9,-3.5523999999998326,-0.8764000000000721,0.0,-1.1600000000000499,-0.260000000000038,6.8,7.432799999999626,3.151199999999726,0.0,1.2699999999998823,0.5799999999998029,-4.84,-0.5504000000000056,0.30719999999982023,0.0,0.6399999999999739,0.23000000000000798,-4.84,1.449600000000322,0.30719999999982023,0.0,0.6399999999999739,0.23000000000000798,0,0,0,0,0,0,0,0,0,0,0,0,0,0,0,0,0,0,0,0,0,0,0,0,0,0,0,0,0,0,0,0,0,0,0,0,0,0,0,0,0,0,0,0,0,0,0,0,0,0,0,0,0,0,0,0,0,0,0,0,0,0,0,0,0,0,0,0,0,0,0,0,0,0,0,0,0,0,0,0,0,0,0,0,0,0,0,0,0,0,0,0,0,0,0,0,0,0,0,0,0,0,0,0,0,0,0,0,0,0,0,0,0,0,0,0,0,0,0,0,0,0,0,0,0,0,0,0,0,0,0,0,0,0,0,0,0,0,0,0,0,0,0,0,0,0,0,0,0,0
14.300775958,8.71287906391252,-0.12263386978178246,1.746840430458403,2.7813860506142873,0.06547581185110951,-0.9326607345956361,2.7813860506143455,0.06547581185111571,-0.9326607345956368,0.8190674031818137,0.06547581185111571,-0.9326607345956368,0.7275820495621605,0.06329583567967063,-0.9016083812610322,-1.78,-3.18,-1.0,0.0,0.0,0.0,-1.78,-1.18,-1.0,0.0,0.0,0.0,-1.78,0.82,-1.0,0.0,0.0,0.0,-1.78,2.82,-1.0,0.0,0.0,0.0,-1.78,-3.18,1.0,0.0,0.0,0.0,-1.78,-1.18,1.0,0.0,0.0,0.0,-1.78,0.82,1.0,0.0,0.0,0.0,-1.78,2.82,1.0,0.0,0.0,0.0,1.52,0.45,-1.0,0.0,0.0,0.0,1.52,2.45,-1.0,0.0,0.0,0.0,1.52,4.45,-1.0,0.0,0.0,0.0,1.52,0.45,1.0,0.0,0.0,0.0,1.52,2.45,1.0,0.0,0.0,0.0,1.52,4.45,1.0,0.0,0.0,0.0,3.22,-1.71,-1.0,0.0,0.0,0.0,3.22,0.29,-1.0,0.0,0.0,0.0,3.22,2.29,-1.0,0.0,0.0,0.0,3.22,-1.71,1.0,0.0,0.0,0.0,3.22,0.29,1.0,0.0,0.0,0.0,3.22,2.29,1.0,0.0,0.0,0.0,9.9,-5.645199999999827,-0.8972000000000752,0.0,-1.1600000000000499,-0.260000000000038,9.9,-3.6451999999998366,-0.8972000000000752,0.0,-1.1600000000000499,-0.260000000000038,6.8,7.534399999999617,3.1975999999997105,0.0,1.2699999999998823,0.5799999999998029,-4.84,-0.49920000000000764,0.32559999999982087,0.0,0.6399999999999739,0.23000000000000798,-4.84,1.5008000000003199,0.32559999999982087,0.0,0.6399999999999739,0.23000000000000798,0,0,0,0,0,0,0,0,0,0,0,0,0,0,0,0,0,0,0,0,0,0,0,0,0,0,0,0,0,0,0,0,0,0,0,0,0,0,0,0,0,0,0,0,0,0,0,0,0,0,0,0,0,0,0,0,0,0,0,0,0,0,0,0,0,0,0,0,0,0,0,0,0,0,0,0,0,0,0,0,0,0,0,0,0,0,0,0,0,0,0,0,0,0,0,0,0,0,0,0,0,0,0,0,0,0,0,0,0,0,0,0,0,0,0,0,0,0,0,0,0,0,0,0,0,0,0,0,0,0,0,0,0,0,0,0,0,0,0,0,0,0,0,0,0,0,0,0,0,0
14.40209175,8.877764226949386,-0.11876418042734478,1.691719199922701,2.707386050614602,0.06329583567966923,-0.9016083812609654,2.7073860506143457,0.06329583567967063,-0.9016083812610322,0.7275820495621605,0.06329583567967063,-0.9016083812610322,0.6227000726641325,0.06082586630200791,-0.8664252597197343,-1.78,-3.18,-1.0,0.0,0.0,0.0,-1.78,-1.18,-1.0,0.0,0.0,0.0,-1.78,0.82,-1.0,0.0,0.0,0.0,-1.78,2.82,-1.0,0.0,0.0,0.0,-1.78,-3.18,1.0,0.0,0.0,0.0,-1.78,-1.18,1.0,0.0,0.0,0.0,-1.78,0.82,1.0,0.0,0.0,0.0,-1.78,2.82,1.0,0.0,0.0,0.0,1.52,0.45,-1.0,0.0,0.0,0.0,1.52,2.45,-1.0,0.0,0.0,0.0,1.52,4.45,-1.0,0.0,0.0,0.0,1.52,0.45,1.0,0.0,0.0,0.0,1.52,2.45,1.0,0.0,0.0,0.0,1.52,4.45,1.0,0.0,0.0,0.0,3.22,-1.71,-1.0,0.0,0.0,0.0,3.22,0.29,-1.0,0.0,0.0,0.0,3.22,2.29,-1.0,0.0,0.0,0.0,3.22,-1.71,1.0,0.0,0.0,0.0,3.22,0.29,1.0,0.0,0.0,0.0,3.22,2.29,1.0,0.0,0.0,0.0,9.9,-5.71479999999983,-0.9128000000000774,0.0,-1.1600000000000499,-0.260000000000038,9.9,-3.7147999999998396,-0.9128000000000774,0.0,-1.1600000000000499,-0.260000000000038,6.8,7.61059999999961,3.2323999999996986,0.0,1.2699999999998823,0.5799999999998029,-4.84,-0.4608000000000092,0.33939999999982134,0.0,0.6399999999999739,0.23000000000000798,-4.84,1.5392000000003183,0.33939999999982134,0.0,0.6399999999999739,0.23000000000000798,0,0,0,0,0,0,0,0,0,0,0,0,0,0,0,0,0,0,0,0,0,0,0,0,0,0,0,0,0,0,0,0,0,0,0,0,0,0,0,0,0,0,0,0,0,0,0,0,0,0,0,0,0,0,0,0,0,0,0,0,0,0,0,0,0,0,0,0,0,0,0,0,0,0,0,0,0,0,0,0,0,0,0,0,0,0,0,0,0,0,0,0,0,0,0,0,0,0,0,0,0,0,0,0,0,0,0,0,0,0,0,0,0,0,0,0,0,0,0,0,0,0,0,0,0,0,0,0,0,0,0,0,0,0,0,0,0,0,0,0,0,0,0,0,0,0,0,0,0,0
