time_elapsed,pos_x,pos_y,pos_z,vel_x,vel_y,vel_z,cmd_vel_x,cmd_vel_y,cmd_vel_z,cmd_vel_unfiltered_x,cmd_vel_unfiltered_y,cmd_vel_unfiltered_z,desired_vel_x,desired_vel_y,desired_vel_z,obs_1_pos_x,obs_1_pos_y,obs_1_pos_z,obs_1_vel_x,obs_1_vel_y,obs_1_vel_z,obs_2_pos_x,obs_2_pos_y,obs_2_pos_z,obs_2_vel_x,obs_2_vel_y,obs_2_vel_z,obs_3_pos_x,obs_3_pos_y,obs_3_pos_z,obs_3_vel_x,obs_3_vel_y,obs_3_vel_z,obs_4_pos_x,obs_4_pos_y,obs_4_pos_z,obs_4_vel_x,obs_4_vel_y,obs_4_vel_z,obs_5_pos_x,obs_5_pos_y,obs_5_pos_z,obs_5_vel_x,obs_5_vel_y,obs_5_vel_z,obs_6_pos_x,obs_6_pos_y,obs_6_pos_z,obs_6_vel_x,obs_6_vel_y,obs_6_vel_z,obs_7_pos_x,obs_7_pos_y,obs_7_pos_z,obs_7_vel_x,obs_7_vel_y,obs_7_vel_z,obs_8_pos_x,obs_8_pos_y,obs_8_pos_z,obs_8_vel_x,obs_8_vel_y,obs_8_vel_z,obs_9_pos_x,obs_9_pos_y,obs_9_pos_z,obs_9_vel_x,obs_9_vel_y,obs_9_vel_z,obs_10_pos_x,obs_10_pos_y,obs_10_pos_z,obs_10_vel_x,obs_10_vel_y,obs_10_vel_z,obs_11_pos_x,obs_11_pos_y,obs_11_pos_z,obs_11_vel_x,obs_11_vel_y,obs_11_vel_z,obs_12_pos_x,obs_12_pos_y,obs_12_pos_z,obs_12_vel_x,obs_12_vel_y,obs_12_vel_z,obs_13_pos_x,obs_13_pos_y,obs_13_pos_z,obs_13_vel_x,obs_13_vel_y,obs_13_vel_z,obs_14_pos_x,obs_14_pos_y,obs_14_pos_z,obs_14_vel_x,obs_14_vel_y,obs_14_vel_z,obs_15_pos_x,obs_15_pos_y,obs_15_pos_z,obs_15_vel_x,obs_15_vel_y,obs_15_vel_z,obs_16_pos_x,obs_16_pos_y,obs_16_pos_z,obs_16_vel_x,obs_16_vel_y,obs_16_vel_z,obs_17_pos_x,obs_17_pos_y,obs_17_pos_z,obs_17_vel_x,obs_17_vel_y,obs_17_vel_z,obs_18_pos_x,obs_18_pos_y,obs_18_pos_z,obs_18_vel_x,obs_18_vel_y,obs_18_vel_z,obs_19_pos_x,obs_19_pos_y,obs_19_pos_z,obs_19_vel_x,obs_19_vel_y,obs_19_vel_z,obs_20_pos_x,obs_20_pos_y,obs_20_pos_z,obs_20_vel_x,obs_20_vel_y,obs_20_vel_z,obs_21_pos_x,obs_21_pos_y,obs_21_pos_z,obs_21_vel_x,obs_21_vel_y,obs_21_vel_z,obs_22_pos_x,obs_22_pos_y,obs_22_pos_z,obs_22_vel_x,obs_22_vel_y,obs_22_vel_z,obs_23_pos_x,obs_23_pos_y,obs_23_pos_z,obs_23_vel_x,obs_23_vel_y,obs_23_vel_z,obs_24_pos_x,obs_24_pos_y,obs_24_pos_z,obs_24_vel_x,obs_24_vel_y,obs_24_vel_z,obs_25_pos_x,obs_25_pos_y,obs_25_pos_z,obs_25_vel_x,obs_25_vel_y,obs_25_vel_z,obs_26_pos_x,obs_26_pos_y,obs_26_pos_z,obs_26_vel_x,obs_26_vel_y,obs_26_vel_z,obs_27_pos_x,obs_27_pos_y,obs_27_pos_z,obs_27_vel_x,obs_27_vel_y,obs_27_vel_z,obs_28_pos_x,obs_28_pos_y,obs_28_pos_z,obs_28_vel_x,obs_28_vel_y,obs_28_vel_z,obs_29_pos_x,obs_29_pos_y,obs_29_pos_z,obs_29_vel_x,obs_29_vel_y,obs_29_vel_z,obs_30_pos_x,obs_30_pos_y,obs_30_pos_z,obs_30_vel_x,obs_30_vel_y,obs_30_vel_z,obs_31_pos_x,obs_31_pos_y,obs_31_pos_z,obs_31_vel_x,obs_31_vel_y,obs_31_vel_z,obs_32_pos_x,obs_32_pos_y,obs_32_pos_z,obs_32_vel_x,obs_32_vel_y,obs_32_vel_z,obs_33_pos_x,obs_33_pos_y,obs_33_pos_z,obs_33_vel_x,obs_33_vel_y,obs_33_vel_z,obs_34_pos_x,obs_34_pos_y,obs_34_pos_z,obs_34_vel_x,obs_34_vel_y,obs_34_vel_z,obs_35_pos_x,obs_35_pos_y,obs_35_pos_z,obs_35_vel_x,obs_35_vel_y,obs_35_vel_z,obs_36_pos_x,obs_36_pos_y,obs_36_pos_z,obs_36_vel_x,obs_36_vel_y,obs_36_vel_z,obs_37_pos_x,obs_37_pos_y,obs_37_pos_z,obs_37_vel_x,obs_37_vel_y,obs_37_vel_z,obs_38_pos_x,obs_38_pos_y,obs_38_pos_z,obs_38_vel_x,obs_38_vel_y,obs_38_vel_z,obs_39_pos_x,obs_39_pos_y,obs_39_pos_z,obs_39_vel_x,obs_39_vel_y,obs_39_vel_z,obs_40_pos_x,obs_40_pos_y,obs_40_pos_z,obs_40_vel_x,obs_40_vel_y,obs_40_vel_z,obs_41_pos_x,obs_41_pos_y,obs_41_pos_z,obs_41_vel_x,obs_41_vel_y,obs_41_vel_z,obs_42_pos_x,obs_42_pos_y,obs_42_pos_z,obs_42_vel_x,obs_42_vel_y,obs_42_vel_z,obs_43_pos_x,obs_43_pos_y,obs_43_pos_z,obs_43_vel_x,obs_43_vel_y,obs_43_vel_z,obs_44_pos_x,obs_44_pos_y,obs_44_pos_z,obs_44_vel_x,obs_44_vel_y,obs_44_vel_z,obs_45_pos_x,obs_45_pos_y,obs_45_pos_z,obs_45_vel_x,obs_45_vel_y,obs_45_vel_z,obs_46_pos_x,obs_46_pos_y,obs_46_pos_z,obs_46_vel_x,obs_46_vel_y,obs_46_vel_z,obs_47_pos_x,obs_47_pos_y,obs_47_pos_z,obs_47_vel_x,obs_47_vel_y,obs_47_vel_z,obs_48_pos_x,obs_48_pos_y,obs_48_pos_z,obs_48_vel_x,obs_48_vel_y,obs_48_vel_z,obs_49_pos_x,obs_49_pos_y,obs_49_pos_z,obs_49_vel_x,obs_49_vel_y,obs_49_vel_z,obs_50_pos_x,obs_50_pos_y,obs_50_pos_z,obs_50_vel_x,obs_50_vel_y,obs_50_vel_z
3.104756257,-10.0,0.0,0.0,0.0,0.0,0.0,0,0,0,0,0,0,5.0,0.0,0.0,-2.86,-2.0,-1.0,0.0,0.0,0.0,-2.86,0.0,-1.0,0.0,0.0,0.0,-2.86,-2.0,1.0,0.0,0.0,0.0,-2.86,0.0,1.0,0.0,0.0,0.0,7.32,-4.69,-1.0,0.0,0.0,0.0,7.32,-2.69,-1.0,0.0,0.0,0.0,7.32,-0.69,-1.0,0.0,0.0,0.0,7.32,1.31,-1.0,0.0,0.0,0.0,7.32,-4.69,1.0,0.0,0.0,0.0,7.32,-2.69,1.0,0.0,0.0,0.0,7.32,-0.69,1.0,0.0,0.0,0.0,7.32,1.31,1.0,0.0,0.0,0.0,1.54,0.3615999999999993,-0.3312000000000001,0.0,-0.7300000000000084,0.10999999999999899,1.54,2.376200000000006,-0.3334000000000001,0.0,-0.7299999999998974,0.10999999999999899,0,0,0,0,0,0,0,0,0,0,0,0,0,0,0,0,0,0,0,0,0,0,0,0,0,0,0,0,0,0,0,0,0,0,0,0,0,0,0,0,0,0,0,0,0,0,0,0,0,0,0,0,0,0,0,0,0,0,0,0,0,0,0,0,0,0,0,0,0,0,0,0,0,0,0,0,0,0,0,0,0,0,0,0,0,0,0,0,0,0,0,0,0,0,0,0,0,0,0,0,0,0,0,0,0,0,0,0,0,0,0,0,0,0,0,0,0,0,0,0,0,0,0,0,0,0,0,0,0,0,0,0,0,0,0,0,0,0,0,0,0,0,0,0,0,0,0,0,0,0,0,0,0,0,0,0,0,0,0,0,0,0,0,0,0,0,0,0,0,0,0,0,0,0,0,0,0,0,0,0,0,0,0,0,0,0,0,0,0,0,0,0,0,0,0,0,0,0,0,0,0,0,0,0,0,0,0,0,0,0,0,0,0,0,0,0
3.201803187,-10.0,0.0,0.0,0.0,0.0,0.0,0,0,0,0,0,0,5.0,0.0,0.0,-2.86,-2.0,-1.0,0.0,0.0,0.0,-2.86,0.0,-1.0,0.0,0.0,0.0,-2.86,-2.0,1.0,0.0,0.0,0.0,-2.86,0.0,1.0,0.0,0.0,0.0,7.32,-4.69,-1.0,0.0,0.0,0.0,7.32,-2.69,-1.0,0.0,0.0,0.0,7.32,-0.69,-1.0,0.0,0.0,0.0,7.32,1.31,-1.0,0.0,0.0,0.0,7.32,-4.69,1.0,0.0,0.0,0.0,7.32,-2.69,1.0,0.0,0.0,0.0,7.32,-0.69,1.0,0.0,0.0,0.0,7.32,1.31,1.0,0.0,0.0,0.0,1.54,0.3177999999999988,-0.32460000000000017,0.0,-0.7300000000000084,0.10999999999999899,1.54,2.3178000000000143,-0.32460000000000017,0.0,-0.7299999999998974,0.10999999999999899,0,0,0,0,0,0,0,0,0,0,0,0,0,0,0,0,0,0,0,0,0,0,0,0,0,0,0,0,0,0,0,0,0,0,0,0,0,0,0,0,0,0,0,0,0,0,0,0,0,0,0,0,0,0,0,0,0,0,0,0,0,0,0,0,0,0,0,0,0,0,0,0,0,0,0,0,0,0,0,0,0,0,0,0,0,0,0,0,0,0,0,0,0,0,0,0,0,0,0,0,0,0,0,0,0,0,0,0,0,0,0,0,0,0,0,0,0,0,0,0,0,0,0,0,0,0,0,0,0,0,0,0,0,0,0,0,0,0,0,0,0,0,0,0,0,0,0,0,0,0,0,0,0,0,0,0,0,0,0,0,0,0,0,0,0,0,0,0,0,0,0,0,0,0,0,0,0,0,0,0,0,0,0,0,0,0,0,0,0,0,0,0,0,0,0,0,0,0,0,0,0,0,0,0,0,0,0,0,0,0,0,0,0,0,0,0
3.300793969,-10.0,0.0,0.0,0.0,0.0,0.0,0,0,0,0,0,0,5.0,0.0,0.0,-2.86,-2.0,-1.0,0.0,0.0,0.0,-2.86,0.0,-1.0,0.0,0.0,0.0,-2.86,-2.0,1.0,0.0,0.0,0.0,-2.86,0.0,1.0,0.0,0.0,0.0,7.32,-4.69,-1.0,0.0,0.0,0.0,7.32,-2.69,-1.0,0.0,0.0,0.0,7.32,-0.69,-1.0,0.0,0.0,0.0,7.32,1.31,-1.0,0.0,0.0,0.0,7.32,-4.69,1.0,0.0,0.0,0.0,7.32,-2.69,1.0,0.0,0.0,0.0,7.32,-0.69,1.0,0.0,0.0,0.0,7.32,1.31,1.0,0.0,0.0,0.0,1.54,0.28859999999999847,-0.3202000000000002,0.0,-0.7300000000000084,0.10999999999999899,1.54,2.2886000000000184,-0.3202000000000002,0.0,-0.7299999999998974,0.10999999999999899,0,0,0,0,0,0,0,0,0,0,0,0,0,0,0,0,0,0,0,0,0,0,0,0,0,0,0,0,0,0,0,0,0,0,0,0,0,0,0,0,0,0,0,0,0,0,0,0,0,0,0,0,0,0,0,0,0,0,0,0,0,0,0,0,0,0,0,0,0,0,0,0,0,0,0,0,0,0,0,0,0,0,0,0,0,0,0,0,0,0,0,0,0,0,0,0,0,0,0,0,0,0,0,0,0,0,0,0,0,0,0,0,0,0,0,0,0,0,0,0,0,0,0,0,0,0,0,0,0,0,0,0,0,0,0,0,0,0,0,0,0,0,0,0,0,0,0,0,0,0,0,0,0,0,0,0,0,0,0,0,0,0,0,0,0,0,0,0,0,0,0,0,0,0,0,0,0,0,0,0,0,0,0,0,0,0,0,0,0,0,0,0,0,0,0,0,0,0,0,0,0,0,0,0,0,0,0,0,0,0,0,0,0,0,0,0
3.401669166,-10.0,0.0,0.0,0.0,0.0,0.0,0,0,0,0,0,0,5.0,0.0,0.0,-2.86,-2.0,-1.0,0.0,0.0,0.0,-2.86,0.0,-1.0,0.0,0.0,0.0,-2.86,-2.0,1.0,0.0,0.0,0.0,-2.86,0.0,1.0,0.0,0.0,0.0,7.32,-4.69,-1.0,0.0,0.0,0.0,7.32,-2.69,-1.0,0.0,0.0,0.0,7.32,-0.69,-1.0,0.0,0.0,0.0,7.32,1.31,-1.0,0.0,0.0,0.0,7.32,-4.69,1.0,0.0,0.0,0.0,7.32,-2.69,1.0,0.0,0.0,0.0,7.32,-0.69,1.0,0.0,0.0,0.0,7.32,1.31,1.0,0.0,0.0,0.0,1.54,0.2301999999999978,-0.3114000000000003,0.0,-0.7300000000000084,0.10999999999999899,1.54,2.2302000000000266,-0.3114000000000003,0.0,-0.7299999999998974,0.10999999999999899,0,0,0,0,0,0,0,0,0,0,0,0,0,0,0,0,0,0,0,0,0,0,0,0,0,0,0,0,0,0,0,0,0,0,0,0,0,0,0,0,0,0,0,0,0,0,0,0,0,0,0,0,0,0,0,0,0,0,0,0,0,0,0,0,0,0,0,0,0,0,0,0,0,0,0,0,0,0,0,0,0,0,0,0,0,0,0,0,0,0,0,0,0,0,0,0,0,0,0,0,0,0,0,0,0,0,0,0,0,0,0,0,0,0,0,0,0,0,0,0,0,0,0,0,0,0,0,0,0,0,0,0,0,0,0,0,0,0,0,0,0,0,0,0,0,0,0,0,0,0,0,0,0,0,0,0,0,0,0,0,0,0,0,0,0,0,0,0,0,0,0,0,0,0,0,0,0,0,0,0,0,0,0,0,0,0,0,0,0,0,0,0,0,0,0,0,0,0,0,0,0,0,0,0,0,0,0,0,0,0,0,0,0,0,0,0
3.502448934,-10.0,0.0,0.0,0.0,0.0,0.0,0,0,0,0,0,0,5.0,0.0,0.0,-2.86,-2.0,-1.0,0.0,0.0,0.0,-2.86,0.0,-1.0,0.0,0.0,0.0,-2.86,-2.0,1.0,0.0,0.0,0.0,-2.86,0.0,1.0,0.0,0.0,0.0,7.32,-4.69,-1.0,0.0,0.0,0.0,7.32,-2.69,-1.0,0.0,0.0,0.0,7.32,-0.69,-1.0,0.0,0.0,0.0,7.32,1.31,-1.0,0.0,0.0,0.0,7.32,-4.69,1.0,0.0,0.0,0.0,7.32,-2.69,1.0,0.0,0.0,0.0,7.32,-0.69,1.0,0.0,0.0,0.0,7.32,1.31,1.0,0.0,0.0,0.0,1.54,0.1863999999999973,-0.30480000000000035,0.0,-0.7300000000000084,0.10999999999999899,1.54,2.1864000000000328,-0.30480000000000035,0.0,-0.7299999999998974,0.10999999999999899,0,0,0,0,0,0,0,0,0,0,0,0,0,0,0,0,0,0,0,0,0,0,0,0,0,0,0,0,0,0,0,0,0,0,0,0,0,0,0,0,0,0,0,0,0,0,0,0,0,0,0,0,0,0,0,0,0,0,0,0,0,0,0,0,0,0,0,0,0,0,0,0,0,0,0,0,0,0,0,0,0,0,0,0,0,0,0,0,0,0,0,0,0,0,0,0,0,0,0,0,0,0,0,0,0,0,0,0,0,0,0,0,0,0,0,0,0,0,0,0,0,0,0,0,0,0,0,0,0,0,0,0,0,0,0,0,0,0,0,0,0,0,0,0,0,0,0,0,0,0,0,0,0,0,0,0,0,0,0,0,0,0,0,0,0,0,0,0,0,0,0,0,0,0,0,0,0,0,0,0,0,0,0,0,0,0,0,0,0,0,0,0,0,0,0,0,0,0,0,0,0,0,0,0,0,0,0,0,0,0,0,0,0,0,0,0
3.601146852,-10.0,0.0,0.0,0.0,0.0,0.0,0,0,0,0,0,0,5.0,0.0,0.0,-2.86,-2.0,-1.0,0.0,0.0,0.0,-2.86,0.0,-1.0,0.0,0.0,0.0,-2.86,-2.0,1.0,0.0,0.0,0.0,-2.86,0.0,1.0,0.0,0.0,0.0,7.32,-4.69,-1.0,0.0,0.0,0.0,7.32,-2.69,-1.0,0.0,0.0,0.0,7.32,-0.69,-1.0,0.0,0.0,0.0,7.32,1.31,-1.0,0.0,0.0,0.0,7.32,-4.69,1.0,0.0,0.0,0.0,7.32,-2.69,1.0,0.0,0.0,0.0,7.32,-0.69,1.0,0.0,0.0,0.0,7.32,1.31,1.0,0.0,0.0,0.0,1.54,0.12799999999999662,-0.29600000000000043,0.0,-0.7300000000000084,0.10999999999999899,1.54,2.128000000000041,-0.29600000000000043,0.0,-0.7299999999998974,0.10999999999999899,0,0,0,0,0,0,0,0,0,0,0,0,0,0,0,0,0,0,0,0,0,0,0,0,0,0,0,0,0,0,0,0,0,0,0,0,0,0,0,0,0,0,0,0,0,0,0,0,0,0,0,0,0,0,0,0,0,0,0,0,0,0,0,0,0,0,0,0,0,0,0,0,0,0,0,0,0,0,0,0,0,0,0,0,0,0,0,0,0,0,0,0,0,0,0,0,0,0,0,0,0,0,0,0,0,0,0,0,0,0,0,0,0,0,0,0,0,0,0,0,0,0,0,0,0,0,0,0,0,0,0,0,0,0,0,0,0,0,0,0,0,0,0,0,0,0,0,0,0,0,0,0,0,0,0,0,0,0,0,0,0,0,0,0,0,0,0,0,0,0,0,0,0,0,0,0,0,0,0,0,0,0,0,0,0,0,0,0,0,0,0,0,0,0,0,0,0,0,0,0,0,0,0,0,0,0,0,0,0,0,0,0,0,0,0,0
3.70504414,-10.0,0.0,0.0,0.0,0.0,0.0,0,0,0,0,0,0,5.0,0.0,0.0,-2.86,-2.0,-1.0,0.0,0.0,0.0,-2.86,0.0,-1.0,0.0,0.0,0.0,-2.86,-2.0,1.0,0.0,0.0,0.0,-2.86,0.0,1.0,0.0,0.0,0.0,7.32,-4.69,-1.0,0.0,0.0,0.0,7.32,-2.69,-1.0,0.0,0.0,0.0,7.32,-0.69,-1.0,0.0,0.0,0.0,7.32,1.31,-1.0,0.0,0.0,0.0,7.32,-4.69,1.0,0.0,0.0,0.0,7.32,-2.69,1.0,0.0,0.0,0.0,7.32,-0.69,1.0,0.0,0.0,0.0,7.32,1.31,1.0,0.0,0.0,0.0,1.54,0.069599999999997,-0.2872000000000005,0.0,-0.7299999999999944,0.10999999999999899,1.54,2.0550000000000512,-0.28500000000000053,0.0,-0.7299999999998974,0.10999999999999899,0,0,0,0,0,0,0,0,0,0,0,0,0,0,0,0,0,0,0,0,0,0,0,0,0,0,0,0,0,0,0,0,0,0,0,0,0,0,0,0,0,0,0,0,0,0,0,0,0,0,0,0,0,0,0,0,0,0,0,0,0,0,0,0,0,0,0,0,0,0,0,0,0,0,0,0,0,0,0,0,0,0,0,0,0,0,0,0,0,0,0,0,0,0,0,0,0,0,0,0,0,0,0,0,0,0,0,0,0,0,0,0,0,0,0,0,0,0,0,0,0,0,0,0,0,0,0,0,0,0,0,0,0,0,0,0,0,0,0,0,0,0,0,0,0,0,0,0,0,0,0,0,0,0,0,0,0,0,0,0,0,0,0,0,0,0,0,0,0,0,0,0,0,0,0,0,0,0,0,0,0,0,0,0,0,0,0,0,0,0,0,0,0,0,0,0,0,0,0,0,0,0,0,0,0,0,0,0,0,0,0,0,0,0,0,0
3.802774809,-10.0,0.0,0.0,0.0,0.0,0.0,0,0,0,0,0,0,5.0,0.0,0.0,-2.86,-2.0,-1.0,0.0,0.0,0.0,-2.86,0.0,-1.0,0.0,0.0,0.0,-2.86,-2.0,1.0,0.0,0.0,0.0,-2.86,0.0,1.0,0.0,0.0,0.0,7.32,-4.69,-1.0,0.0,0.0,0.0,7.32,-2.69,-1.0,0.0,0.0,0.0,7.32,-0.69,-1.0,0.0,0.0,0.0,7.32,1.31,-1.0,0.0,0.0,0.0,7.32,-4.69,1.0,0.0,0.0,0.0,7.32,-2.69,1.0,0.0,0.0,0.0,7.32,-0.69,1.0,0.0,0.0,0.0,7.32,1.31,1.0,0.0,0.0,0.0,1.54,0.011199999999996954,-0.2784000000000006,0.0,-0.7300000000000002,0.10999999999999899,1.54,2.0112000000000574,-0.2784000000000006,0.0,-0.7299999999998974,0.10999999999999899,0,0,0,0,0,0,0,0,0,0,0,0,0,0,0,0,0,0,0,0,0,0,0,0,0,0,0,0,0,0,0,0,0,0,0,0,0,0,0,0,0,0,0,0,0,0,0,0,0,0,0,0,0,0,0,0,0,0,0,0,0,0,0,0,0,0,0,0,0,0,0,0,0,0,0,0,0,0,0,0,0,0,0,0,0,0,0,0,0,0,0,0,0,0,0,0,0,0,0,0,0,0,0,0,0,0,0,0,0,0,0,0,0,0,0,0,0,0,0,0,0,0,0,0,0,0,0,0,0,0,0,0,0,0,0,0,0,0,0,0,0,0,0,0,0,0,0,0,0,0,0,0,0,0,0,0,0,0,0,0,0,0,0,0,0,0,0,0,0,0,0,0,0,0,0,0,0,0,0,0,0,0,0,0,0,0,0,0,0,0,0,0,0,0,0,0,0,0,0,0,0,0,0,0,0,0,0,0,0,0,0,0,0,0,0,0
3.904062457,-10.0,0.0,0.0,0.0,0.0,0.0,0,0,0,0,0,0,5.0,0.0,0.0,-2.86,-2.0,-1.0,0.0,0.0,0.0,-2.86,0.0,-1.0,0.0,0.0,0.0,-2.86,-2.0,1.0,0.0,0.0,0.0,-2.86,0.0,1.0,0.0,0.0,0.0,7.32,-4.69,-1.0,0.0,0.0,0.0,7.32,-2.69,-1.0,0.0,0.0,0.0,7.32,-0.69,-1.0,0.0,0.0,0.0,7.32,1.31,-1.0,0.0,0.0,0.0,7.32,-4.69,1.0,0.0,0.0,0.0,7.32,-2.69,1.0,0.0,0.0,0.0,7.32,-0.69,1.0,0.0,0.0,0.0,7.32,1.31,1.0,0.0,0.0,0.0,1.54,-0.0472000000000031,-0.2696000000000007,0.0,-0.7300000000000014,0.10999999999999899,1.54,1.9528000000000656,-0.2696000000000007,0.0,-0.7299999999998974,0.10999999999999899,0,0,0,0,0,0,0,0,0,0,0,0,0,0,0,0,0,0,0,0,0,0,0,0,0,0,0,0,0,0,0,0,0,0,0,0,0,0,0,0,0,0,0,0,0,0,0,0,0,0,0,0,0,0,0,0,0,0,0,0,0,0,0,0,0,0,0,0,0,0,0,0,0,0,0,0,0,0,0,0,0,0,0,0,0,0,0,0,0,0,0,0,0,0,0,0,0,0,0,0,0,0,0,0,0,0,0,0,0,0,0,0,0,0,0,0,0,0,0,0,0,0,0,0,0,0,0,0,0,0,0,0,0,0,0,0,0,0,0,0,0,0,0,0,0,0,0,0,0,0,0,0,0,0,0,0,0,0,0,0,0,0,0,0,0,0,0,0,0,0,0,0,0,0,0,0,0,0,0,0,0,0,0,0,0,0,0,0,0,0,0,0,0,0,0,0,0,0,0,0,0,0,0,0,0,0,0,0,0,0,0,0,0,0,0,0
4.002760492,-10.0,0.0,0.0,0.0,0.0,0.0,0,0,0,0,0,0,5.0,0.0,0.0,-2.86,-2.0,-1.0,0.0,0.0,0.0,-2.86,0.0,-1.0,0.0,0.0,0.0,-2.86,-2.0,1.0,0.0,0.0,0.0,-2.86,0.0,1.0,0.0,0.0,0.0,7.32,-4.69,-1.0,0.0,0.0,0.0,7.32,-2.69,-1.0,0.0,0.0,0.0,7.32,-0.69,-1.0,0.0,0.0,0.0,7.32,1.31,-1.0,0.0,0.0,0.0,7.32,-4.69,1.0,0.0,0.0,0.0,7.32,-2.69,1.0,0.0,0.0,0.0,7.32,-0.69,1.0,0.0,0.0,0.0,7.32,1.31,1.0,0.0,0.0,0.0,1.54,-0.1056000000000028,-0.26080000000000075,0.0,-0.7299999999999944,0.10999999999999899,1.54,1.8944000000000738,-0.26080000000000075,0.0,-0.7299999999998974,0.10999999999999899,0,0,0,0,0,0,0,0,0,0,0,0,0,0,0,0,0,0,0,0,0,0,0,0,0,0,0,0,0,0,0,0,0,0,0,0,0,0,0,0,0,0,0,0,0,0,0,0,0,0,0,0,0,0,0,0,0,0,0,0,0,0,0,0,0,0,0,0,0,0,0,0,0,0,0,0,0,0,0,0,0,0,0,0,0,0,0,0,0,0,0,0,0,0,0,0,0,0,0,0,0,0,0,0,0,0,0,0,0,0,0,0,0,0,0,0,0,0,0,0,0,0,0,0,0,0,0,0,0,0,0,0,0,0,0,0,0,0,0,0,0,0,0,0,0,0,0,0,0,0,0,0,0,0,0,0,0,0,0,0,0,0,0,0,0,0,0,0,0,0,0,0,0,0,0,0,0,0,0,0,0,0,0,0,0,0,0,0,0,0,0,0,0,0,0,0,0,0,0,0,0,0,0,0,0,0,0,0,0,0,0,0,0,0,0,0
4.101399114,-10.0,0.0,0.0,0.0,0.0,0.0,0,0,0,0,0,0,5.0,0.0,0.0,-2.86,-2.0,-1.0,0.0,0.0,0.0,-2.86,0.0,-1.0,0.0,0.0,0.0,-2.86,-2.0,1.0,0.0,0.0,0.0,-2.86,0.0,1.0,0.0,0.0,0.0,7.32,-4.69,-1.0,0.0,0.0,0.0,7.32,-2.69,-1.0,0.0,0.0,0.0,7.32,-0.69,-1.0,0.0,0.0,0.0,7.32,1.31,-1.0,0.0,0.0,0.0,7.32,-4.69,1.0,0.0,0.0,0.0,7.32,-2.69,1.0,0.0,0.0,0.0,7.32,-0.69,1.0,0.0,0.0,0.0,7.32,1.31,1.0,0.0,0.0,0.0,1.54,-0.17860000000000328,-0.24980000000000085,0.0,-0.7300000000000084,0.10999999999999899,1.54,1.821400000000084,-0.24980000000000085,0.0,-0.7299999999998974,0.10999999999999899,0,0,0,0,0,0,0,0,0,0,0,0,0,0,0,0,0,0,0,0,0,0,0,0,0,0,0,0,0,0,0,0,0,0,0,0,0,0,0,0,0,0,0,0,0,0,0,0,0,0,0,0,0,0,0,0,0,0,0,0,0,0,0,0,0,0,0,0,0,0,0,0,0,0,0,0,0,0,0,0,0,0,0,0,0,0,0,0,0,0,0,0,0,0,0,0,0,0,0,0,0,0,0,0,0,0,0,0,0,0,0,0,0,0,0,0,0,0,0,0,0,0,0,0,0,0,0,0,0,0,0,0,0,0,0,0,0,0,0,0,0,0,0,0,0,0,0,0,0,0,0,0,0,0,0,0,0,0,0,0,0,0,0,0,0,0,0,0,0,0,0,0,0,0,0,0,0,0,0,0,0,0,0,0,0,0,0,0,0,0,0,0,0,0,0,0,0,0,0,0,0,0,0,0,0,0,0,0,0,0,0,0,0,0,0,0
4.202629157,-10.0,0.0,0.0,0.0,0.0,0.0,0,0,0,0,0,0,5.0,0.0,0.0,-2.86,-2.0,-1.0,0.0,0.0,0.0,-2.86,0.0,-1.0,0.0,0.0,0.0,-2.86,-2.0,1.0,0.0,0.0,0.0,-2.86,0.0,1.0,0.0,0.0,0.0,7.32,-4.69,-1.0,0.0,0.0,0.0,7.32,-2.69,-1.0,0.0,0.0,0.0,7.32,-0.69,-1.0,0.0,0.0,0.0,7.32,1.31,-1.0,0.0,0.0,0.0,7.32,-4.69,1.0,0.0,0.0,0.0,7.32,-2.69,1.0,0.0,0.0,0.0,7.32,-0.69,1.0,0.0,0.0,0.0,7.32,1.31,1.0,0.0,0.0,0.0,1.54,-0.2224000000000038,-0.24320000000000092,0.0,-0.7300000000000084,0.10999999999999899,1.54,1.7776000000000902,-0.24320000000000092,0.0,-0.7299999999998974,0.10999999999999899,0,0,0,0,0,0,0,0,0,0,0,0,0,0,0,0,0,0,0,0,0,0,0,0,0,0,0,0,0,0,0,0,0,0,0,0,0,0,0,0,0,0,0,0,0,0,0,0,0,0,0,0,0,0,0,0,0,0,0,0,0,0,0,0,0,0,0,0,0,0,0,0,0,0,0,0,0,0,0,0,0,0,0,0,0,0,0,0,0,0,0,0,0,0,0,0,0,0,0,0,0,0,0,0,0,0,0,0,0,0,0,0,0,0,0,0,0,0,0,0,0,0,0,0,0,0,0,0,0,0,0,0,0,0,0,0,0,0,0,0,0,0,0,0,0,0,0,0,0,0,0,0,0,0,0,0,0,0,0,0,0,0,0,0,0,0,0,0,0,0,0,0,0,0,0,0,0,0,0,0,0,0,0,0,0,0,0,0,0,0,0,0,0,0,0,0,0,0,0,0,0,0,0,0,0,0,0,0,0,0,0,0,0,0,0,0
4.308420316,-10.0,0.0,0.0,0.0,0.0,0.0,0,0,0,0,0,0,5.0,0.0,0.0,-2.86,-2.0,-1.0,0.0,0.0,0.0,-2.86,0.0,-1.0,0.0,0.0,0.0,-2.86,-2.0,1.0,0.0,0.0,0.0,-2.86,0.0,1.0,0.0,0.0,0.0,7.32,-4.69,-1.0,0.0,0.0,0.0,7.32,-2.69,-1.0,0.0,0.0,0.0,7.32,-0.69,-1.0,0.0,0.0,0.0,7.32,1.31,-1.0,0.0,0.0,0.0,7.32,-4.69,1.0,0.0,0.0,0.0,7.32,-2.69,1.0,0.0,0.0,0.0,7.32,-0.69,1.0,0.0,0.0,0.0,7.32,1.31,1.0,0.0,0.0,0.0,1.54,-0.28080000000000443,-0.234400000000001,0.0,-0.7300000000000084,0.10999999999999899,1.54,1.7192000000000984,-0.234400000000001,0.0,-0.7299999999998974,0.10999999999999899,0,0,0,0,0,0,0,0,0,0,0,0,0,0,0,0,0,0,0,0,0,0,0,0,0,0,0,0,0,0,0,0,0,0,0,0,0,0,0,0,0,0,0,0,0,0,0,0,0,0,0,0,0,0,0,0,0,0,0,0,0,0,0,0,0,0,0,0,0,0,0,0,0,0,0,0,0,0,0,0,0,0,0,0,0,0,0,0,0,0,0,0,0,0,0,0,0,0,0,0,0,0,0,0,0,0,0,0,0,0,0,0,0,0,0,0,0,0,0,0,0,0,0,0,0,0,0,0,0,0,0,0,0,0,0,0,0,0,0,0,0,0,0,0,0,0,0,0,0,0,0,0,0,0,0,0,0,0,0,0,0,0,0,0,0,0,0,0,0,0,0,0,0,0,0,0,0,0,0,0,0,0,0,0,0,0,0,0,0,0,0,0,0,0,0,0,0,0,0,0,0,0,0,0,0,0,0,0,0,0,0,0,0,0,0,0
4.40408334,-10.0,0.0,0.0,0.0,0.0,0.0,0,0,0,0,0,0,5.0,0.0,0.0,-2.86,-2.0,-1.0,0.0,0.0,0.0,-2.86,0.0,-1.0,0.0,0.0,0.0,-2.86,-2.0,1.0,0.0,0.0,0.0,-2.86,0.0,1.0,0.0,0.0,0.0,7.32,-4.69,-1.0,0.0,0.0,0.0,7.32,-2.69,-1.0,0.0,0.0,0.0,7.32,-0.69,-1.0,0.0,0.0,0.0,7.32,1.31,-1.0,0.0,0.0,0.0,7.32,-4.69,1.0,0.0,0.0,0.0,7.32,-2.69,1.0,0.0,0.0,0.0,7.32,-0.69,1.0,0.0,0.0,0.0,7.32,1.31,1.0,0.0,0.0,0.0,1.54,-0.32460000000000494,-0.22780000000000106,0.0,-0.7300000000000084,0.10999999999999899,1.54,1.6754000000001046,-0.22780000000000106,0.0,-0.7299999999998974,0.10999999999999899,0,0,0,0,0,0,0,0,0,0,0,0,0,0,0,0,0,0,0,0,0,0,0,0,0,0,0,0,0,0,0,0,0,0,0,0,0,0,0,0,0,0,0,0,0,0,0,0,0,0,0,0,0,0,0,0,0,0,0,0,0,0,0,0,0,0,0,0,0,0,0,0,0,0,0,0,0,0,0,0,0,0,0,0,0,0,0,0,0,0,0,0,0,0,0,0,0,0,0,0,0,0,0,0,0,0,0,0,0,0,0,0,0,0,0,0,0,0,0,0,0,0,0,0,0,0,0,0,0,0,0,0,0,0,0,0,0,0,0,0,0,0,0,0,0,0,0,0,0,0,0,0,0,0,0,0,0,0,0,0,0,0,0,0,0,0,0,0,0,0,0,0,0,0,0,0,0,0,0,0,0,0,0,0,0,0,0,0,0,0,0,0,0,0,0,0,0,0,0,0,0,0,0,0,0,0,0,0,0,0,0,0,0,0,0,0
4.500686277,-10.0,0.0,0.0,0.0,0.0,0.0,0.1,0.1,0.1,2.917784075190043,2.751327092288456,2.9700692659316736,5.0,0.0,0.0,-2.86,-2.0,-1.0,0.0,0.0,0.0,-2.86,0.0,-1.0,0.0,0.0,0.0,-2.86,-2.0,1.0,0.0,0.0,0.0,-2.86,0.0,1.0,0.0,0.0,0.0,7.32,-4.69,-1.0,0.0,0.0,0.0,7.32,-2.69,-1.0,0.0,0.0,0.0,7.32,-0.69,-1.0,0.0,0.0,0.0,7.32,1.31,-1.0,0.0,0.0,0.0,7.32,-4.69,1.0,0.0,0.0,0.0,7.32,-2.69,1.0,0.0,0.0,0.0,7.32,-0.69,1.0,0.0,0.0,0.0,7.32,1.31,1.0,0.0,0.0,0.0,1.54,-0.3538000000000053,-0.2234000000000011,0.0,-0.7300000000000084,0.10999999999999899,1.54,1.6462000000001087,-0.2234000000000011,0.0,-0.7299999999998974,0.10999999999999899,0,0,0,0,0,0,0,0,0,0,0,0,0,0,0,0,0,0,0,0,0,0,0,0,0,0,0,0,0,0,0,0,0,0,0,0,0,0,0,0,0,0,0,0,0,0,0,0,0,0,0,0,0,0,0,0,0,0,0,0,0,0,0,0,0,0,0,0,0,0,0,0,0,0,0,0,0,0,0,0,0,0,0,0,0,0,0,0,0,0,0,0,0,0,0,0,0,0,0,0,0,0,0,0,0,0,0,0,0,0,0,0,0,0,0,0,0,0,0,0,0,0,0,0,0,0,0,0,0,0,0,0,0,0,0,0,0,0,0,0,0,0,0,0,0,0,0,0,0,0,0,0,0,0,0,0,0,0,0,0,0,0,0,0,0,0,0,0,0,0,0,0,0,0,0,0,0,0,0,0,0,0,0,0,0,0,0,0,0,0,0,0,0,0,0,0,0,0,0,0,0,0,0,0,0,0,0,0,0,0,0,0,0,0,0,0
4.601773295,-9.994806000000008,0.005193999999999996,0.005193999999999996,0.12940000000014606,0.1293999999999999,0.1293999999999999,0.14200000000000002,0.14200000000000002,0.14200000000000002,3.081710934114103,2.729532256937268,2.7391664698346347,4.99999985893341,-0.0008398410192100423,-0.0008398410192100423,-2.86,-2.0,-1.0,0.0,0.0,0.0,-2.86,0.0,-1.0,0.0,0.0,0.0,-2.86,-2.0,1.0,0.0,0.0,0.0,-2.86,0.0,1.0,0.0,0.0,0.0,7.32,-4.69,-1.0,0.0,0.0,0.0,7.32,-2.69,-1.0,0.0,0.0,0.0,7.32,-0.69,-1.0,0.0,0.0,0.0,7.32,1.31,-1.0,0.0,0.0,0.0,7.32,-4.69,1.0,0.0,0.0,0.0,7.32,-2.69,1.0,0.0,0.0,0.0,7.32,-0.69,1.0,0.0,0.0,0.0,7.32,1.31,1.0,0.0,0.0,0.0,1.54,-0.3976000000000058,-0.21680000000000116,0.0,-0.7300000000000084,0.10999999999999899,1.54,1.6024000000001148,-0.21680000000000116,0.0,-0.7299999999998974,0.10999999999999899,0,0,0,0,0,0,0,0,0,0,0,0,0,0,0,0,0,0,0,0,0,0,0,0,0,0,0,0,0,0,0,0,0,0,0,0,0,0,0,0,0,0,0,0,0,0,0,0,0,0,0,0,0,0,0,0,0,0,0,0,0,0,0,0,0,0,0,0,0,0,0,0,0,0,0,0,0,0,0,0,0,0,0,0,0,0,0,0,0,0,0,0,0,0,0,0,0,0,0,0,0,0,0,0,0,0,0,0,0,0,0,0,0,0,0,0,0,0,0,0,0,0,0,0,0,0,0,0,0,0,0,0,0,0,0,0,0,0,0,0,0,0,0,0,0,0,0,0,0,0,0,0,0,0,0,0,0,0,0,0,0,0,0,0,0,0,0,0,0,0,0,0,0,0,0,0,0,0,0,0,0,0,0,0,0,0,0,0,0,0,0,0,0,0,0,0,0,0,0,0,0,0,0,0,0,0,0,0,0,0,0,0,0,0,0,0
4.701629837,-9.982060000000004,0.01793999999999999,0.01793999999999999,0.2049999999993446,0.20500000000000035,0.20500000000000035,0.20500000000000002,0.20500000000000002,0.20500000000000002,3.1355321637005766,2.3430753657711594,2.5874045808421795,4.9999982241595955,-0.0029797987253203677,-0.0029797987253203677,-2.86,-2.0,-1.0,0.0,0.0,0.0,-2.86,0.0,-1.0,0.0,0.0,0.0,-2.86,-2.0,1.0,0.0,0.0,0.0,-2.86,0.0,1.0,0.0,0.0,0.0,7.32,-4.69,-1.0,0.0,0.0,0.0,7.32,-2.69,-1.0,0.0,0.0,0.0,7.32,-0.69,-1.0,0.0,0.0,0.0,7.32,1.31,-1.0,0.0,0.0,0.0,7.32,-4.69,1.0,0.0,0.0,0.0,7.32,-2.69,1.0,0.0,0.0,0.0,7.32,-0.69,1.0,0.0,0.0,0.0,7.32,1.31,1.0,0.0,0.0,0.0,1.54,-0.4414000000000063,-0.21020000000000122,0.0,-0.7300000000000084,0.10999999999999899,1.54,1.544000000000123,-0.20800000000000124,0.0,-0.7299999999998974,0.10999999999999899,0,0,0,0,0,0,0,0,0,0,0,0,0,0,0,0,0,0,0,0,0,0,0,0,0,0,0,0,0,0,0,0,0,0,0,0,0,0,0,0,0,0,0,0,0,0,0,0,0,0,0,0,0,0,0,0,0,0,0,0,0,0,0,0,0,0,0,0,0,0,0,0,0,0,0,0,0,0,0,0,0,0,0,0,0,0,0,0,0,0,0,0,0,0,0,0,0,0,0,0,0,0,0,0,0,0,0,0,0,0,0,0,0,0,0,0,0,0,0,0,0,0,0,0,0,0,0,0,0,0,0,0,0,0,0,0,0,0,0,0,0,0,0,0,0,0,0,0,0,0,0,0,0,0,0,0,0,0,0,0,0,0,0,0,0,0,0,0,0,0,0,0,0,0,0,0,0,0,0,0,0,0,0,0,0,0,0,0,0,0,0,0,0,0,0,0,0,0,0,0,0,0,0,0,0,0,0,0,0,0,0,0,0,0,0,0
4.804994374,-9.969380000000044,0.03062000000000001,0.03062000000000001,0.2429999999993271,0.24300000000000016,0.24300000000000016,0.281,0.281,0.281,3.182515791087768,2.5508320512535647,2.7486647513043803,4.999991436406338,-0.006543541215752063,-0.006543541215752063,-2.86,-2.0,-1.0,0.0,0.0,0.0,-2.86,0.0,-1.0,0.0,0.0,0.0,-2.86,-2.0,1.0,0.0,0.0,0.0,-2.86,0.0,1.0,0.0,0.0,0.0,7.32,-4.69,-1.0,0.0,0.0,0.0,7.32,-2.69,-1.0,0.0,0.0,0.0,7.32,-0.69,-1.0,0.0,0.0,0.0,7.32,1.31,-1.0,0.0,0.0,0.0,7.32,-4.69,1.0,0.0,0.0,0.0,7.32,-2.69,1.0,0.0,0.0,0.0,7.32,-0.69,1.0,0.0,0.0,0.0,7.32,1.31,1.0,0.0,0.0,0.0,1.54,-0.49980000000000696,-0.2014000000000013,0.0,-0.7300000000000084,0.10999999999999899,1.54,1.5002000000001292,-0.2014000000000013,0.0,-0.7299999999998974,0.10999999999999899,0,0,0,0,0,0,0,0,0,0,0,0,0,0,0,0,0,0,0,0,0,0,0,0,0,0,0,0,0,0,0,0,0,0,0,0,0,0,0,0,0,0,0,0,0,0,0,0,0,0,0,0,0,0,0,0,0,0,0,0,0,0,0,0,0,0,0,0,0,0,0,0,0,0,0,0,0,0,0,0,0,0,0,0,0,0,0,0,0,0,0,0,0,0,0,0,0,0,0,0,0,0,0,0,0,0,0,0,0,0,0,0,0,0,0,0,0,0,0,0,0,0,0,0,0,0,0,0,0,0,0,0,0,0,0,0,0,0,0,0,0,0,0,0,0,0,0,0,0,0,0,0,0,0,0,0,0,0,0,0,0,0,0,0,0,0,0,0,0,0,0,0,0,0,0,0,0,0,0,0,0,0,0,0,0,0,0,0,0,0,0,0,0,0,0,0,0,0,0,0,0,0,0,0,0,0,0,0,0,0,0,0,0,0,0,0
4.901978885,-9.945540000000086,0.05446000000000025,0.05446000000000025,0.3489999999999327,0.34900000000000203,0.34900000000000203,0.34900000000000003,0.34900000000000003,0.34900000000000003,3.2355684034895,2.401803547353754,2.9290920780925505,4.999974309954488,-0.01133357391014826,-0.01133357391014826,-2.86,-2.0,-1.0,0.0,0.0,0.0,-2.86,0.0,-1.0,0.0,0.0,0.0,-2.86,-2.0,1.0,0.0,0.0,0.0,-2.86,0.0,1.0,0.0,0.0,0.0,7.32,-4.69,-1.0,0.0,0.0,0.0,7.32,-2.69,-1.0,0.0,0.0,0.0,7.32,-0.69,-1.0,0.0,0.0,0.0,7.32,1.31,-1.0,0.0,0.0,0.0,7.32,-4.69,1.0,0.0,0.0,0.0,7.32,-2.69,1.0,0.0,0.0,0.0,7.32,-0.69,1.0,0.0,0.0,0.0,7.32,1.31,1.0,0.0,0.0,0.0,1.54,-0.5582000000000076,-0.19260000000000138,0.0,-0.7300000000000084,0.10999999999999899,1.54,1.4418000000001374,-0.19260000000000138,0.0,-0.7299999999998974,0.10999999999999899,0,0,0,0,0,0,0,0,0,0,0,0,0,0,0,0,0,0,0,0,0,0,0,0,0,0,0,0,0,0,0,0,0,0,0,0,0,0,0,0,0,0,0,0,0,0,0,0,0,0,0,0,0,0,0,0,0,0,0,0,0,0,0,0,0,0,0,0,0,0,0,0,0,0,0,0,0,0,0,0,0,0,0,0,0,0,0,0,0,0,0,0,0,0,0,0,0,0,0,0,0,0,0,0,0,0,0,0,0,0,0,0,0,0,0,0,0,0,0,0,0,0,0,0,0,0,0,0,0,0,0,0,0,0,0,0,0,0,0,0,0,0,0,0,0,0,0,0,0,0,0,0,0,0,0,0,0,0,0,0,0,0,0,0,0,0,0,0,0,0,0,0,0,0,0,0,0,0,0,0,0,0,0,0,0,0,0,0,0,0,0,0,0,0,0,0,0,0,0,0,0,0,0,0,0,0,0,0,0,0,0,0,0,0,0,0
5.001172457,-9.916020000000081,0.08398000000000035,0.08398000000000035,0.4290000000004568,0.4289999999999988,0.4289999999999988,0.42900000000000005,0.42900000000000005,0.42900000000000005,3.3184417151210575,1.7397622901018073,3.27793270130595,4.9999355284898925,-0.017954260559708935,-0.017954260559708935,-2.86,-2.0,-1.0,0.0,0.0,0.0,-2.86,0.0,-1.0,0.0,0.0,0.0,-2.86,-2.0,1.0,0.0,0.0,0.0,-2.86,0.0,1.0,0.0,0.0,0.0,7.32,-4.69,-1.0,0.0,0.0,0.0,7.32,-2.69,-1.0,0.0,0.0,0.0,7.32,-0.69,-1.0,0.0,0.0,0.0,7.32,1.31,-1.0,0.0,0.0,0.0,7.32,-4.69,1.0,0.0,0.0,0.0,7.32,-2.69,1.0,0.0,0.0,0.0,7.32,-0.69,1.0,0.0,0.0,0.0,7.32,1.31,1.0,0.0,0.0,0.0,1.54,-0.6166000000000083,-0.18380000000000146,0.0,-0.7300000000000084,0.10999999999999899,1.54,1.3834000000001456,-0.18380000000000146,0.0,-0.7299999999998974,0.10999999999999899,0,0,0,0,0,0,0,0,0,0,0,0,0,0,0,0,0,0,0,0,0,0,0,0,0,0,0,0,0,0,0,0,0,0,0,0,0,0,0,0,0,0,0,0,0,0,0,0,0,0,0,0,0,0,0,0,0,0,0,0,0,0,0,0,0,0,0,0,0,0,0,0,0,0,0,0,0,0,0,0,0,0,0,0,0,0,0,0,0,0,0,0,0,0,0,0,0,0,0,0,0,0,0,0,0,0,0,0,0,0,0,0,0,0,0,0,0,0,0,0,0,0,0,0,0,0,0,0,0,0,0,0,0,0,0,0,0,0,0,0,0,0,0,0,0,0,0,0,0,0,0,0,0,0,0,0,0,0,0,0,0,0,0,0,0,0,0,0,0,0,0,0,0,0,0,0,0,0,0,0,0,0,0,0,0,0,0,0,0,0,0,0,0,0,0,0,0,0,0,0,0,0,0,0,0,0,0,0,0,0,0,0,0,0,0,0
5.104704997,-9.890280000000054,0.10972000000000028,0.10972000000000028,0.4290000000004568,0.4289999999999988,0.4289999999999988,0.509,0.509,0.509,3.406101937187632,2.933748051202926,2.212194435033119,4.999865270034157,-0.025954590213282835,-0.025954590213282835,-2.86,-2.0,-1.0,0.0,0.0,0.0,-2.86,0.0,-1.0,0.0,0.0,0.0,-2.86,-2.0,1.0,0.0,0.0,0.0,-2.86,0.0,1.0,0.0,0.0,0.0,7.32,-4.69,-1.0,0.0,0.0,0.0,7.32,-2.69,-1.0,0.0,0.0,0.0,7.32,-0.69,-1.0,0.0,0.0,0.0,7.32,1.31,-1.0,0.0,0.0,0.0,7.32,-4.69,1.0,0.0,0.0,0.0,7.32,-2.69,1.0,0.0,0.0,0.0,7.32,-0.69,1.0,0.0,0.0,0.0,7.32,1.31,1.0,0.0,0.0,0.0,1.54,-0.6604000000000088,-0.17720000000000152,0.0,-0.7300000000000084,0.10999999999999899,1.54,1.3250000000001538,-0.17500000000000154,0.0,-0.7299999999998974,0.10999999999999899,0,0,0,0,0,0,0,0,0,0,0,0,0,0,0,0,0,0,0,0,0,0,0,0,0,0,0,0,0,0,0,0,0,0,0,0,0,0,0,0,0,0,0,0,0,0,0,0,0,0,0,0,0,0,0,0,0,0,0,0,0,0,0,0,0,0,0,0,0,0,0,0,0,0,0,0,0,0,0,0,0,0,0,0,0,0,0,0,0,0,0,0,0,0,0,0,0,0,0,0,0,0,0,0,0,0,0,0,0,0,0,0,0,0,0,0,0,0,0,0,0,0,0,0,0,0,0,0,0,0,0,0,0,0,0,0,0,0,0,0,0,0,0,0,0,0,0,0,0,0,0,0,0,0,0,0,0,0,0,0,0,0,0,0,0,0,0,0,0,0,0,0,0,0,0,0,0,0,0,0,0,0,0,0,0,0,0,0,0,0,0,0,0,0,0,0,0,0,0,0,0,0,0,0,0,0,0,0,0,0,0,0,0,0,0,0
5.204265234,-9.848769000000098,0.1512310000000004,0.1512310000000004,0.576000000000576,0.5759999999999933,0.5759999999999933,0.5760000000000001,0.5760000000000001,0.5760000000000001,3.500301647596119,3.1828350481378522,1.5790661361024072,4.99975662704739,-0.034883164246584344,-0.034883164246584344,-2.86,-2.0,-1.0,0.0,0.0,0.0,-2.86,0.0,-1.0,0.0,0.0,0.0,-2.86,-2.0,1.0,0.0,0.0,0.0,-2.86,0.0,1.0,0.0,0.0,0.0,7.32,-4.69,-1.0,0.0,0.0,0.0,7.32,-2.69,-1.0,0.0,0.0,0.0,7.32,-0.69,-1.0,0.0,0.0,0.0,7.32,1.31,-1.0,0.0,0.0,0.0,7.32,-4.69,1.0,0.0,0.0,0.0,7.32,-2.69,1.0,0.0,0.0,0.0,7.32,-0.69,1.0,0.0,0.0,0.0,7.32,1.31,1.0,0.0,0.0,0.0,1.54,-0.7334000000000096,-0.16620000000000162,0.0,-0.7300000000000084,0.10999999999999899,1.54,1.266600000000162,-0.16620000000000162,0.0,-0.7299999999998974,0.10999999999999899,0,0,0,0,0,0,0,0,0,0,0,0,0,0,0,0,0,0,0,0,0,0,0,0,0,0,0,0,0,0,0,0,0,0,0,0,0,0,0,0,0,0,0,0,0,0,0,0,0,0,0,0,0,0,0,0,0,0,0,0,0,0,0,0,0,0,0,0,0,0,0,0,0,0,0,0,0,0,0,0,0,0,0,0,0,0,0,0,0,0,0,0,0,0,0,0,0,0,0,0,0,0,0,0,0,0,0,0,0,0,0,0,0,0,0,0,0,0,0,0,0,0,0,0,0,0,0,0,0,0,0,0,0,0,0,0,0,0,0,0,0,0,0,0,0,0,0,0,0,0,0,0,0,0,0,0,0,0,0,0,0,0,0,0,0,0,0,0,0,0,0,0,0,0,0,0,0,0,0,0,0,0,0,0,0,0,0,0,0,0,0,0,0,0,0,0,0,0,0,0,0,0,0,0,0,0,0,0,0,0,0,0,0,0,0,0
5.301668573,-9.814209000000064,0.18579099999999998,0.18579099999999998,0.576000000000576,0.5759999999999933,0.5759999999999933,0.659,0.659,0.659,3.545415452337394,2.483426489740793,2.519141389038087,4.9995928267456575,-0.045119656211948536,-0.045119656211948536,-2.86,-2.0,-1.0,0.0,0.0,0.0,-2.86,0.0,-1.0,0.0,0.0,0.0,-2.86,-2.0,1.0,0.0,0.0,0.0,-2.86,0.0,1.0,0.0,0.0,0.0,7.32,-4.69,-1.0,0.0,0.0,0.0,7.32,-2.69,-1.0,0.0,0.0,0.0,7.32,-0.69,-1.0,0.0,0.0,0.0,7.32,1.31,-1.0,0.0,0.0,0.0,7.32,-4.69,1.0,0.0,0.0,0.0,7.32,-2.69,1.0,0.0,0.0,0.0,7.32,-0.69,1.0,0.0,0.0,0.0,7.32,1.31,1.0,0.0,0.0,0.0,1.54,-0.7626000000000099,-0.16180000000000166,0.0,-0.7300000000000084,0.10999999999999899,1.54,1.2374000000001661,-0.16180000000000166,0.0,-0.7299999999998974,0.10999999999999899,0,0,0,0,0,0,0,0,0,0,0,0,0,0,0,0,0,0,0,0,0,0,0,0,0,0,0,0,0,0,0,0,0,0,0,0,0,0,0,0,0,0,0,0,0,0,0,0,0,0,0,0,0,0,0,0,0,0,0,0,0,0,0,0,0,0,0,0,0,0,0,0,0,0,0,0,0,0,0,0,0,0,0,0,0,0,0,0,0,0,0,0,0,0,0,0,0,0,0,0,0,0,0,0,0,0,0,0,0,0,0,0,0,0,0,0,0,0,0,0,0,0,0,0,0,0,0,0,0,0,0,0,0,0,0,0,0,0,0,0,0,0,0,0,0,0,0,0,0,0,0,0,0,0,0,0,0,0,0,0,0,0,0,0,0,0,0,0,0,0,0,0,0,0,0,0,0,0,0,0,0,0,0,0,0,0,0,0,0,0,0,0,0,0,0,0,0,0,0,0,0,0,0,0,0,0,0,0,0,0,0,0,0,0,0,0
5.402892843,-9.747501000000026,0.2524989999999995,0.2524989999999995,0.7219999999996674,0.7220000000000004,0.7220000000000004,0.722,0.722,0.722,3.6389024970003536,2.642148400680103,1.8687901373021036,4.9993478372036595,-0.05710167531292765,-0.05710167531292765,-2.86,-2.0,-1.0,0.0,0.0,0.0,-2.86,0.0,-1.0,0.0,0.0,0.0,-2.86,-2.0,1.0,0.0,0.0,0.0,-2.86,0.0,1.0,0.0,0.0,0.0,7.32,-4.69,-1.0,0.0,0.0,0.0,7.32,-2.69,-1.0,0.0,0.0,0.0,7.32,-0.69,-1.0,0.0,0.0,0.0,7.32,1.31,-1.0,0.0,0.0,0.0,7.32,-4.69,1.0,0.0,0.0,0.0,7.32,-2.69,1.0,0.0,0.0,0.0,7.32,-0.69,1.0,0.0,0.0,0.0,7.32,1.31,1.0,0.0,0.0,0.0,1.54,-0.8356000000000108,-0.15080000000000177,0.0,-0.7300000000000084,0.10999999999999899,1.54,1.1644000000001764,-0.15080000000000177,0.0,-0.7299999999998974,0.10999999999999899,0,0,0,0,0,0,0,0,0,0,0,0,0,0,0,0,0,0,0,0,0,0,0,0,0,0,0,0,0,0,0,0,0,0,0,0,0,0,0,0,0,0,0,0,0,0,0,0,0,0,0,0,0,0,0,0,0,0,0,0,0,0,0,0,0,0,0,0,0,0,0,0,0,0,0,0,0,0,0,0,0,0,0,0,0,0,0,0,0,0,0,0,0,0,0,0,0,0,0,0,0,0,0,0,0,0,0,0,0,0,0,0,0,0,0,0,0,0,0,0,0,0,0,0,0,0,0,0,0,0,0,0,0,0,0,0,0,0,0,0,0,0,0,0,0,0,0,0,0,0,0,0,0,0,0,0,0,0,0,0,0,0,0,0,0,0,0,0,0,0,0,0,0,0,0,0,0,0,0,0,0,0,0,0,0,0,0,0,0,0,0,0,0,0,0,0,0,0,0,0,0,0,0,0,0,0,0,0,0,0,0,0,0,0,0,0
5.501689775,-9.688685000000042,0.31131499999999934,0.31131499999999934,0.8180000000006515,0.8179999999999854,0.8179999999999854,0.818,0.818,0.818,3.67066792933602,2.6966858845309,2.0675408645606885,4.998923072616434,-0.07337613393696146,-0.07337613393696146,-2.86,-2.0,-1.0,0.0,0.0,0.0,-2.86,0.0,-1.0,0.0,0.0,0.0,-2.86,-2.0,1.0,0.0,0.0,0.0,-2.86,0.0,1.0,0.0,0.0,0.0,7.32,-4.69,-1.0,0.0,0.0,0.0,7.32,-2.69,-1.0,0.0,0.0,0.0,7.32,-0.69,-1.0,0.0,0.0,0.0,7.32,1.31,-1.0,0.0,0.0,0.0,7.32,-4.69,1.0,0.0,0.0,0.0,7.32,-2.69,1.0,0.0,0.0,0.0,7.32,-0.69,1.0,0.0,0.0,0.0,7.32,1.31,1.0,0.0,0.0,0.0,1.54,-0.8940000000000115,-0.14200000000000185,0.0,-0.7300000000000084,0.10999999999999899,1.54,1.1060000000001846,-0.14200000000000185,0.0,-0.7299999999998974,0.10999999999999899,0,0,0,0,0,0,0,0,0,0,0,0,0,0,0,0,0,0,0,0,0,0,0,0,0,0,0,0,0,0,0,0,0,0,0,0,0,0,0,0,0,0,0,0,0,0,0,0,0,0,0,0,0,0,0,0,0,0,0,0,0,0,0,0,0,0,0,0,0,0,0,0,0,0,0,0,0,0,0,0,0,0,0,0,0,0,0,0,0,0,0,0,0,0,0,0,0,0,0,0,0,0,0,0,0,0,0,0,0,0,0,0,0,0,0,0,0,0,0,0,0,0,0,0,0,0,0,0,0,0,0,0,0,0,0,0,0,0,0,0,0,0,0,0,0,0,0,0,0,0,0,0,0,0,0,0,0,0,0,0,0,0,0,0,0,0,0,0,0,0,0,0,0,0,0,0,0,0,0,0,0,0,0,0,0,0,0,0,0,0,0,0,0,0,0,0,0,0,0,0,0,0,0,0,0,0,0,0,0,0,0,0,0,0,0,0
5.6037333,-9.604507000000005,0.39549299999999865,0.39549299999999865,0.8999999999996788,0.9000000000000121,0.9000000000000121,0.8999999999999999,0.8999999999999999,0.8999999999999999,3.802825965864437,2.002572707419039,2.558912580636583,4.998333488580327,-0.09127523469271079,-0.09127523469271079,-2.86,-2.0,-1.0,0.0,0.0,0.0,-2.86,0.0,-1.0,0.0,0.0,0.0,-2.86,-2.0,1.0,0.0,0.0,0.0,-2.86,0.0,1.0,0.0,0.0,0.0,7.32,-4.69,-1.0,0.0,0.0,0.0,7.32,-2.69,-1.0,0.0,0.0,0.0,7.32,-0.69,-1.0,0.0,0.0,0.0,7.32,1.31,-1.0,0.0,0.0,0.0,7.32,-4.69,1.0,0.0,0.0,0.0,7.32,-2.69,1.0,0.0,0.0,0.0,7.32,-0.69,1.0,0.0,0.0,0.0,7.32,1.31,1.0,0.0,0.0,0.0,1.54,-0.9670000000000123,-0.13100000000000195,0.0,-0.7300000000000084,0.10999999999999899,1.54,1.0330000000001949,-0.13100000000000195,0.0,-0.7299999999998974,0.10999999999999899,0,0,0,0,0,0,0,0,0,0,0,0,0,0,0,0,0,0,0,0,0,0,0,0,0,0,0,0,0,0,0,0,0,0,0,0,0,0,0,0,0,0,0,0,0,0,0,0,0,0,0,0,0,0,0,0,0,0,0,0,0,0,0,0,0,0,0,0,0,0,0,0,0,0,0,0,0,0,0,0,0,0,0,0,0,0,0,0,0,0,0,0,0,0,0,0,0,0,0,0,0,0,0,0,0,0,0,0,0,0,0,0,0,0,0,0,0,0,0,0,0,0,0,0,0,0,0,0,0,0,0,0,0,0,0,0,0,0,0,0,0,0,0,0,0,0,0,0,0,0,0,0,0,0,0,0,0,0,0,0,0,0,0,0,0,0,0,0,0,0,0,0,0,0,0,0,0,0,0,0,0,0,0,0,0,0,0,0,0,0,0,0,0,0,0,0,0,0,0,0,0,0,0,0,0,0,0,0,0,0,0,0,0,0,0,0
5.701257111,-9.530267000000016,0.46973299999999873,0.46973299999999873,0.9800000000002029,0.9799999999999809,0.9799999999999809,0.9799999999999999,0.9799999999999999,0.9799999999999999,3.899880226959993,2.8091944111679283,1.2881569278390352,4.997516777765326,-0.1114137692434762,-0.1114137692434762,-2.86,-2.0,-1.0,0.0,0.0,0.0,-2.86,0.0,-1.0,0.0,0.0,0.0,-2.86,-2.0,1.0,0.0,0.0,0.0,-2.86,0.0,1.0,0.0,0.0,0.0,7.32,-4.69,-1.0,0.0,0.0,0.0,7.32,-2.69,-1.0,0.0,0.0,0.0,7.32,-0.69,-1.0,0.0,0.0,0.0,7.32,1.31,-1.0,0.0,0.0,0.0,7.32,-4.69,1.0,0.0,0.0,0.0,7.32,-2.69,1.0,0.0,0.0,0.0,7.32,-0.69,1.0,0.0,0.0,0.0,7.32,1.31,1.0,0.0,0.0,0.0,1.54,-1.0254000000000092,-0.12220000000000203,0.0,-0.7299999999998974,0.10999999999999899,1.54,0.9746000000001992,-0.12220000000000203,0.0,-0.7300000000000084,0.10999999999999899,0,0,0,0,0,0,0,0,0,0,0,0,0,0,0,0,0,0,0,0,0,0,0,0,0,0,0,0,0,0,0,0,0,0,0,0,0,0,0,0,0,0,0,0,0,0,0,0,0,0,0,0,0,0,0,0,0,0,0,0,0,0,0,0,0,0,0,0,0,0,0,0,0,0,0,0,0,0,0,0,0,0,0,0,0,0,0,0,0,0,0,0,0,0,0,0,0,0,0,0,0,0,0,0,0,0,0,0,0,0,0,0,0,0,0,0,0,0,0,0,0,0,0,0,0,0,0,0,0,0,0,0,0,0,0,0,0,0,0,0,0,0,0,0,0,0,0,0,0,0,0,0,0,0,0,0,0,0,0,0,0,0,0,0,0,0,0,0,0,0,0,0,0,0,0,0,0,0,0,0,0,0,0,0,0,0,0,0,0,0,0,0,0,0,0,0,0,0,0,0,0,0,0,0,0,0,0,0,0,0,0,0,0,0,0,0
5.801480088,-9.450107000000003,0.5498929999999967,0.5498929999999967,1.068000000000069,1.067999999999958,1.067999999999958,1.0679999999999998,1.0679999999999998,1.0679999999999998,3.945884837663168,2.3452683987393175,1.7507663913739466,4.996472415954248,-0.13278440535003727,-0.13278440535003727,-2.86,-2.0,-1.0,0.0,0.0,0.0,-2.86,0.0,-1.0,0.0,0.0,0.0,-2.86,-2.0,1.0,0.0,0.0,0.0,-2.86,0.0,1.0,0.0,0.0,0.0,7.32,-4.69,-1.0,0.0,0.0,0.0,7.32,-2.69,-1.0,0.0,0.0,0.0,7.32,-0.69,-1.0,0.0,0.0,0.0,7.32,1.31,-1.0,0.0,0.0,0.0,7.32,-4.69,1.0,0.0,0.0,0.0,7.32,-2.69,1.0,0.0,0.0,0.0,7.32,-0.69,1.0,0.0,0.0,0.0,7.32,1.31,1.0,0.0,0.0,0.0,1.54,-1.083800000000001,-0.11340000000000211,0.0,-0.7299999999998974,0.10999999999999899,1.54,0.9162000000001985,-0.11340000000000211,0.0,-0.7300000000000084,0.10999999999999899,0,0,0,0,0,0,0,0,0,0,0,0,0,0,0,0,0,0,0,0,0,0,0,0,0,0,0,0,0,0,0,0,0,0,0,0,0,0,0,0,0,0,0,0,0,0,0,0,0,0,0,0,0,0,0,0,0,0,0,0,0,0,0,0,0,0,0,0,0,0,0,0,0,0,0,0,0,0,0,0,0,0,0,0,0,0,0,0,0,0,0,0,0,0,0,0,0,0,0,0,0,0,0,0,0,0,0,0,0,0,0,0,0,0,0,0,0,0,0,0,0,0,0,0,0,0,0,0,0,0,0,0,0,0,0,0,0,0,0,0,0,0,0,0,0,0,0,0,0,0,0,0,0,0,0,0,0,0,0,0,0,0,0,0,0,0,0,0,0,0,0,0,0,0,0,0,0,0,0,0,0,0,0,0,0,0,0,0,0,0,0,0,0,0,0,0,0,0,0,0,0,0,0,0,0,0,0,0,0,0,0,0,0,0,0,0
5.901218872,-9.341507,0.6548929999999927,0.6584929999999923,1.1679999999998358,0.9679999999999687,1.1679999999999466,1.168,0.9679999999999999,1.168,4.058025002211435,0.7604408363362298,2.5790235251186937,4.9949383100206095,-0.15904602963993225,-0.15904602963993225,-2.86,-2.0,-1.0,0.0,0.0,0.0,-2.86,0.0,-1.0,0.0,0.0,0.0,-2.86,-2.0,1.0,0.0,0.0,0.0,-2.86,0.0,1.0,0.0,0.0,0.0,7.32,-4.69,-1.0,0.0,0.0,0.0,7.32,-2.69,-1.0,0.0,0.0,0.0,7.32,-0.69,-1.0,0.0,0.0,0.0,7.32,1.31,-1.0,0.0,0.0,0.0,7.32,-4.69,1.0,0.0,0.0,0.0,7.32,-2.69,1.0,0.0,0.0,0.0,7.32,-0.69,1.0,0.0,0.0,0.0,7.32,1.31,1.0,0.0,0.0,0.0,1.54,-1.1567999999999907,-0.10240000000000221,0.0,-0.7299999999998974,0.10999999999999899,1.54,0.8432000000001977,-0.10240000000000221,0.0,-0.7300000000000084,0.10999999999999899,0,0,0,0,0,0,0,0,0,0,0,0,0,0,0,0,0,0,0,0,0,0,0,0,0,0,0,0,0,0,0,0,0,0,0,0,0,0,0,0,0,0,0,0,0,0,0,0,0,0,0,0,0,0,0,0,0,0,0,0,0,0,0,0,0,0,0,0,0,0,0,0,0,0,0,0,0,0,0,0,0,0,0,0,0,0,0,0,0,0,0,0,0,0,0,0,0,0,0,0,0,0,0,0,0,0,0,0,0,0,0,0,0,0,0,0,0,0,0,0,0,0,0,0,0,0,0,0,0,0,0,0,0,0,0,0,0,0,0,0,0,0,0,0,0,0,0,0,0,0,0,0,0,0,0,0,0,0,0,0,0,0,0,0,0,0,0,0,0,0,0,0,0,0,0,0,0,0,0,0,0,0,0,0,0,0,0,0,0,0,0,0,0,0,0,0,0,0,0,0,0,0,0,0,0,0,0,0,0,0,0,0,0,0,0,0
6.001939029,-9.24704700000001,0.7333529999999903,0.7529529999999881,1.2530000000001706,1.0529999999999706,1.2529999999999486,1.253,1.053,1.253,4.146474125708209,2.1791344208858465,1.7202718971799091,4.993162184911623,-0.18298294440274554,-0.18667789699450482,-2.86,-2.0,-1.0,0.0,0.0,0.0,-2.86,0.0,-1.0,0.0,0.0,0.0,-2.86,-2.0,1.0,0.0,0.0,0.0,-2.86,0.0,1.0,0.0,0.0,0.0,7.32,-4.69,-1.0,0.0,0.0,0.0,7.32,-2.69,-1.0,0.0,0.0,0.0,7.32,-0.69,-1.0,0.0,0.0,0.0,7.32,1.31,-1.0,0.0,0.0,0.0,7.32,-4.69,1.0,0.0,0.0,0.0,7.32,-2.69,1.0,0.0,0.0,0.0,7.32,-0.69,1.0,0.0,0.0,0.0,7.32,1.31,1.0,0.0,0.0,0.0,1.54,-1.2151999999999825,-0.09360000000000229,0.0,-0.7299999999998974,0.10999999999999899,1.54,0.784800000000197,-0.09360000000000229,0.0,-0.7300000000000084,0.10999999999999899,0,0,0,0,0,0,0,0,0,0,0,0,0,0,0,0,0,0,0,0,0,0,0,0,0,0,0,0,0,0,0,0,0,0,0,0,0,0,0,0,0,0,0,0,0,0,0,0,0,0,0,0,0,0,0,0,0,0,0,0,0,0,0,0,0,0,0,0,0,0,0,0,0,0,0,0,0,0,0,0,0,0,0,0,0,0,0,0,0,0,0,0,0,0,0,0,0,0,0,0,0,0,0,0,0,0,0,0,0,0,0,0,0,0,0,0,0,0,0,0,0,0,0,0,0,0,0,0,0,0,0,0,0,0,0,0,0,0,0,0,0,0,0,0,0,0,0,0,0,0,0,0,0,0,0,0,0,0,0,0,0,0,0,0,0,0,0,0,0,0,0,0,0,0,0,0,0,0,0,0,0,0,0,0,0,0,0,0,0,0,0,0,0,0,0,0,0,0,0,0,0,0,0,0,0,0,0,0,0,0,0,0,0,0,0,0
6.100513339,-9.146626999999995,0.817772999999988,0.8530129999999841,1.2710000000001997,1.0709999999999773,1.234999999999964,1.343,1.143,1.1629999999999998,4.222611240024293,2.315843178814892,1.0218431970354664,4.990990969492648,-0.20794087072895678,-0.21626311919354135,-2.86,-2.0,-1.0,0.0,0.0,0.0,-2.86,0.0,-1.0,0.0,0.0,0.0,-2.86,-2.0,1.0,0.0,0.0,0.0,-2.86,0.0,1.0,0.0,0.0,0.0,7.32,-4.69,-1.0,0.0,0.0,0.0,7.32,-2.69,-1.0,0.0,0.0,0.0,7.32,-0.69,-1.0,0.0,0.0,0.0,7.32,1.31,-1.0,0.0,0.0,0.0,7.32,-4.69,1.0,0.0,0.0,0.0,7.32,-2.69,1.0,0.0,0.0,0.0,7.32,-0.69,1.0,0.0,0.0,0.0,7.32,1.31,1.0,0.0,0.0,0.0,1.54,-1.2881999999999723,-0.0826000000000024,0.0,-0.7299999999998974,0.10999999999999899,1.54,0.7264000000001963,-0.08480000000000237,0.0,-0.7300000000000084,0.10999999999999899,0,0,0,0,0,0,0,0,0,0,0,0,0,0,0,0,0,0,0,0,0,0,0,0,0,0,0,0,0,0,0,0,0,0,0,0,0,0,0,0,0,0,0,0,0,0,0,0,0,0,0,0,0,0,0,0,0,0,0,0,0,0,0,0,0,0,0,0,0,0,0,0,0,0,0,0,0,0,0,0,0,0,0,0,0,0,0,0,0,0,0,0,0,0,0,0,0,0,0,0,0,0,0,0,0,0,0,0,0,0,0,0,0,0,0,0,0,0,0,0,0,0,0,0,0,0,0,0,0,0,0,0,0,0,0,0,0,0,0,0,0,0,0,0,0,0,0,0,0,0,0,0,0,0,0,0,0,0,0,0,0,0,0,0,0,0,0,0,0,0,0,0,0,0,0,0,0,0,0,0,0,0,0,0,0,0,0,0,0,0,0,0,0,0,0,0,0,0,0,0,0,0,0,0,0,0,0,0,0,0,0,0,0,0,0,0
6.201651326,-9.010625999999968,0.9303719999999885,0.9710139999999866,1.4240000000000919,1.0620000000000076,1.2440000000000229,1.424,1.062,1.2439999999999998,4.336465151569688,0.5529069818194425,2.3821359243841838,4.988536468951304,-0.23442636462768685,-0.24402495263864868,-2.86,-2.0,-1.0,0.0,0.0,0.0,-2.86,0.0,-1.0,0.0,0.0,0.0,-2.86,-2.0,1.0,0.0,0.0,0.0,-2.86,0.0,1.0,0.0,0.0,0.0,7.32,-4.69,-1.0,0.0,0.0,0.0,7.32,-2.69,-1.0,0.0,0.0,0.0,7.32,-0.69,-1.0,0.0,0.0,0.0,7.32,1.31,-1.0,0.0,0.0,0.0,7.32,-4.69,1.0,0.0,0.0,0.0,7.32,-2.69,1.0,0.0,0.0,0.0,7.32,-0.69,1.0,0.0,0.0,0.0,7.32,1.31,1.0,0.0,0.0,0.0,1.54,-1.346599999999964,-0.07380000000000247,0.0,-0.7299999999998974,0.10999999999999899,1.54,0.6534000000001955,-0.07380000000000247,0.0,-0.7300000000000084,0.10999999999999899,0,0,0,0,0,0,0,0,0,0,0,0,0,0,0,0,0,0,0,0,0,0,0,0,0,0,0,0,0,0,0,0,0,0,0,0,0,0,0,0,0,0,0,0,0,0,0,0,0,0,0,0,0,0,0,0,0,0,0,0,0,0,0,0,0,0,0,0,0,0,0,0,0,0,0,0,0,0,0,0,0,0,0,0,0,0,0,0,0,0,0,0,0,0,0,0,0,0,0,0,0,0,0,0,0,0,0,0,0,0,0,0,0,0,0,0,0,0,0,0,0,0,0,0,0,0,0,0,0,0,0,0,0,0,0,0,0,0,0,0,0,0,0,0,0,0,0,0,0,0,0,0,0,0,0,0,0,0,0,0,0,0,0,0,0,0,0,0,0,0,0,0,0,0,0,0,0,0,0,0,0,0,0,0,0,0,0,0,0,0,0,0,0,0,0,0,0,0,0,0,0,0,0,0,0,0,0,0,0,0,0,0,0,0,0,0
6.306916212,-8.925185999999963,0.994091999999989,1.0456539999999879,1.4240000000000919,1.0620000000000076,1.2440000000000229,1.507,1.145,1.1609999999999998,4.421214739126544,2.1041073525215594,0.1363475129658449,4.985775561006939,-0.25979484209486436,-0.2730360695711189,-2.86,-2.0,-1.0,0.0,0.0,0.0,-2.86,0.0,-1.0,0.0,0.0,0.0,-2.86,-2.0,1.0,0.0,0.0,0.0,-2.86,0.0,1.0,0.0,0.0,0.0,7.32,-4.69,-1.0,0.0,0.0,0.0,7.32,-2.69,-1.0,0.0,0.0,0.0,7.32,-0.69,-1.0,0.0,0.0,0.0,7.32,1.31,-1.0,0.0,0.0,0.0,7.32,-4.69,1.0,0.0,0.0,0.0,7.32,-2.69,1.0,0.0,0.0,0.0,7.32,-0.69,1.0,0.0,0.0,0.0,7.32,1.31,1.0,0.0,0.0,0.0,1.54,-1.390399999999958,-0.06720000000000254,0.0,-0.7299999999998974,0.10999999999999899,1.54,0.609600000000195,-0.06720000000000254,0.0,-0.7300000000000084,0.10999999999999899,0,0,0,0,0,0,0,0,0,0,0,0,0,0,0,0,0,0,0,0,0,0,0,0,0,0,0,0,0,0,0,0,0,0,0,0,0,0,0,0,0,0,0,0,0,0,0,0,0,0,0,0,0,0,0,0,0,0,0,0,0,0,0,0,0,0,0,0,0,0,0,0,0,0,0,0,0,0,0,0,0,0,0,0,0,0,0,0,0,0,0,0,0,0,0,0,0,0,0,0,0,0,0,0,0,0,0,0,0,0,0,0,0,0,0,0,0,0,0,0,0,0,0,0,0,0,0,0,0,0,0,0,0,0,0,0,0,0,0,0,0,0,0,0,0,0,0,0,0,0,0,0,0,0,0,0,0,0,0,0,0,0,0,0,0,0,0,0,0,0,0,0,0,0,0,0,0,0,0,0,0,0,0,0,0,0,0,0,0,0,0,0,0,0,0,0,0,0,0,0,0,0,0,0,0,0,0,0,0,0,0,0,0,0,0,0
6.401245047,-8.803732999999943,1.0865849999999866,1.1376409999999875,1.56800000000068,1.2060000000000404,1.100000000000101,1.5679999999999998,1.206,1.0999999999999999,4.486143687694243,1.9964880752596952,0.7295564812078432,4.983582576819265,-0.2792343069871409,-0.2931431422101889,-2.86,-2.0,-1.0,0.0,0.0,0.0,-2.86,0.0,-1.0,0.0,0.0,0.0,-2.86,-2.0,1.0,0.0,0.0,0.0,-2.86,0.0,1.0,0.0,0.0,0.0,7.32,-4.69,-1.0,0.0,0.0,0.0,7.32,-2.69,-1.0,0.0,0.0,0.0,7.32,-0.69,-1.0,0.0,0.0,0.0,7.32,1.31,-1.0,0.0,0.0,0.0,7.32,-4.69,1.0,0.0,0.0,0.0,7.32,-2.69,1.0,0.0,0.0,0.0,7.32,-0.69,1.0,0.0,0.0,0.0,7.32,1.31,1.0,0.0,0.0,0.0,1.54,-1.4341999999999517,-0.060600000000002596,0.0,-0.7299999999998974,0.10999999999999899,1.54,0.5658000000001945,-0.060600000000002596,0.0,-0.7300000000000084,0.10999999999999899,0,0,0,0,0,0,0,0,0,0,0,0,0,0,0,0,0,0,0,0,0,0,0,0,0,0,0,0,0,0,0,0,0,0,0,0,0,0,0,0,0,0,0,0,0,0,0,0,0,0,0,0,0,0,0,0,0,0,0,0,0,0,0,0,0,0,0,0,0,0,0,0,0,0,0,0,0,0,0,0,0,0,0,0,0,0,0,0,0,0,0,0,0,0,0,0,0,0,0,0,0,0,0,0,0,0,0,0,0,0,0,0,0,0,0,0,0,0,0,0,0,0,0,0,0,0,0,0,0,0,0,0,0,0,0,0,0,0,0,0,0,0,0,0,0,0,0,0,0,0,0,0,0,0,0,0,0,0,0,0,0,0,0,0,0,0,0,0,0,0,0,0,0,0,0,0,0,0,0,0,0,0,0,0,0,0,0,0,0,0,0,0,0,0,0,0,0,0,0,0,0,0,0,0,0,0,0,0,0,0,0,0,0,0,0,0
6.500967566,-8.708676999999922,1.1586414411947215,1.202664999999992,1.6289999999994365,1.187027574670818,1.0390000000000121,1.6289999999999998,1.18702757467078,1.039,4.565591234517187,1.18702757467078,-0.36160845895295757,4.981448411866353,-0.2978414843126651,-0.3105835960520308,-2.86,-2.0,-1.0,0.0,0.0,0.0,-2.86,0.0,-1.0,0.0,0.0,0.0,-2.86,-2.0,1.0,0.0,0.0,0.0,-2.86,0.0,1.0,0.0,0.0,0.0,7.32,-4.69,-1.0,0.0,0.0,0.0,7.32,-2.69,-1.0,0.0,0.0,0.0,7.32,-0.69,-1.0,0.0,0.0,0.0,7.32,1.31,-1.0,0.0,0.0,0.0,7.32,-4.69,1.0,0.0,0.0,0.0,7.32,-2.69,1.0,0.0,0.0,0.0,7.32,-0.69,1.0,0.0,0.0,0.0,7.32,1.31,1.0,0.0,0.0,0.0,1.54,-1.4925999999999435,-0.05180000000000268,0.0,-0.7299999999998974,0.10999999999999899,1.54,0.5074000000001938,-0.05180000000000268,0.0,-0.7300000000000084,0.10999999999999899,0,0,0,0,0,0,0,0,0,0,0,0,0,0,0,0,0,0,0,0,0,0,0,0,0,0,0,0,0,0,0,0,0,0,0,0,0,0,0,0,0,0,0,0,0,0,0,0,0,0,0,0,0,0,0,0,0,0,0,0,0,0,0,0,0,0,0,0,0,0,0,0,0,0,0,0,0,0,0,0,0,0,0,0,0,0,0,0,0,0,0,0,0,0,0,0,0,0,0,0,0,0,0,0,0,0,0,0,0,0,0,0,0,0,0,0,0,0,0,0,0,0,0,0,0,0,0,0,0,0,0,0,0,0,0,0,0,0,0,0,0,0,0,0,0,0,0,0,0,0,0,0,0,0,0,0,0,0,0,0,0,0,0,0,0,0,0,0,0,0,0,0,0,0,0,0,0,0,0,0,0,0,0,0,0,0,0,0,0,0,0,0,0,0,0,0,0,0,0,0,0,0,0,0,0,0,0,0,0,0,0,0,0,0,0,0
6.603645208,-8.610036999999936,1.2307630956749698,1.2641049999999936,1.6890000000007177,1.247027574670767,0.9790000000000632,1.6889999999999998,1.24702757467078,0.9789999999999999,4.610445934115185,1.8927277656160326,-0.08560106929701239,4.978962601809306,-0.3186601759419616,-0.3292219647182507,-2.86,-2.0,-1.0,0.0,0.0,0.0,-2.86,0.0,-1.0,0.0,0.0,0.0,-2.86,-2.0,1.0,0.0,0.0,0.0,-2.86,0.0,1.0,0.0,0.0,0.0,7.32,-4.69,-1.0,0.0,0.0,0.0,7.32,-2.69,-1.0,0.0,0.0,0.0,7.32,-0.69,-1.0,0.0,0.0,0.0,7.32,1.31,-1.0,0.0,0.0,0.0,7.32,-4.69,1.0,0.0,0.0,0.0,7.32,-2.69,1.0,0.0,0.0,0.0,7.32,-0.69,1.0,0.0,0.0,0.0,7.32,1.31,1.0,0.0,0.0,0.0,1.54,-1.5363999999999374,-0.04520000000000274,0.0,-0.7299999999998974,0.10999999999999899,1.54,0.4636000000001933,-0.04520000000000274,0.0,-0.7300000000000084,0.10999999999999899,0,0,0,0,0,0,0,0,0,0,0,0,0,0,0,0,0,0,0,0,0,0,0,0,0,0,0,0,0,0,0,0,0,0,0,0,0,0,0,0,0,0,0,0,0,0,0,0,0,0,0,0,0,0,0,0,0,0,0,0,0,0,0,0,0,0,0,0,0,0,0,0,0,0,0,0,0,0,0,0,0,0,0,0,0,0,0,0,0,0,0,0,0,0,0,0,0,0,0,0,0,0,0,0,0,0,0,0,0,0,0,0,0,0,0,0,0,0,0,0,0,0,0,0,0,0,0,0,0,0,0,0,0,0,0,0,0,0,0,0,0,0,0,0,0,0,0,0,0,0,0,0,0,0,0,0,0,0,0,0,0,0,0,0,0,0,0,0,0,0,0,0,0,0,0,0,0,0,0,0,0,0,0,0,0,0,0,0,0,0,0,0,0,0,0,0,0,0,0,0,0,0,0,0,0,0,0,0,0,0,0,0,0,0,0,0
6.702132161,-8.542476999999908,1.2806441986618005,1.3032649999999961,1.6890000000007177,1.247027574670767,0.9790000000000632,1.7489999999999999,1.1915846781185655,0.9189999999999998,4.679344629102953,1.1915846781185655,-1.1483086545898473,4.976217701456675,-0.341124481430704,-0.3476945151679589,-2.86,-2.0,-1.0,0.0,0.0,0.0,-2.86,0.0,-1.0,0.0,0.0,0.0,-2.86,-2.0,1.0,0.0,0.0,0.0,-2.86,0.0,1.0,0.0,0.0,0.0,7.32,-4.69,-1.0,0.0,0.0,0.0,7.32,-2.69,-1.0,0.0,0.0,0.0,7.32,-0.69,-1.0,0.0,0.0,0.0,7.32,1.31,-1.0,0.0,0.0,0.0,7.32,-4.69,1.0,0.0,0.0,0.0,7.32,-2.69,1.0,0.0,0.0,0.0,7.32,-0.69,1.0,0.0,0.0,0.0,7.32,1.31,1.0,0.0,0.0,0.0,1.54,-1.5655999999999333,-0.04080000000000278,0.0,-0.7299999999998974,0.10999999999999899,1.54,0.43440000000019297,-0.04080000000000278,0.0,-0.7300000000000084,0.10999999999999899,0,0,0,0,0,0,0,0,0,0,0,0,0,0,0,0,0,0,0,0,0,0,0,0,0,0,0,0,0,0,0,0,0,0,0,0,0,0,0,0,0,0,0,0,0,0,0,0,0,0,0,0,0,0,0,0,0,0,0,0,0,0,0,0,0,0,0,0,0,0,0,0,0,0,0,0,0,0,0,0,0,0,0,0,0,0,0,0,0,0,0,0,0,0,0,0,0,0,0,0,0,0,0,0,0,0,0,0,0,0,0,0,0,0,0,0,0,0,0,0,0,0,0,0,0,0,0,0,0,0,0,0,0,0,0,0,0,0,0,0,0,0,0,0,0,0,0,0,0,0,0,0,0,0,0,0,0,0,0,0,0,0,0,0,0,0,0,0,0,0,0,0,0,0,0,0,0,0,0,0,0,0,0,0,0,0,0,0,0,0,0,0,0,0,0,0,0,0,0,0,0,0,0,0,0,0,0,0,0,0,0,0,0,0,0,0
6.806898946,-8.401436999999884,1.374837301600941,1.3756649999999895,1.8010000000003856,1.139584678118588,0.8669999999999511,1.801,1.1395846781185655,0.8669999999999998,4.736273080410744,0.9337544659243404,-0.0660558711200907,4.974023742942358,-0.3584126592364629,-0.3614251932900445,-2.86,-2.0,-1.0,0.0,0.0,0.0,-2.86,0.0,-1.0,0.0,0.0,0.0,-2.86,-2.0,1.0,0.0,0.0,0.0,-2.86,0.0,1.0,0.0,0.0,0.0,7.32,-4.69,-1.0,0.0,0.0,0.0,7.32,-2.69,-1.0,0.0,0.0,0.0,7.32,-0.69,-1.0,0.0,0.0,0.0,7.32,1.31,-1.0,0.0,0.0,0.0,7.32,-4.69,1.0,0.0,0.0,0.0,7.32,-2.69,1.0,0.0,0.0,0.0,7.32,-0.69,1.0,0.0,0.0,0.0,7.32,1.31,1.0,0.0,0.0,0.0,1.54,-1.623999999999925,-0.03200000000000286,0.0,-0.7299999999998974,0.10999999999999899,1.54,0.3760000000001923,-0.03200000000000286,0.0,-0.7300000000000084,0.10999999999999899,0,0,0,0,0,0,0,0,0,0,0,0,0,0,0,0,0,0,0,0,0,0,0,0,0,0,0,0,0,0,0,0,0,0,0,0,0,0,0,0,0,0,0,0,0,0,0,0,0,0,0,0,0,0,0,0,0,0,0,0,0,0,0,0,0,0,0,0,0,0,0,0,0,0,0,0,0,0,0,0,0,0,0,0,0,0,0,0,0,0,0,0,0,0,0,0,0,0,0,0,0,0,0,0,0,0,0,0,0,0,0,0,0,0,0,0,0,0,0,0,0,0,0,0,0,0,0,0,0,0,0,0,0,0,0,0,0,0,0,0,0,0,0,0,0,0,0,0,0,0,0,0,0,0,0,0,0,0,0,0,0,0,0,0,0,0,0,0,0,0,0,0,0,0,0,0,0,0,0,0,0,0,0,0,0,0,0,0,0,0,0,0,0,0,0,0,0,0,0,0,0,0,0,0,0,0,0,0,0,0,0,0,0,0,0,0
6.901065737,-8.292396999999873,1.442232382288056,1.4267049999999863,1.870999999999512,1.0695846781185736,0.7969999999999366,1.871,1.0695846781185654,0.7969999999999997,4.7988887301502094,0.8643265561550888,0.013717921438257452,4.9708733805960446,-0.3820941543474715,-0.3800288032441079,-2.86,-2.0,-1.0,0.0,0.0,0.0,-2.86,0.0,-1.0,0.0,0.0,0.0,-2.86,-2.0,1.0,0.0,0.0,0.0,-2.86,0.0,1.0,0.0,0.0,0.0,7.32,-4.69,-1.0,0.0,0.0,0.0,7.32,-2.69,-1.0,0.0,0.0,0.0,7.32,-0.69,-1.0,0.0,0.0,0.0,7.32,1.31,-1.0,0.0,0.0,0.0,7.32,-4.69,1.0,0.0,0.0,0.0,7.32,-2.69,1.0,0.0,0.0,0.0,7.32,-0.69,1.0,0.0,0.0,0.0,7.32,1.31,1.0,0.0,0.0,0.0,1.54,-1.667799999999919,-0.02540000000000292,0.0,-0.7299999999998974,0.10999999999999899,1.54,0.3322000000001918,-0.02540000000000292,0.0,-0.7300000000000084,0.10999999999999899,0,0,0,0,0,0,0,0,0,0,0,0,0,0,0,0,0,0,0,0,0,0,0,0,0,0,0,0,0,0,0,0,0,0,0,0,0,0,0,0,0,0,0,0,0,0,0,0,0,0,0,0,0,0,0,0,0,0,0,0,0,0,0,0,0,0,0,0,0,0,0,0,0,0,0,0,0,0,0,0,0,0,0,0,0,0,0,0,0,0,0,0,0,0,0,0,0,0,0,0,0,0,0,0,0,0,0,0,0,0,0,0,0,0,0,0,0,0,0,0,0,0,0,0,0,0,0,0,0,0,0,0,0,0,0,0,0,0,0,0,0,0,0,0,0,0,0,0,0,0,0,0,0,0,0,0,0,0,0,0,0,0,0,0,0,0,0,0,0,0,0,0,0,0,0,0,0,0,0,0,0,0,0,0,0,0,0,0,0,0,0,0,0,0,0,0,0,0,0,0,0,0,0,0,0,0,0,0,0,0,0,0,0,0,0,0
7.002633545,-8.140907999999875,1.5259901565375409,1.4886559999999802,1.9380000000008835,1.0025846781185344,0.7299999999998974,1.938,1.0025846781185654,0.7299999999999998,4.865271052524545,0.8291296879495318,0.5508855214323951,4.96767820578277,-0.4049434549844272,-0.39773614627809994,-2.86,-2.0,-1.0,0.0,0.0,0.0,-2.86,0.0,-1.0,0.0,0.0,0.0,-2.86,-2.0,1.0,0.0,0.0,0.0,-2.86,0.0,1.0,0.0,0.0,0.0,7.32,-4.69,-1.0,0.0,0.0,0.0,7.32,-2.69,-1.0,0.0,0.0,0.0,7.32,-0.69,-1.0,0.0,0.0,0.0,7.32,1.31,-1.0,0.0,0.0,0.0,7.32,-4.69,1.0,0.0,0.0,0.0,7.32,-2.69,1.0,0.0,0.0,0.0,7.32,-0.69,1.0,0.0,0.0,0.0,7.32,1.31,1.0,0.0,0.0,0.0,1.54,-1.7115999999999127,-0.01880000000000298,0.0,-0.7299999999998974,0.10999999999999899,1.54,0.2884000000001913,-0.01880000000000298,0.0,-0.7300000000000084,0.10999999999999899,0,0,0,0,0,0,0,0,0,0,0,0,0,0,0,0,0,0,0,0,0,0,0,0,0,0,0,0,0,0,0,0,0,0,0,0,0,0,0,0,0,0,0,0,0,0,0,0,0,0,0,0,0,0,0,0,0,0,0,0,0,0,0,0,0,0,0,0,0,0,0,0,0,0,0,0,0,0,0,0,0,0,0,0,0,0,0,0,0,0,0,0,0,0,0,0,0,0,0,0,0,0,0,0,0,0,0,0,0,0,0,0,0,0,0,0,0,0,0,0,0,0,0,0,0,0,0,0,0,0,0,0,0,0,0,0,0,0,0,0,0,0,0,0,0,0,0,0,0,0,0,0,0,0,0,0,0,0,0,0,0,0,0,0,0,0,0,0,0,0,0,0,0,0,0,0,0,0,0,0,0,0,0,0,0,0,0,0,0,0,0,0,0,0,0,0,0,0,0,0,0,0,0,0,0,0,0,0,0,0,0,0,0,0,0,0
7.101004042,-7.984247999999827,1.6068360592155169,1.5454359999999734,2.027999999999963,1.038091813034825,0.6399999999999739,2.028,1.038091813034728,0.6399999999999998,4.899186618383898,1.038091813034728,-0.07719659365157927,4.963696939377316,-0.43204590647273566,-0.4183886096877153,-2.86,-2.0,-1.0,0.0,0.0,0.0,-2.86,0.0,-1.0,0.0,0.0,0.0,-2.86,-2.0,1.0,0.0,0.0,0.0,-2.86,0.0,1.0,0.0,0.0,0.0,7.32,-4.69,-1.0,0.0,0.0,0.0,7.32,-2.69,-1.0,0.0,0.0,0.0,7.32,-0.69,-1.0,0.0,0.0,0.0,7.32,1.31,-1.0,0.0,0.0,0.0,7.32,-4.69,1.0,0.0,0.0,0.0,7.32,-2.69,1.0,0.0,0.0,0.0,7.32,-0.69,1.0,0.0,0.0,0.0,7.32,1.31,1.0,0.0,0.0,0.0,1.54,-1.7845999999999025,-0.007800000000002958,0.0,-0.7299999999998974,0.11000000000000065,1.54,0.21540000000019044,-0.007800000000002958,0.0,-0.7300000000000084,0.11000000000000065,0,0,0,0,0,0,0,0,0,0,0,0,0,0,0,0,0,0,0,0,0,0,0,0,0,0,0,0,0,0,0,0,0,0,0,0,0,0,0,0,0,0,0,0,0,0,0,0,0,0,0,0,0,0,0,0,0,0,0,0,0,0,0,0,0,0,0,0,0,0,0,0,0,0,0,0,0,0,0,0,0,0,0,0,0,0,0,0,0,0,0,0,0,0,0,0,0,0,0,0,0,0,0,0,0,0,0,0,0,0,0,0,0,0,0,0,0,0,0,0,0,0,0,0,0,0,0,0,0,0,0,0,0,0,0,0,0,0,0,0,0,0,0,0,0,0,0,0,0,0,0,0,0,0,0,0,0,0,0,0,0,0,0,0,0,0,0,0,0,0,0,0,0,0,0,0,0,0,0,0,0,0,0,0,0,0,0,0,0,0,0,0,0,0,0,0,0,0,0,0,0,0,0,0,0,0,0,0,0,0,0,0,0,0,0,0
7.200832617,-7.821127999999817,1.689003404258302,1.5957559999999726,2.1160000000000068,0.9500918130347369,0.552000000000108,2.116,0.9500918130347281,0.5519999999999998,4.9161129834851724,0.7070034841575548,0.4580957037054967,4.959280881205659,-0.46170405381053764,-0.43859150470904185,-2.86,-2.0,-1.0,0.0,0.0,0.0,-2.86,0.0,-1.0,0.0,0.0,0.0,-2.86,-2.0,1.0,0.0,0.0,0.0,-2.86,0.0,1.0,0.0,0.0,0.0,7.32,-4.69,-1.0,0.0,0.0,0.0,7.32,-2.69,-1.0,0.0,0.0,0.0,7.32,-0.69,-1.0,0.0,0.0,0.0,7.32,1.31,-1.0,0.0,0.0,0.0,7.32,-4.69,1.0,0.0,0.0,0.0,7.32,-2.69,1.0,0.0,0.0,0.0,7.32,-0.69,1.0,0.0,0.0,0.0,7.32,1.31,1.0,0.0,0.0,0.0,1.54,-1.8429999999998943,0.0009999999999970345,0.0,-0.7299999999998974,0.10999999999999999,1.54,0.15700000000018977,0.0009999999999970345,0.0,-0.7300000000000084,0.10999999999999999,0,0,0,0,0,0,0,0,0,0,0,0,0,0,0,0,0,0,0,0,0,0,0,0,0,0,0,0,0,0,0,0,0,0,0,0,0,0,0,0,0,0,0,0,0,0,0,0,0,0,0,0,0,0,0,0,0,0,0,0,0,0,0,0,0,0,0,0,0,0,0,0,0,0,0,0,0,0,0,0,0,0,0,0,0,0,0,0,0,0,0,0,0,0,0,0,0,0,0,0,0,0,0,0,0,0,0,0,0,0,0,0,0,0,0,0,0,0,0,0,0,0,0,0,0,0,0,0,0,0,0,0,0,0,0,0,0,0,0,0,0,0,0,0,0,0,0,0,0,0,0,0,0,0,0,0,0,0,0,0,0,0,0,0,0,0,0,0,0,0,0,0,0,0,0,0,0,0,0,0,0,0,0,0,0,0,0,0,0,0,0,0,0,0,0,0,0,0,0,0,0,0,0,0,0,0,0,0,0,0,0,0,0,0,0,0
7.30177003,-7.607231999999819,1.7826083152413617,1.6486599999999796,2.1979999999999222,0.8999393015913792,0.46999999999997044,2.198,0.8999393015914321,0.4699999999999998,4.886148109840464,0.8999393015914321,-0.18739246363490647,4.954935714096889,-0.48989840777228744,-0.45674020977939533,-2.86,-2.0,-1.0,0.0,0.0,0.0,-2.86,0.0,-1.0,0.0,0.0,0.0,-2.86,-2.0,1.0,0.0,0.0,0.0,-2.86,0.0,1.0,0.0,0.0,0.0,7.32,-4.69,-1.0,0.0,0.0,0.0,7.32,-2.69,-1.0,0.0,0.0,0.0,7.32,-0.69,-1.0,0.0,0.0,0.0,7.32,1.31,-1.0,0.0,0.0,0.0,7.32,-4.69,1.0,0.0,0.0,0.0,7.32,-2.69,1.0,0.0,0.0,0.0,7.32,-0.69,1.0,0.0,0.0,0.0,7.32,1.31,1.0,0.0,0.0,0.0,1.54,-1.915999999999884,0.011999999999997055,0.0,-0.7299999999998974,0.11000000000000074,1.54,0.08400000000018971,0.011999999999997055,0.0,-0.7299999999999944,0.11000000000000074,0,0,0,0,0,0,0,0,0,0,0,0,0,0,0,0,0,0,0,0,0,0,0,0,0,0,0,0,0,0,0,0,0,0,0,0,0,0,0,0,0,0,0,0,0,0,0,0,0,0,0,0,0,0,0,0,0,0,0,0,0,0,0,0,0,0,0,0,0,0,0,0,0,0,0,0,0,0,0,0,0,0,0,0,0,0,0,0,0,0,0,0,0,0,0,0,0,0,0,0,0,0,0,0,0,0,0,0,0,0,0,0,0,0,0,0,0,0,0,0,0,0,0,0,0,0,0,0,0,0,0,0,0,0,0,0,0,0,0,0,0,0,0,0,0,0,0,0,0,0,0,0,0,0,0,0,0,0,0,0,0,0,0,0,0,0,0,0,0,0,0,0,0,0,0,0,0,0,0,0,0,0,0,0,0,0,0,0,0,0,0,0,0,0,0,0,0,0,0,0,0,0,0,0,0,0,0,0,0,0,0,0,0,0,0,0
7.40087056,-7.429499999999814,1.8527114593686713,1.688151999999978,2.284000000000397,0.8139393015913488,0.5560000000000009,2.284,0.8139393015914321,0.5559999999999998,4.93976341219282,-0.30007818619863835,0.5940828964128122,4.950734871401162,-0.5164503408978275,-0.4727613335278622,-2.86,-2.0,-1.0,0.0,0.0,0.0,-2.86,0.0,-1.0,0.0,0.0,0.0,-2.86,-2.0,1.0,0.0,0.0,0.0,-2.86,0.0,1.0,0.0,0.0,0.0,7.32,-4.69,-1.0,0.0,0.0,0.0,7.32,-2.69,-1.0,0.0,0.0,0.0,7.32,-0.69,-1.0,0.0,0.0,0.0,7.32,1.31,-1.0,0.0,0.0,0.0,7.32,-4.69,1.0,0.0,0.0,0.0,7.32,-2.69,1.0,0.0,0.0,0.0,7.32,-0.69,1.0,0.0,0.0,0.0,7.32,1.31,1.0,0.0,0.0,0.0,1.54,-1.9743999999998758,0.02079999999999703,0.0,-0.7299999999998974,0.10999999999999899,1.54,0.025600000000189797,0.02079999999999703,0.0,-0.7300000000000014,0.10999999999999899,0,0,0,0,0,0,0,0,0,0,0,0,0,0,0,0,0,0,0,0,0,0,0,0,0,0,0,0,0,0,0,0,0,0,0,0,0,0,0,0,0,0,0,0,0,0,0,0,0,0,0,0,0,0,0,0,0,0,0,0,0,0,0,0,0,0,0,0,0,0,0,0,0,0,0,0,0,0,0,0,0,0,0,0,0,0,0,0,0,0,0,0,0,0,0,0,0,0,0,0,0,0,0,0,0,0,0,0,0,0,0,0,0,0,0,0,0,0,0,0,0,0,0,0,0,0,0,0,0,0,0,0,0,0,0,0,0,0,0,0,0,0,0,0,0,0,0,0,0,0,0,0,0,0,0,0,0,0,0,0,0,0,0,0,0,0,0,0,0,0,0,0,0,0,0,0,0,0,0,0,0,0,0,0,0,0,0,0,0,0,0,0,0,0,0,0,0,0,0,0,0,0,0,0,0,0,0,0,0,0,0,0,0,0,0,0
7.503578569,-7.244662999999796,1.9157096034959795,1.7314270853744447,2.3569999999999425,0.740939301591359,0.5144512198091977,2.3569999999999998,0.7409393015914322,0.5144512198091578,4.937284676586031,-0.1371505675635718,0.5144512198091578,4.946915742820409,-0.5381994816904356,-0.4882273562017397,-2.86,-2.0,-1.0,0.0,0.0,0.0,-2.86,0.0,-1.0,0.0,0.0,0.0,-2.86,-2.0,1.0,0.0,0.0,0.0,-2.86,0.0,1.0,0.0,0.0,0.0,7.32,-4.69,-1.0,0.0,0.0,0.0,7.32,-2.69,-1.0,0.0,0.0,0.0,7.32,-0.69,-1.0,0.0,0.0,0.0,7.32,1.31,-1.0,0.0,0.0,0.0,7.32,-4.69,1.0,0.0,0.0,0.0,7.32,-2.69,1.0,0.0,0.0,0.0,7.32,-0.69,1.0,0.0,0.0,0.0,7.32,1.31,1.0,0.0,0.0,0.0,1.54,-2.0327999999998676,0.029599999999996948,0.0,-0.7299999999998974,0.10999999999999899,1.54,-0.032799999999810245,0.029599999999996948,0.0,-0.7300000000000011,0.10999999999999899,0,0,0,0,0,0,0,0,0,0,0,0,0,0,0,0,0,0,0,0,0,0,0,0,0,0,0,0,0,0,0,0,0,0,0,0,0,0,0,0,0,0,0,0,0,0,0,0,0,0,0,0,0,0,0,0,0,0,0,0,0,0,0,0,0,0,0,0,0,0,0,0,0,0,0,0,0,0,0,0,0,0,0,0,0,0,0,0,0,0,0,0,0,0,0,0,0,0,0,0,0,0,0,0,0,0,0,0,0,0,0,0,0,0,0,0,0,0,0,0,0,0,0,0,0,0,0,0,0,0,0,0,0,0,0,0,0,0,0,0,0,0,0,0,0,0,0,0,0,0,0,0,0,0,0,0,0,0,0,0,0,0,0,0,0,0,0,0,0,0,0,0,0,0,0,0,0,0,0,0,0,0,0,0,0,0,0,0,0,0,0,0,0,0,0,0,0,0,0,0,0,0,0,0,0,0,0,0,0,0,0,0,0,0,0,0
7.600895577,-7.0543229999998,1.9732047476232881,1.7708031829591804,2.445999999999948,0.6519393015913533,0.425451219809192,2.4459999999999997,0.6519393015914322,0.4254512198091578,4.990114387529278,-0.1569554390542245,0.1893830338389324,4.9423113690514295,-0.5629274660917755,-0.5066270810610811,-2.86,-2.0,-1.0,0.0,0.0,0.0,-2.86,0.0,-1.0,0.0,0.0,0.0,-2.86,-2.0,1.0,0.0,0.0,0.0,-2.86,0.0,1.0,0.0,0.0,0.0,7.32,-4.69,-1.0,0.0,0.0,0.0,7.32,-2.69,-1.0,0.0,0.0,0.0,7.32,-0.69,-1.0,0.0,0.0,0.0,7.32,1.31,-1.0,0.0,0.0,0.0,7.32,-4.69,1.0,0.0,0.0,0.0,7.32,-2.69,1.0,0.0,0.0,0.0,7.32,-0.69,1.0,0.0,0.0,0.0,7.32,1.31,1.0,0.0,0.0,0.0,1.54,-2.0911999999998594,0.03839999999999687,0.0,-0.7299999999998974,0.10999999999999899,1.54,-0.09119999999981009,0.03839999999999687,0.0,-0.7299999999999944,0.10999999999999899,0,0,0,0,0,0,0,0,0,0,0,0,0,0,0,0,0,0,0,0,0,0,0,0,0,0,0,0,0,0,0,0,0,0,0,0,0,0,0,0,0,0,0,0,0,0,0,0,0,0,0,0,0,0,0,0,0,0,0,0,0,0,0,0,0,0,0,0,0,0,0,0,0,0,0,0,0,0,0,0,0,0,0,0,0,0,0,0,0,0,0,0,0,0,0,0,0,0,0,0,0,0,0,0,0,0,0,0,0,0,0,0,0,0,0,0,0,0,0,0,0,0,0,0,0,0,0,0,0,0,0,0,0,0,0,0,0,0,0,0,0,0,0,0,0,0,0,0,0,0,0,0,0,0,0,0,0,0,0,0,0,0,0,0,0,0,0,0,0,0,0,0,0,0,0,0,0,0,0,0,0,0,0,0,0,0,0,0,0,0,0,0,0,0,0,0,0,0,0,0,0,0,0,0,0,0,0,0,0,0,0,0,0,0,0,0
7.702020933,-6.857598999999808,2.024315891750603,1.8058832805439151,2.5329999999996744,0.564939301591405,0.5124512198091402,2.533,0.5649393015914322,0.5124512198091578,4.909359161924254,-0.49801757852549056,0.8319222552710772,4.937833053472978,-0.5862474396296488,-0.5235634398593916,-2.86,-2.0,-1.0,0.0,0.0,0.0,-2.86,0.0,-1.0,0.0,0.0,0.0,-2.86,-2.0,1.0,0.0,0.0,0.0,-2.86,0.0,1.0,0.0,0.0,0.0,7.32,-4.69,-1.0,0.0,0.0,0.0,7.32,-2.69,-1.0,0.0,0.0,0.0,7.32,-0.69,-1.0,0.0,0.0,0.0,7.32,1.31,-1.0,0.0,0.0,0.0,7.32,-4.69,1.0,0.0,0.0,0.0,7.32,-2.69,1.0,0.0,0.0,0.0,7.32,-0.69,1.0,0.0,0.0,0.0,7.32,1.31,1.0,0.0,0.0,0.0,1.54,-2.149599999999851,0.047199999999996786,0.0,-0.7299999999998974,0.10999999999999899,1.54,-0.1495999999998101,0.047199999999996786,0.0,-0.7300000000000084,0.10999999999999899,0,0,0,0,0,0,0,0,0,0,0,0,0,0,0,0,0,0,0,0,0,0,0,0,0,0,0,0,0,0,0,0,0,0,0,0,0,0,0,0,0,0,0,0,0,0,0,0,0,0,0,0,0,0,0,0,0,0,0,0,0,0,0,0,0,0,0,0,0,0,0,0,0,0,0,0,0,0,0,0,0,0,0,0,0,0,0,0,0,0,0,0,0,0,0,0,0,0,0,0,0,0,0,0,0,0,0,0,0,0,0,0,0,0,0,0,0,0,0,0,0,0,0,0,0,0,0,0,0,0,0,0,0,0,0,0,0,0,0,0,0,0,0,0,0,0,0,0,0,0,0,0,0,0,0,0,0,0,0,0,0,0,0,0,0,0,0,0,0,0,0,0,0,0,0,0,0,0,0,0,0,0,0,0,0,0,0,0,0,0,0,0,0,0,0,0,0,0,0,0,0,0,0,0,0,0,0,0,0,0,0,0,0,0,0,0
7.800851689,-6.602387999999834,2.0788988219097466,1.8552174025248278,2.6239999999999597,0.47393930159156383,0.42145121980907696,2.624,0.47393930159143227,0.4214512198091578,4.958045061983007,-0.3683724866515825,0.07046723527717758,4.932861576236057,-0.6093003102812102,-0.543718494797766,-2.86,-2.0,-1.0,0.0,0.0,0.0,-2.86,0.0,-1.0,0.0,0.0,0.0,-2.86,-2.0,1.0,0.0,0.0,0.0,-2.86,0.0,1.0,0.0,0.0,0.0,7.32,-4.69,-1.0,0.0,0.0,0.0,7.32,-2.69,-1.0,0.0,0.0,0.0,7.32,-0.69,-1.0,0.0,0.0,0.0,7.32,1.31,-1.0,0.0,0.0,0.0,7.32,-4.69,1.0,0.0,0.0,0.0,7.32,-2.69,1.0,0.0,0.0,0.0,7.32,-0.69,1.0,0.0,0.0,0.0,7.32,1.31,1.0,0.0,0.0,0.0,1.54,-2.222599999999841,0.058199999999996685,0.0,-0.7299999999998974,0.10999999999999899,1.54,-0.22259999999981095,0.058199999999996685,0.0,-0.7300000000000084,0.10999999999999899,0,0,0,0,0,0,0,0,0,0,0,0,0,0,0,0,0,0,0,0,0,0,0,0,0,0,0,0,0,0,0,0,0,0,0,0,0,0,0,0,0,0,0,0,0,0,0,0,0,0,0,0,0,0,0,0,0,0,0,0,0,0,0,0,0,0,0,0,0,0,0,0,0,0,0,0,0,0,0,0,0,0,0,0,0,0,0,0,0,0,0,0,0,0,0,0,0,0,0,0,0,0,0,0,0,0,0,0,0,0,0,0,0,0,0,0,0,0,0,0,0,0,0,0,0,0,0,0,0,0,0,0,0,0,0,0,0,0,0,0,0,0,0,0,0,0,0,0,0,0,0,0,0,0,0,0,0,0,0,0,0,0,0,0,0,0,0,0,0,0,0,0,0,0,0,0,0,0,0,0,0,0,0,0,0,0,0,0,0,0,0,0,0,0,0,0,0,0,0,0,0,0,0,0,0,0,0,0,0,0,0,0,0,0,0,0
7.902100692,-6.338087999999843,2.124392752068899,1.8992625245057353,2.7239999999997266,0.3739393015913528,0.521451219809066,2.724,0.3739393015914323,0.5214512198091578,4.960451851369152,-0.5603185542531048,0.7783225356573054,4.927900556629438,-0.6312538271901231,-0.5633069408671458,-2.86,-2.0,-1.0,0.0,0.0,0.0,-2.86,0.0,-1.0,0.0,0.0,0.0,-2.86,-2.0,1.0,0.0,0.0,0.0,-2.86,0.0,1.0,0.0,0.0,0.0,7.32,-4.69,-1.0,0.0,0.0,0.0,7.32,-2.69,-1.0,0.0,0.0,0.0,7.32,-0.69,-1.0,0.0,0.0,0.0,7.32,1.31,-1.0,0.0,0.0,0.0,7.32,-4.69,1.0,0.0,0.0,0.0,7.32,-2.69,1.0,0.0,0.0,0.0,7.32,-0.69,1.0,0.0,0.0,0.0,7.32,1.31,1.0,0.0,0.0,0.0,1.54,-2.2955999999998307,0.06919999999999658,0.0,-0.7299999999998974,0.10999999999999899,1.54,-0.2955999999998118,0.06919999999999658,0.0,-0.7300000000000084,0.10999999999999899,0,0,0,0,0,0,0,0,0,0,0,0,0,0,0,0,0,0,0,0,0,0,0,0,0,0,0,0,0,0,0,0,0,0,0,0,0,0,0,0,0,0,0,0,0,0,0,0,0,0,0,0,0,0,0,0,0,0,0,0,0,0,0,0,0,0,0,0,0,0,0,0,0,0,0,0,0,0,0,0,0,0,0,0,0,0,0,0,0,0,0,0,0,0,0,0,0,0,0,0,0,0,0,0,0,0,0,0,0,0,0,0,0,0,0,0,0,0,0,0,0,0,0,0,0,0,0,0,0,0,0,0,0,0,0,0,0,0,0,0,0,0,0,0,0,0,0,0,0,0,0,0,0,0,0,0,0,0,0,0,0,0,0,0,0,0,0,0,0,0,0,0,0,0,0,0,0,0,0,0,0,0,0,0,0,0,0,0,0,0,0,0,0,0,0,0,0,0,0,0,0,0,0,0,0,0,0,0,0,0,0,0,0,0,0,0
8.002019432,-6.119036999999857,2.1531768961962108,1.9398476220904612,2.811000000000341,0.2869393015916266,0.4344512198091177,2.8110000000000004,0.2869393015914323,0.4344512198091578,5.001579189336915,-0.24304564527439032,-0.01735368295522166,4.922723290108225,-0.651371790736073,-0.5852437092864232,-2.86,-2.0,-1.0,0.0,0.0,0.0,-2.86,0.0,-1.0,0.0,0.0,0.0,-2.86,-2.0,1.0,0.0,0.0,0.0,-2.86,0.0,1.0,0.0,0.0,0.0,7.32,-4.69,-1.0,0.0,0.0,0.0,7.32,-2.69,-1.0,0.0,0.0,0.0,7.32,-0.69,-1.0,0.0,0.0,0.0,7.32,1.31,-1.0,0.0,0.0,0.0,7.32,-4.69,1.0,0.0,0.0,0.0,7.32,-2.69,1.0,0.0,0.0,0.0,7.32,-0.69,1.0,0.0,0.0,0.0,7.32,1.31,1.0,0.0,0.0,0.0,1.54,-2.3539999999998225,0.0779999999999965,0.0,-0.7299999999998974,0.10999999999999899,1.54,-0.35399999999981246,0.0779999999999965,0.0,-0.7300000000000084,0.10999999999999899,0,0,0,0,0,0,0,0,0,0,0,0,0,0,0,0,0,0,0,0,0,0,0,0,0,0,0,0,0,0,0,0,0,0,0,0,0,0,0,0,0,0,0,0,0,0,0,0,0,0,0,0,0,0,0,0,0,0,0,0,0,0,0,0,0,0,0,0,0,0,0,0,0,0,0,0,0,0,0,0,0,0,0,0,0,0,0,0,0,0,0,0,0,0,0,0,0,0,0,0,0,0,0,0,0,0,0,0,0,0,0,0,0,0,0,0,0,0,0,0,0,0,0,0,0,0,0,0,0,0,0,0,0,0,0,0,0,0,0,0,0,0,0,0,0,0,0,0,0,0,0,0,0,0,0,0,0,0,0,0,0,0,0,0,0,0,0,0,0,0,0,0,0,0,0,0,0,0,0,0,0,0,0,0,0,0,0,0,0,0,0,0,0,0,0,0,0,0,0,0,0,0,0,0,0,0,0,0,0,0,0,0,0,0,0,0
8.101843816,-5.835934999999836,2.179868826355367,1.9821804787041337,2.901999999999738,0.19593930159134132,0.38389370311642246,2.9020000000000006,0.19593930159143233,0.38389370311641624,4.992585755071479,-0.14652045862758944,0.38389370311641624,4.917639419866266,-0.669763276609175,-0.6068275615717549,-2.86,-2.0,-1.0,0.0,0.0,0.0,-2.86,0.0,-1.0,0.0,0.0,0.0,-2.86,-2.0,1.0,0.0,0.0,0.0,-2.86,0.0,1.0,0.0,0.0,0.0,7.32,-4.69,-1.0,0.0,0.0,0.0,7.32,-2.69,-1.0,0.0,0.0,0.0,7.32,-0.69,-1.0,0.0,0.0,0.0,7.32,1.31,-1.0,0.0,0.0,0.0,7.32,-4.69,1.0,0.0,0.0,0.0,7.32,-2.69,1.0,0.0,0.0,0.0,7.32,-0.69,1.0,0.0,0.0,0.0,7.32,1.31,1.0,0.0,0.0,0.0,1.54,-2.426999999999812,0.0889999999999964,0.0,-0.7299999999998974,0.10999999999999899,1.54,-0.4269999999998133,0.0889999999999964,0.0,-0.7300000000000084,0.10999999999999899,0,0,0,0,0,0,0,0,0,0,0,0,0,0,0,0,0,0,0,0,0,0,0,0,0,0,0,0,0,0,0,0,0,0,0,0,0,0,0,0,0,0,0,0,0,0,0,0,0,0,0,0,0,0,0,0,0,0,0,0,0,0,0,0,0,0,0,0,0,0,0,0,0,0,0,0,0,0,0,0,0,0,0,0,0,0,0,0,0,0,0,0,0,0,0,0,0,0,0,0,0,0,0,0,0,0,0,0,0,0,0,0,0,0,0,0,0,0,0,0,0,0,0,0,0,0,0,0,0,0,0,0,0,0,0,0,0,0,0,0,0,0,0,0,0,0,0,0,0,0,0,0,0,0,0,0,0,0,0,0,0,0,0,0,0,0,0,0,0,0,0,0,0,0,0,0,0,0,0,0,0,0,0,0,0,0,0,0,0,0,0,0,0,0,0,0,0,0,0,0,0,0,0,0,0,0,0,0,0,0,0,0,0,0,0,0
8.201690576,-5.603382999999855,2.1951519704826747,2.0132839749534415,2.9411999999998883,0.15673930159136873,0.42309370311635064,3.0000000000000004,0.09793930159143233,0.4818937031164162,4.8933343931706546,-0.5898609303042006,0.7200847484276673,4.912585617298056,-0.6868730563493679,-0.6282578747437653,-2.86,-2.0,-1.0,0.0,0.0,0.0,-2.86,0.0,-1.0,0.0,0.0,0.0,-2.86,-2.0,1.0,0.0,0.0,0.0,-2.86,0.0,1.0,0.0,0.0,0.0,7.32,-4.69,-1.0,0.0,0.0,0.0,7.32,-2.69,-1.0,0.0,0.0,0.0,7.32,-0.69,-1.0,0.0,0.0,0.0,7.32,1.31,-1.0,0.0,0.0,0.0,7.32,-4.69,1.0,0.0,0.0,0.0,7.32,-2.69,1.0,0.0,0.0,0.0,7.32,-0.69,1.0,0.0,0.0,0.0,7.32,1.31,1.0,0.0,0.0,0.0,1.54,-2.485399999999804,0.09779999999999632,0.0,-0.7299999999998974,0.10999999999999899,1.54,-0.4853999999998109,0.09779999999999632,0.0,-0.7299999999999528,0.10999999999999899,0,0,0,0,0,0,0,0,0,0,0,0,0,0,0,0,0,0,0,0,0,0,0,0,0,0,0,0,0,0,0,0,0,0,0,0,0,0,0,0,0,0,0,0,0,0,0,0,0,0,0,0,0,0,0,0,0,0,0,0,0,0,0,0,0,0,0,0,0,0,0,0,0,0,0,0,0,0,0,0,0,0,0,0,0,0,0,0,0,0,0,0,0,0,0,0,0,0,0,0,0,0,0,0,0,0,0,0,0,0,0,0,0,0,0,0,0,0,0,0,0,0,0,0,0,0,0,0,0,0,0,0,0,0,0,0,0,0,0,0,0,0,0,0,0,0,0,0,0,0,0,0,0,0,0,0,0,0,0,0,0,0,0,0,0,0,0,0,0,0,0,0,0,0,0,0,0,0,0,0,0,0,0,0,0,0,0,0,0,0,0,0,0,0,0,0,0,0,0,0,0,0,0,0,0,0,0,0,0,0,0,0,0,0,0,0
8.303251341,-5.301519999999849,2.206808900641821,2.063336345265094,3.0809999999998894,0.17893930159162963,0.5628937031163517,3.0810000000000004,0.17893930159143234,0.5628937031164162,4.956139926521319,0.285706121173289,0.5689980904552314,4.907928504631178,-0.7002207279679572,-0.6495604094715047,-2.86,-2.0,-1.0,0.0,0.0,0.0,-2.86,0.0,-1.0,0.0,0.0,0.0,-2.86,-2.0,1.0,0.0,0.0,0.0,-2.86,0.0,1.0,0.0,0.0,0.0,7.32,-4.69,-1.0,0.0,0.0,0.0,7.32,-2.69,-1.0,0.0,0.0,0.0,7.32,-0.69,-1.0,0.0,0.0,0.0,7.32,1.31,-1.0,0.0,0.0,0.0,7.32,-4.69,1.0,0.0,0.0,0.0,7.32,-2.69,1.0,0.0,0.0,0.0,7.32,-0.69,1.0,0.0,0.0,0.0,7.32,1.31,1.0,0.0,0.0,0.0,1.54,-2.5583999999997937,0.10879999999999622,0.0,-0.7299999999998974,0.10999999999999899,1.54,-0.5583999999998033,0.10879999999999622,0.0,-0.7299999999998974,0.10999999999999899,0,0,0,0,0,0,0,0,0,0,0,0,0,0,0,0,0,0,0,0,0,0,0,0,0,0,0,0,0,0,0,0,0,0,0,0,0,0,0,0,0,0,0,0,0,0,0,0,0,0,0,0,0,0,0,0,0,0,0,0,0,0,0,0,0,0,0,0,0,0,0,0,0,0,0,0,0,0,0,0,0,0,0,0,0,0,0,0,0,0,0,0,0,0,0,0,0,0,0,0,0,0,0,0,0,0,0,0,0,0,0,0,0,0,0,0,0,0,0,0,0,0,0,0,0,0,0,0,0,0,0,0,0,0,0,0,0,0,0,0,0,0,0,0,0,0,0,0,0,0,0,0,0,0,0,0,0,0,0,0,0,0,0,0,0,0,0,0,0,0,0,0,0,0,0,0,0,0,0,0,0,0,0,0,0,0,0,0,0,0,0,0,0,0,0,0,0,0,0,0,0,0,0,0,0,0,0,0,0,0,0,0,0,0,0,0
8.401387299,-5.053869999999856,2.2199540447691493,2.1071978415144,3.171000000000035,0.08893930159148411,0.47289370311620615,3.1710000000000003,0.08893930159143235,0.4728937031164162,4.892499405790009,-0.7593079908962777,0.11360381729715785,4.901777010564778,-0.7171339963311036,-0.6769792980622125,-2.86,-2.0,-1.0,0.0,0.0,0.0,-2.86,0.0,-1.0,0.0,0.0,0.0,-2.86,-2.0,1.0,0.0,0.0,0.0,-2.86,0.0,1.0,0.0,0.0,0.0,7.32,-4.69,-1.0,0.0,0.0,0.0,7.32,-2.69,-1.0,0.0,0.0,0.0,7.32,-0.69,-1.0,0.0,0.0,0.0,7.32,1.31,-1.0,0.0,0.0,0.0,7.32,-4.69,1.0,0.0,0.0,0.0,7.32,-2.69,1.0,0.0,0.0,0.0,7.32,-0.69,1.0,0.0,0.0,0.0,7.32,1.31,1.0,0.0,0.0,0.0,1.54,-2.6167999999997855,0.11759999999999614,0.0,-0.7299999999998974,0.10999999999999899,1.54,-0.6167999999997951,0.11759999999999614,0.0,-0.7299999999998974,0.10999999999999899,0,0,0,0,0,0,0,0,0,0,0,0,0,0,0,0,0,0,0,0,0,0,0,0,0,0,0,0,0,0,0,0,0,0,0,0,0,0,0,0,0,0,0,0,0,0,0,0,0,0,0,0,0,0,0,0,0,0,0,0,0,0,0,0,0,0,0,0,0,0,0,0,0,0,0,0,0,0,0,0,0,0,0,0,0,0,0,0,0,0,0,0,0,0,0,0,0,0,0,0,0,0,0,0,0,0,0,0,0,0,0,0,0,0,0,0,0,0,0,0,0,0,0,0,0,0,0,0,0,0,0,0,0,0,0,0,0,0,0,0,0,0,0,0,0,0,0,0,0,0,0,0,0,0,0,0,0,0,0,0,0,0,0,0,0,0,0,0,0,0,0,0,0,0,0,0,0,0,0,0,0,0,0,0,0,0,0,0,0,0,0,0,0,0,0,0,0,0,0,0,0,0,0,0,0,0,0,0,0,0,0,0,0,0,0,0
8.504281677,-4.73450799999986,2.2265859749282932,2.156749211826025,3.257999999999761,0.0019393015913138356,0.5598937031163764,3.2580000000000005,0.001939301591432352,0.5598937031164162,4.883445208573736,-1.01497854076259,0.7134485192813353,4.895780706069929,-0.7327812518682182,-0.7031094615946156,-2.86,-2.0,-1.0,0.0,0.0,0.0,-2.86,0.0,-1.0,0.0,0.0,0.0,-2.86,-2.0,1.0,0.0,0.0,0.0,-2.86,0.0,1.0,0.0,0.0,0.0,7.32,-4.69,-1.0,0.0,0.0,0.0,7.32,-2.69,-1.0,0.0,0.0,0.0,7.32,-0.69,-1.0,0.0,0.0,0.0,7.32,1.31,-1.0,0.0,0.0,0.0,7.32,-4.69,1.0,0.0,0.0,0.0,7.32,-2.69,1.0,0.0,0.0,0.0,7.32,-0.69,1.0,0.0,0.0,0.0,7.32,1.31,1.0,0.0,0.0,0.0,1.54,-2.6897999999997753,0.12859999999999605,0.0,-0.7299999999998974,0.10999999999999899,1.54,-0.6897999999997848,0.12859999999999605,0.0,-0.7299999999998974,0.10999999999999899,0,0,0,0,0,0,0,0,0,0,0,0,0,0,0,0,0,0,0,0,0,0,0,0,0,0,0,0,0,0,0,0,0,0,0,0,0,0,0,0,0,0,0,0,0,0,0,0,0,0,0,0,0,0,0,0,0,0,0,0,0,0,0,0,0,0,0,0,0,0,0,0,0,0,0,0,0,0,0,0,0,0,0,0,0,0,0,0,0,0,0,0,0,0,0,0,0,0,0,0,0,0,0,0,0,0,0,0,0,0,0,0,0,0,0,0,0,0,0,0,0,0,0,0,0,0,0,0,0,0,0,0,0,0,0,0,0,0,0,0,0,0,0,0,0,0,0,0,0,0,0,0,0,0,0,0,0,0,0,0,0,0,0,0,0,0,0,0,0,0,0,0,0,0,0,0,0,0,0,0,0,0,0,0,0,0,0,0,0,0,0,0,0,0,0,0,0,0,0,0,0,0,0,0,0,0,0,0,0,0,0,0,0,0,0,0
8.600514679,-4.471867999999866,2.2247411190555964,2.1995407080753333,3.338000000000285,-0.07806069840876617,0.4798937031162964,3.3380000000000005,-0.07806069840856765,0.47989370311641616,4.998583710197595,-0.8223365770914772,-0.09976898243923227,4.889600107221612,-0.7463122789439497,-0.7313198846988154,-2.86,-2.0,-1.0,0.0,0.0,0.0,-2.86,0.0,-1.0,0.0,0.0,0.0,-2.86,-2.0,1.0,0.0,0.0,0.0,-2.86,0.0,1.0,0.0,0.0,0.0,7.32,-4.69,-1.0,0.0,0.0,0.0,7.32,-2.69,-1.0,0.0,0.0,0.0,7.32,-0.69,-1.0,0.0,0.0,0.0,7.32,1.31,-1.0,0.0,0.0,0.0,7.32,-4.69,1.0,0.0,0.0,0.0,7.32,-2.69,1.0,0.0,0.0,0.0,7.32,-0.69,1.0,0.0,0.0,0.0,7.32,1.31,1.0,0.0,0.0,0.0,1.54,-2.748199999999767,0.13739999999999597,0.0,-0.7299999999998974,0.10999999999999899,1.54,-0.7481999999997766,0.13739999999999597,0.0,-0.7299999999998974,0.10999999999999899,0,0,0,0,0,0,0,0,0,0,0,0,0,0,0,0,0,0,0,0,0,0,0,0,0,0,0,0,0,0,0,0,0,0,0,0,0,0,0,0,0,0,0,0,0,0,0,0,0,0,0,0,0,0,0,0,0,0,0,0,0,0,0,0,0,0,0,0,0,0,0,0,0,0,0,0,0,0,0,0,0,0,0,0,0,0,0,0,0,0,0,0,0,0,0,0,0,0,0,0,0,0,0,0,0,0,0,0,0,0,0,0,0,0,0,0,0,0,0,0,0,0,0,0,0,0,0,0,0,0,0,0,0,0,0,0,0,0,0,0,0,0,0,0,0,0,0,0,0,0,0,0,0,0,0,0,0,0,0,0,0,0,0,0,0,0,0,0,0,0,0,0,0,0,0,0,0,0,0,0,0,0,0,0,0,0,0,0,0,0,0,0,0,0,0,0,0,0,0,0,0,0,0,0,0,0,0,0,0,0,0,0,0,0,0,0
8.702254768,-4.203867999999842,2.2175362631828985,2.238892204324638,3.434000000000381,-0.1740606984084181,0.5758937031163924,3.4340000000000006,-0.17406069840856764,0.5758937031164162,4.74023457685249,-1.3896964351020828,0.6136040159752292,4.88310268562199,-0.7590016718681248,-0.761068080905183,-2.86,-2.0,-1.0,0.0,0.0,0.0,-2.86,0.0,-1.0,0.0,0.0,0.0,-2.86,-2.0,1.0,0.0,0.0,0.0,-2.86,0.0,1.0,0.0,0.0,0.0,7.32,-4.69,-1.0,0.0,0.0,0.0,7.32,-2.69,-1.0,0.0,0.0,0.0,7.32,-0.69,-1.0,0.0,0.0,0.0,7.32,1.31,-1.0,0.0,0.0,0.0,7.32,-4.69,1.0,0.0,0.0,0.0,7.32,-2.69,1.0,0.0,0.0,0.0,7.32,-0.69,1.0,0.0,0.0,0.0,7.32,1.31,1.0,0.0,0.0,0.0,1.54,-2.806599999999759,0.1461999999999959,0.0,-0.7299999999998974,0.10999999999999899,1.54,-0.8065999999997684,0.1461999999999959,0.0,-0.7299999999998974,0.10999999999999899,0,0,0,0,0,0,0,0,0,0,0,0,0,0,0,0,0,0,0,0,0,0,0,0,0,0,0,0,0,0,0,0,0,0,0,0,0,0,0,0,0,0,0,0,0,0,0,0,0,0,0,0,0,0,0,0,0,0,0,0,0,0,0,0,0,0,0,0,0,0,0,0,0,0,0,0,0,0,0,0,0,0,0,0,0,0,0,0,0,0,0,0,0,0,0,0,0,0,0,0,0,0,0,0,0,0,0,0,0,0,0,0,0,0,0,0,0,0,0,0,0,0,0,0,0,0,0,0,0,0,0,0,0,0,0,0,0,0,0,0,0,0,0,0,0,0,0,0,0,0,0,0,0,0,0,0,0,0,0,0,0,0,0,0,0,0,0,0,0,0,0,0,0,0,0,0,0,0,0,0,0,0,0,0,0,0,0,0,0,0,0,0,0,0,0,0,0,0,0,0,0,0,0,0,0,0,0,0,0,0,0,0,0,0,0,0
8.800507288,-3.858466999999818,2.198129193342053,2.2971936728099793,3.5210000000001074,-0.26106069840858837,0.6068544932773534,3.521000000000001,-0.2610606984085676,0.6068544932771589,4.9770248490148745,-0.5282809695633559,0.6068544932771589,4.876542951948498,-0.769027908536052,-0.7924171336449564,-2.86,-2.0,-1.0,0.0,0.0,0.0,-2.86,0.0,-1.0,0.0,0.0,0.0,-2.86,-2.0,1.0,0.0,0.0,0.0,-2.86,0.0,1.0,0.0,0.0,0.0,7.32,-4.69,-1.0,0.0,0.0,0.0,7.32,-2.69,-1.0,0.0,0.0,0.0,7.32,-0.69,-1.0,0.0,0.0,0.0,7.32,1.31,-1.0,0.0,0.0,0.0,7.32,-4.69,1.0,0.0,0.0,0.0,7.32,-2.69,1.0,0.0,0.0,0.0,7.32,-0.69,1.0,0.0,0.0,0.0,7.32,1.31,1.0,0.0,0.0,0.0,1.54,-2.8795999999997486,0.1571999999999958,0.0,-0.7299999999998974,0.10999999999999899,1.54,-0.8795999999997581,0.1571999999999958,0.0,-0.7299999999998974,0.10999999999999899,0,0,0,0,0,0,0,0,0,0,0,0,0,0,0,0,0,0,0,0,0,0,0,0,0,0,0,0,0,0,0,0,0,0,0,0,0,0,0,0,0,0,0,0,0,0,0,0,0,0,0,0,0,0,0,0,0,0,0,0,0,0,0,0,0,0,0,0,0,0,0,0,0,0,0,0,0,0,0,0,0,0,0,0,0,0,0,0,0,0,0,0,0,0,0,0,0,0,0,0,0,0,0,0,0,0,0,0,0,0,0,0,0,0,0,0,0,0,0,0,0,0,0,0,0,0,0,0,0,0,0,0,0,0,0,0,0,0,0,0,0,0,0,0,0,0,0,0,0,0,0,0,0,0,0,0,0,0,0,0,0,0,0,0,0,0,0,0,0,0,0,0,0,0,0,0,0,0,0,0,0,0,0,0,0,0,0,0,0,0,0,0,0,0,0,0,0,0,0,0,0,0,0,0,0,0,0,0,0,0,0,0,0,0,0,0
8.902384756,-3.503486999999817,2.1691431235011893,2.3606749588250127,3.610999999999808,-0.3510606984087339,0.6942243897554157,3.6110000000000007,-0.3510606984085676,0.6942243897556013,4.869760923486278,-0.7730267287690165,0.6942243897556013,4.868869499633862,-0.7779856095273784,-0.8299687867043029,-2.86,-2.0,-1.0,0.0,0.0,0.0,-2.86,0.0,-1.0,0.0,0.0,0.0,-2.86,-2.0,1.0,0.0,0.0,0.0,-2.86,0.0,1.0,0.0,0.0,0.0,7.32,-4.69,-1.0,0.0,0.0,0.0,7.32,-2.69,-1.0,0.0,0.0,0.0,7.32,-0.69,-1.0,0.0,0.0,0.0,7.32,1.31,-1.0,0.0,0.0,0.0,7.32,-4.69,1.0,0.0,0.0,0.0,7.32,-2.69,1.0,0.0,0.0,0.0,7.32,-0.69,1.0,0.0,0.0,0.0,7.32,1.31,1.0,0.0,0.0,0.0,1.54,-2.9525999999997383,0.1681999999999957,0.0,-0.7299999999998974,0.10999999999999899,1.54,-0.9525999999997479,0.1681999999999957,0.0,-0.7299999999998974,0.10999999999999899,0,0,0,0,0,0,0,0,0,0,0,0,0,0,0,0,0,0,0,0,0,0,0,0,0,0,0,0,0,0,0,0,0,0,0,0,0,0,0,0,0,0,0,0,0,0,0,0,0,0,0,0,0,0,0,0,0,0,0,0,0,0,0,0,0,0,0,0,0,0,0,0,0,0,0,0,0,0,0,0,0,0,0,0,0,0,0,0,0,0,0,0,0,0,0,0,0,0,0,0,0,0,0,0,0,0,0,0,0,0,0,0,0,0,0,0,0,0,0,0,0,0,0,0,0,0,0,0,0,0,0,0,0,0,0,0,0,0,0,0,0,0,0,0,0,0,0,0,0,0,0,0,0,0,0,0,0,0,0,0,0,0,0,0,0,0,0,0,0,0,0,0,0,0,0,0,0,0,0,0,0,0,0,0,0,0,0,0,0,0,0,0,0,0,0,0,0,0,0,0,0,0,0,0,0,0,0,0,0,0,0,0,0,0,0,0
9.001298675,-3.2127669999998325,2.1428982676284902,2.4143729100054463,3.70299999999979,-0.2590606984087529,0.6022243897554347,3.7030000000000007,-0.2590606984085676,0.6022243897556013,4.997915071674575,-0.1871448683793986,-0.28028673907522705,4.860179596279604,-0.7848109252389439,-0.8733419167388128,-2.86,-2.0,-1.0,0.0,0.0,0.0,-2.86,0.0,-1.0,0.0,0.0,0.0,-2.86,-2.0,1.0,0.0,0.0,0.0,-2.86,0.0,1.0,0.0,0.0,0.0,7.32,-4.69,-1.0,0.0,0.0,0.0,7.32,-2.69,-1.0,0.0,0.0,0.0,7.32,-0.69,-1.0,0.0,0.0,0.0,7.32,1.31,-1.0,0.0,0.0,0.0,7.32,-4.69,1.0,0.0,0.0,0.0,7.32,-2.69,1.0,0.0,0.0,0.0,7.32,-0.69,1.0,0.0,0.0,0.0,7.32,1.31,1.0,0.0,0.0,0.0,1.54,-3.01099999999973,0.1769999999999956,0.0,-0.7299999999998974,0.10999999999999899,1.54,-1.0109999999997397,0.1769999999999956,0.0,-0.7299999999998974,0.10999999999999899,0,0,0,0,0,0,0,0,0,0,0,0,0,0,0,0,0,0,0,0,0,0,0,0,0,0,0,0,0,0,0,0,0,0,0,0,0,0,0,0,0,0,0,0,0,0,0,0,0,0,0,0,0,0,0,0,0,0,0,0,0,0,0,0,0,0,0,0,0,0,0,0,0,0,0,0,0,0,0,0,0,0,0,0,0,0,0,0,0,0,0,0,0,0,0,0,0,0,0,0,0,0,0,0,0,0,0,0,0,0,0,0,0,0,0,0,0,0,0,0,0,0,0,0,0,0,0,0,0,0,0,0,0,0,0,0,0,0,0,0,0,0,0,0,0,0,0,0,0,0,0,0,0,0,0,0,0,0,0,0,0,0,0,0,0,0,0,0,0,0,0,0,0,0,0,0,0,0,0,0,0,0,0,0,0,0,0,0,0,0,0,0,0,0,0,0,0,0,0,0,0,0,0,0,0,0,0,0,0,0,0,0,0,0,0,0
9.101983793,-2.915166999999844,2.1208134117557917,2.4617551415379557,3.7880000000001246,-0.3440606984086436,0.5524919117601002,3.7880000000000007,-0.3440606984085676,0.5524919117600211,4.898903881662539,-0.5160628292274816,0.5524919117600211,4.851678077535871,-0.7936105409029948,-0.9118125582187901,-2.86,-2.0,-1.0,0.0,0.0,0.0,-2.86,0.0,-1.0,0.0,0.0,0.0,-2.86,-2.0,1.0,0.0,0.0,0.0,-2.86,0.0,1.0,0.0,0.0,0.0,7.32,-4.69,-1.0,0.0,0.0,0.0,7.32,-2.69,-1.0,0.0,0.0,0.0,7.32,-0.69,-1.0,0.0,0.0,0.0,7.32,1.31,-1.0,0.0,0.0,0.0,7.32,-4.69,1.0,0.0,0.0,0.0,7.32,-2.69,1.0,0.0,0.0,0.0,7.32,-0.69,1.0,0.0,0.0,0.0,7.32,1.31,1.0,0.0,0.0,0.0,1.54,-3.069399999999722,0.18579999999999552,0.0,-0.7299999999998974,0.10999999999999899,1.54,-1.0693999999997315,0.18579999999999552,0.0,-0.7299999999998974,0.10999999999999899,0,0,0,0,0,0,0,0,0,0,0,0,0,0,0,0,0,0,0,0,0,0,0,0,0,0,0,0,0,0,0,0,0,0,0,0,0,0,0,0,0,0,0,0,0,0,0,0,0,0,0,0,0,0,0,0,0,0,0,0,0,0,0,0,0,0,0,0,0,0,0,0,0,0,0,0,0,0,0,0,0,0,0,0,0,0,0,0,0,0,0,0,0,0,0,0,0,0,0,0,0,0,0,0,0,0,0,0,0,0,0,0,0,0,0,0,0,0,0,0,0,0,0,0,0,0,0,0,0,0,0,0,0,0,0,0,0,0,0,0,0,0,0,0,0,0,0,0,0,0,0,0,0,0,0,0,0,0,0,0,0,0,0,0,0,0,0,0,0,0,0,0,0,0,0,0,0,0,0,0,0,0,0,0,0,0,0,0,0,0,0,0,0,0,0,0,0,0,0,0,0,0,0,0,0,0,0,0,0,0,0,0,0,0,0,0
9.201439936,-2.534250999999832,2.084291341914928,2.514888332713966,3.8800000000001065,-0.4360606984086246,0.46049191176011917,3.880000000000001,-0.43606069840856765,0.46049191176002113,4.912303660405559,-1.005299512238544,-0.3518426555100631,4.8419540394524985,-0.8020898469084776,-0.9550565204824052,-2.86,-2.0,-1.0,0.0,0.0,0.0,-2.86,0.0,-1.0,0.0,0.0,0.0,-2.86,-2.0,1.0,0.0,0.0,0.0,-2.86,0.0,1.0,0.0,0.0,0.0,7.32,-4.69,-1.0,0.0,0.0,0.0,7.32,-2.69,-1.0,0.0,0.0,0.0,7.32,-0.69,-1.0,0.0,0.0,0.0,7.32,1.31,-1.0,0.0,0.0,0.0,7.32,-4.69,1.0,0.0,0.0,0.0,7.32,-2.69,1.0,0.0,0.0,0.0,7.32,-0.69,1.0,0.0,0.0,0.0,7.32,1.31,1.0,0.0,0.0,0.0,1.54,-3.1423999999997116,0.19679999999999542,0.0,-0.7299999999998974,0.10999999999999899,1.54,-1.1423999999997212,0.19679999999999542,0.0,-0.7299999999998974,0.10999999999999899,0,0,0,0,0,0,0,0,0,0,0,0,0,0,0,0,0,0,0,0,0,0,0,0,0,0,0,0,0,0,0,0,0,0,0,0,0,0,0,0,0,0,0,0,0,0,0,0,0,0,0,0,0,0,0,0,0,0,0,0,0,0,0,0,0,0,0,0,0,0,0,0,0,0,0,0,0,0,0,0,0,0,0,0,0,0,0,0,0,0,0,0,0,0,0,0,0,0,0,0,0,0,0,0,0,0,0,0,0,0,0,0,0,0,0,0,0,0,0,0,0,0,0,0,0,0,0,0,0,0,0,0,0,0,0,0,0,0,0,0,0,0,0,0,0,0,0,0,0,0,0,0,0,0,0,0,0,0,0,0,0,0,0,0,0,0,0,0,0,0,0,0,0,0,0,0,0,0,0,0,0,0,0,0,0,0,0,0,0,0,0,0,0,0,0,0,0,0,0,0,0,0,0,0,0,0,0,0,0,0,0,0,0,0,0,0
9.301612692,-2.2228499999998252,2.050407486042236,2.5507266856547726,3.970999999999947,-0.3450606984087834,0.36949191175983387,3.971000000000001,-0.3450606984085677,0.36949191176002116,4.988924142531396,0.3780127716881774,0.31963675018620963,4.8326214913467345,-0.8081169666380819,-0.9963515893525392,-2.86,-2.0,-1.0,0.0,0.0,0.0,-2.86,0.0,-1.0,0.0,0.0,0.0,-2.86,-2.0,1.0,0.0,0.0,0.0,-2.86,0.0,1.0,0.0,0.0,0.0,7.32,-4.69,-1.0,0.0,0.0,0.0,7.32,-2.69,-1.0,0.0,0.0,0.0,7.32,-0.69,-1.0,0.0,0.0,0.0,7.32,1.31,-1.0,0.0,0.0,0.0,7.32,-4.69,1.0,0.0,0.0,0.0,7.32,-2.69,1.0,0.0,0.0,0.0,7.32,-0.69,1.0,0.0,0.0,0.0,7.32,1.31,1.0,0.0,0.0,0.0,1.54,-3.2007999999997034,0.20559999999999534,0.0,-0.7299999999998974,0.10999999999999899,1.54,-1.200799999999713,0.20559999999999534,0.0,-0.7299999999998974,0.10999999999999899,0,0,0,0,0,0,0,0,0,0,0,0,0,0,0,0,0,0,0,0,0,0,0,0,0,0,0,0,0,0,0,0,0,0,0,0,0,0,0,0,0,0,0,0,0,0,0,0,0,0,0,0,0,0,0,0,0,0,0,0,0,0,0,0,0,0,0,0,0,0,0,0,0,0,0,0,0,0,0,0,0,0,0,0,0,0,0,0,0,0,0,0,0,0,0,0,0,0,0,0,0,0,0,0,0,0,0,0,0,0,0,0,0,0,0,0,0,0,0,0,0,0,0,0,0,0,0,0,0,0,0,0,0,0,0,0,0,0,0,0,0,0,0,0,0,0,0,0,0,0,0,0,0,0,0,0,0,0,0,0,0,0,0,0,0,0,0,0,0,0,0,0,0,0,0,0,0,0,0,0,0,0,0,0,0,0,0,0,0,0,0,0,0,0,0,0,0,0,0,0,0,0,0,0,0,0,0,0,0,0,0,0,0,0,0,0
9.400637387,-1.9034699999998304,2.0218321539780026,2.5819860385955637,4.038999999999903,-0.38387974607001496,0.4374919117600129,4.039000000000001,-0.38387974606984754,0.43749191176002117,4.877478575694605,-0.38387974606984754,0.49032859292343645,4.824231117040688,-0.815559862256131,-1.030367041618234,-2.86,-2.0,-1.0,0.0,0.0,0.0,-2.86,0.0,-1.0,0.0,0.0,0.0,-2.86,-2.0,1.0,0.0,0.0,0.0,-2.86,0.0,1.0,0.0,0.0,0.0,7.32,-4.69,-1.0,0.0,0.0,0.0,7.32,-2.69,-1.0,0.0,0.0,0.0,7.32,-0.69,-1.0,0.0,0.0,0.0,7.32,1.31,-1.0,0.0,0.0,0.0,7.32,-4.69,1.0,0.0,0.0,0.0,7.32,-2.69,1.0,0.0,0.0,0.0,7.32,-0.69,1.0,0.0,0.0,0.0,7.32,1.31,1.0,0.0,0.0,0.0,1.54,-3.2445999999996973,0.21219999999999528,0.0,-0.7299999999998974,0.10999999999999899,1.54,-1.2591999999997048,0.21439999999999526,0.0,-0.7299999999998974,0.10999999999999899,0,0,0,0,0,0,0,0,0,0,0,0,0,0,0,0,0,0,0,0,0,0,0,0,0,0,0,0,0,0,0,0,0,0,0,0,0,0,0,0,0,0,0,0,0,0,0,0,0,0,0,0,0,0,0,0,0,0,0,0,0,0,0,0,0,0,0,0,0,0,0,0,0,0,0,0,0,0,0,0,0,0,0,0,0,0,0,0,0,0,0,0,0,0,0,0,0,0,0,0,0,0,0,0,0,0,0,0,0,0,0,0,0,0,0,0,0,0,0,0,0,0,0,0,0,0,0,0,0,0,0,0,0,0,0,0,0,0,0,0,0,0,0,0,0,0,0,0,0,0,0,0,0,0,0,0,0,0,0,0,0,0,0,0,0,0,0,0,0,0,0,0,0,0,0,0,0,0,0,0,0,0,0,0,0,0,0,0,0,0,0,0,0,0,0,0,0,0,0,0,0,0,0,0,0,0,0,0,0,0,0,0,0,0,0,0
9.500944758,-1.5797559999998376,1.9905277742924063,2.6163913915363644,4.098399999999947,-0.44327974606983567,0.37809191175997015,4.138000000000001,-0.4828797460698475,0.33849191176002114,4.868893106492303,-0.8453113516182942,-0.5377338883715064,4.81377896042356,-0.823973089576645,-1.0717277955884994,-2.86,-2.0,-1.0,0.0,0.0,0.0,-2.86,0.0,-1.0,0.0,0.0,0.0,-2.86,-2.0,1.0,0.0,0.0,0.0,-2.86,0.0,1.0,0.0,0.0,0.0,7.32,-4.69,-1.0,0.0,0.0,0.0,7.32,-2.69,-1.0,0.0,0.0,0.0,7.32,-0.69,-1.0,0.0,0.0,0.0,7.32,1.31,-1.0,0.0,0.0,0.0,7.32,-4.69,1.0,0.0,0.0,0.0,7.32,-2.69,1.0,0.0,0.0,0.0,7.32,-0.69,1.0,0.0,0.0,0.0,7.32,1.31,1.0,0.0,0.0,0.0,1.54,-3.317599999999687,0.22319999999999518,0.0,-0.7299999999998974,0.10999999999999899,1.54,-1.3175999999996966,0.22319999999999518,0.0,-0.7299999999998974,0.10999999999999899,0,0,0,0,0,0,0,0,0,0,0,0,0,0,0,0,0,0,0,0,0,0,0,0,0,0,0,0,0,0,0,0,0,0,0,0,0,0,0,0,0,0,0,0,0,0,0,0,0,0,0,0,0,0,0,0,0,0,0,0,0,0,0,0,0,0,0,0,0,0,0,0,0,0,0,0,0,0,0,0,0,0,0,0,0,0,0,0,0,0,0,0,0,0,0,0,0,0,0,0,0,0,0,0,0,0,0,0,0,0,0,0,0,0,0,0,0,0,0,0,0,0,0,0,0,0,0,0,0,0,0,0,0,0,0,0,0,0,0,0,0,0,0,0,0,0,0,0,0,0,0,0,0,0,0,0,0,0,0,0,0,0,0,0,0,0,0,0,0,0,0,0,0,0,0,0,0,0,0,0,0,0,0,0,0,0,0,0,0,0,0,0,0,0,0,0,0,0,0,0,0,0,0,0,0,0,0,0,0,0,0,0,0,0,0,0
9.60180187,-1.1642559999998379,1.9405397996854221,2.651040436390076,4.223000000000087,-0.5678797460697549,0.3784845956458227,4.223000000000001,-0.5678797460698475,0.3784845956459999,4.945223293507903,-0.9107383707785157,0.3784845956459999,4.80212409573747,-0.8312800980496832,-1.1173976766237268,-2.86,-2.0,-1.0,0.0,0.0,0.0,-2.86,0.0,-1.0,0.0,0.0,0.0,-2.86,-2.0,1.0,0.0,0.0,0.0,-2.86,0.0,1.0,0.0,0.0,0.0,7.32,-4.69,-1.0,0.0,0.0,0.0,7.32,-2.69,-1.0,0.0,0.0,0.0,7.32,-0.69,-1.0,0.0,0.0,0.0,7.32,1.31,-1.0,0.0,0.0,0.0,7.32,-4.69,1.0,0.0,0.0,0.0,7.32,-2.69,1.0,0.0,0.0,0.0,7.32,-0.69,1.0,0.0,0.0,0.0,7.32,1.31,1.0,0.0,0.0,0.0,1.54,-3.3905999999996768,0.23419999999999508,0.0,-0.7299999999998974,0.10999999999999899,1.54,-1.3905999999996863,0.23419999999999508,0.0,-0.7299999999998974,0.10999999999999899,0,0,0,0,0,0,0,0,0,0,0,0,0,0,0,0,0,0,0,0,0,0,0,0,0,0,0,0,0,0,0,0,0,0,0,0,0,0,0,0,0,0,0,0,0,0,0,0,0,0,0,0,0,0,0,0,0,0,0,0,0,0,0,0,0,0,0,0,0,0,0,0,0,0,0,0,0,0,0,0,0,0,0,0,0,0,0,0,0,0,0,0,0,0,0,0,0,0,0,0,0,0,0,0,0,0,0,0,0,0,0,0,0,0,0,0,0,0,0,0,0,0,0,0,0,0,0,0,0,0,0,0,0,0,0,0,0,0,0,0,0,0,0,0,0,0,0,0,0,0,0,0,0,0,0,0,0,0,0,0,0,0,0,0,0,0,0,0,0,0,0,0,0,0,0,0,0,0,0,0,0,0,0,0,0,0,0,0,0,0,0,0,0,0,0,0,0,0,0,0,0,0,0,0,0,0,0,0,0,0,0,0,0,0,0,0
9.700805395,-0.8249219999998345,1.8936154199998407,2.679825204041749,4.306000000000032,-0.6508797460698101,0.29548459564621155,4.306000000000001,-0.6508797460698474,0.2954845956459999,4.912234601103908,-1.0420253168331772,-0.14682139622498935,4.789286079543374,-0.8361280920201296,-1.1677451186054397,-2.86,-2.0,-1.0,0.0,0.0,0.0,-2.86,0.0,-1.0,0.0,0.0,0.0,-2.86,-2.0,1.0,0.0,0.0,0.0,-2.86,0.0,1.0,0.0,0.0,0.0,7.32,-4.69,-1.0,0.0,0.0,0.0,7.32,-2.69,-1.0,0.0,0.0,0.0,7.32,-0.69,-1.0,0.0,0.0,0.0,7.32,1.31,-1.0,0.0,0.0,0.0,7.32,-4.69,1.0,0.0,0.0,0.0,7.32,-2.69,1.0,0.0,0.0,0.0,7.32,-0.69,1.0,0.0,0.0,0.0,7.32,1.31,1.0,0.0,0.0,0.0,1.54,-3.4489999999996686,0.242999999999995,0.0,-0.7299999999998974,0.10999999999999899,1.54,-1.448999999999678,0.242999999999995,0.0,-0.7299999999998974,0.10999999999999899,0,0,0,0,0,0,0,0,0,0,0,0,0,0,0,0,0,0,0,0,0,0,0,0,0,0,0,0,0,0,0,0,0,0,0,0,0,0,0,0,0,0,0,0,0,0,0,0,0,0,0,0,0,0,0,0,0,0,0,0,0,0,0,0,0,0,0,0,0,0,0,0,0,0,0,0,0,0,0,0,0,0,0,0,0,0,0,0,0,0,0,0,0,0,0,0,0,0,0,0,0,0,0,0,0,0,0,0,0,0,0,0,0,0,0,0,0,0,0,0,0,0,0,0,0,0,0,0,0,0,0,0,0,0,0,0,0,0,0,0,0,0,0,0,0,0,0,0,0,0,0,0,0,0,0,0,0,0,0,0,0,0,0,0,0,0,0,0,0,0,0,0,0,0,0,0,0,0,0,0,0,0,0,0,0,0,0,0,0,0,0,0,0,0,0,0,0,0,0,0,0,0,0,0,0,0,0,0,0,0,0,0,0,0,0,0
9.800583631,-0.4797299999998322,1.8408330403142559,2.704175971693446,4.377200000000009,-0.7220797460698147,0.36668459564621614,4.395000000000001,-0.7398797460698474,0.3844845956459999,4.889628897800736,-0.7736171333104478,0.4367011835720742,4.7763600894374445,-0.8382156762986542,-1.2181045833738227,-2.86,-2.0,-1.0,0.0,0.0,0.0,-2.86,0.0,-1.0,0.0,0.0,0.0,-2.86,-2.0,1.0,0.0,0.0,0.0,-2.86,0.0,1.0,0.0,0.0,0.0,7.32,-4.69,-1.0,0.0,0.0,0.0,7.32,-2.69,-1.0,0.0,0.0,0.0,7.32,-0.69,-1.0,0.0,0.0,0.0,7.32,1.31,-1.0,0.0,0.0,0.0,7.32,-4.69,1.0,0.0,0.0,0.0,7.32,-2.69,1.0,0.0,0.0,0.0,7.32,-0.69,1.0,0.0,0.0,0.0,7.32,1.31,1.0,0.0,0.0,0.0,1.54,-3.5073999999996603,0.2517999999999949,0.0,-0.7299999999998974,0.10999999999999899,1.54,-1.5219999999996678,0.2539999999999949,0.0,-0.7299999999998974,0.10999999999999899,0,0,0,0,0,0,0,0,0,0,0,0,0,0,0,0,0,0,0,0,0,0,0,0,0,0,0,0,0,0,0,0,0,0,0,0,0,0,0,0,0,0,0,0,0,0,0,0,0,0,0,0,0,0,0,0,0,0,0,0,0,0,0,0,0,0,0,0,0,0,0,0,0,0,0,0,0,0,0,0,0,0,0,0,0,0,0,0,0,0,0,0,0,0,0,0,0,0,0,0,0,0,0,0,0,0,0,0,0,0,0,0,0,0,0,0,0,0,0,0,0,0,0,0,0,0,0,0,0,0,0,0,0,0,0,0,0,0,0,0,0,0,0,0,0,0,0,0,0,0,0,0,0,0,0,0,0,0,0,0,0,0,0,0,0,0,0,0,0,0,0,0,0,0,0,0,0,0,0,0,0,0,0,0,0,0,0,0,0,0,0,0,0,0,0,0,0,0,0,0,0,0,0,0,0,0,0,0,0,0,0,0,0,0,0,0
9.901046014,-0.038741999999832785,1.7683330657072727,2.7411364312580657,4.488000000000001,-0.6468797460699172,0.2914845956460965,4.488000000000001,-0.6468797460698474,0.29148459564599993,4.927602552088765,-0.6295426345522341,-0.7390787861133314,4.761504809822674,-0.8373803710372325,-1.2754865974353045,-2.86,-2.0,-1.0,0.0,0.0,0.0,-2.86,0.0,-1.0,0.0,0.0,0.0,-2.86,-2.0,1.0,0.0,0.0,0.0,-2.86,0.0,1.0,0.0,0.0,0.0,7.32,-4.69,-1.0,0.0,0.0,0.0,7.32,-2.69,-1.0,0.0,0.0,0.0,7.32,-0.69,-1.0,0.0,0.0,0.0,7.32,1.31,-1.0,0.0,0.0,0.0,7.32,-4.69,1.0,0.0,0.0,0.0,7.32,-2.69,1.0,0.0,0.0,0.0,7.32,-0.69,1.0,0.0,0.0,0.0,7.32,1.31,1.0,0.0,0.0,0.0,1.54,-3.58039999999965,0.2627999999999948,0.0,-0.7299999999998974,0.10999999999999899,1.54,-1.5803999999996596,0.2627999999999948,0.0,-0.7299999999998974,0.10999999999999899,0,0,0,0,0,0,0,0,0,0,0,0,0,0,0,0,0,0,0,0,0,0,0,0,0,0,0,0,0,0,0,0,0,0,0,0,0,0,0,0,0,0,0,0,0,0,0,0,0,0,0,0,0,0,0,0,0,0,0,0,0,0,0,0,0,0,0,0,0,0,0,0,0,0,0,0,0,0,0,0,0,0,0,0,0,0,0,0,0,0,0,0,0,0,0,0,0,0,0,0,0,0,0,0,0,0,0,0,0,0,0,0,0,0,0,0,0,0,0,0,0,0,0,0,0,0,0,0,0,0,0,0,0,0,0,0,0,0,0,0,0,0,0,0,0,0,0,0,0,0,0,0,0,0,0,0,0,0,0,0,0,0,0,0,0,0,0,0,0,0,0,0,0,0,0,0,0,0,0,0,0,0,0,0,0,0,0,0,0,0,0,0,0,0,0,0,0,0,0,0,0,0,0,0,0,0,0,0,0,0,0,0,0,0,0,0
10.003424915,0.4124340000001677,1.7012690911002846,2.7726608908226718,4.576000000000024,-0.7348797460697831,0.3794845956459625,4.576000000000001,-0.7348797460698474,0.3794845956459999,4.894723437647999,-0.8865007841084314,0.6137006155919629,4.74413589495471,-0.8396440354062993,-1.3372256743006747,-2.86,-2.0,-1.0,0.0,0.0,0.0,-2.86,0.0,-1.0,0.0,0.0,0.0,-2.86,-2.0,1.0,0.0,0.0,0.0,-2.86,0.0,1.0,0.0,0.0,0.0,7.32,-4.69,-1.0,0.0,0.0,0.0,7.32,-2.69,-1.0,0.0,0.0,0.0,7.32,-0.69,-1.0,0.0,0.0,0.0,7.32,1.31,-1.0,0.0,0.0,0.0,7.32,-4.69,1.0,0.0,0.0,0.0,7.32,-2.69,1.0,0.0,0.0,0.0,7.32,-0.69,1.0,0.0,0.0,0.0,7.32,1.31,1.0,0.0,0.0,0.0,1.54,-3.65339999999964,0.2737999999999947,0.0,-0.7299999999998974,0.10999999999999899,1.54,-1.6533999999996494,0.2737999999999947,0.0,-0.7299999999998974,0.10999999999999899,0,0,0,0,0,0,0,0,0,0,0,0,0,0,0,0,0,0,0,0,0,0,0,0,0,0,0,0,0,0,0,0,0,0,0,0,0,0,0,0,0,0,0,0,0,0,0,0,0,0,0,0,0,0,0,0,0,0,0,0,0,0,0,0,0,0,0,0,0,0,0,0,0,0,0,0,0,0,0,0,0,0,0,0,0,0,0,0,0,0,0,0,0,0,0,0,0,0,0,0,0,0,0,0,0,0,0,0,0,0,0,0,0,0,0,0,0,0,0,0,0,0,0,0,0,0,0,0,0,0,0,0,0,0,0,0,0,0,0,0,0,0,0,0,0,0,0,0,0,0,0,0,0,0,0,0,0,0,0,0,0,0,0,0,0,0,0,0,0,0,0,0,0,0,0,0,0,0,0,0,0,0,0,0,0,0,0,0,0,0,0,0,0,0,0,0,0,0,0,0,0,0,0,0,0,0,0,0,0,0,0,0,0,0,0,0
10.10065327,0.7799860000001694,1.6410067114147022,2.801547658474349,4.6680000000000055,-0.8268797460697641,0.2874845956459815,4.668000000000001,-0.8268797460698474,0.28748459564599993,4.814412570714362,-1.2138840764560852,-0.8820009094531829,4.681670999999915,-0.8326299917714326,-1.395627818004662,-2.86,-2.0,-1.0,0.0,0.0,0.0,-2.86,0.0,-1.0,0.0,0.0,0.0,-2.86,-2.0,1.0,0.0,0.0,0.0,-2.86,0.0,1.0,0.0,0.0,0.0,7.32,-4.69,-1.0,0.0,0.0,0.0,7.32,-2.69,-1.0,0.0,0.0,0.0,7.32,-0.69,-1.0,0.0,0.0,0.0,7.32,1.31,-1.0,0.0,0.0,0.0,7.32,-4.69,1.0,0.0,0.0,0.0,7.32,-2.69,1.0,0.0,0.0,0.0,7.32,-0.69,1.0,0.0,0.0,0.0,7.32,1.31,1.0,0.0,0.0,0.0,1.54,-3.7117999999996316,0.28259999999999463,0.0,-0.7299999999998974,0.10999999999999899,1.54,-1.7117999999996412,0.28259999999999463,0.0,-0.7299999999998974,0.10999999999999899,0,0,0,0,0,0,0,0,0,0,0,0,0,0,0,0,0,0,0,0,0,0,0,0,0,0,0,0,0,0,0,0,0,0,0,0,0,0,0,0,0,0,0,0,0,0,0,0,0,0,0,0,0,0,0,0,0,0,0,0,0,0,0,0,0,0,0,0,0,0,0,0,0,0,0,0,0,0,0,0,0,0,0,0,0,0,0,0,0,0,0,0,0,0,0,0,0,0,0,0,0,0,0,0,0,0,0,0,0,0,0,0,0,0,0,0,0,0,0,0,0,0,0,0,0,0,0,0,0,0,0,0,0,0,0,0,0,0,0,0,0,0,0,0,0,0,0,0,0,0,0,0,0,0,0,0,0,0,0,0,0,0,0,0,0,0,0,0,0,0,0,0,0,0,0,0,0,0,0,0,0,0,0,0,0,0,0,0,0,0,0,0,0,0,0,0,0,0,0,0,0,0,0,0,0,0,0,0,0,0,0,0,0,0,0,0
10.202939571,1.2491620000001664,1.5559427368077234,2.8295161448862585,4.755999999999983,-0.9148797460698521,0.2585967011019541,4.756000000000001,-0.9148797460698473,0.2585967011020385,4.814776953984345,-1.1338783401135673,0.2585967011020385,4.476968999999916,-0.7969372829443628,-1.4089671402130852,-2.86,-2.0,-1.0,0.0,0.0,0.0,-2.86,0.0,-1.0,0.0,0.0,0.0,-2.86,-2.0,1.0,0.0,0.0,0.0,-2.86,0.0,1.0,0.0,0.0,0.0,7.32,-4.69,-1.0,0.0,0.0,0.0,7.32,-2.69,-1.0,0.0,0.0,0.0,7.32,-0.69,-1.0,0.0,0.0,0.0,7.32,1.31,-1.0,0.0,0.0,0.0,7.32,-4.69,1.0,0.0,0.0,0.0,7.32,-2.69,1.0,0.0,0.0,0.0,7.32,-0.69,1.0,0.0,0.0,0.0,7.32,1.31,1.0,0.0,0.0,0.0,1.54,-3.7847999999996214,0.29359999999999453,0.0,-0.7299999999998974,0.10999999999999899,1.54,-1.784799999999631,0.29359999999999453,0.0,-0.7299999999998974,0.10999999999999899,0,0,0,0,0,0,0,0,0,0,0,0,0,0,0,0,0,0,0,0,0,0,0,0,0,0,0,0,0,0,0,0,0,0,0,0,0,0,0,0,0,0,0,0,0,0,0,0,0,0,0,0,0,0,0,0,0,0,0,0,0,0,0,0,0,0,0,0,0,0,0,0,0,0,0,0,0,0,0,0,0,0,0,0,0,0,0,0,0,0,0,0,0,0,0,0,0,0,0,0,0,0,0,0,0,0,0,0,0,0,0,0,0,0,0,0,0,0,0,0,0,0,0,0,0,0,0,0,0,0,0,0,0,0,0,0,0,0,0,0,0,0,0,0,0,0,0,0,0,0,0,0,0,0,0,0,0,0,0,0,0,0,0,0,0,0,0,0,0,0,0,0,0,0,0,0,0,0,0,0,0,0,0,0,0,0,0,0,0,0,0,0,0,0,0,0,0,0,0,0,0,0,0,0,0,0,0,0,0,0,0,0,0,0,0,0
10.300879371,1.5340360000001654,1.5015359520435323,2.844545946952377,4.707399999999983,-0.8662797460698535,0.20999670110208868,4.675000000000001,-0.8338797460698474,0.17759670110203846,4.612393586658369,-0.7750551004504267,-0.9909084694551915,4.273201449999917,-0.7583379038633599,-1.4202814515168214,-2.86,-2.0,-1.0,0.0,0.0,0.0,-2.86,0.0,-1.0,0.0,0.0,0.0,-2.86,-2.0,1.0,0.0,0.0,0.0,-2.86,0.0,1.0,0.0,0.0,0.0,7.32,-4.69,-1.0,0.0,0.0,0.0,7.32,-2.69,-1.0,0.0,0.0,0.0,7.32,-0.69,-1.0,0.0,0.0,0.0,7.32,1.31,-1.0,0.0,0.0,0.0,7.32,-4.69,1.0,0.0,0.0,0.0,7.32,-2.69,1.0,0.0,0.0,0.0,7.32,-0.69,1.0,0.0,0.0,0.0,7.32,1.31,1.0,0.0,0.0,0.0,1.54,-3.828599999999615,0.30019999999999447,0.0,-0.7299999999998974,0.10999999999999899,1.54,-1.8285999999996247,0.30019999999999447,0.0,-0.7299999999998974,0.10999999999999899,0,0,0,0,0,0,0,0,0,0,0,0,0,0,0,0,0,0,0,0,0,0,0,0,0,0,0,0,0,0,0,0,0,0,0,0,0,0,0,0,0,0,0,0,0,0,0,0,0,0,0,0,0,0,0,0,0,0,0,0,0,0,0,0,0,0,0,0,0,0,0,0,0,0,0,0,0,0,0,0,0,0,0,0,0,0,0,0,0,0,0,0,0,0,0,0,0,0,0,0,0,0,0,0,0,0,0,0,0,0,0,0,0,0,0,0,0,0,0,0,0,0,0,0,0,0,0,0,0,0,0,0,0,0,0,0,0,0,0,0,0,0,0,0,0,0,0,0,0,0,0,0,0,0,0,0,0,0,0,0,0,0,0,0,0,0,0,0,0,0,0,0,0,0,0,0,0,0,0,0,0,0,0,0,0,0,0,0,0,0,0,0,0,0,0,0,0,0,0,0,0,0,0,0,0,0,0,0,0,0,0,0,0,0,0,0
10.400716673,1.9076260000001646,1.4351104936340786,2.8586142677577198,4.634000000000026,-0.805387618456388,0.16365517281902164,4.593000000000001,-0.7768954908428802,0.14971364453606428,4.505900519567032,-0.7768954908428802,0.14971364453606428,4.092731999999918,-0.7257515836396705,-1.4276008745092539,-2.86,-2.0,-1.0,0.0,0.0,0.0,-2.86,0.0,-1.0,0.0,0.0,0.0,-2.86,-2.0,1.0,0.0,0.0,0.0,-2.86,0.0,1.0,0.0,0.0,0.0,7.32,-4.69,-1.0,0.0,0.0,0.0,7.32,-2.69,-1.0,0.0,0.0,0.0,7.32,-0.69,-1.0,0.0,0.0,0.0,7.32,1.31,-1.0,0.0,0.0,0.0,7.32,-4.69,1.0,0.0,0.0,0.0,7.32,-2.69,1.0,0.0,0.0,0.0,7.32,-0.69,1.0,0.0,0.0,0.0,7.32,1.31,1.0,0.0,0.0,0.0,1.54,-3.886999999999607,0.3089999999999944,0.0,-0.7299999999998974,0.10999999999999899,1.54,-1.8869999999996165,0.3089999999999944,0.0,-0.7299999999998974,0.10999999999999899,0,0,0,0,0,0,0,0,0,0,0,0,0,0,0,0,0,0,0,0,0,0,0,0,0,0,0,0,0,0,0,0,0,0,0,0,0,0,0,0,0,0,0,0,0,0,0,0,0,0,0,0,0,0,0,0,0,0,0,0,0,0,0,0,0,0,0,0,0,0,0,0,0,0,0,0,0,0,0,0,0,0,0,0,0,0,0,0,0,0,0,0,0,0,0,0,0,0,0,0,0,0,0,0,0,0,0,0,0,0,0,0,0,0,0,0,0,0,0,0,0,0,0,0,0,0,0,0,0,0,0,0,0,0,0,0,0,0,0,0,0,0,0,0,0,0,0,0,0,0,0,0,0,0,0,0,0,0,0,0,0,0,0,0,0,0,0,0,0,0,0,0,0,0,0,0,0,0,0,0,0,0,0,0,0,0,0,0,0,0,0,0,0,0,0,0,0,0,0,0,0,0,0,0,0,0,0,0,0,0,0,0,0,0,0,0
10.500725861,2.3650060000001627,1.3555009445497899,2.871665632211315,4.513000000000211,-0.8568954908427795,0.06971364453622897,4.513000000000001,-0.8568954908428802,0.06971364453606428,4.077647297598191,-0.9042086319210312,-1.2481885289147676,3.89466599999992,-0.691869695619223,-1.4341996841485436,-2.86,-2.0,-1.0,0.0,0.0,0.0,-2.86,0.0,-1.0,0.0,0.0,0.0,-2.86,-2.0,1.0,0.0,0.0,0.0,-2.86,0.0,1.0,0.0,0.0,0.0,7.32,-4.69,-1.0,0.0,0.0,0.0,7.32,-2.69,-1.0,0.0,0.0,0.0,7.32,-0.69,-1.0,0.0,0.0,0.0,7.32,1.31,-1.0,0.0,0.0,0.0,7.32,-4.69,1.0,0.0,0.0,0.0,7.32,-2.69,1.0,0.0,0.0,0.0,7.32,-0.69,1.0,0.0,0.0,0.0,7.32,1.31,1.0,0.0,0.0,0.0,1.54,-3.9599999999995967,0.3199999999999943,0.0,-0.7299999999998974,0.10999999999999899,1.54,-1.9599999999996063,0.3199999999999943,0.0,-0.7299999999998974,0.10999999999999899,0,0,0,0,0,0,0,0,0,0,0,0,0,0,0,0,0,0,0,0,0,0,0,0,0,0,0,0,0,0,0,0,0,0,0,0,0,0,0,0,0,0,0,0,0,0,0,0,0,0,0,0,0,0,0,0,0,0,0,0,0,0,0,0,0,0,0,0,0,0,0,0,0,0,0,0,0,0,0,0,0,0,0,0,0,0,0,0,0,0,0,0,0,0,0,0,0,0,0,0,0,0,0,0,0,0,0,0,0,0,0,0,0,0,0,0,0,0,0,0,0,0,0,0,0,0,0,0,0,0,0,0,0,0,0,0,0,0,0,0,0,0,0,0,0,0,0,0,0,0,0,0,0,0,0,0,0,0,0,0,0,0,0,0,0,0,0,0,0,0,0,0,0,0,0,0,0,0,0,0,0,0,0,0,0,0,0,0,0,0,0,0,0,0,0,0,0,0,0,0,0,0,0,0,0,0,0,0,0,0,0,0,0,0,0,0
10.601342062,2.724930000000178,1.2880653052823663,2.876126723774212,4.42000000000009,-0.7638954908428808,-0.023286355463891795,4.420000000000001,-0.7638954908428802,-0.023286355463935718,3.89466599999992,-0.691869695619223,-1.4341996841485436,3.700158999999913,-0.6554711895129827,-1.4376453708635994,-2.86,-2.0,-1.0,0.0,0.0,0.0,-2.86,0.0,-1.0,0.0,0.0,0.0,-2.86,-2.0,1.0,0.0,0.0,0.0,-2.86,0.0,1.0,0.0,0.0,0.0,7.32,-4.69,-1.0,0.0,0.0,0.0,7.32,-2.69,-1.0,0.0,0.0,0.0,7.32,-0.69,-1.0,0.0,0.0,0.0,7.32,1.31,-1.0,0.0,0.0,0.0,7.32,-4.69,1.0,0.0,0.0,0.0,7.32,-2.69,1.0,0.0,0.0,0.0,7.32,-0.69,1.0,0.0,0.0,0.0,7.32,1.31,1.0,0.0,0.0,0.0,1.54,-4.0183999999995885,0.3287999999999942,0.0,-0.7299999999998974,0.10999999999999899,1.54,-2.0183999999995983,0.3287999999999942,0.0,-0.7299999999998974,0.10999999999999899,0,0,0,0,0,0,0,0,0,0,0,0,0,0,0,0,0,0,0,0,0,0,0,0,0,0,0,0,0,0,0,0,0,0,0,0,0,0,0,0,0,0,0,0,0,0,0,0,0,0,0,0,0,0,0,0,0,0,0,0,0,0,0,0,0,0,0,0,0,0,0,0,0,0,0,0,0,0,0,0,0,0,0,0,0,0,0,0,0,0,0,0,0,0,0,0,0,0,0,0,0,0,0,0,0,0,0,0,0,0,0,0,0,0,0,0,0,0,0,0,0,0,0,0,0,0,0,0,0,0,0,0,0,0,0,0,0,0,0,0,0,0,0,0,0,0,0,0,0,0,0,0,0,0,0,0,0,0,0,0,0,0,0,0,0,0,0,0,0,0,0,0,0,0,0,0,0,0,0,0,0,0,0,0,0,0,0,0,0,0,0,0,0,0,0,0,0,0,0,0,0,0,0,0,0,0,0,0,0,0,0,0,0,0,0,0
10.701789583,3.1646940000001864,1.2094397561980774,2.8760340882278235,4.33400000000006,-0.8498954908429113,0.0627136445361387,4.3340000000000005,-0.8498954908428802,0.06271364453606428,3.881219845813041,-0.9121156263853192,0.09831591394270678,3.5093549999999087,-0.6218796834067396,-1.4373880575786528,-2.86,-2.0,-1.0,0.0,0.0,0.0,-2.86,0.0,-1.0,0.0,0.0,0.0,-2.86,-2.0,1.0,0.0,0.0,0.0,-2.86,0.0,1.0,0.0,0.0,0.0,7.32,-4.69,-1.0,0.0,0.0,0.0,7.32,-2.69,-1.0,0.0,0.0,0.0,7.32,-0.69,-1.0,0.0,0.0,0.0,7.32,1.31,-1.0,0.0,0.0,0.0,7.32,-4.69,1.0,0.0,0.0,0.0,7.32,-2.69,1.0,0.0,0.0,0.0,7.32,-0.69,1.0,0.0,0.0,0.0,7.32,1.31,1.0,0.0,0.0,0.0,1.54,-4.091399999999578,0.3397999999999941,0.0,-0.7299999999998974,0.10999999999999899,1.54,-2.091399999999588,0.3397999999999941,0.0,-0.7299999999998974,0.10999999999999899,0,0,0,0,0,0,0,0,0,0,0,0,0,0,0,0,0,0,0,0,0,0,0,0,0,0,0,0,0,0,0,0,0,0,0,0,0,0,0,0,0,0,0,0,0,0,0,0,0,0,0,0,0,0,0,0,0,0,0,0,0,0,0,0,0,0,0,0,0,0,0,0,0,0,0,0,0,0,0,0,0,0,0,0,0,0,0,0,0,0,0,0,0,0,0,0,0,0,0,0,0,0,0,0,0,0,0,0,0,0,0,0,0,0,0,0,0,0,0,0,0,0,0,0,0,0,0,0,0,0,0,0,0,0,0,0,0,0,0,0,0,0,0,0,0,0,0,0,0,0,0,0,0,0,0,0,0,0,0,0,0,0,0,0,0,0,0,0,0,0,0,0,0,0,0,0,0,0,0,0,0,0,0,0,0,0,0,0,0,0,0,0,0,0,0,0,0,0,0,0,0,0,0,0,0,0,0,0,0,0,0,0,0,0,0,0
10.80171263,3.5098300000001936,1.143032116930646,2.879467179790717,4.246000000000194,-0.7618954908428233,-0.02528635546372726,4.246,-0.7618954908428802,-0.02528635546393572,3.5093549999999087,-0.6218796834067396,-1.4373880575786528,3.326410894736748,-0.5868273414497143,-1.4393373313673041,-2.86,-2.0,-1.0,0.0,0.0,0.0,-2.86,0.0,-1.0,0.0,0.0,0.0,-2.86,-2.0,1.0,0.0,0.0,0.0,-2.86,0.0,1.0,0.0,0.0,0.0,7.32,-4.69,-1.0,0.0,0.0,0.0,7.32,-2.69,-1.0,0.0,0.0,0.0,7.32,-0.69,-1.0,0.0,0.0,0.0,7.32,1.31,-1.0,0.0,0.0,0.0,7.32,-4.69,1.0,0.0,0.0,0.0,7.32,-2.69,1.0,0.0,0.0,0.0,7.32,-0.69,1.0,0.0,0.0,0.0,7.32,1.31,1.0,0.0,0.0,0.0,1.54,-4.14979999999957,0.348599999999994,0.0,-0.7299999999998974,0.10999999999999899,1.54,-2.14979999999958,0.348599999999994,0.0,-0.7299999999998974,0.10999999999999899,0,0,0,0,0,0,0,0,0,0,0,0,0,0,0,0,0,0,0,0,0,0,0,0,0,0,0,0,0,0,0,0,0,0,0,0,0,0,0,0,0,0,0,0,0,0,0,0,0,0,0,0,0,0,0,0,0,0,0,0,0,0,0,0,0,0,0,0,0,0,0,0,0,0,0,0,0,0,0,0,0,0,0,0,0,0,0,0,0,0,0,0,0,0,0,0,0,0,0,0,0,0,0,0,0,0,0,0,0,0,0,0,0,0,0,0,0,0,0,0,0,0,0,0,0,0,0,0,0,0,0,0,0,0,0,0,0,0,0,0,0,0,0,0,0,0,0,0,0,0,0,0,0,0,0,0,0,0,0,0,0,0,0,0,0,0,0,0,0,0,0,0,0,0,0,0,0,0,0,0,0,0,0,0,0,0,0,0,0,0,0,0,0,0,0,0,0,0,0,0,0,0,0,0,0,0,0,0,0,0,0,0,0,0,0,0
10.900812947,3.848814000000208,1.0813844776632207,2.8781402713536166,4.176400000000058,-0.8314954908427818,0.04431364453605369,4.159000000000001,-0.8488954908428802,0.061713644536064274,3.5281598519495363,-0.9504214392307913,0.08656459701590036,3.1346889999998986,-0.5517067757034096,-1.4390761446533016,-2.86,-2.0,-1.0,0.0,0.0,0.0,-2.86,0.0,-1.0,0.0,0.0,0.0,-2.86,-2.0,1.0,0.0,0.0,0.0,-2.86,0.0,1.0,0.0,0.0,0.0,7.32,-4.69,-1.0,0.0,0.0,0.0,7.32,-2.69,-1.0,0.0,0.0,0.0,7.32,-0.69,-1.0,0.0,0.0,0.0,7.32,1.31,-1.0,0.0,0.0,0.0,7.32,-4.69,1.0,0.0,0.0,0.0,7.32,-2.69,1.0,0.0,0.0,0.0,7.32,-0.69,1.0,0.0,0.0,0.0,7.32,1.31,1.0,0.0,0.0,0.0,1.54,-4.208199999999562,0.35739999999999394,0.0,-0.7299999999998974,0.10999999999999899,1.54,-2.2081999999995716,0.35739999999999394,0.0,-0.7299999999998974,0.10999999999999899,0,0,0,0,0,0,0,0,0,0,0,0,0,0,0,0,0,0,0,0,0,0,0,0,0,0,0,0,0,0,0,0,0,0,0,0,0,0,0,0,0,0,0,0,0,0,0,0,0,0,0,0,0,0,0,0,0,0,0,0,0,0,0,0,0,0,0,0,0,0,0,0,0,0,0,0,0,0,0,0,0,0,0,0,0,0,0,0,0,0,0,0,0,0,0,0,0,0,0,0,0,0,0,0,0,0,0,0,0,0,0,0,0,0,0,0,0,0,0,0,0,0,0,0,0,0,0,0,0,0,0,0,0,0,0,0,0,0,0,0,0,0,0,0,0,0,0,0,0,0,0,0,0,0,0,0,0,0,0,0,0,0,0,0,0,0,0,0,0,0,0,0,0,0,0,0,0,0,0,0,0,0,0,0,0,0,0,0,0,0,0,0,0,0,0,0,0,0,0,0,0,0,0,0,0,0,0,0,0,0,0,0,0,0,0,0
11.001987395,4.180878000000191,1.0139402825273682,2.8828346922437347,4.093399999999647,-0.802151077685842,0.03744657725981426,4.077000000000001,-0.7904649743966754,0.03137981044085647,3.459162842236441,-0.7904649743966754,0.03137981044085647,2.9528034761903763,-0.5156296100543476,-1.440892157563109,-2.86,-2.0,-1.0,0.0,0.0,0.0,-2.86,0.0,-1.0,0.0,0.0,0.0,-2.86,-2.0,1.0,0.0,0.0,0.0,-2.86,0.0,1.0,0.0,0.0,0.0,7.32,-4.69,-1.0,0.0,0.0,0.0,7.32,-2.69,-1.0,0.0,0.0,0.0,7.32,-0.69,-1.0,0.0,0.0,0.0,7.32,1.31,-1.0,0.0,0.0,0.0,7.32,-4.69,1.0,0.0,0.0,0.0,7.32,-2.69,1.0,0.0,0.0,0.0,7.32,-0.69,1.0,0.0,0.0,0.0,7.32,1.31,1.0,0.0,0.0,0.0,1.54,-4.266599999999554,0.36619999999999386,0.0,-0.7299999999998974,0.10999999999999899,1.54,-2.2665999999995634,0.36619999999999386,0.0,-0.7299999999998974,0.10999999999999899,0,0,0,0,0,0,0,0,0,0,0,0,0,0,0,0,0,0,0,0,0,0,0,0,0,0,0,0,0,0,0,0,0,0,0,0,0,0,0,0,0,0,0,0,0,0,0,0,0,0,0,0,0,0,0,0,0,0,0,0,0,0,0,0,0,0,0,0,0,0,0,0,0,0,0,0,0,0,0,0,0,0,0,0,0,0,0,0,0,0,0,0,0,0,0,0,0,0,0,0,0,0,0,0,0,0,0,0,0,0,0,0,0,0,0,0,0,0,0,0,0,0,0,0,0,0,0,0,0,0,0,0,0,0,0,0,0,0,0,0,0,0,0,0,0,0,0,0,0,0,0,0,0,0,0,0,0,0,0,0,0,0,0,0,0,0,0,0,0,0,0,0,0,0,0,0,0,0,0,0,0,0,0,0,0,0,0,0,0,0,0,0,0,0,0,0,0,0,0,0,0,0,0,0,0,0,0,0,0,0,0,0,0,0,0,0
11.101382633,4.58681800000016,0.9366537850876998,2.8851482601819405,3.9889999999997983,-0.7024649743966327,-0.009840844852782029,3.9890000000000008,-0.7024649743966754,-0.009840844852692765,3.248239075212057,-0.5618050568124575,-0.009840844852692765,2.781135499999915,-0.48207049457018836,-1.4424058101507513,-2.86,-2.0,-1.0,0.0,0.0,0.0,-2.86,0.0,-1.0,0.0,0.0,0.0,-2.86,-2.0,1.0,0.0,0.0,0.0,-2.86,0.0,1.0,0.0,0.0,0.0,7.32,-4.69,-1.0,0.0,0.0,0.0,7.32,-2.69,-1.0,0.0,0.0,0.0,7.32,-0.69,-1.0,0.0,0.0,0.0,7.32,1.31,-1.0,0.0,0.0,0.0,7.32,-4.69,1.0,0.0,0.0,0.0,7.32,-2.69,1.0,0.0,0.0,0.0,7.32,-0.69,1.0,0.0,0.0,0.0,7.32,1.31,1.0,0.0,0.0,0.0,1.54,-4.339599999999543,0.37719999999999376,0.0,-0.7299999999998974,0.10999999999999899,1.54,-2.339599999999553,0.37719999999999376,0.0,-0.7299999999998974,0.10999999999999899,0,0,0,0,0,0,0,0,0,0,0,0,0,0,0,0,0,0,0,0,0,0,0,0,0,0,0,0,0,0,0,0,0,0,0,0,0,0,0,0,0,0,0,0,0,0,0,0,0,0,0,0,0,0,0,0,0,0,0,0,0,0,0,0,0,0,0,0,0,0,0,0,0,0,0,0,0,0,0,0,0,0,0,0,0,0,0,0,0,0,0,0,0,0,0,0,0,0,0,0,0,0,0,0,0,0,0,0,0,0,0,0,0,0,0,0,0,0,0,0,0,0,0,0,0,0,0,0,0,0,0,0,0,0,0,0,0,0,0,0,0,0,0,0,0,0,0,0,0,0,0,0,0,0,0,0,0,0,0,0,0,0,0,0,0,0,0,0,0,0,0,0,0,0,0,0,0,0,0,0,0,0,0,0,0,0,0,0,0,0,0,0,0,0,0,0,0,0,0,0,0,0,0,0,0,0,0,0,0,0,0,0,0,0,0,0
11.203996386,4.905458000000143,0.8809365871359691,2.8839874513119916,3.9409999999997503,-0.6544649743966402,-0.04719497302541065,3.8930000000000007,-0.6064649743966755,-0.08454910119789716,3.154741160047372,-0.3289354034480514,-0.08454910119789716,2.5988879999999255,-0.4493603382351408,-1.442308427279945,-2.86,-2.0,-1.0,0.0,0.0,0.0,-2.86,0.0,-1.0,0.0,0.0,0.0,-2.86,-2.0,1.0,0.0,0.0,0.0,-2.86,0.0,1.0,0.0,0.0,0.0,7.32,-4.69,-1.0,0.0,0.0,0.0,7.32,-2.69,-1.0,0.0,0.0,0.0,7.32,-0.69,-1.0,0.0,0.0,0.0,7.32,1.31,-1.0,0.0,0.0,0.0,7.32,-4.69,1.0,0.0,0.0,0.0,7.32,-2.69,1.0,0.0,0.0,0.0,7.32,-0.69,1.0,0.0,0.0,0.0,7.32,1.31,1.0,0.0,0.0,0.0,1.54,-4.412599999999533,0.38819999999999366,0.0,-0.7299999999998974,0.10999999999999899,1.54,-2.412599999999543,0.38819999999999366,0.0,-0.7299999999998974,0.10999999999999899,0,0,0,0,0,0,0,0,0,0,0,0,0,0,0,0,0,0,0,0,0,0,0,0,0,0,0,0,0,0,0,0,0,0,0,0,0,0,0,0,0,0,0,0,0,0,0,0,0,0,0,0,0,0,0,0,0,0,0,0,0,0,0,0,0,0,0,0,0,0,0,0,0,0,0,0,0,0,0,0,0,0,0,0,0,0,0,0,0,0,0,0,0,0,0,0,0,0,0,0,0,0,0,0,0,0,0,0,0,0,0,0,0,0,0,0,0,0,0,0,0,0,0,0,0,0,0,0,0,0,0,0,0,0,0,0,0,0,0,0,0,0,0,0,0,0,0,0,0,0,0,0,0,0,0,0,0,0,0,0,0,0,0,0,0,0,0,0,0,0,0,0,0,0,0,0,0,0,0,0,0,0,0,0,0,0,0,0,0,0,0,0,0,0,0,0,0,0,0,0,0,0,0,0,0,0,0,0,0,0,0,0,0,0,0,0
11.300808628,5.292838000000122,0.8183700896963024,2.8774525411921896,3.8130000000000663,-0.6864649743967277,-0.004549101197959262,3.8130000000000006,-0.6864649743966754,-0.004549101197897157,2.861244782517095,-0.8381168845788989,0.0741265224742893,2.4246654999999375,-0.42134064687449013,-1.4393544289682576,-2.86,-2.0,-1.0,0.0,0.0,0.0,-2.86,0.0,-1.0,0.0,0.0,0.0,-2.86,-2.0,1.0,0.0,0.0,0.0,-2.86,0.0,1.0,0.0,0.0,0.0,7.32,-4.69,-1.0,0.0,0.0,0.0,7.32,-2.69,-1.0,0.0,0.0,0.0,7.32,-0.69,-1.0,0.0,0.0,0.0,7.32,1.31,-1.0,0.0,0.0,0.0,7.32,-4.69,1.0,0.0,0.0,0.0,7.32,-2.69,1.0,0.0,0.0,0.0,7.32,-0.69,1.0,0.0,0.0,0.0,7.32,1.31,1.0,0.0,0.0,0.0,1.54,-4.470999999999525,0.3969999999999936,0.0,-0.7299999999998974,0.10999999999999899,1.54,-2.4709999999995347,0.3969999999999936,0.0,-0.7299999999998974,0.10999999999999899,0,0,0,0,0,0,0,0,0,0,0,0,0,0,0,0,0,0,0,0,0,0,0,0,0,0,0,0,0,0,0,0,0,0,0,0,0,0,0,0,0,0,0,0,0,0,0,0,0,0,0,0,0,0,0,0,0,0,0,0,0,0,0,0,0,0,0,0,0,0,0,0,0,0,0,0,0,0,0,0,0,0,0,0,0,0,0,0,0,0,0,0,0,0,0,0,0,0,0,0,0,0,0,0,0,0,0,0,0,0,0,0,0,0,0,0,0,0,0,0,0,0,0,0,0,0,0,0,0,0,0,0,0,0,0,0,0,0,0,0,0,0,0,0,0,0,0,0,0,0,0,0,0,0,0,0,0,0,0,0,0,0,0,0,0,0,0,0,0,0,0,0,0,0,0,0,0,0,0,0,0,0,0,0,0,0,0,0,0,0,0,0,0,0,0,0,0,0,0,0,0,0,0,0,0,0,0,0,0,0,0,0,0,0,0,0
11.400592198,5.595824000000118,0.7655068917445655,2.8750346130963544,3.733999999999682,-0.6074649743966765,-0.08354910119789949,3.7340000000000004,-0.6074649743966755,-0.08354910119789716,2.8408342030742415,-0.42995493671413065,-0.10840839691411874,2.2735316999999378,-0.39479298038582,-1.4386070394709378,-2.86,-2.0,-1.0,0.0,0.0,0.0,-2.86,0.0,-1.0,0.0,0.0,0.0,-2.86,-2.0,1.0,0.0,0.0,0.0,-2.86,0.0,1.0,0.0,0.0,0.0,7.32,-4.69,-1.0,0.0,0.0,0.0,7.32,-2.69,-1.0,0.0,0.0,0.0,7.32,-0.69,-1.0,0.0,0.0,0.0,7.32,1.31,-1.0,0.0,0.0,0.0,7.32,-4.69,1.0,0.0,0.0,0.0,7.32,-2.69,1.0,0.0,0.0,0.0,7.32,-0.69,1.0,0.0,0.0,0.0,7.32,1.31,1.0,0.0,0.0,0.0,1.54,-4.529399999999517,0.4057999999999935,0.0,-0.7299999999998974,0.10999999999999899,1.54,-2.5293999999995265,0.4057999999999935,0.0,-0.7299999999998974,0.10999999999999899,0,0,0,0,0,0,0,0,0,0,0,0,0,0,0,0,0,0,0,0,0,0,0,0,0,0,0,0,0,0,0,0,0,0,0,0,0,0,0,0,0,0,0,0,0,0,0,0,0,0,0,0,0,0,0,0,0,0,0,0,0,0,0,0,0,0,0,0,0,0,0,0,0,0,0,0,0,0,0,0,0,0,0,0,0,0,0,0,0,0,0,0,0,0,0,0,0,0,0,0,0,0,0,0,0,0,0,0,0,0,0,0,0,0,0,0,0,0,0,0,0,0,0,0,0,0,0,0,0,0,0,0,0,0,0,0,0,0,0,0,0,0,0,0,0,0,0,0,0,0,0,0,0,0,0,0,0,0,0,0,0,0,0,0,0,0,0,0,0,0,0,0,0,0,0,0,0,0,0,0,0,0,0,0,0,0,0,0,0,0,0,0,0,0,0,0,0,0,0,0,0,0,0,0,0,0,0,0,0,0,0,0,0,0,0,0
11.50089935,5.893031000000092,0.7184226937928315,2.8668376850005224,3.6449999999996763,-0.5184649743966707,-0.17254910119790523,3.6450000000000005,-0.5184649743966755,-0.17254910119789715,2.2735316999999378,-0.39479298038582,-1.4386070394709378,2.112471999999949,-0.36817428648676254,-1.4355121281194276,-2.86,-2.0,-1.0,0.0,0.0,0.0,-2.86,0.0,-1.0,0.0,0.0,0.0,-2.86,-2.0,1.0,0.0,0.0,0.0,-2.86,0.0,1.0,0.0,0.0,0.0,7.32,-4.69,-1.0,0.0,0.0,0.0,7.32,-2.69,-1.0,0.0,0.0,0.0,7.32,-0.69,-1.0,0.0,0.0,0.0,7.32,1.31,-1.0,0.0,0.0,0.0,7.32,-4.69,1.0,0.0,0.0,0.0,7.32,-2.69,1.0,0.0,0.0,0.0,7.32,-0.69,1.0,0.0,0.0,0.0,7.32,1.31,1.0,0.0,0.0,0.0,1.54,-4.5877999999995085,0.4145999999999934,0.0,-0.7299999999998974,0.10999999999999899,1.54,-2.5877999999995183,0.4145999999999934,0.0,-0.7299999999998974,0.10999999999999899,0,0,0,0,0,0,0,0,0,0,0,0,0,0,0,0,0,0,0,0,0,0,0,0,0,0,0,0,0,0,0,0,0,0,0,0,0,0,0,0,0,0,0,0,0,0,0,0,0,0,0,0,0,0,0,0,0,0,0,0,0,0,0,0,0,0,0,0,0,0,0,0,0,0,0,0,0,0,0,0,0,0,0,0,0,0,0,0,0,0,0,0,0,0,0,0,0,0,0,0,0,0,0,0,0,0,0,0,0,0,0,0,0,0,0,0,0,0,0,0,0,0,0,0,0,0,0,0,0,0,0,0,0,0,0,0,0,0,0,0,0,0,0,0,0,0,0,0,0,0,0,0,0,0,0,0,0,0,0,0,0,0,0,0,0,0,0,0,0,0,0,0,0,0,0,0,0,0,0,0,0,0,0,0,0,0,0,0,0,0,0,0,0,0,0,0,0,0,0,0,0,0,0,0,0,0,0,0,0,0,0,0,0,0,0,0
11.60048338,6.18290300000008,0.6786734958410969,2.8513057569046936,3.5730000000002704,-0.44646497439670974,-0.2445491011977552,3.5730000000000004,-0.4464649743966755,-0.24454910119789713,2.112471999999949,-0.36817428648676254,-1.4355121281194276,1.9788556428571034,-0.3486020164682934,-1.4298788370947804,-2.86,-2.0,-1.0,0.0,0.0,0.0,-2.86,0.0,-1.0,0.0,0.0,0.0,-2.86,-2.0,1.0,0.0,0.0,0.0,-2.86,0.0,1.0,0.0,0.0,0.0,7.32,-4.69,-1.0,0.0,0.0,0.0,7.32,-2.69,-1.0,0.0,0.0,0.0,7.32,-0.69,-1.0,0.0,0.0,0.0,7.32,1.31,-1.0,0.0,0.0,0.0,7.32,-4.69,1.0,0.0,0.0,0.0,7.32,-2.69,1.0,0.0,0.0,0.0,7.32,-0.69,1.0,0.0,0.0,0.0,7.32,1.31,1.0,0.0,0.0,0.0,1.54,-4.6461999999995,0.42339999999999334,0.0,-0.7299999999998974,0.10999999999999899,1.54,-2.64619999999951,0.42339999999999334,0.0,-0.7299999999998974,0.10999999999999899,0,0,0,0,0,0,0,0,0,0,0,0,0,0,0,0,0,0,0,0,0,0,0,0,0,0,0,0,0,0,0,0,0,0,0,0,0,0,0,0,0,0,0,0,0,0,0,0,0,0,0,0,0,0,0,0,0,0,0,0,0,0,0,0,0,0,0,0,0,0,0,0,0,0,0,0,0,0,0,0,0,0,0,0,0,0,0,0,0,0,0,0,0,0,0,0,0,0,0,0,0,0,0,0,0,0,0,0,0,0,0,0,0,0,0,0,0,0,0,0,0,0,0,0,0,0,0,0,0,0,0,0,0,0,0,0,0,0,0,0,0,0,0,0,0,0,0,0,0,0,0,0,0,0,0,0,0,0,0,0,0,0,0,0,0,0,0,0,0,0,0,0,0,0,0,0,0,0,0,0,0,0,0,0,0,0,0,0,0,0,0,0,0,0,0,0,0,0,0,0,0,0,0,0,0,0,0,0,0,0,0,0,0,0,0,0
11.701714731,6.468149000000099,0.6435434756369309,2.8311478288088727,3.513599999999961,-0.387747199639632,-0.30394910119779794,3.474,-0.3486020164682934,-0.34354910119789717,1.9788556428571034,-0.3486020164682934,-1.4298788370947804,1.8138639999999526,-0.32750542609903566,-1.4191723272706063,-2.86,-2.0,-1.0,0.0,0.0,0.0,-2.86,0.0,-1.0,0.0,0.0,0.0,-2.86,-2.0,1.0,0.0,0.0,0.0,-2.86,0.0,1.0,0.0,0.0,0.0,7.32,-4.69,-1.0,0.0,0.0,0.0,7.32,-2.69,-1.0,0.0,0.0,0.0,7.32,-0.69,-1.0,0.0,0.0,0.0,7.32,1.31,-1.0,0.0,0.0,0.0,7.32,-4.69,1.0,0.0,0.0,0.0,7.32,-2.69,1.0,0.0,0.0,0.0,7.32,-0.69,1.0,0.0,0.0,0.0,7.32,1.31,1.0,0.0,0.0,0.0,1.54,-4.704599999999492,0.43219999999999326,0.0,-0.7299999999998974,0.10999999999999899,1.54,-2.704599999999502,0.43219999999999326,0.0,-0.7299999999998974,0.10999999999999899,0,0,0,0,0,0,0,0,0,0,0,0,0,0,0,0,0,0,0,0,0,0,0,0,0,0,0,0,0,0,0,0,0,0,0,0,0,0,0,0,0,0,0,0,0,0,0,0,0,0,0,0,0,0,0,0,0,0,0,0,0,0,0,0,0,0,0,0,0,0,0,0,0,0,0,0,0,0,0,0,0,0,0,0,0,0,0,0,0,0,0,0,0,0,0,0,0,0,0,0,0,0,0,0,0,0,0,0,0,0,0,0,0,0,0,0,0,0,0,0,0,0,0,0,0,0,0,0,0,0,0,0,0,0,0,0,0,0,0,0,0,0,0,0,0,0,0,0,0,0,0,0,0,0,0,0,0,0,0,0,0,0,0,0,0,0,0,0,0,0,0,0,0,0,0,0,0,0,0,0,0,0,0,0,0,0,0,0,0,0,0,0,0,0,0,0,0,0,0,0,0,0,0,0,0,0,0,0,0,0,0,0,0,0,0,0
11.801123253,6.8135810000000765,0.6067152739901056,2.794824918689092,3.3919999999998396,-0.43060201646827334,-0.4255491011977419,3.3920000000000003,-0.43060201646829344,-0.4255491011978972,2.2574679426266018,-0.5325767790266762,-0.6903643426170367,1.6617054999999579,-0.31131367732441806,-1.4052674413685016,-2.86,-2.0,-1.0,0.0,0.0,0.0,-2.86,0.0,-1.0,0.0,0.0,0.0,-2.86,-2.0,1.0,0.0,0.0,0.0,-2.86,0.0,1.0,0.0,0.0,0.0,7.32,-4.69,-1.0,0.0,0.0,0.0,7.32,-2.69,-1.0,0.0,0.0,0.0,7.32,-0.69,-1.0,0.0,0.0,0.0,7.32,1.31,-1.0,0.0,0.0,0.0,7.32,-4.69,1.0,0.0,0.0,0.0,7.32,-2.69,1.0,0.0,0.0,0.0,7.32,-0.69,1.0,0.0,0.0,0.0,7.32,1.31,1.0,0.0,0.0,0.0,1.54,-4.777599999999482,0.44319999999999315,0.0,-0.7299999999998974,0.10999999999999899,1.54,-2.7775999999994916,0.44319999999999315,0.0,-0.7299999999998974,0.10999999999999899,0,0,0,0,0,0,0,0,0,0,0,0,0,0,0,0,0,0,0,0,0,0,0,0,0,0,0,0,0,0,0,0,0,0,0,0,0,0,0,0,0,0,0,0,0,0,0,0,0,0,0,0,0,0,0,0,0,0,0,0,0,0,0,0,0,0,0,0,0,0,0,0,0,0,0,0,0,0,0,0,0,0,0,0,0,0,0,0,0,0,0,0,0,0,0,0,0,0,0,0,0,0,0,0,0,0,0,0,0,0,0,0,0,0,0,0,0,0,0,0,0,0,0,0,0,0,0,0,0,0,0,0,0,0,0,0,0,0,0,0,0,0,0,0,0,0,0,0,0,0,0,0,0,0,0,0,0,0,0,0,0,0,0,0,0,0,0,0,0,0,0,0,0,0,0,0,0,0,0,0,0,0,0,0,0,0,0,0,0,0,0,0,0,0,0,0,0,0,0,0,0,0,0,0,0,0,0,0,0,0,0,0,0,0,0,0
11.901042869,7.0831980000000625,0.5740101126726426,2.7590379905932716,3.3089999999997843,-0.3476020164683291,-0.5085491011977972,3.309,-0.3476020164682934,-0.5085491011978972,1.6617054999999579,-0.31131367732441806,-1.4052674413685016,1.5067363249999657,-0.29240011057511184,-1.3865381322640036,-2.86,-2.0,-1.0,0.0,0.0,0.0,-2.86,0.0,-1.0,0.0,0.0,0.0,-2.86,-2.0,1.0,0.0,0.0,0.0,-2.86,0.0,1.0,0.0,0.0,0.0,7.32,-4.69,-1.0,0.0,0.0,0.0,7.32,-2.69,-1.0,0.0,0.0,0.0,7.32,-0.69,-1.0,0.0,0.0,0.0,7.32,1.31,-1.0,0.0,0.0,0.0,7.32,-4.69,1.0,0.0,0.0,0.0,7.32,-2.69,1.0,0.0,0.0,0.0,7.32,-0.69,1.0,0.0,0.0,0.0,7.32,1.31,1.0,0.0,0.0,0.0,1.54,-4.835999999999474,0.4519999999999931,0.0,-0.7299999999998974,0.10999999999999899,1.54,-2.8359999999994834,0.4519999999999931,0.0,-0.7299999999998974,0.10999999999999899,0,0,0,0,0,0,0,0,0,0,0,0,0,0,0,0,0,0,0,0,0,0,0,0,0,0,0,0,0,0,0,0,0,0,0,0,0,0,0,0,0,0,0,0,0,0,0,0,0,0,0,0,0,0,0,0,0,0,0,0,0,0,0,0,0,0,0,0,0,0,0,0,0,0,0,0,0,0,0,0,0,0,0,0,0,0,0,0,0,0,0,0,0,0,0,0,0,0,0,0,0,0,0,0,0,0,0,0,0,0,0,0,0,0,0,0,0,0,0,0,0,0,0,0,0,0,0,0,0,0,0,0,0,0,0,0,0,0,0,0,0,0,0,0,0,0,0,0,0,0,0,0,0,0,0,0,0,0,0,0,0,0,0,0,0,0,0,0,0,0,0,0,0,0,0,0,0,0,0,0,0,0,0,0,0,0,0,0,0,0,0,0,0,0,0,0,0,0,0,0,0,0,0,0,0,0,0,0,0,0,0,0,0,0,0,0
12.000637024,7.412019000000049,0.5371709110258105,2.7061040804734904,3.210000000000157,-0.44660201646828934,-0.6075491011978684,3.21,-0.44660201646829345,-0.6075491011978972,1.7930888889587515,-0.6309118808507339,-0.772455832590683,1.3541749249999757,-0.2760481678175689,-1.363492273608905,-2.86,-2.0,-1.0,0.0,0.0,0.0,-2.86,0.0,-1.0,0.0,0.0,0.0,-2.86,-2.0,1.0,0.0,0.0,0.0,-2.86,0.0,1.0,0.0,0.0,0.0,7.32,-4.69,-1.0,0.0,0.0,0.0,7.32,-2.69,-1.0,0.0,0.0,0.0,7.32,-0.69,-1.0,0.0,0.0,0.0,7.32,1.31,-1.0,0.0,0.0,0.0,7.32,-4.69,1.0,0.0,0.0,0.0,7.32,-2.69,1.0,0.0,0.0,0.0,7.32,-0.69,1.0,0.0,0.0,0.0,7.32,1.31,1.0,0.0,0.0,0.0,1.54,-4.908999999999463,0.462999999999993,0.0,-0.7299999999998974,0.10999999999999899,1.54,-2.908999999999473,0.462999999999993,0.0,-0.7299999999998974,0.10999999999999899,0,0,0,0,0,0,0,0,0,0,0,0,0,0,0,0,0,0,0,0,0,0,0,0,0,0,0,0,0,0,0,0,0,0,0,0,0,0,0,0,0,0,0,0,0,0,0,0,0,0,0,0,0,0,0,0,0,0,0,0,0,0,0,0,0,0,0,0,0,0,0,0,0,0,0,0,0,0,0,0,0,0,0,0,0,0,0,0,0,0,0,0,0,0,0,0,0,0,0,0,0,0,0,0,0,0,0,0,0,0,0,0,0,0,0,0,0,0,0,0,0,0,0,0,0,0,0,0,0,0,0,0,0,0,0,0,0,0,0,0,0,0,0,0,0,0,0,0,0,0,0,0,0,0,0,0,0,0,0,0,0,0,0,0,0,0,0,0,0,0,0,0,0,0,0,0,0,0,0,0,0,0,0,0,0,0,0,0,0,0,0,0,0,0,0,0,0,0,0,0,0,0,0,0,0,0,0,0,0,0,0,0,0,0,0,0
12.102572981,7.730454000000066,0.4950757093789812,2.6427841703537047,3.115000000000201,-0.3516020164682776,-0.7025491011978247,3.1149999999999998,-0.3516020164682935,-0.7025491011978972,1.6569527553496675,-0.30221249560172625,-1.261422781482004,1.2057154999999709,-0.2563039000600273,-1.3363444399538038,-2.86,-2.0,-1.0,0.0,0.0,0.0,-2.86,0.0,-1.0,0.0,0.0,0.0,-2.86,-2.0,1.0,0.0,0.0,0.0,-2.86,0.0,1.0,0.0,0.0,0.0,7.32,-4.69,-1.0,0.0,0.0,0.0,7.32,-2.69,-1.0,0.0,0.0,0.0,7.32,-0.69,-1.0,0.0,0.0,0.0,7.32,1.31,-1.0,0.0,0.0,0.0,7.32,-4.69,1.0,0.0,0.0,0.0,7.32,-2.69,1.0,0.0,0.0,0.0,7.32,-0.69,1.0,0.0,0.0,0.0,7.32,1.31,1.0,0.0,0.0,0.0,1.54,-4.967399999999455,0.4717999999999929,0.0,-0.7299999999998974,0.10999999999999899,1.54,-2.981999999999463,0.47399999999999287,0.0,-0.7299999999998974,0.10999999999999899,0,0,0,0,0,0,0,0,0,0,0,0,0,0,0,0,0,0,0,0,0,0,0,0,0,0,0,0,0,0,0,0,0,0,0,0,0,0,0,0,0,0,0,0,0,0,0,0,0,0,0,0,0,0,0,0,0,0,0,0,0,0,0,0,0,0,0,0,0,0,0,0,0,0,0,0,0,0,0,0,0,0,0,0,0,0,0,0,0,0,0,0,0,0,0,0,0,0,0,0,0,0,0,0,0,0,0,0,0,0,0,0,0,0,0,0,0,0,0,0,0,0,0,0,0,0,0,0,0,0,0,0,0,0,0,0,0,0,0,0,0,0,0,0,0,0,0,0,0,0,0,0,0,0,0,0,0,0,0,0,0,0,0,0,0,0,0,0,0,0,0,0,0,0,0,0,0,0,0,0,0,0,0,0,0,0,0,0,0,0,0,0,0,0,0,0,0,0,0,0,0,0,0,0,0,0,0,0,0,0,0,0,0,0,0,0
12.200411406,7.978352000000074,0.46824954806151914,2.585278242257877,3.021999999999636,-0.25860201646826786,-0.7955491011979454,3.022,-0.2586020164682935,-0.7955491011978971,1.2057154999999709,-0.2563039000600273,-1.3363444399538038,1.0646854999999626,-0.23962680931895436,-1.3055847303999013,-2.86,-2.0,-1.0,0.0,0.0,0.0,-2.86,0.0,-1.0,0.0,0.0,0.0,-2.86,-2.0,1.0,0.0,0.0,0.0,-2.86,0.0,1.0,0.0,0.0,0.0,7.32,-4.69,-1.0,0.0,0.0,0.0,7.32,-2.69,-1.0,0.0,0.0,0.0,7.32,-0.69,-1.0,0.0,0.0,0.0,7.32,1.31,-1.0,0.0,0.0,0.0,7.32,-4.69,1.0,0.0,0.0,0.0,7.32,-2.69,1.0,0.0,0.0,0.0,7.32,-0.69,1.0,0.0,0.0,0.0,7.32,1.31,1.0,0.0,0.0,0.0,1.54,-5.040399999999445,0.4827999999999928,0.0,-0.7299999999998974,0.10999999999999899,1.54,-3.0403999999994546,0.4827999999999928,0.0,-0.7299999999998974,0.10999999999999899,0,0,0,0,0,0,0,0,0,0,0,0,0,0,0,0,0,0,0,0,0,0,0,0,0,0,0,0,0,0,0,0,0,0,0,0,0,0,0,0,0,0,0,0,0,0,0,0,0,0,0,0,0,0,0,0,0,0,0,0,0,0,0,0,0,0,0,0,0,0,0,0,0,0,0,0,0,0,0,0,0,0,0,0,0,0,0,0,0,0,0,0,0,0,0,0,0,0,0,0,0,0,0,0,0,0,0,0,0,0,0,0,0,0,0,0,0,0,0,0,0,0,0,0,0,0,0,0,0,0,0,0,0,0,0,0,0,0,0,0,0,0,0,0,0,0,0,0,0,0,0,0,0,0,0,0,0,0,0,0,0,0,0,0,0,0,0,0,0,0,0,0,0,0,0,0,0,0,0,0,0,0,0,0,0,0,0,0,0,0,0,0,0,0,0,0,0,0,0,0,0,0,0,0,0,0,0,0,0,0,0,0,0,0,0,0
12.302163632,8.218600000000057,0.44795986609419364,2.5201223141620446,2.95000000000023,-0.23962680931893798,-0.8675491011977954,2.9499999999999997,-0.23962680931895436,-0.8675491011978971,1.0646854999999626,-0.23962680931895436,-1.3055847303999013,0.9383103999999722,-0.227922120676951,-1.2735315427001879,-2.86,-2.0,-1.0,0.0,0.0,0.0,-2.86,0.0,-1.0,0.0,0.0,0.0,-2.86,-2.0,1.0,0.0,0.0,0.0,-2.86,0.0,1.0,0.0,0.0,0.0,7.32,-4.69,-1.0,0.0,0.0,0.0,7.32,-2.69,-1.0,0.0,0.0,0.0,7.32,-0.69,-1.0,0.0,0.0,0.0,7.32,1.31,-1.0,0.0,0.0,0.0,7.32,-4.69,1.0,0.0,0.0,0.0,7.32,-2.69,1.0,0.0,0.0,0.0,7.32,-0.69,1.0,0.0,0.0,0.0,7.32,1.31,1.0,0.0,0.0,0.0,1.54,-5.098799999999437,0.4915999999999927,0.0,-0.7299999999998974,0.10999999999999899,1.54,-3.0987999999994464,0.4915999999999927,0.0,-0.7299999999998974,0.10999999999999899,0,0,0,0,0,0,0,0,0,0,0,0,0,0,0,0,0,0,0,0,0,0,0,0,0,0,0,0,0,0,0,0,0,0,0,0,0,0,0,0,0,0,0,0,0,0,0,0,0,0,0,0,0,0,0,0,0,0,0,0,0,0,0,0,0,0,0,0,0,0,0,0,0,0,0,0,0,0,0,0,0,0,0,0,0,0,0,0,0,0,0,0,0,0,0,0,0,0,0,0,0,0,0,0,0,0,0,0,0,0,0,0,0,0,0,0,0,0,0,0,0,0,0,0,0,0,0,0,0,0,0,0,0,0,0,0,0,0,0,0,0,0,0,0,0,0,0,0,0,0,0,0,0,0,0,0,0,0,0,0,0,0,0,0,0,0,0,0,0,0,0,0,0,0,0,0,0,0,0,0,0,0,0,0,0,0,0,0,0,0,0,0,0,0,0,0,0,0,0,0,0,0,0,0,0,0,0,0,0,0,0,0,0,0,0,0
12.404794984,8.452920000000065,0.42903551981016014,2.4490383860662193,2.869999999999706,-0.22792212067695994,-0.9475491011978754,2.8699999999999997,-0.227922120676951,-0.947549101197897,0.9383103999999722,-0.227922120676951,-1.2735315427001879,0.8258079999999657,-0.21870931371094438,-1.2409670768546708,-2.86,-2.0,-1.0,0.0,0.0,0.0,-2.86,0.0,-1.0,0.0,0.0,0.0,-2.86,-2.0,1.0,0.0,0.0,0.0,-2.86,0.0,1.0,0.0,0.0,0.0,7.32,-4.69,-1.0,0.0,0.0,0.0,7.32,-2.69,-1.0,0.0,0.0,0.0,7.32,-0.69,-1.0,0.0,0.0,0.0,7.32,1.31,-1.0,0.0,0.0,0.0,7.32,-4.69,1.0,0.0,0.0,0.0,7.32,-2.69,1.0,0.0,0.0,0.0,7.32,-0.69,1.0,0.0,0.0,0.0,7.32,1.31,1.0,0.0,0.0,0.0,1.54,-5.1571999999994285,0.5003999999999929,0.0,-0.7299999999998974,0.11000000000002119,1.54,-3.1571999999994382,0.5003999999999929,0.0,-0.7299999999998974,0.11000000000002119,0,0,0,0,0,0,0,0,0,0,0,0,0,0,0,0,0,0,0,0,0,0,0,0,0,0,0,0,0,0,0,0,0,0,0,0,0,0,0,0,0,0,0,0,0,0,0,0,0,0,0,0,0,0,0,0,0,0,0,0,0,0,0,0,0,0,0,0,0,0,0,0,0,0,0,0,0,0,0,0,0,0,0,0,0,0,0,0,0,0,0,0,0,0,0,0,0,0,0,0,0,0,0,0,0,0,0,0,0,0,0,0,0,0,0,0,0,0,0,0,0,0,0,0,0,0,0,0,0,0,0,0,0,0,0,0,0,0,0,0,0,0,0,0,0,0,0,0,0,0,0,0,0,0,0,0,0,0,0,0,0,0,0,0,0,0,0,0,0,0,0,0,0,0,0,0,0,0,0,0,0,0,0,0,0,0,0,0,0,0,0,0,0,0,0,0,0,0,0,0,0,0,0,0,0,0,0,0,0,0,0,0,0,0,0,0
12.502533224,8.68049500000007,0.41105049594408616,2.371209457970394,2.795000000000769,-0.21870931371092972,-1.0225491011977006,2.7949999999999995,-0.21870931371094438,-1.022549101197897,0.8258079999999657,-0.21870931371094438,-1.2409670768546708,0.7090306249999729,-0.20939757339594378,-1.2031337132561577,-2.86,-2.0,-1.0,0.0,0.0,0.0,-2.86,0.0,-1.0,0.0,0.0,0.0,-2.86,-2.0,1.0,0.0,0.0,0.0,-2.86,0.0,1.0,0.0,0.0,0.0,7.32,-4.69,-1.0,0.0,0.0,0.0,7.32,-2.69,-1.0,0.0,0.0,0.0,7.32,-0.69,-1.0,0.0,0.0,0.0,7.32,1.31,-1.0,0.0,0.0,0.0,7.32,-4.69,1.0,0.0,0.0,0.0,7.32,-2.69,1.0,0.0,0.0,0.0,7.32,-0.69,1.0,0.0,0.0,0.0,7.32,1.31,1.0,0.0,0.0,0.0,1.54,-5.21559999999942,0.5091999999999972,0.0,-0.7299999999998974,0.1100000000000545,1.54,-3.21559999999943,0.5091999999999972,0.0,-0.7299999999998974,0.1100000000000545,0,0,0,0,0,0,0,0,0,0,0,0,0,0,0,0,0,0,0,0,0,0,0,0,0,0,0,0,0,0,0,0,0,0,0,0,0,0,0,0,0,0,0,0,0,0,0,0,0,0,0,0,0,0,0,0,0,0,0,0,0,0,0,0,0,0,0,0,0,0,0,0,0,0,0,0,0,0,0,0,0,0,0,0,0,0,0,0,0,0,0,0,0,0,0,0,0,0,0,0,0,0,0,0,0,0,0,0,0,0,0,0,0,0,0,0,0,0,0,0,0,0,0,0,0,0,0,0,0,0,0,0,0,0,0,0,0,0,0,0,0,0,0,0,0,0,0,0,0,0,0,0,0,0,0,0,0,0,0,0,0,0,0,0,0,0,0,0,0,0,0,0,0,0,0,0,0,0,0,0,0,0,0,0,0,0,0,0,0,0,0,0,0,0,0,0,0,0,0,0,0,0,0,0,0,0,0,0,0,0,0,0,0,0,0,0
12.600660215,8.9024230000001,0.39373067391319655,2.287733529874572,2.7069999999991268,-0.2093975733959419,-1.1105491011980106,2.7069999999999994,-0.20939757339594378,-1.1105491011978972,0.7090306249999729,-0.20939757339594378,-1.2031337132561577,0.5912749999999463,-0.2001668697861253,-1.1605522760058533,-2.86,-2.0,-1.0,0.0,0.0,0.0,-2.86,0.0,-1.0,0.0,0.0,0.0,-2.86,-2.0,1.0,0.0,0.0,0.0,-2.86,0.0,1.0,0.0,0.0,0.0,7.32,-4.69,-1.0,0.0,0.0,0.0,7.32,-2.69,-1.0,0.0,0.0,0.0,7.32,-0.69,-1.0,0.0,0.0,0.0,7.32,1.31,-1.0,0.0,0.0,0.0,7.32,-4.69,1.0,0.0,0.0,0.0,7.32,-2.69,1.0,0.0,0.0,0.0,7.32,-0.69,1.0,0.0,0.0,0.0,7.32,1.31,1.0,0.0,0.0,0.0,1.54,-5.273999999999412,0.5180000000000016,0.0,-0.7299999999998974,0.1100000000000545,1.54,-3.273999999999422,0.5180000000000016,0.0,-0.7299999999998974,0.1100000000000545,0,0,0,0,0,0,0,0,0,0,0,0,0,0,0,0,0,0,0,0,0,0,0,0,0,0,0,0,0,0,0,0,0,0,0,0,0,0,0,0,0,0,0,0,0,0,0,0,0,0,0,0,0,0,0,0,0,0,0,0,0,0,0,0,0,0,0,0,0,0,0,0,0,0,0,0,0,0,0,0,0,0,0,0,0,0,0,0,0,0,0,0,0,0,0,0,0,0,0,0,0,0,0,0,0,0,0,0,0,0,0,0,0,0,0,0,0,0,0,0,0,0,0,0,0,0,0,0,0,0,0,0,0,0,0,0,0,0,0,0,0,0,0,0,0,0,0,0,0,0,0,0,0,0,0,0,0,0,0,0,0,0,0,0,0,0,0,0,0,0,0,0,0,0,0,0,0,0,0,0,0,0,0,0,0,0,0,0,0,0,0,0,0,0,0,0,0,0,0,0,0,0,0,0,0,0,0,0,0,0,0,0,0,0,0,0
12.701638815,9.170867000000039,0.37301245346023776,2.1754785435593824,2.6130000000001985,-0.20016686978613363,-1.1605522760058662,2.6129999999999995,-0.2001668697861253,-1.1605522760058533,0.5912749999999463,-0.2001668697861253,-1.1605522760058533,0.46489029999997644,-0.19037585832204607,-1.1094297421651862,-2.86,-2.0,-1.0,0.0,0.0,0.0,-2.86,0.0,-1.0,0.0,0.0,0.0,-2.86,-2.0,1.0,0.0,0.0,0.0,-2.86,0.0,1.0,0.0,0.0,0.0,7.32,-4.69,-1.0,0.0,0.0,0.0,7.32,-2.69,-1.0,0.0,0.0,0.0,7.32,-0.69,-1.0,0.0,0.0,0.0,7.32,1.31,-1.0,0.0,0.0,0.0,7.32,-4.69,1.0,0.0,0.0,0.0,7.32,-2.69,1.0,0.0,0.0,0.0,7.32,-0.69,1.0,0.0,0.0,0.0,7.32,1.31,1.0,0.0,0.0,0.0,1.54,-5.346999999999402,0.529000000000007,0.0,-0.7299999999998974,0.1100000000000545,1.54,-3.3469999999994116,0.529000000000007,0.0,-0.7299999999998974,0.1100000000000545,0,0,0,0,0,0,0,0,0,0,0,0,0,0,0,0,0,0,0,0,0,0,0,0,0,0,0,0,0,0,0,0,0,0,0,0,0,0,0,0,0,0,0,0,0,0,0,0,0,0,0,0,0,0,0,0,0,0,0,0,0,0,0,0,0,0,0,0,0,0,0,0,0,0,0,0,0,0,0,0,0,0,0,0,0,0,0,0,0,0,0,0,0,0,0,0,0,0,0,0,0,0,0,0,0,0,0,0,0,0,0,0,0,0,0,0,0,0,0,0,0,0,0,0,0,0,0,0,0,0,0,0,0,0,0,0,0,0,0,0,0,0,0,0,0,0,0,0,0,0,0,0,0,0,0,0,0,0,0,0,0,0,0,0,0,0,0,0,0,0,0,0,0,0,0,0,0,0,0,0,0,0,0,0,0,0,0,0,0,0,0,0,0,0,0,0,0,0,0,0,0,0,0,0,0,0,0,0,0,0,0,0,0,0,0,0
12.800860988,9.379907000000054,0.35699910387734707,2.082634361478913,2.6130000000001985,-0.20016686978613363,-1.1605522760058662,2.5129999999999995,-0.19037585832204607,-1.1094297421651862,0.46489029999997644,-0.19037585832204607,-1.1094297421651862,0.3427089999999753,-0.1810016378110002,-1.0558240841895299,-2.86,-2.0,-1.0,0.0,0.0,0.0,-2.86,0.0,-1.0,0.0,0.0,0.0,-2.86,-2.0,1.0,0.0,0.0,0.0,-2.86,0.0,1.0,0.0,0.0,0.0,7.32,-4.69,-1.0,0.0,0.0,0.0,7.32,-2.69,-1.0,0.0,0.0,0.0,7.32,-0.69,-1.0,0.0,0.0,0.0,7.32,1.31,-1.0,0.0,0.0,0.0,7.32,-4.69,1.0,0.0,0.0,0.0,7.32,-2.69,1.0,0.0,0.0,0.0,7.32,-0.69,1.0,0.0,0.0,0.0,7.32,1.31,1.0,0.0,0.0,0.0,1.54,-5.405399999999394,0.5378000000000114,0.0,-0.7299999999998974,0.1100000000000545,1.54,-3.4053999999994033,0.5378000000000114,0.0,-0.7299999999998974,0.1100000000000545,0,0,0,0,0,0,0,0,0,0,0,0,0,0,0,0,0,0,0,0,0,0,0,0,0,0,0,0,0,0,0,0,0,0,0,0,0,0,0,0,0,0,0,0,0,0,0,0,0,0,0,0,0,0,0,0,0,0,0,0,0,0,0,0,0,0,0,0,0,0,0,0,0,0,0,0,0,0,0,0,0,0,0,0,0,0,0,0,0,0,0,0,0,0,0,0,0,0,0,0,0,0,0,0,0,0,0,0,0,0,0,0,0,0,0,0,0,0,0,0,0,0,0,0,0,0,0,0,0,0,0,0,0,0,0,0,0,0,0,0,0,0,0,0,0,0,0,0,0,0,0,0,0,0,0,0,0,0,0,0,0,0,0,0,0,0,0,0,0,0,0,0,0,0,0,0,0,0,0,0,0,0,0,0,0,0,0,0,0,0,0,0,0,0,0,0,0,0,0,0,0,0,0,0,0,0,0,0,0,0,0,0,0,0,0,0
12.901537592,9.629857000000081,0.33813837786199363,1.9727173441363495,2.437999999999718,-0.18100163781098466,-1.0558240841895827,2.4379999999999993,-0.1810016378110002,-1.0558240841895299,0.3427089999999753,-0.1810016378110002,-1.0558240841895299,0.23570316666662627,-0.17286424484244559,-1.0084859045509669,-2.86,-2.0,-1.0,0.0,0.0,0.0,-2.86,0.0,-1.0,0.0,0.0,0.0,-2.86,-2.0,1.0,0.0,0.0,0.0,-2.86,0.0,1.0,0.0,0.0,0.0,7.32,-4.69,-1.0,0.0,0.0,0.0,7.32,-2.69,-1.0,0.0,0.0,0.0,7.32,-0.69,-1.0,0.0,0.0,0.0,7.32,1.31,-1.0,0.0,0.0,0.0,7.32,-4.69,1.0,0.0,0.0,0.0,7.32,-2.69,1.0,0.0,0.0,0.0,7.32,-0.69,1.0,0.0,0.0,0.0,7.32,1.31,1.0,0.0,0.0,0.0,1.54,-5.478399999999383,0.5488000000000168,0.0,-0.7299999999998974,0.1100000000000545,1.54,-3.478399999999393,0.5488000000000168,0.0,-0.7299999999998974,0.1100000000000545,0,0,0,0,0,0,0,0,0,0,0,0,0,0,0,0,0,0,0,0,0,0,0,0,0,0,0,0,0,0,0,0,0,0,0,0,0,0,0,0,0,0,0,0,0,0,0,0,0,0,0,0,0,0,0,0,0,0,0,0,0,0,0,0,0,0,0,0,0,0,0,0,0,0,0,0,0,0,0,0,0,0,0,0,0,0,0,0,0,0,0,0,0,0,0,0,0,0,0,0,0,0,0,0,0,0,0,0,0,0,0,0,0,0,0,0,0,0,0,0,0,0,0,0,0,0,0,0,0,0,0,0,0,0,0,0,0,0,0,0,0,0,0,0,0,0,0,0,0,0,0,0,0,0,0,0,0,0,0,0,0,0,0,0,0,0,0,0,0,0,0,0,0,0,0,0,0,0,0,0,0,0,0,0,0,0,0,0,0,0,0,0,0,0,0,0,0,0,0,0,0,0,0,0,0,0,0,0,0,0,0,0,0,0,0,0
