time_elapsed,pos_x,pos_y,pos_z,vel_x,vel_y,vel_z,cmd_vel_x,cmd_vel_y,cmd_vel_z,cmd_vel_unfiltered_x,cmd_vel_unfiltered_y,cmd_vel_unfiltered_z,desired_vel_x,desired_vel_y,desired_vel_z,obs_1_pos_x,obs_1_pos_y,obs_1_pos_z,obs_1_vel_x,obs_1_vel_y,obs_1_vel_z,obs_2_pos_x,obs_2_pos_y,obs_2_pos_z,obs_2_vel_x,obs_2_vel_y,obs_2_vel_z,obs_3_pos_x,obs_3_pos_y,obs_3_pos_z,obs_3_vel_x,obs_3_vel_y,obs_3_vel_z,obs_4_pos_x,obs_4_pos_y,obs_4_pos_z,obs_4_vel_x,obs_4_vel_y,obs_4_vel_z,obs_5_pos_x,obs_5_pos_y,obs_5_pos_z,obs_5_vel_x,obs_5_vel_y,obs_5_vel_z,obs_6_pos_x,obs_6_pos_y,obs_6_pos_z,obs_6_vel_x,obs_6_vel_y,obs_6_vel_z,obs_7_pos_x,obs_7_pos_y,obs_7_pos_z,obs_7_vel_x,obs_7_vel_y,obs_7_vel_z,obs_8_pos_x,obs_8_pos_y,obs_8_pos_z,obs_8_vel_x,obs_8_vel_y,obs_8_vel_z,obs_9_pos_x,obs_9_pos_y,obs_9_pos_z,obs_9_vel_x,obs_9_vel_y,obs_9_vel_z,obs_10_pos_x,obs_10_pos_y,obs_10_pos_z,obs_10_vel_x,obs_10_vel_y,obs_10_vel_z,obs_11_pos_x,obs_11_pos_y,obs_11_pos_z,obs_11_vel_x,obs_11_vel_y,obs_11_vel_z,obs_12_pos_x,obs_12_pos_y,obs_12_pos_z,obs_12_vel_x,obs_12_vel_y,obs_12_vel_z,obs_13_pos_x,obs_13_pos_y,obs_13_pos_z,obs_13_vel_x,obs_13_vel_y,obs_13_vel_z,obs_14_pos_x,obs_14_pos_y,obs_14_pos_z,obs_14_vel_x,obs_14_vel_y,obs_14_vel_z,obs_15_pos_x,obs_15_pos_y,obs_15_pos_z,obs_15_vel_x,obs_15_vel_y,obs_15_vel_z,obs_16_pos_x,obs_16_pos_y,obs_16_pos_z,obs_16_vel_x,obs_16_vel_y,obs_16_vel_z,obs_17_pos_x,obs_17_pos_y,obs_17_pos_z,obs_17_vel_x,obs_17_vel_y,obs_17_vel_z,obs_18_pos_x,obs_18_pos_y,obs_18_pos_z,obs_18_vel_x,obs_18_vel_y,obs_18_vel_z,obs_19_pos_x,obs_19_pos_y,obs_19_pos_z,obs_19_vel_x,obs_19_vel_y,obs_19_vel_z,obs_20_pos_x,obs_20_pos_y,obs_20_pos_z,obs_20_vel_x,obs_20_vel_y,obs_20_vel_z,obs_21_pos_x,obs_21_pos_y,obs_21_pos_z,obs_21_vel_x,obs_21_vel_y,obs_21_vel_z,obs_22_pos_x,obs_22_pos_y,obs_22_pos_z,obs_22_vel_x,obs_22_vel_y,obs_22_vel_z,obs_23_pos_x,obs_23_pos_y,obs_23_pos_z,obs_23_vel_x,obs_23_vel_y,obs_23_vel_z,obs_24_pos_x,obs_24_pos_y,obs_24_pos_z,obs_24_vel_x,obs_24_vel_y,obs_24_vel_z,obs_25_pos_x,obs_25_pos_y,obs_25_pos_z,obs_25_vel_x,obs_25_vel_y,obs_25_vel_z,obs_26_pos_x,obs_26_pos_y,obs_26_pos_z,obs_26_vel_x,obs_26_vel_y,obs_26_vel_z,obs_27_pos_x,obs_27_pos_y,obs_27_pos_z,obs_27_vel_x,obs_27_vel_y,obs_27_vel_z,obs_28_pos_x,obs_28_pos_y,obs_28_pos_z,obs_28_vel_x,obs_28_vel_y,obs_28_vel_z,obs_29_pos_x,obs_29_pos_y,obs_29_pos_z,obs_29_vel_x,obs_29_vel_y,obs_29_vel_z,obs_30_pos_x,obs_30_pos_y,obs_30_pos_z,obs_30_vel_x,obs_30_vel_y,obs_30_vel_z,obs_31_pos_x,obs_31_pos_y,obs_31_pos_z,obs_31_vel_x,obs_31_vel_y,obs_31_vel_z,obs_32_pos_x,obs_32_pos_y,obs_32_pos_z,obs_32_vel_x,obs_32_vel_y,obs_32_vel_z,obs_33_pos_x,obs_33_pos_y,obs_33_pos_z,obs_33_vel_x,obs_33_vel_y,obs_33_vel_z,obs_34_pos_x,obs_34_pos_y,obs_34_pos_z,obs_34_vel_x,obs_34_vel_y,obs_34_vel_z,obs_35_pos_x,obs_35_pos_y,obs_35_pos_z,obs_35_vel_x,obs_35_vel_y,obs_35_vel_z,obs_36_pos_x,obs_36_pos_y,obs_36_pos_z,obs_36_vel_x,obs_36_vel_y,obs_36_vel_z,obs_37_pos_x,obs_37_pos_y,obs_37_pos_z,obs_37_vel_x,obs_37_vel_y,obs_37_vel_z,obs_38_pos_x,obs_38_pos_y,obs_38_pos_z,obs_38_vel_x,obs_38_vel_y,obs_38_vel_z,obs_39_pos_x,obs_39_pos_y,obs_39_pos_z,obs_39_vel_x,obs_39_vel_y,obs_39_vel_z,obs_40_pos_x,obs_40_pos_y,obs_40_pos_z,obs_40_vel_x,obs_40_vel_y,obs_40_vel_z,obs_41_pos_x,obs_41_pos_y,obs_41_pos_z,obs_41_vel_x,obs_41_vel_y,obs_41_vel_z,obs_42_pos_x,obs_42_pos_y,obs_42_pos_z,obs_42_vel_x,obs_42_vel_y,obs_42_vel_z,obs_43_pos_x,obs_43_pos_y,obs_43_pos_z,obs_43_vel_x,obs_43_vel_y,obs_43_vel_z,obs_44_pos_x,obs_44_pos_y,obs_44_pos_z,obs_44_vel_x,obs_44_vel_y,obs_44_vel_z,obs_45_pos_x,obs_45_pos_y,obs_45_pos_z,obs_45_vel_x,obs_45_vel_y,obs_45_vel_z,obs_46_pos_x,obs_46_pos_y,obs_46_pos_z,obs_46_vel_x,obs_46_vel_y,obs_46_vel_z,obs_47_pos_x,obs_47_pos_y,obs_47_pos_z,obs_47_vel_x,obs_47_vel_y,obs_47_vel_z,obs_48_pos_x,obs_48_pos_y,obs_48_pos_z,obs_48_vel_x,obs_48_vel_y,obs_48_vel_z,obs_49_pos_x,obs_49_pos_y,obs_49_pos_z,obs_49_vel_x,obs_49_vel_y,obs_49_vel_z,obs_50_pos_x,obs_50_pos_y,obs_50_pos_z,obs_50_vel_x,obs_50_vel_y,obs_50_vel_z
2.903829398,-10.0,0.0,0.0,0.0,0.0,0.0,0,0,0,0,0,0,5.0,0.0,0.0,2.05,0.62,-1.0,0.0,0.0,0.0,2.05,2.62,-1.0,0.0,0.0,0.0,2.05,4.62,-1.0,0.0,0.0,0.0,2.05,6.62,-1.0,0.0,0.0,0.0,2.05,0.62,1.0,0.0,0.0,0.0,2.05,2.62,1.0,0.0,0.0,0.0,2.05,4.62,1.0,0.0,0.0,0.0,2.05,6.62,1.0,0.0,0.0,0.0,2.39,-5.0,-1.0,0.0,0.0,0.0,2.39,-3.0,-1.0,0.0,0.0,0.0,2.39,-5.0,1.0,0.0,0.0,0.0,2.39,-3.0,1.0,0.0,0.0,0.0,-0.08,-3.95,-1.0,0.0,0.0,0.0,-0.08,-1.95,-1.0,0.0,0.0,0.0,-0.08,0.05,-1.0,0.0,0.0,0.0,-0.08,2.05,-1.0,0.0,0.0,0.0,-0.08,-3.95,1.0,0.0,0.0,0.0,-0.08,-1.95,1.0,0.0,0.0,0.0,-0.08,0.05,1.0,0.0,0.0,0.0,-0.08,2.05,1.0,0.0,0.0,0.0,-3.32,-4.191999999999985,-1.5762000000000063,0.0,1.8000000000002458,0.7299999999998974,6.21,1.7067999999999999,-1.7851999999999997,0.0,-1.5800000000001369,1.1200000000000099,6.21,3.7067999999999945,-1.7851999999999997,0.0,-1.5800000000001369,1.1200000000000099,9.9,1.3268000000000013,1.942799999999996,0.0,-1.0799999999999699,-0.9300000000000974,9.9,3.305200000000002,1.9241999999999941,0.0,-1.0799999999999699,-0.9300000000000974,0,0,0,0,0,0,0,0,0,0,0,0,0,0,0,0,0,0,0,0,0,0,0,0,0,0,0,0,0,0,0,0,0,0,0,0,0,0,0,0,0,0,0,0,0,0,0,0,0,0,0,0,0,0,0,0,0,0,0,0,0,0,0,0,0,0,0,0,0,0,0,0,0,0,0,0,0,0,0,0,0,0,0,0,0,0,0,0,0,0,0,0,0,0,0,0,0,0,0,0,0,0,0,0,0,0,0,0,0,0,0,0,0,0,0,0,0,0,0,0,0,0,0,0,0,0,0,0,0,0,0,0,0,0,0,0,0,0,0,0,0,0,0,0,0,0,0,0,0,0
3.001352679,-10.0,0.0,0.0,0.0,0.0,0.0,0,0,0,0,0,0,5.0,0.0,0.0,2.05,0.62,-1.0,0.0,0.0,0.0,2.05,2.62,-1.0,0.0,0.0,0.0,2.05,4.62,-1.0,0.0,0.0,0.0,2.05,6.62,-1.0,0.0,0.0,0.0,2.05,0.62,1.0,0.0,0.0,0.0,2.05,2.62,1.0,0.0,0.0,0.0,2.05,4.62,1.0,0.0,0.0,0.0,2.05,6.62,1.0,0.0,0.0,0.0,2.39,-5.0,-1.0,0.0,0.0,0.0,2.39,-3.0,-1.0,0.0,0.0,0.0,2.39,-5.0,1.0,0.0,0.0,0.0,2.39,-3.0,1.0,0.0,0.0,0.0,-0.08,-3.95,-1.0,0.0,0.0,0.0,-0.08,-1.95,-1.0,0.0,0.0,0.0,-0.08,0.05,-1.0,0.0,0.0,0.0,-0.08,2.05,-1.0,0.0,0.0,0.0,-0.08,-3.95,1.0,0.0,0.0,0.0,-0.08,-1.95,1.0,0.0,0.0,0.0,-0.08,0.05,1.0,0.0,0.0,0.0,-0.08,2.05,1.0,0.0,0.0,0.0,-3.32,-4.047999999999965,-1.5178000000000145,0.0,1.8000000000002458,0.7299999999998974,6.21,1.5487999999999862,-1.6731999999999987,0.0,-1.5800000000001369,1.1200000000000099,6.21,3.548799999999981,-1.6731999999999987,0.0,-1.5800000000001369,1.1200000000000099,9.9,1.2188000000000043,1.8497999999999863,0.0,-1.0799999999999699,-0.9300000000000974,9.9,3.2188000000000043,1.8497999999999863,0.0,-1.0799999999999699,-0.9300000000000974,0,0,0,0,0,0,0,0,0,0,0,0,0,0,0,0,0,0,0,0,0,0,0,0,0,0,0,0,0,0,0,0,0,0,0,0,0,0,0,0,0,0,0,0,0,0,0,0,0,0,0,0,0,0,0,0,0,0,0,0,0,0,0,0,0,0,0,0,0,0,0,0,0,0,0,0,0,0,0,0,0,0,0,0,0,0,0,0,0,0,0,0,0,0,0,0,0,0,0,0,0,0,0,0,0,0,0,0,0,0,0,0,0,0,0,0,0,0,0,0,0,0,0,0,0,0,0,0,0,0,0,0,0,0,0,0,0,0,0,0,0,0,0,0,0,0,0,0,0,0
3.101401748,-10.0,0.0,0.0,0.0,0.0,0.0,0,0,0,0,0,0,5.0,0.0,0.0,2.05,0.62,-1.0,0.0,0.0,0.0,2.05,2.62,-1.0,0.0,0.0,0.0,2.05,4.62,-1.0,0.0,0.0,0.0,2.05,6.62,-1.0,0.0,0.0,0.0,2.05,0.62,1.0,0.0,0.0,0.0,2.05,2.62,1.0,0.0,0.0,0.0,2.05,4.62,1.0,0.0,0.0,0.0,2.05,6.62,1.0,0.0,0.0,0.0,2.39,-5.0,-1.0,0.0,0.0,0.0,2.39,-3.0,-1.0,0.0,0.0,0.0,2.39,-5.0,1.0,0.0,0.0,0.0,2.39,-3.0,1.0,0.0,0.0,0.0,-0.08,-3.95,-1.0,0.0,0.0,0.0,-0.08,-1.95,-1.0,0.0,0.0,0.0,-0.08,0.05,-1.0,0.0,0.0,0.0,-0.08,2.05,-1.0,0.0,0.0,0.0,-0.08,-3.95,1.0,0.0,0.0,0.0,-0.08,-1.95,1.0,0.0,0.0,0.0,-0.08,0.05,1.0,0.0,0.0,0.0,-0.08,2.05,1.0,0.0,0.0,0.0,-3.32,-3.9039999999999697,-1.4594000000000227,0.0,1.7999999999998018,0.7299999999998974,6.21,1.4223999999999752,-1.583599999999998,0.0,-1.5800000000001369,1.1200000000000099,6.21,3.42239999999997,-1.583599999999998,0.0,-1.5800000000001369,1.1200000000000099,9.9,1.1324000000000067,1.7753999999999786,0.0,-1.0799999999999699,-0.9300000000000974,9.9,3.1324000000000067,1.7753999999999786,0.0,-1.0799999999999699,-0.9300000000000974,0,0,0,0,0,0,0,0,0,0,0,0,0,0,0,0,0,0,0,0,0,0,0,0,0,0,0,0,0,0,0,0,0,0,0,0,0,0,0,0,0,0,0,0,0,0,0,0,0,0,0,0,0,0,0,0,0,0,0,0,0,0,0,0,0,0,0,0,0,0,0,0,0,0,0,0,0,0,0,0,0,0,0,0,0,0,0,0,0,0,0,0,0,0,0,0,0,0,0,0,0,0,0,0,0,0,0,0,0,0,0,0,0,0,0,0,0,0,0,0,0,0,0,0,0,0,0,0,0,0,0,0,0,0,0,0,0,0,0,0,0,0,0,0,0,0,0,0,0,0
3.202086382,-10.0,0.0,0.0,0.0,0.0,0.0,0,0,0,0,0,0,5.0,0.0,0.0,2.05,0.62,-1.0,0.0,0.0,0.0,2.05,2.62,-1.0,0.0,0.0,0.0,2.05,4.62,-1.0,0.0,0.0,0.0,2.05,6.62,-1.0,0.0,0.0,0.0,2.05,0.62,1.0,0.0,0.0,0.0,2.05,2.62,1.0,0.0,0.0,0.0,2.05,4.62,1.0,0.0,0.0,0.0,2.05,6.62,1.0,0.0,0.0,0.0,2.39,-5.0,-1.0,0.0,0.0,0.0,2.39,-3.0,-1.0,0.0,0.0,0.0,2.39,-5.0,1.0,0.0,0.0,0.0,2.39,-3.0,1.0,0.0,0.0,0.0,-0.08,-3.95,-1.0,0.0,0.0,0.0,-0.08,-1.95,-1.0,0.0,0.0,0.0,-0.08,0.05,-1.0,0.0,0.0,0.0,-0.08,2.05,-1.0,0.0,0.0,0.0,-0.08,-3.95,1.0,0.0,0.0,0.0,-0.08,-1.95,1.0,0.0,0.0,0.0,-0.08,0.05,1.0,0.0,0.0,0.0,-0.08,2.05,1.0,0.0,0.0,0.0,-3.32,-3.7599999999999856,-1.4010000000000309,0.0,1.7999999999998018,0.7299999999998974,6.21,1.2959999999999643,-1.493999999999997,0.0,-1.5800000000001369,1.1200000000000099,6.21,3.295999999999959,-1.493999999999997,0.0,-1.5800000000001369,1.1200000000000099,9.9,1.0460000000000091,1.7009999999999708,0.0,-1.0799999999999699,-0.9300000000000974,9.9,3.046000000000009,1.7009999999999708,0.0,-1.0799999999999699,-0.9300000000000974,0,0,0,0,0,0,0,0,0,0,0,0,0,0,0,0,0,0,0,0,0,0,0,0,0,0,0,0,0,0,0,0,0,0,0,0,0,0,0,0,0,0,0,0,0,0,0,0,0,0,0,0,0,0,0,0,0,0,0,0,0,0,0,0,0,0,0,0,0,0,0,0,0,0,0,0,0,0,0,0,0,0,0,0,0,0,0,0,0,0,0,0,0,0,0,0,0,0,0,0,0,0,0,0,0,0,0,0,0,0,0,0,0,0,0,0,0,0,0,0,0,0,0,0,0,0,0,0,0,0,0,0,0,0,0,0,0,0,0,0,0,0,0,0,0,0,0,0,0,0
3.301621343,-10.0,0.0,0.0,0.0,0.0,0.0,0,0,0,0,0,0,5.0,0.0,0.0,2.05,0.62,-1.0,0.0,0.0,0.0,2.05,2.62,-1.0,0.0,0.0,0.0,2.05,4.62,-1.0,0.0,0.0,0.0,2.05,6.62,-1.0,0.0,0.0,0.0,2.05,0.62,1.0,0.0,0.0,0.0,2.05,2.62,1.0,0.0,0.0,0.0,2.05,4.62,1.0,0.0,0.0,0.0,2.05,6.62,1.0,0.0,0.0,0.0,2.39,-5.0,-1.0,0.0,0.0,0.0,2.39,-3.0,-1.0,0.0,0.0,0.0,2.39,-5.0,1.0,0.0,0.0,0.0,2.39,-3.0,1.0,0.0,0.0,0.0,-0.08,-3.95,-1.0,0.0,0.0,0.0,-0.08,-1.95,-1.0,0.0,0.0,0.0,-0.08,0.05,-1.0,0.0,0.0,0.0,-0.08,2.05,-1.0,0.0,0.0,0.0,-0.08,-3.95,1.0,0.0,0.0,0.0,-0.08,-1.95,1.0,0.0,0.0,0.0,-0.08,0.05,1.0,0.0,0.0,0.0,-0.08,2.05,1.0,0.0,0.0,0.0,-3.32,-3.6160000000000014,-1.342600000000039,0.0,1.7999999999998018,0.7299999999998974,6.21,1.1695999999999533,-1.4043999999999963,0.0,-1.5800000000001369,1.1200000000000099,6.21,3.169599999999948,-1.4043999999999963,0.0,-1.5800000000001369,1.1200000000000099,9.9,0.9596000000000116,1.626599999999963,0.0,-1.0799999999999699,-0.9300000000000974,9.9,2.9596000000000116,1.626599999999963,0.0,-1.0799999999999699,-0.9300000000000974,0,0,0,0,0,0,0,0,0,0,0,0,0,0,0,0,0,0,0,0,0,0,0,0,0,0,0,0,0,0,0,0,0,0,0,0,0,0,0,0,0,0,0,0,0,0,0,0,0,0,0,0,0,0,0,0,0,0,0,0,0,0,0,0,0,0,0,0,0,0,0,0,0,0,0,0,0,0,0,0,0,0,0,0,0,0,0,0,0,0,0,0,0,0,0,0,0,0,0,0,0,0,0,0,0,0,0,0,0,0,0,0,0,0,0,0,0,0,0,0,0,0,0,0,0,0,0,0,0,0,0,0,0,0,0,0,0,0,0,0,0,0,0,0,0,0,0,0,0,0
3.401849527,-10.0,0.0,0.0,0.0,0.0,0.0,0,0,0,0,0,0,5.0,0.0,0.0,2.05,0.62,-1.0,0.0,0.0,0.0,2.05,2.62,-1.0,0.0,0.0,0.0,2.05,4.62,-1.0,0.0,0.0,0.0,2.05,6.62,-1.0,0.0,0.0,0.0,2.05,0.62,1.0,0.0,0.0,0.0,2.05,2.62,1.0,0.0,0.0,0.0,2.05,4.62,1.0,0.0,0.0,0.0,2.05,6.62,1.0,0.0,0.0,0.0,2.39,-5.0,-1.0,0.0,0.0,0.0,2.39,-3.0,-1.0,0.0,0.0,0.0,2.39,-5.0,1.0,0.0,0.0,0.0,2.39,-3.0,1.0,0.0,0.0,0.0,-0.08,-3.95,-1.0,0.0,0.0,0.0,-0.08,-1.95,-1.0,0.0,0.0,0.0,-0.08,0.05,-1.0,0.0,0.0,0.0,-0.08,2.05,-1.0,0.0,0.0,0.0,-0.08,-3.95,1.0,0.0,0.0,0.0,-0.08,-1.95,1.0,0.0,0.0,0.0,-0.08,0.05,1.0,0.0,0.0,0.0,-0.08,2.05,1.0,0.0,0.0,0.0,-3.32,-3.5080000000000133,-1.2988000000000453,0.0,1.7999999999998018,0.7299999999998974,6.21,1.0747999999999451,-1.3371999999999957,0.0,-1.5800000000001369,1.1200000000000099,6.21,3.07479999999994,-1.3371999999999957,0.0,-1.5800000000001369,1.1200000000000099,9.9,0.8948000000000134,1.5707999999999571,0.0,-1.0799999999999699,-0.9300000000000974,9.9,2.8948000000000134,1.5707999999999571,0.0,-1.0799999999999699,-0.9300000000000974,0,0,0,0,0,0,0,0,0,0,0,0,0,0,0,0,0,0,0,0,0,0,0,0,0,0,0,0,0,0,0,0,0,0,0,0,0,0,0,0,0,0,0,0,0,0,0,0,0,0,0,0,0,0,0,0,0,0,0,0,0,0,0,0,0,0,0,0,0,0,0,0,0,0,0,0,0,0,0,0,0,0,0,0,0,0,0,0,0,0,0,0,0,0,0,0,0,0,0,0,0,0,0,0,0,0,0,0,0,0,0,0,0,0,0,0,0,0,0,0,0,0,0,0,0,0,0,0,0,0,0,0,0,0,0,0,0,0,0,0,0,0,0,0,0,0,0,0,0,0
3.504326238,-10.0,0.0,0.0,0.0,0.0,0.0,0,0,0,0,0,0,5.0,0.0,0.0,2.05,0.62,-1.0,0.0,0.0,0.0,2.05,2.62,-1.0,0.0,0.0,0.0,2.05,4.62,-1.0,0.0,0.0,0.0,2.05,6.62,-1.0,0.0,0.0,0.0,2.05,0.62,1.0,0.0,0.0,0.0,2.05,2.62,1.0,0.0,0.0,0.0,2.05,4.62,1.0,0.0,0.0,0.0,2.05,6.62,1.0,0.0,0.0,0.0,2.39,-5.0,-1.0,0.0,0.0,0.0,2.39,-3.0,-1.0,0.0,0.0,0.0,2.39,-5.0,1.0,0.0,0.0,0.0,2.39,-3.0,1.0,0.0,0.0,0.0,-0.08,-3.95,-1.0,0.0,0.0,0.0,-0.08,-1.95,-1.0,0.0,0.0,0.0,-0.08,0.05,-1.0,0.0,0.0,0.0,-0.08,2.05,-1.0,0.0,0.0,0.0,-0.08,-3.95,1.0,0.0,0.0,0.0,-0.08,-1.95,1.0,0.0,0.0,0.0,-0.08,0.05,1.0,0.0,0.0,0.0,-0.08,2.05,1.0,0.0,0.0,0.0,-3.32,-3.364000000000029,-1.2404000000000535,0.0,1.7999999999998018,0.7299999999998974,6.21,0.9483999999999378,-1.247599999999995,0.0,-1.580000000000026,1.1200000000000099,6.21,2.948399999999929,-1.247599999999995,0.0,-1.5800000000001369,1.1200000000000099,9.9,0.8084000000000158,1.4963999999999493,0.0,-1.0799999999999699,-0.9300000000000974,9.9,2.8084000000000158,1.4963999999999493,0.0,-1.0799999999999699,-0.9300000000000974,0,0,0,0,0,0,0,0,0,0,0,0,0,0,0,0,0,0,0,0,0,0,0,0,0,0,0,0,0,0,0,0,0,0,0,0,0,0,0,0,0,0,0,0,0,0,0,0,0,0,0,0,0,0,0,0,0,0,0,0,0,0,0,0,0,0,0,0,0,0,0,0,0,0,0,0,0,0,0,0,0,0,0,0,0,0,0,0,0,0,0,0,0,0,0,0,0,0,0,0,0,0,0,0,0,0,0,0,0,0,0,0,0,0,0,0,0,0,0,0,0,0,0,0,0,0,0,0,0,0,0,0,0,0,0,0,0,0,0,0,0,0,0,0,0,0,0,0,0,0
3.605647833,-10.0,0.0,0.0,0.0,0.0,0.0,0,0,0,0,0,0,5.0,0.0,0.0,2.05,0.62,-1.0,0.0,0.0,0.0,2.05,2.62,-1.0,0.0,0.0,0.0,2.05,4.62,-1.0,0.0,0.0,0.0,2.05,6.62,-1.0,0.0,0.0,0.0,2.05,0.62,1.0,0.0,0.0,0.0,2.05,2.62,1.0,0.0,0.0,0.0,2.05,4.62,1.0,0.0,0.0,0.0,2.05,6.62,1.0,0.0,0.0,0.0,2.39,-5.0,-1.0,0.0,0.0,0.0,2.39,-3.0,-1.0,0.0,0.0,0.0,2.39,-5.0,1.0,0.0,0.0,0.0,2.39,-3.0,1.0,0.0,0.0,0.0,-0.08,-3.95,-1.0,0.0,0.0,0.0,-0.08,-1.95,-1.0,0.0,0.0,0.0,-0.08,0.05,-1.0,0.0,0.0,0.0,-0.08,2.05,-1.0,0.0,0.0,0.0,-0.08,-3.95,1.0,0.0,0.0,0.0,-0.08,-1.95,1.0,0.0,0.0,0.0,-0.08,0.05,1.0,0.0,0.0,0.0,-0.08,2.05,1.0,0.0,0.0,0.0,-3.32,-3.256000000000041,-1.1966000000000596,0.0,1.7999999999998018,0.7299999999998974,6.21,0.8535999999999363,-1.1803999999999943,0.0,-1.580000000000026,1.1200000000000099,6.21,2.8535999999999206,-1.1803999999999943,0.0,-1.5800000000001369,1.1200000000000099,9.9,0.765200000000017,1.4591999999999454,0.0,-1.0799999999999699,-0.9300000000000974,9.9,2.765200000000017,1.4591999999999454,0.0,-1.0799999999999699,-0.9300000000000974,0,0,0,0,0,0,0,0,0,0,0,0,0,0,0,0,0,0,0,0,0,0,0,0,0,0,0,0,0,0,0,0,0,0,0,0,0,0,0,0,0,0,0,0,0,0,0,0,0,0,0,0,0,0,0,0,0,0,0,0,0,0,0,0,0,0,0,0,0,0,0,0,0,0,0,0,0,0,0,0,0,0,0,0,0,0,0,0,0,0,0,0,0,0,0,0,0,0,0,0,0,0,0,0,0,0,0,0,0,0,0,0,0,0,0,0,0,0,0,0,0,0,0,0,0,0,0,0,0,0,0,0,0,0,0,0,0,0,0,0,0,0,0,0,0,0,0,0,0,0
3.702462097,-10.0,0.0,0.0,0.0,0.0,0.0,0,0,0,0,0,0,5.0,0.0,0.0,2.05,0.62,-1.0,0.0,0.0,0.0,2.05,2.62,-1.0,0.0,0.0,0.0,2.05,4.62,-1.0,0.0,0.0,0.0,2.05,6.62,-1.0,0.0,0.0,0.0,2.05,0.62,1.0,0.0,0.0,0.0,2.05,2.62,1.0,0.0,0.0,0.0,2.05,4.62,1.0,0.0,0.0,0.0,2.05,6.62,1.0,0.0,0.0,0.0,2.39,-5.0,-1.0,0.0,0.0,0.0,2.39,-3.0,-1.0,0.0,0.0,0.0,2.39,-5.0,1.0,0.0,0.0,0.0,2.39,-3.0,1.0,0.0,0.0,0.0,-0.08,-3.95,-1.0,0.0,0.0,0.0,-0.08,-1.95,-1.0,0.0,0.0,0.0,-0.08,0.05,-1.0,0.0,0.0,0.0,-0.08,2.05,-1.0,0.0,0.0,0.0,-0.08,-3.95,1.0,0.0,0.0,0.0,-0.08,-1.95,1.0,0.0,0.0,0.0,-0.08,0.05,1.0,0.0,0.0,0.0,-0.08,2.05,1.0,0.0,0.0,0.0,-3.32,-3.184000000000049,-1.1674000000000637,0.0,1.7999999999998018,0.7299999999998974,6.21,0.7903999999999315,-1.135599999999994,0.0,-1.5800000000001369,1.1200000000000099,6.21,2.790399999999915,-1.135599999999994,0.0,-1.5800000000001369,1.1200000000000099,9.9,0.7004000000000188,1.4033999999999396,0.0,-1.0799999999999699,-0.9300000000000974,9.9,2.700400000000019,1.4033999999999396,0.0,-1.0799999999999699,-0.9300000000000974,0,0,0,0,0,0,0,0,0,0,0,0,0,0,0,0,0,0,0,0,0,0,0,0,0,0,0,0,0,0,0,0,0,0,0,0,0,0,0,0,0,0,0,0,0,0,0,0,0,0,0,0,0,0,0,0,0,0,0,0,0,0,0,0,0,0,0,0,0,0,0,0,0,0,0,0,0,0,0,0,0,0,0,0,0,0,0,0,0,0,0,0,0,0,0,0,0,0,0,0,0,0,0,0,0,0,0,0,0,0,0,0,0,0,0,0,0,0,0,0,0,0,0,0,0,0,0,0,0,0,0,0,0,0,0,0,0,0,0,0,0,0,0,0,0,0,0,0,0,0
3.802180199,-10.0,0.0,0.0,0.0,0.0,0.0,0,0,0,0,0,0,5.0,0.0,0.0,2.05,0.62,-1.0,0.0,0.0,0.0,2.05,2.62,-1.0,0.0,0.0,0.0,2.05,4.62,-1.0,0.0,0.0,0.0,2.05,6.62,-1.0,0.0,0.0,0.0,2.05,0.62,1.0,0.0,0.0,0.0,2.05,2.62,1.0,0.0,0.0,0.0,2.05,4.62,1.0,0.0,0.0,0.0,2.05,6.62,1.0,0.0,0.0,0.0,2.39,-5.0,-1.0,0.0,0.0,0.0,2.39,-3.0,-1.0,0.0,0.0,0.0,2.39,-5.0,1.0,0.0,0.0,0.0,2.39,-3.0,1.0,0.0,0.0,0.0,-0.08,-3.95,-1.0,0.0,0.0,0.0,-0.08,-1.95,-1.0,0.0,0.0,0.0,-0.08,0.05,-1.0,0.0,0.0,0.0,-0.08,2.05,-1.0,0.0,0.0,0.0,-0.08,-3.95,1.0,0.0,0.0,0.0,-0.08,-1.95,1.0,0.0,0.0,0.0,-0.08,0.05,1.0,0.0,0.0,0.0,-0.08,2.05,1.0,0.0,0.0,0.0,-3.32,-3.076000000000061,-1.1236000000000699,0.0,1.7999999999998018,0.7299999999998974,6.21,0.6955999999999233,-1.0683999999999934,0.0,-1.5800000000001369,1.1200000000000099,6.21,2.695599999999907,-1.0683999999999934,0.0,-1.5800000000001369,1.1200000000000099,9.9,0.6356000000000206,1.3475999999999337,0.0,-1.0799999999999699,-0.9300000000000974,9.9,2.6356000000000206,1.3475999999999337,0.0,-1.0799999999999699,-0.9300000000000974,0,0,0,0,0,0,0,0,0,0,0,0,0,0,0,0,0,0,0,0,0,0,0,0,0,0,0,0,0,0,0,0,0,0,0,0,0,0,0,0,0,0,0,0,0,0,0,0,0,0,0,0,0,0,0,0,0,0,0,0,0,0,0,0,0,0,0,0,0,0,0,0,0,0,0,0,0,0,0,0,0,0,0,0,0,0,0,0,0,0,0,0,0,0,0,0,0,0,0,0,0,0,0,0,0,0,0,0,0,0,0,0,0,0,0,0,0,0,0,0,0,0,0,0,0,0,0,0,0,0,0,0,0,0,0,0,0,0,0,0,0,0,0,0,0,0,0,0,0,0
3.901132464,-10.0,0.0,0.0,0.0,0.0,0.0,0,0,0,0,0,0,5.0,0.0,0.0,2.05,0.62,-1.0,0.0,0.0,0.0,2.05,2.62,-1.0,0.0,0.0,0.0,2.05,4.62,-1.0,0.0,0.0,0.0,2.05,6.62,-1.0,0.0,0.0,0.0,2.05,0.62,1.0,0.0,0.0,0.0,2.05,2.62,1.0,0.0,0.0,0.0,2.05,4.62,1.0,0.0,0.0,0.0,2.05,6.62,1.0,0.0,0.0,0.0,2.39,-5.0,-1.0,0.0,0.0,0.0,2.39,-3.0,-1.0,0.0,0.0,0.0,2.39,-5.0,1.0,0.0,0.0,0.0,2.39,-3.0,1.0,0.0,0.0,0.0,-0.08,-3.95,-1.0,0.0,0.0,0.0,-0.08,-1.95,-1.0,0.0,0.0,0.0,-0.08,0.05,-1.0,0.0,0.0,0.0,-0.08,2.05,-1.0,0.0,0.0,0.0,-0.08,-3.95,1.0,0.0,0.0,0.0,-0.08,-1.95,1.0,0.0,0.0,0.0,-0.08,0.05,1.0,0.0,0.0,0.0,-0.08,2.05,1.0,0.0,0.0,0.0,-3.32,-2.968000000000073,-1.079800000000076,0.0,1.7999999999998018,0.7299999999998974,6.21,0.6007999999999151,-1.0011999999999928,0.0,-1.5800000000001369,1.1200000000000099,6.21,2.6007999999998987,-1.0011999999999928,0.0,-1.5800000000001369,1.1200000000000099,9.9,0.5708000000000224,1.291799999999928,0.0,-1.0799999999999699,-0.9300000000000974,9.9,2.5708000000000224,1.291799999999928,0.0,-1.0799999999999699,-0.9300000000000974,0,0,0,0,0,0,0,0,0,0,0,0,0,0,0,0,0,0,0,0,0,0,0,0,0,0,0,0,0,0,0,0,0,0,0,0,0,0,0,0,0,0,0,0,0,0,0,0,0,0,0,0,0,0,0,0,0,0,0,0,0,0,0,0,0,0,0,0,0,0,0,0,0,0,0,0,0,0,0,0,0,0,0,0,0,0,0,0,0,0,0,0,0,0,0,0,0,0,0,0,0,0,0,0,0,0,0,0,0,0,0,0,0,0,0,0,0,0,0,0,0,0,0,0,0,0,0,0,0,0,0,0,0,0,0,0,0,0,0,0,0,0,0,0,0,0,0,0,0,0
4.000887749,-10.0,0.0,0.0,0.0,0.0,0.0,0,0,0,0,0,0,5.0,0.0,0.0,2.05,0.62,-1.0,0.0,0.0,0.0,2.05,2.62,-1.0,0.0,0.0,0.0,2.05,4.62,-1.0,0.0,0.0,0.0,2.05,6.62,-1.0,0.0,0.0,0.0,2.05,0.62,1.0,0.0,0.0,0.0,2.05,2.62,1.0,0.0,0.0,0.0,2.05,4.62,1.0,0.0,0.0,0.0,2.05,6.62,1.0,0.0,0.0,0.0,2.39,-5.0,-1.0,0.0,0.0,0.0,2.39,-3.0,-1.0,0.0,0.0,0.0,2.39,-5.0,1.0,0.0,0.0,0.0,2.39,-3.0,1.0,0.0,0.0,0.0,-0.08,-3.95,-1.0,0.0,0.0,0.0,-0.08,-1.95,-1.0,0.0,0.0,0.0,-0.08,0.05,-1.0,0.0,0.0,0.0,-0.08,2.05,-1.0,0.0,0.0,0.0,-0.08,-3.95,1.0,0.0,0.0,0.0,-0.08,-1.95,1.0,0.0,0.0,0.0,-0.08,0.05,1.0,0.0,0.0,0.0,-0.08,2.05,1.0,0.0,0.0,0.0,-3.32,-2.8240000000000887,-1.0214000000000842,0.0,1.7999999999998018,0.7299999999998974,6.21,0.47439999999990506,-0.911599999999992,0.0,-1.5800000000000816,1.1200000000000099,6.21,2.4743999999998882,-0.911599999999992,0.0,-1.5800000000000924,1.1200000000000099,9.9,0.484400000000024,1.21739999999992,0.0,-1.0800000000000252,-0.9300000000000974,9.9,2.484400000000025,1.21739999999992,0.0,-1.0799999999999699,-0.9300000000000974,0,0,0,0,0,0,0,0,0,0,0,0,0,0,0,0,0,0,0,0,0,0,0,0,0,0,0,0,0,0,0,0,0,0,0,0,0,0,0,0,0,0,0,0,0,0,0,0,0,0,0,0,0,0,0,0,0,0,0,0,0,0,0,0,0,0,0,0,0,0,0,0,0,0,0,0,0,0,0,0,0,0,0,0,0,0,0,0,0,0,0,0,0,0,0,0,0,0,0,0,0,0,0,0,0,0,0,0,0,0,0,0,0,0,0,0,0,0,0,0,0,0,0,0,0,0,0,0,0,0,0,0,0,0,0,0,0,0,0,0,0,0,0,0,0,0,0,0,0,0
4.101128779,-10.0,0.0,0.0,0.0,0.0,0.0,0,0,0,0,0,0,5.0,0.0,0.0,2.05,0.62,-1.0,0.0,0.0,0.0,2.05,2.62,-1.0,0.0,0.0,0.0,2.05,4.62,-1.0,0.0,0.0,0.0,2.05,6.62,-1.0,0.0,0.0,0.0,2.05,0.62,1.0,0.0,0.0,0.0,2.05,2.62,1.0,0.0,0.0,0.0,2.05,4.62,1.0,0.0,0.0,0.0,2.05,6.62,1.0,0.0,0.0,0.0,2.39,-5.0,-1.0,0.0,0.0,0.0,2.39,-3.0,-1.0,0.0,0.0,0.0,2.39,-5.0,1.0,0.0,0.0,0.0,2.39,-3.0,1.0,0.0,0.0,0.0,-0.08,-3.95,-1.0,0.0,0.0,0.0,-0.08,-1.95,-1.0,0.0,0.0,0.0,-0.08,0.05,-1.0,0.0,0.0,0.0,-0.08,2.05,-1.0,0.0,0.0,0.0,-0.08,-3.95,1.0,0.0,0.0,0.0,-0.08,-1.95,1.0,0.0,0.0,0.0,-0.08,0.05,1.0,0.0,0.0,0.0,-0.08,2.05,1.0,0.0,0.0,0.0,-3.32,-2.6440000000001085,-0.9484000000000866,0.0,1.7999999999998018,0.7300000000000084,6.21,0.31639999999989693,-0.799599999999991,0.0,-1.5800000000000816,1.1200000000000099,6.21,2.31639999999988,-0.799599999999991,0.0,-1.5800000000000924,1.1200000000000099,9.9,0.37640000000002144,1.1243999999999104,0.0,-1.0800000000000252,-0.9300000000000974,9.9,2.376400000000028,1.1243999999999104,0.0,-1.0799999999999699,-0.9300000000000974,0,0,0,0,0,0,0,0,0,0,0,0,0,0,0,0,0,0,0,0,0,0,0,0,0,0,0,0,0,0,0,0,0,0,0,0,0,0,0,0,0,0,0,0,0,0,0,0,0,0,0,0,0,0,0,0,0,0,0,0,0,0,0,0,0,0,0,0,0,0,0,0,0,0,0,0,0,0,0,0,0,0,0,0,0,0,0,0,0,0,0,0,0,0,0,0,0,0,0,0,0,0,0,0,0,0,0,0,0,0,0,0,0,0,0,0,0,0,0,0,0,0,0,0,0,0,0,0,0,0,0,0,0,0,0,0,0,0,0,0,0,0,0,0,0,0,0,0,0,0
4.201745033,-10.0,0.0,0.0,0.0,0.0,0.0,0,0,0,0,0,0,5.0,0.0,0.0,2.05,0.62,-1.0,0.0,0.0,0.0,2.05,2.62,-1.0,0.0,0.0,0.0,2.05,4.62,-1.0,0.0,0.0,0.0,2.05,6.62,-1.0,0.0,0.0,0.0,2.05,0.62,1.0,0.0,0.0,0.0,2.05,2.62,1.0,0.0,0.0,0.0,2.05,4.62,1.0,0.0,0.0,0.0,2.05,6.62,1.0,0.0,0.0,0.0,2.39,-5.0,-1.0,0.0,0.0,0.0,2.39,-3.0,-1.0,0.0,0.0,0.0,2.39,-5.0,1.0,0.0,0.0,0.0,2.39,-3.0,1.0,0.0,0.0,0.0,-0.08,-3.95,-1.0,0.0,0.0,0.0,-0.08,-1.95,-1.0,0.0,0.0,0.0,-0.08,0.05,-1.0,0.0,0.0,0.0,-0.08,2.05,-1.0,0.0,0.0,0.0,-0.08,-3.95,1.0,0.0,0.0,0.0,-0.08,-1.95,1.0,0.0,0.0,0.0,-0.08,0.05,1.0,0.0,0.0,0.0,-0.08,2.05,1.0,0.0,0.0,0.0,-3.32,-2.4640000000001283,-0.8754000000000858,0.0,1.7999999999998018,0.7300000000000084,6.21,0.1583999999998888,-0.68759999999999,0.0,-1.5800000000000816,1.1200000000000099,6.21,2.1899999999998734,-0.7099999999999902,0.0,-1.5800000000000924,1.1200000000000099,9.9,0.2900000000000194,1.0499999999999026,0.0,-1.0800000000000252,-0.9300000000000974,9.9,2.2900000000000302,1.0499999999999026,0.0,-1.0799999999999699,-0.9300000000000974,0,0,0,0,0,0,0,0,0,0,0,0,0,0,0,0,0,0,0,0,0,0,0,0,0,0,0,0,0,0,0,0,0,0,0,0,0,0,0,0,0,0,0,0,0,0,0,0,0,0,0,0,0,0,0,0,0,0,0,0,0,0,0,0,0,0,0,0,0,0,0,0,0,0,0,0,0,0,0,0,0,0,0,0,0,0,0,0,0,0,0,0,0,0,0,0,0,0,0,0,0,0,0,0,0,0,0,0,0,0,0,0,0,0,0,0,0,0,0,0,0,0,0,0,0,0,0,0,0,0,0,0,0,0,0,0,0,0,0,0,0,0,0,0,0,0,0,0,0,0
4.303054942,-9.994900000000012,-0.0051,0.0051,0.09999999999976694,-0.10000000000000028,0.10000000000000028,0.1,-0.1,0.1,2.987017808643108,-2.822911641262061,2.7942620488763232,5.0,0.0,0.0,2.05,0.62,-1.0,0.0,0.0,0.0,2.05,2.62,-1.0,0.0,0.0,0.0,2.05,4.62,-1.0,0.0,0.0,0.0,2.05,6.62,-1.0,0.0,0.0,0.0,2.05,0.62,1.0,0.0,0.0,0.0,2.05,2.62,1.0,0.0,0.0,0.0,2.05,4.62,1.0,0.0,0.0,0.0,2.05,6.62,1.0,0.0,0.0,0.0,2.39,-5.0,-1.0,0.0,0.0,0.0,2.39,-3.0,-1.0,0.0,0.0,0.0,2.39,-5.0,1.0,0.0,0.0,0.0,2.39,-3.0,1.0,0.0,0.0,0.0,-0.08,-3.95,-1.0,0.0,0.0,0.0,-0.08,-1.95,-1.0,0.0,0.0,0.0,-0.08,0.05,-1.0,0.0,0.0,0.0,-0.08,2.05,-1.0,0.0,0.0,0.0,-0.08,-3.95,1.0,0.0,0.0,0.0,-0.08,-1.95,1.0,0.0,0.0,0.0,-0.08,0.05,1.0,0.0,0.0,0.0,-0.08,2.05,1.0,0.0,0.0,0.0,-3.32,-2.320000000000144,-0.8170000000000851,0.0,1.7999999999998018,0.7300000000000084,6.21,0.03199999999988227,-0.5979999999999892,0.0,-1.5800000000000822,1.1200000000000099,6.21,2.0319999999998655,-0.5979999999999892,0.0,-1.5800000000000924,1.1200000000000099,9.9,0.18200000000001862,0.956999999999898,0.0,-1.0799999999999979,-0.9299999999999862,9.9,2.1820000000000332,0.956999999999898,0.0,-1.0799999999999699,-0.9299999999999862,0,0,0,0,0,0,0,0,0,0,0,0,0,0,0,0,0,0,0,0,0,0,0,0,0,0,0,0,0,0,0,0,0,0,0,0,0,0,0,0,0,0,0,0,0,0,0,0,0,0,0,0,0,0,0,0,0,0,0,0,0,0,0,0,0,0,0,0,0,0,0,0,0,0,0,0,0,0,0,0,0,0,0,0,0,0,0,0,0,0,0,0,0,0,0,0,0,0,0,0,0,0,0,0,0,0,0,0,0,0,0,0,0,0,0,0,0,0,0,0,0,0,0,0,0,0,0,0,0,0,0,0,0,0,0,0,0,0,0,0,0,0,0,0,0,0,0,0,0,0
4.401819825,-9.982990000000015,-0.01700999999999999,0.01700999999999999,0.18500000000010175,-0.1850000000000008,0.1850000000000008,0.185,-0.185,0.185,3.0690381502745,-2.562776706002902,2.7572879181634504,4.999999438498952,0.0016755611248739813,-0.0016755611248739813,2.05,0.62,-1.0,0.0,0.0,0.0,2.05,2.62,-1.0,0.0,0.0,0.0,2.05,4.62,-1.0,0.0,0.0,0.0,2.05,6.62,-1.0,0.0,0.0,0.0,2.05,0.62,1.0,0.0,0.0,0.0,2.05,2.62,1.0,0.0,0.0,0.0,2.05,4.62,1.0,0.0,0.0,0.0,2.05,6.62,1.0,0.0,0.0,0.0,2.39,-5.0,-1.0,0.0,0.0,0.0,2.39,-3.0,-1.0,0.0,0.0,0.0,2.39,-5.0,1.0,0.0,0.0,0.0,2.39,-3.0,1.0,0.0,0.0,0.0,-0.08,-3.95,-1.0,0.0,0.0,0.0,-0.08,-1.95,-1.0,0.0,0.0,0.0,-0.08,0.05,-1.0,0.0,0.0,0.0,-0.08,2.05,-1.0,0.0,0.0,0.0,-0.08,-3.95,1.0,0.0,0.0,0.0,-0.08,-1.95,1.0,0.0,0.0,0.0,-0.08,0.05,1.0,0.0,0.0,0.0,-0.08,2.05,1.0,0.0,0.0,0.0,-3.32,-2.17600000000016,-0.7586000000000844,0.0,1.7999999999998018,0.7300000000000084,6.21,-0.09440000000012314,-0.5083999999999884,0.0,-1.5800000000000407,1.1200000000000099,6.21,1.9055999999998687,-0.5083999999999884,0.0,-1.5799999999999148,1.1200000000000099,9.9,0.09560000000001881,0.8825999999998991,0.0,-1.0799999999999979,-0.9299999999999862,9.9,2.0956000000000357,0.8825999999998991,0.0,-1.0799999999999699,-0.9299999999999862,0,0,0,0,0,0,0,0,0,0,0,0,0,0,0,0,0,0,0,0,0,0,0,0,0,0,0,0,0,0,0,0,0,0,0,0,0,0,0,0,0,0,0,0,0,0,0,0,0,0,0,0,0,0,0,0,0,0,0,0,0,0,0,0,0,0,0,0,0,0,0,0,0,0,0,0,0,0,0,0,0,0,0,0,0,0,0,0,0,0,0,0,0,0,0,0,0,0,0,0,0,0,0,0,0,0,0,0,0,0,0,0,0,0,0,0,0,0,0,0,0,0,0,0,0,0,0,0,0,0,0,0,0,0,0,0,0,0,0,0,0,0,0,0,0,0,0,0,0,0
4.501306253,-9.964626000000017,-0.03537400000000004,0.03537400000000004,0.26599999999987745,-0.2660000000000023,0.2660000000000023,0.266,-0.266,0.266,3.1802542752932577,-2.883886357238062,2.5779758193462645,4.999994201458592,0.005384486069321277,-0.005384486069321277,2.05,0.62,-1.0,0.0,0.0,0.0,2.05,2.62,-1.0,0.0,0.0,0.0,2.05,4.62,-1.0,0.0,0.0,0.0,2.05,6.62,-1.0,0.0,0.0,0.0,2.05,0.62,1.0,0.0,0.0,0.0,2.05,2.62,1.0,0.0,0.0,0.0,2.05,4.62,1.0,0.0,0.0,0.0,2.05,6.62,1.0,0.0,0.0,0.0,2.39,-5.0,-1.0,0.0,0.0,0.0,2.39,-3.0,-1.0,0.0,0.0,0.0,2.39,-5.0,1.0,0.0,0.0,0.0,2.39,-3.0,1.0,0.0,0.0,0.0,-0.08,-3.95,-1.0,0.0,0.0,0.0,-0.08,-1.95,-1.0,0.0,0.0,0.0,-0.08,0.05,-1.0,0.0,0.0,0.0,-0.08,2.05,-1.0,0.0,0.0,0.0,-0.08,-3.95,1.0,0.0,0.0,0.0,-0.08,-1.95,1.0,0.0,0.0,0.0,-0.08,0.05,1.0,0.0,0.0,0.0,-0.08,2.05,1.0,0.0,0.0,0.0,-3.32,-2.032000000000176,-0.7002000000000838,0.0,1.7999999999998018,0.7300000000000084,6.21,-0.2208000000001246,-0.4187999999999876,0.0,-1.579999999999998,1.1200000000000099,6.21,1.7791999999998755,-0.4187999999999876,0.0,-1.5799999999999148,1.1200000000000099,9.9,0.009200000000018936,0.8081999999999002,0.0,-1.0800000000000003,-0.9299999999999862,9.9,2.009200000000038,0.8081999999999002,0.0,-1.0799999999999699,-0.9299999999999862,0,0,0,0,0,0,0,0,0,0,0,0,0,0,0,0,0,0,0,0,0,0,0,0,0,0,0,0,0,0,0,0,0,0,0,0,0,0,0,0,0,0,0,0,0,0,0,0,0,0,0,0,0,0,0,0,0,0,0,0,0,0,0,0,0,0,0,0,0,0,0,0,0,0,0,0,0,0,0,0,0,0,0,0,0,0,0,0,0,0,0,0,0,0,0,0,0,0,0,0,0,0,0,0,0,0,0,0,0,0,0,0,0,0,0,0,0,0,0,0,0,0,0,0,0,0,0,0,0,0,0,0,0,0,0,0,0,0,0,0,0,0,0,0,0,0,0,0,0,0
4.602552768,-9.940040000000003,-0.059960000000000103,0.059960000000000103,0.3530000000004918,-0.3529999999999992,0.3529999999999992,0.353,-0.353,0.353,3.204161889626695,-3.220382729210292,1.9027055268474662,4.999977549757618,0.010594855350601347,-0.010594855350601347,2.05,0.62,-1.0,0.0,0.0,0.0,2.05,2.62,-1.0,0.0,0.0,0.0,2.05,4.62,-1.0,0.0,0.0,0.0,2.05,6.62,-1.0,0.0,0.0,0.0,2.05,0.62,1.0,0.0,0.0,0.0,2.05,2.62,1.0,0.0,0.0,0.0,2.05,4.62,1.0,0.0,0.0,0.0,2.05,6.62,1.0,0.0,0.0,0.0,2.39,-5.0,-1.0,0.0,0.0,0.0,2.39,-3.0,-1.0,0.0,0.0,0.0,2.39,-5.0,1.0,0.0,0.0,0.0,2.39,-3.0,1.0,0.0,0.0,0.0,-0.08,-3.95,-1.0,0.0,0.0,0.0,-0.08,-1.95,-1.0,0.0,0.0,0.0,-0.08,0.05,-1.0,0.0,0.0,0.0,-0.08,2.05,-1.0,0.0,0.0,0.0,-0.08,-3.95,1.0,0.0,0.0,0.0,-0.08,-1.95,1.0,0.0,0.0,0.0,-0.08,0.05,1.0,0.0,0.0,0.0,-0.08,2.05,1.0,0.0,0.0,0.0,-3.32,-1.8880000000001778,-0.6418000000000831,0.0,1.8000000000000242,0.7300000000000084,6.21,-0.34720000000012613,-0.32919999999998684,0.0,-1.580000000000026,1.1200000000000099,6.21,1.6527999999998824,-0.32919999999998684,0.0,-1.5799999999999148,1.1200000000000099,9.9,-0.07719999999998098,0.7337999999999013,0.0,-1.0799999999999979,-0.9299999999999862,9.9,1.901200000000041,0.7151999999999016,0.0,-1.0799999999999699,-0.9299999999999862,0,0,0,0,0,0,0,0,0,0,0,0,0,0,0,0,0,0,0,0,0,0,0,0,0,0,0,0,0,0,0,0,0,0,0,0,0,0,0,0,0,0,0,0,0,0,0,0,0,0,0,0,0,0,0,0,0,0,0,0,0,0,0,0,0,0,0,0,0,0,0,0,0,0,0,0,0,0,0,0,0,0,0,0,0,0,0,0,0,0,0,0,0,0,0,0,0,0,0,0,0,0,0,0,0,0,0,0,0,0,0,0,0,0,0,0,0,0,0,0,0,0,0,0,0,0,0,0,0,0,0,0,0,0,0,0,0,0,0,0,0,0,0,0,0,0,0,0,0,0
4.703101751,-9.909637999999989,-0.09036200000000047,0.09036200000000047,0.4469999999994201,-0.44700000000000284,0.44700000000000284,0.44699999999999995,-0.44699999999999995,0.44699999999999995,3.3124186640280717,-3.0503289793056276,1.8254573331156498,4.999936078832593,0.017877466097878353,-0.017877466097878353,2.05,0.62,-1.0,0.0,0.0,0.0,2.05,2.62,-1.0,0.0,0.0,0.0,2.05,4.62,-1.0,0.0,0.0,0.0,2.05,6.62,-1.0,0.0,0.0,0.0,2.05,0.62,1.0,0.0,0.0,0.0,2.05,2.62,1.0,0.0,0.0,0.0,2.05,4.62,1.0,0.0,0.0,0.0,2.05,6.62,1.0,0.0,0.0,0.0,2.39,-5.0,-1.0,0.0,0.0,0.0,2.39,-3.0,-1.0,0.0,0.0,0.0,2.39,-5.0,1.0,0.0,0.0,0.0,2.39,-3.0,1.0,0.0,0.0,0.0,-0.08,-3.95,-1.0,0.0,0.0,0.0,-0.08,-1.95,-1.0,0.0,0.0,0.0,-0.08,0.05,-1.0,0.0,0.0,0.0,-0.08,2.05,-1.0,0.0,0.0,0.0,-0.08,-3.95,1.0,0.0,0.0,0.0,-0.08,-1.95,1.0,0.0,0.0,0.0,-0.08,0.05,1.0,0.0,0.0,0.0,-0.08,2.05,1.0,0.0,0.0,0.0,-3.32,-1.7440000000001759,-0.5834000000000824,0.0,1.8000000000000242,0.7300000000000084,6.21,-0.4736000000001282,-0.23959999999998605,0.0,-1.580000000000026,1.1200000000000099,6.21,1.5263999999998892,-0.23959999999998605,0.0,-1.5799999999999148,1.1200000000000099,9.9,-0.1635999999999808,0.6593999999999024,0.0,-1.0799999999999979,-0.9299999999999862,9.9,1.8148000000000435,0.6407999999999027,0.0,-1.0799999999999699,-0.9299999999999862,0,0,0,0,0,0,0,0,0,0,0,0,0,0,0,0,0,0,0,0,0,0,0,0,0,0,0,0,0,0,0,0,0,0,0,0,0,0,0,0,0,0,0,0,0,0,0,0,0,0,0,0,0,0,0,0,0,0,0,0,0,0,0,0,0,0,0,0,0,0,0,0,0,0,0,0,0,0,0,0,0,0,0,0,0,0,0,0,0,0,0,0,0,0,0,0,0,0,0,0,0,0,0,0,0,0,0,0,0,0,0,0,0,0,0,0,0,0,0,0,0,0,0,0,0,0,0,0,0,0,0,0,0,0,0,0,0,0,0,0,0,0,0,0,0,0,0,0,0,0
4.8017926,-9.871318000000032,-0.1286820000000006,0.1286820000000006,0.5109999999994841,-0.5110000000000088,0.5110000000000088,0.5109999999999999,-0.5109999999999999,0.5109999999999999,3.4262757926666856,-2.3218480601615865,2.7133880073352215,4.999863989900181,0.026077600536138012,-0.026077600536138012,2.05,0.62,-1.0,0.0,0.0,0.0,2.05,2.62,-1.0,0.0,0.0,0.0,2.05,4.62,-1.0,0.0,0.0,0.0,2.05,6.62,-1.0,0.0,0.0,0.0,2.05,0.62,1.0,0.0,0.0,0.0,2.05,2.62,1.0,0.0,0.0,0.0,2.05,4.62,1.0,0.0,0.0,0.0,2.05,6.62,1.0,0.0,0.0,0.0,2.39,-5.0,-1.0,0.0,0.0,0.0,2.39,-3.0,-1.0,0.0,0.0,0.0,2.39,-5.0,1.0,0.0,0.0,0.0,2.39,-3.0,1.0,0.0,0.0,0.0,-0.08,-3.95,-1.0,0.0,0.0,0.0,-0.08,-1.95,-1.0,0.0,0.0,0.0,-0.08,0.05,-1.0,0.0,0.0,0.0,-0.08,2.05,-1.0,0.0,0.0,0.0,-0.08,-3.95,1.0,0.0,0.0,0.0,-0.08,-1.95,1.0,0.0,0.0,0.0,-0.08,0.05,1.0,0.0,0.0,0.0,-0.08,2.05,1.0,0.0,0.0,0.0,-3.32,-1.600000000000174,-0.5250000000000817,0.0,1.8000000000000242,0.7300000000000084,6.21,-0.6000000000001302,-0.14999999999998526,0.0,-1.580000000000026,1.1200000000000099,6.21,1.3683999999998977,-0.12759999999998506,0.0,-1.5799999999999148,1.1200000000000099,9.9,-0.2715999999999811,0.5663999999999038,0.0,-1.0800000000000252,-0.9299999999999862,9.9,1.7500000000000453,0.5849999999999035,0.0,-1.0799999999999699,-0.9299999999999862,0,0,0,0,0,0,0,0,0,0,0,0,0,0,0,0,0,0,0,0,0,0,0,0,0,0,0,0,0,0,0,0,0,0,0,0,0,0,0,0,0,0,0,0,0,0,0,0,0,0,0,0,0,0,0,0,0,0,0,0,0,0,0,0,0,0,0,0,0,0,0,0,0,0,0,0,0,0,0,0,0,0,0,0,0,0,0,0,0,0,0,0,0,0,0,0,0,0,0,0,0,0,0,0,0,0,0,0,0,0,0,0,0,0,0,0,0,0,0,0,0,0,0,0,0,0,0,0,0,0,0,0,0,0,0,0,0,0,0,0,0,0,0,0,0,0,0,0,0,0
4.901766065,-9.815642000000091,-0.18435800000000055,0.18435800000000055,0.59899999999935,-0.5989999999999885,0.5989999999999885,0.5989999999999999,-0.5989999999999999,0.5989999999999999,3.4287015267462495,-2.5895491099630807,2.503519629510367,4.9997332302384585,0.0365214077583617,-0.0365214077583617,2.05,0.62,-1.0,0.0,0.0,0.0,2.05,2.62,-1.0,0.0,0.0,0.0,2.05,4.62,-1.0,0.0,0.0,0.0,2.05,6.62,-1.0,0.0,0.0,0.0,2.05,0.62,1.0,0.0,0.0,0.0,2.05,2.62,1.0,0.0,0.0,0.0,2.05,4.62,1.0,0.0,0.0,0.0,2.05,6.62,1.0,0.0,0.0,0.0,2.39,-5.0,-1.0,0.0,0.0,0.0,2.39,-3.0,-1.0,0.0,0.0,0.0,2.39,-5.0,1.0,0.0,0.0,0.0,2.39,-3.0,1.0,0.0,0.0,0.0,-0.08,-3.95,-1.0,0.0,0.0,0.0,-0.08,-1.95,-1.0,0.0,0.0,0.0,-0.08,0.05,-1.0,0.0,0.0,0.0,-0.08,2.05,-1.0,0.0,0.0,0.0,-0.08,-3.95,1.0,0.0,0.0,0.0,-0.08,-1.95,1.0,0.0,0.0,0.0,-0.08,0.05,1.0,0.0,0.0,0.0,-0.08,2.05,1.0,0.0,0.0,0.0,-3.32,-1.4200000000001716,-0.4520000000000809,0.0,1.8000000000000242,0.7300000000000084,6.21,-0.7580000000001328,-0.0379999999999852,0.0,-1.580000000000026,1.120000000000003,6.21,1.2419999999999045,-0.0379999999999852,0.0,-1.5799999999999148,1.120000000000003,9.9,-0.3579999999999831,0.49199999999990485,0.0,-1.0800000000000252,-0.9299999999999862,9.9,1.6420000000000483,0.49199999999990485,0.0,-1.0799999999999699,-0.9299999999999862,0,0,0,0,0,0,0,0,0,0,0,0,0,0,0,0,0,0,0,0,0,0,0,0,0,0,0,0,0,0,0,0,0,0,0,0,0,0,0,0,0,0,0,0,0,0,0,0,0,0,0,0,0,0,0,0,0,0,0,0,0,0,0,0,0,0,0,0,0,0,0,0,0,0,0,0,0,0,0,0,0,0,0,0,0,0,0,0,0,0,0,0,0,0,0,0,0,0,0,0,0,0,0,0,0,0,0,0,0,0,0,0,0,0,0,0,0,0,0,0,0,0,0,0,0,0,0,0,0,0,0,0,0,0,0,0,0,0,0,0,0,0,0,0,0,0,0,0,0,0
5.000987211,-9.763774000000092,-0.2283299999999996,0.23622599999999966,0.6830000000004333,-0.5149999999999878,0.6829999999999892,0.6829999999999998,-0.5149999999999999,0.6829999999999998,3.5879455095635504,0.15541371510159685,3.462300356990944,4.999514649129343,0.049260903062737955,-0.049260903062737955,2.05,0.62,-1.0,0.0,0.0,0.0,2.05,2.62,-1.0,0.0,0.0,0.0,2.05,4.62,-1.0,0.0,0.0,0.0,2.05,6.62,-1.0,0.0,0.0,0.0,2.05,0.62,1.0,0.0,0.0,0.0,2.05,2.62,1.0,0.0,0.0,0.0,2.05,4.62,1.0,0.0,0.0,0.0,2.05,6.62,1.0,0.0,0.0,0.0,2.39,-5.0,-1.0,0.0,0.0,0.0,2.39,-3.0,-1.0,0.0,0.0,0.0,2.39,-5.0,1.0,0.0,0.0,0.0,2.39,-3.0,1.0,0.0,0.0,0.0,-0.08,-3.95,-1.0,0.0,0.0,0.0,-0.08,-1.95,-1.0,0.0,0.0,0.0,-0.08,0.05,-1.0,0.0,0.0,0.0,-0.08,2.05,-1.0,0.0,0.0,0.0,-0.08,-3.95,1.0,0.0,0.0,0.0,-0.08,-1.95,1.0,0.0,0.0,0.0,-0.08,0.05,1.0,0.0,0.0,0.0,-0.08,2.05,1.0,0.0,0.0,0.0,-3.32,-1.2760000000001697,-0.3936000000000802,0.0,1.8000000000000242,0.7300000000000084,6.21,-0.8844000000001349,0.051600000000014856,0.0,-1.580000000000026,1.120000000000003,6.21,1.1155999999999113,0.051600000000014856,0.0,-1.5799999999999148,1.120000000000003,9.9,-0.44439999999998514,0.41759999999990594,0.0,-1.0800000000000252,-0.9299999999999862,9.9,1.5556000000000507,0.41759999999990594,0.0,-1.0799999999999699,-0.9299999999999862,0,0,0,0,0,0,0,0,0,0,0,0,0,0,0,0,0,0,0,0,0,0,0,0,0,0,0,0,0,0,0,0,0,0,0,0,0,0,0,0,0,0,0,0,0,0,0,0,0,0,0,0,0,0,0,0,0,0,0,0,0,0,0,0,0,0,0,0,0,0,0,0,0,0,0,0,0,0,0,0,0,0,0,0,0,0,0,0,0,0,0,0,0,0,0,0,0,0,0,0,0,0,0,0,0,0,0,0,0,0,0,0,0,0,0,0,0,0,0,0,0,0,0,0,0,0,0,0,0,0,0,0,0,0,0,0,0,0,0,0,0,0,0,0,0,0,0,0,0,0
5.100706801,-9.690142000000074,-0.28516200000000014,0.30985800000000047,0.7690000000000197,-0.6010000000000183,0.7690000000000197,0.7689999999999998,-0.6009999999999999,0.7689999999999998,3.670517550192555,-1.731944328106466,2.8189409246313675,4.999215533262362,0.06107620191329964,-0.06413851844377153,2.05,0.62,-1.0,0.0,0.0,0.0,2.05,2.62,-1.0,0.0,0.0,0.0,2.05,4.62,-1.0,0.0,0.0,0.0,2.05,6.62,-1.0,0.0,0.0,0.0,2.05,0.62,1.0,0.0,0.0,0.0,2.05,2.62,1.0,0.0,0.0,0.0,2.05,4.62,1.0,0.0,0.0,0.0,2.05,6.62,1.0,0.0,0.0,0.0,2.39,-5.0,-1.0,0.0,0.0,0.0,2.39,-3.0,-1.0,0.0,0.0,0.0,2.39,-5.0,1.0,0.0,0.0,0.0,2.39,-3.0,1.0,0.0,0.0,0.0,-0.08,-3.95,-1.0,0.0,0.0,0.0,-0.08,-1.95,-1.0,0.0,0.0,0.0,-0.08,0.05,-1.0,0.0,0.0,0.0,-0.08,2.05,-1.0,0.0,0.0,0.0,-0.08,-3.95,1.0,0.0,0.0,0.0,-0.08,-1.95,1.0,0.0,0.0,0.0,-0.08,0.05,1.0,0.0,0.0,0.0,-0.08,2.05,1.0,0.0,0.0,0.0,-3.32,-1.0960000000001673,-0.3206000000000794,0.0,1.8000000000000242,0.7300000000000084,6.21,-1.0424000000001346,0.163600000000015,0.0,-1.5799999999999148,1.1200000000000099,6.21,0.9575999999999169,0.163600000000015,0.0,-1.580000000000026,1.1200000000000099,9.9,-0.552399999999985,0.3245999999999073,0.0,-1.0799999999999699,-0.9299999999999862,9.9,1.4476000000000537,0.3245999999999073,0.0,-1.0799999999999699,-0.9299999999999862,0,0,0,0,0,0,0,0,0,0,0,0,0,0,0,0,0,0,0,0,0,0,0,0,0,0,0,0,0,0,0,0,0,0,0,0,0,0,0,0,0,0,0,0,0,0,0,0,0,0,0,0,0,0,0,0,0,0,0,0,0,0,0,0,0,0,0,0,0,0,0,0,0,0,0,0,0,0,0,0,0,0,0,0,0,0,0,0,0,0,0,0,0,0,0,0,0,0,0,0,0,0,0,0,0,0,0,0,0,0,0,0,0,0,0,0,0,0,0,0,0,0,0,0,0,0,0,0,0,0,0,0,0,0,0,0,0,0,0,0,0,0,0,0,0,0,0,0,0,0
5.204591317,-9.608242000000084,-0.3502620000000014,0.3917580000000019,0.8689999999997866,-0.7010000000000073,0.8690000000000087,0.8689999999999998,-0.7009999999999998,0.8689999999999998,3.7335679734738005,-3.0663716598835937,1.1976465371216265,4.99874692708431,0.07550473084679583,-0.08263289045483982,2.05,0.62,-1.0,0.0,0.0,0.0,2.05,2.62,-1.0,0.0,0.0,0.0,2.05,4.62,-1.0,0.0,0.0,0.0,2.05,6.62,-1.0,0.0,0.0,0.0,2.05,0.62,1.0,0.0,0.0,0.0,2.05,2.62,1.0,0.0,0.0,0.0,2.05,4.62,1.0,0.0,0.0,0.0,2.05,6.62,1.0,0.0,0.0,0.0,2.39,-5.0,-1.0,0.0,0.0,0.0,2.39,-3.0,-1.0,0.0,0.0,0.0,2.39,-5.0,1.0,0.0,0.0,0.0,2.39,-3.0,1.0,0.0,0.0,0.0,-0.08,-3.95,-1.0,0.0,0.0,0.0,-0.08,-1.95,-1.0,0.0,0.0,0.0,-0.08,0.05,-1.0,0.0,0.0,0.0,-0.08,2.05,-1.0,0.0,0.0,0.0,-0.08,-3.95,1.0,0.0,0.0,0.0,-0.08,-1.95,1.0,0.0,0.0,0.0,-0.08,0.05,1.0,0.0,0.0,0.0,-0.08,2.05,1.0,0.0,0.0,0.0,-3.32,-0.9160000000001649,-0.24760000000007854,0.0,1.8000000000000242,0.7300000000000084,6.21,-1.200400000000126,0.275600000000016,0.0,-1.5799999999999148,1.1200000000000099,6.21,0.7995999999999143,0.275600000000016,0.0,-1.580000000000026,1.1200000000000099,9.9,-0.660399999999982,0.23159999999990866,0.0,-1.0799999999999699,-0.9299999999999862,9.9,1.3396000000000567,0.23159999999990866,0.0,-1.0799999999999699,-0.9299999999999862,0,0,0,0,0,0,0,0,0,0,0,0,0,0,0,0,0,0,0,0,0,0,0,0,0,0,0,0,0,0,0,0,0,0,0,0,0,0,0,0,0,0,0,0,0,0,0,0,0,0,0,0,0,0,0,0,0,0,0,0,0,0,0,0,0,0,0,0,0,0,0,0,0,0,0,0,0,0,0,0,0,0,0,0,0,0,0,0,0,0,0,0,0,0,0,0,0,0,0,0,0,0,0,0,0,0,0,0,0,0,0,0,0,0,0,0,0,0,0,0,0,0,0,0,0,0,0,0,0,0,0,0,0,0,0,0,0,0,0,0,0,0,0,0,0,0,0,0,0,0
5.303349523,-9.534693000000127,-0.41037100000000176,0.46530700000000236,0.9479999999992827,-0.7800000000000029,0.9480000000000042,0.9479999999999997,-0.7799999999999998,0.9479999999999997,3.866517798704498,-2.6686034707162265,1.5667977462830303,4.998094809530163,0.0918395084116015,-0.10302319953467534,2.05,0.62,-1.0,0.0,0.0,0.0,2.05,2.62,-1.0,0.0,0.0,0.0,2.05,4.62,-1.0,0.0,0.0,0.0,2.05,6.62,-1.0,0.0,0.0,0.0,2.05,0.62,1.0,0.0,0.0,0.0,2.05,2.62,1.0,0.0,0.0,0.0,2.05,4.62,1.0,0.0,0.0,0.0,2.05,6.62,1.0,0.0,0.0,0.0,2.39,-5.0,-1.0,0.0,0.0,0.0,2.39,-3.0,-1.0,0.0,0.0,0.0,2.39,-5.0,1.0,0.0,0.0,0.0,2.39,-3.0,1.0,0.0,0.0,0.0,-0.08,-3.95,-1.0,0.0,0.0,0.0,-0.08,-1.95,-1.0,0.0,0.0,0.0,-0.08,0.05,-1.0,0.0,0.0,0.0,-0.08,2.05,-1.0,0.0,0.0,0.0,-0.08,-3.95,1.0,0.0,0.0,0.0,-0.08,-1.95,1.0,0.0,0.0,0.0,-0.08,0.05,1.0,0.0,0.0,0.0,-0.08,2.05,1.0,0.0,0.0,0.0,-3.32,-0.772000000000163,-0.18920000000007786,0.0,1.8000000000000242,0.7300000000000084,6.21,-1.3268000000001192,0.3652000000000168,0.0,-1.5799999999999148,1.1200000000000099,6.21,0.6731999999999122,0.3652000000000168,0.0,-1.580000000000026,1.1200000000000099,9.9,-0.7467999999999796,0.15719999999990975,0.0,-1.0799999999999699,-0.9299999999999862,9.9,1.2532000000000592,0.15719999999990975,0.0,-1.0799999999999699,-0.9299999999999862,0,0,0,0,0,0,0,0,0,0,0,0,0,0,0,0,0,0,0,0,0,0,0,0,0,0,0,0,0,0,0,0,0,0,0,0,0,0,0,0,0,0,0,0,0,0,0,0,0,0,0,0,0,0,0,0,0,0,0,0,0,0,0,0,0,0,0,0,0,0,0,0,0,0,0,0,0,0,0,0,0,0,0,0,0,0,0,0,0,0,0,0,0,0,0,0,0,0,0,0,0,0,0,0,0,0,0,0,0,0,0,0,0,0,0,0,0,0,0,0,0,0,0,0,0,0,0,0,0,0,0,0,0,0,0,0,0,0,0,0,0,0,0,0,0,0,0,0,0,0
5.401555448,-9.455521000000141,-0.46943900000000244,0.5444790000000017,1.0460000000005465,-0.682000000000016,1.0459999999999916,1.0459999999999998,-0.6819999999999998,1.0459999999999998,3.9265045878578952,-0.5953009395012603,2.918393903230652,4.997271824172767,0.10907573270318319,-0.12400322521714496,2.05,0.62,-1.0,0.0,0.0,0.0,2.05,2.62,-1.0,0.0,0.0,0.0,2.05,4.62,-1.0,0.0,0.0,0.0,2.05,6.62,-1.0,0.0,0.0,0.0,2.05,0.62,1.0,0.0,0.0,0.0,2.05,2.62,1.0,0.0,0.0,0.0,2.05,4.62,1.0,0.0,0.0,0.0,2.05,6.62,1.0,0.0,0.0,0.0,2.39,-5.0,-1.0,0.0,0.0,0.0,2.39,-3.0,-1.0,0.0,0.0,0.0,2.39,-5.0,1.0,0.0,0.0,0.0,2.39,-3.0,1.0,0.0,0.0,0.0,-0.08,-3.95,-1.0,0.0,0.0,0.0,-0.08,-1.95,-1.0,0.0,0.0,0.0,-0.08,0.05,-1.0,0.0,0.0,0.0,-0.08,2.05,-1.0,0.0,0.0,0.0,-0.08,-3.95,1.0,0.0,0.0,0.0,-0.08,-1.95,1.0,0.0,0.0,0.0,-0.08,0.05,1.0,0.0,0.0,0.0,-0.08,2.05,1.0,0.0,0.0,0.0,-3.32,-0.6280000000001611,-0.1308000000000772,0.0,1.8000000000000242,0.7300000000000084,6.21,-1.4532000000001124,0.4548000000000176,0.0,-1.5799999999999148,1.1200000000000099,6.21,0.5467999999999101,0.4548000000000176,0.0,-1.580000000000026,1.1200000000000099,9.9,-0.8331999999999772,0.0827999999999102,0.0,-1.0799999999999699,-0.9300000000000003,9.9,1.1668000000000616,0.0827999999999102,0.0,-1.0799999999999699,-0.9300000000000003,0,0,0,0,0,0,0,0,0,0,0,0,0,0,0,0,0,0,0,0,0,0,0,0,0,0,0,0,0,0,0,0,0,0,0,0,0,0,0,0,0,0,0,0,0,0,0,0,0,0,0,0,0,0,0,0,0,0,0,0,0,0,0,0,0,0,0,0,0,0,0,0,0,0,0,0,0,0,0,0,0,0,0,0,0,0,0,0,0,0,0,0,0,0,0,0,0,0,0,0,0,0,0,0,0,0,0,0,0,0,0,0,0,0,0,0,0,0,0,0,0,0,0,0,0,0,0,0,0,0,0,0,0,0,0,0,0,0,0,0,0,0,0,0,0,0,0,0,0,0
5.501072617,-9.368739000000165,-0.5271010000000022,0.6312610000000015,1.1119999999991137,-0.7479999999999709,1.1120000000000019,1.1119999999999999,-0.7479999999999998,1.1119999999999999,4.025727011600365,-0.9788676188946788,2.7643510449205224,4.996379246816311,0.1236732610024672,-0.14456606274050568,2.05,0.62,-1.0,0.0,0.0,0.0,2.05,2.62,-1.0,0.0,0.0,0.0,2.05,4.62,-1.0,0.0,0.0,0.0,2.05,6.62,-1.0,0.0,0.0,0.0,2.05,0.62,1.0,0.0,0.0,0.0,2.05,2.62,1.0,0.0,0.0,0.0,2.05,4.62,1.0,0.0,0.0,0.0,2.05,6.62,1.0,0.0,0.0,0.0,2.39,-5.0,-1.0,0.0,0.0,0.0,2.39,-3.0,-1.0,0.0,0.0,0.0,2.39,-5.0,1.0,0.0,0.0,0.0,2.39,-3.0,1.0,0.0,0.0,0.0,-0.08,-3.95,-1.0,0.0,0.0,0.0,-0.08,-1.95,-1.0,0.0,0.0,0.0,-0.08,0.05,-1.0,0.0,0.0,0.0,-0.08,2.05,-1.0,0.0,0.0,0.0,-0.08,-3.95,1.0,0.0,0.0,0.0,-0.08,-1.95,1.0,0.0,0.0,0.0,-0.08,0.05,1.0,0.0,0.0,0.0,-0.08,2.05,1.0,0.0,0.0,0.0,-3.32,-0.4840000000001592,-0.07240000000007753,0.0,1.8000000000000242,0.7299999999999944,6.21,-1.5796000000001056,0.5444000000000183,0.0,-1.5799999999999148,1.1200000000000099,6.21,0.42039999999990807,0.5444000000000183,0.0,-1.580000000000026,1.1200000000000099,9.9,-0.9195999999999748,0.008399999999910174,0.0,-1.0799999999999699,-0.9300000000000003,9.9,1.080400000000064,0.008399999999910174,0.0,-1.0799999999999699,-0.9300000000000003,0,0,0,0,0,0,0,0,0,0,0,0,0,0,0,0,0,0,0,0,0,0,0,0,0,0,0,0,0,0,0,0,0,0,0,0,0,0,0,0,0,0,0,0,0,0,0,0,0,0,0,0,0,0,0,0,0,0,0,0,0,0,0,0,0,0,0,0,0,0,0,0,0,0,0,0,0,0,0,0,0,0,0,0,0,0,0,0,0,0,0,0,0,0,0,0,0,0,0,0,0,0,0,0,0,0,0,0,0,0,0,0,0,0,0,0,0,0,0,0,0,0,0,0,0,0,0,0,0,0,0,0,0,0,0,0,0,0,0,0,0,0,0,0,0,0,0,0,0,0
5.600739451,-9.252377000000202,-0.5967389999999989,0.747623000000002,1.2010000000000076,-0.6589999999999652,1.2010000000000076,1.2009999999999998,-0.6589999999999998,1.2009999999999998,4.106428716877348,1.0833642371097798,2.592324939624385,4.995050031009484,0.14176556085940145,-0.17139928082220537,2.05,0.62,-1.0,0.0,0.0,0.0,2.05,2.62,-1.0,0.0,0.0,0.0,2.05,4.62,-1.0,0.0,0.0,0.0,2.05,6.62,-1.0,0.0,0.0,0.0,2.05,0.62,1.0,0.0,0.0,0.0,2.05,2.62,1.0,0.0,0.0,0.0,2.05,4.62,1.0,0.0,0.0,0.0,2.05,6.62,1.0,0.0,0.0,0.0,2.39,-5.0,-1.0,0.0,0.0,0.0,2.39,-3.0,-1.0,0.0,0.0,0.0,2.39,-5.0,1.0,0.0,0.0,0.0,2.39,-3.0,1.0,0.0,0.0,0.0,-0.08,-3.95,-1.0,0.0,0.0,0.0,-0.08,-1.95,-1.0,0.0,0.0,0.0,-0.08,0.05,-1.0,0.0,0.0,0.0,-0.08,2.05,-1.0,0.0,0.0,0.0,-0.08,-3.95,1.0,0.0,0.0,0.0,-0.08,-1.95,1.0,0.0,0.0,0.0,-0.08,0.05,1.0,0.0,0.0,0.0,-0.08,2.05,1.0,0.0,0.0,0.0,-3.32,-0.3040000000001568,0.0005999999999224915,0.0,1.8000000000000242,0.7299999999999999,6.21,-1.737600000000097,0.6564000000000193,0.0,-1.5799999999999148,1.1200000000000099,6.21,0.2623999999999055,0.6564000000000193,0.0,-1.580000000000026,1.1200000000000099,9.9,-1.0275999999999719,-0.08460000000008984,0.0,-1.0799999999999699,-0.9300000000000003,9.9,0.972400000000067,-0.08460000000008984,0.0,-1.0799999999999699,-0.9300000000000003,0,0,0,0,0,0,0,0,0,0,0,0,0,0,0,0,0,0,0,0,0,0,0,0,0,0,0,0,0,0,0,0,0,0,0,0,0,0,0,0,0,0,0,0,0,0,0,0,0,0,0,0,0,0,0,0,0,0,0,0,0,0,0,0,0,0,0,0,0,0,0,0,0,0,0,0,0,0,0,0,0,0,0,0,0,0,0,0,0,0,0,0,0,0,0,0,0,0,0,0,0,0,0,0,0,0,0,0,0,0,0,0,0,0,0,0,0,0,0,0,0,0,0,0,0,0,0,0,0,0,0,0,0,0,0,0,0,0,0,0,0,0,0,0,0,0,0,0,0,0
5.701069513,-9.177860000000218,-0.6338219999999981,0.8221400000000012,1.2919999999994047,-0.5680000000000129,1.2919999999999596,1.2919999999999998,-0.5679999999999998,1.2919999999999998,4.177703350026211,0.3526332780716315,2.7377088561744856,4.993471313889485,0.1583917456023996,-0.2003903497872228,2.05,0.62,-1.0,0.0,0.0,0.0,2.05,2.62,-1.0,0.0,0.0,0.0,2.05,4.62,-1.0,0.0,0.0,0.0,2.05,6.62,-1.0,0.0,0.0,0.0,2.05,0.62,1.0,0.0,0.0,0.0,2.05,2.62,1.0,0.0,0.0,0.0,2.05,4.62,1.0,0.0,0.0,0.0,2.05,6.62,1.0,0.0,0.0,0.0,2.39,-5.0,-1.0,0.0,0.0,0.0,2.39,-3.0,-1.0,0.0,0.0,0.0,2.39,-5.0,1.0,0.0,0.0,0.0,2.39,-3.0,1.0,0.0,0.0,0.0,-0.08,-3.95,-1.0,0.0,0.0,0.0,-0.08,-1.95,-1.0,0.0,0.0,0.0,-0.08,0.05,-1.0,0.0,0.0,0.0,-0.08,2.05,-1.0,0.0,0.0,0.0,-0.08,-3.95,1.0,0.0,0.0,0.0,-0.08,-1.95,1.0,0.0,0.0,0.0,-0.08,0.05,1.0,0.0,0.0,0.0,-0.08,2.05,1.0,0.0,0.0,0.0,-3.32,-0.19600000000015622,0.04439999999992254,0.0,1.799999999999996,0.7300000000000014,6.21,-1.832400000000092,0.7236000000000199,0.0,-1.5799999999999148,1.1200000000000099,6.21,0.1675999999999054,0.7236000000000199,0.0,-1.579999999999998,1.1200000000000099,9.9,-1.09239999999997,-0.14040000000008962,0.0,-1.0799999999999699,-0.9299999999999862,9.9,0.9076000000000688,-0.14040000000008962,0.0,-1.0799999999999699,-0.9299999999999862,0,0,0,0,0,0,0,0,0,0,0,0,0,0,0,0,0,0,0,0,0,0,0,0,0,0,0,0,0,0,0,0,0,0,0,0,0,0,0,0,0,0,0,0,0,0,0,0,0,0,0,0,0,0,0,0,0,0,0,0,0,0,0,0,0,0,0,0,0,0,0,0,0,0,0,0,0,0,0,0,0,0,0,0,0,0,0,0,0,0,0,0,0,0,0,0,0,0,0,0,0,0,0,0,0,0,0,0,0,0,0,0,0,0,0,0,0,0,0,0,0,0,0,0,0,0,0,0,0,0,0,0,0,0,0,0,0,0,0,0,0,0,0,0,0,0,0,0,0,0
5.801740949,-9.07182000000021,-0.6765819999999976,0.9281799999999996,1.3590000000007763,-0.5009999999999737,1.3589999999999989,1.3589999999999998,-0.5009999999999999,1.3589999999999998,4.282004100716879,0.03532452570143274,2.4457944582602202,4.992258949555078,0.1683357006937357,-0.22139031699507666,2.05,0.62,-1.0,0.0,0.0,0.0,2.05,2.62,-1.0,0.0,0.0,0.0,2.05,4.62,-1.0,0.0,0.0,0.0,2.05,6.62,-1.0,0.0,0.0,0.0,2.05,0.62,1.0,0.0,0.0,0.0,2.05,2.62,1.0,0.0,0.0,0.0,2.05,4.62,1.0,0.0,0.0,0.0,2.05,6.62,1.0,0.0,0.0,0.0,2.39,-5.0,-1.0,0.0,0.0,0.0,2.39,-3.0,-1.0,0.0,0.0,0.0,2.39,-5.0,1.0,0.0,0.0,0.0,2.39,-3.0,1.0,0.0,0.0,0.0,-0.08,-3.95,-1.0,0.0,0.0,0.0,-0.08,-1.95,-1.0,0.0,0.0,0.0,-0.08,0.05,-1.0,0.0,0.0,0.0,-0.08,2.05,-1.0,0.0,0.0,0.0,-0.08,-3.95,1.0,0.0,0.0,0.0,-0.08,-1.95,1.0,0.0,0.0,0.0,-0.08,0.05,1.0,0.0,0.0,0.0,-0.08,2.05,1.0,0.0,0.0,0.0,-3.32,-0.05200000000015649,0.10279999999992227,0.0,1.8000000000000003,0.7299999999999944,6.21,-1.9588000000000874,0.8132000000000207,0.0,-1.5799999999999814,1.1200000000000099,6.21,0.041199999999907436,0.8132000000000207,0.0,-1.579999999999975,1.1200000000000099,9.9,-1.1787999999999677,-0.21480000000008853,0.0,-1.0799999999999699,-0.9299999999999862,9.9,0.8212000000000712,-0.21480000000008853,0.0,-1.0799999999999699,-0.9299999999999862,0,0,0,0,0,0,0,0,0,0,0,0,0,0,0,0,0,0,0,0,0,0,0,0,0,0,0,0,0,0,0,0,0,0,0,0,0,0,0,0,0,0,0,0,0,0,0,0,0,0,0,0,0,0,0,0,0,0,0,0,0,0,0,0,0,0,0,0,0,0,0,0,0,0,0,0,0,0,0,0,0,0,0,0,0,0,0,0,0,0,0,0,0,0,0,0,0,0,0,0,0,0,0,0,0,0,0,0,0,0,0,0,0,0,0,0,0,0,0,0,0,0,0,0,0,0,0,0,0,0,0,0,0,0,0,0,0,0,0,0,0,0,0,0,0,0,0,0,0,0
5.903131948,-8.931056000000135,-0.7218179999999972,1.0689440000000026,1.4350000000007412,-0.4250000000000087,1.435000000000075,1.4349999999999998,-0.4249999999999999,1.4349999999999998,4.358826946801817,0.5064092019178248,2.3505670558906067,4.9904627263686105,0.18005766929129144,-0.25072098527039627,2.05,0.62,-1.0,0.0,0.0,0.0,2.05,2.62,-1.0,0.0,0.0,0.0,2.05,4.62,-1.0,0.0,0.0,0.0,2.05,6.62,-1.0,0.0,0.0,0.0,2.05,0.62,1.0,0.0,0.0,0.0,2.05,2.62,1.0,0.0,0.0,0.0,2.05,4.62,1.0,0.0,0.0,0.0,2.05,6.62,1.0,0.0,0.0,0.0,2.39,-5.0,-1.0,0.0,0.0,0.0,2.39,-3.0,-1.0,0.0,0.0,0.0,2.39,-5.0,1.0,0.0,0.0,0.0,2.39,-3.0,1.0,0.0,0.0,0.0,-0.08,-3.95,-1.0,0.0,0.0,0.0,-0.08,-1.95,-1.0,0.0,0.0,0.0,-0.08,0.05,-1.0,0.0,0.0,0.0,-0.08,2.05,-1.0,0.0,0.0,0.0,-0.08,-3.95,1.0,0.0,0.0,0.0,-0.08,-1.95,1.0,0.0,0.0,0.0,-0.08,0.05,1.0,0.0,0.0,0.0,-0.08,2.05,1.0,0.0,0.0,0.0,-3.32,0.12799999999984343,0.17579999999992268,0.0,1.799999999999996,0.7300000000000084,6.21,-2.116800000000097,0.9252000000000217,0.0,-1.5800000000001369,1.1200000000000099,6.21,-0.11680000000009137,0.9252000000000217,0.0,-1.579999999999998,1.1200000000000099,9.9,-1.2867999999999646,-0.30780000000008717,0.0,-1.0799999999999699,-0.9299999999999862,9.9,0.7132000000000742,-0.30780000000008717,0.0,-1.0799999999999699,-0.9299999999999862,0,0,0,0,0,0,0,0,0,0,0,0,0,0,0,0,0,0,0,0,0,0,0,0,0,0,0,0,0,0,0,0,0,0,0,0,0,0,0,0,0,0,0,0,0,0,0,0,0,0,0,0,0,0,0,0,0,0,0,0,0,0,0,0,0,0,0,0,0,0,0,0,0,0,0,0,0,0,0,0,0,0,0,0,0,0,0,0,0,0,0,0,0,0,0,0,0,0,0,0,0,0,0,0,0,0,0,0,0,0,0,0,0,0,0,0,0,0,0,0,0,0,0,0,0,0,0,0,0,0,0,0,0,0,0,0,0,0,0,0,0,0,0,0,0,0,0,0,0,0
6.000683613,-8.812256000000085,-0.7518179999999983,1.1877440000000081,1.5350000000005082,-0.3250000000000197,1.535000000000064,1.535,-0.32499999999999984,1.535,4.423298924597681,0.17517203599007392,2.240211269723731,4.988049669567741,0.19195967735978897,-0.2872489794465295,2.05,0.62,-1.0,0.0,0.0,0.0,2.05,2.62,-1.0,0.0,0.0,0.0,2.05,4.62,-1.0,0.0,0.0,0.0,2.05,6.62,-1.0,0.0,0.0,0.0,2.05,0.62,1.0,0.0,0.0,0.0,2.05,2.62,1.0,0.0,0.0,0.0,2.05,4.62,1.0,0.0,0.0,0.0,2.05,6.62,1.0,0.0,0.0,0.0,2.39,-5.0,-1.0,0.0,0.0,0.0,2.39,-3.0,-1.0,0.0,0.0,0.0,2.39,-5.0,1.0,0.0,0.0,0.0,2.39,-3.0,1.0,0.0,0.0,0.0,-0.08,-3.95,-1.0,0.0,0.0,0.0,-0.08,-1.95,-1.0,0.0,0.0,0.0,-0.08,0.05,-1.0,0.0,0.0,0.0,-0.08,2.05,-1.0,0.0,0.0,0.0,-0.08,-3.95,1.0,0.0,0.0,0.0,-0.08,-1.95,1.0,0.0,0.0,0.0,-0.08,0.05,1.0,0.0,0.0,0.0,-0.08,2.05,1.0,0.0,0.0,0.0,-3.32,0.2719999999998435,0.23419999999992336,0.0,1.8000000000000242,0.7300000000000084,6.21,-2.2432000000001078,1.0148000000000224,0.0,-1.5800000000001369,1.1200000000000099,6.21,-0.24320000000009123,1.0148000000000224,0.0,-1.579999999999998,1.1200000000000099,9.9,-1.3731999999999622,-0.3822000000000861,0.0,-1.0799999999999699,-0.9299999999999862,9.9,0.6268000000000766,-0.3822000000000861,0.0,-1.0799999999999699,-0.9299999999999862,0,0,0,0,0,0,0,0,0,0,0,0,0,0,0,0,0,0,0,0,0,0,0,0,0,0,0,0,0,0,0,0,0,0,0,0,0,0,0,0,0,0,0,0,0,0,0,0,0,0,0,0,0,0,0,0,0,0,0,0,0,0,0,0,0,0,0,0,0,0,0,0,0,0,0,0,0,0,0,0,0,0,0,0,0,0,0,0,0,0,0,0,0,0,0,0,0,0,0,0,0,0,0,0,0,0,0,0,0,0,0,0,0,0,0,0,0,0,0,0,0,0,0,0,0,0,0,0,0,0,0,0,0,0,0,0,0,0,0,0,0,0,0,0,0,0,0,0,0,0
6.10629429,-8.654386000000036,-0.7799479999999972,1.3456140000000125,1.6300000000004644,-0.22999999999995246,1.6300000000000203,1.63,-0.22999999999999984,1.63,4.534370966956553,1.2624044502933756,1.6793379267749933,4.985240530785981,0.20200187679861467,-0.32645381293308606,2.05,0.62,-1.0,0.0,0.0,0.0,2.05,2.62,-1.0,0.0,0.0,0.0,2.05,4.62,-1.0,0.0,0.0,0.0,2.05,6.62,-1.0,0.0,0.0,0.0,2.05,0.62,1.0,0.0,0.0,0.0,2.05,2.62,1.0,0.0,0.0,0.0,2.05,4.62,1.0,0.0,0.0,0.0,2.05,6.62,1.0,0.0,0.0,0.0,2.39,-5.0,-1.0,0.0,0.0,0.0,2.39,-3.0,-1.0,0.0,0.0,0.0,2.39,-5.0,1.0,0.0,0.0,0.0,2.39,-3.0,1.0,0.0,0.0,0.0,-0.08,-3.95,-1.0,0.0,0.0,0.0,-0.08,-1.95,-1.0,0.0,0.0,0.0,-0.08,0.05,-1.0,0.0,0.0,0.0,-0.08,2.05,-1.0,0.0,0.0,0.0,-0.08,-3.95,1.0,0.0,0.0,0.0,-0.08,-1.95,1.0,0.0,0.0,0.0,-0.08,0.05,1.0,0.0,0.0,0.0,-0.08,2.05,1.0,0.0,0.0,0.0,-3.32,0.45199999999984586,0.3071999999999242,0.0,1.8000000000000242,0.7300000000000084,6.21,-2.4012000000001215,1.1268000000000233,0.0,-1.5800000000001369,1.1200000000000099,6.21,-0.4012000000000937,1.1268000000000233,0.0,-1.580000000000026,1.1200000000000099,9.9,-1.4811999999999592,-0.4752000000000847,0.0,-1.0799999999999699,-0.9299999999999862,9.9,0.5188000000000796,-0.4752000000000847,0.0,-1.0799999999999699,-0.9299999999999862,0,0,0,0,0,0,0,0,0,0,0,0,0,0,0,0,0,0,0,0,0,0,0,0,0,0,0,0,0,0,0,0,0,0,0,0,0,0,0,0,0,0,0,0,0,0,0,0,0,0,0,0,0,0,0,0,0,0,0,0,0,0,0,0,0,0,0,0,0,0,0,0,0,0,0,0,0,0,0,0,0,0,0,0,0,0,0,0,0,0,0,0,0,0,0,0,0,0,0,0,0,0,0,0,0,0,0,0,0,0,0,0,0,0,0,0,0,0,0,0,0,0,0,0,0,0,0,0,0,0,0,0,0,0,0,0,0,0,0,0,0,0,0,0,0,0,0,0,0,0
6.201466475,-8.520352000000022,-0.7947139999999961,1.472380000000017,1.7089999999999606,-0.15100000000001224,1.55100000000008,1.7089999999999999,-0.15099999999999986,1.551,4.628285381123843,0.5456834242063651,1.3756662143550877,4.982110007112702,0.20959523849628933,-0.36694647161017546,2.05,0.62,-1.0,0.0,0.0,0.0,2.05,2.62,-1.0,0.0,0.0,0.0,2.05,4.62,-1.0,0.0,0.0,0.0,2.05,6.62,-1.0,0.0,0.0,0.0,2.05,0.62,1.0,0.0,0.0,0.0,2.05,2.62,1.0,0.0,0.0,0.0,2.05,4.62,1.0,0.0,0.0,0.0,2.05,6.62,1.0,0.0,0.0,0.0,2.39,-5.0,-1.0,0.0,0.0,0.0,2.39,-3.0,-1.0,0.0,0.0,0.0,2.39,-5.0,1.0,0.0,0.0,0.0,2.39,-3.0,1.0,0.0,0.0,0.0,-0.08,-3.95,-1.0,0.0,0.0,0.0,-0.08,-1.95,-1.0,0.0,0.0,0.0,-0.08,0.05,-1.0,0.0,0.0,0.0,-0.08,2.05,-1.0,0.0,0.0,0.0,-0.08,-3.95,1.0,0.0,0.0,0.0,-0.08,-1.95,1.0,0.0,0.0,0.0,-0.08,0.05,1.0,0.0,0.0,0.0,-0.08,2.05,1.0,0.0,0.0,0.0,-3.32,0.5959999999998478,0.3655999999999249,0.0,1.8000000000000242,0.7300000000000084,6.21,-2.5276000000001324,1.2164000000000241,0.0,-1.5800000000001369,1.1200000000000099,6.21,-0.5276000000000958,1.2164000000000241,0.0,-1.580000000000026,1.1200000000000099,9.9,-1.5675999999999568,-0.5496000000000837,0.0,-1.0799999999999699,-0.9299999999999862,9.9,0.43240000000007855,-0.5496000000000837,0.0,-1.0800000000000252,-0.9299999999999862,0,0,0,0,0,0,0,0,0,0,0,0,0,0,0,0,0,0,0,0,0,0,0,0,0,0,0,0,0,0,0,0,0,0,0,0,0,0,0,0,0,0,0,0,0,0,0,0,0,0,0,0,0,0,0,0,0,0,0,0,0,0,0,0,0,0,0,0,0,0,0,0,0,0,0,0,0,0,0,0,0,0,0,0,0,0,0,0,0,0,0,0,0,0,0,0,0,0,0,0,0,0,0,0,0,0,0,0,0,0,0,0,0,0,0,0,0,0,0,0,0,0,0,0,0,0,0,0,0,0,0,0,0,0,0,0,0,0,0,0,0,0,0,0,0,0,0,0,0,0
6.30096402,-8.34474800000005,-0.8051099999999953,1.6227760000000175,1.806999999999448,-0.05299999999996974,1.4529999999999266,1.807,-0.05299999999999985,1.4529999999999998,4.698579676896715,0.3068721486818591,1.2256906589028695,4.978627734686775,0.2153273676874326,-0.40853396937394376,2.05,0.62,-1.0,0.0,0.0,0.0,2.05,2.62,-1.0,0.0,0.0,0.0,2.05,4.62,-1.0,0.0,0.0,0.0,2.05,6.62,-1.0,0.0,0.0,0.0,2.05,0.62,1.0,0.0,0.0,0.0,2.05,2.62,1.0,0.0,0.0,0.0,2.05,4.62,1.0,0.0,0.0,0.0,2.05,6.62,1.0,0.0,0.0,0.0,2.39,-5.0,-1.0,0.0,0.0,0.0,2.39,-3.0,-1.0,0.0,0.0,0.0,2.39,-5.0,1.0,0.0,0.0,0.0,2.39,-3.0,1.0,0.0,0.0,0.0,-0.08,-3.95,-1.0,0.0,0.0,0.0,-0.08,-1.95,-1.0,0.0,0.0,0.0,-0.08,0.05,-1.0,0.0,0.0,0.0,-0.08,2.05,-1.0,0.0,0.0,0.0,-0.08,-3.95,1.0,0.0,0.0,0.0,-0.08,-1.95,1.0,0.0,0.0,0.0,-0.08,0.05,1.0,0.0,0.0,0.0,-0.08,2.05,1.0,0.0,0.0,0.0,-3.32,0.7759999999998501,0.4385999999999257,0.0,1.8000000000000242,0.7300000000000084,6.21,-2.685600000000146,1.3284000000000251,0.0,-1.5800000000001369,1.1200000000000099,6.21,-0.6856000000000984,1.3284000000000251,0.0,-1.580000000000026,1.1200000000000099,9.9,-1.6755999999999538,-0.6426000000000823,0.0,-1.0799999999999699,-0.9299999999999862,9.9,0.324400000000076,-0.6426000000000823,0.0,-1.0800000000000252,-0.9299999999999862,0,0,0,0,0,0,0,0,0,0,0,0,0,0,0,0,0,0,0,0,0,0,0,0,0,0,0,0,0,0,0,0,0,0,0,0,0,0,0,0,0,0,0,0,0,0,0,0,0,0,0,0,0,0,0,0,0,0,0,0,0,0,0,0,0,0,0,0,0,0,0,0,0,0,0,0,0,0,0,0,0,0,0,0,0,0,0,0,0,0,0,0,0,0,0,0,0,0,0,0,0,0,0,0,0,0,0,0,0,0,0,0,0,0,0,0,0,0,0,0,0,0,0,0,0,0,0,0,0,0,0,0,0,0,0,0,0,0,0,0,0,0,0,0,0,0,0,0,0,0
6.400979905,-8.19644800000008,-0.8056099999999928,1.7352760000000165,1.8919999999997827,0.032000000000032,1.3680000000000359,1.892,0.03200000000000015,1.3679999999999999,4.769298815139491,1.0432042138086617,1.1016470590347738,4.975154639733911,0.21892343233094164,-0.44711166559437554,2.05,0.62,-1.0,0.0,0.0,0.0,2.05,2.62,-1.0,0.0,0.0,0.0,2.05,4.62,-1.0,0.0,0.0,0.0,2.05,6.62,-1.0,0.0,0.0,0.0,2.05,0.62,1.0,0.0,0.0,0.0,2.05,2.62,1.0,0.0,0.0,0.0,2.05,4.62,1.0,0.0,0.0,0.0,2.05,6.62,1.0,0.0,0.0,0.0,2.39,-5.0,-1.0,0.0,0.0,0.0,2.39,-3.0,-1.0,0.0,0.0,0.0,2.39,-5.0,1.0,0.0,0.0,0.0,2.39,-3.0,1.0,0.0,0.0,0.0,-0.08,-3.95,-1.0,0.0,0.0,0.0,-0.08,-1.95,-1.0,0.0,0.0,0.0,-0.08,0.05,-1.0,0.0,0.0,0.0,-0.08,2.05,-1.0,0.0,0.0,0.0,-0.08,-3.95,1.0,0.0,0.0,0.0,-0.08,-1.95,1.0,0.0,0.0,0.0,-0.08,0.05,1.0,0.0,0.0,0.0,-0.08,2.05,1.0,0.0,0.0,0.0,-3.32,0.919999999999852,0.4969999999999264,0.0,1.8000000000000242,0.7300000000000084,6.21,-2.812000000000157,1.418000000000026,0.0,-1.5800000000001369,1.1200000000000099,6.21,-0.8120000000001004,1.418000000000026,0.0,-1.580000000000026,1.1200000000000099,9.9,-1.7619999999999514,-0.7170000000000812,0.0,-1.0799999999999699,-0.9299999999999862,9.9,0.23800000000007432,-0.7170000000000812,0.0,-1.0799999999999979,-0.9299999999999862,0,0,0,0,0,0,0,0,0,0,0,0,0,0,0,0,0,0,0,0,0,0,0,0,0,0,0,0,0,0,0,0,0,0,0,0,0,0,0,0,0,0,0,0,0,0,0,0,0,0,0,0,0,0,0,0,0,0,0,0,0,0,0,0,0,0,0,0,0,0,0,0,0,0,0,0,0,0,0,0,0,0,0,0,0,0,0,0,0,0,0,0,0,0,0,0,0,0,0,0,0,0,0,0,0,0,0,0,0,0,0,0,0,0,0,0,0,0,0,0,0,0,0,0,0,0,0,0,0,0,0,0,0,0,0,0,0,0,0,0,0,0,0,0,0,0,0,0,0,0
6.500873221,-8.041773000000084,-0.8063649999999903,1.841401000000015,1.9770000000001176,-0.05299999999996974,1.282999999999923,1.9769999999999999,-0.05299999999999985,1.283,4.833104526784208,-0.08289808590016712,1.1843018198862687,4.971522907570377,0.22047257516555754,-0.48513072784852995,2.05,0.62,-1.0,0.0,0.0,0.0,2.05,2.62,-1.0,0.0,0.0,0.0,2.05,4.62,-1.0,0.0,0.0,0.0,2.05,6.62,-1.0,0.0,0.0,0.0,2.05,0.62,1.0,0.0,0.0,0.0,2.05,2.62,1.0,0.0,0.0,0.0,2.05,4.62,1.0,0.0,0.0,0.0,2.05,6.62,1.0,0.0,0.0,0.0,2.39,-5.0,-1.0,0.0,0.0,0.0,2.39,-3.0,-1.0,0.0,0.0,0.0,2.39,-5.0,1.0,0.0,0.0,0.0,2.39,-3.0,1.0,0.0,0.0,0.0,-0.08,-3.95,-1.0,0.0,0.0,0.0,-0.08,-1.95,-1.0,0.0,0.0,0.0,-0.08,0.05,-1.0,0.0,0.0,0.0,-0.08,2.05,-1.0,0.0,0.0,0.0,-0.08,-3.95,1.0,0.0,0.0,0.0,-0.08,-1.95,1.0,0.0,0.0,0.0,-0.08,0.05,1.0,0.0,0.0,0.0,-0.08,2.05,1.0,0.0,0.0,0.0,-3.32,1.063999999999854,0.5553999999999271,0.0,1.8000000000000242,0.7300000000000084,6.21,-2.938400000000168,1.5076000000000267,0.0,-1.5800000000001369,1.1200000000000099,6.21,-0.9384000000001025,1.5076000000000267,0.0,-1.580000000000026,1.1200000000000099,9.9,-1.848399999999949,-0.7914000000000802,0.0,-1.0799999999999699,-0.9299999999999862,9.9,0.1516000000000745,-0.7914000000000802,0.0,-1.0799999999999979,-0.9299999999999862,0,0,0,0,0,0,0,0,0,0,0,0,0,0,0,0,0,0,0,0,0,0,0,0,0,0,0,0,0,0,0,0,0,0,0,0,0,0,0,0,0,0,0,0,0,0,0,0,0,0,0,0,0,0,0,0,0,0,0,0,0,0,0,0,0,0,0,0,0,0,0,0,0,0,0,0,0,0,0,0,0,0,0,0,0,0,0,0,0,0,0,0,0,0,0,0,0,0,0,0,0,0,0,0,0,0,0,0,0,0,0,0,0,0,0,0,0,0,0,0,0,0,0,0,0,0,0,0,0,0,0,0,0,0,0,0,0,0,0,0,0,0,0,0,0,0,0,0,0,0
6.602573635,-7.839412000000102,-0.8070039999999908,1.9650400000000108,2.0559999999996137,0.02599999999997049,1.2039999999999829,2.056,0.026000000000000148,1.204,4.915142521232802,0.4466773798220798,0.9364047812300709,4.968030845744858,0.2231360893447576,-0.5185362102684479,2.05,0.62,-1.0,0.0,0.0,0.0,2.05,2.62,-1.0,0.0,0.0,0.0,2.05,4.62,-1.0,0.0,0.0,0.0,2.05,6.62,-1.0,0.0,0.0,0.0,2.05,0.62,1.0,0.0,0.0,0.0,2.05,2.62,1.0,0.0,0.0,0.0,2.05,4.62,1.0,0.0,0.0,0.0,2.05,6.62,1.0,0.0,0.0,0.0,2.39,-5.0,-1.0,0.0,0.0,0.0,2.39,-3.0,-1.0,0.0,0.0,0.0,2.39,-5.0,1.0,0.0,0.0,0.0,2.39,-3.0,1.0,0.0,0.0,0.0,-0.08,-3.95,-1.0,0.0,0.0,0.0,-0.08,-1.95,-1.0,0.0,0.0,0.0,-0.08,0.05,-1.0,0.0,0.0,0.0,-0.08,2.05,-1.0,0.0,0.0,0.0,-0.08,-3.95,1.0,0.0,0.0,0.0,-0.08,-1.95,1.0,0.0,0.0,0.0,-0.08,0.05,1.0,0.0,0.0,0.0,-0.08,2.05,1.0,0.0,0.0,0.0,-3.32,1.2439999999998563,0.6283999999999279,0.0,1.8000000000000242,0.7300000000000084,6.21,-3.0964000000001817,1.6196000000000277,0.0,-1.5800000000001369,1.1200000000000099,6.21,-1.0964000000000982,1.6196000000000277,0.0,-1.5799999999999148,1.1200000000000099,9.9,-1.956399999999946,-0.8844000000000788,0.0,-1.0799999999999699,-0.9299999999999862,9.9,0.043600000000074746,-0.8844000000000788,0.0,-1.0799999999999979,-0.9299999999999862,0,0,0,0,0,0,0,0,0,0,0,0,0,0,0,0,0,0,0,0,0,0,0,0,0,0,0,0,0,0,0,0,0,0,0,0,0,0,0,0,0,0,0,0,0,0,0,0,0,0,0,0,0,0,0,0,0,0,0,0,0,0,0,0,0,0,0,0,0,0,0,0,0,0,0,0,0,0,0,0,0,0,0,0,0,0,0,0,0,0,0,0,0,0,0,0,0,0,0,0,0,0,0,0,0,0,0,0,0,0,0,0,0,0,0,0,0,0,0,0,0,0,0,0,0,0,0,0,0,0,0,0,0,0,0,0,0,0,0,0,0,0,0,0,0,0,0,0,0,0
6.701693318,-7.75604100000011,-0.8070949999999913,2.0120690000000083,2.143000000000228,-0.06099999999997774,1.1169999999998126,2.1430000000000002,-0.060999999999999846,1.117,4.941533507593089,-0.10312411546448574,0.7585930473145919,4.964257504966708,0.22484899985867196,-0.5528022717430389,2.05,0.62,-1.0,0.0,0.0,0.0,2.05,2.62,-1.0,0.0,0.0,0.0,2.05,4.62,-1.0,0.0,0.0,0.0,2.05,6.62,-1.0,0.0,0.0,0.0,2.05,0.62,1.0,0.0,0.0,0.0,2.05,2.62,1.0,0.0,0.0,0.0,2.05,4.62,1.0,0.0,0.0,0.0,2.05,6.62,1.0,0.0,0.0,0.0,2.39,-5.0,-1.0,0.0,0.0,0.0,2.39,-3.0,-1.0,0.0,0.0,0.0,2.39,-5.0,1.0,0.0,0.0,0.0,2.39,-3.0,1.0,0.0,0.0,0.0,-0.08,-3.95,-1.0,0.0,0.0,0.0,-0.08,-1.95,-1.0,0.0,0.0,0.0,-0.08,0.05,-1.0,0.0,0.0,0.0,-0.08,2.05,-1.0,0.0,0.0,0.0,-0.08,-3.95,1.0,0.0,0.0,0.0,-0.08,-1.95,1.0,0.0,0.0,0.0,-0.08,0.05,1.0,0.0,0.0,0.0,-0.08,2.05,1.0,0.0,0.0,0.0,-3.32,1.3159999999998573,0.6575999999999282,0.0,1.8000000000000242,0.7300000000000084,6.21,-3.159600000000187,1.664400000000028,0.0,-1.5800000000001369,1.1200000000000099,6.21,-1.1596000000000948,1.664400000000028,0.0,-1.5799999999999148,1.1200000000000099,9.9,-1.9995999999999448,-0.9216000000000782,0.0,-1.0799999999999699,-0.9299999999999862,9.9,0.00040000000007476026,-0.9216000000000782,0.0,-1.0799999999999998,-0.9299999999999862,0,0,0,0,0,0,0,0,0,0,0,0,0,0,0,0,0,0,0,0,0,0,0,0,0,0,0,0,0,0,0,0,0,0,0,0,0,0,0,0,0,0,0,0,0,0,0,0,0,0,0,0,0,0,0,0,0,0,0,0,0,0,0,0,0,0,0,0,0,0,0,0,0,0,0,0,0,0,0,0,0,0,0,0,0,0,0,0,0,0,0,0,0,0,0,0,0,0,0,0,0,0,0,0,0,0,0,0,0,0,0,0,0,0,0,0,0,0,0,0,0,0,0,0,0,0,0,0,0,0,0,0,0,0,0,0,0,0,0,0,0,0,0,0,0,0,0,0,0,0
6.802808675,-7.712965000000107,-0.8085309999999911,2.0341930000000064,2.16460000000005,-0.08259999999999934,1.0953999999999908,2.1670000000000003,-0.08499999999999985,1.093,4.995917486838303,-0.13722035057111048,0.7403414215919146,4.962877849631627,0.2258707776531631,-0.5646466518435306,2.05,0.62,-1.0,0.0,0.0,0.0,2.05,2.62,-1.0,0.0,0.0,0.0,2.05,4.62,-1.0,0.0,0.0,0.0,2.05,6.62,-1.0,0.0,0.0,0.0,2.05,0.62,1.0,0.0,0.0,0.0,2.05,2.62,1.0,0.0,0.0,0.0,2.05,4.62,1.0,0.0,0.0,0.0,2.05,6.62,1.0,0.0,0.0,0.0,2.39,-5.0,-1.0,0.0,0.0,0.0,2.39,-3.0,-1.0,0.0,0.0,0.0,2.39,-5.0,1.0,0.0,0.0,0.0,2.39,-3.0,1.0,0.0,0.0,0.0,-0.08,-3.95,-1.0,0.0,0.0,0.0,-0.08,-1.95,-1.0,0.0,0.0,0.0,-0.08,0.05,-1.0,0.0,0.0,0.0,-0.08,2.05,-1.0,0.0,0.0,0.0,-0.08,-3.95,1.0,0.0,0.0,0.0,-0.08,-1.95,1.0,0.0,0.0,0.0,-0.08,0.05,1.0,0.0,0.0,0.0,-0.08,2.05,1.0,0.0,0.0,0.0,-3.32,1.3519999999998578,0.6721999999999284,0.0,1.8000000000000242,0.7300000000000084,6.21,-3.19120000000019,1.6868000000000283,0.0,-1.5800000000001369,1.1200000000000099,6.21,-1.191200000000093,1.6868000000000283,0.0,-1.5799999999999148,1.1200000000000099,9.9,-2.0211999999999444,-0.940200000000078,0.0,-1.0799999999999699,-0.9299999999999862,9.9,-0.021199999999925244,-0.940200000000078,0.0,-1.0800000000000005,-0.9299999999999862,0,0,0,0,0,0,0,0,0,0,0,0,0,0,0,0,0,0,0,0,0,0,0,0,0,0,0,0,0,0,0,0,0,0,0,0,0,0,0,0,0,0,0,0,0,0,0,0,0,0,0,0,0,0,0,0,0,0,0,0,0,0,0,0,0,0,0,0,0,0,0,0,0,0,0,0,0,0,0,0,0,0,0,0,0,0,0,0,0,0,0,0,0,0,0,0,0,0,0,0,0,0,0,0,0,0,0,0,0,0,0,0,0,0,0,0,0,0,0,0,0,0,0,0,0,0,0,0,0,0,0,0,0,0,0,0,0,0,0,0,0,0,0,0,0,0,0,0,0,0
6.902147985,-7.5818700000001105,-0.8133385503168349,2.098698000000012,2.209999999999823,-0.07330201267374825,1.0500000000002174,2.2100000000000004,-0.07330201267373937,1.05,4.878010969708205,-0.07330201267373937,0.7797589834360004,4.961301387085284,0.22754885460134278,-0.5776764364895445,2.05,0.62,-1.0,0.0,0.0,0.0,2.05,2.62,-1.0,0.0,0.0,0.0,2.05,4.62,-1.0,0.0,0.0,0.0,2.05,6.62,-1.0,0.0,0.0,0.0,2.05,0.62,1.0,0.0,0.0,0.0,2.05,2.62,1.0,0.0,0.0,0.0,2.05,4.62,1.0,0.0,0.0,0.0,2.05,6.62,1.0,0.0,0.0,0.0,2.39,-5.0,-1.0,0.0,0.0,0.0,2.39,-3.0,-1.0,0.0,0.0,0.0,2.39,-5.0,1.0,0.0,0.0,0.0,2.39,-3.0,1.0,0.0,0.0,0.0,-0.08,-3.95,-1.0,0.0,0.0,0.0,-0.08,-1.95,-1.0,0.0,0.0,0.0,-0.08,0.05,-1.0,0.0,0.0,0.0,-0.08,2.05,-1.0,0.0,0.0,0.0,-0.08,-3.95,1.0,0.0,0.0,0.0,-0.08,-1.95,1.0,0.0,0.0,0.0,-0.08,0.05,1.0,0.0,0.0,0.0,-0.08,2.05,1.0,0.0,0.0,0.0,-3.32,1.4599999999998592,0.7159999999999289,0.0,1.8000000000000242,0.7300000000000084,6.21,-3.286000000000198,1.7540000000000289,0.0,-1.5800000000001369,1.1200000000000099,6.21,-1.286000000000088,1.7540000000000289,0.0,-1.5799999999999148,1.1200000000000099,9.9,-2.0859999999999426,-0.9960000000000772,0.0,-1.0799999999999699,-0.9299999999999862,9.9,-0.08599999999992514,-0.9960000000000772,0.0,-1.0799999999999979,-0.9299999999999862,0,0,0,0,0,0,0,0,0,0,0,0,0,0,0,0,0,0,0,0,0,0,0,0,0,0,0,0,0,0,0,0,0,0,0,0,0,0,0,0,0,0,0,0,0,0,0,0,0,0,0,0,0,0,0,0,0,0,0,0,0,0,0,0,0,0,0,0,0,0,0,0,0,0,0,0,0,0,0,0,0,0,0,0,0,0,0,0,0,0,0,0,0,0,0,0,0,0,0,0,0,0,0,0,0,0,0,0,0,0,0,0,0,0,0,0,0,0,0,0,0,0,0,0,0,0,0,0,0,0,0,0,0,0,0,0,0,0,0,0,0,0,0,0,0,0,0,0,0,0
7.004575806,-7.402405000000116,-0.8178028355857414,2.180033000000021,2.275000000000027,-0.03915870182025216,0.9850000000000136,2.2750000000000004,-0.03915870182024772,0.9850000000000001,4.915900407429746,-0.03915870182024772,0.860311626286508,4.958509419631033,0.23047225945098268,-0.6000557249571693,2.05,0.62,-1.0,0.0,0.0,0.0,2.05,2.62,-1.0,0.0,0.0,0.0,2.05,4.62,-1.0,0.0,0.0,0.0,2.05,6.62,-1.0,0.0,0.0,0.0,2.05,0.62,1.0,0.0,0.0,0.0,2.05,2.62,1.0,0.0,0.0,0.0,2.05,4.62,1.0,0.0,0.0,0.0,2.05,6.62,1.0,0.0,0.0,0.0,2.39,-5.0,-1.0,0.0,0.0,0.0,2.39,-3.0,-1.0,0.0,0.0,0.0,2.39,-5.0,1.0,0.0,0.0,0.0,2.39,-3.0,1.0,0.0,0.0,0.0,-0.08,-3.95,-1.0,0.0,0.0,0.0,-0.08,-1.95,-1.0,0.0,0.0,0.0,-0.08,0.05,-1.0,0.0,0.0,0.0,-0.08,2.05,-1.0,0.0,0.0,0.0,-0.08,-3.95,1.0,0.0,0.0,0.0,-0.08,-1.95,1.0,0.0,0.0,0.0,-0.08,0.05,1.0,0.0,0.0,0.0,-0.08,2.05,1.0,0.0,0.0,0.0,-3.32,1.603999999999861,0.7743999999999296,0.0,1.8000000000000242,0.7300000000000084,6.21,-3.412400000000209,1.8436000000000297,0.0,-1.5800000000001369,1.1200000000000099,6.21,-1.4124000000000811,1.8436000000000297,0.0,-1.5799999999999148,1.1200000000000099,9.9,-2.17239999999994,-1.0704000000000844,0.0,-1.0799999999999699,-0.9300000000000974,9.9,-0.17239999999992495,-1.0704000000000844,0.0,-1.0799999999999979,-0.9300000000000974,0,0,0,0,0,0,0,0,0,0,0,0,0,0,0,0,0,0,0,0,0,0,0,0,0,0,0,0,0,0,0,0,0,0,0,0,0,0,0,0,0,0,0,0,0,0,0,0,0,0,0,0,0,0,0,0,0,0,0,0,0,0,0,0,0,0,0,0,0,0,0,0,0,0,0,0,0,0,0,0,0,0,0,0,0,0,0,0,0,0,0,0,0,0,0,0,0,0,0,0,0,0,0,0,0,0,0,0,0,0,0,0,0,0,0,0,0,0,0,0,0,0,0,0,0,0,0,0,0,0,0,0,0,0,0,0,0,0,0,0,0,0,0,0,0,0,0,0,0,0
7.101866466,-7.310521000000119,-0.818485183658552,2.2185490000000194,2.342999999999762,0.028841298179704822,0.9169999999998346,2.3430000000000004,0.028841298179752284,0.917,4.83433445508297,0.8873092361575443,0.7411482094996193,4.955090731660264,0.23352474041459834,-0.6265317522910145,2.05,0.62,-1.0,0.0,0.0,0.0,2.05,2.62,-1.0,0.0,0.0,0.0,2.05,4.62,-1.0,0.0,0.0,0.0,2.05,6.62,-1.0,0.0,0.0,0.0,2.05,0.62,1.0,0.0,0.0,0.0,2.05,2.62,1.0,0.0,0.0,0.0,2.05,4.62,1.0,0.0,0.0,0.0,2.05,6.62,1.0,0.0,0.0,0.0,2.39,-5.0,-1.0,0.0,0.0,0.0,2.39,-3.0,-1.0,0.0,0.0,0.0,2.39,-5.0,1.0,0.0,0.0,0.0,2.39,-3.0,1.0,0.0,0.0,0.0,-0.08,-3.95,-1.0,0.0,0.0,0.0,-0.08,-1.95,-1.0,0.0,0.0,0.0,-0.08,0.05,-1.0,0.0,0.0,0.0,-0.08,2.05,-1.0,0.0,0.0,0.0,-0.08,-3.95,1.0,0.0,0.0,0.0,-0.08,-1.95,1.0,0.0,0.0,0.0,-0.08,0.05,1.0,0.0,0.0,0.0,-0.08,2.05,1.0,0.0,0.0,0.0,-3.32,1.675999999999862,0.8035999999999299,0.0,1.8000000000000242,0.7300000000000084,6.21,-3.4756000000002145,1.88840000000003,0.0,-1.5800000000001369,1.1200000000000099,6.21,-1.4756000000000777,1.88840000000003,0.0,-1.5799999999999148,1.1200000000000099,9.9,-2.215599999999939,-1.1076000000000883,0.0,-1.0799999999999699,-0.9300000000000974,9.9,-0.21559999999992485,-1.1076000000000883,0.0,-1.0799999999999979,-0.9300000000000974,0,0,0,0,0,0,0,0,0,0,0,0,0,0,0,0,0,0,0,0,0,0,0,0,0,0,0,0,0,0,0,0,0,0,0,0,0,0,0,0,0,0,0,0,0,0,0,0,0,0,0,0,0,0,0,0,0,0,0,0,0,0,0,0,0,0,0,0,0,0,0,0,0,0,0,0,0,0,0,0,0,0,0,0,0,0,0,0,0,0,0,0,0,0,0,0,0,0,0,0,0,0,0,0,0,0,0,0,0,0,0,0,0,0,0,0,0,0,0,0,0,0,0,0,0,0,0,0,0,0,0,0,0,0,0,0,0,0,0,0,0,0,0,0,0,0,0,0,0,0
7.200879634,-7.120931000000143,-0.8183278798041754,2.289759000000011,2.3929999999996454,-0.02115870182028967,0.8669999999999511,2.3930000000000002,-0.02115870182024772,0.867,4.87114076217094,-0.07830925921099485,0.6655286330057728,4.952811200792456,0.23480668192711585,-0.643837736877209,2.05,0.62,-1.0,0.0,0.0,0.0,2.05,2.62,-1.0,0.0,0.0,0.0,2.05,4.62,-1.0,0.0,0.0,0.0,2.05,6.62,-1.0,0.0,0.0,0.0,2.05,0.62,1.0,0.0,0.0,0.0,2.05,2.62,1.0,0.0,0.0,0.0,2.05,4.62,1.0,0.0,0.0,0.0,2.05,6.62,1.0,0.0,0.0,0.0,2.39,-5.0,-1.0,0.0,0.0,0.0,2.39,-3.0,-1.0,0.0,0.0,0.0,2.39,-5.0,1.0,0.0,0.0,0.0,2.39,-3.0,1.0,0.0,0.0,0.0,-0.08,-3.95,-1.0,0.0,0.0,0.0,-0.08,-1.95,-1.0,0.0,0.0,0.0,-0.08,0.05,-1.0,0.0,0.0,0.0,-0.08,2.05,-1.0,0.0,0.0,0.0,-0.08,-3.95,1.0,0.0,0.0,0.0,-0.08,-1.95,1.0,0.0,0.0,0.0,-0.08,0.05,1.0,0.0,0.0,0.0,-0.08,2.05,1.0,0.0,0.0,0.0,-3.32,1.819999999999864,0.8619999999999306,0.0,1.8000000000000242,0.7300000000000084,6.21,-3.6020000000002255,1.9780000000000308,0.0,-1.5800000000001369,1.1200000000000099,6.21,-1.602000000000071,1.9780000000000308,0.0,-1.5799999999999148,1.1200000000000099,9.9,-2.3019999999999365,-1.182000000000096,0.0,-1.0799999999999699,-0.9300000000000974,9.9,-0.301999999999926,-1.182000000000096,0.0,-1.0800000000000252,-0.9300000000000974,0,0,0,0,0,0,0,0,0,0,0,0,0,0,0,0,0,0,0,0,0,0,0,0,0,0,0,0,0,0,0,0,0,0,0,0,0,0,0,0,0,0,0,0,0,0,0,0,0,0,0,0,0,0,0,0,0,0,0,0,0,0,0,0,0,0,0,0,0,0,0,0,0,0,0,0,0,0,0,0,0,0,0,0,0,0,0,0,0,0,0,0,0,0,0,0,0,0,0,0,0,0,0,0,0,0,0,0,0,0,0,0,0,0,0,0,0,0,0,0,0,0,0,0,0,0,0,0,0,0,0,0,0,0,0,0,0,0,0,0,0,0,0,0,0,0,0,0,0,0
7.301007145,-6.925949000000166,-0.8235625759497983,2.3555770000000025,2.46999999999975,-0.09815870182028341,0.7899999999998464,2.47,-0.09815870182024772,0.79,4.976014293030284,-0.10547067508001184,0.5232477052729299,4.9493790006650356,0.23735092958091172,-0.6688139083504809,2.05,0.62,-1.0,0.0,0.0,0.0,2.05,2.62,-1.0,0.0,0.0,0.0,2.05,4.62,-1.0,0.0,0.0,0.0,2.05,6.62,-1.0,0.0,0.0,0.0,2.05,0.62,1.0,0.0,0.0,0.0,2.05,2.62,1.0,0.0,0.0,0.0,2.05,4.62,1.0,0.0,0.0,0.0,2.05,6.62,1.0,0.0,0.0,0.0,2.39,-5.0,-1.0,0.0,0.0,0.0,2.39,-3.0,-1.0,0.0,0.0,0.0,2.39,-5.0,1.0,0.0,0.0,0.0,2.39,-3.0,1.0,0.0,0.0,0.0,-0.08,-3.95,-1.0,0.0,0.0,0.0,-0.08,-1.95,-1.0,0.0,0.0,0.0,-0.08,0.05,-1.0,0.0,0.0,0.0,-0.08,2.05,-1.0,0.0,0.0,0.0,-0.08,-3.95,1.0,0.0,0.0,0.0,-0.08,-1.95,1.0,0.0,0.0,0.0,-0.08,0.05,1.0,0.0,0.0,0.0,-0.08,2.05,1.0,0.0,0.0,0.0,-3.32,1.9639999999998659,0.9203999999999313,0.0,1.8000000000000242,0.7300000000000084,6.21,-3.7284000000002364,2.0676000000000183,0.0,-1.5800000000001369,1.1199999999997878,6.21,-1.728400000000064,2.0676000000000183,0.0,-1.5799999999999148,1.1199999999997878,9.9,-2.388399999999934,-1.2564000000001039,0.0,-1.0799999999999699,-0.9300000000000974,9.9,-0.388399999999928,-1.2564000000001039,0.0,-1.0800000000000252,-0.9300000000000974,0,0,0,0,0,0,0,0,0,0,0,0,0,0,0,0,0,0,0,0,0,0,0,0,0,0,0,0,0,0,0,0,0,0,0,0,0,0,0,0,0,0,0,0,0,0,0,0,0,0,0,0,0,0,0,0,0,0,0,0,0,0,0,0,0,0,0,0,0,0,0,0,0,0,0,0,0,0,0,0,0,0,0,0,0,0,0,0,0,0,0,0,0,0,0,0,0,0,0,0,0,0,0,0,0,0,0,0,0,0,0,0,0,0,0,0,0,0,0,0,0,0,0,0,0,0,0,0,0,0,0,0,0,0,0,0,0,0,0,0,0,0,0,0,0,0,0,0,0,0
7.404079516,-6.775616000000171,-0.8304298873033292,2.400843999999995,2.5490000000001345,-0.13437311827635412,0.7109999999999062,2.5490000000000004,-0.13437311827639054,0.7110000000000001,4.9198243698278965,-0.13437311827639054,0.5554759061921666,4.9455604937484985,0.24191483316309684,-0.6949162655815304,2.05,0.62,-1.0,0.0,0.0,0.0,2.05,2.62,-1.0,0.0,0.0,0.0,2.05,4.62,-1.0,0.0,0.0,0.0,2.05,6.62,-1.0,0.0,0.0,0.0,2.05,0.62,1.0,0.0,0.0,0.0,2.05,2.62,1.0,0.0,0.0,0.0,2.05,4.62,1.0,0.0,0.0,0.0,2.05,6.62,1.0,0.0,0.0,0.0,2.39,-5.0,-1.0,0.0,0.0,0.0,2.39,-3.0,-1.0,0.0,0.0,0.0,2.39,-5.0,1.0,0.0,0.0,0.0,2.39,-3.0,1.0,0.0,0.0,0.0,-0.08,-3.95,-1.0,0.0,0.0,0.0,-0.08,-1.95,-1.0,0.0,0.0,0.0,-0.08,0.05,-1.0,0.0,0.0,0.0,-0.08,2.05,-1.0,0.0,0.0,0.0,-0.08,-3.95,1.0,0.0,0.0,0.0,-0.08,-1.95,1.0,0.0,0.0,0.0,-0.08,0.05,1.0,0.0,0.0,0.0,-0.08,2.05,1.0,0.0,0.0,0.0,-3.32,2.0719999999998584,0.9641999999999318,0.0,1.7999999999998018,0.7300000000000084,6.21,-3.8548000000002474,2.1572000000000013,0.0,-1.5800000000001369,1.1199999999997878,6.21,-1.8548000000000573,2.1572000000000013,0.0,-1.5799999999999148,1.1199999999997878,9.9,-2.4531999999999323,-1.3122000000001097,0.0,-1.0799999999999699,-0.9300000000000974,9.9,-0.47479999999993006,-1.3308000000001117,0.0,-1.0800000000000252,-0.9300000000000974,0,0,0,0,0,0,0,0,0,0,0,0,0,0,0,0,0,0,0,0,0,0,0,0,0,0,0,0,0,0,0,0,0,0,0,0,0,0,0,0,0,0,0,0,0,0,0,0,0,0,0,0,0,0,0,0,0,0,0,0,0,0,0,0,0,0,0,0,0,0,0,0,0,0,0,0,0,0,0,0,0,0,0,0,0,0,0,0,0,0,0,0,0,0,0,0,0,0,0,0,0,0,0,0,0,0,0,0,0,0,0,0,0,0,0,0,0,0,0,0,0,0,0,0,0,0,0,0,0,0,0,0,0,0,0,0,0,0,0,0,0,0,0,0,0,0,0,0,0,0
7.501635332,-6.5692540000001705,-0.8436217367654382,2.4552819999999977,2.62299999999982,-0.20837311827637262,0.6370000000002207,2.623,-0.20837311827639055,0.6370000000000001,4.9715948602221784,-0.28061906942962267,0.6117200579844404,4.942375109167911,0.24666220765305513,-0.7156018694729599,2.05,0.62,-1.0,0.0,0.0,0.0,2.05,2.62,-1.0,0.0,0.0,0.0,2.05,4.62,-1.0,0.0,0.0,0.0,2.05,6.62,-1.0,0.0,0.0,0.0,2.05,0.62,1.0,0.0,0.0,0.0,2.05,2.62,1.0,0.0,0.0,0.0,2.05,4.62,1.0,0.0,0.0,0.0,2.05,6.62,1.0,0.0,0.0,0.0,2.39,-5.0,-1.0,0.0,0.0,0.0,2.39,-3.0,-1.0,0.0,0.0,0.0,2.39,-5.0,1.0,0.0,0.0,0.0,2.39,-3.0,1.0,0.0,0.0,0.0,-0.08,-3.95,-1.0,0.0,0.0,0.0,-0.08,-1.95,-1.0,0.0,0.0,0.0,-0.08,0.05,-1.0,0.0,0.0,0.0,-0.08,2.05,-1.0,0.0,0.0,0.0,-0.08,-3.95,1.0,0.0,0.0,0.0,-0.08,-1.95,1.0,0.0,0.0,0.0,-0.08,0.05,1.0,0.0,0.0,0.0,-0.08,2.05,1.0,0.0,0.0,0.0,-3.32,2.2159999999998425,1.0225999999999291,0.0,1.7999999999998018,0.7299999999998974,6.21,-3.9496000000002556,2.2243999999999886,0.0,-1.5800000000001369,1.1199999999997878,6.21,-1.9496000000000522,2.2243999999999886,0.0,-1.5799999999999148,1.1199999999997878,9.9,-2.53959999999993,-1.3866000000001175,0.0,-1.0799999999999699,-0.9300000000000974,9.9,-0.5395999999999296,-1.3866000000001175,0.0,-1.0799999999999699,-0.9300000000000974,0,0,0,0,0,0,0,0,0,0,0,0,0,0,0,0,0,0,0,0,0,0,0,0,0,0,0,0,0,0,0,0,0,0,0,0,0,0,0,0,0,0,0,0,0,0,0,0,0,0,0,0,0,0,0,0,0,0,0,0,0,0,0,0,0,0,0,0,0,0,0,0,0,0,0,0,0,0,0,0,0,0,0,0,0,0,0,0,0,0,0,0,0,0,0,0,0,0,0,0,0,0,0,0,0,0,0,0,0,0,0,0,0,0,0,0,0,0,0,0,0,0,0,0,0,0,0,0,0,0,0,0,0,0,0,0,0,0,0,0,0,0,0,0,0,0,0,0,0,0
7.601536409,-6.356327000000189,-0.8624155680236859,2.5031549999999974,2.685999999999744,-0.25171968554449364,0.5739999999998524,2.6860000000000004,-0.2517196855444799,0.5740000000000001,4.9652049901144295,-0.2517196855444799,0.5716906677632054,4.938838261051375,0.2533001670323904,-0.7373707727842226,2.05,0.62,-1.0,0.0,0.0,0.0,2.05,2.62,-1.0,0.0,0.0,0.0,2.05,4.62,-1.0,0.0,0.0,0.0,2.05,6.62,-1.0,0.0,0.0,0.0,2.05,0.62,1.0,0.0,0.0,0.0,2.05,2.62,1.0,0.0,0.0,0.0,2.05,4.62,1.0,0.0,0.0,0.0,2.05,6.62,1.0,0.0,0.0,0.0,2.39,-5.0,-1.0,0.0,0.0,0.0,2.39,-3.0,-1.0,0.0,0.0,0.0,2.39,-5.0,1.0,0.0,0.0,0.0,2.39,-3.0,1.0,0.0,0.0,0.0,-0.08,-3.95,-1.0,0.0,0.0,0.0,-0.08,-1.95,-1.0,0.0,0.0,0.0,-0.08,0.05,-1.0,0.0,0.0,0.0,-0.08,2.05,-1.0,0.0,0.0,0.0,-0.08,-3.95,1.0,0.0,0.0,0.0,-0.08,-1.95,1.0,0.0,0.0,0.0,-0.08,0.05,1.0,0.0,0.0,0.0,-0.08,2.05,1.0,0.0,0.0,0.0,-3.32,2.3599999999998267,1.080999999999921,0.0,1.7999999999998018,0.7299999999998974,6.21,-4.076000000000245,2.3139999999999716,0.0,-1.5799999999996928,1.1199999999997878,6.21,-2.076000000000056,2.3139999999999716,0.0,-1.5800000000001369,1.1199999999997878,9.9,-2.6259999999999275,-1.4610000000001253,0.0,-1.0799999999999699,-0.9300000000000974,9.9,-0.6259999999999272,-1.4610000000001253,0.0,-1.0799999999999699,-0.9300000000000974,0,0,0,0,0,0,0,0,0,0,0,0,0,0,0,0,0,0,0,0,0,0,0,0,0,0,0,0,0,0,0,0,0,0,0,0,0,0,0,0,0,0,0,0,0,0,0,0,0,0,0,0,0,0,0,0,0,0,0,0,0,0,0,0,0,0,0,0,0,0,0,0,0,0,0,0,0,0,0,0,0,0,0,0,0,0,0,0,0,0,0,0,0,0,0,0,0,0,0,0,0,0,0,0,0,0,0,0,0,0,0,0,0,0,0,0,0,0,0,0,0,0,0,0,0,0,0,0,0,0,0,0,0,0,0,0,0,0,0,0,0,0,0,0,0,0,0,0,0,0
7.700949137,-6.137798000000209,-0.8789041428672452,2.551442573001228,2.77499999999975,-0.1627196855444879,0.6317456829569856,2.7750000000000004,-0.16271968554447988,0.631745682956991,4.950233413469917,0.44815963504172496,0.631745682956991,4.934433413993774,0.26326738646044684,-0.7629267108235455,2.05,0.62,-1.0,0.0,0.0,0.0,2.05,2.62,-1.0,0.0,0.0,0.0,2.05,4.62,-1.0,0.0,0.0,0.0,2.05,6.62,-1.0,0.0,0.0,0.0,2.05,0.62,1.0,0.0,0.0,0.0,2.05,2.62,1.0,0.0,0.0,0.0,2.05,4.62,1.0,0.0,0.0,0.0,2.05,6.62,1.0,0.0,0.0,0.0,2.39,-5.0,-1.0,0.0,0.0,0.0,2.39,-3.0,-1.0,0.0,0.0,0.0,2.39,-5.0,1.0,0.0,0.0,0.0,2.39,-3.0,1.0,0.0,0.0,0.0,-0.08,-3.95,-1.0,0.0,0.0,0.0,-0.08,-1.95,-1.0,0.0,0.0,0.0,-0.08,0.05,-1.0,0.0,0.0,0.0,-0.08,2.05,-1.0,0.0,0.0,0.0,-0.08,-3.95,1.0,0.0,0.0,0.0,-0.08,-1.95,1.0,0.0,0.0,0.0,-0.08,0.05,1.0,0.0,0.0,0.0,-0.08,2.05,1.0,0.0,0.0,0.0,-3.32,2.503999999999811,1.1393999999999127,0.0,1.7999999999998018,0.7299999999998974,6.21,-4.20240000000022,2.4035999999999547,0.0,-1.5799999999996928,1.1199999999997878,6.21,-2.202400000000067,2.4035999999999547,0.0,-1.5800000000001369,1.1199999999997878,9.9,-2.712399999999925,-1.535400000000133,0.0,-1.0799999999999699,-0.9300000000000974,9.9,-0.7123999999999248,-1.535400000000133,0.0,-1.0799999999999699,-0.9300000000000974,0,0,0,0,0,0,0,0,0,0,0,0,0,0,0,0,0,0,0,0,0,0,0,0,0,0,0,0,0,0,0,0,0,0,0,0,0,0,0,0,0,0,0,0,0,0,0,0,0,0,0,0,0,0,0,0,0,0,0,0,0,0,0,0,0,0,0,0,0,0,0,0,0,0,0,0,0,0,0,0,0,0,0,0,0,0,0,0,0,0,0,0,0,0,0,0,0,0,0,0,0,0,0,0,0,0,0,0,0,0,0,0,0,0,0,0,0,0,0,0,0,0,0,0,0,0,0,0,0,0,0,0,0,0,0,0,0,0,0,0,0,0,0,0,0,0,0,0,0,0
7.802343544,-5.969450000000221,-0.8868193239999146,2.5874993139786446,2.8519999999998547,-0.08571968554449416,0.5547456829568809,2.8520000000000003,-0.08571968554447988,0.554745682956991,4.994129852462101,-0.05851446764482038,0.27356645048985095,4.930354235918284,0.27053567335638334,-0.7863952936050879,2.05,0.62,-1.0,0.0,0.0,0.0,2.05,2.62,-1.0,0.0,0.0,0.0,2.05,4.62,-1.0,0.0,0.0,0.0,2.05,6.62,-1.0,0.0,0.0,0.0,2.05,0.62,1.0,0.0,0.0,0.0,2.05,2.62,1.0,0.0,0.0,0.0,2.05,4.62,1.0,0.0,0.0,0.0,2.05,6.62,1.0,0.0,0.0,0.0,2.39,-5.0,-1.0,0.0,0.0,0.0,2.39,-3.0,-1.0,0.0,0.0,0.0,2.39,-5.0,1.0,0.0,0.0,0.0,2.39,-3.0,1.0,0.0,0.0,0.0,-0.08,-3.95,-1.0,0.0,0.0,0.0,-0.08,-1.95,-1.0,0.0,0.0,0.0,-0.08,0.05,-1.0,0.0,0.0,0.0,-0.08,2.05,-1.0,0.0,0.0,0.0,-0.08,-3.95,1.0,0.0,0.0,0.0,-0.08,-1.95,1.0,0.0,0.0,0.0,-0.08,0.05,1.0,0.0,0.0,0.0,-0.08,2.05,1.0,0.0,0.0,0.0,-3.32,2.611999999999799,1.1831999999999065,0.0,1.7999999999998018,0.7299999999998974,6.21,-4.297200000000202,2.470799999999942,0.0,-1.5799999999996928,1.1199999999997878,6.21,-2.297200000000075,2.470799999999942,0.0,-1.5800000000001369,1.1199999999997878,9.9,-2.7771999999999233,-1.591200000000139,0.0,-1.0799999999999699,-0.9300000000000974,9.9,-0.777199999999923,-1.591200000000139,0.0,-1.0799999999999699,-0.9300000000000974,0,0,0,0,0,0,0,0,0,0,0,0,0,0,0,0,0,0,0,0,0,0,0,0,0,0,0,0,0,0,0,0,0,0,0,0,0,0,0,0,0,0,0,0,0,0,0,0,0,0,0,0,0,0,0,0,0,0,0,0,0,0,0,0,0,0,0,0,0,0,0,0,0,0,0,0,0,0,0,0,0,0,0,0,0,0,0,0,0,0,0,0,0,0,0,0,0,0,0,0,0,0,0,0,0,0,0,0,0,0,0,0,0,0,0,0,0,0,0,0,0,0,0,0,0,0,0,0,0,0,0,0,0,0,0,0,0,0,0,0,0,0,0,0,0,0,0,0,0,0
7.902998626,-5.796544000000217,-0.893748505132585,2.618998054956061,2.899000000000207,-0.1327196855445134,0.5077456829569726,2.8990000000000005,-0.13271968554447988,0.507745682956991,4.9541673689660835,-0.32895736563939826,-0.10798210916084283,4.927413901447233,0.2747811479730894,-0.803173433663711,2.05,0.62,-1.0,0.0,0.0,0.0,2.05,2.62,-1.0,0.0,0.0,0.0,2.05,4.62,-1.0,0.0,0.0,0.0,2.05,6.62,-1.0,0.0,0.0,0.0,2.05,0.62,1.0,0.0,0.0,0.0,2.05,2.62,1.0,0.0,0.0,0.0,2.05,4.62,1.0,0.0,0.0,0.0,2.05,6.62,1.0,0.0,0.0,0.0,2.39,-5.0,-1.0,0.0,0.0,0.0,2.39,-3.0,-1.0,0.0,0.0,0.0,2.39,-5.0,1.0,0.0,0.0,0.0,2.39,-3.0,1.0,0.0,0.0,0.0,-0.08,-3.95,-1.0,0.0,0.0,0.0,-0.08,-1.95,-1.0,0.0,0.0,0.0,-0.08,0.05,-1.0,0.0,0.0,0.0,-0.08,2.05,-1.0,0.0,0.0,0.0,-0.08,-3.95,1.0,0.0,0.0,0.0,-0.08,-1.95,1.0,0.0,0.0,0.0,-0.08,0.05,1.0,0.0,0.0,0.0,-0.08,2.05,1.0,0.0,0.0,0.0,-3.32,2.719999999999787,1.2269999999999004,0.0,1.7999999999998018,0.7299999999998974,6.21,-4.423600000000177,2.560399999999925,0.0,-1.5799999999996928,1.1199999999997878,6.21,-2.3920000000000834,2.537999999999929,0.0,-1.5800000000001369,1.1199999999997878,9.9,-2.863599999999921,-1.6656000000001467,0.0,-1.0799999999999699,-0.9300000000000974,9.9,-0.8419999999999211,-1.6470000000001448,0.0,-1.0799999999999699,-0.9300000000000974,0,0,0,0,0,0,0,0,0,0,0,0,0,0,0,0,0,0,0,0,0,0,0,0,0,0,0,0,0,0,0,0,0,0,0,0,0,0,0,0,0,0,0,0,0,0,0,0,0,0,0,0,0,0,0,0,0,0,0,0,0,0,0,0,0,0,0,0,0,0,0,0,0,0,0,0,0,0,0,0,0,0,0,0,0,0,0,0,0,0,0,0,0,0,0,0,0,0,0,0,0,0,0,0,0,0,0,0,0,0,0,0,0,0,0,0,0,0,0,0,0,0,0,0,0,0,0,0,0,0,0,0,0,0,0,0,0,0,0,0,0,0,0,0,0,0,0,0,0,0
8.001889046,-5.561582000000225,-0.9013240799761452,2.6565757095926266,2.9769999999995633,-0.054719685544490915,0.4297456829571722,2.9770000000000003,-0.05471968554447988,0.42974568295699095,4.970873955741894,0.009640114032918312,0.2309607803549265,4.923341624506489,0.2813463909159236,-0.8255612979787676,2.05,0.62,-1.0,0.0,0.0,0.0,2.05,2.62,-1.0,0.0,0.0,0.0,2.05,4.62,-1.0,0.0,0.0,0.0,2.05,6.62,-1.0,0.0,0.0,0.0,2.05,0.62,1.0,0.0,0.0,0.0,2.05,2.62,1.0,0.0,0.0,0.0,2.05,4.62,1.0,0.0,0.0,0.0,2.05,6.62,1.0,0.0,0.0,0.0,2.39,-5.0,-1.0,0.0,0.0,0.0,2.39,-3.0,-1.0,0.0,0.0,0.0,2.39,-5.0,1.0,0.0,0.0,0.0,2.39,-3.0,1.0,0.0,0.0,0.0,-0.08,-3.95,-1.0,0.0,0.0,0.0,-0.08,-1.95,-1.0,0.0,0.0,0.0,-0.08,0.05,-1.0,0.0,0.0,0.0,-0.08,2.05,-1.0,0.0,0.0,0.0,-0.08,-3.95,1.0,0.0,0.0,0.0,-0.08,-1.95,1.0,0.0,0.0,0.0,-0.08,0.05,1.0,0.0,0.0,0.0,-0.08,2.05,1.0,0.0,0.0,0.0,-3.32,2.863999999999771,1.2853999999998922,0.0,1.7999999999998018,0.7299999999998974,6.21,-4.518400000000159,2.6275999999999122,0.0,-1.5799999999996928,1.1199999999997878,6.21,-2.5184000000000943,2.6275999999999122,0.0,-1.5800000000001369,1.1199999999997878,9.9,-2.928399999999919,-1.7214000000001526,0.0,-1.0799999999999699,-0.9300000000000974,9.9,-0.9283999999999187,-1.7214000000001526,0.0,-1.0799999999999699,-0.9300000000000974,0,0,0,0,0,0,0,0,0,0,0,0,0,0,0,0,0,0,0,0,0,0,0,0,0,0,0,0,0,0,0,0,0,0,0,0,0,0,0,0,0,0,0,0,0,0,0,0,0,0,0,0,0,0,0,0,0,0,0,0,0,0,0,0,0,0,0,0,0,0,0,0,0,0,0,0,0,0,0,0,0,0,0,0,0,0,0,0,0,0,0,0,0,0,0,0,0,0,0,0,0,0,0,0,0,0,0,0,0,0,0,0,0,0,0,0,0,0,0,0,0,0,0,0,0,0,0,0,0,0,0,0,0,0,0,0,0,0,0,0,0,0,0,0,0,0,0,0,0,0
8.102254743,-5.441214000000226,-0.9022248673979235,2.6750535369109096,3.0330000000002855,0.0012803144555650903,0.48574568295700615,3.0330000000000004,0.0012803144555201193,0.48574568295699094,4.9662938054752495,0.2465180179092017,0.4998703804604596,4.919985449745818,0.2858680147133264,-0.8438143471482933,2.05,0.62,-1.0,0.0,0.0,0.0,2.05,2.62,-1.0,0.0,0.0,0.0,2.05,4.62,-1.0,0.0,0.0,0.0,2.05,6.62,-1.0,0.0,0.0,0.0,2.05,0.62,1.0,0.0,0.0,0.0,2.05,2.62,1.0,0.0,0.0,0.0,2.05,4.62,1.0,0.0,0.0,0.0,2.05,6.62,1.0,0.0,0.0,0.0,2.39,-5.0,-1.0,0.0,0.0,0.0,2.39,-3.0,-1.0,0.0,0.0,0.0,2.39,-5.0,1.0,0.0,0.0,0.0,2.39,-3.0,1.0,0.0,0.0,0.0,-0.08,-3.95,-1.0,0.0,0.0,0.0,-0.08,-1.95,-1.0,0.0,0.0,0.0,-0.08,0.05,-1.0,0.0,0.0,0.0,-0.08,2.05,-1.0,0.0,0.0,0.0,-0.08,-3.95,1.0,0.0,0.0,0.0,-0.08,-1.95,1.0,0.0,0.0,0.0,-0.08,0.05,1.0,0.0,0.0,0.0,-0.08,2.05,1.0,0.0,0.0,0.0,-3.32,2.9359999999997632,1.314599999999888,0.0,1.7999999999998018,0.7299999999998974,6.21,-4.5816000000001464,2.6723999999999037,0.0,-1.5799999999996928,1.1199999999997878,6.21,-2.5816000000001,2.6723999999999037,0.0,-1.5800000000001369,1.1199999999997878,9.9,-2.971599999999918,-1.7586000000001565,0.0,-1.0799999999999699,-0.9300000000000974,9.9,-0.9715999999999175,-1.7586000000001565,0.0,-1.0799999999999699,-0.9300000000000974,0,0,0,0,0,0,0,0,0,0,0,0,0,0,0,0,0,0,0,0,0,0,0,0,0,0,0,0,0,0,0,0,0,0,0,0,0,0,0,0,0,0,0,0,0,0,0,0,0,0,0,0,0,0,0,0,0,0,0,0,0,0,0,0,0,0,0,0,0,0,0,0,0,0,0,0,0,0,0,0,0,0,0,0,0,0,0,0,0,0,0,0,0,0,0,0,0,0,0,0,0,0,0,0,0,0,0,0,0,0,0,0,0,0,0,0,0,0,0,0,0,0,0,0,0,0,0,0,0,0,0,0,0,0,0,0,0,0,0,0,0,0,0,0,0,0,0,0,0,0
8.201347601,-5.257486000000235,-0.90040004853059,2.702450277888322,3.07899999999961,0.04728031445555558,0.4397456829567936,3.079,0.04728031445552012,0.43974568295699096,4.970408919205747,0.27553449822536846,0.3971932522808901,4.917955848616666,0.2878596916421223,-0.8548959404423591,2.05,0.62,-1.0,0.0,0.0,0.0,2.05,2.62,-1.0,0.0,0.0,0.0,2.05,4.62,-1.0,0.0,0.0,0.0,2.05,6.62,-1.0,0.0,0.0,0.0,2.05,0.62,1.0,0.0,0.0,0.0,2.05,2.62,1.0,0.0,0.0,0.0,2.05,4.62,1.0,0.0,0.0,0.0,2.05,6.62,1.0,0.0,0.0,0.0,2.39,-5.0,-1.0,0.0,0.0,0.0,2.39,-3.0,-1.0,0.0,0.0,0.0,2.39,-5.0,1.0,0.0,0.0,0.0,2.39,-3.0,1.0,0.0,0.0,0.0,-0.08,-3.95,-1.0,0.0,0.0,0.0,-0.08,-1.95,-1.0,0.0,0.0,0.0,-0.08,0.05,-1.0,0.0,0.0,0.0,-0.08,2.05,-1.0,0.0,0.0,0.0,-0.08,-3.95,1.0,0.0,0.0,0.0,-0.08,-1.95,1.0,0.0,0.0,0.0,-0.08,0.05,1.0,0.0,0.0,0.0,-0.08,2.05,1.0,0.0,0.0,0.0,-3.32,3.0439999999997513,1.358399999999882,0.0,1.7999999999998018,0.7299999999998974,6.21,-4.676400000000128,2.739599999999891,0.0,-1.5799999999996928,1.1199999999997878,6.21,-2.676400000000108,2.739599999999891,0.0,-1.5800000000001369,1.1199999999997878,9.9,-3.036399999999916,-1.8144000000001623,0.0,-1.0799999999999699,-0.9300000000000974,9.9,-1.0363999999999158,-1.8144000000001623,0.0,-1.0799999999999699,-0.9300000000000974,0,0,0,0,0,0,0,0,0,0,0,0,0,0,0,0,0,0,0,0,0,0,0,0,0,0,0,0,0,0,0,0,0,0,0,0,0,0,0,0,0,0,0,0,0,0,0,0,0,0,0,0,0,0,0,0,0,0,0,0,0,0,0,0,0,0,0,0,0,0,0,0,0,0,0,0,0,0,0,0,0,0,0,0,0,0,0,0,0,0,0,0,0,0,0,0,0,0,0,0,0,0,0,0,0,0,0,0,0,0,0,0,0,0,0,0,0,0,0,0,0,0,0,0,0,0,0,0,0,0,0,0,0,0,0,0,0,0,0,0,0,0,0,0,0,0,0,0,0,0
8.303553,-5.007803000000251,-0.8932546233741501,2.7342669325248763,3.137999999999863,0.10628031445547581,0.3807456829569844,3.1380000000000003,0.10628031445552011,0.38074568295699096,4.954850234522224,0.2665778473478726,0.25413979517894614,4.914276816083635,0.29061731098801163,-0.8748856802216938,2.05,0.62,-1.0,0.0,0.0,0.0,2.05,2.62,-1.0,0.0,0.0,0.0,2.05,4.62,-1.0,0.0,0.0,0.0,2.05,6.62,-1.0,0.0,0.0,0.0,2.05,0.62,1.0,0.0,0.0,0.0,2.05,2.62,1.0,0.0,0.0,0.0,2.05,4.62,1.0,0.0,0.0,0.0,2.05,6.62,1.0,0.0,0.0,0.0,2.39,-5.0,-1.0,0.0,0.0,0.0,2.39,-3.0,-1.0,0.0,0.0,0.0,2.39,-5.0,1.0,0.0,0.0,0.0,2.39,-3.0,1.0,0.0,0.0,0.0,-0.08,-3.95,-1.0,0.0,0.0,0.0,-0.08,-1.95,-1.0,0.0,0.0,0.0,-0.08,0.05,-1.0,0.0,0.0,0.0,-0.08,2.05,-1.0,0.0,0.0,0.0,-0.08,-3.95,1.0,0.0,0.0,0.0,-0.08,-1.95,1.0,0.0,0.0,0.0,-0.08,0.05,1.0,0.0,0.0,0.0,-0.08,2.05,1.0,0.0,0.0,0.0,-3.32,3.1879999999997355,1.4167999999998737,0.0,1.7999999999998018,0.7299999999998974,6.21,-4.802800000000103,2.829199999999874,0.0,-1.5799999999996928,1.1199999999997878,6.21,-2.7712000000001162,2.8067999999998783,0.0,-1.5800000000001369,1.1199999999997878,9.9,-3.1011999999999142,-1.8702000000001682,0.0,-1.0799999999999699,-0.9300000000000974,9.9,-1.1227999999999134,-1.8888000000001701,0.0,-1.0799999999999699,-0.9300000000000974,0,0,0,0,0,0,0,0,0,0,0,0,0,0,0,0,0,0,0,0,0,0,0,0,0,0,0,0,0,0,0,0,0,0,0,0,0,0,0,0,0,0,0,0,0,0,0,0,0,0,0,0,0,0,0,0,0,0,0,0,0,0,0,0,0,0,0,0,0,0,0,0,0,0,0,0,0,0,0,0,0,0,0,0,0,0,0,0,0,0,0,0,0,0,0,0,0,0,0,0,0,0,0,0,0,0,0,0,0,0,0,0,0,0,0,0,0,0,0,0,0,0,0,0,0,0,0,0,0,0,0,0,0,0,0,0,0,0,0,0,0,0,0,0,0,0,0,0,0,0
8.403616189,-4.816521000000245,-0.8838758045068196,2.757043168113285,3.2170000000002474,0.18528031445552706,0.3789429095619745,3.2170000000000005,0.18528031445552012,0.37894290956204557,4.939397150355704,0.5619265686250219,0.37894290956204557,4.909994640408957,0.29253001060018513,-0.8979859821030461,2.05,0.62,-1.0,0.0,0.0,0.0,2.05,2.62,-1.0,0.0,0.0,0.0,2.05,4.62,-1.0,0.0,0.0,0.0,2.05,6.62,-1.0,0.0,0.0,0.0,2.05,0.62,1.0,0.0,0.0,0.0,2.05,2.62,1.0,0.0,0.0,0.0,2.05,4.62,1.0,0.0,0.0,0.0,2.05,6.62,1.0,0.0,0.0,0.0,2.39,-5.0,-1.0,0.0,0.0,0.0,2.39,-3.0,-1.0,0.0,0.0,0.0,2.39,-5.0,1.0,0.0,0.0,0.0,2.39,-3.0,1.0,0.0,0.0,0.0,-0.08,-3.95,-1.0,0.0,0.0,0.0,-0.08,-1.95,-1.0,0.0,0.0,0.0,-0.08,0.05,-1.0,0.0,0.0,0.0,-0.08,2.05,-1.0,0.0,0.0,0.0,-0.08,-3.95,1.0,0.0,0.0,0.0,-0.08,-1.95,1.0,0.0,0.0,0.0,-0.08,0.05,1.0,0.0,0.0,0.0,-0.08,2.05,1.0,0.0,0.0,0.0,-3.32,3.3319999999997196,1.4751999999998655,0.0,1.7999999999998018,0.7299999999998974,6.21,-4.897600000000085,2.8963999999998613,0.0,-1.5799999999996928,1.1199999999997878,6.21,-2.8976000000001023,2.8963999999998613,0.0,-1.5799999999996928,1.1199999999997878,9.9,-3.187599999999912,-1.944600000000176,0.0,-1.0799999999999699,-0.9300000000000974,9.9,-1.1875999999999116,-1.944600000000176,0.0,-1.0799999999999699,-0.9300000000000974,0,0,0,0,0,0,0,0,0,0,0,0,0,0,0,0,0,0,0,0,0,0,0,0,0,0,0,0,0,0,0,0,0,0,0,0,0,0,0,0,0,0,0,0,0,0,0,0,0,0,0,0,0,0,0,0,0,0,0,0,0,0,0,0,0,0,0,0,0,0,0,0,0,0,0,0,0,0,0,0,0,0,0,0,0,0,0,0,0,0,0,0,0,0,0,0,0,0,0,0,0,0,0,0,0,0,0,0,0,0,0,0,0,0,0,0,0,0,0,0,0,0,0,0,0,0,0,0,0,0,0,0,0,0,0,0,0,0,0,0,0,0,0,0,0,0,0,0,0,0
8.502447351,-4.555963000000252,-0.8722513793503783,2.784160600878251,3.294999999999604,0.10728031445550457,0.30094290956217407,3.2950000000000004,0.10728031445552012,0.30094290956204556,4.938383430030397,-0.08090188175834268,0.00316157686185381,4.905510763682802,0.2927119011784041,-0.922108394008374,2.05,0.62,-1.0,0.0,0.0,0.0,2.05,2.62,-1.0,0.0,0.0,0.0,2.05,4.62,-1.0,0.0,0.0,0.0,2.05,6.62,-1.0,0.0,0.0,0.0,2.05,0.62,1.0,0.0,0.0,0.0,2.05,2.62,1.0,0.0,0.0,0.0,2.05,4.62,1.0,0.0,0.0,0.0,2.05,6.62,1.0,0.0,0.0,0.0,2.39,-5.0,-1.0,0.0,0.0,0.0,2.39,-3.0,-1.0,0.0,0.0,0.0,2.39,-5.0,1.0,0.0,0.0,0.0,2.39,-3.0,1.0,0.0,0.0,0.0,-0.08,-3.95,-1.0,0.0,0.0,0.0,-0.08,-1.95,-1.0,0.0,0.0,0.0,-0.08,0.05,-1.0,0.0,0.0,0.0,-0.08,2.05,-1.0,0.0,0.0,0.0,-0.08,-3.95,1.0,0.0,0.0,0.0,-0.08,-1.95,1.0,0.0,0.0,0.0,-0.08,0.05,1.0,0.0,0.0,0.0,-0.08,2.05,1.0,0.0,0.0,0.0,-3.32,3.4399999999997077,1.5189999999998594,0.0,1.7999999999998018,0.7299999999998974,6.21,-5.02400000000006,2.9859999999998443,0.0,-1.5799999999996928,1.1199999999997878,6.21,-3.0240000000000777,2.9859999999998443,0.0,-1.5799999999996928,1.1199999999997878,9.9,-3.2739999999999094,-2.019000000000179,0.0,-1.0799999999999699,-0.9299999999998754,9.9,-1.2739999999999092,-2.019000000000179,0.0,-1.0799999999999699,-0.9299999999998754,0,0,0,0,0,0,0,0,0,0,0,0,0,0,0,0,0,0,0,0,0,0,0,0,0,0,0,0,0,0,0,0,0,0,0,0,0,0,0,0,0,0,0,0,0,0,0,0,0,0,0,0,0,0,0,0,0,0,0,0,0,0,0,0,0,0,0,0,0,0,0,0,0,0,0,0,0,0,0,0,0,0,0,0,0,0,0,0,0,0,0,0,0,0,0,0,0,0,0,0,0,0,0,0,0,0,0,0,0,0,0,0,0,0,0,0,0,0,0,0,0,0,0,0,0,0,0,0,0,0,0,0,0,0,0,0,0,0,0,0,0,0,0,0,0,0,0,0,0,0
8.601899869,-4.288884000000276,-0.8671479541939346,2.8047570336432175,3.365999999999758,0.03628031445557234,0.2299429095620198,3.3660000000000005,0.03628031445552013,0.22994290956204555,5.005372227531579,-0.4896680133127691,-0.16695949597343507,4.901064361950015,0.2944617950245636,-0.9449128908499489,2.05,0.62,-1.0,0.0,0.0,0.0,2.05,2.62,-1.0,0.0,0.0,0.0,2.05,4.62,-1.0,0.0,0.0,0.0,2.05,6.62,-1.0,0.0,0.0,0.0,2.05,0.62,1.0,0.0,0.0,0.0,2.05,2.62,1.0,0.0,0.0,0.0,2.05,4.62,1.0,0.0,0.0,0.0,2.05,6.62,1.0,0.0,0.0,0.0,2.39,-5.0,-1.0,0.0,0.0,0.0,2.39,-3.0,-1.0,0.0,0.0,0.0,2.39,-5.0,1.0,0.0,0.0,0.0,2.39,-3.0,1.0,0.0,0.0,0.0,-0.08,-3.95,-1.0,0.0,0.0,0.0,-0.08,-1.95,-1.0,0.0,0.0,0.0,-0.08,0.05,-1.0,0.0,0.0,0.0,-0.08,2.05,-1.0,0.0,0.0,0.0,-0.08,-3.95,1.0,0.0,0.0,0.0,-0.08,-1.95,1.0,0.0,0.0,0.0,-0.08,0.05,1.0,0.0,0.0,0.0,-0.08,2.05,1.0,0.0,0.0,0.0,-3.32,3.583999999999692,1.5773999999998511,0.0,1.7999999999998018,0.7299999999998974,6.21,-5.150400000000036,3.0755999999998274,0.0,-1.5799999999996928,1.1199999999997878,6.21,-3.150400000000053,3.0755999999998274,0.0,-1.5799999999996928,1.1199999999997878,9.9,-3.360399999999907,-2.093400000000169,0.0,-1.0799999999999699,-0.9299999999998754,9.9,-1.3603999999999068,-2.093400000000169,0.0,-1.0799999999999699,-0.9299999999998754,0,0,0,0,0,0,0,0,0,0,0,0,0,0,0,0,0,0,0,0,0,0,0,0,0,0,0,0,0,0,0,0,0,0,0,0,0,0,0,0,0,0,0,0,0,0,0,0,0,0,0,0,0,0,0,0,0,0,0,0,0,0,0,0,0,0,0,0,0,0,0,0,0,0,0,0,0,0,0,0,0,0,0,0,0,0,0,0,0,0,0,0,0,0,0,0,0,0,0,0,0,0,0,0,0,0,0,0,0,0,0,0,0,0,0,0,0,0,0,0,0,0,0,0,0,0,0,0,0,0,0,0,0,0,0,0,0,0,0,0,0,0,0,0,0,0,0,0,0,0
8.701934563,-4.084020000000275,-0.8678751353266008,2.815649608216943,3.4320000000001016,-0.029719685544438157,0.16394290956212032,3.4320000000000004,-0.029719685544479874,0.16394290956204555,4.962940180191725,-0.12704577424595298,0.11483285016562039,4.897028977379193,0.29787334647292674,-0.964561384344983,2.05,0.62,-1.0,0.0,0.0,0.0,2.05,2.62,-1.0,0.0,0.0,0.0,2.05,4.62,-1.0,0.0,0.0,0.0,2.05,6.62,-1.0,0.0,0.0,0.0,2.05,0.62,1.0,0.0,0.0,0.0,2.05,2.62,1.0,0.0,0.0,0.0,2.05,4.62,1.0,0.0,0.0,0.0,2.05,6.62,1.0,0.0,0.0,0.0,2.39,-5.0,-1.0,0.0,0.0,0.0,2.39,-3.0,-1.0,0.0,0.0,0.0,2.39,-5.0,1.0,0.0,0.0,0.0,2.39,-3.0,1.0,0.0,0.0,0.0,-0.08,-3.95,-1.0,0.0,0.0,0.0,-0.08,-1.95,-1.0,0.0,0.0,0.0,-0.08,0.05,-1.0,0.0,0.0,0.0,-0.08,2.05,-1.0,0.0,0.0,0.0,-0.08,-3.95,1.0,0.0,0.0,0.0,-0.08,-1.95,1.0,0.0,0.0,0.0,-0.08,0.05,1.0,0.0,0.0,0.0,-0.08,2.05,1.0,0.0,0.0,0.0,-3.32,3.69199999999968,1.621199999999845,0.0,1.7999999999998018,0.7299999999998974,6.21,-5.245200000000017,3.1427999999998146,0.0,-1.5799999999996928,1.1199999999997878,6.21,-3.2452000000000347,3.1427999999998146,0.0,-1.5799999999996928,1.1199999999997878,9.9,-3.425199999999905,-2.1492000000001616,0.0,-1.0799999999999699,-0.9299999999998754,9.9,-1.425199999999905,-2.1492000000001616,0.0,-1.0799999999999699,-0.9299999999998754,0,0,0,0,0,0,0,0,0,0,0,0,0,0,0,0,0,0,0,0,0,0,0,0,0,0,0,0,0,0,0,0,0,0,0,0,0,0,0,0,0,0,0,0,0,0,0,0,0,0,0,0,0,0,0,0,0,0,0,0,0,0,0,0,0,0,0,0,0,0,0,0,0,0,0,0,0,0,0,0,0,0,0,0,0,0,0,0,0,0,0,0,0,0,0,0,0,0,0,0,0,0,0,0,0,0,0,0,0,0,0,0,0,0,0,0,0,0,0,0,0,0,0,0,0,0,0,0,0,0,0,0,0,0,0,0,0,0,0,0,0,0,0,0,0,0,0,0,0,0
8.800696184,-3.806230000000271,-0.8734827101701559,2.8316352506481524,3.5169999999999924,-0.1147196855444399,0.23947474288421589,3.5170000000000003,-0.11471968554447988,0.23947474288407822,4.974140731767866,-0.16677095567512046,0.23947474288407822,4.892814285614678,0.30318550894057794,-0.9840970041887966,2.05,0.62,-1.0,0.0,0.0,0.0,2.05,2.62,-1.0,0.0,0.0,0.0,2.05,4.62,-1.0,0.0,0.0,0.0,2.05,6.62,-1.0,0.0,0.0,0.0,2.05,0.62,1.0,0.0,0.0,0.0,2.05,2.62,1.0,0.0,0.0,0.0,2.05,4.62,1.0,0.0,0.0,0.0,2.05,6.62,1.0,0.0,0.0,0.0,2.39,-5.0,-1.0,0.0,0.0,0.0,2.39,-3.0,-1.0,0.0,0.0,0.0,2.39,-5.0,1.0,0.0,0.0,0.0,2.39,-3.0,1.0,0.0,0.0,0.0,-0.08,-3.95,-1.0,0.0,0.0,0.0,-0.08,-1.95,-1.0,0.0,0.0,0.0,-0.08,0.05,-1.0,0.0,0.0,0.0,-0.08,2.05,-1.0,0.0,0.0,0.0,-0.08,-3.95,1.0,0.0,0.0,0.0,-0.08,-1.95,1.0,0.0,0.0,0.0,-0.08,0.05,1.0,0.0,0.0,0.0,-0.08,2.05,1.0,0.0,0.0,0.0,-3.32,3.835999999999664,1.6795999999998368,0.0,1.7999999999998018,0.7299999999998974,6.21,-5.371599999999993,3.2323999999997977,0.0,-1.5799999999996928,1.1199999999997878,6.21,-3.37160000000001,3.2323999999997977,0.0,-1.5799999999996928,1.1199999999997878,9.9,-3.511599999999903,-2.2236000000001517,0.0,-1.0799999999999699,-0.9299999999998754,9.9,-1.5115999999999026,-2.2236000000001517,0.0,-1.0799999999999699,-0.9299999999998754,0,0,0,0,0,0,0,0,0,0,0,0,0,0,0,0,0,0,0,0,0,0,0,0,0,0,0,0,0,0,0,0,0,0,0,0,0,0,0,0,0,0,0,0,0,0,0,0,0,0,0,0,0,0,0,0,0,0,0,0,0,0,0,0,0,0,0,0,0,0,0,0,0,0,0,0,0,0,0,0,0,0,0,0,0,0,0,0,0,0,0,0,0,0,0,0,0,0,0,0,0,0,0,0,0,0,0,0,0,0,0,0,0,0,0,0,0,0,0,0,0,0,0,0,0,0,0,0,0,0,0,0,0,0,0,0,0,0,0,0,0,0,0,0,0,0,0,0,0,0
8.902793441,-3.4498330000002655,-0.8896516787245995,2.8508857249365676,3.5940000000000962,-0.19171968554443364,0.16247474288411112,3.5940000000000003,-0.19171968554447988,0.1624747428840782,4.996931191573094,-0.22378078776503063,-0.08981266696285006,4.886645083451123,0.31242006334761946,-1.011480861114452,2.05,0.62,-1.0,0.0,0.0,0.0,2.05,2.62,-1.0,0.0,0.0,0.0,2.05,4.62,-1.0,0.0,0.0,0.0,2.05,6.62,-1.0,0.0,0.0,0.0,2.05,0.62,1.0,0.0,0.0,0.0,2.05,2.62,1.0,0.0,0.0,0.0,2.05,4.62,1.0,0.0,0.0,0.0,2.05,6.62,1.0,0.0,0.0,0.0,2.39,-5.0,-1.0,0.0,0.0,0.0,2.39,-3.0,-1.0,0.0,0.0,0.0,2.39,-5.0,1.0,0.0,0.0,0.0,2.39,-3.0,1.0,0.0,0.0,0.0,-0.08,-3.95,-1.0,0.0,0.0,0.0,-0.08,-1.95,-1.0,0.0,0.0,0.0,-0.08,0.05,-1.0,0.0,0.0,0.0,-0.08,2.05,-1.0,0.0,0.0,0.0,-0.08,-3.95,1.0,0.0,0.0,0.0,-0.08,-1.95,1.0,0.0,0.0,0.0,-0.08,0.05,1.0,0.0,0.0,0.0,-0.08,2.05,1.0,0.0,0.0,0.0,-3.32,4.015999999999648,1.7525999999998265,0.0,1.8000000000002014,0.7299999999998974,6.21,-5.529599999999962,3.3443999999997764,0.0,-1.5799999999996928,1.1199999999997878,6.21,-3.5295999999999794,3.3443999999997764,0.0,-1.5799999999996928,1.1199999999997878,9.9,-3.6195999999999,-2.316600000000139,0.0,-1.0799999999999699,-0.9299999999998754,9.9,-1.6195999999998996,-2.316600000000139,0.0,-1.0799999999999699,-0.9299999999998754,0,0,0,0,0,0,0,0,0,0,0,0,0,0,0,0,0,0,0,0,0,0,0,0,0,0,0,0,0,0,0,0,0,0,0,0,0,0,0,0,0,0,0,0,0,0,0,0,0,0,0,0,0,0,0,0,0,0,0,0,0,0,0,0,0,0,0,0,0,0,0,0,0,0,0,0,0,0,0,0,0,0,0,0,0,0,0,0,0,0,0,0,0,0,0,0,0,0,0,0,0,0,0,0,0,0,0,0,0,0,0,0,0,0,0,0,0,0,0,0,0,0,0,0,0,0,0,0,0,0,0,0,0,0,0,0,0,0,0,0,0,0,0,0,0,0,0,0,0,0
9.000979305,-3.1581130000002675,-0.9007892535681546,2.8596837043672876,3.693999999999863,-0.09171968554444465,0.06247474288390009,3.6940000000000004,-0.09171968554447987,0.0624747428840782,4.972759553252276,0.10304597503581103,-0.10116778190894271,4.879946895561758,0.3251352427143461,-1.0394255001885597,2.05,0.62,-1.0,0.0,0.0,0.0,2.05,2.62,-1.0,0.0,0.0,0.0,2.05,4.62,-1.0,0.0,0.0,0.0,2.05,6.62,-1.0,0.0,0.0,0.0,2.05,0.62,1.0,0.0,0.0,0.0,2.05,2.62,1.0,0.0,0.0,0.0,2.05,4.62,1.0,0.0,0.0,0.0,2.05,6.62,1.0,0.0,0.0,0.0,2.39,-5.0,-1.0,0.0,0.0,0.0,2.39,-3.0,-1.0,0.0,0.0,0.0,2.39,-5.0,1.0,0.0,0.0,0.0,2.39,-3.0,1.0,0.0,0.0,0.0,-0.08,-3.95,-1.0,0.0,0.0,0.0,-0.08,-1.95,-1.0,0.0,0.0,0.0,-0.08,0.05,-1.0,0.0,0.0,0.0,-0.08,2.05,-1.0,0.0,0.0,0.0,-0.08,-3.95,1.0,0.0,0.0,0.0,-0.08,-1.95,1.0,0.0,0.0,0.0,-0.08,0.05,1.0,0.0,0.0,0.0,-0.08,2.05,1.0,0.0,0.0,0.0,-3.32,4.159999999999668,1.8109999999998183,0.0,1.8000000000002458,0.7299999999998974,6.21,-5.6559999999999375,3.4339999999997595,0.0,-1.5799999999996928,1.1199999999997878,6.21,-3.655999999999955,3.4339999999997595,0.0,-1.5799999999996928,1.1199999999997878,9.9,-3.7059999999998974,-2.3910000000001292,0.0,-1.0799999999999699,-0.9299999999998754,9.9,-1.7059999999998972,-2.3910000000001292,0.0,-1.0799999999999699,-0.9299999999998754,0,0,0,0,0,0,0,0,0,0,0,0,0,0,0,0,0,0,0,0,0,0,0,0,0,0,0,0,0,0,0,0,0,0,0,0,0,0,0,0,0,0,0,0,0,0,0,0,0,0,0,0,0,0,0,0,0,0,0,0,0,0,0,0,0,0,0,0,0,0,0,0,0,0,0,0,0,0,0,0,0,0,0,0,0,0,0,0,0,0,0,0,0,0,0,0,0,0,0,0,0,0,0,0,0,0,0,0,0,0,0,0,0,0,0,0,0,0,0,0,0,0,0,0,0,0,0,0,0,0,0,0,0,0,0,0,0,0,0,0,0,0,0,0,0,0,0,0,0,0
9.10304506,-2.7840720000002666,-0.9053202221226015,2.8622228158790035,3.7850000000001502,-0.000719685544492421,-0.01023825273716028,3.7850000000000006,-0.0007196855444798755,-0.010238252737183817,5.040595425470794,0.06549901812323222,-0.010238252737183817,4.872981794289199,0.3371185698530949,-1.0678948929488443,2.05,0.62,-1.0,0.0,0.0,0.0,2.05,2.62,-1.0,0.0,0.0,0.0,2.05,4.62,-1.0,0.0,0.0,0.0,2.05,6.62,-1.0,0.0,0.0,0.0,2.05,0.62,1.0,0.0,0.0,0.0,2.05,2.62,1.0,0.0,0.0,0.0,2.05,4.62,1.0,0.0,0.0,0.0,2.05,6.62,1.0,0.0,0.0,0.0,2.39,-5.0,-1.0,0.0,0.0,0.0,2.39,-3.0,-1.0,0.0,0.0,0.0,2.39,-5.0,1.0,0.0,0.0,0.0,2.39,-3.0,1.0,0.0,0.0,0.0,-0.08,-3.95,-1.0,0.0,0.0,0.0,-0.08,-1.95,-1.0,0.0,0.0,0.0,-0.08,0.05,-1.0,0.0,0.0,0.0,-0.08,2.05,-1.0,0.0,0.0,0.0,-0.08,-3.95,1.0,0.0,0.0,0.0,-0.08,-1.95,1.0,0.0,0.0,0.0,-0.08,0.05,1.0,0.0,0.0,0.0,-0.08,2.05,1.0,0.0,0.0,0.0,-3.32,4.3399999999996925,1.883999999999808,0.0,1.8000000000002458,0.7299999999998974,6.21,-5.813999999999907,3.5459999999997383,0.0,-1.5799999999996928,1.1199999999997878,6.21,-3.813999999999924,3.5459999999997383,0.0,-1.5799999999996928,1.1199999999997878,9.9,-3.8139999999998944,-2.484000000000117,0.0,-1.0799999999999699,-0.9299999999998754,9.9,-1.8139999999998941,-2.484000000000117,0.0,-1.0799999999999699,-0.9299999999998754,0,0,0,0,0,0,0,0,0,0,0,0,0,0,0,0,0,0,0,0,0,0,0,0,0,0,0,0,0,0,0,0,0,0,0,0,0,0,0,0,0,0,0,0,0,0,0,0,0,0,0,0,0,0,0,0,0,0,0,0,0,0,0,0,0,0,0,0,0,0,0,0,0,0,0,0,0,0,0,0,0,0,0,0,0,0,0,0,0,0,0,0,0,0,0,0,0,0,0,0,0,0,0,0,0,0,0,0,0,0,0,0,0,0,0,0,0,0,0,0,0,0,0,0,0,0,0,0,0,0,0,0,0,0,0,0,0,0,0,0,0,0,0,0,0,0,0,0,0,0
9.202529765,-2.4774440000002667,-0.9015497969661583,2.858430214678701,3.8719999999998747,0.08628031445556683,-0.0778187295855659,3.8720000000000008,0.08628031445552012,-0.07781872958577818,4.964307980786897,0.47630272970530374,-0.07781872958577818,4.866472598928764,0.3461668718161745,-1.0943550341331325,2.05,0.62,-1.0,0.0,0.0,0.0,2.05,2.62,-1.0,0.0,0.0,0.0,2.05,4.62,-1.0,0.0,0.0,0.0,2.05,6.62,-1.0,0.0,0.0,0.0,2.05,0.62,1.0,0.0,0.0,0.0,2.05,2.62,1.0,0.0,0.0,0.0,2.05,4.62,1.0,0.0,0.0,0.0,2.05,6.62,1.0,0.0,0.0,0.0,2.39,-5.0,-1.0,0.0,0.0,0.0,2.39,-3.0,-1.0,0.0,0.0,0.0,2.39,-5.0,1.0,0.0,0.0,0.0,2.39,-3.0,1.0,0.0,0.0,0.0,-0.08,-3.95,-1.0,0.0,0.0,0.0,-0.08,-1.95,-1.0,0.0,0.0,0.0,-0.08,0.05,-1.0,0.0,0.0,0.0,-0.08,2.05,-1.0,0.0,0.0,0.0,-0.08,-3.95,1.0,0.0,0.0,0.0,-0.08,-1.95,1.0,0.0,0.0,0.0,-0.08,0.05,1.0,0.0,0.0,0.0,-0.08,2.05,1.0,0.0,0.0,0.0,-3.32,4.483999999999712,1.9423999999997998,0.0,1.8000000000002458,0.7299999999998974,6.21,-5.940399999999882,3.6355999999997213,0.0,-1.5799999999996928,1.1199999999997878,6.21,-3.9403999999998995,3.6355999999997213,0.0,-1.5799999999996928,1.1199999999997878,9.9,-3.900399999999892,-2.558400000000107,0.0,-1.0799999999999699,-0.9299999999998754,9.9,-1.9003999999998917,-2.558400000000107,0.0,-1.0799999999999699,-0.9299999999998754,0,0,0,0,0,0,0,0,0,0,0,0,0,0,0,0,0,0,0,0,0,0,0,0,0,0,0,0,0,0,0,0,0,0,0,0,0,0,0,0,0,0,0,0,0,0,0,0,0,0,0,0,0,0,0,0,0,0,0,0,0,0,0,0,0,0,0,0,0,0,0,0,0,0,0,0,0,0,0,0,0,0,0,0,0,0,0,0,0,0,0,0,0,0,0,0,0,0,0,0,0,0,0,0,0,0,0,0,0,0,0,0,0,0,0,0,0,0,0,0,0,0,0,0,0,0,0,0,0,0,0,0,0,0,0,0,0,0,0,0,0,0,0,0,0,0,0,0,0,0
9.302129799,-2.1640120000002616,-0.894823588729961,2.8485327163118406,3.9440000000001705,0.08282508072521289,-0.14981872958585996,3.944000000000001,0.08282508072526307,-0.1498187295857782,4.985282023376992,0.08282508072526307,-0.22056104141518462,4.86029549390663,0.35261806930989137,-1.1194588912090844,2.05,0.62,-1.0,0.0,0.0,0.0,2.05,2.62,-1.0,0.0,0.0,0.0,2.05,4.62,-1.0,0.0,0.0,0.0,2.05,6.62,-1.0,0.0,0.0,0.0,2.05,0.62,1.0,0.0,0.0,0.0,2.05,2.62,1.0,0.0,0.0,0.0,2.05,4.62,1.0,0.0,0.0,0.0,2.05,6.62,1.0,0.0,0.0,0.0,2.39,-5.0,-1.0,0.0,0.0,0.0,2.39,-3.0,-1.0,0.0,0.0,0.0,2.39,-5.0,1.0,0.0,0.0,0.0,2.39,-3.0,1.0,0.0,0.0,0.0,-0.08,-3.95,-1.0,0.0,0.0,0.0,-0.08,-1.95,-1.0,0.0,0.0,0.0,-0.08,0.05,-1.0,0.0,0.0,0.0,-0.08,2.05,-1.0,0.0,0.0,0.0,-0.08,-3.95,1.0,0.0,0.0,0.0,-0.08,-1.95,1.0,0.0,0.0,0.0,-0.08,0.05,1.0,0.0,0.0,0.0,-0.08,2.05,1.0,0.0,0.0,0.0,-3.32,4.627999999999732,2.0007999999997916,0.0,1.8000000000002458,0.7299999999998974,6.21,-6.066799999999858,3.7251999999997043,0.0,-1.5799999999996928,1.1199999999997878,6.21,-4.066799999999875,3.7251999999997043,0.0,-1.5799999999996928,1.1199999999997878,9.9,-3.9867999999998895,-2.632800000000097,0.0,-1.0799999999999699,-0.9299999999998754,9.9,-1.9867999999998893,-2.632800000000097,0.0,-1.0799999999999699,-0.9299999999998754,0,0,0,0,0,0,0,0,0,0,0,0,0,0,0,0,0,0,0,0,0,0,0,0,0,0,0,0,0,0,0,0,0,0,0,0,0,0,0,0,0,0,0,0,0,0,0,0,0,0,0,0,0,0,0,0,0,0,0,0,0,0,0,0,0,0,0,0,0,0,0,0,0,0,0,0,0,0,0,0,0,0,0,0,0,0,0,0,0,0,0,0,0,0,0,0,0,0,0,0,0,0,0,0,0,0,0,0,0,0,0,0,0,0,0,0,0,0,0,0,0,0,0,0,0,0,0,0,0,0,0,0,0,0,0,0,0,0,0,0,0,0,0,0,0,0,0,0,0,0
9.401695324,-1.924912000000254,-0.8923140838864457,2.8370835925366915,4.026000000000084,0.0008250807252974115,-0.23181872958577543,4.026000000000001,0.0008250807252630638,-0.2318187295857782,4.946291888985266,-0.3552256695493079,-0.6153934316547005,4.854438621036585,0.35868968579588645,-1.1427017913226853,2.05,0.62,-1.0,0.0,0.0,0.0,2.05,2.62,-1.0,0.0,0.0,0.0,2.05,4.62,-1.0,0.0,0.0,0.0,2.05,6.62,-1.0,0.0,0.0,0.0,2.05,0.62,1.0,0.0,0.0,0.0,2.05,2.62,1.0,0.0,0.0,0.0,2.05,4.62,1.0,0.0,0.0,0.0,2.05,6.62,1.0,0.0,0.0,0.0,2.39,-5.0,-1.0,0.0,0.0,0.0,2.39,-3.0,-1.0,0.0,0.0,0.0,2.39,-5.0,1.0,0.0,0.0,0.0,2.39,-3.0,1.0,0.0,0.0,0.0,-0.08,-3.95,-1.0,0.0,0.0,0.0,-0.08,-1.95,-1.0,0.0,0.0,0.0,-0.08,0.05,-1.0,0.0,0.0,0.0,-0.08,2.05,-1.0,0.0,0.0,0.0,-0.08,-3.95,1.0,0.0,0.0,0.0,-0.08,-1.95,1.0,0.0,0.0,0.0,-0.08,0.05,1.0,0.0,0.0,0.0,-0.08,2.05,1.0,0.0,0.0,0.0,-3.32,4.735999999999747,2.0445999999997855,0.0,1.8000000000002458,0.7299999999998974,6.21,-6.161599999999839,3.7923999999996916,0.0,-1.5799999999996928,1.1199999999997878,6.21,-4.193199999999851,3.8147999999996873,0.0,-1.5799999999996928,1.1199999999997878,9.9,-4.051599999999888,-2.6886000000000894,0.0,-1.0799999999999699,-0.9299999999998754,9.9,-2.0515999999998877,-2.6886000000000894,0.0,-1.0799999999999699,-0.9299999999998754,0,0,0,0,0,0,0,0,0,0,0,0,0,0,0,0,0,0,0,0,0,0,0,0,0,0,0,0,0,0,0,0,0,0,0,0,0,0,0,0,0,0,0,0,0,0,0,0,0,0,0,0,0,0,0,0,0,0,0,0,0,0,0,0,0,0,0,0,0,0,0,0,0,0,0,0,0,0,0,0,0,0,0,0,0,0,0,0,0,0,0,0,0,0,0,0,0,0,0,0,0,0,0,0,0,0,0,0,0,0,0,0,0,0,0,0,0,0,0,0,0,0,0,0,0,0,0,0,0,0,0,0,0,0,0,0,0,0,0,0,0,0,0,0,0,0,0,0,0,0
9.503247605,-1.5183620000002485,-0.888281575813919,2.809951719578117,4.105000000000025,0.07982508072523764,-0.31081872958571566,4.105,0.07982508072526306,-0.3108187295857782,4.9276240805655895,0.08579045234951854,-0.4625156389475542,4.849043825436619,0.36667010214900775,-1.162895960602254,2.05,0.62,-1.0,0.0,0.0,0.0,2.05,2.62,-1.0,0.0,0.0,0.0,2.05,4.62,-1.0,0.0,0.0,0.0,2.05,6.62,-1.0,0.0,0.0,0.0,2.05,0.62,1.0,0.0,0.0,0.0,2.05,2.62,1.0,0.0,0.0,0.0,2.05,4.62,1.0,0.0,0.0,0.0,2.05,6.62,1.0,0.0,0.0,0.0,2.39,-5.0,-1.0,0.0,0.0,0.0,2.39,-3.0,-1.0,0.0,0.0,0.0,2.39,-5.0,1.0,0.0,0.0,0.0,2.39,-3.0,1.0,0.0,0.0,0.0,-0.08,-3.95,-1.0,0.0,0.0,0.0,-0.08,-1.95,-1.0,0.0,0.0,0.0,-0.08,0.05,-1.0,0.0,0.0,0.0,-0.08,2.05,-1.0,0.0,0.0,0.0,-0.08,-3.95,1.0,0.0,0.0,0.0,-0.08,-1.95,1.0,0.0,0.0,0.0,-0.08,0.05,1.0,0.0,0.0,0.0,-0.08,2.05,1.0,0.0,0.0,0.0,-3.32,4.915999999999771,2.117599999999775,0.0,1.8000000000002458,0.7299999999998974,6.21,-6.3195999999998085,3.9043999999996704,0.0,-1.5799999999996928,1.1199999999997878,6.21,-4.319599999999826,3.9043999999996704,0.0,-1.5799999999996928,1.1199999999997878,9.9,-4.159599999999885,-2.781600000000077,0.0,-1.0799999999999699,-0.9299999999998754,9.9,-2.1595999999998847,-2.781600000000077,0.0,-1.0799999999999699,-0.9299999999998754,0,0,0,0,0,0,0,0,0,0,0,0,0,0,0,0,0,0,0,0,0,0,0,0,0,0,0,0,0,0,0,0,0,0,0,0,0,0,0,0,0,0,0,0,0,0,0,0,0,0,0,0,0,0,0,0,0,0,0,0,0,0,0,0,0,0,0,0,0,0,0,0,0,0,0,0,0,0,0,0,0,0,0,0,0,0,0,0,0,0,0,0,0,0,0,0,0,0,0,0,0,0,0,0,0,0,0,0,0,0,0,0,0,0,0,0,0,0,0,0,0,0,0,0,0,0,0,0,0,0,0,0,0,0,0,0,0,0,0,0,0,0,0,0,0,0,0,0,0,0
9.603046936,-1.2697380000002454,-0.8858160709704032,2.7889785958029725,4.1880000000000805,-0.003174919274706589,-0.3938187295857709,4.188000000000001,-0.00317491927473694,-0.39381872958577824,4.954649933250781,-0.03997761009052336,-0.8625573123307744,4.842929242278581,0.37488116961912504,-1.1855380478702473,2.05,0.62,-1.0,0.0,0.0,0.0,2.05,2.62,-1.0,0.0,0.0,0.0,2.05,4.62,-1.0,0.0,0.0,0.0,2.05,6.62,-1.0,0.0,0.0,0.0,2.05,0.62,1.0,0.0,0.0,0.0,2.05,2.62,1.0,0.0,0.0,0.0,2.05,4.62,1.0,0.0,0.0,0.0,2.05,6.62,1.0,0.0,0.0,0.0,2.39,-5.0,-1.0,0.0,0.0,0.0,2.39,-3.0,-1.0,0.0,0.0,0.0,2.39,-5.0,1.0,0.0,0.0,0.0,2.39,-3.0,1.0,0.0,0.0,0.0,-0.08,-3.95,-1.0,0.0,0.0,0.0,-0.08,-1.95,-1.0,0.0,0.0,0.0,-0.08,0.05,-1.0,0.0,0.0,0.0,-0.08,2.05,-1.0,0.0,0.0,0.0,-0.08,-3.95,1.0,0.0,0.0,0.0,-0.08,-1.95,1.0,0.0,0.0,0.0,-0.08,0.05,1.0,0.0,0.0,0.0,-0.08,2.05,1.0,0.0,0.0,0.0,-3.32,5.023999999999786,2.161399999999769,0.0,1.8000000000002458,0.7299999999998974,6.21,-6.41439999999979,3.9715999999996576,0.0,-1.5799999999996928,1.1199999999997878,6.21,-4.414399999999808,3.9715999999996576,0.0,-1.5799999999996928,1.1199999999997878,9.9,-4.224399999999883,-2.8374000000000694,0.0,-1.0799999999999699,-0.9299999999998754,9.9,-2.224399999999883,-2.8374000000000694,0.0,-1.0799999999999699,-0.9299999999998754,0,0,0,0,0,0,0,0,0,0,0,0,0,0,0,0,0,0,0,0,0,0,0,0,0,0,0,0,0,0,0,0,0,0,0,0,0,0,0,0,0,0,0,0,0,0,0,0,0,0,0,0,0,0,0,0,0,0,0,0,0,0,0,0,0,0,0,0,0,0,0,0,0,0,0,0,0,0,0,0,0,0,0,0,0,0,0,0,0,0,0,0,0,0,0,0,0,0,0,0,0,0,0,0,0,0,0,0,0,0,0,0,0,0,0,0,0,0,0,0,0,0,0,0,0,0,0,0,0,0,0,0,0,0,0,0,0,0,0,0,0,0,0,0,0,0,0,0,0,0
9.702587965,-1.1859780000002438,-0.8858795693558973,2.781102221211257,4.1880000000000805,-0.003174919274706589,-0.3938187295857709,4.237000000000001,-0.05217491927473694,-0.4428187295857782,4.822427020086058,-0.29051370436747437,-1.1124559141488737,4.838541550023081,0.38217968880647873,-1.2010222121859488,2.05,0.62,-1.0,0.0,0.0,0.0,2.05,2.62,-1.0,0.0,0.0,0.0,2.05,4.62,-1.0,0.0,0.0,0.0,2.05,6.62,-1.0,0.0,0.0,0.0,2.05,0.62,1.0,0.0,0.0,0.0,2.05,2.62,1.0,0.0,0.0,0.0,2.05,4.62,1.0,0.0,0.0,0.0,2.05,6.62,1.0,0.0,0.0,0.0,2.39,-5.0,-1.0,0.0,0.0,0.0,2.39,-3.0,-1.0,0.0,0.0,0.0,2.39,-5.0,1.0,0.0,0.0,0.0,2.39,-3.0,1.0,0.0,0.0,0.0,-0.08,-3.95,-1.0,0.0,0.0,0.0,-0.08,-1.95,-1.0,0.0,0.0,0.0,-0.08,0.05,-1.0,0.0,0.0,0.0,-0.08,2.05,-1.0,0.0,0.0,0.0,-0.08,-3.95,1.0,0.0,0.0,0.0,-0.08,-1.95,1.0,0.0,0.0,0.0,-0.08,0.05,1.0,0.0,0.0,0.0,-0.08,2.05,1.0,0.0,0.0,0.0,-3.32,5.059999999999791,2.175999999999767,0.0,1.8000000000002458,0.7299999999998974,6.21,-6.445999999999784,3.9939999999996534,0.0,-1.5799999999996928,1.1199999999997878,6.21,-4.445999999999802,3.9939999999996534,0.0,-1.5799999999996928,1.1199999999997878,9.9,-4.245999999999882,-2.856000000000067,0.0,-1.0799999999999699,-0.9299999999998754,9.9,-2.2459999999998823,-2.856000000000067,0.0,-1.0799999999999699,-0.9299999999998754,0,0,0,0,0,0,0,0,0,0,0,0,0,0,0,0,0,0,0,0,0,0,0,0,0,0,0,0,0,0,0,0,0,0,0,0,0,0,0,0,0,0,0,0,0,0,0,0,0,0,0,0,0,0,0,0,0,0,0,0,0,0,0,0,0,0,0,0,0,0,0,0,0,0,0,0,0,0,0,0,0,0,0,0,0,0,0,0,0,0,0,0,0,0,0,0,0,0,0,0,0,0,0,0,0,0,0,0,0,0,0,0,0,0,0,0,0,0,0,0,0,0,0,0,0,0,0,0,0,0,0,0,0,0,0,0,0,0,0,0,0,0,0,0,0,0,0,0,0,0
9.808935872,-1.101302000000243,-0.8868590677413927,2.772309846619539,4.240400000000032,-0.055574919274770096,-0.44621872958590103,4.254000000000001,-0.06917491927473694,-0.45981872958577824,4.816264021435627,-0.29074180145950024,-1.2591298909852222,4.836818041419798,0.38572917008423924,-1.206815744652873,2.05,0.62,-1.0,0.0,0.0,0.0,2.05,2.62,-1.0,0.0,0.0,0.0,2.05,4.62,-1.0,0.0,0.0,0.0,2.05,6.62,-1.0,0.0,0.0,0.0,2.05,0.62,1.0,0.0,0.0,0.0,2.05,2.62,1.0,0.0,0.0,0.0,2.05,4.62,1.0,0.0,0.0,0.0,2.05,6.62,1.0,0.0,0.0,0.0,2.39,-5.0,-1.0,0.0,0.0,0.0,2.39,-3.0,-1.0,0.0,0.0,0.0,2.39,-5.0,1.0,0.0,0.0,0.0,2.39,-3.0,1.0,0.0,0.0,0.0,-0.08,-3.95,-1.0,0.0,0.0,0.0,-0.08,-1.95,-1.0,0.0,0.0,0.0,-0.08,0.05,-1.0,0.0,0.0,0.0,-0.08,2.05,-1.0,0.0,0.0,0.0,-0.08,-3.95,1.0,0.0,0.0,0.0,-0.08,-1.95,1.0,0.0,0.0,0.0,-0.08,0.05,1.0,0.0,0.0,0.0,-0.08,2.05,1.0,0.0,0.0,0.0,-3.32,5.095999999999796,2.190599999999765,0.0,1.8000000000002458,0.7299999999998974,6.21,-6.477599999999778,4.016399999999655,0.0,-1.5799999999996928,1.120000000000232,6.21,-4.509199999999789,4.03879999999966,0.0,-1.5799999999996928,1.120000000000232,9.9,-4.267599999999882,-2.8746000000000644,0.0,-1.0799999999999699,-0.9299999999998754,9.9,-2.289199999999881,-2.893200000000062,0.0,-1.0799999999999699,-0.9299999999998754,0,0,0,0,0,0,0,0,0,0,0,0,0,0,0,0,0,0,0,0,0,0,0,0,0,0,0,0,0,0,0,0,0,0,0,0,0,0,0,0,0,0,0,0,0,0,0,0,0,0,0,0,0,0,0,0,0,0,0,0,0,0,0,0,0,0,0,0,0,0,0,0,0,0,0,0,0,0,0,0,0,0,0,0,0,0,0,0,0,0,0,0,0,0,0,0,0,0,0,0,0,0,0,0,0,0,0,0,0,0,0,0,0,0,0,0,0,0,0,0,0,0,0,0,0,0,0,0,0,0,0,0,0,0,0,0,0,0,0,0,0,0,0,0,0,0,0,0,0,0
9.902280424,-0.9308010000002437,-0.8892850645123813,2.753576097436113,4.284999999999983,-0.03817491927471384,-0.4908187295855626,4.285000000000001,-0.03817491927473694,-0.4908187295857782,4.897225503701098,0.13075564724600675,-0.8442550739572874,4.834561554103965,0.3908591931645724,-1.214184364377419,2.05,0.62,-1.0,0.0,0.0,0.0,2.05,2.62,-1.0,0.0,0.0,0.0,2.05,4.62,-1.0,0.0,0.0,0.0,2.05,6.62,-1.0,0.0,0.0,0.0,2.05,0.62,1.0,0.0,0.0,0.0,2.05,2.62,1.0,0.0,0.0,0.0,2.05,4.62,1.0,0.0,0.0,0.0,2.05,6.62,1.0,0.0,0.0,0.0,2.39,-5.0,-1.0,0.0,0.0,0.0,2.39,-3.0,-1.0,0.0,0.0,0.0,2.39,-5.0,1.0,0.0,0.0,0.0,2.39,-3.0,1.0,0.0,0.0,0.0,-0.08,-3.95,-1.0,0.0,0.0,0.0,-0.08,-1.95,-1.0,0.0,0.0,0.0,-0.08,0.05,-1.0,0.0,0.0,0.0,-0.08,2.05,-1.0,0.0,0.0,0.0,-0.08,-3.95,1.0,0.0,0.0,0.0,-0.08,-1.95,1.0,0.0,0.0,0.0,-0.08,0.05,1.0,0.0,0.0,0.0,-0.08,2.05,1.0,0.0,0.0,0.0,-3.32,5.167999999999806,2.219799999999761,0.0,1.8000000000002458,0.7299999999998974,6.21,-6.5407999999997655,4.061199999999665,0.0,-1.5799999999996928,1.120000000000232,6.21,-4.540799999999783,4.061199999999665,0.0,-1.5799999999996928,1.120000000000232,9.9,-4.3107999999998805,-2.9118000000000595,0.0,-1.0799999999999699,-0.9299999999998754,9.9,-2.3107999999998805,-2.9118000000000595,0.0,-1.0799999999999699,-0.9299999999998754,0,0,0,0,0,0,0,0,0,0,0,0,0,0,0,0,0,0,0,0,0,0,0,0,0,0,0,0,0,0,0,0,0,0,0,0,0,0,0,0,0,0,0,0,0,0,0,0,0,0,0,0,0,0,0,0,0,0,0,0,0,0,0,0,0,0,0,0,0,0,0,0,0,0,0,0,0,0,0,0,0,0,0,0,0,0,0,0,0,0,0,0,0,0,0,0,0,0,0,0,0,0,0,0,0,0,0,0,0,0,0,0,0,0,0,0,0,0,0,0,0,0,0,0,0,0,0,0,0,0,0,0,0,0,0,0,0,0,0,0,0,0,0,0,0,0,0,0,0,0
10.001639088,-0.7588830000002434,-0.8913300612833708,2.7334253482526867,4.322000000000047,-0.0751749192747786,-0.5278187295858494,4.322000000000001,-0.07517491927473693,-0.5278187295857782,4.933792496578062,-0.09323403556942456,-0.9199990560267617,4.832007386030963,0.39655889141545864,-1.2224752214182348,2.05,0.62,-1.0,0.0,0.0,0.0,2.05,2.62,-1.0,0.0,0.0,0.0,2.05,4.62,-1.0,0.0,0.0,0.0,2.05,6.62,-1.0,0.0,0.0,0.0,2.05,0.62,1.0,0.0,0.0,0.0,2.05,2.62,1.0,0.0,0.0,0.0,2.05,4.62,1.0,0.0,0.0,0.0,2.05,6.62,1.0,0.0,0.0,0.0,2.39,-5.0,-1.0,0.0,0.0,0.0,2.39,-3.0,-1.0,0.0,0.0,0.0,2.39,-5.0,1.0,0.0,0.0,0.0,2.39,-3.0,1.0,0.0,0.0,0.0,-0.08,-3.95,-1.0,0.0,0.0,0.0,-0.08,-1.95,-1.0,0.0,0.0,0.0,-0.08,0.05,-1.0,0.0,0.0,0.0,-0.08,2.05,-1.0,0.0,0.0,0.0,-0.08,-3.95,1.0,0.0,0.0,0.0,-0.08,-1.95,1.0,0.0,0.0,0.0,-0.08,0.05,1.0,0.0,0.0,0.0,-0.08,2.05,1.0,0.0,0.0,0.0,-3.32,5.2399999999998155,2.2489999999997567,0.0,1.8000000000002458,0.7299999999998974,6.21,-6.635599999999747,4.1283999999996785,0.0,-1.5799999999996928,1.120000000000232,6.21,-4.635599999999765,4.1283999999996785,0.0,-1.5799999999996928,1.120000000000232,9.9,-4.353999999999879,-2.9490000000000545,0.0,-1.0799999999999699,-0.9299999999998754,9.9,-2.3539999999998793,-2.9490000000000545,0.0,-1.0799999999999699,-0.9299999999998754,0,0,0,0,0,0,0,0,0,0,0,0,0,0,0,0,0,0,0,0,0,0,0,0,0,0,0,0,0,0,0,0,0,0,0,0,0,0,0,0,0,0,0,0,0,0,0,0,0,0,0,0,0,0,0,0,0,0,0,0,0,0,0,0,0,0,0,0,0,0,0,0,0,0,0,0,0,0,0,0,0,0,0,0,0,0,0,0,0,0,0,0,0,0,0,0,0,0,0,0,0,0,0,0,0,0,0,0,0,0,0,0,0,0,0,0,0,0,0,0,0,0,0,0,0,0,0,0,0,0,0,0,0,0,0,0,0,0,0,0,0,0,0,0,0,0,0,0,0,0
10.103894979,-0.4983380000002414,-0.8946155564398556,2.700531224477542,4.371000000000015,-0.026174919274701836,-0.5768187295855931,4.371000000000001,-0.026174919274736932,-0.5768187295857783,4.896611462428169,0.10038176564385015,-1.0461849666225005,4.828204471673408,0.4058500650190889,-1.2343934965953525,2.05,0.62,-1.0,0.0,0.0,0.0,2.05,2.62,-1.0,0.0,0.0,0.0,2.05,4.62,-1.0,0.0,0.0,0.0,2.05,6.62,-1.0,0.0,0.0,0.0,2.05,0.62,1.0,0.0,0.0,0.0,2.05,2.62,1.0,0.0,0.0,0.0,2.05,4.62,1.0,0.0,0.0,0.0,2.05,6.62,1.0,0.0,0.0,0.0,2.39,-5.0,-1.0,0.0,0.0,0.0,2.39,-3.0,-1.0,0.0,0.0,0.0,2.39,-5.0,1.0,0.0,0.0,0.0,2.39,-3.0,1.0,0.0,0.0,0.0,-0.08,-3.95,-1.0,0.0,0.0,0.0,-0.08,-1.95,-1.0,0.0,0.0,0.0,-0.08,0.05,-1.0,0.0,0.0,0.0,-0.08,2.05,-1.0,0.0,0.0,0.0,-0.08,-3.95,1.0,0.0,0.0,0.0,-0.08,-1.95,1.0,0.0,0.0,0.0,-0.08,0.05,1.0,0.0,0.0,0.0,-0.08,2.05,1.0,0.0,0.0,0.0,-3.32,5.383999999999835,2.3073999999997485,0.0,1.8000000000002458,0.7299999999998974,6.21,-6.698799999999735,4.173199999999688,0.0,-1.5799999999996928,1.120000000000232,6.21,-4.730399999999746,4.1955999999996925,0.0,-1.5799999999996928,1.120000000000232,9.9,-4.4187999999998775,-3.004800000000047,0.0,-1.0799999999999699,-0.9299999999998754,9.9,-2.4187999999998775,-3.004800000000047,0.0,-1.0799999999999699,-0.9299999999998754,0,0,0,0,0,0,0,0,0,0,0,0,0,0,0,0,0,0,0,0,0,0,0,0,0,0,0,0,0,0,0,0,0,0,0,0,0,0,0,0,0,0,0,0,0,0,0,0,0,0,0,0,0,0,0,0,0,0,0,0,0,0,0,0,0,0,0,0,0,0,0,0,0,0,0,0,0,0,0,0,0,0,0,0,0,0,0,0,0,0,0,0,0,0,0,0,0,0,0,0,0,0,0,0,0,0,0,0,0,0,0,0,0,0,0,0,0,0,0,0,0,0,0,0,0,0,0,0,0,0,0,0,0,0,0,0,0,0,0,0,0,0,0,0,0,0,0,0,0,0
10.201566589,-0.14628200000024094,-0.8990855499818341,2.652009726110685,4.443000000000003,-0.09817491927477384,-0.6488187295858872,4.443000000000001,-0.09817491927473693,-0.6488187295857782,4.750005713484578,-0.2540772047214639,-1.5247947502638763,4.823669936797122,0.41661341604470215,-1.248455687003428,2.05,0.62,-1.0,0.0,0.0,0.0,2.05,2.62,-1.0,0.0,0.0,0.0,2.05,4.62,-1.0,0.0,0.0,0.0,2.05,6.62,-1.0,0.0,0.0,0.0,2.05,0.62,1.0,0.0,0.0,0.0,2.05,2.62,1.0,0.0,0.0,0.0,2.05,4.62,1.0,0.0,0.0,0.0,2.05,6.62,1.0,0.0,0.0,0.0,2.39,-5.0,-1.0,0.0,0.0,0.0,2.39,-3.0,-1.0,0.0,0.0,0.0,2.39,-5.0,1.0,0.0,0.0,0.0,2.39,-3.0,1.0,0.0,0.0,0.0,-0.08,-3.95,-1.0,0.0,0.0,0.0,-0.08,-1.95,-1.0,0.0,0.0,0.0,-0.08,0.05,-1.0,0.0,0.0,0.0,-0.08,2.05,-1.0,0.0,0.0,0.0,-0.08,-3.95,1.0,0.0,0.0,0.0,-0.08,-1.95,1.0,0.0,0.0,0.0,-0.08,0.05,1.0,0.0,0.0,0.0,-0.08,2.05,1.0,0.0,0.0,0.0,-3.32,5.49199999999985,2.3511999999997424,0.0,1.8000000000002458,0.7299999999998974,6.21,-6.82519999999971,4.262799999999706,0.0,-1.5799999999996928,1.120000000000232,6.21,-4.825199999999728,4.262799999999706,0.0,-1.5799999999996928,1.120000000000232,9.9,-4.505199999999875,-3.079200000000037,0.0,-1.0799999999999699,-0.9299999999998754,9.9,-2.505199999999875,-3.079200000000037,0.0,-1.0799999999999699,-0.9299999999998754,0,0,0,0,0,0,0,0,0,0,0,0,0,0,0,0,0,0,0,0,0,0,0,0,0,0,0,0,0,0,0,0,0,0,0,0,0,0,0,0,0,0,0,0,0,0,0,0,0,0,0,0,0,0,0,0,0,0,0,0,0,0,0,0,0,0,0,0,0,0,0,0,0,0,0,0,0,0,0,0,0,0,0,0,0,0,0,0,0,0,0,0,0,0,0,0,0,0,0,0,0,0,0,0,0,0,0,0,0,0,0,0,0,0,0,0,0,0,0,0,0,0,0,0,0,0,0,0,0,0,0,0,0,0,0,0,0,0,0,0,0,0,0,0,0,0,0,0,0,0
10.302169443,0.30243399999975906,-0.9044870419093124,2.5827118531521043,4.5120000000000156,-0.029174919274788103,-0.7178187295857619,4.512000000000001,-0.02917491927473692,-0.7178187295857783,4.897111274026764,0.17727909104656803,-0.9366991629574266,4.817905980950958,0.43256682440728456,-1.2651750476274735,2.05,0.62,-1.0,0.0,0.0,0.0,2.05,2.62,-1.0,0.0,0.0,0.0,2.05,4.62,-1.0,0.0,0.0,0.0,2.05,6.62,-1.0,0.0,0.0,0.0,2.05,0.62,1.0,0.0,0.0,0.0,2.05,2.62,1.0,0.0,0.0,0.0,2.05,4.62,1.0,0.0,0.0,0.0,2.05,6.62,1.0,0.0,0.0,0.0,2.39,-5.0,-1.0,0.0,0.0,0.0,2.39,-3.0,-1.0,0.0,0.0,0.0,2.39,-5.0,1.0,0.0,0.0,0.0,2.39,-3.0,1.0,0.0,0.0,0.0,-0.08,-3.95,-1.0,0.0,0.0,0.0,-0.08,-1.95,-1.0,0.0,0.0,0.0,-0.08,0.05,-1.0,0.0,0.0,0.0,-0.08,2.05,-1.0,0.0,0.0,0.0,-0.08,-3.95,1.0,0.0,0.0,0.0,-0.08,-1.95,1.0,0.0,0.0,0.0,-0.08,0.05,1.0,0.0,0.0,0.0,-0.08,2.05,1.0,0.0,0.0,0.0,-3.32,5.6719999999998745,2.424199999999732,0.0,1.8000000000002458,0.7299999999998974,6.21,-6.983199999999679,4.37479999999973,0.0,-1.5799999999996928,1.120000000000232,6.21,-4.983199999999697,4.37479999999973,0.0,-1.5799999999996928,1.120000000000232,9.9,-4.613199999999872,-3.1722000000000246,0.0,-1.0799999999999699,-0.9299999999998754,9.9,-2.613199999999872,-3.1722000000000246,0.0,-1.0799999999999699,-0.9299999999998754,0,0,0,0,0,0,0,0,0,0,0,0,0,0,0,0,0,0,0,0,0,0,0,0,0,0,0,0,0,0,0,0,0,0,0,0,0,0,0,0,0,0,0,0,0,0,0,0,0,0,0,0,0,0,0,0,0,0,0,0,0,0,0,0,0,0,0,0,0,0,0,0,0,0,0,0,0,0,0,0,0,0,0,0,0,0,0,0,0,0,0,0,0,0,0,0,0,0,0,0,0,0,0,0,0,0,0,0,0,0,0,0,0,0,0,0,0,0,0,0,0,0,0,0,0,0,0,0,0,0,0,0,0,0,0,0,0,0,0,0,0,0,0,0,0,0,0,0,0,0
10.400884601,0.6681779999997614,-0.9020370354512907,2.5205023547852443,4.604000000000053,0.0628250807253039,-0.8098187295857429,4.604000000000001,0.06282508072526308,-0.8098187295857783,4.8437651991165085,0.10979691079301768,-1.2046563955343506,4.810971560641509,0.45186284306410923,-1.2846682893870411,2.05,0.62,-1.0,0.0,0.0,0.0,2.05,2.62,-1.0,0.0,0.0,0.0,2.05,4.62,-1.0,0.0,0.0,0.0,2.05,6.62,-1.0,0.0,0.0,0.0,2.05,0.62,1.0,0.0,0.0,0.0,2.05,2.62,1.0,0.0,0.0,0.0,2.05,4.62,1.0,0.0,0.0,0.0,2.05,6.62,1.0,0.0,0.0,0.0,2.39,-5.0,-1.0,0.0,0.0,0.0,2.39,-3.0,-1.0,0.0,0.0,0.0,2.39,-5.0,1.0,0.0,0.0,0.0,2.39,-3.0,1.0,0.0,0.0,0.0,-0.08,-3.95,-1.0,0.0,0.0,0.0,-0.08,-1.95,-1.0,0.0,0.0,0.0,-0.08,0.05,-1.0,0.0,0.0,0.0,-0.08,2.05,-1.0,0.0,0.0,0.0,-0.08,-3.95,1.0,0.0,0.0,0.0,-0.08,-1.95,1.0,0.0,0.0,0.0,-0.08,0.05,1.0,0.0,0.0,0.0,-0.08,2.05,1.0,0.0,0.0,0.0,-3.32,5.815999999999894,2.482599999999724,0.0,1.8000000000002458,0.7299999999998974,6.21,-7.109599999999655,4.464399999999748,0.0,-1.5799999999996928,1.120000000000232,6.21,-5.109599999999673,4.464399999999748,0.0,-1.5799999999996928,1.120000000000232,9.9,-4.69959999999987,-3.2466000000000146,0.0,-1.0799999999999699,-0.9299999999998754,9.9,-2.6995999999998697,-3.2466000000000146,0.0,-1.0799999999999699,-0.9299999999998754,0,0,0,0,0,0,0,0,0,0,0,0,0,0,0,0,0,0,0,0,0,0,0,0,0,0,0,0,0,0,0,0,0,0,0,0,0,0,0,0,0,0,0,0,0,0,0,0,0,0,0,0,0,0,0,0,0,0,0,0,0,0,0,0,0,0,0,0,0,0,0,0,0,0,0,0,0,0,0,0,0,0,0,0,0,0,0,0,0,0,0,0,0,0,0,0,0,0,0,0,0,0,0,0,0,0,0,0,0,0,0,0,0,0,0,0,0,0,0,0,0,0,0,0,0,0,0,0,0,0,0,0,0,0,0,0,0,0,0,0,0,0,0,0,0,0,0,0,0,0
10.500661122,1.0402289999997627,-0.8932800289932683,2.4519858564183914,4.694999999999916,0.15382508072525614,-0.9008187295855841,4.695000000000001,0.15382508072526307,-0.9008187295857782,4.810971560641509,0.45186284306410923,-1.2846682893870411,4.613287357142976,0.45029401680307046,-1.2509896061973567,2.05,0.62,-1.0,0.0,0.0,0.0,2.05,2.62,-1.0,0.0,0.0,0.0,2.05,4.62,-1.0,0.0,0.0,0.0,2.05,6.62,-1.0,0.0,0.0,0.0,2.05,0.62,1.0,0.0,0.0,0.0,2.05,2.62,1.0,0.0,0.0,0.0,2.05,4.62,1.0,0.0,0.0,0.0,2.05,6.62,1.0,0.0,0.0,0.0,2.39,-5.0,-1.0,0.0,0.0,0.0,2.39,-3.0,-1.0,0.0,0.0,0.0,2.39,-5.0,1.0,0.0,0.0,0.0,2.39,-3.0,1.0,0.0,0.0,0.0,-0.08,-3.95,-1.0,0.0,0.0,0.0,-0.08,-1.95,-1.0,0.0,0.0,0.0,-0.08,0.05,-1.0,0.0,0.0,0.0,-0.08,2.05,-1.0,0.0,0.0,0.0,-0.08,-3.95,1.0,0.0,0.0,0.0,-0.08,-1.95,1.0,0.0,0.0,0.0,-0.08,0.05,1.0,0.0,0.0,0.0,-0.08,2.05,1.0,0.0,0.0,0.0,-3.32,5.995999999999919,2.5555999999997137,0.0,1.8000000000002458,0.7299999999998974,6.21,-7.267599999999624,4.576399999999771,0.0,-1.5799999999996928,1.120000000000232,6.21,-5.235999999999648,4.553999999999767,0.0,-1.5799999999996928,1.120000000000232,9.9,-4.785999999999867,-3.3210000000000046,0.0,-1.0799999999999699,-0.9299999999998754,9.9,-2.7859999999998672,-3.3210000000000046,0.0,-1.0799999999999699,-0.9299999999998754,0,0,0,0,0,0,0,0,0,0,0,0,0,0,0,0,0,0,0,0,0,0,0,0,0,0,0,0,0,0,0,0,0,0,0,0,0,0,0,0,0,0,0,0,0,0,0,0,0,0,0,0,0,0,0,0,0,0,0,0,0,0,0,0,0,0,0,0,0,0,0,0,0,0,0,0,0,0,0,0,0,0,0,0,0,0,0,0,0,0,0,0,0,0,0,0,0,0,0,0,0,0,0,0,0,0,0,0,0,0,0,0,0,0,0,0,0,0,0,0,0,0,0,0,0,0,0,0,0,0,0,0,0,0,0,0,0,0,0,0,0,0,0,0,0,0,0,0,0,0
10.601235637,1.5061336437140465,-0.8736295209207421,2.3576359834598226,4.613287357142949,0.2508250807252699,-0.9978187295858199,4.613287357142976,0.2508250807252631,-0.9978187295857782,4.613287357142976,0.45029401680307046,-1.2509896061973567,4.397723000000121,0.4439480755839422,-1.210228600441448,2.05,0.62,-1.0,0.0,0.0,0.0,2.05,2.62,-1.0,0.0,0.0,0.0,2.05,4.62,-1.0,0.0,0.0,0.0,2.05,6.62,-1.0,0.0,0.0,0.0,2.05,0.62,1.0,0.0,0.0,0.0,2.05,2.62,1.0,0.0,0.0,0.0,2.05,4.62,1.0,0.0,0.0,0.0,2.05,6.62,1.0,0.0,0.0,0.0,2.39,-5.0,-1.0,0.0,0.0,0.0,2.39,-3.0,-1.0,0.0,0.0,0.0,2.39,-5.0,1.0,0.0,0.0,0.0,2.39,-3.0,1.0,0.0,0.0,0.0,-0.08,-3.95,-1.0,0.0,0.0,0.0,-0.08,-1.95,-1.0,0.0,0.0,0.0,-0.08,0.05,-1.0,0.0,0.0,0.0,-0.08,2.05,-1.0,0.0,0.0,0.0,-0.08,-3.95,1.0,0.0,0.0,0.0,-0.08,-1.95,1.0,0.0,0.0,0.0,-0.08,0.05,1.0,0.0,0.0,0.0,-0.08,2.05,1.0,0.0,0.0,0.0,-3.32,6.139999999999938,2.6139999999997054,0.0,1.8000000000002458,0.7299999999998974,6.21,-7.3939999999996,4.66599999999979,0.0,-1.5799999999996928,1.120000000000232,6.21,-5.393999999999617,4.66599999999979,0.0,-1.5799999999996928,1.120000000000232,9.9,-4.893999999999864,-3.413999999999992,0.0,-1.0799999999999699,-0.9299999999998754,9.9,-2.8939999999998642,-3.413999999999992,0.0,-1.0799999999999699,-0.9299999999998754,0,0,0,0,0,0,0,0,0,0,0,0,0,0,0,0,0,0,0,0,0,0,0,0,0,0,0,0,0,0,0,0,0,0,0,0,0,0,0,0,0,0,0,0,0,0,0,0,0,0,0,0,0,0,0,0,0,0,0,0,0,0,0,0,0,0,0,0,0,0,0,0,0,0,0,0,0,0,0,0,0,0,0,0,0,0,0,0,0,0,0,0,0,0,0,0,0,0,0,0,0,0,0,0,0,0,0,0,0,0,0,0,0,0,0,0,0,0,0,0,0,0,0,0,0,0,0,0,0,0,0,0,0,0,0,0,0,0,0,0,0,0,0,0,0,0,0,0,0,0
10.702935664,1.87179363228548,-0.8501605144627228,2.2744074850929548,4.530287357142893,0.3338250807252141,-1.080818729585875,4.530287357142976,0.3338250807252631,-1.0808187295857783,4.397723000000121,0.4439480755839422,-1.210228600441448,4.184668323821547,0.4334140968705799,-1.1653329138805026,2.05,0.62,-1.0,0.0,0.0,0.0,2.05,2.62,-1.0,0.0,0.0,0.0,2.05,4.62,-1.0,0.0,0.0,0.0,2.05,6.62,-1.0,0.0,0.0,0.0,2.05,0.62,1.0,0.0,0.0,0.0,2.05,2.62,1.0,0.0,0.0,0.0,2.05,4.62,1.0,0.0,0.0,0.0,2.05,6.62,1.0,0.0,0.0,0.0,2.39,-5.0,-1.0,0.0,0.0,0.0,2.39,-3.0,-1.0,0.0,0.0,0.0,2.39,-5.0,1.0,0.0,0.0,0.0,2.39,-3.0,1.0,0.0,0.0,0.0,-0.08,-3.95,-1.0,0.0,0.0,0.0,-0.08,-1.95,-1.0,0.0,0.0,0.0,-0.08,0.05,-1.0,0.0,0.0,0.0,-0.08,2.05,-1.0,0.0,0.0,0.0,-0.08,-3.95,1.0,0.0,0.0,0.0,-0.08,-1.95,1.0,0.0,0.0,0.0,-0.08,0.05,1.0,0.0,0.0,0.0,-0.08,2.05,1.0,0.0,0.0,0.0,-3.32,6.283999999999958,2.6723999999996972,0.0,1.8000000000002458,0.7299999999998974,6.21,-7.520399999999575,4.755599999999808,0.0,-1.5799999999996928,1.120000000000232,6.21,-5.520399999999593,4.755599999999808,0.0,-1.5799999999996928,1.120000000000232,9.9,-4.980399999999862,-3.488399999999982,0.0,-1.0799999999999699,-0.9299999999998754,9.9,-3.0019999999998612,-3.5069999999999797,0.0,-1.0799999999999699,-0.9299999999998754,0,0,0,0,0,0,0,0,0,0,0,0,0,0,0,0,0,0,0,0,0,0,0,0,0,0,0,0,0,0,0,0,0,0,0,0,0,0,0,0,0,0,0,0,0,0,0,0,0,0,0,0,0,0,0,0,0,0,0,0,0,0,0,0,0,0,0,0,0,0,0,0,0,0,0,0,0,0,0,0,0,0,0,0,0,0,0,0,0,0,0,0,0,0,0,0,0,0,0,0,0,0,0,0,0,0,0,0,0,0,0,0,0,0,0,0,0,0,0,0,0,0,0,0,0,0,0,0,0,0,0,0,0,0,0,0,0,0,0,0,0,0,0,0,0,0,0,0,0,0
10.802572972,2.3200623679997756,-0.8120180063902013,2.161592817813878,4.445287357143002,0.41882508072521585,-1.1653329138803237,4.445287357142976,0.41882508072526314,-1.1653329138805026,4.184668323821547,0.4334140968705799,-1.1653329138805026,3.9961488735001165,0.4200728810204832,-1.1209914616026893,2.05,0.62,-1.0,0.0,0.0,0.0,2.05,2.62,-1.0,0.0,0.0,0.0,2.05,4.62,-1.0,0.0,0.0,0.0,2.05,6.62,-1.0,0.0,0.0,0.0,2.05,0.62,1.0,0.0,0.0,0.0,2.05,2.62,1.0,0.0,0.0,0.0,2.05,4.62,1.0,0.0,0.0,0.0,2.05,6.62,1.0,0.0,0.0,0.0,2.39,-5.0,-1.0,0.0,0.0,0.0,2.39,-3.0,-1.0,0.0,0.0,0.0,2.39,-5.0,1.0,0.0,0.0,0.0,2.39,-3.0,1.0,0.0,0.0,0.0,-0.08,-3.95,-1.0,0.0,0.0,0.0,-0.08,-1.95,-1.0,0.0,0.0,0.0,-0.08,0.05,-1.0,0.0,0.0,0.0,-0.08,2.05,-1.0,0.0,0.0,0.0,-0.08,-3.95,1.0,0.0,0.0,0.0,-0.08,-1.95,1.0,0.0,0.0,0.0,-0.08,0.05,1.0,0.0,0.0,0.0,-0.08,2.05,1.0,0.0,0.0,0.0,-3.32,6.463999999999983,2.745399999999687,0.0,1.8000000000002458,0.7299999999998974,6.21,-7.678399999999544,4.867599999999832,0.0,-1.5799999999996928,1.120000000000232,6.21,-5.678399999999562,4.867599999999832,0.0,-1.5799999999996928,1.120000000000232,9.9,-5.088399999999859,-3.5813999999999697,0.0,-1.0799999999999699,-0.9299999999998754,9.9,-3.088399999999859,-3.5813999999999697,0.0,-1.0799999999999699,-0.9299999999998754,0,0,0,0,0,0,0,0,0,0,0,0,0,0,0,0,0,0,0,0,0,0,0,0,0,0,0,0,0,0,0,0,0,0,0,0,0,0,0,0,0,0,0,0,0,0,0,0,0,0,0,0,0,0,0,0,0,0,0,0,0,0,0,0,0,0,0,0,0,0,0,0,0,0,0,0,0,0,0,0,0,0,0,0,0,0,0,0,0,0,0,0,0,0,0,0,0,0,0,0,0,0,0,0,0,0,0,0,0,0,0,0,0,0,0,0,0,0,0,0,0,0,0,0,0,0,0,0,0,0,0,0,0,0,0,0,0,0,0,0,0,0,0,0,0,0,0,0,0,0
10.902005517,2.671461356571222,-0.778452105518009,2.070494574412772,4.357287357143136,0.42007288102052787,-1.1209914616028271,4.357287357142976,0.4200728810204832,-1.1209914616026893,3.9961488735001165,0.4200728810204832,-1.1209914616026893,3.8021838734643962,0.4024489900089363,-1.0708910791389563,2.05,0.62,-1.0,0.0,0.0,0.0,2.05,2.62,-1.0,0.0,0.0,0.0,2.05,4.62,-1.0,0.0,0.0,0.0,2.05,6.62,-1.0,0.0,0.0,0.0,2.05,0.62,1.0,0.0,0.0,0.0,2.05,2.62,1.0,0.0,0.0,0.0,2.05,4.62,1.0,0.0,0.0,0.0,2.05,6.62,1.0,0.0,0.0,0.0,2.39,-5.0,-1.0,0.0,0.0,0.0,2.39,-3.0,-1.0,0.0,0.0,0.0,2.39,-5.0,1.0,0.0,0.0,0.0,2.39,-3.0,1.0,0.0,0.0,0.0,-0.08,-3.95,-1.0,0.0,0.0,0.0,-0.08,-1.95,-1.0,0.0,0.0,0.0,-0.08,0.05,-1.0,0.0,0.0,0.0,-0.08,2.05,-1.0,0.0,0.0,0.0,-0.08,-3.95,1.0,0.0,0.0,0.0,-0.08,-1.95,1.0,0.0,0.0,0.0,-0.08,0.05,1.0,0.0,0.0,0.0,-0.08,2.05,1.0,0.0,0.0,0.0,-3.32,6.608000000000002,2.8037999999996788,0.0,1.8000000000002458,0.7299999999998974,6.21,-7.80479999999952,4.95719999999985,0.0,-1.5799999999996928,1.120000000000232,6.21,-5.804799999999537,4.95719999999985,0.0,-1.5799999999996928,1.120000000000232,9.9,-5.174799999999856,-3.6557999999999597,0.0,-1.0799999999999699,-0.9299999999998754,9.9,-3.1747999999998564,-3.6557999999999597,0.0,-1.0799999999999699,-0.9299999999998754,0,0,0,0,0,0,0,0,0,0,0,0,0,0,0,0,0,0,0,0,0,0,0,0,0,0,0,0,0,0,0,0,0,0,0,0,0,0,0,0,0,0,0,0,0,0,0,0,0,0,0,0,0,0,0,0,0,0,0,0,0,0,0,0,0,0,0,0,0,0,0,0,0,0,0,0,0,0,0,0,0,0,0,0,0,0,0,0,0,0,0,0,0,0,0,0,0,0,0,0,0,0,0,0,0,0,0,0,0,0,0,0,0,0,0,0,0,0,0,0,0,0,0,0,0,0,0,0,0,0,0,0,0,0,0,0,0,0,0,0,0,0,0,0,0,0,0,0,0,0
11.001122283,3.1024380922855324,-0.7372907641845113,1.9608002466107533,4.258287357143064,0.4024489900089634,-1.070891079139047,4.258287357142976,0.4024489900089363,-1.0708910791389563,3.8021838734643962,0.4024489900089363,-1.0708910791389563,3.605445942392956,0.3835550688652274,-1.0201139024747479,2.05,0.62,-1.0,0.0,0.0,0.0,2.05,2.62,-1.0,0.0,0.0,0.0,2.05,4.62,-1.0,0.0,0.0,0.0,2.05,6.62,-1.0,0.0,0.0,0.0,2.05,0.62,1.0,0.0,0.0,0.0,2.05,2.62,1.0,0.0,0.0,0.0,2.05,4.62,1.0,0.0,0.0,0.0,2.05,6.62,1.0,0.0,0.0,0.0,2.39,-5.0,-1.0,0.0,0.0,0.0,2.39,-3.0,-1.0,0.0,0.0,0.0,2.39,-5.0,1.0,0.0,0.0,0.0,2.39,-3.0,1.0,0.0,0.0,0.0,-0.08,-3.95,-1.0,0.0,0.0,0.0,-0.08,-1.95,-1.0,0.0,0.0,0.0,-0.08,0.05,-1.0,0.0,0.0,0.0,-0.08,2.05,-1.0,0.0,0.0,0.0,-0.08,-3.95,1.0,0.0,0.0,0.0,-0.08,-1.95,1.0,0.0,0.0,0.0,-0.08,0.05,1.0,0.0,0.0,0.0,-0.08,2.05,1.0,0.0,0.0,0.0,-3.32,6.788000000000027,2.8767999999996685,0.0,1.8000000000002458,0.7299999999998974,6.21,-7.962799999999489,5.069199999999873,0.0,-1.5799999999996928,1.120000000000232,6.21,-5.962799999999507,5.069199999999873,0.0,-1.5799999999996928,1.120000000000232,9.9,-5.282799999999853,-3.7487999999999473,0.0,-1.0799999999999699,-0.9299999999998754,9.9,-3.2827999999998534,-3.7487999999999473,0.0,-1.0799999999999699,-0.9299999999998754,0,0,0,0,0,0,0,0,0,0,0,0,0,0,0,0,0,0,0,0,0,0,0,0,0,0,0,0,0,0,0,0,0,0,0,0,0,0,0,0,0,0,0,0,0,0,0,0,0,0,0,0,0,0,0,0,0,0,0,0,0,0,0,0,0,0,0,0,0,0,0,0,0,0,0,0,0,0,0,0,0,0,0,0,0,0,0,0,0,0,0,0,0,0,0,0,0,0,0,0,0,0,0,0,0,0,0,0,0,0,0,0,0,0,0,0,0,0,0,0,0,0,0,0,0,0,0,0,0,0,0,0,0,0,0,0,0,0,0,0,0,0,0,0,0,0,0,0,0,0
11.101016896,3.4393210808569687,-0.7059450714352624,1.8774139332295203,4.1742873571428705,0.3835550688652267,-1.0201139024748063,4.174287357142976,0.3835550688652274,-1.0201139024747479,3.605445942392956,0.3835550688652274,-1.0201139024747479,3.412921691902345,0.36525633796586443,-0.9713820931652584,2.05,0.62,-1.0,0.0,0.0,0.0,2.05,2.62,-1.0,0.0,0.0,0.0,2.05,4.62,-1.0,0.0,0.0,0.0,2.05,6.62,-1.0,0.0,0.0,0.0,2.05,0.62,1.0,0.0,0.0,0.0,2.05,2.62,1.0,0.0,0.0,0.0,2.05,4.62,1.0,0.0,0.0,0.0,2.05,6.62,1.0,0.0,0.0,0.0,2.39,-5.0,-1.0,0.0,0.0,0.0,2.39,-3.0,-1.0,0.0,0.0,0.0,2.39,-5.0,1.0,0.0,0.0,0.0,2.39,-3.0,1.0,0.0,0.0,0.0,-0.08,-3.95,-1.0,0.0,0.0,0.0,-0.08,-1.95,-1.0,0.0,0.0,0.0,-0.08,0.05,-1.0,0.0,0.0,0.0,-0.08,2.05,-1.0,0.0,0.0,0.0,-0.08,-3.95,1.0,0.0,0.0,0.0,-0.08,-1.95,1.0,0.0,0.0,0.0,-0.08,0.05,1.0,0.0,0.0,0.0,-0.08,2.05,1.0,0.0,0.0,0.0,-3.32,6.932000000000047,2.9351999999996603,0.0,1.8000000000002458,0.7299999999998974,6.21,-8.089199999999515,5.158799999999892,0.0,-1.580000000000581,1.120000000000232,6.21,-6.089199999999482,5.158799999999892,0.0,-1.5799999999996928,1.120000000000232,9.9,-5.369199999999851,-3.8231999999999373,0.0,-1.0799999999999699,-0.9299999999998754,9.9,-3.369199999999851,-3.8231999999999373,0.0,-1.0799999999999699,-0.9299999999998754,0,0,0,0,0,0,0,0,0,0,0,0,0,0,0,0,0,0,0,0,0,0,0,0,0,0,0,0,0,0,0,0,0,0,0,0,0,0,0,0,0,0,0,0,0,0,0,0,0,0,0,0,0,0,0,0,0,0,0,0,0,0,0,0,0,0,0,0,0,0,0,0,0,0,0,0,0,0,0,0,0,0,0,0,0,0,0,0,0,0,0,0,0,0,0,0,0,0,0,0,0,0,0,0,0,0,0,0,0,0,0,0,0,0,0,0,0,0,0,0,0,0,0,0,0,0,0,0,0,0,0,0,0,0,0,0,0,0,0,0,0,0,0,0,0,0,0,0,0,0
11.200451413,3.8518738165712567,-0.6685593972864033,1.7779853288754508,4.082287357142889,0.3652563379659135,-0.9713820931651629,4.0822873571429765,0.36525633796586443,-0.9713820931652584,3.412921691902345,0.36525633796586443,-0.9713820931652584,3.2218994365715155,0.34760276475351803,-0.924425371980113,2.05,0.62,-1.0,0.0,0.0,0.0,2.05,2.62,-1.0,0.0,0.0,0.0,2.05,4.62,-1.0,0.0,0.0,0.0,2.05,6.62,-1.0,0.0,0.0,0.0,2.05,0.62,1.0,0.0,0.0,0.0,2.05,2.62,1.0,0.0,0.0,0.0,2.05,4.62,1.0,0.0,0.0,0.0,2.05,6.62,1.0,0.0,0.0,0.0,2.39,-5.0,-1.0,0.0,0.0,0.0,2.39,-3.0,-1.0,0.0,0.0,0.0,2.39,-5.0,1.0,0.0,0.0,0.0,2.39,-3.0,1.0,0.0,0.0,0.0,-0.08,-3.95,-1.0,0.0,0.0,0.0,-0.08,-1.95,-1.0,0.0,0.0,0.0,-0.08,0.05,-1.0,0.0,0.0,0.0,-0.08,2.05,-1.0,0.0,0.0,0.0,-0.08,-3.95,1.0,0.0,0.0,0.0,-0.08,-1.95,1.0,0.0,0.0,0.0,-0.08,0.05,1.0,0.0,0.0,0.0,-0.08,2.05,1.0,0.0,0.0,0.0,-3.32,7.112000000000071,3.00819999999965,0.0,1.8000000000002458,0.7299999999998974,6.21,-8.247199999999573,5.270799999999915,0.0,-1.580000000000581,1.120000000000232,6.21,-6.247199999999451,5.270799999999915,0.0,-1.5799999999996928,1.120000000000232,9.9,-5.477199999999848,-3.916199999999925,0.0,-1.0799999999999699,-0.9299999999998754,9.9,-3.477199999999848,-3.916199999999925,0.0,-1.0799999999999699,-0.9299999999998754,0,0,0,0,0,0,0,0,0,0,0,0,0,0,0,0,0,0,0,0,0,0,0,0,0,0,0,0,0,0,0,0,0,0,0,0,0,0,0,0,0,0,0,0,0,0,0,0,0,0,0,0,0,0,0,0,0,0,0,0,0,0,0,0,0,0,0,0,0,0,0,0,0,0,0,0,0,0,0,0,0,0,0,0,0,0,0,0,0,0,0,0,0,0,0,0,0,0,0,0,0,0,0,0,0,0,0,0,0,0,0,0,0,0,0,0,0,0,0,0,0,0,0,0,0,0,0,0,0,0,0,0,0,0,0,0,0,0,0,0,0,0,0,0,0,0,0,0,0,0
11.301166798,4.174634805142676,-0.6400803403240499,1.7022469437120142,3.9912873571426033,0.3476027647535407,-0.9244253719800088,3.9912873571429763,0.34760276475351803,-0.924425371980113,3.2218994365715155,0.34760276475351803,-0.924425371980113,3.033240218142943,0.33062713526354254,-0.8792788435060738,2.05,0.62,-1.0,0.0,0.0,0.0,2.05,2.62,-1.0,0.0,0.0,0.0,2.05,4.62,-1.0,0.0,0.0,0.0,2.05,6.62,-1.0,0.0,0.0,0.0,2.05,0.62,1.0,0.0,0.0,0.0,2.05,2.62,1.0,0.0,0.0,0.0,2.05,4.62,1.0,0.0,0.0,0.0,2.05,6.62,1.0,0.0,0.0,0.0,2.39,-5.0,-1.0,0.0,0.0,0.0,2.39,-3.0,-1.0,0.0,0.0,0.0,2.39,-5.0,1.0,0.0,0.0,0.0,2.39,-3.0,1.0,0.0,0.0,0.0,-0.08,-3.95,-1.0,0.0,0.0,0.0,-0.08,-1.95,-1.0,0.0,0.0,0.0,-0.08,0.05,-1.0,0.0,0.0,0.0,-0.08,2.05,-1.0,0.0,0.0,0.0,-0.08,-3.95,1.0,0.0,0.0,0.0,-0.08,-1.95,1.0,0.0,0.0,0.0,-0.08,0.05,1.0,0.0,0.0,0.0,-0.08,2.05,1.0,0.0,0.0,0.0,-3.32,7.256000000000091,3.066599999999642,0.0,1.8000000000002458,0.7299999999998974,6.21,-8.37359999999962,5.360399999999934,0.0,-1.580000000000581,1.120000000000232,6.21,-6.373599999999427,5.360399999999934,0.0,-1.5799999999996928,1.120000000000232,9.9,-5.563599999999846,-3.990599999999915,0.0,-1.0799999999999699,-0.9299999999998754,9.9,-3.5635999999998456,-3.990599999999915,0.0,-1.0799999999999699,-0.9299999999998754,0,0,0,0,0,0,0,0,0,0,0,0,0,0,0,0,0,0,0,0,0,0,0,0,0,0,0,0,0,0,0,0,0,0,0,0,0,0,0,0,0,0,0,0,0,0,0,0,0,0,0,0,0,0,0,0,0,0,0,0,0,0,0,0,0,0,0,0,0,0,0,0,0,0,0,0,0,0,0,0,0,0,0,0,0,0,0,0,0,0,0,0,0,0,0,0,0,0,0,0,0,0,0,0,0,0,0,0,0,0,0,0,0,0,0,0,0,0,0,0,0,0,0,0,0,0,0,0,0,0,0,0,0,0,0,0,0,0,0,0,0,0,0,0,0,0,0,0,0,0
11.400752183,4.569003540856968,-0.6062706991001353,1.6123326121085502,3.9062873571431567,0.33062713526355036,-0.8792788435061372,3.9062873571429764,0.33062713526354254,-0.8792788435060738,3.033240218142943,0.33062713526354254,-0.8792788435060738,2.856804574428665,0.3151737314554754,-0.8381815166482871,2.05,0.62,-1.0,0.0,0.0,0.0,2.05,2.62,-1.0,0.0,0.0,0.0,2.05,4.62,-1.0,0.0,0.0,0.0,2.05,6.62,-1.0,0.0,0.0,0.0,2.05,0.62,1.0,0.0,0.0,0.0,2.05,2.62,1.0,0.0,0.0,0.0,2.05,4.62,1.0,0.0,0.0,0.0,2.05,6.62,1.0,0.0,0.0,0.0,2.39,-5.0,-1.0,0.0,0.0,0.0,2.39,-3.0,-1.0,0.0,0.0,0.0,2.39,-5.0,1.0,0.0,0.0,0.0,2.39,-3.0,1.0,0.0,0.0,0.0,-0.08,-3.95,-1.0,0.0,0.0,0.0,-0.08,-1.95,-1.0,0.0,0.0,0.0,-0.08,0.05,-1.0,0.0,0.0,0.0,-0.08,2.05,-1.0,0.0,0.0,0.0,-0.08,-3.95,1.0,0.0,0.0,0.0,-0.08,-1.95,1.0,0.0,0.0,0.0,-0.08,0.05,1.0,0.0,0.0,0.0,-0.08,2.05,1.0,0.0,0.0,0.0,-3.32,7.436000000000115,3.1395999999996316,0.0,1.8000000000002458,0.7299999999998974,6.21,-8.531599999999678,5.472399999999957,0.0,-1.580000000000581,1.120000000000232,6.21,-6.531599999999396,5.472399999999957,0.0,-1.5799999999996928,1.120000000000232,9.9,-5.6715999999998425,-4.083599999999942,0.0,-1.0799999999999699,-0.9300000000003195,9.9,-3.6715999999998425,-4.083599999999942,0.0,-1.0799999999999699,-0.9300000000003195,0,0,0,0,0,0,0,0,0,0,0,0,0,0,0,0,0,0,0,0,0,0,0,0,0,0,0,0,0,0,0,0,0,0,0,0,0,0,0,0,0,0,0,0,0,0,0,0,0,0,0,0,0,0,0,0,0,0,0,0,0,0,0,0,0,0,0,0,0,0,0,0,0,0,0,0,0,0,0,0,0,0,0,0,0,0,0,0,0,0,0,0,0,0,0,0,0,0,0,0,0,0,0,0,0,0,0,0,0,0,0,0,0,0,0,0,0,0,0,0,0,0,0,0,0,0,0,0,0,0,0,0,0,0,0,0,0,0,0,0,0,0,0,0,0,0,0,0,0,0
11.504367763,4.9539322765712965,-0.5740888295908386,1.5267472753888347,3.8062873571433897,0.3151737314555092,-0.8381815166482731,3.8062873571429763,0.3151737314554754,-0.8381815166482871,2.856804574428665,0.3151737314554754,-0.8381815166482871,2.6764353560000846,0.29982907819743215,-0.7973735176192137,2.05,0.62,-1.0,0.0,0.0,0.0,2.05,2.62,-1.0,0.0,0.0,0.0,2.05,4.62,-1.0,0.0,0.0,0.0,2.05,6.62,-1.0,0.0,0.0,0.0,2.05,0.62,1.0,0.0,0.0,0.0,2.05,2.62,1.0,0.0,0.0,0.0,2.05,4.62,1.0,0.0,0.0,0.0,2.05,6.62,1.0,0.0,0.0,0.0,2.39,-5.0,-1.0,0.0,0.0,0.0,2.39,-3.0,-1.0,0.0,0.0,0.0,2.39,-5.0,1.0,0.0,0.0,0.0,2.39,-3.0,1.0,0.0,0.0,0.0,-0.08,-3.95,-1.0,0.0,0.0,0.0,-0.08,-1.95,-1.0,0.0,0.0,0.0,-0.08,0.05,-1.0,0.0,0.0,0.0,-0.08,2.05,-1.0,0.0,0.0,0.0,-0.08,-3.95,1.0,0.0,0.0,0.0,-0.08,-1.95,1.0,0.0,0.0,0.0,-0.08,0.05,1.0,0.0,0.0,0.0,-0.08,2.05,1.0,0.0,0.0,0.0,-3.32,7.580000000000135,3.1979999999996234,0.0,1.8000000000002458,0.7299999999998974,6.21,-8.657999999999724,5.561999999999975,0.0,-1.580000000000581,1.120000000000232,6.21,-6.689599999999365,5.58439999999998,0.0,-1.5799999999996928,1.120000000000232,9.9,-5.75799999999984,-4.1579999999999675,0.0,-1.0799999999999699,-0.9300000000003195,9.9,-3.75799999999984,-4.1579999999999675,0.0,-1.0799999999999699,-0.9300000000003195,0,0,0,0,0,0,0,0,0,0,0,0,0,0,0,0,0,0,0,0,0,0,0,0,0,0,0,0,0,0,0,0,0,0,0,0,0,0,0,0,0,0,0,0,0,0,0,0,0,0,0,0,0,0,0,0,0,0,0,0,0,0,0,0,0,0,0,0,0,0,0,0,0,0,0,0,0,0,0,0,0,0,0,0,0,0,0,0,0,0,0,0,0,0,0,0,0,0,0,0,0,0,0,0,0,0,0,0,0,0,0,0,0,0,0,0,0,0,0,0,0,0,0,0,0,0,0,0,0,0,0,0,0,0,0,0,0,0,0,0,0,0,0,0,0,0,0,0,0,0
11.600798405,5.254252265142767,-0.5495961297775254,1.4616107300113386,3.717287357143384,0.2998290781974777,-0.7973735176192154,3.7172873571429763,0.29982907819743215,-0.7973735176192137,2.6764353560000846,0.29982907819743215,-0.7973735176192137,2.4982929938929197,0.2849957855409585,-0.7579254578362036,2.05,0.62,-1.0,0.0,0.0,0.0,2.05,2.62,-1.0,0.0,0.0,0.0,2.05,4.62,-1.0,0.0,0.0,0.0,2.05,6.62,-1.0,0.0,0.0,0.0,2.05,0.62,1.0,0.0,0.0,0.0,2.05,2.62,1.0,0.0,0.0,0.0,2.05,4.62,1.0,0.0,0.0,0.0,2.05,6.62,1.0,0.0,0.0,0.0,2.39,-5.0,-1.0,0.0,0.0,0.0,2.39,-3.0,-1.0,0.0,0.0,0.0,2.39,-5.0,1.0,0.0,0.0,0.0,2.39,-3.0,1.0,0.0,0.0,0.0,-0.08,-3.95,-1.0,0.0,0.0,0.0,-0.08,-1.95,-1.0,0.0,0.0,0.0,-0.08,0.05,-1.0,0.0,0.0,0.0,-0.08,2.05,-1.0,0.0,0.0,0.0,-0.08,-3.95,1.0,0.0,0.0,0.0,-0.08,-1.95,1.0,0.0,0.0,0.0,-0.08,0.05,1.0,0.0,0.0,0.0,-0.08,2.05,1.0,0.0,0.0,0.0,-3.32,7.76000000000016,3.270999999999613,0.0,1.8000000000002458,0.7299999999998974,6.21,-8.815999999999782,5.673999999999999,0.0,-1.580000000000581,1.120000000000232,6.21,-6.815999999999341,5.673999999999999,0.0,-1.5799999999996928,1.120000000000232,9.9,-5.865999999999837,-4.2509999999999994,0.0,-1.0799999999999699,-0.9300000000003195,9.9,-3.865999999999837,-4.2509999999999994,0.0,-1.0799999999999699,-0.9300000000003195,0,0,0,0,0,0,0,0,0,0,0,0,0,0,0,0,0,0,0,0,0,0,0,0,0,0,0,0,0,0,0,0,0,0,0,0,0,0,0,0,0,0,0,0,0,0,0,0,0,0,0,0,0,0,0,0,0,0,0,0,0,0,0,0,0,0,0,0,0,0,0,0,0,0,0,0,0,0,0,0,0,0,0,0,0,0,0,0,0,0,0,0,0,0,0,0,0,0,0,0,0,0,0,0,0,0,0,0,0,0,0,0,0,0,0,0,0,0,0,0,0,0,0,0,0,0,0,0,0,0,0,0,0,0,0,0,0,0,0,0,0,0,0,0,0,0,0,0,0,0
11.703476374,5.620789000857061,-0.5204883862245112,1.3842008137766113,3.62928735714263,0.2849957855409757,-0.7579254578362615,3.6292873571429762,0.2849957855409585,-0.7579254578362036,2.4982929938929197,0.2849957855409585,-0.7579254578362036,2.3301250628214674,0.2713500304894917,-0.7216355695530483,2.05,0.62,-1.0,0.0,0.0,0.0,2.05,2.62,-1.0,0.0,0.0,0.0,2.05,4.62,-1.0,0.0,0.0,0.0,2.05,6.62,-1.0,0.0,0.0,0.0,2.05,0.62,1.0,0.0,0.0,0.0,2.05,2.62,1.0,0.0,0.0,0.0,2.05,4.62,1.0,0.0,0.0,0.0,2.05,6.62,1.0,0.0,0.0,0.0,2.39,-5.0,-1.0,0.0,0.0,0.0,2.39,-3.0,-1.0,0.0,0.0,0.0,2.39,-5.0,1.0,0.0,0.0,0.0,2.39,-3.0,1.0,0.0,0.0,0.0,-0.08,-3.95,-1.0,0.0,0.0,0.0,-0.08,-1.95,-1.0,0.0,0.0,0.0,-0.08,0.05,-1.0,0.0,0.0,0.0,-0.08,2.05,-1.0,0.0,0.0,0.0,-0.08,-3.95,1.0,0.0,0.0,0.0,-0.08,-1.95,1.0,0.0,0.0,0.0,-0.08,0.05,1.0,0.0,0.0,0.0,-0.08,2.05,1.0,0.0,0.0,0.0,-3.32,7.940000000000184,3.343999999999603,0.0,1.8000000000002458,0.7299999999998974,6.21,-8.97399999999984,5.786000000000022,0.0,-1.580000000000581,1.120000000000232,6.21,-6.97399999999931,5.786000000000022,0.0,-1.5799999999996928,1.120000000000232,9.9,-5.973999999999834,-4.344000000000031,0.0,-1.0799999999999699,-0.9300000000003195,9.9,-3.973999999999834,-4.344000000000031,0.0,-1.0799999999999699,-0.9300000000003195,0,0,0,0,0,0,0,0,0,0,0,0,0,0,0,0,0,0,0,0,0,0,0,0,0,0,0,0,0,0,0,0,0,0,0,0,0,0,0,0,0,0,0,0,0,0,0,0,0,0,0,0,0,0,0,0,0,0,0,0,0,0,0,0,0,0,0,0,0,0,0,0,0,0,0,0,0,0,0,0,0,0,0,0,0,0,0,0,0,0,0,0,0,0,0,0,0,0,0,0,0,0,0,0,0,0,0,0,0,0,0,0,0,0,0,0,0,0,0,0,0,0,0,0,0,0,0,0,0,0,0,0,0,0,0,0,0,0,0,0,0,0,0,0,0,0,0,0,0,0
11.80186221,5.907015989428493,-0.498261845093395,1.325090952457609,3.5312873571431425,0.27135003048950335,-0.7216355695529586,3.5312873571429764,0.2713500304894917,-0.7216355695530483,2.3301250628214674,0.2713500304894917,-0.7216355695530483,2.1678297754286135,0.25853421839900975,-0.6875528541412881,2.05,0.62,-1.0,0.0,0.0,0.0,2.05,2.62,-1.0,0.0,0.0,0.0,2.05,4.62,-1.0,0.0,0.0,0.0,2.05,6.62,-1.0,0.0,0.0,0.0,2.05,0.62,1.0,0.0,0.0,0.0,2.05,2.62,1.0,0.0,0.0,0.0,2.05,4.62,1.0,0.0,0.0,0.0,2.05,6.62,1.0,0.0,0.0,0.0,2.39,-5.0,-1.0,0.0,0.0,0.0,2.39,-3.0,-1.0,0.0,0.0,0.0,2.39,-5.0,1.0,0.0,0.0,0.0,2.39,-3.0,1.0,0.0,0.0,0.0,-0.08,-3.95,-1.0,0.0,0.0,0.0,-0.08,-1.95,-1.0,0.0,0.0,0.0,-0.08,0.05,-1.0,0.0,0.0,0.0,-0.08,2.05,-1.0,0.0,0.0,0.0,-0.08,-3.95,1.0,0.0,0.0,0.0,-0.08,-1.95,1.0,0.0,0.0,0.0,-0.08,0.05,1.0,0.0,0.0,0.0,-0.08,2.05,1.0,0.0,0.0,0.0,-3.32,8.084000000000163,3.4023999999995946,0.0,1.7999999999993577,0.7299999999998974,6.21,-9.100399999999887,5.87560000000004,0.0,-1.580000000000581,1.120000000000232,6.21,-7.1003999999992855,5.87560000000004,0.0,-1.5799999999996928,1.120000000000232,9.9,-6.060399999999832,-4.418400000000057,0.0,-1.0799999999999699,-0.9300000000003195,9.9,-4.060399999999832,-4.418400000000057,0.0,-1.0799999999999699,-0.9300000000003195,0,0,0,0,0,0,0,0,0,0,0,0,0,0,0,0,0,0,0,0,0,0,0,0,0,0,0,0,0,0,0,0,0,0,0,0,0,0,0,0,0,0,0,0,0,0,0,0,0,0,0,0,0,0,0,0,0,0,0,0,0,0,0,0,0,0,0,0,0,0,0,0,0,0,0,0,0,0,0,0,0,0,0,0,0,0,0,0,0,0,0,0,0,0,0,0,0,0,0,0,0,0,0,0,0,0,0,0,0,0,0,0,0,0,0,0,0,0,0,0,0,0,0,0,0,0,0,0,0,0,0,0,0,0,0,0,0,0,0,0,0,0,0,0,0,0,0,0,0,0
11.900732538,6.255330725142804,-0.47187015914569397,1.254904192996193,3.448287357143087,0.25853421839899804,-0.6875528541412379,3.448287357142976,0.25853421839900975,-0.6875528541412881,2.1678297754286135,0.25853421839900975,-0.6875528541412881,1.998819625964321,0.2454676971350892,-0.6528033960398396,2.05,0.62,-1.0,0.0,0.0,0.0,2.05,2.62,-1.0,0.0,0.0,0.0,2.05,4.62,-1.0,0.0,0.0,0.0,2.05,6.62,-1.0,0.0,0.0,0.0,2.05,0.62,1.0,0.0,0.0,0.0,2.05,2.62,1.0,0.0,0.0,0.0,2.05,4.62,1.0,0.0,0.0,0.0,2.05,6.62,1.0,0.0,0.0,0.0,2.39,-5.0,-1.0,0.0,0.0,0.0,2.39,-3.0,-1.0,0.0,0.0,0.0,2.39,-5.0,1.0,0.0,0.0,0.0,2.39,-3.0,1.0,0.0,0.0,0.0,-0.08,-3.95,-1.0,0.0,0.0,0.0,-0.08,-1.95,-1.0,0.0,0.0,0.0,-0.08,0.05,-1.0,0.0,0.0,0.0,-0.08,2.05,-1.0,0.0,0.0,0.0,-0.08,-3.95,1.0,0.0,0.0,0.0,-0.08,-1.95,1.0,0.0,0.0,0.0,-0.08,0.05,1.0,0.0,0.0,0.0,-0.08,2.05,1.0,0.0,0.0,0.0,-3.32,8.264000000000099,3.4753999999995844,0.0,1.7999999999993577,0.7299999999998974,6.21,-9.258399999999945,5.9876000000000635,0.0,-1.580000000000581,1.120000000000232,6.21,-7.258399999999255,5.9876000000000635,0.0,-1.5799999999996928,1.120000000000232,9.9,-6.168399999999829,-4.511400000000089,0.0,-1.0799999999999699,-0.9300000000003195,9.9,-4.168399999999829,-4.511400000000089,0.0,-1.0799999999999699,-0.9300000000003195,0,0,0,0,0,0,0,0,0,0,0,0,0,0,0,0,0,0,0,0,0,0,0,0,0,0,0,0,0,0,0,0,0,0,0,0,0,0,0,0,0,0,0,0,0,0,0,0,0,0,0,0,0,0,0,0,0,0,0,0,0,0,0,0,0,0,0,0,0,0,0,0,0,0,0,0,0,0,0,0,0,0,0,0,0,0,0,0,0,0,0,0,0,0,0,0,0,0,0,0,0,0,0,0,0,0,0,0,0,0,0,0,0,0,0,0,0,0,0,0,0,0,0,0,0,0,0,0,0,0,0,0,0,0,0,0,0,0,0,0,0,0,0,0,0,0,0,0,0,0
12.000286492,6.594207460857107,-0.44682686162415763,1.188303373984359,3.352287357142991,0.2454676971350711,-0.6528033960397917,3.352287357142976,0.2454676971350892,-0.6528033960398396,1.998819625964321,0.2454676971350892,-0.6528033960398396,1.8344130765000242,0.23309250982258442,-0.619892490048353,2.05,0.62,-1.0,0.0,0.0,0.0,2.05,2.62,-1.0,0.0,0.0,0.0,2.05,4.62,-1.0,0.0,0.0,0.0,2.05,6.62,-1.0,0.0,0.0,0.0,2.05,0.62,1.0,0.0,0.0,0.0,2.05,2.62,1.0,0.0,0.0,0.0,2.05,4.62,1.0,0.0,0.0,0.0,2.05,6.62,1.0,0.0,0.0,0.0,2.39,-5.0,-1.0,0.0,0.0,0.0,2.39,-3.0,-1.0,0.0,0.0,0.0,2.39,-5.0,1.0,0.0,0.0,0.0,2.39,-3.0,1.0,0.0,0.0,0.0,-0.08,-3.95,-1.0,0.0,0.0,0.0,-0.08,-1.95,-1.0,0.0,0.0,0.0,-0.08,0.05,-1.0,0.0,0.0,0.0,-0.08,2.05,-1.0,0.0,0.0,0.0,-0.08,-3.95,1.0,0.0,0.0,0.0,-0.08,-1.95,1.0,0.0,0.0,0.0,-0.08,0.05,1.0,0.0,0.0,0.0,-0.08,2.05,1.0,0.0,0.0,0.0,-3.32,8.444000000000035,3.548399999999574,0.0,1.7999999999993577,0.7299999999998974,6.21,-9.416400000000003,6.099600000000087,0.0,-1.580000000000581,1.120000000000232,6.21,-7.416399999999224,6.099600000000087,0.0,-1.5799999999996928,1.120000000000232,9.9,-6.276399999999826,-4.604400000000121,0.0,-1.0799999999999699,-0.9300000000003195,9.9,-4.276399999999826,-4.604400000000121,0.0,-1.0799999999999699,-0.9300000000003195,0,0,0,0,0,0,0,0,0,0,0,0,0,0,0,0,0,0,0,0,0,0,0,0,0,0,0,0,0,0,0,0,0,0,0,0,0,0,0,0,0,0,0,0,0,0,0,0,0,0,0,0,0,0,0,0,0,0,0,0,0,0,0,0,0,0,0,0,0,0,0,0,0,0,0,0,0,0,0,0,0,0,0,0,0,0,0,0,0,0,0,0,0,0,0,0,0,0,0,0,0,0,0,0,0,0,0,0,0,0,0,0,0,0,0,0,0,0,0,0,0,0,0,0,0,0,0,0,0,0,0,0,0,0,0,0,0,0,0,0,0,0,0,0,0,0,0,0,0,0
12.102453672,6.858190449428556,-0.42770920372047727,1.1374613603528116,3.2522873571432243,0.23309250982256335,-0.619892490048457,3.252287357142976,0.23309250982258442,-0.619892490048353,1.8344130765000242,0.23309250982258442,-0.619892490048353,1.6727256833571595,0.22120422153786318,-0.5882764564278213,2.05,0.62,-1.0,0.0,0.0,0.0,2.05,2.62,-1.0,0.0,0.0,0.0,2.05,4.62,-1.0,0.0,0.0,0.0,2.05,6.62,-1.0,0.0,0.0,0.0,2.05,0.62,1.0,0.0,0.0,0.0,2.05,2.62,1.0,0.0,0.0,0.0,2.05,4.62,1.0,0.0,0.0,0.0,2.05,6.62,1.0,0.0,0.0,0.0,2.39,-5.0,-1.0,0.0,0.0,0.0,2.39,-3.0,-1.0,0.0,0.0,0.0,2.39,-5.0,1.0,0.0,0.0,0.0,2.39,-3.0,1.0,0.0,0.0,0.0,-0.08,-3.95,-1.0,0.0,0.0,0.0,-0.08,-1.95,-1.0,0.0,0.0,0.0,-0.08,0.05,-1.0,0.0,0.0,0.0,-0.08,2.05,-1.0,0.0,0.0,0.0,-0.08,-3.95,1.0,0.0,0.0,0.0,-0.08,-1.95,1.0,0.0,0.0,0.0,-0.08,0.05,1.0,0.0,0.0,0.0,-0.08,2.05,1.0,0.0,0.0,0.0,-3.32,8.587999999999983,3.606799999999566,0.0,1.7999999999993577,0.7299999999998974,6.21,-9.54280000000005,6.189200000000105,0.0,-1.580000000000581,1.120000000000232,6.21,-7.5427999999991995,6.189200000000105,0.0,-1.5799999999996928,1.120000000000232,9.9,-6.362799999999823,-4.678800000000146,0.0,-1.0799999999999699,-0.9300000000003195,9.9,-4.362799999999823,-4.678800000000146,0.0,-1.0799999999999699,-0.9300000000003195,0,0,0,0,0,0,0,0,0,0,0,0,0,0,0,0,0,0,0,0,0,0,0,0,0,0,0,0,0,0,0,0,0,0,0,0,0,0,0,0,0,0,0,0,0,0,0,0,0,0,0,0,0,0,0,0,0,0,0,0,0,0,0,0,0,0,0,0,0,0,0,0,0,0,0,0,0,0,0,0,0,0,0,0,0,0,0,0,0,0,0,0,0,0,0,0,0,0,0,0,0,0,0,0,0,0,0,0,0,0,0,0,0,0,0,0,0,0,0,0,0,0,0,0,0,0,0,0,0,0,0,0,0,0,0,0,0,0,0,0,0,0,0,0,0,0,0,0,0,0
12.201488622,7.051487690857138,-0.4139970837616713,1.1009949797231797,3.1722873571427,0.221204221537874,-0.5882764564277831,3.172287357142976,0.22120422153786318,-0.5882764564278213,1.6727256833571595,0.22120422153786318,-0.5882764564278213,1.5367617580357185,0.21140802212872306,-0.5622241802334186,2.05,0.62,-1.0,0.0,0.0,0.0,2.05,2.62,-1.0,0.0,0.0,0.0,2.05,4.62,-1.0,0.0,0.0,0.0,2.05,6.62,-1.0,0.0,0.0,0.0,2.05,0.62,1.0,0.0,0.0,0.0,2.05,2.62,1.0,0.0,0.0,0.0,2.05,4.62,1.0,0.0,0.0,0.0,2.05,6.62,1.0,0.0,0.0,0.0,2.39,-5.0,-1.0,0.0,0.0,0.0,2.39,-3.0,-1.0,0.0,0.0,0.0,2.39,-5.0,1.0,0.0,0.0,0.0,2.39,-3.0,1.0,0.0,0.0,0.0,-0.08,-3.95,-1.0,0.0,0.0,0.0,-0.08,-1.95,-1.0,0.0,0.0,0.0,-0.08,0.05,-1.0,0.0,0.0,0.0,-0.08,2.05,-1.0,0.0,0.0,0.0,-0.08,-3.95,1.0,0.0,0.0,0.0,-0.08,-1.95,1.0,0.0,0.0,0.0,-0.08,0.05,1.0,0.0,0.0,0.0,-0.08,2.05,1.0,0.0,0.0,0.0,-3.32,8.695999999999945,3.6505999999995598,0.0,1.7999999999993577,0.7299999999998974,6.21,-9.637600000000084,6.256400000000119,0.0,-1.580000000000581,1.120000000000232,6.21,-7.637599999999181,6.256400000000119,0.0,-1.5799999999996928,1.120000000000232,9.9,-6.4275999999998215,-4.734600000000166,0.0,-1.0799999999999699,-0.9300000000003195,9.9,-4.4275999999998215,-4.734600000000166,0.0,-1.0799999999999699,-0.9300000000003195,0,0,0,0,0,0,0,0,0,0,0,0,0,0,0,0,0,0,0,0,0,0,0,0,0,0,0,0,0,0,0,0,0,0,0,0,0,0,0,0,0,0,0,0,0,0,0,0,0,0,0,0,0,0,0,0,0,0,0,0,0,0,0,0,0,0,0,0,0,0,0,0,0,0,0,0,0,0,0,0,0,0,0,0,0,0,0,0,0,0,0,0,0,0,0,0,0,0,0,0,0,0,0,0,0,0,0,0,0,0,0,0,0,0,0,0,0,0,0,0,0,0,0,0,0,0,0,0,0,0,0,0,0,0,0,0,0,0,0,0,0,0,0,0,0,0,0,0,0,0
12.30405074,7.17745918514286,-0.4053742274865671,1.0780631238185383,3.1322873571433263,0.2114080221287118,-0.5622241802334393,3.132287357142976,0.21140802212872306,-0.5622241802334186,1.5367617580357185,0.21140802212872306,-0.5622241802334186,1.458424717785717,0.20589986792270315,-0.5475756467865966,2.05,0.62,-1.0,0.0,0.0,0.0,2.05,2.62,-1.0,0.0,0.0,0.0,2.05,4.62,-1.0,0.0,0.0,0.0,2.05,6.62,-1.0,0.0,0.0,0.0,2.05,0.62,1.0,0.0,0.0,0.0,2.05,2.62,1.0,0.0,0.0,0.0,2.05,4.62,1.0,0.0,0.0,0.0,2.05,6.62,1.0,0.0,0.0,0.0,2.39,-5.0,-1.0,0.0,0.0,0.0,2.39,-3.0,-1.0,0.0,0.0,0.0,2.39,-5.0,1.0,0.0,0.0,0.0,2.39,-3.0,1.0,0.0,0.0,0.0,-0.08,-3.95,-1.0,0.0,0.0,0.0,-0.08,-1.95,-1.0,0.0,0.0,0.0,-0.08,0.05,-1.0,0.0,0.0,0.0,-0.08,2.05,-1.0,0.0,0.0,0.0,-0.08,-3.95,1.0,0.0,0.0,0.0,-0.08,-1.95,1.0,0.0,0.0,0.0,-0.08,0.05,1.0,0.0,0.0,0.0,-0.08,2.05,1.0,0.0,0.0,0.0,-3.32,8.767999999999919,3.6797999999995556,0.0,1.7999999999993577,0.7299999999998974,6.21,-9.700800000000108,6.3012000000001285,0.0,-1.580000000000581,1.120000000000232,6.21,-7.700799999999169,6.3012000000001285,0.0,-1.5799999999996928,1.120000000000232,9.9,-6.47079999999982,-4.771800000000178,0.0,-1.0799999999999699,-0.9300000000003195,9.9,-4.47079999999982,-4.771800000000178,0.0,-1.0799999999999699,-0.9300000000003195,0,0,0,0,0,0,0,0,0,0,0,0,0,0,0,0,0,0,0,0,0,0,0,0,0,0,0,0,0,0,0,0,0,0,0,0,0,0,0,0,0,0,0,0,0,0,0,0,0,0,0,0,0,0,0,0,0,0,0,0,0,0,0,0,0,0,0,0,0,0,0,0,0,0,0,0,0,0,0,0,0,0,0,0,0,0,0,0,0,0,0,0,0,0,0,0,0,0,0,0,0,0,0,0,0,0,0,0,0,0,0,0,0,0,0,0,0,0,0,0,0,0,0,0,0,0,0,0,0,0,0,0,0,0,0,0,0,0,0,0,0,0,0,0,0,0,0,0,0,0
12.404156681,7.3638064265714505,-0.3928549907850251,1.044769129007939,3.0792873571430235,0.20589986792268755,-0.5475756467865356,3.079287357142976,0.20589986792270315,-0.5475756467865966,1.458424717785717,0.20589986792270315,-0.5475756467865966,1.3815136775357084,0.20067873753306076,-0.5336904321970515,2.05,0.62,-1.0,0.0,0.0,0.0,2.05,2.62,-1.0,0.0,0.0,0.0,2.05,4.62,-1.0,0.0,0.0,0.0,2.05,6.62,-1.0,0.0,0.0,0.0,2.05,0.62,1.0,0.0,0.0,0.0,2.05,2.62,1.0,0.0,0.0,0.0,2.05,4.62,1.0,0.0,0.0,0.0,2.05,6.62,1.0,0.0,0.0,0.0,2.39,-5.0,-1.0,0.0,0.0,0.0,2.39,-3.0,-1.0,0.0,0.0,0.0,2.39,-5.0,1.0,0.0,0.0,0.0,2.39,-3.0,1.0,0.0,0.0,0.0,-0.08,-3.95,-1.0,0.0,0.0,0.0,-0.08,-1.95,-1.0,0.0,0.0,0.0,-0.08,0.05,-1.0,0.0,0.0,0.0,-0.08,2.05,-1.0,0.0,0.0,0.0,-0.08,-3.95,1.0,0.0,0.0,0.0,-0.08,-1.95,1.0,0.0,0.0,0.0,-0.08,0.05,1.0,0.0,0.0,0.0,-0.08,2.05,1.0,0.0,0.0,0.0,-3.32,8.87599999999988,3.7235999999995495,0.0,1.7999999999993577,0.7299999999998974,6.21,-9.827200000000154,6.390800000000147,0.0,-1.580000000000581,1.120000000000232,6.21,-7.79559999999915,6.368400000000142,0.0,-1.5799999999996928,1.120000000000232,9.9,-6.535599999999818,-4.8276000000001975,0.0,-1.0799999999999699,-0.9300000000003195,9.9,-4.535599999999818,-4.8276000000001975,0.0,-1.0799999999999699,-0.9300000000003195,0,0,0,0,0,0,0,0,0,0,0,0,0,0,0,0,0,0,0,0,0,0,0,0,0,0,0,0,0,0,0,0,0,0,0,0,0,0,0,0,0,0,0,0,0,0,0,0,0,0,0,0,0,0,0,0,0,0,0,0,0,0,0,0,0,0,0,0,0,0,0,0,0,0,0,0,0,0,0,0,0,0,0,0,0,0,0,0,0,0,0,0,0,0,0,0,0,0,0,0,0,0,0,0,0,0,0,0,0,0,0,0,0,0,0,0,0,0,0,0,0,0,0,0,0,0,0,0,0,0,0,0,0,0,0,0,0,0,0,0,0,0,0,0,0,0,0,0,0,0
12.501533898,7.667847162285764,-0.37251561825145924,0.990678054629579,2.998287357143248,0.20067873753304433,-0.533690432197087,2.998287357142976,0.20067873753306076,-0.5336904321970515,1.3815136775357084,0.20067873753306076,-0.5336904321970515,1.270367832678558,0.1932360474397109,-0.5138971419787782,2.05,0.62,-1.0,0.0,0.0,0.0,2.05,2.62,-1.0,0.0,0.0,0.0,2.05,4.62,-1.0,0.0,0.0,0.0,2.05,6.62,-1.0,0.0,0.0,0.0,2.05,0.62,1.0,0.0,0.0,0.0,2.05,2.62,1.0,0.0,0.0,0.0,2.05,4.62,1.0,0.0,0.0,0.0,2.05,6.62,1.0,0.0,0.0,0.0,2.39,-5.0,-1.0,0.0,0.0,0.0,2.39,-3.0,-1.0,0.0,0.0,0.0,2.39,-5.0,1.0,0.0,0.0,0.0,2.39,-3.0,1.0,0.0,0.0,0.0,-0.08,-3.95,-1.0,0.0,0.0,0.0,-0.08,-1.95,-1.0,0.0,0.0,0.0,-0.08,0.05,-1.0,0.0,0.0,0.0,-0.08,2.05,-1.0,0.0,0.0,0.0,-0.08,-3.95,1.0,0.0,0.0,0.0,-0.08,-1.95,1.0,0.0,0.0,0.0,-0.08,0.05,1.0,0.0,0.0,0.0,-0.08,2.05,1.0,0.0,0.0,0.0,-3.32,9.055999999999816,3.7965999999995392,0.0,1.7999999999993577,0.7299999999998974,6.21,-9.9536000000002,6.480400000000166,0.0,-1.580000000000581,1.120000000000232,6.21,-7.95359999999912,6.480400000000166,0.0,-1.5799999999996928,1.120000000000232,9.9,-6.643599999999815,-4.9206000000002295,0.0,-1.0799999999999699,-0.9300000000003195,9.9,-4.643599999999815,-4.9206000000002295,0.0,-1.0799999999999699,-0.9300000000003195,0,0,0,0,0,0,0,0,0,0,0,0,0,0,0,0,0,0,0,0,0,0,0,0,0,0,0,0,0,0,0,0,0,0,0,0,0,0,0,0,0,0,0,0,0,0,0,0,0,0,0,0,0,0,0,0,0,0,0,0,0,0,0,0,0,0,0,0,0,0,0,0,0,0,0,0,0,0,0,0,0,0,0,0,0,0,0,0,0,0,0,0,0,0,0,0,0,0,0,0,0,0,0,0,0,0,0,0,0,0,0,0,0,0,0,0,0,0,0,0,0,0,0,0,0,0,0,0,0,0,0,0,0,0,0,0,0,0,0,0,0,0,0,0,0,0,0,0,0,0
12.606714925,7.903682150857225,-0.3568557818237627,0.9490318644353811,2.922287357143283,0.19323604743970435,-0.513897141978803,2.922287357142976,0.1932360474397109,-0.5138971419787782,1.270367832678558,0.1932360474397109,-0.5138971419787782,1.1403768129387473,0.18453770566116065,-0.4907645378959573,2.05,0.62,-1.0,0.0,0.0,0.0,2.05,2.62,-1.0,0.0,0.0,0.0,2.05,4.62,-1.0,0.0,0.0,0.0,2.05,6.62,-1.0,0.0,0.0,0.0,2.05,0.62,1.0,0.0,0.0,0.0,2.05,2.62,1.0,0.0,0.0,0.0,2.05,4.62,1.0,0.0,0.0,0.0,2.05,6.62,1.0,0.0,0.0,0.0,2.39,-5.0,-1.0,0.0,0.0,0.0,2.39,-3.0,-1.0,0.0,0.0,0.0,2.39,-5.0,1.0,0.0,0.0,0.0,2.39,-3.0,1.0,0.0,0.0,0.0,-0.08,-3.95,-1.0,0.0,0.0,0.0,-0.08,-1.95,-1.0,0.0,0.0,0.0,-0.08,0.05,-1.0,0.0,0.0,0.0,-0.08,2.05,-1.0,0.0,0.0,0.0,-0.08,-3.95,1.0,0.0,0.0,0.0,-0.08,-1.95,1.0,0.0,0.0,0.0,-0.08,0.05,1.0,0.0,0.0,0.0,-0.08,2.05,1.0,0.0,0.0,0.0,-3.32,9.199999999999765,3.854999999999531,0.0,1.7999999999993577,0.7299999999998974,6.21,-10.080000000000247,6.570000000000184,0.0,-1.580000000000581,1.120000000000232,6.21,-8.07999999999914,6.570000000000184,0.0,-1.580000000000581,1.120000000000232,9.9,-6.729999999999813,-4.995000000000255,0.0,-1.0799999999999699,-0.9300000000003195,9.9,-4.729999999999813,-4.995000000000255,0.0,-1.0799999999999699,-0.9300000000003195,0,0,0,0,0,0,0,0,0,0,0,0,0,0,0,0,0,0,0,0,0,0,0,0,0,0,0,0,0,0,0,0,0,0,0,0,0,0,0,0,0,0,0,0,0,0,0,0,0,0,0,0,0,0,0,0,0,0,0,0,0,0,0,0,0,0,0,0,0,0,0,0,0,0,0,0,0,0,0,0,0,0,0,0,0,0,0,0,0,0,0,0,0,0,0,0,0,0,0,0,0,0,0,0,0,0,0,0,0,0,0,0,0,0,0,0,0,0,0,0,0,0,0,0,0,0,0,0,0,0,0,0,0,0,0,0,0,0,0,0,0,0,0,0,0,0,0,0,0,0
12.700971919,8.076037392285793,-0.34562694933207844,0.9191696052881314,2.8512873571422404,0.18453770566118077,-0.4907645378959824,2.8512873571429758,0.18453770566116065,-0.4907645378959573,1.1403768129387473,0.18453770566116065,-0.4907645378959573,1.0379557688213863,0.17775460916546487,-0.4727253886321937,2.05,0.62,-1.0,0.0,0.0,0.0,2.05,2.62,-1.0,0.0,0.0,0.0,2.05,4.62,-1.0,0.0,0.0,0.0,2.05,6.62,-1.0,0.0,0.0,0.0,2.05,0.62,1.0,0.0,0.0,0.0,2.05,2.62,1.0,0.0,0.0,0.0,2.05,4.62,1.0,0.0,0.0,0.0,2.05,6.62,1.0,0.0,0.0,0.0,2.39,-5.0,-1.0,0.0,0.0,0.0,2.39,-3.0,-1.0,0.0,0.0,0.0,2.39,-5.0,1.0,0.0,0.0,0.0,2.39,-3.0,1.0,0.0,0.0,0.0,-0.08,-3.95,-1.0,0.0,0.0,0.0,-0.08,-1.95,-1.0,0.0,0.0,0.0,-0.08,0.05,-1.0,0.0,0.0,0.0,-0.08,2.05,-1.0,0.0,0.0,0.0,-0.08,-3.95,1.0,0.0,0.0,0.0,-0.08,-1.95,1.0,0.0,0.0,0.0,-0.08,0.05,1.0,0.0,0.0,0.0,-0.08,2.05,1.0,0.0,0.0,0.0,-3.32,9.307999999999726,3.898799999999525,0.0,1.7999999999993577,0.7299999999998974,6.21,-10.174800000000282,6.637200000000198,0.0,-1.580000000000581,1.120000000000232,6.21,-8.174799999999175,6.637200000000198,0.0,-1.580000000000581,1.120000000000232,9.9,-6.794799999999811,-5.050800000000274,0.0,-1.0799999999999699,-0.9300000000003195,9.9,-4.794799999999811,-5.050800000000274,0.0,-1.0799999999999699,-0.9300000000003195,0,0,0,0,0,0,0,0,0,0,0,0,0,0,0,0,0,0,0,0,0,0,0,0,0,0,0,0,0,0,0,0,0,0,0,0,0,0,0,0,0,0,0,0,0,0,0,0,0,0,0,0,0,0,0,0,0,0,0,0,0,0,0,0,0,0,0,0,0,0,0,0,0,0,0,0,0,0,0,0,0,0,0,0,0,0,0,0,0,0,0,0,0,0,0,0,0,0,0,0,0,0,0,0,0,0,0,0,0,0,0,0,0,0,0,0,0,0,0,0,0,0,0,0,0,0,0,0,0,0,0,0,0,0,0,0,0,0,0,0,0,0,0,0,0,0,0,0,0,0
