time_elapsed,pos_x,pos_y,pos_z,vel_x,vel_y,vel_z,cmd_vel_x,cmd_vel_y,cmd_vel_z,cmd_vel_unfiltered_x,cmd_vel_unfiltered_y,cmd_vel_unfiltered_z,desired_vel_x,desired_vel_y,desired_vel_z,obs_1_pos_x,obs_1_pos_y,obs_1_pos_z,obs_1_vel_x,obs_1_vel_y,obs_1_vel_z,obs_2_pos_x,obs_2_pos_y,obs_2_pos_z,obs_2_vel_x,obs_2_vel_y,obs_2_vel_z,obs_3_pos_x,obs_3_pos_y,obs_3_pos_z,obs_3_vel_x,obs_3_vel_y,obs_3_vel_z,obs_4_pos_x,obs_4_pos_y,obs_4_pos_z,obs_4_vel_x,obs_4_vel_y,obs_4_vel_z,obs_5_pos_x,obs_5_pos_y,obs_5_pos_z,obs_5_vel_x,obs_5_vel_y,obs_5_vel_z,obs_6_pos_x,obs_6_pos_y,obs_6_pos_z,obs_6_vel_x,obs_6_vel_y,obs_6_vel_z,obs_7_pos_x,obs_7_pos_y,obs_7_pos_z,obs_7_vel_x,obs_7_vel_y,obs_7_vel_z,obs_8_pos_x,obs_8_pos_y,obs_8_pos_z,obs_8_vel_x,obs_8_vel_y,obs_8_vel_z,obs_9_pos_x,obs_9_pos_y,obs_9_pos_z,obs_9_vel_x,obs_9_vel_y,obs_9_vel_z,obs_10_pos_x,obs_10_pos_y,obs_10_pos_z,obs_10_vel_x,obs_10_vel_y,obs_10_vel_z,obs_11_pos_x,obs_11_pos_y,obs_11_pos_z,obs_11_vel_x,obs_11_vel_y,obs_11_vel_z,obs_12_pos_x,obs_12_pos_y,obs_12_pos_z,obs_12_vel_x,obs_12_vel_y,obs_12_vel_z,obs_13_pos_x,obs_13_pos_y,obs_13_pos_z,obs_13_vel_x,obs_13_vel_y,obs_13_vel_z,obs_14_pos_x,obs_14_pos_y,obs_14_pos_z,obs_14_vel_x,obs_14_vel_y,obs_14_vel_z,obs_15_pos_x,obs_15_pos_y,obs_15_pos_z,obs_15_vel_x,obs_15_vel_y,obs_15_vel_z,obs_16_pos_x,obs_16_pos_y,obs_16_pos_z,obs_16_vel_x,obs_16_vel_y,obs_16_vel_z,obs_17_pos_x,obs_17_pos_y,obs_17_pos_z,obs_17_vel_x,obs_17_vel_y,obs_17_vel_z,obs_18_pos_x,obs_18_pos_y,obs_18_pos_z,obs_18_vel_x,obs_18_vel_y,obs_18_vel_z,obs_19_pos_x,obs_19_pos_y,obs_19_pos_z,obs_19_vel_x,obs_19_vel_y,obs_19_vel_z,obs_20_pos_x,obs_20_pos_y,obs_20_pos_z,obs_20_vel_x,obs_20_vel_y,obs_20_vel_z,obs_21_pos_x,obs_21_pos_y,obs_21_pos_z,obs_21_vel_x,obs_21_vel_y,obs_21_vel_z,obs_22_pos_x,obs_22_pos_y,obs_22_pos_z,obs_22_vel_x,obs_22_vel_y,obs_22_vel_z,obs_23_pos_x,obs_23_pos_y,obs_23_pos_z,obs_23_vel_x,obs_23_vel_y,obs_23_vel_z,obs_24_pos_x,obs_24_pos_y,obs_24_pos_z,obs_24_vel_x,obs_24_vel_y,obs_24_vel_z,obs_25_pos_x,obs_25_pos_y,obs_25_pos_z,obs_25_vel_x,obs_25_vel_y,obs_25_vel_z,obs_26_pos_x,obs_26_pos_y,obs_26_pos_z,obs_26_vel_x,obs_26_vel_y,obs_26_vel_z,obs_27_pos_x,obs_27_pos_y,obs_27_pos_z,obs_27_vel_x,obs_27_vel_y,obs_27_vel_z,obs_28_pos_x,obs_28_pos_y,obs_28_pos_z,obs_28_vel_x,obs_28_vel_y,obs_28_vel_z,obs_29_pos_x,obs_29_pos_y,obs_29_pos_z,obs_29_vel_x,obs_29_vel_y,obs_29_vel_z,obs_30_pos_x,obs_30_pos_y,obs_30_pos_z,obs_30_vel_x,obs_30_vel_y,obs_30_vel_z,obs_31_pos_x,obs_31_pos_y,obs_31_pos_z,obs_31_vel_x,obs_31_vel_y,obs_31_vel_z,obs_32_pos_x,obs_32_pos_y,obs_32_pos_z,obs_32_vel_x,obs_32_vel_y,obs_32_vel_z,obs_33_pos_x,obs_33_pos_y,obs_33_pos_z,obs_33_vel_x,obs_33_vel_y,obs_33_vel_z,obs_34_pos_x,obs_34_pos_y,obs_34_pos_z,obs_34_vel_x,obs_34_vel_y,obs_34_vel_z,obs_35_pos_x,obs_35_pos_y,obs_35_pos_z,obs_35_vel_x,obs_35_vel_y,obs_35_vel_z,obs_36_pos_x,obs_36_pos_y,obs_36_pos_z,obs_36_vel_x,obs_36_vel_y,obs_36_vel_z,obs_37_pos_x,obs_37_pos_y,obs_37_pos_z,obs_37_vel_x,obs_37_vel_y,obs_37_vel_z,obs_38_pos_x,obs_38_pos_y,obs_38_pos_z,obs_38_vel_x,obs_38_vel_y,obs_38_vel_z,obs_39_pos_x,obs_39_pos_y,obs_39_pos_z,obs_39_vel_x,obs_39_vel_y,obs_39_vel_z,obs_40_pos_x,obs_40_pos_y,obs_40_pos_z,obs_40_vel_x,obs_40_vel_y,obs_40_vel_z,obs_41_pos_x,obs_41_pos_y,obs_41_pos_z,obs_41_vel_x,obs_41_vel_y,obs_41_vel_z,obs_42_pos_x,obs_42_pos_y,obs_42_pos_z,obs_42_vel_x,obs_42_vel_y,obs_42_vel_z,obs_43_pos_x,obs_43_pos_y,obs_43_pos_z,obs_43_vel_x,obs_43_vel_y,obs_43_vel_z,obs_44_pos_x,obs_44_pos_y,obs_44_pos_z,obs_44_vel_x,obs_44_vel_y,obs_44_vel_z,obs_45_pos_x,obs_45_pos_y,obs_45_pos_z,obs_45_vel_x,obs_45_vel_y,obs_45_vel_z,obs_46_pos_x,obs_46_pos_y,obs_46_pos_z,obs_46_vel_x,obs_46_vel_y,obs_46_vel_z,obs_47_pos_x,obs_47_pos_y,obs_47_pos_z,obs_47_vel_x,obs_47_vel_y,obs_47_vel_z,obs_48_pos_x,obs_48_pos_y,obs_48_pos_z,obs_48_vel_x,obs_48_vel_y,obs_48_vel_z,obs_49_pos_x,obs_49_pos_y,obs_49_pos_z,obs_49_vel_x,obs_49_vel_y,obs_49_vel_z,obs_50_pos_x,obs_50_pos_y,obs_50_pos_z,obs_50_vel_x,obs_50_vel_y,obs_50_vel_z
2.901827648,-10.0,0.0,0.0,0.0,0.0,0.0,0,0,0,0,0,0,5.0,0.0,0.0,-3.73,-1.34,-1.0,0.0,0.0,0.0,-3.73,0.66,-1.0,0.0,0.0,0.0,-3.73,2.66,-1.0,0.0,0.0,0.0,-3.73,4.66,-1.0,0.0,0.0,0.0,-3.73,-1.34,1.0,0.0,0.0,0.0,-3.73,0.66,1.0,0.0,0.0,0.0,-3.73,2.66,1.0,0.0,0.0,0.0,-3.73,4.66,1.0,0.0,0.0,0.0,3.77,-5.06,-1.0,0.0,0.0,0.0,3.77,-3.06,-1.0,0.0,0.0,0.0,3.77,-1.06,-1.0,0.0,0.0,0.0,3.77,0.94,-1.0,0.0,0.0,0.0,3.77,-5.06,1.0,0.0,0.0,0.0,3.77,-3.06,1.0,0.0,0.0,0.0,3.77,-1.06,1.0,0.0,0.0,0.0,3.77,0.94,1.0,0.0,0.0,0.0,7.47,-3.985200000000013,1.1692000000000058,0.0,1.0599999999998388,-0.25999999999992696,0.02,-2.87079999999999,1.7864000000000018,0.0,1.2400000000001299,-1.4199999999999768,0.02,-0.8707999999999985,1.7864000000000018,0.0,1.240000000000019,-1.4199999999999768,0,0,0,0,0,0,0,0,0,0,0,0,0,0,0,0,0,0,0,0,0,0,0,0,0,0,0,0,0,0,0,0,0,0,0,0,0,0,0,0,0,0,0,0,0,0,0,0,0,0,0,0,0,0,0,0,0,0,0,0,0,0,0,0,0,0,0,0,0,0,0,0,0,0,0,0,0,0,0,0,0,0,0,0,0,0,0,0,0,0,0,0,0,0,0,0,0,0,0,0,0,0,0,0,0,0,0,0,0,0,0,0,0,0,0,0,0,0,0,0,0,0,0,0,0,0,0,0,0,0,0,0,0,0,0,0,0,0,0,0,0,0,0,0,0,0,0,0,0,0,0,0,0,0,0,0,0,0,0,0,0,0,0,0,0,0,0,0,0,0,0,0,0,0,0,0,0,0,0,0,0,0,0,0,0,0
3.001218404,-10.0,0.0,0.0,0.0,0.0,0.0,0,0,0,0,0,0,5.0,0.0,0.0,-3.73,-1.34,-1.0,0.0,0.0,0.0,-3.73,0.66,-1.0,0.0,0.0,0.0,-3.73,2.66,-1.0,0.0,0.0,0.0,-3.73,4.66,-1.0,0.0,0.0,0.0,-3.73,-1.34,1.0,0.0,0.0,0.0,-3.73,0.66,1.0,0.0,0.0,0.0,-3.73,2.66,1.0,0.0,0.0,0.0,-3.73,4.66,1.0,0.0,0.0,0.0,3.77,-5.06,-1.0,0.0,0.0,0.0,3.77,-3.06,-1.0,0.0,0.0,0.0,3.77,-1.06,-1.0,0.0,0.0,0.0,3.77,0.94,-1.0,0.0,0.0,0.0,3.77,-5.06,1.0,0.0,0.0,0.0,3.77,-3.06,1.0,0.0,0.0,0.0,3.77,-1.06,1.0,0.0,0.0,0.0,3.77,0.94,1.0,0.0,0.0,0.0,7.47,-3.900400000000026,1.1484000000000116,0.0,1.0599999999998388,-0.25999999999992696,0.02,-2.7715999999999794,1.6728000000000036,0.0,1.2400000000001299,-1.4199999999999768,0.02,-0.7715999999999943,1.6728000000000036,0.0,1.2400000000001299,-1.4199999999999768,0,0,0,0,0,0,0,0,0,0,0,0,0,0,0,0,0,0,0,0,0,0,0,0,0,0,0,0,0,0,0,0,0,0,0,0,0,0,0,0,0,0,0,0,0,0,0,0,0,0,0,0,0,0,0,0,0,0,0,0,0,0,0,0,0,0,0,0,0,0,0,0,0,0,0,0,0,0,0,0,0,0,0,0,0,0,0,0,0,0,0,0,0,0,0,0,0,0,0,0,0,0,0,0,0,0,0,0,0,0,0,0,0,0,0,0,0,0,0,0,0,0,0,0,0,0,0,0,0,0,0,0,0,0,0,0,0,0,0,0,0,0,0,0,0,0,0,0,0,0,0,0,0,0,0,0,0,0,0,0,0,0,0,0,0,0,0,0,0,0,0,0,0,0,0,0,0,0,0,0,0,0,0,0,0,0
3.101340081,-10.0,0.0,0.0,0.0,0.0,0.0,0,0,0,0,0,0,5.0,0.0,0.0,-3.73,-1.34,-1.0,0.0,0.0,0.0,-3.73,0.66,-1.0,0.0,0.0,0.0,-3.73,2.66,-1.0,0.0,0.0,0.0,-3.73,4.66,-1.0,0.0,0.0,0.0,-3.73,-1.34,1.0,0.0,0.0,0.0,-3.73,0.66,1.0,0.0,0.0,0.0,-3.73,2.66,1.0,0.0,0.0,0.0,-3.73,4.66,1.0,0.0,0.0,0.0,3.77,-5.06,-1.0,0.0,0.0,0.0,3.77,-3.06,-1.0,0.0,0.0,0.0,3.77,-1.06,-1.0,0.0,0.0,0.0,3.77,0.94,-1.0,0.0,0.0,0.0,3.77,-5.06,1.0,0.0,0.0,0.0,3.77,-3.06,1.0,0.0,0.0,0.0,3.77,-1.06,1.0,0.0,0.0,0.0,3.77,0.94,1.0,0.0,0.0,0.0,7.47,-3.815600000000039,1.1276000000000175,0.0,1.0599999999998388,-0.25999999999992696,0.02,-2.672399999999969,1.5592000000000055,0.0,1.2400000000001299,-1.4199999999999768,0.02,-0.6723999999999839,1.5592000000000055,0.0,1.2400000000001299,-1.4199999999999768,0,0,0,0,0,0,0,0,0,0,0,0,0,0,0,0,0,0,0,0,0,0,0,0,0,0,0,0,0,0,0,0,0,0,0,0,0,0,0,0,0,0,0,0,0,0,0,0,0,0,0,0,0,0,0,0,0,0,0,0,0,0,0,0,0,0,0,0,0,0,0,0,0,0,0,0,0,0,0,0,0,0,0,0,0,0,0,0,0,0,0,0,0,0,0,0,0,0,0,0,0,0,0,0,0,0,0,0,0,0,0,0,0,0,0,0,0,0,0,0,0,0,0,0,0,0,0,0,0,0,0,0,0,0,0,0,0,0,0,0,0,0,0,0,0,0,0,0,0,0,0,0,0,0,0,0,0,0,0,0,0,0,0,0,0,0,0,0,0,0,0,0,0,0,0,0,0,0,0,0,0,0,0,0,0,0
3.200699173,-10.0,0.0,0.0,0.0,0.0,0.0,0,0,0,0,0,0,5.0,0.0,0.0,-3.73,-1.34,-1.0,0.0,0.0,0.0,-3.73,0.66,-1.0,0.0,0.0,0.0,-3.73,2.66,-1.0,0.0,0.0,0.0,-3.73,4.66,-1.0,0.0,0.0,0.0,-3.73,-1.34,1.0,0.0,0.0,0.0,-3.73,0.66,1.0,0.0,0.0,0.0,-3.73,2.66,1.0,0.0,0.0,0.0,-3.73,4.66,1.0,0.0,0.0,0.0,3.77,-5.06,-1.0,0.0,0.0,0.0,3.77,-3.06,-1.0,0.0,0.0,0.0,3.77,-1.06,-1.0,0.0,0.0,0.0,3.77,0.94,-1.0,0.0,0.0,0.0,3.77,-5.06,1.0,0.0,0.0,0.0,3.77,-3.06,1.0,0.0,0.0,0.0,3.77,-1.06,1.0,0.0,0.0,0.0,3.77,0.94,1.0,0.0,0.0,0.0,7.47,-3.730800000000052,1.1068000000000233,0.0,1.0599999999998388,-0.25999999999992696,0.02,-2.5731999999999586,1.4456000000000073,0.0,1.2400000000001299,-1.4199999999999768,0.02,-0.5731999999999735,1.4456000000000073,0.0,1.2400000000001299,-1.4199999999999768,0,0,0,0,0,0,0,0,0,0,0,0,0,0,0,0,0,0,0,0,0,0,0,0,0,0,0,0,0,0,0,0,0,0,0,0,0,0,0,0,0,0,0,0,0,0,0,0,0,0,0,0,0,0,0,0,0,0,0,0,0,0,0,0,0,0,0,0,0,0,0,0,0,0,0,0,0,0,0,0,0,0,0,0,0,0,0,0,0,0,0,0,0,0,0,0,0,0,0,0,0,0,0,0,0,0,0,0,0,0,0,0,0,0,0,0,0,0,0,0,0,0,0,0,0,0,0,0,0,0,0,0,0,0,0,0,0,0,0,0,0,0,0,0,0,0,0,0,0,0,0,0,0,0,0,0,0,0,0,0,0,0,0,0,0,0,0,0,0,0,0,0,0,0,0,0,0,0,0,0,0,0,0,0,0,0
3.300789999,-10.0,0.0,0.0,0.0,0.0,0.0,0,0,0,0,0,0,5.0,0.0,0.0,-3.73,-1.34,-1.0,0.0,0.0,0.0,-3.73,0.66,-1.0,0.0,0.0,0.0,-3.73,2.66,-1.0,0.0,0.0,0.0,-3.73,4.66,-1.0,0.0,0.0,0.0,-3.73,-1.34,1.0,0.0,0.0,0.0,-3.73,0.66,1.0,0.0,0.0,0.0,-3.73,2.66,1.0,0.0,0.0,0.0,-3.73,4.66,1.0,0.0,0.0,0.0,3.77,-5.06,-1.0,0.0,0.0,0.0,3.77,-3.06,-1.0,0.0,0.0,0.0,3.77,-1.06,-1.0,0.0,0.0,0.0,3.77,0.94,-1.0,0.0,0.0,0.0,3.77,-5.06,1.0,0.0,0.0,0.0,3.77,-3.06,1.0,0.0,0.0,0.0,3.77,-1.06,1.0,0.0,0.0,0.0,3.77,0.94,1.0,0.0,0.0,0.0,7.47,-3.6460000000000647,1.0860000000000292,0.0,1.0599999999998388,-0.25999999999992696,0.02,-2.4739999999999482,1.3320000000000092,0.0,1.2400000000001299,-1.4199999999999768,0.02,-0.4739999999999643,1.3320000000000092,0.0,1.2400000000000746,-1.4199999999999768,0,0,0,0,0,0,0,0,0,0,0,0,0,0,0,0,0,0,0,0,0,0,0,0,0,0,0,0,0,0,0,0,0,0,0,0,0,0,0,0,0,0,0,0,0,0,0,0,0,0,0,0,0,0,0,0,0,0,0,0,0,0,0,0,0,0,0,0,0,0,0,0,0,0,0,0,0,0,0,0,0,0,0,0,0,0,0,0,0,0,0,0,0,0,0,0,0,0,0,0,0,0,0,0,0,0,0,0,0,0,0,0,0,0,0,0,0,0,0,0,0,0,0,0,0,0,0,0,0,0,0,0,0,0,0,0,0,0,0,0,0,0,0,0,0,0,0,0,0,0,0,0,0,0,0,0,0,0,0,0,0,0,0,0,0,0,0,0,0,0,0,0,0,0,0,0,0,0,0,0,0,0,0,0,0,0
3.405164094,-10.0,0.0,0.0,0.0,0.0,0.0,0,0,0,0,0,0,5.0,0.0,0.0,-3.73,-1.34,-1.0,0.0,0.0,0.0,-3.73,0.66,-1.0,0.0,0.0,0.0,-3.73,2.66,-1.0,0.0,0.0,0.0,-3.73,4.66,-1.0,0.0,0.0,0.0,-3.73,-1.34,1.0,0.0,0.0,0.0,-3.73,0.66,1.0,0.0,0.0,0.0,-3.73,2.66,1.0,0.0,0.0,0.0,-3.73,4.66,1.0,0.0,0.0,0.0,3.77,-5.06,-1.0,0.0,0.0,0.0,3.77,-3.06,-1.0,0.0,0.0,0.0,3.77,-1.06,-1.0,0.0,0.0,0.0,3.77,0.94,-1.0,0.0,0.0,0.0,3.77,-5.06,1.0,0.0,0.0,0.0,3.77,-3.06,1.0,0.0,0.0,0.0,3.77,-1.06,1.0,0.0,0.0,0.0,3.77,0.94,1.0,0.0,0.0,0.0,7.47,-3.540000000000081,1.0600000000000365,0.0,1.0599999999998388,-0.25999999999992696,0.02,-2.3499999999999384,1.1900000000000115,0.0,1.2400000000000855,-1.4199999999999768,0.02,-0.34999999999995685,1.1900000000000115,0.0,1.2400000000000746,-1.4199999999999768,0,0,0,0,0,0,0,0,0,0,0,0,0,0,0,0,0,0,0,0,0,0,0,0,0,0,0,0,0,0,0,0,0,0,0,0,0,0,0,0,0,0,0,0,0,0,0,0,0,0,0,0,0,0,0,0,0,0,0,0,0,0,0,0,0,0,0,0,0,0,0,0,0,0,0,0,0,0,0,0,0,0,0,0,0,0,0,0,0,0,0,0,0,0,0,0,0,0,0,0,0,0,0,0,0,0,0,0,0,0,0,0,0,0,0,0,0,0,0,0,0,0,0,0,0,0,0,0,0,0,0,0,0,0,0,0,0,0,0,0,0,0,0,0,0,0,0,0,0,0,0,0,0,0,0,0,0,0,0,0,0,0,0,0,0,0,0,0,0,0,0,0,0,0,0,0,0,0,0,0,0,0,0,0,0,0
3.501049325,-10.0,0.0,0.0,0.0,0.0,0.0,0,0,0,0,0,0,5.0,0.0,0.0,-3.73,-1.34,-1.0,0.0,0.0,0.0,-3.73,0.66,-1.0,0.0,0.0,0.0,-3.73,2.66,-1.0,0.0,0.0,0.0,-3.73,4.66,-1.0,0.0,0.0,0.0,-3.73,-1.34,1.0,0.0,0.0,0.0,-3.73,0.66,1.0,0.0,0.0,0.0,-3.73,2.66,1.0,0.0,0.0,0.0,-3.73,4.66,1.0,0.0,0.0,0.0,3.77,-5.06,-1.0,0.0,0.0,0.0,3.77,-3.06,-1.0,0.0,0.0,0.0,3.77,-1.06,-1.0,0.0,0.0,0.0,3.77,0.94,-1.0,0.0,0.0,0.0,3.77,-5.06,1.0,0.0,0.0,0.0,3.77,-3.06,1.0,0.0,0.0,0.0,3.77,-1.06,1.0,0.0,0.0,0.0,3.77,0.94,1.0,0.0,0.0,0.0,7.47,-3.4552000000000938,1.0392000000000423,0.0,1.0599999999998388,-0.25999999999992696,0.02,-2.2507999999999324,1.0764000000000133,0.0,1.2400000000000855,-1.4199999999999768,0.02,-0.2507999999999509,1.0764000000000133,0.0,1.2400000000000746,-1.4199999999999768,0,0,0,0,0,0,0,0,0,0,0,0,0,0,0,0,0,0,0,0,0,0,0,0,0,0,0,0,0,0,0,0,0,0,0,0,0,0,0,0,0,0,0,0,0,0,0,0,0,0,0,0,0,0,0,0,0,0,0,0,0,0,0,0,0,0,0,0,0,0,0,0,0,0,0,0,0,0,0,0,0,0,0,0,0,0,0,0,0,0,0,0,0,0,0,0,0,0,0,0,0,0,0,0,0,0,0,0,0,0,0,0,0,0,0,0,0,0,0,0,0,0,0,0,0,0,0,0,0,0,0,0,0,0,0,0,0,0,0,0,0,0,0,0,0,0,0,0,0,0,0,0,0,0,0,0,0,0,0,0,0,0,0,0,0,0,0,0,0,0,0,0,0,0,0,0,0,0,0,0,0,0,0,0,0,0
3.604866841,-10.0,0.0,0.0,0.0,0.0,0.0,0,0,0,0,0,0,5.0,0.0,0.0,-3.73,-1.34,-1.0,0.0,0.0,0.0,-3.73,0.66,-1.0,0.0,0.0,0.0,-3.73,2.66,-1.0,0.0,0.0,0.0,-3.73,4.66,-1.0,0.0,0.0,0.0,-3.73,-1.34,1.0,0.0,0.0,0.0,-3.73,0.66,1.0,0.0,0.0,0.0,-3.73,2.66,1.0,0.0,0.0,0.0,-3.73,4.66,1.0,0.0,0.0,0.0,3.77,-5.06,-1.0,0.0,0.0,0.0,3.77,-3.06,-1.0,0.0,0.0,0.0,3.77,-1.06,-1.0,0.0,0.0,0.0,3.77,0.94,-1.0,0.0,0.0,0.0,3.77,-5.06,1.0,0.0,0.0,0.0,3.77,-3.06,1.0,0.0,0.0,0.0,3.77,-1.06,1.0,0.0,0.0,0.0,3.77,0.94,1.0,0.0,0.0,0.0,7.47,-3.3704000000001066,1.0184000000000482,0.0,1.0599999999998388,-0.25999999999992696,0.02,-2.1515999999999247,0.9628000000000152,0.0,1.2400000000000855,-1.4199999999999768,0.02,-0.12679999999994068,0.9344000000000157,0.0,1.240000000000102,-1.4199999999999768,0,0,0,0,0,0,0,0,0,0,0,0,0,0,0,0,0,0,0,0,0,0,0,0,0,0,0,0,0,0,0,0,0,0,0,0,0,0,0,0,0,0,0,0,0,0,0,0,0,0,0,0,0,0,0,0,0,0,0,0,0,0,0,0,0,0,0,0,0,0,0,0,0,0,0,0,0,0,0,0,0,0,0,0,0,0,0,0,0,0,0,0,0,0,0,0,0,0,0,0,0,0,0,0,0,0,0,0,0,0,0,0,0,0,0,0,0,0,0,0,0,0,0,0,0,0,0,0,0,0,0,0,0,0,0,0,0,0,0,0,0,0,0,0,0,0,0,0,0,0,0,0,0,0,0,0,0,0,0,0,0,0,0,0,0,0,0,0,0,0,0,0,0,0,0,0,0,0,0,0,0,0,0,0,0,0
3.70291613,-10.0,0.0,0.0,0.0,0.0,0.0,0,0,0,0,0,0,5.0,0.0,0.0,-3.73,-1.34,-1.0,0.0,0.0,0.0,-3.73,0.66,-1.0,0.0,0.0,0.0,-3.73,2.66,-1.0,0.0,0.0,0.0,-3.73,4.66,-1.0,0.0,0.0,0.0,-3.73,-1.34,1.0,0.0,0.0,0.0,-3.73,0.66,1.0,0.0,0.0,0.0,-3.73,2.66,1.0,0.0,0.0,0.0,-3.73,4.66,1.0,0.0,0.0,0.0,3.77,-5.06,-1.0,0.0,0.0,0.0,3.77,-3.06,-1.0,0.0,0.0,0.0,3.77,-1.06,-1.0,0.0,0.0,0.0,3.77,0.94,-1.0,0.0,0.0,0.0,3.77,-5.06,1.0,0.0,0.0,0.0,3.77,-3.06,1.0,0.0,0.0,0.0,3.77,-1.06,1.0,0.0,0.0,0.0,3.77,0.94,1.0,0.0,0.0,0.0,7.47,-3.2856000000001195,0.9976000000000529,0.0,1.0599999999998388,-0.260000000000038,0.02,-2.052399999999917,0.849200000000017,0.0,1.2400000000001299,-1.4199999999999768,0.02,-0.05239999999993536,0.849200000000017,0.0,1.2400000000000895,-1.4199999999999768,0,0,0,0,0,0,0,0,0,0,0,0,0,0,0,0,0,0,0,0,0,0,0,0,0,0,0,0,0,0,0,0,0,0,0,0,0,0,0,0,0,0,0,0,0,0,0,0,0,0,0,0,0,0,0,0,0,0,0,0,0,0,0,0,0,0,0,0,0,0,0,0,0,0,0,0,0,0,0,0,0,0,0,0,0,0,0,0,0,0,0,0,0,0,0,0,0,0,0,0,0,0,0,0,0,0,0,0,0,0,0,0,0,0,0,0,0,0,0,0,0,0,0,0,0,0,0,0,0,0,0,0,0,0,0,0,0,0,0,0,0,0,0,0,0,0,0,0,0,0,0,0,0,0,0,0,0,0,0,0,0,0,0,0,0,0,0,0,0,0,0,0,0,0,0,0,0,0,0,0,0,0,0,0,0,0
3.800802312,-10.0,0.0,0.0,0.0,0.0,0.0,0,0,0,0,0,0,5.0,0.0,0.0,-3.73,-1.34,-1.0,0.0,0.0,0.0,-3.73,0.66,-1.0,0.0,0.0,0.0,-3.73,2.66,-1.0,0.0,0.0,0.0,-3.73,4.66,-1.0,0.0,0.0,0.0,-3.73,-1.34,1.0,0.0,0.0,0.0,-3.73,0.66,1.0,0.0,0.0,0.0,-3.73,2.66,1.0,0.0,0.0,0.0,-3.73,4.66,1.0,0.0,0.0,0.0,3.77,-5.06,-1.0,0.0,0.0,0.0,3.77,-3.06,-1.0,0.0,0.0,0.0,3.77,-1.06,-1.0,0.0,0.0,0.0,3.77,0.94,-1.0,0.0,0.0,0.0,3.77,-5.06,1.0,0.0,0.0,0.0,3.77,-3.06,1.0,0.0,0.0,0.0,3.77,-1.06,1.0,0.0,0.0,0.0,3.77,0.94,1.0,0.0,0.0,0.0,7.47,-3.1796000000001357,0.9716000000000491,0.0,1.0599999999998388,-0.260000000000038,0.02,-1.9283999999999186,0.7072000000000194,0.0,1.2399999999999078,-1.4199999999999768,0.02,0.07160000000007237,0.7072000000000194,0.0,1.2400000000000477,-1.4199999999999768,0,0,0,0,0,0,0,0,0,0,0,0,0,0,0,0,0,0,0,0,0,0,0,0,0,0,0,0,0,0,0,0,0,0,0,0,0,0,0,0,0,0,0,0,0,0,0,0,0,0,0,0,0,0,0,0,0,0,0,0,0,0,0,0,0,0,0,0,0,0,0,0,0,0,0,0,0,0,0,0,0,0,0,0,0,0,0,0,0,0,0,0,0,0,0,0,0,0,0,0,0,0,0,0,0,0,0,0,0,0,0,0,0,0,0,0,0,0,0,0,0,0,0,0,0,0,0,0,0,0,0,0,0,0,0,0,0,0,0,0,0,0,0,0,0,0,0,0,0,0,0,0,0,0,0,0,0,0,0,0,0,0,0,0,0,0,0,0,0,0,0,0,0,0,0,0,0,0,0,0,0,0,0,0,0,0
3.900842024,-10.0,0.0,0.0,0.0,0.0,0.0,0,0,0,0,0,0,5.0,0.0,0.0,-3.73,-1.34,-1.0,0.0,0.0,0.0,-3.73,0.66,-1.0,0.0,0.0,0.0,-3.73,2.66,-1.0,0.0,0.0,0.0,-3.73,4.66,-1.0,0.0,0.0,0.0,-3.73,-1.34,1.0,0.0,0.0,0.0,-3.73,0.66,1.0,0.0,0.0,0.0,-3.73,2.66,1.0,0.0,0.0,0.0,-3.73,4.66,1.0,0.0,0.0,0.0,3.77,-5.06,-1.0,0.0,0.0,0.0,3.77,-3.06,-1.0,0.0,0.0,0.0,3.77,-1.06,-1.0,0.0,0.0,0.0,3.77,0.94,-1.0,0.0,0.0,0.0,3.77,-5.06,1.0,0.0,0.0,0.0,3.77,-3.06,1.0,0.0,0.0,0.0,3.77,-1.06,1.0,0.0,0.0,0.0,3.77,0.94,1.0,0.0,0.0,0.0,7.47,-3.1160000000001453,0.9560000000000468,0.0,1.0599999999998388,-0.260000000000038,0.02,-1.8539999999999242,0.6220000000000208,0.0,1.2399999999999078,-1.4199999999999768,0.02,0.14600000000007404,0.6220000000000208,0.0,1.240000000000019,-1.4199999999999768,0,0,0,0,0,0,0,0,0,0,0,0,0,0,0,0,0,0,0,0,0,0,0,0,0,0,0,0,0,0,0,0,0,0,0,0,0,0,0,0,0,0,0,0,0,0,0,0,0,0,0,0,0,0,0,0,0,0,0,0,0,0,0,0,0,0,0,0,0,0,0,0,0,0,0,0,0,0,0,0,0,0,0,0,0,0,0,0,0,0,0,0,0,0,0,0,0,0,0,0,0,0,0,0,0,0,0,0,0,0,0,0,0,0,0,0,0,0,0,0,0,0,0,0,0,0,0,0,0,0,0,0,0,0,0,0,0,0,0,0,0,0,0,0,0,0,0,0,0,0,0,0,0,0,0,0,0,0,0,0,0,0,0,0,0,0,0,0,0,0,0,0,0,0,0,0,0,0,0,0,0,0,0,0,0,0
4.000825538,-10.0,0.0,0.0,0.0,0.0,0.0,0,0,0,0,0,0,5.0,0.0,0.0,-3.73,-1.34,-1.0,0.0,0.0,0.0,-3.73,0.66,-1.0,0.0,0.0,0.0,-3.73,2.66,-1.0,0.0,0.0,0.0,-3.73,4.66,-1.0,0.0,0.0,0.0,-3.73,-1.34,1.0,0.0,0.0,0.0,-3.73,0.66,1.0,0.0,0.0,0.0,-3.73,2.66,1.0,0.0,0.0,0.0,-3.73,4.66,1.0,0.0,0.0,0.0,3.77,-5.06,-1.0,0.0,0.0,0.0,3.77,-3.06,-1.0,0.0,0.0,0.0,3.77,-1.06,-1.0,0.0,0.0,0.0,3.77,0.94,-1.0,0.0,0.0,0.0,3.77,-5.06,1.0,0.0,0.0,0.0,3.77,-3.06,1.0,0.0,0.0,0.0,3.77,-1.06,1.0,0.0,0.0,0.0,3.77,0.94,1.0,0.0,0.0,0.0,7.47,-3.031200000000158,0.9352000000000438,0.0,1.0599999999998388,-0.260000000000038,0.02,-1.7547999999999315,0.5084000000000226,0.0,1.2399999999999078,-1.4199999999999768,0.02,0.24520000000007355,0.5084000000000226,0.0,1.239999999999991,-1.4199999999999768,0,0,0,0,0,0,0,0,0,0,0,0,0,0,0,0,0,0,0,0,0,0,0,0,0,0,0,0,0,0,0,0,0,0,0,0,0,0,0,0,0,0,0,0,0,0,0,0,0,0,0,0,0,0,0,0,0,0,0,0,0,0,0,0,0,0,0,0,0,0,0,0,0,0,0,0,0,0,0,0,0,0,0,0,0,0,0,0,0,0,0,0,0,0,0,0,0,0,0,0,0,0,0,0,0,0,0,0,0,0,0,0,0,0,0,0,0,0,0,0,0,0,0,0,0,0,0,0,0,0,0,0,0,0,0,0,0,0,0,0,0,0,0,0,0,0,0,0,0,0,0,0,0,0,0,0,0,0,0,0,0,0,0,0,0,0,0,0,0,0,0,0,0,0,0,0,0,0,0,0,0,0,0,0,0,0
4.101417552,-10.0,0.0,0.0,0.0,0.0,0.0,0,0,0,0,0,0,5.0,0.0,0.0,-3.73,-1.34,-1.0,0.0,0.0,0.0,-3.73,0.66,-1.0,0.0,0.0,0.0,-3.73,2.66,-1.0,0.0,0.0,0.0,-3.73,4.66,-1.0,0.0,0.0,0.0,-3.73,-1.34,1.0,0.0,0.0,0.0,-3.73,0.66,1.0,0.0,0.0,0.0,-3.73,2.66,1.0,0.0,0.0,0.0,-3.73,4.66,1.0,0.0,0.0,0.0,3.77,-5.06,-1.0,0.0,0.0,0.0,3.77,-3.06,-1.0,0.0,0.0,0.0,3.77,-1.06,-1.0,0.0,0.0,0.0,3.77,0.94,-1.0,0.0,0.0,0.0,3.77,-5.06,1.0,0.0,0.0,0.0,3.77,-3.06,1.0,0.0,0.0,0.0,3.77,-1.06,1.0,0.0,0.0,0.0,3.77,0.94,1.0,0.0,0.0,0.0,7.47,-2.967600000000168,0.9196000000000415,0.0,1.0599999999998388,-0.260000000000038,0.02,-1.680399999999937,0.423200000000024,0.0,1.2399999999999078,-1.4199999999999768,0.02,0.3196000000000746,0.423200000000024,0.0,1.240000000000019,-1.4199999999999768,0,0,0,0,0,0,0,0,0,0,0,0,0,0,0,0,0,0,0,0,0,0,0,0,0,0,0,0,0,0,0,0,0,0,0,0,0,0,0,0,0,0,0,0,0,0,0,0,0,0,0,0,0,0,0,0,0,0,0,0,0,0,0,0,0,0,0,0,0,0,0,0,0,0,0,0,0,0,0,0,0,0,0,0,0,0,0,0,0,0,0,0,0,0,0,0,0,0,0,0,0,0,0,0,0,0,0,0,0,0,0,0,0,0,0,0,0,0,0,0,0,0,0,0,0,0,0,0,0,0,0,0,0,0,0,0,0,0,0,0,0,0,0,0,0,0,0,0,0,0,0,0,0,0,0,0,0,0,0,0,0,0,0,0,0,0,0,0,0,0,0,0,0,0,0,0,0,0,0,0,0,0,0,0,0,0
4.201553257,-9.996400000000008,-0.0035999999999999977,-0.0035999999999999977,0.09999999999976694,-0.09999999999999984,-0.09999999999999984,0.1,-0.1,-0.1,2.9943098300404074,-2.8456337927813924,-2.8025514422293116,5.0,0.0,0.0,-3.73,-1.34,-1.0,0.0,0.0,0.0,-3.73,0.66,-1.0,0.0,0.0,0.0,-3.73,2.66,-1.0,0.0,0.0,0.0,-3.73,4.66,-1.0,0.0,0.0,0.0,-3.73,-1.34,1.0,0.0,0.0,0.0,-3.73,0.66,1.0,0.0,0.0,0.0,-3.73,2.66,1.0,0.0,0.0,0.0,-3.73,4.66,1.0,0.0,0.0,0.0,3.77,-5.06,-1.0,0.0,0.0,0.0,3.77,-3.06,-1.0,0.0,0.0,0.0,3.77,-1.06,-1.0,0.0,0.0,0.0,3.77,0.94,-1.0,0.0,0.0,0.0,3.77,-5.06,1.0,0.0,0.0,0.0,3.77,-3.06,1.0,0.0,0.0,0.0,3.77,-1.06,1.0,0.0,0.0,0.0,3.77,0.94,1.0,0.0,0.0,0.0,7.47,-2.9040000000001776,0.9040000000000392,0.0,1.0599999999998388,-0.260000000000038,0.02,-1.6059999999999426,0.3380000000000254,0.0,1.2399999999999078,-1.4199999999999768,0.02,0.39400000000007573,0.3380000000000254,0.0,1.240000000000019,-1.4199999999999768,0,0,0,0,0,0,0,0,0,0,0,0,0,0,0,0,0,0,0,0,0,0,0,0,0,0,0,0,0,0,0,0,0,0,0,0,0,0,0,0,0,0,0,0,0,0,0,0,0,0,0,0,0,0,0,0,0,0,0,0,0,0,0,0,0,0,0,0,0,0,0,0,0,0,0,0,0,0,0,0,0,0,0,0,0,0,0,0,0,0,0,0,0,0,0,0,0,0,0,0,0,0,0,0,0,0,0,0,0,0,0,0,0,0,0,0,0,0,0,0,0,0,0,0,0,0,0,0,0,0,0,0,0,0,0,0,0,0,0,0,0,0,0,0,0,0,0,0,0,0,0,0,0,0,0,0,0,0,0,0,0,0,0,0,0,0,0,0,0,0,0,0,0,0,0,0,0,0,0,0,0,0,0,0,0,0
4.302511638,-9.985067999999997,-0.014931999999999992,-0.014931999999999992,0.16800000000039006,-0.16799999999999973,-0.16799999999999973,0.168,-0.168,-0.168,3.082998416922621,-1.9891386265029174,-2.9825098314632337,4.999999779407375,0.0010502204999805439,0.0010502204999805439,-3.73,-1.34,-1.0,0.0,0.0,0.0,-3.73,0.66,-1.0,0.0,0.0,0.0,-3.73,2.66,-1.0,0.0,0.0,0.0,-3.73,4.66,-1.0,0.0,0.0,0.0,-3.73,-1.34,1.0,0.0,0.0,0.0,-3.73,0.66,1.0,0.0,0.0,0.0,-3.73,2.66,1.0,0.0,0.0,0.0,-3.73,4.66,1.0,0.0,0.0,0.0,3.77,-5.06,-1.0,0.0,0.0,0.0,3.77,-3.06,-1.0,0.0,0.0,0.0,3.77,-1.06,-1.0,0.0,0.0,0.0,3.77,0.94,-1.0,0.0,0.0,0.0,3.77,-5.06,1.0,0.0,0.0,0.0,3.77,-3.06,1.0,0.0,0.0,0.0,3.77,-1.06,1.0,0.0,0.0,0.0,3.77,0.94,1.0,0.0,0.0,0.0,7.47,-2.8192000000001904,0.8832000000000362,0.0,1.0599999999998388,-0.260000000000038,0.02,-1.50679999999995,0.22440000000002672,0.0,1.2399999999999078,-1.4200000000000048,0.02,0.49320000000007724,0.22440000000002672,0.0,1.240000000000019,-1.4200000000000048,0,0,0,0,0,0,0,0,0,0,0,0,0,0,0,0,0,0,0,0,0,0,0,0,0,0,0,0,0,0,0,0,0,0,0,0,0,0,0,0,0,0,0,0,0,0,0,0,0,0,0,0,0,0,0,0,0,0,0,0,0,0,0,0,0,0,0,0,0,0,0,0,0,0,0,0,0,0,0,0,0,0,0,0,0,0,0,0,0,0,0,0,0,0,0,0,0,0,0,0,0,0,0,0,0,0,0,0,0,0,0,0,0,0,0,0,0,0,0,0,0,0,0,0,0,0,0,0,0,0,0,0,0,0,0,0,0,0,0,0,0,0,0,0,0,0,0,0,0,0,0,0,0,0,0,0,0,0,0,0,0,0,0,0,0,0,0,0,0,0,0,0,0,0,0,0,0,0,0,0,0,0,0,0,0,0
4.401485105,-9.967774000000011,-0.03222600000000004,-0.03222600000000004,0.24999999999941735,-0.24999999999999983,-0.24999999999999983,0.25,-0.25,-0.25,3.162935477446238,-2.843135631559089,-2.565948418336702,4.999987378297338,0.007944081674954053,0.007944081674954053,-3.73,-1.34,-1.0,0.0,0.0,0.0,-3.73,0.66,-1.0,0.0,0.0,0.0,-3.73,2.66,-1.0,0.0,0.0,0.0,-3.73,4.66,-1.0,0.0,0.0,0.0,-3.73,-1.34,1.0,0.0,0.0,0.0,-3.73,0.66,1.0,0.0,0.0,0.0,-3.73,2.66,1.0,0.0,0.0,0.0,-3.73,4.66,1.0,0.0,0.0,0.0,3.77,-5.06,-1.0,0.0,0.0,0.0,3.77,-3.06,-1.0,0.0,0.0,0.0,3.77,-1.06,-1.0,0.0,0.0,0.0,3.77,0.94,-1.0,0.0,0.0,0.0,3.77,-5.06,1.0,0.0,0.0,0.0,3.77,-3.06,1.0,0.0,0.0,0.0,3.77,-1.06,1.0,0.0,0.0,0.0,3.77,0.94,1.0,0.0,0.0,0.0,7.47,-2.7344000000002033,0.8624000000000331,0.0,1.0599999999998388,-0.260000000000038,0.02,-1.4075999999999573,0.11080000000002635,0.0,1.2399999999999078,-1.4200000000000048,0.02,0.5924000000000788,0.11080000000002635,0.0,1.240000000000019,-1.4200000000000048,0,0,0,0,0,0,0,0,0,0,0,0,0,0,0,0,0,0,0,0,0,0,0,0,0,0,0,0,0,0,0,0,0,0,0,0,0,0,0,0,0,0,0,0,0,0,0,0,0,0,0,0,0,0,0,0,0,0,0,0,0,0,0,0,0,0,0,0,0,0,0,0,0,0,0,0,0,0,0,0,0,0,0,0,0,0,0,0,0,0,0,0,0,0,0,0,0,0,0,0,0,0,0,0,0,0,0,0,0,0,0,0,0,0,0,0,0,0,0,0,0,0,0,0,0,0,0,0,0,0,0,0,0,0,0,0,0,0,0,0,0,0,0,0,0,0,0,0,0,0,0,0,0,0,0,0,0,0,0,0,0,0,0,0,0,0,0,0,0,0,0,0,0,0,0,0,0,0,0,0,0,0,0,0,0,0
4.500365107,-9.943742000000006,-0.05625800000000009,-0.05625800000000009,0.31300000000022976,-0.3130000000000007,-0.3130000000000007,0.313,-0.313,-0.313,3.211786923554099,-2.6553099850414394,-2.790834269664206,4.999960214932103,0.014104061402902756,0.014104061402902756,-3.73,-1.34,-1.0,0.0,0.0,0.0,-3.73,0.66,-1.0,0.0,0.0,0.0,-3.73,2.66,-1.0,0.0,0.0,0.0,-3.73,4.66,-1.0,0.0,0.0,0.0,-3.73,-1.34,1.0,0.0,0.0,0.0,-3.73,0.66,1.0,0.0,0.0,0.0,-3.73,2.66,1.0,0.0,0.0,0.0,-3.73,4.66,1.0,0.0,0.0,0.0,3.77,-5.06,-1.0,0.0,0.0,0.0,3.77,-3.06,-1.0,0.0,0.0,0.0,3.77,-1.06,-1.0,0.0,0.0,0.0,3.77,0.94,-1.0,0.0,0.0,0.0,3.77,-5.06,1.0,0.0,0.0,0.0,3.77,-3.06,1.0,0.0,0.0,0.0,3.77,-1.06,1.0,0.0,0.0,0.0,3.77,0.94,1.0,0.0,0.0,0.0,7.47,-2.6496000000002162,0.8416000000000301,0.0,1.0599999999998388,-0.260000000000038,0.02,-1.3083999999999647,-0.0027999999999737653,0.0,1.2399999999999078,-1.42,0.02,0.6916000000000803,-0.0027999999999737653,0.0,1.240000000000019,-1.42,0,0,0,0,0,0,0,0,0,0,0,0,0,0,0,0,0,0,0,0,0,0,0,0,0,0,0,0,0,0,0,0,0,0,0,0,0,0,0,0,0,0,0,0,0,0,0,0,0,0,0,0,0,0,0,0,0,0,0,0,0,0,0,0,0,0,0,0,0,0,0,0,0,0,0,0,0,0,0,0,0,0,0,0,0,0,0,0,0,0,0,0,0,0,0,0,0,0,0,0,0,0,0,0,0,0,0,0,0,0,0,0,0,0,0,0,0,0,0,0,0,0,0,0,0,0,0,0,0,0,0,0,0,0,0,0,0,0,0,0,0,0,0,0,0,0,0,0,0,0,0,0,0,0,0,0,0,0,0,0,0,0,0,0,0,0,0,0,0,0,0,0,0,0,0,0,0,0,0,0,0,0,0,0,0,0
4.60690102,-9.905856000000048,-0.09414400000000003,-0.09414400000000003,0.4019999999993473,-0.4019999999999996,-0.4019999999999996,0.402,-0.402,-0.402,3.2979482432560654,-2.0065093626295947,-2.90513405663593,4.999960214932103,0.014104061402902756,0.014104061402902756,-3.73,-1.34,-1.0,0.0,0.0,0.0,-3.73,0.66,-1.0,0.0,0.0,0.0,-3.73,2.66,-1.0,0.0,0.0,0.0,-3.73,4.66,-1.0,0.0,0.0,0.0,-3.73,-1.34,1.0,0.0,0.0,0.0,-3.73,0.66,1.0,0.0,0.0,0.0,-3.73,2.66,1.0,0.0,0.0,0.0,-3.73,4.66,1.0,0.0,0.0,0.0,3.77,-5.06,-1.0,0.0,0.0,0.0,3.77,-3.06,-1.0,0.0,0.0,0.0,3.77,-1.06,-1.0,0.0,0.0,0.0,3.77,0.94,-1.0,0.0,0.0,0.0,3.77,-5.06,1.0,0.0,0.0,0.0,3.77,-3.06,1.0,0.0,0.0,0.0,3.77,-1.06,1.0,0.0,0.0,0.0,3.77,0.94,1.0,0.0,0.0,0.0,7.47,-2.564800000000229,0.8208000000000271,0.0,1.0599999999998388,-0.260000000000038,0.02,-1.184399999999974,-0.14479999999997398,0.0,1.2399999999999078,-1.4200000000000048,0.02,0.8156000000000821,-0.14479999999997398,0.0,1.240000000000019,-1.4200000000000048,0,0,0,0,0,0,0,0,0,0,0,0,0,0,0,0,0,0,0,0,0,0,0,0,0,0,0,0,0,0,0,0,0,0,0,0,0,0,0,0,0,0,0,0,0,0,0,0,0,0,0,0,0,0,0,0,0,0,0,0,0,0,0,0,0,0,0,0,0,0,0,0,0,0,0,0,0,0,0,0,0,0,0,0,0,0,0,0,0,0,0,0,0,0,0,0,0,0,0,0,0,0,0,0,0,0,0,0,0,0,0,0,0,0,0,0,0,0,0,0,0,0,0,0,0,0,0,0,0,0,0,0,0,0,0,0,0,0,0,0,0,0,0,0,0,0,0,0,0,0,0,0,0,0,0,0,0,0,0,0,0,0,0,0,0,0,0,0,0,0,0,0,0,0,0,0,0,0,0,0,0,0,0,0,0,0
4.702061101,-9.88717200000004,-0.11282800000000004,-0.11282800000000004,0.48600000000043053,-0.4860000000000003,-0.4860000000000003,0.48600000000000004,-0.48600000000000004,-0.48600000000000004,3.3460609256184144,-2.9646516195165225,-2.0163806019630384,4.99989755271255,0.022632525036352068,0.022632525036352068,-3.73,-1.34,-1.0,0.0,0.0,0.0,-3.73,0.66,-1.0,0.0,0.0,0.0,-3.73,2.66,-1.0,0.0,0.0,0.0,-3.73,4.66,-1.0,0.0,0.0,0.0,-3.73,-1.34,1.0,0.0,0.0,0.0,-3.73,0.66,1.0,0.0,0.0,0.0,-3.73,2.66,1.0,0.0,0.0,0.0,-3.73,4.66,1.0,0.0,0.0,0.0,3.77,-5.06,-1.0,0.0,0.0,0.0,3.77,-3.06,-1.0,0.0,0.0,0.0,3.77,-1.06,-1.0,0.0,0.0,0.0,3.77,0.94,-1.0,0.0,0.0,0.0,3.77,-5.06,1.0,0.0,0.0,0.0,3.77,-3.06,1.0,0.0,0.0,0.0,3.77,-1.06,1.0,0.0,0.0,0.0,3.77,0.94,1.0,0.0,0.0,0.0,7.47,-2.501200000000239,0.8052000000000248,0.0,1.0599999999998388,-0.260000000000038,0.02,-1.1347999999999776,-0.20159999999997416,0.0,1.2399999999999078,-1.4200000000000048,0.02,0.8652000000000829,-0.20159999999997416,0.0,1.240000000000019,-1.4200000000000048,0,0,0,0,0,0,0,0,0,0,0,0,0,0,0,0,0,0,0,0,0,0,0,0,0,0,0,0,0,0,0,0,0,0,0,0,0,0,0,0,0,0,0,0,0,0,0,0,0,0,0,0,0,0,0,0,0,0,0,0,0,0,0,0,0,0,0,0,0,0,0,0,0,0,0,0,0,0,0,0,0,0,0,0,0,0,0,0,0,0,0,0,0,0,0,0,0,0,0,0,0,0,0,0,0,0,0,0,0,0,0,0,0,0,0,0,0,0,0,0,0,0,0,0,0,0,0,0,0,0,0,0,0,0,0,0,0,0,0,0,0,0,0,0,0,0,0,0,0,0,0,0,0,0,0,0,0,0,0,0,0,0,0,0,0,0,0,0,0,0,0,0,0,0,0,0,0,0,0,0,0,0,0,0,0,0
4.801579484,-9.845223999999996,-0.15477600000000064,-0.15477600000000064,0.5380000000005936,-0.5380000000000108,-0.5380000000000108,0.538,-0.538,-0.538,3.4491775692211797,-2.149864388583048,-2.826202933226594,4.99984459801431,0.027874681227975023,0.027874681227975023,-3.73,-1.34,-1.0,0.0,0.0,0.0,-3.73,0.66,-1.0,0.0,0.0,0.0,-3.73,2.66,-1.0,0.0,0.0,0.0,-3.73,4.66,-1.0,0.0,0.0,0.0,-3.73,-1.34,1.0,0.0,0.0,0.0,-3.73,0.66,1.0,0.0,0.0,0.0,-3.73,2.66,1.0,0.0,0.0,0.0,-3.73,4.66,1.0,0.0,0.0,0.0,3.77,-5.06,-1.0,0.0,0.0,0.0,3.77,-3.06,-1.0,0.0,0.0,0.0,3.77,-1.06,-1.0,0.0,0.0,0.0,3.77,0.94,-1.0,0.0,0.0,0.0,3.77,-5.06,1.0,0.0,0.0,0.0,3.77,-3.06,1.0,0.0,0.0,0.0,3.77,-1.06,1.0,0.0,0.0,0.0,3.77,0.94,1.0,0.0,0.0,0.0,7.47,-2.4164000000002517,0.7844000000000217,0.0,1.0599999999998388,-0.260000000000038,0.02,-1.035599999999985,-0.3151999999999733,0.0,1.2399999999999078,-1.4199999999999768,0.02,0.9644000000000844,-0.3151999999999733,0.0,1.240000000000019,-1.4199999999999768,0,0,0,0,0,0,0,0,0,0,0,0,0,0,0,0,0,0,0,0,0,0,0,0,0,0,0,0,0,0,0,0,0,0,0,0,0,0,0,0,0,0,0,0,0,0,0,0,0,0,0,0,0,0,0,0,0,0,0,0,0,0,0,0,0,0,0,0,0,0,0,0,0,0,0,0,0,0,0,0,0,0,0,0,0,0,0,0,0,0,0,0,0,0,0,0,0,0,0,0,0,0,0,0,0,0,0,0,0,0,0,0,0,0,0,0,0,0,0,0,0,0,0,0,0,0,0,0,0,0,0,0,0,0,0,0,0,0,0,0,0,0,0,0,0,0,0,0,0,0,0,0,0,0,0,0,0,0,0,0,0,0,0,0,0,0,0,0,0,0,0,0,0,0,0,0,0,0,0,0,0,0,0,0,0,0
4.902121736,-9.80982400000001,-0.19017600000000115,-0.19017600000000115,0.6179999999993413,-0.6180000000000074,-0.6180000000000074,0.618,-0.618,-0.618,3.51143408170081,-2.6348450105298125,-2.104427284475376,4.999698020215288,0.038856831158308194,0.038856831158308194,-3.73,-1.34,-1.0,0.0,0.0,0.0,-3.73,0.66,-1.0,0.0,0.0,0.0,-3.73,2.66,-1.0,0.0,0.0,0.0,-3.73,4.66,-1.0,0.0,0.0,0.0,-3.73,-1.34,1.0,0.0,0.0,0.0,-3.73,0.66,1.0,0.0,0.0,0.0,-3.73,2.66,1.0,0.0,0.0,0.0,-3.73,4.66,1.0,0.0,0.0,0.0,3.77,-5.06,-1.0,0.0,0.0,0.0,3.77,-3.06,-1.0,0.0,0.0,0.0,3.77,-1.06,-1.0,0.0,0.0,0.0,3.77,0.94,-1.0,0.0,0.0,0.0,3.77,-5.06,1.0,0.0,0.0,0.0,3.77,-3.06,1.0,0.0,0.0,0.0,3.77,-1.06,1.0,0.0,0.0,0.0,3.77,0.94,1.0,0.0,0.0,0.0,7.47,-2.3528000000002613,0.7688000000000195,0.0,1.0599999999998388,-0.260000000000038,0.02,-0.961199999999987,-0.4003999999999719,0.0,1.240000000000019,-1.4199999999999768,0.02,1.0636000000000803,-0.4287999999999714,0.0,1.2399999999999078,-1.4199999999999768,0,0,0,0,0,0,0,0,0,0,0,0,0,0,0,0,0,0,0,0,0,0,0,0,0,0,0,0,0,0,0,0,0,0,0,0,0,0,0,0,0,0,0,0,0,0,0,0,0,0,0,0,0,0,0,0,0,0,0,0,0,0,0,0,0,0,0,0,0,0,0,0,0,0,0,0,0,0,0,0,0,0,0,0,0,0,0,0,0,0,0,0,0,0,0,0,0,0,0,0,0,0,0,0,0,0,0,0,0,0,0,0,0,0,0,0,0,0,0,0,0,0,0,0,0,0,0,0,0,0,0,0,0,0,0,0,0,0,0,0,0,0,0,0,0,0,0,0,0,0,0,0,0,0,0,0,0,0,0,0,0,0,0,0,0,0,0,0,0,0,0,0,0,0,0,0,0,0,0,0,0,0,0,0,0,0
5.00108082,-9.756850000000075,-0.24315000000000053,-0.24315000000000053,0.6799999999991257,-0.6799999999999863,-0.6799999999999863,0.6799999999999999,-0.6799999999999999,-0.6799999999999999,3.6080348250180054,-1.6400499236153363,-2.9342347914014093,4.99950852198179,0.04957085147270178,0.04957085147270178,-3.73,-1.34,-1.0,0.0,0.0,0.0,-3.73,0.66,-1.0,0.0,0.0,0.0,-3.73,2.66,-1.0,0.0,0.0,0.0,-3.73,4.66,-1.0,0.0,0.0,0.0,-3.73,-1.34,1.0,0.0,0.0,0.0,-3.73,0.66,1.0,0.0,0.0,0.0,-3.73,2.66,1.0,0.0,0.0,0.0,-3.73,4.66,1.0,0.0,0.0,0.0,3.77,-5.06,-1.0,0.0,0.0,0.0,3.77,-3.06,-1.0,0.0,0.0,0.0,3.77,-1.06,-1.0,0.0,0.0,0.0,3.77,0.94,-1.0,0.0,0.0,0.0,3.77,-5.06,1.0,0.0,0.0,0.0,3.77,-3.06,1.0,0.0,0.0,0.0,3.77,-1.06,1.0,0.0,0.0,0.0,3.77,0.94,1.0,0.0,0.0,0.0,7.47,-2.2680000000002742,0.7480000000000164,0.0,1.0599999999998388,-0.260000000000038,0.02,-0.8619999999999854,-0.51399999999997,0.0,1.240000000000019,-1.4199999999999768,0.02,1.1380000000000747,-0.51399999999997,0.0,1.2399999999999078,-1.4199999999999768,0,0,0,0,0,0,0,0,0,0,0,0,0,0,0,0,0,0,0,0,0,0,0,0,0,0,0,0,0,0,0,0,0,0,0,0,0,0,0,0,0,0,0,0,0,0,0,0,0,0,0,0,0,0,0,0,0,0,0,0,0,0,0,0,0,0,0,0,0,0,0,0,0,0,0,0,0,0,0,0,0,0,0,0,0,0,0,0,0,0,0,0,0,0,0,0,0,0,0,0,0,0,0,0,0,0,0,0,0,0,0,0,0,0,0,0,0,0,0,0,0,0,0,0,0,0,0,0,0,0,0,0,0,0,0,0,0,0,0,0,0,0,0,0,0,0,0,0,0,0,0,0,0,0,0,0,0,0,0,0,0,0,0,0,0,0,0,0,0,0,0,0,0,0,0,0,0,0,0,0,0,0,0,0,0,0
5.104402805,-9.697998000000087,-0.30200199999999994,-0.30200199999999994,0.764000000000209,-0.7639999999999869,-0.7639999999999869,0.7639999999999999,-0.7639999999999999,-0.7639999999999999,3.6583863178806784,-1.371961671137822,-2.974432741046334,4.998861036513794,0.07545971648578106,0.07545971648578106,-3.73,-1.34,-1.0,0.0,0.0,0.0,-3.73,0.66,-1.0,0.0,0.0,0.0,-3.73,2.66,-1.0,0.0,0.0,0.0,-3.73,4.66,-1.0,0.0,0.0,0.0,-3.73,-1.34,1.0,0.0,0.0,0.0,-3.73,0.66,1.0,0.0,0.0,0.0,-3.73,2.66,1.0,0.0,0.0,0.0,-3.73,4.66,1.0,0.0,0.0,0.0,3.77,-5.06,-1.0,0.0,0.0,0.0,3.77,-3.06,-1.0,0.0,0.0,0.0,3.77,-1.06,-1.0,0.0,0.0,0.0,3.77,0.94,-1.0,0.0,0.0,0.0,3.77,-5.06,1.0,0.0,0.0,0.0,3.77,-3.06,1.0,0.0,0.0,0.0,3.77,-1.06,1.0,0.0,0.0,0.0,3.77,0.94,1.0,0.0,0.0,0.0,7.47,-2.183200000000287,0.7272000000000134,0.0,1.0599999999998388,-0.260000000000038,0.02,-0.7627999999999839,-0.6275999999999682,0.0,1.240000000000019,-1.4199999999999768,0.02,1.2372000000000674,-0.6275999999999682,0.0,1.2399999999999078,-1.4199999999999768,0,0,0,0,0,0,0,0,0,0,0,0,0,0,0,0,0,0,0,0,0,0,0,0,0,0,0,0,0,0,0,0,0,0,0,0,0,0,0,0,0,0,0,0,0,0,0,0,0,0,0,0,0,0,0,0,0,0,0,0,0,0,0,0,0,0,0,0,0,0,0,0,0,0,0,0,0,0,0,0,0,0,0,0,0,0,0,0,0,0,0,0,0,0,0,0,0,0,0,0,0,0,0,0,0,0,0,0,0,0,0,0,0,0,0,0,0,0,0,0,0,0,0,0,0,0,0,0,0,0,0,0,0,0,0,0,0,0,0,0,0,0,0,0,0,0,0,0,0,0,0,0,0,0,0,0,0,0,0,0,0,0,0,0,0,0,0,0,0,0,0,0,0,0,0,0,0,0,0,0,0,0,0,0,0,0
5.207205943,-9.632498000000044,-0.3675019999999983,-0.3675019999999983,0.8370000000006428,-0.8369999999999767,-0.8369999999999767,0.8369999999999999,-0.8369999999999999,-0.8369999999999999,3.7281215532688727,-1.1503916095655153,-3.0739220452522473,4.998861036513794,0.07545971648578106,0.07545971648578106,-3.73,-1.34,-1.0,0.0,0.0,0.0,-3.73,0.66,-1.0,0.0,0.0,0.0,-3.73,2.66,-1.0,0.0,0.0,0.0,-3.73,4.66,-1.0,0.0,0.0,0.0,-3.73,-1.34,1.0,0.0,0.0,0.0,-3.73,0.66,1.0,0.0,0.0,0.0,-3.73,2.66,1.0,0.0,0.0,0.0,-3.73,4.66,1.0,0.0,0.0,0.0,3.77,-5.06,-1.0,0.0,0.0,0.0,3.77,-3.06,-1.0,0.0,0.0,0.0,3.77,-1.06,-1.0,0.0,0.0,0.0,3.77,0.94,-1.0,0.0,0.0,0.0,3.77,-5.06,1.0,0.0,0.0,0.0,3.77,-3.06,1.0,0.0,0.0,0.0,3.77,-1.06,1.0,0.0,0.0,0.0,3.77,0.94,1.0,0.0,0.0,0.0,7.47,-2.0984000000003,0.7064000000000104,0.0,1.0599999999998388,-0.260000000000038,0.02,-0.6635999999999824,-0.7411999999999663,0.0,1.240000000000019,-1.4199999999999768,0.02,1.33640000000006,-0.7411999999999663,0.0,1.2399999999999078,-1.4199999999999768,0,0,0,0,0,0,0,0,0,0,0,0,0,0,0,0,0,0,0,0,0,0,0,0,0,0,0,0,0,0,0,0,0,0,0,0,0,0,0,0,0,0,0,0,0,0,0,0,0,0,0,0,0,0,0,0,0,0,0,0,0,0,0,0,0,0,0,0,0,0,0,0,0,0,0,0,0,0,0,0,0,0,0,0,0,0,0,0,0,0,0,0,0,0,0,0,0,0,0,0,0,0,0,0,0,0,0,0,0,0,0,0,0,0,0,0,0,0,0,0,0,0,0,0,0,0,0,0,0,0,0,0,0,0,0,0,0,0,0,0,0,0,0,0,0,0,0,0,0,0,0,0,0,0,0,0,0,0,0,0,0,0,0,0,0,0,0,0,0,0,0,0,0,0,0,0,0,0,0,0,0,0,0,0,0,0
5.300866737,-9.578822000000034,-0.42117799999999767,-0.42117799999999767,0.9090000000000487,-0.9089999999999934,-0.9089999999999934,0.9089999999999998,-0.9089999999999998,-0.9089999999999998,3.7950043616670426,-2.009572092866231,-2.44511305218013,4.998337060582172,0.09117737880297447,0.09117737880297447,-3.73,-1.34,-1.0,0.0,0.0,0.0,-3.73,0.66,-1.0,0.0,0.0,0.0,-3.73,2.66,-1.0,0.0,0.0,0.0,-3.73,4.66,-1.0,0.0,0.0,0.0,-3.73,-1.34,1.0,0.0,0.0,0.0,-3.73,0.66,1.0,0.0,0.0,0.0,-3.73,2.66,1.0,0.0,0.0,0.0,-3.73,4.66,1.0,0.0,0.0,0.0,3.77,-5.06,-1.0,0.0,0.0,0.0,3.77,-3.06,-1.0,0.0,0.0,0.0,3.77,-1.06,-1.0,0.0,0.0,0.0,3.77,0.94,-1.0,0.0,0.0,0.0,3.77,-5.06,1.0,0.0,0.0,0.0,3.77,-3.06,1.0,0.0,0.0,0.0,3.77,-1.06,1.0,0.0,0.0,0.0,3.77,0.94,1.0,0.0,0.0,0.0,7.47,-2.0348000000003097,0.6908000000000081,0.0,1.0599999999998388,-0.260000000000038,0.02,-0.5891999999999813,-0.8263999999999649,0.0,1.240000000000019,-1.4199999999999768,0.02,1.4108000000000545,-0.8263999999999649,0.0,1.2399999999999078,-1.4199999999999768,0,0,0,0,0,0,0,0,0,0,0,0,0,0,0,0,0,0,0,0,0,0,0,0,0,0,0,0,0,0,0,0,0,0,0,0,0,0,0,0,0,0,0,0,0,0,0,0,0,0,0,0,0,0,0,0,0,0,0,0,0,0,0,0,0,0,0,0,0,0,0,0,0,0,0,0,0,0,0,0,0,0,0,0,0,0,0,0,0,0,0,0,0,0,0,0,0,0,0,0,0,0,0,0,0,0,0,0,0,0,0,0,0,0,0,0,0,0,0,0,0,0,0,0,0,0,0,0,0,0,0,0,0,0,0,0,0,0,0,0,0,0,0,0,0,0,0,0,0,0,0,0,0,0,0,0,0,0,0,0,0,0,0,0,0,0,0,0,0,0,0,0,0,0,0,0,0,0,0,0,0,0,0,0,0,0
5.40126828,-9.502142000000063,-0.4978579999999974,-0.4978579999999974,0.9689999999995536,-0.9689999999999976,-0.9689999999999976,0.9689999999999999,-0.9689999999999999,-0.9689999999999999,3.85332842779843,-2.387573026583472,-2.10525469005358,4.997738441230688,0.1063260858046142,0.1063260858046142,-3.73,-1.34,-1.0,0.0,0.0,0.0,-3.73,0.66,-1.0,0.0,0.0,0.0,-3.73,2.66,-1.0,0.0,0.0,0.0,-3.73,4.66,-1.0,0.0,0.0,0.0,-3.73,-1.34,1.0,0.0,0.0,0.0,-3.73,0.66,1.0,0.0,0.0,0.0,-3.73,2.66,1.0,0.0,0.0,0.0,-3.73,4.66,1.0,0.0,0.0,0.0,3.77,-5.06,-1.0,0.0,0.0,0.0,3.77,-3.06,-1.0,0.0,0.0,0.0,3.77,-1.06,-1.0,0.0,0.0,0.0,3.77,0.94,-1.0,0.0,0.0,0.0,3.77,-5.06,1.0,0.0,0.0,0.0,3.77,-3.06,1.0,0.0,0.0,0.0,3.77,-1.06,1.0,0.0,0.0,0.0,3.77,0.94,1.0,0.0,0.0,0.0,7.47,-1.950000000000312,0.670000000000005,0.0,1.060000000000061,-0.260000000000038,0.02,-0.4899999999999798,-0.9399999999999631,0.0,1.240000000000019,-1.4199999999999768,0.02,1.510000000000047,-0.9399999999999631,0.0,1.2399999999999078,-1.4199999999999768,0,0,0,0,0,0,0,0,0,0,0,0,0,0,0,0,0,0,0,0,0,0,0,0,0,0,0,0,0,0,0,0,0,0,0,0,0,0,0,0,0,0,0,0,0,0,0,0,0,0,0,0,0,0,0,0,0,0,0,0,0,0,0,0,0,0,0,0,0,0,0,0,0,0,0,0,0,0,0,0,0,0,0,0,0,0,0,0,0,0,0,0,0,0,0,0,0,0,0,0,0,0,0,0,0,0,0,0,0,0,0,0,0,0,0,0,0,0,0,0,0,0,0,0,0,0,0,0,0,0,0,0,0,0,0,0,0,0,0,0,0,0,0,0,0,0,0,0,0,0,0,0,0,0,0,0,0,0,0,0,0,0,0,0,0,0,0,0,0,0,0,0,0,0,0,0,0,0,0,0,0,0,0,0,0,0
5.500372846,-9.440347000000076,-0.5596529999999974,-0.5596529999999974,1.0539999999998884,-1.0539999999999992,-1.0539999999999992,1.0539999999999998,-1.0539999999999998,-1.0539999999999998,3.93120558404384,-2.4337813955732184,-1.7428046727756814,4.996730830954216,0.12782997103884555,0.12782997103884555,-3.73,-1.34,-1.0,0.0,0.0,0.0,-3.73,0.66,-1.0,0.0,0.0,0.0,-3.73,2.66,-1.0,0.0,0.0,0.0,-3.73,4.66,-1.0,0.0,0.0,0.0,-3.73,-1.34,1.0,0.0,0.0,0.0,-3.73,0.66,1.0,0.0,0.0,0.0,-3.73,2.66,1.0,0.0,0.0,0.0,-3.73,4.66,1.0,0.0,0.0,0.0,3.77,-5.06,-1.0,0.0,0.0,0.0,3.77,-3.06,-1.0,0.0,0.0,0.0,3.77,-1.06,-1.0,0.0,0.0,0.0,3.77,0.94,-1.0,0.0,0.0,0.0,3.77,-5.06,1.0,0.0,0.0,0.0,3.77,-3.06,1.0,0.0,0.0,0.0,3.77,-1.06,1.0,0.0,0.0,0.0,3.77,0.94,1.0,0.0,0.0,0.0,7.47,-1.8864000000003083,0.6544000000000028,0.0,1.060000000000061,-0.260000000000038,0.02,-0.41559999999997865,-1.0251999999999617,0.0,1.240000000000019,-1.4199999999999768,0.02,1.5844000000000416,-1.0251999999999617,0.0,1.2399999999999078,-1.4199999999999768,0,0,0,0,0,0,0,0,0,0,0,0,0,0,0,0,0,0,0,0,0,0,0,0,0,0,0,0,0,0,0,0,0,0,0,0,0,0,0,0,0,0,0,0,0,0,0,0,0,0,0,0,0,0,0,0,0,0,0,0,0,0,0,0,0,0,0,0,0,0,0,0,0,0,0,0,0,0,0,0,0,0,0,0,0,0,0,0,0,0,0,0,0,0,0,0,0,0,0,0,0,0,0,0,0,0,0,0,0,0,0,0,0,0,0,0,0,0,0,0,0,0,0,0,0,0,0,0,0,0,0,0,0,0,0,0,0,0,0,0,0,0,0,0,0,0,0,0,0,0,0,0,0,0,0,0,0,0,0,0,0,0,0,0,0,0,0,0,0,0,0,0,0,0,0,0,0,0,0,0,0,0,0,0,0,0
5.601132542,-9.352247000000116,-0.6401930000000006,-0.6477529999999941,1.1139999999993933,-0.9940000000000502,-1.1139999999999481,1.1139999999999999,-0.9939999999999998,-1.1139999999999999,4.040545150210635,0.8655917243275244,-2.8145733024659596,4.9958292277367935,0.14437391661904272,0.14438316900135684,-3.73,-1.34,-1.0,0.0,0.0,0.0,-3.73,0.66,-1.0,0.0,0.0,0.0,-3.73,2.66,-1.0,0.0,0.0,0.0,-3.73,4.66,-1.0,0.0,0.0,0.0,-3.73,-1.34,1.0,0.0,0.0,0.0,-3.73,0.66,1.0,0.0,0.0,0.0,-3.73,2.66,1.0,0.0,0.0,0.0,-3.73,4.66,1.0,0.0,0.0,0.0,3.77,-5.06,-1.0,0.0,0.0,0.0,3.77,-3.06,-1.0,0.0,0.0,0.0,3.77,-1.06,-1.0,0.0,0.0,0.0,3.77,0.94,-1.0,0.0,0.0,0.0,3.77,-5.06,1.0,0.0,0.0,0.0,3.77,-3.06,1.0,0.0,0.0,0.0,3.77,-1.06,1.0,0.0,0.0,0.0,3.77,0.94,1.0,0.0,0.0,0.0,7.47,-1.8016000000003034,0.6335999999999997,0.0,1.060000000000061,-0.260000000000038,0.02,-0.31639999999997714,-1.1387999999999598,0.0,1.240000000000019,-1.4199999999999768,0.02,1.6836000000000342,-1.1387999999999598,0.0,1.2399999999999078,-1.4199999999999768,0,0,0,0,0,0,0,0,0,0,0,0,0,0,0,0,0,0,0,0,0,0,0,0,0,0,0,0,0,0,0,0,0,0,0,0,0,0,0,0,0,0,0,0,0,0,0,0,0,0,0,0,0,0,0,0,0,0,0,0,0,0,0,0,0,0,0,0,0,0,0,0,0,0,0,0,0,0,0,0,0,0,0,0,0,0,0,0,0,0,0,0,0,0,0,0,0,0,0,0,0,0,0,0,0,0,0,0,0,0,0,0,0,0,0,0,0,0,0,0,0,0,0,0,0,0,0,0,0,0,0,0,0,0,0,0,0,0,0,0,0,0,0,0,0,0,0,0,0,0,0,0,0,0,0,0,0,0,0,0,0,0,0,0,0,0,0,0,0,0,0,0,0,0,0,0,0,0,0,0,0,0,0,0,0,0
5.701222836,-9.258815000000109,-0.7240250000000016,-0.7411849999999919,1.212000000000657,-1.0919999999999817,-1.2119999999999909,1.212,-1.0919999999999999,-1.212,4.097941285656867,-2.4763765158936204,-1.3218529056481696,4.994313684852903,0.16745862292532038,0.16967152648272343,-3.73,-1.34,-1.0,0.0,0.0,0.0,-3.73,0.66,-1.0,0.0,0.0,0.0,-3.73,2.66,-1.0,0.0,0.0,0.0,-3.73,4.66,-1.0,0.0,0.0,0.0,-3.73,-1.34,1.0,0.0,0.0,0.0,-3.73,0.66,1.0,0.0,0.0,0.0,-3.73,2.66,1.0,0.0,0.0,0.0,-3.73,4.66,1.0,0.0,0.0,0.0,3.77,-5.06,-1.0,0.0,0.0,0.0,3.77,-3.06,-1.0,0.0,0.0,0.0,3.77,-1.06,-1.0,0.0,0.0,0.0,3.77,0.94,-1.0,0.0,0.0,0.0,3.77,-5.06,1.0,0.0,0.0,0.0,3.77,-3.06,1.0,0.0,0.0,0.0,3.77,-1.06,1.0,0.0,0.0,0.0,3.77,0.94,1.0,0.0,0.0,0.0,7.47,-1.7168000000002985,0.6127999999999967,0.0,1.060000000000061,-0.260000000000038,0.02,-0.21719999999997638,-1.252399999999958,0.0,1.239999999999991,-1.4199999999999768,0.02,1.7828000000000268,-1.252399999999958,0.0,1.2399999999999078,-1.4199999999999768,0,0,0,0,0,0,0,0,0,0,0,0,0,0,0,0,0,0,0,0,0,0,0,0,0,0,0,0,0,0,0,0,0,0,0,0,0,0,0,0,0,0,0,0,0,0,0,0,0,0,0,0,0,0,0,0,0,0,0,0,0,0,0,0,0,0,0,0,0,0,0,0,0,0,0,0,0,0,0,0,0,0,0,0,0,0,0,0,0,0,0,0,0,0,0,0,0,0,0,0,0,0,0,0,0,0,0,0,0,0,0,0,0,0,0,0,0,0,0,0,0,0,0,0,0,0,0,0,0,0,0,0,0,0,0,0,0,0,0,0,0,0,0,0,0,0,0,0,0,0,0,0,0,0,0,0,0,0,0,0,0,0,0,0,0,0,0,0,0,0,0,0,0,0,0,0,0,0,0,0,0,0,0,0,0,0
5.801314313,-9.15802700000014,-0.8152130000000007,-0.8419729999999918,1.2779999999992242,-1.1579999999999924,-1.2780000000000016,1.278,-1.158,-1.278,4.205463932761915,-1.9300656367615714,-1.8768899006138655,4.9926372746000505,0.18946564242489386,0.19410258786193232,-3.73,-1.34,-1.0,0.0,0.0,0.0,-3.73,0.66,-1.0,0.0,0.0,0.0,-3.73,2.66,-1.0,0.0,0.0,0.0,-3.73,4.66,-1.0,0.0,0.0,0.0,-3.73,-1.34,1.0,0.0,0.0,0.0,-3.73,0.66,1.0,0.0,0.0,0.0,-3.73,2.66,1.0,0.0,0.0,0.0,-3.73,4.66,1.0,0.0,0.0,0.0,3.77,-5.06,-1.0,0.0,0.0,0.0,3.77,-3.06,-1.0,0.0,0.0,0.0,3.77,-1.06,-1.0,0.0,0.0,0.0,3.77,0.94,-1.0,0.0,0.0,0.0,3.77,-5.06,1.0,0.0,0.0,0.0,3.77,-3.06,1.0,0.0,0.0,0.0,3.77,-1.06,1.0,0.0,0.0,0.0,3.77,0.94,1.0,0.0,0.0,0.0,7.47,-1.6320000000002937,0.5919999999999936,0.0,1.060000000000061,-0.260000000000038,0.02,-0.11799999999997712,-1.3659999999999561,0.0,1.2399999999999882,-1.4199999999999768,0.02,1.8820000000000194,-1.3659999999999561,0.0,1.2399999999999078,-1.4199999999999768,0,0,0,0,0,0,0,0,0,0,0,0,0,0,0,0,0,0,0,0,0,0,0,0,0,0,0,0,0,0,0,0,0,0,0,0,0,0,0,0,0,0,0,0,0,0,0,0,0,0,0,0,0,0,0,0,0,0,0,0,0,0,0,0,0,0,0,0,0,0,0,0,0,0,0,0,0,0,0,0,0,0,0,0,0,0,0,0,0,0,0,0,0,0,0,0,0,0,0,0,0,0,0,0,0,0,0,0,0,0,0,0,0,0,0,0,0,0,0,0,0,0,0,0,0,0,0,0,0,0,0,0,0,0,0,0,0,0,0,0,0,0,0,0,0,0,0,0,0,0,0,0,0,0,0,0,0,0,0,0,0,0,0,0,0,0,0,0,0,0,0,0,0,0,0,0,0,0,0,0,0,0,0,0,0,0
5.901194538,-9.078149000000176,-0.8878910000000012,-0.9218509999999928,1.3559999999994687,-1.2360000000000149,-1.3560000000000236,1.356,-1.236,-1.356,4.260321448679287,-1.5255098696089515,-2.0812415456198052,4.990642014634596,0.21267886868908076,0.21968154355128022,-3.73,-1.34,-1.0,0.0,0.0,0.0,-3.73,0.66,-1.0,0.0,0.0,0.0,-3.73,2.66,-1.0,0.0,0.0,0.0,-3.73,4.66,-1.0,0.0,0.0,0.0,-3.73,-1.34,1.0,0.0,0.0,0.0,-3.73,0.66,1.0,0.0,0.0,0.0,-3.73,2.66,1.0,0.0,0.0,0.0,-3.73,4.66,1.0,0.0,0.0,0.0,3.77,-5.06,-1.0,0.0,0.0,0.0,3.77,-3.06,-1.0,0.0,0.0,0.0,3.77,-1.06,-1.0,0.0,0.0,0.0,3.77,0.94,-1.0,0.0,0.0,0.0,3.77,-5.06,1.0,0.0,0.0,0.0,3.77,-3.06,1.0,0.0,0.0,0.0,3.77,-1.06,1.0,0.0,0.0,0.0,3.77,0.94,1.0,0.0,0.0,0.0,7.47,-1.56840000000029,0.5763999999999914,0.0,1.060000000000061,-0.260000000000038,0.02,-0.04359999999997838,-1.4511999999999547,0.0,1.2399999999999842,-1.4199999999999768,0.02,1.956400000000018,-1.4511999999999547,0.0,1.2399999999999745,-1.4199999999999768,0,0,0,0,0,0,0,0,0,0,0,0,0,0,0,0,0,0,0,0,0,0,0,0,0,0,0,0,0,0,0,0,0,0,0,0,0,0,0,0,0,0,0,0,0,0,0,0,0,0,0,0,0,0,0,0,0,0,0,0,0,0,0,0,0,0,0,0,0,0,0,0,0,0,0,0,0,0,0,0,0,0,0,0,0,0,0,0,0,0,0,0,0,0,0,0,0,0,0,0,0,0,0,0,0,0,0,0,0,0,0,0,0,0,0,0,0,0,0,0,0,0,0,0,0,0,0,0,0,0,0,0,0,0,0,0,0,0,0,0,0,0,0,0,0,0,0,0,0,0,0,0,0,0,0,0,0,0,0,0,0,0,0,0,0,0,0,0,0,0,0,0,0,0,0,0,0,0,0,0,0,0,0,0,0,0
6.007378071,-8.966099000000154,-0.990341000000004,-1.0267609999999907,1.4070000000003802,-1.2870000000000381,-1.3049999999998896,1.407,-1.287,-1.3050000000000002,4.342662024535894,-2.2664452578831424,-0.9012728028383004,4.988689661609905,0.23316274770109674,0.24209624786627965,-3.73,-1.34,-1.0,0.0,0.0,0.0,-3.73,0.66,-1.0,0.0,0.0,0.0,-3.73,2.66,-1.0,0.0,0.0,0.0,-3.73,4.66,-1.0,0.0,0.0,0.0,-3.73,-1.34,1.0,0.0,0.0,0.0,-3.73,0.66,1.0,0.0,0.0,0.0,-3.73,2.66,1.0,0.0,0.0,0.0,-3.73,4.66,1.0,0.0,0.0,0.0,3.77,-5.06,-1.0,0.0,0.0,0.0,3.77,-3.06,-1.0,0.0,0.0,0.0,3.77,-1.06,-1.0,0.0,0.0,0.0,3.77,0.94,-1.0,0.0,0.0,0.0,3.77,-5.06,1.0,0.0,0.0,0.0,3.77,-3.06,1.0,0.0,0.0,0.0,3.77,-1.06,1.0,0.0,0.0,0.0,3.77,0.94,1.0,0.0,0.0,0.0,7.47,-1.4836000000002851,0.5555999999999883,0.0,1.060000000000061,-0.260000000000038,0.02,0.05560000000002071,-1.564799999999953,0.0,1.2399999999999982,-1.4199999999999768,0.02,2.055600000000023,-1.564799999999953,0.0,1.2400000000001299,-1.4199999999999768,0,0,0,0,0,0,0,0,0,0,0,0,0,0,0,0,0,0,0,0,0,0,0,0,0,0,0,0,0,0,0,0,0,0,0,0,0,0,0,0,0,0,0,0,0,0,0,0,0,0,0,0,0,0,0,0,0,0,0,0,0,0,0,0,0,0,0,0,0,0,0,0,0,0,0,0,0,0,0,0,0,0,0,0,0,0,0,0,0,0,0,0,0,0,0,0,0,0,0,0,0,0,0,0,0,0,0,0,0,0,0,0,0,0,0,0,0,0,0,0,0,0,0,0,0,0,0,0,0,0,0,0,0,0,0,0,0,0,0,0,0,0,0,0,0,0,0,0,0,0,0,0,0,0,0,0,0,0,0,0,0,0,0,0,0,0,0,0,0,0,0,0,0,0,0,0,0,0,0,0,0,0,0,0,0,0
6.102112758,-8.877575000000133,-1.063457000000008,-1.1091649999999942,1.4830000000003452,-1.2110000000000731,-1.3810000000000766,1.483,-1.2109999999999999,-1.3810000000000002,4.3812388680009855,-0.3127704769953974,-2.3887493636574115,4.986294745070329,0.2567921555787315,0.26631279375436034,-3.73,-1.34,-1.0,0.0,0.0,0.0,-3.73,0.66,-1.0,0.0,0.0,0.0,-3.73,2.66,-1.0,0.0,0.0,0.0,-3.73,4.66,-1.0,0.0,0.0,0.0,-3.73,-1.34,1.0,0.0,0.0,0.0,-3.73,0.66,1.0,0.0,0.0,0.0,-3.73,2.66,1.0,0.0,0.0,0.0,-3.73,4.66,1.0,0.0,0.0,0.0,3.77,-5.06,-1.0,0.0,0.0,0.0,3.77,-3.06,-1.0,0.0,0.0,0.0,3.77,-1.06,-1.0,0.0,0.0,0.0,3.77,0.94,-1.0,0.0,0.0,0.0,3.77,-5.06,1.0,0.0,0.0,0.0,3.77,-3.06,1.0,0.0,0.0,0.0,3.77,-1.06,1.0,0.0,0.0,0.0,3.77,0.94,1.0,0.0,0.0,0.0,7.47,-1.4200000000002815,0.539999999999986,0.0,1.060000000000061,-0.260000000000038,0.02,0.1300000000000209,-1.6499999999999515,0.0,1.239999999999998,-1.4199999999999768,0.02,2.130000000000031,-1.6499999999999515,0.0,1.2400000000001299,-1.4199999999999768,0,0,0,0,0,0,0,0,0,0,0,0,0,0,0,0,0,0,0,0,0,0,0,0,0,0,0,0,0,0,0,0,0,0,0,0,0,0,0,0,0,0,0,0,0,0,0,0,0,0,0,0,0,0,0,0,0,0,0,0,0,0,0,0,0,0,0,0,0,0,0,0,0,0,0,0,0,0,0,0,0,0,0,0,0,0,0,0,0,0,0,0,0,0,0,0,0,0,0,0,0,0,0,0,0,0,0,0,0,0,0,0,0,0,0,0,0,0,0,0,0,0,0,0,0,0,0,0,0,0,0,0,0,0,0,0,0,0,0,0,0,0,0,0,0,0,0,0,0,0,0,0,0,0,0,0,0,0,0,0,0,0,0,0,0,0,0,0,0,0,0,0,0,0,0,0,0,0,0,0,0,0,0,0,0,0
6.200906762,-8.754975000000112,-1.164297000000008,-1.2236049999999943,1.5710000000002111,-1.298999999999939,-1.4689999999999426,1.5710000000000002,-1.299,-1.4690000000000003,4.424416022636761,-1.4905921755514209,-1.7762479207328568,4.983054586175429,0.28447956192925017,0.2970494403976678,-3.73,-1.34,-1.0,0.0,0.0,0.0,-3.73,0.66,-1.0,0.0,0.0,0.0,-3.73,2.66,-1.0,0.0,0.0,0.0,-3.73,4.66,-1.0,0.0,0.0,0.0,-3.73,-1.34,1.0,0.0,0.0,0.0,-3.73,0.66,1.0,0.0,0.0,0.0,-3.73,2.66,1.0,0.0,0.0,0.0,-3.73,4.66,1.0,0.0,0.0,0.0,3.77,-5.06,-1.0,0.0,0.0,0.0,3.77,-3.06,-1.0,0.0,0.0,0.0,3.77,-1.06,-1.0,0.0,0.0,0.0,3.77,0.94,-1.0,0.0,0.0,0.0,3.77,-5.06,1.0,0.0,0.0,0.0,3.77,-3.06,1.0,0.0,0.0,0.0,3.77,-1.06,1.0,0.0,0.0,0.0,3.77,0.94,1.0,0.0,0.0,0.0,7.47,-1.3352000000002766,0.519199999999983,0.0,1.060000000000061,-0.260000000000038,0.02,0.2292000000000202,-1.7635999999999497,0.0,1.239999999999991,-1.4199999999999768,0.02,2.2292000000000414,-1.7635999999999497,0.0,1.2400000000001299,-1.4199999999999768,0,0,0,0,0,0,0,0,0,0,0,0,0,0,0,0,0,0,0,0,0,0,0,0,0,0,0,0,0,0,0,0,0,0,0,0,0,0,0,0,0,0,0,0,0,0,0,0,0,0,0,0,0,0,0,0,0,0,0,0,0,0,0,0,0,0,0,0,0,0,0,0,0,0,0,0,0,0,0,0,0,0,0,0,0,0,0,0,0,0,0,0,0,0,0,0,0,0,0,0,0,0,0,0,0,0,0,0,0,0,0,0,0,0,0,0,0,0,0,0,0,0,0,0,0,0,0,0,0,0,0,0,0,0,0,0,0,0,0,0,0,0,0,0,0,0,0,0,0,0,0,0,0,0,0,0,0,0,0,0,0,0,0,0,0,0,0,0,0,0,0,0,0,0,0,0,0,0,0,0,0,0,0,0,0,0
6.301512649,-8.625330000000137,-1.2642520000000042,-1.3450899999999886,1.6359999999995267,-1.2339999999999574,-1.5339999999999243,1.6360000000000001,-1.234,-1.5340000000000003,4.551433379814254,0.08918722120446798,-1.9027205859674394,4.979704006897855,0.31019424025455533,0.32607903489545015,-3.73,-1.34,-1.0,0.0,0.0,0.0,-3.73,0.66,-1.0,0.0,0.0,0.0,-3.73,2.66,-1.0,0.0,0.0,0.0,-3.73,4.66,-1.0,0.0,0.0,0.0,-3.73,-1.34,1.0,0.0,0.0,0.0,-3.73,0.66,1.0,0.0,0.0,0.0,-3.73,2.66,1.0,0.0,0.0,0.0,-3.73,4.66,1.0,0.0,0.0,0.0,3.77,-5.06,-1.0,0.0,0.0,0.0,3.77,-3.06,-1.0,0.0,0.0,0.0,3.77,-1.06,-1.0,0.0,0.0,0.0,3.77,0.94,-1.0,0.0,0.0,0.0,3.77,-5.06,1.0,0.0,0.0,0.0,3.77,-3.06,1.0,0.0,0.0,0.0,3.77,-1.06,1.0,0.0,0.0,0.0,3.77,0.94,1.0,0.0,0.0,0.0,7.47,-1.2504000000002717,0.49839999999998036,0.0,1.060000000000061,-0.2599999999999991,0.02,0.32840000000002123,-1.8771999999999478,0.0,1.240000000000019,-1.4199999999999768,0.02,2.3284000000000518,-1.8771999999999478,0.0,1.2400000000001299,-1.4199999999999768,0,0,0,0,0,0,0,0,0,0,0,0,0,0,0,0,0,0,0,0,0,0,0,0,0,0,0,0,0,0,0,0,0,0,0,0,0,0,0,0,0,0,0,0,0,0,0,0,0,0,0,0,0,0,0,0,0,0,0,0,0,0,0,0,0,0,0,0,0,0,0,0,0,0,0,0,0,0,0,0,0,0,0,0,0,0,0,0,0,0,0,0,0,0,0,0,0,0,0,0,0,0,0,0,0,0,0,0,0,0,0,0,0,0,0,0,0,0,0,0,0,0,0,0,0,0,0,0,0,0,0,0,0,0,0,0,0,0,0,0,0,0,0,0,0,0,0,0,0,0,0,0,0,0,0,0,0,0,0,0,0,0,0,0,0,0,0,0,0,0,0,0,0,0,0,0,0,0,0,0,0,0,0,0,0,0
6.401582292,-8.489636000000171,-1.3581579999999975,-1.4726239999999857,1.718999999999582,-1.150999999999902,-1.6169999999999796,1.719,-1.151,-1.6170000000000002,4.599837459181723,0.4680321214934784,-1.6317978718374984,4.975445836353764,0.3388587760740177,0.36071243309262724,-3.73,-1.34,-1.0,0.0,0.0,0.0,-3.73,0.66,-1.0,0.0,0.0,0.0,-3.73,2.66,-1.0,0.0,0.0,0.0,-3.73,4.66,-1.0,0.0,0.0,0.0,-3.73,-1.34,1.0,0.0,0.0,0.0,-3.73,0.66,1.0,0.0,0.0,0.0,-3.73,2.66,1.0,0.0,0.0,0.0,-3.73,4.66,1.0,0.0,0.0,0.0,3.77,-5.06,-1.0,0.0,0.0,0.0,3.77,-3.06,-1.0,0.0,0.0,0.0,3.77,-1.06,-1.0,0.0,0.0,0.0,3.77,0.94,-1.0,0.0,0.0,0.0,3.77,-5.06,1.0,0.0,0.0,0.0,3.77,-3.06,1.0,0.0,0.0,0.0,3.77,-1.06,1.0,0.0,0.0,0.0,3.77,0.94,1.0,0.0,0.0,0.0,7.47,-1.1656000000002669,0.47759999999998176,0.0,1.060000000000061,-0.25999999999998247,0.02,0.42760000000002274,-1.990799999999946,0.0,1.240000000000019,-1.4199999999999768,0.02,2.427600000000062,-1.990799999999946,0.0,1.2400000000001299,-1.4199999999999768,0,0,0,0,0,0,0,0,0,0,0,0,0,0,0,0,0,0,0,0,0,0,0,0,0,0,0,0,0,0,0,0,0,0,0,0,0,0,0,0,0,0,0,0,0,0,0,0,0,0,0,0,0,0,0,0,0,0,0,0,0,0,0,0,0,0,0,0,0,0,0,0,0,0,0,0,0,0,0,0,0,0,0,0,0,0,0,0,0,0,0,0,0,0,0,0,0,0,0,0,0,0,0,0,0,0,0,0,0,0,0,0,0,0,0,0,0,0,0,0,0,0,0,0,0,0,0,0,0,0,0,0,0,0,0,0,0,0,0,0,0,0,0,0,0,0,0,0,0,0,0,0,0,0,0,0,0,0,0,0,0,0,0,0,0,0,0,0,0,0,0,0,0,0,0,0,0,0,0,0,0,0,0,0,0,0
6.502166993,-8.347679000000173,-1.4458009999999923,-1.598682585035028,1.8060000000001963,-1.0639999999999539,-1.552266373236133,1.806,-1.064,-1.5522663732361797,4.71546442704214,0.6952210072869969,-1.5522663732361797,4.970409204510387,0.36785079146061267,0.3996475133667385,-3.73,-1.34,-1.0,0.0,0.0,0.0,-3.73,0.66,-1.0,0.0,0.0,0.0,-3.73,2.66,-1.0,0.0,0.0,0.0,-3.73,4.66,-1.0,0.0,0.0,0.0,-3.73,-1.34,1.0,0.0,0.0,0.0,-3.73,0.66,1.0,0.0,0.0,0.0,-3.73,2.66,1.0,0.0,0.0,0.0,-3.73,4.66,1.0,0.0,0.0,0.0,3.77,-5.06,-1.0,0.0,0.0,0.0,3.77,-3.06,-1.0,0.0,0.0,0.0,3.77,-1.06,-1.0,0.0,0.0,0.0,3.77,0.94,-1.0,0.0,0.0,0.0,3.77,-5.06,1.0,0.0,0.0,0.0,3.77,-3.06,1.0,0.0,0.0,0.0,3.77,-1.06,1.0,0.0,0.0,0.0,3.77,0.94,1.0,0.0,0.0,0.0,7.47,-1.080800000000262,0.45679999999998316,0.0,1.060000000000061,-0.25999999999998247,0.02,0.5268000000000242,-2.104399999999944,0.0,1.240000000000019,-1.4199999999999768,0.02,2.5268000000000725,-2.104399999999944,0.0,1.2400000000001299,-1.4199999999999768,0,0,0,0,0,0,0,0,0,0,0,0,0,0,0,0,0,0,0,0,0,0,0,0,0,0,0,0,0,0,0,0,0,0,0,0,0,0,0,0,0,0,0,0,0,0,0,0,0,0,0,0,0,0,0,0,0,0,0,0,0,0,0,0,0,0,0,0,0,0,0,0,0,0,0,0,0,0,0,0,0,0,0,0,0,0,0,0,0,0,0,0,0,0,0,0,0,0,0,0,0,0,0,0,0,0,0,0,0,0,0,0,0,0,0,0,0,0,0,0,0,0,0,0,0,0,0,0,0,0,0,0,0,0,0,0,0,0,0,0,0,0,0,0,0,0,0,0,0,0,0,0,0,0,0,0,0,0,0,0,0,0,0,0,0,0,0,0,0,0,0,0,0,0,0,0,0,0,0,0,0,0,0,0,0,0
6.601861709,-8.198975000000136,-1.526696999999995,-1.7232001868594715,1.87200000000054,-0.9980000000000544,-1.557520935197898,1.872,-0.998,-1.5575209351978696,4.7963453174693775,-0.2541580904077323,-1.5575209351978696,4.9656539945900615,0.3922644417913713,0.4340610714149062,-3.73,-1.34,-1.0,0.0,0.0,0.0,-3.73,0.66,-1.0,0.0,0.0,0.0,-3.73,2.66,-1.0,0.0,0.0,0.0,-3.73,4.66,-1.0,0.0,0.0,0.0,-3.73,-1.34,1.0,0.0,0.0,0.0,-3.73,0.66,1.0,0.0,0.0,0.0,-3.73,2.66,1.0,0.0,0.0,0.0,-3.73,4.66,1.0,0.0,0.0,0.0,3.77,-5.06,-1.0,0.0,0.0,0.0,3.77,-3.06,-1.0,0.0,0.0,0.0,3.77,-1.06,-1.0,0.0,0.0,0.0,3.77,0.94,-1.0,0.0,0.0,0.0,3.77,-5.06,1.0,0.0,0.0,0.0,3.77,-3.06,1.0,0.0,0.0,0.0,3.77,-1.06,1.0,0.0,0.0,0.0,3.77,0.94,1.0,0.0,0.0,0.0,7.47,-0.9960000000002576,0.43599999999998457,0.0,1.0600000000000165,-0.25999999999998247,0.02,0.6260000000000258,-2.2179999999999422,0.0,1.240000000000019,-1.4199999999999768,0.02,2.626000000000083,-2.2179999999999422,0.0,1.2400000000001299,-1.4199999999999768,0,0,0,0,0,0,0,0,0,0,0,0,0,0,0,0,0,0,0,0,0,0,0,0,0,0,0,0,0,0,0,0,0,0,0,0,0,0,0,0,0,0,0,0,0,0,0,0,0,0,0,0,0,0,0,0,0,0,0,0,0,0,0,0,0,0,0,0,0,0,0,0,0,0,0,0,0,0,0,0,0,0,0,0,0,0,0,0,0,0,0,0,0,0,0,0,0,0,0,0,0,0,0,0,0,0,0,0,0,0,0,0,0,0,0,0,0,0,0,0,0,0,0,0,0,0,0,0,0,0,0,0,0,0,0,0,0,0,0,0,0,0,0,0,0,0,0,0,0,0,0,0,0,0,0,0,0,0,0,0,0,0,0,0,0,0,0,0,0,0,0,0,0,0,0,0,0,0,0,0,0,0,0,0,0,0
6.7019655,-8.044175000000134,-1.601497000000001,-1.842818400966354,1.9559999999998468,-0.9140000000000814,-1.4744632567154081,1.9560000000000002,-0.914,-1.4744632567153113,4.709944866025895,-0.27096892154395436,-1.4744632567153113,4.96019901933744,0.41730675270427225,0.4714666082675468,-3.73,-1.34,-1.0,0.0,0.0,0.0,-3.73,0.66,-1.0,0.0,0.0,0.0,-3.73,2.66,-1.0,0.0,0.0,0.0,-3.73,4.66,-1.0,0.0,0.0,0.0,-3.73,-1.34,1.0,0.0,0.0,0.0,-3.73,0.66,1.0,0.0,0.0,0.0,-3.73,2.66,1.0,0.0,0.0,0.0,-3.73,4.66,1.0,0.0,0.0,0.0,3.77,-5.06,-1.0,0.0,0.0,0.0,3.77,-3.06,-1.0,0.0,0.0,0.0,3.77,-1.06,-1.0,0.0,0.0,0.0,3.77,0.94,-1.0,0.0,0.0,0.0,3.77,-5.06,1.0,0.0,0.0,0.0,3.77,-3.06,1.0,0.0,0.0,0.0,3.77,-1.06,1.0,0.0,0.0,0.0,3.77,0.94,1.0,0.0,0.0,0.0,7.47,-0.9112000000002616,0.41519999999998597,0.0,1.0599999999999496,-0.25999999999998247,0.02,0.7252000000000273,-2.3315999999999404,0.0,1.240000000000019,-1.4199999999999768,0.02,2.7252000000000933,-2.3315999999999404,0.0,1.2400000000001299,-1.4199999999999768,0,0,0,0,0,0,0,0,0,0,0,0,0,0,0,0,0,0,0,0,0,0,0,0,0,0,0,0,0,0,0,0,0,0,0,0,0,0,0,0,0,0,0,0,0,0,0,0,0,0,0,0,0,0,0,0,0,0,0,0,0,0,0,0,0,0,0,0,0,0,0,0,0,0,0,0,0,0,0,0,0,0,0,0,0,0,0,0,0,0,0,0,0,0,0,0,0,0,0,0,0,0,0,0,0,0,0,0,0,0,0,0,0,0,0,0,0,0,0,0,0,0,0,0,0,0,0,0,0,0,0,0,0,0,0,0,0,0,0,0,0,0,0,0,0,0,0,0,0,0,0,0,0,0,0,0,0,0,0,0,0,0,0,0,0,0,0,0,0,0,0,0,0,0,0,0,0,0,0,0,0,0,0,0,0,0
6.800838579,-7.8830310000001536,-1.669953000000003,-1.956111461503582,2.0439999999997127,-0.8259999999999934,-1.3864632567153201,2.044,-0.8260000000000001,-1.3864632567153112,4.870349774157643,0.018203873810151094,-1.3557444901056468,4.954198143314734,0.4423962104523913,0.510104253809164,-3.73,-1.34,-1.0,0.0,0.0,0.0,-3.73,0.66,-1.0,0.0,0.0,0.0,-3.73,2.66,-1.0,0.0,0.0,0.0,-3.73,4.66,-1.0,0.0,0.0,0.0,-3.73,-1.34,1.0,0.0,0.0,0.0,-3.73,0.66,1.0,0.0,0.0,0.0,-3.73,2.66,1.0,0.0,0.0,0.0,-3.73,4.66,1.0,0.0,0.0,0.0,3.77,-5.06,-1.0,0.0,0.0,0.0,3.77,-3.06,-1.0,0.0,0.0,0.0,3.77,-1.06,-1.0,0.0,0.0,0.0,3.77,0.94,-1.0,0.0,0.0,0.0,3.77,-5.06,1.0,0.0,0.0,0.0,3.77,-3.06,1.0,0.0,0.0,0.0,3.77,-1.06,1.0,0.0,0.0,0.0,3.77,0.94,1.0,0.0,0.0,0.0,7.47,-0.8264000000002656,0.39439999999998737,0.0,1.0599999999999496,-0.25999999999998247,0.02,0.8244000000000288,-2.4451999999999385,0.0,1.240000000000019,-1.4199999999999768,0.02,2.8244000000001037,-2.4451999999999385,0.0,1.2400000000001299,-1.4199999999999768,0,0,0,0,0,0,0,0,0,0,0,0,0,0,0,0,0,0,0,0,0,0,0,0,0,0,0,0,0,0,0,0,0,0,0,0,0,0,0,0,0,0,0,0,0,0,0,0,0,0,0,0,0,0,0,0,0,0,0,0,0,0,0,0,0,0,0,0,0,0,0,0,0,0,0,0,0,0,0,0,0,0,0,0,0,0,0,0,0,0,0,0,0,0,0,0,0,0,0,0,0,0,0,0,0,0,0,0,0,0,0,0,0,0,0,0,0,0,0,0,0,0,0,0,0,0,0,0,0,0,0,0,0,0,0,0,0,0,0,0,0,0,0,0,0,0,0,0,0,0,0,0,0,0,0,0,0,0,0,0,0,0,0,0,0,0,0,0,0,0,0,0,0,0,0,0,0,0,0,0,0,0,0,0,0,0
6.90028681,-7.7151790000001785,-1.7317010000000044,-2.0626965220408096,2.1199999999996777,-0.7500000000000284,-1.3104632567153551,2.12,-0.7500000000000001,-1.3104632567153112,4.830801427761628,-0.00029841362523930215,-1.218341740398471,4.943424794388824,0.4824305018926677,0.5742927067840938,-3.73,-1.34,-1.0,0.0,0.0,0.0,-3.73,0.66,-1.0,0.0,0.0,0.0,-3.73,2.66,-1.0,0.0,0.0,0.0,-3.73,4.66,-1.0,0.0,0.0,0.0,-3.73,-1.34,1.0,0.0,0.0,0.0,-3.73,0.66,1.0,0.0,0.0,0.0,-3.73,2.66,1.0,0.0,0.0,0.0,-3.73,4.66,1.0,0.0,0.0,0.0,3.77,-5.06,-1.0,0.0,0.0,0.0,3.77,-3.06,-1.0,0.0,0.0,0.0,3.77,-1.06,-1.0,0.0,0.0,0.0,3.77,0.94,-1.0,0.0,0.0,0.0,3.77,-5.06,1.0,0.0,0.0,0.0,3.77,-3.06,1.0,0.0,0.0,0.0,3.77,-1.06,1.0,0.0,0.0,0.0,3.77,0.94,1.0,0.0,0.0,0.0,7.47,-0.7416000000002696,0.3735999999999888,0.0,1.0599999999999496,-0.25999999999998247,0.02,0.9236000000000303,-2.5587999999999367,0.0,1.240000000000019,-1.4199999999999768,0.02,2.923600000000114,-2.5587999999999367,0.0,1.2400000000001299,-1.4199999999999768,0,0,0,0,0,0,0,0,0,0,0,0,0,0,0,0,0,0,0,0,0,0,0,0,0,0,0,0,0,0,0,0,0,0,0,0,0,0,0,0,0,0,0,0,0,0,0,0,0,0,0,0,0,0,0,0,0,0,0,0,0,0,0,0,0,0,0,0,0,0,0,0,0,0,0,0,0,0,0,0,0,0,0,0,0,0,0,0,0,0,0,0,0,0,0,0,0,0,0,0,0,0,0,0,0,0,0,0,0,0,0,0,0,0,0,0,0,0,0,0,0,0,0,0,0,0,0,0,0,0,0,0,0,0,0,0,0,0,0,0,0,0,0,0,0,0,0,0,0,0,0,0,0,0,0,0,0,0,0,0,0,0,0,0,0,0,0,0,0,0,0,0,0,0,0,0,0,0,0,0,0,0,0,0,0,0
7.001624185,-7.54095900000018,-1.7870809999999981,-2.162913582578045,2.1860000000000213,-0.6839999999999069,-1.2444632567154557,2.186,-0.6840000000000002,-1.244463256715311,4.809148696384704,0.09982296790396283,-1.1054618566784815,4.943424794388824,0.4824305018926677,0.5742927067840938,-3.73,-1.34,-1.0,0.0,0.0,0.0,-3.73,0.66,-1.0,0.0,0.0,0.0,-3.73,2.66,-1.0,0.0,0.0,0.0,-3.73,4.66,-1.0,0.0,0.0,0.0,-3.73,-1.34,1.0,0.0,0.0,0.0,-3.73,0.66,1.0,0.0,0.0,0.0,-3.73,2.66,1.0,0.0,0.0,0.0,-3.73,4.66,1.0,0.0,0.0,0.0,3.77,-5.06,-1.0,0.0,0.0,0.0,3.77,-3.06,-1.0,0.0,0.0,0.0,3.77,-1.06,-1.0,0.0,0.0,0.0,3.77,0.94,-1.0,0.0,0.0,0.0,3.77,-5.06,1.0,0.0,0.0,0.0,3.77,-3.06,1.0,0.0,0.0,0.0,3.77,-1.06,1.0,0.0,0.0,0.0,3.77,0.94,1.0,0.0,0.0,0.0,7.47,-0.6568000000002736,0.3527999999999902,0.0,1.0599999999999496,-0.25999999999998247,0.02,1.0228000000000297,-2.672399999999935,0.0,1.2399999999999078,-1.4199999999999768,0.02,3.0228000000001245,-2.672399999999935,0.0,1.2400000000001299,-1.4199999999999768,0,0,0,0,0,0,0,0,0,0,0,0,0,0,0,0,0,0,0,0,0,0,0,0,0,0,0,0,0,0,0,0,0,0,0,0,0,0,0,0,0,0,0,0,0,0,0,0,0,0,0,0,0,0,0,0,0,0,0,0,0,0,0,0,0,0,0,0,0,0,0,0,0,0,0,0,0,0,0,0,0,0,0,0,0,0,0,0,0,0,0,0,0,0,0,0,0,0,0,0,0,0,0,0,0,0,0,0,0,0,0,0,0,0,0,0,0,0,0,0,0,0,0,0,0,0,0,0,0,0,0,0,0,0,0,0,0,0,0,0,0,0,0,0,0,0,0,0,0,0,0,0,0,0,0,0,0,0,0,0,0,0,0,0,0,0,0,0,0,0,0,0,0,0,0,0,0,0,0,0,0,0,0,0,0,0
7.100517961,-7.315959000000193,-1.8490809999999895,-2.280959908249577,2.285999999999788,-0.5839999999999179,-1.1444632567152446,2.286,-0.5840000000000002,-1.144463256715311,4.9833609788485855,0.1983016577373946,-0.8243995647725493,4.929700792841949,0.5261925500485167,0.6489772671880668,-3.73,-1.34,-1.0,0.0,0.0,0.0,-3.73,0.66,-1.0,0.0,0.0,0.0,-3.73,2.66,-1.0,0.0,0.0,0.0,-3.73,4.66,-1.0,0.0,0.0,0.0,-3.73,-1.34,1.0,0.0,0.0,0.0,-3.73,0.66,1.0,0.0,0.0,0.0,-3.73,2.66,1.0,0.0,0.0,0.0,-3.73,4.66,1.0,0.0,0.0,0.0,3.77,-5.06,-1.0,0.0,0.0,0.0,3.77,-3.06,-1.0,0.0,0.0,0.0,3.77,-1.06,-1.0,0.0,0.0,0.0,3.77,0.94,-1.0,0.0,0.0,0.0,3.77,-5.06,1.0,0.0,0.0,0.0,3.77,-3.06,1.0,0.0,0.0,0.0,3.77,-1.06,1.0,0.0,0.0,0.0,3.77,0.94,1.0,0.0,0.0,0.0,7.47,-0.5508000000002786,0.32679999999999193,0.0,1.0599999999999496,-0.25999999999998247,0.02,1.1468000000000205,-2.8143999999999325,0.0,1.2399999999999078,-1.4199999999999768,0.02,3.1468000000001375,-2.8143999999999325,0.0,1.2400000000001299,-1.4199999999999768,0,0,0,0,0,0,0,0,0,0,0,0,0,0,0,0,0,0,0,0,0,0,0,0,0,0,0,0,0,0,0,0,0,0,0,0,0,0,0,0,0,0,0,0,0,0,0,0,0,0,0,0,0,0,0,0,0,0,0,0,0,0,0,0,0,0,0,0,0,0,0,0,0,0,0,0,0,0,0,0,0,0,0,0,0,0,0,0,0,0,0,0,0,0,0,0,0,0,0,0,0,0,0,0,0,0,0,0,0,0,0,0,0,0,0,0,0,0,0,0,0,0,0,0,0,0,0,0,0,0,0,0,0,0,0,0,0,0,0,0,0,0,0,0,0,0,0,0,0,0,0,0,0,0,0,0,0,0,0,0,0,0,0,0,0,0,0,0,0,0,0,0,0,0,0,0,0,0,0,0,0,0,0,0,0,0
7.202941391,-7.080660000000205,-1.9007819999999915,-2.3887072339210924,2.362999999999893,-0.5070000000000352,-1.0674632567151399,2.363,-0.5070000000000002,-1.067463256715311,4.9833609788485855,0.1983016577373946,-0.8243995647725493,4.922713989052054,0.5458182459559173,0.6848134230378475,-3.73,-1.34,-1.0,0.0,0.0,0.0,-3.73,0.66,-1.0,0.0,0.0,0.0,-3.73,2.66,-1.0,0.0,0.0,0.0,-3.73,4.66,-1.0,0.0,0.0,0.0,-3.73,-1.34,1.0,0.0,0.0,0.0,-3.73,0.66,1.0,0.0,0.0,0.0,-3.73,2.66,1.0,0.0,0.0,0.0,-3.73,4.66,1.0,0.0,0.0,0.0,3.77,-5.06,-1.0,0.0,0.0,0.0,3.77,-3.06,-1.0,0.0,0.0,0.0,3.77,-1.06,-1.0,0.0,0.0,0.0,3.77,0.94,-1.0,0.0,0.0,0.0,3.77,-5.06,1.0,0.0,0.0,0.0,3.77,-3.06,1.0,0.0,0.0,0.0,3.77,-1.06,1.0,0.0,0.0,0.0,3.77,0.94,1.0,0.0,0.0,0.0,7.47,-0.4448000000002807,0.3007999999999937,0.0,1.0600000000000056,-0.25999999999998247,0.02,1.2708000000000113,-2.95639999999993,0.0,1.2399999999999078,-1.4199999999999768,0.02,3.2708000000001505,-2.95639999999993,0.0,1.2400000000001299,-1.4199999999999768,0,0,0,0,0,0,0,0,0,0,0,0,0,0,0,0,0,0,0,0,0,0,0,0,0,0,0,0,0,0,0,0,0,0,0,0,0,0,0,0,0,0,0,0,0,0,0,0,0,0,0,0,0,0,0,0,0,0,0,0,0,0,0,0,0,0,0,0,0,0,0,0,0,0,0,0,0,0,0,0,0,0,0,0,0,0,0,0,0,0,0,0,0,0,0,0,0,0,0,0,0,0,0,0,0,0,0,0,0,0,0,0,0,0,0,0,0,0,0,0,0,0,0,0,0,0,0,0,0,0,0,0,0,0,0,0,0,0,0,0,0,0,0,0,0,0,0,0,0,0,0,0,0,0,0,0,0,0,0,0,0,0,0,0,0,0,0,0,0,0,0,0,0,0,0,0,0,0,0,0,0,0,0,0,0,0
7.300892919,-6.884858000000188,-1.934579999999999,-2.4673422944583083,2.4610000000002685,-0.4090000000001037,-0.9694632567152084,2.461,-0.40900000000000025,-0.9694632567153111,4.879621429988919,0.7091997446331351,-0.8451210319769134,4.922713989052054,0.5458182459559173,0.6848134230378475,-3.73,-1.34,-1.0,0.0,0.0,0.0,-3.73,0.66,-1.0,0.0,0.0,0.0,-3.73,2.66,-1.0,0.0,0.0,0.0,-3.73,4.66,-1.0,0.0,0.0,0.0,-3.73,-1.34,1.0,0.0,0.0,0.0,-3.73,0.66,1.0,0.0,0.0,0.0,-3.73,2.66,1.0,0.0,0.0,0.0,-3.73,4.66,1.0,0.0,0.0,0.0,3.77,-5.06,-1.0,0.0,0.0,0.0,3.77,-3.06,-1.0,0.0,0.0,0.0,3.77,-1.06,-1.0,0.0,0.0,0.0,3.77,0.94,-1.0,0.0,0.0,0.0,3.77,-5.06,1.0,0.0,0.0,0.0,3.77,-3.06,1.0,0.0,0.0,0.0,3.77,-1.06,1.0,0.0,0.0,0.0,3.77,0.94,1.0,0.0,0.0,0.0,7.47,-0.36000000000028026,0.2799999999999951,0.0,1.0600000000000056,-0.25999999999998247,0.02,1.3700000000000039,-3.0699999999999283,0.0,1.2399999999999078,-1.4199999999999768,0.02,3.370000000000161,-3.0699999999999283,0.0,1.2400000000001299,-1.4199999999999768,0,0,0,0,0,0,0,0,0,0,0,0,0,0,0,0,0,0,0,0,0,0,0,0,0,0,0,0,0,0,0,0,0,0,0,0,0,0,0,0,0,0,0,0,0,0,0,0,0,0,0,0,0,0,0,0,0,0,0,0,0,0,0,0,0,0,0,0,0,0,0,0,0,0,0,0,0,0,0,0,0,0,0,0,0,0,0,0,0,0,0,0,0,0,0,0,0,0,0,0,0,0,0,0,0,0,0,0,0,0,0,0,0,0,0,0,0,0,0,0,0,0,0,0,0,0,0,0,0,0,0,0,0,0,0,0,0,0,0,0,0,0,0,0,0,0,0,0,0,0,0,0,0,0,0,0,0,0,0,0,0,0,0,0,0,0,0,0,0,0,0,0,0,0,0,0,0,0,0,0,0,0,0,0,0,0
7.401258543,-6.683127000000185,-1.9624490000000039,-2.5400483549955215,2.5599999999998957,-0.31000000000003247,-0.8704632567151371,2.56,-0.3100000000000003,-0.8704632567153111,4.934626715374566,0.4845321638640967,-0.6475614089623778,4.915888453405454,0.563438360237972,0.7187335583422232,-3.73,-1.34,-1.0,0.0,0.0,0.0,-3.73,0.66,-1.0,0.0,0.0,0.0,-3.73,2.66,-1.0,0.0,0.0,0.0,-3.73,4.66,-1.0,0.0,0.0,0.0,-3.73,-1.34,1.0,0.0,0.0,0.0,-3.73,0.66,1.0,0.0,0.0,0.0,-3.73,2.66,1.0,0.0,0.0,0.0,-3.73,4.66,1.0,0.0,0.0,0.0,3.77,-5.06,-1.0,0.0,0.0,0.0,3.77,-3.06,-1.0,0.0,0.0,0.0,3.77,-1.06,-1.0,0.0,0.0,0.0,3.77,0.94,-1.0,0.0,0.0,0.0,3.77,-5.06,1.0,0.0,0.0,0.0,3.77,-3.06,1.0,0.0,0.0,0.0,3.77,-1.06,1.0,0.0,0.0,0.0,3.77,0.94,1.0,0.0,0.0,0.0,7.47,-0.27520000000027983,0.2591999999999965,0.0,1.0600000000000056,-0.25999999999998247,0.02,1.4691999999999965,-3.1835999999999265,0.0,1.2399999999999078,-1.4199999999999768,0.02,3.4692000000001713,-3.1835999999999265,0.0,1.2400000000001299,-1.4199999999999768,0,0,0,0,0,0,0,0,0,0,0,0,0,0,0,0,0,0,0,0,0,0,0,0,0,0,0,0,0,0,0,0,0,0,0,0,0,0,0,0,0,0,0,0,0,0,0,0,0,0,0,0,0,0,0,0,0,0,0,0,0,0,0,0,0,0,0,0,0,0,0,0,0,0,0,0,0,0,0,0,0,0,0,0,0,0,0,0,0,0,0,0,0,0,0,0,0,0,0,0,0,0,0,0,0,0,0,0,0,0,0,0,0,0,0,0,0,0,0,0,0,0,0,0,0,0,0,0,0,0,0,0,0,0,0,0,0,0,0,0,0,0,0,0,0,0,0,0,0,0,0,0,0,0,0,0,0,0,0,0,0,0,0,0,0,0,0,0,0,0,0,0,0,0,0,0,0,0,0,0,0,0,0,0,0,0
7.501917709,-6.474209000000184,-1.9831310000000104,-2.6055674155327493,2.63100000000005,-0.23900000000010024,-0.799463256715427,2.6310000000000002,-0.23900000000000027,-0.7994632567153112,4.928613411841761,0.4422584711730728,-0.4684884241278189,4.909497909340903,0.5785880573444201,0.7497107029219439,-3.73,-1.34,-1.0,0.0,0.0,0.0,-3.73,0.66,-1.0,0.0,0.0,0.0,-3.73,2.66,-1.0,0.0,0.0,0.0,-3.73,4.66,-1.0,0.0,0.0,0.0,-3.73,-1.34,1.0,0.0,0.0,0.0,-3.73,0.66,1.0,0.0,0.0,0.0,-3.73,2.66,1.0,0.0,0.0,0.0,-3.73,4.66,1.0,0.0,0.0,0.0,3.77,-5.06,-1.0,0.0,0.0,0.0,3.77,-3.06,-1.0,0.0,0.0,0.0,3.77,-1.06,-1.0,0.0,0.0,0.0,3.77,0.94,-1.0,0.0,0.0,0.0,3.77,-5.06,1.0,0.0,0.0,0.0,3.77,-3.06,1.0,0.0,0.0,0.0,3.77,-1.06,1.0,0.0,0.0,0.0,3.77,0.94,1.0,0.0,0.0,0.0,7.47,-0.1904000000002794,0.23839999999999664,0.0,1.0600000000000056,-0.2600000000000103,0.02,1.5683999999999891,-3.2971999999999246,0.0,1.2399999999999078,-1.4199999999999768,0.02,3.5684000000001816,-3.2971999999999246,0.0,1.2400000000001299,-1.4199999999999768,0,0,0,0,0,0,0,0,0,0,0,0,0,0,0,0,0,0,0,0,0,0,0,0,0,0,0,0,0,0,0,0,0,0,0,0,0,0,0,0,0,0,0,0,0,0,0,0,0,0,0,0,0,0,0,0,0,0,0,0,0,0,0,0,0,0,0,0,0,0,0,0,0,0,0,0,0,0,0,0,0,0,0,0,0,0,0,0,0,0,0,0,0,0,0,0,0,0,0,0,0,0,0,0,0,0,0,0,0,0,0,0,0,0,0,0,0,0,0,0,0,0,0,0,0,0,0,0,0,0,0,0,0,0,0,0,0,0,0,0,0,0,0,0,0,0,0,0,0,0,0,0,0,0,0,0,0,0,0,0,0,0,0,0,0,0,0,0,0,0,0,0,0,0,0,0,0,0,0,0,0,0,0,0,0,0
7.600541423,-6.204879000000179,-2.00080100000002,-2.6792837412042916,2.7200000000000557,-0.1500000000000945,-0.7104632567154212,2.72,-0.15000000000000027,-0.7104632567153112,4.90351458525567,0.32901142332958866,-0.5667978445462647,4.896830154688578,0.6046069625284491,0.8096325444266421,-3.73,-1.34,-1.0,0.0,0.0,0.0,-3.73,0.66,-1.0,0.0,0.0,0.0,-3.73,2.66,-1.0,0.0,0.0,0.0,-3.73,4.66,-1.0,0.0,0.0,0.0,-3.73,-1.34,1.0,0.0,0.0,0.0,-3.73,0.66,1.0,0.0,0.0,0.0,-3.73,2.66,1.0,0.0,0.0,0.0,-3.73,4.66,1.0,0.0,0.0,0.0,3.77,-5.06,-1.0,0.0,0.0,0.0,3.77,-3.06,-1.0,0.0,0.0,0.0,3.77,-1.06,-1.0,0.0,0.0,0.0,3.77,0.94,-1.0,0.0,0.0,0.0,3.77,-5.06,1.0,0.0,0.0,0.0,3.77,-3.06,1.0,0.0,0.0,0.0,3.77,-1.06,1.0,0.0,0.0,0.0,3.77,0.94,1.0,0.0,0.0,0.0,7.47,-0.08440000000027886,0.21239999999999562,0.0,1.0600000000000056,-0.2600000000000103,0.02,1.69239999999998,-3.4391999999999223,0.0,1.2399999999999078,-1.4199999999999768,0.02,3.6924000000001946,-3.4391999999999223,0.0,1.2400000000001299,-1.4199999999999768,0,0,0,0,0,0,0,0,0,0,0,0,0,0,0,0,0,0,0,0,0,0,0,0,0,0,0,0,0,0,0,0,0,0,0,0,0,0,0,0,0,0,0,0,0,0,0,0,0,0,0,0,0,0,0,0,0,0,0,0,0,0,0,0,0,0,0,0,0,0,0,0,0,0,0,0,0,0,0,0,0,0,0,0,0,0,0,0,0,0,0,0,0,0,0,0,0,0,0,0,0,0,0,0,0,0,0,0,0,0,0,0,0,0,0,0,0,0,0,0,0,0,0,0,0,0,0,0,0,0,0,0,0,0,0,0,0,0,0,0,0,0,0,0,0,0,0,0,0,0,0,0,0,0,0,0,0,0,0,0,0,0,0,0,0,0,0,0,0,0,0,0,0,0,0,0,0,0,0,0,0,0,0,0,0,0
7.709918909,-5.9823790000001855,-2.0079010000000173,-2.731220801741515,2.8199999999998226,-0.04999999999988347,-0.6104632567152102,2.8200000000000003,-0.050000000000000266,-0.6104632567153112,4.883873219131331,0.9100336839697514,-0.4807857785505645,4.891330084550093,0.6142610560501418,0.8352085721514951,-3.73,-1.34,-1.0,0.0,0.0,0.0,-3.73,0.66,-1.0,0.0,0.0,0.0,-3.73,2.66,-1.0,0.0,0.0,0.0,-3.73,4.66,-1.0,0.0,0.0,0.0,-3.73,-1.34,1.0,0.0,0.0,0.0,-3.73,0.66,1.0,0.0,0.0,0.0,-3.73,2.66,1.0,0.0,0.0,0.0,-3.73,4.66,1.0,0.0,0.0,0.0,3.77,-5.06,-1.0,0.0,0.0,0.0,3.77,-3.06,-1.0,0.0,0.0,0.0,3.77,-1.06,-1.0,0.0,0.0,0.0,3.77,0.94,-1.0,0.0,0.0,0.0,3.77,-5.06,1.0,0.0,0.0,0.0,3.77,-3.06,1.0,0.0,0.0,0.0,3.77,-1.06,1.0,0.0,0.0,0.0,3.77,0.94,1.0,0.0,0.0,0.0,7.47,0.00039999999972117894,0.1915999999999948,0.0,1.0600000000000003,-0.2600000000000103,0.02,1.7915999999999725,-3.5527999999999205,0.0,1.2399999999999078,-1.4199999999999768,0.02,3.791600000000205,-3.5527999999999205,0.0,1.2400000000001299,-1.4199999999999768,0,0,0,0,0,0,0,0,0,0,0,0,0,0,0,0,0,0,0,0,0,0,0,0,0,0,0,0,0,0,0,0,0,0,0,0,0,0,0,0,0,0,0,0,0,0,0,0,0,0,0,0,0,0,0,0,0,0,0,0,0,0,0,0,0,0,0,0,0,0,0,0,0,0,0,0,0,0,0,0,0,0,0,0,0,0,0,0,0,0,0,0,0,0,0,0,0,0,0,0,0,0,0,0,0,0,0,0,0,0,0,0,0,0,0,0,0,0,0,0,0,0,0,0,0,0,0,0,0,0,0,0,0,0,0,0,0,0,0,0,0,0,0,0,0,0,0,0,0,0,0,0,0,0,0,0,0,0,0,0,0,0,0,0,0,0,0,0,0,0,0,0,0,0,0,0,0,0,0,0,0,0,0,0,0,0
7.80459399,-5.810267000000205,-2.007989000000019,-2.764936597144436,2.8759999999996566,0.005999999999950489,-0.5544632567153762,2.8760000000000003,0.005999999999999735,-0.5544632567153112,5.005572081734238,0.4091010069537915,-0.2122170624708244,4.891330084550093,0.6142610560501418,0.8352085721514951,-3.73,-1.34,-1.0,0.0,0.0,0.0,-3.73,0.66,-1.0,0.0,0.0,0.0,-3.73,2.66,-1.0,0.0,0.0,0.0,-3.73,4.66,-1.0,0.0,0.0,0.0,-3.73,-1.34,1.0,0.0,0.0,0.0,-3.73,0.66,1.0,0.0,0.0,0.0,-3.73,2.66,1.0,0.0,0.0,0.0,-3.73,4.66,1.0,0.0,0.0,0.0,3.77,-5.06,-1.0,0.0,0.0,0.0,3.77,-3.06,-1.0,0.0,0.0,0.0,3.77,-1.06,-1.0,0.0,0.0,0.0,3.77,0.94,-1.0,0.0,0.0,0.0,3.77,-5.06,1.0,0.0,0.0,0.0,3.77,-3.06,1.0,0.0,0.0,0.0,3.77,-1.06,1.0,0.0,0.0,0.0,3.77,0.94,1.0,0.0,0.0,0.0,7.47,0.08519999999972123,0.17079999999999398,0.0,1.0600000000000056,-0.2600000000000103,0.02,1.8907999999999652,-3.6663999999999186,0.0,1.2399999999999078,-1.4199999999999768,0.02,3.866000000000213,-3.637999999999919,0.0,1.2400000000001299,-1.4199999999999768,0,0,0,0,0,0,0,0,0,0,0,0,0,0,0,0,0,0,0,0,0,0,0,0,0,0,0,0,0,0,0,0,0,0,0,0,0,0,0,0,0,0,0,0,0,0,0,0,0,0,0,0,0,0,0,0,0,0,0,0,0,0,0,0,0,0,0,0,0,0,0,0,0,0,0,0,0,0,0,0,0,0,0,0,0,0,0,0,0,0,0,0,0,0,0,0,0,0,0,0,0,0,0,0,0,0,0,0,0,0,0,0,0,0,0,0,0,0,0,0,0,0,0,0,0,0,0,0,0,0,0,0,0,0,0,0,0,0,0,0,0,0,0,0,0,0,0,0,0,0,0,0,0,0,0,0,0,0,0,0,0,0,0,0,0,0,0,0,0,0,0,0,0,0,0,0,0,0,0,0,0,0,0,0,0,0
7.903191232,-5.576079000000212,-2.003401000000026,-2.8051856576816694,2.955000000000041,0.08499999999989072,-0.475463256715436,2.9550000000000005,0.08499999999999974,-0.47546325671531114,4.954560526115599,0.6394787332025911,-0.4227688138350576,4.881943077418327,0.6278248451351043,0.8789014465105682,-3.73,-1.34,-1.0,0.0,0.0,0.0,-3.73,0.66,-1.0,0.0,0.0,0.0,-3.73,2.66,-1.0,0.0,0.0,0.0,-3.73,4.66,-1.0,0.0,0.0,0.0,-3.73,-1.34,1.0,0.0,0.0,0.0,-3.73,0.66,1.0,0.0,0.0,0.0,-3.73,2.66,1.0,0.0,0.0,0.0,-3.73,4.66,1.0,0.0,0.0,0.0,3.77,-5.06,-1.0,0.0,0.0,0.0,3.77,-3.06,-1.0,0.0,0.0,0.0,3.77,-1.06,-1.0,0.0,0.0,0.0,3.77,0.94,-1.0,0.0,0.0,0.0,3.77,-5.06,1.0,0.0,0.0,0.0,3.77,-3.06,1.0,0.0,0.0,0.0,3.77,-1.06,1.0,0.0,0.0,0.0,3.77,0.94,1.0,0.0,0.0,0.0,7.47,0.14879999999972154,0.15519999999999337,0.0,1.0600000000000056,-0.2600000000000103,0.02,1.9651999999999596,-3.7515999999999172,0.0,1.2399999999999078,-1.4199999999999768,0.02,3.965200000000223,-3.7515999999999172,0.0,1.2400000000001299,-1.4199999999999768,0,0,0,0,0,0,0,0,0,0,0,0,0,0,0,0,0,0,0,0,0,0,0,0,0,0,0,0,0,0,0,0,0,0,0,0,0,0,0,0,0,0,0,0,0,0,0,0,0,0,0,0,0,0,0,0,0,0,0,0,0,0,0,0,0,0,0,0,0,0,0,0,0,0,0,0,0,0,0,0,0,0,0,0,0,0,0,0,0,0,0,0,0,0,0,0,0,0,0,0,0,0,0,0,0,0,0,0,0,0,0,0,0,0,0,0,0,0,0,0,0,0,0,0,0,0,0,0,0,0,0,0,0,0,0,0,0,0,0,0,0,0,0,0,0,0,0,0,0,0,0,0,0,0,0,0,0,0,0,0,0,0,0,0,0,0,0,0,0,0,0,0,0,0,0,0,0,0,0,0,0,0,0,0,0,0
8.002143499,-5.395835000000207,-1.9953570000000296,-2.8307694530845926,3.019000000000105,0.14899999999995472,-0.411463256715372,3.0190000000000006,0.14899999999999974,-0.41146325671531114,4.8340550912487465,1.1698468213226496,-0.3357932742173553,4.881943077418327,0.6278248451351043,0.8789014465105682,-3.73,-1.34,-1.0,0.0,0.0,0.0,-3.73,0.66,-1.0,0.0,0.0,0.0,-3.73,2.66,-1.0,0.0,0.0,0.0,-3.73,4.66,-1.0,0.0,0.0,0.0,-3.73,-1.34,1.0,0.0,0.0,0.0,-3.73,0.66,1.0,0.0,0.0,0.0,-3.73,2.66,1.0,0.0,0.0,0.0,-3.73,4.66,1.0,0.0,0.0,0.0,3.77,-5.06,-1.0,0.0,0.0,0.0,3.77,-3.06,-1.0,0.0,0.0,0.0,3.77,-1.06,-1.0,0.0,0.0,0.0,3.77,0.94,-1.0,0.0,0.0,0.0,3.77,-5.06,1.0,0.0,0.0,0.0,3.77,-3.06,1.0,0.0,0.0,0.0,3.77,-1.06,1.0,0.0,0.0,0.0,3.77,0.94,1.0,0.0,0.0,0.0,7.47,0.21239999999972187,0.13959999999999276,0.0,1.0600000000000056,-0.2600000000000103,0.02,2.039599999999961,-3.836799999999916,0.0,1.2400000000001299,-1.4199999999999768,0.02,4.039600000000231,-3.836799999999916,0.0,1.2400000000001299,-1.4199999999999768,0,0,0,0,0,0,0,0,0,0,0,0,0,0,0,0,0,0,0,0,0,0,0,0,0,0,0,0,0,0,0,0,0,0,0,0,0,0,0,0,0,0,0,0,0,0,0,0,0,0,0,0,0,0,0,0,0,0,0,0,0,0,0,0,0,0,0,0,0,0,0,0,0,0,0,0,0,0,0,0,0,0,0,0,0,0,0,0,0,0,0,0,0,0,0,0,0,0,0,0,0,0,0,0,0,0,0,0,0,0,0,0,0,0,0,0,0,0,0,0,0,0,0,0,0,0,0,0,0,0,0,0,0,0,0,0,0,0,0,0,0,0,0,0,0,0,0,0,0,0,0,0,0,0,0,0,0,0,0,0,0,0,0,0,0,0,0,0,0,0,0,0,0,0,0,0,0,0,0,0,0,0,0,0,0,0
8.101796937,-5.212095000000192,-1.983817000000033,-2.8528572484875068,3.0840000000003087,0.21399999999993646,-0.3464632567151682,3.0840000000000005,0.21399999999999975,-0.34646325671531114,4.950300888628091,0.9681853447244166,0.21821449477192534,4.877616292541106,0.632742741467724,0.8991640149925234,-3.73,-1.34,-1.0,0.0,0.0,0.0,-3.73,0.66,-1.0,0.0,0.0,0.0,-3.73,2.66,-1.0,0.0,0.0,0.0,-3.73,4.66,-1.0,0.0,0.0,0.0,-3.73,-1.34,1.0,0.0,0.0,0.0,-3.73,0.66,1.0,0.0,0.0,0.0,-3.73,2.66,1.0,0.0,0.0,0.0,-3.73,4.66,1.0,0.0,0.0,0.0,3.77,-5.06,-1.0,0.0,0.0,0.0,3.77,-3.06,-1.0,0.0,0.0,0.0,3.77,-1.06,-1.0,0.0,0.0,0.0,3.77,0.94,-1.0,0.0,0.0,0.0,3.77,-5.06,1.0,0.0,0.0,0.0,3.77,-3.06,1.0,0.0,0.0,0.0,3.77,-1.06,1.0,0.0,0.0,0.0,3.77,0.94,1.0,0.0,0.0,0.0,7.47,0.2759999999997222,0.1239999999999922,0.0,1.0600000000000056,-0.2600000000000046,0.02,2.1387999999999714,-3.950399999999914,0.0,1.2400000000001299,-1.4199999999999768,0.02,4.114000000000239,-3.9219999999999144,0.0,1.2400000000001299,-1.4199999999999768,0,0,0,0,0,0,0,0,0,0,0,0,0,0,0,0,0,0,0,0,0,0,0,0,0,0,0,0,0,0,0,0,0,0,0,0,0,0,0,0,0,0,0,0,0,0,0,0,0,0,0,0,0,0,0,0,0,0,0,0,0,0,0,0,0,0,0,0,0,0,0,0,0,0,0,0,0,0,0,0,0,0,0,0,0,0,0,0,0,0,0,0,0,0,0,0,0,0,0,0,0,0,0,0,0,0,0,0,0,0,0,0,0,0,0,0,0,0,0,0,0,0,0,0,0,0,0,0,0,0,0,0,0,0,0,0,0,0,0,0,0,0,0,0,0,0,0,0,0,0,0,0,0,0,0,0,0,0,0,0,0,0,0,0,0,0,0,0,0,0,0,0,0,0,0,0,0,0,0,0,0,0,0,0,0,0
8.201660675,-4.898583000000204,-1.9573050000000343,-2.8823915741590342,3.1559999999997146,0.28600000000000847,-0.27446325671531824,3.1560000000000006,0.28599999999999975,-0.27446325671531113,4.8203853612760765,1.1629626614827044,0.30987171296130356,4.873600163295505,0.6364151294538003,0.9181488067455795,-3.73,-1.34,-1.0,0.0,0.0,0.0,-3.73,0.66,-1.0,0.0,0.0,0.0,-3.73,2.66,-1.0,0.0,0.0,0.0,-3.73,4.66,-1.0,0.0,0.0,0.0,-3.73,-1.34,1.0,0.0,0.0,0.0,-3.73,0.66,1.0,0.0,0.0,0.0,-3.73,2.66,1.0,0.0,0.0,0.0,-3.73,4.66,1.0,0.0,0.0,0.0,3.77,-5.06,-1.0,0.0,0.0,0.0,3.77,-3.06,-1.0,0.0,0.0,0.0,3.77,-1.06,-1.0,0.0,0.0,0.0,3.77,0.94,-1.0,0.0,0.0,0.0,3.77,-5.06,1.0,0.0,0.0,0.0,3.77,-3.06,1.0,0.0,0.0,0.0,3.77,-1.06,1.0,0.0,0.0,0.0,3.77,0.94,1.0,0.0,0.0,0.0,7.47,0.38199999999972273,0.09799999999999257,0.0,1.0600000000000056,-0.2599999999999963,0.02,2.237999999999982,-4.0639999999999326,0.0,1.2400000000001299,-1.420000000000421,0.02,4.238000000000252,-4.0639999999999326,0.0,1.2400000000001299,-1.420000000000421,0,0,0,0,0,0,0,0,0,0,0,0,0,0,0,0,0,0,0,0,0,0,0,0,0,0,0,0,0,0,0,0,0,0,0,0,0,0,0,0,0,0,0,0,0,0,0,0,0,0,0,0,0,0,0,0,0,0,0,0,0,0,0,0,0,0,0,0,0,0,0,0,0,0,0,0,0,0,0,0,0,0,0,0,0,0,0,0,0,0,0,0,0,0,0,0,0,0,0,0,0,0,0,0,0,0,0,0,0,0,0,0,0,0,0,0,0,0,0,0,0,0,0,0,0,0,0,0,0,0,0,0,0,0,0,0,0,0,0,0,0,0,0,0,0,0,0,0,0,0,0,0,0,0,0,0,0,0,0,0,0,0,0,0,0,0,0,0,0,0,0,0,0,0,0,0,0,0,0,0,0,0,0,0,0,0
8.302316969,-4.575612000000209,-1.9213340000000283,-2.915900013206788,3.247,0.3770000000000717,-0.3493041625945992,3.2470000000000008,0.3769999999999998,-0.34930416259445396,4.875097185052001,0.9306119780589608,-0.34930416259445396,4.862662462168122,0.6409204182773043,0.9714601363186779,-3.73,-1.34,-1.0,0.0,0.0,0.0,-3.73,0.66,-1.0,0.0,0.0,0.0,-3.73,2.66,-1.0,0.0,0.0,0.0,-3.73,4.66,-1.0,0.0,0.0,0.0,-3.73,-1.34,1.0,0.0,0.0,0.0,-3.73,0.66,1.0,0.0,0.0,0.0,-3.73,2.66,1.0,0.0,0.0,0.0,-3.73,4.66,1.0,0.0,0.0,0.0,3.77,-5.06,-1.0,0.0,0.0,0.0,3.77,-3.06,-1.0,0.0,0.0,0.0,3.77,-1.06,-1.0,0.0,0.0,0.0,3.77,0.94,-1.0,0.0,0.0,0.0,3.77,-5.06,1.0,0.0,0.0,0.0,3.77,-3.06,1.0,0.0,0.0,0.0,3.77,-1.06,1.0,0.0,0.0,0.0,3.77,0.94,1.0,0.0,0.0,0.0,7.47,0.48799999999972327,0.07199999999999293,0.0,1.0600000000000056,-0.2599999999999963,0.02,2.3619999999999948,-4.205999999999975,0.0,1.2400000000001299,-1.420000000000421,0.02,4.362000000000265,-4.205999999999975,0.0,1.2400000000001299,-1.420000000000421,0,0,0,0,0,0,0,0,0,0,0,0,0,0,0,0,0,0,0,0,0,0,0,0,0,0,0,0,0,0,0,0,0,0,0,0,0,0,0,0,0,0,0,0,0,0,0,0,0,0,0,0,0,0,0,0,0,0,0,0,0,0,0,0,0,0,0,0,0,0,0,0,0,0,0,0,0,0,0,0,0,0,0,0,0,0,0,0,0,0,0,0,0,0,0,0,0,0,0,0,0,0,0,0,0,0,0,0,0,0,0,0,0,0,0,0,0,0,0,0,0,0,0,0,0,0,0,0,0,0,0,0,0,0,0,0,0,0,0,0,0,0,0,0,0,0,0,0,0,0,0,0,0,0,0,0,0,0,0,0,0,0,0,0,0,0,0,0,0,0,0,0,0,0,0,0,0,0,0,0,0,0,0,0,0,0
8.400982608,-4.309741000000194,-1.8850630000000217,-2.94584025298931,3.3440000000002357,0.47400000000008546,-0.38098522251450717,3.3440000000000007,0.47399999999999975,-0.38098522251472744,4.946138800435629,0.5166845729292051,-0.38098522251472744,4.862662462168122,0.6409204182773043,0.9714601363186779,-3.73,-1.34,-1.0,0.0,0.0,0.0,-3.73,0.66,-1.0,0.0,0.0,0.0,-3.73,2.66,-1.0,0.0,0.0,0.0,-3.73,4.66,-1.0,0.0,0.0,0.0,-3.73,-1.34,1.0,0.0,0.0,0.0,-3.73,0.66,1.0,0.0,0.0,0.0,-3.73,2.66,1.0,0.0,0.0,0.0,-3.73,4.66,1.0,0.0,0.0,0.0,3.77,-5.06,-1.0,0.0,0.0,0.0,3.77,-3.06,-1.0,0.0,0.0,0.0,3.77,-1.06,-1.0,0.0,0.0,0.0,3.77,0.94,-1.0,0.0,0.0,0.0,3.77,-5.06,1.0,0.0,0.0,0.0,3.77,-3.06,1.0,0.0,0.0,0.0,3.77,-1.06,1.0,0.0,0.0,0.0,3.77,0.94,1.0,0.0,0.0,0.0,7.47,0.5727999999997199,0.05119999999999292,0.0,1.0599999999999496,-0.2600000000000033,0.02,2.461200000000005,-4.319600000000008,0.0,1.2400000000001299,-1.420000000000421,0.02,4.461200000000275,-4.319600000000008,0.0,1.2400000000001299,-1.420000000000421,0,0,0,0,0,0,0,0,0,0,0,0,0,0,0,0,0,0,0,0,0,0,0,0,0,0,0,0,0,0,0,0,0,0,0,0,0,0,0,0,0,0,0,0,0,0,0,0,0,0,0,0,0,0,0,0,0,0,0,0,0,0,0,0,0,0,0,0,0,0,0,0,0,0,0,0,0,0,0,0,0,0,0,0,0,0,0,0,0,0,0,0,0,0,0,0,0,0,0,0,0,0,0,0,0,0,0,0,0,0,0,0,0,0,0,0,0,0,0,0,0,0,0,0,0,0,0,0,0,0,0,0,0,0,0,0,0,0,0,0,0,0,0,0,0,0,0,0,0,0,0,0,0,0,0,0,0,0,0,0,0,0,0,0,0,0,0,0,0,0,0,0,0,0,0,0,0,0,0,0,0,0,0,0,0,0
8.500406972,-4.037293000000183,-1.8422150000000224,-2.971391070790478,3.4320000000001016,0.5619999999999514,-0.2929852225146412,3.432000000000001,0.5619999999999997,-0.2929852225147275,4.9540405634547575,0.8681023788199691,-0.24801149642340903,4.856902875935656,0.6397909286984736,1.0005808419528646,-3.73,-1.34,-1.0,0.0,0.0,0.0,-3.73,0.66,-1.0,0.0,0.0,0.0,-3.73,2.66,-1.0,0.0,0.0,0.0,-3.73,4.66,-1.0,0.0,0.0,0.0,-3.73,-1.34,1.0,0.0,0.0,0.0,-3.73,0.66,1.0,0.0,0.0,0.0,-3.73,2.66,1.0,0.0,0.0,0.0,-3.73,4.66,1.0,0.0,0.0,0.0,3.77,-5.06,-1.0,0.0,0.0,0.0,3.77,-3.06,-1.0,0.0,0.0,0.0,3.77,-1.06,-1.0,0.0,0.0,0.0,3.77,0.94,-1.0,0.0,0.0,0.0,3.77,-5.06,1.0,0.0,0.0,0.0,3.77,-3.06,1.0,0.0,0.0,0.0,3.77,-1.06,1.0,0.0,0.0,0.0,3.77,0.94,1.0,0.0,0.0,0.0,7.47,0.6575999999997159,0.03039999999999267,0.0,1.0599999999999496,-0.2600000000000019,0.02,2.5604000000000156,-4.433200000000042,0.0,1.2400000000001299,-1.420000000000421,0.02,4.560400000000286,-4.433200000000042,0.0,1.2400000000001299,-1.420000000000421,0,0,0,0,0,0,0,0,0,0,0,0,0,0,0,0,0,0,0,0,0,0,0,0,0,0,0,0,0,0,0,0,0,0,0,0,0,0,0,0,0,0,0,0,0,0,0,0,0,0,0,0,0,0,0,0,0,0,0,0,0,0,0,0,0,0,0,0,0,0,0,0,0,0,0,0,0,0,0,0,0,0,0,0,0,0,0,0,0,0,0,0,0,0,0,0,0,0,0,0,0,0,0,0,0,0,0,0,0,0,0,0,0,0,0,0,0,0,0,0,0,0,0,0,0,0,0,0,0,0,0,0,0,0,0,0,0,0,0,0,0,0,0,0,0,0,0,0,0,0,0,0,0,0,0,0,0,0,0,0,0,0,0,0,0,0,0,0,0,0,0,0,0,0,0,0,0,0,0,0,0,0,0,0,0,0
8.601879035,-3.6880130000001667,-1.7799350000000211,-2.9986914841943264,3.5120000000001816,0.6420000000000314,-0.26669431662496024,3.512000000000001,0.6419999999999997,-0.266694316625117,4.899602693169777,0.9033523851544882,-0.266694316625117,4.845304105538504,0.6301297370692769,1.0611148096755239,-3.73,-1.34,-1.0,0.0,0.0,0.0,-3.73,0.66,-1.0,0.0,0.0,0.0,-3.73,2.66,-1.0,0.0,0.0,0.0,-3.73,4.66,-1.0,0.0,0.0,0.0,-3.73,-1.34,1.0,0.0,0.0,0.0,-3.73,0.66,1.0,0.0,0.0,0.0,-3.73,2.66,1.0,0.0,0.0,0.0,-3.73,4.66,1.0,0.0,0.0,0.0,3.77,-5.06,-1.0,0.0,0.0,0.0,3.77,-3.06,-1.0,0.0,0.0,0.0,3.77,-1.06,-1.0,0.0,0.0,0.0,3.77,0.94,-1.0,0.0,0.0,0.0,3.77,-5.06,1.0,0.0,0.0,0.0,3.77,-3.06,1.0,0.0,0.0,0.0,3.77,-1.06,1.0,0.0,0.0,0.0,3.77,0.94,1.0,0.0,0.0,0.0,7.47,0.7635999999997108,0.0043999999999926875,0.0,1.0599999999999496,-0.2599999999999998,0.02,2.6844000000000285,-4.575200000000084,0.0,1.2400000000001299,-1.420000000000421,0.02,4.6844000000002985,-4.575200000000084,0.0,1.2400000000001299,-1.420000000000421,0,0,0,0,0,0,0,0,0,0,0,0,0,0,0,0,0,0,0,0,0,0,0,0,0,0,0,0,0,0,0,0,0,0,0,0,0,0,0,0,0,0,0,0,0,0,0,0,0,0,0,0,0,0,0,0,0,0,0,0,0,0,0,0,0,0,0,0,0,0,0,0,0,0,0,0,0,0,0,0,0,0,0,0,0,0,0,0,0,0,0,0,0,0,0,0,0,0,0,0,0,0,0,0,0,0,0,0,0,0,0,0,0,0,0,0,0,0,0,0,0,0,0,0,0,0,0,0,0,0,0,0,0,0,0,0,0,0,0,0,0,0,0,0,0,0,0,0,0,0,0,0,0,0,0,0,0,0,0,0,0,0,0,0,0,0,0,0,0,0,0,0,0,0,0,0,0,0,0,0,0,0,0,0,0,0
8.700734921,-3.4012290000001624,-1.7227510000000146,-3.0183645304512883,3.603000000000023,0.7330000000000947,-0.24071776860878913,3.603000000000001,0.7329999999999997,-0.2407177686085844,4.896729922433799,0.9870628425638923,-0.2407177686085844,4.84030583717716,0.6228134304424887,1.087907548208561,-3.73,-1.34,-1.0,0.0,0.0,0.0,-3.73,0.66,-1.0,0.0,0.0,0.0,-3.73,2.66,-1.0,0.0,0.0,0.0,-3.73,4.66,-1.0,0.0,0.0,0.0,-3.73,-1.34,1.0,0.0,0.0,0.0,-3.73,0.66,1.0,0.0,0.0,0.0,-3.73,2.66,1.0,0.0,0.0,0.0,-3.73,4.66,1.0,0.0,0.0,0.0,3.77,-5.06,-1.0,0.0,0.0,0.0,3.77,-3.06,-1.0,0.0,0.0,0.0,3.77,-1.06,-1.0,0.0,0.0,0.0,3.77,0.94,-1.0,0.0,0.0,0.0,3.77,-5.06,1.0,0.0,0.0,0.0,3.77,-3.06,1.0,0.0,0.0,0.0,3.77,-1.06,1.0,0.0,0.0,0.0,3.77,0.94,1.0,0.0,0.0,0.0,7.47,0.8483999999997068,-0.0164000000000073,0.0,1.0599999999999496,-0.2599999999999998,0.02,2.783600000000039,-4.688800000000118,0.0,1.2400000000001299,-1.420000000000421,0.02,4.783600000000309,-4.688800000000118,0.0,1.2400000000001299,-1.420000000000421,0,0,0,0,0,0,0,0,0,0,0,0,0,0,0,0,0,0,0,0,0,0,0,0,0,0,0,0,0,0,0,0,0,0,0,0,0,0,0,0,0,0,0,0,0,0,0,0,0,0,0,0,0,0,0,0,0,0,0,0,0,0,0,0,0,0,0,0,0,0,0,0,0,0,0,0,0,0,0,0,0,0,0,0,0,0,0,0,0,0,0,0,0,0,0,0,0,0,0,0,0,0,0,0,0,0,0,0,0,0,0,0,0,0,0,0,0,0,0,0,0,0,0,0,0,0,0,0,0,0,0,0,0,0,0,0,0,0,0,0,0,0,0,0,0,0,0,0,0,0,0,0,0,0,0,0,0,0,0,0,0,0,0,0,0,0,0,0,0,0,0,0,0,0,0,0,0,0,0,0,0,0,0,0,0,0
8.801129949,-3.1078090000001515,-1.6589310000000135,-3.0351690339032054,3.6770000000001515,0.8070000000000022,-0.2056760823689885,3.677000000000001,0.8069999999999996,-0.20567608236901336,4.861398295561548,1.160052569021694,-0.20567608236901336,4.84030583717716,0.6228134304424887,1.087907548208561,-3.73,-1.34,-1.0,0.0,0.0,0.0,-3.73,0.66,-1.0,0.0,0.0,0.0,-3.73,2.66,-1.0,0.0,0.0,0.0,-3.73,4.66,-1.0,0.0,0.0,0.0,-3.73,-1.34,1.0,0.0,0.0,0.0,-3.73,0.66,1.0,0.0,0.0,0.0,-3.73,2.66,1.0,0.0,0.0,0.0,-3.73,4.66,1.0,0.0,0.0,0.0,3.77,-5.06,-1.0,0.0,0.0,0.0,3.77,-3.06,-1.0,0.0,0.0,0.0,3.77,-1.06,-1.0,0.0,0.0,0.0,3.77,0.94,-1.0,0.0,0.0,0.0,3.77,-5.06,1.0,0.0,0.0,0.0,3.77,-3.06,1.0,0.0,0.0,0.0,3.77,-1.06,1.0,0.0,0.0,0.0,3.77,0.94,1.0,0.0,0.0,0.0,7.47,0.9331999999997028,-0.037200000000007366,0.0,1.0599999999999496,-0.2600000000000033,0.02,2.8828000000000493,-4.802400000000151,0.0,1.2400000000001299,-1.420000000000421,0.02,4.882800000000319,-4.802400000000151,0.0,1.2400000000001299,-1.420000000000421,0,0,0,0,0,0,0,0,0,0,0,0,0,0,0,0,0,0,0,0,0,0,0,0,0,0,0,0,0,0,0,0,0,0,0,0,0,0,0,0,0,0,0,0,0,0,0,0,0,0,0,0,0,0,0,0,0,0,0,0,0,0,0,0,0,0,0,0,0,0,0,0,0,0,0,0,0,0,0,0,0,0,0,0,0,0,0,0,0,0,0,0,0,0,0,0,0,0,0,0,0,0,0,0,0,0,0,0,0,0,0,0,0,0,0,0,0,0,0,0,0,0,0,0,0,0,0,0,0,0,0,0,0,0,0,0,0,0,0,0,0,0,0,0,0,0,0,0,0,0,0,0,0,0,0,0,0,0,0,0,0,0,0,0,0,0,0,0,0,0,0,0,0,0,0,0,0,0,0,0,0,0,0,0,0,0
8.900395888,-2.7328890000001396,-1.5710110000000166,-3.0518418363430833,3.7720000000001077,0.9019999999999584,-0.1544286376713444,3.772000000000001,0.9019999999999996,-0.15442863767154513,4.811865856345099,1.0516955134447281,-0.15442863767154513,4.834089034329518,0.6110475387232422,1.121696979400126,-3.73,-1.34,-1.0,0.0,0.0,0.0,-3.73,0.66,-1.0,0.0,0.0,0.0,-3.73,2.66,-1.0,0.0,0.0,0.0,-3.73,4.66,-1.0,0.0,0.0,0.0,-3.73,-1.34,1.0,0.0,0.0,0.0,-3.73,0.66,1.0,0.0,0.0,0.0,-3.73,2.66,1.0,0.0,0.0,0.0,-3.73,4.66,1.0,0.0,0.0,0.0,3.77,-5.06,-1.0,0.0,0.0,0.0,3.77,-3.06,-1.0,0.0,0.0,0.0,3.77,-1.06,-1.0,0.0,0.0,0.0,3.77,0.94,-1.0,0.0,0.0,0.0,3.77,-5.06,1.0,0.0,0.0,0.0,3.77,-3.06,1.0,0.0,0.0,0.0,3.77,-1.06,1.0,0.0,0.0,0.0,3.77,0.94,1.0,0.0,0.0,0.0,7.47,1.039199999999702,-0.06320000000000768,0.0,1.060000000000061,-0.2600000000000019,0.02,3.0068000000000623,-4.9444000000001935,0.0,1.2400000000001299,-1.420000000000421,0.02,5.006800000000332,-4.9444000000001935,0.0,1.2400000000001299,-1.420000000000421,0,0,0,0,0,0,0,0,0,0,0,0,0,0,0,0,0,0,0,0,0,0,0,0,0,0,0,0,0,0,0,0,0,0,0,0,0,0,0,0,0,0,0,0,0,0,0,0,0,0,0,0,0,0,0,0,0,0,0,0,0,0,0,0,0,0,0,0,0,0,0,0,0,0,0,0,0,0,0,0,0,0,0,0,0,0,0,0,0,0,0,0,0,0,0,0,0,0,0,0,0,0,0,0,0,0,0,0,0,0,0,0,0,0,0,0,0,0,0,0,0,0,0,0,0,0,0,0,0,0,0,0,0,0,0,0,0,0,0,0,0,0,0,0,0,0,0,0,0,0,0,0,0,0,0,0,0,0,0,0,0,0,0,0,0,0,0,0,0,0,0,0,0,0,0,0,0,0,0,0,0,0,0,0,0,0
9.000626773,-2.4251660000001305,-1.4928880000000195,-3.0582331273567904,3.8610000000001152,0.9909999999999641,-0.06542863767133866,3.861000000000001,0.9909999999999995,-0.06542863767154514,4.93095730235045,1.043571355442079,0.023261945696394726,4.828084189762694,0.5966908731268814,1.1548000080059686,-3.73,-1.34,-1.0,0.0,0.0,0.0,-3.73,0.66,-1.0,0.0,0.0,0.0,-3.73,2.66,-1.0,0.0,0.0,0.0,-3.73,4.66,-1.0,0.0,0.0,0.0,-3.73,-1.34,1.0,0.0,0.0,0.0,-3.73,0.66,1.0,0.0,0.0,0.0,-3.73,2.66,1.0,0.0,0.0,0.0,-3.73,4.66,1.0,0.0,0.0,0.0,3.77,-5.06,-1.0,0.0,0.0,0.0,3.77,-3.06,-1.0,0.0,0.0,0.0,3.77,-1.06,-1.0,0.0,0.0,0.0,3.77,0.94,-1.0,0.0,0.0,0.0,3.77,-5.06,1.0,0.0,0.0,0.0,3.77,-3.06,1.0,0.0,0.0,0.0,3.77,-1.06,1.0,0.0,0.0,0.0,3.77,0.94,1.0,0.0,0.0,0.0,7.47,1.1239999999997068,-0.08400000000000739,0.0,1.060000000000061,-0.2599999999999963,0.02,3.1060000000000727,-5.058000000000227,0.0,1.2400000000001299,-1.420000000000421,0.02,5.106000000000343,-5.058000000000227,0.0,1.2400000000001299,-1.420000000000421,0,0,0,0,0,0,0,0,0,0,0,0,0,0,0,0,0,0,0,0,0,0,0,0,0,0,0,0,0,0,0,0,0,0,0,0,0,0,0,0,0,0,0,0,0,0,0,0,0,0,0,0,0,0,0,0,0,0,0,0,0,0,0,0,0,0,0,0,0,0,0,0,0,0,0,0,0,0,0,0,0,0,0,0,0,0,0,0,0,0,0,0,0,0,0,0,0,0,0,0,0,0,0,0,0,0,0,0,0,0,0,0,0,0,0,0,0,0,0,0,0,0,0,0,0,0,0,0,0,0,0,0,0,0,0,0,0,0,0,0,0,0,0,0,0,0,0,0,0,0,0,0,0,0,0,0,0,0,0,0,0,0,0,0,0,0,0,0,0,0,0,0,0,0,0,0,0,0,0,0,0,0,0,0,0,0
9.100789844,-2.0332660000001326,-1.3895246452468075,-3.0705759911239365,3.960999999999882,1.0645061164347158,-0.1654286376715497,3.961000000000001,1.0645061164346359,-0.16542863767154514,4.855103006864066,1.0645061164346359,-0.4120491574122713,4.821711915799266,0.5772785182150861,1.1907324273096638,-3.73,-1.34,-1.0,0.0,0.0,0.0,-3.73,0.66,-1.0,0.0,0.0,0.0,-3.73,2.66,-1.0,0.0,0.0,0.0,-3.73,4.66,-1.0,0.0,0.0,0.0,-3.73,-1.34,1.0,0.0,0.0,0.0,-3.73,0.66,1.0,0.0,0.0,0.0,-3.73,2.66,1.0,0.0,0.0,0.0,-3.73,4.66,1.0,0.0,0.0,0.0,3.77,-5.06,-1.0,0.0,0.0,0.0,3.77,-3.06,-1.0,0.0,0.0,0.0,3.77,-1.06,-1.0,0.0,0.0,0.0,3.77,0.94,-1.0,0.0,0.0,0.0,3.77,-5.06,1.0,0.0,0.0,0.0,3.77,-3.06,1.0,0.0,0.0,0.0,3.77,-1.06,1.0,0.0,0.0,0.0,3.77,0.94,1.0,0.0,0.0,0.0,7.47,1.2299999999997129,-0.11000000000000702,0.0,1.060000000000061,-0.2599999999999963,0.02,3.2300000000000857,-5.200000000000269,0.0,1.2400000000001299,-1.420000000000421,0.02,5.230000000000356,-5.200000000000269,0.0,1.2400000000001299,-1.420000000000421,0,0,0,0,0,0,0,0,0,0,0,0,0,0,0,0,0,0,0,0,0,0,0,0,0,0,0,0,0,0,0,0,0,0,0,0,0,0,0,0,0,0,0,0,0,0,0,0,0,0,0,0,0,0,0,0,0,0,0,0,0,0,0,0,0,0,0,0,0,0,0,0,0,0,0,0,0,0,0,0,0,0,0,0,0,0,0,0,0,0,0,0,0,0,0,0,0,0,0,0,0,0,0,0,0,0,0,0,0,0,0,0,0,0,0,0,0,0,0,0,0,0,0,0,0,0,0,0,0,0,0,0,0,0,0,0,0,0,0,0,0,0,0,0,0,0,0,0,0,0,0,0,0,0,0,0,0,0,0,0,0,0,0,0,0,0,0,0,0,0,0,0,0,0,0,0,0,0,0,0,0,0,0,0,0,0
9.200646123,-1.7115860000001373,-1.304814314304745,-3.0790102821376717,4.035999999999929,1.0574723918610474,-0.09042863767172449,4.036000000000001,1.0574723918610998,-0.09042863767154515,4.905576432022857,1.0574723918610998,0.008796011142345073,4.814544130341128,0.5554691583986114,1.229479089316175,-3.73,-1.34,-1.0,0.0,0.0,0.0,-3.73,0.66,-1.0,0.0,0.0,0.0,-3.73,2.66,-1.0,0.0,0.0,0.0,-3.73,4.66,-1.0,0.0,0.0,0.0,-3.73,-1.34,1.0,0.0,0.0,0.0,-3.73,0.66,1.0,0.0,0.0,0.0,-3.73,2.66,1.0,0.0,0.0,0.0,-3.73,4.66,1.0,0.0,0.0,0.0,3.77,-5.06,-1.0,0.0,0.0,0.0,3.77,-3.06,-1.0,0.0,0.0,0.0,3.77,-1.06,-1.0,0.0,0.0,0.0,3.77,0.94,-1.0,0.0,0.0,0.0,3.77,-5.06,1.0,0.0,0.0,0.0,3.77,-3.06,1.0,0.0,0.0,0.0,3.77,-1.06,1.0,0.0,0.0,0.0,3.77,0.94,1.0,0.0,0.0,0.0,7.47,1.3147999999997178,-0.13080000000000705,0.0,1.060000000000061,-0.2600000000000103,0.02,3.329200000000096,-5.313600000000303,0.0,1.2400000000001299,-1.420000000000421,0.02,5.329200000000366,-5.313600000000303,0.0,1.2400000000001299,-1.420000000000421,0,0,0,0,0,0,0,0,0,0,0,0,0,0,0,0,0,0,0,0,0,0,0,0,0,0,0,0,0,0,0,0,0,0,0,0,0,0,0,0,0,0,0,0,0,0,0,0,0,0,0,0,0,0,0,0,0,0,0,0,0,0,0,0,0,0,0,0,0,0,0,0,0,0,0,0,0,0,0,0,0,0,0,0,0,0,0,0,0,0,0,0,0,0,0,0,0,0,0,0,0,0,0,0,0,0,0,0,0,0,0,0,0,0,0,0,0,0,0,0,0,0,0,0,0,0,0,0,0,0,0,0,0,0,0,0,0,0,0,0,0,0,0,0,0,0,0,0,0,0,0,0,0,0,0,0,0,0,0,0,0,0,0,0,0,0,0,0,0,0,0,0,0,0,0,0,0,0,0,0,0,0,0,0,0,0
9.300407772,-1.3012620000001331,-1.2057910751186334,-3.0813291459048147,4.118000000000066,0.9754723918611319,-0.008428637671364925,4.118000000000001,0.9754723918610998,-0.008428637671545142,4.814544130341128,0.5554691583986114,1.229479089316175,4.79865144079863,0.5122209100374119,1.3078891730730389,-3.73,-1.34,-1.0,0.0,0.0,0.0,-3.73,0.66,-1.0,0.0,0.0,0.0,-3.73,2.66,-1.0,0.0,0.0,0.0,-3.73,4.66,-1.0,0.0,0.0,0.0,-3.73,-1.34,1.0,0.0,0.0,0.0,-3.73,0.66,1.0,0.0,0.0,0.0,-3.73,2.66,1.0,0.0,0.0,0.0,-3.73,4.66,1.0,0.0,0.0,0.0,3.77,-5.06,-1.0,0.0,0.0,0.0,3.77,-3.06,-1.0,0.0,0.0,0.0,3.77,-1.06,-1.0,0.0,0.0,0.0,3.77,0.94,-1.0,0.0,0.0,0.0,3.77,-5.06,1.0,0.0,0.0,0.0,3.77,-3.06,1.0,0.0,0.0,0.0,3.77,-1.06,1.0,0.0,0.0,0.0,3.77,0.94,1.0,0.0,0.0,0.0,7.47,1.4207999999997238,-0.15680000000000807,0.0,1.060000000000061,-0.2600000000000103,0.02,3.453200000000109,-5.455600000000345,0.0,1.2400000000001299,-1.420000000000421,0.02,5.453200000000379,-5.455600000000345,0.0,1.2400000000001299,-1.420000000000421,0,0,0,0,0,0,0,0,0,0,0,0,0,0,0,0,0,0,0,0,0,0,0,0,0,0,0,0,0,0,0,0,0,0,0,0,0,0,0,0,0,0,0,0,0,0,0,0,0,0,0,0,0,0,0,0,0,0,0,0,0,0,0,0,0,0,0,0,0,0,0,0,0,0,0,0,0,0,0,0,0,0,0,0,0,0,0,0,0,0,0,0,0,0,0,0,0,0,0,0,0,0,0,0,0,0,0,0,0,0,0,0,0,0,0,0,0,0,0,0,0,0,0,0,0,0,0,0,0,0,0,0,0,0,0,0,0,0,0,0,0,0,0,0,0,0,0,0,0,0,0,0,0,0,0,0,0,0,0,0,0,0,0,0,0,0,0,0,0,0,0,0,0,0,0,0,0,0,0,0,0,0,0,0,0,0
9.40070996,-0.9661220000001285,-1.1310444927535874,-3.0868076291088355,4.218000000000054,0.91773188337263,-0.0927127111856052,4.218000000000001,0.917731883372571,-0.09271271118562074,4.8975836657788125,0.917731883372571,-0.09271271118562074,4.79865144079863,0.5122209100374119,1.3078891730730389,-3.73,-1.34,-1.0,0.0,0.0,0.0,-3.73,0.66,-1.0,0.0,0.0,0.0,-3.73,2.66,-1.0,0.0,0.0,0.0,-3.73,4.66,-1.0,0.0,0.0,0.0,-3.73,-1.34,1.0,0.0,0.0,0.0,-3.73,0.66,1.0,0.0,0.0,0.0,-3.73,2.66,1.0,0.0,0.0,0.0,-3.73,4.66,1.0,0.0,0.0,0.0,3.77,-5.06,-1.0,0.0,0.0,0.0,3.77,-3.06,-1.0,0.0,0.0,0.0,3.77,-1.06,-1.0,0.0,0.0,0.0,3.77,0.94,-1.0,0.0,0.0,0.0,3.77,-5.06,1.0,0.0,0.0,0.0,3.77,-3.06,1.0,0.0,0.0,0.0,3.77,-1.06,1.0,0.0,0.0,0.0,3.77,0.94,1.0,0.0,0.0,0.0,7.47,1.5055999999997287,-0.1776000000000089,0.0,1.060000000000061,-0.2600000000000103,0.02,3.5524000000001195,-5.569200000000379,0.0,1.2400000000001299,-1.420000000000421,0.02,5.5524000000003895,-5.569200000000379,0.0,1.2400000000001299,-1.420000000000421,0,0,0,0,0,0,0,0,0,0,0,0,0,0,0,0,0,0,0,0,0,0,0,0,0,0,0,0,0,0,0,0,0,0,0,0,0,0,0,0,0,0,0,0,0,0,0,0,0,0,0,0,0,0,0,0,0,0,0,0,0,0,0,0,0,0,0,0,0,0,0,0,0,0,0,0,0,0,0,0,0,0,0,0,0,0,0,0,0,0,0,0,0,0,0,0,0,0,0,0,0,0,0,0,0,0,0,0,0,0,0,0,0,0,0,0,0,0,0,0,0,0,0,0,0,0,0,0,0,0,0,0,0,0,0,0,0,0,0,0,0,0,0,0,0,0,0,0,0,0,0,0,0,0,0,0,0,0,0,0,0,0,0,0,0,0,0,0,0,0,0,0,0,0,0,0,0,0,0,0,0,0,0,0,0,0
9.504112104,-0.5380810000001277,-1.0455123044163372,-3.089837900227401,4.296999999999996,0.8387318833724677,-0.013712711185664972,4.297000000000001,0.838731883372571,-0.013712711185620743,4.79865144079863,0.5122209100374119,1.3078891730730389,4.7886630426382695,0.4926345251377864,1.351302145603516,-3.73,-1.34,-1.0,0.0,0.0,0.0,-3.73,0.66,-1.0,0.0,0.0,0.0,-3.73,2.66,-1.0,0.0,0.0,0.0,-3.73,4.66,-1.0,0.0,0.0,0.0,-3.73,-1.34,1.0,0.0,0.0,0.0,-3.73,0.66,1.0,0.0,0.0,0.0,-3.73,2.66,1.0,0.0,0.0,0.0,-3.73,4.66,1.0,0.0,0.0,0.0,3.77,-5.06,-1.0,0.0,0.0,0.0,3.77,-3.06,-1.0,0.0,0.0,0.0,3.77,-1.06,-1.0,0.0,0.0,0.0,3.77,0.94,-1.0,0.0,0.0,0.0,3.77,-5.06,1.0,0.0,0.0,0.0,3.77,-3.06,1.0,0.0,0.0,0.0,3.77,-1.06,1.0,0.0,0.0,0.0,3.77,0.94,1.0,0.0,0.0,0.0,7.47,1.6115999999997348,-0.2036000000000099,0.0,1.060000000000061,-0.2600000000000103,0.02,3.6764000000001325,-5.711200000000421,0.0,1.2400000000001299,-1.420000000000421,0.02,5.6764000000004025,-5.711200000000421,0.0,1.2400000000001299,-1.420000000000421,0,0,0,0,0,0,0,0,0,0,0,0,0,0,0,0,0,0,0,0,0,0,0,0,0,0,0,0,0,0,0,0,0,0,0,0,0,0,0,0,0,0,0,0,0,0,0,0,0,0,0,0,0,0,0,0,0,0,0,0,0,0,0,0,0,0,0,0,0,0,0,0,0,0,0,0,0,0,0,0,0,0,0,0,0,0,0,0,0,0,0,0,0,0,0,0,0,0,0,0,0,0,0,0,0,0,0,0,0,0,0,0,0,0,0,0,0,0,0,0,0,0,0,0,0,0,0,0,0,0,0,0,0,0,0,0,0,0,0,0,0,0,0,0,0,0,0,0,0,0,0,0,0,0,0,0,0,0,0,0,0,0,0,0,0,0,0,0,0,0,0,0,0,0,0,0,0,0,0,0,0,0,0,0,0,0
9.601215818,-0.18844100000012845,-0.9725337537465306,-3.085054917122258,4.39500000000001,0.9367318833726213,0.0842872888142665,4.3950000000000005,0.936731883372571,0.08428728881437926,4.877917931661752,1.031715786615531,0.3296158020509208,4.776933720715263,0.47464395062607323,1.398433891189534,-3.73,-1.34,-1.0,0.0,0.0,0.0,-3.73,0.66,-1.0,0.0,0.0,0.0,-3.73,2.66,-1.0,0.0,0.0,0.0,-3.73,4.66,-1.0,0.0,0.0,0.0,-3.73,-1.34,1.0,0.0,0.0,0.0,-3.73,0.66,1.0,0.0,0.0,0.0,-3.73,2.66,1.0,0.0,0.0,0.0,-3.73,4.66,1.0,0.0,0.0,0.0,3.77,-5.06,-1.0,0.0,0.0,0.0,3.77,-3.06,-1.0,0.0,0.0,0.0,3.77,-1.06,-1.0,0.0,0.0,0.0,3.77,0.94,-1.0,0.0,0.0,0.0,3.77,-5.06,1.0,0.0,0.0,0.0,3.77,-3.06,1.0,0.0,0.0,0.0,3.77,-1.06,1.0,0.0,0.0,0.0,3.77,0.94,1.0,0.0,0.0,0.0,7.47,1.6963999999997397,-0.22440000000001073,0.0,1.060000000000061,-0.2600000000000103,0.02,3.775600000000143,-5.8248000000004545,0.0,1.2400000000001299,-1.420000000000421,0.02,5.775600000000413,-5.8248000000004545,0.0,1.2400000000001299,-1.420000000000421,0,0,0,0,0,0,0,0,0,0,0,0,0,0,0,0,0,0,0,0,0,0,0,0,0,0,0,0,0,0,0,0,0,0,0,0,0,0,0,0,0,0,0,0,0,0,0,0,0,0,0,0,0,0,0,0,0,0,0,0,0,0,0,0,0,0,0,0,0,0,0,0,0,0,0,0,0,0,0,0,0,0,0,0,0,0,0,0,0,0,0,0,0,0,0,0,0,0,0,0,0,0,0,0,0,0,0,0,0,0,0,0,0,0,0,0,0,0,0,0,0,0,0,0,0,0,0,0,0,0,0,0,0,0,0,0,0,0,0,0,0,0,0,0,0,0,0,0,0,0,0,0,0,0,0,0,0,0,0,0,0,0,0,0,0,0,0,0,0,0,0,0,0,0,0,0,0,0,0,0,0,0,0,0,0,0
9.700823832,0.16782299999987182,-0.8944901065984203,-3.0736479340171003,4.483000000000016,0.9953186093782929,0.17228728881457656,4.4830000000000005,0.9953186093783324,0.17228728881437927,4.873029238874386,0.9953186093783324,0.24728459682200565,4.7648828923518085,0.45361803765757525,1.445725319030125,-3.73,-1.34,-1.0,0.0,0.0,0.0,-3.73,0.66,-1.0,0.0,0.0,0.0,-3.73,2.66,-1.0,0.0,0.0,0.0,-3.73,4.66,-1.0,0.0,0.0,0.0,-3.73,-1.34,1.0,0.0,0.0,0.0,-3.73,0.66,1.0,0.0,0.0,0.0,-3.73,2.66,1.0,0.0,0.0,0.0,-3.73,4.66,1.0,0.0,0.0,0.0,3.77,-5.06,-1.0,0.0,0.0,0.0,3.77,-3.06,-1.0,0.0,0.0,0.0,3.77,-1.06,-1.0,0.0,0.0,0.0,3.77,0.94,-1.0,0.0,0.0,0.0,3.77,-5.06,1.0,0.0,0.0,0.0,3.77,-3.06,1.0,0.0,0.0,0.0,3.77,-1.06,1.0,0.0,0.0,0.0,3.77,0.94,1.0,0.0,0.0,0.0,7.47,1.7811999999997445,-0.24520000000001155,0.0,1.060000000000061,-0.2600000000000103,0.02,3.8748000000001532,-5.938400000000488,0.0,1.2400000000001299,-1.420000000000421,0.02,5.874800000000423,-5.938400000000488,0.0,1.2400000000001299,-1.420000000000421,0,0,0,0,0,0,0,0,0,0,0,0,0,0,0,0,0,0,0,0,0,0,0,0,0,0,0,0,0,0,0,0,0,0,0,0,0,0,0,0,0,0,0,0,0,0,0,0,0,0,0,0,0,0,0,0,0,0,0,0,0,0,0,0,0,0,0,0,0,0,0,0,0,0,0,0,0,0,0,0,0,0,0,0,0,0,0,0,0,0,0,0,0,0,0,0,0,0,0,0,0,0,0,0,0,0,0,0,0,0,0,0,0,0,0,0,0,0,0,0,0,0,0,0,0,0,0,0,0,0,0,0,0,0,0,0,0,0,0,0,0,0,0,0,0,0,0,0,0,0,0,0,0,0,0,0,0,0,0,0,0,0,0,0,0,0,0,0,0,0,0,0,0,0,0,0,0,0,0,0,0,0,0,0,0,0
9.80159531,0.5307289999998724,-0.8191306178481537,-3.0555989509119375,4.561999999999977,0.9163186093783526,0.2512872888145168,4.562,0.9163186093783324,0.2512872888143793,4.996911863502335,0.8212905966937423,0.3934284189347159,4.7542144348423765,0.4322342370971132,1.4868149420211836,-3.73,-1.34,-1.0,0.0,0.0,0.0,-3.73,0.66,-1.0,0.0,0.0,0.0,-3.73,2.66,-1.0,0.0,0.0,0.0,-3.73,4.66,-1.0,0.0,0.0,0.0,-3.73,-1.34,1.0,0.0,0.0,0.0,-3.73,0.66,1.0,0.0,0.0,0.0,-3.73,2.66,1.0,0.0,0.0,0.0,-3.73,4.66,1.0,0.0,0.0,0.0,3.77,-5.06,-1.0,0.0,0.0,0.0,3.77,-3.06,-1.0,0.0,0.0,0.0,3.77,-1.06,-1.0,0.0,0.0,0.0,3.77,0.94,-1.0,0.0,0.0,0.0,3.77,-5.06,1.0,0.0,0.0,0.0,3.77,-3.06,1.0,0.0,0.0,0.0,3.77,-1.06,1.0,0.0,0.0,0.0,3.77,0.94,1.0,0.0,0.0,0.0,7.47,1.8659999999997494,-0.2660000000000107,0.0,1.060000000000061,-0.25999999999998247,0.02,3.9740000000001636,-6.052000000000522,0.0,1.2400000000001299,-1.420000000000421,0.02,5.974000000000434,-6.052000000000522,0.0,1.2400000000001299,-1.420000000000421,0,0,0,0,0,0,0,0,0,0,0,0,0,0,0,0,0,0,0,0,0,0,0,0,0,0,0,0,0,0,0,0,0,0,0,0,0,0,0,0,0,0,0,0,0,0,0,0,0,0,0,0,0,0,0,0,0,0,0,0,0,0,0,0,0,0,0,0,0,0,0,0,0,0,0,0,0,0,0,0,0,0,0,0,0,0,0,0,0,0,0,0,0,0,0,0,0,0,0,0,0,0,0,0,0,0,0,0,0,0,0,0,0,0,0,0,0,0,0,0,0,0,0,0,0,0,0,0,0,0,0,0,0,0,0,0,0,0,0,0,0,0,0,0,0,0,0,0,0,0,0,0,0,0,0,0,0,0,0,0,0,0,0,0,0,0,0,0,0,0,0,0,0,0,0,0,0,0,0,0,0,0,0,0,0,0
9.905180665,0.9001139999998716,-0.7414001290978892,-3.0310709678067864,4.637000000000001,0.9913186093782891,0.326287288814342,4.6370000000000005,0.9913186093783324,0.3262872888143793,4.900045469488204,0.9928623273088233,0.6111868699900347,4.566172500000064,0.3741696796817686,1.5166774894142434,-3.73,-1.34,-1.0,0.0,0.0,0.0,-3.73,0.66,-1.0,0.0,0.0,0.0,-3.73,2.66,-1.0,0.0,0.0,0.0,-3.73,4.66,-1.0,0.0,0.0,0.0,-3.73,-1.34,1.0,0.0,0.0,0.0,-3.73,0.66,1.0,0.0,0.0,0.0,-3.73,2.66,1.0,0.0,0.0,0.0,-3.73,4.66,1.0,0.0,0.0,0.0,3.77,-5.06,-1.0,0.0,0.0,0.0,3.77,-3.06,-1.0,0.0,0.0,0.0,3.77,-1.06,-1.0,0.0,0.0,0.0,3.77,0.94,-1.0,0.0,0.0,0.0,3.77,-5.06,1.0,0.0,0.0,0.0,3.77,-3.06,1.0,0.0,0.0,0.0,3.77,-1.06,1.0,0.0,0.0,0.0,3.77,0.94,1.0,0.0,0.0,0.0,7.47,1.9507999999997543,-0.28680000000000927,0.0,1.060000000000061,-0.25999999999998247,0.02,4.073200000000174,-6.1656000000005555,0.0,1.2400000000001299,-1.420000000000421,0.02,6.073200000000444,-6.1656000000005555,0.0,1.2400000000001299,-1.420000000000421,0,0,0,0,0,0,0,0,0,0,0,0,0,0,0,0,0,0,0,0,0,0,0,0,0,0,0,0,0,0,0,0,0,0,0,0,0,0,0,0,0,0,0,0,0,0,0,0,0,0,0,0,0,0,0,0,0,0,0,0,0,0,0,0,0,0,0,0,0,0,0,0,0,0,0,0,0,0,0,0,0,0,0,0,0,0,0,0,0,0,0,0,0,0,0,0,0,0,0,0,0,0,0,0,0,0,0,0,0,0,0,0,0,0,0,0,0,0,0,0,0,0,0,0,0,0,0,0,0,0,0,0,0,0,0,0,0,0,0,0,0,0,0,0,0,0,0,0,0,0,0,0,0,0,0,0,0,0,0,0,0,0,0,0,0,0,0,0,0,0,0,0,0,0,0,0,0,0,0,0,0,0,0,0,0,0
10.003737222,1.1817839999998754,-0.6853710125351912,-3.008043730477932,4.7060000000001,0.9223186093783031,0.3952872888142167,4.706,0.9223186093783324,0.3952872888143793,4.989718698381957,0.21421926432489347,0.4274529394108253,4.566172500000064,0.3741696796817686,1.5166774894142434,-3.73,-1.34,-1.0,0.0,0.0,0.0,-3.73,0.66,-1.0,0.0,0.0,0.0,-3.73,2.66,-1.0,0.0,0.0,0.0,-3.73,4.66,-1.0,0.0,0.0,0.0,-3.73,-1.34,1.0,0.0,0.0,0.0,-3.73,0.66,1.0,0.0,0.0,0.0,-3.73,2.66,1.0,0.0,0.0,0.0,-3.73,4.66,1.0,0.0,0.0,0.0,3.77,-5.06,-1.0,0.0,0.0,0.0,3.77,-3.06,-1.0,0.0,0.0,0.0,3.77,-1.06,-1.0,0.0,0.0,0.0,3.77,0.94,-1.0,0.0,0.0,0.0,3.77,-5.06,1.0,0.0,0.0,0.0,3.77,-3.06,1.0,0.0,0.0,0.0,3.77,-1.06,1.0,0.0,0.0,0.0,3.77,0.94,1.0,0.0,0.0,0.0,7.47,2.014399999999755,-0.3024000000000082,0.0,1.0599999999998388,-0.25999999999998247,0.02,4.147600000000182,-6.250800000000581,0.0,1.2400000000001299,-1.420000000000421,0.02,6.147600000000452,-6.250800000000581,0.0,1.2400000000001299,-1.420000000000421,0,0,0,0,0,0,0,0,0,0,0,0,0,0,0,0,0,0,0,0,0,0,0,0,0,0,0,0,0,0,0,0,0,0,0,0,0,0,0,0,0,0,0,0,0,0,0,0,0,0,0,0,0,0,0,0,0,0,0,0,0,0,0,0,0,0,0,0,0,0,0,0,0,0,0,0,0,0,0,0,0,0,0,0,0,0,0,0,0,0,0,0,0,0,0,0,0,0,0,0,0,0,0,0,0,0,0,0,0,0,0,0,0,0,0,0,0,0,0,0,0,0,0,0,0,0,0,0,0,0,0,0,0,0,0,0,0,0,0,0,0,0,0,0,0,0,0,0,0,0,0,0,0,0,0,0,0,0,0,0,0,0,0,0,0,0,0,0,0,0,0,0,0,0,0,0,0,0,0,0,0,0,0,0,0,0
10.103022102,1.556554932354858,-0.6156115237849276,-2.972394747372774,4.677982497622636,0.8563186093782926,0.46128728881456027,4.6779824976227395,0.8563186093783324,0.4612872888143793,4.6779824976227395,0.8534150341402995,0.5402331757725767,4.416167000000063,0.34406898418166304,1.5046147961721874,-3.73,-1.34,-1.0,0.0,0.0,0.0,-3.73,0.66,-1.0,0.0,0.0,0.0,-3.73,2.66,-1.0,0.0,0.0,0.0,-3.73,4.66,-1.0,0.0,0.0,0.0,-3.73,-1.34,1.0,0.0,0.0,0.0,-3.73,0.66,1.0,0.0,0.0,0.0,-3.73,2.66,1.0,0.0,0.0,0.0,-3.73,4.66,1.0,0.0,0.0,0.0,3.77,-5.06,-1.0,0.0,0.0,0.0,3.77,-3.06,-1.0,0.0,0.0,0.0,3.77,-1.06,-1.0,0.0,0.0,0.0,3.77,0.94,-1.0,0.0,0.0,0.0,3.77,-5.06,1.0,0.0,0.0,0.0,3.77,-3.06,1.0,0.0,0.0,0.0,3.77,-1.06,1.0,0.0,0.0,0.0,3.77,0.94,1.0,0.0,0.0,0.0,7.47,2.099199999999742,-0.3232000000000068,0.0,1.0599999999998388,-0.25999999999998247,0.02,4.246800000000192,-6.3644000000006145,0.0,1.2400000000001299,-1.420000000000421,0.02,6.246800000000462,-6.3644000000006145,0.0,1.2400000000001299,-1.420000000000421,0,0,0,0,0,0,0,0,0,0,0,0,0,0,0,0,0,0,0,0,0,0,0,0,0,0,0,0,0,0,0,0,0,0,0,0,0,0,0,0,0,0,0,0,0,0,0,0,0,0,0,0,0,0,0,0,0,0,0,0,0,0,0,0,0,0,0,0,0,0,0,0,0,0,0,0,0,0,0,0,0,0,0,0,0,0,0,0,0,0,0,0,0,0,0,0,0,0,0,0,0,0,0,0,0,0,0,0,0,0,0,0,0,0,0,0,0,0,0,0,0,0,0,0,0,0,0,0,0,0,0,0,0,0,0,0,0,0,0,0,0,0,0,0,0,0,0,0,0,0,0,0,0,0,0,0,0,0,0,0,0,0,0,0,0,0,0,0,0,0,0,0,0,0,0,0,0,0,0,0,0,0,0,0,0,0
10.20137531,1.8361483205762235,-0.567976407222228,-2.9484615100439155,4.6571063123150855,0.7843186093783316,0.3892872888142662,4.657106312315099,0.7843186093783324,0.3892872888143793,4.657106312315099,0.3102467328398997,0.34919275937199723,4.2334174900666275,0.3099465584159095,1.4873505919084233,-3.73,-1.34,-1.0,0.0,0.0,0.0,-3.73,0.66,-1.0,0.0,0.0,0.0,-3.73,2.66,-1.0,0.0,0.0,0.0,-3.73,4.66,-1.0,0.0,0.0,0.0,-3.73,-1.34,1.0,0.0,0.0,0.0,-3.73,0.66,1.0,0.0,0.0,0.0,-3.73,2.66,1.0,0.0,0.0,0.0,-3.73,4.66,1.0,0.0,0.0,0.0,3.77,-5.06,-1.0,0.0,0.0,0.0,3.77,-3.06,-1.0,0.0,0.0,0.0,3.77,-1.06,-1.0,0.0,0.0,0.0,3.77,0.94,-1.0,0.0,0.0,0.0,3.77,-5.06,1.0,0.0,0.0,0.0,3.77,-3.06,1.0,0.0,0.0,0.0,3.77,-1.06,1.0,0.0,0.0,0.0,3.77,0.94,1.0,0.0,0.0,0.0,7.47,2.1627999999997325,-0.33880000000000576,0.0,1.0599999999998388,-0.25999999999998247,0.02,4.3212000000002,-6.44960000000064,0.0,1.2400000000001299,-1.420000000000421,0.02,6.32120000000047,-6.44960000000064,0.0,1.2400000000001299,-1.420000000000421,0,0,0,0,0,0,0,0,0,0,0,0,0,0,0,0,0,0,0,0,0,0,0,0,0,0,0,0,0,0,0,0,0,0,0,0,0,0,0,0,0,0,0,0,0,0,0,0,0,0,0,0,0,0,0,0,0,0,0,0,0,0,0,0,0,0,0,0,0,0,0,0,0,0,0,0,0,0,0,0,0,0,0,0,0,0,0,0,0,0,0,0,0,0,0,0,0,0,0,0,0,0,0,0,0,0,0,0,0,0,0,0,0,0,0,0,0,0,0,0,0,0,0,0,0,0,0,0,0,0,0,0,0,0,0,0,0,0,0,0,0,0,0,0,0,0,0,0,0,0,0,0,0,0,0,0,0,0,0,0,0,0,0,0,0,0,0,0,0,0,0,0,0,0,0,0,0,0,0,0,0,0,0,0,0,0
10.301099055,2.2044988255614353,-0.5082249134206706,-2.913100526938767,4.583106312315178,0.7317923822079964,0.46328728881439574,4.583106312315099,0.7317923822079693,0.4632872888143793,4.385971570469371,0.7317923822079693,0.7108630310303128,4.065625967618786,0.2812430884782898,1.4728682495111078,-3.73,-1.34,-1.0,0.0,0.0,0.0,-3.73,0.66,-1.0,0.0,0.0,0.0,-3.73,2.66,-1.0,0.0,0.0,0.0,-3.73,4.66,-1.0,0.0,0.0,0.0,-3.73,-1.34,1.0,0.0,0.0,0.0,-3.73,0.66,1.0,0.0,0.0,0.0,-3.73,2.66,1.0,0.0,0.0,0.0,-3.73,4.66,1.0,0.0,0.0,0.0,3.77,-5.06,-1.0,0.0,0.0,0.0,3.77,-3.06,-1.0,0.0,0.0,0.0,3.77,-1.06,-1.0,0.0,0.0,0.0,3.77,0.94,-1.0,0.0,0.0,0.0,3.77,-5.06,1.0,0.0,0.0,0.0,3.77,-3.06,1.0,0.0,0.0,0.0,3.77,-1.06,1.0,0.0,0.0,0.0,3.77,0.94,1.0,0.0,0.0,0.0,7.47,2.2475999999997196,-0.35960000000000436,0.0,1.0599999999998388,-0.25999999999998247,0.02,4.42040000000021,-6.563200000000673,0.0,1.2400000000001299,-1.420000000000421,0.02,6.42040000000048,-6.563200000000673,0.0,1.2400000000001299,-1.420000000000421,0,0,0,0,0,0,0,0,0,0,0,0,0,0,0,0,0,0,0,0,0,0,0,0,0,0,0,0,0,0,0,0,0,0,0,0,0,0,0,0,0,0,0,0,0,0,0,0,0,0,0,0,0,0,0,0,0,0,0,0,0,0,0,0,0,0,0,0,0,0,0,0,0,0,0,0,0,0,0,0,0,0,0,0,0,0,0,0,0,0,0,0,0,0,0,0,0,0,0,0,0,0,0,0,0,0,0,0,0,0,0,0,0,0,0,0,0,0,0,0,0,0,0,0,0,0,0,0,0,0,0,0,0,0,0,0,0,0,0,0,0,0,0,0,0,0,0,0,0,0,0,0,0,0,0,0,0,0,0,0,0,0,0,0,0,0,0,0,0,0,0,0,0,0,0,0,0,0,0,0,0,0,0,0,0,0
10.403500892,2.6565934567929386,-0.441261675199873,-2.860555798057313,4.499106312314981,0.6477923822079678,0.5472872888145908,4.499106312315099,0.6477923822079693,0.5472872888143793,4.323988815429562,0.08091767913753278,0.689742973877431,3.6784519310720034,0.22160252617324844,1.4310988299618783,-3.73,-1.34,-1.0,0.0,0.0,0.0,-3.73,0.66,-1.0,0.0,0.0,0.0,-3.73,2.66,-1.0,0.0,0.0,0.0,-3.73,4.66,-1.0,0.0,0.0,0.0,-3.73,-1.34,1.0,0.0,0.0,0.0,-3.73,0.66,1.0,0.0,0.0,0.0,-3.73,2.66,1.0,0.0,0.0,0.0,-3.73,4.66,1.0,0.0,0.0,0.0,3.77,-5.06,-1.0,0.0,0.0,0.0,3.77,-3.06,-1.0,0.0,0.0,0.0,3.77,-1.06,-1.0,0.0,0.0,0.0,3.77,0.94,-1.0,0.0,0.0,0.0,3.77,-5.06,1.0,0.0,0.0,0.0,3.77,-3.06,1.0,0.0,0.0,0.0,3.77,-1.06,1.0,0.0,0.0,0.0,3.77,0.94,1.0,0.0,0.0,0.0,7.47,2.3535999999997035,-0.3856000000000026,0.0,1.0599999999998388,-0.25999999999998247,0.02,4.544400000000223,-6.7052000000007155,0.0,1.2400000000001299,-1.420000000000421,0.02,6.544400000000493,-6.7052000000007155,0.0,1.2400000000001299,-1.420000000000421,0,0,0,0,0,0,0,0,0,0,0,0,0,0,0,0,0,0,0,0,0,0,0,0,0,0,0,0,0,0,0,0,0,0,0,0,0,0,0,0,0,0,0,0,0,0,0,0,0,0,0,0,0,0,0,0,0,0,0,0,0,0,0,0,0,0,0,0,0,0,0,0,0,0,0,0,0,0,0,0,0,0,0,0,0,0,0,0,0,0,0,0,0,0,0,0,0,0,0,0,0,0,0,0,0,0,0,0,0,0,0,0,0,0,0,0,0,0,0,0,0,0,0,0,0,0,0,0,0,0,0,0,0,0,0,0,0,0,0,0,0,0,0,0,0,0,0,0,0,0,0,0,0,0,0,0,0,0,0,0,0,0,0,0,0,0,0,0,0,0,0,0,0,0,0,0,0,0,0,0,0,0,0,0,0,0
10.500583912,3.0107369617781368,-0.3898131345501791,-2.8109878149521452,4.410106312314977,0.6420254602549914,0.6362872888145965,4.410106312315099,0.6420254602549753,0.6362872888143792,4.005261246922838,0.6420254602549753,0.845251644095975,3.6784519310720034,0.22160252617324844,1.4310988299618783,-3.73,-1.34,-1.0,0.0,0.0,0.0,-3.73,0.66,-1.0,0.0,0.0,0.0,-3.73,2.66,-1.0,0.0,0.0,0.0,-3.73,4.66,-1.0,0.0,0.0,0.0,-3.73,-1.34,1.0,0.0,0.0,0.0,-3.73,0.66,1.0,0.0,0.0,0.0,-3.73,2.66,1.0,0.0,0.0,0.0,-3.73,4.66,1.0,0.0,0.0,0.0,3.77,-5.06,-1.0,0.0,0.0,0.0,3.77,-3.06,-1.0,0.0,0.0,0.0,3.77,-1.06,-1.0,0.0,0.0,0.0,3.77,0.94,-1.0,0.0,0.0,0.0,3.77,-5.06,1.0,0.0,0.0,0.0,3.77,-3.06,1.0,0.0,0.0,0.0,3.77,-1.06,1.0,0.0,0.0,0.0,3.77,0.94,1.0,0.0,0.0,0.0,7.47,2.4383999999996906,-0.4064000000000012,0.0,1.0599999999998388,-0.25999999999998247,0.02,4.643600000000234,-6.818800000000749,0.0,1.2400000000001299,-1.420000000000421,0.02,6.643600000000504,-6.818800000000749,0.0,1.2400000000001299,-1.420000000000421,0,0,0,0,0,0,0,0,0,0,0,0,0,0,0,0,0,0,0,0,0,0,0,0,0,0,0,0,0,0,0,0,0,0,0,0,0,0,0,0,0,0,0,0,0,0,0,0,0,0,0,0,0,0,0,0,0,0,0,0,0,0,0,0,0,0,0,0,0,0,0,0,0,0,0,0,0,0,0,0,0,0,0,0,0,0,0,0,0,0,0,0,0,0,0,0,0,0,0,0,0,0,0,0,0,0,0,0,0,0,0,0,0,0,0,0,0,0,0,0,0,0,0,0,0,0,0,0,0,0,0,0,0,0,0,0,0,0,0,0,0,0,0,0,0,0,0,0,0,0,0,0,0,0,0,0,0,0,0,0,0,0,0,0,0,0,0,0,0,0,0,0,0,0,0,0,0,0,0,0,0,0,0,0,0,0
10.602306741,3.44494159300963,-0.3324165885246799,-2.7405530860707175,4.327106312314922,0.5590254602549916,0.7192872888142077,4.327106312315099,0.5590254602549753,0.7192872888143792,3.8354435116061776,0.35310590584504054,0.939003666432717,3.2883469692759726,0.16760585791297744,1.372074761257394,-3.73,-1.34,-1.0,0.0,0.0,0.0,-3.73,0.66,-1.0,0.0,0.0,0.0,-3.73,2.66,-1.0,0.0,0.0,0.0,-3.73,4.66,-1.0,0.0,0.0,0.0,-3.73,-1.34,1.0,0.0,0.0,0.0,-3.73,0.66,1.0,0.0,0.0,0.0,-3.73,2.66,1.0,0.0,0.0,0.0,-3.73,4.66,1.0,0.0,0.0,0.0,3.77,-5.06,-1.0,0.0,0.0,0.0,3.77,-3.06,-1.0,0.0,0.0,0.0,3.77,-1.06,-1.0,0.0,0.0,0.0,3.77,0.94,-1.0,0.0,0.0,0.0,3.77,-5.06,1.0,0.0,0.0,0.0,3.77,-3.06,1.0,0.0,0.0,0.0,3.77,-1.06,1.0,0.0,0.0,0.0,3.77,0.94,1.0,0.0,0.0,0.0,7.47,2.5443999999996745,-0.43239999999999945,0.0,1.0599999999998388,-0.25999999999998247,0.02,4.767600000000247,-6.960800000000791,0.0,1.2400000000001299,-1.420000000000421,0.02,6.767600000000517,-6.960800000000791,0.0,1.2400000000001299,-1.420000000000421,0,0,0,0,0,0,0,0,0,0,0,0,0,0,0,0,0,0,0,0,0,0,0,0,0,0,0,0,0,0,0,0,0,0,0,0,0,0,0,0,0,0,0,0,0,0,0,0,0,0,0,0,0,0,0,0,0,0,0,0,0,0,0,0,0,0,0,0,0,0,0,0,0,0,0,0,0,0,0,0,0,0,0,0,0,0,0,0,0,0,0,0,0,0,0,0,0,0,0,0,0,0,0,0,0,0,0,0,0,0,0,0,0,0,0,0,0,0,0,0,0,0,0,0,0,0,0,0,0,0,0,0,0,0,0,0,0,0,0,0,0,0,0,0,0,0,0,0,0,0,0,0,0,0,0,0,0,0,0,0,0,0,0,0,0,0,0,0,0,0,0,0,0,0,0,0,0,0,0,0,0,0,0,0,0,0
10.701653267,3.7847740979948465,-0.29403055170428327,-2.6766741029655745,4.231106312315269,0.46302546025495095,0.8152872888143037,4.231106312315099,0.4630254602549754,0.8152872888143792,3.5845637899691427,-0.01336907436984447,1.098506579494837,3.2883469692759726,0.16760585791297744,1.372074761257394,-3.73,-1.34,-1.0,0.0,0.0,0.0,-3.73,0.66,-1.0,0.0,0.0,0.0,-3.73,2.66,-1.0,0.0,0.0,0.0,-3.73,4.66,-1.0,0.0,0.0,0.0,-3.73,-1.34,1.0,0.0,0.0,0.0,-3.73,0.66,1.0,0.0,0.0,0.0,-3.73,2.66,1.0,0.0,0.0,0.0,-3.73,4.66,1.0,0.0,0.0,0.0,3.77,-5.06,-1.0,0.0,0.0,0.0,3.77,-3.06,-1.0,0.0,0.0,0.0,3.77,-1.06,-1.0,0.0,0.0,0.0,3.77,0.94,-1.0,0.0,0.0,0.0,3.77,-5.06,1.0,0.0,0.0,0.0,3.77,-3.06,1.0,0.0,0.0,0.0,3.77,-1.06,1.0,0.0,0.0,0.0,3.77,0.94,1.0,0.0,0.0,0.0,7.47,2.6291999999996616,-0.45319999999999805,0.0,1.0599999999998388,-0.25999999999998247,0.02,4.866800000000257,-7.074400000000825,0.0,1.2400000000001299,-1.420000000000421,0.02,6.866800000000527,-7.074400000000825,0.0,1.2400000000001299,-1.420000000000421,0,0,0,0,0,0,0,0,0,0,0,0,0,0,0,0,0,0,0,0,0,0,0,0,0,0,0,0,0,0,0,0,0,0,0,0,0,0,0,0,0,0,0,0,0,0,0,0,0,0,0,0,0,0,0,0,0,0,0,0,0,0,0,0,0,0,0,0,0,0,0,0,0,0,0,0,0,0,0,0,0,0,0,0,0,0,0,0,0,0,0,0,0,0,0,0,0,0,0,0,0,0,0,0,0,0,0,0,0,0,0,0,0,0,0,0,0,0,0,0,0,0,0,0,0,0,0,0,0,0,0,0,0,0,0,0,0,0,0,0,0,0,0,0,0,0,0,0,0,0,0,0,0,0,0,0,0,0,0,0,0,0,0,0,0,0,0,0,0,0,0,0,0,0,0,0,0,0,0,0,0,0,0,0,0,0
10.802389519,4.118188602980053,-0.2620625148838857,-2.6063771198604284,4.145106312314795,0.3770254602549761,0.9012872888143342,4.145106312315098,0.3770254602549754,0.9012872888143791,3.2883469692759726,0.16760585791297744,1.372074761257394,3.1033818446902615,0.1465522503918867,1.337521764193973,-3.73,-1.34,-1.0,0.0,0.0,0.0,-3.73,0.66,-1.0,0.0,0.0,0.0,-3.73,2.66,-1.0,0.0,0.0,0.0,-3.73,4.66,-1.0,0.0,0.0,0.0,-3.73,-1.34,1.0,0.0,0.0,0.0,-3.73,0.66,1.0,0.0,0.0,0.0,-3.73,2.66,1.0,0.0,0.0,0.0,-3.73,4.66,1.0,0.0,0.0,0.0,3.77,-5.06,-1.0,0.0,0.0,0.0,3.77,-3.06,-1.0,0.0,0.0,0.0,3.77,-1.06,-1.0,0.0,0.0,0.0,3.77,0.94,-1.0,0.0,0.0,0.0,3.77,-5.06,1.0,0.0,0.0,0.0,3.77,-3.06,1.0,0.0,0.0,0.0,3.77,-1.06,1.0,0.0,0.0,0.0,3.77,0.94,1.0,0.0,0.0,0.0,7.47,2.7351999999996455,-0.4791999999999963,0.0,1.0599999999998388,-0.25999999999998247,0.02,4.9660000000002675,-7.188000000000859,0.0,1.2400000000001299,-1.420000000000421,0.02,6.99080000000054,-7.216400000000867,0.0,1.2400000000001299,-1.420000000000421,0,0,0,0,0,0,0,0,0,0,0,0,0,0,0,0,0,0,0,0,0,0,0,0,0,0,0,0,0,0,0,0,0,0,0,0,0,0,0,0,0,0,0,0,0,0,0,0,0,0,0,0,0,0,0,0,0,0,0,0,0,0,0,0,0,0,0,0,0,0,0,0,0,0,0,0,0,0,0,0,0,0,0,0,0,0,0,0,0,0,0,0,0,0,0,0,0,0,0,0,0,0,0,0,0,0,0,0,0,0,0,0,0,0,0,0,0,0,0,0,0,0,0,0,0,0,0,0,0,0,0,0,0,0,0,0,0,0,0,0,0,0,0,0,0,0,0,0,0,0,0,0,0,0,0,0,0,0,0,0,0,0,0,0,0,0,0,0,0,0,0,0,0,0,0,0,0,0,0,0,0,0,0,0,0,0
10.900820629,4.526588234211574,-0.23047096885838897,-2.51013739097898,4.048106312315447,0.28002546025496233,0.99828728881457,4.048106312315098,0.28002546025497543,0.9982872888143791,3.1033818446902615,0.1465522503918867,1.337521764193973,2.7407539892065285,0.11551550988944945,1.2560669827783046,-3.73,-1.34,-1.0,0.0,0.0,0.0,-3.73,0.66,-1.0,0.0,0.0,0.0,-3.73,2.66,-1.0,0.0,0.0,0.0,-3.73,4.66,-1.0,0.0,0.0,0.0,-3.73,-1.34,1.0,0.0,0.0,0.0,-3.73,0.66,1.0,0.0,0.0,0.0,-3.73,2.66,1.0,0.0,0.0,0.0,-3.73,4.66,1.0,0.0,0.0,0.0,3.77,-5.06,-1.0,0.0,0.0,0.0,3.77,-3.06,-1.0,0.0,0.0,0.0,3.77,-1.06,-1.0,0.0,0.0,0.0,3.77,0.94,-1.0,0.0,0.0,0.0,3.77,-5.06,1.0,0.0,0.0,0.0,3.77,-3.06,1.0,0.0,0.0,0.0,3.77,-1.06,1.0,0.0,0.0,0.0,3.77,0.94,1.0,0.0,0.0,0.0,7.47,2.8199999999996326,-0.4999999999999949,0.0,1.0599999999998388,-0.25999999999998247,0.02,5.0900000000002805,-7.330000000000901,0.0,1.2400000000001299,-1.420000000000421,0.02,7.0900000000005505,-7.330000000000901,0.0,1.2400000000001299,-1.420000000000421,0,0,0,0,0,0,0,0,0,0,0,0,0,0,0,0,0,0,0,0,0,0,0,0,0,0,0,0,0,0,0,0,0,0,0,0,0,0,0,0,0,0,0,0,0,0,0,0,0,0,0,0,0,0,0,0,0,0,0,0,0,0,0,0,0,0,0,0,0,0,0,0,0,0,0,0,0,0,0,0,0,0,0,0,0,0,0,0,0,0,0,0,0,0,0,0,0,0,0,0,0,0,0,0,0,0,0,0,0,0,0,0,0,0,0,0,0,0,0,0,0,0,0,0,0,0,0,0,0,0,0,0,0,0,0,0,0,0,0,0,0,0,0,0,0,0,0,0,0,0,0,0,0,0,0,0,0,0,0,0,0,0,0,0,0,0,0,0,0,0,0,0,0,0,0,0,0,0,0,0,0,0,0,0,0,0
11.002778617,4.845434739196815,-0.2130709320379919,-2.4252724078738197,3.9661063123155316,0.1980254602549636,1.0802872888144854,3.966106312315098,0.19802546025497542,1.080287288814379,2.907744848011455,0.12801505375990305,1.2959782616196995,2.7407539892065285,0.11551550988944945,1.2560669827783046,-3.73,-1.34,-1.0,0.0,0.0,0.0,-3.73,0.66,-1.0,0.0,0.0,0.0,-3.73,2.66,-1.0,0.0,0.0,0.0,-3.73,4.66,-1.0,0.0,0.0,0.0,-3.73,-1.34,1.0,0.0,0.0,0.0,-3.73,0.66,1.0,0.0,0.0,0.0,-3.73,2.66,1.0,0.0,0.0,0.0,-3.73,4.66,1.0,0.0,0.0,0.0,3.77,-5.06,-1.0,0.0,0.0,0.0,3.77,-3.06,-1.0,0.0,0.0,0.0,3.77,-1.06,-1.0,0.0,0.0,0.0,3.77,0.94,-1.0,0.0,0.0,0.0,3.77,-5.06,1.0,0.0,0.0,0.0,3.77,-3.06,1.0,0.0,0.0,0.0,3.77,-1.06,1.0,0.0,0.0,0.0,3.77,0.94,1.0,0.0,0.0,0.0,7.47,2.9047999999996197,-0.5207999999999979,0.0,1.0599999999998388,-0.260000000000038,0.02,5.189200000000291,-7.443600000000934,0.0,1.2400000000001299,-1.420000000000421,0.02,7.189200000000561,-7.443600000000934,0.0,1.2400000000001299,-1.420000000000421,0,0,0,0,0,0,0,0,0,0,0,0,0,0,0,0,0,0,0,0,0,0,0,0,0,0,0,0,0,0,0,0,0,0,0,0,0,0,0,0,0,0,0,0,0,0,0,0,0,0,0,0,0,0,0,0,0,0,0,0,0,0,0,0,0,0,0,0,0,0,0,0,0,0,0,0,0,0,0,0,0,0,0,0,0,0,0,0,0,0,0,0,0,0,0,0,0,0,0,0,0,0,0,0,0,0,0,0,0,0,0,0,0,0,0,0,0,0,0,0,0,0,0,0,0,0,0,0,0,0,0,0,0,0,0,0,0,0,0,0,0,0,0,0,0,0,0,0,0,0,0,0,0,0,0,0,0,0,0,0,0,0,0,0,0,0,0,0,0,0,0,0,0,0,0,0,0,0,0,0,0,0,0,0,0,0
11.102065648,5.157863244182018,-0.20208889521759468,-2.3339894247686743,3.8851063123148677,0.11702546025496585,1.1612872888142611,3.885106312315098,0.11702546025497541,1.161287288814379,2.7407539892065285,0.11551550988944945,1.2560669827783046,2.5713334709331193,0.10623842782861351,1.2110157730036881,-3.73,-1.34,-1.0,0.0,0.0,0.0,-3.73,0.66,-1.0,0.0,0.0,0.0,-3.73,2.66,-1.0,0.0,0.0,0.0,-3.73,4.66,-1.0,0.0,0.0,0.0,-3.73,-1.34,1.0,0.0,0.0,0.0,-3.73,0.66,1.0,0.0,0.0,0.0,-3.73,2.66,1.0,0.0,0.0,0.0,-3.73,4.66,1.0,0.0,0.0,0.0,3.77,-5.06,-1.0,0.0,0.0,0.0,3.77,-3.06,-1.0,0.0,0.0,0.0,3.77,-1.06,-1.0,0.0,0.0,0.0,3.77,0.94,-1.0,0.0,0.0,0.0,3.77,-5.06,1.0,0.0,0.0,0.0,3.77,-3.06,1.0,0.0,0.0,0.0,3.77,-1.06,1.0,0.0,0.0,0.0,3.77,0.94,1.0,0.0,0.0,0.0,7.47,2.989599999999607,-0.541600000000001,0.0,1.0599999999998388,-0.260000000000038,0.02,5.288400000000301,-7.557200000000968,0.0,1.2400000000001299,-1.420000000000421,0.02,7.288400000000571,-7.557200000000968,0.0,1.2400000000001299,-1.420000000000421,0,0,0,0,0,0,0,0,0,0,0,0,0,0,0,0,0,0,0,0,0,0,0,0,0,0,0,0,0,0,0,0,0,0,0,0,0,0,0,0,0,0,0,0,0,0,0,0,0,0,0,0,0,0,0,0,0,0,0,0,0,0,0,0,0,0,0,0,0,0,0,0,0,0,0,0,0,0,0,0,0,0,0,0,0,0,0,0,0,0,0,0,0,0,0,0,0,0,0,0,0,0,0,0,0,0,0,0,0,0,0,0,0,0,0,0,0,0,0,0,0,0,0,0,0,0,0,0,0,0,0,0,0,0,0,0,0,0,0,0,0,0,0,0,0,0,0,0,0,0,0,0,0,0,0,0,0,0,0,0,0,0,0,0,0,0,0,0,0,0,0,0,0,0,0,0,0,0,0,0,0,0,0,0,0,0
11.207947931,5.464396749167209,-0.19321227485638323,-2.2388486598750013,3.7901063123149115,0.10623842782861437,1.211015773003865,3.790106312315098,0.10623842782861351,1.2110157730036881,2.5713334709331193,0.10623842782861351,1.2110157730036881,2.401642846347417,0.10045932030752253,1.1611882759402659,-3.73,-1.34,-1.0,0.0,0.0,0.0,-3.73,0.66,-1.0,0.0,0.0,0.0,-3.73,2.66,-1.0,0.0,0.0,0.0,-3.73,4.66,-1.0,0.0,0.0,0.0,-3.73,-1.34,1.0,0.0,0.0,0.0,-3.73,0.66,1.0,0.0,0.0,0.0,-3.73,2.66,1.0,0.0,0.0,0.0,-3.73,4.66,1.0,0.0,0.0,0.0,3.77,-5.06,-1.0,0.0,0.0,0.0,3.77,-3.06,-1.0,0.0,0.0,0.0,3.77,-1.06,-1.0,0.0,0.0,0.0,3.77,0.94,-1.0,0.0,0.0,0.0,3.77,-5.06,1.0,0.0,0.0,0.0,3.77,-3.06,1.0,0.0,0.0,0.0,3.77,-1.06,1.0,0.0,0.0,0.0,3.77,0.94,1.0,0.0,0.0,0.0,7.47,3.0955999999995907,-0.5676000000000048,0.0,1.0599999999998388,-0.260000000000038,0.02,5.412400000000314,-7.69920000000101,0.0,1.2400000000001299,-1.420000000000421,0.02,7.387600000000582,-7.670800000001002,0.0,1.2400000000001299,-1.420000000000421,0,0,0,0,0,0,0,0,0,0,0,0,0,0,0,0,0,0,0,0,0,0,0,0,0,0,0,0,0,0,0,0,0,0,0,0,0,0,0,0,0,0,0,0,0,0,0,0,0,0,0,0,0,0,0,0,0,0,0,0,0,0,0,0,0,0,0,0,0,0,0,0,0,0,0,0,0,0,0,0,0,0,0,0,0,0,0,0,0,0,0,0,0,0,0,0,0,0,0,0,0,0,0,0,0,0,0,0,0,0,0,0,0,0,0,0,0,0,0,0,0,0,0,0,0,0,0,0,0,0,0,0,0,0,0,0,0,0,0,0,0,0,0,0,0,0,0,0,0,0,0,0,0,0,0,0,0,0,0,0,0,0,0,0,0,0,0,0,0,0,0,0,0,0,0,0,0,0,0,0,0,0,0,0,0,0
11.300667739,5.763881254152404,-0.18499637689862733,-2.1444089453908037,3.7141063123149465,0.10045932030752769,1.1611882759403613,3.714106312315098,0.10045932030752253,1.1611882759402659,2.401642846347417,0.10045932030752253,1.1611882759402659,2.2374807749178762,0.0957562300055627,1.1097362037534697,-3.73,-1.34,-1.0,0.0,0.0,0.0,-3.73,0.66,-1.0,0.0,0.0,0.0,-3.73,2.66,-1.0,0.0,0.0,0.0,-3.73,4.66,-1.0,0.0,0.0,0.0,-3.73,-1.34,1.0,0.0,0.0,0.0,-3.73,0.66,1.0,0.0,0.0,0.0,-3.73,2.66,1.0,0.0,0.0,0.0,-3.73,4.66,1.0,0.0,0.0,0.0,3.77,-5.06,-1.0,0.0,0.0,0.0,3.77,-3.06,-1.0,0.0,0.0,0.0,3.77,-1.06,-1.0,0.0,0.0,0.0,3.77,0.94,-1.0,0.0,0.0,0.0,3.77,-5.06,1.0,0.0,0.0,0.0,3.77,-3.06,1.0,0.0,0.0,0.0,3.77,-1.06,1.0,0.0,0.0,0.0,3.77,0.94,1.0,0.0,0.0,0.0,7.47,3.159199999999581,-0.583200000000007,0.0,1.0599999999998388,-0.260000000000038,0.02,5.486800000000322,-7.784400000001035,0.0,1.2400000000001299,-1.420000000000421,0.02,7.486800000000592,-7.784400000001035,0.0,1.2400000000001299,-1.420000000000421,0,0,0,0,0,0,0,0,0,0,0,0,0,0,0,0,0,0,0,0,0,0,0,0,0,0,0,0,0,0,0,0,0,0,0,0,0,0,0,0,0,0,0,0,0,0,0,0,0,0,0,0,0,0,0,0,0,0,0,0,0,0,0,0,0,0,0,0,0,0,0,0,0,0,0,0,0,0,0,0,0,0,0,0,0,0,0,0,0,0,0,0,0,0,0,0,0,0,0,0,0,0,0,0,0,0,0,0,0,0,0,0,0,0,0,0,0,0,0,0,0,0,0,0,0,0,0,0,0,0,0,0,0,0,0,0,0,0,0,0,0,0,0,0,0,0,0,0,0,0,0,0,0,0,0,0,0,0,0,0,0,0,0,0,0,0,0,0,0,0,0,0,0,0,0,0,0,0,0,0,0,0,0,0,0,0
11.401557693,6.1298158853839215,-0.17529847355021924,-2.0320975711385922,3.640106312315261,0.09575623000557254,1.1097362037535419,3.640106312315098,0.0957562300055627,1.1097362037534697,2.2374807749178762,0.0957562300055627,1.1097362037534697,2.101345894518381,0.09204612150792979,1.0669791254536705,-3.73,-1.34,-1.0,0.0,0.0,0.0,-3.73,0.66,-1.0,0.0,0.0,0.0,-3.73,2.66,-1.0,0.0,0.0,0.0,-3.73,4.66,-1.0,0.0,0.0,0.0,-3.73,-1.34,1.0,0.0,0.0,0.0,-3.73,0.66,1.0,0.0,0.0,0.0,-3.73,2.66,1.0,0.0,0.0,0.0,-3.73,4.66,1.0,0.0,0.0,0.0,3.77,-5.06,-1.0,0.0,0.0,0.0,3.77,-3.06,-1.0,0.0,0.0,0.0,3.77,-1.06,-1.0,0.0,0.0,0.0,3.77,0.94,-1.0,0.0,0.0,0.0,3.77,-5.06,1.0,0.0,0.0,0.0,3.77,-3.06,1.0,0.0,0.0,0.0,3.77,-1.06,1.0,0.0,0.0,0.0,3.77,0.94,1.0,0.0,0.0,0.0,7.47,3.265199999999565,-0.6092000000000108,0.0,1.0599999999998388,-0.260000000000038,0.02,5.610800000000335,-7.9264000000010775,0.0,1.2400000000001299,-1.420000000000421,0.02,7.610800000000605,-7.9264000000010775,0.0,1.2400000000001299,-1.420000000000421,0,0,0,0,0,0,0,0,0,0,0,0,0,0,0,0,0,0,0,0,0,0,0,0,0,0,0,0,0,0,0,0,0,0,0,0,0,0,0,0,0,0,0,0,0,0,0,0,0,0,0,0,0,0,0,0,0,0,0,0,0,0,0,0,0,0,0,0,0,0,0,0,0,0,0,0,0,0,0,0,0,0,0,0,0,0,0,0,0,0,0,0,0,0,0,0,0,0,0,0,0,0,0,0,0,0,0,0,0,0,0,0,0,0,0,0,0,0,0,0,0,0,0,0,0,0,0,0,0,0,0,0,0,0,0,0,0,0,0,0,0,0,0,0,0,0,0,0,0,0,0,0,0,0,0,0,0,0,0,0,0,0,0,0,0,0,0,0,0,0,0,0,0,0,0,0,0,0,0,0,0,0,0,0,0,0
11.501142759,6.415291390369124,-0.1678717119851251,-1.9460123707712016,3.5491063123149758,0.09204612150792713,1.0669791254536154,3.549106312315098,0.09204612150792979,1.0669791254536705,2.101345894518381,0.09204612150792979,1.0669791254536705,1.946012376244985,0.08793650546512634,1.0193779941805567,-3.73,-1.34,-1.0,0.0,0.0,0.0,-3.73,0.66,-1.0,0.0,0.0,0.0,-3.73,2.66,-1.0,0.0,0.0,0.0,-3.73,4.66,-1.0,0.0,0.0,0.0,-3.73,-1.34,1.0,0.0,0.0,0.0,-3.73,0.66,1.0,0.0,0.0,0.0,-3.73,2.66,1.0,0.0,0.0,0.0,-3.73,4.66,1.0,0.0,0.0,0.0,3.77,-5.06,-1.0,0.0,0.0,0.0,3.77,-3.06,-1.0,0.0,0.0,0.0,3.77,-1.06,-1.0,0.0,0.0,0.0,3.77,0.94,-1.0,0.0,0.0,0.0,3.77,-5.06,1.0,0.0,0.0,0.0,3.77,-3.06,1.0,0.0,0.0,0.0,3.77,-1.06,1.0,0.0,0.0,0.0,3.77,0.94,1.0,0.0,0.0,0.0,7.47,3.349999999999552,-0.6300000000000139,0.0,1.0599999999998388,-0.260000000000038,0.02,5.7100000000003455,-8.040000000001086,0.0,1.2400000000001299,-1.4199999999995327,0.02,7.7100000000006155,-8.040000000001086,0.0,1.2400000000001299,-1.4199999999995327,0,0,0,0,0,0,0,0,0,0,0,0,0,0,0,0,0,0,0,0,0,0,0,0,0,0,0,0,0,0,0,0,0,0,0,0,0,0,0,0,0,0,0,0,0,0,0,0,0,0,0,0,0,0,0,0,0,0,0,0,0,0,0,0,0,0,0,0,0,0,0,0,0,0,0,0,0,0,0,0,0,0,0,0,0,0,0,0,0,0,0,0,0,0,0,0,0,0,0,0,0,0,0,0,0,0,0,0,0,0,0,0,0,0,0,0,0,0,0,0,0,0,0,0,0,0,0,0,0,0,0,0,0,0,0,0,0,0,0,0,0,0,0,0,0,0,0,0,0,0,0,0,0,0,0,0,0,0,0,0,0,0,0,0,0,0,0,0,0,0,0,0,0,0,0,0,0,0,0,0,0,0,0,0,0,0
11.600477753,6.694487895354308,-0.16072172229871665,-1.8631292995611142,3.4581063123146905,0.08793650546512488,1.0193779941805037,3.4581063123150977,0.08793650546512634,1.0193779941805567,1.946012376244985,0.08793650546512634,1.0193779941805567,1.7817069858784933,0.08365971762803877,0.9698052480092398,-3.73,-1.34,-1.0,0.0,0.0,0.0,-3.73,0.66,-1.0,0.0,0.0,0.0,-3.73,2.66,-1.0,0.0,0.0,0.0,-3.73,4.66,-1.0,0.0,0.0,0.0,-3.73,-1.34,1.0,0.0,0.0,0.0,-3.73,0.66,1.0,0.0,0.0,0.0,-3.73,2.66,1.0,0.0,0.0,0.0,-3.73,4.66,1.0,0.0,0.0,0.0,3.77,-5.06,-1.0,0.0,0.0,0.0,3.77,-3.06,-1.0,0.0,0.0,0.0,3.77,-1.06,-1.0,0.0,0.0,0.0,3.77,0.94,-1.0,0.0,0.0,0.0,3.77,-5.06,1.0,0.0,0.0,0.0,3.77,-3.06,1.0,0.0,0.0,0.0,3.77,-1.06,1.0,0.0,0.0,0.0,3.77,0.94,1.0,0.0,0.0,0.0,7.47,3.455999999999536,-0.6560000000000177,0.0,1.0599999999998388,-0.260000000000038,0.02,5.809200000000356,-8.153600000001049,0.0,1.2400000000001299,-1.4199999999995327,0.02,7.8340000000006285,-8.18200000000104,0.0,1.2400000000001299,-1.4199999999995327,0,0,0,0,0,0,0,0,0,0,0,0,0,0,0,0,0,0,0,0,0,0,0,0,0,0,0,0,0,0,0,0,0,0,0,0,0,0,0,0,0,0,0,0,0,0,0,0,0,0,0,0,0,0,0,0,0,0,0,0,0,0,0,0,0,0,0,0,0,0,0,0,0,0,0,0,0,0,0,0,0,0,0,0,0,0,0,0,0,0,0,0,0,0,0,0,0,0,0,0,0,0,0,0,0,0,0,0,0,0,0,0,0,0,0,0,0,0,0,0,0,0,0,0,0,0,0,0,0,0,0,0,0,0,0,0,0,0,0,0,0,0,0,0,0,0,0,0,0,0,0,0,0,0,0,0,0,0,0,0,0,0,0,0,0,0,0,0,0,0,0,0,0,0,0,0,0,0,0,0,0,0,0,0,0,0
11.702829301,6.967584400339512,-0.1538450430114793,-1.7834132516350136,3.3621063123154826,0.08365971762802626,0.969805248009159,3.3621063123150976,0.08365971762803877,0.9698052480092398,1.7817069858784933,0.08365971762803877,0.9698052480092398,1.6302783612928007,0.07978927386383503,0.9249386928183838,-3.73,-1.34,-1.0,0.0,0.0,0.0,-3.73,0.66,-1.0,0.0,0.0,0.0,-3.73,2.66,-1.0,0.0,0.0,0.0,-3.73,4.66,-1.0,0.0,0.0,0.0,-3.73,-1.34,1.0,0.0,0.0,0.0,-3.73,0.66,1.0,0.0,0.0,0.0,-3.73,2.66,1.0,0.0,0.0,0.0,-3.73,4.66,1.0,0.0,0.0,0.0,3.77,-5.06,-1.0,0.0,0.0,0.0,3.77,-3.06,-1.0,0.0,0.0,0.0,3.77,-1.06,-1.0,0.0,0.0,0.0,3.77,0.94,-1.0,0.0,0.0,0.0,3.77,-5.06,1.0,0.0,0.0,0.0,3.77,-3.06,1.0,0.0,0.0,0.0,3.77,-1.06,1.0,0.0,0.0,0.0,3.77,0.94,1.0,0.0,0.0,0.0,7.47,3.519599999999526,-0.67160000000002,0.0,1.0599999999998388,-0.260000000000038,0.02,5.908400000000366,-8.267200000001012,0.0,1.2400000000001299,-1.4199999999995327,0.02,7.908400000000636,-8.267200000001012,0.0,1.2400000000001299,-1.4199999999995327,0,0,0,0,0,0,0,0,0,0,0,0,0,0,0,0,0,0,0,0,0,0,0,0,0,0,0,0,0,0,0,0,0,0,0,0,0,0,0,0,0,0,0,0,0,0,0,0,0,0,0,0,0,0,0,0,0,0,0,0,0,0,0,0,0,0,0,0,0,0,0,0,0,0,0,0,0,0,0,0,0,0,0,0,0,0,0,0,0,0,0,0,0,0,0,0,0,0,0,0,0,0,0,0,0,0,0,0,0,0,0,0,0,0,0,0,0,0,0,0,0,0,0,0,0,0,0,0,0,0,0,0,0,0,0,0,0,0,0,0,0,0,0,0,0,0,0,0,0,0,0,0,0,0,0,0,0,0,0,0,0,0,0,0,0,0,0,0,0,0,0,0,0,0,0,0,0,0,0,0,0,0,0,0,0,0
11.800401934,7.23323790532474,-0.14734965823321045,-1.7081170261090153,3.297106312315279,0.07978927386384504,0.924938692818289,3.2971063123150977,0.07978927386383503,0.9249386928183838,1.6302783612928007,0.07978927386383503,0.9249386928183838,1.4993972682686665,0.07650422291759952,0.886857599577461,-3.73,-1.34,-1.0,0.0,0.0,0.0,-3.73,0.66,-1.0,0.0,0.0,0.0,-3.73,2.66,-1.0,0.0,0.0,0.0,-3.73,4.66,-1.0,0.0,0.0,0.0,-3.73,-1.34,1.0,0.0,0.0,0.0,-3.73,0.66,1.0,0.0,0.0,0.0,-3.73,2.66,1.0,0.0,0.0,0.0,-3.73,4.66,1.0,0.0,0.0,0.0,3.77,-5.06,-1.0,0.0,0.0,0.0,3.77,-3.06,-1.0,0.0,0.0,0.0,3.77,-1.06,-1.0,0.0,0.0,0.0,3.77,0.94,-1.0,0.0,0.0,0.0,3.77,-5.06,1.0,0.0,0.0,0.0,3.77,-3.06,1.0,0.0,0.0,0.0,3.77,-1.06,1.0,0.0,0.0,0.0,3.77,0.94,1.0,0.0,0.0,0.0,7.47,3.6043999999995133,-0.692400000000023,0.0,1.0599999999998388,-0.260000000000038,0.02,6.007600000000377,-8.380800000000974,0.0,1.2400000000001299,-1.4199999999995327,0.02,8.007600000000641,-8.380800000000974,0.0,1.239999999999597,-1.4199999999995327,0,0,0,0,0,0,0,0,0,0,0,0,0,0,0,0,0,0,0,0,0,0,0,0,0,0,0,0,0,0,0,0,0,0,0,0,0,0,0,0,0,0,0,0,0,0,0,0,0,0,0,0,0,0,0,0,0,0,0,0,0,0,0,0,0,0,0,0,0,0,0,0,0,0,0,0,0,0,0,0,0,0,0,0,0,0,0,0,0,0,0,0,0,0,0,0,0,0,0,0,0,0,0,0,0,0,0,0,0,0,0,0,0,0,0,0,0,0,0,0,0,0,0,0,0,0,0,0,0,0,0,0,0,0,0,0,0,0,0,0,0,0,0,0,0,0,0,0,0,0,0,0,0,0,0,0,0,0,0,0,0,0,0,0,0,0,0,0,0,0,0,0,0,0,0,0,0,0,0,0,0,0,0,0,0,0
11.90408985,7.363266157817348,-0.1442632089089363,-1.6723380733799884,3.2391063123151653,0.07650422291760606,0.8868575995775174,3.239106312315098,0.07650422291759952,0.886857599577461,1.4993972682686665,0.07650422291759952,0.886857599577461,1.3883267068061027,0.07379451302740099,0.8554459210937351,-3.73,-1.34,-1.0,0.0,0.0,0.0,-3.73,0.66,-1.0,0.0,0.0,0.0,-3.73,2.66,-1.0,0.0,0.0,0.0,-3.73,4.66,-1.0,0.0,0.0,0.0,-3.73,-1.34,1.0,0.0,0.0,0.0,-3.73,0.66,1.0,0.0,0.0,0.0,-3.73,2.66,1.0,0.0,0.0,0.0,-3.73,4.66,1.0,0.0,0.0,0.0,3.77,-5.06,-1.0,0.0,0.0,0.0,3.77,-3.06,-1.0,0.0,0.0,0.0,3.77,-1.06,-1.0,0.0,0.0,0.0,3.77,0.94,-1.0,0.0,0.0,0.0,3.77,-5.06,1.0,0.0,0.0,0.0,3.77,-3.06,1.0,0.0,0.0,0.0,3.77,-1.06,1.0,0.0,0.0,0.0,3.77,0.94,1.0,0.0,0.0,0.0,7.47,3.646799999999507,-0.7028000000000245,0.0,1.0599999999998388,-0.260000000000038,0.02,6.082000000000384,-8.466000000000946,0.0,1.2400000000001299,-1.4199999999995327,0.02,8.057200000000611,-8.437600000000955,0.0,1.2399999999992417,-1.4199999999995327,0,0,0,0,0,0,0,0,0,0,0,0,0,0,0,0,0,0,0,0,0,0,0,0,0,0,0,0,0,0,0,0,0,0,0,0,0,0,0,0,0,0,0,0,0,0,0,0,0,0,0,0,0,0,0,0,0,0,0,0,0,0,0,0,0,0,0,0,0,0,0,0,0,0,0,0,0,0,0,0,0,0,0,0,0,0,0,0,0,0,0,0,0,0,0,0,0,0,0,0,0,0,0,0,0,0,0,0,0,0,0,0,0,0,0,0,0,0,0,0,0,0,0,0,0,0,0,0,0,0,0,0,0,0,0,0,0,0,0,0,0,0,0,0,0,0,0,0,0,0,0,0,0,0,0,0,0,0,0,0,0,0,0,0,0,0,0,0,0,0,0,0,0,0,0,0,0,0,0,0,0,0,0,0,0,0
12.001173483,7.619146662802555,-0.13829461482937855,-1.6031485194088833,3.181106312315052,0.07379451302741424,0.855445921093656,3.181106312315098,0.07379451302740099,0.8554459210937351,1.3883267068061027,0.07379451302740099,0.8554459210937351,1.298932283217435,0.07167257911696251,0.830847891092529,-3.73,-1.34,-1.0,0.0,0.0,0.0,-3.73,0.66,-1.0,0.0,0.0,0.0,-3.73,2.66,-1.0,0.0,0.0,0.0,-3.73,4.66,-1.0,0.0,0.0,0.0,-3.73,-1.34,1.0,0.0,0.0,0.0,-3.73,0.66,1.0,0.0,0.0,0.0,-3.73,2.66,1.0,0.0,0.0,0.0,-3.73,4.66,1.0,0.0,0.0,0.0,3.77,-5.06,-1.0,0.0,0.0,0.0,3.77,-3.06,-1.0,0.0,0.0,0.0,3.77,-1.06,-1.0,0.0,0.0,0.0,3.77,0.94,-1.0,0.0,0.0,0.0,3.77,-5.06,1.0,0.0,0.0,0.0,3.77,-3.06,1.0,0.0,0.0,0.0,3.77,-1.06,1.0,0.0,0.0,0.0,3.77,0.94,1.0,0.0,0.0,0.0,7.47,3.731599999999494,-0.7236000000000276,0.0,1.0599999999998388,-0.260000000000038,0.02,6.156400000000392,-8.551200000000918,0.0,1.2400000000001299,-1.4199999999995327,0.02,8.15640000000055,-8.551200000000918,0.0,1.2399999999992417,-1.4199999999995327,0,0,0,0,0,0,0,0,0,0,0,0,0,0,0,0,0,0,0,0,0,0,0,0,0,0,0,0,0,0,0,0,0,0,0,0,0,0,0,0,0,0,0,0,0,0,0,0,0,0,0,0,0,0,0,0,0,0,0,0,0,0,0,0,0,0,0,0,0,0,0,0,0,0,0,0,0,0,0,0,0,0,0,0,0,0,0,0,0,0,0,0,0,0,0,0,0,0,0,0,0,0,0,0,0,0,0,0,0,0,0,0,0,0,0,0,0,0,0,0,0,0,0,0,0,0,0,0,0,0,0,0,0,0,0,0,0,0,0,0,0,0,0,0,0,0,0,0,0,0,0,0,0,0,0,0,0,0,0,0,0,0,0,0,0,0,0,0,0,0,0,0,0,0,0,0,0,0,0,0,0,0,0,0,0,0
12.103950944,7.869169167787753,-0.1325141259539911,-1.5361395314614545,3.104106312314947,0.07167257911697145,0.8308478910925565,3.104106312315098,0.07167257911696251,0.830847891092529,1.298932283217435,0.07167257911696251,0.830847891092529,1.0703166365992525,0.06637023020718023,0.769381630821926,-3.73,-1.34,-1.0,0.0,0.0,0.0,-3.73,0.66,-1.0,0.0,0.0,0.0,-3.73,2.66,-1.0,0.0,0.0,0.0,-3.73,4.66,-1.0,0.0,0.0,0.0,-3.73,-1.34,1.0,0.0,0.0,0.0,-3.73,0.66,1.0,0.0,0.0,0.0,-3.73,2.66,1.0,0.0,0.0,0.0,-3.73,4.66,1.0,0.0,0.0,0.0,3.77,-5.06,-1.0,0.0,0.0,0.0,3.77,-3.06,-1.0,0.0,0.0,0.0,3.77,-1.06,-1.0,0.0,0.0,0.0,3.77,0.94,-1.0,0.0,0.0,0.0,3.77,-5.06,1.0,0.0,0.0,0.0,3.77,-3.06,1.0,0.0,0.0,0.0,3.77,-1.06,1.0,0.0,0.0,0.0,3.77,0.94,1.0,0.0,0.0,0.0,7.47,3.816399999999481,-0.7444000000000306,0.0,1.0599999999998388,-0.260000000000038,0.02,6.255600000000403,-8.66480000000088,0.0,1.2400000000001299,-1.4199999999995327,0.02,8.25560000000049,-8.66480000000088,0.0,1.2399999999992417,-1.4199999999995327,0,0,0,0,0,0,0,0,0,0,0,0,0,0,0,0,0,0,0,0,0,0,0,0,0,0,0,0,0,0,0,0,0,0,0,0,0,0,0,0,0,0,0,0,0,0,0,0,0,0,0,0,0,0,0,0,0,0,0,0,0,0,0,0,0,0,0,0,0,0,0,0,0,0,0,0,0,0,0,0,0,0,0,0,0,0,0,0,0,0,0,0,0,0,0,0,0,0,0,0,0,0,0,0,0,0,0,0,0,0,0,0,0,0,0,0,0,0,0,0,0,0,0,0,0,0,0,0,0,0,0,0,0,0,0,0,0,0,0,0,0,0,0,0,0,0,0,0,0,0,0,0,0,0,0,0,0,0,0,0,0,0,0,0,0,0,0,0,0,0,0,0,0,0,0,0,0,0,0,0,0,0,0,0,0,0
12.203059631,8.112907672772979,-0.12692465410396325,-1.4713448644284834,3.0191063123155004,0.06899971838864039,0.7998633678623079,3.019106312315098,0.06899971838863445,0.7998633678622544,1.1840644559740925,0.06899971838863445,0.7998633678622544,1.0703166365992525,0.06637023020718023,0.769381630821926,-3.73,-1.34,-1.0,0.0,0.0,0.0,-3.73,0.66,-1.0,0.0,0.0,0.0,-3.73,2.66,-1.0,0.0,0.0,0.0,-3.73,4.66,-1.0,0.0,0.0,0.0,-3.73,-1.34,1.0,0.0,0.0,0.0,-3.73,0.66,1.0,0.0,0.0,0.0,-3.73,2.66,1.0,0.0,0.0,0.0,-3.73,4.66,1.0,0.0,0.0,0.0,3.77,-5.06,-1.0,0.0,0.0,0.0,3.77,-3.06,-1.0,0.0,0.0,0.0,3.77,-1.06,-1.0,0.0,0.0,0.0,3.77,0.94,-1.0,0.0,0.0,0.0,3.77,-5.06,1.0,0.0,0.0,0.0,3.77,-3.06,1.0,0.0,0.0,0.0,3.77,-1.06,1.0,0.0,0.0,0.0,3.77,0.94,1.0,0.0,0.0,0.0,7.47,3.901199999999468,-0.7652000000000336,0.0,1.0599999999998388,-0.260000000000038,0.02,6.354800000000413,-8.778400000000843,0.0,1.2400000000001299,-1.4199999999995327,0.02,8.354800000000429,-8.778400000000843,0.0,1.2399999999992417,-1.4199999999995327,0,0,0,0,0,0,0,0,0,0,0,0,0,0,0,0,0,0,0,0,0,0,0,0,0,0,0,0,0,0,0,0,0,0,0,0,0,0,0,0,0,0,0,0,0,0,0,0,0,0,0,0,0,0,0,0,0,0,0,0,0,0,0,0,0,0,0,0,0,0,0,0,0,0,0,0,0,0,0,0,0,0,0,0,0,0,0,0,0,0,0,0,0,0,0,0,0,0,0,0,0,0,0,0,0,0,0,0,0,0,0,0,0,0,0,0,0,0,0,0,0,0,0,0,0,0,0,0,0,0,0,0,0,0,0,0,0,0,0,0,0,0,0,0,0,0,0,0,0,0,0,0,0,0,0,0,0,0,0,0,0,0,0,0,0,0,0,0,0,0,0,0,0,0,0,0,0,0,0,0,0,0,0,0,0,0
12.301583539,8.350172177758177,-0.12154141001830782,-1.4089408453256025,2.9371063123146968,0.0663702302071828,0.7693816308218526,2.9371063123150982,0.06637023020718023,0.769381630821926,1.0703166365992525,0.06637023020718023,0.769381630821926,0.9390175041450375,0.06335882747439867,0.7344726371624483,-3.73,-1.34,-1.0,0.0,0.0,0.0,-3.73,0.66,-1.0,0.0,0.0,0.0,-3.73,2.66,-1.0,0.0,0.0,0.0,-3.73,4.66,-1.0,0.0,0.0,0.0,-3.73,-1.34,1.0,0.0,0.0,0.0,-3.73,0.66,1.0,0.0,0.0,0.0,-3.73,2.66,1.0,0.0,0.0,0.0,-3.73,4.66,1.0,0.0,0.0,0.0,3.77,-5.06,-1.0,0.0,0.0,0.0,3.77,-3.06,-1.0,0.0,0.0,0.0,3.77,-1.06,-1.0,0.0,0.0,0.0,3.77,0.94,-1.0,0.0,0.0,0.0,3.77,-5.06,1.0,0.0,0.0,0.0,3.77,-3.06,1.0,0.0,0.0,0.0,3.77,-1.06,1.0,0.0,0.0,0.0,3.77,0.94,1.0,0.0,0.0,0.0,7.47,3.9859999999994553,-0.7860000000000367,0.0,1.0599999999998388,-0.260000000000038,0.02,6.454000000000423,-8.892000000000806,0.0,1.2400000000001299,-1.4199999999995327,0.02,8.454000000000397,-8.892000000000806,0.0,1.2400000000001299,-1.4199999999995327,0,0,0,0,0,0,0,0,0,0,0,0,0,0,0,0,0,0,0,0,0,0,0,0,0,0,0,0,0,0,0,0,0,0,0,0,0,0,0,0,0,0,0,0,0,0,0,0,0,0,0,0,0,0,0,0,0,0,0,0,0,0,0,0,0,0,0,0,0,0,0,0,0,0,0,0,0,0,0,0,0,0,0,0,0,0,0,0,0,0,0,0,0,0,0,0,0,0,0,0,0,0,0,0,0,0,0,0,0,0,0,0,0,0,0,0,0,0,0,0,0,0,0,0,0,0,0,0,0,0,0,0,0,0,0,0,0,0,0,0,0,0,0,0,0,0,0,0,0,0,0,0,0,0,0,0,0,0,0,0,0,0,0,0,0,0,0,0,0,0,0,0,0,0,0,0,0,0,0,0,0,0,0,0,0,0
12.401341374,8.523624556497042,-0.11767362950972282,-1.3641044892353456,2.864106312314263,0.06335882747439403,0.734472637162531,2.8641063123150983,0.06335882747439867,0.7344726371624483,0.9390175041450375,0.06335882747439867,0.7344726371624483,0.8146340390278102,0.06053840920342877,0.7017775869549248,-3.73,-1.34,-1.0,0.0,0.0,0.0,-3.73,0.66,-1.0,0.0,0.0,0.0,-3.73,2.66,-1.0,0.0,0.0,0.0,-3.73,4.66,-1.0,0.0,0.0,0.0,-3.73,-1.34,1.0,0.0,0.0,0.0,-3.73,0.66,1.0,0.0,0.0,0.0,-3.73,2.66,1.0,0.0,0.0,0.0,-3.73,4.66,1.0,0.0,0.0,0.0,3.77,-5.06,-1.0,0.0,0.0,0.0,3.77,-3.06,-1.0,0.0,0.0,0.0,3.77,-1.06,-1.0,0.0,0.0,0.0,3.77,0.94,-1.0,0.0,0.0,0.0,3.77,-5.06,1.0,0.0,0.0,0.0,3.77,-3.06,1.0,0.0,0.0,0.0,3.77,-1.06,1.0,0.0,0.0,0.0,3.77,0.94,1.0,0.0,0.0,0.0,7.47,4.049599999999446,-0.801600000000039,0.0,1.0599999999998388,-0.260000000000038,0.02,6.528400000000431,-8.977200000000778,0.0,1.2400000000001299,-1.4199999999995327,0.02,8.528400000000405,-8.977200000000778,0.0,1.2400000000001299,-1.4199999999995327,0,0,0,0,0,0,0,0,0,0,0,0,0,0,0,0,0,0,0,0,0,0,0,0,0,0,0,0,0,0,0,0,0,0,0,0,0,0,0,0,0,0,0,0,0,0,0,0,0,0,0,0,0,0,0,0,0,0,0,0,0,0,0,0,0,0,0,0,0,0,0,0,0,0,0,0,0,0,0,0,0,0,0,0,0,0,0,0,0,0,0,0,0,0,0,0,0,0,0,0,0,0,0,0,0,0,0,0,0,0,0,0,0,0,0,0,0,0,0,0,0,0,0,0,0,0,0,0,0,0,0,0,0,0,0,0,0,0,0,0,0,0,0,0,0,0,0,0,0,0,0,0,0,0,0,0,0,0,0,0,0,0,0,0,0,0,0,0,0,0,0,0,0,0,0,0,0,0,0,0,0,0,0,0,0,0
