time_elapsed,pos_x,pos_y,pos_z,vel_x,vel_y,vel_z,cmd_vel_x,cmd_vel_y,cmd_vel_z,cmd_vel_unfiltered_x,cmd_vel_unfiltered_y,cmd_vel_unfiltered_z,desired_vel_x,desired_vel_y,desired_vel_z,obs_1_pos_x,obs_1_pos_y,obs_1_pos_z,obs_1_vel_x,obs_1_vel_y,obs_1_vel_z,obs_2_pos_x,obs_2_pos_y,obs_2_pos_z,obs_2_vel_x,obs_2_vel_y,obs_2_vel_z,obs_3_pos_x,obs_3_pos_y,obs_3_pos_z,obs_3_vel_x,obs_3_vel_y,obs_3_vel_z,obs_4_pos_x,obs_4_pos_y,obs_4_pos_z,obs_4_vel_x,obs_4_vel_y,obs_4_vel_z,obs_5_pos_x,obs_5_pos_y,obs_5_pos_z,obs_5_vel_x,obs_5_vel_y,obs_5_vel_z,obs_6_pos_x,obs_6_pos_y,obs_6_pos_z,obs_6_vel_x,obs_6_vel_y,obs_6_vel_z,obs_7_pos_x,obs_7_pos_y,obs_7_pos_z,obs_7_vel_x,obs_7_vel_y,obs_7_vel_z,obs_8_pos_x,obs_8_pos_y,obs_8_pos_z,obs_8_vel_x,obs_8_vel_y,obs_8_vel_z,obs_9_pos_x,obs_9_pos_y,obs_9_pos_z,obs_9_vel_x,obs_9_vel_y,obs_9_vel_z,obs_10_pos_x,obs_10_pos_y,obs_10_pos_z,obs_10_vel_x,obs_10_vel_y,obs_10_vel_z,obs_11_pos_x,obs_11_pos_y,obs_11_pos_z,obs_11_vel_x,obs_11_vel_y,obs_11_vel_z,obs_12_pos_x,obs_12_pos_y,obs_12_pos_z,obs_12_vel_x,obs_12_vel_y,obs_12_vel_z,obs_13_pos_x,obs_13_pos_y,obs_13_pos_z,obs_13_vel_x,obs_13_vel_y,obs_13_vel_z,obs_14_pos_x,obs_14_pos_y,obs_14_pos_z,obs_14_vel_x,obs_14_vel_y,obs_14_vel_z,obs_15_pos_x,obs_15_pos_y,obs_15_pos_z,obs_15_vel_x,obs_15_vel_y,obs_15_vel_z,obs_16_pos_x,obs_16_pos_y,obs_16_pos_z,obs_16_vel_x,obs_16_vel_y,obs_16_vel_z,obs_17_pos_x,obs_17_pos_y,obs_17_pos_z,obs_17_vel_x,obs_17_vel_y,obs_17_vel_z,obs_18_pos_x,obs_18_pos_y,obs_18_pos_z,obs_18_vel_x,obs_18_vel_y,obs_18_vel_z,obs_19_pos_x,obs_19_pos_y,obs_19_pos_z,obs_19_vel_x,obs_19_vel_y,obs_19_vel_z,obs_20_pos_x,obs_20_pos_y,obs_20_pos_z,obs_20_vel_x,obs_20_vel_y,obs_20_vel_z,obs_21_pos_x,obs_21_pos_y,obs_21_pos_z,obs_21_vel_x,obs_21_vel_y,obs_21_vel_z,obs_22_pos_x,obs_22_pos_y,obs_22_pos_z,obs_22_vel_x,obs_22_vel_y,obs_22_vel_z,obs_23_pos_x,obs_23_pos_y,obs_23_pos_z,obs_23_vel_x,obs_23_vel_y,obs_23_vel_z,obs_24_pos_x,obs_24_pos_y,obs_24_pos_z,obs_24_vel_x,obs_24_vel_y,obs_24_vel_z,obs_25_pos_x,obs_25_pos_y,obs_25_pos_z,obs_25_vel_x,obs_25_vel_y,obs_25_vel_z,obs_26_pos_x,obs_26_pos_y,obs_26_pos_z,obs_26_vel_x,obs_26_vel_y,obs_26_vel_z,obs_27_pos_x,obs_27_pos_y,obs_27_pos_z,obs_27_vel_x,obs_27_vel_y,obs_27_vel_z,obs_28_pos_x,obs_28_pos_y,obs_28_pos_z,obs_28_vel_x,obs_28_vel_y,obs_28_vel_z,obs_29_pos_x,obs_29_pos_y,obs_29_pos_z,obs_29_vel_x,obs_29_vel_y,obs_29_vel_z,obs_30_pos_x,obs_30_pos_y,obs_30_pos_z,obs_30_vel_x,obs_30_vel_y,obs_30_vel_z,obs_31_pos_x,obs_31_pos_y,obs_31_pos_z,obs_31_vel_x,obs_31_vel_y,obs_31_vel_z,obs_32_pos_x,obs_32_pos_y,obs_32_pos_z,obs_32_vel_x,obs_32_vel_y,obs_32_vel_z,obs_33_pos_x,obs_33_pos_y,obs_33_pos_z,obs_33_vel_x,obs_33_vel_y,obs_33_vel_z,obs_34_pos_x,obs_34_pos_y,obs_34_pos_z,obs_34_vel_x,obs_34_vel_y,obs_34_vel_z,obs_35_pos_x,obs_35_pos_y,obs_35_pos_z,obs_35_vel_x,obs_35_vel_y,obs_35_vel_z,obs_36_pos_x,obs_36_pos_y,obs_36_pos_z,obs_36_vel_x,obs_36_vel_y,obs_36_vel_z,obs_37_pos_x,obs_37_pos_y,obs_37_pos_z,obs_37_vel_x,obs_37_vel_y,obs_37_vel_z,obs_38_pos_x,obs_38_pos_y,obs_38_pos_z,obs_38_vel_x,obs_38_vel_y,obs_38_vel_z,obs_39_pos_x,obs_39_pos_y,obs_39_pos_z,obs_39_vel_x,obs_39_vel_y,obs_39_vel_z,obs_40_pos_x,obs_40_pos_y,obs_40_pos_z,obs_40_vel_x,obs_40_vel_y,obs_40_vel_z,obs_41_pos_x,obs_41_pos_y,obs_41_pos_z,obs_41_vel_x,obs_41_vel_y,obs_41_vel_z,obs_42_pos_x,obs_42_pos_y,obs_42_pos_z,obs_42_vel_x,obs_42_vel_y,obs_42_vel_z,obs_43_pos_x,obs_43_pos_y,obs_43_pos_z,obs_43_vel_x,obs_43_vel_y,obs_43_vel_z,obs_44_pos_x,obs_44_pos_y,obs_44_pos_z,obs_44_vel_x,obs_44_vel_y,obs_44_vel_z,obs_45_pos_x,obs_45_pos_y,obs_45_pos_z,obs_45_vel_x,obs_45_vel_y,obs_45_vel_z,obs_46_pos_x,obs_46_pos_y,obs_46_pos_z,obs_46_vel_x,obs_46_vel_y,obs_46_vel_z,obs_47_pos_x,obs_47_pos_y,obs_47_pos_z,obs_47_vel_x,obs_47_vel_y,obs_47_vel_z,obs_48_pos_x,obs_48_pos_y,obs_48_pos_z,obs_48_vel_x,obs_48_vel_y,obs_48_vel_z,obs_49_pos_x,obs_49_pos_y,obs_49_pos_z,obs_49_vel_x,obs_49_vel_y,obs_49_vel_z,obs_50_pos_x,obs_50_pos_y,obs_50_pos_z,obs_50_vel_x,obs_50_vel_y,obs_50_vel_z
3.1019642,-10.0,0.0,0.0,0.0,0.0,0.0,0,0,0,0,0,0,5.0,0.0,0.0,2.55,0.23,-1.0,0.0,0.0,0.0,2.55,2.23,-1.0,0.0,0.0,0.0,2.55,4.23,-1.0,0.0,0.0,0.0,2.55,6.23,-1.0,0.0,0.0,0.0,2.55,0.23,1.0,0.0,0.0,0.0,2.55,2.23,1.0,0.0,0.0,0.0,2.55,4.23,1.0,0.0,0.0,0.0,2.55,6.23,1.0,0.0,0.0,0.0,-1.11,0.68,-1.0,0.0,0.0,0.0,-1.11,2.68,-1.0,0.0,0.0,0.0,-1.11,0.68,1.0,0.0,0.0,0.0,-1.11,2.68,1.0,0.0,0.0,0.0,9.41,0.9312000000000041,-1.4224000000000068,0.0,-1.6099999999999999,0.9699999999999154,9.41,2.931200000000009,-1.4224000000000068,0.0,-1.6099999999998893,0.9699999999999154,5.99,2.0267999999999877,-0.49079999999999857,0.0,-1.040000000000152,0.24000000000001798,-4.5,3.3448000000000024,-1.2991999999999926,0.0,-1.6899999999999693,0.7600000000000939,0,0,0,0,0,0,0,0,0,0,0,0,0,0,0,0,0,0,0,0,0,0,0,0,0,0,0,0,0,0,0,0,0,0,0,0,0,0,0,0,0,0,0,0,0,0,0,0,0,0,0,0,0,0,0,0,0,0,0,0,0,0,0,0,0,0,0,0,0,0,0,0,0,0,0,0,0,0,0,0,0,0,0,0,0,0,0,0,0,0,0,0,0,0,0,0,0,0,0,0,0,0,0,0,0,0,0,0,0,0,0,0,0,0,0,0,0,0,0,0,0,0,0,0,0,0,0,0,0,0,0,0,0,0,0,0,0,0,0,0,0,0,0,0,0,0,0,0,0,0,0,0,0,0,0,0,0,0,0,0,0,0,0,0,0,0,0,0,0,0,0,0,0,0,0,0,0,0,0,0,0,0,0,0,0,0,0,0,0,0,0,0,0,0,0,0,0,0,0,0,0,0,0,0
3.202735493,-10.0,0.0,0.0,0.0,0.0,0.0,0,0,0,0,0,0,5.0,0.0,0.0,2.55,0.23,-1.0,0.0,0.0,0.0,2.55,2.23,-1.0,0.0,0.0,0.0,2.55,4.23,-1.0,0.0,0.0,0.0,2.55,6.23,-1.0,0.0,0.0,0.0,2.55,0.23,1.0,0.0,0.0,0.0,2.55,2.23,1.0,0.0,0.0,0.0,2.55,4.23,1.0,0.0,0.0,0.0,2.55,6.23,1.0,0.0,0.0,0.0,-1.11,0.68,-1.0,0.0,0.0,0.0,-1.11,2.68,-1.0,0.0,0.0,0.0,-1.11,0.68,1.0,0.0,0.0,0.0,-1.11,2.68,1.0,0.0,0.0,0.0,9.41,0.8346000000000041,-1.3642000000000118,0.0,-1.6099999999999999,0.9699999999999154,9.41,2.8346000000000156,-1.3642000000000118,0.0,-1.6099999999998893,0.9699999999999154,5.99,1.9643999999999864,-0.4763999999999975,0.0,-1.0399999999999299,0.24000000000001798,-4.5,3.2434000000000043,-1.253599999999987,0.0,-1.6899999999999693,0.7600000000000939,0,0,0,0,0,0,0,0,0,0,0,0,0,0,0,0,0,0,0,0,0,0,0,0,0,0,0,0,0,0,0,0,0,0,0,0,0,0,0,0,0,0,0,0,0,0,0,0,0,0,0,0,0,0,0,0,0,0,0,0,0,0,0,0,0,0,0,0,0,0,0,0,0,0,0,0,0,0,0,0,0,0,0,0,0,0,0,0,0,0,0,0,0,0,0,0,0,0,0,0,0,0,0,0,0,0,0,0,0,0,0,0,0,0,0,0,0,0,0,0,0,0,0,0,0,0,0,0,0,0,0,0,0,0,0,0,0,0,0,0,0,0,0,0,0,0,0,0,0,0,0,0,0,0,0,0,0,0,0,0,0,0,0,0,0,0,0,0,0,0,0,0,0,0,0,0,0,0,0,0,0,0,0,0,0,0,0,0,0,0,0,0,0,0,0,0,0,0,0,0,0,0,0,0
3.301739624,-10.0,0.0,0.0,0.0,0.0,0.0,0,0,0,0,0,0,5.0,0.0,0.0,2.55,0.23,-1.0,0.0,0.0,0.0,2.55,2.23,-1.0,0.0,0.0,0.0,2.55,4.23,-1.0,0.0,0.0,0.0,2.55,6.23,-1.0,0.0,0.0,0.0,2.55,0.23,1.0,0.0,0.0,0.0,2.55,2.23,1.0,0.0,0.0,0.0,2.55,4.23,1.0,0.0,0.0,0.0,2.55,6.23,1.0,0.0,0.0,0.0,-1.11,0.68,-1.0,0.0,0.0,0.0,-1.11,2.68,-1.0,0.0,0.0,0.0,-1.11,0.68,1.0,0.0,0.0,0.0,-1.11,2.68,1.0,0.0,0.0,0.0,9.41,0.7380000000000041,-1.306000000000017,0.0,-1.6099999999999999,0.9699999999999154,9.41,2.738000000000022,-1.306000000000017,0.0,-1.6099999999998893,0.9699999999999154,5.99,1.9019999999999906,-0.4619999999999964,0.0,-1.0399999999999299,0.24000000000001798,-4.5,3.142000000000006,-1.2079999999999813,0.0,-1.6899999999999693,0.7600000000000939,0,0,0,0,0,0,0,0,0,0,0,0,0,0,0,0,0,0,0,0,0,0,0,0,0,0,0,0,0,0,0,0,0,0,0,0,0,0,0,0,0,0,0,0,0,0,0,0,0,0,0,0,0,0,0,0,0,0,0,0,0,0,0,0,0,0,0,0,0,0,0,0,0,0,0,0,0,0,0,0,0,0,0,0,0,0,0,0,0,0,0,0,0,0,0,0,0,0,0,0,0,0,0,0,0,0,0,0,0,0,0,0,0,0,0,0,0,0,0,0,0,0,0,0,0,0,0,0,0,0,0,0,0,0,0,0,0,0,0,0,0,0,0,0,0,0,0,0,0,0,0,0,0,0,0,0,0,0,0,0,0,0,0,0,0,0,0,0,0,0,0,0,0,0,0,0,0,0,0,0,0,0,0,0,0,0,0,0,0,0,0,0,0,0,0,0,0,0,0,0,0,0,0,0
3.402060453,-10.0,0.0,0.0,0.0,0.0,0.0,0,0,0,0,0,0,5.0,0.0,0.0,2.55,0.23,-1.0,0.0,0.0,0.0,2.55,2.23,-1.0,0.0,0.0,0.0,2.55,4.23,-1.0,0.0,0.0,0.0,2.55,6.23,-1.0,0.0,0.0,0.0,2.55,0.23,1.0,0.0,0.0,0.0,2.55,2.23,1.0,0.0,0.0,0.0,2.55,4.23,1.0,0.0,0.0,0.0,2.55,6.23,1.0,0.0,0.0,0.0,-1.11,0.68,-1.0,0.0,0.0,0.0,-1.11,2.68,-1.0,0.0,0.0,0.0,-1.11,0.68,1.0,0.0,0.0,0.0,-1.11,2.68,1.0,0.0,0.0,0.0,9.41,0.6092000000000041,-1.2284000000000237,0.0,-1.6099999999999999,0.9699999999999154,9.41,2.609200000000031,-1.2284000000000237,0.0,-1.6099999999998893,0.9699999999999154,5.99,1.8187999999999962,-0.442799999999995,0.0,-1.0399999999999299,0.24000000000001798,-4.5,3.0068000000000086,-1.1471999999999738,0.0,-1.6899999999999693,0.7600000000000939,0,0,0,0,0,0,0,0,0,0,0,0,0,0,0,0,0,0,0,0,0,0,0,0,0,0,0,0,0,0,0,0,0,0,0,0,0,0,0,0,0,0,0,0,0,0,0,0,0,0,0,0,0,0,0,0,0,0,0,0,0,0,0,0,0,0,0,0,0,0,0,0,0,0,0,0,0,0,0,0,0,0,0,0,0,0,0,0,0,0,0,0,0,0,0,0,0,0,0,0,0,0,0,0,0,0,0,0,0,0,0,0,0,0,0,0,0,0,0,0,0,0,0,0,0,0,0,0,0,0,0,0,0,0,0,0,0,0,0,0,0,0,0,0,0,0,0,0,0,0,0,0,0,0,0,0,0,0,0,0,0,0,0,0,0,0,0,0,0,0,0,0,0,0,0,0,0,0,0,0,0,0,0,0,0,0,0,0,0,0,0,0,0,0,0,0,0,0,0,0,0,0,0,0
3.501970628,-10.0,0.0,0.0,0.0,0.0,0.0,0,0,0,0,0,0,5.0,0.0,0.0,2.55,0.23,-1.0,0.0,0.0,0.0,2.55,2.23,-1.0,0.0,0.0,0.0,2.55,4.23,-1.0,0.0,0.0,0.0,2.55,6.23,-1.0,0.0,0.0,0.0,2.55,0.23,1.0,0.0,0.0,0.0,2.55,2.23,1.0,0.0,0.0,0.0,2.55,4.23,1.0,0.0,0.0,0.0,2.55,6.23,1.0,0.0,0.0,0.0,-1.11,0.68,-1.0,0.0,0.0,0.0,-1.11,2.68,-1.0,0.0,0.0,0.0,-1.11,0.68,1.0,0.0,0.0,0.0,-1.11,2.68,1.0,0.0,0.0,0.0,9.41,0.48040000000000405,-1.1508000000000305,0.0,-1.6099999999999999,0.9699999999999154,9.41,2.48040000000004,-1.1508000000000305,0.0,-1.6099999999998893,0.9699999999999154,5.99,1.7356000000000018,-0.42359999999999354,0.0,-1.0399999999999299,0.24000000000001798,-4.5,2.871600000000011,-1.0863999999999663,0.0,-1.6899999999999693,0.7600000000000939,0,0,0,0,0,0,0,0,0,0,0,0,0,0,0,0,0,0,0,0,0,0,0,0,0,0,0,0,0,0,0,0,0,0,0,0,0,0,0,0,0,0,0,0,0,0,0,0,0,0,0,0,0,0,0,0,0,0,0,0,0,0,0,0,0,0,0,0,0,0,0,0,0,0,0,0,0,0,0,0,0,0,0,0,0,0,0,0,0,0,0,0,0,0,0,0,0,0,0,0,0,0,0,0,0,0,0,0,0,0,0,0,0,0,0,0,0,0,0,0,0,0,0,0,0,0,0,0,0,0,0,0,0,0,0,0,0,0,0,0,0,0,0,0,0,0,0,0,0,0,0,0,0,0,0,0,0,0,0,0,0,0,0,0,0,0,0,0,0,0,0,0,0,0,0,0,0,0,0,0,0,0,0,0,0,0,0,0,0,0,0,0,0,0,0,0,0,0,0,0,0,0,0,0
3.602101301,-10.0,0.0,0.0,0.0,0.0,0.0,0,0,0,0,0,0,5.0,0.0,0.0,2.55,0.23,-1.0,0.0,0.0,0.0,2.55,2.23,-1.0,0.0,0.0,0.0,2.55,4.23,-1.0,0.0,0.0,0.0,2.55,6.23,-1.0,0.0,0.0,0.0,2.55,0.23,1.0,0.0,0.0,0.0,2.55,2.23,1.0,0.0,0.0,0.0,2.55,4.23,1.0,0.0,0.0,0.0,2.55,6.23,1.0,0.0,0.0,0.0,-1.11,0.68,-1.0,0.0,0.0,0.0,-1.11,2.68,-1.0,0.0,0.0,0.0,-1.11,0.68,1.0,0.0,0.0,0.0,-1.11,2.68,1.0,0.0,0.0,0.0,9.41,0.351600000000004,-1.0732000000000372,0.0,-1.6099999999999999,0.9699999999999154,9.41,2.3516000000000488,-1.0732000000000372,0.0,-1.6099999999998893,0.9699999999999154,5.99,1.6524000000000074,-0.4043999999999921,0.0,-1.0399999999999299,0.24000000000001798,-4.5,2.7364000000000135,-1.0255999999999588,0.0,-1.6899999999999693,0.7600000000000939,0,0,0,0,0,0,0,0,0,0,0,0,0,0,0,0,0,0,0,0,0,0,0,0,0,0,0,0,0,0,0,0,0,0,0,0,0,0,0,0,0,0,0,0,0,0,0,0,0,0,0,0,0,0,0,0,0,0,0,0,0,0,0,0,0,0,0,0,0,0,0,0,0,0,0,0,0,0,0,0,0,0,0,0,0,0,0,0,0,0,0,0,0,0,0,0,0,0,0,0,0,0,0,0,0,0,0,0,0,0,0,0,0,0,0,0,0,0,0,0,0,0,0,0,0,0,0,0,0,0,0,0,0,0,0,0,0,0,0,0,0,0,0,0,0,0,0,0,0,0,0,0,0,0,0,0,0,0,0,0,0,0,0,0,0,0,0,0,0,0,0,0,0,0,0,0,0,0,0,0,0,0,0,0,0,0,0,0,0,0,0,0,0,0,0,0,0,0,0,0,0,0,0,0
3.703495914,-10.0,0.0,0.0,0.0,0.0,0.0,0,0,0,0,0,0,5.0,0.0,0.0,2.55,0.23,-1.0,0.0,0.0,0.0,2.55,2.23,-1.0,0.0,0.0,0.0,2.55,4.23,-1.0,0.0,0.0,0.0,2.55,6.23,-1.0,0.0,0.0,0.0,2.55,0.23,1.0,0.0,0.0,0.0,2.55,2.23,1.0,0.0,0.0,0.0,2.55,4.23,1.0,0.0,0.0,0.0,2.55,6.23,1.0,0.0,0.0,0.0,-1.11,0.68,-1.0,0.0,0.0,0.0,-1.11,2.68,-1.0,0.0,0.0,0.0,-1.11,0.68,1.0,0.0,0.0,0.0,-1.11,2.68,1.0,0.0,0.0,0.0,9.41,0.222800000000004,-0.9956000000000435,0.0,-1.6099999999999999,0.9699999999999708,9.41,2.2228000000000576,-0.9956000000000435,0.0,-1.6099999999998893,0.9699999999999708,5.99,1.569200000000013,-0.38519999999999066,0.0,-1.0399999999999299,0.24000000000001798,-4.5,2.601200000000016,-0.9647999999999565,0.0,-1.6899999999999693,0.7599999999999829,0,0,0,0,0,0,0,0,0,0,0,0,0,0,0,0,0,0,0,0,0,0,0,0,0,0,0,0,0,0,0,0,0,0,0,0,0,0,0,0,0,0,0,0,0,0,0,0,0,0,0,0,0,0,0,0,0,0,0,0,0,0,0,0,0,0,0,0,0,0,0,0,0,0,0,0,0,0,0,0,0,0,0,0,0,0,0,0,0,0,0,0,0,0,0,0,0,0,0,0,0,0,0,0,0,0,0,0,0,0,0,0,0,0,0,0,0,0,0,0,0,0,0,0,0,0,0,0,0,0,0,0,0,0,0,0,0,0,0,0,0,0,0,0,0,0,0,0,0,0,0,0,0,0,0,0,0,0,0,0,0,0,0,0,0,0,0,0,0,0,0,0,0,0,0,0,0,0,0,0,0,0,0,0,0,0,0,0,0,0,0,0,0,0,0,0,0,0,0,0,0,0,0,0
3.801321307,-10.0,0.0,0.0,0.0,0.0,0.0,0,0,0,0,0,0,5.0,0.0,0.0,2.55,0.23,-1.0,0.0,0.0,0.0,2.55,2.23,-1.0,0.0,0.0,0.0,2.55,4.23,-1.0,0.0,0.0,0.0,2.55,6.23,-1.0,0.0,0.0,0.0,2.55,0.23,1.0,0.0,0.0,0.0,2.55,2.23,1.0,0.0,0.0,0.0,2.55,4.23,1.0,0.0,0.0,0.0,2.55,6.23,1.0,0.0,0.0,0.0,-1.11,0.68,-1.0,0.0,0.0,0.0,-1.11,2.68,-1.0,0.0,0.0,0.0,-1.11,0.68,1.0,0.0,0.0,0.0,-1.11,2.68,1.0,0.0,0.0,0.0,9.41,0.09400000000000397,-0.9180000000000413,0.0,-1.6099999999999999,0.9700000000000266,9.41,2.0940000000000665,-0.9180000000000413,0.0,-1.6099999999998893,0.9700000000000266,5.99,1.4860000000000186,-0.3659999999999892,0.0,-1.0399999999999299,0.24000000000001798,-4.5,2.4660000000000184,-0.9039999999999578,0.0,-1.6899999999999693,0.7599999999999829,0,0,0,0,0,0,0,0,0,0,0,0,0,0,0,0,0,0,0,0,0,0,0,0,0,0,0,0,0,0,0,0,0,0,0,0,0,0,0,0,0,0,0,0,0,0,0,0,0,0,0,0,0,0,0,0,0,0,0,0,0,0,0,0,0,0,0,0,0,0,0,0,0,0,0,0,0,0,0,0,0,0,0,0,0,0,0,0,0,0,0,0,0,0,0,0,0,0,0,0,0,0,0,0,0,0,0,0,0,0,0,0,0,0,0,0,0,0,0,0,0,0,0,0,0,0,0,0,0,0,0,0,0,0,0,0,0,0,0,0,0,0,0,0,0,0,0,0,0,0,0,0,0,0,0,0,0,0,0,0,0,0,0,0,0,0,0,0,0,0,0,0,0,0,0,0,0,0,0,0,0,0,0,0,0,0,0,0,0,0,0,0,0,0,0,0,0,0,0,0,0,0,0,0
3.902997148,-10.0,0.0,0.0,0.0,0.0,0.0,0,0,0,0,0,0,5.0,0.0,0.0,2.55,0.23,-1.0,0.0,0.0,0.0,2.55,2.23,-1.0,0.0,0.0,0.0,2.55,4.23,-1.0,0.0,0.0,0.0,2.55,6.23,-1.0,0.0,0.0,0.0,2.55,0.23,1.0,0.0,0.0,0.0,2.55,2.23,1.0,0.0,0.0,0.0,2.55,4.23,1.0,0.0,0.0,0.0,2.55,6.23,1.0,0.0,0.0,0.0,-1.11,0.68,-1.0,0.0,0.0,0.0,-1.11,2.68,-1.0,0.0,0.0,0.0,-1.11,0.68,1.0,0.0,0.0,0.0,-1.11,2.68,1.0,0.0,0.0,0.0,9.41,-0.03479999999999605,-0.8404000000000392,0.0,-1.6099999999999994,0.9700000000000266,9.41,1.9652000000000753,-0.8404000000000392,0.0,-1.6099999999998893,0.9700000000000266,5.99,1.4028000000000242,-0.3467999999999878,0.0,-1.0399999999999299,0.24000000000001798,-4.5,2.330800000000021,-0.8431999999999592,0.0,-1.6899999999999693,0.7599999999999829,0,0,0,0,0,0,0,0,0,0,0,0,0,0,0,0,0,0,0,0,0,0,0,0,0,0,0,0,0,0,0,0,0,0,0,0,0,0,0,0,0,0,0,0,0,0,0,0,0,0,0,0,0,0,0,0,0,0,0,0,0,0,0,0,0,0,0,0,0,0,0,0,0,0,0,0,0,0,0,0,0,0,0,0,0,0,0,0,0,0,0,0,0,0,0,0,0,0,0,0,0,0,0,0,0,0,0,0,0,0,0,0,0,0,0,0,0,0,0,0,0,0,0,0,0,0,0,0,0,0,0,0,0,0,0,0,0,0,0,0,0,0,0,0,0,0,0,0,0,0,0,0,0,0,0,0,0,0,0,0,0,0,0,0,0,0,0,0,0,0,0,0,0,0,0,0,0,0,0,0,0,0,0,0,0,0,0,0,0,0,0,0,0,0,0,0,0,0,0,0,0,0,0,0
4.001281396,-10.0,0.0,0.0,0.0,0.0,0.0,0,0,0,0,0,0,5.0,0.0,0.0,2.55,0.23,-1.0,0.0,0.0,0.0,2.55,2.23,-1.0,0.0,0.0,0.0,2.55,4.23,-1.0,0.0,0.0,0.0,2.55,6.23,-1.0,0.0,0.0,0.0,2.55,0.23,1.0,0.0,0.0,0.0,2.55,2.23,1.0,0.0,0.0,0.0,2.55,4.23,1.0,0.0,0.0,0.0,2.55,6.23,1.0,0.0,0.0,0.0,-1.11,0.68,-1.0,0.0,0.0,0.0,-1.11,2.68,-1.0,0.0,0.0,0.0,-1.11,0.68,1.0,0.0,0.0,0.0,-1.11,2.68,1.0,0.0,0.0,0.0,9.41,-0.16359999999999605,-0.7628000000000371,0.0,-1.6099999999999999,0.9700000000000266,9.41,1.8364000000000842,-0.7628000000000371,0.0,-1.6099999999998893,0.9700000000000266,5.99,1.3196000000000299,-0.32759999999998635,0.0,-1.0399999999999299,0.24000000000001798,-4.5,2.1956000000000233,-0.7823999999999606,0.0,-1.6899999999999693,0.7599999999999829,0,0,0,0,0,0,0,0,0,0,0,0,0,0,0,0,0,0,0,0,0,0,0,0,0,0,0,0,0,0,0,0,0,0,0,0,0,0,0,0,0,0,0,0,0,0,0,0,0,0,0,0,0,0,0,0,0,0,0,0,0,0,0,0,0,0,0,0,0,0,0,0,0,0,0,0,0,0,0,0,0,0,0,0,0,0,0,0,0,0,0,0,0,0,0,0,0,0,0,0,0,0,0,0,0,0,0,0,0,0,0,0,0,0,0,0,0,0,0,0,0,0,0,0,0,0,0,0,0,0,0,0,0,0,0,0,0,0,0,0,0,0,0,0,0,0,0,0,0,0,0,0,0,0,0,0,0,0,0,0,0,0,0,0,0,0,0,0,0,0,0,0,0,0,0,0,0,0,0,0,0,0,0,0,0,0,0,0,0,0,0,0,0,0,0,0,0,0,0,0,0,0,0,0
4.105324339,-10.0,0.0,0.0,0.0,0.0,0.0,0,0,0,0,0,0,5.0,0.0,0.0,2.55,0.23,-1.0,0.0,0.0,0.0,2.55,2.23,-1.0,0.0,0.0,0.0,2.55,4.23,-1.0,0.0,0.0,0.0,2.55,6.23,-1.0,0.0,0.0,0.0,2.55,0.23,1.0,0.0,0.0,0.0,2.55,2.23,1.0,0.0,0.0,0.0,2.55,4.23,1.0,0.0,0.0,0.0,2.55,6.23,1.0,0.0,0.0,0.0,-1.11,0.68,-1.0,0.0,0.0,0.0,-1.11,2.68,-1.0,0.0,0.0,0.0,-1.11,0.68,1.0,0.0,0.0,0.0,-1.11,2.68,1.0,0.0,0.0,0.0,9.41,-0.29239999999999605,-0.685200000000035,0.0,-1.6099999999999999,0.9700000000000266,9.41,1.7398000000000908,-0.7046000000000355,0.0,-1.6099999999998893,0.9700000000000266,5.99,1.2364000000000355,-0.3083999999999849,0.0,-1.0399999999999299,0.24000000000001798,-4.5,2.094200000000025,-0.7367999999999616,0.0,-1.6899999999999693,0.7599999999999829,0,0,0,0,0,0,0,0,0,0,0,0,0,0,0,0,0,0,0,0,0,0,0,0,0,0,0,0,0,0,0,0,0,0,0,0,0,0,0,0,0,0,0,0,0,0,0,0,0,0,0,0,0,0,0,0,0,0,0,0,0,0,0,0,0,0,0,0,0,0,0,0,0,0,0,0,0,0,0,0,0,0,0,0,0,0,0,0,0,0,0,0,0,0,0,0,0,0,0,0,0,0,0,0,0,0,0,0,0,0,0,0,0,0,0,0,0,0,0,0,0,0,0,0,0,0,0,0,0,0,0,0,0,0,0,0,0,0,0,0,0,0,0,0,0,0,0,0,0,0,0,0,0,0,0,0,0,0,0,0,0,0,0,0,0,0,0,0,0,0,0,0,0,0,0,0,0,0,0,0,0,0,0,0,0,0,0,0,0,0,0,0,0,0,0,0,0,0,0,0,0,0,0,0
4.202568001,-10.0,0.0,0.0,0.0,0.0,0.0,0,0,0,0,0,0,5.0,0.0,0.0,2.55,0.23,-1.0,0.0,0.0,0.0,2.55,2.23,-1.0,0.0,0.0,0.0,2.55,4.23,-1.0,0.0,0.0,0.0,2.55,6.23,-1.0,0.0,0.0,0.0,2.55,0.23,1.0,0.0,0.0,0.0,2.55,2.23,1.0,0.0,0.0,0.0,2.55,4.23,1.0,0.0,0.0,0.0,2.55,6.23,1.0,0.0,0.0,0.0,-1.11,0.68,-1.0,0.0,0.0,0.0,-1.11,2.68,-1.0,0.0,0.0,0.0,-1.11,0.68,1.0,0.0,0.0,0.0,-1.11,2.68,1.0,0.0,0.0,0.0,9.41,-0.38899999999999607,-0.6270000000000334,0.0,-1.6099999999999999,0.9700000000000266,9.41,1.578800000000102,-0.6076000000000329,0.0,-1.6099999999998893,0.9700000000000266,5.99,1.153200000000041,-0.28919999999998347,0.0,-1.0399999999999299,0.24000000000001798,-4.5,1.9590000000000276,-0.675999999999963,0.0,-1.6899999999999693,0.7599999999999829,0,0,0,0,0,0,0,0,0,0,0,0,0,0,0,0,0,0,0,0,0,0,0,0,0,0,0,0,0,0,0,0,0,0,0,0,0,0,0,0,0,0,0,0,0,0,0,0,0,0,0,0,0,0,0,0,0,0,0,0,0,0,0,0,0,0,0,0,0,0,0,0,0,0,0,0,0,0,0,0,0,0,0,0,0,0,0,0,0,0,0,0,0,0,0,0,0,0,0,0,0,0,0,0,0,0,0,0,0,0,0,0,0,0,0,0,0,0,0,0,0,0,0,0,0,0,0,0,0,0,0,0,0,0,0,0,0,0,0,0,0,0,0,0,0,0,0,0,0,0,0,0,0,0,0,0,0,0,0,0,0,0,0,0,0,0,0,0,0,0,0,0,0,0,0,0,0,0,0,0,0,0,0,0,0,0,0,0,0,0,0,0,0,0,0,0,0,0,0,0,0,0,0,0
4.301632208,-10.0,0.0,0.0,0.0,0.0,0.0,0,0,0,0,0,0,5.0,0.0,0.0,2.55,0.23,-1.0,0.0,0.0,0.0,2.55,2.23,-1.0,0.0,0.0,0.0,2.55,4.23,-1.0,0.0,0.0,0.0,2.55,6.23,-1.0,0.0,0.0,0.0,2.55,0.23,1.0,0.0,0.0,0.0,2.55,2.23,1.0,0.0,0.0,0.0,2.55,4.23,1.0,0.0,0.0,0.0,2.55,6.23,1.0,0.0,0.0,0.0,-1.11,0.68,-1.0,0.0,0.0,0.0,-1.11,2.68,-1.0,0.0,0.0,0.0,-1.11,0.68,1.0,0.0,0.0,0.0,-1.11,2.68,1.0,0.0,0.0,0.0,9.41,-0.549999999999996,-0.5300000000000308,0.0,-1.6099999999999999,0.9700000000000266,9.41,1.4500000000001108,-0.5300000000000308,0.0,-1.6099999999998893,0.9700000000000266,5.99,1.0700000000000467,-0.26999999999998203,0.0,-1.0399999999999299,0.24000000000001798,-4.5,1.7900000000000307,-0.5999999999999647,0.0,-1.6899999999999693,0.7599999999999829,0,0,0,0,0,0,0,0,0,0,0,0,0,0,0,0,0,0,0,0,0,0,0,0,0,0,0,0,0,0,0,0,0,0,0,0,0,0,0,0,0,0,0,0,0,0,0,0,0,0,0,0,0,0,0,0,0,0,0,0,0,0,0,0,0,0,0,0,0,0,0,0,0,0,0,0,0,0,0,0,0,0,0,0,0,0,0,0,0,0,0,0,0,0,0,0,0,0,0,0,0,0,0,0,0,0,0,0,0,0,0,0,0,0,0,0,0,0,0,0,0,0,0,0,0,0,0,0,0,0,0,0,0,0,0,0,0,0,0,0,0,0,0,0,0,0,0,0,0,0,0,0,0,0,0,0,0,0,0,0,0,0,0,0,0,0,0,0,0,0,0,0,0,0,0,0,0,0,0,0,0,0,0,0,0,0,0,0,0,0,0,0,0,0,0,0,0,0,0,0,0,0,0,0
4.401585751,-9.998300000000004,0.0017000000000000006,-0.0017000000000000006,0.09999999999976694,0.10000000000000006,-0.10000000000000006,0.1,0.1,-0.1,2.9951116391987957,2.9184615824349835,-2.70477735896081,5.0,0.0,0.0,2.55,0.23,-1.0,0.0,0.0,0.0,2.55,2.23,-1.0,0.0,0.0,0.0,2.55,4.23,-1.0,0.0,0.0,0.0,2.55,6.23,-1.0,0.0,0.0,0.0,2.55,0.23,1.0,0.0,0.0,0.0,2.55,2.23,1.0,0.0,0.0,0.0,2.55,4.23,1.0,0.0,0.0,0.0,2.55,6.23,1.0,0.0,0.0,0.0,-1.11,0.68,-1.0,0.0,0.0,0.0,-1.11,2.68,-1.0,0.0,0.0,0.0,-1.11,0.68,1.0,0.0,0.0,0.0,-1.11,2.68,1.0,0.0,0.0,0.0,9.41,-0.6787999999999961,-0.45240000000002867,0.0,-1.6099999999999999,0.9700000000000266,9.41,1.3212000000001196,-0.45240000000002867,0.0,-1.6099999999998893,0.9700000000000266,5.99,0.9868000000000509,-0.2507999999999806,0.0,-1.0400000000000411,0.24000000000001798,-4.5,1.6548000000000331,-0.539199999999966,0.0,-1.6899999999999693,0.7599999999999829,0,0,0,0,0,0,0,0,0,0,0,0,0,0,0,0,0,0,0,0,0,0,0,0,0,0,0,0,0,0,0,0,0,0,0,0,0,0,0,0,0,0,0,0,0,0,0,0,0,0,0,0,0,0,0,0,0,0,0,0,0,0,0,0,0,0,0,0,0,0,0,0,0,0,0,0,0,0,0,0,0,0,0,0,0,0,0,0,0,0,0,0,0,0,0,0,0,0,0,0,0,0,0,0,0,0,0,0,0,0,0,0,0,0,0,0,0,0,0,0,0,0,0,0,0,0,0,0,0,0,0,0,0,0,0,0,0,0,0,0,0,0,0,0,0,0,0,0,0,0,0,0,0,0,0,0,0,0,0,0,0,0,0,0,0,0,0,0,0,0,0,0,0,0,0,0,0,0,0,0,0,0,0,0,0,0,0,0,0,0,0,0,0,0,0,0,0,0,0,0,0,0,0,0
4.501090025,-9.985296999999989,0.01470300000000001,-0.01470300000000001,0.17700000000075988,0.17700000000000007,-0.17700000000000007,0.177,0.177,-0.177,3.0876027621318562,2.5104182904913004,-2.795458254787176,4.9999994216068595,-0.0017005779998662865,0.0017005779998662865,2.55,0.23,-1.0,0.0,0.0,0.0,2.55,2.23,-1.0,0.0,0.0,0.0,2.55,4.23,-1.0,0.0,0.0,0.0,2.55,6.23,-1.0,0.0,0.0,0.0,2.55,0.23,1.0,0.0,0.0,0.0,2.55,2.23,1.0,0.0,0.0,0.0,2.55,4.23,1.0,0.0,0.0,0.0,2.55,6.23,1.0,0.0,0.0,0.0,-1.11,0.68,-1.0,0.0,0.0,0.0,-1.11,2.68,-1.0,0.0,0.0,0.0,-1.11,0.68,1.0,0.0,0.0,0.0,-1.11,2.68,1.0,0.0,0.0,0.0,9.41,-0.8397999999999961,-0.35540000000002603,0.0,-1.6099999999999999,0.9700000000000266,9.41,1.1602000000001307,-0.35540000000002603,0.0,-1.6099999999998893,0.9700000000000266,5.99,0.8828000000000468,-0.2267999999999815,0.0,-1.0400000000000411,0.23999999999999028,-4.5,1.4858000000000362,-0.46319999999996775,0.0,-1.6899999999999693,0.7599999999999829,0,0,0,0,0,0,0,0,0,0,0,0,0,0,0,0,0,0,0,0,0,0,0,0,0,0,0,0,0,0,0,0,0,0,0,0,0,0,0,0,0,0,0,0,0,0,0,0,0,0,0,0,0,0,0,0,0,0,0,0,0,0,0,0,0,0,0,0,0,0,0,0,0,0,0,0,0,0,0,0,0,0,0,0,0,0,0,0,0,0,0,0,0,0,0,0,0,0,0,0,0,0,0,0,0,0,0,0,0,0,0,0,0,0,0,0,0,0,0,0,0,0,0,0,0,0,0,0,0,0,0,0,0,0,0,0,0,0,0,0,0,0,0,0,0,0,0,0,0,0,0,0,0,0,0,0,0,0,0,0,0,0,0,0,0,0,0,0,0,0,0,0,0,0,0,0,0,0,0,0,0,0,0,0,0,0,0,0,0,0,0,0,0,0,0,0,0,0,0,0,0,0,0,0
4.602334613,-9.968588999999945,0.031411000000000036,-0.031411000000000036,0.268000000000157,0.2680000000000008,-0.2680000000000008,0.268,0.268,-0.268,3.155591507563232,2.7073671791069684,-2.7221293455148543,4.9999940558308325,-0.005451681224513844,0.005451681224513844,2.55,0.23,-1.0,0.0,0.0,0.0,2.55,2.23,-1.0,0.0,0.0,0.0,2.55,4.23,-1.0,0.0,0.0,0.0,2.55,6.23,-1.0,0.0,0.0,0.0,2.55,0.23,1.0,0.0,0.0,0.0,2.55,2.23,1.0,0.0,0.0,0.0,2.55,4.23,1.0,0.0,0.0,0.0,2.55,6.23,1.0,0.0,0.0,0.0,-1.11,0.68,-1.0,0.0,0.0,0.0,-1.11,2.68,-1.0,0.0,0.0,0.0,-1.11,0.68,1.0,0.0,0.0,0.0,-1.11,2.68,1.0,0.0,0.0,0.0,9.41,-0.9685999999999961,-0.2778000000000239,0.0,-1.6099999999999999,0.9700000000000266,9.41,1.0314000000001395,-0.2778000000000239,0.0,-1.6099999999998893,0.9700000000000266,5.99,0.7996000000000435,-0.20759999999998227,0.0,-1.0400000000000411,0.23999999999999028,-4.5,1.3506000000000387,-0.4023999999999691,0.0,-1.6899999999999693,0.7599999999999829,0,0,0,0,0,0,0,0,0,0,0,0,0,0,0,0,0,0,0,0,0,0,0,0,0,0,0,0,0,0,0,0,0,0,0,0,0,0,0,0,0,0,0,0,0,0,0,0,0,0,0,0,0,0,0,0,0,0,0,0,0,0,0,0,0,0,0,0,0,0,0,0,0,0,0,0,0,0,0,0,0,0,0,0,0,0,0,0,0,0,0,0,0,0,0,0,0,0,0,0,0,0,0,0,0,0,0,0,0,0,0,0,0,0,0,0,0,0,0,0,0,0,0,0,0,0,0,0,0,0,0,0,0,0,0,0,0,0,0,0,0,0,0,0,0,0,0,0,0,0,0,0,0,0,0,0,0,0,0,0,0,0,0,0,0,0,0,0,0,0,0,0,0,0,0,0,0,0,0,0,0,0,0,0,0,0,0,0,0,0,0,0,0,0,0,0,0,0,0,0,0,0,0,0
4.703996403,-9.938228999999964,0.061771000000000006,-0.061771000000000006,0.35699999999927456,0.3570000000000032,-0.3570000000000032,0.357,0.357,-0.357,3.2607977943609505,2.441852386579586,-2.859955612907552,4.999974787012998,-0.011227850068512991,0.011227850068512991,2.55,0.23,-1.0,0.0,0.0,0.0,2.55,2.23,-1.0,0.0,0.0,0.0,2.55,4.23,-1.0,0.0,0.0,0.0,2.55,6.23,-1.0,0.0,0.0,0.0,2.55,0.23,1.0,0.0,0.0,0.0,2.55,2.23,1.0,0.0,0.0,0.0,2.55,4.23,1.0,0.0,0.0,0.0,2.55,6.23,1.0,0.0,0.0,0.0,-1.11,0.68,-1.0,0.0,0.0,0.0,-1.11,2.68,-1.0,0.0,0.0,0.0,-1.11,0.68,1.0,0.0,0.0,0.0,-1.11,2.68,1.0,0.0,0.0,0.0,9.41,-1.1295999999999873,-0.18080000000002328,0.0,-1.6099999999998893,0.9699999999999986,9.41,0.8704000000001416,-0.18080000000002328,0.0,-1.6099999999999999,0.9699999999999986,5.99,0.6956000000000394,-0.18359999999998325,0.0,-1.0400000000000411,0.23999999999999028,-4.5,1.1816000000000417,-0.3263999999999708,0.0,-1.6899999999999693,0.7599999999999829,0,0,0,0,0,0,0,0,0,0,0,0,0,0,0,0,0,0,0,0,0,0,0,0,0,0,0,0,0,0,0,0,0,0,0,0,0,0,0,0,0,0,0,0,0,0,0,0,0,0,0,0,0,0,0,0,0,0,0,0,0,0,0,0,0,0,0,0,0,0,0,0,0,0,0,0,0,0,0,0,0,0,0,0,0,0,0,0,0,0,0,0,0,0,0,0,0,0,0,0,0,0,0,0,0,0,0,0,0,0,0,0,0,0,0,0,0,0,0,0,0,0,0,0,0,0,0,0,0,0,0,0,0,0,0,0,0,0,0,0,0,0,0,0,0,0,0,0,0,0,0,0,0,0,0,0,0,0,0,0,0,0,0,0,0,0,0,0,0,0,0,0,0,0,0,0,0,0,0,0,0,0,0,0,0,0,0,0,0,0,0,0,0,0,0,0,0,0,0,0,0,0,0,0
4.801299617,-9.907250999999984,0.09274899999999997,-0.09274899999999997,0.4500000000007276,0.45000000000000606,-0.45000000000000606,0.44999999999999996,0.44999999999999996,-0.44999999999999996,3.33962730947622,2.4216314287302483,-2.740090288698426,4.999928518218755,-0.018905193767997274,0.018905193767997274,2.55,0.23,-1.0,0.0,0.0,0.0,2.55,2.23,-1.0,0.0,0.0,0.0,2.55,4.23,-1.0,0.0,0.0,0.0,2.55,6.23,-1.0,0.0,0.0,0.0,2.55,0.23,1.0,0.0,0.0,0.0,2.55,2.23,1.0,0.0,0.0,0.0,2.55,4.23,1.0,0.0,0.0,0.0,2.55,6.23,1.0,0.0,0.0,0.0,-1.11,0.68,-1.0,0.0,0.0,0.0,-1.11,2.68,-1.0,0.0,0.0,0.0,-1.11,0.68,1.0,0.0,0.0,0.0,-1.11,2.68,1.0,0.0,0.0,0.0,9.41,-1.2583999999999784,-0.10320000000002338,0.0,-1.6099999999998893,0.9699999999999986,9.41,0.7416000000001416,-0.10320000000002338,0.0,-1.6099999999999999,0.9699999999999986,5.99,0.6124000000000361,-0.16439999999998403,0.0,-1.0400000000000411,0.23999999999999028,-4.5,1.0464000000000442,-0.2655999999999722,0.0,-1.6899999999999693,0.7599999999999829,0,0,0,0,0,0,0,0,0,0,0,0,0,0,0,0,0,0,0,0,0,0,0,0,0,0,0,0,0,0,0,0,0,0,0,0,0,0,0,0,0,0,0,0,0,0,0,0,0,0,0,0,0,0,0,0,0,0,0,0,0,0,0,0,0,0,0,0,0,0,0,0,0,0,0,0,0,0,0,0,0,0,0,0,0,0,0,0,0,0,0,0,0,0,0,0,0,0,0,0,0,0,0,0,0,0,0,0,0,0,0,0,0,0,0,0,0,0,0,0,0,0,0,0,0,0,0,0,0,0,0,0,0,0,0,0,0,0,0,0,0,0,0,0,0,0,0,0,0,0,0,0,0,0,0,0,0,0,0,0,0,0,0,0,0,0,0,0,0,0,0,0,0,0,0,0,0,0,0,0,0,0,0,0,0,0,0,0,0,0,0,0,0,0,0,0,0,0,0,0,0,0,0,0
4.904398525,-9.869318999999942,0.13068100000000046,-0.13068100000000046,0.5340000000000344,0.5340000000000068,-0.5340000000000068,0.5339999999999999,0.5339999999999999,-0.5339999999999999,3.4377298545595387,1.908795804606914,-2.935964783846198,4.999839725204777,-0.028308322665065902,0.028308322665065902,2.55,0.23,-1.0,0.0,0.0,0.0,2.55,2.23,-1.0,0.0,0.0,0.0,2.55,4.23,-1.0,0.0,0.0,0.0,2.55,6.23,-1.0,0.0,0.0,0.0,2.55,0.23,1.0,0.0,0.0,0.0,2.55,2.23,1.0,0.0,0.0,0.0,2.55,4.23,1.0,0.0,0.0,0.0,2.55,6.23,1.0,0.0,0.0,0.0,-1.11,0.68,-1.0,0.0,0.0,0.0,-1.11,2.68,-1.0,0.0,0.0,0.0,-1.11,0.68,1.0,0.0,0.0,0.0,-1.11,2.68,1.0,0.0,0.0,0.0,9.41,-1.4193999999999674,-0.006200000000023503,0.0,-1.6099999999998893,0.9700000000000004,9.41,0.5806000000001416,-0.006200000000023503,0.0,-1.6099999999999999,0.9700000000000004,5.99,0.5292000000000329,-0.1451999999999848,0.0,-1.0400000000000411,0.23999999999999028,-4.5,0.9112000000000466,-0.2047999999999719,0.0,-1.6899999999999693,0.7600000000000106,0,0,0,0,0,0,0,0,0,0,0,0,0,0,0,0,0,0,0,0,0,0,0,0,0,0,0,0,0,0,0,0,0,0,0,0,0,0,0,0,0,0,0,0,0,0,0,0,0,0,0,0,0,0,0,0,0,0,0,0,0,0,0,0,0,0,0,0,0,0,0,0,0,0,0,0,0,0,0,0,0,0,0,0,0,0,0,0,0,0,0,0,0,0,0,0,0,0,0,0,0,0,0,0,0,0,0,0,0,0,0,0,0,0,0,0,0,0,0,0,0,0,0,0,0,0,0,0,0,0,0,0,0,0,0,0,0,0,0,0,0,0,0,0,0,0,0,0,0,0,0,0,0,0,0,0,0,0,0,0,0,0,0,0,0,0,0,0,0,0,0,0,0,0,0,0,0,0,0,0,0,0,0,0,0,0,0,0,0,0,0,0,0,0,0,0,0,0,0,0,0,0,0,0
5.001813652,-9.812838999999943,0.1871610000000013,-0.1871610000000013,0.6219999999999004,0.6220000000000114,-0.6220000000000114,0.6219999999999999,0.6219999999999999,-0.6219999999999999,3.511096756361285,2.5629830715661033,-2.337015491622968,4.9996734237272875,-0.04040826694543833,0.04040826694543833,2.55,0.23,-1.0,0.0,0.0,0.0,2.55,2.23,-1.0,0.0,0.0,0.0,2.55,4.23,-1.0,0.0,0.0,0.0,2.55,6.23,-1.0,0.0,0.0,0.0,2.55,0.23,1.0,0.0,0.0,0.0,2.55,2.23,1.0,0.0,0.0,0.0,2.55,4.23,1.0,0.0,0.0,0.0,2.55,6.23,1.0,0.0,0.0,0.0,-1.11,0.68,-1.0,0.0,0.0,0.0,-1.11,2.68,-1.0,0.0,0.0,0.0,-1.11,0.68,1.0,0.0,0.0,0.0,-1.11,2.68,1.0,0.0,0.0,0.0,9.41,-1.5481999999999585,0.07139999999997643,0.0,-1.6099999999998893,0.9699999999999986,9.41,0.45180000000014153,0.07139999999997643,0.0,-1.6099999999999999,0.9699999999999986,5.99,0.4252000000000328,-0.12119999999998557,0.0,-1.0399999999999852,0.24000000000000415,-4.5,0.7422000000000497,-0.12879999999997083,0.0,-1.6899999999999693,0.7600000000000106,0,0,0,0,0,0,0,0,0,0,0,0,0,0,0,0,0,0,0,0,0,0,0,0,0,0,0,0,0,0,0,0,0,0,0,0,0,0,0,0,0,0,0,0,0,0,0,0,0,0,0,0,0,0,0,0,0,0,0,0,0,0,0,0,0,0,0,0,0,0,0,0,0,0,0,0,0,0,0,0,0,0,0,0,0,0,0,0,0,0,0,0,0,0,0,0,0,0,0,0,0,0,0,0,0,0,0,0,0,0,0,0,0,0,0,0,0,0,0,0,0,0,0,0,0,0,0,0,0,0,0,0,0,0,0,0,0,0,0,0,0,0,0,0,0,0,0,0,0,0,0,0,0,0,0,0,0,0,0,0,0,0,0,0,0,0,0,0,0,0,0,0,0,0,0,0,0,0,0,0,0,0,0,0,0,0,0,0,0,0,0,0,0,0,0,0,0,0,0,0,0,0,0,0
5.10119462,-9.761104999999937,0.23889500000000186,-0.23889500000000186,0.716000000000605,0.7159999999999943,-0.7159999999999943,0.7159999999999999,0.7159999999999999,-0.7159999999999999,3.5627607703107538,2.653955196976887,-2.2368011564297374,4.999419093499665,-0.053892149479222384,0.053892149479222384,2.55,0.23,-1.0,0.0,0.0,0.0,2.55,2.23,-1.0,0.0,0.0,0.0,2.55,4.23,-1.0,0.0,0.0,0.0,2.55,6.23,-1.0,0.0,0.0,0.0,2.55,0.23,1.0,0.0,0.0,0.0,2.55,2.23,1.0,0.0,0.0,0.0,2.55,4.23,1.0,0.0,0.0,0.0,2.55,6.23,1.0,0.0,0.0,0.0,-1.11,0.68,-1.0,0.0,0.0,0.0,-1.11,2.68,-1.0,0.0,0.0,0.0,-1.11,0.68,1.0,0.0,0.0,0.0,-1.11,2.68,1.0,0.0,0.0,0.0,9.41,-1.6769999999999496,0.14899999999997632,0.0,-1.6099999999998893,0.9699999999999986,9.41,0.3230000000001415,0.14899999999997632,0.0,-1.6099999999999999,0.9699999999999986,5.99,0.34200000000003394,-0.10199999999998524,0.0,-1.0399999999999852,0.24000000000000415,-4.5,0.6070000000000522,-0.06799999999997103,0.0,-1.6899999999999693,0.7599999999999969,0,0,0,0,0,0,0,0,0,0,0,0,0,0,0,0,0,0,0,0,0,0,0,0,0,0,0,0,0,0,0,0,0,0,0,0,0,0,0,0,0,0,0,0,0,0,0,0,0,0,0,0,0,0,0,0,0,0,0,0,0,0,0,0,0,0,0,0,0,0,0,0,0,0,0,0,0,0,0,0,0,0,0,0,0,0,0,0,0,0,0,0,0,0,0,0,0,0,0,0,0,0,0,0,0,0,0,0,0,0,0,0,0,0,0,0,0,0,0,0,0,0,0,0,0,0,0,0,0,0,0,0,0,0,0,0,0,0,0,0,0,0,0,0,0,0,0,0,0,0,0,0,0,0,0,0,0,0,0,0,0,0,0,0,0,0,0,0,0,0,0,0,0,0,0,0,0,0,0,0,0,0,0,0,0,0,0,0,0,0,0,0,0,0,0,0,0,0,0,0,0,0,0,0
5.201002738,-9.701430999999925,0.29856900000000064,-0.29856900000000064,0.7789999999996411,0.7789999999999742,-0.7789999999999742,0.7789999999999999,0.7789999999999999,-0.7789999999999999,3.688084228750624,0.9776342960418991,-3.2112972359088454,4.999125432045249,-0.06612455927417973,0.06612455927417973,2.55,0.23,-1.0,0.0,0.0,0.0,2.55,2.23,-1.0,0.0,0.0,0.0,2.55,4.23,-1.0,0.0,0.0,0.0,2.55,6.23,-1.0,0.0,0.0,0.0,2.55,0.23,1.0,0.0,0.0,0.0,2.55,2.23,1.0,0.0,0.0,0.0,2.55,4.23,1.0,0.0,0.0,0.0,2.55,6.23,1.0,0.0,0.0,0.0,-1.11,0.68,-1.0,0.0,0.0,0.0,-1.11,2.68,-1.0,0.0,0.0,0.0,-1.11,0.68,1.0,0.0,0.0,0.0,-1.11,2.68,1.0,0.0,0.0,0.0,9.41,-1.8057999999999408,0.2265999999999762,0.0,-1.6099999999998893,0.9699999999999986,9.41,0.19420000000014148,0.2265999999999762,0.0,-1.6099999999999999,0.9699999999999986,5.99,0.2588000000000351,-0.08279999999998491,0.0,-1.0399999999999852,0.24000000000000415,-4.5,0.4718000000000537,-0.007199999999971174,0.0,-1.6900000000000248,0.7600000000000001,0,0,0,0,0,0,0,0,0,0,0,0,0,0,0,0,0,0,0,0,0,0,0,0,0,0,0,0,0,0,0,0,0,0,0,0,0,0,0,0,0,0,0,0,0,0,0,0,0,0,0,0,0,0,0,0,0,0,0,0,0,0,0,0,0,0,0,0,0,0,0,0,0,0,0,0,0,0,0,0,0,0,0,0,0,0,0,0,0,0,0,0,0,0,0,0,0,0,0,0,0,0,0,0,0,0,0,0,0,0,0,0,0,0,0,0,0,0,0,0,0,0,0,0,0,0,0,0,0,0,0,0,0,0,0,0,0,0,0,0,0,0,0,0,0,0,0,0,0,0,0,0,0,0,0,0,0,0,0,0,0,0,0,0,0,0,0,0,0,0,0,0,0,0,0,0,0,0,0,0,0,0,0,0,0,0,0,0,0,0,0,0,0,0,0,0,0,0,0,0,0,0,0,0
5.301137098,-9.636288999999952,0.36371099999999856,-0.36371099999999856,0.8619999999996963,0.8619999999999737,-0.8619999999999737,0.8619999999999999,0.8619999999999999,-0.8619999999999999,3.7722733811075093,2.4128319711135706,-1.8993654758162906,4.998614833868325,-0.08321581169324843,0.08321581169324843,2.55,0.23,-1.0,0.0,0.0,0.0,2.55,2.23,-1.0,0.0,0.0,0.0,2.55,4.23,-1.0,0.0,0.0,0.0,2.55,6.23,-1.0,0.0,0.0,0.0,2.55,0.23,1.0,0.0,0.0,0.0,2.55,2.23,1.0,0.0,0.0,0.0,2.55,4.23,1.0,0.0,0.0,0.0,2.55,6.23,1.0,0.0,0.0,0.0,-1.11,0.68,-1.0,0.0,0.0,0.0,-1.11,2.68,-1.0,0.0,0.0,0.0,-1.11,0.68,1.0,0.0,0.0,0.0,-1.11,2.68,1.0,0.0,0.0,0.0,9.41,-1.934599999999932,0.30419999999997765,0.0,-1.6099999999998893,0.9700000000000266,9.41,0.06540000000014146,0.30419999999997765,0.0,-1.6099999999999999,0.9700000000000266,5.99,0.17560000000003428,-0.06359999999998459,0.0,-1.0400000000000131,0.24000000000000415,-4.5,0.3366000000000517,0.05360000000002874,0.0,-1.6900000000000248,0.7599999999999969,0,0,0,0,0,0,0,0,0,0,0,0,0,0,0,0,0,0,0,0,0,0,0,0,0,0,0,0,0,0,0,0,0,0,0,0,0,0,0,0,0,0,0,0,0,0,0,0,0,0,0,0,0,0,0,0,0,0,0,0,0,0,0,0,0,0,0,0,0,0,0,0,0,0,0,0,0,0,0,0,0,0,0,0,0,0,0,0,0,0,0,0,0,0,0,0,0,0,0,0,0,0,0,0,0,0,0,0,0,0,0,0,0,0,0,0,0,0,0,0,0,0,0,0,0,0,0,0,0,0,0,0,0,0,0,0,0,0,0,0,0,0,0,0,0,0,0,0,0,0,0,0,0,0,0,0,0,0,0,0,0,0,0,0,0,0,0,0,0,0,0,0,0,0,0,0,0,0,0,0,0,0,0,0,0,0,0,0,0,0,0,0,0,0,0,0,0,0,0,0,0,0,0,0
5.404810716,-9.546132999999964,0.4538669999999975,-0.4538669999999975,0.9540000000001214,0.9540000000000106,-0.9540000000000106,0.9539999999999998,0.9539999999999998,-0.9539999999999998,3.8598711940369643,1.567525288482054,-2.7830577139736574,4.997863302397593,-0.10334991666039592,0.10334991666039592,2.55,0.23,-1.0,0.0,0.0,0.0,2.55,2.23,-1.0,0.0,0.0,0.0,2.55,4.23,-1.0,0.0,0.0,0.0,2.55,6.23,-1.0,0.0,0.0,0.0,2.55,0.23,1.0,0.0,0.0,0.0,2.55,2.23,1.0,0.0,0.0,0.0,2.55,4.23,1.0,0.0,0.0,0.0,2.55,6.23,1.0,0.0,0.0,0.0,-1.11,0.68,-1.0,0.0,0.0,0.0,-1.11,2.68,-1.0,0.0,0.0,0.0,-1.11,0.68,1.0,0.0,0.0,0.0,-1.11,2.68,1.0,0.0,0.0,0.0,9.41,-2.095599999999921,0.4011999999999803,0.0,-1.6099999999998893,0.9700000000000266,9.41,-0.06339999999985856,0.38179999999997977,0.0,-1.609999999999999,0.9700000000000266,5.99,0.07160000000003369,-0.03959999999998484,0.0,-1.0399999999999991,0.23999999999999716,-4.5,0.2014000000000505,0.11440000000002849,0.0,-1.6899999999999973,0.7599999999999969,0,0,0,0,0,0,0,0,0,0,0,0,0,0,0,0,0,0,0,0,0,0,0,0,0,0,0,0,0,0,0,0,0,0,0,0,0,0,0,0,0,0,0,0,0,0,0,0,0,0,0,0,0,0,0,0,0,0,0,0,0,0,0,0,0,0,0,0,0,0,0,0,0,0,0,0,0,0,0,0,0,0,0,0,0,0,0,0,0,0,0,0,0,0,0,0,0,0,0,0,0,0,0,0,0,0,0,0,0,0,0,0,0,0,0,0,0,0,0,0,0,0,0,0,0,0,0,0,0,0,0,0,0,0,0,0,0,0,0,0,0,0,0,0,0,0,0,0,0,0,0,0,0,0,0,0,0,0,0,0,0,0,0,0,0,0,0,0,0,0,0,0,0,0,0,0,0,0,0,0,0,0,0,0,0,0,0,0,0,0,0,0,0,0,0,0,0,0,0,0,0,0,0,0
5.501914039,-9.487572999999959,0.5124269999999979,-0.5124269999999979,1.0419999999999874,1.0419999999999874,-1.0419999999999874,1.0419999999999998,1.0419999999999998,-1.0419999999999998,3.9528394765767363,2.257007288815596,-1.948874253726184,4.996984188087975,-0.12277830426985592,0.12277830426985592,2.55,0.23,-1.0,0.0,0.0,0.0,2.55,2.23,-1.0,0.0,0.0,0.0,2.55,4.23,-1.0,0.0,0.0,0.0,2.55,6.23,-1.0,0.0,0.0,0.0,2.55,0.23,1.0,0.0,0.0,0.0,2.55,2.23,1.0,0.0,0.0,0.0,2.55,4.23,1.0,0.0,0.0,0.0,2.55,6.23,1.0,0.0,0.0,0.0,-1.11,0.68,-1.0,0.0,0.0,0.0,-1.11,2.68,-1.0,0.0,0.0,0.0,-1.11,0.68,1.0,0.0,0.0,0.0,-1.11,2.68,1.0,0.0,0.0,0.0,9.41,-2.1921999999999144,0.4593999999999819,0.0,-1.6099999999998893,0.9700000000000266,9.41,-0.19219999999985857,0.4593999999999819,0.0,-1.6099999999999999,0.9700000000000266,5.99,0.009200000000033737,-0.025199999999984922,0.0,-1.0399999999999991,0.2400000000000006,-4.5,0.06620000000005075,0.17520000000002917,0.0,-1.6899999999999973,0.7600000000000106,0,0,0,0,0,0,0,0,0,0,0,0,0,0,0,0,0,0,0,0,0,0,0,0,0,0,0,0,0,0,0,0,0,0,0,0,0,0,0,0,0,0,0,0,0,0,0,0,0,0,0,0,0,0,0,0,0,0,0,0,0,0,0,0,0,0,0,0,0,0,0,0,0,0,0,0,0,0,0,0,0,0,0,0,0,0,0,0,0,0,0,0,0,0,0,0,0,0,0,0,0,0,0,0,0,0,0,0,0,0,0,0,0,0,0,0,0,0,0,0,0,0,0,0,0,0,0,0,0,0,0,0,0,0,0,0,0,0,0,0,0,0,0,0,0,0,0,0,0,0,0,0,0,0,0,0,0,0,0,0,0,0,0,0,0,0,0,0,0,0,0,0,0,0,0,0,0,0,0,0,0,0,0,0,0,0,0,0,0,0,0,0,0,0,0,0,0,0,0,0,0,0,0,0
5.600708784,-9.402787999999946,0.5972119999999977,-0.5972119999999977,1.1170000000007008,1.1170000000000346,-1.1170000000000346,1.1169999999999998,1.1169999999999998,-1.1169999999999998,4.036837528531064,2.07161317560716,-2.073021147873119,4.995818822045135,-0.14455846101068792,0.14455846101068792,2.55,0.23,-1.0,0.0,0.0,0.0,2.55,2.23,-1.0,0.0,0.0,0.0,2.55,4.23,-1.0,0.0,0.0,0.0,2.55,6.23,-1.0,0.0,0.0,0.0,2.55,0.23,1.0,0.0,0.0,0.0,2.55,2.23,1.0,0.0,0.0,0.0,2.55,4.23,1.0,0.0,0.0,0.0,2.55,6.23,1.0,0.0,0.0,0.0,-1.11,0.68,-1.0,0.0,0.0,0.0,-1.11,2.68,-1.0,0.0,0.0,0.0,-1.11,0.68,1.0,0.0,0.0,0.0,-1.11,2.68,1.0,0.0,0.0,0.0,9.41,-2.3209999999999056,0.5369999999999839,0.0,-1.6099999999998893,0.9700000000000266,9.41,-0.32099999999985857,0.5369999999999839,0.0,-1.6099999999999999,0.9700000000000266,5.99,-0.0947999999999662,-0.001199999999984879,0.0,-1.0399999999999991,0.24000000000000007,-4.5,-0.06899999999994914,0.23600000000003002,0.0,-1.6899999999999973,0.7600000000000106,0,0,0,0,0,0,0,0,0,0,0,0,0,0,0,0,0,0,0,0,0,0,0,0,0,0,0,0,0,0,0,0,0,0,0,0,0,0,0,0,0,0,0,0,0,0,0,0,0,0,0,0,0,0,0,0,0,0,0,0,0,0,0,0,0,0,0,0,0,0,0,0,0,0,0,0,0,0,0,0,0,0,0,0,0,0,0,0,0,0,0,0,0,0,0,0,0,0,0,0,0,0,0,0,0,0,0,0,0,0,0,0,0,0,0,0,0,0,0,0,0,0,0,0,0,0,0,0,0,0,0,0,0,0,0,0,0,0,0,0,0,0,0,0,0,0,0,0,0,0,0,0,0,0,0,0,0,0,0,0,0,0,0,0,0,0,0,0,0,0,0,0,0,0,0,0,0,0,0,0,0,0,0,0,0,0,0,0,0,0,0,0,0,0,0,0,0,0,0,0,0,0,0,0
5.70240014,-9.288783999999895,0.7066080000000016,-0.7112160000000008,1.2129999999999086,1.0210000000000499,-1.2130000000000194,1.2129999999999999,1.0209999999999997,-1.2129999999999999,4.0705359732008,0.6450744454108233,-2.758790436568943,4.994150785438633,-0.1709648096871031,0.1709648096871031,2.55,0.23,-1.0,0.0,0.0,0.0,2.55,2.23,-1.0,0.0,0.0,0.0,2.55,4.23,-1.0,0.0,0.0,0.0,2.55,6.23,-1.0,0.0,0.0,0.0,2.55,0.23,1.0,0.0,0.0,0.0,2.55,2.23,1.0,0.0,0.0,0.0,2.55,4.23,1.0,0.0,0.0,0.0,2.55,6.23,1.0,0.0,0.0,0.0,-1.11,0.68,-1.0,0.0,0.0,0.0,-1.11,2.68,-1.0,0.0,0.0,0.0,-1.11,0.68,1.0,0.0,0.0,0.0,-1.11,2.68,1.0,0.0,0.0,0.0,9.41,-2.4819999999998945,0.6339999999999866,0.0,-1.6099999999998893,0.9700000000000266,9.41,-0.4819999999998586,0.6339999999999866,0.0,-1.6099999999999999,0.9700000000000266,5.99,-0.17799999999996685,0.018000000000015146,0.0,-1.0400000000000131,0.2400000000000006,-4.5,-0.23799999999994886,0.3120000000000288,0.0,-1.6899999999999973,0.7599999999999829,0,0,0,0,0,0,0,0,0,0,0,0,0,0,0,0,0,0,0,0,0,0,0,0,0,0,0,0,0,0,0,0,0,0,0,0,0,0,0,0,0,0,0,0,0,0,0,0,0,0,0,0,0,0,0,0,0,0,0,0,0,0,0,0,0,0,0,0,0,0,0,0,0,0,0,0,0,0,0,0,0,0,0,0,0,0,0,0,0,0,0,0,0,0,0,0,0,0,0,0,0,0,0,0,0,0,0,0,0,0,0,0,0,0,0,0,0,0,0,0,0,0,0,0,0,0,0,0,0,0,0,0,0,0,0,0,0,0,0,0,0,0,0,0,0,0,0,0,0,0,0,0,0,0,0,0,0,0,0,0,0,0,0,0,0,0,0,0,0,0,0,0,0,0,0,0,0,0,0,0,0,0,0,0,0,0,0,0,0,0,0,0,0,0,0,0,0,0,0,0,0,0,0,0
5.80157521,-9.189363999999872,0.7906680000000023,-0.8106360000000029,1.2830000000008113,1.0909999999999531,-1.283000000000034,1.283,1.0909999999999997,-1.283,4.205564654470926,2.071910278821746,-1.6985851200196231,4.992440792120142,-0.19283857561542547,0.1958270178739816,2.55,0.23,-1.0,0.0,0.0,0.0,2.55,2.23,-1.0,0.0,0.0,0.0,2.55,4.23,-1.0,0.0,0.0,0.0,2.55,6.23,-1.0,0.0,0.0,0.0,2.55,0.23,1.0,0.0,0.0,0.0,2.55,2.23,1.0,0.0,0.0,0.0,2.55,4.23,1.0,0.0,0.0,0.0,2.55,6.23,1.0,0.0,0.0,0.0,-1.11,0.68,-1.0,0.0,0.0,0.0,-1.11,2.68,-1.0,0.0,0.0,0.0,-1.11,0.68,1.0,0.0,0.0,0.0,-1.11,2.68,1.0,0.0,0.0,0.0,9.41,-2.6107999999998857,0.7115999999999887,0.0,-1.6099999999998893,0.9700000000000266,9.41,-0.6107999999998586,0.7115999999999887,0.0,-1.6099999999999999,0.9700000000000266,5.99,-0.2611999999999676,0.03720000000001511,0.0,-1.0399999999999852,0.23999999999999716,-4.5,-0.3731999999999506,0.37280000000002744,0.0,-1.6900000000000248,0.7599999999999829,0,0,0,0,0,0,0,0,0,0,0,0,0,0,0,0,0,0,0,0,0,0,0,0,0,0,0,0,0,0,0,0,0,0,0,0,0,0,0,0,0,0,0,0,0,0,0,0,0,0,0,0,0,0,0,0,0,0,0,0,0,0,0,0,0,0,0,0,0,0,0,0,0,0,0,0,0,0,0,0,0,0,0,0,0,0,0,0,0,0,0,0,0,0,0,0,0,0,0,0,0,0,0,0,0,0,0,0,0,0,0,0,0,0,0,0,0,0,0,0,0,0,0,0,0,0,0,0,0,0,0,0,0,0,0,0,0,0,0,0,0,0,0,0,0,0,0,0,0,0,0,0,0,0,0,0,0,0,0,0,0,0,0,0,0,0,0,0,0,0,0,0,0,0,0,0,0,0,0,0,0,0,0,0,0,0,0,0,0,0,0,0,0,0,0,0,0,0,0,0,0,0,0,0
5.901194782,-9.084150999999805,0.8753750000000002,-0.9158490000000039,1.3660000000008665,1.008000000000009,-1.3659999999999783,1.3659999999999999,1.0079999999999998,-1.3659999999999999,4.2791853166787135,-0.10074082409024121,-2.292754940243263,4.990263709390322,-0.21694858102433354,0.22405674266457581,2.55,0.23,-1.0,0.0,0.0,0.0,2.55,2.23,-1.0,0.0,0.0,0.0,2.55,4.23,-1.0,0.0,0.0,0.0,2.55,6.23,-1.0,0.0,0.0,0.0,2.55,0.23,1.0,0.0,0.0,0.0,2.55,2.23,1.0,0.0,0.0,0.0,2.55,4.23,1.0,0.0,0.0,0.0,2.55,6.23,1.0,0.0,0.0,0.0,-1.11,0.68,-1.0,0.0,0.0,0.0,-1.11,2.68,-1.0,0.0,0.0,0.0,-1.11,0.68,1.0,0.0,0.0,0.0,-1.11,2.68,1.0,0.0,0.0,0.0,9.41,-2.739599999999877,0.7891999999999908,0.0,-1.6099999999998893,0.9700000000000266,9.41,-0.7395999999998586,0.7891999999999908,0.0,-1.6099999999999999,0.9700000000000266,5.99,-0.34439999999996646,0.05640000000001488,0.0,-1.0399999999999852,0.23999999999999716,-4.5,-0.5083999999999523,0.4336000000000261,0.0,-1.689999999999997,0.7599999999999829,0,0,0,0,0,0,0,0,0,0,0,0,0,0,0,0,0,0,0,0,0,0,0,0,0,0,0,0,0,0,0,0,0,0,0,0,0,0,0,0,0,0,0,0,0,0,0,0,0,0,0,0,0,0,0,0,0,0,0,0,0,0,0,0,0,0,0,0,0,0,0,0,0,0,0,0,0,0,0,0,0,0,0,0,0,0,0,0,0,0,0,0,0,0,0,0,0,0,0,0,0,0,0,0,0,0,0,0,0,0,0,0,0,0,0,0,0,0,0,0,0,0,0,0,0,0,0,0,0,0,0,0,0,0,0,0,0,0,0,0,0,0,0,0,0,0,0,0,0,0,0,0,0,0,0,0,0,0,0,0,0,0,0,0,0,0,0,0,0,0,0,0,0,0,0,0,0,0,0,0,0,0,0,0,0,0,0,0,0,0,0,0,0,0,0,0,0,0,0,0,0,0,0,0
6.002130326,-8.973001999999754,0.9578840000000011,-1.0269980000000023,1.454999999999984,1.0970000000000149,-1.454999999999984,1.4549999999999998,1.0969999999999998,-1.4549999999999998,4.347651134356473,1.2033402105348687,-2.051835747994071,4.987655779852231,-0.24085279678289342,0.2554990254159303,2.55,0.23,-1.0,0.0,0.0,0.0,2.55,2.23,-1.0,0.0,0.0,0.0,2.55,4.23,-1.0,0.0,0.0,0.0,2.55,6.23,-1.0,0.0,0.0,0.0,2.55,0.23,1.0,0.0,0.0,0.0,2.55,2.23,1.0,0.0,0.0,0.0,2.55,4.23,1.0,0.0,0.0,0.0,2.55,6.23,1.0,0.0,0.0,0.0,-1.11,0.68,-1.0,0.0,0.0,0.0,-1.11,2.68,-1.0,0.0,0.0,0.0,-1.11,0.68,1.0,0.0,0.0,0.0,-1.11,2.68,1.0,0.0,0.0,0.0,9.41,-2.868399999999868,0.8667999999999929,0.0,-1.6099999999998893,0.9700000000000266,9.41,-0.8683999999998586,0.8667999999999929,0.0,-1.6099999999999999,0.9700000000000266,5.99,-0.4275999999999653,0.07560000000001503,0.0,-1.0399999999999852,0.24000000000000415,-4.5,-0.6435999999999499,0.4944000000000247,0.0,-1.6899999999999693,0.7599999999999829,0,0,0,0,0,0,0,0,0,0,0,0,0,0,0,0,0,0,0,0,0,0,0,0,0,0,0,0,0,0,0,0,0,0,0,0,0,0,0,0,0,0,0,0,0,0,0,0,0,0,0,0,0,0,0,0,0,0,0,0,0,0,0,0,0,0,0,0,0,0,0,0,0,0,0,0,0,0,0,0,0,0,0,0,0,0,0,0,0,0,0,0,0,0,0,0,0,0,0,0,0,0,0,0,0,0,0,0,0,0,0,0,0,0,0,0,0,0,0,0,0,0,0,0,0,0,0,0,0,0,0,0,0,0,0,0,0,0,0,0,0,0,0,0,0,0,0,0,0,0,0,0,0,0,0,0,0,0,0,0,0,0,0,0,0,0,0,0,0,0,0,0,0,0,0,0,0,0,0,0,0,0,0,0,0,0,0,0,0,0,0,0,0,0,0,0,0,0,0,0,0,0,0,0
6.102096801,-8.885117999999752,1.0231199999999996,-1.1148820000000013,1.5134000000003311,1.0385999999999118,-1.5133999999999759,1.5279999999999998,1.0239999999999998,-1.5279999999999998,4.452045252703713,-1.15405106306874,-1.9198639480559114,4.985257844912081,-0.2606278080662922,0.28156236503679744,2.55,0.23,-1.0,0.0,0.0,0.0,2.55,2.23,-1.0,0.0,0.0,0.0,2.55,4.23,-1.0,0.0,0.0,0.0,2.55,6.23,-1.0,0.0,0.0,0.0,2.55,0.23,1.0,0.0,0.0,0.0,2.55,2.23,1.0,0.0,0.0,0.0,2.55,4.23,1.0,0.0,0.0,0.0,2.55,6.23,1.0,0.0,0.0,0.0,-1.11,0.68,-1.0,0.0,0.0,0.0,-1.11,2.68,-1.0,0.0,0.0,0.0,-1.11,0.68,1.0,0.0,0.0,0.0,-1.11,2.68,1.0,0.0,0.0,0.0,9.41,-2.9649999999998613,0.9249999999999945,0.0,-1.6099999999998893,0.9700000000000266,9.41,-0.9649999999998586,0.9249999999999945,0.0,-1.6099999999999999,0.9700000000000266,5.99,-0.4899999999999644,0.09000000000001528,0.0,-1.0399999999999852,0.24000000000000415,-4.5,-0.744999999999948,0.5400000000000237,0.0,-1.6899999999999693,0.7599999999999829,0,0,0,0,0,0,0,0,0,0,0,0,0,0,0,0,0,0,0,0,0,0,0,0,0,0,0,0,0,0,0,0,0,0,0,0,0,0,0,0,0,0,0,0,0,0,0,0,0,0,0,0,0,0,0,0,0,0,0,0,0,0,0,0,0,0,0,0,0,0,0,0,0,0,0,0,0,0,0,0,0,0,0,0,0,0,0,0,0,0,0,0,0,0,0,0,0,0,0,0,0,0,0,0,0,0,0,0,0,0,0,0,0,0,0,0,0,0,0,0,0,0,0,0,0,0,0,0,0,0,0,0,0,0,0,0,0,0,0,0,0,0,0,0,0,0,0,0,0,0,0,0,0,0,0,0,0,0,0,0,0,0,0,0,0,0,0,0,0,0,0,0,0,0,0,0,0,0,0,0,0,0,0,0,0,0,0,0,0,0,0,0,0,0,0,0,0,0,0,0,0,0,0,0
6.202478469,-8.792506999999748,1.083628999999995,-1.207492999999999,1.5769999999992734,0.9749999999999481,-1.5769999999999396,1.5769999999999997,0.9749999999999998,-1.5769999999999997,4.512652259356822,-0.7361982264193683,-1.6521065292883303,4.982861579906327,-0.2781467490626636,0.30614516406321646,2.55,0.23,-1.0,0.0,0.0,0.0,2.55,2.23,-1.0,0.0,0.0,0.0,2.55,4.23,-1.0,0.0,0.0,0.0,2.55,6.23,-1.0,0.0,0.0,0.0,2.55,0.23,1.0,0.0,0.0,0.0,2.55,2.23,1.0,0.0,0.0,0.0,2.55,4.23,1.0,0.0,0.0,0.0,2.55,6.23,1.0,0.0,0.0,0.0,-1.11,0.68,-1.0,0.0,0.0,0.0,-1.11,2.68,-1.0,0.0,0.0,0.0,-1.11,0.68,1.0,0.0,0.0,0.0,-1.11,2.68,1.0,0.0,0.0,0.0,9.41,-3.0615999999998547,0.9831999999999961,0.0,-1.6099999999998893,0.9700000000000266,9.41,-1.0615999999998544,0.9831999999999961,0.0,-1.6099999999998893,0.9700000000000266,5.99,-0.5523999999999664,0.10440000000001552,0.0,-1.0400000000000411,0.24000000000000415,-4.5,-0.8463999999999462,0.5856000000000227,0.0,-1.6899999999999693,0.7599999999999829,0,0,0,0,0,0,0,0,0,0,0,0,0,0,0,0,0,0,0,0,0,0,0,0,0,0,0,0,0,0,0,0,0,0,0,0,0,0,0,0,0,0,0,0,0,0,0,0,0,0,0,0,0,0,0,0,0,0,0,0,0,0,0,0,0,0,0,0,0,0,0,0,0,0,0,0,0,0,0,0,0,0,0,0,0,0,0,0,0,0,0,0,0,0,0,0,0,0,0,0,0,0,0,0,0,0,0,0,0,0,0,0,0,0,0,0,0,0,0,0,0,0,0,0,0,0,0,0,0,0,0,0,0,0,0,0,0,0,0,0,0,0,0,0,0,0,0,0,0,0,0,0,0,0,0,0,0,0,0,0,0,0,0,0,0,0,0,0,0,0,0,0,0,0,0,0,0,0,0,0,0,0,0,0,0,0,0,0,0,0,0,0,0,0,0,0,0,0,0,0,0,0,0,0
6.301886408,-8.6316069999998,1.1779289999999956,-1.3619929999999987,1.6569999999997975,0.8950000000000902,-1.4970000000000816,1.6569999999999998,0.8949999999999998,-1.4969999999999997,4.537081919200732,-1.6033167324060358,-1.3495377079821558,4.979069265004367,-0.30185733971466,0.3431492397620411,2.55,0.23,-1.0,0.0,0.0,0.0,2.55,2.23,-1.0,0.0,0.0,0.0,2.55,4.23,-1.0,0.0,0.0,0.0,2.55,6.23,-1.0,0.0,0.0,0.0,2.55,0.23,1.0,0.0,0.0,0.0,2.55,2.23,1.0,0.0,0.0,0.0,2.55,4.23,1.0,0.0,0.0,0.0,2.55,6.23,1.0,0.0,0.0,0.0,-1.11,0.68,-1.0,0.0,0.0,0.0,-1.11,2.68,-1.0,0.0,0.0,0.0,-1.11,0.68,1.0,0.0,0.0,0.0,-1.11,2.68,1.0,0.0,0.0,0.0,9.41,-3.2225999999998436,1.0801999999999896,0.0,-1.6099999999998893,0.9699999999999154,9.41,-1.2225999999998434,1.0801999999999896,0.0,-1.6099999999998893,0.9699999999999154,5.99,-0.6563999999999705,0.12840000000001572,0.0,-1.0400000000000411,0.23999999999999028,-4.5,-1.0153999999999432,0.661600000000021,0.0,-1.6899999999999804,0.7599999999999829,0,0,0,0,0,0,0,0,0,0,0,0,0,0,0,0,0,0,0,0,0,0,0,0,0,0,0,0,0,0,0,0,0,0,0,0,0,0,0,0,0,0,0,0,0,0,0,0,0,0,0,0,0,0,0,0,0,0,0,0,0,0,0,0,0,0,0,0,0,0,0,0,0,0,0,0,0,0,0,0,0,0,0,0,0,0,0,0,0,0,0,0,0,0,0,0,0,0,0,0,0,0,0,0,0,0,0,0,0,0,0,0,0,0,0,0,0,0,0,0,0,0,0,0,0,0,0,0,0,0,0,0,0,0,0,0,0,0,0,0,0,0,0,0,0,0,0,0,0,0,0,0,0,0,0,0,0,0,0,0,0,0,0,0,0,0,0,0,0,0,0,0,0,0,0,0,0,0,0,0,0,0,0,0,0,0,0,0,0,0,0,0,0,0,0,0,0,0,0,0,0,0,0,0
6.40144001,-8.49681599999981,1.2472980000000025,-1.4795220000000049,1.7540000000000333,0.7980000000000764,-1.4000000000000679,1.7539999999999998,0.7979999999999998,-1.3999999999999997,4.614966824710356,-0.9335897381721276,-1.3048975294431822,4.974841934640661,-0.32523585102969277,0.38101097956062957,2.55,0.23,-1.0,0.0,0.0,0.0,2.55,2.23,-1.0,0.0,0.0,0.0,2.55,4.23,-1.0,0.0,0.0,0.0,2.55,6.23,-1.0,0.0,0.0,0.0,2.55,0.23,1.0,0.0,0.0,0.0,2.55,2.23,1.0,0.0,0.0,0.0,2.55,4.23,1.0,0.0,0.0,0.0,2.55,6.23,1.0,0.0,0.0,0.0,-1.11,0.68,-1.0,0.0,0.0,0.0,-1.11,2.68,-1.0,0.0,0.0,0.0,-1.11,0.68,1.0,0.0,0.0,0.0,-1.11,2.68,1.0,0.0,0.0,0.0,9.41,-3.3513999999998347,1.1577999999999828,0.0,-1.6099999999998893,0.9699999999999154,9.41,-1.3513999999998345,1.1577999999999828,0.0,-1.6099999999998893,0.9699999999999154,5.99,-0.7395999999999737,0.14760000000001494,0.0,-1.0400000000000411,0.23999999999999028,-4.5,-1.1505999999999408,0.7224000000000196,0.0,-1.6899999999999693,0.7599999999999829,0,0,0,0,0,0,0,0,0,0,0,0,0,0,0,0,0,0,0,0,0,0,0,0,0,0,0,0,0,0,0,0,0,0,0,0,0,0,0,0,0,0,0,0,0,0,0,0,0,0,0,0,0,0,0,0,0,0,0,0,0,0,0,0,0,0,0,0,0,0,0,0,0,0,0,0,0,0,0,0,0,0,0,0,0,0,0,0,0,0,0,0,0,0,0,0,0,0,0,0,0,0,0,0,0,0,0,0,0,0,0,0,0,0,0,0,0,0,0,0,0,0,0,0,0,0,0,0,0,0,0,0,0,0,0,0,0,0,0,0,0,0,0,0,0,0,0,0,0,0,0,0,0,0,0,0,0,0,0,0,0,0,0,0,0,0,0,0,0,0,0,0,0,0,0,0,0,0,0,0,0,0,0,0,0,0,0,0,0,0,0,0,0,0,0,0,0,0,0,0,0,0,0,0
6.5013237,-8.354655999999796,1.3092980000000067,-1.5896820000000085,1.8340000000005574,0.7179999999999964,-1.3199999999999878,1.8339999999999999,0.7179999999999999,-1.3199999999999996,4.696184734835826,-1.1178543156647665,-1.1616307927972542,4.970541450590477,-0.3465370533557411,0.41668904306861654,2.55,0.23,-1.0,0.0,0.0,0.0,2.55,2.23,-1.0,0.0,0.0,0.0,2.55,4.23,-1.0,0.0,0.0,0.0,2.55,6.23,-1.0,0.0,0.0,0.0,2.55,0.23,1.0,0.0,0.0,0.0,2.55,2.23,1.0,0.0,0.0,0.0,2.55,4.23,1.0,0.0,0.0,0.0,2.55,6.23,1.0,0.0,0.0,0.0,-1.11,0.68,-1.0,0.0,0.0,0.0,-1.11,2.68,-1.0,0.0,0.0,0.0,-1.11,0.68,1.0,0.0,0.0,0.0,-1.11,2.68,1.0,0.0,0.0,0.0,9.41,-3.480199999999826,1.235399999999976,0.0,-1.6099999999998893,0.9699999999999154,9.41,-1.4801999999998257,1.235399999999976,0.0,-1.6099999999998893,0.9699999999999154,5.99,-0.822799999999977,0.16680000000001416,0.0,-1.0400000000000411,0.23999999999999028,-4.5,-1.2857999999999383,0.7832000000000182,0.0,-1.6899999999999693,0.7599999999999829,0,0,0,0,0,0,0,0,0,0,0,0,0,0,0,0,0,0,0,0,0,0,0,0,0,0,0,0,0,0,0,0,0,0,0,0,0,0,0,0,0,0,0,0,0,0,0,0,0,0,0,0,0,0,0,0,0,0,0,0,0,0,0,0,0,0,0,0,0,0,0,0,0,0,0,0,0,0,0,0,0,0,0,0,0,0,0,0,0,0,0,0,0,0,0,0,0,0,0,0,0,0,0,0,0,0,0,0,0,0,0,0,0,0,0,0,0,0,0,0,0,0,0,0,0,0,0,0,0,0,0,0,0,0,0,0,0,0,0,0,0,0,0,0,0,0,0,0,0,0,0,0,0,0,0,0,0,0,0,0,0,0,0,0,0,0,0,0,0,0,0,0,0,0,0,0,0,0,0,0,0,0,0,0,0,0,0,0,0,0,0,0,0,0,0,0,0,0,0,0,0,0,0,0
6.601080154,-8.168175999999745,1.3780180000000033,-1.7186020000000042,1.9220000000004234,0.6299999999999084,-1.2319999999998998,1.922,0.6299999999999999,-1.2319999999999995,4.759793339109736,-0.7461107381109784,-1.1653334596844043,4.96596885659876,-0.36693972429359295,0.4522262199680026,2.55,0.23,-1.0,0.0,0.0,0.0,2.55,2.23,-1.0,0.0,0.0,0.0,2.55,4.23,-1.0,0.0,0.0,0.0,2.55,6.23,-1.0,0.0,0.0,0.0,2.55,0.23,1.0,0.0,0.0,0.0,2.55,2.23,1.0,0.0,0.0,0.0,2.55,4.23,1.0,0.0,0.0,0.0,2.55,6.23,1.0,0.0,0.0,0.0,-1.11,0.68,-1.0,0.0,0.0,0.0,-1.11,2.68,-1.0,0.0,0.0,0.0,-1.11,0.68,1.0,0.0,0.0,0.0,-1.11,2.68,1.0,0.0,0.0,0.0,9.41,-3.641199999999815,1.3323999999999676,0.0,-1.6099999999998893,0.9699999999999154,9.41,-1.6411999999998146,1.3323999999999676,0.0,-1.6099999999998893,0.9699999999999154,5.99,-0.9267999999999811,0.19080000000001318,0.0,-1.0400000000000411,0.23999999999999028,-4.5,-1.4547999999999353,0.8592000000000165,0.0,-1.6899999999999693,0.7599999999999829,0,0,0,0,0,0,0,0,0,0,0,0,0,0,0,0,0,0,0,0,0,0,0,0,0,0,0,0,0,0,0,0,0,0,0,0,0,0,0,0,0,0,0,0,0,0,0,0,0,0,0,0,0,0,0,0,0,0,0,0,0,0,0,0,0,0,0,0,0,0,0,0,0,0,0,0,0,0,0,0,0,0,0,0,0,0,0,0,0,0,0,0,0,0,0,0,0,0,0,0,0,0,0,0,0,0,0,0,0,0,0,0,0,0,0,0,0,0,0,0,0,0,0,0,0,0,0,0,0,0,0,0,0,0,0,0,0,0,0,0,0,0,0,0,0,0,0,0,0,0,0,0,0,0,0,0,0,0,0,0,0,0,0,0,0,0,0,0,0,0,0,0,0,0,0,0,0,0,0,0,0,0,0,0,0,0,0,0,0,0,0,0,0,0,0,0,0,0,0,0,0,0,0,0
6.704133444,-8.012831999999731,1.4268339999999984,-1.8155779999999986,2.0209999999991624,0.5310000000000592,-1.1330000000000506,2.021,0.5309999999999999,-1.1329999999999996,4.783210890475306,-0.9404281343025565,-1.103847434138797,4.961319803424164,-0.3856705906158759,0.4863784572585584,2.55,0.23,-1.0,0.0,0.0,0.0,2.55,2.23,-1.0,0.0,0.0,0.0,2.55,4.23,-1.0,0.0,0.0,0.0,2.55,6.23,-1.0,0.0,0.0,0.0,2.55,0.23,1.0,0.0,0.0,0.0,2.55,2.23,1.0,0.0,0.0,0.0,2.55,4.23,1.0,0.0,0.0,0.0,2.55,6.23,1.0,0.0,0.0,0.0,-1.11,0.68,-1.0,0.0,0.0,0.0,-1.11,2.68,-1.0,0.0,0.0,0.0,-1.11,0.68,1.0,0.0,0.0,0.0,-1.11,2.68,1.0,0.0,0.0,0.0,9.41,-3.8021999999998037,1.4293999999999591,0.0,-1.6099999999998893,0.9699999999999154,9.41,-1.8021999999998035,1.4293999999999591,0.0,-1.6099999999998893,0.9699999999999154,5.99,-1.0099999999999834,0.2100000000000124,0.0,-1.039999999999941,0.23999999999999028,-4.5,-1.6237999999999322,0.9352000000000148,0.0,-1.6899999999999693,0.7599999999999829,0,0,0,0,0,0,0,0,0,0,0,0,0,0,0,0,0,0,0,0,0,0,0,0,0,0,0,0,0,0,0,0,0,0,0,0,0,0,0,0,0,0,0,0,0,0,0,0,0,0,0,0,0,0,0,0,0,0,0,0,0,0,0,0,0,0,0,0,0,0,0,0,0,0,0,0,0,0,0,0,0,0,0,0,0,0,0,0,0,0,0,0,0,0,0,0,0,0,0,0,0,0,0,0,0,0,0,0,0,0,0,0,0,0,0,0,0,0,0,0,0,0,0,0,0,0,0,0,0,0,0,0,0,0,0,0,0,0,0,0,0,0,0,0,0,0,0,0,0,0,0,0,0,0,0,0,0,0,0,0,0,0,0,0,0,0,0,0,0,0,0,0,0,0,0,0,0,0,0,0,0,0,0,0,0,0,0,0,0,0,0,0,0,0,0,0,0,0,0,0,0,0,0,0
6.802083729,-7.808151999999744,1.4773540000000034,-1.9262980000000027,2.106999999999637,0.4450000000000287,-1.0470000000000201,2.1069999999999998,0.44499999999999995,-1.0469999999999995,4.931770508626241,0.2657459926683323,-0.9269480890484258,4.956739591849673,-0.4023882866825656,0.5184749611414268,2.55,0.23,-1.0,0.0,0.0,0.0,2.55,2.23,-1.0,0.0,0.0,0.0,2.55,4.23,-1.0,0.0,0.0,0.0,2.55,6.23,-1.0,0.0,0.0,0.0,2.55,0.23,1.0,0.0,0.0,0.0,2.55,2.23,1.0,0.0,0.0,0.0,2.55,4.23,1.0,0.0,0.0,0.0,2.55,6.23,1.0,0.0,0.0,0.0,-1.11,0.68,-1.0,0.0,0.0,0.0,-1.11,2.68,-1.0,0.0,0.0,0.0,-1.11,0.68,1.0,0.0,0.0,0.0,-1.11,2.68,1.0,0.0,0.0,0.0,9.41,-3.930999999999795,1.5069999999999524,0.0,-1.6099999999998893,0.9699999999999154,9.41,-1.9309999999997947,1.5069999999999524,0.0,-1.6099999999998893,0.9699999999999154,5.99,-1.1139999999999763,0.23400000000001142,0.0,-1.0399999999999299,0.23999999999999028,-4.5,-1.7589999999999297,0.9960000000000134,0.0,-1.6899999999999693,0.7599999999999829,0,0,0,0,0,0,0,0,0,0,0,0,0,0,0,0,0,0,0,0,0,0,0,0,0,0,0,0,0,0,0,0,0,0,0,0,0,0,0,0,0,0,0,0,0,0,0,0,0,0,0,0,0,0,0,0,0,0,0,0,0,0,0,0,0,0,0,0,0,0,0,0,0,0,0,0,0,0,0,0,0,0,0,0,0,0,0,0,0,0,0,0,0,0,0,0,0,0,0,0,0,0,0,0,0,0,0,0,0,0,0,0,0,0,0,0,0,0,0,0,0,0,0,0,0,0,0,0,0,0,0,0,0,0,0,0,0,0,0,0,0,0,0,0,0,0,0,0,0,0,0,0,0,0,0,0,0,0,0,0,0,0,0,0,0,0,0,0,0,0,0,0,0,0,0,0,0,0,0,0,0,0,0,0,0,0,0,0,0,0,0,0,0,0,0,0,0,0,0,0,0,0,0,0
6.905540573,-7.637935999999765,1.511298000000006,-2.008402000000003,2.199000000000062,0.3530000000000477,-0.9549999999998615,2.199,0.353,-0.9549999999999995,4.935205053564973,0.1531036532102843,-0.8500673027096788,4.9517970858222995,-0.41864099212281336,0.5517656572823292,2.55,0.23,-1.0,0.0,0.0,0.0,2.55,2.23,-1.0,0.0,0.0,0.0,2.55,4.23,-1.0,0.0,0.0,0.0,2.55,6.23,-1.0,0.0,0.0,0.0,2.55,0.23,1.0,0.0,0.0,0.0,2.55,2.23,1.0,0.0,0.0,0.0,2.55,4.23,1.0,0.0,0.0,0.0,2.55,6.23,1.0,0.0,0.0,0.0,-1.11,0.68,-1.0,0.0,0.0,0.0,-1.11,2.68,-1.0,0.0,0.0,0.0,-1.11,0.68,1.0,0.0,0.0,0.0,-1.11,2.68,1.0,0.0,0.0,0.0,9.41,-4.09199999999981,1.603999999999944,0.0,-1.6100000000003334,0.9699999999999154,9.41,-2.059799999999786,1.5845999999999456,0.0,-1.6099999999998893,0.9699999999999154,5.99,-1.1971999999999707,0.253200000000011,0.0,-1.0399999999999299,0.24000000000001798,-4.5,-1.9279999999999267,1.0720000000000223,0.0,-1.6899999999999693,0.7600000000000939,0,0,0,0,0,0,0,0,0,0,0,0,0,0,0,0,0,0,0,0,0,0,0,0,0,0,0,0,0,0,0,0,0,0,0,0,0,0,0,0,0,0,0,0,0,0,0,0,0,0,0,0,0,0,0,0,0,0,0,0,0,0,0,0,0,0,0,0,0,0,0,0,0,0,0,0,0,0,0,0,0,0,0,0,0,0,0,0,0,0,0,0,0,0,0,0,0,0,0,0,0,0,0,0,0,0,0,0,0,0,0,0,0,0,0,0,0,0,0,0,0,0,0,0,0,0,0,0,0,0,0,0,0,0,0,0,0,0,0,0,0,0,0,0,0,0,0,0,0,0,0,0,0,0,0,0,0,0,0,0,0,0,0,0,0,0,0,0,0,0,0,0,0,0,0,0,0,0,0,0,0,0,0,0,0,0,0,0,0,0,0,0,0,0,0,0,0,0,0,0,0,0,0,0
7.001981734,-7.415923999999757,1.5444860000000087,-2.1034431995444898,2.295000000000158,0.2569999999999517,-0.9341454338409605,2.295,0.257,-0.9341454338408783,4.94446427304079,-0.34544179988895163,-0.9341454338408783,4.9471013993198465,-0.4324538225204836,0.5823842685332778,2.55,0.23,-1.0,0.0,0.0,0.0,2.55,2.23,-1.0,0.0,0.0,0.0,2.55,4.23,-1.0,0.0,0.0,0.0,2.55,6.23,-1.0,0.0,0.0,0.0,2.55,0.23,1.0,0.0,0.0,0.0,2.55,2.23,1.0,0.0,0.0,0.0,2.55,4.23,1.0,0.0,0.0,0.0,2.55,6.23,1.0,0.0,0.0,0.0,-1.11,0.68,-1.0,0.0,0.0,0.0,-1.11,2.68,-1.0,0.0,0.0,0.0,-1.11,0.68,1.0,0.0,0.0,0.0,-1.11,2.68,1.0,0.0,0.0,0.0,9.41,-4.220799999999836,1.6815999999999371,0.0,-1.6100000000003334,0.9699999999999154,9.41,-2.220799999999775,1.6815999999999371,0.0,-1.6099999999998893,0.9699999999999154,5.99,-1.3011999999999637,0.2772000000000128,0.0,-1.0399999999999299,0.24000000000001798,-4.5,-2.063199999999924,1.1328000000000298,0.0,-1.6899999999999693,0.7600000000000939,0,0,0,0,0,0,0,0,0,0,0,0,0,0,0,0,0,0,0,0,0,0,0,0,0,0,0,0,0,0,0,0,0,0,0,0,0,0,0,0,0,0,0,0,0,0,0,0,0,0,0,0,0,0,0,0,0,0,0,0,0,0,0,0,0,0,0,0,0,0,0,0,0,0,0,0,0,0,0,0,0,0,0,0,0,0,0,0,0,0,0,0,0,0,0,0,0,0,0,0,0,0,0,0,0,0,0,0,0,0,0,0,0,0,0,0,0,0,0,0,0,0,0,0,0,0,0,0,0,0,0,0,0,0,0,0,0,0,0,0,0,0,0,0,0,0,0,0,0,0,0,0,0,0,0,0,0,0,0,0,0,0,0,0,0,0,0,0,0,0,0,0,0,0,0,0,0,0,0,0,0,0,0,0,0,0,0,0,0,0,0,0,0,0,0,0,0,0,0,0,0,0,0,0
7.102295806,-7.230373999999749,1.5630960000000036,-2.1762248342517596,2.3699999999999832,0.18199999999990446,-0.8591454338406912,2.37,0.182,-0.8591454338408784,4.981738371570637,0.04350471823374891,-0.7766057405538911,4.942688666583254,-0.4435851583254151,0.6107871581351975,2.55,0.23,-1.0,0.0,0.0,0.0,2.55,2.23,-1.0,0.0,0.0,0.0,2.55,4.23,-1.0,0.0,0.0,0.0,2.55,6.23,-1.0,0.0,0.0,0.0,2.55,0.23,1.0,0.0,0.0,0.0,2.55,2.23,1.0,0.0,0.0,0.0,2.55,4.23,1.0,0.0,0.0,0.0,2.55,6.23,1.0,0.0,0.0,0.0,-1.11,0.68,-1.0,0.0,0.0,0.0,-1.11,2.68,-1.0,0.0,0.0,0.0,-1.11,0.68,1.0,0.0,0.0,0.0,-1.11,2.68,1.0,0.0,0.0,0.0,9.41,-4.349599999999863,1.7591999999999304,0.0,-1.6100000000003334,0.9699999999999154,9.41,-2.349599999999766,1.7591999999999304,0.0,-1.6099999999998893,0.9699999999999154,5.99,-1.384399999999958,0.29640000000001426,0.0,-1.0399999999999299,0.24000000000001798,-4.5,-2.1983999999999218,1.1936000000000373,0.0,-1.6899999999999693,0.7600000000000939,0,0,0,0,0,0,0,0,0,0,0,0,0,0,0,0,0,0,0,0,0,0,0,0,0,0,0,0,0,0,0,0,0,0,0,0,0,0,0,0,0,0,0,0,0,0,0,0,0,0,0,0,0,0,0,0,0,0,0,0,0,0,0,0,0,0,0,0,0,0,0,0,0,0,0,0,0,0,0,0,0,0,0,0,0,0,0,0,0,0,0,0,0,0,0,0,0,0,0,0,0,0,0,0,0,0,0,0,0,0,0,0,0,0,0,0,0,0,0,0,0,0,0,0,0,0,0,0,0,0,0,0,0,0,0,0,0,0,0,0,0,0,0,0,0,0,0,0,0,0,0,0,0,0,0,0,0,0,0,0,0,0,0,0,0,0,0,0,0,0,0,0,0,0,0,0,0,0,0,0,0,0,0,0,0,0,0,0,0,0,0,0,0,0,0,0,0,0,0,0,0,0,0,0
7.201142282,-7.03917199999975,1.5760539999999958,-2.244858380959876,2.458999999999989,0.09299999999989872,-0.8536961005551902,2.459,0.093,-0.8536961005551538,4.918343905994513,-0.07777923216358706,-0.8536961005551538,4.938147364407875,-0.4534300000783125,0.6396106959866625,2.55,0.23,-1.0,0.0,0.0,0.0,2.55,2.23,-1.0,0.0,0.0,0.0,2.55,4.23,-1.0,0.0,0.0,0.0,2.55,6.23,-1.0,0.0,0.0,0.0,2.55,0.23,1.0,0.0,0.0,0.0,2.55,2.23,1.0,0.0,0.0,0.0,2.55,4.23,1.0,0.0,0.0,0.0,2.55,6.23,1.0,0.0,0.0,0.0,-1.11,0.68,-1.0,0.0,0.0,0.0,-1.11,2.68,-1.0,0.0,0.0,0.0,-1.11,0.68,1.0,0.0,0.0,0.0,-1.11,2.68,1.0,0.0,0.0,0.0,9.41,-4.47839999999989,1.8367999999999236,0.0,-1.6100000000003334,0.9699999999999154,9.41,-2.4783999999997572,1.8367999999999236,0.0,-1.6099999999998893,0.9699999999999154,5.99,-1.4675999999999525,0.3156000000000157,0.0,-1.0399999999999299,0.24000000000001798,-4.5,-2.3335999999999193,1.2544000000000448,0.0,-1.6899999999999693,0.7600000000000939,0,0,0,0,0,0,0,0,0,0,0,0,0,0,0,0,0,0,0,0,0,0,0,0,0,0,0,0,0,0,0,0,0,0,0,0,0,0,0,0,0,0,0,0,0,0,0,0,0,0,0,0,0,0,0,0,0,0,0,0,0,0,0,0,0,0,0,0,0,0,0,0,0,0,0,0,0,0,0,0,0,0,0,0,0,0,0,0,0,0,0,0,0,0,0,0,0,0,0,0,0,0,0,0,0,0,0,0,0,0,0,0,0,0,0,0,0,0,0,0,0,0,0,0,0,0,0,0,0,0,0,0,0,0,0,0,0,0,0,0,0,0,0,0,0,0,0,0,0,0,0,0,0,0,0,0,0,0,0,0,0,0,0,0,0,0,0,0,0,0,0,0,0,0,0,0,0,0,0,0,0,0,0,0,0,0,0,0,0,0,0,0,0,0,0,0,0,0,0,0,0,0,0,0
7.300500967,-6.790269999999737,1.5836160023387322,-2.3332299910153926,2.5380000000003733,0.047263219440596416,-0.9326961005551304,2.5380000000000003,0.04726321944058132,-0.9326961005551537,4.869047704564331,0.04726321944058132,-0.9924355481858935,4.933684881735642,-0.46120707738960437,0.6678633988316074,2.55,0.23,-1.0,0.0,0.0,0.0,2.55,2.23,-1.0,0.0,0.0,0.0,2.55,4.23,-1.0,0.0,0.0,0.0,2.55,6.23,-1.0,0.0,0.0,0.0,2.55,0.23,1.0,0.0,0.0,0.0,2.55,2.23,1.0,0.0,0.0,0.0,2.55,4.23,1.0,0.0,0.0,0.0,2.55,6.23,1.0,0.0,0.0,0.0,-1.11,0.68,-1.0,0.0,0.0,0.0,-1.11,2.68,-1.0,0.0,0.0,0.0,-1.11,0.68,1.0,0.0,0.0,0.0,-1.11,2.68,1.0,0.0,0.0,0.0,9.41,-4.639399999999923,1.9337999999999151,0.0,-1.6100000000003334,0.9699999999999154,9.41,-2.639399999999746,1.9337999999999151,0.0,-1.6099999999998893,0.9699999999999154,5.99,-1.5715999999999455,0.3396000000000175,0.0,-1.0399999999999299,0.24000000000001798,-4.5,-2.5025999999999162,1.3304000000000542,0.0,-1.6899999999999693,0.7600000000000939,0,0,0,0,0,0,0,0,0,0,0,0,0,0,0,0,0,0,0,0,0,0,0,0,0,0,0,0,0,0,0,0,0,0,0,0,0,0,0,0,0,0,0,0,0,0,0,0,0,0,0,0,0,0,0,0,0,0,0,0,0,0,0,0,0,0,0,0,0,0,0,0,0,0,0,0,0,0,0,0,0,0,0,0,0,0,0,0,0,0,0,0,0,0,0,0,0,0,0,0,0,0,0,0,0,0,0,0,0,0,0,0,0,0,0,0,0,0,0,0,0,0,0,0,0,0,0,0,0,0,0,0,0,0,0,0,0,0,0,0,0,0,0,0,0,0,0,0,0,0,0,0,0,0,0,0,0,0,0,0,0,0,0,0,0,0,0,0,0,0,0,0,0,0,0,0,0,0,0,0,0,0,0,0,0,0,0,0,0,0,0,0,0,0,0,0,0,0,0,0,0,0,0,0
7.401370557,-6.585117999999724,1.5852850598939778,-2.405733679059801,2.633999999999581,-0.04873678055949959,-0.8366961005550344,2.6340000000000003,-0.048736780559418685,-0.8366961005551538,4.946661576472467,-0.31828225462230453,-0.6447482277408652,4.9284286725507185,-0.46839690292012526,0.7008531664441562,2.55,0.23,-1.0,0.0,0.0,0.0,2.55,2.23,-1.0,0.0,0.0,0.0,2.55,4.23,-1.0,0.0,0.0,0.0,2.55,6.23,-1.0,0.0,0.0,0.0,2.55,0.23,1.0,0.0,0.0,0.0,2.55,2.23,1.0,0.0,0.0,0.0,2.55,4.23,1.0,0.0,0.0,0.0,2.55,6.23,1.0,0.0,0.0,0.0,-1.11,0.68,-1.0,0.0,0.0,0.0,-1.11,2.68,-1.0,0.0,0.0,0.0,-1.11,0.68,1.0,0.0,0.0,0.0,-1.11,2.68,1.0,0.0,0.0,0.0,9.41,-4.76819999999995,2.011399999999911,0.0,-1.6100000000003334,0.9700000000001374,9.41,-2.7681999999997373,2.011399999999911,0.0,-1.6099999999998893,0.9700000000001374,5.99,-1.6547999999999399,0.35880000000001894,0.0,-1.0399999999999299,0.24000000000001798,-4.5,-2.6377999999999138,1.3912000000000617,0.0,-1.6899999999999693,0.7600000000000939,0,0,0,0,0,0,0,0,0,0,0,0,0,0,0,0,0,0,0,0,0,0,0,0,0,0,0,0,0,0,0,0,0,0,0,0,0,0,0,0,0,0,0,0,0,0,0,0,0,0,0,0,0,0,0,0,0,0,0,0,0,0,0,0,0,0,0,0,0,0,0,0,0,0,0,0,0,0,0,0,0,0,0,0,0,0,0,0,0,0,0,0,0,0,0,0,0,0,0,0,0,0,0,0,0,0,0,0,0,0,0,0,0,0,0,0,0,0,0,0,0,0,0,0,0,0,0,0,0,0,0,0,0,0,0,0,0,0,0,0,0,0,0,0,0,0,0,0,0,0,0,0,0,0,0,0,0,0,0,0,0,0,0,0,0,0,0,0,0,0,0,0,0,0,0,0,0,0,0,0,0,0,0,0,0,0,0,0,0,0,0,0,0,0,0,0,0,0,0,0,0,0,0,0
7.500780095,-6.318991999999746,1.5776853818380332,-2.4866772891153097,2.7280000000002858,-0.14273678055931605,-0.742696100555218,2.728,-0.14273678055941869,-0.7426961005551538,4.827193364779093,-1.0507195181194398,-0.5930645660093545,4.923062123035028,-0.47389766299992414,0.7340846938474141,2.55,0.23,-1.0,0.0,0.0,0.0,2.55,2.23,-1.0,0.0,0.0,0.0,2.55,4.23,-1.0,0.0,0.0,0.0,2.55,6.23,-1.0,0.0,0.0,0.0,2.55,0.23,1.0,0.0,0.0,0.0,2.55,2.23,1.0,0.0,0.0,0.0,2.55,4.23,1.0,0.0,0.0,0.0,2.55,6.23,1.0,0.0,0.0,0.0,-1.11,0.68,-1.0,0.0,0.0,0.0,-1.11,2.68,-1.0,0.0,0.0,0.0,-1.11,0.68,1.0,0.0,0.0,0.0,-1.11,2.68,1.0,0.0,0.0,0.0,9.41,-4.929199999999983,2.1083999999999246,0.0,-1.6100000000003334,0.9700000000001374,9.41,-2.9291999999997262,2.1083999999999246,0.0,-1.6099999999998893,0.9700000000001374,5.99,-1.7587999999999329,0.38280000000002073,0.0,-1.0399999999999299,0.24000000000001798,-4.5,-2.8067999999999107,1.4672000000000711,0.0,-1.6899999999999693,0.7600000000000939,0,0,0,0,0,0,0,0,0,0,0,0,0,0,0,0,0,0,0,0,0,0,0,0,0,0,0,0,0,0,0,0,0,0,0,0,0,0,0,0,0,0,0,0,0,0,0,0,0,0,0,0,0,0,0,0,0,0,0,0,0,0,0,0,0,0,0,0,0,0,0,0,0,0,0,0,0,0,0,0,0,0,0,0,0,0,0,0,0,0,0,0,0,0,0,0,0,0,0,0,0,0,0,0,0,0,0,0,0,0,0,0,0,0,0,0,0,0,0,0,0,0,0,0,0,0,0,0,0,0,0,0,0,0,0,0,0,0,0,0,0,0,0,0,0,0,0,0,0,0,0,0,0,0,0,0,0,0,0,0,0,0,0,0,0,0,0,0,0,0,0,0,0,0,0,0,0,0,0,0,0,0,0,0,0,0,0,0,0,0,0,0,0,0,0,0,0,0,0,0,0,0,0,0
7.604400288,-6.0424519999997415,1.5596717037820966,-2.5572068991708363,2.8129999999997324,-0.2277367805594288,-0.6576961005553272,2.813,-0.2277367805594187,-0.6576961005551538,4.879547509117108,-0.7430962092356737,-0.5336110044749622,4.91789982159516,-0.47714685475558344,0.7658930889824972,2.55,0.23,-1.0,0.0,0.0,0.0,2.55,2.23,-1.0,0.0,0.0,0.0,2.55,4.23,-1.0,0.0,0.0,0.0,2.55,6.23,-1.0,0.0,0.0,0.0,2.55,0.23,1.0,0.0,0.0,0.0,2.55,2.23,1.0,0.0,0.0,0.0,2.55,4.23,1.0,0.0,0.0,0.0,2.55,6.23,1.0,0.0,0.0,0.0,-1.11,0.68,-1.0,0.0,0.0,0.0,-1.11,2.68,-1.0,0.0,0.0,0.0,-1.11,0.68,1.0,0.0,0.0,0.0,-1.11,2.68,1.0,0.0,0.0,0.0,9.41,-5.090200000000016,2.2053999999999383,0.0,-1.6100000000003334,0.9700000000001374,9.41,-3.090199999999715,2.2053999999999383,0.0,-1.6099999999998893,0.9700000000001374,5.99,-1.8627999999999258,0.40680000000002253,0.0,-1.0399999999999299,0.24000000000001798,-4.5,-2.9757999999999076,1.5432000000000805,0.0,-1.6899999999999693,0.7600000000000939,0,0,0,0,0,0,0,0,0,0,0,0,0,0,0,0,0,0,0,0,0,0,0,0,0,0,0,0,0,0,0,0,0,0,0,0,0,0,0,0,0,0,0,0,0,0,0,0,0,0,0,0,0,0,0,0,0,0,0,0,0,0,0,0,0,0,0,0,0,0,0,0,0,0,0,0,0,0,0,0,0,0,0,0,0,0,0,0,0,0,0,0,0,0,0,0,0,0,0,0,0,0,0,0,0,0,0,0,0,0,0,0,0,0,0,0,0,0,0,0,0,0,0,0,0,0,0,0,0,0,0,0,0,0,0,0,0,0,0,0,0,0,0,0,0,0,0,0,0,0,0,0,0,0,0,0,0,0,0,0,0,0,0,0,0,0,0,0,0,0,0,0,0,0,0,0,0,0,0,0,0,0,0,0,0,0,0,0,0,0,0,0,0,0,0,0,0,0,0,0,0,0,0,0
7.70181282,-5.814296999999763,1.5384962133115014,-2.6067075872152623,2.901999999999738,-0.3122095812977399,-0.5686961005553215,2.902,-0.31220958129777276,-0.5686961005551538,4.8978399955509495,-0.31220958129777276,-0.47810310652675003,4.912998999684749,-0.47818522819628473,0.7961028304380807,2.55,0.23,-1.0,0.0,0.0,0.0,2.55,2.23,-1.0,0.0,0.0,0.0,2.55,4.23,-1.0,0.0,0.0,0.0,2.55,6.23,-1.0,0.0,0.0,0.0,2.55,0.23,1.0,0.0,0.0,0.0,2.55,2.23,1.0,0.0,0.0,0.0,2.55,4.23,1.0,0.0,0.0,0.0,2.55,6.23,1.0,0.0,0.0,0.0,-1.11,0.68,-1.0,0.0,0.0,0.0,-1.11,2.68,-1.0,0.0,0.0,0.0,-1.11,0.68,1.0,0.0,0.0,0.0,-1.11,2.68,1.0,0.0,0.0,0.0,9.41,-5.219000000000043,2.2829999999999493,0.0,-1.6100000000003334,0.9700000000001374,9.41,-3.2189999999997063,2.2829999999999493,0.0,-1.6099999999998893,0.9700000000001374,5.99,-1.9459999999999202,0.42600000000002397,0.0,-1.0399999999999299,0.24000000000001798,-4.5,-3.110999999999905,1.604000000000088,0.0,-1.6899999999999693,0.7600000000000939,0,0,0,0,0,0,0,0,0,0,0,0,0,0,0,0,0,0,0,0,0,0,0,0,0,0,0,0,0,0,0,0,0,0,0,0,0,0,0,0,0,0,0,0,0,0,0,0,0,0,0,0,0,0,0,0,0,0,0,0,0,0,0,0,0,0,0,0,0,0,0,0,0,0,0,0,0,0,0,0,0,0,0,0,0,0,0,0,0,0,0,0,0,0,0,0,0,0,0,0,0,0,0,0,0,0,0,0,0,0,0,0,0,0,0,0,0,0,0,0,0,0,0,0,0,0,0,0,0,0,0,0,0,0,0,0,0,0,0,0,0,0,0,0,0,0,0,0,0,0,0,0,0,0,0,0,0,0,0,0,0,0,0,0,0,0,0,0,0,0,0,0,0,0,0,0,0,0,0,0,0,0,0,0,0,0,0,0,0,0,0,0,0,0,0,0,0,0,0,0,0,0,0,0
7.804629955,-5.520283999999766,1.5110882551817233,-2.660643835031404,2.995000000000303,-0.21920958129784118,-0.49715068008238106,2.995,-0.21920958129777277,-0.4971506800825445,4.978970901325022,-0.06351241099649307,-0.4971506800825445,4.908649933732912,-0.4771435691998424,0.8230977113533422,2.55,0.23,-1.0,0.0,0.0,0.0,2.55,2.23,-1.0,0.0,0.0,0.0,2.55,4.23,-1.0,0.0,0.0,0.0,2.55,6.23,-1.0,0.0,0.0,0.0,2.55,0.23,1.0,0.0,0.0,0.0,2.55,2.23,1.0,0.0,0.0,0.0,2.55,4.23,1.0,0.0,0.0,0.0,2.55,6.23,1.0,0.0,0.0,0.0,-1.11,0.68,-1.0,0.0,0.0,0.0,-1.11,2.68,-1.0,0.0,0.0,0.0,-1.11,0.68,1.0,0.0,0.0,0.0,-1.11,2.68,1.0,0.0,0.0,0.0,9.41,-5.380000000000076,2.379999999999963,0.0,-1.6100000000003334,0.9700000000001374,9.41,-3.3799999999996952,2.379999999999963,0.0,-1.6099999999998893,0.9700000000001374,5.99,-2.049999999999924,0.45000000000002577,0.0,-1.040000000000152,0.24000000000001798,-4.5,-3.279999999999902,1.6800000000000974,0.0,-1.6899999999999693,0.7600000000000939,0,0,0,0,0,0,0,0,0,0,0,0,0,0,0,0,0,0,0,0,0,0,0,0,0,0,0,0,0,0,0,0,0,0,0,0,0,0,0,0,0,0,0,0,0,0,0,0,0,0,0,0,0,0,0,0,0,0,0,0,0,0,0,0,0,0,0,0,0,0,0,0,0,0,0,0,0,0,0,0,0,0,0,0,0,0,0,0,0,0,0,0,0,0,0,0,0,0,0,0,0,0,0,0,0,0,0,0,0,0,0,0,0,0,0,0,0,0,0,0,0,0,0,0,0,0,0,0,0,0,0,0,0,0,0,0,0,0,0,0,0,0,0,0,0,0,0,0,0,0,0,0,0,0,0,0,0,0,0,0,0,0,0,0,0,0,0,0,0,0,0,0,0,0,0,0,0,0,0,0,0,0,0,0,0,0,0,0,0,0,0,0,0,0,0,0,0,0,0,0,0,0,0,0
7.900946652,-5.27786299999976,1.490730488677901,-2.703236889438003,3.0859999999997,-0.3102095812976824,-0.5881506800826664,3.0860000000000003,-0.31020958129777276,-0.5881506800825445,4.921460028929116,-0.6280054710150207,-0.6060678638555821,4.903798954410064,-0.47818088579941664,0.8509399833024969,2.55,0.23,-1.0,0.0,0.0,0.0,2.55,2.23,-1.0,0.0,0.0,0.0,2.55,4.23,-1.0,0.0,0.0,0.0,2.55,6.23,-1.0,0.0,0.0,0.0,2.55,0.23,1.0,0.0,0.0,0.0,2.55,2.23,1.0,0.0,0.0,0.0,2.55,4.23,1.0,0.0,0.0,0.0,2.55,6.23,1.0,0.0,0.0,0.0,-1.11,0.68,-1.0,0.0,0.0,0.0,-1.11,2.68,-1.0,0.0,0.0,0.0,-1.11,0.68,1.0,0.0,0.0,0.0,-1.11,2.68,1.0,0.0,0.0,0.0,9.41,-5.508800000000103,2.457599999999974,0.0,-1.6100000000003334,0.9700000000001374,9.41,-3.5087999999996864,2.457599999999974,0.0,-1.6099999999998893,0.9700000000001374,5.99,-2.133199999999936,0.4692000000000272,0.0,-1.040000000000152,0.24000000000001798,-4.5,-3.4151999999998996,1.740800000000105,0.0,-1.6899999999999693,0.7600000000000939,0,0,0,0,0,0,0,0,0,0,0,0,0,0,0,0,0,0,0,0,0,0,0,0,0,0,0,0,0,0,0,0,0,0,0,0,0,0,0,0,0,0,0,0,0,0,0,0,0,0,0,0,0,0,0,0,0,0,0,0,0,0,0,0,0,0,0,0,0,0,0,0,0,0,0,0,0,0,0,0,0,0,0,0,0,0,0,0,0,0,0,0,0,0,0,0,0,0,0,0,0,0,0,0,0,0,0,0,0,0,0,0,0,0,0,0,0,0,0,0,0,0,0,0,0,0,0,0,0,0,0,0,0,0,0,0,0,0,0,0,0,0,0,0,0,0,0,0,0,0,0,0,0,0,0,0,0,0,0,0,0,0,0,0,0,0,0,0,0,0,0,0,0,0,0,0,0,0,0,0,0,0,0,0,0,0,0,0,0,0,0,0,0,0,0,0,0,0,0,0,0,0,0,0
8.002126022,-4.965478999999796,1.455925530548129,-2.7582679574462565,3.173999999999566,-0.3982095812977704,-0.5001506800823563,3.1740000000000004,-0.39820958129777273,-0.5001506800825445,4.8767773276571775,-0.8930887227204765,-0.39034780924511203,4.898137167555527,-0.47778180895869427,0.8831629695810828,2.55,0.23,-1.0,0.0,0.0,0.0,2.55,2.23,-1.0,0.0,0.0,0.0,2.55,4.23,-1.0,0.0,0.0,0.0,2.55,6.23,-1.0,0.0,0.0,0.0,2.55,0.23,1.0,0.0,0.0,0.0,2.55,2.23,1.0,0.0,0.0,0.0,2.55,4.23,1.0,0.0,0.0,0.0,2.55,6.23,1.0,0.0,0.0,0.0,-1.11,0.68,-1.0,0.0,0.0,0.0,-1.11,2.68,-1.0,0.0,0.0,0.0,-1.11,0.68,1.0,0.0,0.0,0.0,-1.11,2.68,1.0,0.0,0.0,0.0,9.41,-5.669800000000136,2.5545999999999878,0.0,-1.6100000000003334,0.9700000000001374,9.41,-3.6697999999996753,2.5545999999999878,0.0,-1.6099999999998893,0.9700000000001374,5.99,-2.2371999999999512,0.493200000000029,0.0,-1.040000000000152,0.24000000000001798,-4.5,-3.5841999999998966,1.8168000000001143,0.0,-1.6899999999999693,0.7600000000000939,0,0,0,0,0,0,0,0,0,0,0,0,0,0,0,0,0,0,0,0,0,0,0,0,0,0,0,0,0,0,0,0,0,0,0,0,0,0,0,0,0,0,0,0,0,0,0,0,0,0,0,0,0,0,0,0,0,0,0,0,0,0,0,0,0,0,0,0,0,0,0,0,0,0,0,0,0,0,0,0,0,0,0,0,0,0,0,0,0,0,0,0,0,0,0,0,0,0,0,0,0,0,0,0,0,0,0,0,0,0,0,0,0,0,0,0,0,0,0,0,0,0,0,0,0,0,0,0,0,0,0,0,0,0,0,0,0,0,0,0,0,0,0,0,0,0,0,0,0,0,0,0,0,0,0,0,0,0,0,0,0,0,0,0,0,0,0,0,0,0,0,0,0,0,0,0,0,0,0,0,0,0,0,0,0,0,0,0,0,0,0,0,0,0,0,0,0,0,0,0,0,0,0,0
8.100608649,-4.708993999999808,1.4215037640443084,-2.795715011852846,3.2690000000004105,-0.49320958129772663,-0.40515068008240007,3.2690000000000006,-0.4932095812977727,-0.4051506800825445,4.874220916220123,-1.2537675818243246,-0.2908273147548135,4.892576448624056,-0.4748869525215221,0.9149743584899229,2.55,0.23,-1.0,0.0,0.0,0.0,2.55,2.23,-1.0,0.0,0.0,0.0,2.55,4.23,-1.0,0.0,0.0,0.0,2.55,6.23,-1.0,0.0,0.0,0.0,2.55,0.23,1.0,0.0,0.0,0.0,2.55,2.23,1.0,0.0,0.0,0.0,2.55,4.23,1.0,0.0,0.0,0.0,2.55,6.23,1.0,0.0,0.0,0.0,-1.11,0.68,-1.0,0.0,0.0,0.0,-1.11,2.68,-1.0,0.0,0.0,0.0,-1.11,0.68,1.0,0.0,0.0,0.0,-1.11,2.68,1.0,0.0,0.0,0.0,9.41,-5.798600000000163,2.6321999999999988,0.0,-1.6100000000003334,0.9700000000001374,9.41,-3.7985999999996665,2.6321999999999988,0.0,-1.6099999999998893,0.9700000000001374,5.99,-2.3203999999999634,0.5124000000000304,0.0,-1.040000000000152,0.24000000000001798,-4.5,-3.719399999999894,1.8776000000001218,0.0,-1.6899999999999693,0.7600000000000939,0,0,0,0,0,0,0,0,0,0,0,0,0,0,0,0,0,0,0,0,0,0,0,0,0,0,0,0,0,0,0,0,0,0,0,0,0,0,0,0,0,0,0,0,0,0,0,0,0,0,0,0,0,0,0,0,0,0,0,0,0,0,0,0,0,0,0,0,0,0,0,0,0,0,0,0,0,0,0,0,0,0,0,0,0,0,0,0,0,0,0,0,0,0,0,0,0,0,0,0,0,0,0,0,0,0,0,0,0,0,0,0,0,0,0,0,0,0,0,0,0,0,0,0,0,0,0,0,0,0,0,0,0,0,0,0,0,0,0,0,0,0,0,0,0,0,0,0,0,0,0,0,0,0,0,0,0,0,0,0,0,0,0,0,0,0,0,0,0,0,0,0,0,0,0,0,0,0,0,0,0,0,0,0,0,0,0,0,0,0,0,0,0,0,0,0,0,0,0,0,0,0,0,0
8.202341198,-4.5118459999997915,1.3921048207418416,-2.8190684761659135,3.3409999999998163,-0.4793787544836725,-0.3368952163769201,3.3410000000000006,-0.4793787544835766,-0.336895216376941,5.017542480608123,-0.4793787544835766,-0.336895216376941,4.888409525568319,-0.4707049673383478,0.9390895293080053,2.55,0.23,-1.0,0.0,0.0,0.0,2.55,2.23,-1.0,0.0,0.0,0.0,2.55,4.23,-1.0,0.0,0.0,0.0,2.55,6.23,-1.0,0.0,0.0,0.0,2.55,0.23,1.0,0.0,0.0,0.0,2.55,2.23,1.0,0.0,0.0,0.0,2.55,4.23,1.0,0.0,0.0,0.0,2.55,6.23,1.0,0.0,0.0,0.0,-1.11,0.68,-1.0,0.0,0.0,0.0,-1.11,2.68,-1.0,0.0,0.0,0.0,-1.11,0.68,1.0,0.0,0.0,0.0,-1.11,2.68,1.0,0.0,0.0,0.0,9.41,-5.895200000000183,2.690400000000007,0.0,-1.6100000000003334,0.9700000000001374,9.41,-3.89519999999966,2.690400000000007,0.0,-1.6099999999998893,0.9700000000001374,5.99,-2.3827999999999725,0.5268000000000315,0.0,-1.040000000000152,0.24000000000001798,-4.5,-3.8207999999998923,1.9232000000001275,0.0,-1.6899999999999693,0.7600000000000939,0,0,0,0,0,0,0,0,0,0,0,0,0,0,0,0,0,0,0,0,0,0,0,0,0,0,0,0,0,0,0,0,0,0,0,0,0,0,0,0,0,0,0,0,0,0,0,0,0,0,0,0,0,0,0,0,0,0,0,0,0,0,0,0,0,0,0,0,0,0,0,0,0,0,0,0,0,0,0,0,0,0,0,0,0,0,0,0,0,0,0,0,0,0,0,0,0,0,0,0,0,0,0,0,0,0,0,0,0,0,0,0,0,0,0,0,0,0,0,0,0,0,0,0,0,0,0,0,0,0,0,0,0,0,0,0,0,0,0,0,0,0,0,0,0,0,0,0,0,0,0,0,0,0,0,0,0,0,0,0,0,0,0,0,0,0,0,0,0,0,0,0,0,0,0,0,0,0,0,0,0,0,0,0,0,0,0,0,0,0,0,0,0,0,0,0,0,0,0,0,0,0,0,0
8.302970444,-4.242959999999797,1.3553605203831476,-2.845445272722384,3.41400000000025,-0.40637875448368277,-0.31076700030041593,3.4140000000000006,-0.4063787544835766,-0.31076700030057536,4.978009682193406,-0.3212959513771727,-0.31076700030057536,4.884204863125852,-0.46627380106604177,0.9628767301462846,2.55,0.23,-1.0,0.0,0.0,0.0,2.55,2.23,-1.0,0.0,0.0,0.0,2.55,4.23,-1.0,0.0,0.0,0.0,2.55,6.23,-1.0,0.0,0.0,0.0,2.55,0.23,1.0,0.0,0.0,0.0,2.55,2.23,1.0,0.0,0.0,0.0,2.55,4.23,1.0,0.0,0.0,0.0,2.55,6.23,1.0,0.0,0.0,0.0,-1.11,0.68,-1.0,0.0,0.0,0.0,-1.11,2.68,-1.0,0.0,0.0,0.0,-1.11,0.68,1.0,0.0,0.0,0.0,-1.11,2.68,1.0,0.0,0.0,0.0,9.41,-6.056200000000216,2.7874000000000207,0.0,-1.6100000000003334,0.9700000000001374,9.41,-4.056199999999664,2.7874000000000207,0.0,-1.6100000000003334,0.9700000000001374,5.99,-2.4659999999999846,0.5460000000000329,0.0,-1.040000000000152,0.24000000000001798,-4.5,-3.95599999999989,1.984000000000135,0.0,-1.6899999999999693,0.7600000000000939,0,0,0,0,0,0,0,0,0,0,0,0,0,0,0,0,0,0,0,0,0,0,0,0,0,0,0,0,0,0,0,0,0,0,0,0,0,0,0,0,0,0,0,0,0,0,0,0,0,0,0,0,0,0,0,0,0,0,0,0,0,0,0,0,0,0,0,0,0,0,0,0,0,0,0,0,0,0,0,0,0,0,0,0,0,0,0,0,0,0,0,0,0,0,0,0,0,0,0,0,0,0,0,0,0,0,0,0,0,0,0,0,0,0,0,0,0,0,0,0,0,0,0,0,0,0,0,0,0,0,0,0,0,0,0,0,0,0,0,0,0,0,0,0,0,0,0,0,0,0,0,0,0,0,0,0,0,0,0,0,0,0,0,0,0,0,0,0,0,0,0,0,0,0,0,0,0,0,0,0,0,0,0,0,0,0,0,0,0,0,0,0,0,0,0,0,0,0,0,0,0,0,0,0
8.402699087,-3.898238999999781,1.3114016449347794,-2.878540132870045,3.495000000000026,-0.4873787544836805,-0.3599904178033242,3.4950000000000006,-0.4873787544835766,-0.3599904178032851,4.906567421079691,-0.8016680020823412,-0.3599904178032851,4.878593440340869,-0.46276185366190403,0.9925610866130318,2.55,0.23,-1.0,0.0,0.0,0.0,2.55,2.23,-1.0,0.0,0.0,0.0,2.55,4.23,-1.0,0.0,0.0,0.0,2.55,6.23,-1.0,0.0,0.0,0.0,2.55,0.23,1.0,0.0,0.0,0.0,2.55,2.23,1.0,0.0,0.0,0.0,2.55,4.23,1.0,0.0,0.0,0.0,2.55,6.23,1.0,0.0,0.0,0.0,-1.11,0.68,-1.0,0.0,0.0,0.0,-1.11,2.68,-1.0,0.0,0.0,0.0,-1.11,0.68,1.0,0.0,0.0,0.0,-1.11,2.68,1.0,0.0,0.0,0.0,9.41,-6.185000000000243,2.8650000000000317,0.0,-1.6100000000003334,0.9700000000001374,9.41,-4.1849999999996905,2.8650000000000317,0.0,-1.6100000000003334,0.9700000000001374,5.99,-2.57,0.5700000000000347,0.0,-1.040000000000152,0.24000000000001798,-4.5,-4.124999999999887,2.0600000000001444,0.0,-1.6899999999999693,0.7600000000000939,0,0,0,0,0,0,0,0,0,0,0,0,0,0,0,0,0,0,0,0,0,0,0,0,0,0,0,0,0,0,0,0,0,0,0,0,0,0,0,0,0,0,0,0,0,0,0,0,0,0,0,0,0,0,0,0,0,0,0,0,0,0,0,0,0,0,0,0,0,0,0,0,0,0,0,0,0,0,0,0,0,0,0,0,0,0,0,0,0,0,0,0,0,0,0,0,0,0,0,0,0,0,0,0,0,0,0,0,0,0,0,0,0,0,0,0,0,0,0,0,0,0,0,0,0,0,0,0,0,0,0,0,0,0,0,0,0,0,0,0,0,0,0,0,0,0,0,0,0,0,0,0,0,0,0,0,0,0,0,0,0,0,0,0,0,0,0,0,0,0,0,0,0,0,0,0,0,0,0,0,0,0,0,0,0,0,0,0,0,0,0,0,0,0,0,0,0,0,0,0,0,0,0,0
8.501566732,-3.6155429999997777,1.275507344576086,-2.9042433662943097,3.5810000000000572,-0.40137875448365,-0.2739904178032937,3.5810000000000004,-0.4013787544835766,-0.27399041780328515,5.025705484246233,0.10346433729815452,-0.21892945617036563,4.872766325833485,-0.4577741931102331,1.0230303621816499,2.55,0.23,-1.0,0.0,0.0,0.0,2.55,2.23,-1.0,0.0,0.0,0.0,2.55,4.23,-1.0,0.0,0.0,0.0,2.55,6.23,-1.0,0.0,0.0,0.0,2.55,0.23,1.0,0.0,0.0,0.0,2.55,2.23,1.0,0.0,0.0,0.0,2.55,4.23,1.0,0.0,0.0,0.0,2.55,6.23,1.0,0.0,0.0,0.0,-1.11,0.68,-1.0,0.0,0.0,0.0,-1.11,2.68,-1.0,0.0,0.0,0.0,-1.11,0.68,1.0,0.0,0.0,0.0,-1.11,2.68,1.0,0.0,0.0,0.0,9.41,-6.31380000000027,2.9426000000000427,0.0,-1.6100000000003334,0.9700000000001374,9.41,-4.313799999999717,2.9426000000000427,0.0,-1.6100000000003334,0.9700000000001374,5.99,-2.653200000000012,0.5892000000000361,0.0,-1.040000000000152,0.24000000000001798,-4.5,-4.260199999999885,2.120800000000152,0.0,-1.6899999999999693,0.7600000000000939,0,0,0,0,0,0,0,0,0,0,0,0,0,0,0,0,0,0,0,0,0,0,0,0,0,0,0,0,0,0,0,0,0,0,0,0,0,0,0,0,0,0,0,0,0,0,0,0,0,0,0,0,0,0,0,0,0,0,0,0,0,0,0,0,0,0,0,0,0,0,0,0,0,0,0,0,0,0,0,0,0,0,0,0,0,0,0,0,0,0,0,0,0,0,0,0,0,0,0,0,0,0,0,0,0,0,0,0,0,0,0,0,0,0,0,0,0,0,0,0,0,0,0,0,0,0,0,0,0,0,0,0,0,0,0,0,0,0,0,0,0,0,0,0,0,0,0,0,0,0,0,0,0,0,0,0,0,0,0,0,0,0,0,0,0,0,0,0,0,0,0,0,0,0,0,0,0,0,0,0,0,0,0,0,0,0,0,0,0,0,0,0,0,0,0,0,0,0,0,0,0,0,0,0
8.601680879,-3.3269239999997704,1.2453255020705287,-2.928301599718576,3.674000000000177,-0.3175327608690992,-0.36699041780341446,3.6740000000000004,-0.317532760869097,-0.3669904178032851,5.03071532399682,-0.317532760869097,-0.4515405373758701,4.866396251425958,-0.45487568175859805,1.0541705925759979,2.55,0.23,-1.0,0.0,0.0,0.0,2.55,2.23,-1.0,0.0,0.0,0.0,2.55,4.23,-1.0,0.0,0.0,0.0,2.55,6.23,-1.0,0.0,0.0,0.0,2.55,0.23,1.0,0.0,0.0,0.0,2.55,2.23,1.0,0.0,0.0,0.0,2.55,4.23,1.0,0.0,0.0,0.0,2.55,6.23,1.0,0.0,0.0,0.0,-1.11,0.68,-1.0,0.0,0.0,0.0,-1.11,2.68,-1.0,0.0,0.0,0.0,-1.11,0.68,1.0,0.0,0.0,0.0,-1.11,2.68,1.0,0.0,0.0,0.0,9.41,-6.442600000000296,3.0202000000000537,0.0,-1.6100000000003334,0.9700000000001374,9.41,-4.4747999999997505,3.0396000000000565,0.0,-1.6100000000003334,0.9700000000001374,5.99,-2.736400000000024,0.6084000000000376,0.0,-1.040000000000152,0.24000000000001798,-4.5,-4.395399999999882,2.1816000000001594,0.0,-1.6899999999999693,0.7600000000000939,0,0,0,0,0,0,0,0,0,0,0,0,0,0,0,0,0,0,0,0,0,0,0,0,0,0,0,0,0,0,0,0,0,0,0,0,0,0,0,0,0,0,0,0,0,0,0,0,0,0,0,0,0,0,0,0,0,0,0,0,0,0,0,0,0,0,0,0,0,0,0,0,0,0,0,0,0,0,0,0,0,0,0,0,0,0,0,0,0,0,0,0,0,0,0,0,0,0,0,0,0,0,0,0,0,0,0,0,0,0,0,0,0,0,0,0,0,0,0,0,0,0,0,0,0,0,0,0,0,0,0,0,0,0,0,0,0,0,0,0,0,0,0,0,0,0,0,0,0,0,0,0,0,0,0,0,0,0,0,0,0,0,0,0,0,0,0,0,0,0,0,0,0,0,0,0,0,0,0,0,0,0,0,0,0,0,0,0,0,0,0,0,0,0,0,0,0,0,0,0,0,0,0,0
8.70192698,-3.0316839999997582,1.221242881201002,-2.9563408331428445,3.762000000000043,-0.2295327608690112,-0.2789904178031044,3.7620000000000005,-0.229532760869097,-0.27899041780328515,4.999623256981451,0.08522937658062668,-0.15180035257061775,4.858218830041215,-0.45449788649833156,1.091394278252147,2.55,0.23,-1.0,0.0,0.0,0.0,2.55,2.23,-1.0,0.0,0.0,0.0,2.55,4.23,-1.0,0.0,0.0,0.0,2.55,6.23,-1.0,0.0,0.0,0.0,2.55,0.23,1.0,0.0,0.0,0.0,2.55,2.23,1.0,0.0,0.0,0.0,2.55,4.23,1.0,0.0,0.0,0.0,2.55,6.23,1.0,0.0,0.0,0.0,-1.11,0.68,-1.0,0.0,0.0,0.0,-1.11,2.68,-1.0,0.0,0.0,0.0,-1.11,0.68,1.0,0.0,0.0,0.0,-1.11,2.68,1.0,0.0,0.0,0.0,9.41,-6.60360000000033,3.1172000000000675,0.0,-1.6100000000003334,0.9700000000001374,9.41,-4.5713999999997705,3.0978000000000647,0.0,-1.6100000000003334,0.9700000000001374,5.99,-2.8404000000000393,0.6324000000000394,0.0,-1.040000000000152,0.24000000000001798,-4.5,-4.564399999999879,2.257600000000169,0.0,-1.6899999999999693,0.7600000000000939,0,0,0,0,0,0,0,0,0,0,0,0,0,0,0,0,0,0,0,0,0,0,0,0,0,0,0,0,0,0,0,0,0,0,0,0,0,0,0,0,0,0,0,0,0,0,0,0,0,0,0,0,0,0,0,0,0,0,0,0,0,0,0,0,0,0,0,0,0,0,0,0,0,0,0,0,0,0,0,0,0,0,0,0,0,0,0,0,0,0,0,0,0,0,0,0,0,0,0,0,0,0,0,0,0,0,0,0,0,0,0,0,0,0,0,0,0,0,0,0,0,0,0,0,0,0,0,0,0,0,0,0,0,0,0,0,0,0,0,0,0,0,0,0,0,0,0,0,0,0,0,0,0,0,0,0,0,0,0,0,0,0,0,0,0,0,0,0,0,0,0,0,0,0,0,0,0,0,0,0,0,0,0,0,0,0,0,0,0,0,0,0,0,0,0,0,0,0,0,0,0,0,0,0
8.801250807,-2.729336999999755,1.2014932603314814,-2.977273066567093,3.8350000000000337,-0.30253276086900094,-0.20599041780311467,3.8350000000000004,-0.302532760869097,-0.20599041780328514,4.959508432394808,-0.5560618516493032,-0.17152577334839725,4.850546025622753,-0.4571199497609568,1.1239415486785147,2.55,0.23,-1.0,0.0,0.0,0.0,2.55,2.23,-1.0,0.0,0.0,0.0,2.55,4.23,-1.0,0.0,0.0,0.0,2.55,6.23,-1.0,0.0,0.0,0.0,2.55,0.23,1.0,0.0,0.0,0.0,2.55,2.23,1.0,0.0,0.0,0.0,2.55,4.23,1.0,0.0,0.0,0.0,2.55,6.23,1.0,0.0,0.0,0.0,-1.11,0.68,-1.0,0.0,0.0,0.0,-1.11,2.68,-1.0,0.0,0.0,0.0,-1.11,0.68,1.0,0.0,0.0,0.0,-1.11,2.68,1.0,0.0,0.0,0.0,9.41,-6.70020000000035,3.1754000000000757,0.0,-1.6100000000003334,0.9700000000001374,9.41,-4.700199999999797,3.1754000000000757,0.0,-1.6100000000003334,0.9700000000001374,5.99,-2.9236000000000515,0.6516000000000408,0.0,-1.040000000000152,0.24000000000001798,-4.5,-4.665799999999877,2.3032000000001744,0.0,-1.6899999999999693,0.7600000000000939,0,0,0,0,0,0,0,0,0,0,0,0,0,0,0,0,0,0,0,0,0,0,0,0,0,0,0,0,0,0,0,0,0,0,0,0,0,0,0,0,0,0,0,0,0,0,0,0,0,0,0,0,0,0,0,0,0,0,0,0,0,0,0,0,0,0,0,0,0,0,0,0,0,0,0,0,0,0,0,0,0,0,0,0,0,0,0,0,0,0,0,0,0,0,0,0,0,0,0,0,0,0,0,0,0,0,0,0,0,0,0,0,0,0,0,0,0,0,0,0,0,0,0,0,0,0,0,0,0,0,0,0,0,0,0,0,0,0,0,0,0,0,0,0,0,0,0,0,0,0,0,0,0,0,0,0,0,0,0,0,0,0,0,0,0,0,0,0,0,0,0,0,0,0,0,0,0,0,0,0,0,0,0,0,0,0,0,0,0,0,0,0,0,0,0,0,0,0,0,0,0,0,0,0
8.90163399,-2.3425999999997495,1.1744769842445748,-2.9946351083474196,3.918000000000089,-0.21953276086916773,-0.1229904178035035,3.9180000000000006,-0.21953276086909695,-0.12299041780328514,4.976007335442464,0.010783391005317888,0.169030806463212,4.842848273344206,-0.45837027468083663,1.156164907206603,2.55,0.23,-1.0,0.0,0.0,0.0,2.55,2.23,-1.0,0.0,0.0,0.0,2.55,4.23,-1.0,0.0,0.0,0.0,2.55,6.23,-1.0,0.0,0.0,0.0,2.55,0.23,1.0,0.0,0.0,0.0,2.55,2.23,1.0,0.0,0.0,0.0,2.55,4.23,1.0,0.0,0.0,0.0,2.55,6.23,1.0,0.0,0.0,0.0,-1.11,0.68,-1.0,0.0,0.0,0.0,-1.11,2.68,-1.0,0.0,0.0,0.0,-1.11,0.68,1.0,0.0,0.0,0.0,-1.11,2.68,1.0,0.0,0.0,0.0,9.41,-6.861200000000383,3.2724000000000895,0.0,-1.6100000000003334,0.9700000000001374,9.41,-4.8611999999998305,3.2724000000000895,0.0,-1.6100000000003334,0.9700000000001374,5.99,-3.0068000000000636,0.6708000000000423,0.0,-1.040000000000152,0.24000000000001798,-4.5,-4.834799999999874,2.379200000000184,0.0,-1.6899999999999693,0.7600000000000939,0,0,0,0,0,0,0,0,0,0,0,0,0,0,0,0,0,0,0,0,0,0,0,0,0,0,0,0,0,0,0,0,0,0,0,0,0,0,0,0,0,0,0,0,0,0,0,0,0,0,0,0,0,0,0,0,0,0,0,0,0,0,0,0,0,0,0,0,0,0,0,0,0,0,0,0,0,0,0,0,0,0,0,0,0,0,0,0,0,0,0,0,0,0,0,0,0,0,0,0,0,0,0,0,0,0,0,0,0,0,0,0,0,0,0,0,0,0,0,0,0,0,0,0,0,0,0,0,0,0,0,0,0,0,0,0,0,0,0,0,0,0,0,0,0,0,0,0,0,0,0,0,0,0,0,0,0,0,0,0,0,0,0,0,0,0,0,0,0,0,0,0,0,0,0,0,0,0,0,0,0,0,0,0,0,0,0,0,0,0,0,0,0,0,0,0,0,0,0,0,0,0,0,0
9.000931719,-2.0263759999997513,1.154130363375043,-3.0025023877955475,4.004999999999813,-0.30653276086911596,-0.06136685604873904,4.005000000000001,-0.306532760869097,-0.061366856048584495,4.983311560627644,-0.5736601026151358,-0.061366856048584495,4.834268500861486,-0.46244390043963823,1.1899553355166774,2.55,0.23,-1.0,0.0,0.0,0.0,2.55,2.23,-1.0,0.0,0.0,0.0,2.55,4.23,-1.0,0.0,0.0,0.0,2.55,6.23,-1.0,0.0,0.0,0.0,2.55,0.23,1.0,0.0,0.0,0.0,2.55,2.23,1.0,0.0,0.0,0.0,2.55,4.23,1.0,0.0,0.0,0.0,2.55,6.23,1.0,0.0,0.0,0.0,-1.11,0.68,-1.0,0.0,0.0,0.0,-1.11,2.68,-1.0,0.0,0.0,0.0,-1.11,0.68,1.0,0.0,0.0,0.0,-1.11,2.68,1.0,0.0,0.0,0.0,9.41,-6.99000000000041,3.3500000000001005,0.0,-1.6100000000003334,0.9700000000001374,9.41,-4.989999999999857,3.3500000000001005,0.0,-1.6100000000003334,0.9700000000001374,5.99,-3.090000000000076,0.6900000000000437,0.0,-1.040000000000152,0.24000000000001798,-4.5,-4.969999999999872,2.4400000000001913,0.0,-1.6899999999999693,0.7600000000000939,0,0,0,0,0,0,0,0,0,0,0,0,0,0,0,0,0,0,0,0,0,0,0,0,0,0,0,0,0,0,0,0,0,0,0,0,0,0,0,0,0,0,0,0,0,0,0,0,0,0,0,0,0,0,0,0,0,0,0,0,0,0,0,0,0,0,0,0,0,0,0,0,0,0,0,0,0,0,0,0,0,0,0,0,0,0,0,0,0,0,0,0,0,0,0,0,0,0,0,0,0,0,0,0,0,0,0,0,0,0,0,0,0,0,0,0,0,0,0,0,0,0,0,0,0,0,0,0,0,0,0,0,0,0,0,0,0,0,0,0,0,0,0,0,0,0,0,0,0,0,0,0,0,0,0,0,0,0,0,0,0,0,0,0,0,0,0,0,0,0,0,0,0,0,0,0,0,0,0,0,0,0,0,0,0,0,0,0,0,0,0,0,0,0,0,0,0,0,0,0,0,0,0,0
9.100949466,-1.7034159999997542,1.1321677425055163,-3.004851736279444,4.084999999999894,-0.22653276086903595,0.01863314395134097,4.085000000000001,-0.22653276086909696,0.018633143951415507,4.957500412171317,0.12683873196611462,0.2779682826380876,4.825521536016451,-0.4646224278780619,1.2241192364120939,2.55,0.23,-1.0,0.0,0.0,0.0,2.55,2.23,-1.0,0.0,0.0,0.0,2.55,4.23,-1.0,0.0,0.0,0.0,2.55,6.23,-1.0,0.0,0.0,0.0,2.55,0.23,1.0,0.0,0.0,0.0,2.55,2.23,1.0,0.0,0.0,0.0,2.55,4.23,1.0,0.0,0.0,0.0,2.55,6.23,1.0,0.0,0.0,0.0,-1.11,0.68,-1.0,0.0,0.0,0.0,-1.11,2.68,-1.0,0.0,0.0,0.0,-1.11,0.68,1.0,0.0,0.0,0.0,-1.11,2.68,1.0,0.0,0.0,0.0,9.41,-7.118800000000436,3.4276000000001114,0.0,-1.6100000000003334,0.9700000000001374,9.41,-5.118799999999884,3.4276000000001114,0.0,-1.6100000000003334,0.9700000000001374,5.99,-3.173200000000088,0.7092000000000451,0.0,-1.040000000000152,0.24000000000001798,-4.5,-5.105199999999869,2.500800000000199,0.0,-1.6899999999999693,0.7600000000000939,0,0,0,0,0,0,0,0,0,0,0,0,0,0,0,0,0,0,0,0,0,0,0,0,0,0,0,0,0,0,0,0,0,0,0,0,0,0,0,0,0,0,0,0,0,0,0,0,0,0,0,0,0,0,0,0,0,0,0,0,0,0,0,0,0,0,0,0,0,0,0,0,0,0,0,0,0,0,0,0,0,0,0,0,0,0,0,0,0,0,0,0,0,0,0,0,0,0,0,0,0,0,0,0,0,0,0,0,0,0,0,0,0,0,0,0,0,0,0,0,0,0,0,0,0,0,0,0,0,0,0,0,0,0,0,0,0,0,0,0,0,0,0,0,0,0,0,0,0,0,0,0,0,0,0,0,0,0,0,0,0,0,0,0,0,0,0,0,0,0,0,0,0,0,0,0,0,0,0,0,0,0,0,0,0,0,0,0,0,0,0,0,0,0,0,0,0,0,0,0,0,0,0,0
9.202061435,-1.4569839999997583,1.1182504673120255,-3.0024017476423612,4.159000000000023,-0.24460551316618506,0.09263314395147049,4.159000000000001,-0.2446055131662872,0.0926331439514155,5.043493080200628,-0.2446055131662872,0.2279511538659147,4.81808390383033,-0.4684817817644692,1.2516358559125227,2.55,0.23,-1.0,0.0,0.0,0.0,2.55,2.23,-1.0,0.0,0.0,0.0,2.55,4.23,-1.0,0.0,0.0,0.0,2.55,6.23,-1.0,0.0,0.0,0.0,2.55,0.23,1.0,0.0,0.0,0.0,2.55,2.23,1.0,0.0,0.0,0.0,2.55,4.23,1.0,0.0,0.0,0.0,2.55,6.23,1.0,0.0,0.0,0.0,-1.11,0.68,-1.0,0.0,0.0,0.0,-1.11,2.68,-1.0,0.0,0.0,0.0,-1.11,0.68,1.0,0.0,0.0,0.0,-1.11,2.68,1.0,0.0,0.0,0.0,9.41,-7.215400000000456,3.4858000000001197,0.0,-1.6100000000003334,0.9700000000001374,9.41,-5.215399999999904,3.4858000000001197,0.0,-1.6100000000003334,0.9700000000001374,5.99,-3.235600000000097,0.7236000000000462,0.0,-1.040000000000152,0.24000000000001798,-4.5,-5.206599999999868,2.5464000000002045,0.0,-1.6899999999999693,0.7600000000000939,0,0,0,0,0,0,0,0,0,0,0,0,0,0,0,0,0,0,0,0,0,0,0,0,0,0,0,0,0,0,0,0,0,0,0,0,0,0,0,0,0,0,0,0,0,0,0,0,0,0,0,0,0,0,0,0,0,0,0,0,0,0,0,0,0,0,0,0,0,0,0,0,0,0,0,0,0,0,0,0,0,0,0,0,0,0,0,0,0,0,0,0,0,0,0,0,0,0,0,0,0,0,0,0,0,0,0,0,0,0,0,0,0,0,0,0,0,0,0,0,0,0,0,0,0,0,0,0,0,0,0,0,0,0,0,0,0,0,0,0,0,0,0,0,0,0,0,0,0,0,0,0,0,0,0,0,0,0,0,0,0,0,0,0,0,0,0,0,0,0,0,0,0,0,0,0,0,0,0,0,0,0,0,0,0,0,0,0,0,0,0,0,0,0,0,0,0,0,0,0,0,0,0,0
9.302322498,-1.206225999999759,1.102356136522052,-2.997998686853502,4.216999999999914,-0.3026055131662986,0.03763657975008883,4.2170000000000005,-0.3026055131662872,0.037636579749931176,4.993386850451035,-0.43699353390681583,0.037636579749931176,4.811525439256987,-0.4719422120356326,1.2753405411425522,2.55,0.23,-1.0,0.0,0.0,0.0,2.55,2.23,-1.0,0.0,0.0,0.0,2.55,4.23,-1.0,0.0,0.0,0.0,2.55,6.23,-1.0,0.0,0.0,0.0,2.55,0.23,1.0,0.0,0.0,0.0,2.55,2.23,1.0,0.0,0.0,0.0,2.55,4.23,1.0,0.0,0.0,0.0,2.55,6.23,1.0,0.0,0.0,0.0,-1.11,0.68,-1.0,0.0,0.0,0.0,-1.11,2.68,-1.0,0.0,0.0,0.0,-1.11,0.68,1.0,0.0,0.0,0.0,-1.11,2.68,1.0,0.0,0.0,0.0,9.41,-7.312000000000476,3.544000000000128,0.0,-1.6100000000003334,0.9700000000001374,9.41,-5.311999999999924,3.544000000000128,0.0,-1.6100000000003334,0.9700000000001374,5.99,-3.298000000000106,0.7380000000000473,0.0,-1.040000000000152,0.24000000000001798,-4.5,-5.307999999999866,2.59200000000021,0.0,-1.6899999999999693,0.7600000000000939,0,0,0,0,0,0,0,0,0,0,0,0,0,0,0,0,0,0,0,0,0,0,0,0,0,0,0,0,0,0,0,0,0,0,0,0,0,0,0,0,0,0,0,0,0,0,0,0,0,0,0,0,0,0,0,0,0,0,0,0,0,0,0,0,0,0,0,0,0,0,0,0,0,0,0,0,0,0,0,0,0,0,0,0,0,0,0,0,0,0,0,0,0,0,0,0,0,0,0,0,0,0,0,0,0,0,0,0,0,0,0,0,0,0,0,0,0,0,0,0,0,0,0,0,0,0,0,0,0,0,0,0,0,0,0,0,0,0,0,0,0,0,0,0,0,0,0,0,0,0,0,0,0,0,0,0,0,0,0,0,0,0,0,0,0,0,0,0,0,0,0,0,0,0,0,0,0,0,0,0,0,0,0,0,0,0,0,0,0,0,0,0,0,0,0,0,0,0,0,0,0,0,0,0
9.401977772,-0.9520659999997623,1.0853398057320731,-2.9946004920684977,4.276999999999974,-0.2426055131663496,0.09763657975003781,4.277,-0.2426055131662872,0.09763657974993117,4.9846753489975315,0.1386081174253384,0.3812805978789138,4.805553043364568,-0.47388760670731217,1.2969543105363266,2.55,0.23,-1.0,0.0,0.0,0.0,2.55,2.23,-1.0,0.0,0.0,0.0,2.55,4.23,-1.0,0.0,0.0,0.0,2.55,6.23,-1.0,0.0,0.0,0.0,2.55,0.23,1.0,0.0,0.0,0.0,2.55,2.23,1.0,0.0,0.0,0.0,2.55,4.23,1.0,0.0,0.0,0.0,2.55,6.23,1.0,0.0,0.0,0.0,-1.11,0.68,-1.0,0.0,0.0,0.0,-1.11,2.68,-1.0,0.0,0.0,0.0,-1.11,0.68,1.0,0.0,0.0,0.0,-1.11,2.68,1.0,0.0,0.0,0.0,9.41,-7.408600000000496,3.602200000000136,0.0,-1.6100000000003334,0.9700000000001374,9.41,-5.408599999999944,3.602200000000136,0.0,-1.6100000000003334,0.9700000000001374,5.99,-3.3604000000001153,0.7524000000000484,0.0,-1.040000000000152,0.24000000000001798,-4.5,-5.409399999999864,2.6376000000002158,0.0,-1.6899999999999693,0.7600000000000939,0,0,0,0,0,0,0,0,0,0,0,0,0,0,0,0,0,0,0,0,0,0,0,0,0,0,0,0,0,0,0,0,0,0,0,0,0,0,0,0,0,0,0,0,0,0,0,0,0,0,0,0,0,0,0,0,0,0,0,0,0,0,0,0,0,0,0,0,0,0,0,0,0,0,0,0,0,0,0,0,0,0,0,0,0,0,0,0,0,0,0,0,0,0,0,0,0,0,0,0,0,0,0,0,0,0,0,0,0,0,0,0,0,0,0,0,0,0,0,0,0,0,0,0,0,0,0,0,0,0,0,0,0,0,0,0,0,0,0,0,0,0,0,0,0,0,0,0,0,0,0,0,0,0,0,0,0,0,0,0,0,0,0,0,0,0,0,0,0,0,0,0,0,0,0,0,0,0,0,0,0,0,0,0,0,0,0,0,0,0,0,0,0,0,0,0,0,0,0,0,0,0,0,0
9.501203316,-0.6083259999997632,1.0675113646787684,-2.985209565688496,4.356000000000026,-0.16360551316618732,0.17663657974997804,4.356,-0.1636055131662872,0.1766365797499312,4.9438495296195555,0.12495774763842071,0.4985727909263704,4.7951499435858755,-0.4789120194649831,1.3331092588907882,2.55,0.23,-1.0,0.0,0.0,0.0,2.55,2.23,-1.0,0.0,0.0,0.0,2.55,4.23,-1.0,0.0,0.0,0.0,2.55,6.23,-1.0,0.0,0.0,0.0,2.55,0.23,1.0,0.0,0.0,0.0,2.55,2.23,1.0,0.0,0.0,0.0,2.55,4.23,1.0,0.0,0.0,0.0,2.55,6.23,1.0,0.0,0.0,0.0,-1.11,0.68,-1.0,0.0,0.0,0.0,-1.11,2.68,-1.0,0.0,0.0,0.0,-1.11,0.68,1.0,0.0,0.0,0.0,-1.11,2.68,1.0,0.0,0.0,0.0,9.41,-7.537400000000523,3.679800000000147,0.0,-1.6100000000003334,0.9700000000001374,9.41,-5.537399999999971,3.679800000000147,0.0,-1.6100000000003334,0.9700000000001374,5.99,-3.4436000000001274,0.7716000000000498,0.0,-1.040000000000152,0.24000000000001798,-4.5,-5.544599999999861,2.6984000000002233,0.0,-1.6899999999999693,0.7600000000000939,0,0,0,0,0,0,0,0,0,0,0,0,0,0,0,0,0,0,0,0,0,0,0,0,0,0,0,0,0,0,0,0,0,0,0,0,0,0,0,0,0,0,0,0,0,0,0,0,0,0,0,0,0,0,0,0,0,0,0,0,0,0,0,0,0,0,0,0,0,0,0,0,0,0,0,0,0,0,0,0,0,0,0,0,0,0,0,0,0,0,0,0,0,0,0,0,0,0,0,0,0,0,0,0,0,0,0,0,0,0,0,0,0,0,0,0,0,0,0,0,0,0,0,0,0,0,0,0,0,0,0,0,0,0,0,0,0,0,0,0,0,0,0,0,0,0,0,0,0,0,0,0,0,0,0,0,0,0,0,0,0,0,0,0,0,0,0,0,0,0,0,0,0,0,0,0,0,0,0,0,0,0,0,0,0,0,0,0,0,0,0,0,0,0,0,0,0,0,0,0,0,0,0,0
9.60289759,-0.2582459999997617,1.0528229236254718,-2.972678639308499,4.435999999999995,-0.24360551316626733,0.09663657974989803,4.436,-0.2436055131662872,0.09663657974993119,4.959831733433094,-0.5647099375587015,0.06505882684096687,4.784325959500631,-0.4872540891647064,1.3685059612002572,2.55,0.23,-1.0,0.0,0.0,0.0,2.55,2.23,-1.0,0.0,0.0,0.0,2.55,4.23,-1.0,0.0,0.0,0.0,2.55,6.23,-1.0,0.0,0.0,0.0,2.55,0.23,1.0,0.0,0.0,0.0,2.55,2.23,1.0,0.0,0.0,0.0,2.55,4.23,1.0,0.0,0.0,0.0,2.55,6.23,1.0,0.0,0.0,0.0,-1.11,0.68,-1.0,0.0,0.0,0.0,-1.11,2.68,-1.0,0.0,0.0,0.0,-1.11,0.68,1.0,0.0,0.0,0.0,-1.11,2.68,1.0,0.0,0.0,0.0,9.41,-7.698400000000556,3.776800000000161,0.0,-1.6100000000003334,0.9700000000001374,9.41,-5.666199999999997,3.757400000000158,0.0,-1.6100000000003334,0.9700000000001374,5.99,-3.5268000000001396,0.7908000000000512,0.0,-1.040000000000152,0.24000000000001798,-4.5,-5.679799999999859,2.759200000000231,0.0,-1.6899999999999693,0.7600000000000939,0,0,0,0,0,0,0,0,0,0,0,0,0,0,0,0,0,0,0,0,0,0,0,0,0,0,0,0,0,0,0,0,0,0,0,0,0,0,0,0,0,0,0,0,0,0,0,0,0,0,0,0,0,0,0,0,0,0,0,0,0,0,0,0,0,0,0,0,0,0,0,0,0,0,0,0,0,0,0,0,0,0,0,0,0,0,0,0,0,0,0,0,0,0,0,0,0,0,0,0,0,0,0,0,0,0,0,0,0,0,0,0,0,0,0,0,0,0,0,0,0,0,0,0,0,0,0,0,0,0,0,0,0,0,0,0,0,0,0,0,0,0,0,0,0,0,0,0,0,0,0,0,0,0,0,0,0,0,0,0,0,0,0,0,0,0,0,0,0,0,0,0,0,0,0,0,0,0,0,0,0,0,0,0,0,0,0,0,0,0,0,0,0,0,0,0,0,0,0,0,0,0,0,0
9.701744015,0.18842500000023799,1.0315333723088471,-2.9599439813335073,4.518999999999994,-0.16060551316621208,0.17963657974995328,4.519,-0.16060551316628718,0.1796365797499312,4.9767654421893,0.12332103525608407,0.5825623919240059,4.770237431710939,-0.4952272092076474,1.414066779315686,2.55,0.23,-1.0,0.0,0.0,0.0,2.55,2.23,-1.0,0.0,0.0,0.0,2.55,4.23,-1.0,0.0,0.0,0.0,2.55,6.23,-1.0,0.0,0.0,0.0,2.55,0.23,1.0,0.0,0.0,0.0,2.55,2.23,1.0,0.0,0.0,0.0,2.55,4.23,1.0,0.0,0.0,0.0,2.55,6.23,1.0,0.0,0.0,0.0,-1.11,0.68,-1.0,0.0,0.0,0.0,-1.11,2.68,-1.0,0.0,0.0,0.0,-1.11,0.68,1.0,0.0,0.0,0.0,-1.11,2.68,1.0,0.0,0.0,0.0,9.41,-7.827200000000583,3.854400000000172,0.0,-1.6100000000003334,0.9700000000001374,9.41,-5.827200000000031,3.854400000000172,0.0,-1.6100000000003334,0.9700000000001374,5.99,-3.630800000000155,0.814800000000053,0.0,-1.040000000000152,0.24000000000001798,-4.5,-5.848799999999856,2.83520000000024,0.0,-1.6899999999999693,0.7600000000000939,0,0,0,0,0,0,0,0,0,0,0,0,0,0,0,0,0,0,0,0,0,0,0,0,0,0,0,0,0,0,0,0,0,0,0,0,0,0,0,0,0,0,0,0,0,0,0,0,0,0,0,0,0,0,0,0,0,0,0,0,0,0,0,0,0,0,0,0,0,0,0,0,0,0,0,0,0,0,0,0,0,0,0,0,0,0,0,0,0,0,0,0,0,0,0,0,0,0,0,0,0,0,0,0,0,0,0,0,0,0,0,0,0,0,0,0,0,0,0,0,0,0,0,0,0,0,0,0,0,0,0,0,0,0,0,0,0,0,0,0,0,0,0,0,0,0,0,0,0,0,0,0,0,0,0,0,0,0,0,0,0,0,0,0,0,0,0,0,0,0,0,0,0,0,0,0,0,0,0,0,0,0,0,0,0,0,0,0,0,0,0,0,0,0,0,0,0,0,0,0,0,0,0,0
9.804940701,0.5525260000002372,1.01610393125555,-2.942992054953511,4.607999999999946,-0.24960551316621782,0.268636579749959,4.6080000000000005,-0.24960551316628718,0.26863657974993116,4.977880737346934,-0.42747360022741043,0.5438526961263936,4.755454608142344,-0.5064544927955688,1.4591625394810992,2.55,0.23,-1.0,0.0,0.0,0.0,2.55,2.23,-1.0,0.0,0.0,0.0,2.55,4.23,-1.0,0.0,0.0,0.0,2.55,6.23,-1.0,0.0,0.0,0.0,2.55,0.23,1.0,0.0,0.0,0.0,2.55,2.23,1.0,0.0,0.0,0.0,2.55,4.23,1.0,0.0,0.0,0.0,2.55,6.23,1.0,0.0,0.0,0.0,-1.11,0.68,-1.0,0.0,0.0,0.0,-1.11,2.68,-1.0,0.0,0.0,0.0,-1.11,0.68,1.0,0.0,0.0,0.0,-1.11,2.68,1.0,0.0,0.0,0.0,9.41,-7.95600000000061,3.932000000000183,0.0,-1.6100000000003334,0.9700000000001374,9.41,-5.988200000000064,3.9514000000001857,0.0,-1.6100000000003334,0.9700000000001374,5.99,-3.73480000000017,0.8388000000000548,0.0,-1.040000000000152,0.24000000000001798,-4.5,-6.017799999999853,2.9112000000002496,0.0,-1.6899999999999693,0.7600000000000939,0,0,0,0,0,0,0,0,0,0,0,0,0,0,0,0,0,0,0,0,0,0,0,0,0,0,0,0,0,0,0,0,0,0,0,0,0,0,0,0,0,0,0,0,0,0,0,0,0,0,0,0,0,0,0,0,0,0,0,0,0,0,0,0,0,0,0,0,0,0,0,0,0,0,0,0,0,0,0,0,0,0,0,0,0,0,0,0,0,0,0,0,0,0,0,0,0,0,0,0,0,0,0,0,0,0,0,0,0,0,0,0,0,0,0,0,0,0,0,0,0,0,0,0,0,0,0,0,0,0,0,0,0,0,0,0,0,0,0,0,0,0,0,0,0,0,0,0,0,0,0,0,0,0,0,0,0,0,0,0,0,0,0,0,0,0,0,0,0,0,0,0,0,0,0,0,0,0,0,0,0,0,0,0,0,0,0,0,0,0,0,0,0,0,0,0,0,0,0,0,0,0,0,0
9.904778164,1.0169340000002354,0.9886079350415976,-2.9125203969785205,4.6960000000000335,-0.31144563261331637,0.356636579749825,4.696000000000001,-0.31144563261331193,0.3566365797499311,4.955374362330641,-0.31144563261331193,0.630682577445044,4.618398714285597,-0.5023378624526262,1.4653431913681851,2.55,0.23,-1.0,0.0,0.0,0.0,2.55,2.23,-1.0,0.0,0.0,0.0,2.55,4.23,-1.0,0.0,0.0,0.0,2.55,6.23,-1.0,0.0,0.0,0.0,2.55,0.23,1.0,0.0,0.0,0.0,2.55,2.23,1.0,0.0,0.0,0.0,2.55,4.23,1.0,0.0,0.0,0.0,2.55,6.23,1.0,0.0,0.0,0.0,-1.11,0.68,-1.0,0.0,0.0,0.0,-1.11,2.68,-1.0,0.0,0.0,0.0,-1.11,0.68,1.0,0.0,0.0,0.0,-1.11,2.68,1.0,0.0,0.0,0.0,9.41,-8.117000000000578,4.029000000000184,0.0,-1.6099999999994452,0.9699999999996933,9.41,-6.117000000000091,4.029000000000184,0.0,-1.6100000000003334,0.9699999999996933,5.99,-3.818000000000182,0.8580000000000563,0.0,-1.040000000000152,0.24000000000001798,-4.5,-6.15299999999985,2.972000000000257,0.0,-1.6899999999999693,0.7600000000000939,0,0,0,0,0,0,0,0,0,0,0,0,0,0,0,0,0,0,0,0,0,0,0,0,0,0,0,0,0,0,0,0,0,0,0,0,0,0,0,0,0,0,0,0,0,0,0,0,0,0,0,0,0,0,0,0,0,0,0,0,0,0,0,0,0,0,0,0,0,0,0,0,0,0,0,0,0,0,0,0,0,0,0,0,0,0,0,0,0,0,0,0,0,0,0,0,0,0,0,0,0,0,0,0,0,0,0,0,0,0,0,0,0,0,0,0,0,0,0,0,0,0,0,0,0,0,0,0,0,0,0,0,0,0,0,0,0,0,0,0,0,0,0,0,0,0,0,0,0,0,0,0,0,0,0,0,0,0,0,0,0,0,0,0,0,0,0,0,0,0,0,0,0,0,0,0,0,0,0,0,0,0,0,0,0,0,0,0,0,0,0,0,0,0,0,0,0,0,0,0,0,0,0,0
10.000673762,1.395719480668499,0.9604552844325345,-2.8807524705985323,4.775627709442619,-0.3944456326132606,0.43963657974988024,4.7756277094427,-0.39444563261331195,0.43963657974993114,4.7756277094427,-0.47985845617857636,0.7957762962593411,4.409352999999882,-0.48885366895006577,1.4500190583436385,2.55,0.23,-1.0,0.0,0.0,0.0,2.55,2.23,-1.0,0.0,0.0,0.0,2.55,4.23,-1.0,0.0,0.0,0.0,2.55,6.23,-1.0,0.0,0.0,0.0,2.55,0.23,1.0,0.0,0.0,0.0,2.55,2.23,1.0,0.0,0.0,0.0,2.55,4.23,1.0,0.0,0.0,0.0,2.55,6.23,1.0,0.0,0.0,0.0,-1.11,0.68,-1.0,0.0,0.0,0.0,-1.11,2.68,-1.0,0.0,0.0,0.0,-1.11,0.68,1.0,0.0,0.0,0.0,-1.11,2.68,1.0,0.0,0.0,0.0,9.41,-8.245800000000534,4.106600000000159,0.0,-1.6099999999994452,0.9699999999996933,9.41,-6.245800000000117,4.106600000000159,0.0,-1.6100000000003334,0.9699999999996933,5.99,-3.9012000000001943,0.8772000000000577,0.0,-1.040000000000152,0.24000000000001798,-4.5,-6.288199999999848,3.0328000000002646,0.0,-1.6899999999999693,0.7600000000000939,0,0,0,0,0,0,0,0,0,0,0,0,0,0,0,0,0,0,0,0,0,0,0,0,0,0,0,0,0,0,0,0,0,0,0,0,0,0,0,0,0,0,0,0,0,0,0,0,0,0,0,0,0,0,0,0,0,0,0,0,0,0,0,0,0,0,0,0,0,0,0,0,0,0,0,0,0,0,0,0,0,0,0,0,0,0,0,0,0,0,0,0,0,0,0,0,0,0,0,0,0,0,0,0,0,0,0,0,0,0,0,0,0,0,0,0,0,0,0,0,0,0,0,0,0,0,0,0,0,0,0,0,0,0,0,0,0,0,0,0,0,0,0,0,0,0,0,0,0,0,0,0,0,0,0,0,0,0,0,0,0,0,0,0,0,0,0,0,0,0,0,0,0,0,0,0,0,0,0,0,0,0,0,0,0,0,0,0,0,0,0,0,0,0,0,0,0,0,0,0,0,0,0,0
10.102338896,1.6813111432350558,0.937734546475738,-2.853428275813539,4.68962770944259,-0.3084456326133411,0.5256365797499107,4.6896277094427,-0.3084456326133119,0.5256365797499312,4.544347312437787,-0.21895475330733394,1.0174615170580812,4.2217086350856645,-0.4735843473512018,1.432971829745584,2.55,0.23,-1.0,0.0,0.0,0.0,2.55,2.23,-1.0,0.0,0.0,0.0,2.55,4.23,-1.0,0.0,0.0,0.0,2.55,6.23,-1.0,0.0,0.0,0.0,2.55,0.23,1.0,0.0,0.0,0.0,2.55,2.23,1.0,0.0,0.0,0.0,2.55,4.23,1.0,0.0,0.0,0.0,2.55,6.23,1.0,0.0,0.0,0.0,-1.11,0.68,-1.0,0.0,0.0,0.0,-1.11,2.68,-1.0,0.0,0.0,0.0,-1.11,0.68,1.0,0.0,0.0,0.0,-1.11,2.68,1.0,0.0,0.0,0.0,9.41,-8.3424000000005,4.164800000000141,0.0,-1.6099999999994452,0.9699999999996933,9.41,-6.342400000000137,4.164800000000141,0.0,-1.6100000000003334,0.9699999999996933,5.99,-3.9636000000002034,0.8916000000000588,0.0,-1.040000000000152,0.24000000000001798,-4.5,-6.389599999999846,3.0784000000002703,0.0,-1.6899999999999693,0.7600000000000939,0,0,0,0,0,0,0,0,0,0,0,0,0,0,0,0,0,0,0,0,0,0,0,0,0,0,0,0,0,0,0,0,0,0,0,0,0,0,0,0,0,0,0,0,0,0,0,0,0,0,0,0,0,0,0,0,0,0,0,0,0,0,0,0,0,0,0,0,0,0,0,0,0,0,0,0,0,0,0,0,0,0,0,0,0,0,0,0,0,0,0,0,0,0,0,0,0,0,0,0,0,0,0,0,0,0,0,0,0,0,0,0,0,0,0,0,0,0,0,0,0,0,0,0,0,0,0,0,0,0,0,0,0,0,0,0,0,0,0,0,0,0,0,0,0,0,0,0,0,0,0,0,0,0,0,0,0,0,0,0,0,0,0,0,0,0,0,0,0,0,0,0,0,0,0,0,0,0,0,0,0,0,0,0,0,0,0,0,0,0,0,0,0,0,0,0,0,0,0,0,0,0,0,0
10.201519895,2.147393914179321,0.9062219658946501,-2.797984617838554,4.617627709442741,-0.32514606560718473,0.5976365797497607,4.6176277094427,-0.3251460656071652,0.5976365797499311,4.289097812150761,-0.3251460656071652,1.0668209813136809,4.035069294082243,-0.46069346397361544,1.412784768543397,2.55,0.23,-1.0,0.0,0.0,0.0,2.55,2.23,-1.0,0.0,0.0,0.0,2.55,4.23,-1.0,0.0,0.0,0.0,2.55,6.23,-1.0,0.0,0.0,0.0,2.55,0.23,1.0,0.0,0.0,0.0,2.55,2.23,1.0,0.0,0.0,0.0,2.55,4.23,1.0,0.0,0.0,0.0,2.55,6.23,1.0,0.0,0.0,0.0,-1.11,0.68,-1.0,0.0,0.0,0.0,-1.11,2.68,-1.0,0.0,0.0,0.0,-1.11,0.68,1.0,0.0,0.0,0.0,-1.11,2.68,1.0,0.0,0.0,0.0,9.41,-8.503400000000445,4.26180000000011,0.0,-1.6099999999994452,0.9699999999996933,9.41,-6.503400000000171,4.26180000000011,0.0,-1.6100000000003334,0.9699999999996933,5.99,-4.06760000000019,0.9156000000000606,0.0,-1.0399999999997078,0.24000000000001798,-4.5,-6.558599999999843,3.1544000000002796,0.0,-1.6899999999999693,0.7600000000000939,0,0,0,0,0,0,0,0,0,0,0,0,0,0,0,0,0,0,0,0,0,0,0,0,0,0,0,0,0,0,0,0,0,0,0,0,0,0,0,0,0,0,0,0,0,0,0,0,0,0,0,0,0,0,0,0,0,0,0,0,0,0,0,0,0,0,0,0,0,0,0,0,0,0,0,0,0,0,0,0,0,0,0,0,0,0,0,0,0,0,0,0,0,0,0,0,0,0,0,0,0,0,0,0,0,0,0,0,0,0,0,0,0,0,0,0,0,0,0,0,0,0,0,0,0,0,0,0,0,0,0,0,0,0,0,0,0,0,0,0,0,0,0,0,0,0,0,0,0,0,0,0,0,0,0,0,0,0,0,0,0,0,0,0,0,0,0,0,0,0,0,0,0,0,0,0,0,0,0,0,0,0,0,0,0,0,0,0,0,0,0,0,0,0,0,0,0,0,0,0,0,0,0,0
10.307306691,2.6052566851235865,0.869807359333932,-2.73432095986357,4.517627709442529,-0.4251460656071737,0.6976365797499717,4.5176277094427,-0.42514606560716517,0.6976365797499311,4.035069294082243,-0.46069346397361544,1.412784768543397,3.824715233302599,-0.44595776950396704,1.3858443041647823,2.55,0.23,-1.0,0.0,0.0,0.0,2.55,2.23,-1.0,0.0,0.0,0.0,2.55,4.23,-1.0,0.0,0.0,0.0,2.55,6.23,-1.0,0.0,0.0,0.0,2.55,0.23,1.0,0.0,0.0,0.0,2.55,2.23,1.0,0.0,0.0,0.0,2.55,4.23,1.0,0.0,0.0,0.0,2.55,6.23,1.0,0.0,0.0,0.0,-1.11,0.68,-1.0,0.0,0.0,0.0,-1.11,2.68,-1.0,0.0,0.0,0.0,-1.11,0.68,1.0,0.0,0.0,0.0,-1.11,2.68,1.0,0.0,0.0,0.0,9.41,-8.66440000000039,4.3588000000000795,0.0,-1.6099999999994452,0.9699999999996933,9.41,-6.664400000000204,4.3588000000000795,0.0,-1.6100000000003334,0.9699999999996933,5.99,-4.1716000000001605,0.9396000000000624,0.0,-1.0399999999997078,0.24000000000001798,-4.5,-6.72759999999984,3.230400000000289,0.0,-1.6899999999999693,0.7600000000000939,0,0,0,0,0,0,0,0,0,0,0,0,0,0,0,0,0,0,0,0,0,0,0,0,0,0,0,0,0,0,0,0,0,0,0,0,0,0,0,0,0,0,0,0,0,0,0,0,0,0,0,0,0,0,0,0,0,0,0,0,0,0,0,0,0,0,0,0,0,0,0,0,0,0,0,0,0,0,0,0,0,0,0,0,0,0,0,0,0,0,0,0,0,0,0,0,0,0,0,0,0,0,0,0,0,0,0,0,0,0,0,0,0,0,0,0,0,0,0,0,0,0,0,0,0,0,0,0,0,0,0,0,0,0,0,0,0,0,0,0,0,0,0,0,0,0,0,0,0,0,0,0,0,0,0,0,0,0,0,0,0,0,0,0,0,0,0,0,0,0,0,0,0,0,0,0,0,0,0,0,0,0,0,0,0,0,0,0,0,0,0,0,0,0,0,0,0,0,0,0,0,0,0,0
10.40145229,2.963914901878988,0.8351296995606611,-2.675758033483571,4.431627709442497,-0.4459577695039574,0.7836365797500022,4.4316277094427,-0.44595776950396704,0.7836365797499311,3.824715233302599,-0.44595776950396704,1.3858443041647823,3.6115367309587985,-0.4268259044204297,1.3539053849165357,2.55,0.23,-1.0,0.0,0.0,0.0,2.55,2.23,-1.0,0.0,0.0,0.0,2.55,4.23,-1.0,0.0,0.0,0.0,2.55,6.23,-1.0,0.0,0.0,0.0,2.55,0.23,1.0,0.0,0.0,0.0,2.55,2.23,1.0,0.0,0.0,0.0,2.55,4.23,1.0,0.0,0.0,0.0,2.55,6.23,1.0,0.0,0.0,0.0,-1.11,0.68,-1.0,0.0,0.0,0.0,-1.11,2.68,-1.0,0.0,0.0,0.0,-1.11,0.68,1.0,0.0,0.0,0.0,-1.11,2.68,1.0,0.0,0.0,0.0,9.41,-8.793200000000345,4.436400000000055,0.0,-1.6099999999994452,0.9699999999996933,9.41,-6.793200000000231,4.436400000000055,0.0,-1.6100000000003334,0.9699999999996933,5.99,-4.254800000000137,0.9588000000000638,0.0,-1.0399999999997078,0.24000000000001798,-4.5,-6.8627999999998375,3.2912000000002966,0.0,-1.6899999999999693,0.7600000000000939,0,0,0,0,0,0,0,0,0,0,0,0,0,0,0,0,0,0,0,0,0,0,0,0,0,0,0,0,0,0,0,0,0,0,0,0,0,0,0,0,0,0,0,0,0,0,0,0,0,0,0,0,0,0,0,0,0,0,0,0,0,0,0,0,0,0,0,0,0,0,0,0,0,0,0,0,0,0,0,0,0,0,0,0,0,0,0,0,0,0,0,0,0,0,0,0,0,0,0,0,0,0,0,0,0,0,0,0,0,0,0,0,0,0,0,0,0,0,0,0,0,0,0,0,0,0,0,0,0,0,0,0,0,0,0,0,0,0,0,0,0,0,0,0,0,0,0,0,0,0,0,0,0,0,0,0,0,0,0,0,0,0,0,0,0,0,0,0,0,0,0,0,0,0,0,0,0,0,0,0,0,0,0,0,0,0,0,0,0,0,0,0,0,0,0,0,0,0,0,0,0,0,0,0
10.503313093,3.316534118634391,0.7998548471670982,-2.6111561071035743,4.340627709442657,-0.426825904420447,0.8746365797498434,4.3406277094427,-0.4268259044204297,0.874636579749931,3.6115367309587985,-0.4268259044204297,1.3539053849165357,3.429409994871656,-0.4086456943902514,1.3222062851467855,2.55,0.23,-1.0,0.0,0.0,0.0,2.55,2.23,-1.0,0.0,0.0,0.0,2.55,4.23,-1.0,0.0,0.0,0.0,2.55,6.23,-1.0,0.0,0.0,0.0,2.55,0.23,1.0,0.0,0.0,0.0,2.55,2.23,1.0,0.0,0.0,0.0,2.55,4.23,1.0,0.0,0.0,0.0,2.55,6.23,1.0,0.0,0.0,0.0,-1.11,0.68,-1.0,0.0,0.0,0.0,-1.11,2.68,-1.0,0.0,0.0,0.0,-1.11,0.68,1.0,0.0,0.0,0.0,-1.11,2.68,1.0,0.0,0.0,0.0,9.41,-8.9220000000003,4.51400000000003,0.0,-1.6099999999994452,0.9699999999996933,9.41,-6.922000000000257,4.51400000000003,0.0,-1.6100000000003334,0.9699999999996933,5.99,-4.338000000000114,0.9780000000000653,0.0,-1.0399999999997078,0.24000000000001798,-4.5,-6.997999999999835,3.352000000000304,0.0,-1.6899999999999693,0.7600000000000939,0,0,0,0,0,0,0,0,0,0,0,0,0,0,0,0,0,0,0,0,0,0,0,0,0,0,0,0,0,0,0,0,0,0,0,0,0,0,0,0,0,0,0,0,0,0,0,0,0,0,0,0,0,0,0,0,0,0,0,0,0,0,0,0,0,0,0,0,0,0,0,0,0,0,0,0,0,0,0,0,0,0,0,0,0,0,0,0,0,0,0,0,0,0,0,0,0,0,0,0,0,0,0,0,0,0,0,0,0,0,0,0,0,0,0,0,0,0,0,0,0,0,0,0,0,0,0,0,0,0,0,0,0,0,0,0,0,0,0,0,0,0,0,0,0,0,0,0,0,0,0,0,0,0,0,0,0,0,0,0,0,0,0,0,0,0,0,0,0,0,0,0,0,0,0,0,0,0,0,0,0,0,0,0,0,0,0,0,0,0,0,0,0,0,0,0,0,0,0,0,0,0,0,0
10.601806221,3.7483428895786584,0.757590401555748,-2.5214384491285915,4.2426277094427265,-0.4086456943902528,0.9726365797497749,4.2426277094427,-0.4086456943902514,0.972636579749931,3.429409994871656,-0.4086456943902514,1.3222062851467855,3.225982868431,-0.38854539946567057,1.2822544114251246,2.55,0.23,-1.0,0.0,0.0,0.0,2.55,2.23,-1.0,0.0,0.0,0.0,2.55,4.23,-1.0,0.0,0.0,0.0,2.55,6.23,-1.0,0.0,0.0,0.0,2.55,0.23,1.0,0.0,0.0,0.0,2.55,2.23,1.0,0.0,0.0,0.0,2.55,4.23,1.0,0.0,0.0,0.0,2.55,6.23,1.0,0.0,0.0,0.0,-1.11,0.68,-1.0,0.0,0.0,0.0,-1.11,2.68,-1.0,0.0,0.0,0.0,-1.11,0.68,1.0,0.0,0.0,0.0,-1.11,2.68,1.0,0.0,0.0,0.0,9.41,-9.083000000000245,4.611,0.0,-1.6099999999994452,0.9699999999996933,9.41,-7.0830000000002675,4.611,0.0,-1.6099999999994452,0.9699999999996933,5.99,-4.4420000000000845,1.002000000000067,0.0,-1.0399999999997078,0.24000000000001798,-4.5,-7.166999999999832,3.4280000000003135,0.0,-1.6899999999999693,0.7600000000000939,0,0,0,0,0,0,0,0,0,0,0,0,0,0,0,0,0,0,0,0,0,0,0,0,0,0,0,0,0,0,0,0,0,0,0,0,0,0,0,0,0,0,0,0,0,0,0,0,0,0,0,0,0,0,0,0,0,0,0,0,0,0,0,0,0,0,0,0,0,0,0,0,0,0,0,0,0,0,0,0,0,0,0,0,0,0,0,0,0,0,0,0,0,0,0,0,0,0,0,0,0,0,0,0,0,0,0,0,0,0,0,0,0,0,0,0,0,0,0,0,0,0,0,0,0,0,0,0,0,0,0,0,0,0,0,0,0,0,0,0,0,0,0,0,0,0,0,0,0,0,0,0,0,0,0,0,0,0,0,0,0,0,0,0,0,0,0,0,0,0,0,0,0,0,0,0,0,0,0,0,0,0,0,0,0,0,0,0,0,0,0,0,0,0,0,0,0,0,0,0,0,0,0,0
10.702697601,4.085857106334077,0.7253811530827183,-2.441731522748611,4.163627709442785,-0.38854539946564515,1.0516365797497151,4.1636277094427,-0.38854539946567057,1.051636579749931,3.225982868431,-0.38854539946567057,1.2822544114251246,3.0304089317482097,-0.3696107228015556,1.2387954015199258,2.55,0.23,-1.0,0.0,0.0,0.0,2.55,2.23,-1.0,0.0,0.0,0.0,2.55,4.23,-1.0,0.0,0.0,0.0,2.55,6.23,-1.0,0.0,0.0,0.0,2.55,0.23,1.0,0.0,0.0,0.0,2.55,2.23,1.0,0.0,0.0,0.0,2.55,4.23,1.0,0.0,0.0,0.0,2.55,6.23,1.0,0.0,0.0,0.0,-1.11,0.68,-1.0,0.0,0.0,0.0,-1.11,2.68,-1.0,0.0,0.0,0.0,-1.11,0.68,1.0,0.0,0.0,0.0,-1.11,2.68,1.0,0.0,0.0,0.0,9.41,-9.211800000000201,4.688599999999975,0.0,-1.6099999999994452,0.9699999999996933,9.41,-7.211800000000223,4.688599999999975,0.0,-1.6099999999994452,0.9699999999996933,5.99,-4.546000000000055,1.0260000000000689,0.0,-1.0399999999997078,0.24000000000001798,-4.5,-7.3021999999998295,3.488800000000321,0.0,-1.6899999999999693,0.7600000000000939,0,0,0,0,0,0,0,0,0,0,0,0,0,0,0,0,0,0,0,0,0,0,0,0,0,0,0,0,0,0,0,0,0,0,0,0,0,0,0,0,0,0,0,0,0,0,0,0,0,0,0,0,0,0,0,0,0,0,0,0,0,0,0,0,0,0,0,0,0,0,0,0,0,0,0,0,0,0,0,0,0,0,0,0,0,0,0,0,0,0,0,0,0,0,0,0,0,0,0,0,0,0,0,0,0,0,0,0,0,0,0,0,0,0,0,0,0,0,0,0,0,0,0,0,0,0,0,0,0,0,0,0,0,0,0,0,0,0,0,0,0,0,0,0,0,0,0,0,0,0,0,0,0,0,0,0,0,0,0,0,0,0,0,0,0,0,0,0,0,0,0,0,0,0,0,0,0,0,0,0,0,0,0,0,0,0,0,0,0,0,0,0,0,0,0,0,0,0,0,0,0,0,0,0
10.800710727,4.499671877278346,0.6870189147294214,-2.3340198647736297,4.06562770944241,-0.36961072280150553,1.1496365797500907,4.0656277094427,-0.3696107228015556,1.149636579749931,3.0304089317482097,-0.3696107228015556,1.2387954015199258,2.8446534986780057,-0.35219985075578675,1.1924715737210632,2.55,0.23,-1.0,0.0,0.0,0.0,2.55,2.23,-1.0,0.0,0.0,0.0,2.55,4.23,-1.0,0.0,0.0,0.0,2.55,6.23,-1.0,0.0,0.0,0.0,2.55,0.23,1.0,0.0,0.0,0.0,2.55,2.23,1.0,0.0,0.0,0.0,2.55,4.23,1.0,0.0,0.0,0.0,2.55,6.23,1.0,0.0,0.0,0.0,-1.11,0.68,-1.0,0.0,0.0,0.0,-1.11,2.68,-1.0,0.0,0.0,0.0,-1.11,0.68,1.0,0.0,0.0,0.0,-1.11,2.68,1.0,0.0,0.0,0.0,9.41,-9.372800000000145,4.785599999999945,0.0,-1.6099999999994452,0.9699999999996933,9.41,-7.372800000000168,4.785599999999945,0.0,-1.6099999999994452,0.9699999999996933,5.99,-4.629200000000032,1.0452000000000703,0.0,-1.0399999999997078,0.24000000000001798,-4.5,-7.471199999999826,3.5648000000003304,0.0,-1.6899999999999693,0.7600000000000939,0,0,0,0,0,0,0,0,0,0,0,0,0,0,0,0,0,0,0,0,0,0,0,0,0,0,0,0,0,0,0,0,0,0,0,0,0,0,0,0,0,0,0,0,0,0,0,0,0,0,0,0,0,0,0,0,0,0,0,0,0,0,0,0,0,0,0,0,0,0,0,0,0,0,0,0,0,0,0,0,0,0,0,0,0,0,0,0,0,0,0,0,0,0,0,0,0,0,0,0,0,0,0,0,0,0,0,0,0,0,0,0,0,0,0,0,0,0,0,0,0,0,0,0,0,0,0,0,0,0,0,0,0,0,0,0,0,0,0,0,0,0,0,0,0,0,0,0,0,0,0,0,0,0,0,0,0,0,0,0,0,0,0,0,0,0,0,0,0,0,0,0,0,0,0,0,0,0,0,0,0,0,0,0,0,0,0,0,0,0,0,0,0,0,0,0,0,0,0,0,0,0,0,0
10.905140063,4.823338094033741,0.6577634526021248,-2.2412779085021453,3.977627709442544,-0.3521998507557411,1.1924715737210434,3.9776277094427,-0.35219985075578675,1.1924715737210632,2.8446534986780057,-0.35219985075578675,1.1924715737210632,2.6586874378983727,-0.33519321610167685,1.1411431093424378,2.55,0.23,-1.0,0.0,0.0,0.0,2.55,2.23,-1.0,0.0,0.0,0.0,2.55,4.23,-1.0,0.0,0.0,0.0,2.55,6.23,-1.0,0.0,0.0,0.0,2.55,0.23,1.0,0.0,0.0,0.0,2.55,2.23,1.0,0.0,0.0,0.0,2.55,4.23,1.0,0.0,0.0,0.0,2.55,6.23,1.0,0.0,0.0,0.0,-1.11,0.68,-1.0,0.0,0.0,0.0,-1.11,2.68,-1.0,0.0,0.0,0.0,-1.11,0.68,1.0,0.0,0.0,0.0,-1.11,2.68,1.0,0.0,0.0,0.0,9.41,-9.501600000000101,4.86319999999992,0.0,-1.6099999999994452,0.9699999999996933,9.41,-7.501600000000123,4.86319999999992,0.0,-1.6099999999994452,0.9699999999996933,5.99,-4.712400000000009,1.0644000000000717,0.0,-1.0399999999997078,0.24000000000001798,-4.5,-7.606399999999824,3.625600000000338,0.0,-1.6899999999999693,0.7600000000000939,0,0,0,0,0,0,0,0,0,0,0,0,0,0,0,0,0,0,0,0,0,0,0,0,0,0,0,0,0,0,0,0,0,0,0,0,0,0,0,0,0,0,0,0,0,0,0,0,0,0,0,0,0,0,0,0,0,0,0,0,0,0,0,0,0,0,0,0,0,0,0,0,0,0,0,0,0,0,0,0,0,0,0,0,0,0,0,0,0,0,0,0,0,0,0,0,0,0,0,0,0,0,0,0,0,0,0,0,0,0,0,0,0,0,0,0,0,0,0,0,0,0,0,0,0,0,0,0,0,0,0,0,0,0,0,0,0,0,0,0,0,0,0,0,0,0,0,0,0,0,0,0,0,0,0,0,0,0,0,0,0,0,0,0,0,0,0,0,0,0,0,0,0,0,0,0,0,0,0,0,0,0,0,0,0,0,0,0,0,0,0,0,0,0,0,0,0,0,0,0,0,0,0,0
11.000557718,5.218160864977989,0.6231386997394439,-2.1238272473832844,3.893627709442349,-0.335193216101648,1.1411431093426572,3.8936277094427,-0.33519321610167685,1.1411431093424378,2.6586874378983727,-0.33519321610167685,1.1411431093424378,2.4789461909734594,-0.3191962304052795,1.087845985973744,2.55,0.23,-1.0,0.0,0.0,0.0,2.55,2.23,-1.0,0.0,0.0,0.0,2.55,4.23,-1.0,0.0,0.0,0.0,2.55,6.23,-1.0,0.0,0.0,0.0,2.55,0.23,1.0,0.0,0.0,0.0,2.55,2.23,1.0,0.0,0.0,0.0,2.55,4.23,1.0,0.0,0.0,0.0,2.55,6.23,1.0,0.0,0.0,0.0,-1.11,0.68,-1.0,0.0,0.0,0.0,-1.11,2.68,-1.0,0.0,0.0,0.0,-1.11,0.68,1.0,0.0,0.0,0.0,-1.11,2.68,1.0,0.0,0.0,0.0,9.41,-9.662600000000046,4.960199999999889,0.0,-1.6099999999994452,0.9699999999996933,9.41,-7.662600000000068,4.960199999999889,0.0,-1.6099999999994452,0.9699999999996933,5.99,-4.816399999999979,1.0884000000000735,0.0,-1.0399999999997078,0.24000000000001798,-4.5,-7.775399999999821,3.7016000000003473,0.0,-1.6899999999999693,0.7600000000000939,0,0,0,0,0,0,0,0,0,0,0,0,0,0,0,0,0,0,0,0,0,0,0,0,0,0,0,0,0,0,0,0,0,0,0,0,0,0,0,0,0,0,0,0,0,0,0,0,0,0,0,0,0,0,0,0,0,0,0,0,0,0,0,0,0,0,0,0,0,0,0,0,0,0,0,0,0,0,0,0,0,0,0,0,0,0,0,0,0,0,0,0,0,0,0,0,0,0,0,0,0,0,0,0,0,0,0,0,0,0,0,0,0,0,0,0,0,0,0,0,0,0,0,0,0,0,0,0,0,0,0,0,0,0,0,0,0,0,0,0,0,0,0,0,0,0,0,0,0,0,0,0,0,0,0,0,0,0,0,0,0,0,0,0,0,0,0,0,0,0,0,0,0,0,0,0,0,0,0,0,0,0,0,0,0,0,0,0,0,0,0,0,0,0,0,0,0,0,0,0,0,0,0,0
11.101432586,5.527243081733388,0.596771158050809,-2.0340281180902005,3.8076277094427624,-0.3191962304053275,1.0878459859737788,3.8076277094427002,-0.3191962304052795,1.087845985973744,2.4789461909734594,-0.3191962304052795,1.087845985973744,2.318887454886322,-0.30536827537184147,1.040802476168803,2.55,0.23,-1.0,0.0,0.0,0.0,2.55,2.23,-1.0,0.0,0.0,0.0,2.55,4.23,-1.0,0.0,0.0,0.0,2.55,6.23,-1.0,0.0,0.0,0.0,2.55,0.23,1.0,0.0,0.0,0.0,2.55,2.23,1.0,0.0,0.0,0.0,2.55,4.23,1.0,0.0,0.0,0.0,2.55,6.23,1.0,0.0,0.0,0.0,-1.11,0.68,-1.0,0.0,0.0,0.0,-1.11,2.68,-1.0,0.0,0.0,0.0,-1.11,0.68,1.0,0.0,0.0,0.0,-1.11,2.68,1.0,0.0,0.0,0.0,9.41,-9.791400000000001,5.037799999999865,0.0,-1.6099999999994452,0.9699999999996933,9.41,-7.791400000000023,5.037799999999865,0.0,-1.6099999999994452,0.9699999999996933,5.99,-4.899599999999956,1.107600000000075,0.0,-1.0399999999997078,0.24000000000001798,-4.5,-7.910599999999818,3.762400000000355,0.0,-1.6899999999999693,0.7600000000000939,0,0,0,0,0,0,0,0,0,0,0,0,0,0,0,0,0,0,0,0,0,0,0,0,0,0,0,0,0,0,0,0,0,0,0,0,0,0,0,0,0,0,0,0,0,0,0,0,0,0,0,0,0,0,0,0,0,0,0,0,0,0,0,0,0,0,0,0,0,0,0,0,0,0,0,0,0,0,0,0,0,0,0,0,0,0,0,0,0,0,0,0,0,0,0,0,0,0,0,0,0,0,0,0,0,0,0,0,0,0,0,0,0,0,0,0,0,0,0,0,0,0,0,0,0,0,0,0,0,0,0,0,0,0,0,0,0,0,0,0,0,0,0,0,0,0,0,0,0,0,0,0,0,0,0,0,0,0,0,0,0,0,0,0,0,0,0,0,0,0,0,0,0,0,0,0,0,0,0,0,0,0,0,0,0,0,0,0,0,0,0,0,0,0,0,0,0,0,0,0,0,0,0,0
11.201111688,5.754351744299951,0.5778821153721252,-1.9696511856180687,3.736627709442608,-0.3053682753718645,1.0408024761687784,3.7366277094427,-0.30536827537184147,1.040802476168803,2.318887454886322,-0.30536827537184147,1.040802476168803,2.1811678573463853,-0.29375723368452733,1.0012402922484804,2.55,0.23,-1.0,0.0,0.0,0.0,2.55,2.23,-1.0,0.0,0.0,0.0,2.55,4.23,-1.0,0.0,0.0,0.0,2.55,6.23,-1.0,0.0,0.0,0.0,2.55,0.23,1.0,0.0,0.0,0.0,2.55,2.23,1.0,0.0,0.0,0.0,2.55,4.23,1.0,0.0,0.0,0.0,2.55,6.23,1.0,0.0,0.0,0.0,-1.11,0.68,-1.0,0.0,0.0,0.0,-1.11,2.68,-1.0,0.0,0.0,0.0,-1.11,0.68,1.0,0.0,0.0,0.0,-1.11,2.68,1.0,0.0,0.0,0.0,9.41,-9.887999999999968,5.095999999999846,0.0,-1.6099999999994452,0.9699999999996933,9.41,-7.88799999999999,5.095999999999846,0.0,-1.6099999999994452,0.9699999999996933,5.99,-4.9619999999999385,1.122000000000076,0.0,-1.0399999999997078,0.24000000000001798,-4.5,-8.011999999999817,3.8080000000003604,0.0,-1.6900000000000581,0.7600000000000939,0,0,0,0,0,0,0,0,0,0,0,0,0,0,0,0,0,0,0,0,0,0,0,0,0,0,0,0,0,0,0,0,0,0,0,0,0,0,0,0,0,0,0,0,0,0,0,0,0,0,0,0,0,0,0,0,0,0,0,0,0,0,0,0,0,0,0,0,0,0,0,0,0,0,0,0,0,0,0,0,0,0,0,0,0,0,0,0,0,0,0,0,0,0,0,0,0,0,0,0,0,0,0,0,0,0,0,0,0,0,0,0,0,0,0,0,0,0,0,0,0,0,0,0,0,0,0,0,0,0,0,0,0,0,0,0,0,0,0,0,0,0,0,0,0,0,0,0,0,0,0,0,0,0,0,0,0,0,0,0,0,0,0,0,0,0,0,0,0,0,0,0,0,0,0,0,0,0,0,0,0,0,0,0,0,0,0,0,0,0,0,0,0,0,0,0,0,0,0,0,0,0,0,0
11.300663248,6.125012515244231,0.5477865074190578,-1.8670743009901587,3.657627709443112,-0.2937572336845218,1.001240292248573,3.6576277094427,-0.29375723368452733,1.0012402922484804,2.1811678573463853,-0.29375723368452733,1.0012402922484804,2.027540121259238,-0.28115416666408005,0.9582851296667305,2.55,0.23,-1.0,0.0,0.0,0.0,2.55,2.23,-1.0,0.0,0.0,0.0,2.55,4.23,-1.0,0.0,0.0,0.0,2.55,6.23,-1.0,0.0,0.0,0.0,2.55,0.23,1.0,0.0,0.0,0.0,2.55,2.23,1.0,0.0,0.0,0.0,2.55,4.23,1.0,0.0,0.0,0.0,2.55,6.23,1.0,0.0,0.0,0.0,-1.11,0.68,-1.0,0.0,0.0,0.0,-1.11,2.68,-1.0,0.0,0.0,0.0,-1.11,0.68,1.0,0.0,0.0,0.0,-1.11,2.68,1.0,0.0,0.0,0.0,9.41,-10.048999999999912,5.192999999999816,0.0,-1.6099999999994452,0.9699999999996933,9.41,-8.048999999999936,5.192999999999816,0.0,-1.6099999999994452,0.9699999999996933,5.99,-5.065999999999909,1.1460000000000778,0.0,-1.0399999999997078,0.24000000000001798,-4.5,-8.180999999999814,3.88400000000037,0.0,-1.6899999999999693,0.7600000000000939,0,0,0,0,0,0,0,0,0,0,0,0,0,0,0,0,0,0,0,0,0,0,0,0,0,0,0,0,0,0,0,0,0,0,0,0,0,0,0,0,0,0,0,0,0,0,0,0,0,0,0,0,0,0,0,0,0,0,0,0,0,0,0,0,0,0,0,0,0,0,0,0,0,0,0,0,0,0,0,0,0,0,0,0,0,0,0,0,0,0,0,0,0,0,0,0,0,0,0,0,0,0,0,0,0,0,0,0,0,0,0,0,0,0,0,0,0,0,0,0,0,0,0,0,0,0,0,0,0,0,0,0,0,0,0,0,0,0,0,0,0,0,0,0,0,0,0,0,0,0,0,0,0,0,0,0,0,0,0,0,0,0,0,0,0,0,0,0,0,0,0,0,0,0,0,0,0,0,0,0,0,0,0,0,0,0,0,0,0,0,0,0,0,0,0,0,0,0,0,0,0,0,0,0
11.401701374,6.4152727319996625,0.5246010053998071,-1.7880489566748177,3.5636277094424074,-0.2811541666640771,0.9582851296667805,3.5636277094427,-0.28115416666408005,0.9582851296667305,2.027540121259238,-0.28115416666408005,0.9582851296667305,1.8698276297531868,-0.26845874488636523,0.9150142050884809,2.55,0.23,-1.0,0.0,0.0,0.0,2.55,2.23,-1.0,0.0,0.0,0.0,2.55,4.23,-1.0,0.0,0.0,0.0,2.55,6.23,-1.0,0.0,0.0,0.0,2.55,0.23,1.0,0.0,0.0,0.0,2.55,2.23,1.0,0.0,0.0,0.0,2.55,4.23,1.0,0.0,0.0,0.0,2.55,6.23,1.0,0.0,0.0,0.0,-1.11,0.68,-1.0,0.0,0.0,0.0,-1.11,2.68,-1.0,0.0,0.0,0.0,-1.11,0.68,1.0,0.0,0.0,0.0,-1.11,2.68,1.0,0.0,0.0,0.0,9.41,-10.177799999999868,5.270599999999791,0.0,-1.6099999999994452,0.9699999999996933,9.41,-8.177799999999891,5.270599999999791,0.0,-1.6099999999994452,0.9699999999996933,5.99,-5.149199999999886,1.1652000000000793,0.0,-1.0399999999997078,0.24000000000001798,-4.5,-8.316199999999812,3.9448000000003773,0.0,-1.6899999999999693,0.7600000000000939,0,0,0,0,0,0,0,0,0,0,0,0,0,0,0,0,0,0,0,0,0,0,0,0,0,0,0,0,0,0,0,0,0,0,0,0,0,0,0,0,0,0,0,0,0,0,0,0,0,0,0,0,0,0,0,0,0,0,0,0,0,0,0,0,0,0,0,0,0,0,0,0,0,0,0,0,0,0,0,0,0,0,0,0,0,0,0,0,0,0,0,0,0,0,0,0,0,0,0,0,0,0,0,0,0,0,0,0,0,0,0,0,0,0,0,0,0,0,0,0,0,0,0,0,0,0,0,0,0,0,0,0,0,0,0,0,0,0,0,0,0,0,0,0,0,0,0,0,0,0,0,0,0,0,0,0,0,0,0,0,0,0,0,0,0,0,0,0,0,0,0,0,0,0,0,0,0,0,0,0,0,0,0,0,0,0,0,0,0,0,0,0,0,0,0,0,0,0,0,0,0,0,0,0
11.501848354,6.768721502943909,0.4968791468085091,-1.6935618423700682,3.469627709442591,-0.26845874488634625,0.915014205088438,3.4696277094427,-0.26845874488636523,0.9150142050884809,1.8698276297531868,-0.26845874488636523,0.9150142050884809,1.706836568973551,-0.2555528026999657,0.8710256352254062,2.55,0.23,-1.0,0.0,0.0,0.0,2.55,2.23,-1.0,0.0,0.0,0.0,2.55,4.23,-1.0,0.0,0.0,0.0,2.55,6.23,-1.0,0.0,0.0,0.0,2.55,0.23,1.0,0.0,0.0,0.0,2.55,2.23,1.0,0.0,0.0,0.0,2.55,4.23,1.0,0.0,0.0,0.0,2.55,6.23,1.0,0.0,0.0,0.0,-1.11,0.68,-1.0,0.0,0.0,0.0,-1.11,2.68,-1.0,0.0,0.0,0.0,-1.11,0.68,1.0,0.0,0.0,0.0,-1.11,2.68,1.0,0.0,0.0,0.0,9.41,-10.338799999999813,5.367599999999761,0.0,-1.6099999999994452,0.9699999999996933,9.41,-8.338799999999836,5.367599999999761,0.0,-1.6099999999994452,0.9699999999996933,5.99,-5.253199999999857,1.189200000000081,0.0,-1.0399999999997078,0.24000000000001798,-4.5,-8.485199999999809,4.020800000000374,0.0,-1.6899999999999693,0.7599999999996498,0,0,0,0,0,0,0,0,0,0,0,0,0,0,0,0,0,0,0,0,0,0,0,0,0,0,0,0,0,0,0,0,0,0,0,0,0,0,0,0,0,0,0,0,0,0,0,0,0,0,0,0,0,0,0,0,0,0,0,0,0,0,0,0,0,0,0,0,0,0,0,0,0,0,0,0,0,0,0,0,0,0,0,0,0,0,0,0,0,0,0,0,0,0,0,0,0,0,0,0,0,0,0,0,0,0,0,0,0,0,0,0,0,0,0,0,0,0,0,0,0,0,0,0,0,0,0,0,0,0,0,0,0,0,0,0,0,0,0,0,0,0,0,0,0,0,0,0,0,0,0,0,0,0,0,0,0,0,0,0,0,0,0,0,0,0,0,0,0,0,0,0,0,0,0,0,0,0,0,0,0,0,0,0,0,0,0,0,0,0,0,0,0,0,0,0,0,0,0,0,0,0,0,0
11.602445021,7.043913719699319,0.47577671954100675,-1.621636374489023,3.3876277094426754,-0.2555528026999543,0.871025635225342,3.3876277094427003,-0.2555528026999657,0.8710256352254062,1.706836568973551,-0.2555528026999657,0.8710256352254062,1.5428139666297511,-0.24280774743562517,0.8275854177346154,2.55,0.23,-1.0,0.0,0.0,0.0,2.55,2.23,-1.0,0.0,0.0,0.0,2.55,4.23,-1.0,0.0,0.0,0.0,2.55,6.23,-1.0,0.0,0.0,0.0,2.55,0.23,1.0,0.0,0.0,0.0,2.55,2.23,1.0,0.0,0.0,0.0,2.55,4.23,1.0,0.0,0.0,0.0,2.55,6.23,1.0,0.0,0.0,0.0,-1.11,0.68,-1.0,0.0,0.0,0.0,-1.11,2.68,-1.0,0.0,0.0,0.0,-1.11,0.68,1.0,0.0,0.0,0.0,-1.11,2.68,1.0,0.0,0.0,0.0,9.41,-10.467599999999768,5.445199999999736,0.0,-1.6099999999994452,0.9699999999996933,9.41,-8.467599999999791,5.445199999999736,0.0,-1.6099999999994452,0.9699999999996933,5.99,-5.336399999999833,1.2084000000000825,0.0,-1.0399999999997078,0.24000000000001798,-4.5,-8.620399999999806,4.081600000000346,0.0,-1.6899999999999693,0.7599999999996498,0,0,0,0,0,0,0,0,0,0,0,0,0,0,0,0,0,0,0,0,0,0,0,0,0,0,0,0,0,0,0,0,0,0,0,0,0,0,0,0,0,0,0,0,0,0,0,0,0,0,0,0,0,0,0,0,0,0,0,0,0,0,0,0,0,0,0,0,0,0,0,0,0,0,0,0,0,0,0,0,0,0,0,0,0,0,0,0,0,0,0,0,0,0,0,0,0,0,0,0,0,0,0,0,0,0,0,0,0,0,0,0,0,0,0,0,0,0,0,0,0,0,0,0,0,0,0,0,0,0,0,0,0,0,0,0,0,0,0,0,0,0,0,0,0,0,0,0,0,0,0,0,0,0,0,0,0,0,0,0,0,0,0,0,0,0,0,0,0,0,0,0,0,0,0,0,0,0,0,0,0,0,0,0,0,0,0,0,0,0,0,0,0,0,0,0,0,0,0,0,0,0,0,0
11.701823325,7.3794214906435975,0.45066751620526285,-1.5360542185786632,3.2946277094429988,-0.24280774743562494,0.8275854177346442,3.2946277094427003,-0.24280774743562517,0.8275854177346154,1.5428139666297511,-0.24280774743562517,0.8275854177346154,1.3906780044857667,-0.23129778749034663,0.7883548945465948,2.55,0.23,-1.0,0.0,0.0,0.0,2.55,2.23,-1.0,0.0,0.0,0.0,2.55,4.23,-1.0,0.0,0.0,0.0,2.55,6.23,-1.0,0.0,0.0,0.0,2.55,0.23,1.0,0.0,0.0,0.0,2.55,2.23,1.0,0.0,0.0,0.0,2.55,4.23,1.0,0.0,0.0,0.0,2.55,6.23,1.0,0.0,0.0,0.0,-1.11,0.68,-1.0,0.0,0.0,0.0,-1.11,2.68,-1.0,0.0,0.0,0.0,-1.11,0.68,1.0,0.0,0.0,0.0,-1.11,2.68,1.0,0.0,0.0,0.0,9.41,-10.628599999999713,5.542199999999705,0.0,-1.6099999999994452,0.9699999999996933,9.41,-8.628599999999736,5.542199999999705,0.0,-1.6099999999994452,0.9699999999996933,5.99,-5.440399999999804,1.2324000000000843,0.0,-1.0399999999997078,0.24000000000001798,-4.5,-8.789399999999803,4.157600000000311,0.0,-1.6899999999999693,0.7599999999996498,0,0,0,0,0,0,0,0,0,0,0,0,0,0,0,0,0,0,0,0,0,0,0,0,0,0,0,0,0,0,0,0,0,0,0,0,0,0,0,0,0,0,0,0,0,0,0,0,0,0,0,0,0,0,0,0,0,0,0,0,0,0,0,0,0,0,0,0,0,0,0,0,0,0,0,0,0,0,0,0,0,0,0,0,0,0,0,0,0,0,0,0,0,0,0,0,0,0,0,0,0,0,0,0,0,0,0,0,0,0,0,0,0,0,0,0,0,0,0,0,0,0,0,0,0,0,0,0,0,0,0,0,0,0,0,0,0,0,0,0,0,0,0,0,0,0,0,0,0,0,0,0,0,0,0,0,0,0,0,0,0,0,0,0,0,0,0,0,0,0,0,0,0,0,0,0,0,0,0,0,0,0,0,0,0,0,0,0,0,0,0,0,0,0,0,0,0,0,0,0,0,0,0,0
11.80236292,7.640387707399031,0.43159970516871576,-1.4710635313787195,3.2106277094428037,-0.2312977874903699,0.7883548945466501,3.2106277094427003,-0.23129778749034663,0.7883548945465948,1.3906780044857667,-0.23129778749034663,0.7883548945465948,1.2428498301515116,-0.2203649949303638,0.7510915873013144,2.55,0.23,-1.0,0.0,0.0,0.0,2.55,2.23,-1.0,0.0,0.0,0.0,2.55,4.23,-1.0,0.0,0.0,0.0,2.55,6.23,-1.0,0.0,0.0,0.0,2.55,0.23,1.0,0.0,0.0,0.0,2.55,2.23,1.0,0.0,0.0,0.0,2.55,4.23,1.0,0.0,0.0,0.0,2.55,6.23,1.0,0.0,0.0,0.0,-1.11,0.68,-1.0,0.0,0.0,0.0,-1.11,2.68,-1.0,0.0,0.0,0.0,-1.11,0.68,1.0,0.0,0.0,0.0,-1.11,2.68,1.0,0.0,0.0,0.0,9.41,-10.757399999999668,5.619799999999681,0.0,-1.6099999999994452,0.9699999999996933,9.41,-8.757399999999691,5.619799999999681,0.0,-1.6099999999994452,0.9699999999996933,5.99,-5.523599999999781,1.2516000000000858,0.0,-1.0399999999997078,0.24000000000001798,-4.5,-8.924599999999801,4.218400000000283,0.0,-1.6899999999999693,0.7599999999996498,0,0,0,0,0,0,0,0,0,0,0,0,0,0,0,0,0,0,0,0,0,0,0,0,0,0,0,0,0,0,0,0,0,0,0,0,0,0,0,0,0,0,0,0,0,0,0,0,0,0,0,0,0,0,0,0,0,0,0,0,0,0,0,0,0,0,0,0,0,0,0,0,0,0,0,0,0,0,0,0,0,0,0,0,0,0,0,0,0,0,0,0,0,0,0,0,0,0,0,0,0,0,0,0,0,0,0,0,0,0,0,0,0,0,0,0,0,0,0,0,0,0,0,0,0,0,0,0,0,0,0,0,0,0,0,0,0,0,0,0,0,0,0,0,0,0,0,0,0,0,0,0,0,0,0,0,0,0,0,0,0,0,0,0,0,0,0,0,0,0,0,0,0,0,0,0,0,0,0,0,0,0,0,0,0,0,0,0,0,0,0,0,0,0,0,0,0,0,0,0,0,0,0,0
11.900708155,7.958118478343299,0.40884164136671813,-1.3934949943703983,3.112627709442428,-0.22036499493038875,0.7510915873012447,3.1126277094427004,-0.2203649949303638,0.7510915873013144,1.2428498301515116,-0.2203649949303638,0.7510915873013144,1.0953159434204105,-0.20971306870303236,0.7147855842539217,2.55,0.23,-1.0,0.0,0.0,0.0,2.55,2.23,-1.0,0.0,0.0,0.0,2.55,4.23,-1.0,0.0,0.0,0.0,2.55,6.23,-1.0,0.0,0.0,0.0,2.55,0.23,1.0,0.0,0.0,0.0,2.55,2.23,1.0,0.0,0.0,0.0,2.55,4.23,1.0,0.0,0.0,0.0,2.55,6.23,1.0,0.0,0.0,0.0,-1.11,0.68,-1.0,0.0,0.0,0.0,-1.11,2.68,-1.0,0.0,0.0,0.0,-1.11,0.68,1.0,0.0,0.0,0.0,-1.11,2.68,1.0,0.0,0.0,0.0,9.41,-10.918399999999613,5.71679999999965,0.0,-1.6099999999994452,0.9699999999996933,9.41,-8.918399999999636,5.71679999999965,0.0,-1.6099999999994452,0.9699999999996933,5.99,-5.6275999999997515,1.2756000000000876,0.0,-1.0399999999997078,0.24000000000001798,-4.5,-9.093599999999798,4.294400000000248,0.0,-1.6899999999999693,0.7599999999996498,0,0,0,0,0,0,0,0,0,0,0,0,0,0,0,0,0,0,0,0,0,0,0,0,0,0,0,0,0,0,0,0,0,0,0,0,0,0,0,0,0,0,0,0,0,0,0,0,0,0,0,0,0,0,0,0,0,0,0,0,0,0,0,0,0,0,0,0,0,0,0,0,0,0,0,0,0,0,0,0,0,0,0,0,0,0,0,0,0,0,0,0,0,0,0,0,0,0,0,0,0,0,0,0,0,0,0,0,0,0,0,0,0,0,0,0,0,0,0,0,0,0,0,0,0,0,0,0,0,0,0,0,0,0,0,0,0,0,0,0,0,0,0,0,0,0,0,0,0,0,0,0,0,0,0,0,0,0,0,0,0,0,0,0,0,0,0,0,0,0,0,0,0,0,0,0,0,0,0,0,0,0,0,0,0,0,0,0,0,0,0,0,0,0,0,0,0,0,0,0,0,0,0,0
12.005299513,8.265916249287601,0.38717795929163634,-1.3196565457469283,3.013627709442801,-0.20971306870304351,0.7147855842539741,3.0136277094427,-0.20971306870303236,0.7147855842539217,1.0953159434204105,-0.20971306870303236,0.7147855842539217,0.9477940096564383,-0.1992422433024949,0.6790968448836199,2.55,0.23,-1.0,0.0,0.0,0.0,2.55,2.23,-1.0,0.0,0.0,0.0,2.55,4.23,-1.0,0.0,0.0,0.0,2.55,6.23,-1.0,0.0,0.0,0.0,2.55,0.23,1.0,0.0,0.0,0.0,2.55,2.23,1.0,0.0,0.0,0.0,2.55,4.23,1.0,0.0,0.0,0.0,2.55,6.23,1.0,0.0,0.0,0.0,-1.11,0.68,-1.0,0.0,0.0,0.0,-1.11,2.68,-1.0,0.0,0.0,0.0,-1.11,0.68,1.0,0.0,0.0,0.0,-1.11,2.68,1.0,0.0,0.0,0.0,9.41,-11.079399999999557,5.8137999999996195,0.0,-1.6099999999994452,0.9699999999996933,9.41,-9.07939999999958,5.8137999999996195,0.0,-1.6099999999994452,0.9699999999996933,5.99,-5.731599999999722,1.2996000000000894,0.0,-1.0399999999997078,0.24000000000001798,-4.5,-9.262599999999795,4.370400000000213,0.0,-1.6899999999999693,0.7599999999996498,0,0,0,0,0,0,0,0,0,0,0,0,0,0,0,0,0,0,0,0,0,0,0,0,0,0,0,0,0,0,0,0,0,0,0,0,0,0,0,0,0,0,0,0,0,0,0,0,0,0,0,0,0,0,0,0,0,0,0,0,0,0,0,0,0,0,0,0,0,0,0,0,0,0,0,0,0,0,0,0,0,0,0,0,0,0,0,0,0,0,0,0,0,0,0,0,0,0,0,0,0,0,0,0,0,0,0,0,0,0,0,0,0,0,0,0,0,0,0,0,0,0,0,0,0,0,0,0,0,0,0,0,0,0,0,0,0,0,0,0,0,0,0,0,0,0,0,0,0,0,0,0,0,0,0,0,0,0,0,0,0,0,0,0,0,0,0,0,0,0,0,0,0,0,0,0,0,0,0,0,0,0,0,0,0,0,0,0,0,0,0,0,0,0,0,0,0,0,0,0,0,0,0,0
12.100540071,8.444983911854147,0.3748569458044679,-1.2776616291759506,2.9436277094418983,-0.19924224330247764,0.6790968448835422,2.9436277094427004,-0.1992422433024949,0.6790968448836199,0.9477940096564383,-0.1992422433024949,0.6790968448836199,0.8290210516579748,-0.19094686116312223,0.6508228817693156,2.55,0.23,-1.0,0.0,0.0,0.0,2.55,2.23,-1.0,0.0,0.0,0.0,2.55,4.23,-1.0,0.0,0.0,0.0,2.55,6.23,-1.0,0.0,0.0,0.0,2.55,0.23,1.0,0.0,0.0,0.0,2.55,2.23,1.0,0.0,0.0,0.0,2.55,4.23,1.0,0.0,0.0,0.0,2.55,6.23,1.0,0.0,0.0,0.0,-1.11,0.68,-1.0,0.0,0.0,0.0,-1.11,2.68,-1.0,0.0,0.0,0.0,-1.11,0.68,1.0,0.0,0.0,0.0,-1.11,2.68,1.0,0.0,0.0,0.0,9.41,-11.175999999999524,5.871999999999601,0.0,-1.6099999999994452,0.9699999999996933,9.41,-9.175999999999547,5.871999999999601,0.0,-1.6099999999994452,0.9699999999996933,5.99,-5.793999999999705,1.3140000000000904,0.0,-1.0399999999997078,0.24000000000001798,-4.5,-9.363999999999793,4.416000000000192,0.0,-1.6899999999999693,0.7599999999996498,0,0,0,0,0,0,0,0,0,0,0,0,0,0,0,0,0,0,0,0,0,0,0,0,0,0,0,0,0,0,0,0,0,0,0,0,0,0,0,0,0,0,0,0,0,0,0,0,0,0,0,0,0,0,0,0,0,0,0,0,0,0,0,0,0,0,0,0,0,0,0,0,0,0,0,0,0,0,0,0,0,0,0,0,0,0,0,0,0,0,0,0,0,0,0,0,0,0,0,0,0,0,0,0,0,0,0,0,0,0,0,0,0,0,0,0,0,0,0,0,0,0,0,0,0,0,0,0,0,0,0,0,0,0,0,0,0,0,0,0,0,0,0,0,0,0,0,0,0,0,0,0,0,0,0,0,0,0,0,0,0,0,0,0,0,0,0,0,0,0,0,0,0,0,0,0,0,0,0,0,0,0,0,0,0,0,0,0,0,0,0,0,0,0,0,0,0,0,0,0,0,0,0,0
