[0.000000] (-) TimerEvent: {}
[0.000291] (-) JobUnselected: {'identifier': 'asio_cmake_module'}
[0.000426] (-) JobUnselected: {'identifier': 'io_context'}
[0.000460] (-) JobUnselected: {'identifier': 'lily_bringup'}
[0.000500] (-) JobUnselected: {'identifier': 'lily_control'}
[0.000557] (-) JobUnselected: {'identifier': 'lily_deploy'}
[0.000575] (-) JobUnselected: {'identifier': 'lily_gz'}
[0.000621] (-) JobUnselected: {'identifier': 'lily_localization'}
[0.000636] (-) JobUnselected: {'identifier': 'lily_nav'}
[0.000656] (-) JobUnselected: {'identifier': 'lily_teleop'}
[0.000678] (-) JobUnselected: {'identifier': 'lily_visualization'}
[0.000735] (-) JobUnselected: {'identifier': 'obstacle_detector'}
[0.000751] (-) JobUnselected: {'identifier': 'serial_driver'}
[0.000769] (-) JobUnselected: {'identifier': 'udp_driver'}
[0.000783] (-) JobUnselected: {'identifier': 'vesc'}
[0.000805] (-) JobUnselected: {'identifier': 'vesc_ackermann'}
[0.000825] (-) JobUnselected: {'identifier': 'vesc_driver'}
[0.000858] (-) JobUnselected: {'identifier': 'vesc_msgs'}
[0.000881] (rvo2_ros2) JobQueued: {'identifier': 'rvo2_ros2', 'dependencies': OrderedDict()}
[0.000902] (avoa3d) JobQueued: {'identifier': 'avoa3d', 'dependencies': OrderedDict({'obstacle_detector': '/home/xizesse/ros2_ws/src/avoa3d/install/obstacle_detector'})}
[0.000957] (rvo2_ros2) JobStarted: {'identifier': 'rvo2_ros2'}
[0.004392] (avoa3d) JobStarted: {'identifier': 'avoa3d'}
[0.007427] (rvo2_ros2) JobProgress: {'identifier': 'rvo2_ros2', 'progress': 'cmake'}
[0.007711] (rvo2_ros2) Command: {'cmd': ['/usr/bin/cmake', '/home/xizesse/ros2_ws/src/rvo2_ros2', '-DCMAKE_INSTALL_PREFIX=/home/xizesse/ros2_ws/src/avoa3d/install/rvo2_ros2'], 'cwd': '/home/xizesse/ros2_ws/src/avoa3d/build/rvo2_ros2', 'env': OrderedDict({'GZ_SIM_SYSTEM_PLUGIN_PATH': '/home/xizesse/vrx_ws/install/lib', 'GJS_DEBUG_TOPICS': 'JS ERROR;JS LOG', 'PYTHON_BASIC_REPL': '1', 'LESSOPEN': '| /usr/bin/lesspipe %s', 'GZ_SIM_RESOURCE_PATH': '/home/xizesse/ros2_ws/install/lily_gz/share/lily_gz/models:/home/xizesse/vrx_ws/install/share/vrx_gz/models/tmp:/home/xizesse/vrx_ws/install/share/vrx_gz/models:/home/xizesse/vrx_ws/install/share/vrx_gz/worlds/2023_phase2:/home/xizesse/vrx_ws/install/share/vrx_gz/worlds/2023_practice:/home/xizesse/vrx_ws/install/share/vrx_gz/worlds:/home/xizesse/vrx_ws/install/share/wamv_description/models:/home/xizesse/vrx_ws/install/share/vrx_gazebo/models:/home/xizesse/vrx_ws/install/share/:/opt/ros/jazzy/share', 'USER': 'xizesse', 'GZ_CONFIG_PATH': '/opt/ros/jazzy/opt/gz_sim_vendor/share/gz:/opt/ros/jazzy/opt/sdformat_vendor/share/gz:/opt/ros/jazzy/opt/gz_gui_vendor/share/gz:/opt/ros/jazzy/opt/gz_transport_vendor/share/gz:/opt/ros/jazzy/opt/gz_rendering_vendor/share/gz:/opt/ros/jazzy/opt/gz_plugin_vendor/share/gz:/opt/ros/jazzy/opt/gz_fuel_tools_vendor/share/gz:/opt/ros/jazzy/opt/gz_msgs_vendor/share/gz:/opt/ros/jazzy/opt/gz_common_vendor/share/gz', 'XDG_SESSION_TYPE': 'x11', 'GIT_ASKPASS': '/usr/share/antigravity/resources/app/extensions/git/dist/askpass.sh', 'CLUTTER_DISABLE_MIPMAPPED_TEXT': '1', 'SHLVL': '1', 'LD_LIBRARY_PATH': '/home/xizesse/ros2_ws/install/vesc_msgs/lib:/home/xizesse/ros2_ws/install/rvo2_ros2/lib:/home/xizesse/ros2_ws/install/avoa3d/lib:/home/xizesse/ros2_ws/install/obstacle_detector/lib:/home/xizesse/ros2_ws/install/io_context/lib:/home/xizesse/vrx_ws/install/lib:/opt/ros/jazzy/opt/gz_sim_vendor/lib:/opt/ros/jazzy/opt/gz_sensors_vendor/lib:/opt/ros/jazzy/opt/gz_physics_vendor/lib:/opt/ros/jazzy/opt/sdformat_vendor/lib:/opt/ros/jazzy/opt/rviz_ogre_vendor/lib:/opt/ros/jazzy/lib/x86_64-linux-gnu:/opt/ros/jazzy/opt/gz_gui_vendor/lib:/opt/ros/jazzy/opt/gz_transport_vendor/lib:/opt/ros/jazzy/opt/gz_rendering_vendor/lib:/opt/ros/jazzy/opt/gz_plugin_vendor/lib:/opt/ros/jazzy/opt/gz_fuel_tools_vendor/lib:/opt/ros/jazzy/opt/gz_msgs_vendor/lib:/opt/ros/jazzy/opt/gz_common_vendor/lib:/opt/ros/jazzy/opt/gz_math_vendor/lib:/opt/ros/jazzy/opt/gz_utils_vendor/lib:/opt/ros/jazzy/opt/gz_tools_vendor/lib:/opt/ros/jazzy/opt/gz_ogre_next_vendor/lib:/opt/ros/jazzy/opt/gz_dartsim_vendor/lib:/opt/ros/jazzy/opt/gz_cmake_vendor/lib:/opt/ros/jazzy/lib', 'ANTIGRAVITY_CLI_ALIAS': 'agy', 'HOME': '/home/xizesse', 'CHROME_DESKTOP': 'antigravity.desktop', 'OLDPWD': '/home/xizesse/ros2_ws/src/avoa3d/scripts', 'TERM_PROGRAM_VERSION': '1.107.0', 'DESKTOP_SESSION': 'ubuntu', 'GIO_LAUNCHED_DESKTOP_FILE': '/usr/share/applications/antigravity.desktop', 'ROS_PYTHON_VERSION': '3', 'GNOME_SHELL_SESSION_MODE': 'ubuntu', 'GTK_MODULES': 'gail:atk-bridge', 'PAGER': 'cat', 'VSCODE_GIT_ASKPASS_MAIN': '/usr/share/antigravity/resources/app/extensions/git/dist/askpass-main.js', 'VSCODE_GIT_ASKPASS_NODE': '/usr/share/antigravity/antigravity', 'MANAGERPID': '3010', 'PYDEVD_DISABLE_FILE_VALIDATION': '1', 'SYSTEMD_EXEC_PID': '3454', 'BUNDLED_DEBUGPY_PATH': '/home/xizesse/.antigravity/extensions/ms-python.debugpy-2025.18.0-linux-x64/bundled/libs/debugpy', 'VSCODE_PYTHON_AUTOACTIVATE_GUARD': '1', 'GSM_SKIP_SSH_AGENT_WORKAROUND': 'true', 'DBUS_SESSION_BUS_ADDRESS': 'unix:path=/run/user/1000/bus', 'COLORTERM': 'truecolor', 'ANTIGRAVITY_AGENT': '1', 'GIO_LAUNCHED_DESKTOP_FILE_PID': '4549', 'DEBUGINFOD_URLS': 'https://debuginfod.ubuntu.com', 'COLCON_PREFIX_PATH': '/home/xizesse/vrx_ws/install:/home/xizesse/ros2_ws/install', 'ROS_DISTRO': 'jazzy', 'LOGNAME': 'xizesse', 'JOURNAL_STREAM': '9:30996', '_': '/usr/bin/colcon', 'ROS_VERSION': '2', 'MEMORY_PRESSURE_WATCH': '/sys/fs/cgroup/user.slice/user-1000.slice/user@1000.service/session.slice/org.gnome.Shell@x11.service/memory.pressure', 'XDG_SESSION_CLASS': 'user', 'USERNAME': 'xizesse', 'TERM': 'xterm-256color', 'GNOME_DESKTOP_SESSION_ID': 'this-is-deprecated', 'FC_FONTATIONS': '1', 'WINDOWPATH': '2', 'PATH': '/opt/ros/jazzy/opt/gz_msgs_vendor/bin:/opt/ros/jazzy/opt/gz_tools_vendor/bin:/opt/ros/jazzy/opt/gz_ogre_next_vendor/bin:/opt/ros/jazzy/bin:/usr/local/sbin:/usr/local/bin:/usr/sbin:/usr/bin:/sbin:/bin:/usr/games:/usr/local/games:/snap/bin:/snap/bin:/home/xizesse/.antigravity/extensions/ms-python.debugpy-2025.18.0-linux-x64/bundled/scripts/noConfigScripts', 'SESSION_MANAGER': 'local/xizesse-ASUS-TUF-F15:@/tmp/.ICE-unix/3410,unix/xizesse-ASUS-TUF-F15:/tmp/.ICE-unix/3410', 'INVOCATION_ID': '30bd506c23524f78859216809f6cb439', 'XDG_MENU_PREFIX': 'gnome-', 'XDG_RUNTIME_DIR': '/run/user/1000', 'GDK_BACKEND': 'x11', 'DISPLAY': ':1', 'VSCODE_DEBUGPY_ADAPTER_ENDPOINTS': '/home/xizesse/.antigravity/extensions/ms-python.debugpy-2025.18.0-linux-x64/.noConfigDebugAdapterEndpoints/endpoint-7dcae9b31626a138.txt', 'LANG': 'en_US.UTF-8', 'XDG_CURRENT_DESKTOP': 'ubuntu:GNOME', 'PYTHONSTARTUP': '/home/xizesse/.config/Antigravity/User/workspaceStorage/4f14c94f2b5cbce87ebf14fd4d607f5d/ms-python.python/pythonrc.py', 'XMODIFIERS': '@im=ibus', 'XDG_SESSION_DESKTOP': 'ubuntu', 'XAUTHORITY': '/run/user/1000/gdm/Xauthority', 'LS_COLORS': 'rs=0:di=01;34:ln=01;36:mh=00:pi=40;33:so=01;35:do=01;35:bd=40;33;01:cd=40;33;01:or=40;31;01:mi=00:su=37;41:sg=30;43:ca=00:tw=30;42:ow=34;42:st=37;44:ex=01;32:*.tar=01;31:*.tgz=01;31:*.arc=01;31:*.arj=01;31:*.taz=01;31:*.lha=01;31:*.lz4=01;31:*.lzh=01;31:*.lzma=01;31:*.tlz=01;31:*.txz=01;31:*.tzo=01;31:*.t7z=01;31:*.zip=01;31:*.z=01;31:*.dz=01;31:*.gz=01;31:*.lrz=01;31:*.lz=01;31:*.lzo=01;31:*.xz=01;31:*.zst=01;31:*.tzst=01;31:*.bz2=01;31:*.bz=01;31:*.tbz=01;31:*.tbz2=01;31:*.tz=01;31:*.deb=01;31:*.rpm=01;31:*.jar=01;31:*.war=01;31:*.ear=01;31:*.sar=01;31:*.rar=01;31:*.alz=01;31:*.ace=01;31:*.zoo=01;31:*.cpio=01;31:*.7z=01;31:*.rz=01;31:*.cab=01;31:*.wim=01;31:*.swm=01;31:*.dwm=01;31:*.esd=01;31:*.avif=01;35:*.jpg=01;35:*.jpeg=01;35:*.mjpg=01;35:*.mjpeg=01;35:*.gif=01;35:*.bmp=01;35:*.pbm=01;35:*.pgm=01;35:*.ppm=01;35:*.tga=01;35:*.xbm=01;35:*.xpm=01;35:*.tif=01;35:*.tiff=01;35:*.png=01;35:*.svg=01;35:*.svgz=01;35:*.mng=01;35:*.pcx=01;35:*.mov=01;35:*.mpg=01;35:*.mpeg=01;35:*.m2v=01;35:*.mkv=01;35:*.webm=01;35:*.webp=01;35:*.ogm=01;35:*.mp4=01;35:*.m4v=01;35:*.mp4v=01;35:*.vob=01;35:*.qt=01;35:*.nuv=01;35:*.wmv=01;35:*.asf=01;35:*.rm=01;35:*.rmvb=01;35:*.flc=01;35:*.avi=01;35:*.fli=01;35:*.flv=01;35:*.gl=01;35:*.dl=01;35:*.xcf=01;35:*.xwd=01;35:*.yuv=01;35:*.cgm=01;35:*.emf=01;35:*.ogv=01;35:*.ogx=01;35:*.aac=00;36:*.au=00;36:*.flac=00;36:*.m4a=00;36:*.mid=00;36:*.midi=00;36:*.mka=00;36:*.mp3=00;36:*.mpc=00;36:*.ogg=00;36:*.ra=00;36:*.wav=00;36:*.oga=00;36:*.opus=00;36:*.spx=00;36:*.xspf=00;36:*~=00;90:*#=00;90:*.bak=00;90:*.crdownload=00;90:*.dpkg-dist=00;90:*.dpkg-new=00;90:*.dpkg-old=00;90:*.dpkg-tmp=00;90:*.old=00;90:*.orig=00;90:*.part=00;90:*.rej=00;90:*.rpmnew=00;90:*.rpmorig=00;90:*.rpmsave=00;90:*.swp=00;90:*.tmp=00;90:*.ucf-dist=00;90:*.ucf-new=00;90:*.ucf-old=00;90:', 'SBX_CHROME_API_RQ': '1', 'VSCODE_GIT_IPC_HANDLE': '/run/user/1000/vscode-git-3273f0ee0d.sock', 'TERM_PROGRAM': 'vscode', 'SSH_AUTH_SOCK': '/run/user/1000/keyring/ssh', 'AMENT_PREFIX_PATH': '/home/xizesse/ros2_ws/install/vesc_msgs:/home/xizesse/ros2_ws/install/rvo2_ros2:/home/xizesse/ros2_ws/install/avoa3d:/home/xizesse/ros2_ws/install/obstacle_detector:/home/xizesse/ros2_ws/install/lily_visualization:/home/xizesse/ros2_ws/install/lily_teleop:/home/xizesse/ros2_ws/install/lily_nav:/home/xizesse/ros2_ws/install/lily_gz:/home/xizesse/ros2_ws/install/lily_bringup:/home/xizesse/ros2_ws/install/io_context:/home/xizesse/ros2_ws/install/asio_cmake_module:/home/xizesse/vrx_ws/install:/opt/ros/jazzy', 'SHELL': '/bin/bash', 'QT_ACCESSIBILITY': '1', 'GDMSESSION': 'ubuntu', 'LESSCLOSE': '/usr/bin/lesspipe %s %s', 'GPG_AGENT_INFO': '/run/user/1000/gnupg/S.gpg-agent:0:1', 'GJS_DEBUG_OUTPUT': 'stderr', 'ROS_AUTOMATIC_DISCOVERY_RANGE': 'SUBNET', 'VSCODE_GIT_ASKPASS_EXTRA_ARGS': '', 'QT_IM_MODULE': 'ibus', 'PWD': '/home/xizesse/ros2_ws/src/avoa3d/build/rvo2_ros2', 'LC_ALL': 'en_US.UTF-8', 'XDG_CONFIG_DIRS': '/etc/xdg/xdg-ubuntu:/etc/xdg', 'XDG_DATA_DIRS': '/usr/share/ubuntu:/usr/share/gnome:/home/xizesse/.local/share/flatpak/exports/share:/var/lib/flatpak/exports/share:/usr/local/share/:/usr/share/:/var/lib/snapd/desktop', 'PYTHONPATH': '/home/xizesse/ros2_ws/install/vesc_msgs/lib/python3.12/site-packages:/home/xizesse/ros2_ws/install/rvo2_ros2/lib/python3.12/site-packages:/home/xizesse/ros2_ws/install/avoa3d/lib/python3.12/site-packages:/home/xizesse/ros2_ws/install/obstacle_detector/lib/python3.12/site-packages:/home/xizesse/vrx_ws/install/lib/python3.12/site-packages:/opt/ros/jazzy/lib/python3.12/site-packages', 'COLCON': '1', 'MEMORY_PRESSURE_WRITE': 'c29tZSAyMDAwMDAgMjAwMDAwMAA=', 'CMAKE_PREFIX_PATH': '/home/xizesse/ros2_ws/install/vesc_msgs:/home/xizesse/ros2_ws/install/rvo2_ros2:/home/xizesse/ros2_ws/install/avoa3d:/home/xizesse/ros2_ws/install/obstacle_detector:/home/xizesse/ros2_ws/install/lily_visualization:/home/xizesse/ros2_ws/install/lily_teleop:/home/xizesse/ros2_ws/install/lily_nav:/home/xizesse/ros2_ws/install/lily_gz:/home/xizesse/ros2_ws/install/lily_bringup:/home/xizesse/ros2_ws/install/io_context:/home/xizesse/ros2_ws/install/asio_cmake_module:/home/xizesse/vrx_ws/install:/opt/ros/jazzy/opt/gz_sim_vendor:/opt/ros/jazzy/opt/gz_sensors_vendor:/opt/ros/jazzy/opt/gz_physics_vendor:/opt/ros/jazzy/opt/sdformat_vendor:/opt/ros/jazzy/opt/gz_gui_vendor:/opt/ros/jazzy/opt/gz_transport_vendor:/opt/ros/jazzy/opt/gz_rendering_vendor:/opt/ros/jazzy/opt/gz_plugin_vendor:/opt/ros/jazzy/opt/gz_fuel_tools_vendor:/opt/ros/jazzy/opt/gz_msgs_vendor:/opt/ros/jazzy/opt/gz_common_vendor:/opt/ros/jazzy/opt/gz_math_vendor:/opt/ros/jazzy/opt/gz_utils_vendor:/opt/ros/jazzy/opt/gz_tools_vendor:/opt/ros/jazzy/opt/gz_ogre_next_vendor:/opt/ros/jazzy/opt/gz_dartsim_vendor:/opt/ros/jazzy/opt/gz_cmake_vendor:/opt/ros/jazzy'}), 'shell': False}
[0.009841] (avoa3d) JobProgress: {'identifier': 'avoa3d', 'progress': 'cmake'}
[0.010207] (avoa3d) Command: {'cmd': ['/usr/bin/cmake', '/home/xizesse/ros2_ws/src/avoa3d', '-DCMAKE_INSTALL_PREFIX=/home/xizesse/ros2_ws/src/avoa3d/install/avoa3d'], 'cwd': '/home/xizesse/ros2_ws/src/avoa3d/build/avoa3d', 'env': OrderedDict({'GZ_SIM_SYSTEM_PLUGIN_PATH': '/home/xizesse/vrx_ws/install/lib', 'GJS_DEBUG_TOPICS': 'JS ERROR;JS LOG', 'PYTHON_BASIC_REPL': '1', 'LESSOPEN': '| /usr/bin/lesspipe %s', 'GZ_SIM_RESOURCE_PATH': '/home/xizesse/ros2_ws/install/lily_gz/share/lily_gz/models:/home/xizesse/vrx_ws/install/share/vrx_gz/models/tmp:/home/xizesse/vrx_ws/install/share/vrx_gz/models:/home/xizesse/vrx_ws/install/share/vrx_gz/worlds/2023_phase2:/home/xizesse/vrx_ws/install/share/vrx_gz/worlds/2023_practice:/home/xizesse/vrx_ws/install/share/vrx_gz/worlds:/home/xizesse/vrx_ws/install/share/wamv_description/models:/home/xizesse/vrx_ws/install/share/vrx_gazebo/models:/home/xizesse/vrx_ws/install/share/:/opt/ros/jazzy/share', 'USER': 'xizesse', 'GZ_CONFIG_PATH': '/opt/ros/jazzy/opt/gz_sim_vendor/share/gz:/opt/ros/jazzy/opt/sdformat_vendor/share/gz:/opt/ros/jazzy/opt/gz_gui_vendor/share/gz:/opt/ros/jazzy/opt/gz_transport_vendor/share/gz:/opt/ros/jazzy/opt/gz_rendering_vendor/share/gz:/opt/ros/jazzy/opt/gz_plugin_vendor/share/gz:/opt/ros/jazzy/opt/gz_fuel_tools_vendor/share/gz:/opt/ros/jazzy/opt/gz_msgs_vendor/share/gz:/opt/ros/jazzy/opt/gz_common_vendor/share/gz', 'XDG_SESSION_TYPE': 'x11', 'GIT_ASKPASS': '/usr/share/antigravity/resources/app/extensions/git/dist/askpass.sh', 'CLUTTER_DISABLE_MIPMAPPED_TEXT': '1', 'SHLVL': '1', 'LD_LIBRARY_PATH': '/home/xizesse/ros2_ws/install/vesc_msgs/lib:/home/xizesse/ros2_ws/install/rvo2_ros2/lib:/home/xizesse/ros2_ws/install/avoa3d/lib:/home/xizesse/ros2_ws/install/obstacle_detector/lib:/home/xizesse/ros2_ws/install/io_context/lib:/home/xizesse/vrx_ws/install/lib:/opt/ros/jazzy/opt/gz_sim_vendor/lib:/opt/ros/jazzy/opt/gz_sensors_vendor/lib:/opt/ros/jazzy/opt/gz_physics_vendor/lib:/opt/ros/jazzy/opt/sdformat_vendor/lib:/opt/ros/jazzy/opt/rviz_ogre_vendor/lib:/opt/ros/jazzy/lib/x86_64-linux-gnu:/opt/ros/jazzy/opt/gz_gui_vendor/lib:/opt/ros/jazzy/opt/gz_transport_vendor/lib:/opt/ros/jazzy/opt/gz_rendering_vendor/lib:/opt/ros/jazzy/opt/gz_plugin_vendor/lib:/opt/ros/jazzy/opt/gz_fuel_tools_vendor/lib:/opt/ros/jazzy/opt/gz_msgs_vendor/lib:/opt/ros/jazzy/opt/gz_common_vendor/lib:/opt/ros/jazzy/opt/gz_math_vendor/lib:/opt/ros/jazzy/opt/gz_utils_vendor/lib:/opt/ros/jazzy/opt/gz_tools_vendor/lib:/opt/ros/jazzy/opt/gz_ogre_next_vendor/lib:/opt/ros/jazzy/opt/gz_dartsim_vendor/lib:/opt/ros/jazzy/opt/gz_cmake_vendor/lib:/opt/ros/jazzy/lib', 'ANTIGRAVITY_CLI_ALIAS': 'agy', 'HOME': '/home/xizesse', 'CHROME_DESKTOP': 'antigravity.desktop', 'OLDPWD': '/home/xizesse/ros2_ws/src/avoa3d/scripts', 'TERM_PROGRAM_VERSION': '1.107.0', 'DESKTOP_SESSION': 'ubuntu', 'GIO_LAUNCHED_DESKTOP_FILE': '/usr/share/applications/antigravity.desktop', 'ROS_PYTHON_VERSION': '3', 'GNOME_SHELL_SESSION_MODE': 'ubuntu', 'GTK_MODULES': 'gail:atk-bridge', 'PAGER': 'cat', 'VSCODE_GIT_ASKPASS_MAIN': '/usr/share/antigravity/resources/app/extensions/git/dist/askpass-main.js', 'VSCODE_GIT_ASKPASS_NODE': '/usr/share/antigravity/antigravity', 'MANAGERPID': '3010', 'PYDEVD_DISABLE_FILE_VALIDATION': '1', 'SYSTEMD_EXEC_PID': '3454', 'BUNDLED_DEBUGPY_PATH': '/home/xizesse/.antigravity/extensions/ms-python.debugpy-2025.18.0-linux-x64/bundled/libs/debugpy', 'VSCODE_PYTHON_AUTOACTIVATE_GUARD': '1', 'GSM_SKIP_SSH_AGENT_WORKAROUND': 'true', 'DBUS_SESSION_BUS_ADDRESS': 'unix:path=/run/user/1000/bus', 'COLORTERM': 'truecolor', 'ANTIGRAVITY_AGENT': '1', 'GIO_LAUNCHED_DESKTOP_FILE_PID': '4549', 'DEBUGINFOD_URLS': 'https://debuginfod.ubuntu.com', 'COLCON_PREFIX_PATH': '/home/xizesse/vrx_ws/install:/home/xizesse/ros2_ws/install', 'ROS_DISTRO': 'jazzy', 'LOGNAME': 'xizesse', 'JOURNAL_STREAM': '9:30996', '_': '/usr/bin/colcon', 'ROS_VERSION': '2', 'MEMORY_PRESSURE_WATCH': '/sys/fs/cgroup/user.slice/user-1000.slice/user@1000.service/session.slice/org.gnome.Shell@x11.service/memory.pressure', 'XDG_SESSION_CLASS': 'user', 'USERNAME': 'xizesse', 'TERM': 'xterm-256color', 'GNOME_DESKTOP_SESSION_ID': 'this-is-deprecated', 'FC_FONTATIONS': '1', 'WINDOWPATH': '2', 'PATH': '/opt/ros/jazzy/opt/gz_msgs_vendor/bin:/opt/ros/jazzy/opt/gz_tools_vendor/bin:/opt/ros/jazzy/opt/gz_ogre_next_vendor/bin:/opt/ros/jazzy/bin:/usr/local/sbin:/usr/local/bin:/usr/sbin:/usr/bin:/sbin:/bin:/usr/games:/usr/local/games:/snap/bin:/snap/bin:/home/xizesse/.antigravity/extensions/ms-python.debugpy-2025.18.0-linux-x64/bundled/scripts/noConfigScripts', 'SESSION_MANAGER': 'local/xizesse-ASUS-TUF-F15:@/tmp/.ICE-unix/3410,unix/xizesse-ASUS-TUF-F15:/tmp/.ICE-unix/3410', 'INVOCATION_ID': '30bd506c23524f78859216809f6cb439', 'XDG_MENU_PREFIX': 'gnome-', 'XDG_RUNTIME_DIR': '/run/user/1000', 'GDK_BACKEND': 'x11', 'DISPLAY': ':1', 'VSCODE_DEBUGPY_ADAPTER_ENDPOINTS': '/home/xizesse/.antigravity/extensions/ms-python.debugpy-2025.18.0-linux-x64/.noConfigDebugAdapterEndpoints/endpoint-7dcae9b31626a138.txt', 'LANG': 'en_US.UTF-8', 'XDG_CURRENT_DESKTOP': 'ubuntu:GNOME', 'PYTHONSTARTUP': '/home/xizesse/.config/Antigravity/User/workspaceStorage/4f14c94f2b5cbce87ebf14fd4d607f5d/ms-python.python/pythonrc.py', 'XMODIFIERS': '@im=ibus', 'XDG_SESSION_DESKTOP': 'ubuntu', 'XAUTHORITY': '/run/user/1000/gdm/Xauthority', 'LS_COLORS': 'rs=0:di=01;34:ln=01;36:mh=00:pi=40;33:so=01;35:do=01;35:bd=40;33;01:cd=40;33;01:or=40;31;01:mi=00:su=37;41:sg=30;43:ca=00:tw=30;42:ow=34;42:st=37;44:ex=01;32:*.tar=01;31:*.tgz=01;31:*.arc=01;31:*.arj=01;31:*.taz=01;31:*.lha=01;31:*.lz4=01;31:*.lzh=01;31:*.lzma=01;31:*.tlz=01;31:*.txz=01;31:*.tzo=01;31:*.t7z=01;31:*.zip=01;31:*.z=01;31:*.dz=01;31:*.gz=01;31:*.lrz=01;31:*.lz=01;31:*.lzo=01;31:*.xz=01;31:*.zst=01;31:*.tzst=01;31:*.bz2=01;31:*.bz=01;31:*.tbz=01;31:*.tbz2=01;31:*.tz=01;31:*.deb=01;31:*.rpm=01;31:*.jar=01;31:*.war=01;31:*.ear=01;31:*.sar=01;31:*.rar=01;31:*.alz=01;31:*.ace=01;31:*.zoo=01;31:*.cpio=01;31:*.7z=01;31:*.rz=01;31:*.cab=01;31:*.wim=01;31:*.swm=01;31:*.dwm=01;31:*.esd=01;31:*.avif=01;35:*.jpg=01;35:*.jpeg=01;35:*.mjpg=01;35:*.mjpeg=01;35:*.gif=01;35:*.bmp=01;35:*.pbm=01;35:*.pgm=01;35:*.ppm=01;35:*.tga=01;35:*.xbm=01;35:*.xpm=01;35:*.tif=01;35:*.tiff=01;35:*.png=01;35:*.svg=01;35:*.svgz=01;35:*.mng=01;35:*.pcx=01;35:*.mov=01;35:*.mpg=01;35:*.mpeg=01;35:*.m2v=01;35:*.mkv=01;35:*.webm=01;35:*.webp=01;35:*.ogm=01;35:*.mp4=01;35:*.m4v=01;35:*.mp4v=01;35:*.vob=01;35:*.qt=01;35:*.nuv=01;35:*.wmv=01;35:*.asf=01;35:*.rm=01;35:*.rmvb=01;35:*.flc=01;35:*.avi=01;35:*.fli=01;35:*.flv=01;35:*.gl=01;35:*.dl=01;35:*.xcf=01;35:*.xwd=01;35:*.yuv=01;35:*.cgm=01;35:*.emf=01;35:*.ogv=01;35:*.ogx=01;35:*.aac=00;36:*.au=00;36:*.flac=00;36:*.m4a=00;36:*.mid=00;36:*.midi=00;36:*.mka=00;36:*.mp3=00;36:*.mpc=00;36:*.ogg=00;36:*.ra=00;36:*.wav=00;36:*.oga=00;36:*.opus=00;36:*.spx=00;36:*.xspf=00;36:*~=00;90:*#=00;90:*.bak=00;90:*.crdownload=00;90:*.dpkg-dist=00;90:*.dpkg-new=00;90:*.dpkg-old=00;90:*.dpkg-tmp=00;90:*.old=00;90:*.orig=00;90:*.part=00;90:*.rej=00;90:*.rpmnew=00;90:*.rpmorig=00;90:*.rpmsave=00;90:*.swp=00;90:*.tmp=00;90:*.ucf-dist=00;90:*.ucf-new=00;90:*.ucf-old=00;90:', 'SBX_CHROME_API_RQ': '1', 'VSCODE_GIT_IPC_HANDLE': '/run/user/1000/vscode-git-3273f0ee0d.sock', 'TERM_PROGRAM': 'vscode', 'SSH_AUTH_SOCK': '/run/user/1000/keyring/ssh', 'AMENT_PREFIX_PATH': '/home/xizesse/ros2_ws/install/vesc_msgs:/home/xizesse/ros2_ws/install/rvo2_ros2:/home/xizesse/ros2_ws/install/avoa3d:/home/xizesse/ros2_ws/install/obstacle_detector:/home/xizesse/ros2_ws/install/lily_visualization:/home/xizesse/ros2_ws/install/lily_teleop:/home/xizesse/ros2_ws/install/lily_nav:/home/xizesse/ros2_ws/install/lily_gz:/home/xizesse/ros2_ws/install/lily_bringup:/home/xizesse/ros2_ws/install/io_context:/home/xizesse/ros2_ws/install/asio_cmake_module:/home/xizesse/vrx_ws/install:/opt/ros/jazzy', 'SHELL': '/bin/bash', 'QT_ACCESSIBILITY': '1', 'GDMSESSION': 'ubuntu', 'LESSCLOSE': '/usr/bin/lesspipe %s %s', 'GPG_AGENT_INFO': '/run/user/1000/gnupg/S.gpg-agent:0:1', 'GJS_DEBUG_OUTPUT': 'stderr', 'ROS_AUTOMATIC_DISCOVERY_RANGE': 'SUBNET', 'VSCODE_GIT_ASKPASS_EXTRA_ARGS': '', 'QT_IM_MODULE': 'ibus', 'PWD': '/home/xizesse/ros2_ws/src/avoa3d/build/avoa3d', 'LC_ALL': 'en_US.UTF-8', 'XDG_CONFIG_DIRS': '/etc/xdg/xdg-ubuntu:/etc/xdg', 'XDG_DATA_DIRS': '/usr/share/ubuntu:/usr/share/gnome:/home/xizesse/.local/share/flatpak/exports/share:/var/lib/flatpak/exports/share:/usr/local/share/:/usr/share/:/var/lib/snapd/desktop', 'PYTHONPATH': '/home/xizesse/ros2_ws/install/vesc_msgs/lib/python3.12/site-packages:/home/xizesse/ros2_ws/install/rvo2_ros2/lib/python3.12/site-packages:/home/xizesse/ros2_ws/install/avoa3d/lib/python3.12/site-packages:/home/xizesse/ros2_ws/install/obstacle_detector/lib/python3.12/site-packages:/home/xizesse/vrx_ws/install/lib/python3.12/site-packages:/opt/ros/jazzy/lib/python3.12/site-packages', 'COLCON': '1', 'MEMORY_PRESSURE_WRITE': 'c29tZSAyMDAwMDAgMjAwMDAwMAA=', 'CMAKE_PREFIX_PATH': '/home/xizesse/ros2_ws/install/vesc_msgs:/home/xizesse/ros2_ws/install/rvo2_ros2:/home/xizesse/ros2_ws/install/avoa3d:/home/xizesse/ros2_ws/install/obstacle_detector:/home/xizesse/ros2_ws/install/lily_visualization:/home/xizesse/ros2_ws/install/lily_teleop:/home/xizesse/ros2_ws/install/lily_nav:/home/xizesse/ros2_ws/install/lily_gz:/home/xizesse/ros2_ws/install/lily_bringup:/home/xizesse/ros2_ws/install/io_context:/home/xizesse/ros2_ws/install/asio_cmake_module:/home/xizesse/vrx_ws/install:/opt/ros/jazzy/opt/gz_sim_vendor:/opt/ros/jazzy/opt/gz_sensors_vendor:/opt/ros/jazzy/opt/gz_physics_vendor:/opt/ros/jazzy/opt/sdformat_vendor:/opt/ros/jazzy/opt/gz_gui_vendor:/opt/ros/jazzy/opt/gz_transport_vendor:/opt/ros/jazzy/opt/gz_rendering_vendor:/opt/ros/jazzy/opt/gz_plugin_vendor:/opt/ros/jazzy/opt/gz_fuel_tools_vendor:/opt/ros/jazzy/opt/gz_msgs_vendor:/opt/ros/jazzy/opt/gz_common_vendor:/opt/ros/jazzy/opt/gz_math_vendor:/opt/ros/jazzy/opt/gz_utils_vendor:/opt/ros/jazzy/opt/gz_tools_vendor:/opt/ros/jazzy/opt/gz_ogre_next_vendor:/opt/ros/jazzy/opt/gz_dartsim_vendor:/opt/ros/jazzy/opt/gz_cmake_vendor:/opt/ros/jazzy'}), 'shell': False}
[0.028630] (avoa3d) StdoutLine: {'line': b'-- Found ament_cmake: 2.5.5 (/opt/ros/jazzy/share/ament_cmake/cmake)\n'}
[0.099933] (-) TimerEvent: {}
[0.128504] (rvo2_ros2) StdoutLine: {'line': b'-- The C compiler identification is GNU 13.3.0\n'}
[0.155298] (avoa3d) StdoutLine: {'line': b'-- Found Python3: /usr/bin/python3 (found version "3.12.3") found components: Interpreter \n'}
[0.200021] (-) TimerEvent: {}
[0.215999] (rvo2_ros2) StdoutLine: {'line': b'-- The CXX compiler identification is GNU 13.3.0\n'}
[0.234231] (rvo2_ros2) StdoutLine: {'line': b'-- Detecting C compiler ABI info\n'}
[0.268362] (avoa3d) StdoutLine: {'line': b'-- Found rclcpp: 28.1.16 (/opt/ros/jazzy/share/rclcpp/cmake)\n'}
[0.300165] (-) TimerEvent: {}
[0.320067] (rvo2_ros2) StdoutLine: {'line': b'-- Detecting C compiler ABI info - done\n'}
[0.326512] (rvo2_ros2) StdoutLine: {'line': b'-- Check for working C compiler: /usr/bin/cc - skipped\n'}
[0.326959] (rvo2_ros2) StdoutLine: {'line': b'-- Detecting C compile features\n'}
[0.327322] (rvo2_ros2) StdoutLine: {'line': b'-- Detecting C compile features - done\n'}
[0.331205] (avoa3d) StdoutLine: {'line': b'-- Found rosidl_generator_c: 4.6.7 (/opt/ros/jazzy/share/rosidl_generator_c/cmake)\n'}
[0.335469] (rvo2_ros2) StdoutLine: {'line': b'-- Detecting CXX compiler ABI info\n'}
[0.344633] (avoa3d) StdoutLine: {'line': b'-- Found rosidl_generator_cpp: 4.6.7 (/opt/ros/jazzy/share/rosidl_generator_cpp/cmake)\n'}
[0.362250] (avoa3d) StdoutLine: {'line': b'-- Using all available rosidl_typesupport_c: rosidl_typesupport_fastrtps_c;rosidl_typesupport_introspection_c\n'}
[0.381857] (avoa3d) StdoutLine: {'line': b'-- Using all available rosidl_typesupport_cpp: rosidl_typesupport_fastrtps_cpp;rosidl_typesupport_introspection_cpp\n'}
[0.400343] (-) TimerEvent: {}
[0.413093] (rvo2_ros2) StdoutLine: {'line': b'-- Detecting CXX compiler ABI info - done\n'}
[0.419521] (rvo2_ros2) StdoutLine: {'line': b'-- Check for working CXX compiler: /usr/bin/c++ - skipped\n'}
[0.419873] (rvo2_ros2) StdoutLine: {'line': b'-- Detecting CXX compile features\n'}
[0.420186] (rvo2_ros2) StdoutLine: {'line': b'-- Detecting CXX compile features - done\n'}
[0.423488] (rvo2_ros2) StdoutLine: {'line': b'-- Found ament_cmake: 2.5.5 (/opt/ros/jazzy/share/ament_cmake/cmake)\n'}
[0.458070] (avoa3d) StdoutLine: {'line': b'-- Found rmw_implementation_cmake: 7.3.3 (/opt/ros/jazzy/share/rmw_implementation_cmake/cmake)\n'}
[0.462184] (avoa3d) StdoutLine: {'line': b'-- Found rmw_fastrtps_cpp: 8.4.3 (/opt/ros/jazzy/share/rmw_fastrtps_cpp/cmake)\n'}
[0.500486] (-) TimerEvent: {}
[0.541660] (rvo2_ros2) StdoutLine: {'line': b'-- Found Python3: /usr/bin/python3 (found version "3.12.3") found components: Interpreter \n'}
[0.564186] (avoa3d) StdoutLine: {'line': b'-- Found OpenSSL: /usr/lib/x86_64-linux-gnu/libcrypto.so (found version "3.0.13")  \n'}
[0.588099] (avoa3d) StdoutLine: {'line': b'-- Found FastRTPS: /opt/ros/jazzy/include (Required is at least version "2.13") \n'}
[0.600711] (-) TimerEvent: {}
[0.618518] (avoa3d) StdoutLine: {'line': b"-- Using RMW implementation 'rmw_fastrtps_cpp' as default\n"}
[0.660289] (rvo2_ros2) StdoutLine: {'line': b'-- Found rclcpp: 28.1.16 (/opt/ros/jazzy/share/rclcpp/cmake)\n'}
[0.690950] (avoa3d) StdoutLine: {'line': b'-- Found std_msgs: 5.3.6 (/opt/ros/jazzy/share/std_msgs/cmake)\n'}
[0.696084] (rvo2_ros2) StdoutLine: {'line': b'-- Found rosidl_generator_c: 4.6.7 (/opt/ros/jazzy/share/rosidl_generator_c/cmake)\n'}
[0.700923] (-) TimerEvent: {}
[0.702814] (avoa3d) StdoutLine: {'line': b'-- Found visualization_msgs: 5.3.6 (/opt/ros/jazzy/share/visualization_msgs/cmake)\n'}
[0.707374] (rvo2_ros2) StdoutLine: {'line': b'-- Found rosidl_generator_cpp: 4.6.7 (/opt/ros/jazzy/share/rosidl_generator_cpp/cmake)\n'}
[0.726592] (rvo2_ros2) StdoutLine: {'line': b'-- Using all available rosidl_typesupport_c: rosidl_typesupport_fastrtps_c;rosidl_typesupport_introspection_c\n'}
[0.745018] (rvo2_ros2) StdoutLine: {'line': b'-- Using all available rosidl_typesupport_cpp: rosidl_typesupport_fastrtps_cpp;rosidl_typesupport_introspection_cpp\n'}
[0.766620] (avoa3d) StdoutLine: {'line': b'-- Found rosidl_default_generators: 1.6.0 (/opt/ros/jazzy/share/rosidl_default_generators/cmake)\n'}
[0.782645] (avoa3d) StdoutLine: {'line': b'-- Found rosidl_adapter: 4.6.7 (/opt/ros/jazzy/share/rosidl_adapter/cmake)\n'}
[0.786782] (avoa3d) StdoutLine: {'line': b'-- Found nav_msgs: 5.3.6 (/opt/ros/jazzy/share/nav_msgs/cmake)\n'}
[0.801016] (-) TimerEvent: {}
[0.804048] (rvo2_ros2) StdoutLine: {'line': b'-- Found rmw_implementation_cmake: 7.3.3 (/opt/ros/jazzy/share/rmw_implementation_cmake/cmake)\n'}
[0.806733] (avoa3d) StdoutLine: {'line': b'-- Found tf2_ros: 0.36.19 (/opt/ros/jazzy/share/tf2_ros/cmake)\n'}
[0.807042] (rvo2_ros2) StdoutLine: {'line': b'-- Found rmw_fastrtps_cpp: 8.4.3 (/opt/ros/jazzy/share/rmw_fastrtps_cpp/cmake)\n'}
[0.876805] (rvo2_ros2) StdoutLine: {'line': b'-- Found OpenSSL: /usr/lib/x86_64-linux-gnu/libcrypto.so (found version "3.0.13")  \n'}
[0.892434] (rvo2_ros2) StdoutLine: {'line': b'-- Found FastRTPS: /opt/ros/jazzy/include (Required is at least version "2.13") \n'}
[0.901090] (-) TimerEvent: {}
[0.912020] (rvo2_ros2) StdoutLine: {'line': b"-- Using RMW implementation 'rmw_fastrtps_cpp' as default\n"}
[0.927421] (avoa3d) StdoutLine: {'line': b'-- Found tf2_eigen: 0.36.19 (/opt/ros/jazzy/share/tf2_eigen/cmake)\n'}
[0.940229] (avoa3d) StdoutLine: {'line': b'-- Found tf2_geometry_msgs: 0.36.19 (/opt/ros/jazzy/share/tf2_geometry_msgs/cmake)\n'}
[0.954182] (avoa3d) StdoutLine: {'line': b'-- Found eigen3_cmake_module: 0.3.0 (/opt/ros/jazzy/share/eigen3_cmake_module/cmake)\n'}
[0.955446] (avoa3d) StdoutLine: {'line': b'-- Found Eigen3: TRUE (found version "3.4.0") \n'}
[0.955613] (avoa3d) StdoutLine: {'line': b'-- Ensuring Eigen3 include directory is part of orocos-kdl CMake target\n'}
[0.959354] (avoa3d) StdoutLine: {'line': b'-- Found rviz_visual_tools: 4.1.4 (/opt/ros/jazzy/share/rviz_visual_tools/cmake)\n'}
[0.968540] (rvo2_ros2) StdoutLine: {'line': b'-- Found geometry_msgs: 5.3.6 (/opt/ros/jazzy/share/geometry_msgs/cmake)\n'}
[0.991341] (rvo2_ros2) StdoutLine: {'line': b'-- Found nav_msgs: 5.3.6 (/opt/ros/jazzy/share/nav_msgs/cmake)\n'}
[1.001181] (-) TimerEvent: {}
[1.009554] (rvo2_ros2) StdoutLine: {'line': b'-- Found rosidl_default_generators: 1.6.0 (/opt/ros/jazzy/share/rosidl_default_generators/cmake)\n'}
[1.024923] (rvo2_ros2) StdoutLine: {'line': b'-- Found rosidl_adapter: 4.6.7 (/opt/ros/jazzy/share/rosidl_adapter/cmake)\n'}
[1.053983] (avoa3d) StdoutLine: {'line': b"-- Setting OGRE_DIR to: '/opt/ros/jazzy/share/rviz_ogre_vendor/cmake/../../../opt/rviz_ogre_vendor/lib/OGRE/cmake'\n"}
[1.055995] (avoa3d) StdoutLine: {'line': b'-- Found OGRE\n'}
[1.056391] (avoa3d) StdoutLine: {'line': b'--   static     : OFF\n'}
[1.056504] (avoa3d) StdoutLine: {'line': b'--   components : MeshLodGenerator;Overlay;Paging;Property;RTShaderSystem;Terrain;Volume\n'}
[1.056585] (avoa3d) StdoutLine: {'line': b'--   plugins    : Plugin_BSPSceneManager;Plugin_OctreeSceneManager;Plugin_PCZSceneManager;Plugin_ParticleFX;RenderSystem_GL;RenderSystem_GL3Plus;Codec_STBI\n'}
[1.056662] (avoa3d) StdoutLine: {'line': b'--   media      : /opt/ros/jazzy/opt/rviz_ogre_vendor/share/OGRE/Media\n'}
[1.056734] (avoa3d) StdoutLine: {'line': b'-- OGRE_LIBRARIES: OgreMeshLodGenerator;OgreOverlay;OgrePaging;OgreProperty;OgreRTShaderSystem;OgreTerrain;OgreVolume;OgreMain\n'}
[1.056808] (avoa3d) StdoutLine: {'line': b'-- OGRE_LIBRARY_DIRS: /opt/ros/jazzy/opt/rviz_ogre_vendor/lib\n'}
[1.056881] (avoa3d) StdoutLine: {'line': b'-- OGRE_PLUGINS: Plugin_BSPSceneManager;Plugin_OctreeSceneManager;Plugin_PCZSceneManager;Plugin_ParticleFX;RenderSystem_GL;RenderSystem_GL3Plus;Codec_STBI\n'}
[1.056954] (avoa3d) StdoutLine: {'line': b'-- OGRE_PLUGIN_DIR: /opt/ros/jazzy/opt/rviz_ogre_vendor/lib/OGRE\n'}
[1.057026] (avoa3d) StdoutLine: {'line': b'-- rviz_ogre_vendor::OgreOverlay for IMPORTED_LOCATION_RELEASE: /opt/ros/jazzy/opt/rviz_ogre_vendor/lib/libOgreOverlay.so\n'}
[1.057098] (avoa3d) StdoutLine: {'line': b'-- rviz_ogre_vendor::OgreOverlay for IMPORTED_LOCATION_DEBUG: /opt/ros/jazzy/opt/rviz_ogre_vendor/lib/libOgreOverlay.so\n'}
[1.057180] (avoa3d) StdoutLine: {'line': b'-- rviz_ogre_vendor::OgreMain for IMPORTED_LOCATION_RELEASE: /opt/ros/jazzy/opt/rviz_ogre_vendor/lib/libOgreMain.so\n'}
[1.057253] (avoa3d) StdoutLine: {'line': b'-- rviz_ogre_vendor::OgreMain for IMPORTED_LOCATION_DEBUG: /opt/ros/jazzy/opt/rviz_ogre_vendor/lib/libOgreMain.so\n'}
[1.085188] (avoa3d) StdoutLine: {'line': b'-- Found ZLIB: /usr/lib/x86_64-linux-gnu/libz.so (found version "1.3")  \n'}
[1.097739] (avoa3d) StdoutLine: {'line': b'-- Found OpenGL: /usr/lib/x86_64-linux-gnu/libOpenGL.so   \n'}
[1.101256] (-) TimerEvent: {}
[1.201447] (-) TimerEvent: {}
[1.238896] (avoa3d) StdoutLine: {'line': b'-- Found X11: /usr/include   \n'}
[1.239519] (avoa3d) StdoutLine: {'line': b'-- Looking for XOpenDisplay in /usr/lib/x86_64-linux-gnu/libX11.so;/usr/lib/x86_64-linux-gnu/libXext.so\n'}
[1.301539] (-) TimerEvent: {}
[1.312758] (avoa3d) StdoutLine: {'line': b'-- Looking for XOpenDisplay in /usr/lib/x86_64-linux-gnu/libX11.so;/usr/lib/x86_64-linux-gnu/libXext.so - found\n'}
[1.312933] (avoa3d) StdoutLine: {'line': b'-- Looking for gethostbyname\n'}
[1.378934] (avoa3d) StdoutLine: {'line': b'-- Looking for gethostbyname - found\n'}
[1.379144] (avoa3d) StdoutLine: {'line': b'-- Looking for connect\n'}
[1.401628] (-) TimerEvent: {}
[1.447734] (avoa3d) StdoutLine: {'line': b'-- Looking for connect - found\n'}
[1.447899] (avoa3d) StdoutLine: {'line': b'-- Looking for remove\n'}
[1.496054] (rvo2_ros2) StdoutLine: {'line': b'-- Found ament_cmake_ros: 0.12.0 (/opt/ros/jazzy/share/ament_cmake_ros/cmake)\n'}
[1.501740] (-) TimerEvent: {}
[1.516597] (avoa3d) StdoutLine: {'line': b'-- Looking for remove - found\n'}
[1.516798] (avoa3d) StdoutLine: {'line': b'-- Looking for shmat\n'}
[1.586725] (avoa3d) StdoutLine: {'line': b'-- Looking for shmat - found\n'}
[1.586941] (avoa3d) StdoutLine: {'line': b'-- Looking for IceConnectionNumber in ICE\n'}
[1.601834] (-) TimerEvent: {}
[1.662605] (avoa3d) StdoutLine: {'line': b'-- Looking for IceConnectionNumber in ICE - found\n'}
[1.694426] (avoa3d) StdoutLine: {'line': b"-- Setting yaml-cpp_DIR to: '/opt/ros/jazzy/share/yaml_cpp_vendor/cmake/../../../opt/yaml_cpp_vendor/share/cmake/yaml-cpp'\n"}
[1.701934] (-) TimerEvent: {}
[1.797200] (avoa3d) StdoutLine: {'line': b'-- Found obstacle_detector: 1.0.0 (/home/xizesse/ros2_ws/install/obstacle_detector/share/obstacle_detector/cmake)\n'}
[1.802042] (-) TimerEvent: {}
[1.902309] (-) TimerEvent: {}
[2.002643] (-) TimerEvent: {}
[2.103083] (-) TimerEvent: {}
[2.203373] (-) TimerEvent: {}
[2.223680] (rvo2_ros2) StdoutLine: {'line': b'-- Using all available rosidl_typesupport_c: rosidl_typesupport_fastrtps_c;rosidl_typesupport_introspection_c\n'}
[2.303606] (-) TimerEvent: {}
[2.324633] (avoa3d) StdoutLine: {'line': b'-- Found ament_cmake_ros: 0.12.0 (/opt/ros/jazzy/share/ament_cmake_ros/cmake)\n'}
[2.403727] (-) TimerEvent: {}
[2.476978] (rvo2_ros2) StdoutLine: {'line': b'-- Using all available rosidl_typesupport_cpp: rosidl_typesupport_fastrtps_cpp;rosidl_typesupport_introspection_cpp\n'}
[2.484352] (rvo2_ros2) StdoutLine: {'line': b'-- Found python_cmake_module: 0.11.1 (/opt/ros/jazzy/share/python_cmake_module/cmake)\n'}
[2.503985] (-) TimerEvent: {}
[2.604359] (-) TimerEvent: {}
[2.612465] (rvo2_ros2) StdoutLine: {'line': b'-- Found PythonExtra: /usr/bin/python3  \n'}
[2.704468] (-) TimerEvent: {}
[2.804888] (-) TimerEvent: {}
[2.905231] (-) TimerEvent: {}
[2.966397] (rvo2_ros2) StdoutLine: {'line': b'-- Found Python3: /usr/bin/python3 (found version "3.12.3") found components: Interpreter Development NumPy Development.Module Development.Embed \n'}
[3.005277] (avoa3d) StdoutLine: {'line': b'-- Using all available rosidl_typesupport_c: rosidl_typesupport_fastrtps_c;rosidl_typesupport_introspection_c\n'}
[3.005453] (-) TimerEvent: {}
[3.017545] (rvo2_ros2) StdoutLine: {'line': b'-- Configuring done (3.0s)\n'}
[3.057822] (rvo2_ros2) StdoutLine: {'line': b'-- Generating done (0.0s)\n'}
[3.068807] (rvo2_ros2) StdoutLine: {'line': b'-- Build files have been written to: /home/xizesse/ros2_ws/src/avoa3d/build/rvo2_ros2\n'}
[3.079108] (rvo2_ros2) CommandEnded: {'returncode': 0}
[3.079693] (rvo2_ros2) JobProgress: {'identifier': 'rvo2_ros2', 'progress': 'build'}
[3.080286] (rvo2_ros2) Command: {'cmd': ['/usr/bin/cmake', '--build', '/home/xizesse/ros2_ws/src/avoa3d/build/rvo2_ros2', '--', '-j20', '-l20'], 'cwd': '/home/xizesse/ros2_ws/src/avoa3d/build/rvo2_ros2', 'env': OrderedDict({'GZ_SIM_SYSTEM_PLUGIN_PATH': '/home/xizesse/vrx_ws/install/lib', 'GJS_DEBUG_TOPICS': 'JS ERROR;JS LOG', 'PYTHON_BASIC_REPL': '1', 'LESSOPEN': '| /usr/bin/lesspipe %s', 'GZ_SIM_RESOURCE_PATH': '/home/xizesse/ros2_ws/install/lily_gz/share/lily_gz/models:/home/xizesse/vrx_ws/install/share/vrx_gz/models/tmp:/home/xizesse/vrx_ws/install/share/vrx_gz/models:/home/xizesse/vrx_ws/install/share/vrx_gz/worlds/2023_phase2:/home/xizesse/vrx_ws/install/share/vrx_gz/worlds/2023_practice:/home/xizesse/vrx_ws/install/share/vrx_gz/worlds:/home/xizesse/vrx_ws/install/share/wamv_description/models:/home/xizesse/vrx_ws/install/share/vrx_gazebo/models:/home/xizesse/vrx_ws/install/share/:/opt/ros/jazzy/share', 'USER': 'xizesse', 'GZ_CONFIG_PATH': '/opt/ros/jazzy/opt/gz_sim_vendor/share/gz:/opt/ros/jazzy/opt/sdformat_vendor/share/gz:/opt/ros/jazzy/opt/gz_gui_vendor/share/gz:/opt/ros/jazzy/opt/gz_transport_vendor/share/gz:/opt/ros/jazzy/opt/gz_rendering_vendor/share/gz:/opt/ros/jazzy/opt/gz_plugin_vendor/share/gz:/opt/ros/jazzy/opt/gz_fuel_tools_vendor/share/gz:/opt/ros/jazzy/opt/gz_msgs_vendor/share/gz:/opt/ros/jazzy/opt/gz_common_vendor/share/gz', 'XDG_SESSION_TYPE': 'x11', 'GIT_ASKPASS': '/usr/share/antigravity/resources/app/extensions/git/dist/askpass.sh', 'CLUTTER_DISABLE_MIPMAPPED_TEXT': '1', 'SHLVL': '1', 'LD_LIBRARY_PATH': '/home/xizesse/ros2_ws/install/vesc_msgs/lib:/home/xizesse/ros2_ws/install/rvo2_ros2/lib:/home/xizesse/ros2_ws/install/avoa3d/lib:/home/xizesse/ros2_ws/install/obstacle_detector/lib:/home/xizesse/ros2_ws/install/io_context/lib:/home/xizesse/vrx_ws/install/lib:/opt/ros/jazzy/opt/gz_sim_vendor/lib:/opt/ros/jazzy/opt/gz_sensors_vendor/lib:/opt/ros/jazzy/opt/gz_physics_vendor/lib:/opt/ros/jazzy/opt/sdformat_vendor/lib:/opt/ros/jazzy/opt/rviz_ogre_vendor/lib:/opt/ros/jazzy/lib/x86_64-linux-gnu:/opt/ros/jazzy/opt/gz_gui_vendor/lib:/opt/ros/jazzy/opt/gz_transport_vendor/lib:/opt/ros/jazzy/opt/gz_rendering_vendor/lib:/opt/ros/jazzy/opt/gz_plugin_vendor/lib:/opt/ros/jazzy/opt/gz_fuel_tools_vendor/lib:/opt/ros/jazzy/opt/gz_msgs_vendor/lib:/opt/ros/jazzy/opt/gz_common_vendor/lib:/opt/ros/jazzy/opt/gz_math_vendor/lib:/opt/ros/jazzy/opt/gz_utils_vendor/lib:/opt/ros/jazzy/opt/gz_tools_vendor/lib:/opt/ros/jazzy/opt/gz_ogre_next_vendor/lib:/opt/ros/jazzy/opt/gz_dartsim_vendor/lib:/opt/ros/jazzy/opt/gz_cmake_vendor/lib:/opt/ros/jazzy/lib', 'ANTIGRAVITY_CLI_ALIAS': 'agy', 'HOME': '/home/xizesse', 'CHROME_DESKTOP': 'antigravity.desktop', 'OLDPWD': '/home/xizesse/ros2_ws/src/avoa3d/scripts', 'TERM_PROGRAM_VERSION': '1.107.0', 'DESKTOP_SESSION': 'ubuntu', 'GIO_LAUNCHED_DESKTOP_FILE': '/usr/share/applications/antigravity.desktop', 'ROS_PYTHON_VERSION': '3', 'GNOME_SHELL_SESSION_MODE': 'ubuntu', 'GTK_MODULES': 'gail:atk-bridge', 'PAGER': 'cat', 'VSCODE_GIT_ASKPASS_MAIN': '/usr/share/antigravity/resources/app/extensions/git/dist/askpass-main.js', 'VSCODE_GIT_ASKPASS_NODE': '/usr/share/antigravity/antigravity', 'MANAGERPID': '3010', 'PYDEVD_DISABLE_FILE_VALIDATION': '1', 'SYSTEMD_EXEC_PID': '3454', 'BUNDLED_DEBUGPY_PATH': '/home/xizesse/.antigravity/extensions/ms-python.debugpy-2025.18.0-linux-x64/bundled/libs/debugpy', 'VSCODE_PYTHON_AUTOACTIVATE_GUARD': '1', 'GSM_SKIP_SSH_AGENT_WORKAROUND': 'true', 'DBUS_SESSION_BUS_ADDRESS': 'unix:path=/run/user/1000/bus', 'COLORTERM': 'truecolor', 'ANTIGRAVITY_AGENT': '1', 'GIO_LAUNCHED_DESKTOP_FILE_PID': '4549', 'DEBUGINFOD_URLS': 'https://debuginfod.ubuntu.com', 'COLCON_PREFIX_PATH': '/home/xizesse/vrx_ws/install:/home/xizesse/ros2_ws/install', 'ROS_DISTRO': 'jazzy', 'LOGNAME': 'xizesse', 'JOURNAL_STREAM': '9:30996', '_': '/usr/bin/colcon', 'ROS_VERSION': '2', 'MEMORY_PRESSURE_WATCH': '/sys/fs/cgroup/user.slice/user-1000.slice/user@1000.service/session.slice/org.gnome.Shell@x11.service/memory.pressure', 'XDG_SESSION_CLASS': 'user', 'USERNAME': 'xizesse', 'TERM': 'xterm-256color', 'GNOME_DESKTOP_SESSION_ID': 'this-is-deprecated', 'FC_FONTATIONS': '1', 'WINDOWPATH': '2', 'PATH': '/opt/ros/jazzy/opt/gz_msgs_vendor/bin:/opt/ros/jazzy/opt/gz_tools_vendor/bin:/opt/ros/jazzy/opt/gz_ogre_next_vendor/bin:/opt/ros/jazzy/bin:/usr/local/sbin:/usr/local/bin:/usr/sbin:/usr/bin:/sbin:/bin:/usr/games:/usr/local/games:/snap/bin:/snap/bin:/home/xizesse/.antigravity/extensions/ms-python.debugpy-2025.18.0-linux-x64/bundled/scripts/noConfigScripts', 'SESSION_MANAGER': 'local/xizesse-ASUS-TUF-F15:@/tmp/.ICE-unix/3410,unix/xizesse-ASUS-TUF-F15:/tmp/.ICE-unix/3410', 'INVOCATION_ID': '30bd506c23524f78859216809f6cb439', 'XDG_MENU_PREFIX': 'gnome-', 'XDG_RUNTIME_DIR': '/run/user/1000', 'GDK_BACKEND': 'x11', 'DISPLAY': ':1', 'VSCODE_DEBUGPY_ADAPTER_ENDPOINTS': '/home/xizesse/.antigravity/extensions/ms-python.debugpy-2025.18.0-linux-x64/.noConfigDebugAdapterEndpoints/endpoint-7dcae9b31626a138.txt', 'LANG': 'en_US.UTF-8', 'XDG_CURRENT_DESKTOP': 'ubuntu:GNOME', 'PYTHONSTARTUP': '/home/xizesse/.config/Antigravity/User/workspaceStorage/4f14c94f2b5cbce87ebf14fd4d607f5d/ms-python.python/pythonrc.py', 'XMODIFIERS': '@im=ibus', 'XDG_SESSION_DESKTOP': 'ubuntu', 'XAUTHORITY': '/run/user/1000/gdm/Xauthority', 'LS_COLORS': 'rs=0:di=01;34:ln=01;36:mh=00:pi=40;33:so=01;35:do=01;35:bd=40;33;01:cd=40;33;01:or=40;31;01:mi=00:su=37;41:sg=30;43:ca=00:tw=30;42:ow=34;42:st=37;44:ex=01;32:*.tar=01;31:*.tgz=01;31:*.arc=01;31:*.arj=01;31:*.taz=01;31:*.lha=01;31:*.lz4=01;31:*.lzh=01;31:*.lzma=01;31:*.tlz=01;31:*.txz=01;31:*.tzo=01;31:*.t7z=01;31:*.zip=01;31:*.z=01;31:*.dz=01;31:*.gz=01;31:*.lrz=01;31:*.lz=01;31:*.lzo=01;31:*.xz=01;31:*.zst=01;31:*.tzst=01;31:*.bz2=01;31:*.bz=01;31:*.tbz=01;31:*.tbz2=01;31:*.tz=01;31:*.deb=01;31:*.rpm=01;31:*.jar=01;31:*.war=01;31:*.ear=01;31:*.sar=01;31:*.rar=01;31:*.alz=01;31:*.ace=01;31:*.zoo=01;31:*.cpio=01;31:*.7z=01;31:*.rz=01;31:*.cab=01;31:*.wim=01;31:*.swm=01;31:*.dwm=01;31:*.esd=01;31:*.avif=01;35:*.jpg=01;35:*.jpeg=01;35:*.mjpg=01;35:*.mjpeg=01;35:*.gif=01;35:*.bmp=01;35:*.pbm=01;35:*.pgm=01;35:*.ppm=01;35:*.tga=01;35:*.xbm=01;35:*.xpm=01;35:*.tif=01;35:*.tiff=01;35:*.png=01;35:*.svg=01;35:*.svgz=01;35:*.mng=01;35:*.pcx=01;35:*.mov=01;35:*.mpg=01;35:*.mpeg=01;35:*.m2v=01;35:*.mkv=01;35:*.webm=01;35:*.webp=01;35:*.ogm=01;35:*.mp4=01;35:*.m4v=01;35:*.mp4v=01;35:*.vob=01;35:*.qt=01;35:*.nuv=01;35:*.wmv=01;35:*.asf=01;35:*.rm=01;35:*.rmvb=01;35:*.flc=01;35:*.avi=01;35:*.fli=01;35:*.flv=01;35:*.gl=01;35:*.dl=01;35:*.xcf=01;35:*.xwd=01;35:*.yuv=01;35:*.cgm=01;35:*.emf=01;35:*.ogv=01;35:*.ogx=01;35:*.aac=00;36:*.au=00;36:*.flac=00;36:*.m4a=00;36:*.mid=00;36:*.midi=00;36:*.mka=00;36:*.mp3=00;36:*.mpc=00;36:*.ogg=00;36:*.ra=00;36:*.wav=00;36:*.oga=00;36:*.opus=00;36:*.spx=00;36:*.xspf=00;36:*~=00;90:*#=00;90:*.bak=00;90:*.crdownload=00;90:*.dpkg-dist=00;90:*.dpkg-new=00;90:*.dpkg-old=00;90:*.dpkg-tmp=00;90:*.old=00;90:*.orig=00;90:*.part=00;90:*.rej=00;90:*.rpmnew=00;90:*.rpmorig=00;90:*.rpmsave=00;90:*.swp=00;90:*.tmp=00;90:*.ucf-dist=00;90:*.ucf-new=00;90:*.ucf-old=00;90:', 'SBX_CHROME_API_RQ': '1', 'VSCODE_GIT_IPC_HANDLE': '/run/user/1000/vscode-git-3273f0ee0d.sock', 'TERM_PROGRAM': 'vscode', 'SSH_AUTH_SOCK': '/run/user/1000/keyring/ssh', 'AMENT_PREFIX_PATH': '/home/xizesse/ros2_ws/install/vesc_msgs:/home/xizesse/ros2_ws/install/rvo2_ros2:/home/xizesse/ros2_ws/install/avoa3d:/home/xizesse/ros2_ws/install/obstacle_detector:/home/xizesse/ros2_ws/install/lily_visualization:/home/xizesse/ros2_ws/install/lily_teleop:/home/xizesse/ros2_ws/install/lily_nav:/home/xizesse/ros2_ws/install/lily_gz:/home/xizesse/ros2_ws/install/lily_bringup:/home/xizesse/ros2_ws/install/io_context:/home/xizesse/ros2_ws/install/asio_cmake_module:/home/xizesse/vrx_ws/install:/opt/ros/jazzy', 'SHELL': '/bin/bash', 'QT_ACCESSIBILITY': '1', 'GDMSESSION': 'ubuntu', 'LESSCLOSE': '/usr/bin/lesspipe %s %s', 'GPG_AGENT_INFO': '/run/user/1000/gnupg/S.gpg-agent:0:1', 'GJS_DEBUG_OUTPUT': 'stderr', 'ROS_AUTOMATIC_DISCOVERY_RANGE': 'SUBNET', 'VSCODE_GIT_ASKPASS_EXTRA_ARGS': '', 'QT_IM_MODULE': 'ibus', 'PWD': '/home/xizesse/ros2_ws/src/avoa3d/build/rvo2_ros2', 'LC_ALL': 'en_US.UTF-8', 'XDG_CONFIG_DIRS': '/etc/xdg/xdg-ubuntu:/etc/xdg', 'XDG_DATA_DIRS': '/usr/share/ubuntu:/usr/share/gnome:/home/xizesse/.local/share/flatpak/exports/share:/var/lib/flatpak/exports/share:/usr/local/share/:/usr/share/:/var/lib/snapd/desktop', 'PYTHONPATH': '/home/xizesse/ros2_ws/install/vesc_msgs/lib/python3.12/site-packages:/home/xizesse/ros2_ws/install/rvo2_ros2/lib/python3.12/site-packages:/home/xizesse/ros2_ws/install/avoa3d/lib/python3.12/site-packages:/home/xizesse/ros2_ws/install/obstacle_detector/lib/python3.12/site-packages:/home/xizesse/vrx_ws/install/lib/python3.12/site-packages:/opt/ros/jazzy/lib/python3.12/site-packages', 'COLCON': '1', 'MEMORY_PRESSURE_WRITE': 'c29tZSAyMDAwMDAgMjAwMDAwMAA=', 'CMAKE_PREFIX_PATH': '/home/xizesse/ros2_ws/install/vesc_msgs:/home/xizesse/ros2_ws/install/rvo2_ros2:/home/xizesse/ros2_ws/install/avoa3d:/home/xizesse/ros2_ws/install/obstacle_detector:/home/xizesse/ros2_ws/install/lily_visualization:/home/xizesse/ros2_ws/install/lily_teleop:/home/xizesse/ros2_ws/install/lily_nav:/home/xizesse/ros2_ws/install/lily_gz:/home/xizesse/ros2_ws/install/lily_bringup:/home/xizesse/ros2_ws/install/io_context:/home/xizesse/ros2_ws/install/asio_cmake_module:/home/xizesse/vrx_ws/install:/opt/ros/jazzy/opt/gz_sim_vendor:/opt/ros/jazzy/opt/gz_sensors_vendor:/opt/ros/jazzy/opt/gz_physics_vendor:/opt/ros/jazzy/opt/sdformat_vendor:/opt/ros/jazzy/opt/gz_gui_vendor:/opt/ros/jazzy/opt/gz_transport_vendor:/opt/ros/jazzy/opt/gz_rendering_vendor:/opt/ros/jazzy/opt/gz_plugin_vendor:/opt/ros/jazzy/opt/gz_fuel_tools_vendor:/opt/ros/jazzy/opt/gz_msgs_vendor:/opt/ros/jazzy/opt/gz_common_vendor:/opt/ros/jazzy/opt/gz_math_vendor:/opt/ros/jazzy/opt/gz_utils_vendor:/opt/ros/jazzy/opt/gz_tools_vendor:/opt/ros/jazzy/opt/gz_ogre_next_vendor:/opt/ros/jazzy/opt/gz_dartsim_vendor:/opt/ros/jazzy/opt/gz_cmake_vendor:/opt/ros/jazzy'}), 'shell': False}
[3.105550] (-) TimerEvent: {}
[3.135824] (rvo2_ros2) StdoutLine: {'line': b'[  1%] \x1b[32mBuilding CXX object CMakeFiles/rvo2_core.dir/src/rvo2/KdTree.cpp.o\x1b[0m\n'}
[3.136047] (rvo2_ros2) StdoutLine: {'line': b'[  3%] \x1b[32mBuilding CXX object CMakeFiles/rvo2_core.dir/src/rvo2/Agent.cpp.o\x1b[0m\n'}
[3.136887] (rvo2_ros2) StdoutLine: {'line': b'[  5%] \x1b[34m\x1b[1mGenerating type hashes for ROS interfaces\x1b[0m\n'}
[3.137188] (rvo2_ros2) StdoutLine: {'line': b'[  7%] \x1b[32mBuilding CXX object CMakeFiles/rvo2_core.dir/src/rvo2/RVOSimulator.cpp.o\x1b[0m\n'}
[3.139280] (rvo2_ros2) StdoutLine: {'line': b'[  7%] Built target ament_cmake_python_copy_rvo2_ros2\n'}
[3.205680] (-) TimerEvent: {}
[3.289478] (avoa3d) StdoutLine: {'line': b'-- Using all available rosidl_typesupport_cpp: rosidl_typesupport_fastrtps_cpp;rosidl_typesupport_introspection_cpp\n'}
[3.289791] (rvo2_ros2) StdoutLine: {'line': b'running egg_info\n'}
[3.290475] (rvo2_ros2) StdoutLine: {'line': b'creating rvo2_ros2.egg-info\n'}
[3.293044] (avoa3d) StdoutLine: {'line': b'-- Found python_cmake_module: 0.11.1 (/opt/ros/jazzy/share/python_cmake_module/cmake)\n'}
[3.302536] (rvo2_ros2) StdoutLine: {'line': b'writing rvo2_ros2.egg-info/PKG-INFO\n'}
[3.302762] (rvo2_ros2) StdoutLine: {'line': b'writing dependency_links to rvo2_ros2.egg-info/dependency_links.txt\n'}
[3.302865] (rvo2_ros2) StdoutLine: {'line': b'writing top-level names to rvo2_ros2.egg-info/top_level.txt\n'}
[3.302932] (rvo2_ros2) StdoutLine: {'line': b"writing manifest file 'rvo2_ros2.egg-info/SOURCES.txt'\n"}
[3.305761] (-) TimerEvent: {}
[3.344796] (rvo2_ros2) StdoutLine: {'line': b"reading manifest file 'rvo2_ros2.egg-info/SOURCES.txt'\n"}
[3.345210] (rvo2_ros2) StdoutLine: {'line': b"writing manifest file 'rvo2_ros2.egg-info/SOURCES.txt'\n"}
[3.378943] (rvo2_ros2) StdoutLine: {'line': b'[  7%] Built target ament_cmake_python_build_rvo2_ros2_egg\n'}
[3.379174] (rvo2_ros2) StdoutLine: {'line': b'[  7%] Built target rvo2_ros2__rosidl_generator_type_description\n'}
[3.387964] (rvo2_ros2) StdoutLine: {'line': b'[  9%] \x1b[34m\x1b[1mGenerating C code for ROS interfaces\x1b[0m\n'}
[3.392480] (rvo2_ros2) StderrLine: {'line': b'\x1b[01m\x1b[K/home/xizesse/ros2_ws/src/rvo2_ros2/src/rvo2/RVOSimulator.cpp:\x1b[m\x1b[K In constructor \xe2\x80\x98\x1b[01m\x1b[KRVO::RVOSimulator::\x1b[01;32m\x1b[KRVOSimulator\x1b[m\x1b[K(float, float, size_t, float, float, float, const RVO::Vector3&)\x1b[m\x1b[K\xe2\x80\x99:\n'}
[3.392748] (rvo2_ros2) StderrLine: {'line': b'\x1b[01m\x1b[K/home/xizesse/ros2_ws/src/rvo2_ros2/src/rvo2/RVOSimulator.cpp:58:44:\x1b[m\x1b[K \x1b[01;35m\x1b[Kwarning: \x1b[m\x1b[Kimplicitly-declared \xe2\x80\x98\x1b[01m\x1b[Kconstexpr RVO::Vector3& RVO::Vector3::\x1b[01;32m\x1b[Koperator=\x1b[m\x1b[K(const RVO::Vector3&)\x1b[m\x1b[K\xe2\x80\x99 is deprecated [\x1b[01;35m\x1b[K\x1b]8;;https://gcc.gnu.org/onlinedocs/gcc/Warning-Options.html#index-Wdeprecated-copy\x07-Wdeprecated-copy\x1b]8;;\x07\x1b[m\x1b[K]\n'}
[3.392836] (rvo2_ros2) StderrLine: {'line': b'   58 |                 defaultAgent_->velocity_ = \x1b[01;35m\x1b[Kvelocity\x1b[m\x1b[K;\n'}
[3.392910] (rvo2_ros2) StderrLine: {'line': b'      |                                            \x1b[01;35m\x1b[K^~~~~~~~\x1b[m\x1b[K\n'}
[3.392971] (rvo2_ros2) StderrLine: {'line': b'In file included from \x1b[01m\x1b[K/home/xizesse/ros2_ws/src/rvo2_ros2/include/rvo2/RVOSimulator.h:46\x1b[m\x1b[K,\n'}
[3.393032] (rvo2_ros2) StderrLine: {'line': b'                 from \x1b[01m\x1b[K/home/xizesse/ros2_ws/src/rvo2_ros2/src/rvo2/RVOSimulator.cpp:33\x1b[m\x1b[K:\n'}
[3.393096] (rvo2_ros2) StderrLine: {'line': b'\x1b[01m\x1b[K/home/xizesse/ros2_ws/src/rvo2_ros2/include/rvo2/Vector3.h:66:32:\x1b[m\x1b[K \x1b[01;36m\x1b[Knote: \x1b[m\x1b[Kbecause \xe2\x80\x98\x1b[01m\x1b[KRVO::Vector3\x1b[m\x1b[K\xe2\x80\x99 has user-provided \xe2\x80\x98\x1b[01m\x1b[KRVO::Vector3::\x1b[01;32m\x1b[KVector3\x1b[m\x1b[K(const RVO::Vector3&)\x1b[m\x1b[K\xe2\x80\x99\n'}
[3.393170] (rvo2_ros2) StderrLine: {'line': b'   66 |                 RVO_API inline \x1b[01;36m\x1b[KVector3\x1b[m\x1b[K(const Vector3 &vector)\n'}
[3.393233] (rvo2_ros2) StderrLine: {'line': b'      |                                \x1b[01;36m\x1b[K^~~~~~~\x1b[m\x1b[K\n'}
[3.394721] (rvo2_ros2) StderrLine: {'line': b'\x1b[01m\x1b[K/home/xizesse/ros2_ws/src/rvo2_ros2/src/rvo2/RVOSimulator.cpp:\x1b[m\x1b[K In member function \xe2\x80\x98\x1b[01m\x1b[Ksize_t RVO::RVOSimulator::\x1b[01;32m\x1b[KaddAgent\x1b[m\x1b[K(const RVO::Vector3&)\x1b[m\x1b[K\xe2\x80\x99:\n'}
[3.394970] (rvo2_ros2) StderrLine: {'line': b'\x1b[01m\x1b[K/home/xizesse/ros2_ws/src/rvo2_ros2/src/rvo2/RVOSimulator.cpp:111:36:\x1b[m\x1b[K \x1b[01;35m\x1b[Kwarning: \x1b[m\x1b[Kimplicitly-declared \xe2\x80\x98\x1b[01m\x1b[Kconstexpr RVO::Vector3& RVO::Vector3::\x1b[01;32m\x1b[Koperator=\x1b[m\x1b[K(const RVO::Vector3&)\x1b[m\x1b[K\xe2\x80\x99 is deprecated [\x1b[01;35m\x1b[K\x1b]8;;https://gcc.gnu.org/onlinedocs/gcc/Warning-Options.html#index-Wdeprecated-copy\x07-Wdeprecated-copy\x1b]8;;\x07\x1b[m\x1b[K]\n'}
[3.395073] (rvo2_ros2) StderrLine: {'line': b'  111 |                 agent->position_ = \x1b[01;35m\x1b[Kposition\x1b[m\x1b[K;\n'}
[3.395142] (rvo2_ros2) StderrLine: {'line': b'      |                                    \x1b[01;35m\x1b[K^~~~~~~~\x1b[m\x1b[K\n'}
[3.395196] (rvo2_ros2) StderrLine: {'line': b'\x1b[01m\x1b[K/home/xizesse/ros2_ws/src/rvo2_ros2/include/rvo2/Vector3.h:66:32:\x1b[m\x1b[K \x1b[01;36m\x1b[Knote: \x1b[m\x1b[Kbecause \xe2\x80\x98\x1b[01m\x1b[KRVO::Vector3\x1b[m\x1b[K\xe2\x80\x99 has user-provided \xe2\x80\x98\x1b[01m\x1b[KRVO::Vector3::\x1b[01;32m\x1b[KVector3\x1b[m\x1b[K(const RVO::Vector3&)\x1b[m\x1b[K\xe2\x80\x99\n'}
[3.395253] (rvo2_ros2) StderrLine: {'line': b'   66 |                 RVO_API inline \x1b[01;36m\x1b[KVector3\x1b[m\x1b[K(const Vector3 &vector)\n'}
[3.395320] (rvo2_ros2) StderrLine: {'line': b'      |                                \x1b[01;36m\x1b[K^~~~~~~\x1b[m\x1b[K\n'}
[3.395455] (rvo2_ros2) StderrLine: {'line': b'\x1b[01m\x1b[K/home/xizesse/ros2_ws/src/rvo2_ros2/src/rvo2/RVOSimulator.cpp:117:51:\x1b[m\x1b[K \x1b[01;35m\x1b[Kwarning: \x1b[m\x1b[Kimplicitly-declared \xe2\x80\x98\x1b[01m\x1b[Kconstexpr RVO::Vector3& RVO::Vector3::\x1b[01;32m\x1b[Koperator=\x1b[m\x1b[K(const RVO::Vector3&)\x1b[m\x1b[K\xe2\x80\x99 is deprecated [\x1b[01;35m\x1b[K\x1b]8;;https://gcc.gnu.org/onlinedocs/gcc/Warning-Options.html#index-Wdeprecated-copy\x07-Wdeprecated-copy\x1b]8;;\x07\x1b[m\x1b[K]\n'}
[3.395540] (rvo2_ros2) StderrLine: {'line': b'  117 |                 agent->velocity_ = defaultAgent_->\x1b[01;35m\x1b[Kvelocity_\x1b[m\x1b[K;\n'}
[3.395605] (rvo2_ros2) StderrLine: {'line': b'      |                                                   \x1b[01;35m\x1b[K^~~~~~~~~\x1b[m\x1b[K\n'}
[3.395666] (rvo2_ros2) StderrLine: {'line': b'\x1b[01m\x1b[K/home/xizesse/ros2_ws/src/rvo2_ros2/include/rvo2/Vector3.h:66:32:\x1b[m\x1b[K \x1b[01;36m\x1b[Knote: \x1b[m\x1b[Kbecause \xe2\x80\x98\x1b[01m\x1b[KRVO::Vector3\x1b[m\x1b[K\xe2\x80\x99 has user-provided \xe2\x80\x98\x1b[01m\x1b[KRVO::Vector3::\x1b[01;32m\x1b[KVector3\x1b[m\x1b[K(const RVO::Vector3&)\x1b[m\x1b[K\xe2\x80\x99\n'}
[3.395727] (rvo2_ros2) StderrLine: {'line': b'   66 |                 RVO_API inline \x1b[01;36m\x1b[KVector3\x1b[m\x1b[K(const Vector3 &vector)\n'}
[3.395783] (rvo2_ros2) StderrLine: {'line': b'      |                                \x1b[01;36m\x1b[K^~~~~~~\x1b[m\x1b[K\n'}
[3.395838] (rvo2_ros2) StderrLine: {'line': b'\x1b[01m\x1b[K/home/xizesse/ros2_ws/src/rvo2_ros2/src/rvo2/RVOSimulator.cpp:\x1b[m\x1b[K In member function \xe2\x80\x98\x1b[01m\x1b[Ksize_t RVO::RVOSimulator::\x1b[01;32m\x1b[KaddAgent\x1b[m\x1b[K(const RVO::Vector3&, float, size_t, float, float, float, const RVO::Vector3&)\x1b[m\x1b[K\xe2\x80\x99:\n'}
[3.395895] (rvo2_ros2) StderrLine: {'line': b'\x1b[01m\x1b[K/home/xizesse/ros2_ws/src/rvo2_ros2/src/rvo2/RVOSimulator.cpp:130:36:\x1b[m\x1b[K \x1b[01;35m\x1b[Kwarning: \x1b[m\x1b[Kimplicitly-declared \xe2\x80\x98\x1b[01m\x1b[Kconstexpr RVO::Vector3& RVO::Vector3::\x1b[01;32m\x1b[Koperator=\x1b[m\x1b[K(const RVO::Vector3&)\x1b[m\x1b[K\xe2\x80\x99 is deprecated [\x1b[01;35m\x1b[K\x1b]8;;https://gcc.gnu.org/onlinedocs/gcc/Warning-Options.html#index-Wdeprecated-copy\x07-Wdeprecated-copy\x1b]8;;\x07\x1b[m\x1b[K]\n'}
[3.395960] (rvo2_ros2) StderrLine: {'line': b'  130 |                 agent->position_ = \x1b[01;35m\x1b[Kposition\x1b[m\x1b[K;\n'}
[3.396012] (rvo2_ros2) StderrLine: {'line': b'      |                                    \x1b[01;35m\x1b[K^~~~~~~~\x1b[m\x1b[K\n'}
[3.396069] (rvo2_ros2) StderrLine: {'line': b'\x1b[01m\x1b[K/home/xizesse/ros2_ws/src/rvo2_ros2/include/rvo2/Vector3.h:66:32:\x1b[m\x1b[K \x1b[01;36m\x1b[Knote: \x1b[m\x1b[Kbecause \xe2\x80\x98\x1b[01m\x1b[KRVO::Vector3\x1b[m\x1b[K\xe2\x80\x99 has user-provided \xe2\x80\x98\x1b[01m\x1b[KRVO::Vector3::\x1b[01;32m\x1b[KVector3\x1b[m\x1b[K(const RVO::Vector3&)\x1b[m\x1b[K\xe2\x80\x99\n'}
[3.396130] (rvo2_ros2) StderrLine: {'line': b'   66 |                 RVO_API inline \x1b[01;36m\x1b[KVector3\x1b[m\x1b[K(const Vector3 &vector)\n'}
[3.396185] (rvo2_ros2) StderrLine: {'line': b'      |                                \x1b[01;36m\x1b[K^~~~~~~\x1b[m\x1b[K\n'}
[3.396238] (rvo2_ros2) StderrLine: {'line': b'\x1b[01m\x1b[K/home/xizesse/ros2_ws/src/rvo2_ros2/src/rvo2/RVOSimulator.cpp:136:36:\x1b[m\x1b[K \x1b[01;35m\x1b[Kwarning: \x1b[m\x1b[Kimplicitly-declared \xe2\x80\x98\x1b[01m\x1b[Kconstexpr RVO::Vector3& RVO::Vector3::\x1b[01;32m\x1b[Koperator=\x1b[m\x1b[K(const RVO::Vector3&)\x1b[m\x1b[K\xe2\x80\x99 is deprecated [\x1b[01;35m\x1b[K\x1b]8;;https://gcc.gnu.org/onlinedocs/gcc/Warning-Options.html#index-Wdeprecated-copy\x07-Wdeprecated-copy\x1b]8;;\x07\x1b[m\x1b[K]\n'}
[3.396298] (rvo2_ros2) StderrLine: {'line': b'  136 |                 agent->velocity_ = \x1b[01;35m\x1b[Kvelocity\x1b[m\x1b[K;\n'}
[3.396354] (rvo2_ros2) StderrLine: {'line': b'      |                                    \x1b[01;35m\x1b[K^~~~~~~~\x1b[m\x1b[K\n'}
[3.396414] (rvo2_ros2) StderrLine: {'line': b'\x1b[01m\x1b[K/home/xizesse/ros2_ws/src/rvo2_ros2/include/rvo2/Vector3.h:66:32:\x1b[m\x1b[K \x1b[01;36m\x1b[Knote: \x1b[m\x1b[Kbecause \xe2\x80\x98\x1b[01m\x1b[KRVO::Vector3\x1b[m\x1b[K\xe2\x80\x99 has user-provided \xe2\x80\x98\x1b[01m\x1b[KRVO::Vector3::\x1b[01;32m\x1b[KVector3\x1b[m\x1b[K(const RVO::Vector3&)\x1b[m\x1b[K\xe2\x80\x99\n'}
[3.396473] (rvo2_ros2) StderrLine: {'line': b'   66 |                 RVO_API inline \x1b[01;36m\x1b[KVector3\x1b[m\x1b[K(const Vector3 &vector)\n'}
[3.396531] (rvo2_ros2) StderrLine: {'line': b'      |                                \x1b[01;36m\x1b[K^~~~~~~\x1b[m\x1b[K\n'}
[3.396585] (rvo2_ros2) StderrLine: {'line': b'\x1b[01m\x1b[K/home/xizesse/ros2_ws/src/rvo2_ros2/src/rvo2/RVOSimulator.cpp:\x1b[m\x1b[K In member function \xe2\x80\x98\x1b[01m\x1b[Kvoid RVO::RVOSimulator::\x1b[01;32m\x1b[KsetAgentDefaults\x1b[m\x1b[K(float, size_t, float, float, float, const RVO::Vector3&)\x1b[m\x1b[K\xe2\x80\x99:\n'}
[3.396642] (rvo2_ros2) StderrLine: {'line': b'\x1b[01m\x1b[K/home/xizesse/ros2_ws/src/rvo2_ros2/src/rvo2/RVOSimulator.cpp:233:44:\x1b[m\x1b[K \x1b[01;35m\x1b[Kwarning: \x1b[m\x1b[Kimplicitly-declared \xe2\x80\x98\x1b[01m\x1b[Kconstexpr RVO::Vector3& RVO::Vector3::\x1b[01;32m\x1b[Koperator=\x1b[m\x1b[K(const RVO::Vector3&)\x1b[m\x1b[K\xe2\x80\x99 is deprecated [\x1b[01;35m\x1b[K\x1b]8;;https://gcc.gnu.org/onlinedocs/gcc/Warning-Options.html#index-Wdeprecated-copy\x07-Wdeprecated-copy\x1b]8;;\x07\x1b[m\x1b[K]\n'}
[3.396708] (rvo2_ros2) StderrLine: {'line': b'  233 |                 defaultAgent_->velocity_ = \x1b[01;35m\x1b[Kvelocity\x1b[m\x1b[K;\n'}
[3.396774] (rvo2_ros2) StderrLine: {'line': b'      |                                            \x1b[01;35m\x1b[K^~~~~~~~\x1b[m\x1b[K\n'}
[3.396826] (rvo2_ros2) StderrLine: {'line': b'\x1b[01m\x1b[K/home/xizesse/ros2_ws/src/rvo2_ros2/include/rvo2/Vector3.h:66:32:\x1b[m\x1b[K \x1b[01;36m\x1b[Knote: \x1b[m\x1b[Kbecause \xe2\x80\x98\x1b[01m\x1b[KRVO::Vector3\x1b[m\x1b[K\xe2\x80\x99 has user-provided \xe2\x80\x98\x1b[01m\x1b[KRVO::Vector3::\x1b[01;32m\x1b[KVector3\x1b[m\x1b[K(const RVO::Vector3&)\x1b[m\x1b[K\xe2\x80\x99\n'}
[3.396881] (rvo2_ros2) StderrLine: {'line': b'   66 |                 RVO_API inline \x1b[01;36m\x1b[KVector3\x1b[m\x1b[K(const Vector3 &vector)\n'}
[3.396935] (rvo2_ros2) StderrLine: {'line': b'      |                                \x1b[01;36m\x1b[K^~~~~~~\x1b[m\x1b[K\n'}
[3.396987] (rvo2_ros2) StderrLine: {'line': b'\x1b[01m\x1b[K/home/xizesse/ros2_ws/src/rvo2_ros2/src/rvo2/RVOSimulator.cpp:\x1b[m\x1b[K In member function \xe2\x80\x98\x1b[01m\x1b[Kvoid RVO::RVOSimulator::\x1b[01;32m\x1b[KsetAgentPosition\x1b[m\x1b[K(size_t, const RVO::Vector3&)\x1b[m\x1b[K\xe2\x80\x99:\n'}
[3.397043] (rvo2_ros2) StderrLine: {'line': b'\x1b[01m\x1b[K/home/xizesse/ros2_ws/src/rvo2_ros2/src/rvo2/RVOSimulator.cpp:253:47:\x1b[m\x1b[K \x1b[01;35m\x1b[Kwarning: \x1b[m\x1b[Kimplicitly-declared \xe2\x80\x98\x1b[01m\x1b[Kconstexpr RVO::Vector3& RVO::Vector3::\x1b[01;32m\x1b[Koperator=\x1b[m\x1b[K(const RVO::Vector3&)\x1b[m\x1b[K\xe2\x80\x99 is deprecated [\x1b[01;35m\x1b[K\x1b]8;;https://gcc.gnu.org/onlinedocs/gcc/Warning-Options.html#index-Wdeprecated-copy\x07-Wdeprecated-copy\x1b]8;;\x07\x1b[m\x1b[K]\n'}
[3.397108] (rvo2_ros2) StderrLine: {'line': b'  253 |                 agents_[agentNo]->position_ = \x1b[01;35m\x1b[Kposition\x1b[m\x1b[K;\n'}
[3.397165] (rvo2_ros2) StderrLine: {'line': b'      |                                               \x1b[01;35m\x1b[K^~~~~~~~\x1b[m\x1b[K\n'}
[3.397217] (rvo2_ros2) StderrLine: {'line': b'\x1b[01m\x1b[K/home/xizesse/ros2_ws/src/rvo2_ros2/include/rvo2/Vector3.h:66:32:\x1b[m\x1b[K \x1b[01;36m\x1b[Knote: \x1b[m\x1b[Kbecause \xe2\x80\x98\x1b[01m\x1b[KRVO::Vector3\x1b[m\x1b[K\xe2\x80\x99 has user-provided \xe2\x80\x98\x1b[01m\x1b[KRVO::Vector3::\x1b[01;32m\x1b[KVector3\x1b[m\x1b[K(const RVO::Vector3&)\x1b[m\x1b[K\xe2\x80\x99\n'}
[3.397272] (rvo2_ros2) StderrLine: {'line': b'   66 |                 RVO_API inline \x1b[01;36m\x1b[KVector3\x1b[m\x1b[K(const Vector3 &vector)\n'}
[3.397327] (rvo2_ros2) StderrLine: {'line': b'      |                                \x1b[01;36m\x1b[K^~~~~~~\x1b[m\x1b[K\n'}
[3.397387] (rvo2_ros2) StderrLine: {'line': b'\x1b[01m\x1b[K/home/xizesse/ros2_ws/src/rvo2_ros2/src/rvo2/RVOSimulator.cpp:\x1b[m\x1b[K In member function \xe2\x80\x98\x1b[01m\x1b[Kvoid RVO::RVOSimulator::\x1b[01;32m\x1b[KsetAgentPrefVelocity\x1b[m\x1b[K(size_t, const RVO::Vector3&)\x1b[m\x1b[K\xe2\x80\x99:\n'}
[3.397444] (rvo2_ros2) StderrLine: {'line': b'\x1b[01m\x1b[K/home/xizesse/ros2_ws/src/rvo2_ros2/src/rvo2/RVOSimulator.cpp:258:51:\x1b[m\x1b[K \x1b[01;35m\x1b[Kwarning: \x1b[m\x1b[Kimplicitly-declared \xe2\x80\x98\x1b[01m\x1b[Kconstexpr RVO::Vector3& RVO::Vector3::\x1b[01;32m\x1b[Koperator=\x1b[m\x1b[K(const RVO::Vector3&)\x1b[m\x1b[K\xe2\x80\x99 is deprecated [\x1b[01;35m\x1b[K\x1b]8;;https://gcc.gnu.org/onlinedocs/gcc/Warning-Options.html#index-Wdeprecated-copy\x07-Wdeprecated-copy\x1b]8;;\x07\x1b[m\x1b[K]\n'}
[3.397505] (rvo2_ros2) StderrLine: {'line': b'  258 |                 agents_[agentNo]->prefVelocity_ = \x1b[01;35m\x1b[KprefVelocity\x1b[m\x1b[K;\n'}
[3.397561] (rvo2_ros2) StderrLine: {'line': b'      |                                                   \x1b[01;35m\x1b[K^~~~~~~~~~~~\x1b[m\x1b[K\n'}
[3.397614] (rvo2_ros2) StderrLine: {'line': b'\x1b[01m\x1b[K/home/xizesse/ros2_ws/src/rvo2_ros2/include/rvo2/Vector3.h:66:32:\x1b[m\x1b[K \x1b[01;36m\x1b[Knote: \x1b[m\x1b[Kbecause \xe2\x80\x98\x1b[01m\x1b[KRVO::Vector3\x1b[m\x1b[K\xe2\x80\x99 has user-provided \xe2\x80\x98\x1b[01m\x1b[KRVO::Vector3::\x1b[01;32m\x1b[KVector3\x1b[m\x1b[K(const RVO::Vector3&)\x1b[m\x1b[K\xe2\x80\x99\n'}
[3.397675] (rvo2_ros2) StderrLine: {'line': b'   66 |                 RVO_API inline \x1b[01;36m\x1b[KVector3\x1b[m\x1b[K(const Vector3 &vector)\n'}
[3.397730] (rvo2_ros2) StderrLine: {'line': b'      |                                \x1b[01;36m\x1b[K^~~~~~~\x1b[m\x1b[K\n'}
[3.397791] (rvo2_ros2) StderrLine: {'line': b'\x1b[01m\x1b[K/home/xizesse/ros2_ws/src/rvo2_ros2/src/rvo2/RVOSimulator.cpp:\x1b[m\x1b[K In member function \xe2\x80\x98\x1b[01m\x1b[Kvoid RVO::RVOSimulator::\x1b[01;32m\x1b[KsetAgentVelocity\x1b[m\x1b[K(size_t, const RVO::Vector3&)\x1b[m\x1b[K\xe2\x80\x99:\n'}
[3.397854] (rvo2_ros2) StderrLine: {'line': b'\x1b[01m\x1b[K/home/xizesse/ros2_ws/src/rvo2_ros2/src/rvo2/RVOSimulator.cpp:273:47:\x1b[m\x1b[K \x1b[01;35m\x1b[Kwarning: \x1b[m\x1b[Kimplicitly-declared \xe2\x80\x98\x1b[01m\x1b[Kconstexpr RVO::Vector3& RVO::Vector3::\x1b[01;32m\x1b[Koperator=\x1b[m\x1b[K(const RVO::Vector3&)\x1b[m\x1b[K\xe2\x80\x99 is deprecated [\x1b[01;35m\x1b[K\x1b]8;;https://gcc.gnu.org/onlinedocs/gcc/Warning-Options.html#index-Wdeprecated-copy\x07-Wdeprecated-copy\x1b]8;;\x07\x1b[m\x1b[K]\n'}
[3.397917] (rvo2_ros2) StderrLine: {'line': b'  273 |                 agents_[agentNo]->velocity_ = \x1b[01;35m\x1b[Kvelocity\x1b[m\x1b[K;\n'}
[3.397978] (rvo2_ros2) StderrLine: {'line': b'      |                                               \x1b[01;35m\x1b[K^~~~~~~~\x1b[m\x1b[K\n'}
[3.398040] (rvo2_ros2) StderrLine: {'line': b'\x1b[01m\x1b[K/home/xizesse/ros2_ws/src/rvo2_ros2/include/rvo2/Vector3.h:66:32:\x1b[m\x1b[K \x1b[01;36m\x1b[Knote: \x1b[m\x1b[Kbecause \xe2\x80\x98\x1b[01m\x1b[KRVO::Vector3\x1b[m\x1b[K\xe2\x80\x99 has user-provided \xe2\x80\x98\x1b[01m\x1b[KRVO::Vector3::\x1b[01;32m\x1b[KVector3\x1b[m\x1b[K(const RVO::Vector3&)\x1b[m\x1b[K\xe2\x80\x99\n'}
[3.398083] (rvo2_ros2) StderrLine: {'line': b'   66 |                 RVO_API inline \x1b[01;36m\x1b[KVector3\x1b[m\x1b[K(const Vector3 &vector)\n'}
[3.398156] (rvo2_ros2) StderrLine: {'line': b'      |                                \x1b[01;36m\x1b[K^~~~~~~\x1b[m\x1b[K\n'}
[3.398624] (rvo2_ros2) StdoutLine: {'line': b'[ 11%] \x1b[34m\x1b[1mGenerating C++ code for ROS interfaces\x1b[0m\n'}
[3.398805] (rvo2_ros2) StderrLine: {'line': b'\x1b[01m\x1b[K/home/xizesse/ros2_ws/src/rvo2_ros2/src/rvo2/KdTree.cpp:\x1b[m\x1b[K In member function \xe2\x80\x98\x1b[01m\x1b[Kvoid RVO::KdTree::\x1b[01;32m\x1b[KbuildAgentTreeRecursive\x1b[m\x1b[K(size_t, size_t, size_t)\x1b[m\x1b[K\xe2\x80\x99:\n'}
[3.398862] (rvo2_ros2) StderrLine: {'line': b'\x1b[01m\x1b[K/home/xizesse/ros2_ws/src/rvo2_ros2/src/rvo2/KdTree.cpp:60:61:\x1b[m\x1b[K \x1b[01;35m\x1b[Kwarning: \x1b[m\x1b[Kimplicitly-declared \xe2\x80\x98\x1b[01m\x1b[Kconstexpr RVO::Vector3& RVO::Vector3::\x1b[01;32m\x1b[Koperator=\x1b[m\x1b[K(const RVO::Vector3&)\x1b[m\x1b[K\xe2\x80\x99 is deprecated [\x1b[01;35m\x1b[K\x1b]8;;https://gcc.gnu.org/onlinedocs/gcc/Warning-Options.html#index-Wdeprecated-copy\x07-Wdeprecated-copy\x1b]8;;\x07\x1b[m\x1b[K]\n'}
[3.398914] (rvo2_ros2) StderrLine: {'line': b'   60 |                 agentTree_[node].minCoord = agents_[begin]->\x1b[01;35m\x1b[Kposition_\x1b[m\x1b[K;\n'}
[3.398962] (rvo2_ros2) StderrLine: {'line': b'      |                                                             \x1b[01;35m\x1b[K^~~~~~~~~\x1b[m\x1b[K\n'}
[3.399011] (rvo2_ros2) StderrLine: {'line': b'In file included from \x1b[01m\x1b[K/home/xizesse/ros2_ws/src/rvo2_ros2/include/rvo2/KdTree.h:44\x1b[m\x1b[K,\n'}
[3.399066] (rvo2_ros2) StderrLine: {'line': b'                 from \x1b[01m\x1b[K/home/xizesse/ros2_ws/src/rvo2_ros2/src/rvo2/KdTree.cpp:33\x1b[m\x1b[K:\n'}
[3.399123] (rvo2_ros2) StderrLine: {'line': b'\x1b[01m\x1b[K/home/xizesse/ros2_ws/src/rvo2_ros2/include/rvo2/Vector3.h:66:32:\x1b[m\x1b[K \x1b[01;36m\x1b[Knote: \x1b[m\x1b[Kbecause \xe2\x80\x98\x1b[01m\x1b[KRVO::Vector3\x1b[m\x1b[K\xe2\x80\x99 has user-provided \xe2\x80\x98\x1b[01m\x1b[KRVO::Vector3::\x1b[01;32m\x1b[KVector3\x1b[m\x1b[K(const RVO::Vector3&)\x1b[m\x1b[K\xe2\x80\x99\n'}
[3.399160] (rvo2_ros2) StderrLine: {'line': b'   66 |                 RVO_API inline \x1b[01;36m\x1b[KVector3\x1b[m\x1b[K(const Vector3 &vector)\n'}
[3.399195] (rvo2_ros2) StderrLine: {'line': b'      |                                \x1b[01;36m\x1b[K^~~~~~~\x1b[m\x1b[K\n'}
[3.399242] (rvo2_ros2) StderrLine: {'line': b'\x1b[01m\x1b[K/home/xizesse/ros2_ws/src/rvo2_ros2/src/rvo2/KdTree.cpp:61:61:\x1b[m\x1b[K \x1b[01;35m\x1b[Kwarning: \x1b[m\x1b[Kimplicitly-declared \xe2\x80\x98\x1b[01m\x1b[Kconstexpr RVO::Vector3& RVO::Vector3::\x1b[01;32m\x1b[Koperator=\x1b[m\x1b[K(const RVO::Vector3&)\x1b[m\x1b[K\xe2\x80\x99 is deprecated [\x1b[01;35m\x1b[K\x1b]8;;https://gcc.gnu.org/onlinedocs/gcc/Warning-Options.html#index-Wdeprecated-copy\x07-Wdeprecated-copy\x1b]8;;\x07\x1b[m\x1b[K]\n'}
[3.399280] (rvo2_ros2) StderrLine: {'line': b'   61 |                 agentTree_[node].maxCoord = agents_[begin]->\x1b[01;35m\x1b[Kposition_\x1b[m\x1b[K;\n'}
[3.399316] (rvo2_ros2) StderrLine: {'line': b'      |                                                             \x1b[01;35m\x1b[K^~~~~~~~~\x1b[m\x1b[K\n'}
[3.399348] (rvo2_ros2) StderrLine: {'line': b'\x1b[01m\x1b[K/home/xizesse/ros2_ws/src/rvo2_ros2/include/rvo2/Vector3.h:66:32:\x1b[m\x1b[K \x1b[01;36m\x1b[Knote: \x1b[m\x1b[Kbecause \xe2\x80\x98\x1b[01m\x1b[KRVO::Vector3\x1b[m\x1b[K\xe2\x80\x99 has user-provided \xe2\x80\x98\x1b[01m\x1b[KRVO::Vector3::\x1b[01;32m\x1b[KVector3\x1b[m\x1b[K(const RVO::Vector3&)\x1b[m\x1b[K\xe2\x80\x99\n'}
[3.399387] (rvo2_ros2) StderrLine: {'line': b'   66 |                 RVO_API inline \x1b[01;36m\x1b[KVector3\x1b[m\x1b[K(const Vector3 &vector)\n'}
[3.399424] (rvo2_ros2) StderrLine: {'line': b'      |                                \x1b[01;36m\x1b[K^~~~~~~\x1b[m\x1b[K\n'}
[3.399602] (rvo2_ros2) StderrLine: {'line': b'\x1b[01m\x1b[K/home/xizesse/ros2_ws/src/rvo2_ros2/src/rvo2/Agent.cpp:\x1b[m\x1b[K In member function \xe2\x80\x98\x1b[01m\x1b[Kvoid RVO::Agent::\x1b[01;32m\x1b[KcomputeNewVelocity\x1b[m\x1b[K()\x1b[m\x1b[K\xe2\x80\x99:\n'}
[3.399647] (rvo2_ros2) StderrLine: {'line': b'\x1b[01m\x1b[K/home/xizesse/ros2_ws/src/rvo2_ros2/src/rvo2/Agent.cpp:149:56:\x1b[m\x1b[K \x1b[01;35m\x1b[Kwarning: \x1b[m\x1b[Kimplicitly-declared \xe2\x80\x98\x1b[01m\x1b[Kconstexpr RVO::Vector3& RVO::Vector3::\x1b[01;32m\x1b[Koperator=\x1b[m\x1b[K(const RVO::Vector3&)\x1b[m\x1b[K\xe2\x80\x99 is deprecated [\x1b[01;35m\x1b[K\x1b]8;;https://gcc.gnu.org/onlinedocs/gcc/Warning-Options.html#index-Wdeprecated-copy\x07-Wdeprecated-copy\x1b]8;;\x07\x1b[m\x1b[K]\n'}
[3.399710] (rvo2_ros2) StderrLine: {'line': b'  149 |                                         plane.normal = \x1b[01;35m\x1b[KunitW\x1b[m\x1b[K;\n'}
[3.399744] (rvo2_ros2) StderrLine: {'line': b'      |                                                        \x1b[01;35m\x1b[K^~~~~\x1b[m\x1b[K\n'}
[3.399778] (rvo2_ros2) StderrLine: {'line': b'In file included from \x1b[01m\x1b[K/home/xizesse/ros2_ws/src/rvo2_ros2/include/rvo2/RVOSimulator.h:46\x1b[m\x1b[K,\n'}
[3.400053] (rvo2_ros2) StderrLine: {'line': b'                 from \x1b[01m\x1b[K/home/xizesse/ros2_ws/src/rvo2_ros2/include/rvo2/Agent.h:46\x1b[m\x1b[K,\n'}
[3.400164] (rvo2_ros2) StderrLine: {'line': b'                 from \x1b[01m\x1b[K/home/xizesse/ros2_ws/src/rvo2_ros2/src/rvo2/Agent.cpp:33\x1b[m\x1b[K:\n'}
[3.400248] (rvo2_ros2) StderrLine: {'line': b'\x1b[01m\x1b[K/home/xizesse/ros2_ws/src/rvo2_ros2/include/rvo2/Vector3.h:66:32:\x1b[m\x1b[K \x1b[01;36m\x1b[Knote: \x1b[m\x1b[Kbecause \xe2\x80\x98\x1b[01m\x1b[KRVO::Vector3\x1b[m\x1b[K\xe2\x80\x99 has user-provided \xe2\x80\x98\x1b[01m\x1b[KRVO::Vector3::\x1b[01;32m\x1b[KVector3\x1b[m\x1b[K(const RVO::Vector3&)\x1b[m\x1b[K\xe2\x80\x99\n'}
[3.400329] (rvo2_ros2) StderrLine: {'line': b'   66 |                 RVO_API inline \x1b[01;36m\x1b[KVector3\x1b[m\x1b[K(const Vector3 &vector)\n'}
[3.400417] (rvo2_ros2) StderrLine: {'line': b'      |                                \x1b[01;36m\x1b[K^~~~~~~\x1b[m\x1b[K\n'}
[3.400505] (rvo2_ros2) StderrLine: {'line': b'\x1b[01m\x1b[K/home/xizesse/ros2_ws/src/rvo2_ros2/src/rvo2/Agent.cpp:150:91:\x1b[m\x1b[K \x1b[01;35m\x1b[Kwarning: \x1b[m\x1b[Kimplicitly-declared \xe2\x80\x98\x1b[01m\x1b[Kconstexpr RVO::Vector3& RVO::Vector3::\x1b[01;32m\x1b[Koperator=\x1b[m\x1b[K(const RVO::Vector3&)\x1b[m\x1b[K\xe2\x80\x99 is deprecated [\x1b[01;35m\x1b[K\x1b]8;;https://gcc.gnu.org/onlinedocs/gcc/Warning-Options.html#index-Wdeprecated-copy\x07-Wdeprecated-copy\x1b]8;;\x07\x1b[m\x1b[K]\n'}
[3.400599] (rvo2_ros2) StderrLine: {'line': b'  150 |                                         u = (combinedRadius * invTimeHorizon - wLength) * \x1b[01;35m\x1b[KunitW\x1b[m\x1b[K;\n'}
[3.400697] (rvo2_ros2) StderrLine: {'line': b'      |                                                                                           \x1b[01;35m\x1b[K^~~~~\x1b[m\x1b[K\n'}
[3.400779] (rvo2_ros2) StderrLine: {'line': b'\x1b[01m\x1b[K/home/xizesse/ros2_ws/src/rvo2_ros2/include/rvo2/Vector3.h:66:32:\x1b[m\x1b[K \x1b[01;36m\x1b[Knote: \x1b[m\x1b[Kbecause \xe2\x80\x98\x1b[01m\x1b[KRVO::Vector3\x1b[m\x1b[K\xe2\x80\x99 has user-provided \xe2\x80\x98\x1b[01m\x1b[KRVO::Vector3::\x1b[01;32m\x1b[KVector3\x1b[m\x1b[K(const RVO::Vector3&)\x1b[m\x1b[K\xe2\x80\x99\n'}
[3.400879] (rvo2_ros2) StderrLine: {'line': b'   66 |                 RVO_API inline \x1b[01;36m\x1b[KVector3\x1b[m\x1b[K(const Vector3 &vector)\n'}
[3.400971] (rvo2_ros2) StderrLine: {'line': b'      |                                \x1b[01;36m\x1b[K^~~~~~~\x1b[m\x1b[K\n'}
[3.401113] (rvo2_ros2) StderrLine: {'line': b'\x1b[01m\x1b[K/home/xizesse/ros2_ws/src/rvo2_ros2/src/rvo2/Agent.cpp:162:56:\x1b[m\x1b[K \x1b[01;35m\x1b[Kwarning: \x1b[m\x1b[Kimplicitly-declared \xe2\x80\x98\x1b[01m\x1b[Kconstexpr RVO::Vector3& RVO::Vector3::\x1b[01;32m\x1b[Koperator=\x1b[m\x1b[K(const RVO::Vector3&)\x1b[m\x1b[K\xe2\x80\x99 is deprecated [\x1b[01;35m\x1b[K\x1b]8;;https://gcc.gnu.org/onlinedocs/gcc/Warning-Options.html#index-Wdeprecated-copy\x07-Wdeprecated-copy\x1b]8;;\x07\x1b[m\x1b[K]\n'}
[3.401221] (rvo2_ros2) StderrLine: {'line': b'  162 |                                         plane.normal = \x1b[01;35m\x1b[KunitW\x1b[m\x1b[K;\n'}
[3.401326] (rvo2_ros2) StderrLine: {'line': b'      |                                                        \x1b[01;35m\x1b[K^~~~~\x1b[m\x1b[K\n'}
[3.401414] (rvo2_ros2) StderrLine: {'line': b'\x1b[01m\x1b[K/home/xizesse/ros2_ws/src/rvo2_ros2/include/rvo2/Vector3.h:66:32:\x1b[m\x1b[K \x1b[01;36m\x1b[Knote: \x1b[m\x1b[Kbecause \xe2\x80\x98\x1b[01m\x1b[KRVO::Vector3\x1b[m\x1b[K\xe2\x80\x99 has user-provided \xe2\x80\x98\x1b[01m\x1b[KRVO::Vector3::\x1b[01;32m\x1b[KVector3\x1b[m\x1b[K(const RVO::Vector3&)\x1b[m\x1b[K\xe2\x80\x99\n'}
[3.401515] (rvo2_ros2) StderrLine: {'line': b'   66 |                 RVO_API inline \x1b[01;36m\x1b[KVector3\x1b[m\x1b[K(const Vector3 &vector)\n'}
[3.401615] (rvo2_ros2) StderrLine: {'line': b'      |                                \x1b[01;36m\x1b[K^~~~~~~\x1b[m\x1b[K\n'}
[3.401723] (rvo2_ros2) StderrLine: {'line': b'\x1b[01m\x1b[K/home/xizesse/ros2_ws/src/rvo2_ros2/src/rvo2/Agent.cpp:163:78:\x1b[m\x1b[K \x1b[01;35m\x1b[Kwarning: \x1b[m\x1b[Kimplicitly-declared \xe2\x80\x98\x1b[01m\x1b[Kconstexpr RVO::Vector3& RVO::Vector3::\x1b[01;32m\x1b[Koperator=\x1b[m\x1b[K(const RVO::Vector3&)\x1b[m\x1b[K\xe2\x80\x99 is deprecated [\x1b[01;35m\x1b[K\x1b]8;;https://gcc.gnu.org/onlinedocs/gcc/Warning-Options.html#index-Wdeprecated-copy\x07-Wdeprecated-copy\x1b]8;;\x07\x1b[m\x1b[K]\n'}
[3.401809] (rvo2_ros2) StderrLine: {'line': b'  163 |                                         u = (combinedRadius * t - wLength) * \x1b[01;35m\x1b[KunitW\x1b[m\x1b[K;\n'}
[3.401904] (rvo2_ros2) StderrLine: {'line': b'      |                                                                              \x1b[01;35m\x1b[K^~~~~\x1b[m\x1b[K\n'}
[3.402077] (rvo2_ros2) StderrLine: {'line': b'\x1b[01m\x1b[K/home/xizesse/ros2_ws/src/rvo2_ros2/include/rvo2/Vector3.h:66:32:\x1b[m\x1b[K \x1b[01;36m\x1b[Knote: \x1b[m\x1b[Kbecause \xe2\x80\x98\x1b[01m\x1b[KRVO::Vector3\x1b[m\x1b[K\xe2\x80\x99 has user-provided \xe2\x80\x98\x1b[01m\x1b[KRVO::Vector3::\x1b[01;32m\x1b[KVector3\x1b[m\x1b[K(const RVO::Vector3&)\x1b[m\x1b[K\xe2\x80\x99\n'}
[3.402185] (rvo2_ros2) StderrLine: {'line': b'   66 |                 RVO_API inline \x1b[01;36m\x1b[KVector3\x1b[m\x1b[K(const Vector3 &vector)\n'}
[3.402275] (rvo2_ros2) StderrLine: {'line': b'      |                                \x1b[01;36m\x1b[K^~~~~~~\x1b[m\x1b[K\n'}
[3.402399] (rvo2_ros2) StderrLine: {'line': b'\x1b[01m\x1b[K/home/xizesse/ros2_ws/src/rvo2_ros2/src/rvo2/Agent.cpp:173:48:\x1b[m\x1b[K \x1b[01;35m\x1b[Kwarning: \x1b[m\x1b[Kimplicitly-declared \xe2\x80\x98\x1b[01m\x1b[Kconstexpr RVO::Vector3& RVO::Vector3::\x1b[01;32m\x1b[Koperator=\x1b[m\x1b[K(const RVO::Vector3&)\x1b[m\x1b[K\xe2\x80\x99 is deprecated [\x1b[01;35m\x1b[K\x1b]8;;https://gcc.gnu.org/onlinedocs/gcc/Warning-Options.html#index-Wdeprecated-copy\x07-Wdeprecated-copy\x1b]8;;\x07\x1b[m\x1b[K]\n'}
[3.402575] (rvo2_ros2) StderrLine: {'line': b'  173 |                                 plane.normal = \x1b[01;35m\x1b[KunitW\x1b[m\x1b[K;\n'}
[3.402692] (rvo2_ros2) StderrLine: {'line': b'      |                                                \x1b[01;35m\x1b[K^~~~~\x1b[m\x1b[K\n'}
[3.402810] (rvo2_ros2) StderrLine: {'line': b'\x1b[01m\x1b[K/home/xizesse/ros2_ws/src/rvo2_ros2/include/rvo2/Vector3.h:66:32:\x1b[m\x1b[K \x1b[01;36m\x1b[Knote: \x1b[m\x1b[Kbecause \xe2\x80\x98\x1b[01m\x1b[KRVO::Vector3\x1b[m\x1b[K\xe2\x80\x99 has user-provided \xe2\x80\x98\x1b[01m\x1b[KRVO::Vector3::\x1b[01;32m\x1b[KVector3\x1b[m\x1b[K(const RVO::Vector3&)\x1b[m\x1b[K\xe2\x80\x99\n'}
[3.402994] (rvo2_ros2) StderrLine: {'line': b'   66 |                 RVO_API inline \x1b[01;36m\x1b[KVector3\x1b[m\x1b[K(const Vector3 &vector)\n'}
[3.403127] (rvo2_ros2) StderrLine: {'line': b'      |                                \x1b[01;36m\x1b[K^~~~~~~\x1b[m\x1b[K\n'}
[3.403214] (rvo2_ros2) StderrLine: {'line': b'\x1b[01m\x1b[K/home/xizesse/ros2_ws/src/rvo2_ros2/src/rvo2/Agent.cpp:174:80:\x1b[m\x1b[K \x1b[01;35m\x1b[Kwarning: \x1b[m\x1b[Kimplicitly-declared \xe2\x80\x98\x1b[01m\x1b[Kconstexpr RVO::Vector3& RVO::Vector3::\x1b[01;32m\x1b[Koperator=\x1b[m\x1b[K(const RVO::Vector3&)\x1b[m\x1b[K\xe2\x80\x99 is deprecated [\x1b[01;35m\x1b[K\x1b]8;;https://gcc.gnu.org/onlinedocs/gcc/Warning-Options.html#index-Wdeprecated-copy\x07-Wdeprecated-copy\x1b]8;;\x07\x1b[m\x1b[K]\n'}
[3.403409] (rvo2_ros2) StderrLine: {'line': b'  174 |                                 u = (combinedRadius * invTimeStep - wLength) * \x1b[01;35m\x1b[KunitW\x1b[m\x1b[K;\n'}
[3.403492] (rvo2_ros2) StderrLine: {'line': b'      |                                                                                \x1b[01;35m\x1b[K^~~~~\x1b[m\x1b[K\n'}
[3.403575] (rvo2_ros2) StderrLine: {'line': b'\x1b[01m\x1b[K/home/xizesse/ros2_ws/src/rvo2_ros2/include/rvo2/Vector3.h:66:32:\x1b[m\x1b[K \x1b[01;36m\x1b[Knote: \x1b[m\x1b[Kbecause \xe2\x80\x98\x1b[01m\x1b[KRVO::Vector3\x1b[m\x1b[K\xe2\x80\x99 has user-provided \xe2\x80\x98\x1b[01m\x1b[KRVO::Vector3::\x1b[01;32m\x1b[KVector3\x1b[m\x1b[K(const RVO::Vector3&)\x1b[m\x1b[K\xe2\x80\x99\n'}
[3.403928] (rvo2_ros2) StderrLine: {'line': b'   66 |                 RVO_API inline \x1b[01;36m\x1b[KVector3\x1b[m\x1b[K(const Vector3 &vector)\n'}
[3.404040] (rvo2_ros2) StderrLine: {'line': b'      |                                \x1b[01;36m\x1b[K^~~~~~~\x1b[m\x1b[K\n'}
[3.404145] (rvo2_ros2) StderrLine: {'line': b'\x1b[01m\x1b[K/home/xizesse/ros2_ws/src/rvo2_ros2/src/rvo2/Agent.cpp:178:58:\x1b[m\x1b[K \x1b[01;35m\x1b[Kwarning: \x1b[m\x1b[Kimplicitly-declared \xe2\x80\x98\x1b[01m\x1b[Kconstexpr RVO::Vector3& RVO::Vector3::\x1b[01;32m\x1b[Koperator=\x1b[m\x1b[K(const RVO::Vector3&)\x1b[m\x1b[K\xe2\x80\x99 is deprecated [\x1b[01;35m\x1b[K\x1b]8;;https://gcc.gnu.org/onlinedocs/gcc/Warning-Options.html#index-Wdeprecated-copy\x07-Wdeprecated-copy\x1b]8;;\x07\x1b[m\x1b[K]\n'}
[3.404302] (rvo2_ros2) StderrLine: {'line': b'  178 |                         plane.point = velocity_ + 1.0f * \x1b[01;35m\x1b[Ku\x1b[m\x1b[K;\n'}
[3.404455] (rvo2_ros2) StderrLine: {'line': b'      |                                                          \x1b[01;35m\x1b[K^\x1b[m\x1b[K\n'}
[3.404606] (rvo2_ros2) StderrLine: {'line': b'\x1b[01m\x1b[K/home/xizesse/ros2_ws/src/rvo2_ros2/include/rvo2/Vector3.h:66:32:\x1b[m\x1b[K \x1b[01;36m\x1b[Knote: \x1b[m\x1b[Kbecause \xe2\x80\x98\x1b[01m\x1b[KRVO::Vector3\x1b[m\x1b[K\xe2\x80\x99 has user-provided \xe2\x80\x98\x1b[01m\x1b[KRVO::Vector3::\x1b[01;32m\x1b[KVector3\x1b[m\x1b[K(const RVO::Vector3&)\x1b[m\x1b[K\xe2\x80\x99\n'}
[3.404693] (rvo2_ros2) StderrLine: {'line': b'   66 |                 RVO_API inline \x1b[01;36m\x1b[KVector3\x1b[m\x1b[K(const Vector3 &vector)\n'}
[3.404774] (rvo2_ros2) StderrLine: {'line': b'      |                                \x1b[01;36m\x1b[K^~~~~~~\x1b[m\x1b[K\n'}
[3.404854] (rvo2_ros2) StderrLine: {'line': b'\x1b[01m\x1b[K/home/xizesse/ros2_ws/src/rvo2_ros2/src/rvo2/Agent.cpp:\x1b[m\x1b[K In member function \xe2\x80\x98\x1b[01m\x1b[Kvoid RVO::Agent::\x1b[01;32m\x1b[Kupdate\x1b[m\x1b[K()\x1b[m\x1b[K\xe2\x80\x99:\n'}
[3.404935] (rvo2_ros2) StderrLine: {'line': b'\x1b[01m\x1b[K/home/xizesse/ros2_ws/src/rvo2_ros2/src/rvo2/Agent.cpp:217:29:\x1b[m\x1b[K \x1b[01;35m\x1b[Kwarning: \x1b[m\x1b[Kimplicitly-declared \xe2\x80\x98\x1b[01m\x1b[Kconstexpr RVO::Vector3& RVO::Vector3::\x1b[01;32m\x1b[Koperator=\x1b[m\x1b[K(const RVO::Vector3&)\x1b[m\x1b[K\xe2\x80\x99 is deprecated [\x1b[01;35m\x1b[K\x1b]8;;https://gcc.gnu.org/onlinedocs/gcc/Warning-Options.html#index-Wdeprecated-copy\x07-Wdeprecated-copy\x1b]8;;\x07\x1b[m\x1b[K]\n'}
[3.405030] (rvo2_ros2) StderrLine: {'line': b'  217 |                 velocity_ = \x1b[01;35m\x1b[KnewVelocity_\x1b[m\x1b[K;\n'}
[3.405121] (rvo2_ros2) StderrLine: {'line': b'      |                             \x1b[01;35m\x1b[K^~~~~~~~~~~~\x1b[m\x1b[K\n'}
[3.405204] (rvo2_ros2) StderrLine: {'line': b'\x1b[01m\x1b[K/home/xizesse/ros2_ws/src/rvo2_ros2/include/rvo2/Vector3.h:66:32:\x1b[m\x1b[K \x1b[01;36m\x1b[Knote: \x1b[m\x1b[Kbecause \xe2\x80\x98\x1b[01m\x1b[KRVO::Vector3\x1b[m\x1b[K\xe2\x80\x99 has user-provided \xe2\x80\x98\x1b[01m\x1b[KRVO::Vector3::\x1b[01;32m\x1b[KVector3\x1b[m\x1b[K(const RVO::Vector3&)\x1b[m\x1b[K\xe2\x80\x99\n'}
[3.405288] (rvo2_ros2) StderrLine: {'line': b'   66 |                 RVO_API inline \x1b[01;36m\x1b[KVector3\x1b[m\x1b[K(const Vector3 &vector)\n'}
[3.405371] (rvo2_ros2) StderrLine: {'line': b'      |                                \x1b[01;36m\x1b[K^~~~~~~\x1b[m\x1b[K\n'}
[3.405460] (rvo2_ros2) StderrLine: {'line': b'\x1b[01m\x1b[K/home/xizesse/ros2_ws/src/rvo2_ros2/src/rvo2/Agent.cpp:\x1b[m\x1b[K In function \xe2\x80\x98\x1b[01m\x1b[Kbool RVO::\x1b[01;32m\x1b[KlinearProgram1\x1b[m\x1b[K(const std::vector<Plane>&, size_t, const Line&, float, const Vector3&, bool, Vector3&)\x1b[m\x1b[K\xe2\x80\x99:\n'}
[3.405547] (rvo2_ros2) StderrLine: {'line': b'\x1b[01m\x1b[K/home/xizesse/ros2_ws/src/rvo2_ros2/src/rvo2/Agent.cpp:269:69:\x1b[m\x1b[K \x1b[01;35m\x1b[Kwarning: \x1b[m\x1b[Kimplicitly-declared \xe2\x80\x98\x1b[01m\x1b[Kconstexpr RVO::Vector3& RVO::Vector3::\x1b[01;32m\x1b[Koperator=\x1b[m\x1b[K(const RVO::Vector3&)\x1b[m\x1b[K\xe2\x80\x99 is deprecated [\x1b[01;35m\x1b[K\x1b]8;;https://gcc.gnu.org/onlinedocs/gcc/Warning-Options.html#index-Wdeprecated-copy\x07-Wdeprecated-copy\x1b]8;;\x07\x1b[m\x1b[K]\n'}
[3.405641] (rvo2_ros2) StderrLine: {'line': b'  269 |                                 result = line.point + tRight * line.\x1b[01;35m\x1b[Kdirection\x1b[m\x1b[K;\n'}
[3.405719] (rvo2_ros2) StderrLine: {'line': b'      |                                                                     \x1b[01;35m\x1b[K^~~~~~~~~\x1b[m\x1b[K\n'}
[3.405792] (-) TimerEvent: {}
[3.405885] (rvo2_ros2) StderrLine: {'line': b'\x1b[01m\x1b[K/home/xizesse/ros2_ws/src/rvo2_ros2/include/rvo2/Vector3.h:66:32:\x1b[m\x1b[K \x1b[01;36m\x1b[Knote: \x1b[m\x1b[Kbecause \xe2\x80\x98\x1b[01m\x1b[KRVO::Vector3\x1b[m\x1b[K\xe2\x80\x99 has user-provided \xe2\x80\x98\x1b[01m\x1b[KRVO::Vector3::\x1b[01;32m\x1b[KVector3\x1b[m\x1b[K(const RVO::Vector3&)\x1b[m\x1b[K\xe2\x80\x99\n'}
[3.405981] (rvo2_ros2) StderrLine: {'line': b'   66 |                 RVO_API inline \x1b[01;36m\x1b[KVector3\x1b[m\x1b[K(const Vector3 &vector)\n'}
[3.406065] (rvo2_ros2) StderrLine: {'line': b'      |                                \x1b[01;36m\x1b[K^~~~~~~\x1b[m\x1b[K\n'}
[3.406152] (rvo2_ros2) StderrLine: {'line': b'\x1b[01m\x1b[K/home/xizesse/ros2_ws/src/rvo2_ros2/src/rvo2/Agent.cpp:273:68:\x1b[m\x1b[K \x1b[01;35m\x1b[Kwarning: \x1b[m\x1b[Kimplicitly-declared \xe2\x80\x98\x1b[01m\x1b[Kconstexpr RVO::Vector3& RVO::Vector3::\x1b[01;32m\x1b[Koperator=\x1b[m\x1b[K(const RVO::Vector3&)\x1b[m\x1b[K\xe2\x80\x99 is deprecated [\x1b[01;35m\x1b[K\x1b]8;;https://gcc.gnu.org/onlinedocs/gcc/Warning-Options.html#index-Wdeprecated-copy\x07-Wdeprecated-copy\x1b]8;;\x07\x1b[m\x1b[K]\n'}
[3.406233] (rvo2_ros2) StderrLine: {'line': b'  273 |                                 result = line.point + tLeft * line.\x1b[01;35m\x1b[Kdirection\x1b[m\x1b[K;\n'}
[3.406307] (rvo2_ros2) StderrLine: {'line': b'      |                                                                    \x1b[01;35m\x1b[K^~~~~~~~~\x1b[m\x1b[K\n'}
[3.406385] (rvo2_ros2) StderrLine: {'line': b'\x1b[01m\x1b[K/home/xizesse/ros2_ws/src/rvo2_ros2/include/rvo2/Vector3.h:66:32:\x1b[m\x1b[K \x1b[01;36m\x1b[Knote: \x1b[m\x1b[Kbecause \xe2\x80\x98\x1b[01m\x1b[KRVO::Vector3\x1b[m\x1b[K\xe2\x80\x99 has user-provided \xe2\x80\x98\x1b[01m\x1b[KRVO::Vector3::\x1b[01;32m\x1b[KVector3\x1b[m\x1b[K(const RVO::Vector3&)\x1b[m\x1b[K\xe2\x80\x99\n'}
[3.406476] (rvo2_ros2) StderrLine: {'line': b'   66 |                 RVO_API inline \x1b[01;36m\x1b[KVector3\x1b[m\x1b[K(const Vector3 &vector)\n'}
[3.406554] (rvo2_ros2) StderrLine: {'line': b'      |                                \x1b[01;36m\x1b[K^~~~~~~\x1b[m\x1b[K\n'}
[3.406631] (rvo2_ros2) StderrLine: {'line': b'\x1b[01m\x1b[K/home/xizesse/ros2_ws/src/rvo2_ros2/src/rvo2/Agent.cpp:281:68:\x1b[m\x1b[K \x1b[01;35m\x1b[Kwarning: \x1b[m\x1b[Kimplicitly-declared \xe2\x80\x98\x1b[01m\x1b[Kconstexpr RVO::Vector3& RVO::Vector3::\x1b[01;32m\x1b[Koperator=\x1b[m\x1b[K(const RVO::Vector3&)\x1b[m\x1b[K\xe2\x80\x99 is deprecated [\x1b[01;35m\x1b[K\x1b]8;;https://gcc.gnu.org/onlinedocs/gcc/Warning-Options.html#index-Wdeprecated-copy\x07-Wdeprecated-copy\x1b]8;;\x07\x1b[m\x1b[K]\n'}
[3.406709] (rvo2_ros2) StderrLine: {'line': b'  281 |                                 result = line.point + tLeft * line.\x1b[01;35m\x1b[Kdirection\x1b[m\x1b[K;\n'}
[3.406787] (rvo2_ros2) StderrLine: {'line': b'      |                                                                    \x1b[01;35m\x1b[K^~~~~~~~~\x1b[m\x1b[K\n'}
[3.406863] (rvo2_ros2) StderrLine: {'line': b'\x1b[01m\x1b[K/home/xizesse/ros2_ws/src/rvo2_ros2/include/rvo2/Vector3.h:66:32:\x1b[m\x1b[K \x1b[01;36m\x1b[Knote: \x1b[m\x1b[Kbecause \xe2\x80\x98\x1b[01m\x1b[KRVO::Vector3\x1b[m\x1b[K\xe2\x80\x99 has user-provided \xe2\x80\x98\x1b[01m\x1b[KRVO::Vector3::\x1b[01;32m\x1b[KVector3\x1b[m\x1b[K(const RVO::Vector3&)\x1b[m\x1b[K\xe2\x80\x99\n'}
[3.406942] (rvo2_ros2) StderrLine: {'line': b'   66 |                 RVO_API inline \x1b[01;36m\x1b[KVector3\x1b[m\x1b[K(const Vector3 &vector)\n'}
[3.407021] (rvo2_ros2) StderrLine: {'line': b'      |                                \x1b[01;36m\x1b[K^~~~~~~\x1b[m\x1b[K\n'}
[3.407096] (rvo2_ros2) StderrLine: {'line': b'\x1b[01m\x1b[K/home/xizesse/ros2_ws/src/rvo2_ros2/src/rvo2/Agent.cpp:284:69:\x1b[m\x1b[K \x1b[01;35m\x1b[Kwarning: \x1b[m\x1b[Kimplicitly-declared \xe2\x80\x98\x1b[01m\x1b[Kconstexpr RVO::Vector3& RVO::Vector3::\x1b[01;32m\x1b[Koperator=\x1b[m\x1b[K(const RVO::Vector3&)\x1b[m\x1b[K\xe2\x80\x99 is deprecated [\x1b[01;35m\x1b[K\x1b]8;;https://gcc.gnu.org/onlinedocs/gcc/Warning-Options.html#index-Wdeprecated-copy\x07-Wdeprecated-copy\x1b]8;;\x07\x1b[m\x1b[K]\n'}
[3.407194] (rvo2_ros2) StderrLine: {'line': b'  284 |                                 result = line.point + tRight * line.\x1b[01;35m\x1b[Kdirection\x1b[m\x1b[K;\n'}
[3.407273] (rvo2_ros2) StderrLine: {'line': b'      |                                                                     \x1b[01;35m\x1b[K^~~~~~~~~\x1b[m\x1b[K\n'}
[3.407347] (rvo2_ros2) StderrLine: {'line': b'\x1b[01m\x1b[K/home/xizesse/ros2_ws/src/rvo2_ros2/include/rvo2/Vector3.h:66:32:\x1b[m\x1b[K \x1b[01;36m\x1b[Knote: \x1b[m\x1b[Kbecause \xe2\x80\x98\x1b[01m\x1b[KRVO::Vector3\x1b[m\x1b[K\xe2\x80\x99 has user-provided \xe2\x80\x98\x1b[01m\x1b[KRVO::Vector3::\x1b[01;32m\x1b[KVector3\x1b[m\x1b[K(const RVO::Vector3&)\x1b[m\x1b[K\xe2\x80\x99\n'}
[3.407423] (rvo2_ros2) StderrLine: {'line': b'   66 |                 RVO_API inline \x1b[01;36m\x1b[KVector3\x1b[m\x1b[K(const Vector3 &vector)\n'}
[3.407505] (rvo2_ros2) StderrLine: {'line': b'      |                                \x1b[01;36m\x1b[K^~~~~~~\x1b[m\x1b[K\n'}
[3.407582] (rvo2_ros2) StderrLine: {'line': b'\x1b[01m\x1b[K/home/xizesse/ros2_ws/src/rvo2_ros2/src/rvo2/Agent.cpp:287:64:\x1b[m\x1b[K \x1b[01;35m\x1b[Kwarning: \x1b[m\x1b[Kimplicitly-declared \xe2\x80\x98\x1b[01m\x1b[Kconstexpr RVO::Vector3& RVO::Vector3::\x1b[01;32m\x1b[Koperator=\x1b[m\x1b[K(const RVO::Vector3&)\x1b[m\x1b[K\xe2\x80\x99 is deprecated [\x1b[01;35m\x1b[K\x1b]8;;https://gcc.gnu.org/onlinedocs/gcc/Warning-Options.html#index-Wdeprecated-copy\x07-Wdeprecated-copy\x1b]8;;\x07\x1b[m\x1b[K]\n'}
[3.407662] (rvo2_ros2) StderrLine: {'line': b'  287 |                                 result = line.point + t * line.\x1b[01;35m\x1b[Kdirection\x1b[m\x1b[K;\n'}
[3.407737] (rvo2_ros2) StderrLine: {'line': b'      |                                                                \x1b[01;35m\x1b[K^~~~~~~~~\x1b[m\x1b[K\n'}
[3.407823] (rvo2_ros2) StderrLine: {'line': b'\x1b[01m\x1b[K/home/xizesse/ros2_ws/src/rvo2_ros2/include/rvo2/Vector3.h:66:32:\x1b[m\x1b[K \x1b[01;36m\x1b[Knote: \x1b[m\x1b[Kbecause \xe2\x80\x98\x1b[01m\x1b[KRVO::Vector3\x1b[m\x1b[K\xe2\x80\x99 has user-provided \xe2\x80\x98\x1b[01m\x1b[KRVO::Vector3::\x1b[01;32m\x1b[KVector3\x1b[m\x1b[K(const RVO::Vector3&)\x1b[m\x1b[K\xe2\x80\x99\n'}
[3.407901] (rvo2_ros2) StderrLine: {'line': b'   66 |                 RVO_API inline \x1b[01;36m\x1b[KVector3\x1b[m\x1b[K(const Vector3 &vector)\n'}
[3.407977] (rvo2_ros2) StderrLine: {'line': b'      |                                \x1b[01;36m\x1b[K^~~~~~~\x1b[m\x1b[K\n'}
[3.408054] (rvo2_ros2) StderrLine: {'line': b'\x1b[01m\x1b[K/home/xizesse/ros2_ws/src/rvo2_ros2/src/rvo2/Agent.cpp:\x1b[m\x1b[K In function \xe2\x80\x98\x1b[01m\x1b[Kbool RVO::\x1b[01;32m\x1b[KlinearProgram2\x1b[m\x1b[K(const std::vector<Plane>&, size_t, float, const Vector3&, bool, Vector3&)\x1b[m\x1b[K\xe2\x80\x99:\n'}
[3.408140] (rvo2_ros2) StderrLine: {'line': b'\x1b[01m\x1b[K/home/xizesse/ros2_ws/src/rvo2_ros2/src/rvo2/Agent.cpp:315:42:\x1b[m\x1b[K \x1b[01;35m\x1b[Kwarning: \x1b[m\x1b[Kimplicitly-declared \xe2\x80\x98\x1b[01m\x1b[Kconstexpr RVO::Vector3& RVO::Vector3::\x1b[01;32m\x1b[Koperator=\x1b[m\x1b[K(const RVO::Vector3&)\x1b[m\x1b[K\xe2\x80\x99 is deprecated [\x1b[01;35m\x1b[K\x1b]8;;https://gcc.gnu.org/onlinedocs/gcc/Warning-Options.html#index-Wdeprecated-copy\x07-Wdeprecated-copy\x1b]8;;\x07\x1b[m\x1b[K]\n'}
[3.408223] (rvo2_ros2) StderrLine: {'line': b'  315 |                                 result = \x1b[01;35m\x1b[KplaneCenter\x1b[m\x1b[K;\n'}
[3.408302] (rvo2_ros2) StderrLine: {'line': b'      |                                          \x1b[01;35m\x1b[K^~~~~~~~~~~\x1b[m\x1b[K\n'}
[3.408380] (rvo2_ros2) StderrLine: {'line': b'\x1b[01m\x1b[K/home/xizesse/ros2_ws/src/rvo2_ros2/include/rvo2/Vector3.h:66:32:\x1b[m\x1b[K \x1b[01;36m\x1b[Knote: \x1b[m\x1b[Kbecause \xe2\x80\x98\x1b[01m\x1b[KRVO::Vector3\x1b[m\x1b[K\xe2\x80\x99 has user-provided \xe2\x80\x98\x1b[01m\x1b[KRVO::Vector3::\x1b[01;32m\x1b[KVector3\x1b[m\x1b[K(const RVO::Vector3&)\x1b[m\x1b[K\xe2\x80\x99\n'}
[3.408461] (rvo2_ros2) StderrLine: {'line': b'   66 |                 RVO_API inline \x1b[01;36m\x1b[KVector3\x1b[m\x1b[K(const Vector3 &vector)\n'}
[3.408538] (rvo2_ros2) StderrLine: {'line': b'      |                                \x1b[01;36m\x1b[K^~~~~~~\x1b[m\x1b[K\n'}
[3.408615] (rvo2_ros2) StderrLine: {'line': b'\x1b[01m\x1b[K/home/xizesse/ros2_ws/src/rvo2_ros2/src/rvo2/Agent.cpp:318:110:\x1b[m\x1b[K \x1b[01;35m\x1b[Kwarning: \x1b[m\x1b[Kimplicitly-declared \xe2\x80\x98\x1b[01m\x1b[Kconstexpr RVO::Vector3& RVO::Vector3::\x1b[01;32m\x1b[Koperator=\x1b[m\x1b[K(const RVO::Vector3&)\x1b[m\x1b[K\xe2\x80\x99 is deprecated [\x1b[01;35m\x1b[K\x1b]8;;https://gcc.gnu.org/onlinedocs/gcc/Warning-Options.html#index-Wdeprecated-copy\x07-Wdeprecated-copy\x1b]8;;\x07\x1b[m\x1b[K]\n'}
[3.408695] (rvo2_ros2) StderrLine: {'line': b'  318 |                                 result = planeCenter + std::sqrt(planeRadiusSq / planeOptVelocityLengthSq) * \x1b[01;35m\x1b[KplaneOptVelocity\x1b[m\x1b[K;\n'}
[3.408772] (rvo2_ros2) StderrLine: {'line': b'      |                                                                                                              \x1b[01;35m\x1b[K^~~~~~~~~~~~~~~~\x1b[m\x1b[K\n'}
[3.408846] (rvo2_ros2) StderrLine: {'line': b'\x1b[01m\x1b[K/home/xizesse/ros2_ws/src/rvo2_ros2/include/rvo2/Vector3.h:66:32:\x1b[m\x1b[K \x1b[01;36m\x1b[Knote: \x1b[m\x1b[Kbecause \xe2\x80\x98\x1b[01m\x1b[KRVO::Vector3\x1b[m\x1b[K\xe2\x80\x99 has user-provided \xe2\x80\x98\x1b[01m\x1b[KRVO::Vector3::\x1b[01;32m\x1b[KVector3\x1b[m\x1b[K(const RVO::Vector3&)\x1b[m\x1b[K\xe2\x80\x99\n'}
[3.408924] (rvo2_ros2) StderrLine: {'line': b'   66 |                 RVO_API inline \x1b[01;36m\x1b[KVector3\x1b[m\x1b[K(const Vector3 &vector)\n'}
[3.409000] (rvo2_ros2) StderrLine: {'line': b'      |                                \x1b[01;36m\x1b[K^~~~~~~\x1b[m\x1b[K\n'}
[3.409076] (rvo2_ros2) StderrLine: {'line': b'\x1b[01m\x1b[K/home/xizesse/ros2_ws/src/rvo2_ros2/src/rvo2/Agent.cpp:323:131:\x1b[m\x1b[K \x1b[01;35m\x1b[Kwarning: \x1b[m\x1b[Kimplicitly-declared \xe2\x80\x98\x1b[01m\x1b[Kconstexpr RVO::Vector3& RVO::Vector3::\x1b[01;32m\x1b[Koperator=\x1b[m\x1b[K(const RVO::Vector3&)\x1b[m\x1b[K\xe2\x80\x99 is deprecated [\x1b[01;35m\x1b[K\x1b]8;;https://gcc.gnu.org/onlinedocs/gcc/Warning-Options.html#index-Wdeprecated-copy\x07-Wdeprecated-copy\x1b]8;;\x07\x1b[m\x1b[K]\n'}
[3.409171] (rvo2_ros2) StderrLine: {'line': b'  323 |                         result = optVelocity + ((planes[planeNo].point - optVelocity) * planes[planeNo].normal) * planes[planeNo].\x1b[01;35m\x1b[Knormal\x1b[m\x1b[K;\n'}
[3.409250] (rvo2_ros2) StderrLine: {'line': b'      |                                                                                                                                   \x1b[01;35m\x1b[K^~~~~~\x1b[m\x1b[K\n'}
[3.409327] (rvo2_ros2) StderrLine: {'line': b'\x1b[01m\x1b[K/home/xizesse/ros2_ws/src/rvo2_ros2/include/rvo2/Vector3.h:66:32:\x1b[m\x1b[K \x1b[01;36m\x1b[Knote: \x1b[m\x1b[Kbecause \xe2\x80\x98\x1b[01m\x1b[KRVO::Vector3\x1b[m\x1b[K\xe2\x80\x99 has user-provided \xe2\x80\x98\x1b[01m\x1b[KRVO::Vector3::\x1b[01;32m\x1b[KVector3\x1b[m\x1b[K(const RVO::Vector3&)\x1b[m\x1b[K\xe2\x80\x99\n'}
[3.409409] (rvo2_ros2) StderrLine: {'line': b'   66 |                 RVO_API inline \x1b[01;36m\x1b[KVector3\x1b[m\x1b[K(const Vector3 &vector)\n'}
[3.409486] (rvo2_ros2) StderrLine: {'line': b'      |                                \x1b[01;36m\x1b[K^~~~~~~\x1b[m\x1b[K\n'}
[3.409561] (rvo2_ros2) StderrLine: {'line': b'\x1b[01m\x1b[K/home/xizesse/ros2_ws/src/rvo2_ros2/src/rvo2/Agent.cpp:329:105:\x1b[m\x1b[K \x1b[01;35m\x1b[Kwarning: \x1b[m\x1b[Kimplicitly-declared \xe2\x80\x98\x1b[01m\x1b[Kconstexpr RVO::Vector3& RVO::Vector3::\x1b[01;32m\x1b[Koperator=\x1b[m\x1b[K(const RVO::Vector3&)\x1b[m\x1b[K\xe2\x80\x99 is deprecated [\x1b[01;35m\x1b[K\x1b]8;;https://gcc.gnu.org/onlinedocs/gcc/Warning-Options.html#index-Wdeprecated-copy\x07-Wdeprecated-copy\x1b]8;;\x07\x1b[m\x1b[K]\n'}
[3.409644] (rvo2_ros2) StderrLine: {'line': b'  329 |                                 result = planeCenter + std::sqrt(planeRadiusSq / planeResultLengthSq) * \x1b[01;35m\x1b[KplaneResult\x1b[m\x1b[K;\n'}
[3.409721] (rvo2_ros2) StderrLine: {'line': b'      |                                                                                                         \x1b[01;35m\x1b[K^~~~~~~~~~~\x1b[m\x1b[K\n'}
[3.409797] (rvo2_ros2) StderrLine: {'line': b'\x1b[01m\x1b[K/home/xizesse/ros2_ws/src/rvo2_ros2/include/rvo2/Vector3.h:66:32:\x1b[m\x1b[K \x1b[01;36m\x1b[Knote: \x1b[m\x1b[Kbecause \xe2\x80\x98\x1b[01m\x1b[KRVO::Vector3\x1b[m\x1b[K\xe2\x80\x99 has user-provided \xe2\x80\x98\x1b[01m\x1b[KRVO::Vector3::\x1b[01;32m\x1b[KVector3\x1b[m\x1b[K(const RVO::Vector3&)\x1b[m\x1b[K\xe2\x80\x99\n'}
[3.409876] (rvo2_ros2) StderrLine: {'line': b'   66 |                 RVO_API inline \x1b[01;36m\x1b[KVector3\x1b[m\x1b[K(const Vector3 &vector)\n'}
[3.409951] (rvo2_ros2) StderrLine: {'line': b'      |                                \x1b[01;36m\x1b[K^~~~~~~\x1b[m\x1b[K\n'}
[3.410028] (rvo2_ros2) StderrLine: {'line': b'\x1b[01m\x1b[K/home/xizesse/ros2_ws/src/rvo2_ros2/src/rvo2/Agent.cpp:345:72:\x1b[m\x1b[K \x1b[01;35m\x1b[Kwarning: \x1b[m\x1b[Kimplicitly-declared \xe2\x80\x98\x1b[01m\x1b[Kconstexpr RVO::Vector3& RVO::Vector3::\x1b[01;32m\x1b[Koperator=\x1b[m\x1b[K(const RVO::Vector3&)\x1b[m\x1b[K\xe2\x80\x99 is deprecated [\x1b[01;35m\x1b[K\x1b]8;;https://gcc.gnu.org/onlinedocs/gcc/Warning-Options.html#index-Wdeprecated-copy\x07-Wdeprecated-copy\x1b]8;;\x07\x1b[m\x1b[K]\n'}
[3.410119] (rvo2_ros2) StderrLine: {'line': b'  345 |                                 line.direction = normalize(crossProduct\x1b[01;35m\x1b[K)\x1b[m\x1b[K;\n'}
[3.410200] (rvo2_ros2) StderrLine: {'line': b'      |                                                                        \x1b[01;35m\x1b[K^\x1b[m\x1b[K\n'}
[3.410278] (rvo2_ros2) StderrLine: {'line': b'\x1b[01m\x1b[K/home/xizesse/ros2_ws/src/rvo2_ros2/include/rvo2/Vector3.h:66:32:\x1b[m\x1b[K \x1b[01;36m\x1b[Knote: \x1b[m\x1b[Kbecause \xe2\x80\x98\x1b[01m\x1b[KRVO::Vector3\x1b[m\x1b[K\xe2\x80\x99 has user-provided \xe2\x80\x98\x1b[01m\x1b[KRVO::Vector3::\x1b[01;32m\x1b[KVector3\x1b[m\x1b[K(const RVO::Vector3&)\x1b[m\x1b[K\xe2\x80\x99\n'}
[3.410359] (rvo2_ros2) StderrLine: {'line': b'   66 |                 RVO_API inline \x1b[01;36m\x1b[KVector3\x1b[m\x1b[K(const Vector3 &vector)\n'}
[3.410436] (rvo2_ros2) StderrLine: {'line': b'      |                                \x1b[01;36m\x1b[K^~~~~~~\x1b[m\x1b[K\n'}
[3.410513] (rvo2_ros2) StderrLine: {'line': b'\x1b[01m\x1b[K/home/xizesse/ros2_ws/src/rvo2_ros2/src/rvo2/Agent.cpp:347:171:\x1b[m\x1b[K \x1b[01;35m\x1b[Kwarning: \x1b[m\x1b[Kimplicitly-declared \xe2\x80\x98\x1b[01m\x1b[Kconstexpr RVO::Vector3& RVO::Vector3::\x1b[01;32m\x1b[Koperator=\x1b[m\x1b[K(const RVO::Vector3&)\x1b[m\x1b[K\xe2\x80\x99 is deprecated [\x1b[01;35m\x1b[K\x1b]8;;https://gcc.gnu.org/onlinedocs/gcc/Warning-Options.html#index-Wdeprecated-copy\x07-Wdeprecated-copy\x1b]8;;\x07\x1b[m\x1b[K]\n'}
[3.410594] (rvo2_ros2) StderrLine: {'line': b'  347 |                                 line.point = planes[planeNo].point + (((planes[i].point - planes[planeNo].point) * planes[i].normal) / (lineNormal * planes[i].normal)) * \x1b[01;35m\x1b[KlineNormal\x1b[m\x1b[K;\n'}
[3.410670] (rvo2_ros2) StderrLine: {'line': b'      |                                                                                                                                                                           \x1b[01;35m\x1b[K^~~~~~~~~~\x1b[m\x1b[K\n'}
[3.410745] (rvo2_ros2) StderrLine: {'line': b'\x1b[01m\x1b[K/home/xizesse/ros2_ws/src/rvo2_ros2/include/rvo2/Vector3.h:66:32:\x1b[m\x1b[K \x1b[01;36m\x1b[Knote: \x1b[m\x1b[Kbecause \xe2\x80\x98\x1b[01m\x1b[KRVO::Vector3\x1b[m\x1b[K\xe2\x80\x99 has user-provided \xe2\x80\x98\x1b[01m\x1b[KRVO::Vector3::\x1b[01;32m\x1b[KVector3\x1b[m\x1b[K(const RVO::Vector3&)\x1b[m\x1b[K\xe2\x80\x99\n'}
[3.410822] (rvo2_ros2) StderrLine: {'line': b'   66 |                 RVO_API inline \x1b[01;36m\x1b[KVector3\x1b[m\x1b[K(const Vector3 &vector)\n'}
[3.410898] (rvo2_ros2) StderrLine: {'line': b'      |                                \x1b[01;36m\x1b[K^~~~~~~\x1b[m\x1b[K\n'}
[3.410973] (rvo2_ros2) StderrLine: {'line': b'\x1b[01m\x1b[K/home/xizesse/ros2_ws/src/rvo2_ros2/src/rvo2/Agent.cpp:\x1b[m\x1b[K In function \xe2\x80\x98\x1b[01m\x1b[Ksize_t RVO::\x1b[01;32m\x1b[KlinearProgram3\x1b[m\x1b[K(const std::vector<Plane>&, float, const Vector3&, bool, Vector3&)\x1b[m\x1b[K\xe2\x80\x99:\n'}
[3.411049] (rvo2_ros2) StderrLine: {'line': b'\x1b[01m\x1b[K/home/xizesse/ros2_ws/src/rvo2_ros2/src/rvo2/Agent.cpp:362:48:\x1b[m\x1b[K \x1b[01;35m\x1b[Kwarning: \x1b[m\x1b[Kimplicitly-declared \xe2\x80\x98\x1b[01m\x1b[Kconstexpr RVO::Vector3& RVO::Vector3::\x1b[01;32m\x1b[Koperator=\x1b[m\x1b[K(const RVO::Vector3&)\x1b[m\x1b[K\xe2\x80\x99 is deprecated [\x1b[01;35m\x1b[K\x1b]8;;https://gcc.gnu.org/onlinedocs/gcc/Warning-Options.html#index-Wdeprecated-copy\x07-Wdeprecated-copy\x1b]8;;\x07\x1b[m\x1b[K]\n'}
[3.411141] (rvo2_ros2) StderrLine: {'line': b'  362 |                         result = optVelocity * \x1b[01;35m\x1b[Kradius\x1b[m\x1b[K;\n'}
[3.411222] (rvo2_ros2) StderrLine: {'line': b'      |                                                \x1b[01;35m\x1b[K^~~~~~\x1b[m\x1b[K\n'}
[3.411314] (rvo2_ros2) StderrLine: {'line': b'\x1b[01m\x1b[K/home/xizesse/ros2_ws/src/rvo2_ros2/include/rvo2/Vector3.h:66:32:\x1b[m\x1b[K \x1b[01;36m\x1b[Knote: \x1b[m\x1b[Kbecause \xe2\x80\x98\x1b[01m\x1b[KRVO::Vector3\x1b[m\x1b[K\xe2\x80\x99 has user-provided \xe2\x80\x98\x1b[01m\x1b[KRVO::Vector3::\x1b[01;32m\x1b[KVector3\x1b[m\x1b[K(const RVO::Vector3&)\x1b[m\x1b[K\xe2\x80\x99\n'}
[3.411400] (rvo2_ros2) StderrLine: {'line': b'   66 |                 RVO_API inline \x1b[01;36m\x1b[KVector3\x1b[m\x1b[K(const Vector3 &vector)\n'}
[3.411482] (rvo2_ros2) StderrLine: {'line': b'      |                                \x1b[01;36m\x1b[K^~~~~~~\x1b[m\x1b[K\n'}
[3.411561] (rvo2_ros2) StderrLine: {'line': b'\x1b[01m\x1b[K/home/xizesse/ros2_ws/src/rvo2_ros2/src/rvo2/Agent.cpp:366:59:\x1b[m\x1b[K \x1b[01;35m\x1b[Kwarning: \x1b[m\x1b[Kimplicitly-declared \xe2\x80\x98\x1b[01m\x1b[Kconstexpr RVO::Vector3& RVO::Vector3::\x1b[01;32m\x1b[Koperator=\x1b[m\x1b[K(const RVO::Vector3&)\x1b[m\x1b[K\xe2\x80\x99 is deprecated [\x1b[01;35m\x1b[K\x1b]8;;https://gcc.gnu.org/onlinedocs/gcc/Warning-Options.html#index-Wdeprecated-copy\x07-Wdeprecated-copy\x1b]8;;\x07\x1b[m\x1b[K]\n'}
[3.411659] (rvo2_ros2) StderrLine: {'line': b'  366 |                         result = normalize(optVelocity) * \x1b[01;35m\x1b[Kradius\x1b[m\x1b[K;\n'}
[3.411739] (rvo2_ros2) StderrLine: {'line': b'      |                                                           \x1b[01;35m\x1b[K^~~~~~\x1b[m\x1b[K\n'}
[3.411818] (rvo2_ros2) StderrLine: {'line': b'\x1b[01m\x1b[K/home/xizesse/ros2_ws/src/rvo2_ros2/include/rvo2/Vector3.h:66:32:\x1b[m\x1b[K \x1b[01;36m\x1b[Knote: \x1b[m\x1b[Kbecause \xe2\x80\x98\x1b[01m\x1b[KRVO::Vector3\x1b[m\x1b[K\xe2\x80\x99 has user-provided \xe2\x80\x98\x1b[01m\x1b[KRVO::Vector3::\x1b[01;32m\x1b[KVector3\x1b[m\x1b[K(const RVO::Vector3&)\x1b[m\x1b[K\xe2\x80\x99\n'}
[3.411895] (rvo2_ros2) StderrLine: {'line': b'   66 |                 RVO_API inline \x1b[01;36m\x1b[KVector3\x1b[m\x1b[K(const Vector3 &vector)\n'}
[3.411975] (rvo2_ros2) StderrLine: {'line': b'      |                                \x1b[01;36m\x1b[K^~~~~~~\x1b[m\x1b[K\n'}
[3.412062] (rvo2_ros2) StderrLine: {'line': b'\x1b[01m\x1b[K/home/xizesse/ros2_ws/src/rvo2_ros2/src/rvo2/Agent.cpp:370:34:\x1b[m\x1b[K \x1b[01;35m\x1b[Kwarning: \x1b[m\x1b[Kimplicitly-declared \xe2\x80\x98\x1b[01m\x1b[Kconstexpr RVO::Vector3& RVO::Vector3::\x1b[01;32m\x1b[Koperator=\x1b[m\x1b[K(const RVO::Vector3&)\x1b[m\x1b[K\xe2\x80\x99 is deprecated [\x1b[01;35m\x1b[K\x1b]8;;https://gcc.gnu.org/onlinedocs/gcc/Warning-Options.html#index-Wdeprecated-copy\x07-Wdeprecated-copy\x1b]8;;\x07\x1b[m\x1b[K]\n'}
[3.412156] (rvo2_ros2) StderrLine: {'line': b'  370 |                         result = \x1b[01;35m\x1b[KoptVelocity\x1b[m\x1b[K;\n'}
[3.412234] (rvo2_ros2) StderrLine: {'line': b'      |                                  \x1b[01;35m\x1b[K^~~~~~~~~~~\x1b[m\x1b[K\n'}
[3.412312] (rvo2_ros2) StderrLine: {'line': b'\x1b[01m\x1b[K/home/xizesse/ros2_ws/src/rvo2_ros2/include/rvo2/Vector3.h:66:32:\x1b[m\x1b[K \x1b[01;36m\x1b[Knote: \x1b[m\x1b[Kbecause \xe2\x80\x98\x1b[01m\x1b[KRVO::Vector3\x1b[m\x1b[K\xe2\x80\x99 has user-provided \xe2\x80\x98\x1b[01m\x1b[KRVO::Vector3::\x1b[01;32m\x1b[KVector3\x1b[m\x1b[K(const RVO::Vector3&)\x1b[m\x1b[K\xe2\x80\x99\n'}
[3.412390] (rvo2_ros2) StderrLine: {'line': b'   66 |                 RVO_API inline \x1b[01;36m\x1b[KVector3\x1b[m\x1b[K(const Vector3 &vector)\n'}
[3.412469] (rvo2_ros2) StderrLine: {'line': b'      |                                \x1b[01;36m\x1b[K^~~~~~~\x1b[m\x1b[K\n'}
[3.412547] (rvo2_ros2) StderrLine: {'line': b'\x1b[01m\x1b[K/home/xizesse/ros2_ws/src/rvo2_ros2/src/rvo2/Agent.cpp:379:50:\x1b[m\x1b[K \x1b[01;35m\x1b[Kwarning: \x1b[m\x1b[Kimplicitly-declared \xe2\x80\x98\x1b[01m\x1b[Kconstexpr RVO::Vector3& RVO::Vector3::\x1b[01;32m\x1b[Koperator=\x1b[m\x1b[K(const RVO::Vector3&)\x1b[m\x1b[K\xe2\x80\x99 is deprecated [\x1b[01;35m\x1b[K\x1b]8;;https://gcc.gnu.org/onlinedocs/gcc/Warning-Options.html#index-Wdeprecated-copy\x07-Wdeprecated-copy\x1b]8;;\x07\x1b[m\x1b[K]\n'}
[3.412626] (rvo2_ros2) StderrLine: {'line': b'  379 |                                         result = \x1b[01;35m\x1b[KtempResult\x1b[m\x1b[K;\n'}
[3.412702] (rvo2_ros2) StderrLine: {'line': b'      |                                                  \x1b[01;35m\x1b[K^~~~~~~~~~\x1b[m\x1b[K\n'}
[3.412779] (rvo2_ros2) StderrLine: {'line': b'\x1b[01m\x1b[K/home/xizesse/ros2_ws/src/rvo2_ros2/include/rvo2/Vector3.h:66:32:\x1b[m\x1b[K \x1b[01;36m\x1b[Knote: \x1b[m\x1b[Kbecause \xe2\x80\x98\x1b[01m\x1b[KRVO::Vector3\x1b[m\x1b[K\xe2\x80\x99 has user-provided \xe2\x80\x98\x1b[01m\x1b[KRVO::Vector3::\x1b[01;32m\x1b[KVector3\x1b[m\x1b[K(const RVO::Vector3&)\x1b[m\x1b[K\xe2\x80\x99\n'}
[3.412856] (rvo2_ros2) StderrLine: {'line': b'   66 |                 RVO_API inline \x1b[01;36m\x1b[KVector3\x1b[m\x1b[K(const Vector3 &vector)\n'}
[3.412937] (rvo2_ros2) StderrLine: {'line': b'      |                                \x1b[01;36m\x1b[K^~~~~~~\x1b[m\x1b[K\n'}
[3.413014] (rvo2_ros2) StderrLine: {'line': b'\x1b[01m\x1b[K/home/xizesse/ros2_ws/src/rvo2_ros2/src/rvo2/Agent.cpp:\x1b[m\x1b[K In function \xe2\x80\x98\x1b[01m\x1b[Kvoid RVO::\x1b[01;32m\x1b[KlinearProgram4\x1b[m\x1b[K(const std::vector<Plane>&, size_t, float, Vector3&)\x1b[m\x1b[K\xe2\x80\x99:\n'}
[3.413090] (rvo2_ros2) StderrLine: {'line': b'\x1b[01m\x1b[K/home/xizesse/ros2_ws/src/rvo2_ros2/src/rvo2/Agent.cpp:410:112:\x1b[m\x1b[K \x1b[01;35m\x1b[Kwarning: \x1b[m\x1b[Kimplicitly-declared \xe2\x80\x98\x1b[01m\x1b[Kconstexpr RVO::Vector3& RVO::Vector3::\x1b[01;32m\x1b[Koperator=\x1b[m\x1b[K(const RVO::Vector3&)\x1b[m\x1b[K\xe2\x80\x99 is deprecated [\x1b[01;35m\x1b[K\x1b]8;;https://gcc.gnu.org/onlinedocs/gcc/Warning-Options.html#index-Wdeprecated-copy\x07-Wdeprecated-copy\x1b]8;;\x07\x1b[m\x1b[K]\n'}
[3.413176] (rvo2_ros2) StderrLine: {'line': b'  410 |                                                         plane.point = 0.5f * (planes[i].point + planes[j].point\x1b[01;35m\x1b[K)\x1b[m\x1b[K;\n'}
[3.413254] (rvo2_ros2) StderrLine: {'line': b'      |                                                                                                                \x1b[01;35m\x1b[K^\x1b[m\x1b[K\n'}
[3.413330] (rvo2_ros2) StderrLine: {'line': b'\x1b[01m\x1b[K/home/xizesse/ros2_ws/src/rvo2_ros2/include/rvo2/Vector3.h:66:32:\x1b[m\x1b[K \x1b[01;36m\x1b[Knote: \x1b[m\x1b[Kbecause \xe2\x80\x98\x1b[01m\x1b[KRVO::Vector3\x1b[m\x1b[K\xe2\x80\x99 has user-provided \xe2\x80\x98\x1b[01m\x1b[KRVO::Vector3::\x1b[01;32m\x1b[KVector3\x1b[m\x1b[K(const RVO::Vector3&)\x1b[m\x1b[K\xe2\x80\x99\n'}
[3.413412] (rvo2_ros2) StderrLine: {'line': b'   66 |                 RVO_API inline \x1b[01;36m\x1b[KVector3\x1b[m\x1b[K(const Vector3 &vector)\n'}
[3.413486] (rvo2_ros2) StderrLine: {'line': b'      |                                \x1b[01;36m\x1b[K^~~~~~~\x1b[m\x1b[K\n'}
[3.413561] (rvo2_ros2) StderrLine: {'line': b'\x1b[01m\x1b[K/home/xizesse/ros2_ws/src/rvo2_ros2/src/rvo2/Agent.cpp:416:176:\x1b[m\x1b[K \x1b[01;35m\x1b[Kwarning: \x1b[m\x1b[Kimplicitly-declared \xe2\x80\x98\x1b[01m\x1b[Kconstexpr RVO::Vector3& RVO::Vector3::\x1b[01;32m\x1b[Koperator=\x1b[m\x1b[K(const RVO::Vector3&)\x1b[m\x1b[K\xe2\x80\x99 is deprecated [\x1b[01;35m\x1b[K\x1b]8;;https://gcc.gnu.org/onlinedocs/gcc/Warning-Options.html#index-Wdeprecated-copy\x07-Wdeprecated-copy\x1b]8;;\x07\x1b[m\x1b[K]\n'}
[3.413644] (rvo2_ros2) StderrLine: {'line': b'  416 |                                                 plane.point = planes[i].point + (((planes[j].point - planes[i].point) * planes[j].normal) / (lineNormal * planes[j].normal)) * \x1b[01;35m\x1b[KlineNormal\x1b[m\x1b[K;\n'}
[3.413721] (rvo2_ros2) StderrLine: {'line': b'      |                                                                                                                                                                                \x1b[01;35m\x1b[K^~~~~~~~~~\x1b[m\x1b[K\n'}
[3.413797] (rvo2_ros2) StderrLine: {'line': b'\x1b[01m\x1b[K/home/xizesse/ros2_ws/src/rvo2_ros2/include/rvo2/Vector3.h:66:32:\x1b[m\x1b[K \x1b[01;36m\x1b[Knote: \x1b[m\x1b[Kbecause \xe2\x80\x98\x1b[01m\x1b[KRVO::Vector3\x1b[m\x1b[K\xe2\x80\x99 has user-provided \xe2\x80\x98\x1b[01m\x1b[KRVO::Vector3::\x1b[01;32m\x1b[KVector3\x1b[m\x1b[K(const RVO::Vector3&)\x1b[m\x1b[K\xe2\x80\x99\n'}
[3.413877] (rvo2_ros2) StderrLine: {'line': b'   66 |                 RVO_API inline \x1b[01;36m\x1b[KVector3\x1b[m\x1b[K(const Vector3 &vector)\n'}
[3.413954] (rvo2_ros2) StderrLine: {'line': b'      |                                \x1b[01;36m\x1b[K^~~~~~~\x1b[m\x1b[K\n'}
[3.414031] (rvo2_ros2) StderrLine: {'line': b'\x1b[01m\x1b[K/home/xizesse/ros2_ws/src/rvo2_ros2/src/rvo2/Agent.cpp:419:101:\x1b[m\x1b[K \x1b[01;35m\x1b[Kwarning: \x1b[m\x1b[Kimplicitly-declared \xe2\x80\x98\x1b[01m\x1b[Kconstexpr RVO::Vector3& RVO::Vector3::\x1b[01;32m\x1b[Koperator=\x1b[m\x1b[K(const RVO::Vector3&)\x1b[m\x1b[K\xe2\x80\x99 is deprecated [\x1b[01;35m\x1b[K\x1b]8;;https://gcc.gnu.org/onlinedocs/gcc/Warning-Options.html#index-Wdeprecated-copy\x07-Wdeprecated-copy\x1b]8;;\x07\x1b[m\x1b[K]\n'}
[3.414119] (rvo2_ros2) StderrLine: {'line': b'  419 |                                         plane.normal = normalize(planes[j].normal - planes[i].normal\x1b[01;35m\x1b[K)\x1b[m\x1b[K;\n'}
[3.414200] (rvo2_ros2) StderrLine: {'line': b'      |                                                                                                     \x1b[01;35m\x1b[K^\x1b[m\x1b[K\n'}
[3.414277] (rvo2_ros2) StderrLine: {'line': b'\x1b[01m\x1b[K/home/xizesse/ros2_ws/src/rvo2_ros2/include/rvo2/Vector3.h:66:32:\x1b[m\x1b[K \x1b[01;36m\x1b[Knote: \x1b[m\x1b[Kbecause \xe2\x80\x98\x1b[01m\x1b[KRVO::Vector3\x1b[m\x1b[K\xe2\x80\x99 has user-provided \xe2\x80\x98\x1b[01m\x1b[KRVO::Vector3::\x1b[01;32m\x1b[KVector3\x1b[m\x1b[K(const RVO::Vector3&)\x1b[m\x1b[K\xe2\x80\x99\n'}
[3.414356] (rvo2_ros2) StderrLine: {'line': b'   66 |                 RVO_API inline \x1b[01;36m\x1b[KVector3\x1b[m\x1b[K(const Vector3 &vector)\n'}
[3.414433] (rvo2_ros2) StderrLine: {'line': b'      |                                \x1b[01;36m\x1b[K^~~~~~~\x1b[m\x1b[K\n'}
[3.414508] (rvo2_ros2) StderrLine: {'line': b'\x1b[01m\x1b[K/home/xizesse/ros2_ws/src/rvo2_ros2/src/rvo2/Agent.cpp:427:50:\x1b[m\x1b[K \x1b[01;35m\x1b[Kwarning: \x1b[m\x1b[Kimplicitly-declared \xe2\x80\x98\x1b[01m\x1b[Kconstexpr RVO::Vector3& RVO::Vector3::\x1b[01;32m\x1b[Koperator=\x1b[m\x1b[K(const RVO::Vector3&)\x1b[m\x1b[K\xe2\x80\x99 is deprecated [\x1b[01;35m\x1b[K\x1b]8;;https://gcc.gnu.org/onlinedocs/gcc/Warning-Options.html#index-Wdeprecated-copy\x07-Wdeprecated-copy\x1b]8;;\x07\x1b[m\x1b[K]\n'}
[3.414585] (rvo2_ros2) StderrLine: {'line': b'  427 |                                         result = \x1b[01;35m\x1b[KtempResult\x1b[m\x1b[K;\n'}
[3.414661] (rvo2_ros2) StderrLine: {'line': b'      |                                                  \x1b[01;35m\x1b[K^~~~~~~~~~\x1b[m\x1b[K\n'}
[3.414736] (rvo2_ros2) StderrLine: {'line': b'\x1b[01m\x1b[K/home/xizesse/ros2_ws/src/rvo2_ros2/include/rvo2/Vector3.h:66:32:\x1b[m\x1b[K \x1b[01;36m\x1b[Knote: \x1b[m\x1b[Kbecause \xe2\x80\x98\x1b[01m\x1b[KRVO::Vector3\x1b[m\x1b[K\xe2\x80\x99 has user-provided \xe2\x80\x98\x1b[01m\x1b[KRVO::Vector3::\x1b[01;32m\x1b[KVector3\x1b[m\x1b[K(const RVO::Vector3&)\x1b[m\x1b[K\xe2\x80\x99\n'}
[3.414814] (rvo2_ros2) StderrLine: {'line': b'   66 |                 RVO_API inline \x1b[01;36m\x1b[KVector3\x1b[m\x1b[K(const Vector3 &vector)\n'}
[3.414890] (rvo2_ros2) StderrLine: {'line': b'      |                                \x1b[01;36m\x1b[K^~~~~~~\x1b[m\x1b[K\n'}
[3.449609] (avoa3d) StdoutLine: {'line': b'-- Found PythonExtra: /usr/bin/python3  \n'}
[3.505895] (-) TimerEvent: {}
[3.530372] (rvo2_ros2) StdoutLine: {'line': b'[ 12%] \x1b[32m\x1b[1mLinking CXX shared library librvo2_core.so\x1b[0m\n'}
[3.606148] (-) TimerEvent: {}
[3.633691] (rvo2_ros2) StdoutLine: {'line': b'[ 12%] Built target rvo2_core\n'}
[3.704328] (rvo2_ros2) StdoutLine: {'line': b'[ 12%] Built target rvo2_ros2__cpp\n'}
[3.706168] (-) TimerEvent: {}
[3.731898] (rvo2_ros2) StdoutLine: {'line': b'[ 24%] \x1b[32mBuilding C object CMakeFiles/rvo2_ros2__rosidl_generator_c.dir/rosidl_generator_c/rvo2_ros2/msg/detail/element_characteristics_stamped__description.c.o\x1b[0m\n'}
[3.732279] (rvo2_ros2) StdoutLine: {'line': b'[ 24%] \x1b[32mBuilding C object CMakeFiles/rvo2_ros2__rosidl_generator_c.dir/rosidl_generator_c/rvo2_ros2/msg/detail/element_characteristics_array__type_support.c.o\x1b[0m\n'}
[3.732374] (rvo2_ros2) StdoutLine: {'line': b'[ 24%] \x1b[32mBuilding C object CMakeFiles/rvo2_ros2__rosidl_generator_c.dir/rosidl_generator_c/rvo2_ros2/msg/detail/element_characteristics_stamped__type_support.c.o\x1b[0m\n'}
[3.732449] (rvo2_ros2) StdoutLine: {'line': b'[ 24%] \x1b[32mBuilding C object CMakeFiles/rvo2_ros2__rosidl_generator_c.dir/rosidl_generator_c/rvo2_ros2/msg/detail/element_characteristics_array__functions.c.o\x1b[0m\n'}
[3.732509] (rvo2_ros2) StdoutLine: {'line': b'[ 24%] \x1b[32mBuilding C object CMakeFiles/rvo2_ros2__rosidl_generator_c.dir/rosidl_generator_c/rvo2_ros2/msg/detail/element_characteristics_stamped__functions.c.o\x1b[0m\n'}
[3.732576] (rvo2_ros2) StdoutLine: {'line': b'[ 24%] \x1b[32mBuilding C object CMakeFiles/rvo2_ros2__rosidl_generator_c.dir/rosidl_generator_c/rvo2_ros2/msg/detail/element_characteristics_array__description.c.o\x1b[0m\n'}
[3.795913] (rvo2_ros2) StdoutLine: {'line': b'[ 25%] \x1b[32m\x1b[1mLinking C shared library librvo2_ros2__rosidl_generator_c.so\x1b[0m\n'}
[3.806266] (-) TimerEvent: {}
[3.835228] (rvo2_ros2) StdoutLine: {'line': b'[ 25%] Built target rvo2_ros2__rosidl_generator_c\n'}
[3.844052] (rvo2_ros2) StdoutLine: {'line': b'[ 31%] \x1b[34m\x1b[1mGenerating C++ type support dispatch for ROS interfaces\x1b[0m\n'}
[3.844377] (rvo2_ros2) StdoutLine: {'line': b'[ 31%] \x1b[34m\x1b[1mGenerating C type support for eProsima Fast-RTPS\x1b[0m\n'}
[3.844492] (rvo2_ros2) StdoutLine: {'line': b'[ 31%] \x1b[34m\x1b[1mGenerating C type support dispatch for ROS interfaces\x1b[0m\n'}
[3.845391] (rvo2_ros2) StdoutLine: {'line': b'[ 33%] \x1b[34m\x1b[1mGenerating C++ introspection for ROS interfaces\x1b[0m\n'}
[3.846976] (rvo2_ros2) StdoutLine: {'line': b'[ 35%] \x1b[34m\x1b[1mGenerating C introspection for ROS interfaces\x1b[0m\n'}
[3.847342] (rvo2_ros2) StdoutLine: {'line': b'[ 37%] \x1b[34m\x1b[1mGenerating C++ type support for eProsima Fast-RTPS\x1b[0m\n'}
[3.906358] (-) TimerEvent: {}
[3.909019] (avoa3d) StdoutLine: {'line': b'-- Found Python3: /usr/bin/python3 (found version "3.12.3") found components: Interpreter Development NumPy Development.Module Development.Embed \n'}
[4.001216] (avoa3d) StdoutLine: {'line': b'-- Found ament_lint_auto: 0.17.4 (/opt/ros/jazzy/share/ament_lint_auto/cmake)\n'}
[4.005808] (avoa3d) StdoutLine: {'line': b'-- Configuring done (4.0s)\n'}
[4.006419] (-) TimerEvent: {}
[4.073672] (avoa3d) StdoutLine: {'line': b'-- Generating done (0.1s)\n'}
[4.079459] (rvo2_ros2) StdoutLine: {'line': b'[ 40%] \x1b[32mBuilding CXX object CMakeFiles/rvo2_ros2__rosidl_typesupport_cpp.dir/rosidl_typesupport_cpp/rvo2_ros2/msg/element_characteristics_array__type_support.cpp.o\x1b[0m\n'}
[4.079755] (rvo2_ros2) StdoutLine: {'line': b'[ 40%] \x1b[32mBuilding CXX object CMakeFiles/rvo2_ros2__rosidl_typesupport_cpp.dir/rosidl_typesupport_cpp/rvo2_ros2/msg/element_characteristics_stamped__type_support.cpp.o\x1b[0m\n'}
[4.097328] (avoa3d) StdoutLine: {'line': b'-- Build files have been written to: /home/xizesse/ros2_ws/src/avoa3d/build/avoa3d\n'}
[4.098537] (rvo2_ros2) StdoutLine: {'line': b'[ 44%] \x1b[32mBuilding CXX object CMakeFiles/rvo2_ros2__rosidl_typesupport_introspection_cpp.dir/rosidl_typesupport_introspection_cpp/rvo2_ros2/msg/detail/element_characteristics_array__type_support.cpp.o\x1b[0m\n'}
[4.098831] (rvo2_ros2) StdoutLine: {'line': b'[ 44%] \x1b[32mBuilding CXX object CMakeFiles/rvo2_ros2__rosidl_typesupport_introspection_cpp.dir/rosidl_typesupport_introspection_cpp/rvo2_ros2/msg/detail/element_characteristics_stamped__type_support.cpp.o\x1b[0m\n'}
[4.106598] (-) TimerEvent: {}
[4.126462] (rvo2_ros2) StdoutLine: {'line': b'[ 48%] \x1b[32mBuilding CXX object CMakeFiles/rvo2_ros2__rosidl_typesupport_c.dir/rosidl_typesupport_c/rvo2_ros2/msg/element_characteristics_array__type_support.cpp.o\x1b[0m\n'}
[4.126968] (rvo2_ros2) StdoutLine: {'line': b'[ 48%] \x1b[32mBuilding CXX object CMakeFiles/rvo2_ros2__rosidl_typesupport_c.dir/rosidl_typesupport_c/rvo2_ros2/msg/element_characteristics_stamped__type_support.cpp.o\x1b[0m\n'}
[4.138064] (rvo2_ros2) StdoutLine: {'line': b'[ 51%] \x1b[32mBuilding C object CMakeFiles/rvo2_ros2__rosidl_typesupport_introspection_c.dir/rosidl_typesupport_introspection_c/rvo2_ros2/msg/detail/element_characteristics_array__type_support.c.o\x1b[0m\n'}
[4.138577] (rvo2_ros2) StdoutLine: {'line': b'[ 51%] \x1b[32mBuilding C object CMakeFiles/rvo2_ros2__rosidl_typesupport_introspection_c.dir/rosidl_typesupport_introspection_c/rvo2_ros2/msg/detail/element_characteristics_stamped__type_support.c.o\x1b[0m\n'}
[4.144120] (avoa3d) CommandEnded: {'returncode': 0}
[4.145955] (avoa3d) JobProgress: {'identifier': 'avoa3d', 'progress': 'build'}
[4.146480] (avoa3d) Command: {'cmd': ['/usr/bin/cmake', '--build', '/home/xizesse/ros2_ws/src/avoa3d/build/avoa3d', '--', '-j20', '-l20'], 'cwd': '/home/xizesse/ros2_ws/src/avoa3d/build/avoa3d', 'env': OrderedDict({'GZ_SIM_SYSTEM_PLUGIN_PATH': '/home/xizesse/vrx_ws/install/lib', 'GJS_DEBUG_TOPICS': 'JS ERROR;JS LOG', 'PYTHON_BASIC_REPL': '1', 'LESSOPEN': '| /usr/bin/lesspipe %s', 'GZ_SIM_RESOURCE_PATH': '/home/xizesse/ros2_ws/install/lily_gz/share/lily_gz/models:/home/xizesse/vrx_ws/install/share/vrx_gz/models/tmp:/home/xizesse/vrx_ws/install/share/vrx_gz/models:/home/xizesse/vrx_ws/install/share/vrx_gz/worlds/2023_phase2:/home/xizesse/vrx_ws/install/share/vrx_gz/worlds/2023_practice:/home/xizesse/vrx_ws/install/share/vrx_gz/worlds:/home/xizesse/vrx_ws/install/share/wamv_description/models:/home/xizesse/vrx_ws/install/share/vrx_gazebo/models:/home/xizesse/vrx_ws/install/share/:/opt/ros/jazzy/share', 'USER': 'xizesse', 'GZ_CONFIG_PATH': '/opt/ros/jazzy/opt/gz_sim_vendor/share/gz:/opt/ros/jazzy/opt/sdformat_vendor/share/gz:/opt/ros/jazzy/opt/gz_gui_vendor/share/gz:/opt/ros/jazzy/opt/gz_transport_vendor/share/gz:/opt/ros/jazzy/opt/gz_rendering_vendor/share/gz:/opt/ros/jazzy/opt/gz_plugin_vendor/share/gz:/opt/ros/jazzy/opt/gz_fuel_tools_vendor/share/gz:/opt/ros/jazzy/opt/gz_msgs_vendor/share/gz:/opt/ros/jazzy/opt/gz_common_vendor/share/gz', 'XDG_SESSION_TYPE': 'x11', 'GIT_ASKPASS': '/usr/share/antigravity/resources/app/extensions/git/dist/askpass.sh', 'CLUTTER_DISABLE_MIPMAPPED_TEXT': '1', 'SHLVL': '1', 'LD_LIBRARY_PATH': '/home/xizesse/ros2_ws/install/vesc_msgs/lib:/home/xizesse/ros2_ws/install/rvo2_ros2/lib:/home/xizesse/ros2_ws/install/avoa3d/lib:/home/xizesse/ros2_ws/install/obstacle_detector/lib:/home/xizesse/ros2_ws/install/io_context/lib:/home/xizesse/vrx_ws/install/lib:/opt/ros/jazzy/opt/gz_sim_vendor/lib:/opt/ros/jazzy/opt/gz_sensors_vendor/lib:/opt/ros/jazzy/opt/gz_physics_vendor/lib:/opt/ros/jazzy/opt/sdformat_vendor/lib:/opt/ros/jazzy/opt/rviz_ogre_vendor/lib:/opt/ros/jazzy/lib/x86_64-linux-gnu:/opt/ros/jazzy/opt/gz_gui_vendor/lib:/opt/ros/jazzy/opt/gz_transport_vendor/lib:/opt/ros/jazzy/opt/gz_rendering_vendor/lib:/opt/ros/jazzy/opt/gz_plugin_vendor/lib:/opt/ros/jazzy/opt/gz_fuel_tools_vendor/lib:/opt/ros/jazzy/opt/gz_msgs_vendor/lib:/opt/ros/jazzy/opt/gz_common_vendor/lib:/opt/ros/jazzy/opt/gz_math_vendor/lib:/opt/ros/jazzy/opt/gz_utils_vendor/lib:/opt/ros/jazzy/opt/gz_tools_vendor/lib:/opt/ros/jazzy/opt/gz_ogre_next_vendor/lib:/opt/ros/jazzy/opt/gz_dartsim_vendor/lib:/opt/ros/jazzy/opt/gz_cmake_vendor/lib:/opt/ros/jazzy/lib', 'ANTIGRAVITY_CLI_ALIAS': 'agy', 'HOME': '/home/xizesse', 'CHROME_DESKTOP': 'antigravity.desktop', 'OLDPWD': '/home/xizesse/ros2_ws/src/avoa3d/scripts', 'TERM_PROGRAM_VERSION': '1.107.0', 'DESKTOP_SESSION': 'ubuntu', 'GIO_LAUNCHED_DESKTOP_FILE': '/usr/share/applications/antigravity.desktop', 'ROS_PYTHON_VERSION': '3', 'GNOME_SHELL_SESSION_MODE': 'ubuntu', 'GTK_MODULES': 'gail:atk-bridge', 'PAGER': 'cat', 'VSCODE_GIT_ASKPASS_MAIN': '/usr/share/antigravity/resources/app/extensions/git/dist/askpass-main.js', 'VSCODE_GIT_ASKPASS_NODE': '/usr/share/antigravity/antigravity', 'MANAGERPID': '3010', 'PYDEVD_DISABLE_FILE_VALIDATION': '1', 'SYSTEMD_EXEC_PID': '3454', 'BUNDLED_DEBUGPY_PATH': '/home/xizesse/.antigravity/extensions/ms-python.debugpy-2025.18.0-linux-x64/bundled/libs/debugpy', 'VSCODE_PYTHON_AUTOACTIVATE_GUARD': '1', 'GSM_SKIP_SSH_AGENT_WORKAROUND': 'true', 'DBUS_SESSION_BUS_ADDRESS': 'unix:path=/run/user/1000/bus', 'COLORTERM': 'truecolor', 'ANTIGRAVITY_AGENT': '1', 'GIO_LAUNCHED_DESKTOP_FILE_PID': '4549', 'DEBUGINFOD_URLS': 'https://debuginfod.ubuntu.com', 'COLCON_PREFIX_PATH': '/home/xizesse/vrx_ws/install:/home/xizesse/ros2_ws/install', 'ROS_DISTRO': 'jazzy', 'LOGNAME': 'xizesse', 'JOURNAL_STREAM': '9:30996', '_': '/usr/bin/colcon', 'ROS_VERSION': '2', 'MEMORY_PRESSURE_WATCH': '/sys/fs/cgroup/user.slice/user-1000.slice/user@1000.service/session.slice/org.gnome.Shell@x11.service/memory.pressure', 'XDG_SESSION_CLASS': 'user', 'USERNAME': 'xizesse', 'TERM': 'xterm-256color', 'GNOME_DESKTOP_SESSION_ID': 'this-is-deprecated', 'FC_FONTATIONS': '1', 'WINDOWPATH': '2', 'PATH': '/opt/ros/jazzy/opt/gz_msgs_vendor/bin:/opt/ros/jazzy/opt/gz_tools_vendor/bin:/opt/ros/jazzy/opt/gz_ogre_next_vendor/bin:/opt/ros/jazzy/bin:/usr/local/sbin:/usr/local/bin:/usr/sbin:/usr/bin:/sbin:/bin:/usr/games:/usr/local/games:/snap/bin:/snap/bin:/home/xizesse/.antigravity/extensions/ms-python.debugpy-2025.18.0-linux-x64/bundled/scripts/noConfigScripts', 'SESSION_MANAGER': 'local/xizesse-ASUS-TUF-F15:@/tmp/.ICE-unix/3410,unix/xizesse-ASUS-TUF-F15:/tmp/.ICE-unix/3410', 'INVOCATION_ID': '30bd506c23524f78859216809f6cb439', 'XDG_MENU_PREFIX': 'gnome-', 'XDG_RUNTIME_DIR': '/run/user/1000', 'GDK_BACKEND': 'x11', 'DISPLAY': ':1', 'VSCODE_DEBUGPY_ADAPTER_ENDPOINTS': '/home/xizesse/.antigravity/extensions/ms-python.debugpy-2025.18.0-linux-x64/.noConfigDebugAdapterEndpoints/endpoint-7dcae9b31626a138.txt', 'LANG': 'en_US.UTF-8', 'XDG_CURRENT_DESKTOP': 'ubuntu:GNOME', 'PYTHONSTARTUP': '/home/xizesse/.config/Antigravity/User/workspaceStorage/4f14c94f2b5cbce87ebf14fd4d607f5d/ms-python.python/pythonrc.py', 'XMODIFIERS': '@im=ibus', 'XDG_SESSION_DESKTOP': 'ubuntu', 'XAUTHORITY': '/run/user/1000/gdm/Xauthority', 'LS_COLORS': 'rs=0:di=01;34:ln=01;36:mh=00:pi=40;33:so=01;35:do=01;35:bd=40;33;01:cd=40;33;01:or=40;31;01:mi=00:su=37;41:sg=30;43:ca=00:tw=30;42:ow=34;42:st=37;44:ex=01;32:*.tar=01;31:*.tgz=01;31:*.arc=01;31:*.arj=01;31:*.taz=01;31:*.lha=01;31:*.lz4=01;31:*.lzh=01;31:*.lzma=01;31:*.tlz=01;31:*.txz=01;31:*.tzo=01;31:*.t7z=01;31:*.zip=01;31:*.z=01;31:*.dz=01;31:*.gz=01;31:*.lrz=01;31:*.lz=01;31:*.lzo=01;31:*.xz=01;31:*.zst=01;31:*.tzst=01;31:*.bz2=01;31:*.bz=01;31:*.tbz=01;31:*.tbz2=01;31:*.tz=01;31:*.deb=01;31:*.rpm=01;31:*.jar=01;31:*.war=01;31:*.ear=01;31:*.sar=01;31:*.rar=01;31:*.alz=01;31:*.ace=01;31:*.zoo=01;31:*.cpio=01;31:*.7z=01;31:*.rz=01;31:*.cab=01;31:*.wim=01;31:*.swm=01;31:*.dwm=01;31:*.esd=01;31:*.avif=01;35:*.jpg=01;35:*.jpeg=01;35:*.mjpg=01;35:*.mjpeg=01;35:*.gif=01;35:*.bmp=01;35:*.pbm=01;35:*.pgm=01;35:*.ppm=01;35:*.tga=01;35:*.xbm=01;35:*.xpm=01;35:*.tif=01;35:*.tiff=01;35:*.png=01;35:*.svg=01;35:*.svgz=01;35:*.mng=01;35:*.pcx=01;35:*.mov=01;35:*.mpg=01;35:*.mpeg=01;35:*.m2v=01;35:*.mkv=01;35:*.webm=01;35:*.webp=01;35:*.ogm=01;35:*.mp4=01;35:*.m4v=01;35:*.mp4v=01;35:*.vob=01;35:*.qt=01;35:*.nuv=01;35:*.wmv=01;35:*.asf=01;35:*.rm=01;35:*.rmvb=01;35:*.flc=01;35:*.avi=01;35:*.fli=01;35:*.flv=01;35:*.gl=01;35:*.dl=01;35:*.xcf=01;35:*.xwd=01;35:*.yuv=01;35:*.cgm=01;35:*.emf=01;35:*.ogv=01;35:*.ogx=01;35:*.aac=00;36:*.au=00;36:*.flac=00;36:*.m4a=00;36:*.mid=00;36:*.midi=00;36:*.mka=00;36:*.mp3=00;36:*.mpc=00;36:*.ogg=00;36:*.ra=00;36:*.wav=00;36:*.oga=00;36:*.opus=00;36:*.spx=00;36:*.xspf=00;36:*~=00;90:*#=00;90:*.bak=00;90:*.crdownload=00;90:*.dpkg-dist=00;90:*.dpkg-new=00;90:*.dpkg-old=00;90:*.dpkg-tmp=00;90:*.old=00;90:*.orig=00;90:*.part=00;90:*.rej=00;90:*.rpmnew=00;90:*.rpmorig=00;90:*.rpmsave=00;90:*.swp=00;90:*.tmp=00;90:*.ucf-dist=00;90:*.ucf-new=00;90:*.ucf-old=00;90:', 'SBX_CHROME_API_RQ': '1', 'VSCODE_GIT_IPC_HANDLE': '/run/user/1000/vscode-git-3273f0ee0d.sock', 'TERM_PROGRAM': 'vscode', 'SSH_AUTH_SOCK': '/run/user/1000/keyring/ssh', 'AMENT_PREFIX_PATH': '/home/xizesse/ros2_ws/install/vesc_msgs:/home/xizesse/ros2_ws/install/rvo2_ros2:/home/xizesse/ros2_ws/install/avoa3d:/home/xizesse/ros2_ws/install/obstacle_detector:/home/xizesse/ros2_ws/install/lily_visualization:/home/xizesse/ros2_ws/install/lily_teleop:/home/xizesse/ros2_ws/install/lily_nav:/home/xizesse/ros2_ws/install/lily_gz:/home/xizesse/ros2_ws/install/lily_bringup:/home/xizesse/ros2_ws/install/io_context:/home/xizesse/ros2_ws/install/asio_cmake_module:/home/xizesse/vrx_ws/install:/opt/ros/jazzy', 'SHELL': '/bin/bash', 'QT_ACCESSIBILITY': '1', 'GDMSESSION': 'ubuntu', 'LESSCLOSE': '/usr/bin/lesspipe %s %s', 'GPG_AGENT_INFO': '/run/user/1000/gnupg/S.gpg-agent:0:1', 'GJS_DEBUG_OUTPUT': 'stderr', 'ROS_AUTOMATIC_DISCOVERY_RANGE': 'SUBNET', 'VSCODE_GIT_ASKPASS_EXTRA_ARGS': '', 'QT_IM_MODULE': 'ibus', 'PWD': '/home/xizesse/ros2_ws/src/avoa3d/build/avoa3d', 'LC_ALL': 'en_US.UTF-8', 'XDG_CONFIG_DIRS': '/etc/xdg/xdg-ubuntu:/etc/xdg', 'XDG_DATA_DIRS': '/usr/share/ubuntu:/usr/share/gnome:/home/xizesse/.local/share/flatpak/exports/share:/var/lib/flatpak/exports/share:/usr/local/share/:/usr/share/:/var/lib/snapd/desktop', 'PYTHONPATH': '/home/xizesse/ros2_ws/install/vesc_msgs/lib/python3.12/site-packages:/home/xizesse/ros2_ws/install/rvo2_ros2/lib/python3.12/site-packages:/home/xizesse/ros2_ws/install/avoa3d/lib/python3.12/site-packages:/home/xizesse/ros2_ws/install/obstacle_detector/lib/python3.12/site-packages:/home/xizesse/vrx_ws/install/lib/python3.12/site-packages:/opt/ros/jazzy/lib/python3.12/site-packages', 'COLCON': '1', 'MEMORY_PRESSURE_WRITE': 'c29tZSAyMDAwMDAgMjAwMDAwMAA=', 'CMAKE_PREFIX_PATH': '/home/xizesse/ros2_ws/install/vesc_msgs:/home/xizesse/ros2_ws/install/rvo2_ros2:/home/xizesse/ros2_ws/install/avoa3d:/home/xizesse/ros2_ws/install/obstacle_detector:/home/xizesse/ros2_ws/install/lily_visualization:/home/xizesse/ros2_ws/install/lily_teleop:/home/xizesse/ros2_ws/install/lily_nav:/home/xizesse/ros2_ws/install/lily_gz:/home/xizesse/ros2_ws/install/lily_bringup:/home/xizesse/ros2_ws/install/io_context:/home/xizesse/ros2_ws/install/asio_cmake_module:/home/xizesse/vrx_ws/install:/opt/ros/jazzy/opt/gz_sim_vendor:/opt/ros/jazzy/opt/gz_sensors_vendor:/opt/ros/jazzy/opt/gz_physics_vendor:/opt/ros/jazzy/opt/sdformat_vendor:/opt/ros/jazzy/opt/gz_gui_vendor:/opt/ros/jazzy/opt/gz_transport_vendor:/opt/ros/jazzy/opt/gz_rendering_vendor:/opt/ros/jazzy/opt/gz_plugin_vendor:/opt/ros/jazzy/opt/gz_fuel_tools_vendor:/opt/ros/jazzy/opt/gz_msgs_vendor:/opt/ros/jazzy/opt/gz_common_vendor:/opt/ros/jazzy/opt/gz_math_vendor:/opt/ros/jazzy/opt/gz_utils_vendor:/opt/ros/jazzy/opt/gz_tools_vendor:/opt/ros/jazzy/opt/gz_ogre_next_vendor:/opt/ros/jazzy/opt/gz_dartsim_vendor:/opt/ros/jazzy/opt/gz_cmake_vendor:/opt/ros/jazzy'}), 'shell': False}
[4.147425] (rvo2_ros2) StdoutLine: {'line': b'[ 55%] \x1b[32mBuilding CXX object CMakeFiles/rvo2_ros2__rosidl_typesupport_fastrtps_c.dir/rosidl_typesupport_fastrtps_c/rvo2_ros2/msg/detail/element_characteristics_array__type_support_c.cpp.o\x1b[0m\n'}
[4.147951] (rvo2_ros2) StdoutLine: {'line': b'[ 55%] \x1b[32mBuilding CXX object CMakeFiles/rvo2_ros2__rosidl_typesupport_fastrtps_c.dir/rosidl_typesupport_fastrtps_c/rvo2_ros2/msg/detail/element_characteristics_stamped__type_support_c.cpp.o\x1b[0m\n'}
[4.149402] (rvo2_ros2) StdoutLine: {'line': b'[ 59%] \x1b[32mBuilding CXX object CMakeFiles/rvo2_ros2__rosidl_typesupport_fastrtps_cpp.dir/rosidl_typesupport_fastrtps_cpp/rvo2_ros2/msg/detail/dds_fastrtps/element_characteristics_stamped__type_support.cpp.o\x1b[0m\n'}
[4.149573] (rvo2_ros2) StdoutLine: {'line': b'[ 59%] \x1b[32mBuilding CXX object CMakeFiles/rvo2_ros2__rosidl_typesupport_fastrtps_cpp.dir/rosidl_typesupport_fastrtps_cpp/rvo2_ros2/msg/detail/dds_fastrtps/element_characteristics_array__type_support.cpp.o\x1b[0m\n'}
[4.175430] (rvo2_ros2) StdoutLine: {'line': b'[ 61%] \x1b[32m\x1b[1mLinking CXX shared library librvo2_ros2__rosidl_typesupport_c.so\x1b[0m\n'}
[4.183013] (rvo2_ros2) StdoutLine: {'line': b'[ 62%] \x1b[32m\x1b[1mLinking C shared library librvo2_ros2__rosidl_typesupport_introspection_c.so\x1b[0m\n'}
[4.206485] (avoa3d) StdoutLine: {'line': b'[  1%] \x1b[34m\x1b[1mGenerating type hashes for ROS interfaces\x1b[0m\n'}
[4.206820] (-) TimerEvent: {}
[4.215759] (avoa3d) StdoutLine: {'line': b'[  1%] Built target ament_cmake_python_copy_avoa3d\n'}
[4.216619] (rvo2_ros2) StdoutLine: {'line': b'[ 62%] Built target rvo2_ros2__rosidl_typesupport_introspection_c\n'}
[4.216839] (rvo2_ros2) StdoutLine: {'line': b'[ 62%] Built target rvo2_ros2__rosidl_typesupport_c\n'}
[4.309199] (-) TimerEvent: {}
[4.409610] (-) TimerEvent: {}
[4.466143] (rvo2_ros2) StdoutLine: {'line': b'[ 64%] \x1b[32m\x1b[1mLinking CXX shared library librvo2_ros2__rosidl_typesupport_cpp.so\x1b[0m\n'}
[4.509724] (-) TimerEvent: {}
[4.511309] (avoa3d) StdoutLine: {'line': b'running egg_info\n'}
[4.512147] (avoa3d) StdoutLine: {'line': b'creating avoa3d.egg-info\n'}
[4.512953] (avoa3d) StdoutLine: {'line': b'[  1%] Built target avoa3d__rosidl_generator_type_description\n'}
[4.518545] (rvo2_ros2) StdoutLine: {'line': b'[ 64%] Built target rvo2_ros2__rosidl_typesupport_cpp\n'}
[4.522479] (avoa3d) StdoutLine: {'line': b'[  3%] \x1b[34m\x1b[1mGenerating C code for ROS interfaces\x1b[0m\n'}
[4.526002] (avoa3d) StdoutLine: {'line': b'writing avoa3d.egg-info/PKG-INFO\n'}
[4.526350] (avoa3d) StdoutLine: {'line': b'writing dependency_links to avoa3d.egg-info/dependency_links.txt\n'}
[4.526546] (avoa3d) StdoutLine: {'line': b'writing top-level names to avoa3d.egg-info/top_level.txt\n'}
[4.526942] (avoa3d) StdoutLine: {'line': b"writing manifest file 'avoa3d.egg-info/SOURCES.txt'\n"}
[4.541234] (avoa3d) StdoutLine: {'line': b'[  5%] \x1b[34m\x1b[1mGenerating C++ code for ROS interfaces\x1b[0m\n'}
[4.547712] (rvo2_ros2) StdoutLine: {'line': b'[ 66%] \x1b[32mBuilding CXX object CMakeFiles/velocity_filter_node.dir/src/velocity_filter_node.cpp.o\x1b[0m\n'}
[4.550604] (rvo2_ros2) StdoutLine: {'line': b'[ 68%] \x1b[32mBuilding CXX object CMakeFiles/rvo2_node.dir/src/rvo2_node.cpp.o\x1b[0m\n'}
[4.551005] (rvo2_ros2) StdoutLine: {'line': b'[ 70%] \x1b[32mBuilding CXX object CMakeFiles/obstacle_publisher.dir/src/obstacle_publisher.cpp.o\x1b[0m\n'}
[4.573936] (rvo2_ros2) StdoutLine: {'line': b'[ 72%] \x1b[32m\x1b[1mLinking CXX shared library librvo2_ros2__rosidl_typesupport_introspection_cpp.so\x1b[0m\n'}
[4.609853] (-) TimerEvent: {}
[4.614699] (avoa3d) StdoutLine: {'line': b"reading manifest file 'avoa3d.egg-info/SOURCES.txt'\n"}
[4.615337] (avoa3d) StdoutLine: {'line': b"writing manifest file 'avoa3d.egg-info/SOURCES.txt'\n"}
[4.624264] (rvo2_ros2) StdoutLine: {'line': b'[ 74%] \x1b[32m\x1b[1mLinking CXX shared library librvo2_ros2__rosidl_typesupport_fastrtps_cpp.so\x1b[0m\n'}
[4.662557] (rvo2_ros2) StdoutLine: {'line': b'[ 74%] Built target rvo2_ros2__rosidl_typesupport_introspection_cpp\n'}
[4.670883] (avoa3d) StdoutLine: {'line': b'[  5%] Built target ament_cmake_python_build_avoa3d_egg\n'}
[4.702260] (rvo2_ros2) StdoutLine: {'line': b'[ 74%] Built target rvo2_ros2__rosidl_typesupport_fastrtps_cpp\n'}
[4.710036] (-) TimerEvent: {}
[4.748727] (rvo2_ros2) StdoutLine: {'line': b'[ 75%] \x1b[32m\x1b[1mLinking CXX shared library librvo2_ros2__rosidl_typesupport_fastrtps_c.so\x1b[0m\n'}
[4.807983] (rvo2_ros2) StdoutLine: {'line': b'[ 75%] Built target rvo2_ros2__rosidl_typesupport_fastrtps_c\n'}
[4.810154] (-) TimerEvent: {}
[4.831221] (avoa3d) StdoutLine: {'line': b'[  5%] Built target avoa3d__cpp\n'}
[4.836274] (rvo2_ros2) StdoutLine: {'line': b'[ 75%] Built target rvo2_ros2\n'}
[4.859228] (rvo2_ros2) StdoutLine: {'line': b'[ 77%] \x1b[34m\x1b[1mGenerating Python code for ROS interfaces\x1b[0m\n'}
[4.881372] (avoa3d) StdoutLine: {'line': b'[  6%] \x1b[32mBuilding C object CMakeFiles/avoa3d__rosidl_generator_c.dir/rosidl_generator_c/avoa3d/msg/detail/element_characteristics_array__functions.c.o\x1b[0m\n'}
[4.883493] (avoa3d) StdoutLine: {'line': b'[ 15%] \x1b[32mBuilding C object CMakeFiles/avoa3d__rosidl_generator_c.dir/rosidl_generator_c/avoa3d/msg/detail/element_characteristics_stamped__type_support.c.o\x1b[0m\n'}
[4.883785] (avoa3d) StdoutLine: {'line': b'[ 15%] \x1b[32mBuilding C object CMakeFiles/avoa3d__rosidl_generator_c.dir/rosidl_generator_c/avoa3d/msg/detail/element_characteristics_stamped__description.c.o\x1b[0m\n'}
[4.883877] (avoa3d) StdoutLine: {'line': b'[ 15%] \x1b[32mBuilding C object CMakeFiles/avoa3d__rosidl_generator_c.dir/rosidl_generator_c/avoa3d/msg/detail/element_characteristics_array__type_support.c.o\x1b[0m\n'}
[4.883944] (avoa3d) StdoutLine: {'line': b'[ 15%] \x1b[32mBuilding C object CMakeFiles/avoa3d__rosidl_generator_c.dir/rosidl_generator_c/avoa3d/msg/detail/element_characteristics_array__description.c.o\x1b[0m\n'}
[4.884007] (avoa3d) StdoutLine: {'line': b'[ 15%] \x1b[32mBuilding C object CMakeFiles/avoa3d__rosidl_generator_c.dir/rosidl_generator_c/avoa3d/msg/detail/element_characteristics_stamped__functions.c.o\x1b[0m\n'}
[4.910291] (-) TimerEvent: {}
[4.932831] (avoa3d) StdoutLine: {'line': b'[ 16%] \x1b[32m\x1b[1mLinking C shared library libavoa3d__rosidl_generator_c.so\x1b[0m\n'}
[4.974030] (avoa3d) StdoutLine: {'line': b'[ 16%] Built target avoa3d__rosidl_generator_c\n'}
[4.983691] (avoa3d) StdoutLine: {'line': b'[ 20%] \x1b[34m\x1b[1mGenerating C++ type support dispatch for ROS interfaces\x1b[0m\n'}
[4.983970] (avoa3d) StdoutLine: {'line': b'[ 20%] \x1b[34m\x1b[1mGenerating C++ introspection for ROS interfaces\x1b[0m\n'}
[4.985548] (avoa3d) StdoutLine: {'line': b'[ 27%] \x1b[34m\x1b[1mGenerating C type support dispatch for ROS interfaces\x1b[0m\n'}
[4.985798] (avoa3d) StdoutLine: {'line': b'[ 27%] \x1b[34m\x1b[1mGenerating C++ type support for eProsima Fast-RTPS\x1b[0m\n'}
[4.985885] (avoa3d) StdoutLine: {'line': b'[ 27%] \x1b[34m\x1b[1mGenerating C introspection for ROS interfaces\x1b[0m\n'}
[4.985966] (avoa3d) StdoutLine: {'line': b'[ 27%] \x1b[34m\x1b[1mGenerating C type support for eProsima Fast-RTPS\x1b[0m\n'}
[5.010387] (-) TimerEvent: {}
[5.111026] (-) TimerEvent: {}
[5.211714] (-) TimerEvent: {}
[5.312065] (-) TimerEvent: {}
[5.356231] (avoa3d) StdoutLine: {'line': b'[ 28%] \x1b[32mBuilding CXX object CMakeFiles/avoa3d__rosidl_typesupport_introspection_cpp.dir/rosidl_typesupport_introspection_cpp/avoa3d/msg/detail/element_characteristics_stamped__type_support.cpp.o\x1b[0m\n'}
[5.357317] (avoa3d) StdoutLine: {'line': b'[ 30%] \x1b[32mBuilding CXX object CMakeFiles/avoa3d__rosidl_typesupport_introspection_cpp.dir/rosidl_typesupport_introspection_cpp/avoa3d/msg/detail/element_characteristics_array__type_support.cpp.o\x1b[0m\n'}
[5.400353] (avoa3d) StdoutLine: {'line': b'[ 33%] \x1b[32mBuilding CXX object CMakeFiles/avoa3d__rosidl_typesupport_cpp.dir/rosidl_typesupport_cpp/avoa3d/msg/element_characteristics_array__type_support.cpp.o\x1b[0m\n'}
[5.400694] (avoa3d) StdoutLine: {'line': b'[ 33%] \x1b[32mBuilding CXX object CMakeFiles/avoa3d__rosidl_typesupport_cpp.dir/rosidl_typesupport_cpp/avoa3d/msg/element_characteristics_stamped__type_support.cpp.o\x1b[0m\n'}
[5.400796] (rvo2_ros2) StdoutLine: {'line': b'[ 77%] Built target rvo2_ros2__py\n'}
[5.411073] (avoa3d) StdoutLine: {'line': b'[ 37%] \x1b[32mBuilding CXX object CMakeFiles/avoa3d__rosidl_typesupport_c.dir/rosidl_typesupport_c/avoa3d/msg/element_characteristics_array__type_support.cpp.o\x1b[0m\n'}
[5.411480] (avoa3d) StdoutLine: {'line': b'[ 37%] \x1b[32mBuilding CXX object CMakeFiles/avoa3d__rosidl_typesupport_c.dir/rosidl_typesupport_c/avoa3d/msg/element_characteristics_stamped__type_support.cpp.o\x1b[0m\n'}
[5.412155] (-) TimerEvent: {}
[5.423054] (rvo2_ros2) StdoutLine: {'line': b'[ 81%] \x1b[32mBuilding C object CMakeFiles/rvo2_ros2__rosidl_generator_py.dir/rosidl_generator_py/rvo2_ros2/msg/_element_characteristics_array_s.c.o\x1b[0m\n'}
[5.423408] (rvo2_ros2) StdoutLine: {'line': b'[ 81%] \x1b[32mBuilding C object CMakeFiles/rvo2_ros2__rosidl_generator_py.dir/rosidl_generator_py/rvo2_ros2/msg/_element_characteristics_stamped_s.c.o\x1b[0m\n'}
[5.423502] (avoa3d) StdoutLine: {'line': b'[ 40%] \x1b[32mBuilding CXX object CMakeFiles/avoa3d__rosidl_typesupport_fastrtps_c.dir/rosidl_typesupport_fastrtps_c/avoa3d/msg/detail/element_characteristics_stamped__type_support_c.cpp.o\x1b[0m\n'}
[5.423571] (avoa3d) StdoutLine: {'line': b'[ 40%] \x1b[32mBuilding CXX object CMakeFiles/avoa3d__rosidl_typesupport_fastrtps_c.dir/rosidl_typesupport_fastrtps_c/avoa3d/msg/detail/element_characteristics_array__type_support_c.cpp.o\x1b[0m\n'}
[5.461386] (avoa3d) StdoutLine: {'line': b'[ 44%] \x1b[32mBuilding C object CMakeFiles/avoa3d__rosidl_typesupport_introspection_c.dir/rosidl_typesupport_introspection_c/avoa3d/msg/detail/element_characteristics_array__type_support.c.o\x1b[0m\n'}
[5.461781] (avoa3d) StdoutLine: {'line': b'[ 44%] \x1b[32mBuilding C object CMakeFiles/avoa3d__rosidl_typesupport_introspection_c.dir/rosidl_typesupport_introspection_c/avoa3d/msg/detail/element_characteristics_stamped__type_support.c.o\x1b[0m\n'}
[5.463447] (avoa3d) StdoutLine: {'line': b'[ 45%] \x1b[32m\x1b[1mLinking CXX shared library libavoa3d__rosidl_typesupport_c.so\x1b[0m\n'}
[5.480688] (avoa3d) StdoutLine: {'line': b'[ 49%] \x1b[32mBuilding CXX object CMakeFiles/avoa3d__rosidl_typesupport_fastrtps_cpp.dir/rosidl_typesupport_fastrtps_cpp/avoa3d/msg/detail/dds_fastrtps/element_characteristics_array__type_support.cpp.o\x1b[0m\n'}
[5.481275] (avoa3d) StdoutLine: {'line': b'[ 49%] \x1b[32mBuilding CXX object CMakeFiles/avoa3d__rosidl_typesupport_fastrtps_cpp.dir/rosidl_typesupport_fastrtps_cpp/avoa3d/msg/detail/dds_fastrtps/element_characteristics_stamped__type_support.cpp.o\x1b[0m\n'}
[5.512344] (-) TimerEvent: {}
[5.514635] (avoa3d) StdoutLine: {'line': b'[ 50%] \x1b[32m\x1b[1mLinking C shared library libavoa3d__rosidl_typesupport_introspection_c.so\x1b[0m\n'}
[5.525359] (avoa3d) StdoutLine: {'line': b'[ 50%] Built target avoa3d__rosidl_typesupport_c\n'}
[5.570923] (avoa3d) StdoutLine: {'line': b'[ 50%] Built target avoa3d__rosidl_typesupport_introspection_c\n'}
[5.612863] (-) TimerEvent: {}
[5.670021] (rvo2_ros2) StdoutLine: {'line': b'[ 83%] \x1b[32m\x1b[1mLinking C shared library librvo2_ros2__rosidl_generator_py.so\x1b[0m\n'}
[5.712965] (-) TimerEvent: {}
[5.753630] (rvo2_ros2) StdoutLine: {'line': b'[ 83%] Built target rvo2_ros2__rosidl_generator_py\n'}
[5.784680] (rvo2_ros2) StdoutLine: {'line': b'[ 87%] \x1b[32mBuilding C object CMakeFiles/rvo2_ros2_s__rosidl_typesupport_fastrtps_c.dir/rosidl_generator_py/rvo2_ros2/_rvo2_ros2_s.ep.rosidl_typesupport_fastrtps_c.c.o\x1b[0m\n'}
[5.785088] (rvo2_ros2) StdoutLine: {'line': b'[ 87%] \x1b[32mBuilding C object CMakeFiles/rvo2_ros2_s__rosidl_typesupport_c.dir/rosidl_generator_py/rvo2_ros2/_rvo2_ros2_s.ep.rosidl_typesupport_c.c.o\x1b[0m\n'}
[5.785213] (rvo2_ros2) StdoutLine: {'line': b'[ 88%] \x1b[32mBuilding C object CMakeFiles/rvo2_ros2_s__rosidl_typesupport_introspection_c.dir/rosidl_generator_py/rvo2_ros2/_rvo2_ros2_s.ep.rosidl_typesupport_introspection_c.c.o\x1b[0m\n'}
[5.813070] (-) TimerEvent: {}
[5.843385] (avoa3d) StdoutLine: {'line': b'[ 52%] \x1b[32m\x1b[1mLinking CXX shared library libavoa3d__rosidl_typesupport_cpp.so\x1b[0m\n'}
[5.877547] (avoa3d) StdoutLine: {'line': b'[ 54%] \x1b[32m\x1b[1mLinking CXX shared library libavoa3d__rosidl_typesupport_introspection_cpp.so\x1b[0m\n'}
[5.881839] (rvo2_ros2) StdoutLine: {'line': b'[ 90%] \x1b[32m\x1b[1mLinking C shared module rosidl_generator_py/rvo2_ros2/rvo2_ros2_s__rosidl_typesupport_introspection_c.so\x1b[0m\n'}
[5.892230] (avoa3d) StdoutLine: {'line': b'[ 54%] Built target avoa3d__rosidl_typesupport_cpp\n'}
[5.899099] (rvo2_ros2) StdoutLine: {'line': b'[ 92%] \x1b[32m\x1b[1mLinking C shared module rosidl_generator_py/rvo2_ros2/rvo2_ros2_s__rosidl_typesupport_c.so\x1b[0m\n'}
[5.913263] (-) TimerEvent: {}
[5.923189] (avoa3d) StdoutLine: {'line': b'[ 55%] \x1b[32mBuilding CXX object CMakeFiles/avoa3dnode.dir/src/avoa3dnode.cpp.o\x1b[0m\n'}
[5.923918] (avoa3d) StdoutLine: {'line': b'[ 57%] \x1b[32mBuilding CXX object CMakeFiles/test_w_goal.dir/src/test_w_goal.cpp.o\x1b[0m\n'}
[5.924036] (rvo2_ros2) StdoutLine: {'line': b'[ 94%] \x1b[32m\x1b[1mLinking C shared module rosidl_generator_py/rvo2_ros2/rvo2_ros2_s__rosidl_typesupport_fastrtps_c.so\x1b[0m\n'}
[5.924151] (rvo2_ros2) StdoutLine: {'line': b'[ 94%] Built target rvo2_ros2_s__rosidl_typesupport_introspection_c\n'}
[5.926381] (avoa3d) StdoutLine: {'line': b'[ 59%] \x1b[32mBuilding CXX object CMakeFiles/avoa3dnode.dir/src/sample_evaluator.cpp.o\x1b[0m\n'}
[5.929768] (avoa3d) StdoutLine: {'line': b'[ 62%] \x1b[32mBuilding CXX object CMakeFiles/obstacle_publisher.dir/src/obstacle_publisher.cpp.o\x1b[0m\n'}
[5.930255] (avoa3d) StdoutLine: {'line': b'[ 62%] \x1b[32mBuilding CXX object CMakeFiles/avoa3dnode.dir/src/sample_generator.cpp.o\x1b[0m\n'}
[5.930629] (avoa3d) StdoutLine: {'line': b'[ 64%] \x1b[32mBuilding CXX object CMakeFiles/rviz_marker.dir/src/rviz_marker.cpp.o\x1b[0m\n'}
[5.931417] (avoa3d) StdoutLine: {'line': b'[ 66%] \x1b[32mBuilding CXX object CMakeFiles/avoa3dnode.dir/src/sample_visualizer.cpp.o\x1b[0m\n'}
[5.932635] (avoa3d) StdoutLine: {'line': b'[ 67%] \x1b[32mBuilding CXX object CMakeFiles/tf_publisher.dir/src/tf_publisher.cpp.o\x1b[0m\n'}
[5.950064] (avoa3d) StdoutLine: {'line': b'[ 69%] \x1b[32mBuilding CXX object CMakeFiles/obstacle_converter_node.dir/src/obstacle_converter_node.cpp.o\x1b[0m\n'}
[6.014394] (-) TimerEvent: {}
[6.017228] (rvo2_ros2) StdoutLine: {'line': b'[ 94%] Built target rvo2_ros2_s__rosidl_typesupport_c\n'}
[6.038578] (rvo2_ros2) StdoutLine: {'line': b'[ 94%] Built target rvo2_ros2_s__rosidl_typesupport_fastrtps_c\n'}
[6.072809] (avoa3d) StdoutLine: {'line': b'[ 69%] Built target avoa3d__rosidl_typesupport_introspection_cpp\n'}
[6.115272] (-) TimerEvent: {}
[6.137015] (avoa3d) StdoutLine: {'line': b'[ 71%] \x1b[32m\x1b[1mLinking CXX shared library libavoa3d__rosidl_typesupport_fastrtps_c.so\x1b[0m\n'}
[6.223358] (-) TimerEvent: {}
[6.228136] (avoa3d) StdoutLine: {'line': b'[ 71%] Built target avoa3d__rosidl_typesupport_fastrtps_c\n'}
[6.246758] (avoa3d) StdoutLine: {'line': b'[ 72%] \x1b[32m\x1b[1mLinking CXX shared library libavoa3d__rosidl_typesupport_fastrtps_cpp.so\x1b[0m\n'}
[6.323546] (-) TimerEvent: {}
[6.396957] (avoa3d) StdoutLine: {'line': b'[ 72%] Built target avoa3d__rosidl_typesupport_fastrtps_cpp\n'}
[6.423677] (-) TimerEvent: {}
[6.434414] (avoa3d) StdoutLine: {'line': b'[ 72%] Built target avoa3d\n'}
[6.474815] (avoa3d) StdoutLine: {'line': b'[ 74%] \x1b[34m\x1b[1mGenerating Python code for ROS interfaces\x1b[0m\n'}
[6.523826] (-) TimerEvent: {}
[6.624227] (-) TimerEvent: {}
[6.725029] (-) TimerEvent: {}
[6.826575] (-) TimerEvent: {}
[6.927247] (-) TimerEvent: {}
[7.028595] (-) TimerEvent: {}
[7.129361] (-) TimerEvent: {}
[7.231451] (-) TimerEvent: {}
[7.265121] (avoa3d) StdoutLine: {'line': b'[ 74%] Built target avoa3d__py\n'}
[7.313757] (avoa3d) StdoutLine: {'line': b'[ 77%] \x1b[32mBuilding C object CMakeFiles/avoa3d__rosidl_generator_py.dir/rosidl_generator_py/avoa3d/msg/_element_characteristics_array_s.c.o\x1b[0m\n'}
[7.314174] (avoa3d) StdoutLine: {'line': b'[ 77%] \x1b[32mBuilding C object CMakeFiles/avoa3d__rosidl_generator_py.dir/rosidl_generator_py/avoa3d/msg/_element_characteristics_stamped_s.c.o\x1b[0m\n'}
[7.331606] (-) TimerEvent: {}
[7.432228] (-) TimerEvent: {}
[7.519780] (avoa3d) StdoutLine: {'line': b'[ 79%] \x1b[32m\x1b[1mLinking C shared library libavoa3d__rosidl_generator_py.so\x1b[0m\n'}
[7.532404] (-) TimerEvent: {}
[7.609505] (avoa3d) StdoutLine: {'line': b'[ 79%] Built target avoa3d__rosidl_generator_py\n'}
[7.632606] (-) TimerEvent: {}
[7.650120] (avoa3d) StdoutLine: {'line': b'[ 84%] \x1b[32mBuilding C object CMakeFiles/avoa3d_s__rosidl_typesupport_fastrtps_c.dir/rosidl_generator_py/avoa3d/_avoa3d_s.ep.rosidl_typesupport_fastrtps_c.c.o\x1b[0m\n'}
[7.650592] (avoa3d) StdoutLine: {'line': b'[ 84%] \x1b[32mBuilding C object CMakeFiles/avoa3d_s__rosidl_typesupport_c.dir/rosidl_generator_py/avoa3d/_avoa3d_s.ep.rosidl_typesupport_c.c.o\x1b[0m\n'}
[7.650676] (avoa3d) StdoutLine: {'line': b'[ 84%] \x1b[32mBuilding C object CMakeFiles/avoa3d_s__rosidl_typesupport_introspection_c.dir/rosidl_generator_py/avoa3d/_avoa3d_s.ep.rosidl_typesupport_introspection_c.c.o\x1b[0m\n'}
[7.733448] (-) TimerEvent: {}
[7.826833] (avoa3d) StdoutLine: {'line': b'[ 86%] \x1b[32m\x1b[1mLinking C shared module rosidl_generator_py/avoa3d/avoa3d_s__rosidl_typesupport_fastrtps_c.so\x1b[0m\n'}
[7.833693] (-) TimerEvent: {}
[7.835428] (avoa3d) StdoutLine: {'line': b'[ 88%] \x1b[32m\x1b[1mLinking C shared module rosidl_generator_py/avoa3d/avoa3d_s__rosidl_typesupport_introspection_c.so\x1b[0m\n'}
[7.848355] (avoa3d) StdoutLine: {'line': b'[ 89%] \x1b[32m\x1b[1mLinking C shared module rosidl_generator_py/avoa3d/avoa3d_s__rosidl_typesupport_c.so\x1b[0m\n'}
[7.899416] (avoa3d) StdoutLine: {'line': b'[ 89%] Built target avoa3d_s__rosidl_typesupport_fastrtps_c\n'}
[7.911452] (avoa3d) StdoutLine: {'line': b'[ 89%] Built target avoa3d_s__rosidl_typesupport_c\n'}
[7.911850] (avoa3d) StdoutLine: {'line': b'[ 89%] Built target avoa3d_s__rosidl_typesupport_introspection_c\n'}
[7.934256] (-) TimerEvent: {}
[8.035248] (-) TimerEvent: {}
[8.047622] (rvo2_ros2) StderrLine: {'line': b'\x1b[01m\x1b[K/home/xizesse/ros2_ws/src/rvo2_ros2/src/rvo2_node.cpp:\x1b[m\x1b[K In member function \xe2\x80\x98\x1b[01m\x1b[Kvoid RVO2Node::\x1b[01;32m\x1b[KodomCallback\x1b[m\x1b[K(nav_msgs::msg::Odometry_<std::allocator<void> >::SharedPtr)\x1b[m\x1b[K\xe2\x80\x99:\n'}
[8.048034] (rvo2_ros2) StderrLine: {'line': b'\x1b[01m\x1b[K/home/xizesse/ros2_ws/src/rvo2_ros2/src/rvo2_node.cpp:51:114:\x1b[m\x1b[K \x1b[01;35m\x1b[Kwarning: \x1b[m\x1b[Kimplicitly-declared \xe2\x80\x98\x1b[01m\x1b[Kconstexpr RVO::Vector3& RVO::Vector3::\x1b[01;32m\x1b[Koperator=\x1b[m\x1b[K(const RVO::Vector3&)\x1b[m\x1b[K\xe2\x80\x99 is deprecated [\x1b[01;35m\x1b[K\x1b]8;;https://gcc.gnu.org/onlinedocs/gcc/Warning-Options.html#index-Wdeprecated-copy\x07-Wdeprecated-copy\x1b]8;;\x07\x1b[m\x1b[K]\n'}
[8.048204] (rvo2_ros2) StderrLine: {'line': b'   51 | ion.y, msg->pose.pose.position.z\x1b[01;35m\x1b[K)\x1b[m\x1b[K;\n'}
[8.048295] (rvo2_ros2) StderrLine: {'line': b'      |                                 \x1b[01;35m\x1b[K^\x1b[m\x1b[K\n'}
[8.048364] (rvo2_ros2) StderrLine: {'line': b'\n'}
[8.048439] (rvo2_ros2) StderrLine: {'line': b'In file included from \x1b[01m\x1b[K/home/xizesse/ros2_ws/src/rvo2_ros2/include/rvo2/RVOSimulator.h:46\x1b[m\x1b[K,\n'}
[8.048511] (rvo2_ros2) StderrLine: {'line': b'                 from \x1b[01m\x1b[K/home/xizesse/ros2_ws/src/rvo2_ros2/src/rvo2_node.cpp:5\x1b[m\x1b[K:\n'}
[8.048582] (rvo2_ros2) StderrLine: {'line': b'\x1b[01m\x1b[K/home/xizesse/ros2_ws/src/rvo2_ros2/include/rvo2/Vector3.h:66:32:\x1b[m\x1b[K \x1b[01;36m\x1b[Knote: \x1b[m\x1b[Kbecause \xe2\x80\x98\x1b[01m\x1b[KRVO::Vector3\x1b[m\x1b[K\xe2\x80\x99 has user-provided \xe2\x80\x98\x1b[01m\x1b[KRVO::Vector3::\x1b[01;32m\x1b[KVector3\x1b[m\x1b[K(const RVO::Vector3&)\x1b[m\x1b[K\xe2\x80\x99\n'}
[8.048661] (rvo2_ros2) StderrLine: {'line': b'   66 |         RVO_API inline \x1b[01;36m\x1b[KVector3\x1b[m\x1b[K(const Vector3 &vector)\n'}
[8.048733] (rvo2_ros2) StderrLine: {'line': b'      |                        \x1b[01;36m\x1b[K^~~~~~~\x1b[m\x1b[K\n'}
[8.048803] (rvo2_ros2) StderrLine: {'line': b'\n'}
[8.048871] (rvo2_ros2) StderrLine: {'line': b'\x1b[01m\x1b[K/home/xizesse/ros2_ws/src/rvo2_ros2/src/rvo2_node.cpp:52:114:\x1b[m\x1b[K \x1b[01;35m\x1b[Kwarning: \x1b[m\x1b[Kimplicitly-declared \xe2\x80\x98\x1b[01m\x1b[Kconstexpr RVO::Vector3& RVO::Vector3::\x1b[01;32m\x1b[Koperator=\x1b[m\x1b[K(const RVO::Vector3&)\x1b[m\x1b[K\xe2\x80\x99 is deprecated [\x1b[01;35m\x1b[K\x1b]8;;https://gcc.gnu.org/onlinedocs/gcc/Warning-Options.html#index-Wdeprecated-copy\x07-Wdeprecated-copy\x1b]8;;\x07\x1b[m\x1b[K]\n'}
[8.048946] (rvo2_ros2) StderrLine: {'line': b'   52 | ear.y, msg->twist.twist.linear.z\x1b[01;35m\x1b[K)\x1b[m\x1b[K;\n'}
[8.049010] (rvo2_ros2) StderrLine: {'line': b'      |                                 \x1b[01;35m\x1b[K^\x1b[m\x1b[K\n'}
[8.049132] (rvo2_ros2) StderrLine: {'line': b'\n'}
[8.049223] (rvo2_ros2) StderrLine: {'line': b'\x1b[01m\x1b[K/home/xizesse/ros2_ws/src/rvo2_ros2/include/rvo2/Vector3.h:66:32:\x1b[m\x1b[K \x1b[01;36m\x1b[Knote: \x1b[m\x1b[Kbecause \xe2\x80\x98\x1b[01m\x1b[KRVO::Vector3\x1b[m\x1b[K\xe2\x80\x99 has user-provided \xe2\x80\x98\x1b[01m\x1b[KRVO::Vector3::\x1b[01;32m\x1b[KVector3\x1b[m\x1b[K(const RVO::Vector3&)\x1b[m\x1b[K\xe2\x80\x99\n'}
[8.049301] (rvo2_ros2) StderrLine: {'line': b'   66 |         RVO_API inline \x1b[01;36m\x1b[KVector3\x1b[m\x1b[K(const Vector3 &vector)\n'}
[8.049365] (rvo2_ros2) StderrLine: {'line': b'      |                        \x1b[01;36m\x1b[K^~~~~~~\x1b[m\x1b[K\n'}
[8.049425] (rvo2_ros2) StderrLine: {'line': b'\n'}
[8.049596] (rvo2_ros2) StderrLine: {'line': b'\x1b[01m\x1b[K/home/xizesse/ros2_ws/src/rvo2_ros2/src/rvo2_node.cpp:\x1b[m\x1b[K In member function \xe2\x80\x98\x1b[01m\x1b[Kvoid RVO2Node::\x1b[01;32m\x1b[KdesiredVelCallback\x1b[m\x1b[K(geometry_msgs::msg::Twist_<std::allocator<void> >::SharedPtr)\x1b[m\x1b[K\xe2\x80\x99:\n'}
[8.049736] (rvo2_ros2) StderrLine: {'line': b'\x1b[01m\x1b[K/home/xizesse/ros2_ws/src/rvo2_ros2/src/rvo2_node.cpp:58:81:\x1b[m\x1b[K \x1b[01;35m\x1b[Kwarning: \x1b[m\x1b[Kimplicitly-declared \xe2\x80\x98\x1b[01m\x1b[Kconstexpr RVO::Vector3& RVO::Vector3::\x1b[01;32m\x1b[Koperator=\x1b[m\x1b[K(const RVO::Vector3&)\x1b[m\x1b[K\xe2\x80\x99 is deprecated [\x1b[01;35m\x1b[K\x1b]8;;https://gcc.gnu.org/onlinedocs/gcc/Warning-Options.html#index-Wdeprecated-copy\x07-Wdeprecated-copy\x1b]8;;\x07\x1b[m\x1b[K]\n'}
[8.049831] (rvo2_ros2) StderrLine: {'line': b'   58 | .x, msg->linear.y, msg->linear.z\x1b[01;35m\x1b[K)\x1b[m\x1b[K;\n'}
[8.049907] (rvo2_ros2) StderrLine: {'line': b'      |                                 \x1b[01;35m\x1b[K^\x1b[m\x1b[K\n'}
[8.049985] (rvo2_ros2) StderrLine: {'line': b'\n'}
[8.050062] (rvo2_ros2) StderrLine: {'line': b'\x1b[01m\x1b[K/home/xizesse/ros2_ws/src/rvo2_ros2/include/rvo2/Vector3.h:66:32:\x1b[m\x1b[K \x1b[01;36m\x1b[Knote: \x1b[m\x1b[Kbecause \xe2\x80\x98\x1b[01m\x1b[KRVO::Vector3\x1b[m\x1b[K\xe2\x80\x99 has user-provided \xe2\x80\x98\x1b[01m\x1b[KRVO::Vector3::\x1b[01;32m\x1b[KVector3\x1b[m\x1b[K(const RVO::Vector3&)\x1b[m\x1b[K\xe2\x80\x99\n'}
[8.050146] (rvo2_ros2) StderrLine: {'line': b'   66 |         RVO_API inline \x1b[01;36m\x1b[KVector3\x1b[m\x1b[K(const Vector3 &vector)\n'}
[8.050214] (rvo2_ros2) StderrLine: {'line': b'      |                        \x1b[01;36m\x1b[K^~~~~~~\x1b[m\x1b[K\n'}
[8.050283] (rvo2_ros2) StderrLine: {'line': b'\n'}
[8.135595] (-) TimerEvent: {}
[8.239417] (-) TimerEvent: {}
[8.340249] (-) TimerEvent: {}
[8.440860] (-) TimerEvent: {}
[8.541444] (-) TimerEvent: {}
[8.641978] (-) TimerEvent: {}
[8.742873] (-) TimerEvent: {}
[8.844456] (-) TimerEvent: {}
[8.944930] (-) TimerEvent: {}
[9.045623] (-) TimerEvent: {}
[9.146318] (-) TimerEvent: {}
[9.247098] (-) TimerEvent: {}
[9.348243] (-) TimerEvent: {}
[9.448818] (-) TimerEvent: {}
[9.549664] (-) TimerEvent: {}
[9.652604] (-) TimerEvent: {}
[9.753886] (-) TimerEvent: {}
[9.855523] (-) TimerEvent: {}
[9.956362] (-) TimerEvent: {}
[10.058423] (-) TimerEvent: {}
[10.159404] (-) TimerEvent: {}
[10.260786] (-) TimerEvent: {}
[10.362057] (-) TimerEvent: {}
[10.463168] (-) TimerEvent: {}
[10.563794] (-) TimerEvent: {}
[10.664705] (-) TimerEvent: {}
[10.765810] (-) TimerEvent: {}
[10.868071] (-) TimerEvent: {}
[10.970059] (-) TimerEvent: {}
[11.072737] (-) TimerEvent: {}
[11.173959] (-) TimerEvent: {}
[11.275004] (-) TimerEvent: {}
[11.376183] (-) TimerEvent: {}
[11.477001] (-) TimerEvent: {}
[11.578428] (-) TimerEvent: {}
[11.679822] (-) TimerEvent: {}
[11.785667] (-) TimerEvent: {}
[11.887464] (-) TimerEvent: {}
[11.991828] (-) TimerEvent: {}
[12.093182] (-) TimerEvent: {}
[12.195545] (-) TimerEvent: {}
[12.296903] (-) TimerEvent: {}
[12.398302] (-) TimerEvent: {}
[12.499061] (-) TimerEvent: {}
[12.600533] (-) TimerEvent: {}
[12.701272] (-) TimerEvent: {}
[12.802885] (-) TimerEvent: {}
[12.904057] (-) TimerEvent: {}
[13.005083] (-) TimerEvent: {}
[13.106268] (-) TimerEvent: {}
[13.206913] (-) TimerEvent: {}
[13.307755] (-) TimerEvent: {}
[13.408544] (-) TimerEvent: {}
[13.509247] (-) TimerEvent: {}
[13.610144] (-) TimerEvent: {}
[13.712693] (-) TimerEvent: {}
[13.814297] (-) TimerEvent: {}
[13.915733] (-) TimerEvent: {}
[14.018181] (-) TimerEvent: {}
[14.119677] (-) TimerEvent: {}
[14.221221] (-) TimerEvent: {}
[14.321925] (-) TimerEvent: {}
[14.423184] (-) TimerEvent: {}
[14.526035] (-) TimerEvent: {}
[14.627324] (-) TimerEvent: {}
[14.728097] (-) TimerEvent: {}
[14.829053] (-) TimerEvent: {}
[14.930021] (-) TimerEvent: {}
[15.030936] (-) TimerEvent: {}
[15.131735] (-) TimerEvent: {}
[15.233474] (-) TimerEvent: {}
[15.334213] (-) TimerEvent: {}
[15.435301] (-) TimerEvent: {}
[15.536188] (-) TimerEvent: {}
[15.637208] (-) TimerEvent: {}
[15.738310] (-) TimerEvent: {}
[15.839849] (-) TimerEvent: {}
[15.942195] (-) TimerEvent: {}
[16.042966] (-) TimerEvent: {}
[16.144375] (-) TimerEvent: {}
[16.245350] (-) TimerEvent: {}
[16.346547] (-) TimerEvent: {}
[16.447408] (-) TimerEvent: {}
[16.548144] (-) TimerEvent: {}
[16.649054] (-) TimerEvent: {}
[16.750294] (-) TimerEvent: {}
[16.851482] (-) TimerEvent: {}
[16.953070] (-) TimerEvent: {}
[17.054423] (-) TimerEvent: {}
[17.155787] (-) TimerEvent: {}
[17.256660] (-) TimerEvent: {}
[17.357496] (-) TimerEvent: {}
[17.459560] (-) TimerEvent: {}
[17.561492] (-) TimerEvent: {}
[17.662312] (-) TimerEvent: {}
[17.763048] (-) TimerEvent: {}
[17.864425] (-) TimerEvent: {}
[17.965490] (-) TimerEvent: {}
[18.066491] (-) TimerEvent: {}
[18.167172] (-) TimerEvent: {}
[18.268240] (-) TimerEvent: {}
[18.369405] (-) TimerEvent: {}
[18.470658] (-) TimerEvent: {}
[18.571955] (-) TimerEvent: {}
[18.673187] (-) TimerEvent: {}
[18.774516] (-) TimerEvent: {}
[18.876293] (-) TimerEvent: {}
[18.977693] (-) TimerEvent: {}
[19.078630] (-) TimerEvent: {}
[19.179394] (-) TimerEvent: {}
[19.280459] (-) TimerEvent: {}
[19.382316] (-) TimerEvent: {}
[19.486578] (-) TimerEvent: {}
[19.588654] (-) TimerEvent: {}
[19.689758] (-) TimerEvent: {}
[19.790694] (-) TimerEvent: {}
[19.893279] (-) TimerEvent: {}
[19.994540] (-) TimerEvent: {}
[20.096053] (-) TimerEvent: {}
[20.197083] (-) TimerEvent: {}
[20.298279] (-) TimerEvent: {}
[20.399800] (-) TimerEvent: {}
[20.501059] (-) TimerEvent: {}
[20.602581] (-) TimerEvent: {}
[20.703559] (-) TimerEvent: {}
[20.804457] (-) TimerEvent: {}
[20.905769] (-) TimerEvent: {}
[21.009311] (-) TimerEvent: {}
[21.110136] (-) TimerEvent: {}
[21.211209] (-) TimerEvent: {}
[21.312840] (-) TimerEvent: {}
[21.415011] (-) TimerEvent: {}
[21.516257] (-) TimerEvent: {}
[21.617849] (-) TimerEvent: {}
[21.723055] (-) TimerEvent: {}
[21.824041] (-) TimerEvent: {}
[21.925084] (-) TimerEvent: {}
[22.026494] (-) TimerEvent: {}
[22.127711] (-) TimerEvent: {}
[22.230070] (-) TimerEvent: {}
[22.331234] (-) TimerEvent: {}
[22.377509] (rvo2_ros2) StdoutLine: {'line': b'[ 96%] \x1b[32m\x1b[1mLinking CXX executable velocity_filter_node\x1b[0m\n'}
[22.431460] (-) TimerEvent: {}
[22.532644] (-) TimerEvent: {}
[22.634040] (-) TimerEvent: {}
[22.735602] (-) TimerEvent: {}
[22.836823] (-) TimerEvent: {}
[22.938746] (-) TimerEvent: {}
[23.039975] (-) TimerEvent: {}
[23.104782] (rvo2_ros2) StdoutLine: {'line': b'[ 98%] \x1b[32m\x1b[1mLinking CXX executable obstacle_publisher\x1b[0m\n'}
[23.140355] (-) TimerEvent: {}
[23.241003] (-) TimerEvent: {}
[23.341725] (-) TimerEvent: {}
[23.443003] (-) TimerEvent: {}
[23.543868] (-) TimerEvent: {}
[23.636972] (rvo2_ros2) StdoutLine: {'line': b'[ 98%] Built target velocity_filter_node\n'}
[23.644305] (-) TimerEvent: {}
[23.744785] (-) TimerEvent: {}
[23.845617] (-) TimerEvent: {}
[23.937112] (rvo2_ros2) StdoutLine: {'line': b'[ 98%] Built target obstacle_publisher\n'}
[23.946044] (-) TimerEvent: {}
[24.047197] (-) TimerEvent: {}
[24.147991] (-) TimerEvent: {}
[24.249170] (-) TimerEvent: {}
[24.349699] (-) TimerEvent: {}
[24.450486] (-) TimerEvent: {}
[24.551427] (-) TimerEvent: {}
[24.652776] (-) TimerEvent: {}
[24.754249] (-) TimerEvent: {}
[24.854926] (-) TimerEvent: {}
[24.955765] (-) TimerEvent: {}
[25.056978] (-) TimerEvent: {}
[25.158314] (-) TimerEvent: {}
[25.214607] (avoa3d) StdoutLine: {'line': b'[ 91%] \x1b[32m\x1b[1mLinking CXX executable tf_publisher\x1b[0m\n'}
[25.258643] (-) TimerEvent: {}
[25.359731] (-) TimerEvent: {}
[25.398079] (avoa3d) StdoutLine: {'line': b'[ 93%] \x1b[32m\x1b[1mLinking CXX executable obstacle_converter_node\x1b[0m\n'}
[25.459968] (-) TimerEvent: {}
[25.560744] (-) TimerEvent: {}
[25.661904] (-) TimerEvent: {}
[25.763342] (-) TimerEvent: {}
[25.864846] (-) TimerEvent: {}
[25.966481] (-) TimerEvent: {}
[26.067910] (-) TimerEvent: {}
[26.169280] (-) TimerEvent: {}
[26.270504] (-) TimerEvent: {}
[26.371820] (-) TimerEvent: {}
[26.384213] (avoa3d) StdoutLine: {'line': b'[ 93%] Built target tf_publisher\n'}
[26.472387] (-) TimerEvent: {}
[26.573735] (-) TimerEvent: {}
[26.674554] (-) TimerEvent: {}
[26.730871] (avoa3d) StdoutLine: {'line': b'[ 93%] Built target obstacle_converter_node\n'}
[26.774914] (-) TimerEvent: {}
[26.875922] (-) TimerEvent: {}
[26.977322] (-) TimerEvent: {}
[27.078360] (-) TimerEvent: {}
[27.179233] (-) TimerEvent: {}
[27.280004] (-) TimerEvent: {}
[27.390026] (-) TimerEvent: {}
[27.490665] (-) TimerEvent: {}
[27.591801] (-) TimerEvent: {}
[27.692333] (-) TimerEvent: {}
[27.793094] (-) TimerEvent: {}
[27.893890] (-) TimerEvent: {}
[27.994878] (-) TimerEvent: {}
[28.095643] (-) TimerEvent: {}
[28.187306] (avoa3d) StdoutLine: {'line': b'[ 94%] \x1b[32m\x1b[1mLinking CXX executable obstacle_publisher\x1b[0m\n'}
[28.195753] (-) TimerEvent: {}
[28.296211] (-) TimerEvent: {}
[28.397067] (-) TimerEvent: {}
[28.498280] (-) TimerEvent: {}
[28.599174] (-) TimerEvent: {}
[28.700163] (-) TimerEvent: {}
[28.801278] (-) TimerEvent: {}
[28.902335] (-) TimerEvent: {}
[28.956342] (avoa3d) StdoutLine: {'line': b'[ 94%] Built target obstacle_publisher\n'}
[29.002586] (-) TimerEvent: {}
[29.103889] (-) TimerEvent: {}
[29.204420] (-) TimerEvent: {}
[29.304961] (-) TimerEvent: {}
[29.405713] (-) TimerEvent: {}
[29.506368] (-) TimerEvent: {}
[29.608010] (-) TimerEvent: {}
[29.709382] (-) TimerEvent: {}
[29.810487] (-) TimerEvent: {}
[29.911391] (-) TimerEvent: {}
[30.011806] (-) TimerEvent: {}
[30.112467] (-) TimerEvent: {}
[30.213127] (-) TimerEvent: {}
[30.314190] (-) TimerEvent: {}
[30.414765] (-) TimerEvent: {}
[30.515343] (-) TimerEvent: {}
[30.615849] (-) TimerEvent: {}
[30.688429] (rvo2_ros2) StdoutLine: {'line': b'[100%] \x1b[32m\x1b[1mLinking CXX executable rvo2_node\x1b[0m\n'}
[30.716356] (-) TimerEvent: {}
[30.817306] (-) TimerEvent: {}
[30.918982] (-) TimerEvent: {}
[31.020337] (-) TimerEvent: {}
[31.121470] (-) TimerEvent: {}
[31.222652] (-) TimerEvent: {}
[31.323860] (-) TimerEvent: {}
[31.424379] (-) TimerEvent: {}
[31.524934] (-) TimerEvent: {}
[31.625826] (-) TimerEvent: {}
[31.726491] (-) TimerEvent: {}
[31.781586] (rvo2_ros2) StdoutLine: {'line': b'[100%] Built target rvo2_node\n'}
[31.815554] (rvo2_ros2) CommandEnded: {'returncode': 0}
[31.817393] (rvo2_ros2) JobProgress: {'identifier': 'rvo2_ros2', 'progress': 'install'}
[31.826761] (-) TimerEvent: {}
[31.849391] (rvo2_ros2) Command: {'cmd': ['/usr/bin/cmake', '--install', '/home/xizesse/ros2_ws/src/avoa3d/build/rvo2_ros2'], 'cwd': '/home/xizesse/ros2_ws/src/avoa3d/build/rvo2_ros2', 'env': OrderedDict({'GZ_SIM_SYSTEM_PLUGIN_PATH': '/home/xizesse/vrx_ws/install/lib', 'GJS_DEBUG_TOPICS': 'JS ERROR;JS LOG', 'PYTHON_BASIC_REPL': '1', 'LESSOPEN': '| /usr/bin/lesspipe %s', 'GZ_SIM_RESOURCE_PATH': '/home/xizesse/ros2_ws/install/lily_gz/share/lily_gz/models:/home/xizesse/vrx_ws/install/share/vrx_gz/models/tmp:/home/xizesse/vrx_ws/install/share/vrx_gz/models:/home/xizesse/vrx_ws/install/share/vrx_gz/worlds/2023_phase2:/home/xizesse/vrx_ws/install/share/vrx_gz/worlds/2023_practice:/home/xizesse/vrx_ws/install/share/vrx_gz/worlds:/home/xizesse/vrx_ws/install/share/wamv_description/models:/home/xizesse/vrx_ws/install/share/vrx_gazebo/models:/home/xizesse/vrx_ws/install/share/:/opt/ros/jazzy/share', 'USER': 'xizesse', 'GZ_CONFIG_PATH': '/opt/ros/jazzy/opt/gz_sim_vendor/share/gz:/opt/ros/jazzy/opt/sdformat_vendor/share/gz:/opt/ros/jazzy/opt/gz_gui_vendor/share/gz:/opt/ros/jazzy/opt/gz_transport_vendor/share/gz:/opt/ros/jazzy/opt/gz_rendering_vendor/share/gz:/opt/ros/jazzy/opt/gz_plugin_vendor/share/gz:/opt/ros/jazzy/opt/gz_fuel_tools_vendor/share/gz:/opt/ros/jazzy/opt/gz_msgs_vendor/share/gz:/opt/ros/jazzy/opt/gz_common_vendor/share/gz', 'XDG_SESSION_TYPE': 'x11', 'GIT_ASKPASS': '/usr/share/antigravity/resources/app/extensions/git/dist/askpass.sh', 'CLUTTER_DISABLE_MIPMAPPED_TEXT': '1', 'SHLVL': '1', 'LD_LIBRARY_PATH': '/home/xizesse/ros2_ws/install/vesc_msgs/lib:/home/xizesse/ros2_ws/install/rvo2_ros2/lib:/home/xizesse/ros2_ws/install/avoa3d/lib:/home/xizesse/ros2_ws/install/obstacle_detector/lib:/home/xizesse/ros2_ws/install/io_context/lib:/home/xizesse/vrx_ws/install/lib:/opt/ros/jazzy/opt/gz_sim_vendor/lib:/opt/ros/jazzy/opt/gz_sensors_vendor/lib:/opt/ros/jazzy/opt/gz_physics_vendor/lib:/opt/ros/jazzy/opt/sdformat_vendor/lib:/opt/ros/jazzy/opt/rviz_ogre_vendor/lib:/opt/ros/jazzy/lib/x86_64-linux-gnu:/opt/ros/jazzy/opt/gz_gui_vendor/lib:/opt/ros/jazzy/opt/gz_transport_vendor/lib:/opt/ros/jazzy/opt/gz_rendering_vendor/lib:/opt/ros/jazzy/opt/gz_plugin_vendor/lib:/opt/ros/jazzy/opt/gz_fuel_tools_vendor/lib:/opt/ros/jazzy/opt/gz_msgs_vendor/lib:/opt/ros/jazzy/opt/gz_common_vendor/lib:/opt/ros/jazzy/opt/gz_math_vendor/lib:/opt/ros/jazzy/opt/gz_utils_vendor/lib:/opt/ros/jazzy/opt/gz_tools_vendor/lib:/opt/ros/jazzy/opt/gz_ogre_next_vendor/lib:/opt/ros/jazzy/opt/gz_dartsim_vendor/lib:/opt/ros/jazzy/opt/gz_cmake_vendor/lib:/opt/ros/jazzy/lib', 'ANTIGRAVITY_CLI_ALIAS': 'agy', 'HOME': '/home/xizesse', 'CHROME_DESKTOP': 'antigravity.desktop', 'OLDPWD': '/home/xizesse/ros2_ws/src/avoa3d/scripts', 'TERM_PROGRAM_VERSION': '1.107.0', 'DESKTOP_SESSION': 'ubuntu', 'GIO_LAUNCHED_DESKTOP_FILE': '/usr/share/applications/antigravity.desktop', 'ROS_PYTHON_VERSION': '3', 'GNOME_SHELL_SESSION_MODE': 'ubuntu', 'GTK_MODULES': 'gail:atk-bridge', 'PAGER': 'cat', 'VSCODE_GIT_ASKPASS_MAIN': '/usr/share/antigravity/resources/app/extensions/git/dist/askpass-main.js', 'VSCODE_GIT_ASKPASS_NODE': '/usr/share/antigravity/antigravity', 'MANAGERPID': '3010', 'PYDEVD_DISABLE_FILE_VALIDATION': '1', 'SYSTEMD_EXEC_PID': '3454', 'BUNDLED_DEBUGPY_PATH': '/home/xizesse/.antigravity/extensions/ms-python.debugpy-2025.18.0-linux-x64/bundled/libs/debugpy', 'VSCODE_PYTHON_AUTOACTIVATE_GUARD': '1', 'GSM_SKIP_SSH_AGENT_WORKAROUND': 'true', 'DBUS_SESSION_BUS_ADDRESS': 'unix:path=/run/user/1000/bus', 'COLORTERM': 'truecolor', 'ANTIGRAVITY_AGENT': '1', 'GIO_LAUNCHED_DESKTOP_FILE_PID': '4549', 'DEBUGINFOD_URLS': 'https://debuginfod.ubuntu.com', 'COLCON_PREFIX_PATH': '/home/xizesse/vrx_ws/install:/home/xizesse/ros2_ws/install', 'ROS_DISTRO': 'jazzy', 'LOGNAME': 'xizesse', 'JOURNAL_STREAM': '9:30996', '_': '/usr/bin/colcon', 'ROS_VERSION': '2', 'MEMORY_PRESSURE_WATCH': '/sys/fs/cgroup/user.slice/user-1000.slice/user@1000.service/session.slice/org.gnome.Shell@x11.service/memory.pressure', 'XDG_SESSION_CLASS': 'user', 'USERNAME': 'xizesse', 'TERM': 'xterm-256color', 'GNOME_DESKTOP_SESSION_ID': 'this-is-deprecated', 'FC_FONTATIONS': '1', 'WINDOWPATH': '2', 'PATH': '/opt/ros/jazzy/opt/gz_msgs_vendor/bin:/opt/ros/jazzy/opt/gz_tools_vendor/bin:/opt/ros/jazzy/opt/gz_ogre_next_vendor/bin:/opt/ros/jazzy/bin:/usr/local/sbin:/usr/local/bin:/usr/sbin:/usr/bin:/sbin:/bin:/usr/games:/usr/local/games:/snap/bin:/snap/bin:/home/xizesse/.antigravity/extensions/ms-python.debugpy-2025.18.0-linux-x64/bundled/scripts/noConfigScripts', 'SESSION_MANAGER': 'local/xizesse-ASUS-TUF-F15:@/tmp/.ICE-unix/3410,unix/xizesse-ASUS-TUF-F15:/tmp/.ICE-unix/3410', 'INVOCATION_ID': '30bd506c23524f78859216809f6cb439', 'XDG_MENU_PREFIX': 'gnome-', 'XDG_RUNTIME_DIR': '/run/user/1000', 'GDK_BACKEND': 'x11', 'DISPLAY': ':1', 'VSCODE_DEBUGPY_ADAPTER_ENDPOINTS': '/home/xizesse/.antigravity/extensions/ms-python.debugpy-2025.18.0-linux-x64/.noConfigDebugAdapterEndpoints/endpoint-7dcae9b31626a138.txt', 'LANG': 'en_US.UTF-8', 'XDG_CURRENT_DESKTOP': 'ubuntu:GNOME', 'PYTHONSTARTUP': '/home/xizesse/.config/Antigravity/User/workspaceStorage/4f14c94f2b5cbce87ebf14fd4d607f5d/ms-python.python/pythonrc.py', 'XMODIFIERS': '@im=ibus', 'XDG_SESSION_DESKTOP': 'ubuntu', 'XAUTHORITY': '/run/user/1000/gdm/Xauthority', 'LS_COLORS': 'rs=0:di=01;34:ln=01;36:mh=00:pi=40;33:so=01;35:do=01;35:bd=40;33;01:cd=40;33;01:or=40;31;01:mi=00:su=37;41:sg=30;43:ca=00:tw=30;42:ow=34;42:st=37;44:ex=01;32:*.tar=01;31:*.tgz=01;31:*.arc=01;31:*.arj=01;31:*.taz=01;31:*.lha=01;31:*.lz4=01;31:*.lzh=01;31:*.lzma=01;31:*.tlz=01;31:*.txz=01;31:*.tzo=01;31:*.t7z=01;31:*.zip=01;31:*.z=01;31:*.dz=01;31:*.gz=01;31:*.lrz=01;31:*.lz=01;31:*.lzo=01;31:*.xz=01;31:*.zst=01;31:*.tzst=01;31:*.bz2=01;31:*.bz=01;31:*.tbz=01;31:*.tbz2=01;31:*.tz=01;31:*.deb=01;31:*.rpm=01;31:*.jar=01;31:*.war=01;31:*.ear=01;31:*.sar=01;31:*.rar=01;31:*.alz=01;31:*.ace=01;31:*.zoo=01;31:*.cpio=01;31:*.7z=01;31:*.rz=01;31:*.cab=01;31:*.wim=01;31:*.swm=01;31:*.dwm=01;31:*.esd=01;31:*.avif=01;35:*.jpg=01;35:*.jpeg=01;35:*.mjpg=01;35:*.mjpeg=01;35:*.gif=01;35:*.bmp=01;35:*.pbm=01;35:*.pgm=01;35:*.ppm=01;35:*.tga=01;35:*.xbm=01;35:*.xpm=01;35:*.tif=01;35:*.tiff=01;35:*.png=01;35:*.svg=01;35:*.svgz=01;35:*.mng=01;35:*.pcx=01;35:*.mov=01;35:*.mpg=01;35:*.mpeg=01;35:*.m2v=01;35:*.mkv=01;35:*.webm=01;35:*.webp=01;35:*.ogm=01;35:*.mp4=01;35:*.m4v=01;35:*.mp4v=01;35:*.vob=01;35:*.qt=01;35:*.nuv=01;35:*.wmv=01;35:*.asf=01;35:*.rm=01;35:*.rmvb=01;35:*.flc=01;35:*.avi=01;35:*.fli=01;35:*.flv=01;35:*.gl=01;35:*.dl=01;35:*.xcf=01;35:*.xwd=01;35:*.yuv=01;35:*.cgm=01;35:*.emf=01;35:*.ogv=01;35:*.ogx=01;35:*.aac=00;36:*.au=00;36:*.flac=00;36:*.m4a=00;36:*.mid=00;36:*.midi=00;36:*.mka=00;36:*.mp3=00;36:*.mpc=00;36:*.ogg=00;36:*.ra=00;36:*.wav=00;36:*.oga=00;36:*.opus=00;36:*.spx=00;36:*.xspf=00;36:*~=00;90:*#=00;90:*.bak=00;90:*.crdownload=00;90:*.dpkg-dist=00;90:*.dpkg-new=00;90:*.dpkg-old=00;90:*.dpkg-tmp=00;90:*.old=00;90:*.orig=00;90:*.part=00;90:*.rej=00;90:*.rpmnew=00;90:*.rpmorig=00;90:*.rpmsave=00;90:*.swp=00;90:*.tmp=00;90:*.ucf-dist=00;90:*.ucf-new=00;90:*.ucf-old=00;90:', 'SBX_CHROME_API_RQ': '1', 'VSCODE_GIT_IPC_HANDLE': '/run/user/1000/vscode-git-3273f0ee0d.sock', 'TERM_PROGRAM': 'vscode', 'SSH_AUTH_SOCK': '/run/user/1000/keyring/ssh', 'AMENT_PREFIX_PATH': '/home/xizesse/ros2_ws/install/vesc_msgs:/home/xizesse/ros2_ws/install/rvo2_ros2:/home/xizesse/ros2_ws/install/avoa3d:/home/xizesse/ros2_ws/install/obstacle_detector:/home/xizesse/ros2_ws/install/lily_visualization:/home/xizesse/ros2_ws/install/lily_teleop:/home/xizesse/ros2_ws/install/lily_nav:/home/xizesse/ros2_ws/install/lily_gz:/home/xizesse/ros2_ws/install/lily_bringup:/home/xizesse/ros2_ws/install/io_context:/home/xizesse/ros2_ws/install/asio_cmake_module:/home/xizesse/vrx_ws/install:/opt/ros/jazzy', 'SHELL': '/bin/bash', 'QT_ACCESSIBILITY': '1', 'GDMSESSION': 'ubuntu', 'LESSCLOSE': '/usr/bin/lesspipe %s %s', 'GPG_AGENT_INFO': '/run/user/1000/gnupg/S.gpg-agent:0:1', 'GJS_DEBUG_OUTPUT': 'stderr', 'ROS_AUTOMATIC_DISCOVERY_RANGE': 'SUBNET', 'VSCODE_GIT_ASKPASS_EXTRA_ARGS': '', 'QT_IM_MODULE': 'ibus', 'PWD': '/home/xizesse/ros2_ws/src/avoa3d/build/rvo2_ros2', 'LC_ALL': 'en_US.UTF-8', 'XDG_CONFIG_DIRS': '/etc/xdg/xdg-ubuntu:/etc/xdg', 'XDG_DATA_DIRS': '/usr/share/ubuntu:/usr/share/gnome:/home/xizesse/.local/share/flatpak/exports/share:/var/lib/flatpak/exports/share:/usr/local/share/:/usr/share/:/var/lib/snapd/desktop', 'PYTHONPATH': '/home/xizesse/ros2_ws/install/vesc_msgs/lib/python3.12/site-packages:/home/xizesse/ros2_ws/install/rvo2_ros2/lib/python3.12/site-packages:/home/xizesse/ros2_ws/install/avoa3d/lib/python3.12/site-packages:/home/xizesse/ros2_ws/install/obstacle_detector/lib/python3.12/site-packages:/home/xizesse/vrx_ws/install/lib/python3.12/site-packages:/opt/ros/jazzy/lib/python3.12/site-packages', 'COLCON': '1', 'MEMORY_PRESSURE_WRITE': 'c29tZSAyMDAwMDAgMjAwMDAwMAA=', 'CMAKE_PREFIX_PATH': '/home/xizesse/ros2_ws/install/vesc_msgs:/home/xizesse/ros2_ws/install/rvo2_ros2:/home/xizesse/ros2_ws/install/avoa3d:/home/xizesse/ros2_ws/install/obstacle_detector:/home/xizesse/ros2_ws/install/lily_visualization:/home/xizesse/ros2_ws/install/lily_teleop:/home/xizesse/ros2_ws/install/lily_nav:/home/xizesse/ros2_ws/install/lily_gz:/home/xizesse/ros2_ws/install/lily_bringup:/home/xizesse/ros2_ws/install/io_context:/home/xizesse/ros2_ws/install/asio_cmake_module:/home/xizesse/vrx_ws/install:/opt/ros/jazzy/opt/gz_sim_vendor:/opt/ros/jazzy/opt/gz_sensors_vendor:/opt/ros/jazzy/opt/gz_physics_vendor:/opt/ros/jazzy/opt/sdformat_vendor:/opt/ros/jazzy/opt/gz_gui_vendor:/opt/ros/jazzy/opt/gz_transport_vendor:/opt/ros/jazzy/opt/gz_rendering_vendor:/opt/ros/jazzy/opt/gz_plugin_vendor:/opt/ros/jazzy/opt/gz_fuel_tools_vendor:/opt/ros/jazzy/opt/gz_msgs_vendor:/opt/ros/jazzy/opt/gz_common_vendor:/opt/ros/jazzy/opt/gz_math_vendor:/opt/ros/jazzy/opt/gz_utils_vendor:/opt/ros/jazzy/opt/gz_tools_vendor:/opt/ros/jazzy/opt/gz_ogre_next_vendor:/opt/ros/jazzy/opt/gz_dartsim_vendor:/opt/ros/jazzy/opt/gz_cmake_vendor:/opt/ros/jazzy'}), 'shell': False}
[31.880380] (rvo2_ros2) StdoutLine: {'line': b'-- Install configuration: ""\n'}
[31.881374] (rvo2_ros2) StdoutLine: {'line': b'-- Installing: /home/xizesse/ros2_ws/src/avoa3d/install/rvo2_ros2/share/ament_index/resource_index/rosidl_interfaces/rvo2_ros2\n'}
[31.881727] (rvo2_ros2) StdoutLine: {'line': b'-- Installing: /home/xizesse/ros2_ws/src/avoa3d/install/rvo2_ros2/share/rvo2_ros2/msg/ElementCharacteristicsStamped.json\n'}
[31.881917] (rvo2_ros2) StdoutLine: {'line': b'-- Installing: /home/xizesse/ros2_ws/src/avoa3d/install/rvo2_ros2/share/rvo2_ros2/msg/ElementCharacteristicsArray.json\n'}
[31.882199] (rvo2_ros2) StdoutLine: {'line': b'-- Installing: /home/xizesse/ros2_ws/src/avoa3d/install/rvo2_ros2/include/rvo2_ros2/rvo2_ros2\n'}
[31.882438] (rvo2_ros2) StdoutLine: {'line': b'-- Installing: /home/xizesse/ros2_ws/src/avoa3d/install/rvo2_ros2/include/rvo2_ros2/rvo2_ros2/msg\n'}
[31.882556] (rvo2_ros2) StdoutLine: {'line': b'-- Installing: /home/xizesse/ros2_ws/src/avoa3d/install/rvo2_ros2/include/rvo2_ros2/rvo2_ros2/msg/rosidl_generator_c__visibility_control.h\n'}
[31.882677] (rvo2_ros2) StdoutLine: {'line': b'-- Installing: /home/xizesse/ros2_ws/src/avoa3d/install/rvo2_ros2/include/rvo2_ros2/rvo2_ros2/msg/detail\n'}
[31.882765] (rvo2_ros2) StdoutLine: {'line': b'-- Installing: /home/xizesse/ros2_ws/src/avoa3d/install/rvo2_ros2/include/rvo2_ros2/rvo2_ros2/msg/detail/element_characteristics_stamped__type_support.c\n'}
[31.882876] (rvo2_ros2) StdoutLine: {'line': b'-- Installing: /home/xizesse/ros2_ws/src/avoa3d/install/rvo2_ros2/include/rvo2_ros2/rvo2_ros2/msg/detail/element_characteristics_array__type_support.c\n'}
[31.882968] (rvo2_ros2) StdoutLine: {'line': b'-- Installing: /home/xizesse/ros2_ws/src/avoa3d/install/rvo2_ros2/include/rvo2_ros2/rvo2_ros2/msg/detail/element_characteristics_stamped__struct.h\n'}
[31.883091] (rvo2_ros2) StdoutLine: {'line': b'-- Installing: /home/xizesse/ros2_ws/src/avoa3d/install/rvo2_ros2/include/rvo2_ros2/rvo2_ros2/msg/detail/element_characteristics_stamped__functions.c\n'}
[31.883216] (rvo2_ros2) StdoutLine: {'line': b'-- Installing: /home/xizesse/ros2_ws/src/avoa3d/install/rvo2_ros2/include/rvo2_ros2/rvo2_ros2/msg/detail/element_characteristics_array__description.c\n'}
[31.883321] (rvo2_ros2) StdoutLine: {'line': b'-- Installing: /home/xizesse/ros2_ws/src/avoa3d/install/rvo2_ros2/include/rvo2_ros2/rvo2_ros2/msg/detail/element_characteristics_array__functions.c\n'}
[31.883459] (rvo2_ros2) StdoutLine: {'line': b'-- Installing: /home/xizesse/ros2_ws/src/avoa3d/install/rvo2_ros2/include/rvo2_ros2/rvo2_ros2/msg/detail/element_characteristics_stamped__functions.h\n'}
[31.883553] (rvo2_ros2) StdoutLine: {'line': b'-- Installing: /home/xizesse/ros2_ws/src/avoa3d/install/rvo2_ros2/include/rvo2_ros2/rvo2_ros2/msg/detail/element_characteristics_stamped__type_support.h\n'}
[31.883688] (rvo2_ros2) StdoutLine: {'line': b'-- Installing: /home/xizesse/ros2_ws/src/avoa3d/install/rvo2_ros2/include/rvo2_ros2/rvo2_ros2/msg/detail/element_characteristics_stamped__description.c\n'}
[31.883865] (rvo2_ros2) StdoutLine: {'line': b'-- Installing: /home/xizesse/ros2_ws/src/avoa3d/install/rvo2_ros2/include/rvo2_ros2/rvo2_ros2/msg/detail/element_characteristics_array__functions.h\n'}
[31.883983] (rvo2_ros2) StdoutLine: {'line': b'-- Installing: /home/xizesse/ros2_ws/src/avoa3d/install/rvo2_ros2/include/rvo2_ros2/rvo2_ros2/msg/detail/element_characteristics_array__struct.h\n'}
[31.884507] (rvo2_ros2) StdoutLine: {'line': b'-- Installing: /home/xizesse/ros2_ws/src/avoa3d/install/rvo2_ros2/include/rvo2_ros2/rvo2_ros2/msg/detail/element_characteristics_array__type_support.h\n'}
[31.884702] (rvo2_ros2) StdoutLine: {'line': b'-- Installing: /home/xizesse/ros2_ws/src/avoa3d/install/rvo2_ros2/include/rvo2_ros2/rvo2_ros2/msg/element_characteristics_array.h\n'}
[31.884799] (rvo2_ros2) StdoutLine: {'line': b'-- Installing: /home/xizesse/ros2_ws/src/avoa3d/install/rvo2_ros2/include/rvo2_ros2/rvo2_ros2/msg/element_characteristics_stamped.h\n'}
[31.884880] (rvo2_ros2) StdoutLine: {'line': b'-- Installing: /home/xizesse/ros2_ws/src/avoa3d/install/rvo2_ros2/share/rvo2_ros2/environment/library_path.sh\n'}
[31.885034] (rvo2_ros2) StdoutLine: {'line': b'-- Installing: /home/xizesse/ros2_ws/src/avoa3d/install/rvo2_ros2/share/rvo2_ros2/environment/library_path.dsv\n'}
[31.885248] (rvo2_ros2) StdoutLine: {'line': b'-- Installing: /home/xizesse/ros2_ws/src/avoa3d/install/rvo2_ros2/lib/librvo2_ros2__rosidl_generator_c.so\n'}
[31.885931] (rvo2_ros2) StdoutLine: {'line': b'-- Set non-toolchain portion of runtime path of "/home/xizesse/ros2_ws/src/avoa3d/install/rvo2_ros2/lib/librvo2_ros2__rosidl_generator_c.so" to ""\n'}
[31.886300] (rvo2_ros2) StdoutLine: {'line': b'-- Up-to-date: /home/xizesse/ros2_ws/src/avoa3d/install/rvo2_ros2/include/rvo2_ros2/rvo2_ros2\n'}
[31.886418] (rvo2_ros2) StdoutLine: {'line': b'-- Up-to-date: /home/xizesse/ros2_ws/src/avoa3d/install/rvo2_ros2/include/rvo2_ros2/rvo2_ros2/msg\n'}
[31.886513] (rvo2_ros2) StdoutLine: {'line': b'-- Up-to-date: /home/xizesse/ros2_ws/src/avoa3d/install/rvo2_ros2/include/rvo2_ros2/rvo2_ros2/msg/detail\n'}
[31.886616] (rvo2_ros2) StdoutLine: {'line': b'-- Installing: /home/xizesse/ros2_ws/src/avoa3d/install/rvo2_ros2/include/rvo2_ros2/rvo2_ros2/msg/detail/element_characteristics_array__rosidl_typesupport_fastrtps_c.h\n'}
[31.886705] (rvo2_ros2) StdoutLine: {'line': b'-- Installing: /home/xizesse/ros2_ws/src/avoa3d/install/rvo2_ros2/include/rvo2_ros2/rvo2_ros2/msg/detail/element_characteristics_stamped__rosidl_typesupport_fastrtps_c.h\n'}
[31.886811] (rvo2_ros2) StdoutLine: {'line': b'-- Installing: /home/xizesse/ros2_ws/src/avoa3d/install/rvo2_ros2/include/rvo2_ros2/rvo2_ros2/msg/rosidl_typesupport_fastrtps_c__visibility_control.h\n'}
[31.886895] (rvo2_ros2) StdoutLine: {'line': b'-- Installing: /home/xizesse/ros2_ws/src/avoa3d/install/rvo2_ros2/lib/librvo2_ros2__rosidl_typesupport_fastrtps_c.so\n'}
[31.887092] (rvo2_ros2) StdoutLine: {'line': b'-- Set non-toolchain portion of runtime path of "/home/xizesse/ros2_ws/src/avoa3d/install/rvo2_ros2/lib/librvo2_ros2__rosidl_typesupport_fastrtps_c.so" to ""\n'}
[31.887227] (rvo2_ros2) StdoutLine: {'line': b'-- Up-to-date: /home/xizesse/ros2_ws/src/avoa3d/install/rvo2_ros2/include/rvo2_ros2/rvo2_ros2\n'}
[31.887327] (rvo2_ros2) StdoutLine: {'line': b'-- Up-to-date: /home/xizesse/ros2_ws/src/avoa3d/install/rvo2_ros2/include/rvo2_ros2/rvo2_ros2/msg\n'}
[31.887440] (rvo2_ros2) StdoutLine: {'line': b'-- Installing: /home/xizesse/ros2_ws/src/avoa3d/install/rvo2_ros2/include/rvo2_ros2/rvo2_ros2/msg/element_characteristics_array.hpp\n'}
[31.887539] (rvo2_ros2) StdoutLine: {'line': b'-- Up-to-date: /home/xizesse/ros2_ws/src/avoa3d/install/rvo2_ros2/include/rvo2_ros2/rvo2_ros2/msg/detail\n'}
[31.887655] (rvo2_ros2) StdoutLine: {'line': b'-- Installing: /home/xizesse/ros2_ws/src/avoa3d/install/rvo2_ros2/include/rvo2_ros2/rvo2_ros2/msg/detail/element_characteristics_stamped__struct.hpp\n'}
[31.887765] (rvo2_ros2) StdoutLine: {'line': b'-- Installing: /home/xizesse/ros2_ws/src/avoa3d/install/rvo2_ros2/include/rvo2_ros2/rvo2_ros2/msg/detail/element_characteristics_stamped__type_support.hpp\n'}
[31.887868] (rvo2_ros2) StdoutLine: {'line': b'-- Installing: /home/xizesse/ros2_ws/src/avoa3d/install/rvo2_ros2/include/rvo2_ros2/rvo2_ros2/msg/detail/element_characteristics_stamped__traits.hpp\n'}
[31.887976] (rvo2_ros2) StdoutLine: {'line': b'-- Installing: /home/xizesse/ros2_ws/src/avoa3d/install/rvo2_ros2/include/rvo2_ros2/rvo2_ros2/msg/detail/element_characteristics_array__traits.hpp\n'}
[31.888075] (rvo2_ros2) StdoutLine: {'line': b'-- Installing: /home/xizesse/ros2_ws/src/avoa3d/install/rvo2_ros2/include/rvo2_ros2/rvo2_ros2/msg/detail/element_characteristics_array__builder.hpp\n'}
[31.888279] (rvo2_ros2) StdoutLine: {'line': b'-- Installing: /home/xizesse/ros2_ws/src/avoa3d/install/rvo2_ros2/include/rvo2_ros2/rvo2_ros2/msg/detail/element_characteristics_stamped__builder.hpp\n'}
[31.888508] (rvo2_ros2) StdoutLine: {'line': b'-- Installing: /home/xizesse/ros2_ws/src/avoa3d/install/rvo2_ros2/include/rvo2_ros2/rvo2_ros2/msg/detail/element_characteristics_array__struct.hpp\n'}
[31.888681] (rvo2_ros2) StdoutLine: {'line': b'-- Installing: /home/xizesse/ros2_ws/src/avoa3d/install/rvo2_ros2/include/rvo2_ros2/rvo2_ros2/msg/detail/element_characteristics_array__type_support.hpp\n'}
[31.888825] (rvo2_ros2) StdoutLine: {'line': b'-- Installing: /home/xizesse/ros2_ws/src/avoa3d/install/rvo2_ros2/include/rvo2_ros2/rvo2_ros2/msg/rosidl_generator_cpp__visibility_control.hpp\n'}
[31.889093] (rvo2_ros2) StdoutLine: {'line': b'-- Installing: /home/xizesse/ros2_ws/src/avoa3d/install/rvo2_ros2/include/rvo2_ros2/rvo2_ros2/msg/element_characteristics_stamped.hpp\n'}
[31.889254] (rvo2_ros2) StdoutLine: {'line': b'-- Up-to-date: /home/xizesse/ros2_ws/src/avoa3d/install/rvo2_ros2/include/rvo2_ros2/rvo2_ros2\n'}
[31.889413] (rvo2_ros2) StdoutLine: {'line': b'-- Up-to-date: /home/xizesse/ros2_ws/src/avoa3d/install/rvo2_ros2/include/rvo2_ros2/rvo2_ros2/msg\n'}
[31.889558] (rvo2_ros2) StdoutLine: {'line': b'-- Up-to-date: /home/xizesse/ros2_ws/src/avoa3d/install/rvo2_ros2/include/rvo2_ros2/rvo2_ros2/msg/detail\n'}
[31.889700] (rvo2_ros2) StdoutLine: {'line': b'-- Installing: /home/xizesse/ros2_ws/src/avoa3d/install/rvo2_ros2/include/rvo2_ros2/rvo2_ros2/msg/detail/element_characteristics_array__rosidl_typesupport_fastrtps_cpp.hpp\n'}
[31.889829] (rvo2_ros2) StdoutLine: {'line': b'-- Installing: /home/xizesse/ros2_ws/src/avoa3d/install/rvo2_ros2/include/rvo2_ros2/rvo2_ros2/msg/detail/element_characteristics_stamped__rosidl_typesupport_fastrtps_cpp.hpp\n'}
[31.889954] (rvo2_ros2) StdoutLine: {'line': b'-- Installing: /home/xizesse/ros2_ws/src/avoa3d/install/rvo2_ros2/include/rvo2_ros2/rvo2_ros2/msg/detail/dds_fastrtps\n'}
[31.890048] (rvo2_ros2) StdoutLine: {'line': b'-- Installing: /home/xizesse/ros2_ws/src/avoa3d/install/rvo2_ros2/include/rvo2_ros2/rvo2_ros2/msg/rosidl_typesupport_fastrtps_cpp__visibility_control.h\n'}
[31.890192] (rvo2_ros2) StdoutLine: {'line': b'-- Installing: /home/xizesse/ros2_ws/src/avoa3d/install/rvo2_ros2/lib/librvo2_ros2__rosidl_typesupport_fastrtps_cpp.so\n'}
[31.890521] (rvo2_ros2) StdoutLine: {'line': b'-- Set non-toolchain portion of runtime path of "/home/xizesse/ros2_ws/src/avoa3d/install/rvo2_ros2/lib/librvo2_ros2__rosidl_typesupport_fastrtps_cpp.so" to ""\n'}
[31.890780] (rvo2_ros2) StdoutLine: {'line': b'-- Up-to-date: /home/xizesse/ros2_ws/src/avoa3d/install/rvo2_ros2/include/rvo2_ros2/rvo2_ros2\n'}
[31.890890] (rvo2_ros2) StdoutLine: {'line': b'-- Up-to-date: /home/xizesse/ros2_ws/src/avoa3d/install/rvo2_ros2/include/rvo2_ros2/rvo2_ros2/msg\n'}
[31.891019] (rvo2_ros2) StdoutLine: {'line': b'-- Installing: /home/xizesse/ros2_ws/src/avoa3d/install/rvo2_ros2/include/rvo2_ros2/rvo2_ros2/msg/rosidl_typesupport_introspection_c__visibility_control.h\n'}
[31.891121] (rvo2_ros2) StdoutLine: {'line': b'-- Up-to-date: /home/xizesse/ros2_ws/src/avoa3d/install/rvo2_ros2/include/rvo2_ros2/rvo2_ros2/msg/detail\n'}
[31.891226] (rvo2_ros2) StdoutLine: {'line': b'-- Up-to-date: /home/xizesse/ros2_ws/src/avoa3d/install/rvo2_ros2/include/rvo2_ros2/rvo2_ros2/msg/detail/element_characteristics_stamped__type_support.c\n'}
[31.891311] (rvo2_ros2) StdoutLine: {'line': b'-- Up-to-date: /home/xizesse/ros2_ws/src/avoa3d/install/rvo2_ros2/include/rvo2_ros2/rvo2_ros2/msg/detail/element_characteristics_array__type_support.c\n'}
[31.891394] (rvo2_ros2) StdoutLine: {'line': b'-- Installing: /home/xizesse/ros2_ws/src/avoa3d/install/rvo2_ros2/include/rvo2_ros2/rvo2_ros2/msg/detail/element_characteristics_stamped__rosidl_typesupport_introspection_c.h\n'}
[31.891496] (rvo2_ros2) StdoutLine: {'line': b'-- Installing: /home/xizesse/ros2_ws/src/avoa3d/install/rvo2_ros2/include/rvo2_ros2/rvo2_ros2/msg/detail/element_characteristics_array__rosidl_typesupport_introspection_c.h\n'}
[31.891607] (rvo2_ros2) StdoutLine: {'line': b'-- Installing: /home/xizesse/ros2_ws/src/avoa3d/install/rvo2_ros2/lib/librvo2_ros2__rosidl_typesupport_introspection_c.so\n'}
[31.891703] (rvo2_ros2) StdoutLine: {'line': b'-- Set non-toolchain portion of runtime path of "/home/xizesse/ros2_ws/src/avoa3d/install/rvo2_ros2/lib/librvo2_ros2__rosidl_typesupport_introspection_c.so" to ""\n'}
[31.891800] (rvo2_ros2) StdoutLine: {'line': b'-- Installing: /home/xizesse/ros2_ws/src/avoa3d/install/rvo2_ros2/lib/librvo2_ros2__rosidl_typesupport_c.so\n'}
[31.892020] (rvo2_ros2) StdoutLine: {'line': b'-- Set non-toolchain portion of runtime path of "/home/xizesse/ros2_ws/src/avoa3d/install/rvo2_ros2/lib/librvo2_ros2__rosidl_typesupport_c.so" to ""\n'}
[31.892162] (rvo2_ros2) StdoutLine: {'line': b'-- Up-to-date: /home/xizesse/ros2_ws/src/avoa3d/install/rvo2_ros2/include/rvo2_ros2/rvo2_ros2\n'}
[31.892258] (rvo2_ros2) StdoutLine: {'line': b'-- Up-to-date: /home/xizesse/ros2_ws/src/avoa3d/install/rvo2_ros2/include/rvo2_ros2/rvo2_ros2/msg\n'}
[31.892348] (rvo2_ros2) StdoutLine: {'line': b'-- Up-to-date: /home/xizesse/ros2_ws/src/avoa3d/install/rvo2_ros2/include/rvo2_ros2/rvo2_ros2/msg/detail\n'}
[31.892455] (rvo2_ros2) StdoutLine: {'line': b'-- Installing: /home/xizesse/ros2_ws/src/avoa3d/install/rvo2_ros2/include/rvo2_ros2/rvo2_ros2/msg/detail/element_characteristics_array__rosidl_typesupport_introspection_cpp.hpp\n'}
[31.892542] (rvo2_ros2) StdoutLine: {'line': b'-- Installing: /home/xizesse/ros2_ws/src/avoa3d/install/rvo2_ros2/include/rvo2_ros2/rvo2_ros2/msg/detail/element_characteristics_stamped__type_support.cpp\n'}
[31.892689] (rvo2_ros2) StdoutLine: {'line': b'-- Installing: /home/xizesse/ros2_ws/src/avoa3d/install/rvo2_ros2/include/rvo2_ros2/rvo2_ros2/msg/detail/element_characteristics_array__type_support.cpp\n'}
[31.892815] (rvo2_ros2) StdoutLine: {'line': b'-- Installing: /home/xizesse/ros2_ws/src/avoa3d/install/rvo2_ros2/include/rvo2_ros2/rvo2_ros2/msg/detail/element_characteristics_stamped__rosidl_typesupport_introspection_cpp.hpp\n'}
[31.893002] (rvo2_ros2) StdoutLine: {'line': b'-- Installing: /home/xizesse/ros2_ws/src/avoa3d/install/rvo2_ros2/lib/librvo2_ros2__rosidl_typesupport_introspection_cpp.so\n'}
[31.893964] (rvo2_ros2) StdoutLine: {'line': b'-- Set non-toolchain portion of runtime path of "/home/xizesse/ros2_ws/src/avoa3d/install/rvo2_ros2/lib/librvo2_ros2__rosidl_typesupport_introspection_cpp.so" to ""\n'}
[31.894212] (rvo2_ros2) StdoutLine: {'line': b'-- Installing: /home/xizesse/ros2_ws/src/avoa3d/install/rvo2_ros2/lib/librvo2_ros2__rosidl_typesupport_cpp.so\n'}
[31.894498] (rvo2_ros2) StdoutLine: {'line': b'-- Set non-toolchain portion of runtime path of "/home/xizesse/ros2_ws/src/avoa3d/install/rvo2_ros2/lib/librvo2_ros2__rosidl_typesupport_cpp.so" to ""\n'}
[31.894673] (rvo2_ros2) StdoutLine: {'line': b'-- Installing: /home/xizesse/ros2_ws/src/avoa3d/install/rvo2_ros2/share/rvo2_ros2/environment/pythonpath.sh\n'}
[31.894793] (rvo2_ros2) StdoutLine: {'line': b'-- Installing: /home/xizesse/ros2_ws/src/avoa3d/install/rvo2_ros2/share/rvo2_ros2/environment/pythonpath.dsv\n'}
[31.894970] (rvo2_ros2) StdoutLine: {'line': b'-- Installing: /home/xizesse/ros2_ws/src/avoa3d/install/rvo2_ros2/lib/python3.12/site-packages/rvo2_ros2-0.0.1-py3.12.egg-info\n'}
[31.895192] (rvo2_ros2) StdoutLine: {'line': b'-- Installing: /home/xizesse/ros2_ws/src/avoa3d/install/rvo2_ros2/lib/python3.12/site-packages/rvo2_ros2-0.0.1-py3.12.egg-info/dependency_links.txt\n'}
[31.895435] (rvo2_ros2) StdoutLine: {'line': b'-- Installing: /home/xizesse/ros2_ws/src/avoa3d/install/rvo2_ros2/lib/python3.12/site-packages/rvo2_ros2-0.0.1-py3.12.egg-info/PKG-INFO\n'}
[31.895700] (rvo2_ros2) StdoutLine: {'line': b'-- Installing: /home/xizesse/ros2_ws/src/avoa3d/install/rvo2_ros2/lib/python3.12/site-packages/rvo2_ros2-0.0.1-py3.12.egg-info/top_level.txt\n'}
[31.895836] (rvo2_ros2) StdoutLine: {'line': b'-- Installing: /home/xizesse/ros2_ws/src/avoa3d/install/rvo2_ros2/lib/python3.12/site-packages/rvo2_ros2-0.0.1-py3.12.egg-info/SOURCES.txt\n'}
[31.896367] (rvo2_ros2) StdoutLine: {'line': b'-- Installing: /home/xizesse/ros2_ws/src/avoa3d/install/rvo2_ros2/lib/python3.12/site-packages/rvo2_ros2\n'}
[31.896591] (rvo2_ros2) StdoutLine: {'line': b'-- Installing: /home/xizesse/ros2_ws/src/avoa3d/install/rvo2_ros2/lib/python3.12/site-packages/rvo2_ros2/msg\n'}
[31.896773] (rvo2_ros2) StdoutLine: {'line': b'-- Installing: /home/xizesse/ros2_ws/src/avoa3d/install/rvo2_ros2/lib/python3.12/site-packages/rvo2_ros2/msg/_element_characteristics_array_s.c\n'}
[31.897019] (rvo2_ros2) StdoutLine: {'line': b'-- Installing: /home/xizesse/ros2_ws/src/avoa3d/install/rvo2_ros2/lib/python3.12/site-packages/rvo2_ros2/msg/_element_characteristics_array.py\n'}
[31.897283] (rvo2_ros2) StdoutLine: {'line': b'-- Installing: /home/xizesse/ros2_ws/src/avoa3d/install/rvo2_ros2/lib/python3.12/site-packages/rvo2_ros2/msg/__init__.py\n'}
[31.897482] (rvo2_ros2) StdoutLine: {'line': b'-- Installing: /home/xizesse/ros2_ws/src/avoa3d/install/rvo2_ros2/lib/python3.12/site-packages/rvo2_ros2/msg/_element_characteristics_stamped.py\n'}
[31.897795] (rvo2_ros2) StdoutLine: {'line': b'-- Installing: /home/xizesse/ros2_ws/src/avoa3d/install/rvo2_ros2/lib/python3.12/site-packages/rvo2_ros2/msg/_element_characteristics_stamped_s.c\n'}
[31.898118] (rvo2_ros2) StdoutLine: {'line': b'-- Installing: /home/xizesse/ros2_ws/src/avoa3d/install/rvo2_ros2/lib/python3.12/site-packages/rvo2_ros2/rvo2_ros2_s__rosidl_typesupport_c.so\n'}
[31.898360] (rvo2_ros2) StdoutLine: {'line': b'-- Installing: /home/xizesse/ros2_ws/src/avoa3d/install/rvo2_ros2/lib/python3.12/site-packages/rvo2_ros2/_rvo2_ros2_s.ep.rosidl_typesupport_c.c\n'}
[31.898602] (rvo2_ros2) StdoutLine: {'line': b'-- Installing: /home/xizesse/ros2_ws/src/avoa3d/install/rvo2_ros2/lib/python3.12/site-packages/rvo2_ros2/_rvo2_ros2_s.ep.rosidl_typesupport_fastrtps_c.c\n'}
[31.898793] (rvo2_ros2) StdoutLine: {'line': b'-- Installing: /home/xizesse/ros2_ws/src/avoa3d/install/rvo2_ros2/lib/python3.12/site-packages/rvo2_ros2/rvo2_ros2_s__rosidl_typesupport_fastrtps_c.so\n'}
[31.898973] (rvo2_ros2) StdoutLine: {'line': b'-- Installing: /home/xizesse/ros2_ws/src/avoa3d/install/rvo2_ros2/lib/python3.12/site-packages/rvo2_ros2/__init__.py\n'}
[31.899087] (rvo2_ros2) StdoutLine: {'line': b'-- Installing: /home/xizesse/ros2_ws/src/avoa3d/install/rvo2_ros2/lib/python3.12/site-packages/rvo2_ros2/_rvo2_ros2_s.ep.rosidl_typesupport_introspection_c.c\n'}
[31.899233] (rvo2_ros2) StdoutLine: {'line': b'-- Installing: /home/xizesse/ros2_ws/src/avoa3d/install/rvo2_ros2/lib/python3.12/site-packages/rvo2_ros2/rvo2_ros2_s__rosidl_typesupport_introspection_c.so\n'}
[31.927082] (-) TimerEvent: {}
[32.028375] (-) TimerEvent: {}
[32.030705] (rvo2_ros2) StdoutLine: {'line': b"Listing '/home/xizesse/ros2_ws/src/avoa3d/install/rvo2_ros2/lib/python3.12/site-packages/rvo2_ros2'...\n"}
[32.031301] (rvo2_ros2) StdoutLine: {'line': b"Compiling '/home/xizesse/ros2_ws/src/avoa3d/install/rvo2_ros2/lib/python3.12/site-packages/rvo2_ros2/__init__.py'...\n"}
[32.031395] (rvo2_ros2) StdoutLine: {'line': b"Listing '/home/xizesse/ros2_ws/src/avoa3d/install/rvo2_ros2/lib/python3.12/site-packages/rvo2_ros2/msg'...\n"}
[32.031477] (rvo2_ros2) StdoutLine: {'line': b"Compiling '/home/xizesse/ros2_ws/src/avoa3d/install/rvo2_ros2/lib/python3.12/site-packages/rvo2_ros2/msg/__init__.py'...\n"}
[32.031591] (rvo2_ros2) StdoutLine: {'line': b"Compiling '/home/xizesse/ros2_ws/src/avoa3d/install/rvo2_ros2/lib/python3.12/site-packages/rvo2_ros2/msg/_element_characteristics_array.py'...\n"}
[32.031673] (rvo2_ros2) StdoutLine: {'line': b"Compiling '/home/xizesse/ros2_ws/src/avoa3d/install/rvo2_ros2/lib/python3.12/site-packages/rvo2_ros2/msg/_element_characteristics_stamped.py'...\n"}
[32.059362] (rvo2_ros2) StdoutLine: {'line': b'-- Installing: /home/xizesse/ros2_ws/src/avoa3d/install/rvo2_ros2/lib/python3.12/site-packages/rvo2_ros2/rvo2_ros2_s__rosidl_typesupport_fastrtps_c.so\n'}
[32.060526] (rvo2_ros2) StdoutLine: {'line': b'-- Set non-toolchain portion of runtime path of "/home/xizesse/ros2_ws/src/avoa3d/install/rvo2_ros2/lib/python3.12/site-packages/rvo2_ros2/rvo2_ros2_s__rosidl_typesupport_fastrtps_c.so" to ""\n'}
[32.060849] (rvo2_ros2) StdoutLine: {'line': b'-- Installing: /home/xizesse/ros2_ws/src/avoa3d/install/rvo2_ros2/lib/python3.12/site-packages/rvo2_ros2/rvo2_ros2_s__rosidl_typesupport_introspection_c.so\n'}
[32.060953] (rvo2_ros2) StdoutLine: {'line': b'-- Set non-toolchain portion of runtime path of "/home/xizesse/ros2_ws/src/avoa3d/install/rvo2_ros2/lib/python3.12/site-packages/rvo2_ros2/rvo2_ros2_s__rosidl_typesupport_introspection_c.so" to ""\n'}
[32.061015] (rvo2_ros2) StdoutLine: {'line': b'-- Installing: /home/xizesse/ros2_ws/src/avoa3d/install/rvo2_ros2/lib/python3.12/site-packages/rvo2_ros2/rvo2_ros2_s__rosidl_typesupport_c.so\n'}
[32.061300] (rvo2_ros2) StdoutLine: {'line': b'-- Set non-toolchain portion of runtime path of "/home/xizesse/ros2_ws/src/avoa3d/install/rvo2_ros2/lib/python3.12/site-packages/rvo2_ros2/rvo2_ros2_s__rosidl_typesupport_c.so" to ""\n'}
[32.061673] (rvo2_ros2) StdoutLine: {'line': b'-- Installing: /home/xizesse/ros2_ws/src/avoa3d/install/rvo2_ros2/lib/librvo2_ros2__rosidl_generator_py.so\n'}
[32.068187] (rvo2_ros2) StdoutLine: {'line': b'-- Set non-toolchain portion of runtime path of "/home/xizesse/ros2_ws/src/avoa3d/install/rvo2_ros2/lib/librvo2_ros2__rosidl_generator_py.so" to ""\n'}
[32.069245] (rvo2_ros2) StdoutLine: {'line': b'-- Installing: /home/xizesse/ros2_ws/src/avoa3d/install/rvo2_ros2/share/rvo2_ros2/msg/ElementCharacteristicsStamped.idl\n'}
[32.069317] (rvo2_ros2) StdoutLine: {'line': b'-- Installing: /home/xizesse/ros2_ws/src/avoa3d/install/rvo2_ros2/share/rvo2_ros2/msg/ElementCharacteristicsArray.idl\n'}
[32.069374] (rvo2_ros2) StdoutLine: {'line': b'-- Installing: /home/xizesse/ros2_ws/src/avoa3d/install/rvo2_ros2/share/rvo2_ros2/msg/ElementCharacteristicsStamped.msg\n'}
[32.069538] (rvo2_ros2) StdoutLine: {'line': b'-- Installing: /home/xizesse/ros2_ws/src/avoa3d/install/rvo2_ros2/share/rvo2_ros2/msg/ElementCharacteristicsArray.msg\n'}
[32.069855] (rvo2_ros2) StdoutLine: {'line': b'-- Installing: /home/xizesse/ros2_ws/src/avoa3d/install/rvo2_ros2/lib/librvo2_core.so\n'}
[32.070997] (rvo2_ros2) StdoutLine: {'line': b'-- Installing: /home/xizesse/ros2_ws/src/avoa3d/install/rvo2_ros2/lib/rvo2_ros2/rvo2_node\n'}
[32.102051] (rvo2_ros2) StdoutLine: {'line': b'-- Set non-toolchain portion of runtime path of "/home/xizesse/ros2_ws/src/avoa3d/install/rvo2_ros2/lib/rvo2_ros2/rvo2_node" to ""\n'}
[32.102608] (rvo2_ros2) StdoutLine: {'line': b'-- Installing: /home/xizesse/ros2_ws/src/avoa3d/install/rvo2_ros2/lib/rvo2_ros2/obstacle_publisher\n'}
[32.110111] (rvo2_ros2) StdoutLine: {'line': b'-- Set non-toolchain portion of runtime path of "/home/xizesse/ros2_ws/src/avoa3d/install/rvo2_ros2/lib/rvo2_ros2/obstacle_publisher" to ""\n'}
[32.110359] (rvo2_ros2) StdoutLine: {'line': b'-- Installing: /home/xizesse/ros2_ws/src/avoa3d/install/rvo2_ros2/lib/rvo2_ros2/velocity_filter_node\n'}
[32.114777] (rvo2_ros2) StdoutLine: {'line': b'-- Set non-toolchain portion of runtime path of "/home/xizesse/ros2_ws/src/avoa3d/install/rvo2_ros2/lib/rvo2_ros2/velocity_filter_node" to ""\n'}
[32.115339] (rvo2_ros2) StdoutLine: {'line': b'-- Up-to-date: /home/xizesse/ros2_ws/src/avoa3d/install/rvo2_ros2/include\n'}
[32.115511] (rvo2_ros2) StdoutLine: {'line': b'-- Installing: /home/xizesse/ros2_ws/src/avoa3d/install/rvo2_ros2/include/rvo2\n'}
[32.115698] (rvo2_ros2) StdoutLine: {'line': b'-- Installing: /home/xizesse/ros2_ws/src/avoa3d/install/rvo2_ros2/include/rvo2/API.h\n'}
[32.115814] (rvo2_ros2) StdoutLine: {'line': b'-- Installing: /home/xizesse/ros2_ws/src/avoa3d/install/rvo2_ros2/include/rvo2/Vector3.h\n'}
[32.116211] (rvo2_ros2) StdoutLine: {'line': b'-- Installing: /home/xizesse/ros2_ws/src/avoa3d/install/rvo2_ros2/include/rvo2/Agent.h\n'}
[32.116311] (rvo2_ros2) StdoutLine: {'line': b'-- Installing: /home/xizesse/ros2_ws/src/avoa3d/install/rvo2_ros2/include/rvo2/KdTree.h\n'}
[32.116452] (rvo2_ros2) StdoutLine: {'line': b'-- Installing: /home/xizesse/ros2_ws/src/avoa3d/install/rvo2_ros2/include/rvo2/Definitions.h\n'}
[32.116501] (rvo2_ros2) StdoutLine: {'line': b'-- Installing: /home/xizesse/ros2_ws/src/avoa3d/install/rvo2_ros2/include/rvo2/RVOSimulator.h\n'}
[32.116538] (rvo2_ros2) StdoutLine: {'line': b'-- Installing: /home/xizesse/ros2_ws/src/avoa3d/install/rvo2_ros2/include/rvo2/RVO.h\n'}
[32.117059] (rvo2_ros2) StdoutLine: {'line': b'-- Installing: /home/xizesse/ros2_ws/src/avoa3d/install/rvo2_ros2/share/rvo2_ros2/launch\n'}
[32.117322] (rvo2_ros2) StdoutLine: {'line': b'-- Installing: /home/xizesse/ros2_ws/src/avoa3d/install/rvo2_ros2/share/rvo2_ros2/launch/rvo_demo.launch.py\n'}
[32.117621] (rvo2_ros2) StdoutLine: {'line': b'-- Installing: /home/xizesse/ros2_ws/src/avoa3d/install/rvo2_ros2/share/rvo2_ros2/config\n'}
[32.118339] (rvo2_ros2) StdoutLine: {'line': b'-- Installing: /home/xizesse/ros2_ws/src/avoa3d/install/rvo2_ros2/share/rvo2_ros2/config/bridge_config.yaml\n'}
[32.118394] (rvo2_ros2) StdoutLine: {'line': b'-- Installing: /home/xizesse/ros2_ws/src/avoa3d/install/rvo2_ros2/share/rvo2_ros2/config/obstacle_bridge.yaml\n'}
[32.118449] (rvo2_ros2) StdoutLine: {'line': b'-- Installing: /home/xizesse/ros2_ws/src/avoa3d/install/rvo2_ros2/share/rvo2_ros2/sdf\n'}
[32.118771] (rvo2_ros2) StdoutLine: {'line': b'-- Installing: /home/xizesse/ros2_ws/src/avoa3d/install/rvo2_ros2/share/rvo2_ros2/sdf/complex7.sdf\n'}
[32.119200] (rvo2_ros2) StdoutLine: {'line': b'-- Installing: /home/xizesse/ros2_ws/src/avoa3d/install/rvo2_ros2/share/rvo2_ros2/sdf/complex6.sdf\n'}
[32.119621] (rvo2_ros2) StdoutLine: {'line': b'-- Installing: /home/xizesse/ros2_ws/src/avoa3d/install/rvo2_ros2/share/rvo2_ros2/sdf/complex5.sdf\n'}
[32.119935] (rvo2_ros2) StdoutLine: {'line': b'-- Installing: /home/xizesse/ros2_ws/src/avoa3d/install/rvo2_ros2/share/rvo2_ros2/sdf/single_static1.sdf\n'}
[32.120404] (rvo2_ros2) StdoutLine: {'line': b'-- Installing: /home/xizesse/ros2_ws/src/avoa3d/install/rvo2_ros2/share/rvo2_ros2/sdf/complex1.sdf\n'}
[32.120752] (rvo2_ros2) StdoutLine: {'line': b'-- Installing: /home/xizesse/ros2_ws/src/avoa3d/install/rvo2_ros2/share/rvo2_ros2/sdf/viana0.sdf\n'}
[32.121283] (rvo2_ros2) StdoutLine: {'line': b'-- Installing: /home/xizesse/ros2_ws/src/avoa3d/install/rvo2_ros2/share/rvo2_ros2/sdf/complex8.sdf\n'}
[32.121557] (rvo2_ros2) StdoutLine: {'line': b'-- Installing: /home/xizesse/ros2_ws/src/avoa3d/install/rvo2_ros2/share/rvo2_ros2/sdf/single_dynamic1.sdf\n'}
[32.121759] (rvo2_ros2) StdoutLine: {'line': b'-- Installing: /home/xizesse/ros2_ws/src/avoa3d/install/rvo2_ros2/share/rvo2_ros2/sdf/complex9.sdf\n'}
[32.122117] (rvo2_ros2) StdoutLine: {'line': b'-- Installing: /home/xizesse/ros2_ws/src/avoa3d/install/rvo2_ros2/share/rvo2_ros2/sdf/complex0.sdf\n'}
[32.123005] (rvo2_ros2) StdoutLine: {'line': b'-- Installing: /home/xizesse/ros2_ws/src/avoa3d/install/rvo2_ros2/share/rvo2_ros2/sdf/complex3.sdf\n'}
[32.123156] (rvo2_ros2) StdoutLine: {'line': b'-- Installing: /home/xizesse/ros2_ws/src/avoa3d/install/rvo2_ros2/share/rvo2_ros2/sdf/single_dynamic0.sdf\n'}
[32.123223] (rvo2_ros2) StdoutLine: {'line': b'-- Installing: /home/xizesse/ros2_ws/src/avoa3d/install/rvo2_ros2/share/rvo2_ros2/sdf/complex4.sdf\n'}
[32.123284] (rvo2_ros2) StdoutLine: {'line': b'-- Installing: /home/xizesse/ros2_ws/src/avoa3d/install/rvo2_ros2/share/rvo2_ros2/sdf/single_dynamic2.sdf\n'}
[32.123398] (rvo2_ros2) StdoutLine: {'line': b'-- Installing: /home/xizesse/ros2_ws/src/avoa3d/install/rvo2_ros2/share/rvo2_ros2/sdf/complex2.sdf\n'}
[32.123773] (rvo2_ros2) StdoutLine: {'line': b'-- Installing: /home/xizesse/ros2_ws/src/avoa3d/install/rvo2_ros2/share/rvo2_ros2/sdf/complex10.sdf\n'}
[32.124512] (rvo2_ros2) StdoutLine: {'line': b'-- Installing: /home/xizesse/ros2_ws/src/avoa3d/install/rvo2_ros2/share/rvo2_ros2/sdf/single_dynamic3.sdf\n'}
[32.128037] (rvo2_ros2) StdoutLine: {'line': b'-- Installing: /home/xizesse/ros2_ws/src/avoa3d/install/rvo2_ros2/share/ament_index/resource_index/package_run_dependencies/rvo2_ros2\n'}
[32.128434] (-) TimerEvent: {}
[32.128705] (rvo2_ros2) StdoutLine: {'line': b'-- Installing: /home/xizesse/ros2_ws/src/avoa3d/install/rvo2_ros2/share/ament_index/resource_index/parent_prefix_path/rvo2_ros2\n'}
[32.128996] (rvo2_ros2) StdoutLine: {'line': b'-- Installing: /home/xizesse/ros2_ws/src/avoa3d/install/rvo2_ros2/share/rvo2_ros2/environment/ament_prefix_path.sh\n'}
[32.129814] (rvo2_ros2) StdoutLine: {'line': b'-- Installing: /home/xizesse/ros2_ws/src/avoa3d/install/rvo2_ros2/share/rvo2_ros2/environment/ament_prefix_path.dsv\n'}
[32.130394] (rvo2_ros2) StdoutLine: {'line': b'-- Installing: /home/xizesse/ros2_ws/src/avoa3d/install/rvo2_ros2/share/rvo2_ros2/environment/path.sh\n'}
[32.130777] (rvo2_ros2) StdoutLine: {'line': b'-- Installing: /home/xizesse/ros2_ws/src/avoa3d/install/rvo2_ros2/share/rvo2_ros2/environment/path.dsv\n'}
[32.131002] (rvo2_ros2) StdoutLine: {'line': b'-- Installing: /home/xizesse/ros2_ws/src/avoa3d/install/rvo2_ros2/share/rvo2_ros2/local_setup.bash\n'}
[32.131220] (rvo2_ros2) StdoutLine: {'line': b'-- Installing: /home/xizesse/ros2_ws/src/avoa3d/install/rvo2_ros2/share/rvo2_ros2/local_setup.sh\n'}
[32.131459] (rvo2_ros2) StdoutLine: {'line': b'-- Installing: /home/xizesse/ros2_ws/src/avoa3d/install/rvo2_ros2/share/rvo2_ros2/local_setup.zsh\n'}
[32.131627] (rvo2_ros2) StdoutLine: {'line': b'-- Installing: /home/xizesse/ros2_ws/src/avoa3d/install/rvo2_ros2/share/rvo2_ros2/local_setup.dsv\n'}
[32.131794] (rvo2_ros2) StdoutLine: {'line': b'-- Installing: /home/xizesse/ros2_ws/src/avoa3d/install/rvo2_ros2/share/rvo2_ros2/package.dsv\n'}
[32.132089] (rvo2_ros2) StdoutLine: {'line': b'-- Installing: /home/xizesse/ros2_ws/src/avoa3d/install/rvo2_ros2/share/ament_index/resource_index/packages/rvo2_ros2\n'}
[32.132361] (rvo2_ros2) StdoutLine: {'line': b'-- Installing: /home/xizesse/ros2_ws/src/avoa3d/install/rvo2_ros2/share/rvo2_ros2/cmake/export_rvo2_ros2__rosidl_generator_cExport.cmake\n'}
[32.132624] (rvo2_ros2) StdoutLine: {'line': b'-- Installing: /home/xizesse/ros2_ws/src/avoa3d/install/rvo2_ros2/share/rvo2_ros2/cmake/export_rvo2_ros2__rosidl_generator_cExport-noconfig.cmake\n'}
[32.132856] (rvo2_ros2) StdoutLine: {'line': b'-- Installing: /home/xizesse/ros2_ws/src/avoa3d/install/rvo2_ros2/share/rvo2_ros2/cmake/export_rvo2_ros2__rosidl_typesupport_fastrtps_cExport.cmake\n'}
[32.133167] (rvo2_ros2) StdoutLine: {'line': b'-- Installing: /home/xizesse/ros2_ws/src/avoa3d/install/rvo2_ros2/share/rvo2_ros2/cmake/export_rvo2_ros2__rosidl_typesupport_fastrtps_cExport-noconfig.cmake\n'}
[32.133427] (rvo2_ros2) StdoutLine: {'line': b'-- Installing: /home/xizesse/ros2_ws/src/avoa3d/install/rvo2_ros2/share/rvo2_ros2/cmake/export_rvo2_ros2__rosidl_generator_cppExport.cmake\n'}
[32.133709] (rvo2_ros2) StdoutLine: {'line': b'-- Installing: /home/xizesse/ros2_ws/src/avoa3d/install/rvo2_ros2/share/rvo2_ros2/cmake/export_rvo2_ros2__rosidl_typesupport_fastrtps_cppExport.cmake\n'}
[32.133975] (rvo2_ros2) StdoutLine: {'line': b'-- Installing: /home/xizesse/ros2_ws/src/avoa3d/install/rvo2_ros2/share/rvo2_ros2/cmake/export_rvo2_ros2__rosidl_typesupport_fastrtps_cppExport-noconfig.cmake\n'}
[32.134280] (rvo2_ros2) StdoutLine: {'line': b'-- Installing: /home/xizesse/ros2_ws/src/avoa3d/install/rvo2_ros2/share/rvo2_ros2/cmake/rvo2_ros2__rosidl_typesupport_introspection_cExport.cmake\n'}
[32.134472] (rvo2_ros2) StdoutLine: {'line': b'-- Installing: /home/xizesse/ros2_ws/src/avoa3d/install/rvo2_ros2/share/rvo2_ros2/cmake/rvo2_ros2__rosidl_typesupport_introspection_cExport-noconfig.cmake\n'}
[32.134689] (rvo2_ros2) StdoutLine: {'line': b'-- Installing: /home/xizesse/ros2_ws/src/avoa3d/install/rvo2_ros2/share/rvo2_ros2/cmake/rvo2_ros2__rosidl_typesupport_cExport.cmake\n'}
[32.135025] (rvo2_ros2) StdoutLine: {'line': b'-- Installing: /home/xizesse/ros2_ws/src/avoa3d/install/rvo2_ros2/share/rvo2_ros2/cmake/rvo2_ros2__rosidl_typesupport_cExport-noconfig.cmake\n'}
[32.135301] (rvo2_ros2) StdoutLine: {'line': b'-- Installing: /home/xizesse/ros2_ws/src/avoa3d/install/rvo2_ros2/share/rvo2_ros2/cmake/rvo2_ros2__rosidl_typesupport_introspection_cppExport.cmake\n'}
[32.135682] (rvo2_ros2) StdoutLine: {'line': b'-- Installing: /home/xizesse/ros2_ws/src/avoa3d/install/rvo2_ros2/share/rvo2_ros2/cmake/rvo2_ros2__rosidl_typesupport_introspection_cppExport-noconfig.cmake\n'}
[32.135994] (rvo2_ros2) StdoutLine: {'line': b'-- Installing: /home/xizesse/ros2_ws/src/avoa3d/install/rvo2_ros2/share/rvo2_ros2/cmake/rvo2_ros2__rosidl_typesupport_cppExport.cmake\n'}
[32.136278] (rvo2_ros2) StdoutLine: {'line': b'-- Installing: /home/xizesse/ros2_ws/src/avoa3d/install/rvo2_ros2/share/rvo2_ros2/cmake/rvo2_ros2__rosidl_typesupport_cppExport-noconfig.cmake\n'}
[32.136482] (rvo2_ros2) StdoutLine: {'line': b'-- Installing: /home/xizesse/ros2_ws/src/avoa3d/install/rvo2_ros2/share/rvo2_ros2/cmake/export_rvo2_ros2__rosidl_generator_pyExport.cmake\n'}
[32.136676] (rvo2_ros2) StdoutLine: {'line': b'-- Installing: /home/xizesse/ros2_ws/src/avoa3d/install/rvo2_ros2/share/rvo2_ros2/cmake/export_rvo2_ros2__rosidl_generator_pyExport-noconfig.cmake\n'}
[32.136894] (rvo2_ros2) StdoutLine: {'line': b'-- Installing: /home/xizesse/ros2_ws/src/avoa3d/install/rvo2_ros2/share/rvo2_ros2/cmake/rosidl_cmake-extras.cmake\n'}
[32.137232] (rvo2_ros2) StdoutLine: {'line': b'-- Installing: /home/xizesse/ros2_ws/src/avoa3d/install/rvo2_ros2/share/rvo2_ros2/cmake/ament_cmake_export_dependencies-extras.cmake\n'}
[32.137522] (rvo2_ros2) StdoutLine: {'line': b'-- Installing: /home/xizesse/ros2_ws/src/avoa3d/install/rvo2_ros2/share/rvo2_ros2/cmake/ament_cmake_export_include_directories-extras.cmake\n'}
[32.137735] (rvo2_ros2) StdoutLine: {'line': b'-- Installing: /home/xizesse/ros2_ws/src/avoa3d/install/rvo2_ros2/share/rvo2_ros2/cmake/ament_cmake_export_libraries-extras.cmake\n'}
[32.137980] (rvo2_ros2) StdoutLine: {'line': b'-- Installing: /home/xizesse/ros2_ws/src/avoa3d/install/rvo2_ros2/share/rvo2_ros2/cmake/ament_cmake_export_targets-extras.cmake\n'}
[32.138149] (rvo2_ros2) StdoutLine: {'line': b'-- Installing: /home/xizesse/ros2_ws/src/avoa3d/install/rvo2_ros2/share/rvo2_ros2/cmake/rosidl_cmake_export_typesupport_targets-extras.cmake\n'}
[32.138335] (rvo2_ros2) StdoutLine: {'line': b'-- Installing: /home/xizesse/ros2_ws/src/avoa3d/install/rvo2_ros2/share/rvo2_ros2/cmake/rosidl_cmake_export_typesupport_libraries-extras.cmake\n'}
[32.138515] (rvo2_ros2) StdoutLine: {'line': b'-- Installing: /home/xizesse/ros2_ws/src/avoa3d/install/rvo2_ros2/share/rvo2_ros2/cmake/rvo2_ros2Config.cmake\n'}
[32.138700] (rvo2_ros2) StdoutLine: {'line': b'-- Installing: /home/xizesse/ros2_ws/src/avoa3d/install/rvo2_ros2/share/rvo2_ros2/cmake/rvo2_ros2Config-version.cmake\n'}
[32.138985] (rvo2_ros2) StdoutLine: {'line': b'-- Installing: /home/xizesse/ros2_ws/src/avoa3d/install/rvo2_ros2/share/rvo2_ros2/package.xml\n'}
[32.145503] (rvo2_ros2) CommandEnded: {'returncode': 0}
[32.202274] (rvo2_ros2) JobEnded: {'identifier': 'rvo2_ros2', 'rc': 0}
[32.228940] (-) TimerEvent: {}
[32.330099] (-) TimerEvent: {}
[32.431305] (-) TimerEvent: {}
[32.532448] (-) TimerEvent: {}
[32.633422] (-) TimerEvent: {}
[32.635526] (avoa3d) StdoutLine: {'line': b'[ 96%] \x1b[32m\x1b[1mLinking CXX executable test_w_goal\x1b[0m\n'}
[32.733854] (-) TimerEvent: {}
[32.834786] (-) TimerEvent: {}
[32.935930] (-) TimerEvent: {}
[33.036744] (-) TimerEvent: {}
[33.137494] (-) TimerEvent: {}
[33.238190] (-) TimerEvent: {}
[33.338747] (-) TimerEvent: {}
[33.439698] (-) TimerEvent: {}
[33.469366] (avoa3d) StdoutLine: {'line': b'[ 96%] Built target test_w_goal\n'}
[33.539929] (-) TimerEvent: {}
[33.624947] (avoa3d) StdoutLine: {'line': b'[ 98%] \x1b[32m\x1b[1mLinking CXX executable avoa3dnode\x1b[0m\n'}
[33.640059] (-) TimerEvent: {}
[33.740772] (-) TimerEvent: {}
[33.841825] (-) TimerEvent: {}
[33.942221] (-) TimerEvent: {}
[34.042867] (-) TimerEvent: {}
[34.143277] (-) TimerEvent: {}
[34.243827] (-) TimerEvent: {}
[34.344177] (-) TimerEvent: {}
[34.348504] (avoa3d) StdoutLine: {'line': b'[ 98%] Built target avoa3dnode\n'}
[34.444261] (-) TimerEvent: {}
[34.544655] (-) TimerEvent: {}
[34.645283] (-) TimerEvent: {}
[34.745526] (-) TimerEvent: {}
[34.845806] (-) TimerEvent: {}
[34.946053] (-) TimerEvent: {}
[35.046675] (-) TimerEvent: {}
[35.147013] (-) TimerEvent: {}
[35.247314] (-) TimerEvent: {}
[35.347993] (-) TimerEvent: {}
[35.448369] (-) TimerEvent: {}
[35.548757] (-) TimerEvent: {}
[35.649355] (-) TimerEvent: {}
[35.750205] (-) TimerEvent: {}
[35.851306] (-) TimerEvent: {}
[35.951969] (-) TimerEvent: {}
[36.052373] (-) TimerEvent: {}
[36.152770] (-) TimerEvent: {}
[36.253028] (-) TimerEvent: {}
[36.353576] (-) TimerEvent: {}
[36.454403] (-) TimerEvent: {}
[36.555229] (-) TimerEvent: {}
[36.655987] (-) TimerEvent: {}
[36.756644] (-) TimerEvent: {}
[36.857571] (-) TimerEvent: {}
[36.958334] (-) TimerEvent: {}
[36.974196] (avoa3d) StdoutLine: {'line': b'[100%] \x1b[32m\x1b[1mLinking CXX executable rviz_marker\x1b[0m\n'}
[37.058665] (-) TimerEvent: {}
[37.159237] (-) TimerEvent: {}
[37.259705] (-) TimerEvent: {}
[37.360378] (-) TimerEvent: {}
[37.460991] (-) TimerEvent: {}
[37.562138] (-) TimerEvent: {}
[37.662562] (-) TimerEvent: {}
[37.763229] (-) TimerEvent: {}
[37.864183] (-) TimerEvent: {}
[37.868603] (avoa3d) StdoutLine: {'line': b'[100%] Built target rviz_marker\n'}
[37.894855] (avoa3d) CommandEnded: {'returncode': 0}
[37.909915] (avoa3d) JobProgress: {'identifier': 'avoa3d', 'progress': 'install'}
[37.910655] (avoa3d) Command: {'cmd': ['/usr/bin/cmake', '--install', '/home/xizesse/ros2_ws/src/avoa3d/build/avoa3d'], 'cwd': '/home/xizesse/ros2_ws/src/avoa3d/build/avoa3d', 'env': OrderedDict({'GZ_SIM_SYSTEM_PLUGIN_PATH': '/home/xizesse/vrx_ws/install/lib', 'GJS_DEBUG_TOPICS': 'JS ERROR;JS LOG', 'PYTHON_BASIC_REPL': '1', 'LESSOPEN': '| /usr/bin/lesspipe %s', 'GZ_SIM_RESOURCE_PATH': '/home/xizesse/ros2_ws/install/lily_gz/share/lily_gz/models:/home/xizesse/vrx_ws/install/share/vrx_gz/models/tmp:/home/xizesse/vrx_ws/install/share/vrx_gz/models:/home/xizesse/vrx_ws/install/share/vrx_gz/worlds/2023_phase2:/home/xizesse/vrx_ws/install/share/vrx_gz/worlds/2023_practice:/home/xizesse/vrx_ws/install/share/vrx_gz/worlds:/home/xizesse/vrx_ws/install/share/wamv_description/models:/home/xizesse/vrx_ws/install/share/vrx_gazebo/models:/home/xizesse/vrx_ws/install/share/:/opt/ros/jazzy/share', 'USER': 'xizesse', 'GZ_CONFIG_PATH': '/opt/ros/jazzy/opt/gz_sim_vendor/share/gz:/opt/ros/jazzy/opt/sdformat_vendor/share/gz:/opt/ros/jazzy/opt/gz_gui_vendor/share/gz:/opt/ros/jazzy/opt/gz_transport_vendor/share/gz:/opt/ros/jazzy/opt/gz_rendering_vendor/share/gz:/opt/ros/jazzy/opt/gz_plugin_vendor/share/gz:/opt/ros/jazzy/opt/gz_fuel_tools_vendor/share/gz:/opt/ros/jazzy/opt/gz_msgs_vendor/share/gz:/opt/ros/jazzy/opt/gz_common_vendor/share/gz', 'XDG_SESSION_TYPE': 'x11', 'GIT_ASKPASS': '/usr/share/antigravity/resources/app/extensions/git/dist/askpass.sh', 'CLUTTER_DISABLE_MIPMAPPED_TEXT': '1', 'SHLVL': '1', 'LD_LIBRARY_PATH': '/home/xizesse/ros2_ws/install/vesc_msgs/lib:/home/xizesse/ros2_ws/install/rvo2_ros2/lib:/home/xizesse/ros2_ws/install/avoa3d/lib:/home/xizesse/ros2_ws/install/obstacle_detector/lib:/home/xizesse/ros2_ws/install/io_context/lib:/home/xizesse/vrx_ws/install/lib:/opt/ros/jazzy/opt/gz_sim_vendor/lib:/opt/ros/jazzy/opt/gz_sensors_vendor/lib:/opt/ros/jazzy/opt/gz_physics_vendor/lib:/opt/ros/jazzy/opt/sdformat_vendor/lib:/opt/ros/jazzy/opt/rviz_ogre_vendor/lib:/opt/ros/jazzy/lib/x86_64-linux-gnu:/opt/ros/jazzy/opt/gz_gui_vendor/lib:/opt/ros/jazzy/opt/gz_transport_vendor/lib:/opt/ros/jazzy/opt/gz_rendering_vendor/lib:/opt/ros/jazzy/opt/gz_plugin_vendor/lib:/opt/ros/jazzy/opt/gz_fuel_tools_vendor/lib:/opt/ros/jazzy/opt/gz_msgs_vendor/lib:/opt/ros/jazzy/opt/gz_common_vendor/lib:/opt/ros/jazzy/opt/gz_math_vendor/lib:/opt/ros/jazzy/opt/gz_utils_vendor/lib:/opt/ros/jazzy/opt/gz_tools_vendor/lib:/opt/ros/jazzy/opt/gz_ogre_next_vendor/lib:/opt/ros/jazzy/opt/gz_dartsim_vendor/lib:/opt/ros/jazzy/opt/gz_cmake_vendor/lib:/opt/ros/jazzy/lib', 'ANTIGRAVITY_CLI_ALIAS': 'agy', 'HOME': '/home/xizesse', 'CHROME_DESKTOP': 'antigravity.desktop', 'OLDPWD': '/home/xizesse/ros2_ws/src/avoa3d/scripts', 'TERM_PROGRAM_VERSION': '1.107.0', 'DESKTOP_SESSION': 'ubuntu', 'GIO_LAUNCHED_DESKTOP_FILE': '/usr/share/applications/antigravity.desktop', 'ROS_PYTHON_VERSION': '3', 'GNOME_SHELL_SESSION_MODE': 'ubuntu', 'GTK_MODULES': 'gail:atk-bridge', 'PAGER': 'cat', 'VSCODE_GIT_ASKPASS_MAIN': '/usr/share/antigravity/resources/app/extensions/git/dist/askpass-main.js', 'VSCODE_GIT_ASKPASS_NODE': '/usr/share/antigravity/antigravity', 'MANAGERPID': '3010', 'PYDEVD_DISABLE_FILE_VALIDATION': '1', 'SYSTEMD_EXEC_PID': '3454', 'BUNDLED_DEBUGPY_PATH': '/home/xizesse/.antigravity/extensions/ms-python.debugpy-2025.18.0-linux-x64/bundled/libs/debugpy', 'VSCODE_PYTHON_AUTOACTIVATE_GUARD': '1', 'GSM_SKIP_SSH_AGENT_WORKAROUND': 'true', 'DBUS_SESSION_BUS_ADDRESS': 'unix:path=/run/user/1000/bus', 'COLORTERM': 'truecolor', 'ANTIGRAVITY_AGENT': '1', 'GIO_LAUNCHED_DESKTOP_FILE_PID': '4549', 'DEBUGINFOD_URLS': 'https://debuginfod.ubuntu.com', 'COLCON_PREFIX_PATH': '/home/xizesse/vrx_ws/install:/home/xizesse/ros2_ws/install', 'ROS_DISTRO': 'jazzy', 'LOGNAME': 'xizesse', 'JOURNAL_STREAM': '9:30996', '_': '/usr/bin/colcon', 'ROS_VERSION': '2', 'MEMORY_PRESSURE_WATCH': '/sys/fs/cgroup/user.slice/user-1000.slice/user@1000.service/session.slice/org.gnome.Shell@x11.service/memory.pressure', 'XDG_SESSION_CLASS': 'user', 'USERNAME': 'xizesse', 'TERM': 'xterm-256color', 'GNOME_DESKTOP_SESSION_ID': 'this-is-deprecated', 'FC_FONTATIONS': '1', 'WINDOWPATH': '2', 'PATH': '/opt/ros/jazzy/opt/gz_msgs_vendor/bin:/opt/ros/jazzy/opt/gz_tools_vendor/bin:/opt/ros/jazzy/opt/gz_ogre_next_vendor/bin:/opt/ros/jazzy/bin:/usr/local/sbin:/usr/local/bin:/usr/sbin:/usr/bin:/sbin:/bin:/usr/games:/usr/local/games:/snap/bin:/snap/bin:/home/xizesse/.antigravity/extensions/ms-python.debugpy-2025.18.0-linux-x64/bundled/scripts/noConfigScripts', 'SESSION_MANAGER': 'local/xizesse-ASUS-TUF-F15:@/tmp/.ICE-unix/3410,unix/xizesse-ASUS-TUF-F15:/tmp/.ICE-unix/3410', 'INVOCATION_ID': '30bd506c23524f78859216809f6cb439', 'XDG_MENU_PREFIX': 'gnome-', 'XDG_RUNTIME_DIR': '/run/user/1000', 'GDK_BACKEND': 'x11', 'DISPLAY': ':1', 'VSCODE_DEBUGPY_ADAPTER_ENDPOINTS': '/home/xizesse/.antigravity/extensions/ms-python.debugpy-2025.18.0-linux-x64/.noConfigDebugAdapterEndpoints/endpoint-7dcae9b31626a138.txt', 'LANG': 'en_US.UTF-8', 'XDG_CURRENT_DESKTOP': 'ubuntu:GNOME', 'PYTHONSTARTUP': '/home/xizesse/.config/Antigravity/User/workspaceStorage/4f14c94f2b5cbce87ebf14fd4d607f5d/ms-python.python/pythonrc.py', 'XMODIFIERS': '@im=ibus', 'XDG_SESSION_DESKTOP': 'ubuntu', 'XAUTHORITY': '/run/user/1000/gdm/Xauthority', 'LS_COLORS': 'rs=0:di=01;34:ln=01;36:mh=00:pi=40;33:so=01;35:do=01;35:bd=40;33;01:cd=40;33;01:or=40;31;01:mi=00:su=37;41:sg=30;43:ca=00:tw=30;42:ow=34;42:st=37;44:ex=01;32:*.tar=01;31:*.tgz=01;31:*.arc=01;31:*.arj=01;31:*.taz=01;31:*.lha=01;31:*.lz4=01;31:*.lzh=01;31:*.lzma=01;31:*.tlz=01;31:*.txz=01;31:*.tzo=01;31:*.t7z=01;31:*.zip=01;31:*.z=01;31:*.dz=01;31:*.gz=01;31:*.lrz=01;31:*.lz=01;31:*.lzo=01;31:*.xz=01;31:*.zst=01;31:*.tzst=01;31:*.bz2=01;31:*.bz=01;31:*.tbz=01;31:*.tbz2=01;31:*.tz=01;31:*.deb=01;31:*.rpm=01;31:*.jar=01;31:*.war=01;31:*.ear=01;31:*.sar=01;31:*.rar=01;31:*.alz=01;31:*.ace=01;31:*.zoo=01;31:*.cpio=01;31:*.7z=01;31:*.rz=01;31:*.cab=01;31:*.wim=01;31:*.swm=01;31:*.dwm=01;31:*.esd=01;31:*.avif=01;35:*.jpg=01;35:*.jpeg=01;35:*.mjpg=01;35:*.mjpeg=01;35:*.gif=01;35:*.bmp=01;35:*.pbm=01;35:*.pgm=01;35:*.ppm=01;35:*.tga=01;35:*.xbm=01;35:*.xpm=01;35:*.tif=01;35:*.tiff=01;35:*.png=01;35:*.svg=01;35:*.svgz=01;35:*.mng=01;35:*.pcx=01;35:*.mov=01;35:*.mpg=01;35:*.mpeg=01;35:*.m2v=01;35:*.mkv=01;35:*.webm=01;35:*.webp=01;35:*.ogm=01;35:*.mp4=01;35:*.m4v=01;35:*.mp4v=01;35:*.vob=01;35:*.qt=01;35:*.nuv=01;35:*.wmv=01;35:*.asf=01;35:*.rm=01;35:*.rmvb=01;35:*.flc=01;35:*.avi=01;35:*.fli=01;35:*.flv=01;35:*.gl=01;35:*.dl=01;35:*.xcf=01;35:*.xwd=01;35:*.yuv=01;35:*.cgm=01;35:*.emf=01;35:*.ogv=01;35:*.ogx=01;35:*.aac=00;36:*.au=00;36:*.flac=00;36:*.m4a=00;36:*.mid=00;36:*.midi=00;36:*.mka=00;36:*.mp3=00;36:*.mpc=00;36:*.ogg=00;36:*.ra=00;36:*.wav=00;36:*.oga=00;36:*.opus=00;36:*.spx=00;36:*.xspf=00;36:*~=00;90:*#=00;90:*.bak=00;90:*.crdownload=00;90:*.dpkg-dist=00;90:*.dpkg-new=00;90:*.dpkg-old=00;90:*.dpkg-tmp=00;90:*.old=00;90:*.orig=00;90:*.part=00;90:*.rej=00;90:*.rpmnew=00;90:*.rpmorig=00;90:*.rpmsave=00;90:*.swp=00;90:*.tmp=00;90:*.ucf-dist=00;90:*.ucf-new=00;90:*.ucf-old=00;90:', 'SBX_CHROME_API_RQ': '1', 'VSCODE_GIT_IPC_HANDLE': '/run/user/1000/vscode-git-3273f0ee0d.sock', 'TERM_PROGRAM': 'vscode', 'SSH_AUTH_SOCK': '/run/user/1000/keyring/ssh', 'AMENT_PREFIX_PATH': '/home/xizesse/ros2_ws/install/vesc_msgs:/home/xizesse/ros2_ws/install/rvo2_ros2:/home/xizesse/ros2_ws/install/avoa3d:/home/xizesse/ros2_ws/install/obstacle_detector:/home/xizesse/ros2_ws/install/lily_visualization:/home/xizesse/ros2_ws/install/lily_teleop:/home/xizesse/ros2_ws/install/lily_nav:/home/xizesse/ros2_ws/install/lily_gz:/home/xizesse/ros2_ws/install/lily_bringup:/home/xizesse/ros2_ws/install/io_context:/home/xizesse/ros2_ws/install/asio_cmake_module:/home/xizesse/vrx_ws/install:/opt/ros/jazzy', 'SHELL': '/bin/bash', 'QT_ACCESSIBILITY': '1', 'GDMSESSION': 'ubuntu', 'LESSCLOSE': '/usr/bin/lesspipe %s %s', 'GPG_AGENT_INFO': '/run/user/1000/gnupg/S.gpg-agent:0:1', 'GJS_DEBUG_OUTPUT': 'stderr', 'ROS_AUTOMATIC_DISCOVERY_RANGE': 'SUBNET', 'VSCODE_GIT_ASKPASS_EXTRA_ARGS': '', 'QT_IM_MODULE': 'ibus', 'PWD': '/home/xizesse/ros2_ws/src/avoa3d/build/avoa3d', 'LC_ALL': 'en_US.UTF-8', 'XDG_CONFIG_DIRS': '/etc/xdg/xdg-ubuntu:/etc/xdg', 'XDG_DATA_DIRS': '/usr/share/ubuntu:/usr/share/gnome:/home/xizesse/.local/share/flatpak/exports/share:/var/lib/flatpak/exports/share:/usr/local/share/:/usr/share/:/var/lib/snapd/desktop', 'PYTHONPATH': '/home/xizesse/ros2_ws/install/vesc_msgs/lib/python3.12/site-packages:/home/xizesse/ros2_ws/install/rvo2_ros2/lib/python3.12/site-packages:/home/xizesse/ros2_ws/install/avoa3d/lib/python3.12/site-packages:/home/xizesse/ros2_ws/install/obstacle_detector/lib/python3.12/site-packages:/home/xizesse/vrx_ws/install/lib/python3.12/site-packages:/opt/ros/jazzy/lib/python3.12/site-packages', 'COLCON': '1', 'MEMORY_PRESSURE_WRITE': 'c29tZSAyMDAwMDAgMjAwMDAwMAA=', 'CMAKE_PREFIX_PATH': '/home/xizesse/ros2_ws/install/vesc_msgs:/home/xizesse/ros2_ws/install/rvo2_ros2:/home/xizesse/ros2_ws/install/avoa3d:/home/xizesse/ros2_ws/install/obstacle_detector:/home/xizesse/ros2_ws/install/lily_visualization:/home/xizesse/ros2_ws/install/lily_teleop:/home/xizesse/ros2_ws/install/lily_nav:/home/xizesse/ros2_ws/install/lily_gz:/home/xizesse/ros2_ws/install/lily_bringup:/home/xizesse/ros2_ws/install/io_context:/home/xizesse/ros2_ws/install/asio_cmake_module:/home/xizesse/vrx_ws/install:/opt/ros/jazzy/opt/gz_sim_vendor:/opt/ros/jazzy/opt/gz_sensors_vendor:/opt/ros/jazzy/opt/gz_physics_vendor:/opt/ros/jazzy/opt/sdformat_vendor:/opt/ros/jazzy/opt/gz_gui_vendor:/opt/ros/jazzy/opt/gz_transport_vendor:/opt/ros/jazzy/opt/gz_rendering_vendor:/opt/ros/jazzy/opt/gz_plugin_vendor:/opt/ros/jazzy/opt/gz_fuel_tools_vendor:/opt/ros/jazzy/opt/gz_msgs_vendor:/opt/ros/jazzy/opt/gz_common_vendor:/opt/ros/jazzy/opt/gz_math_vendor:/opt/ros/jazzy/opt/gz_utils_vendor:/opt/ros/jazzy/opt/gz_tools_vendor:/opt/ros/jazzy/opt/gz_ogre_next_vendor:/opt/ros/jazzy/opt/gz_dartsim_vendor:/opt/ros/jazzy/opt/gz_cmake_vendor:/opt/ros/jazzy'}), 'shell': False}
[37.928433] (avoa3d) StdoutLine: {'line': b'-- Install configuration: ""\n'}
[37.929168] (avoa3d) StdoutLine: {'line': b'-- Installing: /home/xizesse/ros2_ws/src/avoa3d/install/avoa3d/share/ament_index/resource_index/rosidl_interfaces/avoa3d\n'}
[37.929304] (avoa3d) StdoutLine: {'line': b'-- Installing: /home/xizesse/ros2_ws/src/avoa3d/install/avoa3d/share/avoa3d/msg/ElementCharacteristicsStamped.json\n'}
[37.929405] (avoa3d) StdoutLine: {'line': b'-- Installing: /home/xizesse/ros2_ws/src/avoa3d/install/avoa3d/share/avoa3d/msg/ElementCharacteristicsArray.json\n'}
[37.929507] (avoa3d) StdoutLine: {'line': b'-- Installing: /home/xizesse/ros2_ws/src/avoa3d/install/avoa3d/include/avoa3d/avoa3d\n'}
[37.929618] (avoa3d) StdoutLine: {'line': b'-- Installing: /home/xizesse/ros2_ws/src/avoa3d/install/avoa3d/include/avoa3d/avoa3d/msg\n'}
[37.929686] (avoa3d) StdoutLine: {'line': b'-- Installing: /home/xizesse/ros2_ws/src/avoa3d/install/avoa3d/include/avoa3d/avoa3d/msg/rosidl_generator_c__visibility_control.h\n'}
[37.929774] (avoa3d) StdoutLine: {'line': b'-- Installing: /home/xizesse/ros2_ws/src/avoa3d/install/avoa3d/include/avoa3d/avoa3d/msg/detail\n'}
[37.929848] (avoa3d) StdoutLine: {'line': b'-- Installing: /home/xizesse/ros2_ws/src/avoa3d/install/avoa3d/include/avoa3d/avoa3d/msg/detail/element_characteristics_stamped__type_support.c\n'}
[37.929980] (avoa3d) StdoutLine: {'line': b'-- Installing: /home/xizesse/ros2_ws/src/avoa3d/install/avoa3d/include/avoa3d/avoa3d/msg/detail/element_characteristics_array__type_support.c\n'}
[37.930091] (avoa3d) StdoutLine: {'line': b'-- Installing: /home/xizesse/ros2_ws/src/avoa3d/install/avoa3d/include/avoa3d/avoa3d/msg/detail/element_characteristics_stamped__struct.h\n'}
[37.930181] (avoa3d) StdoutLine: {'line': b'-- Installing: /home/xizesse/ros2_ws/src/avoa3d/install/avoa3d/include/avoa3d/avoa3d/msg/detail/element_characteristics_stamped__functions.c\n'}
[37.930274] (avoa3d) StdoutLine: {'line': b'-- Installing: /home/xizesse/ros2_ws/src/avoa3d/install/avoa3d/include/avoa3d/avoa3d/msg/detail/element_characteristics_array__description.c\n'}
[37.930368] (avoa3d) StdoutLine: {'line': b'-- Installing: /home/xizesse/ros2_ws/src/avoa3d/install/avoa3d/include/avoa3d/avoa3d/msg/detail/element_characteristics_array__functions.c\n'}
[37.930444] (avoa3d) StdoutLine: {'line': b'-- Installing: /home/xizesse/ros2_ws/src/avoa3d/install/avoa3d/include/avoa3d/avoa3d/msg/detail/element_characteristics_stamped__functions.h\n'}
[37.930513] (avoa3d) StdoutLine: {'line': b'-- Installing: /home/xizesse/ros2_ws/src/avoa3d/install/avoa3d/include/avoa3d/avoa3d/msg/detail/element_characteristics_stamped__type_support.h\n'}
[37.930601] (avoa3d) StdoutLine: {'line': b'-- Installing: /home/xizesse/ros2_ws/src/avoa3d/install/avoa3d/include/avoa3d/avoa3d/msg/detail/element_characteristics_stamped__description.c\n'}
[37.930695] (avoa3d) StdoutLine: {'line': b'-- Installing: /home/xizesse/ros2_ws/src/avoa3d/install/avoa3d/include/avoa3d/avoa3d/msg/detail/element_characteristics_array__functions.h\n'}
[37.930795] (avoa3d) StdoutLine: {'line': b'-- Installing: /home/xizesse/ros2_ws/src/avoa3d/install/avoa3d/include/avoa3d/avoa3d/msg/detail/element_characteristics_array__struct.h\n'}
[37.930889] (avoa3d) StdoutLine: {'line': b'-- Installing: /home/xizesse/ros2_ws/src/avoa3d/install/avoa3d/include/avoa3d/avoa3d/msg/detail/element_characteristics_array__type_support.h\n'}
[37.931020] (avoa3d) StdoutLine: {'line': b'-- Installing: /home/xizesse/ros2_ws/src/avoa3d/install/avoa3d/include/avoa3d/avoa3d/msg/element_characteristics_array.h\n'}
[37.931139] (avoa3d) StdoutLine: {'line': b'-- Installing: /home/xizesse/ros2_ws/src/avoa3d/install/avoa3d/include/avoa3d/avoa3d/msg/element_characteristics_stamped.h\n'}
[37.931409] (avoa3d) StdoutLine: {'line': b'-- Installing: /home/xizesse/ros2_ws/src/avoa3d/install/avoa3d/share/avoa3d/environment/library_path.sh\n'}
[37.931469] (avoa3d) StdoutLine: {'line': b'-- Installing: /home/xizesse/ros2_ws/src/avoa3d/install/avoa3d/share/avoa3d/environment/library_path.dsv\n'}
[37.931595] (avoa3d) StdoutLine: {'line': b'-- Installing: /home/xizesse/ros2_ws/src/avoa3d/install/avoa3d/lib/libavoa3d__rosidl_generator_c.so\n'}
[37.931904] (avoa3d) StdoutLine: {'line': b'-- Set non-toolchain portion of runtime path of "/home/xizesse/ros2_ws/src/avoa3d/install/avoa3d/lib/libavoa3d__rosidl_generator_c.so" to ""\n'}
[37.932000] (avoa3d) StdoutLine: {'line': b'-- Up-to-date: /home/xizesse/ros2_ws/src/avoa3d/install/avoa3d/include/avoa3d/avoa3d\n'}
[37.932061] (avoa3d) StdoutLine: {'line': b'-- Up-to-date: /home/xizesse/ros2_ws/src/avoa3d/install/avoa3d/include/avoa3d/avoa3d/msg\n'}
[37.932099] (avoa3d) StdoutLine: {'line': b'-- Up-to-date: /home/xizesse/ros2_ws/src/avoa3d/install/avoa3d/include/avoa3d/avoa3d/msg/detail\n'}
[37.932165] (avoa3d) StdoutLine: {'line': b'-- Installing: /home/xizesse/ros2_ws/src/avoa3d/install/avoa3d/include/avoa3d/avoa3d/msg/detail/element_characteristics_array__rosidl_typesupport_fastrtps_c.h\n'}
[37.932218] (avoa3d) StdoutLine: {'line': b'-- Installing: /home/xizesse/ros2_ws/src/avoa3d/install/avoa3d/include/avoa3d/avoa3d/msg/detail/element_characteristics_stamped__rosidl_typesupport_fastrtps_c.h\n'}
[37.932271] (avoa3d) StdoutLine: {'line': b'-- Installing: /home/xizesse/ros2_ws/src/avoa3d/install/avoa3d/include/avoa3d/avoa3d/msg/rosidl_typesupport_fastrtps_c__visibility_control.h\n'}
[37.932404] (avoa3d) StdoutLine: {'line': b'-- Installing: /home/xizesse/ros2_ws/src/avoa3d/install/avoa3d/lib/libavoa3d__rosidl_typesupport_fastrtps_c.so\n'}
[37.932699] (avoa3d) StdoutLine: {'line': b'-- Set non-toolchain portion of runtime path of "/home/xizesse/ros2_ws/src/avoa3d/install/avoa3d/lib/libavoa3d__rosidl_typesupport_fastrtps_c.so" to ""\n'}
[37.932822] (avoa3d) StdoutLine: {'line': b'-- Up-to-date: /home/xizesse/ros2_ws/src/avoa3d/install/avoa3d/include/avoa3d/avoa3d\n'}
[37.932886] (avoa3d) StdoutLine: {'line': b'-- Up-to-date: /home/xizesse/ros2_ws/src/avoa3d/install/avoa3d/include/avoa3d/avoa3d/msg\n'}
[37.932923] (avoa3d) StdoutLine: {'line': b'-- Installing: /home/xizesse/ros2_ws/src/avoa3d/install/avoa3d/include/avoa3d/avoa3d/msg/element_characteristics_array.hpp\n'}
[37.932960] (avoa3d) StdoutLine: {'line': b'-- Up-to-date: /home/xizesse/ros2_ws/src/avoa3d/install/avoa3d/include/avoa3d/avoa3d/msg/detail\n'}
[37.933006] (avoa3d) StdoutLine: {'line': b'-- Installing: /home/xizesse/ros2_ws/src/avoa3d/install/avoa3d/include/avoa3d/avoa3d/msg/detail/element_characteristics_stamped__struct.hpp\n'}
[37.933043] (avoa3d) StdoutLine: {'line': b'-- Installing: /home/xizesse/ros2_ws/src/avoa3d/install/avoa3d/include/avoa3d/avoa3d/msg/detail/element_characteristics_stamped__type_support.hpp\n'}
[37.933079] (avoa3d) StdoutLine: {'line': b'-- Installing: /home/xizesse/ros2_ws/src/avoa3d/install/avoa3d/include/avoa3d/avoa3d/msg/detail/element_characteristics_stamped__traits.hpp\n'}
[37.933137] (avoa3d) StdoutLine: {'line': b'-- Installing: /home/xizesse/ros2_ws/src/avoa3d/install/avoa3d/include/avoa3d/avoa3d/msg/detail/element_characteristics_array__traits.hpp\n'}
[37.933176] (avoa3d) StdoutLine: {'line': b'-- Installing: /home/xizesse/ros2_ws/src/avoa3d/install/avoa3d/include/avoa3d/avoa3d/msg/detail/element_characteristics_array__builder.hpp\n'}
[37.933213] (avoa3d) StdoutLine: {'line': b'-- Installing: /home/xizesse/ros2_ws/src/avoa3d/install/avoa3d/include/avoa3d/avoa3d/msg/detail/element_characteristics_stamped__builder.hpp\n'}
[37.933260] (avoa3d) StdoutLine: {'line': b'-- Installing: /home/xizesse/ros2_ws/src/avoa3d/install/avoa3d/include/avoa3d/avoa3d/msg/detail/element_characteristics_array__struct.hpp\n'}
[37.933303] (avoa3d) StdoutLine: {'line': b'-- Installing: /home/xizesse/ros2_ws/src/avoa3d/install/avoa3d/include/avoa3d/avoa3d/msg/detail/element_characteristics_array__type_support.hpp\n'}
[37.933339] (avoa3d) StdoutLine: {'line': b'-- Installing: /home/xizesse/ros2_ws/src/avoa3d/install/avoa3d/include/avoa3d/avoa3d/msg/rosidl_generator_cpp__visibility_control.hpp\n'}
[37.933375] (avoa3d) StdoutLine: {'line': b'-- Installing: /home/xizesse/ros2_ws/src/avoa3d/install/avoa3d/include/avoa3d/avoa3d/msg/element_characteristics_stamped.hpp\n'}
[37.933425] (avoa3d) StdoutLine: {'line': b'-- Up-to-date: /home/xizesse/ros2_ws/src/avoa3d/install/avoa3d/include/avoa3d/avoa3d\n'}
[37.933460] (avoa3d) StdoutLine: {'line': b'-- Up-to-date: /home/xizesse/ros2_ws/src/avoa3d/install/avoa3d/include/avoa3d/avoa3d/msg\n'}
[37.933494] (avoa3d) StdoutLine: {'line': b'-- Up-to-date: /home/xizesse/ros2_ws/src/avoa3d/install/avoa3d/include/avoa3d/avoa3d/msg/detail\n'}
[37.933531] (avoa3d) StdoutLine: {'line': b'-- Installing: /home/xizesse/ros2_ws/src/avoa3d/install/avoa3d/include/avoa3d/avoa3d/msg/detail/element_characteristics_array__rosidl_typesupport_fastrtps_cpp.hpp\n'}
[37.933574] (avoa3d) StdoutLine: {'line': b'-- Installing: /home/xizesse/ros2_ws/src/avoa3d/install/avoa3d/include/avoa3d/avoa3d/msg/detail/element_characteristics_stamped__rosidl_typesupport_fastrtps_cpp.hpp\n'}
[37.933619] (avoa3d) StdoutLine: {'line': b'-- Installing: /home/xizesse/ros2_ws/src/avoa3d/install/avoa3d/include/avoa3d/avoa3d/msg/detail/dds_fastrtps\n'}
[37.933668] (avoa3d) StdoutLine: {'line': b'-- Installing: /home/xizesse/ros2_ws/src/avoa3d/install/avoa3d/include/avoa3d/avoa3d/msg/rosidl_typesupport_fastrtps_cpp__visibility_control.h\n'}
[37.933869] (avoa3d) StdoutLine: {'line': b'-- Installing: /home/xizesse/ros2_ws/src/avoa3d/install/avoa3d/lib/libavoa3d__rosidl_typesupport_fastrtps_cpp.so\n'}
[37.934691] (avoa3d) StdoutLine: {'line': b'-- Set non-toolchain portion of runtime path of "/home/xizesse/ros2_ws/src/avoa3d/install/avoa3d/lib/libavoa3d__rosidl_typesupport_fastrtps_cpp.so" to ""\n'}
[37.934783] (avoa3d) StdoutLine: {'line': b'-- Up-to-date: /home/xizesse/ros2_ws/src/avoa3d/install/avoa3d/include/avoa3d/avoa3d\n'}
[37.934844] (avoa3d) StdoutLine: {'line': b'-- Up-to-date: /home/xizesse/ros2_ws/src/avoa3d/install/avoa3d/include/avoa3d/avoa3d/msg\n'}
[37.934898] (avoa3d) StdoutLine: {'line': b'-- Installing: /home/xizesse/ros2_ws/src/avoa3d/install/avoa3d/include/avoa3d/avoa3d/msg/rosidl_typesupport_introspection_c__visibility_control.h\n'}
[37.934959] (avoa3d) StdoutLine: {'line': b'-- Up-to-date: /home/xizesse/ros2_ws/src/avoa3d/install/avoa3d/include/avoa3d/avoa3d/msg/detail\n'}
[37.935000] (avoa3d) StdoutLine: {'line': b'-- Installing: /home/xizesse/ros2_ws/src/avoa3d/install/avoa3d/include/avoa3d/avoa3d/msg/detail/element_characteristics_stamped__type_support.c\n'}
[37.935207] (avoa3d) StdoutLine: {'line': b'-- Installing: /home/xizesse/ros2_ws/src/avoa3d/install/avoa3d/include/avoa3d/avoa3d/msg/detail/element_characteristics_array__type_support.c\n'}
[37.935332] (avoa3d) StdoutLine: {'line': b'-- Installing: /home/xizesse/ros2_ws/src/avoa3d/install/avoa3d/include/avoa3d/avoa3d/msg/detail/element_characteristics_stamped__rosidl_typesupport_introspection_c.h\n'}
[37.935426] (avoa3d) StdoutLine: {'line': b'-- Installing: /home/xizesse/ros2_ws/src/avoa3d/install/avoa3d/include/avoa3d/avoa3d/msg/detail/element_characteristics_array__rosidl_typesupport_introspection_c.h\n'}
[37.935542] (avoa3d) StdoutLine: {'line': b'-- Installing: /home/xizesse/ros2_ws/src/avoa3d/install/avoa3d/lib/libavoa3d__rosidl_typesupport_introspection_c.so\n'}
[37.935754] (avoa3d) StdoutLine: {'line': b'-- Set non-toolchain portion of runtime path of "/home/xizesse/ros2_ws/src/avoa3d/install/avoa3d/lib/libavoa3d__rosidl_typesupport_introspection_c.so" to ""\n'}
[37.935833] (avoa3d) StdoutLine: {'line': b'-- Installing: /home/xizesse/ros2_ws/src/avoa3d/install/avoa3d/lib/libavoa3d__rosidl_typesupport_c.so\n'}
[37.935972] (avoa3d) StdoutLine: {'line': b'-- Set non-toolchain portion of runtime path of "/home/xizesse/ros2_ws/src/avoa3d/install/avoa3d/lib/libavoa3d__rosidl_typesupport_c.so" to ""\n'}
[37.936035] (avoa3d) StdoutLine: {'line': b'-- Up-to-date: /home/xizesse/ros2_ws/src/avoa3d/install/avoa3d/include/avoa3d/avoa3d\n'}
[37.936095] (avoa3d) StdoutLine: {'line': b'-- Up-to-date: /home/xizesse/ros2_ws/src/avoa3d/install/avoa3d/include/avoa3d/avoa3d/msg\n'}
[37.936138] (avoa3d) StdoutLine: {'line': b'-- Up-to-date: /home/xizesse/ros2_ws/src/avoa3d/install/avoa3d/include/avoa3d/avoa3d/msg/detail\n'}
[37.936177] (avoa3d) StdoutLine: {'line': b'-- Installing: /home/xizesse/ros2_ws/src/avoa3d/install/avoa3d/include/avoa3d/avoa3d/msg/detail/element_characteristics_array__rosidl_typesupport_introspection_cpp.hpp\n'}
[37.936227] (avoa3d) StdoutLine: {'line': b'-- Installing: /home/xizesse/ros2_ws/src/avoa3d/install/avoa3d/include/avoa3d/avoa3d/msg/detail/element_characteristics_stamped__type_support.cpp\n'}
[37.936335] (avoa3d) StdoutLine: {'line': b'-- Installing: /home/xizesse/ros2_ws/src/avoa3d/install/avoa3d/include/avoa3d/avoa3d/msg/detail/element_characteristics_array__type_support.cpp\n'}
[37.936423] (avoa3d) StdoutLine: {'line': b'-- Installing: /home/xizesse/ros2_ws/src/avoa3d/install/avoa3d/include/avoa3d/avoa3d/msg/detail/element_characteristics_stamped__rosidl_typesupport_introspection_cpp.hpp\n'}
[37.936581] (avoa3d) StdoutLine: {'line': b'-- Installing: /home/xizesse/ros2_ws/src/avoa3d/install/avoa3d/lib/libavoa3d__rosidl_typesupport_introspection_cpp.so\n'}
[37.937134] (avoa3d) StdoutLine: {'line': b'-- Set non-toolchain portion of runtime path of "/home/xizesse/ros2_ws/src/avoa3d/install/avoa3d/lib/libavoa3d__rosidl_typesupport_introspection_cpp.so" to ""\n'}
[37.937219] (avoa3d) StdoutLine: {'line': b'-- Installing: /home/xizesse/ros2_ws/src/avoa3d/install/avoa3d/lib/libavoa3d__rosidl_typesupport_cpp.so\n'}
[37.937358] (avoa3d) StdoutLine: {'line': b'-- Set non-toolchain portion of runtime path of "/home/xizesse/ros2_ws/src/avoa3d/install/avoa3d/lib/libavoa3d__rosidl_typesupport_cpp.so" to ""\n'}
[37.937421] (avoa3d) StdoutLine: {'line': b'-- Installing: /home/xizesse/ros2_ws/src/avoa3d/install/avoa3d/share/avoa3d/environment/pythonpath.sh\n'}
[37.937574] (avoa3d) StdoutLine: {'line': b'-- Installing: /home/xizesse/ros2_ws/src/avoa3d/install/avoa3d/share/avoa3d/environment/pythonpath.dsv\n'}
[37.937707] (avoa3d) StdoutLine: {'line': b'-- Installing: /home/xizesse/ros2_ws/src/avoa3d/install/avoa3d/lib/python3.12/site-packages/avoa3d-0.1.0-py3.12.egg-info\n'}
[37.937775] (avoa3d) StdoutLine: {'line': b'-- Installing: /home/xizesse/ros2_ws/src/avoa3d/install/avoa3d/lib/python3.12/site-packages/avoa3d-0.1.0-py3.12.egg-info/dependency_links.txt\n'}
[37.937882] (avoa3d) StdoutLine: {'line': b'-- Installing: /home/xizesse/ros2_ws/src/avoa3d/install/avoa3d/lib/python3.12/site-packages/avoa3d-0.1.0-py3.12.egg-info/PKG-INFO\n'}
[37.937968] (avoa3d) StdoutLine: {'line': b'-- Installing: /home/xizesse/ros2_ws/src/avoa3d/install/avoa3d/lib/python3.12/site-packages/avoa3d-0.1.0-py3.12.egg-info/top_level.txt\n'}
[37.938057] (avoa3d) StdoutLine: {'line': b'-- Installing: /home/xizesse/ros2_ws/src/avoa3d/install/avoa3d/lib/python3.12/site-packages/avoa3d-0.1.0-py3.12.egg-info/SOURCES.txt\n'}
[37.938179] (avoa3d) StdoutLine: {'line': b'-- Installing: /home/xizesse/ros2_ws/src/avoa3d/install/avoa3d/lib/python3.12/site-packages/avoa3d\n'}
[37.938244] (avoa3d) StdoutLine: {'line': b'-- Installing: /home/xizesse/ros2_ws/src/avoa3d/install/avoa3d/lib/python3.12/site-packages/avoa3d/_avoa3d_s.ep.rosidl_typesupport_introspection_c.c\n'}
[37.938349] (avoa3d) StdoutLine: {'line': b'-- Installing: /home/xizesse/ros2_ws/src/avoa3d/install/avoa3d/lib/python3.12/site-packages/avoa3d/msg\n'}
[37.938404] (avoa3d) StdoutLine: {'line': b'-- Installing: /home/xizesse/ros2_ws/src/avoa3d/install/avoa3d/lib/python3.12/site-packages/avoa3d/msg/_element_characteristics_array_s.c\n'}
[37.938558] (avoa3d) StdoutLine: {'line': b'-- Installing: /home/xizesse/ros2_ws/src/avoa3d/install/avoa3d/lib/python3.12/site-packages/avoa3d/msg/_element_characteristics_array.py\n'}
[37.938616] (avoa3d) StdoutLine: {'line': b'-- Installing: /home/xizesse/ros2_ws/src/avoa3d/install/avoa3d/lib/python3.12/site-packages/avoa3d/msg/__init__.py\n'}
[37.938672] (avoa3d) StdoutLine: {'line': b'-- Installing: /home/xizesse/ros2_ws/src/avoa3d/install/avoa3d/lib/python3.12/site-packages/avoa3d/msg/_element_characteristics_stamped.py\n'}
[37.938731] (avoa3d) StdoutLine: {'line': b'-- Installing: /home/xizesse/ros2_ws/src/avoa3d/install/avoa3d/lib/python3.12/site-packages/avoa3d/msg/_element_characteristics_stamped_s.c\n'}
[37.938809] (avoa3d) StdoutLine: {'line': b'-- Installing: /home/xizesse/ros2_ws/src/avoa3d/install/avoa3d/lib/python3.12/site-packages/avoa3d/avoa3d_s__rosidl_typesupport_fastrtps_c.so\n'}
[37.938987] (avoa3d) StdoutLine: {'line': b'-- Installing: /home/xizesse/ros2_ws/src/avoa3d/install/avoa3d/lib/python3.12/site-packages/avoa3d/avoa3d_s__rosidl_typesupport_introspection_c.so\n'}
[37.939225] (avoa3d) StdoutLine: {'line': b'-- Installing: /home/xizesse/ros2_ws/src/avoa3d/install/avoa3d/lib/python3.12/site-packages/avoa3d/avoa3d_s__rosidl_typesupport_c.so\n'}
[37.939344] (avoa3d) StdoutLine: {'line': b'-- Installing: /home/xizesse/ros2_ws/src/avoa3d/install/avoa3d/lib/python3.12/site-packages/avoa3d/__init__.py\n'}
[37.939403] (avoa3d) StdoutLine: {'line': b'-- Installing: /home/xizesse/ros2_ws/src/avoa3d/install/avoa3d/lib/python3.12/site-packages/avoa3d/_avoa3d_s.ep.rosidl_typesupport_c.c\n'}
[37.939631] (avoa3d) StdoutLine: {'line': b'-- Installing: /home/xizesse/ros2_ws/src/avoa3d/install/avoa3d/lib/python3.12/site-packages/avoa3d/_avoa3d_s.ep.rosidl_typesupport_fastrtps_c.c\n'}
[37.964395] (-) TimerEvent: {}
[38.006247] (avoa3d) StdoutLine: {'line': b"Listing '/home/xizesse/ros2_ws/src/avoa3d/install/avoa3d/lib/python3.12/site-packages/avoa3d'...\n"}
[38.006945] (avoa3d) StdoutLine: {'line': b"Compiling '/home/xizesse/ros2_ws/src/avoa3d/install/avoa3d/lib/python3.12/site-packages/avoa3d/__init__.py'...\n"}
[38.007143] (avoa3d) StdoutLine: {'line': b"Listing '/home/xizesse/ros2_ws/src/avoa3d/install/avoa3d/lib/python3.12/site-packages/avoa3d/msg'...\n"}
[38.007284] (avoa3d) StdoutLine: {'line': b"Compiling '/home/xizesse/ros2_ws/src/avoa3d/install/avoa3d/lib/python3.12/site-packages/avoa3d/msg/__init__.py'...\n"}
[38.007472] (avoa3d) StdoutLine: {'line': b"Compiling '/home/xizesse/ros2_ws/src/avoa3d/install/avoa3d/lib/python3.12/site-packages/avoa3d/msg/_element_characteristics_array.py'...\n"}
[38.007607] (avoa3d) StdoutLine: {'line': b"Compiling '/home/xizesse/ros2_ws/src/avoa3d/install/avoa3d/lib/python3.12/site-packages/avoa3d/msg/_element_characteristics_stamped.py'...\n"}
[38.021324] (avoa3d) StdoutLine: {'line': b'-- Installing: /home/xizesse/ros2_ws/src/avoa3d/install/avoa3d/lib/python3.12/site-packages/avoa3d/avoa3d_s__rosidl_typesupport_fastrtps_c.so\n'}
[38.021699] (avoa3d) StdoutLine: {'line': b'-- Set non-toolchain portion of runtime path of "/home/xizesse/ros2_ws/src/avoa3d/install/avoa3d/lib/python3.12/site-packages/avoa3d/avoa3d_s__rosidl_typesupport_fastrtps_c.so" to ""\n'}
[38.021793] (avoa3d) StdoutLine: {'line': b'-- Installing: /home/xizesse/ros2_ws/src/avoa3d/install/avoa3d/lib/python3.12/site-packages/avoa3d/avoa3d_s__rosidl_typesupport_introspection_c.so\n'}
[38.021844] (avoa3d) StdoutLine: {'line': b'-- Set non-toolchain portion of runtime path of "/home/xizesse/ros2_ws/src/avoa3d/install/avoa3d/lib/python3.12/site-packages/avoa3d/avoa3d_s__rosidl_typesupport_introspection_c.so" to ""\n'}
[38.021883] (avoa3d) StdoutLine: {'line': b'-- Installing: /home/xizesse/ros2_ws/src/avoa3d/install/avoa3d/lib/python3.12/site-packages/avoa3d/avoa3d_s__rosidl_typesupport_c.so\n'}
[38.022047] (avoa3d) StdoutLine: {'line': b'-- Set non-toolchain portion of runtime path of "/home/xizesse/ros2_ws/src/avoa3d/install/avoa3d/lib/python3.12/site-packages/avoa3d/avoa3d_s__rosidl_typesupport_c.so" to ""\n'}
[38.022149] (avoa3d) StdoutLine: {'line': b'-- Installing: /home/xizesse/ros2_ws/src/avoa3d/install/avoa3d/lib/libavoa3d__rosidl_generator_py.so\n'}
[38.040749] (avoa3d) StdoutLine: {'line': b'-- Set non-toolchain portion of runtime path of "/home/xizesse/ros2_ws/src/avoa3d/install/avoa3d/lib/libavoa3d__rosidl_generator_py.so" to ""\n'}
[38.041272] (avoa3d) StdoutLine: {'line': b'-- Installing: /home/xizesse/ros2_ws/src/avoa3d/install/avoa3d/share/avoa3d/msg/ElementCharacteristicsStamped.idl\n'}
[38.041351] (avoa3d) StdoutLine: {'line': b'-- Installing: /home/xizesse/ros2_ws/src/avoa3d/install/avoa3d/share/avoa3d/msg/ElementCharacteristicsArray.idl\n'}
[38.041420] (avoa3d) StdoutLine: {'line': b'-- Installing: /home/xizesse/ros2_ws/src/avoa3d/install/avoa3d/share/avoa3d/msg/ElementCharacteristicsStamped.msg\n'}
[38.041482] (avoa3d) StdoutLine: {'line': b'-- Installing: /home/xizesse/ros2_ws/src/avoa3d/install/avoa3d/share/avoa3d/msg/ElementCharacteristicsArray.msg\n'}
[38.041540] (avoa3d) StdoutLine: {'line': b'-- Installing: /home/xizesse/ros2_ws/src/avoa3d/install/avoa3d/lib/avoa3d/rviz_marker\n'}
[38.060694] (avoa3d) StdoutLine: {'line': b'-- Set non-toolchain portion of runtime path of "/home/xizesse/ros2_ws/src/avoa3d/install/avoa3d/lib/avoa3d/rviz_marker" to ""\n'}
[38.061711] (avoa3d) StdoutLine: {'line': b'-- Installing: /home/xizesse/ros2_ws/src/avoa3d/install/avoa3d/lib/avoa3d/test_w_goal\n'}
[38.064523] (-) TimerEvent: {}
[38.076446] (avoa3d) StdoutLine: {'line': b'-- Set non-toolchain portion of runtime path of "/home/xizesse/ros2_ws/src/avoa3d/install/avoa3d/lib/avoa3d/test_w_goal" to ""\n'}
[38.077252] (avoa3d) StdoutLine: {'line': b'-- Installing: /home/xizesse/ros2_ws/src/avoa3d/install/avoa3d/lib/avoa3d/obstacle_publisher\n'}
[38.088557] (avoa3d) StdoutLine: {'line': b'-- Set non-toolchain portion of runtime path of "/home/xizesse/ros2_ws/src/avoa3d/install/avoa3d/lib/avoa3d/obstacle_publisher" to ""\n'}
[38.088939] (avoa3d) StdoutLine: {'line': b'-- Installing: /home/xizesse/ros2_ws/src/avoa3d/install/avoa3d/lib/avoa3d/avoa3dnode\n'}
[38.106544] (avoa3d) StdoutLine: {'line': b'-- Set non-toolchain portion of runtime path of "/home/xizesse/ros2_ws/src/avoa3d/install/avoa3d/lib/avoa3d/avoa3dnode" to ""\n'}
[38.107439] (avoa3d) StdoutLine: {'line': b'-- Installing: /home/xizesse/ros2_ws/src/avoa3d/install/avoa3d/lib/avoa3d/tf_publisher\n'}
[38.114459] (avoa3d) StdoutLine: {'line': b'-- Set non-toolchain portion of runtime path of "/home/xizesse/ros2_ws/src/avoa3d/install/avoa3d/lib/avoa3d/tf_publisher" to ""\n'}
[38.115223] (avoa3d) StdoutLine: {'line': b'-- Installing: /home/xizesse/ros2_ws/src/avoa3d/install/avoa3d/lib/avoa3d/obstacle_converter_node\n'}
[38.121055] (avoa3d) StdoutLine: {'line': b'-- Set non-toolchain portion of runtime path of "/home/xizesse/ros2_ws/src/avoa3d/install/avoa3d/lib/avoa3d/obstacle_converter_node" to ""\n'}
[38.121386] (avoa3d) StdoutLine: {'line': b'-- Installing: /home/xizesse/ros2_ws/src/avoa3d/install/avoa3d/share/avoa3d//launch\n'}
[38.121582] (avoa3d) StdoutLine: {'line': b'-- Installing: /home/xizesse/ros2_ws/src/avoa3d/install/avoa3d/share/avoa3d//launch/diff_drive.launch.py\n'}
[38.137958] (avoa3d) StdoutLine: {'line': b'-- Installing: /home/xizesse/ros2_ws/src/avoa3d/install/avoa3d/share/avoa3d//launch/lidar_obstacles.launch.py\n'}
[38.138169] (avoa3d) StdoutLine: {'line': b'-- Installing: /home/xizesse/ros2_ws/src/avoa3d/install/avoa3d/share/avoa3d//launch/bridge_launch.xml\n'}
[38.138388] (avoa3d) StdoutLine: {'line': b'-- Installing: /home/xizesse/ros2_ws/src/avoa3d/install/avoa3d/share/avoa3d//launch/avoa.launch.py\n'}
[38.138460] (avoa3d) StdoutLine: {'line': b'-- Installing: /home/xizesse/ros2_ws/src/avoa3d/install/avoa3d/share/avoa3d//launch/ground_truth_obstacles.launch.py\n'}
[38.138710] (avoa3d) StdoutLine: {'line': b'-- Installing: /home/xizesse/ros2_ws/src/avoa3d/install/avoa3d/share/avoa3d//launch/holonomic.launch.py\n'}
[38.138822] (avoa3d) StdoutLine: {'line': b'-- Installing: /home/xizesse/ros2_ws/src/avoa3d/install/avoa3d/share/avoa3d//launch/rvo.launch.py\n'}
[38.138943] (avoa3d) StdoutLine: {'line': b'-- Installing: /home/xizesse/ros2_ws/src/avoa3d/install/avoa3d/share/avoa3d//config\n'}
[38.139019] (avoa3d) StdoutLine: {'line': b'-- Installing: /home/xizesse/ros2_ws/src/avoa3d/install/avoa3d/share/avoa3d//config/bridge_obstacles_config.yaml\n'}
[38.139991] (avoa3d) StdoutLine: {'line': b'-- Installing: /home/xizesse/ros2_ws/src/avoa3d/install/avoa3d/share/avoa3d//config/holonomic_params.yaml\n'}
[38.140253] (avoa3d) StdoutLine: {'line': b'-- Installing: /home/xizesse/ros2_ws/src/avoa3d/install/avoa3d/share/avoa3d//config/nest_params.yaml\n'}
[38.140397] (avoa3d) StdoutLine: {'line': b'-- Installing: /home/xizesse/ros2_ws/src/avoa3d/install/avoa3d/share/avoa3d//config/rviz_config.rviz\n'}
[38.140681] (avoa3d) StdoutLine: {'line': b'-- Installing: /home/xizesse/ros2_ws/src/avoa3d/install/avoa3d/share/avoa3d//config/bridge_config.yaml\n'}
[38.140966] (avoa3d) StdoutLine: {'line': b'-- Installing: /home/xizesse/ros2_ws/src/avoa3d/install/avoa3d/share/avoa3d//config/diff_drive_params.yaml\n'}
[38.141200] (avoa3d) StdoutLine: {'line': b'-- Installing: /home/xizesse/ros2_ws/src/avoa3d/install/avoa3d/share/avoa3d//config/nest_bridge_config.yaml\n'}
[38.141373] (avoa3d) StdoutLine: {'line': b'-- Installing: /home/xizesse/ros2_ws/src/avoa3d/install/avoa3d/share/avoa3d//config/PlotJugglerLayout.xml\n'}
[38.141619] (avoa3d) StdoutLine: {'line': b'-- Installing: /home/xizesse/ros2_ws/src/avoa3d/install/avoa3d/share/avoa3d//config/holonomic_params2.yaml\n'}
[38.141739] (avoa3d) StdoutLine: {'line': b'-- Installing: /home/xizesse/ros2_ws/src/avoa3d/install/avoa3d/share/avoa3d//config/gz_window_layout.config\n'}
[38.142569] (avoa3d) StdoutLine: {'line': b'-- Installing: /home/xizesse/ros2_ws/src/avoa3d/install/avoa3d/lib/avoa3d/laser_frame_transformer.py\n'}
[38.142810] (avoa3d) StdoutLine: {'line': b'-- Up-to-date: /home/xizesse/ros2_ws/src/avoa3d/install/avoa3d/share/avoa3d/launch\n'}
[38.142975] (avoa3d) StdoutLine: {'line': b'-- Up-to-date: /home/xizesse/ros2_ws/src/avoa3d/install/avoa3d/share/avoa3d/launch/diff_drive.launch.py\n'}
[38.143098] (avoa3d) StdoutLine: {'line': b'-- Up-to-date: /home/xizesse/ros2_ws/src/avoa3d/install/avoa3d/share/avoa3d/launch/lidar_obstacles.launch.py\n'}
[38.143250] (avoa3d) StdoutLine: {'line': b'-- Up-to-date: /home/xizesse/ros2_ws/src/avoa3d/install/avoa3d/share/avoa3d/launch/bridge_launch.xml\n'}
[38.143430] (avoa3d) StdoutLine: {'line': b'-- Up-to-date: /home/xizesse/ros2_ws/src/avoa3d/install/avoa3d/share/avoa3d/launch/avoa.launch.py\n'}
[38.143588] (avoa3d) StdoutLine: {'line': b'-- Up-to-date: /home/xizesse/ros2_ws/src/avoa3d/install/avoa3d/share/avoa3d/launch/ground_truth_obstacles.launch.py\n'}
[38.143715] (avoa3d) StdoutLine: {'line': b'-- Up-to-date: /home/xizesse/ros2_ws/src/avoa3d/install/avoa3d/share/avoa3d/launch/holonomic.launch.py\n'}
[38.143821] (avoa3d) StdoutLine: {'line': b'-- Up-to-date: /home/xizesse/ros2_ws/src/avoa3d/install/avoa3d/share/avoa3d/launch/rvo.launch.py\n'}
[38.143942] (avoa3d) StdoutLine: {'line': b'-- Installing: /home/xizesse/ros2_ws/src/avoa3d/install/avoa3d/share/ament_index/resource_index/package_run_dependencies/avoa3d\n'}
[38.144036] (avoa3d) StdoutLine: {'line': b'-- Installing: /home/xizesse/ros2_ws/src/avoa3d/install/avoa3d/share/ament_index/resource_index/parent_prefix_path/avoa3d\n'}
[38.144308] (avoa3d) StdoutLine: {'line': b'-- Installing: /home/xizesse/ros2_ws/src/avoa3d/install/avoa3d/share/avoa3d/environment/ament_prefix_path.sh\n'}
[38.144454] (avoa3d) StdoutLine: {'line': b'-- Installing: /home/xizesse/ros2_ws/src/avoa3d/install/avoa3d/share/avoa3d/environment/ament_prefix_path.dsv\n'}
[38.144599] (avoa3d) StdoutLine: {'line': b'-- Installing: /home/xizesse/ros2_ws/src/avoa3d/install/avoa3d/share/avoa3d/environment/path.sh\n'}
[38.144744] (avoa3d) StdoutLine: {'line': b'-- Installing: /home/xizesse/ros2_ws/src/avoa3d/install/avoa3d/share/avoa3d/environment/path.dsv\n'}
[38.144869] (avoa3d) StdoutLine: {'line': b'-- Installing: /home/xizesse/ros2_ws/src/avoa3d/install/avoa3d/share/avoa3d/local_setup.bash\n'}
[38.145014] (avoa3d) StdoutLine: {'line': b'-- Installing: /home/xizesse/ros2_ws/src/avoa3d/install/avoa3d/share/avoa3d/local_setup.sh\n'}
[38.145162] (avoa3d) StdoutLine: {'line': b'-- Installing: /home/xizesse/ros2_ws/src/avoa3d/install/avoa3d/share/avoa3d/local_setup.zsh\n'}
[38.145309] (avoa3d) StdoutLine: {'line': b'-- Installing: /home/xizesse/ros2_ws/src/avoa3d/install/avoa3d/share/avoa3d/local_setup.dsv\n'}
[38.145422] (avoa3d) StdoutLine: {'line': b'-- Installing: /home/xizesse/ros2_ws/src/avoa3d/install/avoa3d/share/avoa3d/package.dsv\n'}
[38.145542] (avoa3d) StdoutLine: {'line': b'-- Installing: /home/xizesse/ros2_ws/src/avoa3d/install/avoa3d/share/ament_index/resource_index/packages/avoa3d\n'}
[38.145644] (avoa3d) StdoutLine: {'line': b'-- Installing: /home/xizesse/ros2_ws/src/avoa3d/install/avoa3d/share/avoa3d/cmake/export_avoa3d__rosidl_generator_cExport.cmake\n'}
[38.145733] (avoa3d) StdoutLine: {'line': b'-- Installing: /home/xizesse/ros2_ws/src/avoa3d/install/avoa3d/share/avoa3d/cmake/export_avoa3d__rosidl_generator_cExport-noconfig.cmake\n'}
[38.145822] (avoa3d) StdoutLine: {'line': b'-- Installing: /home/xizesse/ros2_ws/src/avoa3d/install/avoa3d/share/avoa3d/cmake/export_avoa3d__rosidl_typesupport_fastrtps_cExport.cmake\n'}
[38.145915] (avoa3d) StdoutLine: {'line': b'-- Installing: /home/xizesse/ros2_ws/src/avoa3d/install/avoa3d/share/avoa3d/cmake/export_avoa3d__rosidl_typesupport_fastrtps_cExport-noconfig.cmake\n'}
[38.146011] (avoa3d) StdoutLine: {'line': b'-- Installing: /home/xizesse/ros2_ws/src/avoa3d/install/avoa3d/share/avoa3d/cmake/export_avoa3d__rosidl_generator_cppExport.cmake\n'}
[38.146107] (avoa3d) StdoutLine: {'line': b'-- Installing: /home/xizesse/ros2_ws/src/avoa3d/install/avoa3d/share/avoa3d/cmake/export_avoa3d__rosidl_typesupport_fastrtps_cppExport.cmake\n'}
[38.146320] (avoa3d) StdoutLine: {'line': b'-- Installing: /home/xizesse/ros2_ws/src/avoa3d/install/avoa3d/share/avoa3d/cmake/export_avoa3d__rosidl_typesupport_fastrtps_cppExport-noconfig.cmake\n'}
[38.146436] (avoa3d) StdoutLine: {'line': b'-- Installing: /home/xizesse/ros2_ws/src/avoa3d/install/avoa3d/share/avoa3d/cmake/avoa3d__rosidl_typesupport_introspection_cExport.cmake\n'}
[38.146481] (avoa3d) StdoutLine: {'line': b'-- Installing: /home/xizesse/ros2_ws/src/avoa3d/install/avoa3d/share/avoa3d/cmake/avoa3d__rosidl_typesupport_introspection_cExport-noconfig.cmake\n'}
[38.146536] (avoa3d) StdoutLine: {'line': b'-- Installing: /home/xizesse/ros2_ws/src/avoa3d/install/avoa3d/share/avoa3d/cmake/avoa3d__rosidl_typesupport_cExport.cmake\n'}
[38.146572] (avoa3d) StdoutLine: {'line': b'-- Installing: /home/xizesse/ros2_ws/src/avoa3d/install/avoa3d/share/avoa3d/cmake/avoa3d__rosidl_typesupport_cExport-noconfig.cmake\n'}
[38.146608] (avoa3d) StdoutLine: {'line': b'-- Installing: /home/xizesse/ros2_ws/src/avoa3d/install/avoa3d/share/avoa3d/cmake/avoa3d__rosidl_typesupport_introspection_cppExport.cmake\n'}
[38.146644] (avoa3d) StdoutLine: {'line': b'-- Installing: /home/xizesse/ros2_ws/src/avoa3d/install/avoa3d/share/avoa3d/cmake/avoa3d__rosidl_typesupport_introspection_cppExport-noconfig.cmake\n'}
[38.146678] (avoa3d) StdoutLine: {'line': b'-- Installing: /home/xizesse/ros2_ws/src/avoa3d/install/avoa3d/share/avoa3d/cmake/avoa3d__rosidl_typesupport_cppExport.cmake\n'}
[38.146715] (avoa3d) StdoutLine: {'line': b'-- Installing: /home/xizesse/ros2_ws/src/avoa3d/install/avoa3d/share/avoa3d/cmake/avoa3d__rosidl_typesupport_cppExport-noconfig.cmake\n'}
[38.146753] (avoa3d) StdoutLine: {'line': b'-- Installing: /home/xizesse/ros2_ws/src/avoa3d/install/avoa3d/share/avoa3d/cmake/export_avoa3d__rosidl_generator_pyExport.cmake\n'}
[38.146789] (avoa3d) StdoutLine: {'line': b'-- Installing: /home/xizesse/ros2_ws/src/avoa3d/install/avoa3d/share/avoa3d/cmake/export_avoa3d__rosidl_generator_pyExport-noconfig.cmake\n'}
[38.146825] (avoa3d) StdoutLine: {'line': b'-- Installing: /home/xizesse/ros2_ws/src/avoa3d/install/avoa3d/share/avoa3d/cmake/rosidl_cmake-extras.cmake\n'}
[38.147120] (avoa3d) StdoutLine: {'line': b'-- Installing: /home/xizesse/ros2_ws/src/avoa3d/install/avoa3d/share/avoa3d/cmake/ament_cmake_export_dependencies-extras.cmake\n'}
[38.147178] (avoa3d) StdoutLine: {'line': b'-- Installing: /home/xizesse/ros2_ws/src/avoa3d/install/avoa3d/share/avoa3d/cmake/ament_cmake_export_include_directories-extras.cmake\n'}
[38.147215] (avoa3d) StdoutLine: {'line': b'-- Installing: /home/xizesse/ros2_ws/src/avoa3d/install/avoa3d/share/avoa3d/cmake/ament_cmake_export_libraries-extras.cmake\n'}
[38.147250] (avoa3d) StdoutLine: {'line': b'-- Installing: /home/xizesse/ros2_ws/src/avoa3d/install/avoa3d/share/avoa3d/cmake/ament_cmake_export_targets-extras.cmake\n'}
[38.147287] (avoa3d) StdoutLine: {'line': b'-- Installing: /home/xizesse/ros2_ws/src/avoa3d/install/avoa3d/share/avoa3d/cmake/rosidl_cmake_export_typesupport_targets-extras.cmake\n'}
[38.147397] (avoa3d) StdoutLine: {'line': b'-- Installing: /home/xizesse/ros2_ws/src/avoa3d/install/avoa3d/share/avoa3d/cmake/rosidl_cmake_export_typesupport_libraries-extras.cmake\n'}
[38.147485] (avoa3d) StdoutLine: {'line': b'-- Installing: /home/xizesse/ros2_ws/src/avoa3d/install/avoa3d/share/avoa3d/cmake/avoa3dConfig.cmake\n'}
[38.147564] (avoa3d) StdoutLine: {'line': b'-- Installing: /home/xizesse/ros2_ws/src/avoa3d/install/avoa3d/share/avoa3d/cmake/avoa3dConfig-version.cmake\n'}
[38.147643] (avoa3d) StdoutLine: {'line': b'-- Installing: /home/xizesse/ros2_ws/src/avoa3d/install/avoa3d/share/avoa3d/package.xml\n'}
[38.151181] (avoa3d) CommandEnded: {'returncode': 0}
[38.164626] (-) TimerEvent: {}
[38.170719] (avoa3d) JobEnded: {'identifier': 'avoa3d', 'rc': 0}
[38.172380] (-) EventReactorShutdown: {}
