time_elapsed,pos_x,pos_y,pos_z,vel_x,vel_y,vel_z,cmd_vel_x,cmd_vel_y,cmd_vel_z,cmd_vel_unfiltered_x,cmd_vel_unfiltered_y,cmd_vel_unfiltered_z,desired_vel_x,desired_vel_y,desired_vel_z,obs_1_pos_x,obs_1_pos_y,obs_1_pos_z,obs_1_vel_x,obs_1_vel_y,obs_1_vel_z,obs_2_pos_x,obs_2_pos_y,obs_2_pos_z,obs_2_vel_x,obs_2_vel_y,obs_2_vel_z,obs_3_pos_x,obs_3_pos_y,obs_3_pos_z,obs_3_vel_x,obs_3_vel_y,obs_3_vel_z,obs_4_pos_x,obs_4_pos_y,obs_4_pos_z,obs_4_vel_x,obs_4_vel_y,obs_4_vel_z,obs_5_pos_x,obs_5_pos_y,obs_5_pos_z,obs_5_vel_x,obs_5_vel_y,obs_5_vel_z,obs_6_pos_x,obs_6_pos_y,obs_6_pos_z,obs_6_vel_x,obs_6_vel_y,obs_6_vel_z,obs_7_pos_x,obs_7_pos_y,obs_7_pos_z,obs_7_vel_x,obs_7_vel_y,obs_7_vel_z,obs_8_pos_x,obs_8_pos_y,obs_8_pos_z,obs_8_vel_x,obs_8_vel_y,obs_8_vel_z,obs_9_pos_x,obs_9_pos_y,obs_9_pos_z,obs_9_vel_x,obs_9_vel_y,obs_9_vel_z,obs_10_pos_x,obs_10_pos_y,obs_10_pos_z,obs_10_vel_x,obs_10_vel_y,obs_10_vel_z,obs_11_pos_x,obs_11_pos_y,obs_11_pos_z,obs_11_vel_x,obs_11_vel_y,obs_11_vel_z,obs_12_pos_x,obs_12_pos_y,obs_12_pos_z,obs_12_vel_x,obs_12_vel_y,obs_12_vel_z,obs_13_pos_x,obs_13_pos_y,obs_13_pos_z,obs_13_vel_x,obs_13_vel_y,obs_13_vel_z,obs_14_pos_x,obs_14_pos_y,obs_14_pos_z,obs_14_vel_x,obs_14_vel_y,obs_14_vel_z,obs_15_pos_x,obs_15_pos_y,obs_15_pos_z,obs_15_vel_x,obs_15_vel_y,obs_15_vel_z,obs_16_pos_x,obs_16_pos_y,obs_16_pos_z,obs_16_vel_x,obs_16_vel_y,obs_16_vel_z,obs_17_pos_x,obs_17_pos_y,obs_17_pos_z,obs_17_vel_x,obs_17_vel_y,obs_17_vel_z,obs_18_pos_x,obs_18_pos_y,obs_18_pos_z,obs_18_vel_x,obs_18_vel_y,obs_18_vel_z,obs_19_pos_x,obs_19_pos_y,obs_19_pos_z,obs_19_vel_x,obs_19_vel_y,obs_19_vel_z,obs_20_pos_x,obs_20_pos_y,obs_20_pos_z,obs_20_vel_x,obs_20_vel_y,obs_20_vel_z,obs_21_pos_x,obs_21_pos_y,obs_21_pos_z,obs_21_vel_x,obs_21_vel_y,obs_21_vel_z,obs_22_pos_x,obs_22_pos_y,obs_22_pos_z,obs_22_vel_x,obs_22_vel_y,obs_22_vel_z,obs_23_pos_x,obs_23_pos_y,obs_23_pos_z,obs_23_vel_x,obs_23_vel_y,obs_23_vel_z,obs_24_pos_x,obs_24_pos_y,obs_24_pos_z,obs_24_vel_x,obs_24_vel_y,obs_24_vel_z,obs_25_pos_x,obs_25_pos_y,obs_25_pos_z,obs_25_vel_x,obs_25_vel_y,obs_25_vel_z,obs_26_pos_x,obs_26_pos_y,obs_26_pos_z,obs_26_vel_x,obs_26_vel_y,obs_26_vel_z,obs_27_pos_x,obs_27_pos_y,obs_27_pos_z,obs_27_vel_x,obs_27_vel_y,obs_27_vel_z,obs_28_pos_x,obs_28_pos_y,obs_28_pos_z,obs_28_vel_x,obs_28_vel_y,obs_28_vel_z,obs_29_pos_x,obs_29_pos_y,obs_29_pos_z,obs_29_vel_x,obs_29_vel_y,obs_29_vel_z,obs_30_pos_x,obs_30_pos_y,obs_30_pos_z,obs_30_vel_x,obs_30_vel_y,obs_30_vel_z,obs_31_pos_x,obs_31_pos_y,obs_31_pos_z,obs_31_vel_x,obs_31_vel_y,obs_31_vel_z,obs_32_pos_x,obs_32_pos_y,obs_32_pos_z,obs_32_vel_x,obs_32_vel_y,obs_32_vel_z,obs_33_pos_x,obs_33_pos_y,obs_33_pos_z,obs_33_vel_x,obs_33_vel_y,obs_33_vel_z,obs_34_pos_x,obs_34_pos_y,obs_34_pos_z,obs_34_vel_x,obs_34_vel_y,obs_34_vel_z,obs_35_pos_x,obs_35_pos_y,obs_35_pos_z,obs_35_vel_x,obs_35_vel_y,obs_35_vel_z,obs_36_pos_x,obs_36_pos_y,obs_36_pos_z,obs_36_vel_x,obs_36_vel_y,obs_36_vel_z,obs_37_pos_x,obs_37_pos_y,obs_37_pos_z,obs_37_vel_x,obs_37_vel_y,obs_37_vel_z,obs_38_pos_x,obs_38_pos_y,obs_38_pos_z,obs_38_vel_x,obs_38_vel_y,obs_38_vel_z,obs_39_pos_x,obs_39_pos_y,obs_39_pos_z,obs_39_vel_x,obs_39_vel_y,obs_39_vel_z,obs_40_pos_x,obs_40_pos_y,obs_40_pos_z,obs_40_vel_x,obs_40_vel_y,obs_40_vel_z,obs_41_pos_x,obs_41_pos_y,obs_41_pos_z,obs_41_vel_x,obs_41_vel_y,obs_41_vel_z,obs_42_pos_x,obs_42_pos_y,obs_42_pos_z,obs_42_vel_x,obs_42_vel_y,obs_42_vel_z,obs_43_pos_x,obs_43_pos_y,obs_43_pos_z,obs_43_vel_x,obs_43_vel_y,obs_43_vel_z,obs_44_pos_x,obs_44_pos_y,obs_44_pos_z,obs_44_vel_x,obs_44_vel_y,obs_44_vel_z,obs_45_pos_x,obs_45_pos_y,obs_45_pos_z,obs_45_vel_x,obs_45_vel_y,obs_45_vel_z,obs_46_pos_x,obs_46_pos_y,obs_46_pos_z,obs_46_vel_x,obs_46_vel_y,obs_46_vel_z,obs_47_pos_x,obs_47_pos_y,obs_47_pos_z,obs_47_vel_x,obs_47_vel_y,obs_47_vel_z,obs_48_pos_x,obs_48_pos_y,obs_48_pos_z,obs_48_vel_x,obs_48_vel_y,obs_48_vel_z,obs_49_pos_x,obs_49_pos_y,obs_49_pos_z,obs_49_vel_x,obs_49_vel_y,obs_49_vel_z,obs_50_pos_x,obs_50_pos_y,obs_50_pos_z,obs_50_vel_x,obs_50_vel_y,obs_50_vel_z
3.00119624,-10.0,0.0,0.0,0.0,0.0,0.0,0,0,0,0,0,0,5.0,0.0,0.0,4.14,-2.5,-1.0,0.0,0.0,0.0,4.14,-0.5,-1.0,0.0,0.0,0.0,4.14,1.5,-1.0,0.0,0.0,0.0,4.14,-2.5,1.0,0.0,0.0,0.0,4.14,-0.5,1.0,0.0,0.0,0.0,4.14,1.5,1.0,0.0,0.0,0.0,2.77,-0.85,-1.0,0.0,0.0,0.0,2.77,1.15,-1.0,0.0,0.0,0.0,2.77,3.15,-1.0,0.0,0.0,0.0,2.77,5.15,-1.0,0.0,0.0,0.0,2.77,-0.85,1.0,0.0,0.0,0.0,2.77,1.15,1.0,0.0,0.0,0.0,2.77,3.15,1.0,0.0,0.0,0.0,2.77,5.15,1.0,0.0,0.0,0.0,8.34,2.478000000000001,-1.5932000000000075,0.0,-1.1499999999999844,0.45999999999990493,8.34,4.4780000000000015,-1.5932000000000075,0.0,-1.1499999999999844,0.45999999999990493,-2.99,3.178799999999993,-1.0456000000000056,0.0,-1.6400000000000858,0.42999999999993044,-2.99,5.178799999999993,-1.0456000000000056,0.0,-1.6400000000000858,0.42999999999993044,0,0,0,0,0,0,0,0,0,0,0,0,0,0,0,0,0,0,0,0,0,0,0,0,0,0,0,0,0,0,0,0,0,0,0,0,0,0,0,0,0,0,0,0,0,0,0,0,0,0,0,0,0,0,0,0,0,0,0,0,0,0,0,0,0,0,0,0,0,0,0,0,0,0,0,0,0,0,0,0,0,0,0,0,0,0,0,0,0,0,0,0,0,0,0,0,0,0,0,0,0,0,0,0,0,0,0,0,0,0,0,0,0,0,0,0,0,0,0,0,0,0,0,0,0,0,0,0,0,0,0,0,0,0,0,0,0,0,0,0,0,0,0,0,0,0,0,0,0,0,0,0,0,0,0,0,0,0,0,0,0,0,0,0,0,0,0,0,0,0,0,0,0,0,0,0,0,0,0,0,0,0,0,0,0,0,0,0,0,0,0,0
3.104875782,-10.0,0.0,0.0,0.0,0.0,0.0,0,0,0,0,0,0,5.0,0.0,0.0,4.14,-2.5,-1.0,0.0,0.0,0.0,4.14,-0.5,-1.0,0.0,0.0,0.0,4.14,1.5,-1.0,0.0,0.0,0.0,4.14,-2.5,1.0,0.0,0.0,0.0,4.14,-0.5,1.0,0.0,0.0,0.0,4.14,1.5,1.0,0.0,0.0,0.0,2.77,-0.85,-1.0,0.0,0.0,0.0,2.77,1.15,-1.0,0.0,0.0,0.0,2.77,3.15,-1.0,0.0,0.0,0.0,2.77,5.15,-1.0,0.0,0.0,0.0,2.77,-0.85,1.0,0.0,0.0,0.0,2.77,1.15,1.0,0.0,0.0,0.0,2.77,3.15,1.0,0.0,0.0,0.0,2.77,5.15,1.0,0.0,0.0,0.0,8.34,2.3630000000000027,-1.547200000000017,0.0,-1.1499999999999844,0.45999999999990493,8.34,4.363000000000003,-1.547200000000017,0.0,-1.1499999999999844,0.45999999999990493,-2.99,3.0147999999999846,-1.0026000000000126,0.0,-1.6400000000000858,0.42999999999993044,-2.99,5.014799999999984,-1.0026000000000126,0.0,-1.6400000000000858,0.42999999999993044,0,0,0,0,0,0,0,0,0,0,0,0,0,0,0,0,0,0,0,0,0,0,0,0,0,0,0,0,0,0,0,0,0,0,0,0,0,0,0,0,0,0,0,0,0,0,0,0,0,0,0,0,0,0,0,0,0,0,0,0,0,0,0,0,0,0,0,0,0,0,0,0,0,0,0,0,0,0,0,0,0,0,0,0,0,0,0,0,0,0,0,0,0,0,0,0,0,0,0,0,0,0,0,0,0,0,0,0,0,0,0,0,0,0,0,0,0,0,0,0,0,0,0,0,0,0,0,0,0,0,0,0,0,0,0,0,0,0,0,0,0,0,0,0,0,0,0,0,0,0,0,0,0,0,0,0,0,0,0,0,0,0,0,0,0,0,0,0,0,0,0,0,0,0,0,0,0,0,0,0,0,0,0,0,0,0,0,0,0,0,0,0
3.201937284,-10.0,0.0,0.0,0.0,0.0,0.0,0,0,0,0,0,0,5.0,0.0,0.0,4.14,-2.5,-1.0,0.0,0.0,0.0,4.14,-0.5,-1.0,0.0,0.0,0.0,4.14,1.5,-1.0,0.0,0.0,0.0,4.14,-2.5,1.0,0.0,0.0,0.0,4.14,-0.5,1.0,0.0,0.0,0.0,4.14,1.5,1.0,0.0,0.0,0.0,2.77,-0.85,-1.0,0.0,0.0,0.0,2.77,1.15,-1.0,0.0,0.0,0.0,2.77,3.15,-1.0,0.0,0.0,0.0,2.77,5.15,-1.0,0.0,0.0,0.0,2.77,-0.85,1.0,0.0,0.0,0.0,2.77,1.15,1.0,0.0,0.0,0.0,2.77,3.15,1.0,0.0,0.0,0.0,2.77,5.15,1.0,0.0,0.0,0.0,8.34,2.2940000000000036,-1.5196000000000227,0.0,-1.1499999999999844,0.45999999999990493,8.34,4.294000000000004,-1.5196000000000227,0.0,-1.1499999999999844,0.45999999999990493,-2.99,2.9163999999999795,-0.9768000000000108,0.0,-1.6400000000000858,0.43000000000004146,-2.99,4.916399999999979,-0.9768000000000108,0.0,-1.6400000000000858,0.43000000000004146,0,0,0,0,0,0,0,0,0,0,0,0,0,0,0,0,0,0,0,0,0,0,0,0,0,0,0,0,0,0,0,0,0,0,0,0,0,0,0,0,0,0,0,0,0,0,0,0,0,0,0,0,0,0,0,0,0,0,0,0,0,0,0,0,0,0,0,0,0,0,0,0,0,0,0,0,0,0,0,0,0,0,0,0,0,0,0,0,0,0,0,0,0,0,0,0,0,0,0,0,0,0,0,0,0,0,0,0,0,0,0,0,0,0,0,0,0,0,0,0,0,0,0,0,0,0,0,0,0,0,0,0,0,0,0,0,0,0,0,0,0,0,0,0,0,0,0,0,0,0,0,0,0,0,0,0,0,0,0,0,0,0,0,0,0,0,0,0,0,0,0,0,0,0,0,0,0,0,0,0,0,0,0,0,0,0,0,0,0,0,0,0
3.301352465,-10.0,0.0,0.0,0.0,0.0,0.0,0,0,0,0,0,0,5.0,0.0,0.0,4.14,-2.5,-1.0,0.0,0.0,0.0,4.14,-0.5,-1.0,0.0,0.0,0.0,4.14,1.5,-1.0,0.0,0.0,0.0,4.14,-2.5,1.0,0.0,0.0,0.0,4.14,-0.5,1.0,0.0,0.0,0.0,4.14,1.5,1.0,0.0,0.0,0.0,2.77,-0.85,-1.0,0.0,0.0,0.0,2.77,1.15,-1.0,0.0,0.0,0.0,2.77,3.15,-1.0,0.0,0.0,0.0,2.77,5.15,-1.0,0.0,0.0,0.0,2.77,-0.85,1.0,0.0,0.0,0.0,2.77,1.15,1.0,0.0,0.0,0.0,2.77,3.15,1.0,0.0,0.0,0.0,2.77,5.15,1.0,0.0,0.0,0.0,8.34,2.202000000000005,-1.4828000000000303,0.0,-1.1499999999999844,0.45999999999990493,8.34,4.202000000000005,-1.4828000000000303,0.0,-1.1499999999999844,0.45999999999990493,-2.99,2.7851999999999726,-0.9424000000000075,0.0,-1.6400000000000858,0.43000000000004146,-2.99,4.785199999999972,-0.9424000000000075,0.0,-1.6400000000000858,0.43000000000004146,0,0,0,0,0,0,0,0,0,0,0,0,0,0,0,0,0,0,0,0,0,0,0,0,0,0,0,0,0,0,0,0,0,0,0,0,0,0,0,0,0,0,0,0,0,0,0,0,0,0,0,0,0,0,0,0,0,0,0,0,0,0,0,0,0,0,0,0,0,0,0,0,0,0,0,0,0,0,0,0,0,0,0,0,0,0,0,0,0,0,0,0,0,0,0,0,0,0,0,0,0,0,0,0,0,0,0,0,0,0,0,0,0,0,0,0,0,0,0,0,0,0,0,0,0,0,0,0,0,0,0,0,0,0,0,0,0,0,0,0,0,0,0,0,0,0,0,0,0,0,0,0,0,0,0,0,0,0,0,0,0,0,0,0,0,0,0,0,0,0,0,0,0,0,0,0,0,0,0,0,0,0,0,0,0,0,0,0,0,0,0,0
3.401906484,-10.0,0.0,0.0,0.0,0.0,0.0,0,0,0,0,0,0,5.0,0.0,0.0,4.14,-2.5,-1.0,0.0,0.0,0.0,4.14,-0.5,-1.0,0.0,0.0,0.0,4.14,1.5,-1.0,0.0,0.0,0.0,4.14,-2.5,1.0,0.0,0.0,0.0,4.14,-0.5,1.0,0.0,0.0,0.0,4.14,1.5,1.0,0.0,0.0,0.0,2.77,-0.85,-1.0,0.0,0.0,0.0,2.77,1.15,-1.0,0.0,0.0,0.0,2.77,3.15,-1.0,0.0,0.0,0.0,2.77,5.15,-1.0,0.0,0.0,0.0,2.77,-0.85,1.0,0.0,0.0,0.0,2.77,1.15,1.0,0.0,0.0,0.0,2.77,3.15,1.0,0.0,0.0,0.0,2.77,5.15,1.0,0.0,0.0,0.0,8.34,2.110000000000006,-1.446000000000038,0.0,-1.1499999999999844,0.45999999999990493,8.34,4.1100000000000065,-1.446000000000038,0.0,-1.1499999999999844,0.45999999999990493,-2.99,2.6539999999999657,-0.9080000000000041,0.0,-1.6400000000000858,0.43000000000004146,-2.99,4.653999999999965,-0.9080000000000041,0.0,-1.6400000000000858,0.43000000000004146,0,0,0,0,0,0,0,0,0,0,0,0,0,0,0,0,0,0,0,0,0,0,0,0,0,0,0,0,0,0,0,0,0,0,0,0,0,0,0,0,0,0,0,0,0,0,0,0,0,0,0,0,0,0,0,0,0,0,0,0,0,0,0,0,0,0,0,0,0,0,0,0,0,0,0,0,0,0,0,0,0,0,0,0,0,0,0,0,0,0,0,0,0,0,0,0,0,0,0,0,0,0,0,0,0,0,0,0,0,0,0,0,0,0,0,0,0,0,0,0,0,0,0,0,0,0,0,0,0,0,0,0,0,0,0,0,0,0,0,0,0,0,0,0,0,0,0,0,0,0,0,0,0,0,0,0,0,0,0,0,0,0,0,0,0,0,0,0,0,0,0,0,0,0,0,0,0,0,0,0,0,0,0,0,0,0,0,0,0,0,0,0
3.505487336,-10.0,0.0,0.0,0.0,0.0,0.0,0,0,0,0,0,0,5.0,0.0,0.0,4.14,-2.5,-1.0,0.0,0.0,0.0,4.14,-0.5,-1.0,0.0,0.0,0.0,4.14,1.5,-1.0,0.0,0.0,0.0,4.14,-2.5,1.0,0.0,0.0,0.0,4.14,-0.5,1.0,0.0,0.0,0.0,4.14,1.5,1.0,0.0,0.0,0.0,2.77,-0.85,-1.0,0.0,0.0,0.0,2.77,1.15,-1.0,0.0,0.0,0.0,2.77,3.15,-1.0,0.0,0.0,0.0,2.77,5.15,-1.0,0.0,0.0,0.0,2.77,-0.85,1.0,0.0,0.0,0.0,2.77,1.15,1.0,0.0,0.0,0.0,2.77,3.15,1.0,0.0,0.0,0.0,2.77,5.15,1.0,0.0,0.0,0.0,8.34,2.0180000000000073,-1.4092000000000455,0.0,-1.1499999999999844,0.45999999999990493,8.34,3.995000000000008,-1.4000000000000474,0.0,-1.1499999999999844,0.45999999999990493,-2.99,2.522799999999959,-0.8736000000000008,0.0,-1.6400000000000858,0.43000000000004146,-2.99,4.489999999999957,-0.865,0.0,-1.6400000000000858,0.43000000000004146,0,0,0,0,0,0,0,0,0,0,0,0,0,0,0,0,0,0,0,0,0,0,0,0,0,0,0,0,0,0,0,0,0,0,0,0,0,0,0,0,0,0,0,0,0,0,0,0,0,0,0,0,0,0,0,0,0,0,0,0,0,0,0,0,0,0,0,0,0,0,0,0,0,0,0,0,0,0,0,0,0,0,0,0,0,0,0,0,0,0,0,0,0,0,0,0,0,0,0,0,0,0,0,0,0,0,0,0,0,0,0,0,0,0,0,0,0,0,0,0,0,0,0,0,0,0,0,0,0,0,0,0,0,0,0,0,0,0,0,0,0,0,0,0,0,0,0,0,0,0,0,0,0,0,0,0,0,0,0,0,0,0,0,0,0,0,0,0,0,0,0,0,0,0,0,0,0,0,0,0,0,0,0,0,0,0,0,0,0,0,0,0
3.601799555,-10.0,0.0,0.0,0.0,0.0,0.0,0,0,0,0,0,0,5.0,0.0,0.0,4.14,-2.5,-1.0,0.0,0.0,0.0,4.14,-0.5,-1.0,0.0,0.0,0.0,4.14,1.5,-1.0,0.0,0.0,0.0,4.14,-2.5,1.0,0.0,0.0,0.0,4.14,-0.5,1.0,0.0,0.0,0.0,4.14,1.5,1.0,0.0,0.0,0.0,2.77,-0.85,-1.0,0.0,0.0,0.0,2.77,1.15,-1.0,0.0,0.0,0.0,2.77,3.15,-1.0,0.0,0.0,0.0,2.77,5.15,-1.0,0.0,0.0,0.0,2.77,-0.85,1.0,0.0,0.0,0.0,2.77,1.15,1.0,0.0,0.0,0.0,2.77,3.15,1.0,0.0,0.0,0.0,2.77,5.15,1.0,0.0,0.0,0.0,8.34,1.9260000000000086,-1.3724000000000531,0.0,-1.1499999999999844,0.45999999999990493,8.34,3.926000000000009,-1.3724000000000531,0.0,-1.1499999999999844,0.45999999999990493,-2.99,2.391599999999952,-0.8391999999999975,0.0,-1.6400000000000858,0.43000000000004146,-2.99,4.3915999999999515,-0.8391999999999975,0.0,-1.6400000000000858,0.43000000000004146,0,0,0,0,0,0,0,0,0,0,0,0,0,0,0,0,0,0,0,0,0,0,0,0,0,0,0,0,0,0,0,0,0,0,0,0,0,0,0,0,0,0,0,0,0,0,0,0,0,0,0,0,0,0,0,0,0,0,0,0,0,0,0,0,0,0,0,0,0,0,0,0,0,0,0,0,0,0,0,0,0,0,0,0,0,0,0,0,0,0,0,0,0,0,0,0,0,0,0,0,0,0,0,0,0,0,0,0,0,0,0,0,0,0,0,0,0,0,0,0,0,0,0,0,0,0,0,0,0,0,0,0,0,0,0,0,0,0,0,0,0,0,0,0,0,0,0,0,0,0,0,0,0,0,0,0,0,0,0,0,0,0,0,0,0,0,0,0,0,0,0,0,0,0,0,0,0,0,0,0,0,0,0,0,0,0,0,0,0,0,0,0
3.701536783,-10.0,0.0,0.0,0.0,0.0,0.0,0,0,0,0,0,0,5.0,0.0,0.0,4.14,-2.5,-1.0,0.0,0.0,0.0,4.14,-0.5,-1.0,0.0,0.0,0.0,4.14,1.5,-1.0,0.0,0.0,0.0,4.14,-2.5,1.0,0.0,0.0,0.0,4.14,-0.5,1.0,0.0,0.0,0.0,4.14,1.5,1.0,0.0,0.0,0.0,2.77,-0.85,-1.0,0.0,0.0,0.0,2.77,1.15,-1.0,0.0,0.0,0.0,2.77,3.15,-1.0,0.0,0.0,0.0,2.77,5.15,-1.0,0.0,0.0,0.0,2.77,-0.85,1.0,0.0,0.0,0.0,2.77,1.15,1.0,0.0,0.0,0.0,2.77,3.15,1.0,0.0,0.0,0.0,2.77,5.15,1.0,0.0,0.0,0.0,8.34,1.8340000000000098,-1.3356000000000607,0.0,-1.1499999999999844,0.45999999999990493,8.34,3.8340000000000103,-1.3356000000000607,0.0,-1.1499999999999844,0.45999999999990493,-2.99,2.260399999999945,-0.8047999999999942,0.0,-1.6400000000000858,0.43000000000004146,-2.99,4.260399999999945,-0.8047999999999942,0.0,-1.6400000000000858,0.43000000000004146,0,0,0,0,0,0,0,0,0,0,0,0,0,0,0,0,0,0,0,0,0,0,0,0,0,0,0,0,0,0,0,0,0,0,0,0,0,0,0,0,0,0,0,0,0,0,0,0,0,0,0,0,0,0,0,0,0,0,0,0,0,0,0,0,0,0,0,0,0,0,0,0,0,0,0,0,0,0,0,0,0,0,0,0,0,0,0,0,0,0,0,0,0,0,0,0,0,0,0,0,0,0,0,0,0,0,0,0,0,0,0,0,0,0,0,0,0,0,0,0,0,0,0,0,0,0,0,0,0,0,0,0,0,0,0,0,0,0,0,0,0,0,0,0,0,0,0,0,0,0,0,0,0,0,0,0,0,0,0,0,0,0,0,0,0,0,0,0,0,0,0,0,0,0,0,0,0,0,0,0,0,0,0,0,0,0,0,0,0,0,0,0
3.801400767,-10.0,0.0,0.0,0.0,0.0,0.0,0,0,0,0,0,0,5.0,0.0,0.0,4.14,-2.5,-1.0,0.0,0.0,0.0,4.14,-0.5,-1.0,0.0,0.0,0.0,4.14,1.5,-1.0,0.0,0.0,0.0,4.14,-2.5,1.0,0.0,0.0,0.0,4.14,-0.5,1.0,0.0,0.0,0.0,4.14,1.5,1.0,0.0,0.0,0.0,2.77,-0.85,-1.0,0.0,0.0,0.0,2.77,1.15,-1.0,0.0,0.0,0.0,2.77,3.15,-1.0,0.0,0.0,0.0,2.77,5.15,-1.0,0.0,0.0,0.0,2.77,-0.85,1.0,0.0,0.0,0.0,2.77,1.15,1.0,0.0,0.0,0.0,2.77,3.15,1.0,0.0,0.0,0.0,2.77,5.15,1.0,0.0,0.0,0.0,8.34,1.742000000000011,-1.2988000000000683,0.0,-1.1499999999999844,0.45999999999990493,8.34,3.7420000000000115,-1.2988000000000683,0.0,-1.1499999999999844,0.45999999999990493,-2.99,2.1291999999999383,-0.7703999999999909,0.0,-1.6400000000000858,0.43000000000004146,-2.99,4.129199999999938,-0.7703999999999909,0.0,-1.6400000000000858,0.43000000000004146,0,0,0,0,0,0,0,0,0,0,0,0,0,0,0,0,0,0,0,0,0,0,0,0,0,0,0,0,0,0,0,0,0,0,0,0,0,0,0,0,0,0,0,0,0,0,0,0,0,0,0,0,0,0,0,0,0,0,0,0,0,0,0,0,0,0,0,0,0,0,0,0,0,0,0,0,0,0,0,0,0,0,0,0,0,0,0,0,0,0,0,0,0,0,0,0,0,0,0,0,0,0,0,0,0,0,0,0,0,0,0,0,0,0,0,0,0,0,0,0,0,0,0,0,0,0,0,0,0,0,0,0,0,0,0,0,0,0,0,0,0,0,0,0,0,0,0,0,0,0,0,0,0,0,0,0,0,0,0,0,0,0,0,0,0,0,0,0,0,0,0,0,0,0,0,0,0,0,0,0,0,0,0,0,0,0,0,0,0,0,0,0
3.906818274,-10.0,0.0,0.0,0.0,0.0,0.0,0,0,0,0,0,0,5.0,0.0,0.0,4.14,-2.5,-1.0,0.0,0.0,0.0,4.14,-0.5,-1.0,0.0,0.0,0.0,4.14,1.5,-1.0,0.0,0.0,0.0,4.14,-2.5,1.0,0.0,0.0,0.0,4.14,-0.5,1.0,0.0,0.0,0.0,4.14,1.5,1.0,0.0,0.0,0.0,2.77,-0.85,-1.0,0.0,0.0,0.0,2.77,1.15,-1.0,0.0,0.0,0.0,2.77,3.15,-1.0,0.0,0.0,0.0,2.77,5.15,-1.0,0.0,0.0,0.0,2.77,-0.85,1.0,0.0,0.0,0.0,2.77,1.15,1.0,0.0,0.0,0.0,2.77,3.15,1.0,0.0,0.0,0.0,2.77,5.15,1.0,0.0,0.0,0.0,8.34,1.6500000000000123,-1.262000000000076,0.0,-1.1499999999999844,0.45999999999990493,8.34,3.627000000000013,-1.2528000000000779,0.0,-1.1499999999999844,0.45999999999990493,-2.99,1.9651999999999297,-0.7273999999999867,0.0,-1.6400000000000858,0.43000000000004146,-2.99,3.9651999999999292,-0.7273999999999867,0.0,-1.6400000000000858,0.43000000000004146,0,0,0,0,0,0,0,0,0,0,0,0,0,0,0,0,0,0,0,0,0,0,0,0,0,0,0,0,0,0,0,0,0,0,0,0,0,0,0,0,0,0,0,0,0,0,0,0,0,0,0,0,0,0,0,0,0,0,0,0,0,0,0,0,0,0,0,0,0,0,0,0,0,0,0,0,0,0,0,0,0,0,0,0,0,0,0,0,0,0,0,0,0,0,0,0,0,0,0,0,0,0,0,0,0,0,0,0,0,0,0,0,0,0,0,0,0,0,0,0,0,0,0,0,0,0,0,0,0,0,0,0,0,0,0,0,0,0,0,0,0,0,0,0,0,0,0,0,0,0,0,0,0,0,0,0,0,0,0,0,0,0,0,0,0,0,0,0,0,0,0,0,0,0,0,0,0,0,0,0,0,0,0,0,0,0,0,0,0,0,0,0
4.003209652,-10.0,0.0,0.0,0.0,0.0,0.0,0,0,0,0,0,0,5.0,0.0,0.0,4.14,-2.5,-1.0,0.0,0.0,0.0,4.14,-0.5,-1.0,0.0,0.0,0.0,4.14,1.5,-1.0,0.0,0.0,0.0,4.14,-2.5,1.0,0.0,0.0,0.0,4.14,-0.5,1.0,0.0,0.0,0.0,4.14,1.5,1.0,0.0,0.0,0.0,2.77,-0.85,-1.0,0.0,0.0,0.0,2.77,1.15,-1.0,0.0,0.0,0.0,2.77,3.15,-1.0,0.0,0.0,0.0,2.77,5.15,-1.0,0.0,0.0,0.0,2.77,-0.85,1.0,0.0,0.0,0.0,2.77,1.15,1.0,0.0,0.0,0.0,2.77,3.15,1.0,0.0,0.0,0.0,2.77,5.15,1.0,0.0,0.0,0.0,8.34,1.535000000000014,-1.2160000000000855,0.0,-1.1499999999999844,0.45999999999990493,8.34,3.5350000000000144,-1.2160000000000855,0.0,-1.1499999999999844,0.45999999999990493,-2.99,1.8339999999999228,-0.6929999999999834,0.0,-1.6400000000000858,0.43000000000004146,-2.99,3.8339999999999224,-0.6929999999999834,0.0,-1.6400000000000858,0.43000000000004146,0,0,0,0,0,0,0,0,0,0,0,0,0,0,0,0,0,0,0,0,0,0,0,0,0,0,0,0,0,0,0,0,0,0,0,0,0,0,0,0,0,0,0,0,0,0,0,0,0,0,0,0,0,0,0,0,0,0,0,0,0,0,0,0,0,0,0,0,0,0,0,0,0,0,0,0,0,0,0,0,0,0,0,0,0,0,0,0,0,0,0,0,0,0,0,0,0,0,0,0,0,0,0,0,0,0,0,0,0,0,0,0,0,0,0,0,0,0,0,0,0,0,0,0,0,0,0,0,0,0,0,0,0,0,0,0,0,0,0,0,0,0,0,0,0,0,0,0,0,0,0,0,0,0,0,0,0,0,0,0,0,0,0,0,0,0,0,0,0,0,0,0,0,0,0,0,0,0,0,0,0,0,0,0,0,0,0,0,0,0,0,0
4.101787818,-10.0,0.0,0.0,0.0,0.0,0.0,0,0,0,0,0,0,5.0,0.0,0.0,4.14,-2.5,-1.0,0.0,0.0,0.0,4.14,-0.5,-1.0,0.0,0.0,0.0,4.14,1.5,-1.0,0.0,0.0,0.0,4.14,-2.5,1.0,0.0,0.0,0.0,4.14,-0.5,1.0,0.0,0.0,0.0,4.14,1.5,1.0,0.0,0.0,0.0,2.77,-0.85,-1.0,0.0,0.0,0.0,2.77,1.15,-1.0,0.0,0.0,0.0,2.77,3.15,-1.0,0.0,0.0,0.0,2.77,5.15,-1.0,0.0,0.0,0.0,2.77,-0.85,1.0,0.0,0.0,0.0,2.77,1.15,1.0,0.0,0.0,0.0,2.77,3.15,1.0,0.0,0.0,0.0,2.77,5.15,1.0,0.0,0.0,0.0,8.34,1.4430000000000152,-1.179200000000093,0.0,-1.1499999999999844,0.45999999999990493,8.34,3.4430000000000156,-1.179200000000093,0.0,-1.1499999999999844,0.45999999999990493,-2.99,1.702799999999916,-0.6585999999999801,0.0,-1.6400000000000858,0.43000000000004146,-2.99,3.7027999999999155,-0.6585999999999801,0.0,-1.6400000000000858,0.43000000000004146,0,0,0,0,0,0,0,0,0,0,0,0,0,0,0,0,0,0,0,0,0,0,0,0,0,0,0,0,0,0,0,0,0,0,0,0,0,0,0,0,0,0,0,0,0,0,0,0,0,0,0,0,0,0,0,0,0,0,0,0,0,0,0,0,0,0,0,0,0,0,0,0,0,0,0,0,0,0,0,0,0,0,0,0,0,0,0,0,0,0,0,0,0,0,0,0,0,0,0,0,0,0,0,0,0,0,0,0,0,0,0,0,0,0,0,0,0,0,0,0,0,0,0,0,0,0,0,0,0,0,0,0,0,0,0,0,0,0,0,0,0,0,0,0,0,0,0,0,0,0,0,0,0,0,0,0,0,0,0,0,0,0,0,0,0,0,0,0,0,0,0,0,0,0,0,0,0,0,0,0,0,0,0,0,0,0,0,0,0,0,0,0
4.203515055,-9.999300000000002,-0.0007000000000000001,-0.0007000000000000001,0.06999999999983686,-0.07000000000000002,-0.07000000000000002,0.1,-0.1,-0.1,2.9975854554190846,-2.922808780500419,-2.623852617950046,5.0,0.0,0.0,4.14,-2.5,-1.0,0.0,0.0,0.0,4.14,-0.5,-1.0,0.0,0.0,0.0,4.14,1.5,-1.0,0.0,0.0,0.0,4.14,-2.5,1.0,0.0,0.0,0.0,4.14,-0.5,1.0,0.0,0.0,0.0,4.14,1.5,1.0,0.0,0.0,0.0,2.77,-0.85,-1.0,0.0,0.0,0.0,2.77,1.15,-1.0,0.0,0.0,0.0,2.77,3.15,-1.0,0.0,0.0,0.0,2.77,5.15,-1.0,0.0,0.0,0.0,2.77,-0.85,1.0,0.0,0.0,0.0,2.77,1.15,1.0,0.0,0.0,0.0,2.77,3.15,1.0,0.0,0.0,0.0,2.77,5.15,1.0,0.0,0.0,0.0,8.34,1.374000000000016,-1.1516000000000988,0.0,-1.1499999999999844,0.45999999999990493,8.34,3.3740000000000165,-1.1516000000000988,0.0,-1.1499999999999844,0.45999999999990493,-2.99,1.6043999999999108,-0.6327999999999776,0.0,-1.6400000000000858,0.43000000000004146,-2.99,3.6043999999999103,-0.6327999999999776,0.0,-1.6400000000000858,0.43000000000004146,0,0,0,0,0,0,0,0,0,0,0,0,0,0,0,0,0,0,0,0,0,0,0,0,0,0,0,0,0,0,0,0,0,0,0,0,0,0,0,0,0,0,0,0,0,0,0,0,0,0,0,0,0,0,0,0,0,0,0,0,0,0,0,0,0,0,0,0,0,0,0,0,0,0,0,0,0,0,0,0,0,0,0,0,0,0,0,0,0,0,0,0,0,0,0,0,0,0,0,0,0,0,0,0,0,0,0,0,0,0,0,0,0,0,0,0,0,0,0,0,0,0,0,0,0,0,0,0,0,0,0,0,0,0,0,0,0,0,0,0,0,0,0,0,0,0,0,0,0,0,0,0,0,0,0,0,0,0,0,0,0,0,0,0,0,0,0,0,0,0,0,0,0,0,0,0,0,0,0,0,0,0,0,0,0,0,0,0,0,0,0,0
4.301309627,-9.992873000000012,-0.0071270000000000005,-0.0071270000000000005,0.14270000000013994,-0.14269999999999983,-0.14269999999999983,0.161,-0.161,-0.161,3.0627506909146187,-2.0994984213314427,-2.9971656839080647,4.999999828811675,0.0009251711249882821,0.0009251711249882821,4.14,-2.5,-1.0,0.0,0.0,0.0,4.14,-0.5,-1.0,0.0,0.0,0.0,4.14,1.5,-1.0,0.0,0.0,0.0,4.14,-2.5,1.0,0.0,0.0,0.0,4.14,-0.5,1.0,0.0,0.0,0.0,4.14,1.5,1.0,0.0,0.0,0.0,2.77,-0.85,-1.0,0.0,0.0,0.0,2.77,1.15,-1.0,0.0,0.0,0.0,2.77,3.15,-1.0,0.0,0.0,0.0,2.77,5.15,-1.0,0.0,0.0,0.0,2.77,-0.85,1.0,0.0,0.0,0.0,2.77,1.15,1.0,0.0,0.0,0.0,2.77,3.15,1.0,0.0,0.0,0.0,2.77,5.15,1.0,0.0,0.0,0.0,8.34,1.305000000000017,-1.1240000000001045,0.0,-1.1499999999999844,0.45999999999990493,8.34,3.3050000000000175,-1.1240000000001045,0.0,-1.1499999999999844,0.45999999999990493,-2.99,1.5059999999999056,-0.6069999999999751,0.0,-1.6400000000000858,0.43000000000004146,-2.99,3.505999999999905,-0.6069999999999751,0.0,-1.6400000000000858,0.43000000000004146,0,0,0,0,0,0,0,0,0,0,0,0,0,0,0,0,0,0,0,0,0,0,0,0,0,0,0,0,0,0,0,0,0,0,0,0,0,0,0,0,0,0,0,0,0,0,0,0,0,0,0,0,0,0,0,0,0,0,0,0,0,0,0,0,0,0,0,0,0,0,0,0,0,0,0,0,0,0,0,0,0,0,0,0,0,0,0,0,0,0,0,0,0,0,0,0,0,0,0,0,0,0,0,0,0,0,0,0,0,0,0,0,0,0,0,0,0,0,0,0,0,0,0,0,0,0,0,0,0,0,0,0,0,0,0,0,0,0,0,0,0,0,0,0,0,0,0,0,0,0,0,0,0,0,0,0,0,0,0,0,0,0,0,0,0,0,0,0,0,0,0,0,0,0,0,0,0,0,0,0,0,0,0,0,0,0,0,0,0,0,0,0
4.402961788,-9.986187000000003,-0.013812999999999995,-0.013812999999999995,0.18560000000000798,-0.18560000000000038,-0.18560000000000038,0.202,-0.202,-0.202,3.1115232317063524,-3.0544953149566845,-2.4166570721042198,4.999998438019836,0.0027946197591355434,0.0027946197591355434,4.14,-2.5,-1.0,0.0,0.0,0.0,4.14,-0.5,-1.0,0.0,0.0,0.0,4.14,1.5,-1.0,0.0,0.0,0.0,4.14,-2.5,1.0,0.0,0.0,0.0,4.14,-0.5,1.0,0.0,0.0,0.0,4.14,1.5,1.0,0.0,0.0,0.0,2.77,-0.85,-1.0,0.0,0.0,0.0,2.77,1.15,-1.0,0.0,0.0,0.0,2.77,3.15,-1.0,0.0,0.0,0.0,2.77,5.15,-1.0,0.0,0.0,0.0,2.77,-0.85,1.0,0.0,0.0,0.0,2.77,1.15,1.0,0.0,0.0,0.0,2.77,3.15,1.0,0.0,0.0,0.0,2.77,5.15,1.0,0.0,0.0,0.0,8.34,1.2590000000000177,-1.1056000000001083,0.0,-1.1499999999999844,0.45999999999990493,8.34,3.259000000000018,-1.1056000000001083,0.0,-1.1499999999999844,0.45999999999990493,-2.99,1.4403999999999022,-0.5897999999999735,0.0,-1.6400000000000858,0.43000000000004146,-2.99,3.4403999999999018,-0.5897999999999735,0.0,-1.6400000000000858,0.43000000000004146,0,0,0,0,0,0,0,0,0,0,0,0,0,0,0,0,0,0,0,0,0,0,0,0,0,0,0,0,0,0,0,0,0,0,0,0,0,0,0,0,0,0,0,0,0,0,0,0,0,0,0,0,0,0,0,0,0,0,0,0,0,0,0,0,0,0,0,0,0,0,0,0,0,0,0,0,0,0,0,0,0,0,0,0,0,0,0,0,0,0,0,0,0,0,0,0,0,0,0,0,0,0,0,0,0,0,0,0,0,0,0,0,0,0,0,0,0,0,0,0,0,0,0,0,0,0,0,0,0,0,0,0,0,0,0,0,0,0,0,0,0,0,0,0,0,0,0,0,0,0,0,0,0,0,0,0,0,0,0,0,0,0,0,0,0,0,0,0,0,0,0,0,0,0,0,0,0,0,0,0,0,0,0,0,0,0,0,0,0,0,0,0
4.501306166,-9.974002000000015,-0.025998000000000042,-0.025998000000000042,0.208499999999745,-0.2085000000000007,-0.2085000000000007,0.267,-0.267,-0.267,3.1991933586574435,-1.826371086912477,-3.1612429622628175,4.99999441069345,0.005286446550732189,0.005286446550732189,4.14,-2.5,-1.0,0.0,0.0,0.0,4.14,-0.5,-1.0,0.0,0.0,0.0,4.14,1.5,-1.0,0.0,0.0,0.0,4.14,-2.5,1.0,0.0,0.0,0.0,4.14,-0.5,1.0,0.0,0.0,0.0,4.14,1.5,1.0,0.0,0.0,0.0,2.77,-0.85,-1.0,0.0,0.0,0.0,2.77,1.15,-1.0,0.0,0.0,0.0,2.77,3.15,-1.0,0.0,0.0,0.0,2.77,5.15,-1.0,0.0,0.0,0.0,2.77,-0.85,1.0,0.0,0.0,0.0,2.77,1.15,1.0,0.0,0.0,0.0,2.77,3.15,1.0,0.0,0.0,0.0,2.77,5.15,1.0,0.0,0.0,0.0,8.34,1.1900000000000186,-1.078000000000114,0.0,-1.1499999999999844,0.45999999999990493,8.34,3.190000000000019,-1.078000000000114,0.0,-1.1499999999999844,0.45999999999990493,-2.99,1.341999999999897,-0.563999999999971,0.0,-1.6400000000000858,0.43000000000004146,-2.99,3.3419999999998966,-0.563999999999971,0.0,-1.6400000000000858,0.43000000000004146,0,0,0,0,0,0,0,0,0,0,0,0,0,0,0,0,0,0,0,0,0,0,0,0,0,0,0,0,0,0,0,0,0,0,0,0,0,0,0,0,0,0,0,0,0,0,0,0,0,0,0,0,0,0,0,0,0,0,0,0,0,0,0,0,0,0,0,0,0,0,0,0,0,0,0,0,0,0,0,0,0,0,0,0,0,0,0,0,0,0,0,0,0,0,0,0,0,0,0,0,0,0,0,0,0,0,0,0,0,0,0,0,0,0,0,0,0,0,0,0,0,0,0,0,0,0,0,0,0,0,0,0,0,0,0,0,0,0,0,0,0,0,0,0,0,0,0,0,0,0,0,0,0,0,0,0,0,0,0,0,0,0,0,0,0,0,0,0,0,0,0,0,0,0,0,0,0,0,0,0,0,0,0,0,0,0,0,0,0,0,0,0
4.601793911,-9.96332200000005,-0.036678000000000106,-0.036678000000000106,0.26699999999912905,-0.2670000000000034,-0.2670000000000034,0.309,-0.309,-0.309,3.250511509623529,-3.0681476643537664,-2.0771003030634954,4.99998768560669,0.007846775817605726,0.007846775817605726,4.14,-2.5,-1.0,0.0,0.0,0.0,4.14,-0.5,-1.0,0.0,0.0,0.0,4.14,1.5,-1.0,0.0,0.0,0.0,4.14,-2.5,1.0,0.0,0.0,0.0,4.14,-0.5,1.0,0.0,0.0,0.0,4.14,1.5,1.0,0.0,0.0,0.0,2.77,-0.85,-1.0,0.0,0.0,0.0,2.77,1.15,-1.0,0.0,0.0,0.0,2.77,3.15,-1.0,0.0,0.0,0.0,2.77,5.15,-1.0,0.0,0.0,0.0,2.77,-0.85,1.0,0.0,0.0,0.0,2.77,1.15,1.0,0.0,0.0,0.0,2.77,3.15,1.0,0.0,0.0,0.0,2.77,5.15,1.0,0.0,0.0,0.0,8.34,1.1440000000000192,-1.0596000000001178,0.0,-1.1499999999999844,0.45999999999990493,8.34,3.1440000000000197,-1.0596000000001178,0.0,-1.1499999999999844,0.45999999999990493,-2.99,1.2763999999998936,-0.5467999999999693,0.0,-1.6400000000000858,0.43000000000004146,-2.99,3.276399999999893,-0.5467999999999693,0.0,-1.6400000000000858,0.43000000000004146,0,0,0,0,0,0,0,0,0,0,0,0,0,0,0,0,0,0,0,0,0,0,0,0,0,0,0,0,0,0,0,0,0,0,0,0,0,0,0,0,0,0,0,0,0,0,0,0,0,0,0,0,0,0,0,0,0,0,0,0,0,0,0,0,0,0,0,0,0,0,0,0,0,0,0,0,0,0,0,0,0,0,0,0,0,0,0,0,0,0,0,0,0,0,0,0,0,0,0,0,0,0,0,0,0,0,0,0,0,0,0,0,0,0,0,0,0,0,0,0,0,0,0,0,0,0,0,0,0,0,0,0,0,0,0,0,0,0,0,0,0,0,0,0,0,0,0,0,0,0,0,0,0,0,0,0,0,0,0,0,0,0,0,0,0,0,0,0,0,0,0,0,0,0,0,0,0,0,0,0,0,0,0,0,0,0,0,0,0,0,0,0
4.701451313,-9.951004000000063,-0.048995999999999984,-0.048995999999999984,0.30899999999967065,-0.3089999999999967,-0.3089999999999967,0.351,-0.351,-0.351,3.3065721707179465,-1.8142898111299988,-3.1110305918582846,4.999974597181354,0.011270038623693735,0.011270038623693735,4.14,-2.5,-1.0,0.0,0.0,0.0,4.14,-0.5,-1.0,0.0,0.0,0.0,4.14,1.5,-1.0,0.0,0.0,0.0,4.14,-2.5,1.0,0.0,0.0,0.0,4.14,-0.5,1.0,0.0,0.0,0.0,4.14,1.5,1.0,0.0,0.0,0.0,2.77,-0.85,-1.0,0.0,0.0,0.0,2.77,1.15,-1.0,0.0,0.0,0.0,2.77,3.15,-1.0,0.0,0.0,0.0,2.77,5.15,-1.0,0.0,0.0,0.0,2.77,-0.85,1.0,0.0,0.0,0.0,2.77,1.15,1.0,0.0,0.0,0.0,2.77,3.15,1.0,0.0,0.0,0.0,2.77,5.15,1.0,0.0,0.0,0.0,8.34,1.0980000000000198,-1.0412000000001216,0.0,-1.1499999999999844,0.45999999999990493,8.34,3.0750000000000206,-1.0320000000001235,0.0,-1.1499999999999844,0.45999999999990493,-2.99,1.1779999999998885,-0.5209999999999668,0.0,-1.6400000000000858,0.43000000000004146,-2.99,3.2107999999998897,-0.5295999999999677,0.0,-1.6400000000000858,0.43000000000004146,0,0,0,0,0,0,0,0,0,0,0,0,0,0,0,0,0,0,0,0,0,0,0,0,0,0,0,0,0,0,0,0,0,0,0,0,0,0,0,0,0,0,0,0,0,0,0,0,0,0,0,0,0,0,0,0,0,0,0,0,0,0,0,0,0,0,0,0,0,0,0,0,0,0,0,0,0,0,0,0,0,0,0,0,0,0,0,0,0,0,0,0,0,0,0,0,0,0,0,0,0,0,0,0,0,0,0,0,0,0,0,0,0,0,0,0,0,0,0,0,0,0,0,0,0,0,0,0,0,0,0,0,0,0,0,0,0,0,0,0,0,0,0,0,0,0,0,0,0,0,0,0,0,0,0,0,0,0,0,0,0,0,0,0,0,0,0,0,0,0,0,0,0,0,0,0,0,0,0,0,0,0,0,0,0,0,0,0,0,0,0,0
4.805170153,-9.930154000000053,-0.06984599999999995,-0.06984599999999995,0.35100000000021225,-0.35100000000000403,-0.35100000000000403,0.40599999999999997,-0.40599999999999997,-0.40599999999999997,3.34168346890133,-2.148006681900122,-2.7681979465186175,4.999949231171568,0.01593244656115013,0.01593244656115013,4.14,-2.5,-1.0,0.0,0.0,0.0,4.14,-0.5,-1.0,0.0,0.0,0.0,4.14,1.5,-1.0,0.0,0.0,0.0,4.14,-2.5,1.0,0.0,0.0,0.0,4.14,-0.5,1.0,0.0,0.0,0.0,4.14,1.5,1.0,0.0,0.0,0.0,2.77,-0.85,-1.0,0.0,0.0,0.0,2.77,1.15,-1.0,0.0,0.0,0.0,2.77,3.15,-1.0,0.0,0.0,0.0,2.77,5.15,-1.0,0.0,0.0,0.0,2.77,-0.85,1.0,0.0,0.0,0.0,2.77,1.15,1.0,0.0,0.0,0.0,2.77,3.15,1.0,0.0,0.0,0.0,2.77,5.15,1.0,0.0,0.0,0.0,8.34,1.0290000000000208,-1.0136000000001273,0.0,-1.1499999999999844,0.45999999999990493,8.34,3.0290000000000212,-1.0136000000001273,0.0,-1.1499999999999844,0.45999999999990493,-2.99,1.112399999999885,-0.5037999999999652,0.0,-1.6400000000000858,0.43000000000004146,-2.99,3.1123999999998846,-0.5037999999999652,0.0,-1.6400000000000858,0.43000000000004146,0,0,0,0,0,0,0,0,0,0,0,0,0,0,0,0,0,0,0,0,0,0,0,0,0,0,0,0,0,0,0,0,0,0,0,0,0,0,0,0,0,0,0,0,0,0,0,0,0,0,0,0,0,0,0,0,0,0,0,0,0,0,0,0,0,0,0,0,0,0,0,0,0,0,0,0,0,0,0,0,0,0,0,0,0,0,0,0,0,0,0,0,0,0,0,0,0,0,0,0,0,0,0,0,0,0,0,0,0,0,0,0,0,0,0,0,0,0,0,0,0,0,0,0,0,0,0,0,0,0,0,0,0,0,0,0,0,0,0,0,0,0,0,0,0,0,0,0,0,0,0,0,0,0,0,0,0,0,0,0,0,0,0,0,0,0,0,0,0,0,0,0,0,0,0,0,0,0,0,0,0,0,0,0,0,0,0,0,0,0,0,0
4.901635173,-9.905513000000054,-0.09448700000000017,-0.09448700000000017,0.4396000000003397,-0.4396000000000039,-0.4396000000000039,0.46199999999999997,-0.46199999999999997,-0.46199999999999997,3.3987026392815793,-3.3600442857677266,-1.3469488267536716,4.999909319425521,0.02129316230414688,0.02129316230414688,4.14,-2.5,-1.0,0.0,0.0,0.0,4.14,-0.5,-1.0,0.0,0.0,0.0,4.14,1.5,-1.0,0.0,0.0,0.0,4.14,-2.5,1.0,0.0,0.0,0.0,4.14,-0.5,1.0,0.0,0.0,0.0,4.14,1.5,1.0,0.0,0.0,0.0,2.77,-0.85,-1.0,0.0,0.0,0.0,2.77,1.15,-1.0,0.0,0.0,0.0,2.77,3.15,-1.0,0.0,0.0,0.0,2.77,5.15,-1.0,0.0,0.0,0.0,2.77,-0.85,1.0,0.0,0.0,0.0,2.77,1.15,1.0,0.0,0.0,0.0,2.77,3.15,1.0,0.0,0.0,0.0,2.77,5.15,1.0,0.0,0.0,0.0,8.34,0.9600000000000217,-0.9860000000001296,0.0,-1.1499999999999844,0.46000000000001595,8.34,2.960000000000022,-0.9860000000001296,0.0,-1.1499999999999844,0.46000000000001595,-2.99,1.0139999999998799,-0.47799999999996556,0.0,-1.6400000000000858,0.42999999999998595,-2.99,3.0139999999998794,-0.47799999999996556,0.0,-1.6400000000000858,0.42999999999998595,0,0,0,0,0,0,0,0,0,0,0,0,0,0,0,0,0,0,0,0,0,0,0,0,0,0,0,0,0,0,0,0,0,0,0,0,0,0,0,0,0,0,0,0,0,0,0,0,0,0,0,0,0,0,0,0,0,0,0,0,0,0,0,0,0,0,0,0,0,0,0,0,0,0,0,0,0,0,0,0,0,0,0,0,0,0,0,0,0,0,0,0,0,0,0,0,0,0,0,0,0,0,0,0,0,0,0,0,0,0,0,0,0,0,0,0,0,0,0,0,0,0,0,0,0,0,0,0,0,0,0,0,0,0,0,0,0,0,0,0,0,0,0,0,0,0,0,0,0,0,0,0,0,0,0,0,0,0,0,0,0,0,0,0,0,0,0,0,0,0,0,0,0,0,0,0,0,0,0,0,0,0,0,0,0,0,0,0,0,0,0,0
5.001990995,-9.877665000000016,-0.1223350000000004,-0.1223350000000004,0.4748000000006414,-0.47480000000000305,-0.47480000000000305,0.526,-0.526,-0.526,3.4353227987456565,-2.5955639202503016,-2.293697249127347,4.999837322873695,0.028519684423276785,0.028519684423276785,4.14,-2.5,-1.0,0.0,0.0,0.0,4.14,-0.5,-1.0,0.0,0.0,0.0,4.14,1.5,-1.0,0.0,0.0,0.0,4.14,-2.5,1.0,0.0,0.0,0.0,4.14,-0.5,1.0,0.0,0.0,0.0,4.14,1.5,1.0,0.0,0.0,0.0,2.77,-0.85,-1.0,0.0,0.0,0.0,2.77,1.15,-1.0,0.0,0.0,0.0,2.77,3.15,-1.0,0.0,0.0,0.0,2.77,5.15,-1.0,0.0,0.0,0.0,2.77,-0.85,1.0,0.0,0.0,0.0,2.77,1.15,1.0,0.0,0.0,0.0,2.77,3.15,1.0,0.0,0.0,0.0,2.77,5.15,1.0,0.0,0.0,0.0,8.34,0.8910000000000227,-0.9584000000001286,0.0,-1.1499999999999844,0.46000000000001595,8.34,2.891000000000023,-0.9584000000001286,0.0,-1.1499999999999844,0.46000000000001595,-2.99,0.9155999999998804,-0.4521999999999664,0.0,-1.6399999999999864,0.42999999999998595,-2.99,2.9155999999998743,-0.4521999999999664,0.0,-1.6400000000000858,0.42999999999998595,0,0,0,0,0,0,0,0,0,0,0,0,0,0,0,0,0,0,0,0,0,0,0,0,0,0,0,0,0,0,0,0,0,0,0,0,0,0,0,0,0,0,0,0,0,0,0,0,0,0,0,0,0,0,0,0,0,0,0,0,0,0,0,0,0,0,0,0,0,0,0,0,0,0,0,0,0,0,0,0,0,0,0,0,0,0,0,0,0,0,0,0,0,0,0,0,0,0,0,0,0,0,0,0,0,0,0,0,0,0,0,0,0,0,0,0,0,0,0,0,0,0,0,0,0,0,0,0,0,0,0,0,0,0,0,0,0,0,0,0,0,0,0,0,0,0,0,0,0,0,0,0,0,0,0,0,0,0,0,0,0,0,0,0,0,0,0,0,0,0,0,0,0,0,0,0,0,0,0,0,0,0,0,0,0,0,0,0,0,0,0,0
5.103428958,-9.83409999999997,-0.1659000000000003,-0.1659000000000003,0.5810000000003868,-0.5809999999999981,-0.5809999999999981,0.5810000000000001,-0.5810000000000001,-0.5810000000000001,3.5168526507832834,-1.1249856900945532,-3.2541038283485118,4.999741264020499,0.035967296608867334,0.035967296608867334,4.14,-2.5,-1.0,0.0,0.0,0.0,4.14,-0.5,-1.0,0.0,0.0,0.0,4.14,1.5,-1.0,0.0,0.0,0.0,4.14,-2.5,1.0,0.0,0.0,0.0,4.14,-0.5,1.0,0.0,0.0,0.0,4.14,1.5,1.0,0.0,0.0,0.0,2.77,-0.85,-1.0,0.0,0.0,0.0,2.77,1.15,-1.0,0.0,0.0,0.0,2.77,3.15,-1.0,0.0,0.0,0.0,2.77,5.15,-1.0,0.0,0.0,0.0,2.77,-0.85,1.0,0.0,0.0,0.0,2.77,1.15,1.0,0.0,0.0,0.0,2.77,3.15,1.0,0.0,0.0,0.0,2.77,5.15,1.0,0.0,0.0,0.0,8.34,0.8220000000000236,-0.9308000000001276,0.0,-1.1499999999999844,0.46000000000001595,8.34,2.822000000000024,-0.9308000000001276,0.0,-1.1499999999999844,0.46000000000001595,-2.99,0.8171999999998752,-0.42639999999996725,0.0,-1.6400000000000858,0.42999999999998595,-2.99,2.817199999999869,-0.42639999999996725,0.0,-1.6400000000000858,0.42999999999998595,0,0,0,0,0,0,0,0,0,0,0,0,0,0,0,0,0,0,0,0,0,0,0,0,0,0,0,0,0,0,0,0,0,0,0,0,0,0,0,0,0,0,0,0,0,0,0,0,0,0,0,0,0,0,0,0,0,0,0,0,0,0,0,0,0,0,0,0,0,0,0,0,0,0,0,0,0,0,0,0,0,0,0,0,0,0,0,0,0,0,0,0,0,0,0,0,0,0,0,0,0,0,0,0,0,0,0,0,0,0,0,0,0,0,0,0,0,0,0,0,0,0,0,0,0,0,0,0,0,0,0,0,0,0,0,0,0,0,0,0,0,0,0,0,0,0,0,0,0,0,0,0,0,0,0,0,0,0,0,0,0,0,0,0,0,0,0,0,0,0,0,0,0,0,0,0,0,0,0,0,0,0,0,0,0,0,0,0,0,0,0,0
5.200961841,-9.79821799999994,-0.20178200000000004,-0.20178200000000004,0.6540000000008206,-0.6539999999999878,-0.6539999999999878,0.654,-0.654,-0.654,3.5454787772585967,-1.6859566289893841,-3.065477268185737,4.99957212198109,0.04625255187288259,0.04625255187288259,4.14,-2.5,-1.0,0.0,0.0,0.0,4.14,-0.5,-1.0,0.0,0.0,0.0,4.14,1.5,-1.0,0.0,0.0,0.0,4.14,-2.5,1.0,0.0,0.0,0.0,4.14,-0.5,1.0,0.0,0.0,0.0,4.14,1.5,1.0,0.0,0.0,0.0,2.77,-0.85,-1.0,0.0,0.0,0.0,2.77,1.15,-1.0,0.0,0.0,0.0,2.77,3.15,-1.0,0.0,0.0,0.0,2.77,5.15,-1.0,0.0,0.0,0.0,2.77,-0.85,1.0,0.0,0.0,0.0,2.77,1.15,1.0,0.0,0.0,0.0,2.77,3.15,1.0,0.0,0.0,0.0,2.77,5.15,1.0,0.0,0.0,0.0,8.34,0.7300000000000249,-0.8940000000001264,0.0,-1.1499999999999844,0.46000000000001595,8.34,2.7300000000000253,-0.8940000000001264,0.0,-1.1499999999999844,0.46000000000001595,-2.99,0.6859999999998684,-0.3919999999999684,0.0,-1.6400000000000858,0.42999999999998595,-2.99,2.6859999999998623,-0.3919999999999684,0.0,-1.6400000000000858,0.42999999999998595,0,0,0,0,0,0,0,0,0,0,0,0,0,0,0,0,0,0,0,0,0,0,0,0,0,0,0,0,0,0,0,0,0,0,0,0,0,0,0,0,0,0,0,0,0,0,0,0,0,0,0,0,0,0,0,0,0,0,0,0,0,0,0,0,0,0,0,0,0,0,0,0,0,0,0,0,0,0,0,0,0,0,0,0,0,0,0,0,0,0,0,0,0,0,0,0,0,0,0,0,0,0,0,0,0,0,0,0,0,0,0,0,0,0,0,0,0,0,0,0,0,0,0,0,0,0,0,0,0,0,0,0,0,0,0,0,0,0,0,0,0,0,0,0,0,0,0,0,0,0,0,0,0,0,0,0,0,0,0,0,0,0,0,0,0,0,0,0,0,0,0,0,0,0,0,0,0,0,0,0,0,0,0,0,0,0,0,0,0,0,0,0
5.302698288,-9.758245999999906,-0.24175399999999939,-0.24175399999999939,0.7149999999995771,-0.7149999999999935,-0.7149999999999935,0.7150000000000001,-0.7150000000000001,-0.7150000000000001,3.653020765964894,-2.7841330668048583,-2.0015368921681254,4.9993698402867075,0.05613020591294566,0.05613020591294566,4.14,-2.5,-1.0,0.0,0.0,0.0,4.14,-0.5,-1.0,0.0,0.0,0.0,4.14,1.5,-1.0,0.0,0.0,0.0,4.14,-2.5,1.0,0.0,0.0,0.0,4.14,-0.5,1.0,0.0,0.0,0.0,4.14,1.5,1.0,0.0,0.0,0.0,2.77,-0.85,-1.0,0.0,0.0,0.0,2.77,1.15,-1.0,0.0,0.0,0.0,2.77,3.15,-1.0,0.0,0.0,0.0,2.77,5.15,-1.0,0.0,0.0,0.0,2.77,-0.85,1.0,0.0,0.0,0.0,2.77,1.15,1.0,0.0,0.0,0.0,2.77,3.15,1.0,0.0,0.0,0.0,2.77,5.15,1.0,0.0,0.0,0.0,8.34,0.6610000000000258,-0.8664000000001254,0.0,-1.1499999999999844,0.46000000000001595,8.34,2.6610000000000262,-0.8664000000001254,0.0,-1.1499999999999844,0.46000000000001595,-2.99,0.5875999999998632,-0.3661999999999692,0.0,-1.6400000000000858,0.42999999999998595,-2.99,2.587599999999857,-0.3661999999999692,0.0,-1.6400000000000858,0.42999999999998595,0,0,0,0,0,0,0,0,0,0,0,0,0,0,0,0,0,0,0,0,0,0,0,0,0,0,0,0,0,0,0,0,0,0,0,0,0,0,0,0,0,0,0,0,0,0,0,0,0,0,0,0,0,0,0,0,0,0,0,0,0,0,0,0,0,0,0,0,0,0,0,0,0,0,0,0,0,0,0,0,0,0,0,0,0,0,0,0,0,0,0,0,0,0,0,0,0,0,0,0,0,0,0,0,0,0,0,0,0,0,0,0,0,0,0,0,0,0,0,0,0,0,0,0,0,0,0,0,0,0,0,0,0,0,0,0,0,0,0,0,0,0,0,0,0,0,0,0,0,0,0,0,0,0,0,0,0,0,0,0,0,0,0,0,0,0,0,0,0,0,0,0,0,0,0,0,0,0,0,0,0,0,0,0,0,0,0,0,0,0,0,0
5.402057896,-9.70104599999994,-0.2989540000000008,-0.2989540000000008,0.7149999999995771,-0.7150000000000212,-0.7150000000000212,0.8130000000000001,-0.8130000000000001,-0.8130000000000001,3.6973231584533313,-2.2135013943360313,-2.1251308636550164,4.998993099615937,0.0709506518372112,0.0709506518372112,4.14,-2.5,-1.0,0.0,0.0,0.0,4.14,-0.5,-1.0,0.0,0.0,0.0,4.14,1.5,-1.0,0.0,0.0,0.0,4.14,-2.5,1.0,0.0,0.0,0.0,4.14,-0.5,1.0,0.0,0.0,0.0,4.14,1.5,1.0,0.0,0.0,0.0,2.77,-0.85,-1.0,0.0,0.0,0.0,2.77,1.15,-1.0,0.0,0.0,0.0,2.77,3.15,-1.0,0.0,0.0,0.0,2.77,5.15,-1.0,0.0,0.0,0.0,2.77,-0.85,1.0,0.0,0.0,0.0,2.77,1.15,1.0,0.0,0.0,0.0,2.77,3.15,1.0,0.0,0.0,0.0,2.77,5.15,1.0,0.0,0.0,0.0,8.34,0.569000000000027,-0.8296000000001241,0.0,-1.1499999999999844,0.46000000000001595,8.34,2.5690000000000275,-0.8296000000001241,0.0,-1.1499999999999844,0.46000000000001595,-2.99,0.45639999999985786,-0.33179999999997034,0.0,-1.6400000000000303,0.42999999999998595,-2.99,2.4563999999998503,-0.33179999999997034,0.0,-1.6400000000000858,0.42999999999998595,0,0,0,0,0,0,0,0,0,0,0,0,0,0,0,0,0,0,0,0,0,0,0,0,0,0,0,0,0,0,0,0,0,0,0,0,0,0,0,0,0,0,0,0,0,0,0,0,0,0,0,0,0,0,0,0,0,0,0,0,0,0,0,0,0,0,0,0,0,0,0,0,0,0,0,0,0,0,0,0,0,0,0,0,0,0,0,0,0,0,0,0,0,0,0,0,0,0,0,0,0,0,0,0,0,0,0,0,0,0,0,0,0,0,0,0,0,0,0,0,0,0,0,0,0,0,0,0,0,0,0,0,0,0,0,0,0,0,0,0,0,0,0,0,0,0,0,0,0,0,0,0,0,0,0,0,0,0,0,0,0,0,0,0,0,0,0,0,0,0,0,0,0,0,0,0,0,0,0,0,0,0,0,0,0,0,0,0,0,0,0,0
5.501060268,-9.63573999999989,-0.36426000000000125,-0.36426000000000125,0.8759999999998769,-0.8759999999999879,-0.8759999999999879,0.8760000000000001,-0.8760000000000001,-0.8760000000000001,3.8036803482655013,-3.0270343314046873,-1.1344402965991898,4.99849134059118,0.0868456044799955,0.0868456044799955,4.14,-2.5,-1.0,0.0,0.0,0.0,4.14,-0.5,-1.0,0.0,0.0,0.0,4.14,1.5,-1.0,0.0,0.0,0.0,4.14,-2.5,1.0,0.0,0.0,0.0,4.14,-0.5,1.0,0.0,0.0,0.0,4.14,1.5,1.0,0.0,0.0,0.0,2.77,-0.85,-1.0,0.0,0.0,0.0,2.77,1.15,-1.0,0.0,0.0,0.0,2.77,3.15,-1.0,0.0,0.0,0.0,2.77,5.15,-1.0,0.0,0.0,0.0,2.77,-0.85,1.0,0.0,0.0,0.0,2.77,1.15,1.0,0.0,0.0,0.0,2.77,3.15,1.0,0.0,0.0,0.0,2.77,5.15,1.0,0.0,0.0,0.0,8.34,0.4770000000000283,-0.7928000000001229,0.0,-1.1499999999999844,0.46000000000001595,8.34,2.4770000000000287,-0.7928000000001229,0.0,-1.1499999999999844,0.46000000000001595,-2.99,0.2923999999998534,-0.28879999999997175,0.0,-1.6400000000000858,0.42999999999998595,-2.99,2.2923999999998417,-0.28879999999997175,0.0,-1.6400000000000858,0.42999999999998595,0,0,0,0,0,0,0,0,0,0,0,0,0,0,0,0,0,0,0,0,0,0,0,0,0,0,0,0,0,0,0,0,0,0,0,0,0,0,0,0,0,0,0,0,0,0,0,0,0,0,0,0,0,0,0,0,0,0,0,0,0,0,0,0,0,0,0,0,0,0,0,0,0,0,0,0,0,0,0,0,0,0,0,0,0,0,0,0,0,0,0,0,0,0,0,0,0,0,0,0,0,0,0,0,0,0,0,0,0,0,0,0,0,0,0,0,0,0,0,0,0,0,0,0,0,0,0,0,0,0,0,0,0,0,0,0,0,0,0,0,0,0,0,0,0,0,0,0,0,0,0,0,0,0,0,0,0,0,0,0,0,0,0,0,0,0,0,0,0,0,0,0,0,0,0,0,0,0,0,0,0,0,0,0,0,0,0,0,0,0,0,0
5.601628016,-9.5461599999999,-0.4538400000000008,-0.4538400000000008,0.9660000000000224,-0.9660000000000224,-0.9660000000000224,0.9660000000000001,-0.9660000000000001,-0.9660000000000001,3.874212671624692,-1.5666297424821543,-2.499987642404237,4.997755746575821,0.10591859508216554,0.10591859508216554,4.14,-2.5,-1.0,0.0,0.0,0.0,4.14,-0.5,-1.0,0.0,0.0,0.0,4.14,1.5,-1.0,0.0,0.0,0.0,4.14,-2.5,1.0,0.0,0.0,0.0,4.14,-0.5,1.0,0.0,0.0,0.0,4.14,1.5,1.0,0.0,0.0,0.0,2.77,-0.85,-1.0,0.0,0.0,0.0,2.77,1.15,-1.0,0.0,0.0,0.0,2.77,3.15,-1.0,0.0,0.0,0.0,2.77,5.15,-1.0,0.0,0.0,0.0,2.77,-0.85,1.0,0.0,0.0,0.0,2.77,1.15,1.0,0.0,0.0,0.0,2.77,3.15,1.0,0.0,0.0,0.0,2.77,5.15,1.0,0.0,0.0,0.0,8.34,0.36200000000002985,-0.7468000000001213,0.0,-1.1499999999999844,0.46000000000001595,8.34,2.3620000000000303,-0.7468000000001213,0.0,-1.1499999999999844,0.46000000000001595,-2.99,0.16119999999984805,-0.25439999999997287,0.0,-1.6400000000000579,0.42999999999998595,-2.99,2.161199999999835,-0.25439999999997287,0.0,-1.6400000000000858,0.42999999999998595,0,0,0,0,0,0,0,0,0,0,0,0,0,0,0,0,0,0,0,0,0,0,0,0,0,0,0,0,0,0,0,0,0,0,0,0,0,0,0,0,0,0,0,0,0,0,0,0,0,0,0,0,0,0,0,0,0,0,0,0,0,0,0,0,0,0,0,0,0,0,0,0,0,0,0,0,0,0,0,0,0,0,0,0,0,0,0,0,0,0,0,0,0,0,0,0,0,0,0,0,0,0,0,0,0,0,0,0,0,0,0,0,0,0,0,0,0,0,0,0,0,0,0,0,0,0,0,0,0,0,0,0,0,0,0,0,0,0,0,0,0,0,0,0,0,0,0,0,0,0,0,0,0,0,0,0,0,0,0,0,0,0,0,0,0,0,0,0,0,0,0,0,0,0,0,0,0,0,0,0,0,0,0,0,0,0,0,0,0,0,0,0
5.702930339,-9.467503999999904,-0.5324960000000031,-0.5324960000000031,1.0519999999996088,-1.052000000000053,-1.052000000000053,1.052,-1.052,-1.052,3.922855404845339,-2.765769672762335,-1.4670637632411099,4.996726121663732,0.12792197833703012,0.12792197833703012,4.14,-2.5,-1.0,0.0,0.0,0.0,4.14,-0.5,-1.0,0.0,0.0,0.0,4.14,1.5,-1.0,0.0,0.0,0.0,4.14,-2.5,1.0,0.0,0.0,0.0,4.14,-0.5,1.0,0.0,0.0,0.0,4.14,1.5,1.0,0.0,0.0,0.0,2.77,-0.85,-1.0,0.0,0.0,0.0,2.77,1.15,-1.0,0.0,0.0,0.0,2.77,3.15,-1.0,0.0,0.0,0.0,2.77,5.15,-1.0,0.0,0.0,0.0,2.77,-0.85,1.0,0.0,0.0,0.0,2.77,1.15,1.0,0.0,0.0,0.0,2.77,3.15,1.0,0.0,0.0,0.0,2.77,5.15,1.0,0.0,0.0,0.0,8.34,0.2700000000000311,-0.71000000000012,0.0,-1.1499999999999844,0.46000000000001595,8.34,2.2700000000000315,-0.71000000000012,0.0,-1.1499999999999844,0.46000000000001595,-2.99,0.029999999999842597,-0.21999999999997205,0.0,-1.640000000000072,0.4300000000000138,-2.99,2.029999999999828,-0.21999999999997205,0.0,-1.6400000000000858,0.4300000000000138,0,0,0,0,0,0,0,0,0,0,0,0,0,0,0,0,0,0,0,0,0,0,0,0,0,0,0,0,0,0,0,0,0,0,0,0,0,0,0,0,0,0,0,0,0,0,0,0,0,0,0,0,0,0,0,0,0,0,0,0,0,0,0,0,0,0,0,0,0,0,0,0,0,0,0,0,0,0,0,0,0,0,0,0,0,0,0,0,0,0,0,0,0,0,0,0,0,0,0,0,0,0,0,0,0,0,0,0,0,0,0,0,0,0,0,0,0,0,0,0,0,0,0,0,0,0,0,0,0,0,0,0,0,0,0,0,0,0,0,0,0,0,0,0,0,0,0,0,0,0,0,0,0,0,0,0,0,0,0,0,0,0,0,0,0,0,0,0,0,0,0,0,0,0,0,0,0,0,0,0,0,0,0,0,0,0,0,0,0,0,0,0
5.801521278,-9.381957999999917,-0.6180420000000072,-0.6180420000000072,1.1290000000006017,-1.1290000000000469,-1.1290000000000469,1.129,-1.129,-1.129,3.984731533257787,-1.6806014170221477,-2.386080993691085,4.99579413886949,0.14498434749524927,0.14498434749524927,4.14,-2.5,-1.0,0.0,0.0,0.0,4.14,-0.5,-1.0,0.0,0.0,0.0,4.14,1.5,-1.0,0.0,0.0,0.0,4.14,-2.5,1.0,0.0,0.0,0.0,4.14,-0.5,1.0,0.0,0.0,0.0,4.14,1.5,1.0,0.0,0.0,0.0,2.77,-0.85,-1.0,0.0,0.0,0.0,2.77,1.15,-1.0,0.0,0.0,0.0,2.77,3.15,-1.0,0.0,0.0,0.0,2.77,5.15,-1.0,0.0,0.0,0.0,2.77,-0.85,1.0,0.0,0.0,0.0,2.77,1.15,1.0,0.0,0.0,0.0,2.77,3.15,1.0,0.0,0.0,0.0,2.77,5.15,1.0,0.0,0.0,0.0,8.34,0.1780000000000306,-0.6732000000001187,0.0,-1.1500000000000123,0.46000000000001595,8.34,2.178000000000033,-0.6732000000001187,0.0,-1.1499999999999844,0.46000000000001595,-2.99,-0.10120000000016158,-0.18559999999997095,0.0,-1.6400000000000303,0.4300000000000138,-2.99,1.8987999999998335,-0.18559999999997095,0.0,-1.639999999999997,0.4300000000000138,0,0,0,0,0,0,0,0,0,0,0,0,0,0,0,0,0,0,0,0,0,0,0,0,0,0,0,0,0,0,0,0,0,0,0,0,0,0,0,0,0,0,0,0,0,0,0,0,0,0,0,0,0,0,0,0,0,0,0,0,0,0,0,0,0,0,0,0,0,0,0,0,0,0,0,0,0,0,0,0,0,0,0,0,0,0,0,0,0,0,0,0,0,0,0,0,0,0,0,0,0,0,0,0,0,0,0,0,0,0,0,0,0,0,0,0,0,0,0,0,0,0,0,0,0,0,0,0,0,0,0,0,0,0,0,0,0,0,0,0,0,0,0,0,0,0,0,0,0,0,0,0,0,0,0,0,0,0,0,0,0,0,0,0,0,0,0,0,0,0,0,0,0,0,0,0,0,0,0,0,0,0,0,0,0,0,0,0,0,0,0,0
5.900540776,-9.29005799999988,-0.7099420000000097,-0.7099420000000097,1.2080000000000979,-1.207999999999987,-1.207999999999987,1.208,-1.208,-1.208,4.120271319497041,-1.7080667516421326,-2.234691890850648,4.994193780848105,0.17033566763615898,0.17033566763615898,4.14,-2.5,-1.0,0.0,0.0,0.0,4.14,-0.5,-1.0,0.0,0.0,0.0,4.14,1.5,-1.0,0.0,0.0,0.0,4.14,-2.5,1.0,0.0,0.0,0.0,4.14,-0.5,1.0,0.0,0.0,0.0,4.14,1.5,1.0,0.0,0.0,0.0,2.77,-0.85,-1.0,0.0,0.0,0.0,2.77,1.15,-1.0,0.0,0.0,0.0,2.77,3.15,-1.0,0.0,0.0,0.0,2.77,5.15,-1.0,0.0,0.0,0.0,2.77,-0.85,1.0,0.0,0.0,0.0,2.77,1.15,1.0,0.0,0.0,0.0,2.77,3.15,1.0,0.0,0.0,0.0,2.77,5.15,1.0,0.0,0.0,0.0,8.34,0.08600000000003011,-0.6364000000001174,0.0,-1.1499999999999984,0.46000000000001595,8.34,2.086000000000034,-0.6364000000001174,0.0,-1.1499999999999844,0.46000000000001595,-2.99,-0.232400000000164,-0.15119999999996986,0.0,-1.6400000000000303,0.4300000000000138,-2.99,1.767599999999831,-0.15119999999996986,0.0,-1.640000000000019,0.4300000000000138,0,0,0,0,0,0,0,0,0,0,0,0,0,0,0,0,0,0,0,0,0,0,0,0,0,0,0,0,0,0,0,0,0,0,0,0,0,0,0,0,0,0,0,0,0,0,0,0,0,0,0,0,0,0,0,0,0,0,0,0,0,0,0,0,0,0,0,0,0,0,0,0,0,0,0,0,0,0,0,0,0,0,0,0,0,0,0,0,0,0,0,0,0,0,0,0,0,0,0,0,0,0,0,0,0,0,0,0,0,0,0,0,0,0,0,0,0,0,0,0,0,0,0,0,0,0,0,0,0,0,0,0,0,0,0,0,0,0,0,0,0,0,0,0,0,0,0,0,0,0,0,0,0,0,0,0,0,0,0,0,0,0,0,0,0,0,0,0,0,0,0,0,0,0,0,0,0,0,0,0,0,0,0,0,0,0,0,0,0,0,0,0
6.000795488,-9.192142999999867,-0.8070369141528613,-0.8078570000000087,1.2930000000004327,-1.2383276101901597,-1.2929999999999886,1.293,-1.2383276101902068,-1.293,4.16349117190946,-1.2383276101902068,-2.2975157785414586,4.992073147239649,0.19900463890174125,0.19900463890174125,4.14,-2.5,-1.0,0.0,0.0,0.0,4.14,-0.5,-1.0,0.0,0.0,0.0,4.14,1.5,-1.0,0.0,0.0,0.0,4.14,-2.5,1.0,0.0,0.0,0.0,4.14,-0.5,1.0,0.0,0.0,0.0,4.14,1.5,1.0,0.0,0.0,0.0,2.77,-0.85,-1.0,0.0,0.0,0.0,2.77,1.15,-1.0,0.0,0.0,0.0,2.77,3.15,-1.0,0.0,0.0,0.0,2.77,5.15,-1.0,0.0,0.0,0.0,2.77,-0.85,1.0,0.0,0.0,0.0,2.77,1.15,1.0,0.0,0.0,0.0,2.77,3.15,1.0,0.0,0.0,0.0,2.77,5.15,1.0,0.0,0.0,0.0,8.34,-0.005999999999969785,-0.5996000000001162,0.0,-1.1500000000000001,0.46000000000001595,8.34,1.9940000000000353,-0.5996000000001162,0.0,-1.1499999999999844,0.46000000000001595,-2.99,-0.3636000000001664,-0.11679999999996904,0.0,-1.6400000000000303,0.4299999999999998,-2.99,1.6363999999998287,-0.11679999999996904,0.0,-1.640000000000019,0.4299999999999998,0,0,0,0,0,0,0,0,0,0,0,0,0,0,0,0,0,0,0,0,0,0,0,0,0,0,0,0,0,0,0,0,0,0,0,0,0,0,0,0,0,0,0,0,0,0,0,0,0,0,0,0,0,0,0,0,0,0,0,0,0,0,0,0,0,0,0,0,0,0,0,0,0,0,0,0,0,0,0,0,0,0,0,0,0,0,0,0,0,0,0,0,0,0,0,0,0,0,0,0,0,0,0,0,0,0,0,0,0,0,0,0,0,0,0,0,0,0,0,0,0,0,0,0,0,0,0,0,0,0,0,0,0,0,0,0,0,0,0,0,0,0,0,0,0,0,0,0,0,0,0,0,0,0,0,0,0,0,0,0,0,0,0,0,0,0,0,0,0,0,0,0,0,0,0,0,0,0,0,0,0,0,0,0,0,0,0,0,0,0,0,0
6.10074986,-9.087636999999845,-0.9050371229680751,-0.9123630000000081,1.37499999999946,-1.1563276101902442,-1.3750000000000149,1.375,-1.1563276101902067,-1.375,4.283612505566553,-1.1285699862408567,-1.8571578445120256,4.989764348842375,0.22566783404927288,0.22655191832589583,4.14,-2.5,-1.0,0.0,0.0,0.0,4.14,-0.5,-1.0,0.0,0.0,0.0,4.14,1.5,-1.0,0.0,0.0,0.0,4.14,-2.5,1.0,0.0,0.0,0.0,4.14,-0.5,1.0,0.0,0.0,0.0,4.14,1.5,1.0,0.0,0.0,0.0,2.77,-0.85,-1.0,0.0,0.0,0.0,2.77,1.15,-1.0,0.0,0.0,0.0,2.77,3.15,-1.0,0.0,0.0,0.0,2.77,5.15,-1.0,0.0,0.0,0.0,2.77,-0.85,1.0,0.0,0.0,0.0,2.77,1.15,1.0,0.0,0.0,0.0,2.77,3.15,1.0,0.0,0.0,0.0,2.77,5.15,1.0,0.0,0.0,0.0,8.34,-0.09799999999996967,-0.5628000000001149,0.0,-1.1499999999999984,0.46000000000001595,8.34,1.8790000000000369,-0.5536000000001146,0.0,-1.1499999999999844,0.46000000000001595,-2.99,-0.5276000000001685,-0.07379999999996906,0.0,-1.6399999999999753,0.4299999999999998,-2.99,1.5051999999998262,-0.08239999999996905,0.0,-1.640000000000019,0.4299999999999998,0,0,0,0,0,0,0,0,0,0,0,0,0,0,0,0,0,0,0,0,0,0,0,0,0,0,0,0,0,0,0,0,0,0,0,0,0,0,0,0,0,0,0,0,0,0,0,0,0,0,0,0,0,0,0,0,0,0,0,0,0,0,0,0,0,0,0,0,0,0,0,0,0,0,0,0,0,0,0,0,0,0,0,0,0,0,0,0,0,0,0,0,0,0,0,0,0,0,0,0,0,0,0,0,0,0,0,0,0,0,0,0,0,0,0,0,0,0,0,0,0,0,0,0,0,0,0,0,0,0,0,0,0,0,0,0,0,0,0,0,0,0,0,0,0,0,0,0,0,0,0,0,0,0,0,0,0,0,0,0,0,0,0,0,0,0,0,0,0,0,0,0,0,0,0,0,0,0,0,0,0,0,0,0,0,0,0,0,0,0,0,0
6.201411363,-8.947700999999867,-1.018233883987099,-1.0522990000000112,1.4590000000005432,-1.0723276101902712,-1.459000000000099,1.459,-1.0723276101902066,-1.459,4.361370196768702,-1.022902134969562,-2.1720182559294634,4.986858880924467,0.2536501884611968,0.2586505048098182,4.14,-2.5,-1.0,0.0,0.0,0.0,4.14,-0.5,-1.0,0.0,0.0,0.0,4.14,1.5,-1.0,0.0,0.0,0.0,4.14,-2.5,1.0,0.0,0.0,0.0,4.14,-0.5,1.0,0.0,0.0,0.0,4.14,1.5,1.0,0.0,0.0,0.0,2.77,-0.85,-1.0,0.0,0.0,0.0,2.77,1.15,-1.0,0.0,0.0,0.0,2.77,3.15,-1.0,0.0,0.0,0.0,2.77,5.15,-1.0,0.0,0.0,0.0,2.77,-0.85,1.0,0.0,0.0,0.0,2.77,1.15,1.0,0.0,0.0,0.0,2.77,3.15,1.0,0.0,0.0,0.0,2.77,5.15,1.0,0.0,0.0,0.0,8.34,-0.21299999999997055,-0.5168000000001133,0.0,-1.1500000000000123,0.46000000000001595,8.34,1.7870000000000381,-0.5168000000001133,0.0,-1.1499999999999844,0.46000000000001595,-2.99,-0.6588000000001665,-0.03939999999996907,0.0,-1.6399999999999753,0.4299999999999998,-2.99,1.3411999999998285,-0.03939999999996907,0.0,-1.639999999999975,0.4299999999999998,0,0,0,0,0,0,0,0,0,0,0,0,0,0,0,0,0,0,0,0,0,0,0,0,0,0,0,0,0,0,0,0,0,0,0,0,0,0,0,0,0,0,0,0,0,0,0,0,0,0,0,0,0,0,0,0,0,0,0,0,0,0,0,0,0,0,0,0,0,0,0,0,0,0,0,0,0,0,0,0,0,0,0,0,0,0,0,0,0,0,0,0,0,0,0,0,0,0,0,0,0,0,0,0,0,0,0,0,0,0,0,0,0,0,0,0,0,0,0,0,0,0,0,0,0,0,0,0,0,0,0,0,0,0,0,0,0,0,0,0,0,0,0,0,0,0,0,0,0,0,0,0,0,0,0,0,0,0,0,0,0,0,0,0,0,0,0,0,0,0,0,0,0,0,0,0,0,0,0,0,0,0,0,0,0,0,0,0,0,0,0,0
6.307182541,-8.859586999999841,-1.0819995405985143,-1.1404130000000166,1.5163999999998623,-1.014927610190175,-1.51640000000004,1.5410000000000001,-0.9903276101902067,-1.5410000000000001,4.456524865547243,-0.22078318164858723,-2.135786842359145,4.983589904963744,0.27965346656549966,0.2926185192043696,4.14,-2.5,-1.0,0.0,0.0,0.0,4.14,-0.5,-1.0,0.0,0.0,0.0,4.14,1.5,-1.0,0.0,0.0,0.0,4.14,-2.5,1.0,0.0,0.0,0.0,4.14,-0.5,1.0,0.0,0.0,0.0,4.14,1.5,1.0,0.0,0.0,0.0,2.77,-0.85,-1.0,0.0,0.0,0.0,2.77,1.15,-1.0,0.0,0.0,0.0,2.77,3.15,-1.0,0.0,0.0,0.0,2.77,5.15,-1.0,0.0,0.0,0.0,2.77,-0.85,1.0,0.0,0.0,0.0,2.77,1.15,1.0,0.0,0.0,0.0,2.77,3.15,1.0,0.0,0.0,0.0,2.77,5.15,1.0,0.0,0.0,0.0,8.34,-0.2819999999999705,-0.4892000000001123,0.0,-1.1499999999999844,0.46000000000001595,8.34,1.718000000000039,-0.4892000000001123,0.0,-1.1499999999999844,0.46000000000001595,-2.99,-0.757200000000165,-0.013599999999969081,0.0,-1.6399999999999753,0.4299999999999998,-2.99,1.2099999999998305,-0.004999999999969085,0.0,-1.639999999999975,0.4299999999999998,0,0,0,0,0,0,0,0,0,0,0,0,0,0,0,0,0,0,0,0,0,0,0,0,0,0,0,0,0,0,0,0,0,0,0,0,0,0,0,0,0,0,0,0,0,0,0,0,0,0,0,0,0,0,0,0,0,0,0,0,0,0,0,0,0,0,0,0,0,0,0,0,0,0,0,0,0,0,0,0,0,0,0,0,0,0,0,0,0,0,0,0,0,0,0,0,0,0,0,0,0,0,0,0,0,0,0,0,0,0,0,0,0,0,0,0,0,0,0,0,0,0,0,0,0,0,0,0,0,0,0,0,0,0,0,0,0,0,0,0,0,0,0,0,0,0,0,0,0,0,0,0,0,0,0,0,0,0,0,0,0,0,0,0,0,0,0,0,0,0,0,0,0,0,0,0,0,0,0,0,0,0,0,0,0,0,0,0,0,0,0,0
6.402012305,-8.735546999999876,-1.1604657494137254,-1.262933000000018,1.6169999999995355,-0.9143276101901687,-1.4650000000000496,1.6170000000000002,-0.9143276101902067,-1.465,4.529480550087027,1.6073001044202426,-1.3438793984253952,4.980582594238941,0.299757916961215,0.32240070282674144,4.14,-2.5,-1.0,0.0,0.0,0.0,4.14,-0.5,-1.0,0.0,0.0,0.0,4.14,1.5,-1.0,0.0,0.0,0.0,4.14,-2.5,1.0,0.0,0.0,0.0,4.14,-0.5,1.0,0.0,0.0,0.0,4.14,1.5,1.0,0.0,0.0,0.0,2.77,-0.85,-1.0,0.0,0.0,0.0,2.77,1.15,-1.0,0.0,0.0,0.0,2.77,3.15,-1.0,0.0,0.0,0.0,2.77,5.15,-1.0,0.0,0.0,0.0,2.77,-0.85,1.0,0.0,0.0,0.0,2.77,1.15,1.0,0.0,0.0,0.0,2.77,3.15,1.0,0.0,0.0,0.0,2.77,5.15,1.0,0.0,0.0,0.0,8.34,-0.37399999999996925,-0.45240000000011105,0.0,-1.1499999999999844,0.46000000000001595,8.34,1.6260000000000403,-0.45240000000011105,0.0,-1.1499999999999844,0.46000000000001595,-2.99,-0.888400000000163,0.02080000000003091,0.0,-1.6399999999999753,0.4299999999999998,-2.99,1.111599999999832,0.02080000000003091,0.0,-1.639999999999975,0.4299999999999998,0,0,0,0,0,0,0,0,0,0,0,0,0,0,0,0,0,0,0,0,0,0,0,0,0,0,0,0,0,0,0,0,0,0,0,0,0,0,0,0,0,0,0,0,0,0,0,0,0,0,0,0,0,0,0,0,0,0,0,0,0,0,0,0,0,0,0,0,0,0,0,0,0,0,0,0,0,0,0,0,0,0,0,0,0,0,0,0,0,0,0,0,0,0,0,0,0,0,0,0,0,0,0,0,0,0,0,0,0,0,0,0,0,0,0,0,0,0,0,0,0,0,0,0,0,0,0,0,0,0,0,0,0,0,0,0,0,0,0,0,0,0,0,0,0,0,0,0,0,0,0,0,0,0,0,0,0,0,0,0,0,0,0,0,0,0,0,0,0,0,0,0,0,0,0,0,0,0,0,0,0,0,0,0,0,0,0,0,0,0,0,0
6.50129486,-8.60517299999991,-1.2325979582289386,-1.3791190000000217,1.69499999999978,-0.8363276101901462,-1.387000000000027,1.6950000000000003,-0.8363276101902067,-1.387,4.616998506287074,-0.08746443060556164,-0.9918228751339262,4.976930737117679,0.3215283775664418,0.3560617086303528,4.14,-2.5,-1.0,0.0,0.0,0.0,4.14,-0.5,-1.0,0.0,0.0,0.0,4.14,1.5,-1.0,0.0,0.0,0.0,4.14,-2.5,1.0,0.0,0.0,0.0,4.14,-0.5,1.0,0.0,0.0,0.0,4.14,1.5,1.0,0.0,0.0,0.0,2.77,-0.85,-1.0,0.0,0.0,0.0,2.77,1.15,-1.0,0.0,0.0,0.0,2.77,3.15,-1.0,0.0,0.0,0.0,2.77,5.15,-1.0,0.0,0.0,0.0,2.77,-0.85,1.0,0.0,0.0,0.0,2.77,1.15,1.0,0.0,0.0,0.0,2.77,3.15,1.0,0.0,0.0,0.0,2.77,5.15,1.0,0.0,0.0,0.0,8.34,-0.465999999999968,-0.41560000000010977,0.0,-1.1499999999999844,0.46000000000001595,8.34,1.5340000000000416,-0.41560000000010977,0.0,-1.1499999999999844,0.46000000000001595,-2.99,-1.0196000000001622,0.0552000000000309,0.0,-1.6400000000000858,0.4299999999999998,-2.99,0.9803999999998341,0.0552000000000309,0.0,-1.6399999999999753,0.4299999999999998,0,0,0,0,0,0,0,0,0,0,0,0,0,0,0,0,0,0,0,0,0,0,0,0,0,0,0,0,0,0,0,0,0,0,0,0,0,0,0,0,0,0,0,0,0,0,0,0,0,0,0,0,0,0,0,0,0,0,0,0,0,0,0,0,0,0,0,0,0,0,0,0,0,0,0,0,0,0,0,0,0,0,0,0,0,0,0,0,0,0,0,0,0,0,0,0,0,0,0,0,0,0,0,0,0,0,0,0,0,0,0,0,0,0,0,0,0,0,0,0,0,0,0,0,0,0,0,0,0,0,0,0,0,0,0,0,0,0,0,0,0,0,0,0,0,0,0,0,0,0,0,0,0,0,0,0,0,0,0,0,0,0,0,0,0,0,0,0,0,0,0,0,0,0,0,0,0,0,0,0,0,0,0,0,0,0,0,0,0,0,0,0
6.604058909,-8.468742999999927,-1.298674167044152,-1.4892490000000234,1.7779999999998353,-0.753327610190313,-1.3039999999999718,1.7780000000000002,-0.7533276101902068,-1.304,4.687900589292395,0.41619730115592546,-1.2219275424661067,4.9731385654370515,0.34195224991194706,0.3885376014530263,4.14,-2.5,-1.0,0.0,0.0,0.0,4.14,-0.5,-1.0,0.0,0.0,0.0,4.14,1.5,-1.0,0.0,0.0,0.0,4.14,-2.5,1.0,0.0,0.0,0.0,4.14,-0.5,1.0,0.0,0.0,0.0,4.14,1.5,1.0,0.0,0.0,0.0,2.77,-0.85,-1.0,0.0,0.0,0.0,2.77,1.15,-1.0,0.0,0.0,0.0,2.77,3.15,-1.0,0.0,0.0,0.0,2.77,5.15,-1.0,0.0,0.0,0.0,2.77,-0.85,1.0,0.0,0.0,0.0,2.77,1.15,1.0,0.0,0.0,0.0,2.77,3.15,1.0,0.0,0.0,0.0,2.77,5.15,1.0,0.0,0.0,0.0,8.34,-0.5809999999999664,-0.3696000000001082,0.0,-1.1499999999999844,0.46000000000001595,8.34,1.4190000000000431,-0.3696000000001082,0.0,-1.1499999999999844,0.46000000000001595,-2.99,-1.1836000000001707,0.09820000000003089,0.0,-1.6400000000000858,0.4299999999999998,-2.99,0.8491999999998361,0.08960000000003089,0.0,-1.6399999999999753,0.4299999999999998,0,0,0,0,0,0,0,0,0,0,0,0,0,0,0,0,0,0,0,0,0,0,0,0,0,0,0,0,0,0,0,0,0,0,0,0,0,0,0,0,0,0,0,0,0,0,0,0,0,0,0,0,0,0,0,0,0,0,0,0,0,0,0,0,0,0,0,0,0,0,0,0,0,0,0,0,0,0,0,0,0,0,0,0,0,0,0,0,0,0,0,0,0,0,0,0,0,0,0,0,0,0,0,0,0,0,0,0,0,0,0,0,0,0,0,0,0,0,0,0,0,0,0,0,0,0,0,0,0,0,0,0,0,0,0,0,0,0,0,0,0,0,0,0,0,0,0,0,0,0,0,0,0,0,0,0,0,0,0,0,0,0,0,0,0,0,0,0,0,0,0,0,0,0,0,0,0,0,0,0,0,0,0,0,0,0,0,0,0,0,0,0
6.70403709,-8.288902999999936,-1.3719669280631805,-1.6176090000000232,1.86300000000017,-0.6683276101902003,-1.2190000000000811,1.8630000000000002,-0.6683276101902068,-1.219,4.763745326200519,0.6818518065452399,-0.8724413308528693,4.968846539494566,0.362902831761981,0.42292505441508943,4.14,-2.5,-1.0,0.0,0.0,0.0,4.14,-0.5,-1.0,0.0,0.0,0.0,4.14,1.5,-1.0,0.0,0.0,0.0,4.14,-2.5,1.0,0.0,0.0,0.0,4.14,-0.5,1.0,0.0,0.0,0.0,4.14,1.5,1.0,0.0,0.0,0.0,2.77,-0.85,-1.0,0.0,0.0,0.0,2.77,1.15,-1.0,0.0,0.0,0.0,2.77,3.15,-1.0,0.0,0.0,0.0,2.77,5.15,-1.0,0.0,0.0,0.0,2.77,-0.85,1.0,0.0,0.0,0.0,2.77,1.15,1.0,0.0,0.0,0.0,2.77,3.15,1.0,0.0,0.0,0.0,2.77,5.15,1.0,0.0,0.0,0.0,8.34,-0.6499999999999655,-0.3420000000001072,0.0,-1.1499999999999844,0.46000000000001595,8.34,1.3270000000000444,-0.3328000000001069,0.0,-1.1499999999999844,0.46000000000001595,-2.99,-1.2820000000001759,0.12400000000003088,0.0,-1.6400000000000858,0.4299999999999998,-2.99,0.6851999999998386,0.1326000000000311,0.0,-1.6399999999999753,0.4300000000000138,0,0,0,0,0,0,0,0,0,0,0,0,0,0,0,0,0,0,0,0,0,0,0,0,0,0,0,0,0,0,0,0,0,0,0,0,0,0,0,0,0,0,0,0,0,0,0,0,0,0,0,0,0,0,0,0,0,0,0,0,0,0,0,0,0,0,0,0,0,0,0,0,0,0,0,0,0,0,0,0,0,0,0,0,0,0,0,0,0,0,0,0,0,0,0,0,0,0,0,0,0,0,0,0,0,0,0,0,0,0,0,0,0,0,0,0,0,0,0,0,0,0,0,0,0,0,0,0,0,0,0,0,0,0,0,0,0,0,0,0,0,0,0,0,0,0,0,0,0,0,0,0,0,0,0,0,0,0,0,0,0,0,0,0,0,0,0,0,0,0,0,0,0,0,0,0,0,0,0,0,0,0,0,0,0,0,0,0,0,0,0,0
6.801370777,-8.138058999999943,-1.4236291368783984,-1.7133250000000266,1.9449999999991974,-0.5863276101902848,-1.1369999999999436,1.9450000000000003,-0.5863276101902068,-1.137,4.765124866870848,0.9523819671732556,-1.0460877725286535,4.964761480078151,0.38102768024871386,0.45382965175987944,4.14,-2.5,-1.0,0.0,0.0,0.0,4.14,-0.5,-1.0,0.0,0.0,0.0,4.14,1.5,-1.0,0.0,0.0,0.0,4.14,-2.5,1.0,0.0,0.0,0.0,4.14,-0.5,1.0,0.0,0.0,0.0,4.14,1.5,1.0,0.0,0.0,0.0,2.77,-0.85,-1.0,0.0,0.0,0.0,2.77,1.15,-1.0,0.0,0.0,0.0,2.77,3.15,-1.0,0.0,0.0,0.0,2.77,5.15,-1.0,0.0,0.0,0.0,2.77,-0.85,1.0,0.0,0.0,0.0,2.77,1.15,1.0,0.0,0.0,0.0,2.77,3.15,1.0,0.0,0.0,0.0,2.77,5.15,1.0,0.0,0.0,0.0,8.34,-0.7649999999999639,-0.2960000000001056,0.0,-1.1499999999999844,0.46000000000001595,8.34,1.2350000000000456,-0.2960000000001056,0.0,-1.1499999999999844,0.46000000000001595,-2.99,-1.4460000000001845,0.1670000000000322,0.0,-1.6400000000000858,0.4300000000000138,-2.99,0.5539999999998406,0.1670000000000322,0.0,-1.6399999999999753,0.4300000000000138,0,0,0,0,0,0,0,0,0,0,0,0,0,0,0,0,0,0,0,0,0,0,0,0,0,0,0,0,0,0,0,0,0,0,0,0,0,0,0,0,0,0,0,0,0,0,0,0,0,0,0,0,0,0,0,0,0,0,0,0,0,0,0,0,0,0,0,0,0,0,0,0,0,0,0,0,0,0,0,0,0,0,0,0,0,0,0,0,0,0,0,0,0,0,0,0,0,0,0,0,0,0,0,0,0,0,0,0,0,0,0,0,0,0,0,0,0,0,0,0,0,0,0,0,0,0,0,0,0,0,0,0,0,0,0,0,0,0,0,0,0,0,0,0,0,0,0,0,0,0,0,0,0,0,0,0,0,0,0,0,0,0,0,0,0,0,0,0,0,0,0,0,0,0,0,0,0,0,0,0,0,0,0,0,0,0,0,0,0,0,0,0
6.900822025,-7.981882999999998,-1.4699593456936206,-1.8037090000000229,2.002600000000143,-0.5287276101902272,-1.0794000000000192,2.0410000000000004,-0.4903276101902069,-1.041,4.8694677214537325,-0.14228466173177123,-0.9751574504567859,4.960503786005469,0.39827720380570963,0.48453839677997856,4.14,-2.5,-1.0,0.0,0.0,0.0,4.14,-0.5,-1.0,0.0,0.0,0.0,4.14,1.5,-1.0,0.0,0.0,0.0,4.14,-2.5,1.0,0.0,0.0,0.0,4.14,-0.5,1.0,0.0,0.0,0.0,4.14,1.5,1.0,0.0,0.0,0.0,2.77,-0.85,-1.0,0.0,0.0,0.0,2.77,1.15,-1.0,0.0,0.0,0.0,2.77,3.15,-1.0,0.0,0.0,0.0,2.77,5.15,-1.0,0.0,0.0,0.0,2.77,-0.85,1.0,0.0,0.0,0.0,2.77,1.15,1.0,0.0,0.0,0.0,2.77,3.15,1.0,0.0,0.0,0.0,2.77,5.15,1.0,0.0,0.0,0.0,8.34,-0.8569999999999627,-0.25920000000010435,0.0,-1.1499999999999844,0.46000000000001595,8.34,1.1430000000000469,-0.25920000000010435,0.0,-1.1499999999999844,0.46000000000001595,-2.99,-1.5772000000001913,0.2014000000000333,0.0,-1.6400000000000858,0.4300000000000138,-2.99,0.42279999999984264,0.2014000000000333,0.0,-1.6399999999999753,0.4300000000000138,0,0,0,0,0,0,0,0,0,0,0,0,0,0,0,0,0,0,0,0,0,0,0,0,0,0,0,0,0,0,0,0,0,0,0,0,0,0,0,0,0,0,0,0,0,0,0,0,0,0,0,0,0,0,0,0,0,0,0,0,0,0,0,0,0,0,0,0,0,0,0,0,0,0,0,0,0,0,0,0,0,0,0,0,0,0,0,0,0,0,0,0,0,0,0,0,0,0,0,0,0,0,0,0,0,0,0,0,0,0,0,0,0,0,0,0,0,0,0,0,0,0,0,0,0,0,0,0,0,0,0,0,0,0,0,0,0,0,0,0,0,0,0,0,0,0,0,0,0,0,0,0,0,0,0,0,0,0,0,0,0,0,0,0,0,0,0,0,0,0,0,0,0,0,0,0,0,0,0,0,0,0,0,0,0,0,0,0,0,0,0,0
7.00233546,-7.817310999999989,-1.5078935545088366,-1.885697000000025,2.1089999999999165,-0.4223276101902318,-0.9729999999998906,2.1090000000000004,-0.42232761019020687,-0.9729999999999999,4.866633940807737,0.52233888691238,-0.8932568775644407,4.956576837953631,0.4128689015233795,0.5117473200872277,4.14,-2.5,-1.0,0.0,0.0,0.0,4.14,-0.5,-1.0,0.0,0.0,0.0,4.14,1.5,-1.0,0.0,0.0,0.0,4.14,-2.5,1.0,0.0,0.0,0.0,4.14,-0.5,1.0,0.0,0.0,0.0,4.14,1.5,1.0,0.0,0.0,0.0,2.77,-0.85,-1.0,0.0,0.0,0.0,2.77,1.15,-1.0,0.0,0.0,0.0,2.77,3.15,-1.0,0.0,0.0,0.0,2.77,5.15,-1.0,0.0,0.0,0.0,2.77,-0.85,1.0,0.0,0.0,0.0,2.77,1.15,1.0,0.0,0.0,0.0,2.77,3.15,1.0,0.0,0.0,0.0,2.77,5.15,1.0,0.0,0.0,0.0,8.34,-0.9489999999999614,-0.22240000000010474,0.0,-1.1499999999999844,0.4599999999999883,8.34,1.0510000000000481,-0.22240000000010474,0.0,-1.1499999999999844,0.4599999999999883,-2.99,-1.7084000000001982,0.2358000000000344,0.0,-1.6400000000000858,0.4300000000000138,-2.99,0.29159999999984465,0.2358000000000344,0.0,-1.6399999999999753,0.4300000000000138,0,0,0,0,0,0,0,0,0,0,0,0,0,0,0,0,0,0,0,0,0,0,0,0,0,0,0,0,0,0,0,0,0,0,0,0,0,0,0,0,0,0,0,0,0,0,0,0,0,0,0,0,0,0,0,0,0,0,0,0,0,0,0,0,0,0,0,0,0,0,0,0,0,0,0,0,0,0,0,0,0,0,0,0,0,0,0,0,0,0,0,0,0,0,0,0,0,0,0,0,0,0,0,0,0,0,0,0,0,0,0,0,0,0,0,0,0,0,0,0,0,0,0,0,0,0,0,0,0,0,0,0,0,0,0,0,0,0,0,0,0,0,0,0,0,0,0,0,0,0,0,0,0,0,0,0,0,0,0,0,0,0,0,0,0,0,0,0,0,0,0,0,0,0,0,0,0,0,0,0,0,0,0,0,0,0,0,0,0,0,0,0
7.101759937,-7.647710999999997,-1.5407997633240542,-1.9644170000000172,2.1969999999997825,-0.3343276101901438,-1.0609999999999786,2.1970000000000005,-0.33432761019020685,-1.061,4.8444385259743985,0.4058629347614957,-1.0696287827731137,4.952344684068174,0.4271826288302859,0.5401824986125952,4.14,-2.5,-1.0,0.0,0.0,0.0,4.14,-0.5,-1.0,0.0,0.0,0.0,4.14,1.5,-1.0,0.0,0.0,0.0,4.14,-2.5,1.0,0.0,0.0,0.0,4.14,-0.5,1.0,0.0,0.0,0.0,4.14,1.5,1.0,0.0,0.0,0.0,2.77,-0.85,-1.0,0.0,0.0,0.0,2.77,1.15,-1.0,0.0,0.0,0.0,2.77,3.15,-1.0,0.0,0.0,0.0,2.77,5.15,-1.0,0.0,0.0,0.0,2.77,-0.85,1.0,0.0,0.0,0.0,2.77,1.15,1.0,0.0,0.0,0.0,2.77,3.15,1.0,0.0,0.0,0.0,2.77,5.15,1.0,0.0,0.0,0.0,8.34,-1.0409999999999602,-0.18560000000010568,0.0,-1.1499999999999844,0.4599999999999883,8.34,0.9590000000000494,-0.18560000000010568,0.0,-1.1499999999999844,0.4599999999999883,-2.99,-1.839600000000205,0.2702000000000342,0.0,-1.6400000000000858,0.42999999999998595,-2.99,0.16039999999984514,0.2702000000000342,0.0,-1.6400000000000028,0.42999999999998595,0,0,0,0,0,0,0,0,0,0,0,0,0,0,0,0,0,0,0,0,0,0,0,0,0,0,0,0,0,0,0,0,0,0,0,0,0,0,0,0,0,0,0,0,0,0,0,0,0,0,0,0,0,0,0,0,0,0,0,0,0,0,0,0,0,0,0,0,0,0,0,0,0,0,0,0,0,0,0,0,0,0,0,0,0,0,0,0,0,0,0,0,0,0,0,0,0,0,0,0,0,0,0,0,0,0,0,0,0,0,0,0,0,0,0,0,0,0,0,0,0,0,0,0,0,0,0,0,0,0,0,0,0,0,0,0,0,0,0,0,0,0,0,0,0,0,0,0,0,0,0,0,0,0,0,0,0,0,0,0,0,0,0,0,0,0,0,0,0,0,0,0,0,0,0,0,0,0,0,0,0,0,0,0,0,0,0,0,0,0,0,0
7.203713476,-7.470602000000011,-1.566196972139267,-2.0479480000000128,2.2679999999999367,-0.26332761019021156,-0.9899999999998244,2.2680000000000007,-0.26332761019020684,-0.99,4.920355247287736,0.42612929324503845,-0.7780969354956673,4.948256030792624,0.43880875388964513,0.56763468114117,4.14,-2.5,-1.0,0.0,0.0,0.0,4.14,-0.5,-1.0,0.0,0.0,0.0,4.14,1.5,-1.0,0.0,0.0,0.0,4.14,-2.5,1.0,0.0,0.0,0.0,4.14,-0.5,1.0,0.0,0.0,0.0,4.14,1.5,1.0,0.0,0.0,0.0,2.77,-0.85,-1.0,0.0,0.0,0.0,2.77,1.15,-1.0,0.0,0.0,0.0,2.77,3.15,-1.0,0.0,0.0,0.0,2.77,5.15,-1.0,0.0,0.0,0.0,2.77,-0.85,1.0,0.0,0.0,0.0,2.77,1.15,1.0,0.0,0.0,0.0,2.77,3.15,1.0,0.0,0.0,0.0,2.77,5.15,1.0,0.0,0.0,0.0,8.34,-1.1099999999999592,-0.1580000000001064,0.0,-1.1499999999999844,0.4599999999999883,8.34,0.8670000000000506,-0.14880000000010662,0.0,-1.1499999999999844,0.4599999999999883,-2.99,-1.9380000000002102,0.29600000000003335,0.0,-1.6400000000000858,0.42999999999998595,-2.99,0.061999999999844985,0.29600000000003335,0.0,-1.6400000000000028,0.42999999999998595,0,0,0,0,0,0,0,0,0,0,0,0,0,0,0,0,0,0,0,0,0,0,0,0,0,0,0,0,0,0,0,0,0,0,0,0,0,0,0,0,0,0,0,0,0,0,0,0,0,0,0,0,0,0,0,0,0,0,0,0,0,0,0,0,0,0,0,0,0,0,0,0,0,0,0,0,0,0,0,0,0,0,0,0,0,0,0,0,0,0,0,0,0,0,0,0,0,0,0,0,0,0,0,0,0,0,0,0,0,0,0,0,0,0,0,0,0,0,0,0,0,0,0,0,0,0,0,0,0,0,0,0,0,0,0,0,0,0,0,0,0,0,0,0,0,0,0,0,0,0,0,0,0,0,0,0,0,0,0,0,0,0,0,0,0,0,0,0,0,0,0,0,0,0,0,0,0,0,0,0,0,0,0,0,0,0,0,0,0,0,0,0
7.300635004,-7.333424000000021,-1.580898628750678,-2.1062500000000086,2.3289999999995814,-0.2023276101901228,-0.9290000000001797,2.3290000000000006,-0.20232761019020684,-0.929,4.854413766579504,0.2193549731979174,-0.7736905218612966,4.945036311274627,0.4467982952547147,0.5890561633094971,4.14,-2.5,-1.0,0.0,0.0,0.0,4.14,-0.5,-1.0,0.0,0.0,0.0,4.14,1.5,-1.0,0.0,0.0,0.0,4.14,-2.5,1.0,0.0,0.0,0.0,4.14,-0.5,1.0,0.0,0.0,0.0,4.14,1.5,1.0,0.0,0.0,0.0,2.77,-0.85,-1.0,0.0,0.0,0.0,2.77,1.15,-1.0,0.0,0.0,0.0,2.77,3.15,-1.0,0.0,0.0,0.0,2.77,5.15,-1.0,0.0,0.0,0.0,2.77,-0.85,1.0,0.0,0.0,0.0,2.77,1.15,1.0,0.0,0.0,0.0,2.77,3.15,1.0,0.0,0.0,0.0,2.77,5.15,1.0,0.0,0.0,0.0,8.34,-1.201999999999958,-0.12120000000010721,0.0,-1.1499999999999844,0.4600000000000007,8.34,0.7980000000000516,-0.12120000000010721,0.0,-1.1499999999999844,0.4600000000000007,-2.99,-2.069200000000217,0.3304000000000322,0.0,-1.6400000000000858,0.42999999999998595,-2.99,-0.0692000000001551,0.3304000000000322,0.0,-1.6400000000000028,0.42999999999998595,0,0,0,0,0,0,0,0,0,0,0,0,0,0,0,0,0,0,0,0,0,0,0,0,0,0,0,0,0,0,0,0,0,0,0,0,0,0,0,0,0,0,0,0,0,0,0,0,0,0,0,0,0,0,0,0,0,0,0,0,0,0,0,0,0,0,0,0,0,0,0,0,0,0,0,0,0,0,0,0,0,0,0,0,0,0,0,0,0,0,0,0,0,0,0,0,0,0,0,0,0,0,0,0,0,0,0,0,0,0,0,0,0,0,0,0,0,0,0,0,0,0,0,0,0,0,0,0,0,0,0,0,0,0,0,0,0,0,0,0,0,0,0,0,0,0,0,0,0,0,0,0,0,0,0,0,0,0,0,0,0,0,0,0,0,0,0,0,0,0,0,0,0,0,0,0,0,0,0,0,0,0,0,0,0,0,0,0,0,0,0,0
7.400934464,-7.145844000000052,-1.5958248375658883,-2.17931000000002,2.4129999999997764,-0.11832761019014981,-0.8449999999999847,2.4130000000000007,-0.11832761019020684,-0.8450000000000001,4.8882573827349205,0.8672458211590022,-0.7212018092834525,4.940855560159094,0.45610381973185227,0.6163729709120762,4.14,-2.5,-1.0,0.0,0.0,0.0,4.14,-0.5,-1.0,0.0,0.0,0.0,4.14,1.5,-1.0,0.0,0.0,0.0,4.14,-2.5,1.0,0.0,0.0,0.0,4.14,-0.5,1.0,0.0,0.0,0.0,4.14,1.5,1.0,0.0,0.0,0.0,2.77,-0.85,-1.0,0.0,0.0,0.0,2.77,1.15,-1.0,0.0,0.0,0.0,2.77,3.15,-1.0,0.0,0.0,0.0,2.77,5.15,-1.0,0.0,0.0,0.0,2.77,-0.85,1.0,0.0,0.0,0.0,2.77,1.15,1.0,0.0,0.0,0.0,2.77,3.15,1.0,0.0,0.0,0.0,2.77,5.15,1.0,0.0,0.0,0.0,8.34,-1.2939999999999567,-0.08440000000010704,0.0,-1.1499999999999844,0.4600000000000021,8.34,0.7060000000000528,-0.08440000000010704,0.0,-1.1499999999999844,0.4600000000000021,-2.99,-2.200400000000224,0.3648000000000311,0.0,-1.6400000000000858,0.42999999999998595,-2.99,-0.2004000000001553,0.3648000000000311,0.0,-1.6400000000000028,0.42999999999998595,0,0,0,0,0,0,0,0,0,0,0,0,0,0,0,0,0,0,0,0,0,0,0,0,0,0,0,0,0,0,0,0,0,0,0,0,0,0,0,0,0,0,0,0,0,0,0,0,0,0,0,0,0,0,0,0,0,0,0,0,0,0,0,0,0,0,0,0,0,0,0,0,0,0,0,0,0,0,0,0,0,0,0,0,0,0,0,0,0,0,0,0,0,0,0,0,0,0,0,0,0,0,0,0,0,0,0,0,0,0,0,0,0,0,0,0,0,0,0,0,0,0,0,0,0,0,0,0,0,0,0,0,0,0,0,0,0,0,0,0,0,0,0,0,0,0,0,0,0,0,0,0,0,0,0,0,0,0,0,0,0,0,0,0,0,0,0,0,0,0,0,0,0,0,0,0,0,0,0,0,0,0,0,0,0,0,0,0,0,0,0,0
7.501313831,-6.951964000000068,-1.6044510463811006,-2.246070000000017,2.4969999999999715,-0.03432761019017683,-0.7609999999997896,2.4970000000000008,-0.03432761019020683,-0.7610000000000001,4.923341248519149,0.7235159030271321,-0.6799927480201551,4.9364823556248085,0.4645275870885045,0.6444812436670841,4.14,-2.5,-1.0,0.0,0.0,0.0,4.14,-0.5,-1.0,0.0,0.0,0.0,4.14,1.5,-1.0,0.0,0.0,0.0,4.14,-2.5,1.0,0.0,0.0,0.0,4.14,-0.5,1.0,0.0,0.0,0.0,4.14,1.5,1.0,0.0,0.0,0.0,2.77,-0.85,-1.0,0.0,0.0,0.0,2.77,1.15,-1.0,0.0,0.0,0.0,2.77,3.15,-1.0,0.0,0.0,0.0,2.77,5.15,-1.0,0.0,0.0,0.0,2.77,-0.85,1.0,0.0,0.0,0.0,2.77,1.15,1.0,0.0,0.0,0.0,2.77,3.15,1.0,0.0,0.0,0.0,2.77,5.15,1.0,0.0,0.0,0.0,8.34,-1.3859999999999555,-0.047600000000106876,0.0,-1.1499999999999844,0.4600000000000021,8.34,0.6140000000000541,-0.047600000000106876,0.0,-1.1499999999999844,0.4600000000000021,-2.99,-2.331600000000231,0.39920000000003,0.0,-1.6400000000000858,0.42999999999998595,-2.99,-0.3316000000001541,0.39920000000003,0.0,-1.6399999999999753,0.42999999999998595,0,0,0,0,0,0,0,0,0,0,0,0,0,0,0,0,0,0,0,0,0,0,0,0,0,0,0,0,0,0,0,0,0,0,0,0,0,0,0,0,0,0,0,0,0,0,0,0,0,0,0,0,0,0,0,0,0,0,0,0,0,0,0,0,0,0,0,0,0,0,0,0,0,0,0,0,0,0,0,0,0,0,0,0,0,0,0,0,0,0,0,0,0,0,0,0,0,0,0,0,0,0,0,0,0,0,0,0,0,0,0,0,0,0,0,0,0,0,0,0,0,0,0,0,0,0,0,0,0,0,0,0,0,0,0,0,0,0,0,0,0,0,0,0,0,0,0,0,0,0,0,0,0,0,0,0,0,0,0,0,0,0,0,0,0,0,0,0,0,0,0,0,0,0,0,0,0,0,0,0,0,0,0,0,0,0,0,0,0,0,0,0
7.601601347,-6.751404000000074,-1.606397255196314,-2.3061500000000037,2.5769999999996074,0.04567238980990318,-0.6810000000001537,2.577000000000001,0.04567238980979317,-0.6810000000000002,4.883566668351661,0.6724978839247253,-0.615231854578294,4.932469867113097,0.4709361634847997,0.6700448790517888,4.14,-2.5,-1.0,0.0,0.0,0.0,4.14,-0.5,-1.0,0.0,0.0,0.0,4.14,1.5,-1.0,0.0,0.0,0.0,4.14,-2.5,1.0,0.0,0.0,0.0,4.14,-0.5,1.0,0.0,0.0,0.0,4.14,1.5,1.0,0.0,0.0,0.0,2.77,-0.85,-1.0,0.0,0.0,0.0,2.77,1.15,-1.0,0.0,0.0,0.0,2.77,3.15,-1.0,0.0,0.0,0.0,2.77,5.15,-1.0,0.0,0.0,0.0,2.77,-0.85,1.0,0.0,0.0,0.0,2.77,1.15,1.0,0.0,0.0,0.0,2.77,3.15,1.0,0.0,0.0,0.0,2.77,5.15,1.0,0.0,0.0,0.0,8.34,-1.4779999999999542,-0.010800000000106847,0.0,-1.1499999999999844,0.4600000000000003,8.34,0.5220000000000553,-0.010800000000106847,0.0,-1.1499999999999844,0.4600000000000003,-2.99,-2.4628000000002377,0.43360000000002885,0.0,-1.6400000000000858,0.42999999999998595,-2.99,-0.4628000000001521,0.43360000000002885,0.0,-1.6399999999999753,0.42999999999998595,0,0,0,0,0,0,0,0,0,0,0,0,0,0,0,0,0,0,0,0,0,0,0,0,0,0,0,0,0,0,0,0,0,0,0,0,0,0,0,0,0,0,0,0,0,0,0,0,0,0,0,0,0,0,0,0,0,0,0,0,0,0,0,0,0,0,0,0,0,0,0,0,0,0,0,0,0,0,0,0,0,0,0,0,0,0,0,0,0,0,0,0,0,0,0,0,0,0,0,0,0,0,0,0,0,0,0,0,0,0,0,0,0,0,0,0,0,0,0,0,0,0,0,0,0,0,0,0,0,0,0,0,0,0,0,0,0,0,0,0,0,0,0,0,0,0,0,0,0,0,0,0,0,0,0,0,0,0,0,0,0,0,0,0,0,0,0,0,0,0,0,0,0,0,0,0,0,0,0,0,0,0,0,0,0,0,0,0,0,0,0,0
7.700998658,-6.492048000000105,-1.6012200277657083,-2.3737299531053835,2.6690000000000325,0.079560637010756,-0.6521085058537324,2.669000000000001,0.07956063701067251,-0.6521085058537954,4.9468682212570565,0.07956063701067251,-0.6521085058537954,4.928384522067472,0.476021923925915,0.6960094328295037,4.14,-2.5,-1.0,0.0,0.0,0.0,4.14,-0.5,-1.0,0.0,0.0,0.0,4.14,1.5,-1.0,0.0,0.0,0.0,4.14,-2.5,1.0,0.0,0.0,0.0,4.14,-0.5,1.0,0.0,0.0,0.0,4.14,1.5,1.0,0.0,0.0,0.0,2.77,-0.85,-1.0,0.0,0.0,0.0,2.77,1.15,-1.0,0.0,0.0,0.0,2.77,3.15,-1.0,0.0,0.0,0.0,2.77,5.15,-1.0,0.0,0.0,0.0,2.77,-0.85,1.0,0.0,0.0,0.0,2.77,1.15,1.0,0.0,0.0,0.0,2.77,3.15,1.0,0.0,0.0,0.0,2.77,5.15,1.0,0.0,0.0,0.0,8.34,-1.5929999999999527,0.035199999999893136,0.0,-1.1499999999999844,0.46000000000000174,8.34,0.40700000000005687,0.035199999999893136,0.0,-1.1499999999999844,0.46000000000000174,-2.99,-2.6268000000002463,0.47660000000002745,0.0,-1.6400000000000858,0.42999999999998595,-2.99,-0.6268000000001496,0.47660000000002745,0.0,-1.6399999999999753,0.42999999999998595,0,0,0,0,0,0,0,0,0,0,0,0,0,0,0,0,0,0,0,0,0,0,0,0,0,0,0,0,0,0,0,0,0,0,0,0,0,0,0,0,0,0,0,0,0,0,0,0,0,0,0,0,0,0,0,0,0,0,0,0,0,0,0,0,0,0,0,0,0,0,0,0,0,0,0,0,0,0,0,0,0,0,0,0,0,0,0,0,0,0,0,0,0,0,0,0,0,0,0,0,0,0,0,0,0,0,0,0,0,0,0,0,0,0,0,0,0,0,0,0,0,0,0,0,0,0,0,0,0,0,0,0,0,0,0,0,0,0,0,0,0,0,0,0,0,0,0,0,0,0,0,0,0,0,0,0,0,0,0,0,0,0,0,0,0,0,0,0,0,0,0,0,0,0,0,0,0,0,0,0,0,0,0,0,0,0,0,0,0,0,0,0
7.801571864,-6.277496000000108,-1.59382317680485,-2.4250085552196583,2.754999999999619,0.16556063701056445,-0.5779353096850848,2.755000000000001,0.1655606370106725,-0.5779353096849054,4.878596264652737,0.5571236755796174,-0.5779353096849054,4.924146325259296,0.48046353184097995,0.7224526019098101,4.14,-2.5,-1.0,0.0,0.0,0.0,4.14,-0.5,-1.0,0.0,0.0,0.0,4.14,1.5,-1.0,0.0,0.0,0.0,4.14,-2.5,1.0,0.0,0.0,0.0,4.14,-0.5,1.0,0.0,0.0,0.0,4.14,1.5,1.0,0.0,0.0,0.0,2.77,-0.85,-1.0,0.0,0.0,0.0,2.77,1.15,-1.0,0.0,0.0,0.0,2.77,3.15,-1.0,0.0,0.0,0.0,2.77,5.15,-1.0,0.0,0.0,0.0,2.77,-0.85,1.0,0.0,0.0,0.0,2.77,1.15,1.0,0.0,0.0,0.0,2.77,3.15,1.0,0.0,0.0,0.0,2.77,5.15,1.0,0.0,0.0,0.0,8.34,-1.6849999999999514,0.0719999999998933,0.0,-1.1499999999999844,0.4600000000000021,8.34,0.3150000000000581,0.0719999999998933,0.0,-1.1499999999999844,0.4600000000000021,-2.99,-2.758000000000253,0.5110000000000278,0.0,-1.6400000000000858,0.43000000000004146,-2.99,-0.7580000000001476,0.5110000000000278,0.0,-1.6399999999999753,0.43000000000004146,0,0,0,0,0,0,0,0,0,0,0,0,0,0,0,0,0,0,0,0,0,0,0,0,0,0,0,0,0,0,0,0,0,0,0,0,0,0,0,0,0,0,0,0,0,0,0,0,0,0,0,0,0,0,0,0,0,0,0,0,0,0,0,0,0,0,0,0,0,0,0,0,0,0,0,0,0,0,0,0,0,0,0,0,0,0,0,0,0,0,0,0,0,0,0,0,0,0,0,0,0,0,0,0,0,0,0,0,0,0,0,0,0,0,0,0,0,0,0,0,0,0,0,0,0,0,0,0,0,0,0,0,0,0,0,0,0,0,0,0,0,0,0,0,0,0,0,0,0,0,0,0,0,0,0,0,0,0,0,0,0,0,0,0,0,0,0,0,0,0,0,0,0,0,0,0,0,0,0,0,0,0,0,0,0,0,0,0,0,0,0,0
7.900820807,-5.999796000000127,-1.5750671131037914,-2.481905474007477,2.843000000000373,0.25356063701065246,-0.5420708224574966,2.843000000000001,0.2535606370106725,-0.5420708224576551,4.963637936273946,0.49385205985226,-0.5420708224576551,4.919850051219825,0.4834471258660416,0.7492358440465461,4.14,-2.5,-1.0,0.0,0.0,0.0,4.14,-0.5,-1.0,0.0,0.0,0.0,4.14,1.5,-1.0,0.0,0.0,0.0,4.14,-2.5,1.0,0.0,0.0,0.0,4.14,-0.5,1.0,0.0,0.0,0.0,4.14,1.5,1.0,0.0,0.0,0.0,2.77,-0.85,-1.0,0.0,0.0,0.0,2.77,1.15,-1.0,0.0,0.0,0.0,2.77,3.15,-1.0,0.0,0.0,0.0,2.77,5.15,-1.0,0.0,0.0,0.0,2.77,-0.85,1.0,0.0,0.0,0.0,2.77,1.15,1.0,0.0,0.0,0.0,2.77,3.15,1.0,0.0,0.0,0.0,2.77,5.15,1.0,0.0,0.0,0.0,8.34,-1.7999999999999499,0.11799999999989351,0.0,-1.1499999999999844,0.4600000000000021,8.34,0.20000000000005846,0.11799999999989351,0.0,-1.1500000000000123,0.4600000000000021,-2.99,-2.9220000000002617,0.5540000000000319,0.0,-1.6400000000000858,0.43000000000004146,-2.99,-0.922000000000145,0.5540000000000319,0.0,-1.6399999999999753,0.43000000000004146,0,0,0,0,0,0,0,0,0,0,0,0,0,0,0,0,0,0,0,0,0,0,0,0,0,0,0,0,0,0,0,0,0,0,0,0,0,0,0,0,0,0,0,0,0,0,0,0,0,0,0,0,0,0,0,0,0,0,0,0,0,0,0,0,0,0,0,0,0,0,0,0,0,0,0,0,0,0,0,0,0,0,0,0,0,0,0,0,0,0,0,0,0,0,0,0,0,0,0,0,0,0,0,0,0,0,0,0,0,0,0,0,0,0,0,0,0,0,0,0,0,0,0,0,0,0,0,0,0,0,0,0,0,0,0,0,0,0,0,0,0,0,0,0,0,0,0,0,0,0,0,0,0,0,0,0,0,0,0,0,0,0,0,0,0,0,0,0,0,0,0,0,0,0,0,0,0,0,0,0,0,0,0,0,0,0,0,0,0,0,0,0
8.003513721,-5.770877000000102,-1.5562612621429384,-2.525775154250823,2.930000000000099,0.16656063701070423,-0.5717187310896321,2.930000000000001,0.1665606370106725,-0.5717187310897813,4.951072591082467,-0.4748116266348892,-0.5717187310897813,4.9155964096990035,0.4842705669118655,0.7761404222027883,4.14,-2.5,-1.0,0.0,0.0,0.0,4.14,-0.5,-1.0,0.0,0.0,0.0,4.14,1.5,-1.0,0.0,0.0,0.0,4.14,-2.5,1.0,0.0,0.0,0.0,4.14,-0.5,1.0,0.0,0.0,0.0,4.14,1.5,1.0,0.0,0.0,0.0,2.77,-0.85,-1.0,0.0,0.0,0.0,2.77,1.15,-1.0,0.0,0.0,0.0,2.77,3.15,-1.0,0.0,0.0,0.0,2.77,5.15,-1.0,0.0,0.0,0.0,2.77,-0.85,1.0,0.0,0.0,0.0,2.77,1.15,1.0,0.0,0.0,0.0,2.77,3.15,1.0,0.0,0.0,0.0,2.77,5.15,1.0,0.0,0.0,0.0,8.34,-1.8919999999999486,0.15479999999989277,0.0,-1.1499999999999844,0.4599999999999883,8.34,0.1080000000000577,0.15479999999989277,0.0,-1.1499999999999984,0.4599999999999883,-2.99,-3.0532000000002686,0.5884000000000352,0.0,-1.6400000000000858,0.43000000000004146,-2.99,-1.0860000000001484,0.5970000000000361,0.0,-1.6400000000000858,0.43000000000004146,0,0,0,0,0,0,0,0,0,0,0,0,0,0,0,0,0,0,0,0,0,0,0,0,0,0,0,0,0,0,0,0,0,0,0,0,0,0,0,0,0,0,0,0,0,0,0,0,0,0,0,0,0,0,0,0,0,0,0,0,0,0,0,0,0,0,0,0,0,0,0,0,0,0,0,0,0,0,0,0,0,0,0,0,0,0,0,0,0,0,0,0,0,0,0,0,0,0,0,0,0,0,0,0,0,0,0,0,0,0,0,0,0,0,0,0,0,0,0,0,0,0,0,0,0,0,0,0,0,0,0,0,0,0,0,0,0,0,0,0,0,0,0,0,0,0,0,0,0,0,0,0,0,0,0,0,0,0,0,0,0,0,0,0,0,0,0,0,0,0,0,0,0,0,0,0,0,0,0,0,0,0,0,0,0,0,0,0,0,0,0,0
8.100970936,-5.4762770000000955,-1.5380051984418681,-2.5815303895704034,3.029999999999866,0.2665606370106932,-0.483178869253198,3.030000000000001,0.2665606370106725,-0.483178869253317,4.895356118854455,0.8114531759206103,-0.483178869253317,4.910681415888412,0.4867819921471688,0.8051405614980649,4.14,-2.5,-1.0,0.0,0.0,0.0,4.14,-0.5,-1.0,0.0,0.0,0.0,4.14,1.5,-1.0,0.0,0.0,0.0,4.14,-2.5,1.0,0.0,0.0,0.0,4.14,-0.5,1.0,0.0,0.0,0.0,4.14,1.5,1.0,0.0,0.0,0.0,2.77,-0.85,-1.0,0.0,0.0,0.0,2.77,1.15,-1.0,0.0,0.0,0.0,2.77,3.15,-1.0,0.0,0.0,0.0,2.77,5.15,-1.0,0.0,0.0,0.0,2.77,-0.85,1.0,0.0,0.0,0.0,2.77,1.15,1.0,0.0,0.0,0.0,2.77,3.15,1.0,0.0,0.0,0.0,2.77,5.15,1.0,0.0,0.0,0.0,8.34,-2.0069999999999473,0.2007999999998916,0.0,-1.1500000000000066,0.4599999999999883,8.34,-0.006999999999942157,0.2007999999998916,0.0,-1.1500000000000001,0.4599999999999883,-2.99,-3.217200000000277,0.6314000000000394,0.0,-1.6400000000000858,0.43000000000004146,-2.99,-1.2172000000001553,0.6314000000000394,0.0,-1.6400000000000858,0.43000000000004146,0,0,0,0,0,0,0,0,0,0,0,0,0,0,0,0,0,0,0,0,0,0,0,0,0,0,0,0,0,0,0,0,0,0,0,0,0,0,0,0,0,0,0,0,0,0,0,0,0,0,0,0,0,0,0,0,0,0,0,0,0,0,0,0,0,0,0,0,0,0,0,0,0,0,0,0,0,0,0,0,0,0,0,0,0,0,0,0,0,0,0,0,0,0,0,0,0,0,0,0,0,0,0,0,0,0,0,0,0,0,0,0,0,0,0,0,0,0,0,0,0,0,0,0,0,0,0,0,0,0,0,0,0,0,0,0,0,0,0,0,0,0,0,0,0,0,0,0,0,0,0,0,0,0,0,0,0,0,0,0,0,0,0,0,0,0,0,0,0,0,0,0,0,0,0,0,0,0,0,0,0,0,0,0,0,0,0,0,0,0,0,0
8.202191461,-5.2330170000001015,-1.5162000188128661,-2.6210446991106595,3.1160000000003407,0.31459350382534446,-0.5691788692532285,3.116000000000001,0.3145935038254488,-0.569178869253317,4.958215907850905,0.3145935038254488,-0.644267736162758,4.905906920560499,0.4880529197218247,0.8329955788283658,4.14,-2.5,-1.0,0.0,0.0,0.0,4.14,-0.5,-1.0,0.0,0.0,0.0,4.14,1.5,-1.0,0.0,0.0,0.0,4.14,-2.5,1.0,0.0,0.0,0.0,4.14,-0.5,1.0,0.0,0.0,0.0,4.14,1.5,1.0,0.0,0.0,0.0,2.77,-0.85,-1.0,0.0,0.0,0.0,2.77,1.15,-1.0,0.0,0.0,0.0,2.77,3.15,-1.0,0.0,0.0,0.0,2.77,5.15,-1.0,0.0,0.0,0.0,2.77,-0.85,1.0,0.0,0.0,0.0,2.77,1.15,1.0,0.0,0.0,0.0,2.77,3.15,1.0,0.0,0.0,0.0,2.77,5.15,1.0,0.0,0.0,0.0,8.34,-2.098999999999946,0.23759999999989065,0.0,-1.1499999999999844,0.4599999999999883,8.34,-0.09899999999994204,0.23759999999989065,0.0,-1.1499999999999984,0.4599999999999883,-2.99,-3.348400000000284,0.6658000000000427,0.0,-1.6400000000000858,0.43000000000004146,-2.99,-1.3484000000001621,0.6658000000000427,0.0,-1.6400000000000858,0.43000000000004146,0,0,0,0,0,0,0,0,0,0,0,0,0,0,0,0,0,0,0,0,0,0,0,0,0,0,0,0,0,0,0,0,0,0,0,0,0,0,0,0,0,0,0,0,0,0,0,0,0,0,0,0,0,0,0,0,0,0,0,0,0,0,0,0,0,0,0,0,0,0,0,0,0,0,0,0,0,0,0,0,0,0,0,0,0,0,0,0,0,0,0,0,0,0,0,0,0,0,0,0,0,0,0,0,0,0,0,0,0,0,0,0,0,0,0,0,0,0,0,0,0,0,0,0,0,0,0,0,0,0,0,0,0,0,0,0,0,0,0,0,0,0,0,0,0,0,0,0,0,0,0,0,0,0,0,0,0,0,0,0,0,0,0,0,0,0,0,0,0,0,0,0,0,0,0,0,0,0,0,0,0,0,0,0,0,0,0,0,0,0,0,0
8.30210518,-4.982441000000085,-1.4897365385068373,-2.6652830086509205,3.1879999999997466,0.38659350382541646,-0.4971788692533785,3.188000000000001,0.3865935038254488,-0.49717886925331695,4.930257963701566,0.5726775227810124,-0.46741365076583286,4.901359891388156,0.48778598429124653,0.859497555913043,4.14,-2.5,-1.0,0.0,0.0,0.0,4.14,-0.5,-1.0,0.0,0.0,0.0,4.14,1.5,-1.0,0.0,0.0,0.0,4.14,-2.5,1.0,0.0,0.0,0.0,4.14,-0.5,1.0,0.0,0.0,0.0,4.14,1.5,1.0,0.0,0.0,0.0,2.77,-0.85,-1.0,0.0,0.0,0.0,2.77,1.15,-1.0,0.0,0.0,0.0,2.77,3.15,-1.0,0.0,0.0,0.0,2.77,5.15,-1.0,0.0,0.0,0.0,2.77,-0.85,1.0,0.0,0.0,0.0,2.77,1.15,1.0,0.0,0.0,0.0,2.77,3.15,1.0,0.0,0.0,0.0,2.77,5.15,1.0,0.0,0.0,0.0,8.34,-2.1909999999999448,0.2743999999998912,0.0,-1.1499999999999844,0.46000000000001595,8.34,-0.1909999999999427,0.2743999999998912,0.0,-1.1500000000000123,0.46000000000001595,-2.99,-3.479600000000291,0.700200000000046,0.0,-1.6400000000000858,0.43000000000004146,-2.99,-1.479600000000169,0.700200000000046,0.0,-1.6400000000000858,0.43000000000004146,0,0,0,0,0,0,0,0,0,0,0,0,0,0,0,0,0,0,0,0,0,0,0,0,0,0,0,0,0,0,0,0,0,0,0,0,0,0,0,0,0,0,0,0,0,0,0,0,0,0,0,0,0,0,0,0,0,0,0,0,0,0,0,0,0,0,0,0,0,0,0,0,0,0,0,0,0,0,0,0,0,0,0,0,0,0,0,0,0,0,0,0,0,0,0,0,0,0,0,0,0,0,0,0,0,0,0,0,0,0,0,0,0,0,0,0,0,0,0,0,0,0,0,0,0,0,0,0,0,0,0,0,0,0,0,0,0,0,0,0,0,0,0,0,0,0,0,0,0,0,0,0,0,0,0,0,0,0,0,0,0,0,0,0,0,0,0,0,0,0,0,0,0,0,0,0,0,0,0,0,0,0,0,0,0,0,0,0,0,0,0,0
8.401143135,-4.726156000000104,-1.4600540582008048,-2.705947788376273,3.270999999999802,0.3035935038253612,-0.5565435482588477,3.2710000000000012,0.3035935038254488,-0.5565435482587837,4.927713250129722,0.2854343138410047,-0.5565435482587837,4.896609945030656,0.4858237682700446,0.8872352069269852,4.14,-2.5,-1.0,0.0,0.0,0.0,4.14,-0.5,-1.0,0.0,0.0,0.0,4.14,1.5,-1.0,0.0,0.0,0.0,4.14,-2.5,1.0,0.0,0.0,0.0,4.14,-0.5,1.0,0.0,0.0,0.0,4.14,1.5,1.0,0.0,0.0,0.0,2.77,-0.85,-1.0,0.0,0.0,0.0,2.77,1.15,-1.0,0.0,0.0,0.0,2.77,3.15,-1.0,0.0,0.0,0.0,2.77,5.15,-1.0,0.0,0.0,0.0,2.77,-0.85,1.0,0.0,0.0,0.0,2.77,1.15,1.0,0.0,0.0,0.0,2.77,3.15,1.0,0.0,0.0,0.0,2.77,5.15,1.0,0.0,0.0,0.0,8.34,-2.2829999999999435,0.31119999999989245,0.0,-1.1499999999999844,0.46000000000001595,8.34,-0.28299999999994285,0.31119999999989245,0.0,-1.1499999999999844,0.46000000000001595,-2.99,-3.6108000000002978,0.7346000000000493,0.0,-1.6400000000000858,0.43000000000004146,-2.99,-1.6108000000001759,0.7346000000000493,0.0,-1.6400000000000858,0.43000000000004146,0,0,0,0,0,0,0,0,0,0,0,0,0,0,0,0,0,0,0,0,0,0,0,0,0,0,0,0,0,0,0,0,0,0,0,0,0,0,0,0,0,0,0,0,0,0,0,0,0,0,0,0,0,0,0,0,0,0,0,0,0,0,0,0,0,0,0,0,0,0,0,0,0,0,0,0,0,0,0,0,0,0,0,0,0,0,0,0,0,0,0,0,0,0,0,0,0,0,0,0,0,0,0,0,0,0,0,0,0,0,0,0,0,0,0,0,0,0,0,0,0,0,0,0,0,0,0,0,0,0,0,0,0,0,0,0,0,0,0,0,0,0,0,0,0,0,0,0,0,0,0,0,0,0,0,0,0,0,0,0,0,0,0,0,0,0,0,0,0,0,0,0,0,0,0,0,0,0,0,0,0,0,0,0,0,0,0,0,0,0,0,0
8.502239021,-4.396940000000114,-1.4318107078182682,-2.7596364508077276,3.363000000000227,0.21159350382538022,-0.4710786615444995,3.3630000000000013,0.2115935038254488,-0.47107866154455724,4.90249034795549,0.018148342869990675,-0.47107866154455724,4.890889271407818,0.48527187376226655,0.9185386999812074,4.14,-2.5,-1.0,0.0,0.0,0.0,4.14,-0.5,-1.0,0.0,0.0,0.0,4.14,1.5,-1.0,0.0,0.0,0.0,4.14,-2.5,1.0,0.0,0.0,0.0,4.14,-0.5,1.0,0.0,0.0,0.0,4.14,1.5,1.0,0.0,0.0,0.0,2.77,-0.85,-1.0,0.0,0.0,0.0,2.77,1.15,-1.0,0.0,0.0,0.0,2.77,3.15,-1.0,0.0,0.0,0.0,2.77,5.15,-1.0,0.0,0.0,0.0,2.77,-0.85,1.0,0.0,0.0,0.0,2.77,1.15,1.0,0.0,0.0,0.0,2.77,3.15,1.0,0.0,0.0,0.0,2.77,5.15,1.0,0.0,0.0,0.0,8.34,-2.397999999999942,0.35719999999989405,0.0,-1.1499999999999844,0.46000000000001595,8.34,-0.3979999999999413,0.35719999999989405,0.0,-1.1499999999999844,0.46000000000001595,-2.99,-3.7420000000003046,0.7690000000000526,0.0,-1.6400000000000858,0.43000000000004146,-2.99,-1.7748000000001845,0.7776000000000535,0.0,-1.6400000000000858,0.43000000000004146,0,0,0,0,0,0,0,0,0,0,0,0,0,0,0,0,0,0,0,0,0,0,0,0,0,0,0,0,0,0,0,0,0,0,0,0,0,0,0,0,0,0,0,0,0,0,0,0,0,0,0,0,0,0,0,0,0,0,0,0,0,0,0,0,0,0,0,0,0,0,0,0,0,0,0,0,0,0,0,0,0,0,0,0,0,0,0,0,0,0,0,0,0,0,0,0,0,0,0,0,0,0,0,0,0,0,0,0,0,0,0,0,0,0,0,0,0,0,0,0,0,0,0,0,0,0,0,0,0,0,0,0,0,0,0,0,0,0,0,0,0,0,0,0,0,0,0,0,0,0,0,0,0,0,0,0,0,0,0,0,0,0,0,0,0,0,0,0,0,0,0,0,0,0,0,0,0,0,0,0,0,0,0,0,0,0,0,0,0,0,0,0
8.602481583,-4.1258980000000935,-1.4168852275122348,-2.795320743731285,3.4400000000003317,0.1345935038254975,-0.39407866154439475,3.4400000000000013,0.13459350382544882,-0.39407866154455723,5.023108410951833,-0.04901151810894078,-0.3176137722865162,4.88481526062672,0.4872354847400422,0.9493057736885658,4.14,-2.5,-1.0,0.0,0.0,0.0,4.14,-0.5,-1.0,0.0,0.0,0.0,4.14,1.5,-1.0,0.0,0.0,0.0,4.14,-2.5,1.0,0.0,0.0,0.0,4.14,-0.5,1.0,0.0,0.0,0.0,4.14,1.5,1.0,0.0,0.0,0.0,2.77,-0.85,-1.0,0.0,0.0,0.0,2.77,1.15,-1.0,0.0,0.0,0.0,2.77,3.15,-1.0,0.0,0.0,0.0,2.77,5.15,-1.0,0.0,0.0,0.0,2.77,-0.85,1.0,0.0,0.0,0.0,2.77,1.15,1.0,0.0,0.0,0.0,2.77,3.15,1.0,0.0,0.0,0.0,2.77,5.15,1.0,0.0,0.0,0.0,8.34,-2.4899999999999407,0.3939999999998953,0.0,-1.1499999999999844,0.46000000000001595,8.34,-0.48999999999994004,0.3939999999998953,0.0,-1.1499999999999844,0.46000000000001595,-2.99,-3.906000000000313,0.8120000000000568,0.0,-1.6400000000000858,0.43000000000004146,-2.99,-1.9060000000001913,0.8120000000000568,0.0,-1.6400000000000858,0.43000000000004146,0,0,0,0,0,0,0,0,0,0,0,0,0,0,0,0,0,0,0,0,0,0,0,0,0,0,0,0,0,0,0,0,0,0,0,0,0,0,0,0,0,0,0,0,0,0,0,0,0,0,0,0,0,0,0,0,0,0,0,0,0,0,0,0,0,0,0,0,0,0,0,0,0,0,0,0,0,0,0,0,0,0,0,0,0,0,0,0,0,0,0,0,0,0,0,0,0,0,0,0,0,0,0,0,0,0,0,0,0,0,0,0,0,0,0,0,0,0,0,0,0,0,0,0,0,0,0,0,0,0,0,0,0,0,0,0,0,0,0,0,0,0,0,0,0,0,0,0,0,0,0,0,0,0,0,0,0,0,0,0,0,0,0,0,0,0,0,0,0,0,0,0,0,0,0,0,0,0,0,0,0,0,0,0,0,0,0,0,0,0,0,0
8.701381797,-3.848673000000081,-1.408142747206195,-2.8261023906415517,3.5210000000001074,0.053593503825499766,-0.3642928210130236,3.5210000000000012,0.05359350382544882,-0.3642928210128016,4.984778303530087,-0.055785431533478036,-0.3642928210128016,4.878422200194933,0.49203928583182394,0.9792314220057136,4.14,-2.5,-1.0,0.0,0.0,0.0,4.14,-0.5,-1.0,0.0,0.0,0.0,4.14,1.5,-1.0,0.0,0.0,0.0,4.14,-2.5,1.0,0.0,0.0,0.0,4.14,-0.5,1.0,0.0,0.0,0.0,4.14,1.5,1.0,0.0,0.0,0.0,2.77,-0.85,-1.0,0.0,0.0,0.0,2.77,1.15,-1.0,0.0,0.0,0.0,2.77,3.15,-1.0,0.0,0.0,0.0,2.77,5.15,-1.0,0.0,0.0,0.0,2.77,-0.85,1.0,0.0,0.0,0.0,2.77,1.15,1.0,0.0,0.0,0.0,2.77,3.15,1.0,0.0,0.0,0.0,2.77,5.15,1.0,0.0,0.0,0.0,8.34,-2.5819999999999395,0.4307999999998966,0.0,-1.1499999999999844,0.46000000000001595,8.34,-0.5819999999999388,0.4307999999998966,0.0,-1.1499999999999844,0.46000000000001595,-2.99,-4.03720000000032,0.8464000000000601,0.0,-1.6400000000000858,0.43000000000004146,-2.99,-2.037200000000198,0.8464000000000601,0.0,-1.6400000000000858,0.43000000000004146,0,0,0,0,0,0,0,0,0,0,0,0,0,0,0,0,0,0,0,0,0,0,0,0,0,0,0,0,0,0,0,0,0,0,0,0,0,0,0,0,0,0,0,0,0,0,0,0,0,0,0,0,0,0,0,0,0,0,0,0,0,0,0,0,0,0,0,0,0,0,0,0,0,0,0,0,0,0,0,0,0,0,0,0,0,0,0,0,0,0,0,0,0,0,0,0,0,0,0,0,0,0,0,0,0,0,0,0,0,0,0,0,0,0,0,0,0,0,0,0,0,0,0,0,0,0,0,0,0,0,0,0,0,0,0,0,0,0,0,0,0,0,0,0,0,0,0,0,0,0,0,0,0,0,0,0,0,0,0,0,0,0,0,0,0,0,0,0,0,0,0,0,0,0,0,0,0,0,0,0,0,0,0,0,0,0,0,0,0,0,0,0
8.801085087,-3.565643000000077,-1.402505266900156,-2.856595816322589,3.610999999999808,0.14359350382542324,-0.45429282101272506,3.611000000000001,0.14359350382544883,-0.45429282101280155,4.978187507326055,0.3037016485714603,-0.4812608245726655,4.871120774077127,0.5000636954766102,1.0109988648957637,4.14,-2.5,-1.0,0.0,0.0,0.0,4.14,-0.5,-1.0,0.0,0.0,0.0,4.14,1.5,-1.0,0.0,0.0,0.0,4.14,-2.5,1.0,0.0,0.0,0.0,4.14,-0.5,1.0,0.0,0.0,0.0,4.14,1.5,1.0,0.0,0.0,0.0,2.77,-0.85,-1.0,0.0,0.0,0.0,2.77,1.15,-1.0,0.0,0.0,0.0,2.77,3.15,-1.0,0.0,0.0,0.0,2.77,5.15,-1.0,0.0,0.0,0.0,2.77,-0.85,1.0,0.0,0.0,0.0,2.77,1.15,1.0,0.0,0.0,0.0,2.77,3.15,1.0,0.0,0.0,0.0,2.77,5.15,1.0,0.0,0.0,0.0,8.34,-2.673999999999938,0.4675999999998979,0.0,-1.1499999999999844,0.46000000000001595,8.34,-0.6739999999999375,0.4675999999998979,0.0,-1.1499999999999844,0.46000000000001595,-2.99,-4.168400000000327,0.8808000000000634,0.0,-1.6400000000000858,0.43000000000004146,-2.99,-2.168400000000205,0.8808000000000634,0.0,-1.6400000000000858,0.43000000000004146,0,0,0,0,0,0,0,0,0,0,0,0,0,0,0,0,0,0,0,0,0,0,0,0,0,0,0,0,0,0,0,0,0,0,0,0,0,0,0,0,0,0,0,0,0,0,0,0,0,0,0,0,0,0,0,0,0,0,0,0,0,0,0,0,0,0,0,0,0,0,0,0,0,0,0,0,0,0,0,0,0,0,0,0,0,0,0,0,0,0,0,0,0,0,0,0,0,0,0,0,0,0,0,0,0,0,0,0,0,0,0,0,0,0,0,0,0,0,0,0,0,0,0,0,0,0,0,0,0,0,0,0,0,0,0,0,0,0,0,0,0,0,0,0,0,0,0,0,0,0,0,0,0,0,0,0,0,0,0,0,0,0,0,0,0,0,0,0,0,0,0,0,0,0,0,0,0,0,0,0,0,0,0,0,0,0,0,0,0,0,0,0
8.901229704,-3.3487760000000875,-1.3936826566706304,-2.883646385583353,3.631699999999905,0.16429350382545227,-0.43359282101276264,3.680000000000001,0.21259350382544884,-0.38529282101280155,4.999438012488236,0.5443737680883052,-0.35380416710886564,4.863786554068717,0.5063420708308791,1.0426879033378362,4.14,-2.5,-1.0,0.0,0.0,0.0,4.14,-0.5,-1.0,0.0,0.0,0.0,4.14,1.5,-1.0,0.0,0.0,0.0,4.14,-2.5,1.0,0.0,0.0,0.0,4.14,-0.5,1.0,0.0,0.0,0.0,4.14,1.5,1.0,0.0,0.0,0.0,2.77,-0.85,-1.0,0.0,0.0,0.0,2.77,1.15,-1.0,0.0,0.0,0.0,2.77,3.15,-1.0,0.0,0.0,0.0,2.77,5.15,-1.0,0.0,0.0,0.0,2.77,-0.85,1.0,0.0,0.0,0.0,2.77,1.15,1.0,0.0,0.0,0.0,2.77,3.15,1.0,0.0,0.0,0.0,2.77,5.15,1.0,0.0,0.0,0.0,8.34,-2.7429999999999373,0.49519999999989883,0.0,-1.1499999999999844,0.46000000000001595,8.34,-0.7429999999999366,0.49519999999989883,0.0,-1.1499999999999844,0.46000000000001595,-2.99,-4.266800000000332,0.9066000000000659,0.0,-1.6400000000000858,0.43000000000004146,-2.99,-2.26680000000021,0.9066000000000659,0.0,-1.6400000000000858,0.43000000000004146,0,0,0,0,0,0,0,0,0,0,0,0,0,0,0,0,0,0,0,0,0,0,0,0,0,0,0,0,0,0,0,0,0,0,0,0,0,0,0,0,0,0,0,0,0,0,0,0,0,0,0,0,0,0,0,0,0,0,0,0,0,0,0,0,0,0,0,0,0,0,0,0,0,0,0,0,0,0,0,0,0,0,0,0,0,0,0,0,0,0,0,0,0,0,0,0,0,0,0,0,0,0,0,0,0,0,0,0,0,0,0,0,0,0,0,0,0,0,0,0,0,0,0,0,0,0,0,0,0,0,0,0,0,0,0,0,0,0,0,0,0,0,0,0,0,0,0,0,0,0,0,0,0,0,0,0,0,0,0,0,0,0,0,0,0,0,0,0,0,0,0,0,0,0,0,0,0,0,0,0,0,0,0,0,0,0,0,0,0,0,0,0
9.001272822,-2.9786960000000726,-1.370343306288082,-2.9215728992298344,3.7600000000002067,0.29259350382537797,-0.36210941890502113,3.760000000000001,0.29259350382544885,-0.3621094189048528,4.898528293218069,0.6475088676374288,-0.3621094189048528,4.856617634304297,0.5106079138459887,1.07356635215639,4.14,-2.5,-1.0,0.0,0.0,0.0,4.14,-0.5,-1.0,0.0,0.0,0.0,4.14,1.5,-1.0,0.0,0.0,0.0,4.14,-2.5,1.0,0.0,0.0,0.0,4.14,-0.5,1.0,0.0,0.0,0.0,4.14,1.5,1.0,0.0,0.0,0.0,2.77,-0.85,-1.0,0.0,0.0,0.0,2.77,1.15,-1.0,0.0,0.0,0.0,2.77,3.15,-1.0,0.0,0.0,0.0,2.77,5.15,-1.0,0.0,0.0,0.0,2.77,-0.85,1.0,0.0,0.0,0.0,2.77,1.15,1.0,0.0,0.0,0.0,2.77,3.15,1.0,0.0,0.0,0.0,2.77,5.15,1.0,0.0,0.0,0.0,8.34,-2.8579999999999357,0.5411999999999004,0.0,-1.1499999999999844,0.46000000000001595,8.34,-0.857999999999935,0.5411999999999004,0.0,-1.1499999999999844,0.46000000000001595,-2.99,-4.430800000000341,0.94960000000007,0.0,-1.6400000000000858,0.43000000000004146,-2.99,-2.4308000000002186,0.94960000000007,0.0,-1.6400000000000858,0.43000000000004146,0,0,0,0,0,0,0,0,0,0,0,0,0,0,0,0,0,0,0,0,0,0,0,0,0,0,0,0,0,0,0,0,0,0,0,0,0,0,0,0,0,0,0,0,0,0,0,0,0,0,0,0,0,0,0,0,0,0,0,0,0,0,0,0,0,0,0,0,0,0,0,0,0,0,0,0,0,0,0,0,0,0,0,0,0,0,0,0,0,0,0,0,0,0,0,0,0,0,0,0,0,0,0,0,0,0,0,0,0,0,0,0,0,0,0,0,0,0,0,0,0,0,0,0,0,0,0,0,0,0,0,0,0,0,0,0,0,0,0,0,0,0,0,0,0,0,0,0,0,0,0,0,0,0,0,0,0,0,0,0,0,0,0,0,0,0,0,0,0,0,0,0,0,0,0,0,0,0,0,0,0,0,0,0,0,0,0,0,0,0,0,0
9.100594135,-2.5996880000000577,-1.338075955905543,-2.954775841120328,3.854000000000025,0.38659350382541646,-0.2681094189047606,3.854000000000001,0.3865935038254489,-0.26810941890485285,4.796281705449514,1.3514587103886768,-0.19937739316541814,4.847269070318375,0.513732434709677,1.1135805069513878,4.14,-2.5,-1.0,0.0,0.0,0.0,4.14,-0.5,-1.0,0.0,0.0,0.0,4.14,1.5,-1.0,0.0,0.0,0.0,4.14,-2.5,1.0,0.0,0.0,0.0,4.14,-0.5,1.0,0.0,0.0,0.0,4.14,1.5,1.0,0.0,0.0,0.0,2.77,-0.85,-1.0,0.0,0.0,0.0,2.77,1.15,-1.0,0.0,0.0,0.0,2.77,3.15,-1.0,0.0,0.0,0.0,2.77,5.15,-1.0,0.0,0.0,0.0,2.77,-0.85,1.0,0.0,0.0,0.0,2.77,1.15,1.0,0.0,0.0,0.0,2.77,3.15,1.0,0.0,0.0,0.0,2.77,5.15,1.0,0.0,0.0,0.0,8.34,-2.972999999999934,0.587199999999902,0.0,-1.1499999999999844,0.46000000000001595,8.34,-0.9729999999999335,0.587199999999902,0.0,-1.1499999999999844,0.46000000000001595,-2.99,-4.594800000000349,0.9926000000000742,0.0,-1.6400000000000858,0.43000000000004146,-2.99,-2.594800000000227,0.9926000000000742,0.0,-1.6400000000000858,0.43000000000004146,0,0,0,0,0,0,0,0,0,0,0,0,0,0,0,0,0,0,0,0,0,0,0,0,0,0,0,0,0,0,0,0,0,0,0,0,0,0,0,0,0,0,0,0,0,0,0,0,0,0,0,0,0,0,0,0,0,0,0,0,0,0,0,0,0,0,0,0,0,0,0,0,0,0,0,0,0,0,0,0,0,0,0,0,0,0,0,0,0,0,0,0,0,0,0,0,0,0,0,0,0,0,0,0,0,0,0,0,0,0,0,0,0,0,0,0,0,0,0,0,0,0,0,0,0,0,0,0,0,0,0,0,0,0,0,0,0,0,0,0,0,0,0,0,0,0,0,0,0,0,0,0,0,0,0,0,0,0,0,0,0,0,0,0,0,0,0,0,0,0,0,0,0,0,0,0,0,0,0,0,0,0,0,0,0,0,0,0,0,0,0,0
9.201226873,-2.368268000000056,-1.315060345676018,-2.9707345478052525,3.872000000000054,0.36859350382543177,-0.2553235739686244,3.944000000000001,0.2965935038254489,-0.2041801942239534,4.986406245529555,0.1372987005942039,-0.2041801942239534,4.838150659874313,0.5141514303293545,1.1523656099728194,4.14,-2.5,-1.0,0.0,0.0,0.0,4.14,-0.5,-1.0,0.0,0.0,0.0,4.14,1.5,-1.0,0.0,0.0,0.0,4.14,-2.5,1.0,0.0,0.0,0.0,4.14,-0.5,1.0,0.0,0.0,0.0,4.14,1.5,1.0,0.0,0.0,0.0,2.77,-0.85,-1.0,0.0,0.0,0.0,2.77,1.15,-1.0,0.0,0.0,0.0,2.77,3.15,-1.0,0.0,0.0,0.0,2.77,5.15,-1.0,0.0,0.0,0.0,2.77,-0.85,1.0,0.0,0.0,0.0,2.77,1.15,1.0,0.0,0.0,0.0,2.77,3.15,1.0,0.0,0.0,0.0,2.77,5.15,1.0,0.0,0.0,0.0,8.34,-3.041999999999933,0.614799999999903,0.0,-1.1499999999999844,0.46000000000001595,8.34,-1.0419999999999325,0.614799999999903,0.0,-1.1499999999999844,0.46000000000001595,-2.99,-4.693200000000354,1.018400000000072,0.0,-1.6400000000000858,0.42999999999993044,-2.99,-2.6932000000002323,1.018400000000072,0.0,-1.6400000000000858,0.42999999999993044,0,0,0,0,0,0,0,0,0,0,0,0,0,0,0,0,0,0,0,0,0,0,0,0,0,0,0,0,0,0,0,0,0,0,0,0,0,0,0,0,0,0,0,0,0,0,0,0,0,0,0,0,0,0,0,0,0,0,0,0,0,0,0,0,0,0,0,0,0,0,0,0,0,0,0,0,0,0,0,0,0,0,0,0,0,0,0,0,0,0,0,0,0,0,0,0,0,0,0,0,0,0,0,0,0,0,0,0,0,0,0,0,0,0,0,0,0,0,0,0,0,0,0,0,0,0,0,0,0,0,0,0,0,0,0,0,0,0,0,0,0,0,0,0,0,0,0,0,0,0,0,0,0,0,0,0,0,0,0,0,0,0,0,0,0,0,0,0,0,0,0,0,0,0,0,0,0,0,0,0,0,0,0,0,0,0,0,0,0,0,0,0
9.301298981,-2.05146700000005,-1.2926138653699804,-2.9861619101081622,4.004999999999813,0.23559350382540423,-0.16098718303281245,4.005000000000001,0.2355935038254489,-0.16098718303300608,4.9819115286954165,-0.2694421285751374,-0.16098718303300608,4.831522085689696,0.5157066716369723,1.1791696079537497,4.14,-2.5,-1.0,0.0,0.0,0.0,4.14,-0.5,-1.0,0.0,0.0,0.0,4.14,1.5,-1.0,0.0,0.0,0.0,4.14,-2.5,1.0,0.0,0.0,0.0,4.14,-0.5,1.0,0.0,0.0,0.0,4.14,1.5,1.0,0.0,0.0,0.0,2.77,-0.85,-1.0,0.0,0.0,0.0,2.77,1.15,-1.0,0.0,0.0,0.0,2.77,3.15,-1.0,0.0,0.0,0.0,2.77,5.15,-1.0,0.0,0.0,0.0,2.77,-0.85,1.0,0.0,0.0,0.0,2.77,1.15,1.0,0.0,0.0,0.0,2.77,3.15,1.0,0.0,0.0,0.0,2.77,5.15,1.0,0.0,0.0,0.0,8.34,-3.133999999999932,0.6515999999999043,0.0,-1.1499999999999844,0.46000000000001595,8.34,-1.1339999999999313,0.6515999999999043,0.0,-1.1499999999999844,0.46000000000001595,-2.99,-4.824400000000361,1.0528000000000663,0.0,-1.6400000000000858,0.42999999999993044,-2.99,-2.824400000000239,1.0528000000000663,0.0,-1.6400000000000858,0.42999999999993044,0,0,0,0,0,0,0,0,0,0,0,0,0,0,0,0,0,0,0,0,0,0,0,0,0,0,0,0,0,0,0,0,0,0,0,0,0,0,0,0,0,0,0,0,0,0,0,0,0,0,0,0,0,0,0,0,0,0,0,0,0,0,0,0,0,0,0,0,0,0,0,0,0,0,0,0,0,0,0,0,0,0,0,0,0,0,0,0,0,0,0,0,0,0,0,0,0,0,0,0,0,0,0,0,0,0,0,0,0,0,0,0,0,0,0,0,0,0,0,0,0,0,0,0,0,0,0,0,0,0,0,0,0,0,0,0,0,0,0,0,0,0,0,0,0,0,0,0,0,0,0,0,0,0,0,0,0,0,0,0,0,0,0,0,0,0,0,0,0,0,0,0,0,0,0,0,0,0,0,0,0,0,0,0,0,0,0,0,0,0,0,0
9.40449023,-1.7297770000000492,-1.2750563850639485,-2.9977508847507934,4.091000000000066,0.14959350382537373,-0.07498718303322605,4.091000000000001,0.14959350382544892,-0.07498718303300608,4.976181774872581,-0.0942448752037941,0.04543099933822603,4.821594791084785,0.5208885193066387,1.2169218631607372,4.14,-2.5,-1.0,0.0,0.0,0.0,4.14,-0.5,-1.0,0.0,0.0,0.0,4.14,1.5,-1.0,0.0,0.0,0.0,4.14,-2.5,1.0,0.0,0.0,0.0,4.14,-0.5,1.0,0.0,0.0,0.0,4.14,1.5,1.0,0.0,0.0,0.0,2.77,-0.85,-1.0,0.0,0.0,0.0,2.77,1.15,-1.0,0.0,0.0,0.0,2.77,3.15,-1.0,0.0,0.0,0.0,2.77,5.15,-1.0,0.0,0.0,0.0,2.77,-0.85,1.0,0.0,0.0,0.0,2.77,1.15,1.0,0.0,0.0,0.0,2.77,3.15,1.0,0.0,0.0,0.0,2.77,5.15,1.0,0.0,0.0,0.0,8.34,-3.2489999999999304,0.6975999999999059,0.0,-1.1499999999999844,0.46000000000001595,8.34,-1.22599999999993,0.6883999999999055,0.0,-1.1499999999999844,0.46000000000001595,-2.99,-4.955600000000368,1.0872000000000608,0.0,-1.6400000000000858,0.42999999999993044,-2.99,-2.955600000000246,1.0872000000000608,0.0,-1.6400000000000858,0.42999999999993044,0,0,0,0,0,0,0,0,0,0,0,0,0,0,0,0,0,0,0,0,0,0,0,0,0,0,0,0,0,0,0,0,0,0,0,0,0,0,0,0,0,0,0,0,0,0,0,0,0,0,0,0,0,0,0,0,0,0,0,0,0,0,0,0,0,0,0,0,0,0,0,0,0,0,0,0,0,0,0,0,0,0,0,0,0,0,0,0,0,0,0,0,0,0,0,0,0,0,0,0,0,0,0,0,0,0,0,0,0,0,0,0,0,0,0,0,0,0,0,0,0,0,0,0,0,0,0,0,0,0,0,0,0,0,0,0,0,0,0,0,0,0,0,0,0,0,0,0,0,0,0,0,0,0,0,0,0,0,0,0,0,0,0,0,0,0,0,0,0,0,0,0,0,0,0,0,0,0,0,0,0,0,0,0,0,0,0,0,0,0,0,0
9.501850016,-1.318241000000044,-1.2576610346814063,-3.005023619405696,4.178000000000014,0.236593503825544,-0.06691633844679856,4.178000000000001,0.23659350382544891,-0.06691633844689138,4.904522409110836,0.8839731088700202,-0.06691633844689138,4.81066414648765,0.5298440993602772,1.255697296354242,4.14,-2.5,-1.0,0.0,0.0,0.0,4.14,-0.5,-1.0,0.0,0.0,0.0,4.14,1.5,-1.0,0.0,0.0,0.0,4.14,-2.5,1.0,0.0,0.0,0.0,4.14,-0.5,1.0,0.0,0.0,0.0,4.14,1.5,1.0,0.0,0.0,0.0,2.77,-0.85,-1.0,0.0,0.0,0.0,2.77,1.15,-1.0,0.0,0.0,0.0,2.77,3.15,-1.0,0.0,0.0,0.0,2.77,5.15,-1.0,0.0,0.0,0.0,2.77,-0.85,1.0,0.0,0.0,0.0,2.77,1.15,1.0,0.0,0.0,0.0,2.77,3.15,1.0,0.0,0.0,0.0,2.77,5.15,1.0,0.0,0.0,0.0,8.34,-3.340999999999929,0.7343999999999071,0.0,-1.1499999999999844,0.46000000000001595,8.34,-1.3409999999999285,0.7343999999999071,0.0,-1.1499999999999844,0.46000000000001595,-2.99,-5.119600000000377,1.1302000000000538,0.0,-1.6400000000000858,0.42999999999993044,-2.99,-3.1196000000002546,1.1302000000000538,0.0,-1.6400000000000858,0.42999999999993044,0,0,0,0,0,0,0,0,0,0,0,0,0,0,0,0,0,0,0,0,0,0,0,0,0,0,0,0,0,0,0,0,0,0,0,0,0,0,0,0,0,0,0,0,0,0,0,0,0,0,0,0,0,0,0,0,0,0,0,0,0,0,0,0,0,0,0,0,0,0,0,0,0,0,0,0,0,0,0,0,0,0,0,0,0,0,0,0,0,0,0,0,0,0,0,0,0,0,0,0,0,0,0,0,0,0,0,0,0,0,0,0,0,0,0,0,0,0,0,0,0,0,0,0,0,0,0,0,0,0,0,0,0,0,0,0,0,0,0,0,0,0,0,0,0,0,0,0,0,0,0,0,0,0,0,0,0,0,0,0,0,0,0,0,0,0,0,0,0,0,0,0,0,0,0,0,0,0,0,0,0,0,0,0,0,0,0,0,0,0,0,0
9.600533531,-0.9818140000000428,-1.2365465543753629,-3.0097340526202268,4.259000000000014,0.31759350382554175,-0.04310619543890226,4.259000000000001,0.31759350382544893,-0.04310619543904748,4.9590854138368385,0.4230303515289835,-0.04310619543904748,4.800086764845076,0.5368989660542516,1.2926355055501961,4.14,-2.5,-1.0,0.0,0.0,0.0,4.14,-0.5,-1.0,0.0,0.0,0.0,4.14,1.5,-1.0,0.0,0.0,0.0,4.14,-2.5,1.0,0.0,0.0,0.0,4.14,-0.5,1.0,0.0,0.0,0.0,4.14,1.5,1.0,0.0,0.0,0.0,2.77,-0.85,-1.0,0.0,0.0,0.0,2.77,1.15,-1.0,0.0,0.0,0.0,2.77,3.15,-1.0,0.0,0.0,0.0,2.77,5.15,-1.0,0.0,0.0,0.0,2.77,-0.85,1.0,0.0,0.0,0.0,2.77,1.15,1.0,0.0,0.0,0.0,2.77,3.15,1.0,0.0,0.0,0.0,2.77,5.15,1.0,0.0,0.0,0.0,8.34,-3.432999999999928,0.7711999999999084,0.0,-1.1499999999999844,0.46000000000001595,8.34,-1.4329999999999272,0.7711999999999084,0.0,-1.1499999999999844,0.46000000000001595,-2.99,-5.250800000000384,1.1646000000000483,0.0,-1.6400000000000858,0.42999999999993044,-2.99,-3.2508000000002615,1.1646000000000483,0.0,-1.6400000000000858,0.42999999999993044,0,0,0,0,0,0,0,0,0,0,0,0,0,0,0,0,0,0,0,0,0,0,0,0,0,0,0,0,0,0,0,0,0,0,0,0,0,0,0,0,0,0,0,0,0,0,0,0,0,0,0,0,0,0,0,0,0,0,0,0,0,0,0,0,0,0,0,0,0,0,0,0,0,0,0,0,0,0,0,0,0,0,0,0,0,0,0,0,0,0,0,0,0,0,0,0,0,0,0,0,0,0,0,0,0,0,0,0,0,0,0,0,0,0,0,0,0,0,0,0,0,0,0,0,0,0,0,0,0,0,0,0,0,0,0,0,0,0,0,0,0,0,0,0,0,0,0,0,0,0,0,0,0,0,0,0,0,0,0,0,0,0,0,0,0,0,0,0,0,0,0,0,0,0,0,0,0,0,0,0,0,0,0,0,0,0,0,0,0,0,0,0
9.70113347,-0.6404940000000419,-1.2117390740693195,-3.0125825482553403,4.319000000000006,0.25759350382554835,0.016893804560957904,4.359000000000001,0.21759350382544893,0.05689380456095253,5.01127198395712,0.04534377047779037,0.09349851662688247,4.787221676326442,0.5424187389583,1.337269805737476,4.14,-2.5,-1.0,0.0,0.0,0.0,4.14,-0.5,-1.0,0.0,0.0,0.0,4.14,1.5,-1.0,0.0,0.0,0.0,4.14,-2.5,1.0,0.0,0.0,0.0,4.14,-0.5,1.0,0.0,0.0,0.0,4.14,1.5,1.0,0.0,0.0,0.0,2.77,-0.85,-1.0,0.0,0.0,0.0,2.77,1.15,-1.0,0.0,0.0,0.0,2.77,3.15,-1.0,0.0,0.0,0.0,2.77,5.15,-1.0,0.0,0.0,0.0,2.77,-0.85,1.0,0.0,0.0,0.0,2.77,1.15,1.0,0.0,0.0,0.0,2.77,3.15,1.0,0.0,0.0,0.0,2.77,5.15,1.0,0.0,0.0,0.0,8.34,-3.5249999999999266,0.8079999999999097,0.0,-1.1499999999999844,0.46000000000001595,8.34,-1.524999999999926,0.8079999999999097,0.0,-1.1499999999999844,0.46000000000001595,-2.99,-5.414800000000392,1.2076000000000413,0.0,-1.6400000000000858,0.42999999999993044,-2.99,-3.3820000000002683,1.1990000000000427,0.0,-1.6400000000000858,0.42999999999993044,0,0,0,0,0,0,0,0,0,0,0,0,0,0,0,0,0,0,0,0,0,0,0,0,0,0,0,0,0,0,0,0,0,0,0,0,0,0,0,0,0,0,0,0,0,0,0,0,0,0,0,0,0,0,0,0,0,0,0,0,0,0,0,0,0,0,0,0,0,0,0,0,0,0,0,0,0,0,0,0,0,0,0,0,0,0,0,0,0,0,0,0,0,0,0,0,0,0,0,0,0,0,0,0,0,0,0,0,0,0,0,0,0,0,0,0,0,0,0,0,0,0,0,0,0,0,0,0,0,0,0,0,0,0,0,0,0,0,0,0,0,0,0,0,0,0,0,0,0,0,0,0,0,0,0,0,0,0,0,0,0,0,0,0,0,0,0,0,0,0,0,0,0,0,0,0,0,0,0,0,0,0,0,0,0,0,0,0,0,0,0,0
9.800729992,-0.20304600000004183,-1.1915277236867647,-3.0053451677992533,4.445000000000006,0.13159350382552226,0.14289380456089518,4.445000000000001,0.13159350382544893,0.14289380456095252,5.000839997729428,-0.20977262229902038,0.19228986969938378,4.773122476171461,0.5511248272600953,1.3833160348395976,4.14,-2.5,-1.0,0.0,0.0,0.0,4.14,-0.5,-1.0,0.0,0.0,0.0,4.14,1.5,-1.0,0.0,0.0,0.0,4.14,-2.5,1.0,0.0,0.0,0.0,4.14,-0.5,1.0,0.0,0.0,0.0,4.14,1.5,1.0,0.0,0.0,0.0,2.77,-0.85,-1.0,0.0,0.0,0.0,2.77,1.15,-1.0,0.0,0.0,0.0,2.77,3.15,-1.0,0.0,0.0,0.0,2.77,5.15,-1.0,0.0,0.0,0.0,2.77,-0.85,1.0,0.0,0.0,0.0,2.77,1.15,1.0,0.0,0.0,0.0,2.77,3.15,1.0,0.0,0.0,0.0,2.77,5.15,1.0,0.0,0.0,0.0,8.34,-3.639999999999925,0.8539999999999113,0.0,-1.1499999999999844,0.46000000000001595,8.34,-1.6399999999999244,0.8539999999999113,0.0,-1.1499999999999844,0.46000000000001595,-2.99,-5.546000000000399,1.2420000000000357,0.0,-1.6400000000000858,0.42999999999993044,-2.99,-3.546000000000277,1.2420000000000357,0.0,-1.6400000000000858,0.42999999999993044,0,0,0,0,0,0,0,0,0,0,0,0,0,0,0,0,0,0,0,0,0,0,0,0,0,0,0,0,0,0,0,0,0,0,0,0,0,0,0,0,0,0,0,0,0,0,0,0,0,0,0,0,0,0,0,0,0,0,0,0,0,0,0,0,0,0,0,0,0,0,0,0,0,0,0,0,0,0,0,0,0,0,0,0,0,0,0,0,0,0,0,0,0,0,0,0,0,0,0,0,0,0,0,0,0,0,0,0,0,0,0,0,0,0,0,0,0,0,0,0,0,0,0,0,0,0,0,0,0,0,0,0,0,0,0,0,0,0,0,0,0,0,0,0,0,0,0,0,0,0,0,0,0,0,0,0,0,0,0,0,0,0,0,0,0,0,0,0,0,0,0,0,0,0,0,0,0,0,0,0,0,0,0,0,0,0,0,0,0,0,0,0
9.900996483,0.1543019999999583,-1.1827482433807222,-2.9921656634343825,4.520999999999998,0.05559350382555728,0.21889380456086016,4.521000000000001,0.055593503825448934,0.21889380456095253,4.96624788107911,-0.08349190788561955,0.22172143879123007,4.759170831839003,0.5637221669609602,1.425661359457317,4.14,-2.5,-1.0,0.0,0.0,0.0,4.14,-0.5,-1.0,0.0,0.0,0.0,4.14,1.5,-1.0,0.0,0.0,0.0,4.14,-2.5,1.0,0.0,0.0,0.0,4.14,-0.5,1.0,0.0,0.0,0.0,4.14,1.5,1.0,0.0,0.0,0.0,2.77,-0.85,-1.0,0.0,0.0,0.0,2.77,1.15,-1.0,0.0,0.0,0.0,2.77,3.15,-1.0,0.0,0.0,0.0,2.77,5.15,-1.0,0.0,0.0,0.0,2.77,-0.85,1.0,0.0,0.0,0.0,2.77,1.15,1.0,0.0,0.0,0.0,2.77,3.15,1.0,0.0,0.0,0.0,2.77,5.15,1.0,0.0,0.0,0.0,8.34,-3.731999999999924,0.8907999999999126,0.0,-1.1499999999999844,0.46000000000001595,8.34,-1.7319999999999232,0.8907999999999126,0.0,-1.1499999999999844,0.46000000000001595,-2.99,-5.677200000000406,1.2764000000000302,0.0,-1.6400000000000858,0.42999999999993044,-2.99,-3.677200000000284,1.2764000000000302,0.0,-1.6400000000000858,0.42999999999993044,0,0,0,0,0,0,0,0,0,0,0,0,0,0,0,0,0,0,0,0,0,0,0,0,0,0,0,0,0,0,0,0,0,0,0,0,0,0,0,0,0,0,0,0,0,0,0,0,0,0,0,0,0,0,0,0,0,0,0,0,0,0,0,0,0,0,0,0,0,0,0,0,0,0,0,0,0,0,0,0,0,0,0,0,0,0,0,0,0,0,0,0,0,0,0,0,0,0,0,0,0,0,0,0,0,0,0,0,0,0,0,0,0,0,0,0,0,0,0,0,0,0,0,0,0,0,0,0,0,0,0,0,0,0,0,0,0,0,0,0,0,0,0,0,0,0,0,0,0,0,0,0,0,0,0,0,0,0,0,0,0,0,0,0,0,0,0,0,0,0,0,0,0,0,0,0,0,0,0,0,0,0,0,0,0,0,0,0,0,0,0,0
10.002244508,0.5169939999999579,-1.1772887630746778,-2.9756661590695135,4.612999999999978,0.14759350382553826,0.12689380456087918,4.613,0.14759350382544895,0.12689380456095253,4.933101826520152,0.8024942041719174,0.06717766148292892,4.74327169417008,0.5820669674368615,1.4705684889537642,4.14,-2.5,-1.0,0.0,0.0,0.0,4.14,-0.5,-1.0,0.0,0.0,0.0,4.14,1.5,-1.0,0.0,0.0,0.0,4.14,-2.5,1.0,0.0,0.0,0.0,4.14,-0.5,1.0,0.0,0.0,0.0,4.14,1.5,1.0,0.0,0.0,0.0,2.77,-0.85,-1.0,0.0,0.0,0.0,2.77,1.15,-1.0,0.0,0.0,0.0,2.77,3.15,-1.0,0.0,0.0,0.0,2.77,5.15,-1.0,0.0,0.0,0.0,2.77,-0.85,1.0,0.0,0.0,0.0,2.77,1.15,1.0,0.0,0.0,0.0,2.77,3.15,1.0,0.0,0.0,0.0,2.77,5.15,1.0,0.0,0.0,0.0,8.34,-3.8239999999999226,0.9275999999999138,0.0,-1.1499999999999844,0.46000000000001595,8.34,-1.823999999999922,0.9275999999999138,0.0,-1.1499999999999844,0.46000000000001595,-2.99,-5.808400000000413,1.3108000000000246,0.0,-1.6400000000000858,0.42999999999993044,-2.99,-3.8084000000002907,1.3108000000000246,0.0,-1.6400000000000858,0.42999999999993044,0,0,0,0,0,0,0,0,0,0,0,0,0,0,0,0,0,0,0,0,0,0,0,0,0,0,0,0,0,0,0,0,0,0,0,0,0,0,0,0,0,0,0,0,0,0,0,0,0,0,0,0,0,0,0,0,0,0,0,0,0,0,0,0,0,0,0,0,0,0,0,0,0,0,0,0,0,0,0,0,0,0,0,0,0,0,0,0,0,0,0,0,0,0,0,0,0,0,0,0,0,0,0,0,0,0,0,0,0,0,0,0,0,0,0,0,0,0,0,0,0,0,0,0,0,0,0,0,0,0,0,0,0,0,0,0,0,0,0,0,0,0,0,0,0,0,0,0,0,0,0,0,0,0,0,0,0,0,0,0,0,0,0,0,0,0,0,0,0,0,0,0,0,0,0,0,0,0,0,0,0,0,0,0,0,0,0,0,0,0,0,0
10.101223989,0.980477999999955,-1.1603454126921247,-2.965160778613419,4.696999999999952,0.23159350382551125,0.042893804561128235,4.697,0.23159350382544897,0.04289380456095253,4.954150236686189,0.6890473011093445,-0.025657443531180935,4.614645500000021,0.5845855601821366,1.4843434999093326,4.14,-2.5,-1.0,0.0,0.0,0.0,4.14,-0.5,-1.0,0.0,0.0,0.0,4.14,1.5,-1.0,0.0,0.0,0.0,4.14,-2.5,1.0,0.0,0.0,0.0,4.14,-0.5,1.0,0.0,0.0,0.0,4.14,1.5,1.0,0.0,0.0,0.0,2.77,-0.85,-1.0,0.0,0.0,0.0,2.77,1.15,-1.0,0.0,0.0,0.0,2.77,3.15,-1.0,0.0,0.0,0.0,2.77,5.15,-1.0,0.0,0.0,0.0,2.77,-0.85,1.0,0.0,0.0,0.0,2.77,1.15,1.0,0.0,0.0,0.0,2.77,3.15,1.0,0.0,0.0,0.0,2.77,5.15,1.0,0.0,0.0,0.0,8.34,-3.938999999999921,0.9735999999999154,0.0,-1.1499999999999844,0.46000000000001595,8.34,-1.9389999999999203,0.9735999999999154,0.0,-1.1499999999999844,0.46000000000001595,-2.99,-5.972400000000421,1.3538000000000177,0.0,-1.6400000000000858,0.42999999999993044,-2.99,-3.9724000000002992,1.3538000000000177,0.0,-1.6400000000000858,0.42999999999993044,0,0,0,0,0,0,0,0,0,0,0,0,0,0,0,0,0,0,0,0,0,0,0,0,0,0,0,0,0,0,0,0,0,0,0,0,0,0,0,0,0,0,0,0,0,0,0,0,0,0,0,0,0,0,0,0,0,0,0,0,0,0,0,0,0,0,0,0,0,0,0,0,0,0,0,0,0,0,0,0,0,0,0,0,0,0,0,0,0,0,0,0,0,0,0,0,0,0,0,0,0,0,0,0,0,0,0,0,0,0,0,0,0,0,0,0,0,0,0,0,0,0,0,0,0,0,0,0,0,0,0,0,0,0,0,0,0,0,0,0,0,0,0,0,0,0,0,0,0,0,0,0,0,0,0,0,0,0,0,0,0,0,0,0,0,0,0,0,0,0,0,0,0,0,0,0,0,0,0,0,0,0,0,0,0,0,0,0,0,0,0,0
10.202447613,1.2631859999999537,-1.1471227632711447,-2.961699150339755,4.77100000000008,0.17551343644628403,0.11689380456081366,4.771,0.17551343644622452,0.11689380456095252,4.8872702478101475,0.17551343644622452,0.13171612983965097,4.436957500000023,0.5765830070367669,1.4819155353360118,4.14,-2.5,-1.0,0.0,0.0,0.0,4.14,-0.5,-1.0,0.0,0.0,0.0,4.14,1.5,-1.0,0.0,0.0,0.0,4.14,-2.5,1.0,0.0,0.0,0.0,4.14,-0.5,1.0,0.0,0.0,0.0,4.14,1.5,1.0,0.0,0.0,0.0,2.77,-0.85,-1.0,0.0,0.0,0.0,2.77,1.15,-1.0,0.0,0.0,0.0,2.77,3.15,-1.0,0.0,0.0,0.0,2.77,5.15,-1.0,0.0,0.0,0.0,2.77,-0.85,1.0,0.0,0.0,0.0,2.77,1.15,1.0,0.0,0.0,0.0,2.77,3.15,1.0,0.0,0.0,0.0,2.77,5.15,1.0,0.0,0.0,0.0,8.34,-4.00799999999992,1.0011999999999162,0.0,-1.1499999999999844,0.45999999999999375,8.34,-2.0079999999999196,1.0011999999999162,0.0,-1.1500000000000066,0.45999999999999375,-2.99,-6.0708000000004265,1.3796000000000135,0.0,-1.6400000000000858,0.42999999999993044,-2.99,-4.070800000000304,1.3796000000000135,0.0,-1.6400000000000858,0.42999999999993044,0,0,0,0,0,0,0,0,0,0,0,0,0,0,0,0,0,0,0,0,0,0,0,0,0,0,0,0,0,0,0,0,0,0,0,0,0,0,0,0,0,0,0,0,0,0,0,0,0,0,0,0,0,0,0,0,0,0,0,0,0,0,0,0,0,0,0,0,0,0,0,0,0,0,0,0,0,0,0,0,0,0,0,0,0,0,0,0,0,0,0,0,0,0,0,0,0,0,0,0,0,0,0,0,0,0,0,0,0,0,0,0,0,0,0,0,0,0,0,0,0,0,0,0,0,0,0,0,0,0,0,0,0,0,0,0,0,0,0,0,0,0,0,0,0,0,0,0,0,0,0,0,0,0,0,0,0,0,0,0,0,0,0,0,0,0,0,0,0,0,0,0,0,0,0,0,0,0,0,0,0,0,0,0,0,0,0,0,0,0,0,0
10.300807685,1.5489909999999587,-1.1361369570843678,-2.954230522066105,4.725500000000094,0.22101343644627125,0.1623938045609563,4.7059999999999995,0.24051343644622453,0.18189380456095253,4.636319383176171,1.0317267467620317,0.23326547890739535,4.299227500000022,0.5710164368071013,1.4791546150037458,4.14,-2.5,-1.0,0.0,0.0,0.0,4.14,-0.5,-1.0,0.0,0.0,0.0,4.14,1.5,-1.0,0.0,0.0,0.0,4.14,-2.5,1.0,0.0,0.0,0.0,4.14,-0.5,1.0,0.0,0.0,0.0,4.14,1.5,1.0,0.0,0.0,0.0,2.77,-0.85,-1.0,0.0,0.0,0.0,2.77,1.15,-1.0,0.0,0.0,0.0,2.77,3.15,-1.0,0.0,0.0,0.0,2.77,5.15,-1.0,0.0,0.0,0.0,2.77,-0.85,1.0,0.0,0.0,0.0,2.77,1.15,1.0,0.0,0.0,0.0,2.77,3.15,1.0,0.0,0.0,0.0,2.77,5.15,1.0,0.0,0.0,0.0,8.34,-4.076999999999919,1.0287999999999105,0.0,-1.1499999999999844,0.45999999999990493,8.34,-2.0769999999999187,1.0287999999999105,0.0,-1.1499999999999844,0.45999999999990493,-2.99,-6.169200000000432,1.4054000000000093,0.0,-1.6400000000000858,0.42999999999993044,-2.99,-4.169200000000309,1.4054000000000093,0.0,-1.6400000000000858,0.42999999999993044,0,0,0,0,0,0,0,0,0,0,0,0,0,0,0,0,0,0,0,0,0,0,0,0,0,0,0,0,0,0,0,0,0,0,0,0,0,0,0,0,0,0,0,0,0,0,0,0,0,0,0,0,0,0,0,0,0,0,0,0,0,0,0,0,0,0,0,0,0,0,0,0,0,0,0,0,0,0,0,0,0,0,0,0,0,0,0,0,0,0,0,0,0,0,0,0,0,0,0,0,0,0,0,0,0,0,0,0,0,0,0,0,0,0,0,0,0,0,0,0,0,0,0,0,0,0,0,0,0,0,0,0,0,0,0,0,0,0,0,0,0,0,0,0,0,0,0,0,0,0,0,0,0,0,0,0,0,0,0,0,0,0,0,0,0,0,0,0,0,0,0,0,0,0,0,0,0,0,0,0,0,0,0,0,0,0,0,0,0,0,0,0
10.40191689,1.9237909999999618,-1.115215882168668,-2.938984622464897,4.645999999999929,0.30051343644621475,0.20669363442982203,4.646,0.3005134364462245,0.20669363442985844,4.543820992991725,0.32303423484182847,0.20669363442985844,4.133737500000018,0.5633784665314817,1.4735683318441126,4.14,-2.5,-1.0,0.0,0.0,0.0,4.14,-0.5,-1.0,0.0,0.0,0.0,4.14,1.5,-1.0,0.0,0.0,0.0,4.14,-2.5,1.0,0.0,0.0,0.0,4.14,-0.5,1.0,0.0,0.0,0.0,4.14,1.5,1.0,0.0,0.0,0.0,2.77,-0.85,-1.0,0.0,0.0,0.0,2.77,1.15,-1.0,0.0,0.0,0.0,2.77,3.15,-1.0,0.0,0.0,0.0,2.77,5.15,-1.0,0.0,0.0,0.0,2.77,-0.85,1.0,0.0,0.0,0.0,2.77,1.15,1.0,0.0,0.0,0.0,2.77,3.15,1.0,0.0,0.0,0.0,2.77,5.15,1.0,0.0,0.0,0.0,8.34,-4.168999999999918,1.0655999999999028,0.0,-1.1499999999999844,0.45999999999990493,8.34,-2.1689999999999174,1.0655999999999028,0.0,-1.1499999999999844,0.45999999999990493,-2.99,-6.3004000000004385,1.4398000000000037,0.0,-1.6400000000000858,0.42999999999993044,-2.99,-4.300400000000316,1.4398000000000037,0.0,-1.6400000000000858,0.42999999999993044,0,0,0,0,0,0,0,0,0,0,0,0,0,0,0,0,0,0,0,0,0,0,0,0,0,0,0,0,0,0,0,0,0,0,0,0,0,0,0,0,0,0,0,0,0,0,0,0,0,0,0,0,0,0,0,0,0,0,0,0,0,0,0,0,0,0,0,0,0,0,0,0,0,0,0,0,0,0,0,0,0,0,0,0,0,0,0,0,0,0,0,0,0,0,0,0,0,0,0,0,0,0,0,0,0,0,0,0,0,0,0,0,0,0,0,0,0,0,0,0,0,0,0,0,0,0,0,0,0,0,0,0,0,0,0,0,0,0,0,0,0,0,0,0,0,0,0,0,0,0,0,0,0,0,0,0,0,0,0,0,0,0,0,0,0,0,0,0,0,0,0,0,0,0,0,0,0,0,0,0,0,0,0,0,0,0,0,0,0,0,0,0
10.500721976,2.294500999999968,-1.092144807252971,-2.921479131710509,4.548999999999914,0.203513436446201,0.3036936344300578,4.5489999999999995,0.20351343644622452,0.3036936344298584,4.442225285659019,0.12068005246585134,0.43201411275537804,3.9335695000000177,0.5508463887642941,1.4648417044577775,4.14,-2.5,-1.0,0.0,0.0,0.0,4.14,-0.5,-1.0,0.0,0.0,0.0,4.14,1.5,-1.0,0.0,0.0,0.0,4.14,-2.5,1.0,0.0,0.0,0.0,4.14,-0.5,1.0,0.0,0.0,0.0,4.14,1.5,1.0,0.0,0.0,0.0,2.77,-0.85,-1.0,0.0,0.0,0.0,2.77,1.15,-1.0,0.0,0.0,0.0,2.77,3.15,-1.0,0.0,0.0,0.0,2.77,5.15,-1.0,0.0,0.0,0.0,2.77,-0.85,1.0,0.0,0.0,0.0,2.77,1.15,1.0,0.0,0.0,0.0,2.77,3.15,1.0,0.0,0.0,0.0,2.77,5.15,1.0,0.0,0.0,0.0,8.34,-4.260999999999917,1.1023999999998952,0.0,-1.1499999999999844,0.45999999999990493,8.34,-2.260999999999916,1.1023999999998952,0.0,-1.1499999999999844,0.45999999999990493,-2.99,-6.431600000000445,1.4741999999999982,0.0,-1.6400000000000858,0.42999999999993044,-2.99,-4.431600000000323,1.4741999999999982,0.0,-1.6400000000000858,0.42999999999993044,0,0,0,0,0,0,0,0,0,0,0,0,0,0,0,0,0,0,0,0,0,0,0,0,0,0,0,0,0,0,0,0,0,0,0,0,0,0,0,0,0,0,0,0,0,0,0,0,0,0,0,0,0,0,0,0,0,0,0,0,0,0,0,0,0,0,0,0,0,0,0,0,0,0,0,0,0,0,0,0,0,0,0,0,0,0,0,0,0,0,0,0,0,0,0,0,0,0,0,0,0,0,0,0,0,0,0,0,0,0,0,0,0,0,0,0,0,0,0,0,0,0,0,0,0,0,0,0,0,0,0,0,0,0,0,0,0,0,0,0,0,0,0,0,0,0,0,0,0,0,0,0,0,0,0,0,0,0,0,0,0,0,0,0,0,0,0,0,0,0,0,0,0,0,0,0,0,0,0,0,0,0,0,0,0,0,0,0,0,0,0,0
10.600798278,2.747275999999962,-1.069668463608348,-2.8901964074589954,4.464000000000024,0.2885134364463138,0.340228066770365,4.4639999999999995,0.2885134364462245,0.34022806677051776,4.1176419369742625,1.0418844592710528,0.34022806677051776,3.725377500000018,0.5403740274059918,1.4522361440912128,4.14,-2.5,-1.0,0.0,0.0,0.0,4.14,-0.5,-1.0,0.0,0.0,0.0,4.14,1.5,-1.0,0.0,0.0,0.0,4.14,-2.5,1.0,0.0,0.0,0.0,4.14,-0.5,1.0,0.0,0.0,0.0,4.14,1.5,1.0,0.0,0.0,0.0,2.77,-0.85,-1.0,0.0,0.0,0.0,2.77,1.15,-1.0,0.0,0.0,0.0,2.77,3.15,-1.0,0.0,0.0,0.0,2.77,5.15,-1.0,0.0,0.0,0.0,2.77,-0.85,1.0,0.0,0.0,0.0,2.77,1.15,1.0,0.0,0.0,0.0,2.77,3.15,1.0,0.0,0.0,0.0,2.77,5.15,1.0,0.0,0.0,0.0,8.34,-4.375999999999915,1.1483999999998857,0.0,-1.1499999999999844,0.45999999999990493,8.34,-2.3759999999999146,1.1483999999998857,0.0,-1.1499999999999844,0.45999999999990493,-2.99,-6.595600000000454,1.5171999999999912,0.0,-1.6400000000000858,0.42999999999993044,-2.99,-4.595600000000331,1.5171999999999912,0.0,-1.6400000000000858,0.42999999999993044,0,0,0,0,0,0,0,0,0,0,0,0,0,0,0,0,0,0,0,0,0,0,0,0,0,0,0,0,0,0,0,0,0,0,0,0,0,0,0,0,0,0,0,0,0,0,0,0,0,0,0,0,0,0,0,0,0,0,0,0,0,0,0,0,0,0,0,0,0,0,0,0,0,0,0,0,0,0,0,0,0,0,0,0,0,0,0,0,0,0,0,0,0,0,0,0,0,0,0,0,0,0,0,0,0,0,0,0,0,0,0,0,0,0,0,0,0,0,0,0,0,0,0,0,0,0,0,0,0,0,0,0,0,0,0,0,0,0,0,0,0,0,0,0,0,0,0,0,0,0,0,0,0,0,0,0,0,0,0,0,0,0,0,0,0,0,0,0,0,0,0,0,0,0,0,0,0,0,0,0,0,0,0,0,0,0,0,0,0,0,0,0
10.700918838,3.1031869999999624,-1.0477963886926445,-2.8617691621173647,4.370999999999903,0.195513436446193,0.43322806677048575,4.3709999999999996,0.19551343644622451,0.43322806677051773,3.973478455718773,0.1846714438000343,0.5702331050188807,3.5348500000000187,0.5289197063570245,1.4381235283607052,4.14,-2.5,-1.0,0.0,0.0,0.0,4.14,-0.5,-1.0,0.0,0.0,0.0,4.14,1.5,-1.0,0.0,0.0,0.0,4.14,-2.5,1.0,0.0,0.0,0.0,4.14,-0.5,1.0,0.0,0.0,0.0,4.14,1.5,1.0,0.0,0.0,0.0,2.77,-0.85,-1.0,0.0,0.0,0.0,2.77,1.15,-1.0,0.0,0.0,0.0,2.77,3.15,-1.0,0.0,0.0,0.0,2.77,5.15,-1.0,0.0,0.0,0.0,2.77,-0.85,1.0,0.0,0.0,0.0,2.77,1.15,1.0,0.0,0.0,0.0,2.77,3.15,1.0,0.0,0.0,0.0,2.77,5.15,1.0,0.0,0.0,0.0,8.34,-4.467999999999914,1.1851999999998781,0.0,-1.1499999999999844,0.45999999999990493,8.34,-2.4679999999999134,1.1851999999998781,0.0,-1.1499999999999844,0.45999999999990493,-2.99,-6.726800000000461,1.5515999999999857,0.0,-1.6400000000000858,0.42999999999993044,-2.99,-4.726800000000338,1.5515999999999857,0.0,-1.6400000000000858,0.42999999999993044,0,0,0,0,0,0,0,0,0,0,0,0,0,0,0,0,0,0,0,0,0,0,0,0,0,0,0,0,0,0,0,0,0,0,0,0,0,0,0,0,0,0,0,0,0,0,0,0,0,0,0,0,0,0,0,0,0,0,0,0,0,0,0,0,0,0,0,0,0,0,0,0,0,0,0,0,0,0,0,0,0,0,0,0,0,0,0,0,0,0,0,0,0,0,0,0,0,0,0,0,0,0,0,0,0,0,0,0,0,0,0,0,0,0,0,0,0,0,0,0,0,0,0,0,0,0,0,0,0,0,0,0,0,0,0,0,0,0,0,0,0,0,0,0,0,0,0,0,0,0,0,0,0,0,0,0,0,0,0,0,0,0,0,0,0,0,0,0,0,0,0,0,0,0,0,0,0,0,0,0,0,0,0,0,0,0,0,0,0,0,0,0
10.800691112,3.538500999999956,-1.030031045048026,-2.8166603554403196,4.277000000000086,0.10151343644615451,0.5272280667703022,4.276999999999999,0.10151343644622451,0.5272280667705177,3.712230475561044,-0.3495795253325089,1.023682479530735,3.3369460000000215,0.5189126017169443,1.4198372653560347,4.14,-2.5,-1.0,0.0,0.0,0.0,4.14,-0.5,-1.0,0.0,0.0,0.0,4.14,1.5,-1.0,0.0,0.0,0.0,4.14,-2.5,1.0,0.0,0.0,0.0,4.14,-0.5,1.0,0.0,0.0,0.0,4.14,1.5,1.0,0.0,0.0,0.0,2.77,-0.85,-1.0,0.0,0.0,0.0,2.77,1.15,-1.0,0.0,0.0,0.0,2.77,3.15,-1.0,0.0,0.0,0.0,2.77,5.15,-1.0,0.0,0.0,0.0,2.77,-0.85,1.0,0.0,0.0,0.0,2.77,1.15,1.0,0.0,0.0,0.0,2.77,3.15,1.0,0.0,0.0,0.0,2.77,5.15,1.0,0.0,0.0,0.0,8.34,-4.582999999999912,1.2311999999998686,0.0,-1.1499999999999844,0.45999999999990493,8.34,-2.582999999999912,1.2311999999998686,0.0,-1.1499999999999844,0.45999999999990493,-2.99,-6.890800000000469,1.5945999999999787,0.0,-1.6400000000000858,0.42999999999993044,-2.99,-4.890800000000347,1.5945999999999787,0.0,-1.6400000000000858,0.42999999999993044,0,0,0,0,0,0,0,0,0,0,0,0,0,0,0,0,0,0,0,0,0,0,0,0,0,0,0,0,0,0,0,0,0,0,0,0,0,0,0,0,0,0,0,0,0,0,0,0,0,0,0,0,0,0,0,0,0,0,0,0,0,0,0,0,0,0,0,0,0,0,0,0,0,0,0,0,0,0,0,0,0,0,0,0,0,0,0,0,0,0,0,0,0,0,0,0,0,0,0,0,0,0,0,0,0,0,0,0,0,0,0,0,0,0,0,0,0,0,0,0,0,0,0,0,0,0,0,0,0,0,0,0,0,0,0,0,0,0,0,0,0,0,0,0,0,0,0,0,0,0,0,0,0,0,0,0,0,0,0,0,0,0,0,0,0,0,0,0,0,0,0,0,0,0,0,0,0,0,0,0,0,0,0,0,0,0,0,0,0,0,0,0
10.902633811,3.880016999999963,-1.0225539701323334,-2.7738381100986924,4.212600000000099,0.037113436446167825,0.5916280667705998,4.185,0.009513436446224516,0.6192280667705177,3.487749742641898,-0.0120737941178235,1.01676960539706,3.13237850000002,0.5126807134857514,1.3962039321844428,4.14,-2.5,-1.0,0.0,0.0,0.0,4.14,-0.5,-1.0,0.0,0.0,0.0,4.14,1.5,-1.0,0.0,0.0,0.0,4.14,-2.5,1.0,0.0,0.0,0.0,4.14,-0.5,1.0,0.0,0.0,0.0,4.14,1.5,1.0,0.0,0.0,0.0,2.77,-0.85,-1.0,0.0,0.0,0.0,2.77,1.15,-1.0,0.0,0.0,0.0,2.77,3.15,-1.0,0.0,0.0,0.0,2.77,5.15,-1.0,0.0,0.0,0.0,2.77,-0.85,1.0,0.0,0.0,0.0,2.77,1.15,1.0,0.0,0.0,0.0,2.77,3.15,1.0,0.0,0.0,0.0,2.77,5.15,1.0,0.0,0.0,0.0,8.34,-4.674999999999911,1.267999999999861,0.0,-1.1499999999999844,0.45999999999990493,8.34,-2.6749999999999106,1.267999999999861,0.0,-1.1499999999999844,0.45999999999990493,-2.99,-7.022000000000476,1.6289999999999731,0.0,-1.6400000000000858,0.42999999999993044,-2.99,-5.022000000000354,1.6289999999999731,0.0,-1.6400000000000858,0.42999999999993044,0,0,0,0,0,0,0,0,0,0,0,0,0,0,0,0,0,0,0,0,0,0,0,0,0,0,0,0,0,0,0,0,0,0,0,0,0,0,0,0,0,0,0,0,0,0,0,0,0,0,0,0,0,0,0,0,0,0,0,0,0,0,0,0,0,0,0,0,0,0,0,0,0,0,0,0,0,0,0,0,0,0,0,0,0,0,0,0,0,0,0,0,0,0,0,0,0,0,0,0,0,0,0,0,0,0,0,0,0,0,0,0,0,0,0,0,0,0,0,0,0,0,0,0,0,0,0,0,0,0,0,0,0,0,0,0,0,0,0,0,0,0,0,0,0,0,0,0,0,0,0,0,0,0,0,0,0,0,0,0,0,0,0,0,0,0,0,0,0,0,0,0,0,0,0,0,0,0,0,0,0,0,0,0,0,0,0,0,0,0,0,0
11.001133556,4.296584999999958,-1.0196706264877167,-2.7099833034216254,4.101000000000354,0.09351343644614651,0.7032280667704782,4.101,0.09351343644622452,0.7032280667705176,3.2262482069899088,0.6437785269591507,0.9797457559490947,2.949089000000021,0.5110248790003431,1.3705095112799222,4.14,-2.5,-1.0,0.0,0.0,0.0,4.14,-0.5,-1.0,0.0,0.0,0.0,4.14,1.5,-1.0,0.0,0.0,0.0,4.14,-2.5,1.0,0.0,0.0,0.0,4.14,-0.5,1.0,0.0,0.0,0.0,4.14,1.5,1.0,0.0,0.0,0.0,2.77,-0.85,-1.0,0.0,0.0,0.0,2.77,1.15,-1.0,0.0,0.0,0.0,2.77,3.15,-1.0,0.0,0.0,0.0,2.77,5.15,-1.0,0.0,0.0,0.0,2.77,-0.85,1.0,0.0,0.0,0.0,2.77,1.15,1.0,0.0,0.0,0.0,2.77,3.15,1.0,0.0,0.0,0.0,2.77,5.15,1.0,0.0,0.0,0.0,8.34,-4.789999999999909,1.3139999999998515,0.0,-1.1499999999999844,0.45999999999990493,8.34,-2.789999999999909,1.3139999999998515,0.0,-1.1499999999999844,0.45999999999990493,-2.99,-7.186000000000485,1.6719999999999662,0.0,-1.6400000000000858,0.42999999999993044,-2.99,-5.186000000000362,1.6719999999999662,0.0,-1.6400000000000858,0.42999999999993044,0,0,0,0,0,0,0,0,0,0,0,0,0,0,0,0,0,0,0,0,0,0,0,0,0,0,0,0,0,0,0,0,0,0,0,0,0,0,0,0,0,0,0,0,0,0,0,0,0,0,0,0,0,0,0,0,0,0,0,0,0,0,0,0,0,0,0,0,0,0,0,0,0,0,0,0,0,0,0,0,0,0,0,0,0,0,0,0,0,0,0,0,0,0,0,0,0,0,0,0,0,0,0,0,0,0,0,0,0,0,0,0,0,0,0,0,0,0,0,0,0,0,0,0,0,0,0,0,0,0,0,0,0,0,0,0,0,0,0,0,0,0,0,0,0,0,0,0,0,0,0,0,0,0,0,0,0,0,0,0,0,0,0,0,0,0,0,0,0,0,0,0,0,0,0,0,0,0,0,0,0,0,0,0,0,0,0,0,0,0,0,0
11.102774424,4.704784999999981,-1.0084192828431022,-2.6377604967445736,4.000999999999699,0.1935134364461355,0.8032280667706893,4.001,0.19351343644622454,0.8032280667705176,2.949089000000021,0.5110248790003431,1.3705095112799222,2.755334000000013,0.5076377474873739,1.3384657921417065,4.14,-2.5,-1.0,0.0,0.0,0.0,4.14,-0.5,-1.0,0.0,0.0,0.0,4.14,1.5,-1.0,0.0,0.0,0.0,4.14,-2.5,1.0,0.0,0.0,0.0,4.14,-0.5,1.0,0.0,0.0,0.0,4.14,1.5,1.0,0.0,0.0,0.0,2.77,-0.85,-1.0,0.0,0.0,0.0,2.77,1.15,-1.0,0.0,0.0,0.0,2.77,3.15,-1.0,0.0,0.0,0.0,2.77,5.15,-1.0,0.0,0.0,0.0,2.77,-0.85,1.0,0.0,0.0,0.0,2.77,1.15,1.0,0.0,0.0,0.0,2.77,3.15,1.0,0.0,0.0,0.0,2.77,5.15,1.0,0.0,0.0,0.0,8.34,-4.904999999999908,1.359999999999842,0.0,-1.1499999999999844,0.45999999999990493,8.34,-2.9049999999999074,1.359999999999842,0.0,-1.1499999999999844,0.45999999999990493,-2.99,-7.3500000000004935,1.7149999999999592,0.0,-1.6400000000000858,0.42999999999993044,-2.99,-5.350000000000371,1.7149999999999592,0.0,-1.6400000000000858,0.42999999999993044,0,0,0,0,0,0,0,0,0,0,0,0,0,0,0,0,0,0,0,0,0,0,0,0,0,0,0,0,0,0,0,0,0,0,0,0,0,0,0,0,0,0,0,0,0,0,0,0,0,0,0,0,0,0,0,0,0,0,0,0,0,0,0,0,0,0,0,0,0,0,0,0,0,0,0,0,0,0,0,0,0,0,0,0,0,0,0,0,0,0,0,0,0,0,0,0,0,0,0,0,0,0,0,0,0,0,0,0,0,0,0,0,0,0,0,0,0,0,0,0,0,0,0,0,0,0,0,0,0,0,0,0,0,0,0,0,0,0,0,0,0,0,0,0,0,0,0,0,0,0,0,0,0,0,0,0,0,0,0,0,0,0,0,0,0,0,0,0,0,0,0,0,0,0,0,0,0,0,0,0,0,0,0,0,0,0,0,0,0,0,0,0
11.200960264,4.944412999999966,-0.9963764766563324,-2.589134812738333,3.9578000000000557,0.2367134364462231,0.8464280667705992,3.9290000000000003,0.26551343644622455,0.8752280667705176,2.755334000000013,0.5076377474873739,1.3384657921417065,2.578701388888904,0.5008769100160899,1.305046876111236,4.14,-2.5,-1.0,0.0,0.0,0.0,4.14,-0.5,-1.0,0.0,0.0,0.0,4.14,1.5,-1.0,0.0,0.0,0.0,4.14,-2.5,1.0,0.0,0.0,0.0,4.14,-0.5,1.0,0.0,0.0,0.0,4.14,1.5,1.0,0.0,0.0,0.0,2.77,-0.85,-1.0,0.0,0.0,0.0,2.77,1.15,-1.0,0.0,0.0,0.0,2.77,3.15,-1.0,0.0,0.0,0.0,2.77,5.15,-1.0,0.0,0.0,0.0,2.77,-0.85,1.0,0.0,0.0,0.0,2.77,1.15,1.0,0.0,0.0,0.0,2.77,3.15,1.0,0.0,0.0,0.0,2.77,5.15,1.0,0.0,0.0,0.0,8.34,-4.973999999999907,1.3875999999998363,0.0,-1.1499999999999844,0.45999999999990493,8.34,-2.9739999999999065,1.3875999999998363,0.0,-1.1499999999999844,0.45999999999990493,-2.99,-7.448400000000499,1.740799999999955,0.0,-1.6400000000000858,0.42999999999993044,-2.99,-5.448400000000376,1.740799999999955,0.0,-1.6400000000000858,0.42999999999993044,0,0,0,0,0,0,0,0,0,0,0,0,0,0,0,0,0,0,0,0,0,0,0,0,0,0,0,0,0,0,0,0,0,0,0,0,0,0,0,0,0,0,0,0,0,0,0,0,0,0,0,0,0,0,0,0,0,0,0,0,0,0,0,0,0,0,0,0,0,0,0,0,0,0,0,0,0,0,0,0,0,0,0,0,0,0,0,0,0,0,0,0,0,0,0,0,0,0,0,0,0,0,0,0,0,0,0,0,0,0,0,0,0,0,0,0,0,0,0,0,0,0,0,0,0,0,0,0,0,0,0,0,0,0,0,0,0,0,0,0,0,0,0,0,0,0,0,0,0,0,0,0,0,0,0,0,0,0,0,0,0,0,0,0,0,0,0,0,0,0,0,0,0,0,0,0,0,0,0,0,0,0,0,0,0,0,0,0,0,0,0,0
11.301520765,5.335179999999985,-0.9676921330117103,-2.499479006061281,3.849999999999909,0.34451343644625876,0.9542280667704794,3.85,0.34451343644622456,0.9542280667705175,2.578701388888904,0.5008769100160899,1.305046876111236,2.4315330000000097,0.4916831591352342,1.2731243187332884,4.14,-2.5,-1.0,0.0,0.0,0.0,4.14,-0.5,-1.0,0.0,0.0,0.0,4.14,1.5,-1.0,0.0,0.0,0.0,4.14,-2.5,1.0,0.0,0.0,0.0,4.14,-0.5,1.0,0.0,0.0,0.0,4.14,1.5,1.0,0.0,0.0,0.0,2.77,-0.85,-1.0,0.0,0.0,0.0,2.77,1.15,-1.0,0.0,0.0,0.0,2.77,3.15,-1.0,0.0,0.0,0.0,2.77,5.15,-1.0,0.0,0.0,0.0,2.77,-0.85,1.0,0.0,0.0,0.0,2.77,1.15,1.0,0.0,0.0,0.0,2.77,3.15,1.0,0.0,0.0,0.0,2.77,5.15,1.0,0.0,0.0,0.0,8.34,-5.088999999999905,1.4335999999998268,0.0,-1.1499999999999844,0.45999999999990493,8.34,-3.088999999999905,1.4335999999998268,0.0,-1.1499999999999844,0.45999999999990493,-2.99,-7.612400000000507,1.783799999999948,0.0,-1.6400000000000858,0.42999999999993044,-2.99,-5.612400000000385,1.783799999999948,0.0,-1.6400000000000858,0.42999999999993044,0,0,0,0,0,0,0,0,0,0,0,0,0,0,0,0,0,0,0,0,0,0,0,0,0,0,0,0,0,0,0,0,0,0,0,0,0,0,0,0,0,0,0,0,0,0,0,0,0,0,0,0,0,0,0,0,0,0,0,0,0,0,0,0,0,0,0,0,0,0,0,0,0,0,0,0,0,0,0,0,0,0,0,0,0,0,0,0,0,0,0,0,0,0,0,0,0,0,0,0,0,0,0,0,0,0,0,0,0,0,0,0,0,0,0,0,0,0,0,0,0,0,0,0,0,0,0,0,0,0,0,0,0,0,0,0,0,0,0,0,0,0,0,0,0,0,0,0,0,0,0,0,0,0,0,0,0,0,0,0,0,0,0,0,0,0,0,0,0,0,0,0,0,0,0,0,0,0,0,0,0,0,0,0,0,0,0,0,0,0,0,0
11.402253099,5.641784999999983,-0.9387360580960095,-2.4217457607196406,3.7570000000002324,0.4375134364462685,1.0472280667706002,3.757,0.43751343644622454,1.0472280667705176,2.4315330000000097,0.4916831591352342,1.2731243187332884,2.2515600000000093,0.4766112843404837,1.2297007136284603,4.14,-2.5,-1.0,0.0,0.0,0.0,4.14,-0.5,-1.0,0.0,0.0,0.0,4.14,1.5,-1.0,0.0,0.0,0.0,4.14,-2.5,1.0,0.0,0.0,0.0,4.14,-0.5,1.0,0.0,0.0,0.0,4.14,1.5,1.0,0.0,0.0,0.0,2.77,-0.85,-1.0,0.0,0.0,0.0,2.77,1.15,-1.0,0.0,0.0,0.0,2.77,3.15,-1.0,0.0,0.0,0.0,2.77,5.15,-1.0,0.0,0.0,0.0,2.77,-0.85,1.0,0.0,0.0,0.0,2.77,1.15,1.0,0.0,0.0,0.0,2.77,3.15,1.0,0.0,0.0,0.0,2.77,5.15,1.0,0.0,0.0,0.0,8.34,-5.180999999999904,1.4703999999998192,0.0,-1.1499999999999844,0.45999999999990493,8.34,-3.1809999999999037,1.4703999999998192,0.0,-1.1499999999999844,0.45999999999990493,-2.99,-7.743600000000514,1.8181999999999425,0.0,-1.6400000000000858,0.42999999999993044,-2.99,-5.7436000000003915,1.8181999999999425,0.0,-1.6400000000000858,0.42999999999993044,0,0,0,0,0,0,0,0,0,0,0,0,0,0,0,0,0,0,0,0,0,0,0,0,0,0,0,0,0,0,0,0,0,0,0,0,0,0,0,0,0,0,0,0,0,0,0,0,0,0,0,0,0,0,0,0,0,0,0,0,0,0,0,0,0,0,0,0,0,0,0,0,0,0,0,0,0,0,0,0,0,0,0,0,0,0,0,0,0,0,0,0,0,0,0,0,0,0,0,0,0,0,0,0,0,0,0,0,0,0,0,0,0,0,0,0,0,0,0,0,0,0,0,0,0,0,0,0,0,0,0,0,0,0,0,0,0,0,0,0,0,0,0,0,0,0,0,0,0,0,0,0,0,0,0,0,0,0,0,0,0,0,0,0,0,0,0,0,0,0,0,0,0,0,0,0,0,0,0,0,0,0,0,0,0,0,0,0,0,0,0,0
11.501889774,5.942345000000001,-0.903734983180308,-2.3379675153779926,3.7570000000002324,0.4375134364462685,1.0472280667706002,3.657,0.4766112843404837,1.1472280667705177,2.2515600000000093,0.4766112843404837,1.2297007136284603,2.072033000000002,0.45689889610928613,1.1810268804568582,4.14,-2.5,-1.0,0.0,0.0,0.0,4.14,-0.5,-1.0,0.0,0.0,0.0,4.14,1.5,-1.0,0.0,0.0,0.0,4.14,-2.5,1.0,0.0,0.0,0.0,4.14,-0.5,1.0,0.0,0.0,0.0,4.14,1.5,1.0,0.0,0.0,0.0,2.77,-0.85,-1.0,0.0,0.0,0.0,2.77,1.15,-1.0,0.0,0.0,0.0,2.77,3.15,-1.0,0.0,0.0,0.0,2.77,5.15,-1.0,0.0,0.0,0.0,2.77,-0.85,1.0,0.0,0.0,0.0,2.77,1.15,1.0,0.0,0.0,0.0,2.77,3.15,1.0,0.0,0.0,0.0,2.77,5.15,1.0,0.0,0.0,0.0,8.34,-5.272999999999903,1.5071999999998116,0.0,-1.1499999999999844,0.45999999999990493,8.34,-3.2729999999999024,1.5071999999998116,0.0,-1.1499999999999844,0.45999999999990493,-2.99,-7.874800000000521,1.852599999999937,0.0,-1.6400000000000858,0.42999999999993044,-2.99,-5.874800000000398,1.852599999999937,0.0,-1.6400000000000858,0.42999999999993044,0,0,0,0,0,0,0,0,0,0,0,0,0,0,0,0,0,0,0,0,0,0,0,0,0,0,0,0,0,0,0,0,0,0,0,0,0,0,0,0,0,0,0,0,0,0,0,0,0,0,0,0,0,0,0,0,0,0,0,0,0,0,0,0,0,0,0,0,0,0,0,0,0,0,0,0,0,0,0,0,0,0,0,0,0,0,0,0,0,0,0,0,0,0,0,0,0,0,0,0,0,0,0,0,0,0,0,0,0,0,0,0,0,0,0,0,0,0,0,0,0,0,0,0,0,0,0,0,0,0,0,0,0,0,0,0,0,0,0,0,0,0,0,0,0,0,0,0,0,0,0,0,0,0,0,0,0,0,0,0,0,0,0,0,0,0,0,0,0,0,0,0,0,0,0,0,0,0,0,0,0,0,0,0,0,0,0,0,0,0,0,0
11.600825385,6.308464999999987,-0.8571327659250825,-2.2242687324272223,3.5930000000004014,0.45689889610933676,1.181026880456848,3.593,0.45689889610928613,1.1810268804568582,2.072033000000002,0.45689889610928613,1.1810268804568582,1.921924500000006,0.43837809605138023,1.1365641437526537,4.14,-2.5,-1.0,0.0,0.0,0.0,4.14,-0.5,-1.0,0.0,0.0,0.0,4.14,1.5,-1.0,0.0,0.0,0.0,4.14,-2.5,1.0,0.0,0.0,0.0,4.14,-0.5,1.0,0.0,0.0,0.0,4.14,1.5,1.0,0.0,0.0,0.0,2.77,-0.85,-1.0,0.0,0.0,0.0,2.77,1.15,-1.0,0.0,0.0,0.0,2.77,3.15,-1.0,0.0,0.0,0.0,2.77,5.15,-1.0,0.0,0.0,0.0,2.77,-0.85,1.0,0.0,0.0,0.0,2.77,1.15,1.0,0.0,0.0,0.0,2.77,3.15,1.0,0.0,0.0,0.0,2.77,5.15,1.0,0.0,0.0,0.0,8.34,-5.364999999999902,1.543999999999804,0.0,-1.1499999999999844,0.45999999999990493,8.34,-3.364999999999901,1.543999999999804,0.0,-1.1499999999999844,0.45999999999990493,-2.99,-8.006000000000528,1.8869999999999314,0.0,-1.6400000000000858,0.42999999999993044,-2.99,-6.006000000000405,1.8869999999999314,0.0,-1.6400000000000858,0.42999999999993044,0,0,0,0,0,0,0,0,0,0,0,0,0,0,0,0,0,0,0,0,0,0,0,0,0,0,0,0,0,0,0,0,0,0,0,0,0,0,0,0,0,0,0,0,0,0,0,0,0,0,0,0,0,0,0,0,0,0,0,0,0,0,0,0,0,0,0,0,0,0,0,0,0,0,0,0,0,0,0,0,0,0,0,0,0,0,0,0,0,0,0,0,0,0,0,0,0,0,0,0,0,0,0,0,0,0,0,0,0,0,0,0,0,0,0,0,0,0,0,0,0,0,0,0,0,0,0,0,0,0,0,0,0,0,0,0,0,0,0,0,0,0,0,0,0,0,0,0,0,0,0,0,0,0,0,0,0,0,0,0,0,0,0,0,0,0,0,0,0,0,0,0,0,0,0,0,0,0,0,0,0,0,0,0,0,0,0,0,0,0,0,0
11.700848148,6.594189000000013,-0.82098831183761,-2.1307647621981625,3.515000000000157,0.4383780960514061,1.1365641437528495,3.515,0.43837809605138023,1.1365641437526537,1.921924500000006,0.43837809605138023,1.1365641437526537,1.7828899999999996,0.42057065228062784,1.0914663958056163,4.14,-2.5,-1.0,0.0,0.0,0.0,4.14,-0.5,-1.0,0.0,0.0,0.0,4.14,1.5,-1.0,0.0,0.0,0.0,4.14,-2.5,1.0,0.0,0.0,0.0,4.14,-0.5,1.0,0.0,0.0,0.0,4.14,1.5,1.0,0.0,0.0,0.0,2.77,-0.85,-1.0,0.0,0.0,0.0,2.77,1.15,-1.0,0.0,0.0,0.0,2.77,3.15,-1.0,0.0,0.0,0.0,2.77,5.15,-1.0,0.0,0.0,0.0,2.77,-0.85,1.0,0.0,0.0,0.0,2.77,1.15,1.0,0.0,0.0,0.0,2.77,3.15,1.0,0.0,0.0,0.0,2.77,5.15,1.0,0.0,0.0,0.0,8.34,-5.4799999999999,1.5899999999997945,0.0,-1.1499999999999844,0.45999999999990493,8.34,-3.4799999999998996,1.5899999999997945,0.0,-1.1499999999999844,0.45999999999990493,-2.99,-8.170000000000536,1.9299999999999244,0.0,-1.6400000000000858,0.42999999999993044,-2.99,-6.170000000000414,1.9299999999999244,0.0,-1.6400000000000858,0.42999999999993044,0,0,0,0,0,0,0,0,0,0,0,0,0,0,0,0,0,0,0,0,0,0,0,0,0,0,0,0,0,0,0,0,0,0,0,0,0,0,0,0,0,0,0,0,0,0,0,0,0,0,0,0,0,0,0,0,0,0,0,0,0,0,0,0,0,0,0,0,0,0,0,0,0,0,0,0,0,0,0,0,0,0,0,0,0,0,0,0,0,0,0,0,0,0,0,0,0,0,0,0,0,0,0,0,0,0,0,0,0,0,0,0,0,0,0,0,0,0,0,0,0,0,0,0,0,0,0,0,0,0,0,0,0,0,0,0,0,0,0,0,0,0,0,0,0,0,0,0,0,0,0,0,0,0,0,0,0,0,0,0,0,0,0,0,0,0,0,0,0,0,0,0,0,0,0,0,0,0,0,0,0,0,0,0,0,0,0,0,0,0,0,0
11.802133797,6.8736510000000175,-0.7863098279164547,-2.0408317811527716,3.4359999999997726,0.4205706522806274,1.091466395805707,3.436,0.42057065228062784,1.0914663958056163,1.7828899999999996,0.42057065228062784,1.0914663958056163,1.6359531190476098,0.4021440969463973,1.0437335402656938,4.14,-2.5,-1.0,0.0,0.0,0.0,4.14,-0.5,-1.0,0.0,0.0,0.0,4.14,1.5,-1.0,0.0,0.0,0.0,4.14,-2.5,1.0,0.0,0.0,0.0,4.14,-0.5,1.0,0.0,0.0,0.0,4.14,1.5,1.0,0.0,0.0,0.0,2.77,-0.85,-1.0,0.0,0.0,0.0,2.77,1.15,-1.0,0.0,0.0,0.0,2.77,3.15,-1.0,0.0,0.0,0.0,2.77,5.15,-1.0,0.0,0.0,0.0,2.77,-0.85,1.0,0.0,0.0,0.0,2.77,1.15,1.0,0.0,0.0,0.0,2.77,3.15,1.0,0.0,0.0,0.0,2.77,5.15,1.0,0.0,0.0,0.0,8.34,-5.571999999999899,1.6267999999997869,0.0,-1.1499999999999844,0.45999999999990493,8.34,-3.5719999999998984,1.6267999999997869,0.0,-1.1499999999999844,0.45999999999990493,-2.99,-8.301200000000543,1.9643999999999189,0.0,-1.6400000000000858,0.42999999999993044,-2.99,-6.301200000000421,1.9643999999999189,0.0,-1.6400000000000858,0.42999999999993044,0,0,0,0,0,0,0,0,0,0,0,0,0,0,0,0,0,0,0,0,0,0,0,0,0,0,0,0,0,0,0,0,0,0,0,0,0,0,0,0,0,0,0,0,0,0,0,0,0,0,0,0,0,0,0,0,0,0,0,0,0,0,0,0,0,0,0,0,0,0,0,0,0,0,0,0,0,0,0,0,0,0,0,0,0,0,0,0,0,0,0,0,0,0,0,0,0,0,0,0,0,0,0,0,0,0,0,0,0,0,0,0,0,0,0,0,0,0,0,0,0,0,0,0,0,0,0,0,0,0,0,0,0,0,0,0,0,0,0,0,0,0,0,0,0,0,0,0,0,0,0,0,0,0,0,0,0,0,0,0,0,0,0,0,0,0,0,0,0,0,0,0,0,0,0,0,0,0,0,0,0,0,0,0,0,0,0,0,0,0,0,0
11.901919445,7.147299000000001,-0.7529221475086838,-1.9541827294658742,3.3479999999999066,0.40214409694638853,1.0437335402657677,3.348,0.4021440969463973,1.0437335402656938,1.6359531190476098,0.4021440969463973,1.0437335402656938,1.4893004999999966,0.38411264493419384,0.9969493630665631,4.14,-2.5,-1.0,0.0,0.0,0.0,4.14,-0.5,-1.0,0.0,0.0,0.0,4.14,1.5,-1.0,0.0,0.0,0.0,4.14,-2.5,1.0,0.0,0.0,0.0,4.14,-0.5,1.0,0.0,0.0,0.0,4.14,1.5,1.0,0.0,0.0,0.0,2.77,-0.85,-1.0,0.0,0.0,0.0,2.77,1.15,-1.0,0.0,0.0,0.0,2.77,3.15,-1.0,0.0,0.0,0.0,2.77,5.15,-1.0,0.0,0.0,0.0,2.77,-0.85,1.0,0.0,0.0,0.0,2.77,1.15,1.0,0.0,0.0,0.0,2.77,3.15,1.0,0.0,0.0,0.0,2.77,5.15,1.0,0.0,0.0,0.0,8.34,-5.663999999999898,1.6635999999997793,0.0,-1.1499999999999844,0.45999999999990493,8.34,-3.663999999999897,1.6635999999997793,0.0,-1.1499999999999844,0.45999999999990493,-2.99,-8.43240000000055,1.9987999999999133,0.0,-1.6400000000000858,0.42999999999993044,-2.99,-6.4324000000004276,1.9987999999999133,0.0,-1.6400000000000858,0.42999999999993044,0,0,0,0,0,0,0,0,0,0,0,0,0,0,0,0,0,0,0,0,0,0,0,0,0,0,0,0,0,0,0,0,0,0,0,0,0,0,0,0,0,0,0,0,0,0,0,0,0,0,0,0,0,0,0,0,0,0,0,0,0,0,0,0,0,0,0,0,0,0,0,0,0,0,0,0,0,0,0,0,0,0,0,0,0,0,0,0,0,0,0,0,0,0,0,0,0,0,0,0,0,0,0,0,0,0,0,0,0,0,0,0,0,0,0,0,0,0,0,0,0,0,0,0,0,0,0,0,0,0,0,0,0,0,0,0,0,0,0,0,0,0,0,0,0,0,0,0,0,0,0,0,0,0,0,0,0,0,0,0,0,0,0,0,0,0,0,0,0,0,0,0,0,0,0,0,0,0,0,0,0,0,0,0,0,0,0,0,0,0,0,0
12.001719735,7.480598999999995,-0.7129782095942276,-1.850511138097285,3.2480000000001397,0.38411264493420916,0.9969493630666015,3.2479999999999998,0.38411264493419384,0.9969493630665631,1.4893004999999966,0.38411264493419384,0.9969493630665631,1.3359545000000024,0.3656031831367894,0.9489105591457614,4.14,-2.5,-1.0,0.0,0.0,0.0,4.14,-0.5,-1.0,0.0,0.0,0.0,4.14,1.5,-1.0,0.0,0.0,0.0,4.14,-2.5,1.0,0.0,0.0,0.0,4.14,-0.5,1.0,0.0,0.0,0.0,4.14,1.5,1.0,0.0,0.0,0.0,2.77,-0.85,-1.0,0.0,0.0,0.0,2.77,1.15,-1.0,0.0,0.0,0.0,2.77,3.15,-1.0,0.0,0.0,0.0,2.77,5.15,-1.0,0.0,0.0,0.0,2.77,-0.85,1.0,0.0,0.0,0.0,2.77,1.15,1.0,0.0,0.0,0.0,2.77,3.15,1.0,0.0,0.0,0.0,2.77,5.15,1.0,0.0,0.0,0.0,8.34,-5.778999999999896,1.7095999999997697,0.0,-1.1499999999999844,0.45999999999990493,8.34,-3.7789999999998956,1.7095999999997697,0.0,-1.1499999999999844,0.45999999999990493,-2.99,-8.596400000000559,2.041799999999928,0.0,-1.6400000000000858,0.4300000000001525,-2.99,-6.596400000000436,2.041799999999928,0.0,-1.6400000000000858,0.4300000000001525,0,0,0,0,0,0,0,0,0,0,0,0,0,0,0,0,0,0,0,0,0,0,0,0,0,0,0,0,0,0,0,0,0,0,0,0,0,0,0,0,0,0,0,0,0,0,0,0,0,0,0,0,0,0,0,0,0,0,0,0,0,0,0,0,0,0,0,0,0,0,0,0,0,0,0,0,0,0,0,0,0,0,0,0,0,0,0,0,0,0,0,0,0,0,0,0,0,0,0,0,0,0,0,0,0,0,0,0,0,0,0,0,0,0,0,0,0,0,0,0,0,0,0,0,0,0,0,0,0,0,0,0,0,0,0,0,0,0,0,0,0,0,0,0,0,0,0,0,0,0,0,0,0,0,0,0,0,0,0,0,0,0,0,0,0,0,0,0,0,0,0,0,0,0,0,0,0,0,0,0,0,0,0,0,0,0,0,0,0,0,0,0
12.100884587,7.739113000000002,-0.6825638588500463,-1.7715718487186103,3.169999999999895,0.36560318313683116,0.9489105591458102,3.17,0.3656031831367894,0.9489105591457614,1.3359545000000024,0.3656031831367894,0.9489105591457614,1.1870071666666662,0.3478922979819196,0.9029428928276282,4.14,-2.5,-1.0,0.0,0.0,0.0,4.14,-0.5,-1.0,0.0,0.0,0.0,4.14,1.5,-1.0,0.0,0.0,0.0,4.14,-2.5,1.0,0.0,0.0,0.0,4.14,-0.5,1.0,0.0,0.0,0.0,4.14,1.5,1.0,0.0,0.0,0.0,2.77,-0.85,-1.0,0.0,0.0,0.0,2.77,1.15,-1.0,0.0,0.0,0.0,2.77,3.15,-1.0,0.0,0.0,0.0,2.77,5.15,-1.0,0.0,0.0,0.0,2.77,-0.85,1.0,0.0,0.0,0.0,2.77,1.15,1.0,0.0,0.0,0.0,2.77,3.15,1.0,0.0,0.0,0.0,2.77,5.15,1.0,0.0,0.0,0.0,8.34,-5.870999999999895,1.7463999999997621,0.0,-1.1499999999999844,0.45999999999990493,8.34,-3.8709999999998943,1.7463999999997621,0.0,-1.1499999999999844,0.45999999999990493,-2.99,-8.727600000000566,2.07619999999994,0.0,-1.6400000000000858,0.4300000000001525,-2.99,-6.727600000000443,2.07619999999994,0.0,-1.6400000000000858,0.4300000000001525,0,0,0,0,0,0,0,0,0,0,0,0,0,0,0,0,0,0,0,0,0,0,0,0,0,0,0,0,0,0,0,0,0,0,0,0,0,0,0,0,0,0,0,0,0,0,0,0,0,0,0,0,0,0,0,0,0,0,0,0,0,0,0,0,0,0,0,0,0,0,0,0,0,0,0,0,0,0,0,0,0,0,0,0,0,0,0,0,0,0,0,0,0,0,0,0,0,0,0,0,0,0,0,0,0,0,0,0,0,0,0,0,0,0,0,0,0,0,0,0,0,0,0,0,0,0,0,0,0,0,0,0,0,0,0,0,0,0,0,0,0,0,0,0,0,0,0,0,0,0,0,0,0,0,0,0,0,0,0,0,0,0,0,0,0,0,0,0,0,0,0,0,0,0,0,0,0,0,0,0,0,0,0,0,0,0,0,0,0,0,0,0
12.204582758,7.992712999999994,-0.6533156041990998,-1.6956590039869455,3.169999999999895,0.36560318313683116,0.9489105591458102,3.07,0.3478922979819196,0.9029428928276282,1.1870071666666662,0.3478922979819196,0.9029428928276282,1.0464385000000016,0.33159344507189714,0.8606397945419411,4.14,-2.5,-1.0,0.0,0.0,0.0,4.14,-0.5,-1.0,0.0,0.0,0.0,4.14,1.5,-1.0,0.0,0.0,0.0,4.14,-2.5,1.0,0.0,0.0,0.0,4.14,-0.5,1.0,0.0,0.0,0.0,4.14,1.5,1.0,0.0,0.0,0.0,2.77,-0.85,-1.0,0.0,0.0,0.0,2.77,1.15,-1.0,0.0,0.0,0.0,2.77,3.15,-1.0,0.0,0.0,0.0,2.77,5.15,-1.0,0.0,0.0,0.0,2.77,-0.85,1.0,0.0,0.0,0.0,2.77,1.15,1.0,0.0,0.0,0.0,2.77,3.15,1.0,0.0,0.0,0.0,2.77,5.15,1.0,0.0,0.0,0.0,8.34,-5.985999999999893,1.7923999999997526,0.0,-1.1499999999999844,0.45999999999990493,8.34,-3.9859999999998927,1.7923999999997526,0.0,-1.1499999999999844,0.45999999999990493,-2.99,-8.858800000000572,2.1105999999999523,0.0,-1.6400000000000858,0.4300000000001525,-2.99,-6.891600000000452,2.1191999999999553,0.0,-1.6400000000000858,0.4300000000001525,0,0,0,0,0,0,0,0,0,0,0,0,0,0,0,0,0,0,0,0,0,0,0,0,0,0,0,0,0,0,0,0,0,0,0,0,0,0,0,0,0,0,0,0,0,0,0,0,0,0,0,0,0,0,0,0,0,0,0,0,0,0,0,0,0,0,0,0,0,0,0,0,0,0,0,0,0,0,0,0,0,0,0,0,0,0,0,0,0,0,0,0,0,0,0,0,0,0,0,0,0,0,0,0,0,0,0,0,0,0,0,0,0,0,0,0,0,0,0,0,0,0,0,0,0,0,0,0,0,0,0,0,0,0,0,0,0,0,0,0,0,0,0,0,0,0,0,0,0,0,0,0,0,0,0,0,0,0,0,0,0,0,0,0,0,0,0,0,0,0,0,0,0,0,0,0,0,0,0,0,0,0,0,0,0,0,0,0,0,0,0,0
12.301128976,8.298266999999964,-0.6188793010359467,-1.606280724594345,2.999000000000862,0.33159344507194266,0.8606397945418731,2.9989999999999997,0.33159344507189714,0.8606397945419411,1.0464385000000016,0.33159344507189714,0.8606397945419411,0.9190185000000222,0.31705534213473696,0.8229066371080784,4.14,-2.5,-1.0,0.0,0.0,0.0,4.14,-0.5,-1.0,0.0,0.0,0.0,4.14,1.5,-1.0,0.0,0.0,0.0,4.14,-2.5,1.0,0.0,0.0,0.0,4.14,-0.5,1.0,0.0,0.0,0.0,4.14,1.5,1.0,0.0,0.0,0.0,2.77,-0.85,-1.0,0.0,0.0,0.0,2.77,1.15,-1.0,0.0,0.0,0.0,2.77,3.15,-1.0,0.0,0.0,0.0,2.77,5.15,-1.0,0.0,0.0,0.0,2.77,-0.85,1.0,0.0,0.0,0.0,2.77,1.15,1.0,0.0,0.0,0.0,2.77,3.15,1.0,0.0,0.0,0.0,2.77,5.15,1.0,0.0,0.0,0.0,8.34,-6.077999999999892,1.829199999999745,0.0,-1.1499999999999844,0.45999999999990493,8.34,-4.077999999999892,1.829199999999745,0.0,-1.1499999999999844,0.45999999999990493,-2.99,-9.022800000000581,2.1535999999999675,0.0,-1.6400000000000858,0.4300000000001525,-2.99,-7.0228000000004585,2.1535999999999675,0.0,-1.6400000000000858,0.4300000000001525,0,0,0,0,0,0,0,0,0,0,0,0,0,0,0,0,0,0,0,0,0,0,0,0,0,0,0,0,0,0,0,0,0,0,0,0,0,0,0,0,0,0,0,0,0,0,0,0,0,0,0,0,0,0,0,0,0,0,0,0,0,0,0,0,0,0,0,0,0,0,0,0,0,0,0,0,0,0,0,0,0,0,0,0,0,0,0,0,0,0,0,0,0,0,0,0,0,0,0,0,0,0,0,0,0,0,0,0,0,0,0,0,0,0,0,0,0,0,0,0,0,0,0,0,0,0,0,0,0,0,0,0,0,0,0,0,0,0,0,0,0,0,0,0,0,0,0,0,0,0,0,0,0,0,0,0,0,0,0,0,0,0,0,0,0,0,0,0,0,0,0,0,0,0,0,0,0,0,0,0,0,0,0,0,0,0,0,0,0,0,0,0
12.401671755,8.537142000000014,-0.5925117445625001,-1.537844605762766,2.9039999999991295,0.3170553421347755,0.8229066371081561,2.9039999999999995,0.31705534213473696,0.8229066371080784,0.9190185000000222,0.31705534213473696,0.8229066371080784,0.7818894999999983,0.30181300128131866,0.7833456470227094,4.14,-2.5,-1.0,0.0,0.0,0.0,4.14,-0.5,-1.0,0.0,0.0,0.0,4.14,1.5,-1.0,0.0,0.0,0.0,4.14,-2.5,1.0,0.0,0.0,0.0,4.14,-0.5,1.0,0.0,0.0,0.0,4.14,1.5,1.0,0.0,0.0,0.0,2.77,-0.85,-1.0,0.0,0.0,0.0,2.77,1.15,-1.0,0.0,0.0,0.0,2.77,3.15,-1.0,0.0,0.0,0.0,2.77,5.15,-1.0,0.0,0.0,0.0,2.77,-0.85,1.0,0.0,0.0,0.0,2.77,1.15,1.0,0.0,0.0,0.0,2.77,3.15,1.0,0.0,0.0,0.0,2.77,5.15,1.0,0.0,0.0,0.0,8.34,-6.169999999999891,1.8659999999997374,0.0,-1.1499999999999844,0.45999999999990493,8.34,-4.169999999999891,1.8659999999997374,0.0,-1.1499999999999844,0.45999999999990493,-2.99,-9.154000000000588,2.1879999999999797,0.0,-1.6400000000000858,0.4300000000001525,-2.99,-7.154000000000465,2.1879999999999797,0.0,-1.6400000000000858,0.4300000000001525,0,0,0,0,0,0,0,0,0,0,0,0,0,0,0,0,0,0,0,0,0,0,0,0,0,0,0,0,0,0,0,0,0,0,0,0,0,0,0,0,0,0,0,0,0,0,0,0,0,0,0,0,0,0,0,0,0,0,0,0,0,0,0,0,0,0,0,0,0,0,0,0,0,0,0,0,0,0,0,0,0,0,0,0,0,0,0,0,0,0,0,0,0,0,0,0,0,0,0,0,0,0,0,0,0,0,0,0,0,0,0,0,0,0,0,0,0,0,0,0,0,0,0,0,0,0,0,0,0,0,0,0,0,0,0,0,0,0,0,0,0,0,0,0,0,0,0,0,0,0,0,0,0,0,0,0,0,0,0,0,0,0,0,0,0,0,0,0,0,0,0,0,0,0,0,0,0,0,0,0,0,0,0,0,0,0,0,0,0,0,0,0
