time_elapsed,pos_x,pos_y,pos_z,vel_x,vel_y,vel_z,cmd_vel_x,cmd_vel_y,cmd_vel_z,cmd_vel_unfiltered_x,cmd_vel_unfiltered_y,cmd_vel_unfiltered_z,desired_vel_x,desired_vel_y,desired_vel_z,obs_1_pos_x,obs_1_pos_y,obs_1_pos_z,obs_1_vel_x,obs_1_vel_y,obs_1_vel_z,obs_2_pos_x,obs_2_pos_y,obs_2_pos_z,obs_2_vel_x,obs_2_vel_y,obs_2_vel_z,obs_3_pos_x,obs_3_pos_y,obs_3_pos_z,obs_3_vel_x,obs_3_vel_y,obs_3_vel_z,obs_4_pos_x,obs_4_pos_y,obs_4_pos_z,obs_4_vel_x,obs_4_vel_y,obs_4_vel_z,obs_5_pos_x,obs_5_pos_y,obs_5_pos_z,obs_5_vel_x,obs_5_vel_y,obs_5_vel_z,obs_6_pos_x,obs_6_pos_y,obs_6_pos_z,obs_6_vel_x,obs_6_vel_y,obs_6_vel_z,obs_7_pos_x,obs_7_pos_y,obs_7_pos_z,obs_7_vel_x,obs_7_vel_y,obs_7_vel_z,obs_8_pos_x,obs_8_pos_y,obs_8_pos_z,obs_8_vel_x,obs_8_vel_y,obs_8_vel_z,obs_9_pos_x,obs_9_pos_y,obs_9_pos_z,obs_9_vel_x,obs_9_vel_y,obs_9_vel_z,obs_10_pos_x,obs_10_pos_y,obs_10_pos_z,obs_10_vel_x,obs_10_vel_y,obs_10_vel_z,obs_11_pos_x,obs_11_pos_y,obs_11_pos_z,obs_11_vel_x,obs_11_vel_y,obs_11_vel_z,obs_12_pos_x,obs_12_pos_y,obs_12_pos_z,obs_12_vel_x,obs_12_vel_y,obs_12_vel_z,obs_13_pos_x,obs_13_pos_y,obs_13_pos_z,obs_13_vel_x,obs_13_vel_y,obs_13_vel_z,obs_14_pos_x,obs_14_pos_y,obs_14_pos_z,obs_14_vel_x,obs_14_vel_y,obs_14_vel_z,obs_15_pos_x,obs_15_pos_y,obs_15_pos_z,obs_15_vel_x,obs_15_vel_y,obs_15_vel_z,obs_16_pos_x,obs_16_pos_y,obs_16_pos_z,obs_16_vel_x,obs_16_vel_y,obs_16_vel_z,obs_17_pos_x,obs_17_pos_y,obs_17_pos_z,obs_17_vel_x,obs_17_vel_y,obs_17_vel_z,obs_18_pos_x,obs_18_pos_y,obs_18_pos_z,obs_18_vel_x,obs_18_vel_y,obs_18_vel_z,obs_19_pos_x,obs_19_pos_y,obs_19_pos_z,obs_19_vel_x,obs_19_vel_y,obs_19_vel_z,obs_20_pos_x,obs_20_pos_y,obs_20_pos_z,obs_20_vel_x,obs_20_vel_y,obs_20_vel_z,obs_21_pos_x,obs_21_pos_y,obs_21_pos_z,obs_21_vel_x,obs_21_vel_y,obs_21_vel_z,obs_22_pos_x,obs_22_pos_y,obs_22_pos_z,obs_22_vel_x,obs_22_vel_y,obs_22_vel_z,obs_23_pos_x,obs_23_pos_y,obs_23_pos_z,obs_23_vel_x,obs_23_vel_y,obs_23_vel_z,obs_24_pos_x,obs_24_pos_y,obs_24_pos_z,obs_24_vel_x,obs_24_vel_y,obs_24_vel_z,obs_25_pos_x,obs_25_pos_y,obs_25_pos_z,obs_25_vel_x,obs_25_vel_y,obs_25_vel_z,obs_26_pos_x,obs_26_pos_y,obs_26_pos_z,obs_26_vel_x,obs_26_vel_y,obs_26_vel_z,obs_27_pos_x,obs_27_pos_y,obs_27_pos_z,obs_27_vel_x,obs_27_vel_y,obs_27_vel_z,obs_28_pos_x,obs_28_pos_y,obs_28_pos_z,obs_28_vel_x,obs_28_vel_y,obs_28_vel_z,obs_29_pos_x,obs_29_pos_y,obs_29_pos_z,obs_29_vel_x,obs_29_vel_y,obs_29_vel_z,obs_30_pos_x,obs_30_pos_y,obs_30_pos_z,obs_30_vel_x,obs_30_vel_y,obs_30_vel_z,obs_31_pos_x,obs_31_pos_y,obs_31_pos_z,obs_31_vel_x,obs_31_vel_y,obs_31_vel_z,obs_32_pos_x,obs_32_pos_y,obs_32_pos_z,obs_32_vel_x,obs_32_vel_y,obs_32_vel_z,obs_33_pos_x,obs_33_pos_y,obs_33_pos_z,obs_33_vel_x,obs_33_vel_y,obs_33_vel_z,obs_34_pos_x,obs_34_pos_y,obs_34_pos_z,obs_34_vel_x,obs_34_vel_y,obs_34_vel_z,obs_35_pos_x,obs_35_pos_y,obs_35_pos_z,obs_35_vel_x,obs_35_vel_y,obs_35_vel_z,obs_36_pos_x,obs_36_pos_y,obs_36_pos_z,obs_36_vel_x,obs_36_vel_y,obs_36_vel_z,obs_37_pos_x,obs_37_pos_y,obs_37_pos_z,obs_37_vel_x,obs_37_vel_y,obs_37_vel_z,obs_38_pos_x,obs_38_pos_y,obs_38_pos_z,obs_38_vel_x,obs_38_vel_y,obs_38_vel_z,obs_39_pos_x,obs_39_pos_y,obs_39_pos_z,obs_39_vel_x,obs_39_vel_y,obs_39_vel_z,obs_40_pos_x,obs_40_pos_y,obs_40_pos_z,obs_40_vel_x,obs_40_vel_y,obs_40_vel_z,obs_41_pos_x,obs_41_pos_y,obs_41_pos_z,obs_41_vel_x,obs_41_vel_y,obs_41_vel_z,obs_42_pos_x,obs_42_pos_y,obs_42_pos_z,obs_42_vel_x,obs_42_vel_y,obs_42_vel_z,obs_43_pos_x,obs_43_pos_y,obs_43_pos_z,obs_43_vel_x,obs_43_vel_y,obs_43_vel_z,obs_44_pos_x,obs_44_pos_y,obs_44_pos_z,obs_44_vel_x,obs_44_vel_y,obs_44_vel_z,obs_45_pos_x,obs_45_pos_y,obs_45_pos_z,obs_45_vel_x,obs_45_vel_y,obs_45_vel_z,obs_46_pos_x,obs_46_pos_y,obs_46_pos_z,obs_46_vel_x,obs_46_vel_y,obs_46_vel_z,obs_47_pos_x,obs_47_pos_y,obs_47_pos_z,obs_47_vel_x,obs_47_vel_y,obs_47_vel_z,obs_48_pos_x,obs_48_pos_y,obs_48_pos_z,obs_48_vel_x,obs_48_vel_y,obs_48_vel_z,obs_49_pos_x,obs_49_pos_y,obs_49_pos_z,obs_49_vel_x,obs_49_vel_y,obs_49_vel_z,obs_50_pos_x,obs_50_pos_y,obs_50_pos_z,obs_50_vel_x,obs_50_vel_y,obs_50_vel_z
2.900774352,-10.0,0.0,0.0,0.0,0.0,0.0,0.079,-0.079,0.079,1.5098177194595337,-0.3024376928806305,0.13122542202472687,5.0,0.0,0.0,4.4,0.83,-1.0,0.0,0.0,0.0,4.4,2.83,-1.0,0.0,0.0,0.0,4.4,4.83,-1.0,0.0,0.0,0.0,4.4,6.83,-1.0,0.0,0.0,0.0,4.4,0.83,1.0,0.0,0.0,0.0,4.4,2.83,1.0,0.0,0.0,0.0,4.4,4.83,1.0,0.0,0.0,0.0,4.4,6.83,1.0,0.0,0.0,0.0,2.56,0.2,-1.0,0.0,0.0,0.0,2.56,2.2,-1.0,0.0,0.0,0.0,2.56,0.2,1.0,0.0,0.0,0.0,2.56,2.2,1.0,0.0,0.0,0.0,6.79,-0.44,-1.0,0.0,0.0,0.0,6.79,1.56,-1.0,0.0,0.0,0.0,6.79,3.56,-1.0,0.0,0.0,0.0,6.79,-0.44,1.0,0.0,0.0,0.0,6.79,1.56,1.0,0.0,0.0,0.0,6.79,3.56,1.0,0.0,0.0,0.0,-4.04,-4.3211999999999735,0.3840000000000018,0.0,1.6100000000003334,-0.19999999999997797,9.84,3.528399999999996,0.05319999999999987,0.0,-1.7700000000000493,0.03999999999999837,-0.95,3.3600000000000088,-0.29600000000000043,0.0,-0.9999999999998899,0.04999999999999449,-0.95,5.359999999999987,-0.29600000000000043,0.0,-0.9999999999998899,0.04999999999999449,0,0,0,0,0,0,0,0,0,0,0,0,0,0,0,0,0,0,0,0,0,0,0,0,0,0,0,0,0,0,0,0,0,0,0,0,0,0,0,0,0,0,0,0,0,0,0,0,0,0,0,0,0,0,0,0,0,0,0,0,0,0,0,0,0,0,0,0,0,0,0,0,0,0,0,0,0,0,0,0,0,0,0,0,0,0,0,0,0,0,0,0,0,0,0,0,0,0,0,0,0,0,0,0,0,0,0,0,0,0,0,0,0,0,0,0,0,0,0,0,0,0,0,0,0,0,0,0,0,0,0,0,0,0,0,0,0,0,0,0,0,0,0,0,0,0,0,0,0,0,0,0,0,0,0,0,0,0,0,0,0,0,0,0,0,0,0,0
3.000513121,-9.993996000000038,-0.006004000000000004,0.006004000000000004,0.07899999999949614,-0.07900000000000007,0.07900000000000007,0.16899999999999998,-0.16899999999999998,0.16899999999999998,1.536962866783142,-0.19562920928001404,0.17737773060798645,5.0,0.0,0.0,4.4,0.83,-1.0,0.0,0.0,0.0,4.4,2.83,-1.0,0.0,0.0,0.0,4.4,4.83,-1.0,0.0,0.0,0.0,4.4,6.83,-1.0,0.0,0.0,0.0,4.4,0.83,1.0,0.0,0.0,0.0,4.4,2.83,1.0,0.0,0.0,0.0,4.4,4.83,1.0,0.0,0.0,0.0,4.4,6.83,1.0,0.0,0.0,0.0,2.56,0.2,-1.0,0.0,0.0,0.0,2.56,2.2,-1.0,0.0,0.0,0.0,2.56,0.2,1.0,0.0,0.0,0.0,2.56,2.2,1.0,0.0,0.0,0.0,6.79,-0.44,-1.0,0.0,0.0,0.0,6.79,1.56,-1.0,0.0,0.0,0.0,6.79,3.56,-1.0,0.0,0.0,0.0,6.79,-0.44,1.0,0.0,0.0,0.0,6.79,1.56,1.0,0.0,0.0,0.0,6.79,3.56,1.0,0.0,0.0,0.0,-4.04,-4.192399999999947,0.36800000000000355,0.0,1.6100000000003334,-0.19999999999997797,9.84,3.386799999999992,0.05639999999999974,0.0,-1.7700000000000493,0.03999999999999837,-0.95,3.2800000000000176,-0.29200000000000087,0.0,-0.9999999999998899,0.04999999999999449,-0.95,5.279999999999996,-0.29200000000000087,0.0,-0.9999999999998899,0.04999999999999449,0,0,0,0,0,0,0,0,0,0,0,0,0,0,0,0,0,0,0,0,0,0,0,0,0,0,0,0,0,0,0,0,0,0,0,0,0,0,0,0,0,0,0,0,0,0,0,0,0,0,0,0,0,0,0,0,0,0,0,0,0,0,0,0,0,0,0,0,0,0,0,0,0,0,0,0,0,0,0,0,0,0,0,0,0,0,0,0,0,0,0,0,0,0,0,0,0,0,0,0,0,0,0,0,0,0,0,0,0,0,0,0,0,0,0,0,0,0,0,0,0,0,0,0,0,0,0,0,0,0,0,0,0,0,0,0,0,0,0,0,0,0,0,0,0,0,0,0,0,0,0,0,0,0,0,0,0,0,0,0,0,0,0,0,0,0,0,0
3.101771093,-9.978266000000076,-0.021734000000000003,0.021734000000000003,0.16899999999964166,-0.16899999999999898,0.16899999999999898,0.257,-0.14594903588294983,0.257,1.5692826509475708,-0.14594903588294983,0.37602877616882324,4.999994622392025,0.005185366468459445,-0.005185366468459445,4.4,0.83,-1.0,0.0,0.0,0.0,4.4,2.83,-1.0,0.0,0.0,0.0,4.4,4.83,-1.0,0.0,0.0,0.0,4.4,6.83,-1.0,0.0,0.0,0.0,4.4,0.83,1.0,0.0,0.0,0.0,4.4,2.83,1.0,0.0,0.0,0.0,4.4,4.83,1.0,0.0,0.0,0.0,4.4,6.83,1.0,0.0,0.0,0.0,2.56,0.2,-1.0,0.0,0.0,0.0,2.56,2.2,-1.0,0.0,0.0,0.0,2.56,0.2,1.0,0.0,0.0,0.0,2.56,2.2,1.0,0.0,0.0,0.0,6.79,-0.44,-1.0,0.0,0.0,0.0,6.79,1.56,-1.0,0.0,0.0,0.0,6.79,3.56,-1.0,0.0,0.0,0.0,6.79,-0.44,1.0,0.0,0.0,0.0,6.79,1.56,1.0,0.0,0.0,0.0,6.79,3.56,1.0,0.0,0.0,0.0,-4.04,-4.0313999999999135,0.34800000000000575,0.0,1.6100000000003334,-0.19999999999997797,9.84,3.209799999999987,0.06039999999999958,0.0,-1.7700000000000493,0.03999999999999837,-0.95,3.1800000000000286,-0.2870000000000014,0.0,-0.9999999999998899,0.04999999999999449,-0.95,5.180000000000007,-0.2870000000000014,0.0,-0.9999999999998899,0.04999999999999449,0,0,0,0,0,0,0,0,0,0,0,0,0,0,0,0,0,0,0,0,0,0,0,0,0,0,0,0,0,0,0,0,0,0,0,0,0,0,0,0,0,0,0,0,0,0,0,0,0,0,0,0,0,0,0,0,0,0,0,0,0,0,0,0,0,0,0,0,0,0,0,0,0,0,0,0,0,0,0,0,0,0,0,0,0,0,0,0,0,0,0,0,0,0,0,0,0,0,0,0,0,0,0,0,0,0,0,0,0,0,0,0,0,0,0,0,0,0,0,0,0,0,0,0,0,0,0,0,0,0,0,0,0,0,0,0,0,0,0,0,0,0,0,0,0,0,0,0,0,0,0,0,0,0,0,0,0,0,0,0,0,0,0,0,0,0,0,0
3.201053554,-9.957794000000115,-0.03343297383475296,0.04220600000000002,0.2569999999995076,-0.14594903588294875,0.25700000000000023,0.342,-0.18824481964111328,0.342,1.6266186237335205,-0.18824481964111328,0.589400053024292,4.99998180394307,0.008375888679153046,-0.010573775439170286,4.4,0.83,-1.0,0.0,0.0,0.0,4.4,2.83,-1.0,0.0,0.0,0.0,4.4,4.83,-1.0,0.0,0.0,0.0,4.4,6.83,-1.0,0.0,0.0,0.0,4.4,0.83,1.0,0.0,0.0,0.0,4.4,2.83,1.0,0.0,0.0,0.0,4.4,4.83,1.0,0.0,0.0,0.0,4.4,6.83,1.0,0.0,0.0,0.0,2.56,0.2,-1.0,0.0,0.0,0.0,2.56,2.2,-1.0,0.0,0.0,0.0,2.56,0.2,1.0,0.0,0.0,0.0,2.56,2.2,1.0,0.0,0.0,0.0,6.79,-0.44,-1.0,0.0,0.0,0.0,6.79,1.56,-1.0,0.0,0.0,0.0,6.79,3.56,-1.0,0.0,0.0,0.0,6.79,-0.44,1.0,0.0,0.0,0.0,6.79,1.56,1.0,0.0,0.0,0.0,6.79,3.56,1.0,0.0,0.0,0.0,-4.04,-3.902599999999914,0.3320000000000075,0.0,1.6099999999998893,-0.19999999999997797,9.84,3.068199999999983,0.06359999999999945,0.0,-1.7700000000000493,0.03999999999999837,-0.95,3.1000000000000374,-0.28300000000000186,0.0,-0.9999999999998899,0.04999999999999449,-0.95,5.100000000000016,-0.28300000000000186,0.0,-0.9999999999998899,0.04999999999999449,0,0,0,0,0,0,0,0,0,0,0,0,0,0,0,0,0,0,0,0,0,0,0,0,0,0,0,0,0,0,0,0,0,0,0,0,0,0,0,0,0,0,0,0,0,0,0,0,0,0,0,0,0,0,0,0,0,0,0,0,0,0,0,0,0,0,0,0,0,0,0,0,0,0,0,0,0,0,0,0,0,0,0,0,0,0,0,0,0,0,0,0,0,0,0,0,0,0,0,0,0,0,0,0,0,0,0,0,0,0,0,0,0,0,0,0,0,0,0,0,0,0,0,0,0,0,0,0,0,0,0,0,0,0,0,0,0,0,0,0,0,0,0,0,0,0,0,0,0,0,0,0,0,0,0,0,0,0,0,0,0,0,0,0,0,0,0,0
3.301305765,-9.93094400000013,-0.048238784703493236,0.06905600000000003,0.34199999999984243,-0.18824481964111597,0.34199999999999514,0.42100000000000004,-0.17762956023216248,0.42100000000000004,1.7172980308532715,-0.17762956023216248,0.8061783909797668,4.999956209889917,0.012001522004019922,-0.017142422607517128,4.4,0.83,-1.0,0.0,0.0,0.0,4.4,2.83,-1.0,0.0,0.0,0.0,4.4,4.83,-1.0,0.0,0.0,0.0,4.4,6.83,-1.0,0.0,0.0,0.0,4.4,0.83,1.0,0.0,0.0,0.0,4.4,2.83,1.0,0.0,0.0,0.0,4.4,4.83,1.0,0.0,0.0,0.0,4.4,6.83,1.0,0.0,0.0,0.0,2.56,0.2,-1.0,0.0,0.0,0.0,2.56,2.2,-1.0,0.0,0.0,0.0,2.56,0.2,1.0,0.0,0.0,0.0,2.56,2.2,1.0,0.0,0.0,0.0,6.79,-0.44,-1.0,0.0,0.0,0.0,6.79,1.56,-1.0,0.0,0.0,0.0,6.79,3.56,-1.0,0.0,0.0,0.0,6.79,-0.44,1.0,0.0,0.0,0.0,6.79,1.56,1.0,0.0,0.0,0.0,6.79,3.56,1.0,0.0,0.0,0.0,-4.04,-3.7737999999999228,0.3160000000000093,0.0,1.6099999999998893,-0.19999999999997797,9.84,2.926599999999979,0.06679999999999932,0.0,-1.7700000000000493,0.03999999999999837,-0.95,3.020000000000046,-0.2790000000000023,0.0,-0.9999999999998899,0.04999999999999449,-0.95,5.020000000000024,-0.2790000000000023,0.0,-0.9999999999998899,0.04999999999999449,0,0,0,0,0,0,0,0,0,0,0,0,0,0,0,0,0,0,0,0,0,0,0,0,0,0,0,0,0,0,0,0,0,0,0,0,0,0,0,0,0,0,0,0,0,0,0,0,0,0,0,0,0,0,0,0,0,0,0,0,0,0,0,0,0,0,0,0,0,0,0,0,0,0,0,0,0,0,0,0,0,0,0,0,0,0,0,0,0,0,0,0,0,0,0,0,0,0,0,0,0,0,0,0,0,0,0,0,0,0,0,0,0,0,0,0,0,0,0,0,0,0,0,0,0,0,0,0,0,0,0,0,0,0,0,0,0,0,0,0,0,0,0,0,0,0,0,0,0,0,0,0,0,0,0,0,0,0,0,0,0,0,0,0,0,0,0,0
3.406933428,-9.906079000000167,-0.05894963461446788,0.09392100000000027,0.42099999999933857,-0.17762956023216478,0.4210000000000047,0.48700000000000004,-0.21095819771289825,0.48700000000000004,1.8374881744384766,-0.21095819771289825,1.009884238243103,4.999922423558249,0.014806713063353207,-0.023590668656695853,4.4,0.83,-1.0,0.0,0.0,0.0,4.4,2.83,-1.0,0.0,0.0,0.0,4.4,4.83,-1.0,0.0,0.0,0.0,4.4,6.83,-1.0,0.0,0.0,0.0,4.4,0.83,1.0,0.0,0.0,0.0,4.4,2.83,1.0,0.0,0.0,0.0,4.4,4.83,1.0,0.0,0.0,0.0,4.4,6.83,1.0,0.0,0.0,0.0,2.56,0.2,-1.0,0.0,0.0,0.0,2.56,2.2,-1.0,0.0,0.0,0.0,2.56,0.2,1.0,0.0,0.0,0.0,2.56,2.2,1.0,0.0,0.0,0.0,6.79,-0.44,-1.0,0.0,0.0,0.0,6.79,1.56,-1.0,0.0,0.0,0.0,6.79,3.56,-1.0,0.0,0.0,0.0,6.79,-0.44,1.0,0.0,0.0,0.0,6.79,1.56,1.0,0.0,0.0,0.0,6.79,3.56,1.0,0.0,0.0,0.0,-4.04,-3.6771999999999294,0.3040000000000106,0.0,1.6099999999998893,-0.19999999999997797,9.84,2.8203999999999763,0.06919999999999922,0.0,-1.7700000000000493,0.03999999999999837,-0.95,2.960000000000053,-0.27600000000000263,0.0,-0.9999999999998899,0.04999999999999449,-0.95,4.960000000000031,-0.27600000000000263,0.0,-0.9999999999998899,0.04999999999999449,0,0,0,0,0,0,0,0,0,0,0,0,0,0,0,0,0,0,0,0,0,0,0,0,0,0,0,0,0,0,0,0,0,0,0,0,0,0,0,0,0,0,0,0,0,0,0,0,0,0,0,0,0,0,0,0,0,0,0,0,0,0,0,0,0,0,0,0,0,0,0,0,0,0,0,0,0,0,0,0,0,0,0,0,0,0,0,0,0,0,0,0,0,0,0,0,0,0,0,0,0,0,0,0,0,0,0,0,0,0,0,0,0,0,0,0,0,0,0,0,0,0,0,0,0,0,0,0,0,0,0,0,0,0,0,0,0,0,0,0,0,0,0,0,0,0,0,0,0,0,0,0,0,0,0,0,0,0,0,0,0,0,0,0,0,0,0,0
3.502682323,-9.887325000000184,-0.06702134751069576,0.11267500000000036,0.48699999999968213,-0.21095819771289875,0.4870000000000013,0.53,-0.19600917398929596,0.53,1.9680161476135254,-0.19600917398929596,1.1755305528640747,4.999922423558249,0.014806713063353207,-0.023590668656695853,4.4,0.83,-1.0,0.0,0.0,0.0,4.4,2.83,-1.0,0.0,0.0,0.0,4.4,4.83,-1.0,0.0,0.0,0.0,4.4,6.83,-1.0,0.0,0.0,0.0,4.4,0.83,1.0,0.0,0.0,0.0,4.4,2.83,1.0,0.0,0.0,0.0,4.4,4.83,1.0,0.0,0.0,0.0,4.4,6.83,1.0,0.0,0.0,0.0,2.56,0.2,-1.0,0.0,0.0,0.0,2.56,2.2,-1.0,0.0,0.0,0.0,2.56,0.2,1.0,0.0,0.0,0.0,2.56,2.2,1.0,0.0,0.0,0.0,6.79,-0.44,-1.0,0.0,0.0,0.0,6.79,1.56,-1.0,0.0,0.0,0.0,6.79,3.56,-1.0,0.0,0.0,0.0,6.79,-0.44,1.0,0.0,0.0,0.0,6.79,1.56,1.0,0.0,0.0,0.0,6.79,3.56,1.0,0.0,0.0,0.0,-4.04,-3.612799999999934,0.2960000000000115,0.0,1.6099999999998893,-0.19999999999997797,9.84,2.7495999999999743,0.07079999999999916,0.0,-1.7700000000000493,0.03999999999999837,-0.95,2.920000000000057,-0.27400000000000285,0.0,-0.9999999999998899,0.04999999999999449,-0.95,4.9200000000000355,-0.27400000000000285,0.0,-0.9999999999998899,0.04999999999999449,0,0,0,0,0,0,0,0,0,0,0,0,0,0,0,0,0,0,0,0,0,0,0,0,0,0,0,0,0,0,0,0,0,0,0,0,0,0,0,0,0,0,0,0,0,0,0,0,0,0,0,0,0,0,0,0,0,0,0,0,0,0,0,0,0,0,0,0,0,0,0,0,0,0,0,0,0,0,0,0,0,0,0,0,0,0,0,0,0,0,0,0,0,0,0,0,0,0,0,0,0,0,0,0,0,0,0,0,0,0,0,0,0,0,0,0,0,0,0,0,0,0,0,0,0,0,0,0,0,0,0,0,0,0,0,0,0,0,0,0,0,0,0,0,0,0,0,0,0,0,0,0,0,0,0,0,0,0,0,0,0,0,0,0,0,0,0,0
3.600600035,-9.866770000000201,-0.07508594982612155,0.13323000000000043,0.5299999999994753,-0.19600917398929218,0.5300000000000028,0.5700000000000001,-0.2191523015499115,0.5700000000000001,2.0706100463867188,-0.2191523015499115,1.2816603183746338,4.999882272904744,0.0173751942751638,-0.029586478614405148,4.4,0.83,-1.0,0.0,0.0,0.0,4.4,2.83,-1.0,0.0,0.0,0.0,4.4,4.83,-1.0,0.0,0.0,0.0,4.4,6.83,-1.0,0.0,0.0,0.0,4.4,0.83,1.0,0.0,0.0,0.0,4.4,2.83,1.0,0.0,0.0,0.0,4.4,4.83,1.0,0.0,0.0,0.0,4.4,6.83,1.0,0.0,0.0,0.0,2.56,0.2,-1.0,0.0,0.0,0.0,2.56,2.2,-1.0,0.0,0.0,0.0,2.56,0.2,1.0,0.0,0.0,0.0,2.56,2.2,1.0,0.0,0.0,0.0,6.79,-0.44,-1.0,0.0,0.0,0.0,6.79,1.56,-1.0,0.0,0.0,0.0,6.79,3.56,-1.0,0.0,0.0,0.0,6.79,-0.44,1.0,0.0,0.0,0.0,6.79,1.56,1.0,0.0,0.0,0.0,6.79,3.56,1.0,0.0,0.0,0.0,-4.04,-3.5483999999999383,0.28800000000001236,0.0,1.6099999999998893,-0.19999999999997797,9.84,2.6787999999999723,0.07239999999999909,0.0,-1.7700000000000493,0.03999999999999837,-0.95,2.8800000000000616,-0.2720000000000031,0.0,-0.9999999999998899,0.04999999999999449,-0.95,4.88000000000004,-0.2720000000000031,0.0,-0.9999999999998899,0.04999999999999449,0,0,0,0,0,0,0,0,0,0,0,0,0,0,0,0,0,0,0,0,0,0,0,0,0,0,0,0,0,0,0,0,0,0,0,0,0,0,0,0,0,0,0,0,0,0,0,0,0,0,0,0,0,0,0,0,0,0,0,0,0,0,0,0,0,0,0,0,0,0,0,0,0,0,0,0,0,0,0,0,0,0,0,0,0,0,0,0,0,0,0,0,0,0,0,0,0,0,0,0,0,0,0,0,0,0,0,0,0,0,0,0,0,0,0,0,0,0,0,0,0,0,0,0,0,0,0,0,0,0,0,0,0,0,0,0,0,0,0,0,0,0,0,0,0,0,0,0,0,0,0,0,0,0,0,0,0,0,0,0,0,0,0,0,0,0,0,0
3.701474778,-9.833290000000222,-0.08781851162302504,0.16670999999999994,0.5699999999997374,-0.21915230154991022,0.5699999999999871,0.6210000000000001,-0.21075627207756042,0.6210000000000001,2.1845273971557617,-0.21075627207756042,1.3817285299301147,4.999837234879805,0.019552441982554087,-0.035289187040671605,4.4,0.83,-1.0,0.0,0.0,0.0,4.4,2.83,-1.0,0.0,0.0,0.0,4.4,4.83,-1.0,0.0,0.0,0.0,4.4,6.83,-1.0,0.0,0.0,0.0,4.4,0.83,1.0,0.0,0.0,0.0,4.4,2.83,1.0,0.0,0.0,0.0,4.4,4.83,1.0,0.0,0.0,0.0,4.4,6.83,1.0,0.0,0.0,0.0,2.56,0.2,-1.0,0.0,0.0,0.0,2.56,2.2,-1.0,0.0,0.0,0.0,2.56,0.2,1.0,0.0,0.0,0.0,2.56,2.2,1.0,0.0,0.0,0.0,6.79,-0.44,-1.0,0.0,0.0,0.0,6.79,1.56,-1.0,0.0,0.0,0.0,6.79,3.56,-1.0,0.0,0.0,0.0,6.79,-0.44,1.0,0.0,0.0,0.0,6.79,1.56,1.0,0.0,0.0,0.0,6.79,3.56,1.0,0.0,0.0,0.0,-4.04,-3.451799999999945,0.2760000000000137,0.0,1.6099999999998893,-0.19999999999997797,9.84,2.5725999999999694,0.07479999999999899,0.0,-1.7700000000000493,0.03999999999999837,-0.95,2.8200000000000682,-0.2690000000000034,0.0,-0.9999999999998899,0.04999999999999449,-0.95,4.8200000000000465,-0.2690000000000034,0.0,-0.9999999999998899,0.04999999999999449,0,0,0,0,0,0,0,0,0,0,0,0,0,0,0,0,0,0,0,0,0,0,0,0,0,0,0,0,0,0,0,0,0,0,0,0,0,0,0,0,0,0,0,0,0,0,0,0,0,0,0,0,0,0,0,0,0,0,0,0,0,0,0,0,0,0,0,0,0,0,0,0,0,0,0,0,0,0,0,0,0,0,0,0,0,0,0,0,0,0,0,0,0,0,0,0,0,0,0,0,0,0,0,0,0,0,0,0,0,0,0,0,0,0,0,0,0,0,0,0,0,0,0,0,0,0,0,0,0,0,0,0,0,0,0,0,0,0,0,0,0,0,0,0,0,0,0,0,0,0,0,0,0,0,0,0,0,0,0,0,0,0,0,0,0,0,0,0
3.802256273,-9.783916000000175,-0.10472938956606404,0.21608400000000064,0.6210000000006488,-0.2107562720775613,0.6210000000000103,0.6970000000000001,-0.2412061095237732,0.6970000000000001,2.34464430809021,-0.2412061095237732,1.4953385591506958,4.999772829333507,0.022192605328773294,-0.04217989245061026,4.4,0.83,-1.0,0.0,0.0,0.0,4.4,2.83,-1.0,0.0,0.0,0.0,4.4,4.83,-1.0,0.0,0.0,0.0,4.4,6.83,-1.0,0.0,0.0,0.0,4.4,0.83,1.0,0.0,0.0,0.0,4.4,2.83,1.0,0.0,0.0,0.0,4.4,4.83,1.0,0.0,0.0,0.0,4.4,6.83,1.0,0.0,0.0,0.0,2.56,0.2,-1.0,0.0,0.0,0.0,2.56,2.2,-1.0,0.0,0.0,0.0,2.56,0.2,1.0,0.0,0.0,0.0,2.56,2.2,1.0,0.0,0.0,0.0,6.79,-0.44,-1.0,0.0,0.0,0.0,6.79,1.56,-1.0,0.0,0.0,0.0,6.79,3.56,-1.0,0.0,0.0,0.0,6.79,-0.44,1.0,0.0,0.0,0.0,6.79,1.56,1.0,0.0,0.0,0.0,6.79,3.56,1.0,0.0,0.0,0.0,-4.04,-3.3229999999999538,0.26000000000001544,0.0,1.6099999999998893,-0.19999999999997797,9.84,2.4309999999999654,0.07799999999999886,0.0,-1.7700000000000493,0.03999999999999837,-0.95,2.740000000000077,-0.26500000000000384,0.0,-0.9999999999998899,0.04999999999999449,-0.95,4.740000000000055,-0.26500000000000384,0.0,-0.9999999999998899,0.04999999999999449,0,0,0,0,0,0,0,0,0,0,0,0,0,0,0,0,0,0,0,0,0,0,0,0,0,0,0,0,0,0,0,0,0,0,0,0,0,0,0,0,0,0,0,0,0,0,0,0,0,0,0,0,0,0,0,0,0,0,0,0,0,0,0,0,0,0,0,0,0,0,0,0,0,0,0,0,0,0,0,0,0,0,0,0,0,0,0,0,0,0,0,0,0,0,0,0,0,0,0,0,0,0,0,0,0,0,0,0,0,0,0,0,0,0,0,0,0,0,0,0,0,0,0,0,0,0,0,0,0,0,0,0,0,0,0,0,0,0,0,0,0,0,0,0,0,0,0,0,0,0,0,0,0,0,0,0,0,0,0,0,0,0,0,0,0,0,0,0
3.901623968,-9.742248000000139,-0.11914085646259798,0.2577520000000008,0.6970000000006138,-0.24120610952377275,0.6970000000000031,0.7650000000000001,-0.23937325179576874,0.7650000000000001,2.6168293952941895,-0.23937325179576874,1.6316266059875488,4.9996374917224715,0.026311864253582545,-0.05415382869693495,4.4,0.83,-1.0,0.0,0.0,0.0,4.4,2.83,-1.0,0.0,0.0,0.0,4.4,4.83,-1.0,0.0,0.0,0.0,4.4,6.83,-1.0,0.0,0.0,0.0,4.4,0.83,1.0,0.0,0.0,0.0,4.4,2.83,1.0,0.0,0.0,0.0,4.4,4.83,1.0,0.0,0.0,0.0,4.4,6.83,1.0,0.0,0.0,0.0,2.56,0.2,-1.0,0.0,0.0,0.0,2.56,2.2,-1.0,0.0,0.0,0.0,2.56,0.2,1.0,0.0,0.0,0.0,2.56,2.2,1.0,0.0,0.0,0.0,6.79,-0.44,-1.0,0.0,0.0,0.0,6.79,1.56,-1.0,0.0,0.0,0.0,6.79,3.56,-1.0,0.0,0.0,0.0,6.79,-0.44,1.0,0.0,0.0,0.0,6.79,1.56,1.0,0.0,0.0,0.0,6.79,3.56,1.0,0.0,0.0,0.0,-4.04,-3.2263999999999604,0.24800000000001649,0.0,1.6099999999998893,-0.20000000000000573,9.84,2.3247999999999625,0.08039999999999876,0.0,-1.7700000000000493,0.03999999999999837,-0.95,2.6800000000000836,-0.2620000000000042,0.0,-0.9999999999998899,0.04999999999999449,-0.95,4.680000000000062,-0.2620000000000042,0.0,-0.9999999999998899,0.04999999999999449,0,0,0,0,0,0,0,0,0,0,0,0,0,0,0,0,0,0,0,0,0,0,0,0,0,0,0,0,0,0,0,0,0,0,0,0,0,0,0,0,0,0,0,0,0,0,0,0,0,0,0,0,0,0,0,0,0,0,0,0,0,0,0,0,0,0,0,0,0,0,0,0,0,0,0,0,0,0,0,0,0,0,0,0,0,0,0,0,0,0,0,0,0,0,0,0,0,0,0,0,0,0,0,0,0,0,0,0,0,0,0,0,0,0,0,0,0,0,0,0,0,0,0,0,0,0,0,0,0,0,0,0,0,0,0,0,0,0,0,0,0,0,0,0,0,0,0,0,0,0,0,0,0,0,0,0,0,0,0,0,0,0,0,0,0,0,0,0
4.001688779,-9.681592000000173,-0.1383053794680833,0.31840800000000197,0.7649999999994606,-0.2393732517957659,0.7650000000000157,0.8420000000000001,-0.25523680448532104,0.8420000000000001,2.673877239227295,-0.25523680448532104,1.4524463415145874,4.999222413609716,0.0351302553655026,-0.08087721817791153,4.4,0.83,-1.0,0.0,0.0,0.0,4.4,2.83,-1.0,0.0,0.0,0.0,4.4,4.83,-1.0,0.0,0.0,0.0,4.4,6.83,-1.0,0.0,0.0,0.0,4.4,0.83,1.0,0.0,0.0,0.0,4.4,2.83,1.0,0.0,0.0,0.0,4.4,4.83,1.0,0.0,0.0,0.0,4.4,6.83,1.0,0.0,0.0,0.0,2.56,0.2,-1.0,0.0,0.0,0.0,2.56,2.2,-1.0,0.0,0.0,0.0,2.56,0.2,1.0,0.0,0.0,0.0,2.56,2.2,1.0,0.0,0.0,0.0,6.79,-0.44,-1.0,0.0,0.0,0.0,6.79,1.56,-1.0,0.0,0.0,0.0,6.79,3.56,-1.0,0.0,0.0,0.0,6.79,-0.44,1.0,0.0,0.0,0.0,6.79,1.56,1.0,0.0,0.0,0.0,6.79,3.56,1.0,0.0,0.0,0.0,-4.04,-3.0975999999999693,0.23200000000001603,0.0,1.6099999999998893,-0.20000000000000573,9.84,2.1831999999999585,0.08359999999999863,0.0,-1.7700000000000493,0.03999999999999837,-0.95,2.6000000000000925,-0.2580000000000046,0.0,-0.9999999999998899,0.04999999999999449,-0.95,4.600000000000071,-0.2580000000000046,0.0,-0.9999999999998899,0.04999999999999449,0,0,0,0,0,0,0,0,0,0,0,0,0,0,0,0,0,0,0,0,0,0,0,0,0,0,0,0,0,0,0,0,0,0,0,0,0,0,0,0,0,0,0,0,0,0,0,0,0,0,0,0,0,0,0,0,0,0,0,0,0,0,0,0,0,0,0,0,0,0,0,0,0,0,0,0,0,0,0,0,0,0,0,0,0,0,0,0,0,0,0,0,0,0,0,0,0,0,0,0,0,0,0,0,0,0,0,0,0,0,0,0,0,0,0,0,0,0,0,0,0,0,0,0,0,0,0,0,0,0,0,0,0,0,0,0,0,0,0,0,0,0,0,0,0,0,0,0,0,0,0,0,0,0,0,0,0,0,0,0,0,0,0,0,0,0,0,0
4.10109222,-9.614698000000143,-0.15862544587540692,0.38530200000000275,0.8493000000004969,-0.2564534962177373,0.8493000000000084,0.915,-0.2674037218093872,0.915,2.6557486057281494,-0.2674037218093872,1.2032535076141357,4.999222413609716,0.0351302553655026,-0.08087721817791153,4.4,0.83,-1.0,0.0,0.0,0.0,4.4,2.83,-1.0,0.0,0.0,0.0,4.4,4.83,-1.0,0.0,0.0,0.0,4.4,6.83,-1.0,0.0,0.0,0.0,4.4,0.83,1.0,0.0,0.0,0.0,4.4,2.83,1.0,0.0,0.0,0.0,4.4,4.83,1.0,0.0,0.0,0.0,4.4,6.83,1.0,0.0,0.0,0.0,2.56,0.2,-1.0,0.0,0.0,0.0,2.56,2.2,-1.0,0.0,0.0,0.0,2.56,0.2,1.0,0.0,0.0,0.0,2.56,2.2,1.0,0.0,0.0,0.0,6.79,-0.44,-1.0,0.0,0.0,0.0,6.79,1.56,-1.0,0.0,0.0,0.0,6.79,3.56,-1.0,0.0,0.0,0.0,6.79,-0.44,1.0,0.0,0.0,0.0,6.79,1.56,1.0,0.0,0.0,0.0,6.79,3.56,1.0,0.0,0.0,0.0,-4.04,-2.968799999999978,0.21600000000001557,0.0,1.6099999999998893,-0.20000000000000573,9.84,2.0415999999999546,0.0867999999999985,0.0,-1.7700000000000493,0.03999999999999837,-0.95,2.5200000000001013,-0.25400000000000506,0.0,-0.9999999999998899,0.04999999999999449,-0.95,4.5200000000000795,-0.25400000000000506,0.0,-0.9999999999998899,0.04999999999999449,0,0,0,0,0,0,0,0,0,0,0,0,0,0,0,0,0,0,0,0,0,0,0,0,0,0,0,0,0,0,0,0,0,0,0,0,0,0,0,0,0,0,0,0,0,0,0,0,0,0,0,0,0,0,0,0,0,0,0,0,0,0,0,0,0,0,0,0,0,0,0,0,0,0,0,0,0,0,0,0,0,0,0,0,0,0,0,0,0,0,0,0,0,0,0,0,0,0,0,0,0,0,0,0,0,0,0,0,0,0,0,0,0,0,0,0,0,0,0,0,0,0,0,0,0,0,0,0,0,0,0,0,0,0,0,0,0,0,0,0,0,0,0,0,0,0,0,0,0,0,0,0,0,0,0,0,0,0,0,0,0,0,0,0,0,0,0,0
4.20160083,-9.541498000000072,-0.18001774362015807,0.4585020000000027,0.9150000000008873,-0.2674037218093894,0.9149999999999991,0.997,-0.3494037218093872,0.997,2.734776020050049,-0.46884575486183167,1.1154422760009766,4.998437281218171,0.04576381516398358,-0.11632032904844464,4.4,0.83,-1.0,0.0,0.0,0.0,4.4,2.83,-1.0,0.0,0.0,0.0,4.4,4.83,-1.0,0.0,0.0,0.0,4.4,6.83,-1.0,0.0,0.0,0.0,4.4,0.83,1.0,0.0,0.0,0.0,4.4,2.83,1.0,0.0,0.0,0.0,4.4,4.83,1.0,0.0,0.0,0.0,4.4,6.83,1.0,0.0,0.0,0.0,2.56,0.2,-1.0,0.0,0.0,0.0,2.56,2.2,-1.0,0.0,0.0,0.0,2.56,0.2,1.0,0.0,0.0,0.0,2.56,2.2,1.0,0.0,0.0,0.0,6.79,-0.44,-1.0,0.0,0.0,0.0,6.79,1.56,-1.0,0.0,0.0,0.0,6.79,3.56,-1.0,0.0,0.0,0.0,6.79,-0.44,1.0,0.0,0.0,0.0,6.79,1.56,1.0,0.0,0.0,0.0,6.79,3.56,1.0,0.0,0.0,0.0,-4.04,-2.839999999999987,0.2000000000000151,0.0,1.6099999999998893,-0.20000000000000573,9.84,1.8999999999999506,0.08999999999999837,0.0,-1.7700000000000493,0.03999999999999837,-0.95,2.44000000000011,-0.2500000000000055,0.0,-0.9999999999998899,0.04999999999999449,-0.95,4.440000000000088,-0.2500000000000055,0.0,-0.9999999999998899,0.04999999999999449,0,0,0,0,0,0,0,0,0,0,0,0,0,0,0,0,0,0,0,0,0,0,0,0,0,0,0,0,0,0,0,0,0,0,0,0,0,0,0,0,0,0,0,0,0,0,0,0,0,0,0,0,0,0,0,0,0,0,0,0,0,0,0,0,0,0,0,0,0,0,0,0,0,0,0,0,0,0,0,0,0,0,0,0,0,0,0,0,0,0,0,0,0,0,0,0,0,0,0,0,0,0,0,0,0,0,0,0,0,0,0,0,0,0,0,0,0,0,0,0,0,0,0,0,0,0,0,0,0,0,0,0,0,0,0,0,0,0,0,0,0,0,0,0,0,0,0,0,0,0,0,0,0,0,0,0,0,0,0,0,0,0,0,0,0,0,0,0
4.302671613,-9.481842000000075,-0.20081796692872136,0.5181580000000041,0.9969999999999146,-0.3494037218093881,0.9970000000000254,1.062,-0.4144037218093872,1.062,2.943070650100708,-0.5798122882843018,1.1952637434005737,4.998437281218171,0.04576381516398358,-0.11632032904844464,4.4,0.83,-1.0,0.0,0.0,0.0,4.4,2.83,-1.0,0.0,0.0,0.0,4.4,4.83,-1.0,0.0,0.0,0.0,4.4,6.83,-1.0,0.0,0.0,0.0,4.4,0.83,1.0,0.0,0.0,0.0,4.4,2.83,1.0,0.0,0.0,0.0,4.4,4.83,1.0,0.0,0.0,0.0,4.4,6.83,1.0,0.0,0.0,0.0,2.56,0.2,-1.0,0.0,0.0,0.0,2.56,2.2,-1.0,0.0,0.0,0.0,2.56,0.2,1.0,0.0,0.0,0.0,2.56,2.2,1.0,0.0,0.0,0.0,6.79,-0.44,-1.0,0.0,0.0,0.0,6.79,1.56,-1.0,0.0,0.0,0.0,6.79,3.56,-1.0,0.0,0.0,0.0,6.79,-0.44,1.0,0.0,0.0,0.0,6.79,1.56,1.0,0.0,0.0,0.0,6.79,3.56,1.0,0.0,0.0,0.0,-4.04,-2.7433999999999936,0.18800000000001477,0.0,1.6099999999998893,-0.20000000000000573,9.84,1.7937999999999477,0.09239999999999828,0.0,-1.7700000000000493,0.03999999999999837,-0.95,2.3800000000001167,-0.24700000000000583,0.0,-0.9999999999998899,0.04999999999999449,-0.95,4.380000000000095,-0.24700000000000583,0.0,-0.9999999999998899,0.04999999999999449,0,0,0,0,0,0,0,0,0,0,0,0,0,0,0,0,0,0,0,0,0,0,0,0,0,0,0,0,0,0,0,0,0,0,0,0,0,0,0,0,0,0,0,0,0,0,0,0,0,0,0,0,0,0,0,0,0,0,0,0,0,0,0,0,0,0,0,0,0,0,0,0,0,0,0,0,0,0,0,0,0,0,0,0,0,0,0,0,0,0,0,0,0,0,0,0,0,0,0,0,0,0,0,0,0,0,0,0,0,0,0,0,0,0,0,0,0,0,0,0,0,0,0,0,0,0,0,0,0,0,0,0,0,0,0,0,0,0,0,0,0,0,0,0,0,0,0,0,0,0,0,0,0,0,0,0,0,0,0,0,0,0,0,0,0,0,0,0
4.4015869,-9.418447000000118,-0.22535719023728518,0.5815530000000046,1.0619999999992302,-0.41440372180939766,1.0620000000000076,1.12,-0.4724037218093872,1.12,3.1281046867370605,-0.6483245491981506,1.2375568151474,4.997452004434509,0.05766759437450181,-0.14882174549631227,4.4,0.83,-1.0,0.0,0.0,0.0,4.4,2.83,-1.0,0.0,0.0,0.0,4.4,4.83,-1.0,0.0,0.0,0.0,4.4,6.83,-1.0,0.0,0.0,0.0,4.4,0.83,1.0,0.0,0.0,0.0,4.4,2.83,1.0,0.0,0.0,0.0,4.4,4.83,1.0,0.0,0.0,0.0,4.4,6.83,1.0,0.0,0.0,0.0,2.56,0.2,-1.0,0.0,0.0,0.0,2.56,2.2,-1.0,0.0,0.0,0.0,2.56,0.2,1.0,0.0,0.0,0.0,2.56,2.2,1.0,0.0,0.0,0.0,6.79,-0.44,-1.0,0.0,0.0,0.0,6.79,1.56,-1.0,0.0,0.0,0.0,6.79,3.56,-1.0,0.0,0.0,0.0,6.79,-0.44,1.0,0.0,0.0,0.0,6.79,1.56,1.0,0.0,0.0,0.0,6.79,3.56,1.0,0.0,0.0,0.0,-4.04,-2.6468000000000003,0.17600000000001442,0.0,1.6099999999998893,-0.20000000000000573,9.84,1.6875999999999447,0.09479999999999818,0.0,-1.7700000000000493,0.03999999999999837,-0.95,2.3200000000001233,-0.24400000000000616,0.0,-0.9999999999998899,0.04999999999999449,-0.95,4.3200000000001015,-0.24400000000000616,0.0,-0.9999999999998899,0.04999999999999449,0,0,0,0,0,0,0,0,0,0,0,0,0,0,0,0,0,0,0,0,0,0,0,0,0,0,0,0,0,0,0,0,0,0,0,0,0,0,0,0,0,0,0,0,0,0,0,0,0,0,0,0,0,0,0,0,0,0,0,0,0,0,0,0,0,0,0,0,0,0,0,0,0,0,0,0,0,0,0,0,0,0,0,0,0,0,0,0,0,0,0,0,0,0,0,0,0,0,0,0,0,0,0,0,0,0,0,0,0,0,0,0,0,0,0,0,0,0,0,0,0,0,0,0,0,0,0,0,0,0,0,0,0,0,0,0,0,0,0,0,0,0,0,0,0,0,0,0,0,0,0,0,0,0,0,0,0,0,0,0,0,0,0,0,0,0,0,0
4.501981033,-9.329079000000103,-0.2629174879820372,0.6709210000000054,1.120000000000232,-0.47240372180940005,1.1200000000000099,1.201,-0.5534037218093872,1.201,3.3180904388427734,-0.6966700553894043,1.2586628198623657,4.99655317869749,0.06771190469083507,-0.1728335338154952,4.4,0.83,-1.0,0.0,0.0,0.0,4.4,2.83,-1.0,0.0,0.0,0.0,4.4,4.83,-1.0,0.0,0.0,0.0,4.4,6.83,-1.0,0.0,0.0,0.0,4.4,0.83,1.0,0.0,0.0,0.0,4.4,2.83,1.0,0.0,0.0,0.0,4.4,4.83,1.0,0.0,0.0,0.0,4.4,6.83,1.0,0.0,0.0,0.0,2.56,0.2,-1.0,0.0,0.0,0.0,2.56,2.2,-1.0,0.0,0.0,0.0,2.56,0.2,1.0,0.0,0.0,0.0,2.56,2.2,1.0,0.0,0.0,0.0,6.79,-0.44,-1.0,0.0,0.0,0.0,6.79,1.56,-1.0,0.0,0.0,0.0,6.79,3.56,-1.0,0.0,0.0,0.0,6.79,-0.44,1.0,0.0,0.0,0.0,6.79,1.56,1.0,0.0,0.0,0.0,6.79,3.56,1.0,0.0,0.0,0.0,-4.04,-2.518000000000009,0.16000000000001396,0.0,1.6099999999998893,-0.20000000000000573,9.84,1.5459999999999408,0.09799999999999805,0.0,-1.7700000000000493,0.03999999999999837,-0.95,2.240000000000132,-0.2400000000000066,0.0,-0.9999999999998899,0.04999999999999449,-0.95,4.24000000000011,-0.2400000000000066,0.0,-0.9999999999998899,0.04999999999999449,0,0,0,0,0,0,0,0,0,0,0,0,0,0,0,0,0,0,0,0,0,0,0,0,0,0,0,0,0,0,0,0,0,0,0,0,0,0,0,0,0,0,0,0,0,0,0,0,0,0,0,0,0,0,0,0,0,0,0,0,0,0,0,0,0,0,0,0,0,0,0,0,0,0,0,0,0,0,0,0,0,0,0,0,0,0,0,0,0,0,0,0,0,0,0,0,0,0,0,0,0,0,0,0,0,0,0,0,0,0,0,0,0,0,0,0,0,0,0,0,0,0,0,0,0,0,0,0,0,0,0,0,0,0,0,0,0,0,0,0,0,0,0,0,0,0,0,0,0,0,0,0,0,0,0,0,0,0,0,0,0,0,0,0,0,0,0,0
4.601182868,-9.257424000000102,-0.29571671129060106,0.7425760000000059,1.2010000000000076,-0.5534037218093978,1.2010000000000076,1.258,-0.6104037218093873,1.2466670274734497,3.5610363483428955,-0.73809814453125,1.2466670274734497,4.995728165008996,0.07641766827690727,-0.19199073235694752,4.4,0.83,-1.0,0.0,0.0,0.0,4.4,2.83,-1.0,0.0,0.0,0.0,4.4,4.83,-1.0,0.0,0.0,0.0,4.4,6.83,-1.0,0.0,0.0,0.0,4.4,0.83,1.0,0.0,0.0,0.0,4.4,2.83,1.0,0.0,0.0,0.0,4.4,4.83,1.0,0.0,0.0,0.0,4.4,6.83,1.0,0.0,0.0,0.0,2.56,0.2,-1.0,0.0,0.0,0.0,2.56,2.2,-1.0,0.0,0.0,0.0,2.56,0.2,1.0,0.0,0.0,0.0,2.56,2.2,1.0,0.0,0.0,0.0,6.79,-0.44,-1.0,0.0,0.0,0.0,6.79,1.56,-1.0,0.0,0.0,0.0,6.79,3.56,-1.0,0.0,0.0,0.0,6.79,-0.44,1.0,0.0,0.0,0.0,6.79,1.56,1.0,0.0,0.0,0.0,6.79,3.56,1.0,0.0,0.0,0.0,-4.04,-2.4214000000000158,0.14800000000001362,0.0,1.6099999999998893,-0.20000000000000573,9.84,1.4397999999999378,0.10039999999999795,0.0,-1.7700000000000493,0.03999999999999837,-0.95,2.1800000000001387,-0.23700000000000693,0.0,-0.9999999999998899,0.04999999999999449,-0.95,4.180000000000117,-0.23700000000000693,0.0,-0.9999999999998899,0.04999999999999449,0,0,0,0,0,0,0,0,0,0,0,0,0,0,0,0,0,0,0,0,0,0,0,0,0,0,0,0,0,0,0,0,0,0,0,0,0,0,0,0,0,0,0,0,0,0,0,0,0,0,0,0,0,0,0,0,0,0,0,0,0,0,0,0,0,0,0,0,0,0,0,0,0,0,0,0,0,0,0,0,0,0,0,0,0,0,0,0,0,0,0,0,0,0,0,0,0,0,0,0,0,0,0,0,0,0,0,0,0,0,0,0,0,0,0,0,0,0,0,0,0,0,0,0,0,0,0,0,0,0,0,0,0,0,0,0,0,0,0,0,0,0,0,0,0,0,0,0,0,0,0,0,0,0,0,0,0,0,0,0,0,0,0,0,0,0,0,0
4.701656291,-9.182001000000103,-0.3322839345991634,0.8173303546209393,1.2579999999999814,-0.6104037218093715,1.2466670274734468,1.328,-0.6804037218093872,1.2123425006866455,3.730342388153076,-0.7554834485054016,1.2123425006866455,4.995728165008996,0.07641766827690727,-0.19199073235694752,4.4,0.83,-1.0,0.0,0.0,0.0,4.4,2.83,-1.0,0.0,0.0,0.0,4.4,4.83,-1.0,0.0,0.0,0.0,4.4,6.83,-1.0,0.0,0.0,0.0,4.4,0.83,1.0,0.0,0.0,0.0,4.4,2.83,1.0,0.0,0.0,0.0,4.4,4.83,1.0,0.0,0.0,0.0,4.4,6.83,1.0,0.0,0.0,0.0,2.56,0.2,-1.0,0.0,0.0,0.0,2.56,2.2,-1.0,0.0,0.0,0.0,2.56,0.2,1.0,0.0,0.0,0.0,2.56,2.2,1.0,0.0,0.0,0.0,6.79,-0.44,-1.0,0.0,0.0,0.0,6.79,1.56,-1.0,0.0,0.0,0.0,6.79,3.56,-1.0,0.0,0.0,0.0,6.79,-0.44,1.0,0.0,0.0,0.0,6.79,1.56,1.0,0.0,0.0,0.0,6.79,3.56,1.0,0.0,0.0,0.0,-4.04,-2.3248000000000224,0.13600000000001328,0.0,1.6099999999998893,-0.20000000000000573,9.84,1.2981999999999339,0.10359999999999782,0.0,-1.7700000000000493,0.03999999999999837,-0.95,2.1000000000001475,-0.23300000000000737,0.0,-0.9999999999998899,0.04999999999999449,-0.95,4.120000000000124,-0.23400000000000726,0.0,-0.9999999999998899,0.04999999999999449,0,0,0,0,0,0,0,0,0,0,0,0,0,0,0,0,0,0,0,0,0,0,0,0,0,0,0,0,0,0,0,0,0,0,0,0,0,0,0,0,0,0,0,0,0,0,0,0,0,0,0,0,0,0,0,0,0,0,0,0,0,0,0,0,0,0,0,0,0,0,0,0,0,0,0,0,0,0,0,0,0,0,0,0,0,0,0,0,0,0,0,0,0,0,0,0,0,0,0,0,0,0,0,0,0,0,0,0,0,0,0,0,0,0,0,0,0,0,0,0,0,0,0,0,0,0,0,0,0,0,0,0,0,0,0,0,0,0,0,0,0,0,0,0,0,0,0,0,0,0,0,0,0,0,0,0,0,0,0,0,0,0,0,0,0,0,0,0
4.801278569,-9.049696000000035,-0.39972693337798326,0.938595823537836,1.3695000000000235,-0.7116663815975309,1.170842500686664,1.411,-0.7429290413856506,1.1293425006866455,3.746891498565674,-0.7429290413856506,1.0692732334136963,4.994615379352286,0.08754721289108479,-0.2148317896695498,4.4,0.83,-1.0,0.0,0.0,0.0,4.4,2.83,-1.0,0.0,0.0,0.0,4.4,4.83,-1.0,0.0,0.0,0.0,4.4,6.83,-1.0,0.0,0.0,0.0,4.4,0.83,1.0,0.0,0.0,0.0,4.4,2.83,1.0,0.0,0.0,0.0,4.4,4.83,1.0,0.0,0.0,0.0,4.4,6.83,1.0,0.0,0.0,0.0,2.56,0.2,-1.0,0.0,0.0,0.0,2.56,2.2,-1.0,0.0,0.0,0.0,2.56,0.2,1.0,0.0,0.0,0.0,2.56,2.2,1.0,0.0,0.0,0.0,6.79,-0.44,-1.0,0.0,0.0,0.0,6.79,1.56,-1.0,0.0,0.0,0.0,6.79,3.56,-1.0,0.0,0.0,0.0,6.79,-0.44,1.0,0.0,0.0,0.0,6.79,1.56,1.0,0.0,0.0,0.0,6.79,3.56,1.0,0.0,0.0,0.0,-4.04,-2.1638000000000335,0.1160000000000127,0.0,1.6099999999998893,-0.20000000000000573,9.84,1.15659999999993,0.10679999999999769,0.0,-1.7700000000000493,0.03999999999999837,-0.95,2.0200000000001563,-0.2290000000000078,0.0,-0.9999999999998899,0.04999999999999449,-0.95,4.020000000000135,-0.2290000000000078,0.0,-0.9999999999998899,0.04999999999999449,0,0,0,0,0,0,0,0,0,0,0,0,0,0,0,0,0,0,0,0,0,0,0,0,0,0,0,0,0,0,0,0,0,0,0,0,0,0,0,0,0,0,0,0,0,0,0,0,0,0,0,0,0,0,0,0,0,0,0,0,0,0,0,0,0,0,0,0,0,0,0,0,0,0,0,0,0,0,0,0,0,0,0,0,0,0,0,0,0,0,0,0,0,0,0,0,0,0,0,0,0,0,0,0,0,0,0,0,0,0,0,0,0,0,0,0,0,0,0,0,0,0,0,0,0,0,0,0,0,0,0,0,0,0,0,0,0,0,0,0,0,0,0,0,0,0,0,0,0,0,0,0,0,0,0,0,0,0,0,0,0,0,0,0,0,0,0,0
4.900583266,-8.936816000000102,-0.45916125668883734,1.028943223592767,1.410999999999163,-0.7429290413856758,1.1293425006866364,1.497,-0.6657206416130066,1.0433425006866455,3.6166934967041016,-0.6657206416130066,0.8561633229255676,4.991261130116519,0.12020408762006748,-0.26993204386918485,4.4,0.83,-1.0,0.0,0.0,0.0,4.4,2.83,-1.0,0.0,0.0,0.0,4.4,4.83,-1.0,0.0,0.0,0.0,4.4,6.83,-1.0,0.0,0.0,0.0,4.4,0.83,1.0,0.0,0.0,0.0,4.4,2.83,1.0,0.0,0.0,0.0,4.4,4.83,1.0,0.0,0.0,0.0,4.4,6.83,1.0,0.0,0.0,0.0,2.56,0.2,-1.0,0.0,0.0,0.0,2.56,2.2,-1.0,0.0,0.0,0.0,2.56,0.2,1.0,0.0,0.0,0.0,2.56,2.2,1.0,0.0,0.0,0.0,6.79,-0.44,-1.0,0.0,0.0,0.0,6.79,1.56,-1.0,0.0,0.0,0.0,6.79,3.56,-1.0,0.0,0.0,0.0,6.79,-0.44,1.0,0.0,0.0,0.0,6.79,1.56,1.0,0.0,0.0,0.0,6.79,3.56,1.0,0.0,0.0,0.0,-4.04,-2.0350000000000423,0.10000000000001225,0.0,1.6099999999998893,-0.20000000000000573,9.84,1.014999999999926,0.10999999999999756,0.0,-1.7700000000000493,0.03999999999999837,-0.95,1.9400000000001518,-0.22500000000000825,0.0,-1.000000000000112,0.04999999999999449,-0.95,3.9400000000001434,-0.22500000000000825,0.0,-0.9999999999998899,0.04999999999999449,0,0,0,0,0,0,0,0,0,0,0,0,0,0,0,0,0,0,0,0,0,0,0,0,0,0,0,0,0,0,0,0,0,0,0,0,0,0,0,0,0,0,0,0,0,0,0,0,0,0,0,0,0,0,0,0,0,0,0,0,0,0,0,0,0,0,0,0,0,0,0,0,0,0,0,0,0,0,0,0,0,0,0,0,0,0,0,0,0,0,0,0,0,0,0,0,0,0,0,0,0,0,0,0,0,0,0,0,0,0,0,0,0,0,0,0,0,0,0,0,0,0,0,0,0,0,0,0,0,0,0,0,0,0,0,0,0,0,0,0,0,0,0,0,0,0,0,0,0,0,0,0,0,0,0,0,0,0,0,0,0,0,0,0,0,0,0,0
5.001498574,-8.817228000000062,-0.5125733248174233,1.1125826236476954,1.4970000000005257,-0.6657206416129657,1.043342500686606,1.58,-0.5827206416130066,0.9603425006866455,3.5087320804595947,-0.5652015209197998,0.7771630883216858,4.989507059961218,0.13535019672753856,-0.29410818221018664,4.4,0.83,-1.0,0.0,0.0,0.0,4.4,2.83,-1.0,0.0,0.0,0.0,4.4,4.83,-1.0,0.0,0.0,0.0,4.4,6.83,-1.0,0.0,0.0,0.0,4.4,0.83,1.0,0.0,0.0,0.0,4.4,2.83,1.0,0.0,0.0,0.0,4.4,4.83,1.0,0.0,0.0,0.0,4.4,6.83,1.0,0.0,0.0,0.0,2.56,0.2,-1.0,0.0,0.0,0.0,2.56,2.2,-1.0,0.0,0.0,0.0,2.56,0.2,1.0,0.0,0.0,0.0,2.56,2.2,1.0,0.0,0.0,0.0,6.79,-0.44,-1.0,0.0,0.0,0.0,6.79,1.56,-1.0,0.0,0.0,0.0,6.79,3.56,-1.0,0.0,0.0,0.0,6.79,-0.44,1.0,0.0,0.0,0.0,6.79,1.56,1.0,0.0,0.0,0.0,6.79,3.56,1.0,0.0,0.0,0.0,-4.04,-1.9062000000000512,0.08400000000001179,0.0,1.6099999999998893,-0.20000000000000573,9.84,0.873399999999922,0.11319999999999743,0.0,-1.7700000000000493,0.03999999999999837,-0.95,1.8600000000001522,-0.2210000000000087,0.0,-0.9999999999998899,0.04999999999999449,-0.95,3.860000000000152,-0.2210000000000087,0.0,-0.9999999999998899,0.04999999999999449,0,0,0,0,0,0,0,0,0,0,0,0,0,0,0,0,0,0,0,0,0,0,0,0,0,0,0,0,0,0,0,0,0,0,0,0,0,0,0,0,0,0,0,0,0,0,0,0,0,0,0,0,0,0,0,0,0,0,0,0,0,0,0,0,0,0,0,0,0,0,0,0,0,0,0,0,0,0,0,0,0,0,0,0,0,0,0,0,0,0,0,0,0,0,0,0,0,0,0,0,0,0,0,0,0,0,0,0,0,0,0,0,0,0,0,0,0,0,0,0,0,0,0,0,0,0,0,0,0,0,0,0,0,0,0,0,0,0,0,0,0,0,0,0,0,0,0,0,0,0,0,0,0,0,0,0,0,0,0,0,0,0,0,0,0,0,0,0
5.100899023,-8.659284000000008,-0.5709013889787253,1.2086728737163508,1.6076000000001756,-0.5551206416130272,0.9327425006865564,1.6720000000000002,-0.49072064161300666,0.8683425006866455,3.4299654960632324,-0.48860254883766174,0.7326977252960205,4.989507059961218,0.13535019672753856,-0.29410818221018664,4.4,0.83,-1.0,0.0,0.0,0.0,4.4,2.83,-1.0,0.0,0.0,0.0,4.4,4.83,-1.0,0.0,0.0,0.0,4.4,6.83,-1.0,0.0,0.0,0.0,4.4,0.83,1.0,0.0,0.0,0.0,4.4,2.83,1.0,0.0,0.0,0.0,4.4,4.83,1.0,0.0,0.0,0.0,4.4,6.83,1.0,0.0,0.0,0.0,2.56,0.2,-1.0,0.0,0.0,0.0,2.56,2.2,-1.0,0.0,0.0,0.0,2.56,0.2,1.0,0.0,0.0,0.0,2.56,2.2,1.0,0.0,0.0,0.0,6.79,-0.44,-1.0,0.0,0.0,0.0,6.79,1.56,-1.0,0.0,0.0,0.0,6.79,3.56,-1.0,0.0,0.0,0.0,6.79,-0.44,1.0,0.0,0.0,0.0,6.79,1.56,1.0,0.0,0.0,0.0,6.79,3.56,1.0,0.0,0.0,0.0,-4.04,-1.7452000000000623,0.06400000000001121,0.0,1.6099999999998893,-0.20000000000000573,9.84,0.6963999999999171,0.11719999999999726,0.0,-1.7700000000000493,0.03999999999999837,-0.95,1.7600000000001632,-0.21600000000000924,0.0,-0.9999999999998899,0.04999999999999449,-0.95,3.760000000000163,-0.21600000000000924,0.0,-0.9999999999998899,0.04999999999999449,0,0,0,0,0,0,0,0,0,0,0,0,0,0,0,0,0,0,0,0,0,0,0,0,0,0,0,0,0,0,0,0,0,0,0,0,0,0,0,0,0,0,0,0,0,0,0,0,0,0,0,0,0,0,0,0,0,0,0,0,0,0,0,0,0,0,0,0,0,0,0,0,0,0,0,0,0,0,0,0,0,0,0,0,0,0,0,0,0,0,0,0,0,0,0,0,0,0,0,0,0,0,0,0,0,0,0,0,0,0,0,0,0,0,0,0,0,0,0,0,0,0,0,0,0,0,0,0,0,0,0,0,0,0,0,0,0,0,0,0,0,0,0,0,0,0,0,0,0,0,0,0,0,0,0,0,0,0,0,0,0,0,0,0,0,0,0,0
5.200761708,-8.52552400000007,-0.6101590403077686,1.2781402737712764,1.6719999999992297,-0.4907206416130405,0.8683425006865697,1.7590000000000001,-0.4497925639152527,0.7813425006866456,3.394904136657715,-0.4497925639152527,0.7375034093856812,4.985520328143549,0.1637632149765913,-0.343174397483222,4.4,0.83,-1.0,0.0,0.0,0.0,4.4,2.83,-1.0,0.0,0.0,0.0,4.4,4.83,-1.0,0.0,0.0,0.0,4.4,6.83,-1.0,0.0,0.0,0.0,4.4,0.83,1.0,0.0,0.0,0.0,4.4,2.83,1.0,0.0,0.0,0.0,4.4,4.83,1.0,0.0,0.0,0.0,4.4,6.83,1.0,0.0,0.0,0.0,2.56,0.2,-1.0,0.0,0.0,0.0,2.56,2.2,-1.0,0.0,0.0,0.0,2.56,0.2,1.0,0.0,0.0,0.0,2.56,2.2,1.0,0.0,0.0,0.0,6.79,-0.44,-1.0,0.0,0.0,0.0,6.79,1.56,-1.0,0.0,0.0,0.0,6.79,3.56,-1.0,0.0,0.0,0.0,6.79,-0.44,1.0,0.0,0.0,0.0,6.79,1.56,1.0,0.0,0.0,0.0,6.79,3.56,1.0,0.0,0.0,0.0,-4.04,-1.6164000000000711,0.04800000000001126,0.0,1.6099999999998893,-0.19999999999999882,9.84,0.5547999999999131,0.12039999999999713,0.0,-1.7700000000000493,0.03999999999999837,-0.95,1.680000000000172,-0.21200000000000968,0.0,-0.9999999999998899,0.04999999999999449,-0.95,3.680000000000172,-0.21200000000000968,0.0,-0.9999999999998899,0.04999999999999449,0,0,0,0,0,0,0,0,0,0,0,0,0,0,0,0,0,0,0,0,0,0,0,0,0,0,0,0,0,0,0,0,0,0,0,0,0,0,0,0,0,0,0,0,0,0,0,0,0,0,0,0,0,0,0,0,0,0,0,0,0,0,0,0,0,0,0,0,0,0,0,0,0,0,0,0,0,0,0,0,0,0,0,0,0,0,0,0,0,0,0,0,0,0,0,0,0,0,0,0,0,0,0,0,0,0,0,0,0,0,0,0,0,0,0,0,0,0,0,0,0,0,0,0,0,0,0,0,0,0,0,0,0,0,0,0,0,0,0,0,0,0,0,0,0,0,0,0,0,0,0,0,0,0,0,0,0,0,0,0,0,0,0,0,0,0,0,0
5.300498855,-8.349425000000085,-0.6552876953003542,1.3562663364777443,1.8050000000000566,-0.45245400071147746,0.7544237644672158,1.8510000000000002,-0.4551154375076294,0.7275050282478333,3.3773250579833984,-0.4551154375076294,0.7275050282478333,4.985520328143549,0.1637632149765913,-0.343174397483222,4.4,0.83,-1.0,0.0,0.0,0.0,4.4,2.83,-1.0,0.0,0.0,0.0,4.4,4.83,-1.0,0.0,0.0,0.0,4.4,6.83,-1.0,0.0,0.0,0.0,4.4,0.83,1.0,0.0,0.0,0.0,4.4,2.83,1.0,0.0,0.0,0.0,4.4,4.83,1.0,0.0,0.0,0.0,4.4,6.83,1.0,0.0,0.0,0.0,2.56,0.2,-1.0,0.0,0.0,0.0,2.56,2.2,-1.0,0.0,0.0,0.0,2.56,0.2,1.0,0.0,0.0,0.0,2.56,2.2,1.0,0.0,0.0,0.0,6.79,-0.44,-1.0,0.0,0.0,0.0,6.79,1.56,-1.0,0.0,0.0,0.0,6.79,3.56,-1.0,0.0,0.0,0.0,6.79,-0.44,1.0,0.0,0.0,0.0,6.79,1.56,1.0,0.0,0.0,0.0,6.79,3.56,1.0,0.0,0.0,0.0,-4.04,-1.4554000000000822,0.028000000000011384,0.0,1.6099999999998893,-0.19999999999999882,9.84,0.3777999999999121,0.12439999999999697,0.0,-1.7699999999999938,0.03999999999999837,-0.95,1.580000000000183,-0.20700000000001023,0.0,-0.9999999999998899,0.04999999999999449,-0.95,3.580000000000183,-0.20700000000001023,0.0,-0.9999999999998899,0.04999999999999449,0,0,0,0,0,0,0,0,0,0,0,0,0,0,0,0,0,0,0,0,0,0,0,0,0,0,0,0,0,0,0,0,0,0,0,0,0,0,0,0,0,0,0,0,0,0,0,0,0,0,0,0,0,0,0,0,0,0,0,0,0,0,0,0,0,0,0,0,0,0,0,0,0,0,0,0,0,0,0,0,0,0,0,0,0,0,0,0,0,0,0,0,0,0,0,0,0,0,0,0,0,0,0,0,0,0,0,0,0,0,0,0,0,0,0,0,0,0,0,0,0,0,0,0,0,0,0,0,0,0,0,0,0,0,0,0,0,0,0,0,0,0,0,0,0,0,0,0,0,0,0,0,0,0,0,0,0,0,0,0,0,0,0,0,0,0,0,0
5.401639692,-8.20072900000007,-0.692093726527467,1.4144583573708396,1.9125999999996424,-0.4947950601577489,0.7266668915748564,1.9280000000000002,-0.5047149658203125,0.7264573574066162,3.4221761226654053,-0.5047149658203125,0.7264573574066162,4.9835117444485535,0.17629358551464389,-0.3654192997772874,4.4,0.83,-1.0,0.0,0.0,0.0,4.4,2.83,-1.0,0.0,0.0,0.0,4.4,4.83,-1.0,0.0,0.0,0.0,4.4,6.83,-1.0,0.0,0.0,0.0,4.4,0.83,1.0,0.0,0.0,0.0,4.4,2.83,1.0,0.0,0.0,0.0,4.4,4.83,1.0,0.0,0.0,0.0,4.4,6.83,1.0,0.0,0.0,0.0,2.56,0.2,-1.0,0.0,0.0,0.0,2.56,2.2,-1.0,0.0,0.0,0.0,2.56,0.2,1.0,0.0,0.0,0.0,2.56,2.2,1.0,0.0,0.0,0.0,6.79,-0.44,-1.0,0.0,0.0,0.0,6.79,1.56,-1.0,0.0,0.0,0.0,6.79,3.56,-1.0,0.0,0.0,0.0,6.79,-0.44,1.0,0.0,0.0,0.0,6.79,1.56,1.0,0.0,0.0,0.0,6.79,3.56,1.0,0.0,0.0,0.0,-4.04,-1.3588000000000888,0.016000000000011456,0.0,1.6099999999998893,-0.19999999999999882,9.84,0.27159999999991247,0.1267999999999975,0.0,-1.7699999999999938,0.04000000000001225,-0.95,1.5200000000001896,-0.20400000000001056,0.0,-0.9999999999998899,0.04999999999999449,-0.95,3.5200000000001896,-0.20400000000001056,0.0,-0.9999999999998899,0.04999999999999449,0,0,0,0,0,0,0,0,0,0,0,0,0,0,0,0,0,0,0,0,0,0,0,0,0,0,0,0,0,0,0,0,0,0,0,0,0,0,0,0,0,0,0,0,0,0,0,0,0,0,0,0,0,0,0,0,0,0,0,0,0,0,0,0,0,0,0,0,0,0,0,0,0,0,0,0,0,0,0,0,0,0,0,0,0,0,0,0,0,0,0,0,0,0,0,0,0,0,0,0,0,0,0,0,0,0,0,0,0,0,0,0,0,0,0,0,0,0,0,0,0,0,0,0,0,0,0,0,0,0,0,0,0,0,0,0,0,0,0,0,0,0,0,0,0,0,0,0,0,0,0,0,0,0,0,0,0,0,0,0,0,0,0,0,0,0,0,0
5.501349282,-8.085049000000101,-0.7223766244766835,1.4580457988152367,1.9279999999994857,-0.5047149658202743,0.726457357406618,2.007,-0.5802749395370483,0.7351309061050415,3.5489864349365234,-0.5802749395370483,0.7351309061050415,4.981678255543304,0.18763853903769886,-0.3842831468003938,4.4,0.83,-1.0,0.0,0.0,0.0,4.4,2.83,-1.0,0.0,0.0,0.0,4.4,4.83,-1.0,0.0,0.0,0.0,4.4,6.83,-1.0,0.0,0.0,0.0,4.4,0.83,1.0,0.0,0.0,0.0,4.4,2.83,1.0,0.0,0.0,0.0,4.4,4.83,1.0,0.0,0.0,0.0,4.4,6.83,1.0,0.0,0.0,0.0,2.56,0.2,-1.0,0.0,0.0,0.0,2.56,2.2,-1.0,0.0,0.0,0.0,2.56,0.2,1.0,0.0,0.0,0.0,2.56,2.2,1.0,0.0,0.0,0.0,6.79,-0.44,-1.0,0.0,0.0,0.0,6.79,1.56,-1.0,0.0,0.0,0.0,6.79,3.56,-1.0,0.0,0.0,0.0,6.79,-0.44,1.0,0.0,0.0,0.0,6.79,1.56,1.0,0.0,0.0,0.0,6.79,3.56,1.0,0.0,0.0,0.0,-4.04,-1.2300000000000977,1.1442723938520638e-14,0.0,1.6099999999998893,-0.20000000000000004,9.84,0.12999999999991296,0.12999999999999848,0.0,-1.7699999999999938,0.04000000000001225,-0.95,1.4400000000001985,-0.200000000000011,0.0,-0.9999999999998899,0.04999999999999449,-0.95,3.4400000000001985,-0.200000000000011,0.0,-0.9999999999998899,0.04999999999999449,0,0,0,0,0,0,0,0,0,0,0,0,0,0,0,0,0,0,0,0,0,0,0,0,0,0,0,0,0,0,0,0,0,0,0,0,0,0,0,0,0,0,0,0,0,0,0,0,0,0,0,0,0,0,0,0,0,0,0,0,0,0,0,0,0,0,0,0,0,0,0,0,0,0,0,0,0,0,0,0,0,0,0,0,0,0,0,0,0,0,0,0,0,0,0,0,0,0,0,0,0,0,0,0,0,0,0,0,0,0,0,0,0,0,0,0,0,0,0,0,0,0,0,0,0,0,0,0,0,0,0,0,0,0,0,0,0,0,0,0,0,0,0,0,0,0,0,0,0,0,0,0,0,0,0,0,0,0,0,0,0,0,0,0,0,0,0,0
5.602520103,-7.9654980000000855,-0.756361961138022,1.5020582441458543,2.00699999999987,-0.580274939537051,0.7351309061049971,2.06,-0.6332749395370484,0.7146686315536499,3.7163076400756836,-0.6609097719192505,0.7146686315536499,4.979672611770511,0.20026520307996787,-0.4034284670396918,4.4,0.83,-1.0,0.0,0.0,0.0,4.4,2.83,-1.0,0.0,0.0,0.0,4.4,4.83,-1.0,0.0,0.0,0.0,4.4,6.83,-1.0,0.0,0.0,0.0,4.4,0.83,1.0,0.0,0.0,0.0,4.4,2.83,1.0,0.0,0.0,0.0,4.4,4.83,1.0,0.0,0.0,0.0,4.4,6.83,1.0,0.0,0.0,0.0,2.56,0.2,-1.0,0.0,0.0,0.0,2.56,2.2,-1.0,0.0,0.0,0.0,2.56,0.2,1.0,0.0,0.0,0.0,2.56,2.2,1.0,0.0,0.0,0.0,6.79,-0.44,-1.0,0.0,0.0,0.0,6.79,1.56,-1.0,0.0,0.0,0.0,6.79,3.56,-1.0,0.0,0.0,0.0,6.79,-0.44,1.0,0.0,0.0,0.0,6.79,1.56,1.0,0.0,0.0,0.0,6.79,3.56,1.0,0.0,0.0,0.0,-4.04,-1.1334000000001043,-0.011999999999988563,0.0,1.6099999999998893,-0.20000000000000057,9.84,0.023799999999913182,0.1323999999999992,0.0,-1.770000000000001,0.04000000000001225,-0.95,1.380000000000205,-0.19700000000001133,0.0,-0.9999999999998899,0.04999999999999449,-0.95,3.380000000000205,-0.19700000000001133,0.0,-0.9999999999998899,0.04999999999999449,0,0,0,0,0,0,0,0,0,0,0,0,0,0,0,0,0,0,0,0,0,0,0,0,0,0,0,0,0,0,0,0,0,0,0,0,0,0,0,0,0,0,0,0,0,0,0,0,0,0,0,0,0,0,0,0,0,0,0,0,0,0,0,0,0,0,0,0,0,0,0,0,0,0,0,0,0,0,0,0,0,0,0,0,0,0,0,0,0,0,0,0,0,0,0,0,0,0,0,0,0,0,0,0,0,0,0,0,0,0,0,0,0,0,0,0,0,0,0,0,0,0,0,0,0,0,0,0,0,0,0,0,0,0,0,0,0,0,0,0,0,0,0,0,0,0,0,0,0,0,0,0,0,0,0,0,0,0,0,0,0,0,0,0,0,0,0,0
5.701081034,-7.8010160000000734,-0.8067059563009839,1.5593545083174478,2.060000000000173,-0.6332749395370207,0.7146686315535611,2.138,-0.7112749395370483,0.6739610433578491,3.846008777618408,-0.7224334478378296,0.6739610433578491,4.975954848786546,0.2248589999418339,-0.43509972762898563,4.4,0.83,-1.0,0.0,0.0,0.0,4.4,2.83,-1.0,0.0,0.0,0.0,4.4,4.83,-1.0,0.0,0.0,0.0,4.4,6.83,-1.0,0.0,0.0,0.0,4.4,0.83,1.0,0.0,0.0,0.0,4.4,2.83,1.0,0.0,0.0,0.0,4.4,4.83,1.0,0.0,0.0,0.0,4.4,6.83,1.0,0.0,0.0,0.0,2.56,0.2,-1.0,0.0,0.0,0.0,2.56,2.2,-1.0,0.0,0.0,0.0,2.56,0.2,1.0,0.0,0.0,0.0,2.56,2.2,1.0,0.0,0.0,0.0,6.79,-0.44,-1.0,0.0,0.0,0.0,6.79,1.56,-1.0,0.0,0.0,0.0,6.79,3.56,-1.0,0.0,0.0,0.0,6.79,-0.44,1.0,0.0,0.0,0.0,6.79,1.56,1.0,0.0,0.0,0.0,6.79,3.56,1.0,0.0,0.0,0.0,-4.04,-1.0046000000001132,-0.0279999999999885,0.0,1.6099999999998893,-0.19999999999999882,9.84,-0.11780000000008665,0.1356000000000002,0.0,-1.7699999999999938,0.04000000000001225,-0.95,1.3000000000002139,-0.19300000000001177,0.0,-0.9999999999998899,0.04999999999999449,-0.95,3.300000000000214,-0.19300000000001177,0.0,-0.9999999999998899,0.04999999999999449,0,0,0,0,0,0,0,0,0,0,0,0,0,0,0,0,0,0,0,0,0,0,0,0,0,0,0,0,0,0,0,0,0,0,0,0,0,0,0,0,0,0,0,0,0,0,0,0,0,0,0,0,0,0,0,0,0,0,0,0,0,0,0,0,0,0,0,0,0,0,0,0,0,0,0,0,0,0,0,0,0,0,0,0,0,0,0,0,0,0,0,0,0,0,0,0,0,0,0,0,0,0,0,0,0,0,0,0,0,0,0,0,0,0,0,0,0,0,0,0,0,0,0,0,0,0,0,0,0,0,0,0,0,0,0,0,0,0,0,0,0,0,0,0,0,0,0,0,0,0,0,0,0,0,0,0,0,0,0,0,0,0,0,0,0,0,0,0
5.804414601,-7.63005400000004,-0.8635299514639473,1.6133120993742778,2.1380000000004173,-0.7112749395370432,0.6739610433579291,2.226,-0.789924144744873,0.5859610433578492,4.024878025054932,-0.789924144744873,0.5805025100708008,4.975954848786546,0.2248589999418339,-0.43509972762898563,4.4,0.83,-1.0,0.0,0.0,0.0,4.4,2.83,-1.0,0.0,0.0,0.0,4.4,4.83,-1.0,0.0,0.0,0.0,4.4,6.83,-1.0,0.0,0.0,0.0,4.4,0.83,1.0,0.0,0.0,0.0,4.4,2.83,1.0,0.0,0.0,0.0,4.4,4.83,1.0,0.0,0.0,0.0,4.4,6.83,1.0,0.0,0.0,0.0,2.56,0.2,-1.0,0.0,0.0,0.0,2.56,2.2,-1.0,0.0,0.0,0.0,2.56,0.2,1.0,0.0,0.0,0.0,2.56,2.2,1.0,0.0,0.0,0.0,6.79,-0.44,-1.0,0.0,0.0,0.0,6.79,1.56,-1.0,0.0,0.0,0.0,6.79,3.56,-1.0,0.0,0.0,0.0,6.79,-0.44,1.0,0.0,0.0,0.0,6.79,1.56,1.0,0.0,0.0,0.0,6.79,3.56,1.0,0.0,0.0,0.0,-4.04,-0.8758000000001134,-0.0439999999999884,0.0,1.6099999999999999,-0.19999999999999882,9.84,-0.2594000000000862,0.13880000000000117,0.0,-1.7699999999999938,0.04000000000001225,-0.95,1.2200000000002227,-0.1890000000000122,0.0,-0.9999999999998899,0.04999999999999449,-0.95,3.200000000000225,-0.18800000000001232,0.0,-0.9999999999998899,0.04999999999999449,0,0,0,0,0,0,0,0,0,0,0,0,0,0,0,0,0,0,0,0,0,0,0,0,0,0,0,0,0,0,0,0,0,0,0,0,0,0,0,0,0,0,0,0,0,0,0,0,0,0,0,0,0,0,0,0,0,0,0,0,0,0,0,0,0,0,0,0,0,0,0,0,0,0,0,0,0,0,0,0,0,0,0,0,0,0,0,0,0,0,0,0,0,0,0,0,0,0,0,0,0,0,0,0,0,0,0,0,0,0,0,0,0,0,0,0,0,0,0,0,0,0,0,0,0,0,0,0,0,0,0,0,0,0,0,0,0,0,0,0,0,0,0,0,0,0,0,0,0,0,0,0,0,0,0,0,0,0,0,0,0,0,0,0,0,0,0,0
5.900537731,-7.408334000000011,-0.9417358738863569,1.6727882037100628,2.2260000000002833,-0.7899241447448802,0.585961043357841,2.318,-0.771419882774353,0.4939610433578492,4.1650004386901855,-0.771419882774353,0.4580845534801483,4.969981050235624,0.2680808789250768,-0.4768867817978938,4.4,0.83,-1.0,0.0,0.0,0.0,4.4,2.83,-1.0,0.0,0.0,0.0,4.4,4.83,-1.0,0.0,0.0,0.0,4.4,6.83,-1.0,0.0,0.0,0.0,4.4,0.83,1.0,0.0,0.0,0.0,4.4,2.83,1.0,0.0,0.0,0.0,4.4,4.83,1.0,0.0,0.0,0.0,4.4,6.83,1.0,0.0,0.0,0.0,2.56,0.2,-1.0,0.0,0.0,0.0,2.56,2.2,-1.0,0.0,0.0,0.0,2.56,0.2,1.0,0.0,0.0,0.0,2.56,2.2,1.0,0.0,0.0,0.0,6.79,-0.44,-1.0,0.0,0.0,0.0,6.79,1.56,-1.0,0.0,0.0,0.0,6.79,3.56,-1.0,0.0,0.0,0.0,6.79,-0.44,1.0,0.0,0.0,0.0,6.79,1.56,1.0,0.0,0.0,0.0,6.79,3.56,1.0,0.0,0.0,0.0,-4.04,-0.7148000000001133,-0.06399999999998833,0.0,1.6099999999999999,-0.20000000000000365,9.84,-0.43640000000008555,0.1428000000000024,0.0,-1.7699999999999938,0.04000000000001225,-0.95,1.1200000000002337,-0.18400000000001276,0.0,-0.9999999999998899,0.04999999999999449,-0.95,3.1200000000002337,-0.18400000000001276,0.0,-0.9999999999998899,0.04999999999999449,0,0,0,0,0,0,0,0,0,0,0,0,0,0,0,0,0,0,0,0,0,0,0,0,0,0,0,0,0,0,0,0,0,0,0,0,0,0,0,0,0,0,0,0,0,0,0,0,0,0,0,0,0,0,0,0,0,0,0,0,0,0,0,0,0,0,0,0,0,0,0,0,0,0,0,0,0,0,0,0,0,0,0,0,0,0,0,0,0,0,0,0,0,0,0,0,0,0,0,0,0,0,0,0,0,0,0,0,0,0,0,0,0,0,0,0,0,0,0,0,0,0,0,0,0,0,0,0,0,0,0,0,0,0,0,0,0,0,0,0,0,0,0,0,0,0,0,0,0,0,0,0,0,0,0,0,0,0,0,0,0,0,0,0,0,0,0,0
6.000641259,-7.223170000000024,-1.0035049772942206,1.7125810871786915,2.31799999999982,-0.7714198827743934,0.49396104335786006,2.4010000000000002,-0.6989796757698059,0.41096104335784917,4.24677038192749,-0.6989796757698059,0.3915983736515045,4.9671575411976026,0.2891491696205157,-0.49369901623515344,4.4,0.83,-1.0,0.0,0.0,0.0,4.4,2.83,-1.0,0.0,0.0,0.0,4.4,4.83,-1.0,0.0,0.0,0.0,4.4,6.83,-1.0,0.0,0.0,0.0,4.4,0.83,1.0,0.0,0.0,0.0,4.4,2.83,1.0,0.0,0.0,0.0,4.4,4.83,1.0,0.0,0.0,0.0,4.4,6.83,1.0,0.0,0.0,0.0,2.56,0.2,-1.0,0.0,0.0,0.0,2.56,2.2,-1.0,0.0,0.0,0.0,2.56,0.2,1.0,0.0,0.0,0.0,2.56,2.2,1.0,0.0,0.0,0.0,6.79,-0.44,-1.0,0.0,0.0,0.0,6.79,1.56,-1.0,0.0,0.0,0.0,6.79,3.56,-1.0,0.0,0.0,0.0,6.79,-0.44,1.0,0.0,0.0,0.0,6.79,1.56,1.0,0.0,0.0,0.0,6.79,3.56,1.0,0.0,0.0,0.0,-4.04,-0.5860000000001133,-0.07999999999998879,0.0,1.6099999999999999,-0.20000000000000573,9.84,-0.5780000000000876,0.14600000000000338,0.0,-1.7700000000000493,0.04000000000001225,-0.95,1.0400000000002425,-0.1800000000000132,0.0,-0.9999999999998899,0.04999999999999449,-0.95,3.0400000000002425,-0.1800000000000132,0.0,-0.9999999999998899,0.04999999999999449,0,0,0,0,0,0,0,0,0,0,0,0,0,0,0,0,0,0,0,0,0,0,0,0,0,0,0,0,0,0,0,0,0,0,0,0,0,0,0,0,0,0,0,0,0,0,0,0,0,0,0,0,0,0,0,0,0,0,0,0,0,0,0,0,0,0,0,0,0,0,0,0,0,0,0,0,0,0,0,0,0,0,0,0,0,0,0,0,0,0,0,0,0,0,0,0,0,0,0,0,0,0,0,0,0,0,0,0,0,0,0,0,0,0,0,0,0,0,0,0,0,0,0,0,0,0,0,0,0,0,0,0,0,0,0,0,0,0,0,0,0,0,0,0,0,0,0,0,0,0,0,0,0,0,0,0,0,0,0,0,0,0,0,0,0,0,0,0
6.100493064,-7.031505000000034,-1.0597855523908206,1.7458729706473162,2.4009999999998755,-0.6989796757697064,0.4109610433578048,2.4840000000000004,-0.658234715461731,0.32796104335784915,4.378503322601318,-0.658234715461731,0.3161717653274536,4.9671575411976026,0.2891491696205157,-0.49369901623515344,4.4,0.83,-1.0,0.0,0.0,0.0,4.4,2.83,-1.0,0.0,0.0,0.0,4.4,4.83,-1.0,0.0,0.0,0.0,4.4,6.83,-1.0,0.0,0.0,0.0,4.4,0.83,1.0,0.0,0.0,0.0,4.4,2.83,1.0,0.0,0.0,0.0,4.4,4.83,1.0,0.0,0.0,0.0,4.4,6.83,1.0,0.0,0.0,0.0,2.56,0.2,-1.0,0.0,0.0,0.0,2.56,2.2,-1.0,0.0,0.0,0.0,2.56,0.2,1.0,0.0,0.0,0.0,2.56,2.2,1.0,0.0,0.0,0.0,6.79,-0.44,-1.0,0.0,0.0,0.0,6.79,1.56,-1.0,0.0,0.0,0.0,6.79,3.56,-1.0,0.0,0.0,0.0,6.79,-0.44,1.0,0.0,0.0,0.0,6.79,1.56,1.0,0.0,0.0,0.0,6.79,3.56,1.0,0.0,0.0,0.0,-4.04,-0.4572000000001133,-0.09599999999998925,0.0,1.6099999999999999,-0.20000000000000573,9.84,-0.7196000000000915,0.14920000000000436,0.0,-1.7700000000000493,0.04000000000001225,-0.95,0.9600000000002469,-0.17600000000001365,0.0,-1.0000000000000007,0.04999999999999449,-0.95,2.9600000000002513,-0.17600000000001365,0.0,-0.9999999999998899,0.04999999999999449,0,0,0,0,0,0,0,0,0,0,0,0,0,0,0,0,0,0,0,0,0,0,0,0,0,0,0,0,0,0,0,0,0,0,0,0,0,0,0,0,0,0,0,0,0,0,0,0,0,0,0,0,0,0,0,0,0,0,0,0,0,0,0,0,0,0,0,0,0,0,0,0,0,0,0,0,0,0,0,0,0,0,0,0,0,0,0,0,0,0,0,0,0,0,0,0,0,0,0,0,0,0,0,0,0,0,0,0,0,0,0,0,0,0,0,0,0,0,0,0,0,0,0,0,0,0,0,0,0,0,0,0,0,0,0,0,0,0,0,0,0,0,0,0,0,0,0,0,0,0,0,0,0,0,0,0,0,0,0,0,0,0,0,0,0,0,0,0
6.200857281,-6.783589000000041,-1.1257844255054101,1.7791530749830917,2.50199999999996,-0.643178904056585,0.30996104335776486,2.5740000000000003,-0.5829556584358215,0.23796104335784915,4.559349060058594,-0.5829556584358215,0.17784005403518677,4.961421779663702,0.3306216168810928,-0.5243884731090099,4.4,0.83,-1.0,0.0,0.0,0.0,4.4,2.83,-1.0,0.0,0.0,0.0,4.4,4.83,-1.0,0.0,0.0,0.0,4.4,6.83,-1.0,0.0,0.0,0.0,4.4,0.83,1.0,0.0,0.0,0.0,4.4,2.83,1.0,0.0,0.0,0.0,4.4,4.83,1.0,0.0,0.0,0.0,4.4,6.83,1.0,0.0,0.0,0.0,2.56,0.2,-1.0,0.0,0.0,0.0,2.56,2.2,-1.0,0.0,0.0,0.0,2.56,0.2,1.0,0.0,0.0,0.0,2.56,2.2,1.0,0.0,0.0,0.0,6.79,-0.44,-1.0,0.0,0.0,0.0,6.79,1.56,-1.0,0.0,0.0,0.0,6.79,3.56,-1.0,0.0,0.0,0.0,6.79,-0.44,1.0,0.0,0.0,0.0,6.79,1.56,1.0,0.0,0.0,0.0,6.79,3.56,1.0,0.0,0.0,0.0,-4.04,-0.29620000000011326,-0.11599999999998982,0.0,1.6099999999999999,-0.20000000000000573,9.84,-0.8966000000000964,0.15320000000000558,0.0,-1.7700000000000493,0.04000000000001225,-0.95,0.8600000000002468,-0.1710000000000142,0.0,-1.0000000000000007,0.04999999999999449,-0.95,2.8600000000002623,-0.1710000000000142,0.0,-0.9999999999998899,0.04999999999999449,0,0,0,0,0,0,0,0,0,0,0,0,0,0,0,0,0,0,0,0,0,0,0,0,0,0,0,0,0,0,0,0,0,0,0,0,0,0,0,0,0,0,0,0,0,0,0,0,0,0,0,0,0,0,0,0,0,0,0,0,0,0,0,0,0,0,0,0,0,0,0,0,0,0,0,0,0,0,0,0,0,0,0,0,0,0,0,0,0,0,0,0,0,0,0,0,0,0,0,0,0,0,0,0,0,0,0,0,0,0,0,0,0,0,0,0,0,0,0,0,0,0,0,0,0,0,0,0,0,0,0,0,0,0,0,0,0,0,0,0,0,0,0,0,0,0,0,0,0,0,0,0,0,0,0,0,0,0,0,0,0,0,0,0,0,0,0,0
6.300533392,-6.577669000000035,-1.1724208781802743,1.7981899584517178,2.5740000000000762,-0.582955658435802,0.23796104335782609,2.66,-0.49695565843582157,0.15196104335784916,4.853641510009766,-0.45925238728523254,-0.093848317861557,4.958665681098143,0.3502337273577394,-0.5375602285517314,4.4,0.83,-1.0,0.0,0.0,0.0,4.4,2.83,-1.0,0.0,0.0,0.0,4.4,4.83,-1.0,0.0,0.0,0.0,4.4,6.83,-1.0,0.0,0.0,0.0,4.4,0.83,1.0,0.0,0.0,0.0,4.4,2.83,1.0,0.0,0.0,0.0,4.4,4.83,1.0,0.0,0.0,0.0,4.4,6.83,1.0,0.0,0.0,0.0,2.56,0.2,-1.0,0.0,0.0,0.0,2.56,2.2,-1.0,0.0,0.0,0.0,2.56,0.2,1.0,0.0,0.0,0.0,2.56,2.2,1.0,0.0,0.0,0.0,6.79,-0.44,-1.0,0.0,0.0,0.0,6.79,1.56,-1.0,0.0,0.0,0.0,6.79,3.56,-1.0,0.0,0.0,0.0,6.79,-0.44,1.0,0.0,0.0,0.0,6.79,1.56,1.0,0.0,0.0,0.0,6.79,3.56,1.0,0.0,0.0,0.0,-4.04,-0.16740000000011324,-0.13199999999999026,0.0,1.6099999999999999,-0.20000000000000573,9.84,-1.0382000000001004,0.15640000000000656,0.0,-1.7700000000000493,0.04000000000001225,-0.95,0.7800000000002467,-0.16700000000001464,0.0,-1.0000000000000007,0.04999999999999449,-0.95,2.780000000000271,-0.16700000000001464,0.0,-0.9999999999998899,0.04999999999999449,0,0,0,0,0,0,0,0,0,0,0,0,0,0,0,0,0,0,0,0,0,0,0,0,0,0,0,0,0,0,0,0,0,0,0,0,0,0,0,0,0,0,0,0,0,0,0,0,0,0,0,0,0,0,0,0,0,0,0,0,0,0,0,0,0,0,0,0,0,0,0,0,0,0,0,0,0,0,0,0,0,0,0,0,0,0,0,0,0,0,0,0,0,0,0,0,0,0,0,0,0,0,0,0,0,0,0,0,0,0,0,0,0,0,0,0,0,0,0,0,0,0,0,0,0,0,0,0,0,0,0,0,0,0,0,0,0,0,0,0,0,0,0,0,0,0,0,0,0,0,0,0,0,0,0,0,0,0,0,0,0,0,0,0,0,0,0,0
6.402090817,-6.36521300000006,-1.2125213308551361,1.8106908419203416,2.6599999999996626,-0.4969556584357715,0.1519610433577956,2.737,-0.41995565843582155,0.07496104335784916,4.933377742767334,-0.2997593283653259,-0.22236812114715576,4.956347203044521,0.36655920378282414,-0.5479568897229579,4.4,0.83,-1.0,0.0,0.0,0.0,4.4,2.83,-1.0,0.0,0.0,0.0,4.4,4.83,-1.0,0.0,0.0,0.0,4.4,6.83,-1.0,0.0,0.0,0.0,4.4,0.83,1.0,0.0,0.0,0.0,4.4,2.83,1.0,0.0,0.0,0.0,4.4,4.83,1.0,0.0,0.0,0.0,4.4,6.83,1.0,0.0,0.0,0.0,2.56,0.2,-1.0,0.0,0.0,0.0,2.56,2.2,-1.0,0.0,0.0,0.0,2.56,0.2,1.0,0.0,0.0,0.0,2.56,2.2,1.0,0.0,0.0,0.0,6.79,-0.44,-1.0,0.0,0.0,0.0,6.79,1.56,-1.0,0.0,0.0,0.0,6.79,3.56,-1.0,0.0,0.0,0.0,6.79,-0.44,1.0,0.0,0.0,0.0,6.79,1.56,1.0,0.0,0.0,0.0,6.79,3.56,1.0,0.0,0.0,0.0,-4.04,-0.03860000000011321,-0.14799999999999072,0.0,1.6099999999999999,-0.20000000000000573,9.84,-1.1798000000001043,0.15960000000000754,0.0,-1.7700000000000493,0.04000000000001225,-0.95,0.7000000000002466,-0.16300000000001508,0.0,-1.0000000000000007,0.04999999999999449,-0.95,2.70000000000028,-0.16300000000001508,0.0,-0.9999999999998899,0.04999999999999449,0,0,0,0,0,0,0,0,0,0,0,0,0,0,0,0,0,0,0,0,0,0,0,0,0,0,0,0,0,0,0,0,0,0,0,0,0,0,0,0,0,0,0,0,0,0,0,0,0,0,0,0,0,0,0,0,0,0,0,0,0,0,0,0,0,0,0,0,0,0,0,0,0,0,0,0,0,0,0,0,0,0,0,0,0,0,0,0,0,0,0,0,0,0,0,0,0,0,0,0,0,0,0,0,0,0,0,0,0,0,0,0,0,0,0,0,0,0,0,0,0,0,0,0,0,0,0,0,0,0,0,0,0,0,0,0,0,0,0,0,0,0,0,0,0,0,0,0,0,0,0,0,0,0,0,0,0,0,0,0,0,0,0,0,0,0,0,0
6.50153856,-6.146042000000077,-1.245906783530007,1.8164767253889744,2.7734999999999843,-0.3834556584358939,0.038461043357918,2.81,-0.34695565843582155,0.0019610433578491626,4.9314141273498535,-0.2979307174682617,-0.26822373270988464,4.956347203044521,0.36655920378282414,-0.5479568897229579,4.4,0.83,-1.0,0.0,0.0,0.0,4.4,2.83,-1.0,0.0,0.0,0.0,4.4,4.83,-1.0,0.0,0.0,0.0,4.4,6.83,-1.0,0.0,0.0,0.0,4.4,0.83,1.0,0.0,0.0,0.0,4.4,2.83,1.0,0.0,0.0,0.0,4.4,4.83,1.0,0.0,0.0,0.0,4.4,6.83,1.0,0.0,0.0,0.0,2.56,0.2,-1.0,0.0,0.0,0.0,2.56,2.2,-1.0,0.0,0.0,0.0,2.56,0.2,1.0,0.0,0.0,0.0,2.56,2.2,1.0,0.0,0.0,0.0,6.79,-0.44,-1.0,0.0,0.0,0.0,6.79,1.56,-1.0,0.0,0.0,0.0,6.79,3.56,-1.0,0.0,0.0,0.0,6.79,-0.44,1.0,0.0,0.0,0.0,6.79,1.56,1.0,0.0,0.0,0.0,6.79,3.56,1.0,0.0,0.0,0.0,-4.04,0.0901999999998868,-0.16399999999999118,0.0,1.6099999999999999,-0.20000000000000573,9.84,-1.3214000000001083,0.16280000000000852,0.0,-1.7700000000000493,0.04000000000001225,-0.95,0.6200000000002466,-0.15900000000001552,0.0,-1.0000000000000007,0.04999999999999449,-0.95,2.6200000000002888,-0.15900000000001552,0.0,-0.9999999999998899,0.04999999999999449,0,0,0,0,0,0,0,0,0,0,0,0,0,0,0,0,0,0,0,0,0,0,0,0,0,0,0,0,0,0,0,0,0,0,0,0,0,0,0,0,0,0,0,0,0,0,0,0,0,0,0,0,0,0,0,0,0,0,0,0,0,0,0,0,0,0,0,0,0,0,0,0,0,0,0,0,0,0,0,0,0,0,0,0,0,0,0,0,0,0,0,0,0,0,0,0,0,0,0,0,0,0,0,0,0,0,0,0,0,0,0,0,0,0,0,0,0,0,0,0,0,0,0,0,0,0,0,0,0,0,0,0,0,0,0,0,0,0,0,0,0,0,0,0,0,0,0,0,0,0,0,0,0,0,0,0,0,0,0,0,0,0,0,0,0,0,0,0
6.601457841,-5.921242000000061,-1.273663236204879,1.8166336088576083,2.8100000000002012,-0.34695565843589904,0.0019610433579231312,2.9010000000000002,-0.29465705156326294,-0.08903895664215083,4.92940092086792,-0.29465705156326294,-0.3231808543205261,4.952199296233148,0.39580915530232824,-0.5648515229392346,4.4,0.83,-1.0,0.0,0.0,0.0,4.4,2.83,-1.0,0.0,0.0,0.0,4.4,4.83,-1.0,0.0,0.0,0.0,4.4,6.83,-1.0,0.0,0.0,0.0,4.4,0.83,1.0,0.0,0.0,0.0,4.4,2.83,1.0,0.0,0.0,0.0,4.4,4.83,1.0,0.0,0.0,0.0,4.4,6.83,1.0,0.0,0.0,0.0,2.56,0.2,-1.0,0.0,0.0,0.0,2.56,2.2,-1.0,0.0,0.0,0.0,2.56,0.2,1.0,0.0,0.0,0.0,2.56,2.2,1.0,0.0,0.0,0.0,6.79,-0.44,-1.0,0.0,0.0,0.0,6.79,1.56,-1.0,0.0,0.0,0.0,6.79,3.56,-1.0,0.0,0.0,0.0,6.79,-0.44,1.0,0.0,0.0,0.0,6.79,1.56,1.0,0.0,0.0,0.0,6.79,3.56,1.0,0.0,0.0,0.0,-4.04,0.2189999999998868,-0.17999999999999164,0.0,1.6099999999999999,-0.20000000000000573,9.84,-1.4630000000001122,0.1660000000000095,0.0,-1.7700000000000493,0.04000000000001225,-0.95,0.5400000000002465,-0.15500000000001596,0.0,-1.0000000000000007,0.04999999999999449,-0.95,2.5400000000002976,-0.15500000000001596,0.0,-0.9999999999998899,0.04999999999999449,0,0,0,0,0,0,0,0,0,0,0,0,0,0,0,0,0,0,0,0,0,0,0,0,0,0,0,0,0,0,0,0,0,0,0,0,0,0,0,0,0,0,0,0,0,0,0,0,0,0,0,0,0,0,0,0,0,0,0,0,0,0,0,0,0,0,0,0,0,0,0,0,0,0,0,0,0,0,0,0,0,0,0,0,0,0,0,0,0,0,0,0,0,0,0,0,0,0,0,0,0,0,0,0,0,0,0,0,0,0,0,0,0,0,0,0,0,0,0,0,0,0,0,0,0,0,0,0,0,0,0,0,0,0,0,0,0,0,0,0,0,0,0,0,0,0,0,0,0,0,0,0,0,0,0,0,0,0,0,0,0,0,0,0,0,0,0,0
6.702979108,-5.631233000000097,-1.3033625719659414,1.8078207131933943,2.9373999999997125,-0.2918708086013133,-0.12543895664216542,2.9920000000000004,-0.2876914441585541,-0.18003895664215083,4.924274444580078,-0.2876914441585541,-0.42610621452331543,4.952199296233148,0.39580915530232824,-0.5648515229392346,4.4,0.83,-1.0,0.0,0.0,0.0,4.4,2.83,-1.0,0.0,0.0,0.0,4.4,4.83,-1.0,0.0,0.0,0.0,4.4,6.83,-1.0,0.0,0.0,0.0,4.4,0.83,1.0,0.0,0.0,0.0,4.4,2.83,1.0,0.0,0.0,0.0,4.4,4.83,1.0,0.0,0.0,0.0,4.4,6.83,1.0,0.0,0.0,0.0,2.56,0.2,-1.0,0.0,0.0,0.0,2.56,2.2,-1.0,0.0,0.0,0.0,2.56,0.2,1.0,0.0,0.0,0.0,2.56,2.2,1.0,0.0,0.0,0.0,6.79,-0.44,-1.0,0.0,0.0,0.0,6.79,1.56,-1.0,0.0,0.0,0.0,6.79,3.56,-1.0,0.0,0.0,0.0,6.79,-0.44,1.0,0.0,0.0,0.0,6.79,1.56,1.0,0.0,0.0,0.0,6.79,3.56,1.0,0.0,0.0,0.0,-4.04,0.3799999999998868,-0.1999999999999922,0.0,1.6099999999999999,-0.20000000000000573,9.84,-1.6400000000001171,0.17000000000001073,0.0,-1.7700000000000493,0.04000000000001225,-0.95,0.4400000000002464,-0.1500000000000165,0.0,-1.0000000000000007,0.04999999999999449,-0.95,2.4400000000003086,-0.1500000000000165,0.0,-0.9999999999998899,0.04999999999999449,0,0,0,0,0,0,0,0,0,0,0,0,0,0,0,0,0,0,0,0,0,0,0,0,0,0,0,0,0,0,0,0,0,0,0,0,0,0,0,0,0,0,0,0,0,0,0,0,0,0,0,0,0,0,0,0,0,0,0,0,0,0,0,0,0,0,0,0,0,0,0,0,0,0,0,0,0,0,0,0,0,0,0,0,0,0,0,0,0,0,0,0,0,0,0,0,0,0,0,0,0,0,0,0,0,0,0,0,0,0,0,0,0,0,0,0,0,0,0,0,0,0,0,0,0,0,0,0,0,0,0,0,0,0,0,0,0,0,0,0,0,0,0,0,0,0,0,0,0,0,0,0,0,0,0,0,0,0,0,0,0,0,0,0,0,0,0,0
6.801566822,-5.391873000000106,-1.3263778874986232,1.793417596662018,2.9919999999998836,-0.2876914441585221,-0.18003895664220337,3.0820000000000003,-0.25610899925231934,-0.27003895664215083,4.91788387298584,-0.25610899925231934,-0.5500988960266113,4.948327326605968,0.4262497186682025,-0.5765135263807019,4.4,0.83,-1.0,0.0,0.0,0.0,4.4,2.83,-1.0,0.0,0.0,0.0,4.4,4.83,-1.0,0.0,0.0,0.0,4.4,6.83,-1.0,0.0,0.0,0.0,4.4,0.83,1.0,0.0,0.0,0.0,4.4,2.83,1.0,0.0,0.0,0.0,4.4,4.83,1.0,0.0,0.0,0.0,4.4,6.83,1.0,0.0,0.0,0.0,2.56,0.2,-1.0,0.0,0.0,0.0,2.56,2.2,-1.0,0.0,0.0,0.0,2.56,0.2,1.0,0.0,0.0,0.0,2.56,2.2,1.0,0.0,0.0,0.0,6.79,-0.44,-1.0,0.0,0.0,0.0,6.79,1.56,-1.0,0.0,0.0,0.0,6.79,3.56,-1.0,0.0,0.0,0.0,6.79,-0.44,1.0,0.0,0.0,0.0,6.79,1.56,1.0,0.0,0.0,0.0,6.79,3.56,1.0,0.0,0.0,0.0,-4.04,0.5087999999998868,-0.21599999999999267,0.0,1.6099999999999945,-0.20000000000000573,9.84,-1.781600000000121,0.1732000000000117,0.0,-1.7700000000000493,0.04000000000001225,-0.95,0.36000000000024635,-0.14600000000001695,0.0,-1.0000000000000007,0.04999999999999449,-0.95,2.3600000000003174,-0.14600000000001695,0.0,-0.9999999999998899,0.04999999999999449,0,0,0,0,0,0,0,0,0,0,0,0,0,0,0,0,0,0,0,0,0,0,0,0,0,0,0,0,0,0,0,0,0,0,0,0,0,0,0,0,0,0,0,0,0,0,0,0,0,0,0,0,0,0,0,0,0,0,0,0,0,0,0,0,0,0,0,0,0,0,0,0,0,0,0,0,0,0,0,0,0,0,0,0,0,0,0,0,0,0,0,0,0,0,0,0,0,0,0,0,0,0,0,0,0,0,0,0,0,0,0,0,0,0,0,0,0,0,0,0,0,0,0,0,0,0,0,0,0,0,0,0,0,0,0,0,0,0,0,0,0,0,0,0,0,0,0,0,0,0,0,0,0,0,0,0,0,0,0,0,0,0,0,0,0,0,0,0
6.903648857,-5.083685000000105,-1.351858103763348,1.7664257009978044,3.1347999999999487,-0.22409116625783376,-0.32283895664217965,3.1700000000000004,-0.2027459442615509,-0.3580389566421508,4.910482883453369,-0.2027459442615509,-0.6642258167266846,4.948327326605968,0.4262497186682025,-0.5765135263807019,4.4,0.83,-1.0,0.0,0.0,0.0,4.4,2.83,-1.0,0.0,0.0,0.0,4.4,4.83,-1.0,0.0,0.0,0.0,4.4,6.83,-1.0,0.0,0.0,0.0,4.4,0.83,1.0,0.0,0.0,0.0,4.4,2.83,1.0,0.0,0.0,0.0,4.4,4.83,1.0,0.0,0.0,0.0,4.4,6.83,1.0,0.0,0.0,0.0,2.56,0.2,-1.0,0.0,0.0,0.0,2.56,2.2,-1.0,0.0,0.0,0.0,2.56,0.2,1.0,0.0,0.0,0.0,2.56,2.2,1.0,0.0,0.0,0.0,6.79,-0.44,-1.0,0.0,0.0,0.0,6.79,1.56,-1.0,0.0,0.0,0.0,6.79,3.56,-1.0,0.0,0.0,0.0,6.79,-0.44,1.0,0.0,0.0,0.0,6.79,1.56,1.0,0.0,0.0,0.0,6.79,3.56,1.0,0.0,0.0,0.0,-4.04,0.6697999999998868,-0.23599999999999324,0.0,1.6099999999999999,-0.20000000000000573,9.84,-1.958600000000126,0.17720000000001293,0.0,-1.7700000000000493,0.04000000000001225,-0.95,0.26000000000024626,-0.1410000000000175,0.0,-1.0000000000000007,0.04999999999999449,-0.95,2.2600000000003284,-0.1410000000000175,0.0,-0.9999999999998899,0.04999999999999449,0,0,0,0,0,0,0,0,0,0,0,0,0,0,0,0,0,0,0,0,0,0,0,0,0,0,0,0,0,0,0,0,0,0,0,0,0,0,0,0,0,0,0,0,0,0,0,0,0,0,0,0,0,0,0,0,0,0,0,0,0,0,0,0,0,0,0,0,0,0,0,0,0,0,0,0,0,0,0,0,0,0,0,0,0,0,0,0,0,0,0,0,0,0,0,0,0,0,0,0,0,0,0,0,0,0,0,0,0,0,0,0,0,0,0,0,0,0,0,0,0,0,0,0,0,0,0,0,0,0,0,0,0,0,0,0,0,0,0,0,0,0,0,0,0,0,0,0,0,0,0,0,0,0,0,0,0,0,0,0,0,0,0,0,0,0,0,0
7.001351806,-4.830085000000113,-1.3680777793042684,1.7377825844664272,3.169999999999895,-0.2027459442615065,-0.35803895664221486,3.2610000000000006,-0.15210779011249542,-0.44903895664215077,4.919965744018555,-0.15210779011249542,-0.6893423795700073,4.94532320334369,0.4560417886532466,-0.5794862392433964,4.4,0.83,-1.0,0.0,0.0,0.0,4.4,2.83,-1.0,0.0,0.0,0.0,4.4,4.83,-1.0,0.0,0.0,0.0,4.4,6.83,-1.0,0.0,0.0,0.0,4.4,0.83,1.0,0.0,0.0,0.0,4.4,2.83,1.0,0.0,0.0,0.0,4.4,4.83,1.0,0.0,0.0,0.0,4.4,6.83,1.0,0.0,0.0,0.0,2.56,0.2,-1.0,0.0,0.0,0.0,2.56,2.2,-1.0,0.0,0.0,0.0,2.56,0.2,1.0,0.0,0.0,0.0,2.56,2.2,1.0,0.0,0.0,0.0,6.79,-0.44,-1.0,0.0,0.0,0.0,6.79,1.56,-1.0,0.0,0.0,0.0,6.79,3.56,-1.0,0.0,0.0,0.0,6.79,-0.44,1.0,0.0,0.0,0.0,6.79,1.56,1.0,0.0,0.0,0.0,6.79,3.56,1.0,0.0,0.0,0.0,-4.04,0.7985999999998868,-0.25199999999999345,0.0,1.6099999999999999,-0.19999999999998075,9.84,-2.1002000000001297,0.1804000000000139,0.0,-1.7700000000000493,0.04000000000001225,-0.95,0.18000000000024619,-0.13700000000001794,0.0,-1.0000000000000007,0.04999999999999449,-0.95,2.1800000000003372,-0.13700000000001794,0.0,-0.9999999999998899,0.04999999999999449,0,0,0,0,0,0,0,0,0,0,0,0,0,0,0,0,0,0,0,0,0,0,0,0,0,0,0,0,0,0,0,0,0,0,0,0,0,0,0,0,0,0,0,0,0,0,0,0,0,0,0,0,0,0,0,0,0,0,0,0,0,0,0,0,0,0,0,0,0,0,0,0,0,0,0,0,0,0,0,0,0,0,0,0,0,0,0,0,0,0,0,0,0,0,0,0,0,0,0,0,0,0,0,0,0,0,0,0,0,0,0,0,0,0,0,0,0,0,0,0,0,0,0,0,0,0,0,0,0,0,0,0,0,0,0,0,0,0,0,0,0,0,0,0,0,0,0,0,0,0,0,0,0,0,0,0,0,0,0,0,0,0,0,0,0,0,0,0
7.103035175,-4.503681000000102,-1.3834763647131976,1.6925746888022195,3.345999999999627,-0.14050553739064497,-0.5340389566421688,3.3460000000000005,-0.14050553739070892,-0.5340389566421507,4.935638427734375,-0.14050553739070892,-0.6630517244338989,4.94532320334369,0.4560417886532466,-0.5794862392433964,4.4,0.83,-1.0,0.0,0.0,0.0,4.4,2.83,-1.0,0.0,0.0,0.0,4.4,4.83,-1.0,0.0,0.0,0.0,4.4,6.83,-1.0,0.0,0.0,0.0,4.4,0.83,1.0,0.0,0.0,0.0,4.4,2.83,1.0,0.0,0.0,0.0,4.4,4.83,1.0,0.0,0.0,0.0,4.4,6.83,1.0,0.0,0.0,0.0,2.56,0.2,-1.0,0.0,0.0,0.0,2.56,2.2,-1.0,0.0,0.0,0.0,2.56,0.2,1.0,0.0,0.0,0.0,2.56,2.2,1.0,0.0,0.0,0.0,6.79,-0.44,-1.0,0.0,0.0,0.0,6.79,1.56,-1.0,0.0,0.0,0.0,6.79,3.56,-1.0,0.0,0.0,0.0,6.79,-0.44,1.0,0.0,0.0,0.0,6.79,1.56,1.0,0.0,0.0,0.0,6.79,3.56,1.0,0.0,0.0,0.0,-4.04,0.9273999999998869,-0.2679999999999917,0.0,1.6099999999999999,-0.19999999999997797,9.84,-2.2418000000001337,0.1836000000000149,0.0,-1.7700000000000493,0.04000000000001225,-0.95,0.10000000000024611,-0.13300000000001838,0.0,-1.0000000000000007,0.04999999999999449,-0.95,2.100000000000346,-0.13300000000001838,0.0,-0.9999999999998899,0.04999999999999449,0,0,0,0,0,0,0,0,0,0,0,0,0,0,0,0,0,0,0,0,0,0,0,0,0,0,0,0,0,0,0,0,0,0,0,0,0,0,0,0,0,0,0,0,0,0,0,0,0,0,0,0,0,0,0,0,0,0,0,0,0,0,0,0,0,0,0,0,0,0,0,0,0,0,0,0,0,0,0,0,0,0,0,0,0,0,0,0,0,0,0,0,0,0,0,0,0,0,0,0,0,0,0,0,0,0,0,0,0,0,0,0,0,0,0,0,0,0,0,0,0,0,0,0,0,0,0,0,0,0,0,0,0,0,0,0,0,0,0,0,0,0,0,0,0,0,0,0,0,0,0,0,0,0,0,0,0,0,0,0,0,0,0,0,0,0,0,0
7.201030364,-4.235825000000131,-1.3947243843786723,1.6496755722708458,3.363599999999778,-0.14126320481295807,-0.5516389566421864,3.4340000000000006,-0.144293874502182,-0.6220389566421507,4.943848133087158,-0.144293874502182,-0.6574218273162842,4.943492827850362,0.48286366570743855,-0.5733422549678464,4.4,0.83,-1.0,0.0,0.0,0.0,4.4,2.83,-1.0,0.0,0.0,0.0,4.4,4.83,-1.0,0.0,0.0,0.0,4.4,6.83,-1.0,0.0,0.0,0.0,4.4,0.83,1.0,0.0,0.0,0.0,4.4,2.83,1.0,0.0,0.0,0.0,4.4,4.83,1.0,0.0,0.0,0.0,4.4,6.83,1.0,0.0,0.0,0.0,2.56,0.2,-1.0,0.0,0.0,0.0,2.56,2.2,-1.0,0.0,0.0,0.0,2.56,0.2,1.0,0.0,0.0,0.0,2.56,2.2,1.0,0.0,0.0,0.0,6.79,-0.44,-1.0,0.0,0.0,0.0,6.79,1.56,-1.0,0.0,0.0,0.0,6.79,3.56,-1.0,0.0,0.0,0.0,6.79,-0.44,1.0,0.0,0.0,0.0,6.79,1.56,1.0,0.0,0.0,0.0,6.79,3.56,1.0,0.0,0.0,0.0,-4.04,1.0883999999998808,-0.2879999999999895,0.0,1.6099999999998893,-0.19999999999997797,9.84,-2.4188000000001386,0.18760000000001611,0.0,-1.7700000000000493,0.04000000000001225,-0.95,2.460323611508386e-13,-0.12800000000001893,0.0,-1.0000000000000002,0.04999999999999449,-0.95,2.000000000000357,-0.12800000000001893,0.0,-0.9999999999998899,0.04999999999999449,0,0,0,0,0,0,0,0,0,0,0,0,0,0,0,0,0,0,0,0,0,0,0,0,0,0,0,0,0,0,0,0,0,0,0,0,0,0,0,0,0,0,0,0,0,0,0,0,0,0,0,0,0,0,0,0,0,0,0,0,0,0,0,0,0,0,0,0,0,0,0,0,0,0,0,0,0,0,0,0,0,0,0,0,0,0,0,0,0,0,0,0,0,0,0,0,0,0,0,0,0,0,0,0,0,0,0,0,0,0,0,0,0,0,0,0,0,0,0,0,0,0,0,0,0,0,0,0,0,0,0,0,0,0,0,0,0,0,0,0,0,0,0,0,0,0,0,0,0,0,0,0,0,0,0,0,0,0,0,0,0,0,0,0,0,0,0,0
7.300612008,-3.9611050000001056,-1.4062678943388491,1.5999124557394653,3.433999999999937,-0.14429387450221043,-0.6220389566422568,3.5220000000000007,-0.1531112790107727,-0.6538255214691162,4.951508045196533,-0.1531112790107727,-0.6538255214691162,4.942799982138045,0.4978761296487144,-0.5664341939732852,4.4,0.83,-1.0,0.0,0.0,0.0,4.4,2.83,-1.0,0.0,0.0,0.0,4.4,4.83,-1.0,0.0,0.0,0.0,4.4,6.83,-1.0,0.0,0.0,0.0,4.4,0.83,1.0,0.0,0.0,0.0,4.4,2.83,1.0,0.0,0.0,0.0,4.4,4.83,1.0,0.0,0.0,0.0,4.4,6.83,1.0,0.0,0.0,0.0,2.56,0.2,-1.0,0.0,0.0,0.0,2.56,2.2,-1.0,0.0,0.0,0.0,2.56,0.2,1.0,0.0,0.0,0.0,2.56,2.2,1.0,0.0,0.0,0.0,6.79,-0.44,-1.0,0.0,0.0,0.0,6.79,1.56,-1.0,0.0,0.0,0.0,6.79,3.56,-1.0,0.0,0.0,0.0,6.79,-0.44,1.0,0.0,0.0,0.0,6.79,1.56,1.0,0.0,0.0,0.0,6.79,3.56,1.0,0.0,0.0,0.0,-4.04,1.217199999999872,-0.3039999999999877,0.0,1.6099999999998893,-0.19999999999997797,9.84,-2.5604000000001426,0.1908000000000171,0.0,-1.7700000000000493,0.04000000000001225,-0.95,-0.07999999999975403,-0.12400000000001937,0.0,-1.0000000000000007,0.04999999999999449,-0.95,1.9200000000003659,-0.12400000000001937,0.0,-0.9999999999998899,0.04999999999999449,0,0,0,0,0,0,0,0,0,0,0,0,0,0,0,0,0,0,0,0,0,0,0,0,0,0,0,0,0,0,0,0,0,0,0,0,0,0,0,0,0,0,0,0,0,0,0,0,0,0,0,0,0,0,0,0,0,0,0,0,0,0,0,0,0,0,0,0,0,0,0,0,0,0,0,0,0,0,0,0,0,0,0,0,0,0,0,0,0,0,0,0,0,0,0,0,0,0,0,0,0,0,0,0,0,0,0,0,0,0,0,0,0,0,0,0,0,0,0,0,0,0,0,0,0,0,0,0,0,0,0,0,0,0,0,0,0,0,0,0,0,0,0,0,0,0,0,0,0,0,0,0,0,0,0,0,0,0,0,0,0,0,0,0,0,0,0,0
7.401787306,-3.6798730000001205,-1.4184638922326573,1.547797133410891,3.521999999999803,-0.1531112790107425,-0.6538255214691979,3.605000000000001,-0.18592865765094757,-0.613802433013916,4.957043647766113,-0.18592865765094757,-0.613802433013916,4.942799982138045,0.4978761296487144,-0.5664341939732852,4.4,0.83,-1.0,0.0,0.0,0.0,4.4,2.83,-1.0,0.0,0.0,0.0,4.4,4.83,-1.0,0.0,0.0,0.0,4.4,6.83,-1.0,0.0,0.0,0.0,4.4,0.83,1.0,0.0,0.0,0.0,4.4,2.83,1.0,0.0,0.0,0.0,4.4,4.83,1.0,0.0,0.0,0.0,4.4,6.83,1.0,0.0,0.0,0.0,2.56,0.2,-1.0,0.0,0.0,0.0,2.56,2.2,-1.0,0.0,0.0,0.0,2.56,0.2,1.0,0.0,0.0,0.0,2.56,2.2,1.0,0.0,0.0,0.0,6.79,-0.44,-1.0,0.0,0.0,0.0,6.79,1.56,-1.0,0.0,0.0,0.0,6.79,3.56,-1.0,0.0,0.0,0.0,6.79,-0.44,1.0,0.0,0.0,0.0,6.79,1.56,1.0,0.0,0.0,0.0,6.79,3.56,1.0,0.0,0.0,0.0,-4.04,1.345999999999863,-0.31999999999998596,0.0,1.6099999999998893,-0.19999999999997797,9.84,-2.7020000000001465,0.19400000000001807,0.0,-1.7700000000000493,0.04000000000001225,-0.95,-0.1599999999997541,-0.12000000000001981,0.0,-1.0000000000000007,0.04999999999999449,-0.95,1.8400000000003747,-0.12000000000001981,0.0,-0.9999999999998899,0.04999999999999449,0,0,0,0,0,0,0,0,0,0,0,0,0,0,0,0,0,0,0,0,0,0,0,0,0,0,0,0,0,0,0,0,0,0,0,0,0,0,0,0,0,0,0,0,0,0,0,0,0,0,0,0,0,0,0,0,0,0,0,0,0,0,0,0,0,0,0,0,0,0,0,0,0,0,0,0,0,0,0,0,0,0,0,0,0,0,0,0,0,0,0,0,0,0,0,0,0,0,0,0,0,0,0,0,0,0,0,0,0,0,0,0,0,0,0,0,0,0,0,0,0,0,0,0,0,0,0,0,0,0,0,0,0,0,0,0,0,0,0,0,0,0,0,0,0,0,0,0,0,0,0,0,0,0,0,0,0,0,0,0,0,0,0,0,0,0,0,0
7.502158116,-3.3922200000001324,-1.4330428284369665,1.4983327309736736,3.604999999999859,-0.18592865765088007,-0.6138024330140102,3.681000000000001,-0.17779874801635742,-0.5906181335449219,4.95671272277832,-0.17779874801635742,-0.5906181335449219,4.941137198529065,0.5287294583478415,-0.552818546349118,4.4,0.83,-1.0,0.0,0.0,0.0,4.4,2.83,-1.0,0.0,0.0,0.0,4.4,4.83,-1.0,0.0,0.0,0.0,4.4,6.83,-1.0,0.0,0.0,0.0,4.4,0.83,1.0,0.0,0.0,0.0,4.4,2.83,1.0,0.0,0.0,0.0,4.4,4.83,1.0,0.0,0.0,0.0,4.4,6.83,1.0,0.0,0.0,0.0,2.56,0.2,-1.0,0.0,0.0,0.0,2.56,2.2,-1.0,0.0,0.0,0.0,2.56,0.2,1.0,0.0,0.0,0.0,2.56,2.2,1.0,0.0,0.0,0.0,6.79,-0.44,-1.0,0.0,0.0,0.0,6.79,1.56,-1.0,0.0,0.0,0.0,6.79,3.56,-1.0,0.0,0.0,0.0,6.79,-0.44,1.0,0.0,0.0,0.0,6.79,1.56,1.0,0.0,0.0,0.0,6.79,3.56,1.0,0.0,0.0,0.0,-4.04,1.4747999999998542,-0.3359999999999842,0.0,1.6099999999998893,-0.19999999999997797,9.84,-2.8436000000001505,0.19720000000001905,0.0,-1.7700000000000493,0.04000000000001225,-0.95,-0.23999999999975416,-0.11600000000002025,0.0,-1.0000000000000007,0.04999999999999449,-0.95,1.7600000000003835,-0.11600000000002025,0.0,-0.9999999999998899,0.04999999999999449,0,0,0,0,0,0,0,0,0,0,0,0,0,0,0,0,0,0,0,0,0,0,0,0,0,0,0,0,0,0,0,0,0,0,0,0,0,0,0,0,0,0,0,0,0,0,0,0,0,0,0,0,0,0,0,0,0,0,0,0,0,0,0,0,0,0,0,0,0,0,0,0,0,0,0,0,0,0,0,0,0,0,0,0,0,0,0,0,0,0,0,0,0,0,0,0,0,0,0,0,0,0,0,0,0,0,0,0,0,0,0,0,0,0,0,0,0,0,0,0,0,0,0,0,0,0,0,0,0,0,0,0,0,0,0,0,0,0,0,0,0,0,0,0,0,0,0,0,0,0,0,0,0,0,0,0,0,0,0,0,0,0,0,0,0,0,0,0
7.602792035,-3.171740000000143,-1.4437514028661156,1.4627797214636349,3.680999999999824,-0.17779874801626683,-0.5906181335448846,3.749000000000001,-0.20228275656700134,-0.5447347164154053,4.958105564117432,-0.20228275656700134,-0.5447347164154053,4.941137198529065,0.5287294583478415,-0.552818546349118,4.4,0.83,-1.0,0.0,0.0,0.0,4.4,2.83,-1.0,0.0,0.0,0.0,4.4,4.83,-1.0,0.0,0.0,0.0,4.4,6.83,-1.0,0.0,0.0,0.0,4.4,0.83,1.0,0.0,0.0,0.0,4.4,2.83,1.0,0.0,0.0,0.0,4.4,4.83,1.0,0.0,0.0,0.0,4.4,6.83,1.0,0.0,0.0,0.0,2.56,0.2,-1.0,0.0,0.0,0.0,2.56,2.2,-1.0,0.0,0.0,0.0,2.56,0.2,1.0,0.0,0.0,0.0,2.56,2.2,1.0,0.0,0.0,0.0,6.79,-0.44,-1.0,0.0,0.0,0.0,6.79,1.56,-1.0,0.0,0.0,0.0,6.79,3.56,-1.0,0.0,0.0,0.0,6.79,-0.44,1.0,0.0,0.0,0.0,6.79,1.56,1.0,0.0,0.0,0.0,6.79,3.56,1.0,0.0,0.0,0.0,-4.04,1.5713999999998476,-0.3479999999999829,0.0,1.6099999999998893,-0.19999999999997797,9.84,-2.9498000000001534,0.1996000000000198,0.0,-1.7700000000000493,0.04000000000001225,-0.95,-0.2999999999997542,-0.11300000000002058,0.0,-1.0000000000000007,0.04999999999999449,-0.95,1.70000000000039,-0.11300000000002058,0.0,-0.9999999999998899,0.04999999999999449,0,0,0,0,0,0,0,0,0,0,0,0,0,0,0,0,0,0,0,0,0,0,0,0,0,0,0,0,0,0,0,0,0,0,0,0,0,0,0,0,0,0,0,0,0,0,0,0,0,0,0,0,0,0,0,0,0,0,0,0,0,0,0,0,0,0,0,0,0,0,0,0,0,0,0,0,0,0,0,0,0,0,0,0,0,0,0,0,0,0,0,0,0,0,0,0,0,0,0,0,0,0,0,0,0,0,0,0,0,0,0,0,0,0,0,0,0,0,0,0,0,0,0,0,0,0,0,0,0,0,0,0,0,0,0,0,0,0,0,0,0,0,0,0,0,0,0,0,0,0,0,0,0,0,0,0,0,0,0,0,0,0,0,0,0,0,0,0
7.701924421,-2.8726360000001447,-1.4596402152888726,1.4186503431448516,3.7490000000000023,-0.20228275656708483,-0.5447347164153626,3.819000000000001,-0.1956987977027893,-0.5228867530822754,4.956928253173828,-0.1956987977027893,-0.5228867530822754,4.938661910606637,0.5597588553224926,-0.5443239445507244,4.4,0.83,-1.0,0.0,0.0,0.0,4.4,2.83,-1.0,0.0,0.0,0.0,4.4,4.83,-1.0,0.0,0.0,0.0,4.4,6.83,-1.0,0.0,0.0,0.0,4.4,0.83,1.0,0.0,0.0,0.0,4.4,2.83,1.0,0.0,0.0,0.0,4.4,4.83,1.0,0.0,0.0,0.0,4.4,6.83,1.0,0.0,0.0,0.0,2.56,0.2,-1.0,0.0,0.0,0.0,2.56,2.2,-1.0,0.0,0.0,0.0,2.56,0.2,1.0,0.0,0.0,0.0,2.56,2.2,1.0,0.0,0.0,0.0,6.79,-0.44,-1.0,0.0,0.0,0.0,6.79,1.56,-1.0,0.0,0.0,0.0,6.79,3.56,-1.0,0.0,0.0,0.0,6.79,-0.44,1.0,0.0,0.0,0.0,6.79,1.56,1.0,0.0,0.0,0.0,6.79,3.56,1.0,0.0,0.0,0.0,-4.04,1.7001999999998387,-0.3639999999999811,0.0,1.6099999999998893,-0.19999999999997797,9.84,-3.0914000000001574,0.20280000000002077,0.0,-1.7700000000000493,0.04000000000001225,-0.95,-0.37999999999975426,-0.10900000000002102,0.0,-1.0000000000000007,0.04999999999999449,-0.95,1.620000000000399,-0.10900000000002102,0.0,-0.9999999999998899,0.04999999999999449,0,0,0,0,0,0,0,0,0,0,0,0,0,0,0,0,0,0,0,0,0,0,0,0,0,0,0,0,0,0,0,0,0,0,0,0,0,0,0,0,0,0,0,0,0,0,0,0,0,0,0,0,0,0,0,0,0,0,0,0,0,0,0,0,0,0,0,0,0,0,0,0,0,0,0,0,0,0,0,0,0,0,0,0,0,0,0,0,0,0,0,0,0,0,0,0,0,0,0,0,0,0,0,0,0,0,0,0,0,0,0,0,0,0,0,0,0,0,0,0,0,0,0,0,0,0,0,0,0,0,0,0,0,0,0,0,0,0,0,0,0,0,0,0,0,0,0,0,0,0,0,0,0,0,0,0,0,0,0,0,0,0,0,0,0,0,0,0
7.800788354,-2.6437060000001438,-1.471401895027631,1.3872115940699197,3.819000000000017,-0.1956987977027591,-0.5228867530822079,3.878000000000001,-0.20568513870239258,-0.4924745559692383,4.957049369812012,-0.20568513870239258,-0.4924745559692383,4.937322103729614,0.5738279637955488,-0.5418227680609526,4.4,0.83,-1.0,0.0,0.0,0.0,4.4,2.83,-1.0,0.0,0.0,0.0,4.4,4.83,-1.0,0.0,0.0,0.0,4.4,6.83,-1.0,0.0,0.0,0.0,4.4,0.83,1.0,0.0,0.0,0.0,4.4,2.83,1.0,0.0,0.0,0.0,4.4,4.83,1.0,0.0,0.0,0.0,4.4,6.83,1.0,0.0,0.0,0.0,2.56,0.2,-1.0,0.0,0.0,0.0,2.56,2.2,-1.0,0.0,0.0,0.0,2.56,0.2,1.0,0.0,0.0,0.0,2.56,2.2,1.0,0.0,0.0,0.0,6.79,-0.44,-1.0,0.0,0.0,0.0,6.79,1.56,-1.0,0.0,0.0,0.0,6.79,3.56,-1.0,0.0,0.0,0.0,6.79,-0.44,1.0,0.0,0.0,0.0,6.79,1.56,1.0,0.0,0.0,0.0,6.79,3.56,1.0,0.0,0.0,0.0,-4.04,1.796799999999832,-0.3759999999999798,0.0,1.6099999999998893,-0.19999999999997797,9.84,-3.1976000000001603,0.2052000000000215,0.0,-1.7700000000000493,0.04000000000001225,-0.95,-0.4399999999997543,-0.10600000000002135,0.0,-1.0000000000000007,0.04999999999999449,-0.95,1.5600000000004055,-0.10600000000002135,0.0,-0.9999999999998899,0.04999999999999449,0,0,0,0,0,0,0,0,0,0,0,0,0,0,0,0,0,0,0,0,0,0,0,0,0,0,0,0,0,0,0,0,0,0,0,0,0,0,0,0,0,0,0,0,0,0,0,0,0,0,0,0,0,0,0,0,0,0,0,0,0,0,0,0,0,0,0,0,0,0,0,0,0,0,0,0,0,0,0,0,0,0,0,0,0,0,0,0,0,0,0,0,0,0,0,0,0,0,0,0,0,0,0,0,0,0,0,0,0,0,0,0,0,0,0,0,0,0,0,0,0,0,0,0,0,0,0,0,0,0,0,0,0,0,0,0,0,0,0,0,0,0,0,0,0,0,0,0,0,0,0,0,0,0,0,0,0,0,0,0,0,0,0,0,0,0,0,0
7.901684579,-2.411144000000154,-1.4837230306677787,1.3576022963175332,3.877999999999827,-0.20568513870244942,-0.49247455596934664,3.938000000000001,-0.21280694007873535,-0.45942461490631104,4.9566731452941895,-0.21280694007873535,-0.45942461490631104,4.935681927436076,0.5894891702548681,-0.539950395252316,4.4,0.83,-1.0,0.0,0.0,0.0,4.4,2.83,-1.0,0.0,0.0,0.0,4.4,4.83,-1.0,0.0,0.0,0.0,4.4,6.83,-1.0,0.0,0.0,0.0,4.4,0.83,1.0,0.0,0.0,0.0,4.4,2.83,1.0,0.0,0.0,0.0,4.4,4.83,1.0,0.0,0.0,0.0,4.4,6.83,1.0,0.0,0.0,0.0,2.56,0.2,-1.0,0.0,0.0,0.0,2.56,2.2,-1.0,0.0,0.0,0.0,2.56,0.2,1.0,0.0,0.0,0.0,2.56,2.2,1.0,0.0,0.0,0.0,6.79,-0.44,-1.0,0.0,0.0,0.0,6.79,1.56,-1.0,0.0,0.0,0.0,6.79,3.56,-1.0,0.0,0.0,0.0,6.79,-0.44,1.0,0.0,0.0,0.0,6.79,1.56,1.0,0.0,0.0,0.0,6.79,3.56,1.0,0.0,0.0,0.0,-4.04,1.8933999999998254,-0.3879999999999785,0.0,1.6099999999998893,-0.19999999999997797,9.84,-3.3038000000001633,0.20760000000002224,0.0,-1.7700000000000493,0.04000000000001225,-0.95,-0.49999999999975436,-0.10300000000002169,0.0,-1.0000000000000007,0.04999999999999449,-0.95,1.5000000000004121,-0.10300000000002169,0.0,-0.9999999999998899,0.04999999999999449,0,0,0,0,0,0,0,0,0,0,0,0,0,0,0,0,0,0,0,0,0,0,0,0,0,0,0,0,0,0,0,0,0,0,0,0,0,0,0,0,0,0,0,0,0,0,0,0,0,0,0,0,0,0,0,0,0,0,0,0,0,0,0,0,0,0,0,0,0,0,0,0,0,0,0,0,0,0,0,0,0,0,0,0,0,0,0,0,0,0,0,0,0,0,0,0,0,0,0,0,0,0,0,0,0,0,0,0,0,0,0,0,0,0,0,0,0,0,0,0,0,0,0,0,0,0,0,0,0,0,0,0,0,0,0,0,0,0,0,0,0,0,0,0,0,0,0,0,0,0,0,0,0,0,0,0,0,0,0,0,0,0,0,0,0,0,0,0
8.002045995,-2.1749840000001415,-1.4964772034697444,1.329970719541027,3.938000000000218,-0.21280694007863588,-0.45942461490633413,3.999000000000001,-0.2199331820011139,-0.42387741804122925,4.955860137939453,-0.2199331820011139,-0.42387741804122925,4.933836238073813,0.605591689642536,-0.5389978490732029,4.4,0.83,-1.0,0.0,0.0,0.0,4.4,2.83,-1.0,0.0,0.0,0.0,4.4,4.83,-1.0,0.0,0.0,0.0,4.4,6.83,-1.0,0.0,0.0,0.0,4.4,0.83,1.0,0.0,0.0,0.0,4.4,2.83,1.0,0.0,0.0,0.0,4.4,4.83,1.0,0.0,0.0,0.0,4.4,6.83,1.0,0.0,0.0,0.0,2.56,0.2,-1.0,0.0,0.0,0.0,2.56,2.2,-1.0,0.0,0.0,0.0,2.56,0.2,1.0,0.0,0.0,0.0,2.56,2.2,1.0,0.0,0.0,0.0,6.79,-0.44,-1.0,0.0,0.0,0.0,6.79,1.56,-1.0,0.0,0.0,0.0,6.79,3.56,-1.0,0.0,0.0,0.0,6.79,-0.44,1.0,0.0,0.0,0.0,6.79,1.56,1.0,0.0,0.0,0.0,6.79,3.56,1.0,0.0,0.0,0.0,-4.04,1.9899999999998188,-0.39999999999997715,0.0,1.6099999999998893,-0.19999999999997797,9.84,-3.4100000000001662,0.21000000000002297,0.0,-1.7700000000000493,0.04000000000001225,-0.95,-0.5599999999997544,-0.10000000000002202,0.0,-1.0000000000000007,0.04999999999999449,-0.95,1.4400000000004187,-0.10000000000002202,0.0,-0.9999999999998899,0.04999999999999449,0,0,0,0,0,0,0,0,0,0,0,0,0,0,0,0,0,0,0,0,0,0,0,0,0,0,0,0,0,0,0,0,0,0,0,0,0,0,0,0,0,0,0,0,0,0,0,0,0,0,0,0,0,0,0,0,0,0,0,0,0,0,0,0,0,0,0,0,0,0,0,0,0,0,0,0,0,0,0,0,0,0,0,0,0,0,0,0,0,0,0,0,0,0,0,0,0,0,0,0,0,0,0,0,0,0,0,0,0,0,0,0,0,0,0,0,0,0,0,0,0,0,0,0,0,0,0,0,0,0,0,0,0,0,0,0,0,0,0,0,0,0,0,0,0,0,0,0,0,0,0,0,0,0,0,0,0,0,0,0,0,0,0,0,0,0,0,0
8.103758972,-1.854695000000144,-1.5142342990748854,1.2965058845071367,4.0541999999999865,-0.23831515908248058,-0.3686774180412744,4.068000000000001,-0.24291065335273743,-0.35487741804122924,4.956406593322754,-0.24291065335273743,-0.344477117061615,4.933836238073813,0.605591689642536,-0.5389978490732029,4.4,0.83,-1.0,0.0,0.0,0.0,4.4,2.83,-1.0,0.0,0.0,0.0,4.4,4.83,-1.0,0.0,0.0,0.0,4.4,6.83,-1.0,0.0,0.0,0.0,4.4,0.83,1.0,0.0,0.0,0.0,4.4,2.83,1.0,0.0,0.0,0.0,4.4,4.83,1.0,0.0,0.0,0.0,4.4,6.83,1.0,0.0,0.0,0.0,2.56,0.2,-1.0,0.0,0.0,0.0,2.56,2.2,-1.0,0.0,0.0,0.0,2.56,0.2,1.0,0.0,0.0,0.0,2.56,2.2,1.0,0.0,0.0,0.0,6.79,-0.44,-1.0,0.0,0.0,0.0,6.79,1.56,-1.0,0.0,0.0,0.0,6.79,3.56,-1.0,0.0,0.0,0.0,6.79,-0.44,1.0,0.0,0.0,0.0,6.79,1.56,1.0,0.0,0.0,0.0,6.79,3.56,1.0,0.0,0.0,0.0,-4.04,2.0865999999998124,-0.41199999999997583,0.0,1.6099999999998893,-0.19999999999997797,9.84,-3.516200000000169,0.2124000000000237,0.0,-1.7700000000000493,0.04000000000001225,-0.95,-0.6199999999997544,-0.09700000000002235,0.0,-1.0000000000000007,0.04999999999999449,-0.95,1.3800000000004253,-0.09700000000002235,0.0,-0.9999999999998899,0.04999999999999449,0,0,0,0,0,0,0,0,0,0,0,0,0,0,0,0,0,0,0,0,0,0,0,0,0,0,0,0,0,0,0,0,0,0,0,0,0,0,0,0,0,0,0,0,0,0,0,0,0,0,0,0,0,0,0,0,0,0,0,0,0,0,0,0,0,0,0,0,0,0,0,0,0,0,0,0,0,0,0,0,0,0,0,0,0,0,0,0,0,0,0,0,0,0,0,0,0,0,0,0,0,0,0,0,0,0,0,0,0,0,0,0,0,0,0,0,0,0,0,0,0,0,0,0,0,0,0,0,0,0,0,0,0,0,0,0,0,0,0,0,0,0,0,0,0,0,0,0,0,0,0,0,0,0,0,0,0,0,0,0,0,0,0,0,0,0,0,0
8.20087659,-1.6106150000001465,-1.5288089382760535,1.2752132394246587,4.067999999999961,-0.24291065335280138,-0.35487741804129946,4.143000000000002,-0.2317097932100296,-0.3290334939956665,4.951575756072998,-0.2317097932100296,-0.3290334939956665,4.928079868635872,0.648896940576249,-0.5412592436685325,4.4,0.83,-1.0,0.0,0.0,0.0,4.4,2.83,-1.0,0.0,0.0,0.0,4.4,4.83,-1.0,0.0,0.0,0.0,4.4,6.83,-1.0,0.0,0.0,0.0,4.4,0.83,1.0,0.0,0.0,0.0,4.4,2.83,1.0,0.0,0.0,0.0,4.4,4.83,1.0,0.0,0.0,0.0,4.4,6.83,1.0,0.0,0.0,0.0,2.56,0.2,-1.0,0.0,0.0,0.0,2.56,2.2,-1.0,0.0,0.0,0.0,2.56,0.2,1.0,0.0,0.0,0.0,2.56,2.2,1.0,0.0,0.0,0.0,6.79,-0.44,-1.0,0.0,0.0,0.0,6.79,1.56,-1.0,0.0,0.0,0.0,6.79,3.56,-1.0,0.0,0.0,0.0,6.79,-0.44,1.0,0.0,0.0,0.0,6.79,1.56,1.0,0.0,0.0,0.0,6.79,3.56,1.0,0.0,0.0,0.0,-4.04,2.2153999999998035,-0.42799999999997407,0.0,1.6099999999998893,-0.19999999999997797,9.84,-3.657800000000173,0.2156000000000247,0.0,-1.7700000000000493,0.04000000000001225,-0.95,-0.6999999999997545,-0.09300000000002279,0.0,-1.0000000000000007,0.04999999999999449,-0.95,1.3000000000004341,-0.09300000000002279,0.0,-0.9999999999998899,0.04999999999999449,0,0,0,0,0,0,0,0,0,0,0,0,0,0,0,0,0,0,0,0,0,0,0,0,0,0,0,0,0,0,0,0,0,0,0,0,0,0,0,0,0,0,0,0,0,0,0,0,0,0,0,0,0,0,0,0,0,0,0,0,0,0,0,0,0,0,0,0,0,0,0,0,0,0,0,0,0,0,0,0,0,0,0,0,0,0,0,0,0,0,0,0,0,0,0,0,0,0,0,0,0,0,0,0,0,0,0,0,0,0,0,0,0,0,0,0,0,0,0,0,0,0,0,0,0,0,0,0,0,0,0,0,0,0,0,0,0,0,0,0,0,0,0,0,0,0,0,0,0,0,0,0,0,0,0,0,0,0,0,0,0,0,0,0,0,0,0,0
8.301171547,-1.2795650000001462,-1.5475304979049014,1.248893808512645,4.164000000000012,-0.2412267223000697,-0.30803349399559643,4.213000000000002,-0.26343289017677307,-0.2590334939956665,4.952597141265869,-0.26343289017677307,-0.18365716934204102,4.928079868635872,0.648896940576249,-0.5412592436685325,4.4,0.83,-1.0,0.0,0.0,0.0,4.4,2.83,-1.0,0.0,0.0,0.0,4.4,4.83,-1.0,0.0,0.0,0.0,4.4,6.83,-1.0,0.0,0.0,0.0,4.4,0.83,1.0,0.0,0.0,0.0,4.4,2.83,1.0,0.0,0.0,0.0,4.4,4.83,1.0,0.0,0.0,0.0,4.4,6.83,1.0,0.0,0.0,0.0,2.56,0.2,-1.0,0.0,0.0,0.0,2.56,2.2,-1.0,0.0,0.0,0.0,2.56,0.2,1.0,0.0,0.0,0.0,2.56,2.2,1.0,0.0,0.0,0.0,6.79,-0.44,-1.0,0.0,0.0,0.0,6.79,1.56,-1.0,0.0,0.0,0.0,6.79,3.56,-1.0,0.0,0.0,0.0,6.79,-0.44,1.0,0.0,0.0,0.0,6.79,1.56,1.0,0.0,0.0,0.0,6.79,3.56,1.0,0.0,0.0,0.0,-4.04,2.3441999999997947,-0.4439999999999723,0.0,1.6099999999998893,-0.19999999999997797,9.84,-3.799400000000177,0.21880000000002567,0.0,-1.7700000000000493,0.04000000000001225,-0.95,-0.7799999999997546,-0.08900000000002323,0.0,-1.0000000000000007,0.04999999999999449,-0.95,1.220000000000443,-0.08900000000002323,0.0,-0.9999999999998899,0.04999999999999449,0,0,0,0,0,0,0,0,0,0,0,0,0,0,0,0,0,0,0,0,0,0,0,0,0,0,0,0,0,0,0,0,0,0,0,0,0,0,0,0,0,0,0,0,0,0,0,0,0,0,0,0,0,0,0,0,0,0,0,0,0,0,0,0,0,0,0,0,0,0,0,0,0,0,0,0,0,0,0,0,0,0,0,0,0,0,0,0,0,0,0,0,0,0,0,0,0,0,0,0,0,0,0,0,0,0,0,0,0,0,0,0,0,0,0,0,0,0,0,0,0,0,0,0,0,0,0,0,0,0,0,0,0,0,0,0,0,0,0,0,0,0,0,0,0,0,0,0,0,0,0,0,0,0,0,0,0,0,0,0,0,0,0,0,0,0,0,0
8.401480632,-1.0267850000001448,-1.5633364713155045,1.23335179887291,4.213000000000022,-0.263432890176718,-0.2590334939955863,4.2890000000000015,-0.30044978857040405,-0.18303349399566649,4.933599472045898,-0.30044978857040405,0.18909615278244019,4.9245381159531245,0.6724775494870243,-0.5447001835512615,4.4,0.83,-1.0,0.0,0.0,0.0,4.4,2.83,-1.0,0.0,0.0,0.0,4.4,4.83,-1.0,0.0,0.0,0.0,4.4,6.83,-1.0,0.0,0.0,0.0,4.4,0.83,1.0,0.0,0.0,0.0,4.4,2.83,1.0,0.0,0.0,0.0,4.4,4.83,1.0,0.0,0.0,0.0,4.4,6.83,1.0,0.0,0.0,0.0,2.56,0.2,-1.0,0.0,0.0,0.0,2.56,2.2,-1.0,0.0,0.0,0.0,2.56,0.2,1.0,0.0,0.0,0.0,2.56,2.2,1.0,0.0,0.0,0.0,6.79,-0.44,-1.0,0.0,0.0,0.0,6.79,1.56,-1.0,0.0,0.0,0.0,6.79,3.56,-1.0,0.0,0.0,0.0,6.79,-0.44,1.0,0.0,0.0,0.0,6.79,1.56,1.0,0.0,0.0,0.0,6.79,3.56,1.0,0.0,0.0,0.0,-4.04,2.472999999999786,-0.45999999999997054,0.0,1.6099999999998893,-0.19999999999997797,9.84,-3.90560000000018,0.2212000000000264,0.0,-1.7700000000000493,0.04000000000001225,-0.95,-0.8399999999997546,-0.08600000000002356,0.0,-1.0000000000000007,0.04999999999999449,-0.95,1.1600000000004496,-0.08600000000002356,0.0,-0.9999999999998899,0.04999999999999449,0,0,0,0,0,0,0,0,0,0,0,0,0,0,0,0,0,0,0,0,0,0,0,0,0,0,0,0,0,0,0,0,0,0,0,0,0,0,0,0,0,0,0,0,0,0,0,0,0,0,0,0,0,0,0,0,0,0,0,0,0,0,0,0,0,0,0,0,0,0,0,0,0,0,0,0,0,0,0,0,0,0,0,0,0,0,0,0,0,0,0,0,0,0,0,0,0,0,0,0,0,0,0,0,0,0,0,0,0,0,0,0,0,0,0,0,0,0,0,0,0,0,0,0,0,0,0,0,0,0,0,0,0,0,0,0,0,0,0,0,0,0,0,0,0,0,0,0,0,0,0,0,0,0,0,0,0,0,0,0,0,0,0,0,0,0,0,0
8.501549288,-0.6952545532624337,-1.5936756691463523,1.2245932034330422,4.287463403424772,-0.30024535934802976,-0.18123393531233054,4.3690000000000015,-0.22044978857040404,-0.2630334939956665,4.882399559020996,-0.2060997039079666,-0.5684013366699219,4.921182305924307,0.6984487171762124,-0.5423413144251723,4.4,0.83,-1.0,0.0,0.0,0.0,4.4,2.83,-1.0,0.0,0.0,0.0,4.4,4.83,-1.0,0.0,0.0,0.0,4.4,6.83,-1.0,0.0,0.0,0.0,4.4,0.83,1.0,0.0,0.0,0.0,4.4,2.83,1.0,0.0,0.0,0.0,4.4,4.83,1.0,0.0,0.0,0.0,4.4,6.83,1.0,0.0,0.0,0.0,2.56,0.2,-1.0,0.0,0.0,0.0,2.56,2.2,-1.0,0.0,0.0,0.0,2.56,0.2,1.0,0.0,0.0,0.0,2.56,2.2,1.0,0.0,0.0,0.0,6.79,-0.44,-1.0,0.0,0.0,0.0,6.79,1.56,-1.0,0.0,0.0,0.0,6.79,3.56,-1.0,0.0,0.0,0.0,6.79,-0.44,1.0,0.0,0.0,0.0,6.79,1.56,1.0,0.0,0.0,0.0,6.79,3.56,1.0,0.0,0.0,0.0,-4.04,2.569599999999779,-0.4719999999999692,0.0,1.6099999999998893,-0.19999999999997797,9.84,-4.047200000000172,0.22440000000002738,0.0,-1.7699999999996052,0.04000000000001225,-0.9383113743919579,-0.9150196547673843,-0.09124179552885263,0.0009158403351766852,-1.0007080349256237,0.04741987212949518,-0.9482348396024955,1.0847895195526676,-0.08511710034257743,0.0009597760406057628,-0.9995195089255328,0.05034139053612853,0,0,0,0,0,0,0,0,0,0,0,0,0,0,0,0,0,0,0,0,0,0,0,0,0,0,0,0,0,0,0,0,0,0,0,0,0,0,0,0,0,0,0,0,0,0,0,0,0,0,0,0,0,0,0,0,0,0,0,0,0,0,0,0,0,0,0,0,0,0,0,0,0,0,0,0,0,0,0,0,0,0,0,0,0,0,0,0,0,0,0,0,0,0,0,0,0,0,0,0,0,0,0,0,0,0,0,0,0,0,0,0,0,0,0,0,0,0,0,0,0,0,0,0,0,0,0,0,0,0,0,0,0,0,0,0,0,0,0,0,0,0,0,0,0,0,0,0,0,0,0,0,0,0,0,0,0,0,0,0,0,0,0,0,0,0,0,0
8.601001639,-0.3470094260553692,-1.610382113138774,1.1994250481997866,4.368999999999979,-0.22044978857050812,-0.2630334939956123,4.445000000000001,-0.1687026023864746,-0.3390334939956665,4.8799309730529785,-0.1687026023864746,-0.6050883531570435,4.926414913350301,0.7103050814986296,-0.4752923234357809,4.4,0.83,-1.0,0.0,0.0,0.0,4.4,2.83,-1.0,0.0,0.0,0.0,4.4,4.83,-1.0,0.0,0.0,0.0,4.4,6.83,-1.0,0.0,0.0,0.0,4.4,0.83,1.0,0.0,0.0,0.0,4.4,2.83,1.0,0.0,0.0,0.0,4.4,4.83,1.0,0.0,0.0,0.0,4.4,6.83,1.0,0.0,0.0,0.0,2.56,0.2,-1.0,0.0,0.0,0.0,2.56,2.2,-1.0,0.0,0.0,0.0,2.56,0.2,1.0,0.0,0.0,0.0,2.56,2.2,1.0,0.0,0.0,0.0,6.79,-0.44,-1.0,0.0,0.0,0.0,6.79,1.56,-1.0,0.0,0.0,0.0,6.79,3.56,-1.0,0.0,0.0,0.0,6.79,-0.44,1.0,0.0,0.0,0.0,6.79,1.56,1.0,0.0,0.0,0.0,6.79,3.56,1.0,0.0,0.0,0.0,-4.04,2.6983999999997703,-0.48799999999996746,0.0,1.6099999999998893,-0.19999999999997797,9.84,-4.188800000000141,0.22760000000002836,0.0,-1.7699999999996052,0.04000000000001225,-0.9376680152775269,-0.9950620526706492,-0.08730140186549445,-0.0004860077788206844,-1.0004871890243519,0.04950240704515911,-0.9480531945423192,1.0048227810626884,-0.08130871065692945,0.00048778083729301546,-0.9995084203377489,0.05048949477140885,0,0,0,0,0,0,0,0,0,0,0,0,0,0,0,0,0,0,0,0,0,0,0,0,0,0,0,0,0,0,0,0,0,0,0,0,0,0,0,0,0,0,0,0,0,0,0,0,0,0,0,0,0,0,0,0,0,0,0,0,0,0,0,0,0,0,0,0,0,0,0,0,0,0,0,0,0,0,0,0,0,0,0,0,0,0,0,0,0,0,0,0,0,0,0,0,0,0,0,0,0,0,0,0,0,0,0,0,0,0,0,0,0,0,0,0,0,0,0,0,0,0,0,0,0,0,0,0,0,0,0,0,0,0,0,0,0,0,0,0,0,0,0,0,0,0,0,0,0,0,0,0,0,0,0,0,0,0,0,0,0,0,0,0,0,0,0,0
8.700792998,0.007464224268982078,-1.6224841080180574,1.167726899267278,4.444999999999999,-0.16870260238644957,-0.3390334939955762,4.525000000000001,-0.12475574016571045,-0.41903349399566653,4.870190620422363,-0.12475574016571045,-0.6872656345367432,4.921495238176007,0.7401314870325383,-0.4807182152923784,4.4,0.83,-1.0,0.0,0.0,0.0,4.4,2.83,-1.0,0.0,0.0,0.0,4.4,4.83,-1.0,0.0,0.0,0.0,4.4,6.83,-1.0,0.0,0.0,0.0,4.4,0.83,1.0,0.0,0.0,0.0,4.4,2.83,1.0,0.0,0.0,0.0,4.4,4.83,1.0,0.0,0.0,0.0,4.4,6.83,1.0,0.0,0.0,0.0,2.56,0.2,-1.0,0.0,0.0,0.0,2.56,2.2,-1.0,0.0,0.0,0.0,2.56,0.2,1.0,0.0,0.0,0.0,2.56,2.2,1.0,0.0,0.0,0.0,6.79,-0.44,-1.0,0.0,0.0,0.0,6.79,1.56,-1.0,0.0,0.0,0.0,6.79,3.56,-1.0,0.0,0.0,0.0,6.79,-0.44,1.0,0.0,0.0,0.0,6.79,1.56,1.0,0.0,0.0,0.0,6.79,3.56,1.0,0.0,0.0,0.0,-4.04,2.8271999999997615,-0.5039999999999657,0.0,1.6099999999998893,-0.19999999999997797,9.84,-4.330400000000109,0.23080000000002934,0.0,-1.7699999999996052,0.04000000000001225,-0.9370047931794814,-1.0750872749217386,-0.0833410107889694,-0.00025562272396415674,-1.0002563698091065,0.04973824133434016,-0.9478854783346784,0.9248391852120927,-0.07751438179640313,0.0002565548792801452,-0.9997413207610716,0.05025749883542922,0,0,0,0,0,0,0,0,0,0,0,0,0,0,0,0,0,0,0,0,0,0,0,0,0,0,0,0,0,0,0,0,0,0,0,0,0,0,0,0,0,0,0,0,0,0,0,0,0,0,0,0,0,0,0,0,0,0,0,0,0,0,0,0,0,0,0,0,0,0,0,0,0,0,0,0,0,0,0,0,0,0,0,0,0,0,0,0,0,0,0,0,0,0,0,0,0,0,0,0,0,0,0,0,0,0,0,0,0,0,0,0,0,0,0,0,0,0,0,0,0,0,0,0,0,0,0,0,0,0,0,0,0,0,0,0,0,0,0,0,0,0,0,0,0,0,0,0,0,0,0,0,0,0,0,0,0,0,0,0,0,0,0,0,0,0,0,0
8.801872912,0.36825208524265135,-1.6310068317190562,1.129433326443806,4.525000000000022,-0.1247557401656019,-0.4190334939955723,4.601000000000001,-0.07419592142105103,-0.49503349399566654,4.858554363250732,-0.07419592142105103,-0.7673090696334839,4.833880374050114,0.7913352988086203,-0.4773994917353078,4.4,0.83,-1.0,0.0,0.0,0.0,4.4,2.83,-1.0,0.0,0.0,0.0,4.4,4.83,-1.0,0.0,0.0,0.0,4.4,6.83,-1.0,0.0,0.0,0.0,4.4,0.83,1.0,0.0,0.0,0.0,4.4,2.83,1.0,0.0,0.0,0.0,4.4,4.83,1.0,0.0,0.0,0.0,4.4,6.83,1.0,0.0,0.0,0.0,2.56,0.2,-1.0,0.0,0.0,0.0,2.56,2.2,-1.0,0.0,0.0,0.0,2.56,0.2,1.0,0.0,0.0,0.0,2.56,2.2,1.0,0.0,0.0,0.0,6.79,-0.44,-1.0,0.0,0.0,0.0,6.79,1.56,-1.0,0.0,0.0,0.0,6.79,3.56,-1.0,0.0,0.0,0.0,6.79,-0.44,1.0,0.0,0.0,0.0,6.79,1.56,1.0,0.0,0.0,0.0,6.79,3.56,1.0,0.0,0.0,0.0,-4.04,2.9559999999997526,-0.5199999999999639,0.0,1.6099999999998893,-0.19999999999997797,9.84,-4.472000000000078,0.23400000000003032,0.0,-1.7699999999996052,0.04000000000001225,-0.9363278108725357,-1.1551002145425182,-0.07936676090358034,-0.00015195601724281893,-1.0001524866798566,0.04984437113287051,-0.9477282059813221,0.8448434848078142,-0.07373059399261846,0.0001525098193690303,-0.9998461404040974,0.05015309627393725,0,0,0,0,0,0,0,0,0,0,0,0,0,0,0,0,0,0,0,0,0,0,0,0,0,0,0,0,0,0,0,0,0,0,0,0,0,0,0,0,0,0,0,0,0,0,0,0,0,0,0,0,0,0,0,0,0,0,0,0,0,0,0,0,0,0,0,0,0,0,0,0,0,0,0,0,0,0,0,0,0,0,0,0,0,0,0,0,0,0,0,0,0,0,0,0,0,0,0,0,0,0,0,0,0,0,0,0,0,0,0,0,0,0,0,0,0,0,0,0,0,0,0,0,0,0,0,0,0,0,0,0,0,0,0,0,0,0,0,0,0,0,0,0,0,0,0,0,0,0,0,0,0,0,0,0,0,0,0,0,0,0,0,0,0,0,0,0
8.90083228,0.7353307448213181,-1.6354003733376743,1.0845561578793237,4.601000000000005,-0.07419592142095224,-0.49503349399577445,4.6770000000000005,-0.020615696907043457,-0.5710334939956665,4.770024299621582,-0.020615696907043457,-0.8259248733520508,4.659308374050114,0.7943317031882227,-0.458854218963469,4.4,0.83,-1.0,0.0,0.0,0.0,4.4,2.83,-1.0,0.0,0.0,0.0,4.4,4.83,-1.0,0.0,0.0,0.0,4.4,6.83,-1.0,0.0,0.0,0.0,4.4,0.83,1.0,0.0,0.0,0.0,4.4,2.83,1.0,0.0,0.0,0.0,4.4,4.83,1.0,0.0,0.0,0.0,4.4,6.83,1.0,0.0,0.0,0.0,2.56,0.2,-1.0,0.0,0.0,0.0,2.56,2.2,-1.0,0.0,0.0,0.0,2.56,0.2,1.0,0.0,0.0,0.0,2.56,2.2,1.0,0.0,0.0,0.0,6.79,-0.44,-1.0,0.0,0.0,0.0,6.79,1.56,-1.0,0.0,0.0,0.0,6.79,3.56,-1.0,0.0,0.0,0.0,6.79,-0.44,1.0,0.0,0.0,0.0,6.79,1.56,1.0,0.0,0.0,0.0,6.79,3.56,1.0,0.0,0.0,0.0,-4.04,3.0847999999997437,-0.5359999999999622,0.0,1.6099999999998893,-0.19999999999997797,9.84,-4.613600000000046,0.2372000000000313,0.0,-1.7699999999996052,0.04000000000001225,-0.9356443827173361,-1.2351075960794762,-0.07538602013149319,-0.00010498973830240388,-1.0001054198811452,0.0498924551019214,-0.9475754106830571,0.7648423321051487,-0.06995132743822298,0.00010537212587317514,-0.9998936314958133,0.05010579484214055,0,0,0,0,0,0,0,0,0,0,0,0,0,0,0,0,0,0,0,0,0,0,0,0,0,0,0,0,0,0,0,0,0,0,0,0,0,0,0,0,0,0,0,0,0,0,0,0,0,0,0,0,0,0,0,0,0,0,0,0,0,0,0,0,0,0,0,0,0,0,0,0,0,0,0,0,0,0,0,0,0,0,0,0,0,0,0,0,0,0,0,0,0,0,0,0,0,0,0,0,0,0,0,0,0,0,0,0,0,0,0,0,0,0,0,0,0,0,0,0,0,0,0,0,0,0,0,0,0,0,0,0,0,0,0,0,0,0,0,0,0,0,0,0,0,0,0,0,0,0,0,0,0,0,0,0,0,0,0,0,0,0,0,0,0,0,0,0
9.000618564,1.1086627479034608,-1.6353663227919648,1.0331273504032958,4.676999999999961,-0.020615696907107267,-0.5710334939956664,4.595000000000001,0.024612661451101303,-0.6530334939956665,4.591644287109375,0.024612661451101303,-0.8477075695991516,4.465478874050115,0.7953747853956662,-0.43542232896264843,4.4,0.83,-1.0,0.0,0.0,0.0,4.4,2.83,-1.0,0.0,0.0,0.0,4.4,4.83,-1.0,0.0,0.0,0.0,4.4,6.83,-1.0,0.0,0.0,0.0,4.4,0.83,1.0,0.0,0.0,0.0,4.4,2.83,1.0,0.0,0.0,0.0,4.4,4.83,1.0,0.0,0.0,0.0,4.4,6.83,1.0,0.0,0.0,0.0,2.56,0.2,-1.0,0.0,0.0,0.0,2.56,2.2,-1.0,0.0,0.0,0.0,2.56,0.2,1.0,0.0,0.0,0.0,2.56,2.2,1.0,0.0,0.0,0.0,6.79,-0.44,-1.0,0.0,0.0,0.0,6.79,1.56,-1.0,0.0,0.0,0.0,6.79,3.56,-1.0,0.0,0.0,0.0,6.79,-0.44,1.0,0.0,0.0,0.0,6.79,1.56,1.0,0.0,0.0,0.0,6.79,3.56,1.0,0.0,0.0,0.0,-4.04,3.213599999999735,-0.5519999999999604,0.0,1.6099999999998893,-0.19999999999997797,9.84,-4.7552000000000145,0.24040000000003228,0.0,-1.7699999999996052,0.04000000000001225,-0.9349577850839011,-1.3151124300304289,-0.0714020892944892,-8.339277769212183e-05,-1.000083786224924,0.04991456375119381,-0.9474244265523121,0.6848387048294864,-0.06617389204581174,8.369630148479425e-05,-0.999915460252969,0.05008404600050116,0,0,0,0,0,0,0,0,0,0,0,0,0,0,0,0,0,0,0,0,0,0,0,0,0,0,0,0,0,0,0,0,0,0,0,0,0,0,0,0,0,0,0,0,0,0,0,0,0,0,0,0,0,0,0,0,0,0,0,0,0,0,0,0,0,0,0,0,0,0,0,0,0,0,0,0,0,0,0,0,0,0,0,0,0,0,0,0,0,0,0,0,0,0,0,0,0,0,0,0,0,0,0,0,0,0,0,0,0,0,0,0,0,0,0,0,0,0,0,0,0,0,0,0,0,0,0,0,0,0,0,0,0,0,0,0,0,0,0,0,0,0,0,0,0,0,0,0,0,0,0,0,0,0,0,0,0,0,0,0,0,0,0,0,0,0,0,0
9.101486755,1.4756342538737686,-1.6319366025427862,0.9753532531542486,4.595000000000064,0.024612661451089358,-0.6530334939956629,4.510000000000001,0.039007410407066345,-0.7380334939956664,4.403360366821289,0.039007410407066345,-0.8096794486045837,4.465478874050115,0.7953747853956662,-0.43542232896264843,4.4,0.83,-1.0,0.0,0.0,0.0,4.4,2.83,-1.0,0.0,0.0,0.0,4.4,4.83,-1.0,0.0,0.0,0.0,4.4,6.83,-1.0,0.0,0.0,0.0,4.4,0.83,1.0,0.0,0.0,0.0,4.4,2.83,1.0,0.0,0.0,0.0,4.4,4.83,1.0,0.0,0.0,0.0,4.4,6.83,1.0,0.0,0.0,0.0,2.56,0.2,-1.0,0.0,0.0,0.0,2.56,2.2,-1.0,0.0,0.0,0.0,2.56,0.2,1.0,0.0,0.0,0.0,2.56,2.2,1.0,0.0,0.0,0.0,6.79,-0.44,-1.0,0.0,0.0,0.0,6.79,1.56,-1.0,0.0,0.0,0.0,6.79,3.56,-1.0,0.0,0.0,0.0,6.79,-0.44,1.0,0.0,0.0,0.0,6.79,1.56,1.0,0.0,0.0,0.0,6.79,3.56,1.0,0.0,0.0,0.0,-4.04,3.342399999999726,-0.5679999999999586,0.0,1.6099999999998893,-0.19999999999997797,9.84,-4.896799999999983,0.24360000000003326,0.0,-1.7699999999996052,0.04000000000001225,-0.9342694875932823,-1.3951160642850435,-0.06741644916380345,-7.314638613435429e-05,-1.0000735374801653,0.04992504899688862,-0.9472740645874891,0.6048339358034677,-0.06239708777826738,7.341243319315329e-05,-0.9999258015507821,0.05007373140625382,0,0,0,0,0,0,0,0,0,0,0,0,0,0,0,0,0,0,0,0,0,0,0,0,0,0,0,0,0,0,0,0,0,0,0,0,0,0,0,0,0,0,0,0,0,0,0,0,0,0,0,0,0,0,0,0,0,0,0,0,0,0,0,0,0,0,0,0,0,0,0,0,0,0,0,0,0,0,0,0,0,0,0,0,0,0,0,0,0,0,0,0,0,0,0,0,0,0,0,0,0,0,0,0,0,0,0,0,0,0,0,0,0,0,0,0,0,0,0,0,0,0,0,0,0,0,0,0,0,0,0,0,0,0,0,0,0,0,0,0,0,0,0,0,0,0,0,0,0,0,0,0,0,0,0,0,0,0,0,0,0,0,0,0,0,0,0,0
9.201544811,1.9254091338392527,-1.626298968148966,0.8948431088929627,4.442799999999973,0.043493181467130965,-0.7661485116959097,4.426000000000001,0.04461462423205376,-0.7731772661209106,4.210864543914795,0.04461462423205376,-0.7731772661209106,4.269996374050113,0.7944557955096958,-0.40786340546783273,4.4,0.83,-1.0,0.0,0.0,0.0,4.4,2.83,-1.0,0.0,0.0,0.0,4.4,4.83,-1.0,0.0,0.0,0.0,4.4,6.83,-1.0,0.0,0.0,0.0,4.4,0.83,1.0,0.0,0.0,0.0,4.4,2.83,1.0,0.0,0.0,0.0,4.4,4.83,1.0,0.0,0.0,0.0,4.4,6.83,1.0,0.0,0.0,0.0,2.56,0.2,-1.0,0.0,0.0,0.0,2.56,2.2,-1.0,0.0,0.0,0.0,2.56,0.2,1.0,0.0,0.0,0.0,2.56,2.2,1.0,0.0,0.0,0.0,6.79,-0.44,-1.0,0.0,0.0,0.0,6.79,1.56,-1.0,0.0,0.0,0.0,6.79,3.56,-1.0,0.0,0.0,0.0,6.79,-0.44,1.0,0.0,0.0,0.0,6.79,1.56,1.0,0.0,0.0,0.0,6.79,3.56,1.0,0.0,0.0,0.0,-4.04,3.503399999999715,-0.5879999999999564,0.0,1.6099999999998893,-0.19999999999997797,9.84,-5.0737999999999435,0.2476000000000345,0.0,-1.7699999999996052,0.04000000000001225,-0.9334076947679351,-1.4951198046406597,-0.06243297220879544,-6.710774218435723e-05,-1.0000675196467959,0.049931222583234194,-0.947086213290069,0.5048272430408662,-0.05767618883714516,6.735161346976572e-05,-0.9999318739146255,0.05006765831174274,0,0,0,0,0,0,0,0,0,0,0,0,0,0,0,0,0,0,0,0,0,0,0,0,0,0,0,0,0,0,0,0,0,0,0,0,0,0,0,0,0,0,0,0,0,0,0,0,0,0,0,0,0,0,0,0,0,0,0,0,0,0,0,0,0,0,0,0,0,0,0,0,0,0,0,0,0,0,0,0,0,0,0,0,0,0,0,0,0,0,0,0,0,0,0,0,0,0,0,0,0,0,0,0,0,0,0,0,0,0,0,0,0,0,0,0,0,0,0,0,0,0,0,0,0,0,0,0,0,0,0,0,0,0,0,0,0,0,0,0,0,0,0,0,0,0,0,0,0,0,0,0,0,0,0,0,0,0,0,0,0,0,0,0,0,0,0,0
9.301948894,2.2784514725447984,-1.621376686933026,0.8274027400770574,4.4260000000002,0.044614624232150395,-0.7731772661209577,4.337000000000001,0.043297238647937775,-0.735819399356842,4.022830963134766,0.043297238647937775,-0.735819399356842,3.8764223740501085,0.7908338542956377,-0.3417112757948251,4.4,0.83,-1.0,0.0,0.0,0.0,4.4,2.83,-1.0,0.0,0.0,0.0,4.4,4.83,-1.0,0.0,0.0,0.0,4.4,6.83,-1.0,0.0,0.0,0.0,4.4,0.83,1.0,0.0,0.0,0.0,4.4,2.83,1.0,0.0,0.0,0.0,4.4,4.83,1.0,0.0,0.0,0.0,4.4,6.83,1.0,0.0,0.0,0.0,2.56,0.2,-1.0,0.0,0.0,0.0,2.56,2.2,-1.0,0.0,0.0,0.0,2.56,0.2,1.0,0.0,0.0,0.0,2.56,2.2,1.0,0.0,0.0,0.0,6.79,-0.44,-1.0,0.0,0.0,0.0,6.79,1.56,-1.0,0.0,0.0,0.0,6.79,3.56,-1.0,0.0,0.0,0.0,6.79,-0.44,1.0,0.0,0.0,0.0,6.79,1.56,1.0,0.0,0.0,0.0,6.79,3.56,1.0,0.0,0.0,0.0,-4.04,3.632199999999706,-0.6039999999999547,0.0,1.6099999999998893,-0.19999999999997797,9.84,-5.215399999999912,0.2508000000000349,0.0,-1.7699999999996052,0.03999999999998449,-0.9327174601731688,-1.5751224580580798,-0.05844538822668946,-6.454654730488048e-05,-1.0000649837408893,0.049933836684639965,-0.9469357531011727,0.42482160265550384,-0.053899292167989804,6.478094704262129e-05,-0.9999344329376015,0.050065086772638746,0,0,0,0,0,0,0,0,0,0,0,0,0,0,0,0,0,0,0,0,0,0,0,0,0,0,0,0,0,0,0,0,0,0,0,0,0,0,0,0,0,0,0,0,0,0,0,0,0,0,0,0,0,0,0,0,0,0,0,0,0,0,0,0,0,0,0,0,0,0,0,0,0,0,0,0,0,0,0,0,0,0,0,0,0,0,0,0,0,0,0,0,0,0,0,0,0,0,0,0,0,0,0,0,0,0,0,0,0,0,0,0,0,0,0,0,0,0,0,0,0,0,0,0,0,0,0,0,0,0,0,0,0,0,0,0,0,0,0,0,0,0,0,0,0,0,0,0,0,0,0,0,0,0,0,0,0,0,0,0,0,0,0,0,0,0,0,0
9.401879558,2.624510452071991,-1.6165585881870534,0.7630246638989949,4.33700000000013,0.04329723864789199,-0.735819399356888,4.252000000000001,0.037938978523015976,-0.6652061343193054,3.641688585281372,0.037938978523015976,-0.6652061343193054,3.698471874050103,0.7890566914326977,-0.31148664362104656,4.4,0.83,-1.0,0.0,0.0,0.0,4.4,2.83,-1.0,0.0,0.0,0.0,4.4,4.83,-1.0,0.0,0.0,0.0,4.4,6.83,-1.0,0.0,0.0,0.0,4.4,0.83,1.0,0.0,0.0,0.0,4.4,2.83,1.0,0.0,0.0,0.0,4.4,4.83,1.0,0.0,0.0,0.0,4.4,6.83,1.0,0.0,0.0,0.0,2.56,0.2,-1.0,0.0,0.0,0.0,2.56,2.2,-1.0,0.0,0.0,0.0,2.56,0.2,1.0,0.0,0.0,0.0,2.56,2.2,1.0,0.0,0.0,0.0,6.79,-0.44,-1.0,0.0,0.0,0.0,6.79,1.56,-1.0,0.0,0.0,0.0,6.79,3.56,-1.0,0.0,0.0,0.0,6.79,-0.44,1.0,0.0,0.0,0.0,6.79,1.56,1.0,0.0,0.0,0.0,6.79,3.56,1.0,0.0,0.0,0.0,-4.04,3.7609999999996973,-0.6199999999999529,0.0,1.6099999999998893,-0.19999999999997797,9.84,-5.35699999999988,0.25400000000003364,0.0,-1.7699999999996052,0.03999999999998449,-0.9320266452329525,-1.6551249248103281,-0.05445722302321997,-6.281651082345776e-05,-1.000063281984175,0.04993559951481038,-0.9467850397942329,0.3448158204514365,-0.05012214286842517,6.30444678006555e-05,-0.9999361503018465,0.050063352651840885,0,0,0,0,0,0,0,0,0,0,0,0,0,0,0,0,0,0,0,0,0,0,0,0,0,0,0,0,0,0,0,0,0,0,0,0,0,0,0,0,0,0,0,0,0,0,0,0,0,0,0,0,0,0,0,0,0,0,0,0,0,0,0,0,0,0,0,0,0,0,0,0,0,0,0,0,0,0,0,0,0,0,0,0,0,0,0,0,0,0,0,0,0,0,0,0,0,0,0,0,0,0,0,0,0,0,0,0,0,0,0,0,0,0,0,0,0,0,0,0,0,0,0,0,0,0,0,0,0,0,0,0,0,0,0,0,0,0,0,0,0,0,0,0,0,0,0,0,0,0,0,0,0,0,0,0,0,0,0,0,0,0,0,0,0,0,0,0
9.501956704,2.9642759365467195,-1.6120982318120805,0.7040141081794938,4.251999999999879,0.037938978522995485,-0.6652061343193305,4.171,0.035112932324409485,-0.6681069135665894,3.6402928829193115,0.035112932324409485,-0.6681069135665894,3.698471874050103,0.7890566914326977,-0.31148664362104656,4.4,0.83,-1.0,0.0,0.0,0.0,4.4,2.83,-1.0,0.0,0.0,0.0,4.4,4.83,-1.0,0.0,0.0,0.0,4.4,6.83,-1.0,0.0,0.0,0.0,4.4,0.83,1.0,0.0,0.0,0.0,4.4,2.83,1.0,0.0,0.0,0.0,4.4,4.83,1.0,0.0,0.0,0.0,4.4,6.83,1.0,0.0,0.0,0.0,2.56,0.2,-1.0,0.0,0.0,0.0,2.56,2.2,-1.0,0.0,0.0,0.0,2.56,0.2,1.0,0.0,0.0,0.0,2.56,2.2,1.0,0.0,0.0,0.0,6.79,-0.44,-1.0,0.0,0.0,0.0,6.79,1.56,-1.0,0.0,0.0,0.0,6.79,3.56,-1.0,0.0,0.0,0.0,6.79,-0.44,1.0,0.0,0.0,0.0,6.79,1.56,1.0,0.0,0.0,0.0,6.79,3.56,1.0,0.0,0.0,0.0,-4.04,3.8897999999996884,-0.6359999999999512,0.0,1.6099999999998893,-0.19999999999997797,9.84,-5.498599999999849,0.2572000000000324,0.0,-1.7699999999996052,0.03999999999998449,-0.9313353045982629,-1.7351272494416992,-0.0504685316194992,-6.145818992090246e-05,-1.000061952799815,0.049936981761616296,-0.946634040935316,0.26480993978615314,-0.04634470813910305,6.168106063231005e-05,-0.9999374917355924,0.05006199292076017,0,0,0,0,0,0,0,0,0,0,0,0,0,0,0,0,0,0,0,0,0,0,0,0,0,0,0,0,0,0,0,0,0,0,0,0,0,0,0,0,0,0,0,0,0,0,0,0,0,0,0,0,0,0,0,0,0,0,0,0,0,0,0,0,0,0,0,0,0,0,0,0,0,0,0,0,0,0,0,0,0,0,0,0,0,0,0,0,0,0,0,0,0,0,0,0,0,0,0,0,0,0,0,0,0,0,0,0,0,0,0,0,0,0,0,0,0,0,0,0,0,0,0,0,0,0,0,0,0,0,0,0,0,0,0,0,0,0,0,0,0,0,0,0,0,0,0,0,0,0,0,0,0,0,0,0,0,0,0,0,0,0,0,0,0,0,0,0
9.601139008,3.2974187109719435,-1.6079198102275507,0.6454122311909768,4.15030000000012,0.03462650142616157,-0.6591841340064977,4.102,0.03349149599671364,-0.638364315032959,3.4682583808898926,0.03349149599671364,-0.638364315032959,3.526137183573917,0.7875058660597395,-0.28434889576705114,4.4,0.83,-1.0,0.0,0.0,0.0,4.4,2.83,-1.0,0.0,0.0,0.0,4.4,4.83,-1.0,0.0,0.0,0.0,4.4,6.83,-1.0,0.0,0.0,0.0,4.4,0.83,1.0,0.0,0.0,0.0,4.4,2.83,1.0,0.0,0.0,0.0,4.4,4.83,1.0,0.0,0.0,0.0,4.4,6.83,1.0,0.0,0.0,0.0,2.56,0.2,-1.0,0.0,0.0,0.0,2.56,2.2,-1.0,0.0,0.0,0.0,2.56,0.2,1.0,0.0,0.0,0.0,2.56,2.2,1.0,0.0,0.0,0.0,6.79,-0.44,-1.0,0.0,0.0,0.0,6.79,1.56,-1.0,0.0,0.0,0.0,6.79,3.56,-1.0,0.0,0.0,0.0,6.79,-0.44,1.0,0.0,0.0,0.0,6.79,1.56,1.0,0.0,0.0,0.0,6.79,3.56,1.0,0.0,0.0,0.0,-4.04,4.018599999999685,-0.6519999999999494,0.0,1.6100000000003334,-0.19999999999997797,9.84,-5.640199999999817,0.26040000000003116,0.0,-1.7699999999996052,0.03999999999998449,-0.9306434664306658,-1.8151294520392895,-0.04647934233074376,-6.0266025557702895e-05,-1.0000607895425646,0.049938194050029874,-0.9464827457468503,0.18480397981942664,-0.042566977051520315,6.0484418748421435e-05,-0.9999386657416025,0.050060800381738935,0,0,0,0,0,0,0,0,0,0,0,0,0,0,0,0,0,0,0,0,0,0,0,0,0,0,0,0,0,0,0,0,0,0,0,0,0,0,0,0,0,0,0,0,0,0,0,0,0,0,0,0,0,0,0,0,0,0,0,0,0,0,0,0,0,0,0,0,0,0,0,0,0,0,0,0,0,0,0,0,0,0,0,0,0,0,0,0,0,0,0,0,0,0,0,0,0,0,0,0,0,0,0,0,0,0,0,0,0,0,0,0,0,0,0,0,0,0,0,0,0,0,0,0,0,0,0,0,0,0,0,0,0,0,0,0,0,0,0,0,0,0,0,0,0,0,0,0,0,0,0,0,0,0,0,0,0,0,0,0,0,0,0,0,0,0,0,0
9.703573081,3.542893652151881,-1.6048968399409915,0.6032335665866969,4.1020000000002,0.03349149599669212,-0.6383643150329154,4.026000000000001,0.03045821748673916,-0.6142188906669617,3.316361665725708,0.03045821748673916,-0.6142188906669617,3.3749857073834386,0.7862273136008044,-0.2602092002816177,4.4,0.83,-1.0,0.0,0.0,0.0,4.4,2.83,-1.0,0.0,0.0,0.0,4.4,4.83,-1.0,0.0,0.0,0.0,4.4,6.83,-1.0,0.0,0.0,0.0,4.4,0.83,1.0,0.0,0.0,0.0,4.4,2.83,1.0,0.0,0.0,0.0,4.4,4.83,1.0,0.0,0.0,0.0,4.4,6.83,1.0,0.0,0.0,0.0,2.56,0.2,-1.0,0.0,0.0,0.0,2.56,2.2,-1.0,0.0,0.0,0.0,2.56,0.2,1.0,0.0,0.0,0.0,2.56,2.2,1.0,0.0,0.0,0.0,6.79,-0.44,-1.0,0.0,0.0,0.0,6.79,1.56,-1.0,0.0,0.0,0.0,6.79,3.56,-1.0,0.0,0.0,0.0,6.79,-0.44,1.0,0.0,0.0,0.0,6.79,1.56,1.0,0.0,0.0,0.0,6.79,3.56,1.0,0.0,0.0,0.0,-4.04,4.115199999999705,-0.6639999999999481,0.0,1.6100000000003334,-0.19999999999997797,9.84,-5.7817999999997856,0.2636000000000299,0.0,-1.7699999999996052,0.03999999999998449,-0.930124271346641,-1.87513102961682,-0.0434871337098248,-5.942336788416091e-05,-1.000059968074357,0.04993905073410755,-0.9463311531429868,0.10479794887750592,-0.03878894846676241,5.936223919898811e-05,-0.9999397656656498,0.05005968231739425,0,0,0,0,0,0,0,0,0,0,0,0,0,0,0,0,0,0,0,0,0,0,0,0,0,0,0,0,0,0,0,0,0,0,0,0,0,0,0,0,0,0,0,0,0,0,0,0,0,0,0,0,0,0,0,0,0,0,0,0,0,0,0,0,0,0,0,0,0,0,0,0,0,0,0,0,0,0,0,0,0,0,0,0,0,0,0,0,0,0,0,0,0,0,0,0,0,0,0,0,0,0,0,0,0,0,0,0,0,0,0,0,0,0,0,0,0,0,0,0,0,0,0,0,0,0,0,0,0,0,0,0,0,0,0,0,0,0,0,0,0,0,0,0,0,0,0,0,0,0,0,0,0,0,0,0,0,0,0,0,0,0,0,0,0,0,0,0
9.802004938,3.8650532643240507,-1.6010807267787044,0.5487209688782188,4.026000000000058,0.030458217486704204,-0.6142188906669332,3.9500000000000006,0.0276064220815897,-0.5917685627937317,3.1647071838378906,0.0276064220815897,-0.5917685627937317,3.224484874050098,0.784998742382677,-0.23675043193371992,4.4,0.83,-1.0,0.0,0.0,0.0,4.4,2.83,-1.0,0.0,0.0,0.0,4.4,4.83,-1.0,0.0,0.0,0.0,4.4,6.83,-1.0,0.0,0.0,0.0,4.4,0.83,1.0,0.0,0.0,0.0,4.4,2.83,1.0,0.0,0.0,0.0,4.4,4.83,1.0,0.0,0.0,0.0,4.4,6.83,1.0,0.0,0.0,0.0,2.56,0.2,-1.0,0.0,0.0,0.0,2.56,2.2,-1.0,0.0,0.0,0.0,2.56,0.2,1.0,0.0,0.0,0.0,2.56,2.2,1.0,0.0,0.0,0.0,6.79,-0.44,-1.0,0.0,0.0,0.0,6.79,1.56,-1.0,0.0,0.0,0.0,6.79,3.56,-1.0,0.0,0.0,0.0,6.79,-0.44,1.0,0.0,0.0,0.0,6.79,1.56,1.0,0.0,0.0,0.0,6.79,3.56,1.0,0.0,0.0,0.0,-4.04,4.2439999999997315,-0.6799999999999463,0.0,1.6100000000003334,-0.19999999999997797,9.84,-5.887999999999762,0.266000000000029,0.0,-1.7699999999996052,0.03999999999998449,-0.9294315984315933,-1.9551330375749993,-0.03949710916157194,-5.833249331354427e-05,-1.0000589045621264,0.04994015978655555,-0.9462172653820808,0.04479338128063495,-0.035955233660578685,5.854361784149502e-05,-0.999940568153973,0.05005886667003193,0,0,0,0,0,0,0,0,0,0,0,0,0,0,0,0,0,0,0,0,0,0,0,0,0,0,0,0,0,0,0,0,0,0,0,0,0,0,0,0,0,0,0,0,0,0,0,0,0,0,0,0,0,0,0,0,0,0,0,0,0,0,0,0,0,0,0,0,0,0,0,0,0,0,0,0,0,0,0,0,0,0,0,0,0,0,0,0,0,0,0,0,0,0,0,0,0,0,0,0,0,0,0,0,0,0,0,0,0,0,0,0,0,0,0,0,0,0,0,0,0,0,0,0,0,0,0,0,0,0,0,0,0,0,0,0,0,0,0,0,0,0,0,0,0,0,0,0,0,0,0,0,0,0,0,0,0,0,0,0,0,0,0,0,0,0,0,0
9.901683355,4.180936715274807,-1.5975154320924285,0.49619412328184886,3.950000000000302,0.0276064220816093,-0.5917685627937072,3.8670000000000004,0.024673443287611008,-0.5695092082023621,3.0052011013031006,0.024673443287611008,-0.5695092082023621,3.066600374050096,0.7837975836357564,-0.21262781288596005,4.4,0.83,-1.0,0.0,0.0,0.0,4.4,2.83,-1.0,0.0,0.0,0.0,4.4,4.83,-1.0,0.0,0.0,0.0,4.4,6.83,-1.0,0.0,0.0,0.0,4.4,0.83,1.0,0.0,0.0,0.0,4.4,2.83,1.0,0.0,0.0,0.0,4.4,4.83,1.0,0.0,0.0,0.0,4.4,6.83,1.0,0.0,0.0,0.0,2.56,0.2,-1.0,0.0,0.0,0.0,2.56,2.2,-1.0,0.0,0.0,0.0,2.56,0.2,1.0,0.0,0.0,0.0,2.56,2.2,1.0,0.0,0.0,0.0,6.79,-0.44,-1.0,0.0,0.0,0.0,6.79,1.56,-1.0,0.0,0.0,0.0,6.79,3.56,-1.0,0.0,0.0,0.0,6.79,-0.44,1.0,0.0,0.0,0.0,6.79,1.56,1.0,0.0,0.0,0.0,6.79,3.56,1.0,0.0,0.0,0.0,-4.04,4.372799999999758,-0.6959999999999446,0.0,1.6100000000003334,-0.19999999999997797,9.84,-6.02959999999973,0.26920000000002775,0.0,-1.7699999999996052,0.03999999999998449,-0.9287384619285125,-2.0351349385289983,-0.03550662073152201,-5.725956988890667e-05,-1.000057857843553,0.04994125077649759,-0.9460651613455783,-0.0352127668637862,-0.032176693492698166,5.746666391845467e-05,-0.9999416245460507,0.05005779345343432,0,0,0,0,0,0,0,0,0,0,0,0,0,0,0,0,0,0,0,0,0,0,0,0,0,0,0,0,0,0,0,0,0,0,0,0,0,0,0,0,0,0,0,0,0,0,0,0,0,0,0,0,0,0,0,0,0,0,0,0,0,0,0,0,0,0,0,0,0,0,0,0,0,0,0,0,0,0,0,0,0,0,0,0,0,0,0,0,0,0,0,0,0,0,0,0,0,0,0,0,0,0,0,0,0,0,0,0,0,0,0,0,0,0,0,0,0,0,0,0,0,0,0,0,0,0,0,0,0,0,0,0,0,0,0,0,0,0,0,0,0,0,0,0,0,0,0,0,0,0,0,0,0,0,0,0,0,0,0,0,0,0,0,0,0,0,0,0
10.002621531,4.4903700709185355,-1.5941958193170145,0.4455332941683504,3.8600999999999113,0.024406073242489213,-0.5671655535697868,3.7980000000000005,0.021999742835760117,-0.5460726618766785,2.843724012374878,0.021999742835760117,-0.5460726618766785,2.9064809240500904,0.7826738582533306,-0.1886154663649411,4.4,0.83,-1.0,0.0,0.0,0.0,4.4,2.83,-1.0,0.0,0.0,0.0,4.4,4.83,-1.0,0.0,0.0,0.0,4.4,6.83,-1.0,0.0,0.0,0.0,4.4,0.83,1.0,0.0,0.0,0.0,4.4,2.83,1.0,0.0,0.0,0.0,4.4,4.83,1.0,0.0,0.0,0.0,4.4,6.83,1.0,0.0,0.0,0.0,2.56,0.2,-1.0,0.0,0.0,0.0,2.56,2.2,-1.0,0.0,0.0,0.0,2.56,0.2,1.0,0.0,0.0,0.0,2.56,2.2,1.0,0.0,0.0,0.0,6.79,-0.44,-1.0,0.0,0.0,0.0,6.79,1.56,-1.0,0.0,0.0,0.0,6.79,3.56,-1.0,0.0,0.0,0.0,6.79,-0.44,1.0,0.0,0.0,0.0,6.79,1.56,1.0,0.0,0.0,0.0,6.79,3.56,1.0,0.0,0.0,0.0,-4.04,4.501599999999785,-0.7119999999999428,0.0,1.6100000000003334,-0.19999999999997797,9.84,-6.171199999999699,0.2724000000000265,0.0,-1.7699999999996052,0.03999999999998449,-0.9280448212947446,-2.115136683889367,-0.03151562734034749,-5.671130649395239e-05,-1.000057340296362,0.049941803718579925,-0.9459128226641906,-0.11521903080722483,-0.028397919136803607,5.691627143305894e-05,-0.9999421470246854,0.0500572495306595,0,0,0,0,0,0,0,0,0,0,0,0,0,0,0,0,0,0,0,0,0,0,0,0,0,0,0,0,0,0,0,0,0,0,0,0,0,0,0,0,0,0,0,0,0,0,0,0,0,0,0,0,0,0,0,0,0,0,0,0,0,0,0,0,0,0,0,0,0,0,0,0,0,0,0,0,0,0,0,0,0,0,0,0,0,0,0,0,0,0,0,0,0,0,0,0,0,0,0,0,0,0,0,0,0,0,0,0,0,0,0,0,0,0,0,0,0,0,0,0,0,0,0,0,0,0,0,0,0,0,0,0,0,0,0,0,0,0,0,0,0,0,0,0,0,0,0,0,0,0,0,0,0,0,0,0,0,0,0,0,0,0,0,0,0,0,0,0
10.10364507,4.7929653104868475,-1.5911530713965876,0.3971746155309749,3.7468999999997394,0.01974913328881458,-0.5366175055503787,3.7250000000000005,0.01878458634018898,-0.5325652956962585,2.7085485458374023,0.01878458634018898,-0.5325652956962585,2.7747075240500902,0.781824605008351,-0.16917465756209835,4.4,0.83,-1.0,0.0,0.0,0.0,4.4,2.83,-1.0,0.0,0.0,0.0,4.4,4.83,-1.0,0.0,0.0,0.0,4.4,6.83,-1.0,0.0,0.0,0.0,4.4,0.83,1.0,0.0,0.0,0.0,4.4,2.83,1.0,0.0,0.0,0.0,4.4,4.83,1.0,0.0,0.0,0.0,4.4,6.83,1.0,0.0,0.0,0.0,2.56,0.2,-1.0,0.0,0.0,0.0,2.56,2.2,-1.0,0.0,0.0,0.0,2.56,0.2,1.0,0.0,0.0,0.0,2.56,2.2,1.0,0.0,0.0,0.0,6.79,-0.44,-1.0,0.0,0.0,0.0,6.79,1.56,-1.0,0.0,0.0,0.0,6.79,3.56,-1.0,0.0,0.0,0.0,6.79,-0.44,1.0,0.0,0.0,0.0,6.79,1.56,1.0,0.0,0.0,0.0,6.79,3.56,1.0,0.0,0.0,0.0,-4.04,4.598199999999805,-0.7239999999999415,0.0,1.6100000000003334,-0.19999999999997797,9.84,-6.277399999999675,0.2748000000000256,0.0,-1.7699999999996052,0.03999999999998449,-0.9275243567170085,-2.1751379839957816,-0.02852214860315154,-5.5680801810903726e-05,-1.0000563252114945,0.04994285414100713,-0.9457601317543974,-0.19522528336751924,-0.024618791707489318,5.556402517351862e-05,-0.9999434857538138,0.050055898750011284,0,0,0,0,0,0,0,0,0,0,0,0,0,0,0,0,0,0,0,0,0,0,0,0,0,0,0,0,0,0,0,0,0,0,0,0,0,0,0,0,0,0,0,0,0,0,0,0,0,0,0,0,0,0,0,0,0,0,0,0,0,0,0,0,0,0,0,0,0,0,0,0,0,0,0,0,0,0,0,0,0,0,0,0,0,0,0,0,0,0,0,0,0,0,0,0,0,0,0,0,0,0,0,0,0,0,0,0,0,0,0,0,0,0,0,0,0,0,0,0,0,0,0,0,0,0,0,0,0,0,0,0,0,0,0,0,0,0,0,0,0,0,0,0,0,0,0,0,0,0,0,0,0,0,0,0,0,0,0,0,0,0,0,0,0,0,0,0
10.201850231,5.015928266130887,-1.5890616526529993,0.36171027378301324,3.724999999999727,0.01878458634013106,-0.5325652956962504,3.6490000000000005,0.015436790883541107,-0.5201597213745117,2.5633654594421387,0.015436790883541107,-0.5201597213745117,2.6340870740500986,0.7810074956962345,-0.14892208522828573,4.4,0.83,-1.0,0.0,0.0,0.0,4.4,2.83,-1.0,0.0,0.0,0.0,4.4,4.83,-1.0,0.0,0.0,0.0,4.4,6.83,-1.0,0.0,0.0,0.0,4.4,0.83,1.0,0.0,0.0,0.0,4.4,2.83,1.0,0.0,0.0,0.0,4.4,4.83,1.0,0.0,0.0,0.0,4.4,6.83,1.0,0.0,0.0,0.0,2.56,0.2,-1.0,0.0,0.0,0.0,2.56,2.2,-1.0,0.0,0.0,0.0,2.56,0.2,1.0,0.0,0.0,0.0,2.56,2.2,1.0,0.0,0.0,0.0,6.79,-0.44,-1.0,0.0,0.0,0.0,6.79,1.56,-1.0,0.0,0.0,0.0,6.79,3.56,-1.0,0.0,0.0,0.0,6.79,-0.44,1.0,0.0,0.0,0.0,6.79,1.56,1.0,0.0,0.0,0.0,6.79,3.56,1.0,0.0,0.0,0.0,-4.04,4.726999999999832,-0.7399999999999397,0.0,1.6100000000003334,-0.19999999999997797,9.84,-6.418999999999643,0.27800000000002434,0.0,-1.7699999999996052,0.03999999999998449,-0.926830000227745,-2.25513961077754,-0.024530439433342825,-5.4464049444804275e-05,-1.0000551294424629,0.04994409368281934,-0.9456454443893544,-0.25523002669420664,-0.021784277053526105,5.466064646705987e-05,-0.9999443781524201,0.05005499686004725,0,0,0,0,0,0,0,0,0,0,0,0,0,0,0,0,0,0,0,0,0,0,0,0,0,0,0,0,0,0,0,0,0,0,0,0,0,0,0,0,0,0,0,0,0,0,0,0,0,0,0,0,0,0,0,0,0,0,0,0,0,0,0,0,0,0,0,0,0,0,0,0,0,0,0,0,0,0,0,0,0,0,0,0,0,0,0,0,0,0,0,0,0,0,0,0,0,0,0,0,0,0,0,0,0,0,0,0,0,0,0,0,0,0,0,0,0,0,0,0,0,0,0,0,0,0,0,0,0,0,0,0,0,0,0,0,0,0,0,0,0,0,0,0,0,0,0,0,0,0,0,0,0,0,0,0,0,0,0,0,0,0,0,0,0,0,0,0
10.301018624,5.307832300573994,-1.5865323426267754,0.31539325342103586,3.6489999999996092,0.015436790883471187,-0.5201597213745189,3.5700000000000003,0.01121063344180584,-0.5111860036849976,2.414931297302246,0.01121063344180584,-0.5111860036849976,2.4923359740501096,0.780284824879979,-0.12864557139547844,4.4,0.83,-1.0,0.0,0.0,0.0,4.4,2.83,-1.0,0.0,0.0,0.0,4.4,4.83,-1.0,0.0,0.0,0.0,4.4,6.83,-1.0,0.0,0.0,0.0,4.4,0.83,1.0,0.0,0.0,0.0,4.4,2.83,1.0,0.0,0.0,0.0,4.4,4.83,1.0,0.0,0.0,0.0,4.4,6.83,1.0,0.0,0.0,0.0,2.56,0.2,-1.0,0.0,0.0,0.0,2.56,2.2,-1.0,0.0,0.0,0.0,2.56,0.2,1.0,0.0,0.0,0.0,2.56,2.2,1.0,0.0,0.0,0.0,6.79,-0.44,-1.0,0.0,0.0,0.0,6.79,1.56,-1.0,0.0,0.0,0.0,6.79,3.56,-1.0,0.0,0.0,0.0,6.79,-0.44,1.0,0.0,0.0,0.0,6.79,1.56,1.0,0.0,0.0,0.0,6.79,3.56,1.0,0.0,0.0,0.0,-4.04,4.855799999999858,-0.7559999999999379,0.0,1.6100000000003334,-0.19999999999997797,9.84,-6.560599999999612,0.2812000000000231,0.0,-1.7699999999996052,0.03999999999998449,-0.9261351982095914,-2.3351411248511096,-0.02053828426655365,-5.333424575364393e-05,-1.0000540202250368,0.04994524435952199,-0.9454923012053839,-0.33523641599615517,-0.018004697566836026,5.352662665080814e-05,-0.9999454975610197,0.05005386492433929,0,0,0,0,0,0,0,0,0,0,0,0,0,0,0,0,0,0,0,0,0,0,0,0,0,0,0,0,0,0,0,0,0,0,0,0,0,0,0,0,0,0,0,0,0,0,0,0,0,0,0,0,0,0,0,0,0,0,0,0,0,0,0,0,0,0,0,0,0,0,0,0,0,0,0,0,0,0,0,0,0,0,0,0,0,0,0,0,0,0,0,0,0,0,0,0,0,0,0,0,0,0,0,0,0,0,0,0,0,0,0,0,0,0,0,0,0,0,0,0,0,0,0,0,0,0,0,0,0,0,0,0,0,0,0,0,0,0,0,0,0,0,0,0,0,0,0,0,0,0,0,0,0,0,0,0,0,0,0,0,0,0,0,0,0,0,0,0
10.400880911,5.593379310155067,-1.5843672763650578,0.2699387727490844,3.569999999999779,0.011210633441857621,-0.5111860036849932,3.487,0.0051598623394966125,-0.5080232620239258,2.263720989227295,0.0051598623394966125,-0.5080232620239258,2.351599574050124,0.7796797242145537,-0.10857745417030804,4.4,0.83,-1.0,0.0,0.0,0.0,4.4,2.83,-1.0,0.0,0.0,0.0,4.4,4.83,-1.0,0.0,0.0,0.0,4.4,6.83,-1.0,0.0,0.0,0.0,4.4,0.83,1.0,0.0,0.0,0.0,4.4,2.83,1.0,0.0,0.0,0.0,4.4,4.83,1.0,0.0,0.0,0.0,4.4,6.83,1.0,0.0,0.0,0.0,2.56,0.2,-1.0,0.0,0.0,0.0,2.56,2.2,-1.0,0.0,0.0,0.0,2.56,0.2,1.0,0.0,0.0,0.0,2.56,2.2,1.0,0.0,0.0,0.0,6.79,-0.44,-1.0,0.0,0.0,0.0,6.79,1.56,-1.0,0.0,0.0,0.0,6.79,3.56,-1.0,0.0,0.0,0.0,6.79,-0.44,1.0,0.0,0.0,0.0,6.79,1.56,1.0,0.0,0.0,0.0,6.79,3.56,1.0,0.0,0.0,0.0,-4.04,4.984599999999885,-0.7719999999999362,0.0,1.6100000000003334,-0.19999999999997797,9.84,-6.70219999999958,0.28440000000002186,0.0,-1.7699999999996052,0.03999999999998449,-0.9254399624414227,-2.4151425311517083,-0.016545694902709573,-5.224319542408553e-05,-1.0000529488762577,0.049946355615533004,-0.9453389016245553,-0.41524287587183895,-0.014224861763478765,5.24315054727729e-05,-0.9999465787515053,0.05005277176713323,0,0,0,0,0,0,0,0,0,0,0,0,0,0,0,0,0,0,0,0,0,0,0,0,0,0,0,0,0,0,0,0,0,0,0,0,0,0,0,0,0,0,0,0,0,0,0,0,0,0,0,0,0,0,0,0,0,0,0,0,0,0,0,0,0,0,0,0,0,0,0,0,0,0,0,0,0,0,0,0,0,0,0,0,0,0,0,0,0,0,0,0,0,0,0,0,0,0,0,0,0,0,0,0,0,0,0,0,0,0,0,0,0,0,0,0,0,0,0,0,0,0,0,0,0,0,0,0,0,0,0,0,0,0,0,0,0,0,0,0,0,0,0,0,0,0,0,0,0,0,0,0,0,0,0,0,0,0,0,0,0,0,0,0,0,0,0,0
10.502598625,5.872658704891835,-1.5826839710810394,0.22487624993827005,3.4870000000001404,0.005159862339500533,-0.5080232620239135,3.4170000000000003,-0.0019016327569261193,-0.500795841217041,2.10025691986084,-0.0019016327569261193,-0.500795841217041,2.0790238740501295,0.778991045330977,-0.06928165812166737,4.4,0.83,-1.0,0.0,0.0,0.0,4.4,2.83,-1.0,0.0,0.0,0.0,4.4,4.83,-1.0,0.0,0.0,0.0,4.4,6.83,-1.0,0.0,0.0,0.0,4.4,0.83,1.0,0.0,0.0,0.0,4.4,2.83,1.0,0.0,0.0,0.0,4.4,4.83,1.0,0.0,0.0,0.0,4.4,6.83,1.0,0.0,0.0,0.0,2.56,0.2,-1.0,0.0,0.0,0.0,2.56,2.2,-1.0,0.0,0.0,0.0,2.56,0.2,1.0,0.0,0.0,0.0,2.56,2.2,1.0,0.0,0.0,0.0,6.79,-0.44,-1.0,0.0,0.0,0.0,6.79,1.56,-1.0,0.0,0.0,0.0,6.79,3.56,-1.0,0.0,0.0,0.0,6.79,-0.44,1.0,0.0,0.0,0.0,6.79,1.56,1.0,0.0,0.0,0.0,6.79,3.56,1.0,0.0,0.0,0.0,-4.04,5.113399999999912,-0.7879999999999344,0.0,1.6100000000003334,-0.19999999999997797,9.84,-6.843799999999549,0.2876000000000206,0.0,-1.7699999999996052,0.03999999999998449,-0.9247443019276584,-2.4951438320353576,-0.012552680340928483,-5.1169335972574445e-05,-1.0000518935999385,0.049947449576179616,-0.9451852506033799,-0.4952494047117232,-0.010444774608027297,5.135364255163614e-05,-0.9999476437149811,0.050051695623049265,0,0,0,0,0,0,0,0,0,0,0,0,0,0,0,0,0,0,0,0,0,0,0,0,0,0,0,0,0,0,0,0,0,0,0,0,0,0,0,0,0,0,0,0,0,0,0,0,0,0,0,0,0,0,0,0,0,0,0,0,0,0,0,0,0,0,0,0,0,0,0,0,0,0,0,0,0,0,0,0,0,0,0,0,0,0,0,0,0,0,0,0,0,0,0,0,0,0,0,0,0,0,0,0,0,0,0,0,0,0,0,0,0,0,0,0,0,0,0,0,0,0,0,0,0,0,0,0,0,0,0,0,0,0,0,0,0,0,0,0,0,0,0,0,0,0,0,0,0,0,0,0,0,0,0,0,0,0,0,0,0,0,0,0,0,0,0,0
10.602780781,6.077252224147269,-1.58191732061731,0.19161778667336318,3.4169999999998266,-0.001901632756859725,-0.5007958412170482,3.346,-0.023895390331745148,-0.5280104875564575,1.9446005821228027,-0.023895390331745148,-0.5280104875564575,2.0790238740501295,0.778991045330977,-0.06928165812166737,4.4,0.83,-1.0,0.0,0.0,0.0,4.4,2.83,-1.0,0.0,0.0,0.0,4.4,4.83,-1.0,0.0,0.0,0.0,4.4,6.83,-1.0,0.0,0.0,0.0,4.4,0.83,1.0,0.0,0.0,0.0,4.4,2.83,1.0,0.0,0.0,0.0,4.4,4.83,1.0,0.0,0.0,0.0,4.4,6.83,1.0,0.0,0.0,0.0,2.56,0.2,-1.0,0.0,0.0,0.0,2.56,2.2,-1.0,0.0,0.0,0.0,2.56,0.2,1.0,0.0,0.0,0.0,2.56,2.2,1.0,0.0,0.0,0.0,6.79,-0.44,-1.0,0.0,0.0,0.0,6.79,1.56,-1.0,0.0,0.0,0.0,6.79,3.56,-1.0,0.0,0.0,0.0,6.79,-0.44,1.0,0.0,0.0,0.0,6.79,1.56,1.0,0.0,0.0,0.0,6.79,3.56,1.0,0.0,0.0,0.0,-4.04,5.242199999999938,-0.8039999999999327,0.0,1.6100000000003334,-0.19999999999997797,9.84,-6.949999999999525,0.2900000000000197,0.0,-1.7699999999996052,0.03999999999998449,-0.9240481840933579,-2.5751449866622282,-0.0085592075126855,-5.0537618739595266e-05,-1.000051285680924,0.049948089740145654,-0.9450313963160193,-0.5752560441908392,-0.0066644847720815,5.071951848621043e-05,-0.9999482573240375,0.05005106589330214,0,0,0,0,0,0,0,0,0,0,0,0,0,0,0,0,0,0,0,0,0,0,0,0,0,0,0,0,0,0,0,0,0,0,0,0,0,0,0,0,0,0,0,0,0,0,0,0,0,0,0,0,0,0,0,0,0,0,0,0,0,0,0,0,0,0,0,0,0,0,0,0,0,0,0,0,0,0,0,0,0,0,0,0,0,0,0,0,0,0,0,0,0,0,0,0,0,0,0,0,0,0,0,0,0,0,0,0,0,0,0,0,0,0,0,0,0,0,0,0,0,0,0,0,0,0,0,0,0,0,0,0,0,0,0,0,0,0,0,0,0,0,0,0,0,0,0,0,0,0,0,0,0,0,0,0,0,0,0,0,0,0,0,0,0,0,0,0
10.702535953,6.386382019732656,-1.595192843007584,0.132528490526573,2.470127901935945,-0.5028393374086088,-0.6222818180792169,3.263,-0.0912761315703392,-0.6110104875564575,1.8300702571868896,-0.0912761315703392,-0.6636379361152649,1.9580796597644206,0.7790622328696766,-0.05152216330611323,4.4,0.83,-1.0,0.0,0.0,0.0,4.4,2.83,-1.0,0.0,0.0,0.0,4.4,4.83,-1.0,0.0,0.0,0.0,4.4,6.83,-1.0,0.0,0.0,0.0,4.4,0.83,1.0,0.0,0.0,0.0,4.4,2.83,1.0,0.0,0.0,0.0,4.4,4.83,1.0,0.0,0.0,0.0,4.4,6.83,1.0,0.0,0.0,0.0,2.56,0.2,-1.0,0.0,0.0,0.0,2.56,2.2,-1.0,0.0,0.0,0.0,2.56,0.2,1.0,0.0,0.0,0.0,2.56,2.2,1.0,0.0,0.0,0.0,6.79,-0.44,-1.0,0.0,0.0,0.0,6.79,1.56,-1.0,0.0,0.0,0.0,6.79,3.56,-1.0,0.0,0.0,0.0,6.79,-0.44,1.0,0.0,0.0,0.0,6.79,1.56,1.0,0.0,0.0,0.0,6.79,3.56,1.0,0.0,0.0,0.0,-4.04,5.370999999999965,-0.8199999999999309,0.0,1.6100000000003334,-0.19999999999997797,9.84,-7.1269999999994855,0.29400000000001814,0.0,-1.7699999999996052,0.03999999999998449,-0.9233517219072971,-2.6551461031710564,-0.004565390584044285,-4.923437686893025e-05,-1.000049995068927,0.0499494199865738,-0.944877240342206,-0.6552626869493592,-0.0028838926415497733,4.9411457771061385e-05,-0.9999495596990743,0.05004975730515594,0,0,0,0,0,0,0,0,0,0,0,0,0,0,0,0,0,0,0,0,0,0,0,0,0,0,0,0,0,0,0,0,0,0,0,0,0,0,0,0,0,0,0,0,0,0,0,0,0,0,0,0,0,0,0,0,0,0,0,0,0,0,0,0,0,0,0,0,0,0,0,0,0,0,0,0,0,0,0,0,0,0,0,0,0,0,0,0,0,0,0,0,0,0,0,0,0,0,0,0,0,0,0,0,0,0,0,0,0,0,0,0,0,0,0,0,0,0,0,0,0,0,0,0,0,0,0,0,0,0,0,0,0,0,0,0,0,0,0,0,0,0,0,0,0,0,0,0,0,0,0,0,0,0,0,0,0,0,0,0,0,0,0,0,0,0,0,0
