time_elapsed,pos_x,pos_y,pos_z,vel_x,vel_y,vel_z,cmd_vel_x,cmd_vel_y,cmd_vel_z,cmd_vel_unfiltered_x,cmd_vel_unfiltered_y,cmd_vel_unfiltered_z,desired_vel_x,desired_vel_y,desired_vel_z,obs_1_pos_x,obs_1_pos_y,obs_1_pos_z,obs_1_vel_x,obs_1_vel_y,obs_1_vel_z,obs_2_pos_x,obs_2_pos_y,obs_2_pos_z,obs_2_vel_x,obs_2_vel_y,obs_2_vel_z,obs_3_pos_x,obs_3_pos_y,obs_3_pos_z,obs_3_vel_x,obs_3_vel_y,obs_3_vel_z,obs_4_pos_x,obs_4_pos_y,obs_4_pos_z,obs_4_vel_x,obs_4_vel_y,obs_4_vel_z,obs_5_pos_x,obs_5_pos_y,obs_5_pos_z,obs_5_vel_x,obs_5_vel_y,obs_5_vel_z,obs_6_pos_x,obs_6_pos_y,obs_6_pos_z,obs_6_vel_x,obs_6_vel_y,obs_6_vel_z,obs_7_pos_x,obs_7_pos_y,obs_7_pos_z,obs_7_vel_x,obs_7_vel_y,obs_7_vel_z,obs_8_pos_x,obs_8_pos_y,obs_8_pos_z,obs_8_vel_x,obs_8_vel_y,obs_8_vel_z,obs_9_pos_x,obs_9_pos_y,obs_9_pos_z,obs_9_vel_x,obs_9_vel_y,obs_9_vel_z,obs_10_pos_x,obs_10_pos_y,obs_10_pos_z,obs_10_vel_x,obs_10_vel_y,obs_10_vel_z,obs_11_pos_x,obs_11_pos_y,obs_11_pos_z,obs_11_vel_x,obs_11_vel_y,obs_11_vel_z,obs_12_pos_x,obs_12_pos_y,obs_12_pos_z,obs_12_vel_x,obs_12_vel_y,obs_12_vel_z,obs_13_pos_x,obs_13_pos_y,obs_13_pos_z,obs_13_vel_x,obs_13_vel_y,obs_13_vel_z,obs_14_pos_x,obs_14_pos_y,obs_14_pos_z,obs_14_vel_x,obs_14_vel_y,obs_14_vel_z,obs_15_pos_x,obs_15_pos_y,obs_15_pos_z,obs_15_vel_x,obs_15_vel_y,obs_15_vel_z,obs_16_pos_x,obs_16_pos_y,obs_16_pos_z,obs_16_vel_x,obs_16_vel_y,obs_16_vel_z,obs_17_pos_x,obs_17_pos_y,obs_17_pos_z,obs_17_vel_x,obs_17_vel_y,obs_17_vel_z,obs_18_pos_x,obs_18_pos_y,obs_18_pos_z,obs_18_vel_x,obs_18_vel_y,obs_18_vel_z,obs_19_pos_x,obs_19_pos_y,obs_19_pos_z,obs_19_vel_x,obs_19_vel_y,obs_19_vel_z,obs_20_pos_x,obs_20_pos_y,obs_20_pos_z,obs_20_vel_x,obs_20_vel_y,obs_20_vel_z,obs_21_pos_x,obs_21_pos_y,obs_21_pos_z,obs_21_vel_x,obs_21_vel_y,obs_21_vel_z,obs_22_pos_x,obs_22_pos_y,obs_22_pos_z,obs_22_vel_x,obs_22_vel_y,obs_22_vel_z,obs_23_pos_x,obs_23_pos_y,obs_23_pos_z,obs_23_vel_x,obs_23_vel_y,obs_23_vel_z,obs_24_pos_x,obs_24_pos_y,obs_24_pos_z,obs_24_vel_x,obs_24_vel_y,obs_24_vel_z,obs_25_pos_x,obs_25_pos_y,obs_25_pos_z,obs_25_vel_x,obs_25_vel_y,obs_25_vel_z,obs_26_pos_x,obs_26_pos_y,obs_26_pos_z,obs_26_vel_x,obs_26_vel_y,obs_26_vel_z,obs_27_pos_x,obs_27_pos_y,obs_27_pos_z,obs_27_vel_x,obs_27_vel_y,obs_27_vel_z,obs_28_pos_x,obs_28_pos_y,obs_28_pos_z,obs_28_vel_x,obs_28_vel_y,obs_28_vel_z,obs_29_pos_x,obs_29_pos_y,obs_29_pos_z,obs_29_vel_x,obs_29_vel_y,obs_29_vel_z,obs_30_pos_x,obs_30_pos_y,obs_30_pos_z,obs_30_vel_x,obs_30_vel_y,obs_30_vel_z,obs_31_pos_x,obs_31_pos_y,obs_31_pos_z,obs_31_vel_x,obs_31_vel_y,obs_31_vel_z,obs_32_pos_x,obs_32_pos_y,obs_32_pos_z,obs_32_vel_x,obs_32_vel_y,obs_32_vel_z,obs_33_pos_x,obs_33_pos_y,obs_33_pos_z,obs_33_vel_x,obs_33_vel_y,obs_33_vel_z,obs_34_pos_x,obs_34_pos_y,obs_34_pos_z,obs_34_vel_x,obs_34_vel_y,obs_34_vel_z,obs_35_pos_x,obs_35_pos_y,obs_35_pos_z,obs_35_vel_x,obs_35_vel_y,obs_35_vel_z,obs_36_pos_x,obs_36_pos_y,obs_36_pos_z,obs_36_vel_x,obs_36_vel_y,obs_36_vel_z,obs_37_pos_x,obs_37_pos_y,obs_37_pos_z,obs_37_vel_x,obs_37_vel_y,obs_37_vel_z,obs_38_pos_x,obs_38_pos_y,obs_38_pos_z,obs_38_vel_x,obs_38_vel_y,obs_38_vel_z,obs_39_pos_x,obs_39_pos_y,obs_39_pos_z,obs_39_vel_x,obs_39_vel_y,obs_39_vel_z,obs_40_pos_x,obs_40_pos_y,obs_40_pos_z,obs_40_vel_x,obs_40_vel_y,obs_40_vel_z,obs_41_pos_x,obs_41_pos_y,obs_41_pos_z,obs_41_vel_x,obs_41_vel_y,obs_41_vel_z,obs_42_pos_x,obs_42_pos_y,obs_42_pos_z,obs_42_vel_x,obs_42_vel_y,obs_42_vel_z,obs_43_pos_x,obs_43_pos_y,obs_43_pos_z,obs_43_vel_x,obs_43_vel_y,obs_43_vel_z,obs_44_pos_x,obs_44_pos_y,obs_44_pos_z,obs_44_vel_x,obs_44_vel_y,obs_44_vel_z,obs_45_pos_x,obs_45_pos_y,obs_45_pos_z,obs_45_vel_x,obs_45_vel_y,obs_45_vel_z,obs_46_pos_x,obs_46_pos_y,obs_46_pos_z,obs_46_vel_x,obs_46_vel_y,obs_46_vel_z,obs_47_pos_x,obs_47_pos_y,obs_47_pos_z,obs_47_vel_x,obs_47_vel_y,obs_47_vel_z,obs_48_pos_x,obs_48_pos_y,obs_48_pos_z,obs_48_vel_x,obs_48_vel_y,obs_48_vel_z,obs_49_pos_x,obs_49_pos_y,obs_49_pos_z,obs_49_vel_x,obs_49_vel_y,obs_49_vel_z,obs_50_pos_x,obs_50_pos_y,obs_50_pos_z,obs_50_vel_x,obs_50_vel_y,obs_50_vel_z
2.801672546,-9.99923200000002,-0.0007680000000000002,-0.0007680000000000002,0.031999999999143824,-0.032000000000000015,-0.032000000000000015,0.032,-0.032,-0.032,1.1557116508483887,-0.6474590301513672,-0.42783793807029724,4.999999999991808,6.400008192000001e-06,6.400008192000001e-06,3.01,-6.3,-1.0,0.0,0.0,0.0,3.01,-4.3,-1.0,0.0,0.0,0.0,3.01,-2.3,-1.0,0.0,0.0,0.0,3.01,-0.3,-1.0,0.0,0.0,0.0,3.01,-6.3,1.0,0.0,0.0,0.0,3.01,-4.3,1.0,0.0,0.0,0.0,3.01,-2.3,1.0,0.0,0.0,0.0,3.01,-0.3,1.0,0.0,0.0,0.0,0.58,-2.19,-1.0,0.0,0.0,0.0,0.58,-0.19,-1.0,0.0,0.0,0.0,0.58,1.81,-1.0,0.0,0.0,0.0,0.58,3.81,-1.0,0.0,0.0,0.0,0.58,-2.19,1.0,0.0,0.0,0.0,0.58,-0.19,1.0,0.0,0.0,0.0,0.58,1.81,1.0,0.0,0.0,0.0,0.58,3.81,1.0,0.0,0.0,0.0,-3.73,-5.392000000000022,-1.2366000000000066,0.0,1.2999999999996348,0.38999999999989043,-3.73,-3.3919999999999955,-1.2366000000000066,0.0,1.3000000000000789,0.38999999999989043,6.21,-1.893799999999997,-0.3746000000000012,0.0,1.7700000000000493,0.5899999999999794,6.21,0.10620000000000036,-0.3746000000000012,0.0,1.7700000000000071,0.5899999999999794,9.47,1.615400000000002,-0.9090000000000024,0.0,-0.9099999999999664,0.34999999999996145,9.47,3.6153999999999953,-0.9090000000000024,0.0,-0.9099999999999664,0.34999999999996145,0,0,0,0,0,0,0,0,0,0,0,0,0,0,0,0,0,0,0,0,0,0,0,0,0,0,0,0,0,0,0,0,0,0,0,0,0,0,0,0,0,0,0,0,0,0,0,0,0,0,0,0,0,0,0,0,0,0,0,0,0,0,0,0,0,0,0,0,0,0,0,0,0,0,0,0,0,0,0,0,0,0,0,0,0,0,0,0,0,0,0,0,0,0,0,0,0,0,0,0,0,0,0,0,0,0,0,0,0,0,0,0,0,0,0,0,0,0,0,0,0,0,0,0,0,0,0,0,0,0,0,0,0,0,0,0,0,0,0,0,0,0,0,0,0,0,0,0,0,0,0,0,0,0,0,0,0,0,0,0,0,0,0,0,0,0,0,0
2.90353193,-9.995057000000083,-0.004942999999999994,-0.004942999999999994,0.11699999999947863,-0.11699999999999995,-0.11699999999999995,0.117,-0.117,-0.117,1.2695817947387695,-0.8078089952468872,-0.5445495843887329,4.999999795796489,0.0010104541209958226,0.0010104541209958226,3.01,-6.3,-1.0,0.0,0.0,0.0,3.01,-4.3,-1.0,0.0,0.0,0.0,3.01,-2.3,-1.0,0.0,0.0,0.0,3.01,-0.3,-1.0,0.0,0.0,0.0,3.01,-6.3,1.0,0.0,0.0,0.0,3.01,-4.3,1.0,0.0,0.0,0.0,3.01,-2.3,1.0,0.0,0.0,0.0,3.01,-0.3,1.0,0.0,0.0,0.0,0.58,-2.19,-1.0,0.0,0.0,0.0,0.58,-0.19,-1.0,0.0,0.0,0.0,0.58,1.81,-1.0,0.0,0.0,0.0,0.58,3.81,-1.0,0.0,0.0,0.0,0.58,-2.19,1.0,0.0,0.0,0.0,0.58,-0.19,1.0,0.0,0.0,0.0,0.58,1.81,1.0,0.0,0.0,0.0,0.58,3.81,1.0,0.0,0.0,0.0,-3.73,-5.288000000000051,-1.2054000000000153,0.0,1.2999999999996348,0.38999999999989043,-3.73,-3.287999999999989,-1.2054000000000153,0.0,1.3000000000000789,0.38999999999989043,6.21,-1.752199999999993,-0.32740000000000286,0.0,1.7700000000000493,0.5899999999999794,6.21,0.24780000000000194,-0.32740000000000286,0.0,1.7700000000000213,0.5899999999999794,9.47,1.5426000000000046,-0.8810000000000054,0.0,-0.9099999999999664,0.34999999999996145,9.47,3.542599999999998,-0.8810000000000054,0.0,-0.9099999999999664,0.34999999999996145,0,0,0,0,0,0,0,0,0,0,0,0,0,0,0,0,0,0,0,0,0,0,0,0,0,0,0,0,0,0,0,0,0,0,0,0,0,0,0,0,0,0,0,0,0,0,0,0,0,0,0,0,0,0,0,0,0,0,0,0,0,0,0,0,0,0,0,0,0,0,0,0,0,0,0,0,0,0,0,0,0,0,0,0,0,0,0,0,0,0,0,0,0,0,0,0,0,0,0,0,0,0,0,0,0,0,0,0,0,0,0,0,0,0,0,0,0,0,0,0,0,0,0,0,0,0,0,0,0,0,0,0,0,0,0,0,0,0,0,0,0,0,0,0,0,0,0,0,0,0,0,0,0,0,0,0,0,0,0,0,0,0,0,0,0,0,0,0
3.000710345,-9.984385000000112,-0.015615000000000016,-0.015615000000000016,0.19900000000028228,-0.19899999999999948,-0.19899999999999948,0.199,-0.199,-0.199,1.6204254627227783,-1.123101830482483,-0.8121330142021179,4.999997157965434,0.00376963775322259,0.00376963775322259,3.01,-6.3,-1.0,0.0,0.0,0.0,3.01,-4.3,-1.0,0.0,0.0,0.0,3.01,-2.3,-1.0,0.0,0.0,0.0,3.01,-0.3,-1.0,0.0,0.0,0.0,3.01,-6.3,1.0,0.0,0.0,0.0,3.01,-4.3,1.0,0.0,0.0,0.0,3.01,-2.3,1.0,0.0,0.0,0.0,3.01,-0.3,1.0,0.0,0.0,0.0,0.58,-2.19,-1.0,0.0,0.0,0.0,0.58,-0.19,-1.0,0.0,0.0,0.0,0.58,1.81,-1.0,0.0,0.0,0.0,0.58,3.81,-1.0,0.0,0.0,0.0,0.58,-2.19,1.0,0.0,0.0,0.0,0.58,-0.19,1.0,0.0,0.0,0.0,0.58,1.81,1.0,0.0,0.0,0.0,0.58,3.81,1.0,0.0,0.0,0.0,-3.73,-5.18400000000008,-1.1742000000000241,0.0,1.2999999999996348,0.38999999999989043,-3.73,-3.183999999999983,-1.1742000000000241,0.0,1.3000000000000789,0.38999999999989043,6.21,-1.6105999999999892,-0.2802000000000045,0.0,1.7700000000000493,0.5899999999999794,6.21,0.38940000000000585,-0.2802000000000045,0.0,1.7700000000000493,0.5899999999999794,9.47,1.4698000000000073,-0.8530000000000085,0.0,-0.9099999999999664,0.34999999999996145,9.47,3.4698000000000007,-0.8530000000000085,0.0,-0.9099999999999664,0.34999999999996145,0,0,0,0,0,0,0,0,0,0,0,0,0,0,0,0,0,0,0,0,0,0,0,0,0,0,0,0,0,0,0,0,0,0,0,0,0,0,0,0,0,0,0,0,0,0,0,0,0,0,0,0,0,0,0,0,0,0,0,0,0,0,0,0,0,0,0,0,0,0,0,0,0,0,0,0,0,0,0,0,0,0,0,0,0,0,0,0,0,0,0,0,0,0,0,0,0,0,0,0,0,0,0,0,0,0,0,0,0,0,0,0,0,0,0,0,0,0,0,0,0,0,0,0,0,0,0,0,0,0,0,0,0,0,0,0,0,0,0,0,0,0,0,0,0,0,0,0,0,0,0,0,0,0,0,0,0,0,0,0,0,0,0,0,0,0,0,0
3.101057069,-9.9675950000001,-0.032405000000000114,-0.032405000000000114,0.2859999999991203,-0.28600000000000114,-0.28600000000000114,0.28600000000000003,-0.28600000000000003,-0.28600000000000003,1.7557255029678345,-0.8734318614006042,-0.7575064897537231,4.999997157965434,0.00376963775322259,0.00376963775322259,3.01,-6.3,-1.0,0.0,0.0,0.0,3.01,-4.3,-1.0,0.0,0.0,0.0,3.01,-2.3,-1.0,0.0,0.0,0.0,3.01,-0.3,-1.0,0.0,0.0,0.0,3.01,-6.3,1.0,0.0,0.0,0.0,3.01,-4.3,1.0,0.0,0.0,0.0,3.01,-2.3,1.0,0.0,0.0,0.0,3.01,-0.3,1.0,0.0,0.0,0.0,0.58,-2.19,-1.0,0.0,0.0,0.0,0.58,-0.19,-1.0,0.0,0.0,0.0,0.58,1.81,-1.0,0.0,0.0,0.0,0.58,3.81,-1.0,0.0,0.0,0.0,0.58,-2.19,1.0,0.0,0.0,0.0,0.58,-0.19,1.0,0.0,0.0,0.0,0.58,1.81,1.0,0.0,0.0,0.0,0.58,3.81,1.0,0.0,0.0,0.0,-3.73,-5.080000000000109,-1.1430000000000329,0.0,1.2999999999996348,0.38999999999989043,-3.73,-3.0799999999999765,-1.1430000000000329,0.0,1.3000000000000789,0.38999999999989043,6.21,-1.4689999999999852,-0.23300000000000534,0.0,1.7700000000000493,0.5900000000000071,6.21,0.5310000000000098,-0.23300000000000534,0.0,1.7700000000000493,0.5900000000000071,9.47,1.39700000000001,-0.8250000000000116,0.0,-0.9099999999999664,0.34999999999996145,9.47,3.3970000000000034,-0.8250000000000116,0.0,-0.9099999999999664,0.34999999999996145,0,0,0,0,0,0,0,0,0,0,0,0,0,0,0,0,0,0,0,0,0,0,0,0,0,0,0,0,0,0,0,0,0,0,0,0,0,0,0,0,0,0,0,0,0,0,0,0,0,0,0,0,0,0,0,0,0,0,0,0,0,0,0,0,0,0,0,0,0,0,0,0,0,0,0,0,0,0,0,0,0,0,0,0,0,0,0,0,0,0,0,0,0,0,0,0,0,0,0,0,0,0,0,0,0,0,0,0,0,0,0,0,0,0,0,0,0,0,0,0,0,0,0,0,0,0,0,0,0,0,0,0,0,0,0,0,0,0,0,0,0,0,0,0,0,0,0,0,0,0,0,0,0,0,0,0,0,0,0,0,0,0,0,0,0,0,0,0
3.20181406,-9.944059000000165,-0.05594100000000023,-0.05594100000000023,0.3515999999997632,-0.3516000000000005,-0.3516000000000005,0.36800000000000005,-0.36800000000000005,-0.36800000000000005,1.8186488151550293,-0.573439359664917,-0.668989360332489,4.999960663272274,0.01402436682844315,0.01402436682844315,3.01,-6.3,-1.0,0.0,0.0,0.0,3.01,-4.3,-1.0,0.0,0.0,0.0,3.01,-2.3,-1.0,0.0,0.0,0.0,3.01,-0.3,-1.0,0.0,0.0,0.0,3.01,-6.3,1.0,0.0,0.0,0.0,3.01,-4.3,1.0,0.0,0.0,0.0,3.01,-2.3,1.0,0.0,0.0,0.0,3.01,-0.3,1.0,0.0,0.0,0.0,0.58,-2.19,-1.0,0.0,0.0,0.0,0.58,-0.19,-1.0,0.0,0.0,0.0,0.58,1.81,-1.0,0.0,0.0,0.0,0.58,3.81,-1.0,0.0,0.0,0.0,0.58,-2.19,1.0,0.0,0.0,0.0,0.58,-0.19,1.0,0.0,0.0,0.0,0.58,1.81,1.0,0.0,0.0,0.0,0.58,3.81,1.0,0.0,0.0,0.0,-3.73,-4.9760000000001385,-1.1118000000000416,0.0,1.2999999999996348,0.38999999999989043,-3.73,-2.9759999999999702,-1.1118000000000416,0.0,1.3000000000000789,0.38999999999989043,6.21,-1.3273999999999813,-0.18580000000000477,0.0,1.7700000000000493,0.5900000000000071,6.21,0.6726000000000137,-0.18580000000000477,0.0,1.7700000000000493,0.5900000000000071,9.47,1.3242000000000127,-0.7970000000000147,0.0,-0.9099999999999664,0.34999999999996145,9.47,3.324200000000006,-0.7970000000000147,0.0,-0.9099999999999664,0.34999999999996145,0,0,0,0,0,0,0,0,0,0,0,0,0,0,0,0,0,0,0,0,0,0,0,0,0,0,0,0,0,0,0,0,0,0,0,0,0,0,0,0,0,0,0,0,0,0,0,0,0,0,0,0,0,0,0,0,0,0,0,0,0,0,0,0,0,0,0,0,0,0,0,0,0,0,0,0,0,0,0,0,0,0,0,0,0,0,0,0,0,0,0,0,0,0,0,0,0,0,0,0,0,0,0,0,0,0,0,0,0,0,0,0,0,0,0,0,0,0,0,0,0,0,0,0,0,0,0,0,0,0,0,0,0,0,0,0,0,0,0,0,0,0,0,0,0,0,0,0,0,0,0,0,0,0,0,0,0,0,0,0,0,0,0,0,0,0,0,0
3.301402898,-9.913583000000175,-0.08559557267808907,-0.08641699999999988,0.44199999999960937,-0.383326619863511,-0.44199999999999795,0.44200000000000006,-0.38332661986351013,-0.44200000000000006,1.8482111692428589,-0.38332661986351013,-0.6412209868431091,4.999910829272981,0.021036444838000084,0.021193567593723994,3.01,-6.3,-1.0,0.0,0.0,0.0,3.01,-4.3,-1.0,0.0,0.0,0.0,3.01,-2.3,-1.0,0.0,0.0,0.0,3.01,-0.3,-1.0,0.0,0.0,0.0,3.01,-6.3,1.0,0.0,0.0,0.0,3.01,-4.3,1.0,0.0,0.0,0.0,3.01,-2.3,1.0,0.0,0.0,0.0,3.01,-0.3,1.0,0.0,0.0,0.0,0.58,-2.19,-1.0,0.0,0.0,0.0,0.58,-0.19,-1.0,0.0,0.0,0.0,0.58,1.81,-1.0,0.0,0.0,0.0,0.58,3.81,-1.0,0.0,0.0,0.0,0.58,-2.19,1.0,0.0,0.0,0.0,0.58,-0.19,1.0,0.0,0.0,0.0,0.58,1.81,1.0,0.0,0.0,0.0,0.58,3.81,1.0,0.0,0.0,0.0,-3.73,-4.872000000000168,-1.0806000000000504,0.0,1.2999999999996348,0.38999999999989043,-3.73,-2.871999999999964,-1.0806000000000504,0.0,1.3000000000000789,0.38999999999989043,6.21,-1.1857999999999773,-0.1386000000000042,0.0,1.7700000000000493,0.5900000000000071,6.21,0.8142000000000177,-0.1386000000000042,0.0,1.7700000000000493,0.5900000000000071,9.47,1.2514000000000154,-0.7690000000000178,0.0,-0.9099999999999664,0.34999999999996145,9.47,3.2514000000000087,-0.7690000000000178,0.0,-0.9099999999999664,0.34999999999996145,0,0,0,0,0,0,0,0,0,0,0,0,0,0,0,0,0,0,0,0,0,0,0,0,0,0,0,0,0,0,0,0,0,0,0,0,0,0,0,0,0,0,0,0,0,0,0,0,0,0,0,0,0,0,0,0,0,0,0,0,0,0,0,0,0,0,0,0,0,0,0,0,0,0,0,0,0,0,0,0,0,0,0,0,0,0,0,0,0,0,0,0,0,0,0,0,0,0,0,0,0,0,0,0,0,0,0,0,0,0,0,0,0,0,0,0,0,0,0,0,0,0,0,0,0,0,0,0,0,0,0,0,0,0,0,0,0,0,0,0,0,0,0,0,0,0,0,0,0,0,0,0,0,0,0,0,0,0,0,0,0,0,0,0,0,0,0,0
3.401474361,-9.886850000000198,-0.10838216986989972,-0.11314999999999976,0.46329999999965565,-0.3620266198635106,-0.4632999999999985,0.513,-0.3123266198635101,-0.513,1.8805910348892212,-0.25726020336151123,-0.7194626927375793,4.999910829272981,0.021036444838000084,0.021193567593723994,3.01,-6.3,-1.0,0.0,0.0,0.0,3.01,-4.3,-1.0,0.0,0.0,0.0,3.01,-2.3,-1.0,0.0,0.0,0.0,3.01,-0.3,-1.0,0.0,0.0,0.0,3.01,-6.3,1.0,0.0,0.0,0.0,3.01,-4.3,1.0,0.0,0.0,0.0,3.01,-2.3,1.0,0.0,0.0,0.0,3.01,-0.3,1.0,0.0,0.0,0.0,0.58,-2.19,-1.0,0.0,0.0,0.0,0.58,-0.19,-1.0,0.0,0.0,0.0,0.58,1.81,-1.0,0.0,0.0,0.0,0.58,3.81,-1.0,0.0,0.0,0.0,0.58,-2.19,1.0,0.0,0.0,0.0,0.58,-0.19,1.0,0.0,0.0,0.0,0.58,1.81,1.0,0.0,0.0,0.0,0.58,3.81,1.0,0.0,0.0,0.0,-3.73,-4.79400000000019,-1.057200000000057,0.0,1.2999999999996348,0.38999999999989043,-3.73,-2.793999999999959,-1.057200000000057,0.0,1.3000000000000789,0.38999999999989043,6.21,-1.0795999999999744,-0.10320000000000427,0.0,1.7700000000000493,0.5899999999999934,6.21,0.9204000000000206,-0.10320000000000427,0.0,1.7700000000000493,0.5899999999999934,9.47,1.1968000000000174,-0.7480000000000201,0.0,-0.9099999999999664,0.34999999999996145,9.47,3.1968000000000107,-0.7480000000000201,0.0,-0.9099999999999664,0.34999999999996145,0,0,0,0,0,0,0,0,0,0,0,0,0,0,0,0,0,0,0,0,0,0,0,0,0,0,0,0,0,0,0,0,0,0,0,0,0,0,0,0,0,0,0,0,0,0,0,0,0,0,0,0,0,0,0,0,0,0,0,0,0,0,0,0,0,0,0,0,0,0,0,0,0,0,0,0,0,0,0,0,0,0,0,0,0,0,0,0,0,0,0,0,0,0,0,0,0,0,0,0,0,0,0,0,0,0,0,0,0,0,0,0,0,0,0,0,0,0,0,0,0,0,0,0,0,0,0,0,0,0,0,0,0,0,0,0,0,0,0,0,0,0,0,0,0,0,0,0,0,0,0,0,0,0,0,0,0,0,0,0,0,0,0,0,0,0,0,0
3.502418711,-9.845029000000215,-0.13258729945898068,-0.1549710000000004,0.5839999999999179,-0.24132661986350784,-0.5840000000000013,0.584,-0.24132661986351012,-0.584,1.9186266660690308,-0.13122504949569702,-0.7288861274719238,4.999735973531561,0.033403906375670214,0.03904323261780837,3.01,-6.3,-1.0,0.0,0.0,0.0,3.01,-4.3,-1.0,0.0,0.0,0.0,3.01,-2.3,-1.0,0.0,0.0,0.0,3.01,-0.3,-1.0,0.0,0.0,0.0,3.01,-6.3,1.0,0.0,0.0,0.0,3.01,-4.3,1.0,0.0,0.0,0.0,3.01,-2.3,1.0,0.0,0.0,0.0,3.01,-0.3,1.0,0.0,0.0,0.0,0.58,-2.19,-1.0,0.0,0.0,0.0,0.58,-0.19,-1.0,0.0,0.0,0.0,0.58,1.81,-1.0,0.0,0.0,0.0,0.58,3.81,-1.0,0.0,0.0,0.0,0.58,-2.19,1.0,0.0,0.0,0.0,0.58,-0.19,1.0,0.0,0.0,0.0,0.58,1.81,1.0,0.0,0.0,0.0,0.58,3.81,1.0,0.0,0.0,0.0,-3.73,-4.690000000000219,-1.0260000000000657,0.0,1.2999999999996348,0.38999999999989043,-3.73,-2.689999999999953,-1.0260000000000657,0.0,1.3000000000000789,0.38999999999989043,6.21,-0.9379999999999744,-0.05600000000000473,0.0,1.7699999999999387,0.5900000000000001,6.21,1.0620000000000245,-0.05600000000000473,0.0,1.7700000000000493,0.5900000000000001,9.47,1.12400000000002,-0.7200000000000232,0.0,-0.9099999999999664,0.34999999999996145,9.47,3.1240000000000134,-0.7200000000000232,0.0,-0.9099999999999664,0.34999999999996145,0,0,0,0,0,0,0,0,0,0,0,0,0,0,0,0,0,0,0,0,0,0,0,0,0,0,0,0,0,0,0,0,0,0,0,0,0,0,0,0,0,0,0,0,0,0,0,0,0,0,0,0,0,0,0,0,0,0,0,0,0,0,0,0,0,0,0,0,0,0,0,0,0,0,0,0,0,0,0,0,0,0,0,0,0,0,0,0,0,0,0,0,0,0,0,0,0,0,0,0,0,0,0,0,0,0,0,0,0,0,0,0,0,0,0,0,0,0,0,0,0,0,0,0,0,0,0,0,0,0,0,0,0,0,0,0,0,0,0,0,0,0,0,0,0,0,0,0,0,0,0,0,0,0,0,0,0,0,0,0,0,0,0,0,0,0,0,0
3.602275629,-9.796634000000232,-0.15045674241602416,-0.20336600000000077,0.6509999999995131,-0.1838591545820223,-0.6510000000000126,0.651,-0.18385915458202362,-0.651,1.9733272790908813,-0.18385915458202362,-0.8097522258758545,4.999735973531561,0.033403906375670214,0.03904323261780837,3.01,-6.3,-1.0,0.0,0.0,0.0,3.01,-4.3,-1.0,0.0,0.0,0.0,3.01,-2.3,-1.0,0.0,0.0,0.0,3.01,-0.3,-1.0,0.0,0.0,0.0,3.01,-6.3,1.0,0.0,0.0,0.0,3.01,-4.3,1.0,0.0,0.0,0.0,3.01,-2.3,1.0,0.0,0.0,0.0,3.01,-0.3,1.0,0.0,0.0,0.0,0.58,-2.19,-1.0,0.0,0.0,0.0,0.58,-0.19,-1.0,0.0,0.0,0.0,0.58,1.81,-1.0,0.0,0.0,0.0,0.58,3.81,-1.0,0.0,0.0,0.0,0.58,-2.19,1.0,0.0,0.0,0.0,0.58,-0.19,1.0,0.0,0.0,0.0,0.58,1.81,1.0,0.0,0.0,0.0,0.58,3.81,1.0,0.0,0.0,0.0,-3.73,-4.586000000000248,-0.994800000000073,0.0,1.2999999999996348,0.39000000000000146,-3.73,-2.5859999999999466,-0.994800000000073,0.0,1.3000000000000789,0.39000000000000146,6.21,-0.7963999999999705,-0.008800000000004707,0.0,1.7700000000000493,0.5900000000000001,6.21,1.2036000000000284,-0.008800000000004707,0.0,1.7700000000000493,0.5900000000000001,9.47,1.0512000000000228,-0.6920000000000263,0.0,-0.9099999999999664,0.34999999999996145,9.47,3.051200000000016,-0.6920000000000263,0.0,-0.9099999999999664,0.34999999999996145,0,0,0,0,0,0,0,0,0,0,0,0,0,0,0,0,0,0,0,0,0,0,0,0,0,0,0,0,0,0,0,0,0,0,0,0,0,0,0,0,0,0,0,0,0,0,0,0,0,0,0,0,0,0,0,0,0,0,0,0,0,0,0,0,0,0,0,0,0,0,0,0,0,0,0,0,0,0,0,0,0,0,0,0,0,0,0,0,0,0,0,0,0,0,0,0,0,0,0,0,0,0,0,0,0,0,0,0,0,0,0,0,0,0,0,0,0,0,0,0,0,0,0,0,0,0,0,0,0,0,0,0,0,0,0,0,0,0,0,0,0,0,0,0,0,0,0,0,0,0,0,0,0,0,0,0,0,0,0,0,0,0,0,0,0,0,0,0
3.700729255,-9.743280000000254,-0.16571655423462386,-0.2567200000000018,0.7420000000006866,-0.22322197258473064,-0.7420000000000204,0.742,-0.22322197258472443,-0.742,2.068190813064575,-0.22322197258472443,-0.9842987656593323,4.999404130215822,0.041907785055497256,0.0648234551125124,3.01,-6.3,-1.0,0.0,0.0,0.0,3.01,-4.3,-1.0,0.0,0.0,0.0,3.01,-2.3,-1.0,0.0,0.0,0.0,3.01,-0.3,-1.0,0.0,0.0,0.0,3.01,-6.3,1.0,0.0,0.0,0.0,3.01,-4.3,1.0,0.0,0.0,0.0,3.01,-2.3,1.0,0.0,0.0,0.0,3.01,-0.3,1.0,0.0,0.0,0.0,0.58,-2.19,-1.0,0.0,0.0,0.0,0.58,-0.19,-1.0,0.0,0.0,0.0,0.58,1.81,-1.0,0.0,0.0,0.0,0.58,3.81,-1.0,0.0,0.0,0.0,0.58,-2.19,1.0,0.0,0.0,0.0,0.58,-0.19,1.0,0.0,0.0,0.0,0.58,1.81,1.0,0.0,0.0,0.0,0.58,3.81,1.0,0.0,0.0,0.0,-3.73,-4.482000000000277,-0.9636000000000728,0.0,1.2999999999996348,0.39000000000000146,-3.73,-2.4819999999999403,-0.9636000000000728,0.0,1.3000000000000789,0.39000000000000146,6.21,-0.6547999999999665,0.038399999999995306,0.0,1.7700000000000493,0.5900000000000001,6.21,1.3452000000000324,0.038399999999995306,0.0,1.7700000000000493,0.5900000000000001,9.47,0.9784000000000228,-0.6640000000000293,0.0,-0.9100000000000776,0.34999999999996145,9.47,2.978400000000016,-0.6640000000000293,0.0,-0.9100000000000552,0.34999999999996145,0,0,0,0,0,0,0,0,0,0,0,0,0,0,0,0,0,0,0,0,0,0,0,0,0,0,0,0,0,0,0,0,0,0,0,0,0,0,0,0,0,0,0,0,0,0,0,0,0,0,0,0,0,0,0,0,0,0,0,0,0,0,0,0,0,0,0,0,0,0,0,0,0,0,0,0,0,0,0,0,0,0,0,0,0,0,0,0,0,0,0,0,0,0,0,0,0,0,0,0,0,0,0,0,0,0,0,0,0,0,0,0,0,0,0,0,0,0,0,0,0,0,0,0,0,0,0,0,0,0,0,0,0,0,0,0,0,0,0,0,0,0,0,0,0,0,0,0,0,0,0,0,0,0,0,0,0,0,0,0,0,0,0,0,0,0,0,0
3.801150473,-9.683232000000203,-0.18327222306549587,-0.3167680000000032,0.8108000000003557,-0.19301307499408615,-0.8108000000000006,0.828,-0.18546085059642792,-0.828,2.239035129547119,-0.18546085059642792,-1.20058012008667,4.999404130215822,0.041907785055497256,0.0648234551125124,3.01,-6.3,-1.0,0.0,0.0,0.0,3.01,-4.3,-1.0,0.0,0.0,0.0,3.01,-2.3,-1.0,0.0,0.0,0.0,3.01,-0.3,-1.0,0.0,0.0,0.0,3.01,-6.3,1.0,0.0,0.0,0.0,3.01,-4.3,1.0,0.0,0.0,0.0,3.01,-2.3,1.0,0.0,0.0,0.0,3.01,-0.3,1.0,0.0,0.0,0.0,0.58,-2.19,-1.0,0.0,0.0,0.0,0.58,-0.19,-1.0,0.0,0.0,0.0,0.58,1.81,-1.0,0.0,0.0,0.0,0.58,3.81,-1.0,0.0,0.0,0.0,0.58,-2.19,1.0,0.0,0.0,0.0,0.58,-0.19,1.0,0.0,0.0,0.0,0.58,1.81,1.0,0.0,0.0,0.0,0.58,3.81,1.0,0.0,0.0,0.0,-3.73,-4.3780000000003065,-0.9324000000000727,0.0,1.2999999999996348,0.39000000000000146,-3.73,-2.377999999999934,-0.9324000000000727,0.0,1.3000000000000789,0.39000000000000146,6.21,-0.5131999999999626,0.08559999999999506,0.0,1.7700000000000493,0.5899999999999934,6.21,1.5222000000000373,0.09739999999999492,0.0,1.7700000000000493,0.5899999999999934,9.47,0.8874000000000151,-0.6290000000000332,0.0,-0.9100000000000776,0.34999999999996145,9.47,2.90560000000001,-0.6360000000000324,0.0,-0.9100000000000552,0.34999999999996145,0,0,0,0,0,0,0,0,0,0,0,0,0,0,0,0,0,0,0,0,0,0,0,0,0,0,0,0,0,0,0,0,0,0,0,0,0,0,0,0,0,0,0,0,0,0,0,0,0,0,0,0,0,0,0,0,0,0,0,0,0,0,0,0,0,0,0,0,0,0,0,0,0,0,0,0,0,0,0,0,0,0,0,0,0,0,0,0,0,0,0,0,0,0,0,0,0,0,0,0,0,0,0,0,0,0,0,0,0,0,0,0,0,0,0,0,0,0,0,0,0,0,0,0,0,0,0,0,0,0,0,0,0,0,0,0,0,0,0,0,0,0,0,0,0,0,0,0,0,0,0,0,0,0,0,0,0,0,0,0,0,0,0,0,0,0,0,0
3.901963503,-9.598477000000168,-0.20238010917127172,-0.4015230000000028,0.9130000000006078,-0.20988698303700537,-0.9129999999999969,0.9129999999999999,-0.20988698303699493,-0.9129999999999999,2.453859806060791,-0.20988698303699493,-1.3881499767303467,4.999120341627374,0.0467435062147178,0.08130716176428002,3.01,-6.3,-1.0,0.0,0.0,0.0,3.01,-4.3,-1.0,0.0,0.0,0.0,3.01,-2.3,-1.0,0.0,0.0,0.0,3.01,-0.3,-1.0,0.0,0.0,0.0,3.01,-6.3,1.0,0.0,0.0,0.0,3.01,-4.3,1.0,0.0,0.0,0.0,3.01,-2.3,1.0,0.0,0.0,0.0,3.01,-0.3,1.0,0.0,0.0,0.0,0.58,-2.19,-1.0,0.0,0.0,0.0,0.58,-0.19,-1.0,0.0,0.0,0.0,0.58,1.81,-1.0,0.0,0.0,0.0,0.58,3.81,-1.0,0.0,0.0,0.0,0.58,-2.19,1.0,0.0,0.0,0.0,0.58,-0.19,1.0,0.0,0.0,0.0,0.58,1.81,1.0,0.0,0.0,0.0,0.58,3.81,1.0,0.0,0.0,0.0,-3.73,-4.248000000000343,-0.8934000000000726,0.0,1.2999999999996348,0.39000000000000146,-3.73,-2.247999999999926,-0.8934000000000726,0.0,1.3000000000000789,0.39000000000000146,6.21,-0.3361999999999628,0.14459999999999484,0.0,1.7699999999999938,0.5900000000000071,6.21,1.6638000000000412,0.14459999999999484,0.0,1.7700000000000493,0.5900000000000071,9.47,0.8146000000000089,-0.6010000000000363,0.0,-0.9100000000000776,0.34999999999996145,9.47,2.814600000000002,-0.6010000000000363,0.0,-0.9100000000000552,0.34999999999996145,0,0,0,0,0,0,0,0,0,0,0,0,0,0,0,0,0,0,0,0,0,0,0,0,0,0,0,0,0,0,0,0,0,0,0,0,0,0,0,0,0,0,0,0,0,0,0,0,0,0,0,0,0,0,0,0,0,0,0,0,0,0,0,0,0,0,0,0,0,0,0,0,0,0,0,0,0,0,0,0,0,0,0,0,0,0,0,0,0,0,0,0,0,0,0,0,0,0,0,0,0,0,0,0,0,0,0,0,0,0,0,0,0,0,0,0,0,0,0,0,0,0,0,0,0,0,0,0,0,0,0,0,0,0,0,0,0,0,0,0,0,0,0,0,0,0,0,0,0,0,0,0,0,0,0,0,0,0,0,0,0,0,0,0,0,0,0,0
4.003639412,-9.523597000000148,-0.21859498054802498,-0.47640300000000313,0.9929999999993555,-0.18483971059321536,-0.9930000000000216,0.9929999999999999,-0.18483971059322357,-0.9929999999999999,2.7149178981781006,-0.18483971059322357,-1.5390088558197021,4.998733084960432,0.051115278608236794,0.10027349407877964,3.01,-6.3,-1.0,0.0,0.0,0.0,3.01,-4.3,-1.0,0.0,0.0,0.0,3.01,-2.3,-1.0,0.0,0.0,0.0,3.01,-0.3,-1.0,0.0,0.0,0.0,3.01,-6.3,1.0,0.0,0.0,0.0,3.01,-4.3,1.0,0.0,0.0,0.0,3.01,-2.3,1.0,0.0,0.0,0.0,3.01,-0.3,1.0,0.0,0.0,0.0,0.58,-2.19,-1.0,0.0,0.0,0.0,0.58,-0.19,-1.0,0.0,0.0,0.0,0.58,1.81,-1.0,0.0,0.0,0.0,0.58,3.81,-1.0,0.0,0.0,0.0,0.58,-2.19,1.0,0.0,0.0,0.0,0.58,-0.19,1.0,0.0,0.0,0.0,0.58,1.81,1.0,0.0,0.0,0.0,0.58,3.81,1.0,0.0,0.0,0.0,-3.73,-4.144000000000372,-0.8622000000000725,0.0,1.2999999999996348,0.39000000000000146,-3.73,-2.1699999999999213,-0.8700000000000725,0.0,1.3000000000000789,0.39000000000000146,6.21,-0.22999999999996318,0.17999999999999527,0.0,1.7699999999999938,0.5900000000000071,6.21,1.7700000000000442,0.17999999999999527,0.0,1.7700000000000493,0.5900000000000071,9.47,0.7600000000000042,-0.5800000000000386,0.0,-0.9100000000000776,0.34999999999996145,9.47,2.741799999999996,-0.5730000000000394,0.0,-0.9100000000000552,0.34999999999996145,0,0,0,0,0,0,0,0,0,0,0,0,0,0,0,0,0,0,0,0,0,0,0,0,0,0,0,0,0,0,0,0,0,0,0,0,0,0,0,0,0,0,0,0,0,0,0,0,0,0,0,0,0,0,0,0,0,0,0,0,0,0,0,0,0,0,0,0,0,0,0,0,0,0,0,0,0,0,0,0,0,0,0,0,0,0,0,0,0,0,0,0,0,0,0,0,0,0,0,0,0,0,0,0,0,0,0,0,0,0,0,0,0,0,0,0,0,0,0,0,0,0,0,0,0,0,0,0,0,0,0,0,0,0,0,0,0,0,0,0,0,0,0,0,0,0,0,0,0,0,0,0,0,0,0,0,0,0,0,0,0,0,0,0,0,0,0,0
4.125829887,-9.442497000000198,-0.233665832589269,-0.5575030000000037,1.0759999999994108,-0.19902347028255551,-1.0759999999999657,1.0759999999999998,-0.19902347028255463,-1.0759999999999998,3.0018067359924316,-0.19902347028255463,-1.6369376182556152,4.99831083963456,0.05513773489534988,0.11767999227679846,3.01,-6.3,-1.0,0.0,0.0,0.0,3.01,-4.3,-1.0,0.0,0.0,0.0,3.01,-2.3,-1.0,0.0,0.0,0.0,3.01,-0.3,-1.0,0.0,0.0,0.0,3.01,-6.3,1.0,0.0,0.0,0.0,3.01,-4.3,1.0,0.0,0.0,0.0,3.01,-2.3,1.0,0.0,0.0,0.0,3.01,-0.3,1.0,0.0,0.0,0.0,0.58,-2.19,-1.0,0.0,0.0,0.0,0.58,-0.19,-1.0,0.0,0.0,0.0,0.58,1.81,-1.0,0.0,0.0,0.0,0.58,3.81,-1.0,0.0,0.0,0.0,0.58,-2.19,1.0,0.0,0.0,0.0,0.58,-0.19,1.0,0.0,0.0,0.0,0.58,1.81,1.0,0.0,0.0,0.0,0.58,3.81,1.0,0.0,0.0,0.0,-3.73,-4.0400000000004015,-0.8310000000000723,0.0,1.2999999999996348,0.39000000000000146,-3.73,-2.0399999999999134,-0.8310000000000723,0.0,1.3000000000000789,0.39000000000000146,6.21,-0.05299999999996376,0.238999999999996,0.0,1.7699999999999982,0.5900000000000071,6.21,1.9470000000000491,0.238999999999996,0.0,1.7700000000000493,0.5900000000000071,9.47,0.6689999999999965,-0.5450000000000425,0.0,-0.9100000000000776,0.34999999999996145,9.47,2.66899999999999,-0.5450000000000425,0.0,-0.9100000000000552,0.34999999999996145,0,0,0,0,0,0,0,0,0,0,0,0,0,0,0,0,0,0,0,0,0,0,0,0,0,0,0,0,0,0,0,0,0,0,0,0,0,0,0,0,0,0,0,0,0,0,0,0,0,0,0,0,0,0,0,0,0,0,0,0,0,0,0,0,0,0,0,0,0,0,0,0,0,0,0,0,0,0,0,0,0,0,0,0,0,0,0,0,0,0,0,0,0,0,0,0,0,0,0,0,0,0,0,0,0,0,0,0,0,0,0,0,0,0,0,0,0,0,0,0,0,0,0,0,0,0,0,0,0,0,0,0,0,0,0,0,0,0,0,0,0,0,0,0,0,0,0,0,0,0,0,0,0,0,0,0,0,0,0,0,0,0,0,0,0,0,0,0
4.200424193,-9.376537000000216,-0.24522641518235255,-0.6234630000000031,1.132000000000133,-0.1837904453277639,-1.132000000000022,1.132,-0.1837904453277588,-1.132,3.169429063796997,-0.1837904453277588,-1.547956943511963,4.997663614507058,0.059573338243259145,0.1407459186008826,3.01,-6.3,-1.0,0.0,0.0,0.0,3.01,-4.3,-1.0,0.0,0.0,0.0,3.01,-2.3,-1.0,0.0,0.0,0.0,3.01,-0.3,-1.0,0.0,0.0,0.0,3.01,-6.3,1.0,0.0,0.0,0.0,3.01,-4.3,1.0,0.0,0.0,0.0,3.01,-2.3,1.0,0.0,0.0,0.0,3.01,-0.3,1.0,0.0,0.0,0.0,0.58,-2.19,-1.0,0.0,0.0,0.0,0.58,-0.19,-1.0,0.0,0.0,0.0,0.58,1.81,-1.0,0.0,0.0,0.0,0.58,3.81,-1.0,0.0,0.0,0.0,0.58,-2.19,1.0,0.0,0.0,0.0,0.58,-0.19,1.0,0.0,0.0,0.0,0.58,1.81,1.0,0.0,0.0,0.0,0.58,3.81,1.0,0.0,0.0,0.0,-3.73,-3.9880000000004117,-0.8154000000000723,0.0,1.3000000000000789,0.39000000000000146,-3.73,-1.9879999999999103,-0.8154000000000723,0.0,1.3000000000000789,0.39000000000000146,6.21,0.017800000000036266,0.26259999999999567,0.0,1.7700000000000007,0.5899999999999794,6.21,2.017800000000051,0.26259999999999567,0.0,1.7700000000000493,0.5899999999999794,9.47,0.6325999999999934,-0.531000000000044,0.0,-0.9100000000000776,0.34999999999996145,9.47,2.6325999999999867,-0.531000000000044,0.0,-0.9100000000000552,0.34999999999996145,0,0,0,0,0,0,0,0,0,0,0,0,0,0,0,0,0,0,0,0,0,0,0,0,0,0,0,0,0,0,0,0,0,0,0,0,0,0,0,0,0,0,0,0,0,0,0,0,0,0,0,0,0,0,0,0,0,0,0,0,0,0,0,0,0,0,0,0,0,0,0,0,0,0,0,0,0,0,0,0,0,0,0,0,0,0,0,0,0,0,0,0,0,0,0,0,0,0,0,0,0,0,0,0,0,0,0,0,0,0,0,0,0,0,0,0,0,0,0,0,0,0,0,0,0,0,0,0,0,0,0,0,0,0,0,0,0,0,0,0,0,0,0,0,0,0,0,0,0,0,0,0,0,0,0,0,0,0,0,0,0,0,0,0,0,0,0,0
4.301829346,-9.284498000000195,-0.25991397512972364,-0.715502000000004,1.2190000000007473,-0.1828683465719405,-1.2189999999999699,1.2189999999999999,-0.1828683465719223,-1.2189999999999999,3.1301634311676025,-0.1828683465719223,-1.3438867330551147,4.99616914194514,0.06709196866132358,0.18382756272199516,3.01,-6.3,-1.0,0.0,0.0,0.0,3.01,-4.3,-1.0,0.0,0.0,0.0,3.01,-2.3,-1.0,0.0,0.0,0.0,3.01,-0.3,-1.0,0.0,0.0,0.0,3.01,-6.3,1.0,0.0,0.0,0.0,3.01,-4.3,1.0,0.0,0.0,0.0,3.01,-2.3,1.0,0.0,0.0,0.0,3.01,-0.3,1.0,0.0,0.0,0.0,0.58,-2.19,-1.0,0.0,0.0,0.0,0.58,-0.19,-1.0,0.0,0.0,0.0,0.58,1.81,-1.0,0.0,0.0,0.0,0.58,3.81,-1.0,0.0,0.0,0.0,0.58,-2.19,1.0,0.0,0.0,0.0,0.58,-0.19,1.0,0.0,0.0,0.0,0.58,1.81,1.0,0.0,0.0,0.0,0.58,3.81,1.0,0.0,0.0,0.0,-3.73,-3.8580000000004038,-0.7764000000000721,0.0,1.3000000000000789,0.39000000000000146,-3.73,-1.8579999999999024,-0.7764000000000721,0.0,1.3000000000000789,0.39000000000000146,6.21,0.19480000000003583,0.3215999999999936,0.0,1.7699999999999938,0.5899999999999794,6.21,2.194800000000056,0.3215999999999936,0.0,1.7700000000000493,0.5899999999999794,9.47,0.5415999999999856,-0.4960000000000472,0.0,-0.9100000000000776,0.35000000000001696,9.47,2.541599999999979,-0.4960000000000472,0.0,-0.9100000000000552,0.35000000000001696,0,0,0,0,0,0,0,0,0,0,0,0,0,0,0,0,0,0,0,0,0,0,0,0,0,0,0,0,0,0,0,0,0,0,0,0,0,0,0,0,0,0,0,0,0,0,0,0,0,0,0,0,0,0,0,0,0,0,0,0,0,0,0,0,0,0,0,0,0,0,0,0,0,0,0,0,0,0,0,0,0,0,0,0,0,0,0,0,0,0,0,0,0,0,0,0,0,0,0,0,0,0,0,0,0,0,0,0,0,0,0,0,0,0,0,0,0,0,0,0,0,0,0,0,0,0,0,0,0,0,0,0,0,0,0,0,0,0,0,0,0,0,0,0,0,0,0,0,0,0,0,0,0,0,0,0,0,0,0,0,0,0,0,0,0,0,0,0
4.40206998,-9.185958000000152,-0.274397309492232,-0.8140420000000016,1.3039999999993057,-0.17069056630136803,-1.3039999999999718,1.3039999999999998,-0.17069056630134583,-1.3039999999999998,3.350557327270508,-0.17069056630134583,-1.3965874910354614,4.995041421434911,0.0712877359057684,0.21090105940686865,3.01,-6.3,-1.0,0.0,0.0,0.0,3.01,-4.3,-1.0,0.0,0.0,0.0,3.01,-2.3,-1.0,0.0,0.0,0.0,3.01,-0.3,-1.0,0.0,0.0,0.0,3.01,-6.3,1.0,0.0,0.0,0.0,3.01,-4.3,1.0,0.0,0.0,0.0,3.01,-2.3,1.0,0.0,0.0,0.0,3.01,-0.3,1.0,0.0,0.0,0.0,0.58,-2.19,-1.0,0.0,0.0,0.0,0.58,-0.19,-1.0,0.0,0.0,0.0,0.58,1.81,-1.0,0.0,0.0,0.0,0.58,3.81,-1.0,0.0,0.0,0.0,0.58,-2.19,1.0,0.0,0.0,0.0,0.58,-0.19,1.0,0.0,0.0,0.0,0.58,1.81,1.0,0.0,0.0,0.0,0.58,3.81,1.0,0.0,0.0,0.0,-3.73,-3.7540000000003975,-0.745200000000072,0.0,1.3000000000000789,0.39000000000000146,-3.73,-1.753999999999896,-0.745200000000072,0.0,1.3000000000000789,0.39000000000000146,6.21,0.33640000000003534,0.36879999999999197,0.0,1.7699999999999938,0.5899999999999794,6.21,2.3364000000000598,0.36879999999999197,0.0,1.7700000000000493,0.5899999999999794,9.47,0.4687999999999814,-0.4680000000000458,0.0,-0.9100000000000217,0.35000000000001696,9.47,2.4687999999999746,-0.4680000000000458,0.0,-0.9100000000000108,0.35000000000001696,0,0,0,0,0,0,0,0,0,0,0,0,0,0,0,0,0,0,0,0,0,0,0,0,0,0,0,0,0,0,0,0,0,0,0,0,0,0,0,0,0,0,0,0,0,0,0,0,0,0,0,0,0,0,0,0,0,0,0,0,0,0,0,0,0,0,0,0,0,0,0,0,0,0,0,0,0,0,0,0,0,0,0,0,0,0,0,0,0,0,0,0,0,0,0,0,0,0,0,0,0,0,0,0,0,0,0,0,0,0,0,0,0,0,0,0,0,0,0,0,0,0,0,0,0,0,0,0,0,0,0,0,0,0,0,0,0,0,0,0,0,0,0,0,0,0,0,0,0,0,0,0,0,0,0,0,0,0,0,0,0,0,0,0,0,0,0,0
4.502060631,-9.080678000000201,-0.2876939806443481,-0.9193220000000003,1.3839999999998298,-0.1408093869685878,-1.3840000000000519,1.384,-0.14080938696861267,-1.384,3.578418254852295,-0.14080938696861267,-1.4118651151657104,4.993675530744552,0.07520716405096985,0.23989284299148167,3.01,-6.3,-1.0,0.0,0.0,0.0,3.01,-4.3,-1.0,0.0,0.0,0.0,3.01,-2.3,-1.0,0.0,0.0,0.0,3.01,-0.3,-1.0,0.0,0.0,0.0,3.01,-6.3,1.0,0.0,0.0,0.0,3.01,-4.3,1.0,0.0,0.0,0.0,3.01,-2.3,1.0,0.0,0.0,0.0,3.01,-0.3,1.0,0.0,0.0,0.0,0.58,-2.19,-1.0,0.0,0.0,0.0,0.58,-0.19,-1.0,0.0,0.0,0.0,0.58,1.81,-1.0,0.0,0.0,0.0,0.58,3.81,-1.0,0.0,0.0,0.0,0.58,-2.19,1.0,0.0,0.0,0.0,0.58,-0.19,1.0,0.0,0.0,0.0,0.58,1.81,1.0,0.0,0.0,0.0,0.58,3.81,1.0,0.0,0.0,0.0,-3.73,-3.650000000000391,-0.7140000000000719,0.0,1.3000000000000789,0.39000000000000146,-3.73,-1.6499999999998898,-0.7140000000000719,0.0,1.3000000000000789,0.39000000000000146,6.21,0.47800000000003484,0.4159999999999903,0.0,1.7699999999999938,0.5899999999999794,6.21,2.4780000000000637,0.4159999999999903,0.0,1.7700000000000493,0.5899999999999794,9.47,0.39599999999997965,-0.44000000000004447,0.0,-0.9100000000000217,0.35000000000001696,9.47,2.395999999999973,-0.44000000000004447,0.0,-0.9100000000000108,0.35000000000001696,0,0,0,0,0,0,0,0,0,0,0,0,0,0,0,0,0,0,0,0,0,0,0,0,0,0,0,0,0,0,0,0,0,0,0,0,0,0,0,0,0,0,0,0,0,0,0,0,0,0,0,0,0,0,0,0,0,0,0,0,0,0,0,0,0,0,0,0,0,0,0,0,0,0,0,0,0,0,0,0,0,0,0,0,0,0,0,0,0,0,0,0,0,0,0,0,0,0,0,0,0,0,0,0,0,0,0,0,0,0,0,0,0,0,0,0,0,0,0,0,0,0,0,0,0,0,0,0,0,0,0,0,0,0,0,0,0,0,0,0,0,0,0,0,0,0,0,0,0,0,0,0,0,0,0,0,0,0,0,0,0,0,0,0,0,0,0,0
4.604732125,-8.969363000000213,-0.2986000979867589,-1.0300785516777078,1.4435000000000642,-0.10494602546096687,-1.3876551677703963,1.4689999999999999,-0.08957601338624954,-1.3892216682434082,3.796346664428711,-0.08957601338624954,-1.3892216682434082,4.993675530744552,0.07520716405096985,0.23989284299148167,3.01,-6.3,-1.0,0.0,0.0,0.0,3.01,-4.3,-1.0,0.0,0.0,0.0,3.01,-2.3,-1.0,0.0,0.0,0.0,3.01,-0.3,-1.0,0.0,0.0,0.0,3.01,-6.3,1.0,0.0,0.0,0.0,3.01,-4.3,1.0,0.0,0.0,0.0,3.01,-2.3,1.0,0.0,0.0,0.0,3.01,-0.3,1.0,0.0,0.0,0.0,0.58,-2.19,-1.0,0.0,0.0,0.0,0.58,-0.19,-1.0,0.0,0.0,0.0,0.58,1.81,-1.0,0.0,0.0,0.0,0.58,3.81,-1.0,0.0,0.0,0.0,0.58,-2.19,1.0,0.0,0.0,0.0,0.58,-0.19,1.0,0.0,0.0,0.0,0.58,1.81,1.0,0.0,0.0,0.0,0.58,3.81,1.0,0.0,0.0,0.0,-3.73,-3.546000000000385,-0.6828000000000718,0.0,1.3000000000000789,0.39000000000000146,-3.73,-1.519999999999882,-0.6750000000000718,0.0,1.3000000000000789,0.39000000000000146,6.21,0.6196000000000381,0.4631999999999887,0.0,1.7700000000000493,0.5899999999999794,6.21,2.6196000000000677,0.4631999999999887,0.0,1.7700000000000493,0.5899999999999794,9.47,0.3231999999999779,-0.4120000000000431,0.0,-0.9100000000000217,0.35000000000001696,9.47,2.323199999999971,-0.4120000000000431,0.0,-0.9100000000000108,0.35000000000001696,0,0,0,0,0,0,0,0,0,0,0,0,0,0,0,0,0,0,0,0,0,0,0,0,0,0,0,0,0,0,0,0,0,0,0,0,0,0,0,0,0,0,0,0,0,0,0,0,0,0,0,0,0,0,0,0,0,0,0,0,0,0,0,0,0,0,0,0,0,0,0,0,0,0,0,0,0,0,0,0,0,0,0,0,0,0,0,0,0,0,0,0,0,0,0,0,0,0,0,0,0,0,0,0,0,0,0,0,0,0,0,0,0,0,0,0,0,0,0,0,0,0,0,0,0,0,0,0,0,0,0,0,0,0,0,0,0,0,0,0,0,0,0,0,0,0,0,0,0,0,0,0,0,0,0,0,0,0,0,0,0,0,0,0,0,0,0,0
4.70262975,-8.820593000000189,-0.30613357335597624,-1.1680304388084435,1.5540000000004994,-0.02484301477673201,-1.3451180458068368,1.5539999999999998,-0.024843014776706696,-1.3451180458068848,3.949876308441162,-0.024843014776706696,-1.3451180458068848,4.991920449888211,0.07872704883751933,0.27300599584847884,3.01,-6.3,-1.0,0.0,0.0,0.0,3.01,-4.3,-1.0,0.0,0.0,0.0,3.01,-2.3,-1.0,0.0,0.0,0.0,3.01,-0.3,-1.0,0.0,0.0,0.0,3.01,-6.3,1.0,0.0,0.0,0.0,3.01,-4.3,1.0,0.0,0.0,0.0,3.01,-2.3,1.0,0.0,0.0,0.0,3.01,-0.3,1.0,0.0,0.0,0.0,0.58,-2.19,-1.0,0.0,0.0,0.0,0.58,-0.19,-1.0,0.0,0.0,0.0,0.58,1.81,-1.0,0.0,0.0,0.0,0.58,3.81,-1.0,0.0,0.0,0.0,0.58,-2.19,1.0,0.0,0.0,0.0,0.58,-0.19,1.0,0.0,0.0,0.0,0.58,1.81,1.0,0.0,0.0,0.0,0.58,3.81,1.0,0.0,0.0,0.0,-3.73,-3.416000000000377,-0.6438000000000716,0.0,1.3000000000000789,0.39000000000000146,-3.73,-1.4159999999998756,-0.6438000000000716,0.0,1.3000000000000789,0.39000000000000146,6.21,0.796600000000043,0.5221999999999867,0.0,1.7700000000000493,0.5899999999999794,6.21,2.7966000000000726,0.5221999999999867,0.0,1.7700000000000493,0.5899999999999794,9.47,0.2321999999999757,-0.3770000000000414,0.0,-0.9100000000000217,0.35000000000001696,9.47,2.232199999999969,-0.3770000000000414,0.0,-0.9100000000000108,0.35000000000001696,0,0,0,0,0,0,0,0,0,0,0,0,0,0,0,0,0,0,0,0,0,0,0,0,0,0,0,0,0,0,0,0,0,0,0,0,0,0,0,0,0,0,0,0,0,0,0,0,0,0,0,0,0,0,0,0,0,0,0,0,0,0,0,0,0,0,0,0,0,0,0,0,0,0,0,0,0,0,0,0,0,0,0,0,0,0,0,0,0,0,0,0,0,0,0,0,0,0,0,0,0,0,0,0,0,0,0,0,0,0,0,0,0,0,0,0,0,0,0,0,0,0,0,0,0,0,0,0,0,0,0,0,0,0,0,0,0,0,0,0,0,0,0,0,0,0,0,0,0,0,0,0,0,0,0,0,0,0,0,0,0,0,0,0,0,0,0,0
4.800922066,-8.694761000000161,-0.30675879527897143,-1.2746686674633032,1.6379999999998063,0.050835832953455284,-1.291161656379769,1.638,0.050835832953453064,-1.2911616563796997,4.071086883544922,0.050835832953453064,-1.2911616563796997,4.987988956408822,0.08188871044350189,0.3365418396656317,3.01,-6.3,-1.0,0.0,0.0,0.0,3.01,-4.3,-1.0,0.0,0.0,0.0,3.01,-2.3,-1.0,0.0,0.0,0.0,3.01,-0.3,-1.0,0.0,0.0,0.0,3.01,-6.3,1.0,0.0,0.0,0.0,3.01,-4.3,1.0,0.0,0.0,0.0,3.01,-2.3,1.0,0.0,0.0,0.0,3.01,-0.3,1.0,0.0,0.0,0.0,0.58,-2.19,-1.0,0.0,0.0,0.0,0.58,-0.19,-1.0,0.0,0.0,0.0,0.58,1.81,-1.0,0.0,0.0,0.0,0.58,3.81,-1.0,0.0,0.0,0.0,0.58,-2.19,1.0,0.0,0.0,0.0,0.58,-0.19,1.0,0.0,0.0,0.0,0.58,1.81,1.0,0.0,0.0,0.0,0.58,3.81,1.0,0.0,0.0,0.0,-3.73,-3.3120000000003706,-0.6126000000000715,0.0,1.3000000000000789,0.39000000000000146,-3.73,-1.3119999999998693,-0.6126000000000715,0.0,1.3000000000000789,0.39000000000000146,6.21,0.938200000000047,0.569399999999985,0.0,1.7700000000000493,0.5899999999999794,6.21,2.9382000000000765,0.569399999999985,0.0,1.7700000000000493,0.5899999999999794,9.47,0.15939999999997395,-0.34900000000004006,0.0,-0.9100000000000217,0.35000000000001696,9.47,2.1593999999999673,-0.34900000000004006,0.0,-0.9100000000000108,0.35000000000001696,0,0,0,0,0,0,0,0,0,0,0,0,0,0,0,0,0,0,0,0,0,0,0,0,0,0,0,0,0,0,0,0,0,0,0,0,0,0,0,0,0,0,0,0,0,0,0,0,0,0,0,0,0,0,0,0,0,0,0,0,0,0,0,0,0,0,0,0,0,0,0,0,0,0,0,0,0,0,0,0,0,0,0,0,0,0,0,0,0,0,0,0,0,0,0,0,0,0,0,0,0,0,0,0,0,0,0,0,0,0,0,0,0,0,0,0,0,0,0,0,0,0,0,0,0,0,0,0,0,0,0,0,0,0,0,0,0,0,0,0,0,0,0,0,0,0,0,0,0,0,0,0,0,0,0,0,0,0,0,0,0,0,0,0,0,0,0,0
4.901247964,-8.562616000000173,-0.301586928642695,-1.3768971169271529,1.723000000000141,0.13583583295345703,-1.209278345108089,1.7229999999999999,0.13583583295345308,-1.2092783451080322,4.212238311767578,0.13876083493232727,-1.2092783451080322,4.985726863893231,0.08106642941381809,0.3687219449333903,3.01,-6.3,-1.0,0.0,0.0,0.0,3.01,-4.3,-1.0,0.0,0.0,0.0,3.01,-2.3,-1.0,0.0,0.0,0.0,3.01,-0.3,-1.0,0.0,0.0,0.0,3.01,-6.3,1.0,0.0,0.0,0.0,3.01,-4.3,1.0,0.0,0.0,0.0,3.01,-2.3,1.0,0.0,0.0,0.0,3.01,-0.3,1.0,0.0,0.0,0.0,0.58,-2.19,-1.0,0.0,0.0,0.0,0.58,-0.19,-1.0,0.0,0.0,0.0,0.58,1.81,-1.0,0.0,0.0,0.0,0.58,3.81,-1.0,0.0,0.0,0.0,0.58,-2.19,1.0,0.0,0.0,0.0,0.58,-0.19,1.0,0.0,0.0,0.0,0.58,1.81,1.0,0.0,0.0,0.0,0.58,3.81,1.0,0.0,0.0,0.0,-3.73,-3.2080000000003643,-0.5814000000000714,0.0,1.3000000000000789,0.39000000000000146,-3.73,-1.207999999999863,-0.5814000000000714,0.0,1.3000000000000789,0.39000000000000146,6.21,1.079800000000051,0.6165999999999834,0.0,1.7700000000000493,0.5899999999999794,6.21,3.0798000000000805,0.6165999999999834,0.0,1.7700000000000493,0.5899999999999794,9.47,0.0865999999999716,-0.3210000000000387,0.0,-0.9100000000000359,0.35000000000001696,9.47,2.0865999999999647,-0.3210000000000387,0.0,-0.9100000000000552,0.35000000000001696,0,0,0,0,0,0,0,0,0,0,0,0,0,0,0,0,0,0,0,0,0,0,0,0,0,0,0,0,0,0,0,0,0,0,0,0,0,0,0,0,0,0,0,0,0,0,0,0,0,0,0,0,0,0,0,0,0,0,0,0,0,0,0,0,0,0,0,0,0,0,0,0,0,0,0,0,0,0,0,0,0,0,0,0,0,0,0,0,0,0,0,0,0,0,0,0,0,0,0,0,0,0,0,0,0,0,0,0,0,0,0,0,0,0,0,0,0,0,0,0,0,0,0,0,0,0,0,0,0,0,0,0,0,0,0,0,0,0,0,0,0,0,0,0,0,0,0,0,0,0,0,0,0,0,0,0,0,0,0,0,0,0,0,0,0,0,0,0
5.000986616,-8.38818000000018,-0.28586734534734914,-1.4956889514379617,1.8119999999992586,0.22483583295346277,-1.1202783451080833,1.8119999999999998,0.22483583295345308,-1.1202783451080323,4.335456848144531,0.2372964769601822,-1.1112016439437866,4.985726863893231,0.08106642941381809,0.3687219449333903,3.01,-6.3,-1.0,0.0,0.0,0.0,3.01,-4.3,-1.0,0.0,0.0,0.0,3.01,-2.3,-1.0,0.0,0.0,0.0,3.01,-0.3,-1.0,0.0,0.0,0.0,3.01,-6.3,1.0,0.0,0.0,0.0,3.01,-4.3,1.0,0.0,0.0,0.0,3.01,-2.3,1.0,0.0,0.0,0.0,3.01,-0.3,1.0,0.0,0.0,0.0,0.58,-2.19,-1.0,0.0,0.0,0.0,0.58,-0.19,-1.0,0.0,0.0,0.0,0.58,1.81,-1.0,0.0,0.0,0.0,0.58,3.81,-1.0,0.0,0.0,0.0,0.58,-2.19,1.0,0.0,0.0,0.0,0.58,-0.19,1.0,0.0,0.0,0.0,0.58,1.81,1.0,0.0,0.0,0.0,0.58,3.81,1.0,0.0,0.0,0.0,-3.73,-3.0780000000003565,-0.5424000000000713,0.0,1.3000000000000789,0.39000000000000146,-3.73,-1.077999999999855,-0.5424000000000713,0.0,1.3000000000000789,0.39000000000000146,6.21,1.2568000000000559,0.6755999999999813,0.0,1.7700000000000493,0.5899999999999794,6.21,3.2568000000000854,0.6755999999999813,0.0,1.7700000000000493,0.5899999999999794,9.47,-0.004400000000031869,-0.286000000000037,0.0,-0.9100000000000336,0.35000000000001696,9.47,1.9955999999999616,-0.286000000000037,0.0,-0.910000000000033,0.35000000000001696,0,0,0,0,0,0,0,0,0,0,0,0,0,0,0,0,0,0,0,0,0,0,0,0,0,0,0,0,0,0,0,0,0,0,0,0,0,0,0,0,0,0,0,0,0,0,0,0,0,0,0,0,0,0,0,0,0,0,0,0,0,0,0,0,0,0,0,0,0,0,0,0,0,0,0,0,0,0,0,0,0,0,0,0,0,0,0,0,0,0,0,0,0,0,0,0,0,0,0,0,0,0,0,0,0,0,0,0,0,0,0,0,0,0,0,0,0,0,0,0,0,0,0,0,0,0,0,0,0,0,0,0,0,0,0,0,0,0,0,0,0,0,0,0,0,0,0,0,0,0,0,0,0,0,0,0,0,0,0,0,0,0,0,0,0,0,0,0
5.100446296,-8.241900000000241,-0.26656047871107247,-1.583991219046607,1.8999999999991246,0.31283583295343975,-1.0322783451079953,1.9,0.3128358329534531,-1.0322783451080322,4.492247581481934,0.3317826986312866,-0.9564048647880554,4.980972625548997,0.07342336128251835,0.42955874283910367,3.01,-6.3,-1.0,0.0,0.0,0.0,3.01,-4.3,-1.0,0.0,0.0,0.0,3.01,-2.3,-1.0,0.0,0.0,0.0,3.01,-0.3,-1.0,0.0,0.0,0.0,3.01,-6.3,1.0,0.0,0.0,0.0,3.01,-4.3,1.0,0.0,0.0,0.0,3.01,-2.3,1.0,0.0,0.0,0.0,3.01,-0.3,1.0,0.0,0.0,0.0,0.58,-2.19,-1.0,0.0,0.0,0.0,0.58,-0.19,-1.0,0.0,0.0,0.0,0.58,1.81,-1.0,0.0,0.0,0.0,0.58,3.81,-1.0,0.0,0.0,0.0,0.58,-2.19,1.0,0.0,0.0,0.0,0.58,-0.19,1.0,0.0,0.0,0.0,0.58,1.81,1.0,0.0,0.0,0.0,0.58,3.81,1.0,0.0,0.0,0.0,-3.73,-2.97400000000035,-0.5112000000000712,0.0,1.3000000000000789,0.39000000000000146,-3.73,-0.9739999999998511,-0.5112000000000712,0.0,1.299999999999968,0.39000000000000146,6.21,1.3984000000000598,0.7227999999999797,0.0,1.7700000000000493,0.5899999999999794,6.21,3.3984000000000893,0.7227999999999797,0.0,1.7700000000000493,0.5899999999999794,9.47,-0.07720000000003346,-0.25800000000003565,0.0,-0.9100000000000079,0.35000000000001696,9.47,1.9227999999999643,-0.25800000000003565,0.0,-0.9099999999999664,0.35000000000001696,0,0,0,0,0,0,0,0,0,0,0,0,0,0,0,0,0,0,0,0,0,0,0,0,0,0,0,0,0,0,0,0,0,0,0,0,0,0,0,0,0,0,0,0,0,0,0,0,0,0,0,0,0,0,0,0,0,0,0,0,0,0,0,0,0,0,0,0,0,0,0,0,0,0,0,0,0,0,0,0,0,0,0,0,0,0,0,0,0,0,0,0,0,0,0,0,0,0,0,0,0,0,0,0,0,0,0,0,0,0,0,0,0,0,0,0,0,0,0,0,0,0,0,0,0,0,0,0,0,0,0,0,0,0,0,0,0,0,0,0,0,0,0,0,0,0,0,0,0,0,0,0,0,0,0,0,0,0,0,0,0,0,0,0,0,0,0,0
5.203077842,-8.049436000000282,-0.23281289541572836,-1.6847550535574103,1.988000000000767,0.4008358329534446,-0.9442783451081294,1.988,0.40083583295345304,-0.9442783451080322,4.645480155944824,0.4045095443725586,-0.7599589824676514,4.980972625548997,0.07342336128251835,0.42955874283910367,3.01,-6.3,-1.0,0.0,0.0,0.0,3.01,-4.3,-1.0,0.0,0.0,0.0,3.01,-2.3,-1.0,0.0,0.0,0.0,3.01,-0.3,-1.0,0.0,0.0,0.0,3.01,-6.3,1.0,0.0,0.0,0.0,3.01,-4.3,1.0,0.0,0.0,0.0,3.01,-2.3,1.0,0.0,0.0,0.0,3.01,-0.3,1.0,0.0,0.0,0.0,0.58,-2.19,-1.0,0.0,0.0,0.0,0.58,-0.19,-1.0,0.0,0.0,0.0,0.58,1.81,-1.0,0.0,0.0,0.0,0.58,3.81,-1.0,0.0,0.0,0.0,0.58,-2.19,1.0,0.0,0.0,0.0,0.58,-0.19,1.0,0.0,0.0,0.0,0.58,1.81,1.0,0.0,0.0,0.0,0.58,3.81,1.0,0.0,0.0,0.0,-3.73,-2.8440000000003423,-0.472200000000071,0.0,1.3000000000000789,0.39000000000000146,-3.73,-0.8439999999998543,-0.472200000000071,0.0,1.299999999999968,0.39000000000000146,6.21,1.5754000000000647,0.7817999999999776,0.0,1.7700000000000493,0.5899999999999794,6.21,3.5754000000000943,0.7817999999999776,0.0,1.7700000000000493,0.5899999999999794,9.47,-0.1682000000000336,-0.2230000000000361,0.0,-0.9099999999999941,0.34999999999998915,9.47,1.8317999999999677,-0.2230000000000361,0.0,-0.9099999999999664,0.34999999999998915,0,0,0,0,0,0,0,0,0,0,0,0,0,0,0,0,0,0,0,0,0,0,0,0,0,0,0,0,0,0,0,0,0,0,0,0,0,0,0,0,0,0,0,0,0,0,0,0,0,0,0,0,0,0,0,0,0,0,0,0,0,0,0,0,0,0,0,0,0,0,0,0,0,0,0,0,0,0,0,0,0,0,0,0,0,0,0,0,0,0,0,0,0,0,0,0,0,0,0,0,0,0,0,0,0,0,0,0,0,0,0,0,0,0,0,0,0,0,0,0,0,0,0,0,0,0,0,0,0,0,0,0,0,0,0,0,0,0,0,0,0,0,0,0,0,0,0,0,0,0,0,0,0,0,0,0,0,0,0,0,0,0,0,0,0,0,0,0
5.303972768,-7.889001000000262,-0.20033166758567642,-1.7589023211660588,2.0810000000004436,0.4284599125385369,-0.8512783451080086,2.081,0.42845991253852844,-0.8512783451080322,4.8051652908325195,0.42845991253852844,-0.4855010211467743,4.978331817569984,0.06566018480890444,0.46032711662598713,3.01,-6.3,-1.0,0.0,0.0,0.0,3.01,-4.3,-1.0,0.0,0.0,0.0,3.01,-2.3,-1.0,0.0,0.0,0.0,3.01,-0.3,-1.0,0.0,0.0,0.0,3.01,-6.3,1.0,0.0,0.0,0.0,3.01,-4.3,1.0,0.0,0.0,0.0,3.01,-2.3,1.0,0.0,0.0,0.0,3.01,-0.3,1.0,0.0,0.0,0.0,0.58,-2.19,-1.0,0.0,0.0,0.0,0.58,-0.19,-1.0,0.0,0.0,0.0,0.58,1.81,-1.0,0.0,0.0,0.0,0.58,3.81,-1.0,0.0,0.0,0.0,0.58,-2.19,1.0,0.0,0.0,0.0,0.58,-0.19,1.0,0.0,0.0,0.0,0.58,1.81,1.0,0.0,0.0,0.0,0.58,3.81,1.0,0.0,0.0,0.0,-3.73,-2.740000000000336,-0.4410000000000709,0.0,1.3000000000000789,0.39000000000000146,-3.73,-0.7399999999998569,-0.4410000000000709,0.0,1.299999999999968,0.39000000000000146,6.21,1.7170000000000687,0.828999999999976,0.0,1.7700000000000493,0.5899999999999794,6.21,3.7170000000000982,0.828999999999976,0.0,1.7700000000000493,0.5899999999999794,9.47,-0.24100000000003313,-0.19500000000003698,0.0,-0.9099999999999941,0.34999999999998915,9.47,1.7589999999999704,-0.19500000000003698,0.0,-0.9099999999999664,0.34999999999998915,0,0,0,0,0,0,0,0,0,0,0,0,0,0,0,0,0,0,0,0,0,0,0,0,0,0,0,0,0,0,0,0,0,0,0,0,0,0,0,0,0,0,0,0,0,0,0,0,0,0,0,0,0,0,0,0,0,0,0,0,0,0,0,0,0,0,0,0,0,0,0,0,0,0,0,0,0,0,0,0,0,0,0,0,0,0,0,0,0,0,0,0,0,0,0,0,0,0,0,0,0,0,0,0,0,0,0,0,0,0,0,0,0,0,0,0,0,0,0,0,0,0,0,0,0,0,0,0,0,0,0,0,0,0,0,0,0,0,0,0,0,0,0,0,0,0,0,0,0,0,0,0,0,0,0,0,0,0,0,0,0,0,0,0,0,0,0,0
5.401758458,-7.721195000000238,-0.16738087458259338,-1.8256785887746991,2.1589999999998,0.3504599125385422,-0.7732783451079861,2.159,0.35045991253852843,-0.7732783451080323,4.667478561401367,0.3080587387084961,-0.327583372592926,4.973678192713146,0.047744442039022034,0.5101428266515907,3.01,-6.3,-1.0,0.0,0.0,0.0,3.01,-4.3,-1.0,0.0,0.0,0.0,3.01,-2.3,-1.0,0.0,0.0,0.0,3.01,-0.3,-1.0,0.0,0.0,0.0,3.01,-6.3,1.0,0.0,0.0,0.0,3.01,-4.3,1.0,0.0,0.0,0.0,3.01,-2.3,1.0,0.0,0.0,0.0,3.01,-0.3,1.0,0.0,0.0,0.0,0.58,-2.19,-1.0,0.0,0.0,0.0,0.58,-0.19,-1.0,0.0,0.0,0.0,0.58,1.81,-1.0,0.0,0.0,0.0,0.58,3.81,-1.0,0.0,0.0,0.0,0.58,-2.19,1.0,0.0,0.0,0.0,0.58,-0.19,1.0,0.0,0.0,0.0,0.58,1.81,1.0,0.0,0.0,0.0,0.58,3.81,1.0,0.0,0.0,0.0,-3.73,-2.6360000000003296,-0.4098000000000708,0.0,1.3000000000000789,0.39000000000000146,-3.73,-0.6359999999998595,-0.4098000000000708,0.0,1.299999999999968,0.39000000000000146,6.21,1.8586000000000726,0.8761999999999743,0.0,1.7700000000000493,0.5899999999999794,6.21,3.858600000000102,0.8761999999999743,0.0,1.7700000000000493,0.5899999999999794,9.47,-0.3138000000000346,-0.16700000000003784,0.0,-0.9100000000000217,0.34999999999998915,9.47,1.686199999999973,-0.16700000000003784,0.0,-0.9099999999999664,0.34999999999998915,0,0,0,0,0,0,0,0,0,0,0,0,0,0,0,0,0,0,0,0,0,0,0,0,0,0,0,0,0,0,0,0,0,0,0,0,0,0,0,0,0,0,0,0,0,0,0,0,0,0,0,0,0,0,0,0,0,0,0,0,0,0,0,0,0,0,0,0,0,0,0,0,0,0,0,0,0,0,0,0,0,0,0,0,0,0,0,0,0,0,0,0,0,0,0,0,0,0,0,0,0,0,0,0,0,0,0,0,0,0,0,0,0,0,0,0,0,0,0,0,0,0,0,0,0,0,0,0,0,0,0,0,0,0,0,0,0,0,0,0,0,0,0,0,0,0,0,0,0,0,0,0,0,0,0,0,0,0,0,0,0,0,0,0,0,0,0,0
5.503083342,-7.59165500000025,-0.14635327983028085,-1.8720752894811783,2.1589999999998,0.3504599125385422,-0.7732783451079861,2.235,0.393930047750473,-0.6972783451080323,4.709323406219482,0.393930047750473,-0.27694666385650635,4.973678192713146,0.047744442039022034,0.5101428266515907,3.01,-6.3,-1.0,0.0,0.0,0.0,3.01,-4.3,-1.0,0.0,0.0,0.0,3.01,-2.3,-1.0,0.0,0.0,0.0,3.01,-0.3,-1.0,0.0,0.0,0.0,3.01,-6.3,1.0,0.0,0.0,0.0,3.01,-4.3,1.0,0.0,0.0,0.0,3.01,-2.3,1.0,0.0,0.0,0.0,3.01,-0.3,1.0,0.0,0.0,0.0,0.58,-2.19,-1.0,0.0,0.0,0.0,0.58,-0.19,-1.0,0.0,0.0,0.0,0.58,1.81,-1.0,0.0,0.0,0.0,0.58,3.81,-1.0,0.0,0.0,0.0,0.58,-2.19,1.0,0.0,0.0,0.0,0.58,-0.19,1.0,0.0,0.0,0.0,0.58,1.81,1.0,0.0,0.0,0.0,0.58,3.81,1.0,0.0,0.0,0.0,-3.73,-2.558000000000325,-0.3864000000000707,0.0,1.3000000000000789,0.39000000000000146,-3.73,-0.5579999999998614,-0.3864000000000707,0.0,1.299999999999968,0.39000000000000146,6.21,1.9648000000000756,0.9115999999999731,0.0,1.7700000000000493,0.5899999999999794,6.21,3.964800000000105,0.9115999999999731,0.0,1.7700000000000493,0.5899999999999794,9.47,-0.38660000000003636,-0.1390000000000387,0.0,-0.9100000000000217,0.34999999999998915,9.47,1.631599999999975,-0.1460000000000385,0.0,-0.9099999999999664,0.34999999999998915,0,0,0,0,0,0,0,0,0,0,0,0,0,0,0,0,0,0,0,0,0,0,0,0,0,0,0,0,0,0,0,0,0,0,0,0,0,0,0,0,0,0,0,0,0,0,0,0,0,0,0,0,0,0,0,0,0,0,0,0,0,0,0,0,0,0,0,0,0,0,0,0,0,0,0,0,0,0,0,0,0,0,0,0,0,0,0,0,0,0,0,0,0,0,0,0,0,0,0,0,0,0,0,0,0,0,0,0,0,0,0,0,0,0,0,0,0,0,0,0,0,0,0,0,0,0,0,0,0,0,0,0,0,0,0,0,0,0,0,0,0,0,0,0,0,0,0,0,0,0,0,0,0,0,0,0,0,0,0,0,0,0,0,0,0,0,0,0
5.600992401,-7.457555000000264,-0.12271747696525184,-1.9139119901876596,2.234999999999765,0.3939300477504764,-0.6972783451080211,2.298,0.4014233350753784,-0.6342783451080323,4.826712131500244,0.4014233350753784,-0.24479207396507263,4.971431074250445,0.040084890646630414,0.5322276538464641,3.01,-6.3,-1.0,0.0,0.0,0.0,3.01,-4.3,-1.0,0.0,0.0,0.0,3.01,-2.3,-1.0,0.0,0.0,0.0,3.01,-0.3,-1.0,0.0,0.0,0.0,3.01,-6.3,1.0,0.0,0.0,0.0,3.01,-4.3,1.0,0.0,0.0,0.0,3.01,-2.3,1.0,0.0,0.0,0.0,3.01,-0.3,1.0,0.0,0.0,0.0,0.58,-2.19,-1.0,0.0,0.0,0.0,0.58,-0.19,-1.0,0.0,0.0,0.0,0.58,1.81,-1.0,0.0,0.0,0.0,0.58,3.81,-1.0,0.0,0.0,0.0,0.58,-2.19,1.0,0.0,0.0,0.0,0.58,-0.19,1.0,0.0,0.0,0.0,0.58,1.81,1.0,0.0,0.0,0.0,0.58,3.81,1.0,0.0,0.0,0.0,-3.73,-2.48000000000032,-0.3630000000000706,0.0,1.3000000000000789,0.39000000000000146,-3.73,-0.4799999999998624,-0.3630000000000706,0.0,1.3000000000000236,0.39000000000000146,6.21,2.0710000000000783,0.9469999999999719,0.0,1.7700000000000493,0.5899999999999794,6.21,4.07100000000009,0.9469999999999719,0.0,1.7699999999996052,0.5899999999999794,9.47,-0.42300000000003724,-0.12500000000003914,0.0,-0.9100000000000217,0.34999999999998915,9.47,1.576999999999977,-0.12500000000003914,0.0,-0.9099999999999664,0.34999999999998915,0,0,0,0,0,0,0,0,0,0,0,0,0,0,0,0,0,0,0,0,0,0,0,0,0,0,0,0,0,0,0,0,0,0,0,0,0,0,0,0,0,0,0,0,0,0,0,0,0,0,0,0,0,0,0,0,0,0,0,0,0,0,0,0,0,0,0,0,0,0,0,0,0,0,0,0,0,0,0,0,0,0,0,0,0,0,0,0,0,0,0,0,0,0,0,0,0,0,0,0,0,0,0,0,0,0,0,0,0,0,0,0,0,0,0,0,0,0,0,0,0,0,0,0,0,0,0,0,0,0,0,0,0,0,0,0,0,0,0,0,0,0,0,0,0,0,0,0,0,0,0,0,0,0,0,0,0,0,0,0,0,0,0,0,0,0,0,0
5.702400935,-7.272945000000288,-0.09070319938785143,-1.9638842577963063,2.361999999999753,0.3953802883625013,-0.5702783451080329,2.362,0.39538028836250305,-0.5702783451080322,4.904557228088379,0.39538028836250305,-0.2286304235458374,4.969857168892119,0.033949021392154485,0.547144573909054,3.01,-6.3,-1.0,0.0,0.0,0.0,3.01,-4.3,-1.0,0.0,0.0,0.0,3.01,-2.3,-1.0,0.0,0.0,0.0,3.01,-0.3,-1.0,0.0,0.0,0.0,3.01,-6.3,1.0,0.0,0.0,0.0,3.01,-4.3,1.0,0.0,0.0,0.0,3.01,-2.3,1.0,0.0,0.0,0.0,3.01,-0.3,1.0,0.0,0.0,0.0,0.58,-2.19,-1.0,0.0,0.0,0.0,0.58,-0.19,-1.0,0.0,0.0,0.0,0.58,1.81,-1.0,0.0,0.0,0.0,0.58,3.81,-1.0,0.0,0.0,0.0,0.58,-2.19,1.0,0.0,0.0,0.0,0.58,-0.19,1.0,0.0,0.0,0.0,0.58,1.81,1.0,0.0,0.0,0.0,0.58,3.81,1.0,0.0,0.0,0.0,-3.73,-2.376000000000314,-0.3318000000000705,0.0,1.3000000000000789,0.39000000000000146,-3.73,-0.37599999999986056,-0.3318000000000705,0.0,1.3000000000000236,0.39000000000000146,6.21,2.2126000000000823,0.9941999999999702,0.0,1.7700000000000493,0.5899999999999794,6.21,4.212600000000072,0.9941999999999702,0.0,1.7700000000000493,0.5899999999999794,9.47,-0.495800000000039,-0.09700000000003889,0.0,-0.9100000000000217,0.35000000000000314,9.47,1.5041999999999798,-0.09700000000003889,0.0,-0.9099999999999664,0.35000000000000314,0,0,0,0,0,0,0,0,0,0,0,0,0,0,0,0,0,0,0,0,0,0,0,0,0,0,0,0,0,0,0,0,0,0,0,0,0,0,0,0,0,0,0,0,0,0,0,0,0,0,0,0,0,0,0,0,0,0,0,0,0,0,0,0,0,0,0,0,0,0,0,0,0,0,0,0,0,0,0,0,0,0,0,0,0,0,0,0,0,0,0,0,0,0,0,0,0,0,0,0,0,0,0,0,0,0,0,0,0,0,0,0,0,0,0,0,0,0,0,0,0,0,0,0,0,0,0,0,0,0,0,0,0,0,0,0,0,0,0,0,0,0,0,0,0,0,0,0,0,0,0,0,0,0,0,0,0,0,0,0,0,0,0,0,0,0,0,0
5.801676718,-7.1306970000003,-0.06692508900291039,-1.997572958502789,2.414800000000028,0.400909596681598,-0.5174783451081133,2.428,0.4022919237613678,-0.5042783451080322,4.905657768249512,0.4022919237613678,-0.2023048996925354,4.9680533691079525,0.026614915494349526,0.5636819741382113,3.01,-6.3,-1.0,0.0,0.0,0.0,3.01,-4.3,-1.0,0.0,0.0,0.0,3.01,-2.3,-1.0,0.0,0.0,0.0,3.01,-0.3,-1.0,0.0,0.0,0.0,3.01,-6.3,1.0,0.0,0.0,0.0,3.01,-4.3,1.0,0.0,0.0,0.0,3.01,-2.3,1.0,0.0,0.0,0.0,3.01,-0.3,1.0,0.0,0.0,0.0,0.58,-2.19,-1.0,0.0,0.0,0.0,0.58,-0.19,-1.0,0.0,0.0,0.0,0.58,1.81,-1.0,0.0,0.0,0.0,0.58,3.81,-1.0,0.0,0.0,0.0,0.58,-2.19,1.0,0.0,0.0,0.0,0.58,-0.19,1.0,0.0,0.0,0.0,0.58,1.81,1.0,0.0,0.0,0.0,0.58,3.81,1.0,0.0,0.0,0.0,-3.73,-2.298000000000309,-0.3084000000000704,0.0,1.3000000000000789,0.39000000000000146,-3.73,-0.29799999999985916,-0.3084000000000704,0.0,1.3000000000000236,0.39000000000000146,6.21,2.3188000000000852,1.0295999999999745,0.0,1.7700000000000493,0.5900000000000905,6.21,4.318800000000075,1.0295999999999745,0.0,1.7700000000000493,0.5900000000000905,9.47,-0.5504000000000372,-0.0760000000000387,0.0,-0.9099999999999664,0.35000000000000314,9.47,1.4495999999999818,-0.0760000000000387,0.0,-0.9099999999999664,0.35000000000000314,0,0,0,0,0,0,0,0,0,0,0,0,0,0,0,0,0,0,0,0,0,0,0,0,0,0,0,0,0,0,0,0,0,0,0,0,0,0,0,0,0,0,0,0,0,0,0,0,0,0,0,0,0,0,0,0,0,0,0,0,0,0,0,0,0,0,0,0,0,0,0,0,0,0,0,0,0,0,0,0,0,0,0,0,0,0,0,0,0,0,0,0,0,0,0,0,0,0,0,0,0,0,0,0,0,0,0,0,0,0,0,0,0,0,0,0,0,0,0,0,0,0,0,0,0,0,0,0,0,0,0,0,0,0,0,0,0,0,0,0,0,0,0,0,0,0,0,0,0,0,0,0,0,0,0,0,0,0,0,0,0,0,0,0,0,0,0,0
5.901291955,-6.93567700000029,-0.034591364206138536,-2.0371352261114373,2.5060000000003413,0.4173290133476226,-0.42627834510788887,2.506,0.41732901334762573,-0.42627834510803214,4.907339096069336,0.41732901334762573,-0.16512686014175415,4.964230460508446,0.010252494370777982,0.5969177676357811,3.01,-6.3,-1.0,0.0,0.0,0.0,3.01,-4.3,-1.0,0.0,0.0,0.0,3.01,-2.3,-1.0,0.0,0.0,0.0,3.01,-0.3,-1.0,0.0,0.0,0.0,3.01,-6.3,1.0,0.0,0.0,0.0,3.01,-4.3,1.0,0.0,0.0,0.0,3.01,-2.3,1.0,0.0,0.0,0.0,3.01,-0.3,1.0,0.0,0.0,0.0,0.58,-2.19,-1.0,0.0,0.0,0.0,0.58,-0.19,-1.0,0.0,0.0,0.0,0.58,1.81,-1.0,0.0,0.0,0.0,0.58,3.81,-1.0,0.0,0.0,0.0,0.58,-2.19,1.0,0.0,0.0,0.0,0.58,-0.19,1.0,0.0,0.0,0.0,0.58,1.81,1.0,0.0,0.0,0.0,0.58,3.81,1.0,0.0,0.0,0.0,-3.73,-2.194000000000303,-0.2772000000000703,0.0,1.3000000000000789,0.39000000000000146,-3.73,-0.1939999999998585,-0.2772000000000703,0.0,1.2999999999999956,0.39000000000000146,6.21,2.460400000000089,1.0767999999999818,0.0,1.7700000000000493,0.5900000000000905,6.21,4.460400000000079,1.0767999999999818,0.0,1.7700000000000493,0.5900000000000905,9.47,-0.6232000000000345,-0.048000000000038456,0.0,-0.9099999999999664,0.35000000000000314,9.47,1.3767999999999845,-0.048000000000038456,0.0,-0.9099999999999664,0.35000000000000314,0,0,0,0,0,0,0,0,0,0,0,0,0,0,0,0,0,0,0,0,0,0,0,0,0,0,0,0,0,0,0,0,0,0,0,0,0,0,0,0,0,0,0,0,0,0,0,0,0,0,0,0,0,0,0,0,0,0,0,0,0,0,0,0,0,0,0,0,0,0,0,0,0,0,0,0,0,0,0,0,0,0,0,0,0,0,0,0,0,0,0,0,0,0,0,0,0,0,0,0,0,0,0,0,0,0,0,0,0,0,0,0,0,0,0,0,0,0,0,0,0,0,0,0,0,0,0,0,0,0,0,0,0,0,0,0,0,0,0,0,0,0,0,0,0,0,0,0,0,0,0,0,0,0,0,0,0,0,0,0,0,0,0,0,0,0,0,0
6.002993434,-6.785317000000269,-0.009551623405280998,-2.0627119268179106,2.5060000000003413,0.41732901334762607,-0.42627834510788887,2.578,0.4380885362625122,-0.35427834510803213,4.907639980316162,0.4380885362625122,-0.1250620186328888,4.964230460508446,0.010252494370777982,0.5969177676357811,3.01,-6.3,-1.0,0.0,0.0,0.0,3.01,-4.3,-1.0,0.0,0.0,0.0,3.01,-2.3,-1.0,0.0,0.0,0.0,3.01,-0.3,-1.0,0.0,0.0,0.0,3.01,-6.3,1.0,0.0,0.0,0.0,3.01,-4.3,1.0,0.0,0.0,0.0,3.01,-2.3,1.0,0.0,0.0,0.0,3.01,-0.3,1.0,0.0,0.0,0.0,0.58,-2.19,-1.0,0.0,0.0,0.0,0.58,-0.19,-1.0,0.0,0.0,0.0,0.58,1.81,-1.0,0.0,0.0,0.0,0.58,3.81,-1.0,0.0,0.0,0.0,0.58,-2.19,1.0,0.0,0.0,0.0,0.58,-0.19,1.0,0.0,0.0,0.0,0.58,1.81,1.0,0.0,0.0,0.0,0.58,3.81,1.0,0.0,0.0,0.0,-3.73,-2.0900000000002965,-0.24600000000007016,0.0,1.3000000000000789,0.39000000000000146,-3.73,-0.11599999999985877,-0.2538000000000702,0.0,1.2999999999999956,0.39000000000000146,6.21,2.566600000000092,1.1121999999999872,0.0,1.7700000000000493,0.5900000000000905,6.21,4.602000000000083,1.123999999999989,0.0,1.7700000000000493,0.5900000000000905,9.47,-0.6778000000000325,-0.027000000000038316,0.0,-0.9099999999999664,0.3499999999999996,9.47,1.3221999999999865,-0.027000000000038316,0.0,-0.9099999999999664,0.3499999999999996,0,0,0,0,0,0,0,0,0,0,0,0,0,0,0,0,0,0,0,0,0,0,0,0,0,0,0,0,0,0,0,0,0,0,0,0,0,0,0,0,0,0,0,0,0,0,0,0,0,0,0,0,0,0,0,0,0,0,0,0,0,0,0,0,0,0,0,0,0,0,0,0,0,0,0,0,0,0,0,0,0,0,0,0,0,0,0,0,0,0,0,0,0,0,0,0,0,0,0,0,0,0,0,0,0,0,0,0,0,0,0,0,0,0,0,0,0,0,0,0,0,0,0,0,0,0,0,0,0,0,0,0,0,0,0,0,0,0,0,0,0,0,0,0,0,0,0,0,0,0,0,0,0,0,0,0,0,0,0,0,0,0,0,0,0,0,0,0
6.101240085,-6.578856000000286,0.025450405894455026,-2.0908331944265535,2.614499999999964,0.4377350807189938,-0.31777834510804404,2.651,0.4373816251754761,-0.2812783451080321,4.907896518707275,0.4373816251754761,-0.1065274327993393,4.962367227635506,0.0012302249449687845,0.6122989340474796,3.01,-6.3,-1.0,0.0,0.0,0.0,3.01,-4.3,-1.0,0.0,0.0,0.0,3.01,-2.3,-1.0,0.0,0.0,0.0,3.01,-0.3,-1.0,0.0,0.0,0.0,3.01,-6.3,1.0,0.0,0.0,0.0,3.01,-4.3,1.0,0.0,0.0,0.0,3.01,-2.3,1.0,0.0,0.0,0.0,3.01,-0.3,1.0,0.0,0.0,0.0,0.58,-2.19,-1.0,0.0,0.0,0.0,0.58,-0.19,-1.0,0.0,0.0,0.0,0.58,1.81,-1.0,0.0,0.0,0.0,0.58,3.81,-1.0,0.0,0.0,0.0,0.58,-2.19,1.0,0.0,0.0,0.0,0.58,-0.19,1.0,0.0,0.0,0.0,0.58,1.81,1.0,0.0,0.0,0.0,0.58,3.81,1.0,0.0,0.0,0.0,-3.73,-1.9860000000002902,-0.21480000000007005,0.0,1.3000000000000789,0.39000000000000146,-3.73,-0.0119999999998589,-0.22260000000007008,0.0,1.2999999999999996,0.39000000000000146,6.21,2.708200000000096,1.1593999999999944,0.0,1.7700000000000493,0.5900000000000905,6.21,4.743600000000087,1.1711999999999962,0.0,1.7700000000000493,0.5900000000000905,9.47,-0.7688000000000291,0.007999999999961656,0.0,-0.9099999999999664,0.3499999999999997,9.47,1.2493999999999892,0.0009999999999616594,0.0,-0.9099999999999664,0.35000000000000003,0,0,0,0,0,0,0,0,0,0,0,0,0,0,0,0,0,0,0,0,0,0,0,0,0,0,0,0,0,0,0,0,0,0,0,0,0,0,0,0,0,0,0,0,0,0,0,0,0,0,0,0,0,0,0,0,0,0,0,0,0,0,0,0,0,0,0,0,0,0,0,0,0,0,0,0,0,0,0,0,0,0,0,0,0,0,0,0,0,0,0,0,0,0,0,0,0,0,0,0,0,0,0,0,0,0,0,0,0,0,0,0,0,0,0,0,0,0,0,0,0,0,0,0,0,0,0,0,0,0,0,0,0,0,0,0,0,0,0,0,0,0,0,0,0,0,0,0,0,0,0,0,0,0,0,0,0,0,0,0,0,0,0,0,0,0,0,0
6.200969494,-6.365962000000275,0.060586086897787064,-2.112521462035196,2.7249999999998664,0.45057716965675454,-0.20727834510791965,2.7249999999999996,0.45057716965675354,-0.2072783451080321,4.907520771026611,0.45057716965675354,-0.07587237656116486,4.958871949487693,-0.018082132051598032,0.6397359026071532,3.01,-6.3,-1.0,0.0,0.0,0.0,3.01,-4.3,-1.0,0.0,0.0,0.0,3.01,-2.3,-1.0,0.0,0.0,0.0,3.01,-0.3,-1.0,0.0,0.0,0.0,3.01,-6.3,1.0,0.0,0.0,0.0,3.01,-4.3,1.0,0.0,0.0,0.0,3.01,-2.3,1.0,0.0,0.0,0.0,3.01,-0.3,1.0,0.0,0.0,0.0,0.58,-2.19,-1.0,0.0,0.0,0.0,0.58,-0.19,-1.0,0.0,0.0,0.0,0.58,1.81,-1.0,0.0,0.0,0.0,0.58,3.81,-1.0,0.0,0.0,0.0,0.58,-2.19,1.0,0.0,0.0,0.0,0.58,-0.19,1.0,0.0,0.0,0.0,0.58,1.81,1.0,0.0,0.0,0.0,0.58,3.81,1.0,0.0,0.0,0.0,-3.73,-1.9080000000002855,-0.19140000000006996,0.0,1.3000000000000789,0.39000000000000146,-3.73,0.09200000000014105,-0.19140000000006996,0.0,1.2999999999999956,0.39000000000000146,6.21,2.8498000000001,1.2066000000000017,0.0,1.7700000000000493,0.5900000000000905,6.21,4.84980000000009,1.2066000000000017,0.0,1.7700000000000493,0.5900000000000905,9.47,-0.8234000000000271,0.028999999999961633,0.0,-0.9099999999999664,0.3499999999999996,9.47,1.1765999999999919,0.028999999999961633,0.0,-0.9099999999999664,0.3499999999999996,0,0,0,0,0,0,0,0,0,0,0,0,0,0,0,0,0,0,0,0,0,0,0,0,0,0,0,0,0,0,0,0,0,0,0,0,0,0,0,0,0,0,0,0,0,0,0,0,0,0,0,0,0,0,0,0,0,0,0,0,0,0,0,0,0,0,0,0,0,0,0,0,0,0,0,0,0,0,0,0,0,0,0,0,0,0,0,0,0,0,0,0,0,0,0,0,0,0,0,0,0,0,0,0,0,0,0,0,0,0,0,0,0,0,0,0,0,0,0,0,0,0,0,0,0,0,0,0,0,0,0,0,0,0,0,0,0,0,0,0,0,0,0,0,0,0,0,0,0,0,0,0,0,0,0,0,0,0,0,0,0,0,0,0,0,0,0,0
6.301643836,-6.147614000000287,0.09665587046616943,-2.1287557296438306,2.759799999999757,0.45293816924095454,-0.17247834510802917,2.812,0.45647966861724854,-0.12027834510803212,4.906981945037842,0.45647966861724854,-0.054716624319553375,4.958871949487693,-0.018082132051598032,0.6397359026071532,3.01,-6.3,-1.0,0.0,0.0,0.0,3.01,-4.3,-1.0,0.0,0.0,0.0,3.01,-2.3,-1.0,0.0,0.0,0.0,3.01,-0.3,-1.0,0.0,0.0,0.0,3.01,-6.3,1.0,0.0,0.0,0.0,3.01,-4.3,1.0,0.0,0.0,0.0,3.01,-2.3,1.0,0.0,0.0,0.0,3.01,-0.3,1.0,0.0,0.0,0.0,0.58,-2.19,-1.0,0.0,0.0,0.0,0.58,-0.19,-1.0,0.0,0.0,0.0,0.58,1.81,-1.0,0.0,0.0,0.0,0.58,3.81,-1.0,0.0,0.0,0.0,0.58,-2.19,1.0,0.0,0.0,0.0,0.58,-0.19,1.0,0.0,0.0,0.0,0.58,1.81,1.0,0.0,0.0,0.0,0.58,3.81,1.0,0.0,0.0,0.0,-3.73,-1.8040000000002792,-0.16020000000006984,0.0,1.3000000000000789,0.39000000000000146,-3.73,0.1960000000001407,-0.16020000000006984,0.0,1.2999999999999956,0.39000000000000146,6.21,2.991400000000104,1.253800000000009,0.0,1.7700000000000493,0.5900000000000905,6.21,4.991400000000094,1.253800000000009,0.0,1.7700000000000493,0.5900000000000905,9.47,-0.8962000000000244,0.05699999999996186,0.0,-0.9099999999999664,0.35000000000000314,9.47,1.1037999999999946,0.05699999999996186,0.0,-0.9099999999999664,0.35000000000000314,0,0,0,0,0,0,0,0,0,0,0,0,0,0,0,0,0,0,0,0,0,0,0,0,0,0,0,0,0,0,0,0,0,0,0,0,0,0,0,0,0,0,0,0,0,0,0,0,0,0,0,0,0,0,0,0,0,0,0,0,0,0,0,0,0,0,0,0,0,0,0,0,0,0,0,0,0,0,0,0,0,0,0,0,0,0,0,0,0,0,0,0,0,0,0,0,0,0,0,0,0,0,0,0,0,0,0,0,0,0,0,0,0,0,0,0,0,0,0,0,0,0,0,0,0,0,0,0,0,0,0,0,0,0,0,0,0,0,0,0,0,0,0,0,0,0,0,0,0,0,0,0,0,0,0,0,0,0,0,0,0,0,0,0,0,0,0,0
6.401782606,-5.922115000000319,0.13327609541886754,-2.1378389972524854,2.865899999999666,0.46666481494903056,-0.06637834510812013,2.889,0.4710298776626587,-0.04327834510803212,4.904380798339844,0.4710298776626587,-0.03181750327348709,4.9553597625254255,-0.041478848792710146,0.6653488776925965,3.01,-6.3,-1.0,0.0,0.0,0.0,3.01,-4.3,-1.0,0.0,0.0,0.0,3.01,-2.3,-1.0,0.0,0.0,0.0,3.01,-0.3,-1.0,0.0,0.0,0.0,3.01,-6.3,1.0,0.0,0.0,0.0,3.01,-4.3,1.0,0.0,0.0,0.0,3.01,-2.3,1.0,0.0,0.0,0.0,3.01,-0.3,1.0,0.0,0.0,0.0,0.58,-2.19,-1.0,0.0,0.0,0.0,0.58,-0.19,-1.0,0.0,0.0,0.0,0.58,1.81,-1.0,0.0,0.0,0.0,0.58,3.81,-1.0,0.0,0.0,0.0,0.58,-2.19,1.0,0.0,0.0,0.0,0.58,-0.19,1.0,0.0,0.0,0.0,0.58,1.81,1.0,0.0,0.0,0.0,0.58,3.81,1.0,0.0,0.0,0.0,-3.73,-1.7000000000002728,-0.12900000000006973,0.0,1.3000000000000789,0.39000000000000146,-3.73,0.30000000000014143,-0.12900000000006973,0.0,1.3000000000000236,0.39000000000000146,6.21,3.133000000000108,1.3010000000000161,0.0,1.7700000000000493,0.5900000000000905,6.21,5.133000000000098,1.3010000000000161,0.0,1.7700000000000493,0.5900000000000905,9.47,-0.9690000000000217,0.0849999999999621,0.0,-0.9099999999999664,0.35000000000000314,9.47,1.0309999999999973,0.0849999999999621,0.0,-0.9099999999999664,0.35000000000000314,0,0,0,0,0,0,0,0,0,0,0,0,0,0,0,0,0,0,0,0,0,0,0,0,0,0,0,0,0,0,0,0,0,0,0,0,0,0,0,0,0,0,0,0,0,0,0,0,0,0,0,0,0,0,0,0,0,0,0,0,0,0,0,0,0,0,0,0,0,0,0,0,0,0,0,0,0,0,0,0,0,0,0,0,0,0,0,0,0,0,0,0,0,0,0,0,0,0,0,0,0,0,0,0,0,0,0,0,0,0,0,0,0,0,0,0,0,0,0,0,0,0,0,0,0,0,0,0,0,0,0,0,0,0,0,0,0,0,0,0,0,0,0,0,0,0,0,0,0,0,0,0,0,0,0,0,0,0,0,0,0,0,0,0,0,0,0,0
6.501004266,-5.690119000000338,0.17107357600205786,-2.141032498518852,2.962000000000131,0.48062074184418435,-0.020881149918050568,2.9619999999999997,0.48062074184417725,-0.020881149917840958,4.901239395141602,0.48062074184417725,-0.020881149917840958,4.953898912446014,-0.05321127287123287,0.6753177960824259,3.01,-6.3,-1.0,0.0,0.0,0.0,3.01,-4.3,-1.0,0.0,0.0,0.0,3.01,-2.3,-1.0,0.0,0.0,0.0,3.01,-0.3,-1.0,0.0,0.0,0.0,3.01,-6.3,1.0,0.0,0.0,0.0,3.01,-4.3,1.0,0.0,0.0,0.0,3.01,-2.3,1.0,0.0,0.0,0.0,3.01,-0.3,1.0,0.0,0.0,0.0,0.58,-2.19,-1.0,0.0,0.0,0.0,0.58,-0.19,-1.0,0.0,0.0,0.0,0.58,1.81,-1.0,0.0,0.0,0.0,0.58,3.81,-1.0,0.0,0.0,0.0,0.58,-2.19,1.0,0.0,0.0,0.0,0.58,-0.19,1.0,0.0,0.0,0.0,0.58,1.81,1.0,0.0,0.0,0.0,0.58,3.81,1.0,0.0,0.0,0.0,-3.73,-1.5960000000002665,-0.09780000000006961,0.0,1.3000000000000789,0.39000000000000146,-3.73,0.4040000000001433,-0.09780000000006961,0.0,1.3000000000000236,0.39000000000000146,6.21,3.274600000000112,1.3482000000000234,0.0,1.7700000000000493,0.5900000000000905,6.21,5.274600000000102,1.3482000000000234,0.0,1.7700000000000493,0.5900000000000905,9.47,-1.0418000000000192,0.11299999999996235,0.0,-0.9099999999999664,0.35000000000000314,9.47,0.9581999999999999,0.11299999999996235,0.0,-0.9099999999999664,0.35000000000000314,0,0,0,0,0,0,0,0,0,0,0,0,0,0,0,0,0,0,0,0,0,0,0,0,0,0,0,0,0,0,0,0,0,0,0,0,0,0,0,0,0,0,0,0,0,0,0,0,0,0,0,0,0,0,0,0,0,0,0,0,0,0,0,0,0,0,0,0,0,0,0,0,0,0,0,0,0,0,0,0,0,0,0,0,0,0,0,0,0,0,0,0,0,0,0,0,0,0,0,0,0,0,0,0,0,0,0,0,0,0,0,0,0,0,0,0,0,0,0,0,0,0,0,0,0,0,0,0,0,0,0,0,0,0,0,0,0,0,0,0,0,0,0,0,0,0,0,0,0,0,0,0,0,0,0,0,0,0,0,0,0,0,0,0,0,0,0,0
6.603426283,-5.451575000000321,0.20947794166081823,-2.142621947898453,3.0340000000004252,0.4785619378089855,-0.01719739474337345,3.034,0.4785619378089905,-0.017197394743561745,4.899529457092285,0.4785619378089905,-0.017197394743561745,4.953898912446014,-0.05321127287123287,0.6753177960824259,3.01,-6.3,-1.0,0.0,0.0,0.0,3.01,-4.3,-1.0,0.0,0.0,0.0,3.01,-2.3,-1.0,0.0,0.0,0.0,3.01,-0.3,-1.0,0.0,0.0,0.0,3.01,-6.3,1.0,0.0,0.0,0.0,3.01,-4.3,1.0,0.0,0.0,0.0,3.01,-2.3,1.0,0.0,0.0,0.0,3.01,-0.3,1.0,0.0,0.0,0.0,0.58,-2.19,-1.0,0.0,0.0,0.0,0.58,-0.19,-1.0,0.0,0.0,0.0,0.58,1.81,-1.0,0.0,0.0,0.0,0.58,3.81,-1.0,0.0,0.0,0.0,0.58,-2.19,1.0,0.0,0.0,0.0,0.58,-0.19,1.0,0.0,0.0,0.0,0.58,1.81,1.0,0.0,0.0,0.0,0.58,3.81,1.0,0.0,0.0,0.0,-3.73,-1.4920000000002602,-0.06660000000006949,0.0,1.3000000000000789,0.39000000000000146,-3.73,0.5080000000001448,-0.06660000000006949,0.0,1.2999999999999847,0.39000000000000146,6.21,3.416200000000116,1.3954000000000306,0.0,1.7700000000000493,0.5900000000000905,6.21,5.416200000000106,1.3954000000000306,0.0,1.7700000000000493,0.5900000000000905,9.47,-1.1146000000000165,0.14099999999996196,0.0,-0.9099999999999664,0.34999999999998915,9.47,0.8854000000000026,0.14099999999996196,0.0,-0.9099999999999664,0.34999999999998915,0,0,0,0,0,0,0,0,0,0,0,0,0,0,0,0,0,0,0,0,0,0,0,0,0,0,0,0,0,0,0,0,0,0,0,0,0,0,0,0,0,0,0,0,0,0,0,0,0,0,0,0,0,0,0,0,0,0,0,0,0,0,0,0,0,0,0,0,0,0,0,0,0,0,0,0,0,0,0,0,0,0,0,0,0,0,0,0,0,0,0,0,0,0,0,0,0,0,0,0,0,0,0,0,0,0,0,0,0,0,0,0,0,0,0,0,0,0,0,0,0,0,0,0,0,0,0,0,0,0,0,0,0,0,0,0,0,0,0,0,0,0,0,0,0,0,0,0,0,0,0,0,0,0,0,0,0,0,0,0,0,0,0,0,0,0,0,0
6.701679439,-5.268943000000298,0.23811705461018928,-2.1436068087359033,3.0932000000001736,0.47110160589217687,-0.012499110028141303,3.1079999999999997,0.4692365229129791,-0.011324538849294186,4.899522304534912,0.4692365229129791,-0.011324538849294186,4.9508528721121365,-0.0772078659089706,0.6950502026046644,3.01,-6.3,-1.0,0.0,0.0,0.0,3.01,-4.3,-1.0,0.0,0.0,0.0,3.01,-2.3,-1.0,0.0,0.0,0.0,3.01,-0.3,-1.0,0.0,0.0,0.0,3.01,-6.3,1.0,0.0,0.0,0.0,3.01,-4.3,1.0,0.0,0.0,0.0,3.01,-2.3,1.0,0.0,0.0,0.0,3.01,-0.3,1.0,0.0,0.0,0.0,0.58,-2.19,-1.0,0.0,0.0,0.0,0.58,-0.19,-1.0,0.0,0.0,0.0,0.58,1.81,-1.0,0.0,0.0,0.0,0.58,3.81,-1.0,0.0,0.0,0.0,0.58,-2.19,1.0,0.0,0.0,0.0,0.58,-0.19,1.0,0.0,0.0,0.0,0.58,1.81,1.0,0.0,0.0,0.0,0.58,3.81,1.0,0.0,0.0,0.0,-3.73,-1.4140000000002555,-0.043200000000069405,0.0,1.3000000000000789,0.39000000000000146,-3.73,0.5860000000001429,-0.043200000000069405,0.0,1.299999999999968,0.39000000000000146,6.21,3.5224000000001188,1.430800000000036,0.0,1.7700000000000493,0.5900000000000905,6.21,5.5224000000001086,1.430800000000036,0.0,1.7700000000000493,0.5900000000000905,9.47,-1.1692000000000144,0.1619999999999613,0.0,-0.9099999999999664,0.34999999999998915,9.47,0.8308000000000046,0.1619999999999613,0.0,-0.9099999999999664,0.34999999999998915,0,0,0,0,0,0,0,0,0,0,0,0,0,0,0,0,0,0,0,0,0,0,0,0,0,0,0,0,0,0,0,0,0,0,0,0,0,0,0,0,0,0,0,0,0,0,0,0,0,0,0,0,0,0,0,0,0,0,0,0,0,0,0,0,0,0,0,0,0,0,0,0,0,0,0,0,0,0,0,0,0,0,0,0,0,0,0,0,0,0,0,0,0,0,0,0,0,0,0,0,0,0,0,0,0,0,0,0,0,0,0,0,0,0,0,0,0,0,0,0,0,0,0,0,0,0,0,0,0,0,0,0,0,0,0,0,0,0,0,0,0,0,0,0,0,0,0,0,0,0,0,0,0,0,0,0,0,0,0,0,0,0,0,0,0,0,0,0
6.802208638,-5.019888000000289,0.27561469888561585,-2.144475609417689,3.1495000000001383,0.4651087671518339,-0.007608296233252432,3.191,0.46098101139068604,-0.0038920536171644926,4.899662494659424,0.46098101139068604,-0.0038920536171644926,4.9508528721121365,-0.0772078659089706,0.6950502026046644,3.01,-6.3,-1.0,0.0,0.0,0.0,3.01,-4.3,-1.0,0.0,0.0,0.0,3.01,-2.3,-1.0,0.0,0.0,0.0,3.01,-0.3,-1.0,0.0,0.0,0.0,3.01,-6.3,1.0,0.0,0.0,0.0,3.01,-4.3,1.0,0.0,0.0,0.0,3.01,-2.3,1.0,0.0,0.0,0.0,3.01,-0.3,1.0,0.0,0.0,0.0,0.58,-2.19,-1.0,0.0,0.0,0.0,0.58,-0.19,-1.0,0.0,0.0,0.0,0.58,1.81,-1.0,0.0,0.0,0.0,0.58,3.81,-1.0,0.0,0.0,0.0,0.58,-2.19,1.0,0.0,0.0,0.0,0.58,-0.19,1.0,0.0,0.0,0.0,0.58,1.81,1.0,0.0,0.0,0.0,0.58,3.81,1.0,0.0,0.0,0.0,-3.73,-1.3100000000002492,-0.012000000000069306,0.0,1.3000000000000789,0.38999999999999974,-3.73,0.6900000000001403,-0.012000000000069306,0.0,1.299999999999968,0.38999999999999974,6.21,3.6640000000001227,1.4780000000000433,0.0,1.7700000000000493,0.5900000000000905,6.21,5.6640000000001125,1.4780000000000433,0.0,1.7700000000000493,0.5900000000000905,9.47,-1.2420000000000118,0.18999999999996045,0.0,-0.9099999999999664,0.34999999999998915,9.47,0.7580000000000073,0.18999999999996045,0.0,-0.9099999999999664,0.34999999999998915,0,0,0,0,0,0,0,0,0,0,0,0,0,0,0,0,0,0,0,0,0,0,0,0,0,0,0,0,0,0,0,0,0,0,0,0,0,0,0,0,0,0,0,0,0,0,0,0,0,0,0,0,0,0,0,0,0,0,0,0,0,0,0,0,0,0,0,0,0,0,0,0,0,0,0,0,0,0,0,0,0,0,0,0,0,0,0,0,0,0,0,0,0,0,0,0,0,0,0,0,0,0,0,0,0,0,0,0,0,0,0,0,0,0,0,0,0,0,0,0,0,0,0,0,0,0,0,0,0,0,0,0,0,0,0,0,0,0,0,0,0,0,0,0,0,0,0,0,0,0,0,0,0,0,0,0,0,0,0,0,0,0,0,0,0,0,0,0
6.901280026,-4.764062000000274,0.31243314671390904,-2.144743648424664,3.245600000000337,0.4549777030944668,0.0004404746227315572,3.2689999999999997,0.45240485668182373,0.002297272440046072,4.898993015289307,0.45240485668182373,0.002297272440046072,4.948890178123951,-0.09149736177697207,0.7071875547944461,3.01,-6.3,-1.0,0.0,0.0,0.0,3.01,-4.3,-1.0,0.0,0.0,0.0,3.01,-2.3,-1.0,0.0,0.0,0.0,3.01,-0.3,-1.0,0.0,0.0,0.0,3.01,-6.3,1.0,0.0,0.0,0.0,3.01,-4.3,1.0,0.0,0.0,0.0,3.01,-2.3,1.0,0.0,0.0,0.0,3.01,-0.3,1.0,0.0,0.0,0.0,0.58,-2.19,-1.0,0.0,0.0,0.0,0.58,-0.19,-1.0,0.0,0.0,0.0,0.58,1.81,-1.0,0.0,0.0,0.0,0.58,3.81,-1.0,0.0,0.0,0.0,0.58,-2.19,1.0,0.0,0.0,0.0,0.58,-0.19,1.0,0.0,0.0,0.0,0.58,1.81,1.0,0.0,0.0,0.0,0.58,3.81,1.0,0.0,0.0,0.0,-3.73,-1.2060000000002429,0.019199999999930696,0.0,1.3000000000000789,0.3900000000000013,-3.73,0.7940000000001377,0.019199999999930696,0.0,1.299999999999968,0.3900000000000013,6.21,3.8410000000001276,1.5370000000000523,0.0,1.7700000000000493,0.5900000000000905,6.21,5.8056000000001164,1.5252000000000505,0.0,1.7700000000000493,0.5900000000000905,9.47,-1.3330000000000084,0.22499999999995937,0.0,-0.9099999999999664,0.34999999999998915,9.47,0.68520000000001,0.2179999999999596,0.0,-0.9099999999999664,0.34999999999998915,0,0,0,0,0,0,0,0,0,0,0,0,0,0,0,0,0,0,0,0,0,0,0,0,0,0,0,0,0,0,0,0,0,0,0,0,0,0,0,0,0,0,0,0,0,0,0,0,0,0,0,0,0,0,0,0,0,0,0,0,0,0,0,0,0,0,0,0,0,0,0,0,0,0,0,0,0,0,0,0,0,0,0,0,0,0,0,0,0,0,0,0,0,0,0,0,0,0,0,0,0,0,0,0,0,0,0,0,0,0,0,0,0,0,0,0,0,0,0,0,0,0,0,0,0,0,0,0,0,0,0,0,0,0,0,0,0,0,0,0,0,0,0,0,0,0,0,0,0,0,0,0,0,0,0,0,0,0,0,0,0,0,0,0,0,0,0,0
7.000979902,-4.435490000000235,0.3574960219847506,-2.1444227870553068,3.3570000000002764,0.4430569410324159,0.0070938053542413115,3.3569999999999998,0.44305694103240967,0.007093805354088545,4.898212909698486,0.44305694103240967,0.007093805354088545,4.944416447180993,-0.12136823909674976,0.7334955673926327,3.01,-6.3,-1.0,0.0,0.0,0.0,3.01,-4.3,-1.0,0.0,0.0,0.0,3.01,-2.3,-1.0,0.0,0.0,0.0,3.01,-0.3,-1.0,0.0,0.0,0.0,3.01,-6.3,1.0,0.0,0.0,0.0,3.01,-4.3,1.0,0.0,0.0,0.0,3.01,-2.3,1.0,0.0,0.0,0.0,3.01,-0.3,1.0,0.0,0.0,0.0,0.58,-2.19,-1.0,0.0,0.0,0.0,0.58,-0.19,-1.0,0.0,0.0,0.0,0.58,1.81,-1.0,0.0,0.0,0.0,0.58,3.81,-1.0,0.0,0.0,0.0,0.58,-2.19,1.0,0.0,0.0,0.0,0.58,-0.19,1.0,0.0,0.0,0.0,0.58,1.81,1.0,0.0,0.0,0.0,0.58,3.81,1.0,0.0,0.0,0.0,-3.73,-1.076000000000235,0.05819999999993084,0.0,1.3000000000000789,0.39000000000000146,-3.73,0.9240000000001345,0.05819999999993084,0.0,1.299999999999968,0.39000000000000146,6.21,3.9826000000001316,1.5842000000000596,0.0,1.7700000000000493,0.5900000000000905,6.21,5.982600000000121,1.5842000000000596,0.0,1.7700000000000493,0.5900000000000905,9.47,-1.4058000000000057,0.25299999999995876,0.0,-0.9099999999999664,0.3500000000000142,9.47,0.5942000000000134,0.25299999999995876,0.0,-0.9099999999999664,0.3500000000000142,0,0,0,0,0,0,0,0,0,0,0,0,0,0,0,0,0,0,0,0,0,0,0,0,0,0,0,0,0,0,0,0,0,0,0,0,0,0,0,0,0,0,0,0,0,0,0,0,0,0,0,0,0,0,0,0,0,0,0,0,0,0,0,0,0,0,0,0,0,0,0,0,0,0,0,0,0,0,0,0,0,0,0,0,0,0,0,0,0,0,0,0,0,0,0,0,0,0,0,0,0,0,0,0,0,0,0,0,0,0,0,0,0,0,0,0,0,0,0,0,0,0,0,0,0,0,0,0,0,0,0,0,0,0,0,0,0,0,0,0,0,0,0,0,0,0,0,0,0,0,0,0,0,0,0,0,0,0,0,0,0,0,0,0,0,0,0,0
7.101926172,-4.166050000000214,0.39281167507045966,-2.1438130145472645,3.4450000000001424,0.43016672134399414,0.011320613324539153,3.445,0.43016672134399414,0.011320613324642181,4.897642612457275,0.43016672134399414,0.011320613324642181,4.944416447180993,-0.12136823909674976,0.7334955673926327,3.01,-6.3,-1.0,0.0,0.0,0.0,3.01,-4.3,-1.0,0.0,0.0,0.0,3.01,-2.3,-1.0,0.0,0.0,0.0,3.01,-0.3,-1.0,0.0,0.0,0.0,3.01,-6.3,1.0,0.0,0.0,0.0,3.01,-4.3,1.0,0.0,0.0,0.0,3.01,-2.3,1.0,0.0,0.0,0.0,3.01,-0.3,1.0,0.0,0.0,0.0,0.58,-2.19,-1.0,0.0,0.0,0.0,0.58,-0.19,-1.0,0.0,0.0,0.0,0.58,1.81,-1.0,0.0,0.0,0.0,0.58,3.81,-1.0,0.0,0.0,0.0,0.58,-2.19,1.0,0.0,0.0,0.0,0.58,-0.19,1.0,0.0,0.0,0.0,0.58,1.81,1.0,0.0,0.0,0.0,0.58,3.81,1.0,0.0,0.0,0.0,-3.73,-0.9720000000002311,0.08939999999993095,0.0,1.299999999999968,0.39000000000000146,-3.73,1.0280000000001344,0.08939999999993095,0.0,1.3000000000000789,0.39000000000000146,6.21,4.124200000000104,1.6314000000000668,0.0,1.7699999999996052,0.5900000000000905,6.21,6.124200000000094,1.6314000000000668,0.0,1.7699999999996052,0.5900000000000905,9.47,-1.478600000000003,0.2809999999999601,0.0,-0.9099999999999664,0.35000000000001696,9.47,0.5214000000000161,0.2809999999999601,0.0,-0.9099999999999664,0.35000000000001696,0,0,0,0,0,0,0,0,0,0,0,0,0,0,0,0,0,0,0,0,0,0,0,0,0,0,0,0,0,0,0,0,0,0,0,0,0,0,0,0,0,0,0,0,0,0,0,0,0,0,0,0,0,0,0,0,0,0,0,0,0,0,0,0,0,0,0,0,0,0,0,0,0,0,0,0,0,0,0,0,0,0,0,0,0,0,0,0,0,0,0,0,0,0,0,0,0,0,0,0,0,0,0,0,0,0,0,0,0,0,0,0,0,0,0,0,0,0,0,0,0,0,0,0,0,0,0,0,0,0,0,0,0,0,0,0,0,0,0,0,0,0,0,0,0,0,0,0,0,0,0,0,0,0,0,0,0,0,0,0,0,0,0,0,0,0,0,0
7.200881111,-3.8198020000002004,0.43563706767433413,-2.1426105104637574,3.5370000000001234,0.4200993776321549,0.015028126537863784,3.537,0.4200993776321411,0.015028126537799835,4.8961591720581055,0.4200993776321411,0.015028126537799835,4.941758724449877,-0.1375810308973933,0.748393057998765,3.01,-6.3,-1.0,0.0,0.0,0.0,3.01,-4.3,-1.0,0.0,0.0,0.0,3.01,-2.3,-1.0,0.0,0.0,0.0,3.01,-0.3,-1.0,0.0,0.0,0.0,3.01,-6.3,1.0,0.0,0.0,0.0,3.01,-4.3,1.0,0.0,0.0,0.0,3.01,-2.3,1.0,0.0,0.0,0.0,3.01,-0.3,1.0,0.0,0.0,0.0,0.58,-2.19,-1.0,0.0,0.0,0.0,0.58,-0.19,-1.0,0.0,0.0,0.0,0.58,1.81,-1.0,0.0,0.0,0.0,0.58,3.81,-1.0,0.0,0.0,0.0,0.58,-2.19,1.0,0.0,0.0,0.0,0.58,-0.19,1.0,0.0,0.0,0.0,0.58,1.81,1.0,0.0,0.0,0.0,0.58,3.81,1.0,0.0,0.0,0.0,-3.73,-0.8420000000002343,0.1283999999999311,0.0,1.299999999999968,0.39000000000000146,-3.73,1.1580000000001422,0.1283999999999311,0.0,1.3000000000000789,0.39000000000000146,6.21,4.3012000000000645,1.6904000000000758,0.0,1.7699999999996052,0.5900000000000905,6.21,6.301200000000055,1.6904000000000758,0.0,1.7699999999996052,0.5900000000000905,9.47,-1.5695999999999997,0.3159999999999618,0.0,-0.9099999999999664,0.35000000000001696,9.47,0.43040000000001516,0.3159999999999618,0.0,-0.9100000000000217,0.35000000000001696,0,0,0,0,0,0,0,0,0,0,0,0,0,0,0,0,0,0,0,0,0,0,0,0,0,0,0,0,0,0,0,0,0,0,0,0,0,0,0,0,0,0,0,0,0,0,0,0,0,0,0,0,0,0,0,0,0,0,0,0,0,0,0,0,0,0,0,0,0,0,0,0,0,0,0,0,0,0,0,0,0,0,0,0,0,0,0,0,0,0,0,0,0,0,0,0,0,0,0,0,0,0,0,0,0,0,0,0,0,0,0,0,0,0,0,0,0,0,0,0,0,0,0,0,0,0,0,0,0,0,0,0,0,0,0,0,0,0,0,0,0,0,0,0,0,0,0,0,0,0,0,0,0,0,0,0,0,0,0,0,0,0,0,0,0,0,0,0
7.301035523,-3.5359520000001905,0.4691114295708502,-2.141382945912819,3.62600000000013,0.406740546226525,0.017559569328806646,3.626,0.40674054622650146,0.01755956932902336,4.894919395446777,0.40674054622650146,0.01755956932902336,4.938849900609041,-0.15416798835272738,0.7641949297275794,3.01,-6.3,-1.0,0.0,0.0,0.0,3.01,-4.3,-1.0,0.0,0.0,0.0,3.01,-2.3,-1.0,0.0,0.0,0.0,3.01,-0.3,-1.0,0.0,0.0,0.0,3.01,-6.3,1.0,0.0,0.0,0.0,3.01,-4.3,1.0,0.0,0.0,0.0,3.01,-2.3,1.0,0.0,0.0,0.0,3.01,-0.3,1.0,0.0,0.0,0.0,0.58,-2.19,-1.0,0.0,0.0,0.0,0.58,-0.19,-1.0,0.0,0.0,0.0,0.58,1.81,-1.0,0.0,0.0,0.0,0.58,3.81,-1.0,0.0,0.0,0.0,0.58,-2.19,1.0,0.0,0.0,0.0,0.58,-0.19,1.0,0.0,0.0,0.0,0.58,1.81,1.0,0.0,0.0,0.0,0.58,3.81,1.0,0.0,0.0,0.0,-3.73,-0.7380000000002369,0.1595999999999312,0.0,1.299999999999968,0.39000000000000146,-3.73,1.2620000000001486,0.1595999999999312,0.0,1.3000000000000789,0.39000000000000146,6.21,4.442800000000033,1.737600000000083,0.0,1.7699999999996052,0.5900000000000905,6.21,6.442800000000023,1.737600000000083,0.0,1.7699999999996052,0.5900000000000905,9.47,-1.642399999999997,0.34399999999996317,0.0,-0.9099999999999664,0.35000000000001696,9.47,0.3576000000000134,0.34399999999996317,0.0,-0.9100000000000217,0.35000000000001696,0,0,0,0,0,0,0,0,0,0,0,0,0,0,0,0,0,0,0,0,0,0,0,0,0,0,0,0,0,0,0,0,0,0,0,0,0,0,0,0,0,0,0,0,0,0,0,0,0,0,0,0,0,0,0,0,0,0,0,0,0,0,0,0,0,0,0,0,0,0,0,0,0,0,0,0,0,0,0,0,0,0,0,0,0,0,0,0,0,0,0,0,0,0,0,0,0,0,0,0,0,0,0,0,0,0,0,0,0,0,0,0,0,0,0,0,0,0,0,0,0,0,0,0,0,0,0,0,0,0,0,0,0,0,0,0,0,0,0,0,0,0,0,0,0,0,0,0,0,0,0,0,0,0,0,0,0,0,0,0,0,0,0,0,0,0,0,0
7.400978049,-3.2453680000001817,0.5015875456916671,-2.139965382161496,3.6763999999999797,0.4004277884960105,0.018839389830649367,3.71,0.39621928334236145,0.01969260349869728,4.892721176147461,0.39621928334236145,0.01969260349869728,4.935622934622509,-0.17140554231772942,0.7811826849662367,3.01,-6.3,-1.0,0.0,0.0,0.0,3.01,-4.3,-1.0,0.0,0.0,0.0,3.01,-2.3,-1.0,0.0,0.0,0.0,3.01,-0.3,-1.0,0.0,0.0,0.0,3.01,-6.3,1.0,0.0,0.0,0.0,3.01,-4.3,1.0,0.0,0.0,0.0,3.01,-2.3,1.0,0.0,0.0,0.0,3.01,-0.3,1.0,0.0,0.0,0.0,0.58,-2.19,-1.0,0.0,0.0,0.0,0.58,-0.19,-1.0,0.0,0.0,0.0,0.58,1.81,-1.0,0.0,0.0,0.0,0.58,3.81,-1.0,0.0,0.0,0.0,0.58,-2.19,1.0,0.0,0.0,0.0,0.58,-0.19,1.0,0.0,0.0,0.0,0.58,1.81,1.0,0.0,0.0,0.0,0.58,3.81,1.0,0.0,0.0,0.0,-3.73,-0.6340000000002395,0.19079999999993133,0.0,1.299999999999968,0.39000000000000146,-3.73,1.3660000000001549,0.19079999999993133,0.0,1.3000000000000789,0.39000000000000146,6.21,4.584400000000001,1.7848000000000903,0.0,1.7699999999996052,0.5900000000000905,6.21,6.584399999999992,1.7848000000000903,0.0,1.7699999999996052,0.5900000000000905,9.47,-1.7151999999999943,0.3719999999999645,0.0,-0.9099999999999664,0.35000000000001696,9.47,0.28480000000001165,0.3719999999999645,0.0,-0.9100000000000217,0.35000000000001696,0,0,0,0,0,0,0,0,0,0,0,0,0,0,0,0,0,0,0,0,0,0,0,0,0,0,0,0,0,0,0,0,0,0,0,0,0,0,0,0,0,0,0,0,0,0,0,0,0,0,0,0,0,0,0,0,0,0,0,0,0,0,0,0,0,0,0,0,0,0,0,0,0,0,0,0,0,0,0,0,0,0,0,0,0,0,0,0,0,0,0,0,0,0,0,0,0,0,0,0,0,0,0,0,0,0,0,0,0,0,0,0,0,0,0,0,0,0,0,0,0,0,0,0,0,0,0,0,0,0,0,0,0,0,0,0,0,0,0,0,0,0,0,0,0,0,0,0,0,0,0,0,0,0,0,0,0,0,0,0,0,0,0,0,0,0,0,0
7.50263831,-2.9476190000001914,0.5331469698833783,-2.1383732091476673,3.7829999999998707,0.38559478521349444,0.020982198417396347,3.783,0.38559478521347046,0.020982198417186737,4.890409469604492,0.38559478521347046,0.020982198417186737,4.929420441689227,-0.20153289949183495,0.812526060799774,3.01,-6.3,-1.0,0.0,0.0,0.0,3.01,-4.3,-1.0,0.0,0.0,0.0,3.01,-2.3,-1.0,0.0,0.0,0.0,3.01,-0.3,-1.0,0.0,0.0,0.0,3.01,-6.3,1.0,0.0,0.0,0.0,3.01,-4.3,1.0,0.0,0.0,0.0,3.01,-2.3,1.0,0.0,0.0,0.0,3.01,-0.3,1.0,0.0,0.0,0.0,0.58,-2.19,-1.0,0.0,0.0,0.0,0.58,-0.19,-1.0,0.0,0.0,0.0,0.58,1.81,-1.0,0.0,0.0,0.0,0.58,3.81,-1.0,0.0,0.0,0.0,0.58,-2.19,1.0,0.0,0.0,0.0,0.58,-0.19,1.0,0.0,0.0,0.0,0.58,1.81,1.0,0.0,0.0,0.0,0.58,3.81,1.0,0.0,0.0,0.0,-3.73,-0.530000000000242,0.22199999999993145,0.0,1.299999999999968,0.39000000000000146,-3.73,1.4700000000001612,0.22199999999993145,0.0,1.3000000000000789,0.39000000000000146,6.21,4.72599999999997,1.8320000000000976,0.0,1.7699999999996052,0.5900000000000905,6.21,6.72599999999996,1.8320000000000976,0.0,1.7699999999996052,0.5900000000000905,9.47,-1.7879999999999916,0.3999999999999659,0.0,-0.9099999999999664,0.35000000000001696,9.47,0.21200000000001107,0.3999999999999659,0.0,-0.9099999999999941,0.35000000000001696,0,0,0,0,0,0,0,0,0,0,0,0,0,0,0,0,0,0,0,0,0,0,0,0,0,0,0,0,0,0,0,0,0,0,0,0,0,0,0,0,0,0,0,0,0,0,0,0,0,0,0,0,0,0,0,0,0,0,0,0,0,0,0,0,0,0,0,0,0,0,0,0,0,0,0,0,0,0,0,0,0,0,0,0,0,0,0,0,0,0,0,0,0,0,0,0,0,0,0,0,0,0,0,0,0,0,0,0,0,0,0,0,0,0,0,0,0,0,0,0,0,0,0,0,0,0,0,0,0,0,0,0,0,0,0,0,0,0,0,0,0,0,0,0,0,0,0,0,0,0,0,0,0,0,0,0,0,0,0,0,0,0,0,0,0,0,0,0
7.600405649,-2.7196130000001992,0.5561842318760714,-2.1370959734366655,3.8369999999998683,0.3804145157336736,0.02194555662571318,3.8369999999999997,0.38041451573371887,0.02194555662572384,4.887676239013672,0.38041451573371887,0.02194555662572384,4.92664556303742,-0.21394143546710442,0.8260705529154156,3.01,-6.3,-1.0,0.0,0.0,0.0,3.01,-4.3,-1.0,0.0,0.0,0.0,3.01,-2.3,-1.0,0.0,0.0,0.0,3.01,-0.3,-1.0,0.0,0.0,0.0,3.01,-6.3,1.0,0.0,0.0,0.0,3.01,-4.3,1.0,0.0,0.0,0.0,3.01,-2.3,1.0,0.0,0.0,0.0,3.01,-0.3,1.0,0.0,0.0,0.0,0.58,-2.19,-1.0,0.0,0.0,0.0,0.58,-0.19,-1.0,0.0,0.0,0.0,0.58,1.81,-1.0,0.0,0.0,0.0,0.58,3.81,-1.0,0.0,0.0,0.0,0.58,-2.19,1.0,0.0,0.0,0.0,0.58,-0.19,1.0,0.0,0.0,0.0,0.58,1.81,1.0,0.0,0.0,0.0,0.58,3.81,1.0,0.0,0.0,0.0,-3.73,-0.45200000000024193,0.24539999999993153,0.0,1.3000000000000236,0.39000000000000146,-3.73,1.548000000000166,0.24539999999993153,0.0,1.3000000000000789,0.39000000000000146,6.21,4.832199999999946,1.867400000000103,0.0,1.7699999999996052,0.5900000000000905,6.21,6.832199999999936,1.867400000000103,0.0,1.7699999999996052,0.5900000000000905,9.47,-1.8425999999999896,0.4209999999999669,0.0,-0.9099999999999664,0.35000000000001696,9.47,0.15740000000001142,0.4209999999999669,0.0,-0.9099999999999941,0.35000000000001696,0,0,0,0,0,0,0,0,0,0,0,0,0,0,0,0,0,0,0,0,0,0,0,0,0,0,0,0,0,0,0,0,0,0,0,0,0,0,0,0,0,0,0,0,0,0,0,0,0,0,0,0,0,0,0,0,0,0,0,0,0,0,0,0,0,0,0,0,0,0,0,0,0,0,0,0,0,0,0,0,0,0,0,0,0,0,0,0,0,0,0,0,0,0,0,0,0,0,0,0,0,0,0,0,0,0,0,0,0,0,0,0,0,0,0,0,0,0,0,0,0,0,0,0,0,0,0,0,0,0,0,0,0,0,0,0,0,0,0,0,0,0,0,0,0,0,0,0,0,0,0,0,0,0,0,0,0,0,0,0,0,0,0,0,0,0,0,0
7.701479898,-2.489028000000207,0.5789565435933409,-2.135778102382032,3.8734999999998636,0.3751585930585888,0.02205932233478869,3.9099999999999997,0.36990267038345337,0.022173088043928146,4.886094093322754,0.36990267038345337,0.022173088043928146,4.92664556303742,-0.21394143546710442,0.8260705529154156,3.01,-6.3,-1.0,0.0,0.0,0.0,3.01,-4.3,-1.0,0.0,0.0,0.0,3.01,-2.3,-1.0,0.0,0.0,0.0,3.01,-0.3,-1.0,0.0,0.0,0.0,3.01,-6.3,1.0,0.0,0.0,0.0,3.01,-4.3,1.0,0.0,0.0,0.0,3.01,-2.3,1.0,0.0,0.0,0.0,3.01,-0.3,1.0,0.0,0.0,0.0,0.58,-2.19,-1.0,0.0,0.0,0.0,0.58,-0.19,-1.0,0.0,0.0,0.0,0.58,1.81,-1.0,0.0,0.0,0.0,0.58,3.81,-1.0,0.0,0.0,0.0,0.58,-2.19,1.0,0.0,0.0,0.0,0.58,-0.19,1.0,0.0,0.0,0.0,0.58,1.81,1.0,0.0,0.0,0.0,0.58,3.81,1.0,0.0,0.0,0.0,-3.73,-0.37400000000024053,0.2687999999999316,0.0,1.3000000000000236,0.39000000000000146,-3.73,1.6260000000001706,0.2687999999999316,0.0,1.3000000000000789,0.39000000000000146,6.21,4.938399999999922,1.9028000000001084,0.0,1.7699999999996052,0.5900000000000905,6.21,6.938399999999913,1.9028000000001084,0.0,1.7699999999996052,0.5900000000000905,9.47,-1.8971999999999876,0.4419999999999679,0.0,-0.9099999999999664,0.35000000000001696,9.47,0.10280000000001177,0.4419999999999679,0.0,-0.9099999999999941,0.35000000000001696,0,0,0,0,0,0,0,0,0,0,0,0,0,0,0,0,0,0,0,0,0,0,0,0,0,0,0,0,0,0,0,0,0,0,0,0,0,0,0,0,0,0,0,0,0,0,0,0,0,0,0,0,0,0,0,0,0,0,0,0,0,0,0,0,0,0,0,0,0,0,0,0,0,0,0,0,0,0,0,0,0,0,0,0,0,0,0,0,0,0,0,0,0,0,0,0,0,0,0,0,0,0,0,0,0,0,0,0,0,0,0,0,0,0,0,0,0,0,0,0,0,0,0,0,0,0,0,0,0,0,0,0,0,0,0,0,0,0,0,0,0,0,0,0,0,0,0,0,0,0,0,0,0,0,0,0,0,0,0,0,0,0,0,0,0,0,0,0
7.801960191,-2.2541230000002153,0.6011105973409976,-2.13444523882209,3.940499999999902,0.3658920228481466,0.022420915774867822,3.9709999999999996,0.3618813753128052,0.02266874350607395,4.883186340332031,0.3618813753128052,0.02266874350607395,4.920093249421384,-0.2413489885920882,0.8569907133124087,3.01,-6.3,-1.0,0.0,0.0,0.0,3.01,-4.3,-1.0,0.0,0.0,0.0,3.01,-2.3,-1.0,0.0,0.0,0.0,3.01,-0.3,-1.0,0.0,0.0,0.0,3.01,-6.3,1.0,0.0,0.0,0.0,3.01,-4.3,1.0,0.0,0.0,0.0,3.01,-2.3,1.0,0.0,0.0,0.0,3.01,-0.3,1.0,0.0,0.0,0.0,0.58,-2.19,-1.0,0.0,0.0,0.0,0.58,-0.19,-1.0,0.0,0.0,0.0,0.58,1.81,-1.0,0.0,0.0,0.0,0.58,3.81,-1.0,0.0,0.0,0.0,0.58,-2.19,1.0,0.0,0.0,0.0,0.58,-0.19,1.0,0.0,0.0,0.0,0.58,1.81,1.0,0.0,0.0,0.0,0.58,3.81,1.0,0.0,0.0,0.0,-3.73,-0.2960000000002391,0.2921999999999317,0.0,1.3000000000000236,0.39000000000000146,-3.73,1.7040000000001754,0.2921999999999317,0.0,1.3000000000000789,0.39000000000000146,6.21,5.044599999999899,1.9382000000001138,0.0,1.7699999999996052,0.5900000000000905,6.21,7.044599999999889,1.9382000000001138,0.0,1.7699999999996052,0.5900000000000905,9.47,-1.9517999999999855,0.46299999999996894,0.0,-0.9099999999999664,0.35000000000001696,9.47,0.048200000000012226,0.46299999999996894,0.0,-0.9099999999999872,0.35000000000001696,0,0,0,0,0,0,0,0,0,0,0,0,0,0,0,0,0,0,0,0,0,0,0,0,0,0,0,0,0,0,0,0,0,0,0,0,0,0,0,0,0,0,0,0,0,0,0,0,0,0,0,0,0,0,0,0,0,0,0,0,0,0,0,0,0,0,0,0,0,0,0,0,0,0,0,0,0,0,0,0,0,0,0,0,0,0,0,0,0,0,0,0,0,0,0,0,0,0,0,0,0,0,0,0,0,0,0,0,0,0,0,0,0,0,0,0,0,0,0,0,0,0,0,0,0,0,0,0,0,0,0,0,0,0,0,0,0,0,0,0,0,0,0,0,0,0,0,0,0,0,0,0,0,0,0,0,0,0,0,0,0,0,0,0,0,0,0,0
7.90168331,-1.9350570000002174,0.6298876338886581,-2.132627144006046,4.034000000000092,0.3539962172508515,0.022877622395611752,4.034,0.353996217250824,0.02287762239575386,4.880823612213135,0.353996217250824,0.02287762239575386,4.920093249421384,-0.2413489885920882,0.8569907133124087,3.01,-6.3,-1.0,0.0,0.0,0.0,3.01,-4.3,-1.0,0.0,0.0,0.0,3.01,-2.3,-1.0,0.0,0.0,0.0,3.01,-0.3,-1.0,0.0,0.0,0.0,3.01,-6.3,1.0,0.0,0.0,0.0,3.01,-4.3,1.0,0.0,0.0,0.0,3.01,-2.3,1.0,0.0,0.0,0.0,3.01,-0.3,1.0,0.0,0.0,0.0,0.58,-2.19,-1.0,0.0,0.0,0.0,0.58,-0.19,-1.0,0.0,0.0,0.0,0.58,1.81,-1.0,0.0,0.0,0.0,0.58,3.81,-1.0,0.0,0.0,0.0,0.58,-2.19,1.0,0.0,0.0,0.0,0.58,-0.19,1.0,0.0,0.0,0.0,0.58,1.81,1.0,0.0,0.0,0.0,0.58,3.81,1.0,0.0,0.0,0.0,-3.73,-0.1920000000002385,0.3233999999999318,0.0,1.2999999999999956,0.39000000000000146,-3.73,1.8080000000001817,0.3233999999999318,0.0,1.3000000000000789,0.39000000000000146,6.21,5.186199999999867,1.985400000000121,0.0,1.7699999999996052,0.5900000000000905,6.21,7.186199999999857,1.985400000000121,0.0,1.7699999999996052,0.5900000000000905,9.47,-2.024599999999989,0.4909999999999703,0.0,-0.9100000000001884,0.35000000000001696,9.47,-0.024599999999986914,0.4909999999999703,0.0,-0.9100000000000008,0.35000000000001696,0,0,0,0,0,0,0,0,0,0,0,0,0,0,0,0,0,0,0,0,0,0,0,0,0,0,0,0,0,0,0,0,0,0,0,0,0,0,0,0,0,0,0,0,0,0,0,0,0,0,0,0,0,0,0,0,0,0,0,0,0,0,0,0,0,0,0,0,0,0,0,0,0,0,0,0,0,0,0,0,0,0,0,0,0,0,0,0,0,0,0,0,0,0,0,0,0,0,0,0,0,0,0,0,0,0,0,0,0,0,0,0,0,0,0,0,0,0,0,0,0,0,0,0,0,0,0,0,0,0,0,0,0,0,0,0,0,0,0,0,0,0,0,0,0,0,0,0,0,0,0,0,0,0,0,0,0,0,0,0,0,0,0,0,0,0,0,0
8.001425075,-1.61071700000021,0.6579906475233419,-2.1307965346770072,4.115000000000092,0.34316202998163625,0.022897599265103707,4.115,0.34316202998161316,0.022897599264979362,4.877871036529541,0.34316202998161316,0.022897599264979362,4.916084073139204,-0.25689346497391663,0.8752846014187379,3.01,-6.3,-1.0,0.0,0.0,0.0,3.01,-4.3,-1.0,0.0,0.0,0.0,3.01,-2.3,-1.0,0.0,0.0,0.0,3.01,-0.3,-1.0,0.0,0.0,0.0,3.01,-6.3,1.0,0.0,0.0,0.0,3.01,-4.3,1.0,0.0,0.0,0.0,3.01,-2.3,1.0,0.0,0.0,0.0,3.01,-0.3,1.0,0.0,0.0,0.0,0.58,-2.19,-1.0,0.0,0.0,0.0,0.58,-0.19,-1.0,0.0,0.0,0.0,0.58,1.81,-1.0,0.0,0.0,0.0,0.58,3.81,-1.0,0.0,0.0,0.0,0.58,-2.19,1.0,0.0,0.0,0.0,0.58,-0.19,1.0,0.0,0.0,0.0,0.58,1.81,1.0,0.0,0.0,0.0,0.58,3.81,1.0,0.0,0.0,0.0,-3.73,-0.08800000000023886,0.3545999999999319,0.0,1.2999999999999956,0.39000000000000146,-3.73,1.912000000000188,0.3545999999999319,0.0,1.3000000000000789,0.39000000000000146,6.21,5.327799999999836,2.032600000000116,0.0,1.7699999999996052,0.5899999999998684,6.21,7.327799999999826,2.032600000000116,0.0,1.7699999999996052,0.5899999999998684,9.47,-2.097400000000004,0.5189999999999686,0.0,-0.9100000000001884,0.34999999999996145,9.47,-0.09739999999998673,0.5189999999999686,0.0,-0.9099999999999941,0.34999999999996145,0,0,0,0,0,0,0,0,0,0,0,0,0,0,0,0,0,0,0,0,0,0,0,0,0,0,0,0,0,0,0,0,0,0,0,0,0,0,0,0,0,0,0,0,0,0,0,0,0,0,0,0,0,0,0,0,0,0,0,0,0,0,0,0,0,0,0,0,0,0,0,0,0,0,0,0,0,0,0,0,0,0,0,0,0,0,0,0,0,0,0,0,0,0,0,0,0,0,0,0,0,0,0,0,0,0,0,0,0,0,0,0,0,0,0,0,0,0,0,0,0,0,0,0,0,0,0,0,0,0,0,0,0,0,0,0,0,0,0,0,0,0,0,0,0,0,0,0,0,0,0,0,0,0,0,0,0,0,0,0,0,0,0,0,0,0,0,0
8.100752014,-1.2802990000002035,0.685240471510828,-2.1289652962060273,4.20200000000004,0.3286521434784362,0.022856922820224668,4.202,0.32865214347839355,0.022856922820210457,4.8741865158081055,0.32865214347839355,0.022856922820210457,4.904980295063929,-0.2964339365726939,0.9237398044268686,3.01,-6.3,-1.0,0.0,0.0,0.0,3.01,-4.3,-1.0,0.0,0.0,0.0,3.01,-2.3,-1.0,0.0,0.0,0.0,3.01,-0.3,-1.0,0.0,0.0,0.0,3.01,-6.3,1.0,0.0,0.0,0.0,3.01,-4.3,1.0,0.0,0.0,0.0,3.01,-2.3,1.0,0.0,0.0,0.0,3.01,-0.3,1.0,0.0,0.0,0.0,0.58,-2.19,-1.0,0.0,0.0,0.0,0.58,-0.19,-1.0,0.0,0.0,0.0,0.58,1.81,-1.0,0.0,0.0,0.0,0.58,3.81,-1.0,0.0,0.0,0.0,0.58,-2.19,1.0,0.0,0.0,0.0,0.58,-0.19,1.0,0.0,0.0,0.0,0.58,1.81,1.0,0.0,0.0,0.0,0.58,3.81,1.0,0.0,0.0,0.0,-3.73,0.015999999999761115,0.38579999999993203,0.0,1.3000000000000003,0.39000000000000146,-3.73,2.016000000000194,0.38579999999993203,0.0,1.3000000000000789,0.39000000000000146,6.21,5.469399999999804,2.0798000000001053,0.0,1.7699999999996052,0.5899999999998684,6.21,7.469399999999794,2.0798000000001053,0.0,1.7699999999996052,0.5899999999998684,9.47,-2.170200000000019,0.5469999999999655,0.0,-0.9100000000001884,0.34999999999996145,9.47,-0.17019999999998628,0.5469999999999655,0.0,-0.9099999999999941,0.34999999999996145,0,0,0,0,0,0,0,0,0,0,0,0,0,0,0,0,0,0,0,0,0,0,0,0,0,0,0,0,0,0,0,0,0,0,0,0,0,0,0,0,0,0,0,0,0,0,0,0,0,0,0,0,0,0,0,0,0,0,0,0,0,0,0,0,0,0,0,0,0,0,0,0,0,0,0,0,0,0,0,0,0,0,0,0,0,0,0,0,0,0,0,0,0,0,0,0,0,0,0,0,0,0,0,0,0,0,0,0,0,0,0,0,0,0,0,0,0,0,0,0,0,0,0,0,0,0,0,0,0,0,0,0,0,0,0,0,0,0,0,0,0,0,0,0,0,0,0,0,0,0,0,0,0,0,0,0,0,0,0,0,0,0,0,0,0,0,0,0
8.200634847,-1.0277710000002014,0.7049084550427824,-2.1275934266270693,4.242800000000013,0.32353763580326156,0.02290234379467293,4.27,0.3201279640197754,0.0229326244443655,4.868682861328125,0.3201279640197754,0.0229326244443655,4.904980295063929,-0.2964339365726939,0.9237398044268686,3.01,-6.3,-1.0,0.0,0.0,0.0,3.01,-4.3,-1.0,0.0,0.0,0.0,3.01,-2.3,-1.0,0.0,0.0,0.0,3.01,-0.3,-1.0,0.0,0.0,0.0,3.01,-6.3,1.0,0.0,0.0,0.0,3.01,-4.3,1.0,0.0,0.0,0.0,3.01,-2.3,1.0,0.0,0.0,0.0,3.01,-0.3,1.0,0.0,0.0,0.0,0.58,-2.19,-1.0,0.0,0.0,0.0,0.58,-0.19,-1.0,0.0,0.0,0.0,0.58,1.81,-1.0,0.0,0.0,0.0,0.58,3.81,-1.0,0.0,0.0,0.0,0.58,-2.19,1.0,0.0,0.0,0.0,0.58,-0.19,1.0,0.0,0.0,0.0,0.58,1.81,1.0,0.0,0.0,0.0,0.58,3.81,1.0,0.0,0.0,0.0,-3.73,0.09399999999976105,0.4091999999999321,0.0,1.2999999999999956,0.39000000000000146,-3.73,2.094000000000199,0.4091999999999321,0.0,1.3000000000000789,0.39000000000000146,6.21,5.610999999999772,2.127000000000095,0.0,1.7699999999996052,0.5899999999998684,6.21,7.5755999999997705,2.1152000000000974,0.0,1.7699999999996052,0.5899999999998684,9.47,-2.2248000000000303,0.5679999999999632,0.0,-0.9100000000001884,0.34999999999996145,9.47,-0.22479999999998593,0.5679999999999632,0.0,-0.9099999999999941,0.34999999999996145,0,0,0,0,0,0,0,0,0,0,0,0,0,0,0,0,0,0,0,0,0,0,0,0,0,0,0,0,0,0,0,0,0,0,0,0,0,0,0,0,0,0,0,0,0,0,0,0,0,0,0,0,0,0,0,0,0,0,0,0,0,0,0,0,0,0,0,0,0,0,0,0,0,0,0,0,0,0,0,0,0,0,0,0,0,0,0,0,0,0,0,0,0,0,0,0,0,0,0,0,0,0,0,0,0,0,0,0,0,0,0,0,0,0,0,0,0,0,0,0,0,0,0,0,0,0,0,0,0,0,0,0,0,0,0,0,0,0,0,0,0,0,0,0,0,0,0,0,0,0,0,0,0,0,0,0,0,0,0,0,0,0,0,0,0,0,0,0
8.301542524,-0.5990510000002012,0.7366766512679506,-2.1253034822242047,4.356000000000026,0.3078979551791594,0.02276672236600774,4.356,0.3078979551792145,0.0227667223662138,4.864243507385254,0.3078979551792145,0.0227667223662138,4.899328473820611,-0.3147555907498695,0.9473697397016144,3.01,-6.3,-1.0,0.0,0.0,0.0,3.01,-4.3,-1.0,0.0,0.0,0.0,3.01,-2.3,-1.0,0.0,0.0,0.0,3.01,-0.3,-1.0,0.0,0.0,0.0,3.01,-6.3,1.0,0.0,0.0,0.0,3.01,-4.3,1.0,0.0,0.0,0.0,3.01,-2.3,1.0,0.0,0.0,0.0,3.01,-0.3,1.0,0.0,0.0,0.0,0.58,-2.19,-1.0,0.0,0.0,0.0,0.58,-0.19,-1.0,0.0,0.0,0.0,0.58,1.81,-1.0,0.0,0.0,0.0,0.58,3.81,-1.0,0.0,0.0,0.0,0.58,-2.19,1.0,0.0,0.0,0.0,0.58,-0.19,1.0,0.0,0.0,0.0,0.58,1.81,1.0,0.0,0.0,0.0,0.58,3.81,1.0,0.0,0.0,0.0,-3.73,0.2239999999997606,0.44819999999993226,0.0,1.2999999999999956,0.39000000000000146,-3.73,2.2240000000002067,0.44819999999993226,0.0,1.3000000000000789,0.39000000000000146,6.21,5.752599999999741,2.1742000000000843,0.0,1.7699999999996052,0.5899999999998684,6.21,7.752599999999731,2.1742000000000843,0.0,1.7699999999996052,0.5899999999998684,9.47,-2.315800000000049,0.6029999999999593,0.0,-0.9100000000001884,0.34999999999996145,9.47,-0.31579999999998737,0.6029999999999593,0.0,-0.9100000000000217,0.34999999999996145,0,0,0,0,0,0,0,0,0,0,0,0,0,0,0,0,0,0,0,0,0,0,0,0,0,0,0,0,0,0,0,0,0,0,0,0,0,0,0,0,0,0,0,0,0,0,0,0,0,0,0,0,0,0,0,0,0,0,0,0,0,0,0,0,0,0,0,0,0,0,0,0,0,0,0,0,0,0,0,0,0,0,0,0,0,0,0,0,0,0,0,0,0,0,0,0,0,0,0,0,0,0,0,0,0,0,0,0,0,0,0,0,0,0,0,0,0,0,0,0,0,0,0,0,0,0,0,0,0,0,0,0,0,0,0,0,0,0,0,0,0,0,0,0,0,0,0,0,0,0,0,0,0,0,0,0,0,0,0,0,0,0,0,0,0,0,0,0
8.400778536,-0.33657500000020046,0.7548903741526025,-2.12393861577006,4.417999999999977,0.29344493150706974,0.022703561931791683,4.418,0.2934449315071106,0.022703561931848526,4.858373165130615,0.2934449315071106,0.022703561931848526,4.892004846451325,-0.3372070411462742,0.9770260967334065,3.01,-6.3,-1.0,0.0,0.0,0.0,3.01,-4.3,-1.0,0.0,0.0,0.0,3.01,-2.3,-1.0,0.0,0.0,0.0,3.01,-0.3,-1.0,0.0,0.0,0.0,3.01,-6.3,1.0,0.0,0.0,0.0,3.01,-4.3,1.0,0.0,0.0,0.0,3.01,-2.3,1.0,0.0,0.0,0.0,3.01,-0.3,1.0,0.0,0.0,0.0,0.58,-2.19,-1.0,0.0,0.0,0.0,0.58,-0.19,-1.0,0.0,0.0,0.0,0.58,1.81,-1.0,0.0,0.0,0.0,0.58,3.81,-1.0,0.0,0.0,0.0,0.58,-2.19,1.0,0.0,0.0,0.0,0.58,-0.19,1.0,0.0,0.0,0.0,0.58,1.81,1.0,0.0,0.0,0.0,0.58,3.81,1.0,0.0,0.0,0.0,-3.73,0.30199999999976146,0.47159999999993235,0.0,1.3000000000000236,0.39000000000000146,-3.73,2.3020000000002114,0.47159999999993235,0.0,1.3000000000000789,0.39000000000000146,6.21,5.858799999999717,2.2096000000000764,0.0,1.7699999999996052,0.5899999999998684,6.21,7.858799999999707,2.2096000000000764,0.0,1.7699999999996052,0.5899999999998684,9.47,-2.3704000000000605,0.623999999999957,0.0,-0.9100000000001884,0.34999999999996145,9.47,-0.3703999999999887,0.623999999999957,0.0,-0.9100000000000217,0.34999999999996145,0,0,0,0,0,0,0,0,0,0,0,0,0,0,0,0,0,0,0,0,0,0,0,0,0,0,0,0,0,0,0,0,0,0,0,0,0,0,0,0,0,0,0,0,0,0,0,0,0,0,0,0,0,0,0,0,0,0,0,0,0,0,0,0,0,0,0,0,0,0,0,0,0,0,0,0,0,0,0,0,0,0,0,0,0,0,0,0,0,0,0,0,0,0,0,0,0,0,0,0,0,0,0,0,0,0,0,0,0,0,0,0,0,0,0,0,0,0,0,0,0,0,0,0,0,0,0,0,0,0,0,0,0,0,0,0,0,0,0,0,0,0,0,0,0,0,0,0,0,0,0,0,0,0,0,0,0,0,0,0,0,0,0,0,0,0,0,0
8.502139475,-0.07100500000020067,0.7724204761671419,-2.1225761865926738,4.467000000000006,0.285785543918593,0.022725108079679757,4.488,0.2825029492378235,0.022734342142939568,4.853275775909424,0.2825029492378235,0.022734342142939568,4.8787970666850065,-0.374191329799917,1.0282606823215337,3.01,-6.3,-1.0,0.0,0.0,0.0,3.01,-4.3,-1.0,0.0,0.0,0.0,3.01,-2.3,-1.0,0.0,0.0,0.0,3.01,-0.3,-1.0,0.0,0.0,0.0,3.01,-6.3,1.0,0.0,0.0,0.0,3.01,-4.3,1.0,0.0,0.0,0.0,3.01,-2.3,1.0,0.0,0.0,0.0,3.01,-0.3,1.0,0.0,0.0,0.0,0.58,-2.19,-1.0,0.0,0.0,0.0,0.58,-0.19,-1.0,0.0,0.0,0.0,0.58,1.81,-1.0,0.0,0.0,0.0,0.58,3.81,-1.0,0.0,0.0,0.0,0.58,-2.19,1.0,0.0,0.0,0.0,0.58,-0.19,1.0,0.0,0.0,0.0,0.58,1.81,1.0,0.0,0.0,0.0,0.58,3.81,1.0,0.0,0.0,0.0,-3.73,0.37999999999976286,0.49499999999993244,0.0,1.3000000000000236,0.39000000000000146,-3.73,2.380000000000216,0.49499999999993244,0.0,1.3000000000000789,0.39000000000000146,6.21,5.964999999999693,2.2450000000000685,0.0,1.7699999999996052,0.5899999999998684,6.21,7.964999999999684,2.2450000000000685,0.0,1.7699999999996052,0.5899999999998684,9.47,-2.4250000000000718,0.6449999999999547,0.0,-0.9100000000001884,0.34999999999996145,9.47,-0.42499999999999,0.6449999999999547,0.0,-0.9100000000000217,0.34999999999996145,0,0,0,0,0,0,0,0,0,0,0,0,0,0,0,0,0,0,0,0,0,0,0,0,0,0,0,0,0,0,0,0,0,0,0,0,0,0,0,0,0,0,0,0,0,0,0,0,0,0,0,0,0,0,0,0,0,0,0,0,0,0,0,0,0,0,0,0,0,0,0,0,0,0,0,0,0,0,0,0,0,0,0,0,0,0,0,0,0,0,0,0,0,0,0,0,0,0,0,0,0,0,0,0,0,0,0,0,0,0,0,0,0,0,0,0,0,0,0,0,0,0,0,0,0,0,0,0,0,0,0,0,0,0,0,0,0,0,0,0,0,0,0,0,0,0,0,0,0,0,0,0,0,0,0,0,0,0,0,0,0,0,0,0,0,0,0,0
8.600648579,0.10851499999979938,0.7837205941366546,-2.1216668129069514,4.488000000000006,0.28250294923781727,0.02273434214306036,4.537000000000001,0.273169606924057,0.022942639887332916,4.847071647644043,0.273169606924057,0.022942639887332916,4.8787970666850065,-0.374191329799917,1.0282606823215337,3.01,-6.3,-1.0,0.0,0.0,0.0,3.01,-4.3,-1.0,0.0,0.0,0.0,3.01,-2.3,-1.0,0.0,0.0,0.0,3.01,-0.3,-1.0,0.0,0.0,0.0,3.01,-6.3,1.0,0.0,0.0,0.0,3.01,-4.3,1.0,0.0,0.0,0.0,3.01,-2.3,1.0,0.0,0.0,0.0,3.01,-0.3,1.0,0.0,0.0,0.0,0.58,-2.19,-1.0,0.0,0.0,0.0,0.58,-0.19,-1.0,0.0,0.0,0.0,0.58,1.81,-1.0,0.0,0.0,0.0,0.58,3.81,-1.0,0.0,0.0,0.0,0.58,-2.19,1.0,0.0,0.0,0.0,0.58,-0.19,1.0,0.0,0.0,0.0,0.58,1.81,1.0,0.0,0.0,0.0,0.58,3.81,1.0,0.0,0.0,0.0,-3.73,0.4319999999997638,0.5105999999999324,0.0,1.3000000000000236,0.39000000000000146,-3.73,2.4320000000002193,0.5105999999999324,0.0,1.3000000000000789,0.39000000000000146,6.21,6.07119999999967,2.2804000000000606,0.0,1.7699999999996052,0.5899999999998684,6.21,8.035799999999686,2.2686000000000632,0.0,1.7700000000004934,0.5899999999998684,9.47,-2.4614000000000793,0.6589999999999532,0.0,-0.9100000000001884,0.34999999999996145,9.47,-0.4613999999999909,0.6589999999999532,0.0,-0.9100000000000217,0.34999999999996145,0,0,0,0,0,0,0,0,0,0,0,0,0,0,0,0,0,0,0,0,0,0,0,0,0,0,0,0,0,0,0,0,0,0,0,0,0,0,0,0,0,0,0,0,0,0,0,0,0,0,0,0,0,0,0,0,0,0,0,0,0,0,0,0,0,0,0,0,0,0,0,0,0,0,0,0,0,0,0,0,0,0,0,0,0,0,0,0,0,0,0,0,0,0,0,0,0,0,0,0,0,0,0,0,0,0,0,0,0,0,0,0,0,0,0,0,0,0,0,0,0,0,0,0,0,0,0,0,0,0,0,0,0,0,0,0,0,0,0,0,0,0,0,0,0,0,0,0,0,0,0,0,0,0,0,0,0,0,0,0,0,0,0,0,0,0,0,0
8.700938525,0.5635109999998009,0.8096622215136846,-2.118898825499199,4.619000000000041,0.1911696069240021,0.050833228975477596,4.619000000000001,0.191169606924057,0.05083322897553444,4.862679958343506,0.1780223399400711,0.05083322897553444,4.7274579000001,-0.40442417154299426,1.059542712030824,3.01,-6.3,-1.0,0.0,0.0,0.0,3.01,-4.3,-1.0,0.0,0.0,0.0,3.01,-2.3,-1.0,0.0,0.0,0.0,3.01,-0.3,-1.0,0.0,0.0,0.0,3.01,-6.3,1.0,0.0,0.0,0.0,3.01,-4.3,1.0,0.0,0.0,0.0,3.01,-2.3,1.0,0.0,0.0,0.0,3.01,-0.3,1.0,0.0,0.0,0.0,0.58,-2.19,-1.0,0.0,0.0,0.0,0.58,-0.19,-1.0,0.0,0.0,0.0,0.58,1.81,-1.0,0.0,0.0,0.0,0.58,3.81,-1.0,0.0,0.0,0.0,0.58,-2.19,1.0,0.0,0.0,0.0,0.58,-0.19,1.0,0.0,0.0,0.0,0.58,1.81,1.0,0.0,0.0,0.0,0.58,3.81,1.0,0.0,0.0,0.0,-3.73,0.5619999999997635,0.5495999999999326,0.0,1.299999999999968,0.39000000000000146,-3.73,2.562000000000227,0.5495999999999326,0.0,1.3000000000000789,0.39000000000000146,6.21,6.212799999999638,2.32760000000005,0.0,1.7699999999996052,0.5899999999998684,6.21,8.212799999999735,2.32760000000005,0.0,1.7700000000004934,0.5899999999998684,9.47,-2.552400000000098,0.6939999999999493,0.0,-0.9100000000001884,0.34999999999996145,9.47,-0.5523999999999899,0.6939999999999493,0.0,-0.9099999999999664,0.34999999999996145,0,0,0,0,0,0,0,0,0,0,0,0,0,0,0,0,0,0,0,0,0,0,0,0,0,0,0,0,0,0,0,0,0,0,0,0,0,0,0,0,0,0,0,0,0,0,0,0,0,0,0,0,0,0,0,0,0,0,0,0,0,0,0,0,0,0,0,0,0,0,0,0,0,0,0,0,0,0,0,0,0,0,0,0,0,0,0,0,0,0,0,0,0,0,0,0,0,0,0,0,0,0,0,0,0,0,0,0,0,0,0,0,0,0,0,0,0,0,0,0,0,0,0,0,0,0,0,0,0,0,0,0,0,0,0,0,0,0,0,0,0,0,0,0,0,0,0,0,0,0,0,0,0,0,0,0,0,0,0,0,0,0,0,0,0,0,0,0
8.800481541,0.9335530435440758,0.8250559344662446,-2.1138543946670625,4.7010000000000085,0.21750828623773755,0.13283322897545694,4.7010000000000005,0.21750828623771667,0.13283322897553446,4.757826328277588,0.21750828623771667,0.49985116720199585,4.540882410985091,-0.4149520352168955,1.0532782308959534,3.01,-6.3,-1.0,0.0,0.0,0.0,3.01,-4.3,-1.0,0.0,0.0,0.0,3.01,-2.3,-1.0,0.0,0.0,0.0,3.01,-0.3,-1.0,0.0,0.0,0.0,3.01,-6.3,1.0,0.0,0.0,0.0,3.01,-4.3,1.0,0.0,0.0,0.0,3.01,-2.3,1.0,0.0,0.0,0.0,3.01,-0.3,1.0,0.0,0.0,0.0,0.58,-2.19,-1.0,0.0,0.0,0.0,0.58,-0.19,-1.0,0.0,0.0,0.0,0.58,1.81,-1.0,0.0,0.0,0.0,0.58,3.81,-1.0,0.0,0.0,0.0,0.58,-2.19,1.0,0.0,0.0,0.0,0.58,-0.19,1.0,0.0,0.0,0.0,0.58,1.81,1.0,0.0,0.0,0.0,0.58,3.81,1.0,0.0,0.0,0.0,-3.73,0.6659999999997609,0.5807999999999327,0.0,1.299999999999968,0.39000000000000146,-3.73,2.6660000000002335,0.5807999999999327,0.0,1.3000000000000789,0.39000000000000146,6.21,6.354399999999607,2.3748000000000395,0.0,1.7699999999996052,0.5899999999998684,6.21,8.354399999999774,2.3748000000000395,0.0,1.7700000000004934,0.5899999999998684,9.47,-2.625200000000113,0.7219999999999462,0.0,-0.9100000000001884,0.34999999999996145,9.47,-0.6251999999999872,0.7219999999999462,0.0,-0.9099999999999664,0.34999999999996145,0,0,0,0,0,0,0,0,0,0,0,0,0,0,0,0,0,0,0,0,0,0,0,0,0,0,0,0,0,0,0,0,0,0,0,0,0,0,0,0,0,0,0,0,0,0,0,0,0,0,0,0,0,0,0,0,0,0,0,0,0,0,0,0,0,0,0,0,0,0,0,0,0,0,0,0,0,0,0,0,0,0,0,0,0,0,0,0,0,0,0,0,0,0,0,0,0,0,0,0,0,0,0,0,0,0,0,0,0,0,0,0,0,0,0,0,0,0,0,0,0,0,0,0,0,0,0,0,0,0,0,0,0,0,0,0,0,0,0,0,0,0,0,0,0,0,0,0,0,0,0,0,0,0,0,0,0,0,0,0,0,0,0,0,0,0,0,0
8.901178881,1.308559413139232,0.8422660801065665,-2.101855626274186,4.619999999999947,0.18503916263579437,0.2138332289756119,4.62,0.18503916263580322,0.21383322897553447,4.577195167541504,0.18503916263580322,0.5374939441680908,4.3485616609850934,-0.4236641773800365,1.0473582272406017,3.01,-6.3,-1.0,0.0,0.0,0.0,3.01,-4.3,-1.0,0.0,0.0,0.0,3.01,-2.3,-1.0,0.0,0.0,0.0,3.01,-0.3,-1.0,0.0,0.0,0.0,3.01,-6.3,1.0,0.0,0.0,0.0,3.01,-4.3,1.0,0.0,0.0,0.0,3.01,-2.3,1.0,0.0,0.0,0.0,3.01,-0.3,1.0,0.0,0.0,0.0,0.58,-2.19,-1.0,0.0,0.0,0.0,0.58,-0.19,-1.0,0.0,0.0,0.0,0.58,1.81,-1.0,0.0,0.0,0.0,0.58,3.81,-1.0,0.0,0.0,0.0,0.58,-2.19,1.0,0.0,0.0,0.0,0.58,-0.19,1.0,0.0,0.0,0.0,0.58,1.81,1.0,0.0,0.0,0.0,0.58,3.81,1.0,0.0,0.0,0.0,-3.73,0.7699999999997583,0.6119999999999328,0.0,1.299999999999968,0.39000000000000146,-3.73,2.77000000000024,0.6119999999999328,0.0,1.3000000000000789,0.39000000000000146,6.21,6.495999999999575,2.422000000000029,0.0,1.7699999999996052,0.5899999999998684,6.21,8.495999999999814,2.422000000000029,0.0,1.7700000000004934,0.5899999999998684,9.47,-2.6980000000001283,0.7499999999999432,0.0,-0.9100000000001884,0.34999999999996145,9.47,-0.6979999999999845,0.7499999999999432,0.0,-0.9099999999999664,0.34999999999996145,0,0,0,0,0,0,0,0,0,0,0,0,0,0,0,0,0,0,0,0,0,0,0,0,0,0,0,0,0,0,0,0,0,0,0,0,0,0,0,0,0,0,0,0,0,0,0,0,0,0,0,0,0,0,0,0,0,0,0,0,0,0,0,0,0,0,0,0,0,0,0,0,0,0,0,0,0,0,0,0,0,0,0,0,0,0,0,0,0,0,0,0,0,0,0,0,0,0,0,0,0,0,0,0,0,0,0,0,0,0,0,0,0,0,0,0,0,0,0,0,0,0,0,0,0,0,0,0,0,0,0,0,0,0,0,0,0,0,0,0,0,0,0,0,0,0,0,0,0,0,0,0,0,0,0,0,0,0,0,0,0,0,0,0,0,0,0,0
9.002651621,1.6773700835805005,0.8569737156691021,-2.0836702721489453,4.54349999999996,0.1527551561593751,0.2903332289753794,4.535,0.14916804432868958,0.2988332289755345,4.391132831573486,0.14916804432868958,0.5667610168457031,4.3485616609850934,-0.4236641773800365,1.0473582272406017,3.01,-6.3,-1.0,0.0,0.0,0.0,3.01,-4.3,-1.0,0.0,0.0,0.0,3.01,-2.3,-1.0,0.0,0.0,0.0,3.01,-0.3,-1.0,0.0,0.0,0.0,3.01,-6.3,1.0,0.0,0.0,0.0,3.01,-4.3,1.0,0.0,0.0,0.0,3.01,-2.3,1.0,0.0,0.0,0.0,3.01,-0.3,1.0,0.0,0.0,0.0,0.58,-2.19,-1.0,0.0,0.0,0.0,0.58,-0.19,-1.0,0.0,0.0,0.0,0.58,1.81,-1.0,0.0,0.0,0.0,0.58,3.81,-1.0,0.0,0.0,0.0,0.58,-2.19,1.0,0.0,0.0,0.0,0.58,-0.19,1.0,0.0,0.0,0.0,0.58,1.81,1.0,0.0,0.0,0.0,0.58,3.81,1.0,0.0,0.0,0.0,-3.73,0.8739999999997558,0.6431999999999329,0.0,1.299999999999968,0.39000000000000146,-3.73,2.9000000000002477,0.650999999999933,0.0,1.3000000000000789,0.39000000000000146,6.21,6.637599999999543,2.4692000000000185,0.0,1.7699999999996052,0.5899999999998684,6.21,8.637599999999853,2.4692000000000185,0.0,1.7700000000004934,0.5899999999998684,9.47,-2.789000000000147,0.7849999999999393,0.0,-0.9100000000001884,0.34999999999996145,9.47,-0.7707999999999818,0.7779999999999401,0.0,-0.9099999999999664,0.34999999999996145,0,0,0,0,0,0,0,0,0,0,0,0,0,0,0,0,0,0,0,0,0,0,0,0,0,0,0,0,0,0,0,0,0,0,0,0,0,0,0,0,0,0,0,0,0,0,0,0,0,0,0,0,0,0,0,0,0,0,0,0,0,0,0,0,0,0,0,0,0,0,0,0,0,0,0,0,0,0,0,0,0,0,0,0,0,0,0,0,0,0,0,0,0,0,0,0,0,0,0,0,0,0,0,0,0,0,0,0,0,0,0,0,0,0,0,0,0,0,0,0,0,0,0,0,0,0,0,0,0,0,0,0,0,0,0,0,0,0,0,0,0,0,0,0,0,0,0,0,0,0,0,0,0,0,0,0,0,0,0,0,0,0,0,0,0,0,0,0
9.1013723,2.129439572750389,0.8713563528956025,-2.052007670643752,4.442000000000138,0.09501960873605357,0.3918332289754192,4.442,0.09501960873603821,0.3918332289755345,4.203201770782471,0.09501960873603821,0.6061580181121826,3.9403434109850966,-0.4379415814925104,1.0230634945146544,3.01,-6.3,-1.0,0.0,0.0,0.0,3.01,-4.3,-1.0,0.0,0.0,0.0,3.01,-2.3,-1.0,0.0,0.0,0.0,3.01,-0.3,-1.0,0.0,0.0,0.0,3.01,-6.3,1.0,0.0,0.0,0.0,3.01,-4.3,1.0,0.0,0.0,0.0,3.01,-2.3,1.0,0.0,0.0,0.0,3.01,-0.3,1.0,0.0,0.0,0.0,0.58,-2.19,-1.0,0.0,0.0,0.0,0.58,-0.19,-1.0,0.0,0.0,0.0,0.58,1.81,-1.0,0.0,0.0,0.0,0.58,3.81,-1.0,0.0,0.0,0.0,0.58,-2.19,1.0,0.0,0.0,0.0,0.58,-0.19,1.0,0.0,0.0,0.0,0.58,1.81,1.0,0.0,0.0,0.0,0.58,3.81,1.0,0.0,0.0,0.0,-3.73,1.0039999999997529,0.6821999999999331,0.0,1.3000000000000012,0.39000000000000146,-3.73,3.004000000000254,0.6821999999999331,0.0,1.3000000000000789,0.39000000000000146,6.21,6.814599999999504,2.5282000000000053,0.0,1.7699999999996052,0.5899999999998684,6.21,8.814599999999903,2.5282000000000053,0.0,1.7700000000004934,0.5899999999998684,9.47,-2.861800000000162,0.8129999999999362,0.0,-0.9100000000001884,0.34999999999996145,9.47,-0.8617999999999785,0.8129999999999362,0.0,-0.9099999999999664,0.34999999999996145,0,0,0,0,0,0,0,0,0,0,0,0,0,0,0,0,0,0,0,0,0,0,0,0,0,0,0,0,0,0,0,0,0,0,0,0,0,0,0,0,0,0,0,0,0,0,0,0,0,0,0,0,0,0,0,0,0,0,0,0,0,0,0,0,0,0,0,0,0,0,0,0,0,0,0,0,0,0,0,0,0,0,0,0,0,0,0,0,0,0,0,0,0,0,0,0,0,0,0,0,0,0,0,0,0,0,0,0,0,0,0,0,0,0,0,0,0,0,0,0,0,0,0,0,0,0,0,0,0,0,0,0,0,0,0,0,0,0,0,0,0,0,0,0,0,0,0,0,0,0,0,0,0,0,0,0,0,0,0,0,0,0,0,0,0,0,0,0
9.201790663,2.4840637370135603,0.8787768928547188,-2.0196558150939534,4.371599999999866,0.055153065919902614,0.46223322897544544,4.354,0.04518643021583557,0.4798332289755345,3.9966208934783936,0.04518643021583557,0.6336550712585449,3.9403434109850966,-0.4379415814925104,1.0230634945146544,3.01,-6.3,-1.0,0.0,0.0,0.0,3.01,-4.3,-1.0,0.0,0.0,0.0,3.01,-2.3,-1.0,0.0,0.0,0.0,3.01,-0.3,-1.0,0.0,0.0,0.0,3.01,-6.3,1.0,0.0,0.0,0.0,3.01,-4.3,1.0,0.0,0.0,0.0,3.01,-2.3,1.0,0.0,0.0,0.0,3.01,-0.3,1.0,0.0,0.0,0.0,0.58,-2.19,-1.0,0.0,0.0,0.0,0.58,-0.19,-1.0,0.0,0.0,0.0,0.58,1.81,-1.0,0.0,0.0,0.0,0.58,3.81,-1.0,0.0,0.0,0.0,0.58,-2.19,1.0,0.0,0.0,0.0,0.58,-0.19,1.0,0.0,0.0,0.0,0.58,1.81,1.0,0.0,0.0,0.0,0.58,3.81,1.0,0.0,0.0,0.0,-3.73,1.1079999999997592,0.7133999999999332,0.0,1.3000000000000789,0.39000000000000146,-3.73,3.1080000000002603,0.7133999999999332,0.0,1.3000000000000789,0.39000000000000146,6.21,6.956199999999472,2.575399999999995,0.0,1.7699999999996052,0.5899999999998684,6.21,8.956199999999942,2.575399999999995,0.0,1.7700000000004934,0.5899999999998684,9.47,-2.952800000000181,0.8479999999999324,0.0,-0.9100000000001884,0.34999999999996145,9.47,-0.9345999999999758,0.8409999999999331,0.0,-0.9099999999999664,0.34999999999996145,0,0,0,0,0,0,0,0,0,0,0,0,0,0,0,0,0,0,0,0,0,0,0,0,0,0,0,0,0,0,0,0,0,0,0,0,0,0,0,0,0,0,0,0,0,0,0,0,0,0,0,0,0,0,0,0,0,0,0,0,0,0,0,0,0,0,0,0,0,0,0,0,0,0,0,0,0,0,0,0,0,0,0,0,0,0,0,0,0,0,0,0,0,0,0,0,0,0,0,0,0,0,0,0,0,0,0,0,0,0,0,0,0,0,0,0,0,0,0,0,0,0,0,0,0,0,0,0,0,0,0,0,0,0,0,0,0,0,0,0,0,0,0,0,0,0,0,0,0,0,0,0,0,0,0,0,0,0,0,0,0,0,0,0,0,0,0,0
9.302185688,2.8323487552830677,0.8826051068537031,-1.9809735663272985,4.353999999999798,0.04518643021586484,0.479833228975452,4.264,-0.03167662024497986,0.5698332289755345,3.8091893196105957,-0.03167662024497986,0.6798667907714844,3.7476651609850933,-0.4417645559210456,1.0054699990542235,3.01,-6.3,-1.0,0.0,0.0,0.0,3.01,-4.3,-1.0,0.0,0.0,0.0,3.01,-2.3,-1.0,0.0,0.0,0.0,3.01,-0.3,-1.0,0.0,0.0,0.0,3.01,-6.3,1.0,0.0,0.0,0.0,3.01,-4.3,1.0,0.0,0.0,0.0,3.01,-2.3,1.0,0.0,0.0,0.0,3.01,-0.3,1.0,0.0,0.0,0.0,0.58,-2.19,-1.0,0.0,0.0,0.0,0.58,-0.19,-1.0,0.0,0.0,0.0,0.58,1.81,-1.0,0.0,0.0,0.0,0.58,3.81,-1.0,0.0,0.0,0.0,0.58,-2.19,1.0,0.0,0.0,0.0,0.58,-0.19,1.0,0.0,0.0,0.0,0.58,1.81,1.0,0.0,0.0,0.0,0.58,3.81,1.0,0.0,0.0,0.0,-3.73,1.2119999999997655,0.7445999999999333,0.0,1.3000000000000789,0.39000000000000146,-3.73,3.2120000000002666,0.7445999999999333,0.0,1.3000000000000789,0.39000000000000146,6.21,7.097799999999441,2.6225999999999843,0.0,1.7699999999996052,0.5899999999998684,6.21,9.097799999999982,2.6225999999999843,0.0,1.7700000000004934,0.5899999999998684,9.47,-3.0074000000001924,0.86899999999993,0.0,-0.9100000000001884,0.34999999999996145,9.47,-1.0073999999999732,0.86899999999993,0.0,-0.9099999999999776,0.34999999999996145,0,0,0,0,0,0,0,0,0,0,0,0,0,0,0,0,0,0,0,0,0,0,0,0,0,0,0,0,0,0,0,0,0,0,0,0,0,0,0,0,0,0,0,0,0,0,0,0,0,0,0,0,0,0,0,0,0,0,0,0,0,0,0,0,0,0,0,0,0,0,0,0,0,0,0,0,0,0,0,0,0,0,0,0,0,0,0,0,0,0,0,0,0,0,0,0,0,0,0,0,0,0,0,0,0,0,0,0,0,0,0,0,0,0,0,0,0,0,0,0,0,0,0,0,0,0,0,0,0,0,0,0,0,0,0,0,0,0,0,0,0,0,0,0,0,0,0,0,0,0,0,0,0,0,0,0,0,0,0,0,0,0,0,0,0,0,0,0
9.401829063,3.0883408577763705,0.8810146375331782,-1.9467465959504788,4.263999999999803,-0.031676620245018036,0.5698332289754806,4.206,-0.08967662024497985,0.6278332289755345,3.6309525966644287,-0.15777233242988586,0.7619664669036865,3.5715711609851013,-0.4433870761085438,0.9857937532807177,3.01,-6.3,-1.0,0.0,0.0,0.0,3.01,-4.3,-1.0,0.0,0.0,0.0,3.01,-2.3,-1.0,0.0,0.0,0.0,3.01,-0.3,-1.0,0.0,0.0,0.0,3.01,-6.3,1.0,0.0,0.0,0.0,3.01,-4.3,1.0,0.0,0.0,0.0,3.01,-2.3,1.0,0.0,0.0,0.0,3.01,-0.3,1.0,0.0,0.0,0.0,0.58,-2.19,-1.0,0.0,0.0,0.0,0.58,-0.19,-1.0,0.0,0.0,0.0,0.58,1.81,-1.0,0.0,0.0,0.0,0.58,3.81,-1.0,0.0,0.0,0.0,0.58,-2.19,1.0,0.0,0.0,0.0,0.58,-0.19,1.0,0.0,0.0,0.0,0.58,1.81,1.0,0.0,0.0,0.0,0.58,3.81,1.0,0.0,0.0,0.0,-3.73,1.2899999999997702,0.7679999999999334,0.0,1.3000000000000789,0.39000000000000146,-3.73,3.2900000000002714,0.7679999999999334,0.0,1.3000000000000789,0.39000000000000146,6.21,7.203999999999417,2.6579999999999764,0.0,1.7699999999996052,0.5899999999998684,6.21,9.204000000000011,2.6579999999999764,0.0,1.7700000000004934,0.5899999999998684,9.47,-3.0620000000002037,0.8899999999999277,0.0,-0.9100000000001884,0.34999999999996145,9.47,-1.0619999999999712,0.8899999999999277,0.0,-0.9099999999999664,0.34999999999996145,0,0,0,0,0,0,0,0,0,0,0,0,0,0,0,0,0,0,0,0,0,0,0,0,0,0,0,0,0,0,0,0,0,0,0,0,0,0,0,0,0,0,0,0,0,0,0,0,0,0,0,0,0,0,0,0,0,0,0,0,0,0,0,0,0,0,0,0,0,0,0,0,0,0,0,0,0,0,0,0,0,0,0,0,0,0,0,0,0,0,0,0,0,0,0,0,0,0,0,0,0,0,0,0,0,0,0,0,0,0,0,0,0,0,0,0,0,0,0,0,0,0,0,0,0,0,0,0,0,0,0,0,0,0,0,0,0,0,0,0,0,0,0,0,0,0,0,0,0,0,0,0,0,0,0,0,0,0,0,0,0,0,0,0,0,0,0,0
9.502594788,3.3400859767553164,0.8752015360001058,-1.9082775000930676,4.160000000000088,-0.13567662024502194,0.6738332289754435,4.16,-0.13567662024497984,0.6738332289755345,3.439544677734375,-0.4422385096549988,0.9679715037345886,3.439544560985107,-0.44223850501627077,0.9679715231824776,3.01,-6.3,-1.0,0.0,0.0,0.0,3.01,-4.3,-1.0,0.0,0.0,0.0,3.01,-2.3,-1.0,0.0,0.0,0.0,3.01,-0.3,-1.0,0.0,0.0,0.0,3.01,-6.3,1.0,0.0,0.0,0.0,3.01,-4.3,1.0,0.0,0.0,0.0,3.01,-2.3,1.0,0.0,0.0,0.0,3.01,-0.3,1.0,0.0,0.0,0.0,0.58,-2.19,-1.0,0.0,0.0,0.0,0.58,-0.19,-1.0,0.0,0.0,0.0,0.58,1.81,-1.0,0.0,0.0,0.0,0.58,3.81,-1.0,0.0,0.0,0.0,0.58,-2.19,1.0,0.0,0.0,0.0,0.58,-0.19,1.0,0.0,0.0,0.0,0.58,1.81,1.0,0.0,0.0,0.0,0.58,3.81,1.0,0.0,0.0,0.0,-3.73,1.367999999999775,0.7913999999999335,0.0,1.3000000000000789,0.39000000000000146,-3.73,3.368000000000276,0.7913999999999335,0.0,1.3000000000000789,0.39000000000000146,6.21,7.310199999999393,2.6933999999999685,0.0,1.7699999999996052,0.5899999999998684,6.21,9.31020000000004,2.6933999999999685,0.0,1.7700000000004934,0.5899999999998684,9.47,-3.116600000000215,0.9109999999999254,0.0,-0.9100000000001884,0.34999999999996145,9.47,-1.1165999999999692,0.9109999999999254,0.0,-0.9099999999999664,0.34999999999996145,0,0,0,0,0,0,0,0,0,0,0,0,0,0,0,0,0,0,0,0,0,0,0,0,0,0,0,0,0,0,0,0,0,0,0,0,0,0,0,0,0,0,0,0,0,0,0,0,0,0,0,0,0,0,0,0,0,0,0,0,0,0,0,0,0,0,0,0,0,0,0,0,0,0,0,0,0,0,0,0,0,0,0,0,0,0,0,0,0,0,0,0,0,0,0,0,0,0,0,0,0,0,0,0,0,0,0,0,0,0,0,0,0,0,0,0,0,0,0,0,0,0,0,0,0,0,0,0,0,0,0,0,0,0,0,0,0,0,0,0,0,0,0,0,0,0,0,0,0,0,0,0,0,0,0,0,0,0,0,0,0,0,0,0,0,0,0,0
9.604869637,3.506466392584398,0.8698758096717945,-1.8811834259656293,4.160000000000088,-0.13567662024502197,0.6738332289754435,4.16,-0.13567662024497984,0.6738332289755345,3.3492753505706787,-0.44015076756477356,0.9543133974075317,3.3492752609851077,-0.44015075768100276,0.9543134087595033,3.01,-6.3,-1.0,0.0,0.0,0.0,3.01,-4.3,-1.0,0.0,0.0,0.0,3.01,-2.3,-1.0,0.0,0.0,0.0,3.01,-0.3,-1.0,0.0,0.0,0.0,3.01,-6.3,1.0,0.0,0.0,0.0,3.01,-4.3,1.0,0.0,0.0,0.0,3.01,-2.3,1.0,0.0,0.0,0.0,3.01,-0.3,1.0,0.0,0.0,0.0,0.58,-2.19,-1.0,0.0,0.0,0.0,0.58,-0.19,-1.0,0.0,0.0,0.0,0.58,1.81,-1.0,0.0,0.0,0.0,0.58,3.81,-1.0,0.0,0.0,0.0,0.58,-2.19,1.0,0.0,0.0,0.0,0.58,-0.19,1.0,0.0,0.0,0.0,0.58,1.81,1.0,0.0,0.0,0.0,0.58,3.81,1.0,0.0,0.0,0.0,-3.73,1.419999999999778,0.8069999999999335,0.0,1.3000000000000789,0.39000000000000146,-3.73,3.4200000000002793,0.8069999999999335,0.0,1.3000000000000789,0.39000000000000146,6.21,7.380999999999378,2.7169999999999632,0.0,1.7699999999996052,0.5899999999998684,6.21,9.38100000000006,2.7169999999999632,0.0,1.7700000000004934,0.5899999999998684,9.47,-3.1530000000002225,0.9249999999999239,0.0,-0.9100000000001884,0.34999999999996145,9.47,-1.1529999999999678,0.9249999999999239,0.0,-0.9099999999999664,0.34999999999996145,0,0,0,0,0,0,0,0,0,0,0,0,0,0,0,0,0,0,0,0,0,0,0,0,0,0,0,0,0,0,0,0,0,0,0,0,0,0,0,0,0,0,0,0,0,0,0,0,0,0,0,0,0,0,0,0,0,0,0,0,0,0,0,0,0,0,0,0,0,0,0,0,0,0,0,0,0,0,0,0,0,0,0,0,0,0,0,0,0,0,0,0,0,0,0,0,0,0,0,0,0,0,0,0,0,0,0,0,0,0,0,0,0,0,0,0,0,0,0,0,0,0,0,0,0,0,0,0,0,0,0,0,0,0,0,0,0,0,0,0,0,0,0,0,0,0,0,0,0,0,0,0,0,0,0,0,0,0,0,0,0,0,0,0,0,0,0,0
9.700818027,3.752287162309046,0.8581356542364701,-1.8367967372738998,4.058999999999822,-0.23667662024502123,0.7748332289754679,4.059,-0.23667662024497982,0.7748332289755346,3.2308270931243896,-0.4361720681190491,0.9349972605705261,3.1325157609851018,-0.43138723511813887,0.9172966642382906,3.01,-6.3,-1.0,0.0,0.0,0.0,3.01,-4.3,-1.0,0.0,0.0,0.0,3.01,-2.3,-1.0,0.0,0.0,0.0,3.01,-0.3,-1.0,0.0,0.0,0.0,3.01,-6.3,1.0,0.0,0.0,0.0,3.01,-4.3,1.0,0.0,0.0,0.0,3.01,-2.3,1.0,0.0,0.0,0.0,3.01,-0.3,1.0,0.0,0.0,0.0,0.58,-2.19,-1.0,0.0,0.0,0.0,0.58,-0.19,-1.0,0.0,0.0,0.0,0.58,1.81,-1.0,0.0,0.0,0.0,0.58,3.81,-1.0,0.0,0.0,0.0,0.58,-2.19,1.0,0.0,0.0,0.0,0.58,-0.19,1.0,0.0,0.0,0.0,0.58,1.81,1.0,0.0,0.0,0.0,0.58,3.81,1.0,0.0,0.0,0.0,-3.73,1.4979999999997828,0.8303999999999336,0.0,1.3000000000000789,0.39000000000000146,-3.73,3.498000000000284,0.8303999999999336,0.0,1.3000000000000789,0.39000000000000146,6.21,7.487199999999354,2.7523999999999553,0.0,1.7699999999996052,0.5899999999998684,6.21,9.48720000000009,2.7523999999999553,0.0,1.7700000000004934,0.5899999999998684,9.47,-3.207600000000234,0.9459999999999216,0.0,-0.9100000000001884,0.34999999999996145,9.47,-1.2075999999999658,0.9459999999999216,0.0,-0.9099999999999664,0.34999999999996145,0,0,0,0,0,0,0,0,0,0,0,0,0,0,0,0,0,0,0,0,0,0,0,0,0,0,0,0,0,0,0,0,0,0,0,0,0,0,0,0,0,0,0,0,0,0,0,0,0,0,0,0,0,0,0,0,0,0,0,0,0,0,0,0,0,0,0,0,0,0,0,0,0,0,0,0,0,0,0,0,0,0,0,0,0,0,0,0,0,0,0,0,0,0,0,0,0,0,0,0,0,0,0,0,0,0,0,0,0,0,0,0,0,0,0,0,0,0,0,0,0,0,0,0,0,0,0,0,0,0,0,0,0,0,0,0,0,0,0,0,0,0,0,0,0,0,0,0,0,0,0,0,0,0,0,0,0,0,0,0,0,0,0,0,0,0,0,0
9.824931379,3.8334569100693185,0.8534514085157471,-1.821231544288295,4.058999999999822,-0.23667662024502123,0.7748332289754679,4.059,-0.23667662024497982,0.7748332289755346,3.1325156688690186,-0.4313872456550598,0.9172966480255127,3.1325157609851018,-0.43138723511813887,0.9172966642382906,3.01,-6.3,-1.0,0.0,0.0,0.0,3.01,-4.3,-1.0,0.0,0.0,0.0,3.01,-2.3,-1.0,0.0,0.0,0.0,3.01,-0.3,-1.0,0.0,0.0,0.0,3.01,-6.3,1.0,0.0,0.0,0.0,3.01,-4.3,1.0,0.0,0.0,0.0,3.01,-2.3,1.0,0.0,0.0,0.0,3.01,-0.3,1.0,0.0,0.0,0.0,0.58,-2.19,-1.0,0.0,0.0,0.0,0.58,-0.19,-1.0,0.0,0.0,0.0,0.58,1.81,-1.0,0.0,0.0,0.0,0.58,3.81,-1.0,0.0,0.0,0.0,0.58,-2.19,1.0,0.0,0.0,0.0,0.58,-0.19,1.0,0.0,0.0,0.0,0.58,1.81,1.0,0.0,0.0,0.0,0.58,3.81,1.0,0.0,0.0,0.0,-3.73,1.5239999999997844,0.8381999999999337,0.0,1.3000000000000789,0.39000000000000146,-3.73,3.5240000000002856,0.8381999999999337,0.0,1.3000000000000789,0.39000000000000146,6.21,7.522599999999346,2.7641999999999527,0.0,1.7699999999996052,0.5899999999998684,6.21,9.5226000000001,2.7641999999999527,0.0,1.7700000000004934,0.5899999999998684,9.47,-3.2258000000002376,0.9529999999999208,0.0,-0.9100000000001884,0.34999999999996145,9.47,-1.2257999999999651,0.9529999999999208,0.0,-0.9099999999999664,0.34999999999996145,0,0,0,0,0,0,0,0,0,0,0,0,0,0,0,0,0,0,0,0,0,0,0,0,0,0,0,0,0,0,0,0,0,0,0,0,0,0,0,0,0,0,0,0,0,0,0,0,0,0,0,0,0,0,0,0,0,0,0,0,0,0,0,0,0,0,0,0,0,0,0,0,0,0,0,0,0,0,0,0,0,0,0,0,0,0,0,0,0,0,0,0,0,0,0,0,0,0,0,0,0,0,0,0,0,0,0,0,0,0,0,0,0,0,0,0,0,0,0,0,0,0,0,0,0,0,0,0,0,0,0,0,0,0,0,0,0,0,0,0,0,0,0,0,0,0,0,0,0,0,0,0,0,0,0,0,0,0,0,0,0,0,0,0,0,0,0,0
9.901639123,4.074719641713273,0.8371511341149412,-1.7722920157272464,3.996399999999794,-0.29927662024498686,0.8374332289754713,3.97,-0.3256766202449798,0.8638332289755347,3.0514137744903564,-0.42657580971717834,0.9017220735549927,3.051413660985105,-0.4265758027132386,0.9017220996587814,3.01,-6.3,-1.0,0.0,0.0,0.0,3.01,-4.3,-1.0,0.0,0.0,0.0,3.01,-2.3,-1.0,0.0,0.0,0.0,3.01,-0.3,-1.0,0.0,0.0,0.0,3.01,-6.3,1.0,0.0,0.0,0.0,3.01,-4.3,1.0,0.0,0.0,0.0,3.01,-2.3,1.0,0.0,0.0,0.0,3.01,-0.3,1.0,0.0,0.0,0.0,0.58,-2.19,-1.0,0.0,0.0,0.0,0.58,-0.19,-1.0,0.0,0.0,0.0,0.58,1.81,-1.0,0.0,0.0,0.0,0.58,3.81,-1.0,0.0,0.0,0.0,0.58,-2.19,1.0,0.0,0.0,0.0,0.58,-0.19,1.0,0.0,0.0,0.0,0.58,1.81,1.0,0.0,0.0,0.0,0.58,3.81,1.0,0.0,0.0,0.0,-3.73,1.6019999999997891,0.8615999999999338,0.0,1.3000000000000789,0.39000000000000146,-3.73,3.6020000000002903,0.8615999999999338,0.0,1.3000000000000789,0.39000000000000146,6.21,7.628799999999322,2.799599999999945,0.0,1.7699999999996052,0.5899999999998684,6.21,9.62880000000013,2.799599999999945,0.0,1.7700000000004934,0.5899999999998684,9.47,-3.280400000000249,0.9739999999999185,0.0,-0.9100000000001884,0.34999999999996145,9.47,-1.2803999999999631,0.9739999999999185,0.0,-0.9099999999999664,0.34999999999996145,0,0,0,0,0,0,0,0,0,0,0,0,0,0,0,0,0,0,0,0,0,0,0,0,0,0,0,0,0,0,0,0,0,0,0,0,0,0,0,0,0,0,0,0,0,0,0,0,0,0,0,0,0,0,0,0,0,0,0,0,0,0,0,0,0,0,0,0,0,0,0,0,0,0,0,0,0,0,0,0,0,0,0,0,0,0,0,0,0,0,0,0,0,0,0,0,0,0,0,0,0,0,0,0,0,0,0,0,0,0,0,0,0,0,0,0,0,0,0,0,0,0,0,0,0,0,0,0,0,0,0,0,0,0,0,0,0,0,0,0,0,0,0,0,0,0,0,0,0,0,0,0,0,0,0,0,0,0,0,0,0,0,0,0,0,0,0,0
10.000977187,4.233498326268887,0.8242202060886544,-1.7376048797154846,3.9700000000000193,-0.3256766202450034,0.8638332289755131,3.922,-0.3736766202449798,0.8844894170761108,2.9671359062194824,-0.4206444025039673,0.8844894170761108,2.9671358609851057,-0.4206443936880939,0.8844894018502967,3.01,-6.3,-1.0,0.0,0.0,0.0,3.01,-4.3,-1.0,0.0,0.0,0.0,3.01,-2.3,-1.0,0.0,0.0,0.0,3.01,-0.3,-1.0,0.0,0.0,0.0,3.01,-6.3,1.0,0.0,0.0,0.0,3.01,-4.3,1.0,0.0,0.0,0.0,3.01,-2.3,1.0,0.0,0.0,0.0,3.01,-0.3,1.0,0.0,0.0,0.0,0.58,-2.19,-1.0,0.0,0.0,0.0,0.58,-0.19,-1.0,0.0,0.0,0.0,0.58,1.81,-1.0,0.0,0.0,0.0,0.58,3.81,-1.0,0.0,0.0,0.0,0.58,-2.19,1.0,0.0,0.0,0.0,0.58,-0.19,1.0,0.0,0.0,0.0,0.58,1.81,1.0,0.0,0.0,0.0,0.58,3.81,1.0,0.0,0.0,0.0,-3.73,1.6799999999997939,0.8849999999999338,0.0,1.3000000000000789,0.39000000000000146,-3.73,3.6540000000002935,0.8771999999999338,0.0,1.3000000000000789,0.39000000000000146,6.21,7.6995999999993066,2.8231999999999395,0.0,1.7699999999996052,0.5899999999998684,6.21,9.69960000000015,2.8231999999999395,0.0,1.7700000000004934,0.5899999999998684,9.47,-3.3168000000002564,0.987999999999917,0.0,-0.9100000000001884,0.34999999999996145,9.47,-1.334999999999961,0.9949999999999162,0.0,-0.9099999999999664,0.34999999999996145,0,0,0,0,0,0,0,0,0,0,0,0,0,0,0,0,0,0,0,0,0,0,0,0,0,0,0,0,0,0,0,0,0,0,0,0,0,0,0,0,0,0,0,0,0,0,0,0,0,0,0,0,0,0,0,0,0,0,0,0,0,0,0,0,0,0,0,0,0,0,0,0,0,0,0,0,0,0,0,0,0,0,0,0,0,0,0,0,0,0,0,0,0,0,0,0,0,0,0,0,0,0,0,0,0,0,0,0,0,0,0,0,0,0,0,0,0,0,0,0,0,0,0,0,0,0,0,0,0,0,0,0,0,0,0,0,0,0,0,0,0,0,0,0,0,0,0,0,0,0,0,0,0,0,0,0,0,0,0,0,0,0,0,0,0,0,0,0
10.100564453,4.546694112497167,0.7942957982428268,-1.6669364874399923,3.856999999999565,-0.41110980510710415,0.8597814440727916,3.857,-0.4111098051071167,0.8597814440727234,2.854243755340576,-0.4111098051071167,0.8597814440727234,2.7309984109851024,-0.3991777022083286,0.8320526336184095,3.01,-6.3,-1.0,0.0,0.0,0.0,3.01,-4.3,-1.0,0.0,0.0,0.0,3.01,-2.3,-1.0,0.0,0.0,0.0,3.01,-0.3,-1.0,0.0,0.0,0.0,3.01,-6.3,1.0,0.0,0.0,0.0,3.01,-4.3,1.0,0.0,0.0,0.0,3.01,-2.3,1.0,0.0,0.0,0.0,3.01,-0.3,1.0,0.0,0.0,0.0,0.58,-2.19,-1.0,0.0,0.0,0.0,0.58,-0.19,-1.0,0.0,0.0,0.0,0.58,1.81,-1.0,0.0,0.0,0.0,0.58,3.81,-1.0,0.0,0.0,0.0,0.58,-2.19,1.0,0.0,0.0,0.0,0.58,-0.19,1.0,0.0,0.0,0.0,0.58,1.81,1.0,0.0,0.0,0.0,0.58,3.81,1.0,0.0,0.0,0.0,-3.73,1.7579999999997986,0.9083999999999339,0.0,1.3000000000000789,0.39000000000000146,-3.73,3.7580000000002998,0.9083999999999339,0.0,1.3000000000000789,0.39000000000000146,6.21,7.841199999999275,2.870399999999929,0.0,1.7699999999996052,0.5899999999998684,6.21,9.841200000000189,2.870399999999929,0.0,1.7700000000004934,0.5899999999998684,9.47,-3.3896000000002715,1.015999999999919,0.0,-0.9100000000001884,0.3500000000000725,9.47,-1.389599999999959,1.015999999999919,0.0,-0.9099999999999664,0.3500000000000725,0,0,0,0,0,0,0,0,0,0,0,0,0,0,0,0,0,0,0,0,0,0,0,0,0,0,0,0,0,0,0,0,0,0,0,0,0,0,0,0,0,0,0,0,0,0,0,0,0,0,0,0,0,0,0,0,0,0,0,0,0,0,0,0,0,0,0,0,0,0,0,0,0,0,0,0,0,0,0,0,0,0,0,0,0,0,0,0,0,0,0,0,0,0,0,0,0,0,0,0,0,0,0,0,0,0,0,0,0,0,0,0,0,0,0,0,0,0,0,0,0,0,0,0,0,0,0,0,0,0,0,0,0,0,0,0,0,0,0,0,0,0,0,0,0,0,0,0,0,0,0,0,0,0,0,0,0,0,0,0,0,0,0,0,0,0,0,0
10.202058277,4.7775816544915655,0.7698643904464227,-1.615377222232474,3.8065999999999676,-0.4015641212463098,0.8375984072685576,3.794,-0.3991777002811432,0.8320526480674744,2.7309985160827637,-0.3991777002811432,0.8320526480674744,2.7309984109851024,-0.3991777022083286,0.8320526336184095,3.01,-6.3,-1.0,0.0,0.0,0.0,3.01,-4.3,-1.0,0.0,0.0,0.0,3.01,-2.3,-1.0,0.0,0.0,0.0,3.01,-0.3,-1.0,0.0,0.0,0.0,3.01,-6.3,1.0,0.0,0.0,0.0,3.01,-4.3,1.0,0.0,0.0,0.0,3.01,-2.3,1.0,0.0,0.0,0.0,3.01,-0.3,1.0,0.0,0.0,0.0,0.58,-2.19,-1.0,0.0,0.0,0.0,0.58,-0.19,-1.0,0.0,0.0,0.0,0.58,1.81,-1.0,0.0,0.0,0.0,0.58,3.81,-1.0,0.0,0.0,0.0,0.58,-2.19,1.0,0.0,0.0,0.0,0.58,-0.19,1.0,0.0,0.0,0.0,0.58,1.81,1.0,0.0,0.0,0.0,0.58,3.81,1.0,0.0,0.0,0.0,-3.73,1.8359999999998033,0.931799999999934,0.0,1.3000000000000789,0.39000000000000146,-3.73,3.8360000000003045,0.931799999999934,0.0,1.3000000000000789,0.39000000000000146,6.21,7.947399999999251,2.905799999999921,0.0,1.7699999999996052,0.5899999999998684,6.21,9.947400000000219,2.905799999999921,0.0,1.7700000000004934,0.5899999999998684,9.47,-3.444200000000283,1.0369999999999233,0.0,-0.9100000000001884,0.3500000000000725,9.47,-1.444199999999957,1.0369999999999233,0.0,-0.9099999999999664,0.3500000000000725,0,0,0,0,0,0,0,0,0,0,0,0,0,0,0,0,0,0,0,0,0,0,0,0,0,0,0,0,0,0,0,0,0,0,0,0,0,0,0,0,0,0,0,0,0,0,0,0,0,0,0,0,0,0,0,0,0,0,0,0,0,0,0,0,0,0,0,0,0,0,0,0,0,0,0,0,0,0,0,0,0,0,0,0,0,0,0,0,0,0,0,0,0,0,0,0,0,0,0,0,0,0,0,0,0,0,0,0,0,0,0,0,0,0,0,0,0,0,0,0,0,0,0,0,0,0,0,0,0,0,0,0,0,0,0,0,0,0,0,0,0,0,0,0,0,0,0,0,0,0,0,0,0,0,0,0,0,0,0,0,0,0,0,0,0,0,0,0
10.301613615,5.080497938249525,0.7382065030579833,-1.548752800381265,3.737299999999756,-0.3898826777934999,0.8125915884971473,3.713,-0.3858990967273712,0.8042511343955994,2.6059632301330566,-0.3858990967273712,0.8042511343955994,2.605963160985114,-0.3858991050520787,0.8042511264762214,3.01,-6.3,-1.0,0.0,0.0,0.0,3.01,-4.3,-1.0,0.0,0.0,0.0,3.01,-2.3,-1.0,0.0,0.0,0.0,3.01,-0.3,-1.0,0.0,0.0,0.0,3.01,-6.3,1.0,0.0,0.0,0.0,3.01,-4.3,1.0,0.0,0.0,0.0,3.01,-2.3,1.0,0.0,0.0,0.0,3.01,-0.3,1.0,0.0,0.0,0.0,0.58,-2.19,-1.0,0.0,0.0,0.0,0.58,-0.19,-1.0,0.0,0.0,0.0,0.58,1.81,-1.0,0.0,0.0,0.0,0.58,3.81,-1.0,0.0,0.0,0.0,0.58,-2.19,1.0,0.0,0.0,0.0,0.58,-0.19,1.0,0.0,0.0,0.0,0.58,1.81,1.0,0.0,0.0,0.0,0.58,3.81,1.0,0.0,0.0,0.0,-3.73,1.9399999999998097,0.9629999999999341,0.0,1.3000000000000789,0.39000000000000146,-3.73,3.940000000000311,0.9629999999999341,0.0,1.3000000000000789,0.39000000000000146,6.21,8.088999999999265,2.9529999999999106,0.0,1.7700000000004934,0.5899999999998684,6.21,10.089000000000258,2.9529999999999106,0.0,1.7700000000004934,0.5899999999998684,9.47,-3.517000000000298,1.0649999999999291,0.0,-0.9100000000001884,0.3500000000000725,9.47,-1.5169999999999544,1.0649999999999291,0.0,-0.9099999999999664,0.3500000000000725,0,0,0,0,0,0,0,0,0,0,0,0,0,0,0,0,0,0,0,0,0,0,0,0,0,0,0,0,0,0,0,0,0,0,0,0,0,0,0,0,0,0,0,0,0,0,0,0,0,0,0,0,0,0,0,0,0,0,0,0,0,0,0,0,0,0,0,0,0,0,0,0,0,0,0,0,0,0,0,0,0,0,0,0,0,0,0,0,0,0,0,0,0,0,0,0,0,0,0,0,0,0,0,0,0,0,0,0,0,0,0,0,0,0,0,0,0,0,0,0,0,0,0,0,0,0,0,0,0,0,0,0,0,0,0,0,0,0,0,0,0,0,0,0,0,0,0,0,0,0,0,0,0,0,0,0,0,0,0,0,0,0,0,0,0,0,0,0
10.400703958,5.376540589145452,0.7077255809186204,-1.4846049573285613,3.638999999999988,-0.3696124851703475,0.7703037858010325,3.6390000000000002,-0.3696124851703644,0.7703037858009338,2.450895071029663,-0.3696124851703644,0.7703037858009338,2.313971110985125,-0.3554347942093271,0.7407561098924208,3.01,-6.3,-1.0,0.0,0.0,0.0,3.01,-4.3,-1.0,0.0,0.0,0.0,3.01,-2.3,-1.0,0.0,0.0,0.0,3.01,-0.3,-1.0,0.0,0.0,0.0,3.01,-6.3,1.0,0.0,0.0,0.0,3.01,-4.3,1.0,0.0,0.0,0.0,3.01,-2.3,1.0,0.0,0.0,0.0,3.01,-0.3,1.0,0.0,0.0,0.0,0.58,-2.19,-1.0,0.0,0.0,0.0,0.58,-0.19,-1.0,0.0,0.0,0.0,0.58,1.81,-1.0,0.0,0.0,0.0,0.58,3.81,-1.0,0.0,0.0,0.0,0.58,-2.19,1.0,0.0,0.0,0.0,0.58,-0.19,1.0,0.0,0.0,0.0,0.58,1.81,1.0,0.0,0.0,0.0,0.58,3.81,1.0,0.0,0.0,0.0,-3.73,2.0439999999998157,0.9941999999999342,0.0,1.3000000000000789,0.39000000000000146,-3.73,4.0440000000003025,0.9941999999999342,0.0,1.2999999999996348,0.39000000000000146,6.21,8.230599999999304,3.0001999999999,0.0,1.7700000000004934,0.5899999999998684,6.21,10.230600000000297,3.0001999999999,0.0,1.7700000000004934,0.5899999999998684,9.47,-3.589800000000313,1.092999999999935,0.0,-0.9100000000001884,0.3500000000000725,9.47,-1.5897999999999517,1.092999999999935,0.0,-0.9099999999999664,0.3500000000000725,0,0,0,0,0,0,0,0,0,0,0,0,0,0,0,0,0,0,0,0,0,0,0,0,0,0,0,0,0,0,0,0,0,0,0,0,0,0,0,0,0,0,0,0,0,0,0,0,0,0,0,0,0,0,0,0,0,0,0,0,0,0,0,0,0,0,0,0,0,0,0,0,0,0,0,0,0,0,0,0,0,0,0,0,0,0,0,0,0,0,0,0,0,0,0,0,0,0,0,0,0,0,0,0,0,0,0,0,0,0,0,0,0,0,0,0,0,0,0,0,0,0,0,0,0,0,0,0,0,0,0,0,0,0,0,0,0,0,0,0,0,0,0,0,0,0,0,0,0,0,0,0,0,0,0,0,0,0,0,0,0,0,0,0,0,0,0,0
10.500877951,5.6665067237060915,0.6785307584109713,-1.423150324141726,3.5590000000003856,-0.3554348051547738,0.7407560944557631,3.559,-0.3554348051548004,0.740756094455719,2.3139710426330566,-0.3554348051548004,0.740756094455719,2.1746818188798605,-0.34131912028756084,0.7113378478353325,3.01,-6.3,-1.0,0.0,0.0,0.0,3.01,-4.3,-1.0,0.0,0.0,0.0,3.01,-2.3,-1.0,0.0,0.0,0.0,3.01,-0.3,-1.0,0.0,0.0,0.0,3.01,-6.3,1.0,0.0,0.0,0.0,3.01,-4.3,1.0,0.0,0.0,0.0,3.01,-2.3,1.0,0.0,0.0,0.0,3.01,-0.3,1.0,0.0,0.0,0.0,0.58,-2.19,-1.0,0.0,0.0,0.0,0.58,-0.19,-1.0,0.0,0.0,0.0,0.58,1.81,-1.0,0.0,0.0,0.0,0.58,3.81,-1.0,0.0,0.0,0.0,0.58,-2.19,1.0,0.0,0.0,0.0,0.58,-0.19,1.0,0.0,0.0,0.0,0.58,1.81,1.0,0.0,0.0,0.0,0.58,3.81,1.0,0.0,0.0,0.0,-3.73,2.147999999999822,1.025399999999927,0.0,1.3000000000000789,0.38999999999989043,-3.73,4.148000000000273,1.025399999999927,0.0,1.2999999999996348,0.38999999999989043,6.21,8.372199999999344,3.0473999999998895,0.0,1.7700000000004934,0.5899999999998684,6.21,10.372200000000337,3.0473999999998895,0.0,1.7700000000004934,0.5899999999998684,9.47,-3.662600000000328,1.1209999999999407,0.0,-0.9100000000001884,0.3500000000000725,9.47,-1.662599999999949,1.1209999999999407,0.0,-0.9099999999999664,0.3500000000000725,0,0,0,0,0,0,0,0,0,0,0,0,0,0,0,0,0,0,0,0,0,0,0,0,0,0,0,0,0,0,0,0,0,0,0,0,0,0,0,0,0,0,0,0,0,0,0,0,0,0,0,0,0,0,0,0,0,0,0,0,0,0,0,0,0,0,0,0,0,0,0,0,0,0,0,0,0,0,0,0,0,0,0,0,0,0,0,0,0,0,0,0,0,0,0,0,0,0,0,0,0,0,0,0,0,0,0,0,0,0,0,0,0,0,0,0,0,0,0,0,0,0,0,0,0,0,0,0,0,0,0,0,0,0,0,0,0,0,0,0,0,0,0,0,0,0,0,0,0,0,0,0,0,0,0,0,0,0,0,0,0,0,0,0,0,0,0,0
10.602216812,6.02025412780016,0.6435404723404617,-1.3494830438582412,3.4710000000000543,-0.34131911396980025,0.7113378643988516,3.471,-0.34131911396980286,0.7113378643989563,2.1746819019317627,-0.34131911396980286,0.7113378643989563,2.1746818188798605,-0.34131912028756084,0.7113378478353325,3.01,-6.3,-1.0,0.0,0.0,0.0,3.01,-4.3,-1.0,0.0,0.0,0.0,3.01,-2.3,-1.0,0.0,0.0,0.0,3.01,-0.3,-1.0,0.0,0.0,0.0,3.01,-6.3,1.0,0.0,0.0,0.0,3.01,-4.3,1.0,0.0,0.0,0.0,3.01,-2.3,1.0,0.0,0.0,0.0,3.01,-0.3,1.0,0.0,0.0,0.0,0.58,-2.19,-1.0,0.0,0.0,0.0,0.58,-0.19,-1.0,0.0,0.0,0.0,0.58,1.81,-1.0,0.0,0.0,0.0,0.58,3.81,-1.0,0.0,0.0,0.0,0.58,-2.19,1.0,0.0,0.0,0.0,0.58,-0.19,1.0,0.0,0.0,0.0,0.58,1.81,1.0,0.0,0.0,0.0,0.58,3.81,1.0,0.0,0.0,0.0,-3.73,2.27799999999983,1.064399999999916,0.0,1.3000000000000789,0.38999999999989043,-3.73,4.278000000000237,1.064399999999916,0.0,1.2999999999996348,0.38999999999989043,6.21,8.549199999999393,3.1063999999998764,0.0,1.7700000000004934,0.5899999999998684,6.21,10.549200000000386,3.1063999999998764,0.0,1.7700000000004934,0.5899999999998684,9.47,-3.753600000000347,1.155999999999948,0.0,-0.9100000000001884,0.3500000000000725,9.47,-1.7535999999999456,1.155999999999948,0.0,-0.9099999999999664,0.3500000000000725,0,0,0,0,0,0,0,0,0,0,0,0,0,0,0,0,0,0,0,0,0,0,0,0,0,0,0,0,0,0,0,0,0,0,0,0,0,0,0,0,0,0,0,0,0,0,0,0,0,0,0,0,0,0,0,0,0,0,0,0,0,0,0,0,0,0,0,0,0,0,0,0,0,0,0,0,0,0,0,0,0,0,0,0,0,0,0,0,0,0,0,0,0,0,0,0,0,0,0,0,0,0,0,0,0,0,0,0,0,0,0,0,0,0,0,0,0,0,0,0,0,0,0,0,0,0,0,0,0,0,0,0,0,0,0,0,0,0,0,0,0,0,0,0,0,0,0,0,0,0,0,0,0,0,0,0,0,0,0,0,0,0,0,0,0,0,0,0
10.70101793,6.296706885485029,0.6166168372172888,-1.2927898866951586,3.3790000000002083,-0.3248367905617168,0.6769872903822797,3.379,-0.324836790561676,0.6769872903823853,2.0093352794647217,-0.324836790561676,0.6769872903823853,1.8554138609851045,-0.30974450634661066,0.6455336878052282,3.01,-6.3,-1.0,0.0,0.0,0.0,3.01,-4.3,-1.0,0.0,0.0,0.0,3.01,-2.3,-1.0,0.0,0.0,0.0,3.01,-0.3,-1.0,0.0,0.0,0.0,3.01,-6.3,1.0,0.0,0.0,0.0,3.01,-4.3,1.0,0.0,0.0,0.0,3.01,-2.3,1.0,0.0,0.0,0.0,3.01,-0.3,1.0,0.0,0.0,0.0,0.58,-2.19,-1.0,0.0,0.0,0.0,0.58,-0.19,-1.0,0.0,0.0,0.0,0.58,1.81,-1.0,0.0,0.0,0.0,0.58,3.81,-1.0,0.0,0.0,0.0,0.58,-2.19,1.0,0.0,0.0,0.0,0.58,-0.19,1.0,0.0,0.0,0.0,0.58,1.81,1.0,0.0,0.0,0.0,0.58,3.81,1.0,0.0,0.0,0.0,-3.73,2.3819999999998362,1.0955999999999073,0.0,1.3000000000000789,0.38999999999989043,-3.73,4.3820000000002075,1.0955999999999073,0.0,1.2999999999996348,0.38999999999989043,6.21,8.690799999999433,3.153599999999866,0.0,1.7700000000004934,0.5899999999998684,6.21,10.690800000000426,3.153599999999866,0.0,1.7700000000004934,0.5899999999998684,9.47,-3.826400000000362,1.1839999999999538,0.0,-0.9100000000001884,0.3500000000000725,9.47,-1.826399999999943,1.1839999999999538,0.0,-0.9099999999999664,0.3500000000000725,0,0,0,0,0,0,0,0,0,0,0,0,0,0,0,0,0,0,0,0,0,0,0,0,0,0,0,0,0,0,0,0,0,0,0,0,0,0,0,0,0,0,0,0,0,0,0,0,0,0,0,0,0,0,0,0,0,0,0,0,0,0,0,0,0,0,0,0,0,0,0,0,0,0,0,0,0,0,0,0,0,0,0,0,0,0,0,0,0,0,0,0,0,0,0,0,0,0,0,0,0,0,0,0,0,0,0,0,0,0,0,0,0,0,0,0,0,0,0,0,0,0,0,0,0,0,0,0,0,0,0,0,0,0,0,0,0,0,0,0,0,0,0,0,0,0,0,0,0,0,0,0,0,0,0,0,0,0,0,0,0,0,0,0,0,0,0,0
10.801627341,6.565957139611356,0.5909894304268904,-1.238813138872279,3.298999999999558,-0.30974450707432993,0.6455336809158467,3.299,-0.3097445070743561,0.6455336809158325,1.8554139137268066,-0.3097445070743561,0.6455336809158325,1.7190261609851003,-0.29667604236620304,0.6182979058822953,3.01,-6.3,-1.0,0.0,0.0,0.0,3.01,-4.3,-1.0,0.0,0.0,0.0,3.01,-2.3,-1.0,0.0,0.0,0.0,3.01,-0.3,-1.0,0.0,0.0,0.0,3.01,-6.3,1.0,0.0,0.0,0.0,3.01,-4.3,1.0,0.0,0.0,0.0,3.01,-2.3,1.0,0.0,0.0,0.0,3.01,-0.3,1.0,0.0,0.0,0.0,0.58,-2.19,-1.0,0.0,0.0,0.0,0.58,-0.19,-1.0,0.0,0.0,0.0,0.58,1.81,-1.0,0.0,0.0,0.0,0.58,3.81,-1.0,0.0,0.0,0.0,0.58,-2.19,1.0,0.0,0.0,0.0,0.58,-0.19,1.0,0.0,0.0,0.0,0.58,1.81,1.0,0.0,0.0,0.0,0.58,3.81,1.0,0.0,0.0,0.0,-3.73,2.4859999999998426,1.1267999999998985,0.0,1.3000000000000789,0.38999999999989043,-3.73,4.486000000000178,1.1267999999998985,0.0,1.2999999999996348,0.38999999999989043,6.21,8.832399999999472,3.2007999999998553,0.0,1.7700000000004934,0.5899999999998684,6.21,10.832400000000465,3.2007999999998553,0.0,1.7700000000004934,0.5899999999998684,9.47,-3.899200000000377,1.2119999999999596,0.0,-0.9100000000001884,0.3500000000000725,9.47,-1.8991999999999403,1.2119999999999596,0.0,-0.9099999999999664,0.3500000000000725,0,0,0,0,0,0,0,0,0,0,0,0,0,0,0,0,0,0,0,0,0,0,0,0,0,0,0,0,0,0,0,0,0,0,0,0,0,0,0,0,0,0,0,0,0,0,0,0,0,0,0,0,0,0,0,0,0,0,0,0,0,0,0,0,0,0,0,0,0,0,0,0,0,0,0,0,0,0,0,0,0,0,0,0,0,0,0,0,0,0,0,0,0,0,0,0,0,0,0,0,0,0,0,0,0,0,0,0,0,0,0,0,0,0,0,0,0,0,0,0,0,0,0,0,0,0,0,0,0,0,0,0,0,0,0,0,0,0,0,0,0,0,0,0,0,0,0,0,0,0,0,0,0,0,0,0,0,0,0,0,0,0,0,0,0,0,0,0
10.901786471,6.893819742547803,0.5605014758631998,-1.174582908157991,3.207999999999892,-0.29667603969569717,0.6182979345321148,3.2079999999999997,-0.29667603969573975,0.6182979345321655,1.7190262079238892,-0.29667603969573975,0.6182979345321655,1.7190261609851003,-0.29667604236620304,0.6182979058822953,3.01,-6.3,-1.0,0.0,0.0,0.0,3.01,-4.3,-1.0,0.0,0.0,0.0,3.01,-2.3,-1.0,0.0,0.0,0.0,3.01,-0.3,-1.0,0.0,0.0,0.0,3.01,-6.3,1.0,0.0,0.0,0.0,3.01,-4.3,1.0,0.0,0.0,0.0,3.01,-2.3,1.0,0.0,0.0,0.0,3.01,-0.3,1.0,0.0,0.0,0.0,0.58,-2.19,-1.0,0.0,0.0,0.0,0.58,-0.19,-1.0,0.0,0.0,0.0,0.58,1.81,-1.0,0.0,0.0,0.0,0.58,3.81,-1.0,0.0,0.0,0.0,0.58,-2.19,1.0,0.0,0.0,0.0,0.58,-0.19,1.0,0.0,0.0,0.0,0.58,1.81,1.0,0.0,0.0,0.0,0.58,3.81,1.0,0.0,0.0,0.0,-3.73,2.6159999999998504,1.1657999999998876,0.0,1.3000000000000789,0.38999999999989043,-3.73,4.616000000000142,1.1657999999998876,0.0,1.2999999999996348,0.38999999999989043,6.21,9.009399999999522,3.259799999999842,0.0,1.7700000000004934,0.5899999999998684,6.21,11.009400000000515,3.259799999999842,0.0,1.7700000000004934,0.5899999999998684,9.47,-3.990200000000396,1.2469999999999668,0.0,-0.9100000000001884,0.3500000000000725,9.47,-1.990199999999937,1.2469999999999668,0.0,-0.9099999999999664,0.3500000000000725,0,0,0,0,0,0,0,0,0,0,0,0,0,0,0,0,0,0,0,0,0,0,0,0,0,0,0,0,0,0,0,0,0,0,0,0,0,0,0,0,0,0,0,0,0,0,0,0,0,0,0,0,0,0,0,0,0,0,0,0,0,0,0,0,0,0,0,0,0,0,0,0,0,0,0,0,0,0,0,0,0,0,0,0,0,0,0,0,0,0,0,0,0,0,0,0,0,0,0,0,0,0,0,0,0,0,0,0,0,0,0,0,0,0,0,0,0,0,0,0,0,0,0,0,0,0,0,0,0,0,0,0,0,0,0,0,0,0,0,0,0,0,0,0,0,0,0,0,0,0,0,0,0,0,0,0,0,0,0,0,0,0,0,0,0,0,0,0
11.001063514,7.148938657306687,0.5371772728538554,-1.1254356616918568,3.124999999999577,-0.2825101017951863,0.5887748599051756,3.1249999999999996,-0.28251010179519653,0.5887748599052429,1.5678496360778809,-0.28251010179519653,0.5887748599052429,1.4347929466994112,-0.27024672773402425,0.5632169831645899,3.01,-6.3,-1.0,0.0,0.0,0.0,3.01,-4.3,-1.0,0.0,0.0,0.0,3.01,-2.3,-1.0,0.0,0.0,0.0,3.01,-0.3,-1.0,0.0,0.0,0.0,3.01,-6.3,1.0,0.0,0.0,0.0,3.01,-4.3,1.0,0.0,0.0,0.0,3.01,-2.3,1.0,0.0,0.0,0.0,3.01,-0.3,1.0,0.0,0.0,0.0,0.58,-2.19,-1.0,0.0,0.0,0.0,0.58,-0.19,-1.0,0.0,0.0,0.0,0.58,1.81,-1.0,0.0,0.0,0.0,0.58,3.81,-1.0,0.0,0.0,0.0,0.58,-2.19,1.0,0.0,0.0,0.0,0.58,-0.19,1.0,0.0,0.0,0.0,0.58,1.81,1.0,0.0,0.0,0.0,0.58,3.81,1.0,0.0,0.0,0.0,-3.73,2.7199999999998568,1.1969999999998788,0.0,1.3000000000000789,0.38999999999989043,-3.73,4.7200000000001125,1.1969999999998788,0.0,1.2999999999996348,0.38999999999989043,6.21,9.150999999999561,3.3069999999998316,0.0,1.7700000000004934,0.5899999999998684,6.21,11.151000000000554,3.3069999999998316,0.0,1.7700000000004934,0.5899999999998684,9.47,-4.063000000000411,1.2749999999999726,0.0,-0.9100000000001884,0.3500000000000725,9.47,-2.0629999999999495,1.2749999999999726,0.0,-0.9100000000001884,0.3500000000000725,0,0,0,0,0,0,0,0,0,0,0,0,0,0,0,0,0,0,0,0,0,0,0,0,0,0,0,0,0,0,0,0,0,0,0,0,0,0,0,0,0,0,0,0,0,0,0,0,0,0,0,0,0,0,0,0,0,0,0,0,0,0,0,0,0,0,0,0,0,0,0,0,0,0,0,0,0,0,0,0,0,0,0,0,0,0,0,0,0,0,0,0,0,0,0,0,0,0,0,0,0,0,0,0,0,0,0,0,0,0,0,0,0,0,0,0,0,0,0,0,0,0,0,0,0,0,0,0,0,0,0,0,0,0,0,0,0,0,0,0,0,0,0,0,0,0,0,0,0,0,0,0,0,0,0,0,0,0,0,0,0,0,0,0,0,0,0,0
11.104622875,7.4588584596673435,0.5094578855520681,-1.0670127836269718,3.034000000000401,-0.27024671435350617,0.5632169842720369,3.0339999999999994,-0.2702467143535614,0.5632169842720032,1.4347929954528809,-0.2702467143535614,0.5632169842720032,1.4347929466994112,-0.27024672773402425,0.5632169831645899,3.01,-6.3,-1.0,0.0,0.0,0.0,3.01,-4.3,-1.0,0.0,0.0,0.0,3.01,-2.3,-1.0,0.0,0.0,0.0,3.01,-0.3,-1.0,0.0,0.0,0.0,3.01,-6.3,1.0,0.0,0.0,0.0,3.01,-4.3,1.0,0.0,0.0,0.0,3.01,-2.3,1.0,0.0,0.0,0.0,3.01,-0.3,1.0,0.0,0.0,0.0,0.58,-2.19,-1.0,0.0,0.0,0.0,0.58,-0.19,-1.0,0.0,0.0,0.0,0.58,1.81,-1.0,0.0,0.0,0.0,0.58,3.81,-1.0,0.0,0.0,0.0,0.58,-2.19,1.0,0.0,0.0,0.0,0.58,-0.19,1.0,0.0,0.0,0.0,0.58,1.81,1.0,0.0,0.0,0.0,0.58,3.81,1.0,0.0,0.0,0.0,-3.73,2.8499999999998646,1.2359999999998679,0.0,1.3000000000000789,0.38999999999989043,-3.73,4.850000000000076,1.2359999999998679,0.0,1.2999999999996348,0.38999999999989043,6.21,9.32799999999961,3.3659999999998185,0.0,1.7700000000004934,0.5899999999998684,6.21,11.328000000000603,3.3659999999998185,0.0,1.7700000000004934,0.5899999999998684,9.47,-4.15400000000043,1.3099999999999798,0.0,-0.9100000000001884,0.3500000000000725,9.47,-2.1539999999999684,1.3099999999999798,0.0,-0.9100000000001884,0.3500000000000725,0,0,0,0,0,0,0,0,0,0,0,0,0,0,0,0,0,0,0,0,0,0,0,0,0,0,0,0,0,0,0,0,0,0,0,0,0,0,0,0,0,0,0,0,0,0,0,0,0,0,0,0,0,0,0,0,0,0,0,0,0,0,0,0,0,0,0,0,0,0,0,0,0,0,0,0,0,0,0,0,0,0,0,0,0,0,0,0,0,0,0,0,0,0,0,0,0,0,0,0,0,0,0,0,0,0,0,0,0,0,0,0,0,0,0,0,0,0,0,0,0,0,0,0,0,0,0,0,0,0,0,0,0,0,0,0,0,0,0,0,0,0,0,0,0,0,0,0,0,0,0,0,0,0,0,0,0,0,0,0,0,0,0,0,0,0,0,0
11.200777945,7.700006767073441,0.4882035122924482,-1.0222084051142724,2.942999999999992,-0.25737342238427935,0.5363879203797497,2.942999999999999,-0.2573734223842621,0.5363879203796387,1.2921026945114136,-0.2573734223842621,0.5363879203796387,1.1576697859851235,-0.2454295063862515,0.5114957997506843,3.01,-6.3,-1.0,0.0,0.0,0.0,3.01,-4.3,-1.0,0.0,0.0,0.0,3.01,-2.3,-1.0,0.0,0.0,0.0,3.01,-0.3,-1.0,0.0,0.0,0.0,3.01,-6.3,1.0,0.0,0.0,0.0,3.01,-4.3,1.0,0.0,0.0,0.0,3.01,-2.3,1.0,0.0,0.0,0.0,3.01,-0.3,1.0,0.0,0.0,0.0,0.58,-2.19,-1.0,0.0,0.0,0.0,0.58,-0.19,-1.0,0.0,0.0,0.0,0.58,1.81,-1.0,0.0,0.0,0.0,0.58,3.81,-1.0,0.0,0.0,0.0,0.58,-2.19,1.0,0.0,0.0,0.0,0.58,-0.19,1.0,0.0,0.0,0.0,0.58,1.81,1.0,0.0,0.0,0.0,0.58,3.81,1.0,0.0,0.0,0.0,-3.73,2.953999999999871,1.267199999999859,0.0,1.3000000000000789,0.38999999999989043,-3.73,4.954000000000047,1.267199999999859,0.0,1.2999999999996348,0.38999999999989043,6.21,9.46959999999965,3.413199999999808,0.0,1.7700000000004934,0.5899999999998684,6.21,11.469600000000643,3.413199999999808,0.0,1.7700000000004934,0.5899999999998684,9.47,-4.226800000000445,1.3379999999999856,0.0,-0.9100000000001884,0.3500000000000725,9.47,-2.2267999999999835,1.3379999999999856,0.0,-0.9100000000001884,0.3500000000000725,0,0,0,0,0,0,0,0,0,0,0,0,0,0,0,0,0,0,0,0,0,0,0,0,0,0,0,0,0,0,0,0,0,0,0,0,0,0,0,0,0,0,0,0,0,0,0,0,0,0,0,0,0,0,0,0,0,0,0,0,0,0,0,0,0,0,0,0,0,0,0,0,0,0,0,0,0,0,0,0,0,0,0,0,0,0,0,0,0,0,0,0,0,0,0,0,0,0,0,0,0,0,0,0,0,0,0,0,0,0,0,0,0,0,0,0,0,0,0,0,0,0,0,0,0,0,0,0,0,0,0,0,0,0,0,0,0,0,0,0,0,0,0,0,0,0,0,0,0,0,0,0,0,0,0,0,0,0,0,0,0,0,0,0,0,0,0,0
11.302017974,7.934477159660137,0.46788752929407984,-0.9793736727908798,2.8569999999997893,-0.24542950093743504,0.5114958286285418,2.8569999999999993,-0.24542950093746185,0.51149582862854,1.1576697826385498,-0.24542950093746185,0.51149582862854,1.0388225609851247,-0.23505360854956586,0.4898715532800517,3.01,-6.3,-1.0,0.0,0.0,0.0,3.01,-4.3,-1.0,0.0,0.0,0.0,3.01,-2.3,-1.0,0.0,0.0,0.0,3.01,-0.3,-1.0,0.0,0.0,0.0,3.01,-6.3,1.0,0.0,0.0,0.0,3.01,-4.3,1.0,0.0,0.0,0.0,3.01,-2.3,1.0,0.0,0.0,0.0,3.01,-0.3,1.0,0.0,0.0,0.0,0.58,-2.19,-1.0,0.0,0.0,0.0,0.58,-0.19,-1.0,0.0,0.0,0.0,0.58,1.81,-1.0,0.0,0.0,0.0,0.58,3.81,-1.0,0.0,0.0,0.0,0.58,-2.19,1.0,0.0,0.0,0.0,0.58,-0.19,1.0,0.0,0.0,0.0,0.58,1.81,1.0,0.0,0.0,0.0,0.58,3.81,1.0,0.0,0.0,0.0,-3.73,3.0579999999998773,1.2983999999998503,0.0,1.3000000000000789,0.38999999999989043,-3.73,5.058000000000018,1.2983999999998503,0.0,1.2999999999996348,0.38999999999989043,6.21,9.61119999999969,3.4603999999997974,0.0,1.7700000000004934,0.5899999999998684,6.21,11.611200000000682,3.4603999999997974,0.0,1.7700000000004934,0.5899999999998684,9.47,-4.29960000000046,1.3659999999999914,0.0,-0.9100000000001884,0.3500000000000725,9.47,-2.2995999999999985,1.3659999999999914,0.0,-0.9100000000001884,0.3500000000000725,0,0,0,0,0,0,0,0,0,0,0,0,0,0,0,0,0,0,0,0,0,0,0,0,0,0,0,0,0,0,0,0,0,0,0,0,0,0,0,0,0,0,0,0,0,0,0,0,0,0,0,0,0,0,0,0,0,0,0,0,0,0,0,0,0,0,0,0,0,0,0,0,0,0,0,0,0,0,0,0,0,0,0,0,0,0,0,0,0,0,0,0,0,0,0,0,0,0,0,0,0,0,0,0,0,0,0,0,0,0,0,0,0,0,0,0,0,0,0,0,0,0,0,0,0,0,0,0,0,0,0,0,0,0,0,0,0,0,0,0,0,0,0,0,0,0,0,0,0,0,0,0,0,0,0,0,0,0,0,0,0,0,0,0,0,0,0,0
11.401776234,8.105676201714195,0.45329697192364954,-0.9486045666508555,2.8366000000006975,-0.24231673479077767,0.50500854849814,2.7889999999999993,-0.23505361378192902,0.4898715615272522,1.0388225317001343,-0.23505361378192902,0.4898715615272522,1.0388225609851247,-0.23505360854956586,0.4898715532800517,3.01,-6.3,-1.0,0.0,0.0,0.0,3.01,-4.3,-1.0,0.0,0.0,0.0,3.01,-2.3,-1.0,0.0,0.0,0.0,3.01,-0.3,-1.0,0.0,0.0,0.0,3.01,-6.3,1.0,0.0,0.0,0.0,3.01,-4.3,1.0,0.0,0.0,0.0,3.01,-2.3,1.0,0.0,0.0,0.0,3.01,-0.3,1.0,0.0,0.0,0.0,0.58,-2.19,-1.0,0.0,0.0,0.0,0.58,-0.19,-1.0,0.0,0.0,0.0,0.58,1.81,-1.0,0.0,0.0,0.0,0.58,3.81,-1.0,0.0,0.0,0.0,0.58,-2.19,1.0,0.0,0.0,0.0,0.58,-0.19,1.0,0.0,0.0,0.0,0.58,1.81,1.0,0.0,0.0,0.0,0.58,3.81,1.0,0.0,0.0,0.0,-3.73,3.1619999999998836,1.3295999999998416,0.0,1.3000000000000789,0.38999999999989043,-3.73,5.135999999999996,1.3217999999998438,0.0,1.2999999999996348,0.38999999999989043,6.21,9.717399999999719,3.4957999999997895,0.0,1.7700000000004934,0.5899999999998684,6.21,11.717400000000712,3.4957999999997895,0.0,1.7700000000004934,0.5899999999998684,9.47,-4.372400000000475,1.3939999999999972,0.0,-0.9100000000001884,0.3500000000000725,9.47,-2.35420000000001,1.3869999999999958,0.0,-0.9100000000001884,0.3500000000000725,0,0,0,0,0,0,0,0,0,0,0,0,0,0,0,0,0,0,0,0,0,0,0,0,0,0,0,0,0,0,0,0,0,0,0,0,0,0,0,0,0,0,0,0,0,0,0,0,0,0,0,0,0,0,0,0,0,0,0,0,0,0,0,0,0,0,0,0,0,0,0,0,0,0,0,0,0,0,0,0,0,0,0,0,0,0,0,0,0,0,0,0,0,0,0,0,0,0,0,0,0,0,0,0,0,0,0,0,0,0,0,0,0,0,0,0,0,0,0,0,0,0,0,0,0,0,0,0,0,0,0,0,0,0,0,0,0,0,0,0,0,0,0,0,0,0,0,0,0,0,0,0,0,0,0,0,0,0,0,0,0,0,0,0,0,0,0,0
