timestamp,time_elapsed,pos_x,pos_y,pos_z,vel_x,vel_y,vel_z,cmd_vel_x,cmd_vel_y,cmd_vel_z,cmd_vel_unfiltered_x,cmd_vel_unfiltered_y,cmd_vel_unfiltered_z,des_vel_x,des_vel_y,des_vel_z,obs_main_valid,obs_main_x,obs_main_y,obs_main_z,obs_main_vx,obs_main_vy,obs_main_vz,obs_0_valid,obs_0_x,obs_0_y,obs_0_z,obs_0_vx,obs_0_vy,obs_0_vz,obs_1_valid,obs_1_x,obs_1_y,obs_1_z,obs_1_vx,obs_1_vy,obs_1_vz,obs_2_valid,obs_2_x,obs_2_y,obs_2_z,obs_2_vx,obs_2_vy,obs_2_vz,obs_3_valid,obs_3_x,obs_3_y,obs_3_z,obs_3_vx,obs_3_vy,obs_3_vz,obs_4_valid,obs_4_x,obs_4_y,obs_4_z,obs_4_vx,obs_4_vy,obs_4_vz,obs_5_valid,obs_5_x,obs_5_y,obs_5_z,obs_5_vx,obs_5_vy,obs_5_vz,obs_6_valid,obs_6_x,obs_6_y,obs_6_z,obs_6_vx,obs_6_vy,obs_6_vz,obs_7_valid,obs_7_x,obs_7_y,obs_7_z,obs_7_vx,obs_7_vy,obs_7_vz,obs_8_valid,obs_8_x,obs_8_y,obs_8_z,obs_8_vx,obs_8_vy,obs_8_vz,obs_9_valid,obs_9_x,obs_9_y,obs_9_z,obs_9_vx,obs_9_vy,obs_9_vz
1771516955.1962202,3.803783893585205,-9.997920000000056,-0.002079999999999997,0.002079999999999997,0.031999999999143824,-0.03199999999999991,0.03199999999999991,0.032,-0.032,0.032,0.9428533911705017,-0.4871310293674469,0.3087611794471741,4.999999999372785,5.6000627199999815e-05,-5.6000627199999815e-05,0,0.0,0.0,0.0,0.0,0.0,0.0,0,0.0,0.0,0.0,0.0,0.0,0.0,1,-3.9539999999999784,-1.5970000000000049,-3.5880000000000147,1.6600000000002169,0.22999999999995246,0.5199999999998539,1,3.396999999999989,3.822999999999986,2.097000000000008,-0.8300000000001084,-0.9700000000001374,-0.5299999999999194,1,-1.9949999999999894,-16.901000000000074,-1.7789999999999957,0.050000000000105516,1.9899999999992701,0.21000000000004349,1,-1.0749999999999895,-15.958000000000123,-4.623999999999988,0.050000000000105516,1.9200000000001438,0.560000000000116,1,-9.315000000000053,-1.913000000000004,2.612000000000022,1.7499999999994742,0.5699999999999594,-0.7799999999997809,1,7.665000000000035,12.867999999999986,-3.6060000000000016,-0.1499999999996504,-1.9200000000001438,0.5399999999999849,1,5.962999999999957,11.682000000000036,0.22599999999999879,-0.27000000000043656,-1.9799999999996487,-0.04000000000001225,1,5.956000000000024,-7.470999999999957,4.538999999999981,-0.6399999999997519,1.4900000000004354,-0.9100000000001884,1,-7.423999999999997,13.452000000000073,4.8009999999999895,1.3600000000000279,-1.3799999999992707,-0.49000000000010147
1771516955.2961957,3.903759479522705,-9.988154000000057,-0.011845999999999988,0.011845999999999988,0.13000000000040757,-0.1299999999999999,0.1299999999999999,0.13,-0.13,0.13,1.0109219551086426,-0.599959135055542,0.4711798429489136,4.999999814926587,0.0009619600022164249,-0.0009619600022164249,0,0.0,0.0,0.0,0.0,0.0,0.0,0,0.0,0.0,0.0,0.0,0.0,0.0,1,-3.7879999999999567,-1.5740000000000096,-3.5360000000000293,1.6600000000002169,0.22999999999995246,0.5199999999998539,1,3.3139999999999783,3.7259999999999724,2.044000000000016,-0.8300000000001084,-0.9700000000001374,-0.5299999999999194,1,-1.989999999999979,-16.702000000000147,-1.7579999999999913,0.050000000000105516,1.9899999999992701,0.21000000000004349,1,-1.069999999999979,-15.766000000000108,-4.5679999999999765,0.050000000000105516,1.9200000000001438,0.560000000000116,1,-9.140000000000105,-1.856000000000008,2.5340000000000438,1.7499999999994742,0.5699999999999594,-0.7799999999997809,1,7.65000000000007,12.675999999999972,-3.552000000000003,-0.1499999999996504,-1.9200000000001438,0.5399999999999849,1,5.935999999999913,11.484000000000071,0.22199999999999756,-0.27000000000043656,-1.9799999999996487,-0.04000000000001225,1,5.892000000000049,-7.321999999999913,4.447999999999962,-0.6399999999997519,1.4900000000004354,-0.9100000000001884,1,-7.287999999999994,13.314000000000146,4.751999999999979,1.3600000000000279,-1.3799999999992707,-0.49000000000010147
1771516955.3962033,4.003767013549805,-9.968392000000051,-0.03160799999999992,0.03160799999999992,0.22799999999989495,-0.22799999999999904,0.22799999999999904,0.228,-0.228,0.228,1.1646535396575928,-0.7637319564819336,0.5306376218795776,4.999996356813431,0.004268011973529164,-0.004268011973529164,0,0.0,0.0,0.0,0.0,0.0,0.0,0,0.0,0.0,0.0,0.0,0.0,0.0,1,-3.621999999999935,-1.5510000000000144,-3.484000000000044,1.6600000000002169,0.22999999999995246,0.5199999999998539,1,3.2309999999999675,3.6289999999999587,1.991000000000024,-0.8300000000001084,-0.9700000000001374,-0.5299999999999194,1,-1.9849999999999683,-16.50300000000022,-1.736999999999987,0.050000000000105516,1.9899999999992701,0.21000000000004349,1,-1.0649999999999684,-15.574000000000094,-4.511999999999965,0.050000000000105516,1.9200000000001438,0.560000000000116,1,-8.965000000000158,-1.7990000000000121,2.4560000000000657,1.7499999999994742,0.5699999999999594,-0.7799999999997809,1,7.635000000000105,12.483999999999957,-3.4980000000000047,-0.1499999999996504,-1.9200000000001438,0.5399999999999849,1,5.908999999999869,11.286000000000106,0.21799999999999634,-0.27000000000043656,-1.9799999999996487,-0.04000000000001225,1,5.828000000000074,-7.1729999999998695,4.356999999999943,-0.6399999999997519,1.4900000000004354,-0.9100000000001884,1,-7.151999999999991,13.176000000000219,4.702999999999969,1.3600000000000279,-1.3799999999992707,-0.49000000000010147
1771516955.4962516,4.103815317153931,-9.938662000000026,-0.061337999999999955,0.061337999999999955,0.3270000000004103,-0.3270000000000009,0.3270000000000009,0.327,-0.327,0.327,1.3054646253585815,-0.6523720026016235,0.8277013301849365,4.999979866526154,0.010033302873698564,-0.010033302873698564,0,0.0,0.0,0.0,0.0,0.0,0.0,0,0.0,0.0,0.0,0.0,0.0,0.0,1,-3.4559999999999134,-1.5280000000000191,-3.4320000000000586,1.6600000000002169,0.22999999999995246,0.5199999999998539,1,3.1479999999999566,3.531999999999945,1.9380000000000321,-0.8300000000001084,-0.9700000000001374,-0.5299999999999194,1,-1.9799999999999578,-16.304000000000293,-1.7159999999999827,0.050000000000105516,1.9899999999992701,0.21000000000004349,1,-1.0599999999999579,-15.38200000000008,-4.455999999999953,0.050000000000105516,1.9200000000001438,0.560000000000116,1,-8.79000000000021,-1.7420000000000162,2.3780000000000876,1.7499999999994742,0.5699999999999594,-0.7799999999997809,1,7.6200000000001396,12.291999999999943,-3.444000000000006,-0.1499999999996504,-1.9200000000001438,0.5399999999999849,1,5.881999999999826,11.088000000000141,0.2139999999999951,-0.27000000000043656,-1.9799999999996487,-0.04000000000001225,1,5.764000000000099,-7.023999999999826,4.2659999999999245,-0.6399999999997519,1.4900000000004354,-0.9100000000001884,1,-7.0159999999999885,13.038000000000292,4.653999999999959,1.3600000000000279,-1.3799999999992707,-0.49000000000010147
1771516955.5962343,4.203798055648804,-9.898906000000022,-0.10109399999999943,0.10109399999999943,0.4249999999998977,-0.4249999999999948,0.4249999999999948,0.42500000000000004,-0.42500000000000004,0.42500000000000004,1.3942774534225464,-0.6523667573928833,0.6930767297744751,4.999933805312538,0.018192615162260856,-0.018192615162260856,0,0.0,0.0,0.0,0.0,0.0,0.0,0,0.0,0.0,0.0,0.0,0.0,0.0,1,-3.2899999999998917,-1.5050000000000239,-3.380000000000073,1.6600000000002169,0.22999999999995246,0.5199999999998539,1,3.0649999999999458,3.434999999999931,1.8850000000000402,-0.8300000000001084,-0.9700000000001374,-0.5299999999999194,1,-1.9749999999999472,-16.105000000000366,-1.6949999999999783,0.050000000000105516,1.9899999999992701,0.21000000000004349,1,-1.0549999999999473,-15.190000000000065,-4.399999999999942,0.050000000000105516,1.9200000000001438,0.560000000000116,1,-8.615000000000263,-1.6850000000000203,2.3000000000001095,1.7499999999994742,0.5699999999999594,-0.7799999999997809,1,7.6050000000001745,12.099999999999929,-3.3900000000000077,-0.1499999999996504,-1.9200000000001438,0.5399999999999849,1,5.854999999999782,10.890000000000176,0.20999999999999389,-0.27000000000043656,-1.9799999999996487,-0.04000000000001225,1,5.700000000000124,-6.874999999999782,4.174999999999906,-0.6399999999997519,1.4900000000004354,-0.9100000000001884,1,-6.879999999999986,12.900000000000365,4.604999999999949,1.3600000000000279,-1.3799999999992707,-0.49000000000010147
1771516955.6964865,4.3040502071380615,-9.849178999999994,-0.15082099999999907,0.15082099999999907,0.524000000000413,-0.5239999999999966,0.5239999999999966,0.524,-0.524,0.524,1.4831349849700928,-0.5399675965309143,0.6902952194213867,4.999832845975953,0.02890944741780932,-0.02890944741780932,0,0.0,0.0,0.0,0.0,0.0,0.0,0,0.0,0.0,0.0,0.0,0.0,0.0,1,-3.12399999999987,-1.4820000000000286,-3.3280000000000878,1.6600000000002169,0.22999999999995246,0.5199999999998539,1,2.981999999999935,3.3379999999999175,1.8320000000000483,-0.8300000000001084,-0.9700000000001374,-0.5299999999999194,1,-1.9699999999999367,-15.90600000000044,-1.673999999999974,0.050000000000105516,1.9899999999992701,0.21000000000004349,1,-1.0499999999999368,-14.99800000000005,-4.34399999999993,0.050000000000105516,1.9200000000001438,0.560000000000116,1,-8.440000000000316,-1.6280000000000243,2.2220000000001314,1.7499999999994742,0.5699999999999594,-0.7799999999997809,1,7.5900000000002095,11.907999999999914,-3.336000000000009,-0.1499999999996504,-1.9200000000001438,0.5399999999999849,1,5.827999999999738,10.692000000000212,0.20599999999999266,-0.27000000000043656,-1.9799999999996487,-0.04000000000001225,1,5.6360000000001484,-6.725999999999739,4.083999999999887,-0.6399999999997519,1.4900000000004354,-0.9100000000001884,1,-6.743999999999983,12.762000000000437,4.555999999999939,1.3600000000000279,-1.3799999999992707,-0.49000000000010147
1771516955.7963257,4.403889417648315,-9.78947899999997,-0.19677782811546207,0.21052099999999996,0.62400000000018,-0.43573737144469993,0.6240000000000133,0.624,-0.43573737144470215,0.624,1.5657230615615845,-0.43573737144470215,0.6659338474273682,4.999645041794233,0.04195750823370953,-0.04229685053474763,0,0.0,0.0,0.0,0.0,0.0,0.0,0,0.0,0.0,0.0,0.0,0.0,0.0,1,-2.9579999999998483,-1.4590000000000334,-3.2760000000001024,1.6600000000002169,0.22999999999995246,0.5199999999998539,1,2.898999999999924,3.2409999999999037,1.7790000000000563,-0.8300000000001084,-0.9700000000001374,-0.5299999999999194,1,-1.9649999999999261,-15.707000000000512,-1.6529999999999696,0.050000000000105516,1.9899999999992701,0.21000000000004349,1,-1.0449999999999262,-14.806000000000036,-4.2879999999999185,0.050000000000105516,1.9200000000001438,0.560000000000116,1,-8.265000000000368,-1.5710000000000284,2.1440000000001533,1.7499999999994742,0.5699999999999594,-0.7799999999997809,1,7.575000000000244,11.7159999999999,-3.2820000000000107,-0.1499999999996504,-1.9200000000001438,0.5399999999999849,1,5.800999999999695,10.494000000000247,0.20199999999999144,-0.27000000000043656,-1.9799999999996487,-0.04000000000001225,1,5.572000000000173,-6.576999999999695,3.992999999999868,-0.6399999999997519,1.4900000000004354,-0.9100000000001884,1,-6.60799999999998,12.62400000000051,4.506999999999929,1.3600000000000279,-1.3799999999992707,-0.49000000000010147
1771516955.8962245,4.503788232803345,-9.719752999999914,-0.23302556525993295,0.2746036688041681,0.7230000000006953,-0.3367373714447119,0.6467387676238889,0.723,-0.33673737144470217,0.6467387676239014,1.6540367603302002,-0.17521336674690247,0.6467387676239014,4.99938370287693,0.052890862552908,-0.05800989628467556,0,0.0,0.0,0.0,0.0,0.0,0.0,0,0.0,0.0,0.0,0.0,0.0,0.0,1,-2.7919999999998266,-1.4360000000000381,-3.224000000000117,1.6600000000002169,0.22999999999995246,0.5199999999998539,1,2.8159999999999132,3.14399999999989,1.7260000000000644,-0.8300000000001084,-0.9700000000001374,-0.5299999999999194,1,-1.9599999999999156,-15.508000000000585,-1.6319999999999653,0.050000000000105516,1.9899999999992701,0.21000000000004349,1,-1.0399999999999157,-14.614000000000022,-4.231999999999907,0.050000000000105516,1.9200000000001438,0.560000000000116,1,-8.09000000000042,-1.5140000000000324,2.0660000000001753,1.7499999999994742,0.5699999999999594,-0.7799999999997809,1,7.560000000000279,11.523999999999885,-3.228000000000012,-0.1499999999996504,-1.9200000000001438,0.5399999999999849,1,5.773999999999651,10.296000000000282,0.1979999999999902,-0.27000000000043656,-1.9799999999996487,-0.04000000000001225,1,5.508000000000198,-6.427999999999652,3.901999999999849,-0.6399999999997519,1.4900000000004354,-0.9100000000001884,1,-6.471999999999977,12.486000000000583,4.4579999999999185,1.3600000000000279,-1.3799999999992707,-0.49000000000010147
1771516955.9963121,4.6038758754730225,-9.656467999999927,-0.2545195549755096,0.32391978865384946,0.8219999999994343,-0.23773737144472395,0.6026845574378935,0.822,-0.23773737144470217,0.6026845574378967,1.7392966747283936,-0.011505767703056335,0.6026845574378967,4.999069186039549,0.061446892506810846,-0.0743744081733714,0,0.0,0.0,0.0,0.0,0.0,0.0,0,0.0,0.0,0.0,0.0,0.0,0.0,1,-2.6591999999998093,-1.417600000000042,-3.1824000000001287,1.6600000000002169,0.22999999999995246,0.5199999999998539,1,2.7495999999999046,3.066399999999879,1.6836000000000708,-0.8300000000001084,-0.9700000000001374,-0.5299999999999194,1,-1.9559999999999071,-15.348800000000644,-1.6151999999999618,0.050000000000105516,1.9899999999992701,0.21000000000004349,1,-1.0359999999999072,-14.46040000000001,-4.187199999999898,0.050000000000105516,1.9200000000001438,0.560000000000116,1,-7.950000000000437,-1.4684000000000357,2.003600000000193,1.7500000000003624,0.5699999999999594,-0.7799999999997809,1,7.548000000000307,11.370399999999874,-3.1848000000000134,-0.1499999999996504,-1.9200000000001438,0.5399999999999849,1,5.752399999999616,10.13760000000031,0.19479999999998923,-0.27000000000043656,-1.9799999999996487,-0.04000000000001225,1,5.456800000000218,-6.308799999999617,3.829199999999834,-0.6399999999997519,1.4900000000004354,-0.9100000000001884,1,-6.363199999999975,12.375600000000642,4.41879999999991,1.3600000000000279,-1.3799999999992707,-0.49000000000010147
1771516956.0974326,4.704996347427368,-9.568603999999926,-0.2726292921199796,0.38054377090453956,0.9180000000004185,-0.14173737144468346,0.5409138202667197,0.9179999999999999,-0.14173737144470216,0.5409138202667236,1.8191337585449219,-0.03510671854019165,0.5409138202667236,4.998746124320849,0.06745885218693407,-0.08936715195706484,0,0.0,0.0,0.0,0.0,0.0,0.0,0,0.0,0.0,0.0,0.0,0.0,0.0,1,-2.4931999999997876,-1.3946000000000467,-3.1304000000001433,1.6600000000002169,0.22999999999995246,0.5199999999998539,1,2.6665999999998937,2.9693999999998653,1.6306000000000789,-0.8300000000001084,-0.9700000000001374,-0.5299999999999194,1,-1.9509999999998966,-15.149800000000717,-1.5941999999999574,0.050000000000105516,1.9899999999992701,0.21000000000004349,1,-1.0309999999998967,-14.268399999999996,-4.131199999999886,0.050000000000105516,1.9200000000001438,0.560000000000116,1,-7.775000000000401,-1.4114000000000397,1.9256000000001934,1.7500000000003624,0.5699999999999594,-0.7800000000000029,1,7.533000000000342,11.17839999999986,-3.130800000000015,-0.1499999999996504,-1.9200000000001438,0.5399999999999849,1,5.725399999999572,9.939600000000345,0.190799999999988,-0.27000000000043656,-1.9799999999996487,-0.04000000000001225,1,5.392800000000243,-6.159799999999573,3.7381999999998152,-0.6399999999997519,1.4900000000004354,-0.9100000000001884,1,-6.227199999999972,12.237600000000715,4.3697999999999,1.3600000000000279,-1.3799999999992707,-0.49000000000010147
1771516956.196235,4.803798675537109,-9.47078999999987,-0.2878605282707197,0.42862115293121067,1.0150000000006543,-0.15879380702971124,0.4439138202667059,1.015,-0.15879380702972412,0.44391382026672366,1.8708081245422363,-0.15879380702972412,0.41302454471588135,4.998427925256383,0.071317901997339,-0.10311174943652454,0,0.0,0.0,0.0,0.0,0.0,0.0,0,0.0,0.0,0.0,0.0,0.0,0.0,1,-2.327199999999766,-1.3716000000000514,-3.078400000000158,1.6600000000002169,0.22999999999995246,0.5199999999998539,1,2.583599999999883,2.8723999999998515,1.577600000000087,-0.8300000000001084,-0.9700000000001374,-0.5299999999999194,1,-1.945999999999886,-14.95080000000079,-1.573199999999953,0.050000000000105516,1.9899999999992701,0.21000000000004349,1,-1.0259999999998861,-14.076399999999982,-4.0751999999998745,0.050000000000105516,1.9200000000001438,0.560000000000116,1,-7.600000000000365,-1.3544000000000438,1.847600000000193,1.7500000000003624,0.5699999999999594,-0.7800000000000029,1,7.518000000000377,10.986399999999845,-3.0768000000000164,-0.1499999999996504,-1.9200000000001438,0.5399999999999849,1,5.698399999999529,9.74160000000038,0.18679999999998678,-0.27000000000043656,-1.9799999999996487,-0.04000000000001225,1,5.3288000000002675,-6.01079999999953,3.6471999999997964,-0.6399999999997519,1.4900000000004354,-0.9100000000001884,1,-6.0911999999999695,12.099600000000788,4.32079999999989,1.3600000000000279,-1.3799999999992707,-0.49000000000010147
1771516956.2962294,4.903793096542358,-9.363081999999903,-0.3083039367599461,0.47624634329223164,1.1119999999991137,-0.23010674118995045,0.49444207549093055,1.1119999999999999,-0.23010674118995667,0.49444207549095154,1.946929693222046,-0.23010674118995667,0.49444207549095154,4.998106048256476,0.07575629938627348,-0.11487781981450598,0,0.0,0.0,0.0,0.0,0.0,0.0,0,0.0,0.0,0.0,0.0,0.0,0.0,1,-2.161199999999744,-1.3486000000000562,-3.0264000000001725,1.6600000000002169,0.22999999999995246,0.5199999999998539,1,2.500599999999872,2.7753999999998378,1.524600000000095,-0.8300000000001084,-0.9700000000001374,-0.5299999999999194,1,-1.9409999999998755,-14.751800000000863,-1.5521999999999487,0.050000000000105516,1.9899999999992701,0.21000000000004349,1,-1.0209999999998756,-13.884399999999967,-4.019199999999863,0.050000000000105516,1.9200000000001438,0.560000000000116,1,-7.4250000000003284,-1.2974000000000478,1.7696000000001928,1.7500000000003624,0.5699999999999594,-0.7800000000000029,1,7.503000000000412,10.79439999999983,-3.022800000000018,-0.1499999999996504,-1.9200000000001438,0.5399999999999849,1,5.671399999999485,9.543600000000415,0.18279999999998556,-0.27000000000043656,-1.9799999999996487,-0.04000000000001225,1,5.264800000000292,-5.861799999999486,3.5561999999997775,-0.6399999999997519,1.4900000000004354,-0.9100000000001884,1,-5.955199999999967,11.96160000000086,4.27179999999988,1.3600000000000279,-1.3799999999992707,-0.49000000000010147
1771516956.3962145,5.0037782192230225,-9.245285999999975,-0.3279901216430648,0.5211881491317699,1.2089999999993495,-0.1812171936035334,0.42823028564453747,1.2089999999999999,-0.18121719360351562,0.42823028564453125,2.0015532970428467,-0.18121719360351562,0.42823028564453125,4.997700213588,0.0818037447902826,-0.12767428261299654,0,0.0,0.0,0.0,0.0,0.0,0.0,0,0.0,0.0,0.0,0.0,0.0,0.0,1,-1.9951999999997232,-1.325600000000061,-2.974400000000187,1.66000000000015,0.22999999999995246,0.5199999999998539,1,2.417599999999861,2.678399999999824,1.471600000000103,-0.8300000000001084,-0.9700000000001374,-0.5299999999999194,1,-1.935999999999865,-14.552800000000936,-1.5311999999999444,0.050000000000105516,1.9899999999992701,0.21000000000004349,1,-1.015999999999865,-13.692399999999953,-3.9631999999998513,0.050000000000105516,1.9200000000001438,0.560000000000116,1,-7.250000000000292,-1.240400000000052,1.6916000000001925,1.7500000000003624,0.5699999999999594,-0.7800000000000029,1,7.488000000000447,10.602399999999816,-2.9688000000000194,-0.1499999999996504,-1.9200000000001438,0.5399999999999849,1,5.644399999999441,9.34560000000045,0.17879999999998433,-0.27000000000043656,-1.9799999999996487,-0.04000000000001225,1,5.200800000000317,-5.712799999999443,3.4651999999997587,-0.6399999999997519,1.4900000000004354,-0.9100000000001884,1,-5.819199999999964,11.823600000000933,4.22279999999987,1.3600000000000279,-1.3799999999992707,-0.49000000000010147
1771516956.4975634,5.1051270961761475,-9.14353100000003,-0.34652366826963193,0.5579598238244037,1.3039999999993057,-0.25737136602399513,0.4756501317024764,1.3039999999999998,-0.25737136602401733,0.4756501317024231,2.0822465419769287,-0.25737136602401733,0.4756501317024231,4.997307296630467,0.08693970454329554,-0.13914478365291655,0,0.0,0.0,0.0,0.0,0.0,0.0,0,0.0,0.0,0.0,0.0,0.0,0.0,1,-1.8623999999997236,-1.3072000000000648,-2.932800000000199,1.6599999999999948,0.22999999999995246,0.5199999999998539,1,2.3511999999998525,2.600799999999813,1.4292000000001095,-0.8300000000001084,-0.9700000000001374,-0.5299999999999194,1,-1.9319999999998565,-14.393600000000994,-1.514399999999941,0.050000000000105516,1.9899999999992701,0.21000000000004349,1,-1.0119999999998566,-13.538799999999942,-3.918399999999842,0.050000000000105516,1.9200000000001438,0.560000000000116,1,-7.110000000000263,-1.1948000000000552,1.6292000000001923,1.7500000000003624,0.5699999999999594,-0.7800000000000029,1,7.476000000000475,10.448799999999805,-2.9256000000000206,-0.1499999999996504,-1.9200000000001438,0.5399999999999849,1,5.6227999999994065,9.187200000000479,0.17559999999998335,-0.27000000000043656,-1.9799999999996487,-0.04000000000001225,1,5.149600000000337,-5.593599999999408,3.3923999999997436,-0.6399999999997519,1.4900000000004354,-0.9100000000001884,1,-5.710399999999962,11.713200000000992,4.183599999999862,1.3600000000000279,-1.3799999999992707,-0.49000000000010147
1771516956.59847,5.206033706665039,-9.00746100000009,-0.36922190510761366,0.6098040954842583,1.3939999999994512,-0.20913486182688734,0.5435748696327458,1.394,-0.20913486182689667,0.543574869632721,2.148118019104004,-0.20913486182689667,0.543574869632721,4.996845225832006,0.09335469136416431,-0.15107180637098475,0,0.0,0.0,0.0,0.0,0.0,0.0,0,0.0,0.0,0.0,0.0,0.0,0.0,1,-1.729599999999724,-1.2888000000000686,-2.8912000000002105,1.6599999999999948,0.22999999999995246,0.5199999999998539,1,2.284799999999844,2.523199999999802,1.386800000000116,-0.8300000000001084,-0.9700000000001374,-0.5299999999999194,1,-1.926999999999846,-14.194600000001067,-1.4933999999999366,0.050000000000105516,1.9899999999992701,0.21000000000004349,1,-1.006999999999846,-13.346799999999927,-3.8623999999998304,0.050000000000105516,1.9200000000001438,0.560000000000116,1,-6.970000000000234,-1.1492000000000584,1.566800000000192,1.7500000000003624,0.5699999999999594,-0.7800000000000029,1,7.464000000000503,10.295199999999793,-2.882400000000022,-0.1499999999996504,-1.9200000000001438,0.5399999999999849,1,5.595799999999363,8.989200000000514,0.17159999999998213,-0.27000000000043656,-1.9799999999996487,-0.04000000000001225,1,5.098400000000357,-5.474399999999373,3.3195999999997285,-0.6399999999997519,1.4900000000004354,-0.9100000000001884,1,-5.6015999999999595,11.60280000000105,4.1443999999998535,1.3600000000000279,-1.3799999999992707,-0.49000000000010147
1771516956.6977148,5.305278539657593,-8.891125000000057,-0.38244285320770366,0.6581060850548797,1.480000000000814,-0.14645913243294117,0.6295748696327763,1.48,-0.14645913243293762,0.6295748696327209,2.2087206840515137,-0.14645913243293762,0.6373353004455566,4.996322692954292,0.0985944606750156,-0.16443442521009266,0,0.0,0.0,0.0,0.0,0.0,0.0,0,0.0,0.0,0.0,0.0,0.0,0.0,1,-1.5635999999997245,-1.2658000000000733,-2.839200000000225,1.6599999999999948,0.22999999999995246,0.5199999999998539,1,2.201799999999833,2.4261999999997883,1.333800000000124,-0.8300000000001084,-0.9700000000001374,-0.5299999999999194,1,-1.9229999999998375,-14.035400000001125,-1.476599999999933,0.050000000000105516,1.9899999999992701,0.21000000000004349,1,-1.0029999999998376,-13.193199999999916,-3.817599999999821,0.050000000000105516,1.9200000000001438,0.560000000000116,1,-6.795000000000198,-1.0922000000000625,1.4888000000001917,1.7500000000003624,0.5699999999999594,-0.7800000000000029,1,7.449000000000538,10.103199999999779,-2.8284000000000233,-0.1499999999996504,-1.9200000000001438,0.5399999999999849,1,5.574199999999328,8.830800000000542,0.16839999999998115,-0.27000000000043656,-1.9799999999996487,-0.04000000000001225,1,5.034400000000382,-5.32539999999933,3.2285999999997097,-0.6399999999997519,1.4900000000004354,-0.9100000000001884,1,-5.465599999999957,11.464800000001123,4.095399999999843,1.3600000000000279,-1.3799999999992707,-0.49000000000010147
1771516956.797688,5.405251741409302,-8.768425000000013,-0.39084466850292343,0.7127720746254977,1.5660000000004004,-0.08016082644463074,0.7155748696326958,1.566,-0.08016082644462585,0.7155748696327209,2.316458225250244,-0.08016082644462585,0.7645845413208008,4.995705609475397,0.1025445845042148,-0.18002797461757214,0,0.0,0.0,0.0,0.0,0.0,0.0,0,0.0,0.0,0.0,0.0,0.0,0.0,1,-1.430799999999725,-1.2474000000000771,-2.797600000000237,1.6599999999999948,0.22999999999995246,0.5199999999998539,1,2.1353999999998243,2.3485999999997773,1.2914000000001304,-0.8300000000001084,-0.9700000000001374,-0.5299999999999194,1,-1.918999999999829,-13.876200000001184,-1.4597999999999296,0.050000000000105516,1.9899999999992701,0.21000000000004349,1,-0.9989999999998315,-13.039599999999904,-3.772799999999812,0.04999999999999449,1.9200000000001438,0.560000000000116,1,-6.655000000000169,-1.0466000000000657,1.4264000000001915,1.7500000000003624,0.5699999999999594,-0.7800000000000029,1,7.437000000000566,9.949599999999768,-2.7852000000000245,-0.1499999999996504,-1.9200000000001438,0.5399999999999849,1,5.552599999999293,8.67240000000057,0.16519999999998017,-0.27000000000043656,-1.9799999999996487,-0.04000000000001225,1,4.9832000000004015,-5.206199999999295,3.1557999999996946,-0.6399999999997519,1.4900000000004354,-0.9100000000001884,1,-5.3567999999999545,11.354400000001181,4.056199999999835,1.3600000000000279,-1.3799999999992707,-0.49000000000010147
1771516956.8977053,5.5052690505981445,-8.639175999999992,-0.393288534618494,0.7739870641961133,1.647000000000176,0.000839173555367001,0.7965748696326935,1.647,0.0008391735553741481,0.7965748696327208,2.4944658279418945,0.005922272801399231,0.8975118398666382,4.995021083310855,0.1049092555408904,-0.19687159617857908,0,0.0,0.0,0.0,0.0,0.0,0.0,0,0.0,0.0,0.0,0.0,0.0,0.0,1,-1.2979999999997254,-1.229000000000081,-2.7560000000002485,1.6599999999999948,0.22999999999995246,0.5199999999998539,1,2.0689999999998157,2.2709999999997663,1.249000000000137,-0.8300000000001084,-0.9700000000001374,-0.5299999999999194,1,-1.9149999999998206,-13.717000000001242,-1.4429999999999261,0.050000000000105516,1.9899999999992701,0.21000000000004349,1,-0.9949999999998319,-12.885999999999893,-3.7279999999998026,0.04999999999999449,1.9200000000001438,0.560000000000116,1,-6.51500000000014,-1.001000000000069,1.3640000000001913,1.7500000000003624,0.5699999999999594,-0.7800000000000029,1,7.425000000000594,9.795999999999756,-2.7420000000000258,-0.1499999999996504,-1.9200000000001438,0.5399999999999849,1,5.530999999999258,8.514000000000598,0.1619999999999792,-0.27000000000043656,-1.9799999999996487,-0.04000000000001225,1,4.932000000000421,-5.08699999999926,3.0829999999996796,-0.6399999999997519,1.4900000000004354,-0.9100000000001884,1,-5.247999999999952,11.24400000000124,4.016999999999827,1.3600000000000279,-1.3799999999992707,-0.49000000000010147
1771516956.9969916,5.604555368423462,-8.469075999999966,-0.38780461726295523,0.8590445511593847,1.7370000000003216,0.0908391735554015,0.886574869632728,1.737,0.09083917355537414,0.8865748696327208,2.6335387229919434,0.09563302248716354,0.9836614727973938,4.9941520350797965,0.10570032847483062,-0.21742329927735363,0,0.0,0.0,0.0,0.0,0.0,0.0,0,0.0,0.0,0.0,0.0,0.0,0.0,1,-1.131999999999726,-1.2060000000000857,-2.704000000000263,1.6599999999999948,0.22999999999995246,0.5199999999998539,1,1.9859999999998048,2.1739999999997526,1.196000000000145,-0.8300000000001084,-0.9700000000001374,-0.5299999999999194,1,-1.90999999999981,-13.518000000001315,-1.4219999999999218,0.050000000000105516,1.9899999999992701,0.21000000000004349,1,-0.9899999999998325,-12.693999999999878,-3.671999999999791,0.04999999999999449,1.9200000000001438,0.560000000000116,1,-6.340000000000104,-0.944000000000073,1.286000000000191,1.7500000000003624,0.5699999999999594,-0.7800000000000029,1,7.410000000000629,9.603999999999742,-2.6880000000000273,-0.1499999999996504,-1.9200000000001438,0.5399999999999849,1,5.503999999999214,8.316000000000633,0.15799999999997796,-0.27000000000043656,-1.9799999999996487,-0.04000000000001225,1,4.868000000000446,-4.937999999999216,2.9919999999996607,-0.6399999999997519,1.4900000000004354,-0.9100000000001884,1,-5.1119999999999495,11.106000000001313,3.967999999999817,1.3600000000000279,-1.3799999999992707,-0.49000000000010147
1771516957.097278,5.70484185218811,-8.289119999999905,-0.37283132777606753,0.9539580381226562,1.8290000000007467,0.17744758725168897,0.978574869632709,1.8290000000000002,0.1774475872516632,0.9785748696327208,2.8216469287872314,0.1774475872516632,1.0618797540664673,4.993063490512771,0.10416900763620494,-0.24179701726140226,0,0.0,0.0,0.0,0.0,0.0,0.0,0,0.0,0.0,0.0,0.0,0.0,0.0,1,-0.9659999999997264,-1.1830000000000904,-2.6520000000002777,1.6599999999999948,0.22999999999995246,0.5199999999998539,1,1.902999999999794,2.076999999999739,1.143000000000153,-0.8300000000001084,-0.9700000000001374,-0.5299999999999194,1,-1.9049999999997995,-13.319000000001388,-1.4009999999999174,0.050000000000105516,1.9899999999992701,0.21000000000004349,1,-0.984999999999833,-12.501999999999864,-3.6159999999997794,0.04999999999999449,1.9200000000001438,0.560000000000116,1,-6.1650000000000675,-0.8870000000000771,1.2080000000001907,1.7500000000003624,0.5699999999999594,-0.7800000000000029,1,7.395000000000664,9.411999999999727,-2.6340000000000288,-0.1499999999996504,-1.9200000000001438,0.5399999999999849,1,5.476999999999171,8.118000000000668,0.15399999999997674,-0.27000000000043656,-1.9799999999996487,-0.04000000000001225,1,4.804000000000471,-4.788999999999173,2.900999999999642,-0.6399999999997519,1.4900000000004354,-0.9100000000001884,1,-4.975999999999947,10.968000000001386,3.918999999999807,1.3600000000000279,-1.3799999999992707,-0.49000000000010147
1771516957.1971338,5.804697513580322,-8.137764999999847,-0.35360052079593474,1.0372790276932706,1.924000000000703,0.2724475872516452,1.0735748696326652,1.9240000000000002,0.2724475872516632,1.0735748696327208,2.9535787105560303,0.2762773633003235,1.0946074724197388,4.991712759023939,0.10038632134455659,-0.26967817465363586,0,0.0,0.0,0.0,0.0,0.0,0.0,0,0.0,0.0,0.0,0.0,0.0,0.0,1,-0.8331999999997268,-1.1646000000000942,-2.6104000000002894,1.6599999999999948,0.22999999999995246,0.5199999999998539,1,1.8365999999997853,1.999399999999728,1.1006000000001595,-0.8300000000001084,-0.9700000000001152,-0.5299999999999194,1,-1.900999999999791,-13.159800000001447,-1.384199999999914,0.050000000000105516,1.9899999999992701,0.21000000000004349,1,-0.9809999999998334,-12.348399999999852,-3.57119999999977,0.04999999999999449,1.9200000000001438,0.560000000000116,1,-6.0250000000000385,-0.8414000000000803,1.1456000000001905,1.7500000000003624,0.5699999999999594,-0.7800000000000029,1,7.383000000000692,9.258399999999716,-2.59080000000003,-0.1499999999996504,-1.9200000000001438,0.5399999999999849,1,5.455399999999136,7.959600000000696,0.15079999999997576,-0.27000000000043656,-1.9799999999996487,-0.04000000000001225,1,4.752800000000491,-4.669799999999138,2.828199999999627,-0.6399999999997519,1.4900000000004354,-0.9100000000001884,1,-4.8671999999999445,10.857600000001444,3.8797999999997987,1.3600000000000279,-1.3799999999992707,-0.49000000000010147
1771516957.29633,5.903893709182739,-7.939854999999806,-0.32462289919053966,1.1476425558352412,2.018999999999771,0.30232453346251686,1.125403165817218,2.019,0.3023245334625244,1.1254031658172607,3.219074249267578,0.3023245334625244,1.1254031658172607,4.990090047543735,0.09432558888364623,-0.3001732844320564,0,0.0,0.0,0.0,0.0,0.0,0.0,0,0.0,0.0,0.0,0.0,0.0,0.0,1,-0.6671999999997273,-1.141600000000099,-2.558400000000304,1.6599999999999948,0.22999999999995246,0.5199999999998539,1,1.7535999999997745,1.9023999999997365,1.0476000000001675,-0.8300000000001084,-0.9699999999999154,-0.5299999999999194,1,-1.8959999999997805,-12.96080000000152,-1.3631999999999096,0.050000000000105516,1.9899999999992701,0.21000000000004349,1,-0.975999999999834,-12.156399999999838,-3.5151999999997585,0.04999999999999449,1.9200000000001438,0.560000000000116,1,-5.850000000000002,-0.7844000000000844,1.0676000000001902,1.7500000000003624,0.5699999999999594,-0.7800000000000029,1,7.368000000000727,9.066399999999701,-2.5368000000000315,-0.1499999999996504,-1.9200000000001438,0.5399999999999849,1,5.428399999999092,7.7616000000007315,0.14679999999997453,-0.27000000000043656,-1.9799999999996487,-0.04000000000001225,1,4.688800000000516,-4.520799999999094,2.737199999999608,-0.6399999999997519,1.4900000000004354,-0.9100000000001884,1,-4.731199999999942,10.719600000001517,3.8307999999997886,1.3600000000000279,-1.3799999999992707,-0.49000000000010147
1771516957.398406,6.005969762802124,-7.7317499999998045,-0.29320630727803065,1.259405149819848,2.104000000000106,0.31854560971261714,1.1147494316101625,2.104,0.3185456097126007,1.1147494316101074,3.371893882751465,0.3185456097126007,1.1147494316101074,4.988326174389243,0.0879356442591507,-0.3299534821333158,0,0.0,0.0,0.0,0.0,0.0,0.0,0,0.0,0.0,0.0,0.0,0.0,0.0,1,-0.5343999999997278,-1.1232000000001028,-2.5168000000003157,1.6599999999999948,0.22999999999995246,0.5199999999998539,1,1.6871999999997658,1.8247999999997433,1.005200000000174,-0.8300000000001084,-0.9699999999999154,-0.5299999999999194,1,-1.891999999999772,-12.801600000001578,-1.3463999999999061,0.050000000000105516,1.9899999999992701,0.21000000000004349,1,-0.9709999999998346,-11.964399999999824,-3.459199999999747,0.04999999999999449,1.9200000000001438,0.560000000000116,1,-5.709999999999973,-0.7388000000000876,1.00520000000019,1.7500000000003624,0.5699999999999594,-0.7800000000000029,1,7.356000000000755,8.91279999999969,-2.4936000000000327,-0.1499999999996504,-1.9200000000001438,0.5399999999999849,1,5.406799999999057,7.60320000000076,0.14359999999997355,-0.27000000000043656,-1.9799999999996487,-0.04000000000001225,1,4.6376000000005355,-4.40159999999906,2.664399999999593,-0.6399999999997519,1.4900000000004354,-0.9100000000001884,1,-4.6223999999999394,10.609200000001575,3.7915999999997805,1.3600000000000279,-1.3799999999992707,-0.49000000000010147
1771516957.4972725,6.1048362255096436,-7.558053999999791,-0.2699019423583673,1.3465242694640158,2.200000000000202,0.2796298265457242,1.0779488086700706,2.2,0.27962982654571533,1.077948808670044,3.6172337532043457,0.27962982654571533,1.077948808670044,4.986136931794124,0.08044321831915925,-0.3632731562132361,0,0.0,0.0,0.0,0.0,0.0,0.0,0,0.0,0.0,0.0,0.0,0.0,0.0,1,-0.3683999999997283,-1.1002000000001075,-2.4648000000003303,1.6599999999999948,0.22999999999995246,0.5199999999998539,1,1.604199999999755,1.7277999999997518,0.9522000000001719,-0.8300000000001084,-0.9699999999999154,-0.5300000000000304,1,-1.8869999999997615,-12.602600000001651,-1.3253999999999018,0.050000000000105516,1.9899999999992701,0.21000000000004349,1,-0.966999999999835,-11.810799999999812,-3.4143999999997376,0.04999999999999449,1.9200000000001438,0.560000000000116,1,-5.534999999999937,-0.6818000000000917,0.9272000000001897,1.7500000000003624,0.5699999999999594,-0.7800000000000029,1,7.34100000000079,8.720799999999675,-2.439600000000034,-0.1499999999996504,-1.9200000000001438,0.5399999999999849,1,5.379799999999014,7.405200000000795,0.13959999999997233,-0.27000000000043656,-1.9799999999996487,-0.04000000000001225,1,4.57360000000056,-4.252599999999016,2.573399999999574,-0.6399999999997519,1.4900000000004354,-0.9100000000001884,1,-4.486399999999937,10.471200000001648,3.7425999999997703,1.3600000000000279,-1.3799999999992707,-0.49000000000010147
1771516957.5974815,6.205045223236084,-7.377633999999803,-0.25195155623470944,1.4283401741576156,2.2849999999996484,0.19462982654572247,0.9929488086699578,2.285,0.1946298265457153,0.992948808670044,3.880141258239746,0.19105079770088196,0.9908154010772705,4.983966118379919,0.07460418828677047,-0.3930851637127437,0,0.0,0.0,0.0,0.0,0.0,0.0,0,0.0,0.0,0.0,0.0,0.0,0.0,1,-0.2355999999997287,-1.0818000000001113,-2.423200000000342,1.6599999999999948,0.22999999999995246,0.5199999999998539,1,1.5377999999997463,1.6501999999997585,0.9098000000001695,-0.8300000000001084,-0.9699999999999154,-0.5300000000000304,1,-1.882999999999753,-12.44340000000171,-1.3085999999998983,0.050000000000105516,1.9899999999992701,0.21000000000004349,1,-0.9629999999998354,-11.6571999999998,-3.3695999999997284,0.04999999999999449,1.9200000000001438,0.560000000000116,1,-5.394999999999908,-0.6362000000000949,0.8648000000001894,1.7500000000003624,0.5699999999999594,-0.7800000000000029,1,7.329000000000818,8.567199999999664,-2.3964000000000354,-0.1499999999996504,-1.9200000000001438,0.5399999999999849,1,5.358199999998979,7.246800000000823,0.13639999999997135,-0.27000000000043656,-1.9799999999996487,-0.04000000000001225,1,4.52240000000058,-4.133399999998981,2.500599999999559,-0.6399999999997519,1.4900000000004354,-0.9100000000001884,1,-4.377599999999934,10.360800000001706,3.703399999999762,1.3600000000000279,-1.3799999999992707,-0.49000000000010147
1771516957.6971674,6.304731130599976,-7.143673999999821,-0.2374990884891668,1.522175055024621,2.3759999999999337,0.11112124472856255,0.9019488086701166,2.3760000000000003,0.11112124472856522,0.901948808670044,4.048923969268799,0.11112124472856522,0.897969126701355,4.981519292316981,0.07031875758293116,-0.42369896460307527,0,0.0,0.0,0.0,0.0,0.0,0.0,0,0.0,0.0,0.0,0.0,0.0,0.0,1,-0.06959999999972921,-1.058800000000116,-2.3712000000003566,1.6599999999999948,0.22999999999995246,0.5199999999998539,1,1.4547999999997354,1.553199999999767,0.8568000000001664,-0.8300000000001084,-0.9699999999999154,-0.5300000000000304,1,-1.8779999999997425,-12.244400000001782,-1.287599999999894,0.050000000000105516,1.9899999999992701,0.21000000000004349,1,-0.957999999999836,-11.465199999999786,-3.3135999999997168,0.04999999999999449,1.9200000000001438,0.560000000000116,1,-5.219999999999872,-0.579200000000099,0.7868000000001891,1.7500000000003624,0.5699999999999594,-0.7800000000000029,1,7.314000000000853,8.37519999999965,-2.342400000000037,-0.1499999999996504,-1.9200000000001438,0.5399999999999849,1,5.331199999998935,7.048800000000858,0.13239999999997012,-0.27000000000043656,-1.9799999999996487,-0.04000000000001225,1,4.458400000000605,-3.9843999999989426,2.40959999999954,-0.6399999999997519,1.4899999999999913,-0.9100000000001884,1,-4.241599999999932,10.22280000000178,3.654399999999752,1.3600000000000279,-1.3799999999992707,-0.49000000000010147
1771516957.79689,6.404453754425049,-6.948929999999834,-0.23158264447068397,1.5896669597182256,2.4639999999997997,0.05502208322286095,0.8139488086700286,2.4640000000000004,0.05502208322286606,0.813948808670044,4.1886162757873535,0.05502208322286606,0.7972384095191956,4.979142850123802,0.06842675086645347,-0.4510590402894976,0,0.0,0.0,0.0,0.0,0.0,0.0,0,0.0,0.0,0.0,0.0,0.0,0.0,1,0.06320000000027086,-1.04040000000012,-2.3296000000003683,1.6600000000000008,0.22999999999995246,0.5199999999998539,1,1.3883999999997267,1.4755999999997738,0.814400000000164,-0.8300000000001084,-0.9699999999999154,-0.5300000000000304,1,-1.873999999999734,-12.08520000000184,-1.2707999999998905,0.050000000000105516,1.9899999999992701,0.21000000000004349,1,-0.9539999999998364,-11.311599999999775,-3.2687999999997075,0.04999999999999449,1.9200000000001438,0.560000000000116,1,-5.079999999999843,-0.5336000000001022,0.7244000000001889,1.7500000000003624,0.5699999999999594,-0.7800000000000029,1,7.302000000000881,8.221599999999638,-2.299200000000038,-0.1499999999996504,-1.9200000000001438,0.5399999999999849,1,5.3095999999989,6.890400000000886,0.12919999999996915,-0.27000000000043656,-1.9799999999996487,-0.04000000000001225,1,4.407200000000625,-3.8651999999989433,2.336799999999525,-0.6399999999997519,1.4899999999999913,-0.9100000000001884,1,-4.132799999999929,10.112400000001838,3.615199999999744,1.3600000000000279,-1.3799999999992707,-0.49000000000010147
1771516957.897245,6.504808664321899,-6.69694999999982,-0.22965123999928647,1.6654818405852345,2.5570000000003645,-0.0044913142919489335,0.7209488086701299,2.5570000000000004,-0.0044913142919540405,0.7209488086700441,4.404223442077637,-0.0044913142919540405,0.6137481331825256,4.9764497701346615,0.06777855882284549,-0.47995182288494004,0,0.0,0.0,0.0,0.0,0.0,0.0,0,0.0,0.0,0.0,0.0,0.0,0.0,1,0.22920000000027035,-1.0174000000001246,-2.277600000000383,1.6599999999999948,0.22999999999995246,0.5199999999998539,1,1.305399999999716,1.3785999999997822,0.761400000000161,-0.8300000000001084,-0.9699999999999154,-0.5300000000000304,1,-1.8689999999997235,-11.886200000001914,-1.2497999999998861,0.050000000000105516,1.9899999999992701,0.21000000000004349,1,-0.948999999999837,-11.11959999999976,-3.212799999999696,0.04999999999999449,1.9200000000001438,0.560000000000116,1,-4.904999999999807,-0.47660000000010394,0.6464000000001886,1.7500000000003624,0.5700000000000148,-0.7800000000000029,1,7.287000000000916,8.029599999999624,-2.2452000000000396,-0.1499999999996504,-1.9200000000001438,0.5399999999999849,1,5.282599999998856,6.692400000000921,0.12519999999996792,-0.27000000000043656,-1.9799999999996487,-0.04000000000001225,1,4.34320000000065,-3.716199999998944,2.245799999999506,-0.6399999999997519,1.4899999999999913,-0.9100000000001884,1,-3.9967999999999266,9.97440000000191,3.566199999999734,1.3600000000000279,-1.3799999999992707,-0.49000000000010147
1771516957.9965284,6.604092121124268,-6.435074999999786,-0.23206879623298984,1.731401721452236,2.6520000000003208,-0.03477477282284869,0.6259488086699516,2.6520000000000006,-0.0347747728228569,0.6259488086700441,4.574717044830322,-0.0347747728228569,0.4165742099285126,4.97371185672918,0.06891659237894929,-0.5073863119226318,0,0.0,0.0,0.0,0.0,0.0,0.0,0,0.0,0.0,0.0,0.0,0.0,0.0,1,0.39520000000026984,-0.9944000000001294,-2.2256000000003975,1.6599999999999948,0.22999999999995246,0.5199999999998539,1,1.222399999999705,1.2815999999997907,0.7084000000001579,-0.8300000000001084,-0.9699999999999154,-0.5300000000000304,1,-1.863999999999713,-11.687200000001987,-1.2287999999998818,0.050000000000105516,1.9899999999992701,0.21000000000004349,1,-0.9439999999998375,-10.927599999999746,-3.1567999999996843,0.04999999999999449,1.9200000000001438,0.560000000000116,1,-4.72999999999977,-0.41960000000010245,0.5684000000001883,1.7500000000003624,0.5700000000000148,-0.7800000000000029,1,7.272000000000951,7.837599999999609,-2.191200000000041,-0.1499999999996504,-1.9200000000001438,0.5399999999999849,1,5.255599999998813,6.494400000000956,0.12119999999996803,-0.27000000000043656,-1.9799999999996487,-0.03999999999999837,1,4.2792000000006745,-3.567199999998945,2.1547999999994873,-0.6399999999997519,1.4899999999999913,-0.9100000000001884,1,-3.860799999999924,9.836400000001984,3.5171999999997237,1.3600000000000279,-1.3799999999992707,-0.49000000000010147
1771516958.09834,6.705903768539429,-6.163319999999757,-0.24172627917741898,1.787441602319234,2.747000000000277,-0.12434007227421495,0.5309488086699954,2.7470000000000008,-0.12434007227420807,0.5309488086700441,4.768266677856445,-0.12434007227420807,0.2076263427734375,4.971013599261022,0.0711134112891501,-0.5328852397062572,0,0.0,0.0,0.0,0.0,0.0,0.0,0,0.0,0.0,0.0,0.0,0.0,0.0,1,0.5280000000002695,-0.9760000000001332,-2.184000000000409,1.6599999999999948,0.22999999999995246,0.5199999999998539,1,1.1393999999996942,1.1845999999997991,0.6554000000001549,-0.8300000000001084,-0.9699999999999154,-0.5300000000000304,1,-1.8599999999997046,-11.528000000002045,-1.2119999999998783,0.050000000000105516,1.9899999999992701,0.21000000000004349,1,-0.939999999999838,-10.773999999999734,-3.111999999999675,0.04999999999999449,1.9200000000001438,0.560000000000116,1,-4.554999999999734,-0.36260000000010095,0.490400000000188,1.7500000000003624,0.5700000000000148,-0.7800000000000029,1,7.260000000000979,7.683999999999598,-2.1480000000000423,-0.1499999999996504,-1.9200000000001438,0.5399999999999849,1,5.233999999998778,6.336000000000984,0.11799999999996816,-0.27000000000043656,-1.9799999999996487,-0.03999999999999837,1,4.215200000000699,-3.418199999998946,2.0637999999994685,-0.6399999999997519,1.4899999999999913,-0.9100000000001884,1,-3.7519999999999216,9.726000000002042,3.4779999999997155,1.3600000000000279,-1.3799999999992707,-0.49000000000010147
1771516958.1973143,6.804877996444702,-5.9382589999997535,-0.25400069055770985,1.8246165070128395,2.8399999999999537,-0.16516824066636904,0.43794880867009667,2.8400000000000007,-0.16516824066638947,0.43794880867004415,4.755824089050293,-0.16516824066638947,0.17611342668533325,4.9683854310770394,0.07576024226254738,-0.5562432866594881,0,0.0,0.0,0.0,0.0,0.0,0.0,0,0.0,0.0,0.0,0.0,0.0,0.0,1,0.694000000000269,-0.953000000000138,-2.132000000000424,1.6599999999999948,0.22999999999995246,0.5199999999998539,1,1.0729999999996855,1.106999999999806,0.6130000000001524,-0.8300000000001084,-0.9699999999999154,-0.5300000000000304,1,-1.854999999999694,-11.329000000002118,-1.190999999999874,0.050000000000105516,1.9899999999992701,0.21000000000004349,1,-0.9349999999998385,-10.58199999999972,-3.0559999999996634,0.04999999999999449,1.9200000000001438,0.560000000000116,1,-4.414999999999705,-0.31700000000009976,0.4280000000001878,1.7500000000003624,0.5700000000000148,-0.7800000000000029,1,7.2450000000010135,7.491999999999583,-2.094000000000044,-0.1499999999996504,-1.9200000000001438,0.5399999999999849,1,5.206999999998734,6.1380000000010195,0.11399999999996832,-0.27000000000043656,-1.9799999999996487,-0.03999999999999837,1,4.164000000000719,-3.2989999999989466,1.9909999999994556,-0.6399999999997519,1.4899999999999913,-0.9099999999999664,1,-3.615999999999919,9.588000000002115,3.4289999999997054,1.3600000000000279,-1.3799999999992707,-0.49000000000010147
1771516958.2978406,6.905404329299927,-5.648252999999739,-0.27180716229294816,1.862405387879845,2.931000000000239,-0.18470835685729936,0.3469488086700334,2.931000000000001,-0.1847083568572998,0.3469488086700442,4.7546067237854,-0.1847083568572998,0.1319371461868286,4.965894868651593,0.08162453972265521,-0.5772569514651535,0,0.0,0.0,0.0,0.0,0.0,0.0,0,0.0,0.0,0.0,0.0,0.0,0.0,1,0.8600000000002684,-0.9300000000001427,-2.0800000000004384,1.6599999999999948,0.22999999999995246,0.5199999999998539,1,0.9899999999996761,1.0099999999998144,0.5600000000001494,-0.8299999999999974,-0.9699999999999154,-0.5300000000000304,1,-1.8499999999996835,-11.130000000002191,-1.1699999999998696,0.050000000000105516,1.9899999999992701,0.21000000000004349,1,-0.9299999999998391,-10.389999999999706,-2.999999999999652,0.04999999999999449,1.9200000000001438,0.560000000000116,1,-4.239999999999669,-0.26000000000009826,0.3500000000001875,1.7500000000003624,0.5700000000000148,-0.7800000000000029,1,7.2300000000010485,7.299999999999569,-2.0400000000000453,-0.1499999999996504,-1.9200000000001438,0.5399999999999849,1,5.1799999999986905,5.940000000001055,0.10999999999996848,-0.27000000000043656,-1.9799999999996487,-0.03999999999999837,1,4.100000000000744,-3.1499999999989474,1.899999999999459,-0.6399999999997519,1.4899999999999913,-0.9099999999999664,1,-3.479999999999916,9.450000000002188,3.3799999999996952,1.3600000000000279,-1.3799999999992707,-0.49000000000010147
1771516958.3971584,7.0047221183776855,-5.408843999999737,-0.2869747817597299,1.885232292573453,3.0239999999999156,-0.1920847892761257,0.2539488086701347,3.024000000000001,-0.19208478927612305,0.2539488086700442,4.752272129058838,-0.19208478927612305,0.10442626476287842,4.963390333694074,0.08856406517889866,-0.597421795510694,0,0.0,0.0,0.0,0.0,0.0,0.0,0,0.0,0.0,0.0,0.0,0.0,0.0,1,0.992800000000268,-0.9116000000001465,-2.03840000000045,1.6599999999999948,0.22999999999995246,0.5199999999998539,1,0.9235999999996763,0.9323999999998134,0.5176000000001469,-0.8299999999999974,-0.9700000000000266,-0.5300000000000304,1,-1.845999999999675,-10.97080000000225,-1.153199999999866,0.050000000000105516,1.9899999999992701,0.21000000000004349,1,-0.9259999999998395,-10.236399999999694,-2.9551999999996426,0.04999999999999449,1.9200000000001438,0.560000000000116,1,-4.09999999999964,-0.21440000000009882,0.28760000000018726,1.7500000000003624,0.5699999999999871,-0.7800000000000029,1,7.218000000001076,7.1463999999995576,-1.9968000000000465,-0.1499999999996504,-1.9200000000001438,0.5399999999999849,1,5.158399999998656,5.781600000001083,0.10679999999996861,-0.27000000000043656,-1.9799999999996487,-0.03999999999999837,1,4.048800000000764,-3.030799999998948,1.8271999999994617,-0.6399999999997519,1.4899999999999913,-0.9099999999999664,1,-3.371199999999914,9.339600000002246,3.340799999999687,1.3600000000000279,-1.3799999999992707,-0.49000000000010147
1771516958.4975922,7.105155944824219,-5.100863999999765,-0.30637553037022736,1.9050471734404593,3.1169999999995923,-0.19528928399087375,0.16094880867001393,3.117000000000001,-0.19528928399085999,0.1609488086700442,4.755506992340088,-0.19528928399085999,0.0634075403213501,4.961032572210441,0.09586753551919389,-0.6156015213598253,0,0.0,0.0,0.0,0.0,0.0,0.0,0,0.0,0.0,0.0,0.0,0.0,0.0,1,1.1588000000002676,-0.8886000000001513,-1.9864000000004587,1.6599999999999948,0.22999999999995246,0.520000000000076,1,0.8405999999996766,0.8353999999998107,0.4646000000001476,-0.8299999999999974,-0.9700000000000266,-0.5299999999999748,1,-1.8409999999996645,-10.771800000002322,-1.1321999999998618,0.050000000000105516,1.9899999999992701,0.21000000000004349,1,-0.9209999999998401,-10.04439999999968,-2.899199999999631,0.04999999999999449,1.9200000000001438,0.560000000000116,1,-3.924999999999623,-0.1574000000001001,0.20960000000018697,1.7499999999999183,0.5699999999999871,-0.7800000000000029,1,7.203000000001111,6.954399999999543,-1.942800000000048,-0.1499999999996504,-1.9200000000001438,0.5399999999999849,1,5.131399999998612,5.583600000001118,0.10279999999996878,-0.27000000000043656,-1.9799999999996487,-0.03999999999999837,1,3.984800000000778,-2.881799999998949,1.736199999999465,-0.640000000000196,1.4899999999999913,-0.9099999999999664,1,-3.235199999999911,9.201600000002319,3.291799999999677,1.3600000000000279,-1.3799999999992707,-0.49000000000010147
1771516958.5971804,7.204744100570679,-4.8470539999997975,-0.3220202201685821,1.91347307813406,3.205999999999598,-0.19572022557257096,0.07194880867000819,3.206000000000001,-0.19572022557258606,0.07194880867004422,4.757351398468018,-0.19572022557258606,0.030579566955566406,4.958900414622839,0.10338141788124303,-0.6313627802541939,0,0.0,0.0,0.0,0.0,0.0,0.0,0,0.0,0.0,0.0,0.0,0.0,0.0,1,1.2916000000002672,-0.8702000000001551,-1.9448000000004526,1.6599999999999948,0.22999999999995246,0.520000000000076,1,0.7741999999996768,0.7577999999998086,0.4222000000001496,-0.8299999999999974,-0.9700000000000266,-0.5299999999999748,1,-1.836999999999656,-10.61260000000238,-1.1153999999998583,0.050000000000105516,1.9899999999992701,0.21000000000004349,1,-0.9169999999998405,-9.890799999999668,-2.8543999999996217,0.04999999999999449,1.9200000000001438,0.560000000000116,1,-3.7849999999996293,-0.11180000000010079,0.14720000000018674,1.7499999999999183,0.5700000000000011,-0.7800000000000029,1,7.191000000001139,6.800799999999532,-1.8996000000000492,-0.1499999999996504,-1.9200000000001438,0.5399999999999849,1,5.109799999998577,5.425200000001146,0.09959999999996891,-0.27000000000043656,-1.9799999999996487,-0.03999999999999837,1,3.9336000000007623,-2.7625999999989497,1.6633999999994677,-0.640000000000196,1.4899999999999913,-0.9099999999999664,1,-3.126399999999909,9.091200000002377,3.252599999999669,1.3600000000000279,-1.3799999999992707,-0.49000000000010147
1771516958.696844,7.304407835006714,-4.520997999999791,-0.34172380948876324,1.9166577902312227,3.294000000000352,-0.19784227013586175,0.007268667221005387,3.294000000000001,-0.19784227013587952,0.007268667221069336,4.75612211227417,-0.19784227013587952,0.007268667221069336,4.9569127849314425,0.11117882085219384,-0.645488119470164,0,0.0,0.0,0.0,0.0,0.0,0.0,0,0.0,0.0,0.0,0.0,0.0,0.0,1,1.4576000000002667,-0.8472000000001598,-1.892800000000445,1.6599999999999948,0.22999999999995246,0.520000000000076,1,0.6911999999996771,0.660799999999806,0.36920000000015213,-0.8299999999999974,-0.9700000000000266,-0.5299999999999748,1,-1.8319999999996455,-10.413600000002454,-1.094399999999854,0.050000000000105516,1.9899999999992701,0.21000000000004349,1,-0.911999999999841,-9.698799999999654,-2.79839999999961,0.04999999999999449,1.9200000000001438,0.560000000000116,1,-3.6099999999996375,-0.054800000000100685,0.06920000000018645,1.7499999999999183,0.5700000000000011,-0.7800000000000029,1,7.176000000001174,6.608799999999517,-1.8456000000000508,-0.1499999999996504,-1.9200000000001438,0.5399999999999849,1,5.082799999998533,5.227200000001181,0.09559999999996907,-0.27000000000043656,-1.9799999999996487,-0.03999999999999837,1,3.8696000000007427,-2.6135999999989505,1.572399999999471,-0.640000000000196,1.4899999999999913,-0.9099999999999664,1,-2.990399999999906,8.95320000000245,3.2035999999996587,1.3600000000000279,-1.3799999999992707,-0.49000000000010147
1771516958.7993944,7.406958103179932,-4.185165999999809,-0.3611482351205231,1.9156688129181754,3.38999999999956,-0.19247210025785666,-0.01834094524388874,3.390000000000001,-0.19247210025787354,-0.01834094524383545,4.758700847625732,-0.19247210025787354,-0.01834094524383545,4.954868188160142,0.12000780610806355,-0.6594538379839533,0,0.0,0.0,0.0,0.0,0.0,0.0,0,0.0,0.0,0.0,0.0,0.0,0.0,1,1.5904000000002663,-0.8288000000001636,-1.851200000000439,1.6599999999999948,0.22999999999995246,0.520000000000076,1,0.6081999999996773,0.5637999999998033,0.31620000000015464,-0.8299999999999974,-0.9700000000000266,-0.5299999999999748,1,-1.826999999999635,-10.214600000002527,-1.0733999999998496,0.050000000000105516,1.9899999999992701,0.21000000000004349,1,-0.9079999999998415,-9.545199999999642,-2.753599999999601,0.04999999999999449,1.9200000000001438,0.560000000000116,1,-3.469999999999644,-0.00920000000010062,0.006800000000186322,1.7499999999999183,0.5699999999999993,-0.7799999999999996,1,7.161000000001209,6.416799999999503,-1.7916000000000523,-0.1499999999996504,-1.9200000000001438,0.5399999999999849,1,5.0611999999984985,5.068800000001209,0.0923999999999692,-0.27000000000043656,-1.9799999999996487,-0.03999999999999837,1,3.818400000000727,-2.4943999999989512,1.4995999999994738,-0.640000000000196,1.4899999999999913,-0.9099999999999664,1,-2.881599999999904,8.842800000002509,3.1643999999996506,1.3600000000000279,-1.3799999999992707,-0.49000000000010147
1771516958.8965776,7.504141330718994,-3.908925999999824,-0.3754261660954845,1.9137401782746204,3.4800000000001496,-0.17247501015665856,-0.026579499244672178,3.480000000000001,-0.17247501015663147,-0.02657949924468994,4.761333465576172,-0.17247501015663147,-0.02657949924468994,4.952822165435321,0.12870715401069444,-0.6730431383492773,0,0.0,0.0,0.0,0.0,0.0,0.0,0,0.0,0.0,0.0,0.0,0.0,0.0,1,1.7564000000002657,-0.8058000000001684,-1.7992000000004313,1.6599999999999948,0.22999999999995246,0.520000000000076,1,0.5417999999996775,0.48619999999980124,0.27380000000015664,-0.8299999999999974,-0.9700000000000266,-0.5299999999999748,1,-1.8229999999996265,-10.055400000002585,-1.056599999999846,0.050000000000105516,1.9899999999992701,0.21000000000004349,1,-0.902999999999842,-9.353199999999628,-2.697599999999589,0.04999999999999449,1.9200000000001438,0.560000000000116,1,-3.294999999999652,0.04779999999989943,-0.07119999999981381,1.7499999999999183,0.5700000000000011,-0.7800000000000029,1,7.149000000001237,6.263199999999491,-1.7484000000000535,-0.1499999999996504,-1.9200000000001438,0.5399999999999849,1,5.034199999998455,4.870800000001244,0.08839999999996936,-0.27000000000043656,-1.9799999999996487,-0.03999999999999837,1,3.7544000000007074,-2.345399999998952,1.4085999999994772,-0.640000000000196,1.4899999999999913,-0.9099999999999664,1,-2.745599999999901,8.704800000002582,3.1153999999996405,1.3600000000000279,-1.3799999999992707,-0.49000000000010147
1771516958.9972005,7.604764223098755,-3.5550979999998202,-0.3906515783152473,1.90899936263512,3.573999999999967,-0.13986067473886754,-0.060174107551658196,3.5740000000000007,-0.13986067473888397,-0.06017410755157471,4.775830268859863,-0.13986067473888397,-0.06017410755157471,4.950557917741757,0.1375197806877196,-0.6877969271551034,0,0.0,0.0,0.0,0.0,0.0,0.0,0,0.0,0.0,0.0,0.0,0.0,0.0,1,1.9224000000002652,-0.7828000000001731,-1.7472000000004237,1.6599999999999948,0.22999999999995246,0.520000000000076,1,0.4587999999996778,0.3891999999997986,0.2208000000001576,-0.8299999999999974,-0.9700000000000266,-0.5300000000000028,1,-1.817999999999616,-9.856400000002658,-1.0355999999998418,0.050000000000105516,1.9899999999992701,0.21000000000004349,1,-0.8979999999998426,-9.161199999999614,-2.6415999999995776,0.04999999999999449,1.9200000000001438,0.560000000000116,1,-3.1199999999996604,0.10479999999989953,-0.1491999999998141,1.7499999999999183,0.5700000000000011,-0.7800000000000029,1,7.134000000001272,6.071199999999477,-1.694400000000055,-0.1499999999996504,-1.9200000000001438,0.5399999999999849,1,5.007199999998411,4.6728000000012795,0.08439999999996953,-0.27000000000043656,-1.9799999999996487,-0.03999999999999837,1,3.690400000000688,-2.196399999998953,1.3175999999994805,-0.640000000000196,1.4899999999999913,-0.9099999999999664,1,-2.6095999999998982,8.566800000002655,3.0663999999996303,1.3600000000000279,-1.3799999999992707,-0.49000000000010147
1771516959.096799,7.704362630844116,-3.1912379999998266,-0.4025136610946547,1.9014410747761483,3.668999999999923,-0.10862560570240598,-0.08283406496056855,3.669000000000001,-0.10862560570240021,-0.08283406496047974,4.785805702209473,-0.10862560570240021,-0.08283406496047974,4.948224474297015,0.14576062293561182,-0.7027292457052438,0,0.0,0.0,0.0,0.0,0.0,0.0,0,0.0,0.0,0.0,0.0,0.0,0.0,1,2.0552000000002724,-0.7644000000001769,-1.7056000000004177,1.6600000000002169,0.22999999999995246,0.520000000000076,1,0.37579999999967806,0.29219999999979596,0.16780000000015732,-0.8299999999999974,-0.9700000000000266,-0.5300000000000028,1,-1.8139999999996075,-9.697200000002717,-1.0187999999998383,0.050000000000105516,1.9899999999992701,0.21000000000004349,1,-0.8929999999998431,-8.9691999999996,-2.585599999999566,0.04999999999999449,1.9200000000001438,0.560000000000116,1,-2.9449999999996685,0.16179999999989875,-0.22719999999981438,1.7499999999999183,0.5699999999999871,-0.7800000000000029,1,7.119000000001307,5.879199999999463,-1.6404000000000565,-0.1499999999996504,-1.9200000000001438,0.5399999999999849,1,4.985599999998376,4.514400000001308,0.08119999999996966,-0.27000000000043656,-1.9799999999996487,-0.03999999999999837,1,3.639200000000672,-2.0771999999989537,1.2447999999994832,-0.640000000000196,1.4899999999999913,-0.9099999999999664,1,-2.500799999999896,8.456400000002713,3.027199999999622,1.3600000000000279,-1.3799999999992707,-0.49000000000010147
1771516959.1968868,7.804450511932373,-2.892682999999835,-0.4095679364881416,1.8945862790817944,3.7639999999998794,-0.07776196300984806,-0.08713728189468917,3.764000000000001,-0.07776196300983429,-0.08713728189468384,4.790414810180664,-0.07776196300983429,-0.08713728189468384,4.945776674112004,0.15342458506822737,-0.7181601398756752,0,0.0,0.0,0.0,0.0,0.0,0.0,0,0.0,0.0,0.0,0.0,0.0,0.0,1,2.221200000000294,-0.7414000000001817,-1.65360000000041,1.6600000000002169,0.22999999999995246,0.520000000000076,1,0.30939999999967827,0.21459999999979487,0.1254000000001571,-0.8299999999999974,-0.9699999999999986,-0.5300000000000028,1,-1.808999999999597,-9.49820000000279,-0.9977999999998339,0.050000000000105516,1.9899999999992701,0.21000000000004349,1,-0.8889999999998436,-8.815599999999588,-2.5407999999995567,0.04999999999999449,1.9200000000001438,0.560000000000116,1,-2.804999999999675,0.20739999999989772,-0.2895999999998146,1.7499999999999183,0.5699999999999871,-0.7800000000000029,1,7.107000000001335,5.725599999999451,-1.5972000000000577,-0.1499999999996504,-1.9200000000001438,0.5399999999999849,1,4.958599999998333,4.316400000001343,0.07719999999996982,-0.27000000000043656,-1.9799999999996487,-0.03999999999999837,1,3.5752000000006525,-1.9281999999989545,1.1537999999994866,-0.640000000000196,1.4899999999999913,-0.9099999999999664,1,-2.364799999999893,8.318400000002786,2.978199999999612,1.3600000000000279,-1.3799999999992707,-0.49000000000010147
1771516959.297138,7.9047017097473145,-2.51079599999984,-0.4154645197472469,1.8837501818413498,3.8569999999999993,-0.04590411484239887,-0.12310963869088809,3.857000000000001,-0.045904114842414856,-0.12310963869094849,4.803518772125244,-0.045904114842414856,-0.12310963869094849,4.943180958463617,0.16036215572938395,-0.7343337054041215,0,0.0,0.0,0.0,0.0,0.0,0.0,0,0.0,0.0,0.0,0.0,0.0,0.0,1,2.3872000000003157,-0.7184000000001864,-1.6016000000004025,1.6600000000002169,0.22999999999995246,0.520000000000076,1,0.22639999999967853,0.11759999999979501,0.07240000000015684,-0.8299999999999974,-0.9699999999999986,-0.5300000000000028,1,-1.8039999999995864,-9.299200000002863,-0.9767999999998296,0.050000000000105516,1.9899999999992701,0.21000000000004349,1,-0.8839999999998441,-8.623599999999573,-2.484799999999545,0.04999999999999449,1.9200000000001438,0.560000000000116,1,-2.6299999999996833,0.26439999999989716,-0.3675999999998149,1.7499999999999183,0.5700000000000148,-0.7800000000000029,1,7.09200000000137,5.533599999999437,-1.5432000000000592,-0.1499999999996504,-1.9200000000001438,0.5399999999999849,1,4.931599999998289,4.118400000001378,0.07319999999996998,-0.27000000000043656,-1.9799999999996487,-0.03999999999999837,1,3.511200000000633,-1.7791999999989554,1.06279999999949,-0.640000000000196,1.4899999999999913,-0.9099999999999664,1,-2.2287999999998904,8.180400000002859,2.929199999999602,1.3600000000000279,-1.3799999999992707,-0.49000000000010147
1771516959.3963919,8.003955602645874,-2.118985999999852,-0.4184292334697147,1.8700616789335949,3.9509999999998158,-0.020893380045905463,-0.144302546978059,3.951000000000001,-0.020893380045890808,-0.14430254697799683,4.810037612915039,-0.020893380045890808,-0.14430254697799683,4.94049402152294,0.1666688839382716,-0.7508264156400264,0,0.0,0.0,0.0,0.0,0.0,0.0,0,0.0,0.0,0.0,0.0,0.0,0.0,1,2.5532000000003374,-0.6954000000001912,-1.5496000000003949,1.6600000000002169,0.22999999999995246,0.520000000000076,1,0.14339999999967878,0.020599999999795143,0.01940000000015665,-0.8299999999999974,-0.9699999999999986,-0.5299999999999992,1,-1.7989999999995758,-9.100200000002935,-0.9557999999998252,0.050000000000105516,1.9899999999992701,0.21000000000004349,1,-0.8789999999998447,-8.431599999999559,-2.4287999999995336,0.04999999999999449,1.9200000000001438,0.560000000000116,1,-2.4549999999996914,0.32139999999989866,-0.4455999999998152,1.7499999999999183,0.5700000000000148,-0.7800000000000029,1,7.077000000001405,5.341599999999422,-1.4892000000000607,-0.1499999999996504,-1.9200000000001438,0.5399999999999849,1,4.904599999998245,3.9204000000013948,0.06919999999997015,-0.27000000000043656,-1.9800000000000928,-0.03999999999999837,1,3.4472000000006133,-1.6301999999989563,0.9717999999994933,-0.640000000000196,1.4899999999999913,-0.9099999999999664,1,-2.0927999999998876,8.042400000002932,2.8801999999995918,1.3600000000000279,-1.3799999999992707,-0.49000000000010147
1771516959.4978502,8.105413913726807,-1.7980179999998533,-0.41887233320688233,1.858606732892484,4.045000000000075,0.002729132771495113,-0.14258605241779243,4.045000000000001,0.0027291327714920044,-0.14258605241775513,4.810112953186035,0.0027291327714920044,-0.14258605241775513,4.937734131372445,0.1723151941168955,-0.7675214145260421,0,0.0,0.0,0.0,0.0,0.0,0.0,0,0.0,0.0,0.0,0.0,0.0,0.0,1,2.6860000000003548,-0.677000000000195,-1.5080000000003888,1.6600000000002169,0.22999999999995246,0.520000000000076,1,0.07699999999967899,-0.057000000000204804,-0.022999999999843316,-0.8299999999999974,-0.9699999999999986,-0.5299999999999992,1,-1.7949999999995674,-8.941000000002994,-0.9389999999998218,0.050000000000105516,1.9899999999992701,0.21000000000004349,1,-0.8749999999998451,-8.277999999999547,-2.3839999999995243,0.04999999999999449,1.9200000000001438,0.560000000000116,1,-2.314999999999698,0.36699999999989985,-0.5079999999998154,1.7499999999999183,0.5700000000000148,-0.7800000000000029,1,7.065000000001433,5.187999999999411,-1.446000000000062,-0.1499999999996504,-1.9200000000001438,0.5399999999999849,1,4.88299999999821,3.7620000000013873,0.06599999999997028,-0.27000000000043656,-1.9800000000000928,-0.03999999999999837,1,3.3960000000005977,-1.510999999998957,0.898999999999496,-0.640000000000196,1.4899999999999913,-0.9099999999999664,1,-1.9839999999998854,7.932000000002946,2.8409999999995836,1.3600000000000279,-1.3800000000001589,-0.49000000000010147
1771516959.596318,8.203881740570068,-1.3879279999998437,-0.4172532917938122,1.8418803678030629,4.131000000000107,0.02343879640104296,-0.18055158853536035,4.131000000000001,0.023438796401023865,-0.18055158853530884,4.819312572479248,0.023438796401023865,-0.18055158853530884,4.934783038282377,0.17738763168189478,-0.7851432946964799,0,0.0,0.0,0.0,0.0,0.0,0.0,0,0.0,0.0,0.0,0.0,0.0,0.0,1,2.8520000000003765,-0.6540000000001998,-1.4560000000003812,1.6600000000002169,0.22999999999995246,0.520000000000076,1,-0.00600000000032089,-0.15400000000020467,-0.07599999999984353,-0.8299999999999998,-0.9699999999999986,-0.5300000000000028,1,-1.7899999999995568,-8.742000000003067,-0.9179999999998174,0.050000000000105516,1.9899999999992701,0.21000000000004349,1,-0.8699999999998457,-8.085999999999533,-2.3279999999995127,0.04999999999999449,1.9200000000001438,0.560000000000116,1,-2.139999999999706,0.42399999999990134,-0.5859999999998157,1.7499999999999183,0.5700000000000148,-0.7800000000000029,1,7.050000000001468,4.9959999999993965,-1.3920000000000634,-0.1499999999996504,-1.9200000000001438,0.5399999999999849,1,4.855999999998167,3.564000000001378,0.06199999999997044,-0.27000000000043656,-1.9800000000000928,-0.03999999999999837,1,3.332000000000578,-1.3619999999989578,0.8079999999994993,-0.640000000000196,1.4899999999999913,-0.9099999999999664,1,-1.8479999999998826,7.79400000000293,2.7919999999995735,1.3600000000000279,-1.3800000000001589,-0.49000000000010147
1771516959.6967463,8.304310083389282,-1.0524799999998362,-0.4144862983307722,1.8278498180384224,4.223000000000087,0.03995527327060877,-0.17289274930964993,4.223000000000001,0.039955273270606995,-0.1728927493095398,4.815530776977539,0.039955273270606995,-0.1728927493095398,4.931660626215213,0.1821782912841913,-0.8034516401273651,0,0.0,0.0,0.0,0.0,0.0,0.0,0,0.0,0.0,0.0,0.0,0.0,0.0,1,2.984800000000394,-0.6356000000002036,-1.4144000000003751,1.6600000000002169,0.22999999999995246,0.520000000000076,1,-0.07240000000032079,-0.23160000000020456,-0.11839999999984374,-0.8299999999999974,-0.9699999999999986,-0.5300000000000028,1,-1.7859999999995484,-8.582800000003125,-0.9011999999998139,0.050000000000105516,1.9899999999992701,0.21000000000004349,1,-0.8659999999998461,-7.932399999999522,-2.2831999999995034,0.04999999999999449,1.9200000000001438,0.560000000000116,1,-1.9999999999997127,0.46959999999990254,-0.6483999999998159,1.7499999999999183,0.5700000000000148,-0.7800000000000029,1,7.038000000001496,4.842399999999385,-1.3488000000000646,-0.1499999999996504,-1.9200000000001438,0.5399999999999849,1,4.834399999998132,3.4056000000013706,0.05879999999997057,-0.27000000000043656,-1.9800000000000928,-0.03999999999999837,1,3.2808000000005624,-1.2427999999989585,0.735199999999502,-0.640000000000196,1.4899999999999913,-0.9099999999999664,1,-1.7391999999998804,7.683600000002917,2.7527999999995654,1.3600000000000279,-1.3800000000001589,-0.49000000000010147
1771516959.7965846,8.40414834022522,-0.6244469999998332,-0.4096127937368036,1.8080020933622871,4.314000000000041,0.05389142036438255,-0.21350306272505115,4.314000000000001,0.05389142036437988,-0.21350306272506714,4.822716236114502,0.05389142036437988,-0.21350306272506714,4.927972204763866,0.18698726544563515,-0.824697345476461,0,0.0,0.0,0.0,0.0,0.0,0.0,0,0.0,0.0,0.0,0.0,0.0,0.0,1,3.1508000000004155,-0.6126000000002083,-1.3624000000003675,1.6600000000002169,0.22999999999995246,0.520000000000076,1,-0.15540000000032053,-0.32860000000020667,-0.171399999999844,-0.8299999999999974,-0.9700000000000266,-0.5300000000000028,1,-1.7809999999995378,-8.383800000003198,-0.8801999999998096,0.050000000000105516,1.9899999999992701,0.21000000000004349,1,-0.8609999999998467,-7.740399999999507,-2.227199999999492,0.04999999999999449,1.9200000000001438,0.560000000000116,1,-1.8249999999997208,0.5265999999999015,-0.7263999999998162,1.7499999999999183,0.5699999999999594,-0.7800000000000029,1,7.023000000001531,4.650399999999371,-1.2948000000000661,-0.1499999999996504,-1.9200000000001438,0.5399999999999849,1,4.807399999998088,3.2076000000013614,0.05479999999997073,-0.27000000000043656,-1.9800000000000928,-0.03999999999999837,1,3.216800000000543,-1.0937999999989594,0.6441999999995054,-0.640000000000196,1.4899999999999913,-0.9099999999999664,1,-1.6031999999998776,7.545600000002901,2.7037999999995552,1.3600000000000279,-1.3800000000001589,-0.49000000000010147
1771516959.8962724,8.503836154937744,-0.18658699999983241,-0.4035329865745184,1.7855623825067986,4.408999999999997,0.06404826045036671,-0.2295237183571608,4.409000000000001,0.06404826045036316,-0.22952371835708618,4.821723461151123,0.06404826045036316,-0.22952371835708618,4.924090449137013,0.19167422968446593,-0.846518894291505,0,0.0,0.0,0.0,0.0,0.0,0.0,0,0.0,0.0,0.0,0.0,0.0,0.0,1,3.316800000000437,-0.5896000000002131,-1.31040000000036,1.6600000000002169,0.22999999999995246,0.520000000000076,1,-0.23840000000032027,-0.4256000000002093,-0.22439999999984428,-0.8299999999999974,-0.9700000000000266,-0.5300000000000028,1,-1.7759999999995273,-8.184800000003271,-0.8591999999998052,0.050000000000105516,1.9899999999992701,0.21000000000004349,1,-0.8559999999998472,-7.548399999999493,-2.17119999999948,0.04999999999999449,1.9200000000001438,0.560000000000116,1,-1.649999999999729,0.5835999999998974,-0.8043999999998165,1.7499999999999183,0.5699999999999594,-0.7800000000000029,1,7.008000000001566,4.458399999999356,-1.2408000000000676,-0.1499999999996504,-1.9200000000001438,0.5399999999999849,1,4.780399999998044,3.009600000001352,0.050799999999970896,-0.27000000000043656,-1.9800000000000928,-0.03999999999999837,1,3.152800000000523,-0.9447999999989602,0.5531999999995088,-0.640000000000196,1.4899999999999913,-0.9099999999999664,1,-1.4671999999998748,7.407600000002885,2.654799999999545,1.3600000000000279,-1.3800000000001589,-0.49000000000010147
1771516959.997677,8.605240821838379,0.17102900000016755,-0.39781216979091194,1.7683729349250255,4.505000000000009,0.0757532790303106,-0.20653450489049874,4.505000000000001,0.07575327903032303,-0.2065345048904419,4.811432361602783,0.07575327903032303,-0.2065345048904419,4.919799379765935,0.19642095960528963,-0.8700533716286907,0,0.0,0.0,0.0,0.0,0.0,0.0,0,0.0,0.0,0.0,0.0,0.0,0.0,1,3.4496000000004545,-0.5712000000002169,-1.2688000000003539,1.6600000000002169,0.22999999999995246,0.520000000000076,1,-0.3048000000003201,-0.5032000000002114,-0.2667999999998436,-0.8299999999999974,-0.9700000000000208,-0.5299999999999748,1,-1.7719999999995188,-8.02560000000333,-0.8423999999998018,0.050000000000105516,1.9899999999992701,0.21000000000004349,1,-0.8519999999998477,-7.394799999999481,-2.126399999999471,0.04999999999999449,1.9200000000001438,0.560000000000116,1,-1.5099999999997356,0.6291999999998942,-0.8667999999998167,1.7499999999999183,0.5699999999999594,-0.7800000000000029,1,6.996000000001594,4.304799999999345,-1.1976000000000688,-0.1499999999996504,-1.9200000000001438,0.5399999999999849,1,4.7587999999980095,2.8512000000013447,0.04759999999997103,-0.27000000000043656,-1.9800000000000928,-0.03999999999999837,1,3.1016000000005075,-0.8255999999989609,0.4803999999995102,-0.640000000000196,1.4899999999999913,-0.9100000000000217,1,-1.3583999999998726,7.2972000000028725,2.615599999999537,1.3600000000000279,-1.3800000000001589,-0.49000000000010147
1771516960.0968466,8.704410314559937,0.6272050000001681,-0.38966094206338053,1.7442937402600676,4.591000000000011,0.08447903394698253,-0.25843971967698387,4.591000000000001,0.08447903394699097,-0.25843971967697144,4.817959308624268,0.08447903394699097,-0.25843971967697144,4.828896763157811,0.1974473378453685,-0.8801338575827922,0,0.0,0.0,0.0,0.0,0.0,0.0,0,0.0,0.0,0.0,0.0,0.0,0.0,1,3.615600000000476,-0.5482000000002216,-1.2168000000003463,1.6600000000002169,0.22999999999995246,0.520000000000076,1,-0.38780000000031983,-0.600200000000214,-0.3197999999998411,-0.8299999999999974,-0.9700000000000266,-0.5299999999999748,1,-1.7669999999995083,-7.8266000000033245,-0.8213999999997974,0.050000000000105516,1.9900000000001583,0.21000000000004349,1,-0.8469999999998482,-7.202799999999467,-2.0703999999994593,0.04999999999999449,1.9200000000001438,0.560000000000116,1,-1.3349999999997437,0.6861999999998901,-0.944799999999817,1.7499999999999183,0.5699999999999594,-0.7800000000000029,1,6.981000000001629,4.11279999999933,-1.1436000000000703,-0.1499999999996504,-1.9200000000001438,0.5399999999999849,1,4.731799999997966,2.6532000000013354,0.04359999999997119,-0.27000000000043656,-1.9800000000000928,-0.03999999999999837,1,3.037600000000488,-0.6765999999989618,0.38939999999950803,-0.640000000000196,1.4899999999999913,-0.9100000000000217,1,-1.2223999999998698,7.159200000002857,2.566599999999527,1.3600000000000279,-1.3800000000001589,-0.49000000000010147
1771516960.1978452,8.805408954620361,1.0929290000001703,-0.3807115463844415,1.720322684752413,4.687000000000109,0.09174703806641427,-0.23129600286475593,4.687000000000001,0.09174703806638718,-0.23129600286483765,4.719147205352783,0.09174703806638718,-0.23129600286483765,4.608048099999916,0.19337143324161535,-0.8678388976034835,0,0.0,0.0,0.0,0.0,0.0,0.0,0,0.0,0.0,0.0,0.0,0.0,0.0,1,3.781600000000498,-0.5252000000002264,-1.1648000000003387,1.6600000000002169,0.22999999999995246,0.520000000000076,1,-0.4708000000003196,-0.6972000000002166,-0.3727999999998386,-0.8299999999999974,-0.9700000000000266,-0.5299999999999748,1,-1.7619999999994977,-7.627600000003309,-0.800399999999793,0.050000000000105516,1.9900000000001583,0.21000000000004349,1,-0.8419999999998488,-7.010799999999453,-2.0143999999994477,0.04999999999999449,1.9200000000001438,0.560000000000116,1,-1.159999999999752,0.7431999999998861,-1.0227999999998172,1.7499999999999183,0.5699999999999594,-0.7800000000000029,1,6.966000000001664,3.920799999999316,-1.0896000000000718,-0.1499999999996504,-1.9200000000001438,0.5399999999999849,1,4.704799999997922,2.455200000001326,0.03959999999997135,-0.27000000000043656,-1.9800000000000928,-0.03999999999999837,1,2.9736000000004683,-0.5275999999989627,0.29839999999950584,-0.640000000000196,1.4899999999999913,-0.9100000000000217,1,-1.086399999999867,7.021200000002841,2.5175999999995167,1.3600000000000279,-1.3800000000001589,-0.49000000000010147
1771516960.2962444,8.903808116912842,1.4628010000001739,-0.3729243277466768,1.6999264168018853,4.591000000000011,0.10018959641455716,-0.2670052051543248,4.591000000000001,0.10018959641456604,-0.26700520515441895,4.507843494415283,0.10018959641456604,-0.26700520515441895,4.384643595238009,0.18897528042587705,-0.8566364443268304,0,0.0,0.0,0.0,0.0,0.0,0.0,0,0.0,0.0,0.0,0.0,0.0,0.0,1,3.9144000000005152,-0.5068000000002302,-1.1232000000003326,1.6600000000002169,0.22999999999995246,0.520000000000076,1,-0.5372000000003194,-0.7748000000002188,-0.4151999999998366,-0.8299999999999974,-0.9700000000000266,-0.5299999999999748,1,-1.7579999999994893,-7.468400000003296,-0.7835999999997896,0.050000000000105516,1.9900000000001583,0.21000000000004349,1,-0.8379999999998492,-6.857199999999441,-1.9695999999994507,0.04999999999999449,1.9200000000001438,0.5599999999998939,1,-1.0199999999997584,0.7887999999998828,-1.0851999999998174,1.7499999999999183,0.5699999999999594,-0.7800000000000029,1,6.954000000001692,3.7671999999993044,-1.046400000000073,-0.1499999999996504,-1.9200000000001438,0.5399999999999849,1,4.683199999997887,2.2968000000013187,0.03639999999997148,-0.27000000000043656,-1.9800000000000928,-0.03999999999999837,1,2.9224000000004526,-0.40839999999896337,0.22559999999950484,-0.640000000000196,1.4899999999999913,-0.9099999999999941,1,-0.9775999999998648,6.910800000002828,2.4783999999995086,1.3600000000000279,-1.3800000000001589,-0.49000000000010147
1771516960.3963,9.00386381149292,1.9162590000001711,-0.3572633681052206,1.6683146740669852,4.499999999999949,0.1911895964145649,-0.346218466758641,4.500000000000001,0.19118959641456604,-0.346218466758728,4.475718021392822,0.21650274097919464,-0.346218466758728,4.174620499999913,0.18427177714683995,-0.8443707818028724,0,0.0,0.0,0.0,0.0,0.0,0.0,0,0.0,0.0,0.0,0.0,0.0,0.0,1,4.0804000000005365,-0.483800000000231,-1.071200000000325,1.6600000000002169,0.23000000000000798,0.520000000000076,1,-0.6202000000003192,-0.8718000000002214,-0.4681999999998341,-0.8299999999999974,-0.9700000000000266,-0.5299999999999748,1,-1.7529999999994788,-7.26940000000328,-0.7625999999997852,0.050000000000105516,1.9900000000001583,0.21000000000004349,1,-0.8329999999998497,-6.665199999999427,-1.9135999999994613,0.04999999999999449,1.9200000000001438,0.5599999999998939,1,-0.8449999999997567,0.8457999999998788,-1.1631999999998177,1.7500000000000289,0.5699999999999594,-0.7800000000000029,1,6.939000000001727,3.57519999999929,-0.9924000000000746,-0.1499999999996504,-1.9200000000001438,0.5399999999999849,1,4.656199999997844,2.0988000000013094,0.032399999999971646,-0.27000000000043656,-1.9800000000000928,-0.03999999999999837,1,2.858400000000433,-0.25939999999896424,0.13459999999950542,-0.640000000000196,1.4899999999999913,-0.9099999999999941,1,-0.841599999999862,6.772800000002812,2.4293999999994984,1.3600000000000279,-1.3800000000001589,-0.49000000000010147
1771516960.497154,9.10471773147583,2.271699000000183,-0.3386618167517667,1.6419881932015106,4.405000000000214,0.26007258892057905,-0.3176560401916273,4.405000000000001,0.26007258892059326,-0.3176560401916504,4.293629169464111,0.26007258892059326,-0.3176560401916504,3.9611744999999132,0.1749698457411289,-0.8280168043968515,0,0.0,0.0,0.0,0.0,0.0,0.0,0,0.0,0.0,0.0,0.0,0.0,0.0,1,4.213200000000554,-0.46540000000023035,-1.029600000000319,1.6600000000002169,0.23000000000000798,0.520000000000076,1,-0.686600000000319,-0.9494000000002235,-0.5105999999998332,-0.8299999999999974,-0.9700000000000266,-0.5300000000000304,1,-1.7489999999994703,-7.1102000000032675,-0.7457999999997817,0.050000000000105516,1.9900000000001583,0.21000000000004349,1,-0.8289999999998502,-6.511599999999415,-1.8687999999994698,0.04999999999999449,1.9200000000001438,0.5599999999998939,1,-0.7049999999997544,0.8913999999998755,-1.225599999999818,1.7500000000000289,0.5699999999999594,-0.7800000000000029,1,6.927000000001755,3.4215999999992786,-0.9492000000000758,-0.1499999999996504,-1.9200000000001438,0.5399999999999849,1,4.634599999997809,1.940400000001302,0.029199999999971776,-0.27000000000043656,-1.9800000000000928,-0.03999999999999837,1,2.8072000000004174,-0.14019999999896493,0.06179999999950588,-0.640000000000196,1.4899999999999913,-0.9099999999999948,1,-0.7327999999998598,6.662400000002799,2.3901999999994903,1.3600000000000279,-1.3800000000001589,-0.49000000000010147
1771516960.59659,9.204153776168823,2.706948000000204,-0.3117608057020211,1.6126928522462554,4.316000000000209,0.27522093057630315,-0.27578717470166936,4.316000000000001,0.27522093057632446,-0.2757871747016907,4.088289260864258,0.27522093057632446,-0.2757871747016907,3.7674095999999038,0.16358052957048475,-0.8140852145609705,0,0.0,0.0,0.0,0.0,0.0,0.0,0,0.0,0.0,0.0,0.0,0.0,0.0,1,4.3792000000005755,-0.44240000000022955,-0.9776000000003162,1.6600000000002169,0.23000000000000798,0.5199999999999649,1,-0.7696000000003187,-1.046400000000221,-0.5635999999998362,-0.8299999999999974,-0.9699999999999154,-0.5300000000000304,1,-1.7439999999994598,-6.911200000003252,-0.7247999999997774,0.050000000000105516,1.9900000000001583,0.21000000000004349,1,-0.8239999999998507,-6.319599999999401,-1.8127999999994804,0.04999999999999449,1.9200000000001438,0.5599999999998939,1,-0.5299999999997514,0.9483999999998715,-1.3035999999998182,1.7500000000000289,0.5699999999999594,-0.7800000000000029,1,6.91200000000179,3.229599999999264,-0.8952000000000773,-0.1499999999996504,-1.9200000000001438,0.5399999999999849,1,4.607599999997765,1.7424000000012927,0.02519999999997194,-0.27000000000043656,-1.9800000000000928,-0.03999999999999837,1,2.7432000000003978,0.008800000001035148,-0.029200000000494178,-0.640000000000196,1.49,-0.9100000000000008,1,-0.596799999999857,6.5244000000027835,2.34119999999948,1.3600000000000279,-1.3800000000001589,-0.49000000000010147
1771516960.6970222,9.304585933685303,3.1323600000002054,-0.28456672725658677,1.5868584701890636,4.224999999999923,0.2703971862793031,-0.2501351833343879,4.2250000000000005,0.2703971862792969,-0.2501351833343506,3.9005651473999023,0.2703971862792969,-0.2501351833343506,3.5727974285713238,0.15117611188197963,-0.8016919373892912,0,0.0,0.0,0.0,0.0,0.0,0.0,0,0.0,0.0,0.0,0.0,0.0,0.0,1,4.545200000000597,-0.41940000000022876,-0.9256000000003197,1.6600000000002169,0.23000000000000798,0.5199999999999649,1,-0.8526000000003184,-1.1434000000002125,-0.6165999999998393,-0.8299999999999974,-0.9699999999999154,-0.5300000000000304,1,-1.7389999999994492,-6.712200000003236,-0.703799999999773,0.050000000000105516,1.9900000000001583,0.21000000000004349,1,-0.8189999999998513,-6.127599999999386,-1.756799999999491,0.04999999999999449,1.9200000000001438,0.5599999999998939,1,-0.3549999999997531,1.0053999999998675,-1.3815999999998185,1.7499999999999738,0.5699999999999705,-0.7800000000000029,1,6.897000000001825,3.03759999999925,-0.8412000000000788,-0.1499999999996504,-1.9200000000001438,0.5399999999999849,1,4.580599999997721,1.5444000000012834,0.021199999999972102,-0.27000000000043656,-1.9800000000000928,-0.03999999999999837,1,2.679200000000378,0.1578000000010351,-0.12020000000049384,-0.640000000000196,1.4899999999999913,-0.9099999999999941,1,-0.4607999999998542,6.386400000002768,2.29219999999947,1.3600000000000279,-1.3800000000001589,-0.49000000000010147
1771516960.7970672,9.404630899429321,3.465284000000209,-0.2636047664640457,1.5689161085958192,4.131000000000107,0.2579932212829483,-0.21183049678796806,4.131,0.257993221282959,-0.2118304967880249,3.712963581085205,0.257993221282959,-0.2118304967880249,3.370773999999898,0.13827081971159108,-0.7898112737474284,0,0.0,0.0,0.0,0.0,0.0,0.0,0,0.0,0.0,0.0,0.0,0.0,0.0,1,4.6780000000006146,-0.4010000000002281,-0.8840000000003225,1.6600000000002169,0.23000000000000798,0.5199999999999649,1,-0.9190000000003182,-1.2210000000002057,-0.6589999999998417,-0.8299999999999974,-0.9699999999999154,-0.5300000000000304,1,-1.7349999999994408,-6.553000000003223,-0.6869999999997696,0.050000000000105516,1.9900000000001583,0.21000000000004349,1,-0.8149999999998517,-5.973999999999375,-1.7119999999994995,0.04999999999999449,1.9200000000001438,0.5599999999998939,1,-0.21499999999975464,1.0509999999998643,-1.4439999999998188,1.7500000000000013,0.5699999999999594,-0.7800000000000029,1,6.8850000000018525,2.8839999999992383,-0.79800000000008,-0.1499999999996504,-1.9200000000001438,0.5399999999999849,1,4.5589999999976865,1.386000000001276,0.017999999999972233,-0.27000000000043656,-1.9800000000000928,-0.03999999999999837,1,2.6280000000003625,0.2770000000010344,-0.1930000000004934,-0.640000000000196,1.4899999999999913,-0.9099999999999941,1,-0.351999999999852,6.276000000002755,2.252999999999462,1.3600000000000279,-1.3800000000001589,-0.49000000000010147
1771516960.896906,9.504469633102417,3.872651000000202,-0.2389060657380137,1.5511819162244525,4.0399999999998215,0.240523040294649,-0.15708673000336404,4.04,0.24052304029464722,-0.15708673000335693,3.518537998199463,0.24052304029464722,-0.15708673000335693,3.182854499999894,0.126548462557699,-0.7802250166473255,0,0.0,0.0,0.0,0.0,0.0,0.0,0,0.0,0.0,0.0,0.0,0.0,0.0,1,4.844000000000636,-0.3780000000002273,-0.832000000000326,1.6600000000002169,0.23000000000000798,0.5199999999999649,1,-1.0020000000003182,-1.3180000000001972,-0.7119999999998448,-0.8300000000000196,-0.9699999999999154,-0.5300000000000304,1,-1.7299999999994302,-6.354000000003207,-0.6659999999997652,0.050000000000105516,1.9900000000001583,0.21000000000004349,1,-0.8099999999998523,-5.7819999999993605,-1.65599999999951,0.04999999999999449,1.9200000000001438,0.5599999999998939,1,-0.03999999999975448,1.1079999999998602,-1.521999999999819,1.7500000000000013,0.5699999999999594,-0.7800000000000029,1,6.8700000000018875,2.691999999999224,-0.7440000000000815,-0.1499999999996504,-1.9200000000001438,0.5399999999999849,1,4.531999999997643,1.1880000000012667,0.013999999999972325,-0.27000000000043656,-1.9800000000000928,-0.0400000000000001,1,2.564000000000343,0.42600000000103355,-0.28400000000049386,-0.640000000000196,1.4899999999999913,-0.9100000000000217,1,-0.21599999999984992,6.138000000002739,2.2039999999994517,1.3599999999999999,-1.3800000000001589,-0.49000000000010147
1771516960.997172,9.604735851287842,4.2702490000001685,-0.21608360809665,1.5374794254178688,3.9429999999995857,0.22188900411129753,-0.12669003009802005,3.943,0.22188900411128998,-0.12669003009796143,3.3372793197631836,0.22188900411128998,-0.12669003009796143,2.985276499999903,0.11482212302926373,-0.7726182913592603,0,0.0,0.0,0.0,0.0,0.0,0.0,0,0.0,0.0,0.0,0.0,0.0,0.0,1,5.010000000000658,-0.3550000000002265,-0.7800000000003295,1.6600000000002169,0.23000000000000798,0.5199999999999649,1,-1.085000000000329,-1.4150000000001888,-0.7649999999998478,-0.8300000000001084,-0.9699999999999154,-0.5300000000000304,1,-1.7249999999994197,-6.1550000000031915,-0.6449999999997609,0.050000000000105516,1.9900000000001583,0.21000000000004349,1,-0.8049999999998528,-5.589999999999346,-1.5999999999995207,0.04999999999999449,1.9200000000001438,0.5599999999998939,1,0.13500000000024562,1.1649999999998562,-1.5999999999998193,1.75,0.5699999999999594,-0.7800000000000029,1,6.8550000000019224,2.4999999999992095,-0.690000000000083,-0.1499999999996504,-1.9200000000001438,0.5399999999999849,1,4.504999999997599,0.9900000000012581,0.009999999999972314,-0.27000000000043656,-1.9800000000000266,-0.0400000000000001,1,2.5000000000003233,0.5750000000010327,-0.37500000000049605,-0.640000000000196,1.4899999999999913,-0.9100000000000217,1,-0.07999999999984991,6.000000000002723,2.1549999999994416,1.3599999999999999,-1.3800000000001589,-0.49000000000010147
1771516961.0968442,9.704407930374146,4.5807600000001525,-0.19917898657005048,1.5279199275846187,3.849999999999909,0.20591732859612244,-0.11582767963402851,3.85,0.2059173285961151,-0.11582767963409424,3.148092746734619,0.2059173285961151,-0.11582767963409424,2.806032749999921,0.10476537693207985,-0.766874664896472,0,0.0,0.0,0.0,0.0,0.0,0.0,0,0.0,0.0,0.0,0.0,0.0,0.0,1,5.142800000000675,-0.3366000000002259,-0.7384000000003323,1.6600000000002169,0.23000000000000798,0.5199999999999649,1,-1.1514000000003377,-1.492600000000182,-0.8073999999998502,-0.8300000000001084,-0.9699999999999154,-0.5300000000000304,1,-1.7209999999994112,-5.995800000003179,-0.6281999999997574,0.050000000000105516,1.9900000000001583,0.21000000000004349,1,-0.8009999999998533,-5.436399999999335,-1.5551999999995292,0.04999999999999449,1.9200000000001438,0.5599999999998939,1,0.2750000000002453,1.210599999999853,-1.6623999999998196,1.7499999999999738,0.5699999999999594,-0.7800000000000029,1,6.84300000000195,2.346399999999198,-0.6468000000000842,-0.1499999999996504,-1.9200000000001438,0.5399999999999849,1,4.483399999997564,0.8316000000012596,0.006799999999972306,-0.27000000000043656,-1.9799999999999822,-0.0400000000000001,1,2.4488000000003076,0.694200000001032,-0.4478000000004978,-0.640000000000196,1.4899999999999913,-0.9100000000000217,1,0.028800000000150094,5.8896000000027104,2.1157999999994335,1.3599999999999999,-1.3800000000001589,-0.49000000000010147
1771516961.1963997,9.803963422775269,4.960148000000172,-0.17958673622291346,1.5189330566997232,3.758000000000372,0.1895323693752171,-0.0732719898224321,3.758,0.18953236937522888,-0.0732719898223877,2.976626396179199,0.18953236937522888,-0.0732719898223877,2.628907999999925,0.09528980682333804,-0.7615914160547121,0,0.0,0.0,0.0,0.0,0.0,0.0,0,0.0,0.0,0.0,0.0,0.0,0.0,1,5.308800000000697,-0.3136000000002251,-0.6864000000003359,1.6600000000002169,0.23000000000000798,0.5199999999999649,1,-1.2344000000003486,-1.5896000000001735,-0.8603999999998533,-0.8300000000001084,-0.9699999999999154,-0.5300000000000304,1,-1.7159999999994007,-5.796800000003163,-0.607199999999753,0.050000000000105516,1.9900000000001583,0.21000000000004349,1,-0.7959999999998538,-5.24439999999932,-1.4991999999995398,0.04999999999999449,1.9200000000001438,0.5599999999998939,1,0.4500000000002427,1.2675999999998488,-1.7403999999998199,1.7499999999999738,0.5699999999999594,-0.7800000000000029,1,6.828000000001985,2.1543999999991836,-0.5928000000000857,-0.1499999999996504,-1.9200000000001438,0.5399999999999849,1,4.456399999997521,0.6336000000012614,0.002799999999972295,-0.27000000000043656,-1.9799999999999822,-0.0400000000000001,1,2.384800000000288,0.8432000000010311,-0.5388000000004977,-0.640000000000196,1.4899999999999913,-0.9099999999999664,1,0.1648000000001501,5.751600000002695,2.0667999999994233,1.3599999999999999,-1.3800000000001589,-0.49000000000010147
1771516961.2963812,9.903944969177246,5.329650000000162,-0.1614297854511061,1.5135885202164343,3.6639999999996675,0.177647501230227,-0.04368001222609941,3.664,0.17764750123023987,-0.043680012226104736,2.8129348754882812,0.17764750123023987,-0.043680012226104736,2.4506826499999095,0.08632237676074656,-0.7581990326714958,0,0.0,0.0,0.0,0.0,0.0,0.0,0,0.0,0.0,0.0,0.0,0.0,0.0,1,5.420080700048094,-0.2742063274463529,-0.636241453378121,0.985686038511575,0.4319265329575436,0.4952274745109625,1,-1.3174000000003594,-1.686600000000165,-0.9133999999998563,-0.8300000000001084,-0.9699999999999154,-0.5300000000000304,1,-1.7109999999993901,-5.597800000003147,-0.5861999999997487,0.050000000000105516,1.9900000000001583,0.21000000000004349,1,-0.7909999999998544,-5.052399999999306,-1.4431999999995504,0.04999999999999449,1.9200000000001438,0.5599999999998939,1,0.625000000000244,1.3245999999998448,-1.8183999999998202,1.7500000000000289,0.5699999999999594,-0.7800000000000029,1,6.81300000000202,1.9623999999991737,-0.5388000000000872,-0.1499999999996504,-1.9199999999999222,0.5399999999999849,1,4.429399999997477,0.4356000000012632,-0.0012000000000277102,-0.27000000000043656,-1.9799999999999822,-0.04000000000000005,1,2.3208000000002684,0.9922000000010303,-0.6298000000004943,-0.640000000000196,1.4899999999999913,-0.9099999999999664,1,0.30080000000015117,5.613600000002679,2.017799999999413,1.3600000000000279,-1.3800000000001589,-0.49000000000010147
1771516961.3967905,10.004354238510132,5.617882000000145,-0.14493204494398038,1.5149821192383484,3.569999999999851,0.22160789370537226,0.05031998777393909,3.5700000000000003,0.22160789370536804,0.050319987773895264,2.6923673152923584,0.22160789370536804,0.11031705141067505,2.2814463684209763,0.07797198948670456,-0.7564177125596221,0,0.0,0.0,0.0,0.0,0.0,0.0,0,0.0,0.0,0.0,0.0,0.0,0.0,1,5.4986426514338715,-0.23954192481325584,-0.5961405761327054,0.9856875722674445,0.43192608423127454,0.49522776192022605,1,-1.383800000000368,-1.7642000000001583,-0.9557999999998588,-0.8300000000001084,-0.9699999999999154,-0.5300000000000304,1,-1.7069999999993817,-5.4386000000031345,-0.5693999999997452,0.050000000000105516,1.9900000000001583,0.21000000000004349,1,-0.7869999999998548,-4.898799999999294,-1.3983999999995589,0.04999999999999449,1.9200000000001438,0.5599999999998939,1,0.7650000000002464,1.3701999999998415,-1.8807999999998204,1.7500000000000289,0.5699999999999594,-0.7800000000000029,1,6.801000000002048,1.80879999999918,-0.4956000000000884,-0.1499999999996504,-1.9199999999999222,0.5399999999999849,1,4.407799999997442,0.27720000000126466,-0.0044000000000277185,-0.27000000000043656,-1.9799999999999822,-0.0400000000000001,1,2.2696000000002527,1.1114000000010296,-0.7026000000004916,-0.640000000000196,1.4899999999999913,-0.9099999999999664,1,0.4096000000001534,5.503200000002666,1.978599999999405,1.3600000000000279,-1.3800000000001589,-0.49000000000010147
1771516961.4963694,10.103933095932007,5.969240000000112,-0.1226752412525935,1.5256561180157462,3.4789999999995658,0.2231565117836038,0.14131998777400234,3.479,0.22315651178359985,0.14131998777389526,2.533435821533203,0.22315651178359985,0.1600359082221985,2.118010499999931,0.06792073772391273,-0.75865911936854,0,0.0,0.0,0.0,0.0,0.0,0.0,0,0.0,0.0,0.0,0.0,0.0,0.0,1,5.5965711341268864,-0.1961085749021952,-0.5455694052276029,0.9856883696773412,0.43192584979057924,0.49522788630480513,1,-1.466800000000379,-1.8612000000001498,-1.00879999999986,-0.8300000000001084,-0.9699999999999154,-0.5299999999999194,1,-1.7019999999993711,-5.239600000003119,-0.5483999999997409,0.050000000000105516,1.9900000000001583,0.21000000000004349,1,-0.7819999999998554,-4.70679999999928,-1.3423999999995695,0.04999999999999449,1.9200000000001438,0.5599999999998939,1,0.9400000000002493,1.4271999999998375,-1.9587999999998207,1.7500000000000289,0.5699999999999594,-0.7800000000000029,1,6.786000000002083,1.6167999999991878,-0.4416000000000899,-0.1499999999996504,-1.9199999999999222,0.5399999999999849,1,4.380799999997398,0.0792000000012644,-0.008400000000027729,-0.27000000000043656,-1.9799999999999955,-0.0400000000000001,1,2.205600000000233,1.2604000000010287,-0.7936000000004882,-0.640000000000196,1.4899999999999913,-0.9099999999999664,1,0.5456000000001562,5.36520000000265,1.929599999999395,1.3600000000000279,-1.3800000000001589,-0.49000000000010147
1771516961.59704,10.204603672027588,6.242843000000077,-0.10565398856084733,1.5368219514841848,3.38999999999956,0.20747220516205417,0.13868290185925503,3.39,0.20747220516204834,0.13868290185928345,2.4020192623138428,0.20747220516204834,0.13868290185928345,1.9626696904761411,0.05799054177642474,-0.7649725277909578,0,0.0,0.0,0.0,0.0,0.0,0.0,0,0.0,0.0,0.0,0.0,0.0,0.0,1,5.674692894402682,-0.16127911430590205,-0.5047576542785334,0.9856886320144133,0.43192577173951924,0.4952279070313866,1,-1.5332000000003876,-1.938800000000143,-1.0511999999998536,-0.8300000000001084,-0.9699999999999154,-0.5299999999999194,1,-1.6979999999993627,-5.080400000003106,-0.5315999999997374,0.050000000000105516,1.9900000000001583,0.21000000000004349,1,-0.7779999999998558,-4.5531999999992685,-1.297599999999578,0.04999999999999449,1.9200000000001438,0.5599999999998939,1,1.0800000000002465,1.4727999999998342,-2.0211999999998147,1.7499999999999183,0.5699999999999594,-0.7799999999997809,1,6.774000000002111,1.463199999999194,-0.3984000000000911,-0.1499999999996504,-1.9199999999999222,0.5399999999999849,1,4.359199999997363,-0.07919999999873559,-0.011600000000027737,-0.27000000000043656,-1.9799999999999962,-0.0400000000000001,1,2.1544000000002175,1.379600000001028,-0.8664000000004856,-0.640000000000196,1.4899999999999913,-0.9099999999999664,1,0.6544000000001584,5.254800000002637,1.8903999999993868,1.3600000000000279,-1.3800000000001589,-0.49000000000010147
1771516961.6964948,10.30405855178833,6.57620100000007,-0.08572012647073672,1.5529075270647776,3.299000000000163,0.19435352087020244,0.1744455695151803,3.299,0.19435352087020874,0.17444556951522827,2.265143632888794,0.19435352087020874,0.17444556951522827,1.8092199999999696,0.048593492101039325,-0.771307619231691,0,0.0,0.0,0.0,0.0,0.0,0.0,0,0.0,0.0,0.0,0.0,0.0,0.0,1,5.772066355489565,-0.11763814977033873,-0.453301129871955,0.9856887765023712,0.43192572765459963,0.49522789446405546,1,-1.6162000000003984,-2.0358000000001426,-1.1041999999998455,-0.8300000000001084,-0.9700000000001374,-0.5299999999999194,1,-1.6929999999993521,-4.88140000000309,-0.510599999999733,0.050000000000105516,1.9900000000001583,0.21000000000004349,1,-0.7729999999998564,-4.361199999999254,-1.2415999999995886,0.04999999999999449,1.9200000000001438,0.5599999999998939,1,1.2550000000002384,1.5297999999998302,-2.099199999999793,1.7499999999999183,0.5699999999999594,-0.7799999999997809,1,6.759000000002146,1.2711999999992019,-0.34440000000009263,-0.1499999999996504,-1.9199999999999222,0.5399999999999849,1,4.33219999999732,-0.27719999999873585,-0.015600000000027748,-0.27000000000043656,-1.9799999999999822,-0.0400000000000001,1,2.090400000000198,1.5286000000010271,-0.9574000000004822,-0.640000000000196,1.4899999999999913,-0.9099999999999664,1,0.7904000000001612,5.1168000000026215,1.8413999999993766,1.3600000000000279,-1.3800000000001589,-0.49000000000010147
1771516961.7964847,10.404048442840576,6.835441000000076,-0.07137874253671621,1.563637295579414,3.2090000000000174,0.17114394903182398,0.11240947246560218,3.209,0.17114394903182983,0.11240947246551514,2.164964199066162,0.17114394903182983,0.11240947246551514,1.6594394999999627,0.039833961360063286,-0.7790215626952532,0,0.0,0.0,0.0,0.0,0.0,0.0,0,0.0,0.0,0.0,0.0,0.0,0.0,1,5.849740326286409,-0.082641580539806,-0.41178369897227657,0.9856888305671285,0.4319257103242137,0.4952278715048989,1,-1.682600000000407,-2.1134000000001536,-1.146599999999839,-0.8300000000001084,-0.9700000000001374,-0.5299999999999194,1,-1.6889999999993437,-4.7222000000030775,-0.49379999999973123,0.050000000000105516,1.9900000000001583,0.20999999999998797,1,-0.7689999999998568,-4.207599999999243,-1.196799999999597,0.04999999999999449,1.9200000000001438,0.5599999999998939,1,1.3950000000002318,1.575399999999827,-2.1615999999997753,1.7499999999999183,0.5699999999999594,-0.7799999999997809,1,6.747000000002174,1.1175999999992081,-0.30120000000009384,-0.1499999999996504,-1.9199999999999222,0.5399999999999849,1,4.310599999997285,-0.4355999999987344,-0.018800000000027618,-0.27000000000043656,-1.9799999999999822,-0.03999999999999837,1,2.039200000000182,1.6478000000010264,-1.0302000000004796,-0.640000000000196,1.4899999999999913,-0.9099999999999664,1,0.8992000000001634,5.006400000002609,1.8021999999993685,1.3600000000000279,-1.3800000000001589,-0.49000000000010147
1771516961.8971534,10.504717111587524,7.1509130000000525,-0.05512846389990339,1.5762049678916725,3.1169999999995923,0.15649791061878027,0.1348963379859125,3.117,0.15649791061878204,0.13489633798599243,2.0475354194641113,0.15649791061878204,0.13489633798599243,1.5131706578946993,0.032018234057396205,-0.7842780561780347,0,0.0,0.0,0.0,0.0,0.0,0.0,0,0.0,0.0,0.0,0.0,0.0,0.0,1,5.946549375277722,-0.03879047212150428,-0.35944835081264676,0.9856888680991791,0.4319256974216554,0.49522783650320346,1,-1.765600000000418,-2.2104000000001673,-1.199599999999831,-0.8300000000001084,-0.9700000000001374,-0.5299999999999194,1,-1.6839999999993331,-4.523200000003062,-0.47279999999973243,0.050000000000105516,1.9900000000001583,0.20999999999998797,1,-0.7639999999998573,-4.015599999999228,-1.1407999999996077,0.04999999999999449,1.9200000000001438,0.5599999999998939,1,1.5700000000002237,1.6323999999998229,-2.2395999999997533,1.7499999999999183,0.5699999999999594,-0.7799999999997809,1,6.732000000002209,0.9255999999992116,-0.24720000000009518,-0.1499999999996504,-1.9200000000000332,0.5400000000000015,1,4.283599999997241,-0.6335999999987326,-0.022800000000027455,-0.27000000000043656,-1.9799999999999822,-0.03999999999999837,1,1.9752000000001713,1.7968000000010256,-1.1212000000004763,-0.6399999999999739,1.4899999999999913,-0.9099999999999664,1,1.0352000000001662,4.868400000002593,1.7531999999993584,1.3600000000000279,-1.3800000000001589,-0.49000000000010147
1771516961.99833,10.605893850326538,7.456382000000033,-0.041431022590212974,1.5847789368386032,3.0239999999999156,0.1273583620786667,0.061528205871574926,3.024,0.1273583620786667,0.06152820587158203,1.9643986225128174,0.1273583620786667,0.06152820587158203,1.368404142857123,0.024814927050094568,-0.790335588925543,0,0.0,0.0,0.0,0.0,0.0,0.0,0,0.0,0.0,0.0,0.0,0.0,0.0,1,6.023768095946731,-0.0036247881197515454,-0.3172305006837176,0.9856888880465636,0.43192569003796394,0.49522780638778635,1,-1.8320000000004266,-2.2880000000001783,-1.2419999999998246,-0.8300000000001084,-0.9700000000001374,-0.5299999999999194,1,-1.6799999999993247,-4.364000000003049,-0.4559999999997334,0.050000000000105516,1.9900000000001583,0.20999999999998797,1,-0.7599999999998578,-3.8619999999992167,-1.0959999999996162,0.04999999999999449,1.9200000000001438,0.5599999999998939,1,1.7100000000002171,1.6779999999998196,-2.301999999999736,1.7499999999999183,0.5699999999999594,-0.7799999999997809,1,6.717000000002244,0.7335999999992083,-0.1932000000000939,-0.1499999999996504,-1.9200000000000332,0.5400000000000126,1,4.261999999997206,-0.7919999999987312,-0.026000000000027324,-0.27000000000043656,-1.9799999999999822,-0.03999999999999837,1,1.9240000000001733,1.9160000000010249,-1.1940000000004736,-0.6399999999999739,1.4899999999999913,-0.9099999999999664,1,1.1440000000001684,4.75800000000258,1.7139999999993503,1.3600000000000279,-1.3800000000001589,-0.49000000000010147
1771516962.0972261,10.704789876937866,7.693140000000026,-0.033613481035642795,1.5845391933083288,2.93499999999991,0.08647685497999158,-0.027471794128430815,2.935,0.08647685497999191,-0.027471794128417965,1.8873367309570312,0.08647685497999191,-0.10458910465240479,1.2371531499999846,0.019306080165785028,-0.7929768927868246,0,0.0,0.0,0.0,0.0,0.0,0.0,0,0.0,0.0,0.0,0.0,0.0,0.0,1,6.086130177663764,-0.03533201457556006,-0.2649133828586512,0.6201654738354486,-0.39881501028017646,0.49691856932757456,1,-1.9150000000004375,-2.385000000000192,-1.2949999999998165,-0.8300000000001084,-0.9700000000001374,-0.5299999999999194,1,-1.6749999999993141,-4.165000000003033,-0.4349999999997346,0.050000000000105516,1.9900000000001583,0.20999999999998797,1,-0.7549999999998583,-3.6699999999992023,-1.0399999999996268,0.04999999999999449,1.9200000000001438,0.5599999999998939,1,1.885000000000209,1.7349999999998156,-2.379999999999714,1.7499999999999183,0.5699999999999594,-0.7799999999997809,1,6.761390337197847,0.6914406888610598,-0.14801111166341036,0.5345404910780645,-0.3235181967228427,0.5491645810083784,1,4.234999999997163,-0.9899999999987293,-0.03000000000002716,-0.27000000000043656,-1.9799999999999822,-0.03999999999999837,1,1.860000000000176,2.065000000001024,-1.2850000000004702,-0.6399999999999739,1.4899999999999913,-0.9099999999999664,1,1.2800000000001712,4.620000000002564,1.6649999999993401,1.3600000000000279,-1.3800000000001589,-0.49000000000010147
1771516962.1968534,10.804417133331299,7.980568000000048,-0.023945059886388974,1.575720013895487,2.843000000000373,0.1019425466656683,-0.1194717941284118,2.843,0.10194254666566849,-0.11947179412841796,1.55776047706604,0.10194254666566849,-0.46274134516716003,1.0979133999999875,0.015121922905650228,-0.7914992325657242,0,0.0,0.0,0.0,0.0,0.0,0.0,0,0.0,0.0,0.0,0.0,0.0,0.0,1,6.145989487985554,-0.07397293002249447,-0.21170242437602005,0.6209324643649611,-0.3983649466835838,0.49662321349688454,1,-1.9980000000004483,-2.482000000000206,-1.3479999999998085,-0.8300000000001084,-0.9700000000001374,-0.5299999999999194,1,-1.6699999999993036,-3.9660000000030173,-0.4139999999997358,0.050000000000105516,1.9900000000001583,0.20999999999998797,1,-0.7499999999998589,-3.477999999999188,-0.9839999999996342,0.04999999999999449,1.9200000000001438,0.5600000000000049,1,2.060000000000201,1.7919999999998115,-2.457999999999692,1.7499999999999183,0.5699999999999594,-0.7799999999997809,1,6.814540820939417,0.6588132574886627,-0.09295651507336508,0.5337354605417429,-0.3230938096916222,0.5503670881242558,1,4.207999999997119,-1.187999999998738,-0.034000000000027,-0.27000000000043656,-1.9800000000000928,-0.03999999999999837,1,1.7960000000001786,2.214000000001023,-1.3760000000004668,-0.6399999999999739,1.4899999999999913,-0.9099999999999664,1,1.416000000000174,4.482000000002548,1.61599999999933,1.3600000000000279,-1.3800000000001589,-0.49000000000010147
1771516962.2968888,10.904452562332153,8.20296800000007,-0.0208296561531355,1.5611222703652183,2.7530000000002275,0.011942546665668491,-0.20947179412833528,2.753,0.011942546665668491,-0.20947179412841796,1.3381623029708862,-0.06867685914039612,-0.6444879770278931,0.9725354736841823,0.01085854906601464,-0.7860606412355277,0,0.0,0.0,0.0,0.0,0.0,0.0,0,0.0,0.0,0.0,0.0,0.0,0.0,1,6.193963388426946,-0.1044378088998994,-0.16889119772456945,0.6215236305641902,-0.39799885690490766,0.49638847496094096,1,-2.064400000000457,-2.559600000000217,-1.390399999999802,-0.8300000000001084,-0.9700000000001374,-0.5299999999999194,1,-1.6659999999992952,-3.8068000000030047,-0.39719999999973676,0.050000000000105516,1.9900000000001583,0.20999999999998797,1,-0.7459999999998593,-3.3243999999991765,-0.9391999999996338,0.04999999999999449,1.9200000000001438,0.5600000000000049,1,2.2000000000001942,1.8375999999998083,-2.5203999999996745,1.7499999999999183,0.5699999999999594,-0.7799999999997809,1,6.857128793129307,0.6331045152839121,-0.048737487778958775,0.5330435271747846,-0.322669010926088,0.5512995556461819,1,4.186399999997084,-1.3463999999987455,-0.03720000000002687,-0.27000000000043656,-1.9800000000000928,-0.03999999999999837,1,1.7448000000001807,2.3332000000010225,-1.4488000000004642,-0.6399999999999739,1.4899999999999913,-0.9099999999999664,1,1.5248000000001762,4.371600000002536,1.5767999999993219,1.3600000000000279,-1.3800000000001589,-0.49000000000010147
1771516962.3968089,11.004372596740723,8.472473000000095,-0.02543040148656873,1.534380090952374,2.6580000000002713,-0.08305745333433286,-0.30447179412851355,2.658,-0.08305745333433151,-0.30447179412841796,1.2281385660171509,-0.12835966050624847,-0.6393192410469055,0.8408454999999604,0.010306534596588715,-0.7760197275059139,0,0.0,0.0,0.0,0.0,0.0,0.0,0,0.0,0.0,0.0,0.0,0.0,0.0,1,6.2540366974523165,-0.14195559498857763,-0.11507656504358939,0.6222656041025407,-0.39753350124850206,0.4961035393392506,1,-2.147400000000468,-2.6566000000002306,-1.443399999999794,-0.8300000000001084,-0.9700000000001374,-0.5299999999999194,1,-1.6609999999992846,-3.607800000002989,-0.37619999999973797,0.050000000000105516,1.9900000000001583,0.20999999999998797,1,-0.7409999999998599,-3.132399999999162,-0.8831999999996333,0.04999999999999449,1.9200000000001438,0.5600000000000049,1,2.375000000000186,1.8945999999998042,-2.5983999999996525,1.7499999999999183,0.5699999999999594,-0.7799999999997809,1,6.910436535166669,0.6014739338315596,0.006750541566497452,0.5321262315839745,-0.32203967960750896,0.552429862550839,1,4.15939999999704,-1.5443999999987548,-0.04120000000002671,-0.27000000000043656,-1.9800000000000928,-0.03999999999999837,1,1.6808000000001833,2.4822000000010216,-1.5398000000004608,-0.6399999999999739,1.4899999999999913,-0.9099999999999664,1,1.660800000000179,4.23360000000252,1.5277999999993117,1.3600000000000279,-1.3800000000001589,-0.49000000000010147
1771516962.4966097,11.104173421859741,8.732033000000058,-0.039308053206317674,1.4976929115395308,2.561999999999287,-0.1687790900468805,-0.4004717941283875,2.562,-0.16877909004688263,-0.40047179412841793,1.0974880456924438,-0.16877909004688263,-0.6395183801651001,0.7121604999999498,0.014538409970496165,-0.7610248454906812,0,0.0,0.0,0.0,0.0,0.0,0.0,0,0.0,0.0,0.0,0.0,0.0,0.0,1,6.314224243552338,-0.17884461537485338,-0.06093084893546349,0.622999547237501,-0.39706758231360173,0.4958263558588377,1,-2.2304000000004787,-2.7536000000002443,-1.496399999999786,-0.8300000000001084,-0.9700000000001374,-0.5299999999999194,1,-1.655999999999274,-3.408800000002973,-0.35519999999973917,0.050000000000105516,1.9900000000001583,0.20999999999998797,1,-0.7359999999998604,-2.9403999999991477,-0.8271999999996328,0.04999999999999449,1.9200000000001438,0.5600000000000049,1,2.550000000000178,1.9515999999998002,-2.6763999999996306,1.7499999999999183,0.5699999999999594,-0.7799999999997809,1,6.963817612600967,0.570412430390266,0.06247301161242565,0.5311886621454766,-0.321372846720143,0.5535357985301885,1,4.132399999996997,-1.742399999998764,-0.045200000000026545,-0.27000000000043656,-1.9800000000000928,-0.03999999999999837,1,1.6168000000001859,2.6312000000010207,-1.6308000000004574,-0.6399999999999739,1.4899999999999913,-0.9099999999999664,1,1.7968000000001818,4.095600000002504,1.4787999999993016,1.3600000000000279,-1.3800000000001589,-0.49000000000010147
1771516962.5966864,11.20425009727478,8.932250000000018,-0.05417915512215378,1.4609121680092536,2.4689999999996104,-0.19561780989169744,-0.4934717941285083,2.469,-0.19561780989170074,-0.4934717941284179,0.9525148272514343,-0.19561780989170074,-0.6457793116569519,0.5958092499999808,0.022259519433435293,-0.7425836288578392,0,0.0,0.0,0.0,0.0,0.0,0.0,0,0.0,0.0,0.0,0.0,0.0,0.0,1,6.36245357477118,-0.20790140754631736,-0.017378081371138925,0.6235777099061699,-0.39669674771857755,0.49560970757128253,1,-2.2968000000004873,-2.8312000000002553,-1.5387999999997795,-0.8300000000001084,-0.9700000000001374,-0.5299999999999194,1,-1.6519999999992656,-3.2496000000029603,-0.33839999999974013,0.050000000000105516,1.9900000000001583,0.20999999999998797,1,-0.7319999999998609,-2.786799999999136,-0.7823999999996324,0.04999999999999449,1.9200000000001438,0.5600000000000049,1,2.6900000000001714,1.997199999999797,-2.738799999999613,1.7499999999999183,0.5699999999999594,-0.7799999999997809,1,7.006571570751284,0.545975880168407,0.10721779259136108,0.5304350858618215,-0.3208332841998712,0.554407494983072,1,4.110799999996962,-1.9007999999987715,-0.048400000000026415,-0.27000000000043656,-1.9800000000000928,-0.03999999999999837,1,1.565600000000188,2.75040000000102,-1.7036000000004548,-0.6399999999999739,1.4899999999999913,-0.9099999999999664,1,1.905600000000184,3.985200000002491,1.4395999999992934,1.3600000000000279,-1.3800000000001589,-0.49000000000010147
1771516962.697195,11.304758787155151,9.125985999999992,-0.0707313036580012,1.4176504244789787,2.3809999999997444,-0.21661138534545543,-0.5814717941283742,2.381,-0.21661138534545898,-0.5814717941284179,0.8311095833778381,-0.21661138534545898,-0.6444607377052307,0.48585489999999876,0.030934040698986608,-0.7207079840191211,0,0.0,0.0,0.0,0.0,0.0,0.0,0,0.0,0.0,0.0,0.0,0.0,0.0,1,6.410750796356239,-0.23655298429225685,0.026382802745044478,0.6241469218886716,-0.3963283238293297,0.4953974358495666,1,-2.363200000000496,-2.9088000000002663,-1.581199999999773,-0.8300000000001084,-0.9700000000001374,-0.5299999999999194,1,-1.6479999999992572,-3.0904000000029477,-0.3215999999997411,0.050000000000105516,1.9900000000001583,0.20999999999998797,1,-0.7279999999998613,-2.6331999999991247,-0.737599999999632,0.04999999999999449,1.9200000000001438,0.5600000000000049,1,2.830000000000165,2.0427999999998105,-2.8011999999995956,1.7499999999999183,0.5700000000001815,-0.7799999999997809,1,7.049366694889165,0.5219076715735862,0.15210940777373388,0.5296820128909874,-0.3202951095576087,0.555269173605273,1,4.089199999996927,-2.059199999998779,-0.051600000000026285,-0.27000000000043656,-1.9800000000000928,-0.03999999999999837,1,1.51440000000019,2.8696000000010193,-1.776400000000452,-0.6399999999999739,1.4899999999999913,-0.9099999999999664,1,2.0144000000001863,3.8748000000024785,1.4003999999992853,1.3600000000000279,-1.3800000000001589,-0.49000000000010147
1771516962.796698,11.404261827468872,9.359022999999963,-0.09295397165011626,1.3555606236662585,2.297999999999689,-0.22581678628921792,-0.6461049318313705,2.2979999999999996,-0.2258167862892151,-0.6461049318313599,0.7040514945983887,-0.2258167862892151,-0.6461049318313599,0.38713050000000937,0.03992829902267081,-0.6965173548562389,0,0.0,0.0,0.0,0.0,0.0,0.0,0,0.0,0.0,0.0,0.0,0.0,0.0,1,6.471214269864737,-0.2717959872740439,0.081374038781924,0.6248657131256549,-0.39588108919702397,0.4951428221027352,1,-2.446200000000507,-3.00580000000028,-1.634199999999765,-0.8300000000001084,-0.9700000000001374,-0.5299999999999194,1,-1.6429999999992466,-2.891400000002932,-0.3005999999997423,0.050000000000105516,1.9900000000001583,0.20999999999998797,1,-0.7229999999998619,-2.4411999999991103,-0.6815999999996315,0.04999999999999449,1.9200000000001438,0.5600000000000049,1,3.0050000000001567,2.0997999999998287,-2.8791999999995737,1.7499999999999183,0.5700000000001815,-0.7799999999997809,1,7.1029153443899204,0.4923421516328972,0.2084285040034175,0.5287454724272196,-0.3196196454842451,0.5563330776864159,1,4.062199999996883,-2.257199999998788,-0.05560000000002612,-0.27000000000043656,-1.9800000000000928,-0.03999999999999837,1,1.4504000000001926,3.0186000000010185,-1.8674000000004487,-0.6399999999999739,1.4899999999999913,-0.9099999999999664,1,2.150400000000189,3.7368000000024626,1.3513999999992752,1.3600000000000279,-1.3800000000001589,-0.49000000000010147
1771516962.897368,11.504931688308716,9.493944999999984,-0.1062754921276498,1.31690950920245,2.211000000000851,-0.21912600100040813,-0.6427172422409644,2.2109999999999994,-0.21912600100040436,-0.6427172422409058,0.5784739851951599,-0.21912600100040436,-0.6427172422409058,0.2907972000000205,0.04939855339771147,-0.6693880618674612,0,0.0,0.0,0.0,0.0,0.0,0.0,0,0.0,0.0,0.0,0.0,0.0,0.0,1,6.507548028817285,-0.29263920259231213,0.11452492886952624,0.6254673173411611,-0.3957029211200432,0.49503481954863837,1,-2.4960000000005134,-3.0640000000002883,-1.6659999999997601,-0.8300000000001084,-0.9700000000001374,-0.5299999999999194,1,-1.6399999999992403,-2.7720000000029223,-0.287999999999743,0.050000000000105516,1.9900000000001583,0.20999999999998797,1,-0.7199999999998622,-2.3259999999991017,-0.6479999999996312,0.04999999999999449,1.9200000000001438,0.5600000000000049,1,3.1100000000001518,2.1339999999998396,-2.9259999999995605,1.7499999999999183,0.5700000000001815,-0.7799999999997809,1,7.135072993461644,0.47488451530957027,0.24232810369632077,0.5282079019785269,-0.319134111709081,0.5569639954546417,1,4.045999999996857,-2.3759999999987937,-0.058000000000026024,-0.27000000000043656,-1.9800000000000928,-0.03999999999999837,1,1.4120000000001942,3.108000000001018,-1.9220000000004467,-0.6399999999999739,1.4899999999999913,-0.9099999999999664,1,2.2320000000001907,3.654000000002453,1.321999999999269,1.3600000000000279,-1.3800000000001589,-0.49000000000010147
1771516962.9966555,11.604219198226929,9.710580999999996,-0.12610681372474947,1.2540973807778004,2.138999999999669,-0.18555699288844707,-0.619175374507952,2.1389999999999993,-0.18555699288845062,-0.619175374507904,0.44035544991493225,-0.18555699288845062,-0.619175374507904,0.20780999999999228,0.05757947557216535,-0.6453143639368848,0,0.0,0.0,0.0,0.0,0.0,0.0,0,0.0,0.0,0.0,0.0,0.0,0.0,1,6.568196546891219,-0.3268704909490931,0.17003528540599583,0.6262689941304634,-0.3953322815357362,0.494818743579586,1,-2.579000000000524,-3.161000000000302,-1.718999999999752,-0.8300000000001084,-0.9700000000001374,-0.5299999999999194,1,-1.6349999999992297,-2.5730000000029065,-0.2669999999997442,0.050000000000105516,1.9900000000001583,0.20999999999998797,1,-0.7149999999998627,-2.1339999999990873,-0.5919999999996307,0.04999999999999449,1.9200000000001438,0.5600000000000049,1,3.2850000000001436,2.1909999999998577,-3.0039999999995386,1.7499999999999183,0.5700000000001815,-0.7799999999997809,1,7.188714766891401,0.44626193750988535,0.299006119979827,0.5273085078182176,-0.3183858426546212,0.5580073747742319,1,4.018999999996813,-2.573999999998803,-0.06200000000002586,-0.27000000000043656,-1.9800000000000928,-0.03999999999999837,1,1.3480000000001968,3.257000000001017,-2.0130000000004467,-0.6399999999999739,1.4899999999999913,-0.9100000000001884,1,2.3680000000001935,3.516000000002437,1.272999999999259,1.3600000000000279,-1.3800000000001589,-0.49000000000010147
1771516963.0976024,11.705166101455688,9.877020999999962,-0.13922741806101108,1.2059688731636602,2.0489999999995234,-0.15240401029587014,-0.5921460986137994,2.0489999999999995,-0.15240401029586792,-0.592146098613739,0.32782888412475586,-0.15240401029586792,-0.592146098613739,0.11080950000000733,0.06590296801125654,-0.6172391897899919,0,0.0,0.0,0.0,0.0,0.0,0.0,0,0.0,0.0,0.0,0.0,0.0,0.0,1,6.616787491891257,-0.35379314111802984,0.21467206664845107,0.6268225984425604,-0.3950073400246005,0.4946337395002834,1,-2.645400000000533,-3.238600000000313,-1.7613999999997456,-0.8300000000001084,-0.9700000000001374,-0.5299999999999194,1,-1.6309999999992213,-2.413800000002894,-0.2501999999997452,0.050000000000105516,1.9900000000001583,0.20999999999998797,1,-0.7109999999998632,-1.9803999999990782,-0.5471999999996303,0.04999999999999449,1.9199999999999222,0.5600000000000049,1,3.425000000000137,2.2365999999998722,-3.066399999999521,1.7499999999999183,0.5700000000001815,-0.7799999999997809,1,7.231666803843219,0.4237884295446879,0.3445080962283023,0.5265894354564188,-0.31781574519426314,0.5588337174658304,1,3.997399999996783,-2.7323999999988104,-0.06520000000002574,-0.26999999999999247,-1.9800000000000928,-0.03999999999999837,1,1.296800000000199,3.3762000000010164,-2.0858000000004617,-0.6399999999999739,1.4899999999999913,-0.9100000000001884,1,2.4768000000001957,3.4056000000024245,1.2337999999992508,1.3600000000000279,-1.3800000000001589,-0.49000000000010147
1771516963.1965542,11.804117918014526,10.076400999999995,-0.1498251589198037,1.147794420381975,1.9570000000008747,-0.07502634078263015,-0.5748101472855538,1.9569999999999994,-0.07502634078264236,-0.5748101472854614,0.17779141664505005,-0.07502634078264236,-0.5748101472854614,0.016595500000026853,0.0728118419179882,-0.5899918943149831,0,0.0,0.0,0.0,0.0,0.0,0.0,0,0.0,0.0,0.0,0.0,0.0,0.0,1,6.677607024216648,-0.38686402249814433,0.2707491727126386,0.6274641875589081,-0.3945896218764343,0.4944001891852535,1,-2.7284000000005437,-3.3356000000003267,-1.8143999999997376,-0.8300000000001084,-0.9700000000001374,-0.5299999999999194,1,-1.6259999999992107,-2.214800000002878,-0.22919999999974638,0.050000000000105516,1.9900000000001583,0.20999999999998797,1,-0.7059999999998637,-1.788399999999086,-0.4911999999996298,0.04999999999999449,1.9199999999999222,0.5600000000000049,1,3.600000000000129,2.2935999999998904,-3.144399999999499,1.7499999999999183,0.5700000000001815,-0.7799999999997809,1,7.2854016626769855,0.39622694066123115,0.4015830910537389,0.5256933891040345,-0.3171219740069724,0.5598556550269796,1,3.9703999999967836,-2.9303999999988197,-0.06920000000002557,-0.26999999999999247,-1.9800000000000928,-0.03999999999999837,1,1.2328000000002015,3.5252000000010155,-2.1768000000004806,-0.6399999999999739,1.4899999999999913,-0.9100000000001884,1,2.6128000000001985,3.2676000000024086,1.1847999999992407,1.3600000000000279,-1.3800000000001589,-0.49000000000010147
1771516963.297452,11.905015707015991,10.228545000000045,-0.1515256294865524,1.1020928784813375,1.8650000000004496,0.014591090381155247,-0.5689086914062447,1.8649999999999993,0.014591090381145477,-0.56890869140625,0.039429426193237305,0.014591090381145477,-0.56890869140625,-0.07217200000001167,0.07595668813010652,-0.5638557369811282,0,0.0,0.0,0.0,0.0,0.0,0.0,0,0.0,0.0,0.0,0.0,0.0,0.0,1,6.726326394638287,-0.4128461954818947,0.31583383139091253,0.6280873770252421,-0.3940714342514172,0.49422823358568263,1,-2.7948000000005524,-3.4132000000003377,-1.856799999999731,-0.8300000000001084,-0.9700000000001374,-0.5299999999999194,1,-1.6219999999992023,-2.0556000000028654,-0.21239999999974735,0.050000000000105516,1.9900000000001583,0.20999999999998797,1,-0.7019999999998642,-1.6347999999990923,-0.4463999999996294,0.04999999999999449,1.9199999999999222,0.5600000000000049,1,3.7400000000001223,2.339199999999905,-3.2067999999994816,1.7499999999999183,0.5700000000001815,-0.7799999999997809,1,7.328417551327277,0.37459731477039404,0.4473983412166642,0.524815898496753,-0.31672283789371736,0.5606302064223492,1,3.948799999996784,-3.088799999998827,-0.07240000000002544,-0.26999999999999247,-1.9800000000000928,-0.03999999999999837,1,1.1816000000002036,3.644400000001015,-2.2496000000004956,-0.6399999999999739,1.4899999999999913,-0.9100000000001884,1,2.7216000000002007,3.157200000002396,1.1455999999992326,1.3600000000000279,-1.3800000000001589,-0.49000000000010147
1771516963.3970988,12.00466251373291,10.409713000000115,-0.14626185343753362,1.0455152943338792,1.7790000000008632,0.07595668733120786,-0.5638557076454997,1.7789999999999992,0.07595668733119965,-0.5638557076454163,-0.07217200100421906,0.07595668733119965,-0.5638557076454163,-0.15148650000003183,0.07540962733870304,-0.5396733183963046,0,0.0,0.0,0.0,0.0,0.0,0.0,0,0.0,0.0,0.0,0.0,0.0,0.0,1,6.787309254634672,-0.44471862561952774,0.37246745383359725,0.628860081745416,-0.39349149971289876,0.4940253532645526,1,-2.8778000000005632,-3.5102000000003515,-1.909799999999723,-0.8300000000001084,-0.9700000000001374,-0.5299999999999194,1,-1.6169999999991918,-1.8566000000028657,-0.19139999999974855,0.050000000000105516,1.9899999999999367,0.20999999999998797,1,-0.6969999999998647,-1.4427999999991001,-0.39039999999962893,0.04999999999999449,1.9199999999999222,0.5600000000000049,1,3.915000000000114,2.396199999999923,-3.2847999999994597,1.7499999999999183,0.5700000000001815,-0.7799999999997809,1,7.382212274015719,0.34807429514523286,0.5048579733619741,0.5238106723796273,-0.3162495699653549,0.5616115635553747,1,3.921799999996785,-3.2867999999988364,-0.07640000000002528,-0.26999999999999247,-1.9800000000000928,-0.03999999999999837,1,1.1176000000002062,3.793400000001014,-2.3406000000005145,-0.6399999999999739,1.4899999999999913,-0.9100000000001884,1,2.8576000000002035,3.01920000000238,1.0965999999992224,1.3600000000000279,-1.3800000000001589,-0.49000000000010147
1771516963.4972618,12.104825496673584,10.547433000000163,-0.14021267139505372,1.0016159566845368,1.6870000000004381,0.07540962845087318,-0.5396733283995481,1.6869999999999992,0.07540962845087051,-0.5396733283996582,-0.15148650109767914,0.07540962845087051,-0.5396733283996582,-0.23450386842112358,0.07185352771251603,-0.5133438591776989,0,0.0,0.0,0.0,0.0,0.0,0.0,0,0.0,0.0,0.0,0.0,0.0,0.0,1,6.8361561045887145,-0.46974154850608757,0.41799429528896115,0.6294409860649092,-0.39310031972725973,0.4938674285285014,1,-2.944200000000572,-3.5878000000003625,-1.9521999999997166,-0.8300000000001084,-0.9700000000001374,-0.5299999999999194,1,-1.6129999999991833,-1.6974000000028708,-0.1745999999997495,0.050000000000105516,1.9899999999999367,0.20999999999998797,1,-0.6929999999998652,-1.2891999999991064,-0.34559999999962854,0.04999999999999449,1.9199999999999222,0.5600000000000049,1,4.055000000000121,2.4417999999999376,-3.347199999999442,1.7500000000003624,0.5700000000001815,-0.7799999999997809,1,7.425275127369829,0.327273328069607,0.5509791402041184,0.5230852778528988,-0.31585070511213964,0.5624064125082957,1,3.9001999999967856,-3.445199999998844,-0.07960000000002515,-0.26999999999999247,-1.9800000000000928,-0.03999999999999837,1,1.0664000000002083,3.9126000000010133,-2.4134000000005296,-0.6399999999999739,1.4899999999999913,-0.9100000000001884,1,2.9664000000002058,2.9088000000023673,1.0573999999992143,1.3600000000000279,-1.3800000000001589,-0.49000000000010147
1771516963.5972562,12.204819917678833,10.678337000000186,-0.13436481844972553,0.9598112222160751,1.6090000000001936,0.07185352593661043,-0.5133438706398374,1.608999999999999,0.07185352593660355,-0.513343870639801,-0.2345038652420044,0.07185352593660355,-0.513343870639801,-0.2996076000000869,0.0689492215948354,-0.4925299289626812,0,0.0,0.0,0.0,0.0,0.0,0.0,0,0.0,0.0,0.0,0.0,0.0,0.0,1,6.8850526919501975,-0.4943454537203047,0.463714674197557,0.6300033714531678,-0.39273723865176535,0.4937134362892522,1,-3.0106000000005806,-3.6654000000003735,-1.9945999999997102,-0.8300000000001084,-0.9700000000001374,-0.5299999999999194,1,-1.6089999999991749,-1.538200000002876,-0.15779999999975047,0.050000000000105516,1.9899999999999367,0.20999999999998797,1,-0.6889999999998656,-1.1355999999991127,-0.30079999999962814,0.04999999999999449,1.9199999999999222,0.5600000000000049,1,4.19500000000015,2.487399999999952,-3.4095999999994246,1.7500000000003624,0.5700000000001815,-0.7799999999997809,1,7.468363769062989,0.30684655196499205,0.5972364211628893,0.5223905235324156,-0.3154475641671784,0.5632005181702595,1,3.878599999996786,-3.6035999999988513,-0.08280000000002502,-0.26999999999999247,-1.9800000000000928,-0.03999999999999837,1,1.0152000000002104,4.031800000001022,-2.4862000000005446,-0.6399999999999739,1.4900000000004354,-0.9100000000001884,1,3.075200000000208,2.7984000000023546,1.0181999999992062,1.3600000000000279,-1.3800000000001589,-0.49000000000010147
1771516963.6975462,12.305109977722168,10.803062000000185,-0.12875303863327642,0.9197219678368028,1.5239999999998588,0.06894922256470148,-0.4925299286842044,1.5239999999999991,0.06894922256469727,-0.4925299286842346,-0.29960760474205017,0.06894922256469727,-0.4925299286842346,-0.36868212500009534,0.06586175929756691,-0.47047067097851847,0,0.0,0.0,0.0,0.0,0.0,0.0,0,0.0,0.0,0.0,0.0,0.0,0.0,1,6.934024901739875,-0.5185426323669328,0.5096229913726933,0.6303410053810634,-0.3922770452529133,0.4935241608193275,1,-3.0770000000005893,-3.7430000000003845,-2.0369999999997037,-0.8300000000001084,-0.9700000000001374,-0.5299999999999194,1,-1.6049999999991664,-1.379000000002881,-0.14099999999975144,0.050000000000105516,1.9899999999999367,0.20999999999998797,1,-0.684999999999866,-0.9819999999991178,-0.25599999999962775,0.04999999999999449,1.9200000000000332,0.5600000000000049,1,4.335000000000179,2.5329999999999666,-3.471999999999407,1.7500000000003624,0.5700000000001815,-0.7799999999997809,1,7.51147574825327,0.28680580406394707,0.6436275270771844,0.5217349782812524,-0.3151597579133373,0.5639795303992,1,3.8569999999967868,-3.7619999999988587,-0.08600000000002489,-0.26999999999999247,-1.9800000000000928,-0.03999999999999837,1,0.9640000000002125,4.151000000001057,-2.5590000000005597,-0.6399999999999739,1.4900000000004354,-0.9100000000001884,1,3.18400000000021,2.688000000002342,0.9789999999992028,1.3600000000000279,-1.3800000000001589,-0.48999999999999044
1771516963.7975261,12.405089855194092,10.950242000000134,-0.12204336403648991,0.8717925306763151,1.4369999999992444,0.06586176156997414,-0.47047066688532535,1.4369999999999992,0.0658617615699768,-0.470470666885376,-0.3686821162700653,0.0658617615699768,-0.470470666885376,-0.4334480000000891,0.0629316731037742,-0.449539914677832,0,0.0,0.0,0.0,0.0,0.0,0.0,0,0.0,0.0,0.0,0.0,0.0,0.0,1,6.995255458112135,-0.5481807685090321,0.5672750803647569,0.6311720145551911,-0.3919152148311619,0.49337591541125797,1,-3.1600000000006,-3.840000000000398,-2.0899999999996957,-0.8300000000001084,-0.9700000000001374,-0.5299999999999194,1,-1.5999999999991559,-1.1800000000028874,-0.1199999999997523,0.050000000000105516,1.9899999999999367,0.2100000000000018,1,-0.6799999999998666,-0.7899999999991145,-0.19999999999962725,0.04999999999999449,1.9200000000000332,0.5600000000000049,1,4.510000000000216,2.5899999999999848,-3.549999999999385,1.7500000000003624,0.5700000000001815,-0.7799999999997809,1,7.565404704068204,0.26226713557776665,0.7018077202273403,0.5209032097903724,-0.31461675324929705,0.564956048784001,1,3.8299999999967875,-3.959999999998868,-0.09000000000002473,-0.26999999999999247,-1.9800000000000928,-0.03999999999999837,1,0.9000000000002151,4.3000000000011,-2.6500000000005786,-0.6399999999999739,1.4900000000004354,-0.9100000000001884,1,3.320000000000213,2.550000000002326,0.9299999999992038,1.3600000000000279,-1.3800000000001589,-0.48999999999999044
1771516963.8971577,12.504721403121948,11.060558000000096,-0.11693264796178482,0.8352851387466872,1.350999999999658,0.06293167173862524,-0.4495398998261013,1.350999999999999,0.06293167173862457,-0.4495398998260498,-0.4334479868412018,0.06293167173862457,-0.4495398998260498,-0.4963750000000573,0.060044010909105064,-0.42891246301958497,0,0.0,0.0,0.0,0.0,0.0,0.0,0,0.0,0.0,0.0,0.0,0.0,0.0,1,7.044292680719637,-0.571422913385359,0.613610642724713,0.6317509736683877,-0.3915997203201595,0.4932452592773643,1,-3.226400000000609,-3.917600000000409,-2.132399999999689,-0.8300000000001084,-0.9700000000001374,-0.5299999999999194,1,-1.5963660793626104,-1.0218143250271152,-0.10236219503704054,0.038752765870489744,1.9600069722971483,0.2345550901147299,1,-0.6756136591473841,-0.635387944468429,-0.15602892512222574,0.06121021128473207,1.9499972058012798,0.5354285009126045,1,4.650000000000245,2.6355999999999993,-3.6123999999993677,1.7500000000003624,0.5700000000001815,-0.7799999999997809,1,7.608572557238598,0.24306369449210008,0.7485012916592608,0.5202408746234777,-0.3142089684679218,0.5657309186122915,1,3.808399999996788,-4.118399999998849,-0.0932000000000246,-0.26999999999999247,-1.9799999999996487,-0.03999999999999837,1,0.8488000000002172,4.419200000001135,-2.7228000000005936,-0.6399999999999739,1.4900000000004354,-0.9100000000001884,1,3.4288000000002152,2.4396000000023133,0.8907999999992046,1.3600000000000279,-1.3800000000001589,-0.48999999999999044
1771516963.9965174,12.604081153869629,11.190018000000126,-0.110812740537931,0.7915687951054026,1.2570000000007298,0.06004400923848019,-0.4289124608040096,1.256999999999999,0.06004400923848152,-0.4289124608039856,-0.4963749945163727,0.06004400923848152,-0.4289124608039856,-0.5592837368421479,0.057112884215743356,-0.4079745411755521,0,0.0,0.0,0.0,0.0,0.0,0.0,0,0.0,0.0,0.0,0.0,0.0,0.0,1,7.105645917390918,-0.599886358561662,0.6717928290156738,0.632426092395654,-0.3911945832762971,0.4930793952606236,1,-3.3094000000006196,-4.014600000000416,-2.185399999999681,-0.8300000000001084,-0.9699999999996933,-0.5299999999999194,1,-1.5922152854389255,-0.8254496835048037,-0.07918816389169277,0.04066499240717654,1.9663651193464886,0.2286612727645055,1,-0.6694721541836399,-0.44078602792360944,-0.10207184439867557,0.0593059664213062,1.9436383285147685,0.5413249901673763,1,4.825000000000281,2.6926000000000174,-3.6903999999993458,1.7500000000003624,0.5700000000001815,-0.7799999999997809,1,7.662560060247901,0.21959356074925537,0.8070531702525909,0.5194170294362165,-0.31371658735059976,0.5666904553775857,1,3.781399999996789,-4.316399999998814,-0.09720000000002443,-0.26999999999999247,-1.9799999999996487,-0.03999999999999837,1,0.7848000000002198,4.568200000001179,-2.8138000000006125,-0.6399999999999739,1.4900000000004354,-0.9100000000001884,1,3.564800000000218,2.3016000000022974,0.8417999999992055,1.3600000000000279,-1.3800000000001589,-0.48999999999999044
1771516964.0969114,12.704475164413452,11.30955400000017,-0.10500472502004067,0.7500803896393252,1.1650000000003047,0.057112883776425094,-0.4079745411872393,1.164999999999999,0.057112883776426315,-0.4079745411872864,-0.5592837333679199,0.057112883776426315,-0.4079745411872864,-0.6169108095238851,0.05435626834551967,-0.3882832029337039,0,0.0,0.0,0.0,0.0,0.0,0.0,0,0.0,0.0,0.0,0.0,0.0,0.0,1,7.1670553854258925,-0.627692529853241,0.7302630043777278,0.6330725580824598,-0.39078676754559777,0.49291606748155126,1,-3.3924000000006305,-4.111600000000386,-2.238399999999673,-0.8300000000001084,-0.9699999999996933,-0.5299999999999194,1,-1.587697154097042,-0.6284440041175354,-0.056528793770328996,0.04314672095805254,1.9735448544470469,0.2224987219358177,1,-0.6634151612924745,-0.24685919523957972,-0.0474658819888146,0.056833163833572266,1.9364576539060097,0.5474911528740101,1,5.000000000000317,2.7496000000000356,-3.768399999999324,1.7500000000003624,0.5700000000001815,-0.7799999999997809,1,7.716574690454582,0.19671767653939423,0.8658083358884839,0.5185977895993273,-0.31323657539776795,0.5676395725274104,1,3.7543999999967896,-4.514399999998779,-0.10120000000002427,-0.26999999999999247,-1.9799999999996487,-0.03999999999999837,1,0.7208000000002224,4.717200000001222,-2.9048000000006313,-0.6399999999999739,1.4900000000004354,-0.9100000000001884,1,3.700800000000221,2.1636000000022815,0.7927999999992065,1.3600000000000279,-1.3800000000001589,-0.48999999999999044
1771516964.1975641,12.8051278591156,11.397762000000144,-0.10057903825830412,0.7184663764442866,1.0689999999993205,0.054356269538397006,-0.38828319311146053,1.0689999999999988,0.05435626953840256,-0.3882831931114197,-0.6169108152389526,0.05435626953840256,-0.3882831931114197,-0.6725177000000873,0.05162620963847124,-0.3687815708799105,0,0.0,0.0,0.0,0.0,0.0,0.0,0,0.0,0.0,0.0,0.0,0.0,0.0,1,7.216219514637365,-0.6494628277370985,0.7772439907135162,0.6335765884122289,-0.39046126617054044,0.4927887905130078,1,-3.458800000000639,-4.189200000000361,-2.2807999999996666,-0.8300000000001084,-0.9699999999996933,-0.5299999999999194,1,-1.5838052248918784,-0.47031310241511687,-0.03880469809541327,0.04548525246583136,1.979620318081605,0.21762781319825675,1,-0.6587011498027598,-0.09226257972378761,-0.003304303742961056,0.054502117196584196,1.9303813185286072,0.5523655163918937,1,5.140000000000346,2.79520000000005,-3.8307999999993063,1.7500000000003624,0.5700000000001815,-0.7799999999997809,1,7.759803271756583,0.17884559757899526,0.9129572361519869,0.5179457250883711,-0.31285940172659177,0.5683913402959805,1,3.7327999999967902,-4.672799999998751,-0.10440000000002414,-0.26999999999999247,-1.9799999999996487,-0.03999999999999837,1,0.6696000000002245,4.836400000001257,-2.9776000000006464,-0.6399999999999739,1.4900000000004354,-0.9100000000001884,1,3.809600000000223,2.0532000000022688,0.7535999999992072,1.3600000000000279,-1.3800000000001589,-0.48999999999999044
1771516964.2971349,12.904698610305786,11.499210000000138,-0.09530175480585319,0.6807691514696509,0.9750000000003922,0.051626209169625126,-0.36878156661990236,0.9749999999999989,0.051626209169626236,-0.36878156661987305,-0.672517716884613,0.051626209169626236,-0.36878156661987305,-0.7232142000000588,0.049046696092764616,-0.3503553291721069,0,0.0,0.0,0.0,0.0,0.0,0.0,0,0.0,0.0,0.0,0.0,0.0,0.0,1,7.277715956522042,-0.6760808996821479,0.8362233225070612,0.6341938910851549,-0.39005656752850515,0.4926346612188617,1,-3.54180000000065,-4.28620000000033,-2.3337999999996586,-0.8300000000001084,-0.9699999999996933,-0.5299999999999194,1,-1.5785892402016133,-0.2719428002206035,-0.01716746655351488,0.04891689715294366,1.9876437966915248,0.2116568800024214,1,-0.6530569435296412,0.10026286710656727,0.052470150082447375,0.05108025378823984,1.922356590262791,0.5583415250742203,1,5.315000000000382,2.8522000000000682,-3.9087999999992844,1.7500000000003624,0.5700000000001815,-0.7799999999997809,1,7.813856749347448,0.1570423566197848,0.9720722991069356,0.5171347940219689,-0.31239542484374,0.5693217374110824,1,3.705799999996791,-4.870799999998716,-0.10840000000002398,-0.26999999999999247,-1.9799999999996487,-0.03999999999999837,1,0.6056000000002271,4.985400000001301,-3.0686000000006652,-0.6399999999999739,1.4900000000004354,-0.9100000000001884,1,3.945600000000226,1.9152000000022666,0.7045999999992082,1.3600000000000279,-1.3799999999999368,-0.48999999999999044
1771516964.3962848,13.003848552703857,11.590613000000099,-0.090311961322685,0.6451255528535278,0.8839999999992187,0.049046695232396464,-0.350355327129348,0.8839999999999989,0.04904669523239136,-0.350355327129364,-0.7232142090797424,0.04904669523239136,-0.350355327129364,-0.7669900238095968,0.046723997478869815,-0.33376359316025994,0,0.0,0.0,0.0,0.0,0.0,0.0,0,0.0,0.0,0.0,0.0,0.0,0.0,1,7.3392535751107495,-0.7020365408709355,0.8954806605888379,0.6347987484614666,-0.38965477467267934,0.4924863541174589,1,-3.624800000000661,-4.3832000000003,-2.3867999999996505,-0.8300000000001084,-0.9699999999996933,-0.5299999999999194,1,-1.5730986296146086,-0.07300142645758265,0.0040662034926363605,0.05000000000010357,1.9899999999999944,0.20999999999999974,1,-0.6476561488642478,0.29221296009849435,0.10866540557038534,0.04999999999995119,1.9200000000000084,0.5600000000000037,1,5.4900000000004185,2.9092000000000864,-3.9867999999992625,1.7500000000003624,0.5700000000001815,-0.7799999999997809,1,7.867926213185875,0.13583684319515085,1.03138391896643,0.5163284523122037,-0.3119392477840574,0.5702419434664332,1,3.6787999999967917,-5.068799999998681,-0.11240000000002381,-0.26999999999999247,-1.9799999999996487,-0.03999999999999837,1,0.5416000000002297,5.134400000001344,-3.159600000000684,-0.6399999999999739,1.4900000000004354,-0.9100000000001884,1,4.081600000000228,1.777200000002273,0.6555999999992091,1.3600000000000279,-1.3799999999999368,-0.48999999999999044
1771516964.497134,13.104697704315186,11.656351000000093,-0.08651132860000933,0.6179764882530611,0.7900000000002905,0.04672399908303704,-0.3337635993957422,0.7899999999999989,0.046723999083042145,-0.33376359939575195,-0.7669900059700012,0.046723999083042145,-0.33376359939575195,-0.80845692857147,0.04441651067564309,-0.31728051946731445,0,0.0,0.0,0.0,0.0,0.0,0.0,0,0.0,0.0,0.0,0.0,0.0,0.0,1,7.38853634153463,-0.7223315860159596,0.943081082372043,0.6351033258842048,-0.38924194290852493,0.49234100703369804,1,-3.6912000000006695,-4.460800000000275,-2.429199999999644,-0.8300000000001084,-0.9699999999996933,-0.5299999999999194,1,-1.5686977212381301,0.08616947605305471,0.021040766798096477,0.05000000000010357,1.9899999999999944,0.21000000000000107,1,-0.6433437576582783,0.44575520635010885,0.15363408242545187,0.049999999999951146,1.9200000000000084,0.5599999999999897,1,5.6300000000004475,2.954800000000101,-4.049199999999245,1.7500000000003624,0.5700000000001815,-0.7799999999997809,1,7.9111886780252885,0.11931238112598151,1.0789716146636297,0.5157111305595932,-0.31168260271799053,0.5709622614214757,1,3.6571999999967924,-5.2271999999986525,-0.11560000000002368,-0.26999999999999247,-1.9799999999996487,-0.03999999999999837,1,0.49040000000023176,5.253600000001379,-3.232400000000699,-0.6399999999999739,1.4900000000004354,-0.9100000000001884,1,4.19040000000023,1.666800000002278,0.6163999999992099,1.3600000000000279,-1.3799999999999368,-0.48999999999999044
1771516964.5965197,13.204083442687988,11.729681000000113,-0.08198430053110985,0.5856385616268532,0.700000000000145,0.04441650956868437,-0.31728053092960895,0.699999999999999,0.044416509568691254,-0.31728053092956543,-0.8084569573402405,0.044416509568691254,-0.31728053092956543,-0.8438405000000522,0.04232464555261545,-0.3023376967413149,0,0.0,0.0,0.0,0.0,0.0,0.0,0,0.0,0.0,0.0,0.0,0.0,0.0,1,7.4501276717658635,-0.7470872828533626,1.002825717158975,0.6358199683234591,-0.3888995221813764,0.492231538034142,1,-3.7742000000006803,-4.5578000000002445,-2.482199999999636,-0.8300000000001084,-0.9699999999996933,-0.5299999999999194,1,-1.563196585767532,0.28513310419135135,0.04225897092992174,0.0500000000001035,1.9900000000000222,0.21000000000000102,1,-0.6379532686508165,0.6376830141646269,0.20984492849428452,0.049999999999951146,1.9200000000000084,0.5599999999999897,1,5.805000000000484,3.011800000000119,-4.127199999999223,1.7500000000003624,0.5700000000001815,-0.7799999999997809,1,7.965280149924015,0.0991815183371461,1.138631851781568,0.514917803360854,-0.3112019515171671,0.5718625624450048,1,3.630199999996793,-5.425199999998617,-0.11960000000002352,-0.26999999999999247,-1.9799999999996487,-0.03999999999999837,1,0.42640000000023437,5.4026000000014225,-3.323400000000718,-0.6399999999999739,1.4900000000004354,-0.9100000000001884,1,4.326400000000233,1.5288000000022843,0.5673999999992109,1.3600000000000279,-1.3799999999999368,-0.48999999999999044
1771516964.6976259,13.305189609527588,11.79322000000017,-0.07769117179479271,0.5549714490975751,0.6090000000007478,0.04232464730739849,-0.30233770608900645,0.608999999999999,0.042324647307395935,-0.3023377060890198,-0.843840479850769,0.042324647307395935,-0.3023377060890198,-0.875603368421114,0.040297497886407685,-0.28785716931995153,0,0.0,0.0,0.0,0.0,0.0,0.0,0,0.0,0.0,0.0,0.0,0.0,0.0,1,7.511753959575131,-0.7711793180015679,1.0628417195488304,0.6364419026372853,-0.3885260407931085,0.4921099538375236,1,-3.857200000000691,-4.654800000000214,-2.535199999999628,-0.8300000000001084,-0.9699999999996933,-0.5299999999999194,1,-1.557695450296934,0.4840967323296503,0.06347717506174697,0.05000000000010348,1.9900000000000222,0.2099999999999976,1,-0.633640877444847,0.7912252604162414,0.25481360534935066,0.04999999999995115,1.9200000000000084,0.5599999999999926,1,5.945000000000513,3.0574000000001336,-4.1895999999992055,1.7500000000003624,0.5700000000001815,-0.7799999999997809,1,8.00855682733529,0.08351143108037544,1.1864966078552672,0.5142840829400197,-0.3108407641164229,0.5725768313329225,1,3.6085999999967937,-5.583599999998589,-0.12280000000002339,-0.26999999999999247,-1.9799999999996487,-0.03999999999999837,1,0.37520000000023646,5.521800000001457,-3.396200000000733,-0.6399999999999739,1.4900000000004354,-0.9100000000001884,1,4.435200000000235,1.4184000000022894,0.5281999999992116,1.3600000000000279,-1.3799999999999368,-0.48999999999999044
1771516964.796604,13.404167652130127,11.836564000000175,-0.07441872042383837,0.5315953423585319,0.5129999999997636,0.04029749706387087,-0.2878571748733405,0.512999999999999,0.0402974970638752,-0.28785717487335205,-0.8756033778190613,0.0402974970638752,-0.28785717487335205,-0.9047274285715208,0.0382672806543697,-0.27335471594078714,0,0.0,0.0,0.0,0.0,0.0,0.0,0,0.0,0.0,0.0,0.0,0.0,0.0,1,7.561073554523589,-0.7899727525263084,1.1110463513284143,0.6369084689709209,-0.3882199351428812,0.4920119482760753,1,-3.9236000000007,-4.732400000000189,-2.5775999999996215,-0.8300000000001084,-0.9699999999996933,-0.5299999999999194,1,-1.5532945419204556,0.6432676348402854,0.08045173836720662,0.05000000000010363,1.989999999999967,0.20999999999999414,1,-0.6282503884373851,0.9831530682307595,0.3110244514181833,0.049999999999951146,1.9200000000000084,0.5599999999999897,1,6.120000000000549,3.1144000000001517,-4.267599999999184,1.7500000000003624,0.5700000000001815,-0.7799999999997809,1,8.06265369126781,0.06446679702401069,1.2464962938445379,0.5134948403467894,-0.310404532943241,0.5734616080077294,1,3.5815999999967945,-5.781599999998554,-0.12680000000002387,-0.26999999999999247,-1.9799999999996487,-0.04000000000001225,1,0.31120000000023906,5.670800000001501,-3.487200000000752,-0.6399999999999739,1.4900000000004354,-0.9100000000001884,1,4.571200000000238,1.2804000000022957,0.4791999999992126,1.3600000000000279,-1.3799999999999368,-0.48999999999999044
1771516964.8965929,13.504156589508057,11.882069000000154,-0.07051281390305424,0.503694275280422,0.4179999999998074,0.03826728090644549,-0.2733547091483546,0.41799999999999904,0.03826728090643883,-0.273354709148407,-0.9047273993492126,0.03826728090643883,-0.273354709148407,-0.9289345000000822,0.03636414403039791,-0.2597600371155581,0,0.0,0.0,0.0,0.0,0.0,0.0,0,0.0,0.0,0.0,0.0,0.0,0.0,1,7.622740561441472,-0.8128624777184681,1.1715384521055534,0.6374708465384834,-0.38783530642858033,0.491892320494415,1,-4.006600000000708,-4.829400000000159,-2.6305999999996135,-0.8299999999997976,-0.9699999999996933,-0.5299999999999194,1,-1.5477934064498575,0.8422312629785788,0.10166994249903119,0.05000000000010363,1.989999999999967,0.20999999999999414,1,-0.6228598994299233,1.1750808760452776,0.36723529748701594,0.049999999999951146,1.9200000000000084,0.5599999999999897,1,6.295000000000585,3.17140000000017,-4.345599999999162,1.7500000000003624,0.5700000000001815,-0.7799999999997809,1,8.116747911673322,0.046026012575721434,1.3066812029495343,0.5127095496809476,-0.3099792120637851,0.574337276398414,1,3.554599999996795,-5.979599999998519,-0.1308000000000251,-0.26999999999999247,-1.9799999999996487,-0.04000000000001225,1,0.24720000000024153,5.819800000001544,-3.5782000000007708,-0.6399999999999877,1.4900000000004354,-0.9100000000001884,1,4.707200000000241,1.142400000002302,0.43019999999921354,1.3600000000000279,-1.3799999999999368,-0.48999999999999044
1771516964.9989874,13.606551170349121,11.917629000000186,-0.06680978960882687,0.4772424570824574,0.3220000000005996,0.036364145576950335,-0.2597600519657073,0.32199999999999906,0.03636414557695389,-0.2597600519657135,-0.9289345145225525,0.03636414557695389,-0.2597600519657135,-0.9487605000000752,0.03453361066879602,-0.24668398614505263,0,0.0,0.0,0.0,0.0,0.0,0.0,0,0.0,0.0,0.0,0.0,0.0,0.0,1,7.68442178798204,-0.8350816968607236,1.2322896698850387,0.6380178658375513,-0.38745148671989754,0.4917775048034441,1,-4.089600000000674,-4.926400000000128,-2.6835999999996054,-0.8299999999996643,-0.9699999999996933,-0.5299999999999194,1,-1.5422922709792595,1.0411948911168722,0.12288814663085576,0.05000000000010363,1.989999999999967,0.20999999999999414,1,-0.6174694104224614,1.3670086838597957,0.4234461435558486,0.049999999999951146,1.9200000000000084,0.5599999999999897,1,6.4700000000006215,3.228400000000188,-4.42359999999914,1.7500000000003624,0.5700000000001815,-0.7799999999997809,1,8.170835417263559,0.028189989227095057,1.3670488657035178,0.5119284906210086,-0.3095622031775394,0.5752038804124154,1,3.527599999996796,-6.177599999998484,-0.13480000000002632,-0.26999999999999247,-1.9799999999996487,-0.04000000000001225,1,0.18320000000024136,5.968800000001588,-3.6692000000007896,-0.6400000000000016,1.4900000000004354,-0.9100000000001884,1,4.843200000000244,1.0044000000023083,0.3811999999992145,1.3600000000000279,-1.3799999999999368,-0.48999999999999044
1771516965.0978959,13.705459594726562,11.94304000000014,-0.0633070039708522,0.4522210047747564,0.22899999999914655,0.034533612430096006,-0.24668398499488875,0.22899999999999907,0.03453361243009567,-0.2466839849948883,-0.9487605094909668,0.03453361243009567,-0.2466839849948883,-0.9636038000000973,0.03283020755445496,-0.23451606437096356,0,0.0,0.0,0.0,0.0,0.0,0.0,0,0.0,0.0,0.0,0.0,0.0,0.0,1,7.7461120667121435,-0.8566289791228998,1.2932964760316679,0.6385529019232511,-0.38706970130377927,0.4916681572830967,1,-4.1726000000006405,-5.023400000000097,-2.7365999999995974,-0.8299999999996643,-0.9699999999996933,-0.5299999999999194,1,-1.537891362602781,1.200365793627507,0.1398627099363164,0.05000000000010367,1.989999999999967,0.210000000000008,1,-0.6131570192164919,1.5205509301114102,0.4684148204109147,0.049999999999951146,1.9200000000000084,0.5599999999999897,1,6.6100000000006505,3.2740000000002025,-4.485999999999122,1.7500000000003624,0.5700000000001815,-0.7799999999997809,1,8.224912116596137,0.010959749213684427,1.4275967887583454,0.5111517424294816,-0.3091524849223736,0.5760615472658122,1,3.5059999999967966,-6.335999999998456,-0.1380000000000273,-0.26999999999999247,-1.9799999999996487,-0.04000000000001225,1,0.1192000000002412,6.1178000000016315,-3.7602000000008085,-0.6400000000000016,1.4900000000004354,-0.9100000000001884,1,4.952000000000246,0.8940000000023048,0.34199999999921527,1.3600000000000279,-1.380000000000048,-0.48999999999999044
1771516965.1970356,13.804599285125732,11.955945000000074,-0.06064140899818224,0.43317985717017105,0.13399999999919032,0.03283020853996066,-0.2345160692930337,0.13399999999999906,0.03283020853996277,-0.23451606929302216,-0.9636037945747375,0.03283020853996277,-0.23451606929302216,-0.9743288750000589,0.03119236584419296,-0.22281646813916023,0,0.0,0.0,0.0,0.0,0.0,0.0,0,0.0,0.0,0.0,0.0,0.0,0.0,1,7.795467454245675,-0.8733821233241003,1.3422836174280093,0.6389732409219075,-0.38676602189121445,0.49158477008124146,1,-4.239000000000614,-5.101000000000073,-2.778999999999591,-0.8299999999996643,-0.9699999999996933,-0.5299999999999194,1,-1.532390227132183,1.3993294217658003,0.16108091406814234,0.05000000000010367,1.989999999999967,0.210000000000008,1,-0.60776653020903,1.7124787379259283,0.5246256664797497,0.04999999999995129,1.9200000000000084,0.5600000000000451,1,6.785000000000687,3.3310000000002207,-4.5639999999991,1.7500000000003624,0.5700000000001815,-0.7799999999997809,1,8.268162936173368,-0.002387580215410361,1.4761632287443331,0.5105334526084964,-0.3088296534237408,0.5767413502711104,1,3.4789999999967973,-6.533999999998421,-0.14200000000002852,-0.26999999999999247,-1.9799999999996487,-0.04000000000001225,1,0.06800000000024106,6.237000000001666,-3.8330000000008235,-0.6400000000000016,1.4900000000004354,-0.9100000000001884,1,5.088000000000249,0.7560000000023,0.2929999999992162,1.3600000000000279,-1.380000000000048,-0.48999999999999044
1771516965.2977371,13.905300855636597,11.963454999999996,-0.057459934379568575,0.41045362556535525,0.03899999999923409,0.031192366033792884,-0.22281646728516957,0.03899999999999906,0.031192366033792496,-0.22281646728515625,-0.974328875541687,0.031192366033792496,-0.22281646728515625,-0.9805965000000203,0.02963454580476428,-0.21168849033394754,0,0.0,0.0,0.0,0.0,0.0,0.0,0,0.0,0.0,0.0,0.0,0.0,0.0,1,7.857186419055774,-0.8937229721744411,1.4037393279392338,0.6393420255050486,-0.38630521595914336,0.49145910816576743,1,-4.32200000000058,-5.198000000000042,-2.831999999999583,-0.8299999999996643,-0.9699999999996933,-0.5299999999999194,1,-1.526889091661585,1.5982930499040937,0.1822991181999683,0.05000000000010367,1.989999999999967,0.210000000000008,1,-0.6023760412015682,1.9044065457404464,0.5808365125485879,0.04999999999995129,1.9200000000000084,0.5600000000000451,1,6.960000000000723,3.388000000000239,-4.641999999999078,1.7500000000003624,0.5700000000001815,-0.7799999999997809,1,8.322207844958449,-0.0185169773597612,1.5370277652334137,0.5097889066041079,-0.3085285136441147,0.5775768057992571,1,3.451999999996798,-6.7319999999983855,-0.14600000000002974,-0.26999999999999247,-1.9799999999996487,-0.04000000000001225,1,0.004000000000240927,6.38600000000171,-3.9240000000008424,-0.6399999999999998,1.4900000000004354,-0.9100000000001884,1,5.2240000000002516,0.6180000000022953,0.24399999999921718,1.3600000000000279,-1.380000000000048,-0.48999999999999044
1771516965.398655,14.006218671798706,11.96105000000002,-0.05444195604663191,0.38889529744345547,-0.05799999999922534,0.029634546488521707,-0.21168848872182844,-0.05800000000000094,0.029634546488523483,-0.21168848872184753,-0.9805964827537537,0.029634546488523483,-0.21168848872184753,-0.9822502499999874,0.02814081732911908,-0.2010183378560269,0,0.0,0.0,0.0,0.0,0.0,0.0,0,0.0,0.0,0.0,0.0,0.0,0.0,1,7.918868905615333,-0.913379425743338,1.4654392705150285,0.6399663867088363,-0.385978301941642,0.49139074676978634,1,-4.4050000000005465,-5.2950000000000115,-2.884999999999575,-0.8299999999996643,-0.9699999999996933,-0.5299999999999194,1,-1.5213879561909869,1.797256678042387,0.20351732233179426,0.05000000000010367,1.989999999999967,0.210000000000008,1,-0.5969855521941063,2.0963343535549535,0.6370473586174261,0.04999999999995191,1.9199999999997863,0.5600000000000456,1,7.135000000000759,3.445000000000257,-4.7199999999990565,1.7500000000003624,0.5700000000001815,-0.7799999999997809,1,8.376235993515106,-0.03404946196088853,1.5980681723121652,0.5090284334281459,-0.30810371958789684,0.5784083622460816,1,3.424999999996799,-6.92999999999835,-0.15000000000003097,-0.26999999999999247,-1.9799999999996487,-0.04000000000001225,1,-0.05999999999975919,6.535000000001753,-4.015000000000861,-0.6400000000000016,1.4900000000004354,-0.9100000000001884,1,5.360000000000254,0.4800000000022913,0.19499999999921813,1.3600000000000279,-1.3799999999999921,-0.48999999999999044
1771516965.4974444,14.105008125305176,11.95153400000006,-0.05215035999905158,0.3725257365759082,-0.1499999999996504,0.028140816837551874,-0.2010183334350546,-0.15000000000000094,0.02814081683754921,-0.2010183334350586,-0.9822502732276917,0.02814081683754921,-0.2010183334350586,-0.9793560000000205,0.02678131444735378,-0.19130699939558232,0,0.0,0.0,0.0,0.0,0.0,0.0,0,0.0,0.0,0.0,0.0,0.0,0.0,1,7.968213321442662,-0.9286191753500052,1.5149761286475425,0.640402474876675,-0.38569559422993055,0.49132801208295723,1,-4.47140000000052,-5.372599999999987,-2.9273999999995683,-0.8299999999996643,-0.9699999999996933,-0.5299999999999194,1,-1.5169870478145084,1.9564275805530218,0.22049188563725503,0.05000000000010367,1.989999999999967,0.210000000000008,1,-0.5926731609881368,2.24987659980655,0.6820160354724967,0.04999999999995191,1.9199999999997863,0.5600000000000456,1,7.275000000000788,3.4906000000002715,-4.782399999999039,1.7500000000003624,0.5700000000001815,-0.7799999999997809,1,8.419439484759625,-0.04603504520815604,1.6470233390441527,0.5084210743251193,-0.30778463029682035,0.5790685509177881,1,3.4033999999967994,-7.088399999998322,-0.15320000000003195,-0.26999999999999247,-1.9799999999996487,-0.04000000000001225,1,-0.11119999999975932,6.654200000001788,-4.087800000000876,-0.6400000000000016,1.4900000000004354,-0.9100000000001884,1,5.468800000000257,0.36960000000229193,0.1557999999992189,1.3600000000000279,-1.3799999999999921,-0.48999999999999044
1771516965.5966048,14.204168558120728,11.931047000000113,-0.049416488924657956,0.3529968722965194,-0.2429999999993271,0.02678131498396602,-0.19130699336528112,-0.24300000000000094,0.026781314983963966,-0.19130699336528778,-0.9793559908866882,0.026781314983963966,-0.19130699336528778,-0.9724094750000374,0.025472089727659783,-0.18195481277869985,0,0.0,0.0,0.0,0.0,0.0,0.0,0,0.0,0.0,0.0,0.0,0.0,0.0,1,8.029883857505352,-0.9470598124316294,1.5771138412023948,0.6409115693122684,-0.3853332047195185,0.49124878279887546,1,-4.554400000000486,-5.469599999999956,-2.9803999999995603,-0.8299999999996643,-0.9699999999996933,-0.5299999999999194,1,-1.5114859123439104,2.1553912086913325,0.24171008976908098,0.05000000000010306,1.990000000000189,0.2100000000000078,1,-0.587282671980675,2.441804407621046,0.7382268815413349,0.04999999999995191,1.9199999999997863,0.5600000000000456,1,7.450000000000824,3.5476000000002896,-4.860399999999017,1.7500000000003624,0.5700000000001815,-0.7799999999997809,1,8.473416696165076,-0.060466887919558954,1.7083688216592525,0.5076646682582111,-0.3073993088631409,0.5798868857570133,1,3.3763999999968,-7.286399999998287,-0.15720000000003317,-0.26999999999999247,-1.9799999999996487,-0.04000000000001225,1,-0.1751999999997595,6.803200000001832,-4.178800000000895,-0.6400000000000016,1.4900000000004354,-0.9100000000001884,1,5.604800000000259,0.2316000000022927,0.10679999999921932,1.3600000000000279,-1.3799999999999921,-0.4900000000000043
1771516965.6965654,14.304129123687744,11.900516000000083,-0.04682607552375461,0.33449276884455287,-0.3360000000007801,0.025472089648245766,-0.18195481598376473,-0.33600000000000096,0.025472089648246765,-0.18195481598377228,-0.9724094867706299,0.025472089648246765,-0.18195481598377228,-0.9607513250000643,0.024216685080499376,-0.172987079498712,0,0.0,0.0,0.0,0.0,0.0,0.0,0,0.0,0.0,0.0,0.0,0.0,0.0,1,8.09153706116121,-0.9648221606760949,1.6394883594088554,0.6413992914783212,-0.38496826475328677,0.4911725964163332,1,-4.6374000000004525,-5.566599999999926,-3.0333999999995522,-0.8299999999996643,-0.9699999999996933,-0.5299999999999194,1,-1.5059847768733123,2.354354836829648,0.2629282939009053,0.050000000000102976,1.990000000000189,0.20999999999998004,1,-0.5818921829732131,2.633732215435542,0.7944377276101731,0.04999999999995191,1.9199999999997863,0.5600000000000456,1,7.625000000000861,3.604600000000308,-4.938399999998995,1.7500000000003624,0.5700000000001815,-0.7799999999997809,1,8.527359908623474,-0.07428712814137743,1.7698803224197412,0.5069119923993858,-0.3070236552427612,0.5806973905161271,1,3.349399999996801,-7.484399999998252,-0.1612000000000344,-0.26999999999999247,-1.9799999999996487,-0.04000000000001225,1,-0.23919999999975966,6.952200000001875,-4.269800000000914,-0.6400000000000016,1.4900000000004354,-0.9100000000001884,1,5.740800000000262,0.09360000000229314,0.05779999999921896,1.3600000000000279,-1.380000000000006,-0.48999999999999744
1771516965.7969224,14.404486179351807,11.868791000000023,-0.04485233396630543,0.32039373842437036,-0.43100000000073635,0.024216685444118646,-0.17298707365986932,-0.43100000000000094,0.024216685444116592,-0.17298707365989685,-0.9607513546943665,0.024216685444116592,-0.17298707365989685,-0.9452340714286009,0.02305210993395495,-0.16466816815798613,0,0.0,0.0,0.0,0.0,0.0,0.0,0,0.0,0.0,0.0,0.0,0.0,0.0,1,8.140843371134773,-0.9785428141854612,1.6895559550753452,0.6417795954637983,-0.3846766300378799,0.49111497483849165,1,-4.703800000000426,-5.644199999999901,-3.075799999999546,-0.8299999999996643,-0.9699999999996933,-0.5299999999999194,1,-1.501583868496834,2.5135257393403005,0.2799028572063638,0.050000000000102976,1.990000000000189,0.20999999999998004,1,-0.5775797917672436,2.7872744616871388,0.8394064044652436,0.04999999999995191,1.9199999999997863,0.5600000000000456,1,7.76500000000089,3.6502000000003223,-5.000799999998978,1.7500000000003624,0.5700000000001815,-0.7799999999997809,1,8.570487213459202,-0.08490253451141964,1.8192073408600276,0.5063127043245169,-0.3067284816942152,0.5813401696606446,1,3.3277999999968015,-7.642799999998224,-0.16440000000003538,-0.26999999999999247,-1.9799999999996487,-0.04000000000001225,1,-0.290399999999758,7.07140000000191,-4.342600000000929,-0.6399999999999739,1.4900000000004354,-0.9100000000001884,1,5.849600000000264,-0.016799999997706965,0.01859999999921908,1.3600000000000279,-1.3799999999999994,-0.4900000000000008
1771516965.8964164,14.503980159759521,11.820203999999968,-0.04249937540817814,0.303585846221042,-0.524000000000413,0.023052109405397037,-0.16466817259785937,-0.5240000000000009,0.02305210940539837,-0.16466817259788513,-0.9452340602874756,0.02305210940539837,-0.16466817259788513,-0.9247367999999963,0.021895612597855676,-0.15640695950368588,0,0.0,0.0,0.0,0.0,0.0,0.0,0,0.0,0.0,0.0,0.0,0.0,0.0,1,8.20245160455758,-0.9950811889646779,1.7523474310648812,0.6422453542001779,-0.38431348183551417,0.4910476299884043,1,-4.786800000000392,-5.74119999999987,-3.1287999999995377,-0.8299999999996643,-0.9699999999996933,-0.5299999999999194,1,-1.4960827330262358,2.712489367478616,0.301121061338187,0.050000000000102976,1.990000000000189,0.20999999999998004,1,-0.5721893027597817,2.9792022695016347,0.8956172505340818,0.04999999999995191,1.9199999999997863,0.5600000000000456,1,7.940000000000926,3.7072000000003404,-5.078799999998956,1.7500000000003624,0.5700000000001815,-0.7799999999997809,1,8.624358760032122,-0.0976201904555022,1.8810112210915557,0.5055672187090792,-0.3063653797609204,0.582136696531092,1,3.3007999999968023,-7.840799999998189,-0.1684000000000366,-0.26999999999999247,-1.9799999999996487,-0.04000000000001225,1,-0.3543999999997554,7.220400000001954,-4.433600000000948,-0.6399999999999739,1.4900000000004354,-0.9100000000001884,1,5.985600000000267,-0.15479999999770705,-0.030400000000780976,1.3600000000000279,-1.3799999999999921,-0.4900000000000008
1771516965.9974442,14.605007886886597,11.76172399999993,-0.040268180204218164,0.287647746955943,-0.6190000000003693,0.02189561352133884,-0.15640695393087656,-0.6190000000000009,0.02189561352133751,-0.1564069539308548,-0.9247367978096008,0.02189561352133751,-0.1564069539308548,-0.899431999999976,0.02079095850774925,-0.14851608209589778,0,0.0,0.0,0.0,0.0,0.0,0.0,0,0.0,0.0,0.0,0.0,0.0,0.0,1,8.264027784992466,-1.0109381512360058,1.8153656218255365,0.6427016807669081,-0.3839522784997099,0.49098568827077554,1,-4.8698000000003585,-5.83819999999984,-3.1817999999995297,-0.8299999999996643,-0.9699999999996933,-0.5299999999999194,1,-1.4905815975556378,2.9114529956169317,0.3223392654700102,0.050000000000102976,1.990000000000189,0.20999999999998004,1,-0.5667988137523199,3.1711300773161306,0.95182809660292,0.04999999999995191,1.9199999999997863,0.5600000000000456,1,8.115000000000904,3.7642000000003586,-5.156799999998934,1.7499999999994742,0.5700000000001815,-0.7799999999997809,1,8.678184639490278,-0.1097242548005661,1.9429739104953068,0.504825762151817,-0.306008386725901,0.5829256246048378,1,3.273799999996803,-8.038799999998155,-0.17240000000003783,-0.26999999999999247,-1.9799999999996487,-0.04000000000001225,1,-0.4183999999997528,7.369400000001997,-4.524600000000967,-0.6399999999999739,1.4900000000004354,-0.9100000000001884,1,6.12160000000027,-0.2927999999977063,-0.07940000000078096,1.3600000000000279,-1.3799999999999921,-0.4900000000000043
1771516966.0977683,14.705332040786743,11.707643999999902,-0.0385695545502359,0.27551395217139685,-0.7140000000003255,0.020790958777071322,-0.14851608872412658,-0.7140000000000009,0.020790958777070045,-0.14851608872413635,-0.8994320034980774,0.020790958777070045,-0.14851608872413635,-0.8698309473683796,0.019757053691774197,-0.14113058893346564,0,0.0,0.0,0.0,0.0,0.0,0.0,0,0.0,0.0,0.0,0.0,0.0,0.0,1,8.313293622323469,-1.0231389959476407,1.8659434164431086,0.6428282441756338,-0.38354751573836426,0.4908947646587265,1,-4.936200000000332,-5.915799999999815,-3.2241999999995232,-0.8299999999996643,-0.9699999999996933,-0.5299999999999194,1,-1.4861806891791594,3.070623898127584,0.33931382877546873,0.050000000000102976,1.990000000000189,0.20999999999998004,1,-0.5624864225463504,3.3246723235677274,0.9967967734579906,0.04999999999995191,1.9199999999997863,0.5600000000000456,1,8.255000000000862,3.809800000000373,-5.219199999998916,1.7499999999994742,0.5700000000001815,-0.7799999999997809,1,8.721205586062668,-0.11895513533325408,1.992654292335607,0.5042560510603463,-0.30584782695334123,0.583548632835371,1,3.2521999999968036,-8.197199999998126,-0.1756000000000388,-0.26999999999999247,-1.9799999999996487,-0.04000000000001225,1,-0.4695999999997507,7.488600000002032,-4.597400000000982,-0.6399999999999739,1.4900000000004354,-0.9100000000001884,1,6.230400000000272,-0.40319999999770567,-0.1186000000007813,1.3600000000000279,-1.3799999999999921,-0.4900000000000043
1771516966.196336,14.803899765014648,11.630911999999896,-0.03655456083792986,0.26112024474699336,-0.7999999999999119,0.01975705288350532,-0.14113058149817226,-0.8000000000000008,0.01975705288350582,-0.14113058149814606,-0.8698309659957886,0.01975705288350582,-0.14113058149814606,-0.8390750476189925,0.01886058388504937,-0.13472683477963318,0,0.0,0.0,0.0,0.0,0.0,0.0,0,0.0,0.0,0.0,0.0,0.0,0.0,1,8.374787889831085,-1.0377637237944553,1.9293544805350809,0.6434404547124596,-0.3832596843937434,0.4908791942344455,1,-5.019200000000298,-6.0127999999997845,-3.277199999999515,-0.8299999999996643,-0.9699999999996933,-0.5299999999999194,1,-1.4806795537085613,3.2695875262658998,0.3605320329072919,0.050000000000102976,1.990000000000189,0.20999999999998004,1,-0.5570959335388885,3.5166001313822233,1.0530076195268288,0.04999999999995191,1.9199999999997863,0.5600000000000456,1,8.43000000000081,3.8668000000003913,-5.297199999998894,1.7499999999994742,0.5700000000001815,-0.7799999999997809,1,8.774942741357933,-0.12995799904213123,2.054897802282676,0.5035279054155072,-0.3054521883757243,0.5843212322555132,1,3.2251999999968044,-8.395199999998091,-0.17960000000004003,-0.26999999999999247,-1.9799999999996487,-0.04000000000001225,1,-0.5335999999997482,7.637600000002076,-4.688400000001001,-0.6399999999999739,1.4900000000004354,-0.9100000000001884,1,6.366400000000275,-0.5411999999977065,-0.16760000000078054,1.3600000000000279,-1.380000000000048,-0.48999999999999044
1771516966.2987041,14.906267881393433,11.548215823006073,-0.0346407118939214,0.24744904494840972,-0.8390750288960191,0.01886058412492453,-0.13472683727741575,-0.8390750288963318,0.018860584124922752,-0.13472683727741241,-0.8390750288963318,0.018860584124922752,-0.13472683727741241,-0.8016161159784971,0.017941469590543133,-0.12816132443995196,0,0.0,0.0,0.0,0.0,0.0,0.0,0,0.0,0.0,0.0,0.0,0.0,0.0,1,8.436246322840496,-1.0517071796601427,1.9929869317776023,0.6439357371667895,-0.3829298124827207,0.4908456890652679,1,-5.085600000000271,-6.09039999999976,-3.3195999999995087,-0.8299999999996643,-0.9699999999996933,-0.5299999999999194,1,-1.4762786453320829,3.4287584287765522,0.37750659621275046,0.050000000000102976,1.990000000000189,0.20999999999998004,1,-0.552783542332919,3.67014237763382,1.0979762963818993,0.04999999999995191,1.9199999999997863,0.5600000000000456,1,8.605000000000757,3.9238000000004094,-5.375199999998872,1.7499999999994742,0.5700000000001815,-0.7799999999997809,1,8.81789093915094,-0.13831491575470442,2.1048015230979202,0.5029452883406959,-0.3051633122322059,0.5849355646212689,1,3.198199999996805,-8.593199999998056,-0.18360000000004126,-0.26999999999999247,-1.9799999999996487,-0.04000000000001225,1,-0.5975999999997456,7.786600000002119,-4.7794000000010195,-0.6399999999999739,1.4900000000004354,-0.9100000000001884,1,6.475200000000277,-0.6515999999977103,-0.20680000000077978,1.3600000000000279,-1.380000000000048,-0.48999999999999044
1771516966.3966234,15.004187107086182,11.483262436699336,-0.03318517382222952,0.23705169761736264,-0.801616132259042,0.01794146932661278,-0.12816132605075747,-0.8016161322593689,0.017941469326615334,-0.12816132605075836,-0.8016161322593689,0.017941469326615334,-0.12816132605075836,-0.7633010751483083,0.017077649963292123,-0.12199080046991043,0,0.0,0.0,0.0,0.0,0.0,0.0,0,0.0,0.0,0.0,0.0,0.0,0.0,1,8.485379580829013,-1.0623697005882282,2.044048037676669,0.6442959307901187,-0.38265512718215167,0.4908162835617579,1,-5.168600000000238,-6.187399999999729,-3.3725999999995007,-0.8299999999996643,-0.9699999999996933,-0.5299999999999194,1,-1.4707775098614848,3.627722056914868,0.39872480034457364,0.050000000000102976,1.990000000000189,0.20999999999998004,1,-0.5473930533254572,3.862070185448316,1.1541871424507375,0.04999999999995191,1.9199999999997863,0.5600000000000456,1,8.745000000000715,3.969400000000424,-5.437599999998855,1.7499999999994742,0.5700000000001815,-0.7799999999997809,1,8.871521005964127,-0.14820546865595075,2.1673153088636017,0.5022190996818356,-0.30481873651891417,0.5856978117839209,1,3.1765999999968058,-8.751599999998028,-0.18680000000004224,-0.26999999999999247,-1.9799999999996487,-0.04000000000001225,1,-0.6487999999997435,7.905800000002154,-4.852200000001035,-0.6399999999999739,1.4900000000004354,-0.9100000000001884,1,6.61120000000028,-0.7895999999977151,-0.25580000000077885,1.3600000000000279,-1.380000000000048,-0.48999999999999044
1771516966.4973273,15.104891061782837,11.405552987169694,-0.031446311270480976,0.22463047868568695,-0.7633010745049518,0.017077650874851302,-0.12199079990388162,-0.7633010745048523,0.017077650874853134,-0.12199079990386963,-0.7633010745048523,0.017077650874853134,-0.12199079990386963,-0.7260725023803491,0.016244369514304156,-0.11603842695037062,0,0.0,0.0,0.0,0.0,0.0,0.0,0,0.0,0.0,0.0,0.0,0.0,0.0,1,8.546748080569309,-1.0750813657544842,2.1080645061069996,0.644724239375752,-0.3823075716887352,0.4907811838328898,1,-5.235000000000211,-6.264999999999705,-3.414999999999494,-0.8299999999996643,-0.9699999999996933,-0.5299999999999194,1,-1.4652763743908868,3.8266856850531834,0.4199430044763968,0.050000000000102976,1.990000000000189,0.20999999999998004,1,-0.5430806621194877,4.015612431699917,1.199155819305808,0.04999999999995078,1.920000000000186,0.560000000000045,1,8.885000000000673,4.015000000000427,-5.499999999998837,1.7499999999994742,0.5699999999997374,-0.7799999999997809,1,8.914378361425795,-0.1556735562135145,2.217432056187578,0.501640455454615,-0.3045508858241718,0.5863028290595353,1,3.1495999999968065,-8.949599999997993,-0.19080000000004346,-0.26999999999999247,-1.9799999999996487,-0.04000000000001225,1,-0.7127999999997409,8.054800000002198,-4.943200000001053,-0.6399999999999739,1.4900000000004354,-0.9100000000001884,1,6.747200000000283,-0.9275999999977199,-0.3048000000007779,1.3600000000000279,-1.380000000000048,-0.48999999999999044
1771516966.5972917,15.20485544204712,11.346462016176668,-0.030124263159593496,0.2151866904701683,-0.7260724902149462,0.01624436862766865,-0.11603842675686482,-0.7260724902153015,0.016244368627667427,-0.11603842675685883,-0.7260724902153015,0.016244368627667427,-0.11603842675685883,-0.6919759007195836,0.015481510480431171,-0.11058909524084043,0,0.0,0.0,0.0,0.0,0.0,0.0,0,0.0,0.0,0.0,0.0,0.0,0.0,1,8.595800744877423,-1.0847569085674085,2.1594273011374012,0.6450562767446056,-0.38202891427467905,0.49075587558538014,1,-5.318000000000177,-6.361999999999674,-3.467999999999486,-0.8299999999996643,-0.9699999999996933,-0.5299999999999194,1,-1.4608754660144083,3.985856587563836,0.43691756778185536,0.050000000000102976,1.990000000000189,0.20999999999998004,1,-0.5376901731120258,4.207540239514457,1.2553666653746463,0.04999999999995065,1.9200000000002304,0.560000000000045,1,9.06000000000062,4.072000000000401,-5.5779999999988155,1.7499999999994742,0.5699999999997374,-0.7799999999997809,1,8.967888173826605,-0.16445302073173984,2.2802079405642144,0.5009203639710977,-0.304222817545607,0.5870530538184735,1,3.127999999996807,-9.107999999997965,-0.19400000000004444,-0.26999999999999247,-1.9799999999996487,-0.04000000000001225,1,-0.7639999999997388,8.174000000002232,-5.0160000000010685,-0.6399999999999739,1.4900000000004354,-0.9100000000001884,1,6.856000000000285,-1.0379999999977207,-0.34400000000077713,1.3600000000000279,-1.3799999999999368,-0.48999999999999044
1771516966.6968026,15.30436635017395,11.275934659671323,-0.028546360660938453,0.20391525706458952,-0.6919758915895358,0.015481510199606002,-0.11058909446001741,-0.6919758915901184,0.015481510199606419,-0.11058909446001053,-0.6919758915901184,0.015481510199606419,-0.11058909446001053,-0.658380618637552,0.014729884881357604,-0.10522000681886526,0,0.0,0.0,0.0,0.0,0.0,0.0,0,0.0,0.0,0.0,0.0,0.0,0.0,1,8.6570594559857,-1.0962334560708877,2.2238147411822813,0.6454619456158268,-0.3816813103010906,0.49072847732797964,1,-5.401000000000144,-6.4589999999996435,-3.520999999999478,-0.8299999999996643,-0.9699999999996933,-0.5299999999999194,1,-1.4553743305438103,4.1848202157021515,0.45813577191367855,0.050000000000102976,1.990000000000189,0.20999999999998004,1,-0.532299684104564,4.399468047328997,1.3115775114434844,0.04999999999995065,1.9200000000002304,0.560000000000045,1,9.235000000000568,4.129000000000374,-5.6559999999987935,1.7499999999994742,0.5699999999997374,-0.7799999999997809,1,9.021325290244349,-0.17261472950291065,2.343125737318914,0.5002039605683561,-0.3039008991789135,0.5877966024603671,1,3.100999999996808,-9.30599999999793,-0.19800000000004567,-0.26999999999999247,-1.9799999999996487,-0.04000000000001225,1,-0.8279999999997362,8.323000000002276,-5.107000000001087,-0.6399999999999739,1.4900000000004354,-0.9100000000001884,1,6.992000000000288,-1.1759999999977144,-0.3930000000007762,1.3600000000000279,-1.3799999999999368,-0.48999999999999044
1771516966.7968383,15.404402017593384,11.209021548461473,-0.027049320191739144,0.19322144570756766,-0.6583806276321269,0.014729884453116432,-0.10522000491619554,-0.6583806276321411,0.014729884453117847,-0.1052200049161911,-0.6583806276321411,0.014729884453117847,-0.1052200049161911,-0.6256192686317128,0.013996918349265083,-0.09998420591855467,0,0.0,0.0,0.0,0.0,0.0,0.0,0,0.0,0.0,0.0,0.0,0.0,0.0,1,8.718249992787893,-1.107022852543755,2.2884032452416987,0.6458589397603607,-0.38133511153980787,0.49070609232407714,1,-5.48400000000011,-6.555999999999613,-3.57399999999947,-0.8299999999996643,-0.9699999999996933,-0.5299999999999194,1,-1.4498731950732122,4.383783843840467,0.47935397604550173,0.050000000000102976,1.990000000000189,0.20999999999998004,1,-0.5269091950971021,4.591395855143538,1.3677883575123226,0.04999999999995065,1.9200000000002304,0.560000000000045,1,9.410000000000515,4.186000000000348,-5.733999999998772,1.7499999999994742,0.5699999999997374,-0.7799999999997809,1,9.074685470661798,-0.18015824679500556,2.4061827718530795,0.49949126841686786,-0.30358451532421427,0.5885335694301379,1,3.0739999999968086,-9.503999999997895,-0.2020000000000469,-0.26999999999999247,-1.9799999999996487,-0.04000000000001225,1,-0.8919999999997336,8.47200000000232,-5.198000000001106,-0.6399999999999739,1.4900000000004354,-0.9100000000001884,1,7.1280000000002905,-1.3139999999977081,-0.4420000000007752,1.3600000000000279,-1.3799999999999368,-0.48999999999999044
1771516966.896761,15.504324674606323,11.158120210361021,-0.025910509586928487,0.1850865784417467,-0.6256192922595716,0.013996918685733883,-0.09998420625925708,-0.6256192922592163,0.013996918685734272,-0.09998420625925064,-0.6256192922592163,0.013996918685734272,-0.09998420625925064,-0.5950674533364939,0.013313385613466639,-0.09510152554826837,0,0.0,0.0,0.0,0.0,0.0,0.0,0,0.0,0.0,0.0,0.0,0.0,0.0,1,8.767150010310331,-1.1151592199287765,2.3402164491883957,0.6461708531495899,-0.38105932206593807,0.4906918647856749,1,-5.550400000000083,-6.633599999999588,-3.6163999999994636,-0.8299999999996643,-0.9699999999996933,-0.5299999999999194,1,-1.4454722866967338,4.5429547463511195,0.4963285393509603,0.050000000000102976,1.990000000000189,0.20999999999998004,1,-0.5225968038911326,4.74493810139517,1.4127570343673932,0.04999999999995065,1.9200000000002304,0.560000000000045,1,9.550000000000473,4.231600000000327,-5.796399999998754,1.7499999999994742,0.5699999999997374,-0.7799999999997809,1,9.117315363786158,-0.1857476761641067,2.4567268433941134,0.498923775008393,-0.3033352008801464,0.5891184798181449,1,3.052399999996809,-9.662399999997866,-0.20520000000004787,-0.26999999999999247,-1.9799999999996487,-0.04000000000001225,1,-0.9431999999997315,8.591200000002354,-5.270800000001121,-0.6399999999999739,1.4900000000004354,-0.9100000000001884,1,7.236800000000293,-1.424399999997703,-0.48120000000077445,1.3600000000000279,-1.3799999999999368,-0.48999999999999044
1771516966.996741,15.604304790496826,11.097452495884466,-0.02455319676607678,0.17539088387597312,-0.5950674414627599,0.013313385657964805,-0.09510152786970649,-0.5950674414634705,0.013313385657966137,-0.09510152786970139,-0.5950674414634705,0.013313385657966137,-0.09510152786970139,-0.5662949057378004,0.012669660245321158,-0.09050320133223504,0,0.0,0.0,0.0,0.0,0.0,0.0,0,0.0,0.0,0.0,0.0,0.0,0.0,1,8.82823201967938,-1.1247137070391726,2.4051594816516504,0.646383107950236,-0.38062417250622327,0.49064578825591426,1,-5.63340000000005,-6.730599999999558,-3.6693999999994555,-0.8299999999996643,-0.9699999999996933,-0.5299999999999194,1,-1.4399711512261357,4.741918374489435,0.5175467434827835,0.050000000000102976,1.990000000000189,0.20999999999998004,1,-0.5172063148836707,4.93686590920971,1.4689678804362314,0.04999999999995065,1.9200000000002304,0.560000000000045,1,9.72500000000042,4.288600000000301,-5.874399999998732,1.7499999999994742,0.5699999999997374,-0.7799999999997809,1,9.17052288672277,-0.19216932926751845,2.520025559397927,0.4982396280395932,-0.3031315369696851,0.5898422019757765,1,3.02539999999681,-9.860399999997831,-0.2092000000000491,-0.26999999999999247,-1.9799999999996487,-0.04000000000001225,1,-1.007199999999729,8.740200000002398,-5.36180000000114,-0.6399999999999739,1.4900000000004354,-0.9100000000001884,1,7.372800000000296,-1.5623999999976967,-0.5302000000007735,1.3600000000000279,-1.3799999999999368,-0.48999999999999044
1771516967.0972278,15.70479154586792,11.039931056511003,-0.023266275260260653,0.1661980156506967,-0.5662949085234459,0.012669660151003181,-0.09050320088863084,-0.5662949085235596,0.012669660151004791,-0.09050320088863373,-0.5662949085235596,0.012669660151004791,-0.09050320088863373,-0.5384096750153056,0.012045786707610003,-0.08604668455382783,0,0.0,0.0,0.0,0.0,0.0,0.0,0,0.0,0.0,0.0,0.0,0.0,0.0,1,8.889197110659987,-1.1335742907233024,2.4702871886586677,0.6468917950503107,-0.3803364962119381,0.49066601904933094,1,-5.716400000000016,-6.827599999999527,-3.7223999999994475,-0.8299999999996643,-0.9699999999996933,-0.5299999999999194,1,-1.4344700157555377,4.940882002627751,0.5387649476146067,0.050000000000102976,1.990000000000189,0.20999999999998004,1,-0.5118158258762089,5.128793717024251,1.5251787265050696,0.04999999999995065,1.9200000000002304,0.560000000000045,1,9.900000000000368,4.345600000000275,-5.95239999999871,1.7499999999994742,0.5699999999997374,-0.7799999999997809,1,9.223649121464499,-0.19798351972045505,2.5834597479619767,0.49754189211053124,-0.3027914004711672,0.5905589076771327,1,2.9983999999968107,-10.058399999997796,-0.21320000000005032,-0.26999999999999247,-1.9799999999996487,-0.04000000000001225,1,-1.0711999999997264,8.889200000002441,-5.452800000001159,-0.6399999999999739,1.4900000000004354,-0.9100000000001884,1,7.508800000000298,-1.7003999999976904,-0.5792000000007725,1.3600000000000279,-1.3799999999999368,-0.48999999999999044
1771516967.1967685,15.804332256317139,10.996133267771848,-0.02228639161366813,0.15919841126162515,-0.5384096503249225,0.012045786716045198,-0.0860466882586508,-0.5384096503257751,0.012045786716043949,-0.08604668825864792,-0.5384096503257751,0.012045786716043949,-0.08604668825864792,-0.5116988876093886,0.011448188891732044,-0.08177786323528277,0,0.0,0.0,0.0,0.0,0.0,0.0,0,0.0,0.0,0.0,0.0,0.0,0.0,1,8.937912772595633,-1.1401676676776025,2.522527445633169,0.6472297764632778,-0.38008165301344976,0.49067209504507137,1,-5.782799999999989,-6.905199999999502,-3.764799999999441,-0.8299999999996643,-0.9699999999996933,-0.5299999999999194,1,-1.4300691073790592,5.100052905138403,0.5557395109200652,0.050000000000102976,1.990000000000189,0.20999999999998004,1,-0.5075034346702394,5.282335963275883,1.5701474033601401,0.04999999999995065,1.9200000000002304,0.560000000000045,1,10.040000000000326,4.391200000000254,-6.014799999998693,1.7499999999994742,0.5699999999997374,-0.7799999999997809,1,9.266082857653092,-0.20218707101638925,2.6342998102170996,0.49698403198192836,-0.30254111015895174,0.5911290289227908,1,2.9767999999968113,-10.216799999997768,-0.2164000000000513,-0.26999999999999247,-1.9799999999996487,-0.04000000000001225,1,-1.1223999999997243,9.008400000002476,-5.525600000001174,-0.6399999999999739,1.4900000000004354,-0.9100000000001884,1,7.617600000000301,-1.8107999999976854,-0.6184000000007718,1.3600000000000279,-1.3799999999999368,-0.48999999999999044
