time_elapsed,pos_x,pos_y,pos_z,vel_x,vel_y,vel_z,cmd_vel_x,cmd_vel_y,cmd_vel_z,cmd_vel_unfiltered_x,cmd_vel_unfiltered_y,cmd_vel_unfiltered_z,desired_vel_x,desired_vel_y,desired_vel_z,obs_1_pos_x,obs_1_pos_y,obs_1_pos_z,obs_1_vel_x,obs_1_vel_y,obs_1_vel_z,obs_2_pos_x,obs_2_pos_y,obs_2_pos_z,obs_2_vel_x,obs_2_vel_y,obs_2_vel_z,obs_3_pos_x,obs_3_pos_y,obs_3_pos_z,obs_3_vel_x,obs_3_vel_y,obs_3_vel_z,obs_4_pos_x,obs_4_pos_y,obs_4_pos_z,obs_4_vel_x,obs_4_vel_y,obs_4_vel_z,obs_5_pos_x,obs_5_pos_y,obs_5_pos_z,obs_5_vel_x,obs_5_vel_y,obs_5_vel_z,obs_6_pos_x,obs_6_pos_y,obs_6_pos_z,obs_6_vel_x,obs_6_vel_y,obs_6_vel_z,obs_7_pos_x,obs_7_pos_y,obs_7_pos_z,obs_7_vel_x,obs_7_vel_y,obs_7_vel_z,obs_8_pos_x,obs_8_pos_y,obs_8_pos_z,obs_8_vel_x,obs_8_vel_y,obs_8_vel_z,obs_9_pos_x,obs_9_pos_y,obs_9_pos_z,obs_9_vel_x,obs_9_vel_y,obs_9_vel_z,obs_10_pos_x,obs_10_pos_y,obs_10_pos_z,obs_10_vel_x,obs_10_vel_y,obs_10_vel_z,obs_11_pos_x,obs_11_pos_y,obs_11_pos_z,obs_11_vel_x,obs_11_vel_y,obs_11_vel_z,obs_12_pos_x,obs_12_pos_y,obs_12_pos_z,obs_12_vel_x,obs_12_vel_y,obs_12_vel_z,obs_13_pos_x,obs_13_pos_y,obs_13_pos_z,obs_13_vel_x,obs_13_vel_y,obs_13_vel_z,obs_14_pos_x,obs_14_pos_y,obs_14_pos_z,obs_14_vel_x,obs_14_vel_y,obs_14_vel_z,obs_15_pos_x,obs_15_pos_y,obs_15_pos_z,obs_15_vel_x,obs_15_vel_y,obs_15_vel_z,obs_16_pos_x,obs_16_pos_y,obs_16_pos_z,obs_16_vel_x,obs_16_vel_y,obs_16_vel_z,obs_17_pos_x,obs_17_pos_y,obs_17_pos_z,obs_17_vel_x,obs_17_vel_y,obs_17_vel_z,obs_18_pos_x,obs_18_pos_y,obs_18_pos_z,obs_18_vel_x,obs_18_vel_y,obs_18_vel_z,obs_19_pos_x,obs_19_pos_y,obs_19_pos_z,obs_19_vel_x,obs_19_vel_y,obs_19_vel_z,obs_20_pos_x,obs_20_pos_y,obs_20_pos_z,obs_20_vel_x,obs_20_vel_y,obs_20_vel_z,obs_21_pos_x,obs_21_pos_y,obs_21_pos_z,obs_21_vel_x,obs_21_vel_y,obs_21_vel_z,obs_22_pos_x,obs_22_pos_y,obs_22_pos_z,obs_22_vel_x,obs_22_vel_y,obs_22_vel_z,obs_23_pos_x,obs_23_pos_y,obs_23_pos_z,obs_23_vel_x,obs_23_vel_y,obs_23_vel_z,obs_24_pos_x,obs_24_pos_y,obs_24_pos_z,obs_24_vel_x,obs_24_vel_y,obs_24_vel_z,obs_25_pos_x,obs_25_pos_y,obs_25_pos_z,obs_25_vel_x,obs_25_vel_y,obs_25_vel_z,obs_26_pos_x,obs_26_pos_y,obs_26_pos_z,obs_26_vel_x,obs_26_vel_y,obs_26_vel_z,obs_27_pos_x,obs_27_pos_y,obs_27_pos_z,obs_27_vel_x,obs_27_vel_y,obs_27_vel_z,obs_28_pos_x,obs_28_pos_y,obs_28_pos_z,obs_28_vel_x,obs_28_vel_y,obs_28_vel_z,obs_29_pos_x,obs_29_pos_y,obs_29_pos_z,obs_29_vel_x,obs_29_vel_y,obs_29_vel_z,obs_30_pos_x,obs_30_pos_y,obs_30_pos_z,obs_30_vel_x,obs_30_vel_y,obs_30_vel_z,obs_31_pos_x,obs_31_pos_y,obs_31_pos_z,obs_31_vel_x,obs_31_vel_y,obs_31_vel_z,obs_32_pos_x,obs_32_pos_y,obs_32_pos_z,obs_32_vel_x,obs_32_vel_y,obs_32_vel_z,obs_33_pos_x,obs_33_pos_y,obs_33_pos_z,obs_33_vel_x,obs_33_vel_y,obs_33_vel_z,obs_34_pos_x,obs_34_pos_y,obs_34_pos_z,obs_34_vel_x,obs_34_vel_y,obs_34_vel_z,obs_35_pos_x,obs_35_pos_y,obs_35_pos_z,obs_35_vel_x,obs_35_vel_y,obs_35_vel_z,obs_36_pos_x,obs_36_pos_y,obs_36_pos_z,obs_36_vel_x,obs_36_vel_y,obs_36_vel_z,obs_37_pos_x,obs_37_pos_y,obs_37_pos_z,obs_37_vel_x,obs_37_vel_y,obs_37_vel_z,obs_38_pos_x,obs_38_pos_y,obs_38_pos_z,obs_38_vel_x,obs_38_vel_y,obs_38_vel_z,obs_39_pos_x,obs_39_pos_y,obs_39_pos_z,obs_39_vel_x,obs_39_vel_y,obs_39_vel_z,obs_40_pos_x,obs_40_pos_y,obs_40_pos_z,obs_40_vel_x,obs_40_vel_y,obs_40_vel_z,obs_41_pos_x,obs_41_pos_y,obs_41_pos_z,obs_41_vel_x,obs_41_vel_y,obs_41_vel_z,obs_42_pos_x,obs_42_pos_y,obs_42_pos_z,obs_42_vel_x,obs_42_vel_y,obs_42_vel_z,obs_43_pos_x,obs_43_pos_y,obs_43_pos_z,obs_43_vel_x,obs_43_vel_y,obs_43_vel_z,obs_44_pos_x,obs_44_pos_y,obs_44_pos_z,obs_44_vel_x,obs_44_vel_y,obs_44_vel_z,obs_45_pos_x,obs_45_pos_y,obs_45_pos_z,obs_45_vel_x,obs_45_vel_y,obs_45_vel_z,obs_46_pos_x,obs_46_pos_y,obs_46_pos_z,obs_46_vel_x,obs_46_vel_y,obs_46_vel_z,obs_47_pos_x,obs_47_pos_y,obs_47_pos_z,obs_47_vel_x,obs_47_vel_y,obs_47_vel_z,obs_48_pos_x,obs_48_pos_y,obs_48_pos_z,obs_48_vel_x,obs_48_vel_y,obs_48_vel_z,obs_49_pos_x,obs_49_pos_y,obs_49_pos_z,obs_49_vel_x,obs_49_vel_y,obs_49_vel_z,obs_50_pos_x,obs_50_pos_y,obs_50_pos_z,obs_50_vel_x,obs_50_vel_y,obs_50_vel_z
2.901348653,-10.0,0.0,0.0,0.0,0.0,0.0,0,0,0,0,0,0,5.0,0.0,0.0,6.8,-3.04,-1.0,0.0,0.0,0.0,6.8,-1.04,-1.0,0.0,0.0,0.0,6.8,0.96,-1.0,0.0,0.0,0.0,6.8,-3.04,1.0,0.0,0.0,0.0,6.8,-1.04,1.0,0.0,0.0,0.0,6.8,0.96,1.0,0.0,0.0,0.0,6.53,-6.34,-1.0,0.0,0.0,0.0,6.53,-4.34,-1.0,0.0,0.0,0.0,6.53,-2.34,-1.0,0.0,0.0,0.0,6.53,-0.34,-1.0,0.0,0.0,0.0,6.53,-6.34,1.0,0.0,0.0,0.0,6.53,-4.34,1.0,0.0,0.0,0.0,6.53,-2.34,1.0,0.0,0.0,0.0,6.53,-0.34,1.0,0.0,0.0,0.0,-1.41,-1.96,-1.0,0.0,0.0,0.0,-1.41,0.04,-1.0,0.0,0.0,0.0,-1.41,2.04,-1.0,0.0,0.0,0.0,-1.41,-1.96,1.0,0.0,0.0,0.0,-1.41,0.04,1.0,0.0,0.0,0.0,-1.41,2.04,1.0,0.0,0.0,0.0,2.69,-5.698200000000008,-1.752399999999999,0.0,1.0899999999995913,0.38000000000004697,2.69,-3.6981999999999995,-1.752399999999999,0.0,1.0900000000000354,0.38000000000004697,9.96,-5.030199999999997,0.3780000000000002,0.0,1.9900000000001583,-0.09999999999998899,9.96,-3.0301999999999967,0.3780000000000002,0.0,1.9900000000001583,-0.09999999999998899,-4.73,-4.649000000000008,1.5351999999999997,0.0,0.5499999999996064,-0.24000000000001798,-4.73,-2.648999999999999,1.5351999999999997,0.0,0.5500000000000504,-0.24000000000001798,0,0,0,0,0,0,0,0,0,0,0,0,0,0,0,0,0,0,0,0,0,0,0,0,0,0,0,0,0,0,0,0,0,0,0,0,0,0,0,0,0,0,0,0,0,0,0,0,0,0,0,0,0,0,0,0,0,0,0,0,0,0,0,0,0,0,0,0,0,0,0,0,0,0,0,0,0,0,0,0,0,0,0,0,0,0,0,0,0,0,0,0,0,0,0,0,0,0,0,0,0,0,0,0,0,0,0,0,0,0,0,0,0,0,0,0,0,0,0,0,0,0,0,0,0,0,0,0,0,0,0,0,0,0,0,0,0,0,0,0,0,0,0,0
3.002423484,-10.0,0.0,0.0,0.0,0.0,0.0,0,0,0,0,0,0,5.0,0.0,0.0,6.8,-3.04,-1.0,0.0,0.0,0.0,6.8,-1.04,-1.0,0.0,0.0,0.0,6.8,0.96,-1.0,0.0,0.0,0.0,6.8,-3.04,1.0,0.0,0.0,0.0,6.8,-1.04,1.0,0.0,0.0,0.0,6.8,0.96,1.0,0.0,0.0,0.0,6.53,-6.34,-1.0,0.0,0.0,0.0,6.53,-4.34,-1.0,0.0,0.0,0.0,6.53,-2.34,-1.0,0.0,0.0,0.0,6.53,-0.34,-1.0,0.0,0.0,0.0,6.53,-6.34,1.0,0.0,0.0,0.0,6.53,-4.34,1.0,0.0,0.0,0.0,6.53,-2.34,1.0,0.0,0.0,0.0,6.53,-0.34,1.0,0.0,0.0,0.0,-1.41,-1.96,-1.0,0.0,0.0,0.0,-1.41,0.04,-1.0,0.0,0.0,0.0,-1.41,2.04,-1.0,0.0,0.0,0.0,-1.41,-1.96,1.0,0.0,0.0,0.0,-1.41,0.04,1.0,0.0,0.0,0.0,-1.41,2.04,1.0,0.0,0.0,0.0,2.69,-5.611000000000041,-1.7219999999999953,0.0,1.0899999999995913,0.38000000000004697,2.69,-3.6109999999999967,-1.7219999999999953,0.0,1.0900000000000354,0.38000000000004697,9.96,-4.8709999999999845,0.3700000000000011,0.0,1.9900000000001583,-0.09999999999998899,9.96,-2.870999999999984,0.3700000000000011,0.0,1.9900000000001583,-0.09999999999998899,-4.73,-4.6050000000000395,1.5159999999999982,0.0,0.5499999999996064,-0.24000000000001798,-4.73,-2.604999999999995,1.5159999999999982,0.0,0.5500000000000504,-0.24000000000001798,0,0,0,0,0,0,0,0,0,0,0,0,0,0,0,0,0,0,0,0,0,0,0,0,0,0,0,0,0,0,0,0,0,0,0,0,0,0,0,0,0,0,0,0,0,0,0,0,0,0,0,0,0,0,0,0,0,0,0,0,0,0,0,0,0,0,0,0,0,0,0,0,0,0,0,0,0,0,0,0,0,0,0,0,0,0,0,0,0,0,0,0,0,0,0,0,0,0,0,0,0,0,0,0,0,0,0,0,0,0,0,0,0,0,0,0,0,0,0,0,0,0,0,0,0,0,0,0,0,0,0,0,0,0,0,0,0,0,0,0,0,0,0,0
3.103028,-10.0,0.0,0.0,0.0,0.0,0.0,0,0,0,0,0,0,5.0,0.0,0.0,6.8,-3.04,-1.0,0.0,0.0,0.0,6.8,-1.04,-1.0,0.0,0.0,0.0,6.8,0.96,-1.0,0.0,0.0,0.0,6.8,-3.04,1.0,0.0,0.0,0.0,6.8,-1.04,1.0,0.0,0.0,0.0,6.8,0.96,1.0,0.0,0.0,0.0,6.53,-6.34,-1.0,0.0,0.0,0.0,6.53,-4.34,-1.0,0.0,0.0,0.0,6.53,-2.34,-1.0,0.0,0.0,0.0,6.53,-0.34,-1.0,0.0,0.0,0.0,6.53,-6.34,1.0,0.0,0.0,0.0,6.53,-4.34,1.0,0.0,0.0,0.0,6.53,-2.34,1.0,0.0,0.0,0.0,6.53,-0.34,1.0,0.0,0.0,0.0,-1.41,-1.96,-1.0,0.0,0.0,0.0,-1.41,0.04,-1.0,0.0,0.0,0.0,-1.41,2.04,-1.0,0.0,0.0,0.0,-1.41,-1.96,1.0,0.0,0.0,0.0,-1.41,0.04,1.0,0.0,0.0,0.0,-1.41,2.04,1.0,0.0,0.0,0.0,2.69,-5.5020000000000815,-1.6839999999999906,0.0,1.0899999999995913,0.38000000000004697,2.69,-3.501999999999993,-1.6839999999999906,0.0,1.0900000000000354,0.38000000000004697,9.96,-4.671999999999969,0.3600000000000022,0.0,1.9900000000001583,-0.09999999999998899,9.96,-2.671999999999968,0.3600000000000022,0.0,1.9900000000001583,-0.09999999999998899,-4.73,-4.550000000000079,1.4919999999999964,0.0,0.5499999999996064,-0.24000000000001798,-4.73,-2.54999999999999,1.4919999999999964,0.0,0.5500000000000504,-0.24000000000001798,0,0,0,0,0,0,0,0,0,0,0,0,0,0,0,0,0,0,0,0,0,0,0,0,0,0,0,0,0,0,0,0,0,0,0,0,0,0,0,0,0,0,0,0,0,0,0,0,0,0,0,0,0,0,0,0,0,0,0,0,0,0,0,0,0,0,0,0,0,0,0,0,0,0,0,0,0,0,0,0,0,0,0,0,0,0,0,0,0,0,0,0,0,0,0,0,0,0,0,0,0,0,0,0,0,0,0,0,0,0,0,0,0,0,0,0,0,0,0,0,0,0,0,0,0,0,0,0,0,0,0,0,0,0,0,0,0,0,0,0,0,0,0,0
3.2008377,-10.0,0.0,0.0,0.0,0.0,0.0,0,0,0,0,0,0,5.0,0.0,0.0,6.8,-3.04,-1.0,0.0,0.0,0.0,6.8,-1.04,-1.0,0.0,0.0,0.0,6.8,0.96,-1.0,0.0,0.0,0.0,6.8,-3.04,1.0,0.0,0.0,0.0,6.8,-1.04,1.0,0.0,0.0,0.0,6.8,0.96,1.0,0.0,0.0,0.0,6.53,-6.34,-1.0,0.0,0.0,0.0,6.53,-4.34,-1.0,0.0,0.0,0.0,6.53,-2.34,-1.0,0.0,0.0,0.0,6.53,-0.34,-1.0,0.0,0.0,0.0,6.53,-6.34,1.0,0.0,0.0,0.0,6.53,-4.34,1.0,0.0,0.0,0.0,6.53,-2.34,1.0,0.0,0.0,0.0,6.53,-0.34,1.0,0.0,0.0,0.0,-1.41,-1.96,-1.0,0.0,0.0,0.0,-1.41,0.04,-1.0,0.0,0.0,0.0,-1.41,2.04,-1.0,0.0,0.0,0.0,-1.41,-1.96,1.0,0.0,0.0,0.0,-1.41,0.04,1.0,0.0,0.0,0.0,-1.41,2.04,1.0,0.0,0.0,0.0,2.69,-5.436600000000106,-1.6611999999999878,0.0,1.0899999999995913,0.38000000000004697,2.69,-3.436599999999991,-1.6611999999999878,0.0,1.0900000000000354,0.38000000000004697,9.96,-4.552599999999959,0.35400000000000287,0.0,1.9900000000001583,-0.09999999999998899,9.96,-2.5525999999999587,0.35400000000000287,0.0,1.9900000000001583,-0.09999999999998899,-4.73,-4.5170000000001025,1.4775999999999954,0.0,0.5499999999996064,-0.24000000000001798,-4.73,-2.516999999999987,1.4775999999999954,0.0,0.5500000000000504,-0.24000000000001798,0,0,0,0,0,0,0,0,0,0,0,0,0,0,0,0,0,0,0,0,0,0,0,0,0,0,0,0,0,0,0,0,0,0,0,0,0,0,0,0,0,0,0,0,0,0,0,0,0,0,0,0,0,0,0,0,0,0,0,0,0,0,0,0,0,0,0,0,0,0,0,0,0,0,0,0,0,0,0,0,0,0,0,0,0,0,0,0,0,0,0,0,0,0,0,0,0,0,0,0,0,0,0,0,0,0,0,0,0,0,0,0,0,0,0,0,0,0,0,0,0,0,0,0,0,0,0,0,0,0,0,0,0,0,0,0,0,0,0,0,0,0,0,0
3.300712166,-10.0,0.0,0.0,0.0,0.0,0.0,0,0,0,0,0,0,5.0,0.0,0.0,6.8,-3.04,-1.0,0.0,0.0,0.0,6.8,-1.04,-1.0,0.0,0.0,0.0,6.8,0.96,-1.0,0.0,0.0,0.0,6.8,-3.04,1.0,0.0,0.0,0.0,6.8,-1.04,1.0,0.0,0.0,0.0,6.8,0.96,1.0,0.0,0.0,0.0,6.53,-6.34,-1.0,0.0,0.0,0.0,6.53,-4.34,-1.0,0.0,0.0,0.0,6.53,-2.34,-1.0,0.0,0.0,0.0,6.53,-0.34,-1.0,0.0,0.0,0.0,6.53,-6.34,1.0,0.0,0.0,0.0,6.53,-4.34,1.0,0.0,0.0,0.0,6.53,-2.34,1.0,0.0,0.0,0.0,6.53,-0.34,1.0,0.0,0.0,0.0,-1.41,-1.96,-1.0,0.0,0.0,0.0,-1.41,0.04,-1.0,0.0,0.0,0.0,-1.41,2.04,-1.0,0.0,0.0,0.0,-1.41,-1.96,1.0,0.0,0.0,0.0,-1.41,0.04,1.0,0.0,0.0,0.0,-1.41,2.04,1.0,0.0,0.0,0.0,2.69,-5.3712000000001305,-1.638399999999985,0.0,1.0899999999995913,0.38000000000004697,2.69,-3.371199999999989,-1.638399999999985,0.0,1.0900000000000354,0.38000000000004697,9.96,-4.43319999999995,0.34800000000000353,0.0,1.9900000000001583,-0.09999999999998899,9.96,-2.433199999999949,0.34800000000000353,0.0,1.9900000000001583,-0.09999999999998899,-4.73,-4.484000000000126,1.4631999999999943,0.0,0.5499999999996064,-0.24000000000001798,-4.73,-2.483999999999984,1.4631999999999943,0.0,0.5500000000000504,-0.24000000000001798,0,0,0,0,0,0,0,0,0,0,0,0,0,0,0,0,0,0,0,0,0,0,0,0,0,0,0,0,0,0,0,0,0,0,0,0,0,0,0,0,0,0,0,0,0,0,0,0,0,0,0,0,0,0,0,0,0,0,0,0,0,0,0,0,0,0,0,0,0,0,0,0,0,0,0,0,0,0,0,0,0,0,0,0,0,0,0,0,0,0,0,0,0,0,0,0,0,0,0,0,0,0,0,0,0,0,0,0,0,0,0,0,0,0,0,0,0,0,0,0,0,0,0,0,0,0,0,0,0,0,0,0,0,0,0,0,0,0,0,0,0,0,0,0
3.400995656,-10.0,0.0,0.0,0.0,0.0,0.0,0,0,0,0,0,0,5.0,0.0,0.0,6.8,-3.04,-1.0,0.0,0.0,0.0,6.8,-1.04,-1.0,0.0,0.0,0.0,6.8,0.96,-1.0,0.0,0.0,0.0,6.8,-3.04,1.0,0.0,0.0,0.0,6.8,-1.04,1.0,0.0,0.0,0.0,6.8,0.96,1.0,0.0,0.0,0.0,6.53,-6.34,-1.0,0.0,0.0,0.0,6.53,-4.34,-1.0,0.0,0.0,0.0,6.53,-2.34,-1.0,0.0,0.0,0.0,6.53,-0.34,-1.0,0.0,0.0,0.0,6.53,-6.34,1.0,0.0,0.0,0.0,6.53,-4.34,1.0,0.0,0.0,0.0,6.53,-2.34,1.0,0.0,0.0,0.0,6.53,-0.34,1.0,0.0,0.0,0.0,-1.41,-1.96,-1.0,0.0,0.0,0.0,-1.41,0.04,-1.0,0.0,0.0,0.0,-1.41,2.04,-1.0,0.0,0.0,0.0,-1.41,-1.96,1.0,0.0,0.0,0.0,-1.41,0.04,1.0,0.0,0.0,0.0,-1.41,2.04,1.0,0.0,0.0,0.0,2.69,-5.284000000000163,-1.6079999999999812,0.0,1.0899999999995913,0.38000000000004697,2.69,-3.283999999999986,-1.6079999999999812,0.0,1.0900000000000354,0.38000000000004697,9.96,-4.273999999999937,0.3400000000000044,0.0,1.9900000000001583,-0.09999999999998899,9.96,-2.2739999999999365,0.3400000000000044,0.0,1.9900000000001583,-0.09999999999998899,-4.73,-4.440000000000158,1.4439999999999928,0.0,0.5499999999996064,-0.24000000000001798,-4.73,-2.43999999999998,1.4439999999999928,0.0,0.5500000000000504,-0.24000000000001798,0,0,0,0,0,0,0,0,0,0,0,0,0,0,0,0,0,0,0,0,0,0,0,0,0,0,0,0,0,0,0,0,0,0,0,0,0,0,0,0,0,0,0,0,0,0,0,0,0,0,0,0,0,0,0,0,0,0,0,0,0,0,0,0,0,0,0,0,0,0,0,0,0,0,0,0,0,0,0,0,0,0,0,0,0,0,0,0,0,0,0,0,0,0,0,0,0,0,0,0,0,0,0,0,0,0,0,0,0,0,0,0,0,0,0,0,0,0,0,0,0,0,0,0,0,0,0,0,0,0,0,0,0,0,0,0,0,0,0,0,0,0,0,0
3.502015576,-10.0,0.0,0.0,0.0,0.0,0.0,0,0,0,0,0,0,5.0,0.0,0.0,6.8,-3.04,-1.0,0.0,0.0,0.0,6.8,-1.04,-1.0,0.0,0.0,0.0,6.8,0.96,-1.0,0.0,0.0,0.0,6.8,-3.04,1.0,0.0,0.0,0.0,6.8,-1.04,1.0,0.0,0.0,0.0,6.8,0.96,1.0,0.0,0.0,0.0,6.53,-6.34,-1.0,0.0,0.0,0.0,6.53,-4.34,-1.0,0.0,0.0,0.0,6.53,-2.34,-1.0,0.0,0.0,0.0,6.53,-0.34,-1.0,0.0,0.0,0.0,6.53,-6.34,1.0,0.0,0.0,0.0,6.53,-4.34,1.0,0.0,0.0,0.0,6.53,-2.34,1.0,0.0,0.0,0.0,6.53,-0.34,1.0,0.0,0.0,0.0,-1.41,-1.96,-1.0,0.0,0.0,0.0,-1.41,0.04,-1.0,0.0,0.0,0.0,-1.41,2.04,-1.0,0.0,0.0,0.0,-1.41,-1.96,1.0,0.0,0.0,0.0,-1.41,0.04,1.0,0.0,0.0,0.0,-1.41,2.04,1.0,0.0,0.0,0.0,2.69,-5.218600000000188,-1.5851999999999784,0.0,1.0899999999995913,0.38000000000004697,2.69,-3.218599999999984,-1.5851999999999784,0.0,1.0900000000000354,0.38000000000004697,9.96,-4.1545999999999275,0.33400000000000507,0.0,1.9900000000001583,-0.09999999999998899,9.96,-2.154599999999927,0.33400000000000507,0.0,1.9900000000001583,-0.09999999999998899,-4.73,-4.407000000000181,1.4295999999999918,0.0,0.5499999999996064,-0.24000000000001798,-4.73,-2.406999999999977,1.4295999999999918,0.0,0.5500000000000504,-0.24000000000001798,0,0,0,0,0,0,0,0,0,0,0,0,0,0,0,0,0,0,0,0,0,0,0,0,0,0,0,0,0,0,0,0,0,0,0,0,0,0,0,0,0,0,0,0,0,0,0,0,0,0,0,0,0,0,0,0,0,0,0,0,0,0,0,0,0,0,0,0,0,0,0,0,0,0,0,0,0,0,0,0,0,0,0,0,0,0,0,0,0,0,0,0,0,0,0,0,0,0,0,0,0,0,0,0,0,0,0,0,0,0,0,0,0,0,0,0,0,0,0,0,0,0,0,0,0,0,0,0,0,0,0,0,0,0,0,0,0,0,0,0,0,0,0,0
3.601306105,-10.0,0.0,0.0,0.0,0.0,0.0,0,0,0,0,0,0,5.0,0.0,0.0,6.8,-3.04,-1.0,0.0,0.0,0.0,6.8,-1.04,-1.0,0.0,0.0,0.0,6.8,0.96,-1.0,0.0,0.0,0.0,6.8,-3.04,1.0,0.0,0.0,0.0,6.8,-1.04,1.0,0.0,0.0,0.0,6.8,0.96,1.0,0.0,0.0,0.0,6.53,-6.34,-1.0,0.0,0.0,0.0,6.53,-4.34,-1.0,0.0,0.0,0.0,6.53,-2.34,-1.0,0.0,0.0,0.0,6.53,-0.34,-1.0,0.0,0.0,0.0,6.53,-6.34,1.0,0.0,0.0,0.0,6.53,-4.34,1.0,0.0,0.0,0.0,6.53,-2.34,1.0,0.0,0.0,0.0,6.53,-0.34,1.0,0.0,0.0,0.0,-1.41,-1.96,-1.0,0.0,0.0,0.0,-1.41,0.04,-1.0,0.0,0.0,0.0,-1.41,2.04,-1.0,0.0,0.0,0.0,-1.41,-1.96,1.0,0.0,0.0,0.0,-1.41,0.04,1.0,0.0,0.0,0.0,-1.41,2.04,1.0,0.0,0.0,0.0,2.69,-5.175000000000204,-1.5699999999999765,0.0,1.0899999999995913,0.38000000000004697,2.69,-3.1749999999999825,-1.5699999999999765,0.0,1.0900000000000354,0.38000000000004697,9.96,-4.074999999999921,0.3300000000000055,0.0,1.9900000000001583,-0.09999999999998899,9.96,-2.0749999999999207,0.3300000000000055,0.0,1.9900000000001583,-0.09999999999998899,-4.73,-4.385000000000197,1.419999999999991,0.0,0.5499999999996064,-0.24000000000001798,-4.73,-2.384999999999975,1.419999999999991,0.0,0.5500000000000504,-0.24000000000001798,0,0,0,0,0,0,0,0,0,0,0,0,0,0,0,0,0,0,0,0,0,0,0,0,0,0,0,0,0,0,0,0,0,0,0,0,0,0,0,0,0,0,0,0,0,0,0,0,0,0,0,0,0,0,0,0,0,0,0,0,0,0,0,0,0,0,0,0,0,0,0,0,0,0,0,0,0,0,0,0,0,0,0,0,0,0,0,0,0,0,0,0,0,0,0,0,0,0,0,0,0,0,0,0,0,0,0,0,0,0,0,0,0,0,0,0,0,0,0,0,0,0,0,0,0,0,0,0,0,0,0,0,0,0,0,0,0,0,0,0,0,0,0,0
3.701678811,-10.0,0.0,0.0,0.0,0.0,0.0,0,0,0,0,0,0,5.0,0.0,0.0,6.8,-3.04,-1.0,0.0,0.0,0.0,6.8,-1.04,-1.0,0.0,0.0,0.0,6.8,0.96,-1.0,0.0,0.0,0.0,6.8,-3.04,1.0,0.0,0.0,0.0,6.8,-1.04,1.0,0.0,0.0,0.0,6.8,0.96,1.0,0.0,0.0,0.0,6.53,-6.34,-1.0,0.0,0.0,0.0,6.53,-4.34,-1.0,0.0,0.0,0.0,6.53,-2.34,-1.0,0.0,0.0,0.0,6.53,-0.34,-1.0,0.0,0.0,0.0,6.53,-6.34,1.0,0.0,0.0,0.0,6.53,-4.34,1.0,0.0,0.0,0.0,6.53,-2.34,1.0,0.0,0.0,0.0,6.53,-0.34,1.0,0.0,0.0,0.0,-1.41,-1.96,-1.0,0.0,0.0,0.0,-1.41,0.04,-1.0,0.0,0.0,0.0,-1.41,2.04,-1.0,0.0,0.0,0.0,-1.41,-1.96,1.0,0.0,0.0,0.0,-1.41,0.04,1.0,0.0,0.0,0.0,-1.41,2.04,1.0,0.0,0.0,0.0,2.69,-5.087800000000237,-1.5395999999999728,0.0,1.0899999999995913,0.38000000000004697,2.69,-3.0877999999999797,-1.5395999999999728,0.0,1.0900000000000354,0.38000000000004697,9.96,-3.9157999999999085,0.3220000000000064,0.0,1.9900000000001583,-0.09999999999998899,9.96,-1.9157999999999176,0.3220000000000064,0.0,1.9899999999999367,-0.09999999999998899,-4.73,-4.3410000000002285,1.4007999999999896,0.0,0.5499999999996064,-0.24000000000001798,-4.73,-2.340999999999971,1.4007999999999896,0.0,0.5500000000000504,-0.24000000000001798,0,0,0,0,0,0,0,0,0,0,0,0,0,0,0,0,0,0,0,0,0,0,0,0,0,0,0,0,0,0,0,0,0,0,0,0,0,0,0,0,0,0,0,0,0,0,0,0,0,0,0,0,0,0,0,0,0,0,0,0,0,0,0,0,0,0,0,0,0,0,0,0,0,0,0,0,0,0,0,0,0,0,0,0,0,0,0,0,0,0,0,0,0,0,0,0,0,0,0,0,0,0,0,0,0,0,0,0,0,0,0,0,0,0,0,0,0,0,0,0,0,0,0,0,0,0,0,0,0,0,0,0,0,0,0,0,0,0,0,0,0,0,0,0
3.800926329,-10.0,0.0,0.0,0.0,0.0,0.0,0,0,0,0,0,0,5.0,0.0,0.0,6.8,-3.04,-1.0,0.0,0.0,0.0,6.8,-1.04,-1.0,0.0,0.0,0.0,6.8,0.96,-1.0,0.0,0.0,0.0,6.8,-3.04,1.0,0.0,0.0,0.0,6.8,-1.04,1.0,0.0,0.0,0.0,6.8,0.96,1.0,0.0,0.0,0.0,6.53,-6.34,-1.0,0.0,0.0,0.0,6.53,-4.34,-1.0,0.0,0.0,0.0,6.53,-2.34,-1.0,0.0,0.0,0.0,6.53,-0.34,-1.0,0.0,0.0,0.0,6.53,-6.34,1.0,0.0,0.0,0.0,6.53,-4.34,1.0,0.0,0.0,0.0,6.53,-2.34,1.0,0.0,0.0,0.0,6.53,-0.34,1.0,0.0,0.0,0.0,-1.41,-1.96,-1.0,0.0,0.0,0.0,-1.41,0.04,-1.0,0.0,0.0,0.0,-1.41,2.04,-1.0,0.0,0.0,0.0,-1.41,-1.96,1.0,0.0,0.0,0.0,-1.41,0.04,1.0,0.0,0.0,0.0,-1.41,2.04,1.0,0.0,0.0,0.0,2.69,-5.0006000000002695,-1.509199999999969,0.0,1.0899999999995913,0.38000000000004697,2.69,-3.000599999999977,-1.509199999999969,0.0,1.0900000000000354,0.38000000000004697,9.96,-3.756599999999896,0.3140000000000073,0.0,1.9900000000001583,-0.09999999999998899,9.96,-1.7565999999999053,0.3140000000000073,0.0,1.9900000000001583,-0.09999999999998899,-4.73,-4.29700000000026,1.3815999999999882,0.0,0.5499999999996064,-0.24000000000001798,-4.73,-2.296999999999967,1.3815999999999882,0.0,0.5500000000000504,-0.24000000000001798,0,0,0,0,0,0,0,0,0,0,0,0,0,0,0,0,0,0,0,0,0,0,0,0,0,0,0,0,0,0,0,0,0,0,0,0,0,0,0,0,0,0,0,0,0,0,0,0,0,0,0,0,0,0,0,0,0,0,0,0,0,0,0,0,0,0,0,0,0,0,0,0,0,0,0,0,0,0,0,0,0,0,0,0,0,0,0,0,0,0,0,0,0,0,0,0,0,0,0,0,0,0,0,0,0,0,0,0,0,0,0,0,0,0,0,0,0,0,0,0,0,0,0,0,0,0,0,0,0,0,0,0,0,0,0,0,0,0,0,0,0,0,0,0
3.902283717,-10.0,0.0,0.0,0.0,0.0,0.0,0,0,0,0,0,0,5.0,0.0,0.0,6.8,-3.04,-1.0,0.0,0.0,0.0,6.8,-1.04,-1.0,0.0,0.0,0.0,6.8,0.96,-1.0,0.0,0.0,0.0,6.8,-3.04,1.0,0.0,0.0,0.0,6.8,-1.04,1.0,0.0,0.0,0.0,6.8,0.96,1.0,0.0,0.0,0.0,6.53,-6.34,-1.0,0.0,0.0,0.0,6.53,-4.34,-1.0,0.0,0.0,0.0,6.53,-2.34,-1.0,0.0,0.0,0.0,6.53,-0.34,-1.0,0.0,0.0,0.0,6.53,-6.34,1.0,0.0,0.0,0.0,6.53,-4.34,1.0,0.0,0.0,0.0,6.53,-2.34,1.0,0.0,0.0,0.0,6.53,-0.34,1.0,0.0,0.0,0.0,-1.41,-1.96,-1.0,0.0,0.0,0.0,-1.41,0.04,-1.0,0.0,0.0,0.0,-1.41,2.04,-1.0,0.0,0.0,0.0,-1.41,-1.96,1.0,0.0,0.0,0.0,-1.41,0.04,1.0,0.0,0.0,0.0,-1.41,2.04,1.0,0.0,0.0,0.0,2.69,-4.913400000000302,-1.4787999999999653,0.0,1.0899999999995913,0.38000000000004697,2.69,-2.913399999999974,-1.4787999999999653,0.0,1.0900000000000354,0.38000000000004697,9.96,-3.597399999999883,0.30600000000000815,0.0,1.9900000000001583,-0.09999999999998899,9.96,-1.5973999999998927,0.30600000000000815,0.0,1.9900000000001583,-0.09999999999998899,-4.73,-4.253000000000291,1.3623999999999867,0.0,0.5499999999996064,-0.24000000000001798,-4.73,-2.252999999999963,1.3623999999999867,0.0,0.5500000000000504,-0.24000000000001798,0,0,0,0,0,0,0,0,0,0,0,0,0,0,0,0,0,0,0,0,0,0,0,0,0,0,0,0,0,0,0,0,0,0,0,0,0,0,0,0,0,0,0,0,0,0,0,0,0,0,0,0,0,0,0,0,0,0,0,0,0,0,0,0,0,0,0,0,0,0,0,0,0,0,0,0,0,0,0,0,0,0,0,0,0,0,0,0,0,0,0,0,0,0,0,0,0,0,0,0,0,0,0,0,0,0,0,0,0,0,0,0,0,0,0,0,0,0,0,0,0,0,0,0,0,0,0,0,0,0,0,0,0,0,0,0,0,0,0,0,0,0,0,0
4.001066797,-10.0,0.0,0.0,0.0,0.0,0.0,0,0,0,0,0,0,5.0,0.0,0.0,6.8,-3.04,-1.0,0.0,0.0,0.0,6.8,-1.04,-1.0,0.0,0.0,0.0,6.8,0.96,-1.0,0.0,0.0,0.0,6.8,-3.04,1.0,0.0,0.0,0.0,6.8,-1.04,1.0,0.0,0.0,0.0,6.8,0.96,1.0,0.0,0.0,0.0,6.53,-6.34,-1.0,0.0,0.0,0.0,6.53,-4.34,-1.0,0.0,0.0,0.0,6.53,-2.34,-1.0,0.0,0.0,0.0,6.53,-0.34,-1.0,0.0,0.0,0.0,6.53,-6.34,1.0,0.0,0.0,0.0,6.53,-4.34,1.0,0.0,0.0,0.0,6.53,-2.34,1.0,0.0,0.0,0.0,6.53,-0.34,1.0,0.0,0.0,0.0,-1.41,-1.96,-1.0,0.0,0.0,0.0,-1.41,0.04,-1.0,0.0,0.0,0.0,-1.41,2.04,-1.0,0.0,0.0,0.0,-1.41,-1.96,1.0,0.0,0.0,0.0,-1.41,0.04,1.0,0.0,0.0,0.0,-1.41,2.04,1.0,0.0,0.0,0.0,2.69,-4.804400000000343,-1.4407999999999606,0.0,1.0899999999995913,0.38000000000004697,2.69,-2.8043999999999705,-1.4407999999999606,0.0,1.0900000000000354,0.38000000000004697,9.96,-3.3983999999998673,0.29600000000000926,0.0,1.9900000000001583,-0.09999999999998899,9.96,-1.3983999999998769,0.29600000000000926,0.0,1.9900000000001583,-0.09999999999998899,-4.73,-4.198000000000331,1.338399999999985,0.0,0.5499999999996064,-0.24000000000001798,-4.73,-2.1979999999999578,1.338399999999985,0.0,0.5500000000000504,-0.24000000000001798,0,0,0,0,0,0,0,0,0,0,0,0,0,0,0,0,0,0,0,0,0,0,0,0,0,0,0,0,0,0,0,0,0,0,0,0,0,0,0,0,0,0,0,0,0,0,0,0,0,0,0,0,0,0,0,0,0,0,0,0,0,0,0,0,0,0,0,0,0,0,0,0,0,0,0,0,0,0,0,0,0,0,0,0,0,0,0,0,0,0,0,0,0,0,0,0,0,0,0,0,0,0,0,0,0,0,0,0,0,0,0,0,0,0,0,0,0,0,0,0,0,0,0,0,0,0,0,0,0,0,0,0,0,0,0,0,0,0,0,0,0,0,0,0
4.10213154,-10.0,0.0,0.0,0.0,0.0,0.0,0,0,0,0,0,0,5.0,0.0,0.0,6.8,-3.04,-1.0,0.0,0.0,0.0,6.8,-1.04,-1.0,0.0,0.0,0.0,6.8,0.96,-1.0,0.0,0.0,0.0,6.8,-3.04,1.0,0.0,0.0,0.0,6.8,-1.04,1.0,0.0,0.0,0.0,6.8,0.96,1.0,0.0,0.0,0.0,6.53,-6.34,-1.0,0.0,0.0,0.0,6.53,-4.34,-1.0,0.0,0.0,0.0,6.53,-2.34,-1.0,0.0,0.0,0.0,6.53,-0.34,-1.0,0.0,0.0,0.0,6.53,-6.34,1.0,0.0,0.0,0.0,6.53,-4.34,1.0,0.0,0.0,0.0,6.53,-2.34,1.0,0.0,0.0,0.0,6.53,-0.34,1.0,0.0,0.0,0.0,-1.41,-1.96,-1.0,0.0,0.0,0.0,-1.41,0.04,-1.0,0.0,0.0,0.0,-1.41,2.04,-1.0,0.0,0.0,0.0,-1.41,-1.96,1.0,0.0,0.0,0.0,-1.41,0.04,1.0,0.0,0.0,0.0,-1.41,2.04,1.0,0.0,0.0,0.0,2.69,-4.717200000000376,-1.4103999999999568,0.0,1.0899999999995913,0.38000000000004697,2.69,-2.7171999999999676,-1.4103999999999568,0.0,1.0900000000000354,0.38000000000004697,9.96,-3.2391999999998546,0.28800000000001014,0.0,1.9900000000001583,-0.09999999999998899,9.96,-1.2391999999998642,0.28800000000001014,0.0,1.9900000000001583,-0.09999999999998899,-4.73,-4.154000000000362,1.3191999999999835,0.0,0.5499999999996064,-0.24000000000001798,-4.73,-2.1539999999999537,1.3191999999999835,0.0,0.5500000000000504,-0.24000000000001798,0,0,0,0,0,0,0,0,0,0,0,0,0,0,0,0,0,0,0,0,0,0,0,0,0,0,0,0,0,0,0,0,0,0,0,0,0,0,0,0,0,0,0,0,0,0,0,0,0,0,0,0,0,0,0,0,0,0,0,0,0,0,0,0,0,0,0,0,0,0,0,0,0,0,0,0,0,0,0,0,0,0,0,0,0,0,0,0,0,0,0,0,0,0,0,0,0,0,0,0,0,0,0,0,0,0,0,0,0,0,0,0,0,0,0,0,0,0,0,0,0,0,0,0,0,0,0,0,0,0,0,0,0,0,0,0,0,0,0,0,0,0,0,0
4.201429809,-10.0,0.0,0.0,0.0,0.0,0.0,0,0,0,0,0,0,5.0,0.0,0.0,6.8,-3.04,-1.0,0.0,0.0,0.0,6.8,-1.04,-1.0,0.0,0.0,0.0,6.8,0.96,-1.0,0.0,0.0,0.0,6.8,-3.04,1.0,0.0,0.0,0.0,6.8,-1.04,1.0,0.0,0.0,0.0,6.8,0.96,1.0,0.0,0.0,0.0,6.53,-6.34,-1.0,0.0,0.0,0.0,6.53,-4.34,-1.0,0.0,0.0,0.0,6.53,-2.34,-1.0,0.0,0.0,0.0,6.53,-0.34,-1.0,0.0,0.0,0.0,6.53,-6.34,1.0,0.0,0.0,0.0,6.53,-4.34,1.0,0.0,0.0,0.0,6.53,-2.34,1.0,0.0,0.0,0.0,6.53,-0.34,1.0,0.0,0.0,0.0,-1.41,-1.96,-1.0,0.0,0.0,0.0,-1.41,0.04,-1.0,0.0,0.0,0.0,-1.41,2.04,-1.0,0.0,0.0,0.0,-1.41,-1.96,1.0,0.0,0.0,0.0,-1.41,0.04,1.0,0.0,0.0,0.0,-1.41,2.04,1.0,0.0,0.0,0.0,2.69,-4.6300000000004085,-1.379999999999953,0.0,1.0899999999995913,0.38000000000004697,2.69,-2.629999999999965,-1.379999999999953,0.0,1.0900000000000354,0.38000000000004697,9.96,-3.079999999999842,0.280000000000011,0.0,1.9900000000001583,-0.09999999999998899,9.96,-1.0799999999998515,0.280000000000011,0.0,1.9900000000001583,-0.09999999999998899,-4.73,-4.110000000000394,1.299999999999982,0.0,0.5499999999996064,-0.24000000000001798,-4.73,-2.1099999999999497,1.299999999999982,0.0,0.5500000000000504,-0.24000000000001798,0,0,0,0,0,0,0,0,0,0,0,0,0,0,0,0,0,0,0,0,0,0,0,0,0,0,0,0,0,0,0,0,0,0,0,0,0,0,0,0,0,0,0,0,0,0,0,0,0,0,0,0,0,0,0,0,0,0,0,0,0,0,0,0,0,0,0,0,0,0,0,0,0,0,0,0,0,0,0,0,0,0,0,0,0,0,0,0,0,0,0,0,0,0,0,0,0,0,0,0,0,0,0,0,0,0,0,0,0,0,0,0,0,0,0,0,0,0,0,0,0,0,0,0,0,0,0,0,0,0,0,0,0,0,0,0,0,0,0,0,0,0,0,0
4.301017578,-9.996900000000007,-0.0030999999999999986,-0.0030999999999999986,0.09999999999976694,-0.09999999999999984,-0.09999999999999984,0.1,-0.1,-0.1,2.9308207393602945,-2.854307573647131,-2.8556412830965408,5.0,0.0,0.0,6.8,-3.04,-1.0,0.0,0.0,0.0,6.8,-1.04,-1.0,0.0,0.0,0.0,6.8,0.96,-1.0,0.0,0.0,0.0,6.8,-3.04,1.0,0.0,0.0,0.0,6.8,-1.04,1.0,0.0,0.0,0.0,6.8,0.96,1.0,0.0,0.0,0.0,6.53,-6.34,-1.0,0.0,0.0,0.0,6.53,-4.34,-1.0,0.0,0.0,0.0,6.53,-2.34,-1.0,0.0,0.0,0.0,6.53,-0.34,-1.0,0.0,0.0,0.0,6.53,-6.34,1.0,0.0,0.0,0.0,6.53,-4.34,1.0,0.0,0.0,0.0,6.53,-2.34,1.0,0.0,0.0,0.0,6.53,-0.34,1.0,0.0,0.0,0.0,-1.41,-1.96,-1.0,0.0,0.0,0.0,-1.41,0.04,-1.0,0.0,0.0,0.0,-1.41,2.04,-1.0,0.0,0.0,0.0,-1.41,-1.96,1.0,0.0,0.0,0.0,-1.41,0.04,1.0,0.0,0.0,0.0,-1.41,2.04,1.0,0.0,0.0,0.0,2.69,-4.564600000000433,-1.3571999999999502,0.0,1.0899999999995913,0.38000000000004697,2.69,-2.5645999999999627,-1.3571999999999502,0.0,1.0900000000000354,0.38000000000004697,9.96,-2.9605999999998325,0.2740000000000117,0.0,1.9900000000001583,-0.09999999999998899,9.96,-0.9605999999998442,0.2740000000000117,0.0,1.9900000000000477,-0.09999999999998899,-4.73,-4.077000000000417,1.285599999999981,0.0,0.5499999999996064,-0.24000000000001798,-4.73,-2.0769999999999467,1.285599999999981,0.0,0.5500000000000504,-0.24000000000001798,0,0,0,0,0,0,0,0,0,0,0,0,0,0,0,0,0,0,0,0,0,0,0,0,0,0,0,0,0,0,0,0,0,0,0,0,0,0,0,0,0,0,0,0,0,0,0,0,0,0,0,0,0,0,0,0,0,0,0,0,0,0,0,0,0,0,0,0,0,0,0,0,0,0,0,0,0,0,0,0,0,0,0,0,0,0,0,0,0,0,0,0,0,0,0,0,0,0,0,0,0,0,0,0,0,0,0,0,0,0,0,0,0,0,0,0,0,0,0,0,0,0,0,0,0,0,0,0,0,0,0,0,0,0,0,0,0,0,0,0,0,0,0,0
4.400835291,-9.989964000000018,-0.010036,-0.010036,0.17800000000001148,-0.1779999999999993,-0.1779999999999993,0.178,-0.178,-0.178,3.0002396784984184,-3.098751990916358,-2.3562068000766034,4.999999723745199,0.0011752761249694888,0.0011752761249694888,6.8,-3.04,-1.0,0.0,0.0,0.0,6.8,-1.04,-1.0,0.0,0.0,0.0,6.8,0.96,-1.0,0.0,0.0,0.0,6.8,-3.04,1.0,0.0,0.0,0.0,6.8,-1.04,1.0,0.0,0.0,0.0,6.8,0.96,1.0,0.0,0.0,0.0,6.53,-6.34,-1.0,0.0,0.0,0.0,6.53,-4.34,-1.0,0.0,0.0,0.0,6.53,-2.34,-1.0,0.0,0.0,0.0,6.53,-0.34,-1.0,0.0,0.0,0.0,6.53,-6.34,1.0,0.0,0.0,0.0,6.53,-4.34,1.0,0.0,0.0,0.0,6.53,-2.34,1.0,0.0,0.0,0.0,6.53,-0.34,1.0,0.0,0.0,0.0,-1.41,-1.96,-1.0,0.0,0.0,0.0,-1.41,0.04,-1.0,0.0,0.0,0.0,-1.41,2.04,-1.0,0.0,0.0,0.0,-1.41,-1.96,1.0,0.0,0.0,0.0,-1.41,0.04,1.0,0.0,0.0,0.0,-1.41,2.04,1.0,0.0,0.0,0.0,2.69,-4.4992000000004575,-1.3343999999999474,0.0,1.0899999999995913,0.38000000000004697,2.69,-2.4991999999999606,-1.3343999999999474,0.0,1.0900000000000354,0.38000000000004697,9.96,-2.8411999999998288,0.26800000000001234,0.0,1.9900000000000695,-0.09999999999998899,9.96,-0.8411999999998414,0.26800000000001234,0.0,1.9900000000000477,-0.09999999999998899,-4.73,-4.044000000000441,1.27119999999998,0.0,0.5499999999996064,-0.24000000000001798,-4.73,-2.0439999999999436,1.27119999999998,0.0,0.5500000000000504,-0.24000000000001798,0,0,0,0,0,0,0,0,0,0,0,0,0,0,0,0,0,0,0,0,0,0,0,0,0,0,0,0,0,0,0,0,0,0,0,0,0,0,0,0,0,0,0,0,0,0,0,0,0,0,0,0,0,0,0,0,0,0,0,0,0,0,0,0,0,0,0,0,0,0,0,0,0,0,0,0,0,0,0,0,0,0,0,0,0,0,0,0,0,0,0,0,0,0,0,0,0,0,0,0,0,0,0,0,0,0,0,0,0,0,0,0,0,0,0,0,0,0,0,0,0,0,0,0,0,0,0,0,0,0,0,0,0,0,0,0,0,0,0,0,0,0,0,0
4.505672837,-9.973672,-0.026327999999999973,-0.026327999999999973,0.23200000000045407,-0.2319999999999996,-0.2319999999999996,0.23199999999999998,-0.23199999999999998,-0.23199999999999998,3.050245657523864,-2.613552992515406,-2.98436764076103,4.999997746444665,0.0033567505320216524,0.0033567505320216524,6.8,-3.04,-1.0,0.0,0.0,0.0,6.8,-1.04,-1.0,0.0,0.0,0.0,6.8,0.96,-1.0,0.0,0.0,0.0,6.8,-3.04,1.0,0.0,0.0,0.0,6.8,-1.04,1.0,0.0,0.0,0.0,6.8,0.96,1.0,0.0,0.0,0.0,6.53,-6.34,-1.0,0.0,0.0,0.0,6.53,-4.34,-1.0,0.0,0.0,0.0,6.53,-2.34,-1.0,0.0,0.0,0.0,6.53,-0.34,-1.0,0.0,0.0,0.0,6.53,-6.34,1.0,0.0,0.0,0.0,6.53,-4.34,1.0,0.0,0.0,0.0,6.53,-2.34,1.0,0.0,0.0,0.0,6.53,-0.34,1.0,0.0,0.0,0.0,-1.41,-1.96,-1.0,0.0,0.0,0.0,-1.41,0.04,-1.0,0.0,0.0,0.0,-1.41,2.04,-1.0,0.0,0.0,0.0,-1.41,-1.96,1.0,0.0,0.0,0.0,-1.41,0.04,1.0,0.0,0.0,0.0,-1.41,2.04,1.0,0.0,0.0,0.0,2.69,-4.41200000000049,-1.3039999999999436,0.0,1.0899999999995913,0.38000000000004697,2.69,-2.4119999999999577,-1.3039999999999436,0.0,1.0900000000000354,0.38000000000004697,9.96,-2.681999999999825,0.2600000000000132,0.0,1.9900000000000695,-0.09999999999998899,9.96,-0.7217999999998386,0.262000000000013,0.0,1.9900000000000477,-0.09999999999998899,-4.73,-4.011000000000465,1.2567999999999788,0.0,0.5499999999996064,-0.24000000000001798,-4.73,-2.0109999999999406,1.2567999999999788,0.0,0.5500000000000504,-0.24000000000001798,0,0,0,0,0,0,0,0,0,0,0,0,0,0,0,0,0,0,0,0,0,0,0,0,0,0,0,0,0,0,0,0,0,0,0,0,0,0,0,0,0,0,0,0,0,0,0,0,0,0,0,0,0,0,0,0,0,0,0,0,0,0,0,0,0,0,0,0,0,0,0,0,0,0,0,0,0,0,0,0,0,0,0,0,0,0,0,0,0,0,0,0,0,0,0,0,0,0,0,0,0,0,0,0,0,0,0,0,0,0,0,0,0,0,0,0,0,0,0,0,0,0,0,0,0,0,0,0,0,0,0,0,0,0,0,0,0,0,0,0,0,0,0,0
4.602368401,-9.957509999999964,-0.04248999999999995,-0.04248999999999995,0.29100000000070736,-0.29099999999999954,-0.29099999999999954,0.291,-0.291,-0.291,3.1642891832393936,-2.7483862117171607,-2.544563404904091,4.99999052913441,0.00688144484103184,0.00688144484103184,6.8,-3.04,-1.0,0.0,0.0,0.0,6.8,-1.04,-1.0,0.0,0.0,0.0,6.8,0.96,-1.0,0.0,0.0,0.0,6.8,-3.04,1.0,0.0,0.0,0.0,6.8,-1.04,1.0,0.0,0.0,0.0,6.8,0.96,1.0,0.0,0.0,0.0,6.53,-6.34,-1.0,0.0,0.0,0.0,6.53,-4.34,-1.0,0.0,0.0,0.0,6.53,-2.34,-1.0,0.0,0.0,0.0,6.53,-0.34,-1.0,0.0,0.0,0.0,6.53,-6.34,1.0,0.0,0.0,0.0,6.53,-4.34,1.0,0.0,0.0,0.0,6.53,-2.34,1.0,0.0,0.0,0.0,6.53,-0.34,1.0,0.0,0.0,0.0,-1.41,-1.96,-1.0,0.0,0.0,0.0,-1.41,0.04,-1.0,0.0,0.0,0.0,-1.41,2.04,-1.0,0.0,0.0,0.0,-1.41,-1.96,1.0,0.0,0.0,0.0,-1.41,0.04,1.0,0.0,0.0,0.0,-1.41,2.04,1.0,0.0,0.0,0.0,2.69,-4.346600000000515,-1.2811999999999408,0.0,1.0899999999995913,0.38000000000004697,2.69,-2.3465999999999556,-1.2811999999999408,0.0,1.0900000000000354,0.38000000000004697,9.96,-2.562599999999822,0.2540000000000139,0.0,1.9900000000000695,-0.09999999999998899,9.96,-0.5625999999998348,0.2540000000000139,0.0,1.9900000000000477,-0.09999999999998899,-4.73,-3.9670000000004695,1.2375999999999774,0.0,0.5500000000000504,-0.24000000000001798,-4.73,-1.9669999999999366,1.2375999999999774,0.0,0.5500000000000504,-0.24000000000001798,0,0,0,0,0,0,0,0,0,0,0,0,0,0,0,0,0,0,0,0,0,0,0,0,0,0,0,0,0,0,0,0,0,0,0,0,0,0,0,0,0,0,0,0,0,0,0,0,0,0,0,0,0,0,0,0,0,0,0,0,0,0,0,0,0,0,0,0,0,0,0,0,0,0,0,0,0,0,0,0,0,0,0,0,0,0,0,0,0,0,0,0,0,0,0,0,0,0,0,0,0,0,0,0,0,0,0,0,0,0,0,0,0,0,0,0,0,0,0,0,0,0,0,0,0,0,0,0,0,0,0,0,0,0,0,0,0,0,0,0,0,0,0,0
4.700646044,-9.938469999999931,-0.06152999999999998,-0.06152999999999998,0.3700000000002035,-0.37000000000000227,-0.37000000000000227,0.37,-0.37,-0.37,3.2780762092030558,-3.1600488061718974,-2.0288895755622023,4.999972084460755,0.011814284006387614,0.011814284006387614,6.8,-3.04,-1.0,0.0,0.0,0.0,6.8,-1.04,-1.0,0.0,0.0,0.0,6.8,0.96,-1.0,0.0,0.0,0.0,6.8,-3.04,1.0,0.0,0.0,0.0,6.8,-1.04,1.0,0.0,0.0,0.0,6.8,0.96,1.0,0.0,0.0,0.0,6.53,-6.34,-1.0,0.0,0.0,0.0,6.53,-4.34,-1.0,0.0,0.0,0.0,6.53,-2.34,-1.0,0.0,0.0,0.0,6.53,-0.34,-1.0,0.0,0.0,0.0,6.53,-6.34,1.0,0.0,0.0,0.0,6.53,-4.34,1.0,0.0,0.0,0.0,6.53,-2.34,1.0,0.0,0.0,0.0,6.53,-0.34,1.0,0.0,0.0,0.0,-1.41,-1.96,-1.0,0.0,0.0,0.0,-1.41,0.04,-1.0,0.0,0.0,0.0,-1.41,2.04,-1.0,0.0,0.0,0.0,-1.41,-1.96,1.0,0.0,0.0,0.0,-1.41,0.04,1.0,0.0,0.0,0.0,-1.41,2.04,1.0,0.0,0.0,0.0,2.69,-4.281200000000539,-1.258399999999938,0.0,1.0899999999995913,0.38000000000004697,2.69,-2.2811999999999535,-1.258399999999938,0.0,1.0900000000000354,0.38000000000004697,9.96,-2.4033999999998183,0.24600000000001476,0.0,1.9900000000000695,-0.09999999999998899,9.96,-0.403399999999831,0.24600000000001476,0.0,1.9900000000000477,-0.09999999999998899,-4.73,-3.9340000000004665,1.2231999999999763,0.0,0.5500000000000504,-0.24000000000001798,-4.73,-1.9339999999999336,1.2231999999999763,0.0,0.5500000000000504,-0.24000000000001798,0,0,0,0,0,0,0,0,0,0,0,0,0,0,0,0,0,0,0,0,0,0,0,0,0,0,0,0,0,0,0,0,0,0,0,0,0,0,0,0,0,0,0,0,0,0,0,0,0,0,0,0,0,0,0,0,0,0,0,0,0,0,0,0,0,0,0,0,0,0,0,0,0,0,0,0,0,0,0,0,0,0,0,0,0,0,0,0,0,0,0,0,0,0,0,0,0,0,0,0,0,0,0,0,0,0,0,0,0,0,0,0,0,0,0,0,0,0,0,0,0,0,0,0,0,0,0,0,0,0,0,0,0,0,0,0,0,0,0,0,0,0,0,0
4.804870759,-9.90715399999991,-0.09284599999999982,-0.09284599999999982,0.44800000000044804,-0.44800000000000395,-0.44800000000000395,0.448,-0.448,-0.448,3.3303003156774036,-1.853307024097916,-3.1403027234167697,4.99993425825056,0.018130267130200727,0.018130267130200727,6.8,-3.04,-1.0,0.0,0.0,0.0,6.8,-1.04,-1.0,0.0,0.0,0.0,6.8,0.96,-1.0,0.0,0.0,0.0,6.8,-3.04,1.0,0.0,0.0,0.0,6.8,-1.04,1.0,0.0,0.0,0.0,6.8,0.96,1.0,0.0,0.0,0.0,6.53,-6.34,-1.0,0.0,0.0,0.0,6.53,-4.34,-1.0,0.0,0.0,0.0,6.53,-2.34,-1.0,0.0,0.0,0.0,6.53,-0.34,-1.0,0.0,0.0,0.0,6.53,-6.34,1.0,0.0,0.0,0.0,6.53,-4.34,1.0,0.0,0.0,0.0,6.53,-2.34,1.0,0.0,0.0,0.0,6.53,-0.34,1.0,0.0,0.0,0.0,-1.41,-1.96,-1.0,0.0,0.0,0.0,-1.41,0.04,-1.0,0.0,0.0,0.0,-1.41,2.04,-1.0,0.0,0.0,0.0,-1.41,-1.96,1.0,0.0,0.0,0.0,-1.41,0.04,1.0,0.0,0.0,0.0,-1.41,2.04,1.0,0.0,0.0,0.0,2.69,-4.194000000000572,-1.2279999999999343,0.0,1.0899999999995913,0.38000000000004697,2.69,-2.1939999999999507,-1.2279999999999343,0.0,1.0900000000000354,0.38000000000004697,9.96,-2.2839999999998155,0.24000000000001542,0.0,1.9900000000000695,-0.09999999999998899,9.96,-0.28399999999982817,0.24000000000001542,0.0,1.9900000000000477,-0.09999999999998899,-4.73,-3.8900000000004624,1.2039999999999749,0.0,0.5500000000000504,-0.24000000000001798,-4.73,-1.8899999999999295,1.2039999999999749,0.0,0.5500000000000504,-0.24000000000001798,0,0,0,0,0,0,0,0,0,0,0,0,0,0,0,0,0,0,0,0,0,0,0,0,0,0,0,0,0,0,0,0,0,0,0,0,0,0,0,0,0,0,0,0,0,0,0,0,0,0,0,0,0,0,0,0,0,0,0,0,0,0,0,0,0,0,0,0,0,0,0,0,0,0,0,0,0,0,0,0,0,0,0,0,0,0,0,0,0,0,0,0,0,0,0,0,0,0,0,0,0,0,0,0,0,0,0,0,0,0,0,0,0,0,0,0,0,0,0,0,0,0,0,0,0,0,0,0,0,0,0,0,0,0,0,0,0,0,0,0,0,0,0,0
4.901237354,-9.878617999999907,-0.12138199999999971,-0.12138199999999971,0.4939999999997724,-0.49399999999999444,-0.49399999999999444,0.494,-0.494,-0.494,3.3819471604612086,-2.193558698906169,-2.9775862551742494,4.999881542520088,0.02433681128399166,0.02433681128399166,6.8,-3.04,-1.0,0.0,0.0,0.0,6.8,-1.04,-1.0,0.0,0.0,0.0,6.8,0.96,-1.0,0.0,0.0,0.0,6.8,-3.04,1.0,0.0,0.0,0.0,6.8,-1.04,1.0,0.0,0.0,0.0,6.8,0.96,1.0,0.0,0.0,0.0,6.53,-6.34,-1.0,0.0,0.0,0.0,6.53,-4.34,-1.0,0.0,0.0,0.0,6.53,-2.34,-1.0,0.0,0.0,0.0,6.53,-0.34,-1.0,0.0,0.0,0.0,6.53,-6.34,1.0,0.0,0.0,0.0,6.53,-4.34,1.0,0.0,0.0,0.0,6.53,-2.34,1.0,0.0,0.0,0.0,6.53,-0.34,1.0,0.0,0.0,0.0,-1.41,-1.96,-1.0,0.0,0.0,0.0,-1.41,0.04,-1.0,0.0,0.0,0.0,-1.41,2.04,-1.0,0.0,0.0,0.0,-1.41,-1.96,1.0,0.0,0.0,0.0,-1.41,0.04,1.0,0.0,0.0,0.0,-1.41,2.04,1.0,0.0,0.0,0.0,2.69,-4.1286000000005965,-1.2051999999999314,0.0,1.0899999999995913,0.38000000000004697,2.69,-2.1285999999999485,-1.2051999999999314,0.0,1.0900000000000354,0.38000000000004697,9.96,-2.1645999999998113,0.23400000000001608,0.0,1.990000000000114,-0.09999999999998899,9.96,-0.16459999999982414,0.23400000000001608,0.0,1.9900000000000753,-0.09999999999998899,-4.73,-3.8570000000004594,1.1895999999999738,0.0,0.5500000000000504,-0.24000000000001798,-4.73,-1.8569999999999265,1.1895999999999738,0.0,0.5500000000000504,-0.24000000000001798,0,0,0,0,0,0,0,0,0,0,0,0,0,0,0,0,0,0,0,0,0,0,0,0,0,0,0,0,0,0,0,0,0,0,0,0,0,0,0,0,0,0,0,0,0,0,0,0,0,0,0,0,0,0,0,0,0,0,0,0,0,0,0,0,0,0,0,0,0,0,0,0,0,0,0,0,0,0,0,0,0,0,0,0,0,0,0,0,0,0,0,0,0,0,0,0,0,0,0,0,0,0,0,0,0,0,0,0,0,0,0,0,0,0,0,0,0,0,0,0,0,0,0,0,0,0,0,0,0,0,0,0,0,0,0,0,0,0,0,0,0,0,0,0
5.001022204,-9.836022999999896,-0.16397699999999893,-0.16397699999999893,0.5690000000004858,-0.5689999999999863,-0.5689999999999863,0.569,-0.569,-0.569,3.489013652965691,-2.579968734199014,-2.4481747381178605,4.999781787793113,0.03303085264042943,0.03303085264042943,6.8,-3.04,-1.0,0.0,0.0,0.0,6.8,-1.04,-1.0,0.0,0.0,0.0,6.8,0.96,-1.0,0.0,0.0,0.0,6.8,-3.04,1.0,0.0,0.0,0.0,6.8,-1.04,1.0,0.0,0.0,0.0,6.8,0.96,1.0,0.0,0.0,0.0,6.53,-6.34,-1.0,0.0,0.0,0.0,6.53,-4.34,-1.0,0.0,0.0,0.0,6.53,-2.34,-1.0,0.0,0.0,0.0,6.53,-0.34,-1.0,0.0,0.0,0.0,6.53,-6.34,1.0,0.0,0.0,0.0,6.53,-4.34,1.0,0.0,0.0,0.0,6.53,-2.34,1.0,0.0,0.0,0.0,6.53,-0.34,1.0,0.0,0.0,0.0,-1.41,-1.96,-1.0,0.0,0.0,0.0,-1.41,0.04,-1.0,0.0,0.0,0.0,-1.41,2.04,-1.0,0.0,0.0,0.0,-1.41,-1.96,1.0,0.0,0.0,0.0,-1.41,0.04,1.0,0.0,0.0,0.0,-1.41,2.04,1.0,0.0,0.0,0.0,2.69,-4.041400000000629,-1.1747999999999277,0.0,1.0899999999995913,0.38000000000004697,2.69,-2.0413999999999457,-1.1747999999999277,0.0,1.0900000000000354,0.38000000000004697,9.96,-2.0053999999998062,0.22600000000001697,0.0,1.9900000000000695,-0.09999999999998899,9.96,-0.005399999999818952,0.22600000000001697,0.0,1.9900000000000628,-0.09999999999998899,-4.73,-3.8130000000004554,1.1703999999999724,0.0,0.5500000000000504,-0.24000000000001798,-4.73,-1.8129999999999225,1.1703999999999724,0.0,0.5500000000000504,-0.24000000000001798,0,0,0,0,0,0,0,0,0,0,0,0,0,0,0,0,0,0,0,0,0,0,0,0,0,0,0,0,0,0,0,0,0,0,0,0,0,0,0,0,0,0,0,0,0,0,0,0,0,0,0,0,0,0,0,0,0,0,0,0,0,0,0,0,0,0,0,0,0,0,0,0,0,0,0,0,0,0,0,0,0,0,0,0,0,0,0,0,0,0,0,0,0,0,0,0,0,0,0,0,0,0,0,0,0,0,0,0,0,0,0,0,0,0,0,0,0,0,0,0,0,0,0,0,0,0,0,0,0,0,0,0,0,0,0,0,0,0,0,0,0,0,0,0
5.101839515,-9.800324999999885,-0.1996749999999986,-0.1996749999999986,0.6509999999995131,-0.6510000000000126,-0.6510000000000126,0.6509999999999999,-0.6509999999999999,-0.6509999999999999,3.5562448737311634,-0.7522817987239643,-3.410155027839183,4.999613944159088,0.04393409478988245,0.04393409478988245,6.8,-3.04,-1.0,0.0,0.0,0.0,6.8,-1.04,-1.0,0.0,0.0,0.0,6.8,0.96,-1.0,0.0,0.0,0.0,6.8,-3.04,1.0,0.0,0.0,0.0,6.8,-1.04,1.0,0.0,0.0,0.0,6.8,0.96,1.0,0.0,0.0,0.0,6.53,-6.34,-1.0,0.0,0.0,0.0,6.53,-4.34,-1.0,0.0,0.0,0.0,6.53,-2.34,-1.0,0.0,0.0,0.0,6.53,-0.34,-1.0,0.0,0.0,0.0,6.53,-6.34,1.0,0.0,0.0,0.0,6.53,-4.34,1.0,0.0,0.0,0.0,6.53,-2.34,1.0,0.0,0.0,0.0,6.53,-0.34,1.0,0.0,0.0,0.0,-1.41,-1.96,-1.0,0.0,0.0,0.0,-1.41,0.04,-1.0,0.0,0.0,0.0,-1.41,2.04,-1.0,0.0,0.0,0.0,-1.41,-1.96,1.0,0.0,0.0,0.0,-1.41,0.04,1.0,0.0,0.0,0.0,-1.41,2.04,1.0,0.0,0.0,0.0,2.69,-3.9760000000006435,-1.1519999999999249,0.0,1.0900000000000354,0.38000000000004697,2.69,-1.9759999999999436,-1.1519999999999249,0.0,1.0900000000000354,0.38000000000004697,9.96,-1.88599999999981,0.22000000000001763,0.0,1.9899999999999367,-0.09999999999998899,9.96,0.11400000000018383,0.22000000000001763,0.0,1.9900000000000335,-0.09999999999998899,-4.73,-3.7800000000004523,1.1559999999999713,0.0,0.5500000000000504,-0.24000000000001798,-4.73,-1.7799999999999194,1.1559999999999713,0.0,0.5500000000000504,-0.24000000000001798,0,0,0,0,0,0,0,0,0,0,0,0,0,0,0,0,0,0,0,0,0,0,0,0,0,0,0,0,0,0,0,0,0,0,0,0,0,0,0,0,0,0,0,0,0,0,0,0,0,0,0,0,0,0,0,0,0,0,0,0,0,0,0,0,0,0,0,0,0,0,0,0,0,0,0,0,0,0,0,0,0,0,0,0,0,0,0,0,0,0,0,0,0,0,0,0,0,0,0,0,0,0,0,0,0,0,0,0,0,0,0,0,0,0,0,0,0,0,0,0,0,0,0,0,0,0,0,0,0,0,0,0,0,0,0,0,0,0,0,0,0,0,0,0
5.201124766,-9.745866999999883,-0.2541329999999987,-0.2541329999999987,0.7090000000005148,-0.7090000000000014,-0.7090000000000014,0.709,-0.709,-0.709,3.6322676297562895,-2.5388758775299616,-2.32541075036902,4.9994295121116545,0.05340671037904886,0.05340671037904886,6.8,-3.04,-1.0,0.0,0.0,0.0,6.8,-1.04,-1.0,0.0,0.0,0.0,6.8,0.96,-1.0,0.0,0.0,0.0,6.8,-3.04,1.0,0.0,0.0,0.0,6.8,-1.04,1.0,0.0,0.0,0.0,6.8,0.96,1.0,0.0,0.0,0.0,6.53,-6.34,-1.0,0.0,0.0,0.0,6.53,-4.34,-1.0,0.0,0.0,0.0,6.53,-2.34,-1.0,0.0,0.0,0.0,6.53,-0.34,-1.0,0.0,0.0,0.0,6.53,-6.34,1.0,0.0,0.0,0.0,6.53,-4.34,1.0,0.0,0.0,0.0,6.53,-2.34,1.0,0.0,0.0,0.0,6.53,-0.34,1.0,0.0,0.0,0.0,-1.41,-1.96,-1.0,0.0,0.0,0.0,-1.41,0.04,-1.0,0.0,0.0,0.0,-1.41,2.04,-1.0,0.0,0.0,0.0,-1.41,-1.96,1.0,0.0,0.0,0.0,-1.41,0.04,1.0,0.0,0.0,0.0,-1.41,2.04,1.0,0.0,0.0,0.0,2.69,-3.8888000000006406,-1.121599999999921,0.0,1.0900000000000354,0.38000000000004697,2.69,-1.8887999999999407,-1.121599999999921,0.0,1.0900000000000354,0.38000000000004697,9.96,-1.7267999999998151,0.2120000000000185,0.0,1.9899999999999367,-0.09999999999998899,9.96,0.2732000000001849,0.2120000000000185,0.0,1.9899999999999918,-0.09999999999998899,-4.73,-3.7360000000004483,1.1367999999999698,0.0,0.5500000000000504,-0.24000000000001798,-4.73,-1.7359999999999154,1.1367999999999698,0.0,0.5500000000000504,-0.24000000000001798,0,0,0,0,0,0,0,0,0,0,0,0,0,0,0,0,0,0,0,0,0,0,0,0,0,0,0,0,0,0,0,0,0,0,0,0,0,0,0,0,0,0,0,0,0,0,0,0,0,0,0,0,0,0,0,0,0,0,0,0,0,0,0,0,0,0,0,0,0,0,0,0,0,0,0,0,0,0,0,0,0,0,0,0,0,0,0,0,0,0,0,0,0,0,0,0,0,0,0,0,0,0,0,0,0,0,0,0,0,0,0,0,0,0,0,0,0,0,0,0,0,0,0,0,0,0,0,0,0,0,0,0,0,0,0,0,0,0,0,0,0,0,0,0
5.302238093,-9.70115699999988,-0.29884299999999836,-0.29884299999999836,0.7789999999996411,-0.7789999999999742,-0.7789999999999742,0.7789999999999999,-0.7789999999999999,-0.7789999999999999,3.705851140039148,-2.564189048431755,-2.086368926775517,4.9991293431701616,0.06597654983045831,0.06597654983045831,6.8,-3.04,-1.0,0.0,0.0,0.0,6.8,-1.04,-1.0,0.0,0.0,0.0,6.8,0.96,-1.0,0.0,0.0,0.0,6.8,-3.04,1.0,0.0,0.0,0.0,6.8,-1.04,1.0,0.0,0.0,0.0,6.8,0.96,1.0,0.0,0.0,0.0,6.53,-6.34,-1.0,0.0,0.0,0.0,6.53,-4.34,-1.0,0.0,0.0,0.0,6.53,-2.34,-1.0,0.0,0.0,0.0,6.53,-0.34,-1.0,0.0,0.0,0.0,6.53,-6.34,1.0,0.0,0.0,0.0,6.53,-4.34,1.0,0.0,0.0,0.0,6.53,-2.34,1.0,0.0,0.0,0.0,6.53,-0.34,1.0,0.0,0.0,0.0,-1.41,-1.96,-1.0,0.0,0.0,0.0,-1.41,0.04,-1.0,0.0,0.0,0.0,-1.41,2.04,-1.0,0.0,0.0,0.0,-1.41,-1.96,1.0,0.0,0.0,0.0,-1.41,0.04,1.0,0.0,0.0,0.0,-1.41,2.04,1.0,0.0,0.0,0.0,2.69,-3.8234000000006385,-1.0987999999999183,0.0,1.0900000000000354,0.38000000000004697,2.69,-1.8233999999999386,-1.0987999999999183,0.0,1.0900000000000354,0.38000000000004697,9.96,-1.607399999999819,0.20600000000001917,0.0,1.9899999999999367,-0.09999999999998899,9.96,0.3926000000001844,0.20600000000001917,0.0,1.9899999999999918,-0.09999999999998899,-4.73,-3.7030000000004453,1.1223999999999688,0.0,0.5500000000000504,-0.24000000000001798,-4.73,-1.7029999999999124,1.1223999999999688,0.0,0.5500000000000504,-0.24000000000001798,0,0,0,0,0,0,0,0,0,0,0,0,0,0,0,0,0,0,0,0,0,0,0,0,0,0,0,0,0,0,0,0,0,0,0,0,0,0,0,0,0,0,0,0,0,0,0,0,0,0,0,0,0,0,0,0,0,0,0,0,0,0,0,0,0,0,0,0,0,0,0,0,0,0,0,0,0,0,0,0,0,0,0,0,0,0,0,0,0,0,0,0,0,0,0,0,0,0,0,0,0,0,0,0,0,0,0,0,0,0,0,0,0,0,0,0,0,0,0,0,0,0,0,0,0,0,0,0,0,0,0,0,0,0,0,0,0,0,0,0,0,0,0,0
5.401384374,-9.63609899999992,-0.363900999999997,-0.363900999999997,0.8529999999993265,-0.8529999999999927,-0.8529999999999927,0.8529999999999999,-0.8529999999999999,-0.8529999999999999,3.746454609405937,-2.574067927133613,-2.1024230381351003,4.998724923714489,0.07984089502121676,0.07984089502121676,6.8,-3.04,-1.0,0.0,0.0,0.0,6.8,-1.04,-1.0,0.0,0.0,0.0,6.8,0.96,-1.0,0.0,0.0,0.0,6.8,-3.04,1.0,0.0,0.0,0.0,6.8,-1.04,1.0,0.0,0.0,0.0,6.8,0.96,1.0,0.0,0.0,0.0,6.53,-6.34,-1.0,0.0,0.0,0.0,6.53,-4.34,-1.0,0.0,0.0,0.0,6.53,-2.34,-1.0,0.0,0.0,0.0,6.53,-0.34,-1.0,0.0,0.0,0.0,6.53,-6.34,1.0,0.0,0.0,0.0,6.53,-4.34,1.0,0.0,0.0,0.0,6.53,-2.34,1.0,0.0,0.0,0.0,6.53,-0.34,1.0,0.0,0.0,0.0,-1.41,-1.96,-1.0,0.0,0.0,0.0,-1.41,0.04,-1.0,0.0,0.0,0.0,-1.41,2.04,-1.0,0.0,0.0,0.0,-1.41,-1.96,1.0,0.0,0.0,0.0,-1.41,0.04,1.0,0.0,0.0,0.0,-1.41,2.04,1.0,0.0,0.0,0.0,2.69,-3.7362000000006357,-1.0683999999999145,0.0,1.0900000000000354,0.38000000000004697,2.69,-1.7361999999999358,-1.0683999999999145,0.0,1.0900000000000354,0.38000000000004697,9.96,-1.448199999999824,0.19800000000002005,0.0,1.9899999999999367,-0.09999999999998899,9.96,0.5518000000001853,0.19800000000002005,0.0,1.9900000000000477,-0.09999999999998899,-4.73,-3.6590000000004412,1.1031999999999673,0.0,0.5500000000000504,-0.24000000000001798,-4.73,-1.6589999999999083,1.1031999999999673,0.0,0.5500000000000504,-0.24000000000001798,0,0,0,0,0,0,0,0,0,0,0,0,0,0,0,0,0,0,0,0,0,0,0,0,0,0,0,0,0,0,0,0,0,0,0,0,0,0,0,0,0,0,0,0,0,0,0,0,0,0,0,0,0,0,0,0,0,0,0,0,0,0,0,0,0,0,0,0,0,0,0,0,0,0,0,0,0,0,0,0,0,0,0,0,0,0,0,0,0,0,0,0,0,0,0,0,0,0,0,0,0,0,0,0,0,0,0,0,0,0,0,0,0,0,0,0,0,0,0,0,0,0,0,0,0,0,0,0,0,0,0,0,0,0,0,0,0,0,0,0,0,0,0,0
5.500540029,-9.564646999999955,-0.43535299999999594,-0.43535299999999594,0.9259999999997603,-0.9259999999999824,-0.9259999999999824,0.9259999999999998,-0.9259999999999998,-0.9259999999999998,3.839313789629606,-1.5948515920038808,-2.3694986845451673,4.998200739055432,0.09484031870921687,0.09484031870921687,6.8,-3.04,-1.0,0.0,0.0,0.0,6.8,-1.04,-1.0,0.0,0.0,0.0,6.8,0.96,-1.0,0.0,0.0,0.0,6.8,-3.04,1.0,0.0,0.0,0.0,6.8,-1.04,1.0,0.0,0.0,0.0,6.8,0.96,1.0,0.0,0.0,0.0,6.53,-6.34,-1.0,0.0,0.0,0.0,6.53,-4.34,-1.0,0.0,0.0,0.0,6.53,-2.34,-1.0,0.0,0.0,0.0,6.53,-0.34,-1.0,0.0,0.0,0.0,6.53,-6.34,1.0,0.0,0.0,0.0,6.53,-4.34,1.0,0.0,0.0,0.0,6.53,-2.34,1.0,0.0,0.0,0.0,6.53,-0.34,1.0,0.0,0.0,0.0,-1.41,-1.96,-1.0,0.0,0.0,0.0,-1.41,0.04,-1.0,0.0,0.0,0.0,-1.41,2.04,-1.0,0.0,0.0,0.0,-1.41,-1.96,1.0,0.0,0.0,0.0,-1.41,0.04,1.0,0.0,0.0,0.0,-1.41,2.04,1.0,0.0,0.0,0.0,2.69,-3.649000000000633,-1.0379999999999108,0.0,1.0900000000000354,0.38000000000004697,2.69,-1.648999999999933,-1.0379999999999108,0.0,1.0900000000000354,0.38000000000004697,9.96,-1.2889999999998292,0.19000000000002093,0.0,1.9899999999999367,-0.09999999999998899,9.96,0.711000000000189,0.19000000000002093,0.0,1.9900000000000477,-0.09999999999998899,-4.73,-3.615000000000437,1.0839999999999659,0.0,0.5500000000000504,-0.24000000000001798,-4.73,-1.6149999999999043,1.0839999999999659,0.0,0.5500000000000504,-0.24000000000001798,0,0,0,0,0,0,0,0,0,0,0,0,0,0,0,0,0,0,0,0,0,0,0,0,0,0,0,0,0,0,0,0,0,0,0,0,0,0,0,0,0,0,0,0,0,0,0,0,0,0,0,0,0,0,0,0,0,0,0,0,0,0,0,0,0,0,0,0,0,0,0,0,0,0,0,0,0,0,0,0,0,0,0,0,0,0,0,0,0,0,0,0,0,0,0,0,0,0,0,0,0,0,0,0,0,0,0,0,0,0,0,0,0,0,0,0,0,0,0,0,0,0,0,0,0,0,0,0,0,0,0,0,0,0,0,0,0,0,0,0,0,0,0,0
5.600518371,-9.487083999999983,-0.5129159999999945,-0.5129159999999945,1.006999999999536,-1.0069999999999801,-1.0069999999999801,1.007,-1.007,-1.007,3.8975202953304726,-2.7249947308896525,-1.4547559028951054,4.9973731832538695,0.11458897698969489,0.11458897698969489,6.8,-3.04,-1.0,0.0,0.0,0.0,6.8,-1.04,-1.0,0.0,0.0,0.0,6.8,0.96,-1.0,0.0,0.0,0.0,6.8,-3.04,1.0,0.0,0.0,0.0,6.8,-1.04,1.0,0.0,0.0,0.0,6.8,0.96,1.0,0.0,0.0,0.0,6.53,-6.34,-1.0,0.0,0.0,0.0,6.53,-4.34,-1.0,0.0,0.0,0.0,6.53,-2.34,-1.0,0.0,0.0,0.0,6.53,-0.34,-1.0,0.0,0.0,0.0,6.53,-6.34,1.0,0.0,0.0,0.0,6.53,-4.34,1.0,0.0,0.0,0.0,6.53,-2.34,1.0,0.0,0.0,0.0,6.53,-0.34,1.0,0.0,0.0,0.0,-1.41,-1.96,-1.0,0.0,0.0,0.0,-1.41,0.04,-1.0,0.0,0.0,0.0,-1.41,2.04,-1.0,0.0,0.0,0.0,-1.41,-1.96,1.0,0.0,0.0,0.0,-1.41,0.04,1.0,0.0,0.0,0.0,-1.41,2.04,1.0,0.0,0.0,0.0,2.69,-3.56180000000063,-1.007599999999907,0.0,1.0900000000000354,0.38000000000004697,2.69,-1.5617999999999301,-1.007599999999907,0.0,1.0900000000000354,0.38000000000004697,9.96,-1.1297999999998343,0.1820000000000218,0.0,1.9899999999999367,-0.09999999999998899,9.96,0.8702000000001928,0.1820000000000218,0.0,1.9900000000000477,-0.09999999999998899,-4.73,-3.571000000000433,1.0647999999999644,0.0,0.5500000000000504,-0.24000000000001798,-4.73,-1.5709999999999003,1.0647999999999644,0.0,0.5500000000000504,-0.24000000000001798,0,0,0,0,0,0,0,0,0,0,0,0,0,0,0,0,0,0,0,0,0,0,0,0,0,0,0,0,0,0,0,0,0,0,0,0,0,0,0,0,0,0,0,0,0,0,0,0,0,0,0,0,0,0,0,0,0,0,0,0,0,0,0,0,0,0,0,0,0,0,0,0,0,0,0,0,0,0,0,0,0,0,0,0,0,0,0,0,0,0,0,0,0,0,0,0,0,0,0,0,0,0,0,0,0,0,0,0,0,0,0,0,0,0,0,0,0,0,0,0,0,0,0,0,0,0,0,0,0,0,0,0,0,0,0,0,0,0,0,0,0,0,0,0
5.703837944,-9.402947,-0.5970529999999924,-0.5970529999999924,1.0799999999999699,-1.0799999999999699,-1.0799999999999699,1.0799999999999998,-1.0799999999999998,-1.0799999999999998,3.972556883661773,-1.6671810957037558,-2.4447993611917944,4.996384653768754,0.13442542836846505,0.13442542836846505,6.8,-3.04,-1.0,0.0,0.0,0.0,6.8,-1.04,-1.0,0.0,0.0,0.0,6.8,0.96,-1.0,0.0,0.0,0.0,6.8,-3.04,1.0,0.0,0.0,0.0,6.8,-1.04,1.0,0.0,0.0,0.0,6.8,0.96,1.0,0.0,0.0,0.0,6.53,-6.34,-1.0,0.0,0.0,0.0,6.53,-4.34,-1.0,0.0,0.0,0.0,6.53,-2.34,-1.0,0.0,0.0,0.0,6.53,-0.34,-1.0,0.0,0.0,0.0,6.53,-6.34,1.0,0.0,0.0,0.0,6.53,-4.34,1.0,0.0,0.0,0.0,6.53,-2.34,1.0,0.0,0.0,0.0,6.53,-0.34,1.0,0.0,0.0,0.0,-1.41,-1.96,-1.0,0.0,0.0,0.0,-1.41,0.04,-1.0,0.0,0.0,0.0,-1.41,2.04,-1.0,0.0,0.0,0.0,-1.41,-1.96,1.0,0.0,0.0,0.0,-1.41,0.04,1.0,0.0,0.0,0.0,-1.41,2.04,1.0,0.0,0.0,0.0,2.69,-3.474600000000627,-0.9771999999999033,0.0,1.0900000000000354,0.38000000000004697,2.69,-1.4745999999999273,-0.9771999999999033,0.0,1.0900000000000354,0.38000000000004697,9.96,-0.9705999999998377,0.1740000000000227,0.0,1.9900000000000477,-0.09999999999998899,9.96,1.029400000000195,0.1740000000000227,0.0,1.9899999999999367,-0.09999999999998899,-4.73,-3.527000000000429,1.045599999999963,0.0,0.5500000000000504,-0.24000000000001798,-4.73,-1.5269999999998962,1.045599999999963,0.0,0.5500000000000504,-0.24000000000001798,0,0,0,0,0,0,0,0,0,0,0,0,0,0,0,0,0,0,0,0,0,0,0,0,0,0,0,0,0,0,0,0,0,0,0,0,0,0,0,0,0,0,0,0,0,0,0,0,0,0,0,0,0,0,0,0,0,0,0,0,0,0,0,0,0,0,0,0,0,0,0,0,0,0,0,0,0,0,0,0,0,0,0,0,0,0,0,0,0,0,0,0,0,0,0,0,0,0,0,0,0,0,0,0,0,0,0,0,0,0,0,0,0,0,0,0,0,0,0,0,0,0,0,0,0,0,0,0,0,0,0,0,0,0,0,0,0,0,0,0,0,0,0,0
5.800743222,-9.312518000000027,-0.6874819999999926,-0.6874819999999926,1.158999999999466,-1.159000000000021,-1.159000000000021,1.1589999999999998,-1.1589999999999998,-1.1589999999999998,4.052042837901665,-2.4463231975876267,-1.6116737009746531,4.995130417018588,0.15600018746094926,0.15600018746094926,6.8,-3.04,-1.0,0.0,0.0,0.0,6.8,-1.04,-1.0,0.0,0.0,0.0,6.8,0.96,-1.0,0.0,0.0,0.0,6.8,-3.04,1.0,0.0,0.0,0.0,6.8,-1.04,1.0,0.0,0.0,0.0,6.8,0.96,1.0,0.0,0.0,0.0,6.53,-6.34,-1.0,0.0,0.0,0.0,6.53,-4.34,-1.0,0.0,0.0,0.0,6.53,-2.34,-1.0,0.0,0.0,0.0,6.53,-0.34,-1.0,0.0,0.0,0.0,6.53,-6.34,1.0,0.0,0.0,0.0,6.53,-4.34,1.0,0.0,0.0,0.0,6.53,-2.34,1.0,0.0,0.0,0.0,6.53,-0.34,1.0,0.0,0.0,0.0,-1.41,-1.96,-1.0,0.0,0.0,0.0,-1.41,0.04,-1.0,0.0,0.0,0.0,-1.41,2.04,-1.0,0.0,0.0,0.0,-1.41,-1.96,1.0,0.0,0.0,0.0,-1.41,0.04,1.0,0.0,0.0,0.0,-1.41,2.04,1.0,0.0,0.0,0.0,2.69,-3.3874000000006244,-0.9467999999998995,0.0,1.0900000000000354,0.38000000000004697,2.69,-1.3873999999999245,-0.9467999999998995,0.0,1.0900000000000354,0.38000000000004697,9.96,-0.8113999999998339,0.16600000000002357,0.0,1.9900000000000477,-0.09999999999998899,9.96,1.18860000000019,0.16600000000002357,0.0,1.9899999999999367,-0.09999999999998899,-4.73,-3.483000000000425,1.0263999999999616,0.0,0.5500000000000504,-0.24000000000001798,-4.73,-1.4829999999998922,1.0263999999999616,0.0,0.5500000000000504,-0.24000000000001798,0,0,0,0,0,0,0,0,0,0,0,0,0,0,0,0,0,0,0,0,0,0,0,0,0,0,0,0,0,0,0,0,0,0,0,0,0,0,0,0,0,0,0,0,0,0,0,0,0,0,0,0,0,0,0,0,0,0,0,0,0,0,0,0,0,0,0,0,0,0,0,0,0,0,0,0,0,0,0,0,0,0,0,0,0,0,0,0,0,0,0,0,0,0,0,0,0,0,0,0,0,0,0,0,0,0,0,0,0,0,0,0,0,0,0,0,0,0,0,0,0,0,0,0,0,0,0,0,0,0,0,0,0,0,0,0,0,0,0,0,0,0,0,0
5.901505986,-9.216500000000062,-0.7834999999999948,-0.7834999999999948,1.2559999999997018,-1.256000000000035,-1.256000000000035,1.2559999999999998,-1.2559999999999998,-1.2559999999999998,4.137893274884821,-1.9617705925210935,-2.004672153842272,4.993295433934423,0.183031021209029,0.183031021209029,6.8,-3.04,-1.0,0.0,0.0,0.0,6.8,-1.04,-1.0,0.0,0.0,0.0,6.8,0.96,-1.0,0.0,0.0,0.0,6.8,-3.04,1.0,0.0,0.0,0.0,6.8,-1.04,1.0,0.0,0.0,0.0,6.8,0.96,1.0,0.0,0.0,0.0,6.53,-6.34,-1.0,0.0,0.0,0.0,6.53,-4.34,-1.0,0.0,0.0,0.0,6.53,-2.34,-1.0,0.0,0.0,0.0,6.53,-0.34,-1.0,0.0,0.0,0.0,6.53,-6.34,1.0,0.0,0.0,0.0,6.53,-4.34,1.0,0.0,0.0,0.0,6.53,-2.34,1.0,0.0,0.0,0.0,6.53,-0.34,1.0,0.0,0.0,0.0,-1.41,-1.96,-1.0,0.0,0.0,0.0,-1.41,0.04,-1.0,0.0,0.0,0.0,-1.41,2.04,-1.0,0.0,0.0,0.0,-1.41,-1.96,1.0,0.0,0.0,0.0,-1.41,0.04,1.0,0.0,0.0,0.0,-1.41,2.04,1.0,0.0,0.0,0.0,2.69,-3.3002000000006215,-0.9163999999998957,0.0,1.0900000000000354,0.38000000000004697,2.69,-1.3001999999999216,-0.9163999999998957,0.0,1.0900000000000354,0.38000000000004697,9.96,-0.6521999999998301,0.15800000000002445,0.0,1.9900000000000477,-0.09999999999998899,9.96,1.3478000000001849,0.15800000000002445,0.0,1.9899999999999367,-0.09999999999998899,-4.73,-3.439000000000421,1.0071999999999601,0.0,0.5500000000000504,-0.24000000000001798,-4.73,-1.4389999999998881,1.0071999999999601,0.0,0.5500000000000504,-0.24000000000001798,0,0,0,0,0,0,0,0,0,0,0,0,0,0,0,0,0,0,0,0,0,0,0,0,0,0,0,0,0,0,0,0,0,0,0,0,0,0,0,0,0,0,0,0,0,0,0,0,0,0,0,0,0,0,0,0,0,0,0,0,0,0,0,0,0,0,0,0,0,0,0,0,0,0,0,0,0,0,0,0,0,0,0,0,0,0,0,0,0,0,0,0,0,0,0,0,0,0,0,0,0,0,0,0,0,0,0,0,0,0,0,0,0,0,0,0,0,0,0,0,0,0,0,0,0,0,0,0,0,0,0,0,0,0,0,0,0,0,0,0,0,0,0,0
6.004921272,-9.086427000000082,-0.913572999999994,-0.9046269999999955,1.326999999999856,-1.3269999999999669,-1.1849999999999916,1.3269999999999997,-1.3269999999999997,-1.1849999999999998,4.244135071808325,-2.432812828962352,-0.6627086776221649,4.9911469704701785,0.21029968992649611,0.21029968992649611,6.8,-3.04,-1.0,0.0,0.0,0.0,6.8,-1.04,-1.0,0.0,0.0,0.0,6.8,0.96,-1.0,0.0,0.0,0.0,6.8,-3.04,1.0,0.0,0.0,0.0,6.8,-1.04,1.0,0.0,0.0,0.0,6.8,0.96,1.0,0.0,0.0,0.0,6.53,-6.34,-1.0,0.0,0.0,0.0,6.53,-4.34,-1.0,0.0,0.0,0.0,6.53,-2.34,-1.0,0.0,0.0,0.0,6.53,-0.34,-1.0,0.0,0.0,0.0,6.53,-6.34,1.0,0.0,0.0,0.0,6.53,-4.34,1.0,0.0,0.0,0.0,6.53,-2.34,1.0,0.0,0.0,0.0,6.53,-0.34,1.0,0.0,0.0,0.0,-1.41,-1.96,-1.0,0.0,0.0,0.0,-1.41,0.04,-1.0,0.0,0.0,0.0,-1.41,2.04,-1.0,0.0,0.0,0.0,-1.41,-1.96,1.0,0.0,0.0,0.0,-1.41,0.04,1.0,0.0,0.0,0.0,-1.41,2.04,1.0,0.0,0.0,0.0,2.69,-3.191200000000618,-0.878399999999891,0.0,1.0900000000000354,0.38000000000004697,2.69,-1.191199999999918,-0.878399999999891,0.0,1.0900000000000354,0.38000000000004697,9.96,-0.45319999999982674,0.14800000000002556,0.0,1.9899999999999918,-0.09999999999998899,9.96,1.5468000000001785,0.14800000000002556,0.0,1.9899999999999367,-0.09999999999998899,-4.73,-3.384000000000416,0.9831999999999583,0.0,0.5500000000000504,-0.24000000000001798,-4.73,-1.383999999999883,0.9831999999999583,0.0,0.5500000000000504,-0.24000000000001798,0,0,0,0,0,0,0,0,0,0,0,0,0,0,0,0,0,0,0,0,0,0,0,0,0,0,0,0,0,0,0,0,0,0,0,0,0,0,0,0,0,0,0,0,0,0,0,0,0,0,0,0,0,0,0,0,0,0,0,0,0,0,0,0,0,0,0,0,0,0,0,0,0,0,0,0,0,0,0,0,0,0,0,0,0,0,0,0,0,0,0,0,0,0,0,0,0,0,0,0,0,0,0,0,0,0,0,0,0,0,0,0,0,0,0,0,0,0,0,0,0,0,0,0,0,0,0,0,0,0,0,0,0,0,0,0,0,0,0,0,0,0,0,0
6.102977393,-8.975967000000104,-1.0240329999999926,-0.9951269999999953,1.426999999999623,-1.427000000000067,-1.0850000000000026,1.4269999999999998,-1.4269999999999998,-1.0849999999999997,4.32412808943389,-2.0495692027104733,-0.9797342900714767,4.9884314572795665,0.24168060168302644,0.23904410219410388,6.8,-3.04,-1.0,0.0,0.0,0.0,6.8,-1.04,-1.0,0.0,0.0,0.0,6.8,0.96,-1.0,0.0,0.0,0.0,6.8,-3.04,1.0,0.0,0.0,0.0,6.8,-1.04,1.0,0.0,0.0,0.0,6.8,0.96,1.0,0.0,0.0,0.0,6.53,-6.34,-1.0,0.0,0.0,0.0,6.53,-4.34,-1.0,0.0,0.0,0.0,6.53,-2.34,-1.0,0.0,0.0,0.0,6.53,-0.34,-1.0,0.0,0.0,0.0,6.53,-6.34,1.0,0.0,0.0,0.0,6.53,-4.34,1.0,0.0,0.0,0.0,6.53,-2.34,1.0,0.0,0.0,0.0,6.53,-0.34,1.0,0.0,0.0,0.0,-1.41,-1.96,-1.0,0.0,0.0,0.0,-1.41,0.04,-1.0,0.0,0.0,0.0,-1.41,2.04,-1.0,0.0,0.0,0.0,-1.41,-1.96,1.0,0.0,0.0,0.0,-1.41,0.04,1.0,0.0,0.0,0.0,-1.41,2.04,1.0,0.0,0.0,0.0,2.69,-3.104000000000615,-0.8479999999998873,0.0,1.0900000000000354,0.38000000000004697,2.69,-1.1039999999999153,-0.8479999999998873,0.0,1.0900000000000354,0.38000000000004697,9.96,-0.2939999999998274,0.14000000000002644,0.0,1.9899999999999918,-0.09999999999998899,9.96,1.7060000000001734,0.14000000000002644,0.0,1.9899999999999367,-0.09999999999998899,-4.73,-3.340000000000412,0.9639999999999569,0.0,0.5500000000000504,-0.24000000000001798,-4.73,-1.339999999999879,0.9639999999999569,0.0,0.5500000000000504,-0.24000000000001798,0,0,0,0,0,0,0,0,0,0,0,0,0,0,0,0,0,0,0,0,0,0,0,0,0,0,0,0,0,0,0,0,0,0,0,0,0,0,0,0,0,0,0,0,0,0,0,0,0,0,0,0,0,0,0,0,0,0,0,0,0,0,0,0,0,0,0,0,0,0,0,0,0,0,0,0,0,0,0,0,0,0,0,0,0,0,0,0,0,0,0,0,0,0,0,0,0,0,0,0,0,0,0,0,0,0,0,0,0,0,0,0,0,0,0,0,0,0,0,0,0,0,0,0,0,0,0,0,0,0,0,0,0,0,0,0,0,0,0,0,0,0,0,0
6.202951166,-8.917882000000125,-1.0819643905281635,-1.039531999999996,1.4939999999992182,-1.4837593685446127,-1.1520000000000419,1.4939999999999998,-1.4837593685446442,-1.1519999999999997,4.426025121920407,-1.4837593685446442,-1.7806097732717499,4.985668709736575,0.2715471962999145,0.2633811628330686,6.8,-3.04,-1.0,0.0,0.0,0.0,6.8,-1.04,-1.0,0.0,0.0,0.0,6.8,0.96,-1.0,0.0,0.0,0.0,6.8,-3.04,1.0,0.0,0.0,0.0,6.8,-1.04,1.0,0.0,0.0,0.0,6.8,0.96,1.0,0.0,0.0,0.0,6.53,-6.34,-1.0,0.0,0.0,0.0,6.53,-4.34,-1.0,0.0,0.0,0.0,6.53,-2.34,-1.0,0.0,0.0,0.0,6.53,-0.34,-1.0,0.0,0.0,0.0,6.53,-6.34,1.0,0.0,0.0,0.0,6.53,-4.34,1.0,0.0,0.0,0.0,6.53,-2.34,1.0,0.0,0.0,0.0,6.53,-0.34,1.0,0.0,0.0,0.0,-1.41,-1.96,-1.0,0.0,0.0,0.0,-1.41,0.04,-1.0,0.0,0.0,0.0,-1.41,2.04,-1.0,0.0,0.0,0.0,-1.41,-1.96,1.0,0.0,0.0,0.0,-1.41,0.04,1.0,0.0,0.0,0.0,-1.41,2.04,1.0,0.0,0.0,0.0,2.69,-3.0604000000006137,-0.8327999999998854,0.0,1.0900000000000354,0.38000000000004697,2.69,-1.0603999999999139,-0.8327999999998854,0.0,1.0900000000000354,0.38000000000004697,9.96,-0.21439999999982773,0.13600000000002688,0.0,1.9899999999999918,-0.09999999999998899,9.96,1.7856000000001708,0.13600000000002688,0.0,1.9899999999999367,-0.09999999999998899,-4.73,-3.31800000000041,0.9543999999999562,0.0,0.5500000000000504,-0.24000000000001798,-4.73,-1.317999999999877,0.9543999999999562,0.0,0.5500000000000504,-0.24000000000001798,0,0,0,0,0,0,0,0,0,0,0,0,0,0,0,0,0,0,0,0,0,0,0,0,0,0,0,0,0,0,0,0,0,0,0,0,0,0,0,0,0,0,0,0,0,0,0,0,0,0,0,0,0,0,0,0,0,0,0,0,0,0,0,0,0,0,0,0,0,0,0,0,0,0,0,0,0,0,0,0,0,0,0,0,0,0,0,0,0,0,0,0,0,0,0,0,0,0,0,0,0,0,0,0,0,0,0,0,0,0,0,0,0,0,0,0,0,0,0,0,0,0,0,0,0,0,0,0,0,0,0,0,0,0,0,0,0,0,0,0,0,0,0,0
6.30101863,-8.826799000000143,-1.1695469526408377,-1.110095000000001,1.530999999999949,-1.446759368544548,-1.1890000000001066,1.5309999999999997,-1.4467593685446443,-1.1889999999999996,4.4925196808962236,-0.2608432988356135,-1.880013289338315,4.983932055831636,0.28918178810588924,0.2771193899418354,6.8,-3.04,-1.0,0.0,0.0,0.0,6.8,-1.04,-1.0,0.0,0.0,0.0,6.8,0.96,-1.0,0.0,0.0,0.0,6.8,-3.04,1.0,0.0,0.0,0.0,6.8,-1.04,1.0,0.0,0.0,0.0,6.8,0.96,1.0,0.0,0.0,0.0,6.53,-6.34,-1.0,0.0,0.0,0.0,6.53,-4.34,-1.0,0.0,0.0,0.0,6.53,-2.34,-1.0,0.0,0.0,0.0,6.53,-0.34,-1.0,0.0,0.0,0.0,6.53,-6.34,1.0,0.0,0.0,0.0,6.53,-4.34,1.0,0.0,0.0,0.0,6.53,-2.34,1.0,0.0,0.0,0.0,6.53,-0.34,1.0,0.0,0.0,0.0,-1.41,-1.96,-1.0,0.0,0.0,0.0,-1.41,0.04,-1.0,0.0,0.0,0.0,-1.41,2.04,-1.0,0.0,0.0,0.0,-1.41,-1.96,1.0,0.0,0.0,0.0,-1.41,0.04,1.0,0.0,0.0,0.0,-1.41,2.04,1.0,0.0,0.0,0.0,2.69,-2.9950000000006116,-0.8099999999998826,0.0,1.0900000000000354,0.38000000000004697,2.69,-0.9949999999999117,-0.8099999999998826,0.0,1.0900000000000354,0.38000000000004697,9.96,-0.09499999999982844,0.13000000000002754,0.0,1.9899999999999776,-0.09999999999998899,9.96,1.905000000000167,0.13000000000002754,0.0,1.9899999999999367,-0.09999999999998899,-4.73,-3.285000000000407,0.9399999999999551,0.0,0.5500000000000504,-0.24000000000001798,-4.73,-1.284999999999874,0.9399999999999551,0.0,0.5500000000000504,-0.24000000000001798,0,0,0,0,0,0,0,0,0,0,0,0,0,0,0,0,0,0,0,0,0,0,0,0,0,0,0,0,0,0,0,0,0,0,0,0,0,0,0,0,0,0,0,0,0,0,0,0,0,0,0,0,0,0,0,0,0,0,0,0,0,0,0,0,0,0,0,0,0,0,0,0,0,0,0,0,0,0,0,0,0,0,0,0,0,0,0,0,0,0,0,0,0,0,0,0,0,0,0,0,0,0,0,0,0,0,0,0,0,0,0,0,0,0,0,0,0,0,0,0,0,0,0,0,0,0,0,0,0,0,0,0,0,0,0,0,0,0,0,0,0,0,0,0
6.401870966,-8.733089000000154,-1.2582025147535139,-1.183285000000005,1.6049999999996345,-1.5207593685446774,-1.2630000000000141,1.6049999999999998,-1.5207593685446443,-1.2629999999999997,4.494157616547752,-1.6304689483579464,-1.2657898689594673,4.981399078831491,0.31271727923888654,0.2964306338457535,6.8,-3.04,-1.0,0.0,0.0,0.0,6.8,-1.04,-1.0,0.0,0.0,0.0,6.8,0.96,-1.0,0.0,0.0,0.0,6.8,-3.04,1.0,0.0,0.0,0.0,6.8,-1.04,1.0,0.0,0.0,0.0,6.8,0.96,1.0,0.0,0.0,0.0,6.53,-6.34,-1.0,0.0,0.0,0.0,6.53,-4.34,-1.0,0.0,0.0,0.0,6.53,-2.34,-1.0,0.0,0.0,0.0,6.53,-0.34,-1.0,0.0,0.0,0.0,6.53,-6.34,1.0,0.0,0.0,0.0,6.53,-4.34,1.0,0.0,0.0,0.0,6.53,-2.34,1.0,0.0,0.0,0.0,6.53,-0.34,1.0,0.0,0.0,0.0,-1.41,-1.96,-1.0,0.0,0.0,0.0,-1.41,0.04,-1.0,0.0,0.0,0.0,-1.41,2.04,-1.0,0.0,0.0,0.0,-1.41,-1.96,1.0,0.0,0.0,0.0,-1.41,0.04,1.0,0.0,0.0,0.0,-1.41,2.04,1.0,0.0,0.0,0.0,2.69,-2.9296000000006095,-0.7871999999998798,0.0,1.0900000000000354,0.38000000000004697,2.69,-0.9295999999999096,-0.7871999999998798,0.0,1.0900000000000354,0.38000000000004697,9.96,0.02440000000016996,0.12400000000002806,0.0,1.9899999999999758,-0.10000000000000286,9.96,2.024400000000166,0.12400000000002806,0.0,1.9900000000001583,-0.10000000000000286,-4.73,-3.252000000000404,0.925599999999954,0.0,0.5500000000000504,-0.24000000000001798,-4.73,-1.251999999999871,0.925599999999954,0.0,0.5500000000000504,-0.24000000000001798,0,0,0,0,0,0,0,0,0,0,0,0,0,0,0,0,0,0,0,0,0,0,0,0,0,0,0,0,0,0,0,0,0,0,0,0,0,0,0,0,0,0,0,0,0,0,0,0,0,0,0,0,0,0,0,0,0,0,0,0,0,0,0,0,0,0,0,0,0,0,0,0,0,0,0,0,0,0,0,0,0,0,0,0,0,0,0,0,0,0,0,0,0,0,0,0,0,0,0,0,0,0,0,0,0,0,0,0,0,0,0,0,0,0,0,0,0,0,0,0,0,0,0,0,0,0,0,0,0,0,0,0,0,0,0,0,0,0,0,0,0,0,0,0
6.500578418,-8.602143000000199,-1.3773172642370866,-1.2868710000000076,1.6719999999992297,-1.4537593685446382,-1.3300000000000534,1.6719999999999997,-1.4537593685446444,-1.3299999999999996,4.590237365958422,-0.03919125665294043,-1.6411461380617705,4.9778371401446755,0.34300480349369267,0.3216910178673503,6.8,-3.04,-1.0,0.0,0.0,0.0,6.8,-1.04,-1.0,0.0,0.0,0.0,6.8,0.96,-1.0,0.0,0.0,0.0,6.8,-3.04,1.0,0.0,0.0,0.0,6.8,-1.04,1.0,0.0,0.0,0.0,6.8,0.96,1.0,0.0,0.0,0.0,6.53,-6.34,-1.0,0.0,0.0,0.0,6.53,-4.34,-1.0,0.0,0.0,0.0,6.53,-2.34,-1.0,0.0,0.0,0.0,6.53,-0.34,-1.0,0.0,0.0,0.0,6.53,-6.34,1.0,0.0,0.0,0.0,6.53,-4.34,1.0,0.0,0.0,0.0,6.53,-2.34,1.0,0.0,0.0,0.0,6.53,-0.34,1.0,0.0,0.0,0.0,-1.41,-1.96,-1.0,0.0,0.0,0.0,-1.41,0.04,-1.0,0.0,0.0,0.0,-1.41,2.04,-1.0,0.0,0.0,0.0,-1.41,-1.96,1.0,0.0,0.0,0.0,-1.41,0.04,1.0,0.0,0.0,0.0,-1.41,2.04,1.0,0.0,0.0,0.0,2.69,-2.8424000000006067,-0.756799999999876,0.0,1.0900000000000354,0.38000000000004697,2.69,-0.8423999999999068,-0.756799999999876,0.0,1.0900000000000354,0.38000000000004697,9.96,0.18360000000016963,0.11600000000002783,0.0,1.9899999999999918,-0.10000000000000286,9.96,2.1836000000001787,0.11600000000002783,0.0,1.9900000000001583,-0.10000000000000286,-4.73,-3.2080000000004,0.9063999999999526,0.0,0.5500000000000504,-0.24000000000001798,-4.73,-1.207999999999867,0.9063999999999526,0.0,0.5500000000000504,-0.24000000000001798,0,0,0,0,0,0,0,0,0,0,0,0,0,0,0,0,0,0,0,0,0,0,0,0,0,0,0,0,0,0,0,0,0,0,0,0,0,0,0,0,0,0,0,0,0,0,0,0,0,0,0,0,0,0,0,0,0,0,0,0,0,0,0,0,0,0,0,0,0,0,0,0,0,0,0,0,0,0,0,0,0,0,0,0,0,0,0,0,0,0,0,0,0,0,0,0,0,0,0,0,0,0,0,0,0,0,0,0,0,0,0,0,0,0,0,0,0,0,0,0,0,0,0,0,0,0,0,0,0,0,0,0,0,0,0,0,0,0,0,0,0,0,0,0
6.602862203,-8.430361000000202,-1.5181112010915538,-1.4244530000000095,1.7510000000005022,-1.374759368544698,-1.4089999999999936,1.7509999999999997,-1.3747593685446444,-1.4089999999999996,4.663737367946395,0.29624504633939086,-1.7141066846451936,4.973246273044751,0.3775200805500507,0.35256218802925543,6.8,-3.04,-1.0,0.0,0.0,0.0,6.8,-1.04,-1.0,0.0,0.0,0.0,6.8,0.96,-1.0,0.0,0.0,0.0,6.8,-3.04,1.0,0.0,0.0,0.0,6.8,-1.04,1.0,0.0,0.0,0.0,6.8,0.96,1.0,0.0,0.0,0.0,6.53,-6.34,-1.0,0.0,0.0,0.0,6.53,-4.34,-1.0,0.0,0.0,0.0,6.53,-2.34,-1.0,0.0,0.0,0.0,6.53,-0.34,-1.0,0.0,0.0,0.0,6.53,-6.34,1.0,0.0,0.0,0.0,6.53,-4.34,1.0,0.0,0.0,0.0,6.53,-2.34,1.0,0.0,0.0,0.0,6.53,-0.34,1.0,0.0,0.0,0.0,-1.41,-1.96,-1.0,0.0,0.0,0.0,-1.41,0.04,-1.0,0.0,0.0,0.0,-1.41,2.04,-1.0,0.0,0.0,0.0,-1.41,-1.96,1.0,0.0,0.0,0.0,-1.41,0.04,1.0,0.0,0.0,0.0,-1.41,2.04,1.0,0.0,0.0,0.0,2.69,-2.755200000000604,-0.7263999999998723,0.0,1.0900000000000354,0.38000000000004697,2.69,-0.755199999999904,-0.7263999999998723,0.0,1.0900000000000354,0.38000000000004697,9.96,0.34280000000016897,0.1080000000000276,0.0,1.9899999999999918,-0.10000000000000286,9.96,2.3428000000001914,0.1080000000000276,0.0,1.9900000000001583,-0.10000000000000286,-4.73,-3.164000000000396,0.8871999999999511,0.0,0.5500000000000504,-0.24000000000001798,-4.73,-1.152999999999862,0.8823999999999508,0.0,0.5500000000000504,-0.24000000000001798,0,0,0,0,0,0,0,0,0,0,0,0,0,0,0,0,0,0,0,0,0,0,0,0,0,0,0,0,0,0,0,0,0,0,0,0,0,0,0,0,0,0,0,0,0,0,0,0,0,0,0,0,0,0,0,0,0,0,0,0,0,0,0,0,0,0,0,0,0,0,0,0,0,0,0,0,0,0,0,0,0,0,0,0,0,0,0,0,0,0,0,0,0,0,0,0,0,0,0,0,0,0,0,0,0,0,0,0,0,0,0,0,0,0,0,0,0,0,0,0,0,0,0,0,0,0,0,0,0,0,0,0,0,0,0,0,0,0,0,0,0,0,0,0
6.70039409,-8.285606000000143,-1.6234169505751235,-1.5418480000000152,1.836000000000837,-1.2897593685445852,-1.4940000000001064,1.8359999999999996,-1.2897593685446445,-1.4939999999999996,4.68832861296025,-0.18846862578267487,-1.505072358438591,4.96815768950516,0.4107882161999488,0.3855673918292457,6.8,-3.04,-1.0,0.0,0.0,0.0,6.8,-1.04,-1.0,0.0,0.0,0.0,6.8,0.96,-1.0,0.0,0.0,0.0,6.8,-3.04,1.0,0.0,0.0,0.0,6.8,-1.04,1.0,0.0,0.0,0.0,6.8,0.96,1.0,0.0,0.0,0.0,6.53,-6.34,-1.0,0.0,0.0,0.0,6.53,-4.34,-1.0,0.0,0.0,0.0,6.53,-2.34,-1.0,0.0,0.0,0.0,6.53,-0.34,-1.0,0.0,0.0,0.0,6.53,-6.34,1.0,0.0,0.0,0.0,6.53,-4.34,1.0,0.0,0.0,0.0,6.53,-2.34,1.0,0.0,0.0,0.0,6.53,-0.34,1.0,0.0,0.0,0.0,-1.41,-1.96,-1.0,0.0,0.0,0.0,-1.41,0.04,-1.0,0.0,0.0,0.0,-1.41,2.04,-1.0,0.0,0.0,0.0,-1.41,-1.96,1.0,0.0,0.0,0.0,-1.41,0.04,1.0,0.0,0.0,0.0,-1.41,2.04,1.0,0.0,0.0,0.0,2.69,-2.6462000000006003,-0.6883999999998676,0.0,1.0900000000000354,0.38000000000004697,2.69,-0.6461999999999004,-0.6883999999998676,0.0,1.0900000000000354,0.38000000000004697,9.96,0.5418000000001694,0.09800000000002732,0.0,1.9900000000000477,-0.10000000000000286,9.96,2.5418000000002072,0.09800000000002732,0.0,1.9900000000001583,-0.10000000000000286,-4.73,-3.109000000000391,0.8631999999999493,0.0,0.5500000000000504,-0.24000000000001798,-4.73,-1.1089999999998579,0.8631999999999493,0.0,0.5500000000000504,-0.24000000000001798,0,0,0,0,0,0,0,0,0,0,0,0,0,0,0,0,0,0,0,0,0,0,0,0,0,0,0,0,0,0,0,0,0,0,0,0,0,0,0,0,0,0,0,0,0,0,0,0,0,0,0,0,0,0,0,0,0,0,0,0,0,0,0,0,0,0,0,0,0,0,0,0,0,0,0,0,0,0,0,0,0,0,0,0,0,0,0,0,0,0,0,0,0,0,0,0,0,0,0,0,0,0,0,0,0,0,0,0,0,0,0,0,0,0,0,0,0,0,0,0,0,0,0,0,0,0,0,0,0,0,0,0,0,0,0,0,0,0,0,0,0,0,0,0
6.800847865,-8.134493000000164,-1.7223647000586988,-1.657135000000021,1.9189999999991159,-1.206759368544752,-1.411000000000051,1.9189999999999996,-1.2067593685446445,-1.4109999999999996,4.813749243984838,0.4600835655350348,-1.2224091150198575,4.961997625219215,0.4456633991520421,0.4242212889225566,6.8,-3.04,-1.0,0.0,0.0,0.0,6.8,-1.04,-1.0,0.0,0.0,0.0,6.8,0.96,-1.0,0.0,0.0,0.0,6.8,-3.04,1.0,0.0,0.0,0.0,6.8,-1.04,1.0,0.0,0.0,0.0,6.8,0.96,1.0,0.0,0.0,0.0,6.53,-6.34,-1.0,0.0,0.0,0.0,6.53,-4.34,-1.0,0.0,0.0,0.0,6.53,-2.34,-1.0,0.0,0.0,0.0,6.53,-0.34,-1.0,0.0,0.0,0.0,6.53,-6.34,1.0,0.0,0.0,0.0,6.53,-4.34,1.0,0.0,0.0,0.0,6.53,-2.34,1.0,0.0,0.0,0.0,6.53,-0.34,1.0,0.0,0.0,0.0,-1.41,-1.96,-1.0,0.0,0.0,0.0,-1.41,0.04,-1.0,0.0,0.0,0.0,-1.41,2.04,-1.0,0.0,0.0,0.0,-1.41,-1.96,1.0,0.0,0.0,0.0,-1.41,0.04,1.0,0.0,0.0,0.0,-1.41,2.04,1.0,0.0,0.0,0.0,2.69,-2.5590000000005975,-0.6579999999998638,0.0,1.0900000000000354,0.38000000000004697,2.69,-0.5589999999998976,-0.6579999999998638,0.0,1.0900000000000354,0.38000000000004697,9.96,0.7010000000001732,0.09000000000002709,0.0,1.9900000000000477,-0.10000000000000286,9.96,2.70100000000022,0.09000000000002709,0.0,1.9900000000001583,-0.10000000000000286,-4.73,-3.0650000000003867,0.8439999999999479,0.0,0.5500000000000504,-0.24000000000001798,-4.73,-1.0649999999998538,0.8439999999999479,0.0,0.5500000000000504,-0.24000000000001798,0,0,0,0,0,0,0,0,0,0,0,0,0,0,0,0,0,0,0,0,0,0,0,0,0,0,0,0,0,0,0,0,0,0,0,0,0,0,0,0,0,0,0,0,0,0,0,0,0,0,0,0,0,0,0,0,0,0,0,0,0,0,0,0,0,0,0,0,0,0,0,0,0,0,0,0,0,0,0,0,0,0,0,0,0,0,0,0,0,0,0,0,0,0,0,0,0,0,0,0,0,0,0,0,0,0,0,0,0,0,0,0,0,0,0,0,0,0,0,0,0,0,0,0,0,0,0,0,0,0,0,0,0,0,0,0,0,0,0,0,0,0,0,0
6.901992023,-7.9372350000002125,-1.8376826369131718,-1.7928770000000238,2.0129999999998205,-1.1127593685447135,-1.3170000000000126,2.0129999999999995,-1.1127593685446444,-1.3169999999999995,4.8118363566620825,0.11021959006633342,-1.138199784784844,4.955626506990761,0.4782795695739958,0.46153502200662877,6.8,-3.04,-1.0,0.0,0.0,0.0,6.8,-1.04,-1.0,0.0,0.0,0.0,6.8,0.96,-1.0,0.0,0.0,0.0,6.8,-3.04,1.0,0.0,0.0,0.0,6.8,-1.04,1.0,0.0,0.0,0.0,6.8,0.96,1.0,0.0,0.0,0.0,6.53,-6.34,-1.0,0.0,0.0,0.0,6.53,-4.34,-1.0,0.0,0.0,0.0,6.53,-2.34,-1.0,0.0,0.0,0.0,6.53,-0.34,-1.0,0.0,0.0,0.0,6.53,-6.34,1.0,0.0,0.0,0.0,6.53,-4.34,1.0,0.0,0.0,0.0,6.53,-2.34,1.0,0.0,0.0,0.0,6.53,-0.34,1.0,0.0,0.0,0.0,-1.41,-1.96,-1.0,0.0,0.0,0.0,-1.41,0.04,-1.0,0.0,0.0,0.0,-1.41,2.04,-1.0,0.0,0.0,0.0,-1.41,-1.96,1.0,0.0,0.0,0.0,-1.41,0.04,1.0,0.0,0.0,0.0,-1.41,2.04,1.0,0.0,0.0,0.0,2.69,-2.450000000000594,-0.6199999999998591,0.0,1.0900000000000354,0.38000000000004697,2.69,-0.4499999999998966,-0.6199999999998591,0.0,1.08999999999998,0.38000000000004697,9.96,0.9000000000001779,0.0800000000000268,0.0,1.9900000000000477,-0.10000000000000286,9.96,2.9000000000002357,0.0800000000000268,0.0,1.9900000000001583,-0.10000000000000286,-4.73,-3.0100000000003817,0.8199999999999461,0.0,0.5500000000000504,-0.24000000000001798,-4.73,-1.0099999999998488,0.8199999999999461,0.0,0.5500000000000504,-0.24000000000001798,0,0,0,0,0,0,0,0,0,0,0,0,0,0,0,0,0,0,0,0,0,0,0,0,0,0,0,0,0,0,0,0,0,0,0,0,0,0,0,0,0,0,0,0,0,0,0,0,0,0,0,0,0,0,0,0,0,0,0,0,0,0,0,0,0,0,0,0,0,0,0,0,0,0,0,0,0,0,0,0,0,0,0,0,0,0,0,0,0,0,0,0,0,0,0,0,0,0,0,0,0,0,0,0,0,0,0,0,0,0,0,0,0,0,0,0,0,0,0,0,0,0,0,0,0,0,0,0,0,0,0,0,0,0,0,0,0,0,0,0,0,0,0,0
7.001721728,-7.77196500000022,-1.922473386396742,-1.8952043593546428,2.102999999999966,-1.022759368544568,-1.2524757309493317,2.1029999999999993,-1.0227593685446443,-1.2524757309494357,4.8195299861141105,0.18809873877103822,-1.2524757309494357,4.9487775025915735,0.5106489288167634,0.4988375500519205,6.8,-3.04,-1.0,0.0,0.0,0.0,6.8,-1.04,-1.0,0.0,0.0,0.0,6.8,0.96,-1.0,0.0,0.0,0.0,6.8,-3.04,1.0,0.0,0.0,0.0,6.8,-1.04,1.0,0.0,0.0,0.0,6.8,0.96,1.0,0.0,0.0,0.0,6.53,-6.34,-1.0,0.0,0.0,0.0,6.53,-4.34,-1.0,0.0,0.0,0.0,6.53,-2.34,-1.0,0.0,0.0,0.0,6.53,-0.34,-1.0,0.0,0.0,0.0,6.53,-6.34,1.0,0.0,0.0,0.0,6.53,-4.34,1.0,0.0,0.0,0.0,6.53,-2.34,1.0,0.0,0.0,0.0,6.53,-0.34,1.0,0.0,0.0,0.0,-1.41,-1.96,-1.0,0.0,0.0,0.0,-1.41,0.04,-1.0,0.0,0.0,0.0,-1.41,2.04,-1.0,0.0,0.0,0.0,-1.41,-1.96,1.0,0.0,0.0,0.0,-1.41,0.04,1.0,0.0,0.0,0.0,-1.41,2.04,1.0,0.0,0.0,0.0,2.69,-2.362800000000591,-0.5895999999998554,0.0,1.0900000000000354,0.38000000000004697,2.69,-0.3627999999998982,-0.5895999999998554,0.0,1.08999999999998,0.38000000000004697,9.96,1.0592000000001784,0.07200000000002657,0.0,1.9899999999999367,-0.10000000000000286,9.96,3.0592000000002484,0.07200000000002657,0.0,1.9900000000001583,-0.10000000000000286,-4.73,-2.9660000000003777,0.8007999999999447,0.0,0.5500000000000504,-0.24000000000001798,-4.73,-0.9659999999998448,0.8007999999999447,0.0,0.5500000000000504,-0.24000000000001798,0,0,0,0,0,0,0,0,0,0,0,0,0,0,0,0,0,0,0,0,0,0,0,0,0,0,0,0,0,0,0,0,0,0,0,0,0,0,0,0,0,0,0,0,0,0,0,0,0,0,0,0,0,0,0,0,0,0,0,0,0,0,0,0,0,0,0,0,0,0,0,0,0,0,0,0,0,0,0,0,0,0,0,0,0,0,0,0,0,0,0,0,0,0,0,0,0,0,0,0,0,0,0,0,0,0,0,0,0,0,0,0,0,0,0,0,0,0,0,0,0,0,0,0,0,0,0,0,0,0,0,0,0,0,0,0,0,0,0,0,0,0,0,0
7.101911669,-7.600245000000234,-2.0008141358803098,-1.9919224178305914,2.189999999999692,-0.9357593685446419,-1.1654757309493835,2.1899999999999995,-0.9357593685446444,-1.1654757309494357,4.849890118568769,0.10690581256010923,-1.0371441220109987,4.941688637944813,0.5415340949275088,0.5352141904305113,6.8,-3.04,-1.0,0.0,0.0,0.0,6.8,-1.04,-1.0,0.0,0.0,0.0,6.8,0.96,-1.0,0.0,0.0,0.0,6.8,-3.04,1.0,0.0,0.0,0.0,6.8,-1.04,1.0,0.0,0.0,0.0,6.8,0.96,1.0,0.0,0.0,0.0,6.53,-6.34,-1.0,0.0,0.0,0.0,6.53,-4.34,-1.0,0.0,0.0,0.0,6.53,-2.34,-1.0,0.0,0.0,0.0,6.53,-0.34,-1.0,0.0,0.0,0.0,6.53,-6.34,1.0,0.0,0.0,0.0,6.53,-4.34,1.0,0.0,0.0,0.0,6.53,-2.34,1.0,0.0,0.0,0.0,6.53,-0.34,1.0,0.0,0.0,0.0,-1.41,-1.96,-1.0,0.0,0.0,0.0,-1.41,0.04,-1.0,0.0,0.0,0.0,-1.41,2.04,-1.0,0.0,0.0,0.0,-1.41,-1.96,1.0,0.0,0.0,0.0,-1.41,0.04,1.0,0.0,0.0,0.0,-1.41,2.04,1.0,0.0,0.0,0.0,2.69,-2.2756000000005883,-0.5591999999998516,0.0,1.0900000000000354,0.38000000000004697,2.69,-0.2755999999998998,-0.5591999999998516,0.0,1.08999999999998,0.38000000000004697,9.96,1.2184000000001733,0.06400000000002634,0.0,1.9899999999999367,-0.10000000000000286,9.96,3.218400000000261,0.06400000000002634,0.0,1.9900000000001583,-0.10000000000000286,-4.73,-2.9220000000003736,0.7815999999999432,0.0,0.5500000000000504,-0.24000000000001798,-4.73,-0.9219999999998407,0.7815999999999432,0.0,0.5500000000000504,-0.24000000000001798,0,0,0,0,0,0,0,0,0,0,0,0,0,0,0,0,0,0,0,0,0,0,0,0,0,0,0,0,0,0,0,0,0,0,0,0,0,0,0,0,0,0,0,0,0,0,0,0,0,0,0,0,0,0,0,0,0,0,0,0,0,0,0,0,0,0,0,0,0,0,0,0,0,0,0,0,0,0,0,0,0,0,0,0,0,0,0,0,0,0,0,0,0,0,0,0,0,0,0,0,0,0,0,0,0,0,0,0,0,0,0,0,0,0,0,0,0,0,0,0,0,0,0,0,0,0,0,0,0,0,0,0,0,0,0,0,0,0,0,0,0,0,0,0
7.200882682,-7.4218860000002325,-2.072515885363888,-2.0820014763065497,2.271000000000356,-0.854759368544844,-1.0844757309493858,2.2709999999999995,-0.8547593685446444,-1.0844757309494357,4.777227127489439,1.1295047342072575,-0.9503061108930857,4.935095773661483,0.5683551623226124,0.567276047660927,6.8,-3.04,-1.0,0.0,0.0,0.0,6.8,-1.04,-1.0,0.0,0.0,0.0,6.8,0.96,-1.0,0.0,0.0,0.0,6.8,-3.04,1.0,0.0,0.0,0.0,6.8,-1.04,1.0,0.0,0.0,0.0,6.8,0.96,1.0,0.0,0.0,0.0,6.53,-6.34,-1.0,0.0,0.0,0.0,6.53,-4.34,-1.0,0.0,0.0,0.0,6.53,-2.34,-1.0,0.0,0.0,0.0,6.53,-0.34,-1.0,0.0,0.0,0.0,6.53,-6.34,1.0,0.0,0.0,0.0,6.53,-4.34,1.0,0.0,0.0,0.0,6.53,-2.34,1.0,0.0,0.0,0.0,6.53,-0.34,1.0,0.0,0.0,0.0,-1.41,-1.96,-1.0,0.0,0.0,0.0,-1.41,0.04,-1.0,0.0,0.0,0.0,-1.41,2.04,-1.0,0.0,0.0,0.0,-1.41,-1.96,1.0,0.0,0.0,0.0,-1.41,0.04,1.0,0.0,0.0,0.0,-1.41,2.04,1.0,0.0,0.0,0.0,2.69,-2.1884000000005854,-0.5287999999998478,0.0,1.0900000000000354,0.38000000000004697,2.69,-0.18839999999989984,-0.5287999999998478,0.0,1.0900000000000074,0.38000000000004697,9.96,1.3776000000001682,0.05600000000002611,0.0,1.9899999999999367,-0.10000000000000286,9.96,3.3776000000002737,0.05600000000002611,0.0,1.9900000000001583,-0.10000000000000286,-4.73,-2.8780000000003696,0.7623999999999418,0.0,0.5500000000000504,-0.24000000000001798,-4.73,-0.8779999999998367,0.7623999999999418,0.0,0.5500000000000504,-0.24000000000001798,0,0,0,0,0,0,0,0,0,0,0,0,0,0,0,0,0,0,0,0,0,0,0,0,0,0,0,0,0,0,0,0,0,0,0,0,0,0,0,0,0,0,0,0,0,0,0,0,0,0,0,0,0,0,0,0,0,0,0,0,0,0,0,0,0,0,0,0,0,0,0,0,0,0,0,0,0,0,0,0,0,0,0,0,0,0,0,0,0,0,0,0,0,0,0,0,0,0,0,0,0,0,0,0,0,0,0,0,0,0,0,0,0,0,0,0,0,0,0,0,0,0,0,0,0,0,0,0,0,0,0,0,0,0,0,0,0,0,0,0,0,0,0,0
7.30120564,-7.237046000000224,-2.1377366348474602,-2.169811742931289,2.349999999999852,-0.7757593685444597,-1.1107809346690978,2.3499999999999996,-0.7757593685446444,-1.1107809346693012,4.843278733432504,0.6169980427279205,-1.1107809346693012,4.929334243344055,0.5905406674024706,0.5940754476828131,6.8,-3.04,-1.0,0.0,0.0,0.0,6.8,-1.04,-1.0,0.0,0.0,0.0,6.8,0.96,-1.0,0.0,0.0,0.0,6.8,-3.04,1.0,0.0,0.0,0.0,6.8,-1.04,1.0,0.0,0.0,0.0,6.8,0.96,1.0,0.0,0.0,0.0,6.53,-6.34,-1.0,0.0,0.0,0.0,6.53,-4.34,-1.0,0.0,0.0,0.0,6.53,-2.34,-1.0,0.0,0.0,0.0,6.53,-0.34,-1.0,0.0,0.0,0.0,6.53,-6.34,1.0,0.0,0.0,0.0,6.53,-4.34,1.0,0.0,0.0,0.0,6.53,-2.34,1.0,0.0,0.0,0.0,6.53,-0.34,1.0,0.0,0.0,0.0,-1.41,-1.96,-1.0,0.0,0.0,0.0,-1.41,0.04,-1.0,0.0,0.0,0.0,-1.41,2.04,-1.0,0.0,0.0,0.0,-1.41,-1.96,1.0,0.0,0.0,0.0,-1.41,0.04,1.0,0.0,0.0,0.0,-1.41,2.04,1.0,0.0,0.0,0.0,2.69,-2.1012000000005826,-0.49839999999984436,0.0,1.0900000000000354,0.3800000000000192,2.69,-0.10119999999989954,-0.49839999999984436,0.0,1.0899999999999934,0.3800000000000192,9.96,1.5368000000001631,0.04800000000002588,0.0,1.9899999999999367,-0.10000000000000286,9.96,3.5368000000002864,0.04800000000002588,0.0,1.9900000000001583,-0.10000000000000286,-4.73,-2.8340000000003656,0.7431999999999404,0.0,0.5500000000000504,-0.24000000000001798,-4.73,-0.8339999999998327,0.7431999999999404,0.0,0.5500000000000504,-0.24000000000001798,0,0,0,0,0,0,0,0,0,0,0,0,0,0,0,0,0,0,0,0,0,0,0,0,0,0,0,0,0,0,0,0,0,0,0,0,0,0,0,0,0,0,0,0,0,0,0,0,0,0,0,0,0,0,0,0,0,0,0,0,0,0,0,0,0,0,0,0,0,0,0,0,0,0,0,0,0,0,0,0,0,0,0,0,0,0,0,0,0,0,0,0,0,0,0,0,0,0,0,0,0,0,0,0,0,0,0,0,0,0,0,0,0,0,0,0,0,0,0,0,0,0,0,0,0,0,0,0,0,0,0,0,0,0,0,0,0,0,0,0,0,0,0,0
7.400893305,-6.99717100000025,-2.2104375717019176,-2.2760148363982102,2.4249999999996774,-0.7007593685446345,-1.0357809346692726,2.425,-0.7007593685446445,-1.0357809346693012,4.9715332588006085,0.4604552910458306,-0.7413046744727598,4.921986794650809,0.6165356994691211,0.6276382115225138,6.8,-3.04,-1.0,0.0,0.0,0.0,6.8,-1.04,-1.0,0.0,0.0,0.0,6.8,0.96,-1.0,0.0,0.0,0.0,6.8,-3.04,1.0,0.0,0.0,0.0,6.8,-1.04,1.0,0.0,0.0,0.0,6.8,0.96,1.0,0.0,0.0,0.0,6.53,-6.34,-1.0,0.0,0.0,0.0,6.53,-4.34,-1.0,0.0,0.0,0.0,6.53,-2.34,-1.0,0.0,0.0,0.0,6.53,-0.34,-1.0,0.0,0.0,0.0,6.53,-6.34,1.0,0.0,0.0,0.0,6.53,-4.34,1.0,0.0,0.0,0.0,6.53,-2.34,1.0,0.0,0.0,0.0,6.53,-0.34,1.0,0.0,0.0,0.0,-1.41,-1.96,-1.0,0.0,0.0,0.0,-1.41,0.04,-1.0,0.0,0.0,0.0,-1.41,2.04,-1.0,0.0,0.0,0.0,-1.41,-1.96,1.0,0.0,0.0,0.0,-1.41,0.04,1.0,0.0,0.0,0.0,-1.41,2.04,1.0,0.0,0.0,0.0,2.69,-1.992200000000579,-0.4603999999998452,0.0,1.0900000000000354,0.37999999999999146,2.69,0.007800000000100277,-0.4603999999998452,0.0,1.0899999999999999,0.37999999999999146,9.96,1.7358000000001568,0.0380000000000256,0.0,1.9899999999999367,-0.10000000000000286,9.96,3.735800000000302,0.0380000000000256,0.0,1.9900000000001583,-0.10000000000000286,-4.73,-2.7790000000003605,0.7191999999999386,0.0,0.5500000000000504,-0.24000000000001798,-4.73,-0.7789999999998276,0.7191999999999386,0.0,0.5500000000000504,-0.24000000000001798,0,0,0,0,0,0,0,0,0,0,0,0,0,0,0,0,0,0,0,0,0,0,0,0,0,0,0,0,0,0,0,0,0,0,0,0,0,0,0,0,0,0,0,0,0,0,0,0,0,0,0,0,0,0,0,0,0,0,0,0,0,0,0,0,0,0,0,0,0,0,0,0,0,0,0,0,0,0,0,0,0,0,0,0,0,0,0,0,0,0,0,0,0,0,0,0,0,0,0,0,0,0,0,0,0,0,0,0,0,0,0,0,0,0,0,0,0,0,0,0,0,0,0,0,0,0,0,0,0,0,0,0,0,0,0,0,0,0,0,0,0,0,0,0
7.501488038,-6.798771000000247,-2.262098321185479,-2.3544773111717623,2.5250000000003325,-0.6007593685444235,-0.9357809346695056,2.525,-0.6007593685446445,-0.9357809346693012,4.879738874906157,0.49711154521700696,-0.7162084533189832,4.914134386824582,0.642306928674192,0.6623632218090876,6.8,-3.04,-1.0,0.0,0.0,0.0,6.8,-1.04,-1.0,0.0,0.0,0.0,6.8,0.96,-1.0,0.0,0.0,0.0,6.8,-3.04,1.0,0.0,0.0,0.0,6.8,-1.04,1.0,0.0,0.0,0.0,6.8,0.96,1.0,0.0,0.0,0.0,6.53,-6.34,-1.0,0.0,0.0,0.0,6.53,-4.34,-1.0,0.0,0.0,0.0,6.53,-2.34,-1.0,0.0,0.0,0.0,6.53,-0.34,-1.0,0.0,0.0,0.0,6.53,-6.34,1.0,0.0,0.0,0.0,6.53,-4.34,1.0,0.0,0.0,0.0,6.53,-2.34,1.0,0.0,0.0,0.0,6.53,-0.34,1.0,0.0,0.0,0.0,-1.41,-1.96,-1.0,0.0,0.0,0.0,-1.41,0.04,-1.0,0.0,0.0,0.0,-1.41,2.04,-1.0,0.0,0.0,0.0,-1.41,-1.96,1.0,0.0,0.0,0.0,-1.41,0.04,1.0,0.0,0.0,0.0,-1.41,2.04,1.0,0.0,0.0,0.0,2.69,-1.9050000000005762,-0.4299999999998459,0.0,1.0900000000000354,0.37999999999999146,2.69,0.09500000000010013,-0.4299999999998459,0.0,1.0899999999999934,0.37999999999999146,9.96,1.8950000000001517,0.030000000000025413,0.0,1.9899999999999367,-0.09999999999999941,9.96,3.895000000000315,0.030000000000025413,0.0,1.9900000000001583,-0.09999999999999941,-4.73,-2.7350000000003565,0.6999999999999371,0.0,0.5500000000000504,-0.24000000000001798,-4.73,-0.7349999999998236,0.6999999999999371,0.0,0.5500000000000504,-0.24000000000001798,0,0,0,0,0,0,0,0,0,0,0,0,0,0,0,0,0,0,0,0,0,0,0,0,0,0,0,0,0,0,0,0,0,0,0,0,0,0,0,0,0,0,0,0,0,0,0,0,0,0,0,0,0,0,0,0,0,0,0,0,0,0,0,0,0,0,0,0,0,0,0,0,0,0,0,0,0,0,0,0,0,0,0,0,0,0,0,0,0,0,0,0,0,0,0,0,0,0,0,0,0,0,0,0,0,0,0,0,0,0,0,0,0,0,0,0,0,0,0,0,0,0,0,0,0,0,0,0,0,0,0,0,0,0,0,0,0,0,0,0,0,0,0,0
7.604401826,-6.541411000000254,-2.3173142580399375,-2.443195404638705,2.61499999999959,-0.510759368544722,-0.8457809346693601,2.6149999999999998,-0.5107593685446445,-0.8457809346693013,4.98071861830512,0.6755679792483642,-0.6812989039719755,4.906495311465712,0.6659372870666812,0.6948606250603413,6.8,-3.04,-1.0,0.0,0.0,0.0,6.8,-1.04,-1.0,0.0,0.0,0.0,6.8,0.96,-1.0,0.0,0.0,0.0,6.8,-3.04,1.0,0.0,0.0,0.0,6.8,-1.04,1.0,0.0,0.0,0.0,6.8,0.96,1.0,0.0,0.0,0.0,6.53,-6.34,-1.0,0.0,0.0,0.0,6.53,-4.34,-1.0,0.0,0.0,0.0,6.53,-2.34,-1.0,0.0,0.0,0.0,6.53,-0.34,-1.0,0.0,0.0,0.0,6.53,-6.34,1.0,0.0,0.0,0.0,6.53,-4.34,1.0,0.0,0.0,0.0,6.53,-2.34,1.0,0.0,0.0,0.0,6.53,-0.34,1.0,0.0,0.0,0.0,-1.41,-1.96,-1.0,0.0,0.0,0.0,-1.41,0.04,-1.0,0.0,0.0,0.0,-1.41,2.04,-1.0,0.0,0.0,0.0,-1.41,-1.96,1.0,0.0,0.0,0.0,-1.41,0.04,1.0,0.0,0.0,0.0,-1.41,2.04,1.0,0.0,0.0,0.0,2.69,-1.7960000000005727,-0.39199999999984675,0.0,1.0900000000000354,0.37999999999999146,2.69,0.20400000000010052,-0.39199999999984675,0.0,1.0900000000000074,0.37999999999999146,9.96,2.0940000000001557,0.020000000000025473,0.0,1.9900000000001583,-0.09999999999999941,9.96,4.094000000000331,0.020000000000025473,0.0,1.9900000000001583,-0.09999999999999941,-4.73,-2.6800000000003514,0.6759999999999353,0.0,0.5500000000000504,-0.24000000000001798,-4.73,-0.6799999999998185,0.6759999999999353,0.0,0.5500000000000504,-0.24000000000001798,0,0,0,0,0,0,0,0,0,0,0,0,0,0,0,0,0,0,0,0,0,0,0,0,0,0,0,0,0,0,0,0,0,0,0,0,0,0,0,0,0,0,0,0,0,0,0,0,0,0,0,0,0,0,0,0,0,0,0,0,0,0,0,0,0,0,0,0,0,0,0,0,0,0,0,0,0,0,0,0,0,0,0,0,0,0,0,0,0,0,0,0,0,0,0,0,0,0,0,0,0,0,0,0,0,0,0,0,0,0,0,0,0,0,0,0,0,0,0,0,0,0,0,0,0,0,0,0,0,0,0,0,0,0,0,0,0,0,0,0,0,0,0,0
7.701748894,-6.381825000000266,-2.345273820152623,-2.4912562607188686,2.693999999999974,-0.4317593685447818,-0.7667809346694199,2.694,-0.43175936854464453,-0.7667809346693013,4.8561931782933865,0.7183271478595623,-0.6720004152100074,4.8989877487294,0.6878675601159995,0.7257804472010101,6.8,-3.04,-1.0,0.0,0.0,0.0,6.8,-1.04,-1.0,0.0,0.0,0.0,6.8,0.96,-1.0,0.0,0.0,0.0,6.8,-3.04,1.0,0.0,0.0,0.0,6.8,-1.04,1.0,0.0,0.0,0.0,6.8,0.96,1.0,0.0,0.0,0.0,6.53,-6.34,-1.0,0.0,0.0,0.0,6.53,-4.34,-1.0,0.0,0.0,0.0,6.53,-2.34,-1.0,0.0,0.0,0.0,6.53,-0.34,-1.0,0.0,0.0,0.0,6.53,-6.34,1.0,0.0,0.0,0.0,6.53,-4.34,1.0,0.0,0.0,0.0,6.53,-2.34,1.0,0.0,0.0,0.0,6.53,-0.34,1.0,0.0,0.0,0.0,-1.41,-1.96,-1.0,0.0,0.0,0.0,-1.41,0.04,-1.0,0.0,0.0,0.0,-1.41,2.04,-1.0,0.0,0.0,0.0,-1.41,-1.96,1.0,0.0,0.0,0.0,-1.41,0.04,1.0,0.0,0.0,0.0,-1.41,2.04,1.0,0.0,0.0,0.0,2.69,-1.7306000000005706,-0.36919999999984726,0.0,1.0900000000000354,0.37999999999999146,2.69,0.2912000000001001,-0.36159999999984743,0.0,1.08999999999998,0.37999999999999146,9.96,2.2134000000001652,0.01400000000002551,0.0,1.9900000000001583,-0.09999999999999941,9.96,4.21340000000034,0.01400000000002551,0.0,1.9900000000001583,-0.09999999999999941,-4.73,-2.6470000000003484,0.6615999999999342,0.0,0.5500000000000504,-0.24000000000001798,-4.73,-0.6359999999998145,0.6567999999999339,0.0,0.5500000000000504,-0.24000000000001798,0,0,0,0,0,0,0,0,0,0,0,0,0,0,0,0,0,0,0,0,0,0,0,0,0,0,0,0,0,0,0,0,0,0,0,0,0,0,0,0,0,0,0,0,0,0,0,0,0,0,0,0,0,0,0,0,0,0,0,0,0,0,0,0,0,0,0,0,0,0,0,0,0,0,0,0,0,0,0,0,0,0,0,0,0,0,0,0,0,0,0,0,0,0,0,0,0,0,0,0,0,0,0,0,0,0,0,0,0,0,0,0,0,0,0,0,0,0,0,0,0,0,0,0,0,0,0,0,0,0,0,0,0,0,0,0,0,0,0,0,0,0,0,0
7.800692376,-6.10805100000028,-2.384075757007089,-2.5635603541857988,2.77499999999975,-0.350759368544562,-0.6857809346692001,2.775,-0.3507593685446445,-0.6857809346693013,4.965141145671212,0.20552284308059354,-0.6169501750331388,4.892250542691935,0.7065182296414417,0.752805830685966,6.8,-3.04,-1.0,0.0,0.0,0.0,6.8,-1.04,-1.0,0.0,0.0,0.0,6.8,0.96,-1.0,0.0,0.0,0.0,6.8,-3.04,1.0,0.0,0.0,0.0,6.8,-1.04,1.0,0.0,0.0,0.0,6.8,0.96,1.0,0.0,0.0,0.0,6.53,-6.34,-1.0,0.0,0.0,0.0,6.53,-4.34,-1.0,0.0,0.0,0.0,6.53,-2.34,-1.0,0.0,0.0,0.0,6.53,-0.34,-1.0,0.0,0.0,0.0,6.53,-6.34,1.0,0.0,0.0,0.0,6.53,-4.34,1.0,0.0,0.0,0.0,6.53,-2.34,1.0,0.0,0.0,0.0,6.53,-0.34,1.0,0.0,0.0,0.0,-1.41,-1.96,-1.0,0.0,0.0,0.0,-1.41,0.04,-1.0,0.0,0.0,0.0,-1.41,2.04,-1.0,0.0,0.0,0.0,-1.41,-1.96,1.0,0.0,0.0,0.0,-1.41,0.04,1.0,0.0,0.0,0.0,-1.41,2.04,1.0,0.0,0.0,0.0,2.69,-1.621600000000567,-0.3311999999998481,0.0,1.0900000000000354,0.37999999999999146,2.69,0.3784000000000985,-0.3311999999998481,0.0,1.08999999999998,0.37999999999999146,9.96,2.412400000000181,0.004000000000025536,0.0,1.9900000000001583,-0.10000000000000028,9.96,4.412400000000356,0.004000000000025536,0.0,1.9900000000001583,-0.10000000000000028,-4.73,-2.5920000000003434,0.6375999999999324,0.0,0.5500000000000504,-0.24000000000001798,-4.73,-0.5919999999998105,0.6375999999999324,0.0,0.5500000000000504,-0.24000000000001798,0,0,0,0,0,0,0,0,0,0,0,0,0,0,0,0,0,0,0,0,0,0,0,0,0,0,0,0,0,0,0,0,0,0,0,0,0,0,0,0,0,0,0,0,0,0,0,0,0,0,0,0,0,0,0,0,0,0,0,0,0,0,0,0,0,0,0,0,0,0,0,0,0,0,0,0,0,0,0,0,0,0,0,0,0,0,0,0,0,0,0,0,0,0,0,0,0,0,0,0,0,0,0,0,0,0,0,0,0,0,0,0,0,0,0,0,0,0,0,0,0,0,0,0,0,0,0,0,0,0,0,0,0,0,0,0,0,0,0,0,0,0,0,0
7.900485134,-5.882138000000288,-2.408223506490661,-2.6158585095796187,2.866000000000035,-0.2597593685447208,-0.6261456002571997,2.866,-0.25975936854464454,-0.6261456002573524,4.958401203420998,0.012869611562903671,-0.6261456002573524,4.884836235849417,0.7259900010922145,0.7818653766772289,6.8,-3.04,-1.0,0.0,0.0,0.0,6.8,-1.04,-1.0,0.0,0.0,0.0,6.8,0.96,-1.0,0.0,0.0,0.0,6.8,-3.04,1.0,0.0,0.0,0.0,6.8,-1.04,1.0,0.0,0.0,0.0,6.8,0.96,1.0,0.0,0.0,0.0,6.53,-6.34,-1.0,0.0,0.0,0.0,6.53,-4.34,-1.0,0.0,0.0,0.0,6.53,-2.34,-1.0,0.0,0.0,0.0,6.53,-0.34,-1.0,0.0,0.0,0.0,6.53,-6.34,1.0,0.0,0.0,0.0,6.53,-4.34,1.0,0.0,0.0,0.0,6.53,-2.34,1.0,0.0,0.0,0.0,6.53,-0.34,1.0,0.0,0.0,0.0,-1.41,-1.96,-1.0,0.0,0.0,0.0,-1.41,0.04,-1.0,0.0,0.0,0.0,-1.41,2.04,-1.0,0.0,0.0,0.0,-1.41,-1.96,1.0,0.0,0.0,0.0,-1.41,0.04,1.0,0.0,0.0,0.0,-1.41,2.04,1.0,0.0,0.0,0.0,2.69,-1.5344000000005642,-0.3007999999998488,0.0,1.0900000000000354,0.37999999999999146,2.69,0.4656000000000969,-0.3007999999998488,0.0,1.08999999999998,0.37999999999999146,9.96,2.5716000000001937,-0.003999999999974459,0.0,1.9900000000001583,-0.0999999999999999,9.96,4.571600000000369,-0.003999999999974459,0.0,1.9900000000001583,-0.0999999999999999,-4.73,-2.5480000000003393,0.618399999999931,0.0,0.5500000000000504,-0.24000000000001798,-4.73,-0.5479999999998064,0.618399999999931,0.0,0.5500000000000504,-0.24000000000001798,0,0,0,0,0,0,0,0,0,0,0,0,0,0,0,0,0,0,0,0,0,0,0,0,0,0,0,0,0,0,0,0,0,0,0,0,0,0,0,0,0,0,0,0,0,0,0,0,0,0,0,0,0,0,0,0,0,0,0,0,0,0,0,0,0,0,0,0,0,0,0,0,0,0,0,0,0,0,0,0,0,0,0,0,0,0,0,0,0,0,0,0,0,0,0,0,0,0,0,0,0,0,0,0,0,0,0,0,0,0,0,0,0,0,0,0,0,0,0,0,0,0,0,0,0,0,0,0,0,0,0,0,0,0,0,0,0,0,0,0,0,0,0,0
8.001193129,-5.649382000000268,-2.4255282559742413,-2.6624741576001973,2.9450000000004195,-0.18075936854478059,-0.5471456002572594,2.9450000000000003,-0.18075936854464453,-0.5471456002573525,4.906181236486704,0.3070252519781693,-0.4865527055133736,4.877706572819886,0.7434621138277618,0.8094706139029666,6.8,-3.04,-1.0,0.0,0.0,0.0,6.8,-1.04,-1.0,0.0,0.0,0.0,6.8,0.96,-1.0,0.0,0.0,0.0,6.8,-3.04,1.0,0.0,0.0,0.0,6.8,-1.04,1.0,0.0,0.0,0.0,6.8,0.96,1.0,0.0,0.0,0.0,6.53,-6.34,-1.0,0.0,0.0,0.0,6.53,-4.34,-1.0,0.0,0.0,0.0,6.53,-2.34,-1.0,0.0,0.0,0.0,6.53,-0.34,-1.0,0.0,0.0,0.0,6.53,-6.34,1.0,0.0,0.0,0.0,6.53,-4.34,1.0,0.0,0.0,0.0,6.53,-2.34,1.0,0.0,0.0,0.0,6.53,-0.34,1.0,0.0,0.0,0.0,-1.41,-1.96,-1.0,0.0,0.0,0.0,-1.41,0.04,-1.0,0.0,0.0,0.0,-1.41,2.04,-1.0,0.0,0.0,0.0,-1.41,-1.96,1.0,0.0,0.0,0.0,-1.41,0.04,1.0,0.0,0.0,0.0,-1.41,2.04,1.0,0.0,0.0,0.0,2.69,-1.4472000000005614,-0.2703999999998495,0.0,1.0900000000000354,0.37999999999999146,2.69,0.552800000000098,-0.2703999999998495,0.0,1.0900000000000354,0.37999999999999146,9.96,2.7308000000002064,-0.011999999999974444,0.0,1.9900000000001583,-0.09999999999999941,9.96,4.730800000000381,-0.011999999999974444,0.0,1.9900000000001583,-0.09999999999999941,-4.73,-2.5040000000003353,0.5991999999999296,0.0,0.5500000000000504,-0.24000000000001798,-4.73,-0.5039999999998024,0.5991999999999296,0.0,0.5500000000000504,-0.24000000000001798,0,0,0,0,0,0,0,0,0,0,0,0,0,0,0,0,0,0,0,0,0,0,0,0,0,0,0,0,0,0,0,0,0,0,0,0,0,0,0,0,0,0,0,0,0,0,0,0,0,0,0,0,0,0,0,0,0,0,0,0,0,0,0,0,0,0,0,0,0,0,0,0,0,0,0,0,0,0,0,0,0,0,0,0,0,0,0,0,0,0,0,0,0,0,0,0,0,0,0,0,0,0,0,0,0,0,0,0,0,0,0,0,0,0,0,0,0,0,0,0,0,0,0,0,0,0,0,0,0,0,0,0,0,0,0,0,0,0,0,0,0,0,0,0
8.101171206,-5.410563000000245,-2.4367700054578174,-2.709325301856129,3.0320000000001457,-0.09375936854461031,-0.6303752282397213,3.0320000000000005,-0.09375936854464453,-0.6303752282398865,4.923995087754016,0.6457600021898751,-0.6303752282398865,4.870720090120081,0.7595037325738399,0.8362056468997571,6.8,-3.04,-1.0,0.0,0.0,0.0,6.8,-1.04,-1.0,0.0,0.0,0.0,6.8,0.96,-1.0,0.0,0.0,0.0,6.8,-3.04,1.0,0.0,0.0,0.0,6.8,-1.04,1.0,0.0,0.0,0.0,6.8,0.96,1.0,0.0,0.0,0.0,6.53,-6.34,-1.0,0.0,0.0,0.0,6.53,-4.34,-1.0,0.0,0.0,0.0,6.53,-2.34,-1.0,0.0,0.0,0.0,6.53,-0.34,-1.0,0.0,0.0,0.0,6.53,-6.34,1.0,0.0,0.0,0.0,6.53,-4.34,1.0,0.0,0.0,0.0,6.53,-2.34,1.0,0.0,0.0,0.0,6.53,-0.34,1.0,0.0,0.0,0.0,-1.41,-1.96,-1.0,0.0,0.0,0.0,-1.41,0.04,-1.0,0.0,0.0,0.0,-1.41,2.04,-1.0,0.0,0.0,0.0,-1.41,-1.96,1.0,0.0,0.0,0.0,-1.41,0.04,1.0,0.0,0.0,0.0,-1.41,2.04,1.0,0.0,0.0,0.0,2.69,-1.3382000000005578,-0.23239999999985034,0.0,1.0900000000000354,0.37999999999999146,2.69,0.6618000000001015,-0.23239999999985034,0.0,1.0900000000000354,0.37999999999999146,9.96,2.890000000000219,-0.019999999999974396,0.0,1.9900000000001583,-0.09999999999999941,9.96,4.890000000000394,-0.019999999999974396,0.0,1.9900000000001583,-0.09999999999999941,-4.73,-2.4600000000003313,0.5799999999999281,0.0,0.5500000000000504,-0.24000000000001798,-4.73,-0.4599999999998024,0.5799999999999281,0.0,0.549999999999995,-0.24000000000001798,0,0,0,0,0,0,0,0,0,0,0,0,0,0,0,0,0,0,0,0,0,0,0,0,0,0,0,0,0,0,0,0,0,0,0,0,0,0,0,0,0,0,0,0,0,0,0,0,0,0,0,0,0,0,0,0,0,0,0,0,0,0,0,0,0,0,0,0,0,0,0,0,0,0,0,0,0,0,0,0,0,0,0,0,0,0,0,0,0,0,0,0,0,0,0,0,0,0,0,0,0,0,0,0,0,0,0,0,0,0,0,0,0,0,0,0,0,0,0,0,0,0,0,0,0,0,0,0,0,0,0,0,0,0,0,0,0,0,0,0,0,0,0,0
8.20139501,-5.164846000000229,-2.441113754941382,-2.756598320115321,3.1090000000002505,-0.01675936854450555,-0.5533752282400606,3.1090000000000004,-0.016759368544644535,-0.5533752282398865,4.964759318019425,0.04567265117551411,-0.5345760462898288,4.863327542812578,0.7740904356778588,0.8653491831120153,6.8,-3.04,-1.0,0.0,0.0,0.0,6.8,-1.04,-1.0,0.0,0.0,0.0,6.8,0.96,-1.0,0.0,0.0,0.0,6.8,-3.04,1.0,0.0,0.0,0.0,6.8,-1.04,1.0,0.0,0.0,0.0,6.8,0.96,1.0,0.0,0.0,0.0,6.53,-6.34,-1.0,0.0,0.0,0.0,6.53,-4.34,-1.0,0.0,0.0,0.0,6.53,-2.34,-1.0,0.0,0.0,0.0,6.53,-0.34,-1.0,0.0,0.0,0.0,6.53,-6.34,1.0,0.0,0.0,0.0,6.53,-4.34,1.0,0.0,0.0,0.0,6.53,-2.34,1.0,0.0,0.0,0.0,6.53,-0.34,1.0,0.0,0.0,0.0,-1.41,-1.96,-1.0,0.0,0.0,0.0,-1.41,0.04,-1.0,0.0,0.0,0.0,-1.41,2.04,-1.0,0.0,0.0,0.0,-1.41,-1.96,1.0,0.0,0.0,0.0,-1.41,0.04,1.0,0.0,0.0,0.0,-1.41,2.04,1.0,0.0,0.0,0.0,2.69,-1.2728000000005557,-0.20959999999985085,0.0,1.0900000000000354,0.37999999999999146,2.69,0.7272000000001037,-0.20959999999985085,0.0,1.0900000000000354,0.37999999999999146,9.96,3.0492000000002317,-0.027999999999974347,0.0,1.9900000000001583,-0.09999999999999941,9.96,5.049200000000407,-0.027999999999974347,0.0,1.9900000000001583,-0.09999999999999941,-4.73,-2.416000000000327,0.5607999999999267,0.0,0.5500000000000504,-0.24000000000001798,-4.73,-0.4159999999998028,0.5607999999999267,0.0,0.549999999999995,-0.24000000000001798,0,0,0,0,0,0,0,0,0,0,0,0,0,0,0,0,0,0,0,0,0,0,0,0,0,0,0,0,0,0,0,0,0,0,0,0,0,0,0,0,0,0,0,0,0,0,0,0,0,0,0,0,0,0,0,0,0,0,0,0,0,0,0,0,0,0,0,0,0,0,0,0,0,0,0,0,0,0,0,0,0,0,0,0,0,0,0,0,0,0,0,0,0,0,0,0,0,0,0,0,0,0,0,0,0,0,0,0,0,0,0,0,0,0,0,0,0,0,0,0,0,0,0,0,0,0,0,0,0,0,0,0,0,0,0,0,0,0,0,0,0,0,0,0
8.301157087,-4.9768300000002155,-2.440643317054054,-2.790759933826339,3.191000000000166,0.06524063145540993,-0.6066585624964205,3.1910000000000003,0.06524063145535547,-0.6066585624964653,4.841585329303346,0.8899936078098452,-0.6066585624964653,4.856815980646162,0.7856387794947596,0.8911286317328384,6.8,-3.04,-1.0,0.0,0.0,0.0,6.8,-1.04,-1.0,0.0,0.0,0.0,6.8,0.96,-1.0,0.0,0.0,0.0,6.8,-3.04,1.0,0.0,0.0,0.0,6.8,-1.04,1.0,0.0,0.0,0.0,6.8,0.96,1.0,0.0,0.0,0.0,6.53,-6.34,-1.0,0.0,0.0,0.0,6.53,-4.34,-1.0,0.0,0.0,0.0,6.53,-2.34,-1.0,0.0,0.0,0.0,6.53,-0.34,-1.0,0.0,0.0,0.0,6.53,-6.34,1.0,0.0,0.0,0.0,6.53,-4.34,1.0,0.0,0.0,0.0,6.53,-2.34,1.0,0.0,0.0,0.0,6.53,-0.34,1.0,0.0,0.0,0.0,-1.41,-1.96,-1.0,0.0,0.0,0.0,-1.41,0.04,-1.0,0.0,0.0,0.0,-1.41,2.04,-1.0,0.0,0.0,0.0,-1.41,-1.96,1.0,0.0,0.0,0.0,-1.41,0.04,1.0,0.0,0.0,0.0,-1.41,2.04,1.0,0.0,0.0,0.0,2.69,-1.2074000000005536,-0.18679999999985136,0.0,1.0900000000000354,0.37999999999999146,2.69,0.7926000000001058,-0.18679999999985136,0.0,1.0900000000000354,0.37999999999999146,9.96,3.1686000000002412,-0.033999999999974405,0.0,1.9900000000001583,-0.10000000000000286,9.96,5.168600000000416,-0.033999999999974405,0.0,1.9900000000001583,-0.10000000000000286,-4.73,-2.383000000000324,0.5463999999999256,0.0,0.5500000000000504,-0.24000000000001798,-4.73,-0.3829999999998031,0.5463999999999256,0.0,0.549999999999995,-0.24000000000001798,0,0,0,0,0,0,0,0,0,0,0,0,0,0,0,0,0,0,0,0,0,0,0,0,0,0,0,0,0,0,0,0,0,0,0,0,0,0,0,0,0,0,0,0,0,0,0,0,0,0,0,0,0,0,0,0,0,0,0,0,0,0,0,0,0,0,0,0,0,0,0,0,0,0,0,0,0,0,0,0,0,0,0,0,0,0,0,0,0,0,0,0,0,0,0,0,0,0,0,0,0,0,0,0,0,0,0,0,0,0,0,0,0,0,0,0,0,0,0,0,0,0,0,0,0,0,0,0,0,0,0,0,0,0,0,0,0,0,0,0,0,0,0,0
8.400946693,-4.784378000000209,-2.4357368791667326,-2.8261674475761276,3.2529999999999504,0.12724063145519438,-0.544658562496636,3.253,0.12724063145535547,-0.5446585624964653,4.8284646901785475,1.1764785107681583,-0.4203747826170896,4.851762560170721,0.7934599271895517,0.9114940502658264,6.8,-3.04,-1.0,0.0,0.0,0.0,6.8,-1.04,-1.0,0.0,0.0,0.0,6.8,0.96,-1.0,0.0,0.0,0.0,6.8,-3.04,1.0,0.0,0.0,0.0,6.8,-1.04,1.0,0.0,0.0,0.0,6.8,0.96,1.0,0.0,0.0,0.0,6.53,-6.34,-1.0,0.0,0.0,0.0,6.53,-4.34,-1.0,0.0,0.0,0.0,6.53,-2.34,-1.0,0.0,0.0,0.0,6.53,-0.34,-1.0,0.0,0.0,0.0,6.53,-6.34,1.0,0.0,0.0,0.0,6.53,-4.34,1.0,0.0,0.0,0.0,6.53,-2.34,1.0,0.0,0.0,0.0,6.53,-0.34,1.0,0.0,0.0,0.0,-1.41,-1.96,-1.0,0.0,0.0,0.0,-1.41,0.04,-1.0,0.0,0.0,0.0,-1.41,2.04,-1.0,0.0,0.0,0.0,-1.41,-1.96,1.0,0.0,0.0,0.0,-1.41,0.04,1.0,0.0,0.0,0.0,-1.41,2.04,1.0,0.0,0.0,0.0,2.69,-1.1420000000005515,-0.16399999999985188,0.0,1.0900000000000354,0.37999999999999146,2.69,0.8580000000001079,-0.16399999999985188,0.0,1.0900000000000354,0.37999999999999146,9.96,3.2880000000002507,-0.03999999999997458,0.0,1.9900000000001583,-0.10000000000000286,9.96,5.288000000000426,-0.03999999999997458,0.0,1.9900000000001583,-0.10000000000000286,-4.73,-2.350000000000321,0.5319999999999245,0.0,0.5500000000000504,-0.24000000000001798,-4.73,-0.3499999999998034,0.5319999999999245,0.0,0.549999999999995,-0.24000000000001798,0,0,0,0,0,0,0,0,0,0,0,0,0,0,0,0,0,0,0,0,0,0,0,0,0,0,0,0,0,0,0,0,0,0,0,0,0,0,0,0,0,0,0,0,0,0,0,0,0,0,0,0,0,0,0,0,0,0,0,0,0,0,0,0,0,0,0,0,0,0,0,0,0,0,0,0,0,0,0,0,0,0,0,0,0,0,0,0,0,0,0,0,0,0,0,0,0,0,0,0,0,0,0,0,0,0,0,0,0,0,0,0,0,0,0,0,0,0,0,0,0,0,0,0,0,0,0,0,0,0,0,0,0,0,0,0,0,0,0,0,0,0,0,0
8.501267984,-4.587898000000215,-2.4268024412794125,-2.8575469613259172,3.302999999999834,0.17724063145552194,-0.49465856249630846,3.303,0.17724063145535546,-0.4946585624964653,4.944874298626152,0.19289718520056232,-0.42714019902549705,4.846931951818591,0.8001476117454533,0.9311361092010538,6.8,-3.04,-1.0,0.0,0.0,0.0,6.8,-1.04,-1.0,0.0,0.0,0.0,6.8,0.96,-1.0,0.0,0.0,0.0,6.8,-3.04,1.0,0.0,0.0,0.0,6.8,-1.04,1.0,0.0,0.0,0.0,6.8,0.96,1.0,0.0,0.0,0.0,6.53,-6.34,-1.0,0.0,0.0,0.0,6.53,-4.34,-1.0,0.0,0.0,0.0,6.53,-2.34,-1.0,0.0,0.0,0.0,6.53,-0.34,-1.0,0.0,0.0,0.0,6.53,-6.34,1.0,0.0,0.0,0.0,6.53,-4.34,1.0,0.0,0.0,0.0,6.53,-2.34,1.0,0.0,0.0,0.0,6.53,-0.34,1.0,0.0,0.0,0.0,-1.41,-1.96,-1.0,0.0,0.0,0.0,-1.41,0.04,-1.0,0.0,0.0,0.0,-1.41,2.04,-1.0,0.0,0.0,0.0,-1.41,-1.96,1.0,0.0,0.0,0.0,-1.41,0.04,1.0,0.0,0.0,0.0,-1.41,2.04,1.0,0.0,0.0,0.0,2.69,-1.0766000000005493,-0.1411999999998524,0.0,1.0900000000000354,0.37999999999999146,2.69,0.92340000000011,-0.1411999999998524,0.0,1.0900000000000354,0.37999999999999146,9.96,3.40740000000026,-0.04599999999997475,0.0,1.9900000000001583,-0.10000000000000286,9.96,5.407400000000435,-0.04599999999997475,0.0,1.9900000000001583,-0.10000000000000286,-4.73,-2.317000000000318,0.5175999999999235,0.0,0.5500000000000504,-0.24000000000001798,-4.73,-0.3169999999998037,0.5175999999999235,0.0,0.549999999999995,-0.24000000000001798,0,0,0,0,0,0,0,0,0,0,0,0,0,0,0,0,0,0,0,0,0,0,0,0,0,0,0,0,0,0,0,0,0,0,0,0,0,0,0,0,0,0,0,0,0,0,0,0,0,0,0,0,0,0,0,0,0,0,0,0,0,0,0,0,0,0,0,0,0,0,0,0,0,0,0,0,0,0,0,0,0,0,0,0,0,0,0,0,0,0,0,0,0,0,0,0,0,0,0,0,0,0,0,0,0,0,0,0,0,0,0,0,0,0,0,0,0,0,0,0,0,0,0,0,0,0,0,0,0,0,0,0,0,0,0,0,0,0,0,0,0,0,0,0
8.605921672,-4.388218000000215,-2.4146680033920824,-2.885726475075697,3.363000000000227,0.23724063145547092,-0.4346585624963595,3.363,0.23724063145535546,-0.4346585624964653,4.932442435861299,0.625571958425589,-0.42218526713250704,4.841208003576543,0.8073537044319644,0.9544029872367393,6.8,-3.04,-1.0,0.0,0.0,0.0,6.8,-1.04,-1.0,0.0,0.0,0.0,6.8,0.96,-1.0,0.0,0.0,0.0,6.8,-3.04,1.0,0.0,0.0,0.0,6.8,-1.04,1.0,0.0,0.0,0.0,6.8,0.96,1.0,0.0,0.0,0.0,6.53,-6.34,-1.0,0.0,0.0,0.0,6.53,-4.34,-1.0,0.0,0.0,0.0,6.53,-2.34,-1.0,0.0,0.0,0.0,6.53,-0.34,-1.0,0.0,0.0,0.0,6.53,-6.34,1.0,0.0,0.0,0.0,6.53,-4.34,1.0,0.0,0.0,0.0,6.53,-2.34,1.0,0.0,0.0,0.0,6.53,-0.34,1.0,0.0,0.0,0.0,-1.41,-1.96,-1.0,0.0,0.0,0.0,-1.41,0.04,-1.0,0.0,0.0,0.0,-1.41,2.04,-1.0,0.0,0.0,0.0,-1.41,-1.96,1.0,0.0,0.0,0.0,-1.41,0.04,1.0,0.0,0.0,0.0,-1.41,2.04,1.0,0.0,0.0,0.0,2.69,-1.0112000000005472,-0.11839999999985265,0.0,1.0900000000000354,0.3800000000000053,2.69,0.9888000000001121,-0.11839999999985265,0.0,1.0900000000000354,0.3800000000000053,9.96,3.5268000000002697,-0.05199999999997492,0.0,1.9900000000001583,-0.10000000000000286,9.96,5.526800000000445,-0.05199999999997492,0.0,1.9900000000001583,-0.10000000000000286,-4.73,-2.284000000000315,0.5031999999999224,0.0,0.5500000000000504,-0.24000000000001798,-4.73,-0.283999999999804,0.5031999999999224,0.0,0.549999999999995,-0.24000000000001798,0,0,0,0,0,0,0,0,0,0,0,0,0,0,0,0,0,0,0,0,0,0,0,0,0,0,0,0,0,0,0,0,0,0,0,0,0,0,0,0,0,0,0,0,0,0,0,0,0,0,0,0,0,0,0,0,0,0,0,0,0,0,0,0,0,0,0,0,0,0,0,0,0,0,0,0,0,0,0,0,0,0,0,0,0,0,0,0,0,0,0,0,0,0,0,0,0,0,0,0,0,0,0,0,0,0,0,0,0,0,0,0,0,0,0,0,0,0,0,0,0,0,0,0,0,0,0,0,0,0,0,0,0,0,0,0,0,0,0,0,0,0,0,0
8.700831625,-4.184710000000216,-2.3987055655047542,-2.9118285497743566,3.4169999999997813,0.2912406314554694,-0.4353635921487964,3.417,0.29124063145535545,-0.43536359214896914,4.976577873708351,0.46947892122607104,-0.43536359214896914,4.8360568386028895,0.813193244936255,0.9753312258880422,6.8,-3.04,-1.0,0.0,0.0,0.0,6.8,-1.04,-1.0,0.0,0.0,0.0,6.8,0.96,-1.0,0.0,0.0,0.0,6.8,-3.04,1.0,0.0,0.0,0.0,6.8,-1.04,1.0,0.0,0.0,0.0,6.8,0.96,1.0,0.0,0.0,0.0,6.53,-6.34,-1.0,0.0,0.0,0.0,6.53,-4.34,-1.0,0.0,0.0,0.0,6.53,-2.34,-1.0,0.0,0.0,0.0,6.53,-0.34,-1.0,0.0,0.0,0.0,6.53,-6.34,1.0,0.0,0.0,0.0,6.53,-4.34,1.0,0.0,0.0,0.0,6.53,-2.34,1.0,0.0,0.0,0.0,6.53,-0.34,1.0,0.0,0.0,0.0,-1.41,-1.96,-1.0,0.0,0.0,0.0,-1.41,0.04,-1.0,0.0,0.0,0.0,-1.41,2.04,-1.0,0.0,0.0,0.0,-1.41,-1.96,1.0,0.0,0.0,0.0,-1.41,0.04,1.0,0.0,0.0,0.0,-1.41,2.04,1.0,0.0,0.0,0.0,2.69,-0.9458000000005451,-0.09559999999985233,0.0,1.0900000000000354,0.3800000000000053,2.69,1.0542000000001142,-0.09559999999985233,0.0,1.0900000000000354,0.3800000000000053,9.96,3.646200000000279,-0.05799999999997509,0.0,1.9900000000001583,-0.10000000000000286,9.96,5.646200000000454,-0.05799999999997509,0.0,1.9900000000001583,-0.10000000000000286,-4.73,-2.251000000000312,0.4887999999999213,0.0,0.5500000000000504,-0.24000000000001798,-4.73,-0.2509999999998043,0.4887999999999213,0.0,0.549999999999995,-0.24000000000001798,0,0,0,0,0,0,0,0,0,0,0,0,0,0,0,0,0,0,0,0,0,0,0,0,0,0,0,0,0,0,0,0,0,0,0,0,0,0,0,0,0,0,0,0,0,0,0,0,0,0,0,0,0,0,0,0,0,0,0,0,0,0,0,0,0,0,0,0,0,0,0,0,0,0,0,0,0,0,0,0,0,0,0,0,0,0,0,0,0,0,0,0,0,0,0,0,0,0,0,0,0,0,0,0,0,0,0,0,0,0,0,0,0,0,0,0,0,0,0,0,0,0,0,0,0,0,0,0,0,0,0,0,0,0,0,0,0,0,0,0,0,0,0,0
8.806878291,-3.9776740000002317,-2.379215127617432,-2.9359343653032903,3.4729999999999266,0.3472406314553034,-0.3793635921489624,3.473,0.34724063145535544,-0.37936359214896914,4.911978368806322,0.3690184204513187,-0.3362947933490772,4.831481364975561,0.8176142639036086,0.9941301400497039,6.8,-3.04,-1.0,0.0,0.0,0.0,6.8,-1.04,-1.0,0.0,0.0,0.0,6.8,0.96,-1.0,0.0,0.0,0.0,6.8,-3.04,1.0,0.0,0.0,0.0,6.8,-1.04,1.0,0.0,0.0,0.0,6.8,0.96,1.0,0.0,0.0,0.0,6.53,-6.34,-1.0,0.0,0.0,0.0,6.53,-4.34,-1.0,0.0,0.0,0.0,6.53,-2.34,-1.0,0.0,0.0,0.0,6.53,-0.34,-1.0,0.0,0.0,0.0,6.53,-6.34,1.0,0.0,0.0,0.0,6.53,-4.34,1.0,0.0,0.0,0.0,6.53,-2.34,1.0,0.0,0.0,0.0,6.53,-0.34,1.0,0.0,0.0,0.0,-1.41,-1.96,-1.0,0.0,0.0,0.0,-1.41,0.04,-1.0,0.0,0.0,0.0,-1.41,2.04,-1.0,0.0,0.0,0.0,-1.41,-1.96,1.0,0.0,0.0,0.0,-1.41,0.04,1.0,0.0,0.0,0.0,-1.41,2.04,1.0,0.0,0.0,0.0,2.69,-0.880400000000543,-0.07279999999985201,0.0,1.0900000000000354,0.3800000000000053,2.69,1.1196000000001163,-0.07279999999985201,0.0,1.0900000000000354,0.3800000000000053,9.96,3.7656000000002887,-0.06399999999997526,0.0,1.9900000000001583,-0.10000000000000286,9.96,5.765600000000464,-0.06399999999997526,0.0,1.9900000000001583,-0.10000000000000286,-4.73,-2.218000000000309,0.4743999999999202,0.0,0.5500000000000504,-0.24000000000001798,-4.73,-0.21799999999980463,0.4743999999999202,0.0,0.549999999999995,-0.24000000000001798,0,0,0,0,0,0,0,0,0,0,0,0,0,0,0,0,0,0,0,0,0,0,0,0,0,0,0,0,0,0,0,0,0,0,0,0,0,0,0,0,0,0,0,0,0,0,0,0,0,0,0,0,0,0,0,0,0,0,0,0,0,0,0,0,0,0,0,0,0,0,0,0,0,0,0,0,0,0,0,0,0,0,0,0,0,0,0,0,0,0,0,0,0,0,0,0,0,0,0,0,0,0,0,0,0,0,0,0,0,0,0,0,0,0,0,0,0,0,0,0,0,0,0,0,0,0,0,0,0,0,0,0,0,0,0,0,0,0,0,0,0,0,0,0
8.901703261,-3.767544000000228,-2.3566306897301135,-2.960028493271823,3.543000000000074,0.41724063145531787,-0.4326560897327525,3.5429999999999997,0.41724063145535545,-0.4326560897328897,5.003159635487892,0.6198062046550041,-0.4326560897328897,4.825648892994629,0.8224132143501688,1.018208852054401,6.8,-3.04,-1.0,0.0,0.0,0.0,6.8,-1.04,-1.0,0.0,0.0,0.0,6.8,0.96,-1.0,0.0,0.0,0.0,6.8,-3.04,1.0,0.0,0.0,0.0,6.8,-1.04,1.0,0.0,0.0,0.0,6.8,0.96,1.0,0.0,0.0,0.0,6.53,-6.34,-1.0,0.0,0.0,0.0,6.53,-4.34,-1.0,0.0,0.0,0.0,6.53,-2.34,-1.0,0.0,0.0,0.0,6.53,-0.34,-1.0,0.0,0.0,0.0,6.53,-6.34,1.0,0.0,0.0,0.0,6.53,-4.34,1.0,0.0,0.0,0.0,6.53,-2.34,1.0,0.0,0.0,0.0,6.53,-0.34,1.0,0.0,0.0,0.0,-1.41,-1.96,-1.0,0.0,0.0,0.0,-1.41,0.04,-1.0,0.0,0.0,0.0,-1.41,2.04,-1.0,0.0,0.0,0.0,-1.41,-1.96,1.0,0.0,0.0,0.0,-1.41,0.04,1.0,0.0,0.0,0.0,-1.41,2.04,1.0,0.0,0.0,0.0,2.69,-0.8150000000005408,-0.04999999999985192,0.0,1.0900000000000354,0.37999999999999845,2.69,1.1850000000001184,-0.04999999999985192,0.0,1.0900000000000354,0.37999999999999845,9.96,3.885000000000298,-0.06999999999997543,0.0,1.9900000000001583,-0.10000000000000286,9.96,5.885000000000473,-0.06999999999997543,0.0,1.9900000000001583,-0.10000000000000286,-4.73,-2.185000000000306,0.45999999999991914,0.0,0.5500000000000504,-0.24000000000001798,-4.73,-0.18499999999980493,0.45999999999991914,0.0,0.549999999999995,-0.24000000000001798,0,0,0,0,0,0,0,0,0,0,0,0,0,0,0,0,0,0,0,0,0,0,0,0,0,0,0,0,0,0,0,0,0,0,0,0,0,0,0,0,0,0,0,0,0,0,0,0,0,0,0,0,0,0,0,0,0,0,0,0,0,0,0,0,0,0,0,0,0,0,0,0,0,0,0,0,0,0,0,0,0,0,0,0,0,0,0,0,0,0,0,0,0,0,0,0,0,0,0,0,0,0,0,0,0,0,0,0,0,0,0,0,0,0,0,0,0,0,0,0,0,0,0,0,0,0,0,0,0,0,0,0,0,0,0,0,0,0,0,0,0,0,0,0
9.000879915,-3.4814910000002204,-2.3206384392136865,-2.9972539804504446,3.610000000000113,0.4842406314553571,-0.49965608973279174,3.61,0.48424063145535545,-0.4996560897328897,4.899346213674692,1.0433804638960291,-0.5303885927404308,4.819063928271098,0.8264257038113881,1.0457740727882756,6.8,-3.04,-1.0,0.0,0.0,0.0,6.8,-1.04,-1.0,0.0,0.0,0.0,6.8,0.96,-1.0,0.0,0.0,0.0,6.8,-3.04,1.0,0.0,0.0,0.0,6.8,-1.04,1.0,0.0,0.0,0.0,6.8,0.96,1.0,0.0,0.0,0.0,6.53,-6.34,-1.0,0.0,0.0,0.0,6.53,-4.34,-1.0,0.0,0.0,0.0,6.53,-2.34,-1.0,0.0,0.0,0.0,6.53,-0.34,-1.0,0.0,0.0,0.0,6.53,-6.34,1.0,0.0,0.0,0.0,6.53,-4.34,1.0,0.0,0.0,0.0,6.53,-2.34,1.0,0.0,0.0,0.0,6.53,-0.34,1.0,0.0,0.0,0.0,-1.41,-1.96,-1.0,0.0,0.0,0.0,-1.41,0.04,-1.0,0.0,0.0,0.0,-1.41,2.04,-1.0,0.0,0.0,0.0,-1.41,-1.96,1.0,0.0,0.0,0.0,-1.41,0.04,1.0,0.0,0.0,0.0,-1.41,2.04,1.0,0.0,0.0,0.0,2.69,-0.727800000000538,-0.01959999999985205,0.0,1.0900000000000354,0.37999999999999845,2.69,1.2722000000001212,-0.01959999999985205,0.0,1.0900000000000354,0.37999999999999845,9.96,4.044200000000311,-0.07799999999997566,0.0,1.9900000000001583,-0.10000000000000286,9.96,6.044200000000486,-0.07799999999997566,0.0,1.9900000000001583,-0.10000000000000286,-4.73,-2.141000000000302,0.4407999999999177,0.0,0.5500000000000504,-0.24000000000001798,-4.73,-0.14099999999980534,0.4407999999999177,0.0,0.549999999999995,-0.24000000000001798,0,0,0,0,0,0,0,0,0,0,0,0,0,0,0,0,0,0,0,0,0,0,0,0,0,0,0,0,0,0,0,0,0,0,0,0,0,0,0,0,0,0,0,0,0,0,0,0,0,0,0,0,0,0,0,0,0,0,0,0,0,0,0,0,0,0,0,0,0,0,0,0,0,0,0,0,0,0,0,0,0,0,0,0,0,0,0,0,0,0,0,0,0,0,0,0,0,0,0,0,0,0,0,0,0,0,0,0,0,0,0,0,0,0,0,0,0,0,0,0,0,0,0,0,0,0,0,0,0,0,0,0,0,0,0,0,0,0,0,0,0,0,0,0
9.100749225,-3.1892410000002176,-2.278449188697264,-3.033776467629074,3.678999999999988,0.5532406314552318,-0.430656089732917,3.679,0.5532406314553555,-0.4306560897328897,4.774727512438018,1.3759283647396314,-0.37289434019049583,4.811786790932747,0.8290149515252481,1.0767739264825846,6.8,-3.04,-1.0,0.0,0.0,0.0,6.8,-1.04,-1.0,0.0,0.0,0.0,6.8,0.96,-1.0,0.0,0.0,0.0,6.8,-3.04,1.0,0.0,0.0,0.0,6.8,-1.04,1.0,0.0,0.0,0.0,6.8,0.96,1.0,0.0,0.0,0.0,6.53,-6.34,-1.0,0.0,0.0,0.0,6.53,-4.34,-1.0,0.0,0.0,0.0,6.53,-2.34,-1.0,0.0,0.0,0.0,6.53,-0.34,-1.0,0.0,0.0,0.0,6.53,-6.34,1.0,0.0,0.0,0.0,6.53,-4.34,1.0,0.0,0.0,0.0,6.53,-2.34,1.0,0.0,0.0,0.0,6.53,-0.34,1.0,0.0,0.0,0.0,-1.41,-1.96,-1.0,0.0,0.0,0.0,-1.41,0.04,-1.0,0.0,0.0,0.0,-1.41,2.04,-1.0,0.0,0.0,0.0,-1.41,-1.96,1.0,0.0,0.0,0.0,-1.41,0.04,1.0,0.0,0.0,0.0,-1.41,2.04,1.0,0.0,0.0,0.0,2.69,-0.6406000000005352,0.010800000000147943,0.0,1.0900000000000354,0.38,2.69,1.359400000000124,0.010800000000147943,0.0,1.0900000000000354,0.38,9.96,4.2034000000003235,-0.08599999999997589,0.0,1.9900000000001583,-0.10000000000000286,9.96,6.2034000000004985,-0.08599999999997589,0.0,1.9900000000001583,-0.10000000000000286,-4.73,-2.097000000000298,0.42159999999991626,0.0,0.5500000000000504,-0.24000000000001798,-4.73,-0.09699999999980574,0.42159999999991626,0.0,0.549999999999995,-0.24000000000001798,0,0,0,0,0,0,0,0,0,0,0,0,0,0,0,0,0,0,0,0,0,0,0,0,0,0,0,0,0,0,0,0,0,0,0,0,0,0,0,0,0,0,0,0,0,0,0,0,0,0,0,0,0,0,0,0,0,0,0,0,0,0,0,0,0,0,0,0,0,0,0,0,0,0,0,0,0,0,0,0,0,0,0,0,0,0,0,0,0,0,0,0,0,0,0,0,0,0,0,0,0,0,0,0,0,0,0,0,0,0,0,0,0,0,0,0,0,0,0,0,0,0,0,0,0,0,0,0,0,0,0,0,0,0,0,0,0,0,0,0,0,0,0,0
9.202466,-2.891020000000216,-2.230288938180843,-3.0649412399714397,3.762000000000043,0.6362406314552871,-0.360704710237858,3.762,0.6362406314553555,-0.36070471023778694,4.872280193518064,1.2709742840913987,-0.36070471023778694,4.803675392442181,0.8302591019662696,1.1114731430167895,6.8,-3.04,-1.0,0.0,0.0,0.0,6.8,-1.04,-1.0,0.0,0.0,0.0,6.8,0.96,-1.0,0.0,0.0,0.0,6.8,-3.04,1.0,0.0,0.0,0.0,6.8,-1.04,1.0,0.0,0.0,0.0,6.8,0.96,1.0,0.0,0.0,0.0,6.53,-6.34,-1.0,0.0,0.0,0.0,6.53,-4.34,-1.0,0.0,0.0,0.0,6.53,-2.34,-1.0,0.0,0.0,0.0,6.53,-0.34,-1.0,0.0,0.0,0.0,6.53,-6.34,1.0,0.0,0.0,0.0,6.53,-4.34,1.0,0.0,0.0,0.0,6.53,-2.34,1.0,0.0,0.0,0.0,6.53,-0.34,1.0,0.0,0.0,0.0,-1.41,-1.96,-1.0,0.0,0.0,0.0,-1.41,0.04,-1.0,0.0,0.0,0.0,-1.41,2.04,-1.0,0.0,0.0,0.0,-1.41,-1.96,1.0,0.0,0.0,0.0,-1.41,0.04,1.0,0.0,0.0,0.0,-1.41,2.04,1.0,0.0,0.0,0.0,2.69,-0.5752000000005331,0.03360000000014787,0.0,1.0900000000000354,0.37999999999999884,2.69,1.446600000000127,0.04120000000014784,0.0,1.0900000000000354,0.37999999999999845,9.96,4.322800000000333,-0.09199999999997606,0.0,1.9900000000001583,-0.10000000000000286,9.96,6.362600000000511,-0.09399999999997612,0.0,1.9900000000001583,-0.10000000000000286,-4.73,-2.064000000000295,0.4071999999999152,0.0,0.5500000000000504,-0.24000000000001798,-4.73,-0.06399999999980605,0.4071999999999152,0.0,0.549999999999995,-0.24000000000001798,0,0,0,0,0,0,0,0,0,0,0,0,0,0,0,0,0,0,0,0,0,0,0,0,0,0,0,0,0,0,0,0,0,0,0,0,0,0,0,0,0,0,0,0,0,0,0,0,0,0,0,0,0,0,0,0,0,0,0,0,0,0,0,0,0,0,0,0,0,0,0,0,0,0,0,0,0,0,0,0,0,0,0,0,0,0,0,0,0,0,0,0,0,0,0,0,0,0,0,0,0,0,0,0,0,0,0,0,0,0,0,0,0,0,0,0,0,0,0,0,0,0,0,0,0,0,0,0,0,0,0,0,0,0,0,0,0,0,0,0,0,0,0,0
9.301012513,-2.6629440000002145,-2.189758500293527,-3.0842275225857123,3.838000000000008,0.7122406314552521,-0.284704710237893,3.838,0.7122406314553554,-0.28470471023778693,4.7786239053979624,1.4402386126462257,-0.2690004720545529,4.7964071120799705,0.8298586940109871,1.142721909811423,6.8,-3.04,-1.0,0.0,0.0,0.0,6.8,-1.04,-1.0,0.0,0.0,0.0,6.8,0.96,-1.0,0.0,0.0,0.0,6.8,-3.04,1.0,0.0,0.0,0.0,6.8,-1.04,1.0,0.0,0.0,0.0,6.8,0.96,1.0,0.0,0.0,0.0,6.53,-6.34,-1.0,0.0,0.0,0.0,6.53,-4.34,-1.0,0.0,0.0,0.0,6.53,-2.34,-1.0,0.0,0.0,0.0,6.53,-0.34,-1.0,0.0,0.0,0.0,6.53,-6.34,1.0,0.0,0.0,0.0,6.53,-4.34,1.0,0.0,0.0,0.0,6.53,-2.34,1.0,0.0,0.0,0.0,6.53,-0.34,1.0,0.0,0.0,0.0,-1.41,-1.96,-1.0,0.0,0.0,0.0,-1.41,0.04,-1.0,0.0,0.0,0.0,-1.41,2.04,-1.0,0.0,0.0,0.0,-1.41,-1.96,1.0,0.0,0.0,0.0,-1.41,0.04,1.0,0.0,0.0,0.0,-1.41,2.04,1.0,0.0,0.0,0.0,2.69,-0.4880000000005309,0.06400000000014777,0.0,1.08999999999998,0.3800000000000011,2.69,1.512000000000129,0.06400000000014777,0.0,1.0900000000000354,0.3800000000000011,9.96,4.482000000000346,-0.09999999999997629,0.0,1.9900000000001583,-0.10000000000000286,9.96,6.482000000000521,-0.09999999999997629,0.0,1.9900000000001583,-0.10000000000000286,-4.73,-2.020000000000291,0.38799999999991375,0.0,0.5500000000000504,-0.24000000000001798,-4.73,-0.019999999999805982,0.38799999999991375,0.0,0.5499999999999983,-0.24000000000001798,0,0,0,0,0,0,0,0,0,0,0,0,0,0,0,0,0,0,0,0,0,0,0,0,0,0,0,0,0,0,0,0,0,0,0,0,0,0,0,0,0,0,0,0,0,0,0,0,0,0,0,0,0,0,0,0,0,0,0,0,0,0,0,0,0,0,0,0,0,0,0,0,0,0,0,0,0,0,0,0,0,0,0,0,0,0,0,0,0,0,0,0,0,0,0,0,0,0,0,0,0,0,0,0,0,0,0,0,0,0,0,0,0,0,0,0,0,0,0,0,0,0,0,0,0,0,0,0,0,0,0,0,0,0,0,0,0,0,0,0,0,0,0,0
9.402441356,-2.4308040000002156,-2.14888406240621,-3.101586347710161,3.897999999999956,0.6522406314553031,-0.29362543637256877,3.898,0.6522406314553555,-0.29362543637261673,4.970127979088571,0.5141629152988609,-0.29362543637261673,4.789824013346658,0.8281032735338398,1.1712518471832825,6.8,-3.04,-1.0,0.0,0.0,0.0,6.8,-1.04,-1.0,0.0,0.0,0.0,6.8,0.96,-1.0,0.0,0.0,0.0,6.8,-3.04,1.0,0.0,0.0,0.0,6.8,-1.04,1.0,0.0,0.0,0.0,6.8,0.96,1.0,0.0,0.0,0.0,6.53,-6.34,-1.0,0.0,0.0,0.0,6.53,-4.34,-1.0,0.0,0.0,0.0,6.53,-2.34,-1.0,0.0,0.0,0.0,6.53,-0.34,-1.0,0.0,0.0,0.0,6.53,-6.34,1.0,0.0,0.0,0.0,6.53,-4.34,1.0,0.0,0.0,0.0,6.53,-2.34,1.0,0.0,0.0,0.0,6.53,-0.34,1.0,0.0,0.0,0.0,-1.41,-1.96,-1.0,0.0,0.0,0.0,-1.41,0.04,-1.0,0.0,0.0,0.0,-1.41,2.04,-1.0,0.0,0.0,0.0,-1.41,-1.96,1.0,0.0,0.0,0.0,-1.41,0.04,1.0,0.0,0.0,0.0,-1.41,2.04,1.0,0.0,0.0,0.0,2.69,-0.4226000000005321,0.08680000000014809,0.0,1.08999999999998,0.3800000000000053,2.69,1.5774000000001311,0.08680000000014809,0.0,1.0900000000000354,0.3800000000000053,9.96,4.601400000000355,-0.10599999999997646,0.0,1.9900000000001583,-0.10000000000000286,9.96,6.60140000000053,-0.10599999999997646,0.0,1.9900000000001583,-0.10000000000000286,-4.73,-1.9760000000002869,0.3687999999999123,0.0,0.5500000000000504,-0.24000000000001798,-4.73,0.013000000000194013,0.37359999999991267,0.0,0.55,-0.24000000000001798,0,0,0,0,0,0,0,0,0,0,0,0,0,0,0,0,0,0,0,0,0,0,0,0,0,0,0,0,0,0,0,0,0,0,0,0,0,0,0,0,0,0,0,0,0,0,0,0,0,0,0,0,0,0,0,0,0,0,0,0,0,0,0,0,0,0,0,0,0,0,0,0,0,0,0,0,0,0,0,0,0,0,0,0,0,0,0,0,0,0,0,0,0,0,0,0,0,0,0,0,0,0,0,0,0,0,0,0,0,0,0,0,0,0,0,0,0,0,0,0,0,0,0,0,0,0,0,0,0,0,0,0,0,0,0,0,0,0,0,0,0,0,0,0
9.501741989,-2.195556000000221,-2.108381624518895,-3.117835873892518,3.969999999999807,0.724240631455153,-0.2216254363727188,3.97,0.7242406314553554,-0.22162543637261672,4.962919364373185,1.06286022043765,-0.20868631757609002,4.781937710330552,0.8268264573430202,1.2039226486598686,6.8,-3.04,-1.0,0.0,0.0,0.0,6.8,-1.04,-1.0,0.0,0.0,0.0,6.8,0.96,-1.0,0.0,0.0,0.0,6.8,-3.04,1.0,0.0,0.0,0.0,6.8,-1.04,1.0,0.0,0.0,0.0,6.8,0.96,1.0,0.0,0.0,0.0,6.53,-6.34,-1.0,0.0,0.0,0.0,6.53,-4.34,-1.0,0.0,0.0,0.0,6.53,-2.34,-1.0,0.0,0.0,0.0,6.53,-0.34,-1.0,0.0,0.0,0.0,6.53,-6.34,1.0,0.0,0.0,0.0,6.53,-4.34,1.0,0.0,0.0,0.0,6.53,-2.34,1.0,0.0,0.0,0.0,6.53,-0.34,1.0,0.0,0.0,0.0,-1.41,-1.96,-1.0,0.0,0.0,0.0,-1.41,0.04,-1.0,0.0,0.0,0.0,-1.41,2.04,-1.0,0.0,0.0,0.0,-1.41,-1.96,1.0,0.0,0.0,0.0,-1.41,0.04,1.0,0.0,0.0,0.0,-1.41,2.04,1.0,0.0,0.0,0.0,2.69,-0.3572000000005333,0.10960000000014841,0.0,1.08999999999998,0.3800000000000053,2.69,1.6428000000001333,0.10960000000014841,0.0,1.0900000000000354,0.3800000000000053,9.96,4.720800000000365,-0.11199999999997663,0.0,1.9900000000001583,-0.10000000000000286,9.96,6.72080000000054,-0.11199999999997663,0.0,1.9900000000001583,-0.10000000000000286,-4.73,-1.9540000000002848,0.3591999999999116,0.0,0.5500000000000504,-0.24000000000001798,-4.73,0.04600000000019402,0.3591999999999116,0.0,0.5500000000000017,-0.24000000000001798,0,0,0,0,0,0,0,0,0,0,0,0,0,0,0,0,0,0,0,0,0,0,0,0,0,0,0,0,0,0,0,0,0,0,0,0,0,0,0,0,0,0,0,0,0,0,0,0,0,0,0,0,0,0,0,0,0,0,0,0,0,0,0,0,0,0,0,0,0,0,0,0,0,0,0,0,0,0,0,0,0,0,0,0,0,0,0,0,0,0,0,0,0,0,0,0,0,0,0,0,0,0,0,0,0,0,0,0,0,0,0,0,0,0,0,0,0,0,0,0,0,0,0,0,0,0,0,0,0,0,0,0,0,0,0,0,0,0,0,0,0,0,0,0
9.60293294,-1.9564980000002306,-2.0657851866315844,-3.1306351853863994,4.035999999999929,0.6582406314552536,-0.183301229566446,4.0360000000000005,0.6582406314553555,-0.183301229566458,4.951670506487492,0.598730764430984,-0.183301229566458,4.775302641473278,0.8252466719576985,1.2310372101447926,6.8,-3.04,-1.0,0.0,0.0,0.0,6.8,-1.04,-1.0,0.0,0.0,0.0,6.8,0.96,-1.0,0.0,0.0,0.0,6.8,-3.04,1.0,0.0,0.0,0.0,6.8,-1.04,1.0,0.0,0.0,0.0,6.8,0.96,1.0,0.0,0.0,0.0,6.53,-6.34,-1.0,0.0,0.0,0.0,6.53,-4.34,-1.0,0.0,0.0,0.0,6.53,-2.34,-1.0,0.0,0.0,0.0,6.53,-0.34,-1.0,0.0,0.0,0.0,6.53,-6.34,1.0,0.0,0.0,0.0,6.53,-4.34,1.0,0.0,0.0,0.0,6.53,-2.34,1.0,0.0,0.0,0.0,6.53,-0.34,1.0,0.0,0.0,0.0,-1.41,-1.96,-1.0,0.0,0.0,0.0,-1.41,0.04,-1.0,0.0,0.0,0.0,-1.41,2.04,-1.0,0.0,0.0,0.0,-1.41,-1.96,1.0,0.0,0.0,0.0,-1.41,0.04,1.0,0.0,0.0,0.0,-1.41,2.04,1.0,0.0,0.0,0.0,2.69,-0.2918000000005345,0.13240000000014845,0.0,1.08999999999998,0.37999999999999146,2.69,1.7082000000001354,0.13240000000014845,0.0,1.0900000000000354,0.37999999999999146,9.96,4.840200000000374,-0.1179999999999768,0.0,1.9900000000001583,-0.10000000000000286,9.96,6.840200000000549,-0.1179999999999768,0.0,1.9900000000001583,-0.10000000000000286,-4.73,-1.9210000000002818,0.3447999999999105,0.0,0.5500000000000504,-0.24000000000001798,-4.73,0.07900000000019392,0.3447999999999105,0.0,0.549999999999995,-0.24000000000001798,0,0,0,0,0,0,0,0,0,0,0,0,0,0,0,0,0,0,0,0,0,0,0,0,0,0,0,0,0,0,0,0,0,0,0,0,0,0,0,0,0,0,0,0,0,0,0,0,0,0,0,0,0,0,0,0,0,0,0,0,0,0,0,0,0,0,0,0,0,0,0,0,0,0,0,0,0,0,0,0,0,0,0,0,0,0,0,0,0,0,0,0,0,0,0,0,0,0,0,0,0,0,0,0,0,0,0,0,0,0,0,0,0,0,0,0,0,0,0,0,0,0,0,0,0,0,0,0,0,0,0,0,0,0,0,0,0,0,0,0,0,0,0,0
9.701284091,-1.7131160000002315,-2.0250687487442716,-3.1408611592692557,4.083000000000058,0.7052406314551618,-0.15360507990758165,4.083,0.7052406314553555,-0.15360507990738803,4.858123988322081,0.8625484509951016,-0.15360507990738803,4.768210567293389,0.8241530111430883,1.2589439225698054,6.8,-3.04,-1.0,0.0,0.0,0.0,6.8,-1.04,-1.0,0.0,0.0,0.0,6.8,0.96,-1.0,0.0,0.0,0.0,6.8,-3.04,1.0,0.0,0.0,0.0,6.8,-1.04,1.0,0.0,0.0,0.0,6.8,0.96,1.0,0.0,0.0,0.0,6.53,-6.34,-1.0,0.0,0.0,0.0,6.53,-4.34,-1.0,0.0,0.0,0.0,6.53,-2.34,-1.0,0.0,0.0,0.0,6.53,-0.34,-1.0,0.0,0.0,0.0,6.53,-6.34,1.0,0.0,0.0,0.0,6.53,-4.34,1.0,0.0,0.0,0.0,6.53,-2.34,1.0,0.0,0.0,0.0,6.53,-0.34,1.0,0.0,0.0,0.0,-1.41,-1.96,-1.0,0.0,0.0,0.0,-1.41,0.04,-1.0,0.0,0.0,0.0,-1.41,2.04,-1.0,0.0,0.0,0.0,-1.41,-1.96,1.0,0.0,0.0,0.0,-1.41,0.04,1.0,0.0,0.0,0.0,-1.41,2.04,1.0,0.0,0.0,0.0,2.69,-0.22640000000053512,0.15520000000014794,0.0,1.0900000000000074,0.37999999999999146,2.69,1.7736000000001375,0.15520000000014794,0.0,1.0900000000000354,0.37999999999999146,9.96,4.959600000000384,-0.12399999999997698,0.0,1.9900000000001583,-0.10000000000000286,9.96,6.959600000000559,-0.12399999999997698,0.0,1.9900000000001583,-0.10000000000000286,-4.73,-1.8880000000002788,0.33039999999990943,0.0,0.5500000000000504,-0.24000000000001798,-4.73,0.11200000000019361,0.33039999999990943,0.0,0.549999999999995,-0.24000000000001798,0,0,0,0,0,0,0,0,0,0,0,0,0,0,0,0,0,0,0,0,0,0,0,0,0,0,0,0,0,0,0,0,0,0,0,0,0,0,0,0,0,0,0,0,0,0,0,0,0,0,0,0,0,0,0,0,0,0,0,0,0,0,0,0,0,0,0,0,0,0,0,0,0,0,0,0,0,0,0,0,0,0,0,0,0,0,0,0,0,0,0,0,0,0,0,0,0,0,0,0,0,0,0,0,0,0,0,0,0,0,0,0,0,0,0,0,0,0,0,0,0,0,0,0,0,0,0,0,0,0,0,0,0,0,0,0,0,0,0,0,0,0,0,0
9.800811991,-1.4663870000002326,-1.9810053108569519,-3.150709348546218,4.1359999999999175,0.7582406314554646,-0.1727530945290212,4.136,0.7582406314553556,-0.1727530945291038,4.773911864412852,1.3555575617483981,-0.1727530945291038,4.761183574767877,0.8231610976974504,1.285899208568895,6.8,-3.04,-1.0,0.0,0.0,0.0,6.8,-1.04,-1.0,0.0,0.0,0.0,6.8,0.96,-1.0,0.0,0.0,0.0,6.8,-3.04,1.0,0.0,0.0,0.0,6.8,-1.04,1.0,0.0,0.0,0.0,6.8,0.96,1.0,0.0,0.0,0.0,6.53,-6.34,-1.0,0.0,0.0,0.0,6.53,-4.34,-1.0,0.0,0.0,0.0,6.53,-2.34,-1.0,0.0,0.0,0.0,6.53,-0.34,-1.0,0.0,0.0,0.0,6.53,-6.34,1.0,0.0,0.0,0.0,6.53,-4.34,1.0,0.0,0.0,0.0,6.53,-2.34,1.0,0.0,0.0,0.0,6.53,-0.34,1.0,0.0,0.0,0.0,-1.41,-1.96,-1.0,0.0,0.0,0.0,-1.41,0.04,-1.0,0.0,0.0,0.0,-1.41,2.04,-1.0,0.0,0.0,0.0,-1.41,-1.96,1.0,0.0,0.0,0.0,-1.41,0.04,1.0,0.0,0.0,0.0,-1.41,2.04,1.0,0.0,0.0,0.0,2.69,-0.16100000000053466,0.17800000000014743,0.0,1.0900000000000074,0.37999999999999146,2.69,1.8390000000001396,0.17800000000014743,0.0,1.0900000000000354,0.37999999999999146,9.96,5.079000000000393,-0.12999999999997647,0.0,1.9900000000001583,-0.09999999999998899,9.96,7.079000000000568,-0.12999999999997647,0.0,1.9900000000001583,-0.09999999999998899,-4.73,-1.8550000000002758,0.31599999999990835,0.0,0.5500000000000504,-0.24000000000001798,-4.73,0.1450000000001933,0.31599999999990835,0.0,0.549999999999995,-0.24000000000001798,0,0,0,0,0,0,0,0,0,0,0,0,0,0,0,0,0,0,0,0,0,0,0,0,0,0,0,0,0,0,0,0,0,0,0,0,0,0,0,0,0,0,0,0,0,0,0,0,0,0,0,0,0,0,0,0,0,0,0,0,0,0,0,0,0,0,0,0,0,0,0,0,0,0,0,0,0,0,0,0,0,0,0,0,0,0,0,0,0,0,0,0,0,0,0,0,0,0,0,0,0,0,0,0,0,0,0,0,0,0,0,0,0,0,0,0,0,0,0,0,0,0,0,0,0,0,0,0,0,0,0,0,0,0,0,0,0,0,0,0,0,0,0,0
9.905322351,-1.0483950000002364,-1.9095732477114098,-3.165593892160262,4.20799999999999,0.6862406314553926,-0.13356021192478806,4.208,0.6862406314553556,-0.1335602119246544,5.021749371484819,0.6391839205156806,-0.1335602119246544,4.753088062392298,0.8208087081863774,1.3169764370364558,6.8,-3.04,-1.0,0.0,0.0,0.0,6.8,-1.04,-1.0,0.0,0.0,0.0,6.8,0.96,-1.0,0.0,0.0,0.0,6.8,-3.04,1.0,0.0,0.0,0.0,6.8,-1.04,1.0,0.0,0.0,0.0,6.8,0.96,1.0,0.0,0.0,0.0,6.53,-6.34,-1.0,0.0,0.0,0.0,6.53,-4.34,-1.0,0.0,0.0,0.0,6.53,-2.34,-1.0,0.0,0.0,0.0,6.53,-0.34,-1.0,0.0,0.0,0.0,6.53,-6.34,1.0,0.0,0.0,0.0,6.53,-4.34,1.0,0.0,0.0,0.0,6.53,-2.34,1.0,0.0,0.0,0.0,6.53,-0.34,1.0,0.0,0.0,0.0,-1.41,-1.96,-1.0,0.0,0.0,0.0,-1.41,0.04,-1.0,0.0,0.0,0.0,-1.41,2.04,-1.0,0.0,0.0,0.0,-1.41,-1.96,1.0,0.0,0.0,0.0,-1.41,0.04,1.0,0.0,0.0,0.0,-1.41,2.04,1.0,0.0,0.0,0.0,2.69,-0.05200000000053476,0.21600000000014657,0.0,1.0900000000000005,0.37999999999999146,2.69,1.9480000000001432,0.21600000000014657,0.0,1.0900000000000354,0.37999999999999146,9.96,5.278000000000409,-0.13999999999997537,0.0,1.9900000000001583,-0.09999999999998899,9.96,7.278000000000584,-0.13999999999997537,0.0,1.9900000000001583,-0.09999999999998899,-4.73,-1.8000000000002707,0.29199999999990656,0.0,0.5500000000000504,-0.24000000000001798,-4.73,0.2000000000001928,0.29199999999990656,0.0,0.549999999999995,-0.24000000000001798,0,0,0,0,0,0,0,0,0,0,0,0,0,0,0,0,0,0,0,0,0,0,0,0,0,0,0,0,0,0,0,0,0,0,0,0,0,0,0,0,0,0,0,0,0,0,0,0,0,0,0,0,0,0,0,0,0,0,0,0,0,0,0,0,0,0,0,0,0,0,0,0,0,0,0,0,0,0,0,0,0,0,0,0,0,0,0,0,0,0,0,0,0,0,0,0,0,0,0,0,0,0,0,0,0,0,0,0,0,0,0,0,0,0,0,0,0,0,0,0,0,0,0,0,0,0,0,0,0,0,0,0,0,0,0,0,0,0,0,0,0,0,0,0
10.001266193,-0.7073370000002355,-1.8503614469772276,-3.1747679935255966,4.302000000000028,0.7779970190671115,-0.10141732705992723,4.3020000000000005,0.7779970190671341,-0.10141732705981221,4.96945244635598,0.7779970190671341,-0.10141732705981221,4.739921926407197,0.8194292338489002,1.3644324322875407,6.8,-3.04,-1.0,0.0,0.0,0.0,6.8,-1.04,-1.0,0.0,0.0,0.0,6.8,0.96,-1.0,0.0,0.0,0.0,6.8,-3.04,1.0,0.0,0.0,0.0,6.8,-1.04,1.0,0.0,0.0,0.0,6.8,0.96,1.0,0.0,0.0,0.0,6.53,-6.34,-1.0,0.0,0.0,0.0,6.53,-4.34,-1.0,0.0,0.0,0.0,6.53,-2.34,-1.0,0.0,0.0,0.0,6.53,-0.34,-1.0,0.0,0.0,0.0,6.53,-6.34,1.0,0.0,0.0,0.0,6.53,-4.34,1.0,0.0,0.0,0.0,6.53,-2.34,1.0,0.0,0.0,0.0,6.53,-0.34,1.0,0.0,0.0,0.0,-1.41,-1.96,-1.0,0.0,0.0,0.0,-1.41,0.04,-1.0,0.0,0.0,0.0,-1.41,2.04,-1.0,0.0,0.0,0.0,-1.41,-1.96,1.0,0.0,0.0,0.0,-1.41,0.04,1.0,0.0,0.0,0.0,-1.41,2.04,1.0,0.0,0.0,0.0,2.69,0.035199999999465284,0.2464000000001459,0.0,1.0900000000000005,0.37999999999999146,2.69,2.035200000000146,0.2464000000001459,0.0,1.0900000000000354,0.37999999999999146,9.96,5.437200000000422,-0.14799999999997449,0.0,1.9900000000001583,-0.09999999999998899,9.96,7.437200000000597,-0.14799999999997449,0.0,1.9900000000001583,-0.09999999999998899,-4.73,-1.7560000000002667,0.2727999999999051,0.0,0.5500000000000504,-0.24000000000001798,-4.73,0.2440000000001924,0.2727999999999051,0.0,0.549999999999995,-0.24000000000001798,0,0,0,0,0,0,0,0,0,0,0,0,0,0,0,0,0,0,0,0,0,0,0,0,0,0,0,0,0,0,0,0,0,0,0,0,0,0,0,0,0,0,0,0,0,0,0,0,0,0,0,0,0,0,0,0,0,0,0,0,0,0,0,0,0,0,0,0,0,0,0,0,0,0,0,0,0,0,0,0,0,0,0,0,0,0,0,0,0,0,0,0,0,0,0,0,0,0,0,0,0,0,0,0,0,0,0,0,0,0,0,0,0,0,0,0,0,0,0,0,0,0,0,0,0,0,0,0,0,0,0,0,0,0,0,0,0,0,0,0,0,0,0,0
10.10201031,-0.36007500000023385,-1.7850196854518574,-3.181398680109998,4.39600000000001,0.87199701906715,-0.056487036744989894,4.396000000000001,0.8719970190671341,-0.05648703674498945,4.900445067134177,1.0974263933771593,-0.05648703674498945,4.726842748462139,0.8166271871846862,1.4107011265543528,6.8,-3.04,-1.0,0.0,0.0,0.0,6.8,-1.04,-1.0,0.0,0.0,0.0,6.8,0.96,-1.0,0.0,0.0,0.0,6.8,-3.04,1.0,0.0,0.0,0.0,6.8,-1.04,1.0,0.0,0.0,0.0,6.8,0.96,1.0,0.0,0.0,0.0,6.53,-6.34,-1.0,0.0,0.0,0.0,6.53,-4.34,-1.0,0.0,0.0,0.0,6.53,-2.34,-1.0,0.0,0.0,0.0,6.53,-0.34,-1.0,0.0,0.0,0.0,6.53,-6.34,1.0,0.0,0.0,0.0,6.53,-4.34,1.0,0.0,0.0,0.0,6.53,-2.34,1.0,0.0,0.0,0.0,6.53,-0.34,1.0,0.0,0.0,0.0,-1.41,-1.96,-1.0,0.0,0.0,0.0,-1.41,0.04,-1.0,0.0,0.0,0.0,-1.41,2.04,-1.0,0.0,0.0,0.0,-1.41,-1.96,1.0,0.0,0.0,0.0,-1.41,0.04,1.0,0.0,0.0,0.0,-1.41,2.04,1.0,0.0,0.0,0.0,2.69,0.1441999999994651,0.28440000000014504,0.0,1.0900000000000074,0.37999999999999146,2.69,2.1442000000001493,0.28440000000014504,0.0,1.0900000000000354,0.37999999999999146,9.96,5.596400000000434,-0.1559999999999736,0.0,1.9900000000001583,-0.09999999999998899,9.96,7.6362000000006125,-0.15799999999997338,0.0,1.9900000000001583,-0.09999999999998899,-4.73,-1.7120000000002626,0.2535999999999037,0.0,0.5500000000000504,-0.24000000000001798,-4.73,0.288000000000192,0.2535999999999037,0.0,0.549999999999995,-0.24000000000001798,0,0,0,0,0,0,0,0,0,0,0,0,0,0,0,0,0,0,0,0,0,0,0,0,0,0,0,0,0,0,0,0,0,0,0,0,0,0,0,0,0,0,0,0,0,0,0,0,0,0,0,0,0,0,0,0,0,0,0,0,0,0,0,0,0,0,0,0,0,0,0,0,0,0,0,0,0,0,0,0,0,0,0,0,0,0,0,0,0,0,0,0,0,0,0,0,0,0,0,0,0,0,0,0,0,0,0,0,0,0,0,0,0,0,0,0,0,0,0,0,0,0,0,0,0,0,0,0,0,0,0,0,0,0,0,0,0,0,0,0,0,0,0,0
10.200806598,-0.005587000000233226,-1.7129906245925117,-3.1858084461022886,4.474000000000002,0.9350331116775301,-0.0534537882086461,4.474000000000001,0.935033111677618,-0.053453788208436936,4.962110300429485,0.935033111677618,-0.053453788208436936,4.711933512850896,0.8105397495699116,1.4631158138847944,6.8,-3.04,-1.0,0.0,0.0,0.0,6.8,-1.04,-1.0,0.0,0.0,0.0,6.8,0.96,-1.0,0.0,0.0,0.0,6.8,-3.04,1.0,0.0,0.0,0.0,6.8,-1.04,1.0,0.0,0.0,0.0,6.8,0.96,1.0,0.0,0.0,0.0,6.53,-6.34,-1.0,0.0,0.0,0.0,6.53,-4.34,-1.0,0.0,0.0,0.0,6.53,-2.34,-1.0,0.0,0.0,0.0,6.53,-0.34,-1.0,0.0,0.0,0.0,6.53,-6.34,1.0,0.0,0.0,0.0,6.53,-4.34,1.0,0.0,0.0,0.0,6.53,-2.34,1.0,0.0,0.0,0.0,6.53,-0.34,1.0,0.0,0.0,0.0,-1.41,-1.96,-1.0,0.0,0.0,0.0,-1.41,0.04,-1.0,0.0,0.0,0.0,-1.41,2.04,-1.0,0.0,0.0,0.0,-1.41,-1.96,1.0,0.0,0.0,0.0,-1.41,0.04,1.0,0.0,0.0,0.0,-1.41,2.04,1.0,0.0,0.0,0.0,2.69,0.20959999999946555,0.3072000000001445,0.0,1.0900000000000074,0.37999999999999146,2.69,2.2096000000001514,0.3072000000001445,0.0,1.0900000000000354,0.37999999999999146,9.96,5.755600000000447,-0.16399999999997272,0.0,1.9900000000001583,-0.09999999999998899,9.96,7.755600000000622,-0.16399999999997272,0.0,1.9900000000001583,-0.09999999999998899,-4.73,-1.6680000000002586,0.23439999999990407,0.0,0.5500000000000504,-0.23999999999999028,-4.73,0.3320000000001916,0.23439999999990407,0.0,0.549999999999995,-0.23999999999999028,0,0,0,0,0,0,0,0,0,0,0,0,0,0,0,0,0,0,0,0,0,0,0,0,0,0,0,0,0,0,0,0,0,0,0,0,0,0,0,0,0,0,0,0,0,0,0,0,0,0,0,0,0,0,0,0,0,0,0,0,0,0,0,0,0,0,0,0,0,0,0,0,0,0,0,0,0,0,0,0,0,0,0,0,0,0,0,0,0,0,0,0,0,0,0,0,0,0,0,0,0,0,0,0,0,0,0,0,0,0,0,0,0,0,0,0,0,0,0,0,0,0,0,0,0,0,0,0,0,0,0,0,0,0,0,0,0,0,0,0,0,0,0,0
10.301443886,0.26464699999976676,-1.6586826378918567,-3.190809673394804,4.543000000000003,0.8660331116776554,-0.12245378820852082,4.543000000000001,0.8660331116776181,-0.12245378820843694,4.973394119766414,0.4231964064662379,-0.3184116226357152,4.699573683978729,0.803464289642283,1.5061382154783192,6.8,-3.04,-1.0,0.0,0.0,0.0,6.8,-1.04,-1.0,0.0,0.0,0.0,6.8,0.96,-1.0,0.0,0.0,0.0,6.8,-3.04,1.0,0.0,0.0,0.0,6.8,-1.04,1.0,0.0,0.0,0.0,6.8,0.96,1.0,0.0,0.0,0.0,6.53,-6.34,-1.0,0.0,0.0,0.0,6.53,-4.34,-1.0,0.0,0.0,0.0,6.53,-2.34,-1.0,0.0,0.0,0.0,6.53,-0.34,-1.0,0.0,0.0,0.0,6.53,-6.34,1.0,0.0,0.0,0.0,6.53,-4.34,1.0,0.0,0.0,0.0,6.53,-2.34,1.0,0.0,0.0,0.0,6.53,-0.34,1.0,0.0,0.0,0.0,-1.41,-1.96,-1.0,0.0,0.0,0.0,-1.41,0.04,-1.0,0.0,0.0,0.0,-1.41,2.04,-1.0,0.0,0.0,0.0,-1.41,-1.96,1.0,0.0,0.0,0.0,-1.41,0.04,1.0,0.0,0.0,0.0,-1.41,2.04,1.0,0.0,0.0,0.0,2.69,0.2749999999994654,0.330000000000144,0.0,1.08999999999998,0.37999999999999146,2.69,2.2750000000001536,0.330000000000144,0.0,1.0900000000000354,0.37999999999999146,9.96,5.8750000000004565,-0.16999999999997206,0.0,1.9900000000001583,-0.09999999999998899,9.96,7.8750000000006315,-0.16999999999997206,0.0,1.9900000000001583,-0.09999999999998899,-4.73,-1.6350000000002556,0.21999999999990466,0.0,0.5500000000000504,-0.23999999999999028,-4.73,0.3650000000001913,0.21999999999990466,0.0,0.549999999999995,-0.23999999999999028,0,0,0,0,0,0,0,0,0,0,0,0,0,0,0,0,0,0,0,0,0,0,0,0,0,0,0,0,0,0,0,0,0,0,0,0,0,0,0,0,0,0,0,0,0,0,0,0,0,0,0,0,0,0,0,0,0,0,0,0,0,0,0,0,0,0,0,0,0,0,0,0,0,0,0,0,0,0,0,0,0,0,0,0,0,0,0,0,0,0,0,0,0,0,0,0,0,0,0,0,0,0,0,0,0,0,0,0,0,0,0,0,0,0,0,0,0,0,0,0,0,0,0,0,0,0,0,0,0,0,0,0,0,0,0,0,0,0,0,0,0,0,0,0
10.402831086,0.44698299999976754,-1.6234253134247498,-3.195091824923142,4.599000000000019,0.9220331116777114,-0.06645378820824277,4.599000000000001,0.9220331116776181,-0.06645378820843695,4.98241538142919,1.0669971428358402,-0.011126689361385278,4.686942782399187,0.79787927427717,1.5478875986954295,6.8,-3.04,-1.0,0.0,0.0,0.0,6.8,-1.04,-1.0,0.0,0.0,0.0,6.8,0.96,-1.0,0.0,0.0,0.0,6.8,-3.04,1.0,0.0,0.0,0.0,6.8,-1.04,1.0,0.0,0.0,0.0,6.8,0.96,1.0,0.0,0.0,0.0,6.53,-6.34,-1.0,0.0,0.0,0.0,6.53,-4.34,-1.0,0.0,0.0,0.0,6.53,-2.34,-1.0,0.0,0.0,0.0,6.53,-0.34,-1.0,0.0,0.0,0.0,6.53,-6.34,1.0,0.0,0.0,0.0,6.53,-4.34,1.0,0.0,0.0,0.0,6.53,-2.34,1.0,0.0,0.0,0.0,6.53,-0.34,1.0,0.0,0.0,0.0,-1.41,-1.96,-1.0,0.0,0.0,0.0,-1.41,0.04,-1.0,0.0,0.0,0.0,-1.41,2.04,-1.0,0.0,0.0,0.0,-1.41,-1.96,1.0,0.0,0.0,0.0,-1.41,0.04,1.0,0.0,0.0,0.0,-1.41,2.04,1.0,0.0,0.0,0.0,2.69,0.3185999999994646,0.34520000000014367,0.0,1.08999999999998,0.37999999999999146,2.69,2.318600000000155,0.34520000000014367,0.0,1.0900000000000354,0.37999999999999146,9.96,5.954600000000463,-0.17399999999997162,0.0,1.9900000000001583,-0.09999999999998899,9.96,7.954600000000638,-0.17399999999997162,0.0,1.9900000000001583,-0.09999999999998899,-4.73,-1.6130000000002536,0.21039999999990505,0.0,0.5500000000000504,-0.23999999999999028,-4.73,0.3870000000001911,0.21039999999990505,0.0,0.549999999999995,-0.23999999999999028,0,0,0,0,0,0,0,0,0,0,0,0,0,0,0,0,0,0,0,0,0,0,0,0,0,0,0,0,0,0,0,0,0,0,0,0,0,0,0,0,0,0,0,0,0,0,0,0,0,0,0,0,0,0,0,0,0,0,0,0,0,0,0,0,0,0,0,0,0,0,0,0,0,0,0,0,0,0,0,0,0,0,0,0,0,0,0,0,0,0,0,0,0,0,0,0,0,0,0,0,0,0,0,0,0,0,0,0,0,0,0,0,0,0,0,0,0,0,0,0,0,0,0,0,0,0,0,0,0,0,0,0,0,0,0,0,0,0,0,0,0,0,0,0
10.501513456,0.7241229999997666,-1.5669033267240926,-3.197879052215642,4.638999999999948,0.9620331116775294,-0.02645378820842481,4.639000000000001,0.9620331116776182,-0.026453788208436947,4.9629945778359374,1.2641046226279942,0.03656239025582142,4.677890288091724,0.7938591057385892,1.5770637821004738,6.8,-3.04,-1.0,0.0,0.0,0.0,6.8,-1.04,-1.0,0.0,0.0,0.0,6.8,0.96,-1.0,0.0,0.0,0.0,6.8,-3.04,1.0,0.0,0.0,0.0,6.8,-1.04,1.0,0.0,0.0,0.0,6.8,0.96,1.0,0.0,0.0,0.0,6.53,-6.34,-1.0,0.0,0.0,0.0,6.53,-4.34,-1.0,0.0,0.0,0.0,6.53,-2.34,-1.0,0.0,0.0,0.0,6.53,-0.34,-1.0,0.0,0.0,0.0,6.53,-6.34,1.0,0.0,0.0,0.0,6.53,-4.34,1.0,0.0,0.0,0.0,6.53,-2.34,1.0,0.0,0.0,0.0,6.53,-0.34,1.0,0.0,0.0,0.0,-1.41,-1.96,-1.0,0.0,0.0,0.0,-1.41,0.04,-1.0,0.0,0.0,0.0,-1.41,2.04,-1.0,0.0,0.0,0.0,-1.41,-1.96,1.0,0.0,0.0,0.0,-1.41,0.04,1.0,0.0,0.0,0.0,-1.41,2.04,1.0,0.0,0.0,0.0,2.69,0.3839999999994634,0.36800000000014316,0.0,1.08999999999998,0.37999999999999146,2.69,2.384000000000157,0.36800000000014316,0.0,1.0900000000000354,0.37999999999999146,9.96,6.074000000000472,-0.17999999999997096,0.0,1.9900000000001583,-0.09999999999998899,9.96,8.074000000000614,-0.17999999999997096,0.0,1.9899999999992701,-0.09999999999998899,-4.73,-1.5800000000002505,0.19599999999990564,0.0,0.5500000000000504,-0.23999999999999028,-4.73,0.4200000000001908,0.19599999999990564,0.0,0.549999999999995,-0.23999999999999028,0,0,0,0,0,0,0,0,0,0,0,0,0,0,0,0,0,0,0,0,0,0,0,0,0,0,0,0,0,0,0,0,0,0,0,0,0,0,0,0,0,0,0,0,0,0,0,0,0,0,0,0,0,0,0,0,0,0,0,0,0,0,0,0,0,0,0,0,0,0,0,0,0,0,0,0,0,0,0,0,0,0,0,0,0,0,0,0,0,0,0,0,0,0,0,0,0,0,0,0,0,0,0,0,0,0,0,0,0,0,0,0,0,0,0,0,0,0,0,0,0,0,0,0,0,0,0,0,0,0,0,0,0,0,0,0,0,0,0,0,0,0,0,0
10.600798841,1.0980719999997641,-1.4927696777898851,-3.197166355272321,4.7079999999999345,0.8930331116776546,0.042546211791449906,4.708000000000001,0.8930331116776182,0.04254621179156306,5.003106115308297,0.226205825641411,0.061517574040239165,4.589227275000117,0.7733520406894322,1.5992155658840095,6.8,-3.04,-1.0,0.0,0.0,0.0,6.8,-1.04,-1.0,0.0,0.0,0.0,6.8,0.96,-1.0,0.0,0.0,0.0,6.8,-3.04,1.0,0.0,0.0,0.0,6.8,-1.04,1.0,0.0,0.0,0.0,6.8,0.96,1.0,0.0,0.0,0.0,6.53,-6.34,-1.0,0.0,0.0,0.0,6.53,-4.34,-1.0,0.0,0.0,0.0,6.53,-2.34,-1.0,0.0,0.0,0.0,6.53,-0.34,-1.0,0.0,0.0,0.0,6.53,-6.34,1.0,0.0,0.0,0.0,6.53,-4.34,1.0,0.0,0.0,0.0,6.53,-2.34,1.0,0.0,0.0,0.0,6.53,-0.34,1.0,0.0,0.0,0.0,-1.41,-1.96,-1.0,0.0,0.0,0.0,-1.41,0.04,-1.0,0.0,0.0,0.0,-1.41,2.04,-1.0,0.0,0.0,0.0,-1.41,-1.96,1.0,0.0,0.0,0.0,-1.41,0.04,1.0,0.0,0.0,0.0,-1.41,2.04,1.0,0.0,0.0,0.0,2.69,0.47119999999946177,0.3984000000001425,0.0,1.08999999999998,0.37999999999999146,2.69,2.47120000000016,0.3984000000001425,0.0,1.0900000000000354,0.37999999999999146,9.96,6.233200000000485,-0.18799999999997008,0.0,1.9900000000001583,-0.09999999999998899,9.96,8.233200000000556,-0.18799999999997008,0.0,1.9899999999992701,-0.09999999999998899,-4.73,-1.5360000000002465,0.17679999999990642,0.0,0.5500000000000504,-0.23999999999999028,-4.73,0.46400000000019037,0.17679999999990642,0.0,0.549999999999995,-0.23999999999999028,0,0,0,0,0,0,0,0,0,0,0,0,0,0,0,0,0,0,0,0,0,0,0,0,0,0,0,0,0,0,0,0,0,0,0,0,0,0,0,0,0,0,0,0,0,0,0,0,0,0,0,0,0,0,0,0,0,0,0,0,0,0,0,0,0,0,0,0,0,0,0,0,0,0,0,0,0,0,0,0,0,0,0,0,0,0,0,0,0,0,0,0,0,0,0,0,0,0,0,0,0,0,0,0,0,0,0,0,0,0,0,0,0,0,0,0,0,0,0,0,0,0,0,0,0,0,0,0,0,0,0,0,0,0,0,0,0,0,0,0,0,0,0,0
10.700907373,1.383045999999765,-1.4416816910892307,-3.193099294000356,4.766000000000048,0.8350331116775411,0.07776222491884255,4.766000000000001,0.8350331116776182,0.07776222491865825,4.918949454564199,0.6084152753803806,0.07776222491865825,4.432097200000118,0.742847506448232,1.5983918631811185,6.8,-3.04,-1.0,0.0,0.0,0.0,6.8,-1.04,-1.0,0.0,0.0,0.0,6.8,0.96,-1.0,0.0,0.0,0.0,6.8,-3.04,1.0,0.0,0.0,0.0,6.8,-1.04,1.0,0.0,0.0,0.0,6.8,0.96,1.0,0.0,0.0,0.0,6.53,-6.34,-1.0,0.0,0.0,0.0,6.53,-4.34,-1.0,0.0,0.0,0.0,6.53,-2.34,-1.0,0.0,0.0,0.0,6.53,-0.34,-1.0,0.0,0.0,0.0,6.53,-6.34,1.0,0.0,0.0,0.0,6.53,-4.34,1.0,0.0,0.0,0.0,6.53,-2.34,1.0,0.0,0.0,0.0,6.53,-0.34,1.0,0.0,0.0,0.0,-1.41,-1.96,-1.0,0.0,0.0,0.0,-1.41,0.04,-1.0,0.0,0.0,0.0,-1.41,2.04,-1.0,0.0,0.0,0.0,-1.41,-1.96,1.0,0.0,0.0,0.0,-1.41,0.04,1.0,0.0,0.0,0.0,-1.41,2.04,1.0,0.0,0.0,0.0,2.69,0.5365999999994624,0.42120000000014196,0.0,1.0900000000000354,0.37999999999999146,2.69,2.536600000000162,0.42120000000014196,0.0,1.0900000000000354,0.37999999999999146,9.96,6.3526000000004945,-0.19399999999996942,0.0,1.9900000000001583,-0.09999999999998899,9.96,8.352600000000512,-0.19399999999996942,0.0,1.9899999999992701,-0.09999999999998899,-4.73,-1.5030000000002435,0.162399999999907,0.0,0.5500000000000504,-0.23999999999999028,-4.73,0.49700000000019007,0.162399999999907,0.0,0.549999999999995,-0.23999999999999028,0,0,0,0,0,0,0,0,0,0,0,0,0,0,0,0,0,0,0,0,0,0,0,0,0,0,0,0,0,0,0,0,0,0,0,0,0,0,0,0,0,0,0,0,0,0,0,0,0,0,0,0,0,0,0,0,0,0,0,0,0,0,0,0,0,0,0,0,0,0,0,0,0,0,0,0,0,0,0,0,0,0,0,0,0,0,0,0,0,0,0,0,0,0,0,0,0,0,0,0,0,0,0,0,0,0,0,0,0,0,0,0,0,0,0,0,0,0,0,0,0,0,0,0,0,0,0,0,0,0,0,0,0,0,0,0,0,0,0,0,0,0,0,0
10.800931143,1.668428665240046,-1.3939597043885787,-3.189042400312464,4.749019565890578,0.7650331116775266,0.059855171764766624,4.749019565890632,0.7650331116776181,0.05985517176464761,4.749019565890632,0.3989818377584129,0.05985517176464761,4.2934264736843275,0.7182038988761599,1.5963040820793817,6.8,-3.04,-1.0,0.0,0.0,0.0,6.8,-1.04,-1.0,0.0,0.0,0.0,6.8,0.96,-1.0,0.0,0.0,0.0,6.8,-3.04,1.0,0.0,0.0,0.0,6.8,-1.04,1.0,0.0,0.0,0.0,6.8,0.96,1.0,0.0,0.0,0.0,6.53,-6.34,-1.0,0.0,0.0,0.0,6.53,-4.34,-1.0,0.0,0.0,0.0,6.53,-2.34,-1.0,0.0,0.0,0.0,6.53,-0.34,-1.0,0.0,0.0,0.0,6.53,-6.34,1.0,0.0,0.0,0.0,6.53,-4.34,1.0,0.0,0.0,0.0,6.53,-2.34,1.0,0.0,0.0,0.0,6.53,-0.34,1.0,0.0,0.0,0.0,-1.41,-1.96,-1.0,0.0,0.0,0.0,-1.41,0.04,-1.0,0.0,0.0,0.0,-1.41,2.04,-1.0,0.0,0.0,0.0,-1.41,-1.96,1.0,0.0,0.0,0.0,-1.41,0.04,1.0,0.0,0.0,0.0,-1.41,2.04,1.0,0.0,0.0,0.0,2.69,0.6019999999994645,0.44400000000014145,0.0,1.0900000000000354,0.37999999999999146,2.69,2.602000000000164,0.44400000000014145,0.0,1.0900000000000354,0.37999999999999146,9.96,6.472000000000504,-0.19999999999996876,0.0,1.9900000000001583,-0.09999999999998899,9.96,8.472000000000472,-0.19999999999996876,0.0,1.9899999999996254,-0.09999999999998899,-4.73,-1.4700000000002404,0.1479999999999076,0.0,0.5500000000000504,-0.23999999999999028,-4.73,0.5300000000001928,0.1479999999999076,0.0,0.5500000000000504,-0.23999999999999028,0,0,0,0,0,0,0,0,0,0,0,0,0,0,0,0,0,0,0,0,0,0,0,0,0,0,0,0,0,0,0,0,0,0,0,0,0,0,0,0,0,0,0,0,0,0,0,0,0,0,0,0,0,0,0,0,0,0,0,0,0,0,0,0,0,0,0,0,0,0,0,0,0,0,0,0,0,0,0,0,0,0,0,0,0,0,0,0,0,0,0,0,0,0,0,0,0,0,0,0,0,0,0,0,0,0,0,0,0,0,0,0,0,0,0,0,0,0,0,0,0,0,0,0,0,0,0,0,0,0,0,0,0,0,0,0,0,0,0,0,0,0,0,0
10.90194134,1.9515138391934852,-1.3486331420282018,-3.187304236932022,4.685019565890735,0.745190893047365,-0.004046446353989097,4.685019565890632,0.7451908930473121,-0.00404644635381457,4.586233949270232,0.7451908930473121,-0.00404644635381457,4.146789589116414,0.6939197197475793,1.594281779469173,6.8,-3.04,-1.0,0.0,0.0,0.0,6.8,-1.04,-1.0,0.0,0.0,0.0,6.8,0.96,-1.0,0.0,0.0,0.0,6.8,-3.04,1.0,0.0,0.0,0.0,6.8,-1.04,1.0,0.0,0.0,0.0,6.8,0.96,1.0,0.0,0.0,0.0,6.53,-6.34,-1.0,0.0,0.0,0.0,6.53,-4.34,-1.0,0.0,0.0,0.0,6.53,-2.34,-1.0,0.0,0.0,0.0,6.53,-0.34,-1.0,0.0,0.0,0.0,6.53,-6.34,1.0,0.0,0.0,0.0,6.53,-4.34,1.0,0.0,0.0,0.0,6.53,-2.34,1.0,0.0,0.0,0.0,6.53,-0.34,1.0,0.0,0.0,0.0,-1.41,-1.96,-1.0,0.0,0.0,0.0,-1.41,0.04,-1.0,0.0,0.0,0.0,-1.41,2.04,-1.0,0.0,0.0,0.0,-1.41,-1.96,1.0,0.0,0.0,0.0,-1.41,0.04,1.0,0.0,0.0,0.0,-1.41,2.04,1.0,0.0,0.0,0.0,2.69,0.6673999999994666,0.46680000000014094,0.0,1.0900000000000354,0.37999999999999146,2.69,2.6674000000001663,0.46680000000014094,0.0,1.0900000000000354,0.37999999999999146,9.96,6.5914000000005135,-0.2059999999999681,0.0,1.9900000000001583,-0.09999999999998899,9.96,8.591400000000482,-0.2059999999999681,0.0,1.9900000000001583,-0.09999999999998899,-4.73,-1.4370000000002374,0.13359999999990818,0.0,0.5500000000000504,-0.23999999999999028,-4.73,0.5630000000001958,0.13359999999990818,0.0,0.5500000000000504,-0.23999999999999028,0,0,0,0,0,0,0,0,0,0,0,0,0,0,0,0,0,0,0,0,0,0,0,0,0,0,0,0,0,0,0,0,0,0,0,0,0,0,0,0,0,0,0,0,0,0,0,0,0,0,0,0,0,0,0,0,0,0,0,0,0,0,0,0,0,0,0,0,0,0,0,0,0,0,0,0,0,0,0,0,0,0,0,0,0,0,0,0,0,0,0,0,0,0,0,0,0,0,0,0,0,0,0,0,0,0,0,0,0,0,0,0,0,0,0,0,0,0,0,0,0,0,0,0,0,0,0,0,0,0,0,0,0,0,0,0,0,0,0,0,0,0,0,0
11.002001078,2.0452142305112977,-1.3337293241672545,-3.187385165859102,4.685019565890514,0.745190893047365,-0.004046446353989097,4.636019565890631,0.721696400637446,-0.022901816414297116,4.390736437597033,0.721696400637446,-0.022901816414297116,4.0125305314885304,0.6724535937814825,1.593662234581896,6.8,-3.04,-1.0,0.0,0.0,0.0,6.8,-1.04,-1.0,0.0,0.0,0.0,6.8,0.96,-1.0,0.0,0.0,0.0,6.8,-3.04,1.0,0.0,0.0,0.0,6.8,-1.04,1.0,0.0,0.0,0.0,6.8,0.96,1.0,0.0,0.0,0.0,6.53,-6.34,-1.0,0.0,0.0,0.0,6.53,-4.34,-1.0,0.0,0.0,0.0,6.53,-2.34,-1.0,0.0,0.0,0.0,6.53,-0.34,-1.0,0.0,0.0,0.0,6.53,-6.34,1.0,0.0,0.0,0.0,6.53,-4.34,1.0,0.0,0.0,0.0,6.53,-2.34,1.0,0.0,0.0,0.0,6.53,-0.34,1.0,0.0,0.0,0.0,-1.41,-1.96,-1.0,0.0,0.0,0.0,-1.41,0.04,-1.0,0.0,0.0,0.0,-1.41,2.04,-1.0,0.0,0.0,0.0,-1.41,-1.96,1.0,0.0,0.0,0.0,-1.41,0.04,1.0,0.0,0.0,0.0,-1.41,2.04,1.0,0.0,0.0,0.0,2.69,0.6891999999994673,0.47440000000014076,0.0,1.0900000000000354,0.37999999999999146,2.69,2.689200000000167,0.47440000000014076,0.0,1.0900000000000354,0.37999999999999146,9.96,6.631200000000517,-0.20799999999996788,0.0,1.9900000000001583,-0.09999999999998899,9.96,8.671000000000488,-0.20999999999996766,0.0,1.9900000000001583,-0.09999999999998899,-4.73,-1.4260000000002364,0.12879999999990838,0.0,0.5500000000000504,-0.23999999999999028,-4.73,0.5850000000001978,0.1239999999999085,0.0,0.5500000000000504,-0.2399999999999972,0,0,0,0,0,0,0,0,0,0,0,0,0,0,0,0,0,0,0,0,0,0,0,0,0,0,0,0,0,0,0,0,0,0,0,0,0,0,0,0,0,0,0,0,0,0,0,0,0,0,0,0,0,0,0,0,0,0,0,0,0,0,0,0,0,0,0,0,0,0,0,0,0,0,0,0,0,0,0,0,0,0,0,0,0,0,0,0,0,0,0,0,0,0,0,0,0,0,0,0,0,0,0,0,0,0,0,0,0,0,0,0,0,0,0,0,0,0,0,0,0,0,0,0,0,0,0,0,0,0,0,0,0,0,0,0,0,0,0,0,0,0,0,0
11.100719047,2.506416187100359,-1.2639596841035086,-3.189066980218364,4.596019565890508,0.6816964006375326,-0.012762361711438075,4.596019565890631,0.681696400637446,-0.012762361711627257,4.3605283605399645,0.003658318122079063,-0.012762361711627257,3.9148066206048258,0.657121760675023,1.5940017574511454,6.8,-3.04,-1.0,0.0,0.0,0.0,6.8,-1.04,-1.0,0.0,0.0,0.0,6.8,0.96,-1.0,0.0,0.0,0.0,6.8,-3.04,1.0,0.0,0.0,0.0,6.8,-1.04,1.0,0.0,0.0,0.0,6.8,0.96,1.0,0.0,0.0,0.0,6.53,-6.34,-1.0,0.0,0.0,0.0,6.53,-4.34,-1.0,0.0,0.0,0.0,6.53,-2.34,-1.0,0.0,0.0,0.0,6.53,-0.34,-1.0,0.0,0.0,0.0,6.53,-6.34,1.0,0.0,0.0,0.0,6.53,-4.34,1.0,0.0,0.0,0.0,6.53,-2.34,1.0,0.0,0.0,0.0,6.53,-0.34,1.0,0.0,0.0,0.0,-1.41,-1.96,-1.0,0.0,0.0,0.0,-1.41,0.04,-1.0,0.0,0.0,0.0,-1.41,2.04,-1.0,0.0,0.0,0.0,-1.41,-1.96,1.0,0.0,0.0,0.0,-1.41,0.04,1.0,0.0,0.0,0.0,-1.41,2.04,1.0,0.0,0.0,0.0,2.69,0.7981999999994709,0.5124000000001417,0.0,1.0900000000000354,0.38000000000004697,2.69,2.7982000000001706,0.5124000000001417,0.0,1.0900000000000354,0.38000000000004697,9.96,6.8302000000005325,-0.21799999999996678,0.0,1.9900000000001583,-0.09999999999998899,9.96,8.8302000000005,-0.21799999999996678,0.0,1.9900000000001583,-0.09999999999998899,-4.73,-1.3710000000002314,0.10479999999990817,0.0,0.5500000000000504,-0.24000000000000415,-4.73,0.6290000000002018,0.10479999999990817,0.0,0.5500000000000504,-0.24000000000000415,0,0,0,0,0,0,0,0,0,0,0,0,0,0,0,0,0,0,0,0,0,0,0,0,0,0,0,0,0,0,0,0,0,0,0,0,0,0,0,0,0,0,0,0,0,0,0,0,0,0,0,0,0,0,0,0,0,0,0,0,0,0,0,0,0,0,0,0,0,0,0,0,0,0,0,0,0,0,0,0,0,0,0,0,0,0,0,0,0,0,0,0,0,0,0,0,0,0,0,0,0,0,0,0,0,0,0,0,0,0,0,0,0,0,0,0,0,0,0,0,0,0,0,0,0,0,0,0,0,0,0,0,0,0,0,0,0,0,0,0,0,0,0,0
11.20139697,2.7790693610537986,-1.2199499000652576,-3.1867247219210597,4.512019565890756,0.7656964006375055,0.07123763828831287,4.512019565890632,0.7656964006374459,0.07123763828837275,4.122809715749954,0.8196032810509997,0.16097714220613657,3.723811808620368,0.6285713600485666,1.5945973019177393,6.8,-3.04,-1.0,0.0,0.0,0.0,6.8,-1.04,-1.0,0.0,0.0,0.0,6.8,0.96,-1.0,0.0,0.0,0.0,6.8,-3.04,1.0,0.0,0.0,0.0,6.8,-1.04,1.0,0.0,0.0,0.0,6.8,0.96,1.0,0.0,0.0,0.0,6.53,-6.34,-1.0,0.0,0.0,0.0,6.53,-4.34,-1.0,0.0,0.0,0.0,6.53,-2.34,-1.0,0.0,0.0,0.0,6.53,-0.34,-1.0,0.0,0.0,0.0,6.53,-6.34,1.0,0.0,0.0,0.0,6.53,-4.34,1.0,0.0,0.0,0.0,6.53,-2.34,1.0,0.0,0.0,0.0,6.53,-0.34,1.0,0.0,0.0,0.0,-1.41,-1.96,-1.0,0.0,0.0,0.0,-1.41,0.04,-1.0,0.0,0.0,0.0,-1.41,2.04,-1.0,0.0,0.0,0.0,-1.41,-1.96,1.0,0.0,0.0,0.0,-1.41,0.04,1.0,0.0,0.0,0.0,-1.41,2.04,1.0,0.0,0.0,0.0,2.69,0.863599999999473,0.5352000000001446,0.0,1.0900000000000354,0.38000000000004697,2.69,2.8636000000001727,0.5352000000001446,0.0,1.0900000000000354,0.38000000000004697,9.96,6.949600000000542,-0.22399999999996612,0.0,1.9900000000001583,-0.09999999999998899,9.96,8.94960000000051,-0.22399999999996612,0.0,1.9900000000001583,-0.09999999999998899,-4.73,-1.3380000000002283,0.09039999999990793,0.0,0.5500000000000504,-0.24000000000000415,-4.73,0.6620000000002049,0.09039999999990793,0.0,0.5500000000000504,-0.24000000000000415,0,0,0,0,0,0,0,0,0,0,0,0,0,0,0,0,0,0,0,0,0,0,0,0,0,0,0,0,0,0,0,0,0,0,0,0,0,0,0,0,0,0,0,0,0,0,0,0,0,0,0,0,0,0,0,0,0,0,0,0,0,0,0,0,0,0,0,0,0,0,0,0,0,0,0,0,0,0,0,0,0,0,0,0,0,0,0,0,0,0,0,0,0,0,0,0,0,0,0,0,0,0,0,0,0,0,0,0,0,0,0,0,0,0,0,0,0,0,0,0,0,0,0,0,0,0,0,0,0,0,0,0,0,0,0,0,0,0,0,0,0,0,0,0
11.300553258,3.048162535007241,-1.1756361160270101,-3.181482788093942,4.438019565890627,0.691696400637376,0.11522288964371796,4.438019565890632,0.691696400637446,0.11522288964368643,4.050762844677273,0.5708172831283709,0.11522288964368643,3.581137192294811,0.604997923428485,1.592899316311656,6.8,-3.04,-1.0,0.0,0.0,0.0,6.8,-1.04,-1.0,0.0,0.0,0.0,6.8,0.96,-1.0,0.0,0.0,0.0,6.8,-3.04,1.0,0.0,0.0,0.0,6.8,-1.04,1.0,0.0,0.0,0.0,6.8,0.96,1.0,0.0,0.0,0.0,6.53,-6.34,-1.0,0.0,0.0,0.0,6.53,-4.34,-1.0,0.0,0.0,0.0,6.53,-2.34,-1.0,0.0,0.0,0.0,6.53,-0.34,-1.0,0.0,0.0,0.0,6.53,-6.34,1.0,0.0,0.0,0.0,6.53,-4.34,1.0,0.0,0.0,0.0,6.53,-2.34,1.0,0.0,0.0,0.0,6.53,-0.34,1.0,0.0,0.0,0.0,-1.41,-1.96,-1.0,0.0,0.0,0.0,-1.41,0.04,-1.0,0.0,0.0,0.0,-1.41,2.04,-1.0,0.0,0.0,0.0,-1.41,-1.96,1.0,0.0,0.0,0.0,-1.41,0.04,1.0,0.0,0.0,0.0,-1.41,2.04,1.0,0.0,0.0,0.0,2.69,0.9289999999994751,0.5580000000001474,0.0,1.0900000000000354,0.38000000000004697,2.69,2.929000000000175,0.5580000000001474,0.0,1.0900000000000354,0.38000000000004697,9.96,7.0690000000005515,-0.22999999999996545,0.0,1.9900000000001583,-0.09999999999998899,9.96,9.06900000000052,-0.22999999999996545,0.0,1.9900000000001583,-0.09999999999998899,-4.73,-1.3050000000002253,0.07599999999990768,0.0,0.5500000000000504,-0.24000000000000415,-4.73,0.6950000000002079,0.07599999999990768,0.0,0.5500000000000504,-0.24000000000000415,0,0,0,0,0,0,0,0,0,0,0,0,0,0,0,0,0,0,0,0,0,0,0,0,0,0,0,0,0,0,0,0,0,0,0,0,0,0,0,0,0,0,0,0,0,0,0,0,0,0,0,0,0,0,0,0,0,0,0,0,0,0,0,0,0,0,0,0,0,0,0,0,0,0,0,0,0,0,0,0,0,0,0,0,0,0,0,0,0,0,0,0,0,0,0,0,0,0,0,0,0,0,0,0,0,0,0,0,0,0,0,0,0,0,0,0,0,0,0,0,0,0,0,0,0,0,0,0,0,0,0,0,0,0,0,0,0,0,0,0,0,0,0,0
11.400800012,3.3131417089606834,-1.1354363319887677,-3.1732674147153235,4.376019565890843,0.6296964006373695,0.1772228896435024,4.376019565890632,0.6296964006374459,0.17722288964368643,3.986492717568094,0.19400495414530017,0.18583575491443183,3.431538536837473,0.5809010940071313,1.5895891651505338,6.8,-3.04,-1.0,0.0,0.0,0.0,6.8,-1.04,-1.0,0.0,0.0,0.0,6.8,0.96,-1.0,0.0,0.0,0.0,6.8,-3.04,1.0,0.0,0.0,0.0,6.8,-1.04,1.0,0.0,0.0,0.0,6.8,0.96,1.0,0.0,0.0,0.0,6.53,-6.34,-1.0,0.0,0.0,0.0,6.53,-4.34,-1.0,0.0,0.0,0.0,6.53,-2.34,-1.0,0.0,0.0,0.0,6.53,-0.34,-1.0,0.0,0.0,0.0,6.53,-6.34,1.0,0.0,0.0,0.0,6.53,-4.34,1.0,0.0,0.0,0.0,6.53,-2.34,1.0,0.0,0.0,0.0,6.53,-0.34,1.0,0.0,0.0,0.0,-1.41,-1.96,-1.0,0.0,0.0,0.0,-1.41,0.04,-1.0,0.0,0.0,0.0,-1.41,2.04,-1.0,0.0,0.0,0.0,-1.41,-1.96,1.0,0.0,0.0,0.0,-1.41,0.04,1.0,0.0,0.0,0.0,-1.41,2.04,1.0,0.0,0.0,0.0,2.69,0.9943999999994773,0.5808000000001502,0.0,1.0900000000000354,0.38000000000004697,2.69,2.994400000000177,0.5808000000001502,0.0,1.0900000000000354,0.38000000000004697,9.96,7.188400000000561,-0.2359999999999648,0.0,1.9900000000001583,-0.09999999999998899,9.96,9.188400000000529,-0.2359999999999648,0.0,1.9900000000001583,-0.09999999999998899,-4.73,-1.2720000000002223,0.061599999999907465,0.0,0.5500000000000504,-0.24000000000000132,-4.73,0.7280000000002109,0.061599999999907465,0.0,0.5500000000000504,-0.24000000000000132,0,0,0,0,0,0,0,0,0,0,0,0,0,0,0,0,0,0,0,0,0,0,0,0,0,0,0,0,0,0,0,0,0,0,0,0,0,0,0,0,0,0,0,0,0,0,0,0,0,0,0,0,0,0,0,0,0,0,0,0,0,0,0,0,0,0,0,0,0,0,0,0,0,0,0,0,0,0,0,0,0,0,0,0,0,0,0,0,0,0,0,0,0,0,0,0,0,0,0,0,0,0,0,0,0,0,0,0,0,0,0,0,0,0,0,0,0,0,0,0,0,0,0,0,0,0,0,0,0,0,0,0,0,0,0,0,0,0,0,0,0,0,0,0
11.501593051,3.660787274231946,-1.0826246199377734,-3.1588591510182464,4.318019565890729,0.687696400637483,0.18270937834818923,4.318019565890632,0.687696400637446,0.1827093783481848,3.795534822475488,0.7926282882177129,0.1827093783481848,3.2974838400778044,0.5611034537876914,1.5847725926919696,6.8,-3.04,-1.0,0.0,0.0,0.0,6.8,-1.04,-1.0,0.0,0.0,0.0,6.8,0.96,-1.0,0.0,0.0,0.0,6.8,-3.04,1.0,0.0,0.0,0.0,6.8,-1.04,1.0,0.0,0.0,0.0,6.8,0.96,1.0,0.0,0.0,0.0,6.53,-6.34,-1.0,0.0,0.0,0.0,6.53,-4.34,-1.0,0.0,0.0,0.0,6.53,-2.34,-1.0,0.0,0.0,0.0,6.53,-0.34,-1.0,0.0,0.0,0.0,6.53,-6.34,1.0,0.0,0.0,0.0,6.53,-4.34,1.0,0.0,0.0,0.0,6.53,-2.34,1.0,0.0,0.0,0.0,6.53,-0.34,1.0,0.0,0.0,0.0,-1.41,-1.96,-1.0,0.0,0.0,0.0,-1.41,0.04,-1.0,0.0,0.0,0.0,-1.41,2.04,-1.0,0.0,0.0,0.0,-1.41,-1.96,1.0,0.0,0.0,0.0,-1.41,0.04,1.0,0.0,0.0,0.0,-1.41,2.04,1.0,0.0,0.0,0.0,2.69,1.08159999999948,0.611200000000154,0.0,1.0900000000000354,0.38000000000004697,2.69,3.0816000000001798,0.611200000000154,0.0,1.0900000000000354,0.38000000000004697,9.96,7.347600000000574,-0.2439999999999639,0.0,1.9900000000001583,-0.09999999999998899,9.96,9.347600000000542,-0.2439999999999639,0.0,1.9900000000001583,-0.09999999999998899,-4.73,-1.2280000000002183,0.04239999999990769,0.0,0.5500000000000504,-0.23999999999999716,-4.73,0.772000000000215,0.04239999999990769,0.0,0.5500000000000504,-0.23999999999999716,0,0,0,0,0,0,0,0,0,0,0,0,0,0,0,0,0,0,0,0,0,0,0,0,0,0,0,0,0,0,0,0,0,0,0,0,0,0,0,0,0,0,0,0,0,0,0,0,0,0,0,0,0,0,0,0,0,0,0,0,0,0,0,0,0,0,0,0,0,0,0,0,0,0,0,0,0,0,0,0,0,0,0,0,0,0,0,0,0,0,0,0,0,0,0,0,0,0,0,0,0,0,0,0,0,0,0,0,0,0,0,0,0,0,0,0,0,0,0,0,0,0,0,0,0,0,0,0,0,0,0,0,0,0,0,0,0,0,0,0,0,0,0,0
11.600332294,4.087717230821008,-1.0089829798740266,-3.1414829347097584,4.234019565890534,0.771696400637456,0.16728314513558828,4.234019565890632,0.7716964006374459,0.16728314513564824,3.612330610005984,0.7933181140153556,0.16728314513564824,3.1242671574421745,0.5340914977621931,1.577511127036467,6.8,-3.04,-1.0,0.0,0.0,0.0,6.8,-1.04,-1.0,0.0,0.0,0.0,6.8,0.96,-1.0,0.0,0.0,0.0,6.8,-3.04,1.0,0.0,0.0,0.0,6.8,-1.04,1.0,0.0,0.0,0.0,6.8,0.96,1.0,0.0,0.0,0.0,6.53,-6.34,-1.0,0.0,0.0,0.0,6.53,-4.34,-1.0,0.0,0.0,0.0,6.53,-2.34,-1.0,0.0,0.0,0.0,6.53,-0.34,-1.0,0.0,0.0,0.0,6.53,-6.34,1.0,0.0,0.0,0.0,6.53,-4.34,1.0,0.0,0.0,0.0,6.53,-2.34,1.0,0.0,0.0,0.0,6.53,-0.34,1.0,0.0,0.0,0.0,-1.41,-1.96,-1.0,0.0,0.0,0.0,-1.41,0.04,-1.0,0.0,0.0,0.0,-1.41,2.04,-1.0,0.0,0.0,0.0,-1.41,-1.96,1.0,0.0,0.0,0.0,-1.41,0.04,1.0,0.0,0.0,0.0,-1.41,2.04,1.0,0.0,0.0,0.0,2.69,1.1905999999994836,0.6492000000001587,0.0,1.0900000000000354,0.38000000000004697,2.69,3.1906000000001833,0.6492000000001587,0.0,1.0900000000000354,0.38000000000004697,9.96,7.5466000000005895,-0.2539999999999628,0.0,1.9900000000001583,-0.09999999999998899,9.96,9.546600000000558,-0.2539999999999628,0.0,1.9900000000001583,-0.09999999999998899,-4.73,-1.1730000000002132,0.01839999999990779,0.0,0.5500000000000504,-0.2400000000000006,-4.73,0.82700000000022,0.01839999999990779,0.0,0.5500000000000504,-0.2400000000000006,0,0,0,0,0,0,0,0,0,0,0,0,0,0,0,0,0,0,0,0,0,0,0,0,0,0,0,0,0,0,0,0,0,0,0,0,0,0,0,0,0,0,0,0,0,0,0,0,0,0,0,0,0,0,0,0,0,0,0,0,0,0,0,0,0,0,0,0,0,0,0,0,0,0,0,0,0,0,0,0,0,0,0,0,0,0,0,0,0,0,0,0,0,0,0,0,0,0,0,0,0,0,0,0,0,0,0,0,0,0,0,0,0,0,0,0,0,0,0,0,0,0,0,0,0,0,0,0,0,0,0,0,0,0,0,0,0,0,0,0,0,0,0,0
11.700900973,4.422518796092271,-0.9483684865933781,-3.124180283098914,4.136019565891047,0.7436659313787564,0.26528314513551976,4.136019565890632,0.7436659313787346,0.2652831451356482,3.4101685236309534,0.7436659313787346,0.3066977012965708,2.9360855024352777,0.5008360859339938,1.5699490735095,6.8,-3.04,-1.0,0.0,0.0,0.0,6.8,-1.04,-1.0,0.0,0.0,0.0,6.8,0.96,-1.0,0.0,0.0,0.0,6.8,-3.04,1.0,0.0,0.0,0.0,6.8,-1.04,1.0,0.0,0.0,0.0,6.8,0.96,1.0,0.0,0.0,0.0,6.53,-6.34,-1.0,0.0,0.0,0.0,6.53,-4.34,-1.0,0.0,0.0,0.0,6.53,-2.34,-1.0,0.0,0.0,0.0,6.53,-0.34,-1.0,0.0,0.0,0.0,6.53,-6.34,1.0,0.0,0.0,0.0,6.53,-4.34,1.0,0.0,0.0,0.0,6.53,-2.34,1.0,0.0,0.0,0.0,6.53,-0.34,1.0,0.0,0.0,0.0,-1.41,-1.96,-1.0,0.0,0.0,0.0,-1.41,0.04,-1.0,0.0,0.0,0.0,-1.41,2.04,-1.0,0.0,0.0,0.0,-1.41,-1.96,1.0,0.0,0.0,0.0,-1.41,0.04,1.0,0.0,0.0,0.0,-1.41,2.04,1.0,0.0,0.0,0.0,2.69,1.2777999999994865,0.6796000000001624,0.0,1.0900000000000354,0.38000000000004697,2.69,3.277800000000186,0.6796000000001624,0.0,1.0900000000000354,0.38000000000004697,9.96,7.705800000000602,-0.26199999999996193,0.0,1.9900000000001583,-0.09999999999998899,9.96,9.70580000000057,-0.26199999999996193,0.0,1.9900000000001583,-0.09999999999998899,-4.73,-1.1290000000002092,-0.0008000000000922366,0.0,0.5500000000000504,-0.23999999999999994,-4.73,0.871000000000224,-0.0008000000000922366,0.0,0.5500000000000504,-0.23999999999999994,0,0,0,0,0,0,0,0,0,0,0,0,0,0,0,0,0,0,0,0,0,0,0,0,0,0,0,0,0,0,0,0,0,0,0,0,0,0,0,0,0,0,0,0,0,0,0,0,0,0,0,0,0,0,0,0,0,0,0,0,0,0,0,0,0,0,0,0,0,0,0,0,0,0,0,0,0,0,0,0,0,0,0,0,0,0,0,0,0,0,0,0,0,0,0,0,0,0,0,0,0,0,0,0,0,0,0,0,0,0,0,0,0,0,0,0,0,0,0,0,0,0,0,0,0,0,0,0,0,0,0,0,0,0,0,0,0,0,0,0,0,0,0,0
11.800887162,4.750056361363518,-0.8871631347234976,-3.099613631488074,4.060019565890194,0.7825767804601202,0.34128314513548474,4.060019565890633,0.7825767804601651,0.3412831451356482,3.413243104350981,0.7825767804601651,0.39935492975538933,2.7535844356437904,0.46786308287996964,1.559835234815805,6.8,-3.04,-1.0,0.0,0.0,0.0,6.8,-1.04,-1.0,0.0,0.0,0.0,6.8,0.96,-1.0,0.0,0.0,0.0,6.8,-3.04,1.0,0.0,0.0,0.0,6.8,-1.04,1.0,0.0,0.0,0.0,6.8,0.96,1.0,0.0,0.0,0.0,6.53,-6.34,-1.0,0.0,0.0,0.0,6.53,-4.34,-1.0,0.0,0.0,0.0,6.53,-2.34,-1.0,0.0,0.0,0.0,6.53,-0.34,-1.0,0.0,0.0,0.0,6.53,-6.34,1.0,0.0,0.0,0.0,6.53,-4.34,1.0,0.0,0.0,0.0,6.53,-2.34,1.0,0.0,0.0,0.0,6.53,-0.34,1.0,0.0,0.0,0.0,-1.41,-1.96,-1.0,0.0,0.0,0.0,-1.41,0.04,-1.0,0.0,0.0,0.0,-1.41,2.04,-1.0,0.0,0.0,0.0,-1.41,-1.96,1.0,0.0,0.0,0.0,-1.41,0.04,1.0,0.0,0.0,0.0,-1.41,2.04,1.0,0.0,0.0,0.0,2.69,1.3649999999994893,0.7100000000001662,0.0,1.0900000000000354,0.38000000000004697,2.69,3.365000000000189,0.7100000000001662,0.0,1.0900000000000354,0.38000000000004697,9.96,7.865000000000615,-0.26999999999996105,0.0,1.9900000000001583,-0.09999999999998899,9.96,9.865000000000583,-0.26999999999996105,0.0,1.9900000000001583,-0.09999999999998899,-4.73,-1.0850000000002051,-0.020000000000092263,0.0,0.5500000000000504,-0.2400000000000006,-4.73,0.9150000000002281,-0.020000000000092263,0.0,0.5500000000000504,-0.2400000000000006,0,0,0,0,0,0,0,0,0,0,0,0,0,0,0,0,0,0,0,0,0,0,0,0,0,0,0,0,0,0,0,0,0,0,0,0,0,0,0,0,0,0,0,0,0,0,0,0,0,0,0,0,0,0,0,0,0,0,0,0,0,0,0,0,0,0,0,0,0,0,0,0,0,0,0,0,0,0,0,0,0,0,0,0,0,0,0,0,0,0,0,0,0,0,0,0,0,0,0,0,0,0,0,0,0,0,0,0,0,0,0,0,0,0,0,0,0,0,0,0,0,0,0,0,0,0,0,0,0,0,0,0,0,0,0,0,0,0,0,0,0,0,0,0
11.901241561,5.1511303179525445,-0.8138334566774843,-3.070413316974518,3.972019565890328,0.6945767804601433,0.2532831451356188,3.9720195658906325,0.6945767804601651,0.2532831451356482,3.116028205015185,0.3257258824020117,0.24552063828627757,2.574221574744614,0.4337993576059973,1.5455407764298434,6.8,-3.04,-1.0,0.0,0.0,0.0,6.8,-1.04,-1.0,0.0,0.0,0.0,6.8,0.96,-1.0,0.0,0.0,0.0,6.8,-3.04,1.0,0.0,0.0,0.0,6.8,-1.04,1.0,0.0,0.0,0.0,6.8,0.96,1.0,0.0,0.0,0.0,6.53,-6.34,-1.0,0.0,0.0,0.0,6.53,-4.34,-1.0,0.0,0.0,0.0,6.53,-2.34,-1.0,0.0,0.0,0.0,6.53,-0.34,-1.0,0.0,0.0,0.0,6.53,-6.34,1.0,0.0,0.0,0.0,6.53,-4.34,1.0,0.0,0.0,0.0,6.53,-2.34,1.0,0.0,0.0,0.0,6.53,-0.34,1.0,0.0,0.0,0.0,-1.41,-1.96,-1.0,0.0,0.0,0.0,-1.41,0.04,-1.0,0.0,0.0,0.0,-1.41,2.04,-1.0,0.0,0.0,0.0,-1.41,-1.96,1.0,0.0,0.0,0.0,-1.41,0.04,1.0,0.0,0.0,0.0,-1.41,2.04,1.0,0.0,0.0,0.0,2.69,1.4739999999994928,0.7480000000001709,0.0,1.0900000000000354,0.38000000000004697,2.69,3.4740000000001925,0.7480000000001709,0.0,1.0900000000000354,0.38000000000004697,9.96,8.064000000000602,-0.27999999999995995,0.0,1.9899999999992701,-0.09999999999998899,9.96,10.064000000000572,-0.27999999999995995,0.0,1.9899999999992701,-0.09999999999998899,-4.73,-1.0300000000002,-0.04400000000009214,0.0,0.5500000000000504,-0.23999999999999716,-4.73,0.9700000000002331,-0.04400000000009214,0.0,0.5500000000000504,-0.23999999999999716,0,0,0,0,0,0,0,0,0,0,0,0,0,0,0,0,0,0,0,0,0,0,0,0,0,0,0,0,0,0,0,0,0,0,0,0,0,0,0,0,0,0,0,0,0,0,0,0,0,0,0,0,0,0,0,0,0,0,0,0,0,0,0,0,0,0,0,0,0,0,0,0,0,0,0,0,0,0,0,0,0,0,0,0,0,0,0,0,0,0,0,0,0,0,0,0,0,0,0,0,0,0,0,0,0,0,0,0,0,0,0,0,0,0,0,0,0,0,0,0,0,0,0,0,0,0,0,0,0,0,0,0,0,0,0,0,0,0,0,0,0,0,0,0
12.000996082,5.464751883223805,-0.7541273142406713,-3.047747786351975,3.8820195658910706,0.7845767804601778,0.305519645389829,3.8820195658906327,0.7845767804601651,0.30551964538984944,2.8871863417561734,0.8127239979973457,0.30551964538984944,2.392658684496605,0.401360114095061,1.533180393326174,6.8,-3.04,-1.0,0.0,0.0,0.0,6.8,-1.04,-1.0,0.0,0.0,0.0,6.8,0.96,-1.0,0.0,0.0,0.0,6.8,-3.04,1.0,0.0,0.0,0.0,6.8,-1.04,1.0,0.0,0.0,0.0,6.8,0.96,1.0,0.0,0.0,0.0,6.53,-6.34,-1.0,0.0,0.0,0.0,6.53,-4.34,-1.0,0.0,0.0,0.0,6.53,-2.34,-1.0,0.0,0.0,0.0,6.53,-0.34,-1.0,0.0,0.0,0.0,6.53,-6.34,1.0,0.0,0.0,0.0,6.53,-4.34,1.0,0.0,0.0,0.0,6.53,-2.34,1.0,0.0,0.0,0.0,6.53,-0.34,1.0,0.0,0.0,0.0,-1.41,-1.96,-1.0,0.0,0.0,0.0,-1.41,0.04,-1.0,0.0,0.0,0.0,-1.41,2.04,-1.0,0.0,0.0,0.0,-1.41,-1.96,1.0,0.0,0.0,0.0,-1.41,0.04,1.0,0.0,0.0,0.0,-1.41,2.04,1.0,0.0,0.0,0.0,2.69,1.5611999999994957,0.7784000000001746,0.0,1.0900000000000354,0.38000000000004697,2.69,3.5612000000001953,0.7784000000001746,0.0,1.0900000000000354,0.38000000000004697,9.96,8.223200000000544,-0.28799999999995907,0.0,1.9899999999992701,-0.09999999999998899,9.96,10.223200000000514,-0.28799999999995907,0.0,1.9899999999992701,-0.09999999999998899,-4.73,-0.986000000000196,-0.06320000000009193,0.0,0.5500000000000504,-0.23999999999999924,-4.73,1.0140000000002372,-0.06320000000009193,0.0,0.5500000000000504,-0.23999999999999924,0,0,0,0,0,0,0,0,0,0,0,0,0,0,0,0,0,0,0,0,0,0,0,0,0,0,0,0,0,0,0,0,0,0,0,0,0,0,0,0,0,0,0,0,0,0,0,0,0,0,0,0,0,0,0,0,0,0,0,0,0,0,0,0,0,0,0,0,0,0,0,0,0,0,0,0,0,0,0,0,0,0,0,0,0,0,0,0,0,0,0,0,0,0,0,0,0,0,0,0,0,0,0,0,0,0,0,0,0,0,0,0,0,0,0,0,0,0,0,0,0,0,0,0,0,0,0,0,0,0,0,0,0,0,0,0,0,0,0,0,0,0,0,0
12.103586161,5.77202044849509,-0.6946541718038572,-3.0200132147207883,3.793019565891065,0.695576780460172,0.39451964538983475,3.7930195658906327,0.6955767804601651,0.3945196453898494,2.8291324509319176,0.39251291987652603,0.4101280247956254,2.2268628529462413,0.36882560092550376,1.5206659368993942,6.8,-3.04,-1.0,0.0,0.0,0.0,6.8,-1.04,-1.0,0.0,0.0,0.0,6.8,0.96,-1.0,0.0,0.0,0.0,6.8,-3.04,1.0,0.0,0.0,0.0,6.8,-1.04,1.0,0.0,0.0,0.0,6.8,0.96,1.0,0.0,0.0,0.0,6.53,-6.34,-1.0,0.0,0.0,0.0,6.53,-4.34,-1.0,0.0,0.0,0.0,6.53,-2.34,-1.0,0.0,0.0,0.0,6.53,-0.34,-1.0,0.0,0.0,0.0,6.53,-6.34,1.0,0.0,0.0,0.0,6.53,-4.34,1.0,0.0,0.0,0.0,6.53,-2.34,1.0,0.0,0.0,0.0,6.53,-0.34,1.0,0.0,0.0,0.0,-1.41,-1.96,-1.0,0.0,0.0,0.0,-1.41,0.04,-1.0,0.0,0.0,0.0,-1.41,2.04,-1.0,0.0,0.0,0.0,-1.41,-1.96,1.0,0.0,0.0,0.0,-1.41,0.04,1.0,0.0,0.0,0.0,-1.41,2.04,1.0,0.0,0.0,0.0,2.69,1.6701999999994992,0.8164000000001793,0.0,1.0900000000000354,0.38000000000004697,2.69,3.648400000000198,0.8088000000001784,0.0,1.0900000000000354,0.38000000000004697,9.96,8.382400000000485,-0.2959999999999582,0.0,1.9899999999992701,-0.09999999999998899,9.96,10.382400000000455,-0.2959999999999582,0.0,1.9899999999992701,-0.09999999999998899,-4.73,-0.931000000000191,-0.08720000000009234,0.0,0.5500000000000504,-0.24000000000000415,-4.73,1.0580000000002412,-0.08240000000009226,0.0,0.5500000000000504,-0.24000000000000415,0,0,0,0,0,0,0,0,0,0,0,0,0,0,0,0,0,0,0,0,0,0,0,0,0,0,0,0,0,0,0,0,0,0,0,0,0,0,0,0,0,0,0,0,0,0,0,0,0,0,0,0,0,0,0,0,0,0,0,0,0,0,0,0,0,0,0,0,0,0,0,0,0,0,0,0,0,0,0,0,0,0,0,0,0,0,0,0,0,0,0,0,0,0,0,0,0,0,0,0,0,0,0,0,0,0,0,0,0,0,0,0,0,0,0,0,0,0,0,0,0,0,0,0,0,0,0,0,0,0,0,0,0,0,0,0,0,0,0,0,0,0,0,0
12.201860632,6.072382013766371,-0.6359280293670437,-2.9853716430895973,3.71601956589096,0.7725767804601658,0.4715196453899395,3.7160195658906328,0.7725767804601651,0.4715196453898494,2.495851057024902,0.8801521064176789,0.5831646282417626,2.0741630703105987,0.3400235297070968,1.505864151083801,6.8,-3.04,-1.0,0.0,0.0,0.0,6.8,-1.04,-1.0,0.0,0.0,0.0,6.8,0.96,-1.0,0.0,0.0,0.0,6.8,-3.04,1.0,0.0,0.0,0.0,6.8,-1.04,1.0,0.0,0.0,0.0,6.8,0.96,1.0,0.0,0.0,0.0,6.53,-6.34,-1.0,0.0,0.0,0.0,6.53,-4.34,-1.0,0.0,0.0,0.0,6.53,-2.34,-1.0,0.0,0.0,0.0,6.53,-0.34,-1.0,0.0,0.0,0.0,6.53,-6.34,1.0,0.0,0.0,0.0,6.53,-4.34,1.0,0.0,0.0,0.0,6.53,-2.34,1.0,0.0,0.0,0.0,6.53,-0.34,1.0,0.0,0.0,0.0,-1.41,-1.96,-1.0,0.0,0.0,0.0,-1.41,0.04,-1.0,0.0,0.0,0.0,-1.41,2.04,-1.0,0.0,0.0,0.0,-1.41,-1.96,1.0,0.0,0.0,0.0,-1.41,0.04,1.0,0.0,0.0,0.0,-1.41,2.04,1.0,0.0,0.0,0.0,2.69,1.7355999999995013,0.8392000000001821,0.0,1.0900000000000354,0.38000000000004697,2.69,3.735600000000201,0.8392000000001821,0.0,1.0900000000000354,0.38000000000004697,9.96,8.541600000000427,-0.3039999999999573,0.0,1.9899999999992701,-0.09999999999998899,9.96,10.541600000000397,-0.3039999999999573,0.0,1.9899999999992701,-0.09999999999998899,-4.73,-0.898000000000188,-0.10160000000009259,0.0,0.5500000000000504,-0.24000000000000415,-4.73,1.1020000000002452,-0.10160000000009259,0.0,0.5500000000000504,-0.24000000000000415,0,0,0,0,0,0,0,0,0,0,0,0,0,0,0,0,0,0,0,0,0,0,0,0,0,0,0,0,0,0,0,0,0,0,0,0,0,0,0,0,0,0,0,0,0,0,0,0,0,0,0,0,0,0,0,0,0,0,0,0,0,0,0,0,0,0,0,0,0,0,0,0,0,0,0,0,0,0,0,0,0,0,0,0,0,0,0,0,0,0,0,0,0,0,0,0,0,0,0,0,0,0,0,0,0,0,0,0,0,0,0,0,0,0,0,0,0,0,0,0,0,0,0,0,0,0,0,0,0,0,0,0,0,0,0,0,0,0,0,0,0,0,0,0
12.300959653,6.366232579037628,-0.57755288693023,-2.9442190714584027,3.6430195658905262,0.699576780460176,0.5445196453899293,3.643019565890633,0.6995767804601651,0.5445196453898494,2.465925554596522,0.10890999028501946,0.7367084380315911,1.9377968561555776,0.3125559772203007,1.489385184027069,6.8,-3.04,-1.0,0.0,0.0,0.0,6.8,-1.04,-1.0,0.0,0.0,0.0,6.8,0.96,-1.0,0.0,0.0,0.0,6.8,-3.04,1.0,0.0,0.0,0.0,6.8,-1.04,1.0,0.0,0.0,0.0,6.8,0.96,1.0,0.0,0.0,0.0,6.53,-6.34,-1.0,0.0,0.0,0.0,6.53,-4.34,-1.0,0.0,0.0,0.0,6.53,-2.34,-1.0,0.0,0.0,0.0,6.53,-0.34,-1.0,0.0,0.0,0.0,6.53,-6.34,1.0,0.0,0.0,0.0,6.53,-4.34,1.0,0.0,0.0,0.0,6.53,-2.34,1.0,0.0,0.0,0.0,6.53,-0.34,1.0,0.0,0.0,0.0,-1.41,-1.96,-1.0,0.0,0.0,0.0,-1.41,0.04,-1.0,0.0,0.0,0.0,-1.41,2.04,-1.0,0.0,0.0,0.0,-1.41,-1.96,1.0,0.0,0.0,0.0,-1.41,0.04,1.0,0.0,0.0,0.0,-1.41,2.04,1.0,0.0,0.0,0.0,2.69,1.8227999999995042,0.8696000000001859,0.0,1.0900000000000354,0.38000000000004697,2.69,3.822800000000204,0.8696000000001859,0.0,1.0900000000000354,0.38000000000004697,9.96,8.700800000000369,-0.3119999999999564,0.0,1.9899999999992701,-0.09999999999998899,9.96,10.700800000000338,-0.3119999999999564,0.0,1.9899999999992701,-0.09999999999998899,-4.73,-0.854000000000184,-0.12080000000009292,0.0,0.5500000000000504,-0.24000000000000415,-4.73,1.1460000000002493,-0.12080000000009292,0.0,0.5500000000000504,-0.24000000000000415,0,0,0,0,0,0,0,0,0,0,0,0,0,0,0,0,0,0,0,0,0,0,0,0,0,0,0,0,0,0,0,0,0,0,0,0,0,0,0,0,0,0,0,0,0,0,0,0,0,0,0,0,0,0,0,0,0,0,0,0,0,0,0,0,0,0,0,0,0,0,0,0,0,0,0,0,0,0,0,0,0,0,0,0,0,0,0,0,0,0,0,0,0,0,0,0,0,0,0,0,0,0,0,0,0,0,0,0,0,0,0,0,0,0,0,0,0,0,0,0,0,0,0,0,0,0,0,0,0,0,0,0,0,0,0,0,0,0,0,0,0,0,0,0
12.401434549,6.653684144308869,-0.5255767444934167,-2.8966674998272075,3.5730195658905117,0.6295767804601615,0.6145196453899437,3.573019565890633,0.6295767804601651,0.6145196453898494,2.3488793686396163,0.17177775770116233,0.8661155007256753,1.7968471028687882,0.284928771172584,1.4691146776795567,6.8,-3.04,-1.0,0.0,0.0,0.0,6.8,-1.04,-1.0,0.0,0.0,0.0,6.8,0.96,-1.0,0.0,0.0,0.0,6.8,-3.04,1.0,0.0,0.0,0.0,6.8,-1.04,1.0,0.0,0.0,0.0,6.8,0.96,1.0,0.0,0.0,0.0,6.53,-6.34,-1.0,0.0,0.0,0.0,6.53,-4.34,-1.0,0.0,0.0,0.0,6.53,-2.34,-1.0,0.0,0.0,0.0,6.53,-0.34,-1.0,0.0,0.0,0.0,6.53,-6.34,1.0,0.0,0.0,0.0,6.53,-4.34,1.0,0.0,0.0,0.0,6.53,-2.34,1.0,0.0,0.0,0.0,6.53,-0.34,1.0,0.0,0.0,0.0,-1.41,-1.96,-1.0,0.0,0.0,0.0,-1.41,0.04,-1.0,0.0,0.0,0.0,-1.41,2.04,-1.0,0.0,0.0,0.0,-1.41,-1.96,1.0,0.0,0.0,0.0,-1.41,0.04,1.0,0.0,0.0,0.0,-1.41,2.04,1.0,0.0,0.0,0.0,2.69,1.909999999999507,0.9000000000001896,0.0,1.0900000000000354,0.38000000000004697,2.69,3.9100000000002066,0.9000000000001896,0.0,1.0900000000000354,0.38000000000004697,9.96,8.86000000000031,-0.31999999999995554,0.0,1.9899999999992701,-0.09999999999998899,9.96,10.86000000000028,-0.31999999999995554,0.0,1.9899999999992701,-0.09999999999998899,-4.73,-0.8100000000001799,-0.14000000000009238,0.0,0.5500000000000504,-0.23999999999999028,-4.73,1.1900000000002533,-0.14000000000009238,0.0,0.5500000000000504,-0.23999999999999028,0,0,0,0,0,0,0,0,0,0,0,0,0,0,0,0,0,0,0,0,0,0,0,0,0,0,0,0,0,0,0,0,0,0,0,0,0,0,0,0,0,0,0,0,0,0,0,0,0,0,0,0,0,0,0,0,0,0,0,0,0,0,0,0,0,0,0,0,0,0,0,0,0,0,0,0,0,0,0,0,0,0,0,0,0,0,0,0,0,0,0,0,0,0,0,0,0,0,0,0,0,0,0,0,0,0,0,0,0,0,0,0,0,0,0,0,0,0,0,0,0,0,0,0,0,0,0,0,0,0,0,0,0,0,0,0,0,0,0,0,0,0,0,0
12.503546718,6.935535709580112,-0.47920060205660414,-2.843515928196014,3.4780195658905555,0.5345767804601497,0.7095196453899,3.4780195658906328,0.5345767804601651,0.7095196453898494,2.18525417763067,0.20256762541568474,0.9168519396156758,1.6445737713184414,0.2577517580030271,1.443417592750484,6.8,-3.04,-1.0,0.0,0.0,0.0,6.8,-1.04,-1.0,0.0,0.0,0.0,6.8,0.96,-1.0,0.0,0.0,0.0,6.8,-3.04,1.0,0.0,0.0,0.0,6.8,-1.04,1.0,0.0,0.0,0.0,6.8,0.96,1.0,0.0,0.0,0.0,6.53,-6.34,-1.0,0.0,0.0,0.0,6.53,-4.34,-1.0,0.0,0.0,0.0,6.53,-2.34,-1.0,0.0,0.0,0.0,6.53,-0.34,-1.0,0.0,0.0,0.0,6.53,-6.34,1.0,0.0,0.0,0.0,6.53,-4.34,1.0,0.0,0.0,0.0,6.53,-2.34,1.0,0.0,0.0,0.0,6.53,-0.34,1.0,0.0,0.0,0.0,-1.41,-1.96,-1.0,0.0,0.0,0.0,-1.41,0.04,-1.0,0.0,0.0,0.0,-1.41,2.04,-1.0,0.0,0.0,0.0,-1.41,-1.96,1.0,0.0,0.0,0.0,-1.41,0.04,1.0,0.0,0.0,0.0,-1.41,2.04,1.0,0.0,0.0,0.0,2.69,1.9971999999995098,0.9304000000001934,0.0,1.0900000000000354,0.38000000000004697,2.69,3.9972000000002095,0.9304000000001934,0.0,1.0900000000000354,0.38000000000004697,9.96,9.019200000000252,-0.32799999999995466,0.0,1.9899999999992701,-0.09999999999998899,9.96,11.019200000000222,-0.32799999999995466,0.0,1.9899999999992701,-0.09999999999998899,-4.73,-0.7660000000001759,-0.1592000000000916,0.0,0.5500000000000504,-0.23999999999999028,-4.73,1.2450000000002583,-0.1640000000000914,0.0,0.5500000000000504,-0.23999999999999028,0,0,0,0,0,0,0,0,0,0,0,0,0,0,0,0,0,0,0,0,0,0,0,0,0,0,0,0,0,0,0,0,0,0,0,0,0,0,0,0,0,0,0,0,0,0,0,0,0,0,0,0,0,0,0,0,0,0,0,0,0,0,0,0,0,0,0,0,0,0,0,0,0,0,0,0,0,0,0,0,0,0,0,0,0,0,0,0,0,0,0,0,0,0,0,0,0,0,0,0,0,0,0,0,0,0,0,0,0,0,0,0,0,0,0,0,0,0,0,0,0,0,0,0,0,0,0,0,0,0,0,0,0,0,0,0,0,0,0,0,0,0,0,0
12.601571063,7.27865766616916,-0.43042292401058807,-2.7678839636570163,3.38801956589041,0.4445767804601708,0.7995196453900455,3.388019565890633,0.44457678046016513,0.7995196453898493,1.6882614675308196,0.41709207670853266,1.2419452485199916,1.4852788810704216,0.23238351449209005,1.4121794488852433,6.8,-3.04,-1.0,0.0,0.0,0.0,6.8,-1.04,-1.0,0.0,0.0,0.0,6.8,0.96,-1.0,0.0,0.0,0.0,6.8,-3.04,1.0,0.0,0.0,0.0,6.8,-1.04,1.0,0.0,0.0,0.0,6.8,0.96,1.0,0.0,0.0,0.0,6.53,-6.34,-1.0,0.0,0.0,0.0,6.53,-4.34,-1.0,0.0,0.0,0.0,6.53,-2.34,-1.0,0.0,0.0,0.0,6.53,-0.34,-1.0,0.0,0.0,0.0,6.53,-6.34,1.0,0.0,0.0,0.0,6.53,-4.34,1.0,0.0,0.0,0.0,6.53,-2.34,1.0,0.0,0.0,0.0,6.53,-0.34,1.0,0.0,0.0,0.0,-1.41,-1.96,-1.0,0.0,0.0,0.0,-1.41,0.04,-1.0,0.0,0.0,0.0,-1.41,2.04,-1.0,0.0,0.0,0.0,-1.41,-1.96,1.0,0.0,0.0,0.0,-1.41,0.04,1.0,0.0,0.0,0.0,-1.41,2.04,1.0,0.0,0.0,0.0,2.69,2.106199999999513,0.9684000000001981,0.0,1.0900000000000354,0.38000000000004697,2.69,4.10620000000017,0.9684000000001981,0.0,1.0899999999995913,0.38000000000004697,9.96,9.218200000000179,-0.33799999999995356,0.0,1.9899999999992701,-0.09999999999998899,9.96,11.218200000000149,-0.33799999999995356,0.0,1.9899999999992701,-0.09999999999998899,-4.73,-0.7110000000001708,-0.18320000000009062,0.0,0.5500000000000504,-0.23999999999999028,-4.73,1.2890000000002624,-0.18320000000009062,0.0,0.5500000000000504,-0.23999999999999028,0,0,0,0,0,0,0,0,0,0,0,0,0,0,0,0,0,0,0,0,0,0,0,0,0,0,0,0,0,0,0,0,0,0,0,0,0,0,0,0,0,0,0,0,0,0,0,0,0,0,0,0,0,0,0,0,0,0,0,0,0,0,0,0,0,0,0,0,0,0,0,0,0,0,0,0,0,0,0,0,0,0,0,0,0,0,0,0,0,0,0,0,0,0,0,0,0,0,0,0,0,0,0,0,0,0,0,0,0,0,0,0,0,0,0,0,0,0,0,0,0,0,0,0,0,0,0,0,0,0,0,0,0,0,0,0,0,0,0,0,0,0,0,0
12.701285721,7.545784231440405,-0.39731303452064826,-2.700007392025825,3.301019565890684,0.3899933816407519,0.8865196453897717,3.3010195658906327,0.38999338164072705,0.8865196453898493,1.4960958696549729,0.38999338164072705,1.4745290928398052,1.3481889895674026,0.21357354755096708,1.3809963831349659,6.8,-3.04,-1.0,0.0,0.0,0.0,6.8,-1.04,-1.0,0.0,0.0,0.0,6.8,0.96,-1.0,0.0,0.0,0.0,6.8,-3.04,1.0,0.0,0.0,0.0,6.8,-1.04,1.0,0.0,0.0,0.0,6.8,0.96,1.0,0.0,0.0,0.0,6.53,-6.34,-1.0,0.0,0.0,0.0,6.53,-4.34,-1.0,0.0,0.0,0.0,6.53,-2.34,-1.0,0.0,0.0,0.0,6.53,-0.34,-1.0,0.0,0.0,0.0,6.53,-6.34,1.0,0.0,0.0,0.0,6.53,-4.34,1.0,0.0,0.0,0.0,6.53,-2.34,1.0,0.0,0.0,0.0,6.53,-0.34,1.0,0.0,0.0,0.0,-1.41,-1.96,-1.0,0.0,0.0,0.0,-1.41,0.04,-1.0,0.0,0.0,0.0,-1.41,2.04,-1.0,0.0,0.0,0.0,-1.41,-1.96,1.0,0.0,0.0,0.0,-1.41,0.04,1.0,0.0,0.0,0.0,-1.41,2.04,1.0,0.0,0.0,0.0,2.69,2.193399999999516,0.9988000000002019,0.0,1.0900000000000354,0.38000000000004697,2.69,4.193400000000137,0.9988000000002019,0.0,1.0899999999995913,0.38000000000004697,9.96,9.37740000000012,-0.3459999999999527,0.0,1.9899999999992701,-0.09999999999998899,9.96,11.37740000000009,-0.3459999999999527,0.0,1.9899999999992701,-0.09999999999998899,-4.73,-0.6670000000001668,-0.20240000000008984,0.0,0.5500000000000504,-0.23999999999999028,-4.73,1.3330000000002664,-0.20240000000008984,0.0,0.5500000000000504,-0.23999999999999028,0,0,0,0,0,0,0,0,0,0,0,0,0,0,0,0,0,0,0,0,0,0,0,0,0,0,0,0,0,0,0,0,0,0,0,0,0,0,0,0,0,0,0,0,0,0,0,0,0,0,0,0,0,0,0,0,0,0,0,0,0,0,0,0,0,0,0,0,0,0,0,0,0,0,0,0,0,0,0,0,0,0,0,0,0,0,0,0,0,0,0,0,0,0,0,0,0,0,0,0,0,0,0,0,0,0,0,0,0,0,0,0,0,0,0,0,0,0,0,0,0,0,0,0,0,0,0,0,0,0,0,0,0,0,0,0,0,0,0,0,0,0,0,0
12.801485202,7.806169796711655,-0.36980956398939047,-2.625389820394638,3.224019565890579,0.3129933816407027,0.9635196453898764,3.2240195658906328,0.31299338164072704,0.9635196453898492,1.3481889895674026,0.21357354755096708,1.3809963831349659,1.212253296233289,0.19690154704294077,1.3460143576086585,6.8,-3.04,-1.0,0.0,0.0,0.0,6.8,-1.04,-1.0,0.0,0.0,0.0,6.8,0.96,-1.0,0.0,0.0,0.0,6.8,-3.04,1.0,0.0,0.0,0.0,6.8,-1.04,1.0,0.0,0.0,0.0,6.8,0.96,1.0,0.0,0.0,0.0,6.53,-6.34,-1.0,0.0,0.0,0.0,6.53,-4.34,-1.0,0.0,0.0,0.0,6.53,-2.34,-1.0,0.0,0.0,0.0,6.53,-0.34,-1.0,0.0,0.0,0.0,6.53,-6.34,1.0,0.0,0.0,0.0,6.53,-4.34,1.0,0.0,0.0,0.0,6.53,-2.34,1.0,0.0,0.0,0.0,6.53,-0.34,1.0,0.0,0.0,0.0,-1.41,-1.96,-1.0,0.0,0.0,0.0,-1.41,0.04,-1.0,0.0,0.0,0.0,-1.41,2.04,-1.0,0.0,0.0,0.0,-1.41,-1.96,1.0,0.0,0.0,0.0,-1.41,0.04,1.0,0.0,0.0,0.0,-1.41,2.04,1.0,0.0,0.0,0.0,2.69,2.280599999999519,1.0292000000002055,0.0,1.0900000000000354,0.38000000000004697,2.69,4.2806000000001045,1.0292000000002055,0.0,1.0899999999995913,0.38000000000004697,9.96,9.536600000000062,-0.3539999999999518,0.0,1.9899999999992701,-0.09999999999998899,9.96,11.536600000000032,-0.3539999999999518,0.0,1.9899999999992701,-0.09999999999998899,-4.73,-0.6230000000001628,-0.22160000000008906,0.0,0.5500000000000504,-0.23999999999999028,-4.73,1.3770000000002705,-0.22160000000008906,0.0,0.5500000000000504,-0.23999999999999028,0,0,0,0,0,0,0,0,0,0,0,0,0,0,0,0,0,0,0,0,0,0,0,0,0,0,0,0,0,0,0,0,0,0,0,0,0,0,0,0,0,0,0,0,0,0,0,0,0,0,0,0,0,0,0,0,0,0,0,0,0,0,0,0,0,0,0,0,0,0,0,0,0,0,0,0,0,0,0,0,0,0,0,0,0,0,0,0,0,0,0,0,0,0,0,0,0,0,0,0,0,0,0,0,0,0,0,0,0,0,0,0,0,0,0,0,0,0,0,0,0,0,0,0,0,0,0,0,0,0,0,0,0,0,0,0,0,0,0,0,0,0,0,0
12.901532236,8.123320753300712,-0.34376122582531726,-2.52378685585565,3.1350195658905733,0.22399338164075244,1.0525196453898822,3.135019565890633,0.22399338164072705,1.0525196453898493,1.212253296233289,0.19690154704294077,1.3460143576086585,1.0662869157682122,0.18193134486910856,1.3035414735661153,6.8,-3.04,-1.0,0.0,0.0,0.0,6.8,-1.04,-1.0,0.0,0.0,0.0,6.8,0.96,-1.0,0.0,0.0,0.0,6.8,-3.04,1.0,0.0,0.0,0.0,6.8,-1.04,1.0,0.0,0.0,0.0,6.8,0.96,1.0,0.0,0.0,0.0,6.53,-6.34,-1.0,0.0,0.0,0.0,6.53,-4.34,-1.0,0.0,0.0,0.0,6.53,-2.34,-1.0,0.0,0.0,0.0,6.53,-0.34,-1.0,0.0,0.0,0.0,6.53,-6.34,1.0,0.0,0.0,0.0,6.53,-4.34,1.0,0.0,0.0,0.0,6.53,-2.34,1.0,0.0,0.0,0.0,6.53,-0.34,1.0,0.0,0.0,0.0,-1.41,-1.96,-1.0,0.0,0.0,0.0,-1.41,0.04,-1.0,0.0,0.0,0.0,-1.41,2.04,-1.0,0.0,0.0,0.0,-1.41,-1.96,1.0,0.0,0.0,0.0,-1.41,0.04,1.0,0.0,0.0,0.0,-1.41,2.04,1.0,0.0,0.0,0.0,2.69,2.3677999999995216,1.0596000000002093,0.0,1.0900000000000354,0.38000000000004697,2.69,4.367800000000072,1.0596000000002093,0.0,1.0899999999995913,0.38000000000004697,9.96,9.695800000000004,-0.3619999999999509,0.0,1.9899999999992701,-0.09999999999998899,9.96,11.695799999999974,-0.3619999999999509,0.0,1.9899999999992701,-0.09999999999998899,-4.73,-0.5680000000001577,-0.24560000000008808,0.0,0.5500000000000504,-0.23999999999999028,-4.73,1.4210000000002745,-0.24080000000008828,0.0,0.5500000000000504,-0.23999999999999028,0,0,0,0,0,0,0,0,0,0,0,0,0,0,0,0,0,0,0,0,0,0,0,0,0,0,0,0,0,0,0,0,0,0,0,0,0,0,0,0,0,0,0,0,0,0,0,0,0,0,0,0,0,0,0,0,0,0,0,0,0,0,0,0,0,0,0,0,0,0,0,0,0,0,0,0,0,0,0,0,0,0,0,0,0,0,0,0,0,0,0,0,0,0,0,0,0,0,0,0,0,0,0,0,0,0,0,0,0,0,0,0,0,0,0,0,0,0,0,0,0,0,0,0,0,0,0,0,0,0,0,0,0,0,0,0,0,0,0,0,0,0,0,0
13.001425882,8.369754318571987,-0.3278607330590963,-2.4352172842244673,3.044019565891176,0.18193134486910179,1.1435196453897234,3.0440195658906326,0.18193134486910856,1.1435196453898493,1.0662869157682122,0.18193134486910856,1.3035414735661153,0.9289345646519722,0.17120863276773635,1.2587358689916557,6.8,-3.04,-1.0,0.0,0.0,0.0,6.8,-1.04,-1.0,0.0,0.0,0.0,6.8,0.96,-1.0,0.0,0.0,0.0,6.8,-3.04,1.0,0.0,0.0,0.0,6.8,-1.04,1.0,0.0,0.0,0.0,6.8,0.96,1.0,0.0,0.0,0.0,6.53,-6.34,-1.0,0.0,0.0,0.0,6.53,-4.34,-1.0,0.0,0.0,0.0,6.53,-2.34,-1.0,0.0,0.0,0.0,6.53,-0.34,-1.0,0.0,0.0,0.0,6.53,-6.34,1.0,0.0,0.0,0.0,6.53,-4.34,1.0,0.0,0.0,0.0,6.53,-2.34,1.0,0.0,0.0,0.0,6.53,-0.34,1.0,0.0,0.0,0.0,-1.41,-1.96,-1.0,0.0,0.0,0.0,-1.41,0.04,-1.0,0.0,0.0,0.0,-1.41,2.04,-1.0,0.0,0.0,0.0,-1.41,-1.96,1.0,0.0,0.0,0.0,-1.41,0.04,1.0,0.0,0.0,0.0,-1.41,2.04,1.0,0.0,0.0,0.0,2.69,2.476799999999525,1.097600000000214,0.0,1.0900000000000354,0.38000000000004697,2.69,4.476800000000031,1.097600000000214,0.0,1.0899999999995913,0.38000000000004697,9.96,9.89479999999993,-0.3719999999999498,0.0,1.9899999999992701,-0.09999999999998899,9.96,11.8947999999999,-0.3719999999999498,0.0,1.9899999999992701,-0.09999999999998899,-4.73,-0.5240000000001537,-0.264800000000089,0.0,0.5500000000000504,-0.24000000000001798,-4.73,1.4760000000002795,-0.264800000000089,0.0,0.5500000000000504,-0.24000000000001798,0,0,0,0,0,0,0,0,0,0,0,0,0,0,0,0,0,0,0,0,0,0,0,0,0,0,0,0,0,0,0,0,0,0,0,0,0,0,0,0,0,0,0,0,0,0,0,0,0,0,0,0,0,0,0,0,0,0,0,0,0,0,0,0,0,0,0,0,0,0,0,0,0,0,0,0,0,0,0,0,0,0,0,0,0,0,0,0,0,0,0,0,0,0,0,0,0,0,0,0,0,0,0,0,0,0,0,0,0,0,0,0,0,0,0,0,0,0,0,0,0,0,0,0,0,0,0,0,0,0,0,0,0,0,0,0,0,0,0,0,0,0,0,0
13.101157524,8.609620883843267,-0.3137673020899258,-2.340080712593275,2.9590195658908414,0.17120863276776088,1.2285196453900582,2.9590195658906326,0.17120863276773635,1.2285196453898493,0.9289345646519722,0.17120863276773635,1.2587358689916557,0.7938147037527683,0.1626568471154644,1.2096040045945056,6.8,-3.04,-1.0,0.0,0.0,0.0,6.8,-1.04,-1.0,0.0,0.0,0.0,6.8,0.96,-1.0,0.0,0.0,0.0,6.8,-3.04,1.0,0.0,0.0,0.0,6.8,-1.04,1.0,0.0,0.0,0.0,6.8,0.96,1.0,0.0,0.0,0.0,6.53,-6.34,-1.0,0.0,0.0,0.0,6.53,-4.34,-1.0,0.0,0.0,0.0,6.53,-2.34,-1.0,0.0,0.0,0.0,6.53,-0.34,-1.0,0.0,0.0,0.0,6.53,-6.34,1.0,0.0,0.0,0.0,6.53,-4.34,1.0,0.0,0.0,0.0,6.53,-2.34,1.0,0.0,0.0,0.0,6.53,-0.34,1.0,0.0,0.0,0.0,-1.41,-1.96,-1.0,0.0,0.0,0.0,-1.41,0.04,-1.0,0.0,0.0,0.0,-1.41,2.04,-1.0,0.0,0.0,0.0,-1.41,-1.96,1.0,0.0,0.0,0.0,-1.41,0.04,1.0,0.0,0.0,0.0,-1.41,2.04,1.0,0.0,0.0,0.0,2.69,2.563999999999528,1.1280000000002177,0.0,1.0900000000000354,0.38000000000004697,2.69,4.563999999999998,1.1280000000002177,0.0,1.0899999999995913,0.38000000000004697,9.96,10.053999999999872,-0.37999999999994893,0.0,1.9899999999992701,-0.09999999999998899,9.96,12.053999999999842,-0.37999999999994893,0.0,1.9899999999992701,-0.09999999999998899,-4.73,-0.4800000000001517,-0.28400000000009046,0.0,0.549999999999995,-0.24000000000001798,-4.73,1.5200000000002836,-0.28400000000009046,0.0,0.5500000000000504,-0.24000000000001798,0,0,0,0,0,0,0,0,0,0,0,0,0,0,0,0,0,0,0,0,0,0,0,0,0,0,0,0,0,0,0,0,0,0,0,0,0,0,0,0,0,0,0,0,0,0,0,0,0,0,0,0,0,0,0,0,0,0,0,0,0,0,0,0,0,0,0,0,0,0,0,0,0,0,0,0,0,0,0,0,0,0,0,0,0,0,0,0,0,0,0,0,0,0,0,0,0,0,0,0,0,0,0,0,0,0,0,0,0,0,0,0,0,0,0,0,0,0,0,0,0,0,0,0,0,0,0,0,0,0,0,0,0,0,0,0,0,0,0,0,0,0,0,0
13.200677144,8.843197449114522,-0.30038702753763963,-2.242499019671503,2.8740195658905066,0.16265684711547213,1.2096040045945777,2.8740195658906327,0.1626568471154644,1.2096040045945056,0.7938147037527683,0.1626568471154644,1.2096040045945056,0.6729969113341854,0.1555995862992047,1.160826458956212,6.8,-3.04,-1.0,0.0,0.0,0.0,6.8,-1.04,-1.0,0.0,0.0,0.0,6.8,0.96,-1.0,0.0,0.0,0.0,6.8,-3.04,1.0,0.0,0.0,0.0,6.8,-1.04,1.0,0.0,0.0,0.0,6.8,0.96,1.0,0.0,0.0,0.0,6.53,-6.34,-1.0,0.0,0.0,0.0,6.53,-4.34,-1.0,0.0,0.0,0.0,6.53,-2.34,-1.0,0.0,0.0,0.0,6.53,-0.34,-1.0,0.0,0.0,0.0,6.53,-6.34,1.0,0.0,0.0,0.0,6.53,-4.34,1.0,0.0,0.0,0.0,6.53,-2.34,1.0,0.0,0.0,0.0,6.53,-0.34,1.0,0.0,0.0,0.0,-1.41,-1.96,-1.0,0.0,0.0,0.0,-1.41,0.04,-1.0,0.0,0.0,0.0,-1.41,2.04,-1.0,0.0,0.0,0.0,-1.41,-1.96,1.0,0.0,0.0,0.0,-1.41,0.04,1.0,0.0,0.0,0.0,-1.41,2.04,1.0,0.0,0.0,0.0,2.69,2.651199999999531,1.1584000000002215,0.0,1.0900000000000354,0.38000000000004697,2.69,4.651199999999966,1.1584000000002215,0.0,1.0899999999995913,0.38000000000004697,9.96,10.213199999999814,-0.38799999999994805,0.0,1.9899999999992701,-0.09999999999998899,9.96,12.213199999999784,-0.38799999999994805,0.0,1.9899999999992701,-0.09999999999998899,-4.73,-0.4360000000001521,-0.3032000000000919,0.0,0.549999999999995,-0.24000000000001798,-4.73,1.5640000000002876,-0.3032000000000919,0.0,0.5500000000000504,-0.24000000000001798,0,0,0,0,0,0,0,0,0,0,0,0,0,0,0,0,0,0,0,0,0,0,0,0,0,0,0,0,0,0,0,0,0,0,0,0,0,0,0,0,0,0,0,0,0,0,0,0,0,0,0,0,0,0,0,0,0,0,0,0,0,0,0,0,0,0,0,0,0,0,0,0,0,0,0,0,0,0,0,0,0,0,0,0,0,0,0,0,0,0,0,0,0,0,0,0,0,0,0,0,0,0,0,0,0,0,0,0,0,0,0,0,0,0,0,0,0,0,0,0,0,0,0,0,0,0,0,0,0,0,0,0,0,0,0,0,0,0,0,0,0,0,0,0
13.300923307,9.069719014385731,-0.28772734280921636,-2.148169576585844,2.8060195658898834,0.15559958629918214,1.160826458956432,2.8060195658906326,0.1555995862992047,1.160826458956212,0.6729969113341854,0.1555995862992047,1.160826458956212,0.5539721091326699,0.1488109305683383,1.1109678757966976,6.8,-3.04,-1.0,0.0,0.0,0.0,6.8,-1.04,-1.0,0.0,0.0,0.0,6.8,0.96,-1.0,0.0,0.0,0.0,6.8,-3.04,1.0,0.0,0.0,0.0,6.8,-1.04,1.0,0.0,0.0,0.0,6.8,0.96,1.0,0.0,0.0,0.0,6.53,-6.34,-1.0,0.0,0.0,0.0,6.53,-4.34,-1.0,0.0,0.0,0.0,6.53,-2.34,-1.0,0.0,0.0,0.0,6.53,-0.34,-1.0,0.0,0.0,0.0,6.53,-6.34,1.0,0.0,0.0,0.0,6.53,-4.34,1.0,0.0,0.0,0.0,6.53,-2.34,1.0,0.0,0.0,0.0,6.53,-0.34,1.0,0.0,0.0,0.0,-1.41,-1.96,-1.0,0.0,0.0,0.0,-1.41,0.04,-1.0,0.0,0.0,0.0,-1.41,2.04,-1.0,0.0,0.0,0.0,-1.41,-1.96,1.0,0.0,0.0,0.0,-1.41,0.04,1.0,0.0,0.0,0.0,-1.41,2.04,1.0,0.0,0.0,0.0,2.69,2.7383999999995337,1.1888000000002252,0.0,1.0900000000000354,0.38000000000004697,2.69,4.738399999999933,1.1888000000002252,0.0,1.0899999999995913,0.38000000000004697,9.96,10.372399999999756,-0.39599999999994717,0.0,1.9899999999992701,-0.09999999999998899,9.96,12.372399999999725,-0.39599999999994717,0.0,1.9899999999992701,-0.09999999999998899,-4.73,-0.3920000000001525,-0.32240000000009333,0.0,0.549999999999995,-0.24000000000001798,-4.73,1.6080000000002916,-0.32240000000009333,0.0,0.5500000000000504,-0.24000000000001798,0,0,0,0,0,0,0,0,0,0,0,0,0,0,0,0,0,0,0,0,0,0,0,0,0,0,0,0,0,0,0,0,0,0,0,0,0,0,0,0,0,0,0,0,0,0,0,0,0,0,0,0,0,0,0,0,0,0,0,0,0,0,0,0,0,0,0,0,0,0,0,0,0,0,0,0,0,0,0,0,0,0,0,0,0,0,0,0,0,0,0,0,0,0,0,0,0,0,0,0,0,0,0,0,0,0,0,0,0,0,0,0,0,0,0,0,0,0,0,0,0,0,0,0,0,0,0,0,0,0,0,0,0,0,0,0,0,0,0,0,0,0,0,0
13.403163509,9.290640579656957,-0.2755509221345153,-2.0572978031957243,2.717019565890766,0.14881093056834382,1.1109678757965646,2.7170195658906326,0.1488109305683383,1.1109678757966976,0.5539721091326699,0.1488109305683383,1.1109678757966976,0.43848330693118065,0.14238547533476595,1.063056936932836,6.8,-3.04,-1.0,0.0,0.0,0.0,6.8,-1.04,-1.0,0.0,0.0,0.0,6.8,0.96,-1.0,0.0,0.0,0.0,6.8,-3.04,1.0,0.0,0.0,0.0,6.8,-1.04,1.0,0.0,0.0,0.0,6.8,0.96,1.0,0.0,0.0,0.0,6.53,-6.34,-1.0,0.0,0.0,0.0,6.53,-4.34,-1.0,0.0,0.0,0.0,6.53,-2.34,-1.0,0.0,0.0,0.0,6.53,-0.34,-1.0,0.0,0.0,0.0,6.53,-6.34,1.0,0.0,0.0,0.0,6.53,-4.34,1.0,0.0,0.0,0.0,6.53,-2.34,1.0,0.0,0.0,0.0,6.53,-0.34,1.0,0.0,0.0,0.0,-1.41,-1.96,-1.0,0.0,0.0,0.0,-1.41,0.04,-1.0,0.0,0.0,0.0,-1.41,2.04,-1.0,0.0,0.0,0.0,-1.41,-1.96,1.0,0.0,0.0,0.0,-1.41,0.04,1.0,0.0,0.0,0.0,-1.41,2.04,1.0,0.0,0.0,0.0,2.69,2.847399999999537,1.22680000000023,0.0,1.0900000000000354,0.38000000000004697,2.69,4.8255999999999,1.219200000000229,0.0,1.0899999999995913,0.38000000000004697,9.96,10.571399999999683,-0.40599999999994607,0.0,1.9899999999992701,-0.09999999999998899,9.96,12.531599999999667,-0.4039999999999463,0.0,1.9899999999992701,-0.09999999999998899,-4.73,-0.3480000000001529,-0.3416000000000948,0.0,0.549999999999995,-0.24000000000001798,-4.73,1.6520000000002957,-0.3416000000000948,0.0,0.5500000000000504,-0.24000000000001798,0,0,0,0,0,0,0,0,0,0,0,0,0,0,0,0,0,0,0,0,0,0,0,0,0,0,0,0,0,0,0,0,0,0,0,0,0,0,0,0,0,0,0,0,0,0,0,0,0,0,0,0,0,0,0,0,0,0,0,0,0,0,0,0,0,0,0,0,0,0,0,0,0,0,0,0,0,0,0,0,0,0,0,0,0,0,0,0,0,0,0,0,0,0,0,0,0,0,0,0,0,0,0,0,0,0,0,0,0,0,0,0,0,0,0,0,0,0,0,0,0,0,0,0,0,0,0,0,0,0,0,0,0,0,0,0,0,0,0,0,0,0,0,0
13.501419822,9.50521414492819,-0.2638645131669904,-1.9700493450533685,2.6350195658899622,0.14238547533473866,1.0630569369327603,2.635019565890633,0.14238547533476595,1.063056936932836,0.43848330693118065,0.14238547533476595,1.063056936932836,0.32207547538083237,0.13598972990043753,1.0153172870883034,6.8,-3.04,-1.0,0.0,0.0,0.0,6.8,-1.04,-1.0,0.0,0.0,0.0,6.8,0.96,-1.0,0.0,0.0,0.0,6.8,-3.04,1.0,0.0,0.0,0.0,6.8,-1.04,1.0,0.0,0.0,0.0,6.8,0.96,1.0,0.0,0.0,0.0,6.53,-6.34,-1.0,0.0,0.0,0.0,6.53,-4.34,-1.0,0.0,0.0,0.0,6.53,-2.34,-1.0,0.0,0.0,0.0,6.53,-0.34,-1.0,0.0,0.0,0.0,6.53,-6.34,1.0,0.0,0.0,0.0,6.53,-4.34,1.0,0.0,0.0,0.0,6.53,-2.34,1.0,0.0,0.0,0.0,6.53,-0.34,1.0,0.0,0.0,0.0,-1.41,-1.96,-1.0,0.0,0.0,0.0,-1.41,0.04,-1.0,0.0,0.0,0.0,-1.41,2.04,-1.0,0.0,0.0,0.0,-1.41,-1.96,1.0,0.0,0.0,0.0,-1.41,0.04,1.0,0.0,0.0,0.0,-1.41,2.04,1.0,0.0,0.0,0.0,2.69,2.9127999999995393,1.2496000000002327,0.0,1.0900000000000354,0.38000000000004697,2.69,4.9127999999998675,1.2496000000002327,0.0,1.0899999999995913,0.38000000000004697,9.96,10.690799999999639,-0.4119999999999454,0.0,1.9899999999992701,-0.09999999999998899,9.96,12.690799999999609,-0.4119999999999454,0.0,1.9899999999992701,-0.09999999999998899,-4.73,-0.3040000000001533,-0.3608000000000962,0.0,0.549999999999995,-0.24000000000001798,-4.73,1.6960000000002997,-0.3608000000000962,0.0,0.5500000000000504,-0.24000000000001798,0,0,0,0,0,0,0,0,0,0,0,0,0,0,0,0,0,0,0,0,0,0,0,0,0,0,0,0,0,0,0,0,0,0,0,0,0,0,0,0,0,0,0,0,0,0,0,0,0,0,0,0,0,0,0,0,0,0,0,0,0,0,0,0,0,0,0,0,0,0,0,0,0,0,0,0,0,0,0,0,0,0,0,0,0,0,0,0,0,0,0,0,0,0,0,0,0,0,0,0,0,0,0,0,0,0,0,0,0,0,0,0,0,0,0,0,0,0,0,0,0,0,0,0,0,0,0,0,0,0,0,0,0,0,0,0,0,0,0,0,0,0,0,0
